key,类目,a,b,k_a,k_b,n_a,n_b,占比_a%,占比_b%,差_pp,低_pp,高_pp,显著,类型
ADULT_RESTRICTED_CONTENT_ACCESS__1,ADULT_RESTRICTED_CONTENT_ACCESS__1,2025搜索,2025搜索随机1w,36,74,9998,10000,0.36,0.74,0.38,0.176,0.593,True,共有
ADULT_RESTRICTED_CONTENT_ACCESS__2,ADULT_RESTRICTED_CONTENT_ACCESS__2,2025搜索,2025搜索随机1w,11,1,9998,10000,0.11,0.01,-0.1,-0.187,-0.033,True,共有
ADULT_RESTRICTED_CONTENT_ACCESS__3,ADULT_RESTRICTED_CONTENT_ACCESS__3,2025搜索,2025搜索随机1w,17,4,9998,10000,0.17,0.04,-0.13,-0.235,-0.04,True,共有
ADULT_RESTRICTED_CONTENT_ACCESS__4,ADULT_RESTRICTED_CONTENT_ACCESS__4,2025搜索,2025搜索随机1w,14,27,9998,10000,0.14,0.27,0.13,0.003,0.265,True,共有
BARE_TITLE_LOOKUP__1,BARE_TITLE_LOOKUP__1,2025搜索,2025搜索随机1w,1050,817,9998,10000,10.502,8.17,-2.332,-3.139,-1.526,True,共有
BARE_TITLE_LOOKUP__2,BARE_TITLE_LOOKUP__2,2025搜索,2025搜索随机1w,328,350,9998,10000,3.281,3.5,0.219,-0.283,0.723,False,共有
BARE_TITLE_LOOKUP__3,BARE_TITLE_LOOKUP__3,2025搜索,2025搜索随机1w,1005,388,9998,10000,10.052,3.88,-6.172,-6.876,-5.474,True,共有
BARE_TITLE_LOOKUP__4,BARE_TITLE_LOOKUP__4,2025搜索,2025搜索随机1w,1307,465,9998,10000,13.073,4.65,-8.423,-9.205,-7.646,True,共有
BARE_TITLE_LOOKUP__5,BARE_TITLE_LOOKUP__5,2025搜索,2025搜索随机1w,161,265,9998,10000,1.61,2.65,1.04,0.641,1.444,True,共有
CAST_LOOKUP__1,CAST_LOOKUP__1,2025搜索,2025搜索随机1w,25,89,9998,10000,0.25,0.89,0.64,0.436,0.859,True,共有
CAST_LOOKUP__2,CAST_LOOKUP__2,2025搜索,2025搜索随机1w,165,188,9998,10000,1.65,1.88,0.23,-0.136,0.597,False,共有
CAST_LOOKUP__3,CAST_LOOKUP__3,2025搜索,2025搜索随机1w,56,104,9998,10000,0.56,1.04,0.48,0.234,0.733,True,共有
CAST_LOOKUP__4,CAST_LOOKUP__4,2025搜索,2025搜索随机1w,8,184,9998,10000,0.08,1.84,1.76,1.502,2.045,True,共有
FACT_VERIFICATION__1,FACT_VERIFICATION__1,2025搜索,2025搜索随机1w,0,29,9998,10000,0.0,0.29,0.29,0.194,0.416,True,b独有
FACT_VERIFICATION__2,FACT_VERIFICATION__2,2025搜索,2025搜索随机1w,8,73,9998,10000,0.08,0.73,0.65,0.482,0.841,True,共有
FACT_VERIFICATION__3,FACT_VERIFICATION__3,2025搜索,2025搜索随机1w,0,37,9998,10000,0.0,0.37,0.37,0.262,0.51,True,b独有
LIVE_TV_SPORTS__1,LIVE_TV_SPORTS__1,2025搜索,2025搜索随机1w,79,106,9998,10000,0.79,1.06,0.27,0.004,0.54,True,共有
LIVE_TV_SPORTS__2,LIVE_TV_SPORTS__2,2025搜索,2025搜索随机1w,88,32,9998,10000,0.88,0.32,-0.56,-0.783,-0.349,True,共有
NON_DRAMA_VIDEO__1,NON_DRAMA_VIDEO__1,2025搜索,2025搜索随机1w,238,1117,9998,10000,2.38,11.17,8.79,8.108,9.482,True,共有
NON_DRAMA_VIDEO__2,NON_DRAMA_VIDEO__2,2025搜索,2025搜索随机1w,20,169,9998,10000,0.2,1.69,1.49,1.231,1.771,True,共有
OTHER__1,OTHER__1,2025搜索,2025搜索随机1w,72,143,9998,10000,0.72,1.43,0.71,0.426,1.002,True,共有
OTHER__2,OTHER__2,2025搜索,2025搜索随机1w,56,83,9998,10000,0.56,0.83,0.27,0.039,0.506,True,共有
OTHER__3,OTHER__3,2025搜索,2025搜索随机1w,114,114,9998,10000,1.14,1.14,-0.0,-0.297,0.296,False,共有
OTHER__4,OTHER__4,2025搜索,2025搜索随机1w,104,202,9998,10000,1.04,2.02,0.98,0.642,1.326,True,共有
PLATFORM_HELP__1,PLATFORM_HELP__1,2025搜索,2025搜索随机1w,63,384,9998,10000,0.63,3.84,3.21,2.81,3.628,True,共有
PLATFORM_HELP__2,PLATFORM_HELP__2,2025搜索,2025搜索随机1w,72,246,9998,10000,0.72,2.46,1.74,1.399,2.094,True,共有
PLOT_INFO_QA__1,PLOT_INFO_QA__1,2025搜索,2025搜索随机1w,6,73,9998,10000,0.06,0.73,0.67,0.505,0.86,True,共有
PLOT_INFO_QA__2,PLOT_INFO_QA__2,2025搜索,2025搜索随机1w,7,91,9998,10000,0.07,0.91,0.84,0.656,1.049,True,共有
PLOT_INFO_QA__3,PLOT_INFO_QA__3,2025搜索,2025搜索随机1w,5,73,9998,10000,0.05,0.73,0.68,0.517,0.869,True,共有
PLOT_INFO_QA__4,PLOT_INFO_QA__4,2025搜索,2025搜索随机1w,76,139,9998,10000,0.76,1.39,0.63,0.345,0.922,True,共有
PLOT_INFO_QA__5,PLOT_INFO_QA__5,2025搜索,2025搜索随机1w,33,180,9998,10000,0.33,1.8,1.47,1.193,1.765,True,共有
RECOMMENDATION__1,RECOMMENDATION__1,2025搜索,2025搜索随机1w,20,22,9998,10000,0.2,0.22,0.02,-0.112,0.153,False,共有
RECOMMENDATION__2,RECOMMENDATION__2,2025搜索,2025搜索随机1w,19,26,9998,10000,0.19,0.26,0.07,-0.065,0.209,False,共有
RECOMMENDATION__3,RECOMMENDATION__3,2025搜索,2025搜索随机1w,43,14,9998,10000,0.43,0.14,-0.29,-0.449,-0.144,True,共有
RECOMMENDATION__4,RECOMMENDATION__4,2025搜索,2025搜索随机1w,60,75,9998,10000,0.6,0.75,0.15,-0.079,0.381,False,共有
RECOMMENDATION__5,RECOMMENDATION__5,2025搜索,2025搜索随机1w,37,59,9998,10000,0.37,0.59,0.22,0.028,0.418,True,共有
SCENE_CLIP_WATCH__1,SCENE_CLIP_WATCH__1,2025搜索,2025搜索随机1w,21,62,9998,10000,0.21,0.62,0.41,0.234,0.598,True,共有
SCENE_LOCATE__1,SCENE_LOCATE__1,2025搜索,2025搜索随机1w,7,153,9998,10000,0.07,1.53,1.46,1.225,1.722,True,共有
SCENE_LOCATE__2,SCENE_LOCATE__2,2025搜索,2025搜索随机1w,0,33,9998,10000,0.0,0.33,0.33,0.228,0.463,True,b独有
SITE_NAVIGATION__1,SITE_NAVIGATION__1,2025搜索,2025搜索随机1w,199,84,9998,10000,1.99,0.84,-1.15,-1.485,-0.826,True,共有
SITE_NAVIGATION__2,SITE_NAVIGATION__2,2025搜索,2025搜索随机1w,182,110,9998,10000,1.82,1.1,-0.72,-1.058,-0.389,True,共有
SITE_NAVIGATION__3,SITE_NAVIGATION__3,2025搜索,2025搜索随机1w,56,32,9998,10000,0.56,0.32,-0.24,-0.431,-0.056,True,共有
TITLE_IDENTIFICATION__1,TITLE_IDENTIFICATION__1,2025搜索,2025搜索随机1w,4,24,9998,10000,0.04,0.24,0.2,0.099,0.319,True,共有
TITLE_IDENTIFICATION__2,TITLE_IDENTIFICATION__2,2025搜索,2025搜索随机1w,5,45,9998,10000,0.05,0.45,0.4,0.268,0.554,True,共有
TITLE_IDENTIFICATION__3,TITLE_IDENTIFICATION__3,2025搜索,2025搜索随机1w,3,72,9998,10000,0.03,0.72,0.69,0.531,0.877,True,共有
TITLE_IDENTIFICATION__4,TITLE_IDENTIFICATION__4,2025搜索,2025搜索随机1w,2,90,9998,10000,0.02,0.9,0.88,0.705,1.085,True,共有
TITLE_IDENTIFICATION__5,TITLE_IDENTIFICATION__5,2025搜索,2025搜索随机1w,2,83,9998,10000,0.02,0.83,0.81,0.642,1.008,True,共有
WATCH_DIRECT__1,WATCH_DIRECT__1,2025搜索,2025搜索随机1w,883,776,9998,10000,8.832,7.76,-1.072,-1.837,-0.307,True,共有
WATCH_DIRECT__2,WATCH_DIRECT__2,2025搜索,2025搜索随机1w,1065,613,9998,10000,10.652,6.13,-4.522,-5.29,-3.757,True,共有
WATCH_DIRECT__3,WATCH_DIRECT__3,2025搜索,2025搜索随机1w,2020,675,9998,10000,20.204,6.75,-13.454,-14.383,-12.527,True,共有
WHERE_TO_WATCH__1,WHERE_TO_WATCH__1,2025搜索,2025搜索随机1w,48,69,9998,10000,0.48,0.69,0.21,-0.003,0.427,False,共有
WORK_FACT_QA__1,WORK_FACT_QA__1,2025搜索,2025搜索随机1w,11,82,9998,10000,0.11,0.82,0.71,0.529,0.912,True,共有
WORK_FACT_QA__2,WORK_FACT_QA__2,2025搜索,2025搜索随机1w,15,246,9998,10000,0.15,2.46,2.31,2.008,2.638,True,共有
WORK_FACT_QA__3,WORK_FACT_QA__3,2025搜索,2025搜索随机1w,72,308,9998,10000,0.72,3.08,2.36,1.989,2.746,True,共有
ADULT_RESTRICTED_CONTENT_ACCESS__1,ADULT_RESTRICTED_CONTENT_ACCESS__1,2025搜索,2026搜索,36,64,9998,9999,0.36,0.64,0.28,0.085,0.483,True,共有
ADULT_RESTRICTED_CONTENT_ACCESS__2,ADULT_RESTRICTED_CONTENT_ACCESS__2,2025搜索,2026搜索,11,11,9998,9999,0.11,0.11,-0.0,-0.1,0.1,False,共有
ADULT_RESTRICTED_CONTENT_ACCESS__3,ADULT_RESTRICTED_CONTENT_ACCESS__3,2025搜索,2026搜索,17,19,9998,9999,0.17,0.19,0.02,-0.103,0.144,False,共有
ADULT_RESTRICTED_CONTENT_ACCESS__4,ADULT_RESTRICTED_CONTENT_ACCESS__4,2025搜索,2026搜索,14,26,9998,9999,0.14,0.26,0.12,-0.006,0.253,False,共有
BARE_TITLE_LOOKUP__1,BARE_TITLE_LOOKUP__1,2025搜索,2026搜索,1050,998,9998,9999,10.502,9.981,-0.521,-1.362,0.32,False,共有
BARE_TITLE_LOOKUP__2,BARE_TITLE_LOOKUP__2,2025搜索,2026搜索,328,682,9998,9999,3.281,6.821,3.54,2.937,4.149,True,共有
BARE_TITLE_LOOKUP__3,BARE_TITLE_LOOKUP__3,2025搜索,2026搜索,1005,981,9998,9999,10.052,9.811,-0.241,-1.071,0.588,False,共有
BARE_TITLE_LOOKUP__4,BARE_TITLE_LOOKUP__4,2025搜索,2026搜索,1307,1064,9998,9999,13.073,10.641,-2.432,-3.328,-1.536,True,共有
BARE_TITLE_LOOKUP__5,BARE_TITLE_LOOKUP__5,2025搜索,2026搜索,161,314,9998,9999,1.61,3.14,1.53,1.111,1.957,True,共有
CAST_LOOKUP__1,CAST_LOOKUP__1,2025搜索,2026搜索,25,26,9998,9999,0.25,0.26,0.01,-0.135,0.155,False,共有
CAST_LOOKUP__2,CAST_LOOKUP__2,2025搜索,2026搜索,165,113,9998,9999,1.65,1.13,-0.52,-0.849,-0.196,True,共有
CAST_LOOKUP__3,CAST_LOOKUP__3,2025搜索,2026搜索,56,55,9998,9999,0.56,0.55,-0.01,-0.22,0.199,False,共有
CAST_LOOKUP__4,CAST_LOOKUP__4,2025搜索,2026搜索,8,17,9998,9999,0.08,0.17,0.09,-0.011,0.199,False,共有
FACT_VERIFICATION__1,FACT_VERIFICATION__1,2025搜索,2026搜索,0,1,9998,9999,0.0,0.01,0.01,-0.029,0.057,False,b独有
FACT_VERIFICATION__2,FACT_VERIFICATION__2,2025搜索,2026搜索,8,1,9998,9999,0.08,0.01,-0.07,-0.148,-0.009,True,共有
FACT_VERIFICATION__3,FACT_VERIFICATION__3,2025搜索,2026搜索,0,1,9998,9999,0.0,0.01,0.01,-0.029,0.057,False,b独有
LIVE_TV_SPORTS__1,LIVE_TV_SPORTS__1,2025搜索,2026搜索,79,154,9998,9999,0.79,1.54,0.75,0.454,1.054,True,共有
LIVE_TV_SPORTS__2,LIVE_TV_SPORTS__2,2025搜索,2026搜索,88,242,9998,9999,0.88,2.42,1.54,1.191,1.9,True,共有
NON_DRAMA_VIDEO__1,NON_DRAMA_VIDEO__1,2025搜索,2026搜索,238,186,9998,9999,2.38,1.86,-0.52,-0.923,-0.121,True,共有
NON_DRAMA_VIDEO__2,NON_DRAMA_VIDEO__2,2025搜索,2026搜索,20,10,9998,9999,0.2,0.1,-0.1,-0.218,0.01,False,共有
OTHER__1,OTHER__1,2025搜索,2026搜索,72,64,9998,9999,0.72,0.64,-0.08,-0.312,0.15,False,共有
OTHER__2,OTHER__2,2025搜索,2026搜索,56,64,9998,9999,0.56,0.64,0.08,-0.137,0.298,False,共有
OTHER__3,OTHER__3,2025搜索,2026搜索,114,120,9998,9999,1.14,1.2,0.06,-0.24,0.361,False,共有
OTHER__4,OTHER__4,2025搜索,2026搜索,104,88,9998,9999,1.04,0.88,-0.16,-0.434,0.112,False,共有
PLATFORM_HELP__1,PLATFORM_HELP__1,2025搜索,2026搜索,63,51,9998,9999,0.63,0.51,-0.12,-0.333,0.091,False,共有
PLATFORM_HELP__2,PLATFORM_HELP__2,2025搜索,2026搜索,72,43,9998,9999,0.72,0.43,-0.29,-0.506,-0.08,True,共有
PLOT_INFO_QA__1,PLOT_INFO_QA__1,2025搜索,2026搜索,6,7,9998,9999,0.06,0.07,0.01,-0.07,0.091,False,共有
PLOT_INFO_QA__2,PLOT_INFO_QA__2,2025搜索,2026搜索,7,4,9998,9999,0.07,0.04,-0.03,-0.108,0.042,False,共有
PLOT_INFO_QA__3,PLOT_INFO_QA__3,2025搜索,2026搜索,5,3,9998,9999,0.05,0.03,-0.02,-0.09,0.045,False,共有
PLOT_INFO_QA__4,PLOT_INFO_QA__4,2025搜索,2026搜索,76,63,9998,9999,0.76,0.63,-0.13,-0.365,0.102,False,共有
PLOT_INFO_QA__5,PLOT_INFO_QA__5,2025搜索,2026搜索,33,17,9998,9999,0.33,0.17,-0.16,-0.308,-0.021,True,共有
RECOMMENDATION__1,RECOMMENDATION__1,2025搜索,2026搜索,20,16,9998,9999,0.2,0.16,-0.04,-0.165,0.082,False,共有
RECOMMENDATION__2,RECOMMENDATION__2,2025搜索,2026搜索,19,18,9998,9999,0.19,0.18,-0.01,-0.135,0.115,False,共有
RECOMMENDATION__3,RECOMMENDATION__3,2025搜索,2026搜索,43,58,9998,9999,0.43,0.58,0.15,-0.048,0.352,False,共有
RECOMMENDATION__4,RECOMMENDATION__4,2025搜索,2026搜索,60,60,9998,9999,0.6,0.6,-0.0,-0.217,0.217,False,共有
RECOMMENDATION__5,RECOMMENDATION__5,2025搜索,2026搜索,37,39,9998,9999,0.37,0.39,0.02,-0.154,0.195,False,共有
SCENE_CLIP_WATCH__1,SCENE_CLIP_WATCH__1,2025搜索,2026搜索,21,15,9998,9999,0.21,0.15,-0.06,-0.186,0.061,False,共有
SCENE_LOCATE__1,SCENE_LOCATE__1,2025搜索,2026搜索,7,1,9998,9999,0.07,0.01,-0.06,-0.135,-0.001,True,共有
SCENE_LOCATE__2,SCENE_LOCATE__2,2025搜索,2026搜索,0,1,9998,9999,0.0,0.01,0.01,-0.029,0.057,False,b独有
SITE_NAVIGATION__1,SITE_NAVIGATION__1,2025搜索,2026搜索,199,185,9998,9999,1.99,1.85,-0.14,-0.523,0.241,False,共有
SITE_NAVIGATION__2,SITE_NAVIGATION__2,2025搜索,2026搜索,182,154,9998,9999,1.82,1.54,-0.28,-0.639,0.077,False,共有
SITE_NAVIGATION__3,SITE_NAVIGATION__3,2025搜索,2026搜索,56,63,9998,9999,0.56,0.63,0.07,-0.146,0.287,False,共有
TITLE_IDENTIFICATION__1,TITLE_IDENTIFICATION__1,2025搜索,2026搜索,4,4,9998,9999,0.04,0.04,-0.0,-0.067,0.067,False,共有
TITLE_IDENTIFICATION__2,TITLE_IDENTIFICATION__2,2025搜索,2026搜索,5,11,9998,9999,0.05,0.11,0.06,-0.023,0.151,False,共有
TITLE_IDENTIFICATION__3,TITLE_IDENTIFICATION__3,2025搜索,2026搜索,3,6,9998,9999,0.03,0.06,0.03,-0.037,0.104,False,共有
TITLE_IDENTIFICATION__4,TITLE_IDENTIFICATION__4,2025搜索,2026搜索,2,2,9998,9999,0.02,0.02,-0.0,-0.055,0.055,False,共有
TITLE_IDENTIFICATION__5,TITLE_IDENTIFICATION__5,2025搜索,2026搜索,2,5,9998,9999,0.02,0.05,0.03,-0.03,0.099,False,共有
WATCH_DIRECT__1,WATCH_DIRECT__1,2025搜索,2026搜索,883,960,9998,9999,8.832,9.601,0.769,-0.033,1.572,False,共有
WATCH_DIRECT__2,WATCH_DIRECT__2,2025搜索,2026搜索,1065,1033,9998,9999,10.652,10.331,-0.321,-1.171,0.529,False,共有
WATCH_DIRECT__3,WATCH_DIRECT__3,2025搜索,2026搜索,2020,1758,9998,9999,20.204,17.582,-2.622,-3.707,-1.537,True,共有
WHERE_TO_WATCH__1,WHERE_TO_WATCH__1,2025搜索,2026搜索,48,38,9998,9999,0.48,0.38,-0.1,-0.287,0.084,False,共有
WORK_FACT_QA__1,WORK_FACT_QA__1,2025搜索,2026搜索,11,32,9998,9999,0.11,0.32,0.21,0.083,0.35,True,共有
WORK_FACT_QA__2,WORK_FACT_QA__2,2025搜索,2026搜索,15,15,9998,9999,0.15,0.15,-0.0,-0.114,0.114,False,共有
WORK_FACT_QA__3,WORK_FACT_QA__3,2025搜索,2026搜索,72,36,9998,9999,0.72,0.36,-0.36,-0.571,-0.158,True,共有
ADULT_RESTRICTED_CONTENT_ACCESS__1,ADULT_RESTRICTED_CONTENT_ACCESS__1,2025搜索,2026搜索随机1w,36,81,9998,10000,0.36,0.81,0.45,0.24,0.669,True,共有
ADULT_RESTRICTED_CONTENT_ACCESS__2,ADULT_RESTRICTED_CONTENT_ACCESS__2,2025搜索,2026搜索随机1w,11,2,9998,10000,0.11,0.02,-0.09,-0.178,-0.018,True,共有
ADULT_RESTRICTED_CONTENT_ACCESS__3,ADULT_RESTRICTED_CONTENT_ACCESS__3,2025搜索,2026搜索随机1w,17,8,9998,10000,0.17,0.08,-0.09,-0.2,0.011,False,共有
ADULT_RESTRICTED_CONTENT_ACCESS__4,ADULT_RESTRICTED_CONTENT_ACCESS__4,2025搜索,2026搜索随机1w,14,63,9998,10000,0.14,0.63,0.49,0.323,0.674,True,共有
BARE_TITLE_LOOKUP__1,BARE_TITLE_LOOKUP__1,2025搜索,2026搜索随机1w,1050,812,9998,10000,10.502,8.12,-2.382,-3.188,-1.577,True,共有
BARE_TITLE_LOOKUP__2,BARE_TITLE_LOOKUP__2,2025搜索,2026搜索随机1w,328,403,9998,10000,3.281,4.03,0.749,0.229,1.272,True,共有
BARE_TITLE_LOOKUP__3,BARE_TITLE_LOOKUP__3,2025搜索,2026搜索随机1w,1005,431,9998,10000,10.052,4.31,-5.742,-6.457,-5.033,True,共有
BARE_TITLE_LOOKUP__4,BARE_TITLE_LOOKUP__4,2025搜索,2026搜索随机1w,1307,425,9998,10000,13.073,4.25,-8.823,-9.596,-8.055,True,共有
BARE_TITLE_LOOKUP__5,BARE_TITLE_LOOKUP__5,2025搜索,2026搜索随机1w,161,345,9998,10000,1.61,3.45,1.84,1.408,2.28,True,共有
CAST_LOOKUP__1,CAST_LOOKUP__1,2025搜索,2026搜索随机1w,25,90,9998,10000,0.25,0.9,0.65,0.445,0.87,True,共有
CAST_LOOKUP__2,CAST_LOOKUP__2,2025搜索,2026搜索随机1w,165,117,9998,10000,1.65,1.17,-0.48,-0.811,-0.154,True,共有
CAST_LOOKUP__3,CAST_LOOKUP__3,2025搜索,2026搜索随机1w,56,107,9998,10000,0.56,1.07,0.51,0.262,0.766,True,共有
CAST_LOOKUP__4,CAST_LOOKUP__4,2025搜索,2026搜索随机1w,8,195,9998,10000,0.08,1.95,1.87,1.605,2.163,True,共有
FACT_VERIFICATION__1,FACT_VERIFICATION__1,2025搜索,2026搜索随机1w,0,31,9998,10000,0.0,0.31,0.31,0.211,0.44,True,b独有
FACT_VERIFICATION__2,FACT_VERIFICATION__2,2025搜索,2026搜索随机1w,8,69,9998,10000,0.08,0.69,0.61,0.446,0.796,True,共有
FACT_VERIFICATION__3,FACT_VERIFICATION__3,2025搜索,2026搜索随机1w,0,36,9998,10000,0.0,0.36,0.36,0.253,0.498,True,b独有
LIVE_TV_SPORTS__1,LIVE_TV_SPORTS__1,2025搜索,2026搜索随机1w,79,103,9998,10000,0.79,1.03,0.24,-0.024,0.507,False,共有
LIVE_TV_SPORTS__2,LIVE_TV_SPORTS__2,2025搜索,2026搜索随机1w,88,46,9998,10000,0.88,0.46,-0.42,-0.653,-0.195,True,共有
NON_DRAMA_VIDEO__1,NON_DRAMA_VIDEO__1,2025搜索,2026搜索随机1w,238,1187,9998,10000,2.38,11.87,9.49,8.794,10.196,True,共有
NON_DRAMA_VIDEO__2,NON_DRAMA_VIDEO__2,2025搜索,2026搜索随机1w,20,158,9998,10000,0.2,1.58,1.38,1.129,1.653,True,共有
OTHER__1,OTHER__1,2025搜索,2026搜索随机1w,72,129,9998,10000,0.72,1.29,0.57,0.295,0.852,True,共有
OTHER__2,OTHER__2,2025搜索,2026搜索随机1w,56,66,9998,10000,0.56,0.66,0.1,-0.118,0.32,False,共有
OTHER__3,OTHER__3,2025搜索,2026搜索随机1w,114,122,9998,10000,1.14,1.22,0.08,-0.221,0.382,False,共有
OTHER__4,OTHER__4,2025搜索,2026搜索随机1w,104,206,9998,10000,1.04,2.06,1.02,0.68,1.368,True,共有
PLATFORM_HELP__1,PLATFORM_HELP__1,2025搜索,2026搜索随机1w,63,267,9998,10000,0.63,2.67,2.04,1.694,2.402,True,共有
PLATFORM_HELP__2,PLATFORM_HELP__2,2025搜索,2026搜索随机1w,72,175,9998,10000,0.72,1.75,1.03,0.727,1.343,True,共有
PLOT_INFO_QA__1,PLOT_INFO_QA__1,2025搜索,2026搜索随机1w,6,71,9998,10000,0.06,0.71,0.65,0.487,0.837,True,共有
PLOT_INFO_QA__2,PLOT_INFO_QA__2,2025搜索,2026搜索随机1w,7,61,9998,10000,0.07,0.61,0.54,0.386,0.716,True,共有
PLOT_INFO_QA__3,PLOT_INFO_QA__3,2025搜索,2026搜索随机1w,5,58,9998,10000,0.05,0.58,0.53,0.383,0.701,True,共有
PLOT_INFO_QA__4,PLOT_INFO_QA__4,2025搜索,2026搜索随机1w,76,85,9998,10000,0.76,0.85,0.09,-0.16,0.341,False,共有
PLOT_INFO_QA__5,PLOT_INFO_QA__5,2025搜索,2026搜索随机1w,33,137,9998,10000,0.33,1.37,1.04,0.791,1.305,True,共有
RECOMMENDATION__1,RECOMMENDATION__1,2025搜索,2026搜索随机1w,20,33,9998,10000,0.2,0.33,0.13,-0.014,0.281,False,共有
RECOMMENDATION__2,RECOMMENDATION__2,2025搜索,2026搜索随机1w,19,27,9998,10000,0.19,0.27,0.08,-0.056,0.22,False,共有
RECOMMENDATION__3,RECOMMENDATION__3,2025搜索,2026搜索随机1w,43,25,9998,10000,0.43,0.25,-0.18,-0.349,-0.018,True,共有
RECOMMENDATION__4,RECOMMENDATION__4,2025搜索,2026搜索随机1w,60,89,9998,10000,0.6,0.89,0.29,0.051,0.534,True,共有
RECOMMENDATION__5,RECOMMENDATION__5,2025搜索,2026搜索随机1w,37,69,9998,10000,0.37,0.69,0.32,0.119,0.529,True,共有
SCENE_CLIP_WATCH__1,SCENE_CLIP_WATCH__1,2025搜索,2026搜索随机1w,21,44,9998,10000,0.21,0.44,0.23,0.072,0.397,True,共有
SCENE_LOCATE__1,SCENE_LOCATE__1,2025搜索,2026搜索随机1w,7,122,9998,10000,0.07,1.22,1.15,0.939,1.387,True,共有
SCENE_LOCATE__2,SCENE_LOCATE__2,2025搜索,2026搜索随机1w,0,21,9998,10000,0.0,0.21,0.21,0.128,0.321,True,b独有
SITE_NAVIGATION__1,SITE_NAVIGATION__1,2025搜索,2026搜索随机1w,199,94,9998,10000,1.99,0.94,-1.05,-1.39,-0.72,True,共有
SITE_NAVIGATION__2,SITE_NAVIGATION__2,2025搜索,2026搜索随机1w,182,111,9998,10000,1.82,1.11,-0.71,-1.048,-0.378,True,共有
SITE_NAVIGATION__3,SITE_NAVIGATION__3,2025搜索,2026搜索随机1w,56,30,9998,10000,0.56,0.3,-0.26,-0.449,-0.079,True,共有
TITLE_IDENTIFICATION__1,TITLE_IDENTIFICATION__1,2025搜索,2026搜索随机1w,4,22,9998,10000,0.04,0.22,0.18,0.082,0.296,True,共有
TITLE_IDENTIFICATION__2,TITLE_IDENTIFICATION__2,2025搜索,2026搜索随机1w,5,37,9998,10000,0.05,0.37,0.32,0.198,0.462,True,共有
TITLE_IDENTIFICATION__3,TITLE_IDENTIFICATION__3,2025搜索,2026搜索随机1w,3,61,9998,10000,0.03,0.61,0.58,0.433,0.754,True,共有
TITLE_IDENTIFICATION__4,TITLE_IDENTIFICATION__4,2025搜索,2026搜索随机1w,2,58,9998,10000,0.02,0.58,0.56,0.419,0.73,True,共有
TITLE_IDENTIFICATION__5,TITLE_IDENTIFICATION__5,2025搜索,2026搜索随机1w,2,66,9998,10000,0.02,0.66,0.64,0.49,0.819,True,共有
WATCH_DIRECT__1,WATCH_DIRECT__1,2025搜索,2026搜索随机1w,883,919,9998,10000,8.832,9.19,0.358,-0.436,1.153,False,共有
WATCH_DIRECT__2,WATCH_DIRECT__2,2025搜索,2026搜索随机1w,1065,760,9998,10000,10.652,7.6,-3.052,-3.851,-2.255,True,共有
WATCH_DIRECT__3,WATCH_DIRECT__3,2025搜索,2026搜索随机1w,2020,654,9998,10000,20.204,6.54,-13.664,-14.59,-12.741,True,共有
WHERE_TO_WATCH__1,WHERE_TO_WATCH__1,2025搜索,2026搜索随机1w,48,89,9998,10000,0.48,0.89,0.41,0.182,0.645,True,共有
WORK_FACT_QA__1,WORK_FACT_QA__1,2025搜索,2026搜索随机1w,11,97,9998,10000,0.11,0.97,0.86,0.665,1.077,True,共有
WORK_FACT_QA__2,WORK_FACT_QA__2,2025搜索,2026搜索随机1w,15,223,9998,10000,0.15,2.23,2.08,1.791,2.394,True,共有
WORK_FACT_QA__3,WORK_FACT_QA__3,2025搜索,2026搜索随机1w,72,263,9998,10000,0.72,2.63,1.91,1.56,2.274,True,共有
ADULT_RESTRICTED_CONTENT_ACCESS__1,ADULT_RESTRICTED_CONTENT_ACCESS__1,2025搜索,助手头部1k,36,3,9998,955,0.36,0.314,-0.046,-0.295,0.568,False,共有
ADULT_RESTRICTED_CONTENT_ACCESS__2,ADULT_RESTRICTED_CONTENT_ACCESS__2,2025搜索,助手头部1k,11,1,9998,955,0.11,0.105,-0.005,-0.128,0.483,False,共有
ADULT_RESTRICTED_CONTENT_ACCESS__3,ADULT_RESTRICTED_CONTENT_ACCESS__3,2025搜索,助手头部1k,17,0,9998,955,0.17,0.0,-0.17,-0.272,0.236,False,a独有
ADULT_RESTRICTED_CONTENT_ACCESS__4,ADULT_RESTRICTED_CONTENT_ACCESS__4,2025搜索,助手头部1k,14,2,9998,955,0.14,0.209,0.069,-0.11,0.623,False,共有
BARE_TITLE_LOOKUP__1,BARE_TITLE_LOOKUP__1,2025搜索,助手头部1k,1050,55,9998,955,10.502,5.759,-4.743,-6.189,-2.98,True,共有
BARE_TITLE_LOOKUP__2,BARE_TITLE_LOOKUP__2,2025搜索,助手头部1k,328,56,9998,955,3.281,5.864,2.583,1.212,4.29,True,共有
BARE_TITLE_LOOKUP__3,BARE_TITLE_LOOKUP__3,2025搜索,助手头部1k,1005,102,9998,955,10.052,10.681,0.629,-1.274,2.824,False,共有
BARE_TITLE_LOOKUP__4,BARE_TITLE_LOOKUP__4,2025搜索,助手头部1k,1307,68,9998,955,13.073,7.12,-5.952,-7.565,-4.031,True,共有
BARE_TITLE_LOOKUP__5,BARE_TITLE_LOOKUP__5,2025搜索,助手头部1k,161,22,9998,955,1.61,2.304,0.693,-0.128,1.875,False,共有
CAST_LOOKUP__1,CAST_LOOKUP__1,2025搜索,助手头部1k,25,1,9998,955,0.25,0.105,-0.145,-0.292,0.347,False,共有
CAST_LOOKUP__2,CAST_LOOKUP__2,2025搜索,助手头部1k,165,34,9998,955,1.65,3.56,1.91,0.873,3.303,True,共有
CAST_LOOKUP__3,CAST_LOOKUP__3,2025搜索,助手头部1k,56,7,9998,955,0.56,0.733,0.173,-0.24,0.956,False,共有
CAST_LOOKUP__4,CAST_LOOKUP__4,2025搜索,助手头部1k,8,15,9998,955,0.08,1.571,1.491,0.869,2.496,True,共有
FACT_VERIFICATION__2,FACT_VERIFICATION__2,2025搜索,助手头部1k,8,0,9998,955,0.08,0.0,-0.08,-0.158,0.323,False,a独有
FACT_VERIFICATION__3,FACT_VERIFICATION__3,2025搜索,助手头部1k,0,1,9998,955,0.0,0.105,0.105,0.01,0.591,True,b独有
LIVE_TV_SPORTS__1,LIVE_TV_SPORTS__1,2025搜索,助手头部1k,79,1,9998,955,0.79,0.105,-0.685,-0.897,-0.175,True,共有
LIVE_TV_SPORTS__2,LIVE_TV_SPORTS__2,2025搜索,助手头部1k,88,7,9998,955,0.88,0.733,-0.147,-0.576,0.643,False,共有
NON_DRAMA_VIDEO__1,NON_DRAMA_VIDEO__1,2025搜索,助手头部1k,238,71,9998,955,2.38,7.435,5.054,3.522,6.915,True,共有
NON_DRAMA_VIDEO__2,NON_DRAMA_VIDEO__2,2025搜索,助手头部1k,20,9,9998,955,0.2,0.942,0.742,0.283,1.584,True,共有
OTHER__1,OTHER__1,2025搜索,助手头部1k,72,14,9998,955,0.72,1.466,0.746,0.127,1.737,True,共有
OTHER__2,OTHER__2,2025搜索,助手头部1k,56,24,9998,955,0.56,2.513,1.953,1.118,3.159,True,共有
OTHER__3,OTHER__3,2025搜索,助手头部1k,114,45,9998,955,1.14,4.712,3.572,2.378,5.118,True,共有
OTHER__4,OTHER__4,2025搜索,助手头部1k,104,34,9998,955,1.04,3.56,2.52,1.495,3.905,True,共有
PLATFORM_HELP__1,PLATFORM_HELP__1,2025搜索,助手头部1k,63,6,9998,955,0.63,0.628,-0.002,-0.384,0.746,False,共有
PLATFORM_HELP__2,PLATFORM_HELP__2,2025搜索,助手头部1k,72,3,9998,955,0.72,0.314,-0.406,-0.684,0.217,False,共有
PLOT_INFO_QA__1,PLOT_INFO_QA__1,2025搜索,助手头部1k,6,4,9998,955,0.06,0.419,0.359,0.093,1.013,True,共有
PLOT_INFO_QA__2,PLOT_INFO_QA__2,2025搜索,助手头部1k,7,5,9998,955,0.07,0.524,0.454,0.145,1.151,True,共有
PLOT_INFO_QA__3,PLOT_INFO_QA__3,2025搜索,助手头部1k,5,1,9998,955,0.05,0.105,0.055,-0.055,0.542,False,共有
PLOT_INFO_QA__4,PLOT_INFO_QA__4,2025搜索,助手头部1k,76,31,9998,955,0.76,3.246,2.486,1.517,3.819,True,共有
PLOT_INFO_QA__5,PLOT_INFO_QA__5,2025搜索,助手头部1k,33,33,9998,955,0.33,3.455,3.125,2.132,4.486,True,共有
RECOMMENDATION__1,RECOMMENDATION__1,2025搜索,助手头部1k,20,3,9998,955,0.2,0.314,0.114,-0.12,0.724,False,共有
RECOMMENDATION__2,RECOMMENDATION__2,2025搜索,助手头部1k,19,3,9998,955,0.19,0.314,0.124,-0.109,0.733,False,共有
RECOMMENDATION__3,RECOMMENDATION__3,2025搜索,助手头部1k,43,13,9998,955,0.43,1.361,0.931,0.348,1.891,True,共有
RECOMMENDATION__4,RECOMMENDATION__4,2025搜索,助手头部1k,60,5,9998,955,0.6,0.524,-0.077,-0.422,0.632,False,共有
RECOMMENDATION__5,RECOMMENDATION__5,2025搜索,助手头部1k,37,21,9998,955,0.37,2.199,1.829,1.06,2.973,True,共有
SCENE_CLIP_WATCH__1,SCENE_CLIP_WATCH__1,2025搜索,助手头部1k,21,6,9998,955,0.21,0.628,0.418,0.061,1.157,True,共有
SCENE_LOCATE__1,SCENE_LOCATE__1,2025搜索,助手头部1k,7,6,9998,955,0.07,0.628,0.558,0.21,1.295,True,共有
SITE_NAVIGATION__1,SITE_NAVIGATION__1,2025搜索,助手头部1k,199,11,9998,955,1.99,1.152,-0.839,-1.424,0.096,False,共有
SITE_NAVIGATION__2,SITE_NAVIGATION__2,2025搜索,助手头部1k,182,9,9998,955,1.82,0.942,-0.878,-1.405,-0.004,True,共有
SITE_NAVIGATION__3,SITE_NAVIGATION__3,2025搜索,助手头部1k,56,6,9998,955,0.56,0.628,0.068,-0.31,0.815,False,共有
TITLE_IDENTIFICATION__1,TITLE_IDENTIFICATION__1,2025搜索,助手头部1k,4,0,9998,955,0.04,0.0,-0.04,-0.103,0.361,False,a独有
TITLE_IDENTIFICATION__2,TITLE_IDENTIFICATION__2,2025搜索,助手头部1k,5,4,9998,955,0.05,0.419,0.369,0.104,1.023,True,共有
TITLE_IDENTIFICATION__3,TITLE_IDENTIFICATION__3,2025搜索,助手头部1k,3,2,9998,955,0.03,0.209,0.179,0.017,0.731,True,共有
TITLE_IDENTIFICATION__4,TITLE_IDENTIFICATION__4,2025搜索,助手头部1k,2,9,9998,955,0.02,0.942,0.922,0.473,1.761,True,共有
TITLE_IDENTIFICATION__5,TITLE_IDENTIFICATION__5,2025搜索,助手头部1k,2,9,9998,955,0.02,0.942,0.922,0.473,1.761,True,共有
WATCH_DIRECT__1,WATCH_DIRECT__1,2025搜索,助手头部1k,883,33,9998,955,8.832,3.455,-5.376,-6.515,-3.915,True,共有
WATCH_DIRECT__2,WATCH_DIRECT__2,2025搜索,助手头部1k,1065,32,9998,955,10.652,3.351,-7.301,-8.45,-5.836,True,共有
WATCH_DIRECT__3,WATCH_DIRECT__3,2025搜索,助手头部1k,2020,105,9998,955,20.204,10.995,-9.209,-11.206,-6.931,True,共有
WHERE_TO_WATCH__1,WHERE_TO_WATCH__1,2025搜索,助手头部1k,48,8,9998,955,0.48,0.838,0.358,-0.083,1.173,False,共有
WORK_FACT_QA__1,WORK_FACT_QA__1,2025搜索,助手头部1k,11,0,9998,955,0.11,0.0,-0.11,-0.197,0.294,False,a独有
WORK_FACT_QA__2,WORK_FACT_QA__2,2025搜索,助手头部1k,15,8,9998,955,0.15,0.838,0.688,0.264,1.496,True,共有
WORK_FACT_QA__3,WORK_FACT_QA__3,2025搜索,助手头部1k,72,7,9998,955,0.72,0.733,0.013,-0.408,0.799,False,共有
ADULT_RESTRICTED_CONTENT_ACCESS__1,ADULT_RESTRICTED_CONTENT_ACCESS__1,2025搜索,助手随机1k,36,0,9998,982,0.36,0.0,-0.36,-0.498,0.042,False,a独有
ADULT_RESTRICTED_CONTENT_ACCESS__2,ADULT_RESTRICTED_CONTENT_ACCESS__2,2025搜索,助手随机1k,11,0,9998,982,0.11,0.0,-0.11,-0.197,0.283,False,a独有
ADULT_RESTRICTED_CONTENT_ACCESS__3,ADULT_RESTRICTED_CONTENT_ACCESS__3,2025搜索,助手随机1k,17,0,9998,982,0.17,0.0,-0.17,-0.272,0.225,False,a独有
ADULT_RESTRICTED_CONTENT_ACCESS__4,ADULT_RESTRICTED_CONTENT_ACCESS__4,2025搜索,助手随机1k,14,1,9998,982,0.14,0.102,-0.038,-0.165,0.438,False,共有
BARE_TITLE_LOOKUP__1,BARE_TITLE_LOOKUP__1,2025搜索,助手随机1k,1050,40,9998,982,10.502,4.073,-6.429,-7.662,-4.887,True,共有
BARE_TITLE_LOOKUP__2,BARE_TITLE_LOOKUP__2,2025搜索,助手随机1k,328,19,9998,982,3.281,1.935,-1.346,-2.13,-0.228,True,共有
BARE_TITLE_LOOKUP__3,BARE_TITLE_LOOKUP__3,2025搜索,助手随机1k,1005,30,9998,982,10.052,3.055,-6.997,-8.087,-5.601,True,共有
BARE_TITLE_LOOKUP__4,BARE_TITLE_LOOKUP__4,2025搜索,助手随机1k,1307,23,9998,982,13.073,2.342,-10.73,-11.759,-9.413,True,共有
BARE_TITLE_LOOKUP__5,BARE_TITLE_LOOKUP__5,2025搜索,助手随机1k,161,13,9998,982,1.61,1.324,-0.286,-0.896,0.669,False,共有
CAST_LOOKUP__1,CAST_LOOKUP__1,2025搜索,助手随机1k,25,4,9998,982,0.25,0.407,0.157,-0.118,0.798,False,共有
CAST_LOOKUP__2,CAST_LOOKUP__2,2025搜索,助手随机1k,165,7,9998,982,1.65,0.713,-0.937,-1.393,-0.151,True,共有
CAST_LOOKUP__3,CAST_LOOKUP__3,2025搜索,助手随机1k,56,12,9998,982,0.56,1.222,0.662,0.114,1.573,True,共有
CAST_LOOKUP__4,CAST_LOOKUP__4,2025搜索,助手随机1k,8,19,9998,982,0.08,1.935,1.855,1.158,2.923,True,共有
FACT_VERIFICATION__1,FACT_VERIFICATION__1,2025搜索,助手随机1k,0,34,9998,982,0.0,3.462,3.462,2.487,4.799,True,b独有
FACT_VERIFICATION__2,FACT_VERIFICATION__2,2025搜索,助手随机1k,8,19,9998,982,0.08,1.935,1.855,1.158,2.923,True,共有
FACT_VERIFICATION__3,FACT_VERIFICATION__3,2025搜索,助手随机1k,0,7,9998,982,0.0,0.713,0.713,0.344,1.464,True,b独有
LIVE_TV_SPORTS__1,LIVE_TV_SPORTS__1,2025搜索,助手随机1k,79,10,9998,982,0.79,1.018,0.228,-0.275,1.088,False,共有
LIVE_TV_SPORTS__2,LIVE_TV_SPORTS__2,2025搜索,助手随机1k,88,1,9998,982,0.88,0.102,-0.778,-0.998,-0.278,True,共有
NON_DRAMA_VIDEO__1,NON_DRAMA_VIDEO__1,2025搜索,助手随机1k,238,117,9998,982,2.38,11.914,9.534,7.628,11.728,True,共有
NON_DRAMA_VIDEO__2,NON_DRAMA_VIDEO__2,2025搜索,助手随机1k,20,5,9998,982,0.2,0.509,0.309,-0.002,0.99,False,共有
OTHER__1,OTHER__1,2025搜索,助手随机1k,72,14,9998,982,0.72,1.426,0.706,0.102,1.67,True,共有
OTHER__2,OTHER__2,2025搜索,助手随机1k,56,14,9998,982,0.56,1.426,0.866,0.267,1.827,True,共有
OTHER__3,OTHER__3,2025搜索,助手随机1k,114,21,9998,982,1.14,2.138,0.998,0.228,2.123,True,共有
OTHER__4,OTHER__4,2025搜索,助手随机1k,104,96,9998,982,1.04,9.776,8.736,7.018,10.761,True,共有
PLATFORM_HELP__1,PLATFORM_HELP__1,2025搜索,助手随机1k,63,21,9998,982,0.63,2.138,1.508,0.752,2.625,True,共有
PLATFORM_HELP__2,PLATFORM_HELP__2,2025搜索,助手随机1k,72,13,9998,982,0.72,1.324,0.604,0.025,1.543,True,共有
PLOT_INFO_QA__1,PLOT_INFO_QA__1,2025搜索,助手随机1k,6,53,9998,982,0.06,5.397,5.337,4.088,6.932,True,共有
PLOT_INFO_QA__2,PLOT_INFO_QA__2,2025搜索,助手随机1k,7,33,9998,982,0.07,3.36,3.29,2.33,4.612,True,共有
PLOT_INFO_QA__3,PLOT_INFO_QA__3,2025搜索,助手随机1k,5,16,9998,982,0.05,1.629,1.579,0.952,2.581,True,共有
PLOT_INFO_QA__4,PLOT_INFO_QA__4,2025搜索,助手随机1k,76,9,9998,982,0.76,0.916,0.156,-0.317,0.987,False,共有
PLOT_INFO_QA__5,PLOT_INFO_QA__5,2025搜索,助手随机1k,33,22,9998,982,0.33,2.24,1.91,1.142,3.043,True,共有
RECOMMENDATION__1,RECOMMENDATION__1,2025搜索,助手随机1k,20,3,9998,982,0.2,0.305,0.105,-0.124,0.698,False,共有
RECOMMENDATION__2,RECOMMENDATION__2,2025搜索,助手随机1k,19,2,9998,982,0.19,0.204,0.014,-0.169,0.554,False,共有
RECOMMENDATION__3,RECOMMENDATION__3,2025搜索,助手随机1k,43,3,9998,982,0.43,0.305,-0.125,-0.375,0.475,False,共有
RECOMMENDATION__4,RECOMMENDATION__4,2025搜索,助手随机1k,60,9,9998,982,0.6,0.916,0.316,-0.15,1.143,False,共有
RECOMMENDATION__5,RECOMMENDATION__5,2025搜索,助手随机1k,37,11,9998,982,0.37,1.12,0.75,0.237,1.63,True,共有
SCENE_CLIP_WATCH__1,SCENE_CLIP_WATCH__1,2025搜索,助手随机1k,21,6,9998,982,0.21,0.611,0.401,0.052,1.12,True,共有
SCENE_LOCATE__1,SCENE_LOCATE__1,2025搜索,助手随机1k,7,9,9998,982,0.07,0.916,0.846,0.407,1.663,True,共有
SCENE_LOCATE__2,SCENE_LOCATE__2,2025搜索,助手随机1k,0,1,9998,982,0.0,0.102,0.102,0.01,0.575,True,b独有
SITE_NAVIGATION__1,SITE_NAVIGATION__1,2025搜索,助手随机1k,199,3,9998,982,1.99,0.305,-1.685,-2.04,-1.043,True,共有
SITE_NAVIGATION__2,SITE_NAVIGATION__2,2025搜索,助手随机1k,182,3,9998,982,1.82,0.305,-1.515,-1.861,-0.877,True,共有
SITE_NAVIGATION__3,SITE_NAVIGATION__3,2025搜索,助手随机1k,56,0,9998,982,0.56,0.0,-0.56,-0.727,-0.15,True,a独有
TITLE_IDENTIFICATION__1,TITLE_IDENTIFICATION__1,2025搜索,助手随机1k,4,4,9998,982,0.04,0.407,0.367,0.111,1.003,True,共有
TITLE_IDENTIFICATION__2,TITLE_IDENTIFICATION__2,2025搜索,助手随机1k,5,6,9998,982,0.05,0.611,0.561,0.224,1.277,True,共有
TITLE_IDENTIFICATION__3,TITLE_IDENTIFICATION__3,2025搜索,助手随机1k,3,3,9998,982,0.03,0.305,0.275,0.066,0.865,True,共有
TITLE_IDENTIFICATION__4,TITLE_IDENTIFICATION__4,2025搜索,助手随机1k,2,9,9998,982,0.02,0.916,0.896,0.46,1.713,True,共有
TITLE_IDENTIFICATION__5,TITLE_IDENTIFICATION__5,2025搜索,助手随机1k,2,7,9998,982,0.02,0.713,0.693,0.322,1.444,True,共有
WATCH_DIRECT__1,WATCH_DIRECT__1,2025搜索,助手随机1k,883,38,9998,982,8.832,3.87,-4.962,-6.147,-3.464,True,共有
WATCH_DIRECT__2,WATCH_DIRECT__2,2025搜索,助手随机1k,1065,25,9998,982,10.652,2.546,-8.106,-9.131,-6.782,True,共有
WATCH_DIRECT__3,WATCH_DIRECT__3,2025搜索,助手随机1k,2020,28,9998,982,20.204,2.851,-17.353,-18.535,-15.891,True,共有
WHERE_TO_WATCH__1,WHERE_TO_WATCH__1,2025搜索,助手随机1k,48,15,9998,982,0.48,1.527,1.047,0.428,2.032,True,共有
WORK_FACT_QA__1,WORK_FACT_QA__1,2025搜索,助手随机1k,11,13,9998,982,0.11,1.324,1.214,0.658,2.143,True,共有
WORK_FACT_QA__2,WORK_FACT_QA__2,2025搜索,助手随机1k,15,62,9998,982,0.15,6.314,6.164,4.803,7.863,True,共有
WORK_FACT_QA__3,WORK_FACT_QA__3,2025搜索,助手随机1k,72,49,9998,982,0.72,4.99,4.27,3.06,5.823,True,共有
ADULT_RESTRICTED_CONTENT_ACCESS__1,ADULT_RESTRICTED_CONTENT_ACCESS__1,2025搜索,助手语音头部1k,36,8,9998,999,0.36,0.801,0.441,0.023,1.219,True,共有
ADULT_RESTRICTED_CONTENT_ACCESS__2,ADULT_RESTRICTED_CONTENT_ACCESS__2,2025搜索,助手语音头部1k,11,0,9998,999,0.11,0.0,-0.11,-0.197,0.276,False,a独有
ADULT_RESTRICTED_CONTENT_ACCESS__3,ADULT_RESTRICTED_CONTENT_ACCESS__3,2025搜索,助手语音头部1k,17,1,9998,999,0.17,0.1,-0.07,-0.201,0.399,False,共有
ADULT_RESTRICTED_CONTENT_ACCESS__4,ADULT_RESTRICTED_CONTENT_ACCESS__4,2025搜索,助手语音头部1k,14,1,9998,999,0.14,0.1,-0.04,-0.166,0.428,False,共有
BARE_TITLE_LOOKUP__1,BARE_TITLE_LOOKUP__1,2025搜索,助手语音头部1k,1050,123,9998,999,10.502,12.312,1.81,-0.182,4.071,False,共有
BARE_TITLE_LOOKUP__2,BARE_TITLE_LOOKUP__2,2025搜索,助手语音头部1k,328,27,9998,999,3.281,2.703,-0.578,-1.494,0.668,False,共有
BARE_TITLE_LOOKUP__3,BARE_TITLE_LOOKUP__3,2025搜索,助手语音头部1k,1005,141,9998,999,10.052,14.114,4.062,1.952,6.429,True,共有
BARE_TITLE_LOOKUP__4,BARE_TITLE_LOOKUP__4,2025搜索,助手语音头部1k,1307,152,9998,999,13.073,15.215,2.143,-0.057,4.59,False,共有
BARE_TITLE_LOOKUP__5,BARE_TITLE_LOOKUP__5,2025搜索,助手语音头部1k,161,16,9998,999,1.61,1.602,-0.009,-0.677,1.002,False,共有
CAST_LOOKUP__1,CAST_LOOKUP__1,2025搜索,助手语音头部1k,25,0,9998,999,0.25,0.0,-0.25,-0.369,0.141,False,a独有
CAST_LOOKUP__2,CAST_LOOKUP__2,2025搜索,助手语音头部1k,165,5,9998,999,1.65,0.501,-1.15,-1.543,-0.445,True,共有
CAST_LOOKUP__3,CAST_LOOKUP__3,2025搜索,助手语音头部1k,56,0,9998,999,0.56,0.0,-0.56,-0.727,-0.156,True,a独有
CAST_LOOKUP__4,CAST_LOOKUP__4,2025搜索,助手语音头部1k,8,3,9998,999,0.08,0.3,0.22,0.007,0.801,True,共有
FACT_VERIFICATION__2,FACT_VERIFICATION__2,2025搜索,助手语音头部1k,8,0,9998,999,0.08,0.0,-0.08,-0.158,0.305,False,a独有
LIVE_TV_SPORTS__1,LIVE_TV_SPORTS__1,2025搜索,助手语音头部1k,79,21,9998,999,0.79,2.102,1.312,0.563,2.413,True,共有
LIVE_TV_SPORTS__2,LIVE_TV_SPORTS__2,2025搜索,助手语音头部1k,88,25,9998,999,0.88,2.503,1.622,0.795,2.8,True,共有
NON_DRAMA_VIDEO__1,NON_DRAMA_VIDEO__1,2025搜索,助手语音头部1k,238,47,9998,999,2.38,4.705,2.324,1.133,3.846,True,共有
NON_DRAMA_VIDEO__2,NON_DRAMA_VIDEO__2,2025搜索,助手语音头部1k,20,3,9998,999,0.2,0.3,0.1,-0.126,0.683,False,共有
OTHER__1,OTHER__1,2025搜索,助手语音头部1k,72,10,9998,999,0.72,1.001,0.281,-0.212,1.126,False,共有
OTHER__2,OTHER__2,2025搜索,助手语音头部1k,56,13,9998,999,0.56,1.301,0.741,0.177,1.663,True,共有
OTHER__3,OTHER__3,2025搜索,助手语音头部1k,114,16,9998,999,1.14,1.602,0.461,-0.193,1.464,False,共有
OTHER__4,OTHER__4,2025搜索,助手语音头部1k,104,23,9998,999,1.04,2.302,1.262,0.468,2.405,True,共有
PLATFORM_HELP__1,PLATFORM_HELP__1,2025搜索,助手语音头部1k,63,7,9998,999,0.63,0.701,0.071,-0.331,0.822,False,共有
PLATFORM_HELP__2,PLATFORM_HELP__2,2025搜索,助手语音头部1k,72,5,9998,999,0.72,0.501,-0.22,-0.561,0.462,False,共有
PLOT_INFO_QA__1,PLOT_INFO_QA__1,2025搜索,助手语音头部1k,6,0,9998,999,0.06,0.0,-0.06,-0.131,0.324,False,a独有
PLOT_INFO_QA__2,PLOT_INFO_QA__2,2025搜索,助手语音头部1k,7,0,9998,999,0.07,0.0,-0.07,-0.144,0.315,False,a独有
PLOT_INFO_QA__3,PLOT_INFO_QA__3,2025搜索,助手语音头部1k,5,0,9998,999,0.05,0.0,-0.05,-0.117,0.334,False,a独有
PLOT_INFO_QA__4,PLOT_INFO_QA__4,2025搜索,助手语音头部1k,76,3,9998,999,0.76,0.3,-0.46,-0.734,0.139,False,共有
PLOT_INFO_QA__5,PLOT_INFO_QA__5,2025搜索,助手语音头部1k,33,1,9998,999,0.33,0.1,-0.23,-0.387,0.244,False,共有
RECOMMENDATION__1,RECOMMENDATION__1,2025搜索,助手语音头部1k,20,1,9998,999,0.2,0.1,-0.1,-0.236,0.37,False,共有
RECOMMENDATION__2,RECOMMENDATION__2,2025搜索,助手语音头部1k,19,0,9998,999,0.19,0.0,-0.19,-0.297,0.199,False,a独有
RECOMMENDATION__3,RECOMMENDATION__3,2025搜索,助手语音头部1k,43,10,9998,999,0.43,1.001,0.571,0.091,1.41,True,共有
RECOMMENDATION__4,RECOMMENDATION__4,2025搜索,助手语音头部1k,60,9,9998,999,0.6,0.901,0.301,-0.159,1.114,False,共有
RECOMMENDATION__5,RECOMMENDATION__5,2025搜索,助手语音头部1k,37,3,9998,999,0.37,0.3,-0.07,-0.312,0.518,False,共有
SCENE_CLIP_WATCH__1,SCENE_CLIP_WATCH__1,2025搜索,助手语音头部1k,21,5,9998,999,0.21,0.501,0.29,-0.017,0.96,False,共有
SCENE_LOCATE__1,SCENE_LOCATE__1,2025搜索,助手语音头部1k,7,0,9998,999,0.07,0.0,-0.07,-0.144,0.315,False,a独有
SITE_NAVIGATION__1,SITE_NAVIGATION__1,2025搜索,助手语音头部1k,199,7,9998,999,1.99,0.701,-1.29,-1.754,-0.508,True,共有
SITE_NAVIGATION__2,SITE_NAVIGATION__2,2025搜索,助手语音头部1k,182,18,9998,999,1.82,1.802,-0.019,-0.735,1.038,False,共有
SITE_NAVIGATION__3,SITE_NAVIGATION__3,2025搜索,助手语音头部1k,56,0,9998,999,0.56,0.0,-0.56,-0.727,-0.156,True,a独有
TITLE_IDENTIFICATION__1,TITLE_IDENTIFICATION__1,2025搜索,助手语音头部1k,4,0,9998,999,0.04,0.0,-0.04,-0.103,0.344,False,a独有
TITLE_IDENTIFICATION__2,TITLE_IDENTIFICATION__2,2025搜索,助手语音头部1k,5,0,9998,999,0.05,0.0,-0.05,-0.117,0.334,False,a独有
TITLE_IDENTIFICATION__3,TITLE_IDENTIFICATION__3,2025搜索,助手语音头部1k,3,3,9998,999,0.03,0.3,0.27,0.064,0.85,True,共有
TITLE_IDENTIFICATION__4,TITLE_IDENTIFICATION__4,2025搜索,助手语音头部1k,2,0,9998,999,0.02,0.0,-0.02,-0.073,0.363,False,a独有
TITLE_IDENTIFICATION__5,TITLE_IDENTIFICATION__5,2025搜索,助手语音头部1k,2,1,9998,999,0.02,0.1,0.08,-0.018,0.545,False,共有
WATCH_DIRECT__1,WATCH_DIRECT__1,2025搜索,助手语音头部1k,883,23,9998,999,8.832,2.302,-6.529,-7.483,-5.278,True,共有
WATCH_DIRECT__2,WATCH_DIRECT__2,2025搜索,助手语音头部1k,1065,86,9998,999,10.652,8.609,-2.044,-3.745,-0.052,True,共有
WATCH_DIRECT__3,WATCH_DIRECT__3,2025搜索,助手语音头部1k,2020,159,9998,999,20.204,15.916,-4.288,-6.57,-1.767,True,共有
WHERE_TO_WATCH__1,WHERE_TO_WATCH__1,2025搜索,助手语音头部1k,48,1,9998,999,0.48,0.1,-0.38,-0.556,0.099,False,共有
WORK_FACT_QA__1,WORK_FACT_QA__1,2025搜索,助手语音头部1k,11,18,9998,999,0.11,1.802,1.692,1.027,2.721,True,共有
WORK_FACT_QA__2,WORK_FACT_QA__2,2025搜索,助手语音头部1k,15,1,9998,999,0.15,0.1,-0.05,-0.178,0.419,False,共有
WORK_FACT_QA__3,WORK_FACT_QA__3,2025搜索,助手语音头部1k,72,3,9998,999,0.72,0.3,-0.42,-0.691,0.178,False,共有
ADULT_RESTRICTED_CONTENT_ACCESS__1,ADULT_RESTRICTED_CONTENT_ACCESS__1,2025搜索,助手语音随机1k,36,7,9998,1000,0.36,0.7,0.34,-0.046,1.084,False,共有
ADULT_RESTRICTED_CONTENT_ACCESS__2,ADULT_RESTRICTED_CONTENT_ACCESS__2,2025搜索,助手语音随机1k,11,0,9998,1000,0.11,0.0,-0.11,-0.197,0.276,False,a独有
ADULT_RESTRICTED_CONTENT_ACCESS__3,ADULT_RESTRICTED_CONTENT_ACCESS__3,2025搜索,助手语音随机1k,17,1,9998,1000,0.17,0.1,-0.07,-0.201,0.399,False,共有
ADULT_RESTRICTED_CONTENT_ACCESS__4,ADULT_RESTRICTED_CONTENT_ACCESS__4,2025搜索,助手语音随机1k,14,1,9998,1000,0.14,0.1,-0.04,-0.166,0.428,False,共有
BARE_TITLE_LOOKUP__1,BARE_TITLE_LOOKUP__1,2025搜索,助手语音随机1k,1050,108,9998,1000,10.502,10.8,0.298,-1.582,2.455,False,共有
BARE_TITLE_LOOKUP__2,BARE_TITLE_LOOKUP__2,2025搜索,助手语音随机1k,328,31,9998,1000,3.281,3.1,-0.181,-1.16,1.129,False,共有
BARE_TITLE_LOOKUP__3,BARE_TITLE_LOOKUP__3,2025搜索,助手语音随机1k,1005,62,9998,1000,10.052,6.2,-3.852,-5.316,-2.087,True,共有
BARE_TITLE_LOOKUP__4,BARE_TITLE_LOOKUP__4,2025搜索,助手语音随机1k,1307,46,9998,1000,13.073,4.6,-8.473,-9.792,-6.856,True,共有
BARE_TITLE_LOOKUP__5,BARE_TITLE_LOOKUP__5,2025搜索,助手语音随机1k,161,33,9998,1000,1.61,3.3,1.69,0.712,3.008,True,共有
CAST_LOOKUP__1,CAST_LOOKUP__1,2025搜索,助手语音随机1k,25,7,9998,1000,0.25,0.7,0.45,0.07,1.192,True,共有
CAST_LOOKUP__2,CAST_LOOKUP__2,2025搜索,助手语音随机1k,165,17,9998,1000,1.65,1.7,0.05,-0.641,1.082,False,共有
CAST_LOOKUP__3,CAST_LOOKUP__3,2025搜索,助手语音随机1k,56,8,9998,1000,0.56,0.8,0.24,-0.188,1.021,False,共有
CAST_LOOKUP__4,CAST_LOOKUP__4,2025搜索,助手语音随机1k,8,17,9998,1000,0.08,1.7,1.62,0.979,2.626,True,共有
FACT_VERIFICATION__1,FACT_VERIFICATION__1,2025搜索,助手语音随机1k,0,2,9998,1000,0.0,0.2,0.2,0.05,0.726,True,b独有
FACT_VERIFICATION__2,FACT_VERIFICATION__2,2025搜索,助手语音随机1k,8,4,9998,1000,0.08,0.4,0.32,0.064,0.945,True,共有
FACT_VERIFICATION__3,FACT_VERIFICATION__3,2025搜索,助手语音随机1k,0,4,9998,1000,0.0,0.4,0.4,0.153,1.024,True,b独有
LIVE_TV_SPORTS__1,LIVE_TV_SPORTS__1,2025搜索,助手语音随机1k,79,11,9998,1000,0.79,1.1,0.31,-0.212,1.183,False,共有
LIVE_TV_SPORTS__2,LIVE_TV_SPORTS__2,2025搜索,助手语音随机1k,88,2,9998,1000,0.88,0.2,-0.68,-0.93,-0.129,True,共有
NON_DRAMA_VIDEO__1,NON_DRAMA_VIDEO__1,2025搜索,助手语音随机1k,238,134,9998,1000,2.38,13.4,11.02,9.022,13.289,True,共有
NON_DRAMA_VIDEO__2,NON_DRAMA_VIDEO__2,2025搜索,助手语音随机1k,20,30,9998,1000,0.2,3.0,2.8,1.903,4.052,True,共有
OTHER__1,OTHER__1,2025搜索,助手语音随机1k,72,21,9998,1000,0.72,2.1,1.38,0.634,2.479,True,共有
OTHER__2,OTHER__2,2025搜索,助手语音随机1k,56,11,9998,1000,0.56,1.1,0.54,0.027,1.408,True,共有
OTHER__3,OTHER__3,2025搜索,助手语音随机1k,114,11,9998,1000,1.14,1.1,-0.04,-0.576,0.84,False,共有
OTHER__4,OTHER__4,2025搜索,助手语音随机1k,104,29,9998,1000,1.04,2.9,1.86,0.96,3.107,True,共有
PLATFORM_HELP__1,PLATFORM_HELP__1,2025搜索,助手语音随机1k,63,23,9998,1000,0.63,2.3,1.67,0.887,2.806,True,共有
PLATFORM_HELP__2,PLATFORM_HELP__2,2025搜索,助手语音随机1k,72,9,9998,1000,0.72,0.9,0.18,-0.285,0.995,False,共有
PLOT_INFO_QA__1,PLOT_INFO_QA__1,2025搜索,助手语音随机1k,6,15,9998,1000,0.06,1.5,1.44,0.847,2.401,True,共有
PLOT_INFO_QA__2,PLOT_INFO_QA__2,2025搜索,助手语音随机1k,7,6,9998,1000,0.07,0.6,0.53,0.197,1.234,True,共有
PLOT_INFO_QA__3,PLOT_INFO_QA__3,2025搜索,助手语音随机1k,5,5,9998,1000,0.05,0.5,0.45,0.156,1.116,True,共有
PLOT_INFO_QA__4,PLOT_INFO_QA__4,2025搜索,助手语音随机1k,76,6,9998,1000,0.76,0.6,-0.16,-0.536,0.559,False,共有
PLOT_INFO_QA__5,PLOT_INFO_QA__5,2025搜索,助手语音随机1k,33,9,9998,1000,0.33,0.9,0.57,0.124,1.377,True,共有
RECOMMENDATION__1,RECOMMENDATION__1,2025搜索,助手语音随机1k,20,2,9998,1000,0.2,0.2,-0.0,-0.181,0.531,False,共有
RECOMMENDATION__2,RECOMMENDATION__2,2025搜索,助手语音随机1k,19,4,9998,1000,0.19,0.4,0.21,-0.057,0.838,False,共有
RECOMMENDATION__3,RECOMMENDATION__3,2025搜索,助手语音随机1k,43,1,9998,1000,0.43,0.1,-0.33,-0.5,0.147,False,共有
RECOMMENDATION__4,RECOMMENDATION__4,2025搜索,助手语音随机1k,60,9,9998,1000,0.6,0.9,0.3,-0.159,1.113,False,共有
RECOMMENDATION__5,RECOMMENDATION__5,2025搜索,助手语音随机1k,37,4,9998,1000,0.37,0.4,0.03,-0.251,0.662,False,共有
SCENE_CLIP_WATCH__1,SCENE_CLIP_WATCH__1,2025搜索,助手语音随机1k,21,6,9998,1000,0.21,0.6,0.39,0.047,1.097,True,共有
SCENE_LOCATE__1,SCENE_LOCATE__1,2025搜索,助手语音随机1k,7,5,9998,1000,0.07,0.5,0.43,0.134,1.096,True,共有
SCENE_LOCATE__2,SCENE_LOCATE__2,2025搜索,助手语音随机1k,0,2,9998,1000,0.0,0.2,0.2,0.05,0.726,True,b独有
SITE_NAVIGATION__1,SITE_NAVIGATION__1,2025搜索,助手语音随机1k,199,5,9998,1000,1.99,0.5,-1.49,-1.9,-0.778,True,共有
SITE_NAVIGATION__2,SITE_NAVIGATION__2,2025搜索,助手语音随机1k,182,10,9998,1000,1.82,1.0,-0.82,-1.356,0.046,False,共有
SITE_NAVIGATION__3,SITE_NAVIGATION__3,2025搜索,助手语音随机1k,56,3,9998,1000,0.56,0.3,-0.26,-0.519,0.332,False,共有
TITLE_IDENTIFICATION__1,TITLE_IDENTIFICATION__1,2025搜索,助手语音随机1k,4,6,9998,1000,0.04,0.6,0.56,0.229,1.263,True,共有
TITLE_IDENTIFICATION__2,TITLE_IDENTIFICATION__2,2025搜索,助手语音随机1k,5,3,9998,1000,0.05,0.3,0.25,0.041,0.829,True,共有
TITLE_IDENTIFICATION__3,TITLE_IDENTIFICATION__3,2025搜索,助手语音随机1k,3,11,9998,1000,0.03,1.1,1.07,0.582,1.929,True,共有
TITLE_IDENTIFICATION__4,TITLE_IDENTIFICATION__4,2025搜索,助手语音随机1k,2,8,9998,1000,0.02,0.8,0.78,0.382,1.551,True,共有
TITLE_IDENTIFICATION__5,TITLE_IDENTIFICATION__5,2025搜索,助手语音随机1k,2,10,9998,1000,0.02,1.0,0.98,0.521,1.811,True,共有
WATCH_DIRECT__1,WATCH_DIRECT__1,2025搜索,助手语音随机1k,883,70,9998,1000,8.832,7.0,-1.832,-3.365,0.001,False,共有
WATCH_DIRECT__2,WATCH_DIRECT__2,2025搜索,助手语音随机1k,1065,49,9998,1000,10.652,4.9,-5.752,-7.08,-4.123,True,共有
WATCH_DIRECT__3,WATCH_DIRECT__3,2025搜索,助手语音随机1k,2020,42,9998,1000,20.204,4.2,-16.004,-17.345,-14.379,True,共有
WHERE_TO_WATCH__1,WHERE_TO_WATCH__1,2025搜索,助手语音随机1k,48,5,9998,1000,0.48,0.5,0.02,-0.306,0.695,False,共有
WORK_FACT_QA__1,WORK_FACT_QA__1,2025搜索,助手语音随机1k,11,11,9998,1000,0.11,1.1,0.99,0.498,1.85,True,共有
WORK_FACT_QA__2,WORK_FACT_QA__2,2025搜索,助手语音随机1k,15,28,9998,1000,0.15,2.8,2.65,1.789,3.868,True,共有
WORK_FACT_QA__3,WORK_FACT_QA__3,2025搜索,助手语音随机1k,72,36,9998,1000,0.72,3.6,2.88,1.874,4.232,True,共有
ADULT_RESTRICTED_CONTENT_ACCESS__1,ADULT_RESTRICTED_CONTENT_ACCESS__1,2025搜索随机1w,2026搜索,74,64,10000,9999,0.74,0.64,-0.1,-0.333,0.132,False,共有
ADULT_RESTRICTED_CONTENT_ACCESS__2,ADULT_RESTRICTED_CONTENT_ACCESS__2,2025搜索随机1w,2026搜索,1,11,10000,9999,0.01,0.11,0.1,0.033,0.187,True,共有
ADULT_RESTRICTED_CONTENT_ACCESS__3,ADULT_RESTRICTED_CONTENT_ACCESS__3,2025搜索随机1w,2026搜索,4,19,10000,9999,0.04,0.19,0.15,0.057,0.259,True,共有
ADULT_RESTRICTED_CONTENT_ACCESS__4,ADULT_RESTRICTED_CONTENT_ACCESS__4,2025搜索随机1w,2026搜索,27,26,10000,9999,0.27,0.26,-0.01,-0.158,0.137,False,共有
BARE_TITLE_LOOKUP__1,BARE_TITLE_LOOKUP__1,2025搜索随机1w,2026搜索,817,998,10000,9999,8.17,9.981,1.811,1.015,2.608,True,共有
BARE_TITLE_LOOKUP__2,BARE_TITLE_LOOKUP__2,2025搜索随机1w,2026搜索,350,682,10000,9999,3.5,6.821,3.321,2.711,3.936,True,共有
BARE_TITLE_LOOKUP__3,BARE_TITLE_LOOKUP__3,2025搜索随机1w,2026搜索,388,981,10000,9999,3.88,9.811,5.931,5.238,6.63,True,共有
BARE_TITLE_LOOKUP__4,BARE_TITLE_LOOKUP__4,2025搜索随机1w,2026搜索,465,1064,10000,9999,4.65,10.641,5.991,5.261,6.726,True,共有
BARE_TITLE_LOOKUP__5,BARE_TITLE_LOOKUP__5,2025搜索随机1w,2026搜索,265,314,10000,9999,2.65,3.14,0.49,0.025,0.957,True,共有
CAST_LOOKUP__1,CAST_LOOKUP__1,2025搜索随机1w,2026搜索,89,26,10000,9999,0.89,0.26,-0.63,-0.85,-0.425,True,共有
CAST_LOOKUP__2,CAST_LOOKUP__2,2025搜索随机1w,2026搜索,188,113,10000,9999,1.88,1.13,-0.75,-1.092,-0.414,True,共有
CAST_LOOKUP__3,CAST_LOOKUP__3,2025搜索随机1w,2026搜索,104,55,10000,9999,1.04,0.55,-0.49,-0.743,-0.245,True,共有
CAST_LOOKUP__4,CAST_LOOKUP__4,2025搜索随机1w,2026搜索,184,17,10000,9999,1.84,0.17,-1.67,-1.96,-1.404,True,共有
FACT_VERIFICATION__1,FACT_VERIFICATION__1,2025搜索随机1w,2026搜索,29,1,10000,9999,0.29,0.01,-0.28,-0.406,-0.18,True,共有
FACT_VERIFICATION__2,FACT_VERIFICATION__2,2025搜索随机1w,2026搜索,73,1,10000,9999,0.73,0.01,-0.72,-0.907,-0.564,True,共有
FACT_VERIFICATION__3,FACT_VERIFICATION__3,2025搜索随机1w,2026搜索,37,1,10000,9999,0.37,0.01,-0.36,-0.5,-0.248,True,共有
LIVE_TV_SPORTS__1,LIVE_TV_SPORTS__1,2025搜索随机1w,2026搜索,106,154,10000,9999,1.06,1.54,0.48,0.166,0.798,True,共有
LIVE_TV_SPORTS__2,LIVE_TV_SPORTS__2,2025搜索随机1w,2026搜索,32,242,10000,9999,0.32,2.42,2.1,1.788,2.434,True,共有
NON_DRAMA_VIDEO__1,NON_DRAMA_VIDEO__1,2025搜索随机1w,2026搜索,1117,186,10000,9999,11.17,1.86,-9.31,-9.989,-8.644,True,共有
NON_DRAMA_VIDEO__2,NON_DRAMA_VIDEO__2,2025搜索随机1w,2026搜索,169,10,10000,9999,1.69,0.1,-1.59,-1.866,-1.341,True,共有
OTHER__1,OTHER__1,2025搜索随机1w,2026搜索,143,64,10000,9999,1.43,0.64,-0.79,-1.078,-0.512,True,共有
OTHER__2,OTHER__2,2025搜索随机1w,2026搜索,83,64,10000,9999,0.83,0.64,-0.19,-0.431,0.048,False,共有
OTHER__3,OTHER__3,2025搜索随机1w,2026搜索,114,120,10000,9999,1.14,1.2,0.06,-0.24,0.361,False,共有
OTHER__4,OTHER__4,2025搜索随机1w,2026搜索,202,88,10000,9999,2.02,0.88,-1.14,-1.478,-0.812,True,共有
PLATFORM_HELP__1,PLATFORM_HELP__1,2025搜索随机1w,2026搜索,384,51,10000,9999,3.84,0.51,-3.33,-3.743,-2.937,True,共有
PLATFORM_HELP__2,PLATFORM_HELP__2,2025搜索随机1w,2026搜索,246,43,10000,9999,2.46,0.43,-2.03,-2.371,-1.708,True,共有
PLOT_INFO_QA__1,PLOT_INFO_QA__1,2025搜索随机1w,2026搜索,73,7,10000,9999,0.73,0.07,-0.66,-0.85,-0.493,True,共有
PLOT_INFO_QA__2,PLOT_INFO_QA__2,2025搜索随机1w,2026搜索,91,4,10000,9999,0.91,0.04,-0.87,-1.077,-0.69,True,共有
PLOT_INFO_QA__3,PLOT_INFO_QA__3,2025搜索随机1w,2026搜索,73,3,10000,9999,0.73,0.03,-0.7,-0.888,-0.54,True,共有
PLOT_INFO_QA__4,PLOT_INFO_QA__4,2025搜索随机1w,2026搜索,139,63,10000,9999,1.39,0.63,-0.76,-1.044,-0.485,True,共有
PLOT_INFO_QA__5,PLOT_INFO_QA__5,2025搜索随机1w,2026搜索,180,17,10000,9999,1.8,0.17,-1.63,-1.917,-1.367,True,共有
RECOMMENDATION__1,RECOMMENDATION__1,2025搜索随机1w,2026搜索,22,16,10000,9999,0.22,0.16,-0.06,-0.189,0.065,False,共有
RECOMMENDATION__2,RECOMMENDATION__2,2025搜索随机1w,2026搜索,26,18,10000,9999,0.26,0.18,-0.08,-0.218,0.053,False,共有
RECOMMENDATION__3,RECOMMENDATION__3,2025搜索随机1w,2026搜索,14,58,10000,9999,0.14,0.58,0.44,0.278,0.618,True,共有
RECOMMENDATION__4,RECOMMENDATION__4,2025搜索随机1w,2026搜索,75,60,10000,9999,0.75,0.6,-0.15,-0.381,0.079,False,共有
RECOMMENDATION__5,RECOMMENDATION__5,2025搜索随机1w,2026搜索,59,39,10000,9999,0.59,0.39,-0.2,-0.4,-0.005,True,共有
SCENE_CLIP_WATCH__1,SCENE_CLIP_WATCH__1,2025搜索随机1w,2026搜索,62,15,10000,9999,0.62,0.15,-0.47,-0.654,-0.303,True,共有
SCENE_LOCATE__1,SCENE_LOCATE__1,2025搜索随机1w,2026搜索,153,1,10000,9999,1.53,0.01,-1.52,-1.78,-1.293,True,共有
SCENE_LOCATE__2,SCENE_LOCATE__2,2025搜索随机1w,2026搜索,33,1,10000,9999,0.33,0.01,-0.32,-0.453,-0.214,True,共有
SITE_NAVIGATION__1,SITE_NAVIGATION__1,2025搜索随机1w,2026搜索,84,185,10000,9999,0.84,1.85,1.01,0.694,1.336,True,共有
SITE_NAVIGATION__2,SITE_NAVIGATION__2,2025搜索随机1w,2026搜索,110,154,10000,9999,1.1,1.54,0.44,0.124,0.761,True,共有
SITE_NAVIGATION__3,SITE_NAVIGATION__3,2025搜索随机1w,2026搜索,32,63,10000,9999,0.32,0.63,0.31,0.12,0.509,True,共有
TITLE_IDENTIFICATION__1,TITLE_IDENTIFICATION__1,2025搜索随机1w,2026搜索,24,4,10000,9999,0.24,0.04,-0.2,-0.319,-0.099,True,共有
TITLE_IDENTIFICATION__2,TITLE_IDENTIFICATION__2,2025搜索随机1w,2026搜索,45,11,10000,9999,0.45,0.11,-0.34,-0.499,-0.197,True,共有
TITLE_IDENTIFICATION__3,TITLE_IDENTIFICATION__3,2025搜索随机1w,2026搜索,72,6,10000,9999,0.72,0.06,-0.66,-0.848,-0.496,True,共有
TITLE_IDENTIFICATION__4,TITLE_IDENTIFICATION__4,2025搜索随机1w,2026搜索,90,2,10000,9999,0.9,0.02,-0.88,-1.085,-0.705,True,共有
TITLE_IDENTIFICATION__5,TITLE_IDENTIFICATION__5,2025搜索随机1w,2026搜索,83,5,10000,9999,0.83,0.05,-0.78,-0.98,-0.607,True,共有
WATCH_DIRECT__1,WATCH_DIRECT__1,2025搜索随机1w,2026搜索,776,960,10000,9999,7.76,9.601,1.841,1.061,2.622,True,共有
WATCH_DIRECT__2,WATCH_DIRECT__2,2025搜索随机1w,2026搜索,613,1033,10000,9999,6.13,10.331,4.201,3.442,4.963,True,共有
WATCH_DIRECT__3,WATCH_DIRECT__3,2025搜索随机1w,2026搜索,675,1758,10000,9999,6.75,17.582,10.832,9.939,11.727,True,共有
WHERE_TO_WATCH__1,WHERE_TO_WATCH__1,2025搜索随机1w,2026搜索,69,38,10000,9999,0.69,0.38,-0.31,-0.519,-0.108,True,共有
WORK_FACT_QA__1,WORK_FACT_QA__1,2025搜索随机1w,2026搜索,82,32,10000,9999,0.82,0.32,-0.5,-0.718,-0.294,True,共有
WORK_FACT_QA__2,WORK_FACT_QA__2,2025搜索随机1w,2026搜索,246,15,10000,9999,2.46,0.15,-2.31,-2.638,-2.008,True,共有
WORK_FACT_QA__3,WORK_FACT_QA__3,2025搜索随机1w,2026搜索,308,36,10000,9999,3.08,0.36,-2.72,-3.091,-2.371,True,共有
ADULT_RESTRICTED_CONTENT_ACCESS__1,ADULT_RESTRICTED_CONTENT_ACCESS__1,2025搜索随机1w,2026搜索随机1w,74,81,10000,10000,0.74,0.81,0.07,-0.175,0.317,False,共有
ADULT_RESTRICTED_CONTENT_ACCESS__2,ADULT_RESTRICTED_CONTENT_ACCESS__2,2025搜索随机1w,2026搜索随机1w,1,2,10000,10000,0.01,0.02,0.01,-0.039,0.064,False,共有
ADULT_RESTRICTED_CONTENT_ACCESS__3,ADULT_RESTRICTED_CONTENT_ACCESS__3,2025搜索随机1w,2026搜索随机1w,4,8,10000,10000,0.04,0.08,0.04,-0.034,0.122,False,共有
ADULT_RESTRICTED_CONTENT_ACCESS__4,ADULT_RESTRICTED_CONTENT_ACCESS__4,2025搜索随机1w,2026搜索随机1w,27,63,10000,10000,0.27,0.63,0.36,0.176,0.554,True,共有
BARE_TITLE_LOOKUP__1,BARE_TITLE_LOOKUP__1,2025搜索随机1w,2026搜索随机1w,817,812,10000,10000,8.17,8.12,-0.05,-0.809,0.709,False,共有
BARE_TITLE_LOOKUP__2,BARE_TITLE_LOOKUP__2,2025搜索随机1w,2026搜索随机1w,350,403,10000,10000,3.5,4.03,0.53,0.002,1.059,True,共有
BARE_TITLE_LOOKUP__3,BARE_TITLE_LOOKUP__3,2025搜索随机1w,2026搜索随机1w,388,431,10000,10000,3.88,4.31,0.43,-0.12,0.981,False,共有
BARE_TITLE_LOOKUP__4,BARE_TITLE_LOOKUP__4,2025搜索随机1w,2026搜索随机1w,465,425,10000,10000,4.65,4.25,-0.4,-0.973,0.172,False,共有
BARE_TITLE_LOOKUP__5,BARE_TITLE_LOOKUP__5,2025搜索随机1w,2026搜索随机1w,265,345,10000,10000,2.65,3.45,0.8,0.324,1.279,True,共有
CAST_LOOKUP__1,CAST_LOOKUP__1,2025搜索随机1w,2026搜索随机1w,89,90,10000,10000,0.89,0.9,0.01,-0.254,0.274,False,共有
CAST_LOOKUP__2,CAST_LOOKUP__2,2025搜索随机1w,2026搜索随机1w,188,117,10000,10000,1.88,1.17,-0.71,-1.054,-0.371,True,共有
CAST_LOOKUP__3,CAST_LOOKUP__3,2025搜索随机1w,2026搜索随机1w,104,107,10000,10000,1.04,1.07,0.03,-0.255,0.316,False,共有
CAST_LOOKUP__4,CAST_LOOKUP__4,2025搜索随机1w,2026搜索随机1w,184,195,10000,10000,1.84,1.95,0.11,-0.269,0.49,False,共有
FACT_VERIFICATION__1,FACT_VERIFICATION__1,2025搜索随机1w,2026搜索随机1w,29,31,10000,10000,0.29,0.31,0.02,-0.136,0.177,False,共有
FACT_VERIFICATION__2,FACT_VERIFICATION__2,2025搜索随机1w,2026搜索随机1w,73,69,10000,10000,0.73,0.69,-0.04,-0.276,0.195,False,共有
FACT_VERIFICATION__3,FACT_VERIFICATION__3,2025搜索随机1w,2026搜索随机1w,37,36,10000,10000,0.37,0.36,-0.01,-0.182,0.161,False,共有
LIVE_TV_SPORTS__1,LIVE_TV_SPORTS__1,2025搜索随机1w,2026搜索随机1w,106,103,10000,10000,1.06,1.03,-0.03,-0.314,0.254,False,共有
LIVE_TV_SPORTS__2,LIVE_TV_SPORTS__2,2025搜索随机1w,2026搜索随机1w,32,46,10000,10000,0.32,0.46,0.14,-0.035,0.319,False,共有
NON_DRAMA_VIDEO__1,NON_DRAMA_VIDEO__1,2025搜索随机1w,2026搜索随机1w,1117,1187,10000,10000,11.17,11.87,0.7,-0.185,1.585,False,共有
NON_DRAMA_VIDEO__2,NON_DRAMA_VIDEO__2,2025搜索随机1w,2026搜索随机1w,169,158,10000,10000,1.69,1.58,-0.11,-0.464,0.243,False,共有
OTHER__1,OTHER__1,2025搜索随机1w,2026搜索随机1w,143,129,10000,10000,1.43,1.29,-0.14,-0.464,0.183,False,共有
OTHER__2,OTHER__2,2025搜索随机1w,2026搜索随机1w,83,66,10000,10000,0.83,0.66,-0.17,-0.413,0.07,False,共有
OTHER__3,OTHER__3,2025搜索随机1w,2026搜索随机1w,114,122,10000,10000,1.14,1.22,0.08,-0.221,0.382,False,共有
OTHER__4,OTHER__4,2025搜索随机1w,2026搜索随机1w,202,206,10000,10000,2.02,2.06,0.04,-0.353,0.434,False,共有
PLATFORM_HELP__1,PLATFORM_HELP__1,2025搜索随机1w,2026搜索随机1w,384,267,10000,10000,3.84,2.67,-1.17,-1.665,-0.679,True,共有
PLATFORM_HELP__2,PLATFORM_HELP__2,2025搜索随机1w,2026搜索随机1w,246,175,10000,10000,2.46,1.75,-0.71,-1.111,-0.313,True,共有
PLOT_INFO_QA__1,PLOT_INFO_QA__1,2025搜索随机1w,2026搜索随机1w,73,71,10000,10000,0.73,0.71,-0.02,-0.258,0.217,False,共有
PLOT_INFO_QA__2,PLOT_INFO_QA__2,2025搜索随机1w,2026搜索随机1w,91,61,10000,10000,0.91,0.61,-0.3,-0.546,-0.059,True,共有
PLOT_INFO_QA__3,PLOT_INFO_QA__3,2025搜索随机1w,2026搜索随机1w,73,58,10000,10000,0.73,0.58,-0.15,-0.378,0.075,False,共有
PLOT_INFO_QA__4,PLOT_INFO_QA__4,2025搜索随机1w,2026搜索随机1w,139,85,10000,10000,1.39,0.85,-0.54,-0.837,-0.249,True,共有
PLOT_INFO_QA__5,PLOT_INFO_QA__5,2025搜索随机1w,2026搜索随机1w,180,137,10000,10000,1.8,1.37,-0.43,-0.78,-0.084,True,共有
RECOMMENDATION__1,RECOMMENDATION__1,2025搜索随机1w,2026搜索随机1w,22,33,10000,10000,0.22,0.33,0.11,-0.037,0.263,False,共有
RECOMMENDATION__2,RECOMMENDATION__2,2025搜索随机1w,2026搜索随机1w,26,27,10000,10000,0.26,0.27,0.01,-0.137,0.158,False,共有
RECOMMENDATION__3,RECOMMENDATION__3,2025搜索随机1w,2026搜索随机1w,14,25,10000,10000,0.14,0.25,0.11,-0.014,0.242,False,共有
RECOMMENDATION__4,RECOMMENDATION__4,2025搜索随机1w,2026搜索随机1w,75,89,10000,10000,0.75,0.89,0.14,-0.112,0.394,False,共有
RECOMMENDATION__5,RECOMMENDATION__5,2025搜索随机1w,2026搜索随机1w,59,69,10000,10000,0.59,0.69,0.1,-0.123,0.325,False,共有
SCENE_CLIP_WATCH__1,SCENE_CLIP_WATCH__1,2025搜索随机1w,2026搜索随机1w,62,44,10000,10000,0.62,0.44,-0.18,-0.387,0.023,False,共有
SCENE_LOCATE__1,SCENE_LOCATE__1,2025搜索随机1w,2026搜索随机1w,153,122,10000,10000,1.53,1.22,-0.31,-0.636,0.013,False,共有
SCENE_LOCATE__2,SCENE_LOCATE__2,2025搜索随机1w,2026搜索随机1w,33,21,10000,10000,0.33,0.21,-0.12,-0.272,0.026,False,共有
SITE_NAVIGATION__1,SITE_NAVIGATION__1,2025搜索随机1w,2026搜索随机1w,84,94,10000,10000,0.84,0.94,0.1,-0.162,0.364,False,共有
SITE_NAVIGATION__2,SITE_NAVIGATION__2,2025搜索随机1w,2026搜索随机1w,110,111,10000,10000,1.1,1.11,0.01,-0.282,0.302,False,共有
SITE_NAVIGATION__3,SITE_NAVIGATION__3,2025搜索随机1w,2026搜索随机1w,32,30,10000,10000,0.32,0.3,-0.02,-0.179,0.138,False,共有
TITLE_IDENTIFICATION__1,TITLE_IDENTIFICATION__1,2025搜索随机1w,2026搜索随机1w,24,22,10000,10000,0.24,0.22,-0.02,-0.159,0.118,False,共有
TITLE_IDENTIFICATION__2,TITLE_IDENTIFICATION__2,2025搜索随机1w,2026搜索随机1w,45,37,10000,10000,0.45,0.37,-0.08,-0.262,0.1,False,共有
TITLE_IDENTIFICATION__3,TITLE_IDENTIFICATION__3,2025搜索随机1w,2026搜索随机1w,72,61,10000,10000,0.72,0.61,-0.11,-0.339,0.117,False,共有
TITLE_IDENTIFICATION__4,TITLE_IDENTIFICATION__4,2025搜索随机1w,2026搜索随机1w,90,58,10000,10000,0.9,0.58,-0.32,-0.563,-0.082,True,共有
TITLE_IDENTIFICATION__5,TITLE_IDENTIFICATION__5,2025搜索随机1w,2026搜索随机1w,83,66,10000,10000,0.83,0.66,-0.17,-0.413,0.07,False,共有
WATCH_DIRECT__1,WATCH_DIRECT__1,2025搜索随机1w,2026搜索随机1w,776,919,10000,10000,7.76,9.19,1.43,0.658,2.203,True,共有
WATCH_DIRECT__2,WATCH_DIRECT__2,2025搜索随机1w,2026搜索随机1w,613,760,10000,10000,6.13,7.6,1.47,0.77,2.172,True,共有
WATCH_DIRECT__3,WATCH_DIRECT__3,2025搜索随机1w,2026搜索随机1w,675,654,10000,10000,6.75,6.54,-0.21,-0.901,0.481,False,共有
WHERE_TO_WATCH__1,WHERE_TO_WATCH__1,2025搜索随机1w,2026搜索随机1w,69,89,10000,10000,0.69,0.89,0.2,-0.047,0.45,False,共有
WORK_FACT_QA__1,WORK_FACT_QA__1,2025搜索随机1w,2026搜索随机1w,82,97,10000,10000,0.82,0.97,0.15,-0.113,0.415,False,共有
WORK_FACT_QA__2,WORK_FACT_QA__2,2025搜索随机1w,2026搜索随机1w,246,223,10000,10000,2.46,2.23,-0.23,-0.652,0.19,False,共有
WORK_FACT_QA__3,WORK_FACT_QA__3,2025搜索随机1w,2026搜索随机1w,308,263,10000,10000,3.08,2.63,-0.45,-0.914,0.012,False,共有
ADULT_RESTRICTED_CONTENT_ACCESS__1,ADULT_RESTRICTED_CONTENT_ACCESS__1,2025搜索随机1w,助手头部1k,74,3,10000,955,0.74,0.314,-0.426,-0.706,0.198,False,共有
ADULT_RESTRICTED_CONTENT_ACCESS__2,ADULT_RESTRICTED_CONTENT_ACCESS__2,2025搜索随机1w,助手头部1k,1,1,10000,955,0.01,0.105,0.095,-0.003,0.581,False,共有
ADULT_RESTRICTED_CONTENT_ACCESS__3,ADULT_RESTRICTED_CONTENT_ACCESS__3,2025搜索随机1w,助手头部1k,4,0,10000,955,0.04,0.0,-0.04,-0.103,0.361,False,a独有
ADULT_RESTRICTED_CONTENT_ACCESS__4,ADULT_RESTRICTED_CONTENT_ACCESS__4,2025搜索随机1w,助手头部1k,27,2,10000,955,0.27,0.209,-0.061,-0.256,0.497,False,共有
BARE_TITLE_LOOKUP__1,BARE_TITLE_LOOKUP__1,2025搜索随机1w,助手头部1k,817,55,10000,955,8.17,5.759,-2.411,-3.831,-0.669,True,共有
BARE_TITLE_LOOKUP__2,BARE_TITLE_LOOKUP__2,2025搜索随机1w,助手头部1k,350,56,10000,955,3.5,5.864,2.364,0.99,4.073,True,共有
BARE_TITLE_LOOKUP__3,BARE_TITLE_LOOKUP__3,2025搜索随机1w,助手头部1k,388,102,10000,955,3.88,10.681,6.801,4.954,8.95,True,共有
BARE_TITLE_LOOKUP__4,BARE_TITLE_LOOKUP__4,2025搜索随机1w,助手头部1k,465,68,10000,955,4.65,7.12,2.47,0.944,4.322,True,共有
BARE_TITLE_LOOKUP__5,BARE_TITLE_LOOKUP__5,2025搜索随机1w,助手头部1k,265,22,10000,955,2.65,2.304,-0.346,-1.192,0.851,False,共有
CAST_LOOKUP__1,CAST_LOOKUP__1,2025搜索随机1w,助手头部1k,89,1,10000,955,0.89,0.105,-0.785,-1.007,-0.272,True,共有
CAST_LOOKUP__2,CAST_LOOKUP__2,2025搜索随机1w,助手头部1k,188,34,10000,955,1.88,3.56,1.68,0.639,3.076,True,共有
CAST_LOOKUP__3,CAST_LOOKUP__3,2025搜索随机1w,助手头部1k,104,7,10000,955,1.04,0.733,-0.307,-0.743,0.486,False,共有
CAST_LOOKUP__4,CAST_LOOKUP__4,2025搜索随机1w,助手头部1k,184,15,10000,955,1.84,1.571,-0.269,-0.948,0.765,False,共有
FACT_VERIFICATION__1,FACT_VERIFICATION__1,2025搜索随机1w,助手头部1k,29,0,10000,955,0.29,0.0,-0.29,-0.416,0.12,False,a独有
FACT_VERIFICATION__2,FACT_VERIFICATION__2,2025搜索随机1w,助手头部1k,73,0,10000,955,0.73,0.0,-0.73,-0.917,-0.303,True,a独有
FACT_VERIFICATION__3,FACT_VERIFICATION__3,2025搜索随机1w,助手头部1k,37,1,10000,955,0.37,0.105,-0.265,-0.429,0.231,False,共有
LIVE_TV_SPORTS__1,LIVE_TV_SPORTS__1,2025搜索随机1w,助手头部1k,106,1,10000,955,1.06,0.105,-0.955,-1.192,-0.436,True,共有
LIVE_TV_SPORTS__2,LIVE_TV_SPORTS__2,2025搜索随机1w,助手头部1k,32,7,10000,955,0.32,0.733,0.413,0.013,1.191,True,共有
NON_DRAMA_VIDEO__1,NON_DRAMA_VIDEO__1,2025搜索随机1w,助手头部1k,1117,71,10000,955,11.17,7.435,-3.735,-5.362,-1.8,True,共有
NON_DRAMA_VIDEO__2,NON_DRAMA_VIDEO__2,2025搜索随机1w,助手头部1k,169,9,10000,955,1.69,0.942,-0.748,-1.27,0.124,False,共有
OTHER__1,OTHER__1,2025搜索随机1w,助手头部1k,143,14,10000,955,1.43,1.466,0.036,-0.606,1.039,False,共有
OTHER__2,OTHER__2,2025搜索随机1w,助手头部1k,83,24,10000,955,0.83,2.513,1.683,0.841,2.893,True,共有
OTHER__3,OTHER__3,2025搜索随机1w,助手头部1k,114,45,10000,955,1.14,4.712,3.572,2.378,5.119,True,共有
OTHER__4,OTHER__4,2025搜索随机1w,助手头部1k,202,34,10000,955,2.02,3.56,1.54,0.496,2.938,True,共有
PLATFORM_HELP__1,PLATFORM_HELP__1,2025搜索随机1w,助手头部1k,384,6,10000,955,3.84,0.628,-3.212,-3.733,-2.393,True,共有
PLATFORM_HELP__2,PLATFORM_HELP__2,2025搜索随机1w,助手头部1k,246,3,10000,955,2.46,0.314,-2.146,-2.529,-1.476,True,共有
PLOT_INFO_QA__1,PLOT_INFO_QA__1,2025搜索随机1w,助手头部1k,73,4,10000,955,0.73,0.419,-0.311,-0.628,0.359,False,共有
PLOT_INFO_QA__2,PLOT_INFO_QA__2,2025搜索随机1w,助手头部1k,91,5,10000,955,0.91,0.524,-0.386,-0.75,0.33,False,共有
PLOT_INFO_QA__3,PLOT_INFO_QA__3,2025搜索随机1w,助手头部1k,73,1,10000,955,0.73,0.105,-0.625,-0.831,-0.117,True,共有
PLOT_INFO_QA__4,PLOT_INFO_QA__4,2025搜索随机1w,助手头部1k,139,31,10000,955,1.39,3.246,1.856,0.874,3.197,True,共有
PLOT_INFO_QA__5,PLOT_INFO_QA__5,2025搜索随机1w,助手头部1k,180,33,10000,955,1.8,3.455,1.655,0.632,3.035,True,共有
RECOMMENDATION__1,RECOMMENDATION__1,2025搜索随机1w,助手头部1k,22,3,10000,955,0.22,0.314,0.094,-0.142,0.704,False,共有
RECOMMENDATION__2,RECOMMENDATION__2,2025搜索随机1w,助手头部1k,26,3,10000,955,0.26,0.314,0.054,-0.186,0.665,False,共有
RECOMMENDATION__3,RECOMMENDATION__3,2025搜索随机1w,助手头部1k,14,13,10000,955,0.14,1.361,1.221,0.649,2.177,True,共有
RECOMMENDATION__4,RECOMMENDATION__4,2025搜索随机1w,助手头部1k,75,5,10000,955,0.75,0.524,-0.226,-0.581,0.486,False,共有
RECOMMENDATION__5,RECOMMENDATION__5,2025搜索随机1w,助手头部1k,59,21,10000,955,0.59,2.199,1.609,0.834,2.756,True,共有
SCENE_CLIP_WATCH__1,SCENE_CLIP_WATCH__1,2025搜索随机1w,助手头部1k,62,6,10000,955,0.62,0.628,0.008,-0.374,0.756,False,共有
SCENE_LOCATE__1,SCENE_LOCATE__1,2025搜索随机1w,助手头部1k,153,6,10000,955,1.53,0.628,-0.902,-1.33,-0.133,True,共有
SCENE_LOCATE__2,SCENE_LOCATE__2,2025搜索随机1w,助手头部1k,33,0,10000,955,0.33,0.0,-0.33,-0.463,0.082,False,a独有
SITE_NAVIGATION__1,SITE_NAVIGATION__1,2025搜索随机1w,助手头部1k,84,11,10000,955,0.84,1.152,0.312,-0.233,1.225,False,共有
SITE_NAVIGATION__2,SITE_NAVIGATION__2,2025搜索随机1w,助手头部1k,110,9,10000,955,1.1,0.942,-0.158,-0.657,0.702,False,共有
SITE_NAVIGATION__3,SITE_NAVIGATION__3,2025搜索随机1w,助手头部1k,32,6,10000,955,0.32,0.628,0.308,-0.056,1.05,False,共有
TITLE_IDENTIFICATION__1,TITLE_IDENTIFICATION__1,2025搜索随机1w,助手头部1k,24,0,10000,955,0.24,0.0,-0.24,-0.357,0.168,False,a独有
TITLE_IDENTIFICATION__2,TITLE_IDENTIFICATION__2,2025搜索随机1w,助手头部1k,45,4,10000,955,0.45,0.419,-0.031,-0.329,0.632,False,共有
TITLE_IDENTIFICATION__3,TITLE_IDENTIFICATION__3,2025搜索随机1w,助手头部1k,72,2,10000,955,0.72,0.209,-0.511,-0.751,0.06,False,共有
TITLE_IDENTIFICATION__4,TITLE_IDENTIFICATION__4,2025搜索随机1w,助手头部1k,90,9,10000,955,0.9,0.942,0.042,-0.448,0.898,False,共有
TITLE_IDENTIFICATION__5,TITLE_IDENTIFICATION__5,2025搜索随机1w,助手头部1k,83,9,10000,955,0.83,0.942,0.112,-0.375,0.966,False,共有
WATCH_DIRECT__1,WATCH_DIRECT__1,2025搜索随机1w,助手头部1k,776,33,10000,955,7.76,3.455,-4.305,-5.428,-2.855,True,共有
WATCH_DIRECT__2,WATCH_DIRECT__2,2025搜索随机1w,助手头部1k,613,32,10000,955,6.13,3.351,-2.779,-3.862,-1.363,True,共有
WATCH_DIRECT__3,WATCH_DIRECT__3,2025搜索随机1w,助手头部1k,675,105,10000,955,6.75,10.995,4.245,2.345,6.439,True,共有
WHERE_TO_WATCH__1,WHERE_TO_WATCH__1,2025搜索随机1w,助手头部1k,69,8,10000,955,0.69,0.838,0.148,-0.303,0.967,False,共有
WORK_FACT_QA__1,WORK_FACT_QA__1,2025搜索随机1w,助手头部1k,82,0,10000,955,0.82,0.0,-0.82,-1.017,-0.389,True,a独有
WORK_FACT_QA__2,WORK_FACT_QA__2,2025搜索随机1w,助手头部1k,246,8,10000,955,2.46,0.838,-1.622,-2.146,-0.767,True,共有
WORK_FACT_QA__3,WORK_FACT_QA__3,2025搜索随机1w,助手头部1k,308,7,10000,955,3.08,0.733,-2.347,-2.867,-1.511,True,共有
ADULT_RESTRICTED_CONTENT_ACCESS__1,ADULT_RESTRICTED_CONTENT_ACCESS__1,2025搜索随机1w,助手随机1k,74,0,10000,982,0.74,0.0,-0.74,-0.928,-0.322,True,a独有
ADULT_RESTRICTED_CONTENT_ACCESS__2,ADULT_RESTRICTED_CONTENT_ACCESS__2,2025搜索随机1w,助手随机1k,1,0,10000,982,0.01,0.0,-0.01,-0.057,0.38,False,a独有
ADULT_RESTRICTED_CONTENT_ACCESS__3,ADULT_RESTRICTED_CONTENT_ACCESS__3,2025搜索随机1w,助手随机1k,4,0,10000,982,0.04,0.0,-0.04,-0.103,0.35,False,a独有
ADULT_RESTRICTED_CONTENT_ACCESS__4,ADULT_RESTRICTED_CONTENT_ACCESS__4,2025搜索随机1w,助手随机1k,27,1,10000,982,0.27,0.102,-0.168,-0.317,0.312,False,共有
BARE_TITLE_LOOKUP__1,BARE_TITLE_LOOKUP__1,2025搜索随机1w,助手随机1k,817,40,10000,982,8.17,4.073,-4.097,-5.299,-2.579,True,共有
BARE_TITLE_LOOKUP__2,BARE_TITLE_LOOKUP__2,2025搜索随机1w,助手随机1k,350,19,10000,982,3.5,1.935,-1.565,-2.355,-0.444,True,共有
BARE_TITLE_LOOKUP__3,BARE_TITLE_LOOKUP__3,2025搜索随机1w,助手随机1k,388,30,10000,982,3.88,3.055,-0.825,-1.815,0.498,False,共有
BARE_TITLE_LOOKUP__4,BARE_TITLE_LOOKUP__4,2025搜索随机1w,助手随机1k,465,23,10000,982,4.65,2.342,-2.308,-3.196,-1.094,True,共有
BARE_TITLE_LOOKUP__5,BARE_TITLE_LOOKUP__5,2025搜索随机1w,助手随机1k,265,13,10000,982,2.65,1.324,-1.326,-1.968,-0.352,True,共有
CAST_LOOKUP__1,CAST_LOOKUP__1,2025搜索随机1w,助手随机1k,89,4,10000,982,0.89,0.407,-0.483,-0.804,0.174,False,共有
CAST_LOOKUP__2,CAST_LOOKUP__2,2025搜索随机1w,助手随机1k,188,7,10000,982,1.88,0.713,-1.167,-1.632,-0.376,True,共有
CAST_LOOKUP__3,CAST_LOOKUP__3,2025搜索随机1w,助手随机1k,104,12,10000,982,1.04,1.222,0.182,-0.384,1.102,False,共有
CAST_LOOKUP__4,CAST_LOOKUP__4,2025搜索随机1w,助手随机1k,184,19,10000,982,1.84,1.935,0.095,-0.653,1.19,False,共有
FACT_VERIFICATION__1,FACT_VERIFICATION__1,2025搜索随机1w,助手随机1k,29,34,10000,982,0.29,3.462,3.172,2.19,4.512,True,共有
FACT_VERIFICATION__2,FACT_VERIFICATION__2,2025搜索随机1w,助手随机1k,73,19,10000,982,0.73,1.935,1.205,0.487,2.282,True,共有
FACT_VERIFICATION__3,FACT_VERIFICATION__3,2025搜索随机1w,助手随机1k,37,7,10000,982,0.37,0.713,0.343,-0.05,1.101,False,共有
LIVE_TV_SPORTS__1,LIVE_TV_SPORTS__1,2025搜索随机1w,助手随机1k,106,10,10000,982,1.06,1.018,-0.042,-0.556,0.824,False,共有
LIVE_TV_SPORTS__2,LIVE_TV_SPORTS__2,2025搜索随机1w,助手随机1k,32,1,10000,982,0.32,0.102,-0.218,-0.374,0.264,False,共有
NON_DRAMA_VIDEO__1,NON_DRAMA_VIDEO__1,2025搜索随机1w,助手随机1k,1117,117,10000,982,11.17,11.914,0.744,-1.238,3.002,False,共有
NON_DRAMA_VIDEO__2,NON_DRAMA_VIDEO__2,2025搜索随机1w,助手随机1k,169,5,10000,982,1.69,0.509,-1.181,-1.579,-0.464,True,共有
OTHER__1,OTHER__1,2025搜索随机1w,助手随机1k,143,14,10000,982,1.43,1.426,-0.004,-0.632,0.973,False,共有
OTHER__2,OTHER__2,2025搜索随机1w,助手随机1k,83,14,10000,982,0.83,1.426,0.596,-0.012,1.562,False,共有
OTHER__3,OTHER__3,2025搜索随机1w,助手随机1k,114,21,10000,982,1.14,2.138,0.998,0.228,2.123,True,共有
OTHER__4,OTHER__4,2025搜索随机1w,助手随机1k,202,96,10000,982,2.02,9.776,7.756,6.027,9.79,True,共有
PLATFORM_HELP__1,PLATFORM_HELP__1,2025搜索随机1w,助手随机1k,384,21,10000,982,3.84,2.138,-1.702,-2.536,-0.536,True,共有
PLATFORM_HELP__2,PLATFORM_HELP__2,2025搜索随机1w,助手随机1k,246,13,10000,982,2.46,1.324,-1.136,-1.772,-0.165,True,共有
PLOT_INFO_QA__1,PLOT_INFO_QA__1,2025搜索随机1w,助手随机1k,73,53,10000,982,0.73,5.397,4.667,3.406,6.269,True,共有
PLOT_INFO_QA__2,PLOT_INFO_QA__2,2025搜索随机1w,助手随机1k,91,33,10000,982,0.91,3.36,2.45,1.471,3.782,True,共有
PLOT_INFO_QA__3,PLOT_INFO_QA__3,2025搜索随机1w,助手随机1k,73,16,10000,982,0.73,1.629,0.899,0.248,1.911,True,共有
PLOT_INFO_QA__4,PLOT_INFO_QA__4,2025搜索随机1w,助手随机1k,139,9,10000,982,1.39,0.916,-0.474,-0.973,0.37,False,共有
PLOT_INFO_QA__5,PLOT_INFO_QA__5,2025搜索随机1w,助手随机1k,180,22,10000,982,1.8,2.24,0.44,-0.366,1.595,False,共有
RECOMMENDATION__1,RECOMMENDATION__1,2025搜索随机1w,助手随机1k,22,3,10000,982,0.22,0.305,0.085,-0.146,0.679,False,共有
RECOMMENDATION__2,RECOMMENDATION__2,2025搜索随机1w,助手随机1k,26,2,10000,982,0.26,0.204,-0.056,-0.247,0.486,False,共有
RECOMMENDATION__3,RECOMMENDATION__3,2025搜索随机1w,助手随机1k,14,3,10000,982,0.14,0.305,0.165,-0.057,0.757,False,共有
RECOMMENDATION__4,RECOMMENDATION__4,2025搜索随机1w,助手随机1k,75,9,10000,982,0.75,0.916,0.166,-0.307,0.996,False,共有
RECOMMENDATION__5,RECOMMENDATION__5,2025搜索随机1w,助手随机1k,59,11,10000,982,0.59,1.12,0.53,0.008,1.415,True,共有
SCENE_CLIP_WATCH__1,SCENE_CLIP_WATCH__1,2025搜索随机1w,助手随机1k,62,6,10000,982,0.62,0.611,-0.009,-0.383,0.719,False,共有
SCENE_LOCATE__1,SCENE_LOCATE__1,2025搜索随机1w,助手随机1k,153,9,10000,982,1.53,0.916,-0.614,-1.119,0.232,False,共有
SCENE_LOCATE__2,SCENE_LOCATE__2,2025搜索随机1w,助手随机1k,33,1,10000,982,0.33,0.102,-0.228,-0.385,0.254,False,共有
SITE_NAVIGATION__1,SITE_NAVIGATION__1,2025搜索随机1w,助手随机1k,84,3,10000,982,0.84,0.305,-0.535,-0.818,0.076,False,共有
SITE_NAVIGATION__2,SITE_NAVIGATION__2,2025搜索随机1w,助手随机1k,110,3,10000,982,1.1,0.305,-0.795,-1.096,-0.177,True,共有
SITE_NAVIGATION__3,SITE_NAVIGATION__3,2025搜索随机1w,助手随机1k,32,0,10000,982,0.32,0.0,-0.32,-0.451,0.081,False,a独有
TITLE_IDENTIFICATION__1,TITLE_IDENTIFICATION__1,2025搜索随机1w,助手随机1k,24,4,10000,982,0.24,0.407,0.167,-0.108,0.807,False,共有
TITLE_IDENTIFICATION__2,TITLE_IDENTIFICATION__2,2025搜索随机1w,助手随机1k,45,6,10000,982,0.45,0.611,0.161,-0.203,0.886,False,共有
TITLE_IDENTIFICATION__3,TITLE_IDENTIFICATION__3,2025搜索随机1w,助手随机1k,72,3,10000,982,0.72,0.305,-0.415,-0.689,0.193,False,共有
TITLE_IDENTIFICATION__4,TITLE_IDENTIFICATION__4,2025搜索随机1w,助手随机1k,90,9,10000,982,0.9,0.916,0.016,-0.463,0.85,False,共有
TITLE_IDENTIFICATION__5,TITLE_IDENTIFICATION__5,2025搜索随机1w,助手随机1k,83,7,10000,982,0.83,0.713,-0.117,-0.534,0.651,False,共有
WATCH_DIRECT__1,WATCH_DIRECT__1,2025搜索随机1w,助手随机1k,776,38,10000,982,7.76,3.87,-3.89,-5.06,-2.404,True,共有
WATCH_DIRECT__2,WATCH_DIRECT__2,2025搜索随机1w,助手随机1k,613,25,10000,982,6.13,2.546,-3.584,-4.534,-2.315,True,共有
WATCH_DIRECT__3,WATCH_DIRECT__3,2025搜索随机1w,助手随机1k,675,28,10000,982,6.75,2.851,-3.899,-4.908,-2.572,True,共有
WHERE_TO_WATCH__1,WHERE_TO_WATCH__1,2025搜索随机1w,助手随机1k,69,15,10000,982,0.69,1.527,0.837,0.211,1.826,True,共有
WORK_FACT_QA__1,WORK_FACT_QA__1,2025搜索随机1w,助手随机1k,82,13,10000,982,0.82,1.324,0.504,-0.079,1.445,False,共有
WORK_FACT_QA__2,WORK_FACT_QA__2,2025搜索随机1w,助手随机1k,246,62,10000,982,2.46,6.314,3.854,2.458,5.575,True,共有
WORK_FACT_QA__3,WORK_FACT_QA__3,2025搜索随机1w,助手随机1k,308,49,10000,982,3.08,4.99,1.91,0.663,3.489,True,共有
ADULT_RESTRICTED_CONTENT_ACCESS__1,ADULT_RESTRICTED_CONTENT_ACCESS__1,2025搜索随机1w,助手语音头部1k,74,8,10000,999,0.74,0.801,0.061,-0.376,0.847,False,共有
ADULT_RESTRICTED_CONTENT_ACCESS__2,ADULT_RESTRICTED_CONTENT_ACCESS__2,2025搜索随机1w,助手语音头部1k,1,0,10000,999,0.01,0.0,-0.01,-0.057,0.373,False,a独有
ADULT_RESTRICTED_CONTENT_ACCESS__3,ADULT_RESTRICTED_CONTENT_ACCESS__3,2025搜索随机1w,助手语音头部1k,4,1,10000,999,0.04,0.1,0.06,-0.044,0.525,False,共有
ADULT_RESTRICTED_CONTENT_ACCESS__4,ADULT_RESTRICTED_CONTENT_ACCESS__4,2025搜索随机1w,助手语音头部1k,27,1,10000,999,0.27,0.1,-0.17,-0.318,0.302,False,共有
BARE_TITLE_LOOKUP__1,BARE_TITLE_LOOKUP__1,2025搜索随机1w,助手语音头部1k,817,123,10000,999,8.17,12.312,4.142,2.169,6.387,True,共有
BARE_TITLE_LOOKUP__2,BARE_TITLE_LOOKUP__2,2025搜索随机1w,助手语音头部1k,350,27,10000,999,3.5,2.703,-0.797,-1.717,0.452,False,共有
BARE_TITLE_LOOKUP__3,BARE_TITLE_LOOKUP__3,2025搜索随机1w,助手语音头部1k,388,141,10000,999,3.88,14.114,10.234,8.174,12.559,True,共有
BARE_TITLE_LOOKUP__4,BARE_TITLE_LOOKUP__4,2025搜索随机1w,助手语音头部1k,465,152,10000,999,4.65,15.215,10.565,8.428,12.958,True,共有
BARE_TITLE_LOOKUP__5,BARE_TITLE_LOOKUP__5,2025搜索随机1w,助手语音头部1k,265,16,10000,999,2.65,1.602,-1.048,-1.747,-0.02,True,共有
CAST_LOOKUP__1,CAST_LOOKUP__1,2025搜索随机1w,助手语音头部1k,89,0,10000,999,0.89,0.0,-0.89,-1.094,-0.472,True,a独有
CAST_LOOKUP__2,CAST_LOOKUP__2,2025搜索随机1w,助手语音头部1k,188,5,10000,999,1.88,0.501,-1.379,-1.784,-0.669,True,共有
CAST_LOOKUP__3,CAST_LOOKUP__3,2025搜索随机1w,助手语音头部1k,104,0,10000,999,1.04,0.0,-1.04,-1.258,-0.616,True,a独有
CAST_LOOKUP__4,CAST_LOOKUP__4,2025搜索随机1w,助手语音头部1k,184,3,10000,999,1.84,0.3,-1.54,-1.885,-0.911,True,共有
FACT_VERIFICATION__1,FACT_VERIFICATION__1,2025搜索随机1w,助手语音头部1k,29,0,10000,999,0.29,0.0,-0.29,-0.416,0.103,False,a独有
FACT_VERIFICATION__2,FACT_VERIFICATION__2,2025搜索随机1w,助手语音头部1k,73,0,10000,999,0.73,0.0,-0.73,-0.917,-0.319,True,a独有
FACT_VERIFICATION__3,FACT_VERIFICATION__3,2025搜索随机1w,助手语音头部1k,37,0,10000,999,0.37,0.0,-0.37,-0.51,0.026,False,a独有
LIVE_TV_SPORTS__1,LIVE_TV_SPORTS__1,2025搜索随机1w,助手语音头部1k,106,21,10000,999,1.06,2.102,1.042,0.286,2.147,True,共有
LIVE_TV_SPORTS__2,LIVE_TV_SPORTS__2,2025搜索随机1w,助手语音头部1k,32,25,10000,999,0.32,2.503,2.183,1.37,3.352,True,共有
NON_DRAMA_VIDEO__1,NON_DRAMA_VIDEO__1,2025搜索随机1w,助手语音头部1k,1117,47,10000,999,11.17,4.705,-6.465,-7.776,-4.853,True,共有
NON_DRAMA_VIDEO__2,NON_DRAMA_VIDEO__2,2025搜索随机1w,助手语音头部1k,169,3,10000,999,1.69,0.3,-1.39,-1.726,-0.765,True,共有
OTHER__1,OTHER__1,2025搜索随机1w,助手语音头部1k,143,10,10000,999,1.43,1.001,-0.429,-0.95,0.43,False,共有
OTHER__2,OTHER__2,2025搜索随机1w,助手语音头部1k,83,13,10000,999,0.83,1.301,0.471,-0.103,1.398,False,共有
OTHER__3,OTHER__3,2025搜索随机1w,助手语音头部1k,114,16,10000,999,1.14,1.602,0.462,-0.193,1.464,False,共有
OTHER__4,OTHER__4,2025搜索随机1w,助手语音头部1k,202,23,10000,999,2.02,2.302,0.282,-0.536,1.44,False,共有
PLATFORM_HELP__1,PLATFORM_HELP__1,2025搜索随机1w,助手语音头部1k,384,7,10000,999,3.84,0.701,-3.139,-3.674,-2.318,True,共有
PLATFORM_HELP__2,PLATFORM_HELP__2,2025搜索随机1w,助手语音头部1k,246,5,10000,999,2.46,0.501,-1.959,-2.391,-1.235,True,共有
PLOT_INFO_QA__1,PLOT_INFO_QA__1,2025搜索随机1w,助手语音头部1k,73,0,10000,999,0.73,0.0,-0.73,-0.917,-0.319,True,a独有
PLOT_INFO_QA__2,PLOT_INFO_QA__2,2025搜索随机1w,助手语音头部1k,91,0,10000,999,0.91,0.0,-0.91,-1.116,-0.492,True,a独有
PLOT_INFO_QA__3,PLOT_INFO_QA__3,2025搜索随机1w,助手语音头部1k,73,0,10000,999,0.73,0.0,-0.73,-0.917,-0.319,True,a独有
PLOT_INFO_QA__4,PLOT_INFO_QA__4,2025搜索随机1w,助手语音头部1k,139,3,10000,999,1.39,0.3,-1.09,-1.408,-0.473,True,共有
PLOT_INFO_QA__5,PLOT_INFO_QA__5,2025搜索随机1w,助手语音头部1k,180,1,10000,999,1.8,0.1,-1.7,-1.991,-1.176,True,共有
RECOMMENDATION__1,RECOMMENDATION__1,2025搜索随机1w,助手语音头部1k,22,1,10000,999,0.22,0.1,-0.12,-0.26,0.351,False,共有
RECOMMENDATION__2,RECOMMENDATION__2,2025搜索随机1w,助手语音头部1k,26,0,10000,999,0.26,0.0,-0.26,-0.381,0.132,False,a独有
RECOMMENDATION__3,RECOMMENDATION__3,2025搜索随机1w,助手语音头部1k,14,10,10000,999,0.14,1.001,0.861,0.395,1.695,True,共有
RECOMMENDATION__4,RECOMMENDATION__4,2025搜索随机1w,助手语音头部1k,75,9,10000,999,0.75,0.901,0.151,-0.315,0.967,False,共有
RECOMMENDATION__5,RECOMMENDATION__5,2025搜索随机1w,助手语音头部1k,59,3,10000,999,0.59,0.3,-0.29,-0.551,0.304,False,共有
SCENE_CLIP_WATCH__1,SCENE_CLIP_WATCH__1,2025搜索随机1w,助手语音头部1k,62,5,10000,999,0.62,0.501,-0.119,-0.455,0.56,False,共有
SCENE_LOCATE__1,SCENE_LOCATE__1,2025搜索随机1w,助手语音头部1k,153,0,10000,999,1.53,0.0,-1.53,-1.79,-1.087,True,a独有
SCENE_LOCATE__2,SCENE_LOCATE__2,2025搜索随机1w,助手语音头部1k,33,0,10000,999,0.33,0.0,-0.33,-0.463,0.065,False,a独有
SITE_NAVIGATION__1,SITE_NAVIGATION__1,2025搜索随机1w,助手语音头部1k,84,7,10000,999,0.84,0.701,-0.139,-0.551,0.617,False,共有
SITE_NAVIGATION__2,SITE_NAVIGATION__2,2025搜索随机1w,助手语音头部1k,110,18,10000,999,1.1,1.802,0.702,0.006,1.747,True,共有
SITE_NAVIGATION__3,SITE_NAVIGATION__3,2025搜索随机1w,助手语音头部1k,32,0,10000,999,0.32,0.0,-0.32,-0.451,0.074,False,a独有
TITLE_IDENTIFICATION__1,TITLE_IDENTIFICATION__1,2025搜索随机1w,助手语音头部1k,24,0,10000,999,0.24,0.0,-0.24,-0.357,0.151,False,a独有
TITLE_IDENTIFICATION__2,TITLE_IDENTIFICATION__2,2025搜索随机1w,助手语音头部1k,45,0,10000,999,0.45,0.0,-0.45,-0.602,-0.05,True,a独有
TITLE_IDENTIFICATION__3,TITLE_IDENTIFICATION__3,2025搜索随机1w,助手语音头部1k,72,3,10000,999,0.72,0.3,-0.42,-0.691,0.178,False,共有
TITLE_IDENTIFICATION__4,TITLE_IDENTIFICATION__4,2025搜索随机1w,助手语音头部1k,90,0,10000,999,0.9,0.0,-0.9,-1.105,-0.482,True,a独有
TITLE_IDENTIFICATION__5,TITLE_IDENTIFICATION__5,2025搜索随机1w,助手语音头部1k,83,1,10000,999,0.83,0.1,-0.73,-0.944,-0.238,True,共有
WATCH_DIRECT__1,WATCH_DIRECT__1,2025搜索随机1w,助手语音头部1k,776,23,10000,999,7.76,2.302,-5.458,-6.393,-4.22,True,共有
WATCH_DIRECT__2,WATCH_DIRECT__2,2025搜索随机1w,助手语音头部1k,613,86,10000,999,6.13,8.609,2.479,0.821,4.434,True,共有
WATCH_DIRECT__3,WATCH_DIRECT__3,2025搜索随机1w,助手语音头部1k,675,159,10000,999,6.75,15.916,9.166,6.969,11.611,True,共有
WHERE_TO_WATCH__1,WHERE_TO_WATCH__1,2025搜索随机1w,助手语音头部1k,69,1,10000,999,0.69,0.1,-0.59,-0.79,-0.103,True,共有
WORK_FACT_QA__1,WORK_FACT_QA__1,2025搜索随机1w,助手语音头部1k,82,18,10000,999,0.82,1.802,0.982,0.294,2.022,True,共有
WORK_FACT_QA__2,WORK_FACT_QA__2,2025搜索随机1w,助手语音头部1k,246,1,10000,999,2.46,0.1,-2.36,-2.693,-1.814,True,共有
WORK_FACT_QA__3,WORK_FACT_QA__3,2025搜索随机1w,助手语音头部1k,308,3,10000,999,3.08,0.3,-2.78,-3.188,-2.118,True,共有
ADULT_RESTRICTED_CONTENT_ACCESS__1,ADULT_RESTRICTED_CONTENT_ACCESS__1,2025搜索随机1w,助手语音随机1k,74,7,10000,1000,0.74,0.7,-0.04,-0.447,0.713,False,共有
ADULT_RESTRICTED_CONTENT_ACCESS__2,ADULT_RESTRICTED_CONTENT_ACCESS__2,2025搜索随机1w,助手语音随机1k,1,0,10000,1000,0.01,0.0,-0.01,-0.057,0.373,False,a独有
ADULT_RESTRICTED_CONTENT_ACCESS__3,ADULT_RESTRICTED_CONTENT_ACCESS__3,2025搜索随机1w,助手语音随机1k,4,1,10000,1000,0.04,0.1,0.06,-0.044,0.525,False,共有
ADULT_RESTRICTED_CONTENT_ACCESS__4,ADULT_RESTRICTED_CONTENT_ACCESS__4,2025搜索随机1w,助手语音随机1k,27,1,10000,1000,0.27,0.1,-0.17,-0.318,0.302,False,共有
BARE_TITLE_LOOKUP__1,BARE_TITLE_LOOKUP__1,2025搜索随机1w,助手语音随机1k,817,108,10000,1000,8.17,10.8,2.63,0.77,4.77,True,共有
BARE_TITLE_LOOKUP__2,BARE_TITLE_LOOKUP__2,2025搜索随机1w,助手语音随机1k,350,31,10000,1000,3.5,3.1,-0.4,-1.383,0.912,False,共有
BARE_TITLE_LOOKUP__3,BARE_TITLE_LOOKUP__3,2025搜索随机1w,助手语音随机1k,388,62,10000,1000,3.88,6.2,2.32,0.929,4.027,True,共有
BARE_TITLE_LOOKUP__4,BARE_TITLE_LOOKUP__4,2025搜索随机1w,助手语音随机1k,465,46,10000,1000,4.65,4.6,-0.05,-1.263,1.483,False,共有
BARE_TITLE_LOOKUP__5,BARE_TITLE_LOOKUP__5,2025搜索随机1w,助手语音随机1k,265,33,10000,1000,2.65,3.3,0.65,-0.348,1.982,False,共有
CAST_LOOKUP__1,CAST_LOOKUP__1,2025搜索随机1w,助手语音随机1k,89,7,10000,1000,0.89,0.7,-0.19,-0.604,0.566,False,共有
CAST_LOOKUP__2,CAST_LOOKUP__2,2025搜索随机1w,助手语音随机1k,188,17,10000,1000,1.88,1.7,-0.18,-0.877,0.856,False,共有
CAST_LOOKUP__3,CAST_LOOKUP__3,2025搜索随机1w,助手语音随机1k,104,8,10000,1000,1.04,0.8,-0.24,-0.691,0.552,False,共有
CAST_LOOKUP__4,CAST_LOOKUP__4,2025搜索随机1w,助手语音随机1k,184,17,10000,1000,1.84,1.7,-0.14,-0.836,0.895,False,共有
FACT_VERIFICATION__1,FACT_VERIFICATION__1,2025搜索随机1w,助手语音随机1k,29,2,10000,1000,0.29,0.2,-0.09,-0.282,0.444,False,共有
FACT_VERIFICATION__2,FACT_VERIFICATION__2,2025搜索随机1w,助手语音随机1k,73,4,10000,1000,0.73,0.4,-0.33,-0.638,0.311,False,共有
FACT_VERIFICATION__3,FACT_VERIFICATION__3,2025搜索随机1w,助手语音随机1k,37,4,10000,1000,0.37,0.4,0.03,-0.251,0.662,False,共有
LIVE_TV_SPORTS__1,LIVE_TV_SPORTS__1,2025搜索随机1w,助手语音随机1k,106,11,10000,1000,1.06,1.1,0.04,-0.492,0.918,False,共有
LIVE_TV_SPORTS__2,LIVE_TV_SPORTS__2,2025搜索随机1w,助手语音随机1k,32,2,10000,1000,0.32,0.2,-0.12,-0.316,0.414,False,共有
NON_DRAMA_VIDEO__1,NON_DRAMA_VIDEO__1,2025搜索随机1w,助手语音随机1k,1117,134,10000,1000,11.17,13.4,2.23,0.159,4.561,True,共有
NON_DRAMA_VIDEO__2,NON_DRAMA_VIDEO__2,2025搜索随机1w,助手语音随机1k,169,30,10000,1000,1.69,3.0,1.31,0.379,2.582,True,共有
OTHER__1,OTHER__1,2025搜索随机1w,助手语音随机1k,143,21,10000,1000,1.43,2.1,0.67,-0.095,1.78,False,共有
OTHER__2,OTHER__2,2025搜索随机1w,助手语音随机1k,83,11,10000,1000,0.83,1.1,0.27,-0.253,1.144,False,共有
OTHER__3,OTHER__3,2025搜索随机1w,助手语音随机1k,114,11,10000,1000,1.14,1.1,-0.04,-0.575,0.84,False,共有
OTHER__4,OTHER__4,2025搜索随机1w,助手语音随机1k,202,29,10000,1000,2.02,2.9,0.88,-0.042,2.14,False,共有
PLATFORM_HELP__1,PLATFORM_HELP__1,2025搜索随机1w,助手语音随机1k,384,23,10000,1000,3.84,2.3,-1.54,-2.399,-0.357,True,共有
PLATFORM_HELP__2,PLATFORM_HELP__2,2025搜索随机1w,助手语音随机1k,246,9,10000,1000,2.46,0.9,-1.56,-2.094,-0.709,True,共有
PLOT_INFO_QA__1,PLOT_INFO_QA__1,2025搜索随机1w,助手语音随机1k,73,15,10000,1000,0.73,1.5,0.77,0.152,1.742,True,共有
PLOT_INFO_QA__2,PLOT_INFO_QA__2,2025搜索随机1w,助手语音随机1k,91,6,10000,1000,0.91,0.6,-0.31,-0.694,0.413,False,共有
PLOT_INFO_QA__3,PLOT_INFO_QA__3,2025搜索随机1w,助手语音随机1k,73,5,10000,1000,0.73,0.5,-0.23,-0.572,0.452,False,共有
PLOT_INFO_QA__4,PLOT_INFO_QA__4,2025搜索随机1w,助手语音随机1k,139,6,10000,1000,1.39,0.6,-0.79,-1.199,-0.056,True,共有
PLOT_INFO_QA__5,PLOT_INFO_QA__5,2025搜索随机1w,助手语音随机1k,180,9,10000,1000,1.8,0.9,-0.9,-1.409,-0.062,True,共有
RECOMMENDATION__1,RECOMMENDATION__1,2025搜索随机1w,助手语音随机1k,22,2,10000,1000,0.22,0.2,-0.02,-0.204,0.512,False,共有
RECOMMENDATION__2,RECOMMENDATION__2,2025搜索随机1w,助手语音随机1k,26,4,10000,1000,0.26,0.4,0.14,-0.133,0.769,False,共有
RECOMMENDATION__3,RECOMMENDATION__3,2025搜索随机1w,助手语音随机1k,14,1,10000,1000,0.14,0.1,-0.04,-0.166,0.428,False,共有
RECOMMENDATION__4,RECOMMENDATION__4,2025搜索随机1w,助手语音随机1k,75,9,10000,1000,0.75,0.9,0.15,-0.316,0.966,False,共有
RECOMMENDATION__5,RECOMMENDATION__5,2025搜索随机1w,助手语音随机1k,59,4,10000,1000,0.59,0.4,-0.19,-0.488,0.448,False,共有
SCENE_CLIP_WATCH__1,SCENE_CLIP_WATCH__1,2025搜索随机1w,助手语音随机1k,62,6,10000,1000,0.62,0.6,-0.02,-0.388,0.696,False,共有
SCENE_LOCATE__1,SCENE_LOCATE__1,2025搜索随机1w,助手语音随机1k,153,5,10000,1000,1.53,0.5,-1.03,-1.417,-0.329,True,共有
SCENE_LOCATE__2,SCENE_LOCATE__2,2025搜索随机1w,助手语音随机1k,33,2,10000,1000,0.33,0.2,-0.13,-0.327,0.405,False,共有
SITE_NAVIGATION__1,SITE_NAVIGATION__1,2025搜索随机1w,助手语音随机1k,84,5,10000,1000,0.84,0.5,-0.34,-0.688,0.344,False,共有
SITE_NAVIGATION__2,SITE_NAVIGATION__2,2025搜索随机1w,助手语音随机1k,110,10,10000,1000,1.1,1.0,-0.1,-0.608,0.752,False,共有
SITE_NAVIGATION__3,SITE_NAVIGATION__3,2025搜索随机1w,助手语音随机1k,32,3,10000,1000,0.32,0.3,-0.02,-0.258,0.566,False,共有
TITLE_IDENTIFICATION__1,TITLE_IDENTIFICATION__1,2025搜索随机1w,助手语音随机1k,24,6,10000,1000,0.24,0.6,0.36,0.015,1.067,True,共有
TITLE_IDENTIFICATION__2,TITLE_IDENTIFICATION__2,2025搜索随机1w,助手语音随机1k,45,3,10000,1000,0.45,0.3,-0.15,-0.399,0.439,False,共有
TITLE_IDENTIFICATION__3,TITLE_IDENTIFICATION__3,2025搜索随机1w,助手语音随机1k,72,11,10000,1000,0.72,1.1,0.38,-0.139,1.252,False,共有
TITLE_IDENTIFICATION__4,TITLE_IDENTIFICATION__4,2025搜索随机1w,助手语音随机1k,90,8,10000,1000,0.9,0.8,-0.1,-0.544,0.689,False,共有
TITLE_IDENTIFICATION__5,TITLE_IDENTIFICATION__5,2025搜索随机1w,助手语音随机1k,83,10,10000,1000,0.83,1.0,0.17,-0.327,1.016,False,共有
WATCH_DIRECT__1,WATCH_DIRECT__1,2025搜索随机1w,助手语音随机1k,776,70,10000,1000,7.76,7.0,-0.76,-2.282,1.064,False,共有
WATCH_DIRECT__2,WATCH_DIRECT__2,2025搜索随机1w,助手语音随机1k,613,49,10000,1000,6.13,4.9,-1.23,-2.501,0.355,False,共有
WATCH_DIRECT__3,WATCH_DIRECT__3,2025搜索随机1w,助手语音随机1k,675,42,10000,1000,6.75,4.2,-2.55,-3.742,-1.045,True,共有
WHERE_TO_WATCH__1,WHERE_TO_WATCH__1,2025搜索随机1w,助手语音随机1k,69,5,10000,1000,0.69,0.5,-0.19,-0.529,0.491,False,共有
WORK_FACT_QA__1,WORK_FACT_QA__1,2025搜索随机1w,助手语音随机1k,82,11,10000,1000,0.82,1.1,0.28,-0.243,1.154,False,共有
WORK_FACT_QA__2,WORK_FACT_QA__2,2025搜索随机1w,助手语音随机1k,246,28,10000,1000,2.46,2.8,0.34,-0.574,1.59,False,共有
WORK_FACT_QA__3,WORK_FACT_QA__3,2025搜索随机1w,助手语音随机1k,308,36,10000,1000,3.08,3.6,0.52,-0.531,1.901,False,共有
ADULT_RESTRICTED_CONTENT_ACCESS__1,ADULT_RESTRICTED_CONTENT_ACCESS__1,2026搜索,2026搜索随机1w,64,81,9999,10000,0.64,0.81,0.17,-0.067,0.41,False,共有
ADULT_RESTRICTED_CONTENT_ACCESS__2,ADULT_RESTRICTED_CONTENT_ACCESS__2,2026搜索,2026搜索随机1w,11,2,9999,10000,0.11,0.02,-0.09,-0.178,-0.018,True,共有
ADULT_RESTRICTED_CONTENT_ACCESS__3,ADULT_RESTRICTED_CONTENT_ACCESS__3,2026搜索,2026搜索随机1w,19,8,9999,10000,0.19,0.08,-0.11,-0.224,-0.006,True,共有
ADULT_RESTRICTED_CONTENT_ACCESS__4,ADULT_RESTRICTED_CONTENT_ACCESS__4,2026搜索,2026搜索随机1w,26,63,9999,10000,0.26,0.63,0.37,0.187,0.564,True,共有
BARE_TITLE_LOOKUP__1,BARE_TITLE_LOOKUP__1,2026搜索,2026搜索随机1w,998,812,9999,10000,9.981,8.12,-1.861,-2.657,-1.066,True,共有
BARE_TITLE_LOOKUP__2,BARE_TITLE_LOOKUP__2,2026搜索,2026搜索随机1w,682,403,9999,10000,6.821,4.03,-2.791,-3.42,-2.165,True,共有
BARE_TITLE_LOOKUP__3,BARE_TITLE_LOOKUP__3,2026搜索,2026搜索随机1w,981,431,9999,10000,9.811,4.31,-5.501,-6.21,-4.797,True,共有
BARE_TITLE_LOOKUP__4,BARE_TITLE_LOOKUP__4,2026搜索,2026搜索随机1w,1064,425,9999,10000,10.641,4.25,-6.391,-7.117,-5.671,True,共有
BARE_TITLE_LOOKUP__5,BARE_TITLE_LOOKUP__5,2026搜索,2026搜索随机1w,314,345,9999,10000,3.14,3.45,0.31,-0.186,0.806,False,共有
CAST_LOOKUP__1,CAST_LOOKUP__1,2026搜索,2026搜索随机1w,26,90,9999,10000,0.26,0.9,0.64,0.434,0.861,True,共有
CAST_LOOKUP__2,CAST_LOOKUP__2,2026搜索,2026搜索随机1w,113,117,9999,10000,1.13,1.17,0.04,-0.258,0.338,False,共有
CAST_LOOKUP__3,CAST_LOOKUP__3,2026搜索,2026搜索随机1w,55,107,9999,10000,0.55,1.07,0.52,0.273,0.775,True,共有
CAST_LOOKUP__4,CAST_LOOKUP__4,2026搜索,2026搜索随机1w,17,195,9999,10000,0.17,1.95,1.78,1.507,2.077,True,共有
FACT_VERIFICATION__1,FACT_VERIFICATION__1,2026搜索,2026搜索随机1w,1,31,9999,10000,0.01,0.31,0.3,0.197,0.43,True,共有
FACT_VERIFICATION__2,FACT_VERIFICATION__2,2026搜索,2026搜索随机1w,1,69,9999,10000,0.01,0.69,0.68,0.528,0.862,True,共有
FACT_VERIFICATION__3,FACT_VERIFICATION__3,2026搜索,2026搜索随机1w,1,36,9999,10000,0.01,0.36,0.35,0.24,0.488,True,共有
LIVE_TV_SPORTS__1,LIVE_TV_SPORTS__1,2026搜索,2026搜索随机1w,154,103,9999,10000,1.54,1.03,-0.51,-0.827,-0.198,True,共有
LIVE_TV_SPORTS__2,LIVE_TV_SPORTS__2,2026搜索,2026搜索随机1w,242,46,9999,10000,2.42,0.46,-1.96,-2.3,-1.638,True,共有
NON_DRAMA_VIDEO__1,NON_DRAMA_VIDEO__1,2026搜索,2026搜索随机1w,186,1187,9999,10000,1.86,11.87,10.01,9.329,10.704,True,共有
NON_DRAMA_VIDEO__2,NON_DRAMA_VIDEO__2,2026搜索,2026搜索随机1w,10,158,9999,10000,0.1,1.58,1.48,1.238,1.748,True,共有
OTHER__1,OTHER__1,2026搜索,2026搜索随机1w,64,129,9999,10000,0.64,1.29,0.65,0.381,0.928,True,共有
OTHER__2,OTHER__2,2026搜索,2026搜索随机1w,64,66,9999,10000,0.64,0.66,0.02,-0.206,0.246,False,共有
OTHER__3,OTHER__3,2026搜索,2026搜索随机1w,120,122,9999,10000,1.2,1.22,0.02,-0.285,0.325,False,共有
OTHER__4,OTHER__4,2026搜索,2026搜索随机1w,88,206,9999,10000,0.88,2.06,1.18,0.85,1.52,True,共有
PLATFORM_HELP__1,PLATFORM_HELP__1,2026搜索,2026搜索随机1w,51,267,9999,10000,0.51,2.67,2.16,1.822,2.516,True,共有
PLATFORM_HELP__2,PLATFORM_HELP__2,2026搜索,2026搜索随机1w,43,175,9999,10000,0.43,1.75,1.32,1.038,1.617,True,共有
PLOT_INFO_QA__1,PLOT_INFO_QA__1,2026搜索,2026搜索随机1w,7,71,9999,10000,0.07,0.71,0.64,0.475,0.828,True,共有
PLOT_INFO_QA__2,PLOT_INFO_QA__2,2026搜索,2026搜索随机1w,4,61,9999,10000,0.04,0.61,0.57,0.421,0.744,True,共有
PLOT_INFO_QA__3,PLOT_INFO_QA__3,2026搜索,2026搜索随机1w,3,58,9999,10000,0.03,0.58,0.55,0.407,0.72,True,共有
PLOT_INFO_QA__4,PLOT_INFO_QA__4,2026搜索,2026搜索随机1w,63,85,9999,10000,0.63,0.85,0.22,-0.019,0.462,False,共有
PLOT_INFO_QA__5,PLOT_INFO_QA__5,2026搜索,2026搜索随机1w,17,137,9999,10000,0.17,1.37,1.2,0.967,1.455,True,共有
RECOMMENDATION__1,RECOMMENDATION__1,2026搜索,2026搜索随机1w,16,33,9999,10000,0.16,0.33,0.17,0.032,0.317,True,共有
RECOMMENDATION__2,RECOMMENDATION__2,2026搜索,2026搜索随机1w,18,27,9999,10000,0.18,0.27,0.09,-0.044,0.229,False,共有
RECOMMENDATION__3,RECOMMENDATION__3,2026搜索,2026搜索随机1w,58,25,9999,10000,0.58,0.25,-0.33,-0.517,-0.153,True,共有
RECOMMENDATION__4,RECOMMENDATION__4,2026搜索,2026搜索随机1w,60,89,9999,10000,0.6,0.89,0.29,0.051,0.534,True,共有
RECOMMENDATION__5,RECOMMENDATION__5,2026搜索,2026搜索随机1w,39,69,9999,10000,0.39,0.69,0.3,0.097,0.51,True,共有
SCENE_CLIP_WATCH__1,SCENE_CLIP_WATCH__1,2026搜索,2026搜索随机1w,15,44,9999,10000,0.15,0.44,0.29,0.142,0.451,True,共有
SCENE_LOCATE__1,SCENE_LOCATE__1,2026搜索,2026搜索随机1w,1,122,9999,10000,0.01,1.22,1.21,1.007,1.445,True,共有
SCENE_LOCATE__2,SCENE_LOCATE__2,2026搜索,2026搜索随机1w,1,21,9999,10000,0.01,0.21,0.2,0.114,0.311,True,共有
SITE_NAVIGATION__1,SITE_NAVIGATION__1,2026搜索,2026搜索随机1w,185,94,9999,10000,1.85,0.94,-0.91,-1.241,-0.587,True,共有
SITE_NAVIGATION__2,SITE_NAVIGATION__2,2026搜索,2026搜索随机1w,154,111,9999,10000,1.54,1.11,-0.43,-0.751,-0.113,True,共有
SITE_NAVIGATION__3,SITE_NAVIGATION__3,2026搜索,2026搜索随机1w,63,30,9999,10000,0.63,0.3,-0.33,-0.527,-0.142,True,共有
TITLE_IDENTIFICATION__1,TITLE_IDENTIFICATION__1,2026搜索,2026搜索随机1w,4,22,9999,10000,0.04,0.22,0.18,0.082,0.296,True,共有
TITLE_IDENTIFICATION__2,TITLE_IDENTIFICATION__2,2026搜索,2026搜索随机1w,11,37,9999,10000,0.11,0.37,0.26,0.126,0.408,True,共有
TITLE_IDENTIFICATION__3,TITLE_IDENTIFICATION__3,2026搜索,2026搜索随机1w,6,61,9999,10000,0.06,0.61,0.55,0.398,0.726,True,共有
TITLE_IDENTIFICATION__4,TITLE_IDENTIFICATION__4,2026搜索,2026搜索随机1w,2,58,9999,10000,0.02,0.58,0.56,0.419,0.73,True,共有
TITLE_IDENTIFICATION__5,TITLE_IDENTIFICATION__5,2026搜索,2026搜索随机1w,5,66,9999,10000,0.05,0.66,0.61,0.454,0.791,True,共有
WATCH_DIRECT__1,WATCH_DIRECT__1,2026搜索,2026搜索随机1w,960,919,9999,10000,9.601,9.19,-0.411,-1.22,0.398,False,共有
WATCH_DIRECT__2,WATCH_DIRECT__2,2026搜索,2026搜索随机1w,1033,760,9999,10000,10.331,7.6,-2.731,-3.523,-1.94,True,共有
WATCH_DIRECT__3,WATCH_DIRECT__3,2026搜索,2026搜索随机1w,1758,654,9999,10000,17.582,6.54,-11.042,-11.933,-10.153,True,共有
WHERE_TO_WATCH__1,WHERE_TO_WATCH__1,2026搜索,2026搜索随机1w,38,89,9999,10000,0.38,0.89,0.51,0.292,0.738,True,共有
WORK_FACT_QA__1,WORK_FACT_QA__1,2026搜索,2026搜索随机1w,32,97,9999,10000,0.32,0.97,0.65,0.432,0.881,True,共有
WORK_FACT_QA__2,WORK_FACT_QA__2,2026搜索,2026搜索随机1w,15,223,9999,10000,0.15,2.23,2.08,1.791,2.394,True,共有
WORK_FACT_QA__3,WORK_FACT_QA__3,2026搜索,2026搜索随机1w,36,263,9999,10000,0.36,2.63,2.27,1.943,2.617,True,共有
ADULT_RESTRICTED_CONTENT_ACCESS__1,ADULT_RESTRICTED_CONTENT_ACCESS__1,2026搜索,助手头部1k,64,3,9999,955,0.64,0.314,-0.326,-0.598,0.295,False,共有
ADULT_RESTRICTED_CONTENT_ACCESS__2,ADULT_RESTRICTED_CONTENT_ACCESS__2,2026搜索,助手头部1k,11,1,9999,955,0.11,0.105,-0.005,-0.128,0.483,False,共有
ADULT_RESTRICTED_CONTENT_ACCESS__3,ADULT_RESTRICTED_CONTENT_ACCESS__3,2026搜索,助手头部1k,19,0,9999,955,0.19,0.0,-0.19,-0.297,0.216,False,a独有
ADULT_RESTRICTED_CONTENT_ACCESS__4,ADULT_RESTRICTED_CONTENT_ACCESS__4,2026搜索,助手头部1k,26,2,9999,955,0.26,0.209,-0.051,-0.245,0.506,False,共有
BARE_TITLE_LOOKUP__1,BARE_TITLE_LOOKUP__1,2026搜索,助手头部1k,998,55,9999,955,9.981,5.759,-4.222,-5.662,-2.464,True,共有
BARE_TITLE_LOOKUP__2,BARE_TITLE_LOOKUP__2,2026搜索,助手头部1k,682,56,9999,955,6.821,5.864,-0.957,-2.373,0.784,False,共有
BARE_TITLE_LOOKUP__3,BARE_TITLE_LOOKUP__3,2026搜索,助手头部1k,981,102,9999,955,9.811,10.681,0.87,-1.031,3.063,False,共有
BARE_TITLE_LOOKUP__4,BARE_TITLE_LOOKUP__4,2026搜索,助手头部1k,1064,68,9999,955,10.641,7.12,-3.521,-5.111,-1.618,True,共有
BARE_TITLE_LOOKUP__5,BARE_TITLE_LOOKUP__5,2026搜索,助手头部1k,314,22,9999,955,3.14,2.304,-0.837,-1.694,0.368,False,共有
CAST_LOOKUP__1,CAST_LOOKUP__1,2026搜索,助手头部1k,26,1,9999,955,0.26,0.105,-0.155,-0.304,0.338,False,共有
CAST_LOOKUP__2,CAST_LOOKUP__2,2026搜索,助手头部1k,113,34,9999,955,1.13,3.56,2.43,1.403,3.817,True,共有
CAST_LOOKUP__3,CAST_LOOKUP__3,2026搜索,助手头部1k,55,7,9999,955,0.55,0.733,0.183,-0.229,0.966,False,共有
CAST_LOOKUP__4,CAST_LOOKUP__4,2026搜索,助手头部1k,17,15,9999,955,0.17,1.571,1.401,0.776,2.407,True,共有
FACT_VERIFICATION__1,FACT_VERIFICATION__1,2026搜索,助手头部1k,1,0,9999,955,0.01,0.0,-0.01,-0.057,0.391,False,a独有
FACT_VERIFICATION__2,FACT_VERIFICATION__2,2026搜索,助手头部1k,1,0,9999,955,0.01,0.0,-0.01,-0.057,0.391,False,a独有
FACT_VERIFICATION__3,FACT_VERIFICATION__3,2026搜索,助手头部1k,1,1,9999,955,0.01,0.105,0.095,-0.003,0.581,False,共有
LIVE_TV_SPORTS__1,LIVE_TV_SPORTS__1,2026搜索,助手头部1k,154,1,9999,955,1.54,0.105,-1.435,-1.71,-0.901,True,共有
LIVE_TV_SPORTS__2,LIVE_TV_SPORTS__2,2026搜索,助手头部1k,242,7,9999,955,2.42,0.733,-1.687,-2.182,-0.865,True,共有
NON_DRAMA_VIDEO__1,NON_DRAMA_VIDEO__1,2026搜索,助手头部1k,186,71,9999,955,1.86,7.435,5.574,4.049,7.431,True,共有
NON_DRAMA_VIDEO__2,NON_DRAMA_VIDEO__2,2026搜索,助手头部1k,10,9,9999,955,0.1,0.942,0.842,0.389,1.683,True,共有
OTHER__1,OTHER__1,2026搜索,助手头部1k,64,14,9999,955,0.64,1.466,0.826,0.209,1.815,True,共有
OTHER__2,OTHER__2,2026搜索,助手头部1k,64,24,9999,955,0.64,2.513,1.873,1.036,3.08,True,共有
OTHER__3,OTHER__3,2026搜索,助手头部1k,120,45,9999,955,1.2,4.712,3.512,2.317,5.059,True,共有
OTHER__4,OTHER__4,2026搜索,助手头部1k,88,34,9999,955,0.88,3.56,2.68,1.658,4.064,True,共有
PLATFORM_HELP__1,PLATFORM_HELP__1,2026搜索,助手头部1k,51,6,9999,955,0.51,0.628,0.118,-0.258,0.864,False,共有
PLATFORM_HELP__2,PLATFORM_HELP__2,2026搜索,助手头部1k,43,3,9999,955,0.43,0.314,-0.116,-0.371,0.499,False,共有
PLOT_INFO_QA__1,PLOT_INFO_QA__1,2026搜索,助手头部1k,7,4,9999,955,0.07,0.419,0.349,0.082,1.003,True,共有
PLOT_INFO_QA__2,PLOT_INFO_QA__2,2026搜索,助手头部1k,4,5,9999,955,0.04,0.524,0.484,0.177,1.18,True,共有
PLOT_INFO_QA__3,PLOT_INFO_QA__3,2026搜索,助手头部1k,3,1,9999,955,0.03,0.105,0.075,-0.029,0.561,False,共有
PLOT_INFO_QA__4,PLOT_INFO_QA__4,2026搜索,助手头部1k,63,31,9999,955,0.63,3.246,2.616,1.65,3.948,True,共有
PLOT_INFO_QA__5,PLOT_INFO_QA__5,2026搜索,助手头部1k,17,33,9999,955,0.17,3.455,3.285,2.296,4.644,True,共有
RECOMMENDATION__1,RECOMMENDATION__1,2026搜索,助手头部1k,16,3,9999,955,0.16,0.314,0.154,-0.076,0.763,False,共有
RECOMMENDATION__2,RECOMMENDATION__2,2026搜索,助手头部1k,18,3,9999,955,0.18,0.314,0.134,-0.098,0.743,False,共有
RECOMMENDATION__3,RECOMMENDATION__3,2026搜索,助手头部1k,58,13,9999,955,0.58,1.361,0.781,0.192,1.744,True,共有
RECOMMENDATION__4,RECOMMENDATION__4,2026搜索,助手头部1k,60,5,9999,955,0.6,0.524,-0.076,-0.422,0.632,False,共有
RECOMMENDATION__5,RECOMMENDATION__5,2026搜索,助手头部1k,39,21,9999,955,0.39,2.199,1.809,1.039,2.953,True,共有
SCENE_CLIP_WATCH__1,SCENE_CLIP_WATCH__1,2026搜索,助手头部1k,15,6,9999,955,0.15,0.628,0.478,0.125,1.216,True,共有
SCENE_LOCATE__1,SCENE_LOCATE__1,2026搜索,助手头部1k,1,6,9999,955,0.01,0.628,0.618,0.275,1.354,True,共有
SCENE_LOCATE__2,SCENE_LOCATE__2,2026搜索,助手头部1k,1,0,9999,955,0.01,0.0,-0.01,-0.057,0.391,False,a独有
SITE_NAVIGATION__1,SITE_NAVIGATION__1,2026搜索,助手头部1k,185,11,9999,955,1.85,1.152,-0.698,-1.28,0.234,False,共有
SITE_NAVIGATION__2,SITE_NAVIGATION__2,2026搜索,助手头部1k,154,9,9999,955,1.54,0.942,-0.598,-1.114,0.27,False,共有
SITE_NAVIGATION__3,SITE_NAVIGATION__3,2026搜索,助手头部1k,63,6,9999,955,0.63,0.628,-0.002,-0.384,0.747,False,共有
TITLE_IDENTIFICATION__1,TITLE_IDENTIFICATION__1,2026搜索,助手头部1k,4,0,9999,955,0.04,0.0,-0.04,-0.103,0.361,False,a独有
TITLE_IDENTIFICATION__2,TITLE_IDENTIFICATION__2,2026搜索,助手头部1k,11,4,9999,955,0.11,0.419,0.309,0.039,0.964,True,共有
TITLE_IDENTIFICATION__3,TITLE_IDENTIFICATION__3,2026搜索,助手头部1k,6,2,9999,955,0.06,0.209,0.149,-0.018,0.701,False,共有
TITLE_IDENTIFICATION__4,TITLE_IDENTIFICATION__4,2026搜索,助手头部1k,2,9,9999,955,0.02,0.942,0.922,0.473,1.761,True,共有
TITLE_IDENTIFICATION__5,TITLE_IDENTIFICATION__5,2026搜索,助手头部1k,5,9,9999,955,0.05,0.942,0.892,0.442,1.732,True,共有
WATCH_DIRECT__1,WATCH_DIRECT__1,2026搜索,助手头部1k,960,33,9999,955,9.601,3.455,-6.145,-7.295,-4.676,True,共有
WATCH_DIRECT__2,WATCH_DIRECT__2,2026搜索,助手头部1k,1033,32,9999,955,10.331,3.351,-6.98,-8.125,-5.518,True,共有
WATCH_DIRECT__3,WATCH_DIRECT__3,2026搜索,助手头部1k,1758,105,9999,955,17.582,10.995,-6.587,-8.568,-4.322,True,共有
WHERE_TO_WATCH__1,WHERE_TO_WATCH__1,2026搜索,助手头部1k,38,8,9999,955,0.38,0.838,0.458,0.022,1.271,True,共有
WORK_FACT_QA__1,WORK_FACT_QA__1,2026搜索,助手头部1k,32,0,9999,955,0.32,0.0,-0.32,-0.451,0.091,False,a独有
WORK_FACT_QA__2,WORK_FACT_QA__2,2026搜索,助手头部1k,15,8,9999,955,0.15,0.838,0.688,0.264,1.496,True,共有
WORK_FACT_QA__3,WORK_FACT_QA__3,2026搜索,助手头部1k,36,7,9999,955,0.36,0.733,0.373,-0.029,1.152,False,共有
ADULT_RESTRICTED_CONTENT_ACCESS__1,ADULT_RESTRICTED_CONTENT_ACCESS__1,2026搜索,助手随机1k,64,0,9999,982,0.64,0.0,-0.64,-0.816,-0.227,True,a独有
ADULT_RESTRICTED_CONTENT_ACCESS__2,ADULT_RESTRICTED_CONTENT_ACCESS__2,2026搜索,助手随机1k,11,0,9999,982,0.11,0.0,-0.11,-0.197,0.283,False,a独有
ADULT_RESTRICTED_CONTENT_ACCESS__3,ADULT_RESTRICTED_CONTENT_ACCESS__3,2026搜索,助手随机1k,19,0,9999,982,0.19,0.0,-0.19,-0.297,0.206,False,a独有
ADULT_RESTRICTED_CONTENT_ACCESS__4,ADULT_RESTRICTED_CONTENT_ACCESS__4,2026搜索,助手随机1k,26,1,9999,982,0.26,0.102,-0.158,-0.305,0.322,False,共有
BARE_TITLE_LOOKUP__1,BARE_TITLE_LOOKUP__1,2026搜索,助手随机1k,998,40,9999,982,9.981,4.073,-5.908,-7.134,-4.371,True,共有
BARE_TITLE_LOOKUP__2,BARE_TITLE_LOOKUP__2,2026搜索,助手随机1k,682,19,9999,982,6.821,1.935,-4.886,-5.747,-3.717,True,共有
BARE_TITLE_LOOKUP__3,BARE_TITLE_LOOKUP__3,2026搜索,助手随机1k,981,30,9999,982,9.811,3.055,-6.756,-7.843,-5.362,True,共有
BARE_TITLE_LOOKUP__4,BARE_TITLE_LOOKUP__4,2026搜索,助手随机1k,1064,23,9999,982,10.641,2.342,-8.299,-9.292,-7.009,True,共有
BARE_TITLE_LOOKUP__5,BARE_TITLE_LOOKUP__5,2026搜索,助手随机1k,314,13,9999,982,3.14,1.324,-1.816,-2.473,-0.834,True,共有
CAST_LOOKUP__1,CAST_LOOKUP__1,2026搜索,助手随机1k,26,4,9999,982,0.26,0.407,0.147,-0.129,0.788,False,共有
CAST_LOOKUP__2,CAST_LOOKUP__2,2026搜索,助手随机1k,113,7,9999,982,1.13,0.713,-0.417,-0.849,0.357,False,共有
CAST_LOOKUP__3,CAST_LOOKUP__3,2026搜索,助手随机1k,55,12,9999,982,0.55,1.222,0.672,0.125,1.583,True,共有
CAST_LOOKUP__4,CAST_LOOKUP__4,2026搜索,助手随机1k,17,19,9999,982,0.17,1.935,1.765,1.065,2.834,True,共有
FACT_VERIFICATION__1,FACT_VERIFICATION__1,2026搜索,助手随机1k,1,34,9999,982,0.01,3.462,3.452,2.477,4.789,True,共有
FACT_VERIFICATION__2,FACT_VERIFICATION__2,2026搜索,助手随机1k,1,19,9999,982,0.01,1.935,1.925,1.231,2.992,True,共有
FACT_VERIFICATION__3,FACT_VERIFICATION__3,2026搜索,助手随机1k,1,7,9999,982,0.01,0.713,0.703,0.333,1.454,True,共有
LIVE_TV_SPORTS__1,LIVE_TV_SPORTS__1,2026搜索,助手随机1k,154,10,9999,982,1.54,1.018,-0.522,-1.054,0.353,False,共有
LIVE_TV_SPORTS__2,LIVE_TV_SPORTS__2,2026搜索,助手随机1k,242,1,9999,982,2.42,0.102,-2.318,-2.649,-1.767,True,共有
NON_DRAMA_VIDEO__1,NON_DRAMA_VIDEO__1,2026搜索,助手随机1k,186,117,9999,982,1.86,11.914,10.054,8.154,12.244,True,共有
NON_DRAMA_VIDEO__2,NON_DRAMA_VIDEO__2,2026搜索,助手随机1k,10,5,9999,982,0.1,0.509,0.409,0.106,1.088,True,共有
OTHER__1,OTHER__1,2026搜索,助手随机1k,64,14,9999,982,0.64,1.426,0.786,0.185,1.749,True,共有
OTHER__2,OTHER__2,2026搜索,助手随机1k,64,14,9999,982,0.64,1.426,0.786,0.185,1.749,True,共有
OTHER__3,OTHER__3,2026搜索,助手随机1k,120,21,9999,982,1.2,2.138,0.938,0.167,2.064,True,共有
OTHER__4,OTHER__4,2026搜索,助手随机1k,88,96,9999,982,0.88,9.776,8.896,7.18,10.92,True,共有
PLATFORM_HELP__1,PLATFORM_HELP__1,2026搜索,助手随机1k,51,21,9999,982,0.51,2.138,1.628,0.876,2.744,True,共有
PLATFORM_HELP__2,PLATFORM_HELP__2,2026搜索,助手随机1k,43,13,9999,982,0.43,1.324,0.894,0.325,1.828,True,共有
PLOT_INFO_QA__1,PLOT_INFO_QA__1,2026搜索,助手随机1k,7,53,9999,982,0.07,5.397,5.327,4.078,6.923,True,共有
PLOT_INFO_QA__2,PLOT_INFO_QA__2,2026搜索,助手随机1k,4,33,9999,982,0.04,3.36,3.32,2.361,4.642,True,共有
PLOT_INFO_QA__3,PLOT_INFO_QA__3,2026搜索,助手随机1k,3,16,9999,982,0.03,1.629,1.599,0.973,2.6,True,共有
PLOT_INFO_QA__4,PLOT_INFO_QA__4,2026搜索,助手随机1k,63,9,9999,982,0.63,0.916,0.286,-0.181,1.114,False,共有
PLOT_INFO_QA__5,PLOT_INFO_QA__5,2026搜索,助手随机1k,17,22,9999,982,0.17,2.24,2.07,1.307,3.201,True,共有
RECOMMENDATION__1,RECOMMENDATION__1,2026搜索,助手随机1k,16,3,9999,982,0.16,0.305,0.145,-0.079,0.738,False,共有
RECOMMENDATION__2,RECOMMENDATION__2,2026搜索,助手随机1k,18,2,9999,982,0.18,0.204,0.024,-0.157,0.564,False,共有
RECOMMENDATION__3,RECOMMENDATION__3,2026搜索,助手随机1k,58,3,9999,982,0.58,0.305,-0.275,-0.538,0.329,False,共有
RECOMMENDATION__4,RECOMMENDATION__4,2026搜索,助手随机1k,60,9,9999,982,0.6,0.916,0.316,-0.15,1.143,False,共有
RECOMMENDATION__5,RECOMMENDATION__5,2026搜索,助手随机1k,39,11,9999,982,0.39,1.12,0.73,0.216,1.611,True,共有
SCENE_CLIP_WATCH__1,SCENE_CLIP_WATCH__1,2026搜索,助手随机1k,15,6,9999,982,0.15,0.611,0.461,0.116,1.179,True,共有
SCENE_LOCATE__1,SCENE_LOCATE__1,2026搜索,助手随机1k,1,9,9999,982,0.01,0.916,0.906,0.47,1.723,True,共有
SCENE_LOCATE__2,SCENE_LOCATE__2,2026搜索,助手随机1k,1,1,9999,982,0.01,0.102,0.092,-0.004,0.565,False,共有
SITE_NAVIGATION__1,SITE_NAVIGATION__1,2026搜索,助手随机1k,185,3,9999,982,1.85,0.305,-1.545,-1.892,-0.906,True,共有
SITE_NAVIGATION__2,SITE_NAVIGATION__2,2026搜索,助手随机1k,154,3,9999,982,1.54,0.305,-1.235,-1.564,-0.605,True,共有
SITE_NAVIGATION__3,SITE_NAVIGATION__3,2026搜索,助手随机1k,63,0,9999,982,0.63,0.0,-0.63,-0.805,-0.217,True,a独有
TITLE_IDENTIFICATION__1,TITLE_IDENTIFICATION__1,2026搜索,助手随机1k,4,4,9999,982,0.04,0.407,0.367,0.111,1.003,True,共有
TITLE_IDENTIFICATION__2,TITLE_IDENTIFICATION__2,2026搜索,助手随机1k,11,6,9999,982,0.11,0.611,0.501,0.159,1.218,True,共有
TITLE_IDENTIFICATION__3,TITLE_IDENTIFICATION__3,2026搜索,助手随机1k,6,3,9999,982,0.06,0.305,0.245,0.032,0.835,True,共有
TITLE_IDENTIFICATION__4,TITLE_IDENTIFICATION__4,2026搜索,助手随机1k,2,9,9999,982,0.02,0.916,0.896,0.46,1.713,True,共有
TITLE_IDENTIFICATION__5,TITLE_IDENTIFICATION__5,2026搜索,助手随机1k,5,7,9999,982,0.05,0.713,0.663,0.29,1.415,True,共有
WATCH_DIRECT__1,WATCH_DIRECT__1,2026搜索,助手随机1k,960,38,9999,982,9.601,3.87,-5.731,-6.926,-4.225,True,共有
WATCH_DIRECT__2,WATCH_DIRECT__2,2026搜索,助手随机1k,1033,25,9999,982,10.331,2.546,-7.785,-8.805,-6.465,True,共有
WATCH_DIRECT__3,WATCH_DIRECT__3,2026搜索,助手随机1k,1758,28,9999,982,17.582,2.851,-14.73,-15.886,-13.291,True,共有
WHERE_TO_WATCH__1,WHERE_TO_WATCH__1,2026搜索,助手随机1k,38,15,9999,982,0.38,1.527,1.147,0.531,2.13,True,共有
WORK_FACT_QA__1,WORK_FACT_QA__1,2026搜索,助手随机1k,32,13,9999,982,0.32,1.324,1.004,0.44,1.936,True,共有
WORK_FACT_QA__2,WORK_FACT_QA__2,2026搜索,助手随机1k,15,62,9999,982,0.15,6.314,6.164,4.803,7.863,True,共有
WORK_FACT_QA__3,WORK_FACT_QA__3,2026搜索,助手随机1k,36,49,9999,982,0.36,4.99,4.63,3.427,6.179,True,共有
ADULT_RESTRICTED_CONTENT_ACCESS__1,ADULT_RESTRICTED_CONTENT_ACCESS__1,2026搜索,助手语音头部1k,64,8,9999,999,0.64,0.801,0.161,-0.271,0.944,False,共有
ADULT_RESTRICTED_CONTENT_ACCESS__2,ADULT_RESTRICTED_CONTENT_ACCESS__2,2026搜索,助手语音头部1k,11,0,9999,999,0.11,0.0,-0.11,-0.197,0.276,False,a独有
ADULT_RESTRICTED_CONTENT_ACCESS__3,ADULT_RESTRICTED_CONTENT_ACCESS__3,2026搜索,助手语音头部1k,19,1,9999,999,0.19,0.1,-0.09,-0.225,0.38,False,共有
ADULT_RESTRICTED_CONTENT_ACCESS__4,ADULT_RESTRICTED_CONTENT_ACCESS__4,2026搜索,助手语音头部1k,26,1,9999,999,0.26,0.1,-0.16,-0.306,0.312,False,共有
BARE_TITLE_LOOKUP__1,BARE_TITLE_LOOKUP__1,2026搜索,助手语音头部1k,998,123,9999,999,9.981,12.312,2.331,0.343,4.588,True,共有
BARE_TITLE_LOOKUP__2,BARE_TITLE_LOOKUP__2,2026搜索,助手语音头部1k,682,27,9999,999,6.821,2.703,-4.118,-5.1,-2.825,True,共有
BARE_TITLE_LOOKUP__3,BARE_TITLE_LOOKUP__3,2026搜索,助手语音头部1k,981,141,9999,999,9.811,14.114,4.303,2.195,6.669,True,共有
BARE_TITLE_LOOKUP__4,BARE_TITLE_LOOKUP__4,2026搜索,助手语音头部1k,1064,152,9999,999,10.641,15.215,4.574,2.391,7.007,True,共有
BARE_TITLE_LOOKUP__5,BARE_TITLE_LOOKUP__5,2026搜索,助手语音头部1k,314,16,9999,999,3.14,1.602,-1.539,-2.25,-0.502,True,共有
CAST_LOOKUP__1,CAST_LOOKUP__1,2026搜索,助手语音头部1k,26,0,9999,999,0.26,0.0,-0.26,-0.381,0.132,False,a独有
CAST_LOOKUP__2,CAST_LOOKUP__2,2026搜索,助手语音头部1k,113,5,9999,999,1.13,0.501,-0.63,-0.995,0.063,False,共有
CAST_LOOKUP__3,CAST_LOOKUP__3,2026搜索,助手语音头部1k,55,0,9999,999,0.55,0.0,-0.55,-0.715,-0.146,True,a独有
CAST_LOOKUP__4,CAST_LOOKUP__4,2026搜索,助手语音头部1k,17,3,9999,999,0.17,0.3,0.13,-0.093,0.713,False,共有
FACT_VERIFICATION__1,FACT_VERIFICATION__1,2026搜索,助手语音头部1k,1,0,9999,999,0.01,0.0,-0.01,-0.057,0.373,False,a独有
FACT_VERIFICATION__2,FACT_VERIFICATION__2,2026搜索,助手语音头部1k,1,0,9999,999,0.01,0.0,-0.01,-0.057,0.373,False,a独有
FACT_VERIFICATION__3,FACT_VERIFICATION__3,2026搜索,助手语音头部1k,1,0,9999,999,0.01,0.0,-0.01,-0.057,0.373,False,a独有
LIVE_TV_SPORTS__1,LIVE_TV_SPORTS__1,2026搜索,助手语音头部1k,154,21,9999,999,1.54,2.102,0.562,-0.207,1.675,False,共有
LIVE_TV_SPORTS__2,LIVE_TV_SPORTS__2,2026搜索,助手语音头部1k,242,25,9999,999,2.42,2.503,0.082,-0.781,1.282,False,共有
NON_DRAMA_VIDEO__1,NON_DRAMA_VIDEO__1,2026搜索,助手语音头部1k,186,47,9999,999,1.86,4.705,2.845,1.662,4.36,True,共有
NON_DRAMA_VIDEO__2,NON_DRAMA_VIDEO__2,2026搜索,助手语音头部1k,10,3,9999,999,0.1,0.3,0.2,-0.015,0.781,False,共有
OTHER__1,OTHER__1,2026搜索,助手语音头部1k,64,10,9999,999,0.64,1.001,0.361,-0.128,1.204,False,共有
OTHER__2,OTHER__2,2026搜索,助手语音头部1k,64,13,9999,999,0.64,1.301,0.661,0.094,1.584,True,共有
OTHER__3,OTHER__3,2026搜索,助手语音头部1k,120,16,9999,999,1.2,1.602,0.401,-0.255,1.405,False,共有
OTHER__4,OTHER__4,2026搜索,助手语音头部1k,88,23,9999,999,0.88,2.302,1.422,0.632,2.563,True,共有
PLATFORM_HELP__1,PLATFORM_HELP__1,2026搜索,助手语音头部1k,51,7,9999,999,0.51,0.701,0.191,-0.204,0.939,False,共有
PLATFORM_HELP__2,PLATFORM_HELP__2,2026搜索,助手语音头部1k,43,5,9999,999,0.43,0.501,0.07,-0.252,0.745,False,共有
PLOT_INFO_QA__1,PLOT_INFO_QA__1,2026搜索,助手语音头部1k,7,0,9999,999,0.07,0.0,-0.07,-0.144,0.315,False,a独有
PLOT_INFO_QA__2,PLOT_INFO_QA__2,2026搜索,助手语音头部1k,4,0,9999,999,0.04,0.0,-0.04,-0.103,0.344,False,a独有
PLOT_INFO_QA__3,PLOT_INFO_QA__3,2026搜索,助手语音头部1k,3,0,9999,999,0.03,0.0,-0.03,-0.088,0.354,False,a独有
PLOT_INFO_QA__4,PLOT_INFO_QA__4,2026搜索,助手语音头部1k,63,3,9999,999,0.63,0.3,-0.33,-0.594,0.265,False,共有
PLOT_INFO_QA__5,PLOT_INFO_QA__5,2026搜索,助手语音头部1k,17,1,9999,999,0.17,0.1,-0.07,-0.201,0.399,False,共有
RECOMMENDATION__1,RECOMMENDATION__1,2026搜索,助手语音头部1k,16,1,9999,999,0.16,0.1,-0.06,-0.189,0.409,False,共有
RECOMMENDATION__2,RECOMMENDATION__2,2026搜索,助手语音头部1k,18,0,9999,999,0.18,0.0,-0.18,-0.284,0.209,False,a独有
RECOMMENDATION__3,RECOMMENDATION__3,2026搜索,助手语音头部1k,58,10,9999,999,0.58,1.001,0.421,-0.066,1.263,False,共有
RECOMMENDATION__4,RECOMMENDATION__4,2026搜索,助手语音头部1k,60,9,9999,999,0.6,0.901,0.301,-0.159,1.114,False,共有
RECOMMENDATION__5,RECOMMENDATION__5,2026搜索,助手语音头部1k,39,3,9999,999,0.39,0.3,-0.09,-0.334,0.499,False,共有
SCENE_CLIP_WATCH__1,SCENE_CLIP_WATCH__1,2026搜索,助手语音头部1k,15,5,9999,999,0.15,0.501,0.35,0.048,1.019,True,共有
SCENE_LOCATE__1,SCENE_LOCATE__1,2026搜索,助手语音头部1k,1,0,9999,999,0.01,0.0,-0.01,-0.057,0.373,False,a独有
SCENE_LOCATE__2,SCENE_LOCATE__2,2026搜索,助手语音头部1k,1,0,9999,999,0.01,0.0,-0.01,-0.057,0.373,False,a独有
SITE_NAVIGATION__1,SITE_NAVIGATION__1,2026搜索,助手语音头部1k,185,7,9999,999,1.85,0.701,-1.149,-1.608,-0.371,True,共有
SITE_NAVIGATION__2,SITE_NAVIGATION__2,2026搜索,助手语音头部1k,154,18,9999,999,1.54,1.802,0.262,-0.447,1.314,False,共有
SITE_NAVIGATION__3,SITE_NAVIGATION__3,2026搜索,助手语音头部1k,63,0,9999,999,0.63,0.0,-0.63,-0.805,-0.223,True,a独有
TITLE_IDENTIFICATION__1,TITLE_IDENTIFICATION__1,2026搜索,助手语音头部1k,4,0,9999,999,0.04,0.0,-0.04,-0.103,0.344,False,a独有
TITLE_IDENTIFICATION__2,TITLE_IDENTIFICATION__2,2026搜索,助手语音头部1k,11,0,9999,999,0.11,0.0,-0.11,-0.197,0.276,False,a独有
TITLE_IDENTIFICATION__3,TITLE_IDENTIFICATION__3,2026搜索,助手语音头部1k,6,3,9999,999,0.06,0.3,0.24,0.03,0.82,True,共有
TITLE_IDENTIFICATION__4,TITLE_IDENTIFICATION__4,2026搜索,助手语音头部1k,2,0,9999,999,0.02,0.0,-0.02,-0.073,0.363,False,a独有
TITLE_IDENTIFICATION__5,TITLE_IDENTIFICATION__5,2026搜索,助手语音头部1k,5,1,9999,999,0.05,0.1,0.05,-0.056,0.516,False,共有
WATCH_DIRECT__1,WATCH_DIRECT__1,2026搜索,助手语音头部1k,960,23,9999,999,9.601,2.302,-7.299,-8.265,-6.038,True,共有
WATCH_DIRECT__2,WATCH_DIRECT__2,2026搜索,助手语音头部1k,1033,86,9999,999,10.331,8.609,-1.722,-3.421,0.266,False,共有
WATCH_DIRECT__3,WATCH_DIRECT__3,2026搜索,助手语音头部1k,1758,159,9999,999,17.582,15.916,-1.666,-3.934,0.842,False,共有
WHERE_TO_WATCH__1,WHERE_TO_WATCH__1,2026搜索,助手语音头部1k,38,1,9999,999,0.38,0.1,-0.28,-0.443,0.196,False,共有
WORK_FACT_QA__1,WORK_FACT_QA__1,2026搜索,助手语音头部1k,32,18,9999,999,0.32,1.802,1.482,0.81,2.514,True,共有
WORK_FACT_QA__2,WORK_FACT_QA__2,2026搜索,助手语音头部1k,15,1,9999,999,0.15,0.1,-0.05,-0.177,0.419,False,共有
WORK_FACT_QA__3,WORK_FACT_QA__3,2026搜索,助手语音头部1k,36,3,9999,999,0.36,0.3,-0.06,-0.301,0.528,False,共有
ADULT_RESTRICTED_CONTENT_ACCESS__1,ADULT_RESTRICTED_CONTENT_ACCESS__1,2026搜索,助手语音随机1k,64,7,9999,1000,0.64,0.7,0.06,-0.341,0.811,False,共有
ADULT_RESTRICTED_CONTENT_ACCESS__2,ADULT_RESTRICTED_CONTENT_ACCESS__2,2026搜索,助手语音随机1k,11,0,9999,1000,0.11,0.0,-0.11,-0.197,0.276,False,a独有
ADULT_RESTRICTED_CONTENT_ACCESS__3,ADULT_RESTRICTED_CONTENT_ACCESS__3,2026搜索,助手语音随机1k,19,1,9999,1000,0.19,0.1,-0.09,-0.225,0.379,False,共有
ADULT_RESTRICTED_CONTENT_ACCESS__4,ADULT_RESTRICTED_CONTENT_ACCESS__4,2026搜索,助手语音随机1k,26,1,9999,1000,0.26,0.1,-0.16,-0.306,0.312,False,共有
BARE_TITLE_LOOKUP__1,BARE_TITLE_LOOKUP__1,2026搜索,助手语音随机1k,998,108,9999,1000,9.981,10.8,0.819,-1.056,2.972,False,共有
BARE_TITLE_LOOKUP__2,BARE_TITLE_LOOKUP__2,2026搜索,助手语音随机1k,682,31,9999,1000,6.821,3.1,-3.721,-4.762,-2.367,True,共有
BARE_TITLE_LOOKUP__3,BARE_TITLE_LOOKUP__3,2026搜索,助手语音随机1k,981,62,9999,1000,9.811,6.2,-3.611,-5.073,-1.848,True,共有
BARE_TITLE_LOOKUP__4,BARE_TITLE_LOOKUP__4,2026搜索,助手语音随机1k,1064,46,9999,1000,10.641,4.6,-6.041,-7.333,-4.447,True,共有
BARE_TITLE_LOOKUP__5,BARE_TITLE_LOOKUP__5,2026搜索,助手语音随机1k,314,33,9999,1000,3.14,3.3,0.16,-0.848,1.498,False,共有
CAST_LOOKUP__1,CAST_LOOKUP__1,2026搜索,助手语音随机1k,26,7,9999,1000,0.26,0.7,0.44,0.06,1.182,True,共有
CAST_LOOKUP__2,CAST_LOOKUP__2,2026搜索,助手语音随机1k,113,17,9999,1000,1.13,1.7,0.57,-0.105,1.593,False,共有
CAST_LOOKUP__3,CAST_LOOKUP__3,2026搜索,助手语音随机1k,55,8,9999,1000,0.55,0.8,0.25,-0.177,1.031,False,共有
CAST_LOOKUP__4,CAST_LOOKUP__4,2026搜索,助手语音随机1k,17,17,9999,1000,0.17,1.7,1.53,0.886,2.538,True,共有
FACT_VERIFICATION__1,FACT_VERIFICATION__1,2026搜索,助手语音随机1k,1,2,9999,1000,0.01,0.2,0.19,0.038,0.716,True,共有
FACT_VERIFICATION__2,FACT_VERIFICATION__2,2026搜索,助手语音随机1k,1,4,9999,1000,0.01,0.4,0.39,0.141,1.014,True,共有
FACT_VERIFICATION__3,FACT_VERIFICATION__3,2026搜索,助手语音随机1k,1,4,9999,1000,0.01,0.4,0.39,0.141,1.014,True,共有
LIVE_TV_SPORTS__1,LIVE_TV_SPORTS__1,2026搜索,助手语音随机1k,154,11,9999,1000,1.54,1.1,-0.44,-0.99,0.447,False,共有
LIVE_TV_SPORTS__2,LIVE_TV_SPORTS__2,2026搜索,助手语音随机1k,242,2,9999,1000,2.42,0.2,-2.22,-2.572,-1.622,True,共有
NON_DRAMA_VIDEO__1,NON_DRAMA_VIDEO__1,2026搜索,助手语音随机1k,186,134,9999,1000,1.86,13.4,11.54,9.548,13.805,True,共有
NON_DRAMA_VIDEO__2,NON_DRAMA_VIDEO__2,2026搜索,助手语音随机1k,10,30,9999,1000,0.1,3.0,2.9,2.005,4.151,True,共有
OTHER__1,OTHER__1,2026搜索,助手语音随机1k,64,21,9999,1000,0.64,2.1,1.46,0.716,2.558,True,共有
OTHER__2,OTHER__2,2026搜索,助手语音随机1k,64,11,9999,1000,0.64,1.1,0.46,-0.056,1.33,False,共有
OTHER__3,OTHER__3,2026搜索,助手语音随机1k,120,11,9999,1000,1.2,1.1,-0.1,-0.638,0.781,False,共有
OTHER__4,OTHER__4,2026搜索,助手语音随机1k,88,29,9999,1000,0.88,2.9,2.02,1.123,3.265,True,共有
PLATFORM_HELP__1,PLATFORM_HELP__1,2026搜索,助手语音随机1k,51,23,9999,1000,0.51,2.3,1.79,1.011,2.924,True,共有
PLATFORM_HELP__2,PLATFORM_HELP__2,2026搜索,助手语音随机1k,43,9,9999,1000,0.43,0.9,0.47,0.019,1.279,True,共有
PLOT_INFO_QA__1,PLOT_INFO_QA__1,2026搜索,助手语音随机1k,7,15,9999,1000,0.07,1.5,1.43,0.836,2.391,True,共有
PLOT_INFO_QA__2,PLOT_INFO_QA__2,2026搜索,助手语音随机1k,4,6,9999,1000,0.04,0.6,0.56,0.229,1.263,True,共有
PLOT_INFO_QA__3,PLOT_INFO_QA__3,2026搜索,助手语音随机1k,3,5,9999,1000,0.03,0.5,0.47,0.178,1.135,True,共有
PLOT_INFO_QA__4,PLOT_INFO_QA__4,2026搜索,助手语音随机1k,63,6,9999,1000,0.63,0.6,-0.03,-0.399,0.686,False,共有
PLOT_INFO_QA__5,PLOT_INFO_QA__5,2026搜索,助手语音随机1k,17,9,9999,1000,0.17,0.9,0.73,0.292,1.534,True,共有
RECOMMENDATION__1,RECOMMENDATION__1,2026搜索,助手语音随机1k,16,2,9999,1000,0.16,0.2,0.04,-0.136,0.57,False,共有
RECOMMENDATION__2,RECOMMENDATION__2,2026搜索,助手语音随机1k,18,4,9999,1000,0.18,0.4,0.22,-0.046,0.847,False,共有
RECOMMENDATION__3,RECOMMENDATION__3,2026搜索,助手语音随机1k,58,1,9999,1000,0.58,0.1,-0.48,-0.668,0.002,False,共有
RECOMMENDATION__4,RECOMMENDATION__4,2026搜索,助手语音随机1k,60,9,9999,1000,0.6,0.9,0.3,-0.159,1.113,False,共有
RECOMMENDATION__5,RECOMMENDATION__5,2026搜索,助手语音随机1k,39,4,9999,1000,0.39,0.4,0.01,-0.273,0.643,False,共有
SCENE_CLIP_WATCH__1,SCENE_CLIP_WATCH__1,2026搜索,助手语音随机1k,15,6,9999,1000,0.15,0.6,0.45,0.111,1.155,True,共有
SCENE_LOCATE__1,SCENE_LOCATE__1,2026搜索,助手语音随机1k,1,5,9999,1000,0.01,0.5,0.49,0.2,1.155,True,共有
SCENE_LOCATE__2,SCENE_LOCATE__2,2026搜索,助手语音随机1k,1,2,9999,1000,0.01,0.2,0.19,0.038,0.716,True,共有
SITE_NAVIGATION__1,SITE_NAVIGATION__1,2026搜索,助手语音随机1k,185,5,9999,1000,1.85,0.5,-1.35,-1.753,-0.641,True,共有
SITE_NAVIGATION__2,SITE_NAVIGATION__2,2026搜索,助手语音随机1k,154,10,9999,1000,1.54,1.0,-0.54,-1.065,0.32,False,共有
SITE_NAVIGATION__3,SITE_NAVIGATION__3,2026搜索,助手语音随机1k,63,3,9999,1000,0.63,0.3,-0.33,-0.594,0.264,False,共有
TITLE_IDENTIFICATION__1,TITLE_IDENTIFICATION__1,2026搜索,助手语音随机1k,4,6,9999,1000,0.04,0.6,0.56,0.229,1.263,True,共有
TITLE_IDENTIFICATION__2,TITLE_IDENTIFICATION__2,2026搜索,助手语音随机1k,11,3,9999,1000,0.11,0.3,0.19,-0.026,0.77,False,共有
TITLE_IDENTIFICATION__3,TITLE_IDENTIFICATION__3,2026搜索,助手语音随机1k,6,11,9999,1000,0.06,1.1,1.04,0.55,1.9,True,共有
TITLE_IDENTIFICATION__4,TITLE_IDENTIFICATION__4,2026搜索,助手语音随机1k,2,8,9999,1000,0.02,0.8,0.78,0.382,1.551,True,共有
TITLE_IDENTIFICATION__5,TITLE_IDENTIFICATION__5,2026搜索,助手语音随机1k,5,10,9999,1000,0.05,1.0,0.95,0.489,1.781,True,共有
WATCH_DIRECT__1,WATCH_DIRECT__1,2026搜索,助手语音随机1k,960,70,9999,1000,9.601,7.0,-2.601,-4.142,-0.762,True,共有
WATCH_DIRECT__2,WATCH_DIRECT__2,2026搜索,助手语音随机1k,1033,49,9999,1000,10.331,4.9,-5.431,-6.755,-3.804,True,共有
WATCH_DIRECT__3,WATCH_DIRECT__3,2026搜索,助手语音随机1k,1758,42,9999,1000,17.582,4.2,-13.382,-14.7,-11.776,True,共有
WHERE_TO_WATCH__1,WHERE_TO_WATCH__1,2026搜索,助手语音随机1k,38,5,9999,1000,0.38,0.5,0.12,-0.199,0.793,False,共有
WORK_FACT_QA__1,WORK_FACT_QA__1,2026搜索,助手语音随机1k,32,11,9999,1000,0.32,1.1,0.78,0.278,1.644,True,共有
WORK_FACT_QA__2,WORK_FACT_QA__2,2026搜索,助手语音随机1k,15,28,9999,1000,0.15,2.8,2.65,1.789,3.868,True,共有
WORK_FACT_QA__3,WORK_FACT_QA__3,2026搜索,助手语音随机1k,36,36,9999,1000,0.36,3.6,3.24,2.242,4.587,True,共有
ADULT_RESTRICTED_CONTENT_ACCESS__1,ADULT_RESTRICTED_CONTENT_ACCESS__1,2026搜索随机1w,助手头部1k,81,3,10000,955,0.81,0.314,-0.496,-0.781,0.13,False,共有
ADULT_RESTRICTED_CONTENT_ACCESS__2,ADULT_RESTRICTED_CONTENT_ACCESS__2,2026搜索随机1w,助手头部1k,2,1,10000,955,0.02,0.105,0.085,-0.016,0.571,False,共有
ADULT_RESTRICTED_CONTENT_ACCESS__3,ADULT_RESTRICTED_CONTENT_ACCESS__3,2026搜索随机1w,助手头部1k,8,0,10000,955,0.08,0.0,-0.08,-0.158,0.323,False,a独有
ADULT_RESTRICTED_CONTENT_ACCESS__4,ADULT_RESTRICTED_CONTENT_ACCESS__4,2026搜索随机1w,助手头部1k,63,2,10000,955,0.63,0.209,-0.421,-0.652,0.147,False,共有
BARE_TITLE_LOOKUP__1,BARE_TITLE_LOOKUP__1,2026搜索随机1w,助手头部1k,812,55,10000,955,8.12,5.759,-2.361,-3.78,-0.619,True,共有
BARE_TITLE_LOOKUP__2,BARE_TITLE_LOOKUP__2,2026搜索随机1w,助手头部1k,403,56,10000,955,4.03,5.864,1.834,0.453,3.548,True,共有
BARE_TITLE_LOOKUP__3,BARE_TITLE_LOOKUP__3,2026搜索随机1w,助手头部1k,431,102,10000,955,4.31,10.681,6.371,4.519,8.523,True,共有
BARE_TITLE_LOOKUP__4,BARE_TITLE_LOOKUP__4,2026搜索随机1w,助手头部1k,425,68,10000,955,4.25,7.12,2.87,1.348,4.718,True,共有
BARE_TITLE_LOOKUP__5,BARE_TITLE_LOOKUP__5,2026搜索随机1w,助手头部1k,345,22,10000,955,3.45,2.304,-1.146,-2.01,0.062,False,共有
CAST_LOOKUP__1,CAST_LOOKUP__1,2026搜索随机1w,助手头部1k,90,1,10000,955,0.9,0.105,-0.795,-1.018,-0.281,True,共有
CAST_LOOKUP__2,CAST_LOOKUP__2,2026搜索随机1w,助手头部1k,117,34,10000,955,1.17,3.56,2.39,1.363,3.777,True,共有
CAST_LOOKUP__3,CAST_LOOKUP__3,2026搜索随机1w,助手头部1k,107,7,10000,955,1.07,0.733,-0.337,-0.775,0.457,False,共有
CAST_LOOKUP__4,CAST_LOOKUP__4,2026搜索随机1w,助手头部1k,195,15,10000,955,1.95,1.571,-0.379,-1.061,0.657,False,共有
FACT_VERIFICATION__1,FACT_VERIFICATION__1,2026搜索随机1w,助手头部1k,31,0,10000,955,0.31,0.0,-0.31,-0.44,0.101,False,a独有
FACT_VERIFICATION__2,FACT_VERIFICATION__2,2026搜索随机1w,助手头部1k,69,0,10000,955,0.69,0.0,-0.69,-0.872,-0.264,True,a独有
FACT_VERIFICATION__3,FACT_VERIFICATION__3,2026搜索随机1w,助手头部1k,36,1,10000,955,0.36,0.105,-0.255,-0.418,0.241,False,共有
LIVE_TV_SPORTS__1,LIVE_TV_SPORTS__1,2026搜索随机1w,助手头部1k,103,1,10000,955,1.03,0.105,-0.925,-1.159,-0.407,True,共有
LIVE_TV_SPORTS__2,LIVE_TV_SPORTS__2,2026搜索随机1w,助手头部1k,46,7,10000,955,0.46,0.733,0.273,-0.134,1.054,False,共有
NON_DRAMA_VIDEO__1,NON_DRAMA_VIDEO__1,2026搜索随机1w,助手头部1k,1187,71,10000,955,11.87,7.435,-4.435,-6.068,-2.494,True,共有
NON_DRAMA_VIDEO__2,NON_DRAMA_VIDEO__2,2026搜索随机1w,助手头部1k,158,9,10000,955,1.58,0.942,-0.638,-1.156,0.231,False,共有
OTHER__1,OTHER__1,2026搜索随机1w,助手头部1k,129,14,10000,955,1.29,1.466,0.176,-0.462,1.176,False,共有
OTHER__2,OTHER__2,2026搜索随机1w,助手头部1k,66,24,10000,955,0.66,2.513,1.853,1.015,3.06,True,共有
OTHER__3,OTHER__3,2026搜索随机1w,助手头部1k,122,45,10000,955,1.22,4.712,3.492,2.297,5.04,True,共有
OTHER__4,OTHER__4,2026搜索随机1w,助手头部1k,206,34,10000,955,2.06,3.56,1.5,0.456,2.898,True,共有
PLATFORM_HELP__1,PLATFORM_HELP__1,2026搜索随机1w,助手头部1k,267,6,10000,955,2.67,0.628,-2.042,-2.519,-1.248,True,共有
PLATFORM_HELP__2,PLATFORM_HELP__2,2026搜索随机1w,助手头部1k,175,3,10000,955,1.75,0.314,-1.436,-1.781,-0.785,True,共有
PLOT_INFO_QA__1,PLOT_INFO_QA__1,2026搜索随机1w,助手头部1k,71,4,10000,955,0.71,0.419,-0.291,-0.607,0.378,False,共有
PLOT_INFO_QA__2,PLOT_INFO_QA__2,2026搜索随机1w,助手头部1k,61,5,10000,955,0.61,0.524,-0.086,-0.432,0.623,False,共有
PLOT_INFO_QA__3,PLOT_INFO_QA__3,2026搜索随机1w,助手头部1k,58,1,10000,955,0.58,0.105,-0.475,-0.665,0.028,False,共有
PLOT_INFO_QA__4,PLOT_INFO_QA__4,2026搜索随机1w,助手头部1k,85,31,10000,955,0.85,3.246,2.396,1.425,3.731,True,共有
PLOT_INFO_QA__5,PLOT_INFO_QA__5,2026搜索随机1w,助手头部1k,137,33,10000,955,1.37,3.455,2.085,1.07,3.459,True,共有
RECOMMENDATION__1,RECOMMENDATION__1,2026搜索随机1w,助手头部1k,33,3,10000,955,0.33,0.314,-0.016,-0.262,0.597,False,共有
RECOMMENDATION__2,RECOMMENDATION__2,2026搜索随机1w,助手头部1k,27,3,10000,955,0.27,0.314,0.044,-0.197,0.655,False,共有
RECOMMENDATION__3,RECOMMENDATION__3,2026搜索随机1w,助手头部1k,25,13,10000,955,0.25,1.361,1.111,0.535,2.068,True,共有
RECOMMENDATION__4,RECOMMENDATION__4,2026搜索随机1w,助手头部1k,89,5,10000,955,0.89,0.524,-0.366,-0.729,0.349,False,共有
RECOMMENDATION__5,RECOMMENDATION__5,2026搜索随机1w,助手头部1k,69,21,10000,955,0.69,2.199,1.509,0.731,2.657,True,共有
SCENE_CLIP_WATCH__1,SCENE_CLIP_WATCH__1,2026搜索随机1w,助手头部1k,44,6,10000,955,0.44,0.628,0.188,-0.183,0.932,False,共有
SCENE_LOCATE__1,SCENE_LOCATE__1,2026搜索随机1w,助手头部1k,122,6,10000,955,1.22,0.628,-0.592,-1.005,0.17,False,共有
SCENE_LOCATE__2,SCENE_LOCATE__2,2026搜索随机1w,助手头部1k,21,0,10000,955,0.21,0.0,-0.21,-0.321,0.197,False,a独有
SITE_NAVIGATION__1,SITE_NAVIGATION__1,2026搜索随机1w,助手头部1k,94,11,10000,955,0.94,1.152,0.212,-0.337,1.127,False,共有
SITE_NAVIGATION__2,SITE_NAVIGATION__2,2026搜索随机1w,助手头部1k,111,9,10000,955,1.11,0.942,-0.168,-0.667,0.692,False,共有
SITE_NAVIGATION__3,SITE_NAVIGATION__3,2026搜索随机1w,助手头部1k,30,6,10000,955,0.3,0.628,0.328,-0.035,1.069,False,共有
TITLE_IDENTIFICATION__1,TITLE_IDENTIFICATION__1,2026搜索随机1w,助手头部1k,22,0,10000,955,0.22,0.0,-0.22,-0.333,0.188,False,a独有
TITLE_IDENTIFICATION__2,TITLE_IDENTIFICATION__2,2026搜索随机1w,助手头部1k,37,4,10000,955,0.37,0.419,0.049,-0.243,0.71,False,共有
TITLE_IDENTIFICATION__3,TITLE_IDENTIFICATION__3,2026搜索随机1w,助手头部1k,61,2,10000,955,0.61,0.209,-0.401,-0.631,0.167,False,共有
TITLE_IDENTIFICATION__4,TITLE_IDENTIFICATION__4,2026搜索随机1w,助手头部1k,58,9,10000,955,0.58,0.942,0.362,-0.114,1.211,False,共有
TITLE_IDENTIFICATION__5,TITLE_IDENTIFICATION__5,2026搜索随机1w,助手头部1k,66,9,10000,955,0.66,0.942,0.282,-0.198,1.133,False,共有
WATCH_DIRECT__1,WATCH_DIRECT__1,2026搜索随机1w,助手头部1k,919,33,10000,955,9.19,3.455,-5.735,-6.878,-4.27,True,共有
WATCH_DIRECT__2,WATCH_DIRECT__2,2026搜索随机1w,助手头部1k,760,32,10000,955,7.6,3.351,-4.249,-5.355,-2.817,True,共有
WATCH_DIRECT__3,WATCH_DIRECT__3,2026搜索随机1w,助手头部1k,654,105,10000,955,6.54,10.995,4.455,2.557,6.648,True,共有
WHERE_TO_WATCH__1,WHERE_TO_WATCH__1,2026搜索随机1w,助手头部1k,89,8,10000,955,0.89,0.838,-0.052,-0.513,0.771,False,共有
WORK_FACT_QA__1,WORK_FACT_QA__1,2026搜索随机1w,助手头部1k,97,0,10000,955,0.97,0.0,-0.97,-1.182,-0.533,True,a独有
WORK_FACT_QA__2,WORK_FACT_QA__2,2026搜索随机1w,助手头部1k,223,8,10000,955,2.23,0.838,-1.392,-1.907,-0.541,True,共有
WORK_FACT_QA__3,WORK_FACT_QA__3,2026搜索随机1w,助手头部1k,263,7,10000,955,2.63,0.733,-1.897,-2.4,-1.07,True,共有
ADULT_RESTRICTED_CONTENT_ACCESS__1,ADULT_RESTRICTED_CONTENT_ACCESS__1,2026搜索随机1w,助手随机1k,81,0,10000,982,0.81,0.0,-0.81,-1.006,-0.39,True,a独有
ADULT_RESTRICTED_CONTENT_ACCESS__2,ADULT_RESTRICTED_CONTENT_ACCESS__2,2026搜索随机1w,助手随机1k,2,0,10000,982,0.02,0.0,-0.02,-0.073,0.37,False,a独有
ADULT_RESTRICTED_CONTENT_ACCESS__3,ADULT_RESTRICTED_CONTENT_ACCESS__3,2026搜索随机1w,助手随机1k,8,0,10000,982,0.08,0.0,-0.08,-0.158,0.312,False,a独有
ADULT_RESTRICTED_CONTENT_ACCESS__4,ADULT_RESTRICTED_CONTENT_ACCESS__4,2026搜索随机1w,助手随机1k,63,1,10000,982,0.63,0.102,-0.528,-0.722,-0.036,True,共有
BARE_TITLE_LOOKUP__1,BARE_TITLE_LOOKUP__1,2026搜索随机1w,助手随机1k,812,40,10000,982,8.12,4.073,-4.047,-5.249,-2.529,True,共有
BARE_TITLE_LOOKUP__2,BARE_TITLE_LOOKUP__2,2026搜索随机1w,助手随机1k,403,19,10000,982,4.03,1.935,-2.095,-2.897,-0.966,True,共有
BARE_TITLE_LOOKUP__3,BARE_TITLE_LOOKUP__3,2026搜索随机1w,助手随机1k,431,30,10000,982,4.31,3.055,-1.255,-2.253,0.073,False,共有
BARE_TITLE_LOOKUP__4,BARE_TITLE_LOOKUP__4,2026搜索随机1w,助手随机1k,425,23,10000,982,4.25,2.342,-1.908,-2.787,-0.699,True,共有
BARE_TITLE_LOOKUP__5,BARE_TITLE_LOOKUP__5,2026搜索随机1w,助手随机1k,345,13,10000,982,3.45,1.324,-2.126,-2.791,-1.138,True,共有
CAST_LOOKUP__1,CAST_LOOKUP__1,2026搜索随机1w,助手随机1k,90,4,10000,982,0.9,0.407,-0.493,-0.815,0.164,False,共有
CAST_LOOKUP__2,CAST_LOOKUP__2,2026搜索随机1w,助手随机1k,117,7,10000,982,1.17,0.713,-0.457,-0.891,0.318,False,共有
CAST_LOOKUP__3,CAST_LOOKUP__3,2026搜索随机1w,助手随机1k,107,12,10000,982,1.07,1.222,0.152,-0.415,1.072,False,共有
CAST_LOOKUP__4,CAST_LOOKUP__4,2026搜索随机1w,助手随机1k,195,19,10000,982,1.95,1.935,-0.015,-0.766,1.082,False,共有
FACT_VERIFICATION__1,FACT_VERIFICATION__1,2026搜索随机1w,助手随机1k,31,34,10000,982,0.31,3.462,3.152,2.17,4.492,True,共有
FACT_VERIFICATION__2,FACT_VERIFICATION__2,2026搜索随机1w,助手随机1k,69,19,10000,982,0.69,1.935,1.245,0.529,2.322,True,共有
FACT_VERIFICATION__3,FACT_VERIFICATION__3,2026搜索随机1w,助手随机1k,36,7,10000,982,0.36,0.713,0.353,-0.039,1.111,False,共有
LIVE_TV_SPORTS__1,LIVE_TV_SPORTS__1,2026搜索随机1w,助手随机1k,103,10,10000,982,1.03,1.018,-0.012,-0.524,0.853,False,共有
LIVE_TV_SPORTS__2,LIVE_TV_SPORTS__2,2026搜索随机1w,助手随机1k,46,1,10000,982,0.46,0.102,-0.358,-0.533,0.128,False,共有
NON_DRAMA_VIDEO__1,NON_DRAMA_VIDEO__1,2026搜索随机1w,助手随机1k,1187,117,10000,982,11.87,11.914,0.044,-1.944,2.307,False,共有
NON_DRAMA_VIDEO__2,NON_DRAMA_VIDEO__2,2026搜索随机1w,助手随机1k,158,5,10000,982,1.58,0.509,-1.071,-1.464,-0.357,True,共有
OTHER__1,OTHER__1,2026搜索随机1w,助手随机1k,129,14,10000,982,1.29,1.426,0.136,-0.487,1.11,False,共有
OTHER__2,OTHER__2,2026搜索随机1w,助手随机1k,66,14,10000,982,0.66,1.426,0.766,0.164,1.729,True,共有
OTHER__3,OTHER__3,2026搜索随机1w,助手随机1k,122,21,10000,982,1.22,2.138,0.918,0.146,2.044,True,共有
OTHER__4,OTHER__4,2026搜索随机1w,助手随机1k,206,96,10000,982,2.06,9.776,7.716,5.986,9.75,True,共有
PLATFORM_HELP__1,PLATFORM_HELP__1,2026搜索随机1w,助手随机1k,267,21,10000,982,2.67,2.138,-0.532,-1.34,0.617,False,共有
PLATFORM_HELP__2,PLATFORM_HELP__2,2026搜索随机1w,助手随机1k,175,13,10000,982,1.75,1.324,-0.426,-1.04,0.532,False,共有
PLOT_INFO_QA__1,PLOT_INFO_QA__1,2026搜索随机1w,助手随机1k,71,53,10000,982,0.71,5.397,4.687,3.426,6.289,True,共有
PLOT_INFO_QA__2,PLOT_INFO_QA__2,2026搜索随机1w,助手随机1k,61,33,10000,982,0.61,3.36,2.75,1.777,4.079,True,共有
PLOT_INFO_QA__3,PLOT_INFO_QA__3,2026搜索随机1w,助手随机1k,58,16,10000,982,0.58,1.629,1.049,0.403,2.059,True,共有
PLOT_INFO_QA__4,PLOT_INFO_QA__4,2026搜索随机1w,助手随机1k,85,9,10000,982,0.85,0.916,0.066,-0.411,0.899,False,共有
PLOT_INFO_QA__5,PLOT_INFO_QA__5,2026搜索随机1w,助手随机1k,137,22,10000,982,1.37,2.24,0.87,0.075,2.018,True,共有
RECOMMENDATION__1,RECOMMENDATION__1,2026搜索随机1w,助手随机1k,33,3,10000,982,0.33,0.305,-0.025,-0.266,0.572,False,共有
RECOMMENDATION__2,RECOMMENDATION__2,2026搜索随机1w,助手随机1k,27,2,10000,982,0.27,0.204,-0.066,-0.258,0.476,False,共有
RECOMMENDATION__3,RECOMMENDATION__3,2026搜索随机1w,助手随机1k,25,3,10000,982,0.25,0.305,0.055,-0.178,0.65,False,共有
RECOMMENDATION__4,RECOMMENDATION__4,2026搜索随机1w,助手随机1k,89,9,10000,982,0.89,0.916,0.026,-0.453,0.859,False,共有
RECOMMENDATION__5,RECOMMENDATION__5,2026搜索随机1w,助手随机1k,69,11,10000,982,0.69,1.12,0.43,-0.096,1.316,False,共有
SCENE_CLIP_WATCH__1,SCENE_CLIP_WATCH__1,2026搜索随机1w,助手随机1k,44,6,10000,982,0.44,0.611,0.171,-0.192,0.895,False,共有
SCENE_LOCATE__1,SCENE_LOCATE__1,2026搜索随机1w,助手随机1k,122,9,10000,982,1.22,0.916,-0.304,-0.797,0.536,False,共有
SCENE_LOCATE__2,SCENE_LOCATE__2,2026搜索随机1w,助手随机1k,21,1,10000,982,0.21,0.102,-0.108,-0.247,0.37,False,共有
SITE_NAVIGATION__1,SITE_NAVIGATION__1,2026搜索随机1w,助手随机1k,94,3,10000,982,0.94,0.305,-0.635,-0.925,-0.021,True,共有
SITE_NAVIGATION__2,SITE_NAVIGATION__2,2026搜索随机1w,助手随机1k,111,3,10000,982,1.11,0.305,-0.805,-1.107,-0.187,True,共有
SITE_NAVIGATION__3,SITE_NAVIGATION__3,2026搜索随机1w,助手随机1k,30,0,10000,982,0.3,0.0,-0.3,-0.428,0.1,False,a独有
TITLE_IDENTIFICATION__1,TITLE_IDENTIFICATION__1,2026搜索随机1w,助手随机1k,22,4,10000,982,0.22,0.407,0.187,-0.086,0.827,False,共有
TITLE_IDENTIFICATION__2,TITLE_IDENTIFICATION__2,2026搜索随机1w,助手随机1k,37,6,10000,982,0.37,0.611,0.241,-0.118,0.964,False,共有
TITLE_IDENTIFICATION__3,TITLE_IDENTIFICATION__3,2026搜索随机1w,助手随机1k,61,3,10000,982,0.61,0.305,-0.305,-0.57,0.3,False,共有
TITLE_IDENTIFICATION__4,TITLE_IDENTIFICATION__4,2026搜索随机1w,助手随机1k,58,9,10000,982,0.58,0.916,0.336,-0.129,1.163,False,共有
TITLE_IDENTIFICATION__5,TITLE_IDENTIFICATION__5,2026搜索随机1w,助手随机1k,66,7,10000,982,0.66,0.713,0.053,-0.355,0.817,False,共有
WATCH_DIRECT__1,WATCH_DIRECT__1,2026搜索随机1w,助手随机1k,919,38,10000,982,9.19,3.87,-5.32,-6.51,-3.819,True,共有
WATCH_DIRECT__2,WATCH_DIRECT__2,2026搜索随机1w,助手随机1k,760,25,10000,982,7.6,2.546,-5.054,-6.03,-3.766,True,共有
WATCH_DIRECT__3,WATCH_DIRECT__3,2026搜索随机1w,助手随机1k,654,28,10000,982,6.54,2.851,-3.689,-4.694,-2.364,True,共有
WHERE_TO_WATCH__1,WHERE_TO_WATCH__1,2026搜索随机1w,助手随机1k,89,15,10000,982,0.89,1.527,0.637,0.004,1.629,True,共有
WORK_FACT_QA__1,WORK_FACT_QA__1,2026搜索随机1w,助手随机1k,97,13,10000,982,0.97,1.324,0.354,-0.234,1.298,False,共有
WORK_FACT_QA__2,WORK_FACT_QA__2,2026搜索随机1w,助手随机1k,223,62,10000,982,2.23,6.314,4.084,2.692,5.803,True,共有
WORK_FACT_QA__3,WORK_FACT_QA__3,2026搜索随机1w,助手随机1k,263,49,10000,982,2.63,4.99,2.36,1.119,3.934,True,共有
ADULT_RESTRICTED_CONTENT_ACCESS__1,ADULT_RESTRICTED_CONTENT_ACCESS__1,2026搜索随机1w,助手语音头部1k,81,8,10000,999,0.81,0.801,-0.009,-0.449,0.778,False,共有
ADULT_RESTRICTED_CONTENT_ACCESS__2,ADULT_RESTRICTED_CONTENT_ACCESS__2,2026搜索随机1w,助手语音头部1k,2,0,10000,999,0.02,0.0,-0.02,-0.073,0.363,False,a独有
ADULT_RESTRICTED_CONTENT_ACCESS__3,ADULT_RESTRICTED_CONTENT_ACCESS__3,2026搜索随机1w,助手语音头部1k,8,1,10000,999,0.08,0.1,0.02,-0.093,0.486,False,共有
ADULT_RESTRICTED_CONTENT_ACCESS__4,ADULT_RESTRICTED_CONTENT_ACCESS__4,2026搜索随机1w,助手语音头部1k,63,1,10000,999,0.63,0.1,-0.53,-0.723,-0.045,True,共有
BARE_TITLE_LOOKUP__1,BARE_TITLE_LOOKUP__1,2026搜索随机1w,助手语音头部1k,812,123,10000,999,8.12,12.312,4.192,2.219,6.436,True,共有
BARE_TITLE_LOOKUP__2,BARE_TITLE_LOOKUP__2,2026搜索随机1w,助手语音头部1k,403,27,10000,999,4.03,2.703,-1.327,-2.258,-0.071,True,共有
BARE_TITLE_LOOKUP__3,BARE_TITLE_LOOKUP__3,2026搜索随机1w,助手语音头部1k,431,141,10000,999,4.31,14.114,9.804,7.74,12.132,True,共有
BARE_TITLE_LOOKUP__4,BARE_TITLE_LOOKUP__4,2026搜索随机1w,助手语音头部1k,425,152,10000,999,4.25,15.215,10.965,8.831,13.355,True,共有
BARE_TITLE_LOOKUP__5,BARE_TITLE_LOOKUP__5,2026搜索随机1w,助手语音头部1k,345,16,10000,999,3.45,1.602,-1.848,-2.568,-0.807,True,共有
CAST_LOOKUP__1,CAST_LOOKUP__1,2026搜索随机1w,助手语音头部1k,90,0,10000,999,0.9,0.0,-0.9,-1.105,-0.482,True,a独有
CAST_LOOKUP__2,CAST_LOOKUP__2,2026搜索随机1w,助手语音头部1k,117,5,10000,999,1.17,0.501,-0.669,-1.037,0.024,False,共有
CAST_LOOKUP__3,CAST_LOOKUP__3,2026搜索随机1w,助手语音头部1k,107,0,10000,999,1.07,0.0,-1.07,-1.291,-0.645,True,a独有
CAST_LOOKUP__4,CAST_LOOKUP__4,2026搜索随机1w,助手语音头部1k,195,3,10000,999,1.95,0.3,-1.65,-2.001,-1.018,True,共有
FACT_VERIFICATION__1,FACT_VERIFICATION__1,2026搜索随机1w,助手语音头部1k,31,0,10000,999,0.31,0.0,-0.31,-0.44,0.084,False,a独有
FACT_VERIFICATION__2,FACT_VERIFICATION__2,2026搜索随机1w,助手语音头部1k,69,0,10000,999,0.69,0.0,-0.69,-0.872,-0.281,True,a独有
FACT_VERIFICATION__3,FACT_VERIFICATION__3,2026搜索随机1w,助手语音头部1k,36,0,10000,999,0.36,0.0,-0.36,-0.498,0.036,False,a独有
LIVE_TV_SPORTS__1,LIVE_TV_SPORTS__1,2026搜索随机1w,助手语音头部1k,103,21,10000,999,1.03,2.102,1.072,0.317,2.177,True,共有
LIVE_TV_SPORTS__2,LIVE_TV_SPORTS__2,2026搜索随机1w,助手语音头部1k,46,25,10000,999,0.46,2.503,2.043,1.226,3.214,True,共有
NON_DRAMA_VIDEO__1,NON_DRAMA_VIDEO__1,2026搜索随机1w,助手语音头部1k,1187,47,10000,999,11.87,4.705,-7.165,-8.484,-5.547,True,共有
NON_DRAMA_VIDEO__2,NON_DRAMA_VIDEO__2,2026搜索随机1w,助手语音头部1k,158,3,10000,999,1.58,0.3,-1.28,-1.61,-0.658,True,共有
OTHER__1,OTHER__1,2026搜索随机1w,助手语音头部1k,129,10,10000,999,1.29,1.001,-0.289,-0.805,0.567,False,共有
OTHER__2,OTHER__2,2026搜索随机1w,助手语音头部1k,66,13,10000,999,0.66,1.301,0.641,0.073,1.564,True,共有
OTHER__3,OTHER__3,2026搜索随机1w,助手语音头部1k,122,16,10000,999,1.22,1.602,0.382,-0.275,1.385,False,共有
OTHER__4,OTHER__4,2026搜索随机1w,助手语音头部1k,206,23,10000,999,2.06,2.302,0.242,-0.577,1.401,False,共有
PLATFORM_HELP__1,PLATFORM_HELP__1,2026搜索随机1w,助手语音头部1k,267,7,10000,999,2.67,0.701,-1.969,-2.461,-1.173,True,共有
PLATFORM_HELP__2,PLATFORM_HELP__2,2026搜索随机1w,助手语音头部1k,175,5,10000,999,1.75,0.501,-1.249,-1.647,-0.542,True,共有
PLOT_INFO_QA__1,PLOT_INFO_QA__1,2026搜索随机1w,助手语音头部1k,71,0,10000,999,0.71,0.0,-0.71,-0.895,-0.3,True,a独有
PLOT_INFO_QA__2,PLOT_INFO_QA__2,2026搜索随机1w,助手语音头部1k,61,0,10000,999,0.61,0.0,-0.61,-0.783,-0.204,True,a独有
PLOT_INFO_QA__3,PLOT_INFO_QA__3,2026搜索随机1w,助手语音头部1k,58,0,10000,999,0.58,0.0,-0.58,-0.749,-0.175,True,a独有
PLOT_INFO_QA__4,PLOT_INFO_QA__4,2026搜索随机1w,助手语音头部1k,85,3,10000,999,0.85,0.3,-0.55,-0.831,0.051,False,共有
PLOT_INFO_QA__5,PLOT_INFO_QA__5,2026搜索随机1w,助手语音头部1k,137,1,10000,999,1.37,0.1,-1.27,-1.531,-0.76,True,共有
RECOMMENDATION__1,RECOMMENDATION__1,2026搜索随机1w,助手语音头部1k,33,1,10000,999,0.33,0.1,-0.23,-0.386,0.244,False,共有
RECOMMENDATION__2,RECOMMENDATION__2,2026搜索随机1w,助手语音头部1k,27,0,10000,999,0.27,0.0,-0.27,-0.393,0.122,False,a独有
RECOMMENDATION__3,RECOMMENDATION__3,2026搜索随机1w,助手语音头部1k,25,10,10000,999,0.25,1.001,0.751,0.279,1.587,True,共有
RECOMMENDATION__4,RECOMMENDATION__4,2026搜索随机1w,助手语音头部1k,89,9,10000,999,0.89,0.901,0.011,-0.462,0.83,False,共有
RECOMMENDATION__5,RECOMMENDATION__5,2026搜索随机1w,助手语音头部1k,69,3,10000,999,0.69,0.3,-0.39,-0.659,0.207,False,共有
SCENE_CLIP_WATCH__1,SCENE_CLIP_WATCH__1,2026搜索随机1w,助手语音头部1k,44,5,10000,999,0.44,0.501,0.061,-0.263,0.736,False,共有
SCENE_LOCATE__1,SCENE_LOCATE__1,2026搜索随机1w,助手语音头部1k,122,0,10000,999,1.22,0.0,-1.22,-1.455,-0.789,True,a独有
SCENE_LOCATE__2,SCENE_LOCATE__2,2026搜索随机1w,助手语音头部1k,21,0,10000,999,0.21,0.0,-0.21,-0.321,0.18,False,a独有
SITE_NAVIGATION__1,SITE_NAVIGATION__1,2026搜索随机1w,助手语音头部1k,94,7,10000,999,0.94,0.701,-0.239,-0.656,0.519,False,共有
SITE_NAVIGATION__2,SITE_NAVIGATION__2,2026搜索随机1w,助手语音头部1k,111,18,10000,999,1.11,1.802,0.692,-0.005,1.737,False,共有
SITE_NAVIGATION__3,SITE_NAVIGATION__3,2026搜索随机1w,助手语音头部1k,30,0,10000,999,0.3,0.0,-0.3,-0.428,0.093,False,a独有
TITLE_IDENTIFICATION__1,TITLE_IDENTIFICATION__1,2026搜索随机1w,助手语音头部1k,22,0,10000,999,0.22,0.0,-0.22,-0.333,0.17,False,a独有
TITLE_IDENTIFICATION__2,TITLE_IDENTIFICATION__2,2026搜索随机1w,助手语音头部1k,37,0,10000,999,0.37,0.0,-0.37,-0.51,0.026,False,a独有
TITLE_IDENTIFICATION__3,TITLE_IDENTIFICATION__3,2026搜索随机1w,助手语音头部1k,61,3,10000,999,0.61,0.3,-0.31,-0.573,0.285,False,共有
TITLE_IDENTIFICATION__4,TITLE_IDENTIFICATION__4,2026搜索随机1w,助手语音头部1k,58,0,10000,999,0.58,0.0,-0.58,-0.749,-0.175,True,a独有
TITLE_IDENTIFICATION__5,TITLE_IDENTIFICATION__5,2026搜索随机1w,助手语音头部1k,66,1,10000,999,0.66,0.1,-0.56,-0.757,-0.074,True,共有
WATCH_DIRECT__1,WATCH_DIRECT__1,2026搜索随机1w,助手语音头部1k,919,23,10000,999,9.19,2.302,-6.888,-7.848,-5.632,True,共有
WATCH_DIRECT__2,WATCH_DIRECT__2,2026搜索随机1w,助手语音头部1k,760,86,10000,999,7.6,8.609,1.009,-0.664,2.976,False,共有
WATCH_DIRECT__3,WATCH_DIRECT__3,2026搜索随机1w,助手语音头部1k,654,159,10000,999,6.54,15.916,9.376,7.181,11.82,True,共有
WHERE_TO_WATCH__1,WHERE_TO_WATCH__1,2026搜索随机1w,助手语音头部1k,89,1,10000,999,0.89,0.1,-0.79,-1.01,-0.296,True,共有
WORK_FACT_QA__1,WORK_FACT_QA__1,2026搜索随机1w,助手语音头部1k,97,18,10000,999,0.97,1.802,0.832,0.14,1.875,True,共有
WORK_FACT_QA__2,WORK_FACT_QA__2,2026搜索随机1w,助手语音头部1k,223,1,10000,999,2.23,0.1,-2.13,-2.449,-1.592,True,共有
WORK_FACT_QA__3,WORK_FACT_QA__3,2026搜索随机1w,助手语音头部1k,263,3,10000,999,2.63,0.3,-2.33,-2.717,-1.68,True,共有
ADULT_RESTRICTED_CONTENT_ACCESS__1,ADULT_RESTRICTED_CONTENT_ACCESS__1,2026搜索随机1w,助手语音随机1k,81,7,10000,1000,0.81,0.7,-0.11,-0.52,0.645,False,共有
ADULT_RESTRICTED_CONTENT_ACCESS__2,ADULT_RESTRICTED_CONTENT_ACCESS__2,2026搜索随机1w,助手语音随机1k,2,0,10000,1000,0.02,0.0,-0.02,-0.073,0.363,False,a独有
ADULT_RESTRICTED_CONTENT_ACCESS__3,ADULT_RESTRICTED_CONTENT_ACCESS__3,2026搜索随机1w,助手语音随机1k,8,1,10000,1000,0.08,0.1,0.02,-0.093,0.486,False,共有
ADULT_RESTRICTED_CONTENT_ACCESS__4,ADULT_RESTRICTED_CONTENT_ACCESS__4,2026搜索随机1w,助手语音随机1k,63,1,10000,1000,0.63,0.1,-0.53,-0.724,-0.046,True,共有
BARE_TITLE_LOOKUP__1,BARE_TITLE_LOOKUP__1,2026搜索随机1w,助手语音随机1k,812,108,10000,1000,8.12,10.8,2.68,0.82,4.82,True,共有
BARE_TITLE_LOOKUP__2,BARE_TITLE_LOOKUP__2,2026搜索随机1w,助手语音随机1k,403,31,10000,1000,4.03,3.1,-0.93,-1.923,0.389,False,共有
BARE_TITLE_LOOKUP__3,BARE_TITLE_LOOKUP__3,2026搜索随机1w,助手语音随机1k,431,62,10000,1000,4.31,6.2,1.89,0.493,3.602,True,共有
BARE_TITLE_LOOKUP__4,BARE_TITLE_LOOKUP__4,2026搜索随机1w,助手语音随机1k,425,46,10000,1000,4.25,4.6,0.35,-0.857,1.879,False,共有
BARE_TITLE_LOOKUP__5,BARE_TITLE_LOOKUP__5,2026搜索随机1w,助手语音随机1k,345,33,10000,1000,3.45,3.3,-0.15,-1.163,1.192,False,共有
CAST_LOOKUP__1,CAST_LOOKUP__1,2026搜索随机1w,助手语音随机1k,90,7,10000,1000,0.9,0.7,-0.2,-0.615,0.557,False,共有
CAST_LOOKUP__2,CAST_LOOKUP__2,2026搜索随机1w,助手语音随机1k,117,17,10000,1000,1.17,1.7,0.53,-0.146,1.554,False,共有
CAST_LOOKUP__3,CAST_LOOKUP__3,2026搜索随机1w,助手语音随机1k,107,8,10000,1000,1.07,0.8,-0.27,-0.722,0.522,False,共有
CAST_LOOKUP__4,CAST_LOOKUP__4,2026搜索随机1w,助手语音随机1k,195,17,10000,1000,1.95,1.7,-0.25,-0.949,0.787,False,共有
FACT_VERIFICATION__1,FACT_VERIFICATION__1,2026搜索随机1w,助手语音随机1k,31,2,10000,1000,0.31,0.2,-0.11,-0.305,0.424,False,共有
FACT_VERIFICATION__2,FACT_VERIFICATION__2,2026搜索随机1w,助手语音随机1k,69,4,10000,1000,0.69,0.4,-0.29,-0.595,0.35,False,共有
FACT_VERIFICATION__3,FACT_VERIFICATION__3,2026搜索随机1w,助手语音随机1k,36,4,10000,1000,0.36,0.4,0.04,-0.241,0.672,False,共有
LIVE_TV_SPORTS__1,LIVE_TV_SPORTS__1,2026搜索随机1w,助手语音随机1k,103,11,10000,1000,1.03,1.1,0.07,-0.461,0.948,False,共有
LIVE_TV_SPORTS__2,LIVE_TV_SPORTS__2,2026搜索随机1w,助手语音随机1k,46,2,10000,1000,0.46,0.2,-0.26,-0.471,0.279,False,共有
NON_DRAMA_VIDEO__1,NON_DRAMA_VIDEO__1,2026搜索随机1w,助手语音随机1k,1187,134,10000,1000,11.87,13.4,1.53,-0.546,3.866,False,共有
NON_DRAMA_VIDEO__2,NON_DRAMA_VIDEO__2,2026搜索随机1w,助手语音随机1k,158,30,10000,1000,1.58,3.0,1.42,0.491,2.691,True,共有
OTHER__1,OTHER__1,2026搜索随机1w,助手语音随机1k,129,21,10000,1000,1.29,2.1,0.81,0.049,1.918,True,共有
OTHER__2,OTHER__2,2026搜索随机1w,助手语音随机1k,66,11,10000,1000,0.66,1.1,0.44,-0.077,1.31,False,共有
OTHER__3,OTHER__3,2026搜索随机1w,助手语音随机1k,122,11,10000,1000,1.22,1.1,-0.12,-0.659,0.761,False,共有
OTHER__4,OTHER__4,2026搜索随机1w,助手语音随机1k,206,29,10000,1000,2.06,2.9,0.84,-0.083,2.101,False,共有
PLATFORM_HELP__1,PLATFORM_HELP__1,2026搜索随机1w,助手语音随机1k,267,23,10000,1000,2.67,2.3,-0.37,-1.203,0.796,False,共有
PLATFORM_HELP__2,PLATFORM_HELP__2,2026搜索随机1w,助手语音随机1k,175,9,10000,1000,1.75,0.9,-0.85,-1.358,-0.014,True,共有
PLOT_INFO_QA__1,PLOT_INFO_QA__1,2026搜索随机1w,助手语音随机1k,71,15,10000,1000,0.71,1.5,0.79,0.173,1.761,True,共有
PLOT_INFO_QA__2,PLOT_INFO_QA__2,2026搜索随机1w,助手语音随机1k,61,6,10000,1000,0.61,0.6,-0.01,-0.378,0.706,False,共有
PLOT_INFO_QA__3,PLOT_INFO_QA__3,2026搜索随机1w,助手语音随机1k,58,5,10000,1000,0.58,0.5,-0.08,-0.412,0.598,False,共有
PLOT_INFO_QA__4,PLOT_INFO_QA__4,2026搜索随机1w,助手语音随机1k,85,6,10000,1000,0.85,0.6,-0.25,-0.631,0.471,False,共有
PLOT_INFO_QA__5,PLOT_INFO_QA__5,2026搜索随机1w,助手语音随机1k,137,9,10000,1000,1.37,0.9,-0.47,-0.962,0.359,False,共有
RECOMMENDATION__1,RECOMMENDATION__1,2026搜索随机1w,助手语音随机1k,33,2,10000,1000,0.33,0.2,-0.13,-0.327,0.405,False,共有
RECOMMENDATION__2,RECOMMENDATION__2,2026搜索随机1w,助手语音随机1k,27,4,10000,1000,0.27,0.4,0.13,-0.143,0.76,False,共有
RECOMMENDATION__3,RECOMMENDATION__3,2026搜索随机1w,助手语音随机1k,25,1,10000,1000,0.25,0.1,-0.15,-0.295,0.321,False,共有
RECOMMENDATION__4,RECOMMENDATION__4,2026搜索随机1w,助手语音随机1k,89,9,10000,1000,0.89,0.9,0.01,-0.462,0.829,False,共有
RECOMMENDATION__5,RECOMMENDATION__5,2026搜索随机1w,助手语音随机1k,69,4,10000,1000,0.69,0.4,-0.29,-0.595,0.35,False,共有
SCENE_CLIP_WATCH__1,SCENE_CLIP_WATCH__1,2026搜索随机1w,助手语音随机1k,44,6,10000,1000,0.44,0.6,0.16,-0.198,0.872,False,共有
SCENE_LOCATE__1,SCENE_LOCATE__1,2026搜索随机1w,助手语音随机1k,122,5,10000,1000,1.22,0.5,-0.72,-1.09,-0.026,True,共有
SCENE_LOCATE__2,SCENE_LOCATE__2,2026搜索随机1w,助手语音随机1k,21,2,10000,1000,0.21,0.2,-0.01,-0.193,0.521,False,共有
SITE_NAVIGATION__1,SITE_NAVIGATION__1,2026搜索随机1w,助手语音随机1k,94,5,10000,1000,0.94,0.5,-0.44,-0.794,0.247,False,共有
SITE_NAVIGATION__2,SITE_NAVIGATION__2,2026搜索随机1w,助手语音随机1k,111,10,10000,1000,1.11,1.0,-0.11,-0.618,0.742,False,共有
SITE_NAVIGATION__3,SITE_NAVIGATION__3,2026搜索随机1w,助手语音随机1k,30,3,10000,1000,0.3,0.3,0.0,-0.236,0.585,False,共有
TITLE_IDENTIFICATION__1,TITLE_IDENTIFICATION__1,2026搜索随机1w,助手语音随机1k,22,6,10000,1000,0.22,0.6,0.38,0.036,1.087,True,共有
TITLE_IDENTIFICATION__2,TITLE_IDENTIFICATION__2,2026搜索随机1w,助手语音随机1k,37,3,10000,1000,0.37,0.3,-0.07,-0.312,0.517,False,共有
TITLE_IDENTIFICATION__3,TITLE_IDENTIFICATION__3,2026搜索随机1w,助手语音随机1k,61,11,10000,1000,0.61,1.1,0.49,-0.025,1.359,False,共有
TITLE_IDENTIFICATION__4,TITLE_IDENTIFICATION__4,2026搜索随机1w,助手语音随机1k,58,8,10000,1000,0.58,0.8,0.22,-0.209,1.002,False,共有
TITLE_IDENTIFICATION__5,TITLE_IDENTIFICATION__5,2026搜索随机1w,助手语音随机1k,66,10,10000,1000,0.66,1.0,0.34,-0.15,1.183,False,共有
WATCH_DIRECT__1,WATCH_DIRECT__1,2026搜索随机1w,助手语音随机1k,919,70,10000,1000,9.19,7.0,-2.19,-3.727,-0.354,True,共有
WATCH_DIRECT__2,WATCH_DIRECT__2,2026搜索随机1w,助手语音随机1k,760,49,10000,1000,7.6,4.9,-2.7,-3.99,-1.1,True,共有
WATCH_DIRECT__3,WATCH_DIRECT__3,2026搜索随机1w,助手语音随机1k,654,42,10000,1000,6.54,4.2,-2.34,-3.529,-0.837,True,共有
WHERE_TO_WATCH__1,WHERE_TO_WATCH__1,2026搜索随机1w,助手语音随机1k,89,5,10000,1000,0.89,0.5,-0.39,-0.741,0.296,False,共有
WORK_FACT_QA__1,WORK_FACT_QA__1,2026搜索随机1w,助手语音随机1k,97,11,10000,1000,0.97,1.1,0.13,-0.399,1.006,False,共有
WORK_FACT_QA__2,WORK_FACT_QA__2,2026搜索随机1w,助手语音随机1k,223,28,10000,1000,2.23,2.8,0.57,-0.34,1.817,False,共有
WORK_FACT_QA__3,WORK_FACT_QA__3,2026搜索随机1w,助手语音随机1k,263,36,10000,1000,2.63,3.6,0.97,-0.073,2.346,False,共有
ADULT_RESTRICTED_CONTENT_ACCESS__1,ADULT_RESTRICTED_CONTENT_ACCESS__1,助手头部1k,助手随机1k,3,0,955,982,0.314,0.0,-0.314,-0.919,0.127,False,a独有
ADULT_RESTRICTED_CONTENT_ACCESS__2,ADULT_RESTRICTED_CONTENT_ACCESS__2,助手头部1k,助手随机1k,1,0,955,982,0.105,0.0,-0.105,-0.591,0.294,False,a独有
ADULT_RESTRICTED_CONTENT_ACCESS__4,ADULT_RESTRICTED_CONTENT_ACCESS__4,助手头部1k,助手随机1k,2,1,955,982,0.209,0.102,-0.108,-0.665,0.389,False,共有
BARE_TITLE_LOOKUP__1,BARE_TITLE_LOOKUP__1,助手头部1k,助手随机1k,55,40,955,982,5.759,4.073,-1.686,-3.662,0.249,False,共有
BARE_TITLE_LOOKUP__2,BARE_TITLE_LOOKUP__2,助手头部1k,助手随机1k,56,19,955,982,5.864,1.935,-3.929,-5.741,-2.231,True,共有
BARE_TITLE_LOOKUP__3,BARE_TITLE_LOOKUP__3,助手头部1k,助手随机1k,102,30,955,982,10.681,3.055,-7.626,-9.93,-5.418,True,共有
BARE_TITLE_LOOKUP__4,BARE_TITLE_LOOKUP__4,助手头部1k,助手随机1k,68,23,955,982,7.12,2.342,-4.778,-6.746,-2.917,True,共有
BARE_TITLE_LOOKUP__5,BARE_TITLE_LOOKUP__5,助手头部1k,助手随机1k,22,13,955,982,2.304,1.324,-0.98,-2.263,0.231,False,共有
CAST_LOOKUP__1,CAST_LOOKUP__1,助手头部1k,助手随机1k,1,4,955,982,0.105,0.407,0.303,-0.243,0.944,False,共有
CAST_LOOKUP__2,CAST_LOOKUP__2,助手头部1k,助手随机1k,34,7,955,982,3.56,0.713,-2.847,-4.269,-1.595,True,共有
CAST_LOOKUP__3,CAST_LOOKUP__3,助手头部1k,助手随机1k,7,12,955,982,0.733,1.222,0.489,-0.443,1.467,False,共有
CAST_LOOKUP__4,CAST_LOOKUP__4,助手头部1k,助手随机1k,15,19,955,982,1.571,1.935,0.364,-0.856,1.597,False,共有
FACT_VERIFICATION__1,FACT_VERIFICATION__1,助手头部1k,助手随机1k,0,34,955,982,0.0,3.462,3.462,2.409,4.799,True,b独有
FACT_VERIFICATION__2,FACT_VERIFICATION__2,助手头部1k,助手随机1k,0,19,955,982,0.0,1.935,1.935,1.135,3.002,True,b独有
FACT_VERIFICATION__3,FACT_VERIFICATION__3,助手头部1k,助手随机1k,1,7,955,982,0.105,0.713,0.608,-0.001,1.364,False,共有
LIVE_TV_SPORTS__1,LIVE_TV_SPORTS__1,助手头部1k,助手随机1k,1,10,955,982,0.105,1.018,0.914,0.241,1.764,True,共有
LIVE_TV_SPORTS__2,LIVE_TV_SPORTS__2,助手头部1k,助手随机1k,7,1,955,982,0.733,0.102,-0.631,-1.408,-0.026,True,共有
NON_DRAMA_VIDEO__1,NON_DRAMA_VIDEO__1,助手头部1k,助手随机1k,71,117,955,982,7.435,11.914,4.48,1.85,7.122,True,共有
NON_DRAMA_VIDEO__2,NON_DRAMA_VIDEO__2,助手头部1k,助手随机1k,9,5,955,982,0.942,0.509,-0.433,-1.321,0.378,False,共有
OTHER__1,OTHER__1,助手头部1k,助手随机1k,14,14,955,982,1.466,1.426,-0.04,-1.176,1.081,False,共有
OTHER__2,OTHER__2,助手头部1k,助手随机1k,24,14,955,982,2.513,1.426,-1.087,-2.417,0.169,False,共有
OTHER__3,OTHER__3,助手头部1k,助手随机1k,45,21,955,982,4.712,2.138,-2.574,-4.276,-0.96,True,共有
OTHER__4,OTHER__4,助手头部1k,助手随机1k,34,96,955,982,3.56,9.776,6.216,4.027,8.468,True,共有
PLATFORM_HELP__1,PLATFORM_HELP__1,助手头部1k,助手随机1k,6,21,955,982,0.628,2.138,1.51,0.47,2.67,True,共有
PLATFORM_HELP__2,PLATFORM_HELP__2,助手头部1k,助手随机1k,3,13,955,982,0.314,1.324,1.01,0.193,1.96,True,共有
PLOT_INFO_QA__1,PLOT_INFO_QA__1,助手头部1k,助手随机1k,4,53,955,982,0.419,5.397,4.978,3.57,6.594,True,共有
PLOT_INFO_QA__2,PLOT_INFO_QA__2,助手头部1k,助手随机1k,5,33,955,982,0.524,3.36,2.837,1.653,4.192,True,共有
PLOT_INFO_QA__3,PLOT_INFO_QA__3,助手头部1k,助手随机1k,1,16,955,982,0.105,1.629,1.525,0.734,2.529,True,共有
PLOT_INFO_QA__4,PLOT_INFO_QA__4,助手头部1k,助手随机1k,31,9,955,982,3.246,0.916,-2.33,-3.723,-1.077,True,共有
PLOT_INFO_QA__5,PLOT_INFO_QA__5,助手头部1k,助手随机1k,33,22,955,982,3.455,2.24,-1.215,-2.769,0.282,False,共有
RECOMMENDATION__1,RECOMMENDATION__1,助手头部1k,助手随机1k,3,3,955,982,0.314,0.305,-0.009,-0.647,0.616,False,共有
RECOMMENDATION__2,RECOMMENDATION__2,助手头部1k,助手随机1k,3,2,955,982,0.314,0.204,-0.11,-0.734,0.464,False,共有
RECOMMENDATION__3,RECOMMENDATION__3,助手头部1k,助手随机1k,13,3,955,982,1.361,0.305,-1.056,-2.031,-0.24,True,共有
RECOMMENDATION__4,RECOMMENDATION__4,助手头部1k,助手随机1k,5,9,955,982,0.524,0.916,0.393,-0.427,1.262,False,共有
RECOMMENDATION__5,RECOMMENDATION__5,助手头部1k,助手随机1k,21,11,955,982,2.199,1.12,-1.079,-2.32,0.077,False,共有
SCENE_CLIP_WATCH__1,SCENE_CLIP_WATCH__1,助手头部1k,助手随机1k,6,6,955,982,0.628,0.611,-0.017,-0.824,0.775,False,共有
SCENE_LOCATE__1,SCENE_LOCATE__1,助手头部1k,助手随机1k,6,9,955,982,0.628,0.916,0.288,-0.566,1.172,False,共有
SCENE_LOCATE__2,SCENE_LOCATE__2,助手头部1k,助手随机1k,0,1,955,982,0.0,0.102,0.102,-0.307,0.575,False,b独有
SITE_NAVIGATION__1,SITE_NAVIGATION__1,助手头部1k,助手随机1k,11,3,955,982,1.152,0.305,-0.846,-1.768,-0.069,True,共有
SITE_NAVIGATION__2,SITE_NAVIGATION__2,助手头部1k,助手随机1k,9,3,955,982,0.942,0.305,-0.637,-1.5,0.102,False,共有
SITE_NAVIGATION__3,SITE_NAVIGATION__3,助手头部1k,助手随机1k,6,0,955,982,0.628,0.0,-0.628,-1.364,-0.111,True,a独有
TITLE_IDENTIFICATION__1,TITLE_IDENTIFICATION__1,助手头部1k,助手随机1k,0,4,955,982,0.0,0.407,0.407,-0.064,1.043,False,b独有
TITLE_IDENTIFICATION__2,TITLE_IDENTIFICATION__2,助手头部1k,助手随机1k,4,6,955,982,0.419,0.611,0.192,-0.54,0.952,False,共有
TITLE_IDENTIFICATION__3,TITLE_IDENTIFICATION__3,助手头部1k,助手随机1k,2,3,955,982,0.209,0.305,0.096,-0.491,0.704,False,共有
TITLE_IDENTIFICATION__4,TITLE_IDENTIFICATION__4,助手头部1k,助手随机1k,9,9,955,982,0.942,0.916,-0.026,-0.97,0.904,False,共有
TITLE_IDENTIFICATION__5,TITLE_IDENTIFICATION__5,助手头部1k,助手随机1k,9,7,955,982,0.942,0.713,-0.23,-1.145,0.644,False,共有
WATCH_DIRECT__1,WATCH_DIRECT__1,助手头部1k,助手随机1k,33,38,955,982,3.455,3.87,0.414,-1.294,2.123,False,共有
WATCH_DIRECT__2,WATCH_DIRECT__2,助手头部1k,助手随机1k,32,25,955,982,3.351,2.546,-0.805,-2.375,0.725,False,共有
WATCH_DIRECT__3,WATCH_DIRECT__3,助手头部1k,助手随机1k,105,28,955,982,10.995,2.851,-8.143,-10.456,-5.934,True,共有
WHERE_TO_WATCH__1,WHERE_TO_WATCH__1,助手头部1k,助手随机1k,8,15,955,982,0.838,1.527,0.69,-0.315,1.751,False,共有
WORK_FACT_QA__1,WORK_FACT_QA__1,助手头部1k,助手随机1k,0,13,955,982,0.0,1.324,1.324,0.645,2.252,True,b独有
WORK_FACT_QA__2,WORK_FACT_QA__2,助手头部1k,助手随机1k,8,62,955,982,0.838,6.314,5.476,3.897,7.223,True,共有
WORK_FACT_QA__3,WORK_FACT_QA__3,助手头部1k,助手随机1k,7,49,955,982,0.733,4.99,4.257,2.834,5.848,True,共有
ADULT_RESTRICTED_CONTENT_ACCESS__1,ADULT_RESTRICTED_CONTENT_ACCESS__1,助手头部1k,助手语音头部1k,3,8,955,999,0.314,0.801,0.487,-0.236,1.285,False,共有
ADULT_RESTRICTED_CONTENT_ACCESS__2,ADULT_RESTRICTED_CONTENT_ACCESS__2,助手头部1k,助手语音头部1k,1,0,955,999,0.105,0.0,-0.105,-0.591,0.288,False,a独有
ADULT_RESTRICTED_CONTENT_ACCESS__3,ADULT_RESTRICTED_CONTENT_ACCESS__3,助手头部1k,助手语音头部1k,0,1,955,999,0.0,0.1,0.1,-0.309,0.565,False,b独有
ADULT_RESTRICTED_CONTENT_ACCESS__4,ADULT_RESTRICTED_CONTENT_ACCESS__4,助手头部1k,助手语音头部1k,2,1,955,999,0.209,0.1,-0.109,-0.666,0.38,False,共有
BARE_TITLE_LOOKUP__1,BARE_TITLE_LOOKUP__1,助手头部1k,助手语音头部1k,55,123,955,999,5.759,12.312,6.553,4.033,9.098,True,共有
BARE_TITLE_LOOKUP__2,BARE_TITLE_LOOKUP__2,助手头部1k,助手语音头部1k,56,27,955,999,5.864,2.703,-3.161,-5.034,-1.376,True,共有
BARE_TITLE_LOOKUP__3,BARE_TITLE_LOOKUP__3,助手头部1k,助手语音头部1k,102,141,955,999,10.681,14.114,3.433,0.505,6.354,True,共有
BARE_TITLE_LOOKUP__4,BARE_TITLE_LOOKUP__4,助手头部1k,助手语音头部1k,68,152,955,999,7.12,15.215,8.095,5.328,10.873,True,共有
BARE_TITLE_LOOKUP__5,BARE_TITLE_LOOKUP__5,助手头部1k,助手语音头部1k,22,16,955,999,2.304,1.602,-0.702,-2.014,0.552,False,共有
CAST_LOOKUP__1,CAST_LOOKUP__1,助手头部1k,助手语音头部1k,1,0,955,999,0.105,0.0,-0.105,-0.591,0.288,False,a独有
CAST_LOOKUP__2,CAST_LOOKUP__2,助手头部1k,助手语音头部1k,34,5,955,999,3.56,0.501,-3.06,-4.463,-1.857,True,共有
CAST_LOOKUP__3,CAST_LOOKUP__3,助手头部1k,助手语音头部1k,7,0,955,999,0.733,0.0,-0.733,-1.505,-0.195,True,a独有
CAST_LOOKUP__4,CAST_LOOKUP__4,助手头部1k,助手语音头部1k,15,3,955,999,1.571,0.3,-1.27,-2.294,-0.425,True,共有
FACT_VERIFICATION__3,FACT_VERIFICATION__3,助手头部1k,助手语音头部1k,1,0,955,999,0.105,0.0,-0.105,-0.591,0.288,False,a独有
LIVE_TV_SPORTS__1,LIVE_TV_SPORTS__1,助手头部1k,助手语音头部1k,1,21,955,999,0.105,2.102,1.997,1.126,3.091,True,共有
LIVE_TV_SPORTS__2,LIVE_TV_SPORTS__2,助手头部1k,助手语音头部1k,7,25,955,999,0.733,2.503,1.77,0.656,2.995,True,共有
NON_DRAMA_VIDEO__1,NON_DRAMA_VIDEO__1,助手头部1k,助手语音头部1k,71,47,955,999,7.435,4.705,-2.73,-4.899,-0.613,True,共有
NON_DRAMA_VIDEO__2,NON_DRAMA_VIDEO__2,助手头部1k,助手语音头部1k,9,3,955,999,0.942,0.3,-0.642,-1.504,0.089,False,共有
OTHER__1,OTHER__1,助手头部1k,助手语音头部1k,14,10,955,999,1.466,1.001,-0.465,-1.546,0.555,False,共有
OTHER__2,OTHER__2,助手头部1k,助手语音头部1k,24,13,955,999,2.513,1.301,-1.212,-2.527,0.014,False,共有
OTHER__3,OTHER__3,助手头部1k,助手语音头部1k,45,16,955,999,4.712,1.602,-3.11,-4.763,-1.58,True,共有
OTHER__4,OTHER__4,助手头部1k,助手语音头部1k,34,23,955,999,3.56,2.302,-1.258,-2.829,0.251,False,共有
PLATFORM_HELP__1,PLATFORM_HELP__1,助手头部1k,助手语音头部1k,6,7,955,999,0.628,0.701,0.072,-0.747,0.886,False,共有
PLATFORM_HELP__2,PLATFORM_HELP__2,助手头部1k,助手语音头部1k,3,5,955,999,0.314,0.501,0.186,-0.483,0.884,False,共有
PLOT_INFO_QA__1,PLOT_INFO_QA__1,助手头部1k,助手语音头部1k,4,0,955,999,0.419,0.0,-0.419,-1.072,0.042,False,a独有
PLOT_INFO_QA__2,PLOT_INFO_QA__2,助手头部1k,助手语音头部1k,5,0,955,999,0.524,0.0,-0.524,-1.22,-0.037,True,a独有
PLOT_INFO_QA__3,PLOT_INFO_QA__3,助手头部1k,助手语音头部1k,1,0,955,999,0.105,0.0,-0.105,-0.591,0.288,False,a独有
PLOT_INFO_QA__4,PLOT_INFO_QA__4,助手头部1k,助手语音头部1k,31,3,955,999,3.246,0.3,-2.946,-4.285,-1.833,True,共有
PLOT_INFO_QA__5,PLOT_INFO_QA__5,助手头部1k,助手语音头部1k,33,1,955,999,3.455,0.1,-3.355,-4.715,-2.267,True,共有
RECOMMENDATION__1,RECOMMENDATION__1,助手头部1k,助手语音头部1k,3,1,955,999,0.314,0.1,-0.214,-0.825,0.295,False,共有
RECOMMENDATION__2,RECOMMENDATION__2,助手头部1k,助手语音头部1k,3,0,955,999,0.314,0.0,-0.314,-0.919,0.121,False,a独有
RECOMMENDATION__3,RECOMMENDATION__3,助手头部1k,助手语音头部1k,13,10,955,999,1.361,1.001,-0.36,-1.418,0.645,False,共有
RECOMMENDATION__4,RECOMMENDATION__4,助手头部1k,助手语音头部1k,5,9,955,999,0.524,0.901,0.377,-0.439,1.234,False,共有
RECOMMENDATION__5,RECOMMENDATION__5,助手头部1k,助手语音头部1k,21,3,955,999,2.199,0.3,-1.899,-3.055,-0.946,True,共有
SCENE_CLIP_WATCH__1,SCENE_CLIP_WATCH__1,助手头部1k,助手语音头部1k,6,5,955,999,0.628,0.501,-0.128,-0.917,0.62,False,共有
SCENE_LOCATE__1,SCENE_LOCATE__1,助手头部1k,助手语音头部1k,6,0,955,999,0.628,0.0,-0.628,-1.364,-0.116,True,a独有
SITE_NAVIGATION__1,SITE_NAVIGATION__1,助手头部1k,助手语音头部1k,11,7,955,999,1.152,0.701,-0.451,-1.42,0.445,False,共有
SITE_NAVIGATION__2,SITE_NAVIGATION__2,助手头部1k,助手语音头部1k,9,18,955,999,0.942,1.802,0.859,-0.207,1.98,False,共有
SITE_NAVIGATION__3,SITE_NAVIGATION__3,助手头部1k,助手语音头部1k,6,0,955,999,0.628,0.0,-0.628,-1.364,-0.116,True,a独有
TITLE_IDENTIFICATION__2,TITLE_IDENTIFICATION__2,助手头部1k,助手语音头部1k,4,0,955,999,0.419,0.0,-0.419,-1.072,0.042,False,a独有
TITLE_IDENTIFICATION__3,TITLE_IDENTIFICATION__3,助手头部1k,助手语音头部1k,2,3,955,999,0.209,0.3,0.091,-0.495,0.689,False,共有
TITLE_IDENTIFICATION__4,TITLE_IDENTIFICATION__4,助手头部1k,助手语音头部1k,9,0,955,999,0.942,0.0,-0.942,-1.781,-0.355,True,a独有
TITLE_IDENTIFICATION__5,TITLE_IDENTIFICATION__5,助手头部1k,助手语音头部1k,9,1,955,999,0.942,0.1,-0.842,-1.685,-0.198,True,共有
WATCH_DIRECT__1,WATCH_DIRECT__1,助手头部1k,助手语音头部1k,33,23,955,999,3.455,2.302,-1.153,-2.711,0.345,False,共有
WATCH_DIRECT__2,WATCH_DIRECT__2,助手头部1k,助手语音头部1k,32,86,955,999,3.351,8.609,5.258,3.182,7.392,True,共有
WATCH_DIRECT__3,WATCH_DIRECT__3,助手头部1k,助手语音头部1k,105,159,955,999,10.995,15.916,4.921,1.895,7.938,True,共有
WHERE_TO_WATCH__1,WHERE_TO_WATCH__1,助手头部1k,助手语音头部1k,8,1,955,999,0.838,0.1,-0.738,-1.548,-0.116,True,共有
WORK_FACT_QA__1,WORK_FACT_QA__1,助手头部1k,助手语音头部1k,0,18,955,999,0.0,1.802,1.802,1.031,2.83,True,b独有
WORK_FACT_QA__2,WORK_FACT_QA__2,助手头部1k,助手语音头部1k,8,1,955,999,0.838,0.1,-0.738,-1.548,-0.116,True,共有
WORK_FACT_QA__3,WORK_FACT_QA__3,助手头部1k,助手语音头部1k,7,3,955,999,0.733,0.3,-0.433,-1.23,0.258,False,共有
ADULT_RESTRICTED_CONTENT_ACCESS__1,ADULT_RESTRICTED_CONTENT_ACCESS__1,助手头部1k,助手语音随机1k,3,7,955,1000,0.314,0.7,0.386,-0.319,1.152,False,共有
ADULT_RESTRICTED_CONTENT_ACCESS__2,ADULT_RESTRICTED_CONTENT_ACCESS__2,助手头部1k,助手语音随机1k,1,0,955,1000,0.105,0.0,-0.105,-0.591,0.288,False,a独有
ADULT_RESTRICTED_CONTENT_ACCESS__3,ADULT_RESTRICTED_CONTENT_ACCESS__3,助手头部1k,助手语音随机1k,0,1,955,1000,0.0,0.1,0.1,-0.309,0.564,False,b独有
ADULT_RESTRICTED_CONTENT_ACCESS__4,ADULT_RESTRICTED_CONTENT_ACCESS__4,助手头部1k,助手语音随机1k,2,1,955,1000,0.209,0.1,-0.109,-0.666,0.379,False,共有
BARE_TITLE_LOOKUP__1,BARE_TITLE_LOOKUP__1,助手头部1k,助手语音随机1k,55,108,955,1000,5.759,10.8,5.041,2.608,7.494,True,共有
BARE_TITLE_LOOKUP__2,BARE_TITLE_LOOKUP__2,助手头部1k,助手语音随机1k,56,31,955,1000,5.864,3.1,-2.764,-4.668,-0.934,True,共有
BARE_TITLE_LOOKUP__3,BARE_TITLE_LOOKUP__3,助手头部1k,助手语音随机1k,102,62,955,1000,10.681,6.2,-4.481,-6.984,-2.023,True,共有
BARE_TITLE_LOOKUP__4,BARE_TITLE_LOOKUP__4,助手头部1k,助手语音随机1k,68,46,955,1000,7.12,4.6,-2.52,-4.655,-0.437,True,共有
BARE_TITLE_LOOKUP__5,BARE_TITLE_LOOKUP__5,助手头部1k,助手语音随机1k,22,33,955,1000,2.304,3.3,0.996,-0.497,2.509,False,共有
CAST_LOOKUP__1,CAST_LOOKUP__1,助手头部1k,助手语音随机1k,1,7,955,1000,0.105,0.7,0.595,-0.01,1.338,False,共有
CAST_LOOKUP__2,CAST_LOOKUP__2,助手头部1k,助手语音随机1k,34,17,955,1000,3.56,1.7,-1.86,-3.374,-0.441,True,共有
CAST_LOOKUP__3,CAST_LOOKUP__3,助手头部1k,助手语音随机1k,7,8,955,1000,0.733,0.8,0.067,-0.8,0.925,False,共有
CAST_LOOKUP__4,CAST_LOOKUP__4,助手头部1k,助手语音随机1k,15,17,955,1000,1.571,1.7,0.129,-1.06,1.309,False,共有
FACT_VERIFICATION__1,FACT_VERIFICATION__1,助手头部1k,助手语音随机1k,0,2,955,1000,0.0,0.2,0.2,-0.226,0.726,False,b独有
FACT_VERIFICATION__2,FACT_VERIFICATION__2,助手头部1k,助手语音随机1k,0,4,955,1000,0.0,0.4,0.4,-0.069,1.024,False,b独有
FACT_VERIFICATION__3,FACT_VERIFICATION__3,助手头部1k,助手语音随机1k,1,4,955,1000,0.105,0.4,0.295,-0.249,0.925,False,共有
LIVE_TV_SPORTS__1,LIVE_TV_SPORTS__1,助手头部1k,助手语音随机1k,1,11,955,1000,0.105,1.1,0.995,0.309,1.859,True,共有
LIVE_TV_SPORTS__2,LIVE_TV_SPORTS__2,助手头部1k,助手语音随机1k,7,2,955,1000,0.733,0.2,-0.533,-1.319,0.115,False,共有
NON_DRAMA_VIDEO__1,NON_DRAMA_VIDEO__1,助手头部1k,助手语音随机1k,71,134,955,1000,7.435,13.4,5.965,3.269,8.671,True,共有
NON_DRAMA_VIDEO__2,NON_DRAMA_VIDEO__2,助手头部1k,助手语音随机1k,9,30,955,1000,0.942,3.0,2.058,0.834,3.385,True,共有
OTHER__1,OTHER__1,助手头部1k,助手语音随机1k,14,21,955,1000,1.466,2.1,0.634,-0.583,1.873,False,共有
OTHER__2,OTHER__2,助手头部1k,助手语音随机1k,24,11,955,1000,2.513,1.1,-1.413,-2.706,-0.227,True,共有
OTHER__3,OTHER__3,助手头部1k,助手语音随机1k,45,11,955,1000,4.712,1.1,-3.612,-5.222,-2.159,True,共有
OTHER__4,OTHER__4,助手头部1k,助手语音随机1k,34,29,955,1000,3.56,2.9,-0.66,-2.288,0.929,False,共有
PLATFORM_HELP__1,PLATFORM_HELP__1,助手头部1k,助手语音随机1k,6,23,955,1000,0.628,2.3,1.672,0.612,2.85,True,共有
PLATFORM_HELP__2,PLATFORM_HELP__2,助手头部1k,助手语音随机1k,3,9,955,1000,0.314,0.9,0.586,-0.154,1.414,False,共有
PLOT_INFO_QA__1,PLOT_INFO_QA__1,助手头部1k,助手语音随机1k,4,15,955,1000,0.419,1.5,1.081,0.202,2.075,True,共有
PLOT_INFO_QA__2,PLOT_INFO_QA__2,助手头部1k,助手语音随机1k,5,6,955,1000,0.524,0.6,0.076,-0.692,0.84,False,共有
PLOT_INFO_QA__3,PLOT_INFO_QA__3,助手头部1k,助手语音随机1k,1,5,955,1000,0.105,0.5,0.395,-0.169,1.066,False,共有
PLOT_INFO_QA__4,PLOT_INFO_QA__4,助手头部1k,助手语音随机1k,31,6,955,1000,3.246,0.6,-2.646,-4.01,-1.464,True,共有
PLOT_INFO_QA__5,PLOT_INFO_QA__5,助手头部1k,助手语音随机1k,33,9,955,1000,3.455,0.9,-2.555,-3.978,-1.286,True,共有
RECOMMENDATION__1,RECOMMENDATION__1,助手头部1k,助手语音随机1k,3,2,955,1000,0.314,0.2,-0.114,-0.737,0.451,False,共有
RECOMMENDATION__2,RECOMMENDATION__2,助手头部1k,助手语音随机1k,3,4,955,1000,0.314,0.4,0.086,-0.567,0.743,False,共有
RECOMMENDATION__3,RECOMMENDATION__3,助手头部1k,助手语音随机1k,13,1,955,1000,1.361,0.1,-1.261,-2.219,-0.531,True,共有
RECOMMENDATION__4,RECOMMENDATION__4,助手头部1k,助手语音随机1k,5,9,955,1000,0.524,0.9,0.376,-0.44,1.232,False,共有
RECOMMENDATION__5,RECOMMENDATION__5,助手头部1k,助手语音随机1k,21,4,955,1000,2.199,0.4,-1.799,-2.964,-0.819,True,共有
SCENE_CLIP_WATCH__1,SCENE_CLIP_WATCH__1,助手头部1k,助手语音随机1k,6,6,955,1000,0.628,0.6,-0.028,-0.832,0.752,False,共有
SCENE_LOCATE__1,SCENE_LOCATE__1,助手头部1k,助手语音随机1k,6,5,955,1000,0.628,0.5,-0.128,-0.918,0.619,False,共有
SCENE_LOCATE__2,SCENE_LOCATE__2,助手头部1k,助手语音随机1k,0,2,955,1000,0.0,0.2,0.2,-0.226,0.726,False,b独有
SITE_NAVIGATION__1,SITE_NAVIGATION__1,助手头部1k,助手语音随机1k,11,5,955,1000,1.152,0.5,-0.652,-1.595,0.185,False,共有
SITE_NAVIGATION__2,SITE_NAVIGATION__2,助手头部1k,助手语音随机1k,9,10,955,1000,0.942,1.0,0.058,-0.897,1.001,False,共有
SITE_NAVIGATION__3,SITE_NAVIGATION__3,助手头部1k,助手语音随机1k,6,3,955,1000,0.628,0.3,-0.328,-1.09,0.343,False,共有
TITLE_IDENTIFICATION__1,TITLE_IDENTIFICATION__1,助手头部1k,助手语音随机1k,0,6,955,1000,0.0,0.6,0.6,0.084,1.303,True,b独有
TITLE_IDENTIFICATION__2,TITLE_IDENTIFICATION__2,助手头部1k,助手语音随机1k,4,3,955,1000,0.419,0.3,-0.119,-0.801,0.514,False,共有
TITLE_IDENTIFICATION__3,TITLE_IDENTIFICATION__3,助手头部1k,助手语音随机1k,2,11,955,1000,0.209,1.1,0.891,0.157,1.763,True,共有
TITLE_IDENTIFICATION__4,TITLE_IDENTIFICATION__4,助手头部1k,助手语音随机1k,9,8,955,1000,0.942,0.8,-0.142,-1.069,0.748,False,共有
TITLE_IDENTIFICATION__5,TITLE_IDENTIFICATION__5,助手头部1k,助手语音随机1k,9,10,955,1000,0.942,1.0,0.058,-0.897,1.001,False,共有
WATCH_DIRECT__1,WATCH_DIRECT__1,助手头部1k,助手语音随机1k,33,70,955,1000,3.455,7.0,3.545,1.578,5.554,True,共有
WATCH_DIRECT__2,WATCH_DIRECT__2,助手头部1k,助手语音随机1k,32,49,955,1000,3.351,4.9,1.549,-0.233,3.35,False,共有
WATCH_DIRECT__3,WATCH_DIRECT__3,助手头部1k,助手语音随机1k,105,42,955,1000,10.995,4.2,-6.795,-9.193,-4.473,True,共有
WHERE_TO_WATCH__1,WHERE_TO_WATCH__1,助手头部1k,助手语音随机1k,8,5,955,1000,0.838,0.5,-0.338,-1.194,0.445,False,共有
WORK_FACT_QA__1,WORK_FACT_QA__1,助手头部1k,助手语音随机1k,0,11,955,1000,0.0,1.1,1.1,0.471,1.959,True,b独有
WORK_FACT_QA__2,WORK_FACT_QA__2,助手头部1k,助手语音随机1k,8,28,955,1000,0.838,2.8,1.962,0.786,3.247,True,共有
WORK_FACT_QA__3,WORK_FACT_QA__3,助手头部1k,助手语音随机1k,7,36,955,1000,0.733,3.6,2.867,1.613,4.263,True,共有
ADULT_RESTRICTED_CONTENT_ACCESS__1,ADULT_RESTRICTED_CONTENT_ACCESS__1,助手随机1k,助手语音头部1k,0,8,982,999,0.0,0.801,0.801,0.246,1.572,True,b独有
ADULT_RESTRICTED_CONTENT_ACCESS__3,ADULT_RESTRICTED_CONTENT_ACCESS__3,助手随机1k,助手语音头部1k,0,1,982,999,0.0,0.1,0.1,-0.298,0.565,False,b独有
ADULT_RESTRICTED_CONTENT_ACCESS__4,ADULT_RESTRICTED_CONTENT_ACCESS__4,助手随机1k,助手语音头部1k,1,1,982,999,0.102,0.1,-0.002,-0.482,0.47,False,共有
BARE_TITLE_LOOKUP__1,BARE_TITLE_LOOKUP__1,助手随机1k,助手语音头部1k,40,123,982,999,4.073,12.312,8.239,5.868,10.669,True,共有
BARE_TITLE_LOOKUP__2,BARE_TITLE_LOOKUP__2,助手随机1k,助手语音头部1k,19,27,982,999,1.935,2.703,0.768,-0.59,2.154,False,共有
BARE_TITLE_LOOKUP__3,BARE_TITLE_LOOKUP__3,助手随机1k,助手语音头部1k,30,141,982,999,3.055,14.114,11.059,8.67,13.528,True,共有
BARE_TITLE_LOOKUP__4,BARE_TITLE_LOOKUP__4,助手随机1k,助手语音头部1k,23,152,982,999,2.342,15.215,12.873,10.485,15.358,True,共有
BARE_TITLE_LOOKUP__5,BARE_TITLE_LOOKUP__5,助手随机1k,助手语音头部1k,13,16,982,999,1.324,1.602,0.278,-0.835,1.405,False,共有
CAST_LOOKUP__1,CAST_LOOKUP__1,助手随机1k,助手语音头部1k,4,0,982,999,0.407,0.0,-0.407,-1.043,0.049,False,a独有
CAST_LOOKUP__2,CAST_LOOKUP__2,助手随机1k,助手语音头部1k,7,5,982,999,0.713,0.501,-0.212,-1.016,0.548,False,共有
CAST_LOOKUP__3,CAST_LOOKUP__3,助手随机1k,助手语音头部1k,12,0,982,999,1.222,0.0,-1.222,-2.124,-0.575,True,a独有
CAST_LOOKUP__4,CAST_LOOKUP__4,助手随机1k,助手语音头部1k,19,3,982,999,1.935,0.3,-1.635,-2.72,-0.732,True,共有
FACT_VERIFICATION__1,FACT_VERIFICATION__1,助手随机1k,助手语音头部1k,34,0,982,999,3.462,0.0,-3.462,-4.799,-2.416,True,a独有
FACT_VERIFICATION__2,FACT_VERIFICATION__2,助手随机1k,助手语音头部1k,19,0,982,999,1.935,0.0,-1.935,-3.002,-1.143,True,a独有
FACT_VERIFICATION__3,FACT_VERIFICATION__3,助手随机1k,助手语音头部1k,7,0,982,999,0.713,0.0,-0.713,-1.464,-0.182,True,a独有
LIVE_TV_SPORTS__1,LIVE_TV_SPORTS__1,助手随机1k,助手语音头部1k,10,21,982,999,1.018,2.102,1.084,-0.029,2.269,False,共有
LIVE_TV_SPORTS__2,LIVE_TV_SPORTS__2,助手随机1k,助手语音头部1k,1,25,982,999,0.102,2.503,2.401,1.47,3.569,True,共有
NON_DRAMA_VIDEO__1,NON_DRAMA_VIDEO__1,助手随机1k,助手语音头部1k,117,47,982,999,11.914,4.705,-7.21,-9.67,-4.808,True,共有
NON_DRAMA_VIDEO__2,NON_DRAMA_VIDEO__2,助手随机1k,助手语音头部1k,5,3,982,999,0.509,0.3,-0.209,-0.914,0.439,False,共有
OTHER__1,OTHER__1,助手随机1k,助手语音头部1k,14,10,982,999,1.426,1.001,-0.425,-1.481,0.586,False,共有
OTHER__2,OTHER__2,助手随机1k,助手语音头部1k,14,13,982,999,1.426,1.301,-0.124,-1.219,0.954,False,共有
OTHER__3,OTHER__3,助手随机1k,助手语音头部1k,21,16,982,999,2.138,1.602,-0.537,-1.804,0.692,False,共有
OTHER__4,OTHER__4,助手随机1k,助手语音头部1k,96,23,982,999,9.776,2.302,-7.474,-9.631,-5.43,True,共有
PLATFORM_HELP__1,PLATFORM_HELP__1,助手随机1k,助手语音头部1k,21,7,982,999,2.138,0.701,-1.438,-2.604,-0.395,True,共有
PLATFORM_HELP__2,PLATFORM_HELP__2,助手随机1k,助手语音头部1k,13,5,982,999,1.324,0.501,-0.823,-1.794,0.039,False,共有
PLOT_INFO_QA__1,PLOT_INFO_QA__1,助手随机1k,助手语音头部1k,53,0,982,999,5.397,0.0,-5.397,-6.992,-4.092,True,a独有
PLOT_INFO_QA__2,PLOT_INFO_QA__2,助手随机1k,助手语音头部1k,33,0,982,999,3.36,0.0,-3.36,-4.682,-2.329,True,a独有
PLOT_INFO_QA__3,PLOT_INFO_QA__3,助手随机1k,助手语音头部1k,16,0,982,999,1.629,0.0,-1.629,-2.63,-0.897,True,a独有
PLOT_INFO_QA__4,PLOT_INFO_QA__4,助手随机1k,助手语音头部1k,9,3,982,999,0.916,0.3,-0.616,-1.456,0.107,False,共有
PLOT_INFO_QA__5,PLOT_INFO_QA__5,助手随机1k,助手语音头部1k,22,1,982,999,2.24,0.1,-2.14,-3.272,-1.253,True,共有
RECOMMENDATION__1,RECOMMENDATION__1,助手随机1k,助手语音头部1k,3,1,982,999,0.305,0.1,-0.205,-0.8,0.301,False,共有
RECOMMENDATION__2,RECOMMENDATION__2,助手随机1k,助手语音头部1k,2,0,982,999,0.204,0.0,-0.204,-0.74,0.207,False,a独有
RECOMMENDATION__3,RECOMMENDATION__3,助手随机1k,助手语音头部1k,3,10,982,999,0.305,1.001,0.696,-0.049,1.551,False,共有
RECOMMENDATION__4,RECOMMENDATION__4,助手随机1k,助手语音头部1k,9,9,982,999,0.916,0.901,-0.016,-0.936,0.896,False,共有
RECOMMENDATION__5,RECOMMENDATION__5,助手随机1k,助手语音头部1k,11,3,982,999,1.12,0.3,-0.82,-1.717,-0.059,True,共有
SCENE_CLIP_WATCH__1,SCENE_CLIP_WATCH__1,助手随机1k,助手语音头部1k,6,5,982,999,0.611,0.501,-0.11,-0.881,0.633,False,共有
SCENE_LOCATE__1,SCENE_LOCATE__1,助手随机1k,助手语音头部1k,9,0,982,999,0.916,0.0,-0.916,-1.733,-0.338,True,a独有
SCENE_LOCATE__2,SCENE_LOCATE__2,助手随机1k,助手语音头部1k,1,0,982,999,0.102,0.0,-0.102,-0.575,0.29,False,a独有
SITE_NAVIGATION__1,SITE_NAVIGATION__1,助手随机1k,助手语音头部1k,3,7,982,999,0.305,0.701,0.395,-0.295,1.161,False,共有
SITE_NAVIGATION__2,SITE_NAVIGATION__2,助手随机1k,助手语音头部1k,3,18,982,999,0.305,1.802,1.496,0.612,2.544,True,共有
TITLE_IDENTIFICATION__1,TITLE_IDENTIFICATION__1,助手随机1k,助手语音头部1k,4,0,982,999,0.407,0.0,-0.407,-1.043,0.049,False,a独有
TITLE_IDENTIFICATION__2,TITLE_IDENTIFICATION__2,助手随机1k,助手语音头部1k,6,0,982,999,0.611,0.0,-0.611,-1.327,-0.105,True,a独有
TITLE_IDENTIFICATION__3,TITLE_IDENTIFICATION__3,助手随机1k,助手语音头部1k,3,3,982,999,0.305,0.3,-0.005,-0.626,0.608,False,共有
TITLE_IDENTIFICATION__4,TITLE_IDENTIFICATION__4,助手随机1k,助手语音头部1k,9,0,982,999,0.916,0.0,-0.916,-1.733,-0.338,True,a独有
TITLE_IDENTIFICATION__5,TITLE_IDENTIFICATION__5,助手随机1k,助手语音头部1k,7,1,982,999,0.713,0.1,-0.613,-1.368,-0.021,True,共有
WATCH_DIRECT__1,WATCH_DIRECT__1,助手随机1k,助手语音头部1k,38,23,982,999,3.87,2.302,-1.567,-3.159,-0.034,True,共有
WATCH_DIRECT__2,WATCH_DIRECT__2,助手随机1k,助手语音头部1k,25,86,982,999,2.546,8.609,6.063,4.084,8.132,True,共有
WATCH_DIRECT__3,WATCH_DIRECT__3,助手随机1k,助手语音头部1k,28,159,982,999,2.851,15.916,13.065,10.594,15.616,True,共有
WHERE_TO_WATCH__1,WHERE_TO_WATCH__1,助手随机1k,助手语音头部1k,15,1,982,999,1.527,0.1,-1.427,-2.408,-0.669,True,共有
WORK_FACT_QA__1,WORK_FACT_QA__1,助手随机1k,助手语音头部1k,13,18,982,999,1.324,1.802,0.478,-0.66,1.643,False,共有
WORK_FACT_QA__2,WORK_FACT_QA__2,助手随机1k,助手语音头部1k,62,1,982,999,6.314,0.1,-6.214,-7.913,-4.779,True,共有
WORK_FACT_QA__3,WORK_FACT_QA__3,助手随机1k,助手语音头部1k,49,3,982,999,4.99,0.3,-4.69,-6.248,-3.362,True,共有
ADULT_RESTRICTED_CONTENT_ACCESS__1,ADULT_RESTRICTED_CONTENT_ACCESS__1,助手随机1k,助手语音随机1k,0,7,982,1000,0.0,0.7,0.7,0.169,1.438,True,b独有
ADULT_RESTRICTED_CONTENT_ACCESS__3,ADULT_RESTRICTED_CONTENT_ACCESS__3,助手随机1k,助手语音随机1k,0,1,982,1000,0.0,0.1,0.1,-0.298,0.564,False,b独有
ADULT_RESTRICTED_CONTENT_ACCESS__4,ADULT_RESTRICTED_CONTENT_ACCESS__4,助手随机1k,助手语音随机1k,1,1,982,1000,0.102,0.1,-0.002,-0.482,0.47,False,共有
BARE_TITLE_LOOKUP__1,BARE_TITLE_LOOKUP__1,助手随机1k,助手语音随机1k,40,108,982,1000,4.073,10.8,6.727,4.449,9.061,True,共有
BARE_TITLE_LOOKUP__2,BARE_TITLE_LOOKUP__2,助手随机1k,助手语音随机1k,19,31,982,1000,1.935,3.1,1.165,-0.236,2.609,False,共有
BARE_TITLE_LOOKUP__3,BARE_TITLE_LOOKUP__3,助手随机1k,助手语音随机1k,30,62,982,1000,3.055,6.2,3.145,1.302,5.044,True,共有
BARE_TITLE_LOOKUP__4,BARE_TITLE_LOOKUP__4,助手随机1k,助手语音随机1k,23,46,982,1000,2.342,4.6,2.258,0.644,3.93,True,共有
BARE_TITLE_LOOKUP__5,BARE_TITLE_LOOKUP__5,助手随机1k,助手语音随机1k,13,33,982,1000,1.324,3.3,1.976,0.655,3.385,True,共有
CAST_LOOKUP__1,CAST_LOOKUP__1,助手随机1k,助手语音随机1k,4,7,982,1000,0.407,0.7,0.293,-0.438,1.071,False,共有
CAST_LOOKUP__2,CAST_LOOKUP__2,助手随机1k,助手语音随机1k,7,17,982,1000,0.713,1.7,0.987,0.003,2.058,True,共有
CAST_LOOKUP__3,CAST_LOOKUP__3,助手随机1k,助手语音随机1k,12,8,982,1000,1.222,0.8,-0.422,-1.406,0.509,False,共有
CAST_LOOKUP__4,CAST_LOOKUP__4,助手随机1k,助手语音随机1k,19,17,982,1000,1.935,1.7,-0.235,-1.477,0.986,False,共有
FACT_VERIFICATION__1,FACT_VERIFICATION__1,助手随机1k,助手语音随机1k,34,2,982,1000,3.462,0.2,-3.262,-4.607,-2.155,True,共有
FACT_VERIFICATION__2,FACT_VERIFICATION__2,助手随机1k,助手语音随机1k,19,4,982,1000,1.935,0.4,-1.535,-2.63,-0.603,True,共有
FACT_VERIFICATION__3,FACT_VERIFICATION__3,助手随机1k,助手语音随机1k,7,4,982,1000,0.713,0.4,-0.313,-1.103,0.411,False,共有
LIVE_TV_SPORTS__1,LIVE_TV_SPORTS__1,助手随机1k,助手语音随机1k,10,11,982,1000,1.018,1.1,0.082,-0.893,1.058,False,共有
LIVE_TV_SPORTS__2,LIVE_TV_SPORTS__2,助手随机1k,助手语音随机1k,1,2,982,1000,0.102,0.2,0.098,-0.396,0.631,False,共有
NON_DRAMA_VIDEO__1,NON_DRAMA_VIDEO__1,助手随机1k,助手语音随机1k,117,134,982,1000,11.914,13.4,1.486,-1.451,4.419,False,共有
NON_DRAMA_VIDEO__2,NON_DRAMA_VIDEO__2,助手随机1k,助手语音随机1k,5,30,982,1000,0.509,3.0,2.491,1.372,3.775,True,共有
OTHER__1,OTHER__1,助手随机1k,助手语音随机1k,14,21,982,1000,1.426,2.1,0.674,-0.522,1.906,False,共有
OTHER__2,OTHER__2,助手随机1k,助手语音随机1k,14,11,982,1000,1.426,1.1,-0.326,-1.395,0.708,False,共有
OTHER__3,OTHER__3,助手随机1k,助手语音随机1k,21,11,982,1000,2.138,1.1,-1.038,-2.248,0.092,False,共有
OTHER__4,OTHER__4,助手随机1k,助手语音随机1k,96,29,982,1000,9.776,2.9,-6.876,-9.074,-4.772,True,共有
PLATFORM_HELP__1,PLATFORM_HELP__1,助手随机1k,助手语音随机1k,21,23,982,1000,2.138,2.3,0.162,-1.184,1.508,False,共有
PLATFORM_HELP__2,PLATFORM_HELP__2,助手随机1k,助手语音随机1k,13,9,982,1000,1.324,0.9,-0.424,-1.445,0.547,False,共有
PLOT_INFO_QA__1,PLOT_INFO_QA__1,助手随机1k,助手语音随机1k,53,15,982,1000,5.397,1.5,-3.897,-5.597,-2.323,True,共有
PLOT_INFO_QA__2,PLOT_INFO_QA__2,助手随机1k,助手语音随机1k,33,6,982,1000,3.36,0.6,-2.76,-4.121,-1.573,True,共有
PLOT_INFO_QA__3,PLOT_INFO_QA__3,助手随机1k,助手语音随机1k,16,5,982,1000,1.629,0.5,-1.129,-2.17,-0.217,True,共有
PLOT_INFO_QA__4,PLOT_INFO_QA__4,助手随机1k,助手语音随机1k,9,6,982,1000,0.916,0.6,-0.316,-1.195,0.509,False,共有
PLOT_INFO_QA__5,PLOT_INFO_QA__5,助手随机1k,助手语音随机1k,22,9,982,1000,2.24,0.9,-1.34,-2.546,-0.238,True,共有
RECOMMENDATION__1,RECOMMENDATION__1,助手随机1k,助手语音随机1k,3,2,982,1000,0.305,0.2,-0.105,-0.712,0.458,False,共有
RECOMMENDATION__2,RECOMMENDATION__2,助手随机1k,助手语音随机1k,2,4,982,1000,0.204,0.4,0.196,-0.393,0.838,False,共有
RECOMMENDATION__3,RECOMMENDATION__3,助手随机1k,助手语音随机1k,3,1,982,1000,0.305,0.1,-0.205,-0.8,0.301,False,共有
RECOMMENDATION__4,RECOMMENDATION__4,助手随机1k,助手语音随机1k,9,9,982,1000,0.916,0.9,-0.016,-0.937,0.895,False,共有
RECOMMENDATION__5,RECOMMENDATION__5,助手随机1k,助手语音随机1k,11,4,982,1000,1.12,0.4,-0.72,-1.628,0.075,False,共有
SCENE_CLIP_WATCH__1,SCENE_CLIP_WATCH__1,助手随机1k,助手语音随机1k,6,6,982,1000,0.611,0.6,-0.011,-0.797,0.766,False,共有
SCENE_LOCATE__1,SCENE_LOCATE__1,助手随机1k,助手语音随机1k,9,5,982,1000,0.916,0.5,-0.416,-1.281,0.377,False,共有
SCENE_LOCATE__2,SCENE_LOCATE__2,助手随机1k,助手语音随机1k,1,2,982,1000,0.102,0.2,0.098,-0.396,0.631,False,共有
SITE_NAVIGATION__1,SITE_NAVIGATION__1,助手随机1k,助手语音随机1k,3,5,982,1000,0.305,0.5,0.195,-0.46,0.889,False,共有
SITE_NAVIGATION__2,SITE_NAVIGATION__2,助手随机1k,助手语音随机1k,3,10,982,1000,0.305,1.0,0.695,-0.05,1.55,False,共有
SITE_NAVIGATION__3,SITE_NAVIGATION__3,助手随机1k,助手语音随机1k,0,3,982,1000,0.0,0.3,0.3,-0.137,0.878,False,b独有
TITLE_IDENTIFICATION__1,TITLE_IDENTIFICATION__1,助手随机1k,助手语音随机1k,4,6,982,1000,0.407,0.6,0.193,-0.521,0.938,False,共有
TITLE_IDENTIFICATION__2,TITLE_IDENTIFICATION__2,助手随机1k,助手语音随机1k,6,3,982,1000,0.611,0.3,-0.311,-1.053,0.355,False,共有
TITLE_IDENTIFICATION__3,TITLE_IDENTIFICATION__3,助手随机1k,助手语音随机1k,3,11,982,1000,0.305,1.1,0.795,0.032,1.677,True,共有
TITLE_IDENTIFICATION__4,TITLE_IDENTIFICATION__4,助手随机1k,助手语音随机1k,9,8,982,1000,0.916,0.8,-0.116,-1.023,0.768,False,共有
TITLE_IDENTIFICATION__5,TITLE_IDENTIFICATION__5,助手随机1k,助手语音随机1k,7,10,982,1000,0.713,1.0,0.287,-0.592,1.196,False,共有
WATCH_DIRECT__1,WATCH_DIRECT__1,助手随机1k,助手语音随机1k,38,70,982,1000,3.87,7.0,3.13,1.137,5.166,True,共有
WATCH_DIRECT__2,WATCH_DIRECT__2,助手随机1k,助手语音随机1k,25,49,982,1000,2.546,4.9,2.354,0.686,4.078,True,共有
WATCH_DIRECT__3,WATCH_DIRECT__3,助手随机1k,助手语音随机1k,28,42,982,1000,2.851,4.2,1.349,-0.293,3.022,False,共有
WHERE_TO_WATCH__1,WHERE_TO_WATCH__1,助手随机1k,助手语音随机1k,15,5,982,1000,1.527,0.5,-1.027,-2.046,-0.132,True,共有
WORK_FACT_QA__1,WORK_FACT_QA__1,助手随机1k,助手语音随机1k,13,11,982,1000,1.324,1.1,-0.224,-1.271,0.795,False,共有
WORK_FACT_QA__2,WORK_FACT_QA__2,助手随机1k,助手语音随机1k,62,28,982,1000,6.314,2.8,-3.514,-5.415,-1.691,True,共有
WORK_FACT_QA__3,WORK_FACT_QA__3,助手随机1k,助手语音随机1k,49,36,982,1000,4.99,3.6,-1.39,-3.225,0.408,False,共有
ADULT_RESTRICTED_CONTENT_ACCESS__1,ADULT_RESTRICTED_CONTENT_ACCESS__1,助手语音头部1k,助手语音随机1k,8,7,999,1000,0.801,0.7,-0.101,-0.952,0.736,False,共有
ADULT_RESTRICTED_CONTENT_ACCESS__3,ADULT_RESTRICTED_CONTENT_ACCESS__3,助手语音头部1k,助手语音随机1k,1,1,999,1000,0.1,0.1,-0.0,-0.472,0.471,False,共有
ADULT_RESTRICTED_CONTENT_ACCESS__4,ADULT_RESTRICTED_CONTENT_ACCESS__4,助手语音头部1k,助手语音随机1k,1,1,999,1000,0.1,0.1,-0.0,-0.472,0.471,False,共有
BARE_TITLE_LOOKUP__1,BARE_TITLE_LOOKUP__1,助手语音头部1k,助手语音随机1k,123,108,999,1000,12.312,10.8,-1.512,-4.327,1.298,False,共有
BARE_TITLE_LOOKUP__2,BARE_TITLE_LOOKUP__2,助手语音头部1k,助手语音随机1k,27,31,999,1000,2.703,3.1,0.397,-1.108,1.916,False,共有
BARE_TITLE_LOOKUP__3,BARE_TITLE_LOOKUP__3,助手语音头部1k,助手语音随机1k,141,62,999,1000,14.114,6.2,-7.914,-10.57,-5.293,True,共有
BARE_TITLE_LOOKUP__4,BARE_TITLE_LOOKUP__4,助手语音头部1k,助手语音随机1k,152,46,999,1000,15.215,4.6,-10.615,-13.234,-8.051,True,共有
BARE_TITLE_LOOKUP__5,BARE_TITLE_LOOKUP__5,助手语音头部1k,助手语音随机1k,16,33,999,1000,1.602,3.3,1.698,0.337,3.134,True,共有
CAST_LOOKUP__1,CAST_LOOKUP__1,助手语音头部1k,助手语音随机1k,0,7,999,1000,0.0,0.7,0.7,0.174,1.438,True,b独有
CAST_LOOKUP__2,CAST_LOOKUP__2,助手语音头部1k,助手语音随机1k,5,17,999,1000,0.501,1.7,1.199,0.279,2.245,True,共有
CAST_LOOKUP__3,CAST_LOOKUP__3,助手语音头部1k,助手语音随机1k,0,8,999,1000,0.0,0.8,0.8,0.25,1.571,True,b独有
CAST_LOOKUP__4,CAST_LOOKUP__4,助手语音头部1k,助手语音随机1k,3,17,999,1000,0.3,1.7,1.4,0.54,2.425,True,共有
FACT_VERIFICATION__1,FACT_VERIFICATION__1,助手语音头部1k,助手语音随机1k,0,2,999,1000,0.0,0.2,0.2,-0.21,0.726,False,b独有
FACT_VERIFICATION__2,FACT_VERIFICATION__2,助手语音头部1k,助手语音随机1k,0,4,999,1000,0.0,0.4,0.4,-0.054,1.024,False,b独有
FACT_VERIFICATION__3,FACT_VERIFICATION__3,助手语音头部1k,助手语音随机1k,0,4,999,1000,0.0,0.4,0.4,-0.054,1.024,False,b独有
LIVE_TV_SPORTS__1,LIVE_TV_SPORTS__1,助手语音头部1k,助手语音随机1k,21,11,999,1000,2.102,1.1,-1.002,-2.195,0.121,False,共有
LIVE_TV_SPORTS__2,LIVE_TV_SPORTS__2,助手语音头部1k,助手语音随机1k,25,2,999,1000,2.503,0.2,-2.303,-3.477,-1.343,True,共有
NON_DRAMA_VIDEO__1,NON_DRAMA_VIDEO__1,助手语音头部1k,助手语音随机1k,47,134,999,1000,4.705,13.4,8.695,6.22,11.223,True,共有
NON_DRAMA_VIDEO__2,NON_DRAMA_VIDEO__2,助手语音头部1k,助手语音随机1k,3,30,999,1000,0.3,3.0,2.7,1.637,3.966,True,共有
OTHER__1,OTHER__1,助手语音头部1k,助手语音随机1k,10,21,999,1000,1.001,2.1,1.099,-0.003,2.28,False,共有
OTHER__2,OTHER__2,助手语音头部1k,助手语音随机1k,13,11,999,1000,1.301,1.1,-0.201,-1.234,0.813,False,共有
OTHER__3,OTHER__3,助手语音头部1k,助手语音随机1k,16,11,999,1000,1.602,1.1,-0.502,-1.599,0.554,False,共有
OTHER__4,OTHER__4,助手语音头部1k,助手语音随机1k,23,29,999,1000,2.302,2.9,0.598,-0.829,2.049,False,共有
PLATFORM_HELP__1,PLATFORM_HELP__1,助手语音头部1k,助手语音随机1k,7,23,999,1000,0.701,2.3,1.599,0.538,2.783,True,共有
PLATFORM_HELP__2,PLATFORM_HELP__2,助手语音头部1k,助手语音随机1k,5,9,999,1000,0.501,0.9,0.399,-0.391,1.251,False,共有
PLOT_INFO_QA__1,PLOT_INFO_QA__1,助手语音头部1k,助手语音随机1k,0,15,999,1000,0.0,1.5,1.5,0.797,2.46,True,b独有
PLOT_INFO_QA__2,PLOT_INFO_QA__2,助手语音头部1k,助手语音随机1k,0,6,999,1000,0.0,0.6,0.6,0.098,1.303,True,b独有
PLOT_INFO_QA__3,PLOT_INFO_QA__3,助手语音头部1k,助手语音随机1k,0,5,999,1000,0.0,0.5,0.5,0.022,1.165,True,b独有
PLOT_INFO_QA__4,PLOT_INFO_QA__4,助手语音头部1k,助手语音随机1k,3,6,999,1000,0.3,0.6,0.3,-0.364,1.03,False,共有
PLOT_INFO_QA__5,PLOT_INFO_QA__5,助手语音头部1k,助手语音随机1k,1,9,999,1000,0.1,0.9,0.8,0.17,1.606,True,共有
RECOMMENDATION__1,RECOMMENDATION__1,助手语音头部1k,助手语音随机1k,1,2,999,1000,0.1,0.2,0.1,-0.387,0.633,False,共有
RECOMMENDATION__2,RECOMMENDATION__2,助手语音头部1k,助手语音随机1k,0,4,999,1000,0.0,0.4,0.4,-0.054,1.024,False,b独有
RECOMMENDATION__3,RECOMMENDATION__3,助手语音头部1k,助手语音随机1k,10,1,999,1000,1.001,0.1,-0.901,-1.737,-0.25,True,共有
RECOMMENDATION__4,RECOMMENDATION__4,助手语音头部1k,助手语音随机1k,9,9,999,1000,0.901,0.9,-0.001,-0.909,0.907,False,共有
RECOMMENDATION__5,RECOMMENDATION__5,助手语音头部1k,助手语音随机1k,3,4,999,1000,0.3,0.4,0.1,-0.529,0.754,False,共有
SCENE_CLIP_WATCH__1,SCENE_CLIP_WATCH__1,助手语音头部1k,助手语音随机1k,5,6,999,1000,0.501,0.6,0.099,-0.641,0.858,False,共有
SCENE_LOCATE__1,SCENE_LOCATE__1,助手语音头部1k,助手语音随机1k,0,5,999,1000,0.0,0.5,0.5,0.022,1.165,True,b独有
SCENE_LOCATE__2,SCENE_LOCATE__2,助手语音头部1k,助手语音随机1k,0,2,999,1000,0.0,0.2,0.2,-0.21,0.726,False,b独有
SITE_NAVIGATION__1,SITE_NAVIGATION__1,助手语音头部1k,助手语音随机1k,7,5,999,1000,0.701,0.5,-0.201,-0.993,0.556,False,共有
SITE_NAVIGATION__2,SITE_NAVIGATION__2,助手语音头部1k,助手语音随机1k,18,10,999,1000,1.802,1.0,-0.802,-1.927,0.259,False,共有
SITE_NAVIGATION__3,SITE_NAVIGATION__3,助手语音头部1k,助手语音随机1k,0,3,999,1000,0.0,0.3,0.3,-0.131,0.878,False,b独有
TITLE_IDENTIFICATION__1,TITLE_IDENTIFICATION__1,助手语音头部1k,助手语音随机1k,0,6,999,1000,0.0,0.6,0.6,0.098,1.303,True,b独有
TITLE_IDENTIFICATION__2,TITLE_IDENTIFICATION__2,助手语音头部1k,助手语音随机1k,0,3,999,1000,0.0,0.3,0.3,-0.131,0.878,False,b独有
TITLE_IDENTIFICATION__3,TITLE_IDENTIFICATION__3,助手语音头部1k,助手语音随机1k,3,11,999,1000,0.3,1.1,0.8,0.045,1.681,True,共有
TITLE_IDENTIFICATION__4,TITLE_IDENTIFICATION__4,助手语音头部1k,助手语音随机1k,0,8,999,1000,0.0,0.8,0.8,0.25,1.571,True,b独有
TITLE_IDENTIFICATION__5,TITLE_IDENTIFICATION__5,助手语音头部1k,助手语音随机1k,1,10,999,1000,0.1,1.0,0.9,0.249,1.735,True,共有
WATCH_DIRECT__1,WATCH_DIRECT__1,助手语音头部1k,助手语音随机1k,23,70,999,1000,2.302,7.0,4.698,2.882,6.608,True,共有
WATCH_DIRECT__2,WATCH_DIRECT__2,助手语音头部1k,助手语音随机1k,86,49,999,1000,8.609,4.9,-3.709,-5.944,-1.513,True,共有
WATCH_DIRECT__3,WATCH_DIRECT__3,助手语音头部1k,助手语音随机1k,159,42,999,1000,15.916,4.2,-11.716,-14.345,-9.145,True,共有
WHERE_TO_WATCH__1,WHERE_TO_WATCH__1,助手语音头部1k,助手语音随机1k,1,5,999,1000,0.1,0.5,0.4,-0.146,1.07,False,共有
WORK_FACT_QA__1,WORK_FACT_QA__1,助手语音头部1k,助手语音随机1k,18,11,999,1000,1.802,1.1,-0.702,-1.839,0.381,False,共有
WORK_FACT_QA__2,WORK_FACT_QA__2,助手语音头部1k,助手语音随机1k,1,28,999,1000,0.1,2.8,2.7,1.726,3.92,True,共有
WORK_FACT_QA__3,WORK_FACT_QA__3,助手语音头部1k,助手语音随机1k,3,36,999,1000,0.3,3.6,3.3,2.154,4.658,True,共有
