key,类目,a,b,k_a,k_b,n_a,n_b,占比_a%,占比_b%,差_pp,低_pp,高_pp,显著,类型
0,查询剧情结局,2025搜索,2025搜索随机1w,39,195,9998,10000,0.39,1.95,1.56,1.269,1.868,True,共有
1,查询影视剧集数与情节所在集数,2025搜索,2025搜索随机1w,49,360,9998,10000,0.49,3.6,3.11,2.728,3.511,True,共有
10,查询爱情题材影视与情感类片段,2025搜索,2025搜索随机1w,100,73,9998,10000,1.0,0.73,-0.27,-0.532,-0.013,True,共有
11,泰剧资源与观看渠道查询,2025搜索,2025搜索随机1w,75,38,9998,10000,0.75,0.38,-0.37,-0.585,-0.163,True,共有
12,含“恋”影视与词条内容查找,2025搜索,2025搜索随机1w,67,45,9998,10000,0.67,0.45,-0.22,-0.433,-0.012,True,共有
13,奥特曼影视与角色查询,2025搜索,2025搜索随机1w,38,64,9998,10000,0.38,0.64,0.26,0.062,0.464,True,共有
14,鬼灭之刃等惊悚悬疑影视在线观看查询,2025搜索,2025搜索随机1w,463,256,9998,10000,4.631,2.56,-2.071,-2.59,-1.557,True,共有
15,查找儿童动画片视频,2025搜索,2025搜索随机1w,221,393,9998,10000,2.21,3.93,1.72,1.244,2.201,True,共有
16,查询影视动漫游戏作品信息,2025搜索,2025搜索随机1w,378,397,9998,10000,3.781,3.97,0.189,-0.347,0.726,False,共有
17,动画片查询观看,2025搜索,2025搜索随机1w,44,121,9998,10000,0.44,1.21,0.77,0.523,1.029,True,共有
18,动漫免费在线观看,2025搜索,2025搜索随机1w,363,229,9998,10000,3.631,2.29,-1.341,-1.814,-0.872,True,共有
19,获取或生成视频,2025搜索,2025搜索随机1w,60,213,9998,10000,0.6,2.13,1.53,1.214,1.86,True,共有
2,虚构作品剧情设定查询与同人创作讨论,2025搜索,2025搜索随机1w,50,275,9998,10000,0.5,2.75,2.25,1.908,2.61,True,共有
20,影视剧演员表查询,2025搜索,2025搜索随机1w,186,422,9998,10000,1.86,4.22,2.36,1.888,2.84,True,共有
22,影视动漫及娱乐视频查询,2025搜索,2025搜索随机1w,38,93,9998,10000,0.38,0.93,0.55,0.329,0.782,True,共有
23,App下载安装渠道查询,2025搜索,2025搜索随机1w,85,118,9998,10000,0.85,1.18,0.33,0.052,0.612,True,共有
24,查询直播平台与节目播出信息,2025搜索,2025搜索随机1w,37,120,9998,10000,0.37,1.2,0.83,0.59,1.084,True,共有
25,查询哔哩哔哩平台入口及相关内容,2025搜索,2025搜索随机1w,47,59,9998,10000,0.47,0.59,0.12,-0.083,0.326,False,共有
26,查询影视综艺免费观看资源,2025搜索,2025搜索随机1w,134,260,9998,10000,1.34,2.6,1.26,0.877,1.65,True,共有
27,快手应用下载与使用查询,2025搜索,2025搜索随机1w,40,83,9998,10000,0.4,0.83,0.43,0.215,0.654,True,共有
28,查询完整版视频免费观看资源,2025搜索,2025搜索随机1w,310,174,9998,10000,3.101,1.74,-1.361,-1.791,-0.937,True,共有
29,免费影视观看查询,2025搜索,2025搜索随机1w,160,223,9998,10000,1.6,2.23,0.63,0.25,1.013,True,共有
3,查询影视剧名称与详情,2025搜索,2025搜索随机1w,32,340,9998,10000,0.32,3.4,3.08,2.718,3.465,True,共有
30,影视全集免费观看查询,2025搜索,2025搜索随机1w,226,181,9998,10000,2.26,1.81,-0.45,-0.845,-0.059,True,共有
31,电影信息查询,2025搜索,2025搜索随机1w,266,538,9998,10000,2.661,5.38,2.719,2.179,3.267,True,共有
32,影视在线观看渠道查询,2025搜索,2025搜索随机1w,187,70,9998,10000,1.87,0.7,-1.17,-1.49,-0.862,True,共有
33,查询抖音功能设置与使用问题解决方法,2025搜索,2025搜索随机1w,23,382,9998,10000,0.23,3.82,3.59,3.214,3.991,True,共有
34,解析抖音作品分享口令,2025搜索,2025搜索随机1w,1,8,9998,10000,0.01,0.08,0.07,0.009,0.148,True,共有
36,抖音下载安装与客服查询,2025搜索,2025搜索随机1w,52,63,9998,10000,0.52,0.63,0.11,-0.102,0.324,False,共有
37,免费电影在线观看,2025搜索,2025搜索随机1w,250,112,9998,10000,2.501,1.12,-1.381,-1.756,-1.014,True,共有
38,在线观看电影,2025搜索,2025搜索随机1w,200,92,9998,10000,2.0,0.92,-1.08,-1.419,-0.751,True,共有
39,免费在线观看电视剧资源查找,2025搜索,2025搜索随机1w,370,58,9998,10000,3.701,0.58,-3.121,-3.53,-2.73,True,共有
4,查询影视剧情介绍,2025搜索,2025搜索随机1w,78,166,9998,10000,0.78,1.66,0.88,0.578,1.191,True,共有
40,影视在线观看查询,2025搜索,2025搜索随机1w,370,190,9998,10000,3.701,1.9,-1.801,-2.262,-1.346,True,共有
41,查询女性相关视频,2025搜索,2025搜索随机1w,173,195,9998,10000,1.73,1.95,0.22,-0.154,0.595,False,共有
42,影视作品资源与剧情查询,2025搜索,2025搜索随机1w,220,133,9998,10000,2.2,1.33,-0.87,-1.24,-0.507,True,共有
43,少女少年影视资源查询,2025搜索,2025搜索随机1w,97,83,9998,10000,0.97,0.83,-0.14,-0.406,0.123,False,共有
44,查询姐姐/姐妹相关影视与人物信息,2025搜索,2025搜索随机1w,46,51,9998,10000,0.46,0.51,0.05,-0.146,0.247,False,共有
45,美字相关影视视频与美容内容查询,2025搜索,2025搜索随机1w,102,120,9998,10000,1.02,1.2,0.18,-0.112,0.474,False,共有
46,影视视频搜索播放,2025搜索,2025搜索随机1w,1286,699,9998,10000,12.863,6.99,-5.873,-6.699,-5.049,True,共有
48,第三季影视免费在线观看查询,2025搜索,2025搜索随机1w,117,100,9998,10000,1.17,1.0,-0.17,-0.461,0.118,False,共有
49,第一季影视动漫观看资源查询,2025搜索,2025搜索随机1w,180,104,9998,10000,1.8,1.04,-0.76,-1.093,-0.434,True,共有
5,短剧免费全集观看查询,2025搜索,2025搜索随机1w,113,96,9998,10000,1.13,0.96,-0.17,-0.456,0.113,False,共有
50,查询影视动漫第二季在线观看资源,2025搜索,2025搜索随机1w,139,138,9998,10000,1.39,1.38,-0.01,-0.336,0.316,False,共有
51,指定季数影视综免费在线观看查询,2025搜索,2025搜索随机1w,118,62,9998,10000,1.18,0.62,-0.56,-0.829,-0.3,True,共有
52,奔跑吧各季节目查询观看,2025搜索,2025搜索随机1w,55,35,9998,10000,0.55,0.35,-0.2,-0.392,-0.014,True,共有
53,查询电视剧,2025搜索,2025搜索随机1w,282,323,9998,10000,2.821,3.23,0.409,-0.066,0.886,False,共有
54,短剧查询与在线观看,2025搜索,2025搜索随机1w,46,183,9998,10000,0.46,1.83,1.37,1.081,1.674,True,共有
55,韩剧在线观看资源查询,2025搜索,2025搜索随机1w,93,85,9998,10000,0.93,0.85,-0.08,-0.344,0.182,False,共有
56,央视直播频道查询,2025搜索,2025搜索随机1w,112,78,9998,10000,1.12,0.78,-0.34,-0.614,-0.071,True,共有
57,电视节目表查询,2025搜索,2025搜索随机1w,60,56,9998,10000,0.6,0.56,-0.04,-0.254,0.173,False,共有
59,查询人物身份与关系结局,2025搜索,2025搜索随机1w,15,181,9998,10000,0.15,1.81,1.66,1.398,1.947,True,共有
6,电视剧免费观看资源查询,2025搜索,2025搜索随机1w,1005,170,9998,10000,10.052,1.7,-8.352,-9.001,-7.716,True,共有
60,查找视频,2025搜索,2025搜索随机1w,160,478,9998,10000,1.6,4.78,3.18,2.699,3.672,True,共有
61,查询视频平台与播放器访问入口,2025搜索,2025搜索随机1w,64,73,9998,10000,0.64,0.73,0.09,-0.141,0.322,False,共有
7,查询含“爱”字影视资源,2025搜索,2025搜索随机1w,110,74,9998,10000,1.1,0.74,-0.36,-0.63,-0.095,True,共有
8,查询电视剧《逆爱》在线观看资源,2025搜索,2025搜索随机1w,329,54,9998,10000,3.291,0.54,-2.751,-3.14,-2.38,True,共有
9,查询电视剧《爱情有烟火》免费观看资源,2025搜索,2025搜索随机1w,37,18,9998,10000,0.37,0.18,-0.19,-0.345,-0.045,True,共有
0,查询剧情结局,2025搜索,2026搜索,39,23,9998,9999,0.39,0.23,-0.16,-0.322,-0.005,True,共有
1,查询影视剧集数与情节所在集数,2025搜索,2026搜索,49,24,9998,9999,0.49,0.24,-0.25,-0.426,-0.083,True,共有
10,查询爱情题材影视与情感类片段,2025搜索,2026搜索,100,105,9998,9999,1.0,1.05,0.05,-0.231,0.332,False,共有
11,泰剧资源与观看渠道查询,2025搜索,2026搜索,75,167,9998,9999,0.75,1.67,0.92,0.62,1.23,True,共有
12,含“恋”影视与词条内容查找,2025搜索,2026搜索,67,92,9998,9999,0.67,0.92,0.25,0.003,0.501,True,共有
13,奥特曼影视与角色查询,2025搜索,2026搜索,38,37,9998,9999,0.38,0.37,-0.01,-0.184,0.163,False,共有
14,鬼灭之刃等惊悚悬疑影视在线观看查询,2025搜索,2026搜索,463,443,9998,9999,4.631,4.43,-0.2,-0.778,0.377,False,共有
15,查找儿童动画片视频,2025搜索,2026搜索,221,172,9998,9999,2.21,1.72,-0.49,-0.878,-0.105,True,共有
16,查询影视动漫游戏作品信息,2025搜索,2026搜索,378,282,9998,9999,3.781,2.82,-0.96,-1.458,-0.466,True,共有
17,动画片查询观看,2025搜索,2026搜索,44,38,9998,9999,0.44,0.38,-0.06,-0.242,0.12,False,共有
18,动漫免费在线观看,2025搜索,2026搜索,363,438,9998,9999,3.631,4.38,0.75,0.206,1.295,True,共有
19,获取或生成视频,2025搜索,2026搜索,60,25,9998,9999,0.6,0.25,-0.35,-0.54,-0.171,True,共有
2,虚构作品剧情设定查询与同人创作讨论,2025搜索,2026搜索,50,29,9998,9999,0.5,0.29,-0.21,-0.391,-0.036,True,共有
20,影视剧演员表查询,2025搜索,2026搜索,186,144,9998,9999,1.86,1.44,-0.42,-0.777,-0.067,True,共有
22,影视动漫及娱乐视频查询,2025搜索,2026搜索,38,45,9998,9999,0.38,0.45,0.07,-0.111,0.253,False,共有
23,App下载安装渠道查询,2025搜索,2026搜索,85,44,9998,9999,0.85,0.44,-0.41,-0.639,-0.189,True,共有
24,查询直播平台与节目播出信息,2025搜索,2026搜索,37,50,9998,9999,0.37,0.5,0.13,-0.054,0.318,False,共有
25,查询哔哩哔哩平台入口及相关内容,2025搜索,2026搜索,47,36,9998,9999,0.47,0.36,-0.11,-0.294,0.07,False,共有
26,查询影视综艺免费观看资源,2025搜索,2026搜索,134,153,9998,9999,1.34,1.53,0.19,-0.141,0.522,False,共有
27,快手应用下载与使用查询,2025搜索,2026搜索,40,29,9998,9999,0.4,0.29,-0.11,-0.279,0.055,False,共有
28,查询完整版视频免费观看资源,2025搜索,2026搜索,310,265,9998,9999,3.101,2.65,-0.45,-0.916,0.013,False,共有
29,免费影视观看查询,2025搜索,2026搜索,160,127,9998,9999,1.6,1.27,-0.33,-0.663,0.0,False,共有
3,查询影视剧名称与详情,2025搜索,2026搜索,32,39,9998,9999,0.32,0.39,0.07,-0.098,0.24,False,共有
30,影视全集免费观看查询,2025搜索,2026搜索,226,271,9998,9999,2.26,2.71,0.45,0.018,0.884,True,共有
31,电影信息查询,2025搜索,2026搜索,266,449,9998,9999,2.661,4.49,1.83,1.317,2.348,True,共有
32,影视在线观看渠道查询,2025搜索,2026搜索,187,179,9998,9999,1.87,1.79,-0.08,-0.454,0.293,False,共有
33,查询抖音功能设置与使用问题解决方法,2025搜索,2026搜索,23,7,9998,9999,0.23,0.07,-0.16,-0.281,-0.053,True,共有
34,解析抖音作品分享口令,2025搜索,2026搜索,1,1,9998,9999,0.01,0.01,-0.0,-0.047,0.047,False,共有
36,抖音下载安装与客服查询,2025搜索,2026搜索,52,54,9998,9999,0.52,0.54,0.02,-0.185,0.225,False,共有
37,免费电影在线观看,2025搜索,2026搜索,250,155,9998,9999,2.501,1.55,-0.95,-1.345,-0.561,True,共有
38,在线观看电影,2025搜索,2026搜索,200,210,9998,9999,2.0,2.1,0.1,-0.294,0.495,False,共有
39,免费在线观看电视剧资源查找,2025搜索,2026搜索,370,462,9998,9999,3.701,4.62,0.92,0.366,1.475,True,共有
4,查询影视剧情介绍,2025搜索,2026搜索,78,61,9998,9999,0.78,0.61,-0.17,-0.405,0.062,False,共有
40,影视在线观看查询,2025搜索,2026搜索,370,361,9998,9999,3.701,3.61,-0.09,-0.612,0.431,False,共有
41,查询女性相关视频,2025搜索,2026搜索,173,181,9998,9999,1.73,1.81,0.08,-0.287,0.447,False,共有
42,影视作品资源与剧情查询,2025搜索,2026搜索,220,212,9998,9999,2.2,2.12,-0.08,-0.485,0.324,False,共有
43,少女少年影视资源查询,2025搜索,2026搜索,97,93,9998,9999,0.97,0.93,-0.04,-0.312,0.231,False,共有
44,查询姐姐/姐妹相关影视与人物信息,2025搜索,2026搜索,46,76,9998,9999,0.46,0.76,0.3,0.084,0.522,True,共有
45,美字相关影视视频与美容内容查询,2025搜索,2026搜索,102,95,9998,9999,1.02,0.95,-0.07,-0.347,0.206,False,共有
46,影视视频搜索播放,2025搜索,2026搜索,1286,1095,9998,9999,12.863,10.951,-1.911,-2.809,-1.014,True,共有
48,第三季影视免费在线观看查询,2025搜索,2026搜索,117,120,9998,9999,1.17,1.2,0.03,-0.272,0.332,False,共有
49,第一季影视动漫观看资源查询,2025搜索,2026搜索,180,263,9998,9999,1.8,2.63,0.83,0.423,1.241,True,共有
5,短剧免费全集观看查询,2025搜索,2026搜索,113,24,9998,9999,1.13,0.24,-0.89,-1.13,-0.668,True,共有
50,查询影视动漫第二季在线观看资源,2025搜索,2026搜索,139,164,9998,9999,1.39,1.64,0.25,-0.09,0.591,False,共有
51,指定季数影视综免费在线观看查询,2025搜索,2026搜索,118,129,9998,9999,1.18,1.29,0.11,-0.198,0.419,False,共有
52,奔跑吧各季节目查询观看,2025搜索,2026搜索,55,47,9998,9999,0.55,0.47,-0.08,-0.282,0.12,False,共有
53,查询电视剧,2025搜索,2026搜索,282,651,9998,9999,2.821,6.511,3.69,3.111,4.277,True,共有
54,短剧查询与在线观看,2025搜索,2026搜索,46,29,9998,9999,0.46,0.29,-0.17,-0.347,0.001,False,共有
55,韩剧在线观看资源查询,2025搜索,2026搜索,93,304,9998,9999,0.93,3.04,2.11,1.729,2.504,True,共有
56,央视直播频道查询,2025搜索,2026搜索,112,299,9998,9999,1.12,2.99,1.87,1.481,2.27,True,共有
57,电视节目表查询,2025搜索,2026搜索,60,96,9998,9999,0.6,0.96,0.36,0.116,0.61,True,共有
59,查询人物身份与关系结局,2025搜索,2026搜索,15,6,9998,9999,0.15,0.06,-0.09,-0.193,0.002,False,共有
6,电视剧免费观看资源查询,2025搜索,2026搜索,1005,658,9998,9999,10.052,6.581,-3.471,-4.237,-2.708,True,共有
60,查找视频,2025搜索,2026搜索,160,146,9998,9999,1.6,1.46,-0.14,-0.483,0.202,False,共有
61,查询视频平台与播放器访问入口,2025搜索,2026搜索,64,53,9998,9999,0.64,0.53,-0.11,-0.326,0.103,False,共有
7,查询含“爱”字影视资源,2025搜索,2026搜索,110,123,9998,9999,1.1,1.23,0.13,-0.169,0.43,False,共有
8,查询电视剧《逆爱》在线观看资源,2025搜索,2026搜索,329,11,9998,9999,3.291,0.11,-3.181,-3.552,-2.837,True,共有
9,查询电视剧《爱情有烟火》免费观看资源,2025搜索,2026搜索,37,107,9998,9999,0.37,1.07,0.7,0.469,0.943,True,共有
0,查询剧情结局,2025搜索,2026搜索随机1w,39,152,9998,10000,0.39,1.52,1.13,0.866,1.409,True,共有
1,查询影视剧集数与情节所在集数,2025搜索,2026搜索随机1w,49,314,9998,10000,0.49,3.14,2.65,2.29,3.029,True,共有
10,查询爱情题材影视与情感类片段,2025搜索,2026搜索随机1w,100,80,9998,10000,1.0,0.8,-0.2,-0.466,0.063,False,共有
11,泰剧资源与观看渠道查询,2025搜索,2026搜索随机1w,75,71,9998,10000,0.75,0.71,-0.04,-0.279,0.198,False,共有
12,含“恋”影视与词条内容查找,2025搜索,2026搜索随机1w,67,49,9998,10000,0.67,0.49,-0.18,-0.396,0.032,False,共有
13,奥特曼影视与角色查询,2025搜索,2026搜索随机1w,38,77,9998,10000,0.38,0.77,0.39,0.181,0.607,True,共有
14,鬼灭之刃等惊悚悬疑影视在线观看查询,2025搜索,2026搜索随机1w,463,273,9998,10000,4.631,2.73,-1.901,-2.426,-1.381,True,共有
15,查找儿童动画片视频,2025搜索,2026搜索随机1w,221,395,9998,10000,2.21,3.95,1.74,1.263,2.222,True,共有
16,查询影视动漫游戏作品信息,2025搜索,2026搜索随机1w,378,319,9998,10000,3.781,3.19,-0.591,-1.101,-0.082,True,共有
17,动画片查询观看,2025搜索,2026搜索随机1w,44,125,9998,10000,0.44,1.25,0.81,0.56,1.072,True,共有
18,动漫免费在线观看,2025搜索,2026搜索随机1w,363,299,9998,10000,3.631,2.99,-0.641,-1.139,-0.145,True,共有
19,获取或生成视频,2025搜索,2026搜索随机1w,60,204,9998,10000,0.6,2.04,1.44,1.129,1.765,True,共有
2,虚构作品剧情设定查询与同人创作讨论,2025搜索,2026搜索随机1w,50,239,9998,10000,0.5,2.39,1.89,1.567,2.23,True,共有
20,影视剧演员表查询,2025搜索,2026搜索随机1w,186,352,9998,10000,1.86,3.52,1.66,1.214,2.112,True,共有
22,影视动漫及娱乐视频查询,2025搜索,2026搜索随机1w,38,120,9998,10000,0.38,1.2,0.82,0.579,1.075,True,共有
23,App下载安装渠道查询,2025搜索,2026搜索随机1w,85,109,9998,10000,0.85,1.09,0.24,-0.033,0.516,False,共有
24,查询直播平台与节目播出信息,2025搜索,2026搜索随机1w,37,94,9998,10000,0.37,0.94,0.57,0.349,0.802,True,共有
25,查询哔哩哔哩平台入口及相关内容,2025搜索,2026搜索随机1w,47,46,9998,10000,0.47,0.46,-0.01,-0.203,0.182,False,共有
26,查询影视综艺免费观看资源,2025搜索,2026搜索随机1w,134,269,9998,10000,1.34,2.69,1.35,0.963,1.744,True,共有
27,快手应用下载与使用查询,2025搜索,2026搜索随机1w,40,51,9998,10000,0.4,0.51,0.11,-0.079,0.302,False,共有
28,查询完整版视频免费观看资源,2025搜索,2026搜索随机1w,310,169,9998,10000,3.101,1.69,-1.411,-1.839,-0.989,True,共有
29,免费影视观看查询,2025搜索,2026搜索随机1w,160,181,9998,10000,1.6,1.81,0.21,-0.15,0.571,False,共有
3,查询影视剧名称与详情,2025搜索,2026搜索随机1w,32,263,9998,10000,0.32,2.63,2.31,1.986,2.655,True,共有
30,影视全集免费观看查询,2025搜索,2026搜索随机1w,226,207,9998,10000,2.26,2.07,-0.19,-0.596,0.214,False,共有
31,电影信息查询,2025搜索,2026搜索随机1w,266,628,9998,10000,2.661,6.28,3.619,3.052,4.195,True,共有
32,影视在线观看渠道查询,2025搜索,2026搜索随机1w,187,71,9998,10000,1.87,0.71,-1.16,-1.481,-0.852,True,共有
33,查询抖音功能设置与使用问题解决方法,2025搜索,2026搜索随机1w,23,250,9998,10000,0.23,2.5,2.27,1.96,2.604,True,共有
34,解析抖音作品分享口令,2025搜索,2026搜索随机1w,1,50,9998,10000,0.01,0.5,0.49,0.361,0.649,True,共有
36,抖音下载安装与客服查询,2025搜索,2026搜索随机1w,52,64,9998,10000,0.52,0.64,0.12,-0.093,0.335,False,共有
37,免费电影在线观看,2025搜索,2026搜索随机1w,250,117,9998,10000,2.501,1.17,-1.331,-1.708,-0.962,True,共有
38,在线观看电影,2025搜索,2026搜索随机1w,200,146,9998,10000,2.0,1.46,-0.54,-0.905,-0.179,True,共有
39,免费在线观看电视剧资源查找,2025搜索,2026搜索随机1w,370,97,9998,10000,3.701,0.97,-2.731,-3.156,-2.319,True,共有
4,查询影视剧情介绍,2025搜索,2026搜索随机1w,78,105,9998,10000,0.78,1.05,0.27,0.005,0.538,True,共有
40,影视在线观看查询,2025搜索,2026搜索随机1w,370,281,9998,10000,3.701,2.81,-0.891,-1.385,-0.399,True,共有
41,查询女性相关视频,2025搜索,2026搜索随机1w,173,233,9998,10000,1.73,2.33,0.6,0.209,0.994,True,共有
42,影视作品资源与剧情查询,2025搜索,2026搜索随机1w,220,135,9998,10000,2.2,1.35,-0.85,-1.221,-0.486,True,共有
43,少女少年影视资源查询,2025搜索,2026搜索随机1w,97,82,9998,10000,0.97,0.82,-0.15,-0.415,0.112,False,共有
44,查询姐姐/姐妹相关影视与人物信息,2025搜索,2026搜索随机1w,46,63,9998,10000,0.46,0.63,0.17,-0.036,0.379,False,共有
45,美字相关影视视频与美容内容查询,2025搜索,2026搜索随机1w,102,137,9998,10000,1.02,1.37,0.35,0.048,0.655,True,共有
46,影视视频搜索播放,2025搜索,2026搜索随机1w,1286,679,9998,10000,12.863,6.79,-6.073,-6.895,-5.253,True,共有
48,第三季影视免费在线观看查询,2025搜索,2026搜索随机1w,117,139,9998,10000,1.17,1.39,0.22,-0.093,0.535,False,共有
49,第一季影视动漫观看资源查询,2025搜索,2026搜索随机1w,180,135,9998,10000,1.8,1.35,-0.45,-0.799,-0.105,True,共有
5,短剧免费全集观看查询,2025搜索,2026搜索随机1w,113,64,9998,10000,1.13,0.64,-0.49,-0.756,-0.232,True,共有
50,查询影视动漫第二季在线观看资源,2025搜索,2026搜索随机1w,139,158,9998,10000,1.39,1.58,0.19,-0.147,0.528,False,共有
51,指定季数影视综免费在线观看查询,2025搜索,2026搜索随机1w,118,79,9998,10000,1.18,0.79,-0.39,-0.669,-0.116,True,共有
52,奔跑吧各季节目查询观看,2025搜索,2026搜索随机1w,55,29,9998,10000,0.55,0.29,-0.26,-0.447,-0.081,True,共有
53,查询电视剧,2025搜索,2026搜索随机1w,282,352,9998,10000,2.821,3.52,0.699,0.214,1.187,True,共有
54,短剧查询与在线观看,2025搜索,2026搜索随机1w,46,190,9998,10000,0.46,1.9,1.44,1.147,1.749,True,共有
55,韩剧在线观看资源查询,2025搜索,2026搜索随机1w,93,166,9998,10000,0.93,1.66,0.73,0.418,1.049,True,共有
56,央视直播频道查询,2025搜索,2026搜索随机1w,112,94,9998,10000,1.12,0.94,-0.18,-0.464,0.101,False,共有
57,电视节目表查询,2025搜索,2026搜索随机1w,60,52,9998,10000,0.6,0.52,-0.08,-0.291,0.129,False,共有
59,查询人物身份与关系结局,2025搜索,2026搜索随机1w,15,110,9998,10000,0.15,1.1,0.95,0.74,1.182,True,共有
6,电视剧免费观看资源查询,2025搜索,2026搜索随机1w,1005,132,9998,10000,10.052,1.32,-8.732,-9.371,-8.109,True,共有
60,查找视频,2025搜索,2026搜索随机1w,160,505,9998,10000,1.6,5.05,3.45,2.96,3.951,True,共有
61,查询视频平台与播放器访问入口,2025搜索,2026搜索随机1w,64,69,9998,10000,0.64,0.69,0.05,-0.178,0.279,False,共有
7,查询含“爱”字影视资源,2025搜索,2026搜索随机1w,110,77,9998,10000,1.1,0.77,-0.33,-0.602,-0.063,True,共有
8,查询电视剧《逆爱》在线观看资源,2025搜索,2026搜索随机1w,329,7,9998,10000,3.291,0.07,-3.221,-3.59,-2.88,True,共有
9,查询电视剧《爱情有烟火》免费观看资源,2025搜索,2026搜索随机1w,37,46,9998,10000,0.37,0.46,0.09,-0.091,0.273,False,共有
0,查询剧情结局,2025搜索,助手头部1k,39,35,9998,955,0.39,3.665,3.275,2.247,4.668,True,共有
1,查询影视剧集数与情节所在集数,2025搜索,助手头部1k,49,16,9998,955,0.49,1.675,1.185,0.525,2.221,True,共有
10,查询爱情题材影视与情感类片段,2025搜索,助手头部1k,100,12,9998,955,1.0,1.257,0.256,-0.321,1.2,False,共有
11,泰剧资源与观看渠道查询,2025搜索,助手头部1k,75,4,9998,955,0.75,0.419,-0.331,-0.649,0.339,False,共有
12,含“恋”影视与词条内容查找,2025搜索,助手头部1k,67,7,9998,955,0.67,0.733,0.063,-0.355,0.848,False,共有
13,奥特曼影视与角色查询,2025搜索,助手头部1k,38,4,9998,955,0.38,0.419,0.039,-0.253,0.7,False,共有
14,鬼灭之刃等惊悚悬疑影视在线观看查询,2025搜索,助手头部1k,463,15,9998,955,4.631,1.571,-3.06,-3.812,-1.981,True,共有
15,查找儿童动画片视频,2025搜索,助手头部1k,221,28,9998,955,2.21,2.932,0.721,-0.225,2.023,False,共有
16,查询影视动漫游戏作品信息,2025搜索,助手头部1k,378,22,9998,955,3.781,2.304,-1.477,-2.348,-0.264,True,共有
17,动画片查询观看,2025搜索,助手头部1k,44,7,9998,955,0.44,0.733,0.293,-0.113,1.073,False,共有
18,动漫免费在线观看,2025搜索,助手头部1k,363,28,9998,955,3.631,2.932,-0.699,-1.674,0.621,False,共有
19,获取或生成视频,2025搜索,助手头部1k,60,49,9998,955,0.6,5.131,4.531,3.291,6.124,True,共有
2,虚构作品剧情设定查询与同人创作讨论,2025搜索,助手头部1k,50,6,9998,955,0.5,0.628,0.128,-0.247,0.874,False,共有
20,影视剧演员表查询,2025搜索,助手头部1k,186,53,9998,955,1.86,5.55,3.689,2.376,5.346,True,共有
22,影视动漫及娱乐视频查询,2025搜索,助手头部1k,38,2,9998,955,0.38,0.209,-0.171,-0.378,0.39,False,共有
23,App下载安装渠道查询,2025搜索,助手头部1k,85,1,9998,955,0.85,0.105,-0.745,-0.963,-0.233,True,共有
24,查询直播平台与节目播出信息,2025搜索,助手头部1k,37,4,9998,955,0.37,0.419,0.049,-0.243,0.71,False,共有
25,查询哔哩哔哩平台入口及相关内容,2025搜索,助手头部1k,47,6,9998,955,0.47,0.628,0.158,-0.215,0.903,False,共有
26,查询影视综艺免费观看资源,2025搜索,助手头部1k,134,8,9998,955,1.34,0.838,-0.503,-0.982,0.33,False,共有
27,快手应用下载与使用查询,2025搜索,助手头部1k,40,4,9998,955,0.4,0.419,0.019,-0.275,0.68,False,共有
28,查询完整版视频免费观看资源,2025搜索,助手头部1k,310,13,9998,955,3.101,1.361,-1.739,-2.408,-0.733,True,共有
29,免费影视观看查询,2025搜索,助手头部1k,160,3,9998,955,1.6,0.314,-1.286,-1.623,-0.639,True,共有
3,查询影视剧名称与详情,2025搜索,助手头部1k,32,18,9998,955,0.32,1.885,1.565,0.863,2.644,True,共有
30,影视全集免费观看查询,2025搜索,助手头部1k,226,14,9998,955,2.26,1.466,-0.794,-1.462,0.223,False,共有
31,电影信息查询,2025搜索,助手头部1k,266,47,9998,955,2.661,4.921,2.261,1.015,3.851,True,共有
32,影视在线观看渠道查询,2025搜索,助手头部1k,187,19,9998,955,1.87,1.99,0.119,-0.648,1.244,False,共有
33,查询抖音功能设置与使用问题解决方法,2025搜索,助手头部1k,23,2,9998,955,0.23,0.209,-0.021,-0.211,0.536,False,共有
34,解析抖音作品分享口令,2025搜索,助手头部1k,1,0,9998,955,0.01,0.0,-0.01,-0.057,0.391,False,a独有
36,抖音下载安装与客服查询,2025搜索,助手头部1k,52,7,9998,955,0.52,0.733,0.213,-0.198,0.995,False,共有
37,免费电影在线观看,2025搜索,助手头部1k,250,3,9998,955,2.501,0.314,-2.186,-2.572,-1.516,True,共有
38,在线观看电影,2025搜索,助手头部1k,200,8,9998,955,2.0,0.838,-1.163,-1.669,-0.316,True,共有
39,免费在线观看电视剧资源查找,2025搜索,助手头部1k,370,33,9998,955,3.701,3.455,-0.245,-1.304,1.157,False,共有
4,查询影视剧情介绍,2025搜索,助手头部1k,78,30,9998,955,0.78,3.141,2.361,1.409,3.678,True,共有
40,影视在线观看查询,2025搜索,助手头部1k,370,15,9998,955,3.701,1.571,-2.13,-2.859,-1.065,True,共有
41,查询女性相关视频,2025搜索,助手头部1k,173,10,9998,955,1.73,1.047,-0.683,-1.234,0.218,False,共有
42,影视作品资源与剧情查询,2025搜索,助手头部1k,220,31,9998,955,2.2,3.246,1.046,0.047,2.397,True,共有
43,少女少年影视资源查询,2025搜索,助手头部1k,97,10,9998,955,0.97,1.047,0.077,-0.445,0.964,False,共有
44,查询姐姐/姐妹相关影视与人物信息,2025搜索,助手头部1k,46,6,9998,955,0.46,0.628,0.168,-0.205,0.913,False,共有
45,美字相关影视视频与美容内容查询,2025搜索,助手头部1k,102,13,9998,955,1.02,1.361,0.341,-0.263,1.311,False,共有
46,影视视频搜索播放,2025搜索,助手头部1k,1286,122,9998,955,12.863,12.775,-0.088,-2.168,2.269,False,共有
48,第三季影视免费在线观看查询,2025搜索,助手头部1k,117,4,9998,955,1.17,0.419,-0.751,-1.096,-0.07,True,共有
49,第一季影视动漫观看资源查询,2025搜索,助手头部1k,180,6,9998,955,1.8,0.628,-1.172,-1.612,-0.397,True,共有
5,短剧免费全集观看查询,2025搜索,助手头部1k,113,5,9998,955,1.13,0.524,-0.607,-0.983,0.115,False,共有
50,查询影视动漫第二季在线观看资源,2025搜索,助手头部1k,139,7,9998,955,1.39,0.733,-0.657,-1.109,0.143,False,共有
51,指定季数影视综免费在线观看查询,2025搜索,助手头部1k,118,4,9998,955,1.18,0.419,-0.761,-1.106,-0.08,True,共有
52,奔跑吧各季节目查询观看,2025搜索,助手头部1k,55,0,9998,955,0.55,0.0,-0.55,-0.715,-0.13,True,a独有
53,查询电视剧,2025搜索,助手头部1k,282,47,9998,955,2.821,4.921,2.101,0.852,3.692,True,共有
54,短剧查询与在线观看,2025搜索,助手头部1k,46,34,9998,955,0.46,3.56,3.1,2.087,4.478,True,共有
55,韩剧在线观看资源查询,2025搜索,助手头部1k,93,29,9998,955,0.93,3.037,2.106,1.169,3.408,True,共有
56,央视直播频道查询,2025搜索,助手头部1k,112,6,9998,955,1.12,0.628,-0.492,-0.9,0.267,False,共有
57,电视节目表查询,2025搜索,助手头部1k,60,2,9998,955,0.6,0.209,-0.391,-0.62,0.176,False,共有
59,查询人物身份与关系结局,2025搜索,助手头部1k,15,3,9998,955,0.15,0.314,0.164,-0.065,0.772,False,共有
6,电视剧免费观看资源查询,2025搜索,助手头部1k,1005,22,9998,955,10.052,2.304,-7.748,-8.733,-6.454,True,共有
60,查找视频,2025搜索,助手头部1k,160,50,9998,955,1.6,5.236,3.635,2.365,5.252,True,共有
61,查询视频平台与播放器访问入口,2025搜索,助手头部1k,64,1,9998,955,0.64,0.105,-0.535,-0.732,-0.03,True,共有
7,查询含“爱”字影视资源,2025搜索,助手头部1k,110,17,9998,955,1.1,1.78,0.68,-0.023,1.748,False,共有
8,查询电视剧《逆爱》在线观看资源,2025搜索,助手头部1k,329,2,9998,955,3.291,0.209,-3.081,-3.479,-2.438,True,共有
9,查询电视剧《爱情有烟火》免费观看资源,2025搜索,助手头部1k,37,1,9998,955,0.37,0.105,-0.265,-0.429,0.231,False,共有
0,查询剧情结局,2025搜索,助手随机1k,39,23,9998,982,0.39,2.342,1.952,1.163,3.105,True,共有
1,查询影视剧集数与情节所在集数,2025搜索,助手随机1k,49,43,9998,982,0.49,4.379,3.889,2.766,5.361,True,共有
10,查询爱情题材影视与情感类片段,2025搜索,助手随机1k,100,6,9998,982,1.0,0.611,-0.389,-0.783,0.348,False,共有
11,泰剧资源与观看渠道查询,2025搜索,助手随机1k,75,1,9998,982,0.75,0.102,-0.648,-0.855,-0.152,True,共有
12,含“恋”影视与词条内容查找,2025搜索,助手随机1k,67,1,9998,982,0.67,0.102,-0.568,-0.767,-0.075,True,共有
13,奥特曼影视与角色查询,2025搜索,助手随机1k,38,16,9998,982,0.38,1.629,1.249,0.61,2.255,True,共有
14,鬼灭之刃等惊悚悬疑影视在线观看查询,2025搜索,助手随机1k,463,12,9998,982,4.631,1.222,-3.409,-4.085,-2.425,True,共有
15,查找儿童动画片视频,2025搜索,助手随机1k,221,47,9998,982,2.21,4.786,2.576,1.368,4.12,True,共有
16,查询影视动漫游戏作品信息,2025搜索,助手随机1k,378,39,9998,982,3.781,3.971,0.191,-0.933,1.647,False,共有
17,动画片查询观看,2025搜索,助手随机1k,44,12,9998,982,0.44,1.222,0.782,0.239,1.691,True,共有
18,动漫免费在线观看,2025搜索,助手随机1k,363,13,9998,982,3.631,1.324,-2.307,-2.977,-1.315,True,共有
19,获取或生成视频,2025搜索,助手随机1k,60,75,9998,982,0.6,7.637,7.037,5.527,8.873,True,共有
2,虚构作品剧情设定查询与同人创作讨论,2025搜索,助手随机1k,50,188,9998,982,0.5,19.145,18.645,16.3,21.226,True,共有
20,影视剧演员表查询,2025搜索,助手随机1k,186,35,9998,982,1.86,3.564,1.704,0.673,3.078,True,共有
22,影视动漫及娱乐视频查询,2025搜索,助手随机1k,38,6,9998,982,0.38,0.611,0.231,-0.129,0.954,False,共有
23,App下载安装渠道查询,2025搜索,助手随机1k,85,3,9998,982,0.85,0.305,-0.545,-0.828,0.066,False,共有
24,查询直播平台与节目播出信息,2025搜索,助手随机1k,37,6,9998,982,0.37,0.611,0.241,-0.118,0.964,False,共有
25,查询哔哩哔哩平台入口及相关内容,2025搜索,助手随机1k,47,5,9998,982,0.47,0.509,0.039,-0.291,0.726,False,共有
26,查询影视综艺免费观看资源,2025搜索,助手随机1k,134,18,9998,982,1.34,1.833,0.493,-0.221,1.559,False,共有
27,快手应用下载与使用查询,2025搜索,助手随机1k,40,6,9998,982,0.4,0.611,0.211,-0.15,0.934,False,共有
28,查询完整版视频免费观看资源,2025搜索,助手随机1k,310,4,9998,982,3.101,0.407,-2.693,-3.129,-1.981,True,共有
29,免费影视观看查询,2025搜索,助手随机1k,160,9,9998,982,1.6,0.916,-0.684,-1.192,0.164,False,共有
3,查询影视剧名称与详情,2025搜索,助手随机1k,32,52,9998,982,0.32,5.295,4.975,3.734,6.561,True,共有
30,影视全集免费观看查询,2025搜索,助手随机1k,226,8,9998,982,2.26,0.815,-1.446,-1.953,-0.615,True,共有
31,电影信息查询,2025搜索,助手随机1k,266,41,9998,982,2.661,4.175,1.515,0.382,2.985,True,共有
32,影视在线观看渠道查询,2025搜索,助手随机1k,187,3,9998,982,1.87,0.305,-1.565,-1.914,-0.926,True,共有
33,查询抖音功能设置与使用问题解决方法,2025搜索,助手随机1k,23,25,9998,982,0.23,2.546,2.316,1.492,3.504,True,共有
34,解析抖音作品分享口令,2025搜索,助手随机1k,1,2,9998,982,0.01,0.204,0.194,0.039,0.73,True,共有
36,抖音下载安装与客服查询,2025搜索,助手随机1k,52,0,9998,982,0.52,0.0,-0.52,-0.681,-0.111,True,a独有
37,免费电影在线观看,2025搜索,助手随机1k,250,0,9998,982,2.501,0.0,-2.501,-2.825,-2.016,True,a独有
38,在线观看电影,2025搜索,助手随机1k,200,5,9998,982,2.0,0.509,-1.491,-1.905,-0.767,True,共有
39,免费在线观看电视剧资源查找,2025搜索,助手随机1k,370,0,9998,982,3.701,0.0,-3.701,-4.089,-3.175,True,a独有
4,查询影视剧情介绍,2025搜索,助手随机1k,78,13,9998,982,0.78,1.324,0.544,-0.038,1.484,False,共有
40,影视在线观看查询,2025搜索,助手随机1k,370,3,9998,982,3.701,0.305,-3.395,-3.833,-2.709,True,共有
41,查询女性相关视频,2025搜索,助手随机1k,173,19,9998,982,1.73,1.935,0.204,-0.541,1.298,False,共有
42,影视作品资源与剧情查询,2025搜索,助手随机1k,220,16,9998,982,2.2,1.629,-0.571,-1.266,0.466,False,共有
43,少女少年影视资源查询,2025搜索,助手随机1k,97,1,9998,982,0.97,0.102,-0.868,-1.096,-0.365,True,共有
44,查询姐姐/姐妹相关影视与人物信息,2025搜索,助手随机1k,46,6,9998,982,0.46,0.611,0.151,-0.213,0.876,False,共有
45,美字相关影视视频与美容内容查询,2025搜索,助手随机1k,102,8,9998,982,1.02,0.815,-0.206,-0.662,0.599,False,共有
46,影视视频搜索播放,2025搜索,助手随机1k,1286,70,9998,982,12.863,7.128,-5.734,-7.33,-3.84,True,共有
48,第三季影视免费在线观看查询,2025搜索,助手随机1k,117,8,9998,982,1.17,0.815,-0.356,-0.818,0.452,False,共有
49,第一季影视动漫观看资源查询,2025搜索,助手随机1k,180,3,9998,982,1.8,0.305,-1.495,-1.84,-0.858,True,共有
5,短剧免费全集观看查询,2025搜索,助手随机1k,113,3,9998,982,1.13,0.305,-0.825,-1.128,-0.206,True,共有
50,查询影视动漫第二季在线观看资源,2025搜索,助手随机1k,139,8,9998,982,1.39,0.815,-0.576,-1.048,0.237,False,共有
51,指定季数影视综免费在线观看查询,2025搜索,助手随机1k,118,3,9998,982,1.18,0.305,-0.875,-1.181,-0.255,True,共有
52,奔跑吧各季节目查询观看,2025搜索,助手随机1k,55,1,9998,982,0.55,0.102,-0.448,-0.634,0.041,False,共有
53,查询电视剧,2025搜索,助手随机1k,282,30,9998,982,2.821,3.055,0.234,-0.735,1.544,False,共有
54,短剧查询与在线观看,2025搜索,助手随机1k,46,18,9998,982,0.46,1.833,1.373,0.685,2.425,True,共有
55,韩剧在线观看资源查询,2025搜索,助手随机1k,93,6,9998,982,0.93,0.611,-0.319,-0.71,0.416,False,共有
56,央视直播频道查询,2025搜索,助手随机1k,112,5,9998,982,1.12,0.509,-0.611,-0.98,0.092,False,共有
57,电视节目表查询,2025搜索,助手随机1k,60,6,9998,982,0.6,0.611,0.011,-0.362,0.739,False,共有
59,查询人物身份与关系结局,2025搜索,助手随机1k,15,18,9998,982,0.15,1.833,1.683,1.005,2.73,True,共有
6,电视剧免费观看资源查询,2025搜索,助手随机1k,1005,3,9998,982,10.052,0.305,-9.747,-10.384,-8.924,True,共有
60,查找视频,2025搜索,助手随机1k,160,19,9998,982,1.6,1.935,0.335,-0.407,1.426,False,共有
61,查询视频平台与播放器访问入口,2025搜索,助手随机1k,64,3,9998,982,0.64,0.305,-0.335,-0.602,0.27,False,共有
7,查询含“爱”字影视资源,2025搜索,助手随机1k,110,4,9998,982,1.1,0.407,-0.693,-1.028,-0.031,True,共有
8,查询电视剧《逆爱》在线观看资源,2025搜索,助手随机1k,329,3,9998,982,3.291,0.305,-2.985,-3.405,-2.309,True,共有
9,查询电视剧《爱情有烟火》免费观看资源,2025搜索,助手随机1k,37,1,9998,982,0.37,0.102,-0.268,-0.431,0.215,False,共有
0,查询剧情结局,2025搜索,助手语音头部1k,39,2,9998,999,0.39,0.2,-0.19,-0.394,0.347,False,共有
1,查询影视剧集数与情节所在集数,2025搜索,助手语音头部1k,49,1,9998,999,0.49,0.1,-0.39,-0.567,0.09,False,共有
10,查询爱情题材影视与情感类片段,2025搜索,助手语音头部1k,100,7,9998,999,1.0,0.701,-0.299,-0.719,0.46,False,共有
11,泰剧资源与观看渠道查询,2025搜索,助手语音头部1k,75,4,9998,999,0.75,0.4,-0.35,-0.659,0.293,False,共有
12,含“恋”影视与词条内容查找,2025搜索,助手语音头部1k,67,3,9998,999,0.67,0.3,-0.37,-0.637,0.226,False,共有
13,奥特曼影视与角色查询,2025搜索,助手语音头部1k,38,12,9998,999,0.38,1.201,0.821,0.289,1.714,True,共有
14,鬼灭之刃等惊悚悬疑影视在线观看查询,2025搜索,助手语音头部1k,463,56,9998,999,4.631,5.606,0.975,-0.36,2.626,False,共有
15,查找儿童动画片视频,2025搜索,助手语音头部1k,221,53,9998,999,2.21,5.305,3.095,1.83,4.687,True,共有
16,查询影视动漫游戏作品信息,2025搜索,助手语音头部1k,378,39,9998,999,3.781,3.904,0.123,-0.984,1.556,False,共有
17,动画片查询观看,2025搜索,助手语音头部1k,44,8,9998,999,0.44,0.801,0.361,-0.061,1.14,False,共有
18,动漫免费在线观看,2025搜索,助手语音头部1k,363,2,9998,999,3.631,0.2,-3.431,-3.842,-2.798,True,共有
19,获取或生成视频,2025搜索,助手语音头部1k,60,11,9998,999,0.6,1.101,0.501,-0.014,1.371,False,共有
2,虚构作品剧情设定查询与同人创作讨论,2025搜索,助手语音头部1k,50,0,9998,999,0.5,0.0,-0.5,-0.659,-0.099,True,a独有
20,影视剧演员表查询,2025搜索,助手语音头部1k,186,7,9998,999,1.86,0.701,-1.16,-1.619,-0.381,True,共有
22,影视动漫及娱乐视频查询,2025搜索,助手语音头部1k,38,1,9998,999,0.38,0.1,-0.28,-0.443,0.196,False,共有
23,App下载安装渠道查询,2025搜索,助手语音头部1k,85,3,9998,999,0.85,0.3,-0.55,-0.831,0.051,False,共有
24,查询直播平台与节目播出信息,2025搜索,助手语音头部1k,37,7,9998,999,0.37,0.701,0.331,-0.056,1.076,False,共有
25,查询哔哩哔哩平台入口及相关内容,2025搜索,助手语音头部1k,47,6,9998,999,0.47,0.601,0.131,-0.229,0.844,False,共有
26,查询影视综艺免费观看资源,2025搜索,助手语音头部1k,134,9,9998,999,1.34,0.901,-0.439,-0.931,0.389,False,共有
27,快手应用下载与使用查询,2025搜索,助手语音头部1k,40,6,9998,999,0.4,0.601,0.201,-0.155,0.912,False,共有
28,查询完整版视频免费观看资源,2025搜索,助手语音头部1k,310,22,9998,999,3.101,2.202,-0.898,-1.724,0.257,False,共有
29,免费影视观看查询,2025搜索,助手语音头部1k,160,12,9998,999,1.6,1.201,-0.399,-0.976,0.516,False,共有
3,查询影视剧名称与详情,2025搜索,助手语音头部1k,32,4,9998,999,0.32,0.4,0.08,-0.197,0.712,False,共有
30,影视全集免费观看查询,2025搜索,助手语音头部1k,226,29,9998,999,2.26,2.903,0.642,-0.285,1.907,False,共有
31,电影信息查询,2025搜索,助手语音头部1k,266,48,9998,999,2.661,4.805,2.144,0.935,3.681,True,共有
32,影视在线观看渠道查询,2025搜索,助手语音头部1k,187,15,9998,999,1.87,1.502,-0.369,-1.023,0.624,False,共有
33,查询抖音功能设置与使用问题解决方法,2025搜索,助手语音头部1k,23,1,9998,999,0.23,0.1,-0.13,-0.271,0.341,False,共有
34,解析抖音作品分享口令,2025搜索,助手语音头部1k,1,1,9998,999,0.01,0.1,0.09,-0.005,0.555,False,共有
36,抖音下载安装与客服查询,2025搜索,助手语音头部1k,52,8,9998,999,0.52,0.801,0.281,-0.145,1.062,False,共有
37,免费电影在线观看,2025搜索,助手语音头部1k,250,11,9998,999,2.501,1.101,-1.399,-1.983,-0.493,True,共有
38,在线观看电影,2025搜索,助手语音头部1k,200,4,9998,999,2.0,0.4,-1.6,-1.982,-0.925,True,共有
39,免费在线观看电视剧资源查找,2025搜索,助手语音头部1k,370,59,9998,999,3.701,5.906,2.205,0.849,3.88,True,共有
4,查询影视剧情介绍,2025搜索,助手语音头部1k,78,3,9998,999,0.78,0.3,-0.48,-0.756,0.119,False,共有
40,影视在线观看查询,2025搜索,助手语音头部1k,370,27,9998,999,3.701,2.703,-0.998,-1.922,0.254,False,共有
41,查询女性相关视频,2025搜索,助手语音头部1k,173,18,9998,999,1.73,1.802,0.071,-0.643,1.127,False,共有
42,影视作品资源与剧情查询,2025搜索,助手语音头部1k,220,36,9998,999,2.2,3.604,1.403,0.367,2.775,True,共有
43,少女少年影视资源查询,2025搜索,助手语音头部1k,97,13,9998,999,0.97,1.301,0.331,-0.248,1.26,False,共有
44,查询姐姐/姐妹相关影视与人物信息,2025搜索,助手语音头部1k,46,15,9998,999,0.46,1.502,1.041,0.432,2.009,True,共有
45,美字相关影视视频与美容内容查询,2025搜索,助手语音头部1k,102,15,9998,999,1.02,1.502,0.481,-0.147,1.459,False,共有
46,影视视频搜索播放,2025搜索,助手语音头部1k,1286,195,9998,999,12.863,19.52,6.657,4.224,9.308,True,共有
48,第三季影视免费在线观看查询,2025搜索,助手语音头部1k,117,21,9998,999,1.17,2.102,0.932,0.173,2.039,True,共有
49,第一季影视动漫观看资源查询,2025搜索,助手语音头部1k,180,1,9998,999,1.8,0.1,-1.7,-1.992,-1.176,True,共有
5,短剧免费全集观看查询,2025搜索,助手语音头部1k,113,2,9998,999,1.13,0.2,-0.93,-1.199,-0.37,True,共有
50,查询影视动漫第二季在线观看资源,2025搜索,助手语音头部1k,139,2,9998,999,1.39,0.2,-1.19,-1.478,-0.622,True,共有
51,指定季数影视综免费在线观看查询,2025搜索,助手语音头部1k,118,1,9998,999,1.18,0.1,-1.08,-1.326,-0.577,True,共有
52,奔跑吧各季节目查询观看,2025搜索,助手语音头部1k,55,4,9998,999,0.55,0.4,-0.15,-0.445,0.488,False,共有
53,查询电视剧,2025搜索,助手语音头部1k,282,23,9998,999,2.821,2.302,-0.518,-1.355,0.651,False,共有
54,短剧查询与在线观看,2025搜索,助手语音头部1k,46,2,9998,999,0.46,0.2,-0.26,-0.471,0.279,False,共有
55,韩剧在线观看资源查询,2025搜索,助手语音头部1k,93,37,9998,999,0.93,3.704,2.774,1.747,4.144,True,共有
56,央视直播频道查询,2025搜索,助手语音头部1k,112,47,9998,999,1.12,4.705,3.584,2.414,5.092,True,共有
57,电视节目表查询,2025搜索,助手语音头部1k,60,6,9998,999,0.6,0.601,0.0,-0.367,0.717,False,共有
59,查询人物身份与关系结局,2025搜索,助手语音头部1k,15,1,9998,999,0.15,0.1,-0.05,-0.178,0.419,False,共有
6,电视剧免费观看资源查询,2025搜索,助手语音头部1k,1005,29,9998,999,10.052,2.903,-7.149,-8.212,-5.787,True,共有
60,查找视频,2025搜索,助手语音头部1k,160,24,9998,999,1.6,2.402,0.802,-0.024,1.972,False,共有
61,查询视频平台与播放器访问入口,2025搜索,助手语音头部1k,64,2,9998,999,0.64,0.2,-0.44,-0.668,0.105,False,共有
7,查询含“爱”字影视资源,2025搜索,助手语音头部1k,110,10,9998,999,1.1,1.001,-0.099,-0.608,0.753,False,共有
8,查询电视剧《逆爱》在线观看资源,2025搜索,助手语音头部1k,329,1,9998,999,3.291,0.1,-3.191,-3.568,-2.619,True,共有
9,查询电视剧《爱情有烟火》免费观看资源,2025搜索,助手语音头部1k,37,13,9998,999,0.37,1.301,0.931,0.374,1.849,True,共有
0,查询剧情结局,2025搜索,助手语音随机1k,39,9,9998,1000,0.39,0.9,0.51,0.061,1.318,True,共有
1,查询影视剧集数与情节所在集数,2025搜索,助手语音随机1k,49,25,9998,1000,0.49,2.5,2.01,1.194,3.181,True,共有
10,查询爱情题材影视与情感类片段,2025搜索,助手语音随机1k,100,8,9998,1000,1.0,0.8,-0.2,-0.649,0.591,False,共有
11,泰剧资源与观看渠道查询,2025搜索,助手语音随机1k,75,5,9998,1000,0.75,0.5,-0.25,-0.593,0.432,False,共有
12,含“恋”影视与词条内容查找,2025搜索,助手语音随机1k,67,6,9998,1000,0.67,0.6,-0.07,-0.441,0.647,False,共有
13,奥特曼影视与角色查询,2025搜索,助手语音随机1k,38,22,9998,1000,0.38,2.2,1.82,1.064,2.933,True,共有
14,鬼灭之刃等惊悚悬疑影视在线观看查询,2025搜索,助手语音随机1k,463,24,9998,1000,4.631,2.4,-2.231,-3.123,-1.019,True,共有
15,查找儿童动画片视频,2025搜索,助手语音随机1k,221,86,9998,1000,2.21,8.6,6.39,4.777,8.309,True,共有
16,查询影视动漫游戏作品信息,2025搜索,助手语音随机1k,378,60,9998,1000,3.781,6.0,2.219,0.852,3.904,True,共有
17,动画片查询观看,2025搜索,助手语音随机1k,44,16,9998,1000,0.44,1.6,1.16,0.529,2.149,True,共有
18,动漫免费在线观看,2025搜索,助手语音随机1k,363,8,9998,1000,3.631,0.8,-2.831,-3.382,-1.985,True,共有
19,获取或生成视频,2025搜索,助手语音随机1k,60,35,9998,1000,0.6,3.5,2.9,1.912,4.235,True,共有
2,虚构作品剧情设定查询与同人创作讨论,2025搜索,助手语音随机1k,50,37,9998,1000,0.5,3.7,3.2,2.184,4.563,True,共有
20,影视剧演员表查询,2025搜索,助手语音随机1k,186,49,9998,1000,1.86,4.9,3.04,1.832,4.579,True,共有
22,影视动漫及娱乐视频查询,2025搜索,助手语音随机1k,38,6,9998,1000,0.38,0.6,0.22,-0.134,0.93,False,共有
23,App下载安装渠道查询,2025搜索,助手语音随机1k,85,4,9998,1000,0.85,0.4,-0.45,-0.766,0.194,False,共有
24,查询直播平台与节目播出信息,2025搜索,助手语音随机1k,37,8,9998,1000,0.37,0.8,0.43,0.012,1.207,True,共有
25,查询哔哩哔哩平台入口及相关内容,2025搜索,助手语音随机1k,47,3,9998,1000,0.47,0.3,-0.17,-0.421,0.42,False,共有
26,查询影视综艺免费观看资源,2025搜索,助手语音随机1k,134,19,9998,1000,1.34,1.9,0.56,-0.163,1.629,False,共有
27,快手应用下载与使用查询,2025搜索,助手语音随机1k,40,7,9998,1000,0.4,0.7,0.3,-0.088,1.045,False,共有
28,查询完整版视频免费观看资源,2025搜索,助手语音随机1k,310,15,9998,1000,3.101,1.5,-1.601,-2.29,-0.588,True,共有
29,免费影视观看查询,2025搜索,助手语音随机1k,160,16,9998,1000,1.6,1.6,-0.0,-0.668,1.009,False,共有
3,查询影视剧名称与详情,2025搜索,助手语音随机1k,32,28,9998,1000,0.32,2.8,2.48,1.614,3.701,True,共有
30,影视全集免费观看查询,2025搜索,助手语音随机1k,226,24,9998,1000,2.26,2.4,0.14,-0.702,1.318,False,共有
31,电影信息查询,2025搜索,助手语音随机1k,266,66,9998,1000,2.661,6.6,3.939,2.521,5.676,True,共有
32,影视在线观看渠道查询,2025搜索,助手语音随机1k,187,3,9998,1000,1.87,0.3,-1.57,-1.917,-0.941,True,共有
33,查询抖音功能设置与使用问题解决方法,2025搜索,助手语音随机1k,23,25,9998,1000,0.23,2.5,2.27,1.461,3.437,True,共有
34,解析抖音作品分享口令,2025搜索,助手语音随机1k,1,0,9998,1000,0.01,0.0,-0.01,-0.057,0.373,False,a独有
36,抖音下载安装与客服查询,2025搜索,助手语音随机1k,52,3,9998,1000,0.52,0.3,-0.22,-0.475,0.371,False,共有
37,免费电影在线观看,2025搜索,助手语音随机1k,250,8,9998,1000,2.501,0.8,-1.701,-2.211,-0.878,True,共有
38,在线观看电影,2025搜索,助手语音随机1k,200,8,9998,1000,2.0,0.8,-1.2,-1.692,-0.388,True,共有
39,免费在线观看电视剧资源查找,2025搜索,助手语音随机1k,370,4,9998,1000,3.701,0.4,-3.301,-3.759,-2.584,True,共有
4,查询影视剧情介绍,2025搜索,助手语音随机1k,78,6,9998,1000,0.78,0.6,-0.18,-0.558,0.539,False,共有
40,影视在线观看查询,2025搜索,助手语音随机1k,370,9,9998,1000,3.701,0.9,-2.801,-3.377,-1.925,True,共有
41,查询女性相关视频,2025搜索,助手语音随机1k,173,21,9998,1000,1.73,2.1,0.37,-0.403,1.484,False,共有
42,影视作品资源与剧情查询,2025搜索,助手语音随机1k,220,21,9998,1000,2.2,2.1,-0.1,-0.885,1.021,False,共有
43,少女少年影视资源查询,2025搜索,助手语音随机1k,97,5,9998,1000,0.97,0.5,-0.47,-0.826,0.217,False,共有
44,查询姐姐/姐妹相关影视与人物信息,2025搜索,助手语音随机1k,46,7,9998,1000,0.46,0.7,0.24,-0.152,0.987,False,共有
45,美字相关影视视频与美容内容查询,2025搜索,助手语音随机1k,102,16,9998,1000,1.02,1.6,0.58,-0.07,1.579,False,共有
46,影视视频搜索播放,2025搜索,助手语音随机1k,1286,93,9998,1000,12.863,9.3,-3.563,-5.341,-1.501,True,共有
48,第三季影视免费在线观看查询,2025搜索,助手语音随机1k,117,15,9998,1000,1.17,1.5,0.33,-0.303,1.309,False,共有
49,第一季影视动漫观看资源查询,2025搜索,助手语音随机1k,180,4,9998,1000,1.8,0.4,-1.4,-1.772,-0.731,True,共有
5,短剧免费全集观看查询,2025搜索,助手语音随机1k,113,2,9998,1000,1.13,0.2,-0.93,-1.199,-0.371,True,共有
50,查询影视动漫第二季在线观看资源,2025搜索,助手语音随机1k,139,8,9998,1000,1.39,0.8,-0.59,-1.056,0.209,False,共有
51,指定季数影视综免费在线观看查询,2025搜索,助手语音随机1k,118,8,9998,1000,1.18,0.8,-0.38,-0.837,0.414,False,共有
52,奔跑吧各季节目查询观看,2025搜索,助手语音随机1k,55,2,9998,1000,0.55,0.2,-0.35,-0.57,0.191,False,共有
53,查询电视剧,2025搜索,助手语音随机1k,282,36,9998,1000,2.821,3.6,0.779,-0.267,2.158,False,共有
54,短剧查询与在线观看,2025搜索,助手语音随机1k,46,9,9998,1000,0.46,0.9,0.44,-0.013,1.25,False,共有
55,韩剧在线观看资源查询,2025搜索,助手语音随机1k,93,6,9998,1000,0.93,0.6,-0.33,-0.716,0.393,False,共有
56,央视直播频道查询,2025搜索,助手语音随机1k,112,12,9998,1000,1.12,1.2,0.08,-0.48,0.985,False,共有
57,电视节目表查询,2025搜索,助手语音随机1k,60,5,9998,1000,0.6,0.5,-0.1,-0.434,0.578,False,共有
59,查询人物身份与关系结局,2025搜索,助手语音随机1k,15,8,9998,1000,0.15,0.8,0.65,0.244,1.423,True,共有
6,电视剧免费观看资源查询,2025搜索,助手语音随机1k,1005,9,9998,1000,10.052,0.9,-9.152,-9.892,-8.166,True,共有
60,查找视频,2025搜索,助手语音随机1k,160,44,9998,1000,1.6,4.4,2.8,1.662,4.273,True,共有
61,查询视频平台与播放器访问入口,2025搜索,助手语音随机1k,64,3,9998,1000,0.64,0.3,-0.34,-0.605,0.255,False,共有
7,查询含“爱”字影视资源,2025搜索,助手语音随机1k,110,10,9998,1000,1.1,1.0,-0.1,-0.608,0.751,False,共有
8,查询电视剧《逆爱》在线观看资源,2025搜索,助手语音随机1k,329,0,9998,1000,3.291,0.0,-3.291,-3.659,-2.784,True,a独有
9,查询电视剧《爱情有烟火》免费观看资源,2025搜索,助手语音随机1k,37,4,9998,1000,0.37,0.4,0.03,-0.251,0.662,False,共有
0,查询剧情结局,2025搜索随机1w,2026搜索,195,23,10000,9999,1.95,0.23,-1.72,-2.02,-1.442,True,共有
1,查询影视剧集数与情节所在集数,2025搜索随机1w,2026搜索,360,24,10000,9999,3.6,0.24,-3.36,-3.751,-2.993,True,共有
10,查询爱情题材影视与情感类片段,2025搜索随机1w,2026搜索,73,105,10000,9999,0.73,1.05,0.32,0.059,0.585,True,共有
11,泰剧资源与观看渠道查询,2025搜索随机1w,2026搜索,38,167,10000,9999,0.38,1.67,1.29,1.018,1.58,True,共有
12,含“恋”影视与词条内容查找,2025搜索随机1w,2026搜索,45,92,10000,9999,0.45,0.92,0.47,0.243,0.706,True,共有
13,奥特曼影视与角色查询,2025搜索随机1w,2026搜索,64,37,10000,9999,0.64,0.37,-0.27,-0.473,-0.073,True,共有
14,鬼灭之刃等惊悚悬疑影视在线观看查询,2025搜索随机1w,2026搜索,256,443,10000,9999,2.56,4.43,1.87,1.364,2.383,True,共有
15,查找儿童动画片视频,2025搜索随机1w,2026搜索,393,172,10000,9999,3.93,1.72,-2.21,-2.674,-1.755,True,共有
16,查询影视动漫游戏作品信息,2025搜索随机1w,2026搜索,397,282,10000,9999,3.97,2.82,-1.15,-1.654,-0.649,True,共有
17,动画片查询观看,2025搜索随机1w,2026搜索,121,38,10000,9999,1.21,0.38,-0.83,-1.085,-0.588,True,共有
18,动漫免费在线观看,2025搜索随机1w,2026搜索,229,438,10000,9999,2.29,4.38,2.09,1.596,2.592,True,共有
19,获取或生成视频,2025搜索随机1w,2026搜索,213,25,10000,9999,2.13,0.25,-1.88,-2.192,-1.589,True,共有
2,虚构作品剧情设定查询与同人创作讨论,2025搜索随机1w,2026搜索,275,29,10000,9999,2.75,0.29,-2.46,-2.81,-2.132,True,共有
20,影视剧演员表查询,2025搜索随机1w,2026搜索,422,144,10000,9999,4.22,1.44,-2.78,-3.245,-2.326,True,共有
22,影视动漫及娱乐视频查询,2025搜索随机1w,2026搜索,93,45,10000,9999,0.93,0.45,-0.48,-0.717,-0.252,True,共有
23,App下载安装渠道查询,2025搜索随机1w,2026搜索,118,44,10000,9999,1.18,0.44,-0.74,-0.997,-0.495,True,共有
24,查询直播平台与节目播出信息,2025搜索随机1w,2026搜索,120,50,10000,9999,1.2,0.5,-0.7,-0.962,-0.448,True,共有
25,查询哔哩哔哩平台入口及相关内容,2025搜索随机1w,2026搜索,59,36,10000,9999,0.59,0.36,-0.23,-0.427,-0.039,True,共有
26,查询影视综艺免费观看资源,2025搜索随机1w,2026搜索,260,153,10000,9999,2.6,1.53,-1.07,-1.468,-0.677,True,共有
27,快手应用下载与使用查询,2025搜索随机1w,2026搜索,83,29,10000,9999,0.83,0.29,-0.54,-0.756,-0.336,True,共有
28,查询完整版视频免费观看资源,2025搜索随机1w,2026搜索,174,265,10000,9999,1.74,2.65,0.91,0.505,1.32,True,共有
29,免费影视观看查询,2025搜索随机1w,2026搜索,223,127,10000,9999,2.23,1.27,-0.96,-1.328,-0.598,True,共有
3,查询影视剧名称与详情,2025搜索随机1w,2026搜索,340,39,10000,9999,3.4,0.39,-3.01,-3.398,-2.643,True,共有
30,影视全集免费观看查询,2025搜索随机1w,2026搜索,181,271,10000,9999,1.81,2.71,0.9,0.489,1.316,True,共有
31,电影信息查询,2025搜索随机1w,2026搜索,538,449,10000,9999,5.38,4.49,-0.89,-1.492,-0.289,True,共有
32,影视在线观看渠道查询,2025搜索随机1w,2026搜索,70,179,10000,9999,0.7,1.79,1.09,0.787,1.405,True,共有
33,查询抖音功能设置与使用问题解决方法,2025搜索随机1w,2026搜索,382,7,10000,9999,3.82,0.07,-3.75,-4.145,-3.384,True,共有
34,解析抖音作品分享口令,2025搜索随机1w,2026搜索,8,1,10000,9999,0.08,0.01,-0.07,-0.148,-0.009,True,共有
36,抖音下载安装与客服查询,2025搜索随机1w,2026搜索,63,54,10000,9999,0.63,0.54,-0.09,-0.306,0.124,False,共有
37,免费电影在线观看,2025搜索随机1w,2026搜索,112,155,10000,9999,1.12,1.55,0.43,0.112,0.752,True,共有
38,在线观看电影,2025搜索随机1w,2026搜索,92,210,10000,9999,0.92,2.1,1.18,0.845,1.525,True,共有
39,免费在线观看电视剧资源查找,2025搜索随机1w,2026搜索,58,462,10000,9999,0.58,4.62,4.04,3.611,4.489,True,共有
4,查询影视剧情介绍,2025搜索随机1w,2026搜索,166,61,10000,9999,1.66,0.61,-1.05,-1.351,-0.76,True,共有
40,影视在线观看查询,2025搜索随机1w,2026搜索,190,361,10000,9999,1.9,3.61,1.71,1.259,2.168,True,共有
41,查询女性相关视频,2025搜索随机1w,2026搜索,195,181,10000,9999,1.95,1.81,-0.14,-0.518,0.238,False,共有
42,影视作品资源与剧情查询,2025搜索随机1w,2026搜索,133,212,10000,9999,1.33,2.12,0.79,0.43,1.156,True,共有
43,少女少年影视资源查询,2025搜索随机1w,2026搜索,83,93,10000,9999,0.83,0.93,0.1,-0.161,0.362,False,共有
44,查询姐姐/姐妹相关影视与人物信息,2025搜索随机1w,2026搜索,51,76,10000,9999,0.51,0.76,0.25,0.029,0.476,True,共有
45,美字相关影视视频与美容内容查询,2025搜索随机1w,2026搜索,120,95,10000,9999,1.2,0.95,-0.25,-0.54,0.037,False,共有
46,影视视频搜索播放,2025搜索随机1w,2026搜索,699,1095,10000,9999,6.99,10.951,3.961,3.172,4.753,True,共有
48,第三季影视免费在线观看查询,2025搜索随机1w,2026搜索,100,120,10000,9999,1.0,1.2,0.2,-0.09,0.493,False,共有
49,第一季影视动漫观看资源查询,2025搜索随机1w,2026搜索,104,263,10000,9999,1.04,2.63,1.59,1.222,1.969,True,共有
5,短剧免费全集观看查询,2025搜索随机1w,2026搜索,96,24,10000,9999,0.96,0.24,-0.72,-0.945,-0.511,True,共有
50,查询影视动漫第二季在线观看资源,2025搜索随机1w,2026搜索,138,164,10000,9999,1.38,1.64,0.26,-0.079,0.601,False,共有
51,指定季数影视综免费在线观看查询,2025搜索随机1w,2026搜索,62,129,10000,9999,0.62,1.29,0.67,0.403,0.947,True,共有
52,奔跑吧各季节目查询观看,2025搜索随机1w,2026搜索,35,47,10000,9999,0.35,0.47,0.12,-0.059,0.303,False,共有
53,查询电视剧,2025搜索随机1w,2026搜索,323,651,10000,9999,3.23,6.511,3.281,2.688,3.88,True,共有
54,短剧查询与在线观看,2025搜索随机1w,2026搜索,183,29,10000,9999,1.83,0.29,-1.54,-1.835,-1.265,True,共有
55,韩剧在线观看资源查询,2025搜索随机1w,2026搜索,85,304,10000,9999,0.85,3.04,2.19,1.814,2.581,True,共有
56,央视直播频道查询,2025搜索随机1w,2026搜索,78,299,10000,9999,0.78,2.99,2.21,1.84,2.595,True,共有
57,电视节目表查询,2025搜索随机1w,2026搜索,56,96,10000,9999,0.56,0.96,0.4,0.16,0.647,True,共有
59,查询人物身份与关系结局,2025搜索随机1w,2026搜索,181,6,10000,9999,1.81,0.06,-1.75,-2.032,-1.497,True,共有
6,电视剧免费观看资源查询,2025搜索随机1w,2026搜索,170,658,10000,9999,1.7,6.581,4.881,4.338,5.436,True,共有
60,查找视频,2025搜索随机1w,2026搜索,478,146,10000,9999,4.78,1.46,-3.32,-3.807,-2.845,True,共有
61,查询视频平台与播放器访问入口,2025搜索随机1w,2026搜索,73,53,10000,9999,0.73,0.53,-0.2,-0.424,0.021,False,共有
7,查询含“爱”字影视资源,2025搜索随机1w,2026搜索,74,123,10000,9999,0.74,1.23,0.49,0.217,0.769,True,共有
8,查询电视剧《逆爱》在线观看资源,2025搜索随机1w,2026搜索,54,11,10000,9999,0.54,0.11,-0.43,-0.601,-0.277,True,共有
9,查询电视剧《爱情有烟火》免费观看资源,2025搜索随机1w,2026搜索,18,107,10000,9999,0.18,1.07,0.89,0.679,1.121,True,共有
0,查询剧情结局,2025搜索随机1w,2026搜索随机1w,195,152,10000,10000,1.95,1.52,-0.43,-0.795,-0.068,True,共有
1,查询影视剧集数与情节所在集数,2025搜索随机1w,2026搜索随机1w,360,314,10000,10000,3.6,3.14,-0.46,-0.962,0.041,False,共有
10,查询爱情题材影视与情感类片段,2025搜索随机1w,2026搜索随机1w,73,80,10000,10000,0.73,0.8,0.07,-0.174,0.315,False,共有
11,泰剧资源与观看渠道查询,2025搜索随机1w,2026搜索随机1w,38,71,10000,10000,0.38,0.71,0.33,0.126,0.541,True,共有
12,含“恋”影视与词条内容查找,2025搜索随机1w,2026搜索随机1w,45,49,10000,10000,0.45,0.49,0.04,-0.153,0.234,False,共有
13,奥特曼影视与角色查询,2025搜索随机1w,2026搜索随机1w,64,77,10000,10000,0.64,0.77,0.13,-0.104,0.366,False,共有
14,鬼灭之刃等惊悚悬疑影视在线观看查询,2025搜索随机1w,2026搜索随机1w,256,273,10000,10000,2.56,2.73,0.17,-0.276,0.617,False,共有
15,查找儿童动画片视频,2025搜索随机1w,2026搜索随机1w,393,395,10000,10000,3.93,3.95,0.02,-0.52,0.56,False,共有
16,查询影视动漫游戏作品信息,2025搜索随机1w,2026搜索随机1w,397,319,10000,10000,3.97,3.19,-0.78,-1.297,-0.265,True,共有
17,动画片查询观看,2025搜索随机1w,2026搜索随机1w,121,125,10000,10000,1.21,1.25,0.04,-0.268,0.348,False,共有
18,动漫免费在线观看,2025搜索随机1w,2026搜索随机1w,229,299,10000,10000,2.29,2.99,0.7,0.256,1.147,True,共有
19,获取或生成视频,2025搜索随机1w,2026搜索随机1w,213,204,10000,10000,2.13,2.04,-0.09,-0.488,0.307,False,共有
2,虚构作品剧情设定查询与同人创作讨论,2025搜索随机1w,2026搜索随机1w,275,239,10000,10000,2.75,2.39,-0.36,-0.801,0.079,False,共有
20,影视剧演员表查询,2025搜索随机1w,2026搜索随机1w,422,352,10000,10000,4.22,3.52,-0.7,-1.237,-0.165,True,共有
22,影视动漫及娱乐视频查询,2025搜索随机1w,2026搜索随机1w,93,120,10000,10000,0.93,1.2,0.27,-0.015,0.558,False,共有
23,App下载安装渠道查询,2025搜索随机1w,2026搜索随机1w,118,109,10000,10000,1.18,1.09,-0.09,-0.386,0.205,False,共有
24,查询直播平台与节目播出信息,2025搜索随机1w,2026搜索随机1w,120,94,10000,10000,1.2,0.94,-0.26,-0.549,0.026,False,共有
25,查询哔哩哔哩平台入口及相关内容,2025搜索随机1w,2026搜索随机1w,59,46,10000,10000,0.59,0.46,-0.13,-0.335,0.072,False,共有
26,查询影视综艺免费观看资源,2025搜索随机1w,2026搜索随机1w,260,269,10000,10000,2.6,2.69,0.09,-0.356,0.536,False,共有
27,快手应用下载与使用查询,2025搜索随机1w,2026搜索随机1w,83,51,10000,10000,0.83,0.51,-0.32,-0.552,-0.094,True,共有
28,查询完整版视频免费观看资源,2025搜索随机1w,2026搜索随机1w,174,169,10000,10000,1.74,1.69,-0.05,-0.412,0.312,False,共有
29,免费影视观看查询,2025搜索随机1w,2026搜索随机1w,223,181,10000,10000,2.23,1.81,-0.42,-0.813,-0.03,True,共有
3,查询影视剧名称与详情,2025搜索随机1w,2026搜索随机1w,340,263,10000,10000,3.4,2.63,-0.77,-1.247,-0.296,True,共有
30,影视全集免费观看查询,2025搜索随机1w,2026搜索随机1w,181,207,10000,10000,1.81,2.07,0.26,-0.123,0.645,False,共有
31,电影信息查询,2025搜索随机1w,2026搜索随机1w,538,628,10000,10000,5.38,6.28,0.9,0.251,1.551,True,共有
32,影视在线观看渠道查询,2025搜索随机1w,2026搜索随机1w,70,71,10000,10000,0.7,0.71,0.01,-0.225,0.245,False,共有
33,查询抖音功能设置与使用问题解决方法,2025搜索随机1w,2026搜索随机1w,382,250,10000,10000,3.82,2.5,-1.32,-1.808,-0.836,True,共有
34,解析抖音作品分享口令,2025搜索随机1w,2026搜索随机1w,8,50,10000,10000,0.08,0.5,0.42,0.277,0.583,True,共有
36,抖音下载安装与客服查询,2025搜索随机1w,2026搜索随机1w,63,64,10000,10000,0.63,0.64,0.01,-0.213,0.233,False,共有
37,免费电影在线观看,2025搜索随机1w,2026搜索随机1w,112,117,10000,10000,1.12,1.17,0.05,-0.247,0.347,False,共有
38,在线观看电影,2025搜索随机1w,2026搜索随机1w,92,146,10000,10000,0.92,1.46,0.54,0.24,0.846,True,共有
39,免费在线观看电视剧资源查找,2025搜索随机1w,2026搜索随机1w,58,97,10000,10000,0.58,0.97,0.39,0.147,0.639,True,共有
4,查询影视剧情介绍,2025搜索随机1w,2026搜索随机1w,166,105,10000,10000,1.66,1.05,-0.61,-0.935,-0.29,True,共有
40,影视在线观看查询,2025搜索随机1w,2026搜索随机1w,190,281,10000,10000,1.9,2.81,0.91,0.491,1.334,True,共有
41,查询女性相关视频,2025搜索随机1w,2026搜索随机1w,195,233,10000,10000,1.95,2.33,0.38,-0.022,0.784,False,共有
42,影视作品资源与剧情查询,2025搜索随机1w,2026搜索随机1w,133,135,10000,10000,1.33,1.35,0.02,-0.301,0.341,False,共有
43,少女少年影视资源查询,2025搜索随机1w,2026搜索随机1w,83,82,10000,10000,0.83,0.82,-0.01,-0.264,0.243,False,共有
44,查询姐姐/姐妹相关影视与人物信息,2025搜索随机1w,2026搜索随机1w,51,63,10000,10000,0.51,0.63,0.12,-0.091,0.333,False,共有
45,美字相关影视视频与美容内容查询,2025搜索随机1w,2026搜索随机1w,120,137,10000,10000,1.2,1.37,0.17,-0.144,0.485,False,共有
46,影视视频搜索播放,2025搜索随机1w,2026搜索随机1w,699,679,10000,10000,6.99,6.79,-0.2,-0.903,0.503,False,共有
48,第三季影视免费在线观看查询,2025搜索随机1w,2026搜索随机1w,100,139,10000,10000,1.0,1.39,0.39,0.089,0.695,True,共有
49,第一季影视动漫观看资源查询,2025搜索随机1w,2026搜索随机1w,104,135,10000,10000,1.04,1.35,0.31,0.008,0.615,True,共有
5,短剧免费全集观看查询,2025搜索随机1w,2026搜索随机1w,96,64,10000,10000,0.96,0.64,-0.32,-0.572,-0.073,True,共有
50,查询影视动漫第二季在线观看资源,2025搜索随机1w,2026搜索随机1w,138,158,10000,10000,1.38,1.58,0.2,-0.136,0.538,False,共有
51,指定季数影视综免费在线观看查询,2025搜索随机1w,2026搜索随机1w,62,79,10000,10000,0.62,0.79,0.17,-0.063,0.406,False,共有
52,奔跑吧各季节目查询观看,2025搜索随机1w,2026搜索随机1w,35,29,10000,10000,0.35,0.29,-0.06,-0.222,0.1,False,共有
53,查询电视剧,2025搜索随机1w,2026搜索随机1w,323,352,10000,10000,3.23,3.52,0.29,-0.211,0.792,False,共有
54,短剧查询与在线观看,2025搜索随机1w,2026搜索随机1w,183,190,10000,10000,1.83,1.9,0.07,-0.307,0.447,False,共有
55,韩剧在线观看资源查询,2025搜索随机1w,2026搜索随机1w,85,166,10000,10000,0.85,1.66,0.81,0.503,1.125,True,共有
56,央视直播频道查询,2025搜索随机1w,2026搜索随机1w,78,94,10000,10000,0.78,0.94,0.16,-0.097,0.42,False,共有
57,电视节目表查询,2025搜索随机1w,2026搜索随机1w,56,52,10000,10000,0.56,0.52,-0.04,-0.247,0.166,False,共有
59,查询人物身份与关系结局,2025搜索随机1w,2026搜索随机1w,181,110,10000,10000,1.81,1.1,-0.71,-1.047,-0.379,True,共有
6,电视剧免费观看资源查询,2025搜索随机1w,2026搜索随机1w,170,132,10000,10000,1.7,1.32,-0.38,-0.721,-0.042,True,共有
60,查找视频,2025搜索随机1w,2026搜索随机1w,478,505,10000,10000,4.78,5.05,0.27,-0.33,0.87,False,共有
61,查询视频平台与播放器访问入口,2025搜索随机1w,2026搜索随机1w,73,69,10000,10000,0.73,0.69,-0.04,-0.276,0.195,False,共有
7,查询含“爱”字影视资源,2025搜索随机1w,2026搜索随机1w,74,77,10000,10000,0.74,0.77,0.03,-0.213,0.273,False,共有
8,查询电视剧《逆爱》在线观看资源,2025搜索随机1w,2026搜索随机1w,54,7,10000,10000,0.54,0.07,-0.47,-0.638,-0.324,True,共有
9,查询电视剧《爱情有烟火》免费观看资源,2025搜索随机1w,2026搜索随机1w,18,46,10000,10000,0.18,0.46,0.28,0.125,0.447,True,共有
0,查询剧情结局,2025搜索随机1w,助手头部1k,195,35,10000,955,1.95,3.665,1.715,0.656,3.127,True,共有
1,查询影视剧集数与情节所在集数,2025搜索随机1w,助手头部1k,360,16,10000,955,3.6,1.675,-1.925,-2.672,-0.839,True,共有
10,查询爱情题材影视与情感类片段,2025搜索随机1w,助手头部1k,73,12,10000,955,0.73,1.257,0.527,-0.041,1.465,False,共有
11,泰剧资源与观看渠道查询,2025搜索随机1w,助手头部1k,38,4,10000,955,0.38,0.419,0.039,-0.253,0.7,False,共有
12,含“恋”影视与词条内容查找,2025搜索随机1w,助手头部1k,45,7,10000,955,0.45,0.733,0.283,-0.124,1.064,False,共有
13,奥特曼影视与角色查询,2025搜索随机1w,助手头部1k,64,4,10000,955,0.64,0.419,-0.221,-0.532,0.446,False,共有
14,鬼灭之刃等惊悚悬疑影视在线观看查询,2025搜索随机1w,助手头部1k,256,15,10000,955,2.56,1.571,-0.989,-1.688,0.057,False,共有
15,查找儿童动画片视频,2025搜索随机1w,助手头部1k,393,28,10000,955,3.93,2.932,-0.998,-1.979,0.326,False,共有
16,查询影视动漫游戏作品信息,2025搜索随机1w,助手头部1k,397,22,10000,955,3.97,2.304,-1.666,-2.541,-0.45,True,共有
17,动画片查询观看,2025搜索随机1w,助手头部1k,121,7,10000,955,1.21,0.733,-0.477,-0.921,0.32,False,共有
18,动漫免费在线观看,2025搜索随机1w,助手头部1k,229,28,10000,955,2.29,2.932,0.642,-0.307,1.944,False,共有
19,获取或生成视频,2025搜索随机1w,助手头部1k,213,49,10000,955,2.13,5.131,3.001,1.736,4.611,True,共有
2,虚构作品剧情设定查询与同人创作讨论,2025搜索随机1w,助手头部1k,275,6,10000,955,2.75,0.628,-2.122,-2.602,-1.326,True,共有
20,影视剧演员表查询,2025搜索随机1w,助手头部1k,422,53,10000,955,4.22,5.55,1.33,-0.017,3.011,False,共有
22,影视动漫及娱乐视频查询,2025搜索随机1w,助手头部1k,93,2,10000,955,0.93,0.209,-0.721,-0.978,-0.144,True,共有
23,App下载安装渠道查询,2025搜索随机1w,助手头部1k,118,1,10000,955,1.18,0.105,-1.075,-1.322,-0.552,True,共有
24,查询直播平台与节目播出信息,2025搜索随机1w,助手头部1k,120,4,10000,955,1.2,0.419,-0.781,-1.127,-0.099,True,共有
25,查询哔哩哔哩平台入口及相关内容,2025搜索随机1w,助手头部1k,59,6,10000,955,0.59,0.628,0.038,-0.342,0.786,False,共有
26,查询影视综艺免费观看资源,2025搜索随机1w,助手头部1k,260,8,10000,955,2.6,0.838,-1.762,-2.291,-0.904,True,共有
27,快手应用下载与使用查询,2025搜索随机1w,助手头部1k,83,4,10000,955,0.83,0.419,-0.411,-0.734,0.261,False,共有
28,查询完整版视频免费观看资源,2025搜索随机1w,助手头部1k,174,13,10000,955,1.74,1.361,-0.379,-1.006,0.604,False,共有
29,免费影视观看查询,2025搜索随机1w,助手头部1k,223,3,10000,955,2.23,0.314,-1.916,-2.287,-1.252,True,共有
3,查询影视剧名称与详情,2025搜索随机1w,助手头部1k,340,18,10000,955,3.4,1.885,-1.515,-2.299,-0.389,True,共有
30,影视全集免费观看查询,2025搜索随机1w,助手头部1k,181,14,10000,955,1.81,1.466,-0.344,-0.998,0.665,False,共有
31,电影信息查询,2025搜索随机1w,助手头部1k,538,47,10000,955,5.38,4.921,-0.459,-1.744,1.16,False,共有
32,影视在线观看渠道查询,2025搜索随机1w,助手头部1k,70,19,10000,955,0.7,1.99,1.29,0.554,2.396,True,共有
33,查询抖音功能设置与使用问题解决方法,2025搜索随机1w,助手头部1k,382,2,10000,955,3.82,0.209,-3.611,-4.033,-2.953,True,共有
34,解析抖音作品分享口令,2025搜索随机1w,助手头部1k,8,0,10000,955,0.08,0.0,-0.08,-0.158,0.323,False,a独有
36,抖音下载安装与客服查询,2025搜索随机1w,助手头部1k,63,7,10000,955,0.63,0.733,0.103,-0.313,0.887,False,共有
37,免费电影在线观看,2025搜索随机1w,助手头部1k,112,3,10000,955,1.12,0.314,-0.806,-1.112,-0.172,True,共有
38,在线观看电影,2025搜索随机1w,助手头部1k,92,8,10000,955,0.92,0.838,-0.082,-0.544,0.742,False,共有
39,免费在线观看电视剧资源查找,2025搜索随机1w,助手头部1k,58,33,10000,955,0.58,3.455,2.875,1.877,4.239,True,共有
4,查询影视剧情介绍,2025搜索随机1w,助手头部1k,166,30,10000,955,1.66,3.141,1.481,0.511,2.81,True,共有
40,影视在线观看查询,2025搜索随机1w,助手头部1k,190,15,10000,955,1.9,1.571,-0.329,-1.009,0.706,False,共有
41,查询女性相关视频,2025搜索随机1w,助手头部1k,195,10,10000,955,1.95,1.047,-0.903,-1.461,0.003,False,共有
42,影视作品资源与剧情查询,2025搜索随机1w,助手头部1k,133,31,10000,955,1.33,3.246,1.916,0.935,3.257,True,共有
43,少女少年影视资源查询,2025搜索随机1w,助手头部1k,83,10,10000,955,0.83,1.047,0.217,-0.3,1.101,False,共有
44,查询姐姐/姐妹相关影视与人物信息,2025搜索随机1w,助手头部1k,51,6,10000,955,0.51,0.628,0.118,-0.257,0.864,False,共有
45,美字相关影视视频与美容内容查询,2025搜索随机1w,助手头部1k,120,13,10000,955,1.2,1.361,0.161,-0.449,1.135,False,共有
46,影视视频搜索播放,2025搜索随机1w,助手头部1k,699,122,10000,955,6.99,12.775,5.785,3.749,8.103,True,共有
48,第三季影视免费在线观看查询,2025搜索随机1w,助手头部1k,100,4,10000,955,1.0,0.419,-0.581,-0.915,0.096,False,共有
49,第一季影视动漫观看资源查询,2025搜索随机1w,助手头部1k,104,6,10000,955,1.04,0.628,-0.412,-0.816,0.346,False,共有
5,短剧免费全集观看查询,2025搜索随机1w,助手头部1k,96,5,10000,955,0.96,0.524,-0.436,-0.803,0.281,False,共有
50,查询影视动漫第二季在线观看资源,2025搜索随机1w,助手头部1k,138,7,10000,955,1.38,0.733,-0.647,-1.099,0.153,False,共有
51,指定季数影视综免费在线观看查询,2025搜索随机1w,助手头部1k,62,4,10000,955,0.62,0.419,-0.201,-0.511,0.466,False,共有
52,奔跑吧各季节目查询观看,2025搜索随机1w,助手头部1k,35,0,10000,955,0.35,0.0,-0.35,-0.486,0.063,False,a独有
53,查询电视剧,2025搜索随机1w,助手头部1k,323,47,10000,955,3.23,4.921,1.691,0.437,3.287,True,共有
54,短剧查询与在线观看,2025搜索随机1w,助手头部1k,183,34,10000,955,1.83,3.56,1.73,0.69,3.125,True,共有
55,韩剧在线观看资源查询,2025搜索随机1w,助手头部1k,85,29,10000,955,0.85,3.037,2.187,1.251,3.487,True,共有
56,央视直播频道查询,2025搜索随机1w,助手头部1k,78,6,10000,955,0.78,0.628,-0.152,-0.542,0.6,False,共有
57,电视节目表查询,2025搜索随机1w,助手头部1k,56,2,10000,955,0.56,0.209,-0.351,-0.576,0.215,False,共有
59,查询人物身份与关系结局,2025搜索随机1w,助手头部1k,181,3,10000,955,1.81,0.314,-1.496,-1.845,-0.843,True,共有
6,电视剧免费观看资源查询,2025搜索随机1w,助手头部1k,170,22,10000,955,1.7,2.304,0.604,-0.22,1.787,False,共有
60,查找视频,2025搜索随机1w,助手头部1k,478,50,10000,955,4.78,5.236,0.456,-0.861,2.106,False,共有
61,查询视频平台与播放器访问入口,2025搜索随机1w,助手头部1k,73,1,10000,955,0.73,0.105,-0.625,-0.831,-0.117,True,共有
7,查询含“爱”字影视资源,2025搜索随机1w,助手头部1k,74,17,10000,955,0.74,1.78,1.04,0.348,2.103,True,共有
8,查询电视剧《逆爱》在线观看资源,2025搜索随机1w,助手头部1k,54,2,10000,955,0.54,0.209,-0.331,-0.554,0.235,False,共有
9,查询电视剧《爱情有烟火》免费观看资源,2025搜索随机1w,助手头部1k,18,1,10000,955,0.18,0.105,-0.075,-0.211,0.415,False,共有
0,查询剧情结局,2025搜索随机1w,助手随机1k,195,23,10000,982,1.95,2.342,0.392,-0.437,1.568,False,共有
1,查询影视剧集数与情节所在集数,2025搜索随机1w,助手随机1k,360,43,10000,982,3.6,4.379,0.779,-0.397,2.287,False,共有
10,查询爱情题材影视与情感类片段,2025搜索随机1w,助手随机1k,73,6,10000,982,0.73,0.611,-0.119,-0.499,0.612,False,共有
11,泰剧资源与观看渠道查询,2025搜索随机1w,助手随机1k,38,1,10000,982,0.38,0.102,-0.278,-0.442,0.206,False,共有
12,含“恋”影视与词条内容查找,2025搜索随机1w,助手随机1k,45,1,10000,982,0.45,0.102,-0.348,-0.521,0.138,False,共有
13,奥特曼影视与角色查询,2025搜索随机1w,助手随机1k,64,16,10000,982,0.64,1.629,0.989,0.341,2.0,True,共有
14,鬼灭之刃等惊悚悬疑影视在线观看查询,2025搜索随机1w,助手随机1k,256,12,10000,982,2.56,1.222,-1.338,-1.954,-0.39,True,共有
15,查找儿童动画片视频,2025搜索随机1w,助手随机1k,393,47,10000,982,3.93,4.786,0.856,-0.378,2.419,False,共有
16,查询影视动漫游戏作品信息,2025搜索随机1w,助手随机1k,397,39,10000,982,3.97,3.971,0.001,-1.125,1.46,False,共有
17,动画片查询观看,2025搜索随机1w,助手随机1k,121,12,10000,982,1.21,1.222,0.012,-0.56,0.935,False,共有
18,动漫免费在线观看,2025搜索随机1w,助手随机1k,229,13,10000,982,2.29,1.324,-0.966,-1.597,0.002,False,共有
19,获取或生成视频,2025搜索随机1w,助手随机1k,213,75,10000,982,2.13,7.637,5.507,3.976,7.358,True,共有
2,虚构作品剧情设定查询与同人创作讨论,2025搜索随机1w,助手随机1k,275,188,10000,982,2.75,19.145,16.395,14.031,18.991,True,共有
20,影视剧演员表查询,2025搜索随机1w,助手随机1k,422,35,10000,982,4.22,3.564,-0.656,-1.729,0.748,False,共有
22,影视动漫及娱乐视频查询,2025搜索随机1w,助手随机1k,93,6,10000,982,0.93,0.611,-0.319,-0.71,0.417,False,共有
23,App下载安装渠道查询,2025搜索随机1w,助手随机1k,118,3,10000,982,1.18,0.305,-0.875,-1.181,-0.255,True,共有
24,查询直播平台与节目播出信息,2025搜索随机1w,助手随机1k,120,6,10000,982,1.2,0.611,-0.589,-0.993,0.153,False,共有
25,查询哔哩哔哩平台入口及相关内容,2025搜索随机1w,助手随机1k,59,5,10000,982,0.59,0.509,-0.081,-0.418,0.609,False,共有
26,查询影视综艺免费观看资源,2025搜索随机1w,助手随机1k,260,18,10000,982,2.6,1.833,-0.767,-1.515,0.319,False,共有
27,快手应用下载与使用查询,2025搜索随机1w,助手随机1k,83,6,10000,982,0.83,0.611,-0.219,-0.604,0.514,False,共有
28,查询完整版视频免费观看资源,2025搜索随机1w,助手随机1k,174,4,10000,982,1.74,0.407,-1.333,-1.704,-0.654,True,共有
29,免费影视观看查询,2025搜索随机1w,助手随机1k,223,9,10000,982,2.23,0.916,-1.314,-1.846,-0.453,True,共有
3,查询影视剧名称与详情,2025搜索随机1w,助手随机1k,340,52,10000,982,3.4,5.295,1.895,0.606,3.514,True,共有
30,影视全集免费观看查询,2025搜索随机1w,助手随机1k,181,8,10000,982,1.81,0.815,-0.995,-1.485,-0.174,True,共有
31,电影信息查询,2025搜索随机1w,助手随机1k,538,41,10000,982,5.38,4.175,-1.205,-2.381,0.297,False,共有
32,影视在线观看渠道查询,2025搜索随机1w,助手随机1k,70,3,10000,982,0.7,0.305,-0.395,-0.667,0.212,False,共有
33,查询抖音功能设置与使用问题解决方法,2025搜索随机1w,助手随机1k,382,25,10000,982,3.82,2.546,-1.274,-2.18,-0.036,True,共有
34,解析抖音作品分享口令,2025搜索随机1w,助手随机1k,8,2,10000,982,0.08,0.204,0.124,-0.043,0.661,False,共有
36,抖音下载安装与客服查询,2025搜索随机1w,助手随机1k,63,0,10000,982,0.63,0.0,-0.63,-0.805,-0.217,True,a独有
37,免费电影在线观看,2025搜索随机1w,助手随机1k,112,0,10000,982,1.12,0.0,-1.12,-1.346,-0.687,True,a独有
38,在线观看电影,2025搜索随机1w,助手随机1k,92,5,10000,982,0.92,0.509,-0.411,-0.768,0.287,False,共有
39,免费在线观看电视剧资源查找,2025搜索随机1w,助手随机1k,58,0,10000,982,0.58,0.0,-0.58,-0.749,-0.169,True,a独有
4,查询影视剧情介绍,2025搜索随机1w,助手随机1k,166,13,10000,982,1.66,1.324,-0.336,-0.947,0.62,False,共有
40,影视在线观看查询,2025搜索随机1w,助手随机1k,190,3,10000,982,1.9,0.305,-1.595,-1.945,-0.955,True,共有
41,查询女性相关视频,2025搜索随机1w,助手随机1k,195,19,10000,982,1.95,1.935,-0.015,-0.766,1.082,False,共有
42,影视作品资源与剧情查询,2025搜索随机1w,助手随机1k,133,16,10000,982,1.33,1.629,0.299,-0.371,1.321,False,共有
43,少女少年影视资源查询,2025搜索随机1w,助手随机1k,83,1,10000,982,0.83,0.102,-0.728,-0.943,-0.229,True,共有
44,查询姐姐/姐妹相关影视与人物信息,2025搜索随机1w,助手随机1k,51,6,10000,982,0.51,0.611,0.101,-0.266,0.827,False,共有
45,美字相关影视视频与美容内容查询,2025搜索随机1w,助手随机1k,120,8,10000,982,1.2,0.815,-0.385,-0.849,0.423,False,共有
46,影视视频搜索播放,2025搜索随机1w,助手随机1k,699,70,10000,982,6.99,7.128,0.138,-1.399,1.985,False,共有
48,第三季影视免费在线观看查询,2025搜索随机1w,助手随机1k,100,8,10000,982,1.0,0.815,-0.185,-0.64,0.619,False,共有
49,第一季影视动漫观看资源查询,2025搜索随机1w,助手随机1k,104,3,10000,982,1.04,0.305,-0.735,-1.032,-0.119,True,共有
5,短剧免费全集观看查询,2025搜索随机1w,助手随机1k,96,3,10000,982,0.96,0.305,-0.655,-0.946,-0.041,True,共有
50,查询影视动漫第二季在线观看资源,2025搜索随机1w,助手随机1k,138,8,10000,982,1.38,0.815,-0.565,-1.037,0.247,False,共有
51,指定季数影视综免费在线观看查询,2025搜索随机1w,助手随机1k,62,3,10000,982,0.62,0.305,-0.315,-0.581,0.29,False,共有
52,奔跑吧各季节目查询观看,2025搜索随机1w,助手随机1k,35,1,10000,982,0.35,0.102,-0.248,-0.408,0.235,False,共有
53,查询电视剧,2025搜索随机1w,助手随机1k,323,30,10000,982,3.23,3.055,-0.175,-1.152,1.139,False,共有
54,短剧查询与在线观看,2025搜索随机1w,助手随机1k,183,18,10000,982,1.83,1.833,0.003,-0.724,1.077,False,共有
55,韩剧在线观看资源查询,2025搜索随机1w,助手随机1k,85,6,10000,982,0.85,0.611,-0.239,-0.625,0.495,False,共有
56,央视直播频道查询,2025搜索随机1w,助手随机1k,78,5,10000,982,0.78,0.509,-0.271,-0.62,0.424,False,共有
57,电视节目表查询,2025搜索随机1w,助手随机1k,56,6,10000,982,0.56,0.611,0.051,-0.319,0.778,False,共有
59,查询人物身份与关系结局,2025搜索随机1w,助手随机1k,181,18,10000,982,1.81,1.833,0.023,-0.704,1.097,False,共有
6,电视剧免费观看资源查询,2025搜索随机1w,助手随机1k,170,3,10000,982,1.7,0.305,-1.395,-1.733,-0.76,True,共有
60,查找视频,2025搜索随机1w,助手随机1k,478,19,10000,982,4.78,1.935,-2.845,-3.664,-1.705,True,共有
61,查询视频平台与播放器访问入口,2025搜索随机1w,助手随机1k,73,3,10000,982,0.73,0.305,-0.425,-0.699,0.183,False,共有
7,查询含“爱”字影视资源,2025搜索随机1w,助手随机1k,74,4,10000,982,0.74,0.407,-0.333,-0.644,0.32,False,共有
8,查询电视剧《逆爱》在线观看资源,2025搜索随机1w,助手随机1k,54,3,10000,982,0.54,0.305,-0.235,-0.494,0.368,False,共有
9,查询电视剧《爱情有烟火》免费观看资源,2025搜索随机1w,助手随机1k,18,1,10000,982,0.18,0.102,-0.078,-0.212,0.399,False,共有
0,查询剧情结局,2025搜索随机1w,助手语音头部1k,195,2,10000,999,1.95,0.2,-1.75,-2.074,-1.165,True,共有
1,查询影视剧集数与情节所在集数,2025搜索随机1w,助手语音头部1k,360,1,10000,999,3.6,0.1,-3.5,-3.892,-2.92,True,共有
10,查询爱情题材影视与情感类片段,2025搜索随机1w,助手语音头部1k,73,7,10000,999,0.73,0.701,-0.029,-0.436,0.724,False,共有
11,泰剧资源与观看渠道查询,2025搜索随机1w,助手语音头部1k,38,4,10000,999,0.38,0.4,0.02,-0.262,0.653,False,共有
12,含“恋”影视与词条内容查找,2025搜索随机1w,助手语音头部1k,45,3,10000,999,0.45,0.3,-0.15,-0.399,0.44,False,共有
13,奥特曼影视与角色查询,2025搜索随机1w,助手语音头部1k,64,12,10000,999,0.64,1.201,0.561,0.019,1.459,True,共有
14,鬼灭之刃等惊悚悬疑影视在线观看查询,2025搜索随机1w,助手语音头部1k,256,56,10000,999,2.56,5.606,3.046,1.74,4.676,True,共有
15,查找儿童动画片视频,2025搜索随机1w,助手语音头部1k,393,53,10000,999,3.93,5.305,1.375,0.086,2.986,True,共有
16,查询影视动漫游戏作品信息,2025搜索随机1w,助手语音头部1k,397,39,10000,999,3.97,3.904,-0.066,-1.176,1.369,False,共有
17,动画片查询观看,2025搜索随机1w,助手语音头部1k,121,8,10000,999,1.21,0.801,-0.409,-0.868,0.387,False,共有
18,动漫免费在线观看,2025搜索随机1w,助手语音头部1k,229,2,10000,999,2.29,0.2,-2.09,-2.434,-1.495,True,共有
19,获取或生成视频,2025搜索随机1w,助手语音头部1k,213,11,10000,999,2.13,1.101,-1.029,-1.6,-0.129,True,共有
2,虚构作品剧情设定查询与同人创作讨论,2025搜索随机1w,助手语音头部1k,275,0,10000,999,2.75,0.0,-2.75,-3.089,-2.262,True,a独有
20,影视剧演员表查询,2025搜索随机1w,助手语音头部1k,422,7,10000,999,4.22,0.701,-3.519,-4.067,-2.69,True,共有
22,影视动漫及娱乐视频查询,2025搜索随机1w,助手语音头部1k,93,1,10000,999,0.93,0.1,-0.83,-1.054,-0.335,True,共有
23,App下载安装渠道查询,2025搜索随机1w,助手语音头部1k,118,3,10000,999,1.18,0.3,-0.88,-1.184,-0.269,True,共有
24,查询直播平台与节目播出信息,2025搜索随机1w,助手语音头部1k,120,7,10000,999,1.2,0.701,-0.499,-0.929,0.265,False,共有
25,查询哔哩哔哩平台入口及相关内容,2025搜索随机1w,助手语音头部1k,59,6,10000,999,0.59,0.601,0.011,-0.356,0.726,False,共有
26,查询影视综艺免费观看资源,2025搜索随机1w,助手语音头部1k,260,9,10000,999,2.6,0.901,-1.699,-2.238,-0.844,True,共有
27,快手应用下载与使用查询,2025搜索随机1w,助手语音头部1k,83,6,10000,999,0.83,0.601,-0.229,-0.61,0.492,False,共有
28,查询完整版视频免费观看资源,2025搜索随机1w,助手语音头部1k,174,22,10000,999,1.74,2.202,0.462,-0.331,1.597,False,共有
29,免费影视观看查询,2025搜索随机1w,助手语音头部1k,223,12,10000,999,2.23,1.201,-1.029,-1.627,-0.102,True,共有
3,查询影视剧名称与详情,2025搜索随机1w,助手语音头部1k,340,4,10000,999,3.4,0.4,-3.0,-3.446,-2.29,True,共有
30,影视全集免费观看查询,2025搜索随机1w,助手语音头部1k,181,29,10000,999,1.81,2.903,1.093,0.175,2.352,True,共有
31,电影信息查询,2025搜索随机1w,助手语音头部1k,538,48,10000,999,5.38,4.805,-0.575,-1.825,0.992,False,共有
32,影视在线观看渠道查询,2025搜索随机1w,助手语音头部1k,70,15,10000,999,0.7,1.502,0.802,0.184,1.774,True,共有
33,查询抖音功能设置与使用问题解决方法,2025搜索随机1w,助手语音头部1k,382,1,10000,999,3.82,0.1,-3.72,-4.122,-3.133,True,共有
34,解析抖音作品分享口令,2025搜索随机1w,助手语音头部1k,8,1,10000,999,0.08,0.1,0.02,-0.093,0.486,False,共有
36,抖音下载安装与客服查询,2025搜索随机1w,助手语音头部1k,63,8,10000,999,0.63,0.801,0.171,-0.261,0.954,False,共有
37,免费电影在线观看,2025搜索随机1w,助手语音头部1k,112,11,10000,999,1.12,1.101,-0.019,-0.554,0.861,False,共有
38,在线观看电影,2025搜索随机1w,助手语音头部1k,92,4,10000,999,0.92,0.4,-0.52,-0.84,0.127,False,共有
39,免费在线观看电视剧资源查找,2025搜索随机1w,助手语音头部1k,58,59,10000,999,0.58,5.906,5.326,4.015,6.969,True,共有
4,查询影视剧情介绍,2025搜索随机1w,助手语音头部1k,166,3,10000,999,1.66,0.3,-1.36,-1.694,-0.736,True,共有
40,影视在线观看查询,2025搜索随机1w,助手语音头部1k,190,27,10000,999,1.9,2.703,0.803,-0.084,2.029,False,共有
41,查询女性相关视频,2025搜索随机1w,助手语音头部1k,195,18,10000,999,1.95,1.802,-0.148,-0.868,0.911,False,共有
42,影视作品资源与剧情查询,2025搜索随机1w,助手语音头部1k,133,36,10000,999,1.33,3.604,2.274,1.255,3.634,True,共有
43,少女少年影视资源查询,2025搜索随机1w,助手语音头部1k,83,13,10000,999,0.83,1.301,0.471,-0.103,1.398,False,共有
44,查询姐姐/姐妹相关影视与人物信息,2025搜索随机1w,助手语音头部1k,51,15,10000,999,0.51,1.502,0.992,0.381,1.96,True,共有
45,美字相关影视视频与美容内容查询,2025搜索随机1w,助手语音头部1k,120,15,10000,999,1.2,1.502,0.302,-0.332,1.282,False,共有
46,影视视频搜索播放,2025搜索随机1w,助手语音头部1k,699,195,10000,999,6.99,19.52,12.53,10.134,15.147,True,共有
48,第三季影视免费在线观看查询,2025搜索随机1w,助手语音头部1k,100,21,10000,999,1.0,2.102,1.102,0.348,2.206,True,共有
49,第一季影视动漫观看资源查询,2025搜索随机1w,助手语音头部1k,104,1,10000,999,1.04,0.1,-0.94,-1.173,-0.441,True,共有
5,短剧免费全集观看查询,2025搜索随机1w,助手语音头部1k,96,2,10000,999,0.96,0.2,-0.76,-1.016,-0.205,True,共有
50,查询影视动漫第二季在线观看资源,2025搜索随机1w,助手语音头部1k,138,2,10000,999,1.38,0.2,-1.18,-1.467,-0.612,True,共有
51,指定季数影视综免费在线观看查询,2025搜索随机1w,助手语音头部1k,62,1,10000,999,0.62,0.1,-0.52,-0.712,-0.036,True,共有
52,奔跑吧各季节目查询观看,2025搜索随机1w,助手语音头部1k,35,4,10000,999,0.35,0.4,0.05,-0.23,0.683,False,共有
53,查询电视剧,2025搜索随机1w,助手语音头部1k,323,23,10000,999,3.23,2.302,-0.928,-1.774,0.248,False,共有
54,短剧查询与在线观看,2025搜索随机1w,助手语音头部1k,183,2,10000,999,1.83,0.2,-1.63,-1.947,-1.049,True,共有
55,韩剧在线观看资源查询,2025搜索随机1w,助手语音头部1k,85,37,10000,999,0.85,3.704,2.854,1.829,4.223,True,共有
56,央视直播频道查询,2025搜索随机1w,助手语音头部1k,78,47,10000,999,0.78,4.705,3.925,2.76,5.428,True,共有
57,电视节目表查询,2025搜索随机1w,助手语音头部1k,56,6,10000,999,0.56,0.601,0.041,-0.325,0.756,False,共有
59,查询人物身份与关系结局,2025搜索随机1w,助手语音头部1k,181,1,10000,999,1.81,0.1,-1.71,-2.002,-1.185,True,共有
6,电视剧免费观看资源查询,2025搜索随机1w,助手语音头部1k,170,29,10000,999,1.7,2.903,1.203,0.287,2.46,True,共有
60,查找视频,2025搜索随机1w,助手语音头部1k,478,24,10000,999,4.78,2.402,-2.378,-3.273,-1.162,True,共有
61,查询视频平台与播放器访问入口,2025搜索随机1w,助手语音头部1k,73,2,10000,999,0.73,0.2,-0.53,-0.766,0.018,False,共有
7,查询含“爱”字影视资源,2025搜索随机1w,助手语音头部1k,74,10,10000,999,0.74,1.001,0.261,-0.233,1.106,False,共有
8,查询电视剧《逆爱》在线观看资源,2025搜索随机1w,助手语音头部1k,54,1,10000,999,0.54,0.1,-0.44,-0.623,0.042,False,共有
9,查询电视剧《爱情有烟火》免费观看资源,2025搜索随机1w,助手语音头部1k,18,13,10000,999,0.18,1.301,1.121,0.572,2.036,True,共有
0,查询剧情结局,2025搜索随机1w,助手语音随机1k,195,9,10000,1000,1.95,0.9,-1.05,-1.565,-0.209,True,共有
1,查询影视剧集数与情节所在集数,2025搜索随机1w,助手语音随机1k,360,25,10000,1000,3.6,2.5,-1.1,-1.988,0.115,False,共有
10,查询爱情题材影视与情感类片段,2025搜索随机1w,助手语音随机1k,73,8,10000,1000,0.73,0.8,0.07,-0.366,0.855,False,共有
11,泰剧资源与观看渠道查询,2025搜索随机1w,助手语音随机1k,38,5,10000,1000,0.38,0.5,0.12,-0.199,0.793,False,共有
12,含“恋”影视与词条内容查找,2025搜索随机1w,助手语音随机1k,45,6,10000,1000,0.45,0.6,0.15,-0.208,0.862,False,共有
13,奥特曼影视与角色查询,2025搜索随机1w,助手语音随机1k,64,22,10000,1000,0.64,2.2,1.56,0.797,2.677,True,共有
14,鬼灭之刃等惊悚悬疑影视在线观看查询,2025搜索随机1w,助手语音随机1k,256,24,10000,1000,2.56,2.4,-0.16,-1.008,1.023,False,共有
15,查找儿童动画片视频,2025搜索随机1w,助手语音随机1k,393,86,10000,1000,3.93,8.6,4.67,3.037,6.604,True,共有
16,查询影视动漫游戏作品信息,2025搜索随机1w,助手语音随机1k,397,60,10000,1000,3.97,6.0,2.03,0.66,3.717,True,共有
17,动画片查询观看,2025搜索随机1w,助手语音随机1k,121,16,10000,1000,1.21,1.6,0.39,-0.266,1.393,False,共有
18,动漫免费在线观看,2025搜索随机1w,助手语音随机1k,229,8,10000,1000,2.29,0.8,-1.49,-1.993,-0.672,True,共有
19,获取或生成视频,2025搜索随机1w,助手语音随机1k,213,35,10000,1000,2.13,3.5,1.37,0.351,2.725,True,共有
2,虚构作品剧情设定查询与同人创作讨论,2025搜索随机1w,助手语音随机1k,275,37,10000,1000,2.75,3.7,0.95,-0.11,2.342,False,共有
20,影视剧演员表查询,2025搜索随机1w,助手语音随机1k,422,49,10000,1000,4.22,4.9,0.68,-0.564,2.245,False,共有
22,影视动漫及娱乐视频查询,2025搜索随机1w,助手语音随机1k,93,6,10000,1000,0.93,0.6,-0.33,-0.716,0.393,False,共有
23,App下载安装渠道查询,2025搜索随机1w,助手语音随机1k,118,4,10000,1000,1.18,0.4,-0.78,-1.116,-0.127,True,共有
24,查询直播平台与节目播出信息,2025搜索随机1w,助手语音随机1k,120,8,10000,1000,1.2,0.8,-0.4,-0.858,0.395,False,共有
25,查询哔哩哔哩平台入口及相关内容,2025搜索随机1w,助手语音随机1k,59,3,10000,1000,0.59,0.3,-0.29,-0.551,0.303,False,共有
26,查询影视综艺免费观看资源,2025搜索随机1w,助手语音随机1k,260,19,10000,1000,2.6,1.9,-0.7,-1.456,0.389,False,共有
27,快手应用下载与使用查询,2025搜索随机1w,助手语音随机1k,83,7,10000,1000,0.83,0.7,-0.13,-0.541,0.625,False,共有
28,查询完整版视频免费观看资源,2025搜索随机1w,助手语音随机1k,174,15,10000,1000,1.74,1.5,-0.24,-0.89,0.749,False,共有
29,免费影视观看查询,2025搜索随机1w,助手语音随机1k,223,16,10000,1000,2.23,1.6,-0.63,-1.316,0.39,False,共有
3,查询影视剧名称与详情,2025搜索随机1w,助手语音随机1k,340,28,10000,1000,3.4,2.8,-0.6,-1.534,0.663,False,共有
30,影视全集免费观看查询,2025搜索随机1w,助手语音随机1k,181,24,10000,1000,1.81,2.4,0.59,-0.241,1.762,False,共有
31,电影信息查询,2025搜索随机1w,助手语音随机1k,538,66,10000,1000,5.38,6.6,1.22,-0.233,2.983,False,共有
32,影视在线观看渠道查询,2025搜索随机1w,助手语音随机1k,70,3,10000,1000,0.7,0.3,-0.4,-0.67,0.196,False,共有
33,查询抖音功能设置与使用问题解决方法,2025搜索随机1w,助手语音随机1k,382,25,10000,1000,3.82,2.5,-1.32,-2.213,-0.102,True,共有
34,解析抖音作品分享口令,2025搜索随机1w,助手语音随机1k,8,0,10000,1000,0.08,0.0,-0.08,-0.158,0.305,False,a独有
36,抖音下载安装与客服查询,2025搜索随机1w,助手语音随机1k,63,3,10000,1000,0.63,0.3,-0.33,-0.594,0.264,False,共有
37,免费电影在线观看,2025搜索随机1w,助手语音随机1k,112,8,10000,1000,1.12,0.8,-0.32,-0.774,0.473,False,共有
38,在线观看电影,2025搜索随机1w,助手语音随机1k,92,8,10000,1000,0.92,0.8,-0.12,-0.565,0.669,False,共有
39,免费在线观看电视剧资源查找,2025搜索随机1w,助手语音随机1k,58,4,10000,1000,0.58,0.4,-0.18,-0.477,0.458,False,共有
4,查询影视剧情介绍,2025搜索随机1w,助手语音随机1k,166,6,10000,1000,1.66,0.6,-1.06,-1.482,-0.32,True,共有
40,影视在线观看查询,2025搜索随机1w,助手语音随机1k,190,9,10000,1000,1.9,0.9,-1.0,-1.513,-0.16,True,共有
41,查询女性相关视频,2025搜索随机1w,助手语音随机1k,195,21,10000,1000,1.95,2.1,0.15,-0.628,1.268,False,共有
42,影视作品资源与剧情查询,2025搜索随机1w,助手语音随机1k,133,21,10000,1000,1.33,2.1,0.77,0.007,1.878,True,共有
43,少女少年影视资源查询,2025搜索随机1w,助手语音随机1k,83,5,10000,1000,0.83,0.5,-0.33,-0.678,0.354,False,共有
44,查询姐姐/姐妹相关影视与人物信息,2025搜索随机1w,助手语音随机1k,51,7,10000,1000,0.51,0.7,0.19,-0.204,0.938,False,共有
45,美字相关影视视频与美容内容查询,2025搜索随机1w,助手语音随机1k,120,16,10000,1000,1.2,1.6,0.4,-0.256,1.402,False,共有
46,影视视频搜索播放,2025搜索随机1w,助手语音随机1k,699,93,10000,1000,6.99,9.3,2.31,0.583,4.328,True,共有
48,第三季影视免费在线观看查询,2025搜索随机1w,助手语音随机1k,100,15,10000,1000,1.0,1.5,0.5,-0.127,1.476,False,共有
49,第一季影视动漫观看资源查询,2025搜索随机1w,助手语音随机1k,104,4,10000,1000,1.04,0.4,-0.64,-0.968,0.01,False,共有
5,短剧免费全集观看查询,2025搜索随机1w,助手语音随机1k,96,2,10000,1000,0.96,0.2,-0.76,-1.016,-0.206,True,共有
50,查询影视动漫第二季在线观看资源,2025搜索随机1w,助手语音随机1k,138,8,10000,1000,1.38,0.8,-0.58,-1.046,0.219,False,共有
51,指定季数影视综免费在线观看查询,2025搜索随机1w,助手语音随机1k,62,8,10000,1000,0.62,0.8,0.18,-0.251,0.963,False,共有
52,奔跑吧各季节目查询观看,2025搜索随机1w,助手语音随机1k,35,2,10000,1000,0.35,0.2,-0.15,-0.349,0.385,False,共有
53,查询电视剧,2025搜索随机1w,助手语音随机1k,323,36,10000,1000,3.23,3.6,0.37,-0.684,1.753,False,共有
54,短剧查询与在线观看,2025搜索随机1w,助手语音随机1k,183,9,10000,1000,1.83,0.9,-0.93,-1.441,-0.092,True,共有
55,韩剧在线观看资源查询,2025搜索随机1w,助手语音随机1k,85,6,10000,1000,0.85,0.6,-0.25,-0.631,0.471,False,共有
56,央视直播频道查询,2025搜索随机1w,助手语音随机1k,78,12,10000,1000,0.78,1.2,0.42,-0.127,1.319,False,共有
57,电视节目表查询,2025搜索随机1w,助手语音随机1k,56,5,10000,1000,0.56,0.5,-0.06,-0.391,0.617,False,共有
59,查询人物身份与关系结局,2025搜索随机1w,助手语音随机1k,181,8,10000,1000,1.81,0.8,-1.01,-1.494,-0.202,True,共有
6,电视剧免费观看资源查询,2025搜索随机1w,助手语音随机1k,170,9,10000,1000,1.7,0.9,-0.8,-1.306,0.035,False,共有
60,查找视频,2025搜索随机1w,助手语音随机1k,478,44,10000,1000,4.78,4.4,-0.38,-1.569,1.129,False,共有
61,查询视频平台与播放器访问入口,2025搜索随机1w,助手语音随机1k,73,3,10000,1000,0.73,0.3,-0.43,-0.702,0.167,False,共有
7,查询含“爱”字影视资源,2025搜索随机1w,助手语音随机1k,74,10,10000,1000,0.74,1.0,0.26,-0.233,1.104,False,共有
8,查询电视剧《逆爱》在线观看资源,2025搜索随机1w,助手语音随机1k,54,0,10000,1000,0.54,0.0,-0.54,-0.704,-0.137,True,a独有
9,查询电视剧《爱情有烟火》免费观看资源,2025搜索随机1w,助手语音随机1k,18,4,10000,1000,0.18,0.4,0.22,-0.046,0.847,False,共有
0,查询剧情结局,2026搜索,2026搜索随机1w,23,152,9999,10000,0.23,1.52,1.29,1.04,1.56,True,共有
1,查询影视剧集数与情节所在集数,2026搜索,2026搜索随机1w,24,314,9999,10000,0.24,3.14,2.9,2.555,3.269,True,共有
10,查询爱情题材影视与情感类片段,2026搜索,2026搜索随机1w,105,80,9999,10000,1.05,0.8,-0.25,-0.52,0.016,False,共有
11,泰剧资源与观看渠道查询,2026搜索,2026搜索随机1w,167,71,9999,10000,1.67,0.71,-0.96,-1.268,-0.663,True,共有
12,含“恋”影视与词条内容查找,2026搜索,2026搜索随机1w,92,49,9999,10000,0.92,0.49,-0.43,-0.669,-0.199,True,共有
13,奥特曼影视与角色查询,2026搜索,2026搜索随机1w,37,77,9999,10000,0.37,0.77,0.4,0.193,0.616,True,共有
14,鬼灭之刃等惊悚悬疑影视在线观看查询,2026搜索,2026搜索随机1w,443,273,9999,10000,4.43,2.73,-1.7,-2.218,-1.187,True,共有
15,查找儿童动画片视频,2026搜索,2026搜索随机1w,172,395,9999,10000,1.72,3.95,2.23,1.774,2.695,True,共有
16,查询影视动漫游戏作品信息,2026搜索,2026搜索随机1w,282,319,9999,10000,2.82,3.19,0.37,-0.104,0.845,False,共有
17,动画片查询观看,2026搜索,2026搜索随机1w,38,125,9999,10000,0.38,1.25,0.87,0.625,1.129,True,共有
18,动漫免费在线观看,2026搜索,2026搜索随机1w,438,299,9999,10000,4.38,2.99,-1.39,-1.915,-0.869,True,共有
19,获取或生成视频,2026搜索,2026搜索随机1w,25,204,9999,10000,0.25,2.04,1.79,1.505,2.097,True,共有
2,虚构作品剧情设定查询与同人创作讨论,2026搜索,2026搜索随机1w,29,239,9999,10000,0.29,2.39,2.1,1.791,2.43,True,共有
20,影视剧演员表查询,2026搜索,2026搜索随机1w,144,352,9999,10000,1.44,3.52,2.08,1.653,2.516,True,共有
22,影视动漫及娱乐视频查询,2026搜索,2026搜索随机1w,45,120,9999,10000,0.45,1.2,0.75,0.503,1.009,True,共有
23,App下载安装渠道查询,2026搜索,2026搜索随机1w,44,109,9999,10000,0.44,1.09,0.65,0.411,0.9,True,共有
24,查询直播平台与节目播出信息,2026搜索,2026搜索随机1w,50,94,9999,10000,0.5,0.94,0.44,0.207,0.681,True,共有
25,查询哔哩哔哩平台入口及相关内容,2026搜索,2026搜索随机1w,36,46,9999,10000,0.36,0.46,0.1,-0.08,0.283,False,共有
26,查询影视综艺免费观看资源,2026搜索,2026搜索随机1w,153,269,9999,10000,1.53,2.69,1.16,0.763,1.563,True,共有
27,快手应用下载与使用查询,2026搜索,2026搜索随机1w,29,51,9999,10000,0.29,0.51,0.22,0.045,0.402,True,共有
28,查询完整版视频免费观看资源,2026搜索,2026搜索随机1w,265,169,9999,10000,2.65,1.69,-0.96,-1.368,-0.558,True,共有
29,免费影视观看查询,2026搜索,2026搜索随机1w,127,181,9999,10000,1.27,1.81,0.54,0.199,0.885,True,共有
3,查询影视剧名称与详情,2026搜索,2026搜索随机1w,39,263,9999,10000,0.39,2.63,2.24,1.911,2.588,True,共有
30,影视全集免费观看查询,2026搜索,2026搜索随机1w,271,207,9999,10000,2.71,2.07,-0.64,-1.067,-0.217,True,共有
31,电影信息查询,2026搜索,2026搜索随机1w,449,628,9999,10000,4.49,6.28,1.79,1.165,2.417,True,共有
32,影视在线观看渠道查询,2026搜索,2026搜索随机1w,179,71,9999,10000,1.79,0.71,-1.08,-1.395,-0.776,True,共有
33,查询抖音功能设置与使用问题解决方法,2026搜索,2026搜索随机1w,7,250,9999,10000,0.07,2.5,2.43,2.132,2.757,True,共有
34,解析抖音作品分享口令,2026搜索,2026搜索随机1w,1,50,9999,10000,0.01,0.5,0.49,0.361,0.649,True,共有
36,抖音下载安装与客服查询,2026搜索,2026搜索随机1w,54,64,9999,10000,0.54,0.64,0.1,-0.115,0.317,False,共有
37,免费电影在线观看,2026搜索,2026搜索随机1w,155,117,9999,10000,1.55,1.17,-0.38,-0.705,-0.059,True,共有
38,在线观看电影,2026搜索,2026搜索随机1w,210,146,9999,10000,2.1,1.46,-0.64,-1.011,-0.274,True,共有
39,免费在线观看电视剧资源查找,2026搜索,2026搜索随机1w,462,97,9999,10000,4.62,0.97,-3.65,-4.114,-3.203,True,共有
4,查询影视剧情介绍,2026搜索,2026搜索随机1w,61,105,9999,10000,0.61,1.05,0.44,0.189,0.697,True,共有
40,影视在线观看查询,2026搜索,2026搜索随机1w,361,281,9999,10000,3.61,2.81,-0.8,-1.291,-0.312,True,共有
41,查询女性相关视频,2026搜索,2026搜索随机1w,181,233,9999,10000,1.81,2.33,0.52,0.125,0.917,True,共有
42,影视作品资源与剧情查询,2026搜索,2026搜索随机1w,212,135,9999,10000,2.12,1.35,-0.77,-1.136,-0.409,True,共有
43,少女少年影视资源查询,2026搜索,2026搜索随机1w,93,82,9999,10000,0.93,0.82,-0.11,-0.372,0.15,False,共有
44,查询姐姐/姐妹相关影视与人物信息,2026搜索,2026搜索随机1w,76,63,9999,10000,0.76,0.63,-0.13,-0.365,0.102,False,共有
45,美字相关影视视频与美容内容查询,2026搜索,2026搜索随机1w,95,137,9999,10000,0.95,1.37,0.42,0.123,0.721,True,共有
46,影视视频搜索播放,2026搜索,2026搜索随机1w,1095,679,9999,10000,10.951,6.79,-4.161,-4.949,-3.376,True,共有
48,第三季影视免费在线观看查询,2026搜索,2026搜索随机1w,120,139,9999,10000,1.2,1.39,0.19,-0.125,0.506,False,共有
49,第一季影视动漫观看资源查询,2026搜索,2026搜索随机1w,263,135,9999,10000,2.63,1.35,-1.28,-1.672,-0.896,True,共有
5,短剧免费全集观看查询,2026搜索,2026搜索随机1w,24,64,9999,10000,0.24,0.64,0.4,0.219,0.593,True,共有
50,查询影视动漫第二季在线观看资源,2026搜索,2026搜索随机1w,164,158,9999,10000,1.64,1.58,-0.06,-0.411,0.29,False,共有
51,指定季数影视综免费在线观看查询,2026搜索,2026搜索随机1w,129,79,9999,10000,1.29,0.79,-0.5,-0.787,-0.22,True,共有
52,奔跑吧各季节目查询观看,2026搜索,2026搜索随机1w,47,29,9999,10000,0.47,0.29,-0.18,-0.358,-0.008,True,共有
53,查询电视剧,2026搜索,2026搜索随机1w,651,352,9999,10000,6.511,3.52,-2.991,-3.598,-2.389,True,共有
54,短剧查询与在线观看,2026搜索,2026搜索随机1w,29,190,9999,10000,0.29,1.9,1.61,1.33,1.91,True,共有
55,韩剧在线观看资源查询,2026搜索,2026搜索随机1w,304,166,9999,10000,3.04,1.66,-1.38,-1.805,-0.963,True,共有
56,央视直播频道查询,2026搜索,2026搜索随机1w,299,94,9999,10000,2.99,0.94,-2.05,-2.442,-1.671,True,共有
57,电视节目表查询,2026搜索,2026搜索随机1w,96,52,9999,10000,0.96,0.52,-0.44,-0.684,-0.203,True,共有
59,查询人物身份与关系结局,2026搜索,2026搜索随机1w,6,110,9999,10000,0.06,1.1,1.04,0.841,1.266,True,共有
6,电视剧免费观看资源查询,2026搜索,2026搜索随机1w,658,132,9999,10000,6.581,1.32,-5.261,-5.804,-4.732,True,共有
60,查找视频,2026搜索,2026搜索随机1w,146,505,9999,10000,1.46,5.05,3.59,3.105,4.087,True,共有
61,查询视频平台与播放器访问入口,2026搜索,2026搜索随机1w,53,69,9999,10000,0.53,0.69,0.16,-0.057,0.381,False,共有
7,查询含“爱”字影视资源,2026搜索,2026搜索随机1w,123,77,9999,10000,1.23,0.77,-0.46,-0.741,-0.185,True,共有
8,查询电视剧《逆爱》在线观看资源,2026搜索,2026搜索随机1w,11,7,9999,10000,0.11,0.07,-0.04,-0.134,0.049,False,共有
9,查询电视剧《爱情有烟火》免费观看资源,2026搜索,2026搜索随机1w,107,46,9999,10000,1.07,0.46,-0.61,-0.859,-0.371,True,共有
0,查询剧情结局,2026搜索,助手头部1k,23,35,9999,955,0.23,3.665,3.435,2.41,4.826,True,共有
1,查询影视剧集数与情节所在集数,2026搜索,助手头部1k,24,16,9999,955,0.24,1.675,1.435,0.783,2.467,True,共有
10,查询爱情题材影视与情感类片段,2026搜索,助手头部1k,105,12,9999,955,1.05,1.257,0.206,-0.373,1.151,False,共有
11,泰剧资源与观看渠道查询,2026搜索,助手头部1k,167,4,9999,955,1.67,0.419,-1.251,-1.624,-0.558,True,共有
12,含“恋”影视与词条内容查找,2026搜索,助手头部1k,92,7,9999,955,0.92,0.733,-0.187,-0.618,0.603,False,共有
13,奥特曼影视与角色查询,2026搜索,助手头部1k,37,4,9999,955,0.37,0.419,0.049,-0.243,0.71,False,共有
14,鬼灭之刃等惊悚悬疑影视在线观看查询,2026搜索,助手头部1k,443,15,9999,955,4.43,1.571,-2.86,-3.606,-1.784,True,共有
15,查找儿童动画片视频,2026搜索,助手头部1k,172,28,9999,955,1.72,2.932,1.212,0.275,2.507,True,共有
16,查询影视动漫游戏作品信息,2026搜索,助手头部1k,282,22,9999,955,2.82,2.304,-0.517,-1.366,0.683,False,共有
17,动画片查询观看,2026搜索,助手头部1k,38,7,9999,955,0.38,0.733,0.353,-0.05,1.132,False,共有
18,动漫免费在线观看,2026搜索,助手头部1k,438,28,9999,955,4.38,2.932,-1.449,-2.437,-0.119,True,共有
19,获取或生成视频,2026搜索,助手头部1k,25,49,9999,955,0.25,5.131,4.881,3.647,6.471,True,共有
2,虚构作品剧情设定查询与同人创作讨论,2026搜索,助手头部1k,29,6,9999,955,0.29,0.628,0.338,-0.024,1.079,False,共有
20,影视剧演员表查询,2026搜索,助手头部1k,144,53,9999,955,1.44,5.55,4.11,2.803,5.762,True,共有
22,影视动漫及娱乐视频查询,2026搜索,助手头部1k,45,2,9999,955,0.45,0.209,-0.241,-0.455,0.322,False,共有
23,App下载安装渠道查询,2026搜索,助手头部1k,44,1,9999,955,0.44,0.105,-0.335,-0.508,0.163,False,共有
24,查询直播平台与节目播出信息,2026搜索,助手头部1k,50,4,9999,955,0.5,0.419,-0.081,-0.382,0.583,False,共有
25,查询哔哩哔哩平台入口及相关内容,2026搜索,助手头部1k,36,6,9999,955,0.36,0.628,0.268,-0.099,1.011,False,共有
26,查询影视综艺免费观看资源,2026搜索,助手头部1k,153,8,9999,955,1.53,0.838,-0.692,-1.18,0.144,False,共有
27,快手应用下载与使用查询,2026搜索,助手头部1k,29,4,9999,955,0.29,0.419,0.129,-0.156,0.788,False,共有
28,查询完整版视频免费观看资源,2026搜索,助手头部1k,265,13,9999,955,2.65,1.361,-1.289,-1.944,-0.29,True,共有
29,免费影视观看查询,2026搜索,助手头部1k,127,3,9999,955,1.27,0.314,-0.956,-1.272,-0.318,True,共有
3,查询影视剧名称与详情,2026搜索,助手头部1k,39,18,9999,955,0.39,1.885,1.495,0.791,2.575,True,共有
30,影视全集免费观看查询,2026搜索,助手头部1k,271,14,9999,955,2.71,1.466,-1.244,-1.924,-0.22,True,共有
31,电影信息查询,2026搜索,助手头部1k,449,47,9999,955,4.49,4.921,0.431,-0.842,2.04,False,共有
32,影视在线观看渠道查询,2026搜索,助手头部1k,179,19,9999,955,1.79,1.99,0.199,-0.566,1.323,False,共有
33,查询抖音功能设置与使用问题解决方法,2026搜索,助手头部1k,7,2,9999,955,0.07,0.209,0.139,-0.03,0.692,False,共有
34,解析抖音作品分享口令,2026搜索,助手头部1k,1,0,9999,955,0.01,0.0,-0.01,-0.057,0.391,False,a独有
36,抖音下载安装与客服查询,2026搜索,助手头部1k,54,7,9999,955,0.54,0.733,0.193,-0.219,0.975,False,共有
37,免费电影在线观看,2026搜索,助手头部1k,155,3,9999,955,1.55,0.314,-1.236,-1.57,-0.59,True,共有
38,在线观看电影,2026搜索,助手头部1k,210,8,9999,955,2.1,0.838,-1.263,-1.773,-0.414,True,共有
39,免费在线观看电视剧资源查找,2026搜索,助手头部1k,462,33,9999,955,4.62,3.455,-1.165,-2.239,0.249,False,共有
4,查询影视剧情介绍,2026搜索,助手头部1k,61,30,9999,955,0.61,3.141,2.531,1.583,3.846,True,共有
40,影视在线观看查询,2026搜索,助手头部1k,361,15,9999,955,3.61,1.571,-2.04,-2.766,-0.976,True,共有
41,查询女性相关视频,2026搜索,助手头部1k,181,10,9999,955,1.81,1.047,-0.763,-1.317,0.14,False,共有
42,影视作品资源与剧情查询,2026搜索,助手头部1k,212,31,9999,955,2.12,3.246,1.126,0.129,2.477,True,共有
43,少女少年影视资源查询,2026搜索,助手头部1k,93,10,9999,955,0.93,1.047,0.117,-0.404,1.003,False,共有
44,查询姐姐/姐妹相关影视与人物信息,2026搜索,助手头部1k,76,6,9999,955,0.76,0.628,-0.132,-0.521,0.619,False,共有
45,美字相关影视视频与美容内容查询,2026搜索,助手头部1k,95,13,9999,955,0.95,1.361,0.411,-0.191,1.38,False,共有
46,影视视频搜索播放,2026搜索,助手头部1k,1095,122,9999,955,10.951,12.775,1.824,-0.243,4.168,False,共有
48,第三季影视免费在线观看查询,2026搜索,助手头部1k,120,4,9999,955,1.2,0.419,-0.781,-1.127,-0.1,True,共有
49,第一季影视动漫观看资源查询,2026搜索,助手头部1k,263,6,9999,955,2.63,0.628,-2.002,-2.477,-1.209,True,共有
5,短剧免费全集观看查询,2026搜索,助手头部1k,24,5,9999,955,0.24,0.524,0.284,-0.038,0.984,False,共有
50,查询影视动漫第二季在线观看资源,2026搜索,助手头部1k,164,7,9999,955,1.64,0.733,-0.907,-1.37,-0.101,True,共有
51,指定季数影视综免费在线观看查询,2026搜索,助手头部1k,129,4,9999,955,1.29,0.419,-0.871,-1.223,-0.187,True,共有
52,奔跑吧各季节目查询观看,2026搜索,助手头部1k,47,0,9999,955,0.47,0.0,-0.47,-0.624,-0.053,True,a独有
53,查询电视剧,2026搜索,助手头部1k,651,47,9999,955,6.511,4.921,-1.589,-2.89,0.041,False,共有
54,短剧查询与在线观看,2026搜索,助手头部1k,29,34,9999,955,0.29,3.56,3.27,2.261,4.647,True,共有
55,韩剧在线观看资源查询,2026搜索,助手头部1k,304,29,9999,955,3.04,3.037,-0.004,-0.984,1.326,False,共有
56,央视直播频道查询,2026搜索,助手头部1k,299,6,9999,955,2.99,0.628,-2.362,-2.852,-1.561,True,共有
57,电视节目表查询,2026搜索,助手头部1k,96,2,9999,955,0.96,0.209,-0.751,-1.011,-0.173,True,共有
59,查询人物身份与关系结局,2026搜索,助手头部1k,6,3,9999,955,0.06,0.314,0.254,0.035,0.86,True,共有
6,电视剧免费观看资源查询,2026搜索,助手头部1k,658,22,9999,955,6.581,2.304,-4.277,-5.203,-3.026,True,共有
60,查找视频,2026搜索,助手头部1k,146,50,9999,955,1.46,5.236,3.775,2.508,5.391,True,共有
61,查询视频平台与播放器访问入口,2026搜索,助手头部1k,53,1,9999,955,0.53,0.105,-0.425,-0.609,0.076,False,共有
7,查询含“爱”字影视资源,2026搜索,助手头部1k,123,17,9999,955,1.23,1.78,0.55,-0.156,1.621,False,共有
8,查询电视剧《逆爱》在线观看资源,2026搜索,助手头部1k,11,2,9999,955,0.11,0.209,0.099,-0.076,0.652,False,共有
9,查询电视剧《爱情有烟火》免费观看资源,2026搜索,助手头部1k,107,1,9999,955,1.07,0.105,-0.965,-1.203,-0.446,True,共有
0,查询剧情结局,2026搜索,助手随机1k,23,23,9999,982,0.23,2.342,2.112,1.327,3.263,True,共有
1,查询影视剧集数与情节所在集数,2026搜索,助手随机1k,24,43,9999,982,0.24,4.379,4.139,3.021,5.608,True,共有
10,查询爱情题材影视与情感类片段,2026搜索,助手随机1k,105,6,9999,982,1.05,0.611,-0.439,-0.836,0.299,False,共有
11,泰剧资源与观看渠道查询,2026搜索,助手随机1k,167,1,9999,982,1.67,0.102,-1.568,-1.851,-1.041,True,共有
12,含“恋”影视与词条内容查找,2026搜索,助手随机1k,92,1,9999,982,0.92,0.102,-0.818,-1.042,-0.316,True,共有
13,奥特曼影视与角色查询,2026搜索,助手随机1k,37,16,9999,982,0.37,1.629,1.259,0.62,2.265,True,共有
14,鬼灭之刃等惊悚悬疑影视在线观看查询,2026搜索,助手随机1k,443,12,9999,982,4.43,1.222,-3.208,-3.879,-2.228,True,共有
15,查找儿童动画片视频,2026搜索,助手随机1k,172,47,9999,982,1.72,4.786,3.066,1.866,4.605,True,共有
16,查询影视动漫游戏作品信息,2026搜索,助手随机1k,282,39,9999,982,2.82,3.971,1.151,0.044,2.596,True,共有
17,动画片查询观看,2026搜索,助手随机1k,38,12,9999,982,0.38,1.222,0.842,0.302,1.75,True,共有
18,动漫免费在线观看,2026搜索,助手随机1k,438,13,9999,982,4.38,1.324,-3.057,-3.747,-2.052,True,共有
19,获取或生成视频,2026搜索,助手随机1k,25,75,9999,982,0.25,7.637,7.387,5.882,9.22,True,共有
2,虚构作品剧情设定查询与同人创作讨论,2026搜索,助手随机1k,29,188,9999,982,0.29,19.145,18.855,16.512,21.435,True,共有
20,影视剧演员表查询,2026搜索,助手随机1k,144,35,9999,982,1.44,3.564,2.124,1.102,3.493,True,共有
22,影视动漫及娱乐视频查询,2026搜索,助手随机1k,45,6,9999,982,0.45,0.611,0.161,-0.203,0.885,False,共有
23,App下载安装渠道查询,2026搜索,助手随机1k,44,3,9999,982,0.44,0.305,-0.135,-0.386,0.465,False,共有
24,查询直播平台与节目播出信息,2026搜索,助手随机1k,50,6,9999,982,0.5,0.611,0.111,-0.256,0.837,False,共有
25,查询哔哩哔哩平台入口及相关内容,2026搜索,助手随机1k,36,5,9999,982,0.36,0.509,0.149,-0.173,0.834,False,共有
26,查询影视综艺免费观看资源,2026搜索,助手随机1k,153,18,9999,982,1.53,1.833,0.303,-0.416,1.372,False,共有
27,快手应用下载与使用查询,2026搜索,助手随机1k,29,6,9999,982,0.29,0.611,0.321,-0.033,1.042,False,共有
28,查询完整版视频免费观看资源,2026搜索,助手随机1k,265,4,9999,982,2.65,0.407,-2.243,-2.659,-1.542,True,共有
29,免费影视观看查询,2026搜索,助手随机1k,127,9,9999,982,1.27,0.916,-0.354,-0.849,0.487,False,共有
3,查询影视剧名称与详情,2026搜索,助手随机1k,39,52,9999,982,0.39,5.295,4.905,3.663,6.492,True,共有
30,影视全集免费观看查询,2026搜索,助手随机1k,271,8,9999,982,2.71,0.815,-1.896,-2.42,-1.055,True,共有
31,电影信息查询,2026搜索,助手随机1k,449,41,9999,982,4.49,4.175,-0.315,-1.478,1.176,False,共有
32,影视在线观看渠道查询,2026搜索,助手随机1k,179,3,9999,982,1.79,0.305,-1.485,-1.829,-0.848,True,共有
33,查询抖音功能设置与使用问题解决方法,2026搜索,助手随机1k,7,25,9999,982,0.07,2.546,2.476,1.657,3.662,True,共有
34,解析抖音作品分享口令,2026搜索,助手随机1k,1,2,9999,982,0.01,0.204,0.194,0.039,0.73,True,共有
36,抖音下载安装与客服查询,2026搜索,助手随机1k,54,0,9999,982,0.54,0.0,-0.54,-0.704,-0.131,True,a独有
37,免费电影在线观看,2026搜索,助手随机1k,155,0,9999,982,1.55,0.0,-1.55,-1.812,-1.101,True,a独有
38,在线观看电影,2026搜索,助手随机1k,210,5,9999,982,2.1,0.509,-1.591,-2.009,-0.865,True,共有
39,免费在线观看电视剧资源查找,2026搜索,助手随机1k,462,0,9999,982,4.62,0.0,-4.62,-5.05,-4.066,True,a独有
4,查询影视剧情介绍,2026搜索,助手随机1k,61,13,9999,982,0.61,1.324,0.714,0.139,1.651,True,共有
40,影视在线观看查询,2026搜索,助手随机1k,361,3,9999,982,3.61,0.305,-3.305,-3.738,-2.621,True,共有
41,查询女性相关视频,2026搜索,助手随机1k,181,19,9999,982,1.81,1.935,0.125,-0.623,1.219,False,共有
42,影视作品资源与剧情查询,2026搜索,助手随机1k,212,16,9999,982,2.12,1.629,-0.491,-1.184,0.544,False,共有
43,少女少年影视资源查询,2026搜索,助手随机1k,93,1,9999,982,0.93,0.102,-0.828,-1.052,-0.326,True,共有
44,查询姐姐/姐妹相关影视与人物信息,2026搜索,助手随机1k,76,6,9999,982,0.76,0.611,-0.149,-0.531,0.583,False,共有
45,美字相关影视视频与美容内容查询,2026搜索,助手随机1k,95,8,9999,982,0.95,0.815,-0.135,-0.588,0.668,False,共有
46,影视视频搜索播放,2026搜索,助手随机1k,1095,70,9999,982,10.951,7.128,-3.823,-5.401,-1.944,True,共有
48,第三季影视免费在线观看查询,2026搜索,助手随机1k,120,8,9999,982,1.2,0.815,-0.385,-0.849,0.423,False,共有
49,第一季影视动漫观看资源查询,2026搜索,助手随机1k,263,3,9999,982,2.63,0.305,-2.325,-2.713,-1.666,True,共有
5,短剧免费全集观看查询,2026搜索,助手随机1k,24,3,9999,982,0.24,0.305,0.065,-0.168,0.66,False,共有
50,查询影视动漫第二季在线观看资源,2026搜索,助手随机1k,164,8,9999,982,1.64,0.815,-0.826,-1.308,-0.008,True,共有
51,指定季数影视综免费在线观看查询,2026搜索,助手随机1k,129,3,9999,982,1.29,0.305,-0.985,-1.299,-0.362,True,共有
52,奔跑吧各季节目查询观看,2026搜索,助手随机1k,47,1,9999,982,0.47,0.102,-0.368,-0.544,0.119,False,共有
53,查询电视剧,2026搜索,助手随机1k,651,30,9999,982,6.511,3.055,-3.456,-4.491,-2.1,True,共有
54,短剧查询与在线观看,2026搜索,助手随机1k,29,18,9999,982,0.29,1.833,1.543,0.861,2.592,True,共有
55,韩剧在线观看资源查询,2026搜索,助手随机1k,304,6,9999,982,3.04,0.611,-2.429,-2.914,-1.646,True,共有
56,央视直播频道查询,2026搜索,助手随机1k,299,5,9999,982,2.99,0.509,-2.481,-2.938,-1.734,True,共有
57,电视节目表查询,2026搜索,助手随机1k,96,6,9999,982,0.96,0.611,-0.349,-0.741,0.387,False,共有
59,查询人物身份与关系结局,2026搜索,助手随机1k,6,18,9999,982,0.06,1.833,1.773,1.099,2.819,True,共有
6,电视剧免费观看资源查询,2026搜索,助手随机1k,658,3,9999,982,6.581,0.305,-6.275,-6.817,-5.522,True,共有
60,查找视频,2026搜索,助手随机1k,146,19,9999,982,1.46,1.935,0.475,-0.263,1.564,False,共有
61,查询视频平台与播放器访问入口,2026搜索,助手随机1k,53,3,9999,982,0.53,0.305,-0.225,-0.483,0.377,False,共有
7,查询含“爱”字影视资源,2026搜索,助手随机1k,123,4,9999,982,1.23,0.407,-0.823,-1.165,-0.157,True,共有
8,查询电视剧《逆爱》在线观看资源,2026搜索,助手随机1k,11,3,9999,982,0.11,0.305,0.195,-0.024,0.786,False,共有
9,查询电视剧《爱情有烟火》免费观看资源,2026搜索,助手随机1k,107,1,9999,982,1.07,0.102,-0.968,-1.205,-0.461,True,共有
0,查询剧情结局,2026搜索,助手语音头部1k,23,2,9999,999,0.23,0.2,-0.03,-0.215,0.503,False,共有
1,查询影视剧集数与情节所在集数,2026搜索,助手语音头部1k,24,1,9999,999,0.24,0.1,-0.14,-0.283,0.331,False,共有
10,查询爱情题材影视与情感类片段,2026搜索,助手语音头部1k,105,7,9999,999,1.05,0.701,-0.349,-0.772,0.411,False,共有
11,泰剧资源与观看渠道查询,2026搜索,助手语音头部1k,167,4,9999,999,1.67,0.4,-1.27,-1.634,-0.603,True,共有
12,含“恋”影视与词条内容查找,2026搜索,助手语音头部1k,92,3,9999,999,0.92,0.3,-0.62,-0.906,-0.017,True,共有
13,奥特曼影视与角色查询,2026搜索,助手语音头部1k,37,12,9999,999,0.37,1.201,0.831,0.3,1.724,True,共有
14,鬼灭之刃等惊悚悬疑影视在线观看查询,2026搜索,助手语音头部1k,443,56,9999,999,4.43,5.606,1.175,-0.157,2.825,False,共有
15,查找儿童动画片视频,2026搜索,助手语音头部1k,172,53,9999,999,1.72,5.305,3.585,2.328,5.172,True,共有
16,查询影视动漫游戏作品信息,2026搜索,助手语音头部1k,282,39,9999,999,2.82,3.904,1.084,-0.007,2.505,False,共有
17,动画片查询观看,2026搜索,助手语音头部1k,38,8,9999,999,0.38,0.801,0.421,0.002,1.199,True,共有
18,动漫免费在线观看,2026搜索,助手语音头部1k,438,2,9999,999,4.38,0.2,-4.18,-4.624,-3.528,True,共有
19,获取或生成视频,2026搜索,助手语音头部1k,25,11,9999,999,0.25,1.101,0.851,0.352,1.715,True,共有
2,虚构作品剧情设定查询与同人创作讨论,2026搜索,助手语音头部1k,29,0,9999,999,0.29,0.0,-0.29,-0.416,0.103,False,a独有
20,影视剧演员表查询,2026搜索,助手语音头部1k,144,7,9999,999,1.44,0.701,-0.739,-1.18,0.03,False,共有
22,影视动漫及娱乐视频查询,2026搜索,助手语音头部1k,45,1,9999,999,0.45,0.1,-0.35,-0.522,0.128,False,共有
23,App下载安装渠道查询,2026搜索,助手语音头部1k,44,3,9999,999,0.44,0.3,-0.14,-0.388,0.45,False,共有
24,查询直播平台与节目播出信息,2026搜索,助手语音头部1k,50,7,9999,999,0.5,0.701,0.201,-0.194,0.949,False,共有
25,查询哔哩哔哩平台入口及相关内容,2026搜索,助手语音头部1k,36,6,9999,999,0.36,0.601,0.241,-0.113,0.951,False,共有
26,查询影视综艺免费观看资源,2026搜索,助手语音头部1k,153,9,9999,999,1.53,0.901,-0.629,-1.128,0.203,False,共有
27,快手应用下载与使用查询,2026搜索,助手语音头部1k,29,6,9999,999,0.29,0.601,0.311,-0.038,1.02,False,共有
28,查询完整版视频免费观看资源,2026搜索,助手语音头部1k,265,22,9999,999,2.65,2.202,-0.448,-1.263,0.701,False,共有
29,免费影视观看查询,2026搜索,助手语音头部1k,127,12,9999,999,1.27,1.201,-0.069,-0.635,0.84,False,共有
3,查询影视剧名称与详情,2026搜索,助手语音头部1k,39,4,9999,999,0.39,0.4,0.01,-0.273,0.644,False,共有
30,影视全集免费观看查询,2026搜索,助手语音头部1k,271,29,9999,999,2.71,2.903,0.193,-0.744,1.464,False,共有
31,电影信息查询,2026搜索,助手语音头部1k,449,48,9999,999,4.49,4.805,0.314,-0.922,1.872,False,共有
32,影视在线观看渠道查询,2026搜索,助手语音头部1k,179,15,9999,999,1.79,1.502,-0.289,-0.941,0.702,False,共有
33,查询抖音功能设置与使用问题解决方法,2026搜索,助手语音头部1k,7,1,9999,999,0.07,0.1,0.03,-0.081,0.496,False,共有
34,解析抖音作品分享口令,2026搜索,助手语音头部1k,1,1,9999,999,0.01,0.1,0.09,-0.005,0.555,False,共有
36,抖音下载安装与客服查询,2026搜索,助手语音头部1k,54,8,9999,999,0.54,0.801,0.261,-0.166,1.042,False,共有
37,免费电影在线观看,2026搜索,助手语音头部1k,155,11,9999,999,1.55,1.101,-0.449,-1.0,0.439,False,共有
38,在线观看电影,2026搜索,助手语音头部1k,210,4,9999,999,2.1,0.4,-1.7,-2.087,-1.022,True,共有
39,免费在线观看电视剧资源查找,2026搜索,助手语音头部1k,462,59,9999,999,4.62,5.906,1.285,-0.083,2.97,False,共有
4,查询影视剧情介绍,2026搜索,助手语音头部1k,61,3,9999,999,0.61,0.3,-0.31,-0.573,0.285,False,共有
40,影视在线观看查询,2026搜索,助手语音头部1k,361,27,9999,999,3.61,2.703,-0.908,-1.83,0.343,False,共有
41,查询女性相关视频,2026搜索,助手语音头部1k,181,18,9999,999,1.81,1.802,-0.008,-0.725,1.048,False,共有
42,影视作品资源与剧情查询,2026搜索,助手语音头部1k,212,36,9999,999,2.12,3.604,1.483,0.449,2.854,True,共有
43,少女少年影视资源查询,2026搜索,助手语音头部1k,93,13,9999,999,0.93,1.301,0.371,-0.207,1.299,False,共有
44,查询姐姐/姐妹相关影视与人物信息,2026搜索,助手语音头部1k,76,15,9999,999,0.76,1.502,0.741,0.122,1.714,True,共有
45,美字相关影视视频与美容内容查询,2026搜索,助手语音头部1k,95,15,9999,999,0.95,1.502,0.551,-0.074,1.528,False,共有
46,影视视频搜索播放,2026搜索,助手语音头部1k,1095,195,9999,999,10.951,19.52,8.568,6.147,11.209,True,共有
48,第三季影视免费在线观看查询,2026搜索,助手语音头部1k,120,21,9999,999,1.2,2.102,0.902,0.142,2.009,True,共有
49,第一季影视动漫观看资源查询,2026搜索,助手语音头部1k,263,1,9999,999,2.63,0.1,-2.53,-2.873,-1.979,True,共有
5,短剧免费全集观看查询,2026搜索,助手语音头部1k,24,2,9999,999,0.24,0.2,-0.04,-0.226,0.493,False,共有
50,查询影视动漫第二季在线观看资源,2026搜索,助手语音头部1k,164,2,9999,999,1.64,0.2,-1.44,-1.745,-0.865,True,共有
51,指定季数影视综免费在线观看查询,2026搜索,助手语音头部1k,129,1,9999,999,1.29,0.1,-1.19,-1.444,-0.683,True,共有
52,奔跑吧各季节目查询观看,2026搜索,助手语音头部1k,47,4,9999,999,0.47,0.4,-0.07,-0.359,0.566,False,共有
53,查询电视剧,2026搜索,助手语音头部1k,651,23,9999,999,6.511,2.302,-4.208,-5.121,-2.987,True,共有
54,短剧查询与在线观看,2026搜索,助手语音头部1k,29,2,9999,999,0.29,0.2,-0.09,-0.282,0.444,False,共有
55,韩剧在线观看资源查询,2026搜索,助手语音头部1k,304,37,9999,999,3.04,3.704,0.663,-0.402,2.06,False,共有
56,央视直播频道查询,2026搜索,助手语音头部1k,299,47,9999,999,2.99,4.705,1.714,0.513,3.243,True,共有
57,电视节目表查询,2026搜索,助手语音头部1k,96,6,9999,999,0.96,0.601,-0.359,-0.747,0.365,False,共有
59,查询人物身份与关系结局,2026搜索,助手语音头部1k,6,1,9999,999,0.06,0.1,0.04,-0.069,0.506,False,共有
6,电视剧免费观看资源查询,2026搜索,助手语音头部1k,658,29,9999,999,6.581,2.903,-3.678,-4.686,-2.356,True,共有
60,查找视频,2026搜索,助手语音头部1k,146,24,9999,999,1.46,2.402,0.942,0.119,2.11,True,共有
61,查询视频平台与播放器访问入口,2026搜索,助手语音头部1k,53,2,9999,999,0.53,0.2,-0.33,-0.548,0.211,False,共有
7,查询含“爱”字影视资源,2026搜索,助手语音头部1k,123,10,9999,999,1.23,1.001,-0.229,-0.743,0.626,False,共有
8,查询电视剧《逆爱》在线观看资源,2026搜索,助手语音头部1k,11,1,9999,999,0.11,0.1,-0.01,-0.13,0.457,False,共有
9,查询电视剧《爱情有烟火》免费观看资源,2026搜索,助手语音头部1k,107,13,9999,999,1.07,1.301,0.231,-0.352,1.162,False,共有
0,查询剧情结局,2026搜索,助手语音随机1k,23,9,9999,1000,0.23,0.9,0.67,0.229,1.475,True,共有
1,查询影视剧集数与情节所在集数,2026搜索,助手语音随机1k,24,25,9999,1000,0.24,2.5,2.26,1.451,3.427,True,共有
10,查询爱情题材影视与情感类片段,2026搜索,助手语音随机1k,105,8,9999,1000,1.05,0.8,-0.25,-0.701,0.542,False,共有
11,泰剧资源与观看渠道查询,2026搜索,助手语音随机1k,167,5,9999,1000,1.67,0.5,-1.17,-1.564,-0.465,True,共有
12,含“恋”影视与词条内容查找,2026搜索,助手语音随机1k,92,6,9999,1000,0.92,0.6,-0.32,-0.705,0.403,False,共有
13,奥特曼影视与角色查询,2026搜索,助手语音随机1k,37,22,9999,1000,0.37,2.2,1.83,1.074,2.943,True,共有
14,鬼灭之刃等惊悚悬疑影视在线观看查询,2026搜索,助手语音随机1k,443,24,9999,1000,4.43,2.4,-2.03,-2.919,-0.821,True,共有
15,查找儿童动画片视频,2026搜索,助手语音随机1k,172,86,9999,1000,1.72,8.6,6.88,5.273,8.795,True,共有
16,查询影视动漫游戏作品信息,2026搜索,助手语音随机1k,282,60,9999,1000,2.82,6.0,3.18,1.825,4.855,True,共有
17,动画片查询观看,2026搜索,助手语音随机1k,38,16,9999,1000,0.38,1.6,1.22,0.591,2.209,True,共有
18,动漫免费在线观看,2026搜索,助手语音随机1k,438,8,9999,1000,4.38,0.8,-3.58,-4.156,-2.719,True,共有
19,获取或生成视频,2026搜索,助手语音随机1k,25,35,9999,1000,0.25,3.5,3.25,2.27,4.581,True,共有
2,虚构作品剧情设定查询与同人创作讨论,2026搜索,助手语音随机1k,29,37,9999,1000,0.29,3.7,3.41,2.398,4.771,True,共有
20,影视剧演员表查询,2026搜索,助手语音随机1k,144,49,9999,1000,1.44,4.9,3.46,2.259,4.994,True,共有
22,影视动漫及娱乐视频查询,2026搜索,助手语音随机1k,45,6,9999,1000,0.45,0.6,0.15,-0.208,0.862,False,共有
23,App下载安装渠道查询,2026搜索,助手语音随机1k,44,4,9999,1000,0.44,0.4,-0.04,-0.327,0.594,False,共有
24,查询直播平台与节目播出信息,2026搜索,助手语音随机1k,50,8,9999,1000,0.5,0.8,0.3,-0.125,1.08,False,共有
25,查询哔哩哔哩平台入口及相关内容,2026搜索,助手语音随机1k,36,3,9999,1000,0.36,0.3,-0.06,-0.301,0.527,False,共有
26,查询影视综艺免费观看资源,2026搜索,助手语音随机1k,153,19,9999,1000,1.53,1.9,0.37,-0.358,1.442,False,共有
27,快手应用下载与使用查询,2026搜索,助手语音随机1k,29,7,9999,1000,0.29,0.7,0.41,0.028,1.153,True,共有
28,查询完整版视频免费观看资源,2026搜索,助手语音随机1k,265,15,9999,1000,2.65,1.5,-1.15,-1.827,-0.145,True,共有
29,免费影视观看查询,2026搜索,助手语音随机1k,127,16,9999,1000,1.27,1.6,0.33,-0.328,1.334,False,共有
3,查询影视剧名称与详情,2026搜索,助手语音随机1k,39,28,9999,1000,0.39,2.8,2.41,1.542,3.631,True,共有
30,影视全集免费观看查询,2026搜索,助手语音随机1k,271,24,9999,1000,2.71,2.4,-0.31,-1.162,0.875,False,共有
31,电影信息查询,2026搜索,助手语音随机1k,449,66,9999,1000,4.49,6.6,2.11,0.667,3.864,True,共有
32,影视在线观看渠道查询,2026搜索,助手语音随机1k,179,3,9999,1000,1.79,0.3,-1.49,-1.832,-0.863,True,共有
33,查询抖音功能设置与使用问题解决方法,2026搜索,助手语音随机1k,7,25,9999,1000,0.07,2.5,2.43,1.626,3.595,True,共有
34,解析抖音作品分享口令,2026搜索,助手语音随机1k,1,0,9999,1000,0.01,0.0,-0.01,-0.057,0.373,False,a独有
36,抖音下载安装与客服查询,2026搜索,助手语音随机1k,54,3,9999,1000,0.54,0.3,-0.24,-0.497,0.352,False,共有
37,免费电影在线观看,2026搜索,助手语音随机1k,155,8,9999,1000,1.55,0.8,-0.75,-1.223,0.052,False,共有
38,在线观看电影,2026搜索,助手语音随机1k,210,8,9999,1000,2.1,0.8,-1.3,-1.795,-0.486,True,共有
39,免费在线观看电视剧资源查找,2026搜索,助手语音随机1k,462,4,9999,1000,4.62,0.4,-4.22,-4.714,-3.482,True,共有
4,查询影视剧情介绍,2026搜索,助手语音随机1k,61,6,9999,1000,0.61,0.6,-0.01,-0.378,0.706,False,共有
40,影视在线观看查询,2026搜索,助手语音随机1k,361,9,9999,1000,3.61,0.9,-2.71,-3.284,-1.836,True,共有
41,查询女性相关视频,2026搜索,助手语音随机1k,181,21,9999,1000,1.81,2.1,0.29,-0.485,1.406,False,共有
42,影视作品资源与剧情查询,2026搜索,助手语音随机1k,212,21,9999,1000,2.12,2.1,-0.02,-0.803,1.1,False,共有
43,少女少年影视资源查询,2026搜索,助手语音随机1k,93,5,9999,1000,0.93,0.5,-0.43,-0.784,0.256,False,共有
44,查询姐姐/姐妹相关影视与人物信息,2026搜索,助手语音随机1k,76,7,9999,1000,0.76,0.7,-0.06,-0.468,0.693,False,共有
45,美字相关影视视频与美容内容查询,2026搜索,助手语音随机1k,95,16,9999,1000,0.95,1.6,0.65,0.002,1.648,True,共有
46,影视视频搜索播放,2026搜索,助手语音随机1k,1095,93,9999,1000,10.951,9.3,-1.651,-3.414,0.397,False,共有
48,第三季影视免费在线观看查询,2026搜索,助手语音随机1k,120,15,9999,1000,1.2,1.5,0.3,-0.333,1.28,False,共有
49,第一季影视动漫观看资源查询,2026搜索,助手语音随机1k,263,4,9999,1000,2.63,0.4,-2.23,-2.643,-1.54,True,共有
5,短剧免费全集观看查询,2026搜索,助手语音随机1k,24,2,9999,1000,0.24,0.2,-0.04,-0.226,0.492,False,共有
50,查询影视动漫第二季在线观看资源,2026搜索,助手语音随机1k,164,8,9999,1000,1.64,0.8,-0.84,-1.317,-0.036,True,共有
51,指定季数影视综免费在线观看查询,2026搜索,助手语音随机1k,129,8,9999,1000,1.29,0.8,-0.49,-0.952,0.307,False,共有
52,奔跑吧各季节目查询观看,2026搜索,助手语音随机1k,47,2,9999,1000,0.47,0.2,-0.27,-0.482,0.269,False,共有
53,查询电视剧,2026搜索,助手语音随机1k,651,36,9999,1000,6.511,3.6,-2.911,-4.019,-1.488,True,共有
54,短剧查询与在线观看,2026搜索,助手语音随机1k,29,9,9999,1000,0.29,0.9,0.61,0.166,1.416,True,共有
55,韩剧在线观看资源查询,2026搜索,助手语音随机1k,304,6,9999,1000,3.04,0.6,-2.44,-2.921,-1.669,True,共有
56,央视直播频道查询,2026搜索,助手语音随机1k,299,12,9999,1000,2.99,1.2,-1.79,-2.412,-0.85,True,共有
57,电视节目表查询,2026搜索,助手语音随机1k,96,5,9999,1000,0.96,0.5,-0.46,-0.816,0.227,False,共有
59,查询人物身份与关系结局,2026搜索,助手语音随机1k,6,8,9999,1000,0.06,0.8,0.74,0.34,1.511,True,共有
6,电视剧免费观看资源查询,2026搜索,助手语音随机1k,658,9,9999,1000,6.581,0.9,-5.681,-6.34,-4.752,True,共有
60,查找视频,2026搜索,助手语音随机1k,146,44,9999,1000,1.46,4.4,2.94,1.805,4.411,True,共有
61,查询视频平台与播放器访问入口,2026搜索,助手语音随机1k,53,3,9999,1000,0.53,0.3,-0.23,-0.486,0.362,False,共有
7,查询含“爱”字影视资源,2026搜索,助手语音随机1k,123,10,9999,1000,1.23,1.0,-0.23,-0.743,0.624,False,共有
8,查询电视剧《逆爱》在线观看资源,2026搜索,助手语音随机1k,11,0,9999,1000,0.11,0.0,-0.11,-0.197,0.276,False,a独有
9,查询电视剧《爱情有烟火》免费观看资源,2026搜索,助手语音随机1k,107,4,9999,1000,1.07,0.4,-0.67,-1.0,-0.02,True,共有
0,查询剧情结局,2026搜索随机1w,助手头部1k,152,35,10000,955,1.52,3.665,2.145,1.094,3.552,True,共有
1,查询影视剧集数与情节所在集数,2026搜索随机1w,助手头部1k,314,16,10000,955,3.14,1.675,-1.465,-2.2,-0.386,True,共有
10,查询爱情题材影视与情感类片段,2026搜索随机1w,助手头部1k,80,12,10000,955,0.8,1.257,0.457,-0.114,1.397,False,共有
11,泰剧资源与观看渠道查询,2026搜索随机1w,助手头部1k,71,4,10000,955,0.71,0.419,-0.291,-0.607,0.378,False,共有
12,含“恋”影视与词条内容查找,2026搜索随机1w,助手头部1k,49,7,10000,955,0.49,0.733,0.243,-0.166,1.024,False,共有
13,奥特曼影视与角色查询,2026搜索随机1w,助手头部1k,77,4,10000,955,0.77,0.419,-0.351,-0.671,0.32,False,共有
14,鬼灭之刃等惊悚悬疑影视在线观看查询,2026搜索随机1w,助手头部1k,273,15,10000,955,2.73,1.571,-1.159,-1.862,-0.11,True,共有
15,查找儿童动画片视频,2026搜索随机1w,助手头部1k,395,28,10000,955,3.95,2.932,-1.018,-1.999,0.306,False,共有
16,查询影视动漫游戏作品信息,2026搜索随机1w,助手头部1k,319,22,10000,955,3.19,2.304,-0.886,-1.744,0.319,False,共有
17,动画片查询观看,2026搜索随机1w,助手头部1k,125,7,10000,955,1.25,0.733,-0.517,-0.963,0.281,False,共有
18,动漫免费在线观看,2026搜索随机1w,助手头部1k,299,28,10000,955,2.99,2.932,-0.058,-1.021,1.254,False,共有
19,获取或生成视频,2026搜索随机1w,助手头部1k,204,49,10000,955,2.04,5.131,3.091,1.827,4.7,True,共有
2,虚构作品剧情设定查询与同人创作讨论,2026搜索随机1w,助手头部1k,239,6,10000,955,2.39,0.628,-1.762,-2.227,-0.974,True,共有
20,影视剧演员表查询,2026搜索随机1w,助手头部1k,352,53,10000,955,3.52,5.55,2.03,0.693,3.704,True,共有
22,影视动漫及娱乐视频查询,2026搜索随机1w,助手头部1k,120,2,10000,955,1.2,0.209,-0.991,-1.269,-0.406,True,共有
23,App下载安装渠道查询,2026搜索随机1w,助手头部1k,109,1,10000,955,1.09,0.105,-0.985,-1.224,-0.465,True,共有
24,查询直播平台与节目播出信息,2026搜索随机1w,助手头部1k,94,4,10000,955,0.94,0.419,-0.521,-0.851,0.154,False,共有
25,查询哔哩哔哩平台入口及相关内容,2026搜索随机1w,助手头部1k,46,6,10000,955,0.46,0.628,0.168,-0.205,0.913,False,共有
26,查询影视综艺免费观看资源,2026搜索随机1w,助手头部1k,269,8,10000,955,2.69,0.838,-1.852,-2.384,-0.992,True,共有
27,快手应用下载与使用查询,2026搜索随机1w,助手头部1k,51,4,10000,955,0.51,0.419,-0.091,-0.393,0.573,False,共有
28,查询完整版视频免费观看资源,2026搜索随机1w,助手头部1k,169,13,10000,955,1.69,1.361,-0.329,-0.955,0.653,False,共有
29,免费影视观看查询,2026搜索随机1w,助手头部1k,181,3,10000,955,1.81,0.314,-1.496,-1.845,-0.843,True,共有
3,查询影视剧名称与详情,2026搜索随机1w,助手头部1k,263,18,10000,955,2.63,1.885,-0.745,-1.51,0.37,False,共有
30,影视全集免费观看查询,2026搜索随机1w,助手头部1k,207,14,10000,955,2.07,1.466,-0.604,-1.266,0.41,False,共有
31,电影信息查询,2026搜索随机1w,助手头部1k,628,47,10000,955,6.28,4.921,-1.359,-2.656,0.269,False,共有
32,影视在线观看渠道查询,2026搜索随机1w,助手头部1k,71,19,10000,955,0.71,1.99,1.28,0.544,2.386,True,共有
33,查询抖音功能设置与使用问题解决方法,2026搜索随机1w,助手头部1k,250,2,10000,955,2.5,0.209,-2.291,-2.649,-1.669,True,共有
34,解析抖音作品分享口令,2026搜索随机1w,助手头部1k,50,0,10000,955,0.5,0.0,-0.5,-0.659,-0.082,True,a独有
36,抖音下载安装与客服查询,2026搜索随机1w,助手头部1k,64,7,10000,955,0.64,0.733,0.093,-0.324,0.878,False,共有
37,免费电影在线观看,2026搜索随机1w,助手头部1k,117,3,10000,955,1.17,0.314,-0.856,-1.166,-0.221,True,共有
38,在线观看电影,2026搜索随机1w,助手头部1k,146,8,10000,955,1.46,0.838,-0.622,-1.107,0.213,False,共有
39,免费在线观看电视剧资源查找,2026搜索随机1w,助手头部1k,97,33,10000,955,0.97,3.455,2.485,1.478,3.854,True,共有
4,查询影视剧情介绍,2026搜索随机1w,助手头部1k,105,30,10000,955,1.05,3.141,2.091,1.134,3.412,True,共有
40,影视在线观看查询,2026搜索随机1w,助手头部1k,281,15,10000,955,2.81,1.571,-1.239,-1.945,-0.189,True,共有
41,查询女性相关视频,2026搜索随机1w,助手头部1k,233,10,10000,955,2.33,1.047,-1.283,-1.855,-0.37,True,共有
42,影视作品资源与剧情查询,2026搜索随机1w,助手头部1k,135,31,10000,955,1.35,3.246,1.896,0.915,3.237,True,共有
43,少女少年影视资源查询,2026搜索随机1w,助手头部1k,82,10,10000,955,0.82,1.047,0.227,-0.289,1.111,False,共有
44,查询姐姐/姐妹相关影视与人物信息,2026搜索随机1w,助手头部1k,63,6,10000,955,0.63,0.628,-0.002,-0.384,0.747,False,共有
45,美字相关影视视频与美容内容查询,2026搜索随机1w,助手头部1k,137,13,10000,955,1.37,1.361,-0.009,-0.625,0.968,False,共有
46,影视视频搜索播放,2026搜索随机1w,助手头部1k,679,122,10000,955,6.79,12.775,5.985,3.951,8.302,True,共有
48,第三季影视免费在线观看查询,2026搜索随机1w,助手头部1k,139,4,10000,955,1.39,0.419,-0.971,-1.328,-0.285,True,共有
49,第一季影视动漫观看资源查询,2026搜索随机1w,助手头部1k,135,6,10000,955,1.35,0.628,-0.722,-1.141,0.043,False,共有
5,短剧免费全集观看查询,2026搜索随机1w,助手头部1k,64,5,10000,955,0.64,0.524,-0.116,-0.464,0.593,False,共有
50,查询影视动漫第二季在线观看资源,2026搜索随机1w,助手头部1k,158,7,10000,955,1.58,0.733,-0.847,-1.307,-0.042,True,共有
51,指定季数影视综免费在线观看查询,2026搜索随机1w,助手头部1k,79,4,10000,955,0.79,0.419,-0.371,-0.692,0.3,False,共有
52,奔跑吧各季节目查询观看,2026搜索随机1w,助手头部1k,29,0,10000,955,0.29,0.0,-0.29,-0.416,0.12,False,a独有
53,查询电视剧,2026搜索随机1w,助手头部1k,352,47,10000,955,3.52,4.921,1.401,0.142,3.0,True,共有
54,短剧查询与在线观看,2026搜索随机1w,助手头部1k,190,34,10000,955,1.9,3.56,1.66,0.619,3.056,True,共有
55,韩剧在线观看资源查询,2026搜索随机1w,助手头部1k,166,29,10000,955,1.66,3.037,1.377,0.424,2.688,True,共有
56,央视直播频道查询,2026搜索随机1w,助手头部1k,94,6,10000,955,0.94,0.628,-0.312,-0.711,0.444,False,共有
57,电视节目表查询,2026搜索随机1w,助手头部1k,52,2,10000,955,0.52,0.209,-0.311,-0.532,0.254,False,共有
59,查询人物身份与关系结局,2026搜索随机1w,助手头部1k,110,3,10000,955,1.1,0.314,-0.786,-1.091,-0.152,True,共有
6,电视剧免费观看资源查询,2026搜索随机1w,助手头部1k,132,22,10000,955,1.32,2.304,0.984,0.169,2.161,True,共有
60,查找视频,2026搜索随机1w,助手头部1k,505,50,10000,955,5.05,5.236,0.186,-1.134,1.838,False,共有
61,查询视频平台与播放器访问入口,2026搜索随机1w,助手头部1k,69,1,10000,955,0.69,0.105,-0.585,-0.787,-0.078,True,共有
7,查询含“爱”字影视资源,2026搜索随机1w,助手头部1k,77,17,10000,955,0.77,1.78,1.01,0.317,2.073,True,共有
8,查询电视剧《逆爱》在线观看资源,2026搜索随机1w,助手头部1k,7,2,10000,955,0.07,0.209,0.139,-0.03,0.692,False,共有
9,查询电视剧《爱情有烟火》免费观看资源,2026搜索随机1w,助手头部1k,46,1,10000,955,0.46,0.105,-0.355,-0.531,0.144,False,共有
0,查询剧情结局,2026搜索随机1w,助手随机1k,152,23,10000,982,1.52,2.342,0.822,0.004,1.991,True,共有
1,查询影视剧集数与情节所在集数,2026搜索随机1w,助手随机1k,314,43,10000,982,3.14,4.379,1.239,0.07,2.742,True,共有
10,查询爱情题材影视与情感类片段,2026搜索随机1w,助手随机1k,80,6,10000,982,0.8,0.611,-0.189,-0.573,0.544,False,共有
11,泰剧资源与观看渠道查询,2026搜索随机1w,助手随机1k,71,1,10000,982,0.71,0.102,-0.608,-0.811,-0.113,True,共有
12,含“恋”影视与词条内容查找,2026搜索随机1w,助手随机1k,49,1,10000,982,0.49,0.102,-0.388,-0.566,0.099,False,共有
13,奥特曼影视与角色查询,2026搜索随机1w,助手随机1k,77,16,10000,982,0.77,1.629,0.859,0.207,1.872,True,共有
14,鬼灭之刃等惊悚悬疑影视在线观看查询,2026搜索随机1w,助手随机1k,273,12,10000,982,2.73,1.222,-1.508,-2.13,-0.557,True,共有
15,查找儿童动画片视频,2026搜索随机1w,助手随机1k,395,47,10000,982,3.95,4.786,0.836,-0.398,2.4,False,共有
16,查询影视动漫游戏作品信息,2026搜索随机1w,助手随机1k,319,39,10000,982,3.19,3.971,0.781,-0.332,2.23,False,共有
17,动画片查询观看,2026搜索随机1w,助手随机1k,125,12,10000,982,1.25,1.222,-0.028,-0.601,0.896,False,共有
18,动漫免费在线观看,2026搜索随机1w,助手随机1k,299,13,10000,982,2.99,1.324,-1.666,-2.318,-0.686,True,共有
19,获取或生成视频,2026搜索随机1w,助手随机1k,204,75,10000,982,2.04,7.637,5.597,4.067,7.447,True,共有
2,虚构作品剧情设定查询与同人创作讨论,2026搜索随机1w,助手随机1k,239,188,10000,982,2.39,19.145,16.755,14.394,19.349,True,共有
20,影视剧演员表查询,2026搜索随机1w,助手随机1k,352,35,10000,982,3.52,3.564,0.044,-1.016,1.439,False,共有
22,影视动漫及娱乐视频查询,2026搜索随机1w,助手随机1k,120,6,10000,982,1.2,0.611,-0.589,-0.993,0.153,False,共有
23,App下载安装渠道查询,2026搜索随机1w,助手随机1k,109,3,10000,982,1.09,0.305,-0.785,-1.085,-0.167,True,共有
24,查询直播平台与节目播出信息,2026搜索随机1w,助手随机1k,94,6,10000,982,0.94,0.611,-0.329,-0.72,0.407,False,共有
25,查询哔哩哔哩平台入口及相关内容,2026搜索随机1w,助手随机1k,46,5,10000,982,0.46,0.509,0.049,-0.28,0.736,False,共有
26,查询影视综艺免费观看资源,2026搜索随机1w,助手随机1k,269,18,10000,982,2.69,1.833,-0.857,-1.607,0.231,False,共有
27,快手应用下载与使用查询,2026搜索随机1w,助手随机1k,51,6,10000,982,0.51,0.611,0.101,-0.266,0.827,False,共有
28,查询完整版视频免费观看资源,2026搜索随机1w,助手随机1k,169,4,10000,982,1.69,0.407,-1.283,-1.651,-0.605,True,共有
29,免费影视观看查询,2026搜索随机1w,助手随机1k,181,9,10000,982,1.81,0.916,-0.894,-1.41,-0.042,True,共有
3,查询影视剧名称与详情,2026搜索随机1w,助手随机1k,263,52,10000,982,2.63,5.295,2.665,1.387,4.276,True,共有
30,影视全集免费观看查询,2026搜索随机1w,助手随机1k,207,8,10000,982,2.07,0.815,-1.255,-1.755,-0.428,True,共有
31,电影信息查询,2026搜索随机1w,助手随机1k,628,41,10000,982,6.28,4.175,-2.105,-3.294,-0.594,True,共有
32,影视在线观看渠道查询,2026搜索随机1w,助手随机1k,71,3,10000,982,0.71,0.305,-0.405,-0.678,0.202,False,共有
33,查询抖音功能设置与使用问题解决方法,2026搜索随机1w,助手随机1k,250,25,10000,982,2.5,2.546,0.046,-0.832,1.266,False,共有
34,解析抖音作品分享口令,2026搜索随机1w,助手随机1k,50,2,10000,982,0.5,0.204,-0.296,-0.513,0.253,False,共有
36,抖音下载安装与客服查询,2026搜索随机1w,助手随机1k,64,0,10000,982,0.64,0.0,-0.64,-0.816,-0.226,True,a独有
37,免费电影在线观看,2026搜索随机1w,助手随机1k,117,0,10000,982,1.17,0.0,-1.17,-1.4,-0.735,True,a独有
38,在线观看电影,2026搜索随机1w,助手随机1k,146,5,10000,982,1.46,0.509,-0.951,-1.338,-0.24,True,共有
39,免费在线观看电视剧资源查找,2026搜索随机1w,助手随机1k,97,0,10000,982,0.97,0.0,-0.97,-1.182,-0.543,True,a独有
4,查询影视剧情介绍,2026搜索随机1w,助手随机1k,105,13,10000,982,1.05,1.324,0.274,-0.317,1.219,False,共有
40,影视在线观看查询,2026搜索随机1w,助手随机1k,281,3,10000,982,2.81,0.305,-2.505,-2.902,-1.841,True,共有
41,查询女性相关视频,2026搜索随机1w,助手随机1k,233,19,10000,982,2.33,1.935,-0.395,-1.156,0.708,False,共有
42,影视作品资源与剧情查询,2026搜索随机1w,助手随机1k,135,16,10000,982,1.35,1.629,0.279,-0.391,1.302,False,共有
43,少女少年影视资源查询,2026搜索随机1w,助手随机1k,82,1,10000,982,0.82,0.102,-0.718,-0.932,-0.219,True,共有
44,查询姐姐/姐妹相关影视与人物信息,2026搜索随机1w,助手随机1k,63,6,10000,982,0.63,0.611,-0.019,-0.393,0.71,False,共有
45,美字相关影视视频与美容内容查询,2026搜索随机1w,助手随机1k,137,8,10000,982,1.37,0.815,-0.555,-1.027,0.257,False,共有
46,影视视频搜索播放,2026搜索随机1w,助手随机1k,679,70,10000,982,6.79,7.128,0.338,-1.197,2.183,False,共有
48,第三季影视免费在线观看查询,2026搜索随机1w,助手随机1k,139,8,10000,982,1.39,0.815,-0.575,-1.048,0.237,False,共有
49,第一季影视动漫观看资源查询,2026搜索随机1w,助手随机1k,135,3,10000,982,1.35,0.305,-1.045,-1.362,-0.42,True,共有
5,短剧免费全集观看查询,2026搜索随机1w,助手随机1k,64,3,10000,982,0.64,0.305,-0.335,-0.602,0.27,False,共有
50,查询影视动漫第二季在线观看资源,2026搜索随机1w,助手随机1k,158,8,10000,982,1.58,0.815,-0.765,-1.245,0.051,False,共有
51,指定季数影视综免费在线观看查询,2026搜索随机1w,助手随机1k,79,3,10000,982,0.79,0.305,-0.485,-0.764,0.125,False,共有
52,奔跑吧各季节目查询观看,2026搜索随机1w,助手随机1k,29,1,10000,982,0.29,0.102,-0.188,-0.34,0.293,False,共有
53,查询电视剧,2026搜索随机1w,助手随机1k,352,30,10000,982,3.52,3.055,-0.465,-1.448,0.853,False,共有
54,短剧查询与在线观看,2026搜索随机1w,助手随机1k,190,18,10000,982,1.9,1.833,-0.067,-0.796,1.008,False,共有
55,韩剧在线观看资源查询,2026搜索随机1w,助手随机1k,166,6,10000,982,1.66,0.611,-1.049,-1.476,-0.297,True,共有
56,央视直播频道查询,2026搜索随机1w,助手随机1k,94,5,10000,982,0.94,0.509,-0.431,-0.789,0.268,False,共有
57,电视节目表查询,2026搜索随机1w,助手随机1k,52,6,10000,982,0.52,0.611,0.091,-0.277,0.817,False,共有
59,查询人物身份与关系结局,2026搜索随机1w,助手随机1k,110,18,10000,982,1.1,1.833,0.733,0.026,1.795,True,共有
6,电视剧免费观看资源查询,2026搜索随机1w,助手随机1k,132,3,10000,982,1.32,0.305,-1.015,-1.33,-0.391,True,共有
60,查找视频,2026搜索随机1w,助手随机1k,505,19,10000,982,5.05,1.935,-3.115,-3.939,-1.971,True,共有
61,查询视频平台与播放器访问入口,2026搜索随机1w,助手随机1k,69,3,10000,982,0.69,0.305,-0.385,-0.656,0.222,False,共有
7,查询含“爱”字影视资源,2026搜索随机1w,助手随机1k,77,4,10000,982,0.77,0.407,-0.363,-0.676,0.291,False,共有
8,查询电视剧《逆爱》在线观看资源,2026搜索随机1w,助手随机1k,7,3,10000,982,0.07,0.305,0.235,0.021,0.825,True,共有
9,查询电视剧《爱情有烟火》免费观看资源,2026搜索随机1w,助手随机1k,46,1,10000,982,0.46,0.102,-0.358,-0.533,0.128,False,共有
0,查询剧情结局,2026搜索随机1w,助手语音头部1k,152,2,10000,999,1.52,0.2,-1.32,-1.617,-0.748,True,共有
1,查询影视剧集数与情节所在集数,2026搜索随机1w,助手语音头部1k,314,1,10000,999,3.14,0.1,-3.04,-3.409,-2.473,True,共有
10,查询爱情题材影视与情感类片段,2026搜索随机1w,助手语音头部1k,80,7,10000,999,0.8,0.701,-0.099,-0.509,0.656,False,共有
11,泰剧资源与观看渠道查询,2026搜索随机1w,助手语音头部1k,71,4,10000,999,0.71,0.4,-0.31,-0.616,0.332,False,共有
12,含“恋”影视与词条内容查找,2026搜索随机1w,助手语音头部1k,49,3,10000,999,0.49,0.3,-0.19,-0.443,0.401,False,共有
13,奥特曼影视与角色查询,2026搜索随机1w,助手语音头部1k,77,12,10000,999,0.77,1.201,0.431,-0.116,1.331,False,共有
14,鬼灭之刃等惊悚悬疑影视在线观看查询,2026搜索随机1w,助手语音头部1k,273,56,10000,999,2.73,5.606,2.876,1.567,4.508,True,共有
15,查找儿童动画片视频,2026搜索随机1w,助手语音头部1k,395,53,10000,999,3.95,5.305,1.355,0.065,2.966,True,共有
16,查询影视动漫游戏作品信息,2026搜索随机1w,助手语音头部1k,319,39,10000,999,3.19,3.904,0.714,-0.383,2.14,False,共有
17,动画片查询观看,2026搜索随机1w,助手语音头部1k,125,8,10000,999,1.25,0.801,-0.449,-0.91,0.348,False,共有
18,动漫免费在线观看,2026搜索随机1w,助手语音头部1k,299,2,10000,999,2.99,0.2,-2.79,-3.171,-2.175,True,共有
19,获取或生成视频,2026搜索随机1w,助手语音头部1k,204,11,10000,999,2.04,1.101,-0.939,-1.507,-0.041,True,共有
2,虚构作品剧情设定查询与同人创作讨论,2026搜索随机1w,助手语音头部1k,239,0,10000,999,2.39,0.0,-2.39,-2.708,-1.915,True,a独有
20,影视剧演员表查询,2026搜索随机1w,助手语音头部1k,352,7,10000,999,3.52,0.701,-2.819,-3.343,-2.005,True,共有
22,影视动漫及娱乐视频查询,2026搜索随机1w,助手语音头部1k,120,1,10000,999,1.2,0.1,-1.1,-1.347,-0.596,True,共有
23,App下载安装渠道查询,2026搜索随机1w,助手语音头部1k,109,3,10000,999,1.09,0.3,-0.79,-1.088,-0.182,True,共有
24,查询直播平台与节目播出信息,2026搜索随机1w,助手语音头部1k,94,7,10000,999,0.94,0.701,-0.239,-0.656,0.519,False,共有
25,查询哔哩哔哩平台入口及相关内容,2026搜索随机1w,助手语音头部1k,46,6,10000,999,0.46,0.601,0.141,-0.219,0.853,False,共有
26,查询影视综艺免费观看资源,2026搜索随机1w,助手语音头部1k,269,9,10000,999,2.69,0.901,-1.789,-2.332,-0.933,True,共有
27,快手应用下载与使用查询,2026搜索随机1w,助手语音头部1k,51,6,10000,999,0.51,0.601,0.091,-0.272,0.805,False,共有
28,查询完整版视频免费观看资源,2026搜索随机1w,助手语音头部1k,169,22,10000,999,1.69,2.202,0.512,-0.279,1.646,False,共有
29,免费影视观看查询,2026搜索随机1w,助手语音头部1k,181,12,10000,999,1.81,1.201,-0.609,-1.193,0.311,False,共有
3,查询影视剧名称与详情,2026搜索随机1w,助手语音头部1k,263,4,10000,999,2.63,0.4,-2.23,-2.642,-1.538,True,共有
30,影视全集免费观看查询,2026搜索随机1w,助手语音头部1k,207,29,10000,999,2.07,2.903,0.833,-0.091,2.095,False,共有
31,电影信息查询,2026搜索随机1w,助手语音头部1k,628,48,10000,999,6.28,4.805,-1.475,-2.737,0.101,False,共有
32,影视在线观看渠道查询,2026搜索随机1w,助手语音头部1k,71,15,10000,999,0.71,1.502,0.792,0.174,1.764,True,共有
33,查询抖音功能设置与使用问题解决方法,2026搜索随机1w,助手语音头部1k,250,1,10000,999,2.5,0.1,-2.4,-2.735,-1.853,True,共有
34,解析抖音作品分享口令,2026搜索随机1w,助手语音头部1k,50,1,10000,999,0.5,0.1,-0.4,-0.579,0.08,False,共有
36,抖音下载安装与客服查询,2026搜索随机1w,助手语音头部1k,64,8,10000,999,0.64,0.801,0.161,-0.271,0.945,False,共有
37,免费电影在线观看,2026搜索随机1w,助手语音头部1k,117,11,10000,999,1.17,1.101,-0.069,-0.606,0.812,False,共有
38,在线观看电影,2026搜索随机1w,助手语音头部1k,146,4,10000,999,1.46,0.4,-1.06,-1.413,-0.398,True,共有
39,免费在线观看电视剧资源查找,2026搜索随机1w,助手语音头部1k,97,59,10000,999,0.97,5.906,4.936,3.619,6.583,True,共有
4,查询影视剧情介绍,2026搜索随机1w,助手语音头部1k,105,3,10000,999,1.05,0.3,-0.75,-1.045,-0.143,True,共有
40,影视在线观看查询,2026搜索随机1w,助手语音头部1k,281,27,10000,999,2.81,2.703,-0.107,-1.013,1.132,False,共有
41,查询女性相关视频,2026搜索随机1w,助手语音头部1k,233,18,10000,999,2.33,1.802,-0.528,-1.258,0.537,False,共有
42,影视作品资源与剧情查询,2026搜索随机1w,助手语音头部1k,135,36,10000,999,1.35,3.604,2.254,1.234,3.614,True,共有
43,少女少年影视资源查询,2026搜索随机1w,助手语音头部1k,82,13,10000,999,0.82,1.301,0.481,-0.093,1.407,False,共有
44,查询姐姐/姐妹相关影视与人物信息,2026搜索随机1w,助手语音头部1k,63,15,10000,999,0.63,1.502,0.872,0.257,1.842,True,共有
45,美字相关影视视频与美容内容查询,2026搜索随机1w,助手语音头部1k,137,15,10000,999,1.37,1.502,0.132,-0.508,1.115,False,共有
46,影视视频搜索播放,2026搜索随机1w,助手语音头部1k,679,195,10000,999,6.79,19.52,12.73,10.335,15.346,True,共有
48,第三季影视免费在线观看查询,2026搜索随机1w,助手语音头部1k,139,21,10000,999,1.39,2.102,0.712,-0.053,1.823,False,共有
49,第一季影视动漫观看资源查询,2026搜索随机1w,助手语音头部1k,135,1,10000,999,1.35,0.1,-1.25,-1.509,-0.741,True,共有
5,短剧免费全集观看查询,2026搜索随机1w,助手语音头部1k,64,2,10000,999,0.64,0.2,-0.44,-0.668,0.105,False,共有
50,查询影视动漫第二季在线观看资源,2026搜索随机1w,助手语音头部1k,158,2,10000,999,1.58,0.2,-1.38,-1.681,-0.806,True,共有
51,指定季数影视综免费在线观看查询,2026搜索随机1w,助手语音头部1k,79,1,10000,999,0.79,0.1,-0.69,-0.9,-0.2,True,共有
52,奔跑吧各季节目查询观看,2026搜索随机1w,助手语音头部1k,29,4,10000,999,0.29,0.4,0.11,-0.165,0.741,False,共有
53,查询电视剧,2026搜索随机1w,助手语音头部1k,352,23,10000,999,3.52,2.302,-1.218,-2.07,-0.038,True,共有
54,短剧查询与在线观看,2026搜索随机1w,助手语音头部1k,190,2,10000,999,1.9,0.2,-1.7,-2.021,-1.117,True,共有
55,韩剧在线观看资源查询,2026搜索随机1w,助手语音头部1k,166,37,10000,999,1.66,3.704,2.044,1.003,3.423,True,共有
56,央视直播频道查询,2026搜索随机1w,助手语音头部1k,94,47,10000,999,0.94,4.705,3.765,2.597,5.27,True,共有
57,电视节目表查询,2026搜索随机1w,助手语音头部1k,52,6,10000,999,0.52,0.601,0.081,-0.282,0.795,False,共有
59,查询人物身份与关系结局,2026搜索随机1w,助手语音头部1k,110,1,10000,999,1.1,0.1,-1.0,-1.239,-0.499,True,共有
6,电视剧免费观看资源查询,2026搜索随机1w,助手语音头部1k,132,29,10000,999,1.32,2.903,1.583,0.676,2.835,True,共有
60,查找视频,2026搜索随机1w,助手语音头部1k,505,24,10000,999,5.05,2.402,-2.648,-3.549,-1.428,True,共有
61,查询视频平台与播放器访问入口,2026搜索随机1w,助手语音头部1k,69,2,10000,999,0.69,0.2,-0.49,-0.723,0.056,False,共有
7,查询含“爱”字影视资源,2026搜索随机1w,助手语音头部1k,77,10,10000,999,0.77,1.001,0.231,-0.264,1.077,False,共有
8,查询电视剧《逆爱》在线观看资源,2026搜索随机1w,助手语音头部1k,7,1,10000,999,0.07,0.1,0.03,-0.081,0.496,False,共有
9,查询电视剧《爱情有烟火》免费观看资源,2026搜索随机1w,助手语音头部1k,46,13,10000,999,0.46,1.301,0.841,0.281,1.761,True,共有
0,查询剧情结局,2026搜索随机1w,助手语音随机1k,152,9,10000,1000,1.52,0.9,-0.62,-1.118,0.212,False,共有
1,查询影视剧集数与情节所在集数,2026搜索随机1w,助手语音随机1k,314,25,10000,1000,3.14,2.5,-0.64,-1.518,0.569,False,共有
10,查询爱情题材影视与情感类片段,2026搜索随机1w,助手语音随机1k,80,8,10000,1000,0.8,0.8,0.0,-0.439,0.786,False,共有
11,泰剧资源与观看渠道查询,2026搜索随机1w,助手语音随机1k,71,5,10000,1000,0.71,0.5,-0.21,-0.551,0.471,False,共有
12,含“恋”影视与词条内容查找,2026搜索随机1w,助手语音随机1k,49,6,10000,1000,0.49,0.6,0.11,-0.251,0.823,False,共有
13,奥特曼影视与角色查询,2026搜索随机1w,助手语音随机1k,77,22,10000,1000,0.77,2.2,1.43,0.663,2.549,True,共有
14,鬼灭之刃等惊悚悬疑影视在线观看查询,2026搜索随机1w,助手语音随机1k,273,24,10000,1000,2.73,2.4,-0.33,-1.182,0.855,False,共有
15,查找儿童动画片视频,2026搜索随机1w,助手语音随机1k,395,86,10000,1000,3.95,8.6,4.65,3.017,6.585,True,共有
16,查询影视动漫游戏作品信息,2026搜索随机1w,助手语音随机1k,319,60,10000,1000,3.19,6.0,2.81,1.45,4.489,True,共有
17,动画片查询观看,2026搜索随机1w,助手语音随机1k,125,16,10000,1000,1.25,1.6,0.35,-0.307,1.353,False,共有
18,动漫免费在线观看,2026搜索随机1w,助手语音随机1k,299,8,10000,1000,2.99,0.8,-2.19,-2.719,-1.357,True,共有
19,获取或生成视频,2026搜索随机1w,助手语音随机1k,204,35,10000,1000,2.04,3.5,1.46,0.443,2.814,True,共有
2,虚构作品剧情设定查询与同人创作讨论,2026搜索随机1w,助手语音随机1k,239,37,10000,1000,2.39,3.7,1.31,0.257,2.697,True,共有
20,影视剧演员表查询,2026搜索随机1w,助手语音随机1k,352,49,10000,1000,3.52,4.9,1.38,0.146,2.937,True,共有
22,影视动漫及娱乐视频查询,2026搜索随机1w,助手语音随机1k,120,6,10000,1000,1.2,0.6,-0.6,-1.0,0.129,False,共有
23,App下载安装渠道查询,2026搜索随机1w,助手语音随机1k,109,4,10000,1000,1.09,0.4,-0.69,-1.021,-0.039,True,共有
24,查询直播平台与节目播出信息,2026搜索随机1w,助手语音随机1k,94,8,10000,1000,0.94,0.8,-0.14,-0.586,0.649,False,共有
25,查询哔哩哔哩平台入口及相关内容,2026搜索随机1w,助手语音随机1k,46,3,10000,1000,0.46,0.3,-0.16,-0.41,0.43,False,共有
26,查询影视综艺免费观看资源,2026搜索随机1w,助手语音随机1k,269,19,10000,1000,2.69,1.9,-0.79,-1.549,0.3,False,共有
27,快手应用下载与使用查询,2026搜索随机1w,助手语音随机1k,51,7,10000,1000,0.51,0.7,0.19,-0.204,0.938,False,共有
28,查询完整版视频免费观看资源,2026搜索随机1w,助手语音随机1k,169,15,10000,1000,1.69,1.5,-0.19,-0.839,0.798,False,共有
29,免费影视观看查询,2026搜索随机1w,助手语音随机1k,181,16,10000,1000,1.81,1.6,-0.21,-0.884,0.803,False,共有
3,查询影视剧名称与详情,2026搜索随机1w,助手语音随机1k,263,28,10000,1000,2.63,2.8,0.17,-0.748,1.422,False,共有
30,影视全集免费观看查询,2026搜索随机1w,助手语音随机1k,207,24,10000,1000,2.07,2.4,0.33,-0.507,1.506,False,共有
31,电影信息查询,2026搜索随机1w,助手语音随机1k,628,66,10000,1000,6.28,6.6,0.32,-1.144,2.091,False,共有
32,影视在线观看渠道查询,2026搜索随机1w,助手语音随机1k,71,3,10000,1000,0.71,0.3,-0.41,-0.681,0.187,False,共有
33,查询抖音功能设置与使用问题解决方法,2026搜索随机1w,助手语音随机1k,250,25,10000,1000,2.5,2.5,0.0,-0.864,1.2,False,共有
34,解析抖音作品分享口令,2026搜索随机1w,助手语音随机1k,50,0,10000,1000,0.5,0.0,-0.5,-0.659,-0.099,True,a独有
36,抖音下载安装与客服查询,2026搜索随机1w,助手语音随机1k,64,3,10000,1000,0.64,0.3,-0.34,-0.605,0.255,False,共有
37,免费电影在线观看,2026搜索随机1w,助手语音随机1k,117,8,10000,1000,1.17,0.8,-0.37,-0.826,0.424,False,共有
38,在线观看电影,2026搜索随机1w,助手语音随机1k,146,8,10000,1000,1.46,0.8,-0.66,-1.129,0.141,False,共有
39,免费在线观看电视剧资源查找,2026搜索随机1w,助手语音随机1k,97,4,10000,1000,0.97,0.4,-0.57,-0.893,0.078,False,共有
4,查询影视剧情介绍,2026搜索随机1w,助手语音随机1k,105,6,10000,1000,1.05,0.6,-0.45,-0.842,0.276,False,共有
40,影视在线观看查询,2026搜索随机1w,助手语音随机1k,281,9,10000,1000,2.81,0.9,-1.91,-2.456,-1.052,True,共有
41,查询女性相关视频,2026搜索随机1w,助手语音随机1k,233,21,10000,1000,2.33,2.1,-0.23,-1.018,0.894,False,共有
42,影视作品资源与剧情查询,2026搜索随机1w,助手语音随机1k,135,21,10000,1000,1.35,2.1,0.75,-0.013,1.859,False,共有
43,少女少年影视资源查询,2026搜索随机1w,助手语音随机1k,82,5,10000,1000,0.82,0.5,-0.32,-0.667,0.364,False,共有
44,查询姐姐/姐妹相关影视与人物信息,2026搜索随机1w,助手语音随机1k,63,7,10000,1000,0.63,0.7,0.07,-0.331,0.82,False,共有
45,美字相关影视视频与美容内容查询,2026搜索随机1w,助手语音随机1k,137,16,10000,1000,1.37,1.6,0.23,-0.431,1.235,False,共有
46,影视视频搜索播放,2026搜索随机1w,助手语音随机1k,679,93,10000,1000,6.79,9.3,2.51,0.785,4.526,True,共有
48,第三季影视免费在线观看查询,2026搜索随机1w,助手语音随机1k,139,15,10000,1000,1.39,1.5,0.11,-0.529,1.093,False,共有
49,第一季影视动漫观看资源查询,2026搜索随机1w,助手语音随机1k,135,4,10000,1000,1.35,0.4,-0.95,-1.296,-0.292,True,共有
5,短剧免费全集观看查询,2026搜索随机1w,助手语音随机1k,64,2,10000,1000,0.64,0.2,-0.44,-0.668,0.104,False,共有
50,查询影视动漫第二季在线观看资源,2026搜索随机1w,助手语音随机1k,158,8,10000,1000,1.58,0.8,-0.78,-1.254,0.023,False,共有
51,指定季数影视综免费在线观看查询,2026搜索随机1w,助手语音随机1k,79,8,10000,1000,0.79,0.8,0.01,-0.429,0.796,False,共有
52,奔跑吧各季节目查询观看,2026搜索随机1w,助手语音随机1k,29,2,10000,1000,0.29,0.2,-0.09,-0.282,0.444,False,共有
53,查询电视剧,2026搜索随机1w,助手语音随机1k,352,36,10000,1000,3.52,3.6,0.08,-0.979,1.467,False,共有
54,短剧查询与在线观看,2026搜索随机1w,助手语音随机1k,190,9,10000,1000,1.9,0.9,-1.0,-1.513,-0.16,True,共有
55,韩剧在线观看资源查询,2026搜索随机1w,助手语音随机1k,166,6,10000,1000,1.66,0.6,-1.06,-1.482,-0.32,True,共有
56,央视直播频道查询,2026搜索随机1w,助手语音随机1k,94,12,10000,1000,0.94,1.2,0.26,-0.293,1.162,False,共有
57,电视节目表查询,2026搜索随机1w,助手语音随机1k,52,5,10000,1000,0.52,0.5,-0.02,-0.349,0.656,False,共有
59,查询人物身份与关系结局,2026搜索随机1w,助手语音随机1k,110,8,10000,1000,1.1,0.8,-0.3,-0.753,0.493,False,共有
6,电视剧免费观看资源查询,2026搜索随机1w,助手语音随机1k,132,9,10000,1000,1.32,0.9,-0.42,-0.91,0.408,False,共有
60,查找视频,2026搜索随机1w,助手语音随机1k,505,44,10000,1000,5.05,4.4,-0.65,-1.843,0.862,False,共有
61,查询视频平台与播放器访问入口,2026搜索随机1w,助手语音随机1k,69,3,10000,1000,0.69,0.3,-0.39,-0.659,0.206,False,共有
7,查询含“爱”字影视资源,2026搜索随机1w,助手语音随机1k,77,10,10000,1000,0.77,1.0,0.23,-0.264,1.075,False,共有
8,查询电视剧《逆爱》在线观看资源,2026搜索随机1w,助手语音随机1k,7,0,10000,1000,0.07,0.0,-0.07,-0.144,0.314,False,a独有
9,查询电视剧《爱情有烟火》免费观看资源,2026搜索随机1w,助手语音随机1k,46,4,10000,1000,0.46,0.4,-0.06,-0.348,0.574,False,共有
0,查询剧情结局,助手头部1k,助手随机1k,35,23,955,982,3.665,2.342,-1.323,-2.914,0.212,False,共有
1,查询影视剧集数与情节所在集数,助手头部1k,助手随机1k,16,43,955,982,1.675,4.379,2.703,1.189,4.305,True,共有
10,查询爱情题材影视与情感类片段,助手头部1k,助手随机1k,12,6,955,982,1.257,0.611,-0.646,-1.63,0.249,False,共有
11,泰剧资源与观看渠道查询,助手头部1k,助手随机1k,4,1,955,982,0.419,0.102,-0.317,-0.976,0.221,False,共有
12,含“恋”影视与词条内容查找,助手头部1k,助手随机1k,7,1,955,982,0.733,0.102,-0.631,-1.408,-0.026,True,共有
13,奥特曼影视与角色查询,助手头部1k,助手随机1k,4,16,955,982,0.419,1.629,1.21,0.307,2.244,True,共有
14,鬼灭之刃等惊悚悬疑影视在线观看查询,助手头部1k,助手随机1k,15,12,955,982,1.571,1.222,-0.349,-1.481,0.744,False,共有
15,查找儿童动画片视频,助手头部1k,助手随机1k,28,47,955,982,2.932,4.786,1.854,0.127,3.619,True,共有
16,查询影视动漫游戏作品信息,助手头部1k,助手随机1k,22,39,955,982,2.304,3.971,1.668,0.102,3.279,True,共有
17,动画片查询观看,助手头部1k,助手随机1k,7,12,955,982,0.733,1.222,0.489,-0.443,1.467,False,共有
18,动漫免费在线观看,助手头部1k,助手随机1k,28,13,955,982,2.932,1.324,-1.608,-2.994,-0.318,True,共有
19,获取或生成视频,助手头部1k,助手随机1k,49,75,955,982,5.131,7.637,2.507,0.322,4.712,True,共有
2,虚构作品剧情设定查询与同人创作讨论,助手头部1k,助手随机1k,6,188,955,982,0.628,19.145,18.516,16.065,21.118,True,共有
20,影视剧演员表查询,助手头部1k,助手随机1k,53,35,955,982,5.55,3.564,-1.986,-3.9,-0.122,True,共有
22,影视动漫及娱乐视频查询,助手头部1k,助手随机1k,2,6,955,982,0.209,0.611,0.402,-0.241,1.133,False,共有
23,App下载安装渠道查询,助手头部1k,助手随机1k,1,3,955,982,0.105,0.305,0.201,-0.325,0.796,False,共有
24,查询直播平台与节目播出信息,助手头部1k,助手随机1k,4,6,955,982,0.419,0.611,0.192,-0.54,0.952,False,共有
25,查询哔哩哔哩平台入口及相关内容,助手头部1k,助手随机1k,6,5,955,982,0.628,0.509,-0.119,-0.91,0.639,False,共有
26,查询影视综艺免费观看资源,助手头部1k,助手随机1k,8,18,955,982,0.838,1.833,0.995,-0.054,2.12,False,共有
27,快手应用下载与使用查询,助手头部1k,助手随机1k,4,6,955,982,0.419,0.611,0.192,-0.54,0.952,False,共有
28,查询完整版视频免费观看资源,助手头部1k,助手随机1k,13,4,955,982,1.361,0.407,-0.954,-1.94,-0.104,True,共有
29,免费影视观看查询,助手头部1k,助手随机1k,3,9,955,982,0.314,0.916,0.602,-0.142,1.444,False,共有
3,查询影视剧名称与详情,助手头部1k,助手随机1k,18,52,955,982,1.885,5.295,3.41,1.774,5.137,True,共有
30,影视全集免费观看查询,助手头部1k,助手随机1k,14,8,955,982,1.466,0.815,-0.651,-1.71,0.331,False,共有
31,电影信息查询,助手头部1k,助手随机1k,47,41,955,982,4.921,4.175,-0.746,-2.647,1.128,False,共有
32,影视在线观看渠道查询,助手头部1k,助手随机1k,19,3,955,982,1.99,0.305,-1.684,-2.799,-0.76,True,共有
33,查询抖音功能设置与使用问题解决方法,助手头部1k,助手随机1k,2,25,955,982,0.209,2.546,2.336,1.352,3.531,True,共有
34,解析抖音作品分享口令,助手头部1k,助手随机1k,0,2,955,982,0.0,0.204,0.204,-0.223,0.74,False,b独有
36,抖音下载安装与客服查询,助手头部1k,助手随机1k,7,0,955,982,0.733,0.0,-0.733,-1.505,-0.19,True,a独有
37,免费电影在线观看,助手头部1k,助手随机1k,3,0,955,982,0.314,0.0,-0.314,-0.919,0.127,False,a独有
38,在线观看电影,助手头部1k,助手随机1k,8,5,955,982,0.838,0.509,-0.329,-1.186,0.464,False,共有
39,免费在线观看电视剧资源查找,助手头部1k,助手随机1k,33,0,955,982,3.455,0.0,-3.455,-4.813,-2.397,True,a独有
4,查询影视剧情介绍,助手头部1k,助手随机1k,30,13,955,982,3.141,1.324,-1.818,-3.236,-0.502,True,共有
40,影视在线观看查询,助手头部1k,助手随机1k,15,3,955,982,1.571,0.305,-1.265,-2.29,-0.413,True,共有
41,查询女性相关视频,助手头部1k,助手随机1k,10,19,955,982,1.047,1.935,0.888,-0.224,2.057,False,共有
42,影视作品资源与剧情查询,助手头部1k,助手随机1k,31,16,955,982,3.246,1.629,-1.617,-3.081,-0.237,True,共有
43,少女少年影视资源查询,助手头部1k,助手随机1k,10,1,955,982,1.047,0.102,-0.945,-1.819,-0.273,True,共有
44,查询姐姐/姐妹相关影视与人物信息,助手头部1k,助手随机1k,6,6,955,982,0.628,0.611,-0.017,-0.824,0.775,False,共有
45,美字相关影视视频与美容内容查询,助手头部1k,助手随机1k,13,8,955,982,1.361,0.815,-0.547,-1.581,0.42,False,共有
46,影视视频搜索播放,助手头部1k,助手随机1k,122,70,955,982,12.775,7.128,-5.647,-8.337,-2.991,True,共有
48,第三季影视免费在线观看查询,助手头部1k,助手随机1k,4,8,955,982,0.419,0.815,0.396,-0.371,1.221,False,共有
49,第一季影视动漫观看资源查询,助手头部1k,助手随机1k,6,3,955,982,0.628,0.305,-0.323,-1.086,0.357,False,共有
5,短剧免费全集观看查询,助手头部1k,助手随机1k,5,3,955,982,0.524,0.305,-0.218,-0.943,0.443,False,共有
50,查询影视动漫第二季在线观看资源,助手头部1k,助手随机1k,7,8,955,982,0.733,0.815,0.082,-0.789,0.952,False,共有
51,指定季数影视综免费在线观看查询,助手头部1k,助手随机1k,4,3,955,982,0.419,0.305,-0.113,-0.797,0.529,False,共有
52,奔跑吧各季节目查询观看,助手头部1k,助手随机1k,0,1,955,982,0.0,0.102,0.102,-0.307,0.575,False,b独有
53,查询电视剧,助手头部1k,助手随机1k,47,30,955,982,4.921,3.055,-1.866,-3.672,-0.117,True,共有
54,短剧查询与在线观看,助手头部1k,助手随机1k,34,18,955,982,3.56,1.833,-1.727,-3.256,-0.279,True,共有
55,韩剧在线观看资源查询,助手头部1k,助手随机1k,29,6,955,982,3.037,0.611,-2.426,-3.758,-1.265,True,共有
56,央视直播频道查询,助手头部1k,助手随机1k,6,5,955,982,0.628,0.509,-0.119,-0.91,0.639,False,共有
57,电视节目表查询,助手头部1k,助手随机1k,2,6,955,982,0.209,0.611,0.402,-0.241,1.133,False,共有
59,查询人物身份与关系结局,助手头部1k,助手随机1k,3,18,955,982,0.314,1.833,1.519,0.616,2.585,True,共有
6,电视剧免费观看资源查询,助手头部1k,助手随机1k,22,3,955,982,2.304,0.305,-1.998,-3.175,-1.023,True,共有
60,查找视频,助手头部1k,助手随机1k,50,19,955,982,5.236,1.935,-3.301,-5.045,-1.663,True,共有
61,查询视频平台与播放器访问入口,助手头部1k,助手随机1k,1,3,955,982,0.105,0.305,0.201,-0.325,0.796,False,共有
7,查询含“爱”字影视资源,助手头部1k,助手随机1k,17,4,955,982,1.78,0.407,-1.373,-2.454,-0.453,True,共有
8,查询电视剧《逆爱》在线观看资源,助手头部1k,助手随机1k,2,3,955,982,0.209,0.305,0.096,-0.491,0.704,False,共有
9,查询电视剧《爱情有烟火》免费观看资源,助手头部1k,助手随机1k,1,1,955,982,0.105,0.102,-0.003,-0.496,0.478,False,共有
0,查询剧情结局,助手头部1k,助手语音头部1k,35,2,955,999,3.665,0.2,-3.465,-4.862,-2.318,True,共有
1,查询影视剧集数与情节所在集数,助手头部1k,助手语音头部1k,16,1,955,999,1.675,0.1,-1.575,-2.607,-0.783,True,共有
10,查询爱情题材影视与情感类片段,助手头部1k,助手语音头部1k,12,7,955,999,1.257,0.701,-0.556,-1.55,0.357,False,共有
11,泰剧资源与观看渠道查询,助手头部1k,助手语音头部1k,4,4,955,999,0.419,0.4,-0.018,-0.716,0.656,False,共有
12,含“恋”影视与词条内容查找,助手头部1k,助手语音头部1k,7,3,955,999,0.733,0.3,-0.433,-1.23,0.258,False,共有
13,奥特曼影视与角色查询,助手头部1k,助手语音头部1k,4,12,955,999,0.419,1.201,0.782,-0.048,1.705,False,共有
14,鬼灭之刃等惊悚悬疑影视在线观看查询,助手头部1k,助手语音头部1k,15,56,955,999,1.571,5.606,4.035,2.421,5.753,True,共有
15,查找儿童动画片视频,助手头部1k,助手语音头部1k,28,53,955,999,2.932,5.305,2.373,0.606,4.18,True,共有
16,查询影视动漫游戏作品信息,助手头部1k,助手语音头部1k,22,39,955,999,2.304,3.904,1.6,0.046,3.191,True,共有
17,动画片查询观看,助手头部1k,助手语音头部1k,7,8,955,999,0.733,0.801,0.068,-0.799,0.927,False,共有
18,动漫免费在线观看,助手头部1k,助手语音头部1k,28,2,955,999,2.932,0.2,-2.732,-4.013,-1.693,True,共有
19,获取或生成视频,助手头部1k,助手语音头部1k,49,11,955,999,5.131,1.101,-4.03,-5.69,-2.531,True,共有
2,虚构作品剧情设定查询与同人创作讨论,助手头部1k,助手语音头部1k,6,0,955,999,0.628,0.0,-0.628,-1.364,-0.116,True,a独有
20,影视剧演员表查询,助手头部1k,助手语音头部1k,53,7,955,999,5.55,0.701,-4.849,-6.526,-3.37,True,共有
22,影视动漫及娱乐视频查询,助手头部1k,助手语音头部1k,2,1,955,999,0.209,0.1,-0.109,-0.666,0.38,False,共有
23,App下载安装渠道查询,助手头部1k,助手语音头部1k,1,3,955,999,0.105,0.3,0.196,-0.329,0.781,False,共有
24,查询直播平台与节目播出信息,助手头部1k,助手语音头部1k,4,7,955,999,0.419,0.701,0.282,-0.464,1.063,False,共有
25,查询哔哩哔哩平台入口及相关内容,助手头部1k,助手语音头部1k,6,6,955,999,0.628,0.601,-0.028,-0.832,0.754,False,共有
26,查询影视综艺免费观看资源,助手头部1k,助手语音头部1k,8,9,955,999,0.838,0.901,0.063,-0.849,0.965,False,共有
27,快手应用下载与使用查询,助手头部1k,助手语音头部1k,4,6,955,999,0.419,0.601,0.182,-0.548,0.93,False,共有
28,查询完整版视频免费观看资源,助手头部1k,助手语音头部1k,13,22,955,999,1.361,2.202,0.841,-0.368,2.086,False,共有
29,免费影视观看查询,助手头部1k,助手语音头部1k,3,12,955,999,0.314,1.201,0.887,0.094,1.798,True,共有
3,查询影视剧名称与详情,助手头部1k,助手语音头部1k,18,4,955,999,1.885,0.4,-1.484,-2.587,-0.554,True,共有
30,影视全集免费观看查询,助手头部1k,助手语音头部1k,14,29,955,999,1.466,2.903,1.437,0.124,2.806,True,共有
31,电影信息查询,助手头部1k,助手语音头部1k,47,48,955,999,4.921,4.805,-0.117,-2.063,1.811,False,共有
32,影视在线观看渠道查询,助手头部1k,助手语音头部1k,19,15,955,999,1.99,1.502,-0.488,-1.733,0.708,False,共有
33,查询抖音功能设置与使用问题解决方法,助手头部1k,助手语音头部1k,2,1,955,999,0.209,0.1,-0.109,-0.666,0.38,False,共有
34,解析抖音作品分享口令,助手头部1k,助手语音头部1k,0,1,955,999,0.0,0.1,0.1,-0.309,0.565,False,b独有
36,抖音下载安装与客服查询,助手头部1k,助手语音头部1k,7,8,955,999,0.733,0.801,0.068,-0.799,0.927,False,共有
37,免费电影在线观看,助手头部1k,助手语音头部1k,3,11,955,999,0.314,1.101,0.787,0.011,1.671,True,共有
38,在线观看电影,助手头部1k,助手语音头部1k,8,4,955,999,0.838,0.4,-0.437,-1.28,0.311,False,共有
39,免费在线观看电视剧资源查找,助手头部1k,助手语音头部1k,33,59,955,999,3.455,5.906,2.45,0.571,4.361,True,共有
4,查询影视剧情介绍,助手头部1k,助手语音头部1k,30,3,955,999,3.141,0.3,-2.841,-4.164,-1.744,True,共有
40,影视在线观看查询,助手头部1k,助手语音头部1k,15,27,955,999,1.571,2.703,1.132,-0.177,2.482,False,共有
41,查询女性相关视频,助手头部1k,助手语音头部1k,10,18,955,999,1.047,1.802,0.755,-0.336,1.888,False,共有
42,影视作品资源与剧情查询,助手头部1k,助手语音头部1k,31,36,955,999,3.246,3.604,0.358,-1.296,2.004,False,共有
43,少女少年影视资源查询,助手头部1k,助手语音头部1k,10,13,955,999,1.047,1.301,0.254,-0.769,1.284,False,共有
44,查询姐姐/姐妹相关影视与人物信息,助手头部1k,助手语音头部1k,6,15,955,999,0.628,1.502,0.873,-0.069,1.893,False,共有
45,美字相关影视视频与美容内容查询,助手头部1k,助手语音头部1k,13,15,955,999,1.361,1.502,0.14,-0.981,1.255,False,共有
46,影视视频搜索播放,助手头部1k,助手语音头部1k,122,195,955,999,12.775,19.52,6.745,3.487,9.984,True,共有
48,第三季影视免费在线观看查询,助手头部1k,助手语音头部1k,4,21,955,999,0.419,2.102,1.683,0.709,2.803,True,共有
49,第一季影视动漫观看资源查询,助手头部1k,助手语音头部1k,6,1,955,999,0.628,0.1,-0.528,-1.268,0.048,False,共有
5,短剧免费全集观看查询,助手头部1k,助手语音头部1k,5,2,955,999,0.524,0.2,-0.323,-1.035,0.283,False,共有
50,查询影视动漫第二季在线观看资源,助手头部1k,助手语音头部1k,7,2,955,999,0.733,0.2,-0.533,-1.319,0.115,False,共有
51,指定季数影视综免费在线观看查询,助手头部1k,助手语音头部1k,4,1,955,999,0.419,0.1,-0.319,-0.977,0.212,False,共有
52,奔跑吧各季节目查询观看,助手头部1k,助手语音头部1k,0,4,955,999,0.0,0.4,0.4,-0.069,1.025,False,b独有
53,查询电视剧,助手头部1k,助手语音头部1k,47,23,955,999,4.921,2.302,-2.619,-4.357,-0.971,True,共有
54,短剧查询与在线观看,助手头部1k,助手语音头部1k,34,2,955,999,3.56,0.2,-3.36,-4.741,-2.228,True,共有
55,韩剧在线观看资源查询,助手头部1k,助手语音头部1k,29,37,955,999,3.037,3.704,0.667,-0.968,2.305,False,共有
56,央视直播频道查询,助手头部1k,助手语音头部1k,6,47,955,999,0.628,4.705,4.076,2.713,5.61,True,共有
57,电视节目表查询,助手头部1k,助手语音头部1k,2,6,955,999,0.209,0.601,0.391,-0.249,1.111,False,共有
59,查询人物身份与关系结局,助手头部1k,助手语音头部1k,3,1,955,999,0.314,0.1,-0.214,-0.825,0.295,False,共有
6,电视剧免费观看资源查询,助手头部1k,助手语音头部1k,22,29,955,999,2.304,2.903,0.599,-0.853,2.059,False,共有
60,查找视频,助手头部1k,助手语音头部1k,50,24,955,999,5.236,2.402,-2.833,-4.615,-1.142,True,共有
61,查询视频平台与播放器访问入口,助手头部1k,助手语音头部1k,1,2,955,999,0.105,0.2,0.095,-0.412,0.629,False,共有
7,查询含“爱”字影视资源,助手头部1k,助手语音头部1k,17,10,955,999,1.78,1.001,-0.779,-1.926,0.286,False,共有
8,查询电视剧《逆爱》在线观看资源,助手头部1k,助手语音头部1k,2,1,955,999,0.209,0.1,-0.109,-0.666,0.38,False,共有
9,查询电视剧《爱情有烟火》免费观看资源,助手头部1k,助手语音头部1k,1,13,955,999,0.105,1.301,1.197,0.471,2.113,True,共有
0,查询剧情结局,助手头部1k,助手语音随机1k,35,9,955,1000,3.665,0.9,-2.765,-4.218,-1.469,True,共有
1,查询影视剧集数与情节所在集数,助手头部1k,助手语音随机1k,16,25,955,1000,1.675,2.5,0.825,-0.479,2.154,False,共有
10,查询爱情题材影视与情感类片段,助手头部1k,助手语音随机1k,12,8,955,1000,1.257,0.8,-0.457,-1.464,0.482,False,共有
11,泰剧资源与观看渠道查询,助手头部1k,助手语音随机1k,4,5,955,1000,0.419,0.5,0.081,-0.632,0.794,False,共有
12,含“恋”影视与词条内容查找,助手头部1k,助手语音随机1k,7,6,955,1000,0.733,0.6,-0.133,-0.971,0.665,False,共有
13,奥特曼影视与角色查询,助手头部1k,助手语音随机1k,4,22,955,1000,0.419,2.2,1.781,0.792,2.919,True,共有
14,鬼灭之刃等惊悚悬疑影视在线观看查询,助手头部1k,助手语音随机1k,15,24,955,1000,1.571,2.4,0.829,-0.444,2.131,False,共有
15,查找儿童动画片视频,助手头部1k,助手语音随机1k,28,86,955,1000,2.932,8.6,5.668,3.637,7.769,True,共有
16,查询影视动漫游戏作品信息,助手头部1k,助手语音随机1k,22,60,955,1000,2.304,6.0,3.696,1.947,5.518,True,共有
17,动画片查询观看,助手头部1k,助手语音随机1k,7,16,955,1000,0.733,1.6,0.867,-0.119,1.92,False,共有
18,动漫免费在线观看,助手头部1k,助手语音随机1k,28,8,955,1000,2.932,0.8,-2.132,-3.464,-0.95,True,共有
19,获取或生成视频,助手头部1k,助手语音随机1k,49,35,955,1000,5.131,3.5,-1.631,-3.493,0.179,False,共有
2,虚构作品剧情设定查询与同人创作讨论,助手头部1k,助手语音随机1k,6,37,955,1000,0.628,3.7,3.072,1.827,4.472,True,共有
20,影视剧演员表查询,助手头部1k,助手语音随机1k,53,49,955,1000,5.55,4.9,-0.65,-2.665,1.338,False,共有
22,影视动漫及娱乐视频查询,助手头部1k,助手语音随机1k,2,6,955,1000,0.209,0.6,0.391,-0.249,1.11,False,共有
23,App下载安装渠道查询,助手头部1k,助手语音随机1k,1,4,955,1000,0.105,0.4,0.295,-0.249,0.925,False,共有
24,查询直播平台与节目播出信息,助手头部1k,助手语音随机1k,4,8,955,1000,0.419,0.8,0.381,-0.382,1.193,False,共有
25,查询哔哩哔哩平台入口及相关内容,助手头部1k,助手语音随机1k,6,3,955,1000,0.628,0.3,-0.328,-1.09,0.343,False,共有
26,查询影视综艺免费观看资源,助手头部1k,助手语音随机1k,8,19,955,1000,0.838,1.9,1.062,0.007,2.189,True,共有
27,快手应用下载与使用查询,助手头部1k,助手语音随机1k,4,7,955,1000,0.419,0.7,0.281,-0.465,1.062,False,共有
28,查询完整版视频免费观看资源,助手头部1k,助手语音随机1k,13,15,955,1000,1.361,1.5,0.139,-0.982,1.252,False,共有
29,免费影视观看查询,助手头部1k,助手语音随机1k,3,16,955,1000,0.314,1.6,1.286,0.424,2.291,True,共有
3,查询影视剧名称与详情,助手头部1k,助手语音随机1k,18,28,955,1000,1.885,2.8,0.915,-0.459,2.314,False,共有
30,影视全集免费观看查询,助手头部1k,助手语音随机1k,14,24,955,1000,1.466,2.4,0.934,-0.319,2.224,False,共有
31,电影信息查询,助手头部1k,助手语音随机1k,47,66,955,1000,4.921,6.6,1.679,-0.405,3.769,False,共有
32,影视在线观看渠道查询,助手头部1k,助手语音随机1k,19,3,955,1000,1.99,0.3,-1.69,-2.804,-0.772,True,共有
33,查询抖音功能设置与使用问题解决方法,助手头部1k,助手语音随机1k,2,25,955,1000,0.209,2.5,2.291,1.318,3.465,True,共有
36,抖音下载安装与客服查询,助手头部1k,助手语音随机1k,7,3,955,1000,0.733,0.3,-0.433,-1.23,0.258,False,共有
37,免费电影在线观看,助手头部1k,助手语音随机1k,3,8,955,1000,0.314,0.8,0.486,-0.236,1.284,False,共有
38,在线观看电影,助手头部1k,助手语音随机1k,8,8,955,1000,0.838,0.8,-0.038,-0.935,0.836,False,共有
39,免费在线观看电视剧资源查找,助手头部1k,助手语音随机1k,33,4,955,1000,3.455,0.4,-3.055,-4.435,-1.89,True,共有
4,查询影视剧情介绍,助手头部1k,助手语音随机1k,30,6,955,1000,3.141,0.6,-2.541,-3.889,-1.374,True,共有
40,影视在线观看查询,助手头部1k,助手语音随机1k,15,9,955,1000,1.571,0.9,-0.671,-1.762,0.341,False,共有
41,查询女性相关视频,助手头部1k,助手语音随机1k,10,21,955,1000,1.047,2.1,1.053,-0.078,2.242,False,共有
42,影视作品资源与剧情查询,助手头部1k,助手语音随机1k,31,21,955,1000,3.246,2.1,-1.146,-2.655,0.299,False,共有
43,少女少年影视资源查询,助手头部1k,助手语音随机1k,10,5,955,1000,1.047,0.5,-0.547,-1.463,0.272,False,共有
44,查询姐姐/姐妹相关影视与人物信息,助手头部1k,助手语音随机1k,6,7,955,1000,0.628,0.7,0.072,-0.747,0.884,False,共有
45,美字相关影视视频与美容内容查询,助手头部1k,助手语音随机1k,13,16,955,1000,1.361,1.6,0.239,-0.895,1.372,False,共有
46,影视视频搜索播放,助手头部1k,助手语音随机1k,122,93,955,1000,12.775,9.3,-3.475,-6.278,-0.697,True,共有
48,第三季影视免费在线观看查询,助手头部1k,助手语音随机1k,4,15,955,1000,0.419,1.5,1.081,0.202,2.075,True,共有
49,第一季影视动漫观看资源查询,助手头部1k,助手语音随机1k,6,4,955,1000,0.628,0.4,-0.228,-1.003,0.482,False,共有
5,短剧免费全集观看查询,助手头部1k,助手语音随机1k,5,2,955,1000,0.524,0.2,-0.324,-1.035,0.282,False,共有
50,查询影视动漫第二季在线观看资源,助手头部1k,助手语音随机1k,7,8,955,1000,0.733,0.8,0.067,-0.8,0.925,False,共有
51,指定季数影视综免费在线观看查询,助手头部1k,助手语音随机1k,4,8,955,1000,0.419,0.8,0.381,-0.382,1.193,False,共有
52,奔跑吧各季节目查询观看,助手头部1k,助手语音随机1k,0,2,955,1000,0.0,0.2,0.2,-0.226,0.726,False,b独有
53,查询电视剧,助手头部1k,助手语音随机1k,47,36,955,1000,4.921,3.6,-1.321,-3.17,0.48,False,共有
54,短剧查询与在线观看,助手头部1k,助手语音随机1k,34,9,955,1000,3.56,0.9,-2.66,-4.098,-1.377,True,共有
55,韩剧在线观看资源查询,助手头部1k,助手语音随机1k,29,6,955,1000,3.037,0.6,-2.437,-3.767,-1.284,True,共有
56,央视直播频道查询,助手头部1k,助手语音随机1k,6,12,955,1000,0.628,1.2,0.572,-0.325,1.52,False,共有
57,电视节目表查询,助手头部1k,助手语音随机1k,2,5,955,1000,0.209,0.5,0.291,-0.33,0.973,False,共有
59,查询人物身份与关系结局,助手头部1k,助手语音随机1k,3,8,955,1000,0.314,0.8,0.486,-0.236,1.284,False,共有
6,电视剧免费观看资源查询,助手头部1k,助手语音随机1k,22,9,955,1000,2.304,0.9,-1.404,-2.639,-0.287,True,共有
60,查找视频,助手头部1k,助手语音随机1k,50,44,955,1000,5.236,4.4,-0.836,-2.781,1.077,False,共有
61,查询视频平台与播放器访问入口,助手头部1k,助手语音随机1k,1,3,955,1000,0.105,0.3,0.195,-0.329,0.78,False,共有
7,查询含“爱”字影视资源,助手头部1k,助手语音随机1k,17,10,955,1000,1.78,1.0,-0.78,-1.927,0.285,False,共有
8,查询电视剧《逆爱》在线观看资源,助手头部1k,助手语音随机1k,2,0,955,1000,0.209,0.0,-0.209,-0.76,0.202,False,a独有
9,查询电视剧《爱情有烟火》免费观看资源,助手头部1k,助手语音随机1k,1,4,955,1000,0.105,0.4,0.295,-0.249,0.925,False,共有
0,查询剧情结局,助手随机1k,助手语音头部1k,23,2,982,999,2.342,0.2,-2.142,-3.299,-1.204,True,共有
1,查询影视剧集数与情节所在集数,助手随机1k,助手语音头部1k,43,1,982,999,4.379,0.1,-4.279,-5.748,-3.074,True,共有
10,查询爱情题材影视与情感类片段,助手随机1k,助手语音头部1k,6,7,982,999,0.611,0.701,0.09,-0.712,0.899,False,共有
11,泰剧资源与观看渠道查询,助手随机1k,助手语音头部1k,1,4,982,999,0.102,0.4,0.299,-0.234,0.929,False,共有
12,含“恋”影视与词条内容查找,助手随机1k,助手语音头部1k,1,3,982,999,0.102,0.3,0.198,-0.314,0.783,False,共有
13,奥特曼影视与角色查询,助手随机1k,助手语音头部1k,16,12,982,999,1.629,1.201,-0.428,-1.553,0.656,False,共有
14,鬼灭之刃等惊悚悬疑影视在线观看查询,助手随机1k,助手语音头部1k,12,56,982,999,1.222,5.606,4.384,2.831,6.07,True,共有
15,查找儿童动画片视频,助手随机1k,助手语音头部1k,47,53,982,999,4.786,5.305,0.519,-1.434,2.475,False,共有
16,查询影视动漫游戏作品信息,助手随机1k,助手语音头部1k,39,39,982,999,3.971,3.904,-0.068,-1.818,1.675,False,共有
17,动画片查询观看,助手随机1k,助手语音头部1k,12,8,982,999,1.222,0.801,-0.421,-1.405,0.51,False,共有
18,动漫免费在线观看,助手随机1k,助手语音头部1k,13,2,982,999,1.324,0.2,-1.124,-2.063,-0.363,True,共有
19,获取或生成视频,助手随机1k,助手语音头部1k,75,11,982,999,7.637,1.101,-6.536,-8.431,-4.807,True,共有
2,虚构作品剧情设定查询与同人创作讨论,助手随机1k,助手语音头部1k,188,0,982,999,19.145,0.0,-19.145,-21.724,-16.775,True,a独有
20,影视剧演员表查询,助手随机1k,助手语音头部1k,35,7,982,999,3.564,0.701,-2.863,-4.263,-1.628,True,共有
22,影视动漫及娱乐视频查询,助手随机1k,助手语音头部1k,6,1,982,999,0.611,0.1,-0.511,-1.231,0.059,False,共有
23,App下载安装渠道查询,助手随机1k,助手语音头部1k,3,3,982,999,0.305,0.3,-0.005,-0.626,0.608,False,共有
24,查询直播平台与节目播出信息,助手随机1k,助手语音头部1k,6,7,982,999,0.611,0.701,0.09,-0.712,0.899,False,共有
25,查询哔哩哔哩平台入口及相关内容,助手随机1k,助手语音头部1k,5,6,982,999,0.509,0.601,0.091,-0.66,0.853,False,共有
26,查询影视综艺免费观看资源,助手随机1k,助手语音头部1k,18,9,982,999,1.833,0.901,-0.932,-2.061,0.114,False,共有
27,快手应用下载与使用查询,助手随机1k,助手语音头部1k,6,6,982,999,0.611,0.601,-0.01,-0.796,0.767,False,共有
28,查询完整版视频免费观看资源,助手随机1k,助手语音头部1k,4,22,982,999,0.407,2.202,1.795,0.817,2.932,True,共有
29,免费影视观看查询,助手随机1k,助手语音头部1k,9,12,982,999,0.916,1.201,0.285,-0.679,1.272,False,共有
3,查询影视剧名称与详情,助手随机1k,助手语音头部1k,52,4,982,999,5.295,0.4,-4.895,-6.497,-3.511,True,共有
30,影视全集免费观看查询,助手随机1k,助手语音头部1k,8,29,982,999,0.815,2.903,2.088,0.914,3.387,True,共有
31,电影信息查询,助手随机1k,助手语音头部1k,41,48,982,999,4.175,4.805,0.63,-1.22,2.486,False,共有
32,影视在线观看渠道查询,助手随机1k,助手语音头部1k,3,15,982,999,0.305,1.502,1.196,0.363,2.178,True,共有
33,查询抖音功能设置与使用问题解决方法,助手随机1k,助手语音头部1k,25,1,982,999,2.546,0.1,-2.446,-3.634,-1.507,True,共有
34,解析抖音作品分享口令,助手随机1k,助手语音头部1k,2,1,982,999,0.204,0.1,-0.104,-0.646,0.384,False,共有
36,抖音下载安装与客服查询,助手随机1k,助手语音头部1k,0,8,982,999,0.0,0.801,0.801,0.246,1.572,True,b独有
37,免费电影在线观看,助手随机1k,助手语音头部1k,0,11,982,999,0.0,1.101,1.101,0.479,1.961,True,b独有
38,在线观看电影,助手随机1k,助手语音头部1k,5,4,982,999,0.509,0.4,-0.109,-0.829,0.58,False,共有
39,免费在线观看电视剧资源查找,助手随机1k,助手语音头部1k,0,59,982,999,0.0,5.906,5.906,4.549,7.544,True,b独有
4,查询影视剧情介绍,助手随机1k,助手语音头部1k,13,3,982,999,1.324,0.3,-1.024,-1.972,-0.226,True,共有
40,影视在线观看查询,助手随机1k,助手语音头部1k,3,27,982,999,0.305,2.703,2.397,1.372,3.615,True,共有
41,查询女性相关视频,助手随机1k,助手语音头部1k,19,18,982,999,1.935,1.802,-0.133,-1.387,1.107,False,共有
42,影视作品资源与剧情查询,助手随机1k,助手语音头部1k,16,36,982,999,1.629,3.604,1.974,0.567,3.457,True,共有
43,少女少年影视资源查询,助手随机1k,助手语音头部1k,1,13,982,999,0.102,1.301,1.199,0.482,2.116,True,共有
44,查询姐姐/姐妹相关影视与人物信息,助手随机1k,助手语音头部1k,6,15,982,999,0.611,1.502,0.891,-0.037,1.907,False,共有
45,美字相关影视视频与美容内容查询,助手随机1k,助手语音头部1k,8,15,982,999,0.815,1.502,0.687,-0.295,1.728,False,共有
46,影视视频搜索播放,助手随机1k,助手语音头部1k,70,195,982,999,7.128,19.52,12.391,9.451,15.343,True,共有
48,第三季影视免费在线观看查询,助手随机1k,助手语音头部1k,8,21,982,999,0.815,2.102,1.287,0.22,2.449,True,共有
49,第一季影视动漫观看资源查询,助手随机1k,助手语音头部1k,3,1,982,999,0.305,0.1,-0.205,-0.8,0.301,False,共有
5,短剧免费全集观看查询,助手随机1k,助手语音头部1k,3,2,982,999,0.305,0.2,-0.105,-0.712,0.459,False,共有
50,查询影视动漫第二季在线观看资源,助手随机1k,助手语音头部1k,8,2,982,999,0.815,0.2,-0.614,-1.412,0.048,False,共有
51,指定季数影视综免费在线观看查询,助手随机1k,助手语音头部1k,3,1,982,999,0.305,0.1,-0.205,-0.8,0.301,False,共有
52,奔跑吧各季节目查询观看,助手随机1k,助手语音头部1k,1,4,982,999,0.102,0.4,0.299,-0.234,0.929,False,共有
53,查询电视剧,助手随机1k,助手语音头部1k,30,23,982,999,3.055,2.302,-0.753,-2.237,0.695,False,共有
54,短剧查询与在线观看,助手随机1k,助手语音头部1k,18,2,982,999,1.833,0.2,-1.633,-2.689,-0.78,True,共有
55,韩剧在线观看资源查询,助手随机1k,助手语音头部1k,6,37,982,999,0.611,3.704,3.093,1.859,4.492,True,共有
56,央视直播频道查询,助手随机1k,助手语音头部1k,5,47,982,999,0.509,4.705,4.196,2.862,5.719,True,共有
57,电视节目表查询,助手随机1k,助手语音头部1k,6,6,982,999,0.611,0.601,-0.01,-0.796,0.767,False,共有
59,查询人物身份与关系结局,助手随机1k,助手语音头部1k,18,1,982,999,1.833,0.1,-1.733,-2.782,-0.917,True,共有
6,电视剧免费观看资源查询,助手随机1k,助手语音头部1k,3,29,982,999,0.305,2.903,2.597,1.543,3.849,True,共有
60,查找视频,助手随机1k,助手语音头部1k,19,24,982,999,1.935,2.402,0.468,-0.856,1.808,False,共有
61,查询视频平台与播放器访问入口,助手随机1k,助手语音头部1k,3,2,982,999,0.305,0.2,-0.105,-0.712,0.459,False,共有
7,查询含“爱”字影视资源,助手随机1k,助手语音头部1k,4,10,982,999,0.407,1.001,0.594,-0.189,1.462,False,共有
8,查询电视剧《逆爱》在线观看资源,助手随机1k,助手语音头部1k,3,1,982,999,0.305,0.1,-0.205,-0.8,0.301,False,共有
9,查询电视剧《爱情有烟火》免费观看资源,助手随机1k,助手语音头部1k,1,13,982,999,0.102,1.301,1.199,0.482,2.116,True,共有
0,查询剧情结局,助手随机1k,助手语音随机1k,23,9,982,1000,2.342,0.9,-1.442,-2.666,-0.326,True,共有
1,查询影视剧集数与情节所在集数,助手随机1k,助手语音随机1k,43,25,982,1000,4.379,2.5,-1.879,-3.551,-0.269,True,共有
10,查询爱情题材影视与情感类片段,助手随机1k,助手语音随机1k,6,8,982,1000,0.611,0.8,0.189,-0.628,1.028,False,共有
11,泰剧资源与观看渠道查询,助手随机1k,助手语音随机1k,1,5,982,1000,0.102,0.5,0.398,-0.154,1.069,False,共有
12,含“恋”影视与词条内容查找,助手随机1k,助手语音随机1k,1,6,982,1000,0.102,0.6,0.498,-0.075,1.206,False,共有
13,奥特曼影视与角色查询,助手随机1k,助手语音随机1k,16,22,982,1000,1.629,2.2,0.571,-0.676,1.843,False,共有
14,鬼灭之刃等惊悚悬疑影视在线观看查询,助手随机1k,助手语音随机1k,12,24,982,1000,1.222,2.4,1.178,-0.016,2.437,False,共有
15,查找儿童动画片视频,助手随机1k,助手语音随机1k,47,86,982,1000,4.786,8.6,3.814,1.619,6.044,True,共有
16,查询影视动漫游戏作品信息,助手随机1k,助手语音随机1k,39,60,982,1000,3.971,6.0,2.029,0.103,3.983,True,共有
17,动画片查询观看,助手随机1k,助手语音随机1k,12,16,982,1000,1.222,1.6,0.378,-0.712,1.491,False,共有
18,动漫免费在线观看,助手随机1k,助手语音随机1k,13,8,982,1000,1.324,0.8,-0.524,-1.532,0.422,False,共有
19,获取或生成视频,助手随机1k,助手语音随机1k,75,35,982,1000,7.637,3.5,-4.137,-6.211,-2.133,True,共有
2,虚构作品剧情设定查询与同人创作讨论,助手随机1k,助手语音随机1k,188,37,982,1000,19.145,3.7,-15.445,-18.212,-12.74,True,共有
20,影视剧演员表查询,助手随机1k,助手语音随机1k,35,49,982,1000,3.564,4.9,1.336,-0.455,3.149,False,共有
22,影视动漫及娱乐视频查询,助手随机1k,助手语音随机1k,6,6,982,1000,0.611,0.6,-0.011,-0.797,0.766,False,共有
23,App下载安装渠道查询,助手随机1k,助手语音随机1k,3,4,982,1000,0.305,0.4,0.095,-0.543,0.75,False,共有
24,查询直播平台与节目播出信息,助手随机1k,助手语音随机1k,6,8,982,1000,0.611,0.8,0.189,-0.628,1.028,False,共有
25,查询哔哩哔哩平台入口及相关内容,助手随机1k,助手语音随机1k,5,3,982,1000,0.509,0.3,-0.209,-0.915,0.438,False,共有
26,查询影视综艺免费观看资源,助手随机1k,助手语音随机1k,18,19,982,1000,1.833,1.9,0.067,-1.181,1.311,False,共有
27,快手应用下载与使用查询,助手随机1k,助手语音随机1k,6,7,982,1000,0.611,0.7,0.089,-0.712,0.898,False,共有
28,查询完整版视频免费观看资源,助手随机1k,助手语音随机1k,4,15,982,1000,0.407,1.5,1.093,0.226,2.084,True,共有
29,免费影视观看查询,助手随机1k,助手语音随机1k,9,16,982,1000,0.916,1.6,0.684,-0.337,1.758,False,共有
3,查询影视剧名称与详情,助手随机1k,助手语音随机1k,52,28,982,1000,5.295,2.8,-2.495,-4.295,-0.762,True,共有
30,影视全集免费观看查询,助手随机1k,助手语音随机1k,8,24,982,1000,0.815,2.4,1.585,0.478,2.8,True,共有
31,电影信息查询,助手随机1k,助手语音随机1k,41,66,982,1000,4.175,6.6,2.425,0.431,4.45,True,共有
32,影视在线观看渠道查询,助手随机1k,助手语音随机1k,3,3,982,1000,0.305,0.3,-0.005,-0.627,0.607,False,共有
33,查询抖音功能设置与使用问题解决方法,助手随机1k,助手语音随机1k,25,25,982,1000,2.546,2.5,-0.046,-1.476,1.376,False,共有
34,解析抖音作品分享口令,助手随机1k,助手语音随机1k,2,0,982,1000,0.204,0.0,-0.204,-0.74,0.207,False,a独有
36,抖音下载安装与客服查询,助手随机1k,助手语音随机1k,0,3,982,1000,0.0,0.3,0.3,-0.137,0.878,False,b独有
37,免费电影在线观看,助手随机1k,助手语音随机1k,0,8,982,1000,0.0,0.8,0.8,0.246,1.571,True,b独有
38,在线观看电影,助手随机1k,助手语音随机1k,5,8,982,1000,0.509,0.8,0.291,-0.493,1.115,False,共有
39,免费在线观看电视剧资源查找,助手随机1k,助手语音随机1k,0,4,982,1000,0.0,0.4,0.4,-0.06,1.024,False,b独有
4,查询影视剧情介绍,助手随机1k,助手语音随机1k,13,6,982,1000,1.324,0.6,-0.724,-1.707,0.168,False,共有
40,影视在线观看查询,助手随机1k,助手语音随机1k,3,9,982,1000,0.305,0.9,0.595,-0.132,1.421,False,共有
41,查询女性相关视频,助手随机1k,助手语音随机1k,19,21,982,1000,1.935,2.1,0.165,-1.124,1.456,False,共有
42,影视作品资源与剧情查询,助手随机1k,助手语音随机1k,16,21,982,1000,1.629,2.1,0.471,-0.764,1.726,False,共有
43,少女少年影视资源查询,助手随机1k,助手语音随机1k,1,5,982,1000,0.102,0.5,0.398,-0.154,1.069,False,共有
44,查询姐姐/姐妹相关影视与人物信息,助手随机1k,助手语音随机1k,6,7,982,1000,0.611,0.7,0.089,-0.712,0.898,False,共有
45,美字相关影视视频与美容内容查询,助手随机1k,助手语音随机1k,8,16,982,1000,0.815,1.6,0.785,-0.21,1.847,False,共有
46,影视视频搜索播放,助手随机1k,助手语音随机1k,70,93,982,1000,7.128,9.3,2.172,-0.255,4.608,False,共有
48,第三季影视免费在线观看查询,助手随机1k,助手语音随机1k,8,15,982,1000,0.815,1.5,0.685,-0.296,1.726,False,共有
49,第一季影视动漫观看资源查询,助手随机1k,助手语音随机1k,3,4,982,1000,0.305,0.4,0.095,-0.543,0.75,False,共有
5,短剧免费全集观看查询,助手随机1k,助手语音随机1k,3,2,982,1000,0.305,0.2,-0.105,-0.712,0.458,False,共有
50,查询影视动漫第二季在线观看资源,助手随机1k,助手语音随机1k,8,8,982,1000,0.815,0.8,-0.015,-0.893,0.854,False,共有
51,指定季数影视综免费在线观看查询,助手随机1k,助手语音随机1k,3,8,982,1000,0.305,0.8,0.495,-0.214,1.291,False,共有
52,奔跑吧各季节目查询观看,助手随机1k,助手语音随机1k,1,2,982,1000,0.102,0.2,0.098,-0.396,0.631,False,共有
53,查询电视剧,助手随机1k,助手语音随机1k,30,36,982,1000,3.055,3.6,0.545,-1.066,2.166,False,共有
54,短剧查询与在线观看,助手随机1k,助手语音随机1k,18,9,982,1000,1.833,0.9,-0.933,-2.062,0.112,False,共有
55,韩剧在线观看资源查询,助手随机1k,助手语音随机1k,6,6,982,1000,0.611,0.6,-0.011,-0.797,0.766,False,共有
56,央视直播频道查询,助手随机1k,助手语音随机1k,5,12,982,1000,0.509,1.2,0.691,-0.158,1.623,False,共有
57,电视节目表查询,助手随机1k,助手语音随机1k,6,5,982,1000,0.611,0.5,-0.111,-0.882,0.632,False,共有
59,查询人物身份与关系结局,助手随机1k,助手语音随机1k,18,8,982,1000,1.833,0.8,-1.033,-2.151,-0.012,True,共有
6,电视剧免费观看资源查询,助手随机1k,助手语音随机1k,3,9,982,1000,0.305,0.9,0.595,-0.132,1.421,False,共有
60,查找视频,助手随机1k,助手语音随机1k,19,44,982,1000,1.935,4.4,2.465,0.928,4.077,True,共有
61,查询视频平台与播放器访问入口,助手随机1k,助手语音随机1k,3,3,982,1000,0.305,0.3,-0.005,-0.627,0.607,False,共有
7,查询含“爱”字影视资源,助手随机1k,助手语音随机1k,4,10,982,1000,0.407,1.0,0.593,-0.189,1.46,False,共有
8,查询电视剧《逆爱》在线观看资源,助手随机1k,助手语音随机1k,3,0,982,1000,0.305,0.0,-0.305,-0.894,0.127,False,a独有
9,查询电视剧《爱情有烟火》免费观看资源,助手随机1k,助手语音随机1k,1,4,982,1000,0.102,0.4,0.298,-0.234,0.928,False,共有
0,查询剧情结局,助手语音头部1k,助手语音随机1k,2,9,999,1000,0.2,0.9,0.7,0.022,1.514,True,共有
1,查询影视剧集数与情节所在集数,助手语音头部1k,助手语音随机1k,1,25,999,1000,0.1,2.5,2.4,1.474,3.567,True,共有
10,查询爱情题材影视与情感类片段,助手语音头部1k,助手语音随机1k,7,8,999,1000,0.701,0.8,0.099,-0.738,0.95,False,共有
11,泰剧资源与观看渠道查询,助手语音头部1k,助手语音随机1k,4,5,999,1000,0.4,0.5,0.1,-0.587,0.808,False,共有
12,含“恋”影视与词条内容查找,助手语音头部1k,助手语音随机1k,3,6,999,1000,0.3,0.6,0.3,-0.364,1.03,False,共有
13,奥特曼影视与角色查询,助手语音头部1k,助手语音随机1k,12,22,999,1000,1.201,2.2,0.999,-0.158,2.22,False,共有
14,鬼灭之刃等惊悚悬疑影视在线观看查询,助手语音头部1k,助手语音随机1k,56,24,999,1000,5.606,2.4,-3.206,-4.99,-1.499,True,共有
15,查找儿童动画片视频,助手语音头部1k,助手语音随机1k,53,86,999,1000,5.305,8.6,3.295,1.066,5.556,True,共有
16,查询影视动漫游戏作品信息,助手语音头部1k,助手语音随机1k,39,60,999,1000,3.904,6.0,2.096,0.187,4.041,True,共有
17,动画片查询观看,助手语音头部1k,助手语音随机1k,8,16,999,1000,0.801,1.6,0.799,-0.186,1.859,False,共有
18,动漫免费在线观看,助手语音头部1k,助手语音随机1k,2,8,999,1000,0.2,0.8,0.6,-0.058,1.384,False,共有
19,获取或生成视频,助手语音头部1k,助手语音随机1k,11,35,999,1000,1.101,3.5,2.399,1.101,3.813,True,共有
2,虚构作品剧情设定查询与同人创作讨论,助手语音头部1k,助手语音随机1k,0,37,999,1000,0.0,3.7,3.7,2.626,5.058,True,b独有
20,影视剧演员表查询,助手语音头部1k,助手语音随机1k,7,49,999,1000,0.701,4.9,4.199,2.812,5.761,True,共有
22,影视动漫及娱乐视频查询,助手语音头部1k,助手语音随机1k,1,6,999,1000,0.1,0.6,0.5,-0.067,1.208,False,共有
23,App下载安装渠道查询,助手语音头部1k,助手语音随机1k,3,4,999,1000,0.3,0.4,0.1,-0.529,0.754,False,共有
24,查询直播平台与节目播出信息,助手语音头部1k,助手语音随机1k,7,8,999,1000,0.701,0.8,0.099,-0.738,0.95,False,共有
25,查询哔哩哔哩平台入口及相关内容,助手语音头部1k,助手语音随机1k,6,3,999,1000,0.601,0.3,-0.301,-1.031,0.363,False,共有
26,查询影视综艺免费观看资源,助手语音头部1k,助手语音随机1k,9,19,999,1000,0.901,1.9,0.999,-0.053,2.131,False,共有
27,快手应用下载与使用查询,助手语音头部1k,助手语音随机1k,6,7,999,1000,0.601,0.7,0.099,-0.691,0.906,False,共有
28,查询完整版视频免费观看资源,助手语音头部1k,助手语音随机1k,22,15,999,1000,2.202,1.5,-0.702,-1.958,0.512,False,共有
29,免费影视观看查询,助手语音头部1k,助手语音随机1k,12,16,999,1000,1.201,1.6,0.399,-0.679,1.508,False,共有
3,查询影视剧名称与详情,助手语音头部1k,助手语音随机1k,4,28,999,1000,0.4,2.8,2.4,1.34,3.641,True,共有
30,影视全集免费观看查询,助手语音头部1k,助手语音随机1k,29,24,999,1000,2.903,2.4,-0.503,-1.965,0.939,False,共有
31,电影信息查询,助手语音头部1k,助手语音随机1k,48,66,999,1000,4.805,6.6,1.795,-0.248,3.863,False,共有
32,影视在线观看渠道查询,助手语音头部1k,助手语音随机1k,15,3,999,1000,1.502,0.3,-1.202,-2.183,-0.376,True,共有
33,查询抖音功能设置与使用问题解决方法,助手语音头部1k,助手语音随机1k,1,25,999,1000,0.1,2.5,2.4,1.474,3.567,True,共有
34,解析抖音作品分享口令,助手语音头部1k,助手语音随机1k,1,0,999,1000,0.1,0.0,-0.1,-0.565,0.291,False,a独有
36,抖音下载安装与客服查询,助手语音头部1k,助手语音随机1k,8,3,999,1000,0.801,0.3,-0.501,-1.297,0.199,False,共有
37,免费电影在线观看,助手语音头部1k,助手语音随机1k,11,8,999,1000,1.101,0.8,-0.301,-1.247,0.61,False,共有
38,在线观看电影,助手语音头部1k,助手语音随机1k,4,8,999,1000,0.4,0.8,0.4,-0.339,1.208,False,共有
39,免费在线观看电视剧资源查找,助手语音头部1k,助手语音随机1k,59,4,999,1000,5.906,0.4,-5.506,-7.162,-4.064,True,共有
4,查询影视剧情介绍,助手语音头部1k,助手语音随机1k,3,6,999,1000,0.3,0.6,0.3,-0.364,1.03,False,共有
40,影视在线观看查询,助手语音头部1k,助手语音随机1k,27,9,999,1000,2.703,0.9,-1.803,-3.077,-0.643,True,共有
41,查询女性相关视频,助手语音头部1k,助手语音随机1k,18,21,999,1000,1.802,2.1,0.298,-0.959,1.571,False,共有
42,影视作品资源与剧情查询,助手语音头部1k,助手语音随机1k,36,21,999,1000,3.604,2.1,-1.504,-3.03,-0.032,True,共有
43,少女少年影视资源查询,助手语音头部1k,助手语音随机1k,13,5,999,1000,1.301,0.5,-0.801,-1.757,0.055,False,共有
44,查询姐姐/姐妹相关影视与人物信息,助手语音头部1k,助手语音随机1k,15,7,999,1000,1.502,0.7,-0.802,-1.828,0.143,False,共有
45,美字相关影视视频与美容内容查询,助手语音头部1k,助手语音随机1k,15,16,999,1000,1.502,1.6,0.098,-1.041,1.245,False,共有
46,影视视频搜索播放,助手语音头部1k,助手语音随机1k,195,93,999,1000,19.52,9.3,-10.22,-13.275,-7.168,True,共有
48,第三季影视免费在线观看查询,助手语音头部1k,助手语音随机1k,21,15,999,1000,2.102,1.5,-0.602,-1.841,0.6,False,共有
49,第一季影视动漫观看资源查询,助手语音头部1k,助手语音随机1k,1,4,999,1000,0.1,0.4,0.3,-0.225,0.929,False,共有
5,短剧免费全集观看查询,助手语音头部1k,助手语音随机1k,2,2,999,1000,0.2,0.2,-0.0,-0.547,0.546,False,共有
50,查询影视动漫第二季在线观看资源,助手语音头部1k,助手语音随机1k,2,8,999,1000,0.2,0.8,0.6,-0.058,1.384,False,共有
51,指定季数影视综免费在线观看查询,助手语音头部1k,助手语音随机1k,1,8,999,1000,0.1,0.8,0.7,0.091,1.475,True,共有
52,奔跑吧各季节目查询观看,助手语音头部1k,助手语音随机1k,4,2,999,1000,0.4,0.2,-0.2,-0.842,0.38,False,共有
53,查询电视剧,助手语音头部1k,助手语音随机1k,23,36,999,1000,2.302,3.6,1.298,-0.203,2.843,False,共有
54,短剧查询与在线观看,助手语音头部1k,助手语音随机1k,2,9,999,1000,0.2,0.9,0.7,0.022,1.514,True,共有
55,韩剧在线观看资源查询,助手语音头部1k,助手语音随机1k,37,6,999,1000,3.704,0.6,-3.104,-4.502,-1.877,True,共有
56,央视直播频道查询,助手语音头部1k,助手语音随机1k,47,12,999,1000,4.705,1.2,-3.505,-5.085,-2.054,True,共有
57,电视节目表查询,助手语音头部1k,助手语音随机1k,6,5,999,1000,0.601,0.5,-0.101,-0.86,0.64,False,共有
59,查询人物身份与关系结局,助手语音头部1k,助手语音随机1k,1,8,999,1000,0.1,0.8,0.7,0.091,1.475,True,共有
6,电视剧免费观看资源查询,助手语音头部1k,助手语音随机1k,29,9,999,1000,2.903,0.9,-2.003,-3.309,-0.817,True,共有
60,查找视频,助手语音头部1k,助手语音随机1k,24,44,999,1000,2.402,4.4,1.998,0.404,3.65,True,共有
61,查询视频平台与播放器访问入口,助手语音头部1k,助手语音随机1k,2,3,999,1000,0.2,0.3,0.1,-0.463,0.696,False,共有
7,查询含“爱”字影视资源,助手语音头部1k,助手语音随机1k,10,10,999,1000,1.001,1.0,-0.001,-0.95,0.947,False,共有
8,查询电视剧《逆爱》在线观看资源,助手语音头部1k,助手语音随机1k,1,0,999,1000,0.1,0.0,-0.1,-0.565,0.291,False,a独有
9,查询电视剧《爱情有烟火》免费观看资源,助手语音头部1k,助手语音随机1k,13,4,999,1000,1.301,0.4,-0.901,-1.846,-0.077,True,共有
