source,label,rank,query,pv_raw,tier
2025search,60,top_pv,今日金价,500270.0,user
2025search,60,top_pv,金价今天什么价格,8789.0,user
2025search,60,top_pv,金价格今日最新,7200.0,user
2025search,60,top_pv,今日黄金,6757.0,user
2025search,60,top_pv,今日铂金,5155.0,user
2025search,60,top_pv,黄金今日价格,4582.0,user
2025search,60,sample,黄金今日价一克,2341.0,user
2025search,60,sample,今日金价全部跌破1000,999.0,user
2025search,60,sample,今日金价铂金,290.0,user
2025search,60,sample,今日铂金金价,370.0,user
2025search,60,sample,银行黄金金条今日价格,207.0,user
2025search,60,sample,四大银行金条价格今天价格查询,486.0,user
2025search,17,top_pv,上证指数,253573.0,user
2025search,17,top_pv,美股,27588.0,user
2025search,17,top_pv,纳斯达克指数,23095.0,user
2025search,17,top_pv,深证指数,22551.0,user
2025search,17,top_pv,美元指数,17939.0,user
2025search,17,top_pv,道琼斯指数,17340.0,user
2025search,17,sample,天津港股票,245.0,user
2025search,17,sample,港股开盘时间和收盘时间,542.0,user
2025search,17,sample,蔚来美股,231.0,user
2025search,17,sample,唐山港股票,429.0,user
2025search,17,sample,道琼斯美国石油开发与生产指数,257.0,user
2025search,17,sample,欧美股市,204.0,user
2025search,55,top_pv,黄金价格,204039.0,user
2025search,55,top_pv,今日黄金价格,19713.0,user
2025search,55,top_pv,黄金价格走势,3986.0,user
2025search,55,top_pv,今天黄金价格,3502.0,user
2025search,55,top_pv,国际黄金价格,2775.0,user
2025search,55,top_pv,中国黄金今日黄金价格查询,1290.0,user
2025search,55,sample,金价价格,220.0,user
2025search,55,sample,伦敦金(现货黄金)最新价格,190.0,user
2025search,55,sample,实时黄金价格,300.0,user
2025search,55,sample,铂金价格走势,735.0,user
2025search,55,sample,上海黄金价格,484.0,user
2025search,55,sample,国际黄金价格走势,304.0,user
2025search,61,top_pv,金价,141405.0,user
2025search,61,top_pv,国际金价,84051.0,user
2025search,61,top_pv,实时金价,9111.0,user
2025search,61,top_pv,今日国际金价,5233.0,user
2025search,61,top_pv,黄金实时金价,3988.0,user
2025search,61,top_pv,国内金价,2642.0,user
2025search,61,sample,黄金实时金价查询,169.0,user
2025search,61,sample,国际金价今日价,240.0,user
2025search,61,sample,国际金价走势分析,187.0,user
2025search,61,sample,当日实时金价,167.0,user
2025search,61,sample,今天金价 实时,202.0,user
2025search,61,sample,上海金价,214.0,user
2025search,18,top_pv,东方财富网,103326.0,user
2025search,18,top_pv,新浪财经,38637.0,user
2025search,18,top_pv,东方财富网首页,23511.0,user
2025search,18,top_pv,东方财富,20484.0,user
2025search,18,top_pv,天风证券,9027.0,user
2025search,18,top_pv,东方财富股票,8597.0,user
2025search,18,sample,中信证券股票,3027.0,user
2025search,18,sample,申万宏源证券,380.0,user
2025search,18,sample,东方财富网官方网站首页,183.0,user
2025search,18,sample,中旗新材,247.0,user
2025search,18,sample,华阳新材,547.0,user
2025search,18,sample,东方财富网网页首页,242.0,user
2025search,49,top_pv,股市行情,63395.0,user
2025search,49,top_pv,今日股市行情,39506.0,user
2025search,49,top_pv,今日股市,24767.0,user
2025search,49,top_pv,股票行情,15639.0,user
2025search,49,top_pv,股市,10169.0,user
2025search,49,top_pv,美国股市,7776.0,user
2025search,49,sample,股市开盘时间和收盘时间,225.0,user
2025search,49,sample,今天股市行情最新消息,442.0,user
2025search,49,sample,ST华通股票行情,212.0,user
2025search,49,sample,纳斯达克实时行情,352.0,user
2025search,49,sample,光线传媒股票行情,233.0,user
2025search,49,sample,机器人股票行情,185.0,user
2025search,3,top_pv,美元兑人民币汇率,51699.0,user
2025search,3,top_pv,日元对人民币汇率,49438.0,user
2025search,3,top_pv,美元兑换人民币汇率,32207.0,user
2025search,3,top_pv,美元汇率,30535.0,user
2025search,3,top_pv,汇率,28408.0,user
2025search,3,top_pv,欧元人民币汇率,27251.0,user
2025search,3,sample,日元人民币,301.0,user
2025search,3,sample,欧元与人民币的汇率,226.0,user
2025search,3,sample,1比特币=多少人民币,341.0,user
2025search,3,sample,1美元等于多少人民币,3606.0,user
2025search,3,sample,1万韩元等于多少人民币,189.0,user
2025search,3,sample,5万日元等于多少人民币,276.0,user
2025search,11,top_pv,英伟达股票,35316.0,user
2025search,11,top_pv,特斯拉股票,34497.0,user
2025search,11,top_pv,小米股票,18674.0,user
2025search,11,top_pv,股票,16048.0,user
2025search,11,top_pv,茅台股票,15237.0,user
2025search,11,top_pv,长城军工股票,13391.0,user
2025search,11,sample,波音股票,400.0,user
2025search,11,sample,沪电股份,3484.0,user
2025search,11,sample,沪硅产业股票,162.0,user
2025search,11,sample,中电科股票,722.0,user
2025search,11,sample,冀东装备股票,273.0,user
2025search,11,sample,舍得白酒股票,380.0,user
2025search,57,top_pv,大盘指数,34342.0,user
2025search,57,top_pv,a股今日大盘股市行情,7456.0,user
2025search,57,top_pv,大盘,7242.0,user
2025search,57,top_pv,今日大盘指数,5496.0,user
2025search,57,top_pv,今日大盘,3923.0,user
2025search,57,top_pv,股市行情今日大盘,2763.0,user
2025search,57,sample,今日大盘实时行情,238.0,user
2025search,57,sample,今日股市大盘指数,163.0,user
2025search,57,sample,今日大盘最新走势,199.0,user
2025search,57,sample,沪深今日大盘,225.0,user
2025search,57,sample,大盘行情,343.0,user
2025search,57,sample,沪深指数今日行情,418.0,user
2025search,75,top_pv,蚂蚁庄园今日答案,32445.0,user
2025search,75,top_pv,蚂蚁庄园今日正确答案,4565.0,user
2025search,75,top_pv,蚂蚁庄园今天的答案最新,2784.0,user
2025search,75,top_pv,今日蚂蚁庄园答案,2561.0,user
2025search,75,top_pv,蚂蚁庄园今天的答案,2079.0,user
2025search,75,top_pv,今日蚂蚁庄园答案最新,1952.0,user
2025search,75,sample,小鸡宝宝考考你蚂蚁庄园今日答案,591.0,user
2025search,75,sample,蚂蚁庄园今日答案蚂蚁新村今日答案,337.0,user
2025search,75,sample,蚂蚁庄园的正确答案,1103.0,user
2025search,75,sample,蚂蚁庄园今日正确答案是什么谢谢,248.0,user
2025search,75,sample,蚂蚁新村答案今日最新答案,179.0,user
2025search,75,sample,蚂蚁庄园,1178.0,user
2025search,40,top_pv,a股,19391.0,user
2025search,40,top_pv,A股,9206.0,user
2025search,40,top_pv,宁德时代,6028.0,user
2025search,40,top_pv,科创50,4438.0,user
2025search,40,top_pv,北方铜业,4169.0,user
2025search,40,top_pv,泰铢,2605.0,user
2025search,40,sample,A股收评:沪指涨0.39%,405.0,user
2025search,40,sample,杀青,208.0,user
2025search,40,sample,深振业a股票,208.0,user
2025search,40,sample,太平洋,1118.0,user
2025search,40,sample,okx,205.0,user
2025search,40,sample,沪金主力,708.0,user
2025search,79,top_pv,工商银行客户电话,17868.0,user
2025search,79,top_pv,工商银行,9694.0,user
2025search,79,top_pv,招商银行,7259.0,user
2025search,79,top_pv,中国工商银行,3321.0,user
2025search,79,top_pv,工商银行电话,3202.0,user
2025search,79,top_pv,浙商银行,1589.0,user
2025search,79,sample,农商银行是农村信用社吗,223.0,user
2025search,79,sample,工商银行存款定期2025最新,939.0,user
2025search,79,sample,北京农商银行,243.0,user
2025search,79,sample,工商银行股,223.0,user
2025search,79,sample,浙江农商联合银行,217.0,user
2025search,79,sample,晋商银行,189.0,user
2025search,38,top_pv,比特币,14860.0,user
2025search,38,top_pv,比特币价格,7354.0,user
2025search,38,top_pv,英镑,4355.0,user
2025search,38,top_pv,狗狗币,3918.0,user
2025search,38,top_pv,以太坊,3815.0,user
2025search,38,top_pv,稳定币,3381.0,user
2025search,38,sample,比特币今日行情价格,414.0,user
2025search,38,sample,比特币今日最新行情价格,198.0,user
2025search,38,sample,π币最新消息,197.0,user
2025search,38,sample,以太坊价格,1441.0,user
2025search,38,sample,派币今日价格,195.0,user
2025search,38,sample,以太坊今日价格,681.0,user
2025search,47,top_pv,房贷计算器,13927.0,user
2025search,47,top_pv,贷款计算器,7336.0,user
2025search,47,top_pv,房贷计算器2025贷款计算器,5080.0,user
2025search,47,top_pv,国家开发银行生源地助学贷款系统,3407.0,user
2025search,47,top_pv,你我贷,3036.0,user
2025search,47,top_pv,贷款,1898.0,user
2025search,47,sample,助学贷款怎么申请,424.0,user
2025search,47,sample,房产抵押贷款需要什么条件和手续,172.0,user
2025search,47,sample,助学贷款官网登录入口,1338.0,user
2025search,47,sample,闪电贷,246.0,user
2025search,47,sample,高利贷,213.0,user
2025search,47,sample,信用飞贷款可靠吗,184.0,user
2025search,67,top_pv,中信银行信用卡中心电话,13472.0,user
2025search,67,top_pv,招商银行信用卡电话,6801.0,user
2025search,67,top_pv,广发银行信用卡电话,6394.0,user
2025search,67,top_pv,交通银行信用卡电话,6216.0,user
2025search,67,top_pv,兴业银行信用卡电话,5292.0,user
2025search,67,top_pv,浦发信用卡客服电话,4905.0,user
2025search,67,sample,平安银行信用卡电话,589.0,user
2025search,67,sample,建行信用卡中心电话,169.0,user
2025search,67,sample,光大信用卡电话,3543.0,user
2025search,67,sample,信用卡可以转账吗,256.0,user
2025search,67,sample,平安银行信用卡,209.0,user
2025search,67,sample,民生信用卡,174.0,user
2025search,23,top_pv,平安保险车险电话,12864.0,user
2025search,23,top_pv,人保保险车险电话,10744.0,user
2025search,23,top_pv,太平洋保险,5754.0,user
2025search,23,top_pv,中国人寿保险电话,4375.0,user
2025search,23,top_pv,太平洋保险电话,3087.0,user
2025search,23,top_pv,交强险赔偿范围和金额多少,2880.0,user
2025search,23,sample,商业保险,227.0,user
2025search,23,sample,紫金保险车险,441.0,user
2025search,23,sample,星火保,218.0,user
2025search,23,sample,人保财险保险电话,337.0,user
2025search,23,sample,申能财产保险股份有限公司,237.0,user
2025search,23,sample,保险购买,190.0,user
2025search,66,top_pv,农业银行客服电话,11988.0,user
2025search,66,top_pv,建行客服电话,11196.0,user
2025search,66,top_pv,中国银行人工客服电话,9651.0,user
2025search,66,top_pv,农行客服电话,5667.0,user
2025search,66,top_pv,建设银行电话,4858.0,user
2025search,66,top_pv,招商银行人工客服电话,2807.0,user
2025search,66,sample,中国建设银行客服电话,1546.0,user
2025search,66,sample,北京银行客服电话,352.0,user
2025search,66,sample,光大银行客服电话,673.0,user
2025search,66,sample,广发银行客服电话,179.0,user
2025search,66,sample,还呗客服电话,769.0,user
2025search,66,sample,微众银行客服电话,512.0,user
2025search,62,top_pv,长江有色金属网,11988.0,user
2025search,62,top_pv,上海有色金属网,7663.0,user
2025search,62,top_pv,铜陵有色股票,1804.0,user
2025search,62,top_pv,广晟有色股票,1351.0,user
2025search,62,top_pv,融通金-贵金属行情最新,1059.0,user
2025search,62,top_pv,融通金-贵金属行情,1057.0,user
2025search,62,sample,融通金贵金属行情,246.0,user
2025search,62,sample,领峰贵金属,181.0,user
2025search,62,sample,上海有色金属网价格行情,268.0,user
2025search,62,sample,上海金属有色金属网,385.0,user
2025search,62,sample,上海有色贵金属网价格行情,228.0,user
2025search,62,sample,华锡有色股票,234.0,user
2025search,74,top_pv,伦敦金,11340.0,user
2025search,74,top_pv,国际黄金,5077.0,user
2025search,74,top_pv,上海黄金交易所,2626.0,user
2025search,74,top_pv,赤峰黄金股票,2326.0,user
2025search,74,top_pv,山东黄金股票,2325.0,user
2025search,74,top_pv,9.1黄金网站,2297.0,user
2025search,74,sample,黄金网站,309.0,user
2025search,74,sample,黄金美元,914.0,user
2025search,74,sample,comex黄金,940.0,user
2025search,74,sample,工行纸黄金,434.0,user
2025search,74,sample,湖南黄金股票,1818.0,user
2025search,74,sample,黄金兑美元,319.0,user
2025search,7,top_pv,国家企业信息信用信息系统,11004.0,user
2025search,7,top_pv,支付宝,9838.0,user
2025search,7,top_pv,支付宝下载安装,6787.0,user
2025search,7,top_pv,云闪付,5790.0,user
2025search,7,top_pv,中国人民银行征信中心官网,4907.0,user
2025search,7,top_pv,支付宝客服人工电话,3786.0,user
2025search,7,sample,花呗分期提前全部还清怎么操作,165.0,user
2025search,7,sample,支付宝借呗,254.0,user
2025search,7,sample,花呗怎么关闭?,321.0,user
2025search,7,sample,支付宝碰一碰支付怎么操作,218.0,user
2025search,7,sample,支付宝账号是不是手机号,220.0,user
2025search,7,sample,征信花了怎么养回来?,209.0,user
2025search,65,top_pv,建设银行客服24小时人工服务电话,11003.0,user
2025search,65,top_pv,交通银行人工服务电话,4232.0,user
2025search,65,top_pv,农商银行24小时人工客服电话,3671.0,user
2025search,65,top_pv,邮政银行客服24小时热线人工,3559.0,user
2025search,65,top_pv,平安保险客服24小时电话人工客服电话,3540.0,user
2025search,65,top_pv,工行客服电话24小时人工服务,3540.0,user
2025search,65,sample,光大信用卡电话24小时客服人工服务,520.0,user
2025search,65,sample,众安保险客服电话24小时,195.0,user
2025search,65,sample,平安客服24小时电话人工客服,2592.0,user
2025search,65,sample,中信银行电话24小时人工服务,339.0,user
2025search,65,sample,新网银行24小时人工服务电话,265.0,user
2025search,65,sample,青岛银行信用卡电话24小时人工服务电话,203.0,user
2025search,80,top_pv,工商银行股票,10598.0,user
2025search,80,top_pv,农业银行股票,6855.0,user
2025search,80,top_pv,中国银行股票,4550.0,user
2025search,80,top_pv,建设银行股票,3976.0,user
2025search,80,top_pv,招商银行股票,3420.0,user
2025search,80,top_pv,平安银行股票,2739.0,user
2025search,80,sample,西安银行股票,207.0,user
2025search,80,sample,农行股票,251.0,user
2025search,80,sample,紫金银行股票,220.0,user
2025search,80,sample,渝农商行股票,356.0,user
2025search,80,sample,光大银行股票,845.0,user
2025search,80,sample,浦发银行股票,1795.0,user
2025search,22,top_pv,中国银行,10162.0,user
2025search,22,top_pv,建设银行,8655.0,user
2025search,22,top_pv,银行几点上班下班时间,6188.0,user
2025search,22,top_pv,邮政储蓄银行,5086.0,user
2025search,22,top_pv,四大银行是哪四大银行?,4007.0,user
2025search,22,top_pv,交通银行,3228.0,user
2025search,22,sample,开户行如何查询,227.0,user
2025search,22,sample,人民银行,498.0,user
2025search,22,sample,银行几点开门营业时间,373.0,user
2025search,22,sample,微众银行,818.0,user
2025search,22,sample,兰州银行,219.0,user
2025search,22,sample,上海银行,563.0,user
2025search,59,top_pv,白银价格,8965.0,user
2025search,59,top_pv,今日银价,6404.0,user
2025search,59,top_pv,银价,3767.0,user
2025search,59,top_pv,纸白银,1668.0,user
2025search,59,top_pv,京东白条,1126.0,user
2025search,59,top_pv,白银价格走势图,1010.0,user
2025search,59,sample,国际白银实时行情,176.0,user
2025search,59,sample,国际银价,831.0,user
2025search,59,sample,工行纸白银实时行情走势图,163.0,user
2025search,59,sample,伦敦银,440.0,user
2025search,59,sample,白银价格多少,362.0,user
2025search,59,sample,白银走势图,178.0,user
2025search,48,top_pv,农业银行,7829.0,user
2025search,48,top_pv,中国农业银行,4682.0,user
2025search,48,top_pv,兴业银行,3445.0,user
2025search,48,top_pv,卡农社区,3055.0,user
2025search,48,top_pv,农业银行电话,2898.0,user
2025search,48,top_pv,农村信用社,1622.0,user
2025search,48,sample,江苏农村商业银行,181.0,user
2025search,48,sample,农发种业,172.0,user
2025search,48,sample,中国农业银行上班时间,191.0,user
2025search,48,sample,农村信用社银行,497.0,user
2025search,48,sample,广西农村信用社,358.0,user
2025search,48,sample,中国农业银行招聘,196.0,user
2025search,10,top_pv,今日金价多少一克,7553.0,user
2025search,10,top_pv,今天金价多少钱一克,4750.0,user
2025search,10,top_pv,黄金价格今天多少一克,4155.0,user
2025search,10,top_pv,黄金今天多少钱一克今日查询,4150.0,user
2025search,10,top_pv,银多少钱一克,3437.0,user
2025search,10,top_pv,金价今日黄金多少一克,3216.0,user
2025search,10,sample,伦敦黄金价格实时行情,495.0,user
2025search,10,sample,伦敦有色金属实时行情,182.0,user
2025search,10,sample,融通金大盘金价,447.0,user
2025search,10,sample,美黄金期货实时行情,490.0,user
2025search,10,sample,今日黄金价格是多少一克,214.0,user
2025search,10,sample,今天金价多少钱一克 今日金价,253.0,user
2025search,50,top_pv,欧元兑换人民币,7449.0,user
2025search,50,top_pv,离岸人民币,5860.0,user
2025search,50,top_pv,人民币兑换港币,4876.0,user
2025search,50,top_pv,英镑兑人民币,3585.0,user
2025search,50,top_pv,欧元兑人民币,2926.0,user
2025search,50,top_pv,人民币,2442.0,user
2025search,50,sample,澳大利亚元兑人民币,244.0,user
2025search,50,sample,人民币兑马币,158.0,user
2025search,50,sample,印尼盾兑换人民币,440.0,user
2025search,50,sample,澳币兑人民币,320.0,user
2025search,50,sample,加币兑换人民币,1255.0,user
2025search,50,sample,卢布兑换人民币,544.0,user
2025search,51,top_pv,600643,7040.0,user
2025search,51,top_pv,沪深300,4268.0,user
2025search,51,top_pv,600030,1547.0,user
2025search,51,top_pv,300008,1458.0,user
2025search,51,top_pv,600110,1345.0,user
2025search,51,top_pv,601606,1342.0,user
2025search,51,sample,300130,385.0,user
2025search,51,sample,600152,637.0,user
2025search,51,sample,300099,178.0,user
2025search,51,sample,600616,198.0,user
2025search,51,sample,603601,285.0,user
2025search,51,sample,601868,225.0,user
2025search,64,top_pv,95588,6922.0,user
2025search,64,top_pv,95558,2638.0,user
2025search,64,top_pv,95508,2311.0,user
2025search,64,top_pv,95566,1955.0,user
2025search,64,top_pv,95533,1829.0,user
2025search,64,top_pv,4007305555,1727.0,user
2025search,64,sample,656,215.0,user
2025search,64,sample,2559,298.0,user
2025search,64,sample,2558,248.0,user
2025search,64,sample,95035,370.0,user
2025search,64,sample,95518,605.0,user
2025search,64,sample,95134,1294.0,user
2025search,21,top_pv,岩山科技股票,6195.0,user
2025search,21,top_pv,华天科技股票,3841.0,user
2025search,21,top_pv,胜宏科技股票,2697.0,user
2025search,21,top_pv,长电科技股票,2593.0,user
2025search,21,top_pv,方正科技股票,2008.0,user
2025search,21,top_pv,tcl科技股票,1976.0,user
2025search,21,sample,正业科技股票,164.0,user
2025search,21,sample,领湃科技股票,250.0,user
2025search,21,sample,炬芯科技股票,154.0,user
2025search,21,sample,容百科技股票,196.0,user
2025search,21,sample,润欣科技股票,274.0,user
2025search,21,sample,观想科技股票,281.0,user
2025search,78,top_pv,黄金价格走势图,5557.0,user
2025search,78,top_pv,黄金走势,4343.0,user
2025search,78,top_pv,黄金走势图,3123.0,user
2025search,78,top_pv,金价走势,1812.0,user
2025search,78,top_pv,国际金价实时走势图,1318.0,user
2025search,78,top_pv,铂金价格走势图,1124.0,user
2025search,78,sample,黄金实时走势k线图,249.0,user
2025search,78,sample,黄金价格实时走势图,178.0,user
2025search,78,sample,美元指数实时走势图,438.0,user
2025search,78,sample,实时黄金大盘走势图,189.0,user
2025search,78,sample,国际黄金价格实时走势图,963.0,user
2025search,78,sample,伦敦黄金价格实时走势图,232.0,user
2025search,53,top_pv,融发核电股票,5395.0,user
2025search,53,top_pv,上海电气股票,4031.0,user
2025search,53,top_pv,台积电股票,3679.0,user
2025search,53,top_pv,欧菲光股票,3590.0,user
2025search,53,top_pv,中京电子股票,3589.0,user
2025search,53,top_pv,恒生电子,2659.0,user
2025search,53,sample,郴电国际股票,215.0,user
2025search,53,sample,东方电子股票,384.0,user
2025search,53,sample,康强电子股票,631.0,user
2025search,53,sample,华灿光电股票,232.0,user
2025search,53,sample,通富微电股票,1514.0,user
2025search,53,sample,顺络电子股票,241.0,user
2025search,13,top_pv,金龙羽股票,4920.0,user
2025search,13,top_pv,包钢股份,4549.0,user
2025search,13,top_pv,楚天龙股票,3405.0,user
2025search,13,top_pv,北方长龙股票,2391.0,user
2025search,13,top_pv,杭钢股份,2184.0,user
2025search,13,top_pv,卧龙电驱股票,1834.0,user
2025search,13,sample,墨龙股票,242.0,user
2025search,13,sample,太龙股份,422.0,user
2025search,13,sample,山东墨龙股吧,389.0,user
2025search,13,sample,苏州龙杰股票,156.0,user
2025search,13,sample,曼卡龙股票,271.0,user
2025search,13,sample,飞龙股份股吧,166.0,user
2025search,4,top_pv,国际油价,4857.0,user
2025search,4,top_pv,原油期货,1855.0,user
2025search,4,top_pv,国际原油,1692.0,user
2025search,4,top_pv,国际油价实时走势图,1686.0,user
2025search,4,top_pv,原油价格,1584.0,user
2025search,4,top_pv,招商南油,1283.0,user
2025search,4,sample,dgcx原油期货项目突发状况,154.0,user
2025search,4,sample,美原油,229.0,user
2025search,4,sample,国际原油最新价,172.0,user
2025search,4,sample,今日国际原油实时报价,256.0,user
2025search,4,sample,今日国际原油最新价格,513.0,user
2025search,4,sample,布伦特原油,1008.0,user
2025search,1,top_pv,海洋经济概念股,4816.0,user
2025search,1,top_pv,摩尔线程概念股,2206.0,user
2025search,1,top_pv,稳定币股票有哪些龙头,1914.0,user
2025search,1,top_pv,创新药龙头有哪些好股票,1607.0,user
2025search,1,top_pv,固态电池龙头股,1469.0,user
2025search,1,top_pv,海洋经济的龙头股票有哪些,1205.0,user
2025search,1,sample,电力重组第一龙头将停牌哪支股票,195.0,user
2025search,1,sample,无人机股票有哪些龙头股,183.0,user
2025search,1,sample,光刻机龙头股排名前十名,321.0,user
2025search,1,sample,硝化棉上市公司龙头,154.0,user
2025search,1,sample,广发聚丰基金270005今日净值,281.0,user
2025search,1,sample,基金净值查询,306.0,user
2025search,72,top_pv,1,4608.0,user
2025search,72,top_pv,2015,2444.0,user
2025search,72,top_pv,2366,1370.0,user
2025search,72,top_pv,2195,1297.0,user
2025search,72,top_pv,2185,963.0,user
2025search,72,top_pv,2263,895.0,user
2025search,72,sample,2131,743.0,user
2025search,72,sample,2122,441.0,user
2025search,72,sample,153,226.0,user
2025search,72,sample,2565,269.0,user
2025search,72,sample,2226,193.0,user
2025search,72,sample,2210,317.0,user
2025search,63,top_pv,95588是什么电话,4349.0,user
2025search,63,top_pv,95588是什么银行电话,4069.0,user
2025search,63,top_pv,4007305555是什么电话,2540.0,user
2025search,63,top_pv,95558是什么银行电话,2287.0,user
2025search,63,top_pv,95533是什么电话,2075.0,user
2025search,63,top_pv,954056是什么电话,2046.0,user
2025search,63,sample,95595是哪个银行的电话,1976.0,user
2025search,63,sample,95511是什么电话,571.0,user
2025search,63,sample,95371是什么银行电话,199.0,user
2025search,63,sample,9522300是什么电话,282.0,user
2025search,63,sample,95561是哪个银行的电话号码,255.0,user
2025search,63,sample,4000095555是什么电话,354.0,user
2025search,39,top_pv,欧易,4285.0,user
2025search,39,top_pv,欧交易所app最新版下载安装.排名前十的.cc,2881.0,user
2025search,39,top_pv,欧交易所最新版app下载安装地址.极速下载.中国,2603.0,user
2025search,39,top_pv,免费的行情网站www下载,1942.0,user
2025search,39,top_pv,币AN交易所手机端App官网下载安装.版本官网.cc,879.0,user
2025search,39,top_pv,币圈交易所最好用的App下载地址.正确地址.中国,760.0,user
2025search,39,sample,oe数字货币交易所app官方下载地址.热门交易所地址.cc,243.0,user
2025search,39,sample,免费观看行情软件网站大全下载,211.0,user
2025search,39,sample,dgcx52交易平台,199.0,user
2025search,39,sample,dgcx交易所官网,182.0,user
2025search,39,sample,a股交易时间,314.0,user
2025search,39,sample,数字货币app怎么交易所官方下载地址.极速下载.中国,172.0,user
2025search,19,top_pv,银行定存利率,3819.0,user
2025search,19,top_pv,lpr最新报价2025年6月利率,3002.0,user
2025search,19,top_pv,利息计算公式计算器,1918.0,user
2025search,19,top_pv,等额本息与等额本金哪个划算,1708.0,user
2025search,19,top_pv,房贷利率2025最新利率,1677.0,user
2025search,19,top_pv,公积金利息年利率是多少,1440.0,user
2025search,19,sample,活期利率,378.0,user
2025search,19,sample,等额本息提前还款划算吗,174.0,user
2025search,19,sample,四大银行存款利率2025最新利率,351.0,user
2025search,19,sample,最新lpr利率,372.0,user
2025search,19,sample,那个银行年利率高呢,191.0,user
2025search,19,sample,利率计算公式计算器,229.0,user
2025search,77,top_pv,恒宝股份股票,3388.0,user
2025search,77,top_pv,翠微股份股票,2895.0,user
2025search,77,top_pv,利君股份股票,2786.0,user
2025search,77,top_pv,诺德股份股票,2267.0,user
2025search,77,top_pv,安妮股份股票,2173.0,user
2025search,77,top_pv,尤夫股份股票,2098.0,user
2025search,77,sample,金鹰股份股票,199.0,user
2025search,77,sample,利民股份股票,920.0,user
2025search,77,sample,天奇股份股票,220.0,user
2025search,77,sample,沪电股份股票,1531.0,user
2025search,77,sample,鸿博股份股票,657.0,user
2025search,77,sample,哈药股份股票,166.0,user
2025search,73,top_pv,云闪付app官方下载,3070.0,user
2025search,73,top_pv,黄金网站app软件下载安装免费,2405.0,user
2025search,73,top_pv,农业银行app官网下载,2186.0,user
2025search,73,top_pv,工商银行手机银行app下载,1784.0,user
2025search,73,top_pv,paypal,1650.0,user
2025search,73,top_pv,云闪付app官方下载安装,1595.0,user
2025search,73,sample,工商银行app官方下载,767.0,user
2025search,73,sample,信用飞贷款app官方下载,339.0,user
2025search,73,sample,京东稳定币app下载,366.0,user
2025search,73,sample,洋钱罐借款app下载,494.0,user
2025search,73,sample,兴业银行app下载,281.0,user
2025search,73,sample,宜享花贷款app下载,181.0,user
2025search,6,top_pv,标普500,2997.0,user
2025search,6,top_pv,长城军工股吧,2957.0,user
2025search,6,top_pv,中证500,2579.0,user
2025search,6,top_pv,四方精创股吧,2137.0,user
2025search,6,top_pv,股吧,1968.0,user
2025search,6,top_pv,信通电子股吧,1745.0,user
2025search,6,sample,山东矿机股吧,179.0,user
2025search,6,sample,飞马国际股票股吧,332.0,user
2025search,6,sample,岩山科技股吧,1166.0,user
2025search,6,sample,金信诺股吧,194.0,user
2025search,6,sample,恒宇信通股吧,295.0,user
2025search,6,sample,002366融发核电股吧,335.0,user
2025search,2,top_pv,稳定币是什么意思,2818.0,user
2025search,2,top_pv,借记卡是什么意思,1644.0,user
2025search,2,top_pv,京东白条是什么意思,1419.0,user
2025search,2,top_pv,开户行是什么意思?,1393.0,user
2025search,2,top_pv,ipo是什么意思啊,1150.0,user
2025search,2,top_pv,等额本息什么意思,1076.0,user
2025search,2,sample,网商银行打电话来是什么意思,274.0,user
2025search,2,sample,涨停是什么意思,200.0,user
2025search,2,sample,化债是什么意思,223.0,user
2025search,2,sample,市净率是什么意思,188.0,user
2025search,2,sample,私募基金是什么意思,327.0,user
2025search,2,sample,免赔额是什么意思,233.0,user
2025search,9,top_pv,弘业期货,2537.0,user
2025search,9,top_pv,黄金期货,1910.0,user
2025search,9,top_pv,分期乐,1851.0,user
2025search,9,top_pv,伦铜期货铜价格最新行情,1499.0,user
2025search,9,top_pv,沪铜期货今日铜价行情,1472.0,user
2025search,9,top_pv,弘业期货股票,1415.0,user
2025search,9,sample,沪铜期货铜价格最新行情,400.0,user
2025search,9,sample,铁矿石期货实时行情,168.0,user
2025search,9,sample,铜期货最新行情,1220.0,user
2025search,9,sample,豆油期货,234.0,user
2025search,9,sample,美铜期货,202.0,user
2025search,9,sample,沪铜期货价格行情,179.0,user
2025search,76,top_pv,xd股票代表什么,2468.0,user
2025search,76,top_pv,usd是什么货币,2000.0,user
2025search,76,top_pv,云闪付是干什么的,1014.0,user
2025search,76,top_pv,cny是什么货币符号,866.0,user
2025search,76,top_pv,树拍易购是什么平台,800.0,user
2025search,76,top_pv,etf什么概念,775.0,user
2025search,76,sample,联行号是什么,209.0,user
2025search,76,sample,借呗放款失败是什么原因,203.0,user
2025search,76,sample,621226开头的是什么银行卡,312.0,user
2025search,76,sample,借记卡是什么卡,220.0,user
2025search,76,sample,股票停牌意味着什么,289.0,user
2025search,76,sample,621700开头是什么银行,294.0,user
2025search,42,top_pv,树拍易购平台是正规的吗安全吗,2393.0,user
2025search,42,top_pv,鑫慷嘉投资是正规的平台吗,1737.0,user
2025search,42,top_pv,和信普惠催收短信是真是假,1581.0,user
2025search,42,top_pv,度小满金融正规合法吗,1229.0,user
2025search,42,top_pv,鑫康嘉投资是正规的平台吗安全吗,1188.0,user
2025search,42,top_pv,放心借是哪个平台,1118.0,user
2025search,42,sample,水滴筹平台收取多少手续费,773.0,user
2025search,42,sample,和信普惠是哪个平台的催收,484.0,user
2025search,42,sample,有钱花是正规借钱平台吗,211.0,user
2025search,42,sample,和信普惠催收是哪个平台,247.0,user
2025search,42,sample,小额贷款平台哪个好申请,190.0,user
2025search,42,sample,贷款平台哪个容易借又安全利息低,297.0,user
2025search,68,top_pv,七月流火,2340.0,user
2025search,68,top_pv,725,1433.0,user
2025search,68,top_pv,2177,1103.0,user
2025search,68,top_pv,787729屺唐股份,711.0,user
2025search,68,top_pv,737,687.0,user
2025search,68,top_pv,777,578.0,user
2025search,68,sample,767,255.0,user
2025search,68,sample,700,255.0,user
2025search,68,sample,875,203.0,user
2025search,68,sample,2725,274.0,user
2025search,68,sample,2741,244.0,user
2025search,68,sample,2237,198.0,user
2025search,69,top_pv,1388,2256.0,user
2025search,69,top_pv,981,1302.0,user
2025search,69,top_pv,858,762.0,user
2025search,69,top_pv,768,638.0,user
2025search,69,top_pv,10108018,559.0,user
2025search,69,top_pv,158,515.0,user
2025search,69,sample,856,177.0,user
2025search,69,sample,188427,203.0,user
2025search,69,sample,78,188.0,user
2025search,69,sample,568,213.0,user
2025search,69,sample,988,280.0,user
2025search,69,sample,831,461.0,user
2025search,45,top_pv,我爱卡,2105.0,user
2025search,45,top_pv,银行卡被冻结了怎么办最快解冻,1751.0,user
2025search,45,top_pv,借记卡跟储蓄卡有什么区别,1232.0,user
2025search,45,top_pv,办银行卡需要准备什么,1229.0,user
2025search,45,top_pv,支付宝解绑银行卡怎么解绑,1112.0,user
2025search,45,top_pv,银行卡限额怎么解除单日限额,744.0,user
2025search,45,sample,银行卡被冻结了怎么申请解除,577.0,user
2025search,45,sample,零钱通转出到银行卡要手续费吗,383.0,user
2025search,45,sample,银行卡的钱怎么转到微信零钱,214.0,user
2025search,45,sample,银行卡过期了怎么办,253.0,user
2025search,45,sample,万卡,183.0,user
2025search,45,sample,一类银行卡和二类银行卡的区别,279.0,user
2025search,52,top_pv,阳光电源股票,1958.0,user
2025search,52,top_pv,天南资源,1921.0,user
2025search,52,top_pv,永泰能源股票,1735.0,user
2025search,52,top_pv,盛和资源股票,951.0,user
2025search,52,top_pv,三峡能源股票,856.0,user
2025search,52,top_pv,广汇能源股票,687.0,user
2025search,52,sample,辽宁能源股票,199.0,user
2025search,52,sample,科泰电源股吧,180.0,user
2025search,52,sample,三峡能源股吧,154.0,user
2025search,52,sample,淮河能源股吧,169.0,user
2025search,52,sample,怡球资源股票,243.0,user
2025search,52,sample,滨海能源股票,239.0,user
2025search,46,top_pv,跨行转账要收多少手续费,1565.0,user
2025search,46,top_pv,开户,1507.0,user
2025search,46,top_pv,借钱,1100.0,user
2025search,46,top_pv,智慧零钱,1059.0,user
2025search,46,top_pv,360借条,969.0,user
2025search,46,top_pv,放心借,797.0,user
2025search,46,sample,非小号,272.0,user
2025search,46,sample,答题万福300元能提现吗,208.0,user
2025search,46,sample,如何开户,234.0,user
2025search,46,sample,atm机可以跨行存钱吗,188.0,user
2025search,46,sample,atm机一天能存几万,316.0,user
2025search,46,sample,存折不是本人能取钱吗,239.0,user
2025search,71,top_pv,519,1544.0,user
2025search,71,top_pv,2190,1244.0,user
2025search,71,top_pv,2389,725.0,user
2025search,71,top_pv,2579,707.0,user
2025search,71,top_pv,2189,597.0,user
2025search,71,top_pv,399006,543.0,user
2025search,71,sample,829,172.0,user
2025search,71,sample,69,170.0,user
2025search,71,sample,2298,230.0,user
2025search,71,sample,2900,182.0,user
2025search,71,sample,933,214.0,user
2025search,71,sample,2369,219.0,user
2025search,44,top_pv,屹唐申购,1155.0,user
2025search,44,top_pv,创业板开户条件有哪些,854.0,user
2025search,44,top_pv,伯25转债值得申购吗,837.0,user
2025search,44,top_pv,博众投资399元给的股票咋样,785.0,user
2025search,44,top_pv,汇正财经推荐的股票真的假的,691.0,user
2025search,44,top_pv,耳顺之年是多少岁,423.0,user
2025search,44,sample,etf和股票的区别,208.0,user
2025search,44,sample,新股申购,213.0,user
2025search,44,sample,新股上市前5天不设涨跌幅,198.0,user
2025search,44,sample,金浦钛业:筹划重大资产重组,308.0,user
2025search,44,sample,股票一手是多少股,283.0,user
2025search,44,sample,华电新能值得申购吗,187.0,user
2025search,70,top_pv,2104,976.0,user
2025search,70,top_pv,2324,882.0,user
2025search,70,top_pv,24365,837.0,user
2025search,70,top_pv,2465,792.0,user
2025search,70,top_pv,2402,779.0,user
2025search,70,top_pv,2471,669.0,user
2025search,70,sample,2421,272.0,user
2025search,70,sample,415,221.0,user
2025search,70,sample,2734,158.0,user
2025search,70,sample,425,268.0,user
2025search,70,sample,2354,396.0,user
2025search,70,sample,2594,572.0,user
2025search,58,top_pv,ST华通,838.0,user
2025search,58,top_pv,st新研,617.0,user
2025search,58,top_pv,st盛屯,563.0,user
2025search,58,top_pv,st百利,449.0,user
2025search,58,top_pv,st,432.0,user
2025search,58,top_pv,st华通,364.0,user
2025search,58,sample,st百灵股票,263.0,user
2025search,58,sample,st华西股吧,190.0,user
2025search,58,sample,ST,264.0,user
2025search,58,sample,st华西,326.0,user
2025search,58,sample,ST信通,247.0,user
2025search,58,sample,reits,257.0,user
2026search,60,top_pv,今日金价,805760.0,user
2026search,60,top_pv,黄金今日价格,14037.0,user
2026search,60,top_pv,金价格今日查询,12099.0,user
2026search,60,top_pv,今日黄金,8379.0,user
2026search,60,top_pv,今天金价,4007.0,user
2026search,60,top_pv,今日黄金的价格,3503.0,user
2026search,60,sample,今日金价是多少,574.0,user
2026search,60,sample,今日金价金投网,193.0,user
2026search,60,sample,今日黄金价,2642.0,user
2026search,60,sample,中国黄金今日价格,314.0,user
2026search,60,sample,融金通金价今日金价,231.0,user
2026search,60,sample,今日四大银行金条价格一览表,198.0,user
2026search,55,top_pv,黄金价格,370477.0,user
2026search,55,top_pv,今日黄金价格,13478.0,user
2026search,55,top_pv,国际黄金价格,4958.0,user
2026search,55,top_pv,黄金价格走势,3868.0,user
2026search,55,top_pv,今天黄金价格,1615.0,user
2026search,55,top_pv,纸黄金价格,1377.0,user
2026search,55,sample,黄金价格实时,259.0,user
2026search,55,sample,黄金最新价格,812.0,user
2026search,55,sample,黄金的金价,285.0,user
2026search,55,sample,黄金现货价格,250.0,user
2026search,55,sample,中国黄金今日黄金价格查询,224.0,user
2026search,55,sample,今天的黄金价格,207.0,user
2026search,17,top_pv,上证指数,335317.0,user
2026search,17,top_pv,美股,65167.0,user
2026search,17,top_pv,纳斯达克指数,38722.0,user
2026search,17,top_pv,深证指数,30516.0,user
2026search,17,top_pv,创业板指,27997.0,user
2026search,17,top_pv,日经指数,24457.0,user
2026search,17,sample,美股实时最新行情,247.0,user
2026search,17,sample,美股开盘时间,389.0,user
2026search,17,sample,美股指数最新行情,242.0,user
2026search,17,sample,阿特斯美股,276.0,user
2026search,17,sample,0000001上证指数,1468.0,user
2026search,17,sample,美国美光股票,211.0,user
2026search,61,top_pv,金价,229093.0,user
2026search,61,top_pv,国际金价,128656.0,user
2026search,61,top_pv,实时金价,21218.0,user
2026search,61,top_pv,今日国际金价,4451.0,user
2026search,61,top_pv,国内金价,2942.0,user
2026search,61,top_pv,黄金实时金价,2835.0,user
2026search,61,sample,最新国际金价,231.0,user
2026search,61,sample,国际金价今日行情,373.0,user
2026search,61,sample,上交所金价,238.0,user
2026search,61,sample,金价美元,168.0,user
2026search,61,sample,金价查询网,316.0,user
2026search,61,sample,上海金价,326.0,user
2026search,49,top_pv,股市行情,94008.0,user
2026search,49,top_pv,今日股市行情,62944.0,user
2026search,49,top_pv,韩国股市,55523.0,user
2026search,49,top_pv,今日股市,36342.0,user
2026search,49,top_pv,美股实时行情,30976.0,user
2026search,49,top_pv,股票行情,20994.0,user
2026search,49,sample,小米股价价实时行情,553.0,user
2026search,49,sample,全球股市行情指数一览东方财富网,207.0,user
2026search,49,sample,宁德时代股价,193.0,user
2026search,49,sample,股市行情最新消息,308.0,user
2026search,49,sample,002185股票行情,314.0,user
2026search,49,sample,苹果股票实时行情,657.0,user
2026search,18,top_pv,东方财富网,78254.0,user
2026search,18,top_pv,新浪财经,36840.0,user
2026search,18,top_pv,东方财富网首页,28158.0,user
2026search,18,top_pv,东方财富,18760.0,user
2026search,18,top_pv,有研新材股票,15668.0,user
2026search,18,top_pv,东方财富股票,12048.0,user
2026search,18,sample,国盛证券,685.0,user
2026search,18,sample,东方财富网手机版官网行情,241.0,user
2026search,18,sample,招商证券股票,1607.0,user
2026search,18,sample,晶瑞电材股票,2330.0,user
2026search,18,sample,中信证券股票股,1023.0,user
2026search,18,sample,有研新材最新消息,169.0,user
2026search,11,top_pv,英伟达股票,68806.0,user
2026search,11,top_pv,京东方a股票,54162.0,user
2026search,11,top_pv,闪迪股票,47994.0,user
2026search,11,top_pv,康宁股票,32406.0,user
2026search,11,top_pv,特斯拉股票,32006.0,user
2026search,11,top_pv,寒武纪股票,28897.0,user
2026search,11,sample,拓斯达股票,1302.0,user
2026search,11,sample,大连重工股票,273.0,user
2026search,11,sample,新雷能股票,277.0,user
2026search,11,sample,海南海药股票,3399.0,user
2026search,11,sample,嘉德利股票,456.0,user
2026search,11,sample,和邦生物股票,1725.0,user
2026search,57,top_pv,大盘指数,56608.0,user
2026search,57,top_pv,今日大盘指数,10519.0,user
2026search,57,top_pv,大盘,9342.0,user
2026search,57,top_pv,今日大盘,6719.0,user
2026search,57,top_pv,a股今日大盘股市行情,4807.0,user
2026search,57,top_pv,股市行情今日大盘,2738.0,user
2026search,57,sample,大盘指数股票行情,254.0,user
2026search,57,sample,a股大盘,532.0,user
2026search,57,sample,今日大盘行情,470.0,user
2026search,57,sample,a股大盘指数,653.0,user
2026search,57,sample,A股大盘指数,471.0,user
2026search,57,sample,a股几点开盘几点收盘,289.0,user
2026search,21,top_pv,美光科技股票,52884.0,user
2026search,21,top_pv,长电科技股票,31848.0,user
2026search,21,top_pv,中天科技股票,26716.0,user
2026search,21,top_pv,深科技股票,20571.0,user
2026search,21,top_pv,华工科技股票,15505.0,user
2026search,21,top_pv,光迅科技股票,10981.0,user
2026search,21,sample,澜起科技股票,7741.0,user
2026search,21,sample,索辰科技股票,1601.0,user
2026search,21,sample,龙辰科技股票,214.0,user
2026search,21,sample,麦捷科技,1772.0,user
2026search,21,sample,珠城科技股票,195.0,user
2026search,21,sample,天地科技股票,310.0,user
2026search,59,top_pv,白银价格,37671.0,user
2026search,59,top_pv,今日银价,34075.0,user
2026search,59,top_pv,银价,10084.0,user
2026search,59,top_pv,今日白银,5775.0,user
2026search,59,top_pv,湖南白银股票,2834.0,user
2026search,59,top_pv,国际银价,2509.0,user
2026search,59,sample,白银价格走势,322.0,user
2026search,59,sample,工行纸白银,346.0,user
2026search,59,sample,白银实时大盘,305.0,user
2026search,59,sample,白银今日银价,1351.0,user
2026search,59,sample,白银大盘的价格,665.0,user
2026search,59,sample,白银价格今日多少一克,272.0,user
2026search,3,top_pv,日元对人民币汇率,37662.0,user
2026search,3,top_pv,美元兑人民币汇率,30699.0,user
2026search,3,top_pv,美元汇率,23163.0,user
2026search,3,top_pv,汇率,21401.0,user
2026search,3,top_pv,日元汇率,19528.0,user
2026search,3,top_pv,欧元人民币汇率,17426.0,user
2026search,3,sample,日本汇率,1293.0,user
2026search,3,sample,中日汇率,736.0,user
2026search,3,sample,泰铢对人民币汇率,1146.0,user
2026search,3,sample,10000日元 = 人民币,1007.0,user
2026search,3,sample,美元换算人民币,694.0,user
2026search,3,sample,马币对人民币汇率,3069.0,user
2026search,40,top_pv,a股,32328.0,user
2026search,40,top_pv,科创50,18582.0,user
2026search,40,top_pv,京东方a,17332.0,user
2026search,40,top_pv,A股,11202.0,user
2026search,40,top_pv,宁德时代,10913.0,user
2026search,40,top_pv,半导体板块,4480.0,user
2026search,40,sample,日发精机,477.0,user
2026search,40,sample,机器人板块,724.0,user
2026search,40,sample,宏创控股,192.0,user
2026search,40,sample,五洋自控,404.0,user
2026search,40,sample,沪金主连,1651.0,user
2026search,40,sample,半导体设备板块延续强势,167.0,user
2026search,78,top_pv,黄金价格走势图,21649.0,user
2026search,78,top_pv,黄金走势,6418.0,user
2026search,78,top_pv,黄金走势图 实时行情,4316.0,user
2026search,78,top_pv,黄金走势图,4019.0,user
2026search,78,top_pv,黄金曲线图走势,3862.0,user
2026search,78,top_pv,黄金走势k线图,3223.0,user
2026search,78,sample,黄金走势K线图,2220.0,user
2026search,78,sample,国际黄金价格实时走势图,691.0,user
2026search,78,sample,黄金k线图,352.0,user
2026search,78,sample,黄金实时价格走势图,951.0,user
2026search,78,sample,国际金价k线图走势,977.0,user
2026search,78,sample,金日金价走势图,283.0,user
2026search,10,top_pv,金价今日多少一克,18275.0,user
2026search,10,top_pv,黄金大盘的价格,17230.0,user
2026search,10,top_pv,今日金价大盘价,9799.0,user
2026search,10,top_pv,今日金价多少一克,9066.0,user
2026search,10,top_pv,国际金价24小时实时行情,6882.0,user
2026search,10,top_pv,银价今日多少一克,5598.0,user
2026search,10,sample,今日国际金价多少钱一克,169.0,user
2026search,10,sample,3500盎司金价多少一克,215.0,user
2026search,10,sample,金价今日实时行情,720.0,user
2026search,10,sample,黄金今日价多少一克,263.0,user
2026search,10,sample,国际金价今日多少一克,270.0,user
2026search,10,sample,黄金行情实时走势,456.0,user
2026search,53,top_pv,大唐发电股票,16055.0,user
2026search,53,top_pv,亨通光电股票,13974.0,user
2026search,53,top_pv,三安光电股票,13266.0,user
2026search,53,top_pv,台积电股票,12562.0,user
2026search,53,top_pv,通富微电股票,10484.0,user
2026search,53,top_pv,美光股票,10317.0,user
2026search,53,sample,大普微电子股票,545.0,user
2026search,53,sample,亿晶光电股票,317.0,user
2026search,53,sample,商络电子股票,1481.0,user
2026search,53,sample,长飞光纤光缆股票,849.0,user
2026search,53,sample,华微电子 股票,553.0,user
2026search,53,sample,融发核电股票,899.0,user
2026search,52,top_pv,阳光电源股票,12301.0,user
2026search,52,top_pv,永泰能源股票,3685.0,user
2026search,52,top_pv,盛和资源股票,3680.0,user
2026search,52,top_pv,华润新能源上市预计涨幅,3452.0,user
2026search,52,top_pv,三峡能源股票,2167.0,user
2026search,52,top_pv,华电能源股票,2158.0,user
2026search,52,sample,宝丰能源股票,1646.0,user
2026search,52,sample,鹏辉能源股票,718.0,user
2026search,52,sample,飞南资源股吧,231.0,user
2026search,52,sample,辽宁能源股票,371.0,user
2026search,52,sample,中矿资源股票股,320.0,user
2026search,52,sample,建投能源股票,498.0,user
2026search,75,top_pv,蚂蚁庄园今日答案,12164.0,user
2026search,75,top_pv,荞麦枕蚂蚁庄园,8930.0,user
2026search,75,top_pv,蚂蚁庄园今天的答案最新,4121.0,user
2026search,75,top_pv,今日蚂蚁庄园正确答案,3631.0,user
2026search,75,top_pv,蚂蚁庄园今日正确答案,2358.0,user
2026search,75,top_pv,蚂蚁庄园今日正确答案公布,1979.0,user
2026search,75,sample,蚂蚁新村今日正确答案,260.0,user
2026search,75,sample,今天蚂蚁庄园答案最新,208.0,user
2026search,75,sample,2026小鸡庄园最新今日答案,222.0,user
2026search,75,sample,蚂蚁庄园今日答题答案,1204.0,user
2026search,75,sample,蚂蚁新村今日答题答案最新,388.0,user
2026search,75,sample,豪放派蚂蚁庄园,565.0,user
2026search,38,top_pv,比特币,12149.0,user
2026search,38,top_pv,比特币行情,4451.0,user
2026search,38,top_pv,比特币的最新价格,3806.0,user
2026search,38,top_pv,比特币价格,2769.0,user
2026search,38,top_pv,英镑,2395.0,user
2026search,38,top_pv,狗狗币,2209.0,user
2026search,38,sample,USDT,352.0,user
2026search,38,sample,比特币实时美元走势图,232.0,user
2026search,38,sample,比特币今日最新实时价格,262.0,user
2026search,38,sample,比特币实时走势图,213.0,user
2026search,38,sample,比特币美元行情走势,488.0,user
2026search,38,sample,新币,285.0,user
2026search,74,top_pv,伦敦金,11963.0,user
2026search,74,top_pv,国际黄金,8984.0,user
2026search,74,top_pv,山东黄金股票,4770.0,user
2026search,74,top_pv,上海黄金交易所,2959.0,user
2026search,74,top_pv,纸黄金,2785.0,user
2026search,74,top_pv,湖南黄金股票,2751.0,user
2026search,74,sample,黄金t d,223.0,user
2026search,74,sample,今天黄金,366.0,user
2026search,74,sample,黄金还会下跌吗,237.0,user
2026search,74,sample,黄金还会涨吗2026年,167.0,user
2026search,74,sample,伦敦现货黄金,318.0,user
2026search,74,sample,国际现货黄金,325.0,user
2026search,13,top_pv,江波龙 股票,10362.0,user
2026search,13,top_pv,包钢股份,10117.0,user
2026search,13,top_pv,卧龙电驱股票,3967.0,user
2026search,13,top_pv,包钢股份股票,3690.0,user
2026search,13,top_pv,鼎龙股份股票,3378.0,user
2026search,13,top_pv,广钢气体股票,1852.0,user
2026search,13,sample,中信特钢股票,264.0,user
2026search,13,sample,兆龙互连股票,464.0,user
2026search,13,sample,马钢股份,445.0,user
2026search,13,sample,恒天海龙股票,162.0,user
2026search,13,sample,安培龙股票,316.0,user
2026search,13,sample,北方长龙股票,169.0,user
2026search,62,top_pv,长江有色金属网,9542.0,user
2026search,62,top_pv,铜陵有色股票,8927.0,user
2026search,62,top_pv,上海有色金属网,8510.0,user
2026search,62,top_pv,长江有色金属行情网,1554.0,user
2026search,62,top_pv,长江有色金属网行情,1345.0,user
2026search,62,top_pv,华锡有色股票,1043.0,user
2026search,62,sample,长江现货有色金属价格行情,182.0,user
2026search,62,sample,金融融通贵金属行情,222.0,user
2026search,62,sample,广晟有色股票,259.0,user
2026search,62,sample,上海金属网有色金属网,191.0,user
2026search,62,sample,有色长江金属网,204.0,user
2026search,62,sample,伦敦有色金属网,268.0,user
2026search,79,top_pv,工商银行客户电话,9087.0,user
2026search,79,top_pv,工商银行,4760.0,user
2026search,79,top_pv,招商银行,3260.0,user
2026search,79,top_pv,中国工商银行,1329.0,user
2026search,79,top_pv,农商银行,1221.0,user
2026search,79,top_pv,工商银行电话,977.0,user
2026search,79,sample,浙商银行,729.0,user
2026search,79,sample,网商银行是正规银行吗,424.0,user
2026search,79,sample,招商银行是国企还是私企,307.0,user
2026search,79,sample,徽商银行,294.0,user
2026search,79,sample,农商银行电话,231.0,user
2026search,79,sample,农商银行退市,578.0,user
2026search,7,top_pv,国家企业信息信用信息系统,8127.0,user
2026search,7,top_pv,支付宝下载安装,5317.0,user
2026search,7,top_pv,支付宝,5287.0,user
2026search,7,top_pv,怎么查个人征信,4415.0,user
2026search,7,top_pv,同花顺,2852.0,user
2026search,7,top_pv,易宝支付是什么平台,2321.0,user
2026search,7,sample,如何关闭花呗功能,189.0,user
2026search,7,sample,中国人民银行征信中心官网登录入口,189.0,user
2026search,7,sample,支付宝的钱怎么转到微信,183.0,user
2026search,7,sample,中国人民银行征信中心,912.0,user
2026search,7,sample,云闪付国补怎么领取,187.0,user
2026search,7,sample,桔多多还款还不进去怎么办,485.0,user
2026search,77,top_pv,彩虹股份股票,8015.0,user
2026search,77,top_pv,沪电股份股票,7025.0,user
2026search,77,top_pv,牧原股份股票,5295.0,user
2026search,77,top_pv,巨化股份股票,5032.0,user
2026search,77,top_pv,惠科股份股票,4881.0,user
2026search,77,top_pv,锡业股份股票,4011.0,user
2026search,77,sample,盐湖股份股票,418.0,user
2026search,77,sample,韶能股份股票,1682.0,user
2026search,77,sample,应流股份股票,858.0,user
2026search,77,sample,华统股份股票,282.0,user
2026search,77,sample,纽威股份股票,184.0,user
2026search,77,sample,海峡股份股票,246.0,user
2026search,68,top_pv,725,7234.0,user
2026search,68,top_pv,751,1223.0,user
2026search,68,top_pv,977,890.0,user
2026search,68,top_pv,767,803.0,user
2026search,68,top_pv,2171,774.0,user
2026search,68,top_pv,2167,750.0,user
2026search,68,sample,723,196.0,user
2026search,68,sample,2670,186.0,user
2026search,68,sample,547,344.0,user
2026search,68,sample,677,159.0,user
2026search,68,sample,1257,306.0,user
2026search,68,sample,2273,313.0,user
2026search,80,top_pv,农业银行股票,6525.0,user
2026search,80,top_pv,招商银行股票,5035.0,user
2026search,80,top_pv,中国银行股票,3995.0,user
2026search,80,top_pv,工商银行股票,3927.0,user
2026search,80,top_pv,兴业银行股票,2359.0,user
2026search,80,top_pv,建设银行股票,2292.0,user
2026search,80,sample,工商银行股票600138,300.0,user
2026search,80,sample,三人行股票,330.0,user
2026search,80,sample,农行股票,275.0,user
2026search,80,sample,北京银行股票,1606.0,user
2026search,80,sample,华夏银行股票,703.0,user
2026search,80,sample,工商银行股票股票,228.0,user
2026search,51,top_pv,沪深300,6413.0,user
2026search,51,top_pv,600010,2433.0,user
2026search,51,top_pv,600030,2313.0,user
2026search,51,top_pv,600667,2063.0,user
2026search,51,top_pv,600497,2020.0,user
2026search,51,top_pv,600522,1840.0,user
2026search,51,sample,603000,165.0,user
2026search,51,sample,300750,751.0,user
2026search,51,sample,601010,180.0,user
2026search,51,sample,300558,248.0,user
2026search,51,sample,600378,739.0,user
2026search,51,sample,300303,687.0,user
2026search,47,top_pv,房贷计算器,6377.0,user
2026search,47,top_pv,贷款计算器,2648.0,user
2026search,47,top_pv,国家开发银行生源地助学贷款系统,1923.0,user
2026search,47,top_pv,国家助学贷款官网登录入口,1102.0,user
2026search,47,top_pv,助学贷款官网登录入口,993.0,user
2026search,47,top_pv,贷款,978.0,user
2026search,47,sample,生源地助学贷款官网登录入口,581.0,user
2026search,47,sample,助学贷款怎么还款,163.0,user
2026search,47,sample,网贷,308.0,user
2026search,47,sample,国家助学贷款,327.0,user
2026search,47,sample,8月1日网贷新规定,168.0,user
2026search,47,sample,国家助学贷款生源地系统登录官网,186.0,user
2026search,23,top_pv,平安保险车险电话,6303.0,user
2026search,23,top_pv,人保保险车险电话,4937.0,user
2026search,23,top_pv,中国平安,3167.0,user
2026search,23,top_pv,太平洋车险电话,2929.0,user
2026search,23,top_pv,中国人寿保险电话,2385.0,user
2026search,23,top_pv,新华保险股票,1441.0,user
2026search,23,sample,人保保险车险,413.0,user
2026search,23,sample,交强险多少钱一年,245.0,user
2026search,23,sample,中国人寿,1189.0,user
2026search,23,sample,摩托车交强险怎么网上买,244.0,user
2026search,23,sample,车损险有没有必要买,179.0,user
2026search,23,sample,中国人寿保险,306.0,user
2026search,72,top_pv,1,6021.0,user
2026search,72,top_pv,2281,2907.0,user
2026search,72,top_pv,2185,2375.0,user
2026search,72,top_pv,21,2353.0,user
2026search,72,top_pv,日经225,1743.0,user
2026search,72,top_pv,620,1392.0,user
2026search,72,sample,2156,1067.0,user
2026search,72,sample,2636,289.0,user
2026search,72,sample,2083,220.0,user
2026search,72,sample,2625,420.0,user
2026search,72,sample,2635,506.0,user
2026search,72,sample,2085,225.0,user
2026search,67,top_pv,中信银行信用卡中心电话,6015.0,user
2026search,67,top_pv,交通银行信用卡客服电话,4507.0,user
2026search,67,top_pv,广发银行信用卡电话,3783.0,user
2026search,67,top_pv,兴业银行信用卡电话,3109.0,user
2026search,67,top_pv,浦发信用卡客服电话,3052.0,user
2026search,67,top_pv,平安银行信用卡人工24服务热线,2472.0,user
2026search,67,sample,广州银行信用卡客服电话,311.0,user
2026search,67,sample,交通银行信用卡,204.0,user
2026search,67,sample,招商银行信用卡,427.0,user
2026search,67,sample,农业银行信用卡客服电话,434.0,user
2026search,67,sample,平安银行信用卡人工电话,493.0,user
2026search,67,sample,农业银行信用卡电话,324.0,user
2026search,44,top_pv,长鑫存储股票上市时间,5666.0,user
2026search,44,top_pv,etf和股票的区别,1261.0,user
2026search,44,top_pv,新股上市前5天不设涨跌幅,1094.0,user
2026search,44,top_pv,北交所新股申购规则,954.0,user
2026search,44,top_pv,创业板开户条件有哪些,608.0,user
2026search,44,top_pv,豪26发债上市时间,588.0,user
2026search,44,sample,股票开盘时间和交易时间,367.0,user
2026search,44,sample,920081申购策略,199.0,user
2026search,44,sample,市盈率高的股票好还是低的股票好,198.0,user
2026search,44,sample,两阴夹一阳是洗盘还是出货,173.0,user
2026search,44,sample,北交所打新股规则及条件,172.0,user
2026search,44,sample,一手是多少股,212.0,user
2026search,6,top_pv,京东方a股吧,5530.0,user
2026search,6,top_pv,标普500,4542.0,user
2026search,6,top_pv,阳光电源股吧,4416.0,user
2026search,6,top_pv,tcl科技股吧,4146.0,user
2026search,6,top_pv,100,3678.0,user
2026search,6,top_pv,中天科技股吧,3637.0,user
2026search,6,sample,洲际油气(600759)股吧,283.0,user
2026search,6,sample,湖北宜化股票股吧,363.0,user
2026search,6,sample,和远气体股吧,309.0,user
2026search,6,sample,平潭发展股票股吧,178.0,user
2026search,6,sample,宋城演艺股吧,211.0,user
2026search,6,sample,明阳电路(300739)股吧,220.0,user
2026search,66,top_pv,建行客服电话,5062.0,user
2026search,66,top_pv,招商银行客服电话,4139.0,user
2026search,66,top_pv,建设银行电话95533,3775.0,user
2026search,66,top_pv,中国银行人工客服电话,3535.0,user
2026search,66,top_pv,农行客服电话,3023.0,user
2026search,66,top_pv,桔多多客服电话,2326.0,user
2026search,66,sample,江苏苏商银行客服电话,227.0,user
2026search,66,sample,中原银行客服电话,338.0,user
2026search,66,sample,中信银行电话,245.0,user
2026search,66,sample,辽宁振兴银行客服电话多少,172.0,user
2026search,66,sample,小赢卡贷客服电话,297.0,user
2026search,66,sample,长安银行股份有限公司客服电话,310.0,user
2026search,71,top_pv,1399,5022.0,user
2026search,71,top_pv,149,2584.0,user
2026search,71,top_pv,938,1645.0,user
2026search,71,top_pv,399006,970.0,user
2026search,71,top_pv,629,674.0,user
2026search,71,top_pv,399001,611.0,user
2026search,71,sample,592,267.0,user
2026search,71,sample,159995,265.0,user
2026search,71,sample,2669,202.0,user
2026search,71,sample,839,281.0,user
2026search,71,sample,2739,233.0,user
2026search,71,sample,1309,192.0,user
2026search,22,top_pv,中国银行,4564.0,user
2026search,22,top_pv,建设银行,2442.0,user
2026search,22,top_pv,四大银行是哪四大银行?,1835.0,user
2026search,22,top_pv,银行几点上班下班时间,1814.0,user
2026search,22,top_pv,平安银行,1346.0,user
2026search,22,top_pv,中信银行,1338.0,user
2026search,22,sample,中信百信银行,228.0,user
2026search,22,sample,建行,363.0,user
2026search,22,sample,宁波银行,330.0,user
2026search,22,sample,中国银行外汇,186.0,user
2026search,22,sample,泰隆银行,248.0,user
2026search,22,sample,汇丰银行是哪个国家,175.0,user
2026search,48,top_pv,卡农社区,4207.0,user
2026search,48,top_pv,农业银行客服95599,3555.0,user
2026search,48,top_pv,农业银行,2765.0,user
2026search,48,top_pv,中国农业银行,1994.0,user
2026search,48,top_pv,兴业银行,1749.0,user
2026search,48,top_pv,农村商业银行,941.0,user
2026search,48,sample,农业银行电话,237.0,user
2026search,48,sample,中国农业发展银行,174.0,user
2026search,48,sample,中国农业银行股票,295.0,user
2026search,48,sample,福建农信,183.0,user
2026search,48,sample,农村信用社,454.0,user
2026search,48,sample,农行,206.0,user
2026search,4,top_pv,国际油价,4045.0,user
2026search,4,top_pv,原油实时行情,2335.0,user
2026search,4,top_pv,布伦特原油实时行情,2130.0,user
2026search,4,top_pv,国际油价实时走势图,2037.0,user
2026search,4,top_pv,原油价格,1442.0,user
2026search,4,top_pv,招商南油,922.0,user
2026search,4,sample,国际原油最新价格实时5秒查询,296.0,user
2026search,4,sample,国际油价今日走势图,616.0,user
2026search,4,sample,国际原油实时行情,701.0,user
2026search,4,sample,国际原油最新价格,185.0,user
2026search,4,sample,原油期货实时行情,884.0,user
2026search,4,sample,NYMEX原油(CL00Y),297.0,user
2026search,50,top_pv,澳元兑换人民币,3271.0,user
2026search,50,top_pv,欧元兑换人民币,2895.0,user
2026search,50,top_pv,离岸人民币,2813.0,user
2026search,50,top_pv,台币兑换人民币,2451.0,user
2026search,50,top_pv,人民币兑换泰铢,2051.0,user
2026search,50,top_pv,美金人民币兑换,2039.0,user
2026search,50,sample,澳大利亚汇率兑换人民币,258.0,user
2026search,50,sample,马币兑人民币,241.0,user
2026search,50,sample,货币兑换,183.0,user
2026search,50,sample,人民币,1357.0,user
2026search,50,sample,数字人民币,542.0,user
2026search,50,sample,澳元兑人民币兑换率,273.0,user
2026search,76,top_pv,xd股票代表什么,3005.0,user
2026search,76,top_pv,长鑫存储什么时候上市,2502.0,user
2026search,76,top_pv,长鑫科技什么时候上市,2265.0,user
2026search,76,top_pv,华润新能什么时候交易,1187.0,user
2026search,76,top_pv,科创板股票开户有什么条件,1145.0,user
2026search,76,top_pv,cpo板块指什么,950.0,user
2026search,76,sample,宝钛发债什么时候上市,211.0,user
2026search,76,sample,南芯发债什么时候上市,444.0,user
2026search,76,sample,宝付是什么平台扣款,545.0,user
2026search,76,sample,c惠科是什么股,256.0,user
2026search,76,sample,usd是什么货币,822.0,user
2026search,76,sample,开通科创板股票需要什么条件,223.0,user
2026search,73,top_pv,云闪付app官方下载,2898.0,user
2026search,73,top_pv,农业银行app官网下载,1341.0,user
2026search,73,top_pv,工商银行手机银行app下载,1073.0,user
2026search,73,top_pv,建设银行app官方下载,964.0,user
2026search,73,top_pv,中国农业银行app下载安装,911.0,user
2026search,73,top_pv,paypal,900.0,user
2026search,73,sample,中国建设银行App下载,214.0,user
2026search,73,sample,k豆钱包app官网下载com,217.0,user
2026search,73,sample,农商行手机银行app下载安装,196.0,user
2026search,73,sample,云闪付app官方下载最新版安装,275.0,user
2026search,73,sample,度小满金融app下载,399.0,user
2026search,73,sample,邮政储蓄手机银行下载app,612.0,user
2026search,63,top_pv,95588是什么银行电话,2407.0,user
2026search,63,top_pv,95566是什么电话号码,1967.0,user
2026search,63,top_pv,95533是什么电话,1949.0,user
2026search,63,top_pv,95595是哪个银行的电话,1106.0,user
2026search,63,top_pv,95508是哪个银行的电话,1065.0,user
2026search,63,top_pv,95768是什么电话号码,1017.0,user
2026search,63,sample,9527558是什么电话?,197.0,user
2026search,63,sample,9548853是什么号码,260.0,user
2026search,63,sample,9524098是什么电话,208.0,user
2026search,63,sample,9526970是什么号码,167.0,user
2026search,63,sample,95319是什么电话号码,232.0,user
2026search,63,sample,4006995555是什么电话,237.0,user
2026search,64,top_pv,95588,2405.0,user
2026search,64,top_pv,95566,1996.0,user
2026search,64,top_pv,95533,1551.0,user
2026search,64,top_pv,95559,1182.0,user
2026search,64,top_pv,95508,1173.0,user
2026search,64,top_pv,95559是哪个银行,1098.0,user
2026search,64,sample,95566主动来电原因,160.0,user
2026search,64,sample,4001395555,239.0,user
2026search,64,sample,工行客服打95588,186.0,user
2026search,64,sample,95518,263.0,user
2026search,64,sample,4001895559,458.0,user
2026search,64,sample,交通银行电话95559,832.0,user
2026search,65,top_pv,平安保险客服24小时电话人工客服电话,2094.0,user
2026search,65,top_pv,农商银行24小时人工客服电话,2065.0,user
2026search,65,top_pv,工行客服电话24小时人工服务,1986.0,user
2026search,65,top_pv,平安人工客服24小时电话,1489.0,user
2026search,65,top_pv,浦发银行24小时人工服务电话,1435.0,user
2026search,65,top_pv,邮政银行客服24小时热线人工,1288.0,user
2026search,65,sample,交行信用卡客服电话24小时人工服务,270.0,user
2026search,65,sample,光大银行24小时人工服务电话,946.0,user
2026search,65,sample,招商银行24小时人工电话,300.0,user
2026search,65,sample,长沙银行24小时人工服务,242.0,user
2026search,65,sample,放心借客服电话24小时人工服务,224.0,user
2026search,65,sample,四川新网银行24小时人工服务电话,213.0,user
2026search,39,top_pv,欧易,1958.0,user
2026search,39,top_pv,A股交易新规7月6日起施行,899.0,user
2026search,39,top_pv,股票交易时间,806.0,user
2026search,39,top_pv,欧交易app下载最新版本.登录-2026.香港,614.0,user
2026search,39,top_pv,A股交易新规下周施行,606.0,user
2026search,39,top_pv,一尘网钱币交易网,500.0,user
2026search,39,sample,北交所,437.0,user
2026search,39,sample,易方达,209.0,user
2026search,39,sample,指南针下载,287.0,user
2026search,39,sample,欧易下载,255.0,user
2026search,39,sample,上交所官网,354.0,user
2026search,39,sample,深交所官网,306.0,user
2026search,1,top_pv,创新药龙头有哪些好股票,1826.0,user
2026search,1,top_pv,玻璃基板龙头股票有哪些,1624.0,user
2026search,1,top_pv,功率半导体龙头股票有哪些,1612.0,user
2026search,1,top_pv,天天基金网官网,1585.0,user
2026search,1,top_pv,物理ai龙头股票有哪些,988.0,user
2026search,1,top_pv,六氟化钨概念股票龙头股,981.0,user
2026search,1,sample,玻璃基板概念股,679.0,user
2026search,1,sample,基金几点开盘几点停盘,205.0,user
2026search,1,sample,002692基金净值查询今天最新净值,197.0,user
2026search,1,sample,广发聚丰基金270005今日净值,413.0,user
2026search,1,sample,华夏优势增长(000021)天天基金网,186.0,user
2026search,1,sample,南方成份精选基金202005,169.0,user
2026search,9,top_pv,碳酸锂期货实时行情,1800.0,user
2026search,9,top_pv,沪铝期货行情实时行情,1699.0,user
2026search,9,top_pv,黄金期货,1664.0,user
2026search,9,top_pv,沪铜期货今日铜价行情,1485.0,user
2026search,9,top_pv,伦铝期货实时行情,1433.0,user
2026search,9,top_pv,黄金期货最新行情,1161.0,user
2026search,9,sample,pvc期货价格行情,368.0,user
2026search,9,sample,伦敦铝期货行情,167.0,user
2026search,9,sample,伦敦铜期货行情最新,952.0,user
2026search,9,sample,沪铝今日行情,241.0,user
2026search,9,sample,南华期货,182.0,user
2026search,9,sample,南华期货股票,162.0,user
2026search,70,top_pv,1248,1763.0,user
2026search,70,top_pv,2407,1261.0,user
2026search,70,top_pv,2354,1191.0,user
2026search,70,top_pv,2491,763.0,user
2026search,70,top_pv,2475,695.0,user
2026search,70,top_pv,2458,691.0,user
2026search,70,sample,400,212.0,user
2026search,70,sample,2141,313.0,user
2026search,70,sample,2471,283.0,user
2026search,70,sample,2446,352.0,user
2026search,70,sample,2429,288.0,user
2026search,70,sample,22364,230.0,user
2026search,69,top_pv,988,1606.0,user
2026search,69,top_pv,10108880,971.0,user
2026search,69,top_pv,858,943.0,user
2026search,69,top_pv,688008,861.0,user
2026search,69,top_pv,981,837.0,user
2026search,69,top_pv,10108018,780.0,user
2026search,69,sample,688981,724.0,user
2026search,69,sample,588170,441.0,user
2026search,69,sample,1280,206.0,user
2026search,69,sample,688820,253.0,user
2026search,69,sample,680,188.0,user
2026search,69,sample,688525佰维存储股吧,290.0,user
2026search,46,top_pv,京东白条能提前还吗,1591.0,user
2026search,46,top_pv,快查查 你账户今天会收钱!,527.0,user
2026search,46,top_pv,借钱,499.0,user
2026search,46,top_pv,通联沪快扣款追回,403.0,user
2026search,46,top_pv,跨行转账要手续费吗,374.0,user
2026search,46,top_pv,余额宝存钱安全可靠吗,325.0,user
2026search,46,sample,跨行转账一般多久到账,306.0,user
2026search,46,sample,收款码可以发给别人吗安全吗,167.0,user
2026search,46,sample,零钱通存钱安全吗,246.0,user
2026search,46,sample,哈啰臻有钱,219.0,user
2026search,46,sample,借钱急用小额,290.0,user
2026search,46,sample,跨行转账要收多少手续费,257.0,user
2026search,2,top_pv,股票xd开头什么意思,1392.0,user
2026search,2,top_pv,市盈率什么意思,922.0,user
2026search,2,top_pv,借壳上市是什么意思?,770.0,user
2026search,2,top_pv,京东白条是什么意思,750.0,user
2026search,2,top_pv,ipo是什么意思啊,747.0,user
2026search,2,top_pv,生意社,719.0,user
2026search,2,sample,国债逆回购是啥意思有风险吗,200.0,user
2026search,2,sample,股票xd代表啥意思,177.0,user
2026search,2,sample,盘后固定价格交易什么意思,202.0,user
2026search,2,sample,"换手率是什么意思,高好还是低好",455.0,user
2026search,2,sample,缩量上涨意味着什么意思,317.0,user
2026search,2,sample,委比是什么意思 股票,204.0,user
2026search,19,top_pv,等额本息和等额本金的区别在哪,1140.0,user
2026search,19,top_pv,银行存款利率,933.0,user
2026search,19,top_pv,银行利率最新调整公告,838.0,user
2026search,19,top_pv,德明利,709.0,user
2026search,19,top_pv,利息计算公式计算器,680.0,user
2026search,19,top_pv,年利率怎么计算,592.0,user
2026search,19,sample,房贷利率2026最新利率是多少,244.0,user
2026search,19,sample,银行利息,350.0,user
2026search,19,sample,花呗利息是多少,354.0,user
2026search,19,sample,贷款利率,178.0,user
2026search,19,sample,lpr利率最新,435.0,user
2026search,19,sample,存款利息2026最新利率,250.0,user
2026search,45,top_pv,我爱卡,1108.0,user
2026search,45,top_pv,借记卡和储蓄卡区别,888.0,user
2026search,45,top_pv,银行卡被冻结了怎么办最快解冻,740.0,user
2026search,45,top_pv,一类卡二类银行卡区别,531.0,user
2026search,45,top_pv,办银行卡需要准备什么,435.0,user
2026search,45,top_pv,身份证到期银行卡需要到银行更新吗,363.0,user
2026search,45,sample,换新身份证后需要去银行更新吗,248.0,user
2026search,45,sample,储蓄卡和借记卡有什么区别,344.0,user
2026search,45,sample,银行卡到期不换卡有什么影响,270.0,user
2026search,45,sample,银行卡密码输错3次被锁了怎么办?,159.0,user
2026search,45,sample,银行卡丢了可以补办原卡号吗,179.0,user
2026search,45,sample,银行卡异常状态是怎么解除,168.0,user
2026search,58,top_pv,st洲际,943.0,user
2026search,58,top_pv,st闻泰,741.0,user
2026search,58,top_pv,st京蓝股吧,604.0,user
2026search,58,top_pv,asts股票,586.0,user
2026search,58,top_pv,st京蓝,573.0,user
2026search,58,top_pv,sandisk股票,497.0,user
2026search,58,sample,ST闻泰,224.0,user
2026search,58,sample,st东易,190.0,user
2026search,58,sample,st正平,177.0,user
2026search,58,sample,股票st意味着什么,201.0,user
2026search,58,sample,st金科,401.0,user
2026search,58,sample,reits,177.0,user
2026search,42,top_pv,360借款平台申请借贷,828.0,user
2026search,42,top_pv,度小满金融正规合法吗,706.0,user
2026search,42,top_pv,水滴筹平台收取多少手续费,424.0,user
2026search,42,top_pv,通联支付属于哪个平台,345.0,user
2026search,42,top_pv,砺带科技是什么贷款平台,343.0,user
2026search,42,top_pv,网银在线是哪个平台的支付,327.0,user
2026search,42,sample,利信金融是哪个网贷平台的催收公司,196.0,user
2026search,42,sample,融360是正规借钱平台吗,201.0,user
2026search,42,sample,宜享花贷款是正规平台吗,161.0,user
2026search,42,sample,借钱平台哪个好借 正规安全,187.0,user
2026search,42,sample,悦贷宝借钱是正规的吗,162.0,user
2026search,42,sample,网贷款平台哪一个好借钱,285.0,user
assistant_top,6,top_pv,10转10送10股派10元,295.0,user
assistant_top,6,top_pv,300509股价多少？,98.0,user
assistant_top,6,top_pv,000725股价多少？,82.0,user
assistant_top,6,top_pv,A股收盘：全市场超3300只个股上涨,59.0,user
assistant_top,6,top_pv,",000001",58.0,user
assistant_top,6,top_pv,标普500,51.0,user
assistant_top,17,top_pv,美股,3073.0,user
assistant_top,17,top_pv,上证指数,1467.0,user
assistant_top,17,top_pv,美股行情,1064.0,user
assistant_top,17,top_pv,美股股市,513.0,user
assistant_top,17,top_pv,美股最新行情,466.0,user
assistant_top,17,top_pv,美股三大指数,384.0,user
assistant_top,17,sample,恒生指数,74.0,user
assistant_top,17,sample,美元指数,218.0,user
assistant_top,17,sample,费城半导体指数,78.0,user
assistant_top,17,sample,000001上证指数,70.0,user
assistant_top,17,sample,美股大盘指数,66.0,user
assistant_top,17,sample,港股行情,53.0,user
assistant_top,72,top_pv,1,109.0,user
assistant_top,72,top_pv,2026年国债发行时间表,68.0,user
assistant_top,47,top_pv,拍拍贷,1270.0,user
assistant_top,47,top_pv,房贷计算器,413.0,user
assistant_top,47,top_pv,拍拍贷,377.0,user
assistant_top,47,top_pv,房地产信贷迎来重磅新政策,304.0,user
assistant_top,47,top_pv,车本抵押贷款怎么办理,206.0,user
assistant_top,47,top_pv,100万房贷月供可减少635元,158.0,user
assistant_top,47,sample,外地人在上海贷款买房划算吗,61.0,user
assistant_top,47,sample,贷款,111.0,user
assistant_top,47,sample,贷款计算器,133.0,user
assistant_top,47,sample,房贷延长到40年,58.0,user
assistant_top,47,sample,汽车抵押贷款,86.0,user
assistant_top,47,sample,个人住房贷款期限延长至最长40年,143.0,user
assistant_top,3,top_pv,汇率换算,494.0,user
assistant_top,3,top_pv,美元兑换人民币,444.0,user
assistant_top,3,top_pv,美元人民币汇率,391.0,user
assistant_top,3,top_pv,美元换人民币,329.0,user
assistant_top,3,top_pv,美元汇率,302.0,user
assistant_top,3,top_pv,美元兑人民币,261.0,user
assistant_top,3,sample,美元兑换成人民币,44.0,user
assistant_top,3,sample,一美元等于多少人民币？,60.0,user
assistant_top,3,sample,美元人民币换汇,47.0,user
assistant_top,3,sample,美元汇率人民币,65.0,user
assistant_top,3,sample,美元兑日元,95.0,user
assistant_top,3,sample,日元汇率,180.0,user
assistant_top,10,top_pv,2026今日金价多少一克,567.0,user
assistant_top,10,top_pv,黄金大盘的价格,530.0,user
assistant_top,10,top_pv,黄金今日价钱多少一克,387.0,user
assistant_top,10,top_pv,今日金价多少1克,185.0,user
assistant_top,10,top_pv,现在值多少钱,145.0,user
assistant_top,10,top_pv,现在多少钱,142.0,user
assistant_top,10,sample,今日金价大盘价,101.0,user
assistant_top,10,sample,黄金今日价格大盘走势,109.0,user
assistant_top,10,sample,原价多少钱,48.0,user
assistant_top,10,sample,今天金价大盘价,52.0,user
assistant_top,10,sample,今天金价多少钱一克,62.0,user
assistant_top,10,sample,金价国际大盘价,45.0,user
assistant_top,55,top_pv,黄金价格,4361.0,user
assistant_top,55,top_pv,市场价格,444.0,user
assistant_top,55,top_pv,今日黄金价格,305.0,user
assistant_top,55,top_pv,价格,144.0,user
assistant_top,55,top_pv,黄金价格走势,125.0,user
assistant_top,55,top_pv,黄金价格未来走势如何,102.0,user
assistant_top,55,sample,今天的黄金价格,47.0,user
assistant_top,55,sample,2026年黄金价格预测,71.0,user
assistant_top,55,sample,国际黄金价格,76.0,user
assistant_top,55,sample,高盛预测未来黄金价格,57.0,user
assistant_top,55,sample,世界黄金协会预测黄金价格,46.0,user
assistant_top,55,sample,塑料瓶价格大涨,54.0,user
assistant_top,19,top_pv,等额本息和等额本金哪个划算,987.0,user
assistant_top,19,top_pv,等额本息和等额本金哪个更划算,285.0,user
assistant_top,19,top_pv,等额本金和等额本息哪个更划算,168.0,user
assistant_top,19,top_pv,2026年哪个银行利息最高,118.0,user
assistant_top,19,top_pv,哪家银行的存款利率最高,111.0,user
assistant_top,19,top_pv,等额本息和等额本金哪种更划算,92.0,user
assistant_top,19,sample,大额存单和定期存款哪个更划算,46.0,user
assistant_top,19,sample,哪个银行的存款利率最高,69.0,user
assistant_top,19,sample,2026年哪家银行利息最高,76.0,user
assistant_top,19,sample,利好还是利空,62.0,user
assistant_top,19,sample,银行利率一览表,85.0,user
assistant_top,19,sample,提前还款能省多少利息,48.0,user
assistant_top,51,top_pv,300851,136.0,user
assistant_top,69,top_pv,4318冻结的三个原因,48.0,user
assistant_top,69,top_pv,688836,48.0,user
assistant_top,1,top_pv,液冷龙头股,173.0,user
assistant_top,1,top_pv,ptfe概念股,139.0,user
assistant_top,1,top_pv,ptfe龙头股,96.0,user
assistant_top,1,top_pv,这只基金适合长期持有吗,95.0,user
assistant_top,1,top_pv,物理ai龙头股,95.0,user
assistant_top,1,top_pv,ptfe材料龙头股,86.0,user
assistant_top,1,sample,pcb概念十大龙头股票,62.0,user
assistant_top,1,sample,算力龙头股,45.0,user
assistant_top,1,sample,消费电子龙头股票,66.0,user
assistant_top,1,sample,6g龙头股,44.0,user
assistant_top,1,sample,ai应用股票龙头,54.0,user
assistant_top,1,sample,激光通信龙头股,73.0,user
assistant_top,75,top_pv,蚂蚁庄园今日答案,209.0,user
assistant_top,75,top_pv,今日蚂蚁庄园正确答案,151.0,user
assistant_top,75,top_pv,蚂蚁庄园今日答案有哪些,139.0,user
assistant_top,75,top_pv,蚂蚁新村今日答案有哪些,138.0,user
assistant_top,75,top_pv,蚂蚁新村今日答案,135.0,user
assistant_top,75,top_pv,蚂蚁庄园今日正确答案,132.0,user
assistant_top,75,sample,蚂蚁新村今日答案是什么,113.0,user
assistant_top,75,sample,蚂蚁新村今日还有哪些题目,56.0,user
assistant_top,75,sample,蚂蚁新村今日答题答案最新,82.0,user
assistant_top,75,sample,蚂蚂蚁庄园今日答题,64.0,user
assistant_top,75,sample,蚂蚁庄园今日正确答案公布,95.0,user
assistant_top,75,sample,蚂蚁庄园蚂蚁新村今日答案,85.0,user
assistant_top,63,top_pv,95126一般打过来干嘛的,181.0,user
assistant_top,63,top_pv,工商银行95588主动来电一般都是什么,76.0,user
assistant_top,63,top_pv,95588是什么电话,52.0,user
assistant_top,64,top_pv,95588可以协商还本金吗,248.0,user
assistant_top,64,top_pv,95566来电不接没事吧,218.0,user
assistant_top,64,top_pv,工商逾期后95588催收,191.0,user
assistant_top,64,top_pv,955,57.0,user
assistant_top,64,top_pv,邮政银行95580短信真假,50.0,user
assistant_top,2,top_pv,9920短期解控是什么意思,173.0,user
assistant_top,2,top_pv,转账提示9920是什么意思啊,123.0,user
assistant_top,2,top_pv,农行批量扣费300什么意思,119.0,user
assistant_top,2,top_pv,工行储蓄卡代码4318什么意思,115.0,user
assistant_top,2,top_pv,比特币是什么意思,57.0,user
assistant_top,2,top_pv,花呗显示暂时无法为您服务是什么意思,46.0,user
assistant_top,2,sample,市盈率什么意思,45.0,user
assistant_top,40,top_pv,a股,875.0,user
assistant_top,40,top_pv,A股,322.0,user
assistant_top,40,top_pv,ai板块,208.0,user
assistant_top,40,top_pv,科创50,186.0,user
assistant_top,40,top_pv,A股ipo最新名单,139.0,user
assistant_top,40,top_pv,宁德时代,132.0,user
assistant_top,40,sample,北方铜业,64.0,user
assistant_top,40,sample,超级深透三角,82.0,user
assistant_top,40,sample,工业富联,81.0,user
assistant_top,40,sample,半导体板块,47.0,user
assistant_top,40,sample,房地产板块多股一字涨停,47.0,user
assistant_top,57,top_pv,大盘指数,1297.0,user
assistant_top,57,top_pv,今日大盘指数,243.0,user
assistant_top,57,top_pv,大盘,169.0,user
assistant_top,57,top_pv,今日大盘,164.0,user
assistant_top,57,top_pv,a股今日大盘股市行情,87.0,user
assistant_top,57,top_pv,股市大盘,76.0,user
assistant_top,57,sample,沪指大盘指数,47.0,user
assistant_top,57,sample,股票行情大盘走势,54.0,user
assistant_top,57,sample,A股大盘,59.0,user
assistant_top,57,sample,a股大盘走势分析,49.0,user
assistant_top,57,sample,沪深行情大盘指数,71.0,user
assistant_top,57,sample,a股大盘,47.0,user
assistant_top,49,top_pv,股市行情,2265.0,user
assistant_top,49,top_pv,美股实时行情,1610.0,user
assistant_top,49,top_pv,股市信息上百度,1195.0,user
assistant_top,49,top_pv,今日股市行情,1087.0,user
assistant_top,49,top_pv,美国股市,932.0,user
assistant_top,49,top_pv,今日股市,910.0,user
assistant_top,49,sample,英伟达即将发布业绩,73.0,user
assistant_top,49,sample,沪深股市实时行情,73.0,user
assistant_top,49,sample,美国股市今日行情,64.0,user
assistant_top,49,sample,全球股市实时行情,80.0,user
assistant_top,49,sample,日本股市,161.0,user
assistant_top,49,sample,股票行情,531.0,user
assistant_top,44,top_pv,近三年AI创业公司在国内融资情况如何,723.0,user
assistant_top,44,top_pv,这些股票中哪只最有潜力,605.0,user
assistant_top,44,top_pv,近三年AI创业公司在国内融资情况如何,469.0,user
assistant_top,44,top_pv,这些股票中哪个最有潜力,176.0,user
assistant_top,44,top_pv,上市时间,123.0,user
assistant_top,44,top_pv,百迈科申购预测,107.0,user
assistant_top,44,sample,华天科技未来有上涨空间吗,50.0,user
assistant_top,44,sample,重组成功概率大概是多少,47.0,user
assistant_top,44,sample,这些股票中哪只最适合长期持有,51.0,user
assistant_top,44,sample,谁在高位卖出宇树,78.0,user
assistant_top,44,sample,长江存储上市时间预测,68.0,user
assistant_top,44,sample,给我一些数字资产的例子,53.0,user
assistant_top,11,top_pv,金荣中国,1300.0,user
assistant_top,11,top_pv,英伟达股票,1111.0,user
assistant_top,11,top_pv,星宇股份,702.0,user
assistant_top,11,top_pv,股票,638.0,user
assistant_top,11,top_pv,闪迪股票,432.0,user
assistant_top,11,top_pv,星宇股份 股票,282.0,user
assistant_top,11,sample,比亚迪股票,174.0,user
assistant_top,11,sample,我爱我家股票,59.0,user
assistant_top,11,sample,三花智控股票,56.0,user
assistant_top,11,sample,新易盛股票,115.0,user
assistant_top,11,sample,杰锋动力申购预测,52.0,user
assistant_top,11,sample,中国神华股票,48.0,user
assistant_top,42,top_pv,期货哪个平台最正规,378.0,user
assistant_top,42,top_pv,现货黄金交易正规平台,134.0,user
assistant_top,42,top_pv,拍拍贷借款平台,109.0,user
assistant_top,42,top_pv,现货黄金交易正规平台,97.0,user
assistant_top,42,top_pv,度小满金融正规合法吗,80.0,user
assistant_top,42,top_pv,长安消费金融有限公司正规吗,80.0,user
assistant_top,42,sample,投资平台,53.0,user
assistant_top,42,sample,mt5外汇平台,59.0,user
assistant_top,42,sample,京东金融借钱平台,65.0,user
assistant_top,73,top_pv,paypal,2083.0,user
assistant_top,73,top_pv,通达信app手机版下载,529.0,user
assistant_top,73,top_pv,金融中国app官方正版下载,515.0,user
assistant_top,73,top_pv,度小满金融app下载,325.0,user
assistant_top,73,top_pv,中信证券下载app,197.0,user
assistant_top,73,top_pv,工商银行app,171.0,user
assistant_top,73,sample,平安车险app官方版,61.0,user
assistant_top,73,sample,农行手机银行app,117.0,user
assistant_top,73,sample,炒股软件app排名第一名,138.0,user
assistant_top,73,sample,金荣中国官网app下载安装,89.0,user
assistant_top,73,sample,手机炒股app,44.0,user
assistant_top,73,sample,金荣中国官网app下载安装最新版,76.0,user
assistant_top,45,top_pv,工商银行卡余额不足扣不了管理费怎么办,192.0,user
assistant_top,45,top_pv,这张卡值多少,115.0,user
assistant_top,45,top_pv,一类卡和二类卡哪个更安全,76.0,user
assistant_top,45,top_pv,银行卡余额3000可用2000是咋回事,59.0,user
assistant_top,45,top_pv,这张卡有收藏价值吗,56.0,user
assistant_top,45,top_pv,银行卡被冻结后多久能解冻,55.0,user
assistant_top,45,sample,这张卡值多少？,45.0,user
assistant_top,45,sample,银行卡状态正常但余额被冻结,45.0,user
assistant_top,45,sample,银行卡钱被转走了能找回来吗,48.0,user
assistant_top,45,sample,这张卡值多少元？,49.0,user
assistant_top,53,top_pv,亨通光电股票,216.0,user
assistant_top,53,top_pv,长飞光纤股票,134.0,user
assistant_top,53,top_pv,东方电气股票,80.0,user
assistant_top,53,top_pv,大唐发电股票,79.0,user
assistant_top,53,top_pv,通富微电股票,74.0,user
assistant_top,53,top_pv,航天电子股票,66.0,user
assistant_top,53,sample,思源电气股票,46.0,user
assistant_top,53,sample,国电南瑞 股票,59.0,user
assistant_top,53,sample,台积电股票,60.0,user
assistant_top,53,sample,美光股票,50.0,user
assistant_top,53,sample,三安光电股票,62.0,user
assistant_top,53,sample,航天电器股票今日走势分析预测,49.0,user
assistant_top,7,top_pv,易宝支付北海云华扣29.9,975.0,user
assistant_top,7,top_pv,工行转账出现9078是怎么回事,679.0,user
assistant_top,7,top_pv,路征,331.0,user
assistant_top,7,top_pv,交银信托转1000元怎么还,233.0,user
assistant_top,7,top_pv,支付宝,212.0,user
assistant_top,7,top_pv,花呗三千分期12个月每个月还多少钱,131.0,user
assistant_top,7,sample,农行不足500元扣款怎么办理,46.0,user
assistant_top,7,sample,支付宝转账,125.0,user
assistant_top,7,sample,同花顺,45.0,user
assistant_top,7,sample,怎么把平台的钱提出来,66.0,user
assistant_top,7,sample,征信报告每年能免费打印几次,57.0,user
assistant_top,7,sample,股票开户怎么开,51.0,user
assistant_top,18,top_pv,广发证券官网,722.0,user
assistant_top,18,top_pv,免费行情的网站WWW/大全百度搜索,317.0,user
assistant_top,18,top_pv,东方财富网,294.0,user
assistant_top,18,top_pv,度小满,144.0,user
assistant_top,18,top_pv,东方财富网首页,128.0,user
assistant_top,18,top_pv,有研新材股票,124.0,user
assistant_top,18,sample,新浪财经,72.0,user
assistant_top,18,sample,免费行情www网页/大全百度搜索,56.0,user
assistant_top,18,sample,文华财经随身行,86.0,user
assistant_top,18,sample,国际复材股票,57.0,user
assistant_top,18,sample,东方财富,97.0,user
assistant_top,18,sample,东方财富官方网站,59.0,user
assistant_top,9,top_pv,沪铜沪铝黄金白银期货今日铜价行情,321.0,user
assistant_top,9,top_pv,美原油黄金白银铜铝期货价格最新行情查询表,246.0,user
assistant_top,9,top_pv,今日伦铝伦铜黄金白银期货价格,128.0,user
assistant_top,9,top_pv,中信期货,127.0,user
assistant_top,9,top_pv,焦煤期货,53.0,user
assistant_top,23,top_pv,平安保险雇主责任险,1411.0,user
assistant_top,23,top_pv,买保险留电话入口,1382.0,user
assistant_top,23,top_pv,元保保险,1341.0,user
assistant_top,23,top_pv,中国平安雇主责任险,716.0,user
assistant_top,23,top_pv,中国人寿雇主责任险,681.0,user
assistant_top,23,top_pv,平安车险电话,504.0,user
assistant_top,23,sample,有风险吗,64.0,user
assistant_top,23,sample,保险靠不靠谱,65.0,user
assistant_top,23,sample,元保保险公司可靠吗,45.0,user
assistant_top,23,sample,阳光保险,60.0,user
assistant_top,23,sample,平安保险,46.0,user
assistant_top,23,sample,保险留电话入口,338.0,user
assistant_top,48,top_pv,农业银行账户余额200可用余额0是什么,1566.0,user
assistant_top,48,top_pv,农业银行卡自动扣80是扣什么,907.0,user
assistant_top,48,top_pv,农业银行卡uc批扣240是怎么回事,802.0,user
assistant_top,48,top_pv,农业银行账户被冻结账户余额为0,658.0,user
assistant_top,48,top_pv,农业银行凌晨自动扣钱3001元,476.0,user
assistant_top,48,top_pv,农业银行凌晨自动扣钱300,425.0,user
assistant_top,48,sample,农业银行卡扣50元怎么回事,48.0,user
assistant_top,48,sample,农业银行可用余额1千多怎么回事,92.0,user
assistant_top,48,sample,农业银行账户余额为零原因,71.0,user
assistant_top,48,sample,农业银行不满300元,83.0,user
assistant_top,48,sample,农业银行账户余额为零可能原因,337.0,user
assistant_top,48,sample,兴业银行,47.0,user
assistant_top,79,top_pv,工商银行95588短信提醒怎么开通,970.0,user
assistant_top,79,top_pv,工商银行9920只收不付,936.0,user
assistant_top,79,top_pv,工商银行卡扣费 30 元余额不足会怎样,747.0,user
assistant_top,79,top_pv,工商银行9920能自动解冻吗,598.0,user
assistant_top,79,top_pv,工商银行9920只收不付可以取现吗,494.0,user
assistant_top,79,top_pv,工商银行卡余额不足300,378.0,user
assistant_top,79,sample,工商银行交易失败42821,135.0,user
assistant_top,79,sample,工商银行9920可以柜台转账吗,65.0,user
assistant_top,79,sample,工商银行,150.0,user
assistant_top,79,sample,工商银行转账显示1072,306.0,user
assistant_top,79,sample,工商银行不够300,90.0,user
assistant_top,79,sample,工商银行卡9920能柜台取现吗,106.0,user
assistant_top,22,top_pv,预选行,752.0,user
assistant_top,22,top_pv,邮政储蓄银行扣除短信费30元,172.0,user
assistant_top,22,top_pv,中国银行,146.0,user
assistant_top,22,top_pv,邮政储蓄银行 短信通知服务,142.0,user
assistant_top,22,top_pv,建设银行,119.0,user
assistant_top,22,top_pv,银行,106.0,user
assistant_top,22,sample,手机银行,48.0,user
assistant_top,22,sample,预选行提示,62.0,user
assistant_top,22,sample,行号,87.0,user
assistant_top,22,sample,交通银行,52.0,user
assistant_top,22,sample,邮政储蓄银行,46.0,user
assistant_top,22,sample,开户行,50.0,user
assistant_top,80,top_pv,工商银行股票,107.0,user
assistant_top,80,top_pv,农业银行股票,84.0,user
assistant_top,80,top_pv,中国银行股票,71.0,user
assistant_top,80,top_pv,招商银行股票,61.0,user
assistant_top,80,top_pv,兴业银行股票,47.0,user
assistant_top,21,top_pv,长鑫科技股票,537.0,user
assistant_top,21,top_pv,宇树科技股票今日行情,418.0,user
assistant_top,21,top_pv,美光科技股票,367.0,user
assistant_top,21,top_pv,宇树科技股票,228.0,user
assistant_top,21,top_pv,中天科技股票,199.0,user
assistant_top,21,top_pv,生益科技股票,133.0,user
assistant_top,21,sample,闻泰科技股票,112.0,user
assistant_top,21,sample,昊华科技,68.0,user
assistant_top,21,sample,金风科技股票,61.0,user
assistant_top,21,sample,昊华科技股票,59.0,user
assistant_top,21,sample,华工科技股票,50.0,user
assistant_top,21,sample,深科技股票,72.0,user
assistant_top,50,top_pv,港币人民币兑换,172.0,user
assistant_top,50,top_pv,港币兑换人民币,164.0,user
assistant_top,50,top_pv,换成红底,152.0,user
assistant_top,50,top_pv,韩币换算人民币,151.0,user
assistant_top,50,top_pv,欧元兑换人民币,145.0,user
assistant_top,50,top_pv,港币兑人民币,131.0,user
assistant_top,50,sample,人民币,86.0,user
assistant_top,50,sample,人民币兑换港币,65.0,user
assistant_top,50,sample,换算成人民币,56.0,user
assistant_top,50,sample,英镑人民币换汇,56.0,user
assistant_top,50,sample,新加坡币兑换人民币,47.0,user
assistant_top,50,sample,澳元兑人民币,70.0,user
assistant_top,76,top_pv,易享花是什么平台的,163.0,user
assistant_top,76,top_pv,什么时候上市的,113.0,user
assistant_top,76,top_pv,新款人民币100元是什么样,111.0,user
assistant_top,76,top_pv,这是什么币,101.0,user
assistant_top,76,top_pv,这是什么币？,78.0,user
assistant_top,76,top_pv,什么币,60.0,user
assistant_top,76,sample,我的补发工资为什么没有到账,59.0,user
assistant_top,76,sample,这是什么平台,58.0,user
assistant_top,76,sample,这隻股票怎么样？值得买入吗？如果值得，什么价位买入适合？风险等级是什么？,60.0,user
assistant_top,76,sample,什么时候上市,60.0,user
assistant_top,60,top_pv,今日金价,11669.0,user
assistant_top,60,top_pv,国际黄金今日金价,204.0,user
assistant_top,60,top_pv,黄金今日价格,175.0,user
assistant_top,60,top_pv,今日金价实时查询,134.0,user
assistant_top,60,top_pv,今日铜价,109.0,user
assistant_top,60,top_pv,今日黄金,107.0,user
assistant_top,60,sample,铂金的价格今天,53.0,user
assistant_top,60,sample,金价格今日查询,78.0,user
assistant_top,60,sample,今天金价,79.0,user
assistant_top,60,sample,金价格今日最新,44.0,user
assistant_top,60,sample,今日的金价,75.0,user
assistant_top,60,sample,今日金价走势如何,96.0,user
assistant_top,61,top_pv,金价,2343.0,user
assistant_top,61,top_pv,国际金价,1518.0,user
assistant_top,61,top_pv,实时金价行情,391.0,user
assistant_top,61,top_pv,实时金价,250.0,user
assistant_top,61,top_pv,金价还会继续下跌吗,189.0,user
assistant_top,61,top_pv,近期金价还会继续下跌吗,166.0,user
assistant_top,61,sample,今日国际金价,91.0,user
assistant_top,61,sample,金价再度承压回调,51.0,user
assistant_top,61,sample,最近金价还会继续下跌吗,93.0,user
assistant_top,61,sample,现在金价,45.0,user
assistant_top,61,sample,金价还会继续跌吗,56.0,user
assistant_top,61,sample,国际金价未来走势如何,126.0,user
assistant_top,59,top_pv,今日银价,558.0,user
assistant_top,59,top_pv,白银价格,416.0,user
assistant_top,59,top_pv,白银今日银价,180.0,user
assistant_top,59,top_pv,银价,161.0,user
assistant_top,59,top_pv,白银有色股票,149.0,user
assistant_top,59,top_pv,湖南白银股票,117.0,user
assistant_top,59,sample,白银有色,65.0,user
assistant_top,59,sample,白银价格未来走势如何,93.0,user
assistant_top,59,sample,白银银价,82.0,user
assistant_top,59,sample,今日白银,47.0,user
assistant_top,59,sample,白银,46.0,user
assistant_top,78,top_pv,黄金价格走势图,248.0,user
assistant_top,78,top_pv,黄金走势,152.0,user
assistant_top,78,top_pv,黄金曲线图走势,136.0,user
assistant_top,78,top_pv,价格走势,104.0,user
assistant_top,78,top_pv,黄金走势k线图,90.0,user
assistant_top,78,top_pv,比特币走势图k线,83.0,user
assistant_top,78,sample,明天走势,58.0,user
assistant_top,78,sample,黄金价格走势k线图,46.0,user
assistant_top,78,sample,黄金价格k线图,62.0,user
assistant_top,78,sample,黄金价格实时走势图,44.0,user
assistant_top,78,sample,黄金走势图 实时行情,53.0,user
assistant_top,78,sample,黄金走势图,71.0,user
assistant_top,74,top_pv,黄金,537.0,user
assistant_top,74,top_pv,炒黄金,166.0,user
assistant_top,74,top_pv,金,149.0,user
assistant_top,74,top_pv,国际黄金,136.0,user
assistant_top,74,top_pv,伦敦金,115.0,user
assistant_top,74,top_pv,高盛预测未来黄金,107.0,user
assistant_top,74,sample,黄金单日最大跌幅记录,63.0,user
assistant_top,74,sample,黄金开户,51.0,user
assistant_top,74,sample,黄金还会不会继续上涨,80.0,user
assistant_top,74,sample,赤峰黄金股票,47.0,user
assistant_top,74,sample,湖南黄金,55.0,user
assistant_top,74,sample,金来无忧,90.0,user
assistant_top,46,top_pv,这张卡多少钱？,239.0,user
assistant_top,46,top_pv,借钱急用,141.0,user
assistant_top,46,top_pv,这张卡值多少钱,111.0,user
assistant_top,46,top_pv,邮政发短信说3个月扣款失败,83.0,user
assistant_top,46,top_pv,借钱急用,68.0,user
assistant_top,46,top_pv,钱,63.0,user
assistant_top,46,sample,零钱通和余额宝哪个更安全,44.0,user
assistant_top,46,sample,可以买入吗,51.0,user
assistant_top,46,sample,如何安全地注册账号,54.0,user
assistant_top,46,sample,苹果手机借钱小额1000到3000,50.0,user
assistant_top,46,sample,余利宝和余额宝哪个更安全,57.0,user
assistant_top,46,sample,自动转存和手动转存哪个更划算,49.0,user
assistant_top,39,top_pv,指南针炒股软件手机版官方下载,1226.0,user
assistant_top,39,top_pv,行情网站www无需下载/百度搜索,294.0,user
assistant_top,39,top_pv,行情网站www无需下载直接打开/百度搜索,151.0,user
assistant_top,39,top_pv,欧易,133.0,user
assistant_top,39,top_pv,股票交易平台,91.0,user
assistant_top,39,top_pv,行情www无需下载/百度搜索,80.0,user
assistant_top,39,sample,免费的行情网站www下载内涵,44.0,user
assistant_top,39,sample,广发易淘金下载,67.0,user
assistant_top,39,sample,贵金属交易平台app排行榜,79.0,user
assistant_top,66,top_pv,建行客服电话,58.0,user
assistant_top,66,top_pv,农行客服电话,54.0,user
assistant_top,66,top_pv,农业银行客服电话,50.0,user
assistant_top,66,top_pv,这个号码是银行电话吗,50.0,user
assistant_top,66,top_pv,招商银行客服电话,47.0,user
assistant_top,66,top_pv,建设银行电话,45.0,user
assistant_top,13,top_pv,包钢股份,119.0,user
assistant_top,13,top_pv,江波龙 股票,70.0,user
assistant_top,13,top_pv,卧龙电驱股票,47.0,user
assistant_top,13,top_pv,锦龙股份,46.0,user
assistant_top,4,top_pv,国际油价,132.0,user
assistant_top,4,top_pv,国际油价未来走势如何,57.0,user
assistant_top,4,top_pv,原油实时行情,52.0,user
assistant_top,77,top_pv,宇树股份股票,505.0,user
assistant_top,77,top_pv,星宇股份股票,67.0,user
assistant_top,77,top_pv,诺德股份股票,65.0,user
assistant_top,77,top_pv,杭电股份股票,63.0,user
assistant_top,77,top_pv,天通股份股票,60.0,user
assistant_top,77,top_pv,哈药股份股票,58.0,user
assistant_top,77,sample,沪电股份股票,44.0,user
assistant_top,71,top_pv,工行9920代码严重吗,183.0,user
assistant_top,71,top_pv,工商9920紧急支付,75.0,user
assistant_top,38,top_pv,比特币,514.0,user
assistant_top,38,top_pv,比特币行情,425.0,user
assistant_top,38,top_pv,比特币的最新价格,237.0,user
assistant_top,38,top_pv,币安,190.0,user
assistant_top,38,top_pv,比特币美元行情,126.0,user
assistant_top,38,top_pv,狗狗币,93.0,user
assistant_top,38,sample,比特币未来有上涨空间吗,55.0,user
assistant_top,38,sample,英镑,51.0,user
assistant_top,38,sample,比特币最新价格走势,64.0,user
assistant_top,38,sample,比特币价格,72.0,user
assistant_top,52,top_pv,阳光电源股票,105.0,user
assistant_top,52,top_pv,盛达资源股票,53.0,user
assistant_top,52,top_pv,永泰能源股票,52.0,user
assistant_top,62,top_pv,领峰贵金属,693.0,user
assistant_top,62,top_pv,领峰贵金属,286.0,user
assistant_top,62,top_pv,贵金属交易软件,280.0,user
assistant_top,62,top_pv,铜陵有色股票,97.0,user
assistant_top,62,top_pv,长江有色金属网,61.0,user
assistant_top,62,top_pv,香港十大贵金属平台,45.0,user
assistant_random,58,top_pv,*ST萃华股票还能卖吗,2.0,user
assistant_random,58,top_pv,ST亿晶的重整进度如何,1.0,user
assistant_random,58,top_pv,ST佳缘的主要客户有哪些,1.0,user
assistant_random,58,top_pv,ST康佳退市后，公司会重组吗,1.0,user
assistant_random,58,top_pv,ST长园复牌后股价会涨吗,1.0,user
assistant_random,58,top_pv,折T,1.0,user
assistant_random,58,sample,能提供更多关于P.G.Investment的信息吗,1.0,user
assistant_random,44,top_pv,国债逆回购哪个品种收益最高,10.0,user
assistant_random,44,top_pv,天原股份未来有上涨空间吗,6.0,user
assistant_random,44,top_pv,重组期间股票还能正常交易吗,6.0,user
assistant_random,44,top_pv,震裕转02上市首日能赚多少,4.0,user
assistant_random,44,top_pv,中国重汽未来有增长空间吗,2.0,user
assistant_random,44,top_pv,委比和量比哪个更准确,2.0,user
assistant_random,44,sample,如果品相完好，估值能接近4.8万吗,1.0,user
assistant_random,44,sample,哪些工业软件公司最有投资价值,1.0,user
assistant_random,44,sample,两个涨停后为什么连续三天低开5个点以下再回拉，股票跌10几个点，但成交量持续三天萎缩，最后一天明盘有1000万流出，暗盘有900多万流入，这是为什么,1.0,user
assistant_random,44,sample,给我更多2026年8月A股市盈率最低的股票,1.0,user
assistant_random,44,sample,当前吴一萍是第十，持股0.61%，是不是少于举牌持股,1.0,user
assistant_random,44,sample,你说的是对的，9:15-20高溢价绿柱吸引资金关注，让想接盘者觉得主力想下杀洗盘，后面再反包，然后开盘直接瀑布杀，想接盘者会觉得主力真是洗盘。,1.0,user
assistant_random,6,top_pv,中科仪2026中报,2.0,user
assistant_random,6,top_pv,002225濮耐股票,1.0,user
assistant_random,6,top_pv,300795股票是否值得购买,1.0,user
assistant_random,6,top_pv,421000年的呢？,1.0,user
assistant_random,6,top_pv,5001000个月从,1.0,user
assistant_random,6,top_pv,上工申贝股吧,1.0,user
assistant_random,6,sample,航天发展2026分红情况,1.0,user
assistant_random,69,top_pv,8月31号,2.0,user
assistant_random,69,top_pv,008888几天赎回不需要手续费,1.0,user
assistant_random,69,top_pv,10.84呢,1.0,user
assistant_random,69,top_pv,688717最新消息,1.0,user
assistant_random,69,top_pv,688826股票有投资价值吗,1.0,user
assistant_random,1,top_pv,长鑫存储概念龙头股票,2.0,user
assistant_random,1,top_pv,590001今天的净值,1.0,user
assistant_random,1,top_pv,长沙银行的基金当天买买好第几天才能生效,1.0,user
assistant_random,1,top_pv,这些铜箔龙头股适合现在入手吗,1.0,user
assistant_random,1,top_pv,维修基金的质保金由谁掌控？,1.0,user
assistant_random,1,top_pv,新手买基金，提供一套6只组合，所有基金成绩时间超过5年，金额超5亿。,1.0,user
assistant_random,1,sample,余懿‌基金经理怎样,1.0,user
assistant_random,1,sample,叶龙包括哪几只股票龙头,1.0,user
assistant_random,1,sample,南方盛元红利混合202009最新净值,1.0,user
assistant_random,1,sample,8月28日，指数涨幅和这只基金今天的净值的涨幅，怎么差这么多呀？,1.0,user
assistant_random,1,sample,吉利汽车概念股龙头,1.0,user
assistant_random,1,sample,ai电影龙头股票排名,1.0,user
assistant_random,19,top_pv,2026贷款利息表,8.0,user
assistant_random,19,top_pv,"花呗1万块钱分期12期,手续费利息多少钱",2.0,user
assistant_random,19,top_pv,算利好吗？,2.0,user
assistant_random,19,top_pv,渭南民间贷款利率是多少,1.0,user
assistant_random,19,top_pv,国有六大行里哪家存款利率最高,1.0,user
assistant_random,19,top_pv,如果还完12个月以后，一次性结清违约金是本金的5%的话，总共要付多少利息去了？,1.0,user
assistant_random,19,sample,陕西信合存款利息具体是多少,1.0,user
assistant_random,19,sample,2026年银行利息哪个最高,1.0,user
assistant_random,19,sample,银行的活期存款，星期六星期天也有利息产生吗？,1.0,user
assistant_random,19,sample,年化率4.5%借10万一年多少利息,1.0,user
assistant_random,19,sample,10万元存半年利息有多少,1.0,user
assistant_random,19,sample,100万贷款40年比30年差多少利息,1.0,user
assistant_random,22,top_pv,100万存银行一年，哪个银行最划算,3.0,user
assistant_random,22,top_pv,西安北方医院斜对门的西安银行是什么支行？,1.0,user
assistant_random,22,top_pv,怎样在中国建设银行A P P上查询借记卡年费是否免费？,1.0,user
assistant_random,22,top_pv,手机银行如何设置才能防诈骗,1.0,user
assistant_random,22,top_pv,换成金银,1.0,user
assistant_random,22,top_pv,晋宁区还有没有其他浦发银行网点,1.0,user
assistant_random,22,sample,长沙银行在北京有合作银行吗,1.0,user
assistant_random,22,sample,华夏银行今日可买入吗,1.0,user
assistant_random,22,sample,银行星期天有值班人员吗,1.0,user
assistant_random,22,sample,稠州银行属于国企还是私企,1.0,user
assistant_random,22,sample,中信银行嘉兴有几家分行地址在哪里？,1.0,user
assistant_random,22,sample,平安银行哪些理财可靠,1.0,user
assistant_random,46,top_pv,这种是不是分期不能用了,3.0,user
assistant_random,46,top_pv,余额宝适合放多少零钱,2.0,user
assistant_random,46,top_pv,分期乐买吖超市卡退款成功率高吗,2.0,user
assistant_random,46,top_pv,100元理财一个月多少钱,1.0,user
assistant_random,46,top_pv,浦银不能一次转出大于1万额度，招银能否直接从浦银转入50万购买理财？,1.0,user
assistant_random,46,top_pv,没扣手续费，转账会被退回吗,1.0,user
assistant_random,46,sample,负债25万的网贷要连本带利的还清。对于一个月薪三四千的打工仔来说至少要多久才能还清？,1.0,user
assistant_random,46,sample,豹纹守宫容易断尾吗？,1.0,user
assistant_random,46,sample,一个银行可以在自动取款机和柜台取款吗,1.0,user
assistant_random,46,sample,那不一定，他那种我也不知道，可能是高度人才签，也可能是长期工签，那毕竟签证是单位给他办的，他是被单位派过去常住的，一般这种可以去咨询一下单位，我觉得这种外派常驻的单位是很鼓励你在当地买房的,1.0,user
assistant_random,46,sample,若余额宝的体验金是1900 元 比方说利息是 0.90那么能赚几块钱的本金,1.0,user
assistant_random,46,sample,因为我10来天就下调了百分之十几,1.0,user
assistant_random,3,top_pv,5000万美金等于多少人民币？,3.0,user
assistant_random,3,top_pv,100元老挝币等于多少人民币,1.0,user
assistant_random,3,top_pv,净佣万0.3相当于全佣金多少,1.0,user
assistant_random,3,top_pv,现在换汇划算还是存美元,1.0,user
assistant_random,3,top_pv,海南买化妆品和香港化妆品哪个汇率好,1.0,user
assistant_random,3,top_pv,泰铢兑换人民币汇率多少,1.0,user
assistant_random,3,sample,5000韩元长啥样,1.0,user
assistant_random,3,sample,5月加元兑人民币汇率大概是多少,1.0,user
assistant_random,3,sample,880000日元,1.0,user
assistant_random,3,sample,240000卢币相当于人民币多少钱84万卢币相当于多少钱人民币？,1.0,user
assistant_random,3,sample,如何计算汇率差额备付金,1.0,user
assistant_random,3,sample,相当于多少万美金,1.0,user
assistant_random,47,top_pv,生源地助学贷款指定账户,2.0,user
assistant_random,47,top_pv,招贷分多少可以申请闪电贷,2.0,user
assistant_random,47,top_pv,130万的房子首付70万贷款30年 每个月还多少,1.0,user
assistant_random,47,top_pv,提前还款后月供会减少多少,1.0,user
assistant_random,47,top_pv,那我第二个是开户成功的 助学贷款到底会发到那个卡里啊,1.0,user
assistant_random,47,top_pv,身份证交给了别人，会不会被人小额贷款？,1.0,user
assistant_random,47,sample,国家助学贷款利率自2024年秋季学期起调整为lpr减多少个基点,1.0,user
assistant_random,47,sample,手机银行贷款额度一般最高多少,1.0,user
assistant_random,47,sample,工行公职贷对网贷的容忍度具体是多少,1.0,user
assistant_random,47,sample,工行消费贷30万7年期，如何计算还款额,1.0,user
assistant_random,47,sample,要我们家庭一个人做代表签字，去银行贷款,1.0,user
assistant_random,47,sample,银行贷款只还自己的一半可以吗,1.0,user
assistant_random,10,top_pv,今日大盘价黄金多少,17.0,user
assistant_random,10,top_pv,1500美元每盎司是多少钱一克,1.0,user
assistant_random,10,top_pv,原价多少钱 现在多少钱,1.0,user
assistant_random,10,top_pv,统筹金多少,1.0,user
assistant_random,45,top_pv,16岁银行卡网上支付限额是多少,1.0,user
assistant_random,45,top_pv,有没有其他方法查询他人银行卡余额,1.0,user
assistant_random,45,top_pv,银行存款存单和银行卡哪种更划算,1.0,user
assistant_random,45,top_pv,银行卡里放多少钱不扣管理费,1.0,user
assistant_random,45,top_pv,银行卡会因为一笔钱分开几天取，而被冻结吗,1.0,user
assistant_random,45,top_pv,银行内部风控止付三年了，如何解封,1.0,user
assistant_random,45,sample,老赖 银行卡 有关联帐户信息,1.0,user
assistant_random,45,sample,普发银行卡,1.0,user
assistant_random,45,sample,怎么查询银行卡的提示电话号码,1.0,user
assistant_random,45,sample,建行一类卡取款限额是多少,1.0,user
assistant_random,45,sample,黑色借记卡,1.0,user
assistant_random,45,sample,有哪些银行卡提现免手续费,1.0,user
assistant_random,67,top_pv,18年办的邮政储蓄银行信用卡没激活还能用吗,1.0,user
assistant_random,67,top_pv,信用卡可以全额分期还款吗,1.0,user
assistant_random,67,top_pv,信用卡如果只还了最低应还剩余是计算利息吗,1.0,user
assistant_random,67,top_pv,信用卡消费有哪些限制,1.0,user
assistant_random,67,top_pv,信用卡能买优惠机票吗,1.0,user
assistant_random,67,top_pv,兰州银行青年友好信用卡的权益有哪些,1.0,user
assistant_random,67,sample,征信花了，农行信用卡好下吗,1.0,user
assistant_random,67,sample,工行信用卡降额到0，还能恢复吗,1.0,user
assistant_random,67,sample,农村信用社信用卡禁用后如何恢复,1.0,user
assistant_random,7,top_pv,免密支付怎么关,13.0,user
assistant_random,7,top_pv,怎样取消免密支付功能,5.0,user
assistant_random,7,top_pv,请用啪嗒来支付,2.0,user
assistant_random,7,top_pv,200万存款理财怎么放,1.0,user
assistant_random,7,top_pv,汇付天下扣款如何取消,1.0,user
assistant_random,7,top_pv,支付宝到账50,1.0,user
assistant_random,7,sample,亚朵金卡季卡怎么领啊？,1.0,user
assistant_random,7,sample,扫一扫那个支付宝的二维码吗？,1.0,user
assistant_random,7,sample,洛阳钼业分红情况怎么样,1.0,user
assistant_random,7,sample,如何提升支付宝的单笔限额,1.0,user
assistant_random,7,sample,新网银行好商贷怎么申请,1.0,user
assistant_random,7,sample,个人信用情况会影响哪些方面？,1.0,user
assistant_random,38,top_pv,比特币怎么持有,2.0,user
assistant_random,38,top_pv,2010挖矿多久能有一枚比特币,1.0,user
assistant_random,38,top_pv,‌HertzFlow的代币,1.0,user
assistant_random,38,top_pv,印尼旅行时哪些面额纸币最常用,1.0,user
assistant_random,38,top_pv,哪些加密货币对美联储加息反应最大,1.0,user
assistant_random,38,top_pv,把价值1400万比特币卖到三大平台，你再算算用几天能全部提现到银行卡,1.0,user
assistant_random,38,sample,比特币今曰行情最新价格美元,1.0,user
assistant_random,38,sample,有哪些加密货币可以赚钱,1.0,user
assistant_random,23,top_pv,2026年交强险最低保费是多少,12.0,user
assistant_random,23,top_pv,安盛天平车险有哪些缺点,9.0,user
assistant_random,23,top_pv,商业养老保险,4.0,user
assistant_random,23,top_pv,平安保险雇主责任险电话,3.0,user
assistant_random,23,top_pv,追尾事故中，车损险能赔付多少,1.0,user
assistant_random,23,top_pv,这款产品与同类三年期保本产品有何差异,1.0,user
assistant_random,23,sample,友邦保险荣誉讲师的佣金比例是多少,1.0,user
assistant_random,23,sample,人保车险客服的加班情况多吗,1.0,user
assistant_random,23,sample,保险系数调整对保费影响有多大,1.0,user
assistant_random,23,sample,2012年的十月至2025年的11月，是多少个月的保险？,1.0,user
assistant_random,23,sample,燃气险的保费一般是多少,1.0,user
assistant_random,23,sample,康瑞保的价格是多少,1.0,user
assistant_random,72,top_pv,2026优青最新公告,1.0,user
assistant_random,72,top_pv,TCE运价 2026年二季度,1.0,user
assistant_random,72,top_pv,光环新网2026中报详细数据,1.0,user
assistant_random,72,top_pv,康宁尊享2025和国寿福B款哪个更好,1.0,user
assistant_random,72,top_pv,开盘18425最低18405最高18535,1.0,user
assistant_random,72,top_pv,排3012路走势,1.0,user
assistant_random,72,sample,金种子酒2026半年报,1.0,user
assistant_random,9,top_pv,2026年4月30日生猪期货为何冲高,1.0,user
assistant_random,9,top_pv,甲醇期货2609合约近期走势如何,1.0,user
assistant_random,9,top_pv,给我提供2026年8月28日国际铜期货的详细行情,1.0,user
assistant_random,9,top_pv,长安期货的高层管理人员中谁最年轻,1.0,user
assistant_random,49,top_pv,股市股票,4.0,user
assistant_random,49,top_pv,美股TTMI股票即时行情,2.0,user
assistant_random,49,top_pv,秦川机床重组后股价会如何,2.0,user
assistant_random,49,top_pv,海正药业的股价走势如何,2.0,user
assistant_random,49,top_pv,2026年8月28号股市股金行情,1.0,user
assistant_random,49,top_pv,洲明科技2026年股价预测是多少,1.0,user
assistant_random,49,sample,连续2日出现积性号后股价会如何,1.0,user
assistant_random,49,sample,上市一年后股价大概在什么区间。,1.0,user
assistant_random,49,sample,度亘核芯上市后股价预计是多少,1.0,user
assistant_random,49,sample,地平线机器人2026年股价预测,1.0,user
assistant_random,49,sample,脸书股票目标价是多少,1.0,user
assistant_random,49,sample,2026年全棉时代股价预测是多少,1.0,user
assistant_random,55,top_pv,2026年8月31日之后黄金价格会跌多少,1.0,user
assistant_random,55,top_pv,普通铝合金价格比铝镁合金便宜多少,1.0,user
assistant_random,55,top_pv,金属锶未来价格走势如何,1.0,user
assistant_random,17,top_pv,港股通交易时间,3.0,user
assistant_random,17,top_pv,a50富时中国期货指数实时分时图,1.0,user
assistant_random,17,top_pv,"预测东山精密,看美股什么",1.0,user
assistant_random,17,top_pv,非香港居民开户是否需要亲自赴港,1.0,user
assistant_random,17,top_pv,详细数据,1.0,user
assistant_random,17,top_pv,该项目对上海港股价有何影响,1.0,user
assistant_random,17,sample,数据港下周会涨吗,1.0,user
assistant_random,17,sample,香港开户需要准备多少启动资金,1.0,user
assistant_random,17,sample,港股江西铜业今天会收盘38吗？,1.0,user
assistant_random,17,sample,今年上证指数最低是什么时间,1.0,user
assistant_random,17,sample,港股通组合费每月大概扣多少,1.0,user
assistant_random,17,sample,同花顺指标广场哪个指标最热门,1.0,user
assistant_random,59,top_pv,2026年银价预测是多少,2.0,user
assistant_random,59,top_pv,2027年白银价格会涨到100美元吗,1.0,user
assistant_random,59,top_pv,白银今天回调是机会还是风险,1.0,user
assistant_random,59,top_pv,白银有色这只股票短期内走势将怎么样,1.0,user
assistant_random,48,top_pv,30万存农业银行一个月,1.0,user
assistant_random,48,top_pv,东平农村商业银行0.01股份是多少,1.0,user
assistant_random,48,top_pv,中国农业银行得不得也办一一张信用卡？,1.0,user
assistant_random,48,top_pv,农业银行股票最佳买入点,1.0,user
assistant_random,48,top_pv,农业银行逾期自动扣款怎么解决,1.0,user
assistant_random,48,top_pv,农村信用社存钱安不安全,1.0,user
assistant_random,48,sample,而且他还穿25的。中国农业银行金海路,1.0,user
assistant_random,48,sample,如何确认农业银行掌银是否已注册,1.0,user
assistant_random,48,sample,启东农业银行今天有哪里营业的？,1.0,user
assistant_random,48,sample,鞋都三期，农业银行今天上班,1.0,user
assistant_random,48,sample,岑溪市水汶镇农业银行礼拜六礼拜天办理业务吗？,1.0,user
assistant_random,48,sample,农行早上几点上班？,1.0,user
assistant_random,51,top_pv,600773最新后期走势分析,1.0,user
assistant_random,51,top_pv,600984现在多少钱,1.0,user
assistant_random,51,top_pv,601811雪球球友观点,1.0,user
assistant_random,51,top_pv,北京300804指南针要的身份信息有存在身份信息泄露的风险吗,1.0,user
assistant_random,60,top_pv,8月26日金价具体什么时间买入合适,1.0,user
assistant_random,60,top_pv,今天香港金价是否会上涨,1.0,user
assistant_random,60,top_pv,国际铜价格今日报价,1.0,user
assistant_random,60,top_pv,明日金价还会涨吗,1.0,user
assistant_random,60,top_pv,湛江地区今日金价具体是多少,1.0,user
assistant_random,68,top_pv,8月28日夜盘玻璃2701走势预测,1.0,user
assistant_random,68,top_pv,丰汇00727业绩预告全文,1.0,user
assistant_random,63,top_pv,95134打电话是催收还是提醒,1.0,user
assistant_random,64,top_pv,95580客服如何转接至三家镇网点,1.0,user
assistant_random,71,top_pv,99990E错误代码的含义是什么,1.0,user
assistant_random,71,top_pv,中航信托·天信(2019)35号第29期是否已兑付,1.0,user
assistant_random,40,top_pv,京投发展重组,2.0,user
assistant_random,40,top_pv,A500最厉害三个ETF,1.0,user
assistant_random,40,top_pv,A股著名游资牛散排名榜,1.0,user
assistant_random,40,top_pv,a股学习pdf,1.0,user
assistant_random,40,top_pv,vnr,1.0,user
assistant_random,40,top_pv,全特约供求越仓复权波,1.0,user
assistant_random,40,sample,沪深300 科创50Etf哪个更适合新手,1.0,user
assistant_random,73,top_pv,有凭证借条app下载,2.0,user
assistant_random,73,top_pv,APP里没有啊,1.0,user
assistant_random,73,top_pv,OPPO vivo手机业务的财报,1.0,user
assistant_random,73,top_pv,中国海油类APP的官方正规性如何核实,1.0,user
assistant_random,73,top_pv,农业银行手机APP哪个版本最好,1.0,user
assistant_random,73,top_pv,天元村镇银行app下载,1.0,user
assistant_random,73,sample,有金融app官网,1.0,user
assistant_random,73,sample,通达信安卓平板版下载入口,1.0,user
assistant_random,73,sample,智慧农场APP主界面视频,1.0,user
assistant_random,73,sample,如何解除建设银行APP的设备绑定,1.0,user
assistant_random,39,top_pv,A股交易时间,1.0,user
assistant_random,39,top_pv,如何判断下载的指南针版本是否官方正版,1.0,user
assistant_random,39,top_pv,怎样下载同芯顺炒股模拟器游戏,1.0,user
assistant_random,39,top_pv,星迈交易平台,1.0,user
assistant_random,80,top_pv,渤海银行 股票,2.0,user
assistant_random,80,top_pv,A股和港股银行股哪个更值得投资,1.0,user
assistant_random,76,top_pv,云闪付是什么？,2.0,user
assistant_random,76,top_pv,金盘科技为什么跌得这么厉害,2.0,user
assistant_random,76,top_pv,SFIG是什么股票,1.0,user
assistant_random,76,top_pv,股票高开低走或低开高走意味着什么,1.0,user
assistant_random,76,top_pv,明天昌瑞电材中报就要披露了，他们披露中报都是什么时间披露？几点？,1.0,user
assistant_random,76,top_pv,星宇股份告洋状为什么能赢,1.0,user
assistant_random,76,sample,什么是押一付一？,1.0,user
assistant_random,76,sample,天珑5股预计什么时候能回归上市,1.0,user
assistant_random,76,sample,为什么风险略高,1.0,user
assistant_random,76,sample,玩美股的大多都是什么学历,1.0,user
assistant_random,76,sample,那为什么是支付9元,1.0,user
assistant_random,76,sample,为什么二季度业绩这么拉胯,1.0,user
assistant_random,11,top_pv,海欧住工股票,5.0,user
assistant_random,11,top_pv,豪威集团二季度业绩预告,4.0,user
assistant_random,11,top_pv,天博智能上市首日大概能赚多少钱,3.0,user
assistant_random,11,top_pv,科力远昨天主力资金,2.0,user
assistant_random,11,top_pv,悦心健康股票,2.0,user
assistant_random,11,top_pv,藏格矿业股票有潜力吗,1.0,user
assistant_random,11,sample,邦康是中国吗,1.0,user
assistant_random,11,sample,中报披露共是跌，中国西电也是披露就跌,1.0,user
assistant_random,11,sample,周一卖出华友钴业股票的最佳时机,1.0,user
assistant_random,11,sample,星宇股份是股票吗？,1.0,user
assistant_random,11,sample,稀土类股票一览表,1.0,user
assistant_random,11,sample,天邑股份有数据中心项目吗,1.0,user
assistant_random,18,top_pv,券商最好的10只股,17.0,user
assistant_random,18,top_pv,东方财富的国债逆回购百万分之一的手续费经理说搞活动时才有，不是对接经理就能谈,1.0,user
assistant_random,18,top_pv,如何查询苏讯新材北交所上会结果,1.0,user
assistant_random,18,top_pv,这个标识是否与东吴证券有关,1.0,user
assistant_random,18,top_pv,融通资产,1.0,user
assistant_random,18,top_pv,老虎证券在中国有哪些违规业务,1.0,user
assistant_random,18,sample,东方财富评论怎么屏蔽,1.0,user
assistant_random,18,sample,互联网金融有那些股票,1.0,user
assistant_random,18,sample,易成新能是否属于高端材料股,1.0,user
assistant_random,18,sample,长江证券回购方案具体执行时间表,1.0,user
assistant_random,18,sample,哪个金融行业最赚钱,1.0,user
assistant_random,18,sample,消费股,1.0,user
assistant_random,65,top_pv,中华联合24小时人工客服电话怎么转接,1.0,user
assistant_random,65,top_pv,华鑫信托客服电话人工服务怎么转接,1.0,user
assistant_random,74,top_pv,我认为黄金还会回调到4100美元附近,2.0,user
assistant_random,74,top_pv,中国民间黄金储备有多少,1.0,user
assistant_random,74,top_pv,光纤光缆有中天科技有仓位子黄金选一,1.0,user
assistant_random,74,top_pv,央行增持黄金的历史数据,1.0,user
assistant_random,74,top_pv,日本加息对黄金的影响,1.0,user
assistant_random,74,top_pv,现货黄金下跌，下周黄金股走势,1.0,user
assistant_random,74,sample,黄金中线操作建议,1.0,user
assistant_random,74,sample,经济衰退时，黄金会先跌后涨吗,1.0,user
assistant_random,79,top_pv,丰县农商银行周六上班吗,1.0,user
assistant_random,79,top_pv,农商行准入条件,1.0,user
assistant_random,79,top_pv,农商银行……统一法人改革后，要把优化考核体系作为核心之责……,1.0,user
assistant_random,79,top_pv,农商银行调日限额有手续费吗,1.0,user
assistant_random,79,top_pv,博山路崮山路工商银行周日是否上班呢,1.0,user
assistant_random,79,top_pv,壤塘县农商银行公积金消费贷款有哪些条件,1.0,user
assistant_random,79,sample,西樵农商银行总行可以港币换人民币吗,1.0,user
assistant_random,79,sample,张勇、刘田田在费县农商银行有贷款吗,1.0,user
assistant_random,79,sample,工商银行换手机号需要多长时间,1.0,user
assistant_random,79,sample,瓯海农商行对温州本地经济影响多大,1.0,user
assistant_random,79,sample,工商银行02920存单整存整取销户回单凭证里的借方就是我的定期存单，贷方就是我的借记卡。银行是充当什么角色？,1.0,user
assistant_random,79,sample,自丰商行,1.0,user
assistant_random,42,top_pv,征信烂急用钱5000有哪些平台,2.0,user
assistant_random,42,top_pv,云盛花贷款平台的利息和费用是多少,1.0,user
assistant_random,42,top_pv,哪家催收公司口碑最好,1.0,user
assistant_random,42,top_pv,度小满是不是正规网贷,1.0,user
assistant_random,42,top_pv,有哪些正规的小额贷不查征信,1.0,user
assistant_random,42,top_pv,算不算正规金融公司  有没有风险,1.0,user
assistant_random,66,top_pv,他官网有电话吗,1.0,user
assistant_random,66,top_pv,周大福人寿客服电话打不通怎么办,1.0,user
assistant_random,66,top_pv,如何联系深圳银河财富公司的人工客服,1.0,user
assistant_random,66,top_pv,拦截0开头号码会误伤银行客服吗,1.0,user
assistant_random,66,top_pv,给我提供彭山珠江银行的客服电话,1.0,user
assistant_random,66,top_pv,那我今天要面试的语音客服，语音客服会给不通过,1.0,user
assistant_random,2,top_pv,他说所以压他降息2000块，赢就是12万了，很有性价比，什么意思？,1.0,user
assistant_random,2,top_pv,工商银行转账显示1072是什么意思?常见原因及解决方法,1.0,user
assistant_random,2,top_pv,意思是取出来重新存吗,1.0,user
assistant_random,2,top_pv,期权总量是什么意思,1.0,user
assistant_random,2,top_pv,转账时提示与信息不符什么意思,1.0,user
assistant_random,78,top_pv,光环新网走势,3.0,user
assistant_random,78,top_pv,化学原料价格周期走势,1.0,user
assistant_random,78,top_pv,国际铝价下半年走势预测,1.0,user
assistant_random,78,top_pv,国际黄金K线图有哪些周期,1.0,user
assistant_random,78,top_pv,如何看懂分时线图解,1.0,user
assistant_random,78,top_pv,星期一走势,1.0,user
assistant_random,78,sample,钞票图片,1.0,user
assistant_random,78,sample,金健米业本周的走势,1.0,user
assistant_random,78,sample,给我一张揉搓线的图片示例,1.0,user
assistant_random,21,top_pv,光迅科技股票值得买入吗,4.0,user
assistant_random,21,top_pv,全志科技股票未来一年目标价是多少,1.0,user
assistant_random,21,top_pv,剑桥科技股票现在可以买吗,1.0,user
assistant_random,21,top_pv,千里科技客户质量经理岗位有股票期权吗,1.0,user
assistant_random,21,top_pv,华宏科技股票适合长线持有吗,1.0,user
assistant_random,21,top_pv,宇树科技最新中奖信息,1.0,user
assistant_random,21,sample,福晶科技股票有投资价值吗,1.0,user
assistant_random,21,sample,长鑫科技股价近期有无暴涨可能,1.0,user
assistant_random,21,sample,汽轮科技股价何时能突破14.25元,1.0,user
assistant_random,21,sample,昊华科技股票最近走势怎么样,1.0,user
assistant_random,57,top_pv,分析大盘走势,2.0,user
assistant_random,57,top_pv,大盘股连续涨停后如何操作,1.0,user
assistant_random,57,top_pv,小盘股和大盘股有什么区别,1.0,user
assistant_random,57,top_pv,韩国股市大盘指数行情,1.0,user
assistant_random,57,top_pv,预测一下明天股市开盘走势,1.0,user
assistant_random,13,top_pv,盛龙股份股票的目标价是多少,3.0,user
assistant_random,13,top_pv,包钢股份8月26日开盘后走势如何,2.0,user
assistant_random,13,top_pv,包钢股价多少钱,1.0,user
assistant_random,13,top_pv,各钢铁股比较也有鞍钢股份,1.0,user
assistant_random,13,top_pv,鞍钢股份2026年上半年财务报告详细解读,1.0,user
assistant_random,52,top_pv,阳光电源股票为什么暴跌,3.0,user
assistant_random,52,top_pv,宁波能源算强势？,1.0,user
assistant_random,52,top_pv,永泰能源半年报股东人数,1.0,user
assistant_random,77,top_pv,广信股份股价近期会反弹吗,1.0,user
assistant_random,50,top_pv,数字人民币跨境支付能提升人民币国际占比吗,1.0,user
assistant_random,50,top_pv,格格鲁吉亚的货币兑换人民币是怎么兑换,1.0,user
assistant_random,50,top_pv,涂双倍人民好吗？,1.0,user
assistant_random,50,top_pv,现在1比特币兑换人民币是多少,1.0,user
assistant_random,53,top_pv,深海电路股票代码,1.0,user
assistant_random,53,top_pv,聚飞光电股价近期走势如何,1.0,user
assistant_random,53,top_pv,赛微电子股票中报预报,1.0,user
assistant_random,75,top_pv,蚂蚁庄园小鸡原皮钥匙扣,1.0,user
assistant_random,75,top_pv,蚂蚁庄园跟蚂蚁新村的今日答案,1.0,user
assistant_random,61,top_pv,金价未来30天会大涨还是大跌,1.0,user
assistant_voice,49,top_pv,雅虎历年市值曲线,,user
assistant_voice,49,top_pv,汤臣倍健股价,,user
assistant_voice,49,top_pv,英伟达市值多少,,user
assistant_voice,49,top_pv,英伟达市值多少,,user
assistant_voice,49,top_pv,俄罗斯股市总价值,,user
assistant_voice,49,top_pv,美国股市行情,,user
assistant_voice,49,sample,美国股市行情,,user
assistant_voice,49,sample,伊藤商社股价,,user
assistant_voice,49,sample,借美国股市,,user
assistant_voice,49,sample,六安股市交易开始于哪一年,,user
assistant_voice,49,sample,特变电工行情分析,,user
assistant_voice,49,sample,今天日本股票如何,,user
assistant_voice,78,top_pv,汇绿生态的走势,,user
assistant_voice,78,top_pv,金价走势,,user
assistant_voice,78,top_pv,下周黄金短期走势预测,,user
assistant_voice,78,top_pv,8月份二六年8月份黄金的走势,,user
assistant_voice,78,top_pv,矿业紫金矿业礼拜一走势怎么样,,user
assistant_voice,44,top_pv,AI应用有国企重组背景或者是这方面信息的股票有哪些,,user
assistant_voice,44,top_pv,牛散朱少醒陈小芳个持有的股票,,user
assistant_voice,44,top_pv,万峰锂业动态市盈率是多少倍,,user
assistant_voice,44,top_pv,中国广核和长江电力谁更具有长期投资价值,,user
assistant_voice,44,top_pv,若若德股份是在哪是在哪哪边上市的,,user
assistant_voice,44,top_pv,何为震荡建仓,,user
assistant_voice,44,sample,中嘉博创周一可不可以买,,user
assistant_voice,44,sample,AI应用股有哪些,,user
assistant_voice,44,sample,你是不是不让投资,,user
assistant_voice,44,sample,中芯国际的市值是多少,,user
assistant_voice,44,sample,如何利用公司可转债,,user
assistant_voice,44,sample,外贸板块有哪些,,user
assistant_voice,76,top_pv,A股当中的华大智造是做什么的是AI应用吗,,user
assistant_voice,76,top_pv,伊顿属于什么板块,,user
assistant_voice,76,top_pv,8月12和8月27的金价为什么不能买,,user
assistant_voice,76,top_pv,爱美客有什么利空,,user
assistant_voice,76,top_pv,爱美客有什么利空,,user
assistant_voice,76,top_pv,为什么莫名收到海科融通399押金短信,,user
assistant_voice,76,sample,上市公司西部矿业主要是做什么业务为什么业绩相对好,,user
assistant_voice,76,sample,非公开发行的债券嗯是就是说对象是什么样的,,user
assistant_voice,76,sample,银行36个月存单法是什什么回事,,user
assistant_voice,76,sample,期货里面说的二饼是什么,,user
assistant_voice,76,sample,中国银行超会铜价什么时候开始什么时候结束,,user
assistant_voice,76,sample,西部超导什么时候补仓,,user
assistant_voice,45,top_pv,我的银行卡是外地的在当地能补办吗,,user
assistant_voice,45,top_pv,银行卡能跨行查流水吗,,user
assistant_voice,45,top_pv,小朋友搞银行卡的目的是,,user
assistant_voice,45,top_pv,刚办的卡限额怎么解除,,user
assistant_voice,45,top_pv,为什么我的银行卡上取钱信息就旁人发到旁人身上,,user
assistant_voice,45,top_pv,为什么我的银行卡上取钱信息就旁人发到旁人身上,,user
assistant_voice,45,sample,怎样取消银行卡免密支付,,user
assistant_voice,45,sample,九江银行办银行卡办储蓄卡需要自己的身份证绑定的电话号码吗,,user
assistant_voice,45,sample,长城证券APP怎么进入绑定银行卡,,user
assistant_voice,45,sample,公司银行卡能不能绑定微信,,user
assistant_voice,45,sample,注销度小满之前要解绑银行卡吗,,user
assistant_voice,45,sample,西安市内招商银行卡在其他银行卡在其他银行取钱收手续费不,,user
assistant_voice,6,top_pv,10000元纸币图片,,user
assistant_voice,6,top_pv,新华网股吧,,user
assistant_voice,6,top_pv,中信建投股吧,,user
assistant_voice,6,top_pv,中国铝业股吧,,user
assistant_voice,6,top_pv,SK海力士(000660.KS),,user
assistant_voice,6,top_pv,永辉超市股吧,,user
assistant_voice,6,sample,000676智度股份它的核心技术比例高吗未来股值和业绩成长空间大吗,,user
assistant_voice,6,sample,化工行业股票300或688开头的,,user
assistant_voice,6,sample,明治电器0.5年报月报,,user
assistant_voice,6,sample,英维克股吧,,user
assistant_voice,6,sample,中证500 ETF市盈率,,user
assistant_voice,6,sample,泰聚环保融资最新进展2023年,,user
assistant_voice,67,top_pv,汽车信用贷,,user
assistant_voice,67,top_pv,OPPO那个福利信用卡是咋算的在大明的信用卡了,,user
assistant_voice,67,top_pv,芝麻分芝麻信用,,user
assistant_voice,67,top_pv,今天山东省阳信县柳口镇信用社上班吗,,user
assistant_voice,67,top_pv,芝麻信用七百五十分,,user
assistant_voice,67,top_pv,农行信用卡提现一万分12期还但如果提前全额还款还需要出利息吗,,user
assistant_voice,67,sample,爱银行信用卡电话,,user
assistant_voice,67,sample,信用卡还款是账单出了钱还好还是账单出来后还好,,user
assistant_voice,67,sample,信用卡安全码是什么,,user
assistant_voice,67,sample,办理信用卡的好处和坏处,,user
assistant_voice,67,sample,吉林信用卡出账单是多少号,,user
assistant_voice,67,sample,哪家银行信用卡可以兑小黄车,,user
assistant_voice,21,top_pv,007832有多少科技股在里面,,user
assistant_voice,21,top_pv,光旭科技的股票,,user
assistant_voice,21,top_pv,长鑫科技股票价格,,user
assistant_voice,21,top_pv,宇数科技股票代码,,user
assistant_voice,21,top_pv,ML CC是纯概念无业界科技股吗,,user
assistant_voice,21,top_pv,ML CC是纯概念无业界科技股吗,,user
assistant_voice,21,sample,普通的散户怎样投资科技股最好,,user
assistant_voice,21,sample,汉威科技股票代码,,user
assistant_voice,21,sample,半导体属于科技股吗,,user
assistant_voice,21,sample,美国科技股的市值,,user
assistant_voice,21,sample,科技股是储物股吗,,user
assistant_voice,18,top_pv,如何查看开没开金融白条,,user
assistant_voice,18,top_pv,绿色金融航报金融,,user
assistant_voice,18,top_pv,证券市场随着科技股一起下跌那么证券板块,,user
assistant_voice,18,top_pv,天风证券证券代码,,user
assistant_voice,18,top_pv,银河证券开户需要花佣金吗,,user
assistant_voice,18,top_pv,发展民间融资推动金融改革市场经济研究2003年第6期,,user
assistant_voice,18,sample,河南中原消费金融股份有限公司电话,,user
assistant_voice,18,sample,国盛证券,,user
assistant_voice,18,sample,国盛证券,,user
assistant_voice,18,sample,国盛证券,,user
assistant_voice,18,sample,博迁新材现状,,user
assistant_voice,18,sample,国盛证券,,user
assistant_voice,11,top_pv,紫金矿业成长性,,user
assistant_voice,11,top_pv,中国铝业股票代码,,user
assistant_voice,11,top_pv,赣能股份每股收益是多少,,user
assistant_voice,11,top_pv,辽宁成大股票,,user
assistant_voice,11,top_pv,辽宁成大股票,,user
assistant_voice,11,top_pv,辽宁成大股票,,user
assistant_voice,11,sample,中国石油股票a股价格,,user
assistant_voice,11,sample,阿里的股票,,user
assistant_voice,11,sample,农行股份,,user
assistant_voice,11,sample,贵州习酒集团是独立上市还是借壳上市,,user
assistant_voice,11,sample,算力股票是哪些,,user
assistant_voice,11,sample,省广集团股票怎么样,,user
assistant_voice,7,top_pv,使用花呗后还不上晚了一个月还可以吗,,user
assistant_voice,7,top_pv,这个支付宝里面那个信息没有那些什么更改信息啊,,user
assistant_voice,7,top_pv,华安证券里面的投顾签订的投顾怎么签怎么退签,,user
assistant_voice,7,top_pv,华安证券里面的投顾签订的投顾怎么签怎么退签,,user
assistant_voice,7,top_pv,淘宝我微信付的款退款他不会给我退到支付宝里吧,,user
assistant_voice,7,top_pv,支付宝资格待遇资格认证怎么操,,user
assistant_voice,7,sample,微信怎么给支付宝转账,,user
assistant_voice,7,sample,民生银行回单怎么导出来,,user
assistant_voice,7,sample,怎么联系已付款的顾客,,user
assistant_voice,7,sample,怎样把社保从微信支付转到支付宝支付,,user
assistant_voice,7,sample,支付宝钱转给朋友怎么转账,,user
assistant_voice,7,sample,用支付宝付款为什么有时候会多扣几块钱呢,,user
assistant_voice,48,top_pv,农村信用社手机开通步骤,,user
assistant_voice,48,top_pv,黄骅农业银行周六下午几点下班,,user
assistant_voice,48,top_pv,廊坊市固安县宫村镇农行礼拜六开门,,user
assistant_voice,48,top_pv,农村信用社破产最多能赔多少,,user
assistant_voice,48,top_pv,宣城皖南农业银行商业银行为什寒亭支行为什么会发300000,,user
assistant_voice,48,top_pv,淘宝退款退到农业银行我觉得他都到不了账呢怎么回事,,user
assistant_voice,48,sample,农业银行江西高安支行行号,,user
assistant_voice,48,sample,农村信用社星期日上班吗,,user
assistant_voice,48,sample,乌鲁木齐农业银行扬子江路营业处的电话有没有,,user
assistant_voice,48,sample,嗯农业银行查开户行,,user
assistant_voice,48,sample,兴业银行今日大额存单,,user
assistant_voice,48,sample,北京农村商业银行股份有限公司,,user
assistant_voice,23,top_pv,众安保险升级版十一块是指的是一个月还是一年,,user
assistant_voice,23,top_pv,车险无责出险一次第二年保费受影响吗,,user
assistant_voice,23,top_pv,车险第二年交强险怎么划算,,user
assistant_voice,23,top_pv,买了保险什么时候退保比较好,,user
assistant_voice,23,top_pv,我想问一下交车的强制保险需要什么证件,,user
assistant_voice,23,top_pv,货物运输保险合同不能自由退保吗,,user
assistant_voice,23,sample,全民级信息系统多久至少开展一次安全保险,,user
assistant_voice,23,sample,平安金管家恢复保单窗,,user
assistant_voice,23,sample,特种车的交强险和一般货车交强险是不是不一样,,user
assistant_voice,23,sample,借朋友的车没有保险出事故了,,user
assistant_voice,23,sample,民生保险,,user
assistant_voice,23,sample,保险赔偿不满意可以找车主吗,,user
assistant_voice,2,top_pv,单位净值是什么意思,,user
assistant_voice,2,top_pv,股市里的换手率什么意思,,user
assistant_voice,2,top_pv,5%的利息是什么意思,,user
assistant_voice,2,top_pv,股票每十股送红股十股是什么意思,,user
assistant_voice,2,top_pv,付优赔款是什么意思,,user
assistant_voice,2,top_pv,支付宝里的杭州银行信用购是什么意思和花呗不是一个商家吗,,user
assistant_voice,2,sample,网银在线备付金账户是什么意思,,user
assistant_voice,2,sample,工商银行近期扣信使费是什么意思,,user
assistant_voice,2,sample,网上老说农商行退市什么意思啊人心惶惶的,,user
assistant_voice,2,sample,这个月刚开始手机费用就用完了然后还显示透支的额度也已用完什么意思,,user
assistant_voice,2,sample,股票做t是什么意思,,user
assistant_voice,2,sample,溢价是什么意思,,user
assistant_voice,22,top_pv,郑州银行,,user
assistant_voice,22,top_pv,中国银行的电子回单从哪里查,,user
assistant_voice,22,top_pv,金华中国银行营业厅,,user
assistant_voice,22,top_pv,建银行下载的东西不能发在,,user
assistant_voice,22,top_pv,中国银行韩城市支行行号,,user
assistant_voice,22,top_pv,牡丹江有没有光大银行,,user
assistant_voice,22,sample,银行最害怕三个投诉,,user
assistant_voice,22,sample,去银行查流水账单需要本人身份证吗,,user
assistant_voice,22,sample,中国银行巨野支行,,user
assistant_voice,22,sample,中国银行6个月内无呃资金往来需到柜台呃解封需要拿什么手续,,user
assistant_voice,22,sample,如何在中国建设银行下载新版本怎么操作,,user
assistant_voice,22,sample,亭子有没有建设银行,,user
assistant_voice,3,top_pv,一亿缅币是多少人民币,,user
assistant_voice,3,top_pv,980日元等于多少人民币,,user
assistant_voice,3,top_pv,30000000日元折合成人民币我,,user
assistant_voice,3,top_pv,一万韩元等于人民币多少,,user
assistant_voice,3,top_pv,70000韩元等于多少人民币,,user
assistant_voice,3,top_pv,一欧元相当于多少人民币,,user
assistant_voice,3,sample,一亿越南盾等于多少人民币,,user
assistant_voice,3,sample,100000港币折合人民币多少元,,user
assistant_voice,3,sample,美元多少钱,,user
assistant_voice,3,sample,日本花了多少钱拯救日本汇率,,user
assistant_voice,3,sample,110刀等于多少人民币,,user
assistant_voice,3,sample,美元对日元汇率多少,,user
assistant_voice,47,top_pv,公积金贷款500000还30年一个月还多少,,user
assistant_voice,47,top_pv,大学生助学贷款毕业当年还贷无需支付利息吗,,user
assistant_voice,47,top_pv,微粒贷在哪个软件,,user
assistant_voice,47,top_pv,以你的名义贷款,,user
assistant_voice,47,top_pv,贷款不还,,user
assistant_voice,47,top_pv,银行贷款放款是不是月底和月初都弄不出来,,user
assistant_voice,47,sample,贷款五十万三十年大概要每个月还多少,,user
assistant_voice,47,sample,查询个人名下是否有贷款,,user
assistant_voice,47,sample,公积金贷款30年60万,,user
assistant_voice,47,sample,装修贷贷了15年,,user
assistant_voice,47,sample,目前在苏州吴江老一保安的房贷还款方式是等额本金贷款期限是30年每个月还多少,,user
assistant_voice,47,sample,公积金贷商贷转公积金贷款是贷多少年的,,user
assistant_voice,79,top_pv,中国工商银行周六周日会不会放假,,user
assistant_voice,79,top_pv,更商银行怎么更新新的身份证,,user
assistant_voice,79,top_pv,北京农商银行,,user
assistant_voice,79,top_pv,北京农商银行,,user
assistant_voice,79,top_pv,北京农商银行,,user
assistant_voice,79,top_pv,工商银行办理的什么事,,user
assistant_voice,79,sample,商品货款,,user
assistant_voice,79,sample,招商银行属于什么银行,,user
assistant_voice,79,sample,前往辽宁农商银行办理开通小额免密录入学生本人人脸识别用于食堂就餐刷卡,,user
assistant_voice,79,sample,工商银行卡是几个单位,,user
assistant_voice,79,sample,浙商银行2026目标价,,user
assistant_voice,79,sample,开通网商银行每个月会产生费用吗,,user
assistant_voice,50,top_pv,三十元人民币可以兑换多少香港货币,,user
assistant_voice,50,top_pv,菲律宾的咸跟中国的国币怎么兑换,,user
assistant_voice,50,top_pv,只有一张百元美钞也银行也给换取人民币吧,,user
assistant_voice,50,top_pv,1980年版二元人民币,,user
assistant_voice,50,top_pv,人民币和港元的兑,,user
assistant_voice,50,top_pv,人民币跟越南盾比一比几,,user
assistant_voice,50,sample,孟加拉达卡兑人民币,,user
assistant_voice,50,sample,我币换人民币现在多少钱,,user
assistant_voice,50,sample,零五年的人民币淘汰了吗,,user
assistant_voice,50,sample,人民币新版一元的动物,,user
assistant_voice,50,sample,第五套人民币,,user
assistant_voice,50,sample,台币30台币兑换多少人民币,,user
assistant_voice,19,top_pv,10万元1厘利息怎么算,,user
assistant_voice,19,top_pv,6000块钱存银行三年1.3的利息多少钱,,user
assistant_voice,19,top_pv,苏商银行的利息和利常银行的利息是一样的吗,,user
assistant_voice,19,top_pv,三年交36000什么时间回本有利息啊,,user
assistant_voice,19,top_pv,年利率二点五三十八万三年期利率多少钱,,user
assistant_voice,19,top_pv,十万块钱存在银行里面死期是三年那第一年的利息是多少,,user
assistant_voice,19,sample,豆包豆包请问现在哪个银行的定期存款利息更高,,user
assistant_voice,19,sample,今日银行存款利率多少,,user
assistant_voice,19,sample,四万块银行定期三年利息是多少,,user
assistant_voice,19,sample,百万存银行每年最多利息,,user
assistant_voice,19,sample,一个月利息四千三百块钱存了2700000问利率是多少,,user
assistant_voice,19,sample,一万块钱的本金一年是四厘的利息一年能收获多少利息啊,,user
assistant_voice,40,top_pv,海富海富通精选,,user
assistant_voice,40,top_pv,云计算ETF市盈率516510,,user
assistant_voice,40,top_pv,长江存储IPO,,user
assistant_voice,40,top_pv,1 ew,,user
assistant_voice,40,top_pv,国寿新鸿福分红型,,user
assistant_voice,40,top_pv,ab u盾,,user
assistant_voice,40,sample,水木1号,,user
assistant_voice,40,sample,国泰君安,,user
assistant_voice,40,sample,国泰君安,,user
assistant_voice,1,top_pv,颜孔亮化对基金公司有伤害吗,,user
assistant_voice,1,top_pv,重仓AI基建基金积渐,,user
assistant_voice,1,top_pv,基金事件放少了还能吃吗,,user
assistant_voice,1,top_pv,长期投资红利低波100基金需要选择红利低波基金跌下去净值较低的时候买还是尽,,user
assistant_voice,1,top_pv,场内天虹恒生科技ETF基金对应的场内基金,,user
assistant_voice,1,top_pv,华夏蓝筹基金,,user
assistant_voice,1,sample,512400基金含哪些股票,,user
assistant_voice,1,sample,基金能玩吗,,user
assistant_voice,1,sample,ai股票龙头一览表,,user
assistant_voice,1,sample,半导体设备十大龙头股,,user
assistant_voice,1,sample,优质可转债一览表,,user
assistant_voice,1,sample,国家发改委旗下的基金公司叫什么,,user
assistant_voice,46,top_pv,行号为301305000109能查到他是开户行名称吗,,user
assistant_voice,46,top_pv,嗯卡上的钱是活期的嗯要是取现金超过五元50000或者100000以上还用打招呼吗,,user
assistant_voice,46,top_pv,芝麻分多少分可以享受租免押金,,user
assistant_voice,46,top_pv,在1分钟之前提了3000块钱银行有提示最后1分钟,,user
assistant_voice,46,top_pv,ATM机上面可以存多少钱,,user
assistant_voice,46,top_pv,放心借最晚可以拖多久,,user
assistant_voice,46,sample,银联POS机第1笔钱刷的是民生银行的是到账了第2笔钱刷的是嗯第2笔钱刷的是另外,,user
assistant_voice,46,sample,不在开户行买理财写工号有区别吗对理财经理来说,,user
assistant_voice,46,sample,银行的积存金可以随时买卖吗,,user
assistant_voice,46,sample,老公的手机银行其实可以加入吗,,user
assistant_voice,46,sample,信用卡里面的金融功能到期了可以线下办理重新开通吗,,user
assistant_voice,46,sample,银联POS机第1笔钱刷的是民生银行的是到账了第2笔钱刷的是嗯第2笔钱刷的是另外,,user
assistant_voice,71,top_pv,2019年版,,user
assistant_voice,71,top_pv,2019年版,,user
assistant_voice,72,top_pv,2386,,user
assistant_voice,72,top_pv,2026最新邮票发行计划,,user
assistant_voice,72,top_pv,1132,,user
assistant_voice,72,top_pv,中邮理财同心2号景洪封闭式2026年第25期,,user
assistant_voice,72,top_pv,1665,,user
assistant_voice,72,top_pv,2012年浙江女强人吴英融资亏损8亿本人照片,,user
assistant_voice,72,sample,2150000亿美金,,user
assistant_voice,42,top_pv,以前有没有那个网贷平台爆雷像菊小花这样的,,user
assistant_voice,42,top_pv,想借车属于哪个品牌,,user
assistant_voice,42,top_pv,哪个平台不看征信可以贷点款,,user
assistant_voice,42,top_pv,分期乐发票找哪个平台,,user
assistant_voice,58,top_pv,st北信源股票,,user
assistant_voice,58,top_pv,天际股份是不是一调查就ST了,,user
assistant_voice,58,top_pv,ST柳树的柳柳化是干什么的ST柳化,,user
assistant_voice,51,top_pv,300瑞,,user
assistant_voice,51,top_pv,603986是主板还是科创板,,user
assistant_voice,51,top_pv,174000美元,,user
assistant_voice,51,top_pv,601999,,user
assistant_voice,51,top_pv,600986,,user
assistant_voice,51,top_pv,600206历史资金流向,,user
assistant_voice,4,top_pv,美原油暗盘,,user
assistant_voice,60,top_pv,黄金今天的收购价,,user
assistant_voice,60,top_pv,今天金价,,user
assistant_voice,60,top_pv,今天金价,,user
assistant_voice,60,top_pv,今天金价,,user
assistant_voice,60,top_pv,今天金价,,user
assistant_voice,60,top_pv,今天金价,,user
assistant_voice,60,sample,中国黄金今日实时金价,,user
assistant_voice,60,sample,2026年成都梨花街今日金价,,user
assistant_voice,60,sample,2026年成都梨花街今日金价,,user
assistant_voice,60,sample,融通金今日报价,,user
assistant_voice,60,sample,融通金今日报价,,user
assistant_voice,17,top_pv,欧美股票,,user
assistant_voice,17,top_pv,欧美股票,,user
assistant_voice,17,top_pv,日照港业绩预告,,user
assistant_voice,17,top_pv,茶谷碗ddx选股指标,,user
assistant_voice,17,top_pv,介绍炒港美股的盈利电商,,user
assistant_voice,17,top_pv,请你上强力指数是哪一个指标,,user
assistant_voice,17,sample,五元的香港硬币值钱吗,,user
assistant_voice,17,sample,北证指数50c和北证50指数a和北证50指数增强c区别是什么,,user
assistant_voice,17,sample,恒指,,user
assistant_voice,17,sample,美股周六周日也休息吗,,user
assistant_voice,17,sample,B8指数的图看一下,,user
assistant_voice,17,sample,香港稳定币是派币吗,,user
assistant_voice,13,top_pv,万向德龙股票,,user
assistant_voice,66,top_pv,浦发银行客服电话,,user
assistant_voice,66,top_pv,浦发银行客服电话是多些,,user
assistant_voice,66,top_pv,中信银行西安咸宁路支行电话,,user
assistant_voice,66,top_pv,华夏银行诉求电话,,user
assistant_voice,66,top_pv,本溪市人民文化宫广发银行电话号码,,user
assistant_voice,66,top_pv,润枫德尚交通银行电话,,user
assistant_voice,66,sample,浦发银行售后电话,,user
assistant_voice,66,sample,庆安县农商行电话,,user
assistant_voice,66,sample,银行电话多少,,user
assistant_voice,66,sample,天津西青支行电话,,user
assistant_voice,66,sample,中国银行客户服务电话,,user
assistant_voice,63,top_pv,9547111是什么电话,,user
assistant_voice,63,top_pv,952785是哪的电话,,user
assistant_voice,63,top_pv,80652024什么电话,,user
assistant_voice,63,top_pv,9540375是什么号,,user
assistant_voice,53,top_pv,三安光电最近行,,user
assistant_voice,53,top_pv,国腾量子股票代码,,user
assistant_voice,53,top_pv,东阳光股票,,user
assistant_voice,53,top_pv,东阳光股票,,user
assistant_voice,53,top_pv,东阳光股票,,user
assistant_voice,53,top_pv,双节电池股票,,user
assistant_voice,75,top_pv,马蚁庄园今日答案,,user
assistant_voice,75,top_pv,低血糖的症状有哪些蚂蚁庄园,,user
assistant_voice,75,top_pv,低血糖表现蚂蚁庄园,,user
assistant_voice,75,top_pv,低血糖表现蚂蚁庄园,,user
assistant_voice,75,top_pv,8月1号蚂蚁庄园的题是什么,,user
assistant_voice,75,top_pv,为什么黄色交通信号灯蚂蚁庄园,,user
assistant_voice,75,sample,今日蚂蚁庄园黄色信号灯,,user
assistant_voice,75,sample,黄色信号灯蚂蚁庄园,,user
assistant_voice,75,sample,黄色信号灯蚂蚁庄园,,user
assistant_voice,75,sample,黄色信号灯蚂蚁庄园,,user
assistant_voice,75,sample,为什么黄色交通信号灯蚂蚁庄园,,user
assistant_voice,75,sample,黄色信号灯蚂蚁庄园,,user
assistant_voice,39,top_pv,大额交易可以交易报告,,user
assistant_voice,65,top_pv,民丰银行24小时人工客服电话,,user
assistant_voice,65,top_pv,农村信用社24服务热线电话,,user
assistant_voice,74,top_pv,2026黄金会跌到650吗,,user
assistant_voice,74,top_pv,黄金股买哪个最好,,user
assistant_voice,74,top_pv,票面铂金,,user
assistant_voice,74,top_pv,黄金还能涨回1月份的高点吗,,user
assistant_voice,74,top_pv,如何在银行买实物黄金,,user
assistant_voice,73,top_pv,中国邮政银行手机APP我失了怎样自己解挂解,,user
assistant_voice,73,top_pv,中国邮政银行手机APP我失了怎样自己解挂解,,user
assistant_voice,73,top_pv,安徽农金APP上怎么取款,,user
assistant_voice,73,top_pv,众安保险app官方下载安装,,user
assistant_voice,73,top_pv,农行app怎么查行号,,user
assistant_voice,38,top_pv,辅币是主币的,,user
assistant_voice,38,top_pv,夜盘沪铜的最新价格,,user
assistant_voice,38,top_pv,near币,,user
assistant_voice,9,top_pv,铁矿石期货价格为什么连年下降,,user
assistant_voice,10,top_pv,金价现在多少钱一克,,user
assistant_voice,10,top_pv,金价现在多少钱一克,,user
assistant_voice,10,top_pv,金价现在多少钱一克,,user
assistant_voice,10,top_pv,里面的大龙多少钱多少币,,user
assistant_voice,10,top_pv,五铢钱值得多少钱一枚,,user
assistant_voice,10,top_pv,bnb现在多少钱一枚,,user
assistant_voice,10,sample,大克鼎价值多少个亿,,user
assistant_voice,10,sample,现在黄金多少,,user
assistant_voice,10,sample,各大银行7月28日黄金多少钱一克,,user
assistant_voice,57,top_pv,炒股票到底是以个股为准还是以大盘为准,,user
assistant_voice,57,top_pv,外盘,,user
assistant_voice,55,top_pv,黄金价格落吗,,user
assistant_voice,55,top_pv,黄金价格落吗,,user
assistant_voice,55,top_pv,今日中国黄金价格,,user
assistant_voice,69,top_pv,将持仓做18年,,user
assistant_voice,70,top_pv,2460,,user
assistant_voice,70,top_pv,深圳机场主力净流入243.28万,,user
assistant_voice,59,top_pv,持仓大白话解释,,user
assistant_voice,80,top_pv,交通银行股票行情,,user
