key,类目,a,b,k_a,k_b,n_a,n_b,占比_a%,占比_b%,差_pp,低_pp,高_pp,显著,类型
ADULT_SEXUALIZED_IMAGE_BROWSE__1,ADULT_SEXUALIZED_IMAGE_BROWSE__1,2025搜索,2025搜索随机1w,16,9,9983,9999,0.16,0.09,-0.07,-0.179,0.031,False,共有
BARE_NAME_DEFAULT_LOOKUP__1,BARE_NAME_DEFAULT_LOOKUP__1,2025搜索,2025搜索随机1w,3063,727,9983,9999,30.682,7.271,-23.411,-24.448,-22.372,True,共有
BARE_NAME_DEFAULT_LOOKUP__2,BARE_NAME_DEFAULT_LOOKUP__2,2025搜索,2025搜索随机1w,1439,377,9983,9999,14.415,3.77,-10.644,-11.432,-9.864,True,共有
BARE_NAME_DEFAULT_LOOKUP__3,BARE_NAME_DEFAULT_LOOKUP__3,2025搜索,2025搜索随机1w,408,123,9983,9999,4.087,1.23,-2.857,-3.309,-2.417,True,共有
BARE_NAME_DEFAULT_LOOKUP__4,BARE_NAME_DEFAULT_LOOKUP__4,2025搜索,2025搜索随机1w,1458,417,9983,9999,14.605,4.17,-10.434,-11.234,-9.641,True,共有
BARE_NAME_DEFAULT_LOOKUP__5,BARE_NAME_DEFAULT_LOOKUP__5,2025搜索,2025搜索随机1w,266,1550,9983,9999,2.665,15.502,12.837,12.065,13.619,True,共有
BIO_PROFILE_LOOKUP__1,BIO_PROFILE_LOOKUP__1,2025搜索,2025搜索随机1w,179,310,9983,9999,1.793,3.1,1.307,0.881,1.74,True,共有
BIO_PROFILE_LOOKUP__2,BIO_PROFILE_LOOKUP__2,2025搜索,2025搜索随机1w,288,513,9983,9999,2.885,5.131,2.246,1.704,2.792,True,共有
BIO_PROFILE_LOOKUP__3,BIO_PROFILE_LOOKUP__3,2025搜索,2025搜索随机1w,3,3,9983,9999,0.03,0.03,-0.0,-0.062,0.061,False,共有
BIO_PROFILE_LOOKUP__4,BIO_PROFILE_LOOKUP__4,2025搜索,2025搜索随机1w,543,265,9983,9999,5.439,2.65,-2.789,-3.338,-2.246,True,共有
BIO_PROFILE_LOOKUP__5,BIO_PROFILE_LOOKUP__5,2025搜索,2025搜索随机1w,76,29,9983,9999,0.761,0.29,-0.471,-0.681,-0.273,True,共有
BREAKING_NEWS_CONTEXTUALIZATION__1,BREAKING_NEWS_CONTEXTUALIZATION__1,2025搜索,2025搜索随机1w,7,4,9983,9999,0.07,0.04,-0.03,-0.109,0.042,False,共有
CAUSAL_EXPLANATION__1,CAUSAL_EXPLANATION__1,2025搜索,2025搜索随机1w,14,99,9983,9999,0.14,0.99,0.85,0.65,1.071,True,共有
CURRENT_STATUS_TRACKING__1,CURRENT_STATUS_TRACKING__1,2025搜索,2025搜索随机1w,10,12,9983,9999,0.1,0.12,0.02,-0.079,0.12,False,共有
DEATH_VERIFICATION__1,DEATH_VERIFICATION__1,2025搜索,2025搜索随机1w,1,3,9983,9999,0.01,0.03,0.02,-0.031,0.079,False,共有
EVALUATION_OPINION_LOOKUP__1,EVALUATION_OPINION_LOOKUP__1,2025搜索,2025搜索随机1w,14,124,9983,9999,0.14,1.24,1.1,0.879,1.343,True,共有
EVALUATION_OPINION_LOOKUP__2,EVALUATION_OPINION_LOOKUP__2,2025搜索,2025搜索随机1w,0,39,9983,9999,0.0,0.39,0.39,0.279,0.533,True,b独有
FICTIONAL_PLOT_SETTING_LOOKUP__1,FICTIONAL_PLOT_SETTING_LOOKUP__1,2025搜索,2025搜索随机1w,65,270,9983,9999,0.651,2.7,2.049,1.7,2.413,True,共有
FICTIONAL_PLOT_SETTING_LOOKUP__2,FICTIONAL_PLOT_SETTING_LOOKUP__2,2025搜索,2025搜索随机1w,43,267,9983,9999,0.431,2.67,2.24,1.906,2.592,True,共有
HARD_REFUSE_ILLICIT_IMAGERY_REQUEST__1,HARD_REFUSE_ILLICIT_IMAGERY_REQUEST__1,2025搜索,2025搜索随机1w,1,4,9983,9999,0.01,0.04,0.03,-0.023,0.093,False,共有
OFFICIAL_DOCUMENT_RETRIEVAL__1,OFFICIAL_DOCUMENT_RETRIEVAL__1,2025搜索,2025搜索随机1w,0,1,9983,9999,0.0,0.01,0.01,-0.029,0.057,False,b独有
OUT_OF_SCOPE_OR_UNPARSEABLE__1,OUT_OF_SCOPE_OR_UNPARSEABLE__1,2025搜索,2025搜索随机1w,907,1298,9983,9999,9.085,12.981,3.896,3.029,4.764,True,共有
OUT_OF_SCOPE_OR_UNPARSEABLE__2,OUT_OF_SCOPE_OR_UNPARSEABLE__2,2025搜索,2025搜索随机1w,142,76,9983,9999,1.422,0.76,-0.662,-0.957,-0.376,True,共有
PERSON_LIST_LOOKUP__1,PERSON_LIST_LOOKUP__1,2025搜索,2025搜索随机1w,77,424,9983,9999,0.771,4.24,3.469,3.046,3.91,True,共有
PERSON_LIST_LOOKUP__2,PERSON_LIST_LOOKUP__2,2025搜索,2025搜索随机1w,78,299,9983,9999,0.781,2.99,2.209,1.839,2.594,True,共有
PLATFORM_DIRECTED_TASK__1,PLATFORM_DIRECTED_TASK__1,2025搜索,2025搜索随机1w,9,4,9983,9999,0.09,0.04,-0.05,-0.135,0.026,False,共有
PLATFORM_DIRECTED_TASK__2,PLATFORM_DIRECTED_TASK__2,2025搜索,2025搜索随机1w,52,65,9983,9999,0.521,0.65,0.129,-0.084,0.345,False,共有
PORTRAIT_IMAGE_REQUEST__1,PORTRAIT_IMAGE_REQUEST__1,2025搜索,2025搜索随机1w,0,40,9983,9999,0.0,0.4,0.4,0.287,0.544,True,b独有
PORTRAIT_IMAGE_REQUEST__2,PORTRAIT_IMAGE_REQUEST__2,2025搜索,2025搜索随机1w,16,76,9983,9999,0.16,0.76,0.6,0.418,0.8,True,共有
PORTRAIT_IMAGE_REQUEST__3,PORTRAIT_IMAGE_REQUEST__3,2025搜索,2025搜索随机1w,23,66,9983,9999,0.23,0.66,0.43,0.248,0.624,True,共有
PORTRAIT_IMAGE_REQUEST__4,PORTRAIT_IMAGE_REQUEST__4,2025搜索,2025搜索随机1w,47,59,9983,9999,0.471,0.59,0.119,-0.084,0.326,False,共有
POST_TENURE_AND_MOVE_RESOLUTION__1,POST_TENURE_AND_MOVE_RESOLUTION__1,2025搜索,2025搜索随机1w,108,60,9983,9999,1.082,0.6,-0.482,-0.741,-0.23,True,共有
POST_TENURE_AND_MOVE_RESOLUTION__2,POST_TENURE_AND_MOVE_RESOLUTION__2,2025搜索,2025搜索随机1w,36,245,9983,9999,0.361,2.45,2.09,1.773,2.427,True,共有
POST_TENURE_AND_MOVE_RESOLUTION__3,POST_TENURE_AND_MOVE_RESOLUTION__3,2025搜索,2025搜索随机1w,21,121,9983,9999,0.21,1.21,1.0,0.774,1.245,True,共有
POST_TENURE_AND_MOVE_RESOLUTION__4,POST_TENURE_AND_MOVE_RESOLUTION__4,2025搜索,2025搜索随机1w,177,92,9983,9999,1.773,0.92,-0.853,-1.178,-0.535,True,共有
POST_TENURE_AND_MOVE_RESOLUTION__5,POST_TENURE_AND_MOVE_RESOLUTION__5,2025搜索,2025搜索随机1w,5,101,9983,9999,0.05,1.01,0.96,0.77,1.178,True,共有
POST_TENURE_AND_MOVE_RESOLUTION__6,POST_TENURE_AND_MOVE_RESOLUTION__6,2025搜索,2025搜索随机1w,26,429,9983,9999,0.26,4.29,4.03,3.631,4.453,True,共有
PRIVATE_INDIVIDUAL_DATA_PROBE__1,PRIVATE_INDIVIDUAL_DATA_PROBE__1,2025搜索,2025搜索随机1w,1,81,9983,9999,0.01,0.81,0.8,0.636,0.996,True,共有
PRIVATE_INDIVIDUAL_DATA_PROBE__2,PRIVATE_INDIVIDUAL_DATA_PROBE__2,2025搜索,2025搜索随机1w,4,65,9983,9999,0.04,0.65,0.61,0.457,0.789,True,共有
RELATION_AND_FAMILY_LOOKUP__1,RELATION_AND_FAMILY_LOOKUP__1,2025搜索,2025搜索随机1w,14,42,9983,9999,0.14,0.42,0.28,0.135,0.438,True,共有
RELATION_AND_FAMILY_LOOKUP__2,RELATION_AND_FAMILY_LOOKUP__2,2025搜索,2025搜索随机1w,20,98,9983,9999,0.2,0.98,0.78,0.574,1.004,True,共有
RELATION_AND_FAMILY_LOOKUP__3,RELATION_AND_FAMILY_LOOKUP__3,2025搜索,2025搜索随机1w,57,170,9983,9999,0.571,1.7,1.129,0.84,1.431,True,共有
RELATION_AND_FAMILY_LOOKUP__4,RELATION_AND_FAMILY_LOOKUP__4,2025搜索,2025搜索随机1w,46,142,9983,9999,0.461,1.42,0.959,0.696,1.236,True,共有
RELATION_AND_FAMILY_LOOKUP__5,RELATION_AND_FAMILY_LOOKUP__5,2025搜索,2025搜索随机1w,29,150,9983,9999,0.29,1.5,1.21,0.956,1.482,True,共有
REVERSE_ENTITY_RESOLUTION__1,REVERSE_ENTITY_RESOLUTION__1,2025搜索,2025搜索随机1w,43,203,9983,9999,0.431,2.03,1.599,1.301,1.915,True,共有
REVERSE_ENTITY_RESOLUTION__2,REVERSE_ENTITY_RESOLUTION__2,2025搜索,2025搜索随机1w,37,87,9983,9999,0.371,0.87,0.499,0.284,0.725,True,共有
SCANDAL_BLACK_MATERIAL_CONSUMPTION__1,SCANDAL_BLACK_MATERIAL_CONSUMPTION__1,2025搜索,2025搜索随机1w,0,2,9983,9999,0.0,0.02,0.02,-0.021,0.073,False,b独有
SINGLE_ATTRIBUTE_FACTOID__1,SINGLE_ATTRIBUTE_FACTOID__1,2025搜索,2025搜索随机1w,20,71,9983,9999,0.2,0.71,0.51,0.327,0.707,True,共有
SINGLE_ATTRIBUTE_FACTOID__2,SINGLE_ATTRIBUTE_FACTOID__2,2025搜索,2025搜索随机1w,18,84,9983,9999,0.18,0.84,0.66,0.468,0.869,True,共有
SINGLE_ATTRIBUTE_FACTOID__3,SINGLE_ATTRIBUTE_FACTOID__3,2025搜索,2025搜索随机1w,18,5,9983,9999,0.18,0.05,-0.13,-0.239,-0.036,True,共有
SINGLE_ATTRIBUTE_FACTOID__4,SINGLE_ATTRIBUTE_FACTOID__4,2025搜索,2025搜索随机1w,32,132,9983,9999,0.321,1.32,1.0,0.755,1.26,True,共有
SINGLE_ATTRIBUTE_FACTOID__5,SINGLE_ATTRIBUTE_FACTOID__5,2025搜索,2025搜索随机1w,2,26,9983,9999,0.02,0.26,0.24,0.142,0.362,True,共有
SINGLE_ATTRIBUTE_FACTOID__6,SINGLE_ATTRIBUTE_FACTOID__6,2025搜索,2025搜索随机1w,24,40,9983,9999,0.24,0.4,0.16,0.002,0.324,True,共有
ADULT_SEXUALIZED_IMAGE_BROWSE__1,ADULT_SEXUALIZED_IMAGE_BROWSE__1,2025搜索,2026搜索,16,10,9983,9982,0.16,0.1,-0.06,-0.17,0.044,False,共有
BARE_NAME_DEFAULT_LOOKUP__1,BARE_NAME_DEFAULT_LOOKUP__1,2025搜索,2026搜索,3063,2262,9983,9982,30.682,22.661,-8.021,-9.242,-6.798,True,共有
BARE_NAME_DEFAULT_LOOKUP__2,BARE_NAME_DEFAULT_LOOKUP__2,2025搜索,2026搜索,1439,932,9983,9982,14.415,9.337,-5.078,-5.973,-4.183,True,共有
BARE_NAME_DEFAULT_LOOKUP__3,BARE_NAME_DEFAULT_LOOKUP__3,2025搜索,2026搜索,408,290,9983,9982,4.087,2.905,-1.182,-1.694,-0.673,True,共有
BARE_NAME_DEFAULT_LOOKUP__4,BARE_NAME_DEFAULT_LOOKUP__4,2025搜索,2026搜索,1458,1089,9983,9982,14.605,10.91,-3.695,-4.62,-2.771,True,共有
BARE_NAME_DEFAULT_LOOKUP__5,BARE_NAME_DEFAULT_LOOKUP__5,2025搜索,2026搜索,266,242,9983,9982,2.665,2.424,-0.24,-0.679,0.198,False,共有
BIO_PROFILE_LOOKUP__1,BIO_PROFILE_LOOKUP__1,2025搜索,2026搜索,179,394,9983,9982,1.793,3.947,2.154,1.695,2.622,True,共有
BIO_PROFILE_LOOKUP__2,BIO_PROFILE_LOOKUP__2,2025搜索,2026搜索,288,579,9983,9982,2.885,5.8,2.916,2.354,3.484,True,共有
BIO_PROFILE_LOOKUP__3,BIO_PROFILE_LOOKUP__3,2025搜索,2026搜索,3,361,9983,9982,0.03,3.617,3.586,3.233,3.971,True,共有
BIO_PROFILE_LOOKUP__4,BIO_PROFILE_LOOKUP__4,2025搜索,2026搜索,543,1061,9983,9982,5.439,10.629,5.19,4.441,5.943,True,共有
BIO_PROFILE_LOOKUP__5,BIO_PROFILE_LOOKUP__5,2025搜索,2026搜索,76,325,9983,9982,0.761,3.256,2.495,2.113,2.892,True,共有
BREAKING_NEWS_CONTEXTUALIZATION__1,BREAKING_NEWS_CONTEXTUALIZATION__1,2025搜索,2026搜索,7,1,9983,9982,0.07,0.01,-0.06,-0.135,-0.001,True,共有
CAUSAL_EXPLANATION__1,CAUSAL_EXPLANATION__1,2025搜索,2026搜索,14,5,9983,9982,0.14,0.05,-0.09,-0.189,-0.002,True,共有
CURRENT_STATUS_TRACKING__1,CURRENT_STATUS_TRACKING__1,2025搜索,2026搜索,10,5,9983,9982,0.1,0.05,-0.05,-0.139,0.031,False,共有
DEATH_VERIFICATION__1,DEATH_VERIFICATION__1,2025搜索,2026搜索,1,0,9983,9982,0.01,0.0,-0.01,-0.057,0.029,False,a独有
EVALUATION_OPINION_LOOKUP__1,EVALUATION_OPINION_LOOKUP__1,2025搜索,2026搜索,14,9,9983,9982,0.14,0.09,-0.05,-0.154,0.049,False,共有
FICTIONAL_PLOT_SETTING_LOOKUP__1,FICTIONAL_PLOT_SETTING_LOOKUP__1,2025搜索,2026搜索,65,30,9983,9982,0.651,0.301,-0.351,-0.55,-0.161,True,共有
FICTIONAL_PLOT_SETTING_LOOKUP__2,FICTIONAL_PLOT_SETTING_LOOKUP__2,2025搜索,2026搜索,43,14,9983,9982,0.431,0.14,-0.29,-0.45,-0.145,True,共有
HARD_REFUSE_ILLICIT_IMAGERY_REQUEST__1,HARD_REFUSE_ILLICIT_IMAGERY_REQUEST__1,2025搜索,2026搜索,1,3,9983,9982,0.01,0.03,0.02,-0.031,0.079,False,共有
OFFICIAL_DOCUMENT_RETRIEVAL__1,OFFICIAL_DOCUMENT_RETRIEVAL__1,2025搜索,2026搜索,0,9,9983,9982,0.0,0.09,0.09,0.033,0.171,True,b独有
OUT_OF_SCOPE_OR_UNPARSEABLE__1,OUT_OF_SCOPE_OR_UNPARSEABLE__1,2025搜索,2026搜索,907,635,9983,9982,9.085,6.361,-2.724,-3.465,-1.985,True,共有
OUT_OF_SCOPE_OR_UNPARSEABLE__2,OUT_OF_SCOPE_OR_UNPARSEABLE__2,2025搜索,2026搜索,142,59,9983,9982,1.422,0.591,-0.831,-1.116,-0.557,True,共有
PERSON_LIST_LOOKUP__1,PERSON_LIST_LOOKUP__1,2025搜索,2026搜索,77,74,9983,9982,0.771,0.741,-0.03,-0.273,0.213,False,共有
PERSON_LIST_LOOKUP__2,PERSON_LIST_LOOKUP__2,2025搜索,2026搜索,78,146,9983,9982,0.781,1.463,0.681,0.391,0.979,True,共有
PLATFORM_DIRECTED_TASK__1,PLATFORM_DIRECTED_TASK__1,2025搜索,2026搜索,9,359,9983,9982,0.09,3.596,3.506,3.149,3.892,True,共有
PLATFORM_DIRECTED_TASK__2,PLATFORM_DIRECTED_TASK__2,2025搜索,2026搜索,52,502,9983,9982,0.521,5.029,4.508,4.066,4.971,True,共有
PORTRAIT_IMAGE_REQUEST__2,PORTRAIT_IMAGE_REQUEST__2,2025搜索,2026搜索,16,11,9983,9982,0.16,0.11,-0.05,-0.161,0.057,False,共有
PORTRAIT_IMAGE_REQUEST__3,PORTRAIT_IMAGE_REQUEST__3,2025搜索,2026搜索,23,22,9983,9982,0.23,0.22,-0.01,-0.147,0.127,False,共有
PORTRAIT_IMAGE_REQUEST__4,PORTRAIT_IMAGE_REQUEST__4,2025搜索,2026搜索,47,30,9983,9982,0.471,0.301,-0.17,-0.349,0.003,False,共有
POST_TENURE_AND_MOVE_RESOLUTION__1,POST_TENURE_AND_MOVE_RESOLUTION__1,2025搜索,2026搜索,108,78,9983,9982,1.082,0.781,-0.3,-0.572,-0.033,True,共有
POST_TENURE_AND_MOVE_RESOLUTION__2,POST_TENURE_AND_MOVE_RESOLUTION__2,2025搜索,2026搜索,36,21,9983,9982,0.361,0.21,-0.15,-0.306,-0.001,True,共有
POST_TENURE_AND_MOVE_RESOLUTION__3,POST_TENURE_AND_MOVE_RESOLUTION__3,2025搜索,2026搜索,21,5,9983,9982,0.21,0.05,-0.16,-0.275,-0.061,True,共有
POST_TENURE_AND_MOVE_RESOLUTION__4,POST_TENURE_AND_MOVE_RESOLUTION__4,2025搜索,2026搜索,177,79,9983,9982,1.773,0.791,-0.982,-1.3,-0.672,True,共有
POST_TENURE_AND_MOVE_RESOLUTION__5,POST_TENURE_AND_MOVE_RESOLUTION__5,2025搜索,2026搜索,5,7,9983,9982,0.05,0.07,0.02,-0.056,0.1,False,共有
POST_TENURE_AND_MOVE_RESOLUTION__6,POST_TENURE_AND_MOVE_RESOLUTION__6,2025搜索,2026搜索,26,7,9983,9982,0.26,0.07,-0.19,-0.317,-0.079,True,共有
PRIVATE_INDIVIDUAL_DATA_PROBE__1,PRIVATE_INDIVIDUAL_DATA_PROBE__1,2025搜索,2026搜索,1,1,9983,9982,0.01,0.01,0.0,-0.047,0.047,False,共有
PRIVATE_INDIVIDUAL_DATA_PROBE__2,PRIVATE_INDIVIDUAL_DATA_PROBE__2,2025搜索,2026搜索,4,0,9983,9982,0.04,0.0,-0.04,-0.103,0.006,False,a独有
RELATION_AND_FAMILY_LOOKUP__1,RELATION_AND_FAMILY_LOOKUP__1,2025搜索,2026搜索,14,33,9983,9982,0.14,0.331,0.19,0.056,0.335,True,共有
RELATION_AND_FAMILY_LOOKUP__2,RELATION_AND_FAMILY_LOOKUP__2,2025搜索,2026搜索,20,11,9983,9982,0.2,0.11,-0.09,-0.209,0.022,False,共有
RELATION_AND_FAMILY_LOOKUP__3,RELATION_AND_FAMILY_LOOKUP__3,2025搜索,2026搜索,57,22,9983,9982,0.571,0.22,-0.351,-0.534,-0.178,True,共有
RELATION_AND_FAMILY_LOOKUP__4,RELATION_AND_FAMILY_LOOKUP__4,2025搜索,2026搜索,46,21,9983,9982,0.461,0.21,-0.25,-0.42,-0.09,True,共有
RELATION_AND_FAMILY_LOOKUP__5,RELATION_AND_FAMILY_LOOKUP__5,2025搜索,2026搜索,29,8,9983,9982,0.29,0.08,-0.21,-0.343,-0.093,True,共有
REVERSE_ENTITY_RESOLUTION__1,REVERSE_ENTITY_RESOLUTION__1,2025搜索,2026搜索,43,34,9983,9982,0.431,0.341,-0.09,-0.268,0.084,False,共有
REVERSE_ENTITY_RESOLUTION__2,REVERSE_ENTITY_RESOLUTION__2,2025搜索,2026搜索,37,19,9983,9982,0.371,0.19,-0.18,-0.336,-0.033,True,共有
SINGLE_ATTRIBUTE_FACTOID__1,SINGLE_ATTRIBUTE_FACTOID__1,2025搜索,2026搜索,20,29,9983,9982,0.2,0.291,0.09,-0.05,0.235,False,共有
SINGLE_ATTRIBUTE_FACTOID__2,SINGLE_ATTRIBUTE_FACTOID__2,2025搜索,2026搜索,18,13,9983,9982,0.18,0.13,-0.05,-0.168,0.064,False,共有
SINGLE_ATTRIBUTE_FACTOID__3,SINGLE_ATTRIBUTE_FACTOID__3,2025搜索,2026搜索,18,43,9983,9982,0.18,0.431,0.25,0.098,0.413,True,共有
SINGLE_ATTRIBUTE_FACTOID__4,SINGLE_ATTRIBUTE_FACTOID__4,2025搜索,2026搜索,32,18,9983,9982,0.321,0.18,-0.14,-0.288,-0.0,True,共有
SINGLE_ATTRIBUTE_FACTOID__5,SINGLE_ATTRIBUTE_FACTOID__5,2025搜索,2026搜索,2,13,9983,9982,0.02,0.13,0.11,0.034,0.204,True,共有
SINGLE_ATTRIBUTE_FACTOID__6,SINGLE_ATTRIBUTE_FACTOID__6,2025搜索,2026搜索,24,61,9983,9982,0.24,0.611,0.371,0.192,0.561,True,共有
ADULT_SEXUALIZED_IMAGE_BROWSE__1,ADULT_SEXUALIZED_IMAGE_BROWSE__1,2025搜索,2026搜索随机1w,16,11,9983,10000,0.16,0.11,-0.05,-0.161,0.056,False,共有
BARE_NAME_DEFAULT_LOOKUP__1,BARE_NAME_DEFAULT_LOOKUP__1,2025搜索,2026搜索随机1w,3063,591,9983,10000,30.682,5.91,-24.772,-25.787,-23.755,True,共有
BARE_NAME_DEFAULT_LOOKUP__2,BARE_NAME_DEFAULT_LOOKUP__2,2025搜索,2026搜索随机1w,1439,330,9983,10000,14.415,3.3,-11.115,-11.892,-10.345,True,共有
BARE_NAME_DEFAULT_LOOKUP__3,BARE_NAME_DEFAULT_LOOKUP__3,2025搜索,2026搜索随机1w,408,127,9983,10000,4.087,1.27,-2.817,-3.271,-2.376,True,共有
BARE_NAME_DEFAULT_LOOKUP__4,BARE_NAME_DEFAULT_LOOKUP__4,2025搜索,2026搜索随机1w,1458,410,9983,10000,14.605,4.1,-10.505,-11.303,-9.713,True,共有
BARE_NAME_DEFAULT_LOOKUP__5,BARE_NAME_DEFAULT_LOOKUP__5,2025搜索,2026搜索随机1w,266,1812,9983,10000,2.665,18.12,15.455,14.641,16.279,True,共有
BIO_PROFILE_LOOKUP__1,BIO_PROFILE_LOOKUP__1,2025搜索,2026搜索随机1w,179,272,9983,10000,1.793,2.72,0.927,0.516,1.342,True,共有
BIO_PROFILE_LOOKUP__2,BIO_PROFILE_LOOKUP__2,2025搜索,2026搜索随机1w,288,613,9983,10000,2.885,6.13,3.245,2.674,3.823,True,共有
BIO_PROFILE_LOOKUP__3,BIO_PROFILE_LOOKUP__3,2025搜索,2026搜索随机1w,3,3,9983,10000,0.03,0.03,-0.0,-0.062,0.061,False,共有
BIO_PROFILE_LOOKUP__4,BIO_PROFILE_LOOKUP__4,2025搜索,2026搜索随机1w,543,205,9983,10000,5.439,2.05,-3.389,-3.92,-2.868,True,共有
BIO_PROFILE_LOOKUP__5,BIO_PROFILE_LOOKUP__5,2025搜索,2026搜索随机1w,76,17,9983,10000,0.761,0.17,-0.591,-0.792,-0.408,True,共有
BREAKING_NEWS_CONTEXTUALIZATION__1,BREAKING_NEWS_CONTEXTUALIZATION__1,2025搜索,2026搜索随机1w,7,0,9983,10000,0.07,0.0,-0.07,-0.145,-0.017,True,a独有
CAUSAL_EXPLANATION__1,CAUSAL_EXPLANATION__1,2025搜索,2026搜索随机1w,14,83,9983,10000,0.14,0.83,0.69,0.504,0.895,True,共有
CURRENT_STATUS_TRACKING__1,CURRENT_STATUS_TRACKING__1,2025搜索,2026搜索随机1w,10,16,9983,10000,0.1,0.16,0.06,-0.044,0.17,False,共有
DEATH_VERIFICATION__1,DEATH_VERIFICATION__1,2025搜索,2026搜索随机1w,1,7,9983,10000,0.01,0.07,0.06,0.001,0.135,True,共有
EVALUATION_OPINION_LOOKUP__1,EVALUATION_OPINION_LOOKUP__1,2025搜索,2026搜索随机1w,14,132,9983,10000,0.14,1.32,1.18,0.953,1.429,True,共有
EVALUATION_OPINION_LOOKUP__2,EVALUATION_OPINION_LOOKUP__2,2025搜索,2026搜索随机1w,0,13,9983,10000,0.0,0.13,0.13,0.064,0.222,True,b独有
FICTIONAL_PLOT_SETTING_LOOKUP__1,FICTIONAL_PLOT_SETTING_LOOKUP__1,2025搜索,2026搜索随机1w,65,220,9983,10000,0.651,2.2,1.549,1.226,1.886,True,共有
FICTIONAL_PLOT_SETTING_LOOKUP__2,FICTIONAL_PLOT_SETTING_LOOKUP__2,2025搜索,2026搜索随机1w,43,182,9983,10000,0.431,1.82,1.389,1.103,1.691,True,共有
HARD_REFUSE_ILLICIT_IMAGERY_REQUEST__1,HARD_REFUSE_ILLICIT_IMAGERY_REQUEST__1,2025搜索,2026搜索随机1w,1,5,9983,10000,0.01,0.05,0.04,-0.015,0.107,False,共有
OFFICIAL_DOCUMENT_RETRIEVAL__1,OFFICIAL_DOCUMENT_RETRIEVAL__1,2025搜索,2026搜索随机1w,0,8,9983,10000,0.0,0.08,0.08,0.025,0.158,True,b独有
OUT_OF_SCOPE_OR_UNPARSEABLE__1,OUT_OF_SCOPE_OR_UNPARSEABLE__1,2025搜索,2026搜索随机1w,907,1271,9983,10000,9.085,12.71,3.625,2.762,4.488,True,共有
OUT_OF_SCOPE_OR_UNPARSEABLE__2,OUT_OF_SCOPE_OR_UNPARSEABLE__2,2025搜索,2026搜索随机1w,142,78,9983,10000,1.422,0.78,-0.642,-0.938,-0.354,True,共有
PERSON_LIST_LOOKUP__1,PERSON_LIST_LOOKUP__1,2025搜索,2026搜索随机1w,77,443,9983,10000,0.771,4.43,3.659,3.228,4.107,True,共有
PERSON_LIST_LOOKUP__2,PERSON_LIST_LOOKUP__2,2025搜索,2026搜索随机1w,78,329,9983,10000,0.781,3.29,2.509,2.125,2.908,True,共有
PLATFORM_DIRECTED_TASK__1,PLATFORM_DIRECTED_TASK__1,2025搜索,2026搜索随机1w,9,8,9983,10000,0.09,0.08,-0.01,-0.1,0.079,False,共有
PLATFORM_DIRECTED_TASK__2,PLATFORM_DIRECTED_TASK__2,2025搜索,2026搜索随机1w,52,80,9983,10000,0.521,0.8,0.279,0.054,0.509,True,共有
PORTRAIT_IMAGE_REQUEST__1,PORTRAIT_IMAGE_REQUEST__1,2025搜索,2026搜索随机1w,0,19,9983,10000,0.0,0.19,0.19,0.112,0.297,True,b独有
PORTRAIT_IMAGE_REQUEST__2,PORTRAIT_IMAGE_REQUEST__2,2025搜索,2026搜索随机1w,16,68,9983,10000,0.16,0.68,0.52,0.345,0.711,True,共有
PORTRAIT_IMAGE_REQUEST__3,PORTRAIT_IMAGE_REQUEST__3,2025搜索,2026搜索随机1w,23,66,9983,10000,0.23,0.66,0.43,0.248,0.624,True,共有
PORTRAIT_IMAGE_REQUEST__4,PORTRAIT_IMAGE_REQUEST__4,2025搜索,2026搜索随机1w,47,56,9983,10000,0.471,0.56,0.089,-0.112,0.292,False,共有
POST_TENURE_AND_MOVE_RESOLUTION__1,POST_TENURE_AND_MOVE_RESOLUTION__1,2025搜索,2026搜索随机1w,108,64,9983,10000,1.082,0.64,-0.442,-0.704,-0.186,True,共有
POST_TENURE_AND_MOVE_RESOLUTION__2,POST_TENURE_AND_MOVE_RESOLUTION__2,2025搜索,2026搜索随机1w,36,220,9983,10000,0.361,2.2,1.839,1.536,2.162,True,共有
POST_TENURE_AND_MOVE_RESOLUTION__3,POST_TENURE_AND_MOVE_RESOLUTION__3,2025搜索,2026搜索随机1w,21,130,9983,10000,0.21,1.3,1.09,0.857,1.342,True,共有
POST_TENURE_AND_MOVE_RESOLUTION__4,POST_TENURE_AND_MOVE_RESOLUTION__4,2025搜索,2026搜索随机1w,177,132,9983,10000,1.773,1.32,-0.453,-0.799,-0.111,True,共有
POST_TENURE_AND_MOVE_RESOLUTION__5,POST_TENURE_AND_MOVE_RESOLUTION__5,2025搜索,2026搜索随机1w,5,104,9983,10000,0.05,1.04,0.99,0.797,1.21,True,共有
POST_TENURE_AND_MOVE_RESOLUTION__6,POST_TENURE_AND_MOVE_RESOLUTION__6,2025搜索,2026搜索随机1w,26,538,9983,10000,0.26,5.38,5.12,4.677,5.587,True,共有
PRIVATE_INDIVIDUAL_DATA_PROBE__1,PRIVATE_INDIVIDUAL_DATA_PROBE__1,2025搜索,2026搜索随机1w,1,83,9983,10000,0.01,0.83,0.82,0.653,1.018,True,共有
PRIVATE_INDIVIDUAL_DATA_PROBE__2,PRIVATE_INDIVIDUAL_DATA_PROBE__2,2025搜索,2026搜索随机1w,4,71,9983,10000,0.04,0.71,0.67,0.51,0.856,True,共有
RELATION_AND_FAMILY_LOOKUP__1,RELATION_AND_FAMILY_LOOKUP__1,2025搜索,2026搜索随机1w,14,49,9983,10000,0.14,0.49,0.35,0.197,0.517,True,共有
RELATION_AND_FAMILY_LOOKUP__2,RELATION_AND_FAMILY_LOOKUP__2,2025搜索,2026搜索随机1w,20,98,9983,10000,0.2,0.98,0.78,0.573,1.004,True,共有
RELATION_AND_FAMILY_LOOKUP__3,RELATION_AND_FAMILY_LOOKUP__3,2025搜索,2026搜索随机1w,57,112,9983,10000,0.571,1.12,0.549,0.297,0.81,True,共有
RELATION_AND_FAMILY_LOOKUP__4,RELATION_AND_FAMILY_LOOKUP__4,2025搜索,2026搜索随机1w,46,125,9983,10000,0.461,1.25,0.789,0.537,1.053,True,共有
RELATION_AND_FAMILY_LOOKUP__5,RELATION_AND_FAMILY_LOOKUP__5,2025搜索,2026搜索随机1w,29,158,9983,10000,0.29,1.58,1.29,1.03,1.568,True,共有
REVERSE_ENTITY_RESOLUTION__1,REVERSE_ENTITY_RESOLUTION__1,2025搜索,2026搜索随机1w,43,183,9983,10000,0.431,1.83,1.399,1.113,1.702,True,共有
REVERSE_ENTITY_RESOLUTION__2,REVERSE_ENTITY_RESOLUTION__2,2025搜索,2026搜索随机1w,37,59,9983,10000,0.371,0.59,0.219,0.027,0.418,True,共有
SINGLE_ATTRIBUTE_FACTOID__1,SINGLE_ATTRIBUTE_FACTOID__1,2025搜索,2026搜索随机1w,20,72,9983,10000,0.2,0.72,0.52,0.336,0.718,True,共有
SINGLE_ATTRIBUTE_FACTOID__2,SINGLE_ATTRIBUTE_FACTOID__2,2025搜索,2026搜索随机1w,18,101,9983,10000,0.18,1.01,0.83,0.623,1.055,True,共有
SINGLE_ATTRIBUTE_FACTOID__3,SINGLE_ATTRIBUTE_FACTOID__3,2025搜索,2026搜索随机1w,18,10,9983,10000,0.18,0.1,-0.08,-0.194,0.027,False,共有
SINGLE_ATTRIBUTE_FACTOID__4,SINGLE_ATTRIBUTE_FACTOID__4,2025搜索,2026搜索随机1w,32,127,9983,10000,0.321,1.27,0.949,0.709,1.206,True,共有
SINGLE_ATTRIBUTE_FACTOID__5,SINGLE_ATTRIBUTE_FACTOID__5,2025搜索,2026搜索随机1w,2,33,9983,10000,0.02,0.33,0.31,0.201,0.444,True,共有
SINGLE_ATTRIBUTE_FACTOID__6,SINGLE_ATTRIBUTE_FACTOID__6,2025搜索,2026搜索随机1w,24,56,9983,10000,0.24,0.56,0.32,0.146,0.504,True,共有
ADULT_SEXUALIZED_IMAGE_BROWSE__1,ADULT_SEXUALIZED_IMAGE_BROWSE__1,2025搜索,助手头部1k,16,5,9983,889,0.16,0.562,0.402,0.065,1.152,True,共有
BARE_NAME_DEFAULT_LOOKUP__1,BARE_NAME_DEFAULT_LOOKUP__1,2025搜索,助手头部1k,3063,231,9983,889,30.682,25.984,-4.698,-7.619,-1.584,True,共有
BARE_NAME_DEFAULT_LOOKUP__2,BARE_NAME_DEFAULT_LOOKUP__2,2025搜索,助手头部1k,1439,55,9983,889,14.415,6.187,-8.228,-9.797,-6.324,True,共有
BARE_NAME_DEFAULT_LOOKUP__3,BARE_NAME_DEFAULT_LOOKUP__3,2025搜索,助手头部1k,408,24,9983,889,4.087,2.7,-1.387,-2.356,-0.049,True,共有
BARE_NAME_DEFAULT_LOOKUP__4,BARE_NAME_DEFAULT_LOOKUP__4,2025搜索,助手头部1k,1458,147,9983,889,14.605,16.535,1.931,-0.473,4.603,False,共有
BARE_NAME_DEFAULT_LOOKUP__5,BARE_NAME_DEFAULT_LOOKUP__5,2025搜索,助手头部1k,266,13,9983,889,2.665,1.462,-1.202,-1.894,-0.136,True,共有
BIO_PROFILE_LOOKUP__1,BIO_PROFILE_LOOKUP__1,2025搜索,助手头部1k,179,16,9983,889,1.793,1.8,0.007,-0.737,1.137,False,共有
BIO_PROFILE_LOOKUP__2,BIO_PROFILE_LOOKUP__2,2025搜索,助手头部1k,288,6,9983,889,2.885,0.675,-2.21,-2.714,-1.361,True,共有
BIO_PROFILE_LOOKUP__3,BIO_PROFILE_LOOKUP__3,2025搜索,助手头部1k,3,0,9983,889,0.03,0.0,-0.03,-0.088,0.401,False,a独有
BIO_PROFILE_LOOKUP__4,BIO_PROFILE_LOOKUP__4,2025搜索,助手头部1k,543,23,9983,889,5.439,2.587,-2.852,-3.826,-1.517,True,共有
BIO_PROFILE_LOOKUP__5,BIO_PROFILE_LOOKUP__5,2025搜索,助手头部1k,76,4,9983,889,0.761,0.45,-0.311,-0.646,0.406,False,共有
BREAKING_NEWS_CONTEXTUALIZATION__1,BREAKING_NEWS_CONTEXTUALIZATION__1,2025搜索,助手头部1k,7,0,9983,889,0.07,0.0,-0.07,-0.145,0.362,False,a独有
CAUSAL_EXPLANATION__1,CAUSAL_EXPLANATION__1,2025搜索,助手头部1k,14,13,9983,889,0.14,1.462,1.322,0.709,2.347,True,共有
CURRENT_STATUS_TRACKING__1,CURRENT_STATUS_TRACKING__1,2025搜索,助手头部1k,10,2,9983,889,0.1,0.225,0.125,-0.059,0.718,False,共有
DEATH_VERIFICATION__1,DEATH_VERIFICATION__1,2025搜索,助手头部1k,1,0,9983,889,0.01,0.0,-0.01,-0.057,0.42,False,a独有
EVALUATION_OPINION_LOOKUP__1,EVALUATION_OPINION_LOOKUP__1,2025搜索,助手头部1k,14,30,9983,889,0.14,3.375,3.234,2.229,4.637,True,共有
FICTIONAL_PLOT_SETTING_LOOKUP__1,FICTIONAL_PLOT_SETTING_LOOKUP__1,2025搜索,助手头部1k,65,9,9983,889,0.651,1.012,0.361,-0.15,1.272,False,共有
FICTIONAL_PLOT_SETTING_LOOKUP__2,FICTIONAL_PLOT_SETTING_LOOKUP__2,2025搜索,助手头部1k,43,12,9983,889,0.431,1.35,0.919,0.324,1.92,True,共有
HARD_REFUSE_ILLICIT_IMAGERY_REQUEST__1,HARD_REFUSE_ILLICIT_IMAGERY_REQUEST__1,2025搜索,助手头部1k,1,1,9983,889,0.01,0.112,0.102,-0.001,0.624,False,共有
OUT_OF_SCOPE_OR_UNPARSEABLE__1,OUT_OF_SCOPE_OR_UNPARSEABLE__1,2025搜索,助手头部1k,907,145,9983,889,9.085,16.31,7.225,4.87,9.855,True,共有
OUT_OF_SCOPE_OR_UNPARSEABLE__2,OUT_OF_SCOPE_OR_UNPARSEABLE__2,2025搜索,助手头部1k,142,2,9983,889,1.422,0.225,-1.197,-1.497,-0.568,True,共有
PERSON_LIST_LOOKUP__1,PERSON_LIST_LOOKUP__1,2025搜索,助手头部1k,77,4,9983,889,0.771,0.45,-0.321,-0.656,0.396,False,共有
PERSON_LIST_LOOKUP__2,PERSON_LIST_LOOKUP__2,2025搜索,助手头部1k,78,13,9983,889,0.781,1.462,0.681,0.045,1.716,True,共有
PLATFORM_DIRECTED_TASK__1,PLATFORM_DIRECTED_TASK__1,2025搜索,助手头部1k,9,4,9983,889,0.09,0.45,0.36,0.073,1.062,True,共有
PLATFORM_DIRECTED_TASK__2,PLATFORM_DIRECTED_TASK__2,2025搜索,助手头部1k,52,3,9983,889,0.521,0.337,-0.183,-0.458,0.478,False,共有
PORTRAIT_IMAGE_REQUEST__2,PORTRAIT_IMAGE_REQUEST__2,2025搜索,助手头部1k,16,1,9983,889,0.16,0.112,-0.048,-0.184,0.478,False,共有
PORTRAIT_IMAGE_REQUEST__3,PORTRAIT_IMAGE_REQUEST__3,2025搜索,助手头部1k,23,0,9983,889,0.23,0.0,-0.23,-0.345,0.207,False,a独有
PORTRAIT_IMAGE_REQUEST__4,PORTRAIT_IMAGE_REQUEST__4,2025搜索,助手头部1k,47,1,9983,889,0.471,0.112,-0.358,-0.539,0.176,False,共有
POST_TENURE_AND_MOVE_RESOLUTION__1,POST_TENURE_AND_MOVE_RESOLUTION__1,2025搜索,助手头部1k,108,3,9983,889,1.082,0.337,-0.744,-1.059,-0.069,True,共有
POST_TENURE_AND_MOVE_RESOLUTION__2,POST_TENURE_AND_MOVE_RESOLUTION__2,2025搜索,助手头部1k,36,7,9983,889,0.361,0.787,0.427,-0.002,1.262,False,共有
POST_TENURE_AND_MOVE_RESOLUTION__3,POST_TENURE_AND_MOVE_RESOLUTION__3,2025搜索,助手头部1k,21,1,9983,889,0.21,0.112,-0.098,-0.242,0.429,False,共有
POST_TENURE_AND_MOVE_RESOLUTION__4,POST_TENURE_AND_MOVE_RESOLUTION__4,2025搜索,助手头部1k,177,5,9983,889,1.773,0.562,-1.211,-1.636,-0.425,True,共有
POST_TENURE_AND_MOVE_RESOLUTION__5,POST_TENURE_AND_MOVE_RESOLUTION__5,2025搜索,助手头部1k,5,0,9983,889,0.05,0.0,-0.05,-0.117,0.381,False,a独有
POST_TENURE_AND_MOVE_RESOLUTION__6,POST_TENURE_AND_MOVE_RESOLUTION__6,2025搜索,助手头部1k,26,2,9983,889,0.26,0.225,-0.035,-0.239,0.562,False,共有
PRIVATE_INDIVIDUAL_DATA_PROBE__1,PRIVATE_INDIVIDUAL_DATA_PROBE__1,2025搜索,助手头部1k,1,0,9983,889,0.01,0.0,-0.01,-0.057,0.42,False,a独有
PRIVATE_INDIVIDUAL_DATA_PROBE__2,PRIVATE_INDIVIDUAL_DATA_PROBE__2,2025搜索,助手头部1k,4,0,9983,889,0.04,0.0,-0.04,-0.103,0.391,False,a独有
RELATION_AND_FAMILY_LOOKUP__1,RELATION_AND_FAMILY_LOOKUP__1,2025搜索,助手头部1k,14,8,9983,889,0.14,0.9,0.76,0.306,1.627,True,共有
RELATION_AND_FAMILY_LOOKUP__2,RELATION_AND_FAMILY_LOOKUP__2,2025搜索,助手头部1k,20,10,9983,889,0.2,1.125,0.925,0.4,1.86,True,共有
RELATION_AND_FAMILY_LOOKUP__3,RELATION_AND_FAMILY_LOOKUP__3,2025搜索,助手头部1k,57,15,9983,889,0.571,1.687,1.116,0.433,2.202,True,共有
RELATION_AND_FAMILY_LOOKUP__4,RELATION_AND_FAMILY_LOOKUP__4,2025搜索,助手头部1k,46,3,9983,889,0.461,0.337,-0.123,-0.394,0.537,False,共有
RELATION_AND_FAMILY_LOOKUP__5,RELATION_AND_FAMILY_LOOKUP__5,2025搜索,助手头部1k,29,25,9983,889,0.29,2.812,2.522,1.613,3.831,True,共有
REVERSE_ENTITY_RESOLUTION__1,REVERSE_ENTITY_RESOLUTION__1,2025搜索,助手头部1k,43,18,9983,889,0.431,2.025,1.594,0.839,2.752,True,共有
REVERSE_ENTITY_RESOLUTION__2,REVERSE_ENTITY_RESOLUTION__2,2025搜索,助手头部1k,37,7,9983,889,0.371,0.787,0.417,-0.012,1.252,False,共有
SCANDAL_BLACK_MATERIAL_CONSUMPTION__1,SCANDAL_BLACK_MATERIAL_CONSUMPTION__1,2025搜索,助手头部1k,0,2,9983,889,0.0,0.225,0.225,0.057,0.817,True,b独有
SINGLE_ATTRIBUTE_FACTOID__1,SINGLE_ATTRIBUTE_FACTOID__1,2025搜索,助手头部1k,20,1,9983,889,0.2,0.112,-0.088,-0.231,0.439,False,共有
SINGLE_ATTRIBUTE_FACTOID__2,SINGLE_ATTRIBUTE_FACTOID__2,2025搜索,助手头部1k,18,6,9983,889,0.18,0.675,0.495,0.115,1.287,True,共有
SINGLE_ATTRIBUTE_FACTOID__3,SINGLE_ATTRIBUTE_FACTOID__3,2025搜索,助手头部1k,18,0,9983,889,0.18,0.0,-0.18,-0.285,0.255,False,a独有
SINGLE_ATTRIBUTE_FACTOID__4,SINGLE_ATTRIBUTE_FACTOID__4,2025搜索,助手头部1k,32,9,9983,889,0.321,1.012,0.692,0.195,1.597,True,共有
SINGLE_ATTRIBUTE_FACTOID__5,SINGLE_ATTRIBUTE_FACTOID__5,2025搜索,助手头部1k,2,3,9983,889,0.02,0.337,0.317,0.089,0.968,True,共有
SINGLE_ATTRIBUTE_FACTOID__6,SINGLE_ATTRIBUTE_FACTOID__6,2025搜索,助手头部1k,24,0,9983,889,0.24,0.0,-0.24,-0.357,0.197,False,a独有
ADULT_SEXUALIZED_IMAGE_BROWSE__1,ADULT_SEXUALIZED_IMAGE_BROWSE__1,2025搜索,助手随机1k,16,0,9983,950,0.16,0.0,-0.16,-0.26,0.247,False,a独有
BARE_NAME_DEFAULT_LOOKUP__1,BARE_NAME_DEFAULT_LOOKUP__1,2025搜索,助手随机1k,3063,22,9983,950,30.682,2.316,-28.366,-29.567,-26.895,True,共有
BARE_NAME_DEFAULT_LOOKUP__2,BARE_NAME_DEFAULT_LOOKUP__2,2025搜索,助手随机1k,1439,9,9983,950,14.415,0.947,-13.467,-14.301,-12.387,True,共有
BARE_NAME_DEFAULT_LOOKUP__3,BARE_NAME_DEFAULT_LOOKUP__3,2025搜索,助手随机1k,408,5,9983,950,4.087,0.526,-3.561,-4.067,-2.769,True,共有
BARE_NAME_DEFAULT_LOOKUP__4,BARE_NAME_DEFAULT_LOOKUP__4,2025搜索,助手随机1k,1458,22,9983,950,14.605,2.316,-12.289,-13.343,-10.94,True,共有
BARE_NAME_DEFAULT_LOOKUP__5,BARE_NAME_DEFAULT_LOOKUP__5,2025搜索,助手随机1k,266,38,9983,950,2.665,4.0,1.335,0.212,2.809,True,共有
BIO_PROFILE_LOOKUP__1,BIO_PROFILE_LOOKUP__1,2025搜索,助手随机1k,179,28,9983,950,1.793,2.947,1.154,0.212,2.456,True,共有
BIO_PROFILE_LOOKUP__2,BIO_PROFILE_LOOKUP__2,2025搜索,助手随机1k,288,18,9983,950,2.885,1.895,-0.99,-1.765,0.134,False,共有
BIO_PROFILE_LOOKUP__3,BIO_PROFILE_LOOKUP__3,2025搜索,助手随机1k,3,0,9983,950,0.03,0.0,-0.03,-0.088,0.373,False,a独有
BIO_PROFILE_LOOKUP__4,BIO_PROFILE_LOOKUP__4,2025搜索,助手随机1k,543,10,9983,950,5.439,1.053,-4.387,-5.053,-3.413,True,共有
BIO_PROFILE_LOOKUP__5,BIO_PROFILE_LOOKUP__5,2025搜索,助手随机1k,76,1,9983,950,0.761,0.105,-0.656,-0.865,-0.144,True,共有
BREAKING_NEWS_CONTEXTUALIZATION__1,BREAKING_NEWS_CONTEXTUALIZATION__1,2025搜索,助手随机1k,7,0,9983,950,0.07,0.0,-0.07,-0.145,0.334,False,a独有
CAUSAL_EXPLANATION__1,CAUSAL_EXPLANATION__1,2025搜索,助手随机1k,14,30,9983,950,0.14,3.158,3.018,2.076,4.333,True,共有
CURRENT_STATUS_TRACKING__1,CURRENT_STATUS_TRACKING__1,2025搜索,助手随机1k,10,12,9983,950,0.1,1.263,1.163,0.617,2.096,True,共有
DEATH_VERIFICATION__1,DEATH_VERIFICATION__1,2025搜索,助手随机1k,1,3,9983,950,0.01,0.316,0.306,0.092,0.914,True,共有
EVALUATION_OPINION_LOOKUP__1,EVALUATION_OPINION_LOOKUP__1,2025搜索,助手随机1k,14,57,9983,950,0.14,6.0,5.86,4.516,7.555,True,共有
EVALUATION_OPINION_LOOKUP__2,EVALUATION_OPINION_LOOKUP__2,2025搜索,助手随机1k,0,7,9983,950,0.0,0.737,0.737,0.355,1.513,True,b独有
FICTIONAL_PLOT_SETTING_LOOKUP__1,FICTIONAL_PLOT_SETTING_LOOKUP__1,2025搜索,助手随机1k,65,26,9983,950,0.651,2.737,2.086,1.205,3.337,True,共有
FICTIONAL_PLOT_SETTING_LOOKUP__2,FICTIONAL_PLOT_SETTING_LOOKUP__2,2025搜索,助手随机1k,43,24,9983,950,0.431,2.526,2.096,1.259,3.306,True,共有
HARD_REFUSE_ILLICIT_IMAGERY_REQUEST__1,HARD_REFUSE_ILLICIT_IMAGERY_REQUEST__1,2025搜索,助手随机1k,1,0,9983,950,0.01,0.0,-0.01,-0.057,0.393,False,a独有
OUT_OF_SCOPE_OR_UNPARSEABLE__1,OUT_OF_SCOPE_OR_UNPARSEABLE__1,2025搜索,助手随机1k,907,144,9983,950,9.085,15.158,6.072,3.856,8.554,True,共有
OUT_OF_SCOPE_OR_UNPARSEABLE__2,OUT_OF_SCOPE_OR_UNPARSEABLE__2,2025搜索,助手随机1k,142,3,9983,950,1.422,0.316,-1.107,-1.433,-0.461,True,共有
PERSON_LIST_LOOKUP__1,PERSON_LIST_LOOKUP__1,2025搜索,助手随机1k,77,32,9983,950,0.771,3.368,2.597,1.606,3.954,True,共有
PERSON_LIST_LOOKUP__2,PERSON_LIST_LOOKUP__2,2025搜索,助手随机1k,78,65,9983,950,0.781,6.842,6.061,4.61,7.853,True,共有
PLATFORM_DIRECTED_TASK__1,PLATFORM_DIRECTED_TASK__1,2025搜索,助手随机1k,9,0,9983,950,0.09,0.0,-0.09,-0.171,0.315,False,a独有
PLATFORM_DIRECTED_TASK__2,PLATFORM_DIRECTED_TASK__2,2025搜索,助手随机1k,52,6,9983,950,0.521,0.632,0.111,-0.267,0.86,False,共有
PORTRAIT_IMAGE_REQUEST__2,PORTRAIT_IMAGE_REQUEST__2,2025搜索,助手随机1k,16,4,9983,950,0.16,0.421,0.261,-0.015,0.92,False,共有
PORTRAIT_IMAGE_REQUEST__3,PORTRAIT_IMAGE_REQUEST__3,2025搜索,助手随机1k,23,6,9983,950,0.23,0.632,0.401,0.041,1.145,True,共有
PORTRAIT_IMAGE_REQUEST__4,PORTRAIT_IMAGE_REQUEST__4,2025搜索,助手随机1k,47,4,9983,950,0.471,0.421,-0.05,-0.35,0.617,False,共有
POST_TENURE_AND_MOVE_RESOLUTION__1,POST_TENURE_AND_MOVE_RESOLUTION__1,2025搜索,助手随机1k,108,1,9983,950,1.082,0.105,-0.977,-1.215,-0.454,True,共有
POST_TENURE_AND_MOVE_RESOLUTION__2,POST_TENURE_AND_MOVE_RESOLUTION__2,2025搜索,助手随机1k,36,90,9983,950,0.361,9.474,9.113,7.405,11.144,True,共有
POST_TENURE_AND_MOVE_RESOLUTION__3,POST_TENURE_AND_MOVE_RESOLUTION__3,2025搜索,助手随机1k,21,14,9983,950,0.21,1.474,1.263,0.659,2.251,True,共有
POST_TENURE_AND_MOVE_RESOLUTION__4,POST_TENURE_AND_MOVE_RESOLUTION__4,2025搜索,助手随机1k,177,3,9983,950,1.773,0.316,-1.457,-1.805,-0.803,True,共有
POST_TENURE_AND_MOVE_RESOLUTION__5,POST_TENURE_AND_MOVE_RESOLUTION__5,2025搜索,助手随机1k,5,14,9983,950,0.05,1.474,1.424,0.826,2.409,True,共有
POST_TENURE_AND_MOVE_RESOLUTION__6,POST_TENURE_AND_MOVE_RESOLUTION__6,2025搜索,助手随机1k,26,18,9983,950,0.26,1.895,1.634,0.931,2.718,True,共有
PRIVATE_INDIVIDUAL_DATA_PROBE__1,PRIVATE_INDIVIDUAL_DATA_PROBE__1,2025搜索,助手随机1k,1,17,9983,950,0.01,1.789,1.779,1.109,2.837,True,共有
PRIVATE_INDIVIDUAL_DATA_PROBE__2,PRIVATE_INDIVIDUAL_DATA_PROBE__2,2025搜索,助手随机1k,4,16,9983,950,0.04,1.684,1.644,0.996,2.678,True,共有
RELATION_AND_FAMILY_LOOKUP__1,RELATION_AND_FAMILY_LOOKUP__1,2025搜索,助手随机1k,14,5,9983,950,0.14,0.526,0.386,0.07,1.088,True,共有
RELATION_AND_FAMILY_LOOKUP__2,RELATION_AND_FAMILY_LOOKUP__2,2025搜索,助手随机1k,20,11,9983,950,0.2,1.158,0.958,0.436,1.864,True,共有
RELATION_AND_FAMILY_LOOKUP__3,RELATION_AND_FAMILY_LOOKUP__3,2025搜索,助手随机1k,57,13,9983,950,0.571,1.368,0.797,0.206,1.765,True,共有
RELATION_AND_FAMILY_LOOKUP__4,RELATION_AND_FAMILY_LOOKUP__4,2025搜索,助手随机1k,46,20,9983,950,0.461,2.105,1.644,0.89,2.774,True,共有
RELATION_AND_FAMILY_LOOKUP__5,RELATION_AND_FAMILY_LOOKUP__5,2025搜索,助手随机1k,29,48,9983,950,0.29,5.053,4.762,3.535,6.347,True,共有
REVERSE_ENTITY_RESOLUTION__1,REVERSE_ENTITY_RESOLUTION__1,2025搜索,助手随机1k,43,22,9983,950,0.431,2.316,1.885,1.089,3.056,True,共有
REVERSE_ENTITY_RESOLUTION__2,REVERSE_ENTITY_RESOLUTION__2,2025搜索,助手随机1k,37,12,9983,950,0.371,1.263,0.893,0.336,1.83,True,共有
SINGLE_ATTRIBUTE_FACTOID__1,SINGLE_ATTRIBUTE_FACTOID__1,2025搜索,助手随机1k,20,12,9983,950,0.2,1.263,1.063,0.513,1.997,True,共有
SINGLE_ATTRIBUTE_FACTOID__2,SINGLE_ATTRIBUTE_FACTOID__2,2025搜索,助手随机1k,18,20,9983,950,0.18,2.105,1.925,1.179,3.051,True,共有
SINGLE_ATTRIBUTE_FACTOID__3,SINGLE_ATTRIBUTE_FACTOID__3,2025搜索,助手随机1k,18,0,9983,950,0.18,0.0,-0.18,-0.285,0.228,False,a独有
SINGLE_ATTRIBUTE_FACTOID__4,SINGLE_ATTRIBUTE_FACTOID__4,2025搜索,助手随机1k,32,25,9983,950,0.321,2.632,2.311,1.458,3.539,True,共有
SINGLE_ATTRIBUTE_FACTOID__5,SINGLE_ATTRIBUTE_FACTOID__5,2025搜索,助手随机1k,2,9,9983,950,0.02,0.947,0.927,0.476,1.771,True,共有
SINGLE_ATTRIBUTE_FACTOID__6,SINGLE_ATTRIBUTE_FACTOID__6,2025搜索,助手随机1k,24,4,9983,950,0.24,0.421,0.181,-0.102,0.842,False,共有
ADULT_SEXUALIZED_IMAGE_BROWSE__1,ADULT_SEXUALIZED_IMAGE_BROWSE__1,2025搜索,助手语音头部1k,16,6,9983,999,0.16,0.601,0.44,0.1,1.147,True,共有
BARE_NAME_DEFAULT_LOOKUP__1,BARE_NAME_DEFAULT_LOOKUP__1,2025搜索,助手语音头部1k,3063,269,9983,999,30.682,26.927,-3.755,-6.566,-0.781,True,共有
BARE_NAME_DEFAULT_LOOKUP__2,BARE_NAME_DEFAULT_LOOKUP__2,2025搜索,助手语音头部1k,1439,182,9983,999,14.415,18.218,3.804,1.427,6.407,True,共有
BARE_NAME_DEFAULT_LOOKUP__3,BARE_NAME_DEFAULT_LOOKUP__3,2025搜索,助手语音头部1k,408,37,9983,999,4.087,3.704,-0.383,-1.467,1.026,False,共有
BARE_NAME_DEFAULT_LOOKUP__4,BARE_NAME_DEFAULT_LOOKUP__4,2025搜索,助手语音头部1k,1458,167,9983,999,14.605,16.717,2.112,-0.185,4.645,False,共有
BARE_NAME_DEFAULT_LOOKUP__5,BARE_NAME_DEFAULT_LOOKUP__5,2025搜索,助手语音头部1k,266,10,9983,999,2.665,1.001,-1.664,-2.229,-0.78,True,共有
BIO_PROFILE_LOOKUP__1,BIO_PROFILE_LOOKUP__1,2025搜索,助手语音头部1k,179,8,9983,999,1.793,0.801,-0.992,-1.476,-0.184,True,共有
BIO_PROFILE_LOOKUP__2,BIO_PROFILE_LOOKUP__2,2025搜索,助手语音头部1k,288,12,9983,999,2.885,1.201,-1.684,-2.303,-0.744,True,共有
BIO_PROFILE_LOOKUP__3,BIO_PROFILE_LOOKUP__3,2025搜索,助手语音头部1k,3,0,9983,999,0.03,0.0,-0.03,-0.088,0.354,False,a独有
BIO_PROFILE_LOOKUP__4,BIO_PROFILE_LOOKUP__4,2025搜索,助手语音头部1k,543,1,9983,999,5.439,0.1,-5.339,-5.809,-4.707,True,共有
BIO_PROFILE_LOOKUP__5,BIO_PROFILE_LOOKUP__5,2025搜索,助手语音头部1k,76,0,9983,999,0.761,0.0,-0.761,-0.952,-0.349,True,a独有
BREAKING_NEWS_CONTEXTUALIZATION__1,BREAKING_NEWS_CONTEXTUALIZATION__1,2025搜索,助手语音头部1k,7,0,9983,999,0.07,0.0,-0.07,-0.145,0.315,False,a独有
CAUSAL_EXPLANATION__1,CAUSAL_EXPLANATION__1,2025搜索,助手语音头部1k,14,0,9983,999,0.14,0.0,-0.14,-0.235,0.247,False,a独有
CURRENT_STATUS_TRACKING__1,CURRENT_STATUS_TRACKING__1,2025搜索,助手语音头部1k,10,0,9983,999,0.1,0.0,-0.1,-0.184,0.286,False,a独有
DEATH_VERIFICATION__1,DEATH_VERIFICATION__1,2025搜索,助手语音头部1k,1,0,9983,999,0.01,0.0,-0.01,-0.057,0.373,False,a独有
EVALUATION_OPINION_LOOKUP__1,EVALUATION_OPINION_LOOKUP__1,2025搜索,助手语音头部1k,14,5,9983,999,0.14,0.501,0.36,0.058,1.028,True,共有
EVALUATION_OPINION_LOOKUP__2,EVALUATION_OPINION_LOOKUP__2,2025搜索,助手语音头部1k,0,2,9983,999,0.0,0.2,0.2,0.05,0.727,True,b独有
FICTIONAL_PLOT_SETTING_LOOKUP__1,FICTIONAL_PLOT_SETTING_LOOKUP__1,2025搜索,助手语音头部1k,65,4,9983,999,0.651,0.4,-0.251,-0.553,0.389,False,共有
FICTIONAL_PLOT_SETTING_LOOKUP__2,FICTIONAL_PLOT_SETTING_LOOKUP__2,2025搜索,助手语音头部1k,43,4,9983,999,0.431,0.4,-0.03,-0.317,0.604,False,共有
HARD_REFUSE_ILLICIT_IMAGERY_REQUEST__1,HARD_REFUSE_ILLICIT_IMAGERY_REQUEST__1,2025搜索,助手语音头部1k,1,1,9983,999,0.01,0.1,0.09,-0.005,0.555,False,共有
OFFICIAL_DOCUMENT_RETRIEVAL__1,OFFICIAL_DOCUMENT_RETRIEVAL__1,2025搜索,助手语音头部1k,0,1,9983,999,0.0,0.1,0.1,0.009,0.565,True,b独有
OUT_OF_SCOPE_OR_UNPARSEABLE__1,OUT_OF_SCOPE_OR_UNPARSEABLE__1,2025搜索,助手语音头部1k,907,193,9983,999,9.085,19.319,10.234,7.834,12.856,True,共有
OUT_OF_SCOPE_OR_UNPARSEABLE__2,OUT_OF_SCOPE_OR_UNPARSEABLE__2,2025搜索,助手语音头部1k,142,17,9983,999,1.422,1.702,0.279,-0.405,1.308,False,共有
PERSON_LIST_LOOKUP__1,PERSON_LIST_LOOKUP__1,2025搜索,助手语音头部1k,77,2,9983,999,0.771,0.2,-0.571,-0.812,-0.022,True,共有
PERSON_LIST_LOOKUP__2,PERSON_LIST_LOOKUP__2,2025搜索,助手语音头部1k,78,14,9983,999,0.781,1.401,0.62,0.023,1.57,True,共有
PLATFORM_DIRECTED_TASK__1,PLATFORM_DIRECTED_TASK__1,2025搜索,助手语音头部1k,9,0,9983,999,0.09,0.0,-0.09,-0.171,0.295,False,a独有
PLATFORM_DIRECTED_TASK__2,PLATFORM_DIRECTED_TASK__2,2025搜索,助手语音头部1k,52,1,9983,999,0.521,0.1,-0.421,-0.602,0.06,False,共有
PORTRAIT_IMAGE_REQUEST__2,PORTRAIT_IMAGE_REQUEST__2,2025搜索,助手语音头部1k,16,0,9983,999,0.16,0.0,-0.16,-0.26,0.228,False,a独有
PORTRAIT_IMAGE_REQUEST__3,PORTRAIT_IMAGE_REQUEST__3,2025搜索,助手语音头部1k,23,4,9983,999,0.23,0.4,0.17,-0.1,0.799,False,共有
PORTRAIT_IMAGE_REQUEST__4,PORTRAIT_IMAGE_REQUEST__4,2025搜索,助手语音头部1k,47,0,9983,999,0.471,0.0,-0.471,-0.625,-0.07,True,a独有
POST_TENURE_AND_MOVE_RESOLUTION__1,POST_TENURE_AND_MOVE_RESOLUTION__1,2025搜索,助手语音头部1k,108,11,9983,999,1.082,1.101,0.019,-0.515,0.899,False,共有
POST_TENURE_AND_MOVE_RESOLUTION__2,POST_TENURE_AND_MOVE_RESOLUTION__2,2025搜索,助手语音头部1k,36,2,9983,999,0.361,0.2,-0.16,-0.361,0.376,False,共有
POST_TENURE_AND_MOVE_RESOLUTION__3,POST_TENURE_AND_MOVE_RESOLUTION__3,2025搜索,助手语音头部1k,21,0,9983,999,0.21,0.0,-0.21,-0.321,0.18,False,a独有
POST_TENURE_AND_MOVE_RESOLUTION__4,POST_TENURE_AND_MOVE_RESOLUTION__4,2025搜索,助手语音头部1k,177,4,9983,999,1.773,0.4,-1.373,-1.743,-0.703,True,共有
POST_TENURE_AND_MOVE_RESOLUTION__5,POST_TENURE_AND_MOVE_RESOLUTION__5,2025搜索,助手语音头部1k,5,0,9983,999,0.05,0.0,-0.05,-0.117,0.334,False,a独有
POST_TENURE_AND_MOVE_RESOLUTION__6,POST_TENURE_AND_MOVE_RESOLUTION__6,2025搜索,助手语音头部1k,26,2,9983,999,0.26,0.2,-0.06,-0.249,0.473,False,共有
PRIVATE_INDIVIDUAL_DATA_PROBE__1,PRIVATE_INDIVIDUAL_DATA_PROBE__1,2025搜索,助手语音头部1k,1,2,9983,999,0.01,0.2,0.19,0.038,0.717,True,共有
PRIVATE_INDIVIDUAL_DATA_PROBE__2,PRIVATE_INDIVIDUAL_DATA_PROBE__2,2025搜索,助手语音头部1k,4,0,9983,999,0.04,0.0,-0.04,-0.103,0.344,False,a独有
RELATION_AND_FAMILY_LOOKUP__1,RELATION_AND_FAMILY_LOOKUP__1,2025搜索,助手语音头部1k,14,0,9983,999,0.14,0.0,-0.14,-0.235,0.247,False,a独有
RELATION_AND_FAMILY_LOOKUP__2,RELATION_AND_FAMILY_LOOKUP__2,2025搜索,助手语音头部1k,20,0,9983,999,0.2,0.0,-0.2,-0.309,0.189,False,a独有
RELATION_AND_FAMILY_LOOKUP__3,RELATION_AND_FAMILY_LOOKUP__3,2025搜索,助手语音头部1k,57,0,9983,999,0.571,0.0,-0.571,-0.739,-0.166,True,a独有
RELATION_AND_FAMILY_LOOKUP__4,RELATION_AND_FAMILY_LOOKUP__4,2025搜索,助手语音头部1k,46,3,9983,999,0.461,0.3,-0.16,-0.411,0.43,False,共有
RELATION_AND_FAMILY_LOOKUP__5,RELATION_AND_FAMILY_LOOKUP__5,2025搜索,助手语音头部1k,29,0,9983,999,0.29,0.0,-0.29,-0.417,0.103,False,a独有
REVERSE_ENTITY_RESOLUTION__1,REVERSE_ENTITY_RESOLUTION__1,2025搜索,助手语音头部1k,43,9,9983,999,0.431,0.901,0.47,0.019,1.28,True,共有
REVERSE_ENTITY_RESOLUTION__2,REVERSE_ENTITY_RESOLUTION__2,2025搜索,助手语音头部1k,37,7,9983,999,0.371,0.701,0.33,-0.057,1.076,False,共有
SINGLE_ATTRIBUTE_FACTOID__1,SINGLE_ATTRIBUTE_FACTOID__1,2025搜索,助手语音头部1k,20,2,9983,999,0.2,0.2,-0.0,-0.182,0.531,False,共有
SINGLE_ATTRIBUTE_FACTOID__2,SINGLE_ATTRIBUTE_FACTOID__2,2025搜索,助手语音头部1k,18,2,9983,999,0.18,0.2,0.02,-0.159,0.551,False,共有
SINGLE_ATTRIBUTE_FACTOID__3,SINGLE_ATTRIBUTE_FACTOID__3,2025搜索,助手语音头部1k,18,10,9983,999,0.18,1.001,0.821,0.352,1.655,True,共有
SINGLE_ATTRIBUTE_FACTOID__4,SINGLE_ATTRIBUTE_FACTOID__4,2025搜索,助手语音头部1k,32,2,9983,999,0.321,0.2,-0.12,-0.316,0.415,False,共有
SINGLE_ATTRIBUTE_FACTOID__5,SINGLE_ATTRIBUTE_FACTOID__5,2025搜索,助手语音头部1k,2,0,9983,999,0.02,0.0,-0.02,-0.073,0.363,False,a独有
SINGLE_ATTRIBUTE_FACTOID__6,SINGLE_ATTRIBUTE_FACTOID__6,2025搜索,助手语音头部1k,24,3,9983,999,0.24,0.3,0.06,-0.17,0.644,False,共有
ADULT_SEXUALIZED_IMAGE_BROWSE__1,ADULT_SEXUALIZED_IMAGE_BROWSE__1,2025搜索,助手语音随机1k,16,0,9983,1000,0.16,0.0,-0.16,-0.26,0.227,False,a独有
BARE_NAME_DEFAULT_LOOKUP__1,BARE_NAME_DEFAULT_LOOKUP__1,2025搜索,助手语音随机1k,3063,75,9983,1000,30.682,7.5,-23.182,-24.916,-21.171,True,共有
BARE_NAME_DEFAULT_LOOKUP__2,BARE_NAME_DEFAULT_LOOKUP__2,2025搜索,助手语音随机1k,1439,52,9983,1000,14.415,5.2,-9.215,-10.616,-7.519,True,共有
BARE_NAME_DEFAULT_LOOKUP__3,BARE_NAME_DEFAULT_LOOKUP__3,2025搜索,助手语音随机1k,408,19,9983,1000,4.087,1.9,-2.187,-2.979,-1.075,True,共有
BARE_NAME_DEFAULT_LOOKUP__4,BARE_NAME_DEFAULT_LOOKUP__4,2025搜索,助手语音随机1k,1458,63,9983,1000,14.605,6.3,-8.305,-9.824,-6.493,True,共有
BARE_NAME_DEFAULT_LOOKUP__5,BARE_NAME_DEFAULT_LOOKUP__5,2025搜索,助手语音随机1k,266,76,9983,1000,2.665,7.6,4.935,3.413,6.769,True,共有
BIO_PROFILE_LOOKUP__1,BIO_PROFILE_LOOKUP__1,2025搜索,助手语音随机1k,179,9,9983,1000,1.793,0.9,-0.893,-1.402,-0.056,True,共有
BIO_PROFILE_LOOKUP__2,BIO_PROFILE_LOOKUP__2,2025搜索,助手语音随机1k,288,31,9983,1000,2.885,3.1,0.215,-0.757,1.519,False,共有
BIO_PROFILE_LOOKUP__3,BIO_PROFILE_LOOKUP__3,2025搜索,助手语音随机1k,3,0,9983,1000,0.03,0.0,-0.03,-0.088,0.353,False,a独有
BIO_PROFILE_LOOKUP__4,BIO_PROFILE_LOOKUP__4,2025搜索,助手语音随机1k,543,8,9983,1000,5.439,0.8,-4.639,-5.247,-3.758,True,共有
BIO_PROFILE_LOOKUP__5,BIO_PROFILE_LOOKUP__5,2025搜索,助手语音随机1k,76,0,9983,1000,0.761,0.0,-0.761,-0.952,-0.349,True,a独有
BREAKING_NEWS_CONTEXTUALIZATION__1,BREAKING_NEWS_CONTEXTUALIZATION__1,2025搜索,助手语音随机1k,7,0,9983,1000,0.07,0.0,-0.07,-0.145,0.314,False,a独有
CAUSAL_EXPLANATION__1,CAUSAL_EXPLANATION__1,2025搜索,助手语音随机1k,14,13,9983,1000,0.14,1.3,1.16,0.613,2.073,True,共有
CURRENT_STATUS_TRACKING__1,CURRENT_STATUS_TRACKING__1,2025搜索,助手语音随机1k,10,0,9983,1000,0.1,0.0,-0.1,-0.184,0.285,False,a独有
DEATH_VERIFICATION__1,DEATH_VERIFICATION__1,2025搜索,助手语音随机1k,1,1,9983,1000,0.01,0.1,0.09,-0.005,0.554,False,共有
EVALUATION_OPINION_LOOKUP__1,EVALUATION_OPINION_LOOKUP__1,2025搜索,助手语音随机1k,14,24,9983,1000,0.14,2.4,2.26,1.472,3.407,True,共有
EVALUATION_OPINION_LOOKUP__2,EVALUATION_OPINION_LOOKUP__2,2025搜索,助手语音随机1k,0,4,9983,1000,0.0,0.4,0.4,0.153,1.024,True,b独有
FICTIONAL_PLOT_SETTING_LOOKUP__1,FICTIONAL_PLOT_SETTING_LOOKUP__1,2025搜索,助手语音随机1k,65,31,9983,1000,0.651,3.1,2.449,1.524,3.723,True,共有
FICTIONAL_PLOT_SETTING_LOOKUP__2,FICTIONAL_PLOT_SETTING_LOOKUP__2,2025搜索,助手语音随机1k,43,43,9983,1000,0.431,4.3,3.869,2.767,5.315,True,共有
HARD_REFUSE_ILLICIT_IMAGERY_REQUEST__1,HARD_REFUSE_ILLICIT_IMAGERY_REQUEST__1,2025搜索,助手语音随机1k,1,3,9983,1000,0.01,0.3,0.29,0.087,0.868,True,共有
OFFICIAL_DOCUMENT_RETRIEVAL__1,OFFICIAL_DOCUMENT_RETRIEVAL__1,2025搜索,助手语音随机1k,0,2,9983,1000,0.0,0.2,0.2,0.05,0.726,True,b独有
OUT_OF_SCOPE_OR_UNPARSEABLE__1,OUT_OF_SCOPE_OR_UNPARSEABLE__1,2025搜索,助手语音随机1k,907,168,9983,1000,9.085,16.8,7.715,5.45,10.219,True,共有
OUT_OF_SCOPE_OR_UNPARSEABLE__2,OUT_OF_SCOPE_OR_UNPARSEABLE__2,2025搜索,助手语音随机1k,142,6,9983,1000,1.422,0.6,-0.822,-1.233,-0.088,True,共有
PERSON_LIST_LOOKUP__1,PERSON_LIST_LOOKUP__1,2025搜索,助手语音随机1k,77,23,9983,1000,0.771,2.3,1.529,0.742,2.667,True,共有
PERSON_LIST_LOOKUP__2,PERSON_LIST_LOOKUP__2,2025搜索,助手语音随机1k,78,37,9983,1000,0.781,3.7,2.919,1.896,4.286,True,共有
PLATFORM_DIRECTED_TASK__1,PLATFORM_DIRECTED_TASK__1,2025搜索,助手语音随机1k,9,0,9983,1000,0.09,0.0,-0.09,-0.171,0.295,False,a独有
PLATFORM_DIRECTED_TASK__2,PLATFORM_DIRECTED_TASK__2,2025搜索,助手语音随机1k,52,1,9983,1000,0.521,0.1,-0.421,-0.602,0.059,False,共有
PORTRAIT_IMAGE_REQUEST__2,PORTRAIT_IMAGE_REQUEST__2,2025搜索,助手语音随机1k,16,7,9983,1000,0.16,0.7,0.54,0.166,1.28,True,共有
PORTRAIT_IMAGE_REQUEST__3,PORTRAIT_IMAGE_REQUEST__3,2025搜索,助手语音随机1k,23,7,9983,1000,0.23,0.7,0.47,0.091,1.211,True,共有
PORTRAIT_IMAGE_REQUEST__4,PORTRAIT_IMAGE_REQUEST__4,2025搜索,助手语音随机1k,47,2,9983,1000,0.471,0.2,-0.271,-0.483,0.268,False,共有
POST_TENURE_AND_MOVE_RESOLUTION__1,POST_TENURE_AND_MOVE_RESOLUTION__1,2025搜索,助手语音随机1k,108,11,9983,1000,1.082,1.1,0.018,-0.515,0.897,False,共有
POST_TENURE_AND_MOVE_RESOLUTION__2,POST_TENURE_AND_MOVE_RESOLUTION__2,2025搜索,助手语音随机1k,36,29,9983,1000,0.361,2.9,2.539,1.655,3.777,True,共有
POST_TENURE_AND_MOVE_RESOLUTION__3,POST_TENURE_AND_MOVE_RESOLUTION__3,2025搜索,助手语音随机1k,21,6,9983,1000,0.21,0.6,0.39,0.046,1.096,True,共有
POST_TENURE_AND_MOVE_RESOLUTION__4,POST_TENURE_AND_MOVE_RESOLUTION__4,2025搜索,助手语音随机1k,177,10,9983,1000,1.773,1.0,-0.773,-1.307,0.092,False,共有
POST_TENURE_AND_MOVE_RESOLUTION__5,POST_TENURE_AND_MOVE_RESOLUTION__5,2025搜索,助手语音随机1k,5,8,9983,1000,0.05,0.8,0.75,0.35,1.521,True,共有
POST_TENURE_AND_MOVE_RESOLUTION__6,POST_TENURE_AND_MOVE_RESOLUTION__6,2025搜索,助手语音随机1k,26,36,9983,1000,0.26,3.6,3.34,2.344,4.686,True,共有
PRIVATE_INDIVIDUAL_DATA_PROBE__1,PRIVATE_INDIVIDUAL_DATA_PROBE__1,2025搜索,助手语音随机1k,1,4,9983,1000,0.01,0.4,0.39,0.141,1.014,True,共有
PRIVATE_INDIVIDUAL_DATA_PROBE__2,PRIVATE_INDIVIDUAL_DATA_PROBE__2,2025搜索,助手语音随机1k,4,4,9983,1000,0.04,0.4,0.36,0.108,0.984,True,共有
RELATION_AND_FAMILY_LOOKUP__1,RELATION_AND_FAMILY_LOOKUP__1,2025搜索,助手语音随机1k,14,3,9983,1000,0.14,0.3,0.16,-0.06,0.741,False,共有
RELATION_AND_FAMILY_LOOKUP__2,RELATION_AND_FAMILY_LOOKUP__2,2025搜索,助手语音随机1k,20,5,9983,1000,0.2,0.5,0.3,-0.007,0.968,False,共有
RELATION_AND_FAMILY_LOOKUP__3,RELATION_AND_FAMILY_LOOKUP__3,2025搜索,助手语音随机1k,57,21,9983,1000,0.571,2.1,1.529,0.787,2.626,True,共有
RELATION_AND_FAMILY_LOOKUP__4,RELATION_AND_FAMILY_LOOKUP__4,2025搜索,助手语音随机1k,46,23,9983,1000,0.461,2.3,1.839,1.061,2.973,True,共有
RELATION_AND_FAMILY_LOOKUP__5,RELATION_AND_FAMILY_LOOKUP__5,2025搜索,助手语音随机1k,29,19,9983,1000,0.29,1.9,1.61,0.918,2.662,True,共有
REVERSE_ENTITY_RESOLUTION__1,REVERSE_ENTITY_RESOLUTION__1,2025搜索,助手语音随机1k,43,39,9983,1000,0.431,3.9,3.469,2.424,4.861,True,共有
REVERSE_ENTITY_RESOLUTION__2,REVERSE_ENTITY_RESOLUTION__2,2025搜索,助手语音随机1k,37,10,9983,1000,0.371,1.0,0.629,0.152,1.467,True,共有
SINGLE_ATTRIBUTE_FACTOID__1,SINGLE_ATTRIBUTE_FACTOID__1,2025搜索,助手语音随机1k,20,13,9983,1000,0.2,1.3,1.1,0.55,2.014,True,共有
SINGLE_ATTRIBUTE_FACTOID__2,SINGLE_ATTRIBUTE_FACTOID__2,2025搜索,助手语音随机1k,18,17,9983,1000,0.18,1.7,1.52,0.875,2.527,True,共有
SINGLE_ATTRIBUTE_FACTOID__3,SINGLE_ATTRIBUTE_FACTOID__3,2025搜索,助手语音随机1k,18,2,9983,1000,0.18,0.2,0.02,-0.159,0.55,False,共有
SINGLE_ATTRIBUTE_FACTOID__4,SINGLE_ATTRIBUTE_FACTOID__4,2025搜索,助手语音随机1k,32,21,9983,1000,0.321,2.1,1.779,1.045,2.872,True,共有
SINGLE_ATTRIBUTE_FACTOID__5,SINGLE_ATTRIBUTE_FACTOID__5,2025搜索,助手语音随机1k,2,4,9983,1000,0.02,0.4,0.38,0.13,1.004,True,共有
SINGLE_ATTRIBUTE_FACTOID__6,SINGLE_ATTRIBUTE_FACTOID__6,2025搜索,助手语音随机1k,24,10,9983,1000,0.24,1.0,0.76,0.289,1.594,True,共有
ADULT_SEXUALIZED_IMAGE_BROWSE__1,ADULT_SEXUALIZED_IMAGE_BROWSE__1,2025搜索随机1w,2026搜索,9,10,9999,9982,0.09,0.1,0.01,-0.083,0.105,False,共有
BARE_NAME_DEFAULT_LOOKUP__1,BARE_NAME_DEFAULT_LOOKUP__1,2025搜索随机1w,2026搜索,727,2262,9999,9982,7.271,22.661,15.39,14.424,16.357,True,共有
BARE_NAME_DEFAULT_LOOKUP__2,BARE_NAME_DEFAULT_LOOKUP__2,2025搜索随机1w,2026搜索,377,932,9999,9982,3.77,9.337,5.566,4.887,6.252,True,共有
BARE_NAME_DEFAULT_LOOKUP__3,BARE_NAME_DEFAULT_LOOKUP__3,2025搜索随机1w,2026搜索,123,290,9999,9982,1.23,2.905,1.675,1.284,2.076,True,共有
BARE_NAME_DEFAULT_LOOKUP__4,BARE_NAME_DEFAULT_LOOKUP__4,2025搜索随机1w,2026搜索,417,1089,9999,9982,4.17,10.91,6.739,6.015,7.469,True,共有
BARE_NAME_DEFAULT_LOOKUP__5,BARE_NAME_DEFAULT_LOOKUP__5,2025搜索随机1w,2026搜索,1550,242,9999,9982,15.502,2.424,-13.077,-13.854,-12.311,True,共有
BIO_PROFILE_LOOKUP__1,BIO_PROFILE_LOOKUP__1,2025搜索随机1w,2026搜索,310,394,9999,9982,3.1,3.947,0.847,0.336,1.36,True,共有
BIO_PROFILE_LOOKUP__2,BIO_PROFILE_LOOKUP__2,2025搜索随机1w,2026搜索,513,579,9999,9982,5.131,5.8,0.67,0.039,1.302,True,共有
BIO_PROFILE_LOOKUP__3,BIO_PROFILE_LOOKUP__3,2025搜索随机1w,2026搜索,3,361,9999,9982,0.03,3.617,3.587,3.233,3.971,True,共有
BIO_PROFILE_LOOKUP__4,BIO_PROFILE_LOOKUP__4,2025搜索随机1w,2026搜索,265,1061,9999,9982,2.65,10.629,7.979,7.302,8.666,True,共有
BIO_PROFILE_LOOKUP__5,BIO_PROFILE_LOOKUP__5,2025搜索随机1w,2026搜索,29,325,9999,9982,0.29,3.256,2.966,2.612,3.343,True,共有
BREAKING_NEWS_CONTEXTUALIZATION__1,BREAKING_NEWS_CONTEXTUALIZATION__1,2025搜索随机1w,2026搜索,4,1,9999,9982,0.04,0.01,-0.03,-0.093,0.023,False,共有
CAUSAL_EXPLANATION__1,CAUSAL_EXPLANATION__1,2025搜索随机1w,2026搜索,99,5,9999,9982,0.99,0.05,-0.94,-1.156,-0.752,True,共有
CURRENT_STATUS_TRACKING__1,CURRENT_STATUS_TRACKING__1,2025搜索随机1w,2026搜索,12,5,9999,9982,0.12,0.05,-0.07,-0.164,0.015,False,共有
DEATH_VERIFICATION__1,DEATH_VERIFICATION__1,2025搜索随机1w,2026搜索,3,0,9999,9982,0.03,0.0,-0.03,-0.088,0.013,False,a独有
EVALUATION_OPINION_LOOKUP__1,EVALUATION_OPINION_LOOKUP__1,2025搜索随机1w,2026搜索,124,9,9999,9982,1.24,0.09,-1.15,-1.39,-0.935,True,共有
EVALUATION_OPINION_LOOKUP__2,EVALUATION_OPINION_LOOKUP__2,2025搜索随机1w,2026搜索,39,0,9999,9982,0.39,0.0,-0.39,-0.533,-0.279,True,a独有
FICTIONAL_PLOT_SETTING_LOOKUP__1,FICTIONAL_PLOT_SETTING_LOOKUP__1,2025搜索随机1w,2026搜索,270,30,9999,9982,2.7,0.301,-2.4,-2.748,-2.073,True,共有
FICTIONAL_PLOT_SETTING_LOOKUP__2,FICTIONAL_PLOT_SETTING_LOOKUP__2,2025搜索随机1w,2026搜索,267,14,9999,9982,2.67,0.14,-2.53,-2.869,-2.217,True,共有
HARD_REFUSE_ILLICIT_IMAGERY_REQUEST__1,HARD_REFUSE_ILLICIT_IMAGERY_REQUEST__1,2025搜索随机1w,2026搜索,4,3,9999,9982,0.04,0.03,-0.01,-0.076,0.053,False,共有
OFFICIAL_DOCUMENT_RETRIEVAL__1,OFFICIAL_DOCUMENT_RETRIEVAL__1,2025搜索随机1w,2026搜索,1,9,9999,9982,0.01,0.09,0.08,0.017,0.162,True,共有
OUT_OF_SCOPE_OR_UNPARSEABLE__1,OUT_OF_SCOPE_OR_UNPARSEABLE__1,2025搜索随机1w,2026搜索,1298,635,9999,9982,12.981,6.361,-6.62,-7.436,-5.807,True,共有
OUT_OF_SCOPE_OR_UNPARSEABLE__2,OUT_OF_SCOPE_OR_UNPARSEABLE__2,2025搜索随机1w,2026搜索,76,59,9999,9982,0.76,0.591,-0.169,-0.401,0.06,False,共有
PERSON_LIST_LOOKUP__1,PERSON_LIST_LOOKUP__1,2025搜索随机1w,2026搜索,424,74,9999,9982,4.24,0.741,-3.499,-3.938,-3.077,True,共有
PERSON_LIST_LOOKUP__2,PERSON_LIST_LOOKUP__2,2025搜索随机1w,2026搜索,299,146,9999,9982,2.99,1.463,-1.528,-1.942,-1.122,True,共有
PLATFORM_DIRECTED_TASK__1,PLATFORM_DIRECTED_TASK__1,2025搜索随机1w,2026搜索,4,359,9999,9982,0.04,3.596,3.556,3.203,3.941,True,共有
PLATFORM_DIRECTED_TASK__2,PLATFORM_DIRECTED_TASK__2,2025搜索随机1w,2026搜索,65,502,9999,9982,0.65,5.029,4.379,3.931,4.847,True,共有
PORTRAIT_IMAGE_REQUEST__1,PORTRAIT_IMAGE_REQUEST__1,2025搜索随机1w,2026搜索,40,0,9999,9982,0.4,0.0,-0.4,-0.544,-0.287,True,a独有
PORTRAIT_IMAGE_REQUEST__2,PORTRAIT_IMAGE_REQUEST__2,2025搜索随机1w,2026搜索,76,11,9999,9982,0.76,0.11,-0.65,-0.846,-0.474,True,共有
PORTRAIT_IMAGE_REQUEST__3,PORTRAIT_IMAGE_REQUEST__3,2025搜索随机1w,2026搜索,66,22,9999,9982,0.66,0.22,-0.44,-0.633,-0.259,True,共有
PORTRAIT_IMAGE_REQUEST__4,PORTRAIT_IMAGE_REQUEST__4,2025搜索随机1w,2026搜索,59,30,9999,9982,0.59,0.301,-0.29,-0.482,-0.105,True,共有
POST_TENURE_AND_MOVE_RESOLUTION__1,POST_TENURE_AND_MOVE_RESOLUTION__1,2025搜索随机1w,2026搜索,60,78,9999,9982,0.6,0.781,0.181,-0.05,0.416,False,共有
POST_TENURE_AND_MOVE_RESOLUTION__2,POST_TENURE_AND_MOVE_RESOLUTION__2,2025搜索随机1w,2026搜索,245,21,9999,9982,2.45,0.21,-2.24,-2.57,-1.934,True,共有
POST_TENURE_AND_MOVE_RESOLUTION__3,POST_TENURE_AND_MOVE_RESOLUTION__3,2025搜索随机1w,2026搜索,121,5,9999,9982,1.21,0.05,-1.16,-1.396,-0.953,True,共有
POST_TENURE_AND_MOVE_RESOLUTION__4,POST_TENURE_AND_MOVE_RESOLUTION__4,2025搜索随机1w,2026搜索,92,79,9999,9982,0.92,0.791,-0.129,-0.388,0.129,False,共有
POST_TENURE_AND_MOVE_RESOLUTION__5,POST_TENURE_AND_MOVE_RESOLUTION__5,2025搜索随机1w,2026搜索,101,7,9999,9982,1.01,0.07,-0.94,-1.159,-0.747,True,共有
POST_TENURE_AND_MOVE_RESOLUTION__6,POST_TENURE_AND_MOVE_RESOLUTION__6,2025搜索随机1w,2026搜索,429,7,9999,9982,4.29,0.07,-4.22,-4.637,-3.833,True,共有
PRIVATE_INDIVIDUAL_DATA_PROBE__1,PRIVATE_INDIVIDUAL_DATA_PROBE__1,2025搜索随机1w,2026搜索,81,1,9999,9982,0.81,0.01,-0.8,-0.996,-0.636,True,共有
PRIVATE_INDIVIDUAL_DATA_PROBE__2,PRIVATE_INDIVIDUAL_DATA_PROBE__2,2025搜索随机1w,2026搜索,65,0,9999,9982,0.65,0.0,-0.65,-0.828,-0.505,True,a独有
RELATION_AND_FAMILY_LOOKUP__1,RELATION_AND_FAMILY_LOOKUP__1,2025搜索随机1w,2026搜索,42,33,9999,9982,0.42,0.331,-0.089,-0.265,0.083,False,共有
RELATION_AND_FAMILY_LOOKUP__2,RELATION_AND_FAMILY_LOOKUP__2,2025搜索随机1w,2026搜索,98,11,9999,9982,0.98,0.11,-0.87,-1.088,-0.674,True,共有
RELATION_AND_FAMILY_LOOKUP__3,RELATION_AND_FAMILY_LOOKUP__3,2025搜索随机1w,2026搜索,170,22,9999,9982,1.7,0.22,-1.48,-1.762,-1.219,True,共有
RELATION_AND_FAMILY_LOOKUP__4,RELATION_AND_FAMILY_LOOKUP__4,2025搜索随机1w,2026搜索,142,21,9999,9982,1.42,0.21,-1.21,-1.471,-0.969,True,共有
RELATION_AND_FAMILY_LOOKUP__5,RELATION_AND_FAMILY_LOOKUP__5,2025搜索随机1w,2026搜索,150,8,9999,9982,1.5,0.08,-1.42,-1.681,-1.186,True,共有
REVERSE_ENTITY_RESOLUTION__1,REVERSE_ENTITY_RESOLUTION__1,2025搜索随机1w,2026搜索,203,34,9999,9982,2.03,0.341,-1.69,-2.0,-1.398,True,共有
REVERSE_ENTITY_RESOLUTION__2,REVERSE_ENTITY_RESOLUTION__2,2025搜索随机1w,2026搜索,87,19,9999,9982,0.87,0.19,-0.68,-0.893,-0.484,True,共有
SCANDAL_BLACK_MATERIAL_CONSUMPTION__1,SCANDAL_BLACK_MATERIAL_CONSUMPTION__1,2025搜索随机1w,2026搜索,2,0,9999,9982,0.02,0.0,-0.02,-0.073,0.021,False,a独有
SINGLE_ATTRIBUTE_FACTOID__1,SINGLE_ATTRIBUTE_FACTOID__1,2025搜索随机1w,2026搜索,71,29,9999,9982,0.71,0.291,-0.42,-0.624,-0.226,True,共有
SINGLE_ATTRIBUTE_FACTOID__2,SINGLE_ATTRIBUTE_FACTOID__2,2025搜索随机1w,2026搜索,84,13,9999,9982,0.84,0.13,-0.71,-0.916,-0.524,True,共有
SINGLE_ATTRIBUTE_FACTOID__3,SINGLE_ATTRIBUTE_FACTOID__3,2025搜索随机1w,2026搜索,5,43,9999,9982,0.05,0.431,0.381,0.251,0.532,True,共有
SINGLE_ATTRIBUTE_FACTOID__4,SINGLE_ATTRIBUTE_FACTOID__4,2025搜索随机1w,2026搜索,132,18,9999,9982,1.32,0.18,-1.14,-1.392,-0.909,True,共有
SINGLE_ATTRIBUTE_FACTOID__5,SINGLE_ATTRIBUTE_FACTOID__5,2025搜索随机1w,2026搜索,26,13,9999,9982,0.26,0.13,-0.13,-0.262,-0.006,True,共有
SINGLE_ATTRIBUTE_FACTOID__6,SINGLE_ATTRIBUTE_FACTOID__6,2025搜索随机1w,2026搜索,40,61,9999,9982,0.4,0.611,0.211,0.014,0.414,True,共有
ADULT_SEXUALIZED_IMAGE_BROWSE__1,ADULT_SEXUALIZED_IMAGE_BROWSE__1,2025搜索随机1w,2026搜索随机1w,9,11,9999,10000,0.09,0.11,0.02,-0.074,0.117,False,共有
BARE_NAME_DEFAULT_LOOKUP__1,BARE_NAME_DEFAULT_LOOKUP__1,2025搜索随机1w,2026搜索随机1w,727,591,9999,10000,7.271,5.91,-1.361,-2.05,-0.673,True,共有
BARE_NAME_DEFAULT_LOOKUP__2,BARE_NAME_DEFAULT_LOOKUP__2,2025搜索随机1w,2026搜索随机1w,377,330,9999,10000,3.77,3.3,-0.47,-0.984,0.042,False,共有
BARE_NAME_DEFAULT_LOOKUP__3,BARE_NAME_DEFAULT_LOOKUP__3,2025搜索随机1w,2026搜索随机1w,123,127,9999,10000,1.23,1.27,0.04,-0.27,0.35,False,共有
BARE_NAME_DEFAULT_LOOKUP__4,BARE_NAME_DEFAULT_LOOKUP__4,2025搜索随机1w,2026搜索随机1w,417,410,9999,10000,4.17,4.1,-0.07,-0.623,0.482,False,共有
BARE_NAME_DEFAULT_LOOKUP__5,BARE_NAME_DEFAULT_LOOKUP__5,2025搜索随机1w,2026搜索随机1w,1550,1812,9999,10000,15.502,18.12,2.618,1.582,3.654,True,共有
BIO_PROFILE_LOOKUP__1,BIO_PROFILE_LOOKUP__1,2025搜索随机1w,2026搜索随机1w,310,272,9999,10000,3.1,2.72,-0.38,-0.848,0.086,False,共有
BIO_PROFILE_LOOKUP__2,BIO_PROFILE_LOOKUP__2,2025搜索随机1w,2026搜索随机1w,513,613,9999,10000,5.131,6.13,0.999,0.361,1.64,True,共有
BIO_PROFILE_LOOKUP__3,BIO_PROFILE_LOOKUP__3,2025搜索随机1w,2026搜索随机1w,3,3,9999,10000,0.03,0.03,-0.0,-0.061,0.061,False,共有
BIO_PROFILE_LOOKUP__4,BIO_PROFILE_LOOKUP__4,2025搜索随机1w,2026搜索随机1w,265,205,9999,10000,2.65,2.05,-0.6,-1.023,-0.18,True,共有
BIO_PROFILE_LOOKUP__5,BIO_PROFILE_LOOKUP__5,2025搜索随机1w,2026搜索随机1w,29,17,9999,10000,0.29,0.17,-0.12,-0.261,0.015,False,共有
BREAKING_NEWS_CONTEXTUALIZATION__1,BREAKING_NEWS_CONTEXTUALIZATION__1,2025搜索随机1w,2026搜索随机1w,4,0,9999,10000,0.04,0.0,-0.04,-0.103,0.006,False,a独有
CAUSAL_EXPLANATION__1,CAUSAL_EXPLANATION__1,2025搜索随机1w,2026搜索随机1w,99,83,9999,10000,0.99,0.83,-0.16,-0.427,0.105,False,共有
CURRENT_STATUS_TRACKING__1,CURRENT_STATUS_TRACKING__1,2025搜索随机1w,2026搜索随机1w,12,16,9999,10000,0.12,0.16,0.04,-0.069,0.152,False,共有
DEATH_VERIFICATION__1,DEATH_VERIFICATION__1,2025搜索随机1w,2026搜索随机1w,3,7,9999,10000,0.03,0.07,0.04,-0.028,0.117,False,共有
EVALUATION_OPINION_LOOKUP__1,EVALUATION_OPINION_LOOKUP__1,2025搜索随机1w,2026搜索随机1w,124,132,9999,10000,1.24,1.32,0.08,-0.234,0.394,False,共有
EVALUATION_OPINION_LOOKUP__2,EVALUATION_OPINION_LOOKUP__2,2025搜索随机1w,2026搜索随机1w,39,13,9999,10000,0.39,0.13,-0.26,-0.413,-0.121,True,共有
FICTIONAL_PLOT_SETTING_LOOKUP__1,FICTIONAL_PLOT_SETTING_LOOKUP__1,2025搜索随机1w,2026搜索随机1w,270,220,9999,10000,2.7,2.2,-0.5,-0.931,-0.071,True,共有
FICTIONAL_PLOT_SETTING_LOOKUP__2,FICTIONAL_PLOT_SETTING_LOOKUP__2,2025搜索随机1w,2026搜索随机1w,267,182,9999,10000,2.67,1.82,-0.85,-1.264,-0.44,True,共有
HARD_REFUSE_ILLICIT_IMAGERY_REQUEST__1,HARD_REFUSE_ILLICIT_IMAGERY_REQUEST__1,2025搜索随机1w,2026搜索随机1w,4,5,9999,10000,0.04,0.05,0.01,-0.059,0.081,False,共有
OFFICIAL_DOCUMENT_RETRIEVAL__1,OFFICIAL_DOCUMENT_RETRIEVAL__1,2025搜索随机1w,2026搜索随机1w,1,8,9999,10000,0.01,0.08,0.07,0.009,0.148,True,共有
OUT_OF_SCOPE_OR_UNPARSEABLE__1,OUT_OF_SCOPE_OR_UNPARSEABLE__1,2025搜索随机1w,2026搜索随机1w,1298,1271,9999,10000,12.981,12.71,-0.271,-1.199,0.656,False,共有
OUT_OF_SCOPE_OR_UNPARSEABLE__2,OUT_OF_SCOPE_OR_UNPARSEABLE__2,2025搜索随机1w,2026搜索随机1w,76,78,9999,10000,0.76,0.78,0.02,-0.225,0.265,False,共有
PERSON_LIST_LOOKUP__1,PERSON_LIST_LOOKUP__1,2025搜索随机1w,2026搜索随机1w,424,443,9999,10000,4.24,4.43,0.19,-0.376,0.755,False,共有
PERSON_LIST_LOOKUP__2,PERSON_LIST_LOOKUP__2,2025搜索随机1w,2026搜索随机1w,299,329,9999,10000,2.99,3.29,0.3,-0.184,0.785,False,共有
PLATFORM_DIRECTED_TASK__1,PLATFORM_DIRECTED_TASK__1,2025搜索随机1w,2026搜索随机1w,4,8,9999,10000,0.04,0.08,0.04,-0.034,0.122,False,共有
PLATFORM_DIRECTED_TASK__2,PLATFORM_DIRECTED_TASK__2,2025搜索随机1w,2026搜索随机1w,65,80,9999,10000,0.65,0.8,0.15,-0.087,0.389,False,共有
PORTRAIT_IMAGE_REQUEST__1,PORTRAIT_IMAGE_REQUEST__1,2025搜索随机1w,2026搜索随机1w,40,19,9999,10000,0.4,0.19,-0.21,-0.37,-0.06,True,共有
PORTRAIT_IMAGE_REQUEST__2,PORTRAIT_IMAGE_REQUEST__2,2025搜索随机1w,2026搜索随机1w,76,68,9999,10000,0.76,0.68,-0.08,-0.318,0.157,False,共有
PORTRAIT_IMAGE_REQUEST__3,PORTRAIT_IMAGE_REQUEST__3,2025搜索随机1w,2026搜索随机1w,66,66,9999,10000,0.66,0.66,-0.0,-0.228,0.228,False,共有
PORTRAIT_IMAGE_REQUEST__4,PORTRAIT_IMAGE_REQUEST__4,2025搜索随机1w,2026搜索随机1w,59,56,9999,10000,0.59,0.56,-0.03,-0.243,0.183,False,共有
POST_TENURE_AND_MOVE_RESOLUTION__1,POST_TENURE_AND_MOVE_RESOLUTION__1,2025搜索随机1w,2026搜索随机1w,60,64,9999,10000,0.6,0.64,0.04,-0.18,0.261,False,共有
POST_TENURE_AND_MOVE_RESOLUTION__2,POST_TENURE_AND_MOVE_RESOLUTION__2,2025搜索随机1w,2026搜索随机1w,245,220,9999,10000,2.45,2.2,-0.25,-0.67,0.168,False,共有
POST_TENURE_AND_MOVE_RESOLUTION__3,POST_TENURE_AND_MOVE_RESOLUTION__3,2025搜索随机1w,2026搜索随机1w,121,130,9999,10000,1.21,1.3,0.09,-0.22,0.401,False,共有
POST_TENURE_AND_MOVE_RESOLUTION__4,POST_TENURE_AND_MOVE_RESOLUTION__4,2025搜索随机1w,2026搜索随机1w,92,132,9999,10000,0.92,1.32,0.4,0.108,0.696,True,共有
POST_TENURE_AND_MOVE_RESOLUTION__5,POST_TENURE_AND_MOVE_RESOLUTION__5,2025搜索随机1w,2026搜索随机1w,101,104,9999,10000,1.01,1.04,0.03,-0.252,0.312,False,共有
POST_TENURE_AND_MOVE_RESOLUTION__6,POST_TENURE_AND_MOVE_RESOLUTION__6,2025搜索随机1w,2026搜索随机1w,429,538,9999,10000,4.29,5.38,1.09,0.495,1.686,True,共有
PRIVATE_INDIVIDUAL_DATA_PROBE__1,PRIVATE_INDIVIDUAL_DATA_PROBE__1,2025搜索随机1w,2026搜索随机1w,81,83,9999,10000,0.81,0.83,0.02,-0.233,0.273,False,共有
PRIVATE_INDIVIDUAL_DATA_PROBE__2,PRIVATE_INDIVIDUAL_DATA_PROBE__2,2025搜索随机1w,2026搜索随机1w,65,71,9999,10000,0.65,0.71,0.06,-0.17,0.291,False,共有
RELATION_AND_FAMILY_LOOKUP__1,RELATION_AND_FAMILY_LOOKUP__1,2025搜索随机1w,2026搜索随机1w,42,49,9999,10000,0.42,0.49,0.07,-0.119,0.261,False,共有
RELATION_AND_FAMILY_LOOKUP__2,RELATION_AND_FAMILY_LOOKUP__2,2025搜索随机1w,2026搜索随机1w,98,98,9999,10000,0.98,0.98,-0.0,-0.276,0.275,False,共有
RELATION_AND_FAMILY_LOOKUP__3,RELATION_AND_FAMILY_LOOKUP__3,2025搜索随机1w,2026搜索随机1w,170,112,9999,10000,1.7,1.12,-0.58,-0.911,-0.254,True,共有
RELATION_AND_FAMILY_LOOKUP__4,RELATION_AND_FAMILY_LOOKUP__4,2025搜索随机1w,2026搜索随机1w,142,125,9999,10000,1.42,1.25,-0.17,-0.491,0.149,False,共有
RELATION_AND_FAMILY_LOOKUP__5,RELATION_AND_FAMILY_LOOKUP__5,2025搜索随机1w,2026搜索随机1w,150,158,9999,10000,1.5,1.58,0.08,-0.263,0.423,False,共有
REVERSE_ENTITY_RESOLUTION__1,REVERSE_ENTITY_RESOLUTION__1,2025搜索随机1w,2026搜索随机1w,203,183,9999,10000,2.03,1.83,-0.2,-0.584,0.182,False,共有
REVERSE_ENTITY_RESOLUTION__2,REVERSE_ENTITY_RESOLUTION__2,2025搜索随机1w,2026搜索随机1w,87,59,9999,10000,0.87,0.59,-0.28,-0.521,-0.044,True,共有
SCANDAL_BLACK_MATERIAL_CONSUMPTION__1,SCANDAL_BLACK_MATERIAL_CONSUMPTION__1,2025搜索随机1w,2026搜索随机1w,2,0,9999,10000,0.02,0.0,-0.02,-0.073,0.021,False,a独有
SINGLE_ATTRIBUTE_FACTOID__1,SINGLE_ATTRIBUTE_FACTOID__1,2025搜索随机1w,2026搜索随机1w,71,72,9999,10000,0.71,0.72,0.01,-0.227,0.247,False,共有
SINGLE_ATTRIBUTE_FACTOID__2,SINGLE_ATTRIBUTE_FACTOID__2,2025搜索随机1w,2026搜索随机1w,84,101,9999,10000,0.84,1.01,0.17,-0.097,0.439,False,共有
SINGLE_ATTRIBUTE_FACTOID__3,SINGLE_ATTRIBUTE_FACTOID__3,2025搜索随机1w,2026搜索随机1w,5,10,9999,10000,0.05,0.1,0.05,-0.031,0.139,False,共有
SINGLE_ATTRIBUTE_FACTOID__4,SINGLE_ATTRIBUTE_FACTOID__4,2025搜索随机1w,2026搜索随机1w,132,127,9999,10000,1.32,1.27,-0.05,-0.366,0.265,False,共有
SINGLE_ATTRIBUTE_FACTOID__5,SINGLE_ATTRIBUTE_FACTOID__5,2025搜索随机1w,2026搜索随机1w,26,33,9999,10000,0.26,0.33,0.07,-0.084,0.227,False,共有
SINGLE_ATTRIBUTE_FACTOID__6,SINGLE_ATTRIBUTE_FACTOID__6,2025搜索随机1w,2026搜索随机1w,40,56,9999,10000,0.4,0.56,0.16,-0.033,0.357,False,共有
ADULT_SEXUALIZED_IMAGE_BROWSE__1,ADULT_SEXUALIZED_IMAGE_BROWSE__1,2025搜索随机1w,助手头部1k,9,5,9999,889,0.09,0.562,0.472,0.14,1.221,True,共有
BARE_NAME_DEFAULT_LOOKUP__1,BARE_NAME_DEFAULT_LOOKUP__1,2025搜索随机1w,助手头部1k,727,231,9999,889,7.271,25.984,18.714,15.889,21.736,True,共有
BARE_NAME_DEFAULT_LOOKUP__2,BARE_NAME_DEFAULT_LOOKUP__2,2025搜索随机1w,助手头部1k,377,55,9999,889,3.77,6.187,2.416,0.96,4.232,True,共有
BARE_NAME_DEFAULT_LOOKUP__3,BARE_NAME_DEFAULT_LOOKUP__3,2025搜索随机1w,助手头部1k,123,24,9999,889,1.23,2.7,1.47,0.56,2.771,True,共有
BARE_NAME_DEFAULT_LOOKUP__4,BARE_NAME_DEFAULT_LOOKUP__4,2025搜索随机1w,助手头部1k,417,147,9999,889,4.17,16.535,12.365,10.032,14.977,True,共有
BARE_NAME_DEFAULT_LOOKUP__5,BARE_NAME_DEFAULT_LOOKUP__5,2025搜索随机1w,助手头部1k,1550,13,9999,889,15.502,1.462,-14.039,-14.982,-12.801,True,共有
BIO_PROFILE_LOOKUP__1,BIO_PROFILE_LOOKUP__1,2025搜索随机1w,助手头部1k,310,16,9999,889,3.1,1.8,-1.301,-2.077,-0.151,True,共有
BIO_PROFILE_LOOKUP__2,BIO_PROFILE_LOOKUP__2,2025搜索随机1w,助手头部1k,513,6,9999,889,5.131,0.675,-4.456,-5.035,-3.563,True,共有
BIO_PROFILE_LOOKUP__3,BIO_PROFILE_LOOKUP__3,2025搜索随机1w,助手头部1k,3,0,9999,889,0.03,0.0,-0.03,-0.088,0.401,False,a独有
BIO_PROFILE_LOOKUP__4,BIO_PROFILE_LOOKUP__4,2025搜索随机1w,助手头部1k,265,23,9999,889,2.65,2.587,-0.063,-0.983,1.236,False,共有
BIO_PROFILE_LOOKUP__5,BIO_PROFILE_LOOKUP__5,2025搜索随机1w,助手头部1k,29,4,9999,889,0.29,0.45,0.16,-0.143,0.867,False,共有
BREAKING_NEWS_CONTEXTUALIZATION__1,BREAKING_NEWS_CONTEXTUALIZATION__1,2025搜索随机1w,助手头部1k,4,0,9999,889,0.04,0.0,-0.04,-0.103,0.391,False,a独有
CAUSAL_EXPLANATION__1,CAUSAL_EXPLANATION__1,2025搜索随机1w,助手头部1k,99,13,9999,889,0.99,1.462,0.472,-0.17,1.511,False,共有
CURRENT_STATUS_TRACKING__1,CURRENT_STATUS_TRACKING__1,2025搜索随机1w,助手头部1k,12,2,9999,889,0.12,0.225,0.105,-0.081,0.699,False,共有
DEATH_VERIFICATION__1,DEATH_VERIFICATION__1,2025搜索随机1w,助手头部1k,3,0,9999,889,0.03,0.0,-0.03,-0.088,0.401,False,a独有
EVALUATION_OPINION_LOOKUP__1,EVALUATION_OPINION_LOOKUP__1,2025搜索随机1w,助手头部1k,124,30,9999,889,1.24,3.375,2.134,1.106,3.55,True,共有
EVALUATION_OPINION_LOOKUP__2,EVALUATION_OPINION_LOOKUP__2,2025搜索随机1w,助手头部1k,39,0,9999,889,0.39,0.0,-0.39,-0.533,0.053,False,a独有
FICTIONAL_PLOT_SETTING_LOOKUP__1,FICTIONAL_PLOT_SETTING_LOOKUP__1,2025搜索随机1w,助手头部1k,270,9,9999,889,2.7,1.012,-1.688,-2.273,-0.739,True,共有
FICTIONAL_PLOT_SETTING_LOOKUP__2,FICTIONAL_PLOT_SETTING_LOOKUP__2,2025搜索随机1w,助手头部1k,267,12,9999,889,2.67,1.35,-1.32,-1.987,-0.282,True,共有
HARD_REFUSE_ILLICIT_IMAGERY_REQUEST__1,HARD_REFUSE_ILLICIT_IMAGERY_REQUEST__1,2025搜索随机1w,助手头部1k,4,1,9999,889,0.04,0.112,0.072,-0.039,0.595,False,共有
OFFICIAL_DOCUMENT_RETRIEVAL__1,OFFICIAL_DOCUMENT_RETRIEVAL__1,2025搜索随机1w,助手头部1k,1,0,9999,889,0.01,0.0,-0.01,-0.057,0.42,False,a独有
OUT_OF_SCOPE_OR_UNPARSEABLE__1,OUT_OF_SCOPE_OR_UNPARSEABLE__1,2025搜索随机1w,助手头部1k,1298,145,9999,889,12.981,16.31,3.329,0.949,5.981,True,共有
OUT_OF_SCOPE_OR_UNPARSEABLE__2,OUT_OF_SCOPE_OR_UNPARSEABLE__2,2025搜索随机1w,助手头部1k,76,2,9999,889,0.76,0.225,-0.535,-0.786,0.076,False,共有
PERSON_LIST_LOOKUP__1,PERSON_LIST_LOOKUP__1,2025搜索随机1w,助手头部1k,424,4,9999,889,4.24,0.45,-3.79,-4.286,-2.994,True,共有
PERSON_LIST_LOOKUP__2,PERSON_LIST_LOOKUP__2,2025搜索随机1w,助手头部1k,299,13,9999,889,2.99,1.462,-1.528,-2.229,-0.457,True,共有
PLATFORM_DIRECTED_TASK__1,PLATFORM_DIRECTED_TASK__1,2025搜索随机1w,助手头部1k,4,4,9999,889,0.04,0.45,0.41,0.128,1.112,True,共有
PLATFORM_DIRECTED_TASK__2,PLATFORM_DIRECTED_TASK__2,2025搜索随机1w,助手头部1k,65,3,9999,889,0.65,0.337,-0.313,-0.597,0.352,False,共有
PORTRAIT_IMAGE_REQUEST__1,PORTRAIT_IMAGE_REQUEST__1,2025搜索随机1w,助手头部1k,40,0,9999,889,0.4,0.0,-0.4,-0.544,0.043,False,a独有
PORTRAIT_IMAGE_REQUEST__2,PORTRAIT_IMAGE_REQUEST__2,2025搜索随机1w,助手头部1k,76,1,9999,889,0.76,0.112,-0.648,-0.859,-0.104,True,共有
PORTRAIT_IMAGE_REQUEST__3,PORTRAIT_IMAGE_REQUEST__3,2025搜索随机1w,助手头部1k,66,0,9999,889,0.66,0.0,-0.66,-0.839,-0.207,True,a独有
PORTRAIT_IMAGE_REQUEST__4,PORTRAIT_IMAGE_REQUEST__4,2025搜索随机1w,助手头部1k,59,1,9999,889,0.59,0.112,-0.478,-0.671,0.061,False,共有
POST_TENURE_AND_MOVE_RESOLUTION__1,POST_TENURE_AND_MOVE_RESOLUTION__1,2025搜索随机1w,助手头部1k,60,3,9999,889,0.6,0.337,-0.263,-0.544,0.401,False,共有
POST_TENURE_AND_MOVE_RESOLUTION__2,POST_TENURE_AND_MOVE_RESOLUTION__2,2025搜索随机1w,助手头部1k,245,7,9999,889,2.45,0.787,-1.663,-2.18,-0.786,True,共有
POST_TENURE_AND_MOVE_RESOLUTION__3,POST_TENURE_AND_MOVE_RESOLUTION__3,2025搜索随机1w,助手头部1k,121,1,9999,889,1.21,0.112,-1.098,-1.349,-0.54,True,共有
POST_TENURE_AND_MOVE_RESOLUTION__4,POST_TENURE_AND_MOVE_RESOLUTION__4,2025搜索随机1w,助手头部1k,92,5,9999,889,0.92,0.562,-0.358,-0.74,0.409,False,共有
POST_TENURE_AND_MOVE_RESOLUTION__5,POST_TENURE_AND_MOVE_RESOLUTION__5,2025搜索随机1w,助手头部1k,101,0,9999,889,1.01,0.0,-1.01,-1.226,-0.544,True,a独有
POST_TENURE_AND_MOVE_RESOLUTION__6,POST_TENURE_AND_MOVE_RESOLUTION__6,2025搜索随机1w,助手头部1k,429,2,9999,889,4.29,0.225,-4.065,-4.511,-3.362,True,共有
PRIVATE_INDIVIDUAL_DATA_PROBE__1,PRIVATE_INDIVIDUAL_DATA_PROBE__1,2025搜索随机1w,助手头部1k,81,0,9999,889,0.81,0.0,-0.81,-1.006,-0.352,True,a独有
PRIVATE_INDIVIDUAL_DATA_PROBE__2,PRIVATE_INDIVIDUAL_DATA_PROBE__2,2025搜索随机1w,助手头部1k,65,0,9999,889,0.65,0.0,-0.65,-0.828,-0.198,True,a独有
RELATION_AND_FAMILY_LOOKUP__1,RELATION_AND_FAMILY_LOOKUP__1,2025搜索随机1w,助手头部1k,42,8,9999,889,0.42,0.9,0.48,0.013,1.352,True,共有
RELATION_AND_FAMILY_LOOKUP__2,RELATION_AND_FAMILY_LOOKUP__2,2025搜索随机1w,助手头部1k,98,10,9999,889,0.98,1.125,0.145,-0.41,1.094,False,共有
RELATION_AND_FAMILY_LOOKUP__3,RELATION_AND_FAMILY_LOOKUP__3,2025搜索随机1w,助手头部1k,170,15,9999,889,1.7,1.687,-0.013,-0.729,1.09,False,共有
RELATION_AND_FAMILY_LOOKUP__4,RELATION_AND_FAMILY_LOOKUP__4,2025搜索随机1w,助手头部1k,142,3,9999,889,1.42,0.337,-1.083,-1.418,-0.398,True,共有
RELATION_AND_FAMILY_LOOKUP__5,RELATION_AND_FAMILY_LOOKUP__5,2025搜索随机1w,助手头部1k,150,25,9999,889,1.5,2.812,1.312,0.376,2.637,True,共有
REVERSE_ENTITY_RESOLUTION__1,REVERSE_ENTITY_RESOLUTION__1,2025搜索随机1w,助手头部1k,203,18,9999,889,2.03,2.025,-0.005,-0.802,1.176,False,共有
REVERSE_ENTITY_RESOLUTION__2,REVERSE_ENTITY_RESOLUTION__2,2025搜索随机1w,助手头部1k,87,7,9999,889,0.87,0.787,-0.083,-0.536,0.762,False,共有
SCANDAL_BLACK_MATERIAL_CONSUMPTION__1,SCANDAL_BLACK_MATERIAL_CONSUMPTION__1,2025搜索随机1w,助手头部1k,2,2,9999,889,0.02,0.225,0.205,0.033,0.797,True,共有
SINGLE_ATTRIBUTE_FACTOID__1,SINGLE_ATTRIBUTE_FACTOID__1,2025搜索随机1w,助手头部1k,71,1,9999,889,0.71,0.112,-0.598,-0.804,-0.055,True,共有
SINGLE_ATTRIBUTE_FACTOID__2,SINGLE_ATTRIBUTE_FACTOID__2,2025搜索随机1w,助手头部1k,84,6,9999,889,0.84,0.675,-0.165,-0.581,0.641,False,共有
SINGLE_ATTRIBUTE_FACTOID__3,SINGLE_ATTRIBUTE_FACTOID__3,2025搜索随机1w,助手头部1k,5,0,9999,889,0.05,0.0,-0.05,-0.117,0.381,False,a独有
SINGLE_ATTRIBUTE_FACTOID__4,SINGLE_ATTRIBUTE_FACTOID__4,2025搜索随机1w,助手头部1k,132,9,9999,889,1.32,1.012,-0.308,-0.845,0.616,False,共有
SINGLE_ATTRIBUTE_FACTOID__5,SINGLE_ATTRIBUTE_FACTOID__5,2025搜索随机1w,助手头部1k,26,3,9999,889,0.26,0.337,0.077,-0.176,0.733,False,共有
SINGLE_ATTRIBUTE_FACTOID__6,SINGLE_ATTRIBUTE_FACTOID__6,2025搜索随机1w,助手头部1k,40,0,9999,889,0.4,0.0,-0.4,-0.544,0.043,False,a独有
ADULT_SEXUALIZED_IMAGE_BROWSE__1,ADULT_SEXUALIZED_IMAGE_BROWSE__1,2025搜索随机1w,助手随机1k,9,0,9999,950,0.09,0.0,-0.09,-0.171,0.315,False,a独有
BARE_NAME_DEFAULT_LOOKUP__1,BARE_NAME_DEFAULT_LOOKUP__1,2025搜索随机1w,助手随机1k,727,22,9999,950,7.271,2.316,-4.955,-5.897,-3.689,True,共有
BARE_NAME_DEFAULT_LOOKUP__2,BARE_NAME_DEFAULT_LOOKUP__2,2025搜索随机1w,助手随机1k,377,9,9999,950,3.77,0.947,-2.823,-3.418,-1.908,True,共有
BARE_NAME_DEFAULT_LOOKUP__3,BARE_NAME_DEFAULT_LOOKUP__3,2025搜索随机1w,助手随机1k,123,5,9999,950,1.23,0.526,-0.704,-1.086,0.023,False,共有
BARE_NAME_DEFAULT_LOOKUP__4,BARE_NAME_DEFAULT_LOOKUP__4,2025搜索随机1w,助手随机1k,417,22,9999,950,4.17,2.316,-1.855,-2.737,-0.63,True,共有
BARE_NAME_DEFAULT_LOOKUP__5,BARE_NAME_DEFAULT_LOOKUP__5,2025搜索随机1w,助手随机1k,1550,38,9999,950,15.502,4.0,-11.502,-12.794,-9.9,True,共有
BIO_PROFILE_LOOKUP__1,BIO_PROFILE_LOOKUP__1,2025搜索随机1w,助手随机1k,310,28,9999,950,3.1,2.947,-0.153,-1.122,1.166,False,共有
BIO_PROFILE_LOOKUP__2,BIO_PROFILE_LOOKUP__2,2025搜索随机1w,助手随机1k,513,18,9999,950,5.131,1.895,-3.236,-4.062,-2.078,True,共有
BIO_PROFILE_LOOKUP__3,BIO_PROFILE_LOOKUP__3,2025搜索随机1w,助手随机1k,3,0,9999,950,0.03,0.0,-0.03,-0.088,0.373,False,a独有
BIO_PROFILE_LOOKUP__4,BIO_PROFILE_LOOKUP__4,2025搜索随机1w,助手随机1k,265,10,9999,950,2.65,1.053,-1.598,-2.182,-0.674,True,共有
BIO_PROFILE_LOOKUP__5,BIO_PROFILE_LOOKUP__5,2025搜索随机1w,助手随机1k,29,1,9999,950,0.29,0.105,-0.185,-0.338,0.312,False,共有
BREAKING_NEWS_CONTEXTUALIZATION__1,BREAKING_NEWS_CONTEXTUALIZATION__1,2025搜索随机1w,助手随机1k,4,0,9999,950,0.04,0.0,-0.04,-0.103,0.363,False,a独有
CAUSAL_EXPLANATION__1,CAUSAL_EXPLANATION__1,2025搜索随机1w,助手随机1k,99,30,9999,950,0.99,3.158,2.168,1.207,3.494,True,共有
CURRENT_STATUS_TRACKING__1,CURRENT_STATUS_TRACKING__1,2025搜索随机1w,助手随机1k,12,12,9999,950,0.12,1.263,1.143,0.597,2.076,True,共有
DEATH_VERIFICATION__1,DEATH_VERIFICATION__1,2025搜索随机1w,助手随机1k,3,3,9999,950,0.03,0.316,0.286,0.069,0.895,True,共有
EVALUATION_OPINION_LOOKUP__1,EVALUATION_OPINION_LOOKUP__1,2025搜索随机1w,助手随机1k,124,57,9999,950,1.24,6.0,4.76,3.399,6.466,True,共有
EVALUATION_OPINION_LOOKUP__2,EVALUATION_OPINION_LOOKUP__2,2025搜索随机1w,助手随机1k,39,7,9999,950,0.39,0.737,0.347,-0.059,1.13,False,共有
FICTIONAL_PLOT_SETTING_LOOKUP__1,FICTIONAL_PLOT_SETTING_LOOKUP__1,2025搜索随机1w,助手随机1k,270,26,9999,950,2.7,2.737,0.037,-0.889,1.315,False,共有
FICTIONAL_PLOT_SETTING_LOOKUP__2,FICTIONAL_PLOT_SETTING_LOOKUP__2,2025搜索随机1w,助手随机1k,267,24,9999,950,2.67,2.526,-0.144,-1.032,1.098,False,共有
HARD_REFUSE_ILLICIT_IMAGERY_REQUEST__1,HARD_REFUSE_ILLICIT_IMAGERY_REQUEST__1,2025搜索随机1w,助手随机1k,4,0,9999,950,0.04,0.0,-0.04,-0.103,0.363,False,a独有
OFFICIAL_DOCUMENT_RETRIEVAL__1,OFFICIAL_DOCUMENT_RETRIEVAL__1,2025搜索随机1w,助手随机1k,1,0,9999,950,0.01,0.0,-0.01,-0.057,0.393,False,a独有
OUT_OF_SCOPE_OR_UNPARSEABLE__1,OUT_OF_SCOPE_OR_UNPARSEABLE__1,2025搜索随机1w,助手随机1k,1298,144,9999,950,12.981,15.158,2.177,-0.067,4.681,False,共有
OUT_OF_SCOPE_OR_UNPARSEABLE__2,OUT_OF_SCOPE_OR_UNPARSEABLE__2,2025搜索随机1w,助手随机1k,76,3,9999,950,0.76,0.316,-0.444,-0.726,0.183,False,共有
PERSON_LIST_LOOKUP__1,PERSON_LIST_LOOKUP__1,2025搜索随机1w,助手随机1k,424,32,9999,950,4.24,3.368,-0.872,-1.928,0.528,False,共有
PERSON_LIST_LOOKUP__2,PERSON_LIST_LOOKUP__2,2025搜索随机1w,助手随机1k,299,65,9999,950,2.99,6.842,3.852,2.371,5.665,True,共有
PLATFORM_DIRECTED_TASK__1,PLATFORM_DIRECTED_TASK__1,2025搜索随机1w,助手随机1k,4,0,9999,950,0.04,0.0,-0.04,-0.103,0.363,False,a独有
PLATFORM_DIRECTED_TASK__2,PLATFORM_DIRECTED_TASK__2,2025搜索随机1w,助手随机1k,65,6,9999,950,0.65,0.632,-0.018,-0.404,0.734,False,共有
PORTRAIT_IMAGE_REQUEST__1,PORTRAIT_IMAGE_REQUEST__1,2025搜索随机1w,助手随机1k,40,0,9999,950,0.4,0.0,-0.4,-0.544,0.016,False,a独有
PORTRAIT_IMAGE_REQUEST__2,PORTRAIT_IMAGE_REQUEST__2,2025搜索随机1w,助手随机1k,76,4,9999,950,0.76,0.421,-0.339,-0.659,0.335,False,共有
PORTRAIT_IMAGE_REQUEST__3,PORTRAIT_IMAGE_REQUEST__3,2025搜索随机1w,助手随机1k,66,6,9999,950,0.66,0.632,-0.028,-0.414,0.724,False,共有
PORTRAIT_IMAGE_REQUEST__4,PORTRAIT_IMAGE_REQUEST__4,2025搜索随机1w,助手随机1k,59,4,9999,950,0.59,0.421,-0.169,-0.477,0.501,False,共有
POST_TENURE_AND_MOVE_RESOLUTION__1,POST_TENURE_AND_MOVE_RESOLUTION__1,2025搜索随机1w,助手随机1k,60,1,9999,950,0.6,0.105,-0.495,-0.687,0.012,False,共有
POST_TENURE_AND_MOVE_RESOLUTION__2,POST_TENURE_AND_MOVE_RESOLUTION__2,2025搜索随机1w,助手随机1k,245,90,9999,950,2.45,9.474,7.023,5.291,9.072,True,共有
POST_TENURE_AND_MOVE_RESOLUTION__3,POST_TENURE_AND_MOVE_RESOLUTION__3,2025搜索随机1w,助手随机1k,121,14,9999,950,1.21,1.474,0.264,-0.375,1.268,False,共有
POST_TENURE_AND_MOVE_RESOLUTION__4,POST_TENURE_AND_MOVE_RESOLUTION__4,2025搜索随机1w,助手随机1k,92,3,9999,950,0.92,0.316,-0.604,-0.898,0.027,False,共有
POST_TENURE_AND_MOVE_RESOLUTION__5,POST_TENURE_AND_MOVE_RESOLUTION__5,2025搜索随机1w,助手随机1k,101,14,9999,950,1.01,1.474,0.464,-0.168,1.464,False,共有
POST_TENURE_AND_MOVE_RESOLUTION__6,POST_TENURE_AND_MOVE_RESOLUTION__6,2025搜索随机1w,助手随机1k,429,18,9999,950,4.29,1.895,-2.396,-3.203,-1.25,True,共有
PRIVATE_INDIVIDUAL_DATA_PROBE__1,PRIVATE_INDIVIDUAL_DATA_PROBE__1,2025搜索随机1w,助手随机1k,81,17,9999,950,0.81,1.789,0.979,0.282,2.049,True,共有
PRIVATE_INDIVIDUAL_DATA_PROBE__2,PRIVATE_INDIVIDUAL_DATA_PROBE__2,2025搜索随机1w,助手随机1k,65,16,9999,950,0.65,1.684,1.034,0.365,2.078,True,共有
RELATION_AND_FAMILY_LOOKUP__1,RELATION_AND_FAMILY_LOOKUP__1,2025搜索随机1w,助手随机1k,42,5,9999,950,0.42,0.526,0.106,-0.229,0.815,False,共有
RELATION_AND_FAMILY_LOOKUP__2,RELATION_AND_FAMILY_LOOKUP__2,2025搜索随机1w,助手随机1k,98,11,9999,950,0.98,1.158,0.178,-0.375,1.098,False,共有
RELATION_AND_FAMILY_LOOKUP__3,RELATION_AND_FAMILY_LOOKUP__3,2025搜索随机1w,助手随机1k,170,13,9999,950,1.7,1.368,-0.332,-0.961,0.655,False,共有
RELATION_AND_FAMILY_LOOKUP__4,RELATION_AND_FAMILY_LOOKUP__4,2025搜索随机1w,助手随机1k,142,20,9999,950,1.42,2.105,0.685,-0.095,1.829,False,共有
RELATION_AND_FAMILY_LOOKUP__5,RELATION_AND_FAMILY_LOOKUP__5,2025搜索随机1w,助手随机1k,150,48,9999,950,1.5,5.053,3.552,2.305,5.15,True,共有
REVERSE_ENTITY_RESOLUTION__1,REVERSE_ENTITY_RESOLUTION__1,2025搜索随机1w,助手随机1k,203,22,9999,950,2.03,2.316,0.286,-0.55,1.48,False,共有
REVERSE_ENTITY_RESOLUTION__2,REVERSE_ENTITY_RESOLUTION__2,2025搜索随机1w,助手随机1k,87,12,9999,950,0.87,1.263,0.393,-0.183,1.339,False,共有
SCANDAL_BLACK_MATERIAL_CONSUMPTION__1,SCANDAL_BLACK_MATERIAL_CONSUMPTION__1,2025搜索随机1w,助手随机1k,2,0,9999,950,0.02,0.0,-0.02,-0.073,0.383,False,a独有
SINGLE_ATTRIBUTE_FACTOID__1,SINGLE_ATTRIBUTE_FACTOID__1,2025搜索随机1w,助手随机1k,71,12,9999,950,0.71,1.263,0.553,-0.017,1.496,False,共有
SINGLE_ATTRIBUTE_FACTOID__2,SINGLE_ATTRIBUTE_FACTOID__2,2025搜索随机1w,助手随机1k,84,20,9999,950,0.84,2.105,1.265,0.501,2.401,True,共有
SINGLE_ATTRIBUTE_FACTOID__3,SINGLE_ATTRIBUTE_FACTOID__3,2025搜索随机1w,助手随机1k,5,0,9999,950,0.05,0.0,-0.05,-0.117,0.354,False,a独有
SINGLE_ATTRIBUTE_FACTOID__4,SINGLE_ATTRIBUTE_FACTOID__4,2025搜索随机1w,助手随机1k,132,25,9999,950,1.32,2.632,1.311,0.434,2.553,True,共有
SINGLE_ATTRIBUTE_FACTOID__5,SINGLE_ATTRIBUTE_FACTOID__5,2025搜索随机1w,助手随机1k,26,9,9999,950,0.26,0.947,0.687,0.223,1.535,True,共有
SINGLE_ATTRIBUTE_FACTOID__6,SINGLE_ATTRIBUTE_FACTOID__6,2025搜索随机1w,助手随机1k,40,4,9999,950,0.4,0.421,0.021,-0.274,0.686,False,共有
ADULT_SEXUALIZED_IMAGE_BROWSE__1,ADULT_SEXUALIZED_IMAGE_BROWSE__1,2025搜索随机1w,助手语音头部1k,9,6,9999,999,0.09,0.601,0.511,0.176,1.215,True,共有
BARE_NAME_DEFAULT_LOOKUP__1,BARE_NAME_DEFAULT_LOOKUP__1,2025搜索随机1w,助手语音头部1k,727,269,9999,999,7.271,26.927,19.656,16.946,22.534,True,共有
BARE_NAME_DEFAULT_LOOKUP__2,BARE_NAME_DEFAULT_LOOKUP__2,2025搜索随机1w,助手语音头部1k,377,182,9999,999,3.77,18.218,14.448,12.144,16.987,True,共有
BARE_NAME_DEFAULT_LOOKUP__3,BARE_NAME_DEFAULT_LOOKUP__3,2025搜索随机1w,助手语音头部1k,123,37,9999,999,1.23,3.704,2.474,1.441,3.847,True,共有
BARE_NAME_DEFAULT_LOOKUP__4,BARE_NAME_DEFAULT_LOOKUP__4,2025搜索随机1w,助手语音头部1k,417,167,9999,999,4.17,16.717,12.546,10.323,15.015,True,共有
BARE_NAME_DEFAULT_LOOKUP__5,BARE_NAME_DEFAULT_LOOKUP__5,2025搜索随机1w,助手语音头部1k,1550,10,9999,999,15.502,1.001,-14.501,-15.355,-13.416,True,共有
BIO_PROFILE_LOOKUP__1,BIO_PROFILE_LOOKUP__1,2025搜索随机1w,助手语音头部1k,310,8,9999,999,3.1,0.801,-2.3,-2.832,-1.464,True,共有
BIO_PROFILE_LOOKUP__2,BIO_PROFILE_LOOKUP__2,2025搜索随机1w,助手语音头部1k,513,12,9999,999,5.131,1.201,-3.929,-4.611,-2.95,True,共有
BIO_PROFILE_LOOKUP__3,BIO_PROFILE_LOOKUP__3,2025搜索随机1w,助手语音头部1k,3,0,9999,999,0.03,0.0,-0.03,-0.088,0.354,False,a独有
BIO_PROFILE_LOOKUP__4,BIO_PROFILE_LOOKUP__4,2025搜索随机1w,助手语音头部1k,265,1,9999,999,2.65,0.1,-2.55,-2.894,-1.999,True,共有
BIO_PROFILE_LOOKUP__5,BIO_PROFILE_LOOKUP__5,2025搜索随机1w,助手语音头部1k,29,0,9999,999,0.29,0.0,-0.29,-0.416,0.103,False,a独有
BREAKING_NEWS_CONTEXTUALIZATION__1,BREAKING_NEWS_CONTEXTUALIZATION__1,2025搜索随机1w,助手语音头部1k,4,0,9999,999,0.04,0.0,-0.04,-0.103,0.344,False,a独有
CAUSAL_EXPLANATION__1,CAUSAL_EXPLANATION__1,2025搜索随机1w,助手语音头部1k,99,0,9999,999,0.99,0.0,-0.99,-1.204,-0.568,True,a独有
CURRENT_STATUS_TRACKING__1,CURRENT_STATUS_TRACKING__1,2025搜索随机1w,助手语音头部1k,12,0,9999,999,0.12,0.0,-0.12,-0.21,0.266,False,a独有
DEATH_VERIFICATION__1,DEATH_VERIFICATION__1,2025搜索随机1w,助手语音头部1k,3,0,9999,999,0.03,0.0,-0.03,-0.088,0.354,False,a独有
EVALUATION_OPINION_LOOKUP__1,EVALUATION_OPINION_LOOKUP__1,2025搜索随机1w,助手语音头部1k,124,5,9999,999,1.24,0.501,-0.74,-1.111,-0.045,True,共有
EVALUATION_OPINION_LOOKUP__2,EVALUATION_OPINION_LOOKUP__2,2025搜索随机1w,助手语音头部1k,39,2,9999,999,0.39,0.2,-0.19,-0.393,0.347,False,共有
FICTIONAL_PLOT_SETTING_LOOKUP__1,FICTIONAL_PLOT_SETTING_LOOKUP__1,2025搜索随机1w,助手语音头部1k,270,4,9999,999,2.7,0.4,-2.3,-2.716,-1.607,True,共有
FICTIONAL_PLOT_SETTING_LOOKUP__2,FICTIONAL_PLOT_SETTING_LOOKUP__2,2025搜索随机1w,助手语音头部1k,267,4,9999,999,2.67,0.4,-2.27,-2.684,-1.578,True,共有
HARD_REFUSE_ILLICIT_IMAGERY_REQUEST__1,HARD_REFUSE_ILLICIT_IMAGERY_REQUEST__1,2025搜索随机1w,助手语音头部1k,4,1,9999,999,0.04,0.1,0.06,-0.044,0.525,False,共有
OFFICIAL_DOCUMENT_RETRIEVAL__1,OFFICIAL_DOCUMENT_RETRIEVAL__1,2025搜索随机1w,助手语音头部1k,1,1,9999,999,0.01,0.1,0.09,-0.005,0.555,False,共有
OUT_OF_SCOPE_OR_UNPARSEABLE__1,OUT_OF_SCOPE_OR_UNPARSEABLE__1,2025搜索随机1w,助手语音头部1k,1298,193,9999,999,12.981,19.319,6.338,3.914,8.982,True,共有
OUT_OF_SCOPE_OR_UNPARSEABLE__2,OUT_OF_SCOPE_OR_UNPARSEABLE__2,2025搜索随机1w,助手语音头部1k,76,17,9999,999,0.76,1.702,0.942,0.277,1.96,True,共有
PERSON_LIST_LOOKUP__1,PERSON_LIST_LOOKUP__1,2025搜索随机1w,助手语音头部1k,424,2,9999,999,4.24,0.2,-4.04,-4.478,-3.392,True,共有
PERSON_LIST_LOOKUP__2,PERSON_LIST_LOOKUP__2,2025搜索随机1w,助手语音头部1k,299,14,9999,999,2.99,1.401,-1.589,-2.255,-0.6,True,共有
PLATFORM_DIRECTED_TASK__1,PLATFORM_DIRECTED_TASK__1,2025搜索随机1w,助手语音头部1k,4,0,9999,999,0.04,0.0,-0.04,-0.103,0.344,False,a独有
PLATFORM_DIRECTED_TASK__2,PLATFORM_DIRECTED_TASK__2,2025搜索随机1w,助手语音头部1k,65,1,9999,999,0.65,0.1,-0.55,-0.746,-0.065,True,共有
PORTRAIT_IMAGE_REQUEST__1,PORTRAIT_IMAGE_REQUEST__1,2025搜索随机1w,助手语音头部1k,40,0,9999,999,0.4,0.0,-0.4,-0.544,-0.003,True,a独有
PORTRAIT_IMAGE_REQUEST__2,PORTRAIT_IMAGE_REQUEST__2,2025搜索随机1w,助手语音头部1k,76,0,9999,999,0.76,0.0,-0.76,-0.95,-0.348,True,a独有
PORTRAIT_IMAGE_REQUEST__3,PORTRAIT_IMAGE_REQUEST__3,2025搜索随机1w,助手语音头部1k,66,4,9999,999,0.66,0.4,-0.26,-0.563,0.381,False,共有
PORTRAIT_IMAGE_REQUEST__4,PORTRAIT_IMAGE_REQUEST__4,2025搜索随机1w,助手语音头部1k,59,0,9999,999,0.59,0.0,-0.59,-0.76,-0.185,True,a独有
POST_TENURE_AND_MOVE_RESOLUTION__1,POST_TENURE_AND_MOVE_RESOLUTION__1,2025搜索随机1w,助手语音头部1k,60,11,9999,999,0.6,1.101,0.501,-0.014,1.371,False,共有
POST_TENURE_AND_MOVE_RESOLUTION__2,POST_TENURE_AND_MOVE_RESOLUTION__2,2025搜索随机1w,助手语音头部1k,245,2,9999,999,2.45,0.2,-2.25,-2.603,-1.651,True,共有
POST_TENURE_AND_MOVE_RESOLUTION__3,POST_TENURE_AND_MOVE_RESOLUTION__3,2025搜索随机1w,助手语音头部1k,121,0,9999,999,1.21,0.0,-1.21,-1.444,-0.78,True,a独有
POST_TENURE_AND_MOVE_RESOLUTION__4,POST_TENURE_AND_MOVE_RESOLUTION__4,2025搜索随机1w,助手语音头部1k,92,4,9999,999,0.92,0.4,-0.52,-0.84,0.127,False,共有
POST_TENURE_AND_MOVE_RESOLUTION__5,POST_TENURE_AND_MOVE_RESOLUTION__5,2025搜索随机1w,助手语音头部1k,101,0,9999,999,1.01,0.0,-1.01,-1.226,-0.588,True,a独有
POST_TENURE_AND_MOVE_RESOLUTION__6,POST_TENURE_AND_MOVE_RESOLUTION__6,2025搜索随机1w,助手语音头部1k,429,2,9999,999,4.29,0.2,-4.09,-4.53,-3.441,True,共有
PRIVATE_INDIVIDUAL_DATA_PROBE__1,PRIVATE_INDIVIDUAL_DATA_PROBE__1,2025搜索随机1w,助手语音头部1k,81,2,9999,999,0.81,0.2,-0.61,-0.854,-0.06,True,共有
PRIVATE_INDIVIDUAL_DATA_PROBE__2,PRIVATE_INDIVIDUAL_DATA_PROBE__2,2025搜索随机1w,助手语音头部1k,65,0,9999,999,0.65,0.0,-0.65,-0.828,-0.242,True,a独有
RELATION_AND_FAMILY_LOOKUP__1,RELATION_AND_FAMILY_LOOKUP__1,2025搜索随机1w,助手语音头部1k,42,0,9999,999,0.42,0.0,-0.42,-0.567,-0.022,True,a独有
RELATION_AND_FAMILY_LOOKUP__2,RELATION_AND_FAMILY_LOOKUP__2,2025搜索随机1w,助手语音头部1k,98,0,9999,999,0.98,0.0,-0.98,-1.193,-0.559,True,a独有
RELATION_AND_FAMILY_LOOKUP__3,RELATION_AND_FAMILY_LOOKUP__3,2025搜索随机1w,助手语音头部1k,170,0,9999,999,1.7,0.0,-1.7,-1.973,-1.251,True,a独有
RELATION_AND_FAMILY_LOOKUP__4,RELATION_AND_FAMILY_LOOKUP__4,2025搜索随机1w,助手语音头部1k,142,3,9999,999,1.42,0.3,-1.12,-1.44,-0.503,True,共有
RELATION_AND_FAMILY_LOOKUP__5,RELATION_AND_FAMILY_LOOKUP__5,2025搜索随机1w,助手语音头部1k,150,0,9999,999,1.5,0.0,-1.5,-1.758,-1.058,True,a独有
REVERSE_ENTITY_RESOLUTION__1,REVERSE_ENTITY_RESOLUTION__1,2025搜索随机1w,助手语音头部1k,203,9,9999,999,2.03,0.901,-1.129,-1.648,-0.286,True,共有
REVERSE_ENTITY_RESOLUTION__2,REVERSE_ENTITY_RESOLUTION__2,2025搜索随机1w,助手语音头部1k,87,7,9999,999,0.87,0.701,-0.169,-0.583,0.587,False,共有
SCANDAL_BLACK_MATERIAL_CONSUMPTION__1,SCANDAL_BLACK_MATERIAL_CONSUMPTION__1,2025搜索随机1w,助手语音头部1k,2,0,9999,999,0.02,0.0,-0.02,-0.073,0.363,False,a独有
SINGLE_ATTRIBUTE_FACTOID__1,SINGLE_ATTRIBUTE_FACTOID__1,2025搜索随机1w,助手语音头部1k,71,2,9999,999,0.71,0.2,-0.51,-0.745,0.037,False,共有
SINGLE_ATTRIBUTE_FACTOID__2,SINGLE_ATTRIBUTE_FACTOID__2,2025搜索随机1w,助手语音头部1k,84,2,9999,999,0.84,0.2,-0.64,-0.886,-0.089,True,共有
SINGLE_ATTRIBUTE_FACTOID__3,SINGLE_ATTRIBUTE_FACTOID__3,2025搜索随机1w,助手语音头部1k,5,10,9999,999,0.05,1.001,0.951,0.49,1.783,True,共有
SINGLE_ATTRIBUTE_FACTOID__4,SINGLE_ATTRIBUTE_FACTOID__4,2025搜索随机1w,助手语音头部1k,132,2,9999,999,1.32,0.2,-1.12,-1.403,-0.554,True,共有
SINGLE_ATTRIBUTE_FACTOID__5,SINGLE_ATTRIBUTE_FACTOID__5,2025搜索随机1w,助手语音头部1k,26,0,9999,999,0.26,0.0,-0.26,-0.381,0.132,False,a独有
SINGLE_ATTRIBUTE_FACTOID__6,SINGLE_ATTRIBUTE_FACTOID__6,2025搜索随机1w,助手语音头部1k,40,3,9999,999,0.4,0.3,-0.1,-0.345,0.489,False,共有
ADULT_SEXUALIZED_IMAGE_BROWSE__1,ADULT_SEXUALIZED_IMAGE_BROWSE__1,2025搜索随机1w,助手语音随机1k,9,0,9999,1000,0.09,0.0,-0.09,-0.171,0.295,False,a独有
BARE_NAME_DEFAULT_LOOKUP__1,BARE_NAME_DEFAULT_LOOKUP__1,2025搜索随机1w,助手语音随机1k,727,75,9999,1000,7.271,7.5,0.229,-1.336,2.096,False,共有
BARE_NAME_DEFAULT_LOOKUP__2,BARE_NAME_DEFAULT_LOOKUP__2,2025搜索随机1w,助手语音随机1k,377,52,9999,1000,3.77,5.2,1.43,0.155,3.025,True,共有
BARE_NAME_DEFAULT_LOOKUP__3,BARE_NAME_DEFAULT_LOOKUP__3,2025搜索随机1w,助手语音随机1k,123,19,9999,1000,1.23,1.9,0.67,-0.05,1.737,False,共有
BARE_NAME_DEFAULT_LOOKUP__4,BARE_NAME_DEFAULT_LOOKUP__4,2025搜索随机1w,助手语音随机1k,417,63,9999,1000,4.17,6.3,2.13,0.724,3.85,True,共有
BARE_NAME_DEFAULT_LOOKUP__5,BARE_NAME_DEFAULT_LOOKUP__5,2025搜索随机1w,助手语音随机1k,1550,76,9999,1000,15.502,7.6,-7.902,-9.553,-5.963,True,共有
BIO_PROFILE_LOOKUP__1,BIO_PROFILE_LOOKUP__1,2025搜索随机1w,助手语音随机1k,310,9,9999,1000,3.1,0.9,-2.2,-2.757,-1.336,True,共有
BIO_PROFILE_LOOKUP__2,BIO_PROFILE_LOOKUP__2,2025搜索随机1w,助手语音随机1k,513,31,9999,1000,5.131,3.1,-2.031,-3.044,-0.698,True,共有
BIO_PROFILE_LOOKUP__3,BIO_PROFILE_LOOKUP__3,2025搜索随机1w,助手语音随机1k,3,0,9999,1000,0.03,0.0,-0.03,-0.088,0.353,False,a独有
BIO_PROFILE_LOOKUP__4,BIO_PROFILE_LOOKUP__4,2025搜索随机1w,助手语音随机1k,265,8,9999,1000,2.65,0.8,-1.85,-2.367,-1.024,True,共有
BIO_PROFILE_LOOKUP__5,BIO_PROFILE_LOOKUP__5,2025搜索随机1w,助手语音随机1k,29,0,9999,1000,0.29,0.0,-0.29,-0.416,0.103,False,a独有
BREAKING_NEWS_CONTEXTUALIZATION__1,BREAKING_NEWS_CONTEXTUALIZATION__1,2025搜索随机1w,助手语音随机1k,4,0,9999,1000,0.04,0.0,-0.04,-0.103,0.343,False,a独有
CAUSAL_EXPLANATION__1,CAUSAL_EXPLANATION__1,2025搜索随机1w,助手语音随机1k,99,13,9999,1000,0.99,1.3,0.31,-0.27,1.238,False,共有
CURRENT_STATUS_TRACKING__1,CURRENT_STATUS_TRACKING__1,2025搜索随机1w,助手语音随机1k,12,0,9999,1000,0.12,0.0,-0.12,-0.21,0.266,False,a独有
DEATH_VERIFICATION__1,DEATH_VERIFICATION__1,2025搜索随机1w,助手语音随机1k,3,1,9999,1000,0.03,0.1,0.07,-0.031,0.535,False,共有
EVALUATION_OPINION_LOOKUP__1,EVALUATION_OPINION_LOOKUP__1,2025搜索随机1w,助手语音随机1k,124,24,9999,1000,1.24,2.4,1.16,0.343,2.323,True,共有
EVALUATION_OPINION_LOOKUP__2,EVALUATION_OPINION_LOOKUP__2,2025搜索随机1w,助手语音随机1k,39,4,9999,1000,0.39,0.4,0.01,-0.273,0.643,False,共有
FICTIONAL_PLOT_SETTING_LOOKUP__1,FICTIONAL_PLOT_SETTING_LOOKUP__1,2025搜索随机1w,助手语音随机1k,270,31,9999,1000,2.7,3.1,0.4,-0.568,1.701,False,共有
FICTIONAL_PLOT_SETTING_LOOKUP__2,FICTIONAL_PLOT_SETTING_LOOKUP__2,2025搜索随机1w,助手语音随机1k,267,43,9999,1000,2.67,4.3,1.63,0.487,3.102,True,共有
HARD_REFUSE_ILLICIT_IMAGERY_REQUEST__1,HARD_REFUSE_ILLICIT_IMAGERY_REQUEST__1,2025搜索随机1w,助手语音随机1k,4,3,9999,1000,0.04,0.3,0.26,0.052,0.839,True,共有
OFFICIAL_DOCUMENT_RETRIEVAL__1,OFFICIAL_DOCUMENT_RETRIEVAL__1,2025搜索随机1w,助手语音随机1k,1,2,9999,1000,0.01,0.2,0.19,0.038,0.716,True,共有
OUT_OF_SCOPE_OR_UNPARSEABLE__1,OUT_OF_SCOPE_OR_UNPARSEABLE__1,2025搜索随机1w,助手语音随机1k,1298,168,9999,1000,12.981,16.8,3.819,1.528,6.346,True,共有
OUT_OF_SCOPE_OR_UNPARSEABLE__2,OUT_OF_SCOPE_OR_UNPARSEABLE__2,2025搜索随机1w,助手语音随机1k,76,6,9999,1000,0.76,0.6,-0.16,-0.536,0.559,False,共有
PERSON_LIST_LOOKUP__1,PERSON_LIST_LOOKUP__1,2025搜索随机1w,助手语音随机1k,424,23,9999,1000,4.24,2.3,-1.94,-2.808,-0.751,True,共有
PERSON_LIST_LOOKUP__2,PERSON_LIST_LOOKUP__2,2025搜索随机1w,助手语音随机1k,299,37,9999,1000,2.99,3.7,0.71,-0.354,2.104,False,共有
PLATFORM_DIRECTED_TASK__1,PLATFORM_DIRECTED_TASK__1,2025搜索随机1w,助手语音随机1k,4,0,9999,1000,0.04,0.0,-0.04,-0.103,0.343,False,a独有
PLATFORM_DIRECTED_TASK__2,PLATFORM_DIRECTED_TASK__2,2025搜索随机1w,助手语音随机1k,65,1,9999,1000,0.65,0.1,-0.55,-0.746,-0.065,True,共有
PORTRAIT_IMAGE_REQUEST__1,PORTRAIT_IMAGE_REQUEST__1,2025搜索随机1w,助手语音随机1k,40,0,9999,1000,0.4,0.0,-0.4,-0.544,-0.003,True,a独有
PORTRAIT_IMAGE_REQUEST__2,PORTRAIT_IMAGE_REQUEST__2,2025搜索随机1w,助手语音随机1k,76,7,9999,1000,0.76,0.7,-0.06,-0.468,0.693,False,共有
PORTRAIT_IMAGE_REQUEST__3,PORTRAIT_IMAGE_REQUEST__3,2025搜索随机1w,助手语音随机1k,66,7,9999,1000,0.66,0.7,0.04,-0.362,0.791,False,共有
PORTRAIT_IMAGE_REQUEST__4,PORTRAIT_IMAGE_REQUEST__4,2025搜索随机1w,助手语音随机1k,59,2,9999,1000,0.59,0.2,-0.39,-0.614,0.153,False,共有
POST_TENURE_AND_MOVE_RESOLUTION__1,POST_TENURE_AND_MOVE_RESOLUTION__1,2025搜索随机1w,助手语音随机1k,60,11,9999,1000,0.6,1.1,0.5,-0.014,1.369,False,共有
POST_TENURE_AND_MOVE_RESOLUTION__2,POST_TENURE_AND_MOVE_RESOLUTION__2,2025搜索随机1w,助手语音随机1k,245,29,9999,1000,2.45,2.9,0.45,-0.481,1.716,False,共有
POST_TENURE_AND_MOVE_RESOLUTION__3,POST_TENURE_AND_MOVE_RESOLUTION__3,2025搜索随机1w,助手语音随机1k,121,6,9999,1000,1.21,0.6,-0.61,-1.01,0.12,False,共有
POST_TENURE_AND_MOVE_RESOLUTION__4,POST_TENURE_AND_MOVE_RESOLUTION__4,2025搜索随机1w,助手语音随机1k,92,10,9999,1000,0.92,1.0,0.08,-0.421,0.928,False,共有
POST_TENURE_AND_MOVE_RESOLUTION__5,POST_TENURE_AND_MOVE_RESOLUTION__5,2025搜索随机1w,助手语音随机1k,101,8,9999,1000,1.01,0.8,-0.21,-0.659,0.581,False,共有
POST_TENURE_AND_MOVE_RESOLUTION__6,POST_TENURE_AND_MOVE_RESOLUTION__6,2025搜索随机1w,助手语音随机1k,429,36,9999,1000,4.29,3.6,-0.69,-1.762,0.706,False,共有
PRIVATE_INDIVIDUAL_DATA_PROBE__1,PRIVATE_INDIVIDUAL_DATA_PROBE__1,2025搜索随机1w,助手语音随机1k,81,4,9999,1000,0.81,0.4,-0.41,-0.723,0.234,False,共有
PRIVATE_INDIVIDUAL_DATA_PROBE__2,PRIVATE_INDIVIDUAL_DATA_PROBE__2,2025搜索随机1w,助手语音随机1k,65,4,9999,1000,0.65,0.4,-0.25,-0.552,0.389,False,共有
RELATION_AND_FAMILY_LOOKUP__1,RELATION_AND_FAMILY_LOOKUP__1,2025搜索随机1w,助手语音随机1k,42,3,9999,1000,0.42,0.3,-0.12,-0.367,0.468,False,共有
RELATION_AND_FAMILY_LOOKUP__2,RELATION_AND_FAMILY_LOOKUP__2,2025搜索随机1w,助手语音随机1k,98,5,9999,1000,0.98,0.5,-0.48,-0.837,0.208,False,共有
RELATION_AND_FAMILY_LOOKUP__3,RELATION_AND_FAMILY_LOOKUP__3,2025搜索随机1w,助手语音随机1k,170,21,9999,1000,1.7,2.1,0.4,-0.372,1.514,False,共有
RELATION_AND_FAMILY_LOOKUP__4,RELATION_AND_FAMILY_LOOKUP__4,2025搜索随机1w,助手语音随机1k,142,23,9999,1000,1.42,2.3,0.88,0.077,2.028,True,共有
RELATION_AND_FAMILY_LOOKUP__5,RELATION_AND_FAMILY_LOOKUP__5,2025搜索随机1w,助手语音随机1k,150,19,9999,1000,1.5,1.9,0.4,-0.328,1.471,False,共有
REVERSE_ENTITY_RESOLUTION__1,REVERSE_ENTITY_RESOLUTION__1,2025搜索随机1w,助手语音随机1k,203,39,9999,1000,2.03,3.9,1.87,0.794,3.281,True,共有
REVERSE_ENTITY_RESOLUTION__2,REVERSE_ENTITY_RESOLUTION__2,2025搜索随机1w,助手语音随机1k,87,10,9999,1000,0.87,1.0,0.13,-0.369,0.977,False,共有
SCANDAL_BLACK_MATERIAL_CONSUMPTION__1,SCANDAL_BLACK_MATERIAL_CONSUMPTION__1,2025搜索随机1w,助手语音随机1k,2,0,9999,1000,0.02,0.0,-0.02,-0.073,0.363,False,a独有
SINGLE_ATTRIBUTE_FACTOID__1,SINGLE_ATTRIBUTE_FACTOID__1,2025搜索随机1w,助手语音随机1k,71,13,9999,1000,0.71,1.3,0.59,0.02,1.513,True,共有
SINGLE_ATTRIBUTE_FACTOID__2,SINGLE_ATTRIBUTE_FACTOID__2,2025搜索随机1w,助手语音随机1k,84,17,9999,1000,0.84,1.7,0.86,0.194,1.878,True,共有
SINGLE_ATTRIBUTE_FACTOID__3,SINGLE_ATTRIBUTE_FACTOID__3,2025搜索随机1w,助手语音随机1k,5,2,9999,1000,0.05,0.2,0.15,-0.01,0.677,False,共有
SINGLE_ATTRIBUTE_FACTOID__4,SINGLE_ATTRIBUTE_FACTOID__4,2025搜索随机1w,助手语音随机1k,132,21,9999,1000,1.32,2.1,0.78,0.018,1.888,True,共有
SINGLE_ATTRIBUTE_FACTOID__5,SINGLE_ATTRIBUTE_FACTOID__5,2025搜索随机1w,助手语音随机1k,26,4,9999,1000,0.26,0.4,0.14,-0.133,0.769,False,共有
SINGLE_ATTRIBUTE_FACTOID__6,SINGLE_ATTRIBUTE_FACTOID__6,2025搜索随机1w,助手语音随机1k,40,10,9999,1000,0.4,1.0,0.6,0.122,1.438,True,共有
ADULT_SEXUALIZED_IMAGE_BROWSE__1,ADULT_SEXUALIZED_IMAGE_BROWSE__1,2026搜索,2026搜索随机1w,10,11,9982,10000,0.1,0.11,0.01,-0.087,0.108,False,共有
BARE_NAME_DEFAULT_LOOKUP__1,BARE_NAME_DEFAULT_LOOKUP__1,2026搜索,2026搜索随机1w,2262,591,9982,10000,22.661,5.91,-16.751,-17.694,-15.809,True,共有
BARE_NAME_DEFAULT_LOOKUP__2,BARE_NAME_DEFAULT_LOOKUP__2,2026搜索,2026搜索随机1w,932,330,9982,10000,9.337,3.3,-6.037,-6.711,-5.37,True,共有
BARE_NAME_DEFAULT_LOOKUP__3,BARE_NAME_DEFAULT_LOOKUP__3,2026搜索,2026搜索随机1w,290,127,9982,10000,2.905,1.27,-1.635,-2.037,-1.242,True,共有
BARE_NAME_DEFAULT_LOOKUP__4,BARE_NAME_DEFAULT_LOOKUP__4,2026搜索,2026搜索随机1w,1089,410,9982,10000,10.91,4.1,-6.81,-7.538,-6.088,True,共有
BARE_NAME_DEFAULT_LOOKUP__5,BARE_NAME_DEFAULT_LOOKUP__5,2026搜索,2026搜索随机1w,242,1812,9982,10000,2.424,18.12,15.696,14.887,16.514,True,共有
BIO_PROFILE_LOOKUP__1,BIO_PROFILE_LOOKUP__1,2026搜索,2026搜索随机1w,394,272,9982,10000,3.947,2.72,-1.227,-1.728,-0.73,True,共有
BIO_PROFILE_LOOKUP__2,BIO_PROFILE_LOOKUP__2,2026搜索,2026搜索随机1w,579,613,9982,10000,5.8,6.13,0.33,-0.328,0.987,False,共有
BIO_PROFILE_LOOKUP__3,BIO_PROFILE_LOOKUP__3,2026搜索,2026搜索随机1w,361,3,9982,10000,3.617,0.03,-3.587,-3.971,-3.233,True,共有
BIO_PROFILE_LOOKUP__4,BIO_PROFILE_LOOKUP__4,2026搜索,2026搜索随机1w,1061,205,9982,10000,10.629,2.05,-8.579,-9.251,-7.919,True,共有
BIO_PROFILE_LOOKUP__5,BIO_PROFILE_LOOKUP__5,2026搜索,2026搜索随机1w,325,17,9982,10000,3.256,0.17,-3.086,-3.458,-2.74,True,共有
BREAKING_NEWS_CONTEXTUALIZATION__1,BREAKING_NEWS_CONTEXTUALIZATION__1,2026搜索,2026搜索随机1w,1,0,9982,10000,0.01,0.0,-0.01,-0.057,0.029,False,a独有
CAUSAL_EXPLANATION__1,CAUSAL_EXPLANATION__1,2026搜索,2026搜索随机1w,5,83,9982,10000,0.05,0.83,0.78,0.606,0.98,True,共有
CURRENT_STATUS_TRACKING__1,CURRENT_STATUS_TRACKING__1,2026搜索,2026搜索随机1w,5,16,9982,10000,0.05,0.16,0.11,0.019,0.214,True,共有
DEATH_VERIFICATION__1,DEATH_VERIFICATION__1,2026搜索,2026搜索随机1w,0,7,9982,10000,0.0,0.07,0.07,0.017,0.144,True,b独有
EVALUATION_OPINION_LOOKUP__1,EVALUATION_OPINION_LOOKUP__1,2026搜索,2026搜索随机1w,9,132,9982,10000,0.09,1.32,1.23,1.009,1.477,True,共有
EVALUATION_OPINION_LOOKUP__2,EVALUATION_OPINION_LOOKUP__2,2026搜索,2026搜索随机1w,0,13,9982,10000,0.0,0.13,0.13,0.064,0.222,True,b独有
FICTIONAL_PLOT_SETTING_LOOKUP__1,FICTIONAL_PLOT_SETTING_LOOKUP__1,2026搜索,2026搜索随机1w,30,220,9982,10000,0.301,2.2,1.899,1.601,2.219,True,共有
FICTIONAL_PLOT_SETTING_LOOKUP__2,FICTIONAL_PLOT_SETTING_LOOKUP__2,2026搜索,2026搜索随机1w,14,182,9982,10000,0.14,1.82,1.68,1.418,1.967,True,共有
HARD_REFUSE_ILLICIT_IMAGERY_REQUEST__1,HARD_REFUSE_ILLICIT_IMAGERY_REQUEST__1,2026搜索,2026搜索随机1w,3,5,9982,10000,0.03,0.05,0.02,-0.045,0.09,False,共有
OFFICIAL_DOCUMENT_RETRIEVAL__1,OFFICIAL_DOCUMENT_RETRIEVAL__1,2026搜索,2026搜索随机1w,9,8,9982,10000,0.09,0.08,-0.01,-0.1,0.079,False,共有
OUT_OF_SCOPE_OR_UNPARSEABLE__1,OUT_OF_SCOPE_OR_UNPARSEABLE__1,2026搜索,2026搜索随机1w,635,1271,9982,10000,6.361,12.71,6.349,5.54,7.16,True,共有
OUT_OF_SCOPE_OR_UNPARSEABLE__2,OUT_OF_SCOPE_OR_UNPARSEABLE__2,2026搜索,2026搜索随机1w,59,78,9982,10000,0.591,0.78,0.189,-0.041,0.423,False,共有
PERSON_LIST_LOOKUP__1,PERSON_LIST_LOOKUP__1,2026搜索,2026搜索随机1w,74,443,9982,10000,0.741,4.43,3.689,3.259,4.136,True,共有
PERSON_LIST_LOOKUP__2,PERSON_LIST_LOOKUP__2,2026搜索,2026搜索随机1w,146,329,9982,10000,1.463,3.29,1.827,1.409,2.255,True,共有
PLATFORM_DIRECTED_TASK__1,PLATFORM_DIRECTED_TASK__1,2026搜索,2026搜索随机1w,359,8,9982,10000,3.596,0.08,-3.516,-3.902,-3.16,True,共有
PLATFORM_DIRECTED_TASK__2,PLATFORM_DIRECTED_TASK__2,2026搜索,2026搜索随机1w,502,80,9982,10000,5.029,0.8,-4.229,-4.702,-3.774,True,共有
PORTRAIT_IMAGE_REQUEST__1,PORTRAIT_IMAGE_REQUEST__1,2026搜索,2026搜索随机1w,0,19,9982,10000,0.0,0.19,0.19,0.112,0.297,True,b独有
PORTRAIT_IMAGE_REQUEST__2,PORTRAIT_IMAGE_REQUEST__2,2026搜索,2026搜索随机1w,11,68,9982,10000,0.11,0.68,0.57,0.402,0.757,True,共有
PORTRAIT_IMAGE_REQUEST__3,PORTRAIT_IMAGE_REQUEST__3,2026搜索,2026搜索随机1w,22,66,9982,10000,0.22,0.66,0.44,0.259,0.633,True,共有
PORTRAIT_IMAGE_REQUEST__4,PORTRAIT_IMAGE_REQUEST__4,2026搜索,2026搜索随机1w,30,56,9982,10000,0.301,0.56,0.259,0.078,0.449,True,共有
POST_TENURE_AND_MOVE_RESOLUTION__1,POST_TENURE_AND_MOVE_RESOLUTION__1,2026搜索,2026搜索随机1w,78,64,9982,10000,0.781,0.64,-0.141,-0.379,0.093,False,共有
POST_TENURE_AND_MOVE_RESOLUTION__2,POST_TENURE_AND_MOVE_RESOLUTION__2,2026搜索,2026搜索随机1w,21,220,9982,10000,0.21,2.2,1.99,1.698,2.305,True,共有
POST_TENURE_AND_MOVE_RESOLUTION__3,POST_TENURE_AND_MOVE_RESOLUTION__3,2026搜索,2026搜索随机1w,5,130,9982,10000,0.05,1.3,1.25,1.035,1.493,True,共有
POST_TENURE_AND_MOVE_RESOLUTION__4,POST_TENURE_AND_MOVE_RESOLUTION__4,2026搜索,2026搜索随机1w,79,132,9982,10000,0.791,1.32,0.529,0.246,0.817,True,共有
POST_TENURE_AND_MOVE_RESOLUTION__5,POST_TENURE_AND_MOVE_RESOLUTION__5,2026搜索,2026搜索随机1w,7,104,9982,10000,0.07,1.04,0.97,0.774,1.191,True,共有
POST_TENURE_AND_MOVE_RESOLUTION__6,POST_TENURE_AND_MOVE_RESOLUTION__6,2026搜索,2026搜索随机1w,7,538,9982,10000,0.07,5.38,5.31,4.878,5.771,True,共有
PRIVATE_INDIVIDUAL_DATA_PROBE__1,PRIVATE_INDIVIDUAL_DATA_PROBE__1,2026搜索,2026搜索随机1w,1,83,9982,10000,0.01,0.83,0.82,0.653,1.018,True,共有
PRIVATE_INDIVIDUAL_DATA_PROBE__2,PRIVATE_INDIVIDUAL_DATA_PROBE__2,2026搜索,2026搜索随机1w,0,71,9982,10000,0.0,0.71,0.71,0.558,0.895,True,b独有
RELATION_AND_FAMILY_LOOKUP__1,RELATION_AND_FAMILY_LOOKUP__1,2026搜索,2026搜索随机1w,33,49,9982,10000,0.331,0.49,0.159,-0.019,0.343,False,共有
RELATION_AND_FAMILY_LOOKUP__2,RELATION_AND_FAMILY_LOOKUP__2,2026搜索,2026搜索随机1w,11,98,9982,10000,0.11,0.98,0.87,0.674,1.088,True,共有
RELATION_AND_FAMILY_LOOKUP__3,RELATION_AND_FAMILY_LOOKUP__3,2026搜索,2026搜索随机1w,22,112,9982,10000,0.22,1.12,0.9,0.68,1.138,True,共有
RELATION_AND_FAMILY_LOOKUP__4,RELATION_AND_FAMILY_LOOKUP__4,2026搜索,2026搜索随机1w,21,125,9982,10000,0.21,1.25,1.04,0.811,1.288,True,共有
RELATION_AND_FAMILY_LOOKUP__5,RELATION_AND_FAMILY_LOOKUP__5,2026搜索,2026搜索随机1w,8,158,9982,10000,0.08,1.58,1.5,1.26,1.766,True,共有
REVERSE_ENTITY_RESOLUTION__1,REVERSE_ENTITY_RESOLUTION__1,2026搜索,2026搜索随机1w,34,183,9982,10000,0.341,1.83,1.489,1.21,1.787,True,共有
REVERSE_ENTITY_RESOLUTION__2,REVERSE_ENTITY_RESOLUTION__2,2026搜索,2026搜索随机1w,19,59,9982,10000,0.19,0.59,0.4,0.23,0.583,True,共有
SINGLE_ATTRIBUTE_FACTOID__1,SINGLE_ATTRIBUTE_FACTOID__1,2026搜索,2026搜索随机1w,29,72,9982,10000,0.291,0.72,0.429,0.235,0.635,True,共有
SINGLE_ATTRIBUTE_FACTOID__2,SINGLE_ATTRIBUTE_FACTOID__2,2026搜索,2026搜索随机1w,13,101,9982,10000,0.13,1.01,0.88,0.679,1.102,True,共有
SINGLE_ATTRIBUTE_FACTOID__3,SINGLE_ATTRIBUTE_FACTOID__3,2026搜索,2026搜索随机1w,43,10,9982,10000,0.431,0.1,-0.331,-0.487,-0.192,True,共有
SINGLE_ATTRIBUTE_FACTOID__4,SINGLE_ATTRIBUTE_FACTOID__4,2026搜索,2026搜索随机1w,18,127,9982,10000,0.18,1.27,1.09,0.863,1.338,True,共有
SINGLE_ATTRIBUTE_FACTOID__5,SINGLE_ATTRIBUTE_FACTOID__5,2026搜索,2026搜索随机1w,13,33,9982,10000,0.13,0.33,0.2,0.067,0.343,True,共有
SINGLE_ATTRIBUTE_FACTOID__6,SINGLE_ATTRIBUTE_FACTOID__6,2026搜索,2026搜索随机1w,61,56,9982,10000,0.611,0.56,-0.051,-0.267,0.163,False,共有
ADULT_SEXUALIZED_IMAGE_BROWSE__1,ADULT_SEXUALIZED_IMAGE_BROWSE__1,2026搜索,助手头部1k,10,5,9982,889,0.1,0.562,0.462,0.129,1.211,True,共有
BARE_NAME_DEFAULT_LOOKUP__1,BARE_NAME_DEFAULT_LOOKUP__1,2026搜索,助手头部1k,2262,231,9982,889,22.661,25.984,3.323,0.426,6.413,True,共有
BARE_NAME_DEFAULT_LOOKUP__2,BARE_NAME_DEFAULT_LOOKUP__2,2026搜索,助手头部1k,932,55,9982,889,9.337,6.187,-3.15,-4.671,-1.286,True,共有
BARE_NAME_DEFAULT_LOOKUP__3,BARE_NAME_DEFAULT_LOOKUP__3,2026搜索,助手头部1k,290,24,9982,889,2.905,2.7,-0.206,-1.151,1.118,False,共有
BARE_NAME_DEFAULT_LOOKUP__4,BARE_NAME_DEFAULT_LOOKUP__4,2026搜索,助手头部1k,1089,147,9982,889,10.91,16.535,5.626,3.245,8.279,True,共有
BARE_NAME_DEFAULT_LOOKUP__5,BARE_NAME_DEFAULT_LOOKUP__5,2026搜索,助手头部1k,242,13,9982,889,2.424,1.462,-0.962,-1.647,0.1,False,共有
BIO_PROFILE_LOOKUP__1,BIO_PROFILE_LOOKUP__1,2026搜索,助手头部1k,394,16,9982,889,3.947,1.8,-2.147,-2.944,-0.985,True,共有
BIO_PROFILE_LOOKUP__2,BIO_PROFILE_LOOKUP__2,2026搜索,助手头部1k,579,6,9982,889,5.8,0.675,-5.126,-5.725,-4.221,True,共有
BIO_PROFILE_LOOKUP__3,BIO_PROFILE_LOOKUP__3,2026搜索,助手头部1k,361,0,9982,889,3.617,0.0,-3.617,-4.001,-3.063,True,a独有
BIO_PROFILE_LOOKUP__4,BIO_PROFILE_LOOKUP__4,2026搜索,助手头部1k,1061,23,9982,889,10.629,2.587,-8.042,-9.1,-6.646,True,共有
BIO_PROFILE_LOOKUP__5,BIO_PROFILE_LOOKUP__5,2026搜索,助手头部1k,325,4,9982,889,3.256,0.45,-2.806,-3.264,-2.031,True,共有
BREAKING_NEWS_CONTEXTUALIZATION__1,BREAKING_NEWS_CONTEXTUALIZATION__1,2026搜索,助手头部1k,1,0,9982,889,0.01,0.0,-0.01,-0.057,0.42,False,a独有
CAUSAL_EXPLANATION__1,CAUSAL_EXPLANATION__1,2026搜索,助手头部1k,5,13,9982,889,0.05,1.462,1.412,0.803,2.436,True,共有
CURRENT_STATUS_TRACKING__1,CURRENT_STATUS_TRACKING__1,2026搜索,助手头部1k,5,2,9982,889,0.05,0.225,0.175,-0.002,0.767,False,共有
EVALUATION_OPINION_LOOKUP__1,EVALUATION_OPINION_LOOKUP__1,2026搜索,助手头部1k,9,30,9982,889,0.09,3.375,3.284,2.28,4.687,True,共有
FICTIONAL_PLOT_SETTING_LOOKUP__1,FICTIONAL_PLOT_SETTING_LOOKUP__1,2026搜索,助手头部1k,30,9,9982,889,0.301,1.012,0.712,0.216,1.617,True,共有
FICTIONAL_PLOT_SETTING_LOOKUP__2,FICTIONAL_PLOT_SETTING_LOOKUP__2,2026搜索,助手头部1k,14,12,9982,889,0.14,1.35,1.21,0.626,2.206,True,共有
HARD_REFUSE_ILLICIT_IMAGERY_REQUEST__1,HARD_REFUSE_ILLICIT_IMAGERY_REQUEST__1,2026搜索,助手头部1k,3,1,9982,889,0.03,0.112,0.082,-0.027,0.605,False,共有
OFFICIAL_DOCUMENT_RETRIEVAL__1,OFFICIAL_DOCUMENT_RETRIEVAL__1,2026搜索,助手头部1k,9,0,9982,889,0.09,0.0,-0.09,-0.171,0.342,False,a独有
OUT_OF_SCOPE_OR_UNPARSEABLE__1,OUT_OF_SCOPE_OR_UNPARSEABLE__1,2026搜索,助手头部1k,635,145,9982,889,6.361,16.31,9.949,7.613,12.563,True,共有
OUT_OF_SCOPE_OR_UNPARSEABLE__2,OUT_OF_SCOPE_OR_UNPARSEABLE__2,2026搜索,助手头部1k,59,2,9982,889,0.591,0.225,-0.366,-0.602,0.24,False,共有
PERSON_LIST_LOOKUP__1,PERSON_LIST_LOOKUP__1,2026搜索,助手头部1k,74,4,9982,889,0.741,0.45,-0.291,-0.625,0.426,False,共有
PERSON_LIST_LOOKUP__2,PERSON_LIST_LOOKUP__2,2026搜索,助手头部1k,146,13,9982,889,1.463,1.462,-0.0,-0.658,1.046,False,共有
PLATFORM_DIRECTED_TASK__1,PLATFORM_DIRECTED_TASK__1,2026搜索,助手头部1k,359,4,9982,889,3.596,0.45,-3.147,-3.618,-2.364,True,共有
PLATFORM_DIRECTED_TASK__2,PLATFORM_DIRECTED_TASK__2,2026搜索,助手头部1k,502,3,9982,889,5.029,0.337,-4.692,-5.19,-3.922,True,共有
PORTRAIT_IMAGE_REQUEST__2,PORTRAIT_IMAGE_REQUEST__2,2026搜索,助手头部1k,11,1,9982,889,0.11,0.112,0.002,-0.125,0.526,False,共有
PORTRAIT_IMAGE_REQUEST__3,PORTRAIT_IMAGE_REQUEST__3,2026搜索,助手头部1k,22,0,9982,889,0.22,0.0,-0.22,-0.333,0.216,False,a独有
PORTRAIT_IMAGE_REQUEST__4,PORTRAIT_IMAGE_REQUEST__4,2026搜索,助手头部1k,30,1,9982,889,0.301,0.112,-0.188,-0.346,0.342,False,共有
POST_TENURE_AND_MOVE_RESOLUTION__1,POST_TENURE_AND_MOVE_RESOLUTION__1,2026搜索,助手头部1k,78,3,9982,889,0.781,0.337,-0.444,-0.738,0.224,False,共有
POST_TENURE_AND_MOVE_RESOLUTION__2,POST_TENURE_AND_MOVE_RESOLUTION__2,2026搜索,助手头部1k,21,7,9982,889,0.21,0.787,0.577,0.157,1.409,True,共有
POST_TENURE_AND_MOVE_RESOLUTION__3,POST_TENURE_AND_MOVE_RESOLUTION__3,2026搜索,助手头部1k,5,1,9982,889,0.05,0.112,0.062,-0.052,0.585,False,共有
POST_TENURE_AND_MOVE_RESOLUTION__4,POST_TENURE_AND_MOVE_RESOLUTION__4,2026搜索,助手头部1k,79,5,9982,889,0.791,0.562,-0.229,-0.605,0.534,False,共有
POST_TENURE_AND_MOVE_RESOLUTION__5,POST_TENURE_AND_MOVE_RESOLUTION__5,2026搜索,助手头部1k,7,0,9982,889,0.07,0.0,-0.07,-0.145,0.362,False,a独有
POST_TENURE_AND_MOVE_RESOLUTION__6,POST_TENURE_AND_MOVE_RESOLUTION__6,2026搜索,助手头部1k,7,2,9982,889,0.07,0.225,0.155,-0.025,0.748,False,共有
PRIVATE_INDIVIDUAL_DATA_PROBE__1,PRIVATE_INDIVIDUAL_DATA_PROBE__1,2026搜索,助手头部1k,1,0,9982,889,0.01,0.0,-0.01,-0.057,0.42,False,a独有
RELATION_AND_FAMILY_LOOKUP__1,RELATION_AND_FAMILY_LOOKUP__1,2026搜索,助手头部1k,33,8,9982,889,0.331,0.9,0.569,0.106,1.44,True,共有
RELATION_AND_FAMILY_LOOKUP__2,RELATION_AND_FAMILY_LOOKUP__2,2026搜索,助手头部1k,11,10,9982,889,0.11,1.125,1.015,0.495,1.949,True,共有
RELATION_AND_FAMILY_LOOKUP__3,RELATION_AND_FAMILY_LOOKUP__3,2026搜索,助手头部1k,22,15,9982,889,0.22,1.687,1.467,0.795,2.547,True,共有
RELATION_AND_FAMILY_LOOKUP__4,RELATION_AND_FAMILY_LOOKUP__4,2026搜索,助手头部1k,21,3,9982,889,0.21,0.337,0.127,-0.122,0.781,False,共有
RELATION_AND_FAMILY_LOOKUP__5,RELATION_AND_FAMILY_LOOKUP__5,2026搜索,助手头部1k,8,25,9982,889,0.08,2.812,2.732,1.828,4.039,True,共有
REVERSE_ENTITY_RESOLUTION__1,REVERSE_ENTITY_RESOLUTION__1,2026搜索,助手头部1k,34,18,9982,889,0.341,2.025,1.684,0.932,2.841,True,共有
REVERSE_ENTITY_RESOLUTION__2,REVERSE_ENTITY_RESOLUTION__2,2026搜索,助手头部1k,19,7,9982,889,0.19,0.787,0.597,0.178,1.429,True,共有
SCANDAL_BLACK_MATERIAL_CONSUMPTION__1,SCANDAL_BLACK_MATERIAL_CONSUMPTION__1,2026搜索,助手头部1k,0,2,9982,889,0.0,0.225,0.225,0.057,0.817,True,b独有
SINGLE_ATTRIBUTE_FACTOID__1,SINGLE_ATTRIBUTE_FACTOID__1,2026搜索,助手头部1k,29,1,9982,889,0.291,0.112,-0.178,-0.335,0.351,False,共有
SINGLE_ATTRIBUTE_FACTOID__2,SINGLE_ATTRIBUTE_FACTOID__2,2026搜索,助手头部1k,13,6,9982,889,0.13,0.675,0.545,0.168,1.336,True,共有
SINGLE_ATTRIBUTE_FACTOID__3,SINGLE_ATTRIBUTE_FACTOID__3,2026搜索,助手头部1k,43,0,9982,889,0.431,0.0,-0.431,-0.58,0.014,False,a独有
SINGLE_ATTRIBUTE_FACTOID__4,SINGLE_ATTRIBUTE_FACTOID__4,2026搜索,助手头部1k,18,9,9982,889,0.18,1.012,0.832,0.342,1.735,True,共有
SINGLE_ATTRIBUTE_FACTOID__5,SINGLE_ATTRIBUTE_FACTOID__5,2026搜索,助手头部1k,13,3,9982,889,0.13,0.337,0.207,-0.034,0.859,False,共有
SINGLE_ATTRIBUTE_FACTOID__6,SINGLE_ATTRIBUTE_FACTOID__6,2026搜索,助手头部1k,61,0,9982,889,0.611,0.0,-0.611,-0.784,-0.16,True,a独有
ADULT_SEXUALIZED_IMAGE_BROWSE__1,ADULT_SEXUALIZED_IMAGE_BROWSE__1,2026搜索,助手随机1k,10,0,9982,950,0.1,0.0,-0.1,-0.184,0.305,False,a独有
BARE_NAME_DEFAULT_LOOKUP__1,BARE_NAME_DEFAULT_LOOKUP__1,2026搜索,助手随机1k,2262,22,9982,950,22.661,2.316,-20.345,-21.486,-18.925,True,共有
BARE_NAME_DEFAULT_LOOKUP__2,BARE_NAME_DEFAULT_LOOKUP__2,2026搜索,助手随机1k,932,9,9982,950,9.337,0.947,-8.389,-9.128,-7.38,True,共有
BARE_NAME_DEFAULT_LOOKUP__3,BARE_NAME_DEFAULT_LOOKUP__3,2026搜索,助手随机1k,290,5,9982,950,2.905,0.526,-2.379,-2.839,-1.613,True,共有
BARE_NAME_DEFAULT_LOOKUP__4,BARE_NAME_DEFAULT_LOOKUP__4,2026搜索,助手随机1k,1089,22,9982,950,10.91,2.316,-8.594,-9.596,-7.284,True,共有
BARE_NAME_DEFAULT_LOOKUP__5,BARE_NAME_DEFAULT_LOOKUP__5,2026搜索,助手随机1k,242,38,9982,950,2.424,4.0,1.576,0.457,3.046,True,共有
BIO_PROFILE_LOOKUP__1,BIO_PROFILE_LOOKUP__1,2026搜索,助手随机1k,394,28,9982,950,3.947,2.947,-1.0,-1.985,0.331,False,共有
BIO_PROFILE_LOOKUP__2,BIO_PROFILE_LOOKUP__2,2026搜索,助手随机1k,579,18,9982,950,5.8,1.895,-3.906,-4.746,-2.738,True,共有
BIO_PROFILE_LOOKUP__3,BIO_PROFILE_LOOKUP__3,2026搜索,助手随机1k,361,0,9982,950,3.617,0.0,-3.617,-4.001,-3.084,True,a独有
BIO_PROFILE_LOOKUP__4,BIO_PROFILE_LOOKUP__4,2026搜索,助手随机1k,1061,10,9982,950,10.629,1.053,-9.577,-10.36,-8.522,True,共有
BIO_PROFILE_LOOKUP__5,BIO_PROFILE_LOOKUP__5,2026搜索,助手随机1k,325,1,9982,950,3.256,0.105,-3.151,-3.527,-2.561,True,共有
BREAKING_NEWS_CONTEXTUALIZATION__1,BREAKING_NEWS_CONTEXTUALIZATION__1,2026搜索,助手随机1k,1,0,9982,950,0.01,0.0,-0.01,-0.057,0.393,False,a独有
CAUSAL_EXPLANATION__1,CAUSAL_EXPLANATION__1,2026搜索,助手随机1k,5,30,9982,950,0.05,3.158,3.108,2.168,4.422,True,共有
CURRENT_STATUS_TRACKING__1,CURRENT_STATUS_TRACKING__1,2026搜索,助手随机1k,5,12,9982,950,0.05,1.263,1.213,0.67,2.145,True,共有
DEATH_VERIFICATION__1,DEATH_VERIFICATION__1,2026搜索,助手随机1k,0,3,9982,950,0.0,0.316,0.316,0.104,0.924,True,b独有
EVALUATION_OPINION_LOOKUP__1,EVALUATION_OPINION_LOOKUP__1,2026搜索,助手随机1k,9,57,9982,950,0.09,6.0,5.91,4.567,7.605,True,共有
EVALUATION_OPINION_LOOKUP__2,EVALUATION_OPINION_LOOKUP__2,2026搜索,助手随机1k,0,7,9982,950,0.0,0.737,0.737,0.355,1.513,True,b独有
FICTIONAL_PLOT_SETTING_LOOKUP__1,FICTIONAL_PLOT_SETTING_LOOKUP__1,2026搜索,助手随机1k,30,26,9982,950,0.301,2.737,2.436,1.564,3.683,True,共有
FICTIONAL_PLOT_SETTING_LOOKUP__2,FICTIONAL_PLOT_SETTING_LOOKUP__2,2026搜索,助手随机1k,14,24,9982,950,0.14,2.526,2.386,1.558,3.593,True,共有
HARD_REFUSE_ILLICIT_IMAGERY_REQUEST__1,HARD_REFUSE_ILLICIT_IMAGERY_REQUEST__1,2026搜索,助手随机1k,3,0,9982,950,0.03,0.0,-0.03,-0.088,0.373,False,a独有
OFFICIAL_DOCUMENT_RETRIEVAL__1,OFFICIAL_DOCUMENT_RETRIEVAL__1,2026搜索,助手随机1k,9,0,9982,950,0.09,0.0,-0.09,-0.171,0.315,False,a独有
OUT_OF_SCOPE_OR_UNPARSEABLE__1,OUT_OF_SCOPE_OR_UNPARSEABLE__1,2026搜索,助手随机1k,635,144,9982,950,6.361,15.158,8.796,6.6,11.261,True,共有
OUT_OF_SCOPE_OR_UNPARSEABLE__2,OUT_OF_SCOPE_OR_UNPARSEABLE__2,2026搜索,助手随机1k,59,3,9982,950,0.591,0.316,-0.275,-0.545,0.348,False,共有
PERSON_LIST_LOOKUP__1,PERSON_LIST_LOOKUP__1,2026搜索,助手随机1k,74,32,9982,950,0.741,3.368,2.627,1.637,3.983,True,共有
PERSON_LIST_LOOKUP__2,PERSON_LIST_LOOKUP__2,2026搜索,助手随机1k,146,65,9982,950,1.463,6.842,5.379,3.919,7.178,True,共有
PLATFORM_DIRECTED_TASK__1,PLATFORM_DIRECTED_TASK__1,2026搜索,助手随机1k,359,0,9982,950,3.596,0.0,-3.596,-3.98,-3.064,True,a独有
PLATFORM_DIRECTED_TASK__2,PLATFORM_DIRECTED_TASK__2,2026搜索,助手随机1k,502,6,9982,950,5.029,0.632,-4.397,-4.96,-3.551,True,共有
PORTRAIT_IMAGE_REQUEST__2,PORTRAIT_IMAGE_REQUEST__2,2026搜索,助手随机1k,11,4,9982,950,0.11,0.421,0.311,0.039,0.969,True,共有
PORTRAIT_IMAGE_REQUEST__3,PORTRAIT_IMAGE_REQUEST__3,2026搜索,助手随机1k,22,6,9982,950,0.22,0.632,0.411,0.051,1.154,True,共有
PORTRAIT_IMAGE_REQUEST__4,PORTRAIT_IMAGE_REQUEST__4,2026搜索,助手随机1k,30,4,9982,950,0.301,0.421,0.121,-0.167,0.783,False,共有
POST_TENURE_AND_MOVE_RESOLUTION__1,POST_TENURE_AND_MOVE_RESOLUTION__1,2026搜索,助手随机1k,78,1,9982,950,0.781,0.105,-0.676,-0.887,-0.164,True,共有
POST_TENURE_AND_MOVE_RESOLUTION__2,POST_TENURE_AND_MOVE_RESOLUTION__2,2026搜索,助手随机1k,21,90,9982,950,0.21,9.474,9.263,7.557,11.293,True,共有
POST_TENURE_AND_MOVE_RESOLUTION__3,POST_TENURE_AND_MOVE_RESOLUTION__3,2026搜索,助手随机1k,5,14,9982,950,0.05,1.474,1.424,0.826,2.409,True,共有
POST_TENURE_AND_MOVE_RESOLUTION__4,POST_TENURE_AND_MOVE_RESOLUTION__4,2026搜索,助手随机1k,79,3,9982,950,0.791,0.316,-0.476,-0.76,0.153,False,共有
POST_TENURE_AND_MOVE_RESOLUTION__5,POST_TENURE_AND_MOVE_RESOLUTION__5,2026搜索,助手随机1k,7,14,9982,950,0.07,1.474,1.404,0.805,2.389,True,共有
POST_TENURE_AND_MOVE_RESOLUTION__6,POST_TENURE_AND_MOVE_RESOLUTION__6,2026搜索,助手随机1k,7,18,9982,950,0.07,1.895,1.825,1.128,2.906,True,共有
PRIVATE_INDIVIDUAL_DATA_PROBE__1,PRIVATE_INDIVIDUAL_DATA_PROBE__1,2026搜索,助手随机1k,1,17,9982,950,0.01,1.789,1.779,1.109,2.837,True,共有
PRIVATE_INDIVIDUAL_DATA_PROBE__2,PRIVATE_INDIVIDUAL_DATA_PROBE__2,2026搜索,助手随机1k,0,16,9982,950,0.0,1.684,1.684,1.038,2.718,True,b独有
RELATION_AND_FAMILY_LOOKUP__1,RELATION_AND_FAMILY_LOOKUP__1,2026搜索,助手随机1k,33,5,9982,950,0.331,0.526,0.196,-0.134,0.902,False,共有
RELATION_AND_FAMILY_LOOKUP__2,RELATION_AND_FAMILY_LOOKUP__2,2026搜索,助手随机1k,11,11,9982,950,0.11,1.158,1.048,0.53,1.953,True,共有
RELATION_AND_FAMILY_LOOKUP__3,RELATION_AND_FAMILY_LOOKUP__3,2026搜索,助手随机1k,22,13,9982,950,0.22,1.368,1.148,0.57,2.11,True,共有
RELATION_AND_FAMILY_LOOKUP__4,RELATION_AND_FAMILY_LOOKUP__4,2026搜索,助手随机1k,21,20,9982,950,0.21,2.105,1.895,1.148,3.021,True,共有
RELATION_AND_FAMILY_LOOKUP__5,RELATION_AND_FAMILY_LOOKUP__5,2026搜索,助手随机1k,8,48,9982,950,0.08,5.053,4.972,3.749,6.556,True,共有
REVERSE_ENTITY_RESOLUTION__1,REVERSE_ENTITY_RESOLUTION__1,2026搜索,助手随机1k,34,22,9982,950,0.341,2.316,1.975,1.182,3.145,True,共有
REVERSE_ENTITY_RESOLUTION__2,REVERSE_ENTITY_RESOLUTION__2,2026搜索,助手随机1k,19,12,9982,950,0.19,1.263,1.073,0.523,2.007,True,共有
SINGLE_ATTRIBUTE_FACTOID__1,SINGLE_ATTRIBUTE_FACTOID__1,2026搜索,助手随机1k,29,12,9982,950,0.291,1.263,0.973,0.419,1.908,True,共有
SINGLE_ATTRIBUTE_FACTOID__2,SINGLE_ATTRIBUTE_FACTOID__2,2026搜索,助手随机1k,13,20,9982,950,0.13,2.105,1.975,1.231,3.1,True,共有
SINGLE_ATTRIBUTE_FACTOID__3,SINGLE_ATTRIBUTE_FACTOID__3,2026搜索,助手随机1k,43,0,9982,950,0.431,0.0,-0.431,-0.58,-0.013,True,a独有
SINGLE_ATTRIBUTE_FACTOID__4,SINGLE_ATTRIBUTE_FACTOID__4,2026搜索,助手随机1k,18,25,9982,950,0.18,2.632,2.451,1.602,3.677,True,共有
SINGLE_ATTRIBUTE_FACTOID__5,SINGLE_ATTRIBUTE_FACTOID__5,2026搜索,助手随机1k,13,9,9982,950,0.13,0.947,0.817,0.36,1.662,True,共有
SINGLE_ATTRIBUTE_FACTOID__6,SINGLE_ATTRIBUTE_FACTOID__6,2026搜索,助手随机1k,61,4,9982,950,0.611,0.421,-0.19,-0.5,0.48,False,共有
ADULT_SEXUALIZED_IMAGE_BROWSE__1,ADULT_SEXUALIZED_IMAGE_BROWSE__1,2026搜索,助手语音头部1k,10,6,9982,999,0.1,0.601,0.5,0.165,1.205,True,共有
BARE_NAME_DEFAULT_LOOKUP__1,BARE_NAME_DEFAULT_LOOKUP__1,2026搜索,助手语音头部1k,2262,269,9982,999,22.661,26.927,4.266,1.481,7.215,True,共有
BARE_NAME_DEFAULT_LOOKUP__2,BARE_NAME_DEFAULT_LOOKUP__2,2026搜索,助手语音头部1k,932,182,9982,999,9.337,18.218,8.881,6.537,11.456,True,共有
BARE_NAME_DEFAULT_LOOKUP__3,BARE_NAME_DEFAULT_LOOKUP__3,2026搜索,助手语音头部1k,290,37,9982,999,2.905,3.704,0.798,-0.265,2.193,False,共有
BARE_NAME_DEFAULT_LOOKUP__4,BARE_NAME_DEFAULT_LOOKUP__4,2026搜索,助手语音头部1k,1089,167,9982,999,10.91,16.717,5.807,3.534,8.319,True,共有
BARE_NAME_DEFAULT_LOOKUP__5,BARE_NAME_DEFAULT_LOOKUP__5,2026搜索,助手语音头部1k,242,10,9982,999,2.424,1.001,-1.423,-1.981,-0.544,True,共有
BIO_PROFILE_LOOKUP__1,BIO_PROFILE_LOOKUP__1,2026搜索,助手语音头部1k,394,8,9982,999,3.947,0.801,-3.146,-3.708,-2.293,True,共有
BIO_PROFILE_LOOKUP__2,BIO_PROFILE_LOOKUP__2,2026搜索,助手语音头部1k,579,12,9982,999,5.8,1.201,-4.599,-5.299,-3.609,True,共有
BIO_PROFILE_LOOKUP__3,BIO_PROFILE_LOOKUP__3,2026搜索,助手语音头部1k,361,0,9982,999,3.617,0.0,-3.617,-4.001,-3.098,True,a独有
BIO_PROFILE_LOOKUP__4,BIO_PROFILE_LOOKUP__4,2026搜索,助手语音头部1k,1061,1,9982,999,10.629,0.1,-10.529,-11.154,-9.778,True,共有
BIO_PROFILE_LOOKUP__5,BIO_PROFILE_LOOKUP__5,2026搜索,助手语音头部1k,325,0,9982,999,3.256,0.0,-3.256,-3.622,-2.75,True,a独有
BREAKING_NEWS_CONTEXTUALIZATION__1,BREAKING_NEWS_CONTEXTUALIZATION__1,2026搜索,助手语音头部1k,1,0,9982,999,0.01,0.0,-0.01,-0.057,0.373,False,a独有
CAUSAL_EXPLANATION__1,CAUSAL_EXPLANATION__1,2026搜索,助手语音头部1k,5,0,9982,999,0.05,0.0,-0.05,-0.117,0.334,False,a独有
CURRENT_STATUS_TRACKING__1,CURRENT_STATUS_TRACKING__1,2026搜索,助手语音头部1k,5,0,9982,999,0.05,0.0,-0.05,-0.117,0.334,False,a独有
EVALUATION_OPINION_LOOKUP__1,EVALUATION_OPINION_LOOKUP__1,2026搜索,助手语音头部1k,9,5,9982,999,0.09,0.501,0.41,0.113,1.077,True,共有
EVALUATION_OPINION_LOOKUP__2,EVALUATION_OPINION_LOOKUP__2,2026搜索,助手语音头部1k,0,2,9982,999,0.0,0.2,0.2,0.05,0.727,True,b独有
FICTIONAL_PLOT_SETTING_LOOKUP__1,FICTIONAL_PLOT_SETTING_LOOKUP__1,2026搜索,助手语音头部1k,30,4,9982,999,0.301,0.4,0.1,-0.176,0.731,False,共有
FICTIONAL_PLOT_SETTING_LOOKUP__2,FICTIONAL_PLOT_SETTING_LOOKUP__2,2026搜索,助手语音头部1k,14,4,9982,999,0.14,0.4,0.26,-0.002,0.887,False,共有
HARD_REFUSE_ILLICIT_IMAGERY_REQUEST__1,HARD_REFUSE_ILLICIT_IMAGERY_REQUEST__1,2026搜索,助手语音头部1k,3,1,9982,999,0.03,0.1,0.07,-0.031,0.535,False,共有
OFFICIAL_DOCUMENT_RETRIEVAL__1,OFFICIAL_DOCUMENT_RETRIEVAL__1,2026搜索,助手语音头部1k,9,1,9982,999,0.09,0.1,0.01,-0.106,0.477,False,共有
OUT_OF_SCOPE_OR_UNPARSEABLE__1,OUT_OF_SCOPE_OR_UNPARSEABLE__1,2026搜索,助手语音头部1k,635,193,9982,999,6.361,19.319,12.958,10.577,15.563,True,共有
OUT_OF_SCOPE_OR_UNPARSEABLE__2,OUT_OF_SCOPE_OR_UNPARSEABLE__2,2026搜索,助手语音头部1k,59,17,9982,999,0.591,1.702,1.111,0.452,2.126,True,共有
PERSON_LIST_LOOKUP__1,PERSON_LIST_LOOKUP__1,2026搜索,助手语音头部1k,74,2,9982,999,0.741,0.2,-0.541,-0.779,0.007,False,共有
PERSON_LIST_LOOKUP__2,PERSON_LIST_LOOKUP__2,2026搜索,助手语音头部1k,146,14,9982,999,1.463,1.401,-0.061,-0.681,0.901,False,共有
PLATFORM_DIRECTED_TASK__1,PLATFORM_DIRECTED_TASK__1,2026搜索,助手语音头部1k,359,0,9982,999,3.596,0.0,-3.596,-3.98,-3.079,True,a独有
PLATFORM_DIRECTED_TASK__2,PLATFORM_DIRECTED_TASK__2,2026搜索,助手语音头部1k,502,1,9982,999,5.029,0.1,-4.929,-5.383,-4.308,True,共有
PORTRAIT_IMAGE_REQUEST__2,PORTRAIT_IMAGE_REQUEST__2,2026搜索,助手语音头部1k,11,0,9982,999,0.11,0.0,-0.11,-0.197,0.276,False,a独有
PORTRAIT_IMAGE_REQUEST__3,PORTRAIT_IMAGE_REQUEST__3,2026搜索,助手语音头部1k,22,4,9982,999,0.22,0.4,0.18,-0.089,0.809,False,共有
PORTRAIT_IMAGE_REQUEST__4,PORTRAIT_IMAGE_REQUEST__4,2026搜索,助手语音头部1k,30,0,9982,999,0.301,0.0,-0.301,-0.429,0.093,False,a独有
POST_TENURE_AND_MOVE_RESOLUTION__1,POST_TENURE_AND_MOVE_RESOLUTION__1,2026搜索,助手语音头部1k,78,11,9982,999,0.781,1.101,0.32,-0.202,1.193,False,共有
POST_TENURE_AND_MOVE_RESOLUTION__2,POST_TENURE_AND_MOVE_RESOLUTION__2,2026搜索,助手语音头部1k,21,2,9982,999,0.21,0.2,-0.01,-0.193,0.522,False,共有
POST_TENURE_AND_MOVE_RESOLUTION__3,POST_TENURE_AND_MOVE_RESOLUTION__3,2026搜索,助手语音头部1k,5,0,9982,999,0.05,0.0,-0.05,-0.117,0.334,False,a独有
POST_TENURE_AND_MOVE_RESOLUTION__4,POST_TENURE_AND_MOVE_RESOLUTION__4,2026搜索,助手语音头部1k,79,4,9982,999,0.791,0.4,-0.391,-0.703,0.253,False,共有
POST_TENURE_AND_MOVE_RESOLUTION__5,POST_TENURE_AND_MOVE_RESOLUTION__5,2026搜索,助手语音头部1k,7,0,9982,999,0.07,0.0,-0.07,-0.145,0.315,False,a独有
POST_TENURE_AND_MOVE_RESOLUTION__6,POST_TENURE_AND_MOVE_RESOLUTION__6,2026搜索,助手语音头部1k,7,2,9982,999,0.07,0.2,0.13,-0.033,0.658,False,共有
PRIVATE_INDIVIDUAL_DATA_PROBE__1,PRIVATE_INDIVIDUAL_DATA_PROBE__1,2026搜索,助手语音头部1k,1,2,9982,999,0.01,0.2,0.19,0.038,0.717,True,共有
RELATION_AND_FAMILY_LOOKUP__1,RELATION_AND_FAMILY_LOOKUP__1,2026搜索,助手语音头部1k,33,0,9982,999,0.331,0.0,-0.331,-0.464,0.064,False,a独有
RELATION_AND_FAMILY_LOOKUP__2,RELATION_AND_FAMILY_LOOKUP__2,2026搜索,助手语音头部1k,11,0,9982,999,0.11,0.0,-0.11,-0.197,0.276,False,a独有
RELATION_AND_FAMILY_LOOKUP__3,RELATION_AND_FAMILY_LOOKUP__3,2026搜索,助手语音头部1k,22,0,9982,999,0.22,0.0,-0.22,-0.333,0.17,False,a独有
RELATION_AND_FAMILY_LOOKUP__4,RELATION_AND_FAMILY_LOOKUP__4,2026搜索,助手语音头部1k,21,3,9982,999,0.21,0.3,0.09,-0.137,0.673,False,共有
RELATION_AND_FAMILY_LOOKUP__5,RELATION_AND_FAMILY_LOOKUP__5,2026搜索,助手语音头部1k,8,0,9982,999,0.08,0.0,-0.08,-0.158,0.305,False,a独有
REVERSE_ENTITY_RESOLUTION__1,REVERSE_ENTITY_RESOLUTION__1,2026搜索,助手语音头部1k,34,9,9982,999,0.341,0.901,0.56,0.113,1.368,True,共有
REVERSE_ENTITY_RESOLUTION__2,REVERSE_ENTITY_RESOLUTION__2,2026搜索,助手语音头部1k,19,7,9982,999,0.19,0.701,0.51,0.134,1.252,True,共有
SINGLE_ATTRIBUTE_FACTOID__1,SINGLE_ATTRIBUTE_FACTOID__1,2026搜索,助手语音头部1k,29,2,9982,999,0.291,0.2,-0.09,-0.283,0.444,False,共有
SINGLE_ATTRIBUTE_FACTOID__2,SINGLE_ATTRIBUTE_FACTOID__2,2026搜索,助手语音头部1k,13,2,9982,999,0.13,0.2,0.07,-0.102,0.6,False,共有
SINGLE_ATTRIBUTE_FACTOID__3,SINGLE_ATTRIBUTE_FACTOID__3,2026搜索,助手语音头部1k,43,10,9982,999,0.431,1.001,0.57,0.09,1.409,True,共有
SINGLE_ATTRIBUTE_FACTOID__4,SINGLE_ATTRIBUTE_FACTOID__4,2026搜索,助手语音头部1k,18,2,9982,999,0.18,0.2,0.02,-0.159,0.551,False,共有
SINGLE_ATTRIBUTE_FACTOID__5,SINGLE_ATTRIBUTE_FACTOID__5,2026搜索,助手语音头部1k,13,0,9982,999,0.13,0.0,-0.13,-0.223,0.257,False,a独有
SINGLE_ATTRIBUTE_FACTOID__6,SINGLE_ATTRIBUTE_FACTOID__6,2026搜索,助手语音头部1k,61,3,9982,999,0.611,0.3,-0.311,-0.574,0.284,False,共有
ADULT_SEXUALIZED_IMAGE_BROWSE__1,ADULT_SEXUALIZED_IMAGE_BROWSE__1,2026搜索,助手语音随机1k,10,0,9982,1000,0.1,0.0,-0.1,-0.184,0.285,False,a独有
BARE_NAME_DEFAULT_LOOKUP__1,BARE_NAME_DEFAULT_LOOKUP__1,2026搜索,助手语音随机1k,2262,75,9982,1000,22.661,7.5,-15.161,-16.854,-13.187,True,共有
BARE_NAME_DEFAULT_LOOKUP__2,BARE_NAME_DEFAULT_LOOKUP__2,2026搜索,助手语音随机1k,932,52,9982,1000,9.337,5.2,-4.137,-5.484,-2.485,True,共有
BARE_NAME_DEFAULT_LOOKUP__3,BARE_NAME_DEFAULT_LOOKUP__3,2026搜索,助手语音随机1k,290,19,9982,1000,2.905,1.9,-1.005,-1.769,0.089,False,共有
BARE_NAME_DEFAULT_LOOKUP__4,BARE_NAME_DEFAULT_LOOKUP__4,2026搜索,助手语音随机1k,1089,63,9982,1000,10.91,6.3,-4.61,-6.094,-2.827,True,共有
BARE_NAME_DEFAULT_LOOKUP__5,BARE_NAME_DEFAULT_LOOKUP__5,2026搜索,助手语音随机1k,242,76,9982,1000,2.424,7.6,5.176,3.656,7.007,True,共有
BIO_PROFILE_LOOKUP__1,BIO_PROFILE_LOOKUP__1,2026搜索,助手语音随机1k,394,9,9982,1000,3.947,0.9,-3.047,-3.631,-2.167,True,共有
BIO_PROFILE_LOOKUP__2,BIO_PROFILE_LOOKUP__2,2026搜索,助手语音随机1k,579,31,9982,1000,5.8,3.1,-2.7,-3.725,-1.359,True,共有
BIO_PROFILE_LOOKUP__3,BIO_PROFILE_LOOKUP__3,2026搜索,助手语音随机1k,361,0,9982,1000,3.617,0.0,-3.617,-4.001,-3.099,True,a独有
BIO_PROFILE_LOOKUP__4,BIO_PROFILE_LOOKUP__4,2026搜索,助手语音随机1k,1061,8,9982,1000,10.629,0.8,-9.829,-10.564,-8.859,True,共有
BIO_PROFILE_LOOKUP__5,BIO_PROFILE_LOOKUP__5,2026搜索,助手语音随机1k,325,0,9982,1000,3.256,0.0,-3.256,-3.622,-2.75,True,a独有
BREAKING_NEWS_CONTEXTUALIZATION__1,BREAKING_NEWS_CONTEXTUALIZATION__1,2026搜索,助手语音随机1k,1,0,9982,1000,0.01,0.0,-0.01,-0.057,0.373,False,a独有
CAUSAL_EXPLANATION__1,CAUSAL_EXPLANATION__1,2026搜索,助手语音随机1k,5,13,9982,1000,0.05,1.3,1.25,0.707,2.162,True,共有
CURRENT_STATUS_TRACKING__1,CURRENT_STATUS_TRACKING__1,2026搜索,助手语音随机1k,5,0,9982,1000,0.05,0.0,-0.05,-0.117,0.334,False,a独有
DEATH_VERIFICATION__1,DEATH_VERIFICATION__1,2026搜索,助手语音随机1k,0,1,9982,1000,0.0,0.1,0.1,0.009,0.564,True,b独有
EVALUATION_OPINION_LOOKUP__1,EVALUATION_OPINION_LOOKUP__1,2026搜索,助手语音随机1k,9,24,9982,1000,0.09,2.4,2.31,1.524,3.457,True,共有
EVALUATION_OPINION_LOOKUP__2,EVALUATION_OPINION_LOOKUP__2,2026搜索,助手语音随机1k,0,4,9982,1000,0.0,0.4,0.4,0.153,1.024,True,b独有
FICTIONAL_PLOT_SETTING_LOOKUP__1,FICTIONAL_PLOT_SETTING_LOOKUP__1,2026搜索,助手语音随机1k,30,31,9982,1000,0.301,3.1,2.799,1.883,4.069,True,共有
FICTIONAL_PLOT_SETTING_LOOKUP__2,FICTIONAL_PLOT_SETTING_LOOKUP__2,2026搜索,助手语音随机1k,14,43,9982,1000,0.14,4.3,4.16,3.063,5.603,True,共有
HARD_REFUSE_ILLICIT_IMAGERY_REQUEST__1,HARD_REFUSE_ILLICIT_IMAGERY_REQUEST__1,2026搜索,助手语音随机1k,3,3,9982,1000,0.03,0.3,0.27,0.064,0.849,True,共有
OFFICIAL_DOCUMENT_RETRIEVAL__1,OFFICIAL_DOCUMENT_RETRIEVAL__1,2026搜索,助手语音随机1k,9,2,9982,1000,0.09,0.2,0.11,-0.056,0.638,False,共有
OUT_OF_SCOPE_OR_UNPARSEABLE__1,OUT_OF_SCOPE_OR_UNPARSEABLE__1,2026搜索,助手语音随机1k,635,168,9982,1000,6.361,16.8,10.439,8.194,12.925,True,共有
OUT_OF_SCOPE_OR_UNPARSEABLE__2,OUT_OF_SCOPE_OR_UNPARSEABLE__2,2026搜索,助手语音随机1k,59,6,9982,1000,0.591,0.6,0.009,-0.358,0.724,False,共有
PERSON_LIST_LOOKUP__1,PERSON_LIST_LOOKUP__1,2026搜索,助手语音随机1k,74,23,9982,1000,0.741,2.3,1.559,0.773,2.696,True,共有
PERSON_LIST_LOOKUP__2,PERSON_LIST_LOOKUP__2,2026搜索,助手语音随机1k,146,37,9982,1000,1.463,3.7,2.237,1.202,3.613,True,共有
PLATFORM_DIRECTED_TASK__1,PLATFORM_DIRECTED_TASK__1,2026搜索,助手语音随机1k,359,0,9982,1000,3.596,0.0,-3.596,-3.98,-3.079,True,a独有
PLATFORM_DIRECTED_TASK__2,PLATFORM_DIRECTED_TASK__2,2026搜索,助手语音随机1k,502,1,9982,1000,5.029,0.1,-4.929,-5.383,-4.309,True,共有
PORTRAIT_IMAGE_REQUEST__2,PORTRAIT_IMAGE_REQUEST__2,2026搜索,助手语音随机1k,11,7,9982,1000,0.11,0.7,0.59,0.219,1.329,True,共有
PORTRAIT_IMAGE_REQUEST__3,PORTRAIT_IMAGE_REQUEST__3,2026搜索,助手语音随机1k,22,7,9982,1000,0.22,0.7,0.48,0.102,1.221,True,共有
PORTRAIT_IMAGE_REQUEST__4,PORTRAIT_IMAGE_REQUEST__4,2026搜索,助手语音随机1k,30,2,9982,1000,0.301,0.2,-0.101,-0.294,0.433,False,共有
POST_TENURE_AND_MOVE_RESOLUTION__1,POST_TENURE_AND_MOVE_RESOLUTION__1,2026搜索,助手语音随机1k,78,11,9982,1000,0.781,1.1,0.319,-0.203,1.191,False,共有
POST_TENURE_AND_MOVE_RESOLUTION__2,POST_TENURE_AND_MOVE_RESOLUTION__2,2026搜索,助手语音随机1k,21,29,9982,1000,0.21,2.9,2.69,1.809,3.926,True,共有
POST_TENURE_AND_MOVE_RESOLUTION__3,POST_TENURE_AND_MOVE_RESOLUTION__3,2026搜索,助手语音随机1k,5,6,9982,1000,0.05,0.6,0.55,0.218,1.253,True,共有
POST_TENURE_AND_MOVE_RESOLUTION__4,POST_TENURE_AND_MOVE_RESOLUTION__4,2026搜索,助手语音随机1k,79,10,9982,1000,0.791,1.0,0.209,-0.287,1.054,False,共有
POST_TENURE_AND_MOVE_RESOLUTION__5,POST_TENURE_AND_MOVE_RESOLUTION__5,2026搜索,助手语音随机1k,7,8,9982,1000,0.07,0.8,0.73,0.329,1.501,True,共有
POST_TENURE_AND_MOVE_RESOLUTION__6,POST_TENURE_AND_MOVE_RESOLUTION__6,2026搜索,助手语音随机1k,7,36,9982,1000,0.07,3.6,3.53,2.539,4.874,True,共有
PRIVATE_INDIVIDUAL_DATA_PROBE__1,PRIVATE_INDIVIDUAL_DATA_PROBE__1,2026搜索,助手语音随机1k,1,4,9982,1000,0.01,0.4,0.39,0.141,1.014,True,共有
PRIVATE_INDIVIDUAL_DATA_PROBE__2,PRIVATE_INDIVIDUAL_DATA_PROBE__2,2026搜索,助手语音随机1k,0,4,9982,1000,0.0,0.4,0.4,0.153,1.024,True,b独有
RELATION_AND_FAMILY_LOOKUP__1,RELATION_AND_FAMILY_LOOKUP__1,2026搜索,助手语音随机1k,33,3,9982,1000,0.331,0.3,-0.031,-0.269,0.555,False,共有
RELATION_AND_FAMILY_LOOKUP__2,RELATION_AND_FAMILY_LOOKUP__2,2026搜索,助手语音随机1k,11,5,9982,1000,0.11,0.5,0.39,0.091,1.057,True,共有
RELATION_AND_FAMILY_LOOKUP__3,RELATION_AND_FAMILY_LOOKUP__3,2026搜索,助手语音随机1k,22,21,9982,1000,0.22,2.1,1.88,1.148,2.971,True,共有
RELATION_AND_FAMILY_LOOKUP__4,RELATION_AND_FAMILY_LOOKUP__4,2026搜索,助手语音随机1k,21,23,9982,1000,0.21,2.3,2.09,1.319,3.22,True,共有
RELATION_AND_FAMILY_LOOKUP__5,RELATION_AND_FAMILY_LOOKUP__5,2026搜索,助手语音随机1k,8,19,9982,1000,0.08,1.9,1.82,1.135,2.869,True,共有
REVERSE_ENTITY_RESOLUTION__1,REVERSE_ENTITY_RESOLUTION__1,2026搜索,助手语音随机1k,34,39,9982,1000,0.341,3.9,3.559,2.517,4.95,True,共有
REVERSE_ENTITY_RESOLUTION__2,REVERSE_ENTITY_RESOLUTION__2,2026搜索,助手语音随机1k,19,10,9982,1000,0.19,1.0,0.81,0.341,1.643,True,共有
SINGLE_ATTRIBUTE_FACTOID__1,SINGLE_ATTRIBUTE_FACTOID__1,2026搜索,助手语音随机1k,29,13,9982,1000,0.291,1.3,1.009,0.456,1.925,True,共有
SINGLE_ATTRIBUTE_FACTOID__2,SINGLE_ATTRIBUTE_FACTOID__2,2026搜索,助手语音随机1k,13,17,9982,1000,0.13,1.7,1.57,0.927,2.577,True,共有
SINGLE_ATTRIBUTE_FACTOID__3,SINGLE_ATTRIBUTE_FACTOID__3,2026搜索,助手语音随机1k,43,2,9982,1000,0.431,0.2,-0.231,-0.439,0.307,False,共有
SINGLE_ATTRIBUTE_FACTOID__4,SINGLE_ATTRIBUTE_FACTOID__4,2026搜索,助手语音随机1k,18,21,9982,1000,0.18,2.1,1.92,1.19,3.011,True,共有
SINGLE_ATTRIBUTE_FACTOID__5,SINGLE_ATTRIBUTE_FACTOID__5,2026搜索,助手语音随机1k,13,4,9982,1000,0.13,0.4,0.27,0.009,0.896,True,共有
SINGLE_ATTRIBUTE_FACTOID__6,SINGLE_ATTRIBUTE_FACTOID__6,2026搜索,助手语音随机1k,61,10,9982,1000,0.611,1.0,0.389,-0.099,1.231,False,共有
ADULT_SEXUALIZED_IMAGE_BROWSE__1,ADULT_SEXUALIZED_IMAGE_BROWSE__1,2026搜索随机1w,助手头部1k,11,5,10000,889,0.11,0.562,0.452,0.119,1.201,True,共有
BARE_NAME_DEFAULT_LOOKUP__1,BARE_NAME_DEFAULT_LOOKUP__1,2026搜索随机1w,助手头部1k,591,231,10000,889,5.91,25.984,20.074,17.258,23.089,True,共有
BARE_NAME_DEFAULT_LOOKUP__2,BARE_NAME_DEFAULT_LOOKUP__2,2026搜索随机1w,助手头部1k,330,55,10000,889,3.3,6.187,2.887,1.436,4.697,True,共有
BARE_NAME_DEFAULT_LOOKUP__3,BARE_NAME_DEFAULT_LOOKUP__3,2026搜索随机1w,助手头部1k,127,24,10000,889,1.27,2.7,1.43,0.519,2.731,True,共有
BARE_NAME_DEFAULT_LOOKUP__4,BARE_NAME_DEFAULT_LOOKUP__4,2026搜索随机1w,助手头部1k,410,147,10000,889,4.1,16.535,12.435,10.103,15.047,True,共有
BARE_NAME_DEFAULT_LOOKUP__5,BARE_NAME_DEFAULT_LOOKUP__5,2026搜索随机1w,助手头部1k,1812,13,10000,889,18.12,1.462,-16.658,-17.635,-15.393,True,共有
BIO_PROFILE_LOOKUP__1,BIO_PROFILE_LOOKUP__1,2026搜索随机1w,助手头部1k,272,16,10000,889,2.72,1.8,-0.92,-1.687,0.224,False,共有
BIO_PROFILE_LOOKUP__2,BIO_PROFILE_LOOKUP__2,2026搜索随机1w,助手头部1k,613,6,10000,889,6.13,0.675,-5.455,-6.064,-4.544,True,共有
BIO_PROFILE_LOOKUP__3,BIO_PROFILE_LOOKUP__3,2026搜索随机1w,助手头部1k,3,0,10000,889,0.03,0.0,-0.03,-0.088,0.401,False,a独有
BIO_PROFILE_LOOKUP__4,BIO_PROFILE_LOOKUP__4,2026搜索随机1w,助手头部1k,205,23,10000,889,2.05,2.587,0.537,-0.37,1.829,False,共有
BIO_PROFILE_LOOKUP__5,BIO_PROFILE_LOOKUP__5,2026搜索随机1w,助手头部1k,17,4,10000,889,0.17,0.45,0.28,-0.013,0.984,False,共有
CAUSAL_EXPLANATION__1,CAUSAL_EXPLANATION__1,2026搜索随机1w,助手头部1k,83,13,10000,889,0.83,1.462,0.632,-0.005,1.668,False,共有
CURRENT_STATUS_TRACKING__1,CURRENT_STATUS_TRACKING__1,2026搜索随机1w,助手头部1k,16,2,10000,889,0.16,0.225,0.065,-0.126,0.66,False,共有
DEATH_VERIFICATION__1,DEATH_VERIFICATION__1,2026搜索随机1w,助手头部1k,7,0,10000,889,0.07,0.0,-0.07,-0.144,0.362,False,a独有
EVALUATION_OPINION_LOOKUP__1,EVALUATION_OPINION_LOOKUP__1,2026搜索随机1w,助手头部1k,132,30,10000,889,1.32,3.375,2.055,1.025,3.472,True,共有
EVALUATION_OPINION_LOOKUP__2,EVALUATION_OPINION_LOOKUP__2,2026搜索随机1w,助手头部1k,13,0,10000,889,0.13,0.0,-0.13,-0.222,0.304,False,a独有
FICTIONAL_PLOT_SETTING_LOOKUP__1,FICTIONAL_PLOT_SETTING_LOOKUP__1,2026搜索随机1w,助手头部1k,220,9,10000,889,2.2,1.012,-1.188,-1.756,-0.248,True,共有
FICTIONAL_PLOT_SETTING_LOOKUP__2,FICTIONAL_PLOT_SETTING_LOOKUP__2,2026搜索随机1w,助手头部1k,182,12,10000,889,1.82,1.35,-0.47,-1.111,0.554,False,共有
HARD_REFUSE_ILLICIT_IMAGERY_REQUEST__1,HARD_REFUSE_ILLICIT_IMAGERY_REQUEST__1,2026搜索随机1w,助手头部1k,5,1,10000,889,0.05,0.112,0.062,-0.052,0.585,False,共有
OFFICIAL_DOCUMENT_RETRIEVAL__1,OFFICIAL_DOCUMENT_RETRIEVAL__1,2026搜索随机1w,助手头部1k,8,0,10000,889,0.08,0.0,-0.08,-0.158,0.352,False,a独有
OUT_OF_SCOPE_OR_UNPARSEABLE__1,OUT_OF_SCOPE_OR_UNPARSEABLE__1,2026搜索随机1w,助手头部1k,1271,145,10000,889,12.71,16.31,3.6,1.222,6.251,True,共有
OUT_OF_SCOPE_OR_UNPARSEABLE__2,OUT_OF_SCOPE_OR_UNPARSEABLE__2,2026搜索随机1w,助手头部1k,78,2,10000,889,0.78,0.225,-0.555,-0.807,0.056,False,共有
PERSON_LIST_LOOKUP__1,PERSON_LIST_LOOKUP__1,2026搜索随机1w,助手头部1k,443,4,10000,889,4.43,0.45,-3.98,-4.483,-3.18,True,共有
PERSON_LIST_LOOKUP__2,PERSON_LIST_LOOKUP__2,2026搜索随机1w,助手头部1k,329,13,10000,889,3.29,1.462,-1.828,-2.536,-0.752,True,共有
PLATFORM_DIRECTED_TASK__1,PLATFORM_DIRECTED_TASK__1,2026搜索随机1w,助手头部1k,8,4,10000,889,0.08,0.45,0.37,0.084,1.072,True,共有
PLATFORM_DIRECTED_TASK__2,PLATFORM_DIRECTED_TASK__2,2026搜索随机1w,助手头部1k,80,3,10000,889,0.8,0.337,-0.463,-0.758,0.206,False,共有
PORTRAIT_IMAGE_REQUEST__1,PORTRAIT_IMAGE_REQUEST__1,2026搜索随机1w,助手头部1k,19,0,10000,889,0.19,0.0,-0.19,-0.297,0.246,False,a独有
PORTRAIT_IMAGE_REQUEST__2,PORTRAIT_IMAGE_REQUEST__2,2026搜索随机1w,助手头部1k,68,1,10000,889,0.68,0.112,-0.568,-0.771,-0.026,True,共有
PORTRAIT_IMAGE_REQUEST__3,PORTRAIT_IMAGE_REQUEST__3,2026搜索随机1w,助手头部1k,66,0,10000,889,0.66,0.0,-0.66,-0.839,-0.207,True,a独有
PORTRAIT_IMAGE_REQUEST__4,PORTRAIT_IMAGE_REQUEST__4,2026搜索随机1w,助手头部1k,56,1,10000,889,0.56,0.112,-0.448,-0.638,0.09,False,共有
POST_TENURE_AND_MOVE_RESOLUTION__1,POST_TENURE_AND_MOVE_RESOLUTION__1,2026搜索随机1w,助手头部1k,64,3,10000,889,0.64,0.337,-0.303,-0.587,0.362,False,共有
POST_TENURE_AND_MOVE_RESOLUTION__2,POST_TENURE_AND_MOVE_RESOLUTION__2,2026搜索随机1w,助手头部1k,220,7,10000,889,2.2,0.787,-1.413,-1.921,-0.541,True,共有
POST_TENURE_AND_MOVE_RESOLUTION__3,POST_TENURE_AND_MOVE_RESOLUTION__3,2026搜索随机1w,助手头部1k,130,1,10000,889,1.3,0.112,-1.188,-1.446,-0.627,True,共有
POST_TENURE_AND_MOVE_RESOLUTION__4,POST_TENURE_AND_MOVE_RESOLUTION__4,2026搜索随机1w,助手头部1k,132,5,10000,889,1.32,0.562,-0.758,-1.161,0.018,False,共有
POST_TENURE_AND_MOVE_RESOLUTION__5,POST_TENURE_AND_MOVE_RESOLUTION__5,2026搜索随机1w,助手头部1k,104,0,10000,889,1.04,0.0,-1.04,-1.258,-0.573,True,a独有
POST_TENURE_AND_MOVE_RESOLUTION__6,POST_TENURE_AND_MOVE_RESOLUTION__6,2026搜索随机1w,助手头部1k,538,2,10000,889,5.38,0.225,-5.155,-5.643,-4.426,True,共有
PRIVATE_INDIVIDUAL_DATA_PROBE__1,PRIVATE_INDIVIDUAL_DATA_PROBE__1,2026搜索随机1w,助手头部1k,83,0,10000,889,0.83,0.0,-0.83,-1.028,-0.371,True,a独有
PRIVATE_INDIVIDUAL_DATA_PROBE__2,PRIVATE_INDIVIDUAL_DATA_PROBE__2,2026搜索随机1w,助手头部1k,71,0,10000,889,0.71,0.0,-0.71,-0.895,-0.255,True,a独有
RELATION_AND_FAMILY_LOOKUP__1,RELATION_AND_FAMILY_LOOKUP__1,2026搜索随机1w,助手头部1k,49,8,10000,889,0.49,0.9,0.41,-0.06,1.284,False,共有
RELATION_AND_FAMILY_LOOKUP__2,RELATION_AND_FAMILY_LOOKUP__2,2026搜索随机1w,助手头部1k,98,10,10000,889,0.98,1.125,0.145,-0.41,1.094,False,共有
RELATION_AND_FAMILY_LOOKUP__3,RELATION_AND_FAMILY_LOOKUP__3,2026搜索随机1w,助手头部1k,112,15,10000,889,1.12,1.687,0.567,-0.132,1.661,False,共有
RELATION_AND_FAMILY_LOOKUP__4,RELATION_AND_FAMILY_LOOKUP__4,2026搜索随机1w,助手头部1k,125,3,10000,889,1.25,0.337,-0.913,-1.238,-0.233,True,共有
RELATION_AND_FAMILY_LOOKUP__5,RELATION_AND_FAMILY_LOOKUP__5,2026搜索随机1w,助手头部1k,158,25,10000,889,1.58,2.812,1.232,0.294,2.558,True,共有
REVERSE_ENTITY_RESOLUTION__1,REVERSE_ENTITY_RESOLUTION__1,2026搜索随机1w,助手头部1k,183,18,10000,889,1.83,2.025,0.195,-0.597,1.373,False,共有
REVERSE_ENTITY_RESOLUTION__2,REVERSE_ENTITY_RESOLUTION__2,2026搜索随机1w,助手头部1k,59,7,10000,889,0.59,0.787,0.197,-0.242,1.037,False,共有
SCANDAL_BLACK_MATERIAL_CONSUMPTION__1,SCANDAL_BLACK_MATERIAL_CONSUMPTION__1,2026搜索随机1w,助手头部1k,0,2,10000,889,0.0,0.225,0.225,0.057,0.817,True,b独有
SINGLE_ATTRIBUTE_FACTOID__1,SINGLE_ATTRIBUTE_FACTOID__1,2026搜索随机1w,助手头部1k,72,1,10000,889,0.72,0.112,-0.608,-0.815,-0.065,True,共有
SINGLE_ATTRIBUTE_FACTOID__2,SINGLE_ATTRIBUTE_FACTOID__2,2026搜索随机1w,助手头部1k,101,6,10000,889,1.01,0.675,-0.335,-0.759,0.474,False,共有
SINGLE_ATTRIBUTE_FACTOID__3,SINGLE_ATTRIBUTE_FACTOID__3,2026搜索随机1w,助手头部1k,10,0,10000,889,0.1,0.0,-0.1,-0.184,0.333,False,a独有
SINGLE_ATTRIBUTE_FACTOID__4,SINGLE_ATTRIBUTE_FACTOID__4,2026搜索随机1w,助手头部1k,127,9,10000,889,1.27,1.012,-0.258,-0.793,0.665,False,共有
SINGLE_ATTRIBUTE_FACTOID__5,SINGLE_ATTRIBUTE_FACTOID__5,2026搜索随机1w,助手头部1k,33,3,10000,889,0.33,0.337,0.007,-0.252,0.664,False,共有
SINGLE_ATTRIBUTE_FACTOID__6,SINGLE_ATTRIBUTE_FACTOID__6,2026搜索随机1w,助手头部1k,56,0,10000,889,0.56,0.0,-0.56,-0.726,-0.111,True,a独有
ADULT_SEXUALIZED_IMAGE_BROWSE__1,ADULT_SEXUALIZED_IMAGE_BROWSE__1,2026搜索随机1w,助手随机1k,11,0,10000,950,0.11,0.0,-0.11,-0.197,0.296,False,a独有
BARE_NAME_DEFAULT_LOOKUP__1,BARE_NAME_DEFAULT_LOOKUP__1,2026搜索随机1w,助手随机1k,591,22,10000,950,5.91,2.316,-3.594,-4.511,-2.346,True,共有
BARE_NAME_DEFAULT_LOOKUP__2,BARE_NAME_DEFAULT_LOOKUP__2,2026搜索随机1w,助手随机1k,330,9,10000,950,3.3,0.947,-2.353,-2.933,-1.446,True,共有
BARE_NAME_DEFAULT_LOOKUP__3,BARE_NAME_DEFAULT_LOOKUP__3,2026搜索随机1w,助手随机1k,127,5,10000,950,1.27,0.526,-0.744,-1.128,-0.015,True,共有
BARE_NAME_DEFAULT_LOOKUP__4,BARE_NAME_DEFAULT_LOOKUP__4,2026搜索随机1w,助手随机1k,410,22,10000,950,4.1,2.316,-1.784,-2.665,-0.561,True,共有
BARE_NAME_DEFAULT_LOOKUP__5,BARE_NAME_DEFAULT_LOOKUP__5,2026搜索随机1w,助手随机1k,1812,38,10000,950,18.12,4.0,-14.12,-15.438,-12.497,True,共有
BIO_PROFILE_LOOKUP__1,BIO_PROFILE_LOOKUP__1,2026搜索随机1w,助手随机1k,272,28,10000,950,2.72,2.947,0.227,-0.734,1.542,False,共有
BIO_PROFILE_LOOKUP__2,BIO_PROFILE_LOOKUP__2,2026搜索随机1w,助手随机1k,613,18,10000,950,6.13,1.895,-4.235,-5.082,-3.064,True,共有
BIO_PROFILE_LOOKUP__3,BIO_PROFILE_LOOKUP__3,2026搜索随机1w,助手随机1k,3,0,10000,950,0.03,0.0,-0.03,-0.088,0.373,False,a独有
BIO_PROFILE_LOOKUP__4,BIO_PROFILE_LOOKUP__4,2026搜索随机1w,助手随机1k,205,10,10000,950,2.05,1.053,-0.997,-1.562,-0.085,True,共有
BIO_PROFILE_LOOKUP__5,BIO_PROFILE_LOOKUP__5,2026搜索随机1w,助手随机1k,17,1,10000,950,0.17,0.105,-0.065,-0.199,0.428,False,共有
CAUSAL_EXPLANATION__1,CAUSAL_EXPLANATION__1,2026搜索随机1w,助手随机1k,83,30,10000,950,0.83,3.158,2.328,1.37,3.652,True,共有
CURRENT_STATUS_TRACKING__1,CURRENT_STATUS_TRACKING__1,2026搜索随机1w,助手随机1k,16,12,10000,950,0.16,1.263,1.103,0.555,2.037,True,共有
DEATH_VERIFICATION__1,DEATH_VERIFICATION__1,2026搜索随机1w,助手随机1k,7,3,10000,950,0.07,0.316,0.246,0.025,0.855,True,共有
EVALUATION_OPINION_LOOKUP__1,EVALUATION_OPINION_LOOKUP__1,2026搜索随机1w,助手随机1k,132,57,10000,950,1.32,6.0,4.68,3.318,6.387,True,共有
EVALUATION_OPINION_LOOKUP__2,EVALUATION_OPINION_LOOKUP__2,2026搜索随机1w,助手随机1k,13,7,10000,950,0.13,0.737,0.607,0.216,1.385,True,共有
FICTIONAL_PLOT_SETTING_LOOKUP__1,FICTIONAL_PLOT_SETTING_LOOKUP__1,2026搜索随机1w,助手随机1k,220,26,10000,950,2.2,2.737,0.537,-0.378,1.809,False,共有
FICTIONAL_PLOT_SETTING_LOOKUP__2,FICTIONAL_PLOT_SETTING_LOOKUP__2,2026搜索随机1w,助手随机1k,182,24,10000,950,1.82,2.526,0.706,-0.163,1.936,False,共有
HARD_REFUSE_ILLICIT_IMAGERY_REQUEST__1,HARD_REFUSE_ILLICIT_IMAGERY_REQUEST__1,2026搜索随机1w,助手随机1k,5,0,10000,950,0.05,0.0,-0.05,-0.117,0.354,False,a独有
OFFICIAL_DOCUMENT_RETRIEVAL__1,OFFICIAL_DOCUMENT_RETRIEVAL__1,2026搜索随机1w,助手随机1k,8,0,10000,950,0.08,0.0,-0.08,-0.158,0.325,False,a独有
OUT_OF_SCOPE_OR_UNPARSEABLE__1,OUT_OF_SCOPE_OR_UNPARSEABLE__1,2026搜索随机1w,助手随机1k,1271,144,10000,950,12.71,15.158,2.448,0.206,4.951,True,共有
OUT_OF_SCOPE_OR_UNPARSEABLE__2,OUT_OF_SCOPE_OR_UNPARSEABLE__2,2026搜索随机1w,助手随机1k,78,3,10000,950,0.78,0.316,-0.464,-0.748,0.164,False,共有
PERSON_LIST_LOOKUP__1,PERSON_LIST_LOOKUP__1,2026搜索随机1w,助手随机1k,443,32,10000,950,4.43,3.368,-1.062,-2.121,0.341,False,共有
PERSON_LIST_LOOKUP__2,PERSON_LIST_LOOKUP__2,2026搜索随机1w,助手随机1k,329,65,10000,950,3.29,6.842,3.552,2.068,5.368,True,共有
PLATFORM_DIRECTED_TASK__1,PLATFORM_DIRECTED_TASK__1,2026搜索随机1w,助手随机1k,8,0,10000,950,0.08,0.0,-0.08,-0.158,0.325,False,a独有
PLATFORM_DIRECTED_TASK__2,PLATFORM_DIRECTED_TASK__2,2026搜索随机1w,助手随机1k,80,6,10000,950,0.8,0.632,-0.168,-0.562,0.587,False,共有
PORTRAIT_IMAGE_REQUEST__1,PORTRAIT_IMAGE_REQUEST__1,2026搜索随机1w,助手随机1k,19,0,10000,950,0.19,0.0,-0.19,-0.297,0.218,False,a独有
PORTRAIT_IMAGE_REQUEST__2,PORTRAIT_IMAGE_REQUEST__2,2026搜索随机1w,助手随机1k,68,4,10000,950,0.68,0.421,-0.259,-0.573,0.413,False,共有
PORTRAIT_IMAGE_REQUEST__3,PORTRAIT_IMAGE_REQUEST__3,2026搜索随机1w,助手随机1k,66,6,10000,950,0.66,0.632,-0.028,-0.414,0.724,False,共有
PORTRAIT_IMAGE_REQUEST__4,PORTRAIT_IMAGE_REQUEST__4,2026搜索随机1w,助手随机1k,56,4,10000,950,0.56,0.421,-0.139,-0.445,0.53,False,共有
POST_TENURE_AND_MOVE_RESOLUTION__1,POST_TENURE_AND_MOVE_RESOLUTION__1,2026搜索随机1w,助手随机1k,64,1,10000,950,0.64,0.105,-0.535,-0.731,-0.027,True,共有
POST_TENURE_AND_MOVE_RESOLUTION__2,POST_TENURE_AND_MOVE_RESOLUTION__2,2026搜索随机1w,助手随机1k,220,90,10000,950,2.2,9.474,7.274,5.544,9.32,True,共有
POST_TENURE_AND_MOVE_RESOLUTION__3,POST_TENURE_AND_MOVE_RESOLUTION__3,2026搜索随机1w,助手随机1k,130,14,10000,950,1.3,1.474,0.174,-0.467,1.179,False,共有
POST_TENURE_AND_MOVE_RESOLUTION__4,POST_TENURE_AND_MOVE_RESOLUTION__4,2026搜索随机1w,助手随机1k,132,3,10000,950,1.32,0.316,-1.004,-1.324,-0.362,True,共有
POST_TENURE_AND_MOVE_RESOLUTION__5,POST_TENURE_AND_MOVE_RESOLUTION__5,2026搜索随机1w,助手随机1k,104,14,10000,950,1.04,1.474,0.434,-0.199,1.435,False,共有
POST_TENURE_AND_MOVE_RESOLUTION__6,POST_TENURE_AND_MOVE_RESOLUTION__6,2026搜索随机1w,助手随机1k,538,18,10000,950,5.38,1.895,-3.485,-4.317,-2.324,True,共有
PRIVATE_INDIVIDUAL_DATA_PROBE__1,PRIVATE_INDIVIDUAL_DATA_PROBE__1,2026搜索随机1w,助手随机1k,83,17,10000,950,0.83,1.789,0.959,0.262,2.029,True,共有
PRIVATE_INDIVIDUAL_DATA_PROBE__2,PRIVATE_INDIVIDUAL_DATA_PROBE__2,2026搜索随机1w,助手随机1k,71,16,10000,950,0.71,1.684,0.974,0.303,2.019,True,共有
RELATION_AND_FAMILY_LOOKUP__1,RELATION_AND_FAMILY_LOOKUP__1,2026搜索随机1w,助手随机1k,49,5,10000,950,0.49,0.526,0.036,-0.304,0.746,False,共有
RELATION_AND_FAMILY_LOOKUP__2,RELATION_AND_FAMILY_LOOKUP__2,2026搜索随机1w,助手随机1k,98,11,10000,950,0.98,1.158,0.178,-0.375,1.098,False,共有
RELATION_AND_FAMILY_LOOKUP__3,RELATION_AND_FAMILY_LOOKUP__3,2026搜索随机1w,助手随机1k,112,13,10000,950,1.12,1.368,0.248,-0.362,1.225,False,共有
RELATION_AND_FAMILY_LOOKUP__4,RELATION_AND_FAMILY_LOOKUP__4,2026搜索随机1w,助手随机1k,125,20,10000,950,1.25,2.105,0.855,0.08,1.997,True,共有
RELATION_AND_FAMILY_LOOKUP__5,RELATION_AND_FAMILY_LOOKUP__5,2026搜索随机1w,助手随机1k,158,48,10000,950,1.58,5.053,3.473,2.224,5.071,True,共有
REVERSE_ENTITY_RESOLUTION__1,REVERSE_ENTITY_RESOLUTION__1,2026搜索随机1w,助手随机1k,183,22,10000,950,1.83,2.316,0.486,-0.345,1.677,False,共有
REVERSE_ENTITY_RESOLUTION__2,REVERSE_ENTITY_RESOLUTION__2,2026搜索随机1w,助手随机1k,59,12,10000,950,0.59,1.263,0.673,0.108,1.614,True,共有
SINGLE_ATTRIBUTE_FACTOID__1,SINGLE_ATTRIBUTE_FACTOID__1,2026搜索随机1w,助手随机1k,72,12,10000,950,0.72,1.263,0.543,-0.027,1.486,False,共有
SINGLE_ATTRIBUTE_FACTOID__2,SINGLE_ATTRIBUTE_FACTOID__2,2026搜索随机1w,助手随机1k,101,20,10000,950,1.01,2.105,1.095,0.326,2.233,True,共有
SINGLE_ATTRIBUTE_FACTOID__3,SINGLE_ATTRIBUTE_FACTOID__3,2026搜索随机1w,助手随机1k,10,0,10000,950,0.1,0.0,-0.1,-0.184,0.305,False,a独有
SINGLE_ATTRIBUTE_FACTOID__4,SINGLE_ATTRIBUTE_FACTOID__4,2026搜索随机1w,助手随机1k,127,25,10000,950,1.27,2.632,1.362,0.486,2.602,True,共有
SINGLE_ATTRIBUTE_FACTOID__5,SINGLE_ATTRIBUTE_FACTOID__5,2026搜索随机1w,助手随机1k,33,9,10000,950,0.33,0.947,0.617,0.15,1.466,True,共有
SINGLE_ATTRIBUTE_FACTOID__6,SINGLE_ATTRIBUTE_FACTOID__6,2026搜索随机1w,助手随机1k,56,4,10000,950,0.56,0.421,-0.139,-0.445,0.53,False,共有
ADULT_SEXUALIZED_IMAGE_BROWSE__1,ADULT_SEXUALIZED_IMAGE_BROWSE__1,2026搜索随机1w,助手语音头部1k,11,6,10000,999,0.11,0.601,0.491,0.154,1.196,True,共有
BARE_NAME_DEFAULT_LOOKUP__1,BARE_NAME_DEFAULT_LOOKUP__1,2026搜索随机1w,助手语音头部1k,591,269,10000,999,5.91,26.927,21.017,18.316,23.887,True,共有
BARE_NAME_DEFAULT_LOOKUP__2,BARE_NAME_DEFAULT_LOOKUP__2,2026搜索随机1w,助手语音头部1k,330,182,10000,999,3.3,18.218,14.918,12.618,17.454,True,共有
BARE_NAME_DEFAULT_LOOKUP__3,BARE_NAME_DEFAULT_LOOKUP__3,2026搜索随机1w,助手语音头部1k,127,37,10000,999,1.27,3.704,2.434,1.401,3.808,True,共有
BARE_NAME_DEFAULT_LOOKUP__4,BARE_NAME_DEFAULT_LOOKUP__4,2026搜索随机1w,助手语音头部1k,410,167,10000,999,4.1,16.717,12.617,10.394,15.085,True,共有
BARE_NAME_DEFAULT_LOOKUP__5,BARE_NAME_DEFAULT_LOOKUP__5,2026搜索随机1w,助手语音头部1k,1812,10,10000,999,18.12,1.001,-17.119,-18.012,-16.004,True,共有
BIO_PROFILE_LOOKUP__1,BIO_PROFILE_LOOKUP__1,2026搜索随机1w,助手语音头部1k,272,8,10000,999,2.72,0.801,-1.919,-2.438,-1.091,True,共有
BIO_PROFILE_LOOKUP__2,BIO_PROFILE_LOOKUP__2,2026搜索随机1w,助手语音头部1k,613,12,10000,999,6.13,1.201,-4.929,-5.636,-3.933,True,共有
BIO_PROFILE_LOOKUP__3,BIO_PROFILE_LOOKUP__3,2026搜索随机1w,助手语音头部1k,3,0,10000,999,0.03,0.0,-0.03,-0.088,0.354,False,a独有
BIO_PROFILE_LOOKUP__4,BIO_PROFILE_LOOKUP__4,2026搜索随机1w,助手语音头部1k,205,1,10000,999,2.05,0.1,-1.95,-2.258,-1.417,True,共有
BIO_PROFILE_LOOKUP__5,BIO_PROFILE_LOOKUP__5,2026搜索随机1w,助手语音头部1k,17,0,10000,999,0.17,0.0,-0.17,-0.272,0.218,False,a独有
CAUSAL_EXPLANATION__1,CAUSAL_EXPLANATION__1,2026搜索随机1w,助手语音头部1k,83,0,10000,999,0.83,0.0,-0.83,-1.028,-0.415,True,a独有
CURRENT_STATUS_TRACKING__1,CURRENT_STATUS_TRACKING__1,2026搜索随机1w,助手语音头部1k,16,0,10000,999,0.16,0.0,-0.16,-0.26,0.228,False,a独有
DEATH_VERIFICATION__1,DEATH_VERIFICATION__1,2026搜索随机1w,助手语音头部1k,7,0,10000,999,0.07,0.0,-0.07,-0.144,0.315,False,a独有
EVALUATION_OPINION_LOOKUP__1,EVALUATION_OPINION_LOOKUP__1,2026搜索随机1w,助手语音头部1k,132,5,10000,999,1.32,0.501,-0.819,-1.195,-0.123,True,共有
EVALUATION_OPINION_LOOKUP__2,EVALUATION_OPINION_LOOKUP__2,2026搜索随机1w,助手语音头部1k,13,2,10000,999,0.13,0.2,0.07,-0.102,0.6,False,共有
FICTIONAL_PLOT_SETTING_LOOKUP__1,FICTIONAL_PLOT_SETTING_LOOKUP__1,2026搜索随机1w,助手语音头部1k,220,4,10000,999,2.2,0.4,-1.8,-2.192,-1.119,True,共有
FICTIONAL_PLOT_SETTING_LOOKUP__2,FICTIONAL_PLOT_SETTING_LOOKUP__2,2026搜索随机1w,助手语音头部1k,182,4,10000,999,1.82,0.4,-1.42,-1.792,-0.749,True,共有
HARD_REFUSE_ILLICIT_IMAGERY_REQUEST__1,HARD_REFUSE_ILLICIT_IMAGERY_REQUEST__1,2026搜索随机1w,助手语音头部1k,5,1,10000,999,0.05,0.1,0.05,-0.056,0.516,False,共有
OFFICIAL_DOCUMENT_RETRIEVAL__1,OFFICIAL_DOCUMENT_RETRIEVAL__1,2026搜索随机1w,助手语音头部1k,8,1,10000,999,0.08,0.1,0.02,-0.093,0.486,False,共有
OUT_OF_SCOPE_OR_UNPARSEABLE__1,OUT_OF_SCOPE_OR_UNPARSEABLE__1,2026搜索随机1w,助手语音头部1k,1271,193,10000,999,12.71,19.319,6.609,4.187,9.251,True,共有
OUT_OF_SCOPE_OR_UNPARSEABLE__2,OUT_OF_SCOPE_OR_UNPARSEABLE__2,2026搜索随机1w,助手语音头部1k,78,17,10000,999,0.78,1.702,0.922,0.257,1.94,True,共有
PERSON_LIST_LOOKUP__1,PERSON_LIST_LOOKUP__1,2026搜索随机1w,助手语音头部1k,443,2,10000,999,4.43,0.2,-4.23,-4.675,-3.577,True,共有
PERSON_LIST_LOOKUP__2,PERSON_LIST_LOOKUP__2,2026搜索随机1w,助手语音头部1k,329,14,10000,999,3.29,1.401,-1.889,-2.563,-0.894,True,共有
PLATFORM_DIRECTED_TASK__1,PLATFORM_DIRECTED_TASK__1,2026搜索随机1w,助手语音头部1k,8,0,10000,999,0.08,0.0,-0.08,-0.158,0.305,False,a独有
PLATFORM_DIRECTED_TASK__2,PLATFORM_DIRECTED_TASK__2,2026搜索随机1w,助手语音头部1k,80,1,10000,999,0.8,0.1,-0.7,-0.911,-0.209,True,共有
PORTRAIT_IMAGE_REQUEST__1,PORTRAIT_IMAGE_REQUEST__1,2026搜索随机1w,助手语音头部1k,19,0,10000,999,0.19,0.0,-0.19,-0.297,0.199,False,a独有
PORTRAIT_IMAGE_REQUEST__2,PORTRAIT_IMAGE_REQUEST__2,2026搜索随机1w,助手语音头部1k,68,0,10000,999,0.68,0.0,-0.68,-0.861,-0.271,True,a独有
PORTRAIT_IMAGE_REQUEST__3,PORTRAIT_IMAGE_REQUEST__3,2026搜索随机1w,助手语音头部1k,66,4,10000,999,0.66,0.4,-0.26,-0.563,0.381,False,共有
PORTRAIT_IMAGE_REQUEST__4,PORTRAIT_IMAGE_REQUEST__4,2026搜索随机1w,助手语音头部1k,56,0,10000,999,0.56,0.0,-0.56,-0.726,-0.156,True,a独有
POST_TENURE_AND_MOVE_RESOLUTION__1,POST_TENURE_AND_MOVE_RESOLUTION__1,2026搜索随机1w,助手语音头部1k,64,11,10000,999,0.64,1.101,0.461,-0.055,1.332,False,共有
POST_TENURE_AND_MOVE_RESOLUTION__2,POST_TENURE_AND_MOVE_RESOLUTION__2,2026搜索随机1w,助手语音头部1k,220,2,10000,999,2.2,0.2,-2.0,-2.339,-1.408,True,共有
POST_TENURE_AND_MOVE_RESOLUTION__3,POST_TENURE_AND_MOVE_RESOLUTION__3,2026搜索随机1w,助手语音头部1k,130,0,10000,999,1.3,0.0,-1.3,-1.541,-0.866,True,a独有
POST_TENURE_AND_MOVE_RESOLUTION__4,POST_TENURE_AND_MOVE_RESOLUTION__4,2026搜索随机1w,助手语音头部1k,132,4,10000,999,1.32,0.4,-0.92,-1.264,-0.262,True,共有
POST_TENURE_AND_MOVE_RESOLUTION__5,POST_TENURE_AND_MOVE_RESOLUTION__5,2026搜索随机1w,助手语音头部1k,104,0,10000,999,1.04,0.0,-1.04,-1.258,-0.616,True,a独有
POST_TENURE_AND_MOVE_RESOLUTION__6,POST_TENURE_AND_MOVE_RESOLUTION__6,2026搜索随机1w,助手语音头部1k,538,2,10000,999,5.38,0.2,-5.18,-5.662,-4.503,True,共有
PRIVATE_INDIVIDUAL_DATA_PROBE__1,PRIVATE_INDIVIDUAL_DATA_PROBE__1,2026搜索随机1w,助手语音头部1k,83,2,10000,999,0.83,0.2,-0.63,-0.875,-0.079,True,共有
PRIVATE_INDIVIDUAL_DATA_PROBE__2,PRIVATE_INDIVIDUAL_DATA_PROBE__2,2026搜索随机1w,助手语音头部1k,71,0,10000,999,0.71,0.0,-0.71,-0.895,-0.3,True,a独有
RELATION_AND_FAMILY_LOOKUP__1,RELATION_AND_FAMILY_LOOKUP__1,2026搜索随机1w,助手语音头部1k,49,0,10000,999,0.49,0.0,-0.49,-0.647,-0.089,True,a独有
RELATION_AND_FAMILY_LOOKUP__2,RELATION_AND_FAMILY_LOOKUP__2,2026搜索随机1w,助手语音头部1k,98,0,10000,999,0.98,0.0,-0.98,-1.193,-0.559,True,a独有
RELATION_AND_FAMILY_LOOKUP__3,RELATION_AND_FAMILY_LOOKUP__3,2026搜索随机1w,助手语音头部1k,112,0,10000,999,1.12,0.0,-1.12,-1.346,-0.693,True,a独有
RELATION_AND_FAMILY_LOOKUP__4,RELATION_AND_FAMILY_LOOKUP__4,2026搜索随机1w,助手语音头部1k,125,3,10000,999,1.25,0.3,-0.95,-1.259,-0.337,True,共有
RELATION_AND_FAMILY_LOOKUP__5,RELATION_AND_FAMILY_LOOKUP__5,2026搜索随机1w,助手语音头部1k,158,0,10000,999,1.58,0.0,-1.58,-1.844,-1.135,True,a独有
REVERSE_ENTITY_RESOLUTION__1,REVERSE_ENTITY_RESOLUTION__1,2026搜索随机1w,助手语音头部1k,183,9,10000,999,1.83,0.901,-0.929,-1.44,-0.09,True,共有
REVERSE_ENTITY_RESOLUTION__2,REVERSE_ENTITY_RESOLUTION__2,2026搜索随机1w,助手语音头部1k,59,7,10000,999,0.59,0.701,0.111,-0.288,0.861,False,共有
SINGLE_ATTRIBUTE_FACTOID__1,SINGLE_ATTRIBUTE_FACTOID__1,2026搜索随机1w,助手语音头部1k,72,2,10000,999,0.72,0.2,-0.52,-0.756,0.027,False,共有
SINGLE_ATTRIBUTE_FACTOID__2,SINGLE_ATTRIBUTE_FACTOID__2,2026搜索随机1w,助手语音头部1k,101,2,10000,999,1.01,0.2,-0.81,-1.07,-0.254,True,共有
SINGLE_ATTRIBUTE_FACTOID__3,SINGLE_ATTRIBUTE_FACTOID__3,2026搜索随机1w,助手语音头部1k,10,10,10000,999,0.1,1.001,0.901,0.437,1.734,True,共有
SINGLE_ATTRIBUTE_FACTOID__4,SINGLE_ATTRIBUTE_FACTOID__4,2026搜索随机1w,助手语音头部1k,127,2,10000,999,1.27,0.2,-1.07,-1.349,-0.506,True,共有
SINGLE_ATTRIBUTE_FACTOID__5,SINGLE_ATTRIBUTE_FACTOID__5,2026搜索随机1w,助手语音头部1k,33,0,10000,999,0.33,0.0,-0.33,-0.463,0.065,False,a独有
SINGLE_ATTRIBUTE_FACTOID__6,SINGLE_ATTRIBUTE_FACTOID__6,2026搜索随机1w,助手语音头部1k,56,3,10000,999,0.56,0.3,-0.26,-0.518,0.333,False,共有
ADULT_SEXUALIZED_IMAGE_BROWSE__1,ADULT_SEXUALIZED_IMAGE_BROWSE__1,2026搜索随机1w,助手语音随机1k,11,0,10000,1000,0.11,0.0,-0.11,-0.197,0.276,False,a独有
BARE_NAME_DEFAULT_LOOKUP__1,BARE_NAME_DEFAULT_LOOKUP__1,2026搜索随机1w,助手语音随机1k,591,75,10000,1000,5.91,7.5,1.59,0.039,3.444,True,共有
BARE_NAME_DEFAULT_LOOKUP__2,BARE_NAME_DEFAULT_LOOKUP__2,2026搜索随机1w,助手语音随机1k,330,52,10000,1000,3.3,5.2,1.9,0.633,3.491,True,共有
BARE_NAME_DEFAULT_LOOKUP__3,BARE_NAME_DEFAULT_LOOKUP__3,2026搜索随机1w,助手语音随机1k,127,19,10000,1000,1.27,1.9,0.63,-0.091,1.698,False,共有
BARE_NAME_DEFAULT_LOOKUP__4,BARE_NAME_DEFAULT_LOOKUP__4,2026搜索随机1w,助手语音随机1k,410,63,10000,1000,4.1,6.3,2.2,0.795,3.92,True,共有
BARE_NAME_DEFAULT_LOOKUP__5,BARE_NAME_DEFAULT_LOOKUP__5,2026搜索随机1w,助手语音随机1k,1812,76,10000,1000,18.12,7.6,-10.52,-12.191,-8.564,True,共有
BIO_PROFILE_LOOKUP__1,BIO_PROFILE_LOOKUP__1,2026搜索随机1w,助手语音随机1k,272,9,10000,1000,2.72,0.9,-1.82,-2.363,-0.964,True,共有
BIO_PROFILE_LOOKUP__2,BIO_PROFILE_LOOKUP__2,2026搜索随机1w,助手语音随机1k,613,31,10000,1000,6.13,3.1,-3.03,-4.06,-1.685,True,共有
BIO_PROFILE_LOOKUP__3,BIO_PROFILE_LOOKUP__3,2026搜索随机1w,助手语音随机1k,3,0,10000,1000,0.03,0.0,-0.03,-0.088,0.353,False,a独有
BIO_PROFILE_LOOKUP__4,BIO_PROFILE_LOOKUP__4,2026搜索随机1w,助手语音随机1k,205,8,10000,1000,2.05,0.8,-1.25,-1.743,-0.437,True,共有
BIO_PROFILE_LOOKUP__5,BIO_PROFILE_LOOKUP__5,2026搜索随机1w,助手语音随机1k,17,0,10000,1000,0.17,0.0,-0.17,-0.272,0.218,False,a独有
CAUSAL_EXPLANATION__1,CAUSAL_EXPLANATION__1,2026搜索随机1w,助手语音随机1k,83,13,10000,1000,0.83,1.3,0.47,-0.104,1.395,False,共有
CURRENT_STATUS_TRACKING__1,CURRENT_STATUS_TRACKING__1,2026搜索随机1w,助手语音随机1k,16,0,10000,1000,0.16,0.0,-0.16,-0.26,0.228,False,a独有
DEATH_VERIFICATION__1,DEATH_VERIFICATION__1,2026搜索随机1w,助手语音随机1k,7,1,10000,1000,0.07,0.1,0.03,-0.081,0.496,False,共有
EVALUATION_OPINION_LOOKUP__1,EVALUATION_OPINION_LOOKUP__1,2026搜索随机1w,助手语音随机1k,132,24,10000,1000,1.32,2.4,1.08,0.261,2.245,True,共有
EVALUATION_OPINION_LOOKUP__2,EVALUATION_OPINION_LOOKUP__2,2026搜索随机1w,助手语音随机1k,13,4,10000,1000,0.13,0.4,0.27,0.009,0.896,True,共有
FICTIONAL_PLOT_SETTING_LOOKUP__1,FICTIONAL_PLOT_SETTING_LOOKUP__1,2026搜索随机1w,助手语音随机1k,220,31,10000,1000,2.2,3.1,0.9,-0.058,2.195,False,共有
FICTIONAL_PLOT_SETTING_LOOKUP__2,FICTIONAL_PLOT_SETTING_LOOKUP__2,2026搜索随机1w,助手语音随机1k,182,43,10000,1000,1.82,4.3,2.48,1.352,3.942,True,共有
HARD_REFUSE_ILLICIT_IMAGERY_REQUEST__1,HARD_REFUSE_ILLICIT_IMAGERY_REQUEST__1,2026搜索随机1w,助手语音随机1k,5,3,10000,1000,0.05,0.3,0.25,0.041,0.829,True,共有
OFFICIAL_DOCUMENT_RETRIEVAL__1,OFFICIAL_DOCUMENT_RETRIEVAL__1,2026搜索随机1w,助手语音随机1k,8,2,10000,1000,0.08,0.2,0.12,-0.045,0.648,False,共有
OUT_OF_SCOPE_OR_UNPARSEABLE__1,OUT_OF_SCOPE_OR_UNPARSEABLE__1,2026搜索随机1w,助手语音随机1k,1271,168,10000,1000,12.71,16.8,4.09,1.801,6.615,True,共有
OUT_OF_SCOPE_OR_UNPARSEABLE__2,OUT_OF_SCOPE_OR_UNPARSEABLE__2,2026搜索随机1w,助手语音随机1k,78,6,10000,1000,0.78,0.6,-0.18,-0.557,0.54,False,共有
PERSON_LIST_LOOKUP__1,PERSON_LIST_LOOKUP__1,2026搜索随机1w,助手语音随机1k,443,23,10000,1000,4.43,2.3,-2.13,-3.001,-0.938,True,共有
PERSON_LIST_LOOKUP__2,PERSON_LIST_LOOKUP__2,2026搜索随机1w,助手语音随机1k,329,37,10000,1000,3.29,3.7,0.41,-0.659,1.808,False,共有
PLATFORM_DIRECTED_TASK__1,PLATFORM_DIRECTED_TASK__1,2026搜索随机1w,助手语音随机1k,8,0,10000,1000,0.08,0.0,-0.08,-0.158,0.305,False,a独有
PLATFORM_DIRECTED_TASK__2,PLATFORM_DIRECTED_TASK__2,2026搜索随机1w,助手语音随机1k,80,1,10000,1000,0.8,0.1,-0.7,-0.911,-0.21,True,共有
PORTRAIT_IMAGE_REQUEST__1,PORTRAIT_IMAGE_REQUEST__1,2026搜索随机1w,助手语音随机1k,19,0,10000,1000,0.19,0.0,-0.19,-0.297,0.199,False,a独有
PORTRAIT_IMAGE_REQUEST__2,PORTRAIT_IMAGE_REQUEST__2,2026搜索随机1w,助手语音随机1k,68,7,10000,1000,0.68,0.7,0.02,-0.383,0.772,False,共有
PORTRAIT_IMAGE_REQUEST__3,PORTRAIT_IMAGE_REQUEST__3,2026搜索随机1w,助手语音随机1k,66,7,10000,1000,0.66,0.7,0.04,-0.362,0.791,False,共有
PORTRAIT_IMAGE_REQUEST__4,PORTRAIT_IMAGE_REQUEST__4,2026搜索随机1w,助手语音随机1k,56,2,10000,1000,0.56,0.2,-0.36,-0.581,0.182,False,共有
POST_TENURE_AND_MOVE_RESOLUTION__1,POST_TENURE_AND_MOVE_RESOLUTION__1,2026搜索随机1w,助手语音随机1k,64,11,10000,1000,0.64,1.1,0.46,-0.056,1.33,False,共有
POST_TENURE_AND_MOVE_RESOLUTION__2,POST_TENURE_AND_MOVE_RESOLUTION__2,2026搜索随机1w,助手语音随机1k,220,29,10000,1000,2.2,2.9,0.7,-0.226,1.963,False,共有
POST_TENURE_AND_MOVE_RESOLUTION__3,POST_TENURE_AND_MOVE_RESOLUTION__3,2026搜索随机1w,助手语音随机1k,130,6,10000,1000,1.3,0.6,-0.7,-1.105,0.032,False,共有
POST_TENURE_AND_MOVE_RESOLUTION__4,POST_TENURE_AND_MOVE_RESOLUTION__4,2026搜索随机1w,助手语音随机1k,132,10,10000,1000,1.32,1.0,-0.32,-0.837,0.536,False,共有
POST_TENURE_AND_MOVE_RESOLUTION__5,POST_TENURE_AND_MOVE_RESOLUTION__5,2026搜索随机1w,助手语音随机1k,104,8,10000,1000,1.04,0.8,-0.24,-0.691,0.552,False,共有
POST_TENURE_AND_MOVE_RESOLUTION__6,POST_TENURE_AND_MOVE_RESOLUTION__6,2026搜索随机1w,助手语音随机1k,538,36,10000,1000,5.38,3.6,-1.78,-2.87,-0.371,True,共有
PRIVATE_INDIVIDUAL_DATA_PROBE__1,PRIVATE_INDIVIDUAL_DATA_PROBE__1,2026搜索随机1w,助手语音随机1k,83,4,10000,1000,0.83,0.4,-0.43,-0.744,0.214,False,共有
PRIVATE_INDIVIDUAL_DATA_PROBE__2,PRIVATE_INDIVIDUAL_DATA_PROBE__2,2026搜索随机1w,助手语音随机1k,71,4,10000,1000,0.71,0.4,-0.31,-0.616,0.331,False,共有
RELATION_AND_FAMILY_LOOKUP__1,RELATION_AND_FAMILY_LOOKUP__1,2026搜索随机1w,助手语音随机1k,49,3,10000,1000,0.49,0.3,-0.19,-0.443,0.4,False,共有
RELATION_AND_FAMILY_LOOKUP__2,RELATION_AND_FAMILY_LOOKUP__2,2026搜索随机1w,助手语音随机1k,98,5,10000,1000,0.98,0.5,-0.48,-0.837,0.208,False,共有
RELATION_AND_FAMILY_LOOKUP__3,RELATION_AND_FAMILY_LOOKUP__3,2026搜索随机1w,助手语音随机1k,112,21,10000,1000,1.12,2.1,0.98,0.223,2.085,True,共有
RELATION_AND_FAMILY_LOOKUP__4,RELATION_AND_FAMILY_LOOKUP__4,2026搜索随机1w,助手语音随机1k,125,23,10000,1000,1.25,2.3,1.05,0.251,2.195,True,共有
RELATION_AND_FAMILY_LOOKUP__5,RELATION_AND_FAMILY_LOOKUP__5,2026搜索随机1w,助手语音随机1k,158,19,10000,1000,1.58,1.9,0.32,-0.41,1.393,False,共有
REVERSE_ENTITY_RESOLUTION__1,REVERSE_ENTITY_RESOLUTION__1,2026搜索随机1w,助手语音随机1k,183,39,10000,1000,1.83,3.9,2.07,0.998,3.478,True,共有
REVERSE_ENTITY_RESOLUTION__2,REVERSE_ENTITY_RESOLUTION__2,2026搜索随机1w,助手语音随机1k,59,10,10000,1000,0.59,1.0,0.41,-0.077,1.251,False,共有
SINGLE_ATTRIBUTE_FACTOID__1,SINGLE_ATTRIBUTE_FACTOID__1,2026搜索随机1w,助手语音随机1k,72,13,10000,1000,0.72,1.3,0.58,0.01,1.503,True,共有
SINGLE_ATTRIBUTE_FACTOID__2,SINGLE_ATTRIBUTE_FACTOID__2,2026搜索随机1w,助手语音随机1k,101,17,10000,1000,1.01,1.7,0.69,0.018,1.711,True,共有
SINGLE_ATTRIBUTE_FACTOID__3,SINGLE_ATTRIBUTE_FACTOID__3,2026搜索随机1w,助手语音随机1k,10,2,10000,1000,0.1,0.2,0.1,-0.068,0.628,False,共有
SINGLE_ATTRIBUTE_FACTOID__4,SINGLE_ATTRIBUTE_FACTOID__4,2026搜索随机1w,助手语音随机1k,127,21,10000,1000,1.27,2.1,0.83,0.069,1.938,True,共有
SINGLE_ATTRIBUTE_FACTOID__5,SINGLE_ATTRIBUTE_FACTOID__5,2026搜索随机1w,助手语音随机1k,33,4,10000,1000,0.33,0.4,0.07,-0.208,0.701,False,共有
SINGLE_ATTRIBUTE_FACTOID__6,SINGLE_ATTRIBUTE_FACTOID__6,2026搜索随机1w,助手语音随机1k,56,10,10000,1000,0.56,1.0,0.44,-0.045,1.281,False,共有
ADULT_SEXUALIZED_IMAGE_BROWSE__1,ADULT_SEXUALIZED_IMAGE_BROWSE__1,助手头部1k,助手随机1k,5,0,889,950,0.562,0.0,-0.562,-1.31,-0.047,True,a独有
BARE_NAME_DEFAULT_LOOKUP__1,BARE_NAME_DEFAULT_LOOKUP__1,助手头部1k,助手随机1k,231,22,889,950,25.984,2.316,-23.668,-26.751,-20.658,True,共有
BARE_NAME_DEFAULT_LOOKUP__2,BARE_NAME_DEFAULT_LOOKUP__2,助手头部1k,助手随机1k,55,9,889,950,6.187,0.947,-5.239,-7.075,-3.602,True,共有
BARE_NAME_DEFAULT_LOOKUP__3,BARE_NAME_DEFAULT_LOOKUP__3,助手头部1k,助手随机1k,24,5,889,950,2.7,0.526,-2.173,-3.494,-1.05,True,共有
BARE_NAME_DEFAULT_LOOKUP__4,BARE_NAME_DEFAULT_LOOKUP__4,助手头部1k,助手随机1k,147,22,889,950,16.535,2.316,-14.22,-16.92,-11.644,True,共有
BARE_NAME_DEFAULT_LOOKUP__5,BARE_NAME_DEFAULT_LOOKUP__5,助手头部1k,助手随机1k,13,38,889,950,1.462,4.0,2.538,1.056,4.102,True,共有
BIO_PROFILE_LOOKUP__1,BIO_PROFILE_LOOKUP__1,助手头部1k,助手随机1k,16,28,889,950,1.8,2.947,1.148,-0.277,2.601,False,共有
BIO_PROFILE_LOOKUP__2,BIO_PROFILE_LOOKUP__2,助手头部1k,助手随机1k,6,18,889,950,0.675,1.895,1.22,0.169,2.36,True,共有
BIO_PROFILE_LOOKUP__4,BIO_PROFILE_LOOKUP__4,助手头部1k,助手随机1k,23,10,889,950,2.587,1.053,-1.535,-2.888,-0.31,True,共有
BIO_PROFILE_LOOKUP__5,BIO_PROFILE_LOOKUP__5,助手头部1k,助手随机1k,4,1,889,950,0.45,0.105,-0.345,-1.051,0.216,False,共有
CAUSAL_EXPLANATION__1,CAUSAL_EXPLANATION__1,助手头部1k,助手随机1k,13,30,889,950,1.462,3.158,1.696,0.308,3.143,True,共有
CURRENT_STATUS_TRACKING__1,CURRENT_STATUS_TRACKING__1,助手头部1k,助手随机1k,2,12,889,950,0.225,1.263,1.038,0.238,1.984,True,共有
DEATH_VERIFICATION__1,DEATH_VERIFICATION__1,助手头部1k,助手随机1k,0,3,889,950,0.0,0.316,0.316,-0.162,0.924,False,b独有
EVALUATION_OPINION_LOOKUP__1,EVALUATION_OPINION_LOOKUP__1,助手头部1k,助手随机1k,30,57,889,950,3.375,6.0,2.625,0.686,4.594,True,共有
EVALUATION_OPINION_LOOKUP__2,EVALUATION_OPINION_LOOKUP__2,助手头部1k,助手随机1k,0,7,889,950,0.0,0.737,0.737,0.163,1.513,True,b独有
FICTIONAL_PLOT_SETTING_LOOKUP__1,FICTIONAL_PLOT_SETTING_LOOKUP__1,助手头部1k,助手随机1k,9,26,889,950,1.012,2.737,1.724,0.478,3.057,True,共有
FICTIONAL_PLOT_SETTING_LOOKUP__2,FICTIONAL_PLOT_SETTING_LOOKUP__2,助手头部1k,助手随机1k,12,24,889,950,1.35,2.526,1.176,-0.114,2.512,False,共有
HARD_REFUSE_ILLICIT_IMAGERY_REQUEST__1,HARD_REFUSE_ILLICIT_IMAGERY_REQUEST__1,助手头部1k,助手随机1k,1,0,889,950,0.112,0.0,-0.112,-0.634,0.301,False,a独有
OUT_OF_SCOPE_OR_UNPARSEABLE__1,OUT_OF_SCOPE_OR_UNPARSEABLE__1,助手头部1k,助手随机1k,145,144,889,950,16.31,15.158,-1.153,-4.499,2.175,False,共有
OUT_OF_SCOPE_OR_UNPARSEABLE__2,OUT_OF_SCOPE_OR_UNPARSEABLE__2,助手头部1k,助手随机1k,2,3,889,950,0.225,0.316,0.091,-0.536,0.721,False,共有
PERSON_LIST_LOOKUP__1,PERSON_LIST_LOOKUP__1,助手头部1k,助手随机1k,4,32,889,950,0.45,3.368,2.918,1.72,4.294,True,共有
PERSON_LIST_LOOKUP__2,PERSON_LIST_LOOKUP__2,助手头部1k,助手随机1k,13,65,889,950,1.462,6.842,5.38,3.615,7.265,True,共有
PLATFORM_DIRECTED_TASK__1,PLATFORM_DIRECTED_TASK__1,助手头部1k,助手随机1k,4,0,889,950,0.45,0.0,-0.45,-1.151,0.038,False,a独有
PLATFORM_DIRECTED_TASK__2,PLATFORM_DIRECTED_TASK__2,助手头部1k,助手随机1k,3,6,889,950,0.337,0.632,0.294,-0.44,1.066,False,共有
PORTRAIT_IMAGE_REQUEST__2,PORTRAIT_IMAGE_REQUEST__2,助手头部1k,助手随机1k,1,4,889,950,0.112,0.421,0.309,-0.273,0.972,False,共有
PORTRAIT_IMAGE_REQUEST__3,PORTRAIT_IMAGE_REQUEST__3,助手头部1k,助手随机1k,0,6,889,950,0.0,0.632,0.632,0.082,1.371,True,b独有
PORTRAIT_IMAGE_REQUEST__4,PORTRAIT_IMAGE_REQUEST__4,助手头部1k,助手随机1k,1,4,889,950,0.112,0.421,0.309,-0.273,0.972,False,共有
POST_TENURE_AND_MOVE_RESOLUTION__1,POST_TENURE_AND_MOVE_RESOLUTION__1,助手头部1k,助手随机1k,3,1,889,950,0.337,0.105,-0.232,-0.888,0.305,False,共有
POST_TENURE_AND_MOVE_RESOLUTION__2,POST_TENURE_AND_MOVE_RESOLUTION__2,助手头部1k,助手随机1k,7,90,889,950,0.787,9.474,8.686,6.793,10.755,True,共有
POST_TENURE_AND_MOVE_RESOLUTION__3,POST_TENURE_AND_MOVE_RESOLUTION__3,助手头部1k,助手随机1k,1,14,889,950,0.112,1.474,1.361,0.571,2.35,True,共有
POST_TENURE_AND_MOVE_RESOLUTION__4,POST_TENURE_AND_MOVE_RESOLUTION__4,助手头部1k,助手随机1k,5,3,889,950,0.562,0.316,-0.247,-1.023,0.442,False,共有
POST_TENURE_AND_MOVE_RESOLUTION__5,POST_TENURE_AND_MOVE_RESOLUTION__5,助手头部1k,助手随机1k,0,14,889,950,0.0,1.474,1.474,0.74,2.458,True,b独有
POST_TENURE_AND_MOVE_RESOLUTION__6,POST_TENURE_AND_MOVE_RESOLUTION__6,助手头部1k,助手随机1k,2,18,889,950,0.225,1.895,1.67,0.759,2.762,True,共有
PRIVATE_INDIVIDUAL_DATA_PROBE__1,PRIVATE_INDIVIDUAL_DATA_PROBE__1,助手头部1k,助手随机1k,0,17,889,950,0.0,1.789,1.789,0.994,2.847,True,b独有
PRIVATE_INDIVIDUAL_DATA_PROBE__2,PRIVATE_INDIVIDUAL_DATA_PROBE__2,助手头部1k,助手随机1k,0,16,889,950,0.0,1.684,1.684,0.909,2.718,True,b独有
RELATION_AND_FAMILY_LOOKUP__1,RELATION_AND_FAMILY_LOOKUP__1,助手头部1k,助手随机1k,8,5,889,950,0.9,0.526,-0.374,-1.29,0.455,False,共有
RELATION_AND_FAMILY_LOOKUP__2,RELATION_AND_FAMILY_LOOKUP__2,助手头部1k,助手随机1k,10,11,889,950,1.125,1.158,0.033,-1.031,1.072,False,共有
RELATION_AND_FAMILY_LOOKUP__3,RELATION_AND_FAMILY_LOOKUP__3,助手头部1k,助手随机1k,15,13,889,950,1.687,1.368,-0.319,-1.537,0.846,False,共有
RELATION_AND_FAMILY_LOOKUP__4,RELATION_AND_FAMILY_LOOKUP__4,助手头部1k,助手随机1k,3,20,889,950,0.337,2.105,1.768,0.784,2.914,True,共有
RELATION_AND_FAMILY_LOOKUP__5,RELATION_AND_FAMILY_LOOKUP__5,助手头部1k,助手随机1k,25,48,889,950,2.812,5.053,2.24,0.453,4.061,True,共有
REVERSE_ENTITY_RESOLUTION__1,REVERSE_ENTITY_RESOLUTION__1,助手头部1k,助手随机1k,18,22,889,950,2.025,2.316,0.291,-1.102,1.672,False,共有
REVERSE_ENTITY_RESOLUTION__2,REVERSE_ENTITY_RESOLUTION__2,助手头部1k,助手随机1k,7,12,889,950,0.787,1.263,0.476,-0.513,1.492,False,共有
SCANDAL_BLACK_MATERIAL_CONSUMPTION__1,SCANDAL_BLACK_MATERIAL_CONSUMPTION__1,助手头部1k,助手随机1k,2,0,889,950,0.225,0.0,-0.225,-0.817,0.21,False,a独有
SINGLE_ATTRIBUTE_FACTOID__1,SINGLE_ATTRIBUTE_FACTOID__1,助手头部1k,助手随机1k,1,12,889,950,0.112,1.263,1.151,0.4,2.087,True,共有
SINGLE_ATTRIBUTE_FACTOID__2,SINGLE_ATTRIBUTE_FACTOID__2,助手头部1k,助手随机1k,6,20,889,950,0.675,2.105,1.43,0.349,2.612,True,共有
SINGLE_ATTRIBUTE_FACTOID__4,SINGLE_ATTRIBUTE_FACTOID__4,助手头部1k,助手随机1k,9,25,889,950,1.012,2.632,1.619,0.386,2.934,True,共有
SINGLE_ATTRIBUTE_FACTOID__5,SINGLE_ATTRIBUTE_FACTOID__5,助手头部1k,助手随机1k,3,9,889,950,0.337,0.947,0.61,-0.18,1.482,False,共有
SINGLE_ATTRIBUTE_FACTOID__6,SINGLE_ATTRIBUTE_FACTOID__6,助手头部1k,助手随机1k,0,4,889,950,0.0,0.421,0.421,-0.08,1.078,False,b独有
ADULT_SEXUALIZED_IMAGE_BROWSE__1,ADULT_SEXUALIZED_IMAGE_BROWSE__1,助手头部1k,助手语音头部1k,5,6,889,999,0.562,0.601,0.038,-0.777,0.812,False,共有
BARE_NAME_DEFAULT_LOOKUP__1,BARE_NAME_DEFAULT_LOOKUP__1,助手头部1k,助手语音头部1k,231,269,889,999,25.984,26.927,0.943,-3.052,4.91,False,共有
BARE_NAME_DEFAULT_LOOKUP__2,BARE_NAME_DEFAULT_LOOKUP__2,助手头部1k,助手语音头部1k,55,182,889,999,6.187,18.218,12.031,9.147,14.91,True,共有
BARE_NAME_DEFAULT_LOOKUP__3,BARE_NAME_DEFAULT_LOOKUP__3,助手头部1k,助手语音头部1k,24,37,889,999,2.7,3.704,1.004,-0.628,2.623,False,共有
BARE_NAME_DEFAULT_LOOKUP__4,BARE_NAME_DEFAULT_LOOKUP__4,助手头部1k,助手语音头部1k,147,167,889,999,16.535,16.717,0.181,-3.204,3.533,False,共有
BARE_NAME_DEFAULT_LOOKUP__5,BARE_NAME_DEFAULT_LOOKUP__5,助手头部1k,助手语音头部1k,13,10,889,999,1.462,1.001,-0.461,-1.582,0.568,False,共有
BIO_PROFILE_LOOKUP__1,BIO_PROFILE_LOOKUP__1,助手头部1k,助手语音头部1k,16,8,889,999,1.8,0.801,-0.999,-2.171,0.035,False,共有
BIO_PROFILE_LOOKUP__2,BIO_PROFILE_LOOKUP__2,助手头部1k,助手语音头部1k,6,12,889,999,0.675,1.201,0.526,-0.415,1.485,False,共有
BIO_PROFILE_LOOKUP__4,BIO_PROFILE_LOOKUP__4,助手头部1k,助手语音头部1k,23,1,889,999,2.587,0.1,-2.487,-3.755,-1.512,True,共有
BIO_PROFILE_LOOKUP__5,BIO_PROFILE_LOOKUP__5,助手头部1k,助手语音头部1k,4,0,889,999,0.45,0.0,-0.45,-1.151,0.022,False,a独有
CAUSAL_EXPLANATION__1,CAUSAL_EXPLANATION__1,助手头部1k,助手语音头部1k,13,0,889,999,1.462,0.0,-1.462,-2.486,-0.746,True,a独有
CURRENT_STATUS_TRACKING__1,CURRENT_STATUS_TRACKING__1,助手头部1k,助手语音头部1k,2,0,889,999,0.225,0.0,-0.225,-0.817,0.191,False,a独有
EVALUATION_OPINION_LOOKUP__1,EVALUATION_OPINION_LOOKUP__1,助手头部1k,助手语音头部1k,30,5,889,999,3.375,0.501,-2.874,-4.305,-1.672,True,共有
EVALUATION_OPINION_LOOKUP__2,EVALUATION_OPINION_LOOKUP__2,助手头部1k,助手语音头部1k,0,2,889,999,0.0,0.2,0.2,-0.254,0.727,False,b独有
FICTIONAL_PLOT_SETTING_LOOKUP__1,FICTIONAL_PLOT_SETTING_LOOKUP__1,助手头部1k,助手语音头部1k,9,4,889,999,1.012,0.4,-0.612,-1.545,0.175,False,共有
FICTIONAL_PLOT_SETTING_LOOKUP__2,FICTIONAL_PLOT_SETTING_LOOKUP__2,助手头部1k,助手语音头部1k,12,4,889,999,1.35,0.4,-0.949,-1.974,-0.1,True,共有
HARD_REFUSE_ILLICIT_IMAGERY_REQUEST__1,HARD_REFUSE_ILLICIT_IMAGERY_REQUEST__1,助手头部1k,助手语音头部1k,1,1,889,999,0.112,0.1,-0.012,-0.541,0.461,False,共有
OFFICIAL_DOCUMENT_RETRIEVAL__1,OFFICIAL_DOCUMENT_RETRIEVAL__1,助手头部1k,助手语音头部1k,0,1,889,999,0.0,0.1,0.1,-0.338,0.565,False,b独有
OUT_OF_SCOPE_OR_UNPARSEABLE__1,OUT_OF_SCOPE_OR_UNPARSEABLE__1,助手头部1k,助手语音头部1k,145,193,889,999,16.31,19.319,3.009,-0.461,6.442,False,共有
OUT_OF_SCOPE_OR_UNPARSEABLE__2,OUT_OF_SCOPE_OR_UNPARSEABLE__2,助手头部1k,助手语音头部1k,2,17,889,999,0.225,1.702,1.477,0.608,2.496,True,共有
PERSON_LIST_LOOKUP__1,PERSON_LIST_LOOKUP__1,助手头部1k,助手语音头部1k,4,2,889,999,0.45,0.2,-0.25,-0.966,0.344,False,共有
PERSON_LIST_LOOKUP__2,PERSON_LIST_LOOKUP__2,助手头部1k,助手语音头部1k,13,14,889,999,1.462,1.401,-0.061,-1.23,1.055,False,共有
PLATFORM_DIRECTED_TASK__1,PLATFORM_DIRECTED_TASK__1,助手头部1k,助手语音头部1k,4,0,889,999,0.45,0.0,-0.45,-1.151,0.022,False,a独有
PLATFORM_DIRECTED_TASK__2,PLATFORM_DIRECTED_TASK__2,助手头部1k,助手语音头部1k,3,1,889,999,0.337,0.1,-0.237,-0.893,0.278,False,共有
PORTRAIT_IMAGE_REQUEST__2,PORTRAIT_IMAGE_REQUEST__2,助手头部1k,助手语音头部1k,1,0,889,999,0.112,0.0,-0.112,-0.634,0.282,False,a独有
PORTRAIT_IMAGE_REQUEST__3,PORTRAIT_IMAGE_REQUEST__3,助手头部1k,助手语音头部1k,0,4,889,999,0.0,0.4,0.4,-0.095,1.025,False,b独有
PORTRAIT_IMAGE_REQUEST__4,PORTRAIT_IMAGE_REQUEST__4,助手头部1k,助手语音头部1k,1,0,889,999,0.112,0.0,-0.112,-0.634,0.282,False,a独有
POST_TENURE_AND_MOVE_RESOLUTION__1,POST_TENURE_AND_MOVE_RESOLUTION__1,助手头部1k,助手语音头部1k,3,11,889,999,0.337,1.101,0.764,-0.047,1.652,False,共有
POST_TENURE_AND_MOVE_RESOLUTION__2,POST_TENURE_AND_MOVE_RESOLUTION__2,助手头部1k,助手语音头部1k,7,2,889,999,0.787,0.2,-0.587,-1.429,0.078,False,共有
POST_TENURE_AND_MOVE_RESOLUTION__3,POST_TENURE_AND_MOVE_RESOLUTION__3,助手头部1k,助手语音头部1k,1,0,889,999,0.112,0.0,-0.112,-0.634,0.282,False,a独有
POST_TENURE_AND_MOVE_RESOLUTION__4,POST_TENURE_AND_MOVE_RESOLUTION__4,助手头部1k,助手语音头部1k,5,4,889,999,0.562,0.4,-0.162,-0.948,0.541,False,共有
POST_TENURE_AND_MOVE_RESOLUTION__6,POST_TENURE_AND_MOVE_RESOLUTION__6,助手头部1k,助手语音头部1k,2,2,889,999,0.225,0.2,-0.025,-0.634,0.527,False,共有
PRIVATE_INDIVIDUAL_DATA_PROBE__1,PRIVATE_INDIVIDUAL_DATA_PROBE__1,助手头部1k,助手语音头部1k,0,2,889,999,0.0,0.2,0.2,-0.254,0.727,False,b独有
RELATION_AND_FAMILY_LOOKUP__1,RELATION_AND_FAMILY_LOOKUP__1,助手头部1k,助手语音头部1k,8,0,889,999,0.9,0.0,-0.9,-1.766,-0.314,True,a独有
RELATION_AND_FAMILY_LOOKUP__2,RELATION_AND_FAMILY_LOOKUP__2,助手头部1k,助手语音头部1k,10,0,889,999,1.125,0.0,-1.125,-2.058,-0.485,True,a独有
RELATION_AND_FAMILY_LOOKUP__3,RELATION_AND_FAMILY_LOOKUP__3,助手头部1k,助手语音头部1k,15,0,889,999,1.687,0.0,-1.687,-2.765,-0.922,True,a独有
RELATION_AND_FAMILY_LOOKUP__4,RELATION_AND_FAMILY_LOOKUP__4,助手头部1k,助手语音头部1k,3,3,889,999,0.337,0.3,-0.037,-0.717,0.583,False,共有
RELATION_AND_FAMILY_LOOKUP__5,RELATION_AND_FAMILY_LOOKUP__5,助手头部1k,助手语音头部1k,25,0,889,999,2.812,0.0,-2.812,-4.118,-1.834,True,a独有
REVERSE_ENTITY_RESOLUTION__1,REVERSE_ENTITY_RESOLUTION__1,助手头部1k,助手语音头部1k,18,9,889,999,2.025,0.901,-1.124,-2.353,-0.032,True,共有
REVERSE_ENTITY_RESOLUTION__2,REVERSE_ENTITY_RESOLUTION__2,助手头部1k,助手语音头部1k,7,7,889,999,0.787,0.701,-0.087,-0.991,0.756,False,共有
SCANDAL_BLACK_MATERIAL_CONSUMPTION__1,SCANDAL_BLACK_MATERIAL_CONSUMPTION__1,助手头部1k,助手语音头部1k,2,0,889,999,0.225,0.0,-0.225,-0.817,0.191,False,a独有
SINGLE_ATTRIBUTE_FACTOID__1,SINGLE_ATTRIBUTE_FACTOID__1,助手头部1k,助手语音头部1k,1,2,889,999,0.112,0.2,0.088,-0.454,0.623,False,共有
SINGLE_ATTRIBUTE_FACTOID__2,SINGLE_ATTRIBUTE_FACTOID__2,助手头部1k,助手语音头部1k,6,2,889,999,0.675,0.2,-0.475,-1.278,0.166,False,共有
SINGLE_ATTRIBUTE_FACTOID__3,SINGLE_ATTRIBUTE_FACTOID__3,助手头部1k,助手语音头部1k,0,10,889,999,0.0,1.001,1.001,0.374,1.833,True,b独有
SINGLE_ATTRIBUTE_FACTOID__4,SINGLE_ATTRIBUTE_FACTOID__4,助手头部1k,助手语音头部1k,9,2,889,999,1.012,0.2,-0.812,-1.724,-0.1,True,共有
SINGLE_ATTRIBUTE_FACTOID__5,SINGLE_ATTRIBUTE_FACTOID__5,助手头部1k,助手语音头部1k,3,0,889,999,0.337,0.0,-0.337,-0.987,0.106,False,a独有
SINGLE_ATTRIBUTE_FACTOID__6,SINGLE_ATTRIBUTE_FACTOID__6,助手头部1k,助手语音头部1k,0,3,889,999,0.0,0.3,0.3,-0.173,0.879,False,b独有
ADULT_SEXUALIZED_IMAGE_BROWSE__1,ADULT_SEXUALIZED_IMAGE_BROWSE__1,助手头部1k,助手语音随机1k,5,0,889,1000,0.562,0.0,-0.562,-1.31,-0.062,True,a独有
BARE_NAME_DEFAULT_LOOKUP__1,BARE_NAME_DEFAULT_LOOKUP__1,助手头部1k,助手语音随机1k,231,75,889,1000,25.984,7.5,-18.484,-21.811,-15.176,True,共有
BARE_NAME_DEFAULT_LOOKUP__2,BARE_NAME_DEFAULT_LOOKUP__2,助手头部1k,助手语音随机1k,55,52,889,1000,6.187,5.2,-0.987,-3.141,1.108,False,共有
BARE_NAME_DEFAULT_LOOKUP__3,BARE_NAME_DEFAULT_LOOKUP__3,助手头部1k,助手语音随机1k,24,19,889,1000,2.7,1.9,-0.8,-2.254,0.568,False,共有
BARE_NAME_DEFAULT_LOOKUP__4,BARE_NAME_DEFAULT_LOOKUP__4,助手头部1k,助手语音随机1k,147,63,889,1000,16.535,6.3,-10.235,-13.149,-7.39,True,共有
BARE_NAME_DEFAULT_LOOKUP__5,BARE_NAME_DEFAULT_LOOKUP__5,助手头部1k,助手语音随机1k,13,76,889,1000,1.462,7.6,6.138,4.334,8.046,True,共有
BIO_PROFILE_LOOKUP__1,BIO_PROFILE_LOOKUP__1,助手头部1k,助手语音随机1k,16,9,889,1000,1.8,0.9,-0.9,-2.083,0.157,False,共有
BIO_PROFILE_LOOKUP__2,BIO_PROFILE_LOOKUP__2,助手头部1k,助手语音随机1k,6,31,889,1000,0.675,3.1,2.425,1.222,3.743,True,共有
BIO_PROFILE_LOOKUP__4,BIO_PROFILE_LOOKUP__4,助手头部1k,助手语音随机1k,23,8,889,1000,2.587,0.8,-1.787,-3.112,-0.635,True,共有
BIO_PROFILE_LOOKUP__5,BIO_PROFILE_LOOKUP__5,助手头部1k,助手语音随机1k,4,0,889,1000,0.45,0.0,-0.45,-1.151,0.021,False,a独有
CAUSAL_EXPLANATION__1,CAUSAL_EXPLANATION__1,助手头部1k,助手语音随机1k,13,13,889,1000,1.462,1.3,-0.162,-1.319,0.932,False,共有
CURRENT_STATUS_TRACKING__1,CURRENT_STATUS_TRACKING__1,助手头部1k,助手语音随机1k,2,0,889,1000,0.225,0.0,-0.225,-0.817,0.191,False,a独有
DEATH_VERIFICATION__1,DEATH_VERIFICATION__1,助手头部1k,助手语音随机1k,0,1,889,1000,0.0,0.1,0.1,-0.338,0.564,False,b独有
EVALUATION_OPINION_LOOKUP__1,EVALUATION_OPINION_LOOKUP__1,助手头部1k,助手语音随机1k,30,24,889,1000,3.375,2.4,-0.975,-2.58,0.547,False,共有
EVALUATION_OPINION_LOOKUP__2,EVALUATION_OPINION_LOOKUP__2,助手头部1k,助手语音随机1k,0,4,889,1000,0.0,0.4,0.4,-0.095,1.024,False,b独有
FICTIONAL_PLOT_SETTING_LOOKUP__1,FICTIONAL_PLOT_SETTING_LOOKUP__1,助手头部1k,助手语音随机1k,9,31,889,1000,1.012,3.1,2.088,0.809,3.442,True,共有
FICTIONAL_PLOT_SETTING_LOOKUP__2,FICTIONAL_PLOT_SETTING_LOOKUP__2,助手头部1k,助手语音随机1k,12,43,889,1000,1.35,4.3,2.95,1.473,4.503,True,共有
HARD_REFUSE_ILLICIT_IMAGERY_REQUEST__1,HARD_REFUSE_ILLICIT_IMAGERY_REQUEST__1,助手头部1k,助手语音随机1k,1,3,889,1000,0.112,0.3,0.188,-0.371,0.773,False,共有
OFFICIAL_DOCUMENT_RETRIEVAL__1,OFFICIAL_DOCUMENT_RETRIEVAL__1,助手头部1k,助手语音随机1k,0,2,889,1000,0.0,0.2,0.2,-0.254,0.726,False,b独有
OUT_OF_SCOPE_OR_UNPARSEABLE__1,OUT_OF_SCOPE_OR_UNPARSEABLE__1,助手头部1k,助手语音随机1k,145,168,889,1000,16.31,16.8,0.49,-2.889,3.833,False,共有
OUT_OF_SCOPE_OR_UNPARSEABLE__2,OUT_OF_SCOPE_OR_UNPARSEABLE__2,助手头部1k,助手语音随机1k,2,6,889,1000,0.225,0.6,0.375,-0.3,1.097,False,共有
PERSON_LIST_LOOKUP__1,PERSON_LIST_LOOKUP__1,助手头部1k,助手语音随机1k,4,23,889,1000,0.45,2.3,1.85,0.814,3.011,True,共有
PERSON_LIST_LOOKUP__2,PERSON_LIST_LOOKUP__2,助手头部1k,助手语音随机1k,13,37,889,1000,1.462,3.7,2.238,0.804,3.725,True,共有
PLATFORM_DIRECTED_TASK__1,PLATFORM_DIRECTED_TASK__1,助手头部1k,助手语音随机1k,4,0,889,1000,0.45,0.0,-0.45,-1.151,0.021,False,a独有
PLATFORM_DIRECTED_TASK__2,PLATFORM_DIRECTED_TASK__2,助手头部1k,助手语音随机1k,3,1,889,1000,0.337,0.1,-0.237,-0.893,0.277,False,共有
PORTRAIT_IMAGE_REQUEST__2,PORTRAIT_IMAGE_REQUEST__2,助手头部1k,助手语音随机1k,1,7,889,1000,0.112,0.7,0.588,-0.047,1.331,False,共有
PORTRAIT_IMAGE_REQUEST__3,PORTRAIT_IMAGE_REQUEST__3,助手头部1k,助手语音随机1k,0,7,889,1000,0.0,0.7,0.7,0.139,1.438,True,b独有
PORTRAIT_IMAGE_REQUEST__4,PORTRAIT_IMAGE_REQUEST__4,助手头部1k,助手语音随机1k,1,2,889,1000,0.112,0.2,0.088,-0.454,0.622,False,共有
POST_TENURE_AND_MOVE_RESOLUTION__1,POST_TENURE_AND_MOVE_RESOLUTION__1,助手头部1k,助手语音随机1k,3,11,889,1000,0.337,1.1,0.763,-0.048,1.65,False,共有
POST_TENURE_AND_MOVE_RESOLUTION__2,POST_TENURE_AND_MOVE_RESOLUTION__2,助手头部1k,助手语音随机1k,7,29,889,1000,0.787,2.9,2.113,0.908,3.411,True,共有
POST_TENURE_AND_MOVE_RESOLUTION__3,POST_TENURE_AND_MOVE_RESOLUTION__3,助手头部1k,助手语音随机1k,1,6,889,1000,0.112,0.6,0.488,-0.127,1.196,False,共有
POST_TENURE_AND_MOVE_RESOLUTION__4,POST_TENURE_AND_MOVE_RESOLUTION__4,助手头部1k,助手语音随机1k,5,10,889,1000,0.562,1.0,0.438,-0.438,1.329,False,共有
POST_TENURE_AND_MOVE_RESOLUTION__5,POST_TENURE_AND_MOVE_RESOLUTION__5,助手头部1k,助手语音随机1k,0,8,889,1000,0.0,0.8,0.8,0.217,1.571,True,b独有
POST_TENURE_AND_MOVE_RESOLUTION__6,POST_TENURE_AND_MOVE_RESOLUTION__6,助手头部1k,助手语音随机1k,2,36,889,1000,0.225,3.6,3.375,2.223,4.728,True,共有
PRIVATE_INDIVIDUAL_DATA_PROBE__1,PRIVATE_INDIVIDUAL_DATA_PROBE__1,助手头部1k,助手语音随机1k,0,4,889,1000,0.0,0.4,0.4,-0.095,1.024,False,b独有
PRIVATE_INDIVIDUAL_DATA_PROBE__2,PRIVATE_INDIVIDUAL_DATA_PROBE__2,助手头部1k,助手语音随机1k,0,4,889,1000,0.0,0.4,0.4,-0.095,1.024,False,b独有
RELATION_AND_FAMILY_LOOKUP__1,RELATION_AND_FAMILY_LOOKUP__1,助手头部1k,助手语音随机1k,8,3,889,1000,0.9,0.3,-0.6,-1.488,0.129,False,共有
RELATION_AND_FAMILY_LOOKUP__2,RELATION_AND_FAMILY_LOOKUP__2,助手头部1k,助手语音随机1k,10,5,889,1000,1.125,0.5,-0.625,-1.601,0.215,False,共有
RELATION_AND_FAMILY_LOOKUP__3,RELATION_AND_FAMILY_LOOKUP__3,助手头部1k,助手语音随机1k,15,21,889,1000,1.687,2.1,0.413,-0.885,1.687,False,共有
RELATION_AND_FAMILY_LOOKUP__4,RELATION_AND_FAMILY_LOOKUP__4,助手头部1k,助手语音随机1k,3,23,889,1000,0.337,2.3,1.963,0.961,3.112,True,共有
RELATION_AND_FAMILY_LOOKUP__5,RELATION_AND_FAMILY_LOOKUP__5,助手头部1k,助手语音随机1k,25,19,889,1000,2.812,1.9,-0.912,-2.385,0.47,False,共有
REVERSE_ENTITY_RESOLUTION__1,REVERSE_ENTITY_RESOLUTION__1,助手头部1k,助手语音随机1k,18,39,889,1000,2.025,3.9,1.875,0.326,3.447,True,共有
REVERSE_ENTITY_RESOLUTION__2,REVERSE_ENTITY_RESOLUTION__2,助手头部1k,助手语音随机1k,7,10,889,1000,0.787,1.0,0.213,-0.733,1.137,False,共有
SCANDAL_BLACK_MATERIAL_CONSUMPTION__1,SCANDAL_BLACK_MATERIAL_CONSUMPTION__1,助手头部1k,助手语音随机1k,2,0,889,1000,0.225,0.0,-0.225,-0.817,0.191,False,a独有
SINGLE_ATTRIBUTE_FACTOID__1,SINGLE_ATTRIBUTE_FACTOID__1,助手头部1k,助手语音随机1k,1,13,889,1000,0.112,1.3,1.188,0.437,2.104,True,共有
SINGLE_ATTRIBUTE_FACTOID__2,SINGLE_ATTRIBUTE_FACTOID__2,助手头部1k,助手语音随机1k,6,17,889,1000,0.675,1.7,1.025,0.011,2.095,True,共有
SINGLE_ATTRIBUTE_FACTOID__3,SINGLE_ATTRIBUTE_FACTOID__3,助手头部1k,助手语音随机1k,0,2,889,1000,0.0,0.2,0.2,-0.254,0.726,False,b独有
SINGLE_ATTRIBUTE_FACTOID__4,SINGLE_ATTRIBUTE_FACTOID__4,助手头部1k,助手语音随机1k,9,21,889,1000,1.012,2.1,1.088,-0.067,2.277,False,共有
SINGLE_ATTRIBUTE_FACTOID__5,SINGLE_ATTRIBUTE_FACTOID__5,助手头部1k,助手语音随机1k,3,4,889,1000,0.337,0.4,0.063,-0.632,0.725,False,共有
SINGLE_ATTRIBUTE_FACTOID__6,SINGLE_ATTRIBUTE_FACTOID__6,助手头部1k,助手语音随机1k,0,10,889,1000,0.0,1.0,1.0,0.373,1.831,True,b独有
ADULT_SEXUALIZED_IMAGE_BROWSE__1,ADULT_SEXUALIZED_IMAGE_BROWSE__1,助手随机1k,助手语音头部1k,0,6,950,999,0.0,0.601,0.601,0.083,1.304,True,b独有
BARE_NAME_DEFAULT_LOOKUP__1,BARE_NAME_DEFAULT_LOOKUP__1,助手随机1k,助手语音头部1k,22,269,950,999,2.316,26.927,24.611,21.708,27.552,True,共有
BARE_NAME_DEFAULT_LOOKUP__2,BARE_NAME_DEFAULT_LOOKUP__2,助手随机1k,助手语音头部1k,9,182,950,999,0.947,18.218,17.271,14.849,19.824,True,共有
BARE_NAME_DEFAULT_LOOKUP__3,BARE_NAME_DEFAULT_LOOKUP__3,助手随机1k,助手语音头部1k,5,37,950,999,0.526,3.704,3.177,1.953,4.57,True,共有
BARE_NAME_DEFAULT_LOOKUP__4,BARE_NAME_DEFAULT_LOOKUP__4,助手随机1k,助手语音头部1k,22,167,950,999,2.316,16.717,14.401,11.924,16.963,True,共有
BARE_NAME_DEFAULT_LOOKUP__5,BARE_NAME_DEFAULT_LOOKUP__5,助手随机1k,助手语音头部1k,38,10,950,999,4.0,1.001,-2.999,-4.512,-1.642,True,共有
BIO_PROFILE_LOOKUP__1,BIO_PROFILE_LOOKUP__1,助手随机1k,助手语音头部1k,28,8,950,999,2.947,0.801,-2.147,-3.485,-0.961,True,共有
BIO_PROFILE_LOOKUP__2,BIO_PROFILE_LOOKUP__2,助手随机1k,助手语音头部1k,18,12,950,999,1.895,1.201,-0.694,-1.889,0.432,False,共有
BIO_PROFILE_LOOKUP__4,BIO_PROFILE_LOOKUP__4,助手随机1k,助手语音头部1k,10,1,950,999,1.053,0.1,-0.953,-1.831,-0.285,True,共有
BIO_PROFILE_LOOKUP__5,BIO_PROFILE_LOOKUP__5,助手随机1k,助手语音头部1k,1,0,950,999,0.105,0.0,-0.105,-0.594,0.287,False,a独有
CAUSAL_EXPLANATION__1,CAUSAL_EXPLANATION__1,助手随机1k,助手语音头部1k,30,0,950,999,3.158,0.0,-3.158,-4.472,-2.146,True,a独有
CURRENT_STATUS_TRACKING__1,CURRENT_STATUS_TRACKING__1,助手随机1k,助手语音头部1k,12,0,950,999,1.263,0.0,-1.263,-2.195,-0.602,True,a独有
DEATH_VERIFICATION__1,DEATH_VERIFICATION__1,助手随机1k,助手语音头部1k,3,0,950,999,0.316,0.0,-0.316,-0.924,0.12,False,a独有
EVALUATION_OPINION_LOOKUP__1,EVALUATION_OPINION_LOOKUP__1,助手随机1k,助手语音头部1k,57,5,950,999,6.0,0.501,-5.499,-7.218,-4.003,True,共有
EVALUATION_OPINION_LOOKUP__2,EVALUATION_OPINION_LOOKUP__2,助手随机1k,助手语音头部1k,7,2,950,999,0.737,0.2,-0.537,-1.326,0.113,False,共有
FICTIONAL_PLOT_SETTING_LOOKUP__1,FICTIONAL_PLOT_SETTING_LOOKUP__1,助手随机1k,助手语音头部1k,26,4,950,999,2.737,0.4,-2.336,-3.603,-1.272,True,共有
FICTIONAL_PLOT_SETTING_LOOKUP__2,FICTIONAL_PLOT_SETTING_LOOKUP__2,助手随机1k,助手语音头部1k,24,4,950,999,2.526,0.4,-2.126,-3.356,-1.093,True,共有
HARD_REFUSE_ILLICIT_IMAGERY_REQUEST__1,HARD_REFUSE_ILLICIT_IMAGERY_REQUEST__1,助手随机1k,助手语音头部1k,0,1,950,999,0.0,0.1,0.1,-0.311,0.565,False,b独有
OFFICIAL_DOCUMENT_RETRIEVAL__1,OFFICIAL_DOCUMENT_RETRIEVAL__1,助手随机1k,助手语音头部1k,0,1,950,999,0.0,0.1,0.1,-0.311,0.565,False,b独有
OUT_OF_SCOPE_OR_UNPARSEABLE__1,OUT_OF_SCOPE_OR_UNPARSEABLE__1,助手随机1k,助手语音头部1k,144,193,950,999,15.158,19.319,4.161,0.803,7.501,True,共有
OUT_OF_SCOPE_OR_UNPARSEABLE__2,OUT_OF_SCOPE_OR_UNPARSEABLE__2,助手随机1k,助手语音头部1k,3,17,950,999,0.316,1.702,1.386,0.505,2.414,True,共有
PERSON_LIST_LOOKUP__1,PERSON_LIST_LOOKUP__1,助手随机1k,助手语音头部1k,32,2,950,999,3.368,0.2,-3.168,-4.524,-2.062,True,共有
PERSON_LIST_LOOKUP__2,PERSON_LIST_LOOKUP__2,助手随机1k,助手语音头部1k,65,14,950,999,6.842,1.401,-5.441,-7.313,-3.724,True,共有
PLATFORM_DIRECTED_TASK__2,PLATFORM_DIRECTED_TASK__2,助手随机1k,助手语音头部1k,6,1,950,999,0.632,0.1,-0.531,-1.276,0.045,False,共有
PORTRAIT_IMAGE_REQUEST__2,PORTRAIT_IMAGE_REQUEST__2,助手随机1k,助手语音头部1k,4,0,950,999,0.421,0.0,-0.421,-1.078,0.04,False,a独有
PORTRAIT_IMAGE_REQUEST__3,PORTRAIT_IMAGE_REQUEST__3,助手随机1k,助手语音头部1k,6,4,950,999,0.632,0.4,-0.231,-1.01,0.481,False,共有
PORTRAIT_IMAGE_REQUEST__4,PORTRAIT_IMAGE_REQUEST__4,助手随机1k,助手语音头部1k,4,0,950,999,0.421,0.0,-0.421,-1.078,0.04,False,a独有
POST_TENURE_AND_MOVE_RESOLUTION__1,POST_TENURE_AND_MOVE_RESOLUTION__1,助手随机1k,助手语音头部1k,1,11,950,999,0.105,1.101,0.996,0.307,1.86,True,共有
POST_TENURE_AND_MOVE_RESOLUTION__2,POST_TENURE_AND_MOVE_RESOLUTION__2,助手随机1k,助手语音头部1k,90,2,950,999,9.474,0.2,-9.273,-11.308,-7.491,True,共有
POST_TENURE_AND_MOVE_RESOLUTION__3,POST_TENURE_AND_MOVE_RESOLUTION__3,助手随机1k,助手语音头部1k,14,0,950,999,1.474,0.0,-1.474,-2.458,-0.767,True,a独有
POST_TENURE_AND_MOVE_RESOLUTION__4,POST_TENURE_AND_MOVE_RESOLUTION__4,助手随机1k,助手语音头部1k,3,4,950,999,0.316,0.4,0.085,-0.571,0.743,False,共有
POST_TENURE_AND_MOVE_RESOLUTION__5,POST_TENURE_AND_MOVE_RESOLUTION__5,助手随机1k,助手语音头部1k,14,0,950,999,1.474,0.0,-1.474,-2.458,-0.767,True,a独有
POST_TENURE_AND_MOVE_RESOLUTION__6,POST_TENURE_AND_MOVE_RESOLUTION__6,助手随机1k,助手语音头部1k,18,2,950,999,1.895,0.2,-1.695,-2.785,-0.824,True,共有
PRIVATE_INDIVIDUAL_DATA_PROBE__1,PRIVATE_INDIVIDUAL_DATA_PROBE__1,助手随机1k,助手语音头部1k,17,2,950,999,1.789,0.2,-1.589,-2.657,-0.738,True,共有
PRIVATE_INDIVIDUAL_DATA_PROBE__2,PRIVATE_INDIVIDUAL_DATA_PROBE__2,助手随机1k,助手语音头部1k,16,0,950,999,1.684,0.0,-1.684,-2.718,-0.934,True,a独有
RELATION_AND_FAMILY_LOOKUP__1,RELATION_AND_FAMILY_LOOKUP__1,助手随机1k,助手语音头部1k,5,0,950,999,0.526,0.0,-0.526,-1.226,-0.039,True,a独有
RELATION_AND_FAMILY_LOOKUP__2,RELATION_AND_FAMILY_LOOKUP__2,助手随机1k,助手语音头部1k,11,0,950,999,1.158,0.0,-1.158,-2.061,-0.52,True,a独有
RELATION_AND_FAMILY_LOOKUP__3,RELATION_AND_FAMILY_LOOKUP__3,助手随机1k,助手语音头部1k,13,0,950,999,1.368,0.0,-1.368,-2.327,-0.684,True,a独有
RELATION_AND_FAMILY_LOOKUP__4,RELATION_AND_FAMILY_LOOKUP__4,助手随机1k,助手语音头部1k,20,3,950,999,2.105,0.3,-1.805,-2.946,-0.867,True,共有
RELATION_AND_FAMILY_LOOKUP__5,RELATION_AND_FAMILY_LOOKUP__5,助手随机1k,助手语音头部1k,48,0,950,999,5.053,0.0,-5.053,-6.635,-3.773,True,a独有
REVERSE_ENTITY_RESOLUTION__1,REVERSE_ENTITY_RESOLUTION__1,助手随机1k,助手语音头部1k,22,9,950,999,2.316,0.901,-1.415,-2.656,-0.295,True,共有
REVERSE_ENTITY_RESOLUTION__2,REVERSE_ENTITY_RESOLUTION__2,助手随机1k,助手语音头部1k,12,7,950,999,1.263,0.701,-0.562,-1.562,0.352,False,共有
SINGLE_ATTRIBUTE_FACTOID__1,SINGLE_ATTRIBUTE_FACTOID__1,助手随机1k,助手语音头部1k,12,2,950,999,1.263,0.2,-1.063,-2.006,-0.309,True,共有
SINGLE_ATTRIBUTE_FACTOID__2,SINGLE_ATTRIBUTE_FACTOID__2,助手随机1k,助手语音头部1k,20,2,950,999,2.105,0.2,-1.905,-3.039,-0.998,True,共有
SINGLE_ATTRIBUTE_FACTOID__3,SINGLE_ATTRIBUTE_FACTOID__3,助手随机1k,助手语音头部1k,0,10,950,999,0.0,1.001,1.001,0.392,1.833,True,b独有
SINGLE_ATTRIBUTE_FACTOID__4,SINGLE_ATTRIBUTE_FACTOID__4,助手随机1k,助手语音头部1k,25,2,950,999,2.632,0.2,-2.431,-3.664,-1.437,True,共有
SINGLE_ATTRIBUTE_FACTOID__5,SINGLE_ATTRIBUTE_FACTOID__5,助手随机1k,助手语音头部1k,9,0,950,999,0.947,0.0,-0.947,-1.791,-0.358,True,a独有
SINGLE_ATTRIBUTE_FACTOID__6,SINGLE_ATTRIBUTE_FACTOID__6,助手随机1k,助手语音头部1k,4,3,950,999,0.421,0.3,-0.121,-0.807,0.513,False,共有
BARE_NAME_DEFAULT_LOOKUP__1,BARE_NAME_DEFAULT_LOOKUP__1,助手随机1k,助手语音随机1k,22,75,950,1000,2.316,7.5,5.184,3.304,7.147,True,共有
BARE_NAME_DEFAULT_LOOKUP__2,BARE_NAME_DEFAULT_LOOKUP__2,助手随机1k,助手语音随机1k,9,52,950,1000,0.947,5.2,4.253,2.776,5.871,True,共有
BARE_NAME_DEFAULT_LOOKUP__3,BARE_NAME_DEFAULT_LOOKUP__3,助手随机1k,助手语音随机1k,5,19,950,1000,0.526,1.9,1.374,0.398,2.465,True,共有
BARE_NAME_DEFAULT_LOOKUP__4,BARE_NAME_DEFAULT_LOOKUP__4,助手随机1k,助手语音随机1k,22,63,950,1000,2.316,6.3,3.984,2.204,5.837,True,共有
BARE_NAME_DEFAULT_LOOKUP__5,BARE_NAME_DEFAULT_LOOKUP__5,助手随机1k,助手语音随机1k,38,76,950,1000,4.0,7.6,3.6,1.53,5.703,True,共有
BIO_PROFILE_LOOKUP__1,BIO_PROFILE_LOOKUP__1,助手随机1k,助手语音随机1k,28,9,950,1000,2.947,0.9,-2.047,-3.396,-0.842,True,共有
BIO_PROFILE_LOOKUP__2,BIO_PROFILE_LOOKUP__2,助手随机1k,助手语音随机1k,18,31,950,1000,1.895,3.1,1.205,-0.206,2.649,False,共有
BIO_PROFILE_LOOKUP__4,BIO_PROFILE_LOOKUP__4,助手随机1k,助手语音随机1k,10,8,950,1000,1.053,0.8,-0.253,-1.211,0.655,False,共有
BIO_PROFILE_LOOKUP__5,BIO_PROFILE_LOOKUP__5,助手随机1k,助手语音随机1k,1,0,950,1000,0.105,0.0,-0.105,-0.594,0.287,False,a独有
CAUSAL_EXPLANATION__1,CAUSAL_EXPLANATION__1,助手随机1k,助手语音随机1k,30,13,950,1000,3.158,1.3,-1.858,-3.278,-0.551,True,共有
CURRENT_STATUS_TRACKING__1,CURRENT_STATUS_TRACKING__1,助手随机1k,助手语音随机1k,12,0,950,1000,1.263,0.0,-1.263,-2.195,-0.602,True,a独有
DEATH_VERIFICATION__1,DEATH_VERIFICATION__1,助手随机1k,助手语音随机1k,3,1,950,1000,0.316,0.1,-0.216,-0.83,0.293,False,共有
EVALUATION_OPINION_LOOKUP__1,EVALUATION_OPINION_LOOKUP__1,助手随机1k,助手语音随机1k,57,24,950,1000,6.0,2.4,-3.6,-5.466,-1.836,True,共有
EVALUATION_OPINION_LOOKUP__2,EVALUATION_OPINION_LOOKUP__2,助手随机1k,助手语音随机1k,7,4,950,1000,0.737,0.4,-0.337,-1.151,0.393,False,共有
FICTIONAL_PLOT_SETTING_LOOKUP__1,FICTIONAL_PLOT_SETTING_LOOKUP__1,助手随机1k,助手语音随机1k,26,31,950,1000,2.737,3.1,0.363,-1.176,1.895,False,共有
FICTIONAL_PLOT_SETTING_LOOKUP__2,FICTIONAL_PLOT_SETTING_LOOKUP__2,助手随机1k,助手语音随机1k,24,43,950,1000,2.526,4.3,1.774,0.147,3.434,True,共有
HARD_REFUSE_ILLICIT_IMAGERY_REQUEST__1,HARD_REFUSE_ILLICIT_IMAGERY_REQUEST__1,助手随机1k,助手语音随机1k,0,3,950,1000,0.0,0.3,0.3,-0.149,0.878,False,b独有
OFFICIAL_DOCUMENT_RETRIEVAL__1,OFFICIAL_DOCUMENT_RETRIEVAL__1,助手随机1k,助手语音随机1k,0,2,950,1000,0.0,0.2,0.2,-0.228,0.726,False,b独有
OUT_OF_SCOPE_OR_UNPARSEABLE__1,OUT_OF_SCOPE_OR_UNPARSEABLE__1,助手随机1k,助手语音随机1k,144,168,950,1000,15.158,16.8,1.642,-1.622,4.89,False,共有
OUT_OF_SCOPE_OR_UNPARSEABLE__2,OUT_OF_SCOPE_OR_UNPARSEABLE__2,助手随机1k,助手语音随机1k,3,6,950,1000,0.316,0.6,0.284,-0.406,1.017,False,共有
PERSON_LIST_LOOKUP__1,PERSON_LIST_LOOKUP__1,助手随机1k,助手语音随机1k,32,23,950,1000,3.368,2.3,-1.068,-2.617,0.421,False,共有
PERSON_LIST_LOOKUP__2,PERSON_LIST_LOOKUP__2,助手随机1k,助手语音随机1k,65,37,950,1000,6.842,3.7,-3.142,-5.19,-1.164,True,共有
PLATFORM_DIRECTED_TASK__2,PLATFORM_DIRECTED_TASK__2,助手随机1k,助手语音随机1k,6,1,950,1000,0.632,0.1,-0.532,-1.276,0.045,False,共有
PORTRAIT_IMAGE_REQUEST__2,PORTRAIT_IMAGE_REQUEST__2,助手随机1k,助手语音随机1k,4,7,950,1000,0.421,0.7,0.279,-0.47,1.06,False,共有
PORTRAIT_IMAGE_REQUEST__3,PORTRAIT_IMAGE_REQUEST__3,助手随机1k,助手语音随机1k,6,7,950,1000,0.632,0.7,0.068,-0.754,0.882,False,共有
PORTRAIT_IMAGE_REQUEST__4,PORTRAIT_IMAGE_REQUEST__4,助手随机1k,助手语音随机1k,4,2,950,1000,0.421,0.2,-0.221,-0.893,0.365,False,共有
POST_TENURE_AND_MOVE_RESOLUTION__1,POST_TENURE_AND_MOVE_RESOLUTION__1,助手随机1k,助手语音随机1k,1,11,950,1000,0.105,1.1,0.995,0.307,1.858,True,共有
POST_TENURE_AND_MOVE_RESOLUTION__2,POST_TENURE_AND_MOVE_RESOLUTION__2,助手随机1k,助手语音随机1k,90,29,950,1000,9.474,2.9,-6.574,-8.783,-4.471,True,共有
POST_TENURE_AND_MOVE_RESOLUTION__3,POST_TENURE_AND_MOVE_RESOLUTION__3,助手随机1k,助手语音随机1k,14,6,950,1000,1.474,0.6,-0.874,-1.911,0.046,False,共有
POST_TENURE_AND_MOVE_RESOLUTION__4,POST_TENURE_AND_MOVE_RESOLUTION__4,助手随机1k,助手语音随机1k,3,10,950,1000,0.316,1.0,0.684,-0.076,1.541,False,共有
POST_TENURE_AND_MOVE_RESOLUTION__5,POST_TENURE_AND_MOVE_RESOLUTION__5,助手随机1k,助手语音随机1k,14,8,950,1000,1.474,0.8,-0.674,-1.734,0.299,False,共有
POST_TENURE_AND_MOVE_RESOLUTION__6,POST_TENURE_AND_MOVE_RESOLUTION__6,助手随机1k,助手语音随机1k,18,36,950,1000,1.895,3.6,1.705,0.241,3.217,True,共有
PRIVATE_INDIVIDUAL_DATA_PROBE__1,PRIVATE_INDIVIDUAL_DATA_PROBE__1,助手随机1k,助手语音随机1k,17,4,950,1000,1.789,0.4,-1.389,-2.475,-0.474,True,共有
PRIVATE_INDIVIDUAL_DATA_PROBE__2,PRIVATE_INDIVIDUAL_DATA_PROBE__2,助手随机1k,助手语音随机1k,16,4,950,1000,1.684,0.4,-1.284,-2.347,-0.387,True,共有
RELATION_AND_FAMILY_LOOKUP__1,RELATION_AND_FAMILY_LOOKUP__1,助手随机1k,助手语音随机1k,5,3,950,1000,0.526,0.3,-0.226,-0.954,0.426,False,共有
RELATION_AND_FAMILY_LOOKUP__2,RELATION_AND_FAMILY_LOOKUP__2,助手随机1k,助手语音随机1k,11,5,950,1000,1.158,0.5,-0.658,-1.606,0.18,False,共有
RELATION_AND_FAMILY_LOOKUP__3,RELATION_AND_FAMILY_LOOKUP__3,助手随机1k,助手语音随机1k,13,21,950,1000,1.368,2.1,0.732,-0.469,1.959,False,共有
RELATION_AND_FAMILY_LOOKUP__4,RELATION_AND_FAMILY_LOOKUP__4,助手随机1k,助手语音随机1k,20,23,950,1000,2.105,2.3,0.195,-1.164,1.543,False,共有
RELATION_AND_FAMILY_LOOKUP__5,RELATION_AND_FAMILY_LOOKUP__5,助手随机1k,助手语音随机1k,48,19,950,1000,5.053,1.9,-3.153,-4.875,-1.543,True,共有
REVERSE_ENTITY_RESOLUTION__1,REVERSE_ENTITY_RESOLUTION__1,助手随机1k,助手语音随机1k,22,39,950,1000,2.316,3.9,1.584,0.026,3.176,True,共有
REVERSE_ENTITY_RESOLUTION__2,REVERSE_ENTITY_RESOLUTION__2,助手随机1k,助手语音随机1k,12,10,950,1000,1.263,1.0,-0.263,-1.3,0.727,False,共有
SINGLE_ATTRIBUTE_FACTOID__1,SINGLE_ATTRIBUTE_FACTOID__1,助手随机1k,助手语音随机1k,12,13,950,1000,1.263,1.3,0.037,-1.039,1.096,False,共有
SINGLE_ATTRIBUTE_FACTOID__2,SINGLE_ATTRIBUTE_FACTOID__2,助手随机1k,助手语音随机1k,20,17,950,1000,2.105,1.7,-0.405,-1.697,0.842,False,共有
SINGLE_ATTRIBUTE_FACTOID__3,SINGLE_ATTRIBUTE_FACTOID__3,助手随机1k,助手语音随机1k,0,2,950,1000,0.0,0.2,0.2,-0.228,0.726,False,b独有
SINGLE_ATTRIBUTE_FACTOID__4,SINGLE_ATTRIBUTE_FACTOID__4,助手随机1k,助手语音随机1k,25,21,950,1000,2.632,2.1,-0.532,-1.953,0.846,False,共有
SINGLE_ATTRIBUTE_FACTOID__5,SINGLE_ATTRIBUTE_FACTOID__5,助手随机1k,助手语音随机1k,9,4,950,1000,0.947,0.4,-0.547,-1.425,0.221,False,共有
SINGLE_ATTRIBUTE_FACTOID__6,SINGLE_ATTRIBUTE_FACTOID__6,助手随机1k,助手语音随机1k,4,10,950,1000,0.421,1.0,0.579,-0.22,1.449,False,共有
ADULT_SEXUALIZED_IMAGE_BROWSE__1,ADULT_SEXUALIZED_IMAGE_BROWSE__1,助手语音头部1k,助手语音随机1k,6,0,999,1000,0.601,0.0,-0.601,-1.304,-0.099,True,a独有
BARE_NAME_DEFAULT_LOOKUP__1,BARE_NAME_DEFAULT_LOOKUP__1,助手语音头部1k,助手语音随机1k,269,75,999,1000,26.927,7.5,-19.427,-22.623,-16.216,True,共有
BARE_NAME_DEFAULT_LOOKUP__2,BARE_NAME_DEFAULT_LOOKUP__2,助手语音头部1k,助手语音随机1k,182,52,999,1000,18.218,5.2,-13.018,-15.809,-10.266,True,共有
BARE_NAME_DEFAULT_LOOKUP__3,BARE_NAME_DEFAULT_LOOKUP__3,助手语音头部1k,助手语音随机1k,37,19,999,1000,3.704,1.9,-1.804,-3.324,-0.351,True,共有
BARE_NAME_DEFAULT_LOOKUP__4,BARE_NAME_DEFAULT_LOOKUP__4,助手语音头部1k,助手语音随机1k,167,63,999,1000,16.717,6.3,-10.417,-13.203,-7.661,True,共有
BARE_NAME_DEFAULT_LOOKUP__5,BARE_NAME_DEFAULT_LOOKUP__5,助手语音头部1k,助手语音随机1k,10,76,999,1000,1.001,7.6,6.599,4.897,8.465,True,共有
BIO_PROFILE_LOOKUP__1,BIO_PROFILE_LOOKUP__1,助手语音头部1k,助手语音随机1k,8,9,999,1000,0.801,0.9,0.099,-0.782,0.993,False,共有
BIO_PROFILE_LOOKUP__2,BIO_PROFILE_LOOKUP__2,助手语音头部1k,助手语音随机1k,12,31,999,1000,1.201,3.1,1.899,0.63,3.265,True,共有
BIO_PROFILE_LOOKUP__4,BIO_PROFILE_LOOKUP__4,助手语音头部1k,助手语音随机1k,1,8,999,1000,0.1,0.8,0.7,0.091,1.475,True,共有
CAUSAL_EXPLANATION__1,CAUSAL_EXPLANATION__1,助手语音头部1k,助手语音随机1k,0,13,999,1000,0.0,1.3,1.3,0.639,2.211,True,b独有
DEATH_VERIFICATION__1,DEATH_VERIFICATION__1,助手语音头部1k,助手语音随机1k,0,1,999,1000,0.0,0.1,0.1,-0.292,0.564,False,b独有
EVALUATION_OPINION_LOOKUP__1,EVALUATION_OPINION_LOOKUP__1,助手语音头部1k,助手语音随机1k,5,24,999,1000,0.501,2.4,1.899,0.872,3.081,True,共有
EVALUATION_OPINION_LOOKUP__2,EVALUATION_OPINION_LOOKUP__2,助手语音头部1k,助手语音随机1k,2,4,999,1000,0.2,0.4,0.2,-0.381,0.84,False,共有
FICTIONAL_PLOT_SETTING_LOOKUP__1,FICTIONAL_PLOT_SETTING_LOOKUP__1,助手语音头部1k,助手语音随机1k,4,31,999,1000,0.4,3.1,2.7,1.598,3.99,True,共有
FICTIONAL_PLOT_SETTING_LOOKUP__2,FICTIONAL_PLOT_SETTING_LOOKUP__2,助手语音头部1k,助手语音随机1k,4,43,999,1000,0.4,4.3,3.9,2.641,5.362,True,共有
HARD_REFUSE_ILLICIT_IMAGERY_REQUEST__1,HARD_REFUSE_ILLICIT_IMAGERY_REQUEST__1,助手语音头部1k,助手语音随机1k,1,3,999,1000,0.1,0.3,0.2,-0.305,0.784,False,共有
OFFICIAL_DOCUMENT_RETRIEVAL__1,OFFICIAL_DOCUMENT_RETRIEVAL__1,助手语音头部1k,助手语音随机1k,1,2,999,1000,0.1,0.2,0.1,-0.387,0.633,False,共有
OUT_OF_SCOPE_OR_UNPARSEABLE__1,OUT_OF_SCOPE_OR_UNPARSEABLE__1,助手语音头部1k,助手语音随机1k,193,168,999,1000,19.319,16.8,-2.519,-5.891,0.856,False,共有
OUT_OF_SCOPE_OR_UNPARSEABLE__2,OUT_OF_SCOPE_OR_UNPARSEABLE__2,助手语音头部1k,助手语音随机1k,17,6,999,1000,1.702,0.6,-1.102,-2.159,-0.153,True,共有
PERSON_LIST_LOOKUP__1,PERSON_LIST_LOOKUP__1,助手语音头部1k,助手语音随机1k,2,23,999,1000,0.2,2.3,2.1,1.173,3.237,True,共有
PERSON_LIST_LOOKUP__2,PERSON_LIST_LOOKUP__2,助手语音头部1k,助手语音随机1k,14,37,999,1000,1.401,3.7,2.299,0.925,3.77,True,共有
PLATFORM_DIRECTED_TASK__2,PLATFORM_DIRECTED_TASK__2,助手语音头部1k,助手语音随机1k,1,1,999,1000,0.1,0.1,-0.0,-0.472,0.471,False,共有
PORTRAIT_IMAGE_REQUEST__2,PORTRAIT_IMAGE_REQUEST__2,助手语音头部1k,助手语音随机1k,0,7,999,1000,0.0,0.7,0.7,0.174,1.438,True,b独有
PORTRAIT_IMAGE_REQUEST__3,PORTRAIT_IMAGE_REQUEST__3,助手语音头部1k,助手语音随机1k,4,7,999,1000,0.4,0.7,0.3,-0.422,1.077,False,共有
PORTRAIT_IMAGE_REQUEST__4,PORTRAIT_IMAGE_REQUEST__4,助手语音头部1k,助手语音随机1k,0,2,999,1000,0.0,0.2,0.2,-0.21,0.726,False,b独有
POST_TENURE_AND_MOVE_RESOLUTION__1,POST_TENURE_AND_MOVE_RESOLUTION__1,助手语音头部1k,助手语音随机1k,11,11,999,1000,1.101,1.1,-0.001,-0.988,0.985,False,共有
POST_TENURE_AND_MOVE_RESOLUTION__2,POST_TENURE_AND_MOVE_RESOLUTION__2,助手语音头部1k,助手语音随机1k,2,29,999,1000,0.2,2.9,2.7,1.68,3.942,True,共有
POST_TENURE_AND_MOVE_RESOLUTION__3,POST_TENURE_AND_MOVE_RESOLUTION__3,助手语音头部1k,助手语音随机1k,0,6,999,1000,0.0,0.6,0.6,0.098,1.303,True,b独有
POST_TENURE_AND_MOVE_RESOLUTION__4,POST_TENURE_AND_MOVE_RESOLUTION__4,助手语音头部1k,助手语音随机1k,4,10,999,1000,0.4,1.0,0.6,-0.174,1.466,False,共有
POST_TENURE_AND_MOVE_RESOLUTION__5,POST_TENURE_AND_MOVE_RESOLUTION__5,助手语音头部1k,助手语音随机1k,0,8,999,1000,0.0,0.8,0.8,0.25,1.571,True,b独有
POST_TENURE_AND_MOVE_RESOLUTION__6,POST_TENURE_AND_MOVE_RESOLUTION__6,助手语音头部1k,助手语音随机1k,2,36,999,1000,0.2,3.6,3.4,2.28,4.751,True,共有
PRIVATE_INDIVIDUAL_DATA_PROBE__1,PRIVATE_INDIVIDUAL_DATA_PROBE__1,助手语音头部1k,助手语音随机1k,2,4,999,1000,0.2,0.4,0.2,-0.381,0.84,False,共有
PRIVATE_INDIVIDUAL_DATA_PROBE__2,PRIVATE_INDIVIDUAL_DATA_PROBE__2,助手语音头部1k,助手语音随机1k,0,4,999,1000,0.0,0.4,0.4,-0.054,1.024,False,b独有
RELATION_AND_FAMILY_LOOKUP__1,RELATION_AND_FAMILY_LOOKUP__1,助手语音头部1k,助手语音随机1k,0,3,999,1000,0.0,0.3,0.3,-0.131,0.878,False,b独有
RELATION_AND_FAMILY_LOOKUP__2,RELATION_AND_FAMILY_LOOKUP__2,助手语音头部1k,助手语音随机1k,0,5,999,1000,0.0,0.5,0.5,0.022,1.165,True,b独有
RELATION_AND_FAMILY_LOOKUP__3,RELATION_AND_FAMILY_LOOKUP__3,助手语音头部1k,助手语音随机1k,0,21,999,1000,0.0,2.1,2.1,1.282,3.189,True,b独有
RELATION_AND_FAMILY_LOOKUP__4,RELATION_AND_FAMILY_LOOKUP__4,助手语音头部1k,助手语音随机1k,3,23,999,1000,0.3,2.3,2.0,1.042,3.145,True,共有
RELATION_AND_FAMILY_LOOKUP__5,RELATION_AND_FAMILY_LOOKUP__5,助手语音头部1k,助手语音随机1k,0,19,999,1000,0.0,1.9,1.9,1.119,2.948,True,b独有
REVERSE_ENTITY_RESOLUTION__1,REVERSE_ENTITY_RESOLUTION__1,助手语音头部1k,助手语音随机1k,9,39,999,1000,0.901,3.9,2.999,1.69,4.45,True,共有
REVERSE_ENTITY_RESOLUTION__2,REVERSE_ENTITY_RESOLUTION__2,助手语音头部1k,助手语音随机1k,7,10,999,1000,0.701,1.0,0.299,-0.569,1.205,False,共有
SINGLE_ATTRIBUTE_FACTOID__1,SINGLE_ATTRIBUTE_FACTOID__1,助手语音头部1k,助手语音随机1k,2,13,999,1000,0.2,1.3,1.1,0.346,2.023,True,共有
SINGLE_ATTRIBUTE_FACTOID__2,SINGLE_ATTRIBUTE_FACTOID__2,助手语音头部1k,助手语音随机1k,2,17,999,1000,0.2,1.7,1.5,0.674,2.516,True,共有
SINGLE_ATTRIBUTE_FACTOID__3,SINGLE_ATTRIBUTE_FACTOID__3,助手语音头部1k,助手语音随机1k,10,2,999,1000,1.001,0.2,-0.801,-1.645,-0.104,True,共有
SINGLE_ATTRIBUTE_FACTOID__4,SINGLE_ATTRIBUTE_FACTOID__4,助手语音头部1k,助手语音随机1k,2,21,999,1000,0.2,2.1,1.9,1.006,2.998,True,共有
SINGLE_ATTRIBUTE_FACTOID__5,SINGLE_ATTRIBUTE_FACTOID__5,助手语音头部1k,助手语音随机1k,0,4,999,1000,0.0,0.4,0.4,-0.054,1.024,False,b独有
SINGLE_ATTRIBUTE_FACTOID__6,SINGLE_ATTRIBUTE_FACTOID__6,助手语音头部1k,助手语音随机1k,3,10,999,1000,0.3,1.0,0.7,-0.037,1.554,False,共有
