外层,外层名,快照,source,n,内层,内层名,条数,占比%,95CI低%,95CI高%
QUOTE_LOOKUP,查询可报价品种实时行情与价格,2025搜索,2025search,5018,25,查询股票信息,1754,34.95,33.65,36.28
QUOTE_LOOKUP,查询可报价品种实时行情与价格,2025搜索,2025search,5018,0,股票代码查询,623,12.42,11.53,13.36
QUOTE_LOOKUP,查询可报价品种实时行情与价格,2025搜索,2025search,5018,45,查询股份公司及股票信息,257,5.12,4.55,5.77
QUOTE_LOOKUP,查询可报价品种实时行情与价格,2025搜索,2025search,5018,58,查询黄金价格,226,4.5,3.96,5.11
QUOTE_LOOKUP,查询可报价品种实时行情与价格,2025搜索,2025search,5018,23,科技类股票信息查询,223,4.44,3.91,5.05
QUOTE_LOOKUP,查询可报价品种实时行情与价格,2025搜索,2025search,5018,1,查询300开头股票代码与行情,199,3.97,3.46,4.54
QUOTE_LOOKUP,查询可报价品种实时行情与价格,2025搜索,2025search,5018,27,查询市场行情,182,3.63,3.14,4.18
QUOTE_LOOKUP,查询可报价品种实时行情与价格,2025搜索,2025search,5018,59,实时行情查询,167,3.33,2.87,3.86
QUOTE_LOOKUP,查询可报价品种实时行情与价格,2025搜索,2025search,5018,31,查询财经门户与市场行情,152,3.03,2.59,3.54
QUOTE_LOOKUP,查询可报价品种实时行情与价格,2025搜索,2025search,5018,62,查询金价,139,2.77,2.35,3.26
QUOTE_LOOKUP,查询可报价品种实时行情与价格,2025搜索,2025search,5018,28,股指行情查询,135,2.69,2.28,3.18
QUOTE_LOOKUP,查询可报价品种实时行情与价格,2025搜索,2025search,5018,60,市场价格行情查询,130,2.59,2.19,3.07
QUOTE_LOOKUP,查询可报价品种实时行情与价格,2025搜索,2025search,5018,46,查询股份股票及股吧信息,125,2.49,2.09,2.96
QUOTE_LOOKUP,查询可报价品种实时行情与价格,2025搜索,2025search,5018,6,查询股票代码与指数信息,123,2.45,2.06,2.92
QUOTE_LOOKUP,查询可报价品种实时行情与价格,2025搜索,2025search,5018,63,查询价格走势图,116,2.31,1.93,2.77
QUOTE_LOOKUP,查询可报价品种实时行情与价格,2025搜索,2025search,5018,26,查询个股股票行情与股吧讨论,105,2.09,1.73,2.53
QUOTE_LOOKUP,查询可报价品种实时行情与价格,2025搜索,2025search,5018,30,股票行情与选股建议查询,86,1.71,1.39,2.11
QUOTE_LOOKUP,查询可报价品种实时行情与价格,2025搜索,2025search,5018,73,证券代码信息查询,61,1.22,0.95,1.56
QUOTE_LOOKUP,查询可报价品种实时行情与价格,2025搜索,2025search,5018,72,金融代码查询,39,0.78,0.57,1.06
QUOTE_LOOKUP,查询可报价品种实时行情与价格,2025搜索,2025search,5018,32,证券股票信息查询,34,0.68,0.49,0.95
QUOTE_LOOKUP,查询可报价品种实时行情与价格,2025搜索,2025search,5018,22,查询科技股与科创板信息,23,0.46,0.31,0.69
QUOTE_LOOKUP,查询可报价品种实时行情与价格,2025搜索,2025search,5018,7,基金净值查询,15,0.3,0.18,0.49
QUOTE_LOOKUP,查询可报价品种实时行情与价格,2025搜索,2025search,5018,36,人民币及货币信息查询,13,0.26,0.15,0.44
QUOTE_LOOKUP,查询可报价品种实时行情与价格,2025搜索,2025search,5018,49,银行信息查询,13,0.26,0.15,0.44
QUOTE_LOOKUP,查询可报价品种实时行情与价格,2025搜索,2025search,5018,53,中国银行服务信息查询,11,0.22,0.12,0.39
QUOTE_LOOKUP,查询可报价品种实时行情与价格,2025搜索,2025search,5018,3,查询电话号码归属,8,0.16,0.08,0.31
QUOTE_LOOKUP,查询可报价品种实时行情与价格,2025搜索,2025search,5018,34,查询美元兑日元汇率,7,0.14,0.07,0.29
QUOTE_LOOKUP,查询可报价品种实时行情与价格,2025搜索,2025search,5018,2,证券代码信息查询,7,0.14,0.07,0.29
QUOTE_LOOKUP,查询可报价品种实时行情与价格,2025搜索,2025search,5018,71,查询价格与金额,6,0.12,0.05,0.26
QUOTE_LOOKUP,查询可报价品种实时行情与价格,2025搜索,2025search,5018,50,农业银行及农村信用社服务信息查询,5,0.1,0.04,0.23
QUOTE_LOOKUP,查询可报价品种实时行情与价格,2025搜索,2025search,5018,68,利率查询与计算,4,0.08,0.03,0.2
QUOTE_LOOKUP,查询可报价品种实时行情与价格,2025搜索,2025search,5018,17,查询保险公司信息,4,0.08,0.03,0.2
QUOTE_LOOKUP,查询可报价品种实时行情与价格,2025搜索,2025search,5018,54,建设银行网点与服务查询,3,0.06,0.02,0.18
QUOTE_LOOKUP,查询可报价品种实时行情与价格,2025搜索,2025search,5018,13,花呗操作查询,3,0.06,0.02,0.18
QUOTE_LOOKUP,查询可报价品种实时行情与价格,2025搜索,2025search,5018,66,金融行情数据查询,3,0.06,0.02,0.18
QUOTE_LOOKUP,查询可报价品种实时行情与价格,2025搜索,2025search,5018,33,查询人民币兑外币汇率,3,0.06,0.02,0.18
QUOTE_LOOKUP,查询可报价品种实时行情与价格,2025搜索,2025search,5018,11,查询金融术语含义,3,0.06,0.02,0.18
QUOTE_LOOKUP,查询可报价品种实时行情与价格,2025搜索,2025search,5018,65,计算存贷款利息,2,0.04,0.01,0.15
QUOTE_LOOKUP,查询可报价品种实时行情与价格,2025搜索,2025search,5018,16,查询人寿保险相关业务信息,2,0.04,0.01,0.15
QUOTE_LOOKUP,查询可报价品种实时行情与价格,2025搜索,2025search,5018,19,车险购买与理赔咨询,2,0.04,0.01,0.15
QUOTE_LOOKUP,查询可报价品种实时行情与价格,2025搜索,2025search,5018,14,个人征信报告查询与影响咨询,2,0.04,0.01,0.15
QUOTE_LOOKUP,查询可报价品种实时行情与价格,2025搜索,2025search,5018,18,查询保险相关业务,1,0.02,0.0,0.11
QUOTE_LOOKUP,查询可报价品种实时行情与价格,2025搜索,2025search,5018,24,证券股吧查询,1,0.02,0.0,0.11
QUOTE_LOOKUP,查询可报价品种实时行情与价格,2025搜索,2025search,5018,21,保险公司电话查询,1,0.02,0.0,0.11
PAGE_NAV,打开目标页面或获取官方应用入口,2025搜索,2025search,1381,24,证券股吧查询,818,59.23,56.62,61.8
PAGE_NAV,打开目标页面或获取官方应用入口,2025搜索,2025search,1381,52,下载安装金融类App,154,11.15,9.6,12.92
PAGE_NAV,打开目标页面或获取官方应用入口,2025搜索,2025search,1381,31,查询财经门户与市场行情,89,6.44,5.27,7.86
PAGE_NAV,打开目标页面或获取官方应用入口,2025搜索,2025search,1381,46,查询股份股票及股吧信息,76,5.5,4.42,6.83
PAGE_NAV,打开目标页面或获取官方应用入口,2025搜索,2025search,1381,0,股票代码查询,57,4.13,3.2,5.31
PAGE_NAV,打开目标页面或获取官方应用入口,2025搜索,2025search,1381,26,查询个股股票行情与股吧讨论,41,2.97,2.2,4.0
PAGE_NAV,打开目标页面或获取官方应用入口,2025搜索,2025search,1381,1,查询300开头股票代码与行情,35,2.53,1.83,3.5
PAGE_NAV,打开目标页面或获取官方应用入口,2025搜索,2025search,1381,32,证券股票信息查询,15,1.09,0.66,1.78
PAGE_NAV,打开目标页面或获取官方应用入口,2025搜索,2025search,1381,14,个人征信报告查询与影响咨询,13,0.94,0.55,1.6
PAGE_NAV,打开目标页面或获取官方应用入口,2025搜索,2025search,1381,72,金融代码查询,12,0.87,0.5,1.51
PAGE_NAV,打开目标页面或获取官方应用入口,2025搜索,2025search,1381,44,支付宝相关操作查询,9,0.65,0.34,1.23
PAGE_NAV,打开目标页面或获取官方应用入口,2025搜索,2025search,1381,58,查询黄金价格,8,0.58,0.29,1.14
PAGE_NAV,打开目标页面或获取官方应用入口,2025搜索,2025search,1381,8,查询贷款信息,6,0.43,0.2,0.94
PAGE_NAV,打开目标页面或获取官方应用入口,2025搜索,2025search,1381,16,查询人寿保险相关业务信息,6,0.43,0.2,0.94
PAGE_NAV,打开目标页面或获取官方应用入口,2025搜索,2025search,1381,54,建设银行网点与服务查询,5,0.36,0.15,0.84
PAGE_NAV,打开目标页面或获取官方应用入口,2025搜索,2025search,1381,27,查询市场行情,4,0.29,0.11,0.74
PAGE_NAV,打开目标页面或获取官方应用入口,2025搜索,2025search,1381,15,查询借款平台正规性,4,0.29,0.11,0.74
PAGE_NAV,打开目标页面或获取官方应用入口,2025搜索,2025search,1381,6,查询股票代码与指数信息,4,0.29,0.11,0.74
PAGE_NAV,打开目标页面或获取官方应用入口,2025搜索,2025search,1381,53,中国银行服务信息查询,3,0.22,0.07,0.64
PAGE_NAV,打开目标页面或获取官方应用入口,2025搜索,2025search,1381,17,查询保险公司信息,3,0.22,0.07,0.64
PAGE_NAV,打开目标页面或获取官方应用入口,2025搜索,2025search,1381,73,证券代码信息查询,2,0.14,0.04,0.53
PAGE_NAV,打开目标页面或获取官方应用入口,2025搜索,2025search,1381,25,查询股票信息,2,0.14,0.04,0.53
PAGE_NAV,打开目标页面或获取官方应用入口,2025搜索,2025search,1381,49,银行信息查询,2,0.14,0.04,0.53
PAGE_NAV,打开目标页面或获取官方应用入口,2025搜索,2025search,1381,2,证券代码信息查询,2,0.14,0.04,0.53
PAGE_NAV,打开目标页面或获取官方应用入口,2025搜索,2025search,1381,50,农业银行及农村信用社服务信息查询,2,0.14,0.04,0.53
PAGE_NAV,打开目标页面或获取官方应用入口,2025搜索,2025search,1381,21,保险公司电话查询,1,0.07,0.01,0.41
PAGE_NAV,打开目标页面或获取官方应用入口,2025搜索,2025search,1381,7,基金净值查询,1,0.07,0.01,0.41
PAGE_NAV,打开目标页面或获取官方应用入口,2025搜索,2025search,1381,18,查询保险相关业务,1,0.07,0.01,0.41
PAGE_NAV,打开目标页面或获取官方应用入口,2025搜索,2025search,1381,28,股指行情查询,1,0.07,0.01,0.41
PAGE_NAV,打开目标页面或获取官方应用入口,2025搜索,2025search,1381,13,花呗操作查询,1,0.07,0.01,0.41
PAGE_NAV,打开目标页面或获取官方应用入口,2025搜索,2025search,1381,43,支付方式使用与设置查询,1,0.07,0.01,0.41
PAGE_NAV,打开目标页面或获取官方应用入口,2025搜索,2025search,1381,62,查询金价,1,0.07,0.01,0.41
PAGE_NAV,打开目标页面或获取官方应用入口,2025搜索,2025search,1381,45,查询股份公司及股票信息,1,0.07,0.01,0.41
PAGE_NAV,打开目标页面或获取官方应用入口,2025搜索,2025search,1381,23,科技类股票信息查询,1,0.07,0.01,0.41
FX_CONVERT,查询汇率并换算外币金额,2025搜索,2025search,985,33,查询人民币兑外币汇率,445,45.18,42.09,48.3
FX_CONVERT,查询汇率并换算外币金额,2025搜索,2025search,985,35,货币兑换金额换算查询,319,32.39,29.54,35.37
FX_CONVERT,查询汇率并换算外币金额,2025搜索,2025search,985,39,货币兑换查询,97,9.85,8.14,11.87
FX_CONVERT,查询汇率并换算外币金额,2025搜索,2025search,985,36,人民币及货币信息查询,53,5.38,4.14,6.97
FX_CONVERT,查询汇率并换算外币金额,2025搜索,2025search,985,34,查询美元兑日元汇率,50,5.08,3.87,6.63
FX_CONVERT,查询汇率并换算外币金额,2025搜索,2025search,985,53,中国银行服务信息查询,7,0.71,0.34,1.46
FX_CONVERT,查询汇率并换算外币金额,2025搜索,2025search,985,63,查询价格走势图,3,0.3,0.1,0.89
FX_CONVERT,查询汇率并换算外币金额,2025搜索,2025search,985,60,市场价格行情查询,2,0.2,0.06,0.74
FX_CONVERT,查询汇率并换算外币金额,2025搜索,2025search,985,6,查询股票代码与指数信息,2,0.2,0.06,0.74
FX_CONVERT,查询汇率并换算外币金额,2025搜索,2025search,985,0,股票代码查询,1,0.1,0.02,0.57
FX_CONVERT,查询汇率并换算外币金额,2025搜索,2025search,985,28,股指行情查询,1,0.1,0.02,0.57
FX_CONVERT,查询汇率并换算外币金额,2025搜索,2025search,985,67,贷款月供计算,1,0.1,0.02,0.57
FX_CONVERT,查询汇率并换算外币金额,2025搜索,2025search,985,72,金融代码查询,1,0.1,0.02,0.57
FX_CONVERT,查询汇率并换算外币金额,2025搜索,2025search,985,71,查询价格与金额,1,0.1,0.02,0.57
FX_CONVERT,查询汇率并换算外币金额,2025搜索,2025search,985,31,查询财经门户与市场行情,1,0.1,0.02,0.57
FX_CONVERT,查询汇率并换算外币金额,2025搜索,2025search,985,62,查询金价,1,0.1,0.02,0.57
RESOLVE_BARE_ENTITY,解析裸非可报价名称,2025搜索,2025search,725,31,查询财经门户与市场行情,160,22.07,19.2,25.23
RESOLVE_BARE_ENTITY,解析裸非可报价名称,2025搜索,2025search,725,49,银行信息查询,106,14.62,12.24,17.38
RESOLVE_BARE_ENTITY,解析裸非可报价名称,2025搜索,2025search,725,32,证券股票信息查询,55,7.59,5.87,9.75
RESOLVE_BARE_ENTITY,解析裸非可报价名称,2025搜索,2025search,725,18,查询保险相关业务,43,5.93,4.43,7.89
RESOLVE_BARE_ENTITY,解析裸非可报价名称,2025搜索,2025search,725,8,查询贷款信息,34,4.69,3.38,6.48
RESOLVE_BARE_ENTITY,解析裸非可报价名称,2025搜索,2025search,725,17,查询保险公司信息,32,4.41,3.14,6.16
RESOLVE_BARE_ENTITY,解析裸非可报价名称,2025搜索,2025search,725,36,人民币及货币信息查询,28,3.86,2.69,5.53
RESOLVE_BARE_ENTITY,解析裸非可报价名称,2025搜索,2025search,725,50,农业银行及农村信用社服务信息查询,27,3.72,2.57,5.36
RESOLVE_BARE_ENTITY,解析裸非可报价名称,2025搜索,2025search,725,16,查询人寿保险相关业务信息,20,2.76,1.79,4.22
RESOLVE_BARE_ENTITY,解析裸非可报价名称,2025搜索,2025search,725,47,查询办理信用卡业务,18,2.48,1.58,3.89
RESOLVE_BARE_ENTITY,解析裸非可报价名称,2025搜索,2025search,725,22,查询科技股与科创板信息,17,2.34,1.47,3.72
RESOLVE_BARE_ENTITY,解析裸非可报价名称,2025搜索,2025search,725,13,花呗操作查询,15,2.07,1.26,3.39
RESOLVE_BARE_ENTITY,解析裸非可报价名称,2025搜索,2025search,725,21,保险公司电话查询,14,1.93,1.15,3.22
RESOLVE_BARE_ENTITY,解析裸非可报价名称,2025搜索,2025search,725,53,中国银行服务信息查询,13,1.79,1.05,3.04
RESOLVE_BARE_ENTITY,解析裸非可报价名称,2025搜索,2025search,725,43,支付方式使用与设置查询,13,1.79,1.05,3.04
RESOLVE_BARE_ENTITY,解析裸非可报价名称,2025搜索,2025search,725,14,个人征信报告查询与影响咨询,11,1.52,0.85,2.7
RESOLVE_BARE_ENTITY,解析裸非可报价名称,2025搜索,2025search,725,15,查询借款平台正规性,11,1.52,0.85,2.7
RESOLVE_BARE_ENTITY,解析裸非可报价名称,2025搜索,2025search,725,52,下载安装金融类App,9,1.24,0.65,2.34
RESOLVE_BARE_ENTITY,解析裸非可报价名称,2025搜索,2025search,725,7,基金净值查询,9,1.24,0.65,2.34
RESOLVE_BARE_ENTITY,解析裸非可报价名称,2025搜索,2025search,725,54,建设银行网点与服务查询,8,1.1,0.56,2.16
RESOLVE_BARE_ENTITY,解析裸非可报价名称,2025搜索,2025search,725,48,银行卡业务查询与办理指导,8,1.1,0.56,2.16
RESOLVE_BARE_ENTITY,解析裸非可报价名称,2025搜索,2025search,725,10,查询转账与账户业务可行性,8,1.1,0.56,2.16
RESOLVE_BARE_ENTITY,解析裸非可报价名称,2025搜索,2025search,725,44,支付宝相关操作查询,6,0.83,0.38,1.79
RESOLVE_BARE_ENTITY,解析裸非可报价名称,2025搜索,2025search,725,29,蚂蚁庄园今日答案查询,6,0.83,0.38,1.79
RESOLVE_BARE_ENTITY,解析裸非可报价名称,2025搜索,2025search,725,19,车险购买与理赔咨询,6,0.83,0.38,1.79
RESOLVE_BARE_ENTITY,解析裸非可报价名称,2025搜索,2025search,725,62,查询金价,6,0.83,0.38,1.79
RESOLVE_BARE_ENTITY,解析裸非可报价名称,2025搜索,2025search,725,28,股指行情查询,4,0.55,0.21,1.41
RESOLVE_BARE_ENTITY,解析裸非可报价名称,2025搜索,2025search,725,71,查询价格与金额,4,0.55,0.21,1.41
RESOLVE_BARE_ENTITY,解析裸非可报价名称,2025搜索,2025search,725,33,查询人民币兑外币汇率,4,0.55,0.21,1.41
RESOLVE_BARE_ENTITY,解析裸非可报价名称,2025搜索,2025search,725,58,查询黄金价格,3,0.41,0.14,1.21
RESOLVE_BARE_ENTITY,解析裸非可报价名称,2025搜索,2025search,725,20,查询交强险保费、赔偿与投保规定,3,0.41,0.14,1.21
RESOLVE_BARE_ENTITY,解析裸非可报价名称,2025搜索,2025search,725,30,股票行情与选股建议查询,3,0.41,0.14,1.21
RESOLVE_BARE_ENTITY,解析裸非可报价名称,2025搜索,2025search,725,35,货币兑换金额换算查询,3,0.41,0.14,1.21
RESOLVE_BARE_ENTITY,解析裸非可报价名称,2025搜索,2025search,725,34,查询美元兑日元汇率,3,0.41,0.14,1.21
RESOLVE_BARE_ENTITY,解析裸非可报价名称,2025搜索,2025search,725,39,货币兑换查询,2,0.28,0.08,1.0
RESOLVE_BARE_ENTITY,解析裸非可报价名称,2025搜索,2025search,725,45,查询股份公司及股票信息,2,0.28,0.08,1.0
RESOLVE_BARE_ENTITY,解析裸非可报价名称,2025搜索,2025search,725,68,利率查询与计算,2,0.28,0.08,1.0
RESOLVE_BARE_ENTITY,解析裸非可报价名称,2025搜索,2025search,725,65,计算存贷款利息,2,0.28,0.08,1.0
RESOLVE_BARE_ENTITY,解析裸非可报价名称,2025搜索,2025search,725,0,股票代码查询,1,0.14,0.02,0.78
RESOLVE_BARE_ENTITY,解析裸非可报价名称,2025搜索,2025search,725,67,贷款月供计算,1,0.14,0.02,0.78
RESOLVE_BARE_ENTITY,解析裸非可报价名称,2025搜索,2025search,725,23,科技类股票信息查询,1,0.14,0.02,0.78
RESOLVE_BARE_ENTITY,解析裸非可报价名称,2025搜索,2025search,725,72,金融代码查询,1,0.14,0.02,0.78
RESOLVE_BARE_ENTITY,解析裸非可报价名称,2025搜索,2025search,725,26,查询个股股票行情与股吧讨论,1,0.14,0.02,0.78
RESOLVE_BARE_ENTITY,解析裸非可报价名称,2025搜索,2025search,725,27,查询市场行情,1,0.14,0.02,0.78
RESOLVE_BARE_ENTITY,解析裸非可报价名称,2025搜索,2025search,725,55,银行客服电话查询,1,0.14,0.02,0.78
OTHER_INTENT,其他非金融意图或无明确意图,2025搜索,2025search,204,29,蚂蚁庄园今日答案查询,115,56.37,49.51,63.0
OTHER_INTENT,其他非金融意图或无明确意图,2025搜索,2025search,204,31,查询财经门户与市场行情,15,7.35,4.51,11.78
OTHER_INTENT,其他非金融意图或无明确意图,2025搜索,2025search,204,52,下载安装金融类App,12,5.88,3.4,10.0
OTHER_INTENT,其他非金融意图或无明确意图,2025搜索,2025search,204,36,人民币及货币信息查询,6,2.94,1.35,6.27
OTHER_INTENT,其他非金融意图或无明确意图,2025搜索,2025search,204,19,车险购买与理赔咨询,6,2.94,1.35,6.27
OTHER_INTENT,其他非金融意图或无明确意图,2025搜索,2025search,204,71,查询价格与金额,5,2.45,1.05,5.61
OTHER_INTENT,其他非金融意图或无明确意图,2025搜索,2025search,204,27,查询市场行情,4,1.96,0.77,4.93
OTHER_INTENT,其他非金融意图或无明确意图,2025搜索,2025search,204,17,查询保险公司信息,3,1.47,0.5,4.23
OTHER_INTENT,其他非金融意图或无明确意图,2025搜索,2025search,204,44,支付宝相关操作查询,3,1.47,0.5,4.23
OTHER_INTENT,其他非金融意图或无明确意图,2025搜索,2025search,204,66,金融行情数据查询,3,1.47,0.5,4.23
OTHER_INTENT,其他非金融意图或无明确意图,2025搜索,2025search,204,60,市场价格行情查询,3,1.47,0.5,4.23
OTHER_INTENT,其他非金融意图或无明确意图,2025搜索,2025search,204,30,股票行情与选股建议查询,3,1.47,0.5,4.23
OTHER_INTENT,其他非金融意图或无明确意图,2025搜索,2025search,204,18,查询保险相关业务,3,1.47,0.5,4.23
OTHER_INTENT,其他非金融意图或无明确意图,2025搜索,2025search,204,11,查询金融术语含义,3,1.47,0.5,4.23
OTHER_INTENT,其他非金融意图或无明确意图,2025搜索,2025search,204,43,支付方式使用与设置查询,2,0.98,0.27,3.5
OTHER_INTENT,其他非金融意图或无明确意图,2025搜索,2025search,204,28,股指行情查询,2,0.98,0.27,3.5
OTHER_INTENT,其他非金融意图或无明确意图,2025搜索,2025search,204,22,查询科技股与科创板信息,2,0.98,0.27,3.5
OTHER_INTENT,其他非金融意图或无明确意图,2025搜索,2025search,204,49,银行信息查询,2,0.98,0.27,3.5
OTHER_INTENT,其他非金融意图或无明确意图,2025搜索,2025search,204,2,证券代码信息查询,2,0.98,0.27,3.5
OTHER_INTENT,其他非金融意图或无明确意图,2025搜索,2025search,204,67,贷款月供计算,1,0.49,0.09,2.72
OTHER_INTENT,其他非金融意图或无明确意图,2025搜索,2025search,204,64,查询金融业务数值与代码,1,0.49,0.09,2.72
OTHER_INTENT,其他非金融意图或无明确意图,2025搜索,2025search,204,15,查询借款平台正规性,1,0.49,0.09,2.72
OTHER_INTENT,其他非金融意图或无明确意图,2025搜索,2025search,204,70,查询定期存款利率,1,0.49,0.09,2.72
OTHER_INTENT,其他非金融意图或无明确意图,2025搜索,2025search,204,13,花呗操作查询,1,0.49,0.09,2.72
OTHER_INTENT,其他非金融意图或无明确意图,2025搜索,2025search,204,24,证券股吧查询,1,0.49,0.09,2.72
OTHER_INTENT,其他非金融意图或无明确意图,2025搜索,2025search,204,20,查询交强险保费、赔偿与投保规定,1,0.49,0.09,2.72
OTHER_INTENT,其他非金融意图或无明确意图,2025搜索,2025search,204,72,金融代码查询,1,0.49,0.09,2.72
OTHER_INTENT,其他非金融意图或无明确意图,2025搜索,2025search,204,35,货币兑换金额换算查询,1,0.49,0.09,2.72
OTHER_INTENT,其他非金融意图或无明确意图,2025搜索,2025search,204,8,查询贷款信息,1,0.49,0.09,2.72
CONTACT_BRANCH_LOOKUP,查询机构联系方式、网点信息及号码归属,2025搜索,2025search,576,55,银行客服电话查询,244,42.36,38.39,46.43
CONTACT_BRANCH_LOOKUP,查询机构联系方式、网点信息及号码归属,2025搜索,2025search,576,3,查询电话号码归属,110,19.1,16.1,22.51
CONTACT_BRANCH_LOOKUP,查询机构联系方式、网点信息及号码归属,2025搜索,2025search,576,21,保险公司电话查询,66,11.46,9.11,14.32
CONTACT_BRANCH_LOOKUP,查询机构联系方式、网点信息及号码归属,2025搜索,2025search,576,49,银行信息查询,51,8.85,6.8,11.46
CONTACT_BRANCH_LOOKUP,查询机构联系方式、网点信息及号码归属,2025搜索,2025search,576,47,查询办理信用卡业务,40,6.94,5.14,9.32
CONTACT_BRANCH_LOOKUP,查询机构联系方式、网点信息及号码归属,2025搜索,2025search,576,50,农业银行及农村信用社服务信息查询,12,2.08,1.2,3.61
CONTACT_BRANCH_LOOKUP,查询机构联系方式、网点信息及号码归属,2025搜索,2025search,576,16,查询人寿保险相关业务信息,10,1.74,0.95,3.17
CONTACT_BRANCH_LOOKUP,查询机构联系方式、网点信息及号码归属,2025搜索,2025search,576,54,建设银行网点与服务查询,9,1.56,0.82,2.94
CONTACT_BRANCH_LOOKUP,查询机构联系方式、网点信息及号码归属,2025搜索,2025search,576,53,中国银行服务信息查询,9,1.56,0.82,2.94
CONTACT_BRANCH_LOOKUP,查询机构联系方式、网点信息及号码归属,2025搜索,2025search,576,17,查询保险公司信息,8,1.39,0.71,2.72
CONTACT_BRANCH_LOOKUP,查询机构联系方式、网点信息及号码归属,2025搜索,2025search,576,15,查询借款平台正规性,4,0.69,0.27,1.77
CONTACT_BRANCH_LOOKUP,查询机构联系方式、网点信息及号码归属,2025搜索,2025search,576,44,支付宝相关操作查询,2,0.35,0.1,1.26
CONTACT_BRANCH_LOOKUP,查询机构联系方式、网点信息及号码归属,2025搜索,2025search,576,72,金融代码查询,2,0.35,0.1,1.26
CONTACT_BRANCH_LOOKUP,查询机构联系方式、网点信息及号码归属,2025搜索,2025search,576,48,银行卡业务查询与办理指导,2,0.35,0.1,1.26
CONTACT_BRANCH_LOOKUP,查询机构联系方式、网点信息及号码归属,2025搜索,2025search,576,14,个人征信报告查询与影响咨询,1,0.17,0.03,0.98
CONTACT_BRANCH_LOOKUP,查询机构联系方式、网点信息及号码归属,2025搜索,2025search,576,1,查询300开头股票代码与行情,1,0.17,0.03,0.98
CONTACT_BRANCH_LOOKUP,查询机构联系方式、网点信息及号码归属,2025搜索,2025search,576,6,查询股票代码与指数信息,1,0.17,0.03,0.98
CONTACT_BRANCH_LOOKUP,查询机构联系方式、网点信息及号码归属,2025搜索,2025search,576,31,查询财经门户与市场行情,1,0.17,0.03,0.98
CONTACT_BRANCH_LOOKUP,查询机构联系方式、网点信息及号码归属,2025搜索,2025search,576,0,股票代码查询,1,0.17,0.03,0.98
CONTACT_BRANCH_LOOKUP,查询机构联系方式、网点信息及号码归属,2025搜索,2025search,576,18,查询保险相关业务,1,0.17,0.03,0.98
CONTACT_BRANCH_LOOKUP,查询机构联系方式、网点信息及号码归属,2025搜索,2025search,576,11,查询金融术语含义,1,0.17,0.03,0.98
CONCEPT_EXPLAIN,解释金融术语与交易/业务规则,2025搜索,2025search,266,11,查询金融术语含义,120,45.11,39.24,51.12
CONCEPT_EXPLAIN,解释金融术语与交易/业务规则,2025搜索,2025search,266,30,股票行情与选股建议查询,34,12.78,9.29,17.33
CONCEPT_EXPLAIN,解释金融术语与交易/业务规则,2025搜索,2025search,266,49,银行信息查询,16,6.02,3.74,9.55
CONCEPT_EXPLAIN,解释金融术语与交易/业务规则,2025搜索,2025search,266,65,计算存贷款利息,14,5.26,3.16,8.64
CONCEPT_EXPLAIN,解释金融术语与交易/业务规则,2025搜索,2025search,266,19,车险购买与理赔咨询,13,4.89,2.88,8.18
CONCEPT_EXPLAIN,解释金融术语与交易/业务规则,2025搜索,2025search,266,28,股指行情查询,7,2.63,1.28,5.33
CONCEPT_EXPLAIN,解释金融术语与交易/业务规则,2025搜索,2025search,266,8,查询贷款信息,6,2.26,1.04,4.83
CONCEPT_EXPLAIN,解释金融术语与交易/业务规则,2025搜索,2025search,266,14,个人征信报告查询与影响咨询,6,2.26,1.04,4.83
CONCEPT_EXPLAIN,解释金融术语与交易/业务规则,2025搜索,2025search,266,68,利率查询与计算,5,1.88,0.81,4.32
CONCEPT_EXPLAIN,解释金融术语与交易/业务规则,2025搜索,2025search,266,27,查询市场行情,4,1.5,0.59,3.8
CONCEPT_EXPLAIN,解释金融术语与交易/业务规则,2025搜索,2025search,266,43,支付方式使用与设置查询,4,1.5,0.59,3.8
CONCEPT_EXPLAIN,解释金融术语与交易/业务规则,2025搜索,2025search,266,48,银行卡业务查询与办理指导,4,1.5,0.59,3.8
CONCEPT_EXPLAIN,解释金融术语与交易/业务规则,2025搜索,2025search,266,31,查询财经门户与市场行情,3,1.13,0.38,3.26
CONCEPT_EXPLAIN,解释金融术语与交易/业务规则,2025搜索,2025search,266,22,查询科技股与科创板信息,3,1.13,0.38,3.26
CONCEPT_EXPLAIN,解释金融术语与交易/业务规则,2025搜索,2025search,266,47,查询办理信用卡业务,3,1.13,0.38,3.26
CONCEPT_EXPLAIN,解释金融术语与交易/业务规则,2025搜索,2025search,266,20,查询交强险保费、赔偿与投保规定,3,1.13,0.38,3.26
CONCEPT_EXPLAIN,解释金融术语与交易/业务规则,2025搜索,2025search,266,25,查询股票信息,2,0.75,0.21,2.7
CONCEPT_EXPLAIN,解释金融术语与交易/业务规则,2025搜索,2025search,266,12,金融业务操作与问题处理方法查询,2,0.75,0.21,2.7
CONCEPT_EXPLAIN,解释金融术语与交易/业务规则,2025搜索,2025search,266,64,查询金融业务数值与代码,2,0.75,0.21,2.7
CONCEPT_EXPLAIN,解释金融术语与交易/业务规则,2025搜索,2025search,266,53,中国银行服务信息查询,2,0.75,0.21,2.7
CONCEPT_EXPLAIN,解释金融术语与交易/业务规则,2025搜索,2025search,266,18,查询保险相关业务,2,0.75,0.21,2.7
CONCEPT_EXPLAIN,解释金融术语与交易/业务规则,2025搜索,2025search,266,70,查询定期存款利率,2,0.75,0.21,2.7
CONCEPT_EXPLAIN,解释金融术语与交易/业务规则,2025搜索,2025search,266,63,查询价格走势图,2,0.75,0.21,2.7
CONCEPT_EXPLAIN,解释金融术语与交易/业务规则,2025搜索,2025search,266,44,支付宝相关操作查询,1,0.38,0.07,2.1
CONCEPT_EXPLAIN,解释金融术语与交易/业务规则,2025搜索,2025search,266,71,查询价格与金额,1,0.38,0.07,2.1
CONCEPT_EXPLAIN,解释金融术语与交易/业务规则,2025搜索,2025search,266,50,农业银行及农村信用社服务信息查询,1,0.38,0.07,2.1
CONCEPT_EXPLAIN,解释金融术语与交易/业务规则,2025搜索,2025search,266,36,人民币及货币信息查询,1,0.38,0.07,2.1
CONCEPT_EXPLAIN,解释金融术语与交易/业务规则,2025搜索,2025search,266,35,货币兑换金额换算查询,1,0.38,0.07,2.1
CONCEPT_EXPLAIN,解释金融术语与交易/业务规则,2025搜索,2025search,266,58,查询黄金价格,1,0.38,0.07,2.1
CONCEPT_EXPLAIN,解释金融术语与交易/业务规则,2025搜索,2025search,266,10,查询转账与账户业务可行性,1,0.38,0.07,2.1
RATE_CALC,查询利率、费率、限额并试算利息/还款,2025搜索,2025search,233,68,利率查询与计算,77,33.05,27.33,39.32
RATE_CALC,查询利率、费率、限额并试算利息/还款,2025搜索,2025search,233,65,计算存贷款利息,45,19.31,14.76,24.86
RATE_CALC,查询利率、费率、限额并试算利息/还款,2025搜索,2025search,233,70,查询定期存款利率,21,9.01,5.97,13.38
RATE_CALC,查询利率、费率、限额并试算利息/还款,2025搜索,2025search,233,64,查询金融业务数值与代码,13,5.58,3.29,9.31
RATE_CALC,查询利率、费率、限额并试算利息/还款,2025搜索,2025search,233,8,查询贷款信息,12,5.15,2.97,8.79
RATE_CALC,查询利率、费率、限额并试算利息/还款,2025搜索,2025search,233,71,查询价格与金额,11,4.72,2.66,8.25
RATE_CALC,查询利率、费率、限额并试算利息/还款,2025搜索,2025search,233,9,贷款提前还款查询,9,3.86,2.05,7.18
RATE_CALC,查询利率、费率、限额并试算利息/还款,2025搜索,2025search,233,66,金融行情数据查询,7,3.0,1.46,6.07
RATE_CALC,查询利率、费率、限额并试算利息/还款,2025搜索,2025search,233,10,查询转账与账户业务可行性,7,3.0,1.46,6.07
RATE_CALC,查询利率、费率、限额并试算利息/还款,2025搜索,2025search,233,20,查询交强险保费、赔偿与投保规定,5,2.15,0.92,4.92
RATE_CALC,查询利率、费率、限额并试算利息/还款,2025搜索,2025search,233,48,银行卡业务查询与办理指导,5,2.15,0.92,4.92
RATE_CALC,查询利率、费率、限额并试算利息/还款,2025搜索,2025search,233,67,贷款月供计算,4,1.72,0.67,4.33
RATE_CALC,查询利率、费率、限额并试算利息/还款,2025搜索,2025search,233,44,支付宝相关操作查询,3,1.29,0.44,3.72
RATE_CALC,查询利率、费率、限额并试算利息/还款,2025搜索,2025search,233,12,金融业务操作与问题处理方法查询,3,1.29,0.44,3.72
RATE_CALC,查询利率、费率、限额并试算利息/还款,2025搜索,2025search,233,19,车险购买与理赔咨询,2,0.86,0.24,3.08
RATE_CALC,查询利率、费率、限额并试算利息/还款,2025搜索,2025search,233,47,查询办理信用卡业务,2,0.86,0.24,3.08
RATE_CALC,查询利率、费率、限额并试算利息/还款,2025搜索,2025search,233,53,中国银行服务信息查询,2,0.86,0.24,3.08
RATE_CALC,查询利率、费率、限额并试算利息/还款,2025搜索,2025search,233,15,查询借款平台正规性,1,0.43,0.08,2.39
RATE_CALC,查询利率、费率、限额并试算利息/还款,2025搜索,2025search,233,49,银行信息查询,1,0.43,0.08,2.39
RATE_CALC,查询利率、费率、限额并试算利息/还款,2025搜索,2025search,233,43,支付方式使用与设置查询,1,0.43,0.08,2.39
RATE_CALC,查询利率、费率、限额并试算利息/还款,2025搜索,2025search,233,54,建设银行网点与服务查询,1,0.43,0.08,2.39
RATE_CALC,查询利率、费率、限额并试算利息/还款,2025搜索,2025search,233,33,查询人民币兑外币汇率,1,0.43,0.08,2.39
VERDICT_QUESTION,对“是不是/是A还是B”给出裁决结论,2025搜索,2025search,80,10,查询转账与账户业务可行性,16,20.0,12.7,30.05
VERDICT_QUESTION,对“是不是/是A还是B”给出裁决结论,2025搜索,2025search,80,48,银行卡业务查询与办理指导,14,17.5,10.72,27.26
VERDICT_QUESTION,对“是不是/是A还是B”给出裁决结论,2025搜索,2025search,80,30,股票行情与选股建议查询,7,8.75,4.3,16.98
VERDICT_QUESTION,对“是不是/是A还是B”给出裁决结论,2025搜索,2025search,80,18,查询保险相关业务,5,6.25,2.7,13.81
VERDICT_QUESTION,对“是不是/是A还是B”给出裁决结论,2025搜索,2025search,80,49,银行信息查询,5,6.25,2.7,13.81
VERDICT_QUESTION,对“是不是/是A还是B”给出裁决结论,2025搜索,2025search,80,70,查询定期存款利率,4,5.0,1.96,12.16
VERDICT_QUESTION,对“是不是/是A还是B”给出裁决结论,2025搜索,2025search,80,47,查询办理信用卡业务,4,5.0,1.96,12.16
VERDICT_QUESTION,对“是不是/是A还是B”给出裁决结论,2025搜索,2025search,80,19,车险购买与理赔咨询,3,3.75,1.28,10.45
VERDICT_QUESTION,对“是不是/是A还是B”给出裁决结论,2025搜索,2025search,80,17,查询保险公司信息,3,3.75,1.28,10.45
VERDICT_QUESTION,对“是不是/是A还是B”给出裁决结论,2025搜索,2025search,80,16,查询人寿保险相关业务信息,3,3.75,1.28,10.45
VERDICT_QUESTION,对“是不是/是A还是B”给出裁决结论,2025搜索,2025search,80,9,贷款提前还款查询,2,2.5,0.69,8.66
VERDICT_QUESTION,对“是不是/是A还是B”给出裁决结论,2025搜索,2025search,80,44,支付宝相关操作查询,2,2.5,0.69,8.66
VERDICT_QUESTION,对“是不是/是A还是B”给出裁决结论,2025搜索,2025search,80,27,查询市场行情,2,2.5,0.69,8.66
VERDICT_QUESTION,对“是不是/是A还是B”给出裁决结论,2025搜索,2025search,80,50,农业银行及农村信用社服务信息查询,2,2.5,0.69,8.66
VERDICT_QUESTION,对“是不是/是A还是B”给出裁决结论,2025搜索,2025search,80,43,支付方式使用与设置查询,2,2.5,0.69,8.66
VERDICT_QUESTION,对“是不是/是A还是B”给出裁决结论,2025搜索,2025search,80,15,查询借款平台正规性,1,1.25,0.22,6.75
VERDICT_QUESTION,对“是不是/是A还是B”给出裁决结论,2025搜索,2025search,80,66,金融行情数据查询,1,1.25,0.22,6.75
VERDICT_QUESTION,对“是不是/是A还是B”给出裁决结论,2025搜索,2025search,80,36,人民币及货币信息查询,1,1.25,0.22,6.75
VERDICT_QUESTION,对“是不是/是A还是B”给出裁决结论,2025搜索,2025search,80,1,查询300开头股票代码与行情,1,1.25,0.22,6.75
VERDICT_QUESTION,对“是不是/是A还是B”给出裁决结论,2025搜索,2025search,80,14,个人征信报告查询与影响咨询,1,1.25,0.22,6.75
VERDICT_QUESTION,对“是不是/是A还是B”给出裁决结论,2025搜索,2025search,80,13,花呗操作查询,1,1.25,0.22,6.75
HOWTO_OPERATE,获取银行/支付业务办理步骤与所需资料,2025搜索,2025search,225,44,支付宝相关操作查询,45,20.0,15.3,25.71
HOWTO_OPERATE,获取银行/支付业务办理步骤与所需资料,2025搜索,2025search,225,48,银行卡业务查询与办理指导,32,14.22,10.26,19.39
HOWTO_OPERATE,获取银行/支付业务办理步骤与所需资料,2025搜索,2025search,225,12,金融业务操作与问题处理方法查询,30,13.33,9.5,18.4
HOWTO_OPERATE,获取银行/支付业务办理步骤与所需资料,2025搜索,2025search,225,13,花呗操作查询,22,9.78,6.55,14.36
HOWTO_OPERATE,获取银行/支付业务办理步骤与所需资料,2025搜索,2025search,225,14,个人征信报告查询与影响咨询,17,7.56,4.77,11.77
HOWTO_OPERATE,获取银行/支付业务办理步骤与所需资料,2025搜索,2025search,225,8,查询贷款信息,14,6.22,3.74,10.17
HOWTO_OPERATE,获取银行/支付业务办理步骤与所需资料,2025搜索,2025search,225,43,支付方式使用与设置查询,13,5.78,3.41,9.63
HOWTO_OPERATE,获取银行/支付业务办理步骤与所需资料,2025搜索,2025search,225,9,贷款提前还款查询,9,4.0,2.12,7.43
HOWTO_OPERATE,获取银行/支付业务办理步骤与所需资料,2025搜索,2025search,225,49,银行信息查询,8,3.56,1.81,6.86
HOWTO_OPERATE,获取银行/支付业务办理步骤与所需资料,2025搜索,2025search,225,18,查询保险相关业务,5,2.22,0.95,5.1
HOWTO_OPERATE,获取银行/支付业务办理步骤与所需资料,2025搜索,2025search,225,10,查询转账与账户业务可行性,5,2.22,0.95,5.1
HOWTO_OPERATE,获取银行/支付业务办理步骤与所需资料,2025搜索,2025search,225,52,下载安装金融类App,5,2.22,0.95,5.1
HOWTO_OPERATE,获取银行/支付业务办理步骤与所需资料,2025搜索,2025search,225,20,查询交强险保费、赔偿与投保规定,4,1.78,0.69,4.48
HOWTO_OPERATE,获取银行/支付业务办理步骤与所需资料,2025搜索,2025search,225,19,车险购买与理赔咨询,3,1.33,0.45,3.85
HOWTO_OPERATE,获取银行/支付业务办理步骤与所需资料,2025搜索,2025search,225,47,查询办理信用卡业务,2,0.89,0.24,3.18
HOWTO_OPERATE,获取银行/支付业务办理步骤与所需资料,2025搜索,2025search,225,50,农业银行及农村信用社服务信息查询,2,0.89,0.24,3.18
HOWTO_OPERATE,获取银行/支付业务办理步骤与所需资料,2025搜索,2025search,225,16,查询人寿保险相关业务信息,1,0.44,0.08,2.47
HOWTO_OPERATE,获取银行/支付业务办理步骤与所需资料,2025搜索,2025search,225,54,建设银行网点与服务查询,1,0.44,0.08,2.47
HOWTO_OPERATE,获取银行/支付业务办理步骤与所需资料,2025搜索,2025search,225,35,货币兑换金额换算查询,1,0.44,0.08,2.47
HOWTO_OPERATE,获取银行/支付业务办理步骤与所需资料,2025搜索,2025search,225,53,中国银行服务信息查询,1,0.44,0.08,2.47
HOWTO_OPERATE,获取银行/支付业务办理步骤与所需资料,2025搜索,2025search,225,17,查询保险公司信息,1,0.44,0.08,2.47
HOWTO_OPERATE,获取银行/支付业务办理步骤与所需资料,2025搜索,2025search,225,15,查询借款平台正规性,1,0.44,0.08,2.47
HOWTO_OPERATE,获取银行/支付业务办理步骤与所需资料,2025搜索,2025search,225,7,基金净值查询,1,0.44,0.08,2.47
HOWTO_OPERATE,获取银行/支付业务办理步骤与所需资料,2025搜索,2025search,225,22,查询科技股与科创板信息,1,0.44,0.08,2.47
HOWTO_OPERATE,获取银行/支付业务办理步骤与所需资料,2025搜索,2025search,225,36,人民币及货币信息查询,1,0.44,0.08,2.47
ENTITY_VERIFY,核验机构平台与金融信息来源的真伪资质,2025搜索,2025search,93,15,查询借款平台正规性,64,68.82,58.81,77.33
ENTITY_VERIFY,核验机构平台与金融信息来源的真伪资质,2025搜索,2025search,93,8,查询贷款信息,5,5.38,2.32,11.97
ENTITY_VERIFY,核验机构平台与金融信息来源的真伪资质,2025搜索,2025search,93,10,查询转账与账户业务可行性,4,4.3,1.69,10.54
ENTITY_VERIFY,核验机构平台与金融信息来源的真伪资质,2025搜索,2025search,93,18,查询保险相关业务,4,4.3,1.69,10.54
ENTITY_VERIFY,核验机构平台与金融信息来源的真伪资质,2025搜索,2025search,93,17,查询保险公司信息,4,4.3,1.69,10.54
ENTITY_VERIFY,核验机构平台与金融信息来源的真伪资质,2025搜索,2025search,93,47,查询办理信用卡业务,3,3.23,1.1,9.06
ENTITY_VERIFY,核验机构平台与金融信息来源的真伪资质,2025搜索,2025search,93,49,银行信息查询,2,2.15,0.59,7.51
ENTITY_VERIFY,核验机构平台与金融信息来源的真伪资质,2025搜索,2025search,93,30,股票行情与选股建议查询,1,1.08,0.19,5.84
ENTITY_VERIFY,核验机构平台与金融信息来源的真伪资质,2025搜索,2025search,93,11,查询金融术语含义,1,1.08,0.19,5.84
ENTITY_VERIFY,核验机构平台与金融信息来源的真伪资质,2025搜索,2025search,93,55,银行客服电话查询,1,1.08,0.19,5.84
ENTITY_VERIFY,核验机构平台与金融信息来源的真伪资质,2025搜索,2025search,93,44,支付宝相关操作查询,1,1.08,0.19,5.84
ENTITY_VERIFY,核验机构平台与金融信息来源的真伪资质,2025搜索,2025search,93,14,个人征信报告查询与影响咨询,1,1.08,0.19,5.84
ENTITY_VERIFY,核验机构平台与金融信息来源的真伪资质,2025搜索,2025search,93,31,查询财经门户与市场行情,1,1.08,0.19,5.84
ENTITY_VERIFY,核验机构平台与金融信息来源的真伪资质,2025搜索,2025search,93,52,下载安装金融类App,1,1.08,0.19,5.84
ENTITY_IDENTITY_CHECK,确认或反查标的代码与名称对应,2025搜索,2025search,22,30,股票行情与选股建议查询,13,59.09,38.73,76.74
ENTITY_IDENTITY_CHECK,确认或反查标的代码与名称对应,2025搜索,2025search,22,25,查询股票信息,2,9.09,2.53,27.82
ENTITY_IDENTITY_CHECK,确认或反查标的代码与名称对应,2025搜索,2025search,22,17,查询保险公司信息,2,9.09,2.53,27.82
ENTITY_IDENTITY_CHECK,确认或反查标的代码与名称对应,2025搜索,2025search,22,28,股指行情查询,1,4.55,0.81,21.8
ENTITY_IDENTITY_CHECK,确认或反查标的代码与名称对应,2025搜索,2025search,22,0,股票代码查询,1,4.55,0.81,21.8
ENTITY_IDENTITY_CHECK,确认或反查标的代码与名称对应,2025搜索,2025search,22,36,人民币及货币信息查询,1,4.55,0.81,21.8
ENTITY_IDENTITY_CHECK,确认或反查标的代码与名称对应,2025搜索,2025search,22,31,查询财经门户与市场行情,1,4.55,0.81,21.8
ENTITY_IDENTITY_CHECK,确认或反查标的代码与名称对应,2025搜索,2025search,22,1,查询300开头股票代码与行情,1,4.55,0.81,21.8
INVEST_ADVICE,请求个股买卖持有决策与涨跌预测,2025搜索,2025search,57,30,股票行情与选股建议查询,35,61.4,48.43,72.94
INVEST_ADVICE,请求个股买卖持有决策与涨跌预测,2025搜索,2025search,57,25,查询股票信息,3,5.26,1.81,14.37
INVEST_ADVICE,请求个股买卖持有决策与涨跌预测,2025搜索,2025search,57,10,查询转账与账户业务可行性,3,5.26,1.81,14.37
INVEST_ADVICE,请求个股买卖持有决策与涨跌预测,2025搜索,2025search,57,62,查询金价,3,5.26,1.81,14.37
INVEST_ADVICE,请求个股买卖持有决策与涨跌预测,2025搜索,2025search,57,63,查询价格走势图,2,3.51,0.97,11.92
INVEST_ADVICE,请求个股买卖持有决策与涨跌预测,2025搜索,2025search,57,19,车险购买与理赔咨询,2,3.51,0.97,11.92
INVEST_ADVICE,请求个股买卖持有决策与涨跌预测,2025搜索,2025search,57,17,查询保险公司信息,2,3.51,0.97,11.92
INVEST_ADVICE,请求个股买卖持有决策与涨跌预测,2025搜索,2025search,57,1,查询300开头股票代码与行情,1,1.75,0.31,9.29
INVEST_ADVICE,请求个股买卖持有决策与涨跌预测,2025搜索,2025search,57,23,科技类股票信息查询,1,1.75,0.31,9.29
INVEST_ADVICE,请求个股买卖持有决策与涨跌预测,2025搜索,2025search,57,66,金融行情数据查询,1,1.75,0.31,9.29
INVEST_ADVICE,请求个股买卖持有决策与涨跌预测,2025搜索,2025search,57,58,查询黄金价格,1,1.75,0.31,9.29
INVEST_ADVICE,请求个股买卖持有决策与涨跌预测,2025搜索,2025search,57,65,计算存贷款利息,1,1.75,0.31,9.29
INVEST_ADVICE,请求个股买卖持有决策与涨跌预测,2025搜索,2025search,57,72,金融代码查询,1,1.75,0.31,9.29
INVEST_ADVICE,请求个股买卖持有决策与涨跌预测,2025搜索,2025search,57,12,金融业务操作与问题处理方法查询,1,1.75,0.31,9.29
TXN_ISSUE,排查账户与交易异常,2025搜索,2025search,36,48,银行卡业务查询与办理指导,17,47.22,31.99,62.99
TXN_ISSUE,排查账户与交易异常,2025搜索,2025search,36,12,金融业务操作与问题处理方法查询,6,16.67,7.87,31.89
TXN_ISSUE,排查账户与交易异常,2025搜索,2025search,36,10,查询转账与账户业务可行性,5,13.89,6.08,28.66
TXN_ISSUE,排查账户与交易异常,2025搜索,2025search,36,13,花呗操作查询,2,5.56,1.54,18.14
TXN_ISSUE,排查账户与交易异常,2025搜索,2025search,36,43,支付方式使用与设置查询,1,2.78,0.49,14.17
TXN_ISSUE,排查账户与交易异常,2025搜索,2025search,36,55,银行客服电话查询,1,2.78,0.49,14.17
TXN_ISSUE,排查账户与交易异常,2025搜索,2025search,36,11,查询金融术语含义,1,2.78,0.49,14.17
TXN_ISSUE,排查账户与交易异常,2025搜索,2025search,36,44,支付宝相关操作查询,1,2.78,0.49,14.17
TXN_ISSUE,排查账户与交易异常,2025搜索,2025search,36,70,查询定期存款利率,1,2.78,0.49,14.17
TXN_ISSUE,排查账户与交易异常,2025搜索,2025search,36,49,银行信息查询,1,2.78,0.49,14.17
COMPARISON_DECISION,比较两个金融对象并给出取舍,2025搜索,2025search,25,48,银行卡业务查询与办理指导,9,36.0,20.25,55.48
COMPARISON_DECISION,比较两个金融对象并给出取舍,2025搜索,2025search,25,65,计算存贷款利息,7,28.0,14.28,47.58
COMPARISON_DECISION,比较两个金融对象并给出取舍,2025搜索,2025search,25,70,查询定期存款利率,2,8.0,2.22,24.97
COMPARISON_DECISION,比较两个金融对象并给出取舍,2025搜索,2025search,25,19,车险购买与理赔咨询,2,8.0,2.22,24.97
COMPARISON_DECISION,比较两个金融对象并给出取舍,2025搜索,2025search,25,47,查询办理信用卡业务,2,8.0,2.22,24.97
COMPARISON_DECISION,比较两个金融对象并给出取舍,2025搜索,2025search,25,17,查询保险公司信息,1,4.0,0.71,19.54
COMPARISON_DECISION,比较两个金融对象并给出取舍,2025搜索,2025search,25,15,查询借款平台正规性,1,4.0,0.71,19.54
COMPARISON_DECISION,比较两个金融对象并给出取舍,2025搜索,2025search,25,43,支付方式使用与设置查询,1,4.0,0.71,19.54
DEBT_DISTRESS,处理逾期催收与还款困境,2025搜索,2025search,15,15,查询借款平台正规性,8,53.33,30.12,75.19
DEBT_DISTRESS,处理逾期催收与还款困境,2025搜索,2025search,15,14,个人征信报告查询与影响咨询,3,20.0,7.05,45.19
DEBT_DISTRESS,处理逾期催收与还款困境,2025搜索,2025search,15,12,金融业务操作与问题处理方法查询,2,13.33,3.74,37.88
DEBT_DISTRESS,处理逾期催收与还款困境,2025搜索,2025search,15,13,花呗操作查询,1,6.67,1.19,29.82
DEBT_DISTRESS,处理逾期催收与还款困境,2025搜索,2025search,15,47,查询办理信用卡业务,1,6.67,1.19,29.82
STATUS_DECODE,解读粘贴的提示与界面状态,2025搜索,2025search,2,70,查询定期存款利率,1,50.0,9.45,90.55
STATUS_DECODE,解读粘贴的提示与界面状态,2025搜索,2025search,2,48,银行卡业务查询与办理指导,1,50.0,9.45,90.55
NEWS_EVENT,查询个股与公司层面的消息、公告与进度,2025搜索,2025search,40,30,股票行情与选股建议查询,12,30.0,18.07,45.43
NEWS_EVENT,查询个股与公司层面的消息、公告与进度,2025搜索,2025search,40,36,人民币及货币信息查询,7,17.5,8.75,31.95
NEWS_EVENT,查询个股与公司层面的消息、公告与进度,2025搜索,2025search,40,31,查询财经门户与市场行情,6,15.0,7.06,29.07
NEWS_EVENT,查询个股与公司层面的消息、公告与进度,2025搜索,2025search,40,27,查询市场行情,4,10.0,3.96,23.05
NEWS_EVENT,查询个股与公司层面的消息、公告与进度,2025搜索,2025search,40,66,金融行情数据查询,2,5.0,1.38,16.5
NEWS_EVENT,查询个股与公司层面的消息、公告与进度,2025搜索,2025search,40,17,查询保险公司信息,2,5.0,1.38,16.5
NEWS_EVENT,查询个股与公司层面的消息、公告与进度,2025搜索,2025search,40,45,查询股份公司及股票信息,1,2.5,0.44,12.88
NEWS_EVENT,查询个股与公司层面的消息、公告与进度,2025搜索,2025search,40,70,查询定期存款利率,1,2.5,0.44,12.88
NEWS_EVENT,查询个股与公司层面的消息、公告与进度,2025搜索,2025search,40,28,股指行情查询,1,2.5,0.44,12.88
NEWS_EVENT,查询个股与公司层面的消息、公告与进度,2025搜索,2025search,40,32,证券股票信息查询,1,2.5,0.44,12.88
NEWS_EVENT,查询个股与公司层面的消息、公告与进度,2025搜索,2025search,40,22,查询科技股与科创板信息,1,2.5,0.44,12.88
NEWS_EVENT,查询个股与公司层面的消息、公告与进度,2025搜索,2025search,40,53,中国银行服务信息查询,1,2.5,0.44,12.88
NEWS_EVENT,查询个股与公司层面的消息、公告与进度,2025搜索,2025search,40,65,计算存贷款利息,1,2.5,0.44,12.88
MARKET_MOVEMENT_EXPLAIN,解释已发生市场现象的原因,2025搜索,2025search,7,30,股票行情与选股建议查询,5,71.43,35.89,91.78
MARKET_MOVEMENT_EXPLAIN,解释已发生市场现象的原因,2025搜索,2025search,7,36,人民币及货币信息查询,1,14.29,2.57,51.31
MARKET_MOVEMENT_EXPLAIN,解释已发生市场现象的原因,2025搜索,2025search,7,13,花呗操作查询,1,14.29,2.57,51.31
SEEK_CREDIT_WORKAROUND,寻找绕征信借款或评估征信修复,2025搜索,2025search,8,14,个人征信报告查询与影响咨询,6,75.0,40.93,92.85
SEEK_CREDIT_WORKAROUND,寻找绕征信借款或评估征信修复,2025搜索,2025search,8,15,查询借款平台正规性,2,25.0,7.15,59.07
QUOTE_LOOKUP,查询可报价品种实时行情与价格,2025搜索随机1w,2025search_rand,1049,25,查询股票信息,174,16.59,14.46,18.96
QUOTE_LOOKUP,查询可报价品种实时行情与价格,2025搜索随机1w,2025search_rand,1049,30,股票行情与选股建议查询,125,11.92,10.09,14.02
QUOTE_LOOKUP,查询可报价品种实时行情与价格,2025搜索随机1w,2025search_rand,1049,7,基金净值查询,71,6.77,5.4,8.45
QUOTE_LOOKUP,查询可报价品种实时行情与价格,2025搜索随机1w,2025search_rand,1049,27,查询市场行情,68,6.48,5.15,8.14
QUOTE_LOOKUP,查询可报价品种实时行情与价格,2025搜索随机1w,2025search_rand,1049,0,股票代码查询,58,5.53,4.3,7.08
QUOTE_LOOKUP,查询可报价品种实时行情与价格,2025搜索随机1w,2025search_rand,1049,31,查询财经门户与市场行情,50,4.77,3.63,6.23
QUOTE_LOOKUP,查询可报价品种实时行情与价格,2025搜索随机1w,2025search_rand,1049,72,金融代码查询,45,4.29,3.22,5.69
QUOTE_LOOKUP,查询可报价品种实时行情与价格,2025搜索随机1w,2025search_rand,1049,60,市场价格行情查询,41,3.91,2.89,5.26
QUOTE_LOOKUP,查询可报价品种实时行情与价格,2025搜索随机1w,2025search_rand,1049,63,查询价格走势图,38,3.62,2.65,4.93
QUOTE_LOOKUP,查询可报价品种实时行情与价格,2025搜索随机1w,2025search_rand,1049,58,查询黄金价格,36,3.43,2.49,4.71
QUOTE_LOOKUP,查询可报价品种实时行情与价格,2025搜索随机1w,2025search_rand,1049,28,股指行情查询,32,3.05,2.17,4.27
QUOTE_LOOKUP,查询可报价品种实时行情与价格,2025搜索随机1w,2025search_rand,1049,45,查询股份公司及股票信息,32,3.05,2.17,4.27
QUOTE_LOOKUP,查询可报价品种实时行情与价格,2025搜索随机1w,2025search_rand,1049,59,实时行情查询,28,2.67,1.85,3.83
QUOTE_LOOKUP,查询可报价品种实时行情与价格,2025搜索随机1w,2025search_rand,1049,66,金融行情数据查询,25,2.38,1.62,3.49
QUOTE_LOOKUP,查询可报价品种实时行情与价格,2025搜索随机1w,2025search_rand,1049,62,查询金价,25,2.38,1.62,3.49
QUOTE_LOOKUP,查询可报价品种实时行情与价格,2025搜索随机1w,2025search_rand,1049,71,查询价格与金额,22,2.1,1.39,3.16
QUOTE_LOOKUP,查询可报价品种实时行情与价格,2025搜索随机1w,2025search_rand,1049,23,科技类股票信息查询,21,2.0,1.31,3.04
QUOTE_LOOKUP,查询可报价品种实时行情与价格,2025搜索随机1w,2025search_rand,1049,6,查询股票代码与指数信息,19,1.81,1.16,2.81
QUOTE_LOOKUP,查询可报价品种实时行情与价格,2025搜索随机1w,2025search_rand,1049,1,查询300开头股票代码与行情,17,1.62,1.01,2.58
QUOTE_LOOKUP,查询可报价品种实时行情与价格,2025搜索随机1w,2025search_rand,1049,26,查询个股股票行情与股吧讨论,16,1.53,0.94,2.46
QUOTE_LOOKUP,查询可报价品种实时行情与价格,2025搜索随机1w,2025search_rand,1049,2,证券代码信息查询,14,1.33,0.8,2.23
QUOTE_LOOKUP,查询可报价品种实时行情与价格,2025搜索随机1w,2025search_rand,1049,22,查询科技股与科创板信息,13,1.24,0.73,2.11
QUOTE_LOOKUP,查询可报价品种实时行情与价格,2025搜索随机1w,2025search_rand,1049,46,查询股份股票及股吧信息,13,1.24,0.73,2.11
QUOTE_LOOKUP,查询可报价品种实时行情与价格,2025搜索随机1w,2025search_rand,1049,36,人民币及货币信息查询,9,0.86,0.45,1.62
QUOTE_LOOKUP,查询可报价品种实时行情与价格,2025搜索随机1w,2025search_rand,1049,64,查询金融业务数值与代码,9,0.86,0.45,1.62
QUOTE_LOOKUP,查询可报价品种实时行情与价格,2025搜索随机1w,2025search_rand,1049,32,证券股票信息查询,9,0.86,0.45,1.62
QUOTE_LOOKUP,查询可报价品种实时行情与价格,2025搜索随机1w,2025search_rand,1049,73,证券代码信息查询,6,0.57,0.26,1.24
QUOTE_LOOKUP,查询可报价品种实时行情与价格,2025搜索随机1w,2025search_rand,1049,50,农业银行及农村信用社服务信息查询,3,0.29,0.1,0.84
QUOTE_LOOKUP,查询可报价品种实时行情与价格,2025搜索随机1w,2025search_rand,1049,13,花呗操作查询,3,0.29,0.1,0.84
QUOTE_LOOKUP,查询可报价品种实时行情与价格,2025搜索随机1w,2025search_rand,1049,12,金融业务操作与问题处理方法查询,3,0.29,0.1,0.84
QUOTE_LOOKUP,查询可报价品种实时行情与价格,2025搜索随机1w,2025search_rand,1049,24,证券股吧查询,2,0.19,0.05,0.69
QUOTE_LOOKUP,查询可报价品种实时行情与价格,2025搜索随机1w,2025search_rand,1049,53,中国银行服务信息查询,2,0.19,0.05,0.69
QUOTE_LOOKUP,查询可报价品种实时行情与价格,2025搜索随机1w,2025search_rand,1049,3,查询电话号码归属,2,0.19,0.05,0.69
QUOTE_LOOKUP,查询可报价品种实时行情与价格,2025搜索随机1w,2025search_rand,1049,68,利率查询与计算,2,0.19,0.05,0.69
QUOTE_LOOKUP,查询可报价品种实时行情与价格,2025搜索随机1w,2025search_rand,1049,18,查询保险相关业务,2,0.19,0.05,0.69
QUOTE_LOOKUP,查询可报价品种实时行情与价格,2025搜索随机1w,2025search_rand,1049,49,银行信息查询,2,0.19,0.05,0.69
QUOTE_LOOKUP,查询可报价品种实时行情与价格,2025搜索随机1w,2025search_rand,1049,52,下载安装金融类App,2,0.19,0.05,0.69
QUOTE_LOOKUP,查询可报价品种实时行情与价格,2025搜索随机1w,2025search_rand,1049,48,银行卡业务查询与办理指导,2,0.19,0.05,0.69
QUOTE_LOOKUP,查询可报价品种实时行情与价格,2025搜索随机1w,2025search_rand,1049,20,查询交强险保费、赔偿与投保规定,2,0.19,0.05,0.69
QUOTE_LOOKUP,查询可报价品种实时行情与价格,2025搜索随机1w,2025search_rand,1049,15,查询借款平台正规性,1,0.1,0.02,0.54
QUOTE_LOOKUP,查询可报价品种实时行情与价格,2025搜索随机1w,2025search_rand,1049,33,查询人民币兑外币汇率,1,0.1,0.02,0.54
QUOTE_LOOKUP,查询可报价品种实时行情与价格,2025搜索随机1w,2025search_rand,1049,16,查询人寿保险相关业务信息,1,0.1,0.02,0.54
QUOTE_LOOKUP,查询可报价品种实时行情与价格,2025搜索随机1w,2025search_rand,1049,17,查询保险公司信息,1,0.1,0.02,0.54
QUOTE_LOOKUP,查询可报价品种实时行情与价格,2025搜索随机1w,2025search_rand,1049,34,查询美元兑日元汇率,1,0.1,0.02,0.54
QUOTE_LOOKUP,查询可报价品种实时行情与价格,2025搜索随机1w,2025search_rand,1049,11,查询金融术语含义,1,0.1,0.02,0.54
HOWTO_OPERATE,获取银行/支付业务办理步骤与所需资料,2025搜索随机1w,2025search_rand,1231,12,金融业务操作与问题处理方法查询,211,17.14,15.14,19.35
HOWTO_OPERATE,获取银行/支付业务办理步骤与所需资料,2025搜索随机1w,2025search_rand,1231,48,银行卡业务查询与办理指导,183,14.87,12.99,16.96
HOWTO_OPERATE,获取银行/支付业务办理步骤与所需资料,2025搜索随机1w,2025search_rand,1231,44,支付宝相关操作查询,173,14.05,12.22,16.11
HOWTO_OPERATE,获取银行/支付业务办理步骤与所需资料,2025搜索随机1w,2025search_rand,1231,8,查询贷款信息,80,6.5,5.25,8.02
HOWTO_OPERATE,获取银行/支付业务办理步骤与所需资料,2025搜索随机1w,2025search_rand,1231,49,银行信息查询,76,6.17,4.96,7.66
HOWTO_OPERATE,获取银行/支付业务办理步骤与所需资料,2025搜索随机1w,2025search_rand,1231,43,支付方式使用与设置查询,59,4.79,3.73,6.13
HOWTO_OPERATE,获取银行/支付业务办理步骤与所需资料,2025搜索随机1w,2025search_rand,1231,47,查询办理信用卡业务,55,4.47,3.45,5.77
HOWTO_OPERATE,获取银行/支付业务办理步骤与所需资料,2025搜索随机1w,2025search_rand,1231,10,查询转账与账户业务可行性,55,4.47,3.45,5.77
HOWTO_OPERATE,获取银行/支付业务办理步骤与所需资料,2025搜索随机1w,2025search_rand,1231,18,查询保险相关业务,39,3.17,2.33,4.3
HOWTO_OPERATE,获取银行/支付业务办理步骤与所需资料,2025搜索随机1w,2025search_rand,1231,14,个人征信报告查询与影响咨询,36,2.92,2.12,4.02
HOWTO_OPERATE,获取银行/支付业务办理步骤与所需资料,2025搜索随机1w,2025search_rand,1231,9,贷款提前还款查询,35,2.84,2.05,3.93
HOWTO_OPERATE,获取银行/支付业务办理步骤与所需资料,2025搜索随机1w,2025search_rand,1231,19,车险购买与理赔咨询,31,2.52,1.78,3.55
HOWTO_OPERATE,获取银行/支付业务办理步骤与所需资料,2025搜索随机1w,2025search_rand,1231,54,建设银行网点与服务查询,27,2.19,1.51,3.17
HOWTO_OPERATE,获取银行/支付业务办理步骤与所需资料,2025搜索随机1w,2025search_rand,1231,50,农业银行及农村信用社服务信息查询,27,2.19,1.51,3.17
HOWTO_OPERATE,获取银行/支付业务办理步骤与所需资料,2025搜索随机1w,2025search_rand,1231,13,花呗操作查询,24,1.95,1.31,2.88
HOWTO_OPERATE,获取银行/支付业务办理步骤与所需资料,2025搜索随机1w,2025search_rand,1231,53,中国银行服务信息查询,19,1.54,0.99,2.4
HOWTO_OPERATE,获取银行/支付业务办理步骤与所需资料,2025搜索随机1w,2025search_rand,1231,32,证券股票信息查询,18,1.46,0.93,2.3
HOWTO_OPERATE,获取银行/支付业务办理步骤与所需资料,2025搜索随机1w,2025search_rand,1231,52,下载安装金融类App,15,1.22,0.74,2.0
HOWTO_OPERATE,获取银行/支付业务办理步骤与所需资料,2025搜索随机1w,2025search_rand,1231,70,查询定期存款利率,11,0.89,0.5,1.59
HOWTO_OPERATE,获取银行/支付业务办理步骤与所需资料,2025搜索随机1w,2025search_rand,1231,16,查询人寿保险相关业务信息,8,0.65,0.33,1.28
HOWTO_OPERATE,获取银行/支付业务办理步骤与所需资料,2025搜索随机1w,2025search_rand,1231,30,股票行情与选股建议查询,5,0.41,0.17,0.95
HOWTO_OPERATE,获取银行/支付业务办理步骤与所需资料,2025搜索随机1w,2025search_rand,1231,17,查询保险公司信息,5,0.41,0.17,0.95
HOWTO_OPERATE,获取银行/支付业务办理步骤与所需资料,2025搜索随机1w,2025search_rand,1231,25,查询股票信息,5,0.41,0.17,0.95
HOWTO_OPERATE,获取银行/支付业务办理步骤与所需资料,2025搜索随机1w,2025search_rand,1231,20,查询交强险保费、赔偿与投保规定,5,0.41,0.17,0.95
HOWTO_OPERATE,获取银行/支付业务办理步骤与所需资料,2025搜索随机1w,2025search_rand,1231,33,查询人民币兑外币汇率,3,0.24,0.08,0.71
HOWTO_OPERATE,获取银行/支付业务办理步骤与所需资料,2025搜索随机1w,2025search_rand,1231,15,查询借款平台正规性,3,0.24,0.08,0.71
HOWTO_OPERATE,获取银行/支付业务办理步骤与所需资料,2025搜索随机1w,2025search_rand,1231,58,查询黄金价格,2,0.16,0.04,0.59
HOWTO_OPERATE,获取银行/支付业务办理步骤与所需资料,2025搜索随机1w,2025search_rand,1231,21,保险公司电话查询,2,0.16,0.04,0.59
HOWTO_OPERATE,获取银行/支付业务办理步骤与所需资料,2025搜索随机1w,2025search_rand,1231,22,查询科技股与科创板信息,2,0.16,0.04,0.59
HOWTO_OPERATE,获取银行/支付业务办理步骤与所需资料,2025搜索随机1w,2025search_rand,1231,36,人民币及货币信息查询,2,0.16,0.04,0.59
HOWTO_OPERATE,获取银行/支付业务办理步骤与所需资料,2025搜索随机1w,2025search_rand,1231,11,查询金融术语含义,2,0.16,0.04,0.59
HOWTO_OPERATE,获取银行/支付业务办理步骤与所需资料,2025搜索随机1w,2025search_rand,1231,65,计算存贷款利息,2,0.16,0.04,0.59
HOWTO_OPERATE,获取银行/支付业务办理步骤与所需资料,2025搜索随机1w,2025search_rand,1231,31,查询财经门户与市场行情,2,0.16,0.04,0.59
HOWTO_OPERATE,获取银行/支付业务办理步骤与所需资料,2025搜索随机1w,2025search_rand,1231,68,利率查询与计算,2,0.16,0.04,0.59
HOWTO_OPERATE,获取银行/支付业务办理步骤与所需资料,2025搜索随机1w,2025search_rand,1231,55,银行客服电话查询,1,0.08,0.01,0.46
HOWTO_OPERATE,获取银行/支付业务办理步骤与所需资料,2025搜索随机1w,2025search_rand,1231,71,查询价格与金额,1,0.08,0.01,0.46
HOWTO_OPERATE,获取银行/支付业务办理步骤与所需资料,2025搜索随机1w,2025search_rand,1231,6,查询股票代码与指数信息,1,0.08,0.01,0.46
HOWTO_OPERATE,获取银行/支付业务办理步骤与所需资料,2025搜索随机1w,2025search_rand,1231,28,股指行情查询,1,0.08,0.01,0.46
HOWTO_OPERATE,获取银行/支付业务办理步骤与所需资料,2025搜索随机1w,2025search_rand,1231,66,金融行情数据查询,1,0.08,0.01,0.46
HOWTO_OPERATE,获取银行/支付业务办理步骤与所需资料,2025搜索随机1w,2025search_rand,1231,62,查询金价,1,0.08,0.01,0.46
HOWTO_OPERATE,获取银行/支付业务办理步骤与所需资料,2025搜索随机1w,2025search_rand,1231,7,基金净值查询,1,0.08,0.01,0.46
RESOLVE_BARE_ENTITY,解析裸非可报价名称,2025搜索随机1w,2025search_rand,472,31,查询财经门户与市场行情,81,17.16,14.03,20.82
RESOLVE_BARE_ENTITY,解析裸非可报价名称,2025搜索随机1w,2025search_rand,472,49,银行信息查询,62,13.14,10.38,16.48
RESOLVE_BARE_ENTITY,解析裸非可报价名称,2025搜索随机1w,2025search_rand,472,18,查询保险相关业务,38,8.05,5.92,10.86
RESOLVE_BARE_ENTITY,解析裸非可报价名称,2025搜索随机1w,2025search_rand,472,17,查询保险公司信息,32,6.78,4.84,9.41
RESOLVE_BARE_ENTITY,解析裸非可报价名称,2025搜索随机1w,2025search_rand,472,8,查询贷款信息,28,5.93,4.14,8.44
RESOLVE_BARE_ENTITY,解析裸非可报价名称,2025搜索随机1w,2025search_rand,472,32,证券股票信息查询,22,4.66,3.1,6.96
RESOLVE_BARE_ENTITY,解析裸非可报价名称,2025搜索随机1w,2025search_rand,472,53,中国银行服务信息查询,19,4.03,2.59,6.2
RESOLVE_BARE_ENTITY,解析裸非可报价名称,2025搜索随机1w,2025search_rand,472,50,农业银行及农村信用社服务信息查询,17,3.6,2.26,5.69
RESOLVE_BARE_ENTITY,解析裸非可报价名称,2025搜索随机1w,2025search_rand,472,7,基金净值查询,16,3.39,2.1,5.44
RESOLVE_BARE_ENTITY,解析裸非可报价名称,2025搜索随机1w,2025search_rand,472,43,支付方式使用与设置查询,12,2.54,1.46,4.39
RESOLVE_BARE_ENTITY,解析裸非可报价名称,2025搜索随机1w,2025search_rand,472,30,股票行情与选股建议查询,11,2.33,1.31,4.12
RESOLVE_BARE_ENTITY,解析裸非可报价名称,2025搜索随机1w,2025search_rand,472,15,查询借款平台正规性,11,2.33,1.31,4.12
RESOLVE_BARE_ENTITY,解析裸非可报价名称,2025搜索随机1w,2025search_rand,472,10,查询转账与账户业务可行性,10,2.12,1.15,3.86
RESOLVE_BARE_ENTITY,解析裸非可报价名称,2025搜索随机1w,2025search_rand,472,16,查询人寿保险相关业务信息,9,1.91,1.01,3.58
RESOLVE_BARE_ENTITY,解析裸非可报价名称,2025搜索随机1w,2025search_rand,472,21,保险公司电话查询,9,1.91,1.01,3.58
RESOLVE_BARE_ENTITY,解析裸非可报价名称,2025搜索随机1w,2025search_rand,472,52,下载安装金融类App,8,1.69,0.86,3.31
RESOLVE_BARE_ENTITY,解析裸非可报价名称,2025搜索随机1w,2025search_rand,472,54,建设银行网点与服务查询,8,1.69,0.86,3.31
RESOLVE_BARE_ENTITY,解析裸非可报价名称,2025搜索随机1w,2025search_rand,472,14,个人征信报告查询与影响咨询,8,1.69,0.86,3.31
RESOLVE_BARE_ENTITY,解析裸非可报价名称,2025搜索随机1w,2025search_rand,472,13,花呗操作查询,7,1.48,0.72,3.03
RESOLVE_BARE_ENTITY,解析裸非可报价名称,2025搜索随机1w,2025search_rand,472,47,查询办理信用卡业务,7,1.48,0.72,3.03
RESOLVE_BARE_ENTITY,解析裸非可报价名称,2025搜索随机1w,2025search_rand,472,48,银行卡业务查询与办理指导,6,1.27,0.58,2.75
RESOLVE_BARE_ENTITY,解析裸非可报价名称,2025搜索随机1w,2025search_rand,472,62,查询金价,5,1.06,0.45,2.46
RESOLVE_BARE_ENTITY,解析裸非可报价名称,2025搜索随机1w,2025search_rand,472,33,查询人民币兑外币汇率,4,0.85,0.33,2.16
RESOLVE_BARE_ENTITY,解析裸非可报价名称,2025搜索随机1w,2025search_rand,472,66,金融行情数据查询,4,0.85,0.33,2.16
RESOLVE_BARE_ENTITY,解析裸非可报价名称,2025搜索随机1w,2025search_rand,472,36,人民币及货币信息查询,4,0.85,0.33,2.16
RESOLVE_BARE_ENTITY,解析裸非可报价名称,2025搜索随机1w,2025search_rand,472,65,计算存贷款利息,3,0.64,0.22,1.85
RESOLVE_BARE_ENTITY,解析裸非可报价名称,2025搜索随机1w,2025search_rand,472,44,支付宝相关操作查询,3,0.64,0.22,1.85
RESOLVE_BARE_ENTITY,解析裸非可报价名称,2025搜索随机1w,2025search_rand,472,72,金融代码查询,3,0.64,0.22,1.85
RESOLVE_BARE_ENTITY,解析裸非可报价名称,2025搜索随机1w,2025search_rand,472,55,银行客服电话查询,3,0.64,0.22,1.85
RESOLVE_BARE_ENTITY,解析裸非可报价名称,2025搜索随机1w,2025search_rand,472,22,查询科技股与科创板信息,3,0.64,0.22,1.85
RESOLVE_BARE_ENTITY,解析裸非可报价名称,2025搜索随机1w,2025search_rand,472,67,贷款月供计算,2,0.42,0.12,1.53
RESOLVE_BARE_ENTITY,解析裸非可报价名称,2025搜索随机1w,2025search_rand,472,20,查询交强险保费、赔偿与投保规定,2,0.42,0.12,1.53
RESOLVE_BARE_ENTITY,解析裸非可报价名称,2025搜索随机1w,2025search_rand,472,70,查询定期存款利率,2,0.42,0.12,1.53
RESOLVE_BARE_ENTITY,解析裸非可报价名称,2025搜索随机1w,2025search_rand,472,29,蚂蚁庄园今日答案查询,2,0.42,0.12,1.53
RESOLVE_BARE_ENTITY,解析裸非可报价名称,2025搜索随机1w,2025search_rand,472,19,车险购买与理赔咨询,2,0.42,0.12,1.53
RESOLVE_BARE_ENTITY,解析裸非可报价名称,2025搜索随机1w,2025search_rand,472,11,查询金融术语含义,2,0.42,0.12,1.53
RESOLVE_BARE_ENTITY,解析裸非可报价名称,2025搜索随机1w,2025search_rand,472,0,股票代码查询,1,0.21,0.04,1.19
RESOLVE_BARE_ENTITY,解析裸非可报价名称,2025搜索随机1w,2025search_rand,472,71,查询价格与金额,1,0.21,0.04,1.19
RESOLVE_BARE_ENTITY,解析裸非可报价名称,2025搜索随机1w,2025search_rand,472,6,查询股票代码与指数信息,1,0.21,0.04,1.19
RESOLVE_BARE_ENTITY,解析裸非可报价名称,2025搜索随机1w,2025search_rand,472,27,查询市场行情,1,0.21,0.04,1.19
RESOLVE_BARE_ENTITY,解析裸非可报价名称,2025搜索随机1w,2025search_rand,472,63,查询价格走势图,1,0.21,0.04,1.19
RESOLVE_BARE_ENTITY,解析裸非可报价名称,2025搜索随机1w,2025search_rand,472,34,查询美元兑日元汇率,1,0.21,0.04,1.19
RESOLVE_BARE_ENTITY,解析裸非可报价名称,2025搜索随机1w,2025search_rand,472,58,查询黄金价格,1,0.21,0.04,1.19
VERDICT_QUESTION,对“是不是/是A还是B”给出裁决结论,2025搜索随机1w,2025search_rand,1088,10,查询转账与账户业务可行性,189,17.37,15.24,19.74
VERDICT_QUESTION,对“是不是/是A还是B”给出裁决结论,2025搜索随机1w,2025search_rand,1088,48,银行卡业务查询与办理指导,139,12.78,10.92,14.89
VERDICT_QUESTION,对“是不是/是A还是B”给出裁决结论,2025搜索随机1w,2025search_rand,1088,8,查询贷款信息,119,10.94,9.22,12.93
VERDICT_QUESTION,对“是不是/是A还是B”给出裁决结论,2025搜索随机1w,2025search_rand,1088,19,车险购买与理赔咨询,89,8.18,6.7,9.96
VERDICT_QUESTION,对“是不是/是A还是B”给出裁决结论,2025搜索随机1w,2025search_rand,1088,49,银行信息查询,61,5.61,4.39,7.14
VERDICT_QUESTION,对“是不是/是A还是B”给出裁决结论,2025搜索随机1w,2025search_rand,1088,44,支付宝相关操作查询,59,5.42,4.23,6.93
VERDICT_QUESTION,对“是不是/是A还是B”给出裁决结论,2025搜索随机1w,2025search_rand,1088,18,查询保险相关业务,52,4.78,3.66,6.21
VERDICT_QUESTION,对“是不是/是A还是B”给出裁决结论,2025搜索随机1w,2025search_rand,1088,47,查询办理信用卡业务,46,4.23,3.18,5.59
VERDICT_QUESTION,对“是不是/是A还是B”给出裁决结论,2025搜索随机1w,2025search_rand,1088,9,贷款提前还款查询,39,3.58,2.63,4.86
VERDICT_QUESTION,对“是不是/是A还是B”给出裁决结论,2025搜索随机1w,2025search_rand,1088,70,查询定期存款利率,37,3.4,2.48,4.65
VERDICT_QUESTION,对“是不是/是A还是B”给出裁决结论,2025搜索随机1w,2025search_rand,1088,14,个人征信报告查询与影响咨询,30,2.76,1.94,3.91
VERDICT_QUESTION,对“是不是/是A还是B”给出裁决结论,2025搜索随机1w,2025search_rand,1088,43,支付方式使用与设置查询,30,2.76,1.94,3.91
VERDICT_QUESTION,对“是不是/是A还是B”给出裁决结论,2025搜索随机1w,2025search_rand,1088,30,股票行情与选股建议查询,22,2.02,1.34,3.04
VERDICT_QUESTION,对“是不是/是A还是B”给出裁决结论,2025搜索随机1w,2025search_rand,1088,17,查询保险公司信息,20,1.84,1.19,2.82
VERDICT_QUESTION,对“是不是/是A还是B”给出裁决结论,2025搜索随机1w,2025search_rand,1088,20,查询交强险保费、赔偿与投保规定,19,1.75,1.12,2.71
VERDICT_QUESTION,对“是不是/是A还是B”给出裁决结论,2025搜索随机1w,2025search_rand,1088,50,农业银行及农村信用社服务信息查询,18,1.65,1.05,2.6
VERDICT_QUESTION,对“是不是/是A还是B”给出裁决结论,2025搜索随机1w,2025search_rand,1088,13,花呗操作查询,17,1.56,0.98,2.49
VERDICT_QUESTION,对“是不是/是A还是B”给出裁决结论,2025搜索随机1w,2025search_rand,1088,53,中国银行服务信息查询,12,1.1,0.63,1.92
VERDICT_QUESTION,对“是不是/是A还是B”给出裁决结论,2025搜索随机1w,2025search_rand,1088,52,下载安装金融类App,9,0.83,0.44,1.56
VERDICT_QUESTION,对“是不是/是A还是B”给出裁决结论,2025搜索随机1w,2025search_rand,1088,54,建设银行网点与服务查询,8,0.74,0.37,1.44
VERDICT_QUESTION,对“是不是/是A还是B”给出裁决结论,2025搜索随机1w,2025search_rand,1088,15,查询借款平台正规性,8,0.74,0.37,1.44
VERDICT_QUESTION,对“是不是/是A还是B”给出裁决结论,2025搜索随机1w,2025search_rand,1088,22,查询科技股与科创板信息,8,0.74,0.37,1.44
VERDICT_QUESTION,对“是不是/是A还是B”给出裁决结论,2025搜索随机1w,2025search_rand,1088,65,计算存贷款利息,7,0.64,0.31,1.32
VERDICT_QUESTION,对“是不是/是A还是B”给出裁决结论,2025搜索随机1w,2025search_rand,1088,32,证券股票信息查询,6,0.55,0.25,1.2
VERDICT_QUESTION,对“是不是/是A还是B”给出裁决结论,2025搜索随机1w,2025search_rand,1088,25,查询股票信息,6,0.55,0.25,1.2
VERDICT_QUESTION,对“是不是/是A还是B”给出裁决结论,2025搜索随机1w,2025search_rand,1088,1,查询300开头股票代码与行情,4,0.37,0.14,0.94
VERDICT_QUESTION,对“是不是/是A还是B”给出裁决结论,2025搜索随机1w,2025search_rand,1088,21,保险公司电话查询,4,0.37,0.14,0.94
VERDICT_QUESTION,对“是不是/是A还是B”给出裁决结论,2025搜索随机1w,2025search_rand,1088,67,贷款月供计算,4,0.37,0.14,0.94
VERDICT_QUESTION,对“是不是/是A还是B”给出裁决结论,2025搜索随机1w,2025search_rand,1088,36,人民币及货币信息查询,4,0.37,0.14,0.94
VERDICT_QUESTION,对“是不是/是A还是B”给出裁决结论,2025搜索随机1w,2025search_rand,1088,31,查询财经门户与市场行情,3,0.28,0.09,0.81
VERDICT_QUESTION,对“是不是/是A还是B”给出裁决结论,2025搜索随机1w,2025search_rand,1088,16,查询人寿保险相关业务信息,3,0.28,0.09,0.81
VERDICT_QUESTION,对“是不是/是A还是B”给出裁决结论,2025搜索随机1w,2025search_rand,1088,72,金融代码查询,3,0.28,0.09,0.81
VERDICT_QUESTION,对“是不是/是A还是B”给出裁决结论,2025搜索随机1w,2025search_rand,1088,45,查询股份公司及股票信息,2,0.18,0.05,0.67
VERDICT_QUESTION,对“是不是/是A还是B”给出裁决结论,2025搜索随机1w,2025search_rand,1088,23,科技类股票信息查询,2,0.18,0.05,0.67
VERDICT_QUESTION,对“是不是/是A还是B”给出裁决结论,2025搜索随机1w,2025search_rand,1088,58,查询黄金价格,2,0.18,0.05,0.67
VERDICT_QUESTION,对“是不是/是A还是B”给出裁决结论,2025搜索随机1w,2025search_rand,1088,7,基金净值查询,2,0.18,0.05,0.67
VERDICT_QUESTION,对“是不是/是A还是B”给出裁决结论,2025搜索随机1w,2025search_rand,1088,66,金融行情数据查询,1,0.09,0.02,0.52
VERDICT_QUESTION,对“是不是/是A还是B”给出裁决结论,2025搜索随机1w,2025search_rand,1088,27,查询市场行情,1,0.09,0.02,0.52
VERDICT_QUESTION,对“是不是/是A还是B”给出裁决结论,2025搜索随机1w,2025search_rand,1088,39,货币兑换查询,1,0.09,0.02,0.52
VERDICT_QUESTION,对“是不是/是A还是B”给出裁决结论,2025搜索随机1w,2025search_rand,1088,33,查询人民币兑外币汇率,1,0.09,0.02,0.52
VERDICT_QUESTION,对“是不是/是A还是B”给出裁决结论,2025搜索随机1w,2025search_rand,1088,0,股票代码查询,1,0.09,0.02,0.52
ENTITY_VERIFY,核验机构平台与金融信息来源的真伪资质,2025搜索随机1w,2025search_rand,153,15,查询借款平台正规性,43,28.1,21.59,35.7
ENTITY_VERIFY,核验机构平台与金融信息来源的真伪资质,2025搜索随机1w,2025search_rand,153,8,查询贷款信息,18,11.76,7.57,17.83
ENTITY_VERIFY,核验机构平台与金融信息来源的真伪资质,2025搜索随机1w,2025search_rand,153,10,查询转账与账户业务可行性,14,9.15,5.53,14.77
ENTITY_VERIFY,核验机构平台与金融信息来源的真伪资质,2025搜索随机1w,2025search_rand,153,44,支付宝相关操作查询,9,5.88,3.13,10.8
ENTITY_VERIFY,核验机构平台与金融信息来源的真伪资质,2025搜索随机1w,2025search_rand,153,18,查询保险相关业务,8,5.23,2.67,9.98
ENTITY_VERIFY,核验机构平台与金融信息来源的真伪资质,2025搜索随机1w,2025search_rand,153,49,银行信息查询,8,5.23,2.67,9.98
ENTITY_VERIFY,核验机构平台与金融信息来源的真伪资质,2025搜索随机1w,2025search_rand,153,17,查询保险公司信息,7,4.58,2.23,9.14
ENTITY_VERIFY,核验机构平台与金融信息来源的真伪资质,2025搜索随机1w,2025search_rand,153,19,车险购买与理赔咨询,6,3.92,1.81,8.29
ENTITY_VERIFY,核验机构平台与金融信息来源的真伪资质,2025搜索随机1w,2025search_rand,153,13,花呗操作查询,6,3.92,1.81,8.29
ENTITY_VERIFY,核验机构平台与金融信息来源的真伪资质,2025搜索随机1w,2025search_rand,153,7,基金净值查询,4,2.61,1.02,6.53
ENTITY_VERIFY,核验机构平台与金融信息来源的真伪资质,2025搜索随机1w,2025search_rand,153,14,个人征信报告查询与影响咨询,4,2.61,1.02,6.53
ENTITY_VERIFY,核验机构平台与金融信息来源的真伪资质,2025搜索随机1w,2025search_rand,153,36,人民币及货币信息查询,3,1.96,0.67,5.61
ENTITY_VERIFY,核验机构平台与金融信息来源的真伪资质,2025搜索随机1w,2025search_rand,153,32,证券股票信息查询,3,1.96,0.67,5.61
ENTITY_VERIFY,核验机构平台与金融信息来源的真伪资质,2025搜索随机1w,2025search_rand,153,47,查询办理信用卡业务,3,1.96,0.67,5.61
ENTITY_VERIFY,核验机构平台与金融信息来源的真伪资质,2025搜索随机1w,2025search_rand,153,31,查询财经门户与市场行情,2,1.31,0.36,4.64
ENTITY_VERIFY,核验机构平台与金融信息来源的真伪资质,2025搜索随机1w,2025search_rand,153,48,银行卡业务查询与办理指导,2,1.31,0.36,4.64
ENTITY_VERIFY,核验机构平台与金融信息来源的真伪资质,2025搜索随机1w,2025search_rand,153,12,金融业务操作与问题处理方法查询,2,1.31,0.36,4.64
ENTITY_VERIFY,核验机构平台与金融信息来源的真伪资质,2025搜索随机1w,2025search_rand,153,52,下载安装金融类App,2,1.31,0.36,4.64
ENTITY_VERIFY,核验机构平台与金融信息来源的真伪资质,2025搜索随机1w,2025search_rand,153,43,支付方式使用与设置查询,1,0.65,0.12,3.61
ENTITY_VERIFY,核验机构平台与金融信息来源的真伪资质,2025搜索随机1w,2025search_rand,153,50,农业银行及农村信用社服务信息查询,1,0.65,0.12,3.61
ENTITY_VERIFY,核验机构平台与金融信息来源的真伪资质,2025搜索随机1w,2025search_rand,153,60,市场价格行情查询,1,0.65,0.12,3.61
ENTITY_VERIFY,核验机构平台与金融信息来源的真伪资质,2025搜索随机1w,2025search_rand,153,30,股票行情与选股建议查询,1,0.65,0.12,3.61
ENTITY_VERIFY,核验机构平台与金融信息来源的真伪资质,2025搜索随机1w,2025search_rand,153,67,贷款月供计算,1,0.65,0.12,3.61
ENTITY_VERIFY,核验机构平台与金融信息来源的真伪资质,2025搜索随机1w,2025search_rand,153,72,金融代码查询,1,0.65,0.12,3.61
ENTITY_VERIFY,核验机构平台与金融信息来源的真伪资质,2025搜索随机1w,2025search_rand,153,65,计算存贷款利息,1,0.65,0.12,3.61
ENTITY_VERIFY,核验机构平台与金融信息来源的真伪资质,2025搜索随机1w,2025search_rand,153,35,货币兑换金额换算查询,1,0.65,0.12,3.61
ENTITY_VERIFY,核验机构平台与金融信息来源的真伪资质,2025搜索随机1w,2025search_rand,153,70,查询定期存款利率,1,0.65,0.12,3.61
RATE_CALC,查询利率、费率、限额并试算利息/还款,2025搜索随机1w,2025search_rand,1012,65,计算存贷款利息,235,23.22,20.72,25.92
RATE_CALC,查询利率、费率、限额并试算利息/还款,2025搜索随机1w,2025search_rand,1012,68,利率查询与计算,118,11.66,9.83,13.78
RATE_CALC,查询利率、费率、限额并试算利息/还款,2025搜索随机1w,2025search_rand,1012,71,查询价格与金额,90,8.89,7.29,10.81
RATE_CALC,查询利率、费率、限额并试算利息/还款,2025搜索随机1w,2025search_rand,1012,67,贷款月供计算,77,7.61,6.13,9.41
RATE_CALC,查询利率、费率、限额并试算利息/还款,2025搜索随机1w,2025search_rand,1012,64,查询金融业务数值与代码,60,5.93,4.63,7.56
RATE_CALC,查询利率、费率、限额并试算利息/还款,2025搜索随机1w,2025search_rand,1012,10,查询转账与账户业务可行性,52,5.14,3.94,6.68
RATE_CALC,查询利率、费率、限额并试算利息/还款,2025搜索随机1w,2025search_rand,1012,8,查询贷款信息,50,4.94,3.77,6.45
RATE_CALC,查询利率、费率、限额并试算利息/还款,2025搜索随机1w,2025search_rand,1012,70,查询定期存款利率,46,4.55,3.42,6.01
RATE_CALC,查询利率、费率、限额并试算利息/还款,2025搜索随机1w,2025search_rand,1012,47,查询办理信用卡业务,38,3.75,2.75,5.11
RATE_CALC,查询利率、费率、限额并试算利息/还款,2025搜索随机1w,2025search_rand,1012,49,银行信息查询,31,3.06,2.17,4.32
RATE_CALC,查询利率、费率、限额并试算利息/还款,2025搜索随机1w,2025search_rand,1012,48,银行卡业务查询与办理指导,25,2.47,1.68,3.62
RATE_CALC,查询利率、费率、限额并试算利息/还款,2025搜索随机1w,2025search_rand,1012,9,贷款提前还款查询,24,2.37,1.6,3.5
RATE_CALC,查询利率、费率、限额并试算利息/还款,2025搜索随机1w,2025search_rand,1012,66,金融行情数据查询,20,1.98,1.28,3.03
RATE_CALC,查询利率、费率、限额并试算利息/还款,2025搜索随机1w,2025search_rand,1012,19,车险购买与理赔咨询,16,1.58,0.98,2.55
RATE_CALC,查询利率、费率、限额并试算利息/还款,2025搜索随机1w,2025search_rand,1012,54,建设银行网点与服务查询,15,1.48,0.9,2.43
RATE_CALC,查询利率、费率、限额并试算利息/还款,2025搜索随机1w,2025search_rand,1012,20,查询交强险保费、赔偿与投保规定,15,1.48,0.9,2.43
RATE_CALC,查询利率、费率、限额并试算利息/还款,2025搜索随机1w,2025search_rand,1012,18,查询保险相关业务,11,1.09,0.61,1.94
RATE_CALC,查询利率、费率、限额并试算利息/还款,2025搜索随机1w,2025search_rand,1012,44,支付宝相关操作查询,11,1.09,0.61,1.94
RATE_CALC,查询利率、费率、限额并试算利息/还款,2025搜索随机1w,2025search_rand,1012,50,农业银行及农村信用社服务信息查询,10,0.99,0.54,1.81
RATE_CALC,查询利率、费率、限额并试算利息/还款,2025搜索随机1w,2025search_rand,1012,13,花呗操作查询,9,0.89,0.47,1.68
RATE_CALC,查询利率、费率、限额并试算利息/还款,2025搜索随机1w,2025search_rand,1012,16,查询人寿保险相关业务信息,9,0.89,0.47,1.68
RATE_CALC,查询利率、费率、限额并试算利息/还款,2025搜索随机1w,2025search_rand,1012,12,金融业务操作与问题处理方法查询,7,0.69,0.34,1.42
RATE_CALC,查询利率、费率、限额并试算利息/还款,2025搜索随机1w,2025search_rand,1012,17,查询保险公司信息,5,0.49,0.21,1.15
RATE_CALC,查询利率、费率、限额并试算利息/还款,2025搜索随机1w,2025search_rand,1012,31,查询财经门户与市场行情,4,0.4,0.15,1.01
RATE_CALC,查询利率、费率、限额并试算利息/还款,2025搜索随机1w,2025search_rand,1012,30,股票行情与选股建议查询,3,0.3,0.1,0.87
RATE_CALC,查询利率、费率、限额并试算利息/还款,2025搜索随机1w,2025search_rand,1012,6,查询股票代码与指数信息,3,0.3,0.1,0.87
RATE_CALC,查询利率、费率、限额并试算利息/还款,2025搜索随机1w,2025search_rand,1012,53,中国银行服务信息查询,3,0.3,0.1,0.87
RATE_CALC,查询利率、费率、限额并试算利息/还款,2025搜索随机1w,2025search_rand,1012,14,个人征信报告查询与影响咨询,3,0.3,0.1,0.87
RATE_CALC,查询利率、费率、限额并试算利息/还款,2025搜索随机1w,2025search_rand,1012,43,支付方式使用与设置查询,3,0.3,0.1,0.87
RATE_CALC,查询利率、费率、限额并试算利息/还款,2025搜索随机1w,2025search_rand,1012,1,查询300开头股票代码与行情,2,0.2,0.05,0.72
RATE_CALC,查询利率、费率、限额并试算利息/还款,2025搜索随机1w,2025search_rand,1012,32,证券股票信息查询,2,0.2,0.05,0.72
RATE_CALC,查询利率、费率、限额并试算利息/还款,2025搜索随机1w,2025search_rand,1012,21,保险公司电话查询,2,0.2,0.05,0.72
RATE_CALC,查询利率、费率、限额并试算利息/还款,2025搜索随机1w,2025search_rand,1012,22,查询科技股与科创板信息,2,0.2,0.05,0.72
RATE_CALC,查询利率、费率、限额并试算利息/还款,2025搜索随机1w,2025search_rand,1012,34,查询美元兑日元汇率,2,0.2,0.05,0.72
RATE_CALC,查询利率、费率、限额并试算利息/还款,2025搜索随机1w,2025search_rand,1012,72,金融代码查询,2,0.2,0.05,0.72
RATE_CALC,查询利率、费率、限额并试算利息/还款,2025搜索随机1w,2025search_rand,1012,11,查询金融术语含义,1,0.1,0.02,0.56
RATE_CALC,查询利率、费率、限额并试算利息/还款,2025搜索随机1w,2025search_rand,1012,28,股指行情查询,1,0.1,0.02,0.56
RATE_CALC,查询利率、费率、限额并试算利息/还款,2025搜索随机1w,2025search_rand,1012,58,查询黄金价格,1,0.1,0.02,0.56
RATE_CALC,查询利率、费率、限额并试算利息/还款,2025搜索随机1w,2025search_rand,1012,15,查询借款平台正规性,1,0.1,0.02,0.56
RATE_CALC,查询利率、费率、限额并试算利息/还款,2025搜索随机1w,2025search_rand,1012,7,基金净值查询,1,0.1,0.02,0.56
RATE_CALC,查询利率、费率、限额并试算利息/还款,2025搜索随机1w,2025search_rand,1012,45,查询股份公司及股票信息,1,0.1,0.02,0.56
RATE_CALC,查询利率、费率、限额并试算利息/还款,2025搜索随机1w,2025search_rand,1012,35,货币兑换金额换算查询,1,0.1,0.02,0.56
STATUS_DECODE,解读粘贴的提示与界面状态,2025搜索随机1w,2025search_rand,24,11,查询金融术语含义,9,37.5,21.16,57.29
STATUS_DECODE,解读粘贴的提示与界面状态,2025搜索随机1w,2025search_rand,24,48,银行卡业务查询与办理指导,3,12.5,4.34,31.0
STATUS_DECODE,解读粘贴的提示与界面状态,2025搜索随机1w,2025search_rand,24,14,个人征信报告查询与影响咨询,2,8.33,2.32,25.85
STATUS_DECODE,解读粘贴的提示与界面状态,2025搜索随机1w,2025search_rand,24,49,银行信息查询,2,8.33,2.32,25.85
STATUS_DECODE,解读粘贴的提示与界面状态,2025搜索随机1w,2025search_rand,24,8,查询贷款信息,1,4.17,0.74,20.24
STATUS_DECODE,解读粘贴的提示与界面状态,2025搜索随机1w,2025search_rand,24,54,建设银行网点与服务查询,1,4.17,0.74,20.24
STATUS_DECODE,解读粘贴的提示与界面状态,2025搜索随机1w,2025search_rand,24,66,金融行情数据查询,1,4.17,0.74,20.24
STATUS_DECODE,解读粘贴的提示与界面状态,2025搜索随机1w,2025search_rand,24,44,支付宝相关操作查询,1,4.17,0.74,20.24
STATUS_DECODE,解读粘贴的提示与界面状态,2025搜索随机1w,2025search_rand,24,50,农业银行及农村信用社服务信息查询,1,4.17,0.74,20.24
STATUS_DECODE,解读粘贴的提示与界面状态,2025搜索随机1w,2025search_rand,24,0,股票代码查询,1,4.17,0.74,20.24
STATUS_DECODE,解读粘贴的提示与界面状态,2025搜索随机1w,2025search_rand,24,13,花呗操作查询,1,4.17,0.74,20.24
STATUS_DECODE,解读粘贴的提示与界面状态,2025搜索随机1w,2025search_rand,24,18,查询保险相关业务,1,4.17,0.74,20.24
TXN_ISSUE,排查账户与交易异常,2025搜索随机1w,2025search_rand,518,48,银行卡业务查询与办理指导,86,16.6,13.65,20.05
TXN_ISSUE,排查账户与交易异常,2025搜索随机1w,2025search_rand,518,12,金融业务操作与问题处理方法查询,84,16.22,13.29,19.64
TXN_ISSUE,排查账户与交易异常,2025搜索随机1w,2025search_rand,518,10,查询转账与账户业务可行性,81,15.64,12.76,19.02
TXN_ISSUE,排查账户与交易异常,2025搜索随机1w,2025search_rand,518,44,支付宝相关操作查询,37,7.14,5.23,9.69
TXN_ISSUE,排查账户与交易异常,2025搜索随机1w,2025search_rand,518,47,查询办理信用卡业务,35,6.76,4.9,9.25
TXN_ISSUE,排查账户与交易异常,2025搜索随机1w,2025search_rand,518,8,查询贷款信息,31,5.98,4.25,8.37
TXN_ISSUE,排查账户与交易异常,2025搜索随机1w,2025search_rand,518,13,花呗操作查询,25,4.83,3.29,7.03
TXN_ISSUE,排查账户与交易异常,2025搜索随机1w,2025search_rand,518,43,支付方式使用与设置查询,25,4.83,3.29,7.03
TXN_ISSUE,排查账户与交易异常,2025搜索随机1w,2025search_rand,518,49,银行信息查询,24,4.63,3.13,6.8
TXN_ISSUE,排查账户与交易异常,2025搜索随机1w,2025search_rand,518,9,贷款提前还款查询,22,4.25,2.82,6.35
TXN_ISSUE,排查账户与交易异常,2025搜索随机1w,2025search_rand,518,50,农业银行及农村信用社服务信息查询,12,2.32,1.33,4.01
TXN_ISSUE,排查账户与交易异常,2025搜索随机1w,2025search_rand,518,53,中国银行服务信息查询,8,1.54,0.78,3.02
TXN_ISSUE,排查账户与交易异常,2025搜索随机1w,2025search_rand,518,19,车险购买与理赔咨询,5,0.97,0.41,2.24
TXN_ISSUE,排查账户与交易异常,2025搜索随机1w,2025search_rand,518,18,查询保险相关业务,5,0.97,0.41,2.24
TXN_ISSUE,排查账户与交易异常,2025搜索随机1w,2025search_rand,518,52,下载安装金融类App,5,0.97,0.41,2.24
TXN_ISSUE,排查账户与交易异常,2025搜索随机1w,2025search_rand,518,14,个人征信报告查询与影响咨询,4,0.77,0.3,1.97
TXN_ISSUE,排查账户与交易异常,2025搜索随机1w,2025search_rand,518,11,查询金融术语含义,3,0.58,0.2,1.69
TXN_ISSUE,排查账户与交易异常,2025搜索随机1w,2025search_rand,518,54,建设银行网点与服务查询,3,0.58,0.2,1.69
TXN_ISSUE,排查账户与交易异常,2025搜索随机1w,2025search_rand,518,70,查询定期存款利率,3,0.58,0.2,1.69
TXN_ISSUE,排查账户与交易异常,2025搜索随机1w,2025search_rand,518,67,贷款月供计算,3,0.58,0.2,1.69
TXN_ISSUE,排查账户与交易异常,2025搜索随机1w,2025search_rand,518,66,金融行情数据查询,2,0.39,0.11,1.4
TXN_ISSUE,排查账户与交易异常,2025搜索随机1w,2025search_rand,518,17,查询保险公司信息,2,0.39,0.11,1.4
TXN_ISSUE,排查账户与交易异常,2025搜索随机1w,2025search_rand,518,32,证券股票信息查询,2,0.39,0.11,1.4
TXN_ISSUE,排查账户与交易异常,2025搜索随机1w,2025search_rand,518,72,金融代码查询,2,0.39,0.11,1.4
TXN_ISSUE,排查账户与交易异常,2025搜索随机1w,2025search_rand,518,16,查询人寿保险相关业务信息,1,0.19,0.03,1.09
TXN_ISSUE,排查账户与交易异常,2025搜索随机1w,2025search_rand,518,15,查询借款平台正规性,1,0.19,0.03,1.09
TXN_ISSUE,排查账户与交易异常,2025搜索随机1w,2025search_rand,518,55,银行客服电话查询,1,0.19,0.03,1.09
TXN_ISSUE,排查账户与交易异常,2025搜索随机1w,2025search_rand,518,30,股票行情与选股建议查询,1,0.19,0.03,1.09
TXN_ISSUE,排查账户与交易异常,2025搜索随机1w,2025search_rand,518,36,人民币及货币信息查询,1,0.19,0.03,1.09
TXN_ISSUE,排查账户与交易异常,2025搜索随机1w,2025search_rand,518,6,查询股票代码与指数信息,1,0.19,0.03,1.09
TXN_ISSUE,排查账户与交易异常,2025搜索随机1w,2025search_rand,518,25,查询股票信息,1,0.19,0.03,1.09
TXN_ISSUE,排查账户与交易异常,2025搜索随机1w,2025search_rand,518,35,货币兑换金额换算查询,1,0.19,0.03,1.09
TXN_ISSUE,排查账户与交易异常,2025搜索随机1w,2025search_rand,518,65,计算存贷款利息,1,0.19,0.03,1.09
CONTACT_BRANCH_LOOKUP,查询机构联系方式、网点信息及号码归属,2025搜索随机1w,2025search_rand,1103,49,银行信息查询,431,39.08,36.24,41.99
CONTACT_BRANCH_LOOKUP,查询机构联系方式、网点信息及号码归属,2025搜索随机1w,2025search_rand,1103,50,农业银行及农村信用社服务信息查询,165,14.96,12.98,17.19
CONTACT_BRANCH_LOOKUP,查询机构联系方式、网点信息及号码归属,2025搜索随机1w,2025search_rand,1103,55,银行客服电话查询,103,9.34,7.76,11.2
CONTACT_BRANCH_LOOKUP,查询机构联系方式、网点信息及号码归属,2025搜索随机1w,2025search_rand,1103,54,建设银行网点与服务查询,89,8.07,6.6,9.83
CONTACT_BRANCH_LOOKUP,查询机构联系方式、网点信息及号码归属,2025搜索随机1w,2025search_rand,1103,53,中国银行服务信息查询,65,5.89,4.65,7.44
CONTACT_BRANCH_LOOKUP,查询机构联系方式、网点信息及号码归属,2025搜索随机1w,2025search_rand,1103,21,保险公司电话查询,41,3.72,2.75,5.0
CONTACT_BRANCH_LOOKUP,查询机构联系方式、网点信息及号码归属,2025搜索随机1w,2025search_rand,1103,17,查询保险公司信息,34,3.08,2.21,4.28
CONTACT_BRANCH_LOOKUP,查询机构联系方式、网点信息及号码归属,2025搜索随机1w,2025search_rand,1103,72,金融代码查询,33,2.99,2.14,4.17
CONTACT_BRANCH_LOOKUP,查询机构联系方式、网点信息及号码归属,2025搜索随机1w,2025search_rand,1103,3,查询电话号码归属,32,2.9,2.06,4.07
CONTACT_BRANCH_LOOKUP,查询机构联系方式、网点信息及号码归属,2025搜索随机1w,2025search_rand,1103,16,查询人寿保险相关业务信息,19,1.72,1.11,2.67
CONTACT_BRANCH_LOOKUP,查询机构联系方式、网点信息及号码归属,2025搜索随机1w,2025search_rand,1103,47,查询办理信用卡业务,15,1.36,0.83,2.23
CONTACT_BRANCH_LOOKUP,查询机构联系方式、网点信息及号码归属,2025搜索随机1w,2025search_rand,1103,64,查询金融业务数值与代码,12,1.09,0.62,1.89
CONTACT_BRANCH_LOOKUP,查询机构联系方式、网点信息及号码归属,2025搜索随机1w,2025search_rand,1103,48,银行卡业务查询与办理指导,11,1.0,0.56,1.78
CONTACT_BRANCH_LOOKUP,查询机构联系方式、网点信息及号码归属,2025搜索随机1w,2025search_rand,1103,14,个人征信报告查询与影响咨询,6,0.54,0.25,1.18
CONTACT_BRANCH_LOOKUP,查询机构联系方式、网点信息及号码归属,2025搜索随机1w,2025search_rand,1103,18,查询保险相关业务,6,0.54,0.25,1.18
CONTACT_BRANCH_LOOKUP,查询机构联系方式、网点信息及号码归属,2025搜索随机1w,2025search_rand,1103,19,车险购买与理赔咨询,4,0.36,0.14,0.93
CONTACT_BRANCH_LOOKUP,查询机构联系方式、网点信息及号码归属,2025搜索随机1w,2025search_rand,1103,15,查询借款平台正规性,4,0.36,0.14,0.93
CONTACT_BRANCH_LOOKUP,查询机构联系方式、网点信息及号码归属,2025搜索随机1w,2025search_rand,1103,66,金融行情数据查询,3,0.27,0.09,0.8
CONTACT_BRANCH_LOOKUP,查询机构联系方式、网点信息及号码归属,2025搜索随机1w,2025search_rand,1103,30,股票行情与选股建议查询,3,0.27,0.09,0.8
CONTACT_BRANCH_LOOKUP,查询机构联系方式、网点信息及号码归属,2025搜索随机1w,2025search_rand,1103,32,证券股票信息查询,3,0.27,0.09,0.8
CONTACT_BRANCH_LOOKUP,查询机构联系方式、网点信息及号码归属,2025搜索随机1w,2025search_rand,1103,71,查询价格与金额,2,0.18,0.05,0.66
CONTACT_BRANCH_LOOKUP,查询机构联系方式、网点信息及号码归属,2025搜索随机1w,2025search_rand,1103,10,查询转账与账户业务可行性,2,0.18,0.05,0.66
CONTACT_BRANCH_LOOKUP,查询机构联系方式、网点信息及号码归属,2025搜索随机1w,2025search_rand,1103,1,查询300开头股票代码与行情,2,0.18,0.05,0.66
CONTACT_BRANCH_LOOKUP,查询机构联系方式、网点信息及号码归属,2025搜索随机1w,2025search_rand,1103,44,支付宝相关操作查询,2,0.18,0.05,0.66
CONTACT_BRANCH_LOOKUP,查询机构联系方式、网点信息及号码归属,2025搜索随机1w,2025search_rand,1103,8,查询贷款信息,2,0.18,0.05,0.66
CONTACT_BRANCH_LOOKUP,查询机构联系方式、网点信息及号码归属,2025搜索随机1w,2025search_rand,1103,52,下载安装金融类App,2,0.18,0.05,0.66
CONTACT_BRANCH_LOOKUP,查询机构联系方式、网点信息及号码归属,2025搜索随机1w,2025search_rand,1103,20,查询交强险保费、赔偿与投保规定,2,0.18,0.05,0.66
CONTACT_BRANCH_LOOKUP,查询机构联系方式、网点信息及号码归属,2025搜索随机1w,2025search_rand,1103,9,贷款提前还款查询,1,0.09,0.02,0.51
CONTACT_BRANCH_LOOKUP,查询机构联系方式、网点信息及号码归属,2025搜索随机1w,2025search_rand,1103,43,支付方式使用与设置查询,1,0.09,0.02,0.51
CONTACT_BRANCH_LOOKUP,查询机构联系方式、网点信息及号码归属,2025搜索随机1w,2025search_rand,1103,13,花呗操作查询,1,0.09,0.02,0.51
CONTACT_BRANCH_LOOKUP,查询机构联系方式、网点信息及号码归属,2025搜索随机1w,2025search_rand,1103,22,查询科技股与科创板信息,1,0.09,0.02,0.51
CONTACT_BRANCH_LOOKUP,查询机构联系方式、网点信息及号码归属,2025搜索随机1w,2025search_rand,1103,58,查询黄金价格,1,0.09,0.02,0.51
CONTACT_BRANCH_LOOKUP,查询机构联系方式、网点信息及号码归属,2025搜索随机1w,2025search_rand,1103,2,证券代码信息查询,1,0.09,0.02,0.51
CONTACT_BRANCH_LOOKUP,查询机构联系方式、网点信息及号码归属,2025搜索随机1w,2025search_rand,1103,33,查询人民币兑外币汇率,1,0.09,0.02,0.51
CONTACT_BRANCH_LOOKUP,查询机构联系方式、网点信息及号码归属,2025搜索随机1w,2025search_rand,1103,7,基金净值查询,1,0.09,0.02,0.51
CONTACT_BRANCH_LOOKUP,查询机构联系方式、网点信息及号码归属,2025搜索随机1w,2025search_rand,1103,6,查询股票代码与指数信息,1,0.09,0.02,0.51
CONTACT_BRANCH_LOOKUP,查询机构联系方式、网点信息及号码归属,2025搜索随机1w,2025search_rand,1103,11,查询金融术语含义,1,0.09,0.02,0.51
PAGE_NAV,打开目标页面或获取官方应用入口,2025搜索随机1w,2025search_rand,338,52,下载安装金融类App,85,25.15,20.82,30.04
PAGE_NAV,打开目标页面或获取官方应用入口,2025搜索随机1w,2025search_rand,338,24,证券股吧查询,63,18.64,14.85,23.13
PAGE_NAV,打开目标页面或获取官方应用入口,2025搜索随机1w,2025search_rand,338,31,查询财经门户与市场行情,34,10.06,7.29,13.73
PAGE_NAV,打开目标页面或获取官方应用入口,2025搜索随机1w,2025search_rand,338,0,股票代码查询,19,5.62,3.63,8.61
PAGE_NAV,打开目标页面或获取官方应用入口,2025搜索随机1w,2025search_rand,338,46,查询股份股票及股吧信息,15,4.44,2.71,7.19
PAGE_NAV,打开目标页面或获取官方应用入口,2025搜索随机1w,2025search_rand,338,49,银行信息查询,13,3.85,2.26,6.47
PAGE_NAV,打开目标页面或获取官方应用入口,2025搜索随机1w,2025search_rand,338,72,金融代码查询,11,3.25,1.83,5.73
PAGE_NAV,打开目标页面或获取官方应用入口,2025搜索随机1w,2025search_rand,338,15,查询借款平台正规性,7,2.07,1.01,4.21
PAGE_NAV,打开目标页面或获取官方应用入口,2025搜索随机1w,2025search_rand,338,1,查询300开头股票代码与行情,7,2.07,1.01,4.21
PAGE_NAV,打开目标页面或获取官方应用入口,2025搜索随机1w,2025search_rand,338,14,个人征信报告查询与影响咨询,6,1.78,0.82,3.82
PAGE_NAV,打开目标页面或获取官方应用入口,2025搜索随机1w,2025search_rand,338,8,查询贷款信息,5,1.48,0.63,3.42
PAGE_NAV,打开目标页面或获取官方应用入口,2025搜索随机1w,2025search_rand,338,2,证券代码信息查询,5,1.48,0.63,3.42
PAGE_NAV,打开目标页面或获取官方应用入口,2025搜索随机1w,2025search_rand,338,18,查询保险相关业务,5,1.48,0.63,3.42
PAGE_NAV,打开目标页面或获取官方应用入口,2025搜索随机1w,2025search_rand,338,32,证券股票信息查询,5,1.48,0.63,3.42
PAGE_NAV,打开目标页面或获取官方应用入口,2025搜索随机1w,2025search_rand,338,16,查询人寿保险相关业务信息,5,1.48,0.63,3.42
PAGE_NAV,打开目标页面或获取官方应用入口,2025搜索随机1w,2025search_rand,338,7,基金净值查询,4,1.18,0.46,3.0
PAGE_NAV,打开目标页面或获取官方应用入口,2025搜索随机1w,2025search_rand,338,12,金融业务操作与问题处理方法查询,4,1.18,0.46,3.0
PAGE_NAV,打开目标页面或获取官方应用入口,2025搜索随机1w,2025search_rand,338,44,支付宝相关操作查询,4,1.18,0.46,3.0
PAGE_NAV,打开目标页面或获取官方应用入口,2025搜索随机1w,2025search_rand,338,25,查询股票信息,4,1.18,0.46,3.0
PAGE_NAV,打开目标页面或获取官方应用入口,2025搜索随机1w,2025search_rand,338,50,农业银行及农村信用社服务信息查询,3,0.89,0.3,2.58
PAGE_NAV,打开目标页面或获取官方应用入口,2025搜索随机1w,2025search_rand,338,53,中国银行服务信息查询,3,0.89,0.3,2.58
PAGE_NAV,打开目标页面或获取官方应用入口,2025搜索随机1w,2025search_rand,338,22,查询科技股与科创板信息,3,0.89,0.3,2.58
PAGE_NAV,打开目标页面或获取官方应用入口,2025搜索随机1w,2025search_rand,338,26,查询个股股票行情与股吧讨论,3,0.89,0.3,2.58
PAGE_NAV,打开目标页面或获取官方应用入口,2025搜索随机1w,2025search_rand,338,21,保险公司电话查询,3,0.89,0.3,2.58
PAGE_NAV,打开目标页面或获取官方应用入口,2025搜索随机1w,2025search_rand,338,17,查询保险公司信息,3,0.89,0.3,2.58
PAGE_NAV,打开目标页面或获取官方应用入口,2025搜索随机1w,2025search_rand,338,66,金融行情数据查询,3,0.89,0.3,2.58
PAGE_NAV,打开目标页面或获取官方应用入口,2025搜索随机1w,2025search_rand,338,45,查询股份公司及股票信息,2,0.59,0.16,2.13
PAGE_NAV,打开目标页面或获取官方应用入口,2025搜索随机1w,2025search_rand,338,47,查询办理信用卡业务,2,0.59,0.16,2.13
PAGE_NAV,打开目标页面或获取官方应用入口,2025搜索随机1w,2025search_rand,338,36,人民币及货币信息查询,2,0.59,0.16,2.13
PAGE_NAV,打开目标页面或获取官方应用入口,2025搜索随机1w,2025search_rand,338,73,证券代码信息查询,2,0.59,0.16,2.13
PAGE_NAV,打开目标页面或获取官方应用入口,2025搜索随机1w,2025search_rand,338,30,股票行情与选股建议查询,1,0.3,0.05,1.66
PAGE_NAV,打开目标页面或获取官方应用入口,2025搜索随机1w,2025search_rand,338,27,查询市场行情,1,0.3,0.05,1.66
PAGE_NAV,打开目标页面或获取官方应用入口,2025搜索随机1w,2025search_rand,338,28,股指行情查询,1,0.3,0.05,1.66
PAGE_NAV,打开目标页面或获取官方应用入口,2025搜索随机1w,2025search_rand,338,10,查询转账与账户业务可行性,1,0.3,0.05,1.66
PAGE_NAV,打开目标页面或获取官方应用入口,2025搜索随机1w,2025search_rand,338,6,查询股票代码与指数信息,1,0.3,0.05,1.66
PAGE_NAV,打开目标页面或获取官方应用入口,2025搜索随机1w,2025search_rand,338,33,查询人民币兑外币汇率,1,0.3,0.05,1.66
PAGE_NAV,打开目标页面或获取官方应用入口,2025搜索随机1w,2025search_rand,338,48,银行卡业务查询与办理指导,1,0.3,0.05,1.66
PAGE_NAV,打开目标页面或获取官方应用入口,2025搜索随机1w,2025search_rand,338,58,查询黄金价格,1,0.3,0.05,1.66
ENTITY_IDENTITY_CHECK,确认或反查标的代码与名称对应,2025搜索随机1w,2025search_rand,78,30,股票行情与选股建议查询,15,19.23,12.02,29.34
ENTITY_IDENTITY_CHECK,确认或反查标的代码与名称对应,2025搜索随机1w,2025search_rand,78,25,查询股票信息,14,17.95,11.0,27.9
ENTITY_IDENTITY_CHECK,确认或反查标的代码与名称对应,2025搜索随机1w,2025search_rand,78,32,证券股票信息查询,7,8.97,4.42,17.38
ENTITY_IDENTITY_CHECK,确认或反查标的代码与名称对应,2025搜索随机1w,2025search_rand,78,31,查询财经门户与市场行情,6,7.69,3.57,15.78
ENTITY_IDENTITY_CHECK,确认或反查标的代码与名称对应,2025搜索随机1w,2025search_rand,78,0,股票代码查询,5,6.41,2.77,14.14
ENTITY_IDENTITY_CHECK,确认或反查标的代码与名称对应,2025搜索随机1w,2025search_rand,78,72,金融代码查询,4,5.13,2.01,12.46
ENTITY_IDENTITY_CHECK,确认或反查标的代码与名称对应,2025搜索随机1w,2025search_rand,78,17,查询保险公司信息,4,5.13,2.01,12.46
ENTITY_IDENTITY_CHECK,确认或反查标的代码与名称对应,2025搜索随机1w,2025search_rand,78,23,科技类股票信息查询,4,5.13,2.01,12.46
ENTITY_IDENTITY_CHECK,确认或反查标的代码与名称对应,2025搜索随机1w,2025search_rand,78,45,查询股份公司及股票信息,4,5.13,2.01,12.46
ENTITY_IDENTITY_CHECK,确认或反查标的代码与名称对应,2025搜索随机1w,2025search_rand,78,64,查询金融业务数值与代码,3,3.85,1.32,10.71
ENTITY_IDENTITY_CHECK,确认或反查标的代码与名称对应,2025搜索随机1w,2025search_rand,78,11,查询金融术语含义,3,3.85,1.32,10.71
ENTITY_IDENTITY_CHECK,确认或反查标的代码与名称对应,2025搜索随机1w,2025search_rand,78,49,银行信息查询,2,2.56,0.71,8.88
ENTITY_IDENTITY_CHECK,确认或反查标的代码与名称对应,2025搜索随机1w,2025search_rand,78,7,基金净值查询,2,2.56,0.71,8.88
ENTITY_IDENTITY_CHECK,确认或反查标的代码与名称对应,2025搜索随机1w,2025search_rand,78,22,查询科技股与科创板信息,2,2.56,0.71,8.88
ENTITY_IDENTITY_CHECK,确认或反查标的代码与名称对应,2025搜索随机1w,2025search_rand,78,50,农业银行及农村信用社服务信息查询,1,1.28,0.23,6.91
ENTITY_IDENTITY_CHECK,确认或反查标的代码与名称对应,2025搜索随机1w,2025search_rand,78,6,查询股票代码与指数信息,1,1.28,0.23,6.91
ENTITY_IDENTITY_CHECK,确认或反查标的代码与名称对应,2025搜索随机1w,2025search_rand,78,73,证券代码信息查询,1,1.28,0.23,6.91
OTHER_INTENT,其他非金融意图或无明确意图,2025搜索随机1w,2025search_rand,616,18,查询保险相关业务,61,9.9,7.79,12.52
OTHER_INTENT,其他非金融意图或无明确意图,2025搜索随机1w,2025search_rand,616,71,查询价格与金额,46,7.47,5.64,9.82
OTHER_INTENT,其他非金融意图或无明确意图,2025搜索随机1w,2025search_rand,616,19,车险购买与理赔咨询,41,6.66,4.94,8.91
OTHER_INTENT,其他非金融意图或无明确意图,2025搜索随机1w,2025search_rand,616,31,查询财经门户与市场行情,40,6.49,4.8,8.72
OTHER_INTENT,其他非金融意图或无明确意图,2025搜索随机1w,2025search_rand,616,17,查询保险公司信息,38,6.17,4.53,8.35
OTHER_INTENT,其他非金融意图或无明确意图,2025搜索随机1w,2025search_rand,616,10,查询转账与账户业务可行性,32,5.19,3.7,7.24
OTHER_INTENT,其他非金融意图或无明确意图,2025搜索随机1w,2025search_rand,616,36,人民币及货币信息查询,30,4.87,3.43,6.87
OTHER_INTENT,其他非金融意图或无明确意图,2025搜索随机1w,2025search_rand,616,44,支付宝相关操作查询,28,4.55,3.16,6.49
OTHER_INTENT,其他非金融意图或无明确意图,2025搜索随机1w,2025search_rand,616,30,股票行情与选股建议查询,27,4.38,3.03,6.3
OTHER_INTENT,其他非金融意图或无明确意图,2025搜索随机1w,2025search_rand,616,29,蚂蚁庄园今日答案查询,23,3.73,2.5,5.54
OTHER_INTENT,其他非金融意图或无明确意图,2025搜索随机1w,2025search_rand,616,49,银行信息查询,21,3.41,2.24,5.16
OTHER_INTENT,其他非金融意图或无明确意图,2025搜索随机1w,2025search_rand,616,48,银行卡业务查询与办理指导,19,3.08,1.98,4.77
OTHER_INTENT,其他非金融意图或无明确意图,2025搜索随机1w,2025search_rand,616,12,金融业务操作与问题处理方法查询,19,3.08,1.98,4.77
OTHER_INTENT,其他非金融意图或无明确意图,2025搜索随机1w,2025search_rand,616,72,金融代码查询,15,2.44,1.48,3.98
OTHER_INTENT,其他非金融意图或无明确意图,2025搜索随机1w,2025search_rand,616,11,查询金融术语含义,13,2.11,1.24,3.58
OTHER_INTENT,其他非金融意图或无明确意图,2025搜索随机1w,2025search_rand,616,8,查询贷款信息,10,1.62,0.88,2.96
OTHER_INTENT,其他非金融意图或无明确意图,2025搜索随机1w,2025search_rand,616,52,下载安装金融类App,10,1.62,0.88,2.96
OTHER_INTENT,其他非金融意图或无明确意图,2025搜索随机1w,2025search_rand,616,13,花呗操作查询,9,1.46,0.77,2.75
OTHER_INTENT,其他非金融意图或无明确意图,2025搜索随机1w,2025search_rand,616,50,农业银行及农村信用社服务信息查询,8,1.3,0.66,2.54
OTHER_INTENT,其他非金融意图或无明确意图,2025搜索随机1w,2025search_rand,616,60,市场价格行情查询,8,1.3,0.66,2.54
OTHER_INTENT,其他非金融意图或无明确意图,2025搜索随机1w,2025search_rand,616,43,支付方式使用与设置查询,7,1.14,0.55,2.33
OTHER_INTENT,其他非金融意图或无明确意图,2025搜索随机1w,2025search_rand,616,53,中国银行服务信息查询,7,1.14,0.55,2.33
OTHER_INTENT,其他非金融意图或无明确意图,2025搜索随机1w,2025search_rand,616,66,金融行情数据查询,7,1.14,0.55,2.33
OTHER_INTENT,其他非金融意图或无明确意图,2025搜索随机1w,2025search_rand,616,15,查询借款平台正规性,7,1.14,0.55,2.33
OTHER_INTENT,其他非金融意图或无明确意图,2025搜索随机1w,2025search_rand,616,25,查询股票信息,6,0.97,0.45,2.11
OTHER_INTENT,其他非金融意图或无明确意图,2025搜索随机1w,2025search_rand,616,16,查询人寿保险相关业务信息,6,0.97,0.45,2.11
OTHER_INTENT,其他非金融意图或无明确意图,2025搜索随机1w,2025search_rand,616,32,证券股票信息查询,6,0.97,0.45,2.11
OTHER_INTENT,其他非金融意图或无明确意图,2025搜索随机1w,2025search_rand,616,27,查询市场行情,6,0.97,0.45,2.11
OTHER_INTENT,其他非金融意图或无明确意图,2025搜索随机1w,2025search_rand,616,21,保险公司电话查询,5,0.81,0.35,1.89
OTHER_INTENT,其他非金融意图或无明确意图,2025搜索随机1w,2025search_rand,616,9,贷款提前还款查询,5,0.81,0.35,1.89
OTHER_INTENT,其他非金融意图或无明确意图,2025搜索随机1w,2025search_rand,616,70,查询定期存款利率,5,0.81,0.35,1.89
OTHER_INTENT,其他非金融意图或无明确意图,2025搜索随机1w,2025search_rand,616,1,查询300开头股票代码与行情,5,0.81,0.35,1.89
OTHER_INTENT,其他非金融意图或无明确意图,2025搜索随机1w,2025search_rand,616,35,货币兑换金额换算查询,5,0.81,0.35,1.89
OTHER_INTENT,其他非金融意图或无明确意图,2025搜索随机1w,2025search_rand,616,6,查询股票代码与指数信息,5,0.81,0.35,1.89
OTHER_INTENT,其他非金融意图或无明确意图,2025搜索随机1w,2025search_rand,616,7,基金净值查询,4,0.65,0.25,1.66
OTHER_INTENT,其他非金融意图或无明确意图,2025搜索随机1w,2025search_rand,616,28,股指行情查询,3,0.49,0.17,1.42
OTHER_INTENT,其他非金融意图或无明确意图,2025搜索随机1w,2025search_rand,616,47,查询办理信用卡业务,3,0.49,0.17,1.42
OTHER_INTENT,其他非金融意图或无明确意图,2025搜索随机1w,2025search_rand,616,22,查询科技股与科创板信息,3,0.49,0.17,1.42
OTHER_INTENT,其他非金融意图或无明确意图,2025搜索随机1w,2025search_rand,616,45,查询股份公司及股票信息,3,0.49,0.17,1.42
OTHER_INTENT,其他非金融意图或无明确意图,2025搜索随机1w,2025search_rand,616,54,建设银行网点与服务查询,3,0.49,0.17,1.42
OTHER_INTENT,其他非金融意图或无明确意图,2025搜索随机1w,2025search_rand,616,20,查询交强险保费、赔偿与投保规定,2,0.32,0.09,1.18
OTHER_INTENT,其他非金融意图或无明确意图,2025搜索随机1w,2025search_rand,616,64,查询金融业务数值与代码,2,0.32,0.09,1.18
OTHER_INTENT,其他非金融意图或无明确意图,2025搜索随机1w,2025search_rand,616,63,查询价格走势图,2,0.32,0.09,1.18
OTHER_INTENT,其他非金融意图或无明确意图,2025搜索随机1w,2025search_rand,616,2,证券代码信息查询,2,0.32,0.09,1.18
OTHER_INTENT,其他非金融意图或无明确意图,2025搜索随机1w,2025search_rand,616,67,贷款月供计算,2,0.32,0.09,1.18
OTHER_INTENT,其他非金融意图或无明确意图,2025搜索随机1w,2025search_rand,616,24,证券股吧查询,1,0.16,0.03,0.91
OTHER_INTENT,其他非金融意图或无明确意图,2025搜索随机1w,2025search_rand,616,55,银行客服电话查询,1,0.16,0.03,0.91
OTHER_INTENT,其他非金融意图或无明确意图,2025搜索随机1w,2025search_rand,616,14,个人征信报告查询与影响咨询,1,0.16,0.03,0.91
OTHER_INTENT,其他非金融意图或无明确意图,2025搜索随机1w,2025search_rand,616,0,股票代码查询,1,0.16,0.03,0.91
OTHER_INTENT,其他非金融意图或无明确意图,2025搜索随机1w,2025search_rand,616,58,查询黄金价格,1,0.16,0.03,0.91
OTHER_INTENT,其他非金融意图或无明确意图,2025搜索随机1w,2025search_rand,616,33,查询人民币兑外币汇率,1,0.16,0.03,0.91
OTHER_INTENT,其他非金融意图或无明确意图,2025搜索随机1w,2025search_rand,616,68,利率查询与计算,1,0.16,0.03,0.91
CONCEPT_EXPLAIN,解释金融术语与交易/业务规则,2025搜索随机1w,2025search_rand,1037,11,查询金融术语含义,224,21.6,19.2,24.21
CONCEPT_EXPLAIN,解释金融术语与交易/业务规则,2025搜索随机1w,2025search_rand,1037,30,股票行情与选股建议查询,149,14.37,12.36,16.63
CONCEPT_EXPLAIN,解释金融术语与交易/业务规则,2025搜索随机1w,2025search_rand,1037,8,查询贷款信息,52,5.01,3.84,6.52
CONCEPT_EXPLAIN,解释金融术语与交易/业务规则,2025搜索随机1w,2025search_rand,1037,10,查询转账与账户业务可行性,51,4.92,3.76,6.41
CONCEPT_EXPLAIN,解释金融术语与交易/业务规则,2025搜索随机1w,2025search_rand,1037,18,查询保险相关业务,48,4.63,3.51,6.08
CONCEPT_EXPLAIN,解释金融术语与交易/业务规则,2025搜索随机1w,2025search_rand,1037,14,个人征信报告查询与影响咨询,46,4.44,3.34,5.87
CONCEPT_EXPLAIN,解释金融术语与交易/业务规则,2025搜索随机1w,2025search_rand,1037,49,银行信息查询,38,3.66,2.68,4.99
CONCEPT_EXPLAIN,解释金融术语与交易/业务规则,2025搜索随机1w,2025search_rand,1037,12,金融业务操作与问题处理方法查询,35,3.38,2.44,4.66
CONCEPT_EXPLAIN,解释金融术语与交易/业务规则,2025搜索随机1w,2025search_rand,1037,65,计算存贷款利息,30,2.89,2.03,4.1
CONCEPT_EXPLAIN,解释金融术语与交易/业务规则,2025搜索随机1w,2025search_rand,1037,7,基金净值查询,28,2.7,1.87,3.87
CONCEPT_EXPLAIN,解释金融术语与交易/业务规则,2025搜索随机1w,2025search_rand,1037,19,车险购买与理赔咨询,25,2.41,1.64,3.53
CONCEPT_EXPLAIN,解释金融术语与交易/业务规则,2025搜索随机1w,2025search_rand,1037,47,查询办理信用卡业务,22,2.12,1.41,3.19
CONCEPT_EXPLAIN,解释金融术语与交易/业务规则,2025搜索随机1w,2025search_rand,1037,25,查询股票信息,18,1.74,1.1,2.73
CONCEPT_EXPLAIN,解释金融术语与交易/业务规则,2025搜索随机1w,2025search_rand,1037,17,查询保险公司信息,17,1.64,1.03,2.61
CONCEPT_EXPLAIN,解释金融术语与交易/业务规则,2025搜索随机1w,2025search_rand,1037,43,支付方式使用与设置查询,17,1.64,1.03,2.61
CONCEPT_EXPLAIN,解释金融术语与交易/业务规则,2025搜索随机1w,2025search_rand,1037,48,银行卡业务查询与办理指导,16,1.54,0.95,2.49
CONCEPT_EXPLAIN,解释金融术语与交易/业务规则,2025搜索随机1w,2025search_rand,1037,70,查询定期存款利率,13,1.25,0.73,2.13
CONCEPT_EXPLAIN,解释金融术语与交易/业务规则,2025搜索随机1w,2025search_rand,1037,28,股指行情查询,13,1.25,0.73,2.13
CONCEPT_EXPLAIN,解释金融术语与交易/业务规则,2025搜索随机1w,2025search_rand,1037,68,利率查询与计算,12,1.16,0.66,2.01
CONCEPT_EXPLAIN,解释金融术语与交易/业务规则,2025搜索随机1w,2025search_rand,1037,31,查询财经门户与市场行情,12,1.16,0.66,2.01
CONCEPT_EXPLAIN,解释金融术语与交易/业务规则,2025搜索随机1w,2025search_rand,1037,32,证券股票信息查询,12,1.16,0.66,2.01
CONCEPT_EXPLAIN,解释金融术语与交易/业务规则,2025搜索随机1w,2025search_rand,1037,13,花呗操作查询,12,1.16,0.66,2.01
CONCEPT_EXPLAIN,解释金融术语与交易/业务规则,2025搜索随机1w,2025search_rand,1037,33,查询人民币兑外币汇率,11,1.06,0.59,1.89
CONCEPT_EXPLAIN,解释金融术语与交易/业务规则,2025搜索随机1w,2025search_rand,1037,20,查询交强险保费、赔偿与投保规定,10,0.96,0.52,1.77
CONCEPT_EXPLAIN,解释金融术语与交易/业务规则,2025搜索随机1w,2025search_rand,1037,36,人民币及货币信息查询,10,0.96,0.52,1.77
CONCEPT_EXPLAIN,解释金融术语与交易/业务规则,2025搜索随机1w,2025search_rand,1037,71,查询价格与金额,10,0.96,0.52,1.77
CONCEPT_EXPLAIN,解释金融术语与交易/业务规则,2025搜索随机1w,2025search_rand,1037,44,支付宝相关操作查询,9,0.87,0.46,1.64
CONCEPT_EXPLAIN,解释金融术语与交易/业务规则,2025搜索随机1w,2025search_rand,1037,22,查询科技股与科创板信息,9,0.87,0.46,1.64
CONCEPT_EXPLAIN,解释金融术语与交易/业务规则,2025搜索随机1w,2025search_rand,1037,27,查询市场行情,8,0.77,0.39,1.51
CONCEPT_EXPLAIN,解释金融术语与交易/业务规则,2025搜索随机1w,2025search_rand,1037,64,查询金融业务数值与代码,8,0.77,0.39,1.51
CONCEPT_EXPLAIN,解释金融术语与交易/业务规则,2025搜索随机1w,2025search_rand,1037,58,查询黄金价格,7,0.68,0.33,1.39
CONCEPT_EXPLAIN,解释金融术语与交易/业务规则,2025搜索随机1w,2025search_rand,1037,53,中国银行服务信息查询,7,0.68,0.33,1.39
CONCEPT_EXPLAIN,解释金融术语与交易/业务规则,2025搜索随机1w,2025search_rand,1037,67,贷款月供计算,6,0.58,0.27,1.26
CONCEPT_EXPLAIN,解释金融术语与交易/业务规则,2025搜索随机1w,2025search_rand,1037,9,贷款提前还款查询,6,0.58,0.27,1.26
CONCEPT_EXPLAIN,解释金融术语与交易/业务规则,2025搜索随机1w,2025search_rand,1037,50,农业银行及农村信用社服务信息查询,6,0.58,0.27,1.26
CONCEPT_EXPLAIN,解释金融术语与交易/业务规则,2025搜索随机1w,2025search_rand,1037,45,查询股份公司及股票信息,5,0.48,0.21,1.12
CONCEPT_EXPLAIN,解释金融术语与交易/业务规则,2025搜索随机1w,2025search_rand,1037,16,查询人寿保险相关业务信息,4,0.39,0.15,0.99
CONCEPT_EXPLAIN,解释金融术语与交易/业务规则,2025搜索随机1w,2025search_rand,1037,21,保险公司电话查询,4,0.39,0.15,0.99
CONCEPT_EXPLAIN,解释金融术语与交易/业务规则,2025搜索随机1w,2025search_rand,1037,35,货币兑换金额换算查询,4,0.39,0.15,0.99
CONCEPT_EXPLAIN,解释金融术语与交易/业务规则,2025搜索随机1w,2025search_rand,1037,60,市场价格行情查询,3,0.29,0.1,0.85
CONCEPT_EXPLAIN,解释金融术语与交易/业务规则,2025搜索随机1w,2025search_rand,1037,15,查询借款平台正规性,3,0.29,0.1,0.85
CONCEPT_EXPLAIN,解释金融术语与交易/业务规则,2025搜索随机1w,2025search_rand,1037,63,查询价格走势图,3,0.29,0.1,0.85
CONCEPT_EXPLAIN,解释金融术语与交易/业务规则,2025搜索随机1w,2025search_rand,1037,66,金融行情数据查询,3,0.29,0.1,0.85
CONCEPT_EXPLAIN,解释金融术语与交易/业务规则,2025搜索随机1w,2025search_rand,1037,59,实时行情查询,2,0.19,0.05,0.7
CONCEPT_EXPLAIN,解释金融术语与交易/业务规则,2025搜索随机1w,2025search_rand,1037,54,建设银行网点与服务查询,2,0.19,0.05,0.7
CONCEPT_EXPLAIN,解释金融术语与交易/业务规则,2025搜索随机1w,2025search_rand,1037,34,查询美元兑日元汇率,2,0.19,0.05,0.7
CONCEPT_EXPLAIN,解释金融术语与交易/业务规则,2025搜索随机1w,2025search_rand,1037,1,查询300开头股票代码与行情,2,0.19,0.05,0.7
CONCEPT_EXPLAIN,解释金融术语与交易/业务规则,2025搜索随机1w,2025search_rand,1037,52,下载安装金融类App,1,0.1,0.02,0.54
CONCEPT_EXPLAIN,解释金融术语与交易/业务规则,2025搜索随机1w,2025search_rand,1037,72,金融代码查询,1,0.1,0.02,0.54
CONCEPT_EXPLAIN,解释金融术语与交易/业务规则,2025搜索随机1w,2025search_rand,1037,62,查询金价,1,0.1,0.02,0.54
FX_CONVERT,查询汇率并换算外币金额,2025搜索随机1w,2025search_rand,584,35,货币兑换金额换算查询,319,54.62,50.57,58.62
FX_CONVERT,查询汇率并换算外币金额,2025搜索随机1w,2025search_rand,584,33,查询人民币兑外币汇率,117,20.03,16.99,23.47
FX_CONVERT,查询汇率并换算外币金额,2025搜索随机1w,2025search_rand,584,36,人民币及货币信息查询,46,7.88,5.96,10.35
FX_CONVERT,查询汇率并换算外币金额,2025搜索随机1w,2025search_rand,584,34,查询美元兑日元汇率,37,6.34,4.63,8.61
FX_CONVERT,查询汇率并换算外币金额,2025搜索随机1w,2025search_rand,584,39,货币兑换查询,17,2.91,1.83,4.61
FX_CONVERT,查询汇率并换算外币金额,2025搜索随机1w,2025search_rand,584,6,查询股票代码与指数信息,13,2.23,1.31,3.77
FX_CONVERT,查询汇率并换算外币金额,2025搜索随机1w,2025search_rand,584,71,查询价格与金额,9,1.54,0.81,2.9
FX_CONVERT,查询汇率并换算外币金额,2025搜索随机1w,2025search_rand,584,64,查询金融业务数值与代码,5,0.86,0.37,1.99
FX_CONVERT,查询汇率并换算外币金额,2025搜索随机1w,2025search_rand,584,66,金融行情数据查询,5,0.86,0.37,1.99
FX_CONVERT,查询汇率并换算外币金额,2025搜索随机1w,2025search_rand,584,72,金融代码查询,4,0.68,0.27,1.75
FX_CONVERT,查询汇率并换算外币金额,2025搜索随机1w,2025search_rand,584,1,查询300开头股票代码与行情,3,0.51,0.17,1.5
FX_CONVERT,查询汇率并换算外币金额,2025搜索随机1w,2025search_rand,584,0,股票代码查询,1,0.17,0.03,0.96
FX_CONVERT,查询汇率并换算外币金额,2025搜索随机1w,2025search_rand,584,49,银行信息查询,1,0.17,0.03,0.96
FX_CONVERT,查询汇率并换算外币金额,2025搜索随机1w,2025search_rand,584,53,中国银行服务信息查询,1,0.17,0.03,0.96
FX_CONVERT,查询汇率并换算外币金额,2025搜索随机1w,2025search_rand,584,58,查询黄金价格,1,0.17,0.03,0.96
FX_CONVERT,查询汇率并换算外币金额,2025搜索随机1w,2025search_rand,584,63,查询价格走势图,1,0.17,0.03,0.96
FX_CONVERT,查询汇率并换算外币金额,2025搜索随机1w,2025search_rand,584,68,利率查询与计算,1,0.17,0.03,0.96
FX_CONVERT,查询汇率并换算外币金额,2025搜索随机1w,2025search_rand,584,67,贷款月供计算,1,0.17,0.03,0.96
FX_CONVERT,查询汇率并换算外币金额,2025搜索随机1w,2025search_rand,584,50,农业银行及农村信用社服务信息查询,1,0.17,0.03,0.96
FX_CONVERT,查询汇率并换算外币金额,2025搜索随机1w,2025search_rand,584,59,实时行情查询,1,0.17,0.03,0.96
NEWS_EVENT,查询个股与公司层面的消息、公告与进度,2025搜索随机1w,2025search_rand,273,30,股票行情与选股建议查询,73,26.74,21.84,32.29
NEWS_EVENT,查询个股与公司层面的消息、公告与进度,2025搜索随机1w,2025search_rand,273,66,金融行情数据查询,48,17.58,13.53,22.54
NEWS_EVENT,查询个股与公司层面的消息、公告与进度,2025搜索随机1w,2025search_rand,273,31,查询财经门户与市场行情,22,8.06,5.38,11.9
NEWS_EVENT,查询个股与公司层面的消息、公告与进度,2025搜索随机1w,2025search_rand,273,22,查询科技股与科创板信息,19,6.96,4.5,10.61
NEWS_EVENT,查询个股与公司层面的消息、公告与进度,2025搜索随机1w,2025search_rand,273,45,查询股份公司及股票信息,13,4.76,2.8,7.98
NEWS_EVENT,查询个股与公司层面的消息、公告与进度,2025搜索随机1w,2025search_rand,273,17,查询保险公司信息,9,3.3,1.74,6.15
NEWS_EVENT,查询个股与公司层面的消息、公告与进度,2025搜索随机1w,2025search_rand,273,72,金融代码查询,6,2.2,1.01,4.71
NEWS_EVENT,查询个股与公司层面的消息、公告与进度,2025搜索随机1w,2025search_rand,273,65,计算存贷款利息,6,2.2,1.01,4.71
NEWS_EVENT,查询个股与公司层面的消息、公告与进度,2025搜索随机1w,2025search_rand,273,25,查询股票信息,6,2.2,1.01,4.71
NEWS_EVENT,查询个股与公司层面的消息、公告与进度,2025搜索随机1w,2025search_rand,273,32,证券股票信息查询,5,1.83,0.78,4.22
NEWS_EVENT,查询个股与公司层面的消息、公告与进度,2025搜索随机1w,2025search_rand,273,8,查询贷款信息,5,1.83,0.78,4.22
NEWS_EVENT,查询个股与公司层面的消息、公告与进度,2025搜索随机1w,2025search_rand,273,10,查询转账与账户业务可行性,5,1.83,0.78,4.22
NEWS_EVENT,查询个股与公司层面的消息、公告与进度,2025搜索随机1w,2025search_rand,273,18,查询保险相关业务,4,1.47,0.57,3.71
NEWS_EVENT,查询个股与公司层面的消息、公告与进度,2025搜索随机1w,2025search_rand,273,26,查询个股股票行情与股吧讨论,4,1.47,0.57,3.71
NEWS_EVENT,查询个股与公司层面的消息、公告与进度,2025搜索随机1w,2025search_rand,273,0,股票代码查询,4,1.47,0.57,3.71
NEWS_EVENT,查询个股与公司层面的消息、公告与进度,2025搜索随机1w,2025search_rand,273,53,中国银行服务信息查询,4,1.47,0.57,3.71
NEWS_EVENT,查询个股与公司层面的消息、公告与进度,2025搜索随机1w,2025search_rand,273,49,银行信息查询,3,1.1,0.37,3.18
NEWS_EVENT,查询个股与公司层面的消息、公告与进度,2025搜索随机1w,2025search_rand,273,60,市场价格行情查询,3,1.1,0.37,3.18
NEWS_EVENT,查询个股与公司层面的消息、公告与进度,2025搜索随机1w,2025search_rand,273,27,查询市场行情,3,1.1,0.37,3.18
NEWS_EVENT,查询个股与公司层面的消息、公告与进度,2025搜索随机1w,2025search_rand,273,23,科技类股票信息查询,3,1.1,0.37,3.18
NEWS_EVENT,查询个股与公司层面的消息、公告与进度,2025搜索随机1w,2025search_rand,273,36,人民币及货币信息查询,2,0.73,0.2,2.63
NEWS_EVENT,查询个股与公司层面的消息、公告与进度,2025搜索随机1w,2025search_rand,273,58,查询黄金价格,2,0.73,0.2,2.63
NEWS_EVENT,查询个股与公司层面的消息、公告与进度,2025搜索随机1w,2025search_rand,273,1,查询300开头股票代码与行情,2,0.73,0.2,2.63
NEWS_EVENT,查询个股与公司层面的消息、公告与进度,2025搜索随机1w,2025search_rand,273,71,查询价格与金额,2,0.73,0.2,2.63
NEWS_EVENT,查询个股与公司层面的消息、公告与进度,2025搜索随机1w,2025search_rand,273,13,花呗操作查询,2,0.73,0.2,2.63
NEWS_EVENT,查询个股与公司层面的消息、公告与进度,2025搜索随机1w,2025search_rand,273,7,基金净值查询,1,0.37,0.06,2.05
NEWS_EVENT,查询个股与公司层面的消息、公告与进度,2025搜索随机1w,2025search_rand,273,73,证券代码信息查询,1,0.37,0.06,2.05
NEWS_EVENT,查询个股与公司层面的消息、公告与进度,2025搜索随机1w,2025search_rand,273,11,查询金融术语含义,1,0.37,0.06,2.05
NEWS_EVENT,查询个股与公司层面的消息、公告与进度,2025搜索随机1w,2025search_rand,273,2,证券代码信息查询,1,0.37,0.06,2.05
NEWS_EVENT,查询个股与公司层面的消息、公告与进度,2025搜索随机1w,2025search_rand,273,70,查询定期存款利率,1,0.37,0.06,2.05
NEWS_EVENT,查询个股与公司层面的消息、公告与进度,2025搜索随机1w,2025search_rand,273,24,证券股吧查询,1,0.37,0.06,2.05
NEWS_EVENT,查询个股与公司层面的消息、公告与进度,2025搜索随机1w,2025search_rand,273,12,金融业务操作与问题处理方法查询,1,0.37,0.06,2.05
NEWS_EVENT,查询个股与公司层面的消息、公告与进度,2025搜索随机1w,2025search_rand,273,19,车险购买与理赔咨询,1,0.37,0.06,2.05
NEWS_EVENT,查询个股与公司层面的消息、公告与进度,2025搜索随机1w,2025search_rand,273,62,查询金价,1,0.37,0.06,2.05
NEWS_EVENT,查询个股与公司层面的消息、公告与进度,2025搜索随机1w,2025search_rand,273,50,农业银行及农村信用社服务信息查询,1,0.37,0.06,2.05
NEWS_EVENT,查询个股与公司层面的消息、公告与进度,2025搜索随机1w,2025search_rand,273,14,个人征信报告查询与影响咨询,1,0.37,0.06,2.05
NEWS_EVENT,查询个股与公司层面的消息、公告与进度,2025搜索随机1w,2025search_rand,273,16,查询人寿保险相关业务信息,1,0.37,0.06,2.05
NEWS_EVENT,查询个股与公司层面的消息、公告与进度,2025搜索随机1w,2025search_rand,273,47,查询办理信用卡业务,1,0.37,0.06,2.05
NEWS_EVENT,查询个股与公司层面的消息、公告与进度,2025搜索随机1w,2025search_rand,273,6,查询股票代码与指数信息,1,0.37,0.06,2.05
NEWS_EVENT,查询个股与公司层面的消息、公告与进度,2025搜索随机1w,2025search_rand,273,54,建设银行网点与服务查询,1,0.37,0.06,2.05
NEWS_EVENT,查询个股与公司层面的消息、公告与进度,2025搜索随机1w,2025search_rand,273,15,查询借款平台正规性,1,0.37,0.06,2.05
NEWS_EVENT,查询个股与公司层面的消息、公告与进度,2025搜索随机1w,2025search_rand,273,28,股指行情查询,1,0.37,0.06,2.05
NEWS_EVENT,查询个股与公司层面的消息、公告与进度,2025搜索随机1w,2025search_rand,273,63,查询价格走势图,1,0.37,0.06,2.05
INVEST_ADVICE,请求个股买卖持有决策与涨跌预测,2025搜索随机1w,2025search_rand,186,30,股票行情与选股建议查询,77,41.4,34.56,48.58
INVEST_ADVICE,请求个股买卖持有决策与涨跌预测,2025搜索随机1w,2025search_rand,186,25,查询股票信息,16,8.6,5.36,13.52
INVEST_ADVICE,请求个股买卖持有决策与涨跌预测,2025搜索随机1w,2025search_rand,186,7,基金净值查询,10,5.38,2.95,9.61
INVEST_ADVICE,请求个股买卖持有决策与涨跌预测,2025搜索随机1w,2025search_rand,186,66,金融行情数据查询,9,4.84,2.57,8.94
INVEST_ADVICE,请求个股买卖持有决策与涨跌预测,2025搜索随机1w,2025search_rand,186,17,查询保险公司信息,9,4.84,2.57,8.94
INVEST_ADVICE,请求个股买卖持有决策与涨跌预测,2025搜索随机1w,2025search_rand,186,45,查询股份公司及股票信息,8,4.3,2.2,8.26
INVEST_ADVICE,请求个股买卖持有决策与涨跌预测,2025搜索随机1w,2025search_rand,186,12,金融业务操作与问题处理方法查询,7,3.76,1.83,7.56
INVEST_ADVICE,请求个股买卖持有决策与涨跌预测,2025搜索随机1w,2025search_rand,186,10,查询转账与账户业务可行性,6,3.23,1.49,6.86
INVEST_ADVICE,请求个股买卖持有决策与涨跌预测,2025搜索随机1w,2025search_rand,186,22,查询科技股与科创板信息,4,2.15,0.84,5.4
INVEST_ADVICE,请求个股买卖持有决策与涨跌预测,2025搜索随机1w,2025search_rand,186,31,查询财经门户与市场行情,4,2.15,0.84,5.4
INVEST_ADVICE,请求个股买卖持有决策与涨跌预测,2025搜索随机1w,2025search_rand,186,58,查询黄金价格,4,2.15,0.84,5.4
INVEST_ADVICE,请求个股买卖持有决策与涨跌预测,2025搜索随机1w,2025search_rand,186,63,查询价格走势图,4,2.15,0.84,5.4
INVEST_ADVICE,请求个股买卖持有决策与涨跌预测,2025搜索随机1w,2025search_rand,186,71,查询价格与金额,3,1.61,0.55,4.63
INVEST_ADVICE,请求个股买卖持有决策与涨跌预测,2025搜索随机1w,2025search_rand,186,19,车险购买与理赔咨询,3,1.61,0.55,4.63
INVEST_ADVICE,请求个股买卖持有决策与涨跌预测,2025搜索随机1w,2025search_rand,186,28,股指行情查询,2,1.08,0.3,3.84
INVEST_ADVICE,请求个股买卖持有决策与涨跌预测,2025搜索随机1w,2025search_rand,186,27,查询市场行情,2,1.08,0.3,3.84
INVEST_ADVICE,请求个股买卖持有决策与涨跌预测,2025搜索随机1w,2025search_rand,186,32,证券股票信息查询,2,1.08,0.3,3.84
INVEST_ADVICE,请求个股买卖持有决策与涨跌预测,2025搜索随机1w,2025search_rand,186,72,金融代码查询,2,1.08,0.3,3.84
INVEST_ADVICE,请求个股买卖持有决策与涨跌预测,2025搜索随机1w,2025search_rand,186,64,查询金融业务数值与代码,1,0.54,0.09,2.98
INVEST_ADVICE,请求个股买卖持有决策与涨跌预测,2025搜索随机1w,2025search_rand,186,1,查询300开头股票代码与行情,1,0.54,0.09,2.98
INVEST_ADVICE,请求个股买卖持有决策与涨跌预测,2025搜索随机1w,2025search_rand,186,62,查询金价,1,0.54,0.09,2.98
INVEST_ADVICE,请求个股买卖持有决策与涨跌预测,2025搜索随机1w,2025search_rand,186,23,科技类股票信息查询,1,0.54,0.09,2.98
INVEST_ADVICE,请求个股买卖持有决策与涨跌预测,2025搜索随机1w,2025search_rand,186,49,银行信息查询,1,0.54,0.09,2.98
INVEST_ADVICE,请求个股买卖持有决策与涨跌预测,2025搜索随机1w,2025search_rand,186,16,查询人寿保险相关业务信息,1,0.54,0.09,2.98
INVEST_ADVICE,请求个股买卖持有决策与涨跌预测,2025搜索随机1w,2025search_rand,186,11,查询金融术语含义,1,0.54,0.09,2.98
INVEST_ADVICE,请求个股买卖持有决策与涨跌预测,2025搜索随机1w,2025search_rand,186,21,保险公司电话查询,1,0.54,0.09,2.98
INVEST_ADVICE,请求个股买卖持有决策与涨跌预测,2025搜索随机1w,2025search_rand,186,0,股票代码查询,1,0.54,0.09,2.98
INVEST_ADVICE,请求个股买卖持有决策与涨跌预测,2025搜索随机1w,2025search_rand,186,13,花呗操作查询,1,0.54,0.09,2.98
INVEST_ADVICE,请求个股买卖持有决策与涨跌预测,2025搜索随机1w,2025search_rand,186,36,人民币及货币信息查询,1,0.54,0.09,2.98
INVEST_ADVICE,请求个股买卖持有决策与涨跌预测,2025搜索随机1w,2025search_rand,186,73,证券代码信息查询,1,0.54,0.09,2.98
INVEST_ADVICE,请求个股买卖持有决策与涨跌预测,2025搜索随机1w,2025search_rand,186,18,查询保险相关业务,1,0.54,0.09,2.98
INVEST_ADVICE,请求个股买卖持有决策与涨跌预测,2025搜索随机1w,2025search_rand,186,6,查询股票代码与指数信息,1,0.54,0.09,2.98
DEBT_DISTRESS,处理逾期催收与还款困境,2025搜索随机1w,2025search_rand,71,14,个人征信报告查询与影响咨询,15,21.13,13.24,31.98
DEBT_DISTRESS,处理逾期催收与还款困境,2025搜索随机1w,2025search_rand,71,8,查询贷款信息,11,15.49,8.88,25.65
DEBT_DISTRESS,处理逾期催收与还款困境,2025搜索随机1w,2025search_rand,71,9,贷款提前还款查询,11,15.49,8.88,25.65
DEBT_DISTRESS,处理逾期催收与还款困境,2025搜索随机1w,2025search_rand,71,12,金融业务操作与问题处理方法查询,9,12.68,6.81,22.37
DEBT_DISTRESS,处理逾期催收与还款困境,2025搜索随机1w,2025search_rand,71,13,花呗操作查询,8,11.27,5.82,20.69
DEBT_DISTRESS,处理逾期催收与还款困境,2025搜索随机1w,2025search_rand,71,15,查询借款平台正规性,3,4.23,1.45,11.7
DEBT_DISTRESS,处理逾期催收与还款困境,2025搜索随机1w,2025search_rand,71,49,银行信息查询,3,4.23,1.45,11.7
DEBT_DISTRESS,处理逾期催收与还款困境,2025搜索随机1w,2025search_rand,71,43,支付方式使用与设置查询,2,2.82,0.78,9.7
DEBT_DISTRESS,处理逾期催收与还款困境,2025搜索随机1w,2025search_rand,71,67,贷款月供计算,2,2.82,0.78,9.7
DEBT_DISTRESS,处理逾期催收与还款困境,2025搜索随机1w,2025search_rand,71,47,查询办理信用卡业务,2,2.82,0.78,9.7
DEBT_DISTRESS,处理逾期催收与还款困境,2025搜索随机1w,2025search_rand,71,44,支付宝相关操作查询,1,1.41,0.25,7.56
DEBT_DISTRESS,处理逾期催收与还款困境,2025搜索随机1w,2025search_rand,71,10,查询转账与账户业务可行性,1,1.41,0.25,7.56
DEBT_DISTRESS,处理逾期催收与还款困境,2025搜索随机1w,2025search_rand,71,17,查询保险公司信息,1,1.41,0.25,7.56
DEBT_DISTRESS,处理逾期催收与还款困境,2025搜索随机1w,2025search_rand,71,3,查询电话号码归属,1,1.41,0.25,7.56
DEBT_DISTRESS,处理逾期催收与还款困境,2025搜索随机1w,2025search_rand,71,55,银行客服电话查询,1,1.41,0.25,7.56
MARKET_MOVEMENT_EXPLAIN,解释已发生市场现象的原因,2025搜索随机1w,2025search_rand,56,30,股票行情与选股建议查询,26,46.43,34.02,59.3
MARKET_MOVEMENT_EXPLAIN,解释已发生市场现象的原因,2025搜索随机1w,2025search_rand,56,62,查询金价,4,7.14,2.81,16.98
MARKET_MOVEMENT_EXPLAIN,解释已发生市场现象的原因,2025搜索随机1w,2025search_rand,56,12,金融业务操作与问题处理方法查询,3,5.36,1.84,14.61
MARKET_MOVEMENT_EXPLAIN,解释已发生市场现象的原因,2025搜索随机1w,2025search_rand,56,27,查询市场行情,3,5.36,1.84,14.61
MARKET_MOVEMENT_EXPLAIN,解释已发生市场现象的原因,2025搜索随机1w,2025search_rand,56,44,支付宝相关操作查询,3,5.36,1.84,14.61
MARKET_MOVEMENT_EXPLAIN,解释已发生市场现象的原因,2025搜索随机1w,2025search_rand,56,66,金融行情数据查询,3,5.36,1.84,14.61
MARKET_MOVEMENT_EXPLAIN,解释已发生市场现象的原因,2025搜索随机1w,2025search_rand,56,70,查询定期存款利率,2,3.57,0.98,12.12
MARKET_MOVEMENT_EXPLAIN,解释已发生市场现象的原因,2025搜索随机1w,2025search_rand,56,68,利率查询与计算,2,3.57,0.98,12.12
MARKET_MOVEMENT_EXPLAIN,解释已发生市场现象的原因,2025搜索随机1w,2025search_rand,56,10,查询转账与账户业务可行性,1,1.79,0.32,9.45
MARKET_MOVEMENT_EXPLAIN,解释已发生市场现象的原因,2025搜索随机1w,2025search_rand,56,36,人民币及货币信息查询,1,1.79,0.32,9.45
MARKET_MOVEMENT_EXPLAIN,解释已发生市场现象的原因,2025搜索随机1w,2025search_rand,56,47,查询办理信用卡业务,1,1.79,0.32,9.45
MARKET_MOVEMENT_EXPLAIN,解释已发生市场现象的原因,2025搜索随机1w,2025search_rand,56,7,基金净值查询,1,1.79,0.32,9.45
MARKET_MOVEMENT_EXPLAIN,解释已发生市场现象的原因,2025搜索随机1w,2025search_rand,56,58,查询黄金价格,1,1.79,0.32,9.45
MARKET_MOVEMENT_EXPLAIN,解释已发生市场现象的原因,2025搜索随机1w,2025search_rand,56,1,查询300开头股票代码与行情,1,1.79,0.32,9.45
MARKET_MOVEMENT_EXPLAIN,解释已发生市场现象的原因,2025搜索随机1w,2025search_rand,56,26,查询个股股票行情与股吧讨论,1,1.79,0.32,9.45
MARKET_MOVEMENT_EXPLAIN,解释已发生市场现象的原因,2025搜索随机1w,2025search_rand,56,13,花呗操作查询,1,1.79,0.32,9.45
MARKET_MOVEMENT_EXPLAIN,解释已发生市场现象的原因,2025搜索随机1w,2025search_rand,56,28,股指行情查询,1,1.79,0.32,9.45
MARKET_MOVEMENT_EXPLAIN,解释已发生市场现象的原因,2025搜索随机1w,2025search_rand,56,60,市场价格行情查询,1,1.79,0.32,9.45
COMPARISON_DECISION,比较两个金融对象并给出取舍,2025搜索随机1w,2025search_rand,100,49,银行信息查询,14,14.0,8.53,22.14
COMPARISON_DECISION,比较两个金融对象并给出取舍,2025搜索随机1w,2025search_rand,100,18,查询保险相关业务,9,9.0,4.81,16.23
COMPARISON_DECISION,比较两个金融对象并给出取舍,2025搜索随机1w,2025search_rand,100,48,银行卡业务查询与办理指导,9,9.0,4.81,16.23
COMPARISON_DECISION,比较两个金融对象并给出取舍,2025搜索随机1w,2025search_rand,100,65,计算存贷款利息,9,9.0,4.81,16.23
COMPARISON_DECISION,比较两个金融对象并给出取舍,2025搜索随机1w,2025search_rand,100,19,车险购买与理赔咨询,8,8.0,4.11,15.0
COMPARISON_DECISION,比较两个金融对象并给出取舍,2025搜索随机1w,2025search_rand,100,70,查询定期存款利率,7,7.0,3.43,13.75
COMPARISON_DECISION,比较两个金融对象并给出取舍,2025搜索随机1w,2025search_rand,100,47,查询办理信用卡业务,6,6.0,2.78,12.48
COMPARISON_DECISION,比较两个金融对象并给出取舍,2025搜索随机1w,2025search_rand,100,17,查询保险公司信息,5,5.0,2.15,11.18
COMPARISON_DECISION,比较两个金融对象并给出取舍,2025搜索随机1w,2025search_rand,100,43,支付方式使用与设置查询,4,4.0,1.57,9.84
COMPARISON_DECISION,比较两个金融对象并给出取舍,2025搜索随机1w,2025search_rand,100,30,股票行情与选股建议查询,4,4.0,1.57,9.84
COMPARISON_DECISION,比较两个金融对象并给出取舍,2025搜索随机1w,2025search_rand,100,67,贷款月供计算,3,3.0,1.03,8.45
COMPARISON_DECISION,比较两个金融对象并给出取舍,2025搜索随机1w,2025search_rand,100,8,查询贷款信息,3,3.0,1.03,8.45
COMPARISON_DECISION,比较两个金融对象并给出取舍,2025搜索随机1w,2025search_rand,100,20,查询交强险保费、赔偿与投保规定,2,2.0,0.55,7.0
COMPARISON_DECISION,比较两个金融对象并给出取舍,2025搜索随机1w,2025search_rand,100,50,农业银行及农村信用社服务信息查询,2,2.0,0.55,7.0
COMPARISON_DECISION,比较两个金融对象并给出取舍,2025搜索随机1w,2025search_rand,100,31,查询财经门户与市场行情,2,2.0,0.55,7.0
COMPARISON_DECISION,比较两个金融对象并给出取舍,2025搜索随机1w,2025search_rand,100,44,支付宝相关操作查询,2,2.0,0.55,7.0
COMPARISON_DECISION,比较两个金融对象并给出取舍,2025搜索随机1w,2025search_rand,100,13,花呗操作查询,2,2.0,0.55,7.0
COMPARISON_DECISION,比较两个金融对象并给出取舍,2025搜索随机1w,2025search_rand,100,72,金融代码查询,1,1.0,0.18,5.45
COMPARISON_DECISION,比较两个金融对象并给出取舍,2025搜索随机1w,2025search_rand,100,16,查询人寿保险相关业务信息,1,1.0,0.18,5.45
COMPARISON_DECISION,比较两个金融对象并给出取舍,2025搜索随机1w,2025search_rand,100,1,查询300开头股票代码与行情,1,1.0,0.18,5.45
COMPARISON_DECISION,比较两个金融对象并给出取舍,2025搜索随机1w,2025search_rand,100,28,股指行情查询,1,1.0,0.18,5.45
COMPARISON_DECISION,比较两个金融对象并给出取舍,2025搜索随机1w,2025search_rand,100,66,金融行情数据查询,1,1.0,0.18,5.45
COMPARISON_DECISION,比较两个金融对象并给出取舍,2025搜索随机1w,2025search_rand,100,54,建设银行网点与服务查询,1,1.0,0.18,5.45
COMPARISON_DECISION,比较两个金融对象并给出取舍,2025搜索随机1w,2025search_rand,100,9,贷款提前还款查询,1,1.0,0.18,5.45
COMPARISON_DECISION,比较两个金融对象并给出取舍,2025搜索随机1w,2025search_rand,100,14,个人征信报告查询与影响咨询,1,1.0,0.18,5.45
COMPARISON_DECISION,比较两个金融对象并给出取舍,2025搜索随机1w,2025search_rand,100,71,查询价格与金额,1,1.0,0.18,5.45
SEEK_CREDIT_WORKAROUND,寻找绕征信借款或评估征信修复,2025搜索随机1w,2025search_rand,11,14,个人征信报告查询与影响咨询,7,63.64,35.38,84.83
SEEK_CREDIT_WORKAROUND,寻找绕征信借款或评估征信修复,2025搜索随机1w,2025search_rand,11,15,查询借款平台正规性,2,18.18,5.14,47.7
SEEK_CREDIT_WORKAROUND,寻找绕征信借款或评估征信修复,2025搜索随机1w,2025search_rand,11,8,查询贷款信息,1,9.09,1.62,37.74
SEEK_CREDIT_WORKAROUND,寻找绕征信借款或评估征信修复,2025搜索随机1w,2025search_rand,11,47,查询办理信用卡业务,1,9.09,1.62,37.74
QUOTE_LOOKUP,查询可报价品种实时行情与价格,2026搜索,2026search,6282,25,查询股票信息,2239,35.64,34.47,36.83
QUOTE_LOOKUP,查询可报价品种实时行情与价格,2026搜索,2026search,6282,0,股票代码查询,656,10.44,9.71,11.22
QUOTE_LOOKUP,查询可报价品种实时行情与价格,2026搜索,2026search,6282,58,查询黄金价格,327,5.21,4.68,5.78
QUOTE_LOOKUP,查询可报价品种实时行情与价格,2026搜索,2026search,6282,23,科技类股票信息查询,322,5.13,4.61,5.7
QUOTE_LOOKUP,查询可报价品种实时行情与价格,2026搜索,2026search,6282,45,查询股份公司及股票信息,274,4.36,3.88,4.9
QUOTE_LOOKUP,查询可报价品种实时行情与价格,2026搜索,2026search,6282,59,实时行情查询,243,3.87,3.42,4.37
QUOTE_LOOKUP,查询可报价品种实时行情与价格,2026搜索,2026search,6282,27,查询市场行情,224,3.57,3.13,4.05
QUOTE_LOOKUP,查询可报价品种实时行情与价格,2026搜索,2026search,6282,46,查询股份股票及股吧信息,213,3.39,2.97,3.87
QUOTE_LOOKUP,查询可报价品种实时行情与价格,2026搜索,2026search,6282,1,查询300开头股票代码与行情,194,3.09,2.69,3.55
QUOTE_LOOKUP,查询可报价品种实时行情与价格,2026搜索,2026search,6282,28,股指行情查询,175,2.79,2.41,3.22
QUOTE_LOOKUP,查询可报价品种实时行情与价格,2026搜索,2026search,6282,31,查询财经门户与市场行情,170,2.71,2.33,3.14
QUOTE_LOOKUP,查询可报价品种实时行情与价格,2026搜索,2026search,6282,63,查询价格走势图,165,2.63,2.26,3.05
QUOTE_LOOKUP,查询可报价品种实时行情与价格,2026搜索,2026search,6282,6,查询股票代码与指数信息,148,2.36,2.01,2.76
QUOTE_LOOKUP,查询可报价品种实时行情与价格,2026搜索,2026search,6282,62,查询金价,146,2.32,1.98,2.73
QUOTE_LOOKUP,查询可报价品种实时行情与价格,2026搜索,2026search,6282,60,市场价格行情查询,142,2.26,1.92,2.66
QUOTE_LOOKUP,查询可报价品种实时行情与价格,2026搜索,2026search,6282,26,查询个股股票行情与股吧讨论,140,2.23,1.89,2.62
QUOTE_LOOKUP,查询可报价品种实时行情与价格,2026搜索,2026search,6282,30,股票行情与选股建议查询,103,1.64,1.35,1.98
QUOTE_LOOKUP,查询可报价品种实时行情与价格,2026搜索,2026search,6282,7,基金净值查询,64,1.02,0.8,1.3
QUOTE_LOOKUP,查询可报价品种实时行情与价格,2026搜索,2026search,6282,72,金融代码查询,61,0.97,0.76,1.25
QUOTE_LOOKUP,查询可报价品种实时行情与价格,2026搜索,2026search,6282,73,证券代码信息查询,59,0.94,0.73,1.21
QUOTE_LOOKUP,查询可报价品种实时行情与价格,2026搜索,2026search,6282,32,证券股票信息查询,47,0.75,0.56,0.99
QUOTE_LOOKUP,查询可报价品种实时行情与价格,2026搜索,2026search,6282,22,查询科技股与科创板信息,45,0.72,0.54,0.96
QUOTE_LOOKUP,查询可报价品种实时行情与价格,2026搜索,2026search,6282,2,证券代码信息查询,43,0.68,0.51,0.92
QUOTE_LOOKUP,查询可报价品种实时行情与价格,2026搜索,2026search,6282,49,银行信息查询,15,0.24,0.14,0.39
QUOTE_LOOKUP,查询可报价品种实时行情与价格,2026搜索,2026search,6282,3,查询电话号码归属,8,0.13,0.06,0.25
QUOTE_LOOKUP,查询可报价品种实时行情与价格,2026搜索,2026search,6282,53,中国银行服务信息查询,7,0.11,0.05,0.23
QUOTE_LOOKUP,查询可报价品种实时行情与价格,2026搜索,2026search,6282,36,人民币及货币信息查询,6,0.1,0.04,0.21
QUOTE_LOOKUP,查询可报价品种实时行情与价格,2026搜索,2026search,6282,17,查询保险公司信息,6,0.1,0.04,0.21
QUOTE_LOOKUP,查询可报价品种实时行情与价格,2026搜索,2026search,6282,34,查询美元兑日元汇率,5,0.08,0.03,0.19
QUOTE_LOOKUP,查询可报价品种实时行情与价格,2026搜索,2026search,6282,16,查询人寿保险相关业务信息,4,0.06,0.02,0.16
QUOTE_LOOKUP,查询可报价品种实时行情与价格,2026搜索,2026search,6282,13,花呗操作查询,3,0.05,0.02,0.14
QUOTE_LOOKUP,查询可报价品种实时行情与价格,2026搜索,2026search,6282,54,建设银行网点与服务查询,3,0.05,0.02,0.14
QUOTE_LOOKUP,查询可报价品种实时行情与价格,2026搜索,2026search,6282,66,金融行情数据查询,3,0.05,0.02,0.14
QUOTE_LOOKUP,查询可报价品种实时行情与价格,2026搜索,2026search,6282,71,查询价格与金额,3,0.05,0.02,0.14
QUOTE_LOOKUP,查询可报价品种实时行情与价格,2026搜索,2026search,6282,68,利率查询与计算,3,0.05,0.02,0.14
QUOTE_LOOKUP,查询可报价品种实时行情与价格,2026搜索,2026search,6282,11,查询金融术语含义,3,0.05,0.02,0.14
QUOTE_LOOKUP,查询可报价品种实时行情与价格,2026搜索,2026search,6282,50,农业银行及农村信用社服务信息查询,2,0.03,0.01,0.12
QUOTE_LOOKUP,查询可报价品种实时行情与价格,2026搜索,2026search,6282,18,查询保险相关业务,2,0.03,0.01,0.12
QUOTE_LOOKUP,查询可报价品种实时行情与价格,2026搜索,2026search,6282,65,计算存贷款利息,2,0.03,0.01,0.12
QUOTE_LOOKUP,查询可报价品种实时行情与价格,2026搜索,2026search,6282,19,车险购买与理赔咨询,2,0.03,0.01,0.12
QUOTE_LOOKUP,查询可报价品种实时行情与价格,2026搜索,2026search,6282,33,查询人民币兑外币汇率,1,0.02,0.0,0.09
QUOTE_LOOKUP,查询可报价品种实时行情与价格,2026搜索,2026search,6282,21,保险公司电话查询,1,0.02,0.0,0.09
QUOTE_LOOKUP,查询可报价品种实时行情与价格,2026搜索,2026search,6282,52,下载安装金融类App,1,0.02,0.0,0.09
QUOTE_LOOKUP,查询可报价品种实时行情与价格,2026搜索,2026search,6282,24,证券股吧查询,1,0.02,0.0,0.09
QUOTE_LOOKUP,查询可报价品种实时行情与价格,2026搜索,2026search,6282,14,个人征信报告查询与影响咨询,1,0.02,0.0,0.09
PAGE_NAV,打开目标页面或获取官方应用入口,2026搜索,2026search,1591,24,证券股吧查询,1081,67.94,65.61,70.19
PAGE_NAV,打开目标页面或获取官方应用入口,2026搜索,2026search,1591,46,查询股份股票及股吧信息,105,6.6,5.48,7.93
PAGE_NAV,打开目标页面或获取官方应用入口,2026搜索,2026search,1591,52,下载安装金融类App,68,4.27,3.39,5.38
PAGE_NAV,打开目标页面或获取官方应用入口,2026搜索,2026search,1591,0,股票代码查询,68,4.27,3.39,5.38
PAGE_NAV,打开目标页面或获取官方应用入口,2026搜索,2026search,1591,31,查询财经门户与市场行情,67,4.21,3.33,5.31
PAGE_NAV,打开目标页面或获取官方应用入口,2026搜索,2026search,1591,26,查询个股股票行情与股吧讨论,48,3.02,2.28,3.98
PAGE_NAV,打开目标页面或获取官方应用入口,2026搜索,2026search,1591,1,查询300开头股票代码与行情,47,2.95,2.23,3.91
PAGE_NAV,打开目标页面或获取官方应用入口,2026搜索,2026search,1591,32,证券股票信息查询,19,1.19,0.77,1.86
PAGE_NAV,打开目标页面或获取官方应用入口,2026搜索,2026search,1591,6,查询股票代码与指数信息,12,0.75,0.43,1.31
PAGE_NAV,打开目标页面或获取官方应用入口,2026搜索,2026search,1591,14,个人征信报告查询与影响咨询,11,0.69,0.39,1.23
PAGE_NAV,打开目标页面或获取官方应用入口,2026搜索,2026search,1591,72,金融代码查询,10,0.63,0.34,1.15
PAGE_NAV,打开目标页面或获取官方应用入口,2026搜索,2026search,1591,58,查询黄金价格,8,0.5,0.26,0.99
PAGE_NAV,打开目标页面或获取官方应用入口,2026搜索,2026search,1591,44,支付宝相关操作查询,7,0.44,0.21,0.91
PAGE_NAV,打开目标页面或获取官方应用入口,2026搜索,2026search,1591,27,查询市场行情,5,0.31,0.13,0.73
PAGE_NAV,打开目标页面或获取官方应用入口,2026搜索,2026search,1591,8,查询贷款信息,5,0.31,0.13,0.73
PAGE_NAV,打开目标页面或获取官方应用入口,2026搜索,2026search,1591,53,中国银行服务信息查询,4,0.25,0.1,0.64
PAGE_NAV,打开目标页面或获取官方应用入口,2026搜索,2026search,1591,73,证券代码信息查询,3,0.19,0.06,0.55
PAGE_NAV,打开目标页面或获取官方应用入口,2026搜索,2026search,1591,16,查询人寿保险相关业务信息,3,0.19,0.06,0.55
PAGE_NAV,打开目标页面或获取官方应用入口,2026搜索,2026search,1591,2,证券代码信息查询,3,0.19,0.06,0.55
PAGE_NAV,打开目标页面或获取官方应用入口,2026搜索,2026search,1591,13,花呗操作查询,2,0.13,0.03,0.46
PAGE_NAV,打开目标页面或获取官方应用入口,2026搜索,2026search,1591,18,查询保险相关业务,2,0.13,0.03,0.46
PAGE_NAV,打开目标页面或获取官方应用入口,2026搜索,2026search,1591,17,查询保险公司信息,2,0.13,0.03,0.46
PAGE_NAV,打开目标页面或获取官方应用入口,2026搜索,2026search,1591,25,查询股票信息,2,0.13,0.03,0.46
PAGE_NAV,打开目标页面或获取官方应用入口,2026搜索,2026search,1591,54,建设银行网点与服务查询,2,0.13,0.03,0.46
PAGE_NAV,打开目标页面或获取官方应用入口,2026搜索,2026search,1591,28,股指行情查询,1,0.06,0.01,0.36
PAGE_NAV,打开目标页面或获取官方应用入口,2026搜索,2026search,1591,43,支付方式使用与设置查询,1,0.06,0.01,0.36
PAGE_NAV,打开目标页面或获取官方应用入口,2026搜索,2026search,1591,21,保险公司电话查询,1,0.06,0.01,0.36
PAGE_NAV,打开目标页面或获取官方应用入口,2026搜索,2026search,1591,62,查询金价,1,0.06,0.01,0.36
PAGE_NAV,打开目标页面或获取官方应用入口,2026搜索,2026search,1591,50,农业银行及农村信用社服务信息查询,1,0.06,0.01,0.36
PAGE_NAV,打开目标页面或获取官方应用入口,2026搜索,2026search,1591,49,银行信息查询,1,0.06,0.01,0.36
PAGE_NAV,打开目标页面或获取官方应用入口,2026搜索,2026search,1591,45,查询股份公司及股票信息,1,0.06,0.01,0.36
FX_CONVERT,查询汇率并换算外币金额,2026搜索,2026search,717,33,查询人民币兑外币汇率,373,52.02,48.36,55.66
FX_CONVERT,查询汇率并换算外币金额,2026搜索,2026search,717,35,货币兑换金额换算查询,163,22.73,19.82,25.94
FX_CONVERT,查询汇率并换算外币金额,2026搜索,2026search,717,39,货币兑换查询,84,11.72,9.56,14.28
FX_CONVERT,查询汇率并换算外币金额,2026搜索,2026search,717,34,查询美元兑日元汇率,58,8.09,6.31,10.32
FX_CONVERT,查询汇率并换算外币金额,2026搜索,2026search,717,36,人民币及货币信息查询,30,4.18,2.95,5.91
FX_CONVERT,查询汇率并换算外币金额,2026搜索,2026search,717,53,中国银行服务信息查询,5,0.7,0.3,1.62
FX_CONVERT,查询汇率并换算外币金额,2026搜索,2026search,717,63,查询价格走势图,2,0.28,0.08,1.01
FX_CONVERT,查询汇率并换算外币金额,2026搜索,2026search,717,31,查询财经门户与市场行情,1,0.14,0.02,0.79
FX_CONVERT,查询汇率并换算外币金额,2026搜索,2026search,717,71,查询价格与金额,1,0.14,0.02,0.79
RESOLVE_BARE_ENTITY,解析裸非可报价名称,2026搜索,2026search,414,31,查询财经门户与市场行情,105,25.36,21.41,29.77
RESOLVE_BARE_ENTITY,解析裸非可报价名称,2026搜索,2026search,414,49,银行信息查询,57,13.77,10.78,17.42
RESOLVE_BARE_ENTITY,解析裸非可报价名称,2026搜索,2026search,414,32,证券股票信息查询,55,13.29,10.35,16.89
RESOLVE_BARE_ENTITY,解析裸非可报价名称,2026搜索,2026search,414,18,查询保险相关业务,20,4.83,3.15,7.34
RESOLVE_BARE_ENTITY,解析裸非可报价名称,2026搜索,2026search,414,17,查询保险公司信息,15,3.62,2.21,5.89
RESOLVE_BARE_ENTITY,解析裸非可报价名称,2026搜索,2026search,414,22,查询科技股与科创板信息,14,3.38,2.02,5.6
RESOLVE_BARE_ENTITY,解析裸非可报价名称,2026搜索,2026search,414,7,基金净值查询,12,2.9,1.67,5.0
RESOLVE_BARE_ENTITY,解析裸非可报价名称,2026搜索,2026search,414,8,查询贷款信息,11,2.66,1.49,4.69
RESOLVE_BARE_ENTITY,解析裸非可报价名称,2026搜索,2026search,414,50,农业银行及农村信用社服务信息查询,11,2.66,1.49,4.69
RESOLVE_BARE_ENTITY,解析裸非可报价名称,2026搜索,2026search,414,36,人民币及货币信息查询,11,2.66,1.49,4.69
RESOLVE_BARE_ENTITY,解析裸非可报价名称,2026搜索,2026search,414,53,中国银行服务信息查询,10,2.42,1.32,4.39
RESOLVE_BARE_ENTITY,解析裸非可报价名称,2026搜索,2026search,414,13,花呗操作查询,10,2.42,1.32,4.39
RESOLVE_BARE_ENTITY,解析裸非可报价名称,2026搜索,2026search,414,30,股票行情与选股建议查询,9,2.17,1.15,4.08
RESOLVE_BARE_ENTITY,解析裸非可报价名称,2026搜索,2026search,414,54,建设银行网点与服务查询,7,1.69,0.82,3.45
RESOLVE_BARE_ENTITY,解析裸非可报价名称,2026搜索,2026search,414,16,查询人寿保险相关业务信息,7,1.69,0.82,3.45
RESOLVE_BARE_ENTITY,解析裸非可报价名称,2026搜索,2026search,414,21,保险公司电话查询,6,1.45,0.67,3.13
RESOLVE_BARE_ENTITY,解析裸非可报价名称,2026搜索,2026search,414,14,个人征信报告查询与影响咨询,6,1.45,0.67,3.13
RESOLVE_BARE_ENTITY,解析裸非可报价名称,2026搜索,2026search,414,47,查询办理信用卡业务,5,1.21,0.52,2.8
RESOLVE_BARE_ENTITY,解析裸非可报价名称,2026搜索,2026search,414,52,下载安装金融类App,5,1.21,0.52,2.8
RESOLVE_BARE_ENTITY,解析裸非可报价名称,2026搜索,2026search,414,43,支付方式使用与设置查询,4,0.97,0.38,2.46
RESOLVE_BARE_ENTITY,解析裸非可报价名称,2026搜索,2026search,414,10,查询转账与账户业务可行性,4,0.97,0.38,2.46
RESOLVE_BARE_ENTITY,解析裸非可报价名称,2026搜索,2026search,414,28,股指行情查询,3,0.72,0.25,2.11
RESOLVE_BARE_ENTITY,解析裸非可报价名称,2026搜索,2026search,414,15,查询借款平台正规性,3,0.72,0.25,2.11
RESOLVE_BARE_ENTITY,解析裸非可报价名称,2026搜索,2026search,414,71,查询价格与金额,3,0.72,0.25,2.11
RESOLVE_BARE_ENTITY,解析裸非可报价名称,2026搜索,2026search,414,29,蚂蚁庄园今日答案查询,2,0.48,0.13,1.74
RESOLVE_BARE_ENTITY,解析裸非可报价名称,2026搜索,2026search,414,44,支付宝相关操作查询,2,0.48,0.13,1.74
RESOLVE_BARE_ENTITY,解析裸非可报价名称,2026搜索,2026search,414,58,查询黄金价格,2,0.48,0.13,1.74
RESOLVE_BARE_ENTITY,解析裸非可报价名称,2026搜索,2026search,414,39,货币兑换查询,2,0.48,0.13,1.74
RESOLVE_BARE_ENTITY,解析裸非可报价名称,2026搜索,2026search,414,45,查询股份公司及股票信息,2,0.48,0.13,1.74
RESOLVE_BARE_ENTITY,解析裸非可报价名称,2026搜索,2026search,414,27,查询市场行情,2,0.48,0.13,1.74
RESOLVE_BARE_ENTITY,解析裸非可报价名称,2026搜索,2026search,414,23,科技类股票信息查询,1,0.24,0.04,1.36
RESOLVE_BARE_ENTITY,解析裸非可报价名称,2026搜索,2026search,414,48,银行卡业务查询与办理指导,1,0.24,0.04,1.36
RESOLVE_BARE_ENTITY,解析裸非可报价名称,2026搜索,2026search,414,20,查询交强险保费、赔偿与投保规定,1,0.24,0.04,1.36
RESOLVE_BARE_ENTITY,解析裸非可报价名称,2026搜索,2026search,414,0,股票代码查询,1,0.24,0.04,1.36
RESOLVE_BARE_ENTITY,解析裸非可报价名称,2026搜索,2026search,414,34,查询美元兑日元汇率,1,0.24,0.04,1.36
RESOLVE_BARE_ENTITY,解析裸非可报价名称,2026搜索,2026search,414,25,查询股票信息,1,0.24,0.04,1.36
RESOLVE_BARE_ENTITY,解析裸非可报价名称,2026搜索,2026search,414,33,查询人民币兑外币汇率,1,0.24,0.04,1.36
RESOLVE_BARE_ENTITY,解析裸非可报价名称,2026搜索,2026search,414,26,查询个股股票行情与股吧讨论,1,0.24,0.04,1.36
RESOLVE_BARE_ENTITY,解析裸非可报价名称,2026搜索,2026search,414,19,车险购买与理赔咨询,1,0.24,0.04,1.36
OTHER_INTENT,其他非金融意图或无明确意图,2026搜索,2026search,97,29,蚂蚁庄园今日答案查询,51,52.58,42.73,62.23
OTHER_INTENT,其他非金融意图或无明确意图,2026搜索,2026search,97,31,查询财经门户与市场行情,14,14.43,8.8,22.78
OTHER_INTENT,其他非金融意图或无明确意图,2026搜索,2026search,97,30,股票行情与选股建议查询,4,4.12,1.62,10.13
OTHER_INTENT,其他非金融意图或无明确意图,2026搜索,2026search,97,52,下载安装金融类App,3,3.09,1.06,8.7
OTHER_INTENT,其他非金融意图或无明确意图,2026搜索,2026search,97,19,车险购买与理赔咨询,3,3.09,1.06,8.7
OTHER_INTENT,其他非金融意图或无明确意图,2026搜索,2026search,97,36,人民币及货币信息查询,2,2.06,0.57,7.21
OTHER_INTENT,其他非金融意图或无明确意图,2026搜索,2026search,97,25,查询股票信息,2,2.06,0.57,7.21
OTHER_INTENT,其他非金融意图或无明确意图,2026搜索,2026search,97,27,查询市场行情,2,2.06,0.57,7.21
OTHER_INTENT,其他非金融意图或无明确意图,2026搜索,2026search,97,28,股指行情查询,2,2.06,0.57,7.21
OTHER_INTENT,其他非金融意图或无明确意图,2026搜索,2026search,97,44,支付宝相关操作查询,2,2.06,0.57,7.21
OTHER_INTENT,其他非金融意图或无明确意图,2026搜索,2026search,97,17,查询保险公司信息,1,1.03,0.18,5.61
OTHER_INTENT,其他非金融意图或无明确意图,2026搜索,2026search,97,67,贷款月供计算,1,1.03,0.18,5.61
OTHER_INTENT,其他非金融意图或无明确意图,2026搜索,2026search,97,10,查询转账与账户业务可行性,1,1.03,0.18,5.61
OTHER_INTENT,其他非金融意图或无明确意图,2026搜索,2026search,97,49,银行信息查询,1,1.03,0.18,5.61
OTHER_INTENT,其他非金融意图或无明确意图,2026搜索,2026search,97,71,查询价格与金额,1,1.03,0.18,5.61
OTHER_INTENT,其他非金融意图或无明确意图,2026搜索,2026search,97,32,证券股票信息查询,1,1.03,0.18,5.61
OTHER_INTENT,其他非金融意图或无明确意图,2026搜索,2026search,97,43,支付方式使用与设置查询,1,1.03,0.18,5.61
OTHER_INTENT,其他非金融意图或无明确意图,2026搜索,2026search,97,11,查询金融术语含义,1,1.03,0.18,5.61
OTHER_INTENT,其他非金融意图或无明确意图,2026搜索,2026search,97,15,查询借款平台正规性,1,1.03,0.18,5.61
OTHER_INTENT,其他非金融意图或无明确意图,2026搜索,2026search,97,60,市场价格行情查询,1,1.03,0.18,5.61
OTHER_INTENT,其他非金融意图或无明确意图,2026搜索,2026search,97,63,查询价格走势图,1,1.03,0.18,5.61
OTHER_INTENT,其他非金融意图或无明确意图,2026搜索,2026search,97,64,查询金融业务数值与代码,1,1.03,0.18,5.61
CONTACT_BRANCH_LOOKUP,查询机构联系方式、网点信息及号码归属,2026搜索,2026search,331,55,银行客服电话查询,126,38.07,33.0,43.41
CONTACT_BRANCH_LOOKUP,查询机构联系方式、网点信息及号码归属,2026搜索,2026search,331,3,查询电话号码归属,98,29.61,24.95,34.74
CONTACT_BRANCH_LOOKUP,查询机构联系方式、网点信息及号码归属,2026搜索,2026search,331,21,保险公司电话查询,34,10.27,7.44,14.01
CONTACT_BRANCH_LOOKUP,查询机构联系方式、网点信息及号码归属,2026搜索,2026search,331,47,查询办理信用卡业务,22,6.65,4.43,9.86
CONTACT_BRANCH_LOOKUP,查询机构联系方式、网点信息及号码归属,2026搜索,2026search,331,49,银行信息查询,17,5.14,3.23,8.07
CONTACT_BRANCH_LOOKUP,查询机构联系方式、网点信息及号码归属,2026搜索,2026search,331,50,农业银行及农村信用社服务信息查询,6,1.81,0.83,3.9
CONTACT_BRANCH_LOOKUP,查询机构联系方式、网点信息及号码归属,2026搜索,2026search,331,53,中国银行服务信息查询,6,1.81,0.83,3.9
CONTACT_BRANCH_LOOKUP,查询机构联系方式、网点信息及号码归属,2026搜索,2026search,331,54,建设银行网点与服务查询,4,1.21,0.47,3.07
CONTACT_BRANCH_LOOKUP,查询机构联系方式、网点信息及号码归属,2026搜索,2026search,331,72,金融代码查询,4,1.21,0.47,3.07
CONTACT_BRANCH_LOOKUP,查询机构联系方式、网点信息及号码归属,2026搜索,2026search,331,15,查询借款平台正规性,3,0.91,0.31,2.63
CONTACT_BRANCH_LOOKUP,查询机构联系方式、网点信息及号码归属,2026搜索,2026search,331,17,查询保险公司信息,3,0.91,0.31,2.63
CONTACT_BRANCH_LOOKUP,查询机构联系方式、网点信息及号码归属,2026搜索,2026search,331,16,查询人寿保险相关业务信息,2,0.6,0.17,2.18
CONTACT_BRANCH_LOOKUP,查询机构联系方式、网点信息及号码归属,2026搜索,2026search,331,44,支付宝相关操作查询,2,0.6,0.17,2.18
CONTACT_BRANCH_LOOKUP,查询机构联系方式、网点信息及号码归属,2026搜索,2026search,331,2,证券代码信息查询,1,0.3,0.05,1.69
CONTACT_BRANCH_LOOKUP,查询机构联系方式、网点信息及号码归属,2026搜索,2026search,331,14,个人征信报告查询与影响咨询,1,0.3,0.05,1.69
CONTACT_BRANCH_LOOKUP,查询机构联系方式、网点信息及号码归属,2026搜索,2026search,331,6,查询股票代码与指数信息,1,0.3,0.05,1.69
CONTACT_BRANCH_LOOKUP,查询机构联系方式、网点信息及号码归属,2026搜索,2026search,331,48,银行卡业务查询与办理指导,1,0.3,0.05,1.69
HOWTO_OPERATE,获取银行/支付业务办理步骤与所需资料,2026搜索,2026search,84,44,支付宝相关操作查询,19,22.62,14.99,32.65
HOWTO_OPERATE,获取银行/支付业务办理步骤与所需资料,2026搜索,2026search,84,12,金融业务操作与问题处理方法查询,14,16.67,10.2,26.05
HOWTO_OPERATE,获取银行/支付业务办理步骤与所需资料,2026搜索,2026search,84,48,银行卡业务查询与办理指导,11,13.1,7.47,21.95
HOWTO_OPERATE,获取银行/支付业务办理步骤与所需资料,2026搜索,2026search,84,14,个人征信报告查询与影响咨询,7,8.33,4.1,16.22
HOWTO_OPERATE,获取银行/支付业务办理步骤与所需资料,2026搜索,2026search,84,43,支付方式使用与设置查询,7,8.33,4.1,16.22
HOWTO_OPERATE,获取银行/支付业务办理步骤与所需资料,2026搜索,2026search,84,13,花呗操作查询,6,7.14,3.31,14.72
HOWTO_OPERATE,获取银行/支付业务办理步骤与所需资料,2026搜索,2026search,84,8,查询贷款信息,4,4.76,1.87,11.61
HOWTO_OPERATE,获取银行/支付业务办理步骤与所需资料,2026搜索,2026search,84,49,银行信息查询,2,2.38,0.66,8.27
HOWTO_OPERATE,获取银行/支付业务办理步骤与所需资料,2026搜索,2026search,84,20,查询交强险保费、赔偿与投保规定,2,2.38,0.66,8.27
HOWTO_OPERATE,获取银行/支付业务办理步骤与所需资料,2026搜索,2026search,84,22,查询科技股与科创板信息,2,2.38,0.66,8.27
HOWTO_OPERATE,获取银行/支付业务办理步骤与所需资料,2026搜索,2026search,84,47,查询办理信用卡业务,2,2.38,0.66,8.27
HOWTO_OPERATE,获取银行/支付业务办理步骤与所需资料,2026搜索,2026search,84,30,股票行情与选股建议查询,2,2.38,0.66,8.27
HOWTO_OPERATE,获取银行/支付业务办理步骤与所需资料,2026搜索,2026search,84,7,基金净值查询,1,1.19,0.21,6.44
HOWTO_OPERATE,获取银行/支付业务办理步骤与所需资料,2026搜索,2026search,84,55,银行客服电话查询,1,1.19,0.21,6.44
HOWTO_OPERATE,获取银行/支付业务办理步骤与所需资料,2026搜索,2026search,84,10,查询转账与账户业务可行性,1,1.19,0.21,6.44
HOWTO_OPERATE,获取银行/支付业务办理步骤与所需资料,2026搜索,2026search,84,19,车险购买与理赔咨询,1,1.19,0.21,6.44
HOWTO_OPERATE,获取银行/支付业务办理步骤与所需资料,2026搜索,2026search,84,16,查询人寿保险相关业务信息,1,1.19,0.21,6.44
HOWTO_OPERATE,获取银行/支付业务办理步骤与所需资料,2026搜索,2026search,84,9,贷款提前还款查询,1,1.19,0.21,6.44
CONCEPT_EXPLAIN,解释金融术语与交易/业务规则,2026搜索,2026search,154,11,查询金融术语含义,63,40.91,33.46,48.8
CONCEPT_EXPLAIN,解释金融术语与交易/业务规则,2026搜索,2026search,154,30,股票行情与选股建议查询,25,16.23,11.24,22.87
CONCEPT_EXPLAIN,解释金融术语与交易/业务规则,2026搜索,2026search,154,28,股指行情查询,12,7.79,4.51,13.13
CONCEPT_EXPLAIN,解释金融术语与交易/业务规则,2026搜索,2026search,154,25,查询股票信息,7,4.55,2.22,9.08
CONCEPT_EXPLAIN,解释金融术语与交易/业务规则,2026搜索,2026search,154,49,银行信息查询,6,3.9,1.8,8.24
CONCEPT_EXPLAIN,解释金融术语与交易/业务规则,2026搜索,2026search,154,7,基金净值查询,6,3.9,1.8,8.24
CONCEPT_EXPLAIN,解释金融术语与交易/业务规则,2026搜索,2026search,154,27,查询市场行情,5,3.25,1.39,7.37
CONCEPT_EXPLAIN,解释金融术语与交易/业务规则,2026搜索,2026search,154,48,银行卡业务查询与办理指导,3,1.95,0.66,5.57
CONCEPT_EXPLAIN,解释金融术语与交易/业务规则,2026搜索,2026search,154,19,车险购买与理赔咨询,3,1.95,0.66,5.57
CONCEPT_EXPLAIN,解释金融术语与交易/业务规则,2026搜索,2026search,154,12,金融业务操作与问题处理方法查询,3,1.95,0.66,5.57
CONCEPT_EXPLAIN,解释金融术语与交易/业务规则,2026搜索,2026search,154,68,利率查询与计算,3,1.95,0.66,5.57
CONCEPT_EXPLAIN,解释金融术语与交易/业务规则,2026搜索,2026search,154,65,计算存贷款利息,2,1.3,0.36,4.61
CONCEPT_EXPLAIN,解释金融术语与交易/业务规则,2026搜索,2026search,154,31,查询财经门户与市场行情,2,1.3,0.36,4.61
CONCEPT_EXPLAIN,解释金融术语与交易/业务规则,2026搜索,2026search,154,8,查询贷款信息,2,1.3,0.36,4.61
CONCEPT_EXPLAIN,解释金融术语与交易/业务规则,2026搜索,2026search,154,71,查询价格与金额,2,1.3,0.36,4.61
CONCEPT_EXPLAIN,解释金融术语与交易/业务规则,2026搜索,2026search,154,64,查询金融业务数值与代码,2,1.3,0.36,4.61
CONCEPT_EXPLAIN,解释金融术语与交易/业务规则,2026搜索,2026search,154,18,查询保险相关业务,2,1.3,0.36,4.61
CONCEPT_EXPLAIN,解释金融术语与交易/业务规则,2026搜索,2026search,154,22,查询科技股与科创板信息,1,0.65,0.11,3.59
CONCEPT_EXPLAIN,解释金融术语与交易/业务规则,2026搜索,2026search,154,14,个人征信报告查询与影响咨询,1,0.65,0.11,3.59
CONCEPT_EXPLAIN,解释金融术语与交易/业务规则,2026搜索,2026search,154,53,中国银行服务信息查询,1,0.65,0.11,3.59
CONCEPT_EXPLAIN,解释金融术语与交易/业务规则,2026搜索,2026search,154,44,支付宝相关操作查询,1,0.65,0.11,3.59
CONCEPT_EXPLAIN,解释金融术语与交易/业务规则,2026搜索,2026search,154,60,市场价格行情查询,1,0.65,0.11,3.59
CONCEPT_EXPLAIN,解释金融术语与交易/业务规则,2026搜索,2026search,154,43,支付方式使用与设置查询,1,0.65,0.11,3.59
NEWS_EVENT,查询个股与公司层面的消息、公告与进度,2026搜索,2026search,61,30,股票行情与选股建议查询,25,40.98,29.54,53.5
NEWS_EVENT,查询个股与公司层面的消息、公告与进度,2026搜索,2026search,61,22,查询科技股与科创板信息,9,14.75,7.96,25.72
NEWS_EVENT,查询个股与公司层面的消息、公告与进度,2026搜索,2026search,61,27,查询市场行情,7,11.48,5.67,21.84
NEWS_EVENT,查询个股与公司层面的消息、公告与进度,2026搜索,2026search,61,45,查询股份公司及股票信息,4,6.56,2.58,15.68
NEWS_EVENT,查询个股与公司层面的消息、公告与进度,2026搜索,2026search,61,31,查询财经门户与市场行情,3,4.92,1.69,13.49
NEWS_EVENT,查询个股与公司层面的消息、公告与进度,2026搜索,2026search,61,66,金融行情数据查询,2,3.28,0.9,11.19
NEWS_EVENT,查询个股与公司层面的消息、公告与进度,2026搜索,2026search,61,36,人民币及货币信息查询,2,3.28,0.9,11.19
NEWS_EVENT,查询个股与公司层面的消息、公告与进度,2026搜索,2026search,61,65,计算存贷款利息,2,3.28,0.9,11.19
NEWS_EVENT,查询个股与公司层面的消息、公告与进度,2026搜索,2026search,61,23,科技类股票信息查询,2,3.28,0.9,11.19
NEWS_EVENT,查询个股与公司层面的消息、公告与进度,2026搜索,2026search,61,10,查询转账与账户业务可行性,1,1.64,0.29,8.72
NEWS_EVENT,查询个股与公司层面的消息、公告与进度,2026搜索,2026search,61,17,查询保险公司信息,1,1.64,0.29,8.72
NEWS_EVENT,查询个股与公司层面的消息、公告与进度,2026搜索,2026search,61,24,证券股吧查询,1,1.64,0.29,8.72
NEWS_EVENT,查询个股与公司层面的消息、公告与进度,2026搜索,2026search,61,60,市场价格行情查询,1,1.64,0.29,8.72
NEWS_EVENT,查询个股与公司层面的消息、公告与进度,2026搜索,2026search,61,72,金融代码查询,1,1.64,0.29,8.72
RATE_CALC,查询利率、费率、限额并试算利息/还款,2026搜索,2026search,84,68,利率查询与计算,20,23.81,15.97,33.94
RATE_CALC,查询利率、费率、限额并试算利息/还款,2026搜索,2026search,84,65,计算存贷款利息,14,16.67,10.2,26.05
RATE_CALC,查询利率、费率、限额并试算利息/还款,2026搜索,2026search,84,70,查询定期存款利率,13,15.48,9.27,24.7
RATE_CALC,查询利率、费率、限额并试算利息/还款,2026搜索,2026search,84,8,查询贷款信息,6,7.14,3.31,14.72
RATE_CALC,查询利率、费率、限额并试算利息/还款,2026搜索,2026search,84,64,查询金融业务数值与代码,5,5.95,2.57,13.19
RATE_CALC,查询利率、费率、限额并试算利息/还款,2026搜索,2026search,84,71,查询价格与金额,5,5.95,2.57,13.19
RATE_CALC,查询利率、费率、限额并试算利息/还款,2026搜索,2026search,84,10,查询转账与账户业务可行性,4,4.76,1.87,11.61
RATE_CALC,查询利率、费率、限额并试算利息/还款,2026搜索,2026search,84,20,查询交强险保费、赔偿与投保规定,3,3.57,1.22,9.98
RATE_CALC,查询利率、费率、限额并试算利息/还款,2026搜索,2026search,84,66,金融行情数据查询,3,3.57,1.22,9.98
RATE_CALC,查询利率、费率、限额并试算利息/还款,2026搜索,2026search,84,9,贷款提前还款查询,2,2.38,0.66,8.27
RATE_CALC,查询利率、费率、限额并试算利息/还款,2026搜索,2026search,84,44,支付宝相关操作查询,2,2.38,0.66,8.27
RATE_CALC,查询利率、费率、限额并试算利息/还款,2026搜索,2026search,84,30,股票行情与选股建议查询,1,1.19,0.21,6.44
RATE_CALC,查询利率、费率、限额并试算利息/还款,2026搜索,2026search,84,19,车险购买与理赔咨询,1,1.19,0.21,6.44
RATE_CALC,查询利率、费率、限额并试算利息/还款,2026搜索,2026search,84,15,查询借款平台正规性,1,1.19,0.21,6.44
RATE_CALC,查询利率、费率、限额并试算利息/还款,2026搜索,2026search,84,45,查询股份公司及股票信息,1,1.19,0.21,6.44
RATE_CALC,查询利率、费率、限额并试算利息/还款,2026搜索,2026search,84,12,金融业务操作与问题处理方法查询,1,1.19,0.21,6.44
RATE_CALC,查询利率、费率、限额并试算利息/还款,2026搜索,2026search,84,53,中国银行服务信息查询,1,1.19,0.21,6.44
RATE_CALC,查询利率、费率、限额并试算利息/还款,2026搜索,2026search,84,6,查询股票代码与指数信息,1,1.19,0.21,6.44
ENTITY_VERIFY,核验机构平台与金融信息来源的真伪资质,2026搜索,2026search,33,15,查询借款平台正规性,26,78.79,62.25,89.32
ENTITY_VERIFY,核验机构平台与金融信息来源的真伪资质,2026搜索,2026search,33,49,银行信息查询,3,9.09,3.14,23.57
ENTITY_VERIFY,核验机构平台与金融信息来源的真伪资质,2026搜索,2026search,33,21,保险公司电话查询,1,3.03,0.54,15.32
ENTITY_VERIFY,核验机构平台与金融信息来源的真伪资质,2026搜索,2026search,33,55,银行客服电话查询,1,3.03,0.54,15.32
ENTITY_VERIFY,核验机构平台与金融信息来源的真伪资质,2026搜索,2026search,33,18,查询保险相关业务,1,3.03,0.54,15.32
ENTITY_VERIFY,核验机构平台与金融信息来源的真伪资质,2026搜索,2026search,33,8,查询贷款信息,1,3.03,0.54,15.32
VERDICT_QUESTION,对“是不是/是A还是B”给出裁决结论,2026搜索,2026search,27,30,股票行情与选股建议查询,6,22.22,10.61,40.76
VERDICT_QUESTION,对“是不是/是A还是B”给出裁决结论,2026搜索,2026search,27,49,银行信息查询,4,14.81,5.92,32.48
VERDICT_QUESTION,对“是不是/是A还是B”给出裁决结论,2026搜索,2026search,27,18,查询保险相关业务,3,11.11,3.85,28.06
VERDICT_QUESTION,对“是不是/是A还是B”给出裁决结论,2026搜索,2026search,27,10,查询转账与账户业务可行性,3,11.11,3.85,28.06
VERDICT_QUESTION,对“是不是/是A还是B”给出裁决结论,2026搜索,2026search,27,48,银行卡业务查询与办理指导,2,7.41,2.06,23.37
VERDICT_QUESTION,对“是不是/是A还是B”给出裁决结论,2026搜索,2026search,27,9,贷款提前还款查询,1,3.7,0.66,18.28
VERDICT_QUESTION,对“是不是/是A还是B”给出裁决结论,2026搜索,2026search,27,17,查询保险公司信息,1,3.7,0.66,18.28
VERDICT_QUESTION,对“是不是/是A还是B”给出裁决结论,2026搜索,2026search,27,27,查询市场行情,1,3.7,0.66,18.28
VERDICT_QUESTION,对“是不是/是A还是B”给出裁决结论,2026搜索,2026search,27,70,查询定期存款利率,1,3.7,0.66,18.28
VERDICT_QUESTION,对“是不是/是A还是B”给出裁决结论,2026搜索,2026search,27,15,查询借款平台正规性,1,3.7,0.66,18.28
VERDICT_QUESTION,对“是不是/是A还是B”给出裁决结论,2026搜索,2026search,27,53,中国银行服务信息查询,1,3.7,0.66,18.28
VERDICT_QUESTION,对“是不是/是A还是B”给出裁决结论,2026搜索,2026search,27,13,花呗操作查询,1,3.7,0.66,18.28
VERDICT_QUESTION,对“是不是/是A还是B”给出裁决结论,2026搜索,2026search,27,19,车险购买与理赔咨询,1,3.7,0.66,18.28
VERDICT_QUESTION,对“是不是/是A还是B”给出裁决结论,2026搜索,2026search,27,50,农业银行及农村信用社服务信息查询,1,3.7,0.66,18.28
INVEST_ADVICE,请求个股买卖持有决策与涨跌预测,2026搜索,2026search,54,30,股票行情与选股建议查询,34,62.96,49.63,74.58
INVEST_ADVICE,请求个股买卖持有决策与涨跌预测,2026搜索,2026search,54,58,查询黄金价格,4,7.41,2.92,17.55
INVEST_ADVICE,请求个股买卖持有决策与涨跌预测,2026搜索,2026search,54,23,科技类股票信息查询,3,5.56,1.91,15.11
INVEST_ADVICE,请求个股买卖持有决策与涨跌预测,2026搜索,2026search,54,71,查询价格与金额,3,5.56,1.91,15.11
INVEST_ADVICE,请求个股买卖持有决策与涨跌预测,2026搜索,2026search,54,26,查询个股股票行情与股吧讨论,1,1.85,0.33,9.77
INVEST_ADVICE,请求个股买卖持有决策与涨跌预测,2026搜索,2026search,54,25,查询股票信息,1,1.85,0.33,9.77
INVEST_ADVICE,请求个股买卖持有决策与涨跌预测,2026搜索,2026search,54,31,查询财经门户与市场行情,1,1.85,0.33,9.77
INVEST_ADVICE,请求个股买卖持有决策与涨跌预测,2026搜索,2026search,54,63,查询价格走势图,1,1.85,0.33,9.77
INVEST_ADVICE,请求个股买卖持有决策与涨跌预测,2026搜索,2026search,54,62,查询金价,1,1.85,0.33,9.77
INVEST_ADVICE,请求个股买卖持有决策与涨跌预测,2026搜索,2026search,54,12,金融业务操作与问题处理方法查询,1,1.85,0.33,9.77
INVEST_ADVICE,请求个股买卖持有决策与涨跌预测,2026搜索,2026search,54,7,基金净值查询,1,1.85,0.33,9.77
INVEST_ADVICE,请求个股买卖持有决策与涨跌预测,2026搜索,2026search,54,22,查询科技股与科创板信息,1,1.85,0.33,9.77
INVEST_ADVICE,请求个股买卖持有决策与涨跌预测,2026搜索,2026search,54,46,查询股份股票及股吧信息,1,1.85,0.33,9.77
INVEST_ADVICE,请求个股买卖持有决策与涨跌预测,2026搜索,2026search,54,66,金融行情数据查询,1,1.85,0.33,9.77
ENTITY_IDENTITY_CHECK,确认或反查标的代码与名称对应,2026搜索,2026search,40,30,股票行情与选股建议查询,19,47.5,32.94,62.5
ENTITY_IDENTITY_CHECK,确认或反查标的代码与名称对应,2026搜索,2026search,40,17,查询保险公司信息,6,15.0,7.06,29.07
ENTITY_IDENTITY_CHECK,确认或反查标的代码与名称对应,2026搜索,2026search,40,25,查询股票信息,6,15.0,7.06,29.07
ENTITY_IDENTITY_CHECK,确认或反查标的代码与名称对应,2026搜索,2026search,40,31,查询财经门户与市场行情,1,2.5,0.44,12.88
ENTITY_IDENTITY_CHECK,确认或反查标的代码与名称对应,2026搜索,2026search,40,66,金融行情数据查询,1,2.5,0.44,12.88
ENTITY_IDENTITY_CHECK,确认或反查标的代码与名称对应,2026搜索,2026search,40,23,科技类股票信息查询,1,2.5,0.44,12.88
ENTITY_IDENTITY_CHECK,确认或反查标的代码与名称对应,2026搜索,2026search,40,1,查询300开头股票代码与行情,1,2.5,0.44,12.88
ENTITY_IDENTITY_CHECK,确认或反查标的代码与名称对应,2026搜索,2026search,40,6,查询股票代码与指数信息,1,2.5,0.44,12.88
ENTITY_IDENTITY_CHECK,确认或反查标的代码与名称对应,2026搜索,2026search,40,2,证券代码信息查询,1,2.5,0.44,12.88
ENTITY_IDENTITY_CHECK,确认或反查标的代码与名称对应,2026搜索,2026search,40,0,股票代码查询,1,2.5,0.44,12.88
ENTITY_IDENTITY_CHECK,确认或反查标的代码与名称对应,2026搜索,2026search,40,28,股指行情查询,1,2.5,0.44,12.88
ENTITY_IDENTITY_CHECK,确认或反查标的代码与名称对应,2026搜索,2026search,40,22,查询科技股与科创板信息,1,2.5,0.44,12.88
MARKET_MOVEMENT_EXPLAIN,解释已发生市场现象的原因,2026搜索,2026search,5,30,股票行情与选股建议查询,4,80.0,37.55,96.38
MARKET_MOVEMENT_EXPLAIN,解释已发生市场现象的原因,2026搜索,2026search,5,36,人民币及货币信息查询,1,20.0,3.62,62.45
TXN_ISSUE,排查账户与交易异常,2026搜索,2026search,17,48,银行卡业务查询与办理指导,5,29.41,13.28,53.13
TXN_ISSUE,排查账户与交易异常,2026搜索,2026search,17,9,贷款提前还款查询,4,23.53,9.55,47.26
TXN_ISSUE,排查账户与交易异常,2026搜索,2026search,17,10,查询转账与账户业务可行性,4,23.53,9.55,47.26
TXN_ISSUE,排查账户与交易异常,2026搜索,2026search,17,12,金融业务操作与问题处理方法查询,3,17.65,6.19,41.03
TXN_ISSUE,排查账户与交易异常,2026搜索,2026search,17,55,银行客服电话查询,1,5.88,1.05,26.98
COMPARISON_DECISION,比较两个金融对象并给出取舍,2026搜索,2026search,6,70,查询定期存款利率,2,33.33,9.68,70.0
COMPARISON_DECISION,比较两个金融对象并给出取舍,2026搜索,2026search,6,48,银行卡业务查询与办理指导,1,16.67,3.01,56.35
COMPARISON_DECISION,比较两个金融对象并给出取舍,2026搜索,2026search,6,65,计算存贷款利息,1,16.67,3.01,56.35
COMPARISON_DECISION,比较两个金融对象并给出取舍,2026搜索,2026search,6,17,查询保险公司信息,1,16.67,3.01,56.35
COMPARISON_DECISION,比较两个金融对象并给出取舍,2026搜索,2026search,6,19,车险购买与理赔咨询,1,16.67,3.01,56.35
DEBT_DISTRESS,处理逾期催收与还款困境,2026搜索,2026search,2,15,查询借款平台正规性,2,100.0,34.24,100.0
RATE_CALC,查询利率、费率、限额并试算利息/还款,2026搜索随机1w,2026search_rand,822,65,计算存贷款利息,208,25.3,22.45,28.39
RATE_CALC,查询利率、费率、限额并试算利息/还款,2026搜索随机1w,2026search_rand,822,71,查询价格与金额,93,11.31,9.33,13.66
RATE_CALC,查询利率、费率、限额并试算利息/还款,2026搜索随机1w,2026search_rand,822,67,贷款月供计算,55,6.69,5.18,8.61
RATE_CALC,查询利率、费率、限额并试算利息/还款,2026搜索随机1w,2026search_rand,822,68,利率查询与计算,53,6.45,4.96,8.34
RATE_CALC,查询利率、费率、限额并试算利息/还款,2026搜索随机1w,2026search_rand,822,64,查询金融业务数值与代码,52,6.33,4.86,8.2
RATE_CALC,查询利率、费率、限额并试算利息/还款,2026搜索随机1w,2026search_rand,822,70,查询定期存款利率,44,5.35,4.01,7.11
RATE_CALC,查询利率、费率、限额并试算利息/还款,2026搜索随机1w,2026search_rand,822,47,查询办理信用卡业务,35,4.26,3.08,5.86
RATE_CALC,查询利率、费率、限额并试算利息/还款,2026搜索随机1w,2026search_rand,822,66,金融行情数据查询,34,4.14,2.97,5.72
RATE_CALC,查询利率、费率、限额并试算利息/还款,2026搜索随机1w,2026search_rand,822,10,查询转账与账户业务可行性,31,3.77,2.67,5.3
RATE_CALC,查询利率、费率、限额并试算利息/还款,2026搜索随机1w,2026search_rand,822,8,查询贷款信息,26,3.16,2.17,4.59
RATE_CALC,查询利率、费率、限额并试算利息/还款,2026搜索随机1w,2026search_rand,822,49,银行信息查询,25,3.04,2.07,4.45
RATE_CALC,查询利率、费率、限额并试算利息/还款,2026搜索随机1w,2026search_rand,822,48,银行卡业务查询与办理指导,23,2.8,1.87,4.16
RATE_CALC,查询利率、费率、限额并试算利息/还款,2026搜索随机1w,2026search_rand,822,9,贷款提前还款查询,21,2.55,1.68,3.87
RATE_CALC,查询利率、费率、限额并试算利息/还款,2026搜索随机1w,2026search_rand,822,20,查询交强险保费、赔偿与投保规定,13,1.58,0.93,2.69
RATE_CALC,查询利率、费率、限额并试算利息/还款,2026搜索随机1w,2026search_rand,822,18,查询保险相关业务,13,1.58,0.93,2.69
RATE_CALC,查询利率、费率、限额并试算利息/还款,2026搜索随机1w,2026search_rand,822,50,农业银行及农村信用社服务信息查询,12,1.46,0.84,2.53
RATE_CALC,查询利率、费率、限额并试算利息/还款,2026搜索随机1w,2026search_rand,822,19,车险购买与理赔咨询,9,1.09,0.58,2.07
RATE_CALC,查询利率、费率、限额并试算利息/还款,2026搜索随机1w,2026search_rand,822,13,花呗操作查询,8,0.97,0.49,1.91
RATE_CALC,查询利率、费率、限额并试算利息/还款,2026搜索随机1w,2026search_rand,822,72,金融代码查询,8,0.97,0.49,1.91
RATE_CALC,查询利率、费率、限额并试算利息/还款,2026搜索随机1w,2026search_rand,822,44,支付宝相关操作查询,6,0.73,0.33,1.58
RATE_CALC,查询利率、费率、限额并试算利息/还款,2026搜索随机1w,2026search_rand,822,17,查询保险公司信息,5,0.61,0.26,1.42
RATE_CALC,查询利率、费率、限额并试算利息/还款,2026搜索随机1w,2026search_rand,822,7,基金净值查询,4,0.49,0.19,1.24
RATE_CALC,查询利率、费率、限额并试算利息/还款,2026搜索随机1w,2026search_rand,822,53,中国银行服务信息查询,4,0.49,0.19,1.24
RATE_CALC,查询利率、费率、限额并试算利息/还款,2026搜索随机1w,2026search_rand,822,16,查询人寿保险相关业务信息,4,0.49,0.19,1.24
RATE_CALC,查询利率、费率、限额并试算利息/还款,2026搜索随机1w,2026search_rand,822,31,查询财经门户与市场行情,3,0.36,0.12,1.07
RATE_CALC,查询利率、费率、限额并试算利息/还款,2026搜索随机1w,2026search_rand,822,30,股票行情与选股建议查询,3,0.36,0.12,1.07
RATE_CALC,查询利率、费率、限额并试算利息/还款,2026搜索随机1w,2026search_rand,822,12,金融业务操作与问题处理方法查询,3,0.36,0.12,1.07
RATE_CALC,查询利率、费率、限额并试算利息/还款,2026搜索随机1w,2026search_rand,822,43,支付方式使用与设置查询,2,0.24,0.07,0.88
RATE_CALC,查询利率、费率、限额并试算利息/还款,2026搜索随机1w,2026search_rand,822,35,货币兑换金额换算查询,2,0.24,0.07,0.88
RATE_CALC,查询利率、费率、限额并试算利息/还款,2026搜索随机1w,2026search_rand,822,25,查询股票信息,2,0.24,0.07,0.88
RATE_CALC,查询利率、费率、限额并试算利息/还款,2026搜索随机1w,2026search_rand,822,6,查询股票代码与指数信息,2,0.24,0.07,0.88
RATE_CALC,查询利率、费率、限额并试算利息/还款,2026搜索随机1w,2026search_rand,822,1,查询300开头股票代码与行情,2,0.24,0.07,0.88
RATE_CALC,查询利率、费率、限额并试算利息/还款,2026搜索随机1w,2026search_rand,822,54,建设银行网点与服务查询,2,0.24,0.07,0.88
RATE_CALC,查询利率、费率、限额并试算利息/还款,2026搜索随机1w,2026search_rand,822,32,证券股票信息查询,2,0.24,0.07,0.88
RATE_CALC,查询利率、费率、限额并试算利息/还款,2026搜索随机1w,2026search_rand,822,15,查询借款平台正规性,2,0.24,0.07,0.88
RATE_CALC,查询利率、费率、限额并试算利息/还款,2026搜索随机1w,2026search_rand,822,52,下载安装金融类App,1,0.12,0.02,0.69
RATE_CALC,查询利率、费率、限额并试算利息/还款,2026搜索随机1w,2026search_rand,822,28,股指行情查询,1,0.12,0.02,0.69
RATE_CALC,查询利率、费率、限额并试算利息/还款,2026搜索随机1w,2026search_rand,822,60,市场价格行情查询,1,0.12,0.02,0.69
RATE_CALC,查询利率、费率、限额并试算利息/还款,2026搜索随机1w,2026search_rand,822,22,查询科技股与科创板信息,1,0.12,0.02,0.69
RATE_CALC,查询利率、费率、限额并试算利息/还款,2026搜索随机1w,2026search_rand,822,33,查询人民币兑外币汇率,1,0.12,0.02,0.69
RATE_CALC,查询利率、费率、限额并试算利息/还款,2026搜索随机1w,2026search_rand,822,34,查询美元兑日元汇率,1,0.12,0.02,0.69
RATE_CALC,查询利率、费率、限额并试算利息/还款,2026搜索随机1w,2026search_rand,822,11,查询金融术语含义,1,0.12,0.02,0.69
RATE_CALC,查询利率、费率、限额并试算利息/还款,2026搜索随机1w,2026search_rand,822,0,股票代码查询,1,0.12,0.02,0.69
RATE_CALC,查询利率、费率、限额并试算利息/还款,2026搜索随机1w,2026search_rand,822,14,个人征信报告查询与影响咨询,1,0.12,0.02,0.69
RATE_CALC,查询利率、费率、限额并试算利息/还款,2026搜索随机1w,2026search_rand,822,45,查询股份公司及股票信息,1,0.12,0.02,0.69
RATE_CALC,查询利率、费率、限额并试算利息/还款,2026搜索随机1w,2026search_rand,822,36,人民币及货币信息查询,1,0.12,0.02,0.69
FX_CONVERT,查询汇率并换算外币金额,2026搜索随机1w,2026search_rand,627,35,货币兑换金额换算查询,298,47.53,43.65,51.44
FX_CONVERT,查询汇率并换算外币金额,2026搜索随机1w,2026search_rand,627,33,查询人民币兑外币汇率,130,20.73,17.74,24.08
FX_CONVERT,查询汇率并换算外币金额,2026搜索随机1w,2026search_rand,627,36,人民币及货币信息查询,44,7.02,5.27,9.29
FX_CONVERT,查询汇率并换算外币金额,2026搜索随机1w,2026search_rand,627,34,查询美元兑日元汇率,43,6.86,5.13,9.11
FX_CONVERT,查询汇率并换算外币金额,2026搜索随机1w,2026search_rand,627,39,货币兑换查询,30,4.78,3.37,6.75
FX_CONVERT,查询汇率并换算外币金额,2026搜索随机1w,2026search_rand,627,71,查询价格与金额,15,2.39,1.46,3.91
FX_CONVERT,查询汇率并换算外币金额,2026搜索随机1w,2026search_rand,627,64,查询金融业务数值与代码,13,2.07,1.22,3.51
FX_CONVERT,查询汇率并换算外币金额,2026搜索随机1w,2026search_rand,627,72,金融代码查询,11,1.75,0.98,3.11
FX_CONVERT,查询汇率并换算外币金额,2026搜索随机1w,2026search_rand,627,6,查询股票代码与指数信息,9,1.44,0.76,2.71
FX_CONVERT,查询汇率并换算外币金额,2026搜索随机1w,2026search_rand,627,66,金融行情数据查询,7,1.12,0.54,2.29
FX_CONVERT,查询汇率并换算外币金额,2026搜索随机1w,2026search_rand,627,1,查询300开头股票代码与行情,6,0.96,0.44,2.07
FX_CONVERT,查询汇率并换算外币金额,2026搜索随机1w,2026search_rand,627,53,中国银行服务信息查询,4,0.64,0.25,1.63
FX_CONVERT,查询汇率并换算外币金额,2026搜索随机1w,2026search_rand,627,58,查询黄金价格,3,0.48,0.16,1.4
FX_CONVERT,查询汇率并换算外币金额,2026搜索随机1w,2026search_rand,627,60,市场价格行情查询,2,0.32,0.09,1.16
FX_CONVERT,查询汇率并换算外币金额,2026搜索随机1w,2026search_rand,627,12,金融业务操作与问题处理方法查询,2,0.32,0.09,1.16
FX_CONVERT,查询汇率并换算外币金额,2026搜索随机1w,2026search_rand,627,67,贷款月供计算,1,0.16,0.03,0.9
FX_CONVERT,查询汇率并换算外币金额,2026搜索随机1w,2026search_rand,627,49,银行信息查询,1,0.16,0.03,0.9
FX_CONVERT,查询汇率并换算外币金额,2026搜索随机1w,2026search_rand,627,28,股指行情查询,1,0.16,0.03,0.9
FX_CONVERT,查询汇率并换算外币金额,2026搜索随机1w,2026search_rand,627,63,查询价格走势图,1,0.16,0.03,0.9
FX_CONVERT,查询汇率并换算外币金额,2026搜索随机1w,2026search_rand,627,31,查询财经门户与市场行情,1,0.16,0.03,0.9
FX_CONVERT,查询汇率并换算外币金额,2026搜索随机1w,2026search_rand,627,65,计算存贷款利息,1,0.16,0.03,0.9
FX_CONVERT,查询汇率并换算外币金额,2026搜索随机1w,2026search_rand,627,68,利率查询与计算,1,0.16,0.03,0.9
FX_CONVERT,查询汇率并换算外币金额,2026搜索随机1w,2026search_rand,627,0,股票代码查询,1,0.16,0.03,0.9
FX_CONVERT,查询汇率并换算外币金额,2026搜索随机1w,2026search_rand,627,9,贷款提前还款查询,1,0.16,0.03,0.9
FX_CONVERT,查询汇率并换算外币金额,2026搜索随机1w,2026search_rand,627,2,证券代码信息查询,1,0.16,0.03,0.9
PAGE_NAV,打开目标页面或获取官方应用入口,2026搜索随机1w,2026search_rand,320,24,证券股吧查询,81,25.31,20.86,30.35
PAGE_NAV,打开目标页面或获取官方应用入口,2026搜索随机1w,2026search_rand,320,52,下载安装金融类App,56,17.5,13.73,22.04
PAGE_NAV,打开目标页面或获取官方应用入口,2026搜索随机1w,2026search_rand,320,31,查询财经门户与市场行情,47,14.69,11.23,18.98
PAGE_NAV,打开目标页面或获取官方应用入口,2026搜索随机1w,2026search_rand,320,0,股票代码查询,13,4.06,2.39,6.83
PAGE_NAV,打开目标页面或获取官方应用入口,2026搜索随机1w,2026search_rand,320,72,金融代码查询,8,2.5,1.27,4.85
PAGE_NAV,打开目标页面或获取官方应用入口,2026搜索随机1w,2026search_rand,320,49,银行信息查询,8,2.5,1.27,4.85
PAGE_NAV,打开目标页面或获取官方应用入口,2026搜索随机1w,2026search_rand,320,15,查询借款平台正规性,8,2.5,1.27,4.85
PAGE_NAV,打开目标页面或获取官方应用入口,2026搜索随机1w,2026search_rand,320,36,人民币及货币信息查询,7,2.19,1.06,4.45
PAGE_NAV,打开目标页面或获取官方应用入口,2026搜索随机1w,2026search_rand,320,46,查询股份股票及股吧信息,7,2.19,1.06,4.45
PAGE_NAV,打开目标页面或获取官方应用入口,2026搜索随机1w,2026search_rand,320,8,查询贷款信息,7,2.19,1.06,4.45
PAGE_NAV,打开目标页面或获取官方应用入口,2026搜索随机1w,2026search_rand,320,7,基金净值查询,7,2.19,1.06,4.45
PAGE_NAV,打开目标页面或获取官方应用入口,2026搜索随机1w,2026search_rand,320,30,股票行情与选股建议查询,5,1.56,0.67,3.6
PAGE_NAV,打开目标页面或获取官方应用入口,2026搜索随机1w,2026search_rand,320,21,保险公司电话查询,5,1.56,0.67,3.6
PAGE_NAV,打开目标页面或获取官方应用入口,2026搜索随机1w,2026search_rand,320,18,查询保险相关业务,5,1.56,0.67,3.6
PAGE_NAV,打开目标页面或获取官方应用入口,2026搜索随机1w,2026search_rand,320,32,证券股票信息查询,5,1.56,0.67,3.6
PAGE_NAV,打开目标页面或获取官方应用入口,2026搜索随机1w,2026search_rand,320,50,农业银行及农村信用社服务信息查询,4,1.25,0.49,3.17
PAGE_NAV,打开目标页面或获取官方应用入口,2026搜索随机1w,2026search_rand,320,1,查询300开头股票代码与行情,4,1.25,0.49,3.17
PAGE_NAV,打开目标页面或获取官方应用入口,2026搜索随机1w,2026search_rand,320,44,支付宝相关操作查询,4,1.25,0.49,3.17
PAGE_NAV,打开目标页面或获取官方应用入口,2026搜索随机1w,2026search_rand,320,26,查询个股股票行情与股吧讨论,4,1.25,0.49,3.17
PAGE_NAV,打开目标页面或获取官方应用入口,2026搜索随机1w,2026search_rand,320,45,查询股份公司及股票信息,4,1.25,0.49,3.17
PAGE_NAV,打开目标页面或获取官方应用入口,2026搜索随机1w,2026search_rand,320,2,证券代码信息查询,4,1.25,0.49,3.17
PAGE_NAV,打开目标页面或获取官方应用入口,2026搜索随机1w,2026search_rand,320,14,个人征信报告查询与影响咨询,4,1.25,0.49,3.17
PAGE_NAV,打开目标页面或获取官方应用入口,2026搜索随机1w,2026search_rand,320,66,金融行情数据查询,3,0.94,0.32,2.72
PAGE_NAV,打开目标页面或获取官方应用入口,2026搜索随机1w,2026search_rand,320,25,查询股票信息,3,0.94,0.32,2.72
PAGE_NAV,打开目标页面或获取官方应用入口,2026搜索随机1w,2026search_rand,320,6,查询股票代码与指数信息,2,0.62,0.17,2.25
PAGE_NAV,打开目标页面或获取官方应用入口,2026搜索随机1w,2026search_rand,320,73,证券代码信息查询,2,0.62,0.17,2.25
PAGE_NAV,打开目标页面或获取官方应用入口,2026搜索随机1w,2026search_rand,320,43,支付方式使用与设置查询,2,0.62,0.17,2.25
PAGE_NAV,打开目标页面或获取官方应用入口,2026搜索随机1w,2026search_rand,320,11,查询金融术语含义,1,0.31,0.06,1.75
PAGE_NAV,打开目标页面或获取官方应用入口,2026搜索随机1w,2026search_rand,320,10,查询转账与账户业务可行性,1,0.31,0.06,1.75
PAGE_NAV,打开目标页面或获取官方应用入口,2026搜索随机1w,2026search_rand,320,22,查询科技股与科创板信息,1,0.31,0.06,1.75
PAGE_NAV,打开目标页面或获取官方应用入口,2026搜索随机1w,2026search_rand,320,16,查询人寿保险相关业务信息,1,0.31,0.06,1.75
PAGE_NAV,打开目标页面或获取官方应用入口,2026搜索随机1w,2026search_rand,320,19,车险购买与理赔咨询,1,0.31,0.06,1.75
PAGE_NAV,打开目标页面或获取官方应用入口,2026搜索随机1w,2026search_rand,320,58,查询黄金价格,1,0.31,0.06,1.75
PAGE_NAV,打开目标页面或获取官方应用入口,2026搜索随机1w,2026search_rand,320,23,科技类股票信息查询,1,0.31,0.06,1.75
PAGE_NAV,打开目标页面或获取官方应用入口,2026搜索随机1w,2026search_rand,320,27,查询市场行情,1,0.31,0.06,1.75
PAGE_NAV,打开目标页面或获取官方应用入口,2026搜索随机1w,2026search_rand,320,13,花呗操作查询,1,0.31,0.06,1.75
PAGE_NAV,打开目标页面或获取官方应用入口,2026搜索随机1w,2026search_rand,320,17,查询保险公司信息,1,0.31,0.06,1.75
PAGE_NAV,打开目标页面或获取官方应用入口,2026搜索随机1w,2026search_rand,320,53,中国银行服务信息查询,1,0.31,0.06,1.75
QUOTE_LOOKUP,查询可报价品种实时行情与价格,2026搜索随机1w,2026search_rand,1667,25,查询股票信息,254,15.24,13.59,17.04
QUOTE_LOOKUP,查询可报价品种实时行情与价格,2026搜索随机1w,2026search_rand,1667,30,股票行情与选股建议查询,175,10.5,9.12,12.06
QUOTE_LOOKUP,查询可报价品种实时行情与价格,2026搜索随机1w,2026search_rand,1667,7,基金净值查询,134,8.04,6.83,9.44
QUOTE_LOOKUP,查询可报价品种实时行情与价格,2026搜索随机1w,2026search_rand,1667,27,查询市场行情,119,7.14,6.0,8.48
QUOTE_LOOKUP,查询可报价品种实时行情与价格,2026搜索随机1w,2026search_rand,1667,0,股票代码查询,85,5.1,4.14,6.26
QUOTE_LOOKUP,查询可报价品种实时行情与价格,2026搜索随机1w,2026search_rand,1667,31,查询财经门户与市场行情,76,4.56,3.66,5.67
QUOTE_LOOKUP,查询可报价品种实时行情与价格,2026搜索随机1w,2026search_rand,1667,63,查询价格走势图,72,4.32,3.44,5.4
QUOTE_LOOKUP,查询可报价品种实时行情与价格,2026搜索随机1w,2026search_rand,1667,72,金融代码查询,67,4.02,3.18,5.07
QUOTE_LOOKUP,查询可报价品种实时行情与价格,2026搜索随机1w,2026search_rand,1667,66,金融行情数据查询,66,3.96,3.12,5.01
QUOTE_LOOKUP,查询可报价品种实时行情与价格,2026搜索随机1w,2026search_rand,1667,58,查询黄金价格,65,3.9,3.07,4.94
QUOTE_LOOKUP,查询可报价品种实时行情与价格,2026搜索随机1w,2026search_rand,1667,60,市场价格行情查询,56,3.36,2.6,4.34
QUOTE_LOOKUP,查询可报价品种实时行情与价格,2026搜索随机1w,2026search_rand,1667,59,实时行情查询,53,3.18,2.44,4.14
QUOTE_LOOKUP,查询可报价品种实时行情与价格,2026搜索随机1w,2026search_rand,1667,45,查询股份公司及股票信息,46,2.76,2.08,3.66
QUOTE_LOOKUP,查询可报价品种实时行情与价格,2026搜索随机1w,2026search_rand,1667,28,股指行情查询,43,2.58,1.92,3.46
QUOTE_LOOKUP,查询可报价品种实时行情与价格,2026搜索随机1w,2026search_rand,1667,22,查询科技股与科创板信息,37,2.22,1.61,3.04
QUOTE_LOOKUP,查询可报价品种实时行情与价格,2026搜索随机1w,2026search_rand,1667,62,查询金价,34,2.04,1.46,2.84
QUOTE_LOOKUP,查询可报价品种实时行情与价格,2026搜索随机1w,2026search_rand,1667,23,科技类股票信息查询,33,1.98,1.41,2.77
QUOTE_LOOKUP,查询可报价品种实时行情与价格,2026搜索随机1w,2026search_rand,1667,71,查询价格与金额,31,1.86,1.31,2.63
QUOTE_LOOKUP,查询可报价品种实时行情与价格,2026搜索随机1w,2026search_rand,1667,26,查询个股股票行情与股吧讨论,29,1.74,1.21,2.49
QUOTE_LOOKUP,查询可报价品种实时行情与价格,2026搜索随机1w,2026search_rand,1667,1,查询300开头股票代码与行情,26,1.56,1.07,2.28
QUOTE_LOOKUP,查询可报价品种实时行情与价格,2026搜索随机1w,2026search_rand,1667,46,查询股份股票及股吧信息,24,1.44,0.97,2.13
QUOTE_LOOKUP,查询可报价品种实时行情与价格,2026搜索随机1w,2026search_rand,1667,6,查询股票代码与指数信息,18,1.08,0.68,1.7
QUOTE_LOOKUP,查询可报价品种实时行情与价格,2026搜索随机1w,2026search_rand,1667,64,查询金融业务数值与代码,15,0.9,0.55,1.48
QUOTE_LOOKUP,查询可报价品种实时行情与价格,2026搜索随机1w,2026search_rand,1667,2,证券代码信息查询,13,0.78,0.46,1.33
QUOTE_LOOKUP,查询可报价品种实时行情与价格,2026搜索随机1w,2026search_rand,1667,36,人民币及货币信息查询,10,0.6,0.33,1.1
QUOTE_LOOKUP,查询可报价品种实时行情与价格,2026搜索随机1w,2026search_rand,1667,73,证券代码信息查询,10,0.6,0.33,1.1
QUOTE_LOOKUP,查询可报价品种实时行情与价格,2026搜索随机1w,2026search_rand,1667,17,查询保险公司信息,10,0.6,0.33,1.1
QUOTE_LOOKUP,查询可报价品种实时行情与价格,2026搜索随机1w,2026search_rand,1667,32,证券股票信息查询,9,0.54,0.28,1.02
QUOTE_LOOKUP,查询可报价品种实时行情与价格,2026搜索随机1w,2026search_rand,1667,49,银行信息查询,7,0.42,0.2,0.86
QUOTE_LOOKUP,查询可报价品种实时行情与价格,2026搜索随机1w,2026search_rand,1667,53,中国银行服务信息查询,7,0.42,0.2,0.86
QUOTE_LOOKUP,查询可报价品种实时行情与价格,2026搜索随机1w,2026search_rand,1667,13,花呗操作查询,4,0.24,0.09,0.62
QUOTE_LOOKUP,查询可报价品种实时行情与价格,2026搜索随机1w,2026search_rand,1667,11,查询金融术语含义,4,0.24,0.09,0.62
QUOTE_LOOKUP,查询可报价品种实时行情与价格,2026搜索随机1w,2026search_rand,1667,21,保险公司电话查询,3,0.18,0.06,0.53
QUOTE_LOOKUP,查询可报价品种实时行情与价格,2026搜索随机1w,2026search_rand,1667,48,银行卡业务查询与办理指导,3,0.18,0.06,0.53
QUOTE_LOOKUP,查询可报价品种实时行情与价格,2026搜索随机1w,2026search_rand,1667,68,利率查询与计算,3,0.18,0.06,0.53
QUOTE_LOOKUP,查询可报价品种实时行情与价格,2026搜索随机1w,2026search_rand,1667,65,计算存贷款利息,2,0.12,0.03,0.44
QUOTE_LOOKUP,查询可报价品种实时行情与价格,2026搜索随机1w,2026search_rand,1667,15,查询借款平台正规性,2,0.12,0.03,0.44
QUOTE_LOOKUP,查询可报价品种实时行情与价格,2026搜索随机1w,2026search_rand,1667,33,查询人民币兑外币汇率,2,0.12,0.03,0.44
QUOTE_LOOKUP,查询可报价品种实时行情与价格,2026搜索随机1w,2026search_rand,1667,10,查询转账与账户业务可行性,2,0.12,0.03,0.44
QUOTE_LOOKUP,查询可报价品种实时行情与价格,2026搜索随机1w,2026search_rand,1667,18,查询保险相关业务,2,0.12,0.03,0.44
QUOTE_LOOKUP,查询可报价品种实时行情与价格,2026搜索随机1w,2026search_rand,1667,47,查询办理信用卡业务,2,0.12,0.03,0.44
QUOTE_LOOKUP,查询可报价品种实时行情与价格,2026搜索随机1w,2026search_rand,1667,34,查询美元兑日元汇率,2,0.12,0.03,0.44
QUOTE_LOOKUP,查询可报价品种实时行情与价格,2026搜索随机1w,2026search_rand,1667,35,货币兑换金额换算查询,2,0.12,0.03,0.44
QUOTE_LOOKUP,查询可报价品种实时行情与价格,2026搜索随机1w,2026search_rand,1667,3,查询电话号码归属,2,0.12,0.03,0.44
QUOTE_LOOKUP,查询可报价品种实时行情与价格,2026搜索随机1w,2026search_rand,1667,52,下载安装金融类App,1,0.06,0.01,0.34
QUOTE_LOOKUP,查询可报价品种实时行情与价格,2026搜索随机1w,2026search_rand,1667,14,个人征信报告查询与影响咨询,1,0.06,0.01,0.34
QUOTE_LOOKUP,查询可报价品种实时行情与价格,2026搜索随机1w,2026search_rand,1667,16,查询人寿保险相关业务信息,1,0.06,0.01,0.34
QUOTE_LOOKUP,查询可报价品种实时行情与价格,2026搜索随机1w,2026search_rand,1667,29,蚂蚁庄园今日答案查询,1,0.06,0.01,0.34
QUOTE_LOOKUP,查询可报价品种实时行情与价格,2026搜索随机1w,2026search_rand,1667,54,建设银行网点与服务查询,1,0.06,0.01,0.34
QUOTE_LOOKUP,查询可报价品种实时行情与价格,2026搜索随机1w,2026search_rand,1667,12,金融业务操作与问题处理方法查询,1,0.06,0.01,0.34
QUOTE_LOOKUP,查询可报价品种实时行情与价格,2026搜索随机1w,2026search_rand,1667,24,证券股吧查询,1,0.06,0.01,0.34
QUOTE_LOOKUP,查询可报价品种实时行情与价格,2026搜索随机1w,2026search_rand,1667,50,农业银行及农村信用社服务信息查询,1,0.06,0.01,0.34
HOWTO_OPERATE,获取银行/支付业务办理步骤与所需资料,2026搜索随机1w,2026search_rand,954,12,金融业务操作与问题处理方法查询,163,17.09,14.83,19.61
HOWTO_OPERATE,获取银行/支付业务办理步骤与所需资料,2026搜索随机1w,2026search_rand,954,44,支付宝相关操作查询,151,15.83,13.65,18.28
HOWTO_OPERATE,获取银行/支付业务办理步骤与所需资料,2026搜索随机1w,2026search_rand,954,48,银行卡业务查询与办理指导,131,13.73,11.69,16.06
HOWTO_OPERATE,获取银行/支付业务办理步骤与所需资料,2026搜索随机1w,2026search_rand,954,49,银行信息查询,74,7.76,6.22,9.63
HOWTO_OPERATE,获取银行/支付业务办理步骤与所需资料,2026搜索随机1w,2026search_rand,954,47,查询办理信用卡业务,51,5.35,4.09,6.96
HOWTO_OPERATE,获取银行/支付业务办理步骤与所需资料,2026搜索随机1w,2026search_rand,954,43,支付方式使用与设置查询,47,4.93,3.72,6.49
HOWTO_OPERATE,获取银行/支付业务办理步骤与所需资料,2026搜索随机1w,2026search_rand,954,8,查询贷款信息,42,4.4,3.27,5.9
HOWTO_OPERATE,获取银行/支付业务办理步骤与所需资料,2026搜索随机1w,2026search_rand,954,9,贷款提前还款查询,33,3.46,2.47,4.82
HOWTO_OPERATE,获取银行/支付业务办理步骤与所需资料,2026搜索随机1w,2026search_rand,954,10,查询转账与账户业务可行性,30,3.14,2.21,4.45
HOWTO_OPERATE,获取银行/支付业务办理步骤与所需资料,2026搜索随机1w,2026search_rand,954,18,查询保险相关业务,22,2.31,1.53,3.47
HOWTO_OPERATE,获取银行/支付业务办理步骤与所需资料,2026搜索随机1w,2026search_rand,954,13,花呗操作查询,22,2.31,1.53,3.47
HOWTO_OPERATE,获取银行/支付业务办理步骤与所需资料,2026搜索随机1w,2026search_rand,954,19,车险购买与理赔咨询,20,2.1,1.36,3.22
HOWTO_OPERATE,获取银行/支付业务办理步骤与所需资料,2026搜索随机1w,2026search_rand,954,54,建设银行网点与服务查询,19,1.99,1.28,3.09
HOWTO_OPERATE,获取银行/支付业务办理步骤与所需资料,2026搜索随机1w,2026search_rand,954,50,农业银行及农村信用社服务信息查询,18,1.89,1.2,2.96
HOWTO_OPERATE,获取银行/支付业务办理步骤与所需资料,2026搜索随机1w,2026search_rand,954,14,个人征信报告查询与影响咨询,18,1.89,1.2,2.96
HOWTO_OPERATE,获取银行/支付业务办理步骤与所需资料,2026搜索随机1w,2026search_rand,954,53,中国银行服务信息查询,14,1.47,0.88,2.45
HOWTO_OPERATE,获取银行/支付业务办理步骤与所需资料,2026搜索随机1w,2026search_rand,954,70,查询定期存款利率,13,1.36,0.8,2.32
HOWTO_OPERATE,获取银行/支付业务办理步骤与所需资料,2026搜索随机1w,2026search_rand,954,32,证券股票信息查询,13,1.36,0.8,2.32
HOWTO_OPERATE,获取银行/支付业务办理步骤与所需资料,2026搜索随机1w,2026search_rand,954,52,下载安装金融类App,12,1.26,0.72,2.19
HOWTO_OPERATE,获取银行/支付业务办理步骤与所需资料,2026搜索随机1w,2026search_rand,954,30,股票行情与选股建议查询,8,0.84,0.43,1.65
HOWTO_OPERATE,获取银行/支付业务办理步骤与所需资料,2026搜索随机1w,2026search_rand,954,31,查询财经门户与市场行情,8,0.84,0.43,1.65
HOWTO_OPERATE,获取银行/支付业务办理步骤与所需资料,2026搜索随机1w,2026search_rand,954,17,查询保险公司信息,8,0.84,0.43,1.65
HOWTO_OPERATE,获取银行/支付业务办理步骤与所需资料,2026搜索随机1w,2026search_rand,954,16,查询人寿保险相关业务信息,5,0.52,0.22,1.22
HOWTO_OPERATE,获取银行/支付业务办理步骤与所需资料,2026搜索随机1w,2026search_rand,954,15,查询借款平台正规性,5,0.52,0.22,1.22
HOWTO_OPERATE,获取银行/支付业务办理步骤与所需资料,2026搜索随机1w,2026search_rand,954,7,基金净值查询,3,0.31,0.11,0.92
HOWTO_OPERATE,获取银行/支付业务办理步骤与所需资料,2026搜索随机1w,2026search_rand,954,25,查询股票信息,2,0.21,0.06,0.76
HOWTO_OPERATE,获取银行/支付业务办理步骤与所需资料,2026搜索随机1w,2026search_rand,954,20,查询交强险保费、赔偿与投保规定,2,0.21,0.06,0.76
HOWTO_OPERATE,获取银行/支付业务办理步骤与所需资料,2026搜索随机1w,2026search_rand,954,22,查询科技股与科创板信息,2,0.21,0.06,0.76
HOWTO_OPERATE,获取银行/支付业务办理步骤与所需资料,2026搜索随机1w,2026search_rand,954,28,股指行情查询,1,0.1,0.02,0.59
HOWTO_OPERATE,获取银行/支付业务办理步骤与所需资料,2026搜索随机1w,2026search_rand,954,29,蚂蚁庄园今日答案查询,1,0.1,0.02,0.59
HOWTO_OPERATE,获取银行/支付业务办理步骤与所需资料,2026搜索随机1w,2026search_rand,954,66,金融行情数据查询,1,0.1,0.02,0.59
HOWTO_OPERATE,获取银行/支付业务办理步骤与所需资料,2026搜索随机1w,2026search_rand,954,36,人民币及货币信息查询,1,0.1,0.02,0.59
HOWTO_OPERATE,获取银行/支付业务办理步骤与所需资料,2026搜索随机1w,2026search_rand,954,39,货币兑换查询,1,0.1,0.02,0.59
HOWTO_OPERATE,获取银行/支付业务办理步骤与所需资料,2026搜索随机1w,2026search_rand,954,68,利率查询与计算,1,0.1,0.02,0.59
HOWTO_OPERATE,获取银行/支付业务办理步骤与所需资料,2026搜索随机1w,2026search_rand,954,63,查询价格走势图,1,0.1,0.02,0.59
HOWTO_OPERATE,获取银行/支付业务办理步骤与所需资料,2026搜索随机1w,2026search_rand,954,71,查询价格与金额,1,0.1,0.02,0.59
HOWTO_OPERATE,获取银行/支付业务办理步骤与所需资料,2026搜索随机1w,2026search_rand,954,58,查询黄金价格,1,0.1,0.02,0.59
HOWTO_OPERATE,获取银行/支付业务办理步骤与所需资料,2026搜索随机1w,2026search_rand,954,24,证券股吧查询,1,0.1,0.02,0.59
HOWTO_OPERATE,获取银行/支付业务办理步骤与所需资料,2026搜索随机1w,2026search_rand,954,64,查询金融业务数值与代码,1,0.1,0.02,0.59
HOWTO_OPERATE,获取银行/支付业务办理步骤与所需资料,2026搜索随机1w,2026search_rand,954,45,查询股份公司及股票信息,1,0.1,0.02,0.59
HOWTO_OPERATE,获取银行/支付业务办理步骤与所需资料,2026搜索随机1w,2026search_rand,954,55,银行客服电话查询,1,0.1,0.02,0.59
HOWTO_OPERATE,获取银行/支付业务办理步骤与所需资料,2026搜索随机1w,2026search_rand,954,33,查询人民币兑外币汇率,1,0.1,0.02,0.59
HOWTO_OPERATE,获取银行/支付业务办理步骤与所需资料,2026搜索随机1w,2026search_rand,954,65,计算存贷款利息,1,0.1,0.02,0.59
HOWTO_OPERATE,获取银行/支付业务办理步骤与所需资料,2026搜索随机1w,2026search_rand,954,21,保险公司电话查询,1,0.1,0.02,0.59
HOWTO_OPERATE,获取银行/支付业务办理步骤与所需资料,2026搜索随机1w,2026search_rand,954,23,科技类股票信息查询,1,0.1,0.02,0.59
HOWTO_OPERATE,获取银行/支付业务办理步骤与所需资料,2026搜索随机1w,2026search_rand,954,67,贷款月供计算,1,0.1,0.02,0.59
CONCEPT_EXPLAIN,解释金融术语与交易/业务规则,2026搜索随机1w,2026search_rand,1071,11,查询金融术语含义,276,25.77,23.24,28.47
CONCEPT_EXPLAIN,解释金融术语与交易/业务规则,2026搜索随机1w,2026search_rand,1071,30,股票行情与选股建议查询,202,18.86,16.63,21.31
CONCEPT_EXPLAIN,解释金融术语与交易/业务规则,2026搜索随机1w,2026search_rand,1071,7,基金净值查询,58,5.42,4.21,6.94
CONCEPT_EXPLAIN,解释金融术语与交易/业务规则,2026搜索随机1w,2026search_rand,1071,10,查询转账与账户业务可行性,39,3.64,2.68,4.94
CONCEPT_EXPLAIN,解释金融术语与交易/业务规则,2026搜索随机1w,2026search_rand,1071,49,银行信息查询,31,2.89,2.05,4.08
CONCEPT_EXPLAIN,解释金融术语与交易/业务规则,2026搜索随机1w,2026search_rand,1071,18,查询保险相关业务,29,2.71,1.89,3.86
CONCEPT_EXPLAIN,解释金融术语与交易/业务规则,2026搜索随机1w,2026search_rand,1071,65,计算存贷款利息,29,2.71,1.89,3.86
CONCEPT_EXPLAIN,解释金融术语与交易/业务规则,2026搜索随机1w,2026search_rand,1071,12,金融业务操作与问题处理方法查询,28,2.61,1.81,3.75
CONCEPT_EXPLAIN,解释金融术语与交易/业务规则,2026搜索随机1w,2026search_rand,1071,14,个人征信报告查询与影响咨询,25,2.33,1.59,3.42
CONCEPT_EXPLAIN,解释金融术语与交易/业务规则,2026搜索随机1w,2026search_rand,1071,8,查询贷款信息,21,1.96,1.29,2.98
CONCEPT_EXPLAIN,解释金融术语与交易/业务规则,2026搜索随机1w,2026search_rand,1071,28,股指行情查询,21,1.96,1.29,2.98
CONCEPT_EXPLAIN,解释金融术语与交易/业务规则,2026搜索随机1w,2026search_rand,1071,19,车险购买与理赔咨询,20,1.87,1.21,2.87
CONCEPT_EXPLAIN,解释金融术语与交易/业务规则,2026搜索随机1w,2026search_rand,1071,31,查询财经门户与市场行情,20,1.87,1.21,2.87
CONCEPT_EXPLAIN,解释金融术语与交易/业务规则,2026搜索随机1w,2026search_rand,1071,17,查询保险公司信息,20,1.87,1.21,2.87
CONCEPT_EXPLAIN,解释金融术语与交易/业务规则,2026搜索随机1w,2026search_rand,1071,48,银行卡业务查询与办理指导,18,1.68,1.07,2.64
CONCEPT_EXPLAIN,解释金融术语与交易/业务规则,2026搜索随机1w,2026search_rand,1071,32,证券股票信息查询,17,1.59,0.99,2.53
CONCEPT_EXPLAIN,解释金融术语与交易/业务规则,2026搜索随机1w,2026search_rand,1071,25,查询股票信息,16,1.49,0.92,2.41
CONCEPT_EXPLAIN,解释金融术语与交易/业务规则,2026搜索随机1w,2026search_rand,1071,70,查询定期存款利率,16,1.49,0.92,2.41
CONCEPT_EXPLAIN,解释金融术语与交易/业务规则,2026搜索随机1w,2026search_rand,1071,68,利率查询与计算,14,1.31,0.78,2.18
CONCEPT_EXPLAIN,解释金融术语与交易/业务规则,2026搜索随机1w,2026search_rand,1071,47,查询办理信用卡业务,14,1.31,0.78,2.18
CONCEPT_EXPLAIN,解释金融术语与交易/业务规则,2026搜索随机1w,2026search_rand,1071,43,支付方式使用与设置查询,14,1.31,0.78,2.18
CONCEPT_EXPLAIN,解释金融术语与交易/业务规则,2026搜索随机1w,2026search_rand,1071,9,贷款提前还款查询,12,1.12,0.64,1.95
CONCEPT_EXPLAIN,解释金融术语与交易/业务规则,2026搜索随机1w,2026search_rand,1071,22,查询科技股与科创板信息,12,1.12,0.64,1.95
CONCEPT_EXPLAIN,解释金融术语与交易/业务规则,2026搜索随机1w,2026search_rand,1071,58,查询黄金价格,10,0.93,0.51,1.71
CONCEPT_EXPLAIN,解释金融术语与交易/业务规则,2026搜索随机1w,2026search_rand,1071,44,支付宝相关操作查询,10,0.93,0.51,1.71
CONCEPT_EXPLAIN,解释金融术语与交易/业务规则,2026搜索随机1w,2026search_rand,1071,64,查询金融业务数值与代码,9,0.84,0.44,1.59
CONCEPT_EXPLAIN,解释金融术语与交易/业务规则,2026搜索随机1w,2026search_rand,1071,71,查询价格与金额,9,0.84,0.44,1.59
CONCEPT_EXPLAIN,解释金融术语与交易/业务规则,2026搜索随机1w,2026search_rand,1071,63,查询价格走势图,8,0.75,0.38,1.47
CONCEPT_EXPLAIN,解释金融术语与交易/业务规则,2026搜索随机1w,2026search_rand,1071,27,查询市场行情,7,0.65,0.32,1.34
CONCEPT_EXPLAIN,解释金融术语与交易/业务规则,2026搜索随机1w,2026search_rand,1071,50,农业银行及农村信用社服务信息查询,7,0.65,0.32,1.34
CONCEPT_EXPLAIN,解释金融术语与交易/业务规则,2026搜索随机1w,2026search_rand,1071,36,人民币及货币信息查询,6,0.56,0.26,1.22
CONCEPT_EXPLAIN,解释金融术语与交易/业务规则,2026搜索随机1w,2026search_rand,1071,45,查询股份公司及股票信息,6,0.56,0.26,1.22
CONCEPT_EXPLAIN,解释金融术语与交易/业务规则,2026搜索随机1w,2026search_rand,1071,33,查询人民币兑外币汇率,5,0.47,0.2,1.09
CONCEPT_EXPLAIN,解释金融术语与交易/业务规则,2026搜索随机1w,2026search_rand,1071,16,查询人寿保险相关业务信息,5,0.47,0.2,1.09
CONCEPT_EXPLAIN,解释金融术语与交易/业务规则,2026搜索随机1w,2026search_rand,1071,13,花呗操作查询,4,0.37,0.15,0.96
CONCEPT_EXPLAIN,解释金融术语与交易/业务规则,2026搜索随机1w,2026search_rand,1071,66,金融行情数据查询,4,0.37,0.15,0.96
CONCEPT_EXPLAIN,解释金融术语与交易/业务规则,2026搜索随机1w,2026search_rand,1071,60,市场价格行情查询,3,0.28,0.1,0.82
CONCEPT_EXPLAIN,解释金融术语与交易/业务规则,2026搜索随机1w,2026search_rand,1071,67,贷款月供计算,3,0.28,0.1,0.82
CONCEPT_EXPLAIN,解释金融术语与交易/业务规则,2026搜索随机1w,2026search_rand,1071,20,查询交强险保费、赔偿与投保规定,3,0.28,0.1,0.82
CONCEPT_EXPLAIN,解释金融术语与交易/业务规则,2026搜索随机1w,2026search_rand,1071,53,中国银行服务信息查询,3,0.28,0.1,0.82
CONCEPT_EXPLAIN,解释金融术语与交易/业务规则,2026搜索随机1w,2026search_rand,1071,34,查询美元兑日元汇率,2,0.19,0.05,0.68
CONCEPT_EXPLAIN,解释金融术语与交易/业务规则,2026搜索随机1w,2026search_rand,1071,0,股票代码查询,2,0.19,0.05,0.68
CONCEPT_EXPLAIN,解释金融术语与交易/业务规则,2026搜索随机1w,2026search_rand,1071,15,查询借款平台正规性,2,0.19,0.05,0.68
CONCEPT_EXPLAIN,解释金融术语与交易/业务规则,2026搜索随机1w,2026search_rand,1071,54,建设银行网点与服务查询,2,0.19,0.05,0.68
CONCEPT_EXPLAIN,解释金融术语与交易/业务规则,2026搜索随机1w,2026search_rand,1071,72,金融代码查询,2,0.19,0.05,0.68
CONCEPT_EXPLAIN,解释金融术语与交易/业务规则,2026搜索随机1w,2026search_rand,1071,1,查询300开头股票代码与行情,2,0.19,0.05,0.68
CONCEPT_EXPLAIN,解释金融术语与交易/业务规则,2026搜索随机1w,2026search_rand,1071,21,保险公司电话查询,1,0.09,0.02,0.53
CONCEPT_EXPLAIN,解释金融术语与交易/业务规则,2026搜索随机1w,2026search_rand,1071,52,下载安装金融类App,1,0.09,0.02,0.53
CONCEPT_EXPLAIN,解释金融术语与交易/业务规则,2026搜索随机1w,2026search_rand,1071,23,科技类股票信息查询,1,0.09,0.02,0.53
CONCEPT_EXPLAIN,解释金融术语与交易/业务规则,2026搜索随机1w,2026search_rand,1071,35,货币兑换金额换算查询,1,0.09,0.02,0.53
CONCEPT_EXPLAIN,解释金融术语与交易/业务规则,2026搜索随机1w,2026search_rand,1071,62,查询金价,1,0.09,0.02,0.53
TXN_ISSUE,排查账户与交易异常,2026搜索随机1w,2026search_rand,417,10,查询转账与账户业务可行性,76,18.23,14.82,22.22
TXN_ISSUE,排查账户与交易异常,2026搜索随机1w,2026search_rand,417,48,银行卡业务查询与办理指导,67,16.07,12.85,19.9
TXN_ISSUE,排查账户与交易异常,2026搜索随机1w,2026search_rand,417,12,金融业务操作与问题处理方法查询,60,14.39,11.34,18.08
TXN_ISSUE,排查账户与交易异常,2026搜索随机1w,2026search_rand,417,47,查询办理信用卡业务,27,6.47,4.49,9.26
TXN_ISSUE,排查账户与交易异常,2026搜索随机1w,2026search_rand,417,49,银行信息查询,25,6.0,4.09,8.7
TXN_ISSUE,排查账户与交易异常,2026搜索随机1w,2026search_rand,417,44,支付宝相关操作查询,25,6.0,4.09,8.7
TXN_ISSUE,排查账户与交易异常,2026搜索随机1w,2026search_rand,417,8,查询贷款信息,24,5.76,3.9,8.42
TXN_ISSUE,排查账户与交易异常,2026搜索随机1w,2026search_rand,417,9,贷款提前还款查询,22,5.28,3.51,7.86
TXN_ISSUE,排查账户与交易异常,2026搜索随机1w,2026search_rand,417,43,支付方式使用与设置查询,15,3.6,2.19,5.85
TXN_ISSUE,排查账户与交易异常,2026搜索随机1w,2026search_rand,417,13,花呗操作查询,13,3.12,1.83,5.26
TXN_ISSUE,排查账户与交易异常,2026搜索随机1w,2026search_rand,417,30,股票行情与选股建议查询,7,1.68,0.82,3.42
TXN_ISSUE,排查账户与交易异常,2026搜索随机1w,2026search_rand,417,53,中国银行服务信息查询,6,1.44,0.66,3.1
TXN_ISSUE,排查账户与交易异常,2026搜索随机1w,2026search_rand,417,52,下载安装金融类App,6,1.44,0.66,3.1
TXN_ISSUE,排查账户与交易异常,2026搜索随机1w,2026search_rand,417,70,查询定期存款利率,5,1.2,0.51,2.78
TXN_ISSUE,排查账户与交易异常,2026搜索随机1w,2026search_rand,417,19,车险购买与理赔咨询,5,1.2,0.51,2.78
TXN_ISSUE,排查账户与交易异常,2026搜索随机1w,2026search_rand,417,50,农业银行及农村信用社服务信息查询,5,1.2,0.51,2.78
TXN_ISSUE,排查账户与交易异常,2026搜索随机1w,2026search_rand,417,55,银行客服电话查询,4,0.96,0.37,2.44
TXN_ISSUE,排查账户与交易异常,2026搜索随机1w,2026search_rand,417,14,个人征信报告查询与影响咨询,3,0.72,0.24,2.09
TXN_ISSUE,排查账户与交易异常,2026搜索随机1w,2026search_rand,417,31,查询财经门户与市场行情,3,0.72,0.24,2.09
TXN_ISSUE,排查账户与交易异常,2026搜索随机1w,2026search_rand,417,18,查询保险相关业务,3,0.72,0.24,2.09
TXN_ISSUE,排查账户与交易异常,2026搜索随机1w,2026search_rand,417,25,查询股票信息,2,0.48,0.13,1.73
TXN_ISSUE,排查账户与交易异常,2026搜索随机1w,2026search_rand,417,54,建设银行网点与服务查询,2,0.48,0.13,1.73
TXN_ISSUE,排查账户与交易异常,2026搜索随机1w,2026search_rand,417,36,人民币及货币信息查询,2,0.48,0.13,1.73
TXN_ISSUE,排查账户与交易异常,2026搜索随机1w,2026search_rand,417,11,查询金融术语含义,2,0.48,0.13,1.73
TXN_ISSUE,排查账户与交易异常,2026搜索随机1w,2026search_rand,417,7,基金净值查询,2,0.48,0.13,1.73
TXN_ISSUE,排查账户与交易异常,2026搜索随机1w,2026search_rand,417,67,贷款月供计算,2,0.48,0.13,1.73
TXN_ISSUE,排查账户与交易异常,2026搜索随机1w,2026search_rand,417,15,查询借款平台正规性,2,0.48,0.13,1.73
TXN_ISSUE,排查账户与交易异常,2026搜索随机1w,2026search_rand,417,72,金融代码查询,1,0.24,0.04,1.35
TXN_ISSUE,排查账户与交易异常,2026搜索随机1w,2026search_rand,417,32,证券股票信息查询,1,0.24,0.04,1.35
CONTACT_BRANCH_LOOKUP,查询机构联系方式、网点信息及号码归属,2026搜索随机1w,2026search_rand,907,49,银行信息查询,337,37.16,34.07,40.35
CONTACT_BRANCH_LOOKUP,查询机构联系方式、网点信息及号码归属,2026搜索随机1w,2026search_rand,907,50,农业银行及农村信用社服务信息查询,124,13.67,11.59,16.06
CONTACT_BRANCH_LOOKUP,查询机构联系方式、网点信息及号码归属,2026搜索随机1w,2026search_rand,907,55,银行客服电话查询,97,10.69,8.85,12.87
CONTACT_BRANCH_LOOKUP,查询机构联系方式、网点信息及号码归属,2026搜索随机1w,2026search_rand,907,54,建设银行网点与服务查询,75,8.27,6.65,10.24
CONTACT_BRANCH_LOOKUP,查询机构联系方式、网点信息及号码归属,2026搜索随机1w,2026search_rand,907,53,中国银行服务信息查询,59,6.5,5.08,8.3
CONTACT_BRANCH_LOOKUP,查询机构联系方式、网点信息及号码归属,2026搜索随机1w,2026search_rand,907,17,查询保险公司信息,34,3.75,2.69,5.19
CONTACT_BRANCH_LOOKUP,查询机构联系方式、网点信息及号码归属,2026搜索随机1w,2026search_rand,907,3,查询电话号码归属,32,3.53,2.51,4.94
CONTACT_BRANCH_LOOKUP,查询机构联系方式、网点信息及号码归属,2026搜索随机1w,2026search_rand,907,21,保险公司电话查询,28,3.09,2.14,4.43
CONTACT_BRANCH_LOOKUP,查询机构联系方式、网点信息及号码归属,2026搜索随机1w,2026search_rand,907,16,查询人寿保险相关业务信息,21,2.32,1.52,3.51
CONTACT_BRANCH_LOOKUP,查询机构联系方式、网点信息及号码归属,2026搜索随机1w,2026search_rand,907,18,查询保险相关业务,12,1.32,0.76,2.3
CONTACT_BRANCH_LOOKUP,查询机构联系方式、网点信息及号码归属,2026搜索随机1w,2026search_rand,907,48,银行卡业务查询与办理指导,11,1.21,0.68,2.16
CONTACT_BRANCH_LOOKUP,查询机构联系方式、网点信息及号码归属,2026搜索随机1w,2026search_rand,907,47,查询办理信用卡业务,11,1.21,0.68,2.16
CONTACT_BRANCH_LOOKUP,查询机构联系方式、网点信息及号码归属,2026搜索随机1w,2026search_rand,907,72,金融代码查询,11,1.21,0.68,2.16
CONTACT_BRANCH_LOOKUP,查询机构联系方式、网点信息及号码归属,2026搜索随机1w,2026search_rand,907,64,查询金融业务数值与代码,9,0.99,0.52,1.88
CONTACT_BRANCH_LOOKUP,查询机构联系方式、网点信息及号码归属,2026搜索随机1w,2026search_rand,907,15,查询借款平台正规性,8,0.88,0.45,1.73
CONTACT_BRANCH_LOOKUP,查询机构联系方式、网点信息及号码归属,2026搜索随机1w,2026search_rand,907,32,证券股票信息查询,7,0.77,0.37,1.58
CONTACT_BRANCH_LOOKUP,查询机构联系方式、网点信息及号码归属,2026搜索随机1w,2026search_rand,907,14,个人征信报告查询与影响咨询,6,0.66,0.3,1.44
CONTACT_BRANCH_LOOKUP,查询机构联系方式、网点信息及号码归属,2026搜索随机1w,2026search_rand,907,8,查询贷款信息,3,0.33,0.11,0.97
CONTACT_BRANCH_LOOKUP,查询机构联系方式、网点信息及号码归属,2026搜索随机1w,2026search_rand,907,11,查询金融术语含义,3,0.33,0.11,0.97
CONTACT_BRANCH_LOOKUP,查询机构联系方式、网点信息及号码归属,2026搜索随机1w,2026search_rand,907,66,金融行情数据查询,2,0.22,0.06,0.8
CONTACT_BRANCH_LOOKUP,查询机构联系方式、网点信息及号码归属,2026搜索随机1w,2026search_rand,907,30,股票行情与选股建议查询,2,0.22,0.06,0.8
CONTACT_BRANCH_LOOKUP,查询机构联系方式、网点信息及号码归属,2026搜索随机1w,2026search_rand,907,43,支付方式使用与设置查询,2,0.22,0.06,0.8
CONTACT_BRANCH_LOOKUP,查询机构联系方式、网点信息及号码归属,2026搜索随机1w,2026search_rand,907,6,查询股票代码与指数信息,2,0.22,0.06,0.8
CONTACT_BRANCH_LOOKUP,查询机构联系方式、网点信息及号码归属,2026搜索随机1w,2026search_rand,907,10,查询转账与账户业务可行性,1,0.11,0.02,0.62
CONTACT_BRANCH_LOOKUP,查询机构联系方式、网点信息及号码归属,2026搜索随机1w,2026search_rand,907,31,查询财经门户与市场行情,1,0.11,0.02,0.62
CONTACT_BRANCH_LOOKUP,查询机构联系方式、网点信息及号码归属,2026搜索随机1w,2026search_rand,907,2,证券代码信息查询,1,0.11,0.02,0.62
CONTACT_BRANCH_LOOKUP,查询机构联系方式、网点信息及号码归属,2026搜索随机1w,2026search_rand,907,1,查询300开头股票代码与行情,1,0.11,0.02,0.62
CONTACT_BRANCH_LOOKUP,查询机构联系方式、网点信息及号码归属,2026搜索随机1w,2026search_rand,907,65,计算存贷款利息,1,0.11,0.02,0.62
CONTACT_BRANCH_LOOKUP,查询机构联系方式、网点信息及号码归属,2026搜索随机1w,2026search_rand,907,22,查询科技股与科创板信息,1,0.11,0.02,0.62
CONTACT_BRANCH_LOOKUP,查询机构联系方式、网点信息及号码归属,2026搜索随机1w,2026search_rand,907,44,支付宝相关操作查询,1,0.11,0.02,0.62
CONTACT_BRANCH_LOOKUP,查询机构联系方式、网点信息及号码归属,2026搜索随机1w,2026search_rand,907,33,查询人民币兑外币汇率,1,0.11,0.02,0.62
CONTACT_BRANCH_LOOKUP,查询机构联系方式、网点信息及号码归属,2026搜索随机1w,2026search_rand,907,9,贷款提前还款查询,1,0.11,0.02,0.62
CONTACT_BRANCH_LOOKUP,查询机构联系方式、网点信息及号码归属,2026搜索随机1w,2026search_rand,907,7,基金净值查询,1,0.11,0.02,0.62
CONTACT_BRANCH_LOOKUP,查询机构联系方式、网点信息及号码归属,2026搜索随机1w,2026search_rand,907,0,股票代码查询,1,0.11,0.02,0.62
OTHER_INTENT,其他非金融意图或无明确意图,2026搜索随机1w,2026search_rand,529,31,查询财经门户与市场行情,47,8.88,6.75,11.62
OTHER_INTENT,其他非金融意图或无明确意图,2026搜索随机1w,2026search_rand,529,18,查询保险相关业务,47,8.88,6.75,11.62
OTHER_INTENT,其他非金融意图或无明确意图,2026搜索随机1w,2026search_rand,529,30,股票行情与选股建议查询,38,7.18,5.28,9.71
OTHER_INTENT,其他非金融意图或无明确意图,2026搜索随机1w,2026search_rand,529,71,查询价格与金额,35,6.62,4.8,9.06
OTHER_INTENT,其他非金融意图或无明确意图,2026搜索随机1w,2026search_rand,529,19,车险购买与理赔咨询,32,6.05,4.32,8.41
OTHER_INTENT,其他非金融意图或无明确意图,2026搜索随机1w,2026search_rand,529,17,查询保险公司信息,27,5.1,3.53,7.32
OTHER_INTENT,其他非金融意图或无明确意图,2026搜索随机1w,2026search_rand,529,49,银行信息查询,25,4.73,3.22,6.88
OTHER_INTENT,其他非金融意图或无明确意图,2026搜索随机1w,2026search_rand,529,10,查询转账与账户业务可行性,24,4.54,3.07,6.66
OTHER_INTENT,其他非金融意图或无明确意图,2026搜索随机1w,2026search_rand,529,29,蚂蚁庄园今日答案查询,23,4.35,2.91,6.44
OTHER_INTENT,其他非金融意图或无明确意图,2026搜索随机1w,2026search_rand,529,44,支付宝相关操作查询,20,3.78,2.46,5.77
OTHER_INTENT,其他非金融意图或无明确意图,2026搜索随机1w,2026search_rand,529,36,人民币及货币信息查询,16,3.02,1.87,4.86
OTHER_INTENT,其他非金融意图或无明确意图,2026搜索随机1w,2026search_rand,529,72,金融代码查询,12,2.27,1.3,3.92
OTHER_INTENT,其他非金融意图或无明确意图,2026搜索随机1w,2026search_rand,529,48,银行卡业务查询与办理指导,12,2.27,1.3,3.92
OTHER_INTENT,其他非金融意图或无明确意图,2026搜索随机1w,2026search_rand,529,25,查询股票信息,10,1.89,1.03,3.44
OTHER_INTENT,其他非金融意图或无明确意图,2026搜索随机1w,2026search_rand,529,67,贷款月供计算,9,1.7,0.9,3.2
OTHER_INTENT,其他非金融意图或无明确意图,2026搜索随机1w,2026search_rand,529,64,查询金融业务数值与代码,8,1.51,0.77,2.96
OTHER_INTENT,其他非金融意图或无明确意图,2026搜索随机1w,2026search_rand,529,11,查询金融术语含义,8,1.51,0.77,2.96
OTHER_INTENT,其他非金融意图或无明确意图,2026搜索随机1w,2026search_rand,529,43,支付方式使用与设置查询,8,1.51,0.77,2.96
OTHER_INTENT,其他非金融意图或无明确意图,2026搜索随机1w,2026search_rand,529,7,基金净值查询,7,1.32,0.64,2.71
OTHER_INTENT,其他非金融意图或无明确意图,2026搜索随机1w,2026search_rand,529,50,农业银行及农村信用社服务信息查询,7,1.32,0.64,2.71
OTHER_INTENT,其他非金融意图或无明确意图,2026搜索随机1w,2026search_rand,529,53,中国银行服务信息查询,7,1.32,0.64,2.71
OTHER_INTENT,其他非金融意图或无明确意图,2026搜索随机1w,2026search_rand,529,12,金融业务操作与问题处理方法查询,7,1.32,0.64,2.71
OTHER_INTENT,其他非金融意图或无明确意图,2026搜索随机1w,2026search_rand,529,22,查询科技股与科创板信息,7,1.32,0.64,2.71
OTHER_INTENT,其他非金融意图或无明确意图,2026搜索随机1w,2026search_rand,529,15,查询借款平台正规性,7,1.32,0.64,2.71
OTHER_INTENT,其他非金融意图或无明确意图,2026搜索随机1w,2026search_rand,529,8,查询贷款信息,6,1.13,0.52,2.45
OTHER_INTENT,其他非金融意图或无明确意图,2026搜索随机1w,2026search_rand,529,52,下载安装金融类App,6,1.13,0.52,2.45
OTHER_INTENT,其他非金融意图或无明确意图,2026搜索随机1w,2026search_rand,529,60,市场价格行情查询,6,1.13,0.52,2.45
OTHER_INTENT,其他非金融意图或无明确意图,2026搜索随机1w,2026search_rand,529,32,证券股票信息查询,5,0.95,0.4,2.19
OTHER_INTENT,其他非金融意图或无明确意图,2026搜索随机1w,2026search_rand,529,21,保险公司电话查询,5,0.95,0.4,2.19
OTHER_INTENT,其他非金融意图或无明确意图,2026搜索随机1w,2026search_rand,529,35,货币兑换金额换算查询,4,0.76,0.29,1.93
OTHER_INTENT,其他非金融意图或无明确意图,2026搜索随机1w,2026search_rand,529,9,贷款提前还款查询,4,0.76,0.29,1.93
OTHER_INTENT,其他非金融意图或无明确意图,2026搜索随机1w,2026search_rand,529,20,查询交强险保费、赔偿与投保规定,4,0.76,0.29,1.93
OTHER_INTENT,其他非金融意图或无明确意图,2026搜索随机1w,2026search_rand,529,70,查询定期存款利率,4,0.76,0.29,1.93
OTHER_INTENT,其他非金融意图或无明确意图,2026搜索随机1w,2026search_rand,529,66,金融行情数据查询,3,0.57,0.19,1.65
OTHER_INTENT,其他非金融意图或无明确意图,2026搜索随机1w,2026search_rand,529,54,建设银行网点与服务查询,3,0.57,0.19,1.65
OTHER_INTENT,其他非金融意图或无明确意图,2026搜索随机1w,2026search_rand,529,26,查询个股股票行情与股吧讨论,3,0.57,0.19,1.65
OTHER_INTENT,其他非金融意图或无明确意图,2026搜索随机1w,2026search_rand,529,58,查询黄金价格,3,0.57,0.19,1.65
OTHER_INTENT,其他非金融意图或无明确意图,2026搜索随机1w,2026search_rand,529,45,查询股份公司及股票信息,3,0.57,0.19,1.65
OTHER_INTENT,其他非金融意图或无明确意图,2026搜索随机1w,2026search_rand,529,47,查询办理信用卡业务,3,0.57,0.19,1.65
OTHER_INTENT,其他非金融意图或无明确意图,2026搜索随机1w,2026search_rand,529,34,查询美元兑日元汇率,2,0.38,0.1,1.37
OTHER_INTENT,其他非金融意图或无明确意图,2026搜索随机1w,2026search_rand,529,0,股票代码查询,2,0.38,0.1,1.37
OTHER_INTENT,其他非金融意图或无明确意图,2026搜索随机1w,2026search_rand,529,6,查询股票代码与指数信息,2,0.38,0.1,1.37
OTHER_INTENT,其他非金融意图或无明确意图,2026搜索随机1w,2026search_rand,529,1,查询300开头股票代码与行情,2,0.38,0.1,1.37
OTHER_INTENT,其他非金融意图或无明确意图,2026搜索随机1w,2026search_rand,529,28,股指行情查询,2,0.38,0.1,1.37
OTHER_INTENT,其他非金融意图或无明确意图,2026搜索随机1w,2026search_rand,529,65,计算存贷款利息,2,0.38,0.1,1.37
OTHER_INTENT,其他非金融意图或无明确意图,2026搜索随机1w,2026search_rand,529,13,花呗操作查询,2,0.38,0.1,1.37
OTHER_INTENT,其他非金融意图或无明确意图,2026搜索随机1w,2026search_rand,529,55,银行客服电话查询,2,0.38,0.1,1.37
OTHER_INTENT,其他非金融意图或无明确意图,2026搜索随机1w,2026search_rand,529,16,查询人寿保险相关业务信息,2,0.38,0.1,1.37
OTHER_INTENT,其他非金融意图或无明确意图,2026搜索随机1w,2026search_rand,529,62,查询金价,2,0.38,0.1,1.37
OTHER_INTENT,其他非金融意图或无明确意图,2026搜索随机1w,2026search_rand,529,27,查询市场行情,1,0.19,0.03,1.06
OTHER_INTENT,其他非金融意图或无明确意图,2026搜索随机1w,2026search_rand,529,2,证券代码信息查询,1,0.19,0.03,1.06
OTHER_INTENT,其他非金融意图或无明确意图,2026搜索随机1w,2026search_rand,529,14,个人征信报告查询与影响咨询,1,0.19,0.03,1.06
OTHER_INTENT,其他非金融意图或无明确意图,2026搜索随机1w,2026search_rand,529,23,科技类股票信息查询,1,0.19,0.03,1.06
INVEST_ADVICE,请求个股买卖持有决策与涨跌预测,2026搜索随机1w,2026search_rand,421,30,股票行情与选股建议查询,174,41.33,36.73,46.09
INVEST_ADVICE,请求个股买卖持有决策与涨跌预测,2026搜索随机1w,2026search_rand,421,25,查询股票信息,31,7.36,5.24,10.26
INVEST_ADVICE,请求个股买卖持有决策与涨跌预测,2026搜索随机1w,2026search_rand,421,66,金融行情数据查询,20,4.75,3.1,7.22
INVEST_ADVICE,请求个股买卖持有决策与涨跌预测,2026搜索随机1w,2026search_rand,421,22,查询科技股与科创板信息,18,4.28,2.72,6.66
INVEST_ADVICE,请求个股买卖持有决策与涨跌预测,2026搜索随机1w,2026search_rand,421,7,基金净值查询,17,4.04,2.54,6.37
INVEST_ADVICE,请求个股买卖持有决策与涨跌预测,2026搜索随机1w,2026search_rand,421,10,查询转账与账户业务可行性,16,3.8,2.35,6.08
INVEST_ADVICE,请求个股买卖持有决策与涨跌预测,2026搜索随机1w,2026search_rand,421,45,查询股份公司及股票信息,15,3.56,2.17,5.79
INVEST_ADVICE,请求个股买卖持有决策与涨跌预测,2026搜索随机1w,2026search_rand,421,0,股票代码查询,13,3.09,1.81,5.21
INVEST_ADVICE,请求个股买卖持有决策与涨跌预测,2026搜索随机1w,2026search_rand,421,23,科技类股票信息查询,12,2.85,1.64,4.92
INVEST_ADVICE,请求个股买卖持有决策与涨跌预测,2026搜索随机1w,2026search_rand,421,71,查询价格与金额,12,2.85,1.64,4.92
INVEST_ADVICE,请求个股买卖持有决策与涨跌预测,2026搜索随机1w,2026search_rand,421,1,查询300开头股票代码与行情,10,2.38,1.3,4.32
INVEST_ADVICE,请求个股买卖持有决策与涨跌预测,2026搜索随机1w,2026search_rand,421,12,金融业务操作与问题处理方法查询,9,2.14,1.13,4.01
INVEST_ADVICE,请求个股买卖持有决策与涨跌预测,2026搜索随机1w,2026search_rand,421,17,查询保险公司信息,7,1.66,0.81,3.39
INVEST_ADVICE,请求个股买卖持有决策与涨跌预测,2026搜索随机1w,2026search_rand,421,63,查询价格走势图,7,1.66,0.81,3.39
INVEST_ADVICE,请求个股买卖持有决策与涨跌预测,2026搜索随机1w,2026search_rand,421,72,金融代码查询,6,1.43,0.65,3.07
INVEST_ADVICE,请求个股买卖持有决策与涨跌预测,2026搜索随机1w,2026search_rand,421,62,查询金价,6,1.43,0.65,3.07
INVEST_ADVICE,请求个股买卖持有决策与涨跌预测,2026搜索随机1w,2026search_rand,421,27,查询市场行情,6,1.43,0.65,3.07
INVEST_ADVICE,请求个股买卖持有决策与涨跌预测,2026搜索随机1w,2026search_rand,421,58,查询黄金价格,6,1.43,0.65,3.07
INVEST_ADVICE,请求个股买卖持有决策与涨跌预测,2026搜索随机1w,2026search_rand,421,46,查询股份股票及股吧信息,4,0.95,0.37,2.42
INVEST_ADVICE,请求个股买卖持有决策与涨跌预测,2026搜索随机1w,2026search_rand,421,26,查询个股股票行情与股吧讨论,4,0.95,0.37,2.42
INVEST_ADVICE,请求个股买卖持有决策与涨跌预测,2026搜索随机1w,2026search_rand,421,60,市场价格行情查询,4,0.95,0.37,2.42
INVEST_ADVICE,请求个股买卖持有决策与涨跌预测,2026搜索随机1w,2026search_rand,421,19,车险购买与理赔咨询,3,0.71,0.24,2.07
INVEST_ADVICE,请求个股买卖持有决策与涨跌预测,2026搜索随机1w,2026search_rand,421,31,查询财经门户与市场行情,2,0.48,0.13,1.72
INVEST_ADVICE,请求个股买卖持有决策与涨跌预测,2026搜索随机1w,2026search_rand,421,65,计算存贷款利息,2,0.48,0.13,1.72
INVEST_ADVICE,请求个股买卖持有决策与涨跌预测,2026搜索随机1w,2026search_rand,421,64,查询金融业务数值与代码,2,0.48,0.13,1.72
INVEST_ADVICE,请求个股买卖持有决策与涨跌预测,2026搜索随机1w,2026search_rand,421,6,查询股票代码与指数信息,2,0.48,0.13,1.72
INVEST_ADVICE,请求个股买卖持有决策与涨跌预测,2026搜索随机1w,2026search_rand,421,32,证券股票信息查询,2,0.48,0.13,1.72
INVEST_ADVICE,请求个股买卖持有决策与涨跌预测,2026搜索随机1w,2026search_rand,421,13,花呗操作查询,2,0.48,0.13,1.72
INVEST_ADVICE,请求个股买卖持有决策与涨跌预测,2026搜索随机1w,2026search_rand,421,53,中国银行服务信息查询,1,0.24,0.04,1.33
INVEST_ADVICE,请求个股买卖持有决策与涨跌预测,2026搜索随机1w,2026search_rand,421,49,银行信息查询,1,0.24,0.04,1.33
INVEST_ADVICE,请求个股买卖持有决策与涨跌预测,2026搜索随机1w,2026search_rand,421,11,查询金融术语含义,1,0.24,0.04,1.33
INVEST_ADVICE,请求个股买卖持有决策与涨跌预测,2026搜索随机1w,2026search_rand,421,34,查询美元兑日元汇率,1,0.24,0.04,1.33
INVEST_ADVICE,请求个股买卖持有决策与涨跌预测,2026搜索随机1w,2026search_rand,421,43,支付方式使用与设置查询,1,0.24,0.04,1.33
INVEST_ADVICE,请求个股买卖持有决策与涨跌预测,2026搜索随机1w,2026search_rand,421,67,贷款月供计算,1,0.24,0.04,1.33
INVEST_ADVICE,请求个股买卖持有决策与涨跌预测,2026搜索随机1w,2026search_rand,421,28,股指行情查询,1,0.24,0.04,1.33
INVEST_ADVICE,请求个股买卖持有决策与涨跌预测,2026搜索随机1w,2026search_rand,421,15,查询借款平台正规性,1,0.24,0.04,1.33
INVEST_ADVICE,请求个股买卖持有决策与涨跌预测,2026搜索随机1w,2026search_rand,421,68,利率查询与计算,1,0.24,0.04,1.33
COMPARISON_DECISION,比较两个金融对象并给出取舍,2026搜索随机1w,2026search_rand,111,49,银行信息查询,12,10.81,6.29,17.95
COMPARISON_DECISION,比较两个金融对象并给出取舍,2026搜索随机1w,2026search_rand,111,65,计算存贷款利息,10,9.01,4.97,15.79
COMPARISON_DECISION,比较两个金融对象并给出取舍,2026搜索随机1w,2026search_rand,111,18,查询保险相关业务,9,8.11,4.32,14.69
COMPARISON_DECISION,比较两个金融对象并给出取舍,2026搜索随机1w,2026search_rand,111,70,查询定期存款利率,9,8.11,4.32,14.69
COMPARISON_DECISION,比较两个金融对象并给出取舍,2026搜索随机1w,2026search_rand,111,19,车险购买与理赔咨询,8,7.21,3.7,13.58
COMPARISON_DECISION,比较两个金融对象并给出取舍,2026搜索随机1w,2026search_rand,111,30,股票行情与选股建议查询,6,5.41,2.5,11.29
COMPARISON_DECISION,比较两个金融对象并给出取舍,2026搜索随机1w,2026search_rand,111,48,银行卡业务查询与办理指导,6,5.41,2.5,11.29
COMPARISON_DECISION,比较两个金融对象并给出取舍,2026搜索随机1w,2026search_rand,111,7,基金净值查询,6,5.41,2.5,11.29
COMPARISON_DECISION,比较两个金融对象并给出取舍,2026搜索随机1w,2026search_rand,111,8,查询贷款信息,5,4.5,1.94,10.11
COMPARISON_DECISION,比较两个金融对象并给出取舍,2026搜索随机1w,2026search_rand,111,32,证券股票信息查询,5,4.5,1.94,10.11
COMPARISON_DECISION,比较两个金融对象并给出取舍,2026搜索随机1w,2026search_rand,111,50,农业银行及农村信用社服务信息查询,4,3.6,1.41,8.9
COMPARISON_DECISION,比较两个金融对象并给出取舍,2026搜索随机1w,2026search_rand,111,44,支付宝相关操作查询,3,2.7,0.92,7.65
COMPARISON_DECISION,比较两个金融对象并给出取舍,2026搜索随机1w,2026search_rand,111,17,查询保险公司信息,2,1.8,0.5,6.33
COMPARISON_DECISION,比较两个金融对象并给出取舍,2026搜索随机1w,2026search_rand,111,47,查询办理信用卡业务,2,1.8,0.5,6.33
COMPARISON_DECISION,比较两个金融对象并给出取舍,2026搜索随机1w,2026search_rand,111,67,贷款月供计算,2,1.8,0.5,6.33
COMPARISON_DECISION,比较两个金融对象并给出取舍,2026搜索随机1w,2026search_rand,111,22,查询科技股与科创板信息,2,1.8,0.5,6.33
COMPARISON_DECISION,比较两个金融对象并给出取舍,2026搜索随机1w,2026search_rand,111,68,利率查询与计算,2,1.8,0.5,6.33
COMPARISON_DECISION,比较两个金融对象并给出取舍,2026搜索随机1w,2026search_rand,111,16,查询人寿保险相关业务信息,2,1.8,0.5,6.33
COMPARISON_DECISION,比较两个金融对象并给出取舍,2026搜索随机1w,2026search_rand,111,10,查询转账与账户业务可行性,2,1.8,0.5,6.33
COMPARISON_DECISION,比较两个金融对象并给出取舍,2026搜索随机1w,2026search_rand,111,20,查询交强险保费、赔偿与投保规定,2,1.8,0.5,6.33
COMPARISON_DECISION,比较两个金融对象并给出取舍,2026搜索随机1w,2026search_rand,111,13,花呗操作查询,1,0.9,0.16,4.93
COMPARISON_DECISION,比较两个金融对象并给出取舍,2026搜索随机1w,2026search_rand,111,28,股指行情查询,1,0.9,0.16,4.93
COMPARISON_DECISION,比较两个金融对象并给出取舍,2026搜索随机1w,2026search_rand,111,53,中国银行服务信息查询,1,0.9,0.16,4.93
COMPARISON_DECISION,比较两个金融对象并给出取舍,2026搜索随机1w,2026search_rand,111,1,查询300开头股票代码与行情,1,0.9,0.16,4.93
COMPARISON_DECISION,比较两个金融对象并给出取舍,2026搜索随机1w,2026search_rand,111,11,查询金融术语含义,1,0.9,0.16,4.93
COMPARISON_DECISION,比较两个金融对象并给出取舍,2026搜索随机1w,2026search_rand,111,12,金融业务操作与问题处理方法查询,1,0.9,0.16,4.93
COMPARISON_DECISION,比较两个金融对象并给出取舍,2026搜索随机1w,2026search_rand,111,45,查询股份公司及股票信息,1,0.9,0.16,4.93
COMPARISON_DECISION,比较两个金融对象并给出取舍,2026搜索随机1w,2026search_rand,111,6,查询股票代码与指数信息,1,0.9,0.16,4.93
COMPARISON_DECISION,比较两个金融对象并给出取舍,2026搜索随机1w,2026search_rand,111,43,支付方式使用与设置查询,1,0.9,0.16,4.93
COMPARISON_DECISION,比较两个金融对象并给出取舍,2026搜索随机1w,2026search_rand,111,33,查询人民币兑外币汇率,1,0.9,0.16,4.93
COMPARISON_DECISION,比较两个金融对象并给出取舍,2026搜索随机1w,2026search_rand,111,0,股票代码查询,1,0.9,0.16,4.93
COMPARISON_DECISION,比较两个金融对象并给出取舍,2026搜索随机1w,2026search_rand,111,54,建设银行网点与服务查询,1,0.9,0.16,4.93
VERDICT_QUESTION,对“是不是/是A还是B”给出裁决结论,2026搜索随机1w,2026search_rand,900,10,查询转账与账户业务可行性,152,16.89,14.58,19.48
VERDICT_QUESTION,对“是不是/是A还是B”给出裁决结论,2026搜索随机1w,2026search_rand,900,48,银行卡业务查询与办理指导,90,10.0,8.21,12.13
VERDICT_QUESTION,对“是不是/是A还是B”给出裁决结论,2026搜索随机1w,2026search_rand,900,8,查询贷款信息,85,9.44,7.7,11.53
VERDICT_QUESTION,对“是不是/是A还是B”给出裁决结论,2026搜索随机1w,2026search_rand,900,19,车险购买与理赔咨询,58,6.44,5.02,8.24
VERDICT_QUESTION,对“是不是/是A还是B”给出裁决结论,2026搜索随机1w,2026search_rand,900,49,银行信息查询,56,6.22,4.82,7.99
VERDICT_QUESTION,对“是不是/是A还是B”给出裁决结论,2026搜索随机1w,2026search_rand,900,44,支付宝相关操作查询,44,4.89,3.66,6.5
VERDICT_QUESTION,对“是不是/是A还是B”给出裁决结论,2026搜索随机1w,2026search_rand,900,18,查询保险相关业务,44,4.89,3.66,6.5
VERDICT_QUESTION,对“是不是/是A还是B”给出裁决结论,2026搜索随机1w,2026search_rand,900,70,查询定期存款利率,42,4.67,3.47,6.25
VERDICT_QUESTION,对“是不是/是A还是B”给出裁决结论,2026搜索随机1w,2026search_rand,900,30,股票行情与选股建议查询,37,4.11,3.0,5.62
VERDICT_QUESTION,对“是不是/是A还是B”给出裁决结论,2026搜索随机1w,2026search_rand,900,47,查询办理信用卡业务,32,3.56,2.53,4.98
VERDICT_QUESTION,对“是不是/是A还是B”给出裁决结论,2026搜索随机1w,2026search_rand,900,9,贷款提前还款查询,27,3.0,2.07,4.33
VERDICT_QUESTION,对“是不是/是A还是B”给出裁决结论,2026搜索随机1w,2026search_rand,900,17,查询保险公司信息,24,2.67,1.8,3.94
VERDICT_QUESTION,对“是不是/是A还是B”给出裁决结论,2026搜索随机1w,2026search_rand,900,14,个人征信报告查询与影响咨询,21,2.33,1.53,3.54
VERDICT_QUESTION,对“是不是/是A还是B”给出裁决结论,2026搜索随机1w,2026search_rand,900,43,支付方式使用与设置查询,19,2.11,1.36,3.27
VERDICT_QUESTION,对“是不是/是A还是B”给出裁决结论,2026搜索随机1w,2026search_rand,900,53,中国银行服务信息查询,17,1.89,1.18,3.0
VERDICT_QUESTION,对“是不是/是A还是B”给出裁决结论,2026搜索随机1w,2026search_rand,900,50,农业银行及农村信用社服务信息查询,16,1.78,1.1,2.87
VERDICT_QUESTION,对“是不是/是A还是B”给出裁决结论,2026搜索随机1w,2026search_rand,900,22,查询科技股与科创板信息,15,1.67,1.01,2.73
VERDICT_QUESTION,对“是不是/是A还是B”给出裁决结论,2026搜索随机1w,2026search_rand,900,52,下载安装金融类App,12,1.33,0.76,2.32
VERDICT_QUESTION,对“是不是/是A还是B”给出裁决结论,2026搜索随机1w,2026search_rand,900,20,查询交强险保费、赔偿与投保规定,12,1.33,0.76,2.32
VERDICT_QUESTION,对“是不是/是A还是B”给出裁决结论,2026搜索随机1w,2026search_rand,900,13,花呗操作查询,11,1.22,0.68,2.18
VERDICT_QUESTION,对“是不是/是A还是B”给出裁决结论,2026搜索随机1w,2026search_rand,900,65,计算存贷款利息,10,1.11,0.6,2.03
VERDICT_QUESTION,对“是不是/是A还是B”给出裁决结论,2026搜索随机1w,2026search_rand,900,16,查询人寿保险相关业务信息,10,1.11,0.6,2.03
VERDICT_QUESTION,对“是不是/是A还是B”给出裁决结论,2026搜索随机1w,2026search_rand,900,45,查询股份公司及股票信息,10,1.11,0.6,2.03
VERDICT_QUESTION,对“是不是/是A还是B”给出裁决结论,2026搜索随机1w,2026search_rand,900,32,证券股票信息查询,7,0.78,0.38,1.6
VERDICT_QUESTION,对“是不是/是A还是B”给出裁决结论,2026搜索随机1w,2026search_rand,900,25,查询股票信息,6,0.67,0.31,1.45
VERDICT_QUESTION,对“是不是/是A还是B”给出裁决结论,2026搜索随机1w,2026search_rand,900,23,科技类股票信息查询,6,0.67,0.31,1.45
VERDICT_QUESTION,对“是不是/是A还是B”给出裁决结论,2026搜索随机1w,2026search_rand,900,36,人民币及货币信息查询,6,0.67,0.31,1.45
VERDICT_QUESTION,对“是不是/是A还是B”给出裁决结论,2026搜索随机1w,2026search_rand,900,54,建设银行网点与服务查询,5,0.56,0.24,1.29
VERDICT_QUESTION,对“是不是/是A还是B”给出裁决结论,2026搜索随机1w,2026search_rand,900,7,基金净值查询,5,0.56,0.24,1.29
VERDICT_QUESTION,对“是不是/是A还是B”给出裁决结论,2026搜索随机1w,2026search_rand,900,58,查询黄金价格,3,0.33,0.11,0.98
VERDICT_QUESTION,对“是不是/是A还是B”给出裁决结论,2026搜索随机1w,2026search_rand,900,6,查询股票代码与指数信息,2,0.22,0.06,0.81
VERDICT_QUESTION,对“是不是/是A还是B”给出裁决结论,2026搜索随机1w,2026search_rand,900,67,贷款月供计算,2,0.22,0.06,0.81
VERDICT_QUESTION,对“是不是/是A还是B”给出裁决结论,2026搜索随机1w,2026search_rand,900,31,查询财经门户与市场行情,2,0.22,0.06,0.81
VERDICT_QUESTION,对“是不是/是A还是B”给出裁决结论,2026搜索随机1w,2026search_rand,900,26,查询个股股票行情与股吧讨论,1,0.11,0.02,0.63
VERDICT_QUESTION,对“是不是/是A还是B”给出裁决结论,2026搜索随机1w,2026search_rand,900,2,证券代码信息查询,1,0.11,0.02,0.63
VERDICT_QUESTION,对“是不是/是A还是B”给出裁决结论,2026搜索随机1w,2026search_rand,900,29,蚂蚁庄园今日答案查询,1,0.11,0.02,0.63
VERDICT_QUESTION,对“是不是/是A还是B”给出裁决结论,2026搜索随机1w,2026search_rand,900,73,证券代码信息查询,1,0.11,0.02,0.63
VERDICT_QUESTION,对“是不是/是A还是B”给出裁决结论,2026搜索随机1w,2026search_rand,900,15,查询借款平台正规性,1,0.11,0.02,0.63
VERDICT_QUESTION,对“是不是/是A还是B”给出裁决结论,2026搜索随机1w,2026search_rand,900,46,查询股份股票及股吧信息,1,0.11,0.02,0.63
VERDICT_QUESTION,对“是不是/是A还是B”给出裁决结论,2026搜索随机1w,2026search_rand,900,66,金融行情数据查询,1,0.11,0.02,0.63
VERDICT_QUESTION,对“是不是/是A还是B”给出裁决结论,2026搜索随机1w,2026search_rand,900,21,保险公司电话查询,1,0.11,0.02,0.63
VERDICT_QUESTION,对“是不是/是A还是B”给出裁决结论,2026搜索随机1w,2026search_rand,900,34,查询美元兑日元汇率,1,0.11,0.02,0.63
VERDICT_QUESTION,对“是不是/是A还是B”给出裁决结论,2026搜索随机1w,2026search_rand,900,11,查询金融术语含义,1,0.11,0.02,0.63
VERDICT_QUESTION,对“是不是/是A还是B”给出裁决结论,2026搜索随机1w,2026search_rand,900,28,股指行情查询,1,0.11,0.02,0.63
VERDICT_QUESTION,对“是不是/是A还是B”给出裁决结论,2026搜索随机1w,2026search_rand,900,35,货币兑换金额换算查询,1,0.11,0.02,0.63
STATUS_DECODE,解读粘贴的提示与界面状态,2026搜索随机1w,2026search_rand,22,49,银行信息查询,5,22.73,10.12,43.44
STATUS_DECODE,解读粘贴的提示与界面状态,2026搜索随机1w,2026search_rand,22,48,银行卡业务查询与办理指导,4,18.18,7.31,38.52
STATUS_DECODE,解读粘贴的提示与界面状态,2026搜索随机1w,2026search_rand,22,11,查询金融术语含义,4,18.18,7.31,38.52
STATUS_DECODE,解读粘贴的提示与界面状态,2026搜索随机1w,2026search_rand,22,47,查询办理信用卡业务,2,9.09,2.53,27.82
STATUS_DECODE,解读粘贴的提示与界面状态,2026搜索随机1w,2026search_rand,22,18,查询保险相关业务,1,4.55,0.81,21.8
STATUS_DECODE,解读粘贴的提示与界面状态,2026搜索随机1w,2026search_rand,22,30,股票行情与选股建议查询,1,4.55,0.81,21.8
STATUS_DECODE,解读粘贴的提示与界面状态,2026搜索随机1w,2026search_rand,22,14,个人征信报告查询与影响咨询,1,4.55,0.81,21.8
STATUS_DECODE,解读粘贴的提示与界面状态,2026搜索随机1w,2026search_rand,22,9,贷款提前还款查询,1,4.55,0.81,21.8
STATUS_DECODE,解读粘贴的提示与界面状态,2026搜索随机1w,2026search_rand,22,66,金融行情数据查询,1,4.55,0.81,21.8
STATUS_DECODE,解读粘贴的提示与界面状态,2026搜索随机1w,2026search_rand,22,53,中国银行服务信息查询,1,4.55,0.81,21.8
STATUS_DECODE,解读粘贴的提示与界面状态,2026搜索随机1w,2026search_rand,22,54,建设银行网点与服务查询,1,4.55,0.81,21.8
NEWS_EVENT,查询个股与公司层面的消息、公告与进度,2026搜索随机1w,2026search_rand,459,30,股票行情与选股建议查询,121,26.36,22.54,30.58
NEWS_EVENT,查询个股与公司层面的消息、公告与进度,2026搜索随机1w,2026search_rand,459,66,金融行情数据查询,67,14.6,11.66,18.12
NEWS_EVENT,查询个股与公司层面的消息、公告与进度,2026搜索随机1w,2026search_rand,459,22,查询科技股与科创板信息,44,9.59,7.22,12.62
NEWS_EVENT,查询个股与公司层面的消息、公告与进度,2026搜索随机1w,2026search_rand,459,31,查询财经门户与市场行情,38,8.28,6.09,11.16
NEWS_EVENT,查询个股与公司层面的消息、公告与进度,2026搜索随机1w,2026search_rand,459,17,查询保险公司信息,23,5.01,3.36,7.41
NEWS_EVENT,查询个股与公司层面的消息、公告与进度,2026搜索随机1w,2026search_rand,459,45,查询股份公司及股票信息,22,4.79,3.19,7.15
NEWS_EVENT,查询个股与公司层面的消息、公告与进度,2026搜索随机1w,2026search_rand,459,7,基金净值查询,13,2.83,1.66,4.78
NEWS_EVENT,查询个股与公司层面的消息、公告与进度,2026搜索随机1w,2026search_rand,459,25,查询股票信息,12,2.61,1.5,4.51
NEWS_EVENT,查询个股与公司层面的消息、公告与进度,2026搜索随机1w,2026search_rand,459,10,查询转账与账户业务可行性,11,2.4,1.34,4.24
NEWS_EVENT,查询个股与公司层面的消息、公告与进度,2026搜索随机1w,2026search_rand,459,71,查询价格与金额,8,1.74,0.89,3.4
NEWS_EVENT,查询个股与公司层面的消息、公告与进度,2026搜索随机1w,2026search_rand,459,1,查询300开头股票代码与行情,8,1.74,0.89,3.4
NEWS_EVENT,查询个股与公司层面的消息、公告与进度,2026搜索随机1w,2026search_rand,459,12,金融业务操作与问题处理方法查询,7,1.53,0.74,3.11
NEWS_EVENT,查询个股与公司层面的消息、公告与进度,2026搜索随机1w,2026search_rand,459,32,证券股票信息查询,7,1.53,0.74,3.11
NEWS_EVENT,查询个股与公司层面的消息、公告与进度,2026搜索随机1w,2026search_rand,459,26,查询个股股票行情与股吧讨论,6,1.31,0.6,2.82
NEWS_EVENT,查询个股与公司层面的消息、公告与进度,2026搜索随机1w,2026search_rand,459,64,查询金融业务数值与代码,6,1.31,0.6,2.82
NEWS_EVENT,查询个股与公司层面的消息、公告与进度,2026搜索随机1w,2026search_rand,459,27,查询市场行情,6,1.31,0.6,2.82
NEWS_EVENT,查询个股与公司层面的消息、公告与进度,2026搜索随机1w,2026search_rand,459,0,股票代码查询,6,1.31,0.6,2.82
NEWS_EVENT,查询个股与公司层面的消息、公告与进度,2026搜索随机1w,2026search_rand,459,49,银行信息查询,5,1.09,0.47,2.52
NEWS_EVENT,查询个股与公司层面的消息、公告与进度,2026搜索随机1w,2026search_rand,459,65,计算存贷款利息,5,1.09,0.47,2.52
NEWS_EVENT,查询个股与公司层面的消息、公告与进度,2026搜索随机1w,2026search_rand,459,24,证券股吧查询,5,1.09,0.47,2.52
NEWS_EVENT,查询个股与公司层面的消息、公告与进度,2026搜索随机1w,2026search_rand,459,28,股指行情查询,4,0.87,0.34,2.22
NEWS_EVENT,查询个股与公司层面的消息、公告与进度,2026搜索随机1w,2026search_rand,459,72,金融代码查询,4,0.87,0.34,2.22
NEWS_EVENT,查询个股与公司层面的消息、公告与进度,2026搜索随机1w,2026search_rand,459,2,证券代码信息查询,3,0.65,0.22,1.9
NEWS_EVENT,查询个股与公司层面的消息、公告与进度,2026搜索随机1w,2026search_rand,459,16,查询人寿保险相关业务信息,3,0.65,0.22,1.9
NEWS_EVENT,查询个股与公司层面的消息、公告与进度,2026搜索随机1w,2026search_rand,459,23,科技类股票信息查询,3,0.65,0.22,1.9
NEWS_EVENT,查询个股与公司层面的消息、公告与进度,2026搜索随机1w,2026search_rand,459,18,查询保险相关业务,2,0.44,0.12,1.57
NEWS_EVENT,查询个股与公司层面的消息、公告与进度,2026搜索随机1w,2026search_rand,459,36,人民币及货币信息查询,2,0.44,0.12,1.57
NEWS_EVENT,查询个股与公司层面的消息、公告与进度,2026搜索随机1w,2026search_rand,459,46,查询股份股票及股吧信息,2,0.44,0.12,1.57
NEWS_EVENT,查询个股与公司层面的消息、公告与进度,2026搜索随机1w,2026search_rand,459,58,查询黄金价格,2,0.44,0.12,1.57
NEWS_EVENT,查询个股与公司层面的消息、公告与进度,2026搜索随机1w,2026search_rand,459,11,查询金融术语含义,2,0.44,0.12,1.57
NEWS_EVENT,查询个股与公司层面的消息、公告与进度,2026搜索随机1w,2026search_rand,459,13,花呗操作查询,2,0.44,0.12,1.57
NEWS_EVENT,查询个股与公司层面的消息、公告与进度,2026搜索随机1w,2026search_rand,459,54,建设银行网点与服务查询,1,0.22,0.04,1.22
NEWS_EVENT,查询个股与公司层面的消息、公告与进度,2026搜索随机1w,2026search_rand,459,63,查询价格走势图,1,0.22,0.04,1.22
NEWS_EVENT,查询个股与公司层面的消息、公告与进度,2026搜索随机1w,2026search_rand,459,50,农业银行及农村信用社服务信息查询,1,0.22,0.04,1.22
NEWS_EVENT,查询个股与公司层面的消息、公告与进度,2026搜索随机1w,2026search_rand,459,68,利率查询与计算,1,0.22,0.04,1.22
NEWS_EVENT,查询个股与公司层面的消息、公告与进度,2026搜索随机1w,2026search_rand,459,14,个人征信报告查询与影响咨询,1,0.22,0.04,1.22
NEWS_EVENT,查询个股与公司层面的消息、公告与进度,2026搜索随机1w,2026search_rand,459,43,支付方式使用与设置查询,1,0.22,0.04,1.22
NEWS_EVENT,查询个股与公司层面的消息、公告与进度,2026搜索随机1w,2026search_rand,459,47,查询办理信用卡业务,1,0.22,0.04,1.22
NEWS_EVENT,查询个股与公司层面的消息、公告与进度,2026搜索随机1w,2026search_rand,459,6,查询股票代码与指数信息,1,0.22,0.04,1.22
NEWS_EVENT,查询个股与公司层面的消息、公告与进度,2026搜索随机1w,2026search_rand,459,60,市场价格行情查询,1,0.22,0.04,1.22
NEWS_EVENT,查询个股与公司层面的消息、公告与进度,2026搜索随机1w,2026search_rand,459,35,货币兑换金额换算查询,1,0.22,0.04,1.22
RESOLVE_BARE_ENTITY,解析裸非可报价名称,2026搜索随机1w,2026search_rand,411,31,查询财经门户与市场行情,72,17.52,14.15,21.49
RESOLVE_BARE_ENTITY,解析裸非可报价名称,2026搜索随机1w,2026search_rand,411,49,银行信息查询,51,12.41,9.57,15.95
RESOLVE_BARE_ENTITY,解析裸非可报价名称,2026搜索随机1w,2026search_rand,411,32,证券股票信息查询,27,6.57,4.55,9.39
RESOLVE_BARE_ENTITY,解析裸非可报价名称,2026搜索随机1w,2026search_rand,411,8,查询贷款信息,27,6.57,4.55,9.39
RESOLVE_BARE_ENTITY,解析裸非可报价名称,2026搜索随机1w,2026search_rand,411,18,查询保险相关业务,26,6.33,4.35,9.11
RESOLVE_BARE_ENTITY,解析裸非可报价名称,2026搜索随机1w,2026search_rand,411,7,基金净值查询,24,5.84,3.96,8.54
RESOLVE_BARE_ENTITY,解析裸非可报价名称,2026搜索随机1w,2026search_rand,411,15,查询借款平台正规性,20,4.87,3.17,7.4
RESOLVE_BARE_ENTITY,解析裸非可报价名称,2026搜索随机1w,2026search_rand,411,17,查询保险公司信息,18,4.38,2.79,6.82
RESOLVE_BARE_ENTITY,解析裸非可报价名称,2026搜索随机1w,2026search_rand,411,16,查询人寿保险相关业务信息,12,2.92,1.68,5.03
RESOLVE_BARE_ENTITY,解析裸非可报价名称,2026搜索随机1w,2026search_rand,411,22,查询科技股与科创板信息,10,2.43,1.33,4.42
RESOLVE_BARE_ENTITY,解析裸非可报价名称,2026搜索随机1w,2026search_rand,411,50,农业银行及农村信用社服务信息查询,9,2.19,1.16,4.11
RESOLVE_BARE_ENTITY,解析裸非可报价名称,2026搜索随机1w,2026search_rand,411,52,下载安装金融类App,9,2.19,1.16,4.11
RESOLVE_BARE_ENTITY,解析裸非可报价名称,2026搜索随机1w,2026search_rand,411,30,股票行情与选股建议查询,8,1.95,0.99,3.79
RESOLVE_BARE_ENTITY,解析裸非可报价名称,2026搜索随机1w,2026search_rand,411,72,金融代码查询,8,1.95,0.99,3.79
RESOLVE_BARE_ENTITY,解析裸非可报价名称,2026搜索随机1w,2026search_rand,411,36,人民币及货币信息查询,8,1.95,0.99,3.79
RESOLVE_BARE_ENTITY,解析裸非可报价名称,2026搜索随机1w,2026search_rand,411,43,支付方式使用与设置查询,8,1.95,0.99,3.79
RESOLVE_BARE_ENTITY,解析裸非可报价名称,2026搜索随机1w,2026search_rand,411,48,银行卡业务查询与办理指导,6,1.46,0.67,3.15
RESOLVE_BARE_ENTITY,解析裸非可报价名称,2026搜索随机1w,2026search_rand,411,10,查询转账与账户业务可行性,6,1.46,0.67,3.15
RESOLVE_BARE_ENTITY,解析裸非可报价名称,2026搜索随机1w,2026search_rand,411,47,查询办理信用卡业务,6,1.46,0.67,3.15
RESOLVE_BARE_ENTITY,解析裸非可报价名称,2026搜索随机1w,2026search_rand,411,53,中国银行服务信息查询,6,1.46,0.67,3.15
RESOLVE_BARE_ENTITY,解析裸非可报价名称,2026搜索随机1w,2026search_rand,411,14,个人征信报告查询与影响咨询,5,1.22,0.52,2.82
RESOLVE_BARE_ENTITY,解析裸非可报价名称,2026搜索随机1w,2026search_rand,411,25,查询股票信息,4,0.97,0.38,2.48
RESOLVE_BARE_ENTITY,解析裸非可报价名称,2026搜索随机1w,2026search_rand,411,13,花呗操作查询,4,0.97,0.38,2.48
RESOLVE_BARE_ENTITY,解析裸非可报价名称,2026搜索随机1w,2026search_rand,411,54,建设银行网点与服务查询,4,0.97,0.38,2.48
RESOLVE_BARE_ENTITY,解析裸非可报价名称,2026搜索随机1w,2026search_rand,411,66,金融行情数据查询,3,0.73,0.25,2.12
RESOLVE_BARE_ENTITY,解析裸非可报价名称,2026搜索随机1w,2026search_rand,411,44,支付宝相关操作查询,3,0.73,0.25,2.12
RESOLVE_BARE_ENTITY,解析裸非可报价名称,2026搜索随机1w,2026search_rand,411,33,查询人民币兑外币汇率,3,0.73,0.25,2.12
RESOLVE_BARE_ENTITY,解析裸非可报价名称,2026搜索随机1w,2026search_rand,411,29,蚂蚁庄园今日答案查询,2,0.49,0.13,1.76
RESOLVE_BARE_ENTITY,解析裸非可报价名称,2026搜索随机1w,2026search_rand,411,70,查询定期存款利率,2,0.49,0.13,1.76
RESOLVE_BARE_ENTITY,解析裸非可报价名称,2026搜索随机1w,2026search_rand,411,21,保险公司电话查询,2,0.49,0.13,1.76
RESOLVE_BARE_ENTITY,解析裸非可报价名称,2026搜索随机1w,2026search_rand,411,65,计算存贷款利息,2,0.49,0.13,1.76
RESOLVE_BARE_ENTITY,解析裸非可报价名称,2026搜索随机1w,2026search_rand,411,62,查询金价,1,0.24,0.04,1.37
RESOLVE_BARE_ENTITY,解析裸非可报价名称,2026搜索随机1w,2026search_rand,411,55,银行客服电话查询,1,0.24,0.04,1.37
RESOLVE_BARE_ENTITY,解析裸非可报价名称,2026搜索随机1w,2026search_rand,411,34,查询美元兑日元汇率,1,0.24,0.04,1.37
RESOLVE_BARE_ENTITY,解析裸非可报价名称,2026搜索随机1w,2026search_rand,411,71,查询价格与金额,1,0.24,0.04,1.37
RESOLVE_BARE_ENTITY,解析裸非可报价名称,2026搜索随机1w,2026search_rand,411,59,实时行情查询,1,0.24,0.04,1.37
RESOLVE_BARE_ENTITY,解析裸非可报价名称,2026搜索随机1w,2026search_rand,411,11,查询金融术语含义,1,0.24,0.04,1.37
RESOLVE_BARE_ENTITY,解析裸非可报价名称,2026搜索随机1w,2026search_rand,411,6,查询股票代码与指数信息,1,0.24,0.04,1.37
RESOLVE_BARE_ENTITY,解析裸非可报价名称,2026搜索随机1w,2026search_rand,411,12,金融业务操作与问题处理方法查询,1,0.24,0.04,1.37
RESOLVE_BARE_ENTITY,解析裸非可报价名称,2026搜索随机1w,2026search_rand,411,68,利率查询与计算,1,0.24,0.04,1.37
RESOLVE_BARE_ENTITY,解析裸非可报价名称,2026搜索随机1w,2026search_rand,411,19,车险购买与理赔咨询,1,0.24,0.04,1.37
RESOLVE_BARE_ENTITY,解析裸非可报价名称,2026搜索随机1w,2026search_rand,411,24,证券股吧查询,1,0.24,0.04,1.37
RESOLVE_BARE_ENTITY,解析裸非可报价名称,2026搜索随机1w,2026search_rand,411,58,查询黄金价格,1,0.24,0.04,1.37
RESOLVE_BARE_ENTITY,解析裸非可报价名称,2026搜索随机1w,2026search_rand,411,63,查询价格走势图,1,0.24,0.04,1.37
RESOLVE_BARE_ENTITY,解析裸非可报价名称,2026搜索随机1w,2026search_rand,411,45,查询股份公司及股票信息,1,0.24,0.04,1.37
RESOLVE_BARE_ENTITY,解析裸非可报价名称,2026搜索随机1w,2026search_rand,411,0,股票代码查询,1,0.24,0.04,1.37
RESOLVE_BARE_ENTITY,解析裸非可报价名称,2026搜索随机1w,2026search_rand,411,27,查询市场行情,1,0.24,0.04,1.37
ENTITY_VERIFY,核验机构平台与金融信息来源的真伪资质,2026搜索随机1w,2026search_rand,100,15,查询借款平台正规性,30,30.0,21.89,39.59
ENTITY_VERIFY,核验机构平台与金融信息来源的真伪资质,2026搜索随机1w,2026search_rand,100,10,查询转账与账户业务可行性,11,11.0,6.25,18.63
ENTITY_VERIFY,核验机构平台与金融信息来源的真伪资质,2026搜索随机1w,2026search_rand,100,8,查询贷款信息,9,9.0,4.81,16.23
ENTITY_VERIFY,核验机构平台与金融信息来源的真伪资质,2026搜索随机1w,2026search_rand,100,17,查询保险公司信息,7,7.0,3.43,13.75
ENTITY_VERIFY,核验机构平台与金融信息来源的真伪资质,2026搜索随机1w,2026search_rand,100,7,基金净值查询,4,4.0,1.57,9.84
ENTITY_VERIFY,核验机构平台与金融信息来源的真伪资质,2026搜索随机1w,2026search_rand,100,44,支付宝相关操作查询,4,4.0,1.57,9.84
ENTITY_VERIFY,核验机构平台与金融信息来源的真伪资质,2026搜索随机1w,2026search_rand,100,36,人民币及货币信息查询,3,3.0,1.03,8.45
ENTITY_VERIFY,核验机构平台与金融信息来源的真伪资质,2026搜索随机1w,2026search_rand,100,49,银行信息查询,3,3.0,1.03,8.45
ENTITY_VERIFY,核验机构平台与金融信息来源的真伪资质,2026搜索随机1w,2026search_rand,100,18,查询保险相关业务,3,3.0,1.03,8.45
ENTITY_VERIFY,核验机构平台与金融信息来源的真伪资质,2026搜索随机1w,2026search_rand,100,47,查询办理信用卡业务,3,3.0,1.03,8.45
ENTITY_VERIFY,核验机构平台与金融信息来源的真伪资质,2026搜索随机1w,2026search_rand,100,50,农业银行及农村信用社服务信息查询,2,2.0,0.55,7.0
ENTITY_VERIFY,核验机构平台与金融信息来源的真伪资质,2026搜索随机1w,2026search_rand,100,43,支付方式使用与设置查询,2,2.0,0.55,7.0
ENTITY_VERIFY,核验机构平台与金融信息来源的真伪资质,2026搜索随机1w,2026search_rand,100,67,贷款月供计算,2,2.0,0.55,7.0
ENTITY_VERIFY,核验机构平台与金融信息来源的真伪资质,2026搜索随机1w,2026search_rand,100,19,车险购买与理赔咨询,2,2.0,0.55,7.0
ENTITY_VERIFY,核验机构平台与金融信息来源的真伪资质,2026搜索随机1w,2026search_rand,100,13,花呗操作查询,2,2.0,0.55,7.0
ENTITY_VERIFY,核验机构平台与金融信息来源的真伪资质,2026搜索随机1w,2026search_rand,100,22,查询科技股与科创板信息,2,2.0,0.55,7.0
ENTITY_VERIFY,核验机构平台与金融信息来源的真伪资质,2026搜索随机1w,2026search_rand,100,9,贷款提前还款查询,1,1.0,0.18,5.45
ENTITY_VERIFY,核验机构平台与金融信息来源的真伪资质,2026搜索随机1w,2026search_rand,100,14,个人征信报告查询与影响咨询,1,1.0,0.18,5.45
ENTITY_VERIFY,核验机构平台与金融信息来源的真伪资质,2026搜索随机1w,2026search_rand,100,2,证券代码信息查询,1,1.0,0.18,5.45
ENTITY_VERIFY,核验机构平台与金融信息来源的真伪资质,2026搜索随机1w,2026search_rand,100,12,金融业务操作与问题处理方法查询,1,1.0,0.18,5.45
ENTITY_VERIFY,核验机构平台与金融信息来源的真伪资质,2026搜索随机1w,2026search_rand,100,16,查询人寿保险相关业务信息,1,1.0,0.18,5.45
ENTITY_VERIFY,核验机构平台与金融信息来源的真伪资质,2026搜索随机1w,2026search_rand,100,52,下载安装金融类App,1,1.0,0.18,5.45
ENTITY_VERIFY,核验机构平台与金融信息来源的真伪资质,2026搜索随机1w,2026search_rand,100,30,股票行情与选股建议查询,1,1.0,0.18,5.45
ENTITY_VERIFY,核验机构平台与金融信息来源的真伪资质,2026搜索随机1w,2026search_rand,100,66,金融行情数据查询,1,1.0,0.18,5.45
ENTITY_VERIFY,核验机构平台与金融信息来源的真伪资质,2026搜索随机1w,2026search_rand,100,70,查询定期存款利率,1,1.0,0.18,5.45
ENTITY_VERIFY,核验机构平台与金融信息来源的真伪资质,2026搜索随机1w,2026search_rand,100,11,查询金融术语含义,1,1.0,0.18,5.45
ENTITY_VERIFY,核验机构平台与金融信息来源的真伪资质,2026搜索随机1w,2026search_rand,100,55,银行客服电话查询,1,1.0,0.18,5.45
MARKET_MOVEMENT_EXPLAIN,解释已发生市场现象的原因,2026搜索随机1w,2026search_rand,99,30,股票行情与选股建议查询,59,59.6,49.75,68.73
MARKET_MOVEMENT_EXPLAIN,解释已发生市场现象的原因,2026搜索随机1w,2026search_rand,99,22,查询科技股与科创板信息,5,5.05,2.18,11.28
MARKET_MOVEMENT_EXPLAIN,解释已发生市场现象的原因,2026搜索随机1w,2026search_rand,99,45,查询股份公司及股票信息,4,4.04,1.58,9.93
MARKET_MOVEMENT_EXPLAIN,解释已发生市场现象的原因,2026搜索随机1w,2026search_rand,99,58,查询黄金价格,4,4.04,1.58,9.93
MARKET_MOVEMENT_EXPLAIN,解释已发生市场现象的原因,2026搜索随机1w,2026search_rand,99,65,计算存贷款利息,2,2.02,0.56,7.07
MARKET_MOVEMENT_EXPLAIN,解释已发生市场现象的原因,2026搜索随机1w,2026search_rand,99,27,查询市场行情,2,2.02,0.56,7.07
MARKET_MOVEMENT_EXPLAIN,解释已发生市场现象的原因,2026搜索随机1w,2026search_rand,99,66,金融行情数据查询,2,2.02,0.56,7.07
MARKET_MOVEMENT_EXPLAIN,解释已发生市场现象的原因,2026搜索随机1w,2026search_rand,99,25,查询股票信息,2,2.02,0.56,7.07
MARKET_MOVEMENT_EXPLAIN,解释已发生市场现象的原因,2026搜索随机1w,2026search_rand,99,28,股指行情查询,2,2.02,0.56,7.07
MARKET_MOVEMENT_EXPLAIN,解释已发生市场现象的原因,2026搜索随机1w,2026search_rand,99,12,金融业务操作与问题处理方法查询,2,2.02,0.56,7.07
MARKET_MOVEMENT_EXPLAIN,解释已发生市场现象的原因,2026搜索随机1w,2026search_rand,99,68,利率查询与计算,2,2.02,0.56,7.07
MARKET_MOVEMENT_EXPLAIN,解释已发生市场现象的原因,2026搜索随机1w,2026search_rand,99,62,查询金价,1,1.01,0.18,5.5
MARKET_MOVEMENT_EXPLAIN,解释已发生市场现象的原因,2026搜索随机1w,2026search_rand,99,32,证券股票信息查询,1,1.01,0.18,5.5
MARKET_MOVEMENT_EXPLAIN,解释已发生市场现象的原因,2026搜索随机1w,2026search_rand,99,26,查询个股股票行情与股吧讨论,1,1.01,0.18,5.5
MARKET_MOVEMENT_EXPLAIN,解释已发生市场现象的原因,2026搜索随机1w,2026search_rand,99,7,基金净值查询,1,1.01,0.18,5.5
MARKET_MOVEMENT_EXPLAIN,解释已发生市场现象的原因,2026搜索随机1w,2026search_rand,99,24,证券股吧查询,1,1.01,0.18,5.5
MARKET_MOVEMENT_EXPLAIN,解释已发生市场现象的原因,2026搜索随机1w,2026search_rand,99,43,支付方式使用与设置查询,1,1.01,0.18,5.5
MARKET_MOVEMENT_EXPLAIN,解释已发生市场现象的原因,2026搜索随机1w,2026search_rand,99,34,查询美元兑日元汇率,1,1.01,0.18,5.5
MARKET_MOVEMENT_EXPLAIN,解释已发生市场现象的原因,2026搜索随机1w,2026search_rand,99,13,花呗操作查询,1,1.01,0.18,5.5
MARKET_MOVEMENT_EXPLAIN,解释已发生市场现象的原因,2026搜索随机1w,2026search_rand,99,63,查询价格走势图,1,1.01,0.18,5.5
MARKET_MOVEMENT_EXPLAIN,解释已发生市场现象的原因,2026搜索随机1w,2026search_rand,99,11,查询金融术语含义,1,1.01,0.18,5.5
MARKET_MOVEMENT_EXPLAIN,解释已发生市场现象的原因,2026搜索随机1w,2026search_rand,99,64,查询金融业务数值与代码,1,1.01,0.18,5.5
MARKET_MOVEMENT_EXPLAIN,解释已发生市场现象的原因,2026搜索随机1w,2026search_rand,99,36,人民币及货币信息查询,1,1.01,0.18,5.5
MARKET_MOVEMENT_EXPLAIN,解释已发生市场现象的原因,2026搜索随机1w,2026search_rand,99,23,科技类股票信息查询,1,1.01,0.18,5.5
ENTITY_IDENTITY_CHECK,确认或反查标的代码与名称对应,2026搜索随机1w,2026search_rand,118,30,股票行情与选股建议查询,34,28.81,21.41,37.55
ENTITY_IDENTITY_CHECK,确认或反查标的代码与名称对应,2026搜索随机1w,2026search_rand,118,17,查询保险公司信息,14,11.86,7.2,18.93
ENTITY_IDENTITY_CHECK,确认或反查标的代码与名称对应,2026搜索随机1w,2026search_rand,118,22,查询科技股与科创板信息,11,9.32,5.29,15.92
ENTITY_IDENTITY_CHECK,确认或反查标的代码与名称对应,2026搜索随机1w,2026search_rand,118,25,查询股票信息,10,8.47,4.67,14.9
ENTITY_IDENTITY_CHECK,确认或反查标的代码与名称对应,2026搜索随机1w,2026search_rand,118,64,查询金融业务数值与代码,7,5.93,2.9,11.74
ENTITY_IDENTITY_CHECK,确认或反查标的代码与名称对应,2026搜索随机1w,2026search_rand,118,72,金融代码查询,6,5.08,2.35,10.65
ENTITY_IDENTITY_CHECK,确认或反查标的代码与名称对应,2026搜索随机1w,2026search_rand,118,0,股票代码查询,6,5.08,2.35,10.65
ENTITY_IDENTITY_CHECK,确认或反查标的代码与名称对应,2026搜索随机1w,2026search_rand,118,7,基金净值查询,5,4.24,1.82,9.54
ENTITY_IDENTITY_CHECK,确认或反查标的代码与名称对应,2026搜索随机1w,2026search_rand,118,31,查询财经门户与市场行情,4,3.39,1.33,8.39
ENTITY_IDENTITY_CHECK,确认或反查标的代码与名称对应,2026搜索随机1w,2026search_rand,118,11,查询金融术语含义,4,3.39,1.33,8.39
ENTITY_IDENTITY_CHECK,确认或反查标的代码与名称对应,2026搜索随机1w,2026search_rand,118,45,查询股份公司及股票信息,4,3.39,1.33,8.39
ENTITY_IDENTITY_CHECK,确认或反查标的代码与名称对应,2026搜索随机1w,2026search_rand,118,23,科技类股票信息查询,3,2.54,0.87,7.21
ENTITY_IDENTITY_CHECK,确认或反查标的代码与名称对应,2026搜索随机1w,2026search_rand,118,6,查询股票代码与指数信息,3,2.54,0.87,7.21
ENTITY_IDENTITY_CHECK,确认或反查标的代码与名称对应,2026搜索随机1w,2026search_rand,118,32,证券股票信息查询,2,1.69,0.47,5.97
ENTITY_IDENTITY_CHECK,确认或反查标的代码与名称对应,2026搜索随机1w,2026search_rand,118,3,查询电话号码归属,1,0.85,0.15,4.64
ENTITY_IDENTITY_CHECK,确认或反查标的代码与名称对应,2026搜索随机1w,2026search_rand,118,66,金融行情数据查询,1,0.85,0.15,4.64
ENTITY_IDENTITY_CHECK,确认或反查标的代码与名称对应,2026搜索随机1w,2026search_rand,118,26,查询个股股票行情与股吧讨论,1,0.85,0.15,4.64
ENTITY_IDENTITY_CHECK,确认或反查标的代码与名称对应,2026搜索随机1w,2026search_rand,118,15,查询借款平台正规性,1,0.85,0.15,4.64
ENTITY_IDENTITY_CHECK,确认或反查标的代码与名称对应,2026搜索随机1w,2026search_rand,118,49,银行信息查询,1,0.85,0.15,4.64
SEEK_CREDIT_WORKAROUND,寻找绕征信借款或评估征信修复,2026搜索随机1w,2026search_rand,4,14,个人征信报告查询与影响咨询,3,75.0,30.06,95.44
SEEK_CREDIT_WORKAROUND,寻找绕征信借款或评估征信修复,2026搜索随机1w,2026search_rand,4,15,查询借款平台正规性,1,25.0,4.56,69.94
DEBT_DISTRESS,处理逾期催收与还款困境,2026搜索随机1w,2026search_rand,41,14,个人征信报告查询与影响咨询,12,29.27,17.61,44.48
DEBT_DISTRESS,处理逾期催收与还款困境,2026搜索随机1w,2026search_rand,41,8,查询贷款信息,7,17.07,8.53,31.26
DEBT_DISTRESS,处理逾期催收与还款困境,2026搜索随机1w,2026search_rand,41,9,贷款提前还款查询,6,14.63,6.88,28.44
DEBT_DISTRESS,处理逾期催收与还款困境,2026搜索随机1w,2026search_rand,41,13,花呗操作查询,5,12.2,5.32,25.54
DEBT_DISTRESS,处理逾期催收与还款困境,2026搜索随机1w,2026search_rand,41,12,金融业务操作与问题处理方法查询,3,7.32,2.52,19.43
DEBT_DISTRESS,处理逾期催收与还款困境,2026搜索随机1w,2026search_rand,41,10,查询转账与账户业务可行性,2,4.88,1.35,16.14
DEBT_DISTRESS,处理逾期催收与还款困境,2026搜索随机1w,2026search_rand,41,17,查询保险公司信息,2,4.88,1.35,16.14
DEBT_DISTRESS,处理逾期催收与还款困境,2026搜索随机1w,2026search_rand,41,15,查询借款平台正规性,2,4.88,1.35,16.14
DEBT_DISTRESS,处理逾期催收与还款困境,2026搜索随机1w,2026search_rand,41,55,银行客服电话查询,1,2.44,0.43,12.6
DEBT_DISTRESS,处理逾期催收与还款困境,2026搜索随机1w,2026search_rand,41,65,计算存贷款利息,1,2.44,0.43,12.6
QUOTE_LOOKUP,查询可报价品种实时行情与价格,助手头部1k,assistant_top,456,25,查询股票信息,123,26.97,23.1,31.23
QUOTE_LOOKUP,查询可报价品种实时行情与价格,助手头部1k,assistant_top,456,27,查询市场行情,58,12.72,9.97,16.09
QUOTE_LOOKUP,查询可报价品种实时行情与价格,助手头部1k,assistant_top,456,58,查询黄金价格,42,9.21,6.89,12.22
QUOTE_LOOKUP,查询可报价品种实时行情与价格,助手头部1k,assistant_top,456,28,股指行情查询,35,7.68,5.57,10.49
QUOTE_LOOKUP,查询可报价品种实时行情与价格,助手头部1k,assistant_top,456,45,查询股份公司及股票信息,24,5.26,3.56,7.71
QUOTE_LOOKUP,查询可报价品种实时行情与价格,助手头部1k,assistant_top,456,63,查询价格走势图,20,4.39,2.86,6.68
QUOTE_LOOKUP,查询可报价品种实时行情与价格,助手头部1k,assistant_top,456,23,科技类股票信息查询,20,4.39,2.86,6.68
QUOTE_LOOKUP,查询可报价品种实时行情与价格,助手头部1k,assistant_top,456,62,查询金价,20,4.39,2.86,6.68
QUOTE_LOOKUP,查询可报价品种实时行情与价格,助手头部1k,assistant_top,456,60,市场价格行情查询,20,4.39,2.86,6.68
QUOTE_LOOKUP,查询可报价品种实时行情与价格,助手头部1k,assistant_top,456,26,查询个股股票行情与股吧讨论,16,3.51,2.17,5.62
QUOTE_LOOKUP,查询可报价品种实时行情与价格,助手头部1k,assistant_top,456,59,实时行情查询,16,3.51,2.17,5.62
QUOTE_LOOKUP,查询可报价品种实时行情与价格,助手头部1k,assistant_top,456,30,股票行情与选股建议查询,14,3.07,1.84,5.09
QUOTE_LOOKUP,查询可报价品种实时行情与价格,助手头部1k,assistant_top,456,31,查询财经门户与市场行情,8,1.75,0.89,3.42
QUOTE_LOOKUP,查询可报价品种实时行情与价格,助手头部1k,assistant_top,456,46,查询股份股票及股吧信息,7,1.54,0.75,3.13
QUOTE_LOOKUP,查询可报价品种实时行情与价格,助手头部1k,assistant_top,456,6,查询股票代码与指数信息,5,1.1,0.47,2.54
QUOTE_LOOKUP,查询可报价品种实时行情与价格,助手头部1k,assistant_top,456,22,查询科技股与科创板信息,5,1.1,0.47,2.54
QUOTE_LOOKUP,查询可报价品种实时行情与价格,助手头部1k,assistant_top,456,66,金融行情数据查询,3,0.66,0.22,1.92
QUOTE_LOOKUP,查询可报价品种实时行情与价格,助手头部1k,assistant_top,456,1,查询300开头股票代码与行情,3,0.66,0.22,1.92
QUOTE_LOOKUP,查询可报价品种实时行情与价格,助手头部1k,assistant_top,456,49,银行信息查询,3,0.66,0.22,1.92
QUOTE_LOOKUP,查询可报价品种实时行情与价格,助手头部1k,assistant_top,456,64,查询金融业务数值与代码,2,0.44,0.12,1.58
QUOTE_LOOKUP,查询可报价品种实时行情与价格,助手头部1k,assistant_top,456,53,中国银行服务信息查询,2,0.44,0.12,1.58
QUOTE_LOOKUP,查询可报价品种实时行情与价格,助手头部1k,assistant_top,456,71,查询价格与金额,2,0.44,0.12,1.58
QUOTE_LOOKUP,查询可报价品种实时行情与价格,助手头部1k,assistant_top,456,36,人民币及货币信息查询,2,0.44,0.12,1.58
QUOTE_LOOKUP,查询可报价品种实时行情与价格,助手头部1k,assistant_top,456,15,查询借款平台正规性,2,0.44,0.12,1.58
QUOTE_LOOKUP,查询可报价品种实时行情与价格,助手头部1k,assistant_top,456,2,证券代码信息查询,1,0.22,0.04,1.23
QUOTE_LOOKUP,查询可报价品种实时行情与价格,助手头部1k,assistant_top,456,73,证券代码信息查询,1,0.22,0.04,1.23
QUOTE_LOOKUP,查询可报价品种实时行情与价格,助手头部1k,assistant_top,456,50,农业银行及农村信用社服务信息查询,1,0.22,0.04,1.23
QUOTE_LOOKUP,查询可报价品种实时行情与价格,助手头部1k,assistant_top,456,34,查询美元兑日元汇率,1,0.22,0.04,1.23
RATE_CALC,查询利率、费率、限额并试算利息/还款,助手头部1k,assistant_top,29,50,农业银行及农村信用社服务信息查询,10,34.48,19.94,52.66
RATE_CALC,查询利率、费率、限额并试算利息/还款,助手头部1k,assistant_top,29,49,银行信息查询,4,13.79,5.5,30.56
RATE_CALC,查询利率、费率、限额并试算利息/还款,助手头部1k,assistant_top,29,66,金融行情数据查询,3,10.34,3.58,26.39
RATE_CALC,查询利率、费率、限额并试算利息/还款,助手头部1k,assistant_top,29,67,贷款月供计算,2,6.9,1.91,21.96
RATE_CALC,查询利率、费率、限额并试算利息/还款,助手头部1k,assistant_top,29,8,查询贷款信息,2,6.9,1.91,21.96
RATE_CALC,查询利率、费率、限额并试算利息/还款,助手头部1k,assistant_top,29,70,查询定期存款利率,2,6.9,1.91,21.96
RATE_CALC,查询利率、费率、限额并试算利息/还款,助手头部1k,assistant_top,29,64,查询金融业务数值与代码,1,3.45,0.61,17.18
RATE_CALC,查询利率、费率、限额并试算利息/还款,助手头部1k,assistant_top,29,43,支付方式使用与设置查询,1,3.45,0.61,17.18
RATE_CALC,查询利率、费率、限额并试算利息/还款,助手头部1k,assistant_top,29,9,贷款提前还款查询,1,3.45,0.61,17.18
RATE_CALC,查询利率、费率、限额并试算利息/还款,助手头部1k,assistant_top,29,44,支付宝相关操作查询,1,3.45,0.61,17.18
RATE_CALC,查询利率、费率、限额并试算利息/还款,助手头部1k,assistant_top,29,13,花呗操作查询,1,3.45,0.61,17.18
RATE_CALC,查询利率、费率、限额并试算利息/还款,助手头部1k,assistant_top,29,68,利率查询与计算,1,3.45,0.61,17.18
FX_CONVERT,查询汇率并换算外币金额,助手头部1k,assistant_top,84,33,查询人民币兑外币汇率,43,51.19,40.68,61.59
FX_CONVERT,查询汇率并换算外币金额,助手头部1k,assistant_top,84,35,货币兑换金额换算查询,23,27.38,18.99,37.75
FX_CONVERT,查询汇率并换算外币金额,助手头部1k,assistant_top,84,39,货币兑换查询,8,9.52,4.91,17.68
FX_CONVERT,查询汇率并换算外币金额,助手头部1k,assistant_top,84,34,查询美元兑日元汇率,5,5.95,2.57,13.19
FX_CONVERT,查询汇率并换算外币金额,助手头部1k,assistant_top,84,36,人民币及货币信息查询,3,3.57,1.22,9.98
FX_CONVERT,查询汇率并换算外币金额,助手头部1k,assistant_top,84,72,金融代码查询,1,1.19,0.21,6.44
FX_CONVERT,查询汇率并换算外币金额,助手头部1k,assistant_top,84,71,查询价格与金额,1,1.19,0.21,6.44
NEWS_EVENT,查询个股与公司层面的消息、公告与进度,助手头部1k,assistant_top,16,30,股票行情与选股建议查询,8,50.0,28.0,72.0
NEWS_EVENT,查询个股与公司层面的消息、公告与进度,助手头部1k,assistant_top,16,22,查询科技股与科创板信息,2,12.5,3.5,36.02
NEWS_EVENT,查询个股与公司层面的消息、公告与进度,助手头部1k,assistant_top,16,17,查询保险公司信息,2,12.5,3.5,36.02
NEWS_EVENT,查询个股与公司层面的消息、公告与进度,助手头部1k,assistant_top,16,66,金融行情数据查询,1,6.25,1.11,28.33
NEWS_EVENT,查询个股与公司层面的消息、公告与进度,助手头部1k,assistant_top,16,8,查询贷款信息,1,6.25,1.11,28.33
NEWS_EVENT,查询个股与公司层面的消息、公告与进度,助手头部1k,assistant_top,16,64,查询金融业务数值与代码,1,6.25,1.11,28.33
NEWS_EVENT,查询个股与公司层面的消息、公告与进度,助手头部1k,assistant_top,16,71,查询价格与金额,1,6.25,1.11,28.33
TXN_ISSUE,排查账户与交易异常,助手头部1k,assistant_top,44,49,银行信息查询,22,50.0,35.83,64.17
TXN_ISSUE,排查账户与交易异常,助手头部1k,assistant_top,44,50,农业银行及农村信用社服务信息查询,9,20.45,11.15,34.5
TXN_ISSUE,排查账户与交易异常,助手头部1k,assistant_top,44,48,银行卡业务查询与办理指导,5,11.36,4.95,23.98
TXN_ISSUE,排查账户与交易异常,助手头部1k,assistant_top,44,10,查询转账与账户业务可行性,3,6.82,2.35,18.23
TXN_ISSUE,排查账户与交易异常,助手头部1k,assistant_top,44,12,金融业务操作与问题处理方法查询,3,6.82,2.35,18.23
TXN_ISSUE,排查账户与交易异常,助手头部1k,assistant_top,44,72,金融代码查询,1,2.27,0.4,11.81
TXN_ISSUE,排查账户与交易异常,助手头部1k,assistant_top,44,67,贷款月供计算,1,2.27,0.4,11.81
INVEST_ADVICE,请求个股买卖持有决策与涨跌预测,助手头部1k,assistant_top,62,30,股票行情与选股建议查询,32,51.61,39.45,63.59
INVEST_ADVICE,请求个股买卖持有决策与涨跌预测,助手头部1k,assistant_top,62,62,查询金价,10,16.13,9.0,27.21
INVEST_ADVICE,请求个股买卖持有决策与涨跌预测,助手头部1k,assistant_top,62,58,查询黄金价格,5,8.06,3.49,17.53
INVEST_ADVICE,请求个股买卖持有决策与涨跌预测,助手头部1k,assistant_top,62,22,查询科技股与科创板信息,4,6.45,2.54,15.45
INVEST_ADVICE,请求个股买卖持有决策与涨跌预测,助手头部1k,assistant_top,62,25,查询股票信息,3,4.84,1.66,13.29
INVEST_ADVICE,请求个股买卖持有决策与涨跌预测,助手头部1k,assistant_top,62,63,查询价格走势图,3,4.84,1.66,13.29
INVEST_ADVICE,请求个股买卖持有决策与涨跌预测,助手头部1k,assistant_top,62,7,基金净值查询,2,3.23,0.89,11.02
INVEST_ADVICE,请求个股买卖持有决策与涨跌预测,助手头部1k,assistant_top,62,28,股指行情查询,1,1.61,0.29,8.59
INVEST_ADVICE,请求个股买卖持有决策与涨跌预测,助手头部1k,assistant_top,62,23,科技类股票信息查询,1,1.61,0.29,8.59
INVEST_ADVICE,请求个股买卖持有决策与涨跌预测,助手头部1k,assistant_top,62,45,查询股份公司及股票信息,1,1.61,0.29,8.59
OTHER_INTENT,其他非金融意图或无明确意图,助手头部1k,assistant_top,59,29,蚂蚁庄园今日答案查询,32,54.24,41.66,66.3
OTHER_INTENT,其他非金融意图或无明确意图,助手头部1k,assistant_top,59,71,查询价格与金额,8,13.56,7.03,24.54
OTHER_INTENT,其他非金融意图或无明确意图,助手头部1k,assistant_top,59,49,银行信息查询,4,6.78,2.67,16.18
OTHER_INTENT,其他非金融意图或无明确意图,助手头部1k,assistant_top,59,31,查询财经门户与市场行情,4,6.78,2.67,16.18
OTHER_INTENT,其他非金融意图或无明确意图,助手头部1k,assistant_top,59,21,保险公司电话查询,2,3.39,0.93,11.54
OTHER_INTENT,其他非金融意图或无明确意图,助手头部1k,assistant_top,59,44,支付宝相关操作查询,2,3.39,0.93,11.54
OTHER_INTENT,其他非金融意图或无明确意图,助手头部1k,assistant_top,59,16,查询人寿保险相关业务信息,1,1.69,0.3,9.0
OTHER_INTENT,其他非金融意图或无明确意图,助手头部1k,assistant_top,59,10,查询转账与账户业务可行性,1,1.69,0.3,9.0
OTHER_INTENT,其他非金融意图或无明确意图,助手头部1k,assistant_top,59,36,人民币及货币信息查询,1,1.69,0.3,9.0
OTHER_INTENT,其他非金融意图或无明确意图,助手头部1k,assistant_top,59,30,股票行情与选股建议查询,1,1.69,0.3,9.0
OTHER_INTENT,其他非金融意图或无明确意图,助手头部1k,assistant_top,59,19,车险购买与理赔咨询,1,1.69,0.3,9.0
OTHER_INTENT,其他非金融意图或无明确意图,助手头部1k,assistant_top,59,48,银行卡业务查询与办理指导,1,1.69,0.3,9.0
OTHER_INTENT,其他非金融意图或无明确意图,助手头部1k,assistant_top,59,11,查询金融术语含义,1,1.69,0.3,9.0
CONTACT_BRANCH_LOOKUP,查询机构联系方式、网点信息及号码归属,助手头部1k,assistant_top,18,55,银行客服电话查询,5,27.78,12.5,50.87
CONTACT_BRANCH_LOOKUP,查询机构联系方式、网点信息及号码归属,助手头部1k,assistant_top,18,3,查询电话号码归属,4,22.22,9.0,45.22
CONTACT_BRANCH_LOOKUP,查询机构联系方式、网点信息及号码归属,助手头部1k,assistant_top,18,21,保险公司电话查询,3,16.67,5.84,39.22
CONTACT_BRANCH_LOOKUP,查询机构联系方式、网点信息及号码归属,助手头部1k,assistant_top,18,49,银行信息查询,2,11.11,3.1,32.8
CONTACT_BRANCH_LOOKUP,查询机构联系方式、网点信息及号码归属,助手头部1k,assistant_top,18,18,查询保险相关业务,1,5.56,0.99,25.76
CONTACT_BRANCH_LOOKUP,查询机构联系方式、网点信息及号码归属,助手头部1k,assistant_top,18,43,支付方式使用与设置查询,1,5.56,0.99,25.76
CONTACT_BRANCH_LOOKUP,查询机构联系方式、网点信息及号码归属,助手头部1k,assistant_top,18,72,金融代码查询,1,5.56,0.99,25.76
CONTACT_BRANCH_LOOKUP,查询机构联系方式、网点信息及号码归属,助手头部1k,assistant_top,18,54,建设银行网点与服务查询,1,5.56,0.99,25.76
VERDICT_QUESTION,对“是不是/是A还是B”给出裁决结论,助手头部1k,assistant_top,8,49,银行信息查询,2,25.0,7.15,59.07
VERDICT_QUESTION,对“是不是/是A还是B”给出裁决结论,助手头部1k,assistant_top,8,3,查询电话号码归属,1,12.5,2.24,47.09
VERDICT_QUESTION,对“是不是/是A还是B”给出裁决结论,助手头部1k,assistant_top,8,18,查询保险相关业务,1,12.5,2.24,47.09
VERDICT_QUESTION,对“是不是/是A还是B”给出裁决结论,助手头部1k,assistant_top,8,17,查询保险公司信息,1,12.5,2.24,47.09
VERDICT_QUESTION,对“是不是/是A还是B”给出裁决结论,助手头部1k,assistant_top,8,10,查询转账与账户业务可行性,1,12.5,2.24,47.09
VERDICT_QUESTION,对“是不是/是A还是B”给出裁决结论,助手头部1k,assistant_top,8,8,查询贷款信息,1,12.5,2.24,47.09
VERDICT_QUESTION,对“是不是/是A还是B”给出裁决结论,助手头部1k,assistant_top,8,19,车险购买与理赔咨询,1,12.5,2.24,47.09
CONCEPT_EXPLAIN,解释金融术语与交易/业务规则,助手头部1k,assistant_top,20,11,查询金融术语含义,6,30.0,14.55,51.9
CONCEPT_EXPLAIN,解释金融术语与交易/业务规则,助手头部1k,assistant_top,20,50,农业银行及农村信用社服务信息查询,3,15.0,5.24,36.04
CONCEPT_EXPLAIN,解释金融术语与交易/业务规则,助手头部1k,assistant_top,20,30,股票行情与选股建议查询,3,15.0,5.24,36.04
CONCEPT_EXPLAIN,解释金融术语与交易/业务规则,助手头部1k,assistant_top,20,14,个人征信报告查询与影响咨询,3,15.0,5.24,36.04
CONCEPT_EXPLAIN,解释金融术语与交易/业务规则,助手头部1k,assistant_top,20,36,人民币及货币信息查询,1,5.0,0.89,23.61
CONCEPT_EXPLAIN,解释金融术语与交易/业务规则,助手头部1k,assistant_top,20,65,计算存贷款利息,1,5.0,0.89,23.61
CONCEPT_EXPLAIN,解释金融术语与交易/业务规则,助手头部1k,assistant_top,20,68,利率查询与计算,1,5.0,0.89,23.61
CONCEPT_EXPLAIN,解释金融术语与交易/业务规则,助手头部1k,assistant_top,20,35,货币兑换金额换算查询,1,5.0,0.89,23.61
CONCEPT_EXPLAIN,解释金融术语与交易/业务规则,助手头部1k,assistant_top,20,28,股指行情查询,1,5.0,0.89,23.61
ENTITY_IDENTITY_CHECK,确认或反查标的代码与名称对应,助手头部1k,assistant_top,4,30,股票行情与选股建议查询,4,100.0,51.01,100.0
RESOLVE_BARE_ENTITY,解析裸非可报价名称,助手头部1k,assistant_top,73,49,银行信息查询,11,15.07,8.63,25.0
RESOLVE_BARE_ENTITY,解析裸非可报价名称,助手头部1k,assistant_top,73,31,查询财经门户与市场行情,9,12.33,6.62,21.8
RESOLVE_BARE_ENTITY,解析裸非可报价名称,助手头部1k,assistant_top,73,18,查询保险相关业务,7,9.59,4.72,18.5
RESOLVE_BARE_ENTITY,解析裸非可报价名称,助手头部1k,assistant_top,73,8,查询贷款信息,7,9.59,4.72,18.5
RESOLVE_BARE_ENTITY,解析裸非可报价名称,助手头部1k,assistant_top,73,15,查询借款平台正规性,6,8.22,3.82,16.79
RESOLVE_BARE_ENTITY,解析裸非可报价名称,助手头部1k,assistant_top,73,21,保险公司电话查询,5,6.85,2.96,15.05
RESOLVE_BARE_ENTITY,解析裸非可报价名称,助手头部1k,assistant_top,73,62,查询金价,4,5.48,2.15,13.26
RESOLVE_BARE_ENTITY,解析裸非可报价名称,助手头部1k,assistant_top,73,52,下载安装金融类App,3,4.11,1.41,11.4
RESOLVE_BARE_ENTITY,解析裸非可报价名称,助手头部1k,assistant_top,73,53,中国银行服务信息查询,3,4.11,1.41,11.4
RESOLVE_BARE_ENTITY,解析裸非可报价名称,助手头部1k,assistant_top,73,50,农业银行及农村信用社服务信息查询,3,4.11,1.41,11.4
RESOLVE_BARE_ENTITY,解析裸非可报价名称,助手头部1k,assistant_top,73,32,证券股票信息查询,2,2.74,0.75,9.45
RESOLVE_BARE_ENTITY,解析裸非可报价名称,助手头部1k,assistant_top,73,54,建设银行网点与服务查询,2,2.74,0.75,9.45
RESOLVE_BARE_ENTITY,解析裸非可报价名称,助手头部1k,assistant_top,73,43,支付方式使用与设置查询,1,1.37,0.24,7.36
RESOLVE_BARE_ENTITY,解析裸非可报价名称,助手头部1k,assistant_top,73,13,花呗操作查询,1,1.37,0.24,7.36
RESOLVE_BARE_ENTITY,解析裸非可报价名称,助手头部1k,assistant_top,73,26,查询个股股票行情与股吧讨论,1,1.37,0.24,7.36
RESOLVE_BARE_ENTITY,解析裸非可报价名称,助手头部1k,assistant_top,73,36,人民币及货币信息查询,1,1.37,0.24,7.36
RESOLVE_BARE_ENTITY,解析裸非可报价名称,助手头部1k,assistant_top,73,44,支付宝相关操作查询,1,1.37,0.24,7.36
RESOLVE_BARE_ENTITY,解析裸非可报价名称,助手头部1k,assistant_top,73,33,查询人民币兑外币汇率,1,1.37,0.24,7.36
RESOLVE_BARE_ENTITY,解析裸非可报价名称,助手头部1k,assistant_top,73,22,查询科技股与科创板信息,1,1.37,0.24,7.36
RESOLVE_BARE_ENTITY,解析裸非可报价名称,助手头部1k,assistant_top,73,27,查询市场行情,1,1.37,0.24,7.36
RESOLVE_BARE_ENTITY,解析裸非可报价名称,助手头部1k,assistant_top,73,14,个人征信报告查询与影响咨询,1,1.37,0.24,7.36
RESOLVE_BARE_ENTITY,解析裸非可报价名称,助手头部1k,assistant_top,73,71,查询价格与金额,1,1.37,0.24,7.36
RESOLVE_BARE_ENTITY,解析裸非可报价名称,助手头部1k,assistant_top,73,58,查询黄金价格,1,1.37,0.24,7.36
COMPARISON_DECISION,比较两个金融对象并给出取舍,助手头部1k,assistant_top,12,65,计算存贷款利息,5,41.67,19.33,68.05
COMPARISON_DECISION,比较两个金融对象并给出取舍,助手头部1k,assistant_top,12,70,查询定期存款利率,2,16.67,4.7,44.8
COMPARISON_DECISION,比较两个金融对象并给出取舍,助手头部1k,assistant_top,12,48,银行卡业务查询与办理指导,1,8.33,1.49,35.39
COMPARISON_DECISION,比较两个金融对象并给出取舍,助手头部1k,assistant_top,12,50,农业银行及农村信用社服务信息查询,1,8.33,1.49,35.39
COMPARISON_DECISION,比较两个金融对象并给出取舍,助手头部1k,assistant_top,12,17,查询保险公司信息,1,8.33,1.49,35.39
COMPARISON_DECISION,比较两个金融对象并给出取舍,助手头部1k,assistant_top,12,19,车险购买与理赔咨询,1,8.33,1.49,35.39
COMPARISON_DECISION,比较两个金融对象并给出取舍,助手头部1k,assistant_top,12,10,查询转账与账户业务可行性,1,8.33,1.49,35.39
PAGE_NAV,打开目标页面或获取官方应用入口,助手头部1k,assistant_top,30,52,下载安装金融类App,18,60.0,42.32,75.41
PAGE_NAV,打开目标页面或获取官方应用入口,助手头部1k,assistant_top,30,31,查询财经门户与市场行情,6,20.0,9.5,37.31
PAGE_NAV,打开目标页面或获取官方应用入口,助手头部1k,assistant_top,30,27,查询市场行情,3,10.0,3.46,25.62
PAGE_NAV,打开目标页面或获取官方应用入口,助手头部1k,assistant_top,30,44,支付宝相关操作查询,1,3.33,0.59,16.67
PAGE_NAV,打开目标页面或获取官方应用入口,助手头部1k,assistant_top,30,16,查询人寿保险相关业务信息,1,3.33,0.59,16.67
PAGE_NAV,打开目标页面或获取官方应用入口,助手头部1k,assistant_top,30,21,保险公司电话查询,1,3.33,0.59,16.67
HOWTO_OPERATE,获取银行/支付业务办理步骤与所需资料,助手头部1k,assistant_top,20,12,金融业务操作与问题处理方法查询,5,25.0,11.19,46.87
HOWTO_OPERATE,获取银行/支付业务办理步骤与所需资料,助手头部1k,assistant_top,20,44,支付宝相关操作查询,3,15.0,5.24,36.04
HOWTO_OPERATE,获取银行/支付业务办理步骤与所需资料,助手头部1k,assistant_top,20,50,农业银行及农村信用社服务信息查询,2,10.0,2.79,30.1
HOWTO_OPERATE,获取银行/支付业务办理步骤与所需资料,助手头部1k,assistant_top,20,10,查询转账与账户业务可行性,2,10.0,2.79,30.1
HOWTO_OPERATE,获取银行/支付业务办理步骤与所需资料,助手头部1k,assistant_top,20,49,银行信息查询,2,10.0,2.79,30.1
HOWTO_OPERATE,获取银行/支付业务办理步骤与所需资料,助手头部1k,assistant_top,20,18,查询保险相关业务,1,5.0,0.89,23.61
HOWTO_OPERATE,获取银行/支付业务办理步骤与所需资料,助手头部1k,assistant_top,20,19,车险购买与理赔咨询,1,5.0,0.89,23.61
HOWTO_OPERATE,获取银行/支付业务办理步骤与所需资料,助手头部1k,assistant_top,20,14,个人征信报告查询与影响咨询,1,5.0,0.89,23.61
HOWTO_OPERATE,获取银行/支付业务办理步骤与所需资料,助手头部1k,assistant_top,20,22,查询科技股与科创板信息,1,5.0,0.89,23.61
HOWTO_OPERATE,获取银行/支付业务办理步骤与所需资料,助手头部1k,assistant_top,20,15,查询借款平台正规性,1,5.0,0.89,23.61
HOWTO_OPERATE,获取银行/支付业务办理步骤与所需资料,助手头部1k,assistant_top,20,8,查询贷款信息,1,5.0,0.89,23.61
ENTITY_VERIFY,核验机构平台与金融信息来源的真伪资质,助手头部1k,assistant_top,7,15,查询借款平台正规性,4,57.14,25.05,84.18
ENTITY_VERIFY,核验机构平台与金融信息来源的真伪资质,助手头部1k,assistant_top,7,18,查询保险相关业务,1,14.29,2.57,51.31
ENTITY_VERIFY,核验机构平台与金融信息来源的真伪资质,助手头部1k,assistant_top,7,3,查询电话号码归属,1,14.29,2.57,51.31
ENTITY_VERIFY,核验机构平台与金融信息来源的真伪资质,助手头部1k,assistant_top,7,17,查询保险公司信息,1,14.29,2.57,51.31
DEBT_DISTRESS,处理逾期催收与还款困境,助手头部1k,assistant_top,3,49,银行信息查询,2,66.67,20.77,93.85
DEBT_DISTRESS,处理逾期催收与还款困境,助手头部1k,assistant_top,3,3,查询电话号码归属,1,33.33,6.15,79.23
STATUS_DECODE,解读粘贴的提示与界面状态,助手头部1k,assistant_top,3,11,查询金融术语含义,2,66.67,20.77,93.85
STATUS_DECODE,解读粘贴的提示与界面状态,助手头部1k,assistant_top,3,49,银行信息查询,1,33.33,6.15,79.23
MARKET_MOVEMENT_EXPLAIN,解释已发生市场现象的原因,助手头部1k,assistant_top,1,45,查询股份公司及股票信息,1,100.0,20.65,100.0
SEEK_CREDIT_WORKAROUND,寻找绕征信借款或评估征信修复,助手头部1k,assistant_top,1,1,查询300开头股票代码与行情,1,100.0,20.65,100.0
INVEST_ADVICE,请求个股买卖持有决策与涨跌预测,助手随机1k,assistant_random,160,30,股票行情与选股建议查询,78,48.75,41.13,56.43
INVEST_ADVICE,请求个股买卖持有决策与涨跌预测,助手随机1k,assistant_random,160,22,查询科技股与科创板信息,11,6.88,3.88,11.89
INVEST_ADVICE,请求个股买卖持有决策与涨跌预测,助手随机1k,assistant_random,160,63,查询价格走势图,9,5.62,2.99,10.34
INVEST_ADVICE,请求个股买卖持有决策与涨跌预测,助手随机1k,assistant_random,160,66,金融行情数据查询,6,3.75,1.73,7.94
INVEST_ADVICE,请求个股买卖持有决策与涨跌预测,助手随机1k,assistant_random,160,23,科技类股票信息查询,5,3.12,1.34,7.11
INVEST_ADVICE,请求个股买卖持有决策与涨跌预测,助手随机1k,assistant_random,160,26,查询个股股票行情与股吧讨论,5,3.12,1.34,7.11
INVEST_ADVICE,请求个股买卖持有决策与涨跌预测,助手随机1k,assistant_random,160,45,查询股份公司及股票信息,4,2.5,0.98,6.25
INVEST_ADVICE,请求个股买卖持有决策与涨跌预测,助手随机1k,assistant_random,160,60,市场价格行情查询,4,2.5,0.98,6.25
INVEST_ADVICE,请求个股买卖持有决策与涨跌预测,助手随机1k,assistant_random,160,25,查询股票信息,4,2.5,0.98,6.25
INVEST_ADVICE,请求个股买卖持有决策与涨跌预测,助手随机1k,assistant_random,160,71,查询价格与金额,3,1.88,0.64,5.37
INVEST_ADVICE,请求个股买卖持有决策与涨跌预测,助手随机1k,assistant_random,160,10,查询转账与账户业务可行性,3,1.88,0.64,5.37
INVEST_ADVICE,请求个股买卖持有决策与涨跌预测,助手随机1k,assistant_random,160,62,查询金价,3,1.88,0.64,5.37
INVEST_ADVICE,请求个股买卖持有决策与涨跌预测,助手随机1k,assistant_random,160,65,计算存贷款利息,2,1.25,0.34,4.44
INVEST_ADVICE,请求个股买卖持有决策与涨跌预测,助手随机1k,assistant_random,160,17,查询保险公司信息,2,1.25,0.34,4.44
INVEST_ADVICE,请求个股买卖持有决策与涨跌预测,助手随机1k,assistant_random,160,46,查询股份股票及股吧信息,2,1.25,0.34,4.44
INVEST_ADVICE,请求个股买卖持有决策与涨跌预测,助手随机1k,assistant_random,160,58,查询黄金价格,2,1.25,0.34,4.44
INVEST_ADVICE,请求个股买卖持有决策与涨跌预测,助手随机1k,assistant_random,160,64,查询金融业务数值与代码,2,1.25,0.34,4.44
INVEST_ADVICE,请求个股买卖持有决策与涨跌预测,助手随机1k,assistant_random,160,1,查询300开头股票代码与行情,1,0.62,0.11,3.45
INVEST_ADVICE,请求个股买卖持有决策与涨跌预测,助手随机1k,assistant_random,160,72,金融代码查询,1,0.62,0.11,3.45
INVEST_ADVICE,请求个股买卖持有决策与涨跌预测,助手随机1k,assistant_random,160,0,股票代码查询,1,0.62,0.11,3.45
INVEST_ADVICE,请求个股买卖持有决策与涨跌预测,助手随机1k,assistant_random,160,2,证券代码信息查询,1,0.62,0.11,3.45
INVEST_ADVICE,请求个股买卖持有决策与涨跌预测,助手随机1k,assistant_random,160,53,中国银行服务信息查询,1,0.62,0.11,3.45
INVEST_ADVICE,请求个股买卖持有决策与涨跌预测,助手随机1k,assistant_random,160,7,基金净值查询,1,0.62,0.11,3.45
INVEST_ADVICE,请求个股买卖持有决策与涨跌预测,助手随机1k,assistant_random,160,50,农业银行及农村信用社服务信息查询,1,0.62,0.11,3.45
INVEST_ADVICE,请求个股买卖持有决策与涨跌预测,助手随机1k,assistant_random,160,32,证券股票信息查询,1,0.62,0.11,3.45
INVEST_ADVICE,请求个股买卖持有决策与涨跌预测,助手随机1k,assistant_random,160,13,花呗操作查询,1,0.62,0.11,3.45
INVEST_ADVICE,请求个股买卖持有决策与涨跌预测,助手随机1k,assistant_random,160,19,车险购买与理赔咨询,1,0.62,0.11,3.45
INVEST_ADVICE,请求个股买卖持有决策与涨跌预测,助手随机1k,assistant_random,160,31,查询财经门户与市场行情,1,0.62,0.11,3.45
INVEST_ADVICE,请求个股买卖持有决策与涨跌预测,助手随机1k,assistant_random,160,18,查询保险相关业务,1,0.62,0.11,3.45
INVEST_ADVICE,请求个股买卖持有决策与涨跌预测,助手随机1k,assistant_random,160,28,股指行情查询,1,0.62,0.11,3.45
INVEST_ADVICE,请求个股买卖持有决策与涨跌预测,助手随机1k,assistant_random,160,70,查询定期存款利率,1,0.62,0.11,3.45
INVEST_ADVICE,请求个股买卖持有决策与涨跌预测,助手随机1k,assistant_random,160,12,金融业务操作与问题处理方法查询,1,0.62,0.11,3.45
QUOTE_LOOKUP,查询可报价品种实时行情与价格,助手随机1k,assistant_random,79,66,金融行情数据查询,16,20.25,12.87,30.4
QUOTE_LOOKUP,查询可报价品种实时行情与价格,助手随机1k,assistant_random,79,63,查询价格走势图,13,16.46,9.88,26.15
QUOTE_LOOKUP,查询可报价品种实时行情与价格,助手随机1k,assistant_random,79,25,查询股票信息,11,13.92,7.96,23.24
QUOTE_LOOKUP,查询可报价品种实时行情与价格,助手随机1k,assistant_random,79,30,股票行情与选股建议查询,7,8.86,4.36,17.18
QUOTE_LOOKUP,查询可报价品种实时行情与价格,助手随机1k,assistant_random,79,28,股指行情查询,4,5.06,1.99,12.31
QUOTE_LOOKUP,查询可报价品种实时行情与价格,助手随机1k,assistant_random,79,0,股票代码查询,3,3.8,1.3,10.58
QUOTE_LOOKUP,查询可报价品种实时行情与价格,助手随机1k,assistant_random,79,62,查询金价,3,3.8,1.3,10.58
QUOTE_LOOKUP,查询可报价品种实时行情与价格,助手随机1k,assistant_random,79,64,查询金融业务数值与代码,3,3.8,1.3,10.58
QUOTE_LOOKUP,查询可报价品种实时行情与价格,助手随机1k,assistant_random,79,58,查询黄金价格,3,3.8,1.3,10.58
QUOTE_LOOKUP,查询可报价品种实时行情与价格,助手随机1k,assistant_random,79,60,市场价格行情查询,3,3.8,1.3,10.58
QUOTE_LOOKUP,查询可报价品种实时行情与价格,助手随机1k,assistant_random,79,7,基金净值查询,2,2.53,0.7,8.77
QUOTE_LOOKUP,查询可报价品种实时行情与价格,助手随机1k,assistant_random,79,59,实时行情查询,2,2.53,0.7,8.77
QUOTE_LOOKUP,查询可报价品种实时行情与价格,助手随机1k,assistant_random,79,23,科技类股票信息查询,2,2.53,0.7,8.77
QUOTE_LOOKUP,查询可报价品种实时行情与价格,助手随机1k,assistant_random,79,71,查询价格与金额,2,2.53,0.7,8.77
QUOTE_LOOKUP,查询可报价品种实时行情与价格,助手随机1k,assistant_random,79,6,查询股票代码与指数信息,1,1.27,0.22,6.83
QUOTE_LOOKUP,查询可报价品种实时行情与价格,助手随机1k,assistant_random,79,45,查询股份公司及股票信息,1,1.27,0.22,6.83
QUOTE_LOOKUP,查询可报价品种实时行情与价格,助手随机1k,assistant_random,79,26,查询个股股票行情与股吧讨论,1,1.27,0.22,6.83
QUOTE_LOOKUP,查询可报价品种实时行情与价格,助手随机1k,assistant_random,79,72,金融代码查询,1,1.27,0.22,6.83
QUOTE_LOOKUP,查询可报价品种实时行情与价格,助手随机1k,assistant_random,79,53,中国银行服务信息查询,1,1.27,0.22,6.83
RATE_CALC,查询利率、费率、限额并试算利息/还款,助手随机1k,assistant_random,98,65,计算存贷款利息,18,18.37,11.95,27.18
RATE_CALC,查询利率、费率、限额并试算利息/还款,助手随机1k,assistant_random,98,71,查询价格与金额,15,15.31,9.5,23.73
RATE_CALC,查询利率、费率、限额并试算利息/还款,助手随机1k,assistant_random,98,64,查询金融业务数值与代码,14,14.29,8.7,22.56
RATE_CALC,查询利率、费率、限额并试算利息/还款,助手随机1k,assistant_random,98,67,贷款月供计算,12,12.24,7.15,20.19
RATE_CALC,查询利率、费率、限额并试算利息/还款,助手随机1k,assistant_random,98,70,查询定期存款利率,6,6.12,2.84,12.72
RATE_CALC,查询利率、费率、限额并试算利息/还款,助手随机1k,assistant_random,98,66,金融行情数据查询,6,6.12,2.84,12.72
RATE_CALC,查询利率、费率、限额并试算利息/还款,助手随机1k,assistant_random,98,48,银行卡业务查询与办理指导,5,5.1,2.2,11.39
RATE_CALC,查询利率、费率、限额并试算利息/还款,助手随机1k,assistant_random,98,8,查询贷款信息,4,4.08,1.6,10.03
RATE_CALC,查询利率、费率、限额并试算利息/还款,助手随机1k,assistant_random,98,10,查询转账与账户业务可行性,3,3.06,1.05,8.62
RATE_CALC,查询利率、费率、限额并试算利息/还款,助手随机1k,assistant_random,98,68,利率查询与计算,3,3.06,1.05,8.62
RATE_CALC,查询利率、费率、限额并试算利息/还款,助手随机1k,assistant_random,98,50,农业银行及农村信用社服务信息查询,2,2.04,0.56,7.14
RATE_CALC,查询利率、费率、限额并试算利息/还款,助手随机1k,assistant_random,98,49,银行信息查询,2,2.04,0.56,7.14
RATE_CALC,查询利率、费率、限额并试算利息/还款,助手随机1k,assistant_random,98,9,贷款提前还款查询,2,2.04,0.56,7.14
RATE_CALC,查询利率、费率、限额并试算利息/还款,助手随机1k,assistant_random,98,20,查询交强险保费、赔偿与投保规定,1,1.02,0.18,5.56
RATE_CALC,查询利率、费率、限额并试算利息/还款,助手随机1k,assistant_random,98,15,查询借款平台正规性,1,1.02,0.18,5.56
RATE_CALC,查询利率、费率、限额并试算利息/还款,助手随机1k,assistant_random,98,16,查询人寿保险相关业务信息,1,1.02,0.18,5.56
RATE_CALC,查询利率、费率、限额并试算利息/还款,助手随机1k,assistant_random,98,47,查询办理信用卡业务,1,1.02,0.18,5.56
RATE_CALC,查询利率、费率、限额并试算利息/还款,助手随机1k,assistant_random,98,26,查询个股股票行情与股吧讨论,1,1.02,0.18,5.56
RATE_CALC,查询利率、费率、限额并试算利息/还款,助手随机1k,assistant_random,98,22,查询科技股与科创板信息,1,1.02,0.18,5.56
OTHER_INTENT,其他非金融意图或无明确意图,助手随机1k,assistant_random,100,30,股票行情与选股建议查询,22,22.0,15.0,31.07
OTHER_INTENT,其他非金融意图或无明确意图,助手随机1k,assistant_random,100,10,查询转账与账户业务可行性,7,7.0,3.43,13.75
OTHER_INTENT,其他非金融意图或无明确意图,助手随机1k,assistant_random,100,19,车险购买与理赔咨询,7,7.0,3.43,13.75
OTHER_INTENT,其他非金融意图或无明确意图,助手随机1k,assistant_random,100,72,金融代码查询,5,5.0,2.15,11.18
OTHER_INTENT,其他非金融意图或无明确意图,助手随机1k,assistant_random,100,67,贷款月供计算,4,4.0,1.57,9.84
OTHER_INTENT,其他非金融意图或无明确意图,助手随机1k,assistant_random,100,31,查询财经门户与市场行情,4,4.0,1.57,9.84
OTHER_INTENT,其他非金融意图或无明确意图,助手随机1k,assistant_random,100,71,查询价格与金额,4,4.0,1.57,9.84
OTHER_INTENT,其他非金融意图或无明确意图,助手随机1k,assistant_random,100,66,金融行情数据查询,3,3.0,1.03,8.45
OTHER_INTENT,其他非金融意图或无明确意图,助手随机1k,assistant_random,100,48,银行卡业务查询与办理指导,3,3.0,1.03,8.45
OTHER_INTENT,其他非金融意图或无明确意图,助手随机1k,assistant_random,100,49,银行信息查询,3,3.0,1.03,8.45
OTHER_INTENT,其他非金融意图或无明确意图,助手随机1k,assistant_random,100,50,农业银行及农村信用社服务信息查询,3,3.0,1.03,8.45
OTHER_INTENT,其他非金融意图或无明确意图,助手随机1k,assistant_random,100,17,查询保险公司信息,3,3.0,1.03,8.45
OTHER_INTENT,其他非金融意图或无明确意图,助手随机1k,assistant_random,100,63,查询价格走势图,3,3.0,1.03,8.45
OTHER_INTENT,其他非金融意图或无明确意图,助手随机1k,assistant_random,100,7,基金净值查询,2,2.0,0.55,7.0
OTHER_INTENT,其他非金融意图或无明确意图,助手随机1k,assistant_random,100,18,查询保险相关业务,2,2.0,0.55,7.0
OTHER_INTENT,其他非金融意图或无明确意图,助手随机1k,assistant_random,100,11,查询金融术语含义,2,2.0,0.55,7.0
OTHER_INTENT,其他非金融意图或无明确意图,助手随机1k,assistant_random,100,22,查询科技股与科创板信息,2,2.0,0.55,7.0
OTHER_INTENT,其他非金融意图或无明确意图,助手随机1k,assistant_random,100,47,查询办理信用卡业务,2,2.0,0.55,7.0
OTHER_INTENT,其他非金融意图或无明确意图,助手随机1k,assistant_random,100,21,保险公司电话查询,2,2.0,0.55,7.0
OTHER_INTENT,其他非金融意图或无明确意图,助手随机1k,assistant_random,100,29,蚂蚁庄园今日答案查询,2,2.0,0.55,7.0
OTHER_INTENT,其他非金融意图或无明确意图,助手随机1k,assistant_random,100,43,支付方式使用与设置查询,2,2.0,0.55,7.0
OTHER_INTENT,其他非金融意图或无明确意图,助手随机1k,assistant_random,100,6,查询股票代码与指数信息,1,1.0,0.18,5.45
OTHER_INTENT,其他非金融意图或无明确意图,助手随机1k,assistant_random,100,53,中国银行服务信息查询,1,1.0,0.18,5.45
OTHER_INTENT,其他非金融意图或无明确意图,助手随机1k,assistant_random,100,65,计算存贷款利息,1,1.0,0.18,5.45
OTHER_INTENT,其他非金融意图或无明确意图,助手随机1k,assistant_random,100,8,查询贷款信息,1,1.0,0.18,5.45
OTHER_INTENT,其他非金融意图或无明确意图,助手随机1k,assistant_random,100,13,花呗操作查询,1,1.0,0.18,5.45
OTHER_INTENT,其他非金融意图或无明确意图,助手随机1k,assistant_random,100,44,支付宝相关操作查询,1,1.0,0.18,5.45
OTHER_INTENT,其他非金融意图或无明确意图,助手随机1k,assistant_random,100,28,股指行情查询,1,1.0,0.18,5.45
OTHER_INTENT,其他非金融意图或无明确意图,助手随机1k,assistant_random,100,36,人民币及货币信息查询,1,1.0,0.18,5.45
OTHER_INTENT,其他非金融意图或无明确意图,助手随机1k,assistant_random,100,68,利率查询与计算,1,1.0,0.18,5.45
OTHER_INTENT,其他非金融意图或无明确意图,助手随机1k,assistant_random,100,62,查询金价,1,1.0,0.18,5.45
OTHER_INTENT,其他非金融意图或无明确意图,助手随机1k,assistant_random,100,60,市场价格行情查询,1,1.0,0.18,5.45
OTHER_INTENT,其他非金融意图或无明确意图,助手随机1k,assistant_random,100,12,金融业务操作与问题处理方法查询,1,1.0,0.18,5.45
OTHER_INTENT,其他非金融意图或无明确意图,助手随机1k,assistant_random,100,64,查询金融业务数值与代码,1,1.0,0.18,5.45
FX_CONVERT,查询汇率并换算外币金额,助手随机1k,assistant_random,22,35,货币兑换金额换算查询,9,40.91,23.26,61.27
FX_CONVERT,查询汇率并换算外币金额,助手随机1k,assistant_random,22,33,查询人民币兑外币汇率,8,36.36,19.73,57.05
FX_CONVERT,查询汇率并换算外币金额,助手随机1k,assistant_random,22,6,查询股票代码与指数信息,3,13.64,4.75,33.34
FX_CONVERT,查询汇率并换算外币金额,助手随机1k,assistant_random,22,58,查询黄金价格,1,4.55,0.81,21.8
FX_CONVERT,查询汇率并换算外币金额,助手随机1k,assistant_random,22,34,查询美元兑日元汇率,1,4.55,0.81,21.8
VERDICT_QUESTION,对“是不是/是A还是B”给出裁决结论,助手随机1k,assistant_random,76,10,查询转账与账户业务可行性,21,27.63,18.84,38.58
VERDICT_QUESTION,对“是不是/是A还是B”给出裁决结论,助手随机1k,assistant_random,76,47,查询办理信用卡业务,6,7.89,3.67,16.17
VERDICT_QUESTION,对“是不是/是A还是B”给出裁决结论,助手随机1k,assistant_random,76,30,股票行情与选股建议查询,6,7.89,3.67,16.17
VERDICT_QUESTION,对“是不是/是A还是B”给出裁决结论,助手随机1k,assistant_random,76,18,查询保险相关业务,5,6.58,2.84,14.49
VERDICT_QUESTION,对“是不是/是A还是B”给出裁决结论,助手随机1k,assistant_random,76,49,银行信息查询,5,6.58,2.84,14.49
VERDICT_QUESTION,对“是不是/是A还是B”给出裁决结论,助手随机1k,assistant_random,76,66,金融行情数据查询,3,3.95,1.35,10.97
VERDICT_QUESTION,对“是不是/是A还是B”给出裁决结论,助手随机1k,assistant_random,76,17,查询保险公司信息,3,3.95,1.35,10.97
VERDICT_QUESTION,对“是不是/是A还是B”给出裁决结论,助手随机1k,assistant_random,76,19,车险购买与理赔咨询,3,3.95,1.35,10.97
VERDICT_QUESTION,对“是不是/是A还是B”给出裁决结论,助手随机1k,assistant_random,76,36,人民币及货币信息查询,3,3.95,1.35,10.97
VERDICT_QUESTION,对“是不是/是A还是B”给出裁决结论,助手随机1k,assistant_random,76,8,查询贷款信息,3,3.95,1.35,10.97
VERDICT_QUESTION,对“是不是/是A还是B”给出裁决结论,助手随机1k,assistant_random,76,14,个人征信报告查询与影响咨询,3,3.95,1.35,10.97
VERDICT_QUESTION,对“是不是/是A还是B”给出裁决结论,助手随机1k,assistant_random,76,52,下载安装金融类App,2,2.63,0.72,9.1
VERDICT_QUESTION,对“是不是/是A还是B”给出裁决结论,助手随机1k,assistant_random,76,70,查询定期存款利率,1,1.32,0.23,7.08
VERDICT_QUESTION,对“是不是/是A还是B”给出裁决结论,助手随机1k,assistant_random,76,43,支付方式使用与设置查询,1,1.32,0.23,7.08
VERDICT_QUESTION,对“是不是/是A还是B”给出裁决结论,助手随机1k,assistant_random,76,50,农业银行及农村信用社服务信息查询,1,1.32,0.23,7.08
VERDICT_QUESTION,对“是不是/是A还是B”给出裁决结论,助手随机1k,assistant_random,76,54,建设银行网点与服务查询,1,1.32,0.23,7.08
VERDICT_QUESTION,对“是不是/是A还是B”给出裁决结论,助手随机1k,assistant_random,76,1,查询300开头股票代码与行情,1,1.32,0.23,7.08
VERDICT_QUESTION,对“是不是/是A还是B”给出裁决结论,助手随机1k,assistant_random,76,16,查询人寿保险相关业务信息,1,1.32,0.23,7.08
VERDICT_QUESTION,对“是不是/是A还是B”给出裁决结论,助手随机1k,assistant_random,76,21,保险公司电话查询,1,1.32,0.23,7.08
VERDICT_QUESTION,对“是不是/是A还是B”给出裁决结论,助手随机1k,assistant_random,76,26,查询个股股票行情与股吧讨论,1,1.32,0.23,7.08
VERDICT_QUESTION,对“是不是/是A还是B”给出裁决结论,助手随机1k,assistant_random,76,55,银行客服电话查询,1,1.32,0.23,7.08
VERDICT_QUESTION,对“是不是/是A还是B”给出裁决结论,助手随机1k,assistant_random,76,11,查询金融术语含义,1,1.32,0.23,7.08
VERDICT_QUESTION,对“是不是/是A还是B”给出裁决结论,助手随机1k,assistant_random,76,45,查询股份公司及股票信息,1,1.32,0.23,7.08
VERDICT_QUESTION,对“是不是/是A还是B”给出裁决结论,助手随机1k,assistant_random,76,65,计算存贷款利息,1,1.32,0.23,7.08
VERDICT_QUESTION,对“是不是/是A还是B”给出裁决结论,助手随机1k,assistant_random,76,33,查询人民币兑外币汇率,1,1.32,0.23,7.08
NEWS_EVENT,查询个股与公司层面的消息、公告与进度,助手随机1k,assistant_random,79,30,股票行情与选股建议查询,26,32.91,23.55,43.85
NEWS_EVENT,查询个股与公司层面的消息、公告与进度,助手随机1k,assistant_random,79,66,金融行情数据查询,15,18.99,11.86,28.99
NEWS_EVENT,查询个股与公司层面的消息、公告与进度,助手随机1k,assistant_random,79,22,查询科技股与科创板信息,9,11.39,6.11,20.25
NEWS_EVENT,查询个股与公司层面的消息、公告与进度,助手随机1k,assistant_random,79,45,查询股份公司及股票信息,4,5.06,1.99,12.31
NEWS_EVENT,查询个股与公司层面的消息、公告与进度,助手随机1k,assistant_random,79,12,金融业务操作与问题处理方法查询,4,5.06,1.99,12.31
NEWS_EVENT,查询个股与公司层面的消息、公告与进度,助手随机1k,assistant_random,79,31,查询财经门户与市场行情,3,3.8,1.3,10.58
NEWS_EVENT,查询个股与公司层面的消息、公告与进度,助手随机1k,assistant_random,79,64,查询金融业务数值与代码,2,2.53,0.7,8.77
NEWS_EVENT,查询个股与公司层面的消息、公告与进度,助手随机1k,assistant_random,79,25,查询股票信息,2,2.53,0.7,8.77
NEWS_EVENT,查询个股与公司层面的消息、公告与进度,助手随机1k,assistant_random,79,36,人民币及货币信息查询,1,1.27,0.22,6.83
NEWS_EVENT,查询个股与公司层面的消息、公告与进度,助手随机1k,assistant_random,79,2,证券代码信息查询,1,1.27,0.22,6.83
NEWS_EVENT,查询个股与公司层面的消息、公告与进度,助手随机1k,assistant_random,79,52,下载安装金融类App,1,1.27,0.22,6.83
NEWS_EVENT,查询个股与公司层面的消息、公告与进度,助手随机1k,assistant_random,79,17,查询保险公司信息,1,1.27,0.22,6.83
NEWS_EVENT,查询个股与公司层面的消息、公告与进度,助手随机1k,assistant_random,79,54,建设银行网点与服务查询,1,1.27,0.22,6.83
NEWS_EVENT,查询个股与公司层面的消息、公告与进度,助手随机1k,assistant_random,79,53,中国银行服务信息查询,1,1.27,0.22,6.83
NEWS_EVENT,查询个股与公司层面的消息、公告与进度,助手随机1k,assistant_random,79,72,金融代码查询,1,1.27,0.22,6.83
NEWS_EVENT,查询个股与公司层面的消息、公告与进度,助手随机1k,assistant_random,79,7,基金净值查询,1,1.27,0.22,6.83
NEWS_EVENT,查询个股与公司层面的消息、公告与进度,助手随机1k,assistant_random,79,65,计算存贷款利息,1,1.27,0.22,6.83
NEWS_EVENT,查询个股与公司层面的消息、公告与进度,助手随机1k,assistant_random,79,43,支付方式使用与设置查询,1,1.27,0.22,6.83
NEWS_EVENT,查询个股与公司层面的消息、公告与进度,助手随机1k,assistant_random,79,60,市场价格行情查询,1,1.27,0.22,6.83
NEWS_EVENT,查询个股与公司层面的消息、公告与进度,助手随机1k,assistant_random,79,63,查询价格走势图,1,1.27,0.22,6.83
NEWS_EVENT,查询个股与公司层面的消息、公告与进度,助手随机1k,assistant_random,79,10,查询转账与账户业务可行性,1,1.27,0.22,6.83
NEWS_EVENT,查询个股与公司层面的消息、公告与进度,助手随机1k,assistant_random,79,71,查询价格与金额,1,1.27,0.22,6.83
CONCEPT_EXPLAIN,解释金融术语与交易/业务规则,助手随机1k,assistant_random,139,30,股票行情与选股建议查询,42,30.22,23.2,38.3
CONCEPT_EXPLAIN,解释金融术语与交易/业务规则,助手随机1k,assistant_random,139,11,查询金融术语含义,11,7.91,4.48,13.62
CONCEPT_EXPLAIN,解释金融术语与交易/业务规则,助手随机1k,assistant_random,139,10,查询转账与账户业务可行性,9,6.47,3.44,11.85
CONCEPT_EXPLAIN,解释金融术语与交易/业务规则,助手随机1k,assistant_random,139,64,查询金融业务数值与代码,6,4.32,1.99,9.1
CONCEPT_EXPLAIN,解释金融术语与交易/业务规则,助手随机1k,assistant_random,139,12,金融业务操作与问题处理方法查询,5,3.6,1.55,8.14
CONCEPT_EXPLAIN,解释金融术语与交易/业务规则,助手随机1k,assistant_random,139,66,金融行情数据查询,4,2.88,1.12,7.17
CONCEPT_EXPLAIN,解释金融术语与交易/业务规则,助手随机1k,assistant_random,139,58,查询黄金价格,4,2.88,1.12,7.17
CONCEPT_EXPLAIN,解释金融术语与交易/业务规则,助手随机1k,assistant_random,139,18,查询保险相关业务,4,2.88,1.12,7.17
CONCEPT_EXPLAIN,解释金融术语与交易/业务规则,助手随机1k,assistant_random,139,32,证券股票信息查询,4,2.88,1.12,7.17
CONCEPT_EXPLAIN,解释金融术语与交易/业务规则,助手随机1k,assistant_random,139,19,车险购买与理赔咨询,4,2.88,1.12,7.17
CONCEPT_EXPLAIN,解释金融术语与交易/业务规则,助手随机1k,assistant_random,139,25,查询股票信息,3,2.16,0.74,6.15
CONCEPT_EXPLAIN,解释金融术语与交易/业务规则,助手随机1k,assistant_random,139,14,个人征信报告查询与影响咨询,3,2.16,0.74,6.15
CONCEPT_EXPLAIN,解释金融术语与交易/业务规则,助手随机1k,assistant_random,139,45,查询股份公司及股票信息,3,2.16,0.74,6.15
CONCEPT_EXPLAIN,解释金融术语与交易/业务规则,助手随机1k,assistant_random,139,49,银行信息查询,3,2.16,0.74,6.15
CONCEPT_EXPLAIN,解释金融术语与交易/业务规则,助手随机1k,assistant_random,139,70,查询定期存款利率,3,2.16,0.74,6.15
CONCEPT_EXPLAIN,解释金融术语与交易/业务规则,助手随机1k,assistant_random,139,7,基金净值查询,3,2.16,0.74,6.15
CONCEPT_EXPLAIN,解释金融术语与交易/业务规则,助手随机1k,assistant_random,139,22,查询科技股与科创板信息,3,2.16,0.74,6.15
CONCEPT_EXPLAIN,解释金融术语与交易/业务规则,助手随机1k,assistant_random,139,63,查询价格走势图,2,1.44,0.4,5.09
CONCEPT_EXPLAIN,解释金融术语与交易/业务规则,助手随机1k,assistant_random,139,71,查询价格与金额,2,1.44,0.4,5.09
CONCEPT_EXPLAIN,解释金融术语与交易/业务规则,助手随机1k,assistant_random,139,48,银行卡业务查询与办理指导,2,1.44,0.4,5.09
CONCEPT_EXPLAIN,解释金融术语与交易/业务规则,助手随机1k,assistant_random,139,43,支付方式使用与设置查询,2,1.44,0.4,5.09
CONCEPT_EXPLAIN,解释金融术语与交易/业务规则,助手随机1k,assistant_random,139,28,股指行情查询,2,1.44,0.4,5.09
CONCEPT_EXPLAIN,解释金融术语与交易/业务规则,助手随机1k,assistant_random,139,31,查询财经门户与市场行情,2,1.44,0.4,5.09
CONCEPT_EXPLAIN,解释金融术语与交易/业务规则,助手随机1k,assistant_random,139,36,人民币及货币信息查询,2,1.44,0.4,5.09
CONCEPT_EXPLAIN,解释金融术语与交易/业务规则,助手随机1k,assistant_random,139,67,贷款月供计算,2,1.44,0.4,5.09
CONCEPT_EXPLAIN,解释金融术语与交易/业务规则,助手随机1k,assistant_random,139,8,查询贷款信息,2,1.44,0.4,5.09
CONCEPT_EXPLAIN,解释金融术语与交易/业务规则,助手随机1k,assistant_random,139,3,查询电话号码归属,1,0.72,0.13,3.96
CONCEPT_EXPLAIN,解释金融术语与交易/业务规则,助手随机1k,assistant_random,139,53,中国银行服务信息查询,1,0.72,0.13,3.96
CONCEPT_EXPLAIN,解释金融术语与交易/业务规则,助手随机1k,assistant_random,139,47,查询办理信用卡业务,1,0.72,0.13,3.96
CONCEPT_EXPLAIN,解释金融术语与交易/业务规则,助手随机1k,assistant_random,139,52,下载安装金融类App,1,0.72,0.13,3.96
CONCEPT_EXPLAIN,解释金融术语与交易/业务规则,助手随机1k,assistant_random,139,33,查询人民币兑外币汇率,1,0.72,0.13,3.96
CONCEPT_EXPLAIN,解释金融术语与交易/业务规则,助手随机1k,assistant_random,139,9,贷款提前还款查询,1,0.72,0.13,3.96
CONCEPT_EXPLAIN,解释金融术语与交易/业务规则,助手随机1k,assistant_random,139,17,查询保险公司信息,1,0.72,0.13,3.96
MARKET_MOVEMENT_EXPLAIN,解释已发生市场现象的原因,助手随机1k,assistant_random,27,30,股票行情与选股建议查询,18,66.67,47.82,81.36
MARKET_MOVEMENT_EXPLAIN,解释已发生市场现象的原因,助手随机1k,assistant_random,27,66,金融行情数据查询,2,7.41,2.06,23.37
MARKET_MOVEMENT_EXPLAIN,解释已发生市场现象的原因,助手随机1k,assistant_random,27,53,中国银行服务信息查询,2,7.41,2.06,23.37
MARKET_MOVEMENT_EXPLAIN,解释已发生市场现象的原因,助手随机1k,assistant_random,27,11,查询金融术语含义,1,3.7,0.66,18.28
MARKET_MOVEMENT_EXPLAIN,解释已发生市场现象的原因,助手随机1k,assistant_random,27,19,车险购买与理赔咨询,1,3.7,0.66,18.28
MARKET_MOVEMENT_EXPLAIN,解释已发生市场现象的原因,助手随机1k,assistant_random,27,58,查询黄金价格,1,3.7,0.66,18.28
MARKET_MOVEMENT_EXPLAIN,解释已发生市场现象的原因,助手随机1k,assistant_random,27,63,查询价格走势图,1,3.7,0.66,18.28
MARKET_MOVEMENT_EXPLAIN,解释已发生市场现象的原因,助手随机1k,assistant_random,27,22,查询科技股与科创板信息,1,3.7,0.66,18.28
HOWTO_OPERATE,获取银行/支付业务办理步骤与所需资料,助手随机1k,assistant_random,83,12,金融业务操作与问题处理方法查询,13,15.66,9.39,24.98
HOWTO_OPERATE,获取银行/支付业务办理步骤与所需资料,助手随机1k,assistant_random,83,48,银行卡业务查询与办理指导,10,12.05,6.68,20.78
HOWTO_OPERATE,获取银行/支付业务办理步骤与所需资料,助手随机1k,assistant_random,83,10,查询转账与账户业务可行性,7,8.43,4.15,16.4
HOWTO_OPERATE,获取银行/支付业务办理步骤与所需资料,助手随机1k,assistant_random,83,8,查询贷款信息,7,8.43,4.15,16.4
HOWTO_OPERATE,获取银行/支付业务办理步骤与所需资料,助手随机1k,assistant_random,83,44,支付宝相关操作查询,6,7.23,3.35,14.89
HOWTO_OPERATE,获取银行/支付业务办理步骤与所需资料,助手随机1k,assistant_random,83,9,贷款提前还款查询,5,6.02,2.6,13.34
HOWTO_OPERATE,获取银行/支付业务办理步骤与所需资料,助手随机1k,assistant_random,83,18,查询保险相关业务,4,4.82,1.89,11.75
HOWTO_OPERATE,获取银行/支付业务办理步骤与所需资料,助手随机1k,assistant_random,83,49,银行信息查询,4,4.82,1.89,11.75
HOWTO_OPERATE,获取银行/支付业务办理步骤与所需资料,助手随机1k,assistant_random,83,43,支付方式使用与设置查询,4,4.82,1.89,11.75
HOWTO_OPERATE,获取银行/支付业务办理步骤与所需资料,助手随机1k,assistant_random,83,30,股票行情与选股建议查询,3,3.61,1.24,10.1
HOWTO_OPERATE,获取银行/支付业务办理步骤与所需资料,助手随机1k,assistant_random,83,47,查询办理信用卡业务,2,2.41,0.66,8.37
HOWTO_OPERATE,获取银行/支付业务办理步骤与所需资料,助手随机1k,assistant_random,83,31,查询财经门户与市场行情,2,2.41,0.66,8.37
HOWTO_OPERATE,获取银行/支付业务办理步骤与所需资料,助手随机1k,assistant_random,83,54,建设银行网点与服务查询,2,2.41,0.66,8.37
HOWTO_OPERATE,获取银行/支付业务办理步骤与所需资料,助手随机1k,assistant_random,83,70,查询定期存款利率,2,2.41,0.66,8.37
HOWTO_OPERATE,获取银行/支付业务办理步骤与所需资料,助手随机1k,assistant_random,83,32,证券股票信息查询,2,2.41,0.66,8.37
HOWTO_OPERATE,获取银行/支付业务办理步骤与所需资料,助手随机1k,assistant_random,83,53,中国银行服务信息查询,1,1.2,0.21,6.51
HOWTO_OPERATE,获取银行/支付业务办理步骤与所需资料,助手随机1k,assistant_random,83,55,银行客服电话查询,1,1.2,0.21,6.51
HOWTO_OPERATE,获取银行/支付业务办理步骤与所需资料,助手随机1k,assistant_random,83,13,花呗操作查询,1,1.2,0.21,6.51
HOWTO_OPERATE,获取银行/支付业务办理步骤与所需资料,助手随机1k,assistant_random,83,21,保险公司电话查询,1,1.2,0.21,6.51
HOWTO_OPERATE,获取银行/支付业务办理步骤与所需资料,助手随机1k,assistant_random,83,50,农业银行及农村信用社服务信息查询,1,1.2,0.21,6.51
HOWTO_OPERATE,获取银行/支付业务办理步骤与所需资料,助手随机1k,assistant_random,83,19,车险购买与理赔咨询,1,1.2,0.21,6.51
HOWTO_OPERATE,获取银行/支付业务办理步骤与所需资料,助手随机1k,assistant_random,83,14,个人征信报告查询与影响咨询,1,1.2,0.21,6.51
HOWTO_OPERATE,获取银行/支付业务办理步骤与所需资料,助手随机1k,assistant_random,83,52,下载安装金融类App,1,1.2,0.21,6.51
HOWTO_OPERATE,获取银行/支付业务办理步骤与所需资料,助手随机1k,assistant_random,83,17,查询保险公司信息,1,1.2,0.21,6.51
HOWTO_OPERATE,获取银行/支付业务办理步骤与所需资料,助手随机1k,assistant_random,83,65,计算存贷款利息,1,1.2,0.21,6.51
CONTACT_BRANCH_LOOKUP,查询机构联系方式、网点信息及号码归属,助手随机1k,assistant_random,34,49,银行信息查询,13,38.24,23.9,54.96
CONTACT_BRANCH_LOOKUP,查询机构联系方式、网点信息及号码归属,助手随机1k,assistant_random,34,55,银行客服电话查询,5,14.71,6.45,30.13
CONTACT_BRANCH_LOOKUP,查询机构联系方式、网点信息及号码归属,助手随机1k,assistant_random,34,50,农业银行及农村信用社服务信息查询,5,14.71,6.45,30.13
CONTACT_BRANCH_LOOKUP,查询机构联系方式、网点信息及号码归属,助手随机1k,assistant_random,34,3,查询电话号码归属,2,5.88,1.63,19.09
CONTACT_BRANCH_LOOKUP,查询机构联系方式、网点信息及号码归属,助手随机1k,assistant_random,34,19,车险购买与理赔咨询,2,5.88,1.63,19.09
CONTACT_BRANCH_LOOKUP,查询机构联系方式、网点信息及号码归属,助手随机1k,assistant_random,34,53,中国银行服务信息查询,1,2.94,0.52,14.92
CONTACT_BRANCH_LOOKUP,查询机构联系方式、网点信息及号码归属,助手随机1k,assistant_random,34,22,查询科技股与科创板信息,1,2.94,0.52,14.92
CONTACT_BRANCH_LOOKUP,查询机构联系方式、网点信息及号码归属,助手随机1k,assistant_random,34,17,查询保险公司信息,1,2.94,0.52,14.92
CONTACT_BRANCH_LOOKUP,查询机构联系方式、网点信息及号码归属,助手随机1k,assistant_random,34,45,查询股份公司及股票信息,1,2.94,0.52,14.92
CONTACT_BRANCH_LOOKUP,查询机构联系方式、网点信息及号码归属,助手随机1k,assistant_random,34,21,保险公司电话查询,1,2.94,0.52,14.92
CONTACT_BRANCH_LOOKUP,查询机构联系方式、网点信息及号码归属,助手随机1k,assistant_random,34,54,建设银行网点与服务查询,1,2.94,0.52,14.92
CONTACT_BRANCH_LOOKUP,查询机构联系方式、网点信息及号码归属,助手随机1k,assistant_random,34,14,个人征信报告查询与影响咨询,1,2.94,0.52,14.92
PAGE_NAV,打开目标页面或获取官方应用入口,助手随机1k,assistant_random,12,52,下载安装金融类App,8,66.67,39.06,86.19
PAGE_NAV,打开目标页面或获取官方应用入口,助手随机1k,assistant_random,12,10,查询转账与账户业务可行性,2,16.67,4.7,44.8
PAGE_NAV,打开目标页面或获取官方应用入口,助手随机1k,assistant_random,12,24,证券股吧查询,1,8.33,1.49,35.39
PAGE_NAV,打开目标页面或获取官方应用入口,助手随机1k,assistant_random,12,53,中国银行服务信息查询,1,8.33,1.49,35.39
ENTITY_IDENTITY_CHECK,确认或反查标的代码与名称对应,助手随机1k,assistant_random,5,11,查询金融术语含义,1,20.0,3.62,62.45
ENTITY_IDENTITY_CHECK,确认或反查标的代码与名称对应,助手随机1k,assistant_random,5,52,下载安装金融类App,1,20.0,3.62,62.45
ENTITY_IDENTITY_CHECK,确认或反查标的代码与名称对应,助手随机1k,assistant_random,5,31,查询财经门户与市场行情,1,20.0,3.62,62.45
ENTITY_IDENTITY_CHECK,确认或反查标的代码与名称对应,助手随机1k,assistant_random,5,22,查询科技股与科创板信息,1,20.0,3.62,62.45
ENTITY_IDENTITY_CHECK,确认或反查标的代码与名称对应,助手随机1k,assistant_random,5,64,查询金融业务数值与代码,1,20.0,3.62,62.45
RESOLVE_BARE_ENTITY,解析裸非可报价名称,助手随机1k,assistant_random,17,31,查询财经门户与市场行情,3,17.65,6.19,41.03
RESOLVE_BARE_ENTITY,解析裸非可报价名称,助手随机1k,assistant_random,17,7,基金净值查询,3,17.65,6.19,41.03
RESOLVE_BARE_ENTITY,解析裸非可报价名称,助手随机1k,assistant_random,17,49,银行信息查询,2,11.76,3.29,34.34
RESOLVE_BARE_ENTITY,解析裸非可报价名称,助手随机1k,assistant_random,17,11,查询金融术语含义,2,11.76,3.29,34.34
RESOLVE_BARE_ENTITY,解析裸非可报价名称,助手随机1k,assistant_random,17,72,金融代码查询,1,5.88,1.05,26.98
RESOLVE_BARE_ENTITY,解析裸非可报价名称,助手随机1k,assistant_random,17,30,股票行情与选股建议查询,1,5.88,1.05,26.98
RESOLVE_BARE_ENTITY,解析裸非可报价名称,助手随机1k,assistant_random,17,17,查询保险公司信息,1,5.88,1.05,26.98
RESOLVE_BARE_ENTITY,解析裸非可报价名称,助手随机1k,assistant_random,17,18,查询保险相关业务,1,5.88,1.05,26.98
RESOLVE_BARE_ENTITY,解析裸非可报价名称,助手随机1k,assistant_random,17,35,货币兑换金额换算查询,1,5.88,1.05,26.98
RESOLVE_BARE_ENTITY,解析裸非可报价名称,助手随机1k,assistant_random,17,15,查询借款平台正规性,1,5.88,1.05,26.98
RESOLVE_BARE_ENTITY,解析裸非可报价名称,助手随机1k,assistant_random,17,13,花呗操作查询,1,5.88,1.05,26.98
TXN_ISSUE,排查账户与交易异常,助手随机1k,assistant_random,22,10,查询转账与账户业务可行性,9,40.91,23.26,61.27
TXN_ISSUE,排查账户与交易异常,助手随机1k,assistant_random,22,48,银行卡业务查询与办理指导,2,9.09,2.53,27.82
TXN_ISSUE,排查账户与交易异常,助手随机1k,assistant_random,22,12,金融业务操作与问题处理方法查询,2,9.09,2.53,27.82
TXN_ISSUE,排查账户与交易异常,助手随机1k,assistant_random,22,11,查询金融术语含义,2,9.09,2.53,27.82
TXN_ISSUE,排查账户与交易异常,助手随机1k,assistant_random,22,8,查询贷款信息,2,9.09,2.53,27.82
TXN_ISSUE,排查账户与交易异常,助手随机1k,assistant_random,22,71,查询价格与金额,1,4.55,0.81,21.8
TXN_ISSUE,排查账户与交易异常,助手随机1k,assistant_random,22,50,农业银行及农村信用社服务信息查询,1,4.55,0.81,21.8
TXN_ISSUE,排查账户与交易异常,助手随机1k,assistant_random,22,43,支付方式使用与设置查询,1,4.55,0.81,21.8
TXN_ISSUE,排查账户与交易异常,助手随机1k,assistant_random,22,55,银行客服电话查询,1,4.55,0.81,21.8
TXN_ISSUE,排查账户与交易异常,助手随机1k,assistant_random,22,49,银行信息查询,1,4.55,0.81,21.8
COMPARISON_DECISION,比较两个金融对象并给出取舍,助手随机1k,assistant_random,21,49,银行信息查询,5,23.81,10.63,45.09
COMPARISON_DECISION,比较两个金融对象并给出取舍,助手随机1k,assistant_random,21,30,股票行情与选股建议查询,4,19.05,7.67,40.0
COMPARISON_DECISION,比较两个金融对象并给出取舍,助手随机1k,assistant_random,21,31,查询财经门户与市场行情,2,9.52,2.65,28.91
COMPARISON_DECISION,比较两个金融对象并给出取舍,助手随机1k,assistant_random,21,18,查询保险相关业务,2,9.52,2.65,28.91
COMPARISON_DECISION,比较两个金融对象并给出取舍,助手随机1k,assistant_random,21,65,计算存贷款利息,1,4.76,0.85,22.67
COMPARISON_DECISION,比较两个金融对象并给出取舍,助手随机1k,assistant_random,21,13,花呗操作查询,1,4.76,0.85,22.67
COMPARISON_DECISION,比较两个金融对象并给出取舍,助手随机1k,assistant_random,21,66,金融行情数据查询,1,4.76,0.85,22.67
COMPARISON_DECISION,比较两个金融对象并给出取舍,助手随机1k,assistant_random,21,44,支付宝相关操作查询,1,4.76,0.85,22.67
COMPARISON_DECISION,比较两个金融对象并给出取舍,助手随机1k,assistant_random,21,22,查询科技股与科创板信息,1,4.76,0.85,22.67
COMPARISON_DECISION,比较两个金融对象并给出取舍,助手随机1k,assistant_random,21,19,车险购买与理赔咨询,1,4.76,0.85,22.67
COMPARISON_DECISION,比较两个金融对象并给出取舍,助手随机1k,assistant_random,21,70,查询定期存款利率,1,4.76,0.85,22.67
COMPARISON_DECISION,比较两个金融对象并给出取舍,助手随机1k,assistant_random,21,67,贷款月供计算,1,4.76,0.85,22.67
ENTITY_VERIFY,核验机构平台与金融信息来源的真伪资质,助手随机1k,assistant_random,9,17,查询保险公司信息,2,22.22,6.32,54.74
ENTITY_VERIFY,核验机构平台与金融信息来源的真伪资质,助手随机1k,assistant_random,9,19,车险购买与理赔咨询,2,22.22,6.32,54.74
ENTITY_VERIFY,核验机构平台与金融信息来源的真伪资质,助手随机1k,assistant_random,9,72,金融代码查询,1,11.11,1.99,43.5
ENTITY_VERIFY,核验机构平台与金融信息来源的真伪资质,助手随机1k,assistant_random,9,8,查询贷款信息,1,11.11,1.99,43.5
ENTITY_VERIFY,核验机构平台与金融信息来源的真伪资质,助手随机1k,assistant_random,9,21,保险公司电话查询,1,11.11,1.99,43.5
ENTITY_VERIFY,核验机构平台与金融信息来源的真伪资质,助手随机1k,assistant_random,9,15,查询借款平台正规性,1,11.11,1.99,43.5
ENTITY_VERIFY,核验机构平台与金融信息来源的真伪资质,助手随机1k,assistant_random,9,10,查询转账与账户业务可行性,1,11.11,1.99,43.5
DEBT_DISTRESS,处理逾期催收与还款困境,助手随机1k,assistant_random,1,17,查询保险公司信息,1,100.0,20.65,100.0
SEEK_CREDIT_WORKAROUND,寻找绕征信借款或评估征信修复,助手随机1k,assistant_random,2,15,查询借款平台正规性,1,50.0,9.45,90.55
SEEK_CREDIT_WORKAROUND,寻找绕征信借款或评估征信修复,助手随机1k,assistant_random,2,14,个人征信报告查询与影响咨询,1,50.0,9.45,90.55
STATUS_DECODE,解读粘贴的提示与界面状态,助手随机1k,assistant_random,1,48,银行卡业务查询与办理指导,1,100.0,20.65,100.0
QUOTE_LOOKUP,查询可报价品种实时行情与价格,助手语音头部1k,assistant_voice_top,700,25,查询股票信息,202,28.86,25.62,32.32
QUOTE_LOOKUP,查询可报价品种实时行情与价格,助手语音头部1k,assistant_voice_top,700,0,股票代码查询,72,10.29,8.25,12.76
QUOTE_LOOKUP,查询可报价品种实时行情与价格,助手语音头部1k,assistant_voice_top,700,27,查询市场行情,55,7.86,6.09,10.09
QUOTE_LOOKUP,查询可报价品种实时行情与价格,助手语音头部1k,assistant_voice_top,700,58,查询黄金价格,44,6.29,4.72,8.33
QUOTE_LOOKUP,查询可报价品种实时行情与价格,助手语音头部1k,assistant_voice_top,700,28,股指行情查询,31,4.43,3.14,6.22
QUOTE_LOOKUP,查询可报价品种实时行情与价格,助手语音头部1k,assistant_voice_top,700,45,查询股份公司及股票信息,29,4.14,2.9,5.89
QUOTE_LOOKUP,查询可报价品种实时行情与价格,助手语音头部1k,assistant_voice_top,700,23,科技类股票信息查询,28,4.0,2.78,5.72
QUOTE_LOOKUP,查询可报价品种实时行情与价格,助手语音头部1k,assistant_voice_top,700,30,股票行情与选股建议查询,25,3.57,2.43,5.22
QUOTE_LOOKUP,查询可报价品种实时行情与价格,助手语音头部1k,assistant_voice_top,700,62,查询金价,22,3.14,2.08,4.71
QUOTE_LOOKUP,查询可报价品种实时行情与价格,助手语音头部1k,assistant_voice_top,700,6,查询股票代码与指数信息,19,2.71,1.74,4.2
QUOTE_LOOKUP,查询可报价品种实时行情与价格,助手语音头部1k,assistant_voice_top,700,46,查询股份股票及股吧信息,18,2.57,1.63,4.03
QUOTE_LOOKUP,查询可报价品种实时行情与价格,助手语音头部1k,assistant_voice_top,700,63,查询价格走势图,17,2.43,1.52,3.85
QUOTE_LOOKUP,查询可报价品种实时行情与价格,助手语音头部1k,assistant_voice_top,700,1,查询300开头股票代码与行情,16,2.29,1.41,3.68
QUOTE_LOOKUP,查询可报价品种实时行情与价格,助手语音头部1k,assistant_voice_top,700,60,市场价格行情查询,15,2.14,1.3,3.51
QUOTE_LOOKUP,查询可报价品种实时行情与价格,助手语音头部1k,assistant_voice_top,700,26,查询个股股票行情与股吧讨论,15,2.14,1.3,3.51
QUOTE_LOOKUP,查询可报价品种实时行情与价格,助手语音头部1k,assistant_voice_top,700,59,实时行情查询,14,2.0,1.2,3.33
QUOTE_LOOKUP,查询可报价品种实时行情与价格,助手语音头部1k,assistant_voice_top,700,32,证券股票信息查询,13,1.86,1.09,3.15
QUOTE_LOOKUP,查询可报价品种实时行情与价格,助手语音头部1k,assistant_voice_top,700,72,金融代码查询,13,1.86,1.09,3.15
QUOTE_LOOKUP,查询可报价品种实时行情与价格,助手语音头部1k,assistant_voice_top,700,31,查询财经门户与市场行情,12,1.71,0.98,2.97
QUOTE_LOOKUP,查询可报价品种实时行情与价格,助手语音头部1k,assistant_voice_top,700,73,证券代码信息查询,8,1.14,0.58,2.24
QUOTE_LOOKUP,查询可报价品种实时行情与价格,助手语音头部1k,assistant_voice_top,700,2,证券代码信息查询,6,0.86,0.39,1.86
QUOTE_LOOKUP,查询可报价品种实时行情与价格,助手语音头部1k,assistant_voice_top,700,22,查询科技股与科创板信息,6,0.86,0.39,1.86
QUOTE_LOOKUP,查询可报价品种实时行情与价格,助手语音头部1k,assistant_voice_top,700,7,基金净值查询,4,0.57,0.22,1.46
QUOTE_LOOKUP,查询可报价品种实时行情与价格,助手语音头部1k,assistant_voice_top,700,53,中国银行服务信息查询,3,0.43,0.15,1.25
QUOTE_LOOKUP,查询可报价品种实时行情与价格,助手语音头部1k,assistant_voice_top,700,49,银行信息查询,2,0.29,0.08,1.04
QUOTE_LOOKUP,查询可报价品种实时行情与价格,助手语音头部1k,assistant_voice_top,700,16,查询人寿保险相关业务信息,2,0.29,0.08,1.04
QUOTE_LOOKUP,查询可报价品种实时行情与价格,助手语音头部1k,assistant_voice_top,700,71,查询价格与金额,2,0.29,0.08,1.04
QUOTE_LOOKUP,查询可报价品种实时行情与价格,助手语音头部1k,assistant_voice_top,700,50,农业银行及农村信用社服务信息查询,2,0.29,0.08,1.04
QUOTE_LOOKUP,查询可报价品种实时行情与价格,助手语音头部1k,assistant_voice_top,700,36,人民币及货币信息查询,1,0.14,0.03,0.8
QUOTE_LOOKUP,查询可报价品种实时行情与价格,助手语音头部1k,assistant_voice_top,700,64,查询金融业务数值与代码,1,0.14,0.03,0.8
QUOTE_LOOKUP,查询可报价品种实时行情与价格,助手语音头部1k,assistant_voice_top,700,68,利率查询与计算,1,0.14,0.03,0.8
QUOTE_LOOKUP,查询可报价品种实时行情与价格,助手语音头部1k,assistant_voice_top,700,66,金融行情数据查询,1,0.14,0.03,0.8
QUOTE_LOOKUP,查询可报价品种实时行情与价格,助手语音头部1k,assistant_voice_top,700,54,建设银行网点与服务查询,1,0.14,0.03,0.8
RESOLVE_BARE_ENTITY,解析裸非可报价名称,助手语音头部1k,assistant_voice_top,93,49,银行信息查询,19,20.43,13.49,29.72
RESOLVE_BARE_ENTITY,解析裸非可报价名称,助手语音头部1k,assistant_voice_top,93,31,查询财经门户与市场行情,11,11.83,6.73,19.95
RESOLVE_BARE_ENTITY,解析裸非可报价名称,助手语音头部1k,assistant_voice_top,93,32,证券股票信息查询,10,10.75,5.95,18.67
RESOLVE_BARE_ENTITY,解析裸非可报价名称,助手语音头部1k,assistant_voice_top,93,8,查询贷款信息,7,7.53,3.69,14.73
RESOLVE_BARE_ENTITY,解析裸非可报价名称,助手语音头部1k,assistant_voice_top,93,50,农业银行及农村信用社服务信息查询,5,5.38,2.32,11.97
RESOLVE_BARE_ENTITY,解析裸非可报价名称,助手语音头部1k,assistant_voice_top,93,21,保险公司电话查询,4,4.3,1.69,10.54
RESOLVE_BARE_ENTITY,解析裸非可报价名称,助手语音头部1k,assistant_voice_top,93,53,中国银行服务信息查询,3,3.23,1.1,9.06
RESOLVE_BARE_ENTITY,解析裸非可报价名称,助手语音头部1k,assistant_voice_top,93,16,查询人寿保险相关业务信息,3,3.23,1.1,9.06
RESOLVE_BARE_ENTITY,解析裸非可报价名称,助手语音头部1k,assistant_voice_top,93,18,查询保险相关业务,3,3.23,1.1,9.06
RESOLVE_BARE_ENTITY,解析裸非可报价名称,助手语音头部1k,assistant_voice_top,93,54,建设银行网点与服务查询,3,3.23,1.1,9.06
RESOLVE_BARE_ENTITY,解析裸非可报价名称,助手语音头部1k,assistant_voice_top,93,22,查询科技股与科创板信息,2,2.15,0.59,7.51
RESOLVE_BARE_ENTITY,解析裸非可报价名称,助手语音头部1k,assistant_voice_top,93,48,银行卡业务查询与办理指导,2,2.15,0.59,7.51
RESOLVE_BARE_ENTITY,解析裸非可报价名称,助手语音头部1k,assistant_voice_top,93,43,支付方式使用与设置查询,2,2.15,0.59,7.51
RESOLVE_BARE_ENTITY,解析裸非可报价名称,助手语音头部1k,assistant_voice_top,93,28,股指行情查询,2,2.15,0.59,7.51
RESOLVE_BARE_ENTITY,解析裸非可报价名称,助手语音头部1k,assistant_voice_top,93,13,花呗操作查询,2,2.15,0.59,7.51
RESOLVE_BARE_ENTITY,解析裸非可报价名称,助手语音头部1k,assistant_voice_top,93,44,支付宝相关操作查询,1,1.08,0.19,5.84
RESOLVE_BARE_ENTITY,解析裸非可报价名称,助手语音头部1k,assistant_voice_top,93,58,查询黄金价格,1,1.08,0.19,5.84
RESOLVE_BARE_ENTITY,解析裸非可报价名称,助手语音头部1k,assistant_voice_top,93,10,查询转账与账户业务可行性,1,1.08,0.19,5.84
RESOLVE_BARE_ENTITY,解析裸非可报价名称,助手语音头部1k,assistant_voice_top,93,27,查询市场行情,1,1.08,0.19,5.84
RESOLVE_BARE_ENTITY,解析裸非可报价名称,助手语音头部1k,assistant_voice_top,93,9,贷款提前还款查询,1,1.08,0.19,5.84
RESOLVE_BARE_ENTITY,解析裸非可报价名称,助手语音头部1k,assistant_voice_top,93,47,查询办理信用卡业务,1,1.08,0.19,5.84
RESOLVE_BARE_ENTITY,解析裸非可报价名称,助手语音头部1k,assistant_voice_top,93,34,查询美元兑日元汇率,1,1.08,0.19,5.84
RESOLVE_BARE_ENTITY,解析裸非可报价名称,助手语音头部1k,assistant_voice_top,93,17,查询保险公司信息,1,1.08,0.19,5.84
RESOLVE_BARE_ENTITY,解析裸非可报价名称,助手语音头部1k,assistant_voice_top,93,15,查询借款平台正规性,1,1.08,0.19,5.84
RESOLVE_BARE_ENTITY,解析裸非可报价名称,助手语音头部1k,assistant_voice_top,93,25,查询股票信息,1,1.08,0.19,5.84
RESOLVE_BARE_ENTITY,解析裸非可报价名称,助手语音头部1k,assistant_voice_top,93,7,基金净值查询,1,1.08,0.19,5.84
RESOLVE_BARE_ENTITY,解析裸非可报价名称,助手语音头部1k,assistant_voice_top,93,62,查询金价,1,1.08,0.19,5.84
RESOLVE_BARE_ENTITY,解析裸非可报价名称,助手语音头部1k,assistant_voice_top,93,30,股票行情与选股建议查询,1,1.08,0.19,5.84
RESOLVE_BARE_ENTITY,解析裸非可报价名称,助手语音头部1k,assistant_voice_top,93,68,利率查询与计算,1,1.08,0.19,5.84
RESOLVE_BARE_ENTITY,解析裸非可报价名称,助手语音头部1k,assistant_voice_top,93,52,下载安装金融类App,1,1.08,0.19,5.84
PAGE_NAV,打开目标页面或获取官方应用入口,助手语音头部1k,assistant_voice_top,21,24,证券股吧查询,10,47.62,28.34,67.63
PAGE_NAV,打开目标页面或获取官方应用入口,助手语音头部1k,assistant_voice_top,21,31,查询财经门户与市场行情,3,14.29,4.98,34.64
PAGE_NAV,打开目标页面或获取官方应用入口,助手语音头部1k,assistant_voice_top,21,27,查询市场行情,3,14.29,4.98,34.64
PAGE_NAV,打开目标页面或获取官方应用入口,助手语音头部1k,assistant_voice_top,21,44,支付宝相关操作查询,2,9.52,2.65,28.91
PAGE_NAV,打开目标页面或获取官方应用入口,助手语音头部1k,assistant_voice_top,21,58,查询黄金价格,1,4.76,0.85,22.67
PAGE_NAV,打开目标页面或获取官方应用入口,助手语音头部1k,assistant_voice_top,21,52,下载安装金融类App,1,4.76,0.85,22.67
PAGE_NAV,打开目标页面或获取官方应用入口,助手语音头部1k,assistant_voice_top,21,46,查询股份股票及股吧信息,1,4.76,0.85,22.67
FX_CONVERT,查询汇率并换算外币金额,助手语音头部1k,assistant_voice_top,74,33,查询人民币兑外币汇率,39,52.7,41.48,63.66
FX_CONVERT,查询汇率并换算外币金额,助手语音头部1k,assistant_voice_top,74,35,货币兑换金额换算查询,13,17.57,10.56,27.77
FX_CONVERT,查询汇率并换算外币金额,助手语音头部1k,assistant_voice_top,74,39,货币兑换查询,9,12.16,6.53,21.53
FX_CONVERT,查询汇率并换算外币金额,助手语音头部1k,assistant_voice_top,74,34,查询美元兑日元汇率,8,10.81,5.58,19.91
FX_CONVERT,查询汇率并换算外币金额,助手语音头部1k,assistant_voice_top,74,36,人民币及货币信息查询,2,2.7,0.74,9.33
FX_CONVERT,查询汇率并换算外币金额,助手语音头部1k,assistant_voice_top,74,71,查询价格与金额,1,1.35,0.24,7.27
FX_CONVERT,查询汇率并换算外币金额,助手语音头部1k,assistant_voice_top,74,53,中国银行服务信息查询,1,1.35,0.24,7.27
FX_CONVERT,查询汇率并换算外币金额,助手语音头部1k,assistant_voice_top,74,66,金融行情数据查询,1,1.35,0.24,7.27
OTHER_INTENT,其他非金融意图或无明确意图,助手语音头部1k,assistant_voice_top,16,29,蚂蚁庄园今日答案查询,7,43.75,23.1,66.82
OTHER_INTENT,其他非金融意图或无明确意图,助手语音头部1k,assistant_voice_top,16,31,查询财经门户与市场行情,2,12.5,3.5,36.02
OTHER_INTENT,其他非金融意图或无明确意图,助手语音头部1k,assistant_voice_top,16,10,查询转账与账户业务可行性,1,6.25,1.11,28.33
OTHER_INTENT,其他非金融意图或无明确意图,助手语音头部1k,assistant_voice_top,16,72,金融代码查询,1,6.25,1.11,28.33
OTHER_INTENT,其他非金融意图或无明确意图,助手语音头部1k,assistant_voice_top,16,34,查询美元兑日元汇率,1,6.25,1.11,28.33
OTHER_INTENT,其他非金融意图或无明确意图,助手语音头部1k,assistant_voice_top,16,59,实时行情查询,1,6.25,1.11,28.33
OTHER_INTENT,其他非金融意图或无明确意图,助手语音头部1k,assistant_voice_top,16,44,支付宝相关操作查询,1,6.25,1.11,28.33
OTHER_INTENT,其他非金融意图或无明确意图,助手语音头部1k,assistant_voice_top,16,18,查询保险相关业务,1,6.25,1.11,28.33
OTHER_INTENT,其他非金融意图或无明确意图,助手语音头部1k,assistant_voice_top,16,67,贷款月供计算,1,6.25,1.11,28.33
CONTACT_BRANCH_LOOKUP,查询机构联系方式、网点信息及号码归属,助手语音头部1k,assistant_voice_top,46,55,银行客服电话查询,20,43.48,30.21,57.75
CONTACT_BRANCH_LOOKUP,查询机构联系方式、网点信息及号码归属,助手语音头部1k,assistant_voice_top,46,21,保险公司电话查询,7,15.22,7.57,28.22
CONTACT_BRANCH_LOOKUP,查询机构联系方式、网点信息及号码归属,助手语音头部1k,assistant_voice_top,46,49,银行信息查询,6,13.04,6.12,25.67
CONTACT_BRANCH_LOOKUP,查询机构联系方式、网点信息及号码归属,助手语音头部1k,assistant_voice_top,46,54,建设银行网点与服务查询,4,8.7,3.43,20.32
CONTACT_BRANCH_LOOKUP,查询机构联系方式、网点信息及号码归属,助手语音头部1k,assistant_voice_top,46,47,查询办理信用卡业务,4,8.7,3.43,20.32
CONTACT_BRANCH_LOOKUP,查询机构联系方式、网点信息及号码归属,助手语音头部1k,assistant_voice_top,46,50,农业银行及农村信用社服务信息查询,3,6.52,2.24,17.5
CONTACT_BRANCH_LOOKUP,查询机构联系方式、网点信息及号码归属,助手语音头部1k,assistant_voice_top,46,53,中国银行服务信息查询,1,2.17,0.38,11.34
CONTACT_BRANCH_LOOKUP,查询机构联系方式、网点信息及号码归属,助手语音头部1k,assistant_voice_top,46,14,个人征信报告查询与影响咨询,1,2.17,0.38,11.34
VERDICT_QUESTION,对“是不是/是A还是B”给出裁决结论,助手语音头部1k,assistant_voice_top,6,30,股票行情与选股建议查询,3,50.0,18.76,81.24
VERDICT_QUESTION,对“是不是/是A还是B”给出裁决结论,助手语音头部1k,assistant_voice_top,6,29,蚂蚁庄园今日答案查询,1,16.67,3.01,56.35
VERDICT_QUESTION,对“是不是/是A还是B”给出裁决结论,助手语音头部1k,assistant_voice_top,6,70,查询定期存款利率,1,16.67,3.01,56.35
VERDICT_QUESTION,对“是不是/是A还是B”给出裁决结论,助手语音头部1k,assistant_voice_top,6,13,花呗操作查询,1,16.67,3.01,56.35
CONCEPT_EXPLAIN,解释金融术语与交易/业务规则,助手语音头部1k,assistant_voice_top,8,65,计算存贷款利息,2,25.0,7.15,59.07
CONCEPT_EXPLAIN,解释金融术语与交易/业务规则,助手语音头部1k,assistant_voice_top,8,28,股指行情查询,2,25.0,7.15,59.07
CONCEPT_EXPLAIN,解释金融术语与交易/业务规则,助手语音头部1k,assistant_voice_top,8,7,基金净值查询,1,12.5,2.24,47.09
CONCEPT_EXPLAIN,解释金融术语与交易/业务规则,助手语音头部1k,assistant_voice_top,8,49,银行信息查询,1,12.5,2.24,47.09
CONCEPT_EXPLAIN,解释金融术语与交易/业务规则,助手语音头部1k,assistant_voice_top,8,31,查询财经门户与市场行情,1,12.5,2.24,47.09
CONCEPT_EXPLAIN,解释金融术语与交易/业务规则,助手语音头部1k,assistant_voice_top,8,8,查询贷款信息,1,12.5,2.24,47.09
INVEST_ADVICE,请求个股买卖持有决策与涨跌预测,助手语音头部1k,assistant_voice_top,7,30,股票行情与选股建议查询,3,42.86,15.82,74.95
INVEST_ADVICE,请求个股买卖持有决策与涨跌预测,助手语音头部1k,assistant_voice_top,7,62,查询金价,1,14.29,2.57,51.31
INVEST_ADVICE,请求个股买卖持有决策与涨跌预测,助手语音头部1k,assistant_voice_top,7,71,查询价格与金额,1,14.29,2.57,51.31
INVEST_ADVICE,请求个股买卖持有决策与涨跌预测,助手语音头部1k,assistant_voice_top,7,25,查询股票信息,1,14.29,2.57,51.31
INVEST_ADVICE,请求个股买卖持有决策与涨跌预测,助手语音头部1k,assistant_voice_top,7,66,金融行情数据查询,1,14.29,2.57,51.31
COMPARISON_DECISION,比较两个金融对象并给出取舍,助手语音头部1k,assistant_voice_top,1,66,金融行情数据查询,1,100.0,20.65,100.0
NEWS_EVENT,查询个股与公司层面的消息、公告与进度,助手语音头部1k,assistant_voice_top,9,30,股票行情与选股建议查询,6,66.67,35.42,87.94
NEWS_EVENT,查询个股与公司层面的消息、公告与进度,助手语音头部1k,assistant_voice_top,9,22,查询科技股与科创板信息,1,11.11,1.99,43.5
NEWS_EVENT,查询个股与公司层面的消息、公告与进度,助手语音头部1k,assistant_voice_top,9,63,查询价格走势图,1,11.11,1.99,43.5
NEWS_EVENT,查询个股与公司层面的消息、公告与进度,助手语音头部1k,assistant_voice_top,9,31,查询财经门户与市场行情,1,11.11,1.99,43.5
HOWTO_OPERATE,获取银行/支付业务办理步骤与所需资料,助手语音头部1k,assistant_voice_top,7,44,支付宝相关操作查询,4,57.14,25.05,84.18
HOWTO_OPERATE,获取银行/支付业务办理步骤与所需资料,助手语音头部1k,assistant_voice_top,7,10,查询转账与账户业务可行性,1,14.29,2.57,51.31
HOWTO_OPERATE,获取银行/支付业务办理步骤与所需资料,助手语音头部1k,assistant_voice_top,7,49,银行信息查询,1,14.29,2.57,51.31
HOWTO_OPERATE,获取银行/支付业务办理步骤与所需资料,助手语音头部1k,assistant_voice_top,7,13,花呗操作查询,1,14.29,2.57,51.31
RATE_CALC,查询利率、费率、限额并试算利息/还款,助手语音头部1k,assistant_voice_top,10,65,计算存贷款利息,6,60.0,31.27,83.18
RATE_CALC,查询利率、费率、限额并试算利息/还款,助手语音头部1k,assistant_voice_top,10,66,金融行情数据查询,3,30.0,10.78,60.32
RATE_CALC,查询利率、费率、限额并试算利息/还款,助手语音头部1k,assistant_voice_top,10,34,查询美元兑日元汇率,1,10.0,1.79,40.42
MARKET_MOVEMENT_EXPLAIN,解释已发生市场现象的原因,助手语音头部1k,assistant_voice_top,1,11,查询金融术语含义,1,100.0,20.65,100.0
ENTITY_IDENTITY_CHECK,确认或反查标的代码与名称对应,助手语音头部1k,assistant_voice_top,1,46,查询股份股票及股吧信息,1,100.0,20.65,100.0
QUOTE_LOOKUP,查询可报价品种实时行情与价格,助手语音1k,assistant_voice,152,25,查询股票信息,40,26.32,19.96,33.84
QUOTE_LOOKUP,查询可报价品种实时行情与价格,助手语音1k,assistant_voice,152,27,查询市场行情,21,13.82,9.22,20.2
QUOTE_LOOKUP,查询可报价品种实时行情与价格,助手语音1k,assistant_voice,152,30,股票行情与选股建议查询,15,9.87,6.07,15.64
QUOTE_LOOKUP,查询可报价品种实时行情与价格,助手语音1k,assistant_voice,152,58,查询黄金价格,10,6.58,3.61,11.69
QUOTE_LOOKUP,查询可报价品种实时行情与价格,助手语音1k,assistant_voice,152,62,查询金价,8,5.26,2.69,10.04
QUOTE_LOOKUP,查询可报价品种实时行情与价格,助手语音1k,assistant_voice,152,66,金融行情数据查询,7,4.61,2.25,9.2
QUOTE_LOOKUP,查询可报价品种实时行情与价格,助手语音1k,assistant_voice,152,0,股票代码查询,6,3.95,1.82,8.34
QUOTE_LOOKUP,查询可报价品种实时行情与价格,助手语音1k,assistant_voice,152,63,查询价格走势图,5,3.29,1.41,7.47
QUOTE_LOOKUP,查询可报价品种实时行情与价格,助手语音1k,assistant_voice,152,7,基金净值查询,5,3.29,1.41,7.47
QUOTE_LOOKUP,查询可报价品种实时行情与价格,助手语音1k,assistant_voice,152,45,查询股份公司及股票信息,4,2.63,1.03,6.57
QUOTE_LOOKUP,查询可报价品种实时行情与价格,助手语音1k,assistant_voice,152,23,科技类股票信息查询,4,2.63,1.03,6.57
QUOTE_LOOKUP,查询可报价品种实时行情与价格,助手语音1k,assistant_voice,152,72,金融代码查询,4,2.63,1.03,6.57
QUOTE_LOOKUP,查询可报价品种实时行情与价格,助手语音1k,assistant_voice,152,71,查询价格与金额,4,2.63,1.03,6.57
QUOTE_LOOKUP,查询可报价品种实时行情与价格,助手语音1k,assistant_voice,152,1,查询300开头股票代码与行情,3,1.97,0.67,5.64
QUOTE_LOOKUP,查询可报价品种实时行情与价格,助手语音1k,assistant_voice,152,28,股指行情查询,3,1.97,0.67,5.64
QUOTE_LOOKUP,查询可报价品种实时行情与价格,助手语音1k,assistant_voice,152,26,查询个股股票行情与股吧讨论,2,1.32,0.36,4.67
QUOTE_LOOKUP,查询可报价品种实时行情与价格,助手语音1k,assistant_voice,152,60,市场价格行情查询,2,1.32,0.36,4.67
QUOTE_LOOKUP,查询可报价品种实时行情与价格,助手语音1k,assistant_voice,152,64,查询金融业务数值与代码,2,1.32,0.36,4.67
QUOTE_LOOKUP,查询可报价品种实时行情与价格,助手语音1k,assistant_voice,152,31,查询财经门户与市场行情,2,1.32,0.36,4.67
QUOTE_LOOKUP,查询可报价品种实时行情与价格,助手语音1k,assistant_voice,152,6,查询股票代码与指数信息,2,1.32,0.36,4.67
QUOTE_LOOKUP,查询可报价品种实时行情与价格,助手语音1k,assistant_voice,152,32,证券股票信息查询,1,0.66,0.12,3.63
QUOTE_LOOKUP,查询可报价品种实时行情与价格,助手语音1k,assistant_voice,152,36,人民币及货币信息查询,1,0.66,0.12,3.63
QUOTE_LOOKUP,查询可报价品种实时行情与价格,助手语音1k,assistant_voice,152,33,查询人民币兑外币汇率,1,0.66,0.12,3.63
NEWS_EVENT,查询个股与公司层面的消息、公告与进度,助手语音1k,assistant_voice,37,66,金融行情数据查询,10,27.03,15.4,42.98
NEWS_EVENT,查询个股与公司层面的消息、公告与进度,助手语音1k,assistant_voice,37,30,股票行情与选股建议查询,7,18.92,9.48,34.21
NEWS_EVENT,查询个股与公司层面的消息、公告与进度,助手语音1k,assistant_voice,37,17,查询保险公司信息,4,10.81,4.29,24.71
NEWS_EVENT,查询个股与公司层面的消息、公告与进度,助手语音1k,assistant_voice,37,27,查询市场行情,4,10.81,4.29,24.71
NEWS_EVENT,查询个股与公司层面的消息、公告与进度,助手语音1k,assistant_voice,37,64,查询金融业务数值与代码,2,5.41,1.5,17.7
NEWS_EVENT,查询个股与公司层面的消息、公告与进度,助手语音1k,assistant_voice,37,16,查询人寿保险相关业务信息,2,5.41,1.5,17.7
NEWS_EVENT,查询个股与公司层面的消息、公告与进度,助手语音1k,assistant_voice,37,71,查询价格与金额,2,5.41,1.5,17.7
NEWS_EVENT,查询个股与公司层面的消息、公告与进度,助手语音1k,assistant_voice,37,53,中国银行服务信息查询,1,2.7,0.48,13.82
NEWS_EVENT,查询个股与公司层面的消息、公告与进度,助手语音1k,assistant_voice,37,14,个人征信报告查询与影响咨询,1,2.7,0.48,13.82
NEWS_EVENT,查询个股与公司层面的消息、公告与进度,助手语音1k,assistant_voice,37,31,查询财经门户与市场行情,1,2.7,0.48,13.82
NEWS_EVENT,查询个股与公司层面的消息、公告与进度,助手语音1k,assistant_voice,37,19,车险购买与理赔咨询,1,2.7,0.48,13.82
NEWS_EVENT,查询个股与公司层面的消息、公告与进度,助手语音1k,assistant_voice,37,22,查询科技股与科创板信息,1,2.7,0.48,13.82
NEWS_EVENT,查询个股与公司层面的消息、公告与进度,助手语音1k,assistant_voice,37,12,金融业务操作与问题处理方法查询,1,2.7,0.48,13.82
VERDICT_QUESTION,对“是不是/是A还是B”给出裁决结论,助手语音1k,assistant_voice,85,10,查询转账与账户业务可行性,14,16.47,10.07,25.77
VERDICT_QUESTION,对“是不是/是A还是B”给出裁决结论,助手语音1k,assistant_voice,85,48,银行卡业务查询与办理指导,13,15.29,9.16,24.43
VERDICT_QUESTION,对“是不是/是A还是B”给出裁决结论,助手语音1k,assistant_voice,85,19,车险购买与理赔咨询,11,12.94,7.38,21.7
VERDICT_QUESTION,对“是不是/是A还是B”给出裁决结论,助手语音1k,assistant_voice,85,44,支付宝相关操作查询,7,8.24,4.05,16.04
VERDICT_QUESTION,对“是不是/是A还是B”给出裁决结论,助手语音1k,assistant_voice,85,22,查询科技股与科创板信息,5,5.88,2.54,13.04
VERDICT_QUESTION,对“是不是/是A还是B”给出裁决结论,助手语音1k,assistant_voice,85,18,查询保险相关业务,5,5.88,2.54,13.04
VERDICT_QUESTION,对“是不是/是A还是B”给出裁决结论,助手语音1k,assistant_voice,85,8,查询贷款信息,4,4.71,1.84,11.48
VERDICT_QUESTION,对“是不是/是A还是B”给出裁决结论,助手语音1k,assistant_voice,85,43,支付方式使用与设置查询,4,4.71,1.84,11.48
VERDICT_QUESTION,对“是不是/是A还是B”给出裁决结论,助手语音1k,assistant_voice,85,30,股票行情与选股建议查询,3,3.53,1.21,9.87
VERDICT_QUESTION,对“是不是/是A还是B”给出裁决结论,助手语音1k,assistant_voice,85,49,银行信息查询,3,3.53,1.21,9.87
VERDICT_QUESTION,对“是不是/是A还是B”给出裁决结论,助手语音1k,assistant_voice,85,47,查询办理信用卡业务,2,2.35,0.65,8.18
VERDICT_QUESTION,对“是不是/是A还是B”给出裁决结论,助手语音1k,assistant_voice,85,70,查询定期存款利率,2,2.35,0.65,8.18
VERDICT_QUESTION,对“是不是/是A还是B”给出裁决结论,助手语音1k,assistant_voice,85,53,中国银行服务信息查询,2,2.35,0.65,8.18
VERDICT_QUESTION,对“是不是/是A还是B”给出裁决结论,助手语音1k,assistant_voice,85,45,查询股份公司及股票信息,2,2.35,0.65,8.18
VERDICT_QUESTION,对“是不是/是A还是B”给出裁决结论,助手语音1k,assistant_voice,85,13,花呗操作查询,1,1.18,0.21,6.37
VERDICT_QUESTION,对“是不是/是A还是B”给出裁决结论,助手语音1k,assistant_voice,85,6,查询股票代码与指数信息,1,1.18,0.21,6.37
VERDICT_QUESTION,对“是不是/是A还是B”给出裁决结论,助手语音1k,assistant_voice,85,17,查询保险公司信息,1,1.18,0.21,6.37
VERDICT_QUESTION,对“是不是/是A还是B”给出裁决结论,助手语音1k,assistant_voice,85,26,查询个股股票行情与股吧讨论,1,1.18,0.21,6.37
VERDICT_QUESTION,对“是不是/是A还是B”给出裁决结论,助手语音1k,assistant_voice,85,0,股票代码查询,1,1.18,0.21,6.37
VERDICT_QUESTION,对“是不是/是A还是B”给出裁决结论,助手语音1k,assistant_voice,85,36,人民币及货币信息查询,1,1.18,0.21,6.37
VERDICT_QUESTION,对“是不是/是A还是B”给出裁决结论,助手语音1k,assistant_voice,85,23,科技类股票信息查询,1,1.18,0.21,6.37
VERDICT_QUESTION,对“是不是/是A还是B”给出裁决结论,助手语音1k,assistant_voice,85,14,个人征信报告查询与影响咨询,1,1.18,0.21,6.37
FX_CONVERT,查询汇率并换算外币金额,助手语音1k,assistant_voice,128,35,货币兑换金额换算查询,72,56.25,47.6,64.54
FX_CONVERT,查询汇率并换算外币金额,助手语音1k,assistant_voice,128,33,查询人民币兑外币汇率,21,16.41,10.99,23.78
FX_CONVERT,查询汇率并换算外币金额,助手语音1k,assistant_voice,128,36,人民币及货币信息查询,14,10.94,6.63,17.52
FX_CONVERT,查询汇率并换算外币金额,助手语音1k,assistant_voice,128,34,查询美元兑日元汇率,9,7.03,3.74,12.82
FX_CONVERT,查询汇率并换算外币金额,助手语音1k,assistant_voice,128,39,货币兑换查询,6,4.69,2.17,9.85
FX_CONVERT,查询汇率并换算外币金额,助手语音1k,assistant_voice,128,6,查询股票代码与指数信息,2,1.56,0.43,5.52
FX_CONVERT,查询汇率并换算外币金额,助手语音1k,assistant_voice,128,66,金融行情数据查询,2,1.56,0.43,5.52
FX_CONVERT,查询汇率并换算外币金额,助手语音1k,assistant_voice,128,71,查询价格与金额,1,0.78,0.14,4.29
FX_CONVERT,查询汇率并换算外币金额,助手语音1k,assistant_voice,128,10,查询转账与账户业务可行性,1,0.78,0.14,4.29
RESOLVE_BARE_ENTITY,解析裸非可报价名称,助手语音1k,assistant_voice,30,49,银行信息查询,9,30.0,16.66,47.88
RESOLVE_BARE_ENTITY,解析裸非可报价名称,助手语音1k,assistant_voice,30,31,查询财经门户与市场行情,4,13.33,5.31,29.68
RESOLVE_BARE_ENTITY,解析裸非可报价名称,助手语音1k,assistant_voice,30,18,查询保险相关业务,4,13.33,5.31,29.68
RESOLVE_BARE_ENTITY,解析裸非可报价名称,助手语音1k,assistant_voice,30,32,证券股票信息查询,4,13.33,5.31,29.68
RESOLVE_BARE_ENTITY,解析裸非可报价名称,助手语音1k,assistant_voice,30,47,查询办理信用卡业务,2,6.67,1.85,21.32
RESOLVE_BARE_ENTITY,解析裸非可报价名称,助手语音1k,assistant_voice,30,66,金融行情数据查询,2,6.67,1.85,21.32
RESOLVE_BARE_ENTITY,解析裸非可报价名称,助手语音1k,assistant_voice,30,27,查询市场行情,1,3.33,0.59,16.67
RESOLVE_BARE_ENTITY,解析裸非可报价名称,助手语音1k,assistant_voice,30,10,查询转账与账户业务可行性,1,3.33,0.59,16.67
RESOLVE_BARE_ENTITY,解析裸非可报价名称,助手语音1k,assistant_voice,30,28,股指行情查询,1,3.33,0.59,16.67
RESOLVE_BARE_ENTITY,解析裸非可报价名称,助手语音1k,assistant_voice,30,17,查询保险公司信息,1,3.33,0.59,16.67
RESOLVE_BARE_ENTITY,解析裸非可报价名称,助手语音1k,assistant_voice,30,8,查询贷款信息,1,3.33,0.59,16.67
ENTITY_IDENTITY_CHECK,确认或反查标的代码与名称对应,助手语音1k,assistant_voice,8,30,股票行情与选股建议查询,3,37.5,13.68,69.43
ENTITY_IDENTITY_CHECK,确认或反查标的代码与名称对应,助手语音1k,assistant_voice,8,25,查询股票信息,2,25.0,7.15,59.07
ENTITY_IDENTITY_CHECK,确认或反查标的代码与名称对应,助手语音1k,assistant_voice,8,24,证券股吧查询,1,12.5,2.24,47.09
ENTITY_IDENTITY_CHECK,确认或反查标的代码与名称对应,助手语音1k,assistant_voice,8,23,科技类股票信息查询,1,12.5,2.24,47.09
ENTITY_IDENTITY_CHECK,确认或反查标的代码与名称对应,助手语音1k,assistant_voice,8,26,查询个股股票行情与股吧讨论,1,12.5,2.24,47.09
HOWTO_OPERATE,获取银行/支付业务办理步骤与所需资料,助手语音1k,assistant_voice,104,12,金融业务操作与问题处理方法查询,20,19.23,12.81,27.85
HOWTO_OPERATE,获取银行/支付业务办理步骤与所需资料,助手语音1k,assistant_voice,104,48,银行卡业务查询与办理指导,17,16.35,10.46,24.63
HOWTO_OPERATE,获取银行/支付业务办理步骤与所需资料,助手语音1k,assistant_voice,104,44,支付宝相关操作查询,15,14.42,8.94,22.44
HOWTO_OPERATE,获取银行/支付业务办理步骤与所需资料,助手语音1k,assistant_voice,104,49,银行信息查询,8,7.69,3.95,14.45
HOWTO_OPERATE,获取银行/支付业务办理步骤与所需资料,助手语音1k,assistant_voice,104,10,查询转账与账户业务可行性,6,5.77,2.67,12.02
HOWTO_OPERATE,获取银行/支付业务办理步骤与所需资料,助手语音1k,assistant_voice,104,50,农业银行及农村信用社服务信息查询,5,4.81,2.07,10.76
HOWTO_OPERATE,获取银行/支付业务办理步骤与所需资料,助手语音1k,assistant_voice,104,13,花呗操作查询,5,4.81,2.07,10.76
HOWTO_OPERATE,获取银行/支付业务办理步骤与所需资料,助手语音1k,assistant_voice,104,8,查询贷款信息,4,3.85,1.51,9.47
HOWTO_OPERATE,获取银行/支付业务办理步骤与所需资料,助手语音1k,assistant_voice,104,18,查询保险相关业务,4,3.85,1.51,9.47
HOWTO_OPERATE,获取银行/支付业务办理步骤与所需资料,助手语音1k,assistant_voice,104,43,支付方式使用与设置查询,2,1.92,0.53,6.74
HOWTO_OPERATE,获取银行/支付业务办理步骤与所需资料,助手语音1k,assistant_voice,104,54,建设银行网点与服务查询,2,1.92,0.53,6.74
HOWTO_OPERATE,获取银行/支付业务办理步骤与所需资料,助手语音1k,assistant_voice,104,53,中国银行服务信息查询,2,1.92,0.53,6.74
HOWTO_OPERATE,获取银行/支付业务办理步骤与所需资料,助手语音1k,assistant_voice,104,70,查询定期存款利率,2,1.92,0.53,6.74
HOWTO_OPERATE,获取银行/支付业务办理步骤与所需资料,助手语音1k,assistant_voice,104,52,下载安装金融类App,2,1.92,0.53,6.74
HOWTO_OPERATE,获取银行/支付业务办理步骤与所需资料,助手语音1k,assistant_voice,104,21,保险公司电话查询,1,0.96,0.17,5.25
HOWTO_OPERATE,获取银行/支付业务办理步骤与所需资料,助手语音1k,assistant_voice,104,32,证券股票信息查询,1,0.96,0.17,5.25
HOWTO_OPERATE,获取银行/支付业务办理步骤与所需资料,助手语音1k,assistant_voice,104,17,查询保险公司信息,1,0.96,0.17,5.25
HOWTO_OPERATE,获取银行/支付业务办理步骤与所需资料,助手语音1k,assistant_voice,104,15,查询借款平台正规性,1,0.96,0.17,5.25
HOWTO_OPERATE,获取银行/支付业务办理步骤与所需资料,助手语音1k,assistant_voice,104,9,贷款提前还款查询,1,0.96,0.17,5.25
HOWTO_OPERATE,获取银行/支付业务办理步骤与所需资料,助手语音1k,assistant_voice,104,20,查询交强险保费、赔偿与投保规定,1,0.96,0.17,5.25
HOWTO_OPERATE,获取银行/支付业务办理步骤与所需资料,助手语音1k,assistant_voice,104,19,车险购买与理赔咨询,1,0.96,0.17,5.25
HOWTO_OPERATE,获取银行/支付业务办理步骤与所需资料,助手语音1k,assistant_voice,104,47,查询办理信用卡业务,1,0.96,0.17,5.25
HOWTO_OPERATE,获取银行/支付业务办理步骤与所需资料,助手语音1k,assistant_voice,104,71,查询价格与金额,1,0.96,0.17,5.25
HOWTO_OPERATE,获取银行/支付业务办理步骤与所需资料,助手语音1k,assistant_voice,104,58,查询黄金价格,1,0.96,0.17,5.25
CONCEPT_EXPLAIN,解释金融术语与交易/业务规则,助手语音1k,assistant_voice,94,11,查询金融术语含义,19,20.21,13.34,29.43
CONCEPT_EXPLAIN,解释金融术语与交易/业务规则,助手语音1k,assistant_voice,94,30,股票行情与选股建议查询,18,19.15,12.47,28.25
CONCEPT_EXPLAIN,解释金融术语与交易/业务规则,助手语音1k,assistant_voice,94,17,查询保险公司信息,6,6.38,2.96,13.23
CONCEPT_EXPLAIN,解释金融术语与交易/业务规则,助手语音1k,assistant_voice,94,48,银行卡业务查询与办理指导,5,5.32,2.29,11.85
CONCEPT_EXPLAIN,解释金融术语与交易/业务规则,助手语音1k,assistant_voice,94,10,查询转账与账户业务可行性,5,5.32,2.29,11.85
CONCEPT_EXPLAIN,解释金融术语与交易/业务规则,助手语音1k,assistant_voice,94,12,金融业务操作与问题处理方法查询,5,5.32,2.29,11.85
CONCEPT_EXPLAIN,解释金融术语与交易/业务规则,助手语音1k,assistant_voice,94,18,查询保险相关业务,4,4.26,1.67,10.44
CONCEPT_EXPLAIN,解释金融术语与交易/业务规则,助手语音1k,assistant_voice,94,7,基金净值查询,4,4.26,1.67,10.44
CONCEPT_EXPLAIN,解释金融术语与交易/业务规则,助手语音1k,assistant_voice,94,70,查询定期存款利率,3,3.19,1.09,8.97
CONCEPT_EXPLAIN,解释金融术语与交易/业务规则,助手语音1k,assistant_voice,94,27,查询市场行情,3,3.19,1.09,8.97
CONCEPT_EXPLAIN,解释金融术语与交易/业务规则,助手语音1k,assistant_voice,94,19,车险购买与理赔咨询,3,3.19,1.09,8.97
CONCEPT_EXPLAIN,解释金融术语与交易/业务规则,助手语音1k,assistant_voice,94,71,查询价格与金额,2,2.13,0.59,7.43
CONCEPT_EXPLAIN,解释金融术语与交易/业务规则,助手语音1k,assistant_voice,94,47,查询办理信用卡业务,2,2.13,0.59,7.43
CONCEPT_EXPLAIN,解释金融术语与交易/业务规则,助手语音1k,assistant_voice,94,44,支付宝相关操作查询,2,2.13,0.59,7.43
CONCEPT_EXPLAIN,解释金融术语与交易/业务规则,助手语音1k,assistant_voice,94,43,支付方式使用与设置查询,2,2.13,0.59,7.43
CONCEPT_EXPLAIN,解释金融术语与交易/业务规则,助手语音1k,assistant_voice,94,13,花呗操作查询,2,2.13,0.59,7.43
CONCEPT_EXPLAIN,解释金融术语与交易/业务规则,助手语音1k,assistant_voice,94,15,查询借款平台正规性,1,1.06,0.19,5.78
CONCEPT_EXPLAIN,解释金融术语与交易/业务规则,助手语音1k,assistant_voice,94,28,股指行情查询,1,1.06,0.19,5.78
CONCEPT_EXPLAIN,解释金融术语与交易/业务规则,助手语音1k,assistant_voice,94,36,人民币及货币信息查询,1,1.06,0.19,5.78
CONCEPT_EXPLAIN,解释金融术语与交易/业务规则,助手语音1k,assistant_voice,94,8,查询贷款信息,1,1.06,0.19,5.78
CONCEPT_EXPLAIN,解释金融术语与交易/业务规则,助手语音1k,assistant_voice,94,22,查询科技股与科创板信息,1,1.06,0.19,5.78
CONCEPT_EXPLAIN,解释金融术语与交易/业务规则,助手语音1k,assistant_voice,94,25,查询股票信息,1,1.06,0.19,5.78
CONCEPT_EXPLAIN,解释金融术语与交易/业务规则,助手语音1k,assistant_voice,94,54,建设银行网点与服务查询,1,1.06,0.19,5.78
CONCEPT_EXPLAIN,解释金融术语与交易/业务规则,助手语音1k,assistant_voice,94,65,计算存贷款利息,1,1.06,0.19,5.78
CONCEPT_EXPLAIN,解释金融术语与交易/业务规则,助手语音1k,assistant_voice,94,14,个人征信报告查询与影响咨询,1,1.06,0.19,5.78
OTHER_INTENT,其他非金融意图或无明确意图,助手语音1k,assistant_voice,76,29,蚂蚁庄园今日答案查询,12,15.79,9.27,25.6
OTHER_INTENT,其他非金融意图或无明确意图,助手语音1k,assistant_voice,76,49,银行信息查询,6,7.89,3.67,16.17
OTHER_INTENT,其他非金融意图或无明确意图,助手语音1k,assistant_voice,76,71,查询价格与金额,5,6.58,2.84,14.49
OTHER_INTENT,其他非金融意图或无明确意图,助手语音1k,assistant_voice,76,19,车险购买与理赔咨询,5,6.58,2.84,14.49
OTHER_INTENT,其他非金融意图或无明确意图,助手语音1k,assistant_voice,76,36,人民币及货币信息查询,4,5.26,2.07,12.77
OTHER_INTENT,其他非金融意图或无明确意图,助手语音1k,assistant_voice,76,48,银行卡业务查询与办理指导,4,5.26,2.07,12.77
OTHER_INTENT,其他非金融意图或无明确意图,助手语音1k,assistant_voice,76,47,查询办理信用卡业务,3,3.95,1.35,10.97
OTHER_INTENT,其他非金融意图或无明确意图,助手语音1k,assistant_voice,76,10,查询转账与账户业务可行性,3,3.95,1.35,10.97
OTHER_INTENT,其他非金融意图或无明确意图,助手语音1k,assistant_voice,76,72,金融代码查询,3,3.95,1.35,10.97
OTHER_INTENT,其他非金融意图或无明确意图,助手语音1k,assistant_voice,76,31,查询财经门户与市场行情,3,3.95,1.35,10.97
OTHER_INTENT,其他非金融意图或无明确意图,助手语音1k,assistant_voice,76,12,金融业务操作与问题处理方法查询,2,2.63,0.72,9.1
OTHER_INTENT,其他非金融意图或无明确意图,助手语音1k,assistant_voice,76,11,查询金融术语含义,2,2.63,0.72,9.1
OTHER_INTENT,其他非金融意图或无明确意图,助手语音1k,assistant_voice,76,30,股票行情与选股建议查询,2,2.63,0.72,9.1
OTHER_INTENT,其他非金融意图或无明确意图,助手语音1k,assistant_voice,76,54,建设银行网点与服务查询,2,2.63,0.72,9.1
OTHER_INTENT,其他非金融意图或无明确意图,助手语音1k,assistant_voice,76,16,查询人寿保险相关业务信息,2,2.63,0.72,9.1
OTHER_INTENT,其他非金融意图或无明确意图,助手语音1k,assistant_voice,76,17,查询保险公司信息,2,2.63,0.72,9.1
OTHER_INTENT,其他非金融意图或无明确意图,助手语音1k,assistant_voice,76,25,查询股票信息,2,2.63,0.72,9.1
OTHER_INTENT,其他非金融意图或无明确意图,助手语音1k,assistant_voice,76,44,支付宝相关操作查询,2,2.63,0.72,9.1
OTHER_INTENT,其他非金融意图或无明确意图,助手语音1k,assistant_voice,76,15,查询借款平台正规性,1,1.32,0.23,7.08
OTHER_INTENT,其他非金融意图或无明确意图,助手语音1k,assistant_voice,76,43,支付方式使用与设置查询,1,1.32,0.23,7.08
OTHER_INTENT,其他非金融意图或无明确意图,助手语音1k,assistant_voice,76,50,农业银行及农村信用社服务信息查询,1,1.32,0.23,7.08
OTHER_INTENT,其他非金融意图或无明确意图,助手语音1k,assistant_voice,76,60,市场价格行情查询,1,1.32,0.23,7.08
OTHER_INTENT,其他非金融意图或无明确意图,助手语音1k,assistant_voice,76,53,中国银行服务信息查询,1,1.32,0.23,7.08
OTHER_INTENT,其他非金融意图或无明确意图,助手语音1k,assistant_voice,76,13,花呗操作查询,1,1.32,0.23,7.08
OTHER_INTENT,其他非金融意图或无明确意图,助手语音1k,assistant_voice,76,70,查询定期存款利率,1,1.32,0.23,7.08
OTHER_INTENT,其他非金融意图或无明确意图,助手语音1k,assistant_voice,76,8,查询贷款信息,1,1.32,0.23,7.08
OTHER_INTENT,其他非金融意图或无明确意图,助手语音1k,assistant_voice,76,66,金融行情数据查询,1,1.32,0.23,7.08
OTHER_INTENT,其他非金融意图或无明确意图,助手语音1k,assistant_voice,76,1,查询300开头股票代码与行情,1,1.32,0.23,7.08
OTHER_INTENT,其他非金融意图或无明确意图,助手语音1k,assistant_voice,76,18,查询保险相关业务,1,1.32,0.23,7.08
OTHER_INTENT,其他非金融意图或无明确意图,助手语音1k,assistant_voice,76,35,货币兑换金额换算查询,1,1.32,0.23,7.08
CONTACT_BRANCH_LOOKUP,查询机构联系方式、网点信息及号码归属,助手语音1k,assistant_voice,75,49,银行信息查询,19,25.33,16.86,36.21
CONTACT_BRANCH_LOOKUP,查询机构联系方式、网点信息及号码归属,助手语音1k,assistant_voice,75,55,银行客服电话查询,15,20.0,12.51,30.41
CONTACT_BRANCH_LOOKUP,查询机构联系方式、网点信息及号码归属,助手语音1k,assistant_voice,75,50,农业银行及农村信用社服务信息查询,12,16.0,9.4,25.92
CONTACT_BRANCH_LOOKUP,查询机构联系方式、网点信息及号码归属,助手语音1k,assistant_voice,75,53,中国银行服务信息查询,7,9.33,4.59,18.03
CONTACT_BRANCH_LOOKUP,查询机构联系方式、网点信息及号码归属,助手语音1k,assistant_voice,75,54,建设银行网点与服务查询,7,9.33,4.59,18.03
CONTACT_BRANCH_LOOKUP,查询机构联系方式、网点信息及号码归属,助手语音1k,assistant_voice,75,3,查询电话号码归属,4,5.33,2.09,12.93
CONTACT_BRANCH_LOOKUP,查询机构联系方式、网点信息及号码归属,助手语音1k,assistant_voice,75,17,查询保险公司信息,3,4.0,1.37,11.11
CONTACT_BRANCH_LOOKUP,查询机构联系方式、网点信息及号码归属,助手语音1k,assistant_voice,75,16,查询人寿保险相关业务信息,2,2.67,0.73,9.21
CONTACT_BRANCH_LOOKUP,查询机构联系方式、网点信息及号码归属,助手语音1k,assistant_voice,75,47,查询办理信用卡业务,2,2.67,0.73,9.21
CONTACT_BRANCH_LOOKUP,查询机构联系方式、网点信息及号码归属,助手语音1k,assistant_voice,75,21,保险公司电话查询,1,1.33,0.24,7.17
CONTACT_BRANCH_LOOKUP,查询机构联系方式、网点信息及号码归属,助手语音1k,assistant_voice,75,72,金融代码查询,1,1.33,0.24,7.17
CONTACT_BRANCH_LOOKUP,查询机构联系方式、网点信息及号码归属,助手语音1k,assistant_voice,75,44,支付宝相关操作查询,1,1.33,0.24,7.17
CONTACT_BRANCH_LOOKUP,查询机构联系方式、网点信息及号码归属,助手语音1k,assistant_voice,75,64,查询金融业务数值与代码,1,1.33,0.24,7.17
RATE_CALC,查询利率、费率、限额并试算利息/还款,助手语音1k,assistant_voice,74,65,计算存贷款利息,16,21.62,13.77,32.27
RATE_CALC,查询利率、费率、限额并试算利息/还款,助手语音1k,assistant_voice,74,67,贷款月供计算,9,12.16,6.53,21.53
RATE_CALC,查询利率、费率、限额并试算利息/还款,助手语音1k,assistant_voice,74,64,查询金融业务数值与代码,6,8.11,3.77,16.58
RATE_CALC,查询利率、费率、限额并试算利息/还款,助手语音1k,assistant_voice,74,70,查询定期存款利率,6,8.11,3.77,16.58
RATE_CALC,查询利率、费率、限额并试算利息/还款,助手语音1k,assistant_voice,74,66,金融行情数据查询,4,5.41,2.12,13.09
RATE_CALC,查询利率、费率、限额并试算利息/还款,助手语音1k,assistant_voice,74,71,查询价格与金额,4,5.41,2.12,13.09
RATE_CALC,查询利率、费率、限额并试算利息/还款,助手语音1k,assistant_voice,74,8,查询贷款信息,3,4.05,1.39,11.25
RATE_CALC,查询利率、费率、限额并试算利息/还款,助手语音1k,assistant_voice,74,10,查询转账与账户业务可行性,3,4.05,1.39,11.25
RATE_CALC,查询利率、费率、限额并试算利息/还款,助手语音1k,assistant_voice,74,50,农业银行及农村信用社服务信息查询,2,2.7,0.74,9.33
RATE_CALC,查询利率、费率、限额并试算利息/还款,助手语音1k,assistant_voice,74,48,银行卡业务查询与办理指导,2,2.7,0.74,9.33
RATE_CALC,查询利率、费率、限额并试算利息/还款,助手语音1k,assistant_voice,74,53,中国银行服务信息查询,2,2.7,0.74,9.33
RATE_CALC,查询利率、费率、限额并试算利息/还款,助手语音1k,assistant_voice,74,47,查询办理信用卡业务,2,2.7,0.74,9.33
RATE_CALC,查询利率、费率、限额并试算利息/还款,助手语音1k,assistant_voice,74,68,利率查询与计算,2,2.7,0.74,9.33
RATE_CALC,查询利率、费率、限额并试算利息/还款,助手语音1k,assistant_voice,74,49,银行信息查询,2,2.7,0.74,9.33
RATE_CALC,查询利率、费率、限额并试算利息/还款,助手语音1k,assistant_voice,74,18,查询保险相关业务,2,2.7,0.74,9.33
RATE_CALC,查询利率、费率、限额并试算利息/还款,助手语音1k,assistant_voice,74,30,股票行情与选股建议查询,1,1.35,0.24,7.27
RATE_CALC,查询利率、费率、限额并试算利息/还款,助手语音1k,assistant_voice,74,17,查询保险公司信息,1,1.35,0.24,7.27
RATE_CALC,查询利率、费率、限额并试算利息/还款,助手语音1k,assistant_voice,74,19,车险购买与理赔咨询,1,1.35,0.24,7.27
RATE_CALC,查询利率、费率、限额并试算利息/还款,助手语音1k,assistant_voice,74,73,证券代码信息查询,1,1.35,0.24,7.27
RATE_CALC,查询利率、费率、限额并试算利息/还款,助手语音1k,assistant_voice,74,32,证券股票信息查询,1,1.35,0.24,7.27
RATE_CALC,查询利率、费率、限额并试算利息/还款,助手语音1k,assistant_voice,74,35,货币兑换金额换算查询,1,1.35,0.24,7.27
RATE_CALC,查询利率、费率、限额并试算利息/还款,助手语音1k,assistant_voice,74,14,个人征信报告查询与影响咨询,1,1.35,0.24,7.27
RATE_CALC,查询利率、费率、限额并试算利息/还款,助手语音1k,assistant_voice,74,20,查询交强险保费、赔偿与投保规定,1,1.35,0.24,7.27
RATE_CALC,查询利率、费率、限额并试算利息/还款,助手语音1k,assistant_voice,74,9,贷款提前还款查询,1,1.35,0.24,7.27
INVEST_ADVICE,请求个股买卖持有决策与涨跌预测,助手语音1k,assistant_voice,52,30,股票行情与选股建议查询,24,46.15,33.34,59.5
INVEST_ADVICE,请求个股买卖持有决策与涨跌预测,助手语音1k,assistant_voice,52,66,金融行情数据查询,6,11.54,5.4,22.97
INVEST_ADVICE,请求个股买卖持有决策与涨跌预测,助手语音1k,assistant_voice,52,64,查询金融业务数值与代码,4,7.69,3.03,18.17
INVEST_ADVICE,请求个股买卖持有决策与涨跌预测,助手语音1k,assistant_voice,52,25,查询股票信息,3,5.77,1.98,15.64
INVEST_ADVICE,请求个股买卖持有决策与涨跌预测,助手语音1k,assistant_voice,52,17,查询保险公司信息,3,5.77,1.98,15.64
INVEST_ADVICE,请求个股买卖持有决策与涨跌预测,助手语音1k,assistant_voice,52,63,查询价格走势图,3,5.77,1.98,15.64
INVEST_ADVICE,请求个股买卖持有决策与涨跌预测,助手语音1k,assistant_voice,52,22,查询科技股与科创板信息,2,3.85,1.06,12.98
INVEST_ADVICE,请求个股买卖持有决策与涨跌预测,助手语音1k,assistant_voice,52,45,查询股份公司及股票信息,2,3.85,1.06,12.98
INVEST_ADVICE,请求个股买卖持有决策与涨跌预测,助手语音1k,assistant_voice,52,58,查询黄金价格,2,3.85,1.06,12.98
INVEST_ADVICE,请求个股买卖持有决策与涨跌预测,助手语音1k,assistant_voice,52,18,查询保险相关业务,1,1.92,0.34,10.12
INVEST_ADVICE,请求个股买卖持有决策与涨跌预测,助手语音1k,assistant_voice,52,32,证券股票信息查询,1,1.92,0.34,10.12
INVEST_ADVICE,请求个股买卖持有决策与涨跌预测,助手语音1k,assistant_voice,52,23,科技类股票信息查询,1,1.92,0.34,10.12
TXN_ISSUE,排查账户与交易异常,助手语音1k,assistant_voice,41,48,银行卡业务查询与办理指导,7,17.07,8.53,31.26
TXN_ISSUE,排查账户与交易异常,助手语音1k,assistant_voice,41,43,支付方式使用与设置查询,5,12.2,5.32,25.54
TXN_ISSUE,排查账户与交易异常,助手语音1k,assistant_voice,41,12,金融业务操作与问题处理方法查询,4,9.76,3.86,22.55
TXN_ISSUE,排查账户与交易异常,助手语音1k,assistant_voice,41,10,查询转账与账户业务可行性,3,7.32,2.52,19.43
TXN_ISSUE,排查账户与交易异常,助手语音1k,assistant_voice,41,67,贷款月供计算,3,7.32,2.52,19.43
TXN_ISSUE,排查账户与交易异常,助手语音1k,assistant_voice,41,53,中国银行服务信息查询,3,7.32,2.52,19.43
TXN_ISSUE,排查账户与交易异常,助手语音1k,assistant_voice,41,8,查询贷款信息,3,7.32,2.52,19.43
TXN_ISSUE,排查账户与交易异常,助手语音1k,assistant_voice,41,44,支付宝相关操作查询,2,4.88,1.35,16.14
TXN_ISSUE,排查账户与交易异常,助手语音1k,assistant_voice,41,52,下载安装金融类App,2,4.88,1.35,16.14
TXN_ISSUE,排查账户与交易异常,助手语音1k,assistant_voice,41,70,查询定期存款利率,2,4.88,1.35,16.14
TXN_ISSUE,排查账户与交易异常,助手语音1k,assistant_voice,41,9,贷款提前还款查询,1,2.44,0.43,12.6
TXN_ISSUE,排查账户与交易异常,助手语音1k,assistant_voice,41,71,查询价格与金额,1,2.44,0.43,12.6
TXN_ISSUE,排查账户与交易异常,助手语音1k,assistant_voice,41,11,查询金融术语含义,1,2.44,0.43,12.6
TXN_ISSUE,排查账户与交易异常,助手语音1k,assistant_voice,41,49,银行信息查询,1,2.44,0.43,12.6
TXN_ISSUE,排查账户与交易异常,助手语音1k,assistant_voice,41,19,车险购买与理赔咨询,1,2.44,0.43,12.6
TXN_ISSUE,排查账户与交易异常,助手语音1k,assistant_voice,41,62,查询金价,1,2.44,0.43,12.6
TXN_ISSUE,排查账户与交易异常,助手语音1k,assistant_voice,41,50,农业银行及农村信用社服务信息查询,1,2.44,0.43,12.6
COMPARISON_DECISION,比较两个金融对象并给出取舍,助手语音1k,assistant_voice,12,10,查询转账与账户业务可行性,4,33.33,13.81,60.94
COMPARISON_DECISION,比较两个金融对象并给出取舍,助手语音1k,assistant_voice,12,20,查询交强险保费、赔偿与投保规定,2,16.67,4.7,44.8
COMPARISON_DECISION,比较两个金融对象并给出取舍,助手语音1k,assistant_voice,12,70,查询定期存款利率,2,16.67,4.7,44.8
COMPARISON_DECISION,比较两个金融对象并给出取舍,助手语音1k,assistant_voice,12,44,支付宝相关操作查询,1,8.33,1.49,35.39
COMPARISON_DECISION,比较两个金融对象并给出取舍,助手语音1k,assistant_voice,12,65,计算存贷款利息,1,8.33,1.49,35.39
COMPARISON_DECISION,比较两个金融对象并给出取舍,助手语音1k,assistant_voice,12,7,基金净值查询,1,8.33,1.49,35.39
COMPARISON_DECISION,比较两个金融对象并给出取舍,助手语音1k,assistant_voice,12,28,股指行情查询,1,8.33,1.49,35.39
MARKET_MOVEMENT_EXPLAIN,解释已发生市场现象的原因,助手语音1k,assistant_voice,9,30,股票行情与选股建议查询,5,55.56,26.66,81.12
MARKET_MOVEMENT_EXPLAIN,解释已发生市场现象的原因,助手语音1k,assistant_voice,9,27,查询市场行情,2,22.22,6.32,54.74
MARKET_MOVEMENT_EXPLAIN,解释已发生市场现象的原因,助手语音1k,assistant_voice,9,53,中国银行服务信息查询,1,11.11,1.99,43.5
MARKET_MOVEMENT_EXPLAIN,解释已发生市场现象的原因,助手语音1k,assistant_voice,9,60,市场价格行情查询,1,11.11,1.99,43.5
PAGE_NAV,打开目标页面或获取官方应用入口,助手语音1k,assistant_voice,16,24,证券股吧查询,7,43.75,23.1,66.82
PAGE_NAV,打开目标页面或获取官方应用入口,助手语音1k,assistant_voice,16,44,支付宝相关操作查询,2,12.5,3.5,36.02
PAGE_NAV,打开目标页面或获取官方应用入口,助手语音1k,assistant_voice,16,26,查询个股股票行情与股吧讨论,2,12.5,3.5,36.02
PAGE_NAV,打开目标页面或获取官方应用入口,助手语音1k,assistant_voice,16,8,查询贷款信息,2,12.5,3.5,36.02
PAGE_NAV,打开目标页面或获取官方应用入口,助手语音1k,assistant_voice,16,1,查询300开头股票代码与行情,1,6.25,1.11,28.33
PAGE_NAV,打开目标页面或获取官方应用入口,助手语音1k,assistant_voice,16,52,下载安装金融类App,1,6.25,1.11,28.33
PAGE_NAV,打开目标页面或获取官方应用入口,助手语音1k,assistant_voice,16,7,基金净值查询,1,6.25,1.11,28.33
ENTITY_VERIFY,核验机构平台与金融信息来源的真伪资质,助手语音1k,assistant_voice,5,10,查询转账与账户业务可行性,2,40.0,11.76,76.93
ENTITY_VERIFY,核验机构平台与金融信息来源的真伪资质,助手语音1k,assistant_voice,5,8,查询贷款信息,1,20.0,3.62,62.45
ENTITY_VERIFY,核验机构平台与金融信息来源的真伪资质,助手语音1k,assistant_voice,5,15,查询借款平台正规性,1,20.0,3.62,62.45
ENTITY_VERIFY,核验机构平台与金融信息来源的真伪资质,助手语音1k,assistant_voice,5,44,支付宝相关操作查询,1,20.0,3.62,62.45
SEEK_CREDIT_WORKAROUND,寻找绕征信借款或评估征信修复,助手语音1k,assistant_voice,1,15,查询借款平台正规性,1,100.0,20.65,100.0
DEBT_DISTRESS,处理逾期催收与还款困境,助手语音1k,assistant_voice,1,14,个人征信报告查询与影响咨询,1,100.0,20.65,100.0
