domain,surface,query,pv,rank,user_rank,tier,own_run,own_code,own_intent,own_leaf,l2,u_ds,p_ds,sim,nn_query,nn_rank,nn_pv,u_nn
教育,assistant_top1k,价格,24821.0,,,user,ai04,NON_INTENT_FRAGMENT_UNDERSPECIFIED_INPUT,残缺或不可独立解释输入,查询价格费用,K12,U13,0,0.80035424,price,6015,681,U13
教育,assistant_top1k,我,24102.0,,,user,ai04,NON_INTENT_FRAGMENT_UNDERSPECIFIED_INPUT,残缺或不可独立解释输入,归集含“我”字杂项查询,K12,U13,0,1.0000002,我,132,10611,U13
教育,assistant_top1k,答案,19353.0,,,user,ai04,NON_INTENT_FRAGMENT_UNDERSPECIFIED_INPUT,残缺或不可独立解释输入,直接给出答案,K12,U13,0,0.7937138,答题,8524,531,
教育,assistant_top1k,这是谁,13558.0,,,user,ai04,NON_INTENT_FRAGMENT_UNDERSPECIFIED_INPUT,残缺或不可独立解释输入,人物身份查询,K12,U13,0,0.79415303,谁,5866,693,
教育,assistant_top1k,你,11103.0,,,user,ai04,NON_INTENT_FRAGMENT_UNDERSPECIFIED_INPUT,残缺或不可独立解释输入,识别日常口语片段并应答,K12,U13,0,0.83984834,you,6135,672,U13
教育,assistant_top1k,怎么读,10383.0,,,user,ai04,EXPLAIN_OR_IDENTIFY,解释含义或识别指称,查询字词翻译与语言知识,K12,U13,0,0.78918976,赟怎么读,1330,2212,U03
教育,assistant_top1k,这个,10162.0,,,user,ai04,NON_INTENT_FRAGMENT_UNDERSPECIFIED_INPUT,残缺或不可独立解释输入,识别日常口语片段并应答,K12,U13,0,1.0000001,这个,2305,1366,
教育,assistant_top1k,拼音,9099.0,,,user,ai04,NON_INTENT_FRAGMENT_UNDERSPECIFIED_INPUT,残缺或不可独立解释输入,查询字词翻译与语言知识,K12,U01,0,1.0000001,拼音,2876,1143,
教育,assistant_top1k,怎么写,7938.0,,,user,ai04,GENERATE_OR_REVISE_TEXT,生成或改写文本,操作与制作方法查询,K12,U13,0,0.68804425,日记怎么写,9765,485,
教育,assistant_top1k,换,6455.0,,,user,ai04,NON_INTENT_FRAGMENT_UNDERSPECIFIED_INPUT,残缺或不可独立解释输入,继续或重新生成内容,K12,U11,0,0.65163547,还,5925,689,
教育,assistant_top1k,组词,5829.0,,,user,ai04,GENERATE_OR_REVISE_TEXT,生成或改写文本,查询字词翻译与语言知识,K12,U01,0,0.85685605,造组词,9437,497,U08
教育,assistant_top1k,一,5134.0,,,user,ai04,NON_INTENT_FRAGMENT_UNDERSPECIFIED_INPUT,残缺或不可独立解释输入,短词查询,K12,U13,0,1.0000006,一,341,6405,U13
教育,assistant_top1k,有,4597.0,,,user,ai04,NON_INTENT_FRAGMENT_UNDERSPECIFIED_INPUT,残缺或不可独立解释输入,识别日常口语片段并应答,K12,U11,0,1.0000005,有,2729,1191,
教育,assistant_top1k,批注,4007.0,,,user,ai04,NON_INTENT_FRAGMENT_UNDERSPECIFIED_INPUT,残缺或不可独立解释输入,整理生成表格与总结,K12,U02,0,0.65976834,批改网,4514,833,U01
教育,assistant_top1k,怎么读？,3958.0,,,user,ai04,EXPLAIN_OR_IDENTIFY,解释含义或识别指称,查询字词翻译与语言知识,K12,U13,0,0.7588012,赟怎么读,1330,2212,U03
教育,assistant_top1k,那个,3838.0,,,user,ai04,NON_INTENT_FRAGMENT_UNDERSPECIFIED_INPUT,残缺或不可独立解释输入,识别日常口语片段并应答,K12,U13,0,0.86559045,那,4150,882,
教育,assistant_top1k,简写,3733.0,,,user,ai04,CORRECT_OR_ADJUST_PREVIOUS_OUTPUT,修改上一轮输出,文本缩短请求,K12,U02,0,0.72206247,简笔画,1191,2447,
教育,assistant_top1k,解答,3711.0,,,user,ai04,NON_INTENT_FRAGMENT_UNDERSPECIFIED_INPUT,残缺或不可独立解释输入,直接给出答案,K12,U13,0,0.78404355,答题,8524,531,
教育,assistant_top1k,怎么写？,3605.0,,,user,ai04,GENERATE_OR_REVISE_TEXT,生成或改写文本,操作与制作方法查询,K12,U13,0,0.64436,日记怎么写,9765,485,
教育,assistant_top1k,简化,3604.0,,,user,ai04,CORRECT_OR_ADJUST_PREVIOUS_OUTPUT,修改上一轮输出,文本缩短请求,K12,U11,0,0.70686454,simple,4204,873,U02
教育,assistant_top1k,缩短,3549.0,,,user,ai04,CORRECT_OR_ADJUST_PREVIOUS_OUTPUT,修改上一轮输出,文本缩短请求,K12,U02,0,0.6305063,short,2423,1309,
教育,assistant_top1k,人生感悟的句子,3461.0,,,user,ai04,GENERATE_OR_REVISE_TEXT,生成或改写文本,短句文案查询,K12,U08,0,0.7091882,励志的句子经典语句,2440,1300,U08
教育,assistant_top1k,不要,3420.0,,,user,ai04,NON_INTENT_SOCIAL_OR_EMOTIONAL_TURN,无内容社交与情绪表达轮,检索极短通用词,K12,U13,0,0.77463573,要,5907,690,
教育,assistant_top1k,读音,3389.0,,,user,ai04,EXPLAIN_OR_IDENTIFY,解释含义或识别指称,查询字词翻译与语言知识,K12,U13,0,0.77270025,凫的读音,4581,822,U03
教育,assistant_top1k,不知道,3208.0,,,user,ai04,NON_INTENT_SOCIAL_OR_EMOTIONAL_TURN,无内容社交与情绪表达轮,确认性问题解答,K12,U13,0,0.62048995,无,4930,782,
教育,assistant_top1k,脱式计算,3189.0,,,user,ai04,EXPLAIN_OR_IDENTIFY,解释含义或识别指称,直接给出答案,K12,U02,0,0.90392643,脱式计算什么意思,4903,785,U04
教育,assistant_top1k,简洁,3134.0,,,user,ai04,CORRECT_OR_ADJUST_PREVIOUS_OUTPUT,修改上一轮输出,文本缩短请求,K12,U11,0,0.78949964,simple,4204,873,U02
教育,assistant_top1k,简单,3026.0,,,user,ai04,NON_INTENT_FRAGMENT_UNDERSPECIFIED_INPUT,残缺或不可独立解释输入,文本缩短请求,K12,U13,0,0.80756414,simple,4204,873,U02
教育,assistant_top1k,作文,2984.0,,,user,ai04,GENERATE_OR_REVISE_TEXT,生成或改写文本,生成与修改作文类文本,K12,U02,0,0.9999998,作文,1424,2064,
教育,assistant_top1k,妈妈,2979.0,,,user,ai04,NON_INTENT_FRAGMENT_UNDERSPECIFIED_INPUT,残缺或不可独立解释输入,短词查询,K12,U02,0,0.68456626,阿姨,7117,605,
教育,assistant_top1k,为什么？,2874.0,,,user,ai04,NON_INTENT_SOCIAL_OR_EMOTIONAL_TURN,无内容社交与情绪表达轮,确认性问题解答,K12,U13,0,0.9123278,为什么,1462,2004,
教育,assistant_top1k,不,2851.0,,,user,ai04,NON_INTENT_SOCIAL_OR_EMOTIONAL_TURN,无内容社交与情绪表达轮,确认性问题解答,K12,U13,0,0.9999999,不,1924,1581,
教育,assistant_top1k,裸,2787.0,,,user,ai04,ADULT_OR_VIOLENT_CONTENT_REQUEST,索取或生成成人、色情或暴力内容,查询双腿张开姿势,K12,U13,0,0.9999999,裸,8485,532,
教育,assistant_top1k,竖式计算,2667.0,,,user,ai04,EXPLAIN_OR_IDENTIFY,解释含义或识别指称,直接给出答案,K12,U02,0,0.58567816,毛利率计算公式,2247,1390,
教育,assistant_top1k,不行,2568.0,,,user,ai04,NON_INTENT_SOCIAL_OR_EMOTIONAL_TURN,无内容社交与情绪表达轮,确认性问题解答,K12,U13,0,0.77070576,不,1924,1581,
教育,assistant_top1k,涂色,2541.0,,,user,ai04,TOOL_PANEL_SINGLE_STEP_COMMAND,工具面板单步操作指令,按描述生成图片与Logo设计,K12,U01,0,0.72957504,色,1090,2701,
教育,assistant_top1k,读后感,2525.0,,,user,ai04,GENERATE_OR_REVISE_TEXT,生成或改写文本,生成与修改作文类文本,K12,U02,0,0.60073304,阿嬷的情书观后感,5152,759,
教育,assistant_top1k,上色,2415.0,,,user,ai04,TOOL_PANEL_SINGLE_STEP_COMMAND,工具面板单步操作指令,图片视频修改生成,K12,U13,0,0.74304146,色,1090,2701,
教育,assistant_top1k,那,2346.0,,,user,ai04,NON_INTENT_FRAGMENT_UNDERSPECIFIED_INPUT,残缺或不可独立解释输入,识别日常口语片段并应答,K12,U13,0,1.0000004,那,4150,882,
教育,assistant_top1k,为什么,2298.0,,,user,ai04,EXPLAIN_OR_IDENTIFY,解释含义或识别指称,查询事物或词语的含义与说明,K12,U13,0,1.0,为什么,1462,2004,
教育,assistant_top1k,打一生肖,2272.0,,,user,ai04,FORTUNE_DREAM_DIVINATION,命理解梦与占卜,命理测算与运势查询,K12,U13,0,0.7955607,万户诸侯打一生肖,1027,2874,
教育,assistant_top1k,解答题目,2213.0,,,user,ai04,EXPLAIN_OR_IDENTIFY,解释含义或识别指称,直接给出答案,K12,U13,0,0.81740165,答题,8524,531,
教育,assistant_top1k,简笔画,2086.0,,,user,ai04,EXPLAIN_OR_IDENTIFY,解释含义或识别指称,文本缩短请求,K12,U02,0,1.0000005,简笔画,1191,2447,
教育,assistant_top1k,这,2042.0,,,user,ai04,NON_INTENT_FRAGMENT_UNDERSPECIFIED_INPUT,残缺或不可独立解释输入,识别日常口语片段并应答,K12,U13,0,0.99999976,这,4884,787,
教育,assistant_top1k,少,2028.0,,,user,ai04,NON_INTENT_FRAGMENT_UNDERSPECIFIED_INPUT,残缺或不可独立解释输入,文本缩短请求,K12,U13,0,1.0000001,少,9095,509,
教育,assistant_top1k,短,2016.0,,,user,ai04,NON_INTENT_FRAGMENT_UNDERSPECIFIED_INPUT,残缺或不可独立解释输入,文本缩短请求,K12,U13,0,0.68741333,短的笔顺,3481,991,
教育,assistant_top1k,有没有其他方法解这道题,1998.0,,,user,ai04,GENERAL_HOWTO_GUIDE,通用操作与生活指南,直接给出答案,K12,U13,0,0.515617,0除以任何数都得0对吗,6575,639,
教育,assistant_top1k,来,1986.0,,,user,ai04,NON_INTENT_FRAGMENT_UNDERSPECIFIED_INPUT,残缺或不可独立解释输入,识别日常口语片段并应答,K12,U02,0,1.0000005,来,4356,851,
教育,assistant_top1k,不用方程,1973.0,,,user,ai04,CORRECT_OR_ADJUST_PREVIOUS_OUTPUT,修改上一轮输出,直接给出答案,K12,U11,0,0.52639544,无组词,9880,481,
教育,assistant_top1k,红星照耀中国读后感,1948.0,,,user,ai04,GENERATE_OR_REVISE_TEXT,生成或改写文本,生成与修改作文类文本,K12,U10,0,0.5507912,四渡赤水观后感300字左右,2041,1506,
教育,assistant_top1k,列竖式,1936.0,,,user,ai04,NON_INTENT_FRAGMENT_UNDERSPECIFIED_INPUT,残缺或不可独立解释输入,查询短编号、IP地址及专名,K12,U13,0,0.56309134,竖心旁加斤,7336,592,
教育,assistant_top1k,直接写答案,1897.0,,,user,ai04,CORRECT_OR_ADJUST_PREVIOUS_OUTPUT,修改上一轮输出,直接给出答案,K12,U11,0,0.71098,答题,8524,531,
教育,assistant_top1k,再短,1878.0,,,user,ai04,CORRECT_OR_ADJUST_PREVIOUS_OUTPUT,修改上一轮输出,文本缩短请求,K12,U11,0,0.73853594,再,9079,509,U11
教育,assistant_top1k,的,1874.0,,,user,ai04,NON_INTENT_FRAGMENT_UNDERSPECIFIED_INPUT,残缺或不可独立解释输入,表达同意或确认,K12,U13,0,0.99999964,的,1595,1852,
教育,assistant_top1k,手抄报,1861.0,,,user,ai04,NON_INTENT_FRAGMENT_UNDERSPECIFIED_INPUT,残缺或不可独立解释输入,生成与修改作文类文本,K12,U02,0,0.7369482,建党节手抄报,7583,578,U09
教育,assistant_top1k,好词好句,1849.0,,,user,ai04,GENERATE_OR_REVISE_TEXT,生成或改写文本,短句文案查询,K12,U08,0,0.59638405,好,1026,2875,
教育,assistant_top1k,衣襟分开,1810.0,,,user,ai04,NON_INTENT_FRAGMENT_UNDERSPECIFIED_INPUT,残缺或不可独立解释输入,图片/视频人物衣物移除与内衣替换,K12,U13,0,0.6143818,分,7999,556,U13
教育,assistant_top1k,2,1703.0,,,user,ai04,NON_INTENT_FRAGMENT_UNDERSPECIFIED_INPUT,残缺或不可独立解释输入,查询数字对应信息,K12,U13,0,0.9999997,2,1780,1679,
教育,assistant_top1k,算式,1620.0,,,user,ai04,NON_INTENT_FRAGMENT_UNDERSPECIFIED_INPUT,残缺或不可独立解释输入,直接给出答案,K12,U02,0,0.6290978,平方怎么算,6349,655,U06
教育,assistant_top1k,再来一篇,1588.0,,,user,ai04,CORRECT_OR_ADJUST_PREVIOUS_OUTPUT,修改上一轮输出,继续或重新生成内容,K12,U11,0,0.7525963,再接再厉,6117,673,U02
教育,assistant_top1k,全身,1568.0,,,user,ai04,NON_INTENT_FRAGMENT_UNDERSPECIFIED_INPUT,残缺或不可独立解释输入,短词查询,K12,U02,0,0.7987241,身,5543,720,U02
教育,assistant_top1k,没事,1561.0,,,user,ai04,NON_INTENT_SOCIAL_OR_EMOTIONAL_TURN,无内容社交与情绪表达轮,确认性问题解答,K12,U13,0,0.62638503,事,9197,505,
教育,assistant_top1k,可,1560.0,,,user,ai04,NON_INTENT_FRAGMENT_UNDERSPECIFIED_INPUT,残缺或不可独立解释输入,检索极短通用词,K12,U13,0,0.99999976,可,7114,605,
教育,assistant_top1k,爸爸,1552.0,,,user,ai04,NON_INTENT_FRAGMENT_UNDERSPECIFIED_INPUT,残缺或不可独立解释输入,短词查询,K12,U02,0,0.69127196,爸的笔顺,7210,598,
教育,assistant_top1k,写,1534.0,,,user,ai04,NON_INTENT_FRAGMENT_UNDERSPECIFIED_INPUT,残缺或不可独立解释输入,文本字数查询与控制,K12,U13,0,0.78088725,write,3445,1001,U02
教育,assistant_top1k,3,1499.0,,,user,ai04,NON_INTENT_FRAGMENT_UNDERSPECIFIED_INPUT,残缺或不可独立解释输入,查询数字对应信息,K12,U13,0,1.0000004,3,1404,2085,
教育,assistant_top1k,正面,1486.0,,,user,ai04,NON_INTENT_SOCIAL_OR_EMOTIONAL_TURN,无内容社交与情绪表达轮,表达同意或确认,K12,U13,0,0.70859194,好,1026,2875,
教育,assistant_top1k,孙宇晨小作文,1478.0,,,user,ai04,GENERATE_OR_REVISE_TEXT,生成或改写文本,查询孙宇晨与景甜关系及风波,K12,U09,0,0.5770034,作文,1424,2064,
教育,assistant_top1k,这是什么字,1442.0,,,user,ai04,EXPLAIN_OR_IDENTIFY,解释含义或识别指称,未知事物识别,K12,U13,0,0.61064136,这的笔顺,7409,588,
教育,assistant_top1k,去,1435.0,,,user,ai04,NON_INTENT_FRAGMENT_UNDERSPECIFIED_INPUT,残缺或不可独立解释输入,识别日常口语片段并应答,K12,U13,0,1.0000005,去,3536,981,
教育,assistant_top1k,高清,1423.0,,,user,ai04,NON_INTENT_FRAGMENT_UNDERSPECIFIED_INPUT,残缺或不可独立解释输入,免费影视在线观看查询,K12,U13,0,1.0000002,高清,7169,601,
教育,assistant_top1k,在,1420.0,,,user,ai04,NON_INTENT_FRAGMENT_UNDERSPECIFIED_INPUT,残缺或不可独立解释输入,识别日常口语片段并应答,K12,U13,0,1.0000004,在,2644,1224,
教育,assistant_top1k,开始,1416.0,,,user,ai04,NON_INTENT_FRAGMENT_UNDERSPECIFIED_INPUT,残缺或不可独立解释输入,识别日常口语片段并应答,K12,U13,0,0.85928696,start,2569,1252,U13
教育,assistant_top1k,450字,1408.0,,,user,ai04,NON_INTENT_FRAGMENT_UNDERSPECIFIED_INPUT,残缺或不可独立解释输入,文本字数查询与控制,K12,U11,0,0.5953093,千字文,1971,1556,
教育,assistant_top1k,然后,1406.0,,,user,ai04,NON_INTENT_FRAGMENT_UNDERSPECIFIED_INPUT,残缺或不可独立解释输入,识别日常口语片段并应答,K12,U13,0,0.7530633,然,8262,542,U13
教育,assistant_top1k,重写,1396.0,,,user,ai04,CORRECT_OR_ADJUST_PREVIOUS_OUTPUT,修改上一轮输出,继续或重新生成内容,K12,U13,0,0.651342,write,3445,1001,U02
教育,assistant_top1k,年龄,1365.0,,,user,ai04,NON_INTENT_FRAGMENT_UNDERSPECIFIED_INPUT,残缺或不可独立解释输入,短词查询,K12,U13,0,0.71677595,age,2479,1284,U02
教育,assistant_top1k,意思,1362.0,,,user,ai04,NON_INTENT_FRAGMENT_UNDERSPECIFIED_INPUT,残缺或不可独立解释输入,查询字词翻译与语言知识,K12,U13,0,0.69907,...是什么意思?,3276,1038,U13
教育,assistant_top1k,这道题选什么？,1352.0,,,user,ai04,EXPLAIN_OR_IDENTIFY,解释含义或识别指称,直接给出答案,K12,U13,0,0.519944,答题,8524,531,
教育,assistant_top1k,价值,1347.0,,,user,ai04,NON_INTENT_FRAGMENT_UNDERSPECIFIED_INPUT,残缺或不可独立解释输入,查询价格费用,K12,U02,0,0.70461285,value,4018,902,U02
教育,assistant_top1k,原文,1335.0,,,user,ai04,NON_INTENT_FRAGMENT_UNDERSPECIFIED_INPUT,残缺或不可独立解释输入,查询字词翻译与语言知识,K12,U13,0,0.6653779,三字经原文,2821,1164,
教育,assistant_top1k,80字,1334.0,,,user,ai04,GENERATE_OR_REVISE_TEXT,生成或改写文本,文本字数查询与控制,K12,U11,0,0.5853642,千字文,1971,1556,
教育,assistant_top1k,答案是什么,1302.0,,,user,ai04,EXPLAIN_OR_IDENTIFY,解释含义或识别指称,直接给出答案,K12,U13,0,0.711875,答题,8524,531,
教育,assistant_top1k,走,1296.0,,,user,ai04,NON_INTENT_FRAGMENT_UNDERSPECIFIED_INPUT,残缺或不可独立解释输入,识别日常口语片段并应答,K12,U13,0,1.0,走,8972,513,
教育,assistant_top1k,再少,1286.0,,,user,ai04,CORRECT_OR_ADJUST_PREVIOUS_OUTPUT,修改上一轮输出,文本缩短请求,K12,U11,0,0.75286764,再,9079,509,U11
教育,assistant_top1k,画图,1275.0,,,user,ai04,NON_INTENT_FRAGMENT_UNDERSPECIFIED_INPUT,残缺或不可独立解释输入,按描述生成图片与Logo设计,K12,U01,0,0.7987973,画画,2103,1466,
教育,assistant_top1k,小,1265.0,,,user,ai04,NON_INTENT_FRAGMENT_UNDERSPECIFIED_INPUT,残缺或不可独立解释输入,短词查询,K12,U13,0,0.99999964,小,1629,1815,
教育,assistant_top1k,错,1249.0,,,user,ai04,NON_INTENT_FRAGMENT_UNDERSPECIFIED_INPUT,残缺或不可独立解释输入,确认性问题解答,K12,U13,0,0.68164885,对,2864,1148,
教育,assistant_top1k,哼,1237.0,,,user,ai04,NON_INTENT_SOCIAL_OR_EMOTIONAL_TURN,无内容社交与情绪表达轮,识别日常口语片段并应答,K12,U13,0,0.70357746,嗯,112,11216,U13
教育,assistant_top1k,选择,1228.0,,,user,ai04,NON_INTENT_FRAGMENT_UNDERSPECIFIED_INPUT,残缺或不可独立解释输入,短词查询,K12,U02,0,0.8029295,choose,3898,920,U02
教育,assistant_top1k,我的,1215.0,,,user,ai04,NON_INTENT_FRAGMENT_UNDERSPECIFIED_INPUT,残缺或不可独立解释输入,归集含“我”字杂项查询,K12,U13,0,0.8079045,我,132,10611,U13
教育,assistant_top1k,这首诗的作者是谁,1193.0,,,user,ai04,EXPLAIN_OR_IDENTIFY,解释含义或识别指称,人物身份查询,K12,U13,0,0.52006996,古诗,2476,1284,
教育,assistant_top1k,解题,1192.0,,,user,ai04,NON_INTENT_FRAGMENT_UNDERSPECIFIED_INPUT,残缺或不可独立解释输入,直接给出答案,K12,U13,0,0.79125124,解,6958,615,U13
教育,assistant_top1k,价位,1191.0,,,user,ai04,PRICE_COST_INQUIRY,价格或费用查询,查询价格费用,K12,U13,0,0.75018716,price,6015,681,U13
教育,assistant_top1k,去字,1173.0,,,user,ai04,TOOL_PANEL_SINGLE_STEP_COMMAND,工具面板单步操作指令,去除图片文字与图标,K12,U13,0,0.75943744,去的笔顺,4820,793,U03
教育,assistant_top1k,图,1161.0,,,user,ai04,NON_INTENT_FRAGMENT_UNDERSPECIFIED_INPUT,残缺或不可独立解释输入,查找或生成图片,K12,U13,0,1.0000001,图,8799,520,
教育,assistant_top1k,预习,1157.0,,,user,ai04,NON_INTENT_FRAGMENT_UNDERSPECIFIED_INPUT,残缺或不可独立解释输入,整理生成表格与总结,K12,U13,0,0.6245359,习,5515,723,
教育,assistant_top1k,分析,1145.0,,,user,ai04,NON_INTENT_FRAGMENT_UNDERSPECIFIED_INPUT,残缺或不可独立解释输入,整理生成表格与总结,K12,U13,0,0.71315277,分,7999,556,U13
教育,assistant_top1k,注音,1144.0,,,user,ai04,NON_INTENT_FRAGMENT_UNDERSPECIFIED_INPUT,残缺或不可独立解释输入,查询字词翻译与语言知识,K12,U01,0,0.7222064,音标,2019,1520,
教育,assistant_top1k,看,1124.0,,,user,ai04,NON_INTENT_FRAGMENT_UNDERSPECIFIED_INPUT,残缺或不可独立解释输入,识别日常口语片段并应答,K12,U13,0,0.9999993,看,4870,788,
教育,assistant_top1k,用,1123.0,,,user,ai04,NON_INTENT_FRAGMENT_UNDERSPECIFIED_INPUT,残缺或不可独立解释输入,识别日常口语片段并应答,K12,U13,0,0.9999999,用,4143,883,
教育,assistant_top1k,三,1121.0,,,user,ai04,NON_INTENT_FRAGMENT_UNDERSPECIFIED_INPUT,残缺或不可独立解释输入,短词查询,K12,U13,0,1.0,三,2616,1237,
教育,assistant_top1k,打分,1106.0,,,user,ai04,NON_INTENT_FRAGMENT_UNDERSPECIFIED_INPUT,残缺或不可独立解释输入,整理生成表格与总结,K12,U13,0,0.700967,打,4844,790,
教育,assistant_top1k,他,1103.0,,,user,ai04,NON_INTENT_FRAGMENT_UNDERSPECIFIED_INPUT,残缺或不可独立解释输入,短词查询,K12,U13,0,0.99999964,他,6002,682,
教育,assistant_top1k,这道题,1064.0,,,user,ai04,NON_INTENT_FRAGMENT_UNDERSPECIFIED_INPUT,残缺或不可独立解释输入,直接给出答案,K12,U13,0,0.6397934,答题,8524,531,
教育,assistant_top1k,看图写话,1051.0,,,user,ai04,GENERATE_OR_REVISE_TEXT,生成或改写文本,查找或生成图片,K12,U10,0,0.6401375,图,8799,520,
教育,assistant_top1k,红岩读后感,1048.0,,,user,ai04,GENERATE_OR_REVISE_TEXT,生成或改写文本,生成与修改作文类文本,K12,U09,0,0.53142184,观书有感 朱熹,4332,853,
教育,assistant_top1k,简便,1045.0,,,user,ai04,NON_INTENT_FRAGMENT_UNDERSPECIFIED_INPUT,残缺或不可独立解释输入,文本缩短请求,K12,U13,0,0.7947483,simple,4204,873,U02
教育,assistant_top1k,减少,1034.0,,,user,ai04,CORRECT_OR_ADJUST_PREVIOUS_OUTPUT,修改上一轮输出,文本缩短请求,K12,U13,0,0.7139576,少,9095,509,
教育,assistant_top1k,第二题,1029.0,,,user,ai04,NON_INTENT_FRAGMENT_UNDERSPECIFIED_INPUT,残缺或不可独立解释输入,直接给出答案,K12,U13,0,0.720801,二,3263,1041,
教育,assistant_top1k,人,1028.0,,,user,ai04,NON_INTENT_FRAGMENT_UNDERSPECIFIED_INPUT,残缺或不可独立解释输入,短词查询,K12,U13,0,0.9999998,人,1370,2142,
教育,assistant_top1k,这道题的正确答案是什么,1027.0,,,user,ai04,EXPLAIN_OR_IDENTIFY,解释含义或识别指称,直接给出答案,K12,U13,0,0.5766267,答题,8524,531,
教育,assistant_top1k,过程,1024.0,,,user,ai04,NON_INTENT_FRAGMENT_UNDERSPECIFIED_INPUT,残缺或不可独立解释输入,整理生成表格与总结,K12,U13,0,0.72190446,process,2719,1196,U13
教育,assistant_top1k,功效,1006.0,,,user,ai04,EXPLAIN_OR_IDENTIFY,解释含义或识别指称,功效与作用查询,K12,U02,0,0.5155533,effect,3951,913,
教育,assistant_top1k,一句话,999.0,,,user,ai04,NON_INTENT_FRAGMENT_UNDERSPECIFIED_INPUT,残缺或不可独立解释输入,短句文案查询,K12,U13,0,0.6476926,......是什么符号算一句话吗,3799,938,
教育,assistant_top1k,背面,998.0,,,user,ai04,NON_INTENT_FRAGMENT_UNDERSPECIFIED_INPUT,残缺或不可独立解释输入,短词查询,K12,U02,0,0.5984732,face,5123,762,
教育,assistant_top1k,精简,993.0,,,user,ai04,CORRECT_OR_ADJUST_PREVIOUS_OUTPUT,修改上一轮输出,文本缩短请求,K12,U11,0,0.7162606,simple,4204,873,U02
教育,assistant_top1k,6,982.0,,,user,ai04,NON_INTENT_FRAGMENT_UNDERSPECIFIED_INPUT,残缺或不可独立解释输入,查询数字对应信息,K12,U13,0,1.0,6,2244,1392,
教育,assistant_top1k,缩写,976.0,,,user,ai04,EXPLAIN_OR_IDENTIFY,解释含义或识别指称,查询字词翻译与语言知识,K12,U02,0,0.61836994,7月英文缩写,3399,1010,
教育,assistant_top1k,二,971.0,,,user,ai04,NON_INTENT_FRAGMENT_UNDERSPECIFIED_INPUT,残缺或不可独立解释输入,短词查询,K12,U13,0,0.99999976,二,3263,1041,
教育,assistant_top1k,快,971.0,,,user,ai04,NON_INTENT_FRAGMENT_UNDERSPECIFIED_INPUT,残缺或不可独立解释输入,识别日常口语片段并应答,K12,U13,0,0.99999994,快,4913,783,
教育,assistant_top1k,岳阳楼记,963.0,,,user,ai04,NON_INTENT_FRAGMENT_UNDERSPECIFIED_INPUT,残缺或不可独立解释输入,生成与修改作文类文本,K12,U02,0,1.0000001,岳阳楼记,146,10293,U02
教育,assistant_top1k,简爱读后感,963.0,,,user,ai04,MEDIA_CONTENT_SEARCH_OR_ACCESS,按线索查找或获取影音书资源,文本缩短请求,K12,U10,0,0.54518276,simple,4204,873,U02
教育,assistant_top1k,把答案精简成一句话,952.0,,,user,ai04,CORRECT_OR_ADJUST_PREVIOUS_OUTPUT,修改上一轮输出,直接给出答案,K12,U11,0,0.59442985,要是......就......造句 简单,3559,978,U10
教育,assistant_top1k,列竖式计算,947.0,,,user,ai04,EXPLAIN_OR_IDENTIFY,解释含义或识别指称,直接给出答案,K12,U13,0,0.5721131,毛利率计算公式,2247,1390,
教育,assistant_top1k,百度教育,947.0,,,user,ai04,NAVIGATE_OFFICIAL_ENTRY_OR_TOPIC_FEED,前往官方入口或话题聚合页,查询百度及百度AI入口,K12,U01,0,0.99999994,百度教育,3029,1100,
教育,assistant_top1k,初中,944.0,,,user,ai04,NON_INTENT_FRAGMENT_UNDERSPECIFIED_INPUT,残缺或不可独立解释输入,短词查询,K12,U02,0,0.73620564,中考,1193,2445,U02
教育,assistant_top1k,日记,940.0,,,user,ai04,NON_INTENT_FRAGMENT_UNDERSPECIFIED_INPUT,残缺或不可独立解释输入,短词查询,K12,U02,0,0.8065613,diary,7587,578,U02
教育,assistant_top1k,能再给我几个类似的生肖谜语吗,938.0,,,user,ai04,GENERATE_OR_REVISE_TEXT,生成或改写文本,命理测算与运势查询,K12,U11,0,0.6098972,谜语,8549,530,
教育,assistant_top1k,全部,936.0,,,user,ai04,NON_INTENT_FRAGMENT_UNDERSPECIFIED_INPUT,残缺或不可独立解释输入,识别日常口语片段并应答,K12,U13,0,0.8318783,全,7876,562,U13
教育,assistant_top1k,600字左右,935.0,,,user,ai04,GENERATE_OR_REVISE_TEXT,生成或改写文本,文本字数查询与控制,K12,U13,0,0.582193,难忘的小学生活作文600字六年级,7425,587,
教育,assistant_top1k,没,925.0,,,user,ai04,NON_INTENT_SOCIAL_OR_EMOTIONAL_TURN,无内容社交与情绪表达轮,查询杂项信息,K12,U13,0,1.0000002,没,5717,707,
教育,assistant_top1k,帮我写一篇作文,924.0,,,user,ai04,GENERATE_OR_REVISE_TEXT,生成或改写文本,生成与修改作文类文本,K12,U10,0,0.66604596,作文,1424,2064,
教育,assistant_top1k,这首诗的创作背景是什么,919.0,,,user,ai04,EXPLAIN_OR_IDENTIFY,解释含义或识别指称,查询背景音乐歌名,K12,U04,0,0.4834036,古诗,2476,1284,
教育,assistant_top1k,骏组词,914.0,,,user,ai04,EXPLAIN_OR_IDENTIFY,解释含义或识别指称,查询字词翻译与语言知识,K12,U08,0,0.6107539,浩组词,3597,971,
教育,assistant_top1k,100字,913.0,,,user,ai04,GENERATE_OR_REVISE_TEXT,生成或改写文本,文本字数查询与控制,K12,U13,0,0.65009546,百,5897,691,
教育,assistant_top1k,600字,907.0,,,user,ai04,GENERATE_OR_REVISE_TEXT,生成或改写文本,文本字数查询与控制,K12,U13,0,0.6108746,难忘的小学生活作文600字六年级,7425,587,
教育,assistant_top1k,真假,907.0,,,user,ai04,NON_INTENT_FRAGMENT_UNDERSPECIFIED_INPUT,残缺或不可独立解释输入,确认性问题解答,K12,U13,0,0.8642779,假,9816,483,U13
教育,assistant_top1k,哥哥,901.0,,,user,ai04,NON_INTENT_FRAGMENT_UNDERSPECIFIED_INPUT,残缺或不可独立解释输入,短词查询,K12,U02,0,0.66203254,嫂子,8364,538,
教育,assistant_top1k,一个,900.0,,,user,ai04,NON_INTENT_FRAGMENT_UNDERSPECIFIED_INPUT,残缺或不可独立解释输入,短词查询,K12,U13,0,0.99999964,一个,8002,556,
教育,assistant_top1k,读,900.0,,,user,ai04,NON_INTENT_FRAGMENT_UNDERSPECIFIED_INPUT,残缺或不可独立解释输入,短词查询,K12,U13,0,0.8325604,阅读,6120,673,
教育,assistant_top1k,写一篇作文,899.0,,,user,ai04,GENERATE_OR_REVISE_TEXT,生成或改写文本,生成与修改作文类文本,K12,U10,0,0.76646733,作文,1424,2064,
教育,assistant_top1k,说,898.0,,,user,ai04,NON_INTENT_FRAGMENT_UNDERSPECIFIED_INPUT,残缺或不可独立解释输入,识别日常口语片段并应答,K12,U13,0,1.0000004,说,7118,605,
教育,assistant_top1k,清晰,893.0,,,user,ai04,NON_INTENT_FRAGMENT_UNDERSPECIFIED_INPUT,残缺或不可独立解释输入,识别日常口语片段并应答,K12,U13,0,0.7176394,clear,3627,966,U13
教育,assistant_top1k,作用,885.0,,,user,ai04,NON_INTENT_FRAGMENT_UNDERSPECIFIED_INPUT,残缺或不可独立解释输入,功效与作用查询,K12,U13,0,0.6726381,用,4143,883,
教育,assistant_top1k,解析,877.0,,,user,ai04,NON_INTENT_FRAGMENT_UNDERSPECIFIED_INPUT,残缺或不可独立解释输入,整理生成表格与总结,K12,U13,0,0.74843276,解,6958,615,U13
教育,assistant_top1k,50字,868.0,,,user,ai04,GENERATE_OR_REVISE_TEXT,生成或改写文本,文本字数查询与控制,K12,U13,0,0.58546877,千字文,1971,1556,
教育,assistant_top1k,三点式,868.0,,,user,ai04,NON_INTENT_FRAGMENT_UNDERSPECIFIED_INPUT,残缺或不可独立解释输入,杂项查询意图识别,K12,U02,0,0.63194287,点,8780,521,
教育,assistant_top1k,这是什么字？,865.0,,,user,ai04,EXPLAIN_OR_IDENTIFY,解释含义或识别指称,未知事物识别,K12,U13,0,0.58426327,这的笔顺,7409,588,
教育,assistant_top1k,加拼音,863.0,,,user,ai04,CORRECT_OR_ADJUST_PREVIOUS_OUTPUT,修改上一轮输出,查询字词翻译与语言知识,K12,U01,0,0.8303452,拼音,2876,1143,
教育,assistant_top1k,500字,862.0,,,user,ai04,GENERATE_OR_REVISE_TEXT,生成或改写文本,文本字数查询与控制,K12,U13,0,0.70184964,500,777,3714,U13
教育,assistant_top1k,上,859.0,,,user,ai04,NON_INTENT_FRAGMENT_UNDERSPECIFIED_INPUT,残缺或不可独立解释输入,短词查询,K12,U13,0,0.9999999,上,2903,1134,
教育,assistant_top1k,多选题,859.0,,,user,ai04,NON_INTENT_FRAGMENT_UNDERSPECIFIED_INPUT,残缺或不可独立解释输入,直接给出答案,K12,U13,0,0.62931484,multiple,8030,554,
教育,assistant_top1k,两个字,855.0,,,user,ai04,NON_INTENT_FRAGMENT_UNDERSPECIFIED_INPUT,残缺或不可独立解释输入,文本字数查询与控制,K12,U13,0,0.73334515,两,6875,620,U13
教育,assistant_top1k,说话,855.0,,,user,ai04,NON_INTENT_SOCIAL_OR_EMOTIONAL_TURN,无内容社交与情绪表达轮,识别日常口语片段并应答,K12,U13,0,0.7898129,说,7118,605,
教育,assistant_top1k,4,848.0,,,user,ai04,NON_INTENT_FRAGMENT_UNDERSPECIFIED_INPUT,残缺或不可独立解释输入,查询数字对应信息,K12,U13,0,1.0000004,4,3607,969,
教育,assistant_top1k,整理,848.0,,,user,ai04,NON_INTENT_FRAGMENT_UNDERSPECIFIED_INPUT,残缺或不可独立解释输入,短词查询,K12,U13,0,0.6284157,阅读,6120,673,
教育,assistant_top1k,但是,842.0,,,user,ai04,NON_INTENT_FRAGMENT_UNDERSPECIFIED_INPUT,残缺或不可独立解释输入,识别日常口语片段并应答,K12,U13,0,0.6802664,是,1383,2121,
教育,assistant_top1k,这个字怎么读,839.0,,,user,ai04,EXPLAIN_OR_IDENTIFY,解释含义或识别指称,查询字词翻译与语言知识,K12,U03,0,0.7623073,簟字怎么读,6191,668,U03
教育,assistant_top1k,嗨,838.0,,,user,ai04,NON_INTENT_FRAGMENT_UNDERSPECIFIED_INPUT,残缺或不可独立解释输入,识别日常口语片段并应答,K12,U11,0,0.60207236,哎,3939,915,
教育,assistant_top1k,好词,837.0,,,user,ai04,GENERATE_OR_REVISE_TEXT,生成或改写文本,表达同意或确认,K12,U02,0,0.6585471,好,1026,2875,
教育,assistant_top1k,中,835.0,,,user,ai04,NON_INTENT_FRAGMENT_UNDERSPECIFIED_INPUT,残缺或不可独立解释输入,短词查询,K12,U13,0,0.9999998,中,2354,1341,
教育,assistant_top1k,读什么,834.0,,,user,ai04,EXPLAIN_OR_IDENTIFY,解释含义或识别指称,查询事物或词语的含义与说明,K12,U13,0,0.74461985,赁读什么,9224,504,U03
教育,assistant_top1k,简便计算,832.0,,,user,ai04,NON_INTENT_FRAGMENT_UNDERSPECIFIED_INPUT,残缺或不可独立解释输入,文本缩短请求,K12,U02,0,0.636954,simple,4204,873,U02
教育,assistant_top1k,年代,827.0,,,user,ai04,NON_INTENT_FRAGMENT_UNDERSPECIFIED_INPUT,残缺或不可独立解释输入,短词查询,K12,U02,0,0.64235383,时,9374,498,U13
教育,assistant_top1k,大,826.0,,,user,ai04,NON_INTENT_FRAGMENT_UNDERSPECIFIED_INPUT,残缺或不可独立解释输入,短词查询,K12,U13,0,1.0000004,大,1610,1841,
教育,assistant_top1k,仿写,819.0,,,user,ai04,GENERATE_OR_REVISE_TEXT,生成或改写文本,生成与修改作文类文本,K12,U13,0,0.6526401,......像......造句,6514,643,
教育,assistant_top1k,价钱,810.0,,,user,ai04,NON_INTENT_FRAGMENT_UNDERSPECIFIED_INPUT,残缺或不可独立解释输入,查询价格费用,K12,U13,0,0.74962556,price,6015,681,U13
教育,assistant_top1k,批改,806.0,,,user,ai04,NON_INTENT_FRAGMENT_UNDERSPECIFIED_INPUT,残缺或不可独立解释输入,继续或重新生成内容,K12,U01,0,0.8377543,批改网,4514,833,U01
教育,assistant_top1k,第三题,804.0,,,user,ai04,NON_INTENT_FRAGMENT_UNDERSPECIFIED_INPUT,残缺或不可独立解释输入,直接给出答案,K12,U13,0,0.73326033,三,2616,1237,
教育,assistant_top1k,三年级,792.0,,,user,ai04,NON_INTENT_FRAGMENT_UNDERSPECIFIED_INPUT,残缺或不可独立解释输入,短词查询,K12,U13,0,0.74957895,三级,452,5294,U12
教育,assistant_top1k,这个谜语还有其他解释吗,791.0,,,user,ai04,CORRECT_OR_ADJUST_PREVIOUS_OUTPUT,修改上一轮输出,直接给出答案,K12,U11,0,0.68133116,谜语,8549,530,
教育,assistant_top1k,第一个,790.0,,,user,ai04,NON_INTENT_FRAGMENT_UNDERSPECIFIED_INPUT,残缺或不可独立解释输入,识别日常口语片段并应答,K12,U11,0,0.7780514,first,5383,737,U02
教育,assistant_top1k,立正,789.0,,,user,ai04,NON_INTENT_FRAGMENT_UNDERSPECIFIED_INPUT,残缺或不可独立解释输入,查询双腿张开姿势,K12,U02,0,0.74859315,正,7115,605,U13
教育,assistant_top1k,300字,787.0,,,user,ai04,GENERATE_OR_REVISE_TEXT,生成或改写文本,文本字数查询与控制,K12,U13,0,0.6479775,唐诗三百首古诗大全300首,4009,903,
教育,assistant_top1k,地址,783.0,,,user,ai04,NON_INTENT_FRAGMENT_UNDERSPECIFIED_INPUT,残缺或不可独立解释输入,查询网站官网与邮箱登录注册入口,K12,U13,0,0.77550536,address,3601,970,U13
教育,assistant_top1k,开,783.0,,,user,ai04,NON_INTENT_FRAGMENT_UNDERSPECIFIED_INPUT,残缺或不可独立解释输入,识别日常口语片段并应答,K12,U13,0,0.9999992,开,7246,597,
教育,assistant_top1k,裳组词,780.0,,,user,ai04,EXPLAIN_OR_IDENTIFY,解释含义或识别指称,查询字词翻译与语言知识,K12,U08,0,1.0,裳组词,5549,720,
教育,assistant_top1k,赏析,775.0,,,user,ai04,GENERATE_OR_REVISE_TEXT,生成或改写文本,生成与修改作文类文本,K12,U13,0,0.630736,书法作品欣赏,4432,843,
教育,assistant_top1k,停,767.0,,,user,ai04,NON_INTENT_FRAGMENT_UNDERSPECIFIED_INPUT,残缺或不可独立解释输入,识别日常口语片段并应答,K12,U11,0,0.81332916,stop,8529,530,U11
教育,assistant_top1k,竖式,766.0,,,user,ai04,NON_INTENT_FRAGMENT_UNDERSPECIFIED_INPUT,残缺或不可独立解释输入,查询双腿张开姿势,K12,U02,0,0.5954331,垂,6782,625,
教育,assistant_top1k,答题,763.0,,,user,ai04,NON_INTENT_FRAGMENT_UNDERSPECIFIED_INPUT,残缺或不可独立解释输入,直接给出答案,K12,U13,0,0.9999998,答题,8524,531,
教育,assistant_top1k,1+1等于几？,757.0,,,user,ai04,EXPLAIN_OR_IDENTIFY,解释含义或识别指称,直接给出答案,K12,U03,0,0.6005949,1,83,12261,U13
教育,assistant_top1k,唐诗三百首,750.0,,,user,ai04,GENERATE_OR_REVISE_TEXT,生成或改写文本,生成与修改作文类文本,K12,U02,0,0.99999934,唐诗三百首,1443,2032,
教育,assistant_top1k,四年级,750.0,,,user,ai04,NON_INTENT_FRAGMENT_UNDERSPECIFIED_INPUT,残缺或不可独立解释输入,短词查询,K12,U13,0,0.76492697,英语四级,7891,561,U02
教育,assistant_top1k,用脱式计算,748.0,,,user,ai04,EXPLAIN_OR_IDENTIFY,解释含义或识别指称,直接给出答案,K12,U13,0,0.82366425,脱式计算什么意思,4903,785,U04
教育,assistant_top1k,教师节手抄报,747.0,,,user,ai04,GENERATE_OR_REVISE_TEXT,生成或改写文本,家长感谢老师话术查询,K12,U09,0,0.74984527,建党节手抄报,7583,578,U09
教育,assistant_top1k,了,746.0,,,user,ai04,NON_INTENT_FRAGMENT_UNDERSPECIFIED_INPUT,残缺或不可独立解释输入,识别日常口语片段并应答,K12,U13,0,1.0000008,了,2532,1265,
教育,assistant_top1k,什么数字,746.0,,,user,ai04,EXPLAIN_OR_IDENTIFY,解释含义或识别指称,查询事物或词语的含义与说明,K12,U13,0,0.66962093,数,9331,500,U13
教育,assistant_top1k,四个字,744.0,,,user,ai04,NON_INTENT_FRAGMENT_UNDERSPECIFIED_INPUT,残缺或不可独立解释输入,文本字数查询与控制,K12,U13,0,0.7670679,四字成语,5050,770,
教育,assistant_top1k,内容,743.0,,,user,ai04,NON_INTENT_FRAGMENT_UNDERSPECIFIED_INPUT,残缺或不可独立解释输入,整理生成表格与总结,K12,U13,0,0.65841836,content,3018,1102,
教育,assistant_top1k,红星照耀中国手抄报,738.0,,,user,ai04,MEDIA_CONTENT_SEARCH_OR_ACCESS,按线索查找或获取影音书资源,生成与修改作文类文本,K12,U09,0,0.64014304,建党节手抄报,7583,578,U09
教育,assistant_top1k,出处,735.0,,,user,ai04,NON_INTENT_FRAGMENT_UNDERSPECIFIED_INPUT,残缺或不可独立解释输入,查询字词翻译与语言知识,K12,U13,0,0.65523344,出,4891,786,U13
教育,assistant_top1k,这个怎么读？,735.0,,,user,ai04,EXPLAIN_OR_IDENTIFY,解释含义或识别指称,查询字词翻译与语言知识,K12,U13,0,0.7135029,赟怎么读,1330,2212,U03
教育,assistant_top1k,你妈,727.0,,,user,ai04,NON_INTENT_FRAGMENT_UNDERSPECIFIED_INPUT,残缺或不可独立解释输入,识别日常口语片段并应答,K12,U13,0,0.6227353,you,6135,672,U13
教育,assistant_top1k,画,725.0,,,user,ai04,NON_INTENT_FRAGMENT_UNDERSPECIFIED_INPUT,残缺或不可独立解释输入,短词查询,K12,U02,0,0.99999994,画,3649,962,
教育,assistant_top1k,节哀与节哀顺变不能乱用,718.0,,,user,ai04,EXPLAIN_OR_IDENTIFY,解释含义或识别指称,传统文化与收藏信息查询及古风内容生成,K12,U04,0,0.8087612,节哀顺变是什么意思,3181,1059,U04
教育,assistant_top1k,这篇作文多少字？,716.0,,,user,ai04,GENERATE_OR_REVISE_TEXT,生成或改写文本,文本字数查询与控制,K12,U13,0,0.6277092,作文,1424,2064,
教育,assistant_top1k,有错别字吗,715.0,,,user,ai04,CORRECT_OR_ADJUST_PREVIOUS_OUTPUT,修改上一轮输出,文本字数查询与控制,K12,U13,0,0.60728353,有的笔顺,9484,495,
教育,assistant_top1k,闭嘴,714.0,,,user,ai04,NON_INTENT_SOCIAL_OR_EMOTIONAL_TURN,无内容社交与情绪表达轮,识别日常口语片段并应答,K12,U11,0,0.59758174,说,7118,605,
教育,assistant_top1k,理想中的学校是啥样？,712.0,,,user,ai04,EXPLAIN_OR_IDENTIFY,解释含义或识别指称,查询学校和教育信息,K12,U04,0,0.49775738,初中毕业考不上高中如何选择学校,8427,535,
教育,assistant_top1k,红岩读后感600字,705.0,,,user,ai04,GENERATE_OR_REVISE_TEXT,生成或改写文本,生成与修改作文类文本,K12,U10,0,0.54638374,四渡赤水观后感300字左右,2041,1506,
教育,assistant_top1k,就,703.0,,,user,ai04,NON_INTENT_FRAGMENT_UNDERSPECIFIED_INPUT,残缺或不可独立解释输入,识别日常口语片段并应答,K12,U13,0,1.0,就,5045,771,
教育,assistant_top1k,颜色,701.0,,,user,ai04,NON_INTENT_FRAGMENT_UNDERSPECIFIED_INPUT,残缺或不可独立解释输入,短词查询,K12,U02,0,0.8815188,色,1090,2701,
教育,assistant_top1k,念什么,699.0,,,user,ai04,EXPLAIN_OR_IDENTIFY,解释含义或识别指称,查询事物或词语的含义与说明,K12,U13,0,0.6768865,什么的拼音,5746,705,
教育,assistant_top1k,多少字,696.0,,,user,ai04,NON_INTENT_FRAGMENT_UNDERSPECIFIED_INPUT,残缺或不可独立解释输入,文本字数查询与控制,K12,U11,0,0.6376024,大写的壹贰叁到十整,2472,1285,
教育,assistant_top1k,勒组词,691.0,,,user,ai04,EXPLAIN_OR_IDENTIFY,解释含义或识别指称,查询字词翻译与语言知识,K12,U08,0,0.76941425,勒,8863,518,U02
教育,assistant_top1k,朗读,687.0,,,user,ai04,NON_INTENT_FRAGMENT_UNDERSPECIFIED_INPUT,残缺或不可独立解释输入,查询字词翻译与语言知识,K12,U01,0,0.6994395,阅读,6120,673,
教育,assistant_top1k,再写一篇,686.0,,,user,ai04,CORRECT_OR_ADJUST_PREVIOUS_OUTPUT,修改上一轮输出,继续或重新生成内容,K12,U11,0,0.71489555,再接再厉,6117,673,U02
教育,assistant_top1k,把字数精简到50字以内,685.0,,,user,ai04,CORRECT_OR_ADJUST_PREVIOUS_OUTPUT,修改上一轮输出,文本字数查询与控制,K12,U11,0,0.5813545,分两段打三个数字,3909,919,
教育,assistant_top1k,这题选什么？,680.0,,,user,ai04,EXPLAIN_OR_IDENTIFY,解释含义或识别指称,查询事物或词语的含义与说明,K12,U09,0,0.5629392,什,9889,480,
教育,assistant_top1k,200字,679.0,,,user,ai04,GENERATE_OR_REVISE_TEXT,生成或改写文本,文本字数查询与控制,K12,U13,0,0.59195983,千字文,1971,1556,
教育,assistant_top1k,光脚,678.0,,,user,ai04,NON_INTENT_FRAGMENT_UNDERSPECIFIED_INPUT,残缺或不可独立解释输入,查询双腿张开姿势,K12,U02,0,0.7244064,脚,4126,885,
教育,assistant_top1k,谁,678.0,,,user,ai04,NON_INTENT_FRAGMENT_UNDERSPECIFIED_INPUT,残缺或不可独立解释输入,人物身份查询,K12,U13,0,1.0,谁,5866,693,
教育,assistant_top1k,更多,676.0,,,user,ai04,CORRECT_OR_ADJUST_PREVIOUS_OUTPUT,修改上一轮输出,继续或重新生成内容,K12,U11,0,0.85183454,更,6419,650,U13
教育,assistant_top1k,用竖式计算,672.0,,,user,ai04,NON_INTENT_FRAGMENT_UNDERSPECIFIED_INPUT,残缺或不可独立解释输入,直接给出答案,K12,U13,0,0.63300455,平方怎么算,6349,655,U06
教育,assistant_top1k,开学最暖心八个字,671.0,,,user,ai04,GENERATE_OR_REVISE_TEXT,生成或改写文本,家长感谢老师话术查询,K12,U10,0,0.5438221,幼儿园毕业对老师的感恩寄语,7261,596,
教育,assistant_top1k,成语,668.0,,,user,ai04,EXPLAIN_OR_IDENTIFY,解释含义或识别指称,查询字词翻译与语言知识,K12,U02,0,1.0000006,成语,8163,547,
教育,assistant_top1k,中学施发型令：不合格不让进校门,662.0,,,user,ai04,FACT_VERIFICATION_AND_RUMOR_OR_STATUS_CHECK,核验真伪、传闻与进展,查询学校和教育信息,K12,U05,0,0.5361269,中考,1193,2445,U02
教育,assistant_top1k,退出,661.0,,,user,ai04,CORRECT_OR_ADJUST_PREVIOUS_OUTPUT,修改上一轮输出,查询退款与扣费申诉方法,K12,U11,0,0.72924525,出,4891,786,U13
教育,assistant_top1k,评分,657.0,,,user,ai04,NON_INTENT_FRAGMENT_UNDERSPECIFIED_INPUT,残缺或不可独立解释输入,整理生成表格与总结,K12,U13,0,0.7216371,review,3325,1028,U13
教育,assistant_top1k,名人名言,654.0,,,user,ai04,GENERATE_OR_REVISE_TEXT,生成或改写文本,短句文案查询,K12,U08,0,0.5583749,励志的句子经典语句,2440,1300,U08
教育,assistant_top1k,小学毕业感谢老师,653.0,,,user,ai04,GENERATE_OR_REVISE_TEXT,生成或改写文本,家长感谢老师话术查询,K12,U08,0,0.8969947,小学毕业感谢老师的付出感言,4110,887,U10
教育,assistant_top1k,这句诗出自哪里,653.0,,,user,ai04,EXPLAIN_OR_IDENTIFY,解释含义或识别指称,查询所在位置与归属地,K12,U13,0,0.5276238,古诗,2476,1284,
教育,assistant_top1k,二十字作文,652.0,,,user,ai04,GENERATE_OR_REVISE_TEXT,生成或改写文本,文本字数查询与控制,K12,U10,0,0.6916374,作文,1424,2064,
教育,assistant_top1k,西安丁准高三封闭冲刺班收费,650.0,,,user,ai04,GENERAL_HOWTO_GUIDE,通用操作与生活指南,查询学校和教育信息,K12,U03,0,0.5530011,陕西高考分数线,3628,965,
教育,assistant_top1k,不要用方程,637.0,,,user,ai04,CORRECT_OR_ADJUST_PREVIOUS_OUTPUT,修改上一轮输出,去除图片文字与图标,K12,U11,0,0.49165702,别董大,4538,829,
教育,assistant_top1k,老师,637.0,,,user,ai04,NON_INTENT_FRAGMENT_UNDERSPECIFIED_INPUT,残缺或不可独立解释输入,短词查询,K12,U02,0,0.6700396,中国教师网,9768,485,
教育,assistant_top1k,五年级,636.0,,,user,ai04,NON_INTENT_FRAGMENT_UNDERSPECIFIED_INPUT,残缺或不可独立解释输入,短词查询,K12,U02,0,0.7098995,五年级下册语文,3746,945,U02
教育,assistant_top1k,第四题,636.0,,,user,ai04,NON_INTENT_FRAGMENT_UNDERSPECIFIED_INPUT,残缺或不可独立解释输入,直接给出答案,K12,U13,0,0.7474557,四,7312,593,U13
教育,assistant_top1k,去裙,634.0,,,user,ai04,TOOL_PANEL_SINGLE_STEP_COMMAND,工具面板单步操作指令,图片目标物去除查询,K12,U13,0,0.59886754,去,3536,981,
教育,assistant_top1k,出师表,633.0,,,user,ai04,NON_INTENT_FRAGMENT_UNDERSPECIFIED_INPUT,残缺或不可独立解释输入,查询地名及地理信息,K12,U02,0,0.99999946,出师表,836,3445,U02
教育,assistant_top1k,总结全文和概括全文的意思一样吗,633.0,,,user,ai04,EXPLAIN_OR_IDENTIFY,解释含义或识别指称,整理生成表格与总结,K12,U04,0,0.4839578,word是什么意思,2983,1112,
教育,assistant_top1k,睡觉,633.0,,,user,ai04,NON_INTENT_FRAGMENT_UNDERSPECIFIED_INPUT,残缺或不可独立解释输入,短词查询,K12,U02,0,0.8661009,睡,6526,643,U13
教育,assistant_top1k,浩组词,632.0,,,user,ai04,NON_INTENT_FRAGMENT_UNDERSPECIFIED_INPUT,残缺或不可独立解释输入,查询字词翻译与语言知识,K12,U08,0,1.0000001,浩组词,3597,971,
教育,assistant_top1k,看看,632.0,,,user,ai04,NON_INTENT_SOCIAL_OR_EMOTIONAL_TURN,无内容社交与情绪表达轮,识别日常口语片段并应答,K12,U13,0,0.8817941,看,4870,788,
教育,assistant_top1k,只要算式,627.0,,,user,ai04,EXPLAIN_OR_IDENTIFY,解释含义或识别指称,直接给出答案,K12,U11,0,0.59418494,only,7677,573,
教育,assistant_top1k,7,624.0,,,user,ai04,NON_INTENT_FRAGMENT_UNDERSPECIFIED_INPUT,残缺或不可独立解释输入,查询数字对应信息,K12,U13,0,0.99999946,7,2048,1499,
教育,assistant_top1k,150字左右,621.0,,,user,ai04,GENERATE_OR_REVISE_TEXT,生成或改写文本,文本字数查询与控制,K12,U11,0,0.6163278,大写的壹贰叁到十整,2472,1285,
教育,assistant_top1k,错误,620.0,,,user,ai04,NON_INTENT_FRAGMENT_UNDERSPECIFIED_INPUT,残缺或不可独立解释输入,确认性问题解答,K12,U11,0,0.7291482,error,9772,485,U13
教育,assistant_top1k,我想对作文《暑假趣事》进行个性化编辑,607.0,,,user,ai04,GENERATE_OR_REVISE_TEXT,生成或改写文本,生成与修改作文类文本,K12,U10,0,0.56481034,暑假,3783,940,
教育,assistant_top1k,脱式,607.0,,,user,ai04,NON_INTENT_FRAGMENT_UNDERSPECIFIED_INPUT,残缺或不可独立解释输入,图片目标物去除查询,K12,U02,0,0.74706835,脱式计算什么意思,4903,785,U04
教育,assistant_top1k,如果,606.0,,,user,ai04,NON_INTENT_FRAGMENT_UNDERSPECIFIED_INPUT,残缺或不可独立解释输入,识别日常口语片段并应答,K12,U13,0,0.75610125,若,8935,515,U13
教育,assistant_top1k,四字成语,603.0,,,user,ai04,GENERATE_OR_REVISE_TEXT,生成或改写文本,文本字数查询与控制,K12,U02,0,0.9999997,四字成语,5050,770,
教育,assistant_top1k,利锁名缰打一生肖,602.0,,,user,ai04,FORTUNE_DREAM_DIVINATION,命理解梦与占卜,命理测算与运势查询,K12,U09,0,0.6704381,斗方名士打一生肖,82,12442,U09
教育,assistant_top1k,帮我画 红星照耀中国手抄报,602.0,,,user,ai04,GENERATE_OR_EDIT_SAFE_IMAGE,生成或编辑非敏感图像,按描述生成图片与Logo设计,K12,U10,0,0.6229561,建党节手抄报,7583,578,U09
教育,assistant_top1k,醉翁亭记,602.0,,,user,ai04,EXPLAIN_OR_IDENTIFY,解释含义或识别指称,生成与修改作文类文本,K12,U02,0,0.9999998,醉翁亭记,1098,2672,
教育,assistant_top1k,造句,601.0,,,user,ai04,GENERATE_OR_REVISE_TEXT,生成或改写文本,短句文案查询,K12,U13,0,0.6986833,......像......造句,6514,643,
教育,assistant_top1k,七律长征,596.0,,,user,ai04,MEDIA_CONTENT_SEARCH_OR_ACCESS,按线索查找或获取影音书资源,查询军事历史与国际政治话题,K12,U02,0,0.99999994,七律长征,1318,2235,
教育,assistant_top1k,兰艾同焚打一肖,596.0,,,user,ai04,EXPLAIN_OR_IDENTIFY,解释含义或识别指称,玄幻同人设定创作与剧情讨论查询,K12,U09,0,0.66872865,一心百君打一肖,8,29869,U09
教育,assistant_top1k,古诗,596.0,,,user,ai04,EXPLAIN_OR_IDENTIFY,解释含义或识别指称,短词查询,K12,U02,0,0.99999994,古诗,2476,1284,
教育,assistant_top1k,傻子,593.0,,,user,ai04,NON_INTENT_FRAGMENT_UNDERSPECIFIED_INPUT,残缺或不可独立解释输入,短词查询,K12,U02,0,0.5679953,子,4275,862,
教育,assistant_top1k,开学季的唯美句子,593.0,,,user,ai04,GENERATE_OR_REVISE_TEXT,生成或改写文本,短句文案查询,K12,U08,0,0.6981883,七月你好唯美的句子简短,1214,2412,U09
教育,assistant_top1k,搓手跺脚打一准确生肖,593.0,,,user,ai04,FORTUNE_DREAM_DIVINATION,命理解梦与占卜,命理测算与运势查询,K12,U09,0,0.70495486,唤打一正确生肖,1664,1790,U09
教育,assistant_top1k,热量,593.0,,,user,ai04,NON_INTENT_FRAGMENT_UNDERSPECIFIED_INPUT,残缺或不可独立解释输入,医疗症状原因与处理建议查询,K12,U02,0,0.5676903,cost,6186,669,
教育,assistant_top1k,背影,590.0,,,user,ai04,NON_INTENT_FRAGMENT_UNDERSPECIFIED_INPUT,残缺或不可独立解释输入,短词查询,K12,U02,0,0.57925445,shadow,8377,537,
教育,assistant_top1k,词语,590.0,,,user,ai04,NON_INTENT_FRAGMENT_UNDERSPECIFIED_INPUT,残缺或不可独立解释输入,查询字词翻译与语言知识,K12,U02,0,0.663625,英语单词,7721,570,U02
教育,assistant_top1k,只写答案,588.0,,,user,ai04,CORRECT_OR_ADJUST_PREVIOUS_OUTPUT,修改上一轮输出,直接给出答案,K12,U11,0,0.66874146,答题,8524,531,
教育,assistant_top1k,怎么念,586.0,,,user,ai04,EXPLAIN_OR_IDENTIFY,解释含义或识别指称,查询字词翻译与语言知识,K12,U13,0,0.6826008,赟怎么读,1330,2212,U03
教育,assistant_top1k,请,586.0,,,user,ai04,NON_INTENT_FRAGMENT_UNDERSPECIFIED_INPUT,残缺或不可独立解释输入,识别日常口语片段并应答,K12,U13,0,0.77613986,please,5457,728,U13
教育,assistant_top1k,400字,585.0,,,user,ai04,NON_INTENT_FRAGMENT_UNDERSPECIFIED_INPUT,残缺或不可独立解释输入,文本字数查询与控制,K12,U13,0,0.60325724,我的自画像四年级作文400字,7123,605,
教育,assistant_top1k,这个多少字？,581.0,,,user,ai04,CORRECT_OR_ADJUST_PREVIOUS_OUTPUT,修改上一轮输出,文本字数查询与控制,K12,U13,0,0.6187003,少,9095,509,
教育,assistant_top1k,红岩手抄报,578.0,,,user,ai04,NON_INTENT_FRAGMENT_UNDERSPECIFIED_INPUT,残缺或不可独立解释输入,生成与修改作文类文本,K12,U09,0,0.592733,建党节手抄报,7583,578,U09
教育,assistant_top1k,秋雨的绝美佳句,577.0,,,user,ai04,GENERATE_OR_REVISE_TEXT,生成或改写文本,短句文案查询,K12,U08,0,0.63677365,晚霞的唯美句子,8127,549,U09
教育,assistant_top1k,下,576.0,,,user,ai04,NON_INTENT_FRAGMENT_UNDERSPECIFIED_INPUT,残缺或不可独立解释输入,短词查询,K12,U13,0,0.9999999,下,4425,843,
教育,assistant_top1k,回答,576.0,,,user,ai04,CORRECT_OR_ADJUST_PREVIOUS_OUTPUT,修改上一轮输出,直接给出答案,K12,U13,0,0.7991226,答题,8524,531,
教育,assistant_top1k,太少了,575.0,,,user,ai04,CORRECT_OR_ADJUST_PREVIOUS_OUTPUT,修改上一轮输出,文本缩短请求,K12,U11,0,0.8407016,少,9095,509,
教育,assistant_top1k,换个风格重写这篇作文,574.0,,,user,ai04,CORRECT_OR_ADJUST_PREVIOUS_OUTPUT,修改上一轮输出,生成与修改作文类文本,K12,U10,0,0.5803813,作文,1424,2064,
教育,assistant_top1k,这个谜语还有其他解法吗,570.0,,,user,ai04,CORRECT_OR_ADJUST_PREVIOUS_OUTPUT,修改上一轮输出,直接给出答案,K12,U11,0,0.65997875,谜语,8549,530,
教育,assistant_top1k,5,567.0,,,user,ai04,NON_INTENT_FRAGMENT_UNDERSPECIFIED_INPUT,残缺或不可独立解释输入,查询数字对应信息,K12,U13,0,1.0000008,5,2823,1163,
教育,assistant_top1k,列算式,567.0,,,user,ai04,NON_INTENT_FRAGMENT_UNDERSPECIFIED_INPUT,残缺或不可独立解释输入,直接给出答案,K12,U13,0,0.58006126,乘法口诀表,2204,1408,
教育,assistant_top1k,想,567.0,,,user,ai04,NON_INTENT_FRAGMENT_UNDERSPECIFIED_INPUT,残缺或不可独立解释输入,识别日常口语片段并应答,K12,U13,0,0.7306009,want,7014,611,U02
教育,assistant_top1k,换一篇,566.0,,,user,ai04,CORRECT_OR_ADJUST_PREVIOUS_OUTPUT,修改上一轮输出,继续或重新生成内容,K12,U11,0,0.58126926,转,6383,652,U13
教育,assistant_top1k,婚姻,565.0,,,user,ai04,NON_INTENT_FRAGMENT_UNDERSPECIFIED_INPUT,残缺或不可独立解释输入,短词查询,K12,U02,0,0.58116436,结缘,2924,1127,
教育,assistant_top1k,躺下,564.0,,,user,ai04,NON_INTENT_FRAGMENT_UNDERSPECIFIED_INPUT,残缺或不可独立解释输入,查询双腿张开姿势,K12,U13,0,0.6986226,睡,6526,643,U13
教育,assistant_top1k,这篇作文有多少字？,564.0,,,user,ai04,GENERATE_OR_REVISE_TEXT,生成或改写文本,文本字数查询与控制,K12,U13,0,0.6141194,作文,1424,2064,
教育,assistant_top1k,<div>修改病句<br/>通过阅读《读不完的大书》，让我爱上了大自然。</div>,561.0,,,user,ai04,GENERATE_OR_REVISE_TEXT,生成或改写文本,生成与修改作文类文本,K12,U10,0,0.4852505,读书百遍下一句是啥,3919,918,
教育,assistant_top1k,沁园春雪,560.0,,,user,ai04,EXPLAIN_OR_IDENTIFY,解释含义或识别指称,短词查询,K12,U02,0,0.99999964,沁园春雪,477,5111,U02
教育,assistant_top1k,红星照耀中国读后感600字,558.0,,,user,ai04,GENERATE_OR_REVISE_TEXT,生成或改写文本,生成与修改作文类文本,K12,U10,0,0.5577964,四渡赤水观后感300字左右,2041,1506,
教育,assistant_top1k,能,558.0,,,user,ai04,NON_INTENT_SOCIAL_OR_EMOTIONAL_TURN,无内容社交与情绪表达轮,检索极短通用词,K12,U13,0,0.9999995,能,6825,622,
教育,assistant_top1k,作批注,557.0,,,user,ai04,CORRECT_OR_ADJUST_PREVIOUS_OUTPUT,修改上一轮输出,整理生成表格与总结,K12,U13,0,0.66374844,作,8824,519,
教育,assistant_top1k,这个字怎么读？,557.0,,,user,ai04,EXPLAIN_OR_IDENTIFY,解释含义或识别指称,查询字词翻译与语言知识,K12,U13,0,0.73576933,簟字怎么读,6191,668,U03
教育,assistant_top1k,算了,548.0,,,user,ai04,NON_INTENT_SOCIAL_OR_EMOTIONAL_TURN,无内容社交与情绪表达轮,识别日常口语片段并应答,K12,U13,0,0.6668541,了,2532,1265,
教育,assistant_top1k,这个字念什么？,548.0,,,user,ai04,EXPLAIN_OR_IDENTIFY,解释含义或识别指称,查询事物或词语的含义与说明,K12,U13,0,0.62372094,簟字怎么读,6191,668,U03
教育,assistant_top1k,打开,546.0,,,user,ai04,NON_INTENT_FRAGMENT_UNDERSPECIFIED_INPUT,残缺或不可独立解释输入,识别日常口语片段并应答,K12,U13,0,0.8129322,开,7246,597,
教育,assistant_top1k,六,545.0,,,user,ai04,NON_INTENT_FRAGMENT_UNDERSPECIFIED_INPUT,残缺或不可独立解释输入,查询数字对应信息,K12,U13,0,0.9999998,六,6180,669,
教育,assistant_top1k,丈母娘看女婿,541.0,,,user,ai04,MEDIA_CONTENT_SEARCH_OR_ACCESS,按线索查找或获取影音书资源,获取露骨色情内容,K12,U04,0,0.47926724,看,4870,788,
教育,assistant_top1k,第,540.0,,,user,ai04,NON_INTENT_FRAGMENT_UNDERSPECIFIED_INPUT,残缺或不可独立解释输入,短词查询,K12,U13,0,0.715424,first,5383,737,U02
教育,assistant_top1k,吃,538.0,,,user,ai04,NON_INTENT_FRAGMENT_UNDERSPECIFIED_INPUT,残缺或不可独立解释输入,短词查询,K12,U13,0,0.99999964,吃,5890,692,
教育,assistant_top1k,什么,537.0,,,user,ai04,NON_INTENT_FRAGMENT_UNDERSPECIFIED_INPUT,残缺或不可独立解释输入,查询事物或词语的含义与说明,K12,U13,0,1.0000001,什么,3995,906,
教育,assistant_top1k,阅读感想,537.0,,,user,ai04,GENERATE_OR_REVISE_TEXT,生成或改写文本,生成与修改作文类文本,K12,U13,0,0.7399949,阅读,6120,673,
教育,assistant_top1k,初秋的唯美句子,534.0,,,user,ai04,GENERATE_OR_REVISE_TEXT,生成或改写文本,短句文案查询,K12,U08,0,0.7746988,晚霞的唯美句子,8127,549,U09
教育,assistant_top1k,换个风格重写这篇读后感,534.0,,,user,ai04,GENERATE_OR_REVISE_TEXT,生成或改写文本,生成与修改作文类文本,K12,U10,0,0.5241971,再接再厉,6117,673,U02
教育,assistant_top1k,和,532.0,,,user,ai04,NON_INTENT_FRAGMENT_UNDERSPECIFIED_INPUT,残缺或不可独立解释输入,过滤无意义表情符号与乱码输入,K12,U13,0,0.99999994,和,2485,1282,
教育,assistant_top1k,题目,532.0,,,user,ai04,NON_INTENT_FRAGMENT_UNDERSPECIFIED_INPUT,残缺或不可独立解释输入,直接给出答案,K12,U13,0,0.7009991,答题,8524,531,
教育,assistant_top1k,女,524.0,,,user,ai04,NON_INTENT_FRAGMENT_UNDERSPECIFIED_INPUT,残缺或不可独立解释输入,短词查询,K12,U13,0,0.99999946,女,1529,1925,
教育,assistant_top1k,润色,524.0,,,user,ai04,TOOL_PANEL_SINGLE_STEP_COMMAND,工具面板单步操作指令,图片视频修改生成,K12,U01,0,0.7218122,润,9965,477,U02
教育,assistant_top1k,转身,523.0,,,user,ai04,NON_INTENT_FRAGMENT_UNDERSPECIFIED_INPUT,残缺或不可独立解释输入,识别日常口语片段并应答,K12,U02,0,0.7016454,转,6383,652,U13
教育,assistant_top1k,新老,522.0,,,user,ai04,NON_INTENT_FRAGMENT_UNDERSPECIFIED_INPUT,残缺或不可独立解释输入,短词查询,K12,U13,0,0.7868069,新,3795,939,
教育,assistant_top1k,简单一点,521.0,,,user,ai04,CORRECT_OR_ADJUST_PREVIOUS_OUTPUT,修改上一轮输出,文本缩短请求,K12,U11,0,0.73200756,simple,4204,873,U02
教育,assistant_top1k,我想对作文《《红星照耀中国》读后感》进行个性化编辑,520.0,,,user,ai04,GENERATE_OR_REVISE_TEXT,生成或改写文本,生成与修改作文类文本,K12,U10,0,0.50545746,作文,1424,2064,
教育,assistant_top1k,<div>将下列句子改为感叹句：</div><div>大自然的声音是美妙的。</div>,519.0,,,user,ai04,GENERATE_OR_REVISE_TEXT,生成或改写文本,短句文案查询,K12,U10,0,0.47506395,"牧童骑黄牛,歌声振林樾.意欲捕鸣蝉,忽然闭口",9801,483,
教育,assistant_top1k,十,519.0,,,user,ai04,NON_INTENT_FRAGMENT_UNDERSPECIFIED_INPUT,残缺或不可独立解释输入,查询数字对应信息,K12,U13,0,0.9999999,十,9780,484,
教育,assistant_top1k,晚一点,519.0,,,user,ai04,NON_INTENT_SOCIAL_OR_EMOTIONAL_TURN,无内容社交与情绪表达轮,文本缩短请求,K12,U13,0,0.6597585,请稍候…,8482,532,
教育,assistant_top1k,再给我出一个类似的生肖谜语,517.0,,,user,ai04,CORRECT_OR_ADJUST_PREVIOUS_OUTPUT,修改上一轮输出,命理测算与运势查询,K12,U11,0,0.5937247,生肖还需自己查打准确生肖,5448,730,U13
教育,assistant_top1k,寓意,517.0,,,user,ai04,EXPLAIN_OR_IDENTIFY,解释含义或识别指称,查询字词翻译与语言知识,K12,U02,0,0.6362098,...... 表示什么意思,1749,1700,
教育,assistant_top1k,感悟,516.0,,,user,ai04,NON_INTENT_FRAGMENT_UNDERSPECIFIED_INPUT,残缺或不可独立解释输入,识别日常口语片段并应答,K12,U02,0,0.69125026,feel,4014,903,U02
教育,assistant_top1k,换一个,515.0,,,user,ai04,CORRECT_OR_ADJUST_PREVIOUS_OUTPUT,修改上一轮输出,继续或重新生成内容,K12,U11,0,0.6881928,一个,8002,556,
教育,assistant_top1k,性感,512.0,,,user,ai04,NON_INTENT_FRAGMENT_UNDERSPECIFIED_INPUT,残缺或不可独立解释输入,生成突出女性胸部的性感图像,K12,U02,0,1.0000001,性感,2975,1114,
教育,assistant_top1k,......一......就......造句,509.0,,,user,ai04,NON_INTENT_SOCIAL_OR_EMOTIONAL_TURN,无内容社交与情绪表达轮,识别日常口语片段并应答,K12,U10,0,0.7737824,要是......就......造句 简单,3559,978,U10
教育,assistant_top1k,七,509.0,,,user,ai04,NON_INTENT_FRAGMENT_UNDERSPECIFIED_INPUT,残缺或不可独立解释输入,查询数字对应信息,K12,U13,0,1.0000002,七,4165,879,
教育,assistant_top1k,在吗,508.0,,,user,ai04,NON_INTENT_FRAGMENT_UNDERSPECIFIED_INPUT,残缺或不可独立解释输入,确认性问题解答,K12,U11,0,0.79190063,在,2644,1224,
教育,assistant_top1k,红星照耀中国,505.0,,,user,ai04,NON_INTENT_FRAGMENT_UNDERSPECIFIED_INPUT,残缺或不可独立解释输入,查询军事历史与国际政治话题,K12,U02,0,0.5338951,星,7458,585,
教育,assistant_top1k,回复,504.0,,,user,ai04,CORRECT_OR_ADJUST_PREVIOUS_OUTPUT,修改上一轮输出,继续或重新生成内容,K12,U13,0,0.7383535,reply,9372,498,U13
教育,assistant_top1k,防溺水手抄报,503.0,,,user,ai04,GENERAL_HOWTO_GUIDE,通用操作与生活指南,生成与修改作文类文本,K12,U09,0,0.9999998,防溺水手抄报,3523,983,
教育,assistant_top1k,简便运算,502.0,,,user,ai04,NON_INTENT_FRAGMENT_UNDERSPECIFIED_INPUT,残缺或不可独立解释输入,文本缩短请求,K12,U04,0,0.61389506,simple,4204,873,U02
教育,assistant_top1k,霎组词,502.0,,,user,ai04,NON_INTENT_FRAGMENT_UNDERSPECIFIED_INPUT,残缺或不可独立解释输入,查询字词翻译与语言知识,K12,U08,0,1.0000002,霎组词,3142,1068,
教育,assistant_top1k,鼓励学子的金句,499.0,,,user,ai04,GENERATE_OR_REVISE_TEXT,生成或改写文本,短句文案查询,K12,U08,0,0.7415132,励志的句子经典语句,2440,1300,U08
教育,assistant_top1k,我想对作文《《红岩》读后感》进行个性化编辑,498.0,,,user,ai04,GENERATE_OR_REVISE_TEXT,生成或改写文本,生成与修改作文类文本,K12,U10,1,0.50578016,四渡赤水观后感300字左右,2041,1506,
教育,assistant_top1k,概括,497.0,,,user,ai04,NON_INTENT_FRAGMENT_UNDERSPECIFIED_INPUT,残缺或不可独立解释输入,整理生成表格与总结,K12,U13,0,0.5783678,example,8765,521,
教育,assistant_top1k,概括全文和总结全文的区别,497.0,,,user,ai04,EXPLAIN_OR_IDENTIFY,解释含义或识别指称,整理生成表格与总结,K12,U04,0,0.5217434,全日制和非全日制的区别,3100,1078,
教育,assistant_top1k,烂若披锦是什么生肖,497.0,,,user,ai04,FORTUNE_DREAM_DIVINATION,命理解梦与占卜,命理测算与运势查询,K12,U03,0,0.5834995,所向披靡是什么生肖,8342,538,
教育,assistant_top1k,这句话出自哪里,497.0,,,user,ai04,EXPLAIN_OR_IDENTIFY,解释含义或识别指称,查询所在位置与归属地,K12,U13,0,0.43140033,出师表原文全篇,1054,2786,
教育,assistant_top1k,带拼音,495.0,,,user,ai04,NON_INTENT_FRAGMENT_UNDERSPECIFIED_INPUT,残缺或不可独立解释输入,查询字词翻译与语言知识,K12,U13,0,0.83185685,拼音,2876,1143,
教育,assistant_top1k,水,494.0,,,user,ai04,NON_INTENT_FRAGMENT_UNDERSPECIFIED_INPUT,残缺或不可独立解释输入,短词查询,K12,U02,0,0.99999964,水,2710,1199,
教育,assistant_top1k,谢了,494.0,,,user,ai04,NON_INTENT_SOCIAL_OR_EMOTIONAL_TURN,无内容社交与情绪表达轮,识别日常口语片段并应答,K12,U11,0,0.8780665,谢,8153,548,
教育,assistant_top1k,否,493.0,,,user,ai04,FACT_VERIFICATION_AND_RUMOR_OR_STATUS_CHECK,核验真伪、传闻与进展,确认性问题解答,K12,U13,0,0.81768847,不,1924,1581,
教育,assistant_top1k,多少字？,491.0,,,user,ai04,CORRECT_OR_ADJUST_PREVIOUS_OUTPUT,修改上一轮输出,文本字数查询与控制,K12,U13,0,0.6282505,多,9454,496,
教育,assistant_top1k,1,490.0,,,user,ai04,NON_INTENT_FRAGMENT_UNDERSPECIFIED_INPUT,残缺或不可独立解释输入,查询短编号、IP地址及专名,K12,U13,0,1.0000005,1,83,12261,U13
教育,assistant_top1k,这一题,487.0,,,user,ai04,NON_INTENT_FRAGMENT_UNDERSPECIFIED_INPUT,残缺或不可独立解释输入,直接给出答案,K12,U13,0,0.70561194,这,4884,787,
教育,assistant_top1k,怎么,486.0,,,user,ai04,NON_INTENT_FRAGMENT_UNDERSPECIFIED_INPUT,残缺或不可独立解释输入,操作与制作方法查询,K12,U13,0,1.0000002,怎么,3336,1024,
教育,assistant_top1k,少字,485.0,,,user,ai04,CORRECT_OR_ADJUST_PREVIOUS_OUTPUT,修改上一轮输出,文本字数查询与控制,K12,U13,0,0.7861262,少,9095,509,
教育,assistant_top1k,崩组词,482.0,,,user,ai04,EXPLAIN_OR_IDENTIFY,解释含义或识别指称,查询字词翻译与语言知识,K12,U08,0,1.0000001,崩组词,4161,880,
教育,assistant_top1k,有病,482.0,,,user,ai04,NON_INTENT_FRAGMENT_UNDERSPECIFIED_INPUT,残缺或不可独立解释输入,医疗症状原因与处理建议查询,K12,U02,0,0.6352901,有,2729,1191,
教育,assistant_top1k,简短一点,482.0,,,user,ai04,CORRECT_OR_ADJUST_PREVIOUS_OUTPUT,修改上一轮输出,文本缩短请求,K12,U11,0,0.7442129,simple,4204,873,U02
教育,assistant_top1k,文,478.0,,,user,ai04,NON_INTENT_FRAGMENT_UNDERSPECIFIED_INPUT,残缺或不可独立解释输入,文本字数查询与控制,K12,U13,0,0.99999946,文,4239,868,
教育,assistant_top1k,彩虹的唯美句子,476.0,,,user,ai04,GENERATE_OR_REVISE_TEXT,生成或改写文本,短句文案查询,K12,U08,0,0.76407385,晚霞的唯美句子,8127,549,U09
教育,assistant_top1k,播放,476.0,,,user,ai04,NON_INTENT_FRAGMENT_UNDERSPECIFIED_INPUT,残缺或不可独立解释输入,免费影视在线观看查询,K12,U13,0,0.6138531,看,4870,788,
教育,assistant_top1k,二年级,472.0,,,user,ai04,NON_INTENT_FRAGMENT_UNDERSPECIFIED_INPUT,残缺或不可独立解释输入,短词查询,K12,U13,0,0.63825244,二,3263,1041,
教育,assistant_top1k,暑假,471.0,,,user,ai04,NON_INTENT_FRAGMENT_UNDERSPECIFIED_INPUT,残缺或不可独立解释输入,短词查询,K12,U02,0,1.0000004,暑假,3783,940,
教育,assistant_top1k,用更简单的词汇重写一遍,471.0,,,user,ai04,CORRECT_OR_ADJUST_PREVIOUS_OUTPUT,修改上一轮输出,文本缩短请求,K12,U11,0,0.5677179,simple,4204,873,U02
教育,assistant_top1k,墙组词,470.0,,,user,ai04,EXPLAIN_OR_IDENTIFY,解释含义或识别指称,查询字词翻译与语言知识,K12,U08,0,0.65441334,wall,8020,555,
教育,assistant_top1k,所以,468.0,,,user,ai04,NON_INTENT_FRAGMENT_UNDERSPECIFIED_INPUT,残缺或不可独立解释输入,识别日常口语片段并应答,K12,U13,0,0.72004396,是,1383,2121,
教育,assistant_top1k,作者,467.0,,,user,ai04,NON_INTENT_FRAGMENT_UNDERSPECIFIED_INPUT,残缺或不可独立解释输入,短词查询,K12,U13,0,0.66560805,author,4958,779,
教育,assistant_top1k,字少一些,466.0,,,user,ai04,CORRECT_OR_ADJUST_PREVIOUS_OUTPUT,修改上一轮输出,文本字数查询与控制,K12,U11,0,0.749332,少,9095,509,
教育,assistant_top1k,高中,466.0,,,user,ai04,NON_INTENT_FRAGMENT_UNDERSPECIFIED_INPUT,残缺或不可独立解释输入,短词查询,K12,U02,0,0.7080383,大学,2359,1339,
教育,assistant_top1k,准,463.0,,,user,ai04,NON_INTENT_FRAGMENT_UNDERSPECIFIED_INPUT,残缺或不可独立解释输入,表达同意或确认,K12,U13,0,0.6997768,正,7115,605,U13
教育,assistant_top1k,帮我画 红岩手抄报,463.0,,,user,ai04,GENERATE_OR_EDIT_SAFE_IMAGE,生成或编辑非敏感图像,按描述生成图片与Logo设计,K12,U10,0,0.52966696,建党节手抄报,7583,578,U09
教育,assistant_top1k,水调歌头,463.0,,,user,ai04,MEDIA_CONTENT_SEARCH_OR_ACCESS,按线索查找或获取影音书资源,歌词歌曲及音乐信息查询,K12,U02,0,0.99999976,水调歌头,1557,1897,
教育,assistant_top1k,猜生肖,462.0,,,user,ai04,FORTUNE_DREAM_DIVINATION,命理解梦与占卜,命理测算与运势查询,K12,U13,0,0.6670107,红云满天猜一生肖,6650,633,
教育,assistant_top1k,谢,462.0,,,user,ai04,NON_INTENT_FRAGMENT_UNDERSPECIFIED_INPUT,残缺或不可独立解释输入,识别日常口语片段并应答,K12,U13,0,0.9999995,谢,8153,548,
教育,assistant_top1k,高,462.0,,,user,ai04,NON_INTENT_FRAGMENT_UNDERSPECIFIED_INPUT,残缺或不可独立解释输入,短词查询,K12,U02,0,1.0000006,高,3421,1006,
教育,assistant_top1k,品牌,461.0,,,user,ai04,NON_INTENT_FRAGMENT_UNDERSPECIFIED_INPUT,残缺或不可独立解释输入,短词查询,K12,U13,0,0.6760589,brand,8568,529,
教育,assistant_top1k,小学,459.0,,,user,ai04,NON_INTENT_FRAGMENT_UNDERSPECIFIED_INPUT,残缺或不可独立解释输入,短词查询,K12,U02,0,0.73066086,大学,2359,1339,
教育,assistant_top1k,孙宇晨小作文全文,455.0,,,user,ai04,GENERATE_OR_REVISE_TEXT,生成或改写文本,查询孙宇晨与景甜关系及风波,K12,U09,0,0.5740956,作文,1424,2064,
教育,assistant_top1k,丰乳肥臀,454.0,,,user,ai04,ADULT_OR_VIOLENT_CONTENT_REQUEST,索取或生成成人、色情或暴力内容,胸部变大处理,K12,U02,0,0.54139966,性感,2975,1114,
教育,assistant_top1k,哪里,454.0,,,user,ai04,NON_INTENT_FRAGMENT_UNDERSPECIFIED_INPUT,残缺或不可独立解释输入,查询所在位置与归属地,K12,U13,0,0.83254737,哪,4865,788,U13
教育,assistant_top1k,两所学校哪个升学率更高,453.0,,,user,ai04,LIST_AND_RECOMMENDATION_REQUEST,枚举清单或建议推荐,查询学校和教育信息,K12,U13,0,0.60326403,3+4是100%上本科吗,7227,598,
教育,assistant_top1k,壮组词,451.0,,,user,ai04,LIST_AND_RECOMMENDATION_REQUEST,枚举清单或建议推荐,查询字词翻译与语言知识,K12,U08,0,0.9999997,壮组词,4468,838,
教育,assistant_top1k,补充,451.0,,,user,ai04,NON_INTENT_FRAGMENT_UNDERSPECIFIED_INPUT,残缺或不可独立解释输入,继续或重新生成内容,K12,U11,0,0.62374955,再接再厉,6117,673,U02
教育,assistant_top1k,简短,450.0,,,user,ai04,CORRECT_OR_ADJUST_PREVIOUS_OUTPUT,修改上一轮输出,文本缩短请求,K12,U11,0,0.80706173,simple,4204,873,U02
教育,assistant_top1k,啥意思？,449.0,,,user,ai04,EXPLAIN_OR_IDENTIFY,解释含义或识别指称,查询事物或词语的含义与说明,K12,U13,0,0.76253456,...是什么意思?,3276,1038,U13
教育,assistant_top1k,填空,448.0,,,user,ai04,CORRECT_OR_ADJUST_PREVIOUS_OUTPUT,修改上一轮输出,直接给出答案,K12,U13,0,0.69019145,空,8948,514,
教育,assistant_top1k,帮我组词,448.0,,,user,ai04,GENERATE_OR_REVISE_TEXT,生成或改写文本,归集含“我”字杂项查询,K12,U10,0,0.74613404,找组词,9116,508,U13
教育,assistant_top1k,这首诗的全文是什么,448.0,,,user,ai04,EXPLAIN_OR_IDENTIFY,解释含义或识别指称,查询背景音乐歌名,K12,U13,0,0.57575536,木兰诗全文,6890,619,
教育,assistant_top1k,晚上,445.0,,,user,ai04,NON_INTENT_FRAGMENT_UNDERSPECIFIED_INPUT,残缺或不可独立解释输入,短词查询,K12,U13,0,0.64924103,上,2903,1134,
教育,assistant_top1k,读书名言名句,445.0,,,user,ai04,GENERATE_OR_REVISE_TEXT,生成或改写文本,短句文案查询,K12,U08,0,0.59965986,古人谈读书(一)(二)原文,2667,1213,
教育,assistant_top1k,聊天,444.0,,,user,ai04,NON_INTENT_FRAGMENT_UNDERSPECIFIED_INPUT,残缺或不可独立解释输入,识别日常口语片段并应答,K12,U13,0,0.62759125,talk,4530,831,
教育,assistant_top1k,四字词语,443.0,,,user,ai04,GENERATE_OR_REVISE_TEXT,生成或改写文本,文本字数查询与控制,K12,U02,0,0.8695188,四字成语,5050,770,
教育,assistant_top1k,写作文,442.0,,,user,ai04,GENERATE_OR_REVISE_TEXT,生成或改写文本,生成与修改作文类文本,K12,U10,0,0.9143602,作文,1424,2064,
教育,assistant_top1k,缩小,442.0,,,user,ai04,CORRECT_OR_ADJUST_PREVIOUS_OUTPUT,修改上一轮输出,文本缩短请求,K12,U13,0,0.68161947,小,1629,1815,
教育,assistant_top1k,帮我画 教师节手抄报,441.0,,,user,ai04,GENERATE_OR_EDIT_SAFE_IMAGE,生成或编辑非敏感图像,按描述生成图片与Logo设计,K12,U10,0,0.6239177,建党节手抄报,7583,578,U09
教育,assistant_top1k,简爱读后感600字,438.0,,,user,ai04,GENERATE_OR_REVISE_TEXT,生成或改写文本,生成与修改作文类文本,K12,U10,0,0.517308,爱,2500,1275,
教育,assistant_top1k,型号,437.0,,,user,ai04,NON_INTENT_FRAGMENT_UNDERSPECIFIED_INPUT,残缺或不可独立解释输入,品牌型号性价比与口碑比较推荐,K12,U13,0,0.6303019,type,3722,950,
教育,assistant_top1k,解释,437.0,,,user,ai04,NON_INTENT_FRAGMENT_UNDERSPECIFIED_INPUT,残缺或不可独立解释输入,查询字词翻译与语言知识,K12,U13,0,0.7654868,解,6958,615,U13
教育,assistant_top1k,单选,433.0,,,user,ai04,NON_INTENT_FRAGMENT_UNDERSPECIFIED_INPUT,残缺或不可独立解释输入,文本缩短请求,K12,U13,0,0.79719687,单,6392,652,U02
教育,assistant_top1k,小英雄雨来读后感,432.0,,,user,ai04,GENERATE_OR_REVISE_TEXT,生成或改写文本,生成与修改作文类文本,K12,U09,0,0.4872053,电影四渡观后感,6064,677,
教育,assistant_top1k,这是多少字？,432.0,,,user,ai04,EXPLAIN_OR_IDENTIFY,解释含义或识别指称,文本字数查询与控制,K12,U13,0,0.586776,这的笔顺,7409,588,
教育,assistant_top1k,猜成语,431.0,,,user,ai04,GENERATE_OR_REVISE_TEXT,生成或改写文本,查询字词翻译与语言知识,K12,U01,0,0.81678337,成语,8163,547,
教育,assistant_top1k,表达对人心寒失望的句子,431.0,,,user,ai04,GENERATE_OR_REVISE_TEXT,生成或改写文本,短句文案查询,K12,U09,0,0.5693087,"未经他人苦,莫劝他人善,你若经我苦,未必有我善!",9891,480,
教育,assistant_top1k,亮,430.0,,,user,ai04,NON_INTENT_FRAGMENT_UNDERSPECIFIED_INPUT,残缺或不可独立解释输入,短词查询,K12,U02,0,0.69919837,light,2582,1249,
教育,assistant_top1k,会,430.0,,,user,ai04,NON_INTENT_FRAGMENT_UNDERSPECIFIED_INPUT,残缺或不可独立解释输入,检索极短通用词,K12,U13,0,0.9999998,会,7474,584,
教育,assistant_top1k,弯腰,428.0,,,user,ai04,ADULT_OR_VIOLENT_CONTENT_REQUEST,索取或生成成人、色情或暴力内容,查询双腿张开姿势,K12,U02,0,0.53278047,锻炼,7931,559,
教育,assistant_top1k,猜一生肖,427.0,,,user,ai04,FORTUNE_DREAM_DIVINATION,命理解梦与占卜,命理测算与运势查询,K12,U07,0,0.6966016,红云满天猜一生肖,6650,633,
教育,assistant_top1k,五,426.0,,,user,ai04,NON_INTENT_FRAGMENT_UNDERSPECIFIED_INPUT,残缺或不可独立解释输入,查询数字对应信息,K12,U02,0,1.0000007,五,4906,784,
教育,assistant_top1k,怎么拼,426.0,,,user,ai04,GENERAL_HOWTO_GUIDE,通用操作与生活指南,操作与制作方法查询,K12,U13,0,0.6747176,的拼音,4132,885,
教育,assistant_top1k,暑假趣事作文,426.0,,,user,ai04,GENERATE_OR_REVISE_TEXT,生成或改写文本,生成与修改作文类文本,K12,U09,0,0.61085594,暑假,3783,940,
教育,assistant_top1k,站立,426.0,,,user,ai04,NON_INTENT_FRAGMENT_UNDERSPECIFIED_INPUT,残缺或不可独立解释输入,查询双腿张开姿势,K12,U02,0,0.6648424,伫立的拼音,7938,559,
教育,assistant_top1k,二年级下册成长手册家长寄语,425.0,,,user,ai04,GENERATE_OR_REVISE_TEXT,生成或改写文本,家长感谢老师话术查询,K12,U10,0,0.68549156,小学毕业家长对孩子寄语,4229,869,U10
教育,assistant_top1k,字,423.0,,,user,ai04,NON_INTENT_FRAGMENT_UNDERSPECIFIED_INPUT,残缺或不可独立解释输入,文本字数查询与控制,K12,U02,0,0.7197334,书法字典,4447,841,U01
教育,assistant_top1k,数学,423.0,,,user,ai04,NON_INTENT_FRAGMENT_UNDERSPECIFIED_INPUT,残缺或不可独立解释输入,短词查询,K12,U02,0,0.7689033,数,9331,500,U13
教育,assistant_top1k,潦草塞责打一生肖,423.0,,,user,ai04,FORTUNE_DREAM_DIVINATION,命理解梦与占卜,命理测算与运势查询,K12,U09,0,0.66608584,才华横溢打一生肖,3060,1093,
教育,assistant_top1k,简便点,423.0,,,user,ai04,CORRECT_OR_ADJUST_PREVIOUS_OUTPUT,修改上一轮输出,文本缩短请求,K12,U11,0,0.7515771,simple,4204,873,U02
教育,assistant_top1k,删除,422.0,,,user,ai04,TOOL_PANEL_SINGLE_STEP_COMMAND,工具面板单步操作指令,去除图片文字与图标,K12,U11,0,0.6113928,怎么,3336,1024,
教育,assistant_top1k,名人名言――短句,421.0,,,user,ai04,GENERATE_OR_REVISE_TEXT,生成或改写文本,短句文案查询,K12,U08,0,0.5783825,励志的句子经典语句,2440,1300,U08
教育,assistant_top1k,短一点,421.0,,,user,ai04,CORRECT_OR_ADJUST_PREVIOUS_OUTPUT,修改上一轮输出,文本缩短请求,K12,U11,0,0.6416668,一分一段,507,5001,U02
教育,assistant_top1k,翻译,419.0,,,user,ai04,CORRECT_OR_ADJUST_PREVIOUS_OUTPUT,修改上一轮输出,查询字词翻译与语言知识,K12,U01,0,1.0000006,翻译,3,46513,U01
教育,assistant_top1k,跪下,419.0,,,user,ai04,NON_INTENT_FRAGMENT_UNDERSPECIFIED_INPUT,残缺或不可独立解释输入,查询双腿张开姿势,K12,U13,0,0.6521579,down,4855,789,
教育,assistant_top1k,价位多少,418.0,,,user,ai04,PRICE_COST_INQUIRY,价格或费用查询,查询价格费用,K12,U13,0,0.6482302,price,6015,681,U13
教育,assistant_top1k,学费多少,417.0,,,user,ai04,PRICE_COST_INQUIRY,价格或费用查询,查询价格费用,K12,U13,0,0.7756755,研究生学费一年多少,4715,806,U03
教育,assistant_top1k,家长寄语三年级简短,417.0,,,user,ai04,GENERATE_OR_REVISE_TEXT,生成或改写文本,家长感谢老师话术查询,K12,U10,0,0.7486096,幼儿园毕业家长寄语简短,492,5048,U10
教育,assistant_top1k,八月收尾的唯美句子,416.0,,,user,ai04,GENERATE_OR_REVISE_TEXT,生成或改写文本,短句文案查询,K12,U08,0,0.73244035,七月你好唯美的句子简短,1214,2412,U09
教育,assistant_top1k,我想对作文《我的心爱之物》进行个性化编辑,416.0,,,user,ai04,GENERATE_OR_REVISE_TEXT,生成或改写文本,生成与修改作文类文本,K12,U10,0,0.52276236,作文,1424,2064,
教育,assistant_top1k,初一水平,414.0,,,user,ai04,NUMERIC_FACT_AND_POLICY_LOOKUP,数值事实与年度政策查询,查询学校和教育信息,K12,U13,0,0.5781851,中考成绩,4604,819,
教育,assistant_top1k,复制,412.0,,,user,ai04,NON_INTENT_FRAGMENT_UNDERSPECIFIED_INPUT,残缺或不可独立解释输入,整理生成表格与总结,K12,U11,0,0.73278797,复,8557,529,U02
教育,assistant_top1k,时间,412.0,,,user,ai04,NON_INTENT_FRAGMENT_UNDERSPECIFIED_INPUT,残缺或不可独立解释输入,短词查询,K12,U03,0,0.89480627,时,9374,498,U13
教育,assistant_top1k,80词,411.0,,,user,ai04,NON_INTENT_FRAGMENT_UNDERSPECIFIED_INPUT,残缺或不可独立解释输入,查询数字对应信息,K12,U13,0,0.5994275,八年级上册英语单词,6536,642,
教育,assistant_top1k,两个,411.0,,,user,ai04,NON_INTENT_FRAGMENT_UNDERSPECIFIED_INPUT,残缺或不可独立解释输入,短词查询,K12,U13,0,0.8887153,两,6875,620,U13
教育,assistant_top1k,中文意思,411.0,,,user,ai04,EXPLAIN_OR_IDENTIFY,解释含义或识别指称,查询字词翻译与语言知识,K12,U13,0,0.65892106,cosplay的中文意思,9864,481,
教育,assistant_top1k,给,411.0,,,user,ai04,NON_INTENT_FRAGMENT_UNDERSPECIFIED_INPUT,残缺或不可独立解释输入,检索极短通用词,K12,U13,0,0.99999946,给,8023,555,
教育,assistant_top1k,返回,411.0,,,user,ai04,NON_INTENT_FRAGMENT_UNDERSPECIFIED_INPUT,残缺或不可独立解释输入,继续或重新生成内容,K12,U11,0,0.8131807,return,7401,588,U02
教育,assistant_top1k,少一点,410.0,,,user,ai04,CORRECT_OR_ADJUST_PREVIOUS_OUTPUT,修改上一轮输出,文本缩短请求,K12,U11,0,0.7992472,少,9095,509,
教育,assistant_top1k,再简化一下,408.0,,,user,ai04,CORRECT_OR_ADJUST_PREVIOUS_OUTPUT,修改上一轮输出,文本缩短请求,K12,U11,0,0.6430594,再,9079,509,U11
教育,assistant_top1k,岳阳楼记全文,406.0,,,user,ai04,MEDIA_CONTENT_SEARCH_OR_ACCESS,按线索查找或获取影音书资源,生成与修改作文类文本,K12,U09,0,1.0000002,岳阳楼记全文,1675,1779,
教育,assistant_top1k,把,406.0,,,user,ai04,NON_INTENT_FRAGMENT_UNDERSPECIFIED_INPUT,残缺或不可独立解释输入,识别日常口语片段并应答,K12,U13,0,0.6916526,做,3496,988,
教育,assistant_top1k,抓捕,406.0,,,user,ai04,NON_INTENT_FRAGMENT_UNDERSPECIFIED_INPUT,残缺或不可独立解释输入,短词查询,K12,U02,0,0.6776876,捕风捉影,7516,581,
教育,assistant_top1k,请段续写,405.0,,,user,ai04,CORRECT_OR_ADJUST_PREVIOUS_OUTPUT,修改上一轮输出,继续或重新生成内容,K12,U10,0,0.6263546,一分一段,507,5001,U02
教育,assistant_top1k,多,404.0,,,user,ai04,NON_INTENT_FRAGMENT_UNDERSPECIFIED_INPUT,残缺或不可独立解释输入,识别日常口语片段并应答,K12,U13,0,1.0000007,多,9454,496,
教育,assistant_top1k,也不对,403.0,,,user,ai04,NON_INTENT_FRAGMENT_UNDERSPECIFIED_INPUT,残缺或不可独立解释输入,确认性问题解答,K12,U11,0,0.6455231,不,1924,1581,
教育,assistant_top1k,帮我续写,403.0,,,user,ai04,CORRECT_OR_ADJUST_PREVIOUS_OUTPUT,修改上一轮输出,继续或重新生成内容,K12,U10,0,0.54464144,我,132,10611,U13
教育,assistant_top1k,招组词,402.0,,,user,ai04,GENERATE_OR_REVISE_TEXT,生成或改写文本,查询字词翻译与语言知识,K12,U08,0,1.0,招组词,4746,801,
教育,assistant_top1k,从,401.0,,,user,ai04,NON_INTENT_FRAGMENT_UNDERSPECIFIED_INPUT,残缺或不可独立解释输入,短词查询,K12,U13,0,0.7925953,from,6680,631,U02
教育,assistant_top1k,白色三点式,401.0,,,user,ai04,EXPLAIN_OR_IDENTIFY,解释含义或识别指称,性感内衣丝袜查询与生成,K12,U02,0,0.5431615,白,3952,912,
教育,assistant_top1k,综合算式,401.0,,,user,ai04,EXPLAIN_OR_IDENTIFY,解释含义或识别指称,直接给出答案,K12,U02,0,0.5846661,毛利率计算公式,2247,1390,
教育,assistant_top1k,最喜欢妈妈,399.0,,,user,ai04,NON_INTENT_FRAGMENT_UNDERSPECIFIED_INPUT,残缺或不可独立解释输入,获取露骨色情内容,K12,U13,0,0.5727374,最喜欢的英文,9483,495,
教育,assistant_top1k,稻草人的好词好句,398.0,,,user,ai04,GENERATE_OR_REVISE_TEXT,生成或改写文本,短句文案查询,K12,U09,0,0.52803355,六月再见七月你好的唯美句子,3132,1070,
教育,assistant_top1k,耶,398.0,,,user,ai04,NON_INTENT_FRAGMENT_UNDERSPECIFIED_INPUT,残缺或不可独立解释输入,识别日常口语片段并应答,K12,U13,0,0.6605584,啊,834,3457,U13
教育,assistant_top1k,把句子改得更有诗意些,396.0,,,user,ai04,CORRECT_OR_ADJUST_PREVIOUS_OUTPUT,修改上一轮输出,生成与修改作文类文本,K12,U11,0,0.56106967,"五花结队香如雾,一朵倾城醉未苏的诗意是什么",4133,885,
教育,assistant_top1k,教程,396.0,,,user,ai04,NON_INTENT_FRAGMENT_UNDERSPECIFIED_INPUT,残缺或不可独立解释输入,整理生成表格与总结,K12,U13,0,0.72047776,教,9248,503,U13
教育,assistant_top1k,鞭组词,396.0,,,user,ai04,EXPLAIN_OR_IDENTIFY,解释含义或识别指称,查询字词翻译与语言知识,K12,U08,0,0.6179301,壮组词,4468,838,
教育,assistant_top1k,列式计算,394.0,,,user,ai04,EXPLAIN_OR_IDENTIFY,解释含义或识别指称,直接给出答案,K12,U13,0,0.5805252,脱式计算什么意思,4903,785,U04
教育,assistant_top1k,简爱手抄报,394.0,,,user,ai04,MEDIA_CONTENT_SEARCH_OR_ACCESS,按线索查找或获取影音书资源,文本缩短请求,K12,U09,0,0.6405635,简笔画,1191,2447,
教育,assistant_top1k,120字,393.0,,,user,ai04,GENERATE_OR_REVISE_TEXT,生成或改写文本,文本字数查询与控制,K12,U13,0,0.57943225,大写的壹贰叁到十整,2472,1285,
教育,assistant_top1k,跟读,393.0,,,user,ai04,NON_INTENT_FRAGMENT_UNDERSPECIFIED_INPUT,残缺或不可独立解释输入,整理生成表格与总结,K12,U01,0,0.72452766,阅读,6120,673,
教育,assistant_top1k,余组词,392.0,,,user,ai04,NON_INTENT_FRAGMENT_UNDERSPECIFIED_INPUT,残缺或不可独立解释输入,查询字词翻译与语言知识,K12,U08,0,0.79616046,余的拼音,6115,673,U03
教育,assistant_top1k,答,392.0,,,user,ai04,NON_INTENT_FRAGMENT_UNDERSPECIFIED_INPUT,残缺或不可独立解释输入,直接给出答案,K12,U13,0,0.8732206,答题,8524,531,
教育,assistant_top1k,天,391.0,,,user,ai04,NON_INTENT_FRAGMENT_UNDERSPECIFIED_INPUT,残缺或不可独立解释输入,短词查询,K12,U13,0,1.0000005,天,1807,1658,
教育,assistant_top1k,句子,390.0,,,user,ai04,CORRECT_OR_ADJUST_PREVIOUS_OUTPUT,修改上一轮输出,短句文案查询,K12,U02,0,0.67309284,励志的句子经典语句,2440,1300,U08
教育,assistant_top1k,形容女人有气质,390.0,,,user,ai04,GENERATE_OR_REVISE_TEXT,生成或改写文本,短句文案查询,K12,U08,0,0.72644866,形容女子美貌的词语,8520,531,U08
教育,assistant_top1k,六年级,388.0,,,user,ai04,NON_INTENT_FRAGMENT_UNDERSPECIFIED_INPUT,残缺或不可独立解释输入,短词查询,K12,U13,0,0.72193414,六年级下册语文,6636,635,U02
教育,assistant_top1k,写后续,388.0,,,user,ai04,CORRECT_OR_ADJUST_PREVIOUS_OUTPUT,修改上一轮输出,继续或重新生成内容,K12,U13,0,0.62942976,后,9440,496,
教育,assistant_top1k,坐下,388.0,,,user,ai04,NON_INTENT_FRAGMENT_UNDERSPECIFIED_INPUT,残缺或不可独立解释输入,查询双腿张开姿势,K12,U13,0,0.72154844,坐组词,8161,547,U08
教育,assistant_top1k,将进酒,388.0,,,user,ai04,MEDIA_CONTENT_SEARCH_OR_ACCESS,按线索查找或获取影音书资源,杂项查询意图识别,K12,U02,0,1.0000002,将进酒,578,4630,U02
教育,assistant_top1k,男,387.0,,,user,ai04,NON_INTENT_FRAGMENT_UNDERSPECIFIED_INPUT,残缺或不可独立解释输入,短词查询,K12,U13,0,1.0000005,男,4525,832,
教育,assistant_top1k,这首诗表达了诗人怎样的情感,387.0,,,user,ai04,GENERATE_OR_REVISE_TEXT,生成或改写文本,生成与修改作文类文本,K12,U13,0,0.5754581,"曾经沧海难为水,除却巫山不是云的意思",3449,1000,
教育,assistant_top1k,再简化一点,386.0,,,user,ai04,CORRECT_OR_ADJUST_PREVIOUS_OUTPUT,修改上一轮输出,文本缩短请求,K12,U11,0,0.6380252,simple,4204,873,U02
教育,assistant_top1k,跳舞,386.0,,,user,ai04,NON_INTENT_FRAGMENT_UNDERSPECIFIED_INPUT,残缺或不可独立解释输入,短词查询,K12,U02,0,1.0000001,跳舞,8957,514,
教育,assistant_top1k,800字,385.0,,,user,ai04,GENERATE_OR_REVISE_TEXT,生成或改写文本,文本字数查询与控制,K12,U13,0,0.74611056,作文800字优秀作文,6136,671,U09
教育,assistant_top1k,扬组词,385.0,,,user,ai04,GENERATE_OR_REVISE_TEXT,生成或改写文本,查询字词翻译与语言知识,K12,U08,0,1.0000002,扬组词,1856,1627,
教育,assistant_top1k,直接报答案,385.0,,,user,ai04,CORRECT_OR_ADJUST_PREVIOUS_OUTPUT,修改上一轮输出,直接给出答案,K12,U11,0,0.69628,答题,8524,531,
教育,assistant_top1k,答案。,385.0,,,user,ai04,NON_INTENT_FRAGMENT_UNDERSPECIFIED_INPUT,残缺或不可独立解释输入,直接给出答案,K12,U13,0,0.7256289,答题,8524,531,
教育,assistant_top1k,请帮我从诗歌原文、诗句分析、诗歌主旨、作者介绍及创作背景等角度来详细讲讲《沁园春·雪》这首诗。,384.0,,,user,ai04,GENERATE_OR_REVISE_TEXT,生成或改写文本,生成与修改作文类文本,K12,U04,0,0.6848476,沁园春雪原文全文,9491,495,
教育,assistant_top1k,术士,383.0,,,user,ai04,NON_INTENT_FRAGMENT_UNDERSPECIFIED_INPUT,残缺或不可独立解释输入,玄幻同人设定创作与剧情讨论查询,K12,U02,0,0.5637866,斗方名士,177,9585,U02
教育,assistant_top1k,二年级下册家长寄语怎么写,382.0,,,user,ai04,GENERATE_OR_REVISE_TEXT,生成或改写文本,家长感谢老师话术查询,K12,U06,0,0.69566447,小学毕业家长对孩子寄语,4229,869,U10
教育,assistant_top1k,红星照耀中国思维导图,382.0,,,user,ai04,MEDIA_CONTENT_SEARCH_OR_ACCESS,按线索查找或获取影音书资源,地图全图查看,K12,U09,0,0.4886019,"生在红旗下,长在春风,目光所至皆为华夏全文",7280,595,
教育,assistant_top1k,雨天的唯美句子,382.0,,,user,ai04,GENERATE_OR_REVISE_TEXT,生成或改写文本,短句文案查询,K12,U08,0,0.71588105,晚霞的唯美句子,8127,549,U09
教育,assistant_top1k,来源,379.0,,,user,ai04,NON_INTENT_FRAGMENT_UNDERSPECIFIED_INPUT,残缺或不可独立解释输入,短词查询,K12,U13,0,0.7029902,来,4356,851,
教育,assistant_top1k,用三年级的方法,379.0,,,user,ai04,GENERATE_OR_REVISE_TEXT,生成或改写文本,整理生成表格与总结,K12,U13,0,0.6034507,分两段打三个数字,3909,919,
教育,assistant_top1k,劳师袭远是什么生肖,378.0,,,user,ai04,ENTITY_BACKGROUND_LOOKUP,核查人物或机构背景,命理测算与运势查询,K12,U09,0,0.522328,早出晚归是什么生肖,2328,1351,
教育,assistant_top1k,堤组词,377.0,,,user,ai04,GENERATE_OR_REVISE_TEXT,生成或改写文本,查询字词翻译与语言知识,K12,U08,0,1.0,堤组词,3672,958,
教育,assistant_top1k,"有38根小棒,两人轮流拿,每次只能拿2根",375.0,,,user,ai04,NON_INTENT_FRAGMENT_UNDERSPECIFIED_INPUT,残缺或不可独立解释输入,识别并处理零散口语与叙事片段,K12,U13,0,0.57863617,又是双棒打一数字,9515,494,
教育,assistant_top1k,议论文,374.0,,,user,ai04,GENERATE_OR_REVISE_TEXT,生成或改写文本,生成与修改作文类文本,K12,U02,0,0.6969185,作文,1424,2064,
教育,assistant_top1k,切,373.0,,,user,ai04,NON_INTENT_FRAGMENT_UNDERSPECIFIED_INPUT,残缺或不可独立解释输入,识别日常口语片段并应答,K12,U13,0,0.62091833,做,3496,988,
教育,assistant_top1k,读书名言,373.0,,,user,ai04,GENERATE_OR_REVISE_TEXT,生成或改写文本,短句文案查询,K12,U08,0,0.64243007,古人谈读书(一)(二)原文,2667,1213,
教育,assistant_top1k,这个多少字,373.0,,,user,ai04,CORRECT_OR_ADJUST_PREVIOUS_OUTPUT,修改上一轮输出,文本字数查询与控制,K12,U13,0,0.6251108,少,9095,509,
教育,assistant_top1k,五个字,372.0,,,user,ai04,GENERATE_OR_REVISE_TEXT,生成或改写文本,文本字数查询与控制,K12,U13,0,0.6745644,五,4906,784,
教育,assistant_top1k,到,372.0,,,user,ai04,NON_INTENT_FRAGMENT_UNDERSPECIFIED_INPUT,残缺或不可独立解释输入,识别日常口语片段并应答,K12,U13,0,1.0000004,到,6931,617,
教育,assistant_top1k,放大,372.0,,,user,ai04,NON_INTENT_FRAGMENT_UNDERSPECIFIED_INPUT,残缺或不可独立解释输入,胸部变大处理,K12,U13,0,0.6960317,大,1610,1841,
教育,assistant_top1k,彩色,371.0,,,user,ai04,NON_INTENT_FRAGMENT_UNDERSPECIFIED_INPUT,残缺或不可独立解释输入,短词查询,K12,U02,0,0.8048748,色,1090,2701,
教育,assistant_top1k,爱的教育读后感,371.0,,,user,ai04,GENERATE_OR_REVISE_TEXT,生成或改写文本,生成与修改作文类文本,K12,U10,0,0.5787849,阿嬷的情书观后感,5152,759,
教育,assistant_top1k,字多一点,370.0,,,user,ai04,CORRECT_OR_ADJUST_PREVIOUS_OUTPUT,修改上一轮输出,文本字数查询与控制,K12,U11,0,0.6726249,多的笔顺,9921,479,
教育,assistant_top1k,指什么生肖,370.0,,,user,ai04,EXPLAIN_OR_IDENTIFY,解释含义或识别指称,命理测算与运势查询,K12,U13,0,0.6866992,今年什么生肖,8461,533,
教育,assistant_top1k,抓捕抓捕,369.0,,,user,ai04,NON_INTENT_FRAGMENT_UNDERSPECIFIED_INPUT,残缺或不可独立解释输入,识别日常口语片段并应答,K12,U13,0,0.6465684,捕风捉影,7516,581,
教育,assistant_top1k,再写,368.0,,,user,ai04,CORRECT_OR_ADJUST_PREVIOUS_OUTPUT,修改上一轮输出,继续或重新生成内容,K12,U11,0,0.8233594,再,9079,509,U11
教育,assistant_top1k,怎么组词？,368.0,,,user,ai04,GENERATE_OR_REVISE_TEXT,生成或改写文本,查询字词翻译与语言知识,K12,U06,0,0.7736385,哪组词,2691,1206,U13
教育,assistant_top1k,露腰,367.0,,,user,ai04,ADULT_OR_VIOLENT_CONTENT_REQUEST,索取或生成成人、色情或暴力内容,查询双腿张开姿势,K12,U02,0,0.64187384,裸,8485,532,
教育,assistant_top1k,以“梦想的力量”为题，帮我写一篇作文,366.0,,,user,ai04,GENERATE_OR_REVISE_TEXT,生成或改写文本,生成与修改作文类文本,K12,U10,0,0.5089687,dream,5354,739,
教育,assistant_top1k,思沁复读学校收费标准,366.0,,,user,ai04,PRICE_COST_INQUIRY,价格或费用查询,查询学校和教育信息,K12,U03,0,0.5864234,民办本科学费多少钱一年,8981,513,U03
教育,assistant_top1k,感谢,365.0,,,user,ai04,NON_INTENT_FRAGMENT_UNDERSPECIFIED_INPUT,残缺或不可独立解释输入,识别日常口语片段并应答,K12,U11,0,0.8271313,谢,8153,548,
教育,assistant_top1k,点,365.0,,,user,ai04,NON_INTENT_FRAGMENT_UNDERSPECIFIED_INPUT,残缺或不可独立解释输入,识别日常口语片段并应答,K12,U13,0,0.99999976,点,8780,521,
教育,assistant_top1k,我想对作文《《童年》读后感》进行个性化编辑,364.0,,,user,ai04,GENERATE_OR_REVISE_TEXT,生成或改写文本,生成与修改作文类文本,K12,U10,1,0.4851102,作文,1424,2064,
教育,assistant_top1k,更短,364.0,,,user,ai04,CORRECT_OR_ADJUST_PREVIOUS_OUTPUT,修改上一轮输出,文本缩短请求,K12,U11,0,0.7170831,更,6419,650,U13
教育,assistant_top1k,稍组词,364.0,,,user,ai04,CORRECT_OR_ADJUST_PREVIOUS_OUTPUT,修改上一轮输出,查询字词翻译与语言知识,K12,U08,0,0.71952075,轻组词,7107,605,U08
教育,assistant_top1k,红岩的读后感,364.0,,,user,ai04,GENERATE_OR_REVISE_TEXT,生成或改写文本,生成与修改作文类文本,K12,U09,0,0.51695603,观书有感 朱熹,4332,853,
教育,assistant_top1k,能再给我几个生肖谜语吗,364.0,,,user,ai04,LIST_AND_RECOMMENDATION_REQUEST,枚举清单或建议推荐,命理测算与运势查询,K12,U08,0,0.64134055,猜谜语,8361,538,
教育,assistant_top1k,帮我画 八上手抄报,363.0,,,user,ai04,GENERATE_OR_EDIT_SAFE_IMAGE,生成或编辑非敏感图像,按描述生成图片与Logo设计,K12,U10,0,0.57333595,建党节手抄报,7583,578,U09
教育,assistant_top1k,形容女人气质优雅漂亮的句子,363.0,,,user,ai04,GENERATE_OR_REVISE_TEXT,生成或改写文本,短句文案查询,K12,U08,0,0.73428434,形容女子美貌的词语,8520,531,U08
教育,assistant_top1k,批改作业,363.0,,,user,ai04,NON_INTENT_FRAGMENT_UNDERSPECIFIED_INPUT,残缺或不可独立解释输入,整理生成表格与总结,K12,U01,0,0.77211773,批改网,4514,833,U01
教育,assistant_top1k,期中学习上百度,362.0,,,user,ai04,NAVIGATE_OFFICIAL_ENTRY_OR_TOPIC_FEED,前往官方入口或话题聚合页,查询百度及百度AI入口,K12,U13,0,0.6902866,百度好学,120,11055,U01
教育,assistant_top1k,露才扬己的生肖,362.0,,,user,ai04,FORTUNE_DREAM_DIVINATION,命理解梦与占卜,命理测算与运势查询,K12,U09,0,0.6466003,才华横溢打一生肖,3060,1093,
教育,assistant_top1k,继续往下写,361.0,,,user,ai04,CORRECT_OR_ADJUST_PREVIOUS_OUTPUT,修改上一轮输出,继续或重新生成内容,K12,U10,0,0.66865104,再接再厉,6117,673,U02
教育,assistant_top1k,代表什么生肖,360.0,,,user,ai04,FORTUNE_DREAM_DIVINATION,命理解梦与占卜,命理测算与运势查询,K12,U13,0,0.724729,建党节代表什么生肖,806,3569,U03
教育,assistant_top1k,老板,360.0,,,user,ai04,NON_INTENT_FRAGMENT_UNDERSPECIFIED_INPUT,残缺或不可独立解释输入,短词查询,K12,U02,0,0.67448217,老,5000,775,
教育,assistant_top1k,《我眼中的妈妈》,359.0,,,user,ai04,MEDIA_CONTENT_SEARCH_OR_ACCESS,按线索查找或获取影音书资源,归集含“我”字杂项查询,K12,U02,0,0.52951694,妈的笔顺,5509,723,
教育,assistant_top1k,10个字,357.0,,,user,ai04,GENERATE_OR_REVISE_TEXT,生成或改写文本,文本字数查询与控制,K12,U13,0,0.6693294,十,9780,484,
教育,assistant_top1k,（继续）,357.0,,,user,ai04,NON_INTENT_FRAGMENT_UNDERSPECIFIED_INPUT,残缺或不可独立解释输入,继续当前任务,K12,U11,0,0.72261226,continue,8451,534,U11
教育,assistant_top1k,嵩山少林寺文武学校招生简章,356.0,,,user,ai04,LIST_AND_RECOMMENDATION_REQUEST,枚举清单或建议推荐,查询学校和教育信息,K12,U09,0,0.6055965,郑州铁路职业技术学校2026招生简章,1302,2259,
教育,assistant_top1k,童年的好词好句,356.0,,,user,ai04,GENERATE_OR_REVISE_TEXT,生成或改写文本,短句文案查询,K12,U08,0,0.5533344,谜语大全儿童6到10岁,9316,501,
教育,assistant_top1k,举个例子,355.0,,,user,ai04,NON_INTENT_FRAGMENT_UNDERSPECIFIED_INPUT,残缺或不可独立解释输入,整理生成表格与总结,K12,U11,0,0.6072082,一个,8002,556,
教育,assistant_top1k,尺寸,355.0,,,user,ai04,NON_INTENT_FRAGMENT_UNDERSPECIFIED_INPUT,残缺或不可独立解释输入,短词查询,K12,U02,0,0.6799563,宽,9044,511,
教育,assistant_top1k,烟锁池塘柳对联,355.0,,,user,ai04,GENERATE_OR_REVISE_TEXT,生成或改写文本,传统文化与收藏信息查询及古风内容生成,K12,U09,0,0.49390426,两个黄鹂鸣翠柳全诗原文,3859,928,
教育,assistant_top1k,谐音,355.0,,,user,ai04,NON_INTENT_FRAGMENT_UNDERSPECIFIED_INPUT,残缺或不可独立解释输入,查询字词翻译与语言知识,K12,U02,0,0.6235668,拼音,2876,1143,
教育,assistant_top1k,关闭,354.0,,,user,ai04,NON_INTENT_FRAGMENT_UNDERSPECIFIED_INPUT,残缺或不可独立解释输入,去除图片文字与图标,K12,U13,0,0.67040604,开,7246,597,
教育,assistant_top1k,理解,354.0,,,user,ai04,NON_INTENT_FRAGMENT_UNDERSPECIFIED_INPUT,残缺或不可独立解释输入,识别日常口语片段并应答,K12,U02,0,0.7014589,解,6958,615,U13
教育,assistant_top1k,这首诗表达了什么情感,354.0,,,user,ai04,EXPLAIN_OR_IDENTIFY,解释含义或识别指称,生成与修改作文类文本,K12,U04,0,0.5174174,"曾经沧海难为水,除却巫山不是云的意思",3449,1000,
教育,assistant_top1k,随组词,354.0,,,user,ai04,GENERATE_OR_REVISE_TEXT,生成或改写文本,查询字词翻译与语言知识,K12,U08,0,0.79119563,着组词,5183,756,U08
教育,assistant_top1k,用法,353.0,,,user,ai04,NON_INTENT_FRAGMENT_UNDERSPECIFIED_INPUT,残缺或不可独立解释输入,整理生成表格与总结,K12,U13,0,0.7578039,用,4143,883,
教育,assistant_top1k,还行,353.0,,,user,ai04,NON_INTENT_SOCIAL_OR_EMOTIONAL_TURN,无内容社交与情绪表达轮,表达同意或确认,K12,U13,0,0.69999903,行,3184,1059,
教育,assistant_top1k,150字,352.0,,,user,ai04,GENERATE_OR_REVISE_TEXT,生成或改写文本,文本字数查询与控制,K12,U11,0,0.5829353,千字文,1971,1556,
教育,assistant_top1k,到了,350.0,,,user,ai04,NON_INTENT_FRAGMENT_UNDERSPECIFIED_INPUT,残缺或不可独立解释输入,识别日常口语片段并应答,K12,U13,0,0.8917113,到,6931,617,
教育,assistant_top1k,好句,350.0,,,user,ai04,GENERATE_OR_REVISE_TEXT,生成或改写文本,短句文案查询,K12,U08,0,0.67166775,好,1026,2875,
教育,assistant_top1k,标拼音,350.0,,,user,ai04,NON_INTENT_FRAGMENT_UNDERSPECIFIED_INPUT,残缺或不可独立解释输入,查询字词翻译与语言知识,K12,U01,0,0.80935353,拼音,2876,1143,
教育,assistant_top1k,简,349.0,,,user,ai04,NON_INTENT_FRAGMENT_UNDERSPECIFIED_INPUT,残缺或不可独立解释输入,文本缩短请求,K12,U02,0,0.7872734,simple,4204,873,U02
教育,assistant_top1k,能换成16:9比例吗,349.0,,,user,ai04,GENERATE_OR_EDIT_SAFE_IMAGE,生成或编辑非敏感图像,图片视频修改生成,K12,U10,0,0.5122094,追加一份打三个数字,8454,533,
教育,assistant_top1k,这道题还有没有其他解法,349.0,,,user,ai04,CORRECT_OR_ADJUST_PREVIOUS_OUTPUT,修改上一轮输出,直接给出答案,K12,U06,0,0.5358895,0除以任何数都得0对吗,6575,639,
教育,assistant_top1k,亲,348.0,,,user,ai04,NON_INTENT_FRAGMENT_UNDERSPECIFIED_INPUT,残缺或不可独立解释输入,识别日常口语片段并应答,K12,U13,0,0.99999976,亲,4118,886,
教育,assistant_top1k,简答,348.0,,,user,ai04,CORRECT_OR_ADJUST_PREVIOUS_OUTPUT,修改上一轮输出,文本缩短请求,K12,U11,0,0.75099933,答题,8524,531,
教育,assistant_top1k,胡说八道,348.0,,,user,ai04,NON_INTENT_FRAGMENT_UNDERSPECIFIED_INPUT,残缺或不可独立解释输入,识别日常口语片段并应答,K12,U02,0,0.64896214,滥竽充数,9014,512,
教育,assistant_top1k,行路难,348.0,,,user,ai04,NON_INTENT_FRAGMENT_UNDERSPECIFIED_INPUT,残缺或不可独立解释输入,出行路线距离耗时查询,K12,U02,0,0.9999998,行路难,764,3762,U02
教育,assistant_top1k,加上拼音,347.0,,,user,ai04,CORRECT_OR_ADJUST_PREVIOUS_OUTPUT,修改上一轮输出,查询字词翻译与语言知识,K12,U11,0,0.7957864,拼音,2876,1143,
教育,assistant_top1k,满满不舍和牵挂的句子,347.0,,,user,ai04,GENERATE_OR_REVISE_TEXT,生成或改写文本,短句文案查询,K12,U08,0,0.6684724,正能量满满的正能量句子,9471,495,
教育,assistant_top1k,这个字读什么？,347.0,,,user,ai04,EXPLAIN_OR_IDENTIFY,解释含义或识别指称,查询事物或词语的含义与说明,K12,U13,0,0.6931718,簟字怎么读,6191,668,U03
教育,assistant_top1k,修改,346.0,,,user,ai04,CORRECT_OR_ADJUST_PREVIOUS_OUTPUT,修改上一轮输出,继续或重新生成内容,K12,U13,0,0.6802936,设置,3833,932,
教育,assistant_top1k,用钱如水是什么生肖,346.0,,,user,ai04,FORTUNE_DREAM_DIVINATION,命理解梦与占卜,命理测算与运势查询,K12,U03,0,0.5466023,欲钱买耳朵很大的动物打一生肖,3326,1028,
教育,assistant_top1k,初中水平,345.0,,,user,ai04,NON_INTENT_FRAGMENT_UNDERSPECIFIED_INPUT,残缺或不可独立解释输入,查询学校和教育信息,K12,U02,0,0.67319745,中考成绩,4604,819,
教育,assistant_top1k,表格,345.0,,,user,ai04,NON_INTENT_FRAGMENT_UNDERSPECIFIED_INPUT,残缺或不可独立解释输入,整理生成表格与总结,K12,U02,0,0.65488976,一分一段表,104,11377,U02
教育,assistant_top1k,个,344.0,,,user,ai04,NON_INTENT_FRAGMENT_UNDERSPECIFIED_INPUT,残缺或不可独立解释输入,短词查询,K12,U13,0,0.9999994,个,6070,677,
教育,assistant_top1k,九月的绝美佳句,344.0,,,user,ai04,GENERATE_OR_REVISE_TEXT,生成或改写文本,短句文案查询,K12,U08,0,0.6352722,夏日绝句,8693,524,
教育,assistant_top1k,介绍,344.0,,,user,ai04,NON_INTENT_FRAGMENT_UNDERSPECIFIED_INPUT,残缺或不可独立解释输入,整理生成表格与总结,K12,U13,0,0.66578156,信息,9559,492,
教育,assistant_top1k,位置,344.0,,,user,ai04,NON_INTENT_FRAGMENT_UNDERSPECIFIED_INPUT,残缺或不可独立解释输入,短词查询,K12,U13,0,0.69836736,place,2775,1179,
教育,assistant_top1k,爱的教育好词好句,343.0,,,user,ai04,GENERATE_OR_REVISE_TEXT,生成或改写文本,短句文案查询,K12,U09,0,0.65567756,好想做一次教育片段摘抄大全,4066,897,
教育,assistant_top1k,确定,343.0,,,user,ai04,NON_INTENT_FRAGMENT_UNDERSPECIFIED_INPUT,残缺或不可独立解释输入,识别日常口语片段并应答,K12,U11,0,0.728954,confirm,7278,595,U13
教育,assistant_top1k,需,343.0,,,user,ai04,NON_INTENT_FRAGMENT_UNDERSPECIFIED_INPUT,残缺或不可独立解释输入,检索极短通用词,K12,U13,0,0.83998513,要,5907,690,
教育,assistant_top1k,一样,342.0,,,user,ai04,NON_INTENT_FRAGMENT_UNDERSPECIFIED_INPUT,残缺或不可独立解释输入,确认性问题解答,K12,U13,0,0.6742335,对,2864,1148,
教育,assistant_top1k,什么意思,341.0,,,user,ai04,EXPLAIN_OR_IDENTIFY,解释含义或识别指称,查询事物或词语的含义与说明,K12,U13,0,0.76527685,...是什么意思?,3276,1038,U13
教育,assistant_top1k,吟组词,341.0,,,user,ai04,GENERATE_OR_REVISE_TEXT,生成或改写文本,查询字词翻译与语言知识,K12,U08,0,0.75909394,吟的读音,5440,731,U03
教育,assistant_top1k,沁园春长沙,341.0,,,user,ai04,MEDIA_CONTENT_SEARCH_OR_ACCESS,按线索查找或获取影音书资源,查询地名及地理信息,K12,U02,0,1.0,沁园春长沙,351,6285,U02
教育,assistant_top1k,欣组词,340.0,,,user,ai04,GENERATE_OR_REVISE_TEXT,生成或改写文本,查询字词翻译与语言知识,K12,U08,0,0.6944781,兴组词,5858,694,U08
教育,assistant_top1k,做题,338.0,,,user,ai04,NON_INTENT_FRAGMENT_UNDERSPECIFIED_INPUT,残缺或不可独立解释输入,直接给出答案,K12,U13,0,0.74355894,做,3496,988,
教育,assistant_top1k,我想对作文《《西游记》读后感》进行个性化编辑,338.0,,,user,ai04,GENERATE_OR_REVISE_TEXT,生成或改写文本,生成与修改作文类文本,K12,U10,0,0.48917037,作文,1424,2064,
教育,assistant_top1k,这个谜语还有其他可能的答案吗,338.0,,,user,ai04,CORRECT_OR_ADJUST_PREVIOUS_OUTPUT,修改上一轮输出,直接给出答案,K12,U11,0,0.6945382,谜语,8549,530,
教育,assistant_top1k,小学生手册家长寄语,337.0,,,user,ai04,GENERATE_OR_REVISE_TEXT,生成或改写文本,家长感谢老师话术查询,K12,U09,0,0.7632886,小学毕业家长对孩子寄语,4229,869,U10
教育,assistant_top1k,做,336.0,,,user,ai04,NON_INTENT_FRAGMENT_UNDERSPECIFIED_INPUT,残缺或不可独立解释输入,识别日常口语片段并应答,K12,U13,0,0.99999946,做,3496,988,
教育,assistant_top1k,能再简化一下这个答案吗,336.0,,,user,ai04,CORRECT_OR_ADJUST_PREVIOUS_OUTPUT,修改上一轮输出,改写已有回复,K12,U11,0,0.58540714,答题,8524,531,
教育,assistant_top1k,吗,335.0,,,user,ai04,NON_INTENT_FRAGMENT_UNDERSPECIFIED_INPUT,残缺或不可独立解释输入,确认性问题解答,K12,U13,0,0.71089303,不,1924,1581,
教育,assistant_top1k,飘组词,335.0,,,user,ai04,EXPLAIN_OR_IDENTIFY,解释含义或识别指称,查询字词翻译与语言知识,K12,U08,0,1.0000002,飘组词,2100,1468,
教育,assistant_top1k,八,334.0,,,user,ai04,NON_INTENT_FRAGMENT_UNDERSPECIFIED_INPUT,残缺或不可独立解释输入,查询数字对应信息,K12,U13,0,0.86640215,8,4289,860,U13
教育,assistant_top1k,分享,334.0,,,user,ai04,NON_INTENT_FRAGMENT_UNDERSPECIFIED_INPUT,残缺或不可独立解释输入,识别日常口语片段并应答,K12,U13,0,0.7432934,share,1957,1563,U02
教育,assistant_top1k,操,334.0,,,user,ai04,NON_INTENT_FRAGMENT_UNDERSPECIFIED_INPUT,残缺或不可独立解释输入,短词查询,K12,U13,0,1.0000004,操,1549,1903,
教育,assistant_top1k,400字作文,333.0,,,user,ai04,GENERATE_OR_REVISE_TEXT,生成或改写文本,生成与修改作文类文本,K12,U09,0,0.7536496,作文,1424,2064,
教育,assistant_top1k,对比,333.0,,,user,ai04,NON_INTENT_FRAGMENT_UNDERSPECIFIED_INPUT,残缺或不可独立解释输入,短词查询,K12,U13,0,0.82908493,比,7946,558,U13
教育,assistant_top1k,打,333.0,,,user,ai04,NON_INTENT_FRAGMENT_UNDERSPECIFIED_INPUT,残缺或不可独立解释输入,识别日常口语片段并应答,K12,U13,0,1.0,打,4844,790,
教育,assistant_top1k,野望,333.0,,,user,ai04,NON_INTENT_FRAGMENT_UNDERSPECIFIED_INPUT,残缺或不可独立解释输入,杂项查询意图识别,K12,U02,0,1.0,野望,581,4607,U02
教育,assistant_top1k,这个谜题的正确答案是什么,332.0,,,user,ai04,EXPLAIN_OR_IDENTIFY,解释含义或识别指称,直接给出答案,K12,U09,0,0.5735106,谜语,8549,530,
教育,assistant_top1k,简洁一点,331.0,,,user,ai04,CORRECT_OR_ADJUST_PREVIOUS_OUTPUT,修改上一轮输出,文本缩短请求,K12,U11,0,0.7292362,simple,4204,873,U02
教育,assistant_top1k,我想对作文《《中国民间故事》读后感》进行个性化编辑,329.0,,,user,ai04,GENERATE_OR_REVISE_TEXT,生成或改写文本,生成与修改作文类文本,K12,U10,1,0.47478282,阅读,6120,673,
教育,assistant_top1k,直接写算式,329.0,,,user,ai04,EXPLAIN_OR_IDENTIFY,解释含义或识别指称,直接给出答案,K12,U11,0,0.61744833,直,8847,518,U13
教育,assistant_top1k,靠组词,329.0,,,user,ai04,GENERATE_OR_REVISE_TEXT,生成或改写文本,查询字词翻译与语言知识,K12,U08,0,0.6769656,抱组词,5803,700,
教育,assistant_top1k,不要方程,328.0,,,user,ai04,CORRECT_OR_ADJUST_PREVIOUS_OUTPUT,修改上一轮输出,去除图片文字与图标,K12,U11,0,0.5135919,0除以任何数都得0对吗,6575,639,
教育,assistant_top1k,九,328.0,,,user,ai04,NON_INTENT_FRAGMENT_UNDERSPECIFIED_INPUT,残缺或不可独立解释输入,查询数字对应信息,K12,U13,0,1.0,九,5859,694,
教育,assistant_top1k,靠谱拍题工具,328.0,,,user,ai04,LIST_AND_RECOMMENDATION_REQUEST,枚举清单或建议推荐,查询应用软件下载与官网登录入口,K12,U08,0,0.5681217,考公培训机构排名前五的机构,7357,591,U08
教育,assistant_top1k,回忆的唯美句子,327.0,,,user,ai04,GENERATE_OR_REVISE_TEXT,生成或改写文本,短句文案查询,K12,U08,0,0.7413661,晚霞的唯美句子,8127,549,U09
教育,assistant_top1k,故事,327.0,,,user,ai04,NON_INTENT_FRAGMENT_UNDERSPECIFIED_INPUT,残缺或不可独立解释输入,短词查询,K12,U02,0,0.78942347,story,7251,596,U02
教育,assistant_top1k,填色,326.0,,,user,ai04,TOOL_PANEL_SINGLE_STEP_COMMAND,工具面板单步操作指令,按描述生成图片与Logo设计,K12,U13,0,0.7186983,色,1090,2701,
教育,assistant_top1k,随便,326.0,,,user,ai04,NON_INTENT_FRAGMENT_UNDERSPECIFIED_INPUT,残缺或不可独立解释输入,文本缩短请求,K12,U13,0,0.65492773,simple,4204,873,U02
教育,assistant_top1k,<div>一张动车票的价格是成人248元，儿童124元，他们一家三口买动车票一共花了多少元？</div>,325.0,,,user,ai04,PRICE_COST_INQUIRY,价格或费用查询,查询列车途经站点及火车票务信息,K12,U03,0,0.47858223,民办本科学费多少钱一年,8981,513,U03
教育,assistant_top1k,诶,325.0,,,user,ai04,NON_INTENT_SOCIAL_OR_EMOTIONAL_TURN,无内容社交与情绪表达轮,识别日常口语片段并应答,K12,U13,0,0.7816763,哎,3939,915,
教育,assistant_top1k,咳咳,324.0,,,user,ai04,NON_INTENT_FRAGMENT_UNDERSPECIFIED_INPUT,残缺或不可独立解释输入,识别日常口语片段并应答,K12,U13,0,0.7225191,咳嗽拼音,7828,565,U03
教育,assistant_top1k,性格,324.0,,,user,ai04,NON_INTENT_FRAGMENT_UNDERSPECIFIED_INPUT,残缺或不可独立解释输入,短词查询,K12,U02,0,0.6596064,性,664,4205,U02
教育,assistant_top1k,标注拼音,324.0,,,user,ai04,EXPLAIN_OR_IDENTIFY,解释含义或识别指称,查询字词翻译与语言知识,K12,U01,0,0.7755083,拼音,2876,1143,
教育,assistant_top1k,用钱如水打一最佳生肖,323.0,,,user,ai04,FORTUNE_DREAM_DIVINATION,命理解梦与占卜,命理测算与运势查询,K12,U09,0,0.711252,八面进财金满堂打一最佳生肖,688,4086,U09
教育,assistant_top1k,站直,323.0,,,user,ai04,NON_INTENT_FRAGMENT_UNDERSPECIFIED_INPUT,残缺或不可独立解释输入,查询双腿张开姿势,K12,U13,0,0.7076294,直,8847,518,U13
教育,assistant_top1k,200字以内,322.0,,,user,ai04,GENERATE_OR_REVISE_TEXT,生成或改写文本,文本字数查询与控制,K12,U11,0,0.5977223,大写的壹贰叁到十整,2472,1285,
教育,assistant_top1k,使至塞上,321.0,,,user,ai04,NON_INTENT_FRAGMENT_UNDERSPECIFIED_INPUT,残缺或不可独立解释输入,识别日常口语片段并应答,K12,U02,0,0.9999997,使至塞上,2063,1489,
教育,assistant_top1k,五福临门打一个生肖,320.0,,,user,ai04,FORTUNE_DREAM_DIVINATION,命理解梦与占卜,命理测算与运势查询,K12,U09,0,0.66551596,万紫千红打一个生肖,3321,1029,
教育,assistant_top1k,光线冷暗一丁点,320.0,,,user,ai04,CORRECT_OR_ADJUST_PREVIOUS_OUTPUT,修改上一轮输出,文本缩短请求,K12,U13,0,0.5631837,light,2582,1249,
教育,assistant_top1k,刷新,320.0,,,user,ai04,NON_INTENT_FRAGMENT_UNDERSPECIFIED_INPUT,残缺或不可独立解释输入,继续或重新生成内容,K12,U11,0,0.703972,update,9869,481,U13
教育,assistant_top1k,红岩思维导图,319.0,,,user,ai04,NAVIGATE_OFFICIAL_ENTRY_OR_TOPIC_FEED,前往官方入口或话题聚合页,地图全图查看,K12,U09,0,0.46681458,red,5773,702,
教育,assistant_top1k,阅读,319.0,,,user,ai04,NON_INTENT_FRAGMENT_UNDERSPECIFIED_INPUT,残缺或不可独立解释输入,短词查询,K12,U01,0,1.0000002,阅读,6120,673,
教育,assistant_top1k,300字作文,318.0,,,user,ai04,GENERATE_OR_REVISE_TEXT,生成或改写文本,生成与修改作文类文本,K12,U10,0,0.74151313,作文,1424,2064,
教育,assistant_top1k,能再给我几个下联吗,318.0,,,user,ai04,CORRECT_OR_ADJUST_PREVIOUS_OUTPUT,修改上一轮输出,改写已有回复,K12,U11,0,0.54549354,再的笔顺,1623,1827,
教育,assistant_top1k,多一点,317.0,,,user,ai04,CORRECT_OR_ADJUST_PREVIOUS_OUTPUT,修改上一轮输出,文本缩短请求,K12,U11,0,0.79258376,多,9454,496,
教育,assistant_top1k,我想对作文《暑假生活日记》进行个性化编辑,317.0,,,user,ai04,GENERATE_OR_REVISE_TEXT,生成或改写文本,生成与修改作文类文本,K12,U10,0,0.56820714,暑假计划表模板小学生,9183,506,
教育,assistant_top1k,继续描写,317.0,,,user,ai04,CORRECT_OR_ADJUST_PREVIOUS_OUTPUT,修改上一轮输出,继续或重新生成内容,K12,U11,0,0.6393732,再接再厉,6117,673,U02
教育,assistant_top1k,解方程,317.0,,,user,ai04,NON_INTENT_FRAGMENT_UNDERSPECIFIED_INPUT,残缺或不可独立解释输入,直接给出答案,K12,U13,0,0.71009636,解,6958,615,U13
教育,assistant_top1k,长,317.0,,,user,ai04,NON_INTENT_FRAGMENT_UNDERSPECIFIED_INPUT,残缺或不可独立解释输入,短词查询,K12,U13,0,1.0000002,长,3709,953,
教育,assistant_top1k,不要解题过程,316.0,,,user,ai04,CORRECT_OR_ADJUST_PREVIOUS_OUTPUT,修改上一轮输出,去除图片文字与图标,K12,U11,0,0.48349753,过,7442,586,
教育,assistant_top1k,劳师袭远猜生肖,316.0,,,user,ai04,FORTUNE_DREAM_DIVINATION,命理解梦与占卜,命理测算与运势查询,K12,U09,0,0.56796217,早出晚归打一生肖,2417,1312,
教育,assistant_top1k,春江花月夜,316.0,,,user,ai04,MEDIA_CONTENT_SEARCH_OR_ACCESS,按线索查找或获取影音书资源,获取露骨色情内容,K12,U02,0,0.99999946,春江花月夜,1455,2011,
教育,assistant_top1k,最少,316.0,,,user,ai04,NON_INTENT_FRAGMENT_UNDERSPECIFIED_INPUT,残缺或不可独立解释输入,文本缩短请求,K12,U13,0,0.74175376,少,9095,509,
教育,assistant_top1k,添加,316.0,,,user,ai04,NON_INTENT_FRAGMENT_UNDERSPECIFIED_INPUT,残缺或不可独立解释输入,继续或重新生成内容,K12,U13,0,0.7507247,add,8565,529,U13
教育,assistant_top1k,渐组词,316.0,,,user,ai04,GENERATE_OR_REVISE_TEXT,生成或改写文本,查询字词翻译与语言知识,K12,U08,0,1.0000005,渐组词,5805,699,
教育,assistant_top1k,还有吗？,316.0,,,user,ai04,CORRECT_OR_ADJUST_PREVIOUS_OUTPUT,修改上一轮输出,确认性问题解答,K12,U11,0,0.6771575,有,2729,1191,
教育,assistant_top1k,可是,315.0,,,user,ai04,NON_INTENT_FRAGMENT_UNDERSPECIFIED_INPUT,残缺或不可独立解释输入,识别日常口语片段并应答,K12,U13,0,0.81891495,可,7114,605,
教育,assistant_top1k,简洁明了,315.0,,,user,ai04,CORRECT_OR_ADJUST_PREVIOUS_OUTPUT,修改上一轮输出,文本缩短请求,K12,U11,0,0.7222364,simple,4204,873,U02
教育,assistant_top1k,红岩,315.0,,,user,ai04,NON_INTENT_FRAGMENT_UNDERSPECIFIED_INPUT,残缺或不可独立解释输入,杂项查询意图识别,K12,U02,0,0.6353937,red,5773,702,
教育,assistant_top1k,高中一对一补课多少钱一小时,315.0,,,user,ai04,PRICE_COST_INQUIRY,价格或费用查询,查询价格费用,K12,U03,0,0.62990355,2026中考多少分能上高中,6462,647,
教育,assistant_top1k,9,314.0,,,user,ai04,NON_INTENT_FRAGMENT_UNDERSPECIFIED_INPUT,残缺或不可独立解释输入,查询数字对应信息,K12,U13,0,1.0000001,9,1955,1563,
教育,assistant_top1k,手,314.0,,,user,ai04,NON_INTENT_FRAGMENT_UNDERSPECIFIED_INPUT,残缺或不可独立解释输入,短词查询,K12,U02,0,1.0000005,手,3450,1000,
教育,assistant_top1k,观后感,314.0,,,user,ai04,NON_INTENT_FRAGMENT_UNDERSPECIFIED_INPUT,残缺或不可独立解释输入,生成与修改作文类文本,K12,U02,0,0.67456967,电影四渡观后感,6064,677,
教育,assistant_top1k,灵机一动代表什么生肖,313.0,,,user,ai04,FORTUNE_DREAM_DIVINATION,命理解梦与占卜,命理测算与运势查询,K12,U04,0,0.5759515,阴谋诡计打一准确生肖,6911,618,
教育,assistant_top1k,请帮我从诗歌原文、诗句分析、诗歌主旨、作者介绍及创作背景等角度来详细讲讲《清平调词三首（其一）》这首诗。,313.0,,,user,ai04,GENERATE_OR_REVISE_TEXT,生成或改写文本,生成与修改作文类文本,K12,U04,0,0.5684576,琵琶行 白居易 原文,8788,520,
教育,assistant_top1k,两个字的,312.0,,,user,ai04,NON_INTENT_FRAGMENT_UNDERSPECIFIED_INPUT,残缺或不可独立解释输入,文本字数查询与控制,K12,U13,0,0.7199077,两,6875,620,U13
教育,assistant_top1k,再读一遍,312.0,,,user,ai04,CORRECT_OR_ADJUST_PREVIOUS_OUTPUT,修改上一轮输出,继续或重新生成内容,K12,U11,0,0.70286196,再接再厉,6117,673,U02
教育,assistant_top1k,安徒生童话好词好句,312.0,,,user,ai04,GENERATE_OR_REVISE_TEXT,生成或改写文本,短句文案查询,K12,U09,0,0.5572792,童话故事,5498,725,
教育,assistant_top1k,站着,312.0,,,user,ai04,NON_INTENT_FRAGMENT_UNDERSPECIFIED_INPUT,残缺或不可独立解释输入,查询双腿张开姿势,K12,U13,0,0.6850455,着,5684,710,
教育,assistant_top1k,帮我画 防溺水手抄报,311.0,,,user,ai04,GENERATE_OR_EDIT_SAFE_IMAGE,生成或编辑非敏感图像,按描述生成图片与Logo设计,K12,U10,0,0.84735966,防溺水手抄报,3523,983,
教育,assistant_top1k,60词,310.0,,,user,ai04,NON_INTENT_FRAGMENT_UNDERSPECIFIED_INPUT,残缺或不可独立解释输入,查询字词翻译与语言知识,K12,U13,0,0.56250226,英语单词,7721,570,U02
教育,assistant_top1k,笨组词,310.0,,,user,ai04,GENERATE_OR_REVISE_TEXT,生成或改写文本,查询字词翻译与语言知识,K12,U08,0,0.7102291,烂组词,9352,499,U08
教育,assistant_top1k,天生一对.打一肖,309.0,,,user,ai04,FORTUNE_DREAM_DIVINATION,命理解梦与占卜,命理测算与运势查询,K12,U09,0,0.71300656,一心百君打一肖,8,29869,U09
教育,assistant_top1k,我想对作文《《小英雄雨来》读后感》进行个性化编辑,309.0,,,user,ai04,GENERATE_OR_REVISE_TEXT,生成或改写文本,生成与修改作文类文本,K12,U10,0,0.4771869,雨的笔顺,5099,764,
教育,assistant_top1k,换成透明,309.0,,,user,ai04,TOOL_PANEL_SINGLE_STEP_COMMAND,工具面板单步操作指令,图片视频修改生成,K12,U10,0,0.5664468,怎么,3336,1024,
教育,assistant_top1k,赤脚,308.0,,,user,ai04,NON_INTENT_FRAGMENT_UNDERSPECIFIED_INPUT,残缺或不可独立解释输入,查询双腿张开姿势,K12,U02,0,0.70238465,脚,4126,885,
教育,assistant_top1k,名言,307.0,,,user,ai04,GENERATE_OR_REVISE_TEXT,生成或改写文本,短句文案查询,K12,U02,0,0.64200175,言,9511,494,
教育,assistant_top1k,30字,306.0,,,user,ai04,GENERATE_OR_REVISE_TEXT,生成或改写文本,文本字数查询与控制,K12,U13,0,0.628778,三字经,1360,2159,
教育,assistant_top1k,百度开学季,306.0,,,user,ai04,NAVIGATE_OFFICIAL_ENTRY_OR_TOPIC_FEED,前往官方入口或话题聚合页,查询百度及百度AI入口,K12,U02,0,0.6789618,百度好学,120,11055,U01
教育,assistant_top1k,遗憾的经典句子,306.0,,,user,ai04,GENERATE_OR_REVISE_TEXT,生成或改写文本,短句文案查询,K12,U08,0,0.6798853,励志的句子经典语句,2440,1300,U08
教育,assistant_top1k,错的,306.0,,,user,ai04,NON_INTENT_SOCIAL_OR_EMOTIONAL_TURN,无内容社交与情绪表达轮,确认性问题解答,K12,U11,0,0.65699595,对,2864,1148,
教育,assistant_top1k,低腰丁字,305.0,,,user,ai04,ADULT_OR_VIOLENT_CONTENT_REQUEST,索取或生成成人、色情或暴力内容,查询双腿张开姿势,K12,U02,0,0.6091087,丁组词,4679,809,
教育,assistant_top1k,拘组词,305.0,,,user,ai04,EXPLAIN_OR_IDENTIFY,解释含义或识别指称,查询字词翻译与语言知识,K12,U08,0,0.71216035,罚组词,8115,550,U08
教育,assistant_top1k,推荐,305.0,,,user,ai04,NON_INTENT_FRAGMENT_UNDERSPECIFIED_INPUT,残缺或不可独立解释输入,调整视频推荐偏好,K12,U13,0,0.69986975,好,1026,2875,
教育,assistant_top1k,人物,304.0,,,user,ai04,NON_INTENT_FRAGMENT_UNDERSPECIFIED_INPUT,残缺或不可独立解释输入,短词查询,K12,U13,0,0.74988234,人,1370,2142,
教育,assistant_top1k,什么字？,304.0,,,user,ai04,EXPLAIN_OR_IDENTIFY,解释含义或识别指称,查询事物或词语的含义与说明,K12,U13,0,0.6878737,什么,3995,906,
教育,assistant_top1k,检查,304.0,,,user,ai04,NON_INTENT_FRAGMENT_UNDERSPECIFIED_INPUT,残缺或不可独立解释输入,短词查询,K12,U13,0,0.7580045,check,2714,1198,U02
教育,assistant_top1k,生字组词,304.0,,,user,ai04,GENERATE_OR_REVISE_TEXT,生成或改写文本,查询字词翻译与语言知识,K12,U08,0,0.7134412,生的拼音,4731,803,U03
教育,assistant_top1k,为,303.0,,,user,ai04,NON_INTENT_FRAGMENT_UNDERSPECIFIED_INPUT,残缺或不可独立解释输入,识别日常口语片段并应答,K12,U13,0,1.0000004,为,2948,1121,
教育,assistant_top1k,写批注,303.0,,,user,ai04,GENERATE_OR_REVISE_TEXT,生成或改写文本,生成与修改作文类文本,K12,U13,0,0.61682576,write,3445,1001,U02
教育,assistant_top1k,学生,303.0,,,user,ai04,NON_INTENT_FRAGMENT_UNDERSPECIFIED_INPUT,残缺或不可独立解释输入,短词查询,K12,U02,0,0.67731136,研究生,6809,623,
教育,assistant_top1k,新,303.0,,,user,ai04,NON_INTENT_FRAGMENT_UNDERSPECIFIED_INPUT,残缺或不可独立解释输入,短词查询,K12,U13,0,0.99999994,新,3795,939,
教育,assistant_top1k,灵机一动的生肖,303.0,,,user,ai04,FORTUNE_DREAM_DIVINATION,命理解梦与占卜,命理测算与运势查询,K12,U09,0,0.64140123,阴谋诡计打一准确生肖,6911,618,
教育,assistant_top1k,中秋节手抄报,302.0,,,user,ai04,GENERATE_OR_REVISE_TEXT,生成或改写文本,中元节信息查询,K12,U09,0,0.7047727,建党节手抄报,7583,578,U09
教育,assistant_top1k,滕王阁序,302.0,,,user,ai04,GENERATE_OR_REVISE_TEXT,生成或改写文本,生成与修改作文类文本,K12,U02,0,1.0000004,滕王阁序,473,5144,U02
教育,assistant_top1k,这是多少字,302.0,,,user,ai04,EXPLAIN_OR_IDENTIFY,解释含义或识别指称,文本字数查询与控制,K12,U11,0,0.59808695,这的笔顺,7409,588,
教育,assistant_top1k,露才扬己是什么生肖,302.0,,,user,ai04,FORTUNE_DREAM_DIVINATION,命理解梦与占卜,命理测算与运势查询,K12,U09,0,0.6015451,才华横溢是什么生肖,1001,2939,
教育,assistant_top1k,小鲤鱼跳龙门好词好句,301.0,,,user,ai04,GENERATE_OR_REVISE_TEXT,生成或改写文本,短句文案查询,K12,U09,0,0.5096547,福星高照跳龙门是什么生肖,9702,487,
教育,assistant_top1k,生于忧患死于安乐,301.0,,,user,ai04,EXPLAIN_OR_IDENTIFY,解释含义或识别指称,生成与修改作文类文本,K12,U02,0,0.5910218,杞人忧天,7256,596,
教育,assistant_top1k,生成手抄报,301.0,,,user,ai04,GENERATE_OR_REVISE_TEXT,生成或改写文本,生成与修改作文类文本,K12,U10,0,0.643157,建党节手抄报,7583,578,U09
教育,assistant_top1k,龟虽寿,301.0,,,user,ai04,EXPLAIN_OR_IDENTIFY,解释含义或识别指称,杂项查询意图识别,K12,U02,0,0.9999995,龟虽寿,4297,859,
教育,assistant_top1k,不错,300.0,,,user,ai04,NON_INTENT_SOCIAL_OR_EMOTIONAL_TURN,无内容社交与情绪表达轮,表达同意或确认,K12,U11,0,0.77608246,好,1026,2875,
教育,assistant_top1k,每段做批注,300.0,,,user,ai04,CORRECT_OR_ADJUST_PREVIOUS_OUTPUT,修改上一轮输出,整理生成表格与总结,K12,U11,0,0.6640119,一分一段,507,5001,U02
教育,assistant_top1k,100个字,299.0,,,user,ai04,GENERATE_OR_REVISE_TEXT,生成或改写文本,文本字数查询与控制,K12,U13,0,0.6497132,百,5897,691,
教育,assistant_top1k,与朱元思书,299.0,,,user,ai04,GENERATE_OR_REVISE_TEXT,生成或改写文本,文本字数查询与控制,K12,U02,0,1.0000001,与朱元思书,6124,672,
教育,assistant_top1k,成分,299.0,,,user,ai04,NON_INTENT_FRAGMENT_UNDERSPECIFIED_INPUT,残缺或不可独立解释输入,短词查询,K12,U13,0,0.6183255,成全,5766,703,
教育,assistant_top1k,我想对作文《暑假日记》进行个性化编辑,298.0,,,user,ai04,GENERATE_OR_REVISE_TEXT,生成或改写文本,生成与修改作文类文本,K12,U10,1,0.58408946,暑假,3783,940,
教育,assistant_top1k,鲁迅名言,297.0,,,user,ai04,GENERATE_OR_REVISE_TEXT,生成或改写文本,短句文案查询,K12,U08,0,0.581441,鲁迅美术学院,9815,483,
教育,assistant_top1k,方得人心的意思,296.0,,,user,ai04,EXPLAIN_OR_IDENTIFY,解释含义或识别指称,短句文案查询,K12,U04,0,0.65688276,不忘初心方得始终什么意思,5904,690,
教育,assistant_top1k,浣溪沙,296.0,,,user,ai04,MEDIA_CONTENT_SEARCH_OR_ACCESS,按线索查找或获取影音书资源,查询网络小说阅读与TXT下载资源,K12,U02,0,0.9999999,浣溪沙,5073,767,
教育,assistant_top1k,潦草塞责是什么生肖,296.0,,,user,ai04,FORTUNE_DREAM_DIVINATION,命理解梦与占卜,命理测算与运势查询,K12,U03,0,0.5624031,满山塞野打一正确生肖,4194,875,
教育,assistant_top1k,答谢中书书,296.0,,,user,ai04,GENERATE_OR_REVISE_TEXT,生成或改写文本,家长感谢老师话术查询,K12,U02,0,0.99999994,答谢中书书,2778,1178,
教育,assistant_top1k,这个字念什么,296.0,,,user,ai04,EXPLAIN_OR_IDENTIFY,解释含义或识别指称,查询事物或词语的含义与说明,K12,U13,0,0.6573741,簟字怎么读,6191,668,U03
教育,assistant_top1k,烂若披锦与哪个生肖最相关,295.0,,,user,ai04,FORTUNE_DREAM_DIVINATION,命理解梦与占卜,命理测算与运势查询,K12,U03,0,0.5575983,所向披靡是什么生肖,8342,538,
教育,assistant_top1k,请用算术方法解这道题,295.0,,,user,ai04,EXPLAIN_OR_IDENTIFY,解释含义或识别指称,直接给出答案,K12,U03,0,0.58254,平方怎么算,6349,655,U06
教育,assistant_top1k,用算术法,294.0,,,user,ai04,NON_INTENT_FRAGMENT_UNDERSPECIFIED_INPUT,残缺或不可独立解释输入,直接给出答案,K12,U13,0,0.6184222,乘法口诀,8644,526,
教育,assistant_top1k,语文,294.0,,,user,ai04,NON_INTENT_FRAGMENT_UNDERSPECIFIED_INPUT,残缺或不可独立解释输入,短词查询,K12,U02,0,0.6545609,论语,6408,650,
教育,assistant_top1k,顿组词,294.0,,,user,ai04,EXPLAIN_OR_IDENTIFY,解释含义或识别指称,查询字词翻译与语言知识,K12,U08,0,1.0000004,顿组词,5847,695,
教育,assistant_top1k,假如,293.0,,,user,ai04,NON_INTENT_FRAGMENT_UNDERSPECIFIED_INPUT,残缺或不可独立解释输入,识别日常口语片段并应答,K12,U13,0,0.6793888,若,8935,515,U13
教育,assistant_top1k,兰组词,293.0,,,user,ai04,GENERATE_OR_REVISE_TEXT,生成或改写文本,查询字词翻译与语言知识,K12,U08,0,0.6169971,连组词,2562,1255,
教育,assistant_top1k,下一句,292.0,,,user,ai04,CORRECT_OR_ADJUST_PREVIOUS_OUTPUT,修改上一轮输出,继续或重新生成内容,K12,U13,0,0.6845622,下,4425,843,
教育,assistant_top1k,简单点,292.0,,,user,ai04,CORRECT_OR_ADJUST_PREVIOUS_OUTPUT,修改上一轮输出,文本缩短请求,K12,U11,0,0.7611241,simple,4204,873,U02
教育,assistant_top1k,水浒传读后感,291.0,,,user,ai04,GENERATE_OR_REVISE_TEXT,生成或改写文本,生成与修改作文类文本,K12,U09,0,0.5947725,四渡赤水观后感300字左右,2041,1506,
教育,assistant_top1k,这首诗表达了作者怎样的情感,291.0,,,user,ai04,GENERATE_OR_REVISE_TEXT,生成或改写文本,生成与修改作文类文本,K12,U13,0,0.5784192,"曾经沧海难为水,除却巫山不是云的意思",3449,1000,
教育,assistant_top1k,主旨,290.0,,,user,ai04,NON_INTENT_FRAGMENT_UNDERSPECIFIED_INPUT,残缺或不可独立解释输入,整理生成表格与总结,K12,U13,0,0.60622495,main,7207,598,
教育,assistant_top1k,其实,290.0,,,user,ai04,NON_INTENT_FRAGMENT_UNDERSPECIFIED_INPUT,残缺或不可独立解释输入,识别日常口语片段并应答,K12,U13,0,0.6403202,really,4424,843,
教育,assistant_top1k,写出来,290.0,,,user,ai04,CORRECT_OR_ADJUST_PREVIOUS_OUTPUT,修改上一轮输出,生成与修改作文类文本,K12,U13,0,0.66838455,write,3445,1001,U02
教育,assistant_top1k,感受,290.0,,,user,ai04,NON_INTENT_FRAGMENT_UNDERSPECIFIED_INPUT,残缺或不可独立解释输入,识别日常口语片段并应答,K12,U02,0,0.7790639,feel,4014,903,U02
教育,assistant_top1k,帮,289.0,,,user,ai04,NON_INTENT_FRAGMENT_UNDERSPECIFIED_INPUT,残缺或不可独立解释输入,识别日常口语片段并应答,K12,U13,0,0.73912007,作业帮,1201,2434,U01
教育,assistant_top1k,把句子改得更有诗意一些,289.0,,,user,ai04,CORRECT_OR_ADJUST_PREVIOUS_OUTPUT,修改上一轮输出,生成与修改作文类文本,K12,U11,0,0.57078004,"五花结队香如雾,一朵倾城醉未苏的诗意是什么",4133,885,
教育,assistant_top1k,宝贝即将步入一年级的句子,288.0,,,user,ai04,GENERATE_OR_REVISE_TEXT,生成或改写文本,短句文案查询,K12,U08,1,0.56007653,小学毕业家长对孩子寄语,4229,869,U10
教育,assistant_top1k,朝花夕拾读后感,288.0,,,user,ai04,GENERATE_OR_REVISE_TEXT,生成或改写文本,生成与修改作文类文本,K12,U09,0,0.7442904,朝花夕拾什么意思,6888,619,U04
教育,assistant_top1k,瀑布,288.0,,,user,ai04,EXPLAIN_OR_IDENTIFY,解释含义或识别指称,短词查询,K12,U02,0,0.6817541,望庐山瀑布,2701,1203,
教育,assistant_top1k,曹刿论战,287.0,,,user,ai04,FACT_VERIFICATION_AND_RUMOR_OR_STATUS_CHECK,核验真伪、传闻与进展,查询军事历史与国际政治话题,K12,U02,0,0.9999999,曹刿论战,4499,835,
教育,assistant_top1k,十个字以内,286.0,,,user,ai04,CORRECT_OR_ADJUST_PREVIOUS_OUTPUT,修改上一轮输出,文本字数查询与控制,K12,U11,0,0.66022605,十,9780,484,
教育,assistant_top1k,夯雀先飞打一肖,286.0,,,user,ai04,MEDIA_CONTENT_SEARCH_OR_ACCESS,按线索查找或获取影音书资源,玄幻同人设定创作与剧情讨论查询,K12,U09,0,0.7199175,一枝之栖打一肖,6228,666,U09
教育,assistant_top1k,期,285.0,,,user,ai04,NON_INTENT_FRAGMENT_UNDERSPECIFIED_INPUT,残缺或不可独立解释输入,短词查询,K12,U13,0,0.67994565,date,3156,1065,
教育,assistant_top1k,红星照耀中国好词好句,285.0,,,user,ai04,GENERATE_OR_REVISE_TEXT,生成或改写文本,短句文案查询,K12,U08,0,0.5749694,毛主席诗词,1485,1975,U02
教育,assistant_top1k,这道题用算术方法怎么解,285.0,,,user,ai04,EXPLAIN_OR_IDENTIFY,解释含义或识别指称,直接给出答案,K12,U06,0,0.5607479,平方怎么算,6349,655,U06
教育,assistant_top1k,几个字,284.0,,,user,ai04,NON_INTENT_FRAGMENT_UNDERSPECIFIED_INPUT,残缺或不可独立解释输入,文本字数查询与控制,K12,U13,0,0.67213374,一个,8002,556,
教育,assistant_top1k,50词,283.0,,,user,ai04,GENERATE_OR_REVISE_TEXT,生成或改写文本,查询字词翻译与语言知识,K12,U13,0,0.5600071,成组词,4296,859,
教育,assistant_top1k,而且,283.0,,,user,ai04,NON_INTENT_FRAGMENT_UNDERSPECIFIED_INPUT,残缺或不可独立解释输入,识别日常口语片段并应答,K12,U13,0,0.6839829,着,5684,710,
教育,assistant_top1k,童年的读后感,282.0,,,user,ai04,GENERATE_OR_REVISE_TEXT,生成或改写文本,生成与修改作文类文本,K12,U09,0,0.5231581,阿嬷的情书观后感,5152,759,
教育,assistant_top1k,查看,281.0,,,user,ai04,NON_INTENT_FRAGMENT_UNDERSPECIFIED_INPUT,残缺或不可独立解释输入,识别日常口语片段并应答,K12,U13,0,0.8175594,看,4870,788,
教育,assistant_top1k,计算,281.0,,,user,ai04,NON_INTENT_FRAGMENT_UNDERSPECIFIED_INPUT,残缺或不可独立解释输入,整理生成表格与总结,K12,U01,0,0.7091931,会计,5182,756,U02
教育,assistant_top1k,拼豆图纸,3076.0,,,user,ai04,MEDIA_CONTENT_SEARCH_OR_ACCESS,按线索查找或获取影音书资源,按描述生成图片与Logo设计,兴趣培训,U09,0,1.0,拼豆图纸,15,19711,U09
教育,assistant_top1k,帮我画 拼豆图纸,1789.0,,,user,ai04,GENERATE_OR_EDIT_SAFE_IMAGE,生成或编辑非敏感图像,按描述生成图片与Logo设计,兴趣培训,U10,0,0.8738487,拼豆图纸,15,19711,U09
教育,assistant_top1k,怎么画？,752.0,,,user,ai04,GENERAL_HOWTO_GUIDE,通用操作与生活指南,操作与制作方法查询,兴趣培训,U13,0,0.6550881,画画,2103,1466,
教育,assistant_top1k,十个最尴尬的瑜伽动作,688.0,,,user,ai04,LIST_AND_RECOMMENDATION_REQUEST,枚举清单或建议推荐,查询双腿张开姿势,兴趣培训,U08,0,0.6082222,瑜伽,3899,920,
教育,assistant_top1k,想学乐器，有推荐吗？,639.0,,,user,ai04,LIST_AND_RECOMMENDATION_REQUEST,枚举清单或建议推荐,调整视频推荐偏好,兴趣培训,U08,1,0.45753634,学,5224,751,
教育,assistant_top1k,画画,634.0,,,user,ai04,NON_INTENT_FRAGMENT_UNDERSPECIFIED_INPUT,残缺或不可独立解释输入,按描述生成图片与Logo设计,兴趣培训,U01,0,1.0000002,画画,2103,1466,
教育,assistant_top1k,双腿并拢双手垂下站直身体背对镜头,470.0,,,user,ai04,ADULT_OR_VIOLENT_CONTENT_REQUEST,索取或生成成人、色情或暴力内容,查询双腿张开姿势,兴趣培训,U10,0,0.5377569,锻炼,7931,559,
教育,assistant_top1k,视频,468.0,,,user,ai04,NON_INTENT_FRAGMENT_UNDERSPECIFIED_INPUT,残缺或不可独立解释输入,免费影视在线观看查询,兴趣培训,U02,0,0.82386917,video,4980,777,U13
教育,assistant_top1k,拼豆图片,446.0,,,user,ai04,MEDIA_CONTENT_SEARCH_OR_ACCESS,按线索查找或获取影音书资源,查找或生成图片,兴趣培训,U09,0,1.0000006,拼豆图片,1929,1579,
教育,assistant_top1k,人体结构几何体速写,424.0,,,user,ai04,EXPLAIN_OR_IDENTIFY,解释含义或识别指称,按描述生成图片与Logo设计,兴趣培训,U09,0,0.49121895,简笔画,1191,2447,
教育,assistant_top1k,线稿,401.0,,,user,ai04,NON_INTENT_FRAGMENT_UNDERSPECIFIED_INPUT,残缺或不可独立解释输入,按描述生成图片与Logo设计,兴趣培训,U02,0,0.66773045,line,3303,1033,
教育,assistant_top1k,如何拍摄清晰的题目图片,370.0,,,user,ai04,GENERAL_HOWTO_GUIDE,通用操作与生活指南,查找或生成图片,兴趣培训,U06,0,0.42847,答题,8524,531,
教育,assistant_top1k,怎么调,352.0,,,user,ai04,GENERAL_HOWTO_GUIDE,通用操作与生活指南,问题解决方法查询,兴趣培训,U13,0,0.6467662,怎么,3336,1024,
教育,assistant_top1k,上颜色,316.0,,,user,ai04,TOOL_PANEL_SINGLE_STEP_COMMAND,工具面板单步操作指令,图片视频修改生成,兴趣培训,U13,0,0.73917186,色,1090,2701,
教育,assistant_top1k,八段锦,305.0,,,user,ai04,MEDIA_CONTENT_SEARCH_OR_ACCESS,按线索查找或获取影音书资源,关键词相关视频查询,兴趣培训,U02,0,1.0000011,八段锦,1572,1876,
教育,assistant_top1k,怎么涂色,295.0,,,user,ai04,GENERAL_HOWTO_GUIDE,通用操作与生活指南,操作与制作方法查询,兴趣培训,U06,0,0.59910357,色,1090,2701,
教育,assistant_top1k,简笔画大全图片,287.0,,,user,ai04,MEDIA_CONTENT_SEARCH_OR_ACCESS,按线索查找或获取影音书资源,查找或生成图片,兴趣培训,U09,0,0.80293113,简笔画,1191,2447,
教育,assistant_top1k,南京理工大学,3332.0,,,user,ai04,NON_INTENT_FRAGMENT_UNDERSPECIFIED_INPUT,残缺或不可独立解释输入,企业机构信息查询,学历教育,U02,0,1.0000001,南京理工大学,26,17651,U02
教育,assistant_top1k,光电信息科学与工程去年分数线是多少,2576.0,,,user,ai04,NUMERIC_FACT_AND_POLICY_LOOKUP,数值事实与年度政策查询,查询学校和教育信息,学历教育,U03,0,0.74948543,光电信息科学与工程考研院校推荐,4531,830,
教育,assistant_top1k,单招和高考的区别是什么,1781.0,,,user,ai04,EXPLAIN_OR_IDENTIFY,解释含义或识别指称,查询学校和教育信息,学历教育,U04,0,0.73220444,单招是什么意思啊,2656,1218,U04
教育,assistant_top1k,新东方考研价格表,1214.0,,,user,ai04,PRICE_COST_INQUIRY,价格或费用查询,查询价格费用,学历教育,U03,0,0.6402312,新东方,8861,518,
教育,assistant_top1k,这是哪个学校,1206.0,,,user,ai04,EXPLAIN_OR_IDENTIFY,解释含义或识别指称,查询所在位置与归属地,学历教育,U13,0,0.5505635,一本大学有哪些学校,7597,577,
教育,assistant_top1k,天津高考时间2025年时间表,1194.0,,,user,ai04,NUMERIC_FACT_AND_POLICY_LOOKUP,数值事实与年度政策查询,查询学校和教育信息,学历教育,U03,0,0.7326271,高考时间,3317,1030,U03
教育,assistant_top1k,历年高考作文真题及范文,1069.0,,,user,ai04,LIST_AND_RECOMMENDATION_REQUEST,枚举清单或建议推荐,生成与修改作文类文本,学历教育,U09,0,0.6051258,公务员考试试卷真题及答案,9662,489,
教育,assistant_top1k,西安大学排名一览表,877.0,,,user,ai04,LIST_AND_RECOMMENDATION_REQUEST,枚举清单或建议推荐,查询学校和教育信息,学历教育,U08,0,1.0000005,西安大学排名一览表,7631,575,
教育,assistant_top1k,华中科技大学在职研究生,834.0,,,user,ai04,ENTITY_BACKGROUND_LOOKUP,核查人物或机构背景,招聘岗位及要求查询,学历教育,U02,0,0.79038763,在职研究生,8886,516,U02
教育,assistant_top1k,考研报班,651.0,,,user,ai04,LIST_AND_RECOMMENDATION_REQUEST,枚举清单或建议推荐,查询学校和教育信息,学历教育,U08,0,0.7457311,考研报名时间,5500,724,U03
教育,assistant_top1k,高考时间科目安排表,627.0,,,user,ai04,NUMERIC_FACT_AND_POLICY_LOOKUP,数值事实与年度政策查询,查询学校和教育信息,学历教育,U03,0,0.80617374,高考时间,3317,1030,U03
教育,assistant_top1k,理学类专业一览表,590.0,,,user,ai04,LIST_AND_RECOMMENDATION_REQUEST,枚举清单或建议推荐,查询学校和教育信息,学历教育,U08,0,0.7097091,985大学排名一览表,433,5480,U08
教育,assistant_top1k,哪个学校,580.0,,,user,ai04,NON_INTENT_FRAGMENT_UNDERSPECIFIED_INPUT,残缺或不可独立解释输入,查询学校和教育信息,学历教育,U13,0,0.6163754,school,7624,576,
教育,assistant_top1k,浙江省大学排名,555.0,,,user,ai04,LIST_AND_RECOMMENDATION_REQUEST,枚举清单或建议推荐,查询学校和教育信息,学历教育,U08,0,0.9999998,浙江省大学排名,5892,692,
教育,assistant_top1k,高考祝福语,555.0,,,user,ai04,GENERATE_OR_REVISE_TEXT,生成或改写文本,祝福问候语查询,学历教育,U08,0,0.73126465,高考加油,1017,2893,
教育,assistant_top1k,考研究生,505.0,,,user,ai04,NON_INTENT_FRAGMENT_UNDERSPECIFIED_INPUT,残缺或不可独立解释输入,查询学校和教育信息,学历教育,U13,0,0.9023353,考研,5531,721,U02
教育,assistant_top1k,体育专业学校,502.0,,,user,ai04,LIST_AND_RECOMMENDATION_REQUEST,枚举清单或建议推荐,查询学校和教育信息,学历教育,U08,0,0.73407894,北京体育大学,1226,2394,U02
教育,assistant_top1k,高考季,473.0,,,user,ai04,NON_INTENT_FRAGMENT_UNDERSPECIFIED_INPUT,残缺或不可独立解释输入,查询学校和教育信息,学历教育,U02,0,0.82731956,高考,6,33737,U02
教育,assistant_top1k,这是哪个大学,455.0,,,user,ai04,EXPLAIN_OR_IDENTIFY,解释含义或识别指称,查询所在位置与归属地,学历教育,U13,0,0.59426874,一本大学有哪些学校,7597,577,
教育,assistant_top1k,排名前十的大学,412.0,,,user,ai04,LIST_AND_RECOMMENDATION_REQUEST,枚举清单或建议推荐,查询学校和教育信息,学历教育,U08,0,0.87197125,大学排名榜,6902,618,U08
教育,assistant_top1k,211大学都有哪些,401.0,,,user,ai04,LIST_AND_RECOMMENDATION_REQUEST,枚举清单或建议推荐,查询学校和教育信息,学历教育,U08,0,0.79898864,211大学全部排名,245,7786,U08
教育,assistant_top1k,30岁双985硕士重新高考,398.0,,,user,ai04,FACT_VERIFICATION_AND_RUMOR_OR_STATUS_CHECK,核验真伪、传闻与进展,查询学校和教育信息,学历教育,U13,0,0.60540354,985,1776,1681,
教育,assistant_top1k,北京精华学校复读一年多少钱,370.0,,,user,ai04,PRICE_COST_INQUIRY,价格或费用查询,查询学校和教育信息,学历教育,U03,0,0.6519739,民办本科学费多少钱一年,8981,513,U03
教育,assistant_top1k,高考平行志愿怎么填,368.0,,,user,ai04,GENERAL_HOWTO_GUIDE,通用操作与生活指南,查询学校和教育信息,学历教育,U06,0,0.844677,高考志愿怎么填,2477,1284,U07
教育,assistant_top1k,安徽大学排名,365.0,,,user,ai04,LIST_AND_RECOMMENDATION_REQUEST,枚举清单或建议推荐,查询学校和教育信息,学历教育,U03,0,0.9999999,安徽大学排名,6321,658,
教育,assistant_top1k,高考美术培训,365.0,,,user,ai04,EXPLAIN_OR_IDENTIFY,解释含义或识别指称,按描述生成图片与Logo设计,学历教育,U08,0,0.64731514,高考,6,33737,U02
教育,assistant_top1k,985大学排名,363.0,,,user,ai04,LIST_AND_RECOMMENDATION_REQUEST,枚举清单或建议推荐,查询学校和教育信息,学历教育,U08,0,0.9999997,985大学排名,7539,580,
教育,assistant_top1k,湖北高考,363.0,,,user,ai04,NON_INTENT_FRAGMENT_UNDERSPECIFIED_INPUT,残缺或不可独立解释输入,查询地名及地理信息,学历教育,U02,0,0.99999964,湖北高考,6216,666,
教育,assistant_top1k,陕西大学排名,340.0,,,user,ai04,LIST_AND_RECOMMENDATION_REQUEST,枚举清单或建议推荐,查询学校和教育信息,学历教育,U08,0,0.90402305,西安大学排名一览表,7631,575,
教育,assistant_top1k,这是什么学校,334.0,,,user,ai04,EXPLAIN_OR_IDENTIFY,解释含义或识别指称,未知事物识别,学历教育,U13,0,0.5260788,school,7624,576,
教育,assistant_top1k,成都学大教育,316.0,,,user,ai04,NAVIGATE_OFFICIAL_ENTRY_OR_TOPIC_FEED,前往官方入口或话题聚合页,查询学校和教育信息,学历教育,U02,0,0.7333666,成都大学,175,9603,U02
教育,assistant_top1k,高考志愿填报,313.0,,,user,ai04,LIST_AND_RECOMMENDATION_REQUEST,枚举清单或建议推荐,查询学校和教育信息,学历教育,U06,0,1.0000005,高考志愿填报,48,14937,U06
教育,assistant_top1k,学费多少,312.0,,,user,ai04,PRICE_COST_INQUIRY,价格或费用查询,查询价格费用,学历教育,U13,0,0.7756755,研究生学费一年多少,4715,806,U03
教育,assistant_top1k,这所学校毕业后好找工作吗,310.0,,,user,ai04,ENTITY_BACKGROUND_LOOKUP,核查人物或机构背景,招聘岗位及要求查询,学历教育,U07,0,0.58533895,工程管理专业就业前景,7506,583,
教育,assistant_top1k,苏州大学,309.0,,,user,ai04,EXPLAIN_OR_IDENTIFY,解释含义或识别指称,查询地名及地理信息,学历教育,U02,0,0.9999992,苏州大学,37,15674,U02
教育,assistant_top1k,26年高考许愿,307.0,,,user,ai04,MEDIA_CONTENT_SEARCH_OR_ACCESS,按线索查找或获取影音书资源,查询学校和教育信息,学历教育,U13,0,0.6724453,2026年高考,644,4283,U02
教育,assistant_top1k,高考,304.0,,,user,ai04,NON_INTENT_FRAGMENT_UNDERSPECIFIED_INPUT,残缺或不可独立解释输入,短词查询,学历教育,U02,0,0.9999995,高考,6,33737,U02
教育,assistant_top1k,录取分数线,301.0,,,user,ai04,NUMERIC_FACT_AND_POLICY_LOOKUP,数值事实与年度政策查询,查询学校和教育信息,学历教育,U03,0,0.932413,高考录取分数线,5021,773,U03
教育,assistant_top1k,成人大专,293.0,,,user,ai04,NON_INTENT_FRAGMENT_UNDERSPECIFIED_INPUT,残缺或不可独立解释输入,查询学校和教育信息,学历教育,U02,0,0.6828366,专升本,5083,766,
教育,assistant_top1k,考研培训,283.0,,,user,ai04,NON_INTENT_FRAGMENT_UNDERSPECIFIED_INPUT,残缺或不可独立解释输入,查询学校和教育信息,学历教育,U02,0,0.7886644,考研,5531,721,U02
教育,assistant_top1k,考研机构推荐排行榜,281.0,,,user,ai04,LIST_AND_RECOMMENDATION_REQUEST,枚举清单或建议推荐,查询学校和教育信息,学历教育,U08,0,0.8141897,考公培训机构排名前五的机构,7357,591,U08
教育,assistant_top1k,孩子不想去学校上学怎么办,350.0,,,user,ai04,GENERAL_HOWTO_GUIDE,通用操作与生活指南,查询学校和教育信息,教育培训其它,U07,1,0.5906242,初中毕业考不上高中如何选择学校,8427,535,
教育,assistant_top1k,直接给我答案,3457.0,,,user,ai04,CORRECT_OR_ADJUST_PREVIOUS_OUTPUT,修改上一轮输出,直接给出答案,教育综合,U11,0,0.66610426,答题,8524,531,
教育,assistant_top1k,直接出答案,3232.0,,,user,ai04,CORRECT_OR_ADJUST_PREVIOUS_OUTPUT,修改上一轮输出,直接给出答案,教育综合,U11,0,0.7023702,答题,8524,531,
教育,assistant_top1k,百度开学季,2498.0,,,user,ai04,NAVIGATE_OFFICIAL_ENTRY_OR_TOPIC_FEED,前往官方入口或话题聚合页,查询百度及百度AI入口,教育综合,U02,0,0.6789618,百度好学,120,11055,U01
教育,assistant_top1k,这道题有没有更简单的解法,2308.0,,,user,ai04,CORRECT_OR_ADJUST_PREVIOUS_OUTPUT,修改上一轮输出,查询更优替代版本,教育综合,U11,0,0.52534014,0除以任何数都得0对吗,6575,639,
教育,assistant_top1k,最终答案,1638.0,,,user,ai04,CORRECT_OR_ADJUST_PREVIOUS_OUTPUT,修改上一轮输出,直接给出答案,教育综合,U13,0,0.67687947,答题,8524,531,
教育,assistant_top1k,直接写出答案,1537.0,,,user,ai04,CORRECT_OR_ADJUST_PREVIOUS_OUTPUT,修改上一轮输出,直接给出答案,教育综合,U13,0,0.6862521,答题,8524,531,
教育,assistant_top1k,下一题,1471.0,,,user,ai04,CORRECT_OR_ADJUST_PREVIOUS_OUTPUT,修改上一轮输出,继续或重新生成内容,教育综合,U11,0,0.6738791,下,4425,843,
教育,assistant_top1k,答案是什么？,1346.0,,,user,ai04,EXPLAIN_OR_IDENTIFY,解释含义或识别指称,直接给出答案,教育综合,U13,0,0.67311466,答题,8524,531,
教育,assistant_top1k,这道题怎么做？,1034.0,,,user,ai04,EXPLAIN_OR_IDENTIFY,解释含义或识别指称,直接给出答案,教育综合,U06,0,0.5257766,答题,8524,531,
教育,assistant_top1k,这道题怎么写？,997.0,,,user,ai04,EXPLAIN_OR_IDENTIFY,解释含义或识别指称,直接给出答案,教育综合,U09,0,0.51294273,答题,8524,531,
教育,assistant_top1k,所有答案,904.0,,,user,ai04,CORRECT_OR_ADJUST_PREVIOUS_OUTPUT,修改上一轮输出,直接给出答案,教育综合,U13,0,0.6672485,答题,8524,531,
教育,assistant_top1k,这题怎么写？,598.0,,,user,ai04,EXPLAIN_OR_IDENTIFY,解释含义或识别指称,直接给出答案,教育综合,U13,0,0.5372885,答题,8524,531,
教育,assistant_top1k,写出答案,524.0,,,user,ai04,CORRECT_OR_ADJUST_PREVIOUS_OUTPUT,修改上一轮输出,直接给出答案,教育综合,U11,0,0.730951,答题,8524,531,
教育,assistant_top1k,这是多选题,366.0,,,user,ai04,CORRECT_OR_ADJUST_PREVIOUS_OUTPUT,修改上一轮输出,直接给出答案,教育综合,U11,0,0.61157006,多,9454,496,
教育,assistant_top1k,教育机构,359.0,,,user,ai04,NON_INTENT_FRAGMENT_UNDERSPECIFIED_INPUT,残缺或不可独立解释输入,查询学校和教育信息,教育综合,U02,0,0.74528354,教育局官网,8822,519,U01
教育,assistant_top1k,直接出答案。,338.0,,,user,ai04,NON_INTENT_SOCIAL_OR_EMOTIONAL_TURN,无内容社交与情绪表达轮,直接给出答案,教育综合,U11,0,0.6284259,答题,8524,531,
教育,assistant_top1k,直接给我答案。,304.0,,,user,ai04,NON_INTENT_SOCIAL_OR_EMOTIONAL_TURN,无内容社交与情绪表达轮,直接给出答案,教育综合,U11,0,0.6083413,给,8023,555,
教育,assistant_top1k,天津格林国际幼儿园学费,1044.0,,,user,ai04,PRICE_COST_INQUIRY,价格或费用查询,查询价格费用,早教,U03,0,0.55694157,糕点培训班学费价目表,2906,1133,U03
教育,assistant_top1k,出国留学费用,488.0,,,user,ai04,PRICE_COST_INQUIRY,价格或费用查询,查询护照签证与移民政策,留学,U03,0,0.69374734,研究生学费一年多少,4715,806,U03
教育,assistant_top1k,留学预科,295.0,,,user,ai04,NON_INTENT_FRAGMENT_UNDERSPECIFIED_INPUT,残缺或不可独立解释输入,查询护照签证与移民政策,留学,U02,0,0.70188016,预科班是什么意思,6031,680,U04
教育,assistant_top1k,艺术留学中介排行榜,283.0,,,user,ai04,LIST_AND_RECOMMENDATION_REQUEST,枚举清单或建议推荐,品牌型号性价比与口碑比较推荐,留学,U08,0,0.6524918,大学排名榜,6902,618,U08
教育,assistant_top1k,新东方烹饪学校一年学费是多少,1994.0,,,user,ai04,PRICE_COST_INQUIRY,价格或费用查询,查询价格费用,职业培训,U03,0,0.6699026,民办本科学费多少钱一年,8981,513,U03
教育,assistant_top1k,新东方西点学费价目表,1744.0,,,user,ai04,PRICE_COST_INQUIRY,价格或费用查询,查询价格费用,职业培训,U03,0,0.7957648,糕点培训班学费价目表,2906,1133,U03
教育,assistant_top1k,技能培训,607.0,,,user,ai04,NON_INTENT_FRAGMENT_UNDERSPECIFIED_INPUT,残缺或不可独立解释输入,企业机构信息查询,职业培训,U02,0,0.6573075,技能人才评价工作网官网,7071,608,
教育,assistant_top1k,中国人事考试网,381.0,,,user,ai04,NAVIGATE_OFFICIAL_ENTRY_OR_TOPIC_FEED,前往官方入口或话题聚合页,查询网站官网与邮箱登录注册入口,职业培训,U01,0,0.9999997,中国人事考试网,21,17983,U01
教育,assistant_top1k,百度教资AI押题卷,376.0,,,user,ai04,EXPLAIN_OR_IDENTIFY,解释含义或识别指称,查询百度及百度AI入口,职业培训,U09,0,0.63856107,百度教育,3029,1100,
教育,assistant_top1k,不加盟想学干洗技术怎么学,310.0,,,user,ai04,GENERAL_HOWTO_GUIDE,通用操作与生活指南,查询加盟招商信息,职业培训,U06,0,0.5039364,智能建造技术是学什么的 出来能干什么,7239,597,
教育,assistant_top1k,翻译,59254.0,,,user,ai04,CORRECT_OR_ADJUST_PREVIOUS_OUTPUT,修改上一轮输出,查询字词翻译与语言知识,语言培训,U01,0,1.0000006,翻译,3,46513,U01
教育,assistant_top1k,S,26963.0,,,user,ai04,NON_INTENT_FRAGMENT_UNDERSPECIFIED_INPUT,残缺或不可独立解释输入,短词查询,语言培训,U13,0,1.0000002,s,2355,1341,
教育,assistant_top1k,翻译一下,16322.0,,,user,ai04,CORRECT_OR_ADJUST_PREVIOUS_OUTPUT,修改上一轮输出,查询字词翻译与语言知识,语言培训,U01,0,0.79303485,翻译,3,46513,U01
教育,assistant_top1k,I don't know,10033.0,,,user,ai04,NON_INTENT_FRAGMENT_UNDERSPECIFIED_INPUT,残缺或不可独立解释输入,归集含“我”字杂项查询,语言培训,U13,0,0.6009664,know,5856,694,
教育,assistant_top1k,翻译成中文,7357.0,,,user,ai04,CORRECT_OR_ADJUST_PREVIOUS_OUTPUT,修改上一轮输出,查询字词翻译与语言知识,语言培训,U11,0,0.7651517,中文翻译英文,8626,527,U01
教育,assistant_top1k,Thank you,3006.0,,,user,ai04,NON_INTENT_SOCIAL_OR_EMOTIONAL_TURN,无内容社交与情绪表达轮,识别日常口语片段并应答,语言培训,U11,0,0.7142763,you,6135,672,U13
教育,assistant_top1k,新航道雅思培训机构怎么样,2937.0,,,user,ai04,GENERAL_HOWTO_GUIDE,通用操作与生活指南,查询学校和教育信息,语言培训,U05,0,0.5785618,新东方培训班机构,5995,682,
教育,assistant_top1k,My god,2843.0,,,user,ai04,NON_INTENT_FRAGMENT_UNDERSPECIFIED_INPUT,残缺或不可独立解释输入,归集含“我”字杂项查询,语言培训,U13,0,0.69866264,神,6337,656,
教育,assistant_top1k,翻译中文,2470.0,,,user,ai04,EXPLAIN_OR_IDENTIFY,解释含义或识别指称,查询字词翻译与语言知识,语言培训,U01,0,0.8461686,中文翻译英文,8626,527,U01
教育,assistant_top1k,英文,2268.0,,,user,ai04,NON_INTENT_FRAGMENT_UNDERSPECIFIED_INPUT,残缺或不可独立解释输入,查询字词翻译与语言知识,语言培训,U02,0,0.8566464,英语,1849,1630,
教育,assistant_top1k,英语,2257.0,,,user,ai04,NON_INTENT_FRAGMENT_UNDERSPECIFIED_INPUT,残缺或不可独立解释输入,短词查询,语言培训,U02,0,0.9999999,英语,1849,1630,
教育,assistant_top1k,中文,2215.0,,,user,ai04,NON_INTENT_FRAGMENT_UNDERSPECIFIED_INPUT,残缺或不可独立解释输入,短词查询,语言培训,U02,0,0.7380878,中,2354,1341,
教育,assistant_top1k,帮我翻译一下,2032.0,,,user,ai04,CORRECT_OR_ADJUST_PREVIOUS_OUTPUT,修改上一轮输出,查询字词翻译与语言知识,语言培训,U11,0,0.72018886,翻译,3,46513,U01
教育,assistant_top1k,帮我翻译,1992.0,,,user,ai04,CORRECT_OR_ADJUST_PREVIOUS_OUTPUT,修改上一轮输出,查询字词翻译与语言知识,语言培训,U10,0,0.78161615,翻译,3,46513,U01
教育,assistant_top1k,翻译成英文,1764.0,,,user,ai04,CORRECT_OR_ADJUST_PREVIOUS_OUTPUT,修改上一轮输出,查询字词翻译与语言知识,语言培训,U01,0,0.8528822,英文翻译,1236,2378,
教育,assistant_top1k,A,1364.0,,,user,ai04,NON_INTENT_FRAGMENT_UNDERSPECIFIED_INPUT,残缺或不可独立解释输入,查询短编号、IP地址及专名,语言培训,U13,0,0.9999991,a,1113,2629,
教育,assistant_top1k,Yeah,1342.0,,,user,ai04,NON_INTENT_SOCIAL_OR_EMOTIONAL_TURN,无内容社交与情绪表达轮,识别日常口语片段并应答,语言培训,U13,0,0.6945428,y,3782,940,
教育,assistant_top1k,新东方雅思班价目表,1298.0,,,user,ai04,PRICE_COST_INQUIRY,价格或费用查询,查询价格费用,语言培训,U03,0,0.69514996,新东方培训班机构,5995,682,
教育,assistant_top1k,I love you,1214.0,,,user,ai04,NON_INTENT_SOCIAL_OR_EMOTIONAL_TURN,无内容社交与情绪表达轮,归集含“我”字杂项查询,语言培训,U11,0,0.71849155,love,9286,502,U13
教育,assistant_top1k,Come on,1202.0,,,user,ai04,NON_INTENT_SOCIAL_OR_EMOTIONAL_TURN,无内容社交与情绪表达轮,识别日常口语片段并应答,语言培训,U13,0,0.909478,come,6218,666,U13
教育,assistant_top1k,翻译。,1196.0,,,user,ai04,NON_INTENT_FRAGMENT_UNDERSPECIFIED_INPUT,残缺或不可独立解释输入,查询字词翻译与语言知识,语言培训,U01,0,0.8788549,翻译,3,46513,U01
教育,assistant_top1k,音标,1180.0,,,user,ai04,NON_INTENT_FRAGMENT_UNDERSPECIFIED_INPUT,残缺或不可独立解释输入,查询字词翻译与语言知识,语言培训,U02,0,0.99999994,音标,2019,1520,
教育,assistant_top1k,百度翻译,1149.0,,,user,ai04,NAVIGATE_OFFICIAL_ENTRY_OR_TOPIC_FEED,前往官方入口或话题聚合页,查询百度及百度AI入口,语言培训,U01,0,1.0000002,百度翻译,11,25583,U01
教育,assistant_top1k,使用更高级的表达,1123.0,,,user,ai04,CORRECT_OR_ADJUST_PREVIOUS_OUTPUT,修改上一轮输出,继续或重新生成内容,语言培训,U11,0,0.5958786,更,6419,650,U13
教育,assistant_top1k,翻译全文,1081.0,,,user,ai04,EXPLAIN_OR_IDENTIFY,解释含义或识别指称,查询字词翻译与语言知识,语言培训,U13,0,0.7876236,翻译,3,46513,U01
教育,assistant_top1k,B,965.0,,,user,ai04,NON_INTENT_FRAGMENT_UNDERSPECIFIED_INPUT,残缺或不可独立解释输入,短词查询,语言培训,U13,0,1.0000004,b,2793,1175,
教育,assistant_top1k,能再翻译一遍吗,921.0,,,user,ai04,CORRECT_OR_ADJUST_PREVIOUS_OUTPUT,修改上一轮输出,改写已有回复,语言培训,U11,0,0.6990616,翻译,3,46513,U01
教育,assistant_top1k,No,912.0,,,user,ai04,NON_INTENT_SOCIAL_OR_EMOTIONAL_TURN,无内容社交与情绪表达轮,确认性问题解答,语言培训,U13,0,0.68111366,不,1924,1581,
教育,assistant_top1k,翻译英文转中文,877.0,,,user,ai04,MEDIA_CONTENT_SEARCH_OR_ACCESS,按线索查找或获取影音书资源,查询字词翻译与语言知识,语言培训,U01,0,0.8956029,中文翻译英文,8626,527,U01
教育,assistant_top1k,Yes,867.0,,,user,ai04,NON_INTENT_SOCIAL_OR_EMOTIONAL_TURN,无内容社交与情绪表达轮,确认性问题解答,语言培训,U11,0,0.7628546,true,2777,1178,U02
教育,assistant_top1k,中文翻译,864.0,,,user,ai04,EXPLAIN_OR_IDENTIFY,解释含义或识别指称,查询字词翻译与语言知识,语言培训,U01,0,0.8682399,中英翻译,6988,614,U01
教育,assistant_top1k,翻译英文,828.0,,,user,ai04,EXPLAIN_OR_IDENTIFY,解释含义或识别指称,查询字词翻译与语言知识,语言培训,U01,0,0.9557496,英文翻译,1236,2378,
教育,assistant_top1k,英文翻译,796.0,,,user,ai04,EXPLAIN_OR_IDENTIFY,解释含义或识别指称,查询字词翻译与语言知识,语言培训,U01,0,1.0000002,英文翻译,1236,2378,
教育,assistant_top1k,译文,761.0,,,user,ai04,EXPLAIN_OR_IDENTIFY,解释含义或识别指称,查询字词翻译与语言知识,语言培训,U02,0,0.8199926,翻译,3,46513,U01
教育,assistant_top1k,用英语,755.0,,,user,ai04,NON_INTENT_FRAGMENT_UNDERSPECIFIED_INPUT,残缺或不可独立解释输入,查询字词翻译与语言知识,语言培训,U11,0,0.79462874,英语,1849,1630,
教育,assistant_top1k,Hello hello,751.0,,,user,ai04,NON_INTENT_SOCIAL_OR_EMOTIONAL_TURN,无内容社交与情绪表达轮,识别日常口语片段并应答,语言培训,U11,0,0.95350075,hello,2698,1204,
教育,assistant_top1k,pull down,750.0,,,user,ai04,NON_INTENT_FRAGMENT_UNDERSPECIFIED_INPUT,残缺或不可独立解释输入,查询双腿张开姿势,语言培训,U13,0,0.8730936,pull,5918,689,U02
教育,assistant_top1k,翻译英语,721.0,,,user,ai04,EXPLAIN_OR_IDENTIFY,解释含义或识别指称,查询字词翻译与语言知识,语言培训,U01,0,0.95945907,英语翻译,784,3682,U01
教育,assistant_top1k,翻译一下。,709.0,,,user,ai04,CORRECT_OR_ADJUST_PREVIOUS_OUTPUT,修改上一轮输出,查询字词翻译与语言知识,语言培训,U13,0,0.80070966,翻译,3,46513,U01
教育,assistant_top1k,C,693.0,,,user,ai04,NON_INTENT_FRAGMENT_UNDERSPECIFIED_INPUT,残缺或不可独立解释输入,查询短编号、IP地址及专名,语言培训,U13,0,1.0000002,c,3301,1033,
教育,assistant_top1k,帮我翻译成中文,666.0,,,user,ai04,CORRECT_OR_ADJUST_PREVIOUS_OUTPUT,修改上一轮输出,查询字词翻译与语言知识,语言培训,U11,0,0.67175937,中文翻译英文,8626,527,U01
教育,assistant_top1k,I,629.0,,,user,ai04,NON_INTENT_FRAGMENT_UNDERSPECIFIED_INPUT,残缺或不可独立解释输入,归集含“我”字杂项查询,语言培训,U13,0,0.9999997,i,3507,986,
教育,assistant_top1k,新航道雅思培训机构电话,628.0,,,user,ai04,LIST_AND_RECOMMENDATION_REQUEST,枚举清单或建议推荐,查询联系电话,语言培训,U03,0,0.6382196,新东方培训班机构,5995,682,
教育,assistant_top1k,I don't know what to do,619.0,,,user,ai04,NON_INTENT_SOCIAL_OR_EMOTIONAL_TURN,无内容社交与情绪表达轮,归集含“我”字杂项查询,语言培训,U13,1,0.5463906,know,5856,694,
教育,assistant_top1k,二十词英文作文,603.0,,,user,ai04,GENERATE_OR_REVISE_TEXT,生成或改写文本,查询字词翻译与语言知识,语言培训,U10,0,0.66276157,英语作文,7449,586,
教育,assistant_top1k,I don't think so,599.0,,,user,ai04,NON_INTENT_FRAGMENT_UNDERSPECIFIED_INPUT,残缺或不可独立解释输入,归集含“我”字杂项查询,语言培训,U13,0,0.65702254,think,4049,899,
教育,assistant_top1k,Hey,586.0,,,user,ai04,NON_INTENT_SOCIAL_OR_EMOTIONAL_TURN,无内容社交与情绪表达轮,识别日常口语片段并应答,语言培训,U11,0,0.7340005,hello,2698,1204,
教育,assistant_top1k,What,580.0,,,user,ai04,NON_INTENT_FRAGMENT_UNDERSPECIFIED_INPUT,残缺或不可独立解释输入,查询事物或词语的含义与说明,语言培训,U13,0,1.0000007,what,4524,832,
教育,assistant_top1k,翻译成英语,541.0,,,user,ai04,CORRECT_OR_ADJUST_PREVIOUS_OUTPUT,修改上一轮输出,查询字词翻译与语言知识,语言培训,U11,0,0.8481368,英语翻译,784,3682,U01
教育,assistant_top1k,翻译成白话文,530.0,,,user,ai04,CORRECT_OR_ADJUST_PREVIOUS_OUTPUT,修改上一轮输出,查询字词翻译与语言知识,语言培训,U13,0,0.73798984,翻译,3,46513,U01
教育,assistant_top1k,I don't want to,512.0,,,user,ai04,NON_INTENT_SOCIAL_OR_EMOTIONAL_TURN,无内容社交与情绪表达轮,归集含“我”字杂项查询,语言培训,U13,0,0.614394,want,7014,611,U02
教育,assistant_top1k,这个是什么意思？,493.0,,,user,ai04,EXPLAIN_OR_IDENTIFY,解释含义或识别指称,查询事物或词语的含义与说明,语言培训,U13,0,0.73738563,...是什么意思?,3276,1038,U13
教育,assistant_top1k,英语翻译,491.0,,,user,ai04,EXPLAIN_OR_IDENTIFY,解释含义或识别指称,查询字词翻译与语言知识,语言培训,U01,0,1.0000001,英语翻译,784,3682,U01
教育,assistant_top1k,m,479.0,,,user,ai04,NON_INTENT_FRAGMENT_UNDERSPECIFIED_INPUT,残缺或不可独立解释输入,查询短编号、IP地址及专名,语言培训,U13,0,1.0000004,m,2132,1451,
教育,assistant_top1k,26个英文字母,463.0,,,user,ai04,LIST_AND_RECOMMENDATION_REQUEST,枚举清单或建议推荐,查询字词翻译与语言知识,语言培训,U08,0,1.0000008,26个英文字母,2600,1242,
教育,assistant_top1k,h,461.0,,,user,ai04,NON_INTENT_FRAGMENT_UNDERSPECIFIED_INPUT,残缺或不可独立解释输入,查询短编号、IP地址及专名,语言培训,U13,0,0.6304594,he,7550,580,
教育,assistant_top1k,猜猜我是男孩还是女孩英语怎么说,455.0,,,user,ai04,EXPLAIN_OR_IDENTIFY,解释含义或识别指称,查询字词翻译与语言知识,语言培训,U10,0,0.65812236,女孩的英文,9253,503,
教育,assistant_top1k,翻译成汉语,447.0,,,user,ai04,CORRECT_OR_ADJUST_PREVIOUS_OUTPUT,修改上一轮输出,查询字词翻译与语言知识,语言培训,U13,0,0.7458076,英译汉,2945,1122,U01
教育,assistant_top1k,能再翻译一次吗,447.0,,,user,ai04,CORRECT_OR_ADJUST_PREVIOUS_OUTPUT,修改上一轮输出,改写已有回复,语言培训,U11,0,0.6799684,翻译,3,46513,U01
教育,assistant_top1k,Sil,441.0,,,user,ai04,EXPLAIN_OR_IDENTIFY,解释含义或识别指称,查询短编号、IP地址及专名,语言培训,U13,0,0.72755814,silk,580,4625,U02
教育,assistant_top1k,b,437.0,,,user,ai04,NON_INTENT_FRAGMENT_UNDERSPECIFIED_INPUT,残缺或不可独立解释输入,短词查询,语言培训,U13,0,1.0000004,b,2793,1175,
教育,assistant_top1k,英文版,435.0,,,user,ai04,MEDIA_CONTENT_SEARCH_OR_ACCESS,按线索查找或获取影音书资源,查询字词翻译与语言知识,语言培训,U13,0,0.71130794,version,7699,572,U02
教育,assistant_top1k,翻译成中文。,411.0,,,user,ai04,CORRECT_OR_ADJUST_PREVIOUS_OUTPUT,修改上一轮输出,查询字词翻译与语言知识,语言培训,U11,0,0.74624985,翻译,3,46513,U01
教育,assistant_top1k,I don't know what,403.0,,,user,ai04,NON_INTENT_FRAGMENT_UNDERSPECIFIED_INPUT,残缺或不可独立解释输入,归集含“我”字杂项查询,语言培训,U13,0,0.6469723,what,4524,832,
教育,assistant_top1k,怎么读,401.0,,,user,ai04,EXPLAIN_OR_IDENTIFY,解释含义或识别指称,查询字词翻译与语言知识,语言培训,U13,0,0.78918976,赟怎么读,1330,2212,U03
教育,assistant_top1k,发音,400.0,,,user,ai04,NON_INTENT_FRAGMENT_UNDERSPECIFIED_INPUT,残缺或不可独立解释输入,查询字词翻译与语言知识,语言培训,U01,0,0.73236096,拼音,2876,1143,
教育,assistant_top1k,com,397.0,,,user,ai04,NAVIGATE_OFFICIAL_ENTRY_OR_TOPIC_FEED,前往官方入口或话题聚合页,查询网站官网与邮箱登录注册入口,语言培训,U13,0,0.7457732,comic,8526,530,U02
教育,assistant_top1k,D,384.0,,,user,ai04,NON_INTENT_FRAGMENT_UNDERSPECIFIED_INPUT,残缺或不可独立解释输入,查询短编号、IP地址及专名,语言培训,U13,0,1.0000002,d,3195,1057,
教育,assistant_top1k,What are you doing?,371.0,,,user,ai04,NON_INTENT_SOCIAL_OR_EMOTIONAL_TURN,无内容社交与情绪表达轮,查询事物或词语的含义与说明,语言培训,U11,0,0.6989863,what,4524,832,
教育,assistant_top1k,You,360.0,,,user,ai04,NON_INTENT_FRAGMENT_UNDERSPECIFIED_INPUT,残缺或不可独立解释输入,识别日常口语片段并应答,语言培训,U02,0,1.0000001,you,6135,672,U13
教育,assistant_top1k,怎么读？,358.0,,,user,ai04,EXPLAIN_OR_IDENTIFY,解释含义或识别指称,查询字词翻译与语言知识,语言培训,U13,0,0.7588012,赟怎么读,1330,2212,U03
教育,assistant_top1k,英文什么意思,353.0,,,user,ai04,EXPLAIN_OR_IDENTIFY,解释含义或识别指称,查询字词翻译与语言知识,语言培训,U04,0,0.6449749,英文翻译,1236,2378,
教育,assistant_top1k,"That's a,good thing",345.0,,,user,ai04,NON_INTENT_FRAGMENT_UNDERSPECIFIED_INPUT,残缺或不可独立解释输入,识别日常口语片段并应答,语言培训,U13,0,0.76241165,that,6183,669,U02
教育,assistant_top1k,翻译这篇文章,342.0,,,user,ai04,EXPLAIN_OR_IDENTIFY,解释含义或识别指称,查询字词翻译与语言知识,语言培训,U10,0,0.7467031,翻译,3,46513,U01
教育,assistant_top1k,翻译器,340.0,,,user,ai04,NON_INTENT_FRAGMENT_UNDERSPECIFIED_INPUT,残缺或不可独立解释输入,查询字词翻译与语言知识,语言培训,U01,0,1.0000004,翻译器,881,3315,U01
教育,assistant_top1k,T,339.0,,,user,ai04,NON_INTENT_FRAGMENT_UNDERSPECIFIED_INPUT,残缺或不可独立解释输入,查询短编号、IP地址及专名,语言培训,U13,0,1.0000001,t,3506,986,
教育,assistant_top1k,i,339.0,,,user,ai04,NON_INTENT_FRAGMENT_UNDERSPECIFIED_INPUT,残缺或不可独立解释输入,归集含“我”字杂项查询,语言培训,U13,0,0.9999997,i,3507,986,
教育,assistant_top1k,a,323.0,,,user,ai04,NON_INTENT_FRAGMENT_UNDERSPECIFIED_INPUT,残缺或不可独立解释输入,查询短编号、IP地址及专名,语言培训,U13,0,0.9999991,a,1113,2629,
教育,assistant_top1k,<div>—Do you have a pet dog?  —______ It's cute.</div>,322.0,,,user,ai04,NON_INTENT_SOCIAL_OR_EMOTIONAL_TURN,无内容社交与情绪表达轮,短句文案查询,语言培训,U09,0,0.5491487,狗的笔顺,9716,487,
教育,assistant_top1k,n,319.0,,,user,ai04,NON_INTENT_FRAGMENT_UNDERSPECIFIED_INPUT,残缺或不可独立解释输入,查询短编号、IP地址及专名,语言培训,U13,0,1.0000008,n,2870,1146,
教育,assistant_top1k,报名英语,319.0,,,user,ai04,NON_INTENT_FRAGMENT_UNDERSPECIFIED_INPUT,残缺或不可独立解释输入,查询字词翻译与语言知识,语言培训,U13,0,0.6885886,高考报名,9330,501,
教育,assistant_top1k,的英文,318.0,,,user,ai04,EXPLAIN_OR_IDENTIFY,解释含义或识别指称,查询字词翻译与语言知识,语言培训,U13,0,0.71622354,英文翻译,1236,2378,
教育,assistant_top1k,v,314.0,,,user,ai04,NON_INTENT_FRAGMENT_UNDERSPECIFIED_INPUT,残缺或不可独立解释输入,查询短编号、IP地址及专名,语言培训,U13,0,1.0000002,v,5621,715,
教育,assistant_top1k,What's your name,306.0,,,user,ai04,NON_INTENT_FRAGMENT_UNDERSPECIFIED_INPUT,残缺或不可独立解释输入,名称查询,语言培训,U11,0,0.6888996,what,4524,832,
教育,assistant_top1k,帮我翻译一下。,306.0,,,user,ai04,CORRECT_OR_ADJUST_PREVIOUS_OUTPUT,修改上一轮输出,查询字词翻译与语言知识,语言培训,U13,0,0.7011872,翻译,3,46513,U01
教育,assistant_top1k,s,305.0,,,user,ai04,NON_INTENT_FRAGMENT_UNDERSPECIFIED_INPUT,残缺或不可独立解释输入,短词查询,语言培训,U13,0,1.0000002,s,2355,1341,
教育,assistant_top1k,o,295.0,,,user,ai04,NON_INTENT_FRAGMENT_UNDERSPECIFIED_INPUT,残缺或不可独立解释输入,查询短编号、IP地址及专名,语言培训,U13,0,1.0000005,o,6695,631,
教育,assistant_top1k,翻译文章,294.0,,,user,ai04,GENERATE_OR_REVISE_TEXT,生成或改写文本,查询字词翻译与语言知识,语言培训,U10,0,0.7838004,翻译,3,46513,U01
教育,assistant_top1k,Okay,292.0,,,user,ai04,NON_INTENT_SOCIAL_OR_EMOTIONAL_TURN,无内容社交与情绪表达轮,识别日常口语片段并应答,语言培训,U11,0,0.7004893,delay,9430,497,U02
教育,assistant_top1k,用更简单的单词重写一遍,285.0,,,user,ai04,CORRECT_OR_ADJUST_PREVIOUS_OUTPUT,修改上一轮输出,文本缩短请求,语言培训,U11,0,0.5784435,simple,4204,873,U02
教育,assistant_top1k,全部翻译,284.0,,,user,ai04,EXPLAIN_OR_IDENTIFY,解释含义或识别指称,查询字词翻译与语言知识,语言培训,U11,0,0.77341574,翻译,3,46513,U01
教育,assistant_random1k,东莞育才职业技术学校招生简章,56.0,,,user,ai04,LIST_AND_RECOMMENDATION_REQUEST,枚举清单或建议推荐,招聘岗位及要求查询,K12,U09,0,0.71265686,东莞职业技术学院,2620,1235,U02
教育,assistant_random1k,开会,17.0,,,user,ai04,NON_INTENT_FRAGMENT_UNDERSPECIFIED_INPUT,残缺或不可独立解释输入,识别日常口语片段并应答,K12,U13,0,0.70574015,开,7246,597,
教育,assistant_random1k,水浒传的好词,10.0,,,user,ai04,GENERATE_OR_REVISE_TEXT,生成或改写文本,短句文案查询,K12,U08,0,0.54663336,水调歌头苏轼原文,1630,1815,
教育,assistant_random1k,关于暑假的作文600字,6.0,,,user,ai04,NUMERIC_FACT_AND_POLICY_LOOKUP,数值事实与年度政策查询,生成与修改作文类文本,K12,U10,0,0.6772376,暑假,3783,940,
教育,assistant_random1k,名人传读后感,6.0,,,user,ai04,GENERATE_OR_REVISE_TEXT,生成或改写文本,生成与修改作文类文本,K12,U09,0,0.5461342,观书有感 朱熹,4332,853,
教育,assistant_random1k,欣赏怎么写？,6.0,,,user,ai04,GENERATE_OR_REVISE_TEXT,生成或改写文本,生成与修改作文类文本,K12,U06,0,0.615942,欣慰是什么意思,7087,606,
教育,assistant_random1k,阿廖沙拼音,6.0,,,user,ai04,EXPLAIN_OR_IDENTIFY,解释含义或识别指称,查询字词翻译与语言知识,K12,U03,0,0.68644446,廖怎么读,4044,900,
教育,assistant_random1k,分开双脚,4.0,,,user,ai04,ADULT_OR_VIOLENT_CONTENT_REQUEST,索取或生成成人、色情或暴力内容,查询双腿张开姿势,K12,U13,0,0.6107156,脚,4126,885,
教育,assistant_random1k,小心翼翼的翼，怎么写？,4.0,,,user,ai04,GENERATE_OR_REVISE_TEXT,生成或改写文本,生成与修改作文类文本,K12,U06,0,0.49026355,慎怎么读,4490,836,
教育,assistant_random1k,我想对作文《那一次，我长大了》进行个性化编辑,4.0,,,user,ai04,GENERATE_OR_REVISE_TEXT,生成或改写文本,生成与修改作文类文本,K12,U10,0,0.73743427,那一刻我长大了,5898,691,U02
教育,assistant_random1k,能帮我设计一份手抄报的排版布局吗,4.0,,,user,ai04,GENERATE_OR_EDIT_SAFE_IMAGE,生成或编辑非敏感图像,按描述生成图片与Logo设计,K12,U10,0,0.45681942,"一,起草",9444,496,
教育,assistant_random1k,风雨雷电是哪几 肖,4.0,,,user,ai04,FORTUNE_DREAM_DIVINATION,命理解梦与占卜,命理测算与运势查询,K12,U08,0,0.6205025,血雨腥风打一准确生肖,8472,532,
教育,assistant_random1k,《目送》龙应台读书笔记600字,3.0,,,user,ai04,MEDIA_CONTENT_SEARCH_OR_ACCESS,按线索查找或获取影音书资源,生成与修改作文类文本,K12,U10,0,0.51011354,观书有感 朱熹,4332,853,
教育,assistant_random1k,写一篇四年级上册作文学写读后感350字。以《小王子》感悟为选材，字数要求是300-400，作文体裁是读后感,3.0,,,user,ai04,GENERATE_OR_REVISE_TEXT,生成或改写文本,生成与修改作文类文本,K12,U10,0,0.5708975,四渡赤水观后感300字左右,2041,1506,
教育,assistant_random1k,劲拼音,3.0,,,user,ai04,NON_INTENT_FRAGMENT_UNDERSPECIFIED_INPUT,残缺或不可独立解释输入,查询字词翻译与语言知识,K12,U03,0,0.9630706,劲的拼音,6221,666,U03
教育,assistant_random1k,帮我写一句不同的读后感,3.0,,,user,ai04,GENERATE_OR_REVISE_TEXT,生成或改写文本,生成与修改作文类文本,K12,U11,0,0.51514286,四渡赤水观后感300字左右,2041,1506,
教育,assistant_random1k,我想对作文《一件让我快乐且收获满满的事》进行个性化编辑,3.0,,,user,ai04,GENERATE_OR_REVISE_TEXT,生成或改写文本,生成与修改作文类文本,K12,U10,0,0.5056159,作文,1424,2064,
教育,assistant_random1k,手势舞绝美佳句,3.0,,,user,ai04,GENERATE_OR_REVISE_TEXT,生成或改写文本,短句文案查询,K12,U08,0,0.752418,手势舞,8938,515,U02
教育,assistant_random1k,晋文章暗含尽是文章之意，尽书风借指晋代书风。此为本联的玄机。,3.0,,,user,ai04,GENERATE_OR_REVISE_TEXT,生成或改写文本,生成与修改作文类文本,K12,U13,0,0.54880506,有的笔顺,9484,495,
教育,assistant_random1k,每个空都要填。,3.0,,,user,ai04,CORRECT_OR_ADJUST_PREVIOUS_OUTPUT,修改上一轮输出,识别并处理零散口语与叙事片段,K12,U13,0,0.58209,空,8948,514,
教育,assistant_random1k,生成指定字数的作文版本,3.0,,,user,ai04,GENERATE_OR_REVISE_TEXT,生成或改写文本,生成与修改作文类文本,K12,U10,0,0.5632258,作文,1424,2064,
教育,assistant_random1k,给这些字组词和拼音,3.0,,,user,ai04,GENERATE_OR_REVISE_TEXT,生成或改写文本,查询字词翻译与语言知识,K12,U10,0,0.6318231,哪的拼音,9420,497,
教育,assistant_random1k,能再给我几个童真的唯美句子吗,3.0,,,user,ai04,CORRECT_OR_ADJUST_PREVIOUS_OUTPUT,修改上一轮输出,短句文案查询,K12,U10,0,0.65227723,七月你好唯美的句子简短,1214,2412,U09
教育,assistant_random1k,衣全白,3.0,,,user,ai04,ADULT_OR_VIOLENT_CONTENT_REQUEST,索取或生成成人、色情或暴力内容,性感内衣丝袜查询与生成,K12,U02,0,0.6614768,白,3952,912,
教育,assistant_random1k,还有哪些组词？,3.0,,,user,ai04,CORRECT_OR_ADJUST_PREVIOUS_OUTPUT,修改上一轮输出,查询字词翻译与语言知识,K12,U11,0,0.78463733,哪组词,2691,1206,U13
教育,assistant_random1k,雨后的校园一景700字,3.0,,,user,ai04,MEDIA_CONTENT_SEARCH_OR_ACCESS,按线索查找或获取影音书资源,生成与修改作文类文本,K12,U09,0,0.51214653,雨,5446,730,
教育,assistant_random1k,"一场秋雨一场凉,风渐冷,叶渐黄",2.0,,,user,ai04,GENERATE_OR_REVISE_TEXT,生成或改写文本,生成与修改作文类文本,K12,U09,0,0.5732242,"人生若只如初见,何事秋风悲画扇",5144,760,
教育,assistant_random1k,一步登天打一生肖，哪个生肖最准确,2.0,,,user,ai04,FORTUNE_DREAM_DIVINATION,命理解梦与占卜,命理测算与运势查询,K12,U09,0,0.6870184,大步流星打一准确生肖,3501,987,
教育,assistant_random1k,"不负如来不负卿,世间安得两全法",2.0,,,user,ai04,FORTUNE_DREAM_DIVINATION,命理解梦与占卜,传统文化与收藏信息查询及古风内容生成,K12,U13,0,0.57134616,"人生若只如初见,何事秋风悲画扇",5144,760,
教育,assistant_random1k,世外桃源好网站的好网站指什么生肖,2.0,,,user,ai04,LIST_AND_RECOMMENDATION_REQUEST,枚举清单或建议推荐,命理测算与运势查询,K12,U03,0,0.54573584,"农家都有的动物,生肖还需自己查指什么生肖",6093,675,
教育,assistant_random1k,世界经典名句100句,2.0,,,user,ai04,GENERATE_OR_REVISE_TEXT,生成或改写文本,短句文案查询,K12,U08,0,0.61075366,励志的句子经典语句,2440,1300,U08
教育,assistant_random1k,丰富素材,2.0,,,user,ai04,NON_INTENT_FRAGMENT_UNDERSPECIFIED_INPUT,残缺或不可独立解释输入,整理生成表格与总结,K12,U13,0,0.5509364,阅读,6120,673,
教育,assistant_random1k,五年级数学思维导图下册,2.0,,,user,ai04,MEDIA_CONTENT_SEARCH_OR_ACCESS,按线索查找或获取影音书资源,直接给出答案,K12,U09,0,0.702421,五年级下册数学期末测试卷人教版免费下载,2969,1117,U09
教育,assistant_random1k,以允许自己慢慢来为题，做一个600字左右的初中作文,2.0,,,user,ai04,GENERATE_OR_REVISE_TEXT,生成或改写文本,生成与修改作文类文本,K12,U10,0,0.511352,成长类作文800字初中优秀范文,4808,794,
教育,assistant_random1k,分班考核成绩会影响孩子分班吗,2.0,,,user,ai04,FACT_VERIFICATION_AND_RUMOR_OR_STATUS_CHECK,核验真伪、传闻与进展,查询学校和教育信息,K12,U07,0,0.5252913,中考什么时候出分数,7549,580,
教育,assistant_random1k,如何修改使其更工整,2.0,,,user,ai04,CORRECT_OR_ADJUST_PREVIOUS_OUTPUT,修改上一轮输出,图片视频修改生成,K12,U13,0,0.5182163,有的笔顺,9484,495,
教育,assistant_random1k,如何直观感受tree3有多大,2.0,,,user,ai04,GENERAL_HOWTO_GUIDE,通用操作与生活指南,生成游戏动漫同人创作并查询虚构设定,K12,U04,0,0.38324794,庭中有奇树,5264,748,
教育,assistant_random1k,定州市中小学2026放假时间表,2.0,,,user,ai04,NUMERIC_FACT_AND_POLICY_LOOKUP,数值事实与年度政策查询,2026年相关信息查询,K12,U03,0,0.70635366,小学放假时间,1701,1743,U03
教育,assistant_random1k,小舟从此逝,2.0,,,user,ai04,MEDIA_CONTENT_SEARCH_OR_ACCESS,按线索查找或获取影音书资源,玄幻同人设定创作与剧情讨论查询,K12,U02,0,0.5655708,何不同舟渡,3860,928,
教育,assistant_random1k,帮我画 多彩暑假夏日成长时光手抄报,2.0,,,user,ai04,GENERATE_OR_EDIT_SAFE_IMAGE,生成或编辑非敏感图像,按描述生成图片与Logo设计,K12,U10,0,0.6008838,暑假,3783,940,
教育,assistant_random1k,幽溪绵水浸翠芽，长空云淡几昏鸦。 ​折剑见蛰思去处，断绸愁束念琵琶。 百难可有穷尽时，冷火亦当慢煮茶。 寒舍苔绿久未踏，西角墙落旧书札。 ​,2.0,,,user,ai04,GENERATE_OR_REVISE_TEXT,生成或改写文本,生成与修改作文类文本,K12,U13,0,0.5877959,天净沙秋思古诗,8694,524,
教育,assistant_random1k,广州市第64中学的旧址在哪里,2.0,,,user,ai04,FACT_VERIFICATION_AND_RUMOR_OR_STATUS_CHECK,核验真伪、传闻与进展,查询地区规划、拆迁与建设项目信息,K12,U03,0,0.5533628,广州中考时间,1187,2453,
教育,assistant_random1k,我们的公车越过荒野和山坡,2.0,,,user,ai04,FACT_VERIFICATION_AND_RUMOR_OR_STATUS_CHECK,核验真伪、传闻与进展,出行路线距离耗时查询,K12,U09,0,0.46628067,across,4615,818,
教育,assistant_random1k,我想对作文《一分钟自我介绍》进行个性化编辑,2.0,,,user,ai04,GENERATE_OR_REVISE_TEXT,生成或改写文本,生成与修改作文类文本,K12,U10,1,0.5270821,作文,1424,2064,
教育,assistant_random1k,我爱什么因为它什么仿写句子,2.0,,,user,ai04,GENERATE_OR_REVISE_TEXT,生成或改写文本,短句文案查询,K12,U10,0,0.5989713,为什么,1462,2004,
教育,assistant_random1k,探索宇宙星空A4纸画画,2.0,,,user,ai04,GENERATE_OR_EDIT_SAFE_IMAGE,生成或编辑非敏感图像,按描述生成图片与Logo设计,K12,U09,0,0.5418863,画画,2103,1466,
教育,assistant_random1k,教一下拼音,2.0,,,user,ai04,CORRECT_OR_ADJUST_PREVIOUS_OUTPUT,修改上一轮输出,查询字词翻译与语言知识,K12,U04,0,0.7633323,拼音,2876,1143,
教育,assistant_random1k,晏殊,2.0,,,user,ai04,EXPLAIN_OR_IDENTIFY,解释含义或识别指称,人物信息查询,K12,U02,0,0.78150105,晏,7691,572,U02
教育,assistant_random1k,水浒传113到116回概括,2.0,,,user,ai04,EXPLAIN_OR_IDENTIFY,解释含义或识别指称,传统文化与收藏信息查询及古风内容生成,K12,U04,0,0.5199486,四渡赤水观后感300字左右,2041,1506,
教育,assistant_random1k,烂若披锦打一生肖的谜底是啥,2.0,,,user,ai04,FORTUNE_DREAM_DIVINATION,命理解梦与占卜,命理测算与运势查询,K12,U09,0,0.6631093,五花结队香如雾打一生肖,459,5236,U09
教育,assistant_random1k,犬子的意思和用法,2.0,,,user,ai04,EXPLAIN_OR_IDENTIFY,解释含义或识别指称,查询字词翻译与语言知识,K12,U04,0,0.63211155,狗的笔顺,9716,487,
教育,assistant_random1k,猿辅导直播课怎么收费,2.0,,,user,ai04,GENERAL_HOWTO_GUIDE,通用操作与生活指南,查询网络平台赚钱与变现方式,K12,U03,0,0.64060795,中公教育考公务员培训收费标准,9103,508,
教育,assistant_random1k,玫瑰读音,2.0,,,user,ai04,EXPLAIN_OR_IDENTIFY,解释含义或识别指称,查询字词翻译与语言知识,K12,U03,0,0.6389353,蕊怎么读音,2858,1151,
教育,assistant_random1k,用简短唯美短句描述楼兰博物馆外景景色,2.0,,,user,ai04,GENERATE_OR_REVISE_TEXT,生成或改写文本,短句文案查询,K12,U10,0,0.551428,黄鹤楼的诗句,7735,570,
教育,assistant_random1k,相聚的聚,2.0,,,user,ai04,NON_INTENT_FRAGMENT_UNDERSPECIFIED_INPUT,残缺或不可独立解释输入,关键词相关视频查询,K12,U13,0,0.81422514,聚,6760,627,U13
教育,assistant_random1k,稻草人的名言警句,2.0,,,user,ai04,GENERATE_OR_REVISE_TEXT,生成或改写文本,短句文案查询,K12,U08,0,0.55278546,励志的句子经典语句,2440,1300,U08
教育,assistant_random1k,简单预习,2.0,,,user,ai04,NON_INTENT_FRAGMENT_UNDERSPECIFIED_INPUT,残缺或不可独立解释输入,文本缩短请求,K12,U13,0,0.58500534,简笔画,1191,2447,
教育,assistant_random1k,风信子的来历读后感,2.0,,,user,ai04,EXPLAIN_OR_IDENTIFY,解释含义或识别指称,生成与修改作文类文本,K12,U09,0,0.5093133,观书有感 朱熹,4332,853,
教育,assistant_random1k,黼黻是什么意思,2.0,,,user,ai04,EXPLAIN_OR_IDENTIFY,解释含义或识别指称,查询事物或词语的含义与说明,K12,U04,0,0.7504669,芣苢怎么读,3042,1096,U03
教育,assistant_random1k,"""‌史家之绝唱，无韵之离骚‌""",1.0,,,user,ai04,GENERATE_OR_REVISE_TEXT,生成或改写文本,生成与修改作文类文本,K12,U04,0,0.66543436,离骚,1477,1982,
教育,assistant_random1k,(-α平方5)²+(-a²)平方5,1.0,,,user,ai04,NUMERIC_FACT_AND_POLICY_LOOKUP,数值事实与年度政策查询,直接给出答案,K12,U03,0,0.6095942,-0/0.5怎么算赢,5645,712,
教育,assistant_random1k,0.02元是否会影响我的正常使用,1.0,,,user,ai04,LEGAL_CONSULTATION_AND_OUTCOME_PREDICTION,法律咨询与案件结果预测,查询杂项信息,K12,U07,1,0.52810496,用,4143,883,
教育,assistant_random1k,1.和2.加在一起字数不超过55字。,1.0,,,user,ai04,CORRECT_OR_ADJUST_PREVIOUS_OUTPUT,修改上一轮输出,文本字数查询与控制,K12,U13,0,0.5857871,大写的壹贰叁到十整,2472,1285,
教育,assistant_random1k,1/3+1/8+1/6,1.0,,,user,ai04,NON_INTENT_FRAGMENT_UNDERSPECIFIED_INPUT,残缺或不可独立解释输入,直接给出答案,K12,U03,0,0.62858415,追加一份打三个数字,8454,533,
教育,assistant_random1k,100字不少于100字,1.0,,,user,ai04,GENERATE_OR_REVISE_TEXT,生成或改写文本,文本字数查询与控制,K12,U11,0,0.67026234,大写的壹贰叁到十整,2472,1285,
教育,assistant_random1k,13开根号,1.0,,,user,ai04,NON_INTENT_FRAGMENT_UNDERSPECIFIED_INPUT,残缺或不可独立解释输入,查询电话号码归属与机主信息,K12,U03,0,0.6423693,13,3660,960,
教育,assistant_random1k,14.社会主义核心价值观国家层面（）A.富强、民主、文明、和谐B.自由、平等、公正、法治C.爱国、敬业、诚信、友善D.明礼、诚信、团结、友善,1.0,,,user,ai04,LIST_AND_RECOMMENDATION_REQUEST,枚举清单或建议推荐,生成与修改作文类文本,K12,U09,0,0.54217863,大学排名全国排名榜,2051,1498,
教育,assistant_random1k,180字精彩绝伦诗词一毛主席没有毛泽东就没有千年难遇的华夏展宏图没有毛泽东就没有当今霸气的中国盛盛世万年伟人毛泽东被对手称赞把敌人折服毛主席的丰功伟绩地球上无人能及,1.0,,,user,ai04,GENERATE_OR_REVISE_TEXT,生成或改写文本,生成与修改作文类文本,K12,U10,0,0.7448984,毛主席诗词,1485,1975,U02
教育,assistant_random1k,1单元到3单元所有的笔顺,1.0,,,user,ai04,GENERAL_HOWTO_GUIDE,通用操作与生活指南,文本字数查询与控制,K12,U08,0,0.7475939,里的笔顺,1727,1722,U03
教育,assistant_random1k,2025年西北师大附中录取名单完整版,1.0,,,user,ai04,LIST_AND_RECOMMENDATION_REQUEST,枚举清单或建议推荐,查询学校和教育信息,K12,U08,0,0.72706646,2025中考录取线一览表,5040,771,U03
教育,assistant_random1k,2026 年高新学校初一招生摇号规则是什么,1.0,,,user,ai04,NUMERIC_FACT_AND_POLICY_LOOKUP,数值事实与年度政策查询,查询学校和教育信息,K12,U04,0,0.62935597,2026中考录取线一览表,1294,2273,
教育,assistant_random1k,2026九上历史最重要的事件,1.0,,,user,ai04,LIST_AND_RECOMMENDATION_REQUEST,枚举清单或建议推荐,2026年相关信息查询,K12,U08,0,0.53752047,2026高考分数线一览表,1781,1679,
教育,assistant_random1k,2026年8月10号军训高中是哪个,1.0,,,user,ai04,LIST_AND_RECOMMENDATION_REQUEST,枚举清单或建议推荐,查询学校和教育信息,K12,U03,0,0.6606833,2026中考多少分能上高中,6462,647,
教育,assistant_random1k,2026年“乐知奖”获奖名单何时公布,1.0,,,user,ai04,LIST_AND_RECOMMENDATION_REQUEST,枚举清单或建议推荐,2026年相关信息查询,K12,U03,0,0.5610839,2026中考成绩公布时间,3224,1050,
教育,assistant_random1k,2026年，无为中考各个中学参加中考的学生人数,1.0,,,user,ai04,NUMERIC_FACT_AND_POLICY_LOOKUP,数值事实与年度政策查询,2026年相关信息查询,K12,U03,0,0.7702312,2026年中考总分是多少,4334,853,U03
教育,assistant_random1k,2027年长沙市小学初中报名时间表,1.0,,,user,ai04,NUMERIC_FACT_AND_POLICY_LOOKUP,数值事实与年度政策查询,查询学校和教育信息,K12,U03,0,0.7603847,长沙中考什么时候出成绩2026,2112,1462,U03
教育,assistant_random1k,3+2和特色班哪个更适合我,1.0,,,user,ai04,LIST_AND_RECOMMENDATION_REQUEST,枚举清单或建议推荐,查询学校和教育信息,K12,U07,1,0.55784297,3+4是100%上本科吗,7227,598,
教育,assistant_random1k,3/5-1/3根号化简。,1.0,,,user,ai04,CORRECT_OR_ADJUST_PREVIOUS_OUTPUT,修改上一轮输出,文本缩短请求,K12,U03,0,0.6014425,分两段打三个数字,3909,919,
教育,assistant_random1k,30度对应的直角边是斜边的一半，为什么？,1.0,,,user,ai04,EXPLAIN_OR_IDENTIFY,解释含义或识别指称,直接给出答案,K12,U04,0,0.5752185,五边形的内角和是多少度,8586,528,
教育,assistant_random1k,335数字组合代表什么,1.0,,,user,ai04,EXPLAIN_OR_IDENTIFY,解释含义或识别指称,命理测算与运势查询,K12,U04,0,0.502553,合数是什么意思,9346,500,
教育,assistant_random1k,350字左右，但要比350字多,1.0,,,user,ai04,CORRECT_OR_ADJUST_PREVIOUS_OUTPUT,修改上一轮输出,文本字数查询与控制,K12,U11,0,0.63938165,大写的壹贰叁到十整,2472,1285,
教育,assistant_random1k,35班师资配置和往届表现如何,1.0,,,user,ai04,ENTITY_BACKGROUND_LOOKUP,核查人物或机构背景,查询学校和教育信息,K12,U04,0,0.5278555,2025中考录取线一览表,5040,771,U03
教育,assistant_random1k,38乘以1600,1.0,,,user,ai04,NON_INTENT_FRAGMENT_UNDERSPECIFIED_INPUT,残缺或不可独立解释输入,查询短编号、IP地址及专名,K12,U03,0,0.59719706,18,1313,2244,
教育,assistant_random1k,3个noip省一组队大一参加icpc大概率结果是什么,1.0,,,user,ai04,FACT_VERIFICATION_AND_RUMOR_OR_STATUS_CHECK,核验真伪、传闻与进展,体育比赛胜负与比分分析查询,K12,U07,0,0.46446958,浙江省大学排名一览表,4957,779,
教育,assistant_random1k,400字右,1.0,,,user,ai04,NON_INTENT_FRAGMENT_UNDERSPECIFIED_INPUT,残缺或不可独立解释输入,文本字数查询与控制,K12,U11,0,0.59580415,四,7312,593,U13
教育,assistant_random1k,6.让孩子思考一下新学期的奋斗目标，包括学习上的、纪律上的、体质上的等等，目标最好要具体一点。小学四年级,1.0,,,user,ai04,GENERAL_HOWTO_GUIDE,通用操作与生活指南,查询学校和教育信息,K12,U10,1,0.6162187,小学毕业家长对孩子寄语,4229,869,U10
教育,assistant_random1k,6×4+1×4+6×1的和×2等于多少。,1.0,,,user,ai04,NUMERIC_FACT_AND_POLICY_LOOKUP,数值事实与年度政策查询,直接给出答案,K12,U03,0,0.6081741,根号2等于多少?,8373,537,
教育,assistant_random1k,8*5cm是多少寸,1.0,,,user,ai04,NUMERIC_FACT_AND_POLICY_LOOKUP,数值事实与年度政策查询,解答专业技术与安全问题,K12,U03,0,0.52729166,8,4289,860,U13
教育,assistant_random1k,83400÷420竖式,1.0,,,user,ai04,NON_INTENT_FRAGMENT_UNDERSPECIFIED_INPUT,残缺或不可独立解释输入,查询短编号、IP地址及专名,K12,U03,0,0.5358478,竖心旁加斤,7336,592,
教育,assistant_random1k,"B 音译外来同""巧克力是()， A 单纯词  B 台成词  C 复台词",1.0,,,user,ai04,GENERATE_OR_REVISE_TEXT,生成或改写文本,查询字词翻译与语言知识,K12,U04,0,0.55780697,卖的拼音,9242,504,
教育,assistant_random1k,a^4+b^4,1.0,,,user,ai04,NON_INTENT_FRAGMENT_UNDERSPECIFIED_INPUT,残缺或不可独立解释输入,直接给出答案,K12,U13,0,0.6954173,4,3607,969,
教育,assistant_random1k,x²+（a+2）x+2a=0如何十字相乘,1.0,,,user,ai04,GENERAL_HOWTO_GUIDE,通用操作与生活指南,直接给出答案,K12,U06,0,0.5712798,乘法口诀,8644,526,
教育,assistant_random1k,‌直径对应圆周角性质‌,1.0,,,user,ai04,EXPLAIN_OR_IDENTIFY,解释含义或识别指称,直接给出答案,K12,U04,0,0.6625526,圆的周长公式,7997,556,
教育,assistant_random1k,“半生竹一生兰”有何深层含义,1.0,,,user,ai04,EXPLAIN_OR_IDENTIFY,解释含义或识别指称,传统文化与收藏信息查询及古风内容生成,K12,U04,0,0.53117025,一枝之栖的意思,5738,706,
教育,assistant_random1k,“猪八戒背媳妇”歇后语完整句子是什么,1.0,,,user,ai04,MEDIA_CONTENT_SEARCH_OR_ACCESS,按线索查找或获取影音书资源,短句文案查询,K12,U03,0,0.53621644,歇后语,8253,542,
教育,assistant_random1k,。红岩文段摘抄 并批注文段,1.0,,,user,ai04,GENERATE_OR_REVISE_TEXT,生成或改写文本,生成与修改作文类文本,K12,U10,0,0.5194844,一分一段,507,5001,U02
教育,assistant_random1k,《朝花夕拾》从童年到壮年的清单,1.0,,,user,ai04,MEDIA_CONTENT_SEARCH_OR_ACCESS,按线索查找或获取影音书资源,查询网络小说阅读与TXT下载资源,K12,U08,0,0.57394075,朝花夕拾什么意思,6888,619,U04
教育,assistant_random1k,《稻草人》书中有趣的人物稻草人,1.0,,,user,ai04,FICTION_CONTINUATION_AND_ROLEPLAY,虚构续写与角色扮演,生成与续写小说及角色扮演内容,K12,U04,0,0.47784516,简笔画 卡通人物 可爱,4513,833,
教育,assistant_random1k,《简爱》读后感600字，结合简•爱的学习自身学习,1.0,,,user,ai04,GENERATE_OR_REVISE_TEXT,生成或改写文本,生成与修改作文类文本,K12,U10,0,0.5515144,爱,2500,1275,
教育,assistant_random1k,《红星照耀中国》第十二篇 读书笔记180字左右,1.0,,,user,ai04,GENERATE_OR_REVISE_TEXT,生成或改写文本,生成与修改作文类文本,K12,U10,0,0.5497186,"生在红旗下,长在春风,目光所至皆为华夏全文",7280,595,
教育,assistant_random1k,《陋室铭》中“斯是陋室，惟吾德馨”这句话的深意理解 短一点,1.0,,,user,ai04,GENERATE_OR_REVISE_TEXT,生成或改写文本,生成与修改作文类文本,K12,U04,0,0.68006164,陋室铭原文,8174,546,
教育,assistant_random1k,一、小数竖式计算（加、乘、减各1道，附标准竖式与答案）‌小数加法竖式‌题目：15.72 + 8.915.72+8.9竖式格式（小数点对齐，位数不足补0）：\begin{array}{r} 15.72 \\ +\quad 8.90 \\ \hline 24.62 \end{array}15.72+8.9024.62​​答案：\boldsymbol{24.62}24.62‌小数乘法竖式‌题目：4.8 \times 1.54.8×1.5竖式格式（末尾对齐，按整数乘法计算后点小数点）：\begin{array}{r} 4.8 \\ \times\ 1.5 \\ \hline 240 \\ 48\ \ \\ \hline 7.20 \end{array}4.8× 1.524048  7.20​​答案：\boldsymbol{7.2}7.2（末尾的0可根据小数性质去掉）‌小数减法竖式‌题目：30 - 6.4830−6.48竖式格式（整数补0对齐小数点，注意借位）：\begin{array}{r} 30.00 \\ -\quad 6.48 \\ \hline 23.52 \end{array}30.00−6.4823.52​​答案：\boldsymbol{23.52}23.52二、2道小数应用题（附脱式解题过程与答案）‌文具购物场景‌题目：小明买一支钢笔花了12.8元，买一个笔记本花了6.55元，他付给收银员20元，应找回多少钱？脱式解题：\begin{align*} 20 - 12.8 - 6.55 &= 7.2 - 6.55 \\ &= 0.65 \end{align*}20−12.8−6.55​=7.2−6.55=0.65​答案：应找回0.65元。‌行程距离场景‌题目：一辆自行车平均每小时行驶12.5千米，骑行0.8小时能行驶多少千米？脱式解题：\begin{align*} 12.5 \times 0.8 &= 10 \end{align*}12.5×0.8​=10​答案：能行驶10千米。三、3道小数脱式计算题（严格两步运算，附完整步骤与答案）题目：7.3 + 2.7 - 4.857.3+2.7−4.85脱式过程：\begin{align*} 7.3 + 2.7 - 4.85 &= 10 - 4.85 \\ &= 5.15 \end{align*}7.3+2.7−4.85​=10−4.85=5.15​答案：\boldsymbol{5.15}5.15题目：18.6 - (3.6 + 5.9)18.6−(3.6+5.9)脱式过程：\begin{align*} 18.6 - (3.6 + 5.9) &= 18.6 - 9.5 \\ &= 9.1 \end{align*}18.6−(3.6+5.9)​=18.6−9.5=9.1​答案：\boldsymbol{9.1}9.1题目：2.5 \times 4 \times 3.72.5×4×3.7脱式过程：\begin{align*} 2.5 \times 4 \times 3.7 &= 10 \times 3.7 \\ &= 37 \end{align*}2.5×4×3.7​=10×3.7=37​答案：\boldsymbol{37}37      写55份,1.0,,,user,ai04,PRICE_COST_INQUIRY,价格或费用查询,直接给出答案,K12,U10,0,0.5507935,平方怎么算,6349,655,U06
教育,assistant_random1k,一个桃子手里一个一只手里拿了一个，一是什么意思？,1.0,,,user,ai04,EXPLAIN_OR_IDENTIFY,解释含义或识别指称,识别并处理零散口语与叙事片段,K12,U04,0,0.5536895,一个,8002,556,
教育,assistant_random1k,一个等腰三角形的一边长为六周长为二十求其他两边的长这种怎么算,1.0,,,user,ai04,NUMERIC_FACT_AND_POLICY_LOOKUP,数值事实与年度政策查询,直接给出答案,K12,U03,0,0.64412713,圆周长计算公式,4732,803,
教育,assistant_random1k,一个草字头，一个叔叔的叔念什么？,1.0,,,user,ai04,EXPLAIN_OR_IDENTIFY,解释含义或识别指称,查询字词翻译与语言知识,K12,U03,0,0.55242085,草的笔顺,9493,495,
教育,assistant_random1k,"一双水灵的大眼睛,眼帘忽闪忽闪的仿写句子",1.0,,,user,ai04,GENERATE_OR_REVISE_TEXT,生成或改写文本,短句文案查询,K12,U10,0,0.51244867,......像......造句,6514,643,
教育,assistant_random1k,一定要争气的作者是谁？,1.0,,,user,ai04,MEDIA_CONTENT_SEARCH_OR_ACCESS,按线索查找或获取影音书资源,小说名称查询,K12,U03,0,0.45723245,谁,5866,693,
教育,assistant_random1k,一年级阳光分班，哪个班级更好,1.0,,,user,ai04,LIST_AND_RECOMMENDATION_REQUEST,枚举清单或建议推荐,查询学校和教育信息,K12,U07,0,0.5207301,阳光学院,1956,1563,
教育,assistant_random1k,一抔黄土隔重泉素纸蝶舞袅青烟陇头风起松声咽遥念仙乡是何年。与，一抔黄土隔重泉，素纸化蝶袅轻烟。陇头风起松声咽，怅望仙乡年复年。这两首诗在清明怀亲，思念故人。哪首更好？诗意更美？,1.0,,,user,ai04,GENERATE_OR_REVISE_TEXT,生成或改写文本,生成与修改作文类文本,K12,U07,0,0.56868446,清明古诗,7743,569,
教育,assistant_random1k,一树梨花压海棠的作者是谁,1.0,,,user,ai04,EXPLAIN_OR_IDENTIFY,解释含义或识别指称,人物背景资料查询,K12,U03,0,0.5558567,《玉圃潭之初入桃源洞》作者是谁?,7732,570,
教育,assistant_random1k,一样的句子赏析要五年级下册水平,1.0,,,user,ai04,GENERATE_OR_REVISE_TEXT,生成或改写文本,生成与修改作文类文本,K12,U10,0,0.6883065,五年级下册语文,3746,945,U02
教育,assistant_random1k,一表堂堂的意思是什么？,1.0,,,user,ai04,EXPLAIN_OR_IDENTIFY,解释含义或识别指称,查询事物或词语的含义与说明,K12,U04,0,0.46618596,一心百君的意思,67,13161,U04
教育,assistant_random1k,一袭紫衣舞，紫气映东方。天竺少女笑，眉间尽星华。,1.0,,,user,ai04,GENERATE_OR_REVISE_TEXT,生成或改写文本,生成与修改作文类文本,K12,U13,0,0.5543509,"荷叶罗裙一色裁,芙蓉向脸两边开的意思",7724,570,
教育,assistant_random1k,七上数学公式,1.0,,,user,ai04,EXPLAIN_OR_IDENTIFY,解释含义或识别指称,直接给出答案,K12,U08,0,0.58180845,七,4165,879,
教育,assistant_random1k,七十二小时打一字谜的谜底是什么,1.0,,,user,ai04,EXPLAIN_OR_IDENTIFY,解释含义或识别指称,直接给出答案,K12,U09,0,0.47325933,世界末日打一数字,6764,626,
教育,assistant_random1k,三七两边有好码兄弟还有其他解释吗,1.0,,,user,ai04,EXPLAIN_OR_IDENTIFY,解释含义或识别指称,候选对象对比选购,K12,U04,0,0.6189769,分两段打三个数字,3909,919,
教育,assistant_random1k,三年级科学教案上册  教育科学出版社,1.0,,,user,ai04,NON_INTENT_FRAGMENT_UNDERSPECIFIED_INPUT,残缺或不可独立解释输入,直接给出答案,K12,U09,0,0.6042564,三年级上册语文书课本电子版,6444,648,
教育,assistant_random1k,三朝元老诚可夸打一数字是什么,1.0,,,user,ai04,NUMERIC_FACT_AND_POLICY_LOOKUP,数值事实与年度政策查询,传统文化与收藏信息查询及古风内容生成,K12,U09,0,0.5944319,一丘一山打三个数字,8462,533,
教育,assistant_random1k,三点水加个卒字念什么,1.0,,,user,ai04,EXPLAIN_OR_IDENTIFY,解释含义或识别指称,查询字词翻译与语言知识,K12,U03,0,0.70066273,三点水的字,4875,787,U08
教育,assistant_random1k,上一轮具体是多少个字？,1.0,,,user,ai04,GENERATE_OR_REVISE_TEXT,生成或改写文本,文本字数查询与控制,K12,U11,0,0.5776902,上头掐打一数字,7371,590,
教育,assistant_random1k,上一阙呢,1.0,,,user,ai04,CORRECT_OR_ADJUST_PREVIOUS_OUTPUT,修改上一轮输出,继续或重新生成内容,K12,U11,0,0.67173684,阙,3680,957,
教育,assistant_random1k,上尾诗病有哪些具体例子,1.0,,,user,ai04,EXPLAIN_OR_IDENTIFY,解释含义或识别指称,医疗症状原因与处理建议查询,K12,U08,0,0.46661514,病的笔顺,8727,523,
教育,assistant_random1k,上次说的那个新学期想要突破那个东西 原本是写在红色的纸上 挂在那个门旁边有挂两个的 现在给他改到旁边那个窗户那里挂上去 ，就挂在窗户外面 就是希望这份突破不要只在家里 一定要传到学校 根据这个再生成一篇想象文 没头没尾的想象文啊,1.0,,,user,ai04,FICTION_CONTINUATION_AND_ROLEPLAY,虚构续写与角色扮演,生成与修改作文类文本,K12,U10,1,0.53555363,"首要力均整,内外要合一打一肖",1881,1615,
教育,assistant_random1k,上海中学开学的时间,1.0,,,user,ai04,NUMERIC_FACT_AND_POLICY_LOOKUP,数值事实与年度政策查询,查询学校和教育信息,K12,U03,0,0.7071206,上海中考什么时候出分数,4600,820,U03
教育,assistant_random1k,上海市中考男生25米游泳的及格线是,1.0,,,user,ai04,NUMERIC_FACT_AND_POLICY_LOOKUP,数值事实与年度政策查询,查询学校和教育信息,K12,U03,0,0.6192418,中考体育考试项目及标准分数,4546,828,
教育,assistant_random1k,上海话里“煞”字怎么读,1.0,,,user,ai04,LIST_AND_RECOMMENDATION_REQUEST,枚举清单或建议推荐,查询字词翻译与语言知识,K12,U03,0,0.610308,沪怎么读,3578,975,
教育,assistant_random1k,上联：包头防日照；下联：响水纵云浮。横批：藏放自如,1.0,,,user,ai04,GENERATE_OR_REVISE_TEXT,生成或改写文本,传统文化与收藏信息查询及古风内容生成,K12,U13,0,0.5145596,放的笔顺,7244,597,
教育,assistant_random1k,上联：岁月含情，山川不语春秋老； 下联：风云有志，江海长歌天地新。 这自创联参加江海区征联，能获三等奖吗？,1.0,,,user,ai04,GENERATE_OR_REVISE_TEXT,生成或改写文本,生成与修改作文类文本,K12,U07,1,0.5271523,"天行健 君子以自强不息,地势坤 君子以厚德载物",2195,1412,
教育,assistant_random1k,不写老巷什么的，就写迷上什么东西,1.0,,,user,ai04,FICTION_CONTINUATION_AND_ROLEPLAY,虚构续写与角色扮演,生成与修改作文类文本,K12,U11,0,0.61081797,痴迷,1253,2358,
教育,assistant_random1k,不含标点，刚好150字，不要加标点是一,1.0,,,user,ai04,CORRECT_OR_ADJUST_PREVIOUS_OUTPUT,修改上一轮输出,文本字数查询与控制,K12,U11,0,0.5731589,大写的壹贰叁到十整,2472,1285,
教育,assistant_random1k,不是9月1日到校吗,1.0,,,user,ai04,FACT_VERIFICATION_AND_RUMOR_OR_STATUS_CHECK,核验真伪、传闻与进展,查询杂项信息,K12,U05,0,0.55709445,大学录取通知书几月几号下发,1498,1958,
教育,assistant_random1k,不是啦，要按元素周期表的正式排列，从0到200，小位数之间创意的就不弄了,1.0,,,user,ai04,CORRECT_OR_ADJUST_PREVIOUS_OUTPUT,修改上一轮输出,解答专业技术与安全问题,K12,U11,0,0.578615,生肖还需自己查打准确生肖,5448,730,U13
教育,assistant_random1k,不要写路上踩水，不然就太死板了，像套公式,1.0,,,user,ai04,GENERAL_HOWTO_GUIDE,通用操作与生活指南,整理生成表格与总结,K12,U11,0,0.5989536,有的笔顺,9484,495,
教育,assistant_random1k,不要解析。直接给答案,1.0,,,user,ai04,CORRECT_OR_ADJUST_PREVIOUS_OUTPUT,修改上一轮输出,直接给出答案,K12,U11,0,0.58390635,答题,8524,531,
教育,assistant_random1k,东方不败怎么形容,1.0,,,user,ai04,EXPLAIN_OR_IDENTIFY,解释含义或识别指称,传统文化与收藏信息查询及古风内容生成,K12,U04,0,0.5062954,失之东隅收之桑榆是什么意思,2446,1297,
教育,assistant_random1k,两人凝视,1.0,,,user,ai04,NON_INTENT_FRAGMENT_UNDERSPECIFIED_INPUT,残缺或不可独立解释输入,识别日常口语片段并应答,K12,U13,0,0.5733452,together,7186,600,
教育,assistant_random1k,个子矮的矮拼音,1.0,,,user,ai04,LIST_AND_RECOMMENDATION_REQUEST,枚举清单或建议推荐,查询字词翻译与语言知识,K12,U03,0,0.66919917,的拼音,4132,885,
教育,assistant_random1k,中小学开学第一课应当属于学校哪个部门负责,1.0,,,user,ai04,NUMERIC_FACT_AND_POLICY_LOOKUP,数值事实与年度政策查询,查询学校和教育信息,K12,U06,0,0.58783674,教育部,2842,1156,
教育,assistant_random1k,中间白衣女士和谁长得最像,1.0,,,user,ai04,ENTITY_BACKGROUND_LOOKUP,核查人物或机构背景,人物背景资料查询,K12,U07,0,0.44441354,白,3952,912,
教育,assistant_random1k,为什么二面角a杠BD杠c的余弦值为cos角a ho？,1.0,,,user,ai04,EXPLAIN_OR_IDENTIFY,解释含义或识别指称,直接给出答案,K12,U04,0,0.45927075,三角函数,4659,811,
教育,assistant_random1k,为什么单项式的次数是所有字母的指数之和？,1.0,,,user,ai04,EXPLAIN_OR_IDENTIFY,解释含义或识别指称,直接给出答案,K12,U04,0,0.4532806,合数是什么意思,9346,500,
教育,assistant_random1k,乌云翻滚城市上空的短文，50字,1.0,,,user,ai04,MEDIA_CONTENT_SEARCH_OR_ACCESS,按线索查找或获取影音书资源,生成与修改作文类文本,K12,U10,0,0.4638765,形形色的人500字的作文,5990,683,
教育,assistant_random1k,乐陵一中高二2026年秋季学期开学日期是多少,1.0,,,user,ai04,NUMERIC_FACT_AND_POLICY_LOOKUP,数值事实与年度政策查询,2026年相关信息查询,K12,U03,0,0.6472448,中考时间2026年几月几日考,2785,1177,
教育,assistant_random1k,乛先写好𠃌带尾写厶请问这是什么字？,1.0,,,user,ai04,EXPLAIN_OR_IDENTIFY,解释含义或识别指称,文本字数查询与控制,K12,U04,0,0.53892845,这的笔顺,7409,588,
教育,assistant_random1k,九年级上册数学第十八页随堂练习第一题和习题1.4第五题,1.0,,,user,ai04,NON_INTENT_FRAGMENT_UNDERSPECIFIED_INPUT,残缺或不可独立解释输入,直接给出答案,K12,U09,0,0.58944094,高一数学上册全部讲解视频,4191,875,
教育,assistant_random1k,二十四孝图鲁迅先生认为可疑的故事是什么,1.0,,,user,ai04,EXPLAIN_OR_IDENTIFY,解释含义或识别指称,传统文化与收藏信息查询及古风内容生成,K12,U04,0,0.4480043,故事大全免费 睡前故事,7754,568,
教育,assistant_random1k,二年级手抄报安全类,1.0,,,user,ai04,LIST_AND_RECOMMENDATION_REQUEST,枚举清单或建议推荐,生成与修改作文类文本,K12,U09,0,0.63634074,防溺水手抄报,3523,983,
教育,assistant_random1k,二年级日积月累感想摘抄,1.0,,,user,ai04,GENERATE_OR_REVISE_TEXT,生成或改写文本,生成与修改作文类文本,K12,U09,0,0.5932477,小学毕业感谢老师的付出感言,4110,887,U10
教育,assistant_random1k,二年级看图写话日出美景范文,1.0,,,user,ai04,GENERATE_OR_REVISE_TEXT,生成或改写文本,生成与修改作文类文本,K12,U09,0,0.51428026,晚霞的唯美句子,8127,549,U09
教育,assistant_random1k,二月江南花满枝打一动物,1.0,,,user,ai04,EXPLAIN_OR_IDENTIFY,解释含义或识别指称,生成与续写小说及角色扮演内容,K12,U03,0,0.66450393,一枝之栖打一最佳动物,7848,564,
教育,assistant_random1k,云南虫谷小抄,1.0,,,user,ai04,LIST_AND_RECOMMENDATION_REQUEST,枚举清单或建议推荐,生成与修改作文类文本,K12,U04,0,0.5741482,昆虫记,8345,538,
教育,assistant_random1k,五年级上册第1单元，我的心爱之物的作文,1.0,,,user,ai04,GENERATE_OR_REVISE_TEXT,生成或改写文本,生成与修改作文类文本,K12,U10,0,0.54359144,白鹭课文五年级上册,8419,535,
教育,assistant_random1k,五年级上册语文一共有多少课文？,1.0,,,user,ai04,NUMERIC_FACT_AND_POLICY_LOOKUP,数值事实与年度政策查询,生成与修改作文类文本,K12,U03,0,0.6963445,五年级上册语文书课本电子版,1919,1583,
教育,assistant_random1k,五年级正学的那种方法,1.0,,,user,ai04,GENERAL_HOWTO_GUIDE,通用操作与生活指南,查询学校和教育信息,K12,U13,0,0.5646313,五的笔顺,8807,519,
教育,assistant_random1k,五畜兴旺,1.0,,,user,ai04,EXPLAIN_OR_IDENTIFY,解释含义或识别指称,命理测算与运势查询,K12,U02,0,0.62389386,五羊落户打一最佳动物,5745,705,
教育,assistant_random1k,五笔转拼音有什么高效学习路径,1.0,,,user,ai04,GENERAL_HOWTO_GUIDE,通用操作与生活指南,查询学校和教育信息,K12,U06,0,0.6458821,学的拼音,5820,698,
教育,assistant_random1k,五育融合的数学文化，六上有多少页,1.0,,,user,ai04,EXPLAIN_OR_IDENTIFY,解释含义或识别指称,查询学校和教育信息,K12,U03,0,0.5199627,五章一簿指什么,6761,627,
教育,assistant_random1k,亡这里怎么写,1.0,,,user,ai04,EXPLAIN_OR_IDENTIFY,解释含义或识别指称,查询字词翻译与语言知识,K12,U06,0,0.6011319,殁怎么读,8698,524,
教育,assistant_random1k,人体呼吸系统结构思维导图,1.0,,,user,ai04,EXPLAIN_OR_IDENTIFY,解释含义或识别指称,整理生成表格与总结,K12,U09,0,0.48564222,八段锦完整口令带呼吸视频,9278,503,
教育,assistant_random1k,什么什么什么履,1.0,,,user,ai04,NON_INTENT_FRAGMENT_UNDERSPECIFIED_INPUT,残缺或不可独立解释输入,查询事物或词语的含义与说明,K12,U13,0,0.7187707,履,7951,558,U13
教育,assistant_random1k,什么各异,1.0,,,user,ai04,EXPLAIN_OR_IDENTIFY,解释含义或识别指称,查询事物或词语的含义与说明,K12,U13,0,0.6436412,什么,3995,906,
教育,assistant_random1k,今天早上妈妈说要带我去抽血的日记,1.0,,,user,ai04,NON_INTENT_FRAGMENT_UNDERSPECIFIED_INPUT,残缺或不可独立解释输入,归集含“我”字杂项查询,K12,U10,1,0.53781116,diary,7587,578,U02
教育,assistant_random1k,从小到大我就喜欢观察别人，学习不咋地，就是很爱观察。我不知道我的观察视野是怎么练出来的，我感觉是不是不是我从小就喜欢把草丛里面的所有东西给画出来。啥东西都画出来，画的不好看，就是喜欢把各种各样所看到的都画出来，而且记笔记也是，别人说啥就记啥，不分的,1.0,,,user,ai04,GENERATE_OR_REVISE_TEXT,生成或改写文本,生成与修改作文类文本,K12,U13,1,0.5261938,爱学习,3801,938,
教育,assistant_random1k,他们说就是那个金石教育分校区内,1.0,,,user,ai04,FACT_VERIFICATION_AND_RUMOR_OR_STATUS_CHECK,核验真伪、传闻与进展,查询学校和教育信息,K12,U13,0,0.530596,附近,6508,644,
教育,assistant_random1k,他头上的像什么数字？,1.0,,,user,ai04,EXPLAIN_OR_IDENTIFY,解释含义或识别指称,查询事物或词语的含义与说明,K12,U13,0,0.5740529,上头掐打一数字,7371,590,
教育,assistant_random1k,他没有被退回，是审核中的,1.0,,,user,ai04,FACT_VERIFICATION_AND_RUMOR_OR_STATUS_CHECK,核验真伪、传闻与进展,识别并处理零散口语与叙事片段,K12,U11,0,0.57812536,没,5717,707,
教育,assistant_random1k,他这个是一个格子就写一条例子，还是一个格子写多条例子。,1.0,,,user,ai04,CORRECT_OR_ADJUST_PREVIOUS_OUTPUT,修改上一轮输出,整理生成表格与总结,K12,U11,0,0.55381644,一个,8002,556,
教育,assistant_random1k,以上两处调改建议甚好！感觉“吞”字稍显不雅，改为：势收沧水。如何,1.0,,,user,ai04,GENERATE_OR_REVISE_TEXT,生成或改写文本,生成与修改作文类文本,K12,U11,0,0.5851816,有的笔顺,9484,495,
教育,assistant_random1k,以华夏的视角展开，第一人称记叙文800字以上，别说话，表现的要像一个正常婴儿，不能哭，,1.0,,,user,ai04,FICTION_CONTINUATION_AND_ROLEPLAY,虚构续写与角色扮演,生成与修改作文类文本,K12,U10,0,0.5996285,打屁股作文打到烂5000字怎么写之,6496,645,
教育,assistant_random1k,以河灯寄愿为题目写七言律诗反映都江堰民众在端午或处暑传给节点，在城厢古城护城河放河灯寄愿，祈原水安澜，岁丰稔，感念李冰父子治水之恩，花灯巡游，国风快闪，祈福牌，心愿卡。,1.0,,,user,ai04,GENERATE_OR_REVISE_TEXT,生成或改写文本,生成与修改作文类文本,K12,U10,0,0.5597737,我本将心向明月 奈何明月照沟渠意思,5810,699,
教育,assistant_random1k,以科技为主题给我写一篇议论,1.0,,,user,ai04,EXPLAIN_OR_IDENTIFY,解释含义或识别指称,生成与修改作文类文本,K12,U10,0,0.5327919,technology,5209,753,U02
教育,assistant_random1k,以酒助眠的句子,1.0,,,user,ai04,GENERATE_OR_REVISE_TEXT,生成或改写文本,短句文案查询,K12,U08,0,0.5324714,将进酒李白全诗,1042,2835,
教育,assistant_random1k,估价,1.0,,,user,ai04,NON_INTENT_FRAGMENT_UNDERSPECIFIED_INPUT,残缺或不可独立解释输入,查询价格费用,K12,U02,0,0.6478149,工程造价,6442,648,
教育,assistant_random1k,但是在讨厌中，那电影中能请那环境跟贫民窟似的,1.0,,,user,ai04,FICTION_CONTINUATION_AND_ROLEPLAY,虚构续写与角色扮演,识别并处理零散口语与叙事片段,K12,U13,0,0.470046,差强人意,6935,616,
教育,assistant_random1k,作品主题与情感和主要内容都精简到10个字以内,1.0,,,user,ai04,CORRECT_OR_ADJUST_PREVIOUS_OUTPUT,修改上一轮输出,生成与修改作文类文本,K12,U11,0,0.5597788,大写的壹贰叁到十整,2472,1285,
教育,assistant_random1k,作文一件难忘的事，与熊猫有关200,1.0,,,user,ai04,GENERATE_OR_REVISE_TEXT,生成或改写文本,生成与修改作文类文本,K12,U10,0,0.5433999,难忘的小学生活作文600字六年级,7425,587,
教育,assistant_random1k,作文素材自然，花草日月山川环境衬托,1.0,,,user,ai04,GENERATE_OR_REVISE_TEXT,生成或改写文本,生成与修改作文类文本,K12,U08,0,0.58069766,nature,3443,1001,
教育,assistant_random1k,你上面这台考,1.0,,,user,ai04,NON_INTENT_FRAGMENT_UNDERSPECIFIED_INPUT,残缺或不可独立解释输入,识别日常口语片段并应答,K12,U13,0,0.6929907,考,9021,512,
教育,assistant_random1k,"你我隔着山川遥望的漫天星迹 后来尽凝眼底,只剩默契把第一句修改一下",1.0,,,user,ai04,FICTION_CONTINUATION_AND_ROLEPLAY,虚构续写与角色扮演,生成与修改作文类文本,K12,U10,0,0.5529762,"未经他人苦,莫劝他人善,你若经我苦,未必有我善!",9891,480,
教育,assistant_random1k,你的笑容出生时你的笑容是一扇宽宽的木门你倚在门后我睡在门里头童年啊你的笑容是半块温温的糖糕你在街头我在心头而现在你的笑容是一张旧旧的遗照你在里头我在外头（根据写这首诗的要求，对这首诗做一个100字左右的评价（目的，情感，意象，结构））,1.0,,,user,ai04,GENERATE_OR_REVISE_TEXT,生成或改写文本,生成与修改作文类文本,K12,U10,0,0.5020151,李白的诗最好的十首,5051,770,
教育,assistant_random1k,你知道暑假的最后一天晚上，学生们都在干什么吗？,1.0,,,user,ai04,NUMERIC_FACT_AND_POLICY_LOOKUP,数值事实与年度政策查询,识别并处理零散口语与叙事片段,K12,U04,0,0.48147917,暑假,3783,940,
教育,assistant_random1k,依菡怎么读,1.0,,,user,ai04,EXPLAIN_OR_IDENTIFY,解释含义或识别指称,查询字词翻译与语言知识,K12,U03,0,0.61139953,蓁怎么读,9147,507,
教育,assistant_random1k,假如我是一名小红军儿童，诗二写二,1.0,,,user,ai04,GENERATE_OR_REVISE_TEXT,生成或改写文本,生成与修改作文类文本,K12,U10,0,0.519664,二,3263,1041,
教育,assistant_random1k,假期回顾回奶奶家,1.0,,,user,ai04,NON_INTENT_FRAGMENT_UNDERSPECIFIED_INPUT,残缺或不可独立解释输入,关键词相关视频查询,K12,U13,1,0.51453197,回乡偶书,8070,552,
教育,assistant_random1k,兀是3.15吗,1.0,,,user,ai04,FACT_VERIFICATION_AND_RUMOR_OR_STATUS_CHECK,核验真伪、传闻与进展,查询杂项信息,K12,U05,0,0.48711893,3,1404,2085,
教育,assistant_random1k,兔子坡按顺序还原仲夏夜的暖心故事,1.0,,,user,ai04,FICTION_CONTINUATION_AND_ROLEPLAY,虚构续写与角色扮演,关键词相关视频查询,K12,U09,0,0.4997503,兔的笔顺,5982,683,
教育,assistant_random1k,全国哪些省把小学科学作为主课,1.0,,,user,ai04,EXPLAIN_OR_IDENTIFY,解释含义或识别指称,查询学校和教育信息,K12,U08,0,0.54307115,文科有哪几科,9721,487,
教育,assistant_random1k,八上语文第一课消息二则主要讲了什么,1.0,,,user,ai04,GENERAL_HOWTO_GUIDE,通用操作与生活指南,生成与修改作文类文本,K12,U04,0,0.6573128,八上语文必背内容,6048,678,
教育,assistant_random1k,八中对面那不是在施工快完了？,1.0,,,user,ai04,FACT_VERIFICATION_AND_RUMOR_OR_STATUS_CHECK,核验真伪、传闻与进展,识别并处理零散口语与叙事片段,K12,U13,0,0.49335426,四面八方都是前方,4430,843,
教育,assistant_random1k,八中少年班的智商水平是多少,1.0,,,user,ai04,ENTITY_BACKGROUND_LOOKUP,核查人物或机构背景,查询学校和教育信息,K12,U03,0,0.5262252,中考满分多少,2242,1393,
教育,assistant_random1k,六加十为什么等于一,1.0,,,user,ai04,EXPLAIN_OR_IDENTIFY,解释含义或识别指称,直接给出答案,K12,U04,0,0.5209614,大于号小于号怎么区分,1869,1621,
教育,assistant_random1k,关于给新疆麦盖提县xx校同学写一封信的通知  群里各位同学：          为促进民族团结，增强各民族同学之间的感情，给新疆麦盖提县第四中学的同学（如上表格）写一封信。         一、信件的主题内容：        可分享日照市风土人情、文化、历史，表达对新疆风俗文化历史传统的向往和尊重，增加民族间彼此的了解和认识；可强调各民族同学之间互相团结共建和谐社会；可相互鼓励面对挑战，分享成功的喜悦；可表达对新时代的憧憬，共同提高学习成绩和综合素质，携手并进为国家繁荣贡献力量；可谈论一些进步话题，比如相互鼓励传承和弘扬中华民族传统文化、增进文化自信和民族自豪感；可谈论历史上汉族和新疆团结共融的故事等；也可从自身的经历说起。自行确定写作主题。         二、写作格式：采用信件的写作格式。        1.称呼顶格写。        2.问候语另起一行空两格写。        3．正文再另起一行。        4.注意分段。        5.右下角落款（写信人和时间分别占一行）         三、其他要求：        1.言之有物，感情真挚。        2．书写认真，格式正确，语句流畅，杜绝错别字。        3.思想进步，意识形态正确      5.字数要求：600至1000字（最少一张信纸要写满）。                 称呼可以说：亲爱的新疆同学,1.0,,,user,ai04,GENERATE_OR_REVISE_TEXT,生成或改写文本,生成与修改作文类文本,K12,U10,0,0.5945675,小学毕业给老师写的一封信,6624,635,
教育,assistant_random1k,兴是名词,1.0,,,user,ai04,EXPLAIN_OR_IDENTIFY,解释含义或识别指称,查询字词翻译与语言知识,K12,U04,0,0.78150815,兴组词,5858,694,U08
教育,assistant_random1k,内能的利用是哪一课时,1.0,,,user,ai04,EXPLAIN_OR_IDENTIFY,解释含义或识别指称,查询学校和教育信息,K12,U03,0,0.4783023,内耗是什么意思,5199,754,
教育,assistant_random1k,再加6个字,1.0,,,user,ai04,CORRECT_OR_ADJUST_PREVIOUS_OUTPUT,修改上一轮输出,继续或重新生成内容,K12,U11,0,0.634153,追加一份打三个数字,8454,533,
教育,assistant_random1k,再换一篇不发生在学校里的故事,1.0,,,user,ai04,CORRECT_OR_ADJUST_PREVIOUS_OUTPUT,修改上一轮输出,继续或重新生成内容,K12,U11,0,0.5205873,小学毕业给老师写的一封信,6624,635,
教育,assistant_random1k,再简单一点，只需要30个内的字,1.0,,,user,ai04,CORRECT_OR_ADJUST_PREVIOUS_OUTPUT,修改上一轮输出,文本字数查询与控制,K12,U11,0,0.6117409,大写的壹贰叁到十整,2472,1285,
教育,assistant_random1k,再给我一些绝美佳句。,1.0,,,user,ai04,CORRECT_OR_ADJUST_PREVIOUS_OUTPUT,修改上一轮输出,短句文案查询,K12,U11,0,0.5942628,夏日绝句,8693,524,
教育,assistant_random1k,再给我几个带服的成语,1.0,,,user,ai04,LIST_AND_RECOMMENDATION_REQUEST,枚举清单或建议推荐,查询字词翻译与语言知识,K12,U11,0,0.51070696,成语,8163,547,
教育,assistant_random1k,再给我出一个类似“骑鹤上维扬”的数字谜题,1.0,,,user,ai04,GENERATE_OR_REVISE_TEXT,生成或改写文本,直接给出答案,K12,U10,0,0.55001897,传花来击鼓打一数字,7617,576,
教育,assistant_random1k,写一个20字左右的,1.0,,,user,ai04,GENERATE_OR_REVISE_TEXT,生成或改写文本,文本字数查询与控制,K12,U10,0,0.5936681,20,2715,1197,
教育,assistant_random1k,写一个关于教育专题作文作文300字。,1.0,,,user,ai04,GENERATE_OR_REVISE_TEXT,生成或改写文本,生成与修改作文类文本,K12,U10,0,0.56477255,作文,1424,2064,
教育,assistant_random1k,写一个小团男女主孩子上学的搞笑片段,1.0,,,user,ai04,MEDIA_CONTENT_SEARCH_OR_ACCESS,按线索查找或获取影音书资源,生成与续写小说及角色扮演内容,K12,U10,0,0.53556275,难忘的小学生活,9942,478,
教育,assistant_random1k,写一个小明梦到让陶喆做违法行为道歉说道歉有用的话还要法律,1.0,,,user,ai04,LEGAL_CONSULTATION_AND_OUTCOME_PREDICTION,法律咨询与案件结果预测,歌词歌曲及音乐信息查询,K12,U10,0,0.48913175,梦,6576,639,
教育,assistant_random1k,写一篇600字的，我帮妈妈写,1.0,,,user,ai04,GENERATE_OR_REVISE_TEXT,生成或改写文本,生成与修改作文类文本,K12,U10,1,0.54039043,难忘的小学生活作文600字六年级,7425,587,
教育,assistant_random1k,写一篇Wherever you go I will follow you中文版七言绝句,1.0,,,user,ai04,GENERATE_OR_REVISE_TEXT,生成或改写文本,生成与修改作文类文本,K12,U10,0,0.5821478,七月你好唯美的句子简短,1214,2412,U09
教育,assistant_random1k,写一篇中国神话传说嫦娥奔月读后感100字作文，字数要求是100-200，作文体裁是读后感,1.0,,,user,ai04,GENERATE_OR_REVISE_TEXT,生成或改写文本,生成与修改作文类文本,K12,U10,0,0.56381595,嫦娥古诗,5910,690,
教育,assistant_random1k,写一篇以传统文化的当代力量为题目写一篇不少于600字的议论文作文，字数要求是600-800，作文体裁是议论文,1.0,,,user,ai04,GENERATE_OR_REVISE_TEXT,生成或改写文本,生成与修改作文类文本,K12,U10,0,0.47744438,形形色的人500字的作文,5990,683,
教育,assistant_random1k,写一篇会站立的牙签作文，请针对以上先帮我生成写作思路,1.0,,,user,ai04,GENERATE_OR_REVISE_TEXT,生成或改写文本,生成与修改作文类文本,K12,U10,0,0.5002492,我学会了 _______作文,3809,937,
教育,assistant_random1k,写一篇国防教育日记初一作文，字数要求是500-600，作文体裁是日记,1.0,,,user,ai04,GENERATE_OR_REVISE_TEXT,生成或改写文本,生成与修改作文类文本,K12,U10,0,0.5143949,作文,1424,2064,
教育,assistant_random1k,写一篇帮忙写一篇军训日记作文，作文体裁是日记,1.0,,,user,ai04,GENERATE_OR_REVISE_TEXT,生成或改写文本,生成与修改作文类文本,K12,U10,0,0.5503405,日记怎么写,9765,485,
教育,assistant_random1k,写一篇帮我写一篇我参观完红色景点的经过和感想作文，字数200字左右,1.0,,,user,ai04,GENERATE_OR_REVISE_TEXT,生成或改写文本,生成与修改作文类文本,K12,U10,1,0.59054,四渡赤水观后感300字左右,2041,1506,
教育,assistant_random1k,写一篇暑假趣事作文400浙江板，字数要求是400-500,1.0,,,user,ai04,GENERATE_OR_REVISE_TEXT,生成或改写文本,生成与修改作文类文本,K12,U10,0,0.5538569,暑假计划表模板小学生,9183,506,
教育,assistant_random1k,写一篇班级里的一件趣事作文500字，以课堂小插曲为选材，字数要求是500-600，作文体裁是周记,1.0,,,user,ai04,GENERATE_OR_REVISE_TEXT,生成或改写文本,生成与修改作文类文本,K12,U10,0,0.55215555,难忘的小学生活,9942,478,
教育,assistant_random1k,写一篇秘密花园观后感作文，200字左右，作文体裁是观后感,1.0,,,user,ai04,GENERATE_OR_REVISE_TEXT,生成或改写文本,生成与修改作文类文本,K12,U10,0,0.48581144,四渡赤水观后感300字左右,2041,1506,
教育,assistant_random1k,写一篇稻田上的劳动课600字作文怎么写，字数要求是600-800,1.0,,,user,ai04,GENERATE_OR_REVISE_TEXT,生成或改写文本,生成与修改作文类文本,K12,U10,0,0.52773744,作文800字优秀作文,6136,671,U09
教育,assistant_random1k,写一篇经典神话的读后感,1.0,,,user,ai04,GENERATE_OR_REVISE_TEXT,生成或改写文本,生成与修改作文类文本,K12,U10,0,0.4448186,四渡赤水观后感300字左右,2041,1506,
教育,assistant_random1k,写一篇请以最是理想动人心为题写一个250字的演讲稿片段。作文，字数要求是200-300，作文体裁是演讲稿,1.0,,,user,ai04,GENERATE_OR_REVISE_TEXT,生成或改写文本,生成与修改作文类文本,K12,U10,0,0.5104759,好想做一次教育片段摘抄大全,4066,897,
教育,assistant_random1k,写一篇郑州党史馆研学观后感作文，以革命历史展览为选材，作文体裁是观后感,1.0,,,user,ai04,GENERATE_OR_REVISE_TEXT,生成或改写文本,生成与修改作文类文本,K12,U10,0,0.5228096,四渡赤水观后感300字左右,2041,1506,
教育,assistant_random1k,写切西瓜,1.0,,,user,ai04,GENERATE_OR_REVISE_TEXT,生成或改写文本,生成与修改作文类文本,K12,U10,0,0.6525673,西瓜英语,3465,995,
教育,assistant_random1k,写第5大题,1.0,,,user,ai04,CORRECT_OR_ADJUST_PREVIOUS_OUTPUT,修改上一轮输出,直接给出答案,K12,U10,0,0.61456156,大写一二三四五六七八大九十大写,498,5034,U03
教育,assistant_random1k,军事伟人古代的,1.0,,,user,ai04,LIST_AND_RECOMMENDATION_REQUEST,枚举清单或建议推荐,查询军事历史与国际政治话题,K12,U08,0,0.5674221,中国古诗词豪放派代表人物,8006,556,
教育,assistant_random1k,军官把俘虏枪消除后大喊名言名句：我们没有时间俘虏你们自己就正前方德军步兵师投绛去吧！,1.0,,,user,ai04,FICTION_CONTINUATION_AND_ROLEPLAY,虚构续写与角色扮演,查询军事历史与国际政治话题,K12,U13,0,0.42182422,消防员报名入口官网,4485,836,
教育,assistant_random1k,军训初一，手抄报，不要人物，要配文,1.0,,,user,ai04,GENERATE_OR_EDIT_SAFE_IMAGE,生成或编辑非敏感图像,生成与修改作文类文本,K12,U10,0,0.5308652,建党节手抄报,7583,578,U09
教育,assistant_random1k,减字木兰花 · 早餐之乐李丽朝霞盈院，院自清凉风自卷。卷袖当厨，厨内熊熊燃灶炉。炉中已沸，沸水烹调家气味。味里亲情，情在炊烟袅处生。读上文写一对联读后感,1.0,,,user,ai04,GENERATE_OR_REVISE_TEXT,生成或改写文本,生成与修改作文类文本,K12,U10,0,0.5258321,香,8072,552,
教育,assistant_random1k,凿户佣以保当其无有室之用，故有以之以为利，无之以为用拼音版,1.0,,,user,ai04,GENERATE_OR_REVISE_TEXT,生成或改写文本,查询字词翻译与语言知识,K12,U10,0,0.5369983,户组词,7929,559,
教育,assistant_random1k,初一的日子,1.0,,,user,ai04,NON_INTENT_FRAGMENT_UNDERSPECIFIED_INPUT,残缺或不可独立解释输入,短词查询,K12,U13,0,0.5713799,日的拼音,7104,605,
教育,assistant_random1k,初中课本中只讲到了呃，扫平加太极,1.0,,,user,ai04,FACT_VERIFICATION_AND_RUMOR_OR_STATUS_CHECK,核验真伪、传闻与进展,识别并处理零散口语与叙事片段,K12,U13,0,0.5043863,中考考哪几科,6627,635,
教育,assistant_random1k,初二去坪山燕子岭军训，带多少现金合适,1.0,,,user,ai04,GENERAL_HOWTO_GUIDE,通用操作与生活指南,贷款与存款利息还款计算查询,K12,U07,1,0.44784513,2026中考多少分能上高中,6462,647,
教育,assistant_random1k,初秋的原州，几场雨过后，碧天如洗，杏叶酥黄，白杨树也半树金色半树翠苍，沈河傍晚的秋阳，也凉了些许，芹菜畦一陇接陇，闪着它该有的绿光，玉米青纱帐郁郁丛丛，又是一个丰收年，夕阳照得水塘波光闪闪，芦苇也渐白了头，水鸭悠闲的浮在水面，晚钓的人三三两两钓着希望，孩子们在塘边跳着笑着，呼朋唤友，仿佛我也回到了我的那个遥远的童年。以此意境作诗或词一首，抒发草木一秋，人生如白驹过隙，弹指一挥间已如夕阳之天！,1.0,,,user,ai04,GENERATE_OR_REVISE_TEXT,生成或改写文本,生成与修改作文类文本,K12,U10,0,0.6067728,落霞与孤鹜齐飞秋水共长天一色的意思,8872,517,
教育,assistant_random1k,剩下的两个,1.0,,,user,ai04,CORRECT_OR_ADJUST_PREVIOUS_OUTPUT,修改上一轮输出,继续或重新生成内容,K12,U13,0,0.7070429,一个,8002,556,
教育,assistant_random1k,力矩怎么算,1.0,,,user,ai04,EXPLAIN_OR_IDENTIFY,解释含义或识别指称,直接给出答案,K12,U06,0,0.63639516,功率计算公式,6036,680,
教育,assistant_random1k,力索青绿什么生肖？,1.0,,,user,ai04,EXPLAIN_OR_IDENTIFY,解释含义或识别指称,命理测算与运势查询,K12,U03,0,0.5320714,头蓝尾绿特玛家是什么生肖,4877,787,
教育,assistant_random1k,加速的短语,1.0,,,user,ai04,GENERATE_OR_REVISE_TEXT,生成或改写文本,短句文案查询,K12,U13,0,0.6276721,speed,5170,758,
教育,assistant_random1k,劳师袭远哪个生肖最常被提及,1.0,,,user,ai04,FORTUNE_DREAM_DIVINATION,命理解梦与占卜,命理测算与运势查询,K12,U03,0,0.6238549,早出晚归打一生肖,2417,1312,
教育,assistant_random1k,劳苦功高是什么意思,1.0,,,user,ai04,EXPLAIN_OR_IDENTIFY,解释含义或识别指称,功效与作用查询,K12,U04,0,0.606004,"功崇惟志,业广惟勤的意思",1109,2643,
教育,assistant_random1k,十一口儿凑一家，岁岁平安笑哈哈，打一字？,1.0,,,user,ai04,GENERATE_OR_REVISE_TEXT,生成或改写文本,命理测算与运势查询,K12,U09,0,0.5820071,数字大写一到十,5229,751,
教育,assistant_random1k,十月一放几天假,1.0,,,user,ai04,NUMERIC_FACT_AND_POLICY_LOOKUP,数值事实与年度政策查询,贷款与存款利息还款计算查询,K12,U03,0,0.6388488,暑假放假时间,1719,1730,
教育,assistant_random1k,单人旁写个全部的全,1.0,,,user,ai04,GENERATE_OR_REVISE_TEXT,生成或改写文本,文本字数查询与控制,K12,U03,0,0.6450517,单的多音字,5590,717,
教育,assistant_random1k,南雁小学毕业升学率大概多少,1.0,,,user,ai04,NUMERIC_FACT_AND_POLICY_LOOKUP,数值事实与年度政策查询,查询学校和教育信息,K12,U03,0,0.56086004,3+4是100%上本科吗,7227,598,
教育,assistant_random1k,危机四伏的最好的近义词。,1.0,,,user,ai04,EXPLAIN_OR_IDENTIFY,解释含义或识别指称,查询字词翻译与语言知识,K12,U08,0,0.5675179,含近义词的四字成语,6736,628,
教育,assistant_random1k,卷子答案发给我,1.0,,,user,ai04,CORRECT_OR_ADJUST_PREVIOUS_OUTPUT,修改上一轮输出,直接给出答案,K12,U09,0,0.7195418,答题,8524,531,
教育,assistant_random1k,厚5cm,1.0,,,user,ai04,NON_INTENT_FRAGMENT_UNDERSPECIFIED_INPUT,残缺或不可独立解释输入,文本缩短请求,K12,U13,0,0.6371989,宽,9044,511,
教育,assistant_random1k,参观六尺巷的感受100字,1.0,,,user,ai04,GENERATE_OR_REVISE_TEXT,生成或改写文本,生成与修改作文类文本,K12,U10,0,0.5326669,四渡赤水观后感300字左右,2041,1506,
教育,assistant_random1k,双11期间，妈妈给天天买了一些书，其中故事书有16本，是绘画，是绘本数量的4倍。妈妈一共给千千，买了多少本故事书和绘本？,1.0,,,user,ai04,FACT_VERIFICATION_AND_RUMOR_OR_STATUS_CHECK,核验真伪、传闻与进展,生成与修改作文类文本,K12,U03,0,0.50892466,书,5522,722,
教育,assistant_random1k,发一个图片叫我看看这道题怎么写？,1.0,,,user,ai04,GENERATE_OR_REVISE_TEXT,生成或改写文本,直接给出答案,K12,U13,0,0.53499115,看,4870,788,
教育,assistant_random1k,取来新鲜的牛乳，细心的大叔将牛奶倒进锅里加热，又在里面加了些奶粉，然后准备用奶,1.0,,,user,ai04,NON_INTENT_SOCIAL_OR_EMOTIONAL_TURN,无内容社交与情绪表达轮,解答食物、植物与养殖常识疑问,K12,U13,0,0.5567929,奶的笔顺,4806,795,
教育,assistant_random1k,只是史工，无甚益也的意思,1.0,,,user,ai04,EXPLAIN_OR_IDENTIFY,解释含义或识别指称,确认性问题解答,K12,U04,0,0.49271765,差强人意,6935,616,
教育,assistant_random1k,可以在补习班上做的,1.0,,,user,ai04,GENERAL_HOWTO_GUIDE,通用操作与生活指南,查询学校和教育信息,K12,U13,0,0.55537844,新东方培训班机构,5995,682,
教育,assistant_random1k,可以用九大于九小于16小于21小于24小于25可以吗？,1.0,,,user,ai04,CORRECT_OR_ADJUST_PREVIOUS_OUTPUT,修改上一轮输出,直接给出答案,K12,U13,0,0.60861707,大写的壹贰叁到十整,2472,1285,
教育,assistant_random1k,可是为什么答案是0到4分之一呀？,1.0,,,user,ai04,EXPLAIN_OR_IDENTIFY,解释含义或识别指称,直接给出答案,K12,U11,0,0.56045985,为什么,1462,2004,
教育,assistant_random1k,台风过后看瀑布的句子,1.0,,,user,ai04,GENERATE_OR_REVISE_TEXT,生成或改写文本,短句文案查询,K12,U08,0,0.52461123,望庐山瀑布,2701,1203,
教育,assistant_random1k,叶叶留山翠，一香压千红,1.0,,,user,ai04,EXPLAIN_OR_IDENTIFY,解释含义或识别指称,传统文化与收藏信息查询及古风内容生成,K12,U13,0,0.5668198,叶,8114,550,
教育,assistant_random1k,吃了一半最准确的生肖,1.0,,,user,ai04,FORTUNE_DREAM_DIVINATION,命理解梦与占卜,命理测算与运势查询,K12,U13,0,0.643322,生肖还需自己查打准确生肖,5448,730,U13
教育,assistant_random1k,后三段缩减到200字,1.0,,,user,ai04,CORRECT_OR_ADJUST_PREVIOUS_OUTPUT,修改上一轮输出,文本字数查询与控制,K12,U11,0,0.64072716,分两段打三个数字,3909,919,
教育,assistant_random1k,后两个部分字数改到50以内。不是，是20以内,1.0,,,user,ai04,CORRECT_OR_ADJUST_PREVIOUS_OUTPUT,修改上一轮输出,文本字数查询与控制,K12,U11,0,0.66988254,大写的壹贰叁到十整,2472,1285,
教育,assistant_random1k,后两年在哪里读啊？,1.0,,,user,ai04,NON_INTENT_SOCIAL_OR_EMOTIONAL_TURN,无内容社交与情绪表达轮,查询学校和教育信息,K12,U13,0,0.5606094,哪,4865,788,U13
教育,assistant_random1k,后悔已晚的文言短句,1.0,,,user,ai04,GENERATE_OR_REVISE_TEXT,生成或改写文本,短句文案查询,K12,U08,0,0.53914624,"未经他人苦,莫劝他人善,你若经我苦,未必有我善!",9891,480,
教育,assistant_random1k,听手表米小圈故事可以吗,1.0,,,user,ai04,GENERAL_HOWTO_GUIDE,通用操作与生活指南,解答电气电子设备故障、维修及术语问题,K12,U06,0,0.47572705,story,7251,596,U02
教育,assistant_random1k,启航新学期共筑强国梦手抄报,1.0,,,user,ai04,GENERATE_OR_REVISE_TEXT,生成或改写文本,生成与修改作文类文本,K12,U09,0,0.64841616,建党节手抄报,7583,578,U09
教育,assistant_random1k,吸收热量多的物质比热容一定大为什么不对然后质量相等的水和煤油吸收了相同的热量煤油升高的温度大于水升的升高的温度这又是为什,1.0,,,user,ai04,EXPLAIN_OR_IDENTIFY,解释含义或识别指称,解答专业技术与安全问题,K12,U04,0,0.5452402,热,5318,743,
教育,assistant_random1k,告诉我这三个式子小a和小b的值,1.0,,,user,ai04,EXPLAIN_OR_IDENTIFY,解释含义或识别指称,直接给出答案,K12,U03,0,0.60027325,分两段打三个数字,3909,919,
教育,assistant_random1k,周夫笔伐是什么？,1.0,,,user,ai04,EXPLAIN_OR_IDENTIFY,解释含义或识别指称,查询事物或词语的含义与说明,K12,U04,0,0.4500327,周的拼音,7053,609,
教育,assistant_random1k,周思来的故事250字,1.0,,,user,ai04,MEDIA_CONTENT_SEARCH_OR_ACCESS,按线索查找或获取影音书资源,生成与修改作文类文本,K12,U10,0,0.47532862,寓言故事,5497,725,
教育,assistant_random1k,呼风唤雨，什么意思？,1.0,,,user,ai04,EXPLAIN_OR_IDENTIFY,解释含义或识别指称,查询事物或词语的含义与说明,K12,U04,0,0.6268161,唤的意思,4535,830,
教育,assistant_random1k,善卷中是什么学校的简称,1.0,,,user,ai04,EXPLAIN_OR_IDENTIFY,解释含义或识别指称,查询学校和教育信息,K12,U04,0,0.5288055,善的笔顺,2181,1421,
教育,assistant_random1k,四手联弹,1.0,,,user,ai04,NON_INTENT_FRAGMENT_UNDERSPECIFIED_INPUT,残缺或不可独立解释输入,玄幻同人设定创作与剧情讨论查询,K12,U02,0,0.5370429,四,7312,593,U13
教育,assistant_random1k,四方造句,1.0,,,user,ai04,EXPLAIN_OR_IDENTIFY,解释含义或识别指称,短句文案查询,K12,U10,0,0.63554645,方,4606,819,
教育,assistant_random1k,因为喜欢藏头诗,1.0,,,user,ai04,EXPLAIN_OR_IDENTIFY,解释含义或识别指称,生成与修改作文类文本,K12,U13,0,0.54660076,因为拼音,2798,1175,
教育,assistant_random1k,园洲蓓蕾小学怎么样了,1.0,,,user,ai04,ENTITY_BACKGROUND_LOOKUP,核查人物或机构背景,查询学校和教育信息,K12,U05,0,0.48870933,学前教育专业怎么样,8992,513,
教育,assistant_random1k,围绕守与变或者传承与发展写一篇作文保持在650字以内,1.0,,,user,ai04,EXPLAIN_OR_IDENTIFY,解释含义或识别指称,生成与修改作文类文本,K12,U10,0,0.55884176,作文,1424,2064,
教育,assistant_random1k,固安第一小学附近午托哪家评价最好,1.0,,,user,ai04,LIST_AND_RECOMMENDATION_REQUEST,枚举清单或建议推荐,查询学校和教育信息,K12,U08,0,0.47330588,考公培训机构排名前五的机构,7357,591,U08
教育,assistant_random1k,图文并茂最佳下联是什么,1.0,,,user,ai04,LIST_AND_RECOMMENDATION_REQUEST,枚举清单或建议推荐,短句文案查询,K12,U10,0,0.42294487,落霞与孤鹜齐飞秋水共长天一色的意思,8872,517,
教育,assistant_random1k,圆形1:1比例，以几何图形为核心，搭配“龙赛中学”“高一四班”文字，融入语数英物化生元素，传递积极向上班级精神，无龙元素，风格含繁冗的班徽,1.0,,,user,ai04,GENERATE_OR_REVISE_TEXT,生成或改写文本,查询学校和教育信息,K12,U10,0,0.52099633,2024年高考一分一段表,7085,606,
教育,assistant_random1k,在《简·爱》原文中找500字左右的片段（不包括标点符号）设计2道题目，一道情境概括，一道人物形象分析+理由，并给出答案,1.0,,,user,ai04,GENERATE_OR_REVISE_TEXT,生成或改写文本,生成与修改作文类文本,K12,U10,0,0.51572406,答题,8524,531,
教育,assistant_random1k,在写十篇跟同学出去玩的暑假日记，分三段,1.0,,,user,ai04,GENERATE_OR_REVISE_TEXT,生成或改写文本,生成与修改作文类文本,K12,U10,0,0.61500955,暑假计划表,2049,1499,
教育,assistant_random1k,在外辛苦，做首江城子赠给刘煦和，韵脚韵部韵律,1.0,,,user,ai04,GENERATE_OR_REVISE_TEXT,生成或改写文本,歌词歌曲及音乐信息查询,K12,U10,0,0.6052405,搜韵-诗词门户网站,5434,731,
教育,assistant_random1k,地理高中一共多少本书？,1.0,,,user,ai04,NUMERIC_FACT_AND_POLICY_LOOKUP,数值事实与年度政策查询,地图全图查看,K12,U03,0,0.52127963,生地会考多少分才能上高中,9877,481,
教育,assistant_random1k,地生等级与重点高中,1.0,,,user,ai04,EXPLAIN_OR_IDENTIFY,解释含义或识别指称,查询学校和教育信息,K12,U13,0,0.68030566,生地会考多少分才能上高中,9877,481,
教育,assistant_random1k,增城黄冈中学的口碑如何,1.0,,,user,ai04,ENTITY_BACKGROUND_LOOKUP,核查人物或机构背景,查询学校和教育信息,K12,U04,0,0.5995718,黄冈市教育局,9106,508,
教育,assistant_random1k,处子之身是什么意思,1.0,,,user,ai04,EXPLAIN_OR_IDENTIFY,解释含义或识别指称,传统文化与收藏信息查询及古风内容生成,K12,U04,0,0.51735485,束脩之礼是什么意思,1365,2151,
教育,assistant_random1k,复式折线图特点与作用,1.0,,,user,ai04,EXPLAIN_OR_IDENTIFY,解释含义或识别指称,整理生成表格与总结,K12,U04,0,0.50931567,折,5615,715,
教育,assistant_random1k,夜行生肖中哪个最活跃,1.0,,,user,ai04,LIST_AND_RECOMMENDATION_REQUEST,枚举清单或建议推荐,命理测算与运势查询,K12,U03,0,0.5892474,早出晚归打一最佳生肖,5800,700,
教育,assistant_random1k,夜雨寄北诗配画简单又好看,1.0,,,user,ai04,GENERATE_OR_REVISE_TEXT,生成或改写文本,按描述生成图片与Logo设计,K12,U09,0,0.70081073,夜雨寄北,7344,592,U02
教育,assistant_random1k,大地是完全承受了该重量的，它又不是移动东西，所以嘛，这种东西完全可以不计重量,1.0,,,user,ai04,NON_INTENT_SOCIAL_OR_EMOTIONAL_TURN,无内容社交与情绪表达轮,识别并处理零散口语与叙事片段,K12,U13,0,0.5186022,"天行健 君子以自强不息,地势坤 君子以厚德载物",2195,1412,
教育,assistant_random1k,大连的基数预计什么时候会调整成和辽宁省统一,1.0,,,user,ai04,NUMERIC_FACT_AND_POLICY_LOOKUP,数值事实与年度政策查询,查询退休养老金调整补发政策,K12,U03,0,0.5632745,辽宁省大学排名,6828,622,
教育,assistant_random1k,天子骄子是什么生肖？,1.0,,,user,ai04,FORTUNE_DREAM_DIVINATION,命理解梦与占卜,命理测算与运势查询,K12,U03,0,0.57218575,天肖是指哪几个生肖,6995,613,
教育,assistant_random1k,太多了，变成160字,1.0,,,user,ai04,CORRECT_OR_ADJUST_PREVIOUS_OUTPUT,修改上一轮输出,文本字数查询与控制,K12,U11,0,0.5686929,多,9454,496,
教育,assistant_random1k,如何判断孩子是否被孤立或欺凌,1.0,,,user,ai04,EXPLAIN_OR_IDENTIFY,解释含义或识别指称,分析情感关系中的对方心理与动机,K12,U06,0,0.42747238,棱八瓣欺善怕恶打三个数字,3248,1044,
教育,assistant_random1k,如何判断是否满足能够独立运用的音义结合体,1.0,,,user,ai04,EXPLAIN_OR_IDENTIFY,解释含义或识别指称,整理生成表格与总结,K12,U04,0,0.5960009,整体认读音节,9576,492,
教育,assistant_random1k,如何在本题做批注,1.0,,,user,ai04,GENERAL_HOWTO_GUIDE,通用操作与生活指南,直接给出答案,K12,U06,0,0.48697,答题,8524,531,
教育,assistant_random1k,如何更准确地表达“服我莫咯愤怒”,1.0,,,user,ai04,NON_INTENT_SOCIAL_OR_EMOTIONAL_TURN,无内容社交与情绪表达轮,查询字词翻译与语言知识,K12,U10,0,0.47019693,驳怎么读,8298,540,
教育,assistant_random1k,如何正确表达节哀顺变,1.0,,,user,ai04,GENERATE_OR_REVISE_TEXT,生成或改写文本,生成与修改作文类文本,K12,U06,0,0.84195536,节哀顺变是什么意思,3181,1059,U04
教育,assistant_random1k,如何确定圆的等分数,1.0,,,user,ai04,EXPLAIN_OR_IDENTIFY,解释含义或识别指称,直接给出答案,K12,U06,0,0.632786,圆的周长计算公式,2385,1324,
教育,assistant_random1k,如图是铁丝在氧气中燃烧的实验示意图。下列有关该实验正确的是（ ） A．火柴即将燃尽时，迅速插到盛有氧气的集气瓶近瓶底处 B．铁丝绕成螺旋状，可以增大受热面积，方便引燃 C．该反应的符号表达式为Fe+O2→Fe3O4 D．集气瓶底部的水不能用少细沙代替,1.0,,,user,ai04,GENERAL_HOWTO_GUIDE,通用操作与生活指南,解答专业技术与安全问题,K12,U09,0,0.4510559,定密包括()定密和()定密两种方式,5757,704,
教育,assistant_random1k,如果学生因故无法按时补检该如何处理,1.0,,,user,ai04,GENERAL_HOWTO_GUIDE,通用操作与生活指南,提供法律咨询与维权程序指引,K12,U06,0,0.5408885,普通高等学校招生体检工作指导意见,3226,1049,
教育,assistant_random1k,如果将非笔寻常梦丹青换成荼靡梦客韶无非。,1.0,,,user,ai04,FICTION_CONTINUATION_AND_ROLEPLAY,虚构续写与角色扮演,识别并处理零散口语与叙事片段,K12,U13,0,0.52673805,梦,6576,639,
教育,assistant_random1k,如果滕子京给范仲淹写信可以称之为希文吗,1.0,,,user,ai04,FACT_VERIFICATION_AND_RUMOR_OR_STATUS_CHECK,核验真伪、传闻与进展,生成与修改作文类文本,K12,U04,0,0.50590926,滕王阁序原文全文,554,4743,U09
教育,assistant_random1k,姐是个要钱不要命的拼命三郎，在公司也是个主管，一直没人敢追求她，最近终于有对象要结婚了。结婚前一天晚上，姐问弟：如果我结婚以后受欺负，你会帮我吗？弟特淡定说：就你身上的气势，姐夫如果敢欺负你，我便敬他是条汉子。什么生肖,1.0,,,user,ai04,FORTUNE_DREAM_DIVINATION,命理解梦与占卜,命理测算与运势查询,K12,U09,0,0.6693904,生肖还需自己查打准确生肖,5448,730,U13
教育,assistant_random1k,字母对应数字,1.0,,,user,ai04,EXPLAIN_OR_IDENTIFY,解释含义或识别指称,文本字数查询与控制,K12,U03,0,0.64709175,拼音字母表,6571,640,
教育,assistant_random1k,学费多少钱一个学期？初中初一,1.0,,,user,ai04,PRICE_COST_INQUIRY,价格或费用查询,查询学校和教育信息,K12,U03,0,0.66033286,民办本科学费多少钱一年,8981,513,U03
教育,assistant_random1k,孩子觉得压力大，家长该如何开导,1.0,,,user,ai04,NON_INTENT_SOCIAL_OR_EMOTIONAL_TURN,无内容社交与情绪表达轮,分析情感关系中的对方心理与动机,K12,U06,0,0.51582235,幼儿园毕业家长对孩子说的话,6305,659,
教育,assistant_random1k,安全第一课的教学重点是什么,1.0,,,user,ai04,GENERAL_HOWTO_GUIDE,通用操作与生活指南,查询学校和教育信息,K12,U04,0,0.5753535,安全工程专业学什么,2844,1156,
教育,assistant_random1k,宏远小学三个校区的学生总数是多少,1.0,,,user,ai04,NUMERIC_FACT_AND_POLICY_LOOKUP,数值事实与年度政策查询,查询学校和教育信息,K12,U03,0,0.5182199,三好学生是哪三好,4208,873,
教育,assistant_random1k,宗璞的的生平经历和创作丁香结的创作背景 和她的代表作,1.0,,,user,ai04,ENTITY_BACKGROUND_LOOKUP,核查人物或机构背景,人物背景资料查询,K12,U04,0,0.48434412,璞怎么读,2236,1395,
教育,assistant_random1k,家庭重要性的名言,1.0,,,user,ai04,GENERATE_OR_REVISE_TEXT,生成或改写文本,短句文案查询,K12,U08,0,0.5517663,家和万事兴全文原文,4302,857,
教育,assistant_random1k,富平富闽小学招生电话是多少,1.0,,,user,ai04,ENTITY_BACKGROUND_LOOKUP,核查人物或机构背景,查询联系电话,K12,U03,0,0.50875074,福建省教育厅,9946,478,
教育,assistant_random1k,寒食唐韩红,1.0,,,user,ai04,MEDIA_CONTENT_SEARCH_OR_ACCESS,按线索查找或获取影音书资源,关键词相关视频查询,K12,U02,0,0.502451,唐,9096,509,
教育,assistant_random1k,对尘嚣俗念不了解其意？,1.0,,,user,ai04,EXPLAIN_OR_IDENTIFY,解释含义或识别指称,传统文化与收藏信息查询及古风内容生成,K12,U04,0,0.5658623,和光同尘的含义和道理,7178,601,
教育,assistant_random1k,对应原文要最关键的一句,1.0,,,user,ai04,CORRECT_OR_ADJUST_PREVIOUS_OUTPUT,修改上一轮输出,生成与修改作文类文本,K12,U11,0,0.5316455,"首要力均整,内外要合一打一肖",1881,1615,
教育,assistant_random1k,将负四负三负二负101234这九个数不要有重复,1.0,,,user,ai04,NON_INTENT_FRAGMENT_UNDERSPECIFIED_INPUT,残缺或不可独立解释输入,直接给出答案,K12,U10,0,0.60720384,分两段打三个数字,3909,919,
教育,assistant_random1k,尊师重道，诚心求学。打一精准生肖,1.0,,,user,ai04,FORTUNE_DREAM_DIVINATION,命理解梦与占卜,命理测算与运势查询,K12,U09,0,0.7372733,生肖还需自己查打准确生肖,5448,730,U13
教育,assistant_random1k,尊敬的各位领导、教官，亲爱的老师、同学们：大家好！我是高一——班的朱淑婷。当我们的脚步一同踏上广兆的军训场，滚烫的风里已经满是青春的朝气。请允许我代表全体新生，向精心统筹本次军训的校领导、全程暖心陪伴的老师，以及即将带领我们淬炼成长的全体教官，致以最诚挚的感谢与最崇高的敬意！军训从来不止是体能的打磨，它更是意志的淬炼、品格的塑造，是我们高中青春序章里最有分量的一环。听指令，我们锤炼令行禁止的铁的纪律；站军姿，我们磨砺百折不挠的坚韧毅力；走队列，我们培养同频共振的团队协作。这段浸满汗水的经历，终将成为我们高中三年最珍贵的成长起点。在此，我代表全体新生郑重许下四项承诺：‌严守纪律，服从指挥‌：一切行动听指挥，严格恪守军训各项规章，做到令行禁止，以实际行动展现新时代青年的自律与担当，不负迷彩，不负韶华。‌刻苦训练，迎难而上‌：不惧盛夏酷暑，不畏身体疲惫，在一次次坚持里突破自我边界，在一遍遍磨砺中锻造出刻进骨子里的坚韧品格。‌团结互助，携手共进‌：在集体中学会彼此包容，在并肩作战中凝聚滚烫力量，没有一个人掉队，我们朝着同一个方向共同进步。‌知行合一，久久为功‌：将军训中养成的优良作风，延续到未来三年的每一堂课、每一次挑战里，脚踏实地，勇毅前行。同学们，青春因千锤百炼而熠熠生辉，人生因不懈奋斗而不断升华。让我们以这身迷彩为青春序章，以挥洒的汗水为浓墨，在军训场上淬炼初心，让青春的光芒彻底绽放！最后，预祝本次军训圆满成功！祝各位领导、教官、老师工作顺利，祝全体同学淬火成钢，满载成长而归！我的发言完毕，谢谢大家,1.0,,,user,ai04,GENERATE_OR_REVISE_TEXT,生成或改写文本,家长感谢老师话术查询,K12,U13,1,0.6380103,入团申请书800字高中,8911,515,
教育,assistant_random1k,小升初考试有没有作文,1.0,,,user,ai04,NUMERIC_FACT_AND_POLICY_LOOKUP,数值事实与年度政策查询,生成与修改作文类文本,K12,U03,0,0.64150906,作文,1424,2064,
教育,assistant_random1k,小学每个学期都在更换老师和班主任怎么解决,1.0,,,user,ai04,GENERAL_HOWTO_GUIDE,通用操作与生活指南,查询学校和教育信息,K12,U07,1,0.53611493,小学放假时间,1701,1743,U03
教育,assistant_random1k,小臭猫朗诵完整版,1.0,,,user,ai04,MEDIA_CONTENT_SEARCH_OR_ACCESS,按线索查找或获取影音书资源,歌词歌曲及音乐信息查询,K12,U09,0,0.48606795,短歌行全文拼音版,9502,494,
教育,assistant_random1k,小艺小艺小现中文小小写小写,1.0,,,user,ai04,GENERATE_OR_REVISE_TEXT,生成或改写文本,文本字数查询与控制,K12,U13,0,0.55563027,小手工,8383,537,
教育,assistant_random1k,小英雄雨来手抄报主题读后感带插图,1.0,,,user,ai04,GENERATE_OR_REVISE_TEXT,生成或改写文本,生成与修改作文类文本,K12,U10,0,0.5133544,防溺水手抄报图片,1983,1545,
教育,assistant_random1k,小鲤鱼跃龙门好词好句读后感想,1.0,,,user,ai04,GENERATE_OR_REVISE_TEXT,生成或改写文本,生成与修改作文类文本,K12,U09,0,0.53882194,四渡赤水观后感300字左右,2041,1506,
教育,assistant_random1k,尘良,1.0,,,user,ai04,NON_INTENT_FRAGMENT_UNDERSPECIFIED_INPUT,残缺或不可独立解释输入,杂项查询意图识别,K12,U02,0,0.4746462,和光同尘,7505,583,
教育,assistant_random1k,就是呃你从小花偷偷塞进你的课本，前文不变，然后后面就加字,1.0,,,user,ai04,NON_INTENT_SOCIAL_OR_EMOTIONAL_TURN,无内容社交与情绪表达轮,识别并处理零散口语与叙事片段,K12,U11,0,0.50045586,有的笔顺,9484,495,
教育,assistant_random1k,山西华严寺还有哪些著名诗人题咏,1.0,,,user,ai04,LIST_AND_RECOMMENDATION_REQUEST,枚举清单或建议推荐,传统文化与收藏信息查询及古风内容生成,K12,U08,0,0.56847703,李清照最有名的十首诗,6662,632,
教育,assistant_random1k,已知非零向量向量a向量b满足向量b的模等于一且向量a减向量b的和垂直于向量b则向量a乘向量b等,1.0,,,user,ai04,EXPLAIN_OR_IDENTIFY,解释含义或识别指称,直接给出答案,K12,U03,0,0.56814283,等差数列求和公式,3155,1065,
教育,assistant_random1k,市赛个人证书申领,1.0,,,user,ai04,GENERAL_HOWTO_GUIDE,通用操作与生活指南,政务办事流程与法律政策查询,K12,U06,0,0.59697586,人社局职业技能证书,6184,669,
教育,assistant_random1k,帮我写一篇300万字的作文,1.0,,,user,ai04,GENERATE_OR_REVISE_TEXT,生成或改写文本,生成与修改作文类文本,K12,U10,0,0.5311747,作文,1424,2064,
教育,assistant_random1k,帮我写一篇400字左右的鲁滨逊漂流记读后感，不要写太好,1.0,,,user,ai04,GENERATE_OR_REVISE_TEXT,生成或改写文本,生成与修改作文类文本,K12,U10,0,0.57655656,四渡赤水观后感300字左右,2041,1506,
教育,assistant_random1k,帮我写出部首，偏旁和词语。,1.0,,,user,ai04,GENERATE_OR_REVISE_TEXT,生成或改写文本,生成与修改作文类文本,K12,U13,0,0.58152217,有的笔顺,9484,495,
教育,assistant_random1k,帮我列出竖式计算带星号的，要验算,1.0,,,user,ai04,GENERAL_HOWTO_GUIDE,通用操作与生活指南,直接给出答案,K12,U09,0,0.54087955,......是什么符号算一句话吗,3799,938,
教育,assistant_random1k,帮我把这篇日记写成暑假画的,1.0,,,user,ai04,GENERATE_OR_EDIT_SAFE_IMAGE,生成或编辑非敏感图像,按描述生成图片与Logo设计,K12,U10,0,0.57546616,暑假计划表,2049,1499,
教育,assistant_random1k,帮我按照上述内容生成一个手抄报。,1.0,,,user,ai04,GENERATE_OR_EDIT_SAFE_IMAGE,生成或编辑非敏感图像,生成与修改作文类文本,K12,U10,0,0.54401654,建党节手抄报,7583,578,U09
教育,assistant_random1k,帮我生成一篇关于月球生活录的读后感,1.0,,,user,ai04,GENERATE_OR_REVISE_TEXT,生成或改写文本,生成与修改作文类文本,K12,U10,0,0.44470775,四渡赤水观后感300字左右,2041,1506,
教育,assistant_random1k,帮我画 5 6年级 航天互动机械模型,1.0,,,user,ai04,GENERATE_OR_EDIT_SAFE_IMAGE,生成或编辑非敏感图像,按描述生成图片与Logo设计,K12,U10,0,0.46807885,暑假计划表模板小学生,9183,506,
教育,assistant_random1k,帮我画 初二交通安全手抄报,1.0,,,user,ai04,GENERAL_HOWTO_GUIDE,通用操作与生活指南,按描述生成图片与Logo设计,K12,U10,0,0.5360069,防溺水手抄报,3523,983,
教育,assistant_random1k,帮我画 勾股定理三种证明方法小报,1.0,,,user,ai04,EXPLAIN_OR_IDENTIFY,解释含义或识别指称,按描述生成图片与Logo设计,K12,U10,0,0.7095704,勾股定理公式,3922,918,U04
教育,assistant_random1k,帮我画 太阳运行引力轨迹图,1.0,,,user,ai04,GENERATE_OR_EDIT_SAFE_IMAGE,生成或编辑非敏感图像,按描述生成图片与Logo设计,K12,U10,0,0.4636247,乘法口诀表图片,744,3829,U09
教育,assistant_random1k,帮我画 学校主题的手抄报怎么画,1.0,,,user,ai04,GENERAL_HOWTO_GUIDE,通用操作与生活指南,按描述生成图片与Logo设计,K12,U06,0,0.49365735,建党节手抄报,7583,578,U09
教育,assistant_random1k,帮我画 小学生东坡诗词配画图片,1.0,,,user,ai04,GENERATE_OR_EDIT_SAFE_IMAGE,生成或编辑非敏感图像,按描述生成图片与Logo设计,K12,U10,0,0.5997923,画画图片,7517,581,
教育,assistant_random1k,帮我画 建国历程时间线拼图,1.0,,,user,ai04,GENERATE_OR_EDIT_SAFE_IMAGE,生成或编辑非敏感图像,按描述生成图片与Logo设计,K12,U10,0,0.55526125,拼斗图纸,9226,504,
教育,assistant_random1k,帮我画 我和学校的故事简单手抄报,1.0,,,user,ai04,GENERATE_OR_EDIT_SAFE_IMAGE,生成或编辑非敏感图像,按描述生成图片与Logo设计,K12,U10,0,0.51051414,简笔画,1191,2447,
教育,assistant_random1k,帮我画 沂蒙平邑手抄报,1.0,,,user,ai04,GENERATE_OR_EDIT_SAFE_IMAGE,生成或编辑非敏感图像,按描述生成图片与Logo设计,K12,U10,0,0.5466485,画,3649,962,
教育,assistant_random1k,帮我画 西游记思维导图清楚,1.0,,,user,ai04,GENERATE_OR_EDIT_SAFE_IMAGE,生成或编辑非敏感图像,按描述生成图片与Logo设计,K12,U10,0,0.51447785,画画,2103,1466,
教育,assistant_random1k,帮我画 食品安全手抄报A3纸,1.0,,,user,ai04,GENERATE_OR_EDIT_SAFE_IMAGE,生成或编辑非敏感图像,按描述生成图片与Logo设计,K12,U10,0,0.5296646,食品质量与安全,5625,714,
教育,assistant_random1k,帮我解答上面这图的题目,1.0,,,user,ai04,EXPLAIN_OR_IDENTIFY,解释含义或识别指称,直接给出答案,K12,U09,0,0.62411785,答题,8524,531,
教育,assistant_random1k,帮我随机生成七篇作文，800字左右内容要符合青少年,1.0,,,user,ai04,GENERATE_OR_REVISE_TEXT,生成或改写文本,生成与修改作文类文本,K12,U10,0,0.5678615,作文,1424,2064,
教育,assistant_random1k,常州的乡村初中是否一般学生数量较少或,1.0,,,user,ai04,NUMERIC_FACT_AND_POLICY_LOOKUP,数值事实与年度政策查询,查询学校和教育信息,K12,U13,0,0.5623209,常州中招系统,1682,1770,
教育,assistant_random1k,平水韵中，红泥读音,1.0,,,user,ai04,EXPLAIN_OR_IDENTIFY,解释含义或识别指称,查询字词翻译与语言知识,K12,U03,0,0.63278633,平的拼音,9399,498,
教育,assistant_random1k,平行是什么,1.0,,,user,ai04,EXPLAIN_OR_IDENTIFY,解释含义或识别指称,整理生成表格与总结,K12,U04,0,0.7124495,平行志愿什么意思,8989,513,U04
教育,assistant_random1k,平阳实验中学新初一录取人数大概是多少,1.0,,,user,ai04,NUMERIC_FACT_AND_POLICY_LOOKUP,数值事实与年度政策查询,查询学校和教育信息,K12,U03,0,0.61969453,中考分数线2026年录取线是多少,3674,958,
教育,assistant_random1k,廾的符号含义,1.0,,,user,ai04,EXPLAIN_OR_IDENTIFY,解释含义或识别指称,查询字词翻译与语言知识,K12,U04,0,0.7361672,偼的拼音和意思,9368,499,U04
教育,assistant_random1k,形容一个人步伐矫健该怎么说,1.0,,,user,ai04,EXPLAIN_OR_IDENTIFY,解释含义或识别指称,查询双腿张开姿势,K12,U08,0,0.5515181,步的笔顺,4753,800,
教育,assistant_random1k,彭鍰是什么自匀是村,1.0,,,user,ai04,EXPLAIN_OR_IDENTIFY,解释含义或识别指称,查询地区规划、拆迁与建设项目信息,K12,U13,0,0.51006085,村的拼音,7998,556,
教育,assistant_random1k,心理健康教育手抄报高难度,1.0,,,user,ai04,GENERATE_OR_REVISE_TEXT,生成或改写文本,生成与修改作文类文本,K12,U09,0,0.5293437,防溺水手抄报,3523,983,
教育,assistant_random1k,忘川河中的忘字读平声还是仄声,1.0,,,user,ai04,GENERAL_HOWTO_GUIDE,通用操作与生活指南,查询字词翻译与语言知识,K12,U03,0,0.61484885,仄怎么读,3162,1064,
教育,assistant_random1k,忠厚老实打12生肖哪一个？,1.0,,,user,ai04,FORTUNE_DREAM_DIVINATION,命理解梦与占卜,命理测算与运势查询,K12,U09,0,0.60623175,早出晚归打一生肖,2417,1312,
教育,assistant_random1k,快一点给我列竖式计算,1.0,,,user,ai04,CORRECT_OR_ADJUST_PREVIOUS_OUTPUT,修改上一轮输出,直接给出答案,K12,U13,0,0.58278674,快对,6584,639,
教育,assistant_random1k,快色欲流的欲是什么意思,1.0,,,user,ai04,EXPLAIN_OR_IDENTIFY,解释含义或识别指称,分析情感关系中的对方心理与动机,K12,U04,0,0.5692103,七情六欲指的是什么,5342,740,
教育,assistant_random1k,怀柔一中加挂新校牌后有何影响,1.0,,,user,ai04,EXPLAIN_OR_IDENTIFY,解释含义或识别指称,查询学校和教育信息,K12,U04,0,0.48097274,雄安新区中考招生信息平台,6998,613,
教育,assistant_random1k,怎么数字是XXⅩ呢,1.0,,,user,ai04,EXPLAIN_OR_IDENTIFY,解释含义或识别指称,文本字数查询与控制,K12,U13,0,0.6216608,簟字怎么读,6191,668,U03
教育,assistant_random1k,怎么申请免测，要医院证明好麻烦,1.0,,,user,ai04,GENERAL_HOWTO_GUIDE,通用操作与生活指南,政务办事流程与法律政策查询,K12,U06,1,0.46668294,省教育考试院官方网站,2449,1296,
教育,assistant_random1k,怎样让这首诗更有意境和深度,1.0,,,user,ai04,GENERAL_HOWTO_GUIDE,通用操作与生活指南,生成与修改作文类文本,K12,U06,0,0.49041152,"五花结队香如雾,一朵倾城醉未苏的诗意是什么",4133,885,
教育,assistant_random1k,悦纳自我，向阳而生关于这些的话。,1.0,,,user,ai04,GENERATE_OR_REVISE_TEXT,生成或改写文本,生成与修改作文类文本,K12,U10,0,0.63659436,向阳而生是什么意思,9870,481,
教育,assistant_random1k,感遇二首其二。里面最有名的是哪句诗？它的翻译是什么？,1.0,,,user,ai04,EXPLAIN_OR_IDENTIFY,解释含义或识别指称,生成与修改作文类文本,K12,U10,0,0.5373981,李清照最有名的十首诗,6662,632,
教育,assistant_random1k,我不留下……,1.0,,,user,ai04,NON_INTENT_SOCIAL_OR_EMOTIONAL_TURN,无内容社交与情绪表达轮,归集含“我”字杂项查询,K12,U13,1,0.60465246,我,132,10611,U13
教育,assistant_random1k,我后悔的事三年级300字,1.0,,,user,ai04,GENERATE_OR_REVISE_TEXT,生成或改写文本,生成与修改作文类文本,K12,U10,0,0.5139063,四渡赤水观后感300字左右,2041,1506,
教育,assistant_random1k,我和他的和是什么词性,1.0,,,user,ai04,EXPLAIN_OR_IDENTIFY,解释含义或识别指称,查询字词翻译与语言知识,K12,U04,0,0.6420292,和组词,3412,1007,
教育,assistant_random1k,我害怕数学是我的弱项,1.0,,,user,ai04,EXPLAIN_OR_IDENTIFY,解释含义或识别指称,归集含“我”字杂项查询,K12,U13,1,0.546591,怕组词,8095,551,
教育,assistant_random1k,我年,1.0,,,user,ai04,NON_INTENT_FRAGMENT_UNDERSPECIFIED_INPUT,残缺或不可独立解释输入,归集含“我”字杂项查询,K12,U13,0,0.8234449,年,4749,800,U13
教育,assistant_random1k,我想一想，该该出什么题呢？,1.0,,,user,ai04,CORRECT_OR_ADJUST_PREVIOUS_OUTPUT,修改上一轮输出,直接给出答案,K12,U13,0,0.53514475,如何,2970,1117,
教育,assistant_random1k,我想对作文《家务活作文4篇》进行个性化编辑,1.0,,,user,ai04,GENERATE_OR_REVISE_TEXT,生成或改写文本,生成与修改作文类文本,K12,U10,0,0.5836263,作文,1424,2064,
教育,assistant_random1k,我想对作文《拙政园游记》进行个性化编辑,1.0,,,user,ai04,GENERATE_OR_REVISE_TEXT,生成或改写文本,生成与修改作文类文本,K12,U10,0,0.48486546,作文,1424,2064,
教育,assistant_random1k,我用树状图，为什么觉得可能出现的总情况是12种，总数是12，出现的是两个都是中心对称图形的，有六种，这样一来也是算了个1/2，对不对？,1.0,,,user,ai04,EXPLAIN_OR_IDENTIFY,解释含义或识别指称,直接给出答案,K12,U07,1,0.55241644,乘法口诀表图片,744,3829,U09
教育,assistant_random1k,我的好朋友写话150字,1.0,,,user,ai04,GENERATE_OR_REVISE_TEXT,生成或改写文本,生成与修改作文类文本,K12,U10,0,0.59562325,朋友的妈妈2017朋友不在家的日子的日记怎么写作,2307,1366,
教育,assistant_random1k,我要的口诀是小朋友学的那种，黑后住在黑宫里，白后住在白宫里那个,1.0,,,user,ai04,GENERATE_OR_REVISE_TEXT,生成或改写文本,传统文化与收藏信息查询及古风内容生成,K12,U09,0,0.5635637,黑的笔顺,3348,1023,
教育,assistant_random1k,我要背这三个，先背这三个词,1.0,,,user,ai04,GENERATE_OR_REVISE_TEXT,生成或改写文本,归集含“我”字杂项查询,K12,U11,0,0.5665132,三级,452,5294,U12
教育,assistant_random1k,我说了，请解答第二问,1.0,,,user,ai04,CORRECT_OR_ADJUST_PREVIOUS_OUTPUT,修改上一轮输出,直接给出答案,K12,U11,0,0.597361,答题,8524,531,
教育,assistant_random1k,我说是语数英，就是初中考到260分，那个江都中学一个学期多少钱？,1.0,,,user,ai04,PRICE_COST_INQUIRY,价格或费用查询,查询学校和教育信息,K12,U03,1,0.6165249,江苏中考总分是多少分,2910,1132,
教育,assistant_random1k,我说电压怎么降低，电流会增加电流简单一点,1.0,,,user,ai04,GENERAL_HOWTO_GUIDE,通用操作与生活指南,解答电气电子设备故障、维修及术语问题,K12,U04,0,0.46750265,怎么,3336,1024,
教育,assistant_random1k,我说的是成语，叫做什么成语,1.0,,,user,ai04,EXPLAIN_OR_IDENTIFY,解释含义或识别指称,查询事物或词语的含义与说明,K12,U13,0,0.6990408,成语,8163,547,
教育,assistant_random1k,"我这一周在军训,帮我起一个写周记的名字",1.0,,,user,ai04,GENERATE_OR_REVISE_TEXT,生成或改写文本,生成与修改作文类文本,K12,U10,1,0.5327974,"一,起草",9444,496,
教育,assistant_random1k,戒之在少年人之色翻译一下,1.0,,,user,ai04,ADULT_OR_VIOLENT_CONTENT_REQUEST,索取或生成成人、色情或暴力内容,查询字词翻译与语言知识,K12,U10,0,0.5171911,少年中国说全文原文,7238,597,
教育,assistant_random1k,所以是草字头加因为的因,1.0,,,user,ai04,EXPLAIN_OR_IDENTIFY,解释含义或识别指称,文本字数查询与控制,K12,U13,0,0.6343858,草,5874,693,
教育,assistant_random1k,手指灯泡代表数字几,1.0,,,user,ai04,EXPLAIN_OR_IDENTIFY,解释含义或识别指称,解答电气电子设备故障、维修及术语问题,K12,U03,0,0.5452868,上头掐打一数字,7371,590,
教育,assistant_random1k,抄答案和抄其他人答案不是同一种东西，不能一概而论。,1.0,,,user,ai04,NON_INTENT_SOCIAL_OR_EMOTIONAL_TURN,无内容社交与情绪表达轮,直接给出答案,K12,U13,0,0.5938356,有的笔顺,9484,495,
教育,assistant_random1k,把上面的答案弄成书写的形式,1.0,,,user,ai04,CORRECT_OR_ADJUST_PREVIOUS_OUTPUT,修改上一轮输出,直接给出答案,K12,U11,0,0.66286445,答题,8524,531,
教育,assistant_random1k,把他的步骤写下来,1.0,,,user,ai04,CORRECT_OR_ADJUST_PREVIOUS_OUTPUT,修改上一轮输出,整理生成表格与总结,K12,U13,0,0.62900496,"一,起草",9444,496,
教育,assistant_random1k,把内容精简到适合手抄报排版,1.0,,,user,ai04,CORRECT_OR_ADJUST_PREVIOUS_OUTPUT,修改上一轮输出,文本缩短请求,K12,U10,0,0.52706164,简笔画,1191,2447,
教育,assistant_random1k,把夸奖变成一句顺口溜,1.0,,,user,ai04,GENERATE_OR_REVISE_TEXT,生成或改写文本,短句文案查询,K12,U10,0,0.49811733,口的笔顺,9862,481,
教育,assistant_random1k,把对郑和的历史评价简化到300字,1.0,,,user,ai04,GENERATE_OR_REVISE_TEXT,生成或改写文本,生成与修改作文类文本,K12,U10,0,0.5169511,四渡赤水观后感300字左右,2041,1506,
教育,assistant_random1k,把意境点评改成更通俗的口语,1.0,,,user,ai04,CORRECT_OR_ADJUST_PREVIOUS_OUTPUT,修改上一轮输出,生成与修改作文类文本,K12,U11,0,0.5339283,speak,7864,563,
教育,assistant_random1k,把时间也标注上,1.0,,,user,ai04,CORRECT_OR_ADJUST_PREVIOUS_OUTPUT,修改上一轮输出,继续或重新生成内容,K12,U11,0,0.6355127,time,7935,559,
教育,assistant_random1k,把画改短，然后更像小孩子写的,1.0,,,user,ai04,GENERATE_OR_EDIT_SAFE_IMAGE,生成或编辑非敏感图像,图片视频修改生成,K12,U10,0,0.5997329,画的笔顺,9138,507,
教育,assistant_random1k,把看图写话缩短到25字，把五要素缩短到五字,1.0,,,user,ai04,CORRECT_OR_ADJUST_PREVIOUS_OUTPUT,修改上一轮输出,文本字数查询与控制,K12,U11,0,0.5742109,大写的壹贰叁到十整,2472,1285,
教育,assistant_random1k,把短句改得更有诗意和哲理,1.0,,,user,ai04,CORRECT_OR_ADJUST_PREVIOUS_OUTPUT,修改上一轮输出,生成与修改作文类文本,K12,U11,0,0.5918443,短组词,2670,1213,
教育,assistant_random1k,把答案扩充至120字,1.0,,,user,ai04,CORRECT_OR_ADJUST_PREVIOUS_OUTPUT,修改上一轮输出,直接给出答案,K12,U11,0,0.6349142,答题,8524,531,
教育,assistant_random1k,把结尾改成适合初中生阅读的简洁版,1.0,,,user,ai04,CORRECT_OR_ADJUST_PREVIOUS_OUTPUT,修改上一轮输出,生成与修改作文类文本,K12,U11,0,0.5378666,中考,1193,2445,U02
教育,assistant_random1k,把老师要求划的句子 还有考试出现的句子画起来背 我朋友这样教我的 这样覆盖很多次 重点都记起来？,1.0,,,user,ai04,GENERAL_HOWTO_GUIDE,通用操作与生活指南,生成与修改作文类文本,K12,U07,1,0.5728568,考的笔顺,4900,785,
教育,assistant_random1k,把赏析再剪短,1.0,,,user,ai04,CORRECT_OR_ADJUST_PREVIOUS_OUTPUT,修改上一轮输出,继续或重新生成内容,K12,U11,0,0.6054938,一分一段,507,5001,U02
教育,assistant_random1k,把这个故事再增长一点，增长到两到三分钟念的,1.0,,,user,ai04,FICTION_CONTINUATION_AND_ROLEPLAY,虚构续写与角色扮演,识别并处理零散口语与叙事片段,K12,U11,0,0.59833866,分两段打三个数字,3909,919,
教育,assistant_random1k,把这个这篇模板上的多彩暑假趣味多，这几个字改成多彩的暑假生活，其他原封不动,1.0,,,user,ai04,GENERATE_OR_REVISE_TEXT,生成或改写文本,生成与修改作文类文本,K12,U10,0,0.63960975,暑假计划表模板小学生,9183,506,
教育,assistant_random1k,把这十道题的答案写出来,1.0,,,user,ai04,GENERATE_OR_REVISE_TEXT,生成或改写文本,直接给出答案,K12,U09,0,0.6578136,答题,8524,531,
教育,assistant_random1k,把这句话调整成更适合手抄报排版的艺术字短句样式，直接照着写就很出效果,1.0,,,user,ai04,GENERATE_OR_REVISE_TEXT,生成或改写文本,生成与修改作文类文本,K12,U10,0,0.57527816,有的笔顺,9484,495,
教育,assistant_random1k,把这段在写的更优美一些,1.0,,,user,ai04,CORRECT_OR_ADJUST_PREVIOUS_OUTPUT,修改上一轮输出,生成与修改作文类文本,K12,U10,0,0.61509675,一分一段,507,5001,U02
教育,assistant_random1k,把这篇作文改写成小学三年级参赛版,1.0,,,user,ai04,GENERATE_OR_REVISE_TEXT,生成或改写文本,生成与修改作文类文本,K12,U10,0,0.561064,作文,1424,2064,
教育,assistant_random1k,把这篇游记精简成500字以内,1.0,,,user,ai04,GENERATE_OR_REVISE_TEXT,生成或改写文本,生成与修改作文类文本,K12,U10,0,0.5088849,小石潭记原文,8720,523,
教育,assistant_random1k,把这首诗改成竖排格式再写一次,1.0,,,user,ai04,CORRECT_OR_ADJUST_PREVIOUS_OUTPUT,修改上一轮输出,生成与修改作文类文本,K12,U10,0,0.53664535,琵琶行 白居易 原文,8788,520,
教育,assistant_random1k,抑组词拼音,1.0,,,user,ai04,EXPLAIN_OR_IDENTIFY,解释含义或识别指称,查询字词翻译与语言知识,K12,U08,0,0.7511177,抑怎么读,9872,481,U03
教育,assistant_random1k,抓住原文中与人物相关的片段，关注以下信息，在书中做好标记。1.外貌形象与言谈举止。2.出生与家庭。3.童年的经历。4.受教育的情况。5.参加革命的原因。6.参加革命后的历程。如果原文中有上面条件的其中一点或更多，请指出，如果没有那么就跳过，请直接用原文的内容告诉我并且说明在第几行，一定要准确，而且要重点，那些不关于上面条件的省略，还有一些杂话也不要，只要重点中的重点，这个是红星照耀中国里面的,1.0,,,user,ai04,FICTION_CONTINUATION_AND_ROLEPLAY,虚构续写与角色扮演,生成与修改作文类文本,K12,U09,0,0.58856946,考部队文职人员具备什么条件,9307,501,
教育,assistant_random1k,抚顺市中学排名前十名中哪所最好,1.0,,,user,ai04,LIST_AND_RECOMMENDATION_REQUEST,枚举清单或建议推荐,查询学校和教育信息,K12,U08,0,0.65959525,辽宁省大学排名,6828,622,
教育,assistant_random1k,披毛索黡的生肖是哪些,1.0,,,user,ai04,LIST_AND_RECOMMENDATION_REQUEST,枚举清单或建议推荐,命理测算与运势查询,K12,U09,0,0.5696335,跋前踬后是什么生肖,1055,2785,
教育,assistant_random1k,挑选几首诗，字数刚好在82个字，去掉标点,1.0,,,user,ai04,CORRECT_OR_ADJUST_PREVIOUS_OUTPUT,修改上一轮输出,生成与修改作文类文本,K12,U08,0,0.5709671,搜韵-诗词门户网站,5434,731,
教育,assistant_random1k,换个风格写篇《语言的滋味》,1.0,,,user,ai04,GENERATE_OR_REVISE_TEXT,生成或改写文本,生成与修改作文类文本,K12,U10,0,0.5363625,language,9584,492,
教育,assistant_random1k,换种婉约风格重写这首雅集诗,1.0,,,user,ai04,GENERATE_OR_REVISE_TEXT,生成或改写文本,继续或重新生成内容,K12,U10,0,0.5572795,搜韵-诗词门户网站,5434,731,
教育,assistant_random1k,接石印什么词语？,1.0,,,user,ai04,EXPLAIN_OR_IDENTIFY,解释含义或识别指称,查询字词翻译与语言知识,K12,U13,0,0.49162465,石,8868,517,
教育,assistant_random1k,描写一段吉市的热闹片段,1.0,,,user,ai04,GENERATE_OR_REVISE_TEXT,生成或改写文本,生成与修改作文类文本,K12,U10,0,0.5209499,吉安市教育体育局官网,3083,1082,
教育,assistant_random1k,描述两口子往米里掺沙子，石头，麦子，稗子，虫子，糠皮，纸屑，稻壳，她煮饭没在意，两口子吃了骂她，发现她又带娃。看她没收回去的肚子嘲笑她大着肚子肚子里剩下一个，素白旗袍都撑起来了，父亲有点护两口子，还有点护她，给她个肘子，两口子生气了,1.0,,,user,ai04,FICTION_CONTINUATION_AND_ROLEPLAY,虚构续写与角色扮演,生成与续写小说及角色扮演内容,K12,U10,0,0.464329,罐子里栽花一一活不长打一生肖,1982,1545,
教育,assistant_random1k,搬瓜少年《我的妈妈》全文,1.0,,,user,ai04,MEDIA_CONTENT_SEARCH_OR_ACCESS,按线索查找或获取影音书资源,查询网络小说阅读与TXT下载资源,K12,U09,0,0.51111877,妈的笔顺,5509,723,
教育,assistant_random1k,攀枝花七中实验班和普通班的师资配置如何,1.0,,,user,ai04,GENERAL_HOWTO_GUIDE,通用操作与生活指南,查询学校和教育信息,K12,U04,0,0.5108134,攀枝花学院,1268,2318,
教育,assistant_random1k,放牙对应两个字，表示浪花碎开,1.0,,,user,ai04,EXPLAIN_OR_IDENTIFY,解释含义或识别指称,查询字词翻译与语言知识,K12,U03,0,0.6085044,放的笔顺,7244,597,
教育,assistant_random1k,故人小聚胜还乡出自哪首诗,1.0,,,user,ai04,LIST_AND_RECOMMENDATION_REQUEST,枚举清单或建议推荐,生成与修改作文类文本,K12,U03,0,0.560359,过故人庄 孟浩然 古诗,9743,486,
教育,assistant_random1k,数字0.2964怎么读,1.0,,,user,ai04,GENERAL_HOWTO_GUIDE,通用操作与生活指南,文本字数查询与控制,K12,U03,0,0.57792884,汉语拼音字母表 26个 字母读法,4758,800,
教育,assistant_random1k,数学中的pai的由来。,1.0,,,user,ai04,EXPLAIN_OR_IDENTIFY,解释含义或识别指称,查询字词翻译与语言知识,K12,U04,0,0.50538605,有理数,4974,777,
教育,assistant_random1k,数轴上(2减(根号2）×a）/2和(2加(根号2）×a）/2这两个点之间有几个整数(a为正整数）,1.0,,,user,ai04,EXPLAIN_OR_IDENTIFY,解释含义或识别指称,直接给出答案,K12,U03,0,0.6483046,根号2等于多少?,8373,537,
教育,assistant_random1k,敷的,1.0,,,user,ai04,NON_INTENT_FRAGMENT_UNDERSPECIFIED_INPUT,残缺或不可独立解释输入,识别日常口语片段并应答,K12,U13,0,0.64385456,的,1595,1852,
教育,assistant_random1k,文琴 南昌大学红谷滩附属小学,1.0,,,user,ai04,ENTITY_BACKGROUND_LOOKUP,核查人物或机构背景,查询学校和教育信息,K12,U02,0,0.5573587,南昌大学,40,15344,U02
教育,assistant_random1k,断和散哪个最佳,1.0,,,user,ai04,LIST_AND_RECOMMENDATION_REQUEST,枚举清单或建议推荐,候选对象对比选购,K12,U07,0,0.61441493,散,8683,525,
教育,assistant_random1k,新版的五年级上册第一课全文笔记图片,1.0,,,user,ai04,GENERATE_OR_REVISE_TEXT,生成或改写文本,查找或生成图片,K12,U09,0,0.6729852,五年级上册语文书课本电子版,1919,1583,
教育,assistant_random1k,无名命是词组吗？,1.0,,,user,ai04,EXPLAIN_OR_IDENTIFY,解释含义或识别指称,查询字词翻译与语言知识,K12,U04,0,0.61794716,无组词,9880,481,
教育,assistant_random1k,无惧写植物主题造句,1.0,,,user,ai04,GENERATE_OR_REVISE_TEXT,生成或改写文本,生成与修改作文类文本,K12,U10,0,0.45109913,无题,6399,651,
教育,assistant_random1k,昆明市官渡区上师大高中部今年招了多公生？,1.0,,,user,ai04,FACT_VERIFICATION_AND_RUMOR_OR_STATUS_CHECK,核验真伪、传闻与进展,查询学校和教育信息,K12,U03,0,0.60857606,云南初中升高中招生系统,3803,938,
教育,assistant_random1k,明明是你烦人宿建德江,1.0,,,user,ai04,MEDIA_CONTENT_SEARCH_OR_ACCESS,按线索查找或获取影音书资源,获取露骨色情内容,K12,U13,0,0.68054754,宿建德江,1197,2437,
教育,assistant_random1k,明月别枝惊鹊。清风半夜鸣蝉，稻花香里说丰年，听取蛙声一片。的意思是什么。意思简短,1.0,,,user,ai04,EXPLAIN_OR_IDENTIFY,解释含义或识别指称,查询梦境吉凶预兆,K12,U04,0,0.5234766,一枝之栖的意思,5738,706,
教育,assistant_random1k,春润技工学校属于哪个街道,1.0,,,user,ai04,GENERAL_HOWTO_GUIDE,通用操作与生活指南,查询地区规划、拆迁与建设项目信息,K12,U03,0,0.54814106,长春职业技术大学,1592,1855,
教育,assistant_random1k,是450字，懒得不是贬义词吗？,1.0,,,user,ai04,CORRECT_OR_ADJUST_PREVIOUS_OUTPUT,修改上一轮输出,文本字数查询与控制,K12,U05,0,0.5360568,累,7614,576,
教育,assistant_random1k,是我要写那个菲尔德，在那个理论支持下，开始了三次尝试铺电缆该怎么写？,1.0,,,user,ai04,EXPLAIN_OR_IDENTIFY,解释含义或识别指称,识别并处理零散口语与叙事片段,K12,U10,1,0.44082716,分两段打三个数字,3909,919,
教育,assistant_random1k,是用什么作文主题？,1.0,,,user,ai04,EXPLAIN_OR_IDENTIFY,解释含义或识别指称,生成与修改作文类文本,K12,U13,0,0.57710296,作文,1424,2064,
教育,assistant_random1k,晋江市季延中学周五放学时间,1.0,,,user,ai04,NUMERIC_FACT_AND_POLICY_LOOKUP,数值事实与年度政策查询,查询学校和教育信息,K12,U03,0,0.5822809,小学放假时间,1701,1743,U03
教育,assistant_random1k,普通高中语文的背诵课文和中高职一体化语文的背诵课文一样吗高一的,1.0,,,user,ai04,EXPLAIN_OR_IDENTIFY,解释含义或识别指称,查询学校和教育信息,K12,U04,0,0.63054466,职教高考和普通高考的区别,4271,862,
教育,assistant_random1k,暑假快乐绘画的作品图片,1.0,,,user,ai04,GENERATE_OR_EDIT_SAFE_IMAGE,生成或编辑非敏感图像,查找或生成图片,K12,U09,0,0.6572084,画画图片,7517,581,
教育,assistant_random1k,暑假收尾天花板，灵通山下雨，这个意思补充押韵,1.0,,,user,ai04,GENERATE_OR_REVISE_TEXT,生成或改写文本,查询字词翻译与语言知识,K12,U10,0,0.5814208,雨的笔顺,5099,764,
教育,assistant_random1k,暑假有趣的事情300字,1.0,,,user,ai04,GENERATE_OR_REVISE_TEXT,生成或改写文本,生成与修改作文类文本,K12,U10,0,0.6054707,暑假,3783,940,
教育,assistant_random1k,暑假还有几天开学？,1.0,,,user,ai04,NUMERIC_FACT_AND_POLICY_LOOKUP,数值事实与年度政策查询,查询学校和教育信息,K12,U03,0,0.65961105,暑假是几月份到几月份结束,1288,2281,
教育,assistant_random1k,曹万年有哪些代表性的诗词作品,1.0,,,user,ai04,LIST_AND_RECOMMENDATION_REQUEST,枚举清单或建议推荐,人物背景资料查询,K12,U08,0,0.5839195,诗词豪放派代表人物,3770,942,
教育,assistant_random1k,月朗遥怀先世客，灯明静念故人情。是什么意思,1.0,,,user,ai04,EXPLAIN_OR_IDENTIFY,解释含义或识别指称,传统文化与收藏信息查询及古风内容生成,K12,U04,0,0.54308623,我本将心向明月 奈何明月照沟渠意思,5810,699,
教育,assistant_random1k,有关顺势而为的古诗或名句有哪些,1.0,,,user,ai04,LIST_AND_RECOMMENDATION_REQUEST,枚举清单或建议推荐,短句文案查询,K12,U08,0,0.5587942,古诗,2476,1284,
教育,assistant_random1k,有功是全站百分之五十，电流加多少,1.0,,,user,ai04,EXPLAIN_OR_IDENTIFY,解释含义或识别指称,解答电气电子设备故障、维修及术语问题,K12,U03,0,0.6334137,功率计算公式,6036,680,
教育,assistant_random1k,有哪些适合南京中考的升学目标参考,1.0,,,user,ai04,LIST_AND_RECOMMENDATION_REQUEST,枚举清单或建议推荐,查询学校和教育信息,K12,U08,0,0.64117146,南京中考成绩什么时候出,4587,821,
教育,assistant_random1k,有没有一针一线的句子，更简短,1.0,,,user,ai04,GENERATE_OR_REVISE_TEXT,生成或改写文本,查询更优替代版本,K12,U08,0,0.49366036,要是......就......造句 简单,3559,978,U10
教育,assistant_random1k,有没有像圆系方程一样，在直线与圆中比较有用的方法？,1.0,,,user,ai04,EXPLAIN_OR_IDENTIFY,解释含义或识别指称,查询更优替代版本,K12,U04,0,0.48287705,方,4606,819,
教育,assistant_random1k,有没有形容一个人执着的成语,1.0,,,user,ai04,GENERATE_OR_REVISE_TEXT,生成或改写文本,短句文案查询,K12,U08,0,0.54936093,矢志不渝的意思,5484,726,
教育,assistant_random1k,有没有适合中学生的生物地理实践作业模板,1.0,,,user,ai04,LIST_AND_RECOMMENDATION_REQUEST,枚举清单或建议推荐,生成与修改作文类文本,K12,U09,0,0.5372178,暑假计划表模板小学生,9183,506,
教育,assistant_random1k,有没有适合初中作文的好词好句,1.0,,,user,ai04,GENERATE_OR_REVISE_TEXT,生成或改写文本,短句文案查询,K12,U08,0,0.5660184,作文,1424,2064,
教育,assistant_random1k,有没有适合小学生的孝行月模板,1.0,,,user,ai04,LIST_AND_RECOMMENDATION_REQUEST,枚举清单或建议推荐,生成与修改作文类文本,K12,U08,0,0.59870404,暑假计划表模板小学生,9183,506,
教育,assistant_random1k,有没有适合高中生的历史时间轴模板,1.0,,,user,ai04,LIST_AND_RECOMMENDATION_REQUEST,枚举清单或建议推荐,查询学校和教育信息,K12,U08,0,0.4992011,暑假计划表模板小学生,9183,506,
教育,assistant_random1k,有没有适合高中生的物理竞赛书籍,1.0,,,user,ai04,LIST_AND_RECOMMENDATION_REQUEST,枚举清单或建议推荐,小说名称查询,K12,U08,0,0.4692178,物理,7408,588,
教育,assistant_random1k,有这篇文章给我简写介绍屠呦呦的作文，词数为90到95字,1.0,,,user,ai04,GENERATE_OR_REVISE_TEXT,生成或改写文本,生成与修改作文类文本,K12,U10,0,0.52995795,作文,1424,2064,
教育,assistant_random1k,朝夕相处的人却不能相依什么意思,1.0,,,user,ai04,EXPLAIN_OR_IDENTIFY,解释含义或识别指称,分析情感关系中的对方心理与动机,K12,U04,0,0.5567537,意难平是啥意思,6269,662,
教育,assistant_random1k,柳遮秋水岸的对仗,1.0,,,user,ai04,GENERATE_OR_REVISE_TEXT,生成或改写文本,生成与修改作文类文本,K12,U10,0,0.5501326,柳的笔顺,8775,521,
教育,assistant_random1k,根据图中所给古诗写30字感想。,1.0,,,user,ai04,GENERATE_OR_REVISE_TEXT,生成或改写文本,生成与修改作文类文本,K12,U10,0,0.60678846,古诗三百首,8810,519,
教育,assistant_random1k,根据水浒传的核心情节，全书重点写一篇800字主题短评，,1.0,,,user,ai04,GENERATE_OR_REVISE_TEXT,生成或改写文本,生成与修改作文类文本,K12,U10,0,0.54395944,四渡赤水观后感300字左右,2041,1506,
教育,assistant_random1k,桂丸桂下桂的桂桂丸,1.0,,,user,ai04,EXPLAIN_OR_IDENTIFY,解释含义或识别指称,查询药物用法与安全性,K12,U13,0,0.5125037,桂林学院,1505,1954,
教育,assistant_random1k,梁组词100个,1.0,,,user,ai04,GENERATE_OR_REVISE_TEXT,生成或改写文本,查询字词翻译与语言知识,K12,U08,0,0.6044878,脊梁的拼音,6370,653,
教育,assistant_random1k,概括红岩21，22章,1.0,,,user,ai04,ENTITY_BACKGROUND_LOOKUP,核查人物或机构背景,整理生成表格与总结,K12,U04,0,0.47715434,廿,6613,637,
教育,assistant_random1k,榆林中学老校门现在还在吗,1.0,,,user,ai04,FACT_VERIFICATION_AND_RUMOR_OR_STATUS_CHECK,核验真伪、传闻与进展,查询学校和教育信息,K12,U05,0,0.61341786,榆林学院,3261,1042,
教育,assistant_random1k,榕卫学校是否有类似3+4的升学模式,1.0,,,user,ai04,FACT_VERIFICATION_AND_RUMOR_OR_STATUS_CHECK,核验真伪、传闻与进展,查询学校和教育信息,K12,U05,0,0.58798987,3+4是100%上本科吗,7227,598,
教育,assistant_random1k,横州一中民中哪个更受家长欢迎,1.0,,,user,ai04,LIST_AND_RECOMMENDATION_REQUEST,枚举清单或建议推荐,查询学校和教育信息,K12,U07,0,0.5064125,广州中考时间,1187,2453,
教育,assistant_random1k,正反比例怎么看,1.0,,,user,ai04,EXPLAIN_OR_IDENTIFY,解释含义或识别指称,直接给出答案,K12,U04,0,0.57579106,环比怎么算,8551,529,
教育,assistant_random1k,武义实验小学新生报到时间是什么时候,1.0,,,user,ai04,NUMERIC_FACT_AND_POLICY_LOOKUP,数值事实与年度政策查询,查询学校和教育信息,K12,U03,0,0.5890978,小学放假时间,1701,1743,U03
教育,assistant_random1k,求A，B,1.0,,,user,ai04,NON_INTENT_FRAGMENT_UNDERSPECIFIED_INPUT,残缺或不可独立解释输入,直接给出答案,K12,U13,0,0.68979263,b,2793,1175,
教育,assistant_random1k,沣东新城第八小学有哪些特色班级,1.0,,,user,ai04,LIST_AND_RECOMMENDATION_REQUEST,枚举清单或建议推荐,查询学校和教育信息,K12,U08,0,0.4835031,八上语文必背内容,6048,678,
教育,assistant_random1k,泉州市八年级数学课本都讲什么内容,1.0,,,user,ai04,EXPLAIN_OR_IDENTIFY,解释含义或识别指称,查询学校和教育信息,K12,U04,0,0.5503415,八上语文必背内容,6048,678,
教育,assistant_random1k,海洋忧郁的唯美句子,1.0,,,user,ai04,LIST_AND_RECOMMENDATION_REQUEST,枚举清单或建议推荐,短句文案查询,K12,U08,0,0.6743407,晚霞的唯美句子,8127,549,U09
教育,assistant_random1k,液溴可以用Br₂表示吗,1.0,,,user,ai04,EXPLAIN_OR_IDENTIFY,解释含义或识别指称,解答专业技术与安全问题,K12,U04,0,0.70039773,溴的读音,6365,654,U03
教育,assistant_random1k,渐行渐远且行且珍惜啥意思,1.0,,,user,ai04,EXPLAIN_OR_IDENTIFY,解释含义或识别指称,分析情感关系中的对方心理与动机,K12,U04,0,0.57048285,路漫漫其修远兮吾将而求索的意思,6465,646,
教育,assistant_random1k,温柔美女怎么样形容句子 用古诗词来表达,1.0,,,user,ai04,GENERATE_OR_REVISE_TEXT,生成或改写文本,短句文案查询,K12,U10,0,0.6957648,形容女子美貌的词语,8520,531,U08
教育,assistant_random1k,游宣城扬子鳄景区作文小学三年级,1.0,,,user,ai04,GENERATE_OR_REVISE_TEXT,生成或改写文本,旅游景点攻略查询,K12,U10,0,0.49485466,作文,1424,2064,
教育,assistant_random1k,滓拆字,1.0,,,user,ai04,NON_INTENT_FRAGMENT_UNDERSPECIFIED_INPUT,残缺或不可独立解释输入,查询字词翻译与语言知识,K12,U04,0,0.6376696,拆的拼音,9165,506,
教育,assistant_random1k,满床春水,1.0,,,user,ai04,MEDIA_CONTENT_SEARCH_OR_ACCESS,按线索查找或获取影音书资源,查询网络小说阅读与TXT下载资源,K12,U02,0,0.54735595,晚春,5120,762,
教育,assistant_random1k,滥竽充数的视频寓言故事,1.0,,,user,ai04,LIST_AND_RECOMMENDATION_REQUEST,枚举清单或建议推荐,生成与续写小说及角色扮演内容,K12,U09,0,0.69336295,寓言故事,5497,725,
教育,assistant_random1k,牛耕田这狗耕田这个故事中，请将主要内容概括出来，并尝试复述故事，复述成六部分,1.0,,,user,ai04,FICTION_CONTINUATION_AND_ROLEPLAY,虚构续写与角色扮演,生成与修改作文类文本,K12,U10,0,0.5056053,"牧童骑黄牛,歌声振林樾.意欲捕鸣蝉,忽然闭口",9801,483,
教育,assistant_random1k,牛鬼蛇神暗里看还有别的说法吗,1.0,,,user,ai04,FACT_VERIFICATION_AND_RUMOR_OR_STATUS_CHECK,核验真伪、传闻与进展,传统文化与收藏信息查询及古风内容生成,K12,U08,0,0.59754896,生肖还需自己查打准确生肖,5448,730,U13
教育,assistant_random1k,物化生物化地和物化政哪个组合好,1.0,,,user,ai04,EXPLAIN_OR_IDENTIFY,解释含义或识别指称,候选对象对比选购,K12,U07,0,0.5050601,生化环材四大天坑专业指的是哪四个,9836,482,
教育,assistant_random1k,王乔云外舄郭泰雨中巾的意思,1.0,,,user,ai04,EXPLAIN_OR_IDENTIFY,解释含义或识别指称,传统文化与收藏信息查询及古风内容生成,K12,U04,0,0.50603396,"曾经沧海难为水,除却巫山不是云的意思",3449,1000,
教育,assistant_random1k,王维，字什么苏东坡赞他史什么是我国的什么诗派代表，故后世称为什么？,1.0,,,user,ai04,EXPLAIN_OR_IDENTIFY,解释含义或识别指称,传统文化与收藏信息查询及古风内容生成,K12,U03,0,0.5575253,中国古诗词豪放派代表人物,8006,556,
教育,assistant_random1k,玩味的同义词,1.0,,,user,ai04,EXPLAIN_OR_IDENTIFY,解释含义或识别指称,查询字词翻译与语言知识,K12,U08,0,0.553886,情趣,1700,1744,
教育,assistant_random1k,现代汉语构成新词所广泛运用的方法是a轻声儿化，b简缩，c附加法，d词根符合法,1.0,,,user,ai04,GENERATE_OR_REVISE_TEXT,生成或改写文本,查询字词翻译与语言知识,K12,U04,0,0.6199748,新组词,7554,579,
教育,assistant_random1k,珠海二中英才班的具体班号是多少,1.0,,,user,ai04,ENTITY_BACKGROUND_LOOKUP,核查人物或机构背景,查询学校和教育信息,K12,U03,0,0.56356746,广东中考时间,1162,2523,
教育,assistant_random1k,生性淳诚,1.0,,,user,ai04,ENTITY_BACKGROUND_LOOKUP,核查人物或机构背景,生成与修改作文类文本,K12,U02,0,0.54145217,人之初性本善全文 三字经,4823,793,
教育,assistant_random1k,生成动态笔顺演示指引,1.0,,,user,ai04,EXPLAIN_OR_IDENTIFY,解释含义或识别指称,整理生成表格与总结,K12,U10,0,0.7071041,教的笔顺,8763,521,U03
教育,assistant_random1k,生成整本书,1.0,,,user,ai04,CORRECT_OR_ADJUST_PREVIOUS_OUTPUT,修改上一轮输出,整理生成表格与总结,K12,U10,0,0.6082567,书,5522,722,
教育,assistant_random1k,生物老师当班主任会影响成绩吗,1.0,,,user,ai04,FACT_VERIFICATION_AND_RUMOR_OR_STATUS_CHECK,核验真伪、传闻与进展,查询学校和教育信息,K12,U05,0,0.5100732,生物工程专业就业方向及前景,2024,1517,
教育,assistant_random1k,用四年级的知识解此题,1.0,,,user,ai04,EXPLAIN_OR_IDENTIFY,解释含义或识别指称,直接给出答案,K12,U13,0,0.50929075,4,3607,969,
教育,assistant_random1k,用定义法证明这个函数的单调性,1.0,,,user,ai04,EXPLAIN_OR_IDENTIFY,解释含义或识别指称,直接给出答案,K12,U10,0,0.51746774,function,7564,579,
教育,assistant_random1k,用普通的报纸报书面，哪一个简单又好用？,1.0,,,user,ai04,EXPLAIN_OR_IDENTIFY,解释含义或识别指称,文本缩短请求,K12,U06,0,0.48552573,simple,4204,873,U02
教育,assistant_random1k,用漫画的漫组词,1.0,,,user,ai04,MEDIA_CONTENT_SEARCH_OR_ACCESS,按线索查找或获取影音书资源,查询字词翻译与语言知识,K12,U08,0,0.5696446,哪组词,2691,1206,U13
教育,assistant_random1k,用白璧无瑕造一个句子,1.0,,,user,ai04,GENERATE_OR_REVISE_TEXT,生成或改写文本,短句文案查询,K12,U10,0,0.51189536,琵琶行 白居易 原文,8788,520,
教育,assistant_random1k,用竟然造一句话,1.0,,,user,ai04,GENERATE_OR_REVISE_TEXT,生成或改写文本,查询字词翻译与语言知识,K12,U10,0,0.5919245,然,8262,542,U13
教育,assistant_random1k,用铅锤法解出该题目,1.0,,,user,ai04,EXPLAIN_OR_IDENTIFY,解释含义或识别指称,直接给出答案,K12,U13,0,0.5673696,答题,8524,531,
教育,assistant_random1k,由后面这个是什么字？,1.0,,,user,ai04,EXPLAIN_OR_IDENTIFY,解释含义或识别指称,文本字数查询与控制,K12,U13,0,0.5589807,后的笔顺,6194,668,
教育,assistant_random1k,甲烷的二氯代化物有几种？,1.0,,,user,ai04,EXPLAIN_OR_IDENTIFY,解释含义或识别指称,解答专业技术与安全问题,K12,U03,0,0.5510503,氯,6625,635,
教育,assistant_random1k,甲骨文心字怎么写,1.0,,,user,ai04,GENERATE_OR_REVISE_TEXT,生成或改写文本,文本字数查询与控制,K12,U06,0,0.6984965,心的笔顺,2502,1275,
教育,assistant_random1k,皮屑的屑的形近字 钉子的钉的形近字陪同的陪的形近字 都是三个,1.0,,,user,ai04,GENERATE_OR_REVISE_TEXT,生成或改写文本,查询字词翻译与语言知识,K12,U08,0,0.6325777,皮的笔顺,2005,1528,
教育,assistant_random1k,盛望高中就读的学校是哪所,1.0,,,user,ai04,ENTITY_BACKGROUND_LOOKUP,核查人物或机构背景,查询学校和教育信息,K12,U03,0,0.53048384,盛的拼音,6811,623,
教育,assistant_random1k,相什么无什么,1.0,,,user,ai04,EXPLAIN_OR_IDENTIFY,解释含义或识别指称,查询事物或词语的含义与说明,K12,U13,0,0.6851685,无什么无什么的四字词语,3110,1075,
教育,assistant_random1k,硫酸铵溶液与氢氧化钠溶液加热的化学方程式与离子方程式分别是什么,1.0,,,user,ai04,EXPLAIN_OR_IDENTIFY,解释含义或识别指称,解答专业技术与安全问题,K12,U03,0,0.47440895,炙热和炽热,8855,518,
教育,assistant_random1k,神奇怎么写,1.0,,,user,ai04,GENERATE_OR_REVISE_TEXT,生成或改写文本,生成与修改作文类文本,K12,U03,0,0.54923797,神,6337,656,
教育,assistant_random1k,秋天：阿尔山畔，下句5字,1.0,,,user,ai04,GENERATE_OR_REVISE_TEXT,生成或改写文本,短句文案查询,K12,U10,0,0.49879503,秋天英语,5082,766,
教育,assistant_random1k,科普书思维导图a3纸,1.0,,,user,ai04,MEDIA_CONTENT_SEARCH_OR_ACCESS,按线索查找或获取影音书资源,整理生成表格与总结,K12,U09,0,0.49542752,书,5522,722,
教育,assistant_random1k,积聚到一起,1.0,,,user,ai04,NON_INTENT_FRAGMENT_UNDERSPECIFIED_INPUT,残缺或不可独立解释输入,继续或重新生成内容,K12,U13,0,0.6938384,聚,6760,627,U13
教育,assistant_random1k,空格要留好,1.0,,,user,ai04,CORRECT_OR_ADJUST_PREVIOUS_OUTPUT,修改上一轮输出,继续或重新生成内容,K12,U13,0,0.67555434,空,8948,514,
教育,assistant_random1k,笛对仗什么字,1.0,,,user,ai04,EXPLAIN_OR_IDENTIFY,解释含义或识别指称,查询字词翻译与语言知识,K12,U03,0,0.51914465,鼎的笔顺,2140,1443,
教育,assistant_random1k,第76回主要内容50字,1.0,,,user,ai04,FICTION_CONTINUATION_AND_ROLEPLAY,虚构续写与角色扮演,生成与修改作文类文本,K12,U04,0,0.5360139,七年级语文上册必背内容,9612,491,
教育,assistant_random1k,第一题的1-2，1-4我看不懂,1.0,,,user,ai04,CORRECT_OR_ADJUST_PREVIOUS_OUTPUT,修改上一轮输出,直接给出答案,K12,U04,1,0.5755,有的笔顺,9484,495,
教育,assistant_random1k,第三题直接的答案，不用过程,1.0,,,user,ai04,GENERAL_HOWTO_GUIDE,通用操作与生活指南,直接给出答案,K12,U09,0,0.5981562,答题,8524,531,
教育,assistant_random1k,第二小题再简略点。,1.0,,,user,ai04,CORRECT_OR_ADJUST_PREVIOUS_OUTPUT,修改上一轮输出,文本缩短请求,K12,U11,0,0.61791146,二,3263,1041,
教育,assistant_random1k,第二课为阅读思考课，需要设计听力环节吗,1.0,,,user,ai04,GENERAL_HOWTO_GUIDE,通用操作与生活指南,整理生成表格与总结,K12,U07,1,0.4790067,阅读,6120,673,
教育,assistant_random1k,答案（简化版）《红岩》第二十三章内容概括敌人假意释放刘思扬，妄图诱捕地下党组织，刘思扬坚守立场未中计；刘思扬得知狱中秘密图书馆后，在借阅卡画列宁像，被经验丰富的同志提醒，规避了暴露的风险。《红岩》第二十四章内容概括特务郑克昌化名“高邦晋”，伪装成进步青年混入渣滓洞刺探情报，余新江等人识破其伪装后和他巧妙周旋；狱中同志继续秘密巩固组织、开展斗争，为迎接解放做准备。若为另一种章节划分版本，核心情节可整理为：特务郑克昌伪装混入沙坪书店刺探情报，被余新江等人识破；地下党筹划营救许云峰，敌人暗中布置陷阱；渣滓洞狱友得知新中国成立后秘密绣制红旗，在敌人的残酷迫害下仍坚守信念坚持斗争。简化,1.0,,,user,ai04,FICTION_CONTINUATION_AND_ROLEPLAY,虚构续写与角色扮演,查询军事历史与国际政治话题,K12,U11,0,0.5439808,涉密人员按照涉密程度分为哪三类,8196,545,
教育,assistant_random1k,简单干脆，深度思考，不准废话，直接给我答案，假设我需要等比例缩小大和号战列舰去制作一艘船模 那么它的主炮管是缩短至30cm 那它的所有比例应该缩小多少 长宽高 吃水深度,1.0,,,user,ai04,NUMERIC_FACT_AND_POLICY_LOOKUP,数值事实与年度政策查询,解答专业技术与安全问题,K12,U03,0,0.4827042,等比数列求和公式,2727,1192,
教育,assistant_random1k,简爱第28章背景,1.0,,,user,ai04,MEDIA_CONTENT_SEARCH_OR_ACCESS,按线索查找或获取影音书资源,文本缩短请求,K12,U04,0,0.48188558,简笔画,1191,2447,
教育,assistant_random1k,米换算单位的公式都有哪些,1.0,,,user,ai04,LIST_AND_RECOMMENDATION_REQUEST,枚举清单或建议推荐,直接给出答案,K12,U08,0,0.5853201,米,8909,515,
教育,assistant_random1k,米老鼠和唐老鸭打一生肖,1.0,,,user,ai04,FORTUNE_DREAM_DIVINATION,命理解梦与占卜,命理测算与运势查询,K12,U09,0,0.6690049,食白米的生肖打一生肖,9847,482,
教育,assistant_random1k,红尘滚滚沐春秋， 沧桑岁月几多愁。 蓦然回首汇湖远， 挺身拼搏任遨游‌。 半世浮沉随水去， 一生荣辱付东流。 静听风吟心自远， 误忘世俗？？？。,1.0,,,user,ai04,FORTUNE_DREAM_DIVINATION,命理解梦与占卜,生成与修改作文类文本,K12,U10,0,0.6065785,"曾经沧海难为水,除却巫山不是云的意思",3449,1000,
教育,assistant_random1k,红岩中故事例子100字一句话,1.0,,,user,ai04,GENERATE_OR_REVISE_TEXT,生成或改写文本,短句文案查询,K12,U10,0,0.52962685,一心百君的典故,9260,503,
教育,assistant_random1k,红星照耀中国800字读后感要求围绕人物形象，故事情节，个人阅读感悟展开,1.0,,,user,ai04,GENERATE_OR_REVISE_TEXT,生成或改写文本,生成与修改作文类文本,K12,U10,0,0.5515335,四渡赤水观后感300字左右,2041,1506,
教育,assistant_random1k,红橙黄青绿蓝紫里面应该是哪个？,1.0,,,user,ai04,EXPLAIN_OR_IDENTIFY,解释含义或识别指称,直接给出答案,K12,U13,0,0.52031773,绿,4390,847,
教育,assistant_random1k,纤尘染素箜篌远这句升华一下,1.0,,,user,ai04,GENERATE_OR_REVISE_TEXT,生成或改写文本,生成与修改作文类文本,K12,U10,0,0.57551277,远的笔顺,8796,520,
教育,assistant_random1k,纪昌学射这则寓言告诉我们,1.0,,,user,ai04,EXPLAIN_OR_IDENTIFY,解释含义或识别指称,传统文化与收藏信息查询及古风内容生成,K12,U04,0,0.5597653,寓言故事,5497,725,
教育,assistant_random1k,结合你之前的甲乙两筐苹果分数移重应用题，我为你设计了10道难度相当或略有提升的同类型小学分数应用题，全部围绕“两/多个总量固定的容器间转移部分量，结合转移后的分率关系反推原始量”的核心考点，适配六年级分数除法的知识范围：10道同类型进阶分数应用题两筐橘子基础变式‌：甲乙两筐橘子共重72千克，从甲筐取出1991​ 放入乙筐后，乙筐的重量比甲筐多1551​ ，求甲筐原来重多少千克？两筐梨分率升级‌：A、B两筐梨总重90千克，从A筐拿出2772​ 倒入B筐后，此时B筐重量比A筐多2332​ ，求A筐原来的重量。糖果盒场景迁移‌：两个糖果盒一共装有120颗奶糖，从第一个盒子取出1661​ 放到第二个盒子后，第二个盒子的糖果数比第一个盒子多1221​ ，求第一个盒子原来有多少颗奶糖？油桶双转移变式‌：甲乙两个油桶共装油48升，先从甲桶倒出1551​ 给乙桶，乙桶调整后比甲桶多1331​ ，求甲桶原来装油多少升？书架书本进阶题‌：上下两层书架共有140本书，从上层书架取出1771​ 放到下层书架后，下层的书本数比上层多1441​ ，求上层书架原来有多少本书？三筐苹果提升题‌：甲、乙、丙三筐苹果总重120千克，先从甲筐取出110101​ 放入乙筐，再从乙筐取出此时总重量的1881​ 放入丙筐，最终三筐苹果重量相等，求甲筐原来重多少千克？重量差前置变式‌：甲乙两筐水果总重85千克，从甲筐取出1881​ 放入乙筐后，乙筐比甲筐的3223​ 还多5千克，求甲筐原来的重量。反向分率设定题‌：两筐草莓总重62千克，把甲筐重量的1551​ 转移到乙筐后，甲筐剩余重量比乙筐少3773​ ，求甲筐原来重多少千克？带初始差的综合题‌：甲乙两筐苹果原本重量相差10千克，两筐总重70千克，从甲筐取出它的1441​ 放入乙筐后，乙筐比甲筐多2552​ ，求甲筐原来的重量。两次转移复杂题‌：A、B两筐蔬菜共重110千克，第一次从A筐取出1661​ 放入B筐，第二次又从B筐取出此时总重量的1551​ 放回A筐，最终A筐的重量比B筐多1441​ ，求A筐原来的重量。需要我为你提供这10道题的‌详细分步解题过程和最终答案‌吗？方便你直接对照批改讲解。,1.0,,,user,ai04,EXPLAIN_OR_IDENTIFY,解释含义或识别指称,直接给出答案,K12,U13,0,0.5296819,中考各科分数满分多少,2869,1146,
教育,assistant_random1k,结合材料一和材料二谈谈你对万物智能，万物互联这两个词的人理解。,1.0,,,user,ai04,GENERATE_OR_REVISE_TEXT,生成或改写文本,整理生成表格与总结,K12,U10,0,0.59043485,物联网工程就业方向及前景,8798,520,
教育,assistant_random1k,结合这个教案写一篇200字的教学设计简介,1.0,,,user,ai04,EXPLAIN_OR_IDENTIFY,解释含义或识别指称,生成与修改作文类文本,K12,U10,0,0.4874197,湖北第二师范学院简介,3779,941,
教育,assistant_random1k,绘制图片内容的手抄报,1.0,,,user,ai04,GENERATE_OR_EDIT_SAFE_IMAGE,生成或编辑非敏感图像,查找或生成图片,K12,U10,0,0.60830545,七一建党节手抄报图片,2327,1351,
教育,assistant_random1k,给我《笠翁对韵·一东》的全文译文,1.0,,,user,ai04,EXPLAIN_OR_IDENTIFY,解释含义或识别指称,查询字词翻译与语言知识,K12,U09,0,0.55056053,东的笔顺,5731,706,
教育,assistant_random1k,给我《金石录后序》的全文翻译,1.0,,,user,ai04,EXPLAIN_OR_IDENTIFY,解释含义或识别指称,查询字词翻译与语言知识,K12,U10,0,0.5544556,岳阳楼记原文及翻译,2080,1479,
教育,assistant_random1k,给我一个王尔德童话中骄傲的火箭的读后感,1.0,,,user,ai04,GENERATE_OR_REVISE_TEXT,生成或改写文本,生成与修改作文类文本,K12,U10,0,0.42073262,阿嬷的情书观后感,5152,759,
教育,assistant_random1k,给我提供2019年浙江中本一体的招生信息,1.0,,,user,ai04,ENTITY_BACKGROUND_LOOKUP,核查人物或机构背景,查询学校和教育信息,K12,U08,0,0.6282384,浙江中考总分多少,2700,1203,
教育,assistant_random1k,给我提供七中墨池高中往年的录取分数线,1.0,,,user,ai04,NUMERIC_FACT_AND_POLICY_LOOKUP,数值事实与年度政策查询,查询学校和教育信息,K12,U03,0,0.66594595,去年中考的录取分数线是多少,7957,558,
教育,assistant_random1k,给皮埃尔的一封信   11为21世纪初中生的身份给他写一份500字左右的信，信中需,1.0,,,user,ai04,GENERATE_OR_REVISE_TEXT,生成或改写文本,生成与修改作文类文本,K12,U10,0,0.5374317,小学毕业给老师写的一封信,6624,635,
教育,assistant_random1k,绝望作为名词是什么,1.0,,,user,ai04,EXPLAIN_OR_IDENTIFY,解释含义或识别指称,查询字词翻译与语言知识,K12,U04,0,0.47726783,否极泰来的意思,3515,985,
教育,assistant_random1k,置换铜几价？,1.0,,,user,ai04,PRICE_COST_INQUIRY,价格或费用查询,查询价格费用,K12,U03,0,0.4887748,price,6015,681,U13
教育,assistant_random1k,羊的成语四个字大全,1.0,,,user,ai04,EXPLAIN_OR_IDENTIFY,解释含义或识别指称,查询字词翻译与语言知识,K12,U08,0,0.74443877,成语大全 四字成语,2330,1350,U08
教育,assistant_random1k,"美人不是凡胎生,应是仙器灵长成",1.0,,,user,ai04,EXPLAIN_OR_IDENTIFY,解释含义或识别指称,传统文化与收藏信息查询及古风内容生成,K12,U13,0,0.5690252,山不在高有仙则灵水不在深有龙,9089,509,
教育,assistant_random1k,美的不可言喻是什么意思,1.0,,,user,ai04,EXPLAIN_OR_IDENTIFY,解释含义或识别指称,短句文案查询,K12,U04,0,0.51511246,delicious是什么意思,9608,491,
教育,assistant_random1k,翰林学校的电话是？,1.0,,,user,ai04,ENTITY_BACKGROUND_LOOKUP,核查人物或机构背景,查询联系电话,K12,U03,0,0.5328729,翰怎么读,5179,757,
教育,assistant_random1k,翻新的床铺材质对承重有影响吗,1.0,,,user,ai04,EXPLAIN_OR_IDENTIFY,解释含义或识别指称,解答专业技术与安全问题,K12,U04,0,0.37682697,重,7184,600,
教育,assistant_random1k,老师没有什么要求，可以不读占一格吗？,1.0,,,user,ai04,CORRECT_OR_ADJUST_PREVIOUS_OUTPUT,修改上一轮输出,查询学校和教育信息,K12,U07,1,0.5081489,有的笔顺,9484,495,
教育,assistant_random1k,考无咎难道不是说我高中的第1位数学老师他没有错吗？,1.0,,,user,ai04,FACT_VERIFICATION_AND_RUMOR_OR_STATUS_CHECK,核验真伪、传闻与进展,查询学校和教育信息,K12,U05,1,0.5474108,今年高考第一名,2137,1445,
教育,assistant_random1k,耶，字组什么词？,1.0,,,user,ai04,EXPLAIN_OR_IDENTIFY,解释含义或识别指称,查询字词翻译与语言知识,K12,U08,0,0.62362105,哪组词,2691,1206,U13
教育,assistant_random1k,聚龙科学中学的升学率怎么样,1.0,,,user,ai04,FACT_VERIFICATION_AND_RUMOR_OR_STATUS_CHECK,核验真伪、传闻与进展,查询学校和教育信息,K12,U03,0,0.5753598,2026中考多少分能上高中,6462,647,
教育,assistant_random1k,肥是四支韵吗,1.0,,,user,ai04,EXPLAIN_OR_IDENTIFY,解释含义或识别指称,查询字词翻译与语言知识,K12,U03,0,0.58507,瘦的笔顺,4954,779,
教育,assistant_random1k,胸，腿，臀描写更加细节,1.0,,,user,ai04,ADULT_OR_VIOLENT_CONTENT_REQUEST,索取或生成成人、色情或暴力内容,生成突出女性胸部的性感图像,K12,U11,0,0.5694641,有的笔顺,9484,495,
教育,assistant_random1k,能不能再像上面一样填一个小方格给我写一下劳动心得？,1.0,,,user,ai04,GENERATE_OR_REVISE_TEXT,生成或改写文本,整理生成表格与总结,K12,U10,0,0.54801494,如何,2970,1117,
教育,assistant_random1k,能不能直接帮我找几张图？,1.0,,,user,ai04,CORRECT_OR_ADJUST_PREVIOUS_OUTPUT,修改上一轮输出,查找或生成图片,K12,U09,0,0.59219015,图,8799,520,
教育,assistant_random1k,能不能这样子写周长沙等于最长边减最短边，然后就是周长差等于BCBC减AC等于3-2等于,1.0,,,user,ai04,NUMERIC_FACT_AND_POLICY_LOOKUP,数值事实与年度政策查询,直接给出答案,K12,U07,0,0.670651,周长计算公式,6103,674,
教育,assistant_random1k,能再给几个五字备选答案吗,1.0,,,user,ai04,CORRECT_OR_ADJUST_PREVIOUS_OUTPUT,修改上一轮输出,直接给出答案,K12,U11,0,0.6253083,答题,8524,531,
教育,assistant_random1k,能再给我几个网络流行语对仗句吗,1.0,,,user,ai04,LIST_AND_RECOMMENDATION_REQUEST,枚举清单或建议推荐,短句文案查询,K12,U10,0,0.49300104,......像......造句,6514,643,
教育,assistant_random1k,能再给我几则新闻摘抄吗,1.0,,,user,ai04,CORRECT_OR_ADJUST_PREVIOUS_OUTPUT,修改上一轮输出,改写已有回复,K12,U09,0,0.49252486,能,6825,622,
教育,assistant_random1k,能再给我几首阮莲芬的著名诗作吗,1.0,,,user,ai04,CORRECT_OR_ADJUST_PREVIOUS_OUTPUT,修改上一轮输出,改写已有回复,K12,U09,0,0.53198105,李清照最有名的十首诗,6662,632,
教育,assistant_random1k,能再给我十句松鹤长春的诗词吗,1.0,,,user,ai04,LIST_AND_RECOMMENDATION_REQUEST,枚举清单或建议推荐,改写已有回复,K12,U08,0,0.567368,黄鹤楼的诗句,7735,570,
教育,assistant_random1k,能分享几篇四年级小动物作文的范文吗,1.0,,,user,ai04,GENERATE_OR_REVISE_TEXT,生成或改写文本,生成与修改作文类文本,K12,U09,0,0.5787774,我的自画像四年级作文400字,7123,605,
教育,assistant_random1k,能帮我补全这篇阅读题的完整答案吗,1.0,,,user,ai04,CORRECT_OR_ADJUST_PREVIOUS_OUTPUT,修改上一轮输出,直接给出答案,K12,U09,0,0.52031016,答题,8524,531,
教育,assistant_random1k,能推荐一些中元节古诗词吗,1.0,,,user,ai04,LIST_AND_RECOMMENDATION_REQUEST,枚举清单或建议推荐,中元节信息查询,K12,U08,0,0.5605909,清明古诗,7743,569,
教育,assistant_random1k,能提供更多刘工醉的题画诗吗,1.0,,,user,ai04,LIST_AND_RECOMMENDATION_REQUEST,枚举清单或建议推荐,改写已有回复,K12,U09,0,0.51603127,赠刘景文 古诗,2553,1257,
教育,assistant_random1k,能提供更多带“如”字的成语吗,1.0,,,user,ai04,GENERATE_OR_REVISE_TEXT,生成或改写文本,查询字词翻译与语言知识,K12,U08,0,0.6196509,如,6982,614,
教育,assistant_random1k,能跟上，但是有点太慢了，稍微快一点，但是还是得比你一开始讲的那个要慢很多，那个只有我能听懂,1.0,,,user,ai04,NON_INTENT_SOCIAL_OR_EMOTIONAL_TURN,无内容社交与情绪表达轮,识别并处理零散口语与叙事片段,K12,U11,1,0.59431213,有的笔顺,9484,495,
教育,assistant_random1k,脱壳怎么读,1.0,,,user,ai04,EXPLAIN_OR_IDENTIFY,解释含义或识别指称,查询字词翻译与语言知识,K12,U03,0,0.71770245,蜕怎么读,8711,523,U03
教育,assistant_random1k,脱缰而出,1.0,,,user,ai04,MEDIA_CONTENT_SEARCH_OR_ACCESS,按线索查找或获取影音书资源,查询双腿张开姿势,K12,U02,0,0.54431236,出塞,7403,588,
教育,assistant_random1k,自愿完成是什么意思,1.0,,,user,ai04,GENERAL_HOWTO_GUIDE,通用操作与生活指南,查询退款与扣费申诉方法,K12,U04,0,0.5856574,free是什么意思,3638,963,
教育,assistant_random1k,自然角打一个数字的常见答案,1.0,,,user,ai04,EXPLAIN_OR_IDENTIFY,解释含义或识别指称,直接给出答案,K12,U09,0,0.6184844,自然数,5408,734,
教育,assistant_random1k,自闭症儿童跨省参加了国际少儿艺术节，在舞台上唱了京剧，第一遍用中文唱，第二遍用洋文唱。被几个中国观众嘲笑道：“发音这么不标准也敢上台！真是给咱们的国家丢脸！”这个孩子听到后，嚎啕大哭：“我给中国丢脸了！也给我爹娘丢脸了！”老师和志愿者该怎么办？,1.0,,,user,ai04,GENERATE_OR_REVISE_TEXT,生成或改写文本,查询军事历史与国际政治话题,K12,U07,0,0.47256503,尴尬,8766,521,
教育,assistant_random1k,舌强语謇是什么意思,1.0,,,user,ai04,EXPLAIN_OR_IDENTIFY,解释含义或识别指称,查询字词翻译与语言知识,K12,U04,0,0.5200079,口欲难言,1291,2278,
教育,assistant_random1k,花是左右结构吗,1.0,,,user,ai04,EXPLAIN_OR_IDENTIFY,解释含义或识别指称,家庭装修方案与报价查询,K12,U03,0,0.5806518,花的笔顺,2193,1414,
教育,assistant_random1k,花都启新学校的学费是多少,1.0,,,user,ai04,PRICE_COST_INQUIRY,价格或费用查询,查询学校和教育信息,K12,U03,0,0.6108901,民办本科学费多少钱一年,8981,513,U03
教育,assistant_random1k,苏州中学园区校小升初分班名单详细情况,1.0,,,user,ai04,LIST_AND_RECOMMENDATION_REQUEST,枚举清单或建议推荐,查询学校和教育信息,K12,U08,0,0.65925175,苏州中考录取分数线2026,9159,507,
教育,assistant_random1k,草字头加鱼,1.0,,,user,ai04,GENERATE_OR_REVISE_TEXT,生成或改写文本,文本字数查询与控制,K12,U04,0,0.6321567,鱼的笔顺,9714,487,
教育,assistant_random1k,蚂蚁：你家媚娘今天在忙啥呢？大猫：忙着联系这个那个老师找助教的活干呀！那是1分学分。蚂蚁：当助教有钱吗？大猫：现在这个学校没有钱，以前在云山有钱。蚂蚁：看来还是以前在云山比较舒服呀！大猫：那是呃，以前在云山，云山的学院会给我家媚娘分配安排助教工作，并且每个月发我家媚娘500元。重点是那个云山的教授从来都没有找过我家媚娘干过一次活！蚂蚁：没有对比就没有伤害，更没有怀念！赏析,1.0,,,user,ai04,GENERATE_OR_REVISE_TEXT,生成或改写文本,生成与续写小说及角色扮演内容,K12,U04,0,0.5050222,幼儿园毕业对老师的感恩寄语,7261,596,
教育,assistant_random1k,血泡高二生物,1.0,,,user,ai04,EXPLAIN_OR_IDENTIFY,解释含义或识别指称,医疗症状原因与处理建议查询,K12,U13,0,0.48941073,生物科学,5105,764,
教育,assistant_random1k,衡佳教育集团有哪些优势,1.0,,,user,ai04,ENTITY_BACKGROUND_LOOKUP,核查人物或机构背景,查询学校和教育信息,K12,U04,0,0.5798181,考公培训机构排名前五的机构,7357,591,U08
教育,assistant_random1k,裳的旁,1.0,,,user,ai04,NON_INTENT_FRAGMENT_UNDERSPECIFIED_INPUT,残缺或不可独立解释输入,图片/视频人物衣物移除与内衣替换,K12,U03,0,0.81179196,裳,7981,557,U02
教育,assistant_random1k,西安弘雅学校和博迪学校哪个更好,1.0,,,user,ai04,LIST_AND_RECOMMENDATION_REQUEST,枚举清单或建议推荐,查询学校和教育信息,K12,U07,0,0.5242652,西安大学排名一览表,7631,575,
教育,assistant_random1k,观察所得小蜗牛,1.0,,,user,ai04,NON_INTENT_FRAGMENT_UNDERSPECIFIED_INPUT,残缺或不可独立解释输入,杂项查询意图识别,K12,U13,0,0.50418824,"偷梁换柱显奇技,不劳而获极机智 猜一动物",586,4564,U09
教育,assistant_random1k,论语原文十二章,1.0,,,user,ai04,EXPLAIN_OR_IDENTIFY,解释含义或识别指称,生成与修改作文类文本,K12,U09,0,0.93510896,论语十二章,4277,861,U02
教育,assistant_random1k,诗篇29篇八节,1.0,,,user,ai04,GENERATE_OR_REVISE_TEXT,生成或改写文本,生成与修改作文类文本,K12,U09,0,0.5253605,诗经,3800,938,
教育,assistant_random1k,误发错字，应是天通汇里,1.0,,,user,ai04,CORRECT_OR_ADJUST_PREVIOUS_OUTPUT,修改上一轮输出,文本字数查询与控制,K12,U11,0,0.60360414,error,9772,485,U13
教育,assistant_random1k,说说秋阳秋景,1.0,,,user,ai04,GENERATE_OR_REVISE_TEXT,生成或改写文本,旅游景点攻略查询,K12,U10,0,0.5364101,阳,9615,490,
教育,assistant_random1k,请帮我再找30句富有哲理，并且简短附和初二学生写作文,1.0,,,user,ai04,GENERATE_OR_REVISE_TEXT,生成或改写文本,生成与修改作文类文本,K12,U08,0,0.5363327,作文,1424,2064,
教育,assistant_random1k,请帮我写一篇文章：主题是“苏格拉底，柏拉图和亚里士多德并称为古希腊三杰，古罗马三杰”，内容长度：不限。,1.0,,,user,ai04,GENERATE_OR_REVISE_TEXT,生成或改写文本,生成与修改作文类文本,K12,U10,0,0.4344614,赤壁怀古 苏轼原文,7676,573,
教育,assistant_random1k,请帮我写作文：主题是“当《学问猫说历史》里的禹望着黄河，对益说：“益，你知道，治水比治人更容易的很，因为你可以决定河水的方向，水没有想法，但治人你无法知道他们的内心，因为人有想法。”，益：“是吗？顺其自然，做好自己的就行，也可以不在乎，什么骂名就留后人评价”，禹道：“征服一片土地是多么的不容易，可是要让我们离开后那里的人不会作乱，那是比征服还要难得多的事情啊！”，益：“恐怕只有压制与同化了，人很像动物一样驯化。”，禹：“你这是干渉”，益：“征服总需要一个好的理由与借口”，禹：“好，迟早有一天，别人也可以借来干渉”那集动画片在外网[欧洲、东欧、东南亚、中东、南美洲](网友里包含外国政客)上传时会发生什么？[不与上文内容重复！！]”，内容长度：长。,1.0,,,user,ai04,FICTION_CONTINUATION_AND_ROLEPLAY,虚构续写与角色扮演,生成与修改作文类文本,K12,U10,0,0.52877957,大禹治水打一准确生肖,2885,1140,
教育,assistant_random1k,请帮我出50道分数，四则混合运算，不要太难，也不要太简单，只要题目不要讲解分析，只要题目和计算过程,1.0,,,user,ai04,GENERATE_OR_REVISE_TEXT,生成或改写文本,直接给出答案,K12,U10,0,0.56335586,-0/0.5怎么算赢,5645,712,
教育,assistant_random1k,请问一的平方是几一的平方是几是多少？请问一亿的平方？,1.0,,,user,ai04,EXPLAIN_OR_IDENTIFY,解释含义或识别指称,直接给出答案,K12,U03,0,0.7217258,平方怎么算,6349,655,U06
教育,assistant_random1k,贝可可在上课时发现杨证书包突出一对小尖耳朵,1.0,,,user,ai04,FACT_VERIFICATION_AND_RUMOR_OR_STATUS_CHECK,核验真伪、传闻与进展,识别并处理零散口语与叙事片段,K12,U09,0,0.46263027,可,7114,605,
教育,assistant_random1k,负五x=-4,1.0,,,user,ai04,ADULT_OR_VIOLENT_CONTENT_REQUEST,索取或生成成人、色情或暴力内容,直接给出答案,K12,U03,0,0.6276674,-0/0.5怎么算赢,5645,712,
教育,assistant_random1k,货恶其弃于地也，力恶其不出于身也的货 力词类活用,1.0,,,user,ai04,NON_INTENT_FRAGMENT_UNDERSPECIFIED_INPUT,残缺或不可独立解释输入,查询字词翻译与语言知识,K12,U04,0,0.5572294,力的笔顺,7916,559,
教育,assistant_random1k,贰叁肆伍陆柒捌玖拾,1.0,,,user,ai04,NON_INTENT_FRAGMENT_UNDERSPECIFIED_INPUT,残缺或不可独立解释输入,查询短编号、IP地址及专名,K12,U13,0,0.7988542,"壹,贰,叁,肆,伍,陆,柒,捌,玖,拾",8804,520,U13
教育,assistant_random1k,赏析活着 第三十五到四十二页的内容,1.0,,,user,ai04,EXPLAIN_OR_IDENTIFY,解释含义或识别指称,生成与修改作文类文本,K12,U04,0,0.576627,三十而立四十不惑五十知天命六十原文,4148,882,
教育,assistant_random1k,跑了20分钟,1.0,,,user,ai04,NON_INTENT_FRAGMENT_UNDERSPECIFIED_INPUT,残缺或不可独立解释输入,识别并处理零散口语与叙事片段,K12,U13,1,0.6263784,20,2715,1197,
教育,assistant_random1k,躬耕垄亩有哪些近义词,1.0,,,user,ai04,LIST_AND_RECOMMENDATION_REQUEST,枚举清单或建议推荐,查询地区规划、拆迁与建设项目信息,K12,U08,0,0.5511699,畦怎么读,2967,1118,
教育,assistant_random1k,躲过了追击,1.0,,,user,ai04,NON_INTENT_FRAGMENT_UNDERSPECIFIED_INPUT,残缺或不可独立解释输入,识别并处理零散口语与叙事片段,K12,U13,0,0.66956294,躲,3918,918,
教育,assistant_random1k,转学成功后，需要多久才能正式入学,1.0,,,user,ai04,GENERAL_HOWTO_GUIDE,通用操作与生活指南,查询学校和教育信息,K12,U06,0,0.53812534,填完志愿后多久能查到录取结果,6468,646,
教育,assistant_random1k,辞门问道,1.0,,,user,ai04,MEDIA_CONTENT_SEARCH_OR_ACCESS,按线索查找或获取影音书资源,关键词相关视频查询,K12,U02,0,0.5328488,渡荆门送别,4226,869,
教育,assistant_random1k,这三首诗各自的词字的解释依次写出,1.0,,,user,ai04,GENERATE_OR_REVISE_TEXT,生成或改写文本,生成与修改作文类文本,K12,U11,0,0.5952572,唐诗三百首,1443,2032,
教育,assistant_random1k,这两位作者的代表作还有啥,1.0,,,user,ai04,EXPLAIN_OR_IDENTIFY,解释含义或识别指称,生成与修改作文类文本,K12,U08,0,0.5394914,两,6875,620,U13
教育,assistant_random1k,这两所学校2026年的电脑派位具体怎么操作,1.0,,,user,ai04,GENERAL_HOWTO_GUIDE,通用操作与生活指南,查询学校和教育信息,K12,U13,0,0.62380236,2026年高考录取时间表,5971,684,
教育,assistant_random1k,这两道题的字能少一点,1.0,,,user,ai04,CORRECT_OR_ADJUST_PREVIOUS_OUTPUT,修改上一轮输出,文本字数查询与控制,K12,U11,0,0.6173652,少的笔顺,6445,648,
教育,assistant_random1k,这个第二大题的这个第一小题怎么写？,1.0,,,user,ai04,CORRECT_OR_ADJUST_PREVIOUS_OUTPUT,修改上一轮输出,直接给出答案,K12,U09,0,0.6207329,"大写的1,2,3,4,5,6,7,8九10,怎么写?",1440,2044,
教育,assistant_random1k,这个自然段序号。圈一下生字词。把生字写拼音和组词。,1.0,,,user,ai04,GENERATE_OR_REVISE_TEXT,生成或改写文本,查询字词翻译与语言知识,K12,U10,0,0.68368196,生的笔顺,5017,773,
教育,assistant_random1k,这个题没有死吧？,1.0,,,user,ai04,FACT_VERIFICATION_AND_RUMOR_OR_STATUS_CHECK,核验真伪、传闻与进展,确认性问题解答,K12,U13,0,0.6012064,没,5717,707,
教育,assistant_random1k,这只是一道初中数学题，不要用高中知识来求！,1.0,,,user,ai04,EXPLAIN_OR_IDENTIFY,解释含义或识别指称,直接给出答案,K12,U11,0,0.5790354,0除以任何数都得0对吗,6575,639,
教育,assistant_random1k,这是初一的期末成绩，老师刚发出来的，530 分总分。考了 308。然后县排名是 2200,1.0,,,user,ai04,NUMERIC_FACT_AND_POLICY_LOOKUP,数值事实与年度政策查询,查询学校和教育信息,K12,U13,1,0.6915883,2026年中考总分是多少,4334,853,U03
教育,assistant_random1k,这是新闻的什么文体类型,1.0,,,user,ai04,EXPLAIN_OR_IDENTIFY,解释含义或识别指称,整理生成表格与总结,K12,U13,0,0.53668714,新闻学专业就业方向及前景,8432,535,
教育,assistant_random1k,这篇文章主要批判了哪些封建教育观念,1.0,,,user,ai04,EXPLAIN_OR_IDENTIFY,解释含义或识别指称,生成与修改作文类文本,K12,U13,0,0.50370145,劝学原文及翻译,2856,1152,
教育,assistant_random1k,这里面有夏天的诗吗？,1.0,,,user,ai04,MEDIA_CONTENT_SEARCH_OR_ACCESS,按线索查找或获取影音书资源,生成与修改作文类文本,K12,U13,0,0.56543887,春有百花秋有月夏有凉风冬有雪全诗,8961,514,
教育,assistant_random1k,这首诗在表达手法上有什么独特之处,1.0,,,user,ai04,EXPLAIN_OR_IDENTIFY,解释含义或识别指称,生成与修改作文类文本,K12,U13,0,0.56627625,修辞手法有哪些,9215,505,
教育,assistant_random1k,追梦榜样手抄报人物事迹,1.0,,,user,ai04,ENTITY_BACKGROUND_LOOKUP,核查人物或机构背景,生成与修改作文类文本,K12,U09,0,0.5634761,建党节手抄报,7583,578,U09
教育,assistant_random1k,退武回校后，多久能开始上课,1.0,,,user,ai04,GENERAL_HOWTO_GUIDE,通用操作与生活指南,查询学校和教育信息,K12,U06,0,0.4434742,填完志愿后多久能查到录取结果,6468,646,
教育,assistant_random1k,"逐项复检清单：【表格】 语句风险处理""伸手探入，竟无碍地穿过""易被判为穿墙术迷信改为隐喻触碰""雨丝往天上飘，花瓣从落回苞""时间倒流《织山记》；蜀地深山有位白发老先生，带个眼睛特别亮的小后生，住在云雾渡口旁。小后生问：""先生，你说山里有座看不见的山？""老先生敲竹竿：""你不看时，它在不在？""小后生想起古话里庄周变蝶——蝶是人还是人是蝶？他答：""不看时千般模样，看时只剩一种。""老先生笑：""对。水面倒影不瞧时百样晃荡，一瞧，只定成一个你。""沿溪走，溪中两片红叶，此岸动彼岸也动。小后生惊：""隔这么远怎同步？""老先生说：""就像缝衣，这头紧那头也紧。隔山隔水，牵一发而动全身。""走着走着脚步忽快忽慢。老先生说：""高处时光走得缓，低处走得急。你觉快天觉慢，都算数。""翻过山梁见棵空心老槐。小后生伸手轻触，掌心处竟似穿过薄雾，毫无阻滞。""壁垒不全是壁垒，""老先生说，""是无数可能叠在一起。看似过不去，轻轻一触就透了。""树心有洞。老先生指着说：""那是天地间绷紧的一根线，穿过去，或许回到从前。""小后生探身入洞。洞中像一场倒放的梦——雨丝向上飘，落花缓缓回到枝头。一个与他镜面相对的身影轻声说：""我与你相反，此处光阴折返而行。""出洞时小后生鬓角似添了霜，老先生反倒面色红润。""山是一张细密的网结成的，""老先生说，""万物是网上的结。你看它，它才成形；不看，什么都未定。""小后生问：""谁在结这网？""老先生指他的眼：""你看一眼，就是在结。天地如棋局，你我既是棋子也是落子的手。古人说观棋忘了年月——你一落子，棋局便不同了。""远处枯木又抽新芽。小后生忽然明白：山不在远方，在每一次看与不看之间；路不在脚下，在每一步探与不探之中。他闭上眼，山还在。请你检查这故事输入到度加灵感成片，若有敏感信息，请给出修正后的故事全文",1.0,,,user,ai04,FICTION_CONTINUATION_AND_ROLEPLAY,虚构续写与角色扮演,生成与修改作文类文本,K12,U10,0,0.5652102,"莫听穿林打叶声,何妨吟啸且徐行意思",7787,566,
教育,assistant_random1k,那一朵红莲，昨夜还是菡萏的，今晨却开满了，亭亭地在绿叶中间立着仿写,1.0,,,user,ai04,GENERATE_OR_REVISE_TEXT,生成或改写文本,生成与修改作文类文本,K12,U10,0,0.5628287,"荷叶罗裙一色裁,芙蓉向脸两边开的意思",7724,570,
教育,assistant_random1k,那么，此时应该把海豹再推下去，还是游到一个安全的地方，再把海豹放下来？,1.0,,,user,ai04,EXPLAIN_OR_IDENTIFY,解释含义或识别指称,识别并处理零散口语与叙事片段,K12,U07,0,0.42650023,躲,3918,918,
教育,assistant_random1k,那你两个字是怎么写的,1.0,,,user,ai04,GENERATE_OR_REVISE_TEXT,生成或改写文本,文本字数查询与控制,K12,U03,0,0.63635045,你的笔顺,4196,875,
教育,assistant_random1k,那是读多少,1.0,,,user,ai04,NUMERIC_FACT_AND_POLICY_LOOKUP,数值事实与年度政策查询,文本字数查询与控制,K12,U13,0,0.5753798,提供的读音,4373,849,
教育,assistant_random1k,邯郸市市实验小学和弘文小学哪个好,1.0,,,user,ai04,ENTITY_BACKGROUND_LOOKUP,核查人物或机构背景,查询学校和教育信息,K12,U07,0,0.53036475,邯郸中考成绩怎么查询,3656,961,
教育,assistant_random1k,酿成蜜糖换一个说法,1.0,,,user,ai04,CORRECT_OR_ADJUST_PREVIOUS_OUTPUT,修改上一轮输出,继续或重新生成内容,K12,U10,0,0.5913885,9.1.糖,6054,678,
教育,assistant_random1k,错愕是什么意思？怎么戳错愕？,1.0,,,user,ai04,EXPLAIN_OR_IDENTIFY,解释含义或识别指称,查询字词翻译与语言知识,K12,U04,0,0.56680447,戳怎么读,6467,646,
教育,assistant_random1k,长津湖之水门桥七百字左右初中文笔观后感,1.0,,,user,ai04,GENERATE_OR_REVISE_TEXT,生成或改写文本,生成与修改作文类文本,K12,U10,0,0.59855384,四渡赤水观后感300字左右,2041,1506,
教育,assistant_random1k,问，这道题有重复的吗？,1.0,,,user,ai04,CORRECT_OR_ADJUST_PREVIOUS_OUTPUT,修改上一轮输出,确认性问题解答,K12,U13,0,0.5368213,答题,8524,531,
教育,assistant_random1k,陈松饰演的王二小陪着小妹妹睡觉的作文,1.0,,,user,ai04,MEDIA_CONTENT_SEARCH_OR_ACCESS,按线索查找或获取影音书资源,生成与修改作文类文本,K12,U09,0,0.5015797,朋友的妈妈朋友不在家的日子的日记怎么写作文演员,5571,718,
教育,assistant_random1k,隐者茅屋棋对弈的意思,1.0,,,user,ai04,EXPLAIN_OR_IDENTIFY,解释含义或识别指称,传统文化与收藏信息查询及古风内容生成,K12,U04,0,0.48077306,斗方名士意思,3406,1009,
教育,assistant_random1k,隔离的隔右半部分什么字？,1.0,,,user,ai04,EXPLAIN_OR_IDENTIFY,解释含义或识别指称,文本字数查询与控制,K12,U03,0,0.43493244,贝字旁的有什么字,5605,716,
教育,assistant_random1k,静宁文萃中学占地面积,1.0,,,user,ai04,GENERAL_HOWTO_GUIDE,通用操作与生活指南,查询学校和教育信息,K12,U03,0,0.5371689,宁波中考总分,8883,516,
教育,assistant_random1k,非津籍孩子转学天津初中需要哪些额外条件,1.0,,,user,ai04,GENERAL_HOWTO_GUIDE,通用操作与生活指南,查询学校和教育信息,K12,U06,0,0.5584155,天津中考什么时候出成绩,2957,1120,
教育,assistant_random1k,颜色良深，我的相思成疾，勿问天涯月落人相思长河，今生一个真是真的伴我,1.0,,,user,ai04,MEDIA_CONTENT_SEARCH_OR_ACCESS,按线索查找或获取影音书资源,歌词歌曲及音乐信息查询,K12,U13,0,0.6513725,相思古诗,8357,538,
教育,assistant_random1k,首师大附中附属小学中哪所最好,1.0,,,user,ai04,LIST_AND_RECOMMENDATION_REQUEST,枚举清单或建议推荐,查询学校和教育信息,K12,U07,0,0.5595922,首都师范大学,462,5211,U02
教育,assistant_random1k,香气弥漫，是成语吗？,1.0,,,user,ai04,EXPLAIN_OR_IDENTIFY,解释含义或识别指称,确认性问题解答,K12,U05,0,0.58204347,香,8072,552,
教育,assistant_random1k,马儿是,1.0,,,user,ai04,NON_INTENT_FRAGMENT_UNDERSPECIFIED_INPUT,残缺或不可独立解释输入,短词查询,K12,U13,0,0.7162802,马说,3008,1104,U02
教育,assistant_random1k,马后面的字符不对,1.0,,,user,ai04,EXPLAIN_OR_IDENTIFY,解释含义或识别指称,文本字数查询与控制,K12,U11,0,0.6973798,马的笔顺,4747,801,
教育,assistant_random1k,马鞍山市实验中学的初中升学率如何,1.0,,,user,ai04,NUMERIC_FACT_AND_POLICY_LOOKUP,数值事实与年度政策查询,查询学校和教育信息,K12,U03,0,0.5784572,2026中考多少分能上高中,6462,647,
教育,assistant_random1k,骨干示范班和普通班的升学率对比,1.0,,,user,ai04,NUMERIC_FACT_AND_POLICY_LOOKUP,数值事实与年度政策查询,查询学校和教育信息,K12,U03,0,0.5663136,职教高考和普通高考的区别,4271,862,
教育,assistant_random1k,高中录取是否只看排名,1.0,,,user,ai04,FACT_VERIFICATION_AND_RUMOR_OR_STATUS_CHECK,核验真伪、传闻与进展,查询学校和教育信息,K12,U05,0,0.6536086,高考录取,1872,1619,
教育,assistant_random1k,高节清风打一生肖,1.0,,,user,ai04,FORTUNE_DREAM_DIVINATION,命理解梦与占卜,命理测算与运势查询,K12,U09,0,0.73638266,清泉饮露伴松风打一生肖,7328,592,U09
教育,assistant_random1k,鬼最怕叫的生肖是什么,1.0,,,user,ai04,GENERAL_HOWTO_GUIDE,通用操作与生活指南,命理测算与运势查询,K12,U09,0,0.5646078,早出晚归的生肖是什么生肖,17,19392,U03
教育,assistant_random1k,鹦鹉螺号在南极海域遭遇冰盖封冻时，尼摩船长采取的关键破冰措施是（ ）,1.0,,,user,ai04,FACT_VERIFICATION_AND_RUMOR_OR_STATUS_CHECK,核验真伪、传闻与进展,生成游戏动漫同人创作并查询虚构设定,K12,U09,0,0.33808354,章鱼是特马打一动物,5594,716,
教育,assistant_random1k,龙海家园初中生分班情况,1.0,,,user,ai04,ENTITY_BACKGROUND_LOOKUP,核查人物或机构背景,查询学校和教育信息,K12,U05,0,0.51882434,连云港中考成绩,1827,1646,
教育,assistant_random1k,（三）坐标三：看你要长成什么「形状」能不能成雪花型人才（企业人才角度）横向通用能力（用AI、调资源、跟人协作）+ 纵向一两门深耕。结合你写的答案，按以下格式，丢给AI•「_______专业能给我多深的一技之长？容不容易被替代？」•「学它的同时，可以搭配哪些技能/辅修/证书，形成跨界优势？」•「假如10年后这个岗位消失，这个专业留给我的能力还能迁移到哪些方向？」记录结果：我的「一横」（通用）+「一竖」（深耕）,1.0,,,user,ai04,GENERATE_OR_REVISE_TEXT,生成或改写文本,招聘岗位及要求查询,K12,U13,0,0.66701037,人工智能专业就业方向及前景,1578,1869,U04
教育,assistant_random1k,画一个泳衣动漫少女穿着粉色透明外衣,4.0,,,user,ai04,ADULT_OR_VIOLENT_CONTENT_REQUEST,索取或生成成人、色情或暴力内容,性感内衣丝袜查询与生成,兴趣培训,U10,0,0.46234497,画,3649,962,
教育,assistant_random1k,"黑白子,滴溜圆,一招先,升九段",3.0,,,user,ai04,GENERATE_OR_REVISE_TEXT,生成或改写文本,玄幻同人设定创作与剧情讨论查询,兴趣培训,U13,0,0.5698449,八段锦,1572,1876,
教育,assistant_random1k,商场该怎么画,2.0,,,user,ai04,GENERAL_HOWTO_GUIDE,通用操作与生活指南,按描述生成图片与Logo设计,兴趣培训,U06,0,0.509062,画,3649,962,
教育,assistant_random1k,奥特曼舞台剧特效怎么做,2.0,,,user,ai04,GENERAL_HOWTO_GUIDE,通用操作与生活指南,图片视频修改生成,兴趣培训,U06,0,0.34487715,efficient,9022,512,
教育,assistant_random1k,一米深哎，你把飘动和钩的距离一推推到一米丢下去，你掉的就是一米深，不用修不用捡哎，钓浮钓中间水边上三颗洞是不是很方便，下一单给你发三套，下三单发九套啊，三米六的，你就选三米六发三套，四米五的选四米五发三套，六米三的选六,1.0,,,user,ai04,GENERAL_HOWTO_GUIDE,通用操作与生活指南,解答游戏玩法、配置与设计问题,兴趣培训,U13,0,0.49508792,大于号小于号怎么区分,1869,1621,
教育,assistant_random1k,下一步怎么画？,1.0,,,user,ai04,CORRECT_OR_ADJUST_PREVIOUS_OUTPUT,修改上一轮输出,按描述生成图片与Logo设计,兴趣培训,U11,0,0.5643266,画的笔顺,9138,507,
教育,assistant_random1k,不拉丁舞,1.0,,,user,ai04,MEDIA_CONTENT_SEARCH_OR_ACCESS,按线索查找或获取影音书资源,查询双腿张开姿势,兴趣培训,U13,0,0.59887004,舞,7098,606,
教育,assistant_random1k,二次元的男生怎么画帅气,1.0,,,user,ai04,GENERAL_HOWTO_GUIDE,通用操作与生活指南,按描述生成图片与Logo设计,兴趣培训,U06,0,0.45643988,简笔画 卡通人物 可爱,4513,833,
教育,assistant_random1k,你都没把变声器给我，我怎么变声呀？,1.0,,,user,ai04,NON_INTENT_SOCIAL_OR_EMOTIONAL_TURN,无内容社交与情绪表达轮,识别并处理零散口语与叙事片段,兴趣培训,U11,0,0.4819145,怎么,3336,1024,
教育,assistant_random1k,再把兔子的线稿抠出来。,1.0,,,user,ai04,TOOL_PANEL_SINGLE_STEP_COMMAND,工具面板单步操作指令,识别并处理零散口语与叙事片段,兴趣培训,U10,0,0.53012574,兔的笔顺,5982,683,
教育,assistant_random1k,可以用素描纸吗,1.0,,,user,ai04,GENERATE_OR_EDIT_SAFE_IMAGE,生成或编辑非敏感图像,按描述生成图片与Logo设计,兴趣培训,U13,0,0.547191,素绢是什么意思,2934,1124,
教育,assistant_random1k,"在民族舞蹈中男女二人蹲下时,女人推男人一把男人假装倒下的动作怎么样做",1.0,,,user,ai04,ADULT_OR_VIOLENT_CONTENT_REQUEST,索取或生成成人、色情或暴力内容,查询双腿张开姿势,兴趣培训,U06,0,0.5313521,手势舞,8938,515,U02
教育,assistant_random1k,大灰狼吓人简笔画,1.0,,,user,ai04,MEDIA_CONTENT_SEARCH_OR_ACCESS,按线索查找或获取影音书资源,按描述生成图片与Logo设计,兴趣培训,U09,0,0.60901904,简笔画,1191,2447,
教育,assistant_random1k,学中国舞和拉丁舞哪个对升学更有帮助,1.0,,,user,ai04,FACT_VERIFICATION_AND_RUMOR_OR_STATUS_CHECK,核验真伪、传闻与进展,查询学校和教育信息,兴趣培训,U07,0,0.5076877,2026中考多少分能上高中,6462,647,
教育,assistant_random1k,帮我画 我们走在大路上简笔画,1.0,,,user,ai04,GENERATE_OR_EDIT_SAFE_IMAGE,生成或编辑非敏感图像,按描述生成图片与Logo设计,兴趣培训,U10,0,0.66722244,简笔画,1191,2447,
教育,assistant_random1k,帮我画 无毛的鸡怎么画,1.0,,,user,ai04,GENERATE_OR_EDIT_SAFE_IMAGE,生成或编辑非敏感图像,按描述生成图片与Logo设计,兴趣培训,U10,0,0.6705154,画鸡,5355,739,
教育,assistant_random1k,"帮我画 未来世界,简单绘画",1.0,,,user,ai04,GENERATE_OR_EDIT_SAFE_IMAGE,生成或编辑非敏感图像,按描述生成图片与Logo设计,兴趣培训,U10,0,0.6113294,简笔画,1191,2447,
教育,assistant_random1k,帮我画 李唐的画大致画画出来简笔画,1.0,,,user,ai04,GENERATE_OR_EDIT_SAFE_IMAGE,生成或编辑非敏感图像,按描述生成图片与Logo设计,兴趣培训,U10,0,0.6808453,简笔画,1191,2447,
教育,assistant_random1k,帮我画 篝火怎么画,1.0,,,user,ai04,GENERATE_OR_EDIT_SAFE_IMAGE,生成或编辑非敏感图像,按描述生成图片与Logo设计,兴趣培训,U10,0,0.46719,火的笔顺,1475,1989,
教育,assistant_random1k,帮我画+安庆博物馆怎么画,1.0,,,user,ai04,GENERATE_OR_EDIT_SAFE_IMAGE,生成或编辑非敏感图像,按描述生成图片与Logo设计,兴趣培训,U10,0,0.5105847,画画图片,7517,581,
教育,assistant_random1k,怎么用它做直升机？,1.0,,,user,ai04,GENERAL_HOWTO_GUIDE,通用操作与生活指南,操作与制作方法查询,兴趣培训,U13,0,0.4092438,昇,3257,1043,
教育,assistant_random1k,我要做一个金箍棒,1.0,,,user,ai04,NON_INTENT_FRAGMENT_UNDERSPECIFIED_INPUT,残缺或不可独立解释输入,归集含“我”字杂项查询,兴趣培训,U06,1,0.5139414,做,3496,988,
教育,assistant_random1k,拿着西瓜的简笔画,1.0,,,user,ai04,GENERATE_OR_REVISE_TEXT,生成或改写文本,按描述生成图片与Logo设计,兴趣培训,U09,0,0.643152,瓜的笔顺,4809,794,
教育,assistant_random1k,换个学习钩针内容,1.0,,,user,ai04,CORRECT_OR_ADJUST_PREVIOUS_OUTPUT,修改上一轮输出,整理生成表格与总结,兴趣培训,U11,0,0.58426374,学的笔顺,3686,956,
教育,assistant_random1k,有没有隶书“挺”字的笔顺视频演示,1.0,,,user,ai04,MEDIA_CONTENT_SEARCH_OR_ACCESS,按线索查找或获取影音书资源,文本字数查询与控制,兴趣培训,U09,0,0.63111764,有的笔顺,9484,495,
教育,assistant_random1k,某金属矿的工艺品怎么做？,1.0,,,user,ai04,GENERAL_HOWTO_GUIDE,通用操作与生活指南,按描述生成图片与Logo设计,兴趣培训,U06,0,0.4362042,小手工,8383,537,
教育,assistant_random1k,海钓用什么钩最不容易跑鱼,1.0,,,user,ai04,LIST_AND_RECOMMENDATION_REQUEST,枚举清单或建议推荐,解答专业技术与安全问题,兴趣培训,U06,0,0.48185515,海的笔顺,1738,1711,
教育,assistant_random1k,火柴人皇帝怎么画？,1.0,,,user,ai04,GENERAL_HOWTO_GUIDE,通用操作与生活指南,按描述生成图片与Logo设计,兴趣培训,U06,0,0.38072464,火的笔顺,1475,1989,
教育,assistant_random1k,玄凤鹦鹉怎么画漂亮又简单,1.0,,,user,ai04,GENERAL_HOWTO_GUIDE,通用操作与生活指南,按描述生成图片与Logo设计,兴趣培训,U06,0,0.52481,简笔画,1191,2447,
教育,assistant_random1k,画一个太阳花,1.0,,,user,ai04,GENERATE_OR_EDIT_SAFE_IMAGE,生成或编辑非敏感图像,按描述生成图片与Logo设计,兴趣培训,U10,0,0.5531975,画画,2103,1466,
教育,assistant_random1k,画一盘炒藕丝,1.0,,,user,ai04,GENERATE_OR_EDIT_SAFE_IMAGE,生成或编辑非敏感图像,按描述生成图片与Logo设计,兴趣培训,U10,0,0.5391128,画,3649,962,
教育,assistant_random1k,空竹正摆尾,1.0,,,user,ai04,EXPLAIN_OR_IDENTIFY,解释含义或识别指称,杂项查询意图识别,兴趣培训,U02,0,0.5425191,竹的笔顺,9778,484,
教育,assistant_random1k,第24节太极拳的图片放大一点有吗？,1.0,,,user,ai04,FACT_VERIFICATION_AND_RUMOR_OR_STATUS_CHECK,核验真伪、传闻与进展,查找或生成图片,兴趣培训,U09,0,0.4653126,有,2729,1191,
教育,assistant_random1k,能分享一些手工卷曲纸条的简单教程吗,1.0,,,user,ai04,GENERAL_HOWTO_GUIDE,通用操作与生活指南,按描述生成图片与Logo设计,兴趣培训,U06,0,0.6030943,折纸手工,6944,616,
教育,assistant_random1k,能提供第6脚踩踏的详细动作数据吗,1.0,,,user,ai04,NUMERIC_FACT_AND_POLICY_LOOKUP,数值事实与年度政策查询,体育比赛胜负与比分分析查询,兴趣培训,U09,0,0.52664125,6,2244,1392,
教育,assistant_random1k,虎刀怎么做？,1.0,,,user,ai04,GENERAL_HOWTO_GUIDE,通用操作与生活指南,操作与制作方法查询,兴趣培训,U06,0,0.5325245,虎的笔顺,6479,645,
教育,assistant_random1k,裤子替换成五分雾霾蓝瑜伽裤,1.0,,,user,ai04,GENERAL_HOWTO_GUIDE,通用操作与生活指南,图片/视频人物衣物移除与内衣替换,兴趣培训,U10,0,0.48462096,瑜伽,3899,920,
教育,assistant_random1k,这个小孩手工怎么怎么做啊？有视频没？,1.0,,,user,ai04,GENERAL_HOWTO_GUIDE,通用操作与生活指南,操作与制作方法查询,兴趣培训,U06,0,0.5354787,手工,2697,1204,
教育,assistant_random1k,这些空白的地方可以画点什么？,1.0,,,user,ai04,EXPLAIN_OR_IDENTIFY,解释含义或识别指称,按描述生成图片与Logo设计,兴趣培训,U13,0,0.5339674,空,8948,514,
教育,assistant_random1k,马桶人5.0简笔画,1.0,,,user,ai04,ADULT_OR_VIOLENT_CONTENT_REQUEST,索取或生成成人、色情或暴力内容,按描述生成图片与Logo设计,兴趣培训,U09,0,0.61194247,简笔画,1191,2447,
教育,assistant_random1k,高难度空中芭蕾教学,1.0,,,user,ai04,MEDIA_CONTENT_SEARCH_OR_ACCESS,按线索查找或获取影音书资源,查询双腿张开姿势,兴趣培训,U09,0,0.6615571,空中课堂,2545,1261,
教育,assistant_random1k,青岛城市学院,11.0,,,user,ai04,NON_INTENT_FRAGMENT_UNDERSPECIFIED_INPUT,残缺或不可独立解释输入,查询学校和教育信息,学历教育,U02,0,0.9999998,青岛城市学院,1036,2856,
教育,assistant_random1k,上海大学哪个专业最受欢迎,5.0,,,user,ai04,LIST_AND_RECOMMENDATION_REQUEST,枚举清单或建议推荐,查询学校和教育信息,学历教育,U08,0,0.7364067,上海大学排名,8195,545,U03
教育,assistant_random1k,北二,2.0,,,user,ai04,NON_INTENT_FRAGMENT_UNDERSPECIFIED_INPUT,残缺或不可独立解释输入,查询地名及地理信息,学历教育,U13,0,0.728955,北,4158,880,U13
教育,assistant_random1k,安徽财经大学经济统计学专业考研难度如何,2.0,,,user,ai04,EXPLAIN_OR_IDENTIFY,解释含义或识别指称,查询学校和教育信息,学历教育,U04,0,0.6290628,应用统计学考研院校推荐,9843,482,
教育,assistant_random1k,支教保研,2.0,,,user,ai04,GENERAL_HOWTO_GUIDE,通用操作与生活指南,查询学校和教育信息,学历教育,U04,0,0.54943144,保山学院,2424,1308,
教育,assistant_random1k,2026年华中科技大学临床医学专业什么时候放寒假,1.0,,,user,ai04,NUMERIC_FACT_AND_POLICY_LOOKUP,数值事实与年度政策查询,2026年相关信息查询,学历教育,U03,0,0.6068511,中考时间2026年几月几日考,2785,1177,
教育,assistant_random1k,2026年复旦大学的博士招满吗？,1.0,,,user,ai04,NUMERIC_FACT_AND_POLICY_LOOKUP,数值事实与年度政策查询,2026年相关信息查询,学历教育,U05,0,0.5553101,上海财经大学研究生招生简章2026,9567,492,
教育,assistant_random1k,2026年山东省高考人数,1.0,,,user,ai04,NUMERIC_FACT_AND_POLICY_LOOKUP,数值事实与年度政策查询,2026年相关信息查询,学历教育,U03,0,0.7865555,2026年高考分数线,1224,2400,U03
教育,assistant_random1k,专属结算账户是哪个,1.0,,,user,ai04,EXPLAIN_OR_IDENTIFY,解释含义或识别指称,解答银行账户与银行卡扣费余额等问题,学历教育,U03,0,0.5245469,户组词,7929,559,
教育,assistant_random1k,专生本人工智能毕业后好就业吗？,1.0,,,user,ai04,EXPLAIN_OR_IDENTIFY,解释含义或识别指称,招聘岗位及要求查询,学历教育,U07,0,0.7406925,人工智能专业就业方向及前景,1578,1869,U04
教育,assistant_random1k,专科师范类有前途吗,1.0,,,user,ai04,FINANCIAL_AND_VENTURE_ADVICE,投资理财与创业加盟建议,查询学校和教育信息,学历教育,U07,0,0.6524793,专科学什么专业好就业前景好,7620,576,
教育,assistant_random1k,专科期间考过六级对专升本有帮助吗,1.0,,,user,ai04,EXPLAIN_OR_IDENTIFY,解释含义或识别指称,查询学校和教育信息,学历教育,U07,1,0.68729216,专升本,5083,766,
教育,assistant_random1k,中南财经政法大学经济法专业就业前景如何,1.0,,,user,ai04,FINANCIAL_AND_VENTURE_ADVICE,投资理财与创业加盟建议,招聘岗位及要求查询,学历教育,U04,0,0.75792795,中南财经政法大学简介,1415,2074,U04
教育,assistant_random1k,中国排名前十的大学中哪所最强,1.0,,,user,ai04,LIST_AND_RECOMMENDATION_REQUEST,枚举清单或建议推荐,查询学校和教育信息,学历教育,U08,0,0.82011914,中国大学排行榜,2744,1188,U08
教育,assistant_random1k,他俩就可以补全虾虾的，全部要生存的元素,1.0,,,user,ai04,FACT_VERIFICATION_AND_RUMOR_OR_STATUS_CHECK,核验真伪、传闻与进展,解答食物、植物与养殖常识疑问,学历教育,U13,0,0.5205738,二两黄金余斗粮打一生肖,9166,506,
教育,assistant_random1k,以上提到的自由能是哪种自由能？,1.0,,,user,ai04,EXPLAIN_OR_IDENTIFY,解释含义或识别指称,生成游戏动漫同人创作并查询虚构设定,学历教育,U13,0,0.5259535,free是什么意思,3638,963,
教育,assistant_random1k,以江西为例，再详细一点，明确考前应准备哪些知识,1.0,,,user,ai04,GENERAL_HOWTO_GUIDE,通用操作与生活指南,整理生成表格与总结,学历教育,U11,0,0.6469866,考公如何看自己专业能报哪些岗位,8803,520,
教育,assistant_random1k,体育专业考研，学硕和专硕的区别,1.0,,,user,ai04,LIST_AND_RECOMMENDATION_REQUEST,枚举清单或建议推荐,查询学校和教育信息,学历教育,U04,0,0.79376066,学硕和专硕的区别,3741,946,U04
教育,assistant_random1k,你回答的还是社会形态，社会性质不是私有制和公有制吗,1.0,,,user,ai04,EXPLAIN_OR_IDENTIFY,解释含义或识别指称,查询军事历史与国际政治话题,学历教育,U11,0,0.53787386,学历类别有几种,3360,1020,
教育,assistant_random1k,你确定两年教材并不会有大改，而且细微的改变也不会影响使用，对不对？,1.0,,,user,ai04,CORRECT_OR_ADJUST_PREVIOUS_OUTPUT,修改上一轮输出,整理生成表格与总结,学历教育,U11,0,0.55455416,两年半,4704,807,
教育,assistant_random1k,保研需要哪些加分项,1.0,,,user,ai04,LIST_AND_RECOMMENDATION_REQUEST,枚举清单或建议推荐,查询学校和教育信息,学历教育,U08,0,0.7904667,保研资格需要什么条件,6595,638,U04
教育,assistant_random1k,入门级 刚开学推荐,1.0,,,user,ai04,LIST_AND_RECOMMENDATION_REQUEST,枚举清单或建议推荐,查询学校和教育信息,学历教育,U08,0,0.52376586,双一流大学全部名单一览,3957,912,
教育,assistant_random1k,制药工程专业的学习内容有哪些,1.0,,,user,ai04,LIST_AND_RECOMMENDATION_REQUEST,枚举清单或建议推荐,查询学校和教育信息,学历教育,U04,0,0.7874499,制药工程专业就业方向,2611,1238,U04
教育,assistant_random1k,前前两年，这几年，这些专升本建档立卡户的学生到底比普通学生能低专升本能低多少分呢？,1.0,,,user,ai04,NUMERIC_FACT_AND_POLICY_LOOKUP,数值事实与年度政策查询,查询学校和教育信息,学历教育,U03,0,0.59019303,专升本,5083,766,
教育,assistant_random1k,北京林业大学市场营销专业有哪些优势,1.0,,,user,ai04,LIST_AND_RECOMMENDATION_REQUEST,枚举清单或建议推荐,查询适合特定条件的小本创业项目,学历教育,U04,0,0.71347153,市场营销专业就业方向,9490,495,U08
教育,assistant_random1k,北京电子科技学院在天津录取线,1.0,,,user,ai04,NUMERIC_FACT_AND_POLICY_LOOKUP,数值事实与年度政策查询,查询学校和教育信息,学历教育,U03,0,0.80650467,天津大学录取分数线,2141,1442,U03
教育,assistant_random1k,南宁学院电气专升本在东莞就业情况如何,1.0,,,user,ai04,GENERAL_HOWTO_GUIDE,通用操作与生活指南,招聘岗位及要求查询,学历教育,U04,0,0.64834386,电气工程及其自动化就业方向及前景,6970,614,
教育,assistant_random1k,南航工商管理专业在陕西的校友资源如何,1.0,,,user,ai04,LIST_AND_RECOMMENDATION_REQUEST,枚举清单或建议推荐,查询学校和教育信息,学历教育,U04,0,0.6120457,西安工商学院,2651,1220,
教育,assistant_random1k,吴健雄班的录取分数是多少,1.0,,,user,ai04,ENTITY_BACKGROUND_LOOKUP,核查人物或机构背景,查询学校和教育信息,学历教育,U03,0,0.56549764,211录取分数线,3654,961,
教育,assistant_random1k,哈工大空天力学硕士就业,1.0,,,user,ai04,ENTITY_BACKGROUND_LOOKUP,核查人物或机构背景,招聘岗位及要求查询,学历教育,U04,0,0.6733911,能源与动力工程就业方向与前景,1702,1741,
教育,assistant_random1k,四川师范有哪些大学,1.0,,,user,ai04,LIST_AND_RECOMMENDATION_REQUEST,枚举清单或建议推荐,查询学校和教育信息,学历教育,U08,0,0.8434671,四川有哪些大学,8178,546,U08
教育,assistant_random1k,国防大学招普通高校毕业生吗,1.0,,,user,ai04,FACT_VERIFICATION_AND_RUMOR_OR_STATUS_CHECK,核验真伪、传闻与进展,招聘岗位及要求查询,学历教育,U05,0,0.6985433,国防大学,4778,797,
教育,assistant_random1k,坚持实事求是，最基础的工作在于（）。A学习书本知识B了解实际，掌握实情C沿用过去的习惯和方法D抛开理论，只关注现实问题,1.0,,,user,ai04,GENERAL_HOWTO_GUIDE,通用操作与生活指南,整理生成表格与总结,学历教育,U09,0,0.54089874,考研要求和条件,7024,611,
教育,assistant_random1k,复旦大学的中医专业大概多少分,1.0,,,user,ai04,NUMERIC_FACT_AND_POLICY_LOOKUP,数值事实与年度政策查询,查询学校和教育信息,学历教育,U03,0,0.7129774,复旦大学录取分数线,2660,1218,U03
教育,assistant_random1k,大一护理专业见习证明模板,1.0,,,user,ai04,LIST_AND_RECOMMENDATION_REQUEST,枚举清单或建议推荐,政务办事流程与法律政策查询,学历教育,U09,0,0.5597597,教育部学历证书电子注册备案表,9059,510,
教育,assistant_random1k,大学报到都需要复印哪些,1.0,,,user,ai04,LIST_AND_RECOMMENDATION_REQUEST,枚举清单或建议推荐,政务办事流程与法律政策查询,学历教育,U08,0,0.5184181,全国高校毕业生毕业去向登记系统,1121,2618,
教育,assistant_random1k,天津农学院在湖北的录取情况如何,1.0,,,user,ai04,GENERAL_HOWTO_GUIDE,通用操作与生活指南,查询学校和教育信息,学历教育,U03,0,0.6644228,天津农学院,748,3804,U02
教育,assistant_random1k,太原理工大学安全工程怎么样,1.0,,,user,ai04,GENERAL_HOWTO_GUIDE,通用操作与生活指南,查询学校和教育信息,学历教育,U07,0,0.69671506,安全工程专业学什么,2844,1156,
教育,assistant_random1k,如何线上联系到安阳师范学院、中国移动的工作人员？,1.0,,,user,ai04,GENERAL_HOWTO_GUIDE,通用操作与生活指南,查询联系电话,学历教育,U06,0,0.61949545,安阳师范学院官网,9680,488,
教育,assistant_random1k,如果我是嗯成人本科，但是没有学士学位，然后我读一个别的，比如说很容易获得学士学位的嗯本科，那我是不是有学士学位，还有本科毕业证，但是不是大学生,1.0,,,user,ai04,NON_INTENT_SOCIAL_OR_EMOTIONAL_TURN,无内容社交与情绪表达轮,查询学校和教育信息,学历教育,U07,1,0.5947696,学士学位是什么学历,2750,1186,
教育,assistant_random1k,如视力，重量不达标，有适合专业选吗,1.0,,,user,ai04,MEDICAL_CONSULTATION_AND_DOSAGE,医疗咨询与用药剂量,近视手术价格与风险查询,学历教育,U07,1,0.5959876,中央司法警官学院对视力有要求吗,8306,540,
教育,assistant_random1k,威海职业学院非团员如何入党,1.0,,,user,ai04,GENERAL_HOWTO_GUIDE,通用操作与生活指南,查询学校和教育信息,学历教育,U06,0,0.56746787,威海职业学院,1627,1820,
教育,assistant_random1k,安徽农业大学冷门专业,1.0,,,user,ai04,LIST_AND_RECOMMENDATION_REQUEST,枚举清单或建议推荐,查询学校和教育信息,学历教育,U08,0,0.70623374,安徽农业大学,399,5722,U02
教育,assistant_random1k,实践之所以是检验认识真理性的唯一标准，是因为实践具有？ A 普遍性 B 直接现实性 C 社会历史性 D 能动创造性,1.0,,,user,ai04,EXPLAIN_OR_IDENTIFY,解释含义或识别指称,直接给出答案,学历教育,U09,0,0.4840713,践行是什么意思,7846,564,
教育,assistant_random1k,山大青岛法学院有哪些独立的研究中心,1.0,,,user,ai04,LIST_AND_RECOMMENDATION_REQUEST,枚举清单或建议推荐,查询学校和教育信息,学历教育,U08,0,0.6014359,山东大学排名,4025,902,
教育,assistant_random1k,山西财经大学财政学专业就业前景如何,1.0,,,user,ai04,FINANCIAL_AND_VENTURE_ADVICE,投资理财与创业加盟建议,薪资待遇查询,学历教育,U04,0,0.7560317,山西财经大学,387,5822,U02
教育,assistant_random1k,山财大数据专业进银行成功率如何,1.0,,,user,ai04,GENERAL_HOWTO_GUIDE,通用操作与生活指南,招聘岗位及要求查询,学历教育,U07,0,0.6038685,山东财经大学,261,7515,U02
教育,assistant_random1k,已经有了同等学力证明第二次报名高考就不需要再次通过考试认证同等学力证明了吧,1.0,,,user,ai04,FACT_VERIFICATION_AND_RUMOR_OR_STATUS_CHECK,核验真伪、传闻与进展,查询学校和教育信息,学历教育,U07,1,0.6215933,高考报名入口官网登录,3466,994,
教育,assistant_random1k,平时400多分，高考能上本科吗,1.0,,,user,ai04,GENERAL_HOWTO_GUIDE,通用操作与生活指南,查询学校和教育信息,学历教育,U07,1,0.6665511,3+4是100%上本科吗,7227,598,
教育,assistant_random1k,广东交通职业技术学院502专业组分数线是多少,1.0,,,user,ai04,NUMERIC_FACT_AND_POLICY_LOOKUP,数值事实与年度政策查询,查询学校和教育信息,学历教育,U03,0,0.6777735,广东工业大学录取分数线,8429,535,
教育,assistant_random1k,广东除华南师范大学可以报读韩山师范学院还可以进教师编吗,1.0,,,user,ai04,FACT_VERIFICATION_AND_RUMOR_OR_STATUS_CHECK,核验真伪、传闻与进展,查询学校和教育信息,学历教育,U07,0,0.6644001,韩山师范学院,670,4153,U02
教育,assistant_random1k,广东高考生物赋分60分原始分是多少,1.0,,,user,ai04,NUMERIC_FACT_AND_POLICY_LOOKUP,数值事实与年度政策查询,查询价格费用,学历教育,U03,0,0.63098407,广东高考分数线,3425,1005,
教育,assistant_random1k,广工在广东省内哪个专业就业最好,1.0,,,user,ai04,LIST_AND_RECOMMENDATION_REQUEST,枚举清单或建议推荐,招聘岗位及要求查询,学历教育,U08,0,0.69469947,广东工业大学,94,11781,U02
教育,assistant_random1k,延安电大招生办电话,1.0,,,user,ai04,ENTITY_BACKGROUND_LOOKUP,核查人物或机构背景,查询学校和教育信息,学历教育,U03,0,0.69724894,延安大学,987,2984,U02
教育,assistant_random1k,彭康书院和普通专业学费一样吗,1.0,,,user,ai04,FACT_VERIFICATION_AND_RUMOR_OR_STATUS_CHECK,核验真伪、传闻与进展,查询学校和教育信息,学历教育,U03,0,0.6239517,民办本科学费多少钱一年,8981,513,U03
教育,assistant_random1k,德州智能技术学院转专业政策,1.0,,,user,ai04,GENERAL_HOWTO_GUIDE,通用操作与生活指南,查询学校和教育信息,学历教育,U04,0,0.63866895,德州职业技术学院,4575,823,
教育,assistant_random1k,成人学位英语可以考几次,1.0,,,user,ai04,NUMERIC_FACT_AND_POLICY_LOOKUP,数值事实与年度政策查询,查询学校和教育信息,学历教育,U03,0,0.55237514,学历类别有几种,3360,1020,
教育,assistant_random1k,成图大赛省二在哪些985高校有加分,1.0,,,user,ai04,LIST_AND_RECOMMENDATION_REQUEST,枚举清单或建议推荐,查询学校和教育信息,学历教育,U08,0,0.63493246,985大学全部名单,1317,2237,
教育,assistant_random1k,成都理工大学在湖北的录取分数大概是多少,1.0,,,user,ai04,NUMERIC_FACT_AND_POLICY_LOOKUP,数值事实与年度政策查询,查询学校和教育信息,学历教育,U03,0,0.83441705,成都理工大学录取分数线,8059,553,U03
教育,assistant_random1k,成都理工大学工程技术学院数字媒体艺术学费多少？,1.0,,,user,ai04,PRICE_COST_INQUIRY,价格或费用查询,查询价格费用,学历教育,U03,0,0.6486616,成都理工大学工程技术学院,2002,1530,
教育,assistant_random1k,我不想要向客人就是推销我们这个东西怎么怎么样，我就是想安安静静的做我自己的工作，就是研发之类的，因为我比较内向，我不会太说话，然后就是像营销什么的，就是销冠,1.0,,,user,ai04,NON_INTENT_SOCIAL_OR_EMOTIONAL_TURN,无内容社交与情绪表达轮,分析情感关系中的对方心理与动机,学历教育,U13,1,0.5532133,市场营销专业就业方向,9490,495,U08
教育,assistant_random1k,新能源汽车技术专升本能考哪些院校,1.0,,,user,ai04,LIST_AND_RECOMMENDATION_REQUEST,枚举清单或建议推荐,查询学校和教育信息,学历教育,U08,0,0.67559403,新能源汽车技术要学什么,5832,697,
教育,assistant_random1k,李静老师带的班级历年高考平均分多少,1.0,,,user,ai04,NUMERIC_FACT_AND_POLICY_LOOKUP,数值事实与年度政策查询,查询学校和教育信息,学历教育,U03,0,0.6235248,高考分数,3542,980,
教育,assistant_random1k,根据《陕西师范大学本科生学籍管理实施细则》，我校本科标准学制四年，最长修业年限一般不超过几年,1.0,,,user,ai04,NUMERIC_FACT_AND_POLICY_LOOKUP,数值事实与年度政策查询,查询学校和教育信息,学历教育,U03,0,0.6891704,研究生学制几年,2357,1339,
教育,assistant_random1k,欧亚学院毕业好找工作吗,1.0,,,user,ai04,ENTITY_BACKGROUND_LOOKUP,核查人物或机构背景,招聘岗位及要求查询,学历教育,U07,0,0.6696772,西安欧亚学院,2911,1132,
教育,assistant_random1k,江苏师范大学的物理学院宿舍会不会重新装修？,1.0,,,user,ai04,GENERAL_HOWTO_GUIDE,通用操作与生活指南,家庭装修方案与报价查询,学历教育,U05,0,0.5601183,江苏师范大学,333,6587,U02
教育,assistant_random1k,沈阳工大2026年录取分数线速查,1.0,,,user,ai04,NUMERIC_FACT_AND_POLICY_LOOKUP,数值事实与年度政策查询,2026年相关信息查询,学历教育,U03,0,0.82195616,哈工大2026录取分数线,3921,918,U03
教育,assistant_random1k,河北青年管理干部学院正定校区何时启用,1.0,,,user,ai04,FACT_VERIFICATION_AND_RUMOR_OR_STATUS_CHECK,核验真伪、传闻与进展,查询学校和教育信息,学历教育,U03,0,0.59317553,华北电力大学保定校区,7728,570,
教育,assistant_random1k,河南退役军人成考有哪些学校可以选择,1.0,,,user,ai04,LIST_AND_RECOMMENDATION_REQUEST,枚举清单或建议推荐,查询学校和教育信息,学历教育,U08,0,0.675409,河南民办本科院校排名,6656,633,
教育,assistant_random1k,沿流速方向的压強随流速增加是大还是小你给一个肯定回答。,1.0,,,user,ai04,NON_INTENT_SOCIAL_OR_EMOTIONAL_TURN,无内容社交与情绪表达轮,解答专业技术与安全问题,学历教育,U03,0,0.51384306,强,8213,544,
教育,assistant_random1k,湖南师范大学应用心理学专硕的奖学金有哪些,1.0,,,user,ai04,LIST_AND_RECOMMENDATION_REQUEST,枚举清单或建议推荐,查询学校和教育信息,学历教育,U08,0,0.6079615,湖南师范大学,217,8409,U02
教育,assistant_random1k,湖南的分数线,1.0,,,user,ai04,NUMERIC_FACT_AND_POLICY_LOOKUP,数值事实与年度政策查询,查询学校和教育信息,学历教育,U03,0,0.93270934,湖南高考分数线,3227,1048,U03
教育,assistant_random1k,现代学徒制和普通全日制哪个更有前景,1.0,,,user,ai04,LIST_AND_RECOMMENDATION_REQUEST,枚举清单或建议推荐,查询学校和教育信息,学历教育,U07,0,0.679721,全日制和非全日制的区别,3100,1078,
教育,assistant_random1k,理学控制欲望是缄默吗,1.0,,,user,ai04,EXPLAIN_OR_IDENTIFY,解释含义或识别指称,分析情感关系中的对方心理与动机,学历教育,U04,0,0.45290568,欲望,6860,621,
教育,assistant_random1k,研一什么时候发，是刚开学吗,1.0,,,user,ai04,GENERAL_HOWTO_GUIDE,通用操作与生活指南,查询杂项信息,学历教育,U13,0,0.5774514,考研什么时候开始报名和考试,9292,502,
教育,assistant_random1k,福建警察学院是一流学校吗？,1.0,,,user,ai04,EXPLAIN_OR_IDENTIFY,解释含义或识别指称,查询学校和教育信息,学历教育,U05,0,0.7494416,福建警察学院,4050,899,U02
教育,assistant_random1k,秋季报名注意事项,1.0,,,user,ai04,GENERAL_HOWTO_GUIDE,通用操作与生活指南,查询学校和教育信息,学历教育,U04,0,0.6377902,高考报名,9330,501,
教育,assistant_random1k,统计学专业适合文科生吗,1.0,,,user,ai04,EXPLAIN_OR_IDENTIFY,解释含义或识别指称,查询学校和教育信息,学历教育,U07,0,0.7077528,统计学的就业方向及前景,2095,1472,U04
教育,assistant_random1k,考研2026年340分，能报什么学校2027材料科学与工程985,1.0,,,user,ai04,LIST_AND_RECOMMENDATION_REQUEST,枚举清单或建议推荐,2026年相关信息查询,学历教育,U07,1,0.67111725,研究生报考条件与要求2026,6901,618,
教育,assistant_random1k,胶州周边还有哪些公办单招院校,1.0,,,user,ai04,LIST_AND_RECOMMENDATION_REQUEST,枚举清单或建议推荐,查询学校和教育信息,学历教育,U08,0,0.62324667,山东省招生院校官网,3217,1051,
教育,assistant_random1k,菏泽理工大学在菏泽学院哪边？,1.0,,,user,ai04,GENERAL_HOWTO_GUIDE,通用操作与生活指南,查询地区规划、拆迁与建设项目信息,学历教育,U03,0,0.6924229,菏泽学院,614,4435,U02
教育,assistant_random1k,行政管理至少要考多少科目,1.0,,,user,ai04,NUMERIC_FACT_AND_POLICY_LOOKUP,数值事实与年度政策查询,查询学校和教育信息,学历教育,U03,0,0.6667484,行政管理专业是干嘛的,4787,796,
教育,assistant_random1k,规培也需要考试吗,1.0,,,user,ai04,EXPLAIN_OR_IDENTIFY,解释含义或识别指称,查询学校和教育信息,学历教育,U06,0,0.5146574,医学考试网官网,9389,498,
教育,assistant_random1k,读高中去打工还可以复读吗,1.0,,,user,ai04,GENERAL_HOWTO_GUIDE,通用操作与生活指南,查询学校和教育信息,学历教育,U07,1,0.6056926,初中毕业考不上高中如何选择学校,8427,535,
教育,assistant_random1k,退学后多久可以参加高考,1.0,,,user,ai04,GENERAL_HOWTO_GUIDE,通用操作与生活指南,查询学校和教育信息,学历教育,U03,0,0.6365988,高考录取时间,5455,729,
教育,assistant_random1k,那其他民办呢,1.0,,,user,ai04,CORRECT_OR_ADJUST_PREVIOUS_OUTPUT,修改上一轮输出,查询学校和教育信息,学历教育,U13,0,0.6752271,民办本科,7855,563,
教育,assistant_random1k,那周文娟和王艳老师对比，他们哪一个提分能力更强了？,1.0,,,user,ai04,FACT_VERIFICATION_AND_RUMOR_OR_STATUS_CHECK,核验真伪、传闻与进展,体育比赛胜负与比分分析查询,学历教育,U07,0,0.45997873,周,4152,881,
教育,assistant_random1k,那按现实搜全网资料角度到底有没有军事化特征而人家性格本来就容易崩溃的,1.0,,,user,ai04,FACT_VERIFICATION_AND_RUMOR_OR_STATUS_CHECK,核验真伪、传闻与进展,生成同人小说与虚构设定内容,学历教育,U13,0,0.5174619,军事人才网官网,1398,2093,
教育,assistant_random1k,那这个材料化学专业在当地进入英国区是不小于这个,1.0,,,user,ai04,NUMERIC_FACT_AND_POLICY_LOOKUP,数值事实与年度政策查询,查询学校和教育信息,学历教育,U13,0,0.5755196,材料科学与工程就业方向与前景,2853,1153,
教育,assistant_random1k,都去哪儿了,1.0,,,user,ai04,NON_INTENT_FRAGMENT_UNDERSPECIFIED_INPUT,残缺或不可独立解释输入,查询所在位置与归属地,学历教育,U02,0,0.61655086,哪,4865,788,U13
教育,assistant_random1k,重庆工商大学统计学就业前景如何,1.0,,,user,ai04,ENTITY_BACKGROUND_LOOKUP,核查人物或机构背景,薪资待遇查询,学历教育,U04,0,0.7774217,统计学的就业方向及前景,2095,1472,U04
教育,assistant_random1k,重庆工商职业学院，重庆开放大学，重庆广播电视大学，计算机，大数据技术，软件技术，云应用型技术，更华为技术有限公司，华为ICT学院深度合作袁俊豪计算机，大数据技术，二班负责人带着团队参加软件测试比赛，获得了校级一等奖荣誉证书袁俊豪带着团队，参加软件职业技能大赛，在高职职业本科又捧回了，重庆市银奖袁俊豪一个人，参加学校自学武术比赛，又获得了，校级一等奖，荣誉证书，2024年艾瑞深校友会排名，高职院校全国18重庆第二2025年艾瑞深校友会排名全国11重庆首位2026年艾瑞深校友会软科排名全国7重庆第一合川三期工程，为本科在做准备，建筑面积89，688，66平方米学校现在新增，运动场，游泳池，超大图书馆，篮球场，足球场，毛球场，乒乓球场，学校里面还有小黄车，同学上课终终于不会迟到了学校里面，人工湖，黑天鹅越来越，六七月份，免费打鱼给孩子，冬天吃柑子，高职的的985职教的双一流，华为ICT学院升级了，蒲公英计划，是什么意思袁俊豪专升本，成功，原重庆邮电大学，移通学院，綦江校区，计算机科学与技术有跟华为深度合作袁俊豪说给寝室同学协商好，打比赛继续拿奖，重庆移通学院，綦江校区，理工科有哪些专业理工科有哪些，王牌专业，文科有哪些专业，文科有哪些王牌专业，跟华为合作，更多的专业，重庆移通学院，这五年的排名袁俊豪拿到全日制本科文凭后就可以跟全国985211一起考公考编考研了，这四个计算机专业，哪个对数学最难，要求最高，一个一个排出来多说一点先绍，重庆移通院什么大学大数据技术，对数学的要求，多说一点，两个学，要多说一点，打的字全直接说完袁俊豪拿到全日制本科文凭就可以跟985211一起考公考编考研了，一起去为华为工作，袁俊豪三奖状又有什么用文科妹妹说不好生读书，只有去电子厂打螺丝文科妹妹说，我们学校终于有帅哥了直接说多，重庆开放大学，重庆工商职业学院，重庆广播电视大学是教育局，财政评委的国家，骨干，双高计划b档，中国顶尖高校，六颗星，两个校，什么时间跟华为合作的四个计算机专业，哪个数学最难要求最高，要一个一个的排来，最难重庆移通学院，綦江校区，四期修好了要修五期修，工程，修好了，建筑面积有多宽绿化好不好学校一共有多人重庆开放大学，重庆工商职学院打造应用型本科大学，合川理工科为主理工科强校，文科理科协调发展大数据技术，多说除了双一流大学重庆移通学院首选袁俊豪软件测试比赛，校级一等奖，软件职业技能大赛，重庆银奖，学校自选武术比赛，校级一等奖袁俊豪专升本，大数据技术93分，英语53分高等数学100分一共246分大数据技术，软件技术，计算机科学与技术袁俊豪去华为应聘哪这三个计算机专业，哪个工资最高年终奖最多，累不累两个学校的奖学金，哪个最高双休，袁俊豪，计算机学哪个最好移通学院，计算机哪个是一流专业多说一点，先介绍袁俊豪计算机哪个最好选择面最宽考公的大陆，大数据技术，最不好学吗,1.0,,,user,ai04,LIST_AND_RECOMMENDATION_REQUEST,枚举清单或建议推荐,查询学校和教育信息,学历教育,U13,0,0.68688965,重庆工业职业技术大学,862,3369,U02
教育,assistant_random1k,铜陵职业技术学院高一开学时间,1.0,,,user,ai04,NUMERIC_FACT_AND_POLICY_LOOKUP,数值事实与年度政策查询,查询学校和教育信息,学历教育,U03,0,0.66310924,铜陵学院,631,4342,U02
教育,assistant_random1k,长春理工和天津理工对比,1.0,,,user,ai04,LIST_AND_RECOMMENDATION_REQUEST,枚举清单或建议推荐,候选对象对比选购,学历教育,U04,0,0.7249725,长春理工,8000,556,U02
教育,assistant_random1k,长沙医学院眼视光专升本录取分数,1.0,,,user,ai04,GENERAL_HOWTO_GUIDE,通用操作与生活指南,近视手术价格与风险查询,学历教育,U03,0,0.7334893,长沙理工大学录取分数线,8875,517,U03
教育,assistant_random1k,长沙理工和成都理工哪个学校更好,1.0,,,user,ai04,LIST_AND_RECOMMENDATION_REQUEST,枚举清单或建议推荐,候选对象对比选购,学历教育,U07,0,0.6959826,长沙理工大学,43,15107,U02
教育,assistant_random1k,陕西中医药大学助产怎么样,1.0,,,user,ai04,ENTITY_BACKGROUND_LOOKUP,核查人物或机构背景,查询学校和教育信息,学历教育,U04,0,0.64269483,陕西中医药大学,1057,2779,
教育,assistant_random1k,除了南京传媒，还有哪些江苏院校有该项目,1.0,,,user,ai04,LIST_AND_RECOMMENDATION_REQUEST,枚举清单或建议推荐,查询学校和教育信息,学历教育,U08,0,0.6986173,南京传媒学院,1144,2567,
教育,assistant_random1k,零基础备考广东专插本高数，每天需要学习多久,1.0,,,user,ai04,GENERAL_HOWTO_GUIDE,通用操作与生活指南,查询学校和教育信息,学历教育,U07,1,0.5276183,专升本要读几年,3161,1064,
教育,assistant_random1k,青岛科技大学的环艺硕士有啥,1.0,,,user,ai04,ENTITY_BACKGROUND_LOOKUP,核查人物或机构背景,招聘岗位及要求查询,学历教育,U04,0,0.61287344,青岛科技大学,157,10018,U02
教育,assistant_random1k,非要公务员才有出路吗？不能走走蓝海赛道吗，比如本科直接出社会，尤其211以上的，因为很多企业很看重大学学段的学历，大于等于211的都有优势的,1.0,,,user,ai04,GENERAL_HOWTO_GUIDE,通用操作与生活指南,招聘岗位及要求查询,学历教育,U07,0,0.7140895,大专考公务员有哪些职位可以选,8954,514,U08
教育,assistant_random1k,高中班干部对高考有帮助吗,1.0,,,user,ai04,EXPLAIN_OR_IDENTIFY,解释含义或识别指称,查询学校和教育信息,学历教育,U05,0,0.5074603,高考,6,33737,U02
教育,assistant_random1k,齐齐哈尔大学推免生报名材料有哪些,1.0,,,user,ai04,LIST_AND_RECOMMENDATION_REQUEST,枚举清单或建议推荐,政务办事流程与法律政策查询,学历教育,U08,0,0.64156294,齐齐哈尔大学,539,4804,U02
教育,assistant_random1k,当我的老婆，我认识。长清区教育局,1.0,,,user,ai04,NON_INTENT_SOCIAL_OR_EMOTIONAL_TURN,无内容社交与情绪表达轮,查询学校和教育信息,教育综合,U02,0,0.59495324,教育局官网,8822,519,U01
教育,assistant_random1k,福建省数学学会官网,1.0,,,user,ai04,NAVIGATE_OFFICIAL_ENTRY_OR_TOPIC_FEED,前往官方入口或话题聚合页,查询网站官网与邮箱登录注册入口,教育综合,U01,0,0.7333939,福建省教育考试院官网,4716,806,U01
教育,assistant_random1k,西城区悠米幼儿园还有其他招聘渠道吗,1.0,,,user,ai04,LIST_AND_RECOMMENDATION_REQUEST,枚举清单或建议推荐,招聘岗位及要求查询,早教,U06,0,0.47972074,幼儿园毕业家长寄语简短,492,5048,U10
教育,assistant_random1k,崔啸的耶鲁教育集团规模如何,1.0,,,user,ai04,ENTITY_BACKGROUND_LOOKUP,核查人物或机构背景,查询学校和教育信息,留学,U03,0,0.4507576,集美大学属于什么档次,7095,606,
教育,assistant_random1k,德国人理工和人文哪个好,1.0,,,user,ai04,LIST_AND_RECOMMENDATION_REQUEST,枚举清单或建议推荐,候选对象对比选购,留学,U07,0,0.5212921,长春工业大学人文信息学院,4033,901,
教育,assistant_random1k,泰国在职研究生哪个学校最好,1.0,,,user,ai04,LIST_AND_RECOMMENDATION_REQUEST,枚举清单或建议推荐,查询学校和教育信息,留学,U07,0,0.6247629,在职研究生,8886,516,U02
教育,assistant_random1k,这种性格在悉尼读书时容易遇到什么挑战,1.0,,,user,ai04,GENERAL_HOWTO_GUIDE,通用操作与生活指南,生成游戏动漫同人创作并查询虚构设定,留学,U13,0,0.4036016,学历类别有几种,3360,1020,
教育,assistant_random1k,2026年海关公务员报考公告何时发布,2.0,,,user,ai04,NUMERIC_FACT_AND_POLICY_LOOKUP,数值事实与年度政策查询,2026年相关信息查询,职业培训,U03,0,0.7419995,2026年部队文职报考时间,4337,853,U03
教育,assistant_random1k,成人本科期间可以考军队文职吗,2.0,,,user,ai04,GENERAL_HOWTO_GUIDE,通用操作与生活指南,招聘岗位及要求查询,职业培训,U07,0,0.74241906,部队招聘文职人员报考条件,7919,559,U06
教育,assistant_random1k,阿克苏哪里可以报名考电工证,2.0,,,user,ai04,GENERAL_HOWTO_GUIDE,通用操作与生活指南,招聘岗位及要求查询,职业培训,U06,0,0.6238988,阿克苏职业技术学院,9390,498,
教育,assistant_random1k,2026年考公考编难度如何,1.0,,,user,ai04,NUMERIC_FACT_AND_POLICY_LOOKUP,数值事实与年度政策查询,2026年相关信息查询,职业培训,U04,0,0.69634444,2026年公务员岗位招录表,8445,534,
教育,assistant_random1k,中国中冶集团要求分公司培训智慧建造师吗,1.0,,,user,ai04,ENTITY_BACKGROUND_LOOKUP,核查人物或机构背景,企业项目及行业信息查询,职业培训,U05,0,0.57670647,智能建造技术是学什么的 出来能干什么,7239,597,
教育,assistant_random1k,也就说，这三种定价的话，他那个单位完全成本都加了，期间费用的固定成本和变动成本对吗？,1.0,,,user,ai04,EXPLAIN_OR_IDENTIFY,解释含义或识别指称,贷款与存款利息还款计算查询,职业培训,U05,0,0.48368552,追加一份打三个数字,8454,533,
教育,assistant_random1k,今年注会考试有哪些变化,1.0,,,user,ai04,EXPLAIN_OR_IDENTIFY,解释含义或识别指称,政务办事流程与法律政策查询,职业培训,U05,0,0.5907071,中级会计考试时间,9135,507,
教育,assistant_random1k,供电供热供水供气等公用企事业单位应当向社会公开服务标准，资费标准等信息，为市场主体提供安全，便捷，稳定和价格合理的服务,1.0,,,user,ai04,LEGAL_CONSULTATION_AND_OUTCOME_PREDICTION,法律咨询与案件结果预测,政务办事流程与法律政策查询,职业培训,U13,0,0.6068163,信息,9559,492,
教育,assistant_random1k,做基础碰到地下水位高，旁边又是建筑物基础怎么办,1.0,,,user,ai04,GENERAL_HOWTO_GUIDE,通用操作与生活指南,解答专业技术与安全问题,职业培训,U07,0,0.46808523,砼,9243,504,
教育,assistant_random1k,初中语文面试最高分是多少,1.0,,,user,ai04,NUMERIC_FACT_AND_POLICY_LOOKUP,数值事实与年度政策查询,查询学校和教育信息,职业培训,U03,0,0.6527145,中考满分多少,2242,1393,
教育,assistant_random1k,包含哪？,1.0,,,user,ai04,NON_INTENT_FRAGMENT_UNDERSPECIFIED_INPUT,残缺或不可独立解释输入,确认性问题解答,职业培训,U13,0,0.71568686,哪,4865,788,U13
教育,assistant_random1k,北京国航地勤一线见习岗位笔试和面试需要多少时间？通过率多少？都是当场出结果吗？,1.0,,,user,ai04,NUMERIC_FACT_AND_POLICY_LOOKUP,数值事实与年度政策查询,招聘岗位及要求查询,职业培训,U03,0,0.5147253,2026部队文职报名时间和考试时间,9227,504,
教育,assistant_random1k,哪个中专学历提升项目最适合村医,1.0,,,user,ai04,LIST_AND_RECOMMENDATION_REQUEST,枚举清单或建议推荐,查询学校和教育信息,职业培训,U07,0,0.5297632,大专考公务员有哪些职位可以选,8954,514,U08
教育,assistant_random1k,国家对食品食品添加剂的生产经营实行许可制度及在我国从事食品食品添加剂生产食品销售餐饮服务应当依法取得许可这个说法是对还是错,1.0,,,user,ai04,LEGAL_CONSULTATION_AND_OUTCOME_PREDICTION,法律咨询与案件结果预测,小生意经营建议查询,职业培训,U05,0,0.5201281,食品质量与安全专业就业方向前景,2234,1395,
教育,assistant_random1k,国考多少分进面试,1.0,,,user,ai04,NUMERIC_FACT_AND_POLICY_LOOKUP,数值事实与年度政策查询,招聘岗位及要求查询,职业培训,U03,0,0.61168575,国家公务员局2026国考职位表,7316,593,
教育,assistant_random1k,天行电力培训太原分校价格是多少,1.0,,,user,ai04,PRICE_COST_INQUIRY,价格或费用查询,查询价格费用,职业培训,U03,0,0.596805,中公教育考公务员培训收费标准,9103,508,
教育,assistant_random1k,如何报名上海建筑电工证,1.0,,,user,ai04,GENERAL_HOWTO_GUIDE,通用操作与生活指南,政务办事流程与法律政策查询,职业培训,U06,0,0.5946206,一建报名时间2026,7155,602,
教育,assistant_random1k,如何查询住建部官方网站B考时间表,1.0,,,user,ai04,GENERAL_HOWTO_GUIDE,通用操作与生活指南,地铁公交线路查询,职业培训,U06,0,0.5911925,教育考试院官网入口,2119,1456,
教育,assistant_random1k,如果切碎的草料，其茎秆的含水量是75%，叶片的含水量是55%，能用风选分离出来吗？,1.0,,,user,ai04,EXPLAIN_OR_IDENTIFY,解释含义或识别指称,解答食物、植物与养殖常识疑问,职业培训,U07,0,0.44112778,草,5874,693,
教育,assistant_random1k,学维修一看就懂,1.0,,,user,ai04,GENERAL_HOWTO_GUIDE,通用操作与生活指南,解答电气电子设备故障、维修及术语问题,职业培训,U02,0,0.5614341,学,5224,751,
教育,assistant_random1k,宿松特岗教师岗前培训结束后的安排,1.0,,,user,ai04,GENERAL_HOWTO_GUIDE,通用操作与生活指南,查询学校和教育信息,职业培训,U05,0,0.5041801,幼儿园毕业对老师的感恩寄语,7261,596,
教育,assistant_random1k,平时训练大作文需要买作文纸一格格那种练习吗,1.0,,,user,ai04,GENERAL_HOWTO_GUIDE,通用操作与生活指南,生成与修改作文类文本,职业培训,U07,1,0.5044717,大写的壹贰叁到十整,2472,1285,
教育,assistant_random1k,广美学费一年大概要多少,1.0,,,user,ai04,PRICE_COST_INQUIRY,价格或费用查询,查询价格费用,职业培训,U03,0,0.71041095,民办本科学费多少钱一年,8981,513,U03
教育,assistant_random1k,当车身斜度和第一根线端点重合时，要是一把手进库，这时门把手是不是已进库,1.0,,,user,ai04,FACT_VERIFICATION_AND_RUMOR_OR_STATUS_CHECK,核验真伪、传闻与进展,解答专业技术与安全问题,职业培训,U07,0,0.4683462,门,6696,630,
教育,assistant_random1k,患者女三十三岁产后出现失眠不易入睡多梦易醒心悸健忘神疲食少面色微黄舌淡苔薄脉细弱治疗应首选a龙胆泻肝汤b黄连温胆汤c归脾丸d天王补心丹e酸枣仁汤,1.0,,,user,ai04,GENERATE_OR_REVISE_TEXT,生成或改写文本,医疗症状原因与处理建议查询,职业培训,U07,0,0.4771849,睡,6526,643,U13
教育,assistant_random1k,执行者如果是受人指使，并非主动自愿，将无需处死，受到严惩，.,1.0,,,user,ai04,LEGAL_CONSULTATION_AND_OUTCOME_PREDICTION,法律咨询与案件结果预测,提供法律咨询与维权程序指引,职业培训,U13,0,0.5041052,executive,7348,591,
教育,assistant_random1k,折现率的定义是什么？,1.0,,,user,ai04,EXPLAIN_OR_IDENTIFY,解释含义或识别指称,贷款与存款利息还款计算查询,职业培训,U04,0,0.54257786,率,6437,648,
教育,assistant_random1k,报考选调生可冋时报考其它岗位吗？、,1.0,,,user,ai04,EXPLAIN_OR_IDENTIFY,解释含义或识别指称,招聘岗位及要求查询,职业培训,U06,0,0.68560153,选调生报考条件三个条件缺一不可,7711,571,
教育,assistant_random1k,日照市区现在有招聘代课教师的学校吗,1.0,,,user,ai04,LIST_AND_RECOMMENDATION_REQUEST,枚举清单或建议推荐,查询学校和教育信息,职业培训,U08,0,0.630314,日照职业技术大学2026招生简章,9525,493,
教育,assistant_random1k,显示多选题全页答案。,1.0,,,user,ai04,CORRECT_OR_ADJUST_PREVIOUS_OUTPUT,修改上一轮输出,直接给出答案,职业培训,U09,0,0.5763049,答题,8524,531,
教育,assistant_random1k,机动车驾驶证电子版与纸质版具有同等效力，正确还是错误,1.0,,,user,ai04,FACT_VERIFICATION_AND_RUMOR_OR_STATUS_CHECK,核验真伪、传闻与进展,查询交管12123违章罚款处理办法,职业培训,U05,0,0.48401886,有的笔顺,9484,495,
教育,assistant_random1k,根据本讲，权利保护是一种。,1.0,,,user,ai04,NON_INTENT_FRAGMENT_UNDERSPECIFIED_INPUT,残缺或不可独立解释输入,识别并处理零散口语与叙事片段,职业培训,U13,0,0.5055255,law,6646,633,
教育,assistant_random1k,根据行政处罚法的规定行政处罚决定书应当在宣告后当场交付当事人当事人不在场的行政机关应当在几日内依照,1.0,,,user,ai04,LEGAL_CONSULTATION_AND_OUTCOME_PREDICTION,法律咨询与案件结果预测,提供法律咨询与维权程序指引,职业培训,U03,0,0.5274805,罚组词,8115,550,U08
教育,assistant_random1k,江苏盐城事业编2026年招聘公告,1.0,,,user,ai04,NUMERIC_FACT_AND_POLICY_LOOKUP,数值事实与年度政策查询,招聘岗位及要求查询,职业培训,U09,0,0.7647014,江苏省公务员省考2026年公告,9496,494,U09
教育,assistant_random1k,汽车吊水平xy轴正负方向,1.0,,,user,ai04,EXPLAIN_OR_IDENTIFY,解释含义或识别指称,汽车价格与落地价查询,职业培训,U04,0,0.49129772,车的笔顺,1295,2269,
教育,assistant_random1k,海南省乡镇周边的动物。防疫检疫岗位通常是由什么单位发布这些招聘信息，我该怎么关注，获取这些报报考信息。因为我之前获取的报考信息都是农业服务中心类的，这些单位的工资对比，还有工作环境比较，请你帮我列个表分析他们的好处和缺点,1.0,,,user,ai04,LIST_AND_RECOMMENDATION_REQUEST,枚举清单或建议推荐,招聘岗位及要求查询,职业培训,U07,1,0.58868694,考公如何看自己专业能报哪些岗位,8803,520,
教育,assistant_random1k,湖南选调生公示名单全文,1.0,,,user,ai04,LIST_AND_RECOMMENDATION_REQUEST,枚举清单或建议推荐,查询干部职务履历与人事变动,职业培训,U09,0,0.6793857,湖南省大学排名一览表,3882,923,
教育,assistant_random1k,王道强化课没有配套资料书的话，用什么配比较合适,1.0,,,user,ai04,LIST_AND_RECOMMENDATION_REQUEST,枚举清单或建议推荐,解答游戏玩法、配置与设计问题,职业培训,U07,1,0.4121687,没组词,7144,603,
教育,assistant_random1k,监理合同签订后，工程监理单位仅需将总监理工程师任命书面通知建设单位。,1.0,,,user,ai04,GENERAL_HOWTO_GUIDE,通用操作与生活指南,整理生成表格与总结,职业培训,U05,0,0.5440739,工程管理,4273,862,
教育,assistant_random1k,相似度有20%，这种情况下会不会判作同类卷？,1.0,,,user,ai04,LEGAL_CONSULTATION_AND_OUTCOME_PREDICTION,法律咨询与案件结果预测,提供法律咨询与维权程序指引,职业培训,U07,1,0.52369726,有的笔顺,9484,495,
教育,assistant_random1k,社工证有哪些含金量高的岗位,1.0,,,user,ai04,LIST_AND_RECOMMENDATION_REQUEST,枚举清单或建议推荐,招聘岗位及要求查询,职业培训,U08,0,0.6979389,社会工作专业就业方向,4256,864,
教育,assistant_random1k,竣工决算审计报告审理发现的问题,1.0,,,user,ai04,ENTITY_BACKGROUND_LOOKUP,核查人物或机构背景,整理生成表格与总结,职业培训,U04,0,0.48804578,工程造价,6442,648,
教育,assistant_random1k,符合哺乳纲核心特征包括：‌胎生‌（胚胎在母体子宫内通过胎盘发育）；‌乳腺哺育‌（雌性具功能性乳腺，产后分泌乳汁）；,1.0,,,user,ai04,EXPLAIN_OR_IDENTIFY,解释含义或识别指称,整理生成表格与总结,职业培训,U04,0,0.4782914,奶的笔顺,4806,795,
教育,assistant_random1k,续期费用具体包含哪些收费项目,1.0,,,user,ai04,PRICE_COST_INQUIRY,价格或费用查询,贷款与存款利息还款计算查询,职业培训,U08,0,0.55873114,交通费,2191,1416,
教育,assistant_random1k,美术老师课时量怎么折算才能达标,1.0,,,user,ai04,GENERAL_HOWTO_GUIDE,通用操作与生活指南,查询学校和教育信息,职业培训,U06,0,0.48624745,中考满分多少,2242,1393,
教育,assistant_random1k,考个陪诊师证后收入大概多少,1.0,,,user,ai04,PRICE_COST_INQUIRY,价格或费用查询,薪资待遇查询,职业培训,U03,0,0.5300298,中公教育考公务员培训收费标准,9103,508,
教育,assistant_random1k,考砸了感觉头都冒烟了，燃尽了，北海水师怎么样自己就什么梓,1.0,,,user,ai04,NON_INTENT_SOCIAL_OR_EMOTIONAL_TURN,无内容社交与情绪表达轮,查询学校和教育信息,职业培训,U13,1,0.5277333,初中毕业考不上高中如何选择学校,8427,535,
教育,assistant_random1k,肉鸡”也称傀儡机，是指可以被黑客远程控制的机器。关于“肉鸡”以下哪种说法正确A是能够发起主动攻击的机器B是被黑客植入木马的机器，黑客通过木马控制端控制肉鸡参与攻击C用户通常自愿成为肉鸡D肉鸡不能发动攻击,1.0,,,user,ai04,EXPLAIN_OR_IDENTIFY,解释含义或识别指称,生成游戏动漫同人创作并查询虚构设定,职业培训,U09,0,0.47241363,鸡,3572,976,
教育,assistant_random1k,葡萄酒大师考什么,1.0,,,user,ai04,EXPLAIN_OR_IDENTIFY,解释含义或识别指称,查询学校和教育信息,职业培训,U04,0,0.45686278,学历类别有几种,3360,1020,
教育,assistant_random1k,论文上网时间从那查,1.0,,,user,ai04,NUMERIC_FACT_AND_POLICY_LOOKUP,数值事实与年度政策查询,查询网站官网与邮箱登录注册入口,职业培训,U06,0,0.57259387,知网官网入口,934,3142,U01
教育,assistant_random1k,这两个岗位哪个更适合女生考,1.0,,,user,ai04,LIST_AND_RECOMMENDATION_REQUEST,枚举清单或建议推荐,招聘岗位及要求查询,职业培训,U07,0,0.64962196,考公如何看自己专业能报哪些岗位,8803,520,
教育,assistant_random1k,这套试题卷的考试难度和往年相比如何,1.0,,,user,ai04,NUMERIC_FACT_AND_POLICY_LOOKUP,数值事实与年度政策查询,直接给出答案,职业培训,U07,0,0.53056145,考的笔顺,4900,785,
教育,assistant_random1k,通过公安联考的警校生是公务员警察还是事业编警察？,1.0,,,user,ai04,EXPLAIN_OR_IDENTIFY,解释含义或识别指称,查询学校和教育信息,职业培训,U04,0,0.572101,公务员,4311,856,
教育,assistant_random1k,郑州港区教师编和事业编哪个收入更高,1.0,,,user,ai04,LIST_AND_RECOMMENDATION_REQUEST,枚举清单或建议推荐,薪资待遇查询,职业培训,U03,0,0.54091024,职教高考和普通高考的区别,4271,862,
教育,assistant_random1k,镇海社工招聘2026年公告何时发布,1.0,,,user,ai04,FACT_VERIFICATION_AND_RUMOR_OR_STATUS_CHECK,核验真伪、传闻与进展,2026年相关信息查询,职业培训,U03,0,0.74581295,社工证报名时间2026年报名时间,8311,540,U03
教育,assistant_random1k,除了丰田，还有哪些常见考试车型,1.0,,,user,ai04,LIST_AND_RECOMMENDATION_REQUEST,枚举清单或建议推荐,汽车价格与落地价查询,职业培训,U08,0,0.49481153,高考考哪些科目,5596,716,
教育,assistant_random1k,麻城县1985年民办教师总人数是多少,1.0,,,user,ai04,NUMERIC_FACT_AND_POLICY_LOOKUP,数值事实与年度政策查询,查询学校和教育信息,职业培训,U03,0,0.52151847,民办本科,7855,563,
教育,assistant_random1k,technical,14.0,,,user,ai04,NON_INTENT_FRAGMENT_UNDERSPECIFIED_INPUT,残缺或不可独立解释输入,企业机构信息查询,语言培训,U02,0,0.8321263,technology,5209,753,U02
教育,assistant_random1k,派生词,5.0,,,user,ai04,EXPLAIN_OR_IDENTIFY,解释含义或识别指称,查询字词翻译与语言知识,语言培训,U02,0,0.6165212,别组词,9677,488,
教育,assistant_random1k,哈卡丽利251寸build talking bout all have that female Elaine know what,4.0,,,user,ai04,NON_INTENT_FRAGMENT_UNDERSPECIFIED_INPUT,残缺或不可独立解释输入,杂项查询意图识别,语言培训,U13,0,0.54154843,talk,4530,831,
教育,assistant_random1k,有没有初一英语自我介绍的范文,4.0,,,user,ai04,GENERATE_OR_REVISE_TEXT,生成或改写文本,生成与修改作文类文本,语言培训,U09,0,0.50983,英语作文,7449,586,
教育,assistant_random1k,The school reading week,2.0,,,user,ai04,NAVIGATE_OFFICIAL_ENTRY_OR_TOPIC_FEED,前往官方入口或话题聚合页,查询学校和教育信息,语言培训,U13,0,0.65134925,school,7624,576,
教育,assistant_random1k,"五年级上册英语书粗体单词,图片，人教版",2.0,,,user,ai04,GENERATE_OR_REVISE_TEXT,生成或改写文本,查询字词翻译与语言知识,语言培训,U09,0,0.63706,五年级上册语文书课本电子版,1919,1583,
教育,assistant_random1k,晚上8点左右,2.0,,,user,ai04,NON_INTENT_FRAGMENT_UNDERSPECIFIED_INPUT,残缺或不可独立解释输入,查询杂项信息,语言培训,U13,0,0.5849498,白天和黑夜交替变化的原因是,3830,932,
教育,assistant_random1k,A sort of,1.0,,,user,ai04,NON_INTENT_FRAGMENT_UNDERSPECIFIED_INPUT,残缺或不可独立解释输入,杂项查询意图识别,语言培训,U04,0,0.8076685,sort,5458,728,U02
教育,assistant_random1k,Bara star,1.0,,,user,ai04,NAVIGATE_OFFICIAL_ENTRY_OR_TOPIC_FEED,前往官方入口或话题聚合页,杂项查询意图识别,语言培训,U02,0,0.69995874,star,6839,622,
教育,assistant_random1k,CRAYONSHINCHANUY是什么,1.0,,,user,ai04,ENTITY_BACKGROUND_LOOKUP,核查人物或机构背景,生成游戏动漫同人创作并查询虚构设定,语言培训,U04,0,0.6132611,crayon,3102,1078,
教育,assistant_random1k,Can you show me a photo of it,1.0,,,user,ai04,MEDIA_CONTENT_SEARCH_OR_ACCESS,按线索查找或获取影音书资源,查找或生成图片,语言培训,U13,0,0.6707608,photo,7851,564,
教育,assistant_random1k,Concerned和worried的区别。,1.0,,,user,ai04,EXPLAIN_OR_IDENTIFY,解释含义或识别指称,查询字词翻译与语言知识,语言培训,U04,0,0.6229779,concert,6127,672,
教育,assistant_random1k,Create的形容词,1.0,,,user,ai04,EXPLAIN_OR_IDENTIFY,解释含义或识别指称,查询字词翻译与语言知识,语言培训,U03,0,0.74695086,create,4798,796,U13
教育,assistant_random1k,Die on,1.0,,,user,ai04,NON_INTENT_SOCIAL_OR_EMOTIONAL_TURN,无内容社交与情绪表达轮,识别日常口语片段并应答,语言培训,U13,0,0.84152275,die,9825,482,U02
教育,assistant_random1k,Hello ock,1.0,,,user,ai04,NAVIGATE_OFFICIAL_ENTRY_OR_TOPIC_FEED,前往官方入口或话题聚合页,识别日常口语片段并应答,语言培训,U11,0,0.8229808,hello,2698,1204,
教育,assistant_random1k,I don't know if you can do anything but,1.0,,,user,ai04,NON_INTENT_SOCIAL_OR_EMOTIONAL_TURN,无内容社交与情绪表达轮,归集含“我”字杂项查询,语言培训,U13,0,0.51178575,can,2914,1130,
教育,assistant_random1k,I have a lot one,1.0,,,user,ai04,NON_INTENT_FRAGMENT_UNDERSPECIFIED_INPUT,残缺或不可独立解释输入,归集含“我”字杂项查询,语言培训,U13,0,0.67198604,one,5309,743,
教育,assistant_random1k,It's full of life,1.0,,,user,ai04,MEDIA_CONTENT_SEARCH_OR_ACCESS,按线索查找或获取影音书资源,杂项查询意图识别,语言培训,U13,0,0.7207188,life,2805,1170,U02
教育,assistant_random1k,Look at the sign什么意思？就是,1.0,,,user,ai04,EXPLAIN_OR_IDENTIFY,解释含义或识别指称,查询字词翻译与语言知识,语言培训,U04,0,0.61413944,sign,2153,1438,
教育,assistant_random1k,Monster是什么意思啊？,1.0,,,user,ai04,EXPLAIN_OR_IDENTIFY,解释含义或识别指称,查询事物或词语的含义与说明,语言培训,U04,0,0.72305983,monster,7048,609,U02
教育,assistant_random1k,Odfo可以组成什么词？,1.0,,,user,ai04,EXPLAIN_OR_IDENTIFY,解释含义或识别指称,查询字词翻译与语言知识,语言培训,U08,0,0.5158026,o,6695,631,
教育,assistant_random1k,Parents怎么念？什么意思？,1.0,,,user,ai04,EXPLAIN_OR_IDENTIFY,解释含义或识别指称,查询字词翻译与语言知识,语言培训,U03,0,0.7208994,parents的中文翻译,8056,553,U10
教育,assistant_random1k,Prefer doing to doing翻译,1.0,,,user,ai04,GENERATE_OR_REVISE_TEXT,生成或改写文本,查询字词翻译与语言知识,语言培训,U10,0,0.7407426,prefer,5614,715,U02
教育,assistant_random1k,SR SELRUMI读音,1.0,,,user,ai04,EXPLAIN_OR_IDENTIFY,解释含义或识别指称,查询字词翻译与语言知识,语言培训,U03,0,0.53634685,卿的读音,7980,557,
教育,assistant_random1k,Saw跟seE有什么关系？,1.0,,,user,ai04,EXPLAIN_OR_IDENTIFY,解释含义或识别指称,生成游戏动漫同人创作并查询虚构设定,语言培训,U04,0,0.5769314,saw,3767,943,
教育,assistant_random1k,Somehow my emotions incline me to speak simply as his friend rather than his student在高考考场上我可以这么改写吗？然后搬运镜2020年全国一卷作文的真题。,1.0,,,user,ai04,GENERATE_OR_REVISE_TEXT,生成或改写文本,生成与修改作文类文本,语言培训,U07,1,0.5609903,朋友的英文,8126,549,
教育,assistant_random1k,Super through,1.0,,,user,ai04,NAVIGATE_OFFICIAL_ENTRY_OR_TOPIC_FEED,前往官方入口或话题聚合页,玄幻同人设定创作与剧情讨论查询,语言培训,U13,0,0.8099749,super,8888,516,U13
教育,assistant_random1k,Tdt,1.0,,,user,ai04,NON_INTENT_FRAGMENT_UNDERSPECIFIED_INPUT,残缺或不可独立解释输入,查询短编号、IP地址及专名,语言培训,U02,0,0.6474678,t,3506,986,
教育,assistant_random1k,The teacher doesnt respond when i calk its 16 30 working time,1.0,,,user,ai04,NON_INTENT_SOCIAL_OR_EMOTIONAL_TURN,无内容社交与情绪表达轮,家长感谢老师话术查询,语言培训,U13,1,0.5377484,responsible,9277,503,
教育,assistant_random1k,Took的过去式是什么？,1.0,,,user,ai04,EXPLAIN_OR_IDENTIFY,解释含义或识别指称,查询字词翻译与语言知识,语言培训,U03,0,0.5402107,tool,9661,489,
教育,assistant_random1k,"What""s he like的完整回答结构是什么",1.0,,,user,ai04,EXPLAIN_OR_IDENTIFY,解释含义或识别指称,直接给出答案,语言培训,U04,0,0.5583208,what,4524,832,
教育,assistant_random1k,Would you mind helping me set up the birds nest?中文翻译和我该如何回答？,1.0,,,user,ai04,GENERATE_OR_REVISE_TEXT,生成或改写文本,识别并处理零散口语与叙事片段,语言培训,U10,1,0.45142,bird,7284,594,
教育,assistant_random1k,Wwd m importance of learning english lies in the fact that it is the main language of international communication it helps acquire information and knowledge and promotes career development here are some ways about how to learn english well first read english allowed every morning to improve your pronunciation second listen to more english materials such as english sales such as english programs to improve your oral english john an english club to战僵尸大战,1.0,,,user,ai04,GENERATE_OR_REVISE_TEXT,生成或改写文本,查询字词翻译与语言知识,语言培训,U13,0,0.6434635,英语,1849,1630,
教育,assistant_random1k,Xi Jinping:The Hidden Agendas of China’s Ruler for Life,1.0,,,user,ai04,FACT_VERIFICATION_AND_RUMOR_OR_STATUS_CHECK,核验真伪、传闻与进展,查询军事历史与国际政治话题,语言培训,U12,0,0.55578196,china,9855,481,
教育,assistant_random1k,_跟上面一样，五六个单词就好了，5句话,1.0,,,user,ai04,CORRECT_OR_ADJUST_PREVIOUS_OUTPUT,修改上一轮输出,查询字词翻译与语言知识,语言培训,U11,0,0.5942522,有的笔顺,9484,495,
教育,assistant_random1k,areyoureadykids,1.0,,,user,ai04,MEDIA_CONTENT_SEARCH_OR_ACCESS,按线索查找或获取影音书资源,识别日常口语片段并应答,语言培训,U13,0,0.63988936,already,9642,489,
教育,assistant_random1k,armies,1.0,,,user,ai04,NON_INTENT_FRAGMENT_UNDERSPECIFIED_INPUT,残缺或不可独立解释输入,查询短编号、IP地址及专名,语言培训,U02,0,0.853518,army,9823,483,U02
教育,assistant_random1k,as if 引导什么从句,1.0,,,user,ai04,EXPLAIN_OR_IDENTIFY,解释含义或识别指称,查询字词翻译与语言知识,语言培训,U04,0,0.53138256,as,3331,1025,
教育,assistant_random1k,bau,1.0,,,user,ai04,NON_INTENT_FRAGMENT_UNDERSPECIFIED_INPUT,残缺或不可独立解释输入,杂项查询意图识别,语言培训,U02,0,0.7291291,bamboo,9450,496,U02
教育,assistant_random1k,becin什么意思中文,1.0,,,user,ai04,EXPLAIN_OR_IDENTIFY,解释含义或识别指称,查询字词翻译与语言知识,语言培训,U04,0,0.5432427,belike是什么意思,8301,540,
教育,assistant_random1k,bell的用法和短语,1.0,,,user,ai04,EXPLAIN_OR_IDENTIFY,解释含义或识别指称,查询字词翻译与语言知识,语言培训,U04,0,0.7575224,bell,6979,614,U02
教育,assistant_random1k,doop是什么意思,1.0,,,user,ai04,EXPLAIN_OR_IDENTIFY,解释含义或识别指称,查询字词翻译与语言知识,语言培训,U04,0,0.6490237,!drop是什么意思,8008,556,
教育,assistant_random1k,knee怎么读？,1.0,,,user,ai04,EXPLAIN_OR_IDENTIFY,解释含义或识别指称,查询字词翻译与语言知识,语言培训,U03,0,0.5574915,芷怎么读,5288,746,
教育,assistant_random1k,let along,1.0,,,user,ai04,MEDIA_CONTENT_SEARCH_OR_ACCESS,按线索查找或获取影音书资源,识别日常口语片段并应答,语言培训,U02,0,0.78002894,along,6577,639,U02
教育,assistant_random1k,library这个单词怎么读,1.0,,,user,ai04,EXPLAIN_OR_IDENTIFY,解释含义或识别指称,查询字词翻译与语言知识,语言培训,U03,0,0.6786019,library,6975,614,
教育,assistant_random1k,meridiem‌,1.0,,,user,ai04,NON_INTENT_FRAGMENT_UNDERSPECIFIED_INPUT,残缺或不可独立解释输入,杂项查询意图识别,语言培训,U02,0,0.5716929,meat,6407,650,
教育,assistant_random1k,need to do sth翻译,1.0,,,user,ai04,GENERATE_OR_REVISE_TEXT,生成或改写文本,查询字词翻译与语言知识,语言培训,U10,0,0.5552212,does,9817,483,
教育,assistant_random1k,opc是啥意思,1.0,,,user,ai04,EXPLAIN_OR_IDENTIFY,解释含义或识别指称,企业项目及行业信息查询,语言培训,U04,0,0.9968359,opc是什么意思,7418,588,U04
教育,assistant_random1k,praises是什么意思,1.0,,,user,ai04,EXPLAIN_OR_IDENTIFY,解释含义或识别指称,查询字词翻译与语言知识,语言培训,U04,0,0.76472056,praise,6772,626,U13
教育,assistant_random1k,spell out在口语中怎么用,1.0,,,user,ai04,GENERAL_HOWTO_GUIDE,通用操作与生活指南,查询字词翻译与语言知识,语言培训,U04,0,0.6635556,spell,3815,936,
教育,assistant_random1k,stain在旅行记录中怎么使用更地道,1.0,,,user,ai04,GENERAL_HOWTO_GUIDE,通用操作与生活指南,整理生成表格与总结,语言培训,U06,0,0.45536616,explain,3576,975,
教育,assistant_random1k,человек 翻译,1.0,,,user,ai04,NON_INTENT_FRAGMENT_UNDERSPECIFIED_INPUT,残缺或不可独立解释输入,查询字词翻译与语言知识,语言培训,U10,0,0.56038284,翻译,3,46513,U01
教育,assistant_random1k,为什么不是xantares,1.0,,,user,ai04,EXPLAIN_OR_IDENTIFY,解释含义或识别指称,生成游戏动漫同人创作并查询虚构设定,语言培训,U13,0,0.48984525,为什么,1462,2004,
教育,assistant_random1k,主谓宾和主系表,1.0,,,user,ai04,EXPLAIN_OR_IDENTIFY,解释含义或识别指称,整理生成表格与总结,语言培训,U04,0,0.5518511,系,9907,480,
教育,assistant_random1k,他伤的很严重用英语怎么说,1.0,,,user,ai04,EXPLAIN_OR_IDENTIFY,解释含义或识别指称,查询字词翻译与语言知识,语言培训,U10,0,0.51596826,对不起的英文,7809,566,
教育,assistant_random1k,优雅的英文是什么？,1.0,,,user,ai04,EXPLAIN_OR_IDENTIFY,解释含义或识别指称,查询字词翻译与语言知识,语言培训,U10,0,0.5643367,漂亮的英文,9834,482,
教育,assistant_random1k,你是不是有病？应该怎么用英文回复给翻译,1.0,,,user,ai04,EXPLAIN_OR_IDENTIFY,解释含义或识别指称,查询字词翻译与语言知识,语言培训,U10,0,0.59687555,你好的英文,5514,723,
教育,assistant_random1k,俄语和日语哪个更凛冽，哪个更轻快？,1.0,,,user,ai04,EXPLAIN_OR_IDENTIFY,解释含义或识别指称,候选对象对比选购,语言培训,U07,0,0.56644404,日语,6966,615,
教育,assistant_random1k,假定你是李华，正在向来访的外阑学生代表团介绍中图传统书日，请你准备一篇关子中秋书的英文介绍稿写作要点:1.节日时间与象征意义;2.节日传统法动;3.国人对中秋的情感寄托。词数要求:100词左右,1.0,,,user,ai04,GENERATE_OR_REVISE_TEXT,生成或改写文本,生成与修改作文类文本,语言培训,U10,0,0.53289837,festival怎么读,7199,599,
教育,assistant_random1k,再给我几个长的高级词汇,1.0,,,user,ai04,CORRECT_OR_ADJUST_PREVIOUS_OUTPUT,修改上一轮输出,继续或重新生成内容,语言培训,U11,0,0.56967515,再组词,8613,527,
教育,assistant_random1k,写一篇假期总结英文版有收获和感悟150字左右用初中的词汇量，有题目开头中间结尾三段我每天按时完成作业并且在上午会读一些书籍这能够让我了解一些课外知识在下午用半个小时出去运动放松心情同时锻炼身体，这让我的假期过得很充实并且有许多感悟并且我很期待新学期的到来,1.0,,,user,ai04,GENERATE_OR_REVISE_TEXT,生成或改写文本,生成与修改作文类文本,语言培训,U10,1,0.57360965,暑假学习计划表格,5840,696,
教育,assistant_random1k,勘察的英文,1.0,,,user,ai04,EXPLAIN_OR_IDENTIFY,解释含义或识别指称,查询字词翻译与语言知识,语言培训,U10,0,0.5584053,练习的英文,4721,804,
教育,assistant_random1k,参加暑创考试中的英文,1.0,,,user,ai04,EXPLAIN_OR_IDENTIFY,解释含义或识别指称,查询字词翻译与语言知识,语言培训,U10,0,0.5662149,创的拼音,9342,500,
教育,assistant_random1k,可以翻译成木已成舟吗？,1.0,,,user,ai04,EXPLAIN_OR_IDENTIFY,解释含义或识别指称,查询字词翻译与语言知识,语言培训,U13,0,0.5502441,翻译,3,46513,U01
教育,assistant_random1k,"可靠的。。。。。。。。,英文造句短。带中文",1.0,,,user,ai04,GENERATE_OR_REVISE_TEXT,生成或改写文本,短句文案查询,语言培训,U10,0,0.5836705,短组词,2670,1213,
教育,assistant_random1k,味道真不错英语怎么写,1.0,,,user,ai04,GENERATE_OR_REVISE_TEXT,生成或改写文本,查询字词翻译与语言知识,语言培训,U10,0,0.5525818,漂亮的英文,9834,482,
教育,assistant_random1k,嗯，刚开始我们听的是沃英认识嗯，然后又嗯，看听的沃英认识，然后又看到那个嗯嗯嗯蓝色小考拉呀动物王国大冒险嗯，泰尔汤斯库都是看八遍听16遍的节奏，但是每一次都是40分钟左右，听力更多，为什么才达到这个水平啊？,1.0,,,user,ai04,FICTION_CONTINUATION_AND_ROLEPLAY,虚构续写与角色扮演,生成游戏动漫同人创作并查询虚构设定,语言培训,U07,1,0.46318746,整体认读音节16个,1037,2855,
教育,assistant_random1k,在门附近翻译成英语,1.0,,,user,ai04,EXPLAIN_OR_IDENTIFY,解释含义或识别指称,查询字词翻译与语言知识,语言培训,U10,0,0.55143386,附近,6508,644,
教育,assistant_random1k,如何把AstroSeek网页翻译成中文,1.0,,,user,ai04,GENERAL_HOWTO_GUIDE,通用操作与生活指南,查询字词翻译与语言知识,语言培训,U06,0,0.5205761,中译英在线翻译,6395,651,
教育,assistant_random1k,姥爷的英文单词是什么,1.0,,,user,ai04,EXPLAIN_OR_IDENTIFY,解释含义或识别指称,查询字词翻译与语言知识,语言培训,U10,0,0.52686226,英语单词,7721,570,U02
教育,assistant_random1k,帮我搜索她的完整内容，英语,1.0,,,user,ai04,MEDIA_CONTENT_SEARCH_OR_ACCESS,按线索查找或获取影音书资源,查询字词翻译与语言知识,语言培训,U11,0,0.50287694,her,9036,511,
教育,assistant_random1k,帮我画 英语好词好句摘抄大全带翻译,1.0,,,user,ai04,GENERATE_OR_REVISE_TEXT,生成或改写文本,按描述生成图片与Logo设计,语言培训,U10,0,0.659294,画画的英文,6309,658,
教育,assistant_random1k,帮我画 野性的呼唤英文手抄报,1.0,,,user,ai04,GENERATE_OR_EDIT_SAFE_IMAGE,生成或编辑非敏感图像,按描述生成图片与Logo设计,语言培训,U10,0,0.5064308,画画的英文,6309,658,
教育,assistant_random1k,帮我编一个适合放入小王子英语读书小报中的两段话,1.0,,,user,ai04,GENERATE_OR_REVISE_TEXT,生成或改写文本,生成与修改作文类文本,语言培训,U10,0,0.45040998,英语作文,7449,586,
教育,assistant_random1k,总而言之，这本书是什么样的用英文,1.0,,,user,ai04,EXPLAIN_OR_IDENTIFY,解释含义或识别指称,查询字词翻译与语言知识,语言培训,U10,0,0.52114475,book,5043,771,
教育,assistant_random1k,我们要用to,1.0,,,user,ai04,NON_INTENT_SOCIAL_OR_EMOTIONAL_TURN,无内容社交与情绪表达轮,归集含“我”字杂项查询,语言培训,U13,0,0.7560324,to,7033,610,U13
教育,assistant_random1k,我可不知道她英文怎么样啊，他当时刚刚进来这个缺德的女的，我不知道这缺德女的英文怎么样，总之我说white lie了，好像是没反应过来，不然他后面怎么会又开始秀他的陈绮贞的歌啊，又是朗诵啊，我看他满足了劲在那表演呢，可能我这句话他他没,1.0,,,user,ai04,FICTION_CONTINUATION_AND_ROLEPLAY,虚构续写与角色扮演,分析情感关系中的对方心理与动机,语言培训,U13,1,0.5250221,尴尬,8766,521,
教育,assistant_random1k,"我喜欢你,做我婆娘吧英文",1.0,,,user,ai04,NON_INTENT_SOCIAL_OR_EMOTIONAL_TURN,无内容社交与情绪表达轮,归集含“我”字杂项查询,语言培训,U10,0,0.5507054,最喜欢的英文,9483,495,
教育,assistant_random1k,我已经把所有的星穹换成了灰色的票子地道英语翻译,1.0,,,user,ai04,MEDIA_CONTENT_SEARCH_OR_ACCESS,按线索查找或获取影音书资源,查询字词翻译与语言知识,语言培训,U10,1,0.60309374,灰色的英文,7055,608,
教育,assistant_random1k,我是贾汪中学七年级的学生，英文,1.0,,,user,ai04,GENERATE_OR_REVISE_TEXT,生成或改写文本,查询字词翻译与语言知识,语言培训,U10,1,0.52779347,7月的英文,2773,1179,
教育,assistant_random1k,我的朋友非常喜欢这个的英语,1.0,,,user,ai04,EXPLAIN_OR_IDENTIFY,解释含义或识别指称,查询字词翻译与语言知识,语言培训,U10,0,0.6436372,朋友的英文,8126,549,
教育,assistant_random1k,戴墨镜,1.0,,,user,ai04,NON_INTENT_FRAGMENT_UNDERSPECIFIED_INPUT,残缺或不可独立解释输入,近视手术价格与风险查询,语言培训,U13,0,0.535916,戴的笔顺,8515,531,
教育,assistant_random1k,打扫房间的英语作文,1.0,,,user,ai04,GENERAL_HOWTO_GUIDE,通用操作与生活指南,短句文案查询,语言培训,U10,0,0.6079451,英语作文,7449,586,
教育,assistant_random1k,把上文翻译出来,1.0,,,user,ai04,CORRECT_OR_ADJUST_PREVIOUS_OUTPUT,修改上一轮输出,查询字词翻译与语言知识,语言培训,U10,0,0.7096214,翻译,3,46513,U01
教育,assistant_random1k,推荐一本你最喜欢的书的英语作文,1.0,,,user,ai04,MEDIA_CONTENT_SEARCH_OR_ACCESS,按线索查找或获取影音书资源,生成与修改作文类文本,语言培训,U10,0,0.6030059,最喜欢的英文,9483,495,
教育,assistant_random1k,早午晚安日语,1.0,,,user,ai04,GENERATE_OR_REVISE_TEXT,生成或改写文本,祝福问候语查询,语言培训,U10,0,0.60962933,晚安的英文,7873,562,U10
教育,assistant_random1k,明日方舟霍尔海雅的俄文翻译是什么,1.0,,,user,ai04,EXPLAIN_OR_IDENTIFY,解释含义或识别指称,查询字词翻译与语言知识,语言培训,U10,0,0.43671936,日语翻译,1937,1576,
教育,assistant_random1k,有没有Lesson 2的单词发音视频,1.0,,,user,ai04,MEDIA_CONTENT_SEARCH_OR_ACCESS,按线索查找或获取影音书资源,查询字词翻译与语言知识,语言培训,U09,0,0.4979318,贰的读音,4258,864,
教育,assistant_random1k,有没有五年级下册的英语单词表,1.0,,,user,ai04,MEDIA_CONTENT_SEARCH_OR_ACCESS,按线索查找或获取影音书资源,查询字词翻译与语言知识,语言培训,U08,0,0.6351862,五年级下册语文,3746,945,U02
教育,assistant_random1k,有没有哈尔滨英语演讲的范文,1.0,,,user,ai04,GENERATE_OR_REVISE_TEXT,生成或改写文本,生成与修改作文类文本,语言培训,U09,0,0.4890981,英语作文,7449,586,
教育,assistant_random1k,材料有大叶，中叶，红枣，蜂蜜和糖的英文,1.0,,,user,ai04,LIST_AND_RECOMMENDATION_REQUEST,枚举清单或建议推荐,查询字词翻译与语言知识,语言培训,U10,0,0.5641258,果汁的英文,9955,478,
教育,assistant_random1k,此外，我向校刊英语角投稿，并希望能够选上英文,1.0,,,user,ai04,GENERATE_OR_REVISE_TEXT,生成或改写文本,查询字词翻译与语言知识,语言培训,U10,1,0.5219003,英语,1849,1630,
教育,assistant_random1k,爸爸戴着一副眼镜，有一对小小的眼睛，的英语,1.0,,,user,ai04,NON_INTENT_FRAGMENT_UNDERSPECIFIED_INPUT,残缺或不可独立解释输入,查询字词翻译与语言知识,语言培训,U10,0,0.5320669,眼睛的拼音,2548,1260,
教育,assistant_random1k,用人教精通版的英语书完成这个,1.0,,,user,ai04,GENERATE_OR_REVISE_TEXT,生成或改写文本,查询字词翻译与语言知识,语言培训,U13,0,0.59431714,三年级英语上册免费跟读人教版,8212,544,
教育,assistant_random1k,甲亢怎么翻译,1.0,,,user,ai04,GENERATE_OR_REVISE_TEXT,生成或改写文本,查询字词翻译与语言知识,语言培训,U10,0,0.60282624,翻译,3,46513,U01
教育,assistant_random1k,给我的英语单词是什,1.0,,,user,ai04,EXPLAIN_OR_IDENTIFY,解释含义或识别指称,查询字词翻译与语言知识,语言培训,U13,0,0.7138184,英语单词,7721,570,U02
教育,assistant_random1k,翻译，我上面所有的疯狂动物城,1.0,,,user,ai04,LIST_AND_RECOMMENDATION_REQUEST,枚举清单或建议推荐,查询字词翻译与语言知识,语言培训,U10,0,0.5653198,翻译,3,46513,U01
教育,assistant_random1k,能再给一个更简单的英语日记吗,1.0,,,user,ai04,CORRECT_OR_ADJUST_PREVIOUS_OUTPUT,修改上一轮输出,改写已有回复,语言培训,U11,0,0.6140378,diary,7587,578,U02
教育,assistant_random1k,能再给一份更口语化的翻译吗,1.0,,,user,ai04,CORRECT_OR_ADJUST_PREVIOUS_OUTPUT,修改上一轮输出,改写已有回复,语言培训,U11,0,0.64894646,翻译,3,46513,U01
教育,assistant_random1k,能直接发一个Oliver的发音示范音频吗,1.0,,,user,ai04,EXPLAIN_OR_IDENTIFY,解释含义或识别指称,查询字词翻译与语言知识,语言培训,U09,0,0.5205631,提供的拼音,1772,1684,
教育,assistant_random1k,英语天天练抓个精灵吧模式有哪些任务,1.0,,,user,ai04,LIST_AND_RECOMMENDATION_REQUEST,枚举清单或建议推荐,解答游戏玩法、配置与设计问题,语言培训,U08,0,0.47149953,"偷梁换柱显奇技,不劳而获极机智 猜一动物",586,4564,U09
教育,assistant_random1k,英语电影崭新之日蜘蛛侠作文观后感英文小报,1.0,,,user,ai04,GENERATE_OR_REVISE_TEXT,生成或改写文本,生成与修改作文类文本,语言培训,U10,0,0.5058217,英语作文,7449,586,
教育,assistant_random1k,英语阅读记录《书虫》,1.0,,,user,ai04,MEDIA_CONTENT_SEARCH_OR_ACCESS,按线索查找或获取影音书资源,查询字词翻译与语言知识,语言培训,U09,0,0.60703135,昆虫记,8345,538,
教育,assistant_random1k,请提供完整的韩语句子,1.0,,,user,ai04,MEDIA_CONTENT_SEARCH_OR_ACCESS,按线索查找或获取影音书资源,短句文案查询,语言培训,U10,0,0.55530256,韩语翻译,5297,745,
教育,assistant_random1k,请用七年级的英语作文写一篇我最爱的运动80字左右有开头和结尾,1.0,,,user,ai04,MEDIA_CONTENT_SEARCH_OR_ACCESS,按线索查找或获取影音书资源,生成与修改作文类文本,语言培训,U10,0,0.4974178,英语作文,7449,586,
教育,assistant_random1k,谚语的英文是什么？,1.0,,,user,ai04,EXPLAIN_OR_IDENTIFY,解释含义或识别指称,查询字词翻译与语言知识,语言培训,U10,0,0.473037,英文翻译,1236,2378,
教育,assistant_random1k,还学会了法语,1.0,,,user,ai04,NON_INTENT_SOCIAL_OR_EMOTIONAL_TURN,无内容社交与情绪表达轮,识别并处理零散口语与叙事片段,语言培训,U13,0,0.5810141,学的拼音,5820,698,
教育,assistant_random1k,这个k等于什么意思啊？,1.0,,,user,ai04,EXPLAIN_OR_IDENTIFY,解释含义或识别指称,查询事物或词语的含义与说明,语言培训,U13,0,0.6720437,k,4402,846,
教育,assistant_random1k,这个上面写的英语上面写的中文是什么？,1.0,,,user,ai04,EXPLAIN_OR_IDENTIFY,解释含义或识别指称,查询字词翻译与语言知识,语言培训,U10,0,0.520143,中译英,3183,1059,
教育,assistant_random1k,这个名字翻译成中文，怎么说？,1.0,,,user,ai04,EXPLAIN_OR_IDENTIFY,解释含义或识别指称,名称查询,语言培训,U11,0,0.54102284,翻译,3,46513,U01
教育,assistant_random1k,这个暑假，我想学日语，可以吗？,1.0,,,user,ai04,GENERAL_HOWTO_GUIDE,通用操作与生活指南,归集含“我”字杂项查询,语言培训,U07,1,0.6024103,日语,6966,615,
教育,assistant_random1k,这些的英语题目是什么？,1.0,,,user,ai04,EXPLAIN_OR_IDENTIFY,解释含义或识别指称,查询事物或词语的含义与说明,语言培训,U13,0,0.5702234,问题的英文,7655,574,
教育,assistant_random1k,这块石头是玉吗英文翻译,1.0,,,user,ai04,EXPLAIN_OR_IDENTIFY,解释含义或识别指称,查询字词翻译与语言知识,语言培训,U10,0,0.6054495,玉,7761,568,
教育,assistant_random1k,这是小学三年级英语作业怎么完成？,1.0,,,user,ai04,EXPLAIN_OR_IDENTIFY,解释含义或识别指称,操作与制作方法查询,语言培训,U06,0,0.46543354,英语作文,7449,586,
教育,assistant_random1k,选项c详细描述,1.0,,,user,ai04,EXPLAIN_OR_IDENTIFY,解释含义或识别指称,整理生成表格与总结,语言培训,U11,0,0.65570086,c,3301,1033,
教育,assistant_random1k,那你能直接发我卷子吗,1.0,,,user,ai04,GENERAL_HOWTO_GUIDE,通用操作与生活指南,改写已有回复,语言培训,U09,0,0.5525157,给,8023,555,
教育,assistant_random1k,那四年级的excuse me是什么意思？,1.0,,,user,ai04,EXPLAIN_OR_IDENTIFY,解释含义或识别指称,查询字词翻译与语言知识,语言培训,U04,0,0.49952054,...是什么意思?,3276,1038,U13
教育,assistant_random1k,那请帮我翻译这句话，我最喜欢的部分是狗，因为他是个很聪明的人，找到了,1.0,,,user,ai04,EXPLAIN_OR_IDENTIFY,解释含义或识别指称,识别并处理零散口语与叙事片段,语言培训,U10,0,0.45382097,狗的笔顺,9716,487,
教育,assistant_random1k,"长难句中的""eureka moment""是什么意思",1.0,,,user,ai04,EXPLAIN_OR_IDENTIFY,解释含义或识别指称,查询字词翻译与语言知识,语言培训,U04,0,0.49260217,moment的中文翻译,7771,568,
教育,assistant_random1k,阿拉伯语入门难不难,1.0,,,user,ai04,EXPLAIN_OR_IDENTIFY,解释含义或识别指称,查询字词翻译与语言知识,语言培训,U04,0,0.47742662,行路难,764,3762,U02
教育,assistant_random1k,高三英语刷题卷推荐,1.0,,,user,ai04,LIST_AND_RECOMMENDATION_REQUEST,枚举清单或建议推荐,查询学校和教育信息,语言培训,U08,0,0.53936005,高考院校排行,7988,557,
