surface,query,pv,u_ds,p_ds,s_query,s_rank,sim,via,加入具体的人(家人/年龄/我),加入数值/病程,要判断(严重吗/能…吗/需要…吗),要去处/费用,用药组合/时间/剂量,省略主语/给图,变短为裸词,方向反转:搜索要图→助手给图
assistant_top1k,中医养生科普,1405.0,U04,0,养生,7935,0.7656406760215759,nn,False,False,False,False,False,False,False,False
assistant_top1k,吃什么立马排便,1202.0,U07,0,通便吃什么最快排便,6508,0.809160590171814,nn,False,False,False,False,False,False,False,False
assistant_top1k,西梅有什么功效,1087.0,U04,0,西梅的功效与作用,7340,0.9349954128265381,nn,False,False,False,False,False,False,False,False
assistant_top1k,西梅有什么功效,1087.0,U04,0,西梅的功效与作用,7340,,entity:西梅,False,False,False,False,False,False,False,False
assistant_top1k,石榴功效和作用,815.0,U04,0,番石榴的功效与作用,5016,0.8905499577522278,nn,False,False,False,False,False,False,False,False
assistant_top1k,吃什么能变白？,770.0,U08,0,头发白怎么调理吃什么能变黑,5366,0.7569388151168823,nn,False,False,False,False,False,False,False,False
assistant_top1k,无花果有什么功效,430.0,U04,0,无花果的功效与作用,5117,0.9265035390853882,nn,False,False,False,False,False,False,False,False
assistant_top1k,无花果有什么功效,430.0,U04,0,无花果的功效与作用和主治,85,,entity:无花果,False,False,False,False,False,False,False,False
assistant_top1k,饭前吃还是饭后吃,341.0,U13,0,健胃消食片饭前吃还是饭后吃效果好,4269,0.8234631419181824,nn,False,False,False,False,False,True,False,False
assistant_top1k,健康,332.0,U02,0,健康,3599,0.9999998211860657,nn,False,False,False,False,False,False,False,False
assistant_top1k,榴莲的功效,314.0,U04,0,榴莲的功效与作用,2667,0.9557796716690063,nn,False,False,False,False,False,False,False,False
assistant_top1k,榴莲的功效,314.0,U04,0,榴莲的功效和营养价值,36,,entity:榴莲,False,False,False,False,False,False,False,False
assistant_top1k,紫苏籽油的功效,307.0,U04,0,紫苏籽油的功效,9625,1.0000001192092896,nn,False,False,False,False,False,False,False,False
assistant_top1k,紫苏籽油的功效,307.0,U04,0,紫苏籽油的功效与作用,433,,entity:紫苏籽油,False,False,False,False,False,False,False,False
assistant_top1k,黄皮果的功效与作用图片,301.0,U04,0,黄皮果的功效与作用图片,50,0.9999993443489075,nn,False,False,False,False,False,False,False,False
assistant_top1k,黄皮果的功效与作用图片,301.0,U04,0,黄皮果的功效与作用,40,,entity:黄皮果,False,False,False,False,False,False,False,False
assistant_top1k,鹰嘴豆的功效,290.0,U04,0,鹰嘴豆的功效与作用,197,0.9851688742637634,nn,False,False,False,False,False,False,False,False
assistant_top1k,鹰嘴豆的功效,290.0,U04,0,鹰嘴豆的功效与作用,197,,entity:鹰嘴豆,False,False,False,False,False,False,False,False
assistant_top1k,西梅适合哪些人群食用,282.0,U04,0,西梅的功效与作用,7340,0.802683413028717,nn,False,False,False,False,False,False,False,False
assistant_top1k,西梅适合哪些人群食用,282.0,U04,0,西梅的功效与作用,7340,,entity:西梅,False,False,False,False,False,False,False,False
assistant_top1k,大麦茶喝了有什么功效和作用,280.0,U04,0,喝大麦茶有什么好处和功效,5925,0.9473052620887756,nn,False,False,False,False,False,False,False,False
assistant_top1k,大麦茶喝了有什么功效和作用,280.0,U04,0,大麦茶的作用与功效,27,,entity:大麦茶,False,False,False,False,False,False,False,False
assistant_top1k,人参果有什么功效,279.0,U04,0,人参果的功效与作用,1091,0.9399558305740356,nn,False,False,False,False,False,False,False,False
assistant_top1k,人参果有什么功效,279.0,U04,0,人参果的功效与作用,1091,,entity:人参果,False,False,False,False,False,False,False,False
assistant_top1k,桦树汁的功效和副作用,272.0,U04,0,桦树汁的功效和副作用,9535,1.000000238418579,nn,False,False,False,False,False,False,False,False
assistant_top1k,苦荞茶的功效,264.0,U04,0,苦荞茶的作用与功效,273,0.9761761426925659,nn,False,False,False,False,False,False,False,False
assistant_top1k,苦荞茶的功效,264.0,U04,0,苦荞茶的功效和作用,129,,entity:苦荞茶,False,False,False,False,False,False,False,False
assistant_top1k,葡萄的功效,256.0,U04,0,葡萄的功效与作用,1048,0.9523454308509827,nn,False,False,False,False,False,False,False,False
assistant_top1k,葡萄的功效,256.0,U04,0,葡萄的功效与作用,1048,,entity:葡萄,False,False,False,False,False,False,False,False
assistant_top1k,鹰嘴豆功效和作用,250.0,U04,0,鹰嘴豆的功效与作用,197,0.9941216707229614,nn,False,False,False,False,False,False,False,False
assistant_top1k,鹰嘴豆功效和作用,250.0,U04,0,鹰嘴豆的功效与作用,197,,entity:鹰嘴豆,False,False,False,False,False,False,False,False
assistant_top1k,海参的功效与作用,236.0,U04,0,海参的功效与作用及营养,7003,0.9522777199745178,nn,False,False,False,False,False,False,False,False
assistant_top1k,海参的功效与作用,236.0,U04,0,海参的功效与作用及营养,7003,,entity:海参,False,False,False,False,False,False,False,False
assistant_top1k,枸杞的功效,235.0,U04,0,枸杞的功效与作用,5196,0.9423855543136597,nn,False,False,False,False,False,False,False,False
assistant_top1k,枸杞的功效,235.0,U04,0,枸杞的功效与作用,5196,,entity:枸杞,False,False,False,False,False,False,False,False
assistant_top1k,西梅的营养价值有哪些,225.0,U04,0,西梅的功效与作用,7340,0.853059709072113,nn,False,False,False,False,False,False,False,False
assistant_top1k,西梅的营养价值有哪些,225.0,U04,0,西梅的功效与作用,7340,,entity:西梅,False,False,False,False,False,False,False,False
assistant_top1k,南瓜子的功效,214.0,U04,0,南瓜子的作用与功效,455,0.9701396226882935,nn,False,False,False,False,False,False,False,False
assistant_top1k,南瓜子的功效,214.0,U04,0,南瓜子的作用与功效,455,,entity:南瓜子,False,False,False,False,False,False,False,False
assistant_top1k,苦丁茶功效作用,210.0,U04,0,苦丁茶有什么作用和功效,4777,0.8998234272003174,nn,False,False,False,False,False,False,False,False
assistant_top1k,苦丁茶功效作用,210.0,U04,0,苦丁茶的功效和作用是什么,1503,,entity:苦丁茶,False,False,False,False,False,False,False,False
assistant_top1k,丝瓜的功效,208.0,U04,0,丝瓜的功效与作用,8973,0.9719715118408203,nn,False,False,False,False,False,False,False,False
assistant_top1k,丝瓜的功效,208.0,U04,0,丝瓜的功效和作用,298,,entity:丝瓜,False,False,False,False,False,False,False,False
assistant_top1k,喝劲酒有什么好处,201.0,U04,0,劲酒的功效和作用,2371,0.8399521112442017,nn,False,False,False,False,False,False,False,False
assistant_top1k,山楂的功效,195.0,U04,0,山楂的功效,909,0.9999999403953552,nn,False,False,False,False,False,False,False,False
assistant_top1k,山楂的功效,195.0,U04,0,山楂的作用与功效,461,,entity:山楂,False,False,False,False,False,False,False,False
assistant_top1k,石榴的功效与作用及营养价值,191.0,U04,0,榴莲的功效和营养价值和作用,9456,0.8700419664382935,nn,False,False,False,False,False,False,False,False
assistant_top1k,丝瓜的功效和作用,190.0,U04,0,丝瓜的功效和作用,298,1.0000004768371582,nn,False,False,False,False,False,False,False,False
assistant_top1k,秋葵的功效,190.0,U04,0,秋葵的功效与作用及营养,37,0.9378944635391235,nn,False,False,False,False,False,False,False,False
assistant_top1k,秋葵的功效,190.0,U04,0,秋葵的功效与作用及营养,37,,entity:秋葵,False,False,False,False,False,False,False,False
assistant_top1k,黄瓜的功效与作用,190.0,U04,0,黄瓜的功效与作用,91,1.0,nn,False,False,False,False,False,False,False,False
assistant_top1k,秋葵的作用功效,189.0,U04,0,秋葵的功效与作用及营养,37,0.9490618705749512,nn,False,False,False,False,False,False,False,False
assistant_top1k,秋葵的作用功效,189.0,U04,0,秋葵的功效与作用及营养,37,,entity:秋葵,False,False,False,False,False,False,False,False
assistant_top1k,百香果有什么功效,179.0,U04,0,百香果有什么功效与作用,8491,0.9546294212341309,nn,False,False,False,False,False,False,False,False
assistant_top1k,百香果有什么功效,179.0,U04,0,百香果的功效和作用,122,,entity:百香果,False,False,False,False,False,False,False,False
assistant_top1k,香蕉作用与功效,179.0,U04,0,香蕉的功效与作用及营养价值,326,0.9413428902626038,nn,False,False,False,False,False,False,False,False
assistant_top1k,香蕉作用与功效,179.0,U04,0,香蕉的功效与作用及营养价值,326,,entity:香蕉,False,False,False,False,False,False,False,False
assistant_top1k,苦瓜的功效,170.0,U04,0,苦瓜的功效与作用,117,0.9530413150787354,nn,False,False,False,False,False,False,False,False
assistant_top1k,苦瓜的功效,170.0,U04,0,苦瓜的功效与作用,117,,entity:苦瓜,False,False,False,False,False,False,False,False
assistant_top1k,"西梅的功效与作用,一天吃几颗",169.0,U04,0,西梅的功效与作用,7340,0.8419747352600098,nn,False,False,False,False,True,False,False,False
assistant_top1k,"西梅的功效与作用,一天吃几颗",169.0,U04,0,西梅的功效与作用,7340,,entity:西梅,False,False,False,False,True,False,False,False
assistant_top1k,叶下珠有哪些功效和作用,168.0,U04,0,叶下珠草药的功效与作用,722,0.926670253276825,nn,False,False,False,False,False,False,False,False
assistant_top1k,火龙果功效作用,168.0,U04,0,火龙果的作用与功效,55,0.9661977291107178,nn,False,False,False,False,False,False,False,False
assistant_top1k,火龙果功效作用,168.0,U04,0,火龙果的作用与功效,55,,entity:火龙果,False,False,False,False,False,False,False,False
assistant_top1k,莓茶的作用和功效,168.0,U04,0,莓茶的作用和功效,3967,1.0000001192092896,nn,False,False,False,False,False,False,False,False
assistant_top1k,莓茶的作用和功效,168.0,U04,0,莓茶的功效与作用的功能与主治,1130,,entity:莓茶,False,False,False,False,False,False,False,False
assistant_top1k,榴莲的营养价值及功效与作用,166.0,U04,0,榴莲的功效和营养价值和作用,9456,0.975025475025177,nn,False,False,False,False,False,False,False,False
assistant_top1k,榴莲的营养价值及功效与作用,166.0,U04,0,榴莲的功效和营养价值,36,,entity:榴莲,False,False,False,False,False,False,False,False
assistant_top1k,西梅一天吃多少合适,162.0,U03,0,西梅的功效与作用,7340,,entity:西梅,False,False,False,False,True,False,False,False
assistant_top1k,紫苏有什么功效,159.0,U04,0,紫苏的功效与作用,2082,0.9216828346252441,nn,False,False,False,False,False,False,False,False
assistant_top1k,紫苏有什么功效,159.0,U04,0,紫苏的功效与作用,2082,,entity:紫苏,False,False,False,False,False,False,False,False
assistant_top1k,山药的功效,157.0,U04,0,山药的功效和作用,4349,0.935936689376831,nn,False,False,False,False,False,False,False,False
assistant_top1k,山药的功效,157.0,U04,0,山药的功效与主治,353,,entity:山药,False,False,False,False,False,False,False,False
assistant_top1k,紫苏的功效,157.0,U04,0,紫苏的功效与作用,2082,0.977155327796936,nn,False,False,False,False,False,False,False,False
assistant_top1k,紫苏的功效,157.0,U04,0,紫苏的功效与作用,2082,,entity:紫苏,False,False,False,False,False,False,False,False
assistant_top1k,燕麦片功效作用,156.0,U04,0,燕麦片的功效与作用,307,0.9781043529510498,nn,False,False,False,False,False,False,False,False
assistant_top1k,燕麦片功效作用,156.0,U04,0,燕麦片的功效与作用,307,,entity:燕麦片,False,False,False,False,False,False,False,False
assistant_top1k,百香果的功效与作用及食用方法,155.0,U04,0,百香果的功效与作用及食用方法,257,0.9999998211860657,nn,False,False,False,False,False,False,False,False
assistant_top1k,百香果的功效与作用及食用方法,155.0,U04,0,百香果的功效和作用,122,,entity:百香果,False,False,False,False,False,False,False,False
assistant_top1k,桑葚的功效,152.0,U04,0,桑葚的功效与作用,320,0.9673674702644348,nn,False,False,False,False,False,False,False,False
assistant_top1k,桑葚的功效,152.0,U04,0,桑葚的功效与作用,320,,entity:桑葚,False,False,False,False,False,False,False,False
assistant_top1k,石榴的功效与作用,152.0,U04,0,番石榴的功效与作用,5016,0.8944459557533264,nn,False,False,False,False,False,False,False,False
assistant_top1k,椰子水的功效,150.0,U04,0,椰子水的作用与功效,561,0.9751200675964355,nn,False,False,False,False,False,False,False,False
assistant_top1k,椰子水的功效,150.0,U04,0,椰子水的作用与功效,561,,entity:椰子水,False,False,False,False,False,False,False,False
assistant_top1k,海参有什么好处和功效,150.0,U04,0,海参的功效与作用及营养,7003,0.8148143291473389,nn,False,False,False,False,False,False,False,False
assistant_top1k,海参有什么好处和功效,150.0,U04,0,海参的功效与作用及营养,7003,,entity:海参,False,False,False,False,False,False,False,False
assistant_top1k,芒果的功效,150.0,U04,0,芒果的功效与作用,317,0.9593159556388855,nn,False,False,False,False,False,False,False,False
assistant_top1k,芒果的功效,150.0,U04,0,芒果的功效与作用,317,,entity:芒果,False,False,False,False,False,False,False,False
assistant_top1k,银耳的功效,149.0,U04,0,银耳的功效与作用,6657,0.9727564454078674,nn,False,False,False,False,False,False,False,False
assistant_top1k,银耳的功效,149.0,U04,0,银耳的作用与功效,458,,entity:银耳,False,False,False,False,False,False,False,False
assistant_top1k,蜂蜜有什么功效,147.0,U04,0,蜂蜜的功效与作用,1457,0.8714056611061096,nn,False,False,False,False,False,False,False,False
assistant_top1k,蜂蜜有什么功效,147.0,U04,0,蜂蜜的作用与功效,237,,entity:蜂蜜,False,False,False,False,False,False,False,False
assistant_top1k,黑芝麻的功效,146.0,U04,0,黑芝麻的功效与作用,648,0.9518799185752869,nn,False,False,False,False,False,False,False,False
assistant_top1k,黑芝麻的功效,146.0,U04,0,黑芝麻的功效与作用,648,,entity:黑芝麻,False,False,False,False,False,False,False,False
assistant_top1k,罗汉果的功效,144.0,U04,0,罗汉果的功效与作用,1926,0.9782283306121826,nn,False,False,False,False,False,False,False,False
assistant_top1k,罗汉果的功效,144.0,U04,0,罗汉果的功效作用与主治,196,,entity:罗汉果,False,False,False,False,False,False,False,False
assistant_top1k,无花果的作用,138.0,U04,0,无花果的功效与作用,5117,0.9372559189796448,nn,False,False,False,False,False,False,False,False
assistant_top1k,无花果的作用,138.0,U04,0,无花果的功效与作用和主治,85,,entity:无花果,False,False,False,False,False,False,False,False
assistant_top1k,牛油果作用与功效,137.0,U04,0,牛油果的作用与功效,308,0.9953778982162476,nn,False,False,False,False,False,False,False,False
assistant_top1k,牛油果作用与功效,137.0,U04,0,牛油果的作用与功效,308,,entity:牛油果,False,False,False,False,False,False,False,False
assistant_top1k,石榴的营养价值,135.0,U04,0,榴莲的功效和营养价值,36,0.8178159594535828,nn,False,False,False,False,False,False,False,False
assistant_top1k,雪莲果的功效作用,135.0,U04,0,雪莲花的功效与作用,9840,0.875083327293396,nn,False,False,False,False,False,False,False,False
assistant_top1k,百香果功效与作用,134.0,U04,0,百香果的功效与作用,9638,0.9915791749954224,nn,False,False,False,False,False,False,False,False
assistant_top1k,百香果功效与作用,134.0,U04,0,百香果的功效和作用,122,,entity:百香果,False,False,False,False,False,False,False,False
assistant_top1k,功效与作用,133.0,U13,0,人参的功效与作用,1312,0.7643276453018188,nn,False,False,False,False,False,True,False,False
assistant_top1k,一天吃几次,130.0,U13,0,阿莫西林一天吃几次,9970,0.7515650987625122,nn,False,False,False,False,False,True,False,False
assistant_top1k,莲子有什么功效,130.0,U04,0,莲子的功效与作用,60,0.9084278345108032,nn,False,False,False,False,False,False,False,False
assistant_top1k,莲子有什么功效,130.0,U04,0,莲子的功效与作用,60,,entity:莲子,False,False,False,False,False,False,False,False
assistant_top1k,刺梨果的功效,129.0,U04,0,刺梨的功效与作用,495,0.9349274635314941,nn,False,False,False,False,False,False,False,False
assistant_top1k,刺梨果的功效,129.0,U04,0,刺梨的功效与作用,495,,entity:刺梨,False,False,False,False,False,False,False,False
assistant_top1k,木瓜的功效作用,129.0,U04,0,木瓜的作用与功效,384,0.9832388758659363,nn,False,False,False,False,False,False,False,False
assistant_top1k,木瓜的功效作用,129.0,U04,0,木瓜的作用与功效,384,,entity:木瓜,False,False,False,False,False,False,False,False
assistant_top1k,紫苏油作用与功效,129.0,U04,0,紫苏油作用与功效,1360,0.9999995827674866,nn,False,False,False,False,False,False,False,False
assistant_top1k,莲子的功效,129.0,U04,0,莲子的功效与作用,60,0.9657018780708313,nn,False,False,False,False,False,False,False,False
assistant_top1k,莲子的功效,129.0,U04,0,莲子的功效与作用,60,,entity:莲子,False,False,False,False,False,False,False,False
assistant_top1k,藕粉功效作用,129.0,U04,0,藕粉的作用与功效,2844,0.9832843542098999,nn,False,False,False,False,False,False,False,False
assistant_top1k,藕粉功效作用,129.0,U04,0,藕粉的作用与功效,2844,,entity:藕粉,False,False,False,False,False,False,False,False
assistant_top1k,亚麻籽的功效,127.0,U04,0,亚麻籽的功效与作用,489,0.9834693074226379,nn,False,False,False,False,False,False,False,False
assistant_top1k,亚麻籽的功效,127.0,U04,0,亚麻籽的功效与作用,489,,entity:亚麻籽,False,False,False,False,False,False,False,False
assistant_top1k,山竹有什么功效,125.0,U04,0,山竹的作用与功效,3901,0.8957638144493103,nn,False,False,False,False,False,False,False,False
assistant_top1k,山竹有什么功效,125.0,U04,0,山竹的功效与作用及营养价值,234,,entity:山竹,False,False,False,False,False,False,False,False
assistant_top1k,五指毛桃的功效,124.0,U04,0,五指毛桃的功效与作用,45,0.9871774315834045,nn,False,False,False,False,False,False,False,False
assistant_top1k,五指毛桃的功效,124.0,U04,0,五指毛桃的功效与作用,45,,entity:五指毛桃,False,False,False,False,False,False,False,False
assistant_top1k,大麦茶功效作用,123.0,U04,0,大麦茶的功效与作用,7387,0.9853217601776123,nn,False,False,False,False,False,False,False,False
assistant_top1k,大麦茶功效作用,123.0,U04,0,大麦茶的作用与功效,27,,entity:大麦茶,False,False,False,False,False,False,False,False
assistant_top1k,肉桂的功效,123.0,U04,0,肉桂的功效与作用,195,0.9788203239440918,nn,False,False,False,False,False,False,False,False
assistant_top1k,肉桂的功效,123.0,U04,0,肉桂的功效与作用,195,,entity:肉桂,False,False,False,False,False,False,False,False
assistant_top1k,饭前还是饭后吃,123.0,U13,0,健胃消食片饭前吃还是饭后吃效果好,4269,0.8164799213409424,nn,False,False,False,False,False,True,False,False
assistant_top1k,五指毛桃功效作用,120.0,U04,0,五指毛桃的功效与作用,45,0.9894992113113403,nn,False,False,False,False,False,False,False,False
assistant_top1k,五指毛桃功效作用,120.0,U04,0,五指毛桃的功效与作用,45,,entity:五指毛桃,False,False,False,False,False,False,False,False
assistant_top1k,夏季养生原则,120.0,U04,0,夏季养生原则,3669,0.9999997019767761,nn,False,False,False,False,False,False,False,False
assistant_top1k,奇亚籽的功效,120.0,U04,0,奇亚籽的功效与作用,544,0.9872850775718689,nn,False,False,False,False,False,False,False,False
assistant_top1k,奇亚籽的功效,120.0,U04,0,奇亚籽的功效与作用,544,,entity:奇亚籽,False,False,False,False,False,False,False,False
assistant_top1k,芋头的功效作用,120.0,U04,0,芋头的功效与作用,3206,0.9874836206436157,nn,False,False,False,False,False,False,False,False
assistant_top1k,芋头的功效作用,120.0,U04,0,芋头的功效与作用及营养,2472,,entity:芋头,False,False,False,False,False,False,False,False
assistant_top1k,罗汉果作用与功效,119.0,U04,0,罗汉果的功效与作用,1926,0.9924130439758301,nn,False,False,False,False,False,False,False,False
assistant_top1k,罗汉果作用与功效,119.0,U04,0,罗汉果的功效作用与主治,196,,entity:罗汉果,False,False,False,False,False,False,False,False
assistant_top1k,腰果作用与功效,119.0,U04,0,腰果有什么营养和功效,571,0.9124109148979187,nn,False,False,False,False,False,False,False,False
assistant_top1k,菊花作用与功效,119.0,U04,0,菊花的功效与作用,3371,0.9813859462738037,nn,False,False,False,False,False,False,False,False
assistant_top1k,菊花作用与功效,119.0,U04,0,菊花的功效与作用,3371,,entity:菊花,False,False,False,False,False,False,False,False
assistant_top1k,bmi计算器,448.0,U01,0,BMI计算器,6518,0.9999987483024597,nn,False,False,False,False,False,False,False,False
assistant_top1k,bmi计算器,448.0,U01,0,bmi是什么意思,4686,,entity:bmi,False,False,False,False,False,False,False,False
assistant_top1k,人dna与rna的杂交,280.0,U04,0,dna与rna的杂交,3506,0.9490319490432739,nn,False,False,False,False,False,False,False,False
assistant_top1k,眼睛,247.0,U02,0,眼睛,1476,1.0000001192092896,nn,False,False,False,False,False,False,False,False
assistant_top1k,幽门螺杆菌,237.0,U02,0,幽门螺杆菌,4348,0.9999998807907104,nn,False,False,False,False,False,False,False,False
assistant_top1k,幽门螺杆菌,237.0,U02,0,幽门螺杆菌吃什么药最好最有效,623,,entity:幽门螺杆菌,False,False,False,False,False,False,False,False
assistant_top1k,体温计一般放在腋下多长时间,211.0,U03,0,体温计一般放在腋下多长时间,1701,0.9999998807907104,nn,False,False,False,False,False,False,False,False
assistant_top1k,体温计一般放在腋下多长时间,211.0,U03,0,体温正常值范围是多少,3188,,entity:体温,False,False,False,False,False,False,False,False
assistant_top1k,同型半胱氨酸,189.0,U02,0,同型半胱氨酸,4271,1.000000238418579,nn,False,False,False,False,False,False,False,False
assistant_top1k,同型半胱氨酸,189.0,U02,0,同型半胱氨酸正常值,8881,,entity:同型半胱氨酸,False,False,False,False,False,False,False,False
assistant_top1k,人体,142.0,U02,0,人体,3502,0.9999995231628418,nn,False,False,False,False,False,False,False,False
assistant_top1k,bmi怎么计算,135.0,U06,0,bmi怎么计算,6014,0.9999998211860657,nn,False,False,False,False,False,False,False,False
assistant_top1k,bmi怎么计算,135.0,U06,0,bmi是什么意思,4686,,entity:bmi,False,False,False,False,False,False,False,False
assistant_top1k,hpv,127.0,U02,0,HPV,1278,0.9999995827674866,nn,False,False,False,False,False,False,False,False
assistant_top1k,hpv,127.0,U02,0,hpv是什么东西,17,,entity:hpv,False,False,False,False,False,False,True,False
assistant_top1k,hpv病毒是什么病毒,125.0,U04,0,hpv病毒是什么病毒,443,0.9999998807907104,nn,False,False,False,False,False,False,False,False
assistant_top1k,幽门螺旋杆菌,122.0,U02,0,幽门螺旋杆菌,1486,1.0,nn,False,False,False,False,False,False,False,False
assistant_top1k,幽门螺旋杆菌,122.0,U02,0,幽门螺旋杆菌的症状有哪些,472,,entity:幽门螺旋杆菌,False,False,False,False,False,False,False,False
assistant_top1k,家用高压氧舱,584.0,U02,0,高压氧舱的作用和功效,2340,0.7777355313301086,nn,False,False,False,False,False,False,False,False
assistant_top1k,家用高压氧舱,584.0,U02,0,高压氧舱的作用和功效,2340,,entity:高压氧舱,False,False,False,False,False,False,False,False
assistant_top1k,aed是什么急救设备,211.0,U04,0,aed是什么急救设备,1641,0.9999995827674866,nn,False,False,False,False,False,False,False,False
assistant_top1k,验孕棒一深一浅是怀孕了吗,126.0,U07,1,验孕棒一深一浅是怀孕了吗,2714,0.9999992847442627,nn,False,False,False,False,False,False,False,False
assistant_top1k,男性生殖专科医院,608.0,U02,0,男科医院,4667,0.8825382590293884,nn,False,False,False,False,False,False,False,False
assistant_top1k,重庆皮肤科医院,575.0,U08,0,重庆医科大学附属第一医院,8531,0.7557777166366577,nn,False,False,False,False,False,False,False,False
assistant_top1k,妇科医生,519.0,U02,0,妇科医生免费咨询,6158,0.7747437357902527,nn,False,False,False,False,False,False,True,False
assistant_top1k,华医中西医结合皮肤科医院,484.0,U02,0,华西医院,1015,0.776939868927002,nn,False,False,False,False,False,False,False,False
assistant_top1k,上海仁爱医院,325.0,U02,0,上海仁济医院,4614,0.883232057094574,nn,False,False,False,False,False,False,False,False
assistant_top1k,挂什么科,291.0,U06,0,头晕挂什么号挂哪个科,2935,0.7548210024833679,nn,False,False,False,False,False,False,True,False
assistant_top1k,医生在线咨询皮肤科,271.0,U01,0,皮肤科线上问诊,3623,0.8123006820678711,nn,False,False,False,True,False,False,False,False
assistant_top1k,百度健康,266.0,U01,0,百度健康,479,0.9999999403953552,nn,False,False,False,False,False,False,False,False
assistant_top1k,九洲医院,255.0,U02,0,九洲药业,4890,0.7632495164871216,nn,False,False,False,True,False,False,False,False
assistant_top1k,妇科病咨询,253.0,U04,0,妇科医生免费咨询,6158,0.8247535824775696,nn,False,False,False,False,False,False,False,False
assistant_top1k,妇科预约留手机号的入口,233.0,U01,0,男科在线留手机号,6815,0.7574834823608398,nn,False,False,False,False,False,False,False,False
assistant_top1k,狐臭手术在哪个医院做比较好正规医院,233.0,U06,0,"狐臭是什么原因引起的,怎样去除味道",5056,,entity:狐臭,False,False,False,True,False,False,False,False
assistant_top1k,男性疾病医院,221.0,U06,0,男科医院,4667,0.8951326012611389,nn,False,False,False,False,False,False,False,False
assistant_top1k,附近医院离我位置最近医院,183.0,U06,1,附近医院离我位置最近医院,6031,0.9999998807907104,nn,False,False,False,False,False,False,False,False
assistant_top1k,免费线上问诊妇科,156.0,U06,0,妇科医生免费咨询,6158,0.8503226041793823,nn,False,False,False,False,False,False,False,False
assistant_top1k,人流在线咨询免费,150.0,U06,0,妇科医生免费咨询,6158,0.7578359842300415,nn,False,False,False,False,False,False,False,False
assistant_top1k,试管婴儿咨询,141.0,U04,0,试管婴儿,7981,0.8078569769859314,nn,False,False,False,False,False,False,False,False
assistant_top1k,上海虹桥医院,139.0,U02,0,上海新华医院,9476,0.755836546421051,nn,False,False,False,False,False,False,False,False
assistant_top1k,医生,136.0,U02,0,医生,1069,1.0,nn,False,False,False,False,False,False,False,False
assistant_top1k,男科医院咨询电话,131.0,U03,0,男科医院,4667,0.8122749924659729,nn,False,False,False,False,False,False,False,False
assistant_top1k,问医生妇科,118.0,U01,0,问医生,6300,0.8307232856750488,nn,False,False,False,False,False,False,False,False
assistant_top1k,成人bmi,6155.0,U04,0,BMI,955,0.7777369618415833,nn,False,False,False,False,False,False,False,False
assistant_top1k,成人bmi,6155.0,U04,0,bmi是什么意思,4686,,entity:bmi,False,False,False,False,False,False,False,False
assistant_top1k,胆结石禁吃一览表,2384.0,U08,0,胆结石的饮食禁忌和保养方法,3092,0.7692685723304749,nn,False,False,False,False,False,False,False,False
assistant_top1k,胆结石禁吃一览表,2384.0,U08,0,胆结石怎么治疗最有效的方法,1624,,entity:胆结石,False,False,False,False,False,False,False,False
assistant_top1k,男性阴虱图片,2265.0,U09,0,阴虱虫子图片 症状,7310,0.8046137690544128,nn,False,False,False,False,False,False,False,False
assistant_top1k,女性的bmi大好还是小好,1783.0,U04,0,bmi是什么意思,4686,,entity:bmi,False,False,False,False,False,False,False,False
assistant_top1k,治阳痿,1590.0,U06,0,阳痿,4351,0.8044754862785339,nn,False,False,False,False,False,False,False,False
assistant_top1k,高血压断根最好的土方法,1325.0,U07,0,高血压是什么原因引起的,1169,,entity:高血压,False,False,False,False,False,False,False,False
assistant_top1k,男性生殖有小疙瘩是怎么回事,1177.0,U04,0,男性生殖有小疙瘩是怎么回事,2339,0.999999463558197,nn,False,False,False,False,False,False,False,False
assistant_top1k,肿瘤介入治疗是一种什么治疗,1134.0,U04,0,介入治疗是什么意思,3779,0.8329561352729797,nn,False,False,False,False,False,False,False,False
assistant_top1k,肿瘤介入治疗是一种什么治疗,1134.0,U04,0,介入治疗是什么意思,3779,,entity:介入治疗,False,False,False,False,False,False,False,False
assistant_top1k,胸大,1109.0,U13,0,胸,404,0.7833584547042847,nn,False,False,False,False,False,False,False,False
assistant_top1k,补肾吃什么东西效果最好,923.0,U07,0,补肾吃什么东西效果最好,1474,0.9999998211860657,nn,False,False,False,False,False,False,False,False
assistant_top1k,血糖高调理指南,867.0,U06,0,血糖高怎么调理恢复正常,704,0.8180291652679443,nn,False,False,False,False,False,False,False,False
assistant_top1k,血糖高调理指南,867.0,U06,0,血糖高的症状表现有哪些,5864,,entity:血糖高,False,False,False,False,False,False,False,False
assistant_top1k,怎么治疗,774.0,U13,0,治疗,9287,0.771109402179718,nn,False,False,False,False,False,True,False,False
assistant_top1k,试管婴儿费用大概多少,767.0,U03,0,试管婴儿费用大概多少,3246,1.0000001192092896,nn,False,False,False,False,False,False,False,False
assistant_top1k,怀孕,745.0,U02,0,怀孕,1110,1.0000001192092896,nn,False,False,False,False,False,False,False,False
assistant_top1k,拍胸片是否脱上衣,739.0,U06,0,拍胸片是否脱上衣,7582,1.0000007152557373,nn,False,False,False,False,False,False,False,False
assistant_top1k,痒,673.0,U02,0,痒,8746,0.9999999403953552,nn,False,False,False,False,False,False,False,False
assistant_top1k,血糖高忌什么食物,651.0,U08,0,血糖高忌口10大食物,5748,0.8695582747459412,nn,False,False,False,False,False,False,False,False
assistant_top1k,血糖高忌什么食物,651.0,U08,0,血糖高的症状表现有哪些,5864,,entity:血糖高,False,False,False,False,False,False,False,False
assistant_top1k,hpv是什么东西,649.0,U04,0,hpv是什么东西,17,1.0000001192092896,nn,False,False,False,False,False,False,False,False
assistant_top1k,试管男孩多少钱,642.0,U03,0,试管婴儿费用大概要多少钱,6941,0.8446363806724548,nn,False,False,False,False,False,False,False,False
assistant_top1k,血糖正常值,630.0,U03,0,血糖正常值,5677,1.0000003576278687,nn,False,False,False,False,False,False,False,False
assistant_top1k,血糖正常值,630.0,U03,0,血糖正常值范围 最新标准2025,8,,entity:血糖,False,False,False,False,False,False,False,False
assistant_top1k,有癫痫病的人不能吃哪些东西,621.0,U08,0,癫痫病的症状和表现有哪些,6994,,entity:癫痫病,False,False,False,False,False,False,False,False
assistant_top1k,尿多是什么原因男性,562.0,U04,0,尿多是什么原因男性,7301,1.000000238418579,nn,False,False,False,False,False,False,False,False
assistant_top1k,私密有白斑是怎么回事,540.0,U07,1,阴症白斑是什么原因导致的,7053,0.7551423907279968,nn,False,False,False,False,False,False,False,False
assistant_top1k,神经病,524.0,U02,0,神经病,8569,0.9999998807907104,nn,False,False,False,False,False,False,False,False
assistant_top1k,阳光型抑郁症有多可怕,522.0,U04,0,抑郁症的症状有哪些表现,76,,entity:抑郁症,False,False,False,False,False,False,False,False
assistant_top1k,独阴穴,504.0,U02,0,会阴穴,3441,0.764172375202179,nn,False,False,False,False,False,False,False,False
assistant_top1k,痛风的快速止痛的方法,488.0,U06,0,痛风发作期怎么快速止痛消肿,8180,0.8489430546760559,nn,False,False,False,False,False,False,False,False
assistant_top1k,痛风的快速止痛的方法,488.0,U06,0,痛风吃什么药最好最快断根,379,,entity:痛风,False,False,False,False,False,False,False,False
assistant_top1k,脑梗前的预兆,435.0,U04,0,脑梗的前兆有哪些症状,1257,0.9320986270904541,nn,False,False,False,False,False,False,False,False
assistant_top1k,脑梗前的预兆,435.0,U04,0,脑梗的症状都有哪些前期症状,177,,entity:脑梗,False,False,False,False,False,False,False,False
assistant_top1k,手术费用大概需要多少,431.0,U03,0,做人流手术需要多少钱费用,9778,0.8115647435188293,nn,False,False,False,False,False,False,False,False
assistant_top1k,白班和白癜风是一种病吗,430.0,U04,0,白癜风是什么引起的原因,2056,,entity:白癜风,False,False,False,False,False,False,False,False
assistant_top1k,人体五脏六腑图,428.0,U09,0,人体内五脏六腑结构图,161,0.9008200764656067,nn,False,False,False,False,False,False,False,False
assistant_top1k,心率正常范围,396.0,U03,0,心率正常范围是多少,57,0.9487264752388,nn,False,False,False,False,False,False,False,False
assistant_top1k,心率正常范围,396.0,U03,0,心率正常值范围是多少,731,,entity:心率,False,False,False,False,False,False,False,False
assistant_top1k,冠心病最怕什么刺激,389.0,U04,0,冠心病的症状表现有哪些,193,,entity:冠心病,False,False,False,False,False,False,False,False
assistant_top1k,母乳喂养,386.0,U02,0,母乳喂养,8604,1.0000003576278687,nn,False,False,False,False,False,False,False,False
assistant_top1k,诊断冠心病的三个指标,386.0,U08,0,冠心病的症状表现有哪些,193,,entity:冠心病,False,False,False,False,False,False,False,False
assistant_top1k,肺结节吃什么消结节最快最好,379.0,U07,0,肺结节吃什么消结节最快最好,550,0.9999997019767761,nn,False,False,False,False,False,False,False,False
assistant_top1k,肺结节吃什么消结节最快最好,379.0,U07,0,肺结节是什么病情况严重吗,1156,,entity:肺结节,False,False,False,False,False,False,False,False
assistant_top1k,放屁,371.0,U02,0,放屁,6375,0.9999999403953552,nn,False,False,False,False,False,False,False,False
assistant_top1k,血压多少为正常,361.0,U03,0,正常的血压多少才是正常,417,0.9241422414779663,nn,False,False,False,False,False,False,False,False
assistant_top1k,血压多少为正常,361.0,U03,0,血压正常值是多少范围,5,,entity:血压,False,False,False,False,False,False,False,False
assistant_top1k,抑郁症有哪些症状,357.0,U04,0,抑郁症的症状有哪些表现,76,0.9601688981056213,nn,False,False,False,False,False,False,False,False
assistant_top1k,抑郁症有哪些症状,357.0,U04,0,抑郁症的症状有哪些表现,76,,entity:抑郁症,False,False,False,False,False,False,False,False
assistant_top1k,尿酸高的原因,356.0,U04,0,尿酸高是什么引起的原因,780,0.9243991374969482,nn,False,False,False,False,False,False,False,False
assistant_top1k,尿酸高的原因,356.0,U04,0,尿酸高的症状,54,,entity:尿酸高,False,False,False,False,False,False,False,False
assistant_top1k,bmi是指什么,351.0,U04,0,bmi是指什么,56,1.0000001192092896,nn,False,False,False,False,False,False,False,False
assistant_top1k,bmi是指什么,351.0,U04,0,bmi是什么意思,4686,,entity:bmi,False,False,False,False,False,False,False,False
assistant_top1k,牙疼最快止疼法,350.0,U06,0,牙疼怎么止疼最快,46,0.8737636804580688,nn,False,False,False,False,False,False,False,False
assistant_top1k,牙疼最快止疼法,350.0,U06,0,牙疼吃什么药最好效果最快,1889,,entity:牙疼,False,False,False,False,False,False,False,False
assistant_top1k,人体器官结构图,348.0,U09,0,人体结构器官位置图,48,0.9315499663352966,nn,False,False,False,False,False,False,False,False
assistant_top1k,甲状腺的主要症状,348.0,U04,0,甲状腺的主要症状,1433,1.0000003576278687,nn,False,False,False,False,False,False,False,False
assistant_top1k,尿酸高的症状,338.0,U04,0,尿酸高的症状,54,1.0,nn,False,False,False,False,False,False,False,False
assistant_top1k,包皮开裂,336.0,U02,0,包皮过长,8847,0.7676610350608826,nn,False,False,False,False,False,False,False,False
assistant_top1k,带状疱疹,336.0,U02,0,带状疱疹,263,1.0000005960464478,nn,False,False,False,False,False,False,False,False
assistant_top1k,带状疱疹,336.0,U02,0,带状疱疹的症状表现及治疗方法,132,,entity:带状疱疹,False,False,False,False,False,False,True,False
assistant_top1k,口臭怎么解决,327.0,U06,0,嘴巴有异味口臭怎么解决,6659,0.8529903292655945,nn,False,False,False,False,False,False,False,False
assistant_top1k,口臭怎么解决,327.0,U06,0,"口臭是什么原因引起的,怎样去除",134,,entity:口臭,False,False,False,False,False,False,False,False
assistant_top1k,口腔溃疡,325.0,U02,0,口腔溃疡,1058,1.0,nn,False,False,False,False,False,False,False,False
assistant_top1k,口腔溃疡,325.0,U02,0,口腔溃疡怎么治最快有效,154,,entity:口腔溃疡,False,False,False,False,False,False,True,False
assistant_top1k,糖尿病,324.0,U02,0,糖尿病,377,1.000000238418579,nn,False,False,False,False,False,False,False,False
assistant_top1k,糖尿病,324.0,U02,0,糖尿病的症状有哪些表现,152,,entity:糖尿病,False,False,False,False,False,False,True,False
assistant_top1k,小便时尿出褐红色是怎么回事男性,322.0,U07,1,小便时尿出褐红色是怎么回事男性,2383,1.0000001192092896,nn,False,False,False,False,False,False,False,False
assistant_top1k,治疗早泄大概花多少钱,321.0,U03,0,包皮过长手术大概多少钱,2251,0.7658422589302063,nn,False,False,False,False,False,False,False,False
assistant_top1k,牙龈肿胀鼓包,321.0,U04,0,牙龈肿胀鼓包,5197,1.0000003576278687,nn,False,False,False,False,False,False,False,False
assistant_top1k,牙龈肿胀鼓包,321.0,U04,0,牙龈肿胀鼓包是什么原因,511,,entity:牙龈肿胀鼓包,False,False,False,False,False,False,False,False
assistant_top1k,耳石症,317.0,U02,0,耳石症,720,1.0000001192092896,nn,False,False,False,False,False,False,False,False
assistant_top1k,耳石症,317.0,U02,0,耳石症的症状有哪些表现,69,,entity:耳石症,False,False,False,False,False,False,True,False
assistant_top1k,外阴白班,314.0,U02,0,外阴白斑,3377,0.7591040730476379,nn,False,False,False,False,False,False,False,False
assistant_top1k,肺癌早期症状,312.0,U04,0,肺癌的早期症状及表现,145,0.9620711803436279,nn,False,False,False,False,False,False,False,False
assistant_top1k,肺癌早期症状,312.0,U04,0,"肺癌会传染吗,对身边的人有影响吗",1668,,entity:肺癌,False,False,False,False,False,False,False,False
assistant_top1k,肚子变大,311.0,U13,0,嗯哈肚子胀大了,1647,0.7673088908195496,nn,False,False,False,False,False,False,True,False
assistant_top1k,牙龈肿痛怎么消炎最快最有效,310.0,U07,0,牙龈肿痛怎么消炎最快最有效,24,1.0000003576278687,nn,False,False,False,False,False,False,False,False
assistant_top1k,牙龈肿痛怎么消炎最快最有效,310.0,U07,0,牙龈肿痛吃什么药快速消肿止痛,1242,,entity:牙龈肿痛,False,False,False,False,False,False,False,False
assistant_top1k,孕,304.0,U13,0,怀孕,1110,0.8903391361236572,nn,False,False,False,False,False,False,False,False
assistant_top1k,抑郁症风险自测,301.0,U01,0,抑郁症测试题,5349,0.7569646835327148,nn,False,False,False,False,False,False,False,False
assistant_top1k,抑郁症风险自测,301.0,U01,0,抑郁症的症状有哪些表现,76,,entity:抑郁症,False,False,False,False,False,False,False,False
assistant_top1k,牙疼怎么止疼,300.0,U07,0,牙疼怎么止疼最快,46,0.8987403512001038,nn,False,False,False,False,False,False,False,False
assistant_top1k,牙疼怎么止疼,300.0,U07,0,牙疼吃什么药最好效果最快,1889,,entity:牙疼,False,False,False,False,False,False,False,False
assistant_top1k,癫闲病能彻底治疗吗,300.0,U04,0,癫痫病怎么才能彻底治好,5858,0.7636852264404297,nn,False,False,True,False,False,False,False,False
assistant_top1k,甲亢症状有哪些,295.0,U04,0,甲亢的症状表现有哪些,4096,0.9619991779327393,nn,False,False,False,False,False,False,False,False
assistant_top1k,甲亢症状有哪些,295.0,U04,0,甲亢的症状表现有哪些,4096,,entity:甲亢,False,False,False,False,False,False,False,False
assistant_top1k,荨麻疹的发病原因,295.0,U04,0,荨麻疹是什么原因引起的,3483,0.8604400753974915,nn,False,False,False,False,False,False,False,False
assistant_top1k,荨麻疹的发病原因,295.0,U04,0,"荨麻疹是什么原因引起的,怎么根治",103,,entity:荨麻疹,False,False,False,False,False,False,False,False
assistant_top1k,艾滋病皮疹图片,293.0,U09,0,艾滋病皮肤症状图片,1590,0.8743293881416321,nn,False,False,False,False,False,False,False,False
assistant_top1k,艾滋病皮疹图片,293.0,U09,0,艾滋病图片感染图片,8091,,entity:艾滋病,False,False,False,False,False,False,False,False
assistant_top1k,胃癌早期症状,290.0,U04,0,胃癌早期有什么症状,2848,0.9546695351600647,nn,False,False,False,False,False,False,False,False
assistant_top1k,甲状腺结节,288.0,U02,0,甲状腺结节,1030,0.9999998211860657,nn,False,False,False,False,False,False,False,False
assistant_top1k,甲状腺结节,288.0,U02,0,甲状腺结节是什么原因造成的,4802,,entity:甲状腺结节,False,False,False,False,False,False,False,False
assistant_top1k,艾滋病初期症状,288.0,U04,0,艾滋病初期症状,655,1.0000004768371582,nn,False,False,False,False,False,False,False,False
assistant_top1k,扁平疣的图片,283.0,U09,0,扁平疣的症状和图片,306,0.8539127707481384,nn,False,False,False,False,False,False,False,False
assistant_top1k,扁平疣的图片,283.0,U09,0,扁平疣的症状和图片,306,,entity:扁平疣,False,False,False,False,False,False,False,False
assistant_top1k,怀孕的最初征兆,282.0,U04,0,怀孕的最初征兆,213,0.999999463558197,nn,False,False,False,False,False,False,False,False
assistant_top1k,怀孕的最初征兆,282.0,U04,0,怀孕的最初征兆表现,3976,,entity:怀孕的最初征兆,False,False,False,False,False,False,False,False
assistant_top1k,半夜醒来口干舌燥总想喝水，这时喝水会伤身体吗？,281.0,U07,1,口干舌燥是什么病的预兆和症状,2687,,entity:口干舌燥,False,False,False,False,False,False,False,False
assistant_top1k,乙肝患者可以吃茄子吗,279.0,U05,0,乙肝是什么病,1376,,entity:乙肝,False,False,True,False,False,False,False,False
assistant_top1k,腰椎间盘突出,275.0,U02,0,腰椎间盘突出,2746,1.0000001192092896,nn,False,False,False,False,False,False,False,False
assistant_top1k,腰椎间盘突出,275.0,U02,0,腰椎间盘突出症状表现有哪些,2586,,entity:腰椎间盘突出,False,False,False,False,False,False,False,False
assistant_top1k,荨麻疹症状图片,272.0,U09,0,荨麻疹症状图片,9953,0.9999995827674866,nn,False,False,False,False,False,False,False,False
assistant_top1k,荨麻疹症状图片,272.0,U09,0,"荨麻疹是什么原因引起的,怎么根治",103,,entity:荨麻疹,False,False,False,False,False,False,False,False
assistant_top1k,血压多少才正常,271.0,U03,0,血压多少才算正常,3100,0.9644486904144287,nn,False,False,False,False,False,False,False,False
assistant_top1k,血压多少才正常,271.0,U03,0,血压正常值是多少范围,5,,entity:血压,False,False,False,False,False,False,False,False
assistant_top1k,妇科病咨询,270.0,U04,0,妇科医生免费咨询,6158,0.8247535824775696,nn,False,False,False,False,False,False,False,False
assistant_top1k,湿疹症状图片,269.0,U09,0,湿疹图片和症状,438,0.9233818054199219,nn,False,False,False,False,False,False,False,False
assistant_top1k,湿疹症状图片,269.0,U09,0,湿疹是什么原因造成的,259,,entity:湿疹,False,False,False,False,False,False,False,False
assistant_top1k,白癜风是什么引起的,269.0,U04,0,白癜风是什么引起的,3082,1.0000001192092896,nn,False,False,False,False,False,False,False,False
assistant_top1k,白癜风是什么引起的,269.0,U04,0,白癜风是什么引起的原因,2056,,entity:白癜风,False,False,False,False,False,False,False,False
assistant_top1k,血糖高吃什么最好降的快,269.0,U07,0,血糖高吃什么最好降的快,140,1.0,nn,False,False,False,False,False,False,False,False
assistant_top1k,血糖高吃什么最好降的快,269.0,U07,0,血糖高的症状表现有哪些,5864,,entity:血糖高,False,False,False,False,False,False,False,False
assistant_top1k,.... 牙疼在饮食上怎么调整,268.0,U06,0,.... 牙疼在饮食上怎么调整,7131,1.000000238418579,nn,False,False,False,False,False,False,False,False
assistant_top1k,梅毒症状图片,267.0,U09,0,梅毒的症状和图片,83,0.9228655099868774,nn,False,False,False,False,False,False,False,False
assistant_top1k,梅毒症状图片,267.0,U09,0,梅毒的症状和图片,83,,entity:梅毒,False,False,False,False,False,False,False,False
assistant_top1k,高血压,267.0,U02,0,高血压,1558,1.0000005960464478,nn,False,False,False,False,False,False,False,False
assistant_top1k,高血压,267.0,U02,0,高血压是什么原因引起的,1169,,entity:高血压,False,False,False,False,False,False,True,False
assistant_top1k,3个多月做人流还是引产,264.0,U07,1,怀孕一个月建议药流还是人流,3751,0.7528508901596069,nn,False,False,False,False,False,False,False,False
assistant_top1k,白癜风,264.0,U02,0,白癜风,1205,0.9999999403953552,nn,False,False,False,False,False,False,False,False
assistant_top1k,白癜风,264.0,U02,0,白癜风是什么引起的原因,2056,,entity:白癜风,False,False,False,False,False,False,True,False
assistant_top1k,痔疮,256.0,U02,0,痔疮,920,1.0000005960464478,nn,False,False,False,False,False,False,False,False
assistant_top1k,痔疮,256.0,U02,0,痔疮用什么药治最好效果最快,535,,entity:痔疮,False,False,False,False,False,False,True,False
assistant_top1k,睡不着,256.0,U07,1,失眠,2500,0.8112186789512634,nn,False,False,False,False,False,False,False,False
assistant_top1k,头晕是什么原因,252.0,U04,0,头晕是什么原因引起的怎么办,1330,0.8701156377792358,nn,False,False,False,False,False,False,False,False
assistant_top1k,头晕是什么原因,252.0,U04,0,头晕是什么原因引起的怎么办,1330,,entity:头晕,False,False,False,False,False,False,False,False
assistant_top1k,外面阴白斑的治疗方式,251.0,U04,0,外面阴白斑图片大全,7421,0.8029420375823975,nn,False,False,False,False,False,False,False,False
assistant_top1k,外面阴白斑的治疗方式,251.0,U04,0,外面阴白斑图片大全,7421,,entity:外面阴白斑,False,False,False,False,False,False,False,False
assistant_top1k,胆囊炎,251.0,U02,0,胆囊炎,2854,0.9999996423721313,nn,False,False,False,False,False,False,False,False
assistant_top1k,胆囊炎,251.0,U02,0,胆囊炎的症状是哪里疼,110,,entity:胆囊炎,False,False,False,False,False,False,True,False
assistant_top1k,低压高什么原因,249.0,U04,0,高压低是什么原因引起的,8344,0.9241366386413574,nn,False,False,False,False,False,False,False,False
assistant_top1k,低压高什么原因,249.0,U04,0,"低压高是什么原因,怎么解决",96,,entity:低压高,False,False,False,False,False,False,False,False
assistant_top1k,带状疱疹图片,249.0,U09,0,带状疱疹图片,1279,1.0,nn,False,False,False,False,False,False,False,False
assistant_top1k,带状疱疹图片,249.0,U09,0,带状疱疹的症状表现及治疗方法,132,,entity:带状疱疹,False,False,False,False,False,False,False,False
assistant_top1k,5个症状说明你血糖太高了,245.0,U04,0,血糖高了会出现什么症状,2506,0.7916940450668335,nn,False,False,False,False,False,False,False,False
assistant_top1k,怀孕初期症状有哪些征兆,245.0,U04,0,怀孕初期症状有哪些征兆,869,1.000000238418579,nn,False,False,False,False,False,False,False,False
assistant_top1k,肩周炎最好的治疗方法,243.0,U06,0,肩周炎怎么治疗最快最好,316,0.8883083462715149,nn,False,False,False,False,False,False,False,False
assistant_top1k,肩周炎最好的治疗方法,243.0,U06,0,肩周炎怎么治疗最快最好,316,,entity:肩周炎,False,False,False,False,False,False,False,False
assistant_top1k,湿疹,241.0,U02,0,湿疹,510,1.000000238418579,nn,False,False,False,False,False,False,False,False
assistant_top1k,湿疹,241.0,U02,0,湿疹是什么原因造成的,259,,entity:湿疹,False,False,False,False,False,False,True,False
assistant_top1k,胰腺炎的症状,241.0,U04,0,胰腺炎的症状有哪些,126,0.9378828406333923,nn,False,False,False,False,False,False,False,False
assistant_top1k,胰腺炎的症状,241.0,U04,0,胰腺炎的症状有哪些,126,,entity:胰腺炎,False,False,False,False,False,False,False,False
assistant_top1k,咳嗽,240.0,U02,0,咳嗽,1589,0.9999999403953552,nn,False,False,False,False,False,False,False,False
assistant_top1k,咳嗽,240.0,U02,0,咳嗽怎么治最快最有效,230,,entity:咳嗽,False,False,False,False,False,False,True,False
assistant_top1k,女性脑雾早期表现,240.0,U04,0,脑雾是什么症状,8158,0.801630973815918,nn,False,False,False,False,False,False,False,False
assistant_top1k,抑郁症测试题,240.0,U09,0,抑郁症测试题,5349,0.9999999403953552,nn,False,False,False,False,False,False,False,False
assistant_top1k,抑郁症测试题,240.0,U09,0,抑郁症的症状有哪些表现,76,,entity:抑郁症,False,False,False,False,False,False,False,False
assistant_top1k,肠癌早期症状,236.0,U04,0,肠癌早期有哪些症状,675,0.9684361219406128,nn,False,False,False,False,False,False,False,False
assistant_top1k,很痒,235.0,U13,1,痒,8746,0.8677678108215332,nn,False,False,False,False,False,False,False,False
assistant_top1k,甲状腺结节4a严重吗?需要手术吗怎么治疗,235.0,U07,1,甲状腺结节4a严重吗?需要手术吗怎么治疗,218,0.9999998807907104,nn,False,False,False,False,False,False,False,False
assistant_top1k,心梗什么症状,234.0,U04,0,心肌梗塞有哪些症状,4607,0.8865036964416504,nn,False,False,False,False,False,False,False,False
assistant_top1k,心梗什么症状,234.0,U04,0,心梗的前兆都有哪些症状,43,,entity:心梗,False,False,False,False,False,False,False,False
assistant_top1k,高血压防治指南,234.0,U04,0,高血压是什么原因引起的,1169,,entity:高血压,False,False,False,False,False,False,False,False
assistant_top1k,牙龈肿痛,230.0,U02,0,牙龈肿痛,8664,0.9999995827674866,nn,False,False,False,False,False,False,False,False
assistant_top1k,牙龈肿痛,230.0,U02,0,牙龈肿痛吃什么药快速消肿止痛,1242,,entity:牙龈肿痛,False,False,False,False,False,False,True,False
assistant_top1k,前列腺炎症状,229.0,U04,0,前列腺炎有哪些症状表现,185,0.9012023210525513,nn,False,False,False,False,False,False,False,False
assistant_top1k,前列腺炎症状,229.0,U04,0,前列腺炎吃什么药效果好见效快,401,,entity:前列腺炎,False,False,False,False,False,False,False,False
assistant_top1k,荨麻疹,229.0,U02,0,荨麻疹,435,1.0000005960464478,nn,False,False,False,False,False,False,False,False
assistant_top1k,荨麻疹,229.0,U02,0,"荨麻疹是什么原因引起的,怎么根治",103,,entity:荨麻疹,False,False,False,False,False,False,True,False
assistant_top1k,外阴白斑,226.0,U02,0,外阴白斑,3377,0.9999991059303284,nn,False,False,False,False,False,False,False,False
assistant_top1k,耳朵里总有嗡嗡声怎么解决,224.0,U07,1,"耳鸣,耳朵嗡嗡响是怎么回事?",415,0.7667589783668518,nn,False,False,False,False,False,False,False,False
assistant_top1k,肛门瘙痒怎么办,224.0,U06,0,肛门痒是怎么回事女性,9013,0.8437265157699585,nn,False,False,False,False,False,False,False,False
assistant_top1k,肛门瘙痒怎么办,224.0,U06,0,"肛门瘙痒是什么原因引起的,怎么治疗",328,,entity:肛门瘙痒,False,False,False,False,False,False,False,False
assistant_top1k,如何治疗,221.0,U13,0,治疗,9287,0.7865289449691772,nn,False,False,False,False,False,True,False,False
assistant_top1k,糖尿病的症状,219.0,U04,0,糖尿病症状,8803,0.9797114729881287,nn,False,False,False,False,False,False,False,False
assistant_top1k,糖尿病的症状,219.0,U04,0,糖尿病的症状有哪些表现,152,,entity:糖尿病,False,False,False,False,False,False,False,False
assistant_top1k,嘴唇发紫,215.0,U02,0,嘴唇发紫,6533,1.0000007152557373,nn,False,False,False,False,False,False,False,False
assistant_top1k,肌酐高怎么回事,215.0,U04,0,肌酐高怎么回事,71,0.9999997615814209,nn,False,False,False,False,False,False,False,False
assistant_top1k,牙龈出血是怎么回事,212.0,U04,0,牙龈出血是怎么回事,3821,1.0000001192092896,nn,False,False,False,False,False,False,False,False
assistant_top1k,骨头坏死前兆,206.0,U04,0,股骨头坏死早期表现,1253,0.8028925061225891,nn,False,False,False,False,False,False,False,False
assistant_top1k,头发,205.0,U02,0,头发,7890,1.000000238418579,nn,False,False,False,False,False,False,False,False
assistant_top1k,尿酸高吃什么好得快还能降下来,205.0,U07,0,尿酸高吃什么好得快还能降下来,111,1.0000001192092896,nn,False,False,False,False,False,False,False,False
assistant_top1k,尿酸高吃什么好得快还能降下来,205.0,U07,0,尿酸高的症状,54,,entity:尿酸高,False,False,False,False,False,False,False,False
assistant_top1k,甘油三酯偏高,205.0,U04,0,甘油三酯偏高说明什么,75,0.8813811540603638,nn,False,False,False,False,False,False,False,False
assistant_top1k,甘油三酯偏高,205.0,U04,0,甘油三酯正常值范围是多少,1588,,entity:甘油三酯,False,False,False,False,False,False,False,False
assistant_top1k,胸,205.0,U02,0,胸,404,0.9999997615814209,nn,False,False,False,False,False,False,False,False
assistant_top1k,头晕,202.0,U02,0,头晕,4987,1.000000238418579,nn,False,False,False,False,False,False,False,False
assistant_top1k,头晕,202.0,U02,0,头晕是什么原因引起的怎么办,1330,,entity:头晕,False,False,False,False,False,False,True,False
assistant_top1k,体脂率计算公式,201.0,U03,0,体脂率计算公式,254,1.0000001192092896,nn,False,False,False,False,False,False,False,False
assistant_top1k,体脂率计算公式,201.0,U03,0,体脂率正常值范围是多少,9274,,entity:体脂率,False,False,False,False,False,False,False,False
assistant_top1k,便秘吃什么好最快排便的方法,200.0,U07,0,便秘吃什么好最快排便,5413,0.9557331204414368,nn,False,False,False,False,False,False,False,False
assistant_top1k,便秘吃什么好最快排便的方法,200.0,U07,0,"便秘是什么原因造成的,该怎么解决",1810,,entity:便秘,False,False,False,False,False,False,False,False
assistant_top1k,胃疼怎么缓解,200.0,U06,0,胃疼怎么办怎么缓解最快方法,6873,0.8571246266365051,nn,False,False,False,False,False,False,False,False
assistant_top1k,胃疼怎么缓解,200.0,U06,0,胃疼吃什么药最好效果最快,1467,,entity:胃疼,False,False,False,False,False,False,False,False
assistant_top1k,正常血压是多少,197.0,U03,0,正常血压标准是多少,477,0.9358607530593872,nn,False,False,False,False,False,False,False,False
assistant_top1k,白癜风的早期症状,197.0,U04,0,白癜风初期的症状图片,1944,0.8368669152259827,nn,False,False,False,False,False,False,False,False
assistant_top1k,白癜风的早期症状,197.0,U04,0,白癜风是什么引起的原因,2056,,entity:白癜风,False,False,False,False,False,False,False,False
assistant_top1k,白癜风病能治好吗,195.0,U07,0,白血病能治好吗,9847,0.8620361089706421,nn,False,False,False,False,False,False,False,False
assistant_top1k,白癜风病能治好吗,195.0,U07,0,白癜风是什么引起的原因,2056,,entity:白癜风,False,False,True,False,False,False,False,False
assistant_top1k,拉肚子,193.0,U02,0,拉肚子,3173,1.000000238418579,nn,False,False,False,False,False,False,False,False
assistant_top1k,拉肚子,193.0,U02,0,拉肚子吃什么药效果好,2165,,entity:拉肚子,False,False,False,False,False,False,True,False
assistant_top1k,脂肪肝怎么消除最快最好方法,193.0,U06,0,脂肪肝怎么消除最快最好方法,179,1.0,nn,False,False,False,False,False,False,False,False
assistant_top1k,脂肪肝怎么消除最快最好方法,193.0,U06,0,"脂肪肝是什么原因引起的,该怎么治疗",336,,entity:脂肪肝,False,False,False,False,False,False,False,False
assistant_top1k,龟 头上有小红点是什么病,191.0,U04,0,龟 头上有小红点是什么病,768,1.0000003576278687,nn,False,False,False,False,False,False,False,False
assistant_top1k,脖子上长小肉粒,190.0,U04,0,脖子长小肉粒是怎么回事,8404,0.9262616634368896,nn,False,False,False,False,False,False,False,False
assistant_top1k,静脉曲张,190.0,U02,0,静脉曲张,1064,1.0000003576278687,nn,False,False,False,False,False,False,False,False
assistant_top1k,静脉曲张,190.0,U02,0,静脉曲张怎么治疗最好 腿部,181,,entity:静脉曲张,False,False,False,False,False,False,True,False
assistant_top1k,中暑的症状表现,189.0,U04,0,中暑的症状表现,139,0.9999997019767761,nn,False,False,False,False,False,False,False,False
assistant_top1k,心脏,189.0,U02,0,心脏,1989,1.0000004768371582,nn,False,False,False,False,False,False,False,False
assistant_top1k,肺结节,189.0,U02,0,肺结节,2142,0.9999995827674866,nn,False,False,False,False,False,False,False,False
assistant_top1k,肺结节,189.0,U02,0,肺结节是什么病情况严重吗,1156,,entity:肺结节,False,False,False,False,False,False,True,False
assistant_top1k,孕妇,187.0,U02,0,孕妇,1709,1.000000238418579,nn,False,False,False,False,False,False,False,False
assistant_top1k,前列腺炎的症状,183.0,U04,0,前列腺炎有哪些症状表现,185,0.9166739583015442,nn,False,False,False,False,False,False,False,False
assistant_top1k,前列腺炎的症状,183.0,U04,0,前列腺炎吃什么药效果好见效快,401,,entity:前列腺炎,False,False,False,False,False,False,False,False
assistant_top1k,心梗的前兆都有哪些症状,183.0,U04,0,心梗的前兆都有哪些症状,43,1.0000003576278687,nn,False,False,False,False,False,False,False,False
assistant_top1k,舌苔发白,183.0,U02,0,舌苔发白怎么回事是什么原因,5010,0.7924274802207947,nn,False,False,False,False,False,False,True,False
assistant_top1k,舌苔发白,183.0,U02,0,舌苔发白是什么原因引起的,4210,,entity:舌苔发白,False,False,False,False,False,False,True,False
assistant_top1k,口臭的主要原因,182.0,U04,0,口臭是什么原因引起的,7881,0.8175841569900513,nn,False,False,False,False,False,False,False,False
assistant_top1k,口臭的主要原因,182.0,U04,0,"口臭是什么原因引起的,怎样去除",134,,entity:口臭,False,False,False,False,False,False,False,False
assistant_top1k,有点痒,182.0,U13,1,痒,8746,0.8442359566688538,nn,False,False,False,False,False,False,False,False
assistant_top1k,毛囊炎,181.0,U02,0,毛囊炎,1371,0.9999997615814209,nn,False,False,False,False,False,False,False,False
assistant_top1k,毛囊炎,181.0,U02,0,毛囊炎用什么药最有效,863,,entity:毛囊炎,False,False,False,False,False,False,True,False
assistant_top1k,生孩子,181.0,U13,0,生孩子,1112,1.0000005960464478,nn,False,False,False,False,False,False,False,False
assistant_top1k,男性胃癌最明显征兆,181.0,U04,0,胃癌最明显的一个征兆,3096,0.8811498284339905,nn,False,False,False,False,False,False,False,False
assistant_top1k,感冒,179.0,U02,0,感冒,2881,0.9999998211860657,nn,False,False,False,False,False,False,False,False
assistant_top1k,感冒,179.0,U02,0,感冒挂什么科门诊,3564,,entity:感冒,False,False,False,False,False,False,True,False
assistant_top1k,白癜风不能吃什么食物,178.0,U08,0,白癜风是什么引起的原因,2056,,entity:白癜风,False,False,False,False,False,False,False,False
assistant_top1k,十个信号说明你怀孕了,176.0,U08,0,十个信号说明你怀孕了,9311,1.0,nn,False,False,False,False,False,False,False,False
assistant_top1k,喉咙有异物感,176.0,U04,0,"喉咙有异物感,咽部好像有东西堵塞",375,0.8769031763076782,nn,False,False,False,False,False,False,False,False
assistant_top1k,血糖高怎么降下来,176.0,U06,0,血糖高吃什么最好降的快,140,0.7948741912841797,nn,False,False,False,False,False,False,False,False
assistant_top1k,血糖高怎么降下来,176.0,U06,0,血糖高的症状表现有哪些,5864,,entity:血糖高,False,False,False,False,False,False,False,False
assistant_top1k,糖尿病有哪些症状,175.0,U04,0,糖尿病的症状有哪些表现,152,0.9675840735435486,nn,False,False,False,False,False,False,False,False
assistant_top1k,糖尿病有哪些症状,175.0,U04,0,糖尿病的症状有哪些表现,152,,entity:糖尿病,False,False,False,False,False,False,False,False
assistant_top1k,艾滋病,175.0,U02,0,艾滋病,1026,0.9999999403953552,nn,False,False,False,False,False,False,False,False
assistant_top1k,艾滋病,175.0,U02,0,艾滋病图片感染图片,8091,,entity:艾滋病,False,False,False,False,False,False,True,False
assistant_top1k,血压正常值,175.0,U03,0,血压正常值,3904,1.000000238418579,nn,False,False,False,False,False,False,False,False
assistant_top1k,血压正常值,175.0,U03,0,血压正常值是多少范围,5,,entity:血压,False,False,False,False,False,False,False,False
assistant_top1k,问医生妇科,175.0,U01,0,问医生,6300,0.8307232856750488,nn,False,False,False,False,False,False,False,False
assistant_top1k,失眠,173.0,U02,0,失眠,2500,0.9999997019767761,nn,False,False,False,False,False,False,False,False
assistant_top1k,失眠,173.0,U02,0,失眠怎么办治疗失眠的最好方法,2467,,entity:失眠,False,False,False,False,False,False,True,False
assistant_top1k,甲状腺,173.0,U02,0,甲状腺,1427,0.9999995231628418,nn,False,False,False,False,False,False,False,False
assistant_top1k,甲状腺,173.0,U02,0,甲状腺的症状有哪些表现,67,,entity:甲状腺,False,False,False,False,False,False,True,False
assistant_top1k,糖尿病的早期症状有哪些表现,173.0,U04,0,糖尿病的早期症状有哪些表现,41,1.0000004768371582,nn,False,False,False,False,False,False,False,False
assistant_top1k,血脂高吃什么,172.0,U07,0,血脂高吃什么降血脂最快,330,0.84125816822052,nn,False,False,False,False,False,False,False,False
assistant_top1k,血脂高吃什么,172.0,U07,0,血脂高是什么引起的,6787,,entity:血脂高,False,False,False,False,False,False,False,False
assistant_top1k,肾囊肿,171.0,U02,0,肾囊肿,5178,1.0000004768371582,nn,False,False,False,False,False,False,False,False
assistant_top1k,会传染吗,170.0,U13,0,肺结核会不会传染,823,0.7592146396636963,nn,False,False,False,False,False,True,True,False
assistant_top1k,女性咽喉癌早期症状,170.0,U04,0,咽喉癌的早期症状表现,3261,0.9101665019989014,nn,False,False,False,False,False,False,False,False
assistant_top1k,痔疮怎么治,169.0,U06,0,痔疮怎么治疗才能断根,7304,0.768237829208374,nn,False,False,False,False,False,False,False,False
assistant_top1k,痔疮怎么治,169.0,U06,0,痔疮用什么药治最好效果最快,535,,entity:痔疮,False,False,False,False,False,False,False,False
assistant_top1k,口苦是什么原因,168.0,U04,0,口苦是什么原因造成的,8834,0.9575977325439453,nn,False,False,False,False,False,False,False,False
assistant_top1k,口苦是什么原因,168.0,U04,0,口苦是什么原因引起的怎么解决,486,,entity:口苦,False,False,False,False,False,False,False,False
assistant_top1k,甲减是什么症状,168.0,U04,0,甲减的症状有哪些,4908,0.9304984211921692,nn,False,False,False,False,False,False,False,False
assistant_top1k,甲减是什么症状,168.0,U04,0,甲减的症状表现有哪些,2970,,entity:甲减,False,False,False,False,False,False,False,False
assistant_top1k,脑梗能治愈吗,167.0,U04,0,脑梗能治愈吗,5407,0.9999999403953552,nn,False,False,False,False,False,False,False,False
assistant_top1k,脑梗能治愈吗,167.0,U04,0,脑梗的症状都有哪些前期症状,177,,entity:脑梗,False,False,True,False,False,False,False,False
assistant_top1k,隐翅虫咬后症状,167.0,U04,0,隐翅虫咬了后的症状图片,1005,0.896365761756897,nn,False,False,False,False,False,False,False,False
assistant_top1k,隐翅虫咬后症状,167.0,U04,0,隐翅虫咬后的图片,7945,,entity:隐翅虫咬后,False,False,False,False,False,False,False,False
assistant_top1k,痛风忌口不能吃什么东西,166.0,U08,0,痛风忌口不能吃什么东西,548,0.9999998807907104,nn,False,False,False,False,False,False,False,False
assistant_top1k,痛风忌口不能吃什么东西,166.0,U08,0,痛风吃什么药最好最快断根,379,,entity:痛风,False,False,False,False,False,False,False,False
assistant_top1k,膝盖,165.0,U02,0,膝盖,4247,1.0000004768371582,nn,False,False,False,False,False,False,False,False
assistant_top1k,幽门螺杆菌症状,164.0,U04,0,幽门螺杆菌感染症状表现,899,0.9278199076652527,nn,False,False,False,False,False,False,False,False
assistant_top1k,幽门螺杆菌症状,164.0,U04,0,幽门螺杆菌吃什么药最好最有效,623,,entity:幽门螺杆菌,False,False,False,False,False,False,False,False
assistant_top1k,痛风关节炎肿胀怎么快速消除,164.0,U06,0,痛风发作期怎么快速止痛消肿,8180,0.8356655240058899,nn,False,False,False,False,False,False,False,False
assistant_top1k,痛风关节炎肿胀怎么快速消除,164.0,U06,0,痛风吃什么药最好最快断根,379,,entity:痛风,False,False,False,False,False,False,False,False
assistant_top1k,痔疮外痔肉球怎么消除最快方法,163.0,U06,0,痔疮外痔肉球怎么消除最快方法,2442,0.9999997615814209,nn,False,False,False,False,False,False,False,False
assistant_top1k,痔疮外痔肉球怎么消除最快方法,163.0,U06,0,痔疮用什么药治最好效果最快,535,,entity:痔疮,False,False,False,False,False,False,False,False
assistant_top1k,白内障手术多久才能恢复正常,163.0,U03,0,白内障手术多久才能恢复正常,4377,1.0000001192092896,nn,False,False,False,False,False,False,False,False
assistant_top1k,白内障手术多久才能恢复正常,163.0,U03,0,白内障的症状是什么,1347,,entity:白内障,False,False,False,False,False,False,False,False
assistant_top1k,化疗期间吃什么最好增强免疫力,162.0,U07,0,化疗期间吃什么最好增强免疫力,5138,0.9999998211860657,nn,False,False,False,False,False,False,False,False
assistant_top1k,胆囊炎有哪些症状,162.0,U04,0,胆囊炎有哪些症状,454,1.0000003576278687,nn,False,False,False,False,False,False,False,False
assistant_top1k,胆囊炎有哪些症状,162.0,U04,0,胆囊炎的症状是哪里疼,110,,entity:胆囊炎,False,False,False,False,False,False,False,False
assistant_top1k,脚踝的位置图,162.0,U09,0,脚踝,7613,0.7544297575950623,nn,False,False,False,False,False,False,False,False
assistant_top1k,尿酸多少正常,161.0,U03,0,尿酸标准多少正常,283,0.945819079875946,nn,False,False,False,False,False,False,False,False
assistant_top1k,尿酸多少正常,161.0,U03,0,尿酸正常值多少,3087,,entity:尿酸,False,False,False,False,False,False,False,False
assistant_top1k,肾结石怎么化掉,161.0,U06,0,肾结石怎么才能快速排出来,7952,0.7596673369407654,nn,False,False,False,False,False,False,False,False
assistant_top1k,肾结石怎么化掉,161.0,U06,0,肾结石是什么原因导致的,954,,entity:肾结石,False,False,False,False,False,False,False,False
assistant_top1k,过敏性鼻炎,160.0,U02,0,过敏性鼻炎,9720,0.9999997615814209,nn,False,False,False,False,False,False,False,False
assistant_top1k,过敏性鼻炎,160.0,U02,0,过敏性鼻炎怎么治最有效的方法,1867,,entity:过敏性鼻炎,False,False,False,False,False,False,False,False
assistant_top1k,抑郁症,159.0,U02,0,抑郁症,1825,1.0000001192092896,nn,False,False,False,False,False,False,False,False
assistant_top1k,抑郁症,159.0,U02,0,抑郁症的症状有哪些表现,76,,entity:抑郁症,False,False,False,False,False,False,True,False
assistant_top1k,寻常疣会自己消失吗,158.0,U05,0,寻常疣图片,4904,,entity:寻常疣,False,False,False,False,False,False,False,False
assistant_top1k,耳朵,157.0,U02,0,耳朵,5420,0.9999999403953552,nn,False,False,False,False,False,False,False,False
assistant_top1k,指甲有竖纹是身体的什么原因,156.0,U04,0,指甲有竖纹是身体的什么原因,325,1.000000238418579,nn,False,False,False,False,False,False,False,False
assistant_top1k,牙龈萎缩怎么办,155.0,U06,0,牙龈萎缩怎么样才能恢复正常,3639,0.8800839185714722,nn,False,False,False,False,False,False,False,False
assistant_top1k,牙龈萎缩怎么办,155.0,U06,0,"牙龈萎缩是什么原因造成的,怎么恢复?",8946,,entity:牙龈萎缩,False,False,False,False,False,False,False,False
assistant_top1k,"甲亢病是什么原因引起的,能治好吗",154.0,U04,0,"甲亢病是什么原因引起的,能治好吗",547,1.0000004768371582,nn,False,False,False,False,False,False,False,False
assistant_top1k,肺结节严重吗,154.0,U04,0,肺结节是什么病情况严重吗,1156,0.8837100267410278,nn,False,False,False,False,False,False,False,False
assistant_top1k,肺结节严重吗,154.0,U04,0,肺结节是什么病情况严重吗,1156,,entity:肺结节,False,False,False,False,False,False,False,False
assistant_top1k,甲沟炎怎么治疗,153.0,U06,0,甲沟炎怎么治疗最快最好方法,813,0.8860732913017273,nn,False,False,False,False,False,False,False,False
assistant_top1k,甲沟炎怎么治疗,153.0,U06,0,甲沟炎怎么治疗最快最好方法,813,,entity:甲沟炎,False,False,False,False,False,False,False,False
assistant_top1k,痛风的症状,153.0,U04,0,痛风的症状,4844,1.0000005960464478,nn,False,False,False,False,False,False,False,False
assistant_top1k,痛风的症状,153.0,U04,0,痛风吃什么药最好最快断根,379,,entity:痛风,False,False,False,False,False,False,False,False
assistant_top1k,备孕需要做什么准备,152.0,U06,0,备孕需要去医院检查什么项目,6860,0.75491863489151,nn,False,False,False,False,False,False,False,False
assistant_top1k,痛风有哪些症状,152.0,U04,0,痛风有哪些症状,6921,1.0000003576278687,nn,False,False,False,False,False,False,False,False
assistant_top1k,痛风有哪些症状,152.0,U04,0,痛风吃什么药最好最快断根,379,,entity:痛风,False,False,False,False,False,False,False,False
assistant_top1k,眼睛看东西模糊,152.0,U04,0,眼睛模糊看不清是怎么回事,215,0.7747047543525696,nn,False,False,False,False,False,False,False,False
assistant_top1k,脑梗,152.0,U02,0,脑梗,1520,1.000000238418579,nn,False,False,False,False,False,False,False,False
assistant_top1k,脑梗,152.0,U02,0,脑梗的症状都有哪些前期症状,177,,entity:脑梗,False,False,False,False,False,False,True,False
assistant_top1k,补肾吃什么好,152.0,U08,0,补肾吃什么东西效果最好,1474,0.7833989262580872,nn,False,False,False,False,False,False,False,False
assistant_top1k,静脉曲张怎么治,152.0,U06,0,静脉曲张怎么治疗最好最快,5326,0.8251465559005737,nn,False,False,False,False,False,False,False,False
assistant_top1k,静脉曲张怎么治,152.0,U06,0,静脉曲张怎么治疗最好 腿部,181,,entity:静脉曲张,False,False,False,False,False,False,False,False
assistant_top1k,餐后2小时血糖,151.0,U02,0,餐后一小时血糖,4573,0.9074124097824097,nn,False,True,False,False,False,False,False,False
assistant_top1k,餐后2小时血糖,151.0,U02,0,餐后2小时血糖正常值范围是多少,2883,,entity:餐后2小时血糖,False,False,False,False,False,False,False,False
assistant_top1k,hpv是什么病?,150.0,U04,0,hpv是什么病毒?,3127,0.9221317768096924,nn,False,False,False,False,False,False,False,False
assistant_top1k,hpv是什么病?,150.0,U04,0,hpv是什么东西,17,,entity:hpv,False,False,False,False,False,False,False,False
assistant_top1k,眼睛,150.0,U02,0,眼睛,1476,1.0000001192092896,nn,False,False,False,False,False,False,False,False
assistant_top1k,肝囊肿严重吗,150.0,U04,0,肝囊肿是怎么回事?有危险吗,1542,0.8264192342758179,nn,False,False,True,False,False,False,False,False
assistant_top1k,肝囊肿严重吗,150.0,U04,0,"肝囊肿是什么病,需要治疗吗",151,,entity:肝囊肿,False,False,False,False,False,False,False,False
assistant_top1k,脉搏多少正常,150.0,U03,0,脉搏多少正常范围内,1117,0.9247922301292419,nn,False,False,False,False,False,False,False,False
assistant_top1k,腰椎间盘突出最好的治疗方法,150.0,U04,0,腰椎间盘突出最好的治疗方法,95,1.0000001192092896,nn,False,False,False,False,False,False,False,False
assistant_top1k,腰椎间盘突出最好的治疗方法,150.0,U04,0,腰椎间盘突出症状表现有哪些,2586,,entity:腰椎间盘突出,False,False,False,False,False,False,False,False
assistant_top1k,乳头,149.0,U02,0,乳头,2462,1.000000238418579,nn,False,False,False,False,False,False,False,False
assistant_top1k,睡眠不好有什么办法能改善睡眠,149.0,U06,1,睡眠不好有什么办法能改善睡眠,676,0.9999996423721313,nn,False,False,False,False,False,False,False,False
assistant_top1k,睡眠不好有什么办法能改善睡眠,149.0,U06,1,睡眠不好吃什么药最有效,8120,,entity:睡眠不好,False,False,False,False,False,False,False,False
assistant_top1k,血压高怎么调理才能恢复正常,149.0,U06,0,血压高怎么调理才能恢复正常,425,1.000000238418579,nn,False,False,False,False,False,False,False,False
assistant_top1k,血压高怎么调理才能恢复正常,149.0,U06,0,血压高是什么原因引起的,1860,,entity:血压高,False,False,False,False,False,False,False,False
assistant_top1k,便秘,148.0,U02,0,便秘,4049,1.0000004768371582,nn,False,False,False,False,False,False,False,False
assistant_top1k,便秘,148.0,U02,0,"便秘是什么原因造成的,该怎么解决",1810,,entity:便秘,False,False,False,False,False,False,True,False
assistant_top1k,肺结节多大算严重,148.0,U04,0,肺结节是什么病情况严重吗,1156,0.7921637892723083,nn,False,False,False,False,False,False,False,False
assistant_top1k,肺结节多大算严重,148.0,U04,0,肺结节是什么病情况严重吗,1156,,entity:肺结节,False,False,False,False,False,False,False,False
assistant_top1k,饥饿难耐,148.0,U13,0,饥饿难耐,2918,1.0000003576278687,nn,False,False,False,False,False,False,False,False
assistant_top1k,低密度脂蛋白,147.0,U02,0,低密度脂蛋白,8995,1.000000238418579,nn,False,False,False,False,False,False,False,False
assistant_top1k,低密度脂蛋白,147.0,U02,0,低密度脂蛋白正常值范围,924,,entity:低密度脂蛋白,False,False,False,False,False,False,False,False
assistant_top1k,女性bmi越小越好吗,147.0,U05,0,bmi是什么意思,4686,,entity:bmi,False,False,False,False,False,False,False,False
assistant_top1k,白带发黄怎么办,147.0,U07,0,白带发黄是怎么回事,7186,0.8910824656486511,nn,False,False,False,False,False,False,False,False
assistant_top1k,白带发黄怎么办,147.0,U07,0,白带发黄是什么原因,416,,entity:白带发黄,False,False,False,False,False,False,False,False
assistant_top1k,脂肪肝,147.0,U02,0,脂肪肝,1315,1.000000238418579,nn,False,False,False,False,False,False,False,False
assistant_top1k,脂肪肝,147.0,U02,0,"脂肪肝是什么原因引起的,该怎么治疗",336,,entity:脂肪肝,False,False,False,False,False,False,True,False
assistant_top1k,鼻窦炎的症状,147.0,U04,0,鼻窦炎有哪些症状,5055,0.9611974954605103,nn,False,False,False,False,False,False,False,False
assistant_top1k,鼻窦炎的症状,147.0,U04,0,鼻窦炎症状表现有哪些,220,,entity:鼻窦炎,False,False,False,False,False,False,False,False
assistant_top1k,如何判断自己是否患有抑郁症,146.0,U06,0,抑郁症的症状有哪些表现,76,,entity:抑郁症,False,False,False,False,False,False,False,False
assistant_top1k,心脏隐隐作痛,146.0,U04,1,心脏隐隐约约的疼怎么回事,7345,0.7972625494003296,nn,False,False,False,False,False,False,False,False
assistant_top1k,便秘怎么调理,145.0,U06,0,便秘怎么改善和调理,8678,0.9002808332443237,nn,False,False,False,False,False,False,False,False
assistant_top1k,便秘怎么调理,145.0,U06,0,"便秘是什么原因造成的,该怎么解决",1810,,entity:便秘,False,False,False,False,False,False,False,False
assistant_top1k,前列腺增生的最佳治疗方法,145.0,U04,0,前列腺增生的最佳治疗方法,639,0.9999993443489075,nn,False,False,False,False,False,False,False,False
assistant_top1k,总胆固醇高,144.0,U04,0,总胆固醇高说明什么,108,0.8719980716705322,nn,False,False,False,False,False,False,False,False
assistant_top1k,总胆固醇高,144.0,U04,0,胆固醇高是什么原因引起,115,,entity:胆固醇高,False,False,False,False,False,False,False,False
assistant_top1k,焦虑症有哪些症状,144.0,U04,0,焦虑症的症状有哪些表现,2055,0.9638359546661377,nn,False,False,False,False,False,False,False,False
assistant_top1k,焦虑症有哪些症状,144.0,U04,0,焦虑症的表现和症状有哪些症状,206,,entity:焦虑症,False,False,False,False,False,False,False,False
assistant_top1k,贫血吃什么补血,144.0,U07,0,贫血吃什么补血最快,3298,0.8958284258842468,nn,False,False,False,False,False,False,False,False
assistant_top1k,贫血吃什么补血,144.0,U07,0,贫血的症状有哪些表现,2465,,entity:贫血,False,False,False,False,False,False,False,False
assistant_top1k,糖尿病吃什么食物最好,143.0,U07,0,糖尿病吃什么食物最好,1088,0.9999995231628418,nn,False,False,False,False,False,False,False,False
assistant_top1k,糖尿病吃什么食物最好,143.0,U07,0,糖尿病的症状有哪些表现,152,,entity:糖尿病,False,False,False,False,False,False,False,False
assistant_top1k,腰椎间盘突出压迫神经屁股疼腿疼怎么治,143.0,U07,1,腰椎间盘突出压迫神经屁股疼腿疼怎么治,371,1.0,nn,False,False,False,False,False,False,False,False
assistant_top1k,腰椎间盘突出压迫神经屁股疼腿疼怎么治,143.0,U07,1,腰椎间盘突出症状表现有哪些,2586,,entity:腰椎间盘突出,False,False,False,False,False,False,False,False
assistant_top1k,烫伤怎么处理,142.0,U06,0,烫伤怎么处理,9232,0.9999997019767761,nn,False,False,False,False,False,False,False,False
assistant_top1k,生成一期科普胃胀气常见原因的播客，讲清进食速度、饮食结构、肠胃功能和哪些情况需要进一步关注。,142.0,U10,0,胃胀气怎么办 简单有效的方法,4940,,entity:胃胀气,False,False,False,False,False,False,False,False
assistant_top1k,湿疹怎么引起的,141.0,U04,0,湿疹是什么原因引起的起的,8037,0.9199312329292297,nn,False,False,False,False,False,False,False,False
assistant_top1k,湿疹怎么引起的,141.0,U04,0,湿疹是什么原因造成的,259,,entity:湿疹,False,False,False,False,False,False,False,False
assistant_top1k,冠心病,140.0,U02,0,冠心病,1623,1.0000001192092896,nn,False,False,False,False,False,False,False,False
assistant_top1k,冠心病,140.0,U02,0,冠心病的症状表现有哪些,193,,entity:冠心病,False,False,False,False,False,False,True,False
assistant_top1k,同型半胱氨酸高说明什么,140.0,U04,0,同型半胱氨酸高说明什么,146,1.0000001192092896,nn,False,False,False,False,False,False,False,False
assistant_top1k,同型半胱氨酸高说明什么,140.0,U04,0,同型半胱氨酸高吃什么药,5107,,entity:同型半胱氨酸高,False,False,False,False,False,False,False,False
assistant_top1k,总胆红素偏高,140.0,U04,1,总胆红素偏高是怎么回事,7004,0.9314223527908325,nn,False,False,False,False,False,False,False,False
assistant_top1k,总胆红素偏高,140.0,U04,1,胆红素偏高是什么问题,8241,,entity:胆红素偏高,False,False,False,False,False,False,False,False
assistant_top1k,治疗,140.0,U02,0,治疗,9287,1.0,nn,False,False,False,False,False,False,False,False
assistant_top1k,湿疹图片和症状,140.0,U09,0,湿疹图片和症状,438,0.9999999403953552,nn,False,False,False,False,False,False,False,False
assistant_top1k,湿疹图片和症状,140.0,U09,0,湿疹是什么原因造成的,259,,entity:湿疹,False,False,False,False,False,False,False,False
assistant_top1k,牙齿,140.0,U02,0,牙齿,4661,0.9999996423721313,nn,False,False,False,False,False,False,False,False
assistant_top1k,输卵管复通术大概要多少钱,140.0,U03,0,试管婴儿费用大概要多少钱,6941,0.7917662858963013,nn,False,False,False,False,False,False,False,False
assistant_top1k,颈椎病的症状,140.0,U04,0,颈椎病有哪些症状,9547,0.9355796575546265,nn,False,False,False,False,False,False,False,False
assistant_top1k,颈椎病的症状,140.0,U04,0,颈椎病怎么治疗才能彻底除根呢,7249,,entity:颈椎病,False,False,False,False,False,False,False,False
assistant_top1k,痔疮外露图片,139.0,U09,0,痔疮图片真实症状图片,3379,0.7997562289237976,nn,False,False,False,False,False,False,False,False
assistant_top1k,痔疮外露图片,139.0,U09,0,痔疮用什么药治最好效果最快,535,,entity:痔疮,False,False,False,False,False,False,False,False
assistant_top1k,尖锐湿疣,137.0,U02,0,尖锐湿疣,998,0.9999995827674866,nn,False,False,False,False,False,False,False,False
assistant_top1k,尖锐湿疣,137.0,U02,0,尖锐湿疣的症状和图片,241,,entity:尖锐湿疣,False,False,False,False,False,False,True,False
assistant_top1k,灰指甲怎么治,136.0,U06,0,"灰指甲是怎么引起的,怎么样治疗",2239,0.8643383979797363,nn,False,False,False,False,False,False,False,False
assistant_top1k,灰指甲怎么治,136.0,U06,0,灰指甲用什么药最有效最好能根治,293,,entity:灰指甲,False,False,False,False,False,False,False,False
assistant_top1k,熬夜,136.0,U02,0,熬夜,8235,1.000000238418579,nn,False,False,False,False,False,False,False,False
assistant_top1k,血脂高怎么办,136.0,U07,0,血脂高是什么引起的,6787,0.8176611065864563,nn,False,False,False,False,False,False,False,False
assistant_top1k,血脂高怎么办,136.0,U07,0,血脂高是什么引起的,6787,,entity:血脂高,False,False,False,False,False,False,False,False
assistant_top1k,颈椎病怎么治疗,136.0,U06,0,颈椎病怎样治疗效果最好,9390,0.8373520970344543,nn,False,False,False,False,False,False,False,False
assistant_top1k,颈椎病怎么治疗,136.0,U06,0,颈椎病怎么治疗才能彻底除根呢,7249,,entity:颈椎病,False,False,False,False,False,False,False,False
assistant_top1k,宫颈癌的早期症状,135.0,U04,0,宫颈癌的早期症状,2975,1.000000238418579,nn,False,False,False,False,False,False,False,False
assistant_top1k,宫颈癌的早期症状,135.0,U04,0,宫颈癌的早期症状表现有哪些,245,,entity:宫颈癌的早期,False,False,False,False,False,False,False,False
assistant_top1k,血压低吃啥补的快,135.0,U07,0,血压低吃什么补得最快,309,0.9301068186759949,nn,False,False,False,False,False,False,False,False
assistant_top1k,血压低吃啥补的快,135.0,U07,0,"血压低是什么原因,怎么解决",744,,entity:血压低,False,False,False,False,False,False,False,False
assistant_top1k,如何调理痰湿兼气虚体质,134.0,U06,0,痰湿体质怎样调理能彻底去根,5627,0.7531424760818481,nn,False,False,False,False,False,False,False,False
assistant_top1k,怀孕了,134.0,U13,1,怀孕,1110,0.8620925545692444,nn,False,False,False,False,False,False,False,False
assistant_top1k,梅毒早期的症状,134.0,U04,0,梅毒早期症状,4340,0.9890715479850769,nn,False,False,False,False,False,False,False,False
assistant_top1k,梅毒早期的症状,134.0,U04,0,梅毒早期症状,4340,,entity:梅毒早期,False,False,False,False,False,False,False,False
assistant_top1k,甲状腺结节吃什么散结最快效果好,134.0,U07,0,甲状腺结节吃什么散结最快效果好,1507,1.0000003576278687,nn,False,False,False,False,False,False,False,False
assistant_top1k,甲状腺结节吃什么散结最快效果好,134.0,U07,0,甲状腺结节是什么原因造成的,4802,,entity:甲状腺结节,False,False,False,False,False,False,False,False
assistant_top1k,肚子疼,134.0,U13,1,肚子疼,8992,1.000000238418579,nn,False,False,False,False,False,False,False,False
assistant_top1k,脂肪肝怎么治,134.0,U06,0,"脂肪肝是什么原因引起的,该怎么治疗",336,0.8301931023597717,nn,False,False,False,False,False,False,False,False
assistant_top1k,脂肪肝怎么治,134.0,U06,0,"脂肪肝是什么原因引起的,该怎么治疗",336,,entity:脂肪肝,False,False,False,False,False,False,False,False
assistant_top1k,脾虚怎样调理,134.0,U06,0,脾虚怎么调理最快,4628,0.8489925265312195,nn,False,False,False,False,False,False,False,False
assistant_top1k,脾虚怎样调理,134.0,U06,0,脾虚的表现和症状,343,,entity:脾虚,False,False,False,False,False,False,False,False
assistant_top1k,低血糖有哪些症状,133.0,U04,0,低血糖症状有哪些,7267,0.9868242144584656,nn,False,False,False,False,False,False,False,False
assistant_top1k,低血糖有哪些症状,133.0,U04,0,低血糖的症状有哪些表现,242,,entity:低血糖,False,False,False,False,False,False,False,False
assistant_top1k,肚脐眼周围疼,133.0,U04,1,肚脐眼周围痛什么原因,294,0.8696276545524597,nn,False,False,False,False,False,False,False,False
assistant_top1k,人体器官结构示意图,132.0,U09,0,人体器官结构示意图,98,0.9999997615814209,nn,False,False,False,False,False,False,False,False
assistant_top1k,皮肤瘙痒起疙瘩,132.0,U04,0,皮肤痒一抓就起一片疙瘩越挠越痒,7159,0.772773027420044,nn,False,False,False,False,False,False,False,False
assistant_top1k,耳石症有什么症状,132.0,U04,0,耳石症的症状有哪些表现,69,0.9628044366836548,nn,False,False,False,False,False,False,False,False
assistant_top1k,耳石症有什么症状,132.0,U04,0,耳石症的症状有哪些表现,69,,entity:耳石症,False,False,False,False,False,False,False,False
assistant_top1k,肺结节吃什么可以散结,132.0,U07,0,肺结节吃什么消结节最快最好,550,0.8362453579902649,nn,False,False,False,False,False,False,False,False
assistant_top1k,肺结节吃什么可以散结,132.0,U07,0,肺结节是什么病情况严重吗,1156,,entity:肺结节,False,False,False,False,False,False,False,False
assistant_top1k,胸部,132.0,U02,0,胸部,3868,1.0000003576278687,nn,False,False,False,False,False,False,False,False
assistant_top1k,尿酸高不能吃什么,131.0,U07,0,尿酸高不能吃些什么东西,1481,0.9675291180610657,nn,False,False,False,False,False,False,False,False
assistant_top1k,尿酸高不能吃什么,131.0,U07,0,尿酸高的症状,54,,entity:尿酸高,False,False,False,False,False,False,False,False
assistant_top1k,空腹血糖正常值,131.0,U03,0,空腹血糖正常值,1224,1.000000238418579,nn,False,False,False,False,False,False,False,False
assistant_top1k,空腹血糖正常值,131.0,U03,0,空腹血糖正常值是多少,168,,entity:空腹血糖,False,False,False,False,False,False,False,False
assistant_top1k,肌肉变大,131.0,U13,0,肌肉膨胀,9156,0.7656915187835693,nn,False,False,False,False,False,False,False,False
assistant_top1k,毛囊炎症状图片,130.0,U09,0,毛囊炎症状图片,7058,1.0,nn,False,False,False,False,False,False,False,False
assistant_top1k,毛囊炎症状图片,130.0,U09,0,毛囊炎用什么药最有效,863,,entity:毛囊炎,False,False,False,False,False,False,False,False
assistant_top1k,肠梗阻,130.0,U02,0,肠梗阻,3349,1.0000003576278687,nn,False,False,False,False,False,False,False,False
assistant_top1k,肠梗阻,130.0,U02,0,肠梗阻的症状表现,217,,entity:肠梗阻,False,False,False,False,False,False,True,False
assistant_top1k,腰肌劳损的主要症状,130.0,U04,0,腰肌劳损的主要症状有哪些,358,0.9739019870758057,nn,False,False,False,False,False,False,False,False
assistant_top1k,腰肌劳损的主要症状,130.0,U04,0,腰肌劳损的主要症状有哪些,358,,entity:腰肌劳损的主要,False,False,False,False,False,False,False,False
assistant_top1k,太原白癜风医院收费,129.0,U03,0,白癜风是什么引起的原因,2056,,entity:白癜风,False,False,False,True,False,False,False,False
assistant_top1k,甲状腺是什么病,129.0,U04,0,甲状腺是什么病,3789,1.000000238418579,nn,False,False,False,False,False,False,False,False
assistant_top1k,甲状腺是什么病,129.0,U04,0,甲状腺的症状有哪些表现,67,,entity:甲状腺,False,False,False,False,False,False,False,False
assistant_top1k,胃胀怎么回事,129.0,U04,0,胃胀是什么原因引起的怎么解决,6482,0.818138062953949,nn,False,False,False,False,False,False,False,False
assistant_top1k,胃胀怎么回事,129.0,U04,0,胃胀是什么原因引起的怎么解决,6482,,entity:胃胀,False,False,False,False,False,False,False,False
assistant_top1k,血氧多少算正常,129.0,U03,0,"血氧是什么意思,多少算正常",5114,0.9229361414909363,nn,False,False,False,False,False,False,False,False
assistant_top1k,血氧多少算正常,129.0,U03,0,"血氧是什么意思,多少算正常",5114,,entity:血氧,False,False,False,False,False,False,False,False
assistant_top1k,身上起小红点,129.0,U04,1,身上出现红色的小点是怎么回事,121,0.8587388396263123,nn,False,False,False,False,False,False,False,False
assistant_top1k,便秘怎么治疗,128.0,U06,0,便秘怎么改善和调理,8678,0.7902114391326904,nn,False,False,False,False,False,False,False,False
assistant_top1k,便秘怎么治疗,128.0,U06,0,"便秘是什么原因造成的,该怎么解决",1810,,entity:便秘,False,False,False,False,False,False,False,False
assistant_top1k,大便粘稠粘马桶,128.0,U04,0,大便粘稠粘马桶什么原因如何调理,9188,0.8877012133598328,nn,False,False,False,False,False,False,False,False
assistant_top1k,大便粘稠粘马桶,128.0,U04,0,大便粘稠粘马桶什么原因如何调理,9188,,entity:大便粘稠粘马桶,False,False,False,False,False,False,False,False
assistant_top1k,痛经怎么缓解,128.0,U06,0,痛经怎么缓解疼痛最有效的方法,3763,0.8435678482055664,nn,False,False,False,False,False,False,False,False
assistant_top1k,膝盖痛什么原因,128.0,U04,0,膝盖酸酸的不舒服什么原因,5701,0.7745468616485596,nn,False,False,False,False,False,False,False,False
assistant_top1k,儿童身高参照表,127.0,U09,0,儿童身高对照表0-15岁,2263,0.8800400495529175,nn,False,False,False,False,False,False,False,False
assistant_top1k,月经推迟的原因,127.0,U04,0,月经推迟不来什么原因,232,0.8687180876731873,nn,False,False,False,False,False,False,False,False
assistant_top1k,月经推迟的原因,127.0,U04,0,月经推迟是什么原因导致的,9632,,entity:月经推迟,False,False,False,False,False,False,False,False
assistant_top1k,血糖高了怎么办,127.0,U07,1,血糖高怎么调理恢复正常,704,0.8097156286239624,nn,False,False,False,False,False,False,False,False
assistant_top1k,血糖高了怎么办,127.0,U07,1,血糖高的症状表现有哪些,5864,,entity:血糖高,False,False,False,False,False,False,False,False
assistant_top1k,前列腺钙化,126.0,U02,0,前列腺钙化是什么意思,681,0.8838282227516174,nn,False,False,False,False,False,False,False,False
assistant_top1k,前列腺钙化,126.0,U02,0,前列腺钙化是什么意思,681,,entity:前列腺钙化,False,False,False,False,False,False,False,False
assistant_top1k,大便出血鲜红色,126.0,U04,0,大便出血鲜红色不疼怎么回事,386,0.8191892504692078,nn,False,False,False,False,False,False,False,False
assistant_top1k,头晕晕乎乎的是什么病的征兆,126.0,U04,0,头晕晕乎乎的是什么病的征兆,429,1.0000001192092896,nn,False,False,False,False,False,False,False,False
assistant_top1k,头疼,126.0,U02,0,头疼,5318,0.9999998807907104,nn,False,False,False,False,False,False,False,False
assistant_top1k,女性bmi越大好还是越小好,126.0,U04,0,bmi是什么意思,4686,,entity:bmi,False,False,False,False,False,False,False,False
assistant_top1k,汗疱疹,126.0,U02,0,汗疱疹,1441,1.0000001192092896,nn,False,False,False,False,False,False,False,False
assistant_top1k,汗疱疹,126.0,U02,0,汗疱疹用什么药好得最快最有效,712,,entity:汗疱疹,False,False,False,False,False,False,True,False
assistant_top1k,灰指甲怎么治疗最快根除,126.0,U06,0,灰指甲怎么治疗最快根除,829,1.0000003576278687,nn,False,False,False,False,False,False,False,False
assistant_top1k,灰指甲怎么治疗最快根除,126.0,U06,0,灰指甲用什么药最有效最好能根治,293,,entity:灰指甲,False,False,False,False,False,False,False,False
assistant_top1k,神经,126.0,U02,0,神经病,8569,0.7539381980895996,nn,False,False,False,False,False,False,False,False
assistant_top1k,耳朵嗡嗡响是什么原因引起的,126.0,U04,0,耳朵嗡嗡响是什么原因引起的,703,1.0,nn,False,False,False,False,False,False,False,False
assistant_top1k,血小板低是什么原因导致的,126.0,U04,0,血小板低是什么原因导致的,182,1.0000005960464478,nn,False,False,False,False,False,False,False,False
assistant_top1k,bmi值正常标准是多少,125.0,U03,0,bmi值正常标准是多少,382,1.0,nn,False,False,False,False,False,False,False,False
assistant_top1k,bmi值正常标准是多少,125.0,U03,0,bmi是什么意思,4686,,entity:bmi,False,False,False,False,False,False,False,False
assistant_top1k,乙肝会传染人吗,125.0,U04,0,乙肝会传染人吗,8637,1.0000001192092896,nn,False,False,False,False,False,False,False,False
assistant_top1k,乙肝会传染人吗,125.0,U04,0,乙肝是什么病,1376,,entity:乙肝,False,False,False,False,False,False,False,False
assistant_top1k,冠心病的症状表现,125.0,U04,0,冠心病的症状表现,7279,1.0,nn,False,False,False,False,False,False,False,False
assistant_top1k,冠心病的症状表现,125.0,U04,0,冠心病的症状表现有哪些,193,,entity:冠心病,False,False,False,False,False,False,False,False
assistant_top1k,太冲穴位图,125.0,U09,0,太冲穴位图,1281,0.9999999403953552,nn,False,False,False,False,False,False,False,False
assistant_top1k,焦虑,125.0,U02,0,焦虑,4204,1.0,nn,False,False,False,False,False,False,False,False
assistant_top1k,睡觉流口水原因,125.0,U04,0,睡觉流口水是什么原因,1277,0.923062264919281,nn,False,False,False,False,False,False,False,False
assistant_top1k,睡觉流口水原因,125.0,U04,0,睡觉流口水是什么原因引起的,1134,,entity:睡觉流口水,False,False,False,False,False,False,False,False
assistant_top1k,胆囊结石,125.0,U02,0,胆囊结石,8446,0.9999996423721313,nn,False,False,False,False,False,False,False,False
assistant_top1k,尿酸高是怎么回事,124.0,U04,0,尿酸高是怎么导致的原因,1993,0.9204866886138916,nn,False,False,False,False,False,False,False,False
assistant_top1k,尿酸高是怎么回事,124.0,U04,0,尿酸高的症状,54,,entity:尿酸高,False,False,False,False,False,False,False,False
assistant_top1k,屁多怎么回事,124.0,U04,0,屁多是怎么回事什么原因,350,0.9227888584136963,nn,False,False,False,False,False,False,False,False
assistant_top1k,疱疹图片和症状,124.0,U09,0,疱疹图片和症状图片,4488,0.9733750820159912,nn,False,False,False,False,False,False,False,False
assistant_top1k,疱疹图片和症状,124.0,U09,0,疱疹是什么症状图片,862,,entity:疱疹,False,False,False,False,False,False,False,False
assistant_top1k,白内障的症状,124.0,U04,0,白内障的症状和表现,5688,0.9578070640563965,nn,False,False,False,False,False,False,False,False
assistant_top1k,白内障的症状,124.0,U04,0,白内障的症状是什么,1347,,entity:白内障,False,False,False,False,False,False,False,False
assistant_top1k,肺结核,124.0,U02,0,肺结核,2220,0.9999995827674866,nn,False,False,False,False,False,False,False,False
assistant_top1k,肺结核,124.0,U02,0,肺结核吃什么药最有效治疗最快,5519,,entity:肺结核,False,False,False,False,False,False,True,False
assistant_top1k,血压低是怎么回事,124.0,U04,0,血压低是什么原因导致的,8632,0.8707878589630127,nn,False,False,False,False,False,False,False,False
assistant_top1k,血压低是怎么回事,124.0,U04,0,"血压低是什么原因,怎么解决",744,,entity:血压低,False,False,False,False,False,False,False,False
assistant_top1k,乳腺癌,123.0,U02,0,乳腺癌,3494,0.9999999403953552,nn,False,False,False,False,False,False,False,False
assistant_top1k,乳腺癌,123.0,U02,0,乳腺癌是什么原因引起的,2221,,entity:乳腺癌,False,False,False,False,False,False,True,False
assistant_top1k,子宫肌瘤,123.0,U02,0,子宫肌瘤,1843,0.9999998211860657,nn,False,False,False,False,False,False,False,False
assistant_top1k,子宫肌瘤,123.0,U02,0,子宫肌瘤是什么原因导致的,222,,entity:子宫肌瘤,False,False,False,False,False,False,True,False
assistant_top1k,痛风脚肿怎么消肿止痛,123.0,U06,0,痛风脚肿怎么消肿止痛,1506,1.0000004768371582,nn,False,False,False,False,False,False,False,False
assistant_top1k,痛风脚肿怎么消肿止痛,123.0,U06,0,痛风吃什么药最好最快断根,379,,entity:痛风,False,False,False,False,False,False,False,False
assistant_top1k,缺钾的症状,123.0,U04,0,缺钾有什么表现和症状,173,0.9087738394737244,nn,False,False,False,False,False,False,False,False
assistant_top1k,血小板低什么原因,123.0,U04,0,血小板低是什么原因,5311,0.9917370676994324,nn,False,False,False,False,False,False,False,False
assistant_top1k,血小板低什么原因,123.0,U04,0,血小板低是什么原因导致的,182,,entity:血小板低,False,False,False,False,False,False,False,False
assistant_top1k,银屑病,123.0,U02,0,银屑病,1101,1.0,nn,False,False,False,False,False,False,False,False
assistant_top1k,银屑病,123.0,U02,0,银屑病的症状表现图片,2081,,entity:银屑病,False,False,False,False,False,False,True,False
assistant_top1k,阴虱怎么去除,123.0,U06,0,阴虱怎么彻底去除最简单的方法,3491,0.8176655769348145,nn,False,False,False,False,False,False,False,False
assistant_top1k,阴虱怎么去除,123.0,U06,0,阴虱是什么原因得的,1361,,entity:阴虱,False,False,False,False,False,False,False,False
assistant_top1k,hpv是性病吗,121.0,U05,0,hpv是性病吗,9374,0.9999997615814209,nn,False,False,False,False,False,False,False,False
assistant_top1k,hpv是性病吗,121.0,U05,0,hpv是什么东西,17,,entity:hpv,False,False,False,False,False,False,False,False
assistant_top1k,丙氨酸氨基转移酶高是什么原因,121.0,U04,0,丙氨酸氨基转移酶高是什么原因,363,0.9999998211860657,nn,False,False,False,False,False,False,False,False
assistant_top1k,丙氨酸氨基转移酶高是什么原因,121.0,U04,0,丙氨酸氨基转移酶高是怎么回事,1349,,entity:丙氨酸氨基转移酶高是,False,False,False,False,False,False,False,False
assistant_top1k,女性bmi多大算正常,121.0,U03,0,bmi正常范围是多少,4943,0.8504531383514404,nn,False,False,False,False,False,False,False,False
assistant_top1k,女性bmi多大算正常,121.0,U03,0,bmi是什么意思,4686,,entity:bmi,False,False,False,False,False,False,False,False
assistant_top1k,寻常疣有哪些治疗方法,121.0,U06,0,寻常疣图片,4904,,entity:寻常疣,False,False,False,False,False,False,False,False
assistant_top1k,尿黄是咋回事,121.0,U04,0,尿黄是什么原因啊,1992,0.8465480804443359,nn,False,False,False,False,False,False,False,False
assistant_top1k,尿黄是咋回事,121.0,U04,0,尿黄是什么原因啊,1992,,entity:尿黄,False,False,False,False,False,False,False,False
assistant_top1k,我怀孕了,121.0,U13,1,怀孕,1110,0.7745317816734314,nn,True,False,False,False,False,False,False,False
assistant_top1k,湿疹怎么治疗才能彻底除根,121.0,U06,0,湿疹怎么治疗才能彻底除根,9522,0.9999998807907104,nn,False,False,False,False,False,False,False,False
assistant_top1k,湿疹怎么治疗才能彻底除根,121.0,U06,0,湿疹是什么原因造成的,259,,entity:湿疹,False,False,False,False,False,False,False,False
assistant_top1k,糖尿病症状,121.0,U04,0,糖尿病症状,8803,1.000000238418579,nn,False,False,False,False,False,False,False,False
assistant_top1k,糖尿病症状,121.0,U04,0,糖尿病的症状有哪些表现,152,,entity:糖尿病,False,False,False,False,False,False,False,False
assistant_top1k,舌苔白怎么回事,121.0,U04,0,舌苔发白怎么回事是什么原因,5010,0.9030235409736633,nn,False,False,False,False,False,False,False,False
assistant_top1k,头晕目眩恶心想吐是什么原因,120.0,U04,0,头晕目眩恶心想吐是什么原因,663,0.9999993443489075,nn,False,False,False,False,False,False,False,False
assistant_top1k,更年期什么症状,120.0,U04,0,更年期的女人有什么症状表现,162,0.8776249289512634,nn,False,False,False,False,False,False,False,False
assistant_top1k,白癜风最佳治疗方法,120.0,U06,0,白癜风是什么引起的原因,2056,,entity:白癜风,False,False,False,False,False,False,False,False
assistant_top1k,眼睛痒怎么回事,120.0,U04,0,眼睛痒是怎么回事越揉越痒,581,0.8410653471946716,nn,False,False,False,False,False,False,False,False
assistant_top1k,腰痛什么原因,120.0,U04,0,腰疼是什么原因引起的,7413,0.9112930297851562,nn,False,False,False,False,False,False,False,False
assistant_top1k,腰痛什么原因,120.0,U04,0,腰痛什么原因导致的女性,8864,,entity:腰痛,False,False,False,False,False,False,False,False
assistant_top1k,打掉孩子无痛人流一般要多少钱,119.0,U03,0,无痛人流手术费多少钱,3280,0.8826202154159546,nn,True,False,False,False,False,False,False,False
assistant_top1k,梅毒早期症状,119.0,U04,0,梅毒早期症状,4340,0.9999998807907104,nn,False,False,False,False,False,False,False,False
assistant_top1k,西梅治便秘吗,119.0,U05,0,西梅的功效与作用,7340,0.7716295123100281,nn,False,False,False,False,False,False,False,False
assistant_top1k,西梅治便秘吗,119.0,U05,0,西梅的功效与作用,7340,,entity:西梅,False,False,False,False,False,False,False,False
assistant_top1k,阴道炎,119.0,U02,0,阴道炎,812,1.0000005960464478,nn,False,False,False,False,False,False,False,False
assistant_top1k,阴道炎,119.0,U02,0,阴道炎是什么引起的,3785,,entity:阴道炎,False,False,False,False,False,False,True,False
assistant_top1k,静脉曲张怎么引起的,119.0,U04,0,静脉曲张是怎么引起的原因,397,0.9651076793670654,nn,False,False,False,False,False,False,False,False
assistant_top1k,静脉曲张怎么引起的,119.0,U04,0,静脉曲张怎么治疗最好 腿部,181,,entity:静脉曲张,False,False,False,False,False,False,False,False
assistant_top1k,静脉曲张的最快消除方法怎么治疗,119.0,U06,0,静脉曲张的最快消除方法怎么治疗,709,1.0000003576278687,nn,False,False,False,False,False,False,False,False
assistant_top1k,静脉曲张的最快消除方法怎么治疗,119.0,U06,0,静脉曲张怎么治疗最好 腿部,181,,entity:静脉曲张,False,False,False,False,False,False,False,False
assistant_top1k,颈椎,119.0,U02,0,颈椎,6029,0.9999997019767761,nn,False,False,False,False,False,False,False,False
assistant_top1k,两口子过夫妻生活咋就起不来呢,118.0,U04,0,两口子过夫妻生活咋就起不来呢,3181,0.9999998807907104,nn,False,False,False,False,False,False,False,False
assistant_top1k,幽门螺旋杆菌有哪些症状,118.0,U04,0,幽门螺旋杆菌的症状有哪些,472,0.9834039807319641,nn,False,False,False,False,False,False,False,False
assistant_top1k,幽门螺旋杆菌有哪些症状,118.0,U04,0,幽门螺旋杆菌的症状有哪些,472,,entity:幽门螺旋杆菌,False,False,False,False,False,False,False,False
assistant_top1k,月经一直不干净是什么原因,118.0,U04,1,月经一直不干净是什么原因,240,0.9999996423721313,nn,False,False,False,False,False,False,False,False
assistant_top1k,眼睛干涩视力模糊什么原因,118.0,U04,0,眼睛干涩视力模糊什么原因,6857,0.9999997019767761,nn,False,False,False,False,False,False,False,False
assistant_top1k,糖尿病能治好吗?,118.0,U04,0,糖尿病能治好吗?,2230,0.9999999403953552,nn,False,False,False,False,False,False,False,False
assistant_top1k,糖尿病能治好吗?,118.0,U04,0,糖尿病的症状有哪些表现,152,,entity:糖尿病,False,False,True,False,False,False,False,False
assistant_top1k,肠梗阻的症状表现,118.0,U04,0,肠梗阻的症状表现,217,0.9999990463256836,nn,False,False,False,False,False,False,False,False
assistant_top1k,餐后血糖标准,118.0,U03,0,餐后血糖,6638,0.9060277342796326,nn,False,False,False,False,False,False,False,False
assistant_top1k,皮肤病的种类图片,117.0,U09,0,皮肤病的种类图片,3754,0.9999996423721313,nn,False,False,False,False,False,False,False,False
assistant_top1k,肺结节大于多少mm需要手术,117.0,U03,0,肺结节多少mm以上建议手术,539,0.9380433559417725,nn,False,False,False,False,False,False,False,False
assistant_top1k,肺结节大于多少mm需要手术,117.0,U03,0,肺结节是什么病情况严重吗,1156,,entity:肺结节,False,False,False,False,False,False,False,False
assistant_top1k,脚底穴位图,117.0,U09,0,脚底穴位图,7154,0.9999995231628418,nn,False,False,False,False,False,False,False,False
assistant_top1k,脚底穴位图,117.0,U09,0,脚底穴位图片,2162,,entity:脚底穴位,False,False,False,False,False,False,False,False
assistant_top1k,血压,117.0,U02,0,血压,2347,0.9999997019767761,nn,False,False,False,False,False,False,False,False
assistant_top1k,血压,117.0,U02,0,血压正常值是多少范围,5,,entity:血压,False,False,False,False,False,False,True,False
assistant_top1k,鼻炎怎么治疗彻底除根最快最有效,117.0,U07,0,鼻炎怎么治疗彻底除根最快最有效,1802,1.000000238418579,nn,False,False,False,False,False,False,False,False
assistant_top1k,大片黄色的黄芪图片大全,4888.0,U09,0,黄芪图片,1614,0.8513503074645996,nn,False,False,False,False,False,False,False,False
assistant_top1k,前列腺炎吃什么药,2248.0,U07,0,前列腺炎吃什么药效果好见效快,401,0.8486051559448242,nn,False,False,False,False,False,False,False,False
assistant_top1k,前列腺炎吃什么药,2248.0,U07,0,前列腺炎吃什么药效果好见效快,401,,entity:前列腺炎,False,False,False,False,False,False,False,False
assistant_top1k,中药治疗肿瘤有效吗,2110.0,U05,0,免疫治疗肿瘤效果好吗,9741,0.777475118637085,nn,False,False,True,False,False,False,False,False
assistant_top1k,黄精药材有什么功效,1330.0,U04,0,黄精药材有什么功效,3,0.9999997615814209,nn,False,False,False,False,False,False,False,False
assistant_top1k,黄精药材有什么功效,1330.0,U04,0,黄精的功效和作用,1237,,entity:黄精,False,False,False,False,False,False,False,False
assistant_top1k,男人时间太短吃什么药治疗好,1080.0,U07,0,性生活时间短怎么回事吃什么药能治疗,8787,0.7836229205131531,nn,False,False,False,False,False,False,False,False
assistant_top1k,甲钴胺的功效,674.0,U04,0,甲钴胺的功效与作用,4719,0.9841605424880981,nn,False,False,False,False,False,False,False,False
assistant_top1k,甲钴胺的功效,674.0,U04,0,甲钴胺的作用与功效,2775,,entity:甲钴胺,False,False,False,False,False,False,False,False
assistant_top1k,黄精片,662.0,U02,0,黄精,89,0.8457432389259338,nn,False,False,False,False,False,False,False,False
assistant_top1k,黄精片,662.0,U02,0,黄精的功效和作用,1237,,entity:黄精,False,False,False,False,False,False,True,False
assistant_top1k,黄精,616.0,U02,0,黄精,89,0.9999993443489075,nn,False,False,False,False,False,False,False,False
assistant_top1k,黄精,616.0,U02,0,黄精的功效和作用,1237,,entity:黄精,False,False,False,False,False,False,True,False
assistant_top1k,麦冬的功效,531.0,U04,0,麦冬的功效与作用,844,0.974990725517273,nn,False,False,False,False,False,False,False,False
assistant_top1k,麦冬的功效,531.0,U04,0,麦冬的功效与作用和主治,11,,entity:麦冬,False,False,False,False,False,False,False,False
assistant_top1k,药流的药可以在网上买吗,525.0,U05,0,药流的药哪里能买到,8009,0.7832949757575989,nn,False,False,True,False,False,False,False,False
assistant_top1k,什么药能消除甲状腺结节,487.0,U07,0,甲状腺结节吃中药能消除结节吗,6318,0.8179640173912048,nn,False,False,False,False,False,False,False,False
assistant_top1k,什么药能消除甲状腺结节,487.0,U07,0,甲状腺结节是什么原因造成的,4802,,entity:甲状腺结节,False,False,False,False,False,False,False,False
assistant_top1k,布洛芬的功效,478.0,U04,0,布洛芬的功效和作用,1272,0.9738627076148987,nn,False,False,False,False,False,False,False,False
assistant_top1k,布洛芬的功效,478.0,U04,0,布洛芬的功效和作用,1272,,entity:布洛芬,False,False,False,False,False,False,False,False
assistant_top1k,他达拉非,388.0,U02,0,他达拉非,2301,1.000000238418579,nn,False,False,False,False,False,False,False,False
assistant_top1k,他达拉非,388.0,U02,0,他达拉非的副作用和危害,2642,,entity:他达拉非,False,False,False,False,False,False,True,False
assistant_top1k,阿莫西林,388.0,U02,0,阿莫西林,1042,0.9999998807907104,nn,False,False,False,False,False,False,False,False
assistant_top1k,阿莫西林,388.0,U02,0,阿莫西林的功效与作用,14,,entity:阿莫西林,False,False,False,False,False,False,True,False
assistant_top1k,塞来昔布胶囊,376.0,U02,0,塞来昔布胶囊,4704,1.0000003576278687,nn,False,False,False,False,False,False,False,False
assistant_top1k,塞来昔布胶囊,376.0,U02,0,塞来昔布胶囊的作用与功效,21,,entity:塞来昔布胶囊,False,False,False,False,False,False,False,False
assistant_top1k,天麻有什么功效,375.0,U04,0,天麻的功效作用与主治,25,0.8564852476119995,nn,False,False,False,False,False,False,False,False
assistant_top1k,天麻有什么功效,375.0,U04,0,天麻的功效作用与主治,25,,entity:天麻,False,False,False,False,False,False,False,False
assistant_top1k,冬虫夏草,369.0,U02,0,冬虫夏草,2926,1.0000001192092896,nn,False,False,False,False,False,False,False,False
assistant_top1k,冬虫夏草,369.0,U02,0,冬虫夏草的作用与功能主治,903,,entity:冬虫夏草,False,False,False,False,False,False,True,False
assistant_top1k,副作用,365.0,U02,0,安眠药副作用,6807,0.7657875418663025,nn,False,False,False,False,False,True,True,False
assistant_top1k,黄芩的功效作用与主治,365.0,U04,0,黄芩的功效作用与主治,176,0.9999998807907104,nn,False,False,False,False,False,False,False,False
assistant_top1k,左氧氟沙星,363.0,U02,0,左氧氟沙星,1409,1.000001072883606,nn,False,False,False,False,False,False,False,False
assistant_top1k,左氧氟沙星,363.0,U02,0,左氧氟沙星的作用与功效,18,,entity:左氧氟沙星,False,False,False,False,False,False,False,False
assistant_top1k,百合作用与功效,362.0,U04,0,百合的功效与作用,42,0.9526077508926392,nn,False,False,False,False,False,False,False,False
assistant_top1k,百合作用与功效,362.0,U04,0,百合的功效与作用,42,,entity:百合,False,False,False,False,False,False,False,False
assistant_top1k,石斛的功效,361.0,U04,0,石斛的功效与作用,3919,0.9752780199050903,nn,False,False,False,False,False,False,False,False
assistant_top1k,石斛的功效,361.0,U04,0,石斛的功效与作用的功能,26,,entity:石斛,False,False,False,False,False,False,False,False
assistant_top1k,马齿苋的功效,358.0,U04,0,马齿苋的功效与作用,3501,0.9661003351211548,nn,False,False,False,False,False,False,False,False
assistant_top1k,马齿苋的功效,358.0,U04,0,马齿苋的作用和功效,7,,entity:马齿苋,False,False,False,False,False,False,False,False
assistant_top1k,冬虫夏草怎样吃,341.0,U06,0,冬虫夏草的正确吃法,4093,0.8726272583007812,nn,False,False,False,False,False,False,False,False
assistant_top1k,冬虫夏草怎样吃,341.0,U06,0,冬虫夏草的作用与功能主治,903,,entity:冬虫夏草,False,False,False,False,False,False,False,False
assistant_top1k,大柴胡汤,334.0,U02,0,大柴胡汤的组成和功效主治,4915,0.8119619488716125,nn,False,False,False,False,False,False,True,False
assistant_top1k,六味地黄丸,333.0,U02,0,六味地黄丸,1260,0.9999998807907104,nn,False,False,False,False,False,False,False,False
assistant_top1k,六味地黄丸,333.0,U02,0,六味地黄丸的作用和功效,10,,entity:六味地黄丸,False,False,False,False,False,False,False,False
assistant_top1k,黄芪的功效,328.0,U04,0,黄芪的功效与作用,22,0.9496312141418457,nn,False,False,False,False,False,False,False,False
assistant_top1k,黄芪的功效,328.0,U04,0,黄芪的功效与作用,22,,entity:黄芪,False,False,False,False,False,False,False,False
assistant_top1k,陈皮有什么功效,320.0,U04,0,陈皮的功效和作用,6523,0.9157285690307617,nn,False,False,False,False,False,False,False,False
assistant_top1k,陈皮有什么功效,320.0,U04,0,陈皮的功效作用与主治,12,,entity:陈皮,False,False,False,False,False,False,False,False
assistant_top1k,谷维素的作用,319.0,U04,0,谷维素的功效与作用,2831,0.9500129818916321,nn,False,False,False,False,False,False,False,False
assistant_top1k,谷维素的作用,319.0,U04,0,谷维素的功效与作用,2831,,entity:谷维素,False,False,False,False,False,False,False,False
assistant_top1k,茯苓作用与功效,312.0,U04,0,茯苓的功效与作用,1123,0.9790040254592896,nn,False,False,False,False,False,False,False,False
assistant_top1k,茯苓作用与功效,312.0,U04,0,茯苓的功效作用与主治,13,,entity:茯苓,False,False,False,False,False,False,False,False
assistant_top1k,司美那非片功效,311.0,U04,0,司美那非的功效与作用,6298,0.9353870153427124,nn,False,False,False,False,False,False,False,False
assistant_top1k,司美那非片功效,311.0,U04,0,司美那非片是什么药,3080,,entity:司美那非片,False,False,False,False,False,False,False,False
assistant_top1k,谷维素片功能主治,306.0,U04,0,谷维素片的功效与主治,5438,0.9456349015235901,nn,False,False,False,False,False,False,False,False
assistant_top1k,谷维素片功能主治,306.0,U04,0,谷维素片的功效与作用,9,,entity:谷维素片,False,False,False,False,False,False,False,False
assistant_top1k,口腔溃疡用什么药好,293.0,U07,0,口腔溃疡用什么药效果最快,6654,0.8556826114654541,nn,False,False,False,False,False,False,False,False
assistant_top1k,口腔溃疡用什么药好,293.0,U07,0,口腔溃疡怎么治最快有效,154,,entity:口腔溃疡,False,False,False,False,False,False,False,False
assistant_top1k,黄芪,293.0,U02,0,黄芪,403,1.0000004768371582,nn,False,False,False,False,False,False,False,False
assistant_top1k,黄芪,293.0,U02,0,黄芪的功效与作用,22,,entity:黄芪,False,False,False,False,False,False,True,False
assistant_top1k,白癜风可以吃卫莱恩铜片吗,284.0,U07,0,白癜风是什么引起的原因,2056,,entity:白癜风,False,False,True,False,False,False,False,False
assistant_top1k,阿托伐他汀钙片,277.0,U02,0,阿托伐他汀钙片,3772,0.9999995827674866,nn,False,False,False,False,False,False,False,False
assistant_top1k,阿托伐他汀钙片,277.0,U02,0,阿托伐他汀钙片作用与功效,109,,entity:阿托伐他汀钙片,False,False,False,False,False,False,False,False
assistant_top1k,甲硝唑,275.0,U02,0,甲硝唑,1378,0.9999998807907104,nn,False,False,False,False,False,False,False,False
assistant_top1k,熟地黄的功效,269.0,U04,0,熟地黄的功效与作用,64,0.9795319437980652,nn,False,False,False,False,False,False,False,False
assistant_top1k,熟地黄的功效,269.0,U04,0,熟地黄的功效与作用,64,,entity:熟地黄,False,False,False,False,False,False,False,False
assistant_top1k,黄芪有什么功效,269.0,U04,0,黄芪有什么作用和功效,9798,0.9317482709884644,nn,False,False,False,False,False,False,False,False
assistant_top1k,黄芪有什么功效,269.0,U04,0,黄芪的功效与作用,22,,entity:黄芪,False,False,False,False,False,False,False,False
assistant_top1k,西地那非的功效,268.0,U04,0,西地那非的作用与功效,2588,0.9821076393127441,nn,False,False,False,False,False,False,False,False
assistant_top1k,西地那非的功效,268.0,U04,0,西地那非的作用与功效,2588,,entity:西地那非,False,False,False,False,False,False,False,False
assistant_top1k,塞来昔布的功效,265.0,U04,0,塞来昔布的功效与主治,359,0.9635299444198608,nn,False,False,False,False,False,False,False,False
assistant_top1k,塞来昔布的功效,265.0,U04,0,塞来昔布的功效与主治,359,,entity:塞来昔布,False,False,False,False,False,False,False,False
assistant_top1k,痛风吃什么药最好最快断根,265.0,U07,0,痛风吃什么药最好最快断根,379,1.0000001192092896,nn,False,False,False,False,False,False,False,False
assistant_top1k,三七粉的功效,262.0,U04,0,三七粉的主要功效和作用,2457,0.9473952651023865,nn,False,False,False,False,False,False,False,False
assistant_top1k,三七粉的功效,262.0,U04,0,三七粉的功效与作用及食用方法,97,,entity:三七粉,False,False,False,False,False,False,False,False
assistant_top1k,甲钴胺,258.0,U02,0,甲钴胺,1090,0.999999463558197,nn,False,False,False,False,False,False,False,False
assistant_top1k,甲钴胺,258.0,U02,0,甲钴胺的作用与功效,2775,,entity:甲钴胺,False,False,False,False,False,False,True,False
assistant_top1k,阿司匹林,255.0,U02,0,阿司匹林,827,1.0000004768371582,nn,False,False,False,False,False,False,False,False
assistant_top1k,阿司匹林,255.0,U02,0,阿司匹林的功效与作用,118,,entity:阿司匹林,False,False,False,False,False,False,True,False
assistant_top1k,东阳光冬虫夏草,251.0,U02,0,冬虫夏草的作用与功能主治,903,,entity:冬虫夏草,False,False,False,False,False,False,False,False
assistant_top1k,五味子的功效,244.0,U04,0,五味子的功效与作用,28,0.9705370664596558,nn,False,False,False,False,False,False,False,False
assistant_top1k,五味子的功效,244.0,U04,0,五味子的功效与作用,28,,entity:五味子,False,False,False,False,False,False,False,False
assistant_top1k,归脾丸的功效,244.0,U04,0,归脾丸功效和作用,7989,0.9772799611091614,nn,False,False,False,False,False,False,False,False
assistant_top1k,归脾丸的功效,244.0,U04,0,归脾丸的作用与功能主治,59,,entity:归脾丸,False,False,False,False,False,False,False,False
assistant_top1k,维生素b12,237.0,U02,0,维生素b12,8540,0.9999996423721313,nn,False,False,False,False,False,False,False,False
assistant_top1k,维生素b12,237.0,U02,0,维生素b12的功效与主治,39,,entity:维生素b12,False,False,False,False,False,False,False,False
assistant_top1k,莫匹罗星软膏,235.0,U02,0,莫匹罗星软膏,3917,0.9999998211860657,nn,False,False,False,False,False,False,False,False
assistant_top1k,莫匹罗星软膏,235.0,U02,0,莫匹罗星软膏功效,351,,entity:莫匹罗星软膏,False,False,False,False,False,False,False,False
assistant_top1k,盐酸达泊西汀片,232.0,U02,0,盐酸达泊西汀片作用与功效,2091,0.8643242120742798,nn,False,False,False,False,False,False,False,False
assistant_top1k,盐酸达泊西汀片,232.0,U02,0,盐酸达泊西汀片的功效,287,,entity:盐酸达泊西汀片,False,False,False,False,False,False,False,False
assistant_top1k,陈皮作用与功效,232.0,U04,0,陈皮的功效与作用,2784,0.9874976873397827,nn,False,False,False,False,False,False,False,False
assistant_top1k,陈皮作用与功效,232.0,U04,0,陈皮的功效作用与主治,12,,entity:陈皮,False,False,False,False,False,False,False,False
assistant_top1k,司美那非,228.0,U02,0,司美那非,1929,1.000000238418579,nn,False,False,False,False,False,False,False,False
assistant_top1k,司美那非,228.0,U02,0,司美那非的功效是什么,72,,entity:司美那非,False,False,False,False,False,False,True,False
assistant_top1k,鼻炎最有效的药,228.0,U08,0,鼻炎用什么药最好效果,5472,0.8330410718917847,nn,False,False,False,False,False,False,False,False
assistant_top1k,鼻炎最有效的药,228.0,U08,0,鼻炎怎么治疗彻底除根最快最有效,1802,,entity:鼻炎,False,False,False,False,False,False,False,False
assistant_top1k,六味地黄丸功效和作用,225.0,U04,0,六味地黄丸的作用和功效,10,0.9934200048446655,nn,False,False,False,False,False,False,False,False
assistant_top1k,六味地黄丸功效和作用,225.0,U04,0,六味地黄丸的作用和功效,10,,entity:六味地黄丸,False,False,False,False,False,False,False,False
assistant_top1k,丹参的功效,220.0,U04,0,丹参的功效与作用,590,0.9707748889923096,nn,False,False,False,False,False,False,False,False
assistant_top1k,丹参的功效,220.0,U04,0,丹参的功效作用与主治,32,,entity:丹参,False,False,False,False,False,False,False,False
assistant_top1k,维生素b的功效,219.0,U04,0,维生素b片的功效与作用,7581,0.9022622108459473,nn,False,False,False,False,False,False,False,False
assistant_top1k,维生素b的功效,219.0,U04,0,维生素b的作用和功效有哪些,7747,,entity:维生素b,False,False,False,False,False,False,False,False
assistant_top1k,前列腺炎吃什么药效果好见效快,218.0,U07,0,前列腺炎吃什么药效果好见效快,401,1.0000001192092896,nn,False,False,False,False,False,False,False,False
assistant_top1k,拉肚子吃什么药好,218.0,U07,0,拉肚子吃什么药,9519,0.9430238008499146,nn,False,False,False,False,False,False,False,False
assistant_top1k,拉肚子吃什么药好,218.0,U07,0,拉肚子吃什么药效果好,2165,,entity:拉肚子,False,False,False,False,False,False,False,False
assistant_top1k,吃什么中成药,215.0,U07,0,中成药是什么意思,9624,,entity:中成药,False,False,False,False,False,False,False,False
assistant_top1k,甲钴胺片的功效和作用,215.0,U04,0,甲钴胺片的功效和作用,4,0.9999997019767761,nn,False,False,False,False,False,False,False,False
assistant_top1k,牙疼吃什么药好,212.0,U07,0,牙疼吃什么药,9730,0.948187530040741,nn,False,False,False,False,False,False,False,False
assistant_top1k,牙疼吃什么药好,212.0,U07,0,牙疼吃什么药最好效果最快,1889,,entity:牙疼,False,False,False,False,False,False,False,False
assistant_top1k,川芎的功效,209.0,U04,0,川芎的功效与作用,274,0.9743238091468811,nn,False,False,False,False,False,False,False,False
assistant_top1k,川芎的功效,209.0,U04,0,川芎的功效作用与主治,214,,entity:川芎,False,False,False,False,False,False,False,False
assistant_top1k,硬度不够中途疲软是什么原因引起的吃什么药,209.0,U07,1,硬度不够吃什么药效果最好,9136,0.7776982188224792,nn,False,False,False,False,False,False,False,False
assistant_top1k,硬度不够中途疲软是什么原因引起的吃什么药,209.0,U07,1,硬度不够吃什么药效果最好,9136,,entity:硬度不够,False,False,False,False,False,False,False,False
assistant_top1k,参苓白术散,207.0,U02,0,参苓白术散,2843,0.9999999403953552,nn,False,False,False,False,False,False,False,False
assistant_top1k,参苓白术散,207.0,U02,0,参苓白术散的功效与作用,142,,entity:参苓白术散,False,False,False,False,False,False,False,False
assistant_top1k,奥美拉唑,207.0,U02,0,奥美拉唑,1896,1.0000005960464478,nn,False,False,False,False,False,False,False,False
assistant_top1k,奥美拉唑,207.0,U02,0,奥美拉唑的功效与作用,4929,,entity:奥美拉唑,False,False,False,False,False,False,True,False
assistant_top1k,逍遥丸作用和功效,206.0,U04,0,逍遥丸的功效与作用,4310,0.988541305065155,nn,False,False,False,False,False,False,False,False
assistant_top1k,逍遥丸作用和功效,206.0,U04,0,逍遥丸的功效与主治作用,47,,entity:逍遥丸,False,False,False,False,False,False,False,False
assistant_top1k,山茱萸的功效,205.0,U04,0,山茱萸的功效与作用,190,0.9610282182693481,nn,False,False,False,False,False,False,False,False
assistant_top1k,山茱萸的功效,205.0,U04,0,山茱萸的功效与作用,190,,entity:山茱萸,False,False,False,False,False,False,False,False
assistant_top1k,叶酸片的功效,203.0,U04,0,叶酸片的功效与作用,68,0.9730955958366394,nn,False,False,False,False,False,False,False,False
assistant_top1k,叶酸片的功效,203.0,U04,0,叶酸片的功效与作用,68,,entity:叶酸片,False,False,False,False,False,False,False,False
assistant_top1k,肉苁蓉的功效,202.0,U04,0,肉苁蓉的功效与作用,159,0.9663518071174622,nn,False,False,False,False,False,False,False,False
assistant_top1k,肉苁蓉的功效,202.0,U04,0,肉苁蓉的功效与作用,159,,entity:肉苁蓉,False,False,False,False,False,False,False,False
assistant_top1k,当归作用与功效,201.0,U04,0,当归的功效与作用,30,0.9897740483283997,nn,False,False,False,False,False,False,False,False
assistant_top1k,当归作用与功效,201.0,U04,0,当归的功效与作用,30,,entity:当归,False,False,False,False,False,False,False,False
assistant_top1k,牛黄解毒片作用,201.0,U04,0,牛黄解毒片的功效与作用,405,0.96420818567276,nn,False,False,False,False,False,False,False,False
assistant_top1k,牛黄解毒片作用,201.0,U04,0,牛黄解毒片的功效与主治,73,,entity:牛黄解毒片,False,False,False,False,False,False,False,False
assistant_top1k,灵芝作用与功效,198.0,U04,0,灵芝的功效与作用,2730,0.9824424982070923,nn,False,False,False,False,False,False,False,False
assistant_top1k,灵芝作用与功效,198.0,U04,0,灵芝功效作用与主治,86,,entity:灵芝,False,False,False,False,False,False,False,False
assistant_top1k,酸枣仁的功效,198.0,U04,0,酸枣仁的功效与作用,175,0.965683102607727,nn,False,False,False,False,False,False,False,False
assistant_top1k,酸枣仁的功效,198.0,U04,0,酸枣仁的功效与作用,175,,entity:酸枣仁,False,False,False,False,False,False,False,False
assistant_top1k,塞来昔布胶囊的作用与功效,197.0,U04,0,塞来昔布胶囊的作用与功效,21,1.0,nn,False,False,False,False,False,False,False,False
assistant_top1k,金银花作用与功效,196.0,U04,0,金银花的功效与作用,5109,0.9902169704437256,nn,False,False,False,False,False,False,False,False
assistant_top1k,金银花作用与功效,196.0,U04,0,金银花的功效作用与主治,44,,entity:金银花,False,False,False,False,False,False,False,False
assistant_top1k,五味子有什么功效,194.0,U04,0,五味子的功效和作用,8154,0.9135707020759583,nn,False,False,False,False,False,False,False,False
assistant_top1k,五味子有什么功效,194.0,U04,0,五味子的功效与作用,28,,entity:五味子,False,False,False,False,False,False,False,False
assistant_top1k,黄精怎么食用最好,194.0,U06,0,黄精怎么食用最好,711,1.0000001192092896,nn,False,False,False,False,False,False,False,False
assistant_top1k,黄精怎么食用最好,194.0,U06,0,黄精的功效和作用,1237,,entity:黄精,False,False,False,False,False,False,False,False
assistant_top1k,中药,193.0,U02,0,中药,8697,1.0000001192092896,nn,False,False,False,False,False,False,False,False
assistant_top1k,桑叶的功效,193.0,U04,0,桑叶的功效与作用,3758,0.9715920090675354,nn,False,False,False,False,False,False,False,False
assistant_top1k,桑叶的功效,193.0,U04,0,桑叶的功效与作用,3758,,entity:桑叶,False,False,False,False,False,False,False,False
assistant_top1k,石斛的功能主治,193.0,U04,0,石斛功效作用与主治,6391,0.9609265327453613,nn,False,False,False,False,False,False,False,False
assistant_top1k,石斛的功能主治,193.0,U04,0,石斛的功效与作用的功能,26,,entity:石斛,False,False,False,False,False,False,False,False
assistant_top1k,布洛芬缓释胶囊,192.0,U02,0,布洛芬缓释胶囊,5690,0.9999995231628418,nn,False,False,False,False,False,False,False,False
assistant_top1k,布洛芬缓释胶囊,192.0,U02,0,布洛芬缓释胶囊的功效与作用,19,,entity:布洛芬缓释胶囊,False,False,False,False,False,False,False,False
assistant_top1k,当归的功效,192.0,U04,0,当归的功效与作用,30,0.9780344367027283,nn,False,False,False,False,False,False,False,False
assistant_top1k,当归的功效,192.0,U04,0,当归的功效与作用,30,,entity:当归,False,False,False,False,False,False,False,False
assistant_top1k,鱼油有什么功效,192.0,U04,0,鱼油的功效与作用,6727,0.922048807144165,nn,False,False,False,False,False,False,False,False
assistant_top1k,鱼油有什么功效,192.0,U04,0,鱼油的功效与主治功能,229,,entity:鱼油,False,False,False,False,False,False,False,False
assistant_top1k,hpv疫苗有必要打吗,191.0,U07,0,hpv疫苗有必要打吗,1927,0.9999999403953552,nn,False,False,False,False,False,False,False,False
assistant_top1k,hpv疫苗有必要打吗,191.0,U07,0,hpv是什么东西,17,,entity:hpv,False,False,True,False,False,False,False,False
assistant_top1k,维生素b族,191.0,U02,0,维生素b,5118,0.8828986287117004,nn,False,False,False,False,False,False,False,False
assistant_top1k,维生素b族,191.0,U02,0,维生素b族的功效与作用有哪些,866,,entity:维生素b族,False,False,False,False,False,False,False,False
assistant_top1k,布洛芬,190.0,U02,0,布洛芬,803,0.9999995827674866,nn,False,False,False,False,False,False,False,False
assistant_top1k,布洛芬,190.0,U02,0,布洛芬的功效和作用,1272,,entity:布洛芬,False,False,False,False,False,False,True,False
assistant_top1k,奥美拉唑肠溶胶囊的作用与功效,189.0,U04,0,奥美拉唑肠溶胶囊的作用与功效,29,0.9999999403953552,nn,False,False,False,False,False,False,False,False
assistant_top1k,氯雷他定片,189.0,U02,0,氯雷他定片,3072,1.0000004768371582,nn,False,False,False,False,False,False,False,False
assistant_top1k,氯雷他定片,189.0,U02,0,氯雷他定片的作用和功效,70,,entity:氯雷他定片,False,False,False,False,False,False,False,False
assistant_top1k,金银花露,185.0,U02,0,金银花露,2654,0.9999999403953552,nn,False,False,False,False,False,False,False,False
assistant_top1k,金银花露,185.0,U02,0,金银花的功效作用与主治,44,,entity:金银花,False,False,False,False,False,False,True,False
assistant_top1k,牛黄解毒片,184.0,U02,0,牛黄解毒片,4146,1.0,nn,False,False,False,False,False,False,False,False
assistant_top1k,牛黄解毒片,184.0,U02,0,牛黄解毒片的功效与主治,73,,entity:牛黄解毒片,False,False,False,False,False,False,False,False
assistant_top1k,塞来昔布,182.0,U02,0,塞来昔布,1919,0.9999998807907104,nn,False,False,False,False,False,False,False,False
assistant_top1k,塞来昔布,182.0,U02,0,塞来昔布的功效与主治,359,,entity:塞来昔布,False,False,False,False,False,False,True,False
assistant_top1k,他达拉非片的功效与作用,181.0,U04,0,他达拉非片的功效与作用,848,1.000000238418579,nn,False,False,False,False,False,False,False,False
assistant_top1k,他达拉非片的功效与作用,181.0,U04,0,他达拉非片的作用及功效,63,,entity:他达拉非片,False,False,False,False,False,False,False,False
assistant_top1k,一次吃几粒,180.0,U13,0,阿莫西林一次吃几粒,236,0.8079336285591125,nn,False,False,False,False,False,True,False,False
assistant_top1k,维生素b6的作用,179.0,U04,0,维生素b6的作用和功效,228,0.9650155305862427,nn,False,False,False,False,False,False,False,False
assistant_top1k,维生素b6的作用,179.0,U04,0,维生素b6的作用和功效,228,,entity:维生素b6,False,False,False,False,False,False,False,False
assistant_top1k,蒲公英的功效,178.0,U04,0,蒲公英的功效与作用,638,0.9536381959915161,nn,False,False,False,False,False,False,False,False
assistant_top1k,蒲公英的功效,178.0,U04,0,蒲公英的功效与作用,638,,entity:蒲公英,False,False,False,False,False,False,False,False
assistant_top1k,茯苓的功效,176.0,U04,0,茯苓的功效,4301,1.0,nn,False,False,False,False,False,False,False,False
assistant_top1k,茯苓的功效,176.0,U04,0,茯苓的功效作用与主治,13,,entity:茯苓,False,False,False,False,False,False,False,False
assistant_top1k,马齿苋,176.0,U02,0,马齿苋,390,1.0,nn,False,False,False,False,False,False,False,False
assistant_top1k,马齿苋,176.0,U02,0,马齿苋的作用和功效,7,,entity:马齿苋,False,False,False,False,False,False,True,False
assistant_top1k,氨甲环酸,174.0,U02,0,氨甲环酸,5288,0.9999997019767761,nn,False,False,False,False,False,False,False,False
assistant_top1k,氨甲环酸,174.0,U02,0,氨甲环酸的功效与作用,546,,entity:氨甲环酸,False,False,False,False,False,False,True,False
assistant_top1k,维生素c作用和功效,173.0,U04,0,维生素c的功效与作用,101,0.9813985228538513,nn,False,False,False,False,False,False,False,False
assistant_top1k,维生素c作用和功效,173.0,U04,0,维生素c的功效与作用,101,,entity:维生素c,False,False,False,False,False,False,False,False
assistant_top1k,人参的功效,172.0,U04,0,人参的功效与作用,1312,0.9668238162994385,nn,False,False,False,False,False,False,False,False
assistant_top1k,人参的功效,172.0,U04,0,人参的作用与功效 正确食用方法,805,,entity:人参,False,False,False,False,False,False,False,False
assistant_top1k,湿疹用什么药,170.0,U07,0,湿疹用什么药最好最快最有效,434,0.8434810638427734,nn,False,False,False,False,False,False,False,False
assistant_top1k,湿疹用什么药,170.0,U07,0,湿疹是什么原因造成的,259,,entity:湿疹,False,False,False,False,False,False,False,False
assistant_top1k,葛根粉功效作用,170.0,U04,0,葛根粉的功效与作用,474,0.9839237332344055,nn,False,False,False,False,False,False,False,False
assistant_top1k,葛根粉功效作用,170.0,U04,0,葛根粉的功效与作用,474,,entity:葛根粉,False,False,False,False,False,False,False,False
assistant_top1k,金匮肾气丸,170.0,U02,0,金匮肾气丸,2657,1.0000009536743164,nn,False,False,False,False,False,False,False,False
assistant_top1k,金匮肾气丸,170.0,U02,0,金匮肾气丸的作用与功效,119,,entity:金匮肾气丸,False,False,False,False,False,False,False,False
assistant_top1k,党参的功效,168.0,U04,0,党参的功效与作用,33,0.9684851765632629,nn,False,False,False,False,False,False,False,False
assistant_top1k,党参的功效,168.0,U04,0,党参的功效与作用,33,,entity:党参,False,False,False,False,False,False,False,False
assistant_top1k,甲钴胺片功效作用,168.0,U04,0,甲钴胺片的功效和作用,4,0.9868360161781311,nn,False,False,False,False,False,False,False,False
assistant_top1k,甲钴胺片功效作用,168.0,U04,0,甲钴胺片的功效和作用,4,,entity:甲钴胺片,False,False,False,False,False,False,False,False
assistant_top1k,双氯芬酸钠缓释片的作用与功效,167.0,U04,0,双氯芬酸钠缓释片的作用与功效,49,1.0000003576278687,nn,False,False,False,False,False,False,False,False
assistant_top1k,夏枯草的功效,167.0,U04,0,夏枯草的功效与作用,105,0.9717639684677124,nn,False,False,False,False,False,False,False,False
assistant_top1k,夏枯草的功效,167.0,U04,0,夏枯草的功效与作用,105,,entity:夏枯草,False,False,False,False,False,False,False,False
assistant_top1k,叶酸片功能主治,165.0,U04,0,叶酸的功能主治及副作用,3722,0.8963395953178406,nn,False,False,False,False,False,False,False,False
assistant_top1k,叶酸片功能主治,165.0,U04,0,叶酸片的功效与作用,68,,entity:叶酸片,False,False,False,False,False,False,False,False
assistant_top1k,尿路感染吃什么药好,165.0,U07,0,尿路感染吃什么药,9990,0.9574918746948242,nn,False,False,False,False,False,False,False,False
assistant_top1k,尿路感染吃什么药好,165.0,U07,0,尿路感染吃什么药好得快,66,,entity:尿路感染,False,False,False,False,False,False,False,False
assistant_top1k,左氧氟沙星作用,162.0,U04,0,左氧氟沙星的作用与功效,18,0.9497429728507996,nn,False,False,False,False,False,False,False,False
assistant_top1k,左氧氟沙星作用,162.0,U04,0,左氧氟沙星的作用与功效,18,,entity:左氧氟沙星,False,False,False,False,False,False,False,False
assistant_top1k,维生素,162.0,U02,0,维生素,6188,1.0000004768371582,nn,False,False,False,False,False,False,False,False
assistant_top1k,外阴瘙痒有白斑用什么药,158.0,U07,1,外阴白斑,3377,0.7768047451972961,nn,False,False,False,False,False,False,False,False
assistant_top1k,碳酸氢钠,158.0,U02,0,碳酸氢钠,1264,1.0000005960464478,nn,False,False,False,False,False,False,False,False
assistant_top1k,碳酸氢钠,158.0,U02,0,碳酸氢钠的作用与功效,380,,entity:碳酸氢钠,False,False,False,False,False,False,True,False
assistant_top1k,甘草作用与功效,157.0,U04,0,甘草的功效与作用,53,0.982774019241333,nn,False,False,False,False,False,False,False,False
assistant_top1k,甘草作用与功效,157.0,U04,0,甘草的功效与作用,53,,entity:甘草,False,False,False,False,False,False,False,False
assistant_top1k,生脉饮的功效,157.0,U04,0,生脉饮的功效与主治作用,82,0.9665604829788208,nn,False,False,False,False,False,False,False,False
assistant_top1k,生脉饮的功效,157.0,U04,0,生脉饮的功效与主治作用,82,,entity:生脉饮,False,False,False,False,False,False,False,False
assistant_top1k,维生素d的作用,157.0,U04,0,维生素d的作用和功效,296,0.943259060382843,nn,False,False,False,False,False,False,False,False
assistant_top1k,维生素d的作用,157.0,U04,0,维生素d的作用和功效,296,,entity:维生素d,False,False,False,False,False,False,False,False
assistant_top1k,白术的主治功能,156.0,U04,0,白术的功效与主治,2823,0.9670249819755554,nn,False,False,False,False,False,False,False,False
assistant_top1k,白术的主治功能,156.0,U04,0,白术的功效与作用,78,,entity:白术,False,False,False,False,False,False,False,False
assistant_top1k,头孢,155.0,U02,0,头孢,1798,0.9999996423721313,nn,False,False,False,False,False,False,False,False
assistant_top1k,头孢,155.0,U02,0,头孢的作用和主治,1159,,entity:头孢,False,False,False,False,False,False,True,False
assistant_top1k,谷维素,155.0,U02,0,谷维素,1657,1.0000007152557373,nn,False,False,False,False,False,False,False,False
assistant_top1k,谷维素,155.0,U02,0,谷维素的功效与作用,2831,,entity:谷维素,False,False,False,False,False,False,True,False
assistant_top1k,他达拉非片的功效,154.0,U04,0,他达拉非片的功效与作用,848,0.9871934056282043,nn,False,False,False,False,False,False,False,False
assistant_top1k,他达拉非片的功效,154.0,U04,0,他达拉非片的作用及功效,63,,entity:他达拉非片,False,False,False,False,False,False,False,False
assistant_top1k,天麻功效和作用,154.0,U04,0,天麻的功效与作用与主治,4816,0.9560081362724304,nn,False,False,False,False,False,False,False,False
assistant_top1k,天麻功效和作用,154.0,U04,0,天麻的功效作用与主治,25,,entity:天麻,False,False,False,False,False,False,False,False
assistant_top1k,甲钴胺片治什么病,152.0,U04,0,甲钴胺片主要治什么病,895,0.9607251286506653,nn,False,False,False,False,False,False,False,False
assistant_top1k,甲钴胺片治什么病,152.0,U04,0,甲钴胺片的功效和作用,4,,entity:甲钴胺片,False,False,False,False,False,False,False,False
assistant_top1k,胃疼吃啥药好使,152.0,U07,0,胃疼吃什么药最好效果最快,1467,0.8139086365699768,nn,False,False,False,False,False,False,False,False
assistant_top1k,胃疼吃啥药好使,152.0,U07,0,胃疼吃什么药最好效果最快,1467,,entity:胃疼,False,False,False,False,False,False,False,False
assistant_top1k,熊胆粉的功效,151.0,U04,0,熊胆粉的功效与作用,160,0.9853795170783997,nn,False,False,False,False,False,False,False,False
assistant_top1k,熊胆粉的功效,151.0,U04,0,熊胆粉的功效与作用,160,,entity:熊胆粉,False,False,False,False,False,False,False,False
assistant_top1k,知柏地黄丸,151.0,U02,0,知柏地黄丸,3175,0.999998927116394,nn,False,False,False,False,False,False,False,False
assistant_top1k,知柏地黄丸,151.0,U02,0,知柏地黄丸的作用与功效,178,,entity:知柏地黄丸,False,False,False,False,False,False,False,False
assistant_top1k,辅酶q10功效,150.0,U04,0,辅酶q10的功效与作用,84,0.9735202789306641,nn,False,False,False,False,False,False,False,False
assistant_top1k,辅酶q10功效,150.0,U04,0,辅酶q10的功效与作用,84,,entity:辅酶q10,False,False,False,False,False,False,False,False
assistant_top1k,维生素d,149.0,U02,0,维生素d,7854,0.9999996423721313,nn,False,False,False,False,False,False,False,False
assistant_top1k,维生素d,149.0,U02,0,维生素d的作用和功效,296,,entity:维生素d,False,False,False,False,False,False,True,False
assistant_top1k,益生菌的功效,148.0,U04,0,益生菌的作用与功效,1057,0.9531891942024231,nn,False,False,False,False,False,False,False,False
assistant_top1k,益生菌的功效,148.0,U04,0,益生菌的功效与作用的功能与主治,155,,entity:益生菌,False,False,False,False,False,False,False,False
assistant_top1k,辅酶q10,147.0,U02,0,辅酶Q10,6920,1.0,nn,False,False,False,False,False,False,False,False
assistant_top1k,辅酶q10,147.0,U02,0,辅酶q10的功效与作用,84,,entity:辅酶q10,False,False,False,False,False,False,False,False
assistant_top1k,枸杞,146.0,U02,0,枸杞,2180,1.0000001192092896,nn,False,False,False,False,False,False,False,False
assistant_top1k,枸杞,146.0,U02,0,枸杞的功效与作用,5196,,entity:枸杞,False,False,False,False,False,False,True,False
assistant_top1k,石斛,146.0,U02,0,石斛,886,0.9999995827674866,nn,False,False,False,False,False,False,False,False
assistant_top1k,石斛,146.0,U02,0,石斛的功效与作用的功能,26,,entity:石斛,False,False,False,False,False,False,True,False
assistant_top1k,西洋参有什么功效,145.0,U04,0,西洋参的功效和作用,23,0.9282137155532837,nn,False,False,False,False,False,False,False,False
assistant_top1k,西洋参有什么功效,145.0,U04,0,西洋参的功效和作用,23,,entity:西洋参,False,False,False,False,False,False,False,False
assistant_top1k,咳嗽吃什么药好,144.0,U07,0,咳嗽吃什么药止咳效果好,3710,0.881198525428772,nn,False,False,False,False,False,False,False,False
assistant_top1k,咳嗽吃什么药好,144.0,U07,0,咳嗽怎么治最快最有效,230,,entity:咳嗽,False,False,False,False,False,False,False,False
assistant_top1k,对乙酰氨基酚,144.0,U02,0,对乙酰氨基酚,3410,0.9999998807907104,nn,False,False,False,False,False,False,False,False
assistant_top1k,对乙酰氨基酚,144.0,U02,0,对乙酰氨基酚的功效与作用,290,,entity:对乙酰氨基酚,False,False,False,False,False,False,False,False
assistant_top1k,牛皮癣用什么药能彻底根除,144.0,U07,0,牛皮癣怎么治才能彻底根除,8875,0.853752076625824,nn,False,False,False,False,False,False,False,False
assistant_top1k,牛皮癣用什么药能彻底根除,144.0,U07,0,牛皮癣图片,4596,,entity:牛皮癣,False,False,False,False,False,False,False,False
assistant_top1k,瑞舒伐他汀,144.0,U02,0,瑞舒伐他汀,9581,1.0000001192092896,nn,False,False,False,False,False,False,False,False
assistant_top1k,瑞舒伐他汀,144.0,U02,0,瑞舒伐他汀的副作用与危害,5929,,entity:瑞舒伐他汀,False,False,False,False,False,False,False,False
assistant_top1k,蒙脱石散,144.0,U02,0,蒙脱石散,2043,1.0,nn,False,False,False,False,False,False,False,False
assistant_top1k,蒙脱石散,144.0,U02,0,蒙脱石散的功效与作用,484,,entity:蒙脱石散,False,False,False,False,False,False,True,False
assistant_top1k,鱼腥草的功效,144.0,U04,0,鱼腥草的功效与作用,1212,0.968931257724762,nn,False,False,False,False,False,False,False,False
assistant_top1k,鱼腥草的功效,144.0,U04,0,鱼腥草的作用和功能主治,90,,entity:鱼腥草,False,False,False,False,False,False,False,False
assistant_top1k,石斛的功效与作用,143.0,U04,0,石斛的功效与作用,3919,0.9999997019767761,nn,False,False,False,False,False,False,False,False
assistant_top1k,石斛的功效与作用,143.0,U04,0,石斛的功效与作用的功能,26,,entity:石斛,False,False,False,False,False,False,False,False
assistant_top1k,藏红花作用与功效,143.0,U04,0,藏红花的功效与作用,451,0.9919395446777344,nn,False,False,False,False,False,False,False,False
assistant_top1k,藏红花作用与功效,143.0,U04,0,藏红花的功效与作用,451,,entity:藏红花,False,False,False,False,False,False,False,False
assistant_top1k,艾司唑仑片,142.0,U02,0,艾司唑仑片,7527,0.9999991655349731,nn,False,False,False,False,False,False,False,False
assistant_top1k,艾司唑仑片,142.0,U02,0,艾司唑仑片的功效与副作用,356,,entity:艾司唑仑片,False,False,False,False,False,False,False,False
assistant_top1k,诺氟沙星胶囊,142.0,U02,0,诺氟沙星胶囊,6104,1.0000005960464478,nn,False,False,False,False,False,False,False,False
assistant_top1k,诺氟沙星胶囊,142.0,U02,0,诺氟沙星胶囊的功效与作用,278,,entity:诺氟沙星胶囊,False,False,False,False,False,False,False,False
assistant_top1k,逍遥丸的功效,142.0,U04,0,逍遥丸的功效与作用,4310,0.9757732152938843,nn,False,False,False,False,False,False,False,False
assistant_top1k,逍遥丸的功效,142.0,U04,0,逍遥丸的功效与主治作用,47,,entity:逍遥丸,False,False,False,False,False,False,False,False
assistant_top1k,安宫牛黄丸的价格是多少,141.0,U03,0,安宫牛黄丸多少钱一丸,6392,0.9383069276809692,nn,False,False,False,False,False,False,False,False
assistant_top1k,安宫牛黄丸的价格是多少,141.0,U03,0,安宫牛黄丸的功效作用,144,,entity:安宫牛黄丸,False,False,False,True,False,False,False,False
assistant_top1k,白癜风用什么药膏涂抹管用,141.0,U07,0,白癜风是什么引起的原因,2056,,entity:白癜风,False,False,False,False,False,False,False,False
assistant_top1k,西地那非,141.0,U02,0,西地那非,963,1.0,nn,False,False,False,False,False,False,False,False
assistant_top1k,西地那非,141.0,U02,0,西地那非的作用与功效,2588,,entity:西地那非,False,False,False,False,False,False,True,False
assistant_top1k,右佐匹克隆片,140.0,U02,0,右佐匹克隆片,3899,0.9999993443489075,nn,False,False,False,False,False,False,False,False
assistant_top1k,右佐匹克隆片,140.0,U02,0,右佐匹克隆片功效与副作用,795,,entity:右佐匹克隆片,False,False,False,False,False,False,False,False
assistant_top1k,淫羊藿的功效,140.0,U04,0,淫羊藿的功效与作用,3965,0.9687811732292175,nn,False,False,False,False,False,False,False,False
assistant_top1k,淫羊藿的功效,140.0,U04,0,淫羊藿的功效作用与主治,272,,entity:淫羊藿,False,False,False,False,False,False,False,False
assistant_top1k,维生素b1作用和功效,140.0,U04,0,维生素b1的作用和功效,123,0.9953213930130005,nn,False,False,False,False,False,False,False,False
assistant_top1k,维生素b1作用和功效,140.0,U04,0,维生素b1的作用和功效,123,,entity:维生素b1,False,False,False,False,False,False,False,False
assistant_top1k,芡实功效和作用,140.0,U04,0,芡实的作用与功效,137,0.9874574542045593,nn,False,False,False,False,False,False,False,False
assistant_top1k,芡实功效和作用,140.0,U04,0,芡实的作用与功效,137,,entity:芡实,False,False,False,False,False,False,False,False
assistant_top1k,陈皮的功效,140.0,U04,0,陈皮的功效与作用,2784,0.9710465669631958,nn,False,False,False,False,False,False,False,False
assistant_top1k,陈皮的功效,140.0,U04,0,陈皮的功效作用与主治,12,,entity:陈皮,False,False,False,False,False,False,False,False
assistant_top1k,逍遥丸,139.0,U02,0,逍遥丸,1286,1.0000003576278687,nn,False,False,False,False,False,False,False,False
assistant_top1k,逍遥丸,139.0,U02,0,逍遥丸的功效与主治作用,47,,entity:逍遥丸,False,False,False,False,False,False,True,False
assistant_top1k,黄芪作用与功效,139.0,U04,0,黄芪的功效与作用,22,0.982231616973877,nn,False,False,False,False,False,False,False,False
assistant_top1k,黄芪作用与功效,139.0,U04,0,黄芪的功效与作用,22,,entity:黄芪,False,False,False,False,False,False,False,False
assistant_top1k,叶下珠的药用价值有哪些,138.0,U04,0,叶下珠草药的功效与作用,722,0.9125832319259644,nn,False,False,False,False,False,False,False,False
assistant_top1k,瑞舒伐他汀钙片的功效与作用,138.0,U04,0,瑞舒伐他汀钙片的功效与作用,186,1.0000001192092896,nn,False,False,False,False,False,False,False,False
assistant_top1k,生脉饮作用与功效,138.0,U04,0,生脉饮的功效与主治作用,82,0.980105459690094,nn,False,False,False,False,False,False,False,False
assistant_top1k,生脉饮作用与功效,138.0,U04,0,生脉饮的功效与主治作用,82,,entity:生脉饮,False,False,False,False,False,False,False,False
assistant_top1k,甲硝唑片的作用,138.0,U04,0,甲硝唑片的作用与用途,114,0.9727047681808472,nn,False,False,False,False,False,False,False,False
assistant_top1k,甲硝唑片的作用,138.0,U04,0,甲硝唑片的作用与用途,114,,entity:甲硝唑片,False,False,False,False,False,False,False,False
assistant_top1k,甲钴胺片,138.0,U02,0,甲钴胺片,1951,0.9999997019767761,nn,False,False,False,False,False,False,False,False
assistant_top1k,甲钴胺片,138.0,U02,0,甲钴胺片的功效和作用,4,,entity:甲钴胺片,False,False,False,False,False,False,True,False
assistant_top1k,达泊西汀,138.0,U02,0,达泊西汀,6418,0.9999995231628418,nn,False,False,False,False,False,False,False,False
assistant_top1k,达泊西汀,138.0,U02,0,达泊西汀的功效与作用,335,,entity:达泊西汀,False,False,False,False,False,False,True,False
assistant_top1k,太子参功效作用,137.0,U04,0,太子参的功效与作用,198,0.9791843891143799,nn,False,False,False,False,False,False,False,False
assistant_top1k,太子参功效作用,137.0,U04,0,太子参的功效与作用,198,,entity:太子参,False,False,False,False,False,False,False,False
assistant_top1k,六味地黄丸作用,136.0,U04,0,六味地黄丸的作用与功效,8765,0.9584521651268005,nn,False,False,False,False,False,False,False,False
assistant_top1k,六味地黄丸作用,136.0,U04,0,六味地黄丸的作用和功效,10,,entity:六味地黄丸,False,False,False,False,False,False,False,False
assistant_top1k,天麻,136.0,U02,0,天麻,1398,1.000000238418579,nn,False,False,False,False,False,False,False,False
assistant_top1k,天麻,136.0,U02,0,天麻的功效作用与主治,25,,entity:天麻,False,False,False,False,False,False,True,False
assistant_top1k,维生素b,136.0,U02,0,维生素b,5118,0.9999997615814209,nn,False,False,False,False,False,False,False,False
assistant_top1k,维生素b,136.0,U02,0,维生素b的作用和功效有哪些,7747,,entity:维生素b,False,False,False,False,False,False,True,False
assistant_top1k,车前草作用功效,136.0,U04,0,车前草的功效与主治,8496,0.9622006416320801,nn,False,False,False,False,False,False,False,False
assistant_top1k,车前草作用功效,136.0,U04,0,车前草的作用和功能主治,20,,entity:车前草,False,False,False,False,False,False,False,False
assistant_top1k,带状疱疹的特效药,135.0,U08,0,带状疱疹的特效药,7825,0.9999994039535522,nn,False,False,False,False,False,False,False,False
assistant_top1k,带状疱疹的特效药,135.0,U08,0,带状疱疹的症状表现及治疗方法,132,,entity:带状疱疹,False,False,False,False,False,False,False,False
assistant_top1k,脂肪肝吃什么药好,134.0,U07,0,脂肪肝吃什么药最好最快最有效,9537,0.8552579283714294,nn,False,False,False,False,False,False,False,False
assistant_top1k,脂肪肝吃什么药好,134.0,U07,0,"脂肪肝是什么原因引起的,该怎么治疗",336,,entity:脂肪肝,False,False,False,False,False,False,False,False
assistant_top1k,鸡血藤的功效,133.0,U04,0,鸡血藤的功效与作用,107,0.9798147082328796,nn,False,False,False,False,False,False,False,False
assistant_top1k,鸡血藤的功效,133.0,U04,0,鸡血藤的功效与作用,107,,entity:鸡血藤,False,False,False,False,False,False,False,False
assistant_top1k,维生素c,132.0,U02,0,维生素c,3884,0.9999997019767761,nn,False,False,False,False,False,False,False,False
assistant_top1k,维生素c,132.0,U02,0,维生素c的功效与作用,101,,entity:维生素c,False,False,False,False,False,False,True,False
assistant_top1k,茯苓,131.0,U02,0,茯苓,993,1.0000005960464478,nn,False,False,False,False,False,False,False,False
assistant_top1k,茯苓,131.0,U02,0,茯苓的功效作用与主治,13,,entity:茯苓,False,False,False,False,False,False,True,False
assistant_top1k,葛根的功效,131.0,U04,0,葛根的功效与作用,373,0.9698746800422668,nn,False,False,False,False,False,False,False,False
assistant_top1k,葛根的功效,131.0,U04,0,葛根的功效与作用的功能与主治,174,,entity:葛根,False,False,False,False,False,False,False,False
assistant_top1k,藿香正气水,131.0,U02,0,藿香正气水,1521,1.0000007152557373,nn,False,False,False,False,False,False,False,False
assistant_top1k,藿香正气水,131.0,U02,0,藿香正气水的功效与作用,74,,entity:藿香正气水,False,False,False,False,False,False,False,False
assistant_top1k,尿路感染吃什么药好得快,130.0,U07,0,尿路感染吃什么药好得快,66,1.0000008344650269,nn,False,False,False,False,False,False,False,False
assistant_top1k,益生菌哪个品牌好,130.0,U08,0,益生菌哪个牌子的最好,2154,0.900900661945343,nn,False,False,False,False,False,False,False,False
assistant_top1k,益生菌哪个品牌好,130.0,U08,0,益生菌的功效与作用的功能与主治,155,,entity:益生菌,False,False,False,False,False,False,False,False
assistant_top1k,西洋参作用与功效,130.0,U04,0,西洋参的功效与作用,2851,0.9891831278800964,nn,False,False,False,False,False,False,False,False
assistant_top1k,西洋参作用与功效,130.0,U04,0,西洋参的功效和作用,23,,entity:西洋参,False,False,False,False,False,False,False,False
assistant_top1k,誉衡药业,130.0,U02,0,誉衡药业,2205,1.0,nn,False,False,False,False,False,False,False,False
assistant_top1k,功效作用与主治,129.0,U13,0,人参的功效作用与主治,4741,0.7914707660675049,nn,False,False,False,False,False,True,False,False
assistant_top1k,无花果的功效与作用和主治,129.0,U04,0,无花果的功效与作用和主治,85,1.0000001192092896,nn,False,False,False,False,False,False,False,False
assistant_top1k,阿托伐他汀钙片的功效与主治,129.0,U04,0,阿托伐他汀钙片的功效与主治,225,1.0000004768371582,nn,False,False,False,False,False,False,False,False
assistant_top1k,阿托伐他汀钙片的功效与主治,129.0,U04,0,阿托伐他汀钙片作用与功效,109,,entity:阿托伐他汀钙片,False,False,False,False,False,False,False,False
assistant_top1k,马齿苋图片,128.0,U09,0,马齿苋图片,469,0.9999999403953552,nn,False,False,False,False,False,False,False,False
assistant_top1k,马齿苋图片,128.0,U09,0,马齿苋的作用和功效,7,,entity:马齿苋,False,False,False,False,False,False,False,False
assistant_top1k,鸡血藤功能主治,128.0,U04,0,鸡血藤的功效和作用主治,3625,0.9342974424362183,nn,False,False,False,False,False,False,False,False
assistant_top1k,鸡血藤功能主治,128.0,U04,0,鸡血藤的功效与作用,107,,entity:鸡血藤,False,False,False,False,False,False,False,False
assistant_top1k,一次吃几片,127.0,U13,0,甲硝唑片一次吃几片,6498,0.7823750376701355,nn,False,False,False,False,False,True,False,False
assistant_top1k,六舒平维生素b真的能治疗白发吗,127.0,U05,0,西夫康维生素b能治白发吗,2067,0.8154187202453613,nn,False,False,False,False,False,False,False,False
assistant_top1k,六舒平维生素b真的能治疗白发吗,127.0,U05,0,维生素b的作用和功效有哪些,7747,,entity:维生素b,False,False,True,False,False,False,False,False
assistant_top1k,司美那非的功能主治,127.0,U04,0,司美那非的功效与作用,6298,0.8679471015930176,nn,False,False,False,False,False,False,False,False
assistant_top1k,司美那非的功能主治,127.0,U04,0,司美那非的功效是什么,72,,entity:司美那非,False,False,False,False,False,False,False,False
assistant_top1k,决明子功效作用,126.0,U04,0,决明子的功效与作用,79,0.9788764715194702,nn,False,False,False,False,False,False,False,False
assistant_top1k,决明子功效作用,126.0,U04,0,决明子的功效与作用,79,,entity:决明子,False,False,False,False,False,False,False,False
assistant_top1k,地锦草的药用价值有哪些,126.0,U04,0,地锦草的功效与主治作用,1462,0.8962686657905579,nn,False,False,False,False,False,False,False,False
assistant_top1k,地锦草的药用价值有哪些,126.0,U04,0,地锦草的功效与主治作用,1462,,entity:地锦草,False,False,False,False,False,False,False,False
assistant_top1k,红花有什么功效,126.0,U04,0,红花的功效与作用,247,0.9111475348472595,nn,False,False,False,False,False,False,False,False
assistant_top1k,红花有什么功效,126.0,U04,0,红花的功效与作用,247,,entity:红花,False,False,False,False,False,False,False,False
assistant_top1k,阿莫西林的主治功能,126.0,U04,0,阿莫西林的功效与作用,14,0.8973703980445862,nn,False,False,False,False,False,False,False,False
assistant_top1k,阿莫西林的主治功能,126.0,U04,0,阿莫西林的功效与作用,14,,entity:阿莫西林,False,False,False,False,False,False,False,False
assistant_top1k,龙胆泻肝丸,126.0,U02,0,龙胆泻肝丸,3153,1.0000003576278687,nn,False,False,False,False,False,False,False,False
assistant_top1k,龙胆泻肝丸,126.0,U02,0,龙胆泻肝丸的功效与主治,268,,entity:龙胆泻肝丸,False,False,False,False,False,False,False,False
assistant_top1k,白芍的主治功能,125.0,U04,0,白芍的功效作用与主治,62,0.9535585045814514,nn,False,False,False,False,False,False,False,False
assistant_top1k,白芍的主治功能,125.0,U04,0,白芍的功效作用与主治,62,,entity:白芍,False,False,False,False,False,False,False,False
assistant_top1k,过敏性鼻炎用什么药好,125.0,U07,0,鼻炎用什么药最好效果,5472,0.8166092038154602,nn,False,False,False,False,False,False,False,False
assistant_top1k,过敏性鼻炎用什么药好,125.0,U07,0,过敏性鼻炎怎么治最有效的方法,1867,,entity:过敏性鼻炎,False,False,False,False,False,False,False,False
assistant_top1k,六味地黄丸的作用和功效,124.0,U04,0,六味地黄丸的作用和功效,10,1.0,nn,False,False,False,False,False,False,False,False
assistant_top1k,当归,124.0,U02,0,当归,1645,0.9999996423721313,nn,False,False,False,False,False,False,False,False
assistant_top1k,当归,124.0,U02,0,当归的功效与作用,30,,entity:当归,False,False,False,False,False,False,True,False
assistant_top1k,盐酸西替利嗪片,124.0,U02,0,西替利嗪,5745,0.8776918053627014,nn,False,False,False,False,False,False,False,False
assistant_top1k,盐酸西替利嗪片,124.0,U02,0,盐酸西替利嗪片的功效,338,,entity:盐酸西替利嗪片,False,False,False,False,False,False,False,False
assistant_top1k,补天灵片的功效,124.0,U04,0,补天灵片的功能与主治,150,0.945929765701294,nn,False,False,False,False,False,False,False,False
assistant_top1k,补天灵片的功效,124.0,U04,0,天灵片的功效与作用,4052,,entity:天灵片,False,False,False,False,False,False,False,False
assistant_top1k,土茯苓的功效,123.0,U04,0,土茯苓的功效与作用,574,0.9739702939987183,nn,False,False,False,False,False,False,False,False
assistant_top1k,土茯苓的功效,123.0,U04,0,土茯苓的功效与作用,574,,entity:土茯苓,False,False,False,False,False,False,False,False
assistant_top1k,复方丹参滴丸不能随意吃的药,123.0,U04,0,复方丹参滴丸正确吃法,8431,0.7943427562713623,nn,False,False,False,False,False,False,False,False
assistant_top1k,复方丹参滴丸不能随意吃的药,123.0,U04,0,复方丹参滴丸的功效与作用,2395,,entity:复方丹参滴丸,False,False,False,False,False,False,False,False
assistant_top1k,速效救心丸,123.0,U02,0,速效救心丸,3909,1.000000238418579,nn,False,False,False,False,False,False,False,False
assistant_top1k,速效救心丸,123.0,U02,0,速效救心丸的作用功效,792,,entity:速效救心丸,False,False,False,False,False,False,False,False
assistant_top1k,鱼腥草作用和功效,123.0,U04,0,鱼腥草的功效与作用,1212,0.9862142205238342,nn,False,False,False,False,False,False,False,False
assistant_top1k,鱼腥草作用和功效,123.0,U04,0,鱼腥草的作用和功能主治,90,,entity:鱼腥草,False,False,False,False,False,False,False,False
assistant_top1k,21金维他,122.0,U02,0,21金维他的作用及功能主治,2690,0.8123698234558105,nn,False,False,False,False,False,False,False,False
assistant_top1k,21金维他,122.0,U02,0,21金维他的作用及功能主治,2690,,entity:21金维他,False,False,False,False,False,False,False,False
assistant_top1k,五味子,122.0,U02,0,五味子,1936,1.0000001192092896,nn,False,False,False,False,False,False,False,False
assistant_top1k,五味子,122.0,U02,0,五味子的功效与作用,28,,entity:五味子,False,False,False,False,False,False,True,False
assistant_top1k,水飞蓟的作用,122.0,U04,0,水飞蓟的作用与功效,687,0.9557389616966248,nn,False,False,False,False,False,False,False,False
assistant_top1k,水飞蓟的作用,122.0,U04,0,水飞蓟的作用与功效,687,,entity:水飞蓟,False,False,False,False,False,False,False,False
assistant_top1k,维生素e作用与功效,122.0,U04,0,维生素e的作用和功效,2790,0.9806312918663025,nn,False,False,False,False,False,False,False,False
assistant_top1k,维生素e作用与功效,122.0,U04,0,维生素e的作用和功效,2790,,entity:维生素e,False,False,False,False,False,False,False,False
assistant_top1k,二甲双胍,121.0,U02,0,二甲双胍,1942,1.0000009536743164,nn,False,False,False,False,False,False,False,False
assistant_top1k,富马酸喹硫平片,121.0,U02,0,富马酸喹硫平片的功效和作用,787,0.8765862584114075,nn,False,False,False,False,False,False,False,False
assistant_top1k,富马酸喹硫平片,121.0,U02,0,富马酸喹硫平片的功效和作用,787,,entity:富马酸喹硫平片,False,False,False,False,False,False,False,False
assistant_top1k,铁皮石斛功效,120.0,U04,0,铁皮石斛的作用与功能主治,165,0.9478859901428223,nn,False,False,False,False,False,False,False,False
assistant_top1k,铁皮石斛功效,120.0,U04,0,铁皮石斛的作用与功能主治,165,,entity:铁皮石斛,False,False,False,False,False,False,False,False
assistant_top1k,桂枝的功能主治,119.0,U04,0,桂枝的功效与作用,106,0.8954794406890869,nn,False,False,False,False,False,False,False,False
assistant_top1k,桂枝的功能主治,119.0,U04,0,桂枝的功效与作用,106,,entity:桂枝,False,False,False,False,False,False,False,False
assistant_top1k,类风湿性关节炎吃什么药最有效,119.0,U07,0,类风湿性关节炎怎么治疗最好最有效,3892,0.8692639470100403,nn,False,False,False,False,False,False,False,False
assistant_top1k,类风湿性关节炎吃什么药最有效,119.0,U07,0,类风湿性关节炎的症状是什么,3310,,entity:类风湿性关节炎,False,False,False,False,False,False,False,False
assistant_top1k,麦冬,119.0,U02,0,麦冬,1128,1.0000011920928955,nn,False,False,False,False,False,False,False,False
assistant_top1k,麦冬,119.0,U02,0,麦冬的功效与作用和主治,11,,entity:麦冬,False,False,False,False,False,False,True,False
assistant_top1k,叶黄素有什么功效,118.0,U04,0,叶黄素有什么功效和作用,3936,0.9621812105178833,nn,False,False,False,False,False,False,False,False
assistant_top1k,叶黄素有什么功效,118.0,U04,0,叶黄素的功效与作用对眼睛有用吗,1017,,entity:叶黄素,False,False,False,False,False,False,False,False
assistant_top1k,红参有什么功效,118.0,U04,0,红参有什么功效和作用,995,0.9524247646331787,nn,False,False,False,False,False,False,False,False
assistant_top1k,红参有什么功效,118.0,U04,0,红参的功效与作用,2037,,entity:红参,False,False,False,False,False,False,False,False
assistant_random1k,含维生素b的食物,2.0,U08,0,维生素b,5118,0.8032006025314331,nn,False,False,False,False,False,False,False,False
assistant_random1k,含维生素b的食物,2.0,U08,0,维生素b的作用和功效有哪些,7747,,entity:维生素b,False,False,False,False,False,False,False,False
assistant_random1k,香菇好消化吗,2.0,U04,0,香菇的功效与作用,3602,,entity:香菇,False,False,False,False,False,False,False,False
assistant_random1k,驼奶疙瘩的营养价值,2.0,U04,0,驼奶粉的功效与作用,970,0.7930088043212891,nn,False,False,False,False,False,False,False,False
assistant_random1k,黄花菜功效,2.0,U04,0,黄花菜的功效与作用,2185,0.9643538594245911,nn,False,False,False,False,False,False,False,False
assistant_random1k,黄花菜功效,2.0,U04,0,黄花菜的功效与作用,2185,,entity:黄花菜,False,False,False,False,False,False,False,False
assistant_random1k,90字评：煮到玉米粒开花的紫糯玉米，富含花青素，当主食吃比精米白面养人 第一，紫糯玉米的深紫色，藏着丰富的花青素咱们总想着花大价钱买各类滋补品补充营养，其实身边普通的粗粮里就藏着不少好东西。这种花青素都集中在紫色的玉米粒里，颜色越深，含量也第二，膳食纤维充足，减轻肠胃消化负担第三，久煮的做法，口感软糯香味更浓第四，粗细搭配，才是日常简单的养生方式其实养生从来都不用追,1.0,U10,0,花青素的功效与作用,1406,,entity:花青素,False,False,False,False,False,False,False,False
assistant_random1k,东北姑娘果怎么吃能发挥最大功效,1.0,U06,0,姑娘果的功效与作用,2922,0.7938217520713806,nn,False,False,False,False,False,False,False,False
assistant_random1k,东北姑娘果怎么吃能发挥最大功效,1.0,U06,0,姑娘果的功效与作用,2922,,entity:姑娘果,False,False,False,False,False,False,False,False
assistant_random1k,丝瓜水功效与作用,1.0,U04,0,丝瓜的功效与作用,8973,0.8699917197227478,nn,False,False,False,False,False,False,False,False
assistant_random1k,丝瓜水功效与作用,1.0,U04,0,丝瓜的功效和作用,298,,entity:丝瓜,False,False,False,False,False,False,False,False
assistant_random1k,可以吃香蕉火龙果吗？,1.0,U05,0,火龙果的作用与功效,55,,entity:火龙果,False,False,True,False,False,False,False,False
assistant_random1k,吃青椒对人体的好处,1.0,U04,0,青椒的功效与作用,3451,0.7976918816566467,nn,False,False,False,False,False,False,False,False
assistant_random1k,咖啡喝酒能同时喝吗？,1.0,U05,0,咖啡的功效与作用及副作用,264,,entity:咖啡,False,False,True,False,False,False,False,False
assistant_random1k,商蛋白食物有哪些,1.0,U08,0,高蛋白食物有哪些,1077,0.814686119556427,nn,False,False,False,False,False,False,False,False
assistant_random1k,土豆白菜，生菜，豆角，茄子这五个蔬菜不算垃圾，蔬菜吧，膳食纤维占比如何？对了，还有西兰花,1.0,U03,0,西兰花的功效与作用,1420,,entity:西兰花,False,False,False,False,False,False,False,False
assistant_random1k,有哪些补气血的食物,1.0,U08,0,补铁的食物有哪些,1724,0.7675532102584839,nn,False,False,False,False,False,False,False,False
assistant_random1k,椰子水鸡蛋香蕉减肥法,1.0,U02,0,椰子水的作用与功效,561,,entity:椰子水,False,False,False,False,False,False,False,False
assistant_random1k,玉米糊和山药粉能一起吃吗,1.0,U05,0,山药粉的功效与作用,9400,,entity:山药粉,False,False,True,False,True,False,False,False
assistant_random1k,玫瑰花醋可以天天喝吗,1.0,U05,0,玫瑰花的功效与作用,2183,,entity:玫瑰花,False,False,True,False,False,False,False,False
assistant_random1k,紫苏籽可以天天吃吗,1.0,U07,0,紫苏的功效与作用,2082,,entity:紫苏,False,False,True,False,False,False,False,False
assistant_random1k,紫菜鸡蛋汤有哪些功效,1.0,U04,0,紫菜的功效与作用,2554,0.8087170124053955,nn,False,False,False,False,False,False,False,False
assistant_random1k,紫菜鸡蛋汤有哪些功效,1.0,U04,0,紫菜的功效与作用,2554,,entity:紫菜,False,False,False,False,False,False,False,False
assistant_random1k,经常喝绿豆粥有哪些好处,1.0,U04,0,绿豆汤的功效与作用,128,0.7526055574417114,nn,False,False,False,False,False,False,False,False
assistant_random1k,肉桂一天吃多少合适,1.0,U03,0,肉桂的功效与作用,195,,entity:肉桂,False,False,False,False,True,False,False,False
assistant_random1k,芹菜猪肉油盐包饺子蘸醋吃含糖高不？,1.0,U07,0,芹菜的功效与作用,1207,,entity:芹菜,False,False,False,False,False,False,False,False
assistant_random1k,苹果也有很大的用处，它可以给人们带来香香甜甜的苹果汁,1.0,U13,0,苹果的功效与作用,2167,,entity:苹果,False,False,False,False,False,False,False,False
assistant_random1k,萝卜里有食性的,1.0,U13,0,萝卜的功效与作用与主治,6502,,entity:萝卜,False,False,False,False,False,False,False,False
assistant_random1k,蛋白粉和驼奶粉能一起喝吗？,1.0,U05,0,驼奶粉的功效与作用,970,,entity:驼奶粉,False,False,True,False,True,False,False,False
assistant_random1k,辣椒中的什么能刺激全身脂肪细胞燃烧，有利于减肥？,1.0,U04,0,辣椒的功效与作用,3086,,entity:辣椒,False,False,False,False,False,False,False,False
assistant_random1k,还吃了七颗蓝莓和三个小番茄，和水煮西兰花,1.0,U13,1,西兰花的功效与作用,1420,,entity:西兰花,False,False,False,False,False,False,False,False
assistant_random1k,这个可以和榴莲一起吃吗,1.0,U05,0,榴莲不能和什么一起吃,2159,0.7599168419837952,nn,False,False,True,False,False,True,False,False
assistant_random1k,香蕉可以通便吗？,1.0,U05,0,香蕉的功效与作用及营养价值,326,,entity:香蕉,False,False,True,False,False,False,False,False
assistant_random1k,鸽子蛋能多吃吗,1.0,U05,0,鸽子蛋的营养价值及功效,3560,0.7857642769813538,nn,False,False,True,False,False,False,False,False
assistant_random1k,鸽子蛋能多吃吗,1.0,U05,0,鸽子的功效与作用,7958,,entity:鸽子,False,False,True,False,False,False,False,False
assistant_random1k,鹰嘴豆升糖高吗,1.0,U04,0,鹰嘴豆的功效与作用,197,,entity:鹰嘴豆,False,False,False,False,False,False,False,False
assistant_random1k,黄瓜籽补钙有科学依据吗,1.0,U05,0,黄瓜籽的功效和作用,4174,,entity:黄瓜籽,False,False,False,False,False,False,False,False
assistant_random1k,黄豆吃了可以提高雌激素么,1.0,U04,0,黄豆的功效与作用,1969,,entity:黄豆,False,False,False,False,False,False,False,False
assistant_random1k,黑米蛋白质,1.0,U02,0,黑米的功效和作用,893,,entity:黑米,False,False,False,False,False,False,False,False
assistant_random1k,黑芝麻富含什么,1.0,U04,0,黑芝麻的功效与作用,648,0.7817928791046143,nn,False,False,False,False,False,False,False,False
assistant_random1k,黑芝麻富含什么,1.0,U04,0,黑芝麻的功效与作用,648,,entity:黑芝麻,False,False,False,False,False,False,False,False
assistant_random1k,脂溶性物质进入细胞膜是因为细胞膜上有胆固醇吗？,1.0,U04,0,胆固醇的正常值范围是多少,4749,,entity:胆固醇,False,False,False,False,False,False,False,False
assistant_random1k,糖尿病治疗仪能降血糖吗,1.0,U05,0,糖尿病的症状有哪些表现,152,,entity:糖尿病,False,False,True,False,False,False,False,False
assistant_random1k,血压计对比,1.0,U08,0,血压正常值是多少范围,5,,entity:血压,False,False,False,False,False,False,False,False
assistant_random1k,乳腺癌术后多久可以吃深海鱼,2.0,U07,1,乳腺癌是什么原因引起的,2221,,entity:乳腺癌,False,False,False,False,False,False,False,False
assistant_random1k,哈尔滨专治腰椎间盘突出的医院哪家最好,1.0,U07,0,腰椎间盘突出症状表现有哪些,2586,,entity:腰椎间盘突出,False,False,False,True,False,False,False,False
assistant_random1k,微肠息肉手术后几天可以喝奶粉,1.0,U07,0,肠息肉切除以后几天能正常吃饭,3101,0.7503332495689392,nn,False,False,False,False,False,False,False,False
assistant_random1k,微肠息肉手术后几天可以喝奶粉,1.0,U07,0,肠息肉吃什么药能彻底根除,9171,,entity:肠息肉,False,False,False,False,False,False,False,False
assistant_random1k,我是申奥 二零零八九月十五 我是霍林郭勒市人民医院 住院大夫擅长:血管瘤 颈动脉狭窄 先天性心脏病 静脉血栓 房间隔缺损动脉瘤 下肢静脉曲张 室间隔缺损心肌梗塞 静脉血栓房间隔缺损动脉瘤 下肢静脉曲张 室间隔缺损心肌梗塞 静脉炎动脉硬化 主动脉夹层下肢深静脉 血栓动脉导管未闭 血栓闭塞性脉管炎 血栓性静脉炎 下肢静脉血栓 肺栓塞深静脉血栓 急性心肌梗死 血管畸形肾动脉狭窄 心内膜炎 缺血性坏死 二尖瓣狭窄 急性心肌梗塞 心脏畸形 动静脉瘘 多发性缺血性坏死 急性心内膜炎 慢性心脏畸形 化脓性心脏病 我是一个小大夫,1.0,U13,1,下肢静脉血栓的症状有哪些,7661,,entity:下肢静脉血栓,True,False,False,True,True,False,False,False
assistant_random1k,晋中第一人民是三甲医院吗?,1.0,U05,0,三甲医院是什么意思,1722,,entity:三甲医院,False,False,False,False,False,False,False,False
assistant_random1k,武汉协和脑部手术后住icu一天多少钱,1.0,U03,0,icu是什么意思,4689,,entity:icu,False,False,False,True,False,False,False,False
assistant_random1k,男科免费咨询,1.0,U01,0,妇科医生免费咨询,6158,0.7626205682754517,nn,False,False,False,False,False,False,False,False
assistant_random1k,气虚出汗严重怎么调理,23.0,U06,0,气虚的表现症状有哪些,859,,entity:气虚,False,False,False,False,False,False,False,False
assistant_random1k,血小板压低怎么回事,4.0,U04,0,血小板低是什么原因,5311,0.8550087213516235,nn,False,False,False,False,False,False,False,False
assistant_random1k,血小板压低怎么回事,4.0,U04,0,血小板正常值是多少,4018,,entity:血小板,False,False,False,False,False,False,False,False
assistant_random1k,阴道镜检查前需要做哪些准备,4.0,U06,0,肠镜检查前需要做什么准备工作,6977,0.8136746883392334,nn,False,False,False,False,False,False,False,False
assistant_random1k,11岁男童标准身高,2.0,U03,0,11岁男孩正常身高是多少,7056,0.9118298292160034,nn,False,False,False,False,False,False,False,False
assistant_random1k,48岁男性正常血压,2.0,U03,0,正常血压是多少40-50岁,9083,0.802800714969635,nn,False,False,False,False,False,False,False,False
assistant_random1k,大便感觉拉不干净,2.0,U04,1,"大便拉不干净,总感觉肛门那有大便",4026,0.877402126789093,nn,False,False,False,False,False,False,False,False
assistant_random1k,头部核磁共振,2.0,U02,0,核磁共振,2950,0.8151648640632629,nn,False,False,False,False,False,False,False,False
assistant_random1k,如何判断磨玻璃结节是良性还是恶性,2.0,U06,0,磨玻璃结节是什么意思严重吗,3078,,entity:磨玻璃结节,False,False,False,False,False,False,False,False
assistant_random1k,子宫腺肌症合并腺肌瘤会自愈吗,2.0,U05,0,子宫腺肌症怎么治疗最好最有效,1697,,entity:子宫腺肌症,False,False,False,False,False,False,False,False
assistant_random1k,带状疱疹后遗症神经痛多久会好,2.0,U04,0,带状疱疹神经痛一般需多久恢复,5256,0.9078229665756226,nn,False,False,False,False,False,False,False,False
assistant_random1k,带状疱疹后遗症神经痛多久会好,2.0,U04,0,带状疱疹的症状表现及治疗方法,132,,entity:带状疱疹,False,False,False,False,False,False,False,False
assistant_random1k,总感觉浑身乏力很累是什么原因,2.0,U07,1,感觉身体乏力没劲很累怎么回事,9088,0.8353452682495117,nn,False,False,False,False,False,False,False,False
assistant_random1k,感冒了可以吃葡萄吗？,2.0,U07,1,感冒挂什么科门诊,3564,,entity:感冒,False,False,True,False,False,False,False,False
assistant_random1k,拉大便拉出血,2.0,U04,1,大便出血是痔疮还是肠道问题,4789,0.7718537449836731,nn,False,False,False,False,False,False,False,False
assistant_random1k,肝癌早期发现后，生存期有多长,2.0,U04,0,肝癌晚期最多能活多久,4321,0.8285117149353027,nn,False,False,False,False,False,False,False,False
assistant_random1k,肝癌早期发现后，生存期有多长,2.0,U04,0,"肝癌会传染吗,对身边的人有影响吗",4062,,entity:肝癌,False,False,False,False,False,False,False,False
assistant_random1k,肺结节患者有哪些饮食禁忌,2.0,U08,0,肺结节是什么病情况严重吗,1156,,entity:肺结节,False,False,False,False,False,False,False,False
assistant_random1k,脂肪肝逆转需要多久,2.0,U04,0,"脂肪肝是什么原因引起的,该怎么治疗",336,,entity:脂肪肝,False,False,False,False,False,False,False,False
assistant_random1k,脚后跟脚底板疼,2.0,U04,0,脚底板痛什么原因,997,0.7642961740493774,nn,False,False,False,False,False,False,False,False
assistant_random1k,血糖正常范围是多少,2.0,U03,0,正常血糖标准范围是多少,4181,0.9586194157600403,nn,False,False,False,False,False,False,False,False
assistant_random1k,血糖正常范围是多少,2.0,U03,0,血糖正常值范围 最新标准2025,8,,entity:血糖,False,False,False,False,False,False,False,False
assistant_random1k,阴虚和阳虚会同时出现吗,2.0,U04,0,阴虚吃什么药效果最好,4429,,entity:阴虚,False,False,False,False,False,False,False,False
assistant_random1k,除了热敷，还有什么方法能加快淤青消退,2.0,U06,0,淤青怎样可以快速消除,8548,0.7600564956665039,nn,False,False,False,False,False,False,False,False
assistant_random1k,60岁低密度脂蛋白超标通过颈动脉轻微狭窄通过药物长期治标能期寿命长长疗预期寿命相差多少呢有没有临床调查评估数据,1.0,U07,1,低密度脂蛋白正常值范围,924,,entity:低密度脂蛋白,True,False,False,False,False,False,False,False
assistant_random1k,65岁男人心梗前兆有哪些,1.0,U04,0,心梗前兆有哪些症状,3437,0.861443042755127,nn,True,False,False,False,False,False,False,False
assistant_random1k,一个星期，头皮痒,1.0,U07,1,头皮痒是什么原因.越抓越痒,985,,entity:头皮痒,False,False,False,False,False,False,False,False
assistant_random1k,中医怎么治疗经常发脾气 口干舌燥,1.0,U06,0,口干舌燥是什么病的预兆和症状,2687,,entity:口干舌燥,False,False,False,False,False,False,False,False
assistant_random1k,中年女性原来是一热一冷就会拉肚子做无痛胃肠镜检查活检胃部两个地方又活检横结肠一个息肉中间出现两次胃肠胀气状态又拉肚子了，现在已经二十天了能不能吃含有黑白芝麻粒的馒头？,1.0,U07,1,拉肚子吃什么药效果好,2165,,entity:拉肚子,False,True,True,False,False,False,False,False
assistant_random1k,乙肝会通过搓澡传染给别人人吗,1.0,U05,0,乙肝会传染人吗,8637,0.7660093903541565,nn,False,False,False,False,False,False,False,False
assistant_random1k,乙肝会通过搓澡传染给别人人吗,1.0,U05,0,乙肝是什么病,1376,,entity:乙肝,False,False,False,False,False,False,False,False
assistant_random1k,乙肝伴甲减患者下午吃舒化奶时直接吃牛奶好？还是搭配一点馒头更利于牛奶营养吸收？,1.0,U07,0,乙肝是什么病,1376,,entity:乙肝,False,False,False,False,False,False,False,False
assistant_random1k,人体骨骼图全身,1.0,U09,0,人体骨骼结构图大全高清图,1142,0.823904812335968,nn,False,False,False,False,False,False,False,False
assistant_random1k,以上病症加急性胃肠炎,1.0,U13,0,急性肠胃炎,5186,0.7841864228248596,nn,False,False,False,False,False,False,False,False
assistant_random1k,以上病症加急性胃肠炎,1.0,U13,0,胃肠炎的症状是哪些,5972,,entity:胃肠炎,False,False,False,False,False,False,False,False
assistant_random1k,会不会出现败血症,1.0,U07,0,败血症,5249,0.7632364630699158,nn,False,False,True,False,False,False,False,False
assistant_random1k,会不会出现败血症,1.0,U07,0,败血症是什么症状,3873,,entity:败血症,False,False,True,False,False,False,False,False
assistant_random1k,低密度脂蛋白胆固醇高怎么调理,1.0,U07,0,低密度胆固醇高怎么调理才会降,8170,0.9139837622642517,nn,False,False,False,False,False,False,False,False
assistant_random1k,低密度脂蛋白胆固醇高怎么调理,1.0,U07,0,低密度脂蛋白正常值范围,924,,entity:低密度脂蛋白,False,False,False,False,False,False,False,False
assistant_random1k,你是糖尿病的，别有糖尿病，多吃点，这个还行啊，把糖尿病都吃了，他愿意吃那,1.0,U13,0,糖尿病的症状有哪些表现,152,,entity:糖尿病,False,False,False,False,False,False,False,False
assistant_random1k,你是说这种肠胃炎不会拉肚子，但是却引起了发烧和其他的反应，是吗？,1.0,U11,0,肠胃炎的表现症状有哪些,746,,entity:肠胃炎,False,False,False,False,False,False,False,False
assistant_random1k,做了肺结节手术可以去海拔高的地方吗,1.0,U07,1,肺结节是什么病情况严重吗,1156,,entity:肺结节,False,False,False,False,False,False,False,False
assistant_random1k,做息肉肠息肉做的还得有八九个月了，做痔疮手术都有半年往上了六七个月了,1.0,U13,1,肠息肉吃什么药能彻底根除,9171,,entity:肠息肉,False,True,False,False,False,False,False,False
assistant_random1k,做腰部核磁共振大概需要多少钱,1.0,U03,0,磁共振做一次需要多少钱,4684,0.8335673809051514,nn,False,False,False,False,False,False,False,False
assistant_random1k,儿童牙龈红肿鼓包如何快速消肿,1.0,U07,0,牙龈肿胀鼓包怎么办,7471,0.8250328302383423,nn,False,False,False,False,False,False,False,False
assistant_random1k,再程放疗具体需要住院多久,1.0,U03,0,放疗一个疗程是多少天,7896,0.7574629783630371,nn,False,False,False,False,False,False,False,False
assistant_random1k,冠心病患者早晨3点钟左右心渴口渴,1.0,U04,1,冠心病的症状表现有哪些,193,,entity:冠心病,False,False,False,False,False,False,False,False
assistant_random1k,前列腺炎一坐下就不舒服,1.0,U07,1,前列腺炎,3116,0.7531936168670654,nn,False,False,False,False,False,False,False,False
assistant_random1k,前列腺炎一坐下就不舒服,1.0,U07,1,前列腺炎吃什么药效果好见效快,401,,entity:前列腺炎,False,False,False,False,False,False,False,False
assistant_random1k,割包皮是不是很疼？,1.0,U04,0,割包皮挂什么科室,8943,,entity:割包皮,False,False,True,False,False,False,False,False
assistant_random1k,动不动出汗怎么回事,1.0,U04,0,爱出汗一动就大汗淋漓是怎么回事,6083,0.7920697331428528,nn,False,False,False,False,False,False,False,False
assistant_random1k,十一岁女孩正常身高,1.0,U03,0,11岁男孩正常身高是多少,7056,0.7620945572853088,nn,False,False,False,False,False,False,False,False
assistant_random1k,南通哪个区县艾滋病患者最多,1.0,U03,0,艾滋病图片感染图片,8091,,entity:艾滋病,False,False,False,False,False,False,False,False
assistant_random1k,原尿中葡萄糖被重新吸收的是,1.0,U03,0,葡萄糖的作用与功效,9838,,entity:葡萄糖,False,False,False,False,False,False,False,False
assistant_random1k,吃点药，血糖7.8是怎么回事？空腹,1.0,U07,1,空腹血糖7一8之间不管能行吗,2097,0.7703051567077637,nn,False,False,False,False,False,False,False,False
assistant_random1k,吃瓜子血脂胆固醇高吗,1.0,U05,0,胆固醇高是什么原因引起,115,,entity:胆固醇高,False,False,False,False,False,False,False,False
assistant_random1k,同型半胱氨酸11.6需要治疗吗,1.0,U07,1,同型半胱氨酸高吃什么药,5107,0.7604909539222717,nn,False,False,True,False,False,False,False,False
assistant_random1k,同型半胱氨酸11.6需要治疗吗,1.0,U07,1,同型半胱氨酸正常值,8881,,entity:同型半胱氨酸,False,False,True,False,False,False,False,False
assistant_random1k,吸烟的时候打嗝是什么原因？,1.0,U04,0,打嗝是什么原因造成的,2681,0.7580987215042114,nn,False,False,False,False,False,False,False,False
assistant_random1k,咳嗽变异性哮喘多久能完全好多久会一天变成普通哮喘吗,1.0,U04,0,咳嗽怎么治最快最有效,230,,entity:咳嗽,False,False,False,False,False,False,False,False
assistant_random1k,咳嗽支气管炎，吃什么好？,1.0,U07,0,气管炎支气管炎咳嗽吃什么药最有效,6927,0.7781776189804077,nn,False,False,False,False,False,False,False,False
assistant_random1k,咳嗽支气管炎，吃什么好？,1.0,U07,0,支气管炎的症状表现在哪些方面,2278,,entity:支气管炎,False,False,False,False,False,False,False,False
assistant_random1k,哪些情况下甲状腺穿刺会导致扩散,1.0,U04,0,甲状腺的症状有哪些表现,67,,entity:甲状腺,False,False,False,False,False,False,False,False
assistant_random1k,哪些皮肤病是真菌感染引起的,1.0,U08,0,真菌感染是什么原因引起的,2722,0.7731638550758362,nn,False,False,False,False,False,False,False,False
assistant_random1k,哪些皮肤病是真菌感染引起的,1.0,U08,0,真菌感染是什么原因引起的,2722,,entity:真菌感染,False,False,False,False,False,False,False,False
assistant_random1k,哪种茶饮对降低甘油三酯最有效,1.0,U07,0,甘油三酯正常值范围是多少,1588,,entity:甘油三酯,False,False,False,False,False,False,False,False
assistant_random1k,因房颤摔倒，脑出血，脑水肿住院一个月,1.0,U13,1,脑出血是什么原因造成的,5354,,entity:脑出血,False,False,False,False,False,False,False,False
assistant_random1k,土豆对高尿酸的人有没有影响？,1.0,U04,0,土豆的功效与作用,483,,entity:土豆,False,False,False,False,False,False,False,False
assistant_random1k,在三家医院做了B超，一切正常，做了甲状腺也正常 ，就是这个肿不消 ，上一天班感觉又肿大一点，休息一晚上，感觉又小一点 躺着就没了,1.0,U07,1,甲状腺的症状有哪些表现,67,,entity:甲状腺,False,False,False,True,False,False,False,False
assistant_random1k,夏天腋下38度算发烧吗,1.0,U05,0,38℃算发烧吗,9616,0.8578484654426575,nn,False,False,False,False,False,False,False,False
assistant_random1k,外洗，高血压患者长期使用的坏处,1.0,U04,0,高血压是什么原因引起的,1169,,entity:高血压,False,False,False,False,False,False,False,False
assistant_random1k,夜班会不会影响人的寿命,1.0,U05,0,上夜班对身体的伤害有多大,9961,0.7630930542945862,nn,False,False,True,False,False,False,False,False
assistant_random1k,如果一个人每天睡眠只有四五个小时，长期睡眠不好，比较劳累，这种的话应该怎么办？饮食上应该怎么注意？,1.0,U07,1,睡眠不好吃什么药最有效,8120,,entity:睡眠不好,False,False,False,False,False,False,False,False
assistant_random1k,如果有了丘疹但是是从脚踝向上蔓延，还有一种化脓的臭味，没有任何发烧喉咙痛，只是在这几天一直吃蚬子，丘疹褪去后脚踝留下一大块像是色素沉淀，脚背上还有痘，还是艾滋吗,1.0,U07,1,喉咙痛吃什么药好得最快最有效,988,,entity:喉咙痛,False,False,False,False,False,False,False,False
assistant_random1k,如果确诊是寻常疣，多久会自愈,1.0,U04,0,寻常疣图片,4904,,entity:寻常疣,False,False,False,False,False,False,False,False
assistant_random1k,如果确诊重症肌无力，有哪些治疗方案,1.0,U04,0,肌无力是什么症状,7669,,entity:肌无力,False,False,False,False,False,False,False,False
assistant_random1k,对，回来就查出了肝硬肝硬化之类的，然后呢？后来肝硬化就发展成了肝腹水,1.0,U13,0,肝腹水症状表现有哪些,6143,,entity:肝腹水,False,False,False,False,False,False,False,False
assistant_random1k,射频消融手术治疗房颤房扑三个月后做心电图诊断为一位心率心房颤动ST段下移是不是手术失败又复发？,1.0,U07,1,心电图正常值对照表,5668,,entity:心电图,False,True,True,False,False,False,False,False
assistant_random1k,小孩水痘图片和症状,1.0,U09,0,水痘初期症状图片,831,0.8258247375488281,nn,True,False,False,False,False,False,False,False
assistant_random1k,小白治病和脑萎缩是什么样的一个概念和问题？,1.0,U04,0,脑萎缩是什么原因引起的呢能治好吗,7332,,entity:脑萎缩,False,False,False,False,False,False,False,False
assistant_random1k,尿道炎，吃蒜可以吗？,1.0,U07,1,尿道炎吃什么药好得最快,991,,entity:尿道炎,False,False,True,False,False,False,False,False
assistant_random1k,左脚抽筋,1.0,U04,0,脚抽筋是什么原因引起的呢,1685,,entity:脚抽筋,False,False,False,False,False,False,True,False
assistant_random1k,带状疱疹得了一次，还能得吗？,1.0,U04,0,带状疱疹的症状表现及治疗方法,132,,entity:带状疱疹,False,False,True,False,False,False,False,False
assistant_random1k,帮我画 血管瘤是什么样子,1.0,U10,0,血管瘤的样子图片,7491,0.7789584398269653,nn,True,False,False,False,False,False,False,False
assistant_random1k,帮我画 血管瘤是什么样子,1.0,U10,0,"血管瘤是什么病,怎样治疗,严重吗?",901,,entity:血管瘤,True,False,False,False,False,False,False,False
assistant_random1k,幽门螺杆菌跟狗狗接触有关系吗,1.0,U05,0,幽门螺杆菌吃什么药最好最有效,623,,entity:幽门螺杆菌,False,False,False,False,False,False,False,False
assistant_random1k,床单上有分泌物放了一个星期担心有梅毒淋病艾滋病被传染放了一个星期床单上还会有传染物吗,1.0,U05,1,艾滋病图片感染图片,8091,,entity:艾滋病,False,False,False,False,False,False,False,False
assistant_random1k,强直性脊柱炎严重会怎么样,1.0,U04,0,强直性脊柱炎的病症是什么样,900,0.8253026604652405,nn,False,False,False,False,False,False,False,False
assistant_random1k,强直性脊柱炎严重会怎么样,1.0,U04,0,强直性脊柱炎的症状,6618,,entity:强直性脊柱炎,False,False,False,False,False,False,False,False
assistant_random1k,心梗心电图能查出来吗,1.0,U04,0,心电图能查出什么,2524,0.8097131848335266,nn,False,False,True,False,False,False,False,False
assistant_random1k,心梗心电图能查出来吗,1.0,U04,0,心电图正常值对照表,5668,,entity:心电图,False,False,True,False,False,False,False,False
assistant_random1k,心率一生气升高几倍呼落下来升26,1.0,U13,0,心率正常值范围是多少,731,,entity:心率,False,False,False,False,False,False,False,False
assistant_random1k,怎么判断是胃病还是胰腺问题,1.0,U06,0,胰腺有问题身体会出现哪些现象,2487,0.7869958281517029,nn,False,False,False,False,False,False,False,False
assistant_random1k,怎么样才会得肾衰竭,1.0,U04,0,肾衰竭是什么原因引起的,9915,0.7533019781112671,nn,False,False,False,False,False,False,False,False
assistant_random1k,怎么样才会得肾衰竭,1.0,U04,0,肾衰竭是什么原因引起的,9915,,entity:肾衰竭,False,False,False,False,False,False,False,False
assistant_random1k,总是痒一痒就咳嗽，咳嗽就有痰，是怎么回事？,1.0,U04,1,喉咙痒痒的老是想咳嗽是怎么回事,1485,0.7865628004074097,nn,False,False,False,False,False,False,False,False
assistant_random1k,总胆固醇和低密度稍稍偏高，如何降低？,1.0,U07,1,低密度胆固醇高怎么调理才会降,8170,0.7963390946388245,nn,False,False,False,False,False,False,False,False
assistant_random1k,总胆固醇和低密度稍稍偏高，如何降低？,1.0,U07,1,总胆固醇正常值范围是多少,1900,,entity:总胆固醇,False,False,False,False,False,False,False,False
assistant_random1k,感冒时有怕冷的症状，是发烧,1.0,U07,1,感冒挂什么科门诊,3564,,entity:感冒,False,False,False,False,False,False,False,False
assistant_random1k,慢性咽炎粘痰多怎么治疗,1.0,U07,0,痰多粘稠吐不完喉咙粘粘的怎么办,5767,0.7990314960479736,nn,False,False,False,False,False,False,False,False
assistant_random1k,慢性咽炎粘痰多怎么治疗,1.0,U07,0,慢性咽炎怎么治疗才能彻底治好,2303,,entity:慢性咽炎,False,False,False,False,False,False,False,False
assistant_random1k,我是因手术脾摘了，胃穿孔七个孔，并且胃壁很黏肿,1.0,U13,1,胃穿孔的症状及表现,8417,,entity:胃穿孔,True,False,False,False,False,False,False,False
assistant_random1k,我的总胆固醇是6.37，可是甘油三酯是1.70，高密度脂蛋白胆固醇测定增高1.60，这些是什么问题？严重吗？,1.0,U07,1,甘油三酯正常值范围是多少,1588,,entity:甘油三酯,True,True,True,False,False,False,False,False
assistant_random1k,扁桃体肥大怎么治疗最佳方法,1.0,U06,0,扁桃体肥大最好的治疗方法,4683,0.9423059821128845,nn,False,False,False,False,False,False,False,False
assistant_random1k,拉肚子拉不出来又想反胃是什么原因,1.0,U07,1,肚子疼想大便又拉不出来怎么回事,5008,0.7932457327842712,nn,False,False,False,False,False,False,False,False
assistant_random1k,拉肚子拉不出来又想反胃是什么原因,1.0,U07,1,拉肚子吃什么药效果好,2165,,entity:拉肚子,False,False,False,False,False,False,False,False
assistant_random1k,掉头发吃什么食物最快,1.0,U07,0,掉头发是什么原因男性,6091,,entity:掉头发,False,False,False,False,False,False,False,False
assistant_random1k,排便是黑色的有什么病吗,1.0,U04,0,大便是黑色的是什么原因,5591,0.8372872471809387,nn,False,False,False,False,False,False,False,False
assistant_random1k,新冠会不会吐,1.0,U04,0,新冠吃什么药效果最好,6286,,entity:新冠,False,False,True,False,False,False,False,False
assistant_random1k,日常血糖6.2到8.2正常吗？,1.0,U07,1,血糖正常标准是多少,904,0.7700279355049133,nn,False,True,True,False,False,False,False,False
assistant_random1k,有子宫肌瘤每次量都很大，45岁了，怎么能知道是不是快到绝经期呢,1.0,U07,1,子宫肌瘤是什么原因导致的,222,,entity:子宫肌瘤,True,False,True,False,False,False,False,False
assistant_random1k,有时候气胀，没反酸，就是有时候也有大便不成形,1.0,U07,1,大便不成形是什么原因造成的,1340,,entity:大便不成形,False,False,False,False,False,False,False,False
assistant_random1k,有肾病的人喝沙棘原浆需要注意什么,1.0,U04,0,沙棘原浆的功效与作用,369,,entity:沙棘原浆,False,False,False,False,False,False,False,False
assistant_random1k,有胆囊息肉，胆囊炎能吃花生米吗？,1.0,U07,1,胆囊息肉怎么治疗能消除,1550,,entity:胆囊息肉,False,False,True,False,False,False,False,False
assistant_random1k,检查促甲状腺激素前大量吃海鲜可以吗,1.0,U07,0,甲状腺的症状有哪些表现,67,,entity:甲状腺,False,False,True,False,False,False,False,False
assistant_random1k,每个月月经都提前来，一般提前三到五天，正常嘛,1.0,U07,1,月经提前5到6天正常吗,4257,0.8330947160720825,nn,False,False,False,False,False,False,False,False
assistant_random1k,气血虚该吃什么效果快,1.0,U07,0,吃什么补气血最快效果最好,9700,0.8455641865730286,nn,False,False,False,False,False,False,False,False
assistant_random1k,没有淋巴结转移的肺寡转移，复发率高吗,1.0,U07,0,淋巴结是什么病严重吗,8844,,entity:淋巴结,False,False,False,False,False,False,False,False
assistant_random1k,渐冻症的早期症状和前兆,1.0,U04,0,渐冻症的早期症状是什么,2083,0.9323540329933167,nn,False,False,False,False,False,False,False,False
assistant_random1k,渐冻症的早期症状和前兆,1.0,U04,0,渐冻症的早期症状是什么,2083,,entity:渐冻症的早期,False,False,False,False,False,False,False,False
assistant_random1k,湿疹期间除了忌口，还需要忌什么水果,1.0,U08,0,湿疹是什么原因造成的,259,,entity:湿疹,False,False,False,False,False,False,False,False
assistant_random1k,牙龈肿胀容易出血是什么原因,1.0,U04,0,牙龈肿痛什么原因造成的,8799,0.8089941143989563,nn,False,False,False,False,False,False,False,False
assistant_random1k,狐臭和汗臭有什么区别？,1.0,U04,0,"狐臭是什么原因引起的,怎样去除味道",5056,,entity:狐臭,False,False,False,False,False,False,False,False
assistant_random1k,生病的是老公这段时间吃不好\心情不太好，看到人也瘦了，我就担心是不是病情严重的，之前发现的时候就从舌根扁桃体发现病的，外周T淋巴瘤,1.0,U07,1,淋巴瘤的症状都有哪些表现,4442,,entity:淋巴瘤,True,False,True,False,False,False,False,False
assistant_random1k,甲状腺以前抽血检查了，您说的这个结节我不懂，是拍片子还是抽血,1.0,U07,1,甲状腺的症状有哪些表现,67,,entity:甲状腺,True,False,False,False,False,False,False,False
assistant_random1k,甲状腺减退的主要症状,1.0,U04,0,甲状腺的主要症状,1433,0.9150078892707825,nn,False,False,False,False,False,False,False,False
assistant_random1k,甲状腺减退的主要症状,1.0,U04,0,甲状腺的症状有哪些表现,67,,entity:甲状腺,False,False,False,False,False,False,False,False
assistant_random1k,甲状腺引发的粘液性水肿有什么表现？,1.0,U04,0,甲状腺的症状有哪些表现,67,,entity:甲状腺,False,False,False,False,False,False,False,False
assistant_random1k,甲状腺弥漫性病变是甲状腺组织的弥漫性异常改变，常见病种包括结节性甲状腺肿、甲状腺癌、桥本甲状腺炎、Graves病，临床需通过影像学进行鉴别诊断。该病症CT特征表现为：桥本病及Graves病呈对称性肿大伴均匀密度减低；结节性甲状腺肿显示多发低密度结节且分布均匀；甲状腺癌可见腺体边缘破坏、囊变区壁结节强化及淋巴结肿大等特征性征象。影像诊断采用薄层靶扫描结合多窗位技术，通过分析腺体形态、密度变化及“节段缺损征”等指标实现精准鉴别。超声检查可见甲状腺整体回声粗糙不均匀，血流分布异常，严重时出现包膜凹凸不平及体积变化。护理需遵循低碘饮食原则，监测甲状腺功能及并发症，如甲亢性眼突、周期性麻痹等临床表现。桥本氏甲状腺炎伴发甲状腺癌风险较高，弥漫硬化型甲状腺乳头状癌易早期转移，需尽早确诊类型。 甲状腺弥漫性病变能治愈吗,1.0,U04,0,甲状腺弥漫性的病变是什么意思,4205,0.7916892766952515,nn,False,False,True,False,False,False,False,False
assistant_random1k,甲状腺弥漫性病变是甲状腺组织的弥漫性异常改变，常见病种包括结节性甲状腺肿、甲状腺癌、桥本甲状腺炎、Graves病，临床需通过影像学进行鉴别诊断。该病症CT特征表现为：桥本病及Graves病呈对称性肿大伴均匀密度减低；结节性甲状腺肿显示多发低密度结节且分布均匀；甲状腺癌可见腺体边缘破坏、囊变区壁结节强化及淋巴结肿大等特征性征象。影像诊断采用薄层靶扫描结合多窗位技术，通过分析腺体形态、密度变化及“节段缺损征”等指标实现精准鉴别。超声检查可见甲状腺整体回声粗糙不均匀，血流分布异常，严重时出现包膜凹凸不平及体积变化。护理需遵循低碘饮食原则，监测甲状腺功能及并发症，如甲亢性眼突、周期性麻痹等临床表现。桥本氏甲状腺炎伴发甲状腺癌风险较高，弥漫硬化型甲状腺乳头状癌易早期转移，需尽早确诊类型。 甲状腺弥漫性病变能治愈吗,1.0,U04,0,甲状腺乳头状癌是什么意思,3939,,entity:甲状腺乳头状癌,False,False,True,False,False,False,False,False
assistant_random1k,甲状腺恶性怎么治疗,1.0,U04,0,甲状腺的症状有哪些表现,67,,entity:甲状腺,False,False,False,False,False,False,False,False
assistant_random1k,甲状腺结节最好不吃什么食物,1.0,U08,0,甲减坚决不能吃的食物,7542,0.7585983872413635,nn,False,False,False,False,False,False,False,False
assistant_random1k,甲状腺结节最好不吃什么食物,1.0,U08,0,甲状腺结节是什么原因造成的,4802,,entity:甲状腺结节,False,False,False,False,False,False,False,False
assistant_random1k,男性备孕检查都检查什么项目？大概需要多少钱，检查前要注意什么？,1.0,U08,0,备孕需要去医院检查什么项目,6860,0.7668325304985046,nn,False,False,False,False,False,False,False,False
assistant_random1k,男性肛门瘙痒怎么办,1.0,U07,0,肛门潮湿瘙痒是怎么回事男性,9785,0.8439910411834717,nn,False,False,False,False,False,False,False,False
assistant_random1k,男性肛门瘙痒怎么办,1.0,U07,0,"肛门瘙痒是什么原因引起的,怎么治疗",328,,entity:肛门瘙痒,False,False,False,False,False,False,False,False
assistant_random1k,畸形尿道炎，明天输了第三天，明天都是上午输的，四天过后，我想我想改成下午输输响治疗效果,1.0,U07,1,尿道炎吃什么药好得最快,991,,entity:尿道炎,True,False,False,False,False,False,False,False
assistant_random1k,痔疮不疼，但拉屎变形。,1.0,U07,1,痔疮用什么药治最好效果最快,535,,entity:痔疮,False,False,False,False,False,False,False,False
assistant_random1k,痔疮手术第七天屁股涨为什么,1.0,U07,1,痔疮用什么药治最好效果最快,535,,entity:痔疮,False,False,False,False,False,False,False,False
assistant_random1k,痔疮手术要准备哪些用品？,1.0,U08,0,痔疮用什么药治最好效果最快,535,,entity:痔疮,False,False,False,False,False,False,False,False
assistant_random1k,痔疮肉球溃疡能自愈吗,1.0,U07,0,痔疮用什么药治最好效果最快,535,,entity:痔疮,False,False,True,False,False,False,False,False
assistant_random1k,痔疮脱皮,1.0,U04,0,痔疮,920,0.7504070401191711,nn,False,False,False,False,False,False,False,False
assistant_random1k,痔疮脱皮,1.0,U04,0,痔疮用什么药治最好效果最快,535,,entity:痔疮,False,False,False,False,False,False,True,False
assistant_random1k,痛风会引起哪些并发症,1.0,U04,0,痛风有哪些症状,6921,0.7943270206451416,nn,False,False,False,False,False,False,False,False
assistant_random1k,痛风会引起哪些并发症,1.0,U04,0,痛风吃什么药最好最快断根,379,,entity:痛风,False,False,False,False,False,False,False,False
assistant_random1k,痛风喝什么水？,1.0,U07,0,痛风吃什么药最好最快断根,379,,entity:痛风,False,False,False,False,False,False,False,False
assistant_random1k,痛风巧克力能吃吗,1.0,U07,0,巧克力的功效与作用,4771,,entity:巧克力,False,False,True,False,False,False,False,False
assistant_random1k,痰湿重 肥胖 头面部出油 乏力,1.0,U04,0,痰湿症状有哪些表现,2740,,entity:痰湿,False,False,False,False,False,False,False,False
assistant_random1k,癌症是生气得的吗,1.0,U05,0,癌症会传染吗?,8502,,entity:癌症,False,False,False,False,False,False,False,False
assistant_random1k,癫痫是在脑子哪个部位,1.0,U03,0,癫痫症状有哪些表现,7446,,entity:癫痫,False,False,False,False,False,False,False,False
assistant_random1k,盆腔炎患者多久可以恢复性生活,1.0,U04,0,盆腔炎用什么药最好最快彻底治疗好,3341,,entity:盆腔炎,False,False,False,False,False,False,False,False
assistant_random1k,直接嗓子疼吗,1.0,U13,0,嗓子疼吃什么药好用见效快,1419,,entity:嗓子疼,False,False,False,False,False,False,False,False
assistant_random1k,眼压高什么原因导致的,1.0,U04,0,血压高是什么原因引起的,1860,0.8212930560112,nn,False,False,False,False,False,False,False,False
assistant_random1k,眼压高什么原因导致的,1.0,U04,0,眼压高是什么症状.后果严重吗,4002,,entity:眼压高,False,False,False,False,False,False,False,False
assistant_random1k,睾丸表皮痒,1.0,U04,1,大腿内侧睾丸旁边瘙痒有红疙瘩,8466,0.7708601951599121,nn,False,False,False,False,False,False,False,False
assistant_random1k,碳13一14已经做了，医生说无幽门螺杆菌；目前临时吃着《香砂六君丸》，说可以治疗脾胃虚弱萎缩性胃炎病症；你建议的及时做一次胃镜检查有道理，但本人怕受罪，怕麻烦，怕检查出什么大病，所以自从15年前做了一次胃镜检查后，至今心理还是有点抗拒。有时候都在想，都这把年纪的人了，差不多算了，随它吧，呵，平时大都抱着这种心态对待疾病，想洁也许不对。,1.0,U07,1,香砂六君丸的功效与作用,169,,entity:香砂六君丸,True,True,False,True,False,False,False,False
assistant_random1k,福建的艾滋病情况如何,1.0,U05,0,艾滋病图片感染图片,8091,,entity:艾滋病,False,False,False,False,False,False,False,False
assistant_random1k,糖尿病人一天能吃多少克单糖,1.0,U03,0,糖尿病的症状有哪些表现,152,,entity:糖尿病,False,False,False,False,True,False,False,False
assistant_random1k,糖尿病人对咖啡十分敏感是为什么,1.0,U04,0,糖尿病的症状有哪些表现,152,,entity:糖尿病,False,False,False,False,False,False,False,False
assistant_random1k,糖尿病会感觉饿吗,1.0,U04,0,糖尿病的症状有哪些表现,152,,entity:糖尿病,False,False,False,False,False,False,False,False
assistant_random1k,糖尿病患者晚间嘴很干严重吗？,1.0,U04,0,糖尿病的症状有哪些表现,152,,entity:糖尿病,False,False,True,False,False,False,False,False
assistant_random1k,经常便秘拉不出屎怎么办,1.0,U07,0,便秘严重拉不出屎怎么办,6336,0.9187896251678467,nn,False,False,False,False,False,False,False,False
assistant_random1k,结肠癌做手术一年能吃西梅吗？,1.0,U07,1,结肠癌的症状和表现,8132,,entity:结肠癌,False,False,True,False,False,False,False,False
assistant_random1k,续断对神经修复有作用吗,1.0,U05,0,续断的功效与作用,1516,0.7680614590644836,nn,False,False,False,False,False,False,False,False
assistant_random1k,续断对神经修复有作用吗,1.0,U05,0,续断的功效与作用,1516,,entity:续断,False,False,False,False,False,False,False,False
assistant_random1k,耳朵疼是哪些病的征兆,1.0,U04,0,耳朵疼痛什么原因,1307,0.7732724547386169,nn,False,False,False,False,False,False,False,False
assistant_random1k,耳朵疼是哪些病的征兆,1.0,U04,0,耳朵疼怎么办耳朵里面疼,9525,,entity:耳朵疼,False,False,False,False,False,False,False,False
assistant_random1k,肌酸激酶60是什么？属于什么样水平,1.0,U07,1,肌酸的作用,6724,,entity:肌酸,False,False,False,False,False,False,False,False
assistant_random1k,肚脐周围不舒服是胃还是肠,1.0,U07,1,肚脐周围痛什么原因,9934,0.7584868669509888,nn,False,False,False,False,False,False,False,False
assistant_random1k,肛门上侧痒是什么原因女性,1.0,U04,1,肛门痒是怎么回事女性,9013,0.8564702868461609,nn,False,False,False,False,False,False,False,False
assistant_random1k,肝内稍低回声区，边界模糊，肝内非均质稍低回声，脂肪肝，转氨酶多年都偏高，alt85，ast49，ggt135是危险信号吗,1.0,U07,1,"脂肪肝是什么原因引起的,该怎么治疗",336,,entity:脂肪肝,False,False,False,False,False,False,False,False
assistant_random1k,肠内营养名词解释,1.0,U04,0,肠内营养粉剂的作用和功效,8452,0.7566948533058167,nn,False,False,False,False,False,False,False,False
assistant_random1k,肠梗阻出院以后可以吃豌豆糕吗,1.0,U07,1,肠梗阻的症状表现,217,,entity:肠梗阻,False,False,True,False,False,False,False,False
assistant_random1k,肺炎恢复期喝鸡汤有什么禁忌,1.0,U07,0,肺炎会传染吗?,4963,,entity:肺炎,False,False,False,False,False,False,False,False
assistant_random1k,肺癌晚期化疗副作用太大恶心的厉害 ，可也改为中医治疗吗,1.0,U07,1,"肺癌会传染吗,对身边的人有影响吗",1668,,entity:肺癌,False,False,False,False,False,False,False,False
assistant_random1k,肺结核病人出院后，在家将近两周又发烧36度，38度，28度，这种要查多长时间才能查出来,1.0,U07,0,肺结核吃什么药最有效治疗最快,5519,,entity:肺结核,False,True,False,False,False,False,False,False
assistant_random1k,胆汁淤积性肝硬化能治愈吗,1.0,U07,0,肝硬化可以治愈吗,3845,0.8101004958152771,nn,False,False,False,False,False,False,False,False
assistant_random1k,胆结石影响食欲吗,1.0,U04,0,胆结石怎么治疗最有效的方法,1624,,entity:胆结石,False,False,False,False,False,False,False,False
assistant_random1k,脊柱脊髓内瘤胸椎10 11 12节三节占位空洞手术神经损伤30天后，脚脂双下肢无力小腿动不了0肌力，做高压氧腿嘛大腿根疼带腰部神经疼怎么办什么时候能康复,1.0,U07,1,大腿根疼是什么原因,4217,,entity:大腿根疼,False,True,False,False,False,False,False,False
assistant_random1k,脑供血不足，应该注意些什么？,1.0,U06,0,脑供血不足头晕怎么治疗最好,7641,0.7770466804504395,nn,False,False,False,False,False,False,False,False
assistant_random1k,脑供血不足，应该注意些什么？,1.0,U06,0,脑供血不足症状表现有哪些,582,,entity:脑供血不足,False,False,False,False,False,False,False,False
assistant_random1k,脑瘤会是什么症状,1.0,U04,0,脑瘤的早期症状,2024,0.8638840913772583,nn,False,False,False,False,False,False,False,False
assistant_random1k,脑萎缩治疗期间需要定期复查吗,1.0,U07,0,脑萎缩是什么原因引起的呢能治好吗,7332,,entity:脑萎缩,False,False,False,False,False,False,False,False
assistant_random1k,脑血栓八年的血栓什么病治疗？,1.0,U07,0,脑血栓前兆的6个表现,4191,,entity:脑血栓,False,False,False,False,False,False,False,False
assistant_random1k,脚上的灰指甲挤出来这种说法对不对,1.0,U05,0,灰指甲用什么药最有效最好能根治,293,,entity:灰指甲,False,False,False,False,False,False,False,False
assistant_random1k,脚后跟疼是痛风引起的，怎么治疗,1.0,U07,1,脚后跟疼是怎么回事什么原因,112,0.7534812092781067,nn,False,False,False,False,False,False,False,False
assistant_random1k,脚后跟疼是痛风引起的，怎么治疗,1.0,U07,1,脚后跟疼是怎么回事什么原因,112,,entity:脚后跟疼是,False,False,False,False,False,False,False,False
assistant_random1k,脚扭到了有点肿，按揉散开可以吗,1.0,U07,1,扭伤脚肿了怎么消肿最快止疼,6780,0.7501623034477234,nn,False,False,True,False,False,False,False,False
assistant_random1k,腹泻一个月了 换粮变严重了并且伴有便血,1.0,U07,1,腹泻吃什么药效果最好,8727,,entity:腹泻,False,False,False,False,False,False,False,False
assistant_random1k,葡萄糖高说明什么,1.0,U04,0,葡萄糖偏高说明什么问题,4531,0.8969528675079346,nn,False,False,False,False,False,False,False,False
assistant_random1k,葡萄糖高说明什么,1.0,U04,0,葡萄糖的作用与功效,9838,,entity:葡萄糖,False,False,False,False,False,False,False,False
assistant_random1k,血氧含量波动大的原因,1.0,U04,0,"血氧是什么意思,多少算正常",5114,,entity:血氧,False,False,False,False,False,False,False,False
assistant_random1k,血氧饱和度为什么一直活动一下就向下掉,1.0,U04,1,血氧饱和度正常值是多少,219,,entity:血氧饱和度,False,False,False,False,False,False,False,False
assistant_random1k,血管堵塞放支架后多久能恢复,1.0,U04,0,血管堵塞吃什么药好疏通见效快,7535,,entity:血管堵塞,False,False,False,False,False,False,False,False
assistant_random1k,血糖6.7，相当于美国的多少？,1.0,U03,1,血糖正常值范围 最新标准2025,8,,entity:血糖,False,True,False,False,False,False,False,False
assistant_random1k,过敏性湿疹可以自愈吗,1.0,U05,0,过敏吃什么药最快最有效,1732,,entity:过敏,False,False,True,False,False,False,False,False
assistant_random1k,这次放心了，下到1楼又想起忘记问尿酸高用不用吃药，你说该不该再上3接问吗,1.0,U11,1,尿酸高的症状,54,,entity:尿酸高,False,False,True,False,False,True,False,False
assistant_random1k,那二型糖尿病會對後代概率很高嗎？,1.0,U04,0,二型糖尿病是什么意思,2676,,entity:二型糖尿病,False,False,False,False,False,False,False,False
assistant_random1k,那些和我一样的抑郁症患者真的和我一样吗,1.0,U07,1,抑郁症的症状有哪些表现,76,,entity:抑郁症,True,False,False,False,False,False,False,False
assistant_random1k,郑大一附院咋样,1.0,U04,0,郑大一附院,2921,0.8431023955345154,nn,False,False,False,False,False,False,False,False
assistant_random1k,阳溪穴位的作用,1.0,U04,0,太溪的位置与作用和功效,9429,0.7649621367454529,nn,False,False,False,False,False,False,False,False
assistant_random1k,阴虱患者用药8天，可以去医院复查了嘛,1.0,U07,1,阴虱是什么原因得的,1361,,entity:阴虱,False,True,False,True,False,False,False,False
assistant_random1k,食管炎不好影响喉咙嗯,1.0,U04,1,食管炎的症状有哪些表现,2512,,entity:食管炎,False,False,False,False,False,False,False,False
assistant_random1k,高血压患者洗牙需要注意什么,1.0,U06,0,高血压是什么原因引起的,1169,,entity:高血压,False,False,False,False,False,False,False,False
assistant_random1k,黄体酮破裂怎样医治？,1.0,U06,0,黄体酮破裂什么原因造成的,6512,0.7628378868103027,nn,False,False,False,False,False,False,False,False
assistant_random1k,黄体酮破裂怎样医治？,1.0,U06,0,黄体酮破裂什么原因造成的,6512,,entity:黄体酮破裂,False,False,False,False,False,False,False,False
assistant_random1k,鼻涕不黄，就是鼻上火跟血管后凉，有点流鼻涕,1.0,U07,1,流鼻涕怎么治疗方法最快最有效,6147,,entity:流鼻涕,False,False,False,False,False,False,False,False
assistant_random1k,鼻炎发作时吃哪些水果最安全,1.0,U07,0,鼻炎怎么治疗彻底除根最快最有效,1802,,entity:鼻炎,False,False,False,False,False,False,False,False
assistant_random1k,普拉洛芬滴眼液作用,13.0,U04,0,普拉洛芬滴眼液作用和功效,2023,0.9646677374839783,nn,False,False,False,False,False,False,False,False
assistant_random1k,普拉洛芬滴眼液作用,13.0,U04,0,普拉洛芬滴眼液作用和功效,2023,,entity:普拉洛芬滴眼液,False,False,False,False,False,False,False,False
assistant_random1k,五维他口服液功效,6.0,U04,0,五维赖氨酸口服液的功效和作用,6775,0.754416823387146,nn,False,False,False,False,False,False,False,False
assistant_random1k,柴胡白芍枳壳煮水功效,6.0,U04,0,柴胡的功效与作用,361,,entity:柴胡,False,False,False,False,False,False,False,False
assistant_random1k,暖胃舒乐片的功效,4.0,U04,0,温胃舒颗粒的功效与作用,6631,0.7831083536148071,nn,False,False,False,False,False,False,False,False
assistant_random1k,碘伏和酒精哪个更安全,4.0,U07,0,碘伏的作用和用途功效,1597,,entity:碘伏,False,False,False,False,False,False,False,False
assistant_random1k,藿香正气丸的作用与功效,4.0,U04,0,藿香正气丸的作用与功效,6592,1.0,nn,False,False,False,False,False,False,False,False
assistant_random1k,帕金森吃什么药,3.0,U07,0,帕金森是什么病?能治愈吗,2878,,entity:帕金森,False,False,False,False,False,False,False,False
assistant_random1k,二陈汤合当归四逆汤加川芎丹参黄芪苍术薏苡仁剂量,2.0,U03,0,二陈汤的配方,1941,0.7501216530799866,nn,False,False,False,False,True,False,False,False
assistant_random1k,二陈汤合当归四逆汤加川芎丹参黄芪苍术薏苡仁剂量,2.0,U03,0,薏苡仁的功效与作用,2050,,entity:薏苡仁,False,False,False,False,True,False,False,False
assistant_random1k,副作用最小的安眠药有哪些,2.0,U08,0,安眠药副作用,6807,,entity:安眠药,False,False,False,False,False,False,False,False
assistant_random1k,复方黄连素的副作用,2.0,U04,0,复方黄连素片的作用与功效,2996,0.8465988039970398,nn,False,False,False,False,False,False,False,False
assistant_random1k,当归四逆丸多少钱？,2.0,U03,0,当归的功效与作用,30,,entity:当归,False,False,False,True,False,False,False,False
assistant_random1k,木香顺气丸和逍遥丸一起服用多久见效,2.0,U07,0,木香顺气丸功效作用与主治,289,0.7783225178718567,nn,False,False,False,False,True,False,False,False
assistant_random1k,木香顺气丸和逍遥丸一起服用多久见效,2.0,U07,0,木香顺气丸功效作用与主治,289,,entity:木香顺气丸,False,False,False,False,True,False,False,False
assistant_random1k,甲硝唑片吃完多久见效,2.0,U03,0,甲硝唑片的功效与作用,4746,0.7520110011100769,nn,False,False,False,False,False,False,False,False
assistant_random1k,甲硝唑片吃完多久见效,2.0,U03,0,甲硝唑片的作用与用途,114,,entity:甲硝唑片,False,False,False,False,False,False,False,False
assistant_random1k,胃气上逆适合吃哪些中成药,2.0,U07,0,中成药是什么意思,9624,,entity:中成药,False,False,False,False,False,False,False,False
assistant_random1k,银黄软胶囊的作用,2.0,U04,0,银黄颗粒的功效与副作用,2207,0.8441606163978577,nn,False,False,False,False,False,False,False,False
assistant_random1k,雌二醇是激素药吗？,2.0,U04,0,雌二醇是什么意思,4124,,entity:雌二醇,False,False,False,False,False,False,False,False
assistant_random1k,21金维他有减肥效果吗,1.0,U05,0,21金维他的作用及功能主治,2690,0.8036544919013977,nn,False,False,False,False,False,False,False,False
assistant_random1k,21金维他有减肥效果吗,1.0,U05,0,21金维他的作用及功能主治,2690,,entity:21金维他,False,False,False,False,False,False,False,False
assistant_random1k,70岁有中风症状，痛风，肩周炎，适合吃磷虾油吗,1.0,U07,1,肩周炎怎么治疗最快最好,316,,entity:肩周炎,True,False,False,False,False,False,False,False
assistant_random1k,90岁高龄间质性肺炎晚期服用法半夏18克，连续六天会怎样？,1.0,U07,1,间质性肺炎是什么病,4396,,entity:间质性肺炎,True,True,False,False,True,False,False,False
assistant_random1k,一个是一种方案，是替米沙坦80毫克加左旋氨氯地平或者苯磺酸氨氯地平，还有一种方案就是氯化钾加氨氯地平，这两个方案都可以是吧？,1.0,U07,0,替米沙坦的副作用有哪些,7468,,entity:替米沙坦,False,True,False,False,False,False,False,False
assistant_random1k,三岁半宝宝一次性喝了两包（每包30毫克）盐酸非索非那定干混悬剂还有半片富马酸酮替芬片要紧吗？半个小时没有出现什么症状，需要去医院吗,1.0,U07,1,富马酸酮替芬片的功效与作用,536,,entity:富马酸酮替芬片,True,True,True,True,False,False,False,False
assistant_random1k,上呼吸道感染和什么药,1.0,U07,0,呼吸道感染吃什么药最好,7054,0.7899408340454102,nn,False,False,False,False,False,False,False,False
assistant_random1k,上呼吸道感染和什么药,1.0,U07,0,呼吸道感染的症状有哪些,4751,,entity:呼吸道感染,False,False,False,False,False,False,False,False
assistant_random1k,丹参滴丸和和乌金口服液搭配吃吗？同时吃有效果吗？有止吐效果吗？,1.0,U07,0,丹参滴丸的作用与功能主治,689,,entity:丹参滴丸,False,False,False,False,True,False,False,False
assistant_random1k,乳腺癌的他莫昔芬药,1.0,U04,0,乳腺癌是什么原因引起的,2221,,entity:乳腺癌,False,False,False,False,False,False,False,False
assistant_random1k,二甲双胍的正确吃法图解,1.0,U06,0,二甲双胍的正确吃法,822,0.9274305105209351,nn,False,False,False,False,False,False,False,False
assistant_random1k,二羟丙茶碱的用法用量是怎样的,1.0,U04,0,二羟丙茶碱注射功效与作用,8278,0.8198772668838501,nn,False,False,False,False,True,False,False,False
assistant_random1k,五味子搭配什么药材能减轻副作用,1.0,U07,0,五味子的功效与作用,28,,entity:五味子,False,False,False,False,False,False,False,False
assistant_random1k,交泰丸哪个品牌是国药准字,1.0,U05,0,交泰丸的作用与功效,3300,,entity:交泰丸,False,False,False,False,False,False,False,False
assistant_random1k,他达那非是什么药？,1.0,U04,0,他达拉非片的作用和功效,2111,0.7676442861557007,nn,False,False,False,False,False,False,False,False
assistant_random1k,仙鹤草在这个方剂里面有什么作用？,1.0,U04,0,仙鹤草的功效与作用与主治,6611,0.7968176603317261,nn,False,False,False,False,False,False,False,False
assistant_random1k,仙鹤草在这个方剂里面有什么作用？,1.0,U04,0,仙鹤草的功效与作用,452,,entity:仙鹤草,False,False,False,False,False,False,False,False
assistant_random1k,依柯胰岛素起效时间和持续多久,1.0,U04,0,胰岛素的作用及功能主治,5955,,entity:胰岛素,False,False,False,False,False,False,False,False
assistant_random1k,便秘可以吃什么药，吃什么药最好最好,1.0,U07,0,便秘吃什么药效果好最快通便,2900,0.799272358417511,nn,False,False,False,False,False,False,False,False
assistant_random1k,便秘可以吃什么药，吃什么药最好最好,1.0,U07,0,"便秘是什么原因造成的,该怎么解决",1810,,entity:便秘,False,False,False,False,False,False,False,False
assistant_random1k,八种b族维生素片的作用及功能,1.0,U04,0,b族维生素片的功效与作用,938,0.9178532958030701,nn,False,False,False,False,False,False,False,False
assistant_random1k,八种b族维生素片的作用及功能,1.0,U04,0,b族维生素片的功效与作用,938,,entity:b族维生素片,False,False,False,False,False,False,False,False
assistant_random1k,六君子丸和木香顺气丸搭配多久见效,1.0,U07,0,木香顺气丸功效作用与主治,289,0.7535181641578674,nn,False,False,False,False,False,False,False,False
assistant_random1k,六君子丸和木香顺气丸搭配多久见效,1.0,U07,0,木香顺气丸功效作用与主治,289,,entity:木香顺气丸,False,False,False,False,False,False,False,False
assistant_random1k,凯默森益生菌粉是修复胃粘膜的,1.0,U05,0,益生菌的功效与作用的功能与主治,155,,entity:益生菌,False,False,False,False,False,False,False,False
assistant_random1k,刘如秀开的治冠心病的药大致多少钱一副,1.0,U03,0,冠心病的症状表现有哪些,193,,entity:冠心病,False,False,False,True,False,False,False,False
assistant_random1k,利巴韦林可以喝酒吗,1.0,U05,0,利巴韦林的功效与作用,2060,0.7628378868103027,nn,False,False,True,False,False,False,False,False
assistant_random1k,利巴韦林可以喝酒吗,1.0,U05,0,利巴韦林的功效与作用,2060,,entity:利巴韦林,False,False,True,False,False,False,False,False
assistant_random1k,前列安通胶囊的功效与作用,1.0,U04,0,前列舒通胶囊的功效与作用,3360,0.9273155927658081,nn,False,False,False,False,False,False,False,False
assistant_random1k,前列腺药是抗生素吗,1.0,U04,0,抗生素的作用与功效,7824,,entity:抗生素,False,False,False,False,False,False,False,False
assistant_random1k,半夏黄芩黄连大枣灸甘草干姜党参白芍鸡屎藤鸡内金吴茱萸此方治疗什么症型的萎,1.0,U04,0,鸡内金的功效与作用,200,,entity:鸡内金,False,False,False,False,False,False,False,False
assistant_random1k,单硝酸异山梨脂的作用时间,1.0,U03,0,单硝酸异山梨酯片作用,7917,0.8614065051078796,nn,False,False,False,False,False,False,False,False
assistant_random1k,南京九价疫苗活动咨询电话是多少,1.0,U03,0,九价疫苗的作用与功效,8212,,entity:九价疫苗,False,False,False,False,False,False,False,False
assistant_random1k,卡培他滨片服用期间能进行运动吗,1.0,U05,0,卡培他滨片的作用与功效,6893,,entity:卡培他滨片,False,False,True,False,False,False,False,False
assistant_random1k,卡维地洛片的功效和作用,1.0,U04,0,卡维地洛片的作用与功效,4892,0.9947444200515747,nn,False,False,False,False,False,False,False,False
assistant_random1k,卡维地洛片的功效和作用,1.0,U04,0,卡维地洛片的作用与功效,4892,,entity:卡维地洛片,False,False,False,False,False,False,False,False
assistant_random1k,原研药和仿制药哪个更值得选,1.0,U07,0,原研药是什么意思,4768,0.7610437870025635,nn,False,False,False,False,False,False,False,False
assistant_random1k,原研药和仿制药哪个更值得选,1.0,U07,0,原研药是什么意思,4768,,entity:原研药,False,False,False,False,False,False,False,False
assistant_random1k,双氯芬酸钠凝胶药店有卖的吗,1.0,U03,0,双氯芬酸钠凝胶的作用与功效,6802,0.8216163516044617,nn,False,False,False,True,False,False,False,False
assistant_random1k,双氯芬酸钠凝胶药店有卖的吗,1.0,U03,0,双氯芬酸钠凝胶的作用与功效,6802,,entity:双氯芬酸钠凝胶,False,False,False,True,False,False,False,False
assistant_random1k,吃克拉霉素片后多久会出现腰酸脚痛,1.0,U03,0,克拉霉素片的功效与作用,631,,entity:克拉霉素片,False,False,False,False,False,False,False,False
assistant_random1k,吃缬沙坦氨氯地平片可以喝吗,1.0,U07,1,缬沙坦氨氯地平片的副作用,2801,0.8128595352172852,nn,False,False,True,False,False,False,False,False
assistant_random1k,吃缬沙坦氨氯地平片可以喝吗,1.0,U07,1,缬沙坦氨氯地平片的副作用,2801,,entity:缬沙坦氨氯地平片,False,False,True,False,False,False,False,False
assistant_random1k,吡唑维生素片饭前吃是饭后,1.0,U06,0,乳酸菌素片是饭前吃还是饭后吃,7725,0.7630687952041626,nn,False,False,False,False,False,False,False,False
assistant_random1k,和烟酰胺是同一个物质吗？,1.0,U04,0,烟酰胺的作用和功效,4231,,entity:烟酰胺,False,False,False,False,False,False,False,False
assistant_random1k,哈药太洛汀注射用胸腺法新的价格是多少,1.0,U03,0,胸腺法新的功效与作用,8944,,entity:胸腺法新,False,False,False,True,False,False,False,False
assistant_random1k,喝中药忌什么东西不能吃,1.0,U04,0,喝中药忌口哪些食物,1968,0.8999983668327332,nn,False,False,False,False,False,False,False,False
assistant_random1k,土茯苓能和薏米一起煮水喝吗,1.0,U05,0,土茯苓的功效与作用,574,,entity:土茯苓,False,False,True,False,True,False,False,False
assistant_random1k,地黄丸和小柴胡颗粒间隔多久吃合适,1.0,U07,0,小柴胡颗粒的功效与作用,92,,entity:小柴胡颗粒,False,False,False,False,True,False,False,False
assistant_random1k,塞来黄布一天吃几次,1.0,U03,0,塞来昔布胶囊一次吃几粒,3472,0.7906087040901184,nn,False,False,False,False,False,False,False,False
assistant_random1k,夏枯草吧？,1.0,U13,0,夏枯草,2149,0.8109462857246399,nn,False,False,False,False,False,False,False,False
assistant_random1k,夏枯草吧？,1.0,U13,0,夏枯草的功效与作用,105,,entity:夏枯草,False,False,False,False,False,False,False,False
assistant_random1k,多西环素也无放,1.0,U13,0,多西环素的作用和功效,1022,,entity:多西环素,False,False,False,False,False,False,False,False
assistant_random1k,头孢，青霉素，左氧过敏，能用阿米卡星或者庆大霉素吗,1.0,U07,1,庆大霉素的作用与功效与副作用,2190,,entity:庆大霉素,False,False,False,False,False,False,False,False
assistant_random1k,头泡敏使朗银杏叶提取物能一起吃吗,1.0,U07,0,敏使朗的作用和功效,3684,,entity:敏使朗,False,False,True,False,True,False,False,False
assistant_random1k,奥夫沙坦酯片,1.0,U02,0,奥美沙坦酯片作用与功效,2760,0.7578625679016113,nn,False,False,False,False,False,False,False,False
assistant_random1k,奥氮平片口服后多长时间起效？,1.0,U03,0,奥氮平片的功效和作用,755,,entity:奥氮平片,False,False,False,False,False,False,False,False
assistant_random1k,妇科外面痒可以用红霉素软膏吗,1.0,U07,1,红霉素软膏的作用与功效是什么,194,,entity:红霉素软膏,False,False,True,False,False,False,False,False
assistant_random1k,姜厚朴的作用,1.0,U04,0,姜厚朴的功效与作用,3213,0.9453060030937195,nn,False,False,False,False,False,False,False,False
assistant_random1k,姜厚朴的作用,1.0,U04,0,姜厚朴的功效与作用,3213,,entity:姜厚朴,False,False,False,False,False,False,False,False
assistant_random1k,小度小度，稳心颗粒搭配什么药效果更好？,1.0,U07,0,稳心颗粒的功效与作用,457,,entity:稳心颗粒,False,False,False,False,False,False,False,False
assistant_random1k,小葵花小儿柴桂退热颗粒。16岁的可以喝吗？,1.0,U07,0,小儿柴桂退热颗粒的功效与作用,1816,0.765606164932251,nn,True,False,True,False,False,False,False,False
assistant_random1k,小葵花小儿柴桂退热颗粒。16岁的可以喝吗？,1.0,U07,0,小儿柴桂退热颗粒的功效与作用,1816,,entity:小儿柴桂退热颗粒,True,False,True,False,False,False,False,False
assistant_random1k,归脾生血颗粒治失眠吗,1.0,U05,0,归芪生血颗粒功效与作用,2757,0.7502959370613098,nn,False,False,False,False,False,False,False,False
assistant_random1k,心率100左右，美托洛尔片应该吃多少毫克,1.0,U07,1,美托洛尔片的功效与作用,3719,,entity:美托洛尔片,False,True,False,False,True,False,False,False
assistant_random1k,心绞痛，病人出院第十天，这药吃完了，还有其他药，这药要去买继续服用吗？,1.0,U07,1,心绞痛症状5个典型症状,1318,,entity:心绞痛,False,False,False,False,False,False,False,False
assistant_random1k,急性肠胃炎能吃李万山脾胃丸吗,1.0,U07,0,急性肠胃炎的症状,1387,,entity:急性肠胃炎,False,False,True,False,False,False,False,False
assistant_random1k,我血脂高于10，降脂药全部过敏，可以用这个针吗？,1.0,U07,1,血脂高是什么引起的,6787,,entity:血脂高,True,True,True,False,False,False,False,False
assistant_random1k,房颤吃多少利伐沙班,1.0,U07,0,房颤是什么症状表现,1794,,entity:房颤,False,False,False,False,True,False,False,False
assistant_random1k,托拉塞米片不是利尿的吗问什么无尿患者禁用,1.0,U04,0,托拉塞米的功效与作用,5505,,entity:托拉塞米,False,False,False,False,False,False,False,False
assistant_random1k,扭伤引起的疼痛用布洛芬好还是双氯芬酸钠或者其他药物更好,1.0,U07,0,布洛芬的功效和作用,1272,,entity:布洛芬,False,False,False,False,False,False,False,False
assistant_random1k,扭伤弟4天了，擦了狮马龙舒筋活络油和云南白药汀，疼痛已大大的缓解，能直立行走，只是在弯曲活动时有点不适和微痛。,1.0,U07,1,云南白药的功效与主治,4740,,entity:云南白药,False,True,False,False,False,False,False,False
assistant_random1k,扶他林功效的作用与副作用,1.0,U04,0,扶他林药片的作用和功效,5071,0.8992481231689453,nn,False,False,False,False,False,False,False,False
assistant_random1k,政治给我开了妇炎舒胶囊没给我开抗生素,1.0,U07,1,抗生素的作用与功效,7824,,entity:抗生素,True,False,False,False,False,False,False,False
assistant_random1k,早餐随餐吃的k2氨糖pQQ饭后15分钟吃益生菌再间隔多长时间可以吃叶黄素不影响几款产品的吸收功效,1.0,U07,1,益生菌的功效与作用的功能与主治,155,,entity:益生菌,False,False,False,False,True,False,False,False
assistant_random1k,更年期的班都穿的好，你说基本上12个月症状基本就消失了，是不是快好了？这一天那么更年期的晚，多长时间能好完，那我这更年期一会儿出发，一会儿不出发，胸闷气短，晚上睡不着觉，这两天我就吃那个坤宝丸和那个解郁散结颗粒吃,1.0,U07,1,晚上睡不着觉是什么原因造成的呢,977,,entity:晚上睡不着觉,True,True,True,False,False,False,False,False
assistant_random1k,替尔泊肽需要长期注射吗,1.0,U04,0,替尔泊肽的作用与功效,362,,entity:替尔泊肽,False,False,True,False,False,False,False,False
assistant_random1k,有哪些中成药可以治疗颈动脉斑块,1.0,U08,0,颈动脉斑块吃什么药可以消除,9211,0.7656086683273315,nn,False,False,False,False,False,False,False,False
assistant_random1k,有哪些中成药可以治疗颈动脉斑块,1.0,U08,0,颈动脉斑块吃什么药可以消除,9211,,entity:颈动脉斑块,False,False,False,False,False,False,False,False
assistant_random1k,有肝经湿热的肾气虚患者能用菟丝子代茶饮吗,1.0,U07,0,菟丝子的作用和功效,545,,entity:菟丝子,False,False,True,False,False,False,False,False
assistant_random1k,服用抗血小板药期间，能吃哪些水果,1.0,U07,1,血小板正常值是多少,4018,,entity:血小板,False,False,False,False,False,False,False,False
assistant_random1k,本人脾肾阳虚，失眠不消化，今天下午和昨天开始腹泻，发现有心慌的时候可以吃柏子养心丸，叠加参芪益气，参芪益气滴丸吗？,1.0,U07,1,柏子养心丸的功效和作用,557,,entity:柏子养心丸,True,False,False,False,False,False,False,False
assistant_random1k,桂枝中药材是不是桂花树枝条,1.0,U05,0,桂枝的功效与作用,106,,entity:桂枝,False,False,True,False,False,False,False,False
assistant_random1k,没吃过布洛芬阿司匹林,1.0,U13,1,阿司匹林的功效与作用,118,,entity:阿司匹林,False,False,False,False,False,False,False,False
assistant_random1k,治脚气的科学方法和药物,1.0,U06,0,治脚气用什么药效果最好,5380,,entity:治脚气,False,False,False,False,False,False,False,False
assistant_random1k,湿无忌益生元谷物粉有副作用吗,1.0,U05,0,益生元的功效作用,6845,,entity:益生元,False,False,False,False,False,False,False,False
assistant_random1k,灵芝孢子粉吃多久能感觉到效果,1.0,U03,0,灵芝孢子主治与功效,2951,,entity:灵芝孢子,False,False,False,False,True,False,False,False
assistant_random1k,灵芝搭配哪些食材能增强免疫力,1.0,U08,0,灵芝功效作用与主治,86,,entity:灵芝,False,False,False,False,False,False,False,False
assistant_random1k,灵芝水飞莉籽油复合片适合哪些人群,1.0,U04,0,灵芝功效作用与主治,86,,entity:灵芝,False,False,False,False,False,False,False,False
assistant_random1k,灵芝生虫后产生的黑色粉末对人体有害吗,1.0,U05,0,灵芝功效作用与主治,86,,entity:灵芝,False,False,False,False,False,False,False,False
assistant_random1k,王卫生骨质增生外敷灵哪里可以买到,1.0,U06,0,骨质增生怎么治疗最好的方法,1206,,entity:骨质增生,False,False,False,False,False,False,False,False
assistant_random1k,甲减患者补充维生素D的具体剂量是多少,1.0,U03,0,甲减的症状表现有哪些,2970,,entity:甲减,False,False,False,False,True,False,False,False
assistant_random1k,甲钴胺吃多久才有效,1.0,U03,0,甲钴胺吃多久对神经恢复最佳,2632,0.8407789468765259,nn,False,False,False,False,False,False,False,False
assistant_random1k,甲钴胺吃多久才有效,1.0,U03,0,甲钴胺的作用与功效,2775,,entity:甲钴胺,False,False,False,False,True,False,False,False
assistant_random1k,盐酸奥洛他汀片和氯雷他定有什么区别,1.0,U04,0,盐酸奥洛他定片的作用与功效,3253,0.7831920385360718,nn,False,False,False,False,False,False,False,False
assistant_random1k,盐酸米诺环素和复方珍珠暗疮胶囊和盐酸伐昔洛韦胶囊能一起吃吗,1.0,U07,0,米诺环素的功效与作用及副作用,8736,,entity:米诺环素,False,False,True,False,True,False,False,False
assistant_random1k,盐酸舍曲林有哪些副作用,1.0,U04,0,盐酸舍曲林片作用功效,2042,0.8362319469451904,nn,False,False,False,False,False,False,False,False
assistant_random1k,盐酸舍曲林有哪些副作用,1.0,U04,0,舍曲林的功效与作用的副作用,2009,,entity:舍曲林,False,False,False,False,False,False,False,False
assistant_random1k,知柏地黄丸有什么作用与功效,1.0,U04,0,知柏地黄丸有什么功效与作用,2548,0.9984490275382996,nn,False,False,False,False,False,False,False,False
assistant_random1k,知柏地黄丸有什么作用与功效,1.0,U04,0,知柏地黄丸的作用与功效,178,,entity:知柏地黄丸,False,False,False,False,False,False,False,False
assistant_random1k,石斛灵芝玉竹麦冬杞子攻效,1.0,U04,0,石斛的功效与作用的功能,26,,entity:石斛,False,False,False,False,False,False,False,False
assistant_random1k,石见穿与金钱草石韦鸡内金配伍的功效与副作用,1.0,U04,0,鸡内金的功效与作用,200,,entity:鸡内金,False,False,False,False,False,False,False,False
assistant_random1k,破伤风也能补打,1.0,U05,0,破伤风症状表现有哪些,2071,,entity:破伤风,False,False,False,False,False,False,False,False
assistant_random1k,硝苯地平缓释片一般情况下吃几毫克,1.0,U03,0,硝苯地平缓释片的作用与功效,775,0.8381271362304688,nn,False,False,False,False,False,False,False,False
assistant_random1k,硝苯地平缓释片一般情况下吃几毫克,1.0,U03,0,硝苯地平缓释片的作用与功效,775,,entity:硝苯地平缓释片,False,False,False,False,False,False,False,False
assistant_random1k,硝苯地平缓释片降尿蛋白吗,1.0,U04,0,硝苯地平缓释片的作用与功效,775,0.789701521396637,nn,False,False,False,False,False,False,False,False
assistant_random1k,硝苯地平缓释片降尿蛋白吗,1.0,U04,0,硝苯地平缓释片的作用与功效,775,,entity:硝苯地平缓释片,False,False,False,False,False,False,False,False
assistant_random1k,老人夜尿多，吃哪些中成药效果好,1.0,U07,0,中成药是什么意思,9624,,entity:中成药,True,False,False,False,False,False,False,False
assistant_random1k,老董肺热+肝火旺热伤经络出血吃龙胆泻肝丸＋雪梨膏＋云南白药粉都有什么功效,1.0,U04,0,龙胆泻肝丸的功效与主治,268,,entity:龙胆泻肝丸,False,False,False,False,False,False,False,False
assistant_random1k,肺癌症患者便秘，可以用开塞露吗？,1.0,U07,0,开塞露的功效与作用,6276,,entity:开塞露,False,False,True,False,False,False,False,False
assistant_random1k,胃溃疡三联疗法是哪三种药,1.0,U08,0,四联药治幽门螺旋杆菌是哪四种药,9097,0.7568950057029724,nn,False,False,False,False,False,False,False,False
assistant_random1k,胃溃疡三联疗法是哪三种药,1.0,U08,0,胃溃疡症状表现有哪些,393,,entity:胃溃疡,False,False,False,False,False,False,False,False
assistant_random1k,胃胀，吃什么肉吃什么药,1.0,U07,1,胃胀是什么原因引起的怎么解决,6482,,entity:胃胀,False,False,False,False,False,False,False,False
assistant_random1k,胸腺法新哪个品牌最适合长期注射,1.0,U07,0,胸腺法新的功效与作用,8944,,entity:胸腺法新,False,False,False,False,False,False,False,False
assistant_random1k,胸膜炎、心包炎各是什么症状？治疗服用的中药方有哪些？,1.0,U04,0,胸膜炎的症状与表现,1489,,entity:胸膜炎,False,False,False,False,False,False,False,False
assistant_random1k,脑梗病人能服用荷香正气丸吗,1.0,U07,0,脑梗的症状都有哪些前期症状,177,,entity:脑梗,False,False,True,False,False,False,False,False
assistant_random1k,脚后跟退皮用什么药,1.0,U07,0,脚后跟干裂起硬皮用什么药,6551,0.7710989117622375,nn,False,False,False,False,False,False,False,False
assistant_random1k,脾虚能喝正石颗粒吗？,1.0,U07,0,脾虚的表现和症状,343,,entity:脾虚,False,False,True,False,False,False,False,False
assistant_random1k,艾巴金布洛芬片的价格是多少,1.0,U03,0,布洛芬片的功效与作用,1256,,entity:布洛芬片,False,False,False,True,False,False,False,False
assistant_random1k,茯苓片好还是茯苓块好,1.0,U07,0,茯苓的功效作用与主治,13,,entity:茯苓,False,False,False,False,False,False,False,False
assistant_random1k,茵陈对宝宝黄疸具体怎么喝,1.0,U07,1,茵陈的功效作用与主治,312,,entity:茵陈,True,False,False,False,False,False,False,False
assistant_random1k,莫匹罗星软膏涂了会痒吗,1.0,U04,0,莫匹罗星软膏的作用和功效,2331,0.8002408742904663,nn,False,False,False,False,False,False,False,False
assistant_random1k,莫匹罗星软膏涂了会痒吗,1.0,U04,0,莫匹罗星软膏功效,351,,entity:莫匹罗星软膏,False,False,False,False,False,False,False,False
assistant_random1k,蒙脱石散治胃炎需要配合什么药,1.0,U07,0,蒙脱石散的功效与作用,484,,entity:蒙脱石散,False,False,False,False,False,False,False,False
assistant_random1k,蒲地蓝与四季抗病毒合剂能一起使用吗？,1.0,U05,0,四季抗病毒合剂的功效与作用,4006,,entity:四季抗病毒合剂,False,False,True,False,False,False,False,False
assistant_random1k,薤白，中药名。为百合科葱属植物小根蒜Allium macrostemon Bge.或薤Allium chinense G.Don的干燥鳞茎。具有通阳散结，行气导滞的功效。主治胸痹心痛，脘腹痞满胀痛，泻痢后重。 薤白的常用剂量是多少,1.0,U03,0,薤白的功效与作用,2879,,entity:薤白,False,False,False,False,True,False,False,False
assistant_random1k,虫草花变质后怎么处理最安全,1.0,U06,0,虫草花的功效与作用,3514,,entity:虫草花,False,False,False,False,False,False,False,False
assistant_random1k,蜂胶能和灵芝孢子粉一起服用吗？,1.0,U05,0,灵芝孢子主治与功效,2951,,entity:灵芝孢子,False,False,True,False,True,False,False,False
assistant_random1k,血脂正常还要吃血脂康吗,1.0,U07,1,血脂正常值是多少,832,,entity:血脂,False,False,False,False,False,False,False,False
assistant_random1k,要用多久药膏,1.0,U13,0,膏药贴几个小时最好,4230,0.7621296644210815,nn,False,False,False,False,False,False,False,False
assistant_random1k,请帮我生成一个视频：有关过敏性鼻炎的药，比例为1:1。,1.0,U10,0,过敏性鼻炎怎么治最有效的方法,1867,,entity:过敏性鼻炎,True,False,False,False,False,False,False,False
assistant_random1k,达格列净片具体怎么服用时间,1.0,U06,0,达格列净片的功效跟作用,603,0.8386707305908203,nn,False,False,False,False,True,False,False,False
assistant_random1k,达格列净片具体怎么服用时间,1.0,U06,0,达格列净片的功效跟作用,603,,entity:达格列净片,False,False,False,False,True,False,False,False
assistant_random1k,达格列净片，磷酸西格列汀片,1.0,U02,0,磷酸西格列汀的功效与副作用,6862,,entity:磷酸西格列汀,False,False,False,False,False,False,False,False
assistant_random1k,达格列净药片掰开吃行吗,1.0,U07,0,达格列净片的功效跟作用,603,0.7858145833015442,nn,False,False,False,False,False,False,False,False
assistant_random1k,达格列净药片掰开吃行吗,1.0,U07,0,达格列净的功效与作用,496,,entity:达格列净,False,False,False,False,False,False,False,False
assistant_random1k,达泊西汀对阳痿患者有哪些具体效果,1.0,U04,0,达泊西汀的功效与作用,335,0.7900589108467102,nn,False,False,False,False,False,False,False,False
assistant_random1k,达泊西汀对阳痿患者有哪些具体效果,1.0,U04,0,达泊西汀的功效与作用,335,,entity:达泊西汀,False,False,False,False,False,False,False,False
assistant_random1k,过敏吃什么中成药最快最有效,1.0,U07,0,过敏吃什么药最快最有效,1732,0.867584228515625,nn,False,False,False,False,False,False,False,False
assistant_random1k,过敏吃什么中成药最快最有效,1.0,U07,0,中成药是什么意思,9624,,entity:中成药,False,False,False,False,False,False,False,False
assistant_random1k,遇冷咳嗽适合吃哪些中成药,1.0,U07,0,中成药是什么意思,9624,,entity:中成药,False,False,False,False,False,False,False,False
assistant_random1k,那我这个那这几天医生开的这个药，这个碳酸钙两粒，这些敢不敢吃啊？我要星期五才有去找医生开柠檬酸钙,1.0,U07,1,柠檬酸的作用与功效和危害,3340,,entity:柠檬酸,True,False,False,True,False,False,False,False
assistant_random1k,酒黄精和生黄精哪个更好,1.0,U07,0,酒黄精的功效和作用是什么,4066,,entity:酒黄精,False,False,False,False,False,False,False,False
assistant_random1k,酸枣仁汤治哪型失眠,1.0,U04,0,酸枣仁怎样吃治失眠最有效,2318,0.791772723197937,nn,False,False,False,False,False,False,False,False
assistant_random1k,酸枣仁汤治哪型失眠,1.0,U04,0,酸枣仁的功效与作用,175,,entity:酸枣仁,False,False,False,False,False,False,False,False
assistant_random1k,野生金银花露有哪些功效和作用,1.0,U04,0,金银花的功效与作用,5109,0.780022382736206,nn,False,False,False,False,False,False,False,False
assistant_random1k,野生金银花露有哪些功效和作用,1.0,U04,0,金银花的功效作用与主治,44,,entity:金银花,False,False,False,False,False,False,False,False
assistant_random1k,铝碳酸镁咀嚼片治打嗝吗,1.0,U05,0,铝碳酸镁咀嚼片的作用,1439,0.8196101188659668,nn,False,False,False,False,False,False,False,False
assistant_random1k,铝碳酸镁咀嚼片治打嗝吗,1.0,U05,0,铝碳酸镁咀嚼片的功效与作用,724,,entity:铝碳酸镁咀嚼片,False,False,False,False,False,False,False,False
assistant_random1k,长期服用二甲双胍的糖尿病患者需要补注意补充什么a维生素c维生素b12c维生素dd钙片是哪一种？,1.0,U07,0,维生素b12的功效与主治,39,,entity:维生素b12,False,False,False,False,True,False,False,False
assistant_random1k,长期胃胀除了吗丁啉还有什么药,1.0,U07,1,吗丁啉的功效与作用,1575,,entity:吗丁啉,False,False,False,False,False,False,False,False
assistant_random1k,长期避孕药有哪些副作用,1.0,U04,0,避孕药的副作用和危害,4282,0.8606601357460022,nn,False,False,False,False,False,False,False,False
assistant_random1k,长期避孕药有哪些副作用,1.0,U04,0,避孕药的副作用和危害,4282,,entity:避孕药,False,False,False,False,False,False,False,False
assistant_random1k,阴辰痒用什么药,1.0,U07,0,阴外部痒用什么药膏比较好,2802,0.7531321048736572,nn,False,False,False,False,False,False,False,False
assistant_random1k,陈皮很苦是正常现象吗,1.0,U05,0,陈皮的功效作用与主治,12,,entity:陈皮,False,False,False,False,False,False,False,False
assistant_random1k,雷公藤多苷片说明书介绍的多好，结果根本对类风湿不显效果，为什么？,1.0,U04,0,雷公藤多苷片的功效与作用,4804,,entity:雷公藤多苷片,False,False,False,False,False,False,False,False
assistant_random1k,香砂养胃丸，能和归脾丸一起吃吗？,1.0,U07,0,香砂养胃丸的功效与主治,467,,entity:香砂养胃丸,False,False,True,False,True,False,False,False
assistant_random1k,香花鸡血藤和普通鸡血藤哪个更珍贵,1.0,U04,0,鸡血藤的功效与作用,107,,entity:鸡血藤,False,False,False,False,False,False,False,False
assistant_random1k,香附替代玫瑰花后，方子如何调整,1.0,U07,0,玫瑰花的功效与作用,2183,,entity:玫瑰花,False,False,False,False,False,False,False,False
assistant_random1k,鱼肝油和磷虾油哪个更好,1.0,U07,0,磷虾油作用与功效,2627,0.7821955680847168,nn,False,False,False,False,False,False,False,False
assistant_random1k,鱼肝油和磷虾油哪个更好,1.0,U07,0,鱼肝油的作用与功效,1010,,entity:鱼肝油,False,False,False,False,False,False,False,False
assistant_random1k,鸡内金吃了管什么作用？,1.0,U04,0,鸡内金的功效与作用,200,0.7929697036743164,nn,False,False,False,False,False,False,False,False
assistant_random1k,鸡内金吃了管什么作用？,1.0,U04,0,鸡内金的功效与作用,200,,entity:鸡内金,False,False,False,False,False,False,False,False
assistant_random1k,鹿鹿茸可以补气血吗,1.0,U05,0,鹿茸血有什么功效与作用,6542,0.7743484377861023,nn,False,False,True,False,False,False,False,False
assistant_random1k,黄栀子的神奇功效,1.0,U04,0,黄栀子的功效与作用,5995,0.9262452125549316,nn,False,False,False,False,False,False,False,False
assistant_random1k,黄栀子的神奇功效,1.0,U04,0,黄栀子的功效与作用,5995,,entity:黄栀子,False,False,False,False,False,False,False,False
assistant_random1k,龙葵的毒性具体有多大,1.0,U04,0,龙葵的功效与作用,817,0.7687341570854187,nn,False,False,False,False,False,False,False,False
assistant_random1k,龙葵的毒性具体有多大,1.0,U04,0,龙葵的功效与作用,817,,entity:龙葵,False,False,False,False,False,False,False,False
