key,类目,快照,该类该快照条数,可引条数,取法,query,pv_raw
62,查询金价,2025搜索,150,150,流量最高,今日金价,500270.0
62,查询金价,2025搜索,150,150,流量最高,金价,141405.0
62,查询金价,2025搜索,150,150,流量最高,国际金价,84051.0
62,查询金价,2025搜索,150,150,随机,今日铂金价钱,1809.0
62,查询金价,2025搜索,150,150,随机,中金,174.0
62,查询金价,2025搜索,150,150,随机,当日金价,519.0
28,股指行情查询,2025搜索,152,152,流量最高,上证指数,253573.0
28,股指行情查询,2025搜索,152,152,流量最高,大盘指数,34342.0
28,股指行情查询,2025搜索,152,152,流量最高,纳斯达克指数,23095.0
28,股指行情查询,2025搜索,152,152,随机,生物医药指数,155.0
28,股指行情查询,2025搜索,152,152,随机,今日大盘上证指数,300.0
28,股指行情查询,2025搜索,152,152,随机,大盘指数股票,694.0
58,查询黄金价格,2025搜索,239,239,流量最高,黄金价格,204039.0
58,查询黄金价格,2025搜索,239,239,流量最高,今日黄金价格,19713.0
58,查询黄金价格,2025搜索,239,239,流量最高,今日金价多少一克,7553.0
58,查询黄金价格,2025搜索,239,239,随机,实时黄金价格,300.0
58,查询黄金价格,2025搜索,239,239,随机,四川黄金股票,540.0
58,查询黄金价格,2025搜索,239,239,随机,9·1黄金网站,505.0
31,查询财经门户与市场行情,2025搜索,429,427,流量最高,东方财富网,103326.0
31,查询财经门户与市场行情,2025搜索,429,427,流量最高,新浪财经,38637.0
31,查询财经门户与市场行情,2025搜索,429,427,流量最高,东方财富网首页,23511.0
31,查询财经门户与市场行情,2025搜索,429,427,随机,尿素期货,454.0
31,查询财经门户与市场行情,2025搜索,429,427,随机,中欧医疗健康混合a,196.0
31,查询财经门户与市场行情,2025搜索,429,427,随机,GTC泽汇资本,521.0
27,查询市场行情,2025搜索,201,201,流量最高,股市行情,63395.0
27,查询市场行情,2025搜索,201,201,流量最高,今日股市行情,39506.0
27,查询市场行情,2025搜索,201,201,流量最高,美股,27588.0
27,查询市场行情,2025搜索,201,201,随机,沪市大盘今日行情,448.0
27,查询市场行情,2025搜索,201,201,随机,circle美股,153.0
27,查询市场行情,2025搜索,201,201,随机,今天股票最新行情,193.0
33,查询人民币兑外币汇率,2025搜索,453,453,流量最高,美元兑人民币汇率,51699.0
33,查询人民币兑外币汇率,2025搜索,453,453,流量最高,日元对人民币汇率,49438.0
33,查询人民币兑外币汇率,2025搜索,453,453,流量最高,美元兑换人民币汇率,32207.0
33,查询人民币兑外币汇率,2025搜索,453,453,随机,汇旺,162.0
33,查询人民币兑外币汇率,2025搜索,453,453,随机,日元兑人民币的兑换率,220.0
33,查询人民币兑外币汇率,2025搜索,453,453,随机,今日欧元兑换人民币汇率,384.0
25,查询股票信息,2025搜索,1763,1763,流量最高,英伟达股票,35316.0
25,查询股票信息,2025搜索,1763,1763,流量最高,特斯拉股票,34497.0
25,查询股票信息,2025搜索,1763,1763,流量最高,小米股票,18674.0
25,查询股票信息,2025搜索,1763,1763,随机,神华股票,156.0
25,查询股票信息,2025搜索,1763,1763,随机,兆龙互连股票,260.0
25,查询股票信息,2025搜索,1763,1763,随机,中核钛白股票,160.0
29,蚂蚁庄园今日答案查询,2025搜索,121,121,流量最高,蚂蚁庄园今日答案,32445.0
29,蚂蚁庄园今日答案查询,2025搜索,121,121,流量最高,蚂蚁庄园今日正确答案,4565.0
29,蚂蚁庄园今日答案查询,2025搜索,121,121,流量最高,蚂蚁庄园今天的答案最新,2784.0
29,蚂蚁庄园今日答案查询,2025搜索,121,121,随机,蚂蚁答案庄园最新,227.0
29,蚂蚁庄园今日答案查询,2025搜索,121,121,随机,2025小鸡庄园今日答案,177.0
29,蚂蚁庄园今日答案查询,2025搜索,121,121,随机,蚂蚁庄园的答题,252.0
35,货币兑换金额换算查询,2025搜索,325,325,流量最高,汇率换算,20513.0
35,货币兑换金额换算查询,2025搜索,325,325,流量最高,6000泰铢是多少人民币,15632.0
35,货币兑换金额换算查询,2025搜索,325,325,流量最高,456亿韩元等于多少人民币,3712.0
35,货币兑换金额换算查询,2025搜索,325,325,随机,50万越南盾等于多少人民币,399.0
35,货币兑换金额换算查询,2025搜索,325,325,随机,150万美元等于多少人民币,206.0
35,货币兑换金额换算查询,2025搜索,325,325,随机,5000韩元等于多少人民币,238.0
30,股票行情与选股建议查询,2025搜索,199,198,流量最高,a股,19391.0
30,股票行情与选股建议查询,2025搜索,199,198,流量最高,A股,9206.0
30,股票行情与选股建议查询,2025搜索,199,198,流量最高,同宇新材值得申购吗?,6868.0
30,股票行情与选股建议查询,2025搜索,199,198,随机,st涨跌幅改为10%,158.0
30,股票行情与选股建议查询,2025搜索,199,198,随机,内蒙一机重组最新消息,238.0
30,股票行情与选股建议查询,2025搜索,199,198,随机,固态电池龙头股票前十名,819.0
49,银行信息查询,2025搜索,207,207,流量最高,工商银行客户电话,17868.0
49,银行信息查询,2025搜索,207,207,流量最高,工商银行股票,10598.0
49,银行信息查询,2025搜索,207,207,流量最高,工商银行,9694.0
49,银行信息查询,2025搜索,207,207,随机,成都银行,244.0
49,银行信息查询,2025搜索,207,207,随机,农商行,257.0
49,银行信息查询,2025搜索,207,207,随机,中国四大银行是哪四大银行,1204.0
36,人民币及货币信息查询,2025搜索,112,111,流量最高,比特币,14860.0
36,人民币及货币信息查询,2025搜索,112,111,流量最高,离岸人民币,5860.0
36,人民币及货币信息查询,2025搜索,112,111,流量最高,狗狗币,3918.0
36,人民币及货币信息查询,2025搜索,112,111,随机,新加坡币,255.0
36,人民币及货币信息查询,2025搜索,112,111,随机,一百元人民币,195.0
36,人民币及货币信息查询,2025搜索,112,111,随机,波币钱包,231.0
8,查询贷款信息,2025搜索,78,78,流量最高,房贷计算器,13927.0
8,查询贷款信息,2025搜索,78,78,流量最高,贷款计算器,7336.0
8,查询贷款信息,2025搜索,78,78,流量最高,房贷计算器2025贷款计算器,5080.0
8,查询贷款信息,2025搜索,78,78,随机,助学贷款怎么申请,424.0
8,查询贷款信息,2025搜索,78,78,随机,贷款软件哪个容易通过,211.0
8,查询贷款信息,2025搜索,78,78,随机,助学贷款申请时间,168.0
47,查询办理信用卡业务,2025搜索,75,73,流量最高,中信银行信用卡中心电话,13472.0
47,查询办理信用卡业务,2025搜索,75,73,流量最高,国家企业信息信用信息系统,11004.0
47,查询办理信用卡业务,2025搜索,75,73,流量最高,招商银行信用卡电话,6801.0
47,查询办理信用卡业务,2025搜索,75,73,随机,平安银行信用卡人工电话,653.0
47,查询办理信用卡业务,2025搜索,75,73,随机,兴业银行信用卡电话,5292.0
47,查询办理信用卡业务,2025搜索,75,73,随机,北京银行信用卡电话,205.0
21,保险公司电话查询,2025搜索,82,78,流量最高,平安保险车险电话,12864.0
21,保险公司电话查询,2025搜索,82,78,流量最高,人保保险车险电话,10744.0
21,保险公司电话查询,2025搜索,82,78,流量最高,太平洋保险,5754.0
21,保险公司电话查询,2025搜索,82,78,随机,人保车险电话,665.0
21,保险公司电话查询,2025搜索,82,78,随机,平安保险电话多少?,238.0
21,保险公司电话查询,2025搜索,82,78,随机,渤海保险车险电话,191.0
34,查询美元兑日元汇率,2025搜索,60,60,流量最高,美元,12744.0
34,查询美元兑日元汇率,2025搜索,60,60,流量最高,日元,9337.0
34,查询美元兑日元汇率,2025搜索,60,60,流量最高,欧元,7581.0
34,查询美元兑日元汇率,2025搜索,60,60,随机,日元兑换美元,280.0
34,查询美元兑日元汇率,2025搜索,60,60,随机,新加坡元,250.0
34,查询美元兑日元汇率,2025搜索,60,60,随机,欧元美元,270.0
55,银行客服电话查询,2025搜索,247,237,流量最高,农业银行客服电话,11988.0
55,银行客服电话查询,2025搜索,247,237,流量最高,建行客服电话,11196.0
55,银行客服电话查询,2025搜索,247,237,流量最高,建设银行客服24小时人工服务电话,11003.0
55,银行客服电话查询,2025搜索,247,237,随机,建设银行信用卡客服电话,302.0
55,银行客服电话查询,2025搜索,247,237,随机,招商银行客服24小时人工服务电话,516.0
55,银行客服电话查询,2025搜索,247,237,随机,农行客服电话24小时人工,511.0
53,中国银行服务信息查询,2025搜索,49,49,流量最高,中国银行,10162.0
53,中国银行服务信息查询,2025搜索,49,49,流量最高,中国银行外汇牌价,5078.0
53,中国银行服务信息查询,2025搜索,49,49,流量最高,中国银行股票,4550.0
53,中国银行服务信息查询,2025搜索,49,49,随机,国债,449.0
53,中国银行服务信息查询,2025搜索,49,49,随机,中国四大行指的是哪四大行,256.0
53,中国银行服务信息查询,2025搜索,49,49,随机,中国银行网点查询,433.0
44,支付宝相关操作查询,2025搜索,73,72,流量最高,支付宝,9838.0
44,支付宝相关操作查询,2025搜索,73,72,流量最高,支付宝下载安装,6787.0
44,支付宝相关操作查询,2025搜索,73,72,流量最高,支付宝客服人工电话,3786.0
44,支付宝相关操作查询,2025搜索,73,72,随机,下载支付宝,430.0
44,支付宝相关操作查询,2025搜索,73,72,随机,支付宝自动续费怎么关闭,948.0
44,支付宝相关操作查询,2025搜索,73,72,随机,购宝钱包,190.0
32,证券股票信息查询,2025搜索,105,105,流量最高,天风证券,9027.0
32,证券股票信息查询,2025搜索,105,105,流量最高,中信证券,6323.0
32,证券股票信息查询,2025搜索,105,105,流量最高,天风证券股票,5804.0
32,证券股票信息查询,2025搜索,105,105,随机,西南证券,759.0
32,证券股票信息查询,2025搜索,105,105,随机,中泰证券,467.0
32,证券股票信息查询,2025搜索,105,105,随机,东北证券股票,216.0
60,市场价格行情查询,2025搜索,135,132,流量最高,白银价格,8965.0
60,市场价格行情查询,2025搜索,135,132,流量最高,比特币价格,7354.0
60,市场价格行情查询,2025搜索,135,132,流量最高,金价格今日最新,7200.0
60,市场价格行情查询,2025搜索,135,132,随机,最新国际油价,366.0
60,市场价格行情查询,2025搜索,135,132,随机,狗狗币今日最新价格,301.0
60,市场价格行情查询,2025搜索,135,132,随机,钯金价格,391.0
54,建设银行网点与服务查询,2025搜索,27,27,流量最高,建设银行,8655.0
54,建设银行网点与服务查询,2025搜索,27,27,流量最高,建设银行电话,4858.0
54,建设银行网点与服务查询,2025搜索,27,27,流量最高,建设银行股票,3976.0
54,建设银行网点与服务查询,2025搜索,27,27,随机,建设银行上班时间,1093.0
54,建设银行网点与服务查询,2025搜索,27,27,随机,建设银行信用卡电话,542.0
54,建设银行网点与服务查询,2025搜索,27,27,随机,建元信托,336.0
50,农业银行及农村信用社服务信息查询,2025搜索,51,50,流量最高,农业银行,7829.0
50,农业银行及农村信用社服务信息查询,2025搜索,51,50,流量最高,农业银行股票,6855.0
50,农业银行及农村信用社服务信息查询,2025搜索,51,50,流量最高,中国农业银行,4682.0
50,农业银行及农村信用社服务信息查询,2025搜索,51,50,随机,广西农村信用社,358.0
50,农业银行及农村信用社服务信息查询,2025搜索,51,50,随机,中国农业银行股票,312.0
50,农业银行及农村信用社服务信息查询,2025搜索,51,50,随机,黔农云,233.0
6,查询股票代码与指数信息,2025搜索,130,130,流量最高,纳斯达克100,7527.0
6,查询股票代码与指数信息,2025搜索,130,130,流量最高,000001,4608.0
6,查询股票代码与指数信息,2025搜索,130,130,流量最高,标普500,2997.0
6,查询股票代码与指数信息,2025搜索,130,130,随机,000700,153.0
6,查询股票代码与指数信息,2025搜索,130,130,随机,000543,173.0
6,查询股票代码与指数信息,2025搜索,130,130,随机,000676,328.0
59,实时行情查询,2025搜索,167,166,流量最高,美股实时行情,7234.0
59,实时行情查询,2025搜索,167,166,流量最高,a50富时中国期货指数实时行情,5755.0
59,实时行情查询,2025搜索,167,166,流量最高,美国股市今日实时行情,3259.0
59,实时行情查询,2025搜索,167,166,随机,富时a50夜盘行情实时,326.0
59,实时行情查询,2025搜索,167,166,随机,美股特斯拉实时行情,242.0
59,实时行情查询,2025搜索,167,166,随机,纽约黄金期货实时行情走势,576.0
0,股票代码查询,2025搜索,684,684,流量最高,600643,7040.0
0,股票代码查询,2025搜索,684,684,流量最高,002015,2444.0
0,股票代码查询,2025搜索,684,684,流量最高,600030,1547.0
0,股票代码查询,2025搜索,684,684,随机,600570,400.0
0,股票代码查询,2025搜索,684,684,随机,002427,212.0
0,股票代码查询,2025搜索,684,684,随机,002383,406.0
3,查询电话号码归属,2025搜索,118,101,流量最高,95588,6922.0
3,查询电话号码归属,2025搜索,118,101,流量最高,95588是什么电话,4349.0
3,查询电话号码归属,2025搜索,118,101,流量最高,95588是什么银行电话,4069.0
3,查询电话号码归属,2025搜索,118,101,随机,95559是哪个银行,949.0
3,查询电话号码归属,2025搜索,118,101,随机,95500,248.0
3,查询电话号码归属,2025搜索,118,101,随机,9540600是什么电话,220.0
23,科技类股票信息查询,2025搜索,226,226,流量最高,岩山科技股票,6195.0
23,科技类股票信息查询,2025搜索,226,226,流量最高,华天科技股票,3841.0
23,科技类股票信息查询,2025搜索,226,226,流量最高,胜宏科技股票,2697.0
23,科技类股票信息查询,2025搜索,226,226,随机,凯盛科技股票,249.0
23,科技类股票信息查询,2025搜索,226,226,随机,万润科技股票,523.0
23,科技类股票信息查询,2025搜索,226,226,随机,广信科技股票,389.0
39,货币兑换查询,2025搜索,99,99,流量最高,人民币兑美元,6179.0
39,货币兑换查询,2025搜索,99,99,流量最高,人民币兑换港币,4876.0
39,货币兑换查询,2025搜索,99,99,流量最高,人民币兑日元,4224.0
39,货币兑换查询,2025搜索,99,99,随机,日元人民币的兑换率,636.0
39,货币兑换查询,2025搜索,99,99,随机,韩币和人民币的兑换,173.0
39,货币兑换查询,2025搜索,99,99,随机,美元人民币兑换汇率,196.0
45,查询股份公司及股票信息,2025搜索,261,261,流量最高,利欧股份,5852.0
45,查询股份公司及股票信息,2025搜索,261,261,流量最高,屹唐股份,4711.0
45,查询股份公司及股票信息,2025搜索,261,261,流量最高,包钢股份,4549.0
45,查询股份公司及股票信息,2025搜索,261,261,随机,润都股份,281.0
45,查询股份公司及股票信息,2025搜索,261,261,随机,浔兴股份,157.0
45,查询股份公司及股票信息,2025搜索,261,261,随机,兆丰股份,238.0
43,支付方式使用与设置查询,2025搜索,38,38,流量最高,云闪付,5790.0
43,支付方式使用与设置查询,2025搜索,38,38,流量最高,中金支付扣款怎么联系客服退款,1130.0
43,支付方式使用与设置查询,2025搜索,38,38,流量最高,云闪付是干什么的,1014.0
43,支付方式使用与设置查询,2025搜索,38,38,随机,微信支付密码在哪改,721.0
43,支付方式使用与设置查询,2025搜索,38,38,随机,微信零钱支付限额怎么解除,227.0
43,支付方式使用与设置查询,2025搜索,38,38,随机,富友支付,737.0
26,查询个股股票行情与股吧讨论,2025搜索,147,147,流量最高,紫金矿业股票,5640.0
26,查询个股股票行情与股吧讨论,2025搜索,147,147,流量最高,建设工业股票,4582.0
26,查询个股股票行情与股吧讨论,2025搜索,147,147,流量最高,北方铜业,4169.0
26,查询个股股票行情与股吧讨论,2025搜索,147,147,随机,红日药业,1388.0
26,查询个股股票行情与股吧讨论,2025搜索,147,147,随机,康弘药业 股票,190.0
26,查询个股股票行情与股吧讨论,2025搜索,147,147,随机,300255常山药业股吧,516.0
63,查询价格走势图,2025搜索,123,123,流量最高,黄金价格走势图,5557.0
63,查询价格走势图,2025搜索,123,123,流量最高,黄金走势,4343.0
63,查询价格走势图,2025搜索,123,123,流量最高,黄金走势图,3123.0
63,查询价格走势图,2025搜索,123,123,随机,今天黄金价格走势图,158.0
63,查询价格走势图,2025搜索,123,123,随机,伦敦黄金价格实时走势图,232.0
63,查询价格走势图,2025搜索,123,123,随机,美股走势,223.0
14,个人征信报告查询与影响咨询,2025搜索,61,54,流量最高,中国人民银行征信中心官网,4907.0
14,个人征信报告查询与影响咨询,2025搜索,61,54,流量最高,征信查询个人信用报告,2538.0
14,个人征信报告查询与影响咨询,2025搜索,61,54,流量最高,中国人民银行个人征信中心官网查询,2048.0
14,个人征信报告查询与影响咨询,2025搜索,61,54,随机,企业征信怎么查询,199.0
14,个人征信报告查询与影响咨询,2025搜索,61,54,随机,中国人民征信中心官网查询,210.0
14,个人征信报告查询与影响咨询,2025搜索,61,54,随机,中国人民银行征信查询官网入口,595.0
22,查询科技股与科创板信息,2025搜索,47,47,流量最高,科创50,4438.0
22,查询科技股与科创板信息,2025搜索,47,47,流量最高,协鑫能科股票,3926.0
22,查询科技股与科创板信息,2025搜索,47,47,流量最高,大位科技,1800.0
22,查询科技股与科创板信息,2025搜索,47,47,随机,科创板开户条件,332.0
22,查询科技股与科创板信息,2025搜索,47,47,随机,恒银科技,351.0
22,查询科技股与科创板信息,2025搜索,47,47,随机,创新药板块,434.0
16,查询人寿保险相关业务信息,2025搜索,42,42,流量最高,中国人寿保险电话,4375.0
16,查询人寿保险相关业务信息,2025搜索,42,42,流量最高,中国人寿,1496.0
16,查询人寿保险相关业务信息,2025搜索,42,42,流量最高,中国人保,1005.0
16,查询人寿保险相关业务信息,2025搜索,42,42,随机,中汇人寿保险公司,260.0
16,查询人寿保险相关业务信息,2025搜索,42,42,随机,人寿保险,862.0
16,查询人寿保险相关业务信息,2025搜索,42,42,随机,中国人寿是国企还是央企,249.0
1,查询300开头股票代码与行情,2025搜索,238,238,流量最高,沪深300,4268.0
1,查询300开头股票代码与行情,2025搜索,238,238,流量最高,4007305555,1727.0
1,查询300开头股票代码与行情,2025搜索,238,238,流量最高,300059,1296.0
1,查询300开头股票代码与行情,2025搜索,238,238,随机,300079,216.0
1,查询300开头股票代码与行情,2025搜索,238,238,随机,300007,284.0
1,查询300开头股票代码与行情,2025搜索,238,238,随机,603002,277.0
70,查询定期存款利率,2025搜索,33,33,流量最高,银行定存利率,3819.0
70,查询定期存款利率,2025搜索,33,33,流量最高,工商银行存款定期2025最新,939.0
70,查询定期存款利率,2025搜索,33,33,流量最高,存款利率,805.0
70,查询定期存款利率,2025搜索,33,33,随机,中国银行定期存款利率,683.0
70,查询定期存款利率,2025搜索,33,33,随机,7月1日银行存款新规定,222.0
70,查询定期存款利率,2025搜索,33,33,随机,农商银行存款定期2025最新,686.0
13,花呗操作查询,2025搜索,47,47,流量最高,同花顺,3408.0
13,花呗操作查询,2025搜索,47,47,流量最高,花呗怎么关闭不再使用,2777.0
13,花呗操作查询,2025搜索,47,47,流量最高,安逸花,2326.0
13,花呗操作查询,2025搜索,47,47,随机,花呗额度怎么提升,319.0
13,花呗操作查询,2025搜索,47,47,随机,恒小花,346.0
13,花呗操作查询,2025搜索,47,47,随机,易得花,471.0
46,查询股份股票及股吧信息,2025搜索,201,201,流量最高,恒宝股份股票,3388.0
46,查询股份股票及股吧信息,2025搜索,201,201,流量最高,翠微股份股票,2895.0
46,查询股份股票及股吧信息,2025搜索,201,201,流量最高,利君股份股票,2786.0
46,查询股份股票及股吧信息,2025搜索,201,201,随机,正丹股份股票,381.0
46,查询股份股票及股吧信息,2025搜索,201,201,随机,鼎龙股份股票,153.0
46,查询股份股票及股吧信息,2025搜索,201,201,随机,利源股份股票,184.0
52,下载安装金融类App,2025搜索,181,179,流量最高,云闪付app官方下载,3070.0
52,下载安装金融类App,2025搜索,181,179,流量最高,欧交易所app最新版下载安装.排名前十的.cc,2881.0
52,下载安装金融类App,2025搜索,181,179,流量最高,欧交易所最新版app下载安装地址.极速下载.中国,2603.0
52,下载安装金融类App,2025搜索,181,179,随机,捷冠贷款app可靠吗,159.0
52,下载安装金融类App,2025搜索,181,179,随机,通达信app手机版下载,190.0
52,下载安装金融类App,2025搜索,181,179,随机,农村信用社app下载,180.0
66,金融行情数据查询,2025搜索,17,17,流量最高,lpr最新报价2025年6月利率,3002.0
66,金融行情数据查询,2025搜索,17,17,流量最高,港股休市时间2025年,967.0
66,金融行情数据查询,2025搜索,17,17,流量最高,派币2025年官方最新消息,690.0
66,金融行情数据查询,2025搜索,17,17,随机,半年报业绩预告披露时间规定,153.0
66,金融行情数据查询,2025搜索,17,17,随机,贷款计算器2025在线计算,167.0
66,金融行情数据查询,2025搜索,17,17,随机,伯25发债,442.0
24,证券股吧查询,2025搜索,820,820,流量最高,长城军工股吧,2957.0
24,证券股吧查询,2025搜索,820,820,流量最高,股吧东方财富网股吧,2363.0
24,证券股吧查询,2025搜索,820,820,流量最高,四方精创股吧,2137.0
24,证券股吧查询,2025搜索,820,820,随机,每日互动股吧,187.0
24,证券股吧查询,2025搜索,820,820,随机,华能国际股吧,156.0
24,证券股吧查询,2025搜索,820,820,随机,中科三环股票股吧,155.0
20,查询交强险保费、赔偿与投保规定,2025搜索,16,16,流量最高,交强险赔偿范围和金额多少,2880.0
20,查询交强险保费、赔偿与投保规定,2025搜索,16,16,流量最高,交强险,1091.0
20,查询交强险保费、赔偿与投保规定,2025搜索,16,16,流量最高,交强险多少钱一年,769.0
20,查询交强险保费、赔偿与投保规定,2025搜索,16,16,随机,交强险在线办理,186.0
20,查询交强险保费、赔偿与投保规定,2025搜索,16,16,随机,交强险主要保什么,175.0
20,查询交强险保费、赔偿与投保规定,2025搜索,16,16,随机,摩托车交强险怎么网上买,331.0
11,查询金融术语含义,2025搜索,129,129,流量最高,稳定币是什么意思,2818.0
11,查询金融术语含义,2025搜索,129,129,流量最高,usd是什么货币,2000.0
11,查询金融术语含义,2025搜索,129,129,流量最高,借记卡是什么意思,1644.0
11,查询金融术语含义,2025搜索,129,129,随机,aum在银行什么意思啊,175.0
11,查询金融术语含义,2025搜索,129,129,随机,汇款冲正是什么意思呀,181.0
11,查询金融术语含义,2025搜索,129,129,随机,hkd是什么币种,212.0
18,查询保险相关业务,2025搜索,65,64,流量最高,元保,2715.0
18,查询保险相关业务,2025搜索,65,64,流量最高,元保保险,1898.0
18,查询保险相关业务,2025搜索,65,64,流量最高,阳光保险,1592.0
18,查询保险相关业务,2025搜索,65,64,随机,保险怎么买最划算,183.0
18,查询保险相关业务,2025搜索,65,64,随机,众安保险,1131.0
18,查询保险相关业务,2025搜索,65,64,随机,众安保险可靠吗能买吗?,242.0
15,查询借款平台正规性,2025搜索,98,91,流量最高,树拍易购平台是正规的吗安全吗,2393.0
15,查询借款平台正规性,2025搜索,98,91,流量最高,鑫慷嘉投资是正规的平台吗,1737.0
15,查询借款平台正规性,2025搜索,98,91,流量最高,财付通支付属于哪个平台,1321.0
15,查询借款平台正规性,2025搜索,98,91,随机,小辉付借款是正规平台吗,537.0
15,查询借款平台正规性,2025搜索,98,91,随机,众惠财产相互保险社是哪个平台的,230.0
15,查询借款平台正规性,2025搜索,98,91,随机,360借条是正规的吗,438.0
67,贷款月供计算,2025搜索,7,7,流量最高,七月流火,2340.0
67,贷款月供计算,2025搜索,7,7,流量最高,万向钱潮,792.0
67,贷款月供计算,2025搜索,7,7,流量最高,公积金贷款最多可以贷多少,242.0
67,贷款月供计算,2025搜索,7,7,随机,公积金贷款能贷多少,206.0
67,贷款月供计算,2025搜索,7,7,随机,100万韩元,219.0
67,贷款月供计算,2025搜索,7,7,随机,公积金贷款能贷多少钱,236.0
72,金融代码查询,2025搜索,57,57,流量最高,001388,2256.0
72,金融代码查询,2025搜索,57,57,流量最高,001388信通电子股吧,1156.0
72,金融代码查询,2025搜索,57,57,流量最高,301678,1102.0
72,金融代码查询,2025搜索,57,57,随机,301678股吧,215.0
72,金融代码查询,2025搜索,57,57,随机,301319,201.0
72,金融代码查询,2025搜索,57,57,随机,301129,188.0
17,查询保险公司信息,2025搜索,65,64,流量最高,太平保险公司,2131.0
17,查询保险公司信息,2025搜索,65,64,流量最高,泰康在线财产保险股份有限公司,1888.0
17,查询保险公司信息,2025搜索,65,64,流量最高,大地保险公司,1628.0
17,查询保险公司信息,2025搜索,65,64,随机,华农财产保险股份有限公司,184.0
17,查询保险公司信息,2025搜索,65,64,随机,华安保险公司,800.0
17,查询保险公司信息,2025搜索,65,64,随机,新利众股票是正规公司吗,240.0
48,银行卡业务查询与办理指导,2025搜索,92,91,流量最高,我爱卡,2105.0
48,银行卡业务查询与办理指导,2025搜索,92,91,流量最高,银行卡被冻结了怎么办最快解冻,1751.0
48,银行卡业务查询与办理指导,2025搜索,92,91,流量最高,借记卡跟储蓄卡有什么区别,1232.0
48,银行卡业务查询与办理指导,2025搜索,92,91,随机,银行卡丢了可以补办原卡号吗,386.0
48,银行卡业务查询与办理指导,2025搜索,92,91,随机,微信提现到银行卡要手续费吗,223.0
48,银行卡业务查询与办理指导,2025搜索,92,91,随机,怎么查银行卡开户行支行地址,374.0
68,利率查询与计算,2025搜索,88,88,流量最高,百利电气,2038.0
68,利率查询与计算,2025搜索,88,88,流量最高,房贷利率2025最新利率,1677.0
68,利率查询与计算,2025搜索,88,88,流量最高,银行利率2025最新利率,1394.0
68,利率查询与计算,2025搜索,88,88,随机,公积金贷款利率最新,896.0
68,利率查询与计算,2025搜索,88,88,随机,年利率,281.0
68,利率查询与计算,2025搜索,88,88,随机,活期利率2025最新利率表,719.0
65,计算存贷款利息,2025搜索,72,72,流量最高,利息计算公式计算器,1918.0
65,计算存贷款利息,2025搜索,72,72,流量最高,等额本息与等额本金哪个划算,1708.0
65,计算存贷款利息,2025搜索,72,72,流量最高,100万存银行一年利息多少,1219.0
65,计算存贷款利息,2025搜索,72,72,随机,一万元存银行一年多少利息,368.0
65,计算存贷款利息,2025搜索,72,72,随机,等额本息和等额本金有什么区别,631.0
65,计算存贷款利息,2025搜索,72,72,随机,东山精密最新利好消息,174.0
10,查询转账与账户业务可行性,2025搜索,49,46,流量最高,跨行转账要收多少手续费,1565.0
10,查询转账与账户业务可行性,2025搜索,49,46,流量最高,开户,1507.0
10,查询转账与账户业务可行性,2025搜索,49,46,流量最高,借钱,1100.0
10,查询转账与账户业务可行性,2025搜索,49,46,随机,黑户借款5000马上到账的口子,231.0
10,查询转账与账户业务可行性,2025搜索,49,46,随机,公户转账转给个人私户可以吗,234.0
10,查询转账与账户业务可行性,2025搜索,49,46,随机,微信转账要收手续费吗,322.0
73,证券代码信息查询#73,2025搜索,63,63,流量最高,300008,1458.0
73,证券代码信息查询#73,2025搜索,63,63,流量最高,000981,1302.0
73,证券代码信息查询#73,2025搜索,63,63,流量最高,000858,762.0
73,证券代码信息查询#73,2025搜索,63,63,随机,000850,204.0
73,证券代码信息查询#73,2025搜索,63,63,随机,000998,242.0
73,证券代码信息查询#73,2025搜索,63,63,随机,000931,153.0
64,查询金融业务数值与代码,2025搜索,16,16,流量最高,公积金利息年利率是多少,1440.0
64,查询金融业务数值与代码,2025搜索,16,16,流量最高,二类卡每日限额是多少,696.0
64,查询金融业务数值与代码,2025搜索,16,16,流量最高,公积金账户利息利率是多少,474.0
64,查询金融业务数值与代码,2025搜索,16,16,随机,微粒贷利息是多少,207.0
64,查询金融业务数值与代码,2025搜索,16,16,随机,股票交易的佣金是多少,179.0
64,查询金融业务数值与代码,2025搜索,16,16,随机,商贷房贷率是多少,390.0
71,查询价格与金额,2025搜索,28,28,流量最高,智慧零钱,1059.0
71,查询价格与金额,2025搜索,28,28,流量最高,余额宝1万一天收益多少,619.0
71,查询价格与金额,2025搜索,28,28,流量最高,洋钱罐,611.0
71,查询价格与金额,2025搜索,28,28,随机,atm机一天最多取多少钱,511.0
71,查询价格与金额,2025搜索,28,28,随机,比特币多少钱一枚,313.0
71,查询价格与金额,2025搜索,28,28,随机,钱小乐,234.0
19,车险购买与理赔咨询,2025搜索,39,39,流量最高,车损险主要保什么,934.0
19,车险购买与理赔咨询,2025搜索,39,39,流量最高,"意外险包括哪些范围,理赔多少",839.0
19,车险购买与理赔咨询,2025搜索,39,39,流量最高,车损险有必要买吗,671.0
19,车险购买与理赔咨询,2025搜索,39,39,随机,余额宝有风险吗,165.0
19,车险购买与理赔咨询,2025搜索,39,39,随机,车损保险具体都包括什么,632.0
19,车险购买与理赔咨询,2025搜索,39,39,随机,怎么查车辆保险,206.0
7,基金净值查询,2025搜索,26,26,流量最高,天天基金网官网,845.0
7,基金净值查询,2025搜索,26,26,流量最高,基金速查网,703.0
7,基金净值查询,2025搜索,26,26,流量最高,天天基金网,662.0
7,基金净值查询,2025搜索,26,26,随机,基金,437.0
7,基金净值查询,2025搜索,26,26,随机,广发聚丰基金270005今日净值,281.0
7,基金净值查询,2025搜索,26,26,随机,天天基金,397.0
12,金融业务操作与问题处理方法查询,2025搜索,44,43,流量最高,开户行行号怎么查询,839.0
12,金融业务操作与问题处理方法查询,2025搜索,44,43,流量最高,国债逆回购是怎么回事,809.0
12,金融业务操作与问题处理方法查询,2025搜索,44,43,流量最高,开户行怎么查询,731.0
12,金融业务操作与问题处理方法查询,2025搜索,44,43,随机,股票交易手续费怎么收费,218.0
12,金融业务操作与问题处理方法查询,2025搜索,44,43,随机,微粒贷怎么开通,159.0
12,金融业务操作与问题处理方法查询,2025搜索,44,43,随机,理财产品怎么买最合适,165.0
9,贷款提前还款查询,2025搜索,20,19,流量最高,提前还款房贷计算器,765.0
9,贷款提前还款查询,2025搜索,20,19,流量最高,花呗怎样提前还款,583.0
9,贷款提前还款查询,2025搜索,20,19,流量最高,花呗分期可以提前还款吗,517.0
9,贷款提前还款查询,2025搜索,20,19,随机,京东白条怎么还款,205.0
9,贷款提前还款查询,2025搜索,20,19,随机,提前还款是缩短年限还是减少月供,250.0
9,贷款提前还款查询,2025搜索,20,19,随机,安逸花怎么申请延期还款,202.0
2,证券代码信息查询#2,2025搜索,11,11,流量最高,4008889883,463.0
2,证券代码信息查询#2,2025搜索,11,11,流量最高,688981,356.0
2,证券代码信息查询#2,2025搜索,11,11,流量最高,62785,264.0
2,证券代码信息查询#2,2025搜索,11,11,随机,188427,203.0
2,证券代码信息查询#2,2025搜索,11,11,随机,攒红花 兑188元,174.0
2,证券代码信息查询#2,2025搜索,11,11,随机,688256,225.0
27,查询市场行情,2025搜索随机1w,93,93,流量最高,融通金今日行情,209.0
27,查询市场行情,2025搜索随机1w,93,93,流量最高,民生银行股票行情,60.0
27,查询市场行情,2025搜索随机1w,93,93,流量最高,股市开市时间,28.0
27,查询市场行情,2025搜索随机1w,93,93,随机,今天股市下午休市吗,1.0
27,查询市场行情,2025搜索随机1w,93,93,随机,今天股市行情最新紫金矿业股票,1.0
27,查询市场行情,2025搜索随机1w,93,93,随机,今日股票天地板,1.0
16,查询人寿保险相关业务信息,2025搜索随机1w,68,66,流量最高,国寿养老,7.0
16,查询人寿保险相关业务信息,2025搜索随机1w,68,66,流量最高,中国人寿寿险app下载安装官网,5.0
16,查询人寿保险相关业务信息,2025搜索随机1w,68,66,流量最高,保险师下载中国人寿最新版,3.0
16,查询人寿保险相关业务信息,2025搜索随机1w,68,66,随机,中国人寿转账账户姓名变更流程,1.0
16,查询人寿保险相关业务信息,2025搜索随机1w,68,66,随机,近5年交银人寿投资收益率,1.0
16,查询人寿保险相关业务信息,2025搜索随机1w,68,66,随机,招商仁和裕盛世终身寿险,2.0
31,查询财经门户与市场行情,2025搜索随机1w,262,262,流量最高,全球财经快讯 东方财富,77.0
31,查询财经门户与市场行情,2025搜索随机1w,262,262,流量最高,btbxcc.bxcc免费行情分析,45.0
31,查询财经门户与市场行情,2025搜索随机1w,262,262,流量最高,宝城期货,31.0
31,查询财经门户与市场行情,2025搜索随机1w,262,262,随机,安元鼎 新浪财经,2.0
31,查询财经门户与市场行情,2025搜索随机1w,262,262,随机,IPO委员会,1.0
31,查询财经门户与市场行情,2025搜索随机1w,262,262,随机,京北方前景,1.0
30,股票行情与选股建议查询,2025搜索随机1w,543,541,流量最高,7月炒什么板块股票好,43.0
30,股票行情与选股建议查询,2025搜索随机1w,543,541,流量最高,中报预披露时间规定,39.0
30,股票行情与选股建议查询,2025搜索随机1w,543,541,流量最高,美凯龙行业回升,36.0
30,股票行情与选股建议查询,2025搜索随机1w,543,541,随机,雪球模拟炒股大赛有奖金吗,2.0
30,股票行情与选股建议查询,2025搜索随机1w,543,541,随机,ST银山属于哪个板块,1.0
30,股票行情与选股建议查询,2025搜索随机1w,543,541,随机,"该股属于近期走强的核电 特高压等多重热点概念,股价底部放量异动,走势较强!",1.0
10,查询转账与账户业务可行性,2025搜索随机1w,500,496,流量最高,零钱通提现要手续费吗,29.0
10,查询转账与账户业务可行性,2025搜索随机1w,500,496,流量最高,转账截图,28.0
10,查询转账与账户业务可行性,2025搜索随机1w,500,496,流量最高,发债,14.0
10,查询转账与账户业务可行性,2025搜索随机1w,500,496,随机,每个月1号银行可以转账吗为什么,2.0
10,查询转账与账户业务可行性,2025搜索随机1w,500,496,随机,球星卡大陸去香港需要交稅嗎,1.0
10,查询转账与账户业务可行性,2025搜索随机1w,500,496,随机,筹码密从高位转移到低位好不好?,1.0
68,利率查询与计算,2025搜索随机1w,138,138,流量最高,工行活期利率2025最新利率,44.0
68,利率查询与计算,2025搜索随机1w,138,138,流量最高,秦皇岛银行利率2025最新利率表,18.0
68,利率查询与计算,2025搜索随机1w,138,138,流量最高,公务员信用贷款利率,8.0
68,利率查询与计算,2025搜索随机1w,138,138,随机,公积金贷款利率计算器长沙,1.0
68,利率查询与计算,2025搜索随机1w,138,138,随机,贷款利率2.3%高不高,1.0
68,利率查询与计算,2025搜索随机1w,138,138,随机,国债利率为什么越来越低,1.0
14,个人征信报告查询与影响咨询,2025搜索随机1w,170,164,流量最高,征信报告在哪查,76.0
14,个人征信报告查询与影响咨询,2025搜索随机1w,170,164,流量最高,打征信报告对自己有影响吗,20.0
14,个人征信报告查询与影响咨询,2025搜索随机1w,170,164,流量最高,查别人的征信怎么查,20.0
14,个人征信报告查询与影响咨询,2025搜索随机1w,170,164,随机,光大授信额度在哪里看,1.0
14,个人征信报告查询与影响咨询,2025搜索随机1w,170,164,随机,咋样消除征信网贷记录,1.0
14,个人征信报告查询与影响咨询,2025搜索随机1w,170,164,随机,买房征信查什么内容,1.0
71,查询价格与金额,2025搜索随机1w,187,184,流量最高,车损险多少钱,21.0
71,查询价格与金额,2025搜索随机1w,187,184,流量最高,景德元宝现在多少钱一枚,20.0
71,查询价格与金额,2025搜索随机1w,187,184,流量最高,两元纸币值多少钱一张,15.0
71,查询价格与金额,2025搜索随机1w,187,184,随机,顺治通宝背右工多少钱一枚,1.0
71,查询价格与金额,2025搜索随机1w,187,184,随机,cif保费按照多少比例算出来,1.0
71,查询价格与金额,2025搜索随机1w,187,184,随机,天德通宝市场价多少,1.0
48,银行卡业务查询与办理指导,2025搜索随机1w,502,478,流量最高,银行卡转微信零钱要手续费吗,53.0
48,银行卡业务查询与办理指导,2025搜索随机1w,502,478,流量最高,亲属卡没钱了还能扣吗,20.0
48,银行卡业务查询与办理指导,2025搜索随机1w,502,478,流量最高,拼多多怎样解绑银行卡,18.0
48,银行卡业务查询与办理指导,2025搜索随机1w,502,478,随机,银行卡黑名单管控多久解除,2.0
48,银行卡业务查询与办理指导,2025搜索随机1w,502,478,随机,为什么老婆的银行卡老公不能查到余额,1.0
48,银行卡业务查询与办理指导,2025搜索随机1w,502,478,随机,银行卡不明不白消费支出怎么回事,1.0
49,银行信息查询,2025搜索随机1w,793,788,流量最高,光大银行网点查询附近,66.0
49,银行信息查询,2025搜索随机1w,793,788,流量最高,江苏银行是什么性质的银行,29.0
49,银行信息查询,2025搜索随机1w,793,788,流量最高,浦发银行营业时间,27.0
49,银行信息查询,2025搜索随机1w,793,788,随机,工商银行洛阳伊川杜康支行,1.0
49,银行信息查询,2025搜索随机1w,793,788,随机,悠游青绿 中信银行 茶叶,2.0
49,银行信息查询,2025搜索随机1w,793,788,随机,大连邮政储蓄银行网点,4.0
7,基金净值查询,2025搜索随机1w,146,146,流量最高,添富均衡519018基金最新净值,51.0
7,基金净值查询,2025搜索随机1w,146,146,流量最高,东方新能源汽车主题混合基金,34.0
7,基金净值查询,2025搜索随机1w,146,146,流量最高,易方达基金公司官方网站,29.0
7,基金净值查询,2025搜索随机1w,146,146,随机,160607基金净值查询今天最新净值,19.0
7,基金净值查询,2025搜索随机1w,146,146,随机,两千块钱买基金做价差一个月能,1.0
7,基金净值查询,2025搜索随机1w,146,146,随机,非货币基金属于权益类资产吗,1.0
13,花呗操作查询,2025搜索随机1w,128,122,流量最高,为什么花呗额度突然降了,46.0
13,花呗操作查询,2025搜索随机1w,128,122,流量最高,花呗提现手续费10000块钱要多少,32.0
13,花呗操作查询,2025搜索随机1w,128,122,流量最高,花呗信用额度冻结怎么解冻,12.0
13,花呗操作查询,2025搜索随机1w,128,122,随机,花呗几号提额,1.0
13,花呗操作查询,2025搜索随机1w,128,122,随机,安逸花结清后要关闭合同吗,1.0
13,花呗操作查询,2025搜索随机1w,128,122,随机,安逸花要必须要开结清证明吗,1.0
11,查询金融术语含义,2025搜索随机1w,261,261,流量最高,aud是什么币种,187.0
11,查询金融术语含义,2025搜索随机1w,261,261,流量最高,转股溢价率是什么意思,37.0
11,查询金融术语含义,2025搜索随机1w,261,261,流量最高,银行降息意味什么,15.0
11,查询金融术语含义,2025搜索随机1w,261,261,随机,芝麻评估是什么,1.0
11,查询金融术语含义,2025搜索随机1w,261,261,随机,人保中科部是什么部门,1.0
11,查询金融术语含义,2025搜索随机1w,261,261,随机,家家悦贵宾卡是什么卡,1.0
28,股指行情查询,2025搜索随机1w,56,55,流量最高,上证指数最近行情,693.0
28,股指行情查询,2025搜索随机1w,56,55,流量最高,纳斯达克期货实时指数,80.0
28,股指行情查询,2025搜索随机1w,56,55,流量最高,美股中国金龙指数,60.0
28,股指行情查询,2025搜索随机1w,56,55,随机,今天上证指数和个股为啥不一样,1.0
28,股指行情查询,2025搜索随机1w,56,55,随机,手机上怎么看不到美国股票指数,1.0
28,股指行情查询,2025搜索随机1w,56,55,随机,詹森业绩指数,1.0
15,查询借款平台正规性,2025搜索随机1w,95,89,流量最高,哈啰借钱是正规网贷吗,55.0
15,查询借款平台正规性,2025搜索随机1w,95,89,流量最高,易恒易货是正规平台吗,48.0
15,查询借款平台正规性,2025搜索随机1w,95,89,流量最高,微信里的微粒贷是正规的吗,28.0
15,查询借款平台正规性,2025搜索随机1w,95,89,随机,分转商场是正规平台吗,1.0
15,查询借款平台正规性,2025搜索随机1w,95,89,随机,取款宝最权威的电子平台,2.0
15,查询借款平台正规性,2025搜索随机1w,95,89,随机,SEKEX平台与普通交易所对比,1.0
8,查询贷款信息,2025搜索随机1w,416,409,流量最高,研究生助学贷款可以贷多少钱,55.0
8,查询贷款信息,2025搜索随机1w,416,409,流量最高,房子贷款需要什么条件才可以贷款,33.0
8,查询贷款信息,2025搜索随机1w,416,409,流量最高,贷款的房子可以抵押贷款吗,16.0
8,查询贷款信息,2025搜索随机1w,416,409,随机,中行科技贷款申请条件,1.0
8,查询贷款信息,2025搜索随机1w,416,409,随机,房子是父母的营业执照是孩子的 可以抵押贷款么,1.0
8,查询贷款信息,2025搜索随机1w,416,409,随机,口子屋借款论坛,2.0
36,人民币及货币信息查询,2025搜索随机1w,115,114,流量最高,10元人民币背面图案,238.0
36,人民币及货币信息查询,2025搜索随机1w,115,114,流量最高,比特币交易行情,43.0
36,人民币及货币信息查询,2025搜索随机1w,115,114,流量最高,美股数字货币板块,21.0
36,人民币及货币信息查询,2025搜索随机1w,115,114,随机,1992年到1999年的一元硬币,1.0
36,人民币及货币信息查询,2025搜索随机1w,115,114,随机,1960年出版的5元人民币值钱吗,1.0
36,人民币及货币信息查询,2025搜索随机1w,115,114,随机,惠州炒比特币的人多吗,1.0
54,建设银行网点与服务查询,2025搜索随机1w,158,152,流量最高,建设银行u盾,6.0
54,建设银行网点与服务查询,2025搜索随机1w,158,152,流量最高,湖南长沙建设银行卡号开头,4.0
54,建设银行网点与服务查询,2025搜索随机1w,158,152,流量最高,沧州建设银行网点查询,4.0
54,建设银行网点与服务查询,2025搜索随机1w,158,152,随机,建设银行卡app可以改取款密码吗,1.0
54,建设银行网点与服务查询,2025搜索随机1w,158,152,随机,中国建设银行厦门大同支行代码查询,2.0
54,建设银行网点与服务查询,2025搜索随机1w,158,152,随机,建行综合查询凭证,1.0
44,支付宝相关操作查询,2025搜索随机1w,342,333,流量最高,支付宝被限制怎么解除限制,91.0
44,支付宝相关操作查询,2025搜索随机1w,342,333,流量最高,支付宝取消绑定银行卡,34.0
44,支付宝相关操作查询,2025搜索随机1w,342,333,流量最高,怎么查支付宝余额,18.0
44,支付宝相关操作查询,2025搜索随机1w,342,333,随机,怎么关闭自动扣费支付宝,3.0
44,支付宝相关操作查询,2025搜索随机1w,342,333,随机,怎样解除支付宝,1.0
44,支付宝相关操作查询,2025搜索随机1w,342,333,随机,乡村事业工程补助在支付宝上可以申请吗,1.0
33,查询人民币兑外币汇率,2025搜索随机1w,140,140,流量最高,英镑汇率,5602.0
33,查询人民币兑外币汇率,2025搜索随机1w,140,140,流量最高,迪拉姆和人民币汇率,104.0
33,查询人民币兑外币汇率,2025搜索随机1w,140,140,流量最高,人民币兑日元汇率今日价格,87.0
33,查询人民币兑外币汇率,2025搜索随机1w,140,140,随机,一块欧元人民币换人民币多少钱你快'一块英镑,1.0
33,查询人民币兑外币汇率,2025搜索随机1w,140,140,随机,美元币换人民币汇率,2.0
33,查询人民币兑外币汇率,2025搜索随机1w,140,140,随机,多少日元可以换人民币了呢,1.0
25,查询股票信息,2025搜索随机1w,250,249,流量最高,小米集团股票,962.0
25,查询股票信息,2025搜索随机1w,250,249,流量最高,舍得白酒股票,380.0
25,查询股票信息,2025搜索随机1w,250,249,流量最高,海信家电股票,312.0
25,查询股票信息,2025搜索随机1w,250,249,随机,舍得白酒股票,380.0
25,查询股票信息,2025搜索随机1w,250,249,随机,黑豹股票,7.0
25,查询股票信息,2025搜索随机1w,250,249,随机,唐山港股票十大股东,1.0
23,科技类股票信息查询,2025搜索随机1w,31,31,流量最高,凯盛科技股票,249.0
23,科技类股票信息查询,2025搜索随机1w,31,31,流量最高,同星科技股票,69.0
23,科技类股票信息查询,2025搜索随机1w,31,31,流量最高,华映科技股票行情,9.0
23,科技类股票信息查询,2025搜索随机1w,31,31,随机,信宇人科技股价,3.0
23,科技类股票信息查询,2025搜索随机1w,31,31,随机,爱玛科技股票发行价,1.0
23,科技类股票信息查询,2025搜索随机1w,31,31,随机,弘迅科技股票是深股吗,1.0
47,查询办理信用卡业务,2025搜索随机1w,237,229,流量最高,徽商银行信用卡电话,33.0
47,查询办理信用卡业务,2025搜索随机1w,237,229,流量最高,信用卡还多了钱怎么弄出来,19.0
47,查询办理信用卡业务,2025搜索随机1w,237,229,流量最高,"信用卡那个银行的卡好,额度高",9.0
47,查询办理信用卡业务,2025搜索随机1w,237,229,随机,爱车plus信用卡返多少,1.0
47,查询办理信用卡业务,2025搜索随机1w,237,229,随机,注销信用卡需要补齐一年的费用吗,1.0
47,查询办理信用卡业务,2025搜索随机1w,237,229,随机,中信银行信用卡好吗,2.0
6,查询股票代码与指数信息,2025搜索随机1w,48,47,流量最高,000637,115.0
6,查询股票代码与指数信息,2025搜索随机1w,48,47,流量最高,14000韩币,22.0
6,查询股票代码与指数信息,2025搜索随机1w,48,47,流量最高,204007,15.0
6,查询股票代码与指数信息,2025搜索随机1w,48,47,随机,万科00002,2.0
6,查询股票代码与指数信息,2025搜索随机1w,48,47,随机,"5,000,000卢比",1.0
6,查询股票代码与指数信息,2025搜索随机1w,48,47,随机,000637,115.0
60,市场价格行情查询,2025搜索随机1w,57,57,流量最高,国际铜价,439.0
60,市场价格行情查询,2025搜索随机1w,57,57,流量最高,四川长虹股票价格,28.0
60,市场价格行情查询,2025搜索随机1w,57,57,流量最高,cfx价格,17.0
60,市场价格行情查询,2025搜索随机1w,57,57,随机,sol币今天最新价格,1.0
60,市场价格行情查询,2025搜索随机1w,57,57,随机,农行今日实时金条价格,1.0
60,市场价格行情查询,2025搜索随机1w,57,57,随机,AIDOGE币今日价格,2.0
18,查询保险相关业务,2025搜索随机1w,290,289,流量最高,龙江惠保险150元怎么报销,23.0
18,查询保险相关业务,2025搜索随机1w,290,289,流量最高,太保鑫禧年年年金保险,9.0
18,查询保险相关业务,2025搜索随机1w,290,289,流量最高,学平险怎么查询电子保单,8.0
18,查询保险相关业务,2025搜索随机1w,290,289,随机,"被保险人身故时,身故金受益人",2.0
18,查询保险相关业务,2025搜索随机1w,290,289,随机,一年内报一次保险和报两次的区别,1.0
18,查询保险相关业务,2025搜索随机1w,290,289,随机,友邦保险退保怎么操作,3.0
9,贷款提前还款查询,2025搜索随机1w,144,139,流量最高,花呗如何提前还款全部还清,25.0
9,贷款提前还款查询,2025搜索随机1w,144,139,流量最高,浦发银行提前还房贷怎么操作,8.0
9,贷款提前还款查询,2025搜索随机1w,144,139,流量最高,全民钱包怎么协商延期还款,6.0
9,贷款提前还款查询,2025搜索随机1w,144,139,随机,农行信用卡分期提前还款了下个月还能分期吗?,1.0
9,贷款提前还款查询,2025搜索随机1w,144,139,随机,湖南农村信用社提前还房贷最少还多少钱,1.0
9,贷款提前还款查询,2025搜索随机1w,144,139,随机,我来贷可以提前还款吗,1.0
65,计算存贷款利息,2025搜索随机1w,294,293,流量最高,存10万一年利息多少,38.0
65,计算存贷款利息,2025搜索随机1w,294,293,流量最高,现在存银行10万一年利息多少,34.0
65,计算存贷款利息,2025搜索随机1w,294,293,流量最高,利息4厘一万一年多少利息,16.0
65,计算存贷款利息,2025搜索随机1w,294,293,随机,银行存5000万一个月利息多少,1.0
65,计算存贷款利息,2025搜索随机1w,294,293,随机,先息后本和等额本息和等额本金,1.0
65,计算存贷款利息,2025搜索随机1w,294,293,随机,18万4.0利息一个月是多少利息,1.0
72,金融代码查询,2025搜索随机1w,133,113,流量最高,110011,97.0
72,金融代码查询,2025搜索随机1w,133,113,流量最高,99交易行,23.0
72,金融代码查询,2025搜索随机1w,133,113,流量最高,400195股吧,17.0
72,金融代码查询,2025搜索随机1w,133,113,随机,011884今日净值,3.0
72,金融代码查询,2025搜索随机1w,133,113,随机,安信14开户右.93O79.判官R,1.0
72,金融代码查询,2025搜索随机1w,133,113,随机,换手率0.53量比1.29天天在小涨,1.0
50,农业银行及农村信用社服务信息查询,2025搜索随机1w,276,268,流量最高,农业银行股票行情,131.0
50,农业银行及农村信用社服务信息查询,2025搜索随机1w,276,268,流量最高,农村信用社银行卡,10.0
50,农业银行及农村信用社服务信息查询,2025搜索随机1w,276,268,流量最高,农村商业银行利率,10.0
50,农业银行及农村信用社服务信息查询,2025搜索随机1w,276,268,随机,北京农担,1.0
50,农业银行及农村信用社服务信息查询,2025搜索随机1w,276,268,随机,中国农业银行眉山分行,1.0
50,农业银行及农村信用社服务信息查询,2025搜索随机1w,276,268,随机,广西农信天峨县向阳镇支行,1.0
1,查询300开头股票代码与行情,2025搜索随机1w,47,47,流量最高,300039,88.0
1,查询300开头股票代码与行情,2025搜索随机1w,47,47,流量最高,300265通光线缆股吧,67.0
1,查询300开头股票代码与行情,2025搜索随机1w,47,47,流量最高,四方精创300468股吧,31.0
1,查询300开头股票代码与行情,2025搜索随机1w,47,47,随机,300090,1.0
1,查询300开头股票代码与行情,2025搜索随机1w,47,47,随机,603003龙宇退市后还能申请重新申请上市吗,2.0
1,查询300开头股票代码与行情,2025搜索随机1w,47,47,随机,300265通光线缆股吧,67.0
43,支付方式使用与设置查询,2025搜索随机1w,161,160,流量最高,微信修改支付密码,18.0
43,支付方式使用与设置查询,2025搜索随机1w,161,160,流量最高,微信支付宝被冻结多久能解除,13.0
43,支付方式使用与设置查询,2025搜索随机1w,161,160,流量最高,云闪付是啥,8.0
43,支付方式使用与设置查询,2025搜索随机1w,161,160,随机,微信里在哪里设置指纹支付,1.0
43,支付方式使用与设置查询,2025搜索随机1w,161,160,随机,关于如何描述银行小面额支付,1.0
43,支付方式使用与设置查询,2025搜索随机1w,161,160,随机,咸鱼免密支付,1.0
66,金融行情数据查询,2025搜索随机1w,136,136,流量最高,徐开东牛散2025年最新持股,99.0
66,金融行情数据查询,2025搜索随机1w,136,136,流量最高,2025金价会下跌400一克吗,68.0
66,金融行情数据查询,2025搜索随机1w,136,136,流量最高,航发控制2025目标价是多少,5.0
66,金融行情数据查询,2025搜索随机1w,136,136,随机,长江电力25年分红情况,2.0
66,金融行情数据查询,2025搜索随机1w,136,136,随机,宁夏同心津汇村镇银行2024年总资产,1.0
66,金融行情数据查询,2025搜索随机1w,136,136,随机,云南白药2025年中报预披露时间,1.0
0,股票代码查询,2025搜索随机1w,92,92,流量最高,600990,357.0
0,股票代码查询,2025搜索随机1w,92,92,流量最高,600016股票行情,177.0
0,股票代码查询,2025搜索随机1w,92,92,流量最高,600859,150.0
0,股票代码查询,2025搜索随机1w,92,92,随机,600051宁波联合,13.0
0,股票代码查询,2025搜索随机1w,92,92,随机,603991至正股票行情,1.0
0,股票代码查询,2025搜索随机1w,92,92,随机,002201九鼎新材东方财富股吧,1.0
55,银行客服电话查询,2025搜索随机1w,110,94,流量最高,银行最怕什么投诉电话,25.0
55,银行客服电话查询,2025搜索随机1w,110,94,流量最高,无锡银行电话人工服务24小时,10.0
55,银行客服电话查询,2025搜索随机1w,110,94,流量最高,众安保险人工客服电话9551,7.0
55,银行客服电话查询,2025搜索随机1w,110,94,随机,阳春春湾农商银行客服电话是多少,2.0
55,银行客服电话查询,2025搜索随机1w,110,94,随机,农行号码人工服务电话,3.0
55,银行客服电话查询,2025搜索随机1w,110,94,随机,四川农商联合银行电话,2.0
35,货币兑换金额换算查询,2025搜索随机1w,331,331,流量最高,日元15000等于多少人民币,23.0
35,货币兑换金额换算查询,2025搜索随机1w,331,331,流量最高,1500万日元等于多少人民币?,21.0
35,货币兑换金额换算查询,2025搜索随机1w,331,331,流量最高,5000万韩元是多少人民币?,19.0
35,货币兑换金额换算查询,2025搜索随机1w,331,331,随机,208600韩元等于多少人民币,1.0
35,货币兑换金额换算查询,2025搜索随机1w,331,331,随机,6114200韩元是多少,1.0
35,货币兑换金额换算查询,2025搜索随机1w,331,331,随机,人民币换成美怎么样存美元定期,1.0
12,金融业务操作与问题处理方法查询,2025搜索随机1w,385,374,流量最高,银行交易明细怎么删除,36.0
12,金融业务操作与问题处理方法查询,2025搜索随机1w,385,374,流量最高,建行身份证过期手机怎么更新,21.0
12,金融业务操作与问题处理方法查询,2025搜索随机1w,385,374,流量最高,交通银行用卡无忧服务费怎么取消,13.0
12,金融业务操作与问题处理方法查询,2025搜索随机1w,385,374,随机,005827怎么赎回,1.0
12,金融业务操作与问题处理方法查询,2025搜索随机1w,385,374,随机,在手机上怎么查交行通知,1.0
12,金融业务操作与问题处理方法查询,2025搜索随机1w,385,374,随机,农商怎么更新身份证有效期,1.0
19,车险购买与理赔咨询,2025搜索随机1w,231,231,流量最高,工伤险包括哪些赔偿,37.0
19,车险购买与理赔咨询,2025搜索随机1w,231,231,流量最高,重疾保险有没有必要买,30.0
19,车险购买与理赔咨询,2025搜索随机1w,231,231,流量最高,安盛天平车险怎么样,15.0
19,车险购买与理赔咨询,2025搜索随机1w,231,231,随机,汽车退保不退车船税吗,1.0
19,车险购买与理赔咨询,2025搜索随机1w,231,231,随机,刮蹭了别人的车走保险后怎么处理,1.0
19,车险购买与理赔咨询,2025搜索随机1w,231,231,随机,箱货车保险怎么买,2.0
58,查询黄金价格,2025搜索随机1w,60,60,流量最高,黄金价格最新消息,164.0
58,查询黄金价格,2025搜索随机1w,60,60,流量最高,黄金9.1网入口免费下载,103.0
58,查询黄金价格,2025搜索随机1w,60,60,流量最高,黄金今日最新价多少钱一克,84.0
58,查询黄金价格,2025搜索随机1w,60,60,随机,黄金价格今天最新行情查询白金,1.0
58,查询黄金价格,2025搜索随机1w,60,60,随机,黄金价格2025年走势,6.0
58,查询黄金价格,2025搜索随机1w,60,60,随机,"有色金属行业,黄金戴维斯双击,库存周期继续上行",2.0
67,贷款月供计算,2025搜索随机1w,101,100,流量最高,贷款60万20年月供多少,14.0
67,贷款月供计算,2025搜索随机1w,101,100,流量最高,房贷20年还是30年划算,4.0
67,贷款月供计算,2025搜索随机1w,101,100,流量最高,30万放余额宝一年收益多少,4.0
67,贷款月供计算,2025搜索随机1w,101,100,随机,公积金双边1600能货款多少,1.0
67,贷款月供计算,2025搜索随机1w,101,100,随机,贷款10万10还清每月还多少,2.0
67,贷款月供计算,2025搜索随机1w,101,100,随机,50万三年先息后本每个月还多少,1.0
34,查询美元兑日元汇率,2025搜索随机1w,43,43,流量最高,美元离岸,94.0
34,查询美元兑日元汇率,2025搜索随机1w,43,43,流量最高,美刀,38.0
34,查询美元兑日元汇率,2025搜索随机1w,43,43,流量最高,美元 瑞典克朗 波段交易,25.0
34,查询美元兑日元汇率,2025搜索随机1w,43,43,随机,美元兑肯尼亚先令汇率,2.0
34,查询美元兑日元汇率,2025搜索随机1w,43,43,随机,欧元土耳其里拉,1.0
34,查询美元兑日元汇率,2025搜索随机1w,43,43,随机,1元折合多少日元,1.0
52,下载安装金融类App,2025搜索随机1w,139,134,流量最高,内蒙古银行app下载安装,21.0
52,下载安装金融类App,2025搜索随机1w,139,134,流量最高,imtoken官方app.官网.官方正版.cc,20.0
52,下载安装金融类App,2025搜索随机1w,139,134,流量最高,欧 易交易所苹果下载 iyjwupy.cn 欧 易交易所苹果下载app,19.0
52,下载安装金融类App,2025搜索随机1w,139,134,随机,炒股跟买app,2.0
52,下载安装金融类App,2025搜索随机1w,139,134,随机,哪个app可以看到股票收盘后热点排行,1.0
52,下载安装金融类App,2025搜索随机1w,139,134,随机,购宝钱包app下载,17.0
53,中国银行服务信息查询,2025搜索随机1w,150,145,流量最高,中国银行的利率,15.0
53,中国银行服务信息查询,2025搜索随机1w,150,145,流量最高,中国银行今日最新牌价表查询,14.0
53,中国银行服务信息查询,2025搜索随机1w,150,145,流量最高,中金路演中心,10.0
53,中国银行服务信息查询,2025搜索随机1w,150,145,随机,中国银行海口龙珠支行,1.0
53,中国银行服务信息查询,2025搜索随机1w,150,145,随机,中国银行的股份中央汇金占多少,1.0
53,中国银行服务信息查询,2025搜索随机1w,150,145,随机,中国银行山西太原晋润国际支行曾用名,1.0
64,查询金融业务数值与代码,2025搜索随机1w,100,100,流量最高,银行利息现在是多少,46.0
64,查询金融业务数值与代码,2025搜索随机1w,100,100,流量最高,2022年12月lpr利率是多少,31.0
64,查询金融业务数值与代码,2025搜索随机1w,100,100,流量最高,4倍lpr利率是多少,26.0
64,查询金融业务数值与代码,2025搜索随机1w,100,100,随机,手机微信转账限额是多少,1.0
64,查询金融业务数值与代码,2025搜索随机1w,100,100,随机,等额贷款2.5实际利率是多少,1.0
64,查询金融业务数值与代码,2025搜索随机1w,100,100,随机,银行存贷比例最合理是多少,6.0
45,查询股份公司及股票信息,2025搜索随机1w,70,70,流量最高,应流股份,278.0
45,查询股份公司及股票信息,2025搜索随机1w,70,70,流量最高,福鞍股份,135.0
45,查询股份公司及股票信息,2025搜索随机1w,70,70,流量最高,松芝股份,102.0
45,查询股份公司及股票信息,2025搜索随机1w,70,70,随机,远东股份是生产什么的在什么方面技术特别突出,1.0
45,查询股份公司及股票信息,2025搜索随机1w,70,70,随机,福鞍股份,135.0
45,查询股份公司及股票信息,2025搜索随机1w,70,70,随机,友阿股份会即将暴涨吗,2.0
32,证券股票信息查询,2025搜索随机1w,102,101,流量最高,天冈证券股票,15.0
32,证券股票信息查询,2025搜索随机1w,102,101,流量最高,启牛赠送的证券账户,14.0
32,证券股票信息查询,2025搜索随机1w,102,101,流量最高,中信证券是干什么的,11.0
32,证券股票信息查询,2025搜索随机1w,102,101,随机,国舍证券可靠吗安全吗,1.0
32,证券股票信息查询,2025搜索随机1w,102,101,随机,四川成都华泰证券公司园工钟锋,1.0
32,证券股票信息查询,2025搜索随机1w,102,101,随机,万联证券手机版下载,1.0
17,查询保险公司信息,2025搜索随机1w,192,189,流量最高,天弘基金管理有限公司,174.0
17,查询保险公司信息,2025搜索随机1w,192,189,流量最高,amc资产管理公司,60.0
17,查询保险公司信息,2025搜索随机1w,192,189,流量最高,公司与行业_第一财经回放,44.0
17,查询保险公司信息,2025搜索随机1w,192,189,随机,私家车买哪一个保险公司的保险好一点,1.0
17,查询保险公司信息,2025搜索随机1w,192,189,随机,中国太平洋保险公司股权结构,1.0
17,查询保险公司信息,2025搜索随机1w,192,189,随机,用电脑炒股的基金公司,2.0
20,查询交强险保费、赔偿与投保规定,2025搜索随机1w,59,58,流量最高,交强险车险价格表,15.0
20,查询交强险保费、赔偿与投保规定,2025搜索随机1w,59,58,流量最高,交强保险具体都包括什么内容,5.0
20,查询交强险保费、赔偿与投保规定,2025搜索随机1w,59,58,流量最高,交强险保险公司可以拒保吗,4.0
20,查询交强险保费、赔偿与投保规定,2025搜索随机1w,59,58,随机,gmc交强险,1.0
20,查询交强险保费、赔偿与投保规定,2025搜索随机1w,59,58,随机,车辆意外险和交强险可以分开买吗,1.0
20,查询交强险保费、赔偿与投保规定,2025搜索随机1w,59,58,随机,摩托车交保险每年都要交吗,1.0
63,查询价格走势图,2025搜索随机1w,50,49,流量最高,a股走势,149.0
63,查询价格走势图,2025搜索随机1w,50,49,流量最高,国际实时金价走势,52.0
63,查询价格走势图,2025搜索随机1w,50,49,流量最高,中原内配走势,24.0
63,查询价格走势图,2025搜索随机1w,50,49,随机,利多星长期趋势跟踪,14.0
63,查询价格走势图,2025搜索随机1w,50,49,随机,中国建设银行纸黄金价格走势图,1.0
63,查询价格走势图,2025搜索随机1w,50,49,随机,天融信态势感知,1.0
62,查询金价,2025搜索随机1w,38,38,流量最高,伦敦金即时金价,168.0
62,查询金价,2025搜索随机1w,38,38,流量最高,今年金价,35.0
62,查询金价,2025搜索随机1w,38,38,流量最高,上海黄金今日金价,8.0
62,查询金价,2025搜索随机1w,38,38,随机,宁波金价今天什么价格,4.0
62,查询金价,2025搜索随机1w,38,38,随机,人投金,1.0
62,查询金价,2025搜索随机1w,38,38,随机,今日金价降了多少,1.0
22,查询科技股与科创板信息,2025搜索随机1w,69,69,流量最高,肇民科技,191.0
22,查询科技股与科创板信息,2025搜索随机1w,69,69,流量最高,光智科技 股票,23.0
22,查询科技股与科创板信息,2025搜索随机1w,69,69,流量最高,金鹰科技创新股票c,10.0
22,查询科技股与科创板信息,2025搜索随机1w,69,69,随机,晶澳科技新浪网,6.0
22,查询科技股与科创板信息,2025搜索随机1w,69,69,随机,科创板和A股上市区别,1.0
22,查询科技股与科创板信息,2025搜索随机1w,69,69,随机,孚临科技上市,1.0
24,证券股吧查询,2025搜索随机1w,67,67,流量最高,中兵红箭(000519)股吧,644.0
24,证券股吧查询,2025搜索随机1w,67,67,流量最高,利亚德股吧,257.0
24,证券股吧查询,2025搜索随机1w,67,67,流量最高,松炀资源股吧,140.0
24,证券股吧查询,2025搜索随机1w,67,67,随机,傲农生物吧(603363)股吧,5.0
24,证券股吧查询,2025搜索随机1w,67,67,随机,双一科技(300690)股,3.0
24,证券股吧查询,2025搜索随机1w,67,67,随机,天海防务股票股吧东方财富网,2.0
39,货币兑换查询,2025搜索随机1w,18,18,流量最高,智利比索兑换美金,16.0
39,货币兑换查询,2025搜索随机1w,18,18,流量最高,6200人民币兑换加币,2.0
39,货币兑换查询,2025搜索随机1w,18,18,流量最高,美兑港币,2.0
39,货币兑换查询,2025搜索随机1w,18,18,随机,智利比索兑换美金,16.0
39,货币兑换查询,2025搜索随机1w,18,18,随机,先令和美金兑换,1.0
39,货币兑换查询,2025搜索随机1w,18,18,随机,迪拜货币与人民币兑换汇率,1.0
46,查询股份股票及股吧信息,2025搜索随机1w,28,28,流量最高,洋河股份股吧,262.0
46,查询股份股票及股吧信息,2025搜索随机1w,28,28,流量最高,高澜股份股票,124.0
46,查询股份股票及股吧信息,2025搜索随机1w,28,28,流量最高,神马股份股票,113.0
46,查询股份股票及股吧信息,2025搜索随机1w,28,28,随机,中汽股份股票股吧,11.0
46,查询股份股票及股吧信息,2025搜索随机1w,28,28,随机,茅台股份股价,1.0
46,查询股份股票及股吧信息,2025搜索随机1w,28,28,随机,仙鹤股份股票,85.0
73,证券代码信息查询#73,2025搜索随机1w,11,10,流量最高,000885,52.0
73,证券代码信息查询#73,2025搜索随机1w,11,10,流量最高,银华高端制造000823今天估值,4.0
73,证券代码信息查询#73,2025搜索随机1w,11,10,流量最高,000831腾讯 - 百度,3.0
73,证券代码信息查询#73,2025搜索随机1w,11,10,随机,000885,52.0
73,证券代码信息查询#73,2025搜索随机1w,11,10,随机,000831腾讯 - 百度,3.0
73,证券代码信息查询#73,2025搜索随机1w,11,10,随机,大成蓝筹090003,2.0
2,证券代码信息查询#2,2025搜索随机1w,23,23,流量最高,688573,32.0
2,证券代码信息查询#2,2025搜索随机1w,23,23,流量最高,836807奔朗股吧,29.0
2,证券代码信息查询#2,2025搜索随机1w,23,23,流量最高,688321东方财富股吧,17.0
2,证券代码信息查询#2,2025搜索随机1w,23,23,随机,688125,8.0
2,证券代码信息查询#2,2025搜索随机1w,23,23,随机,688638股价,5.0
2,证券代码信息查询#2,2025搜索随机1w,23,23,随机,836807奔朗股吧,29.0
70,查询定期存款利率,2025搜索随机1w,128,128,流量最高,银行取款5万元以上的规定,41.0
70,查询定期存款利率,2025搜索随机1w,128,128,流量最高,现在哪个银行的定期存款利率高,13.0
70,查询定期存款利率,2025搜索随机1w,128,128,流量最高,整存整取有风险吗,7.0
70,查询定期存款利率,2025搜索随机1w,128,128,随机,在手机银行里看到的我的资产里面是不是包括存钱的啊定期活期和利息都在里面,1.0
70,查询定期存款利率,2025搜索随机1w,128,128,随机,"定期存款一年到期过几天,银行说是自动转存",1.0
70,查询定期存款利率,2025搜索随机1w,128,128,随机,四川农商行定期存款利率,1.0
21,保险公司电话查询,2025搜索随机1w,71,65,流量最高,阳光保险电话车险电话24小时电话,70.0
21,保险公司电话查询,2025搜索随机1w,71,65,流量最高,华安报案电话多少,11.0
21,保险公司电话查询,2025搜索随机1w,71,65,流量最高,太平洋保险公司客服电话24小时人工服务,11.0
21,保险公司电话查询,2025搜索随机1w,71,65,随机,阳泉中国平安,2.0
21,保险公司电话查询,2025搜索随机1w,71,65,随机,阳光保险电话车险电话24小时电话,70.0
21,保险公司电话查询,2025搜索随机1w,71,65,随机,安生安心,1.0
59,实时行情查询,2025搜索随机1w,31,31,流量最高,工行纸白银实时行情走势图,163.0
59,实时行情查询,2025搜索随机1w,31,31,流量最高,焦煤期货实时行情,54.0
59,实时行情查询,2025搜索随机1w,31,31,流量最高,烧碱期货价格实时行情走势图,23.0
59,实时行情查询,2025搜索随机1w,31,31,随机,伦锌期货实时行情今日行情走势,2.0
59,实时行情查询,2025搜索随机1w,31,31,随机,工行纸白银实时行情走势图,163.0
59,实时行情查询,2025搜索随机1w,31,31,随机,唯品会股票价格实时行情,7.0
3,查询电话号码归属,2025搜索随机1w,35,32,流量最高,95588主动来电一般都是什么原因,330.0
3,查询电话号码归属,2025搜索随机1w,35,32,流量最高,9394,42.0
3,查询电话号码归属,2025搜索随机1w,35,32,流量最高,9527088是什么号码,20.0
3,查询电话号码归属,2025搜索随机1w,35,32,随机,62276555开头是什么银行卡,1.0
3,查询电话号码归属,2025搜索随机1w,35,32,随机,9950ai补号价格,1.0
3,查询电话号码归属,2025搜索随机1w,35,32,随机,954402是什么电话,1.0
29,蚂蚁庄园今日答案查询,2025搜索随机1w,25,25,流量最高,蚂蚁庄园的正确答案,1103.0
29,蚂蚁庄园今日答案查询,2025搜索随机1w,25,25,流量最高,蚂蚁庄园答案每日更新,1049.0
29,蚂蚁庄园今日答案查询,2025搜索随机1w,25,25,流量最高,蚂蚁庄园题目答案,115.0
29,蚂蚁庄园今日答案查询,2025搜索随机1w,25,25,随机,蚂蚁庄园6月21日答案,1.0
29,蚂蚁庄园今日答案查询,2025搜索随机1w,25,25,随机,借呗答题答案,1.0
29,蚂蚁庄园今日答案查询,2025搜索随机1w,25,25,随机,"今日,蚂蚁庄园答案",5.0
26,查询个股股票行情与股吧讨论,2025搜索随机1w,24,24,流量最高,紫江企业股票,448.0
26,查询个股股票行情与股吧讨论,2025搜索随机1w,24,24,流量最高,西藏药业股票,327.0
26,查询个股股票行情与股吧讨论,2025搜索随机1w,24,24,流量最高,登海种业股票,154.0
26,查询个股股票行情与股吧讨论,2025搜索随机1w,24,24,随机,亚太药业最新消息今天,25.0
26,查询个股股票行情与股吧讨论,2025搜索随机1w,24,24,随机,京新药业股市,1.0
26,查询个股股票行情与股吧讨论,2025搜索随机1w,24,24,随机,神州种业股吧,3.0
62,查询金价,2026搜索,148,147,流量最高,今日金价,805760.0
62,查询金价,2026搜索,148,147,流量最高,金价,229093.0
62,查询金价,2026搜索,148,147,流量最高,国际金价,128656.0
62,查询金价,2026搜索,148,147,随机,今日金价大盘,2002.0
62,查询金价,2026搜索,148,147,随机,金价k线图,190.0
62,查询金价,2026搜索,148,147,随机,融通金金价,671.0
58,查询黄金价格,2026搜索,341,341,流量最高,黄金价格,370477.0
58,查询黄金价格,2026搜索,341,341,流量最高,金价今日多少一克,18275.0
58,查询黄金价格,2026搜索,341,341,流量最高,黄金大盘的价格,17230.0
58,查询黄金价格,2026搜索,341,341,随机,融通金黄金行情,600.0
58,查询黄金价格,2026搜索,341,341,随机,银价格今日多少一克,490.0
58,查询黄金价格,2026搜索,341,341,随机,黄金大盘价走向,270.0
28,股指行情查询,2026搜索,194,194,流量最高,上证指数,335317.0
28,股指行情查询,2026搜索,194,194,流量最高,大盘指数,56608.0
28,股指行情查询,2026搜索,194,194,流量最高,纳斯达克指数,38722.0
28,股指行情查询,2026搜索,194,194,随机,美国三大股票指数,2329.0
28,股指行情查询,2026搜索,194,194,随机,今日大盘指数沪深,207.0
28,股指行情查询,2026搜索,194,194,随机,纳指,1129.0
27,查询市场行情,2026搜索,246,246,流量最高,股市行情,94008.0
27,查询市场行情,2026搜索,246,246,流量最高,美股,65167.0
27,查询市场行情,2026搜索,246,246,流量最高,今日股市行情,62944.0
27,查询市场行情,2026搜索,246,246,随机,韩国股市最新行情,699.0
27,查询市场行情,2026搜索,246,246,随机,香港股市休市,370.0
27,查询市场行情,2026搜索,246,246,随机,股票行情,20994.0
31,查询财经门户与市场行情,2026搜索,364,364,流量最高,东方财富网,78254.0
31,查询财经门户与市场行情,2026搜索,364,364,流量最高,新浪财经,36840.0
31,查询财经门户与市场行情,2026搜索,364,364,流量最高,东方财富网首页,28158.0
31,查询财经门户与市场行情,2026搜索,364,364,随机,瑞泰新材,319.0
31,查询财经门户与市场行情,2026搜索,364,364,随机,东方财富首页网,3988.0
31,查询财经门户与市场行情,2026搜索,364,364,随机,长江金属网有色金属网,354.0
25,查询股票信息,2026搜索,2258,2258,流量最高,英伟达股票,68806.0
25,查询股票信息,2026搜索,2258,2258,流量最高,京东方a股票,54162.0
25,查询股票信息,2026搜索,2258,2258,流量最高,闪迪股票,47994.0
25,查询股票信息,2026搜索,2258,2258,随机,思摩尔国际股票,207.0
25,查询股票信息,2026搜索,2258,2258,随机,吉比特股票,477.0
25,查询股票信息,2026搜索,2258,2258,随机,华微电子股票,1360.0
23,科技类股票信息查询,2026搜索,329,329,流量最高,美光科技股票,52884.0
23,科技类股票信息查询,2026搜索,329,329,流量最高,长电科技股票,31848.0
23,科技类股票信息查询,2026搜索,329,329,流量最高,中天科技股票,26716.0
23,科技类股票信息查询,2026搜索,329,329,随机,奋达科技股票,647.0
23,科技类股票信息查询,2026搜索,329,329,随机,壁仞科技股票,265.0
23,科技类股票信息查询,2026搜索,329,329,随机,华宏科技股份,190.0
60,市场价格行情查询,2026搜索,145,143,流量最高,白银价格,37671.0
60,市场价格行情查询,2026搜索,145,143,流量最高,今日银价,34075.0
60,市场价格行情查询,2026搜索,145,143,流量最高,银价,10084.0
60,市场价格行情查询,2026搜索,145,143,随机,btc价格,175.0
60,市场价格行情查询,2026搜索,145,143,随机,以太坊价格,226.0
60,市场价格行情查询,2026搜索,145,143,随机,狗狗币今日最新,169.0
33,查询人民币兑外币汇率,2026搜索,375,375,流量最高,日元对人民币汇率,37662.0
33,查询人民币兑外币汇率,2026搜索,375,375,流量最高,美元兑人民币汇率,30699.0
33,查询人民币兑外币汇率,2026搜索,375,375,流量最高,美元汇率,23163.0
33,查询人民币兑外币汇率,2026搜索,375,375,随机,美金人民币汇率,305.0
33,查询人民币兑外币汇率,2026搜索,375,375,随机,卢布汇率人民币,5168.0
33,查询人民币兑外币汇率,2026搜索,375,375,随机,日元和人民币汇率,212.0
30,股票行情与选股建议查询,2026搜索,232,231,流量最高,a股,32328.0
30,股票行情与选股建议查询,2026搜索,232,231,流量最高,A股,11202.0
30,股票行情与选股建议查询,2026搜索,232,231,流量最高,长鑫存储股票上市时间,5666.0
30,股票行情与选股建议查询,2026搜索,232,231,随机,集合竞价挂单成交规则,344.0
30,股票行情与选股建议查询,2026搜索,232,231,随机,谷歌股价,705.0
30,股票行情与选股建议查询,2026搜索,232,231,随机,医药股龙头股票一览表,332.0
59,实时行情查询,2026搜索,243,242,流量最高,美股实时行情,30976.0
59,实时行情查询,2026搜索,243,242,流量最高,韩国股市实时行情,13254.0
59,实时行情查询,2026搜索,243,242,流量最高,美国股市今日实时行情,8978.0
59,实时行情查询,2026搜索,243,242,随机,伦镍期货实时行情走势,315.0
59,实时行情查询,2026搜索,243,242,随机,英伟达实时股价,254.0
59,实时行情查询,2026搜索,243,242,随机,国际金价实时行情今日报价,456.0
63,查询价格走势图,2026搜索,169,169,流量最高,黄金价格走势图,21649.0
63,查询价格走势图,2026搜索,169,169,流量最高,黄金走势,6418.0
63,查询价格走势图,2026搜索,169,169,流量最高,黄金走势图 实时行情,4316.0
63,查询价格走势图,2026搜索,169,169,随机,金价走势K线图,523.0
63,查询价格走势图,2026搜索,169,169,随机,国际黄金K线图走势,255.0
63,查询价格走势图,2026搜索,169,169,随机,24小时黄金走势图k线图,220.0
22,查询科技股与科创板信息,2026搜索,73,73,流量最高,科创50,18582.0
22,查询科技股与科创板信息,2026搜索,73,73,流量最高,天娱数科股票,6552.0
22,查询科技股与科创板信息,2026搜索,73,73,流量最高,华天科技 股票,5287.0
22,查询科技股与科创板信息,2026搜索,73,73,随机,龙芯中科股票,734.0
22,查询科技股与科创板信息,2026搜索,73,73,随机,长鑫科技什么时候上市,2265.0
22,查询科技股与科创板信息,2026搜索,73,73,随机,开通科创板股票需要什么条件,223.0
26,查询个股股票行情与股吧讨论,2026搜索,190,190,流量最高,紫金矿业股票,18453.0
26,查询个股股票行情与股吧讨论,2026搜索,190,190,流量最高,太极实业股票,15102.0
26,查询个股股票行情与股吧讨论,2026搜索,190,190,流量最高,洛阳钼业股票,10838.0
26,查询个股股票行情与股吧讨论,2026搜索,190,190,随机,祥龙电业股票,188.0
26,查询个股股票行情与股吧讨论,2026搜索,190,190,随机,西藏药业股票,297.0
26,查询个股股票行情与股吧讨论,2026搜索,190,190,随机,景兴纸业股吧,161.0
6,查询股票代码与指数信息,2026搜索,163,163,流量最高,纳斯达克100,18149.0
6,查询股票代码与指数信息,2026搜索,163,163,流量最高,000725,7234.0
6,查询股票代码与指数信息,2026搜索,163,163,流量最高,000001,6021.0
6,查询股票代码与指数信息,2026搜索,163,163,随机,000069,218.0
6,查询股票代码与指数信息,2026搜索,163,163,随机,000636风华高科股吧,252.0
6,查询股票代码与指数信息,2026搜索,163,163,随机,000564,446.0
34,查询美元兑日元汇率,2026搜索,64,63,流量最高,美元兑日元,15824.0
34,查询美元兑日元汇率,2026搜索,64,63,流量最高,日元,11112.0
34,查询美元兑日元汇率,2026搜索,64,63,流量最高,美元,9480.0
34,查询美元兑日元汇率,2026搜索,64,63,随机,美元对日元的兑换,346.0
34,查询美元兑日元汇率,2026搜索,64,63,随机,美元兑日元k线图,608.0
34,查询美元兑日元汇率,2026搜索,64,63,随机,美元兑换韩元,159.0
35,货币兑换金额换算查询,2026搜索,163,163,流量最高,汇率换算,14501.0
35,货币兑换金额换算查询,2026搜索,163,163,流量最高,美元人民币换汇,7298.0
35,货币兑换金额换算查询,2026搜索,163,163,流量最高,1欧元等于多少人民币,3272.0
35,货币兑换金额换算查询,2026搜索,163,163,随机,一日元等于多少人民币,214.0
35,货币兑换金额换算查询,2026搜索,163,163,随机,1000欧元等于多少人民币,242.0
35,货币兑换金额换算查询,2026搜索,163,163,随机,欧元换算人民币,394.0
29,蚂蚁庄园今日答案查询,2026搜索,53,53,流量最高,蚂蚁庄园今日答案,12164.0
29,蚂蚁庄园今日答案查询,2026搜索,53,53,流量最高,荞麦枕蚂蚁庄园,8930.0
29,蚂蚁庄园今日答案查询,2026搜索,53,53,流量最高,蚂蚁庄园今天的答案最新,4121.0
29,蚂蚁庄园今日答案查询,2026搜索,53,53,随机,今日蚂蚁庄园答案,601.0
29,蚂蚁庄园今日答案查询,2026搜索,53,53,随机,小鸡宝宝考考你蚂蚁庄园今日答案,496.0
29,蚂蚁庄园今日答案查询,2026搜索,53,53,随机,蚂蚁庄园的今天正确答题,381.0
36,人民币及货币信息查询,2026搜索,52,52,流量最高,比特币,12149.0
36,人民币及货币信息查询,2026搜索,52,52,流量最高,比特币行情,4451.0
36,人民币及货币信息查询,2026搜索,52,52,流量最高,离岸人民币,2813.0
36,人民币及货币信息查询,2026搜索,52,52,随机,数字人民币,542.0
36,人民币及货币信息查询,2026搜索,52,52,随机,1美元=人民币最新,507.0
36,人民币及货币信息查询,2026搜索,52,52,随机,日元人民币,395.0
39,货币兑换查询,2026搜索,86,86,流量最高,人民币兑美元,11870.0
39,货币兑换查询,2026搜索,86,86,流量最高,人民币兑日元,7563.0
39,货币兑换查询,2026搜索,86,86,流量最高,日元人民币的兑换,2179.0
39,货币兑换查询,2026搜索,86,86,随机,人民币兑换卢布多少钱,304.0
39,货币兑换查询,2026搜索,86,86,随机,美币与人民币兑换,784.0
39,货币兑换查询,2026搜索,86,86,随机,人民币兑印尼盾,591.0
32,证券股票信息查询,2026搜索,122,122,流量最高,中信证券,10254.0
32,证券股票信息查询,2026搜索,122,122,流量最高,中信证券股票,6267.0
32,证券股票信息查询,2026搜索,122,122,流量最高,长江证券,4483.0
32,证券股票信息查询,2026搜索,122,122,随机,国盛证券股吧,170.0
32,证券股票信息查询,2026搜索,122,122,随机,中信建投证券,301.0
32,证券股票信息查询,2026搜索,122,122,随机,华安证券 股票,274.0
45,查询股份公司及股票信息,2026搜索,282,282,流量最高,包钢股份,10117.0
45,查询股份公司及股票信息,2026搜索,282,282,流量最高,沪电股份,8155.0
45,查询股份公司及股票信息,2026搜索,282,282,流量最高,牧原股份,6351.0
45,查询股份公司及股票信息,2026搜索,282,282,随机,领先股份,193.0
45,查询股份公司及股票信息,2026搜索,282,282,随机,天娱数科股份,200.0
45,查询股份公司及股票信息,2026搜索,282,282,随机,牧原股份最新消息今天,235.0
49,银行信息查询,2026搜索,106,106,流量最高,工商银行客户电话,9087.0
49,银行信息查询,2026搜索,106,106,流量最高,招商银行股票,5035.0
49,银行信息查询,2026搜索,106,106,流量最高,工商银行,4760.0
49,银行信息查询,2026搜索,106,106,随机,浙商银行,729.0
49,银行信息查询,2026搜索,106,106,随机,郑州银行股票,356.0
49,银行信息查询,2026搜索,106,106,随机,中原银行,222.0
47,查询办理信用卡业务,2026搜索,29,29,流量最高,国家企业信息信用信息系统,8127.0
47,查询办理信用卡业务,2026搜索,29,29,流量最高,中信银行信用卡中心电话,6015.0
47,查询办理信用卡业务,2026搜索,29,29,流量最高,广发银行信用卡电话,3783.0
47,查询办理信用卡业务,2026搜索,29,29,随机,光大银行信用卡电话,389.0
47,查询办理信用卡业务,2026搜索,29,29,随机,招商信用卡人工24小时服务,1263.0
47,查询办理信用卡业务,2026搜索,29,29,随机,平安银行信用卡人工24服务热线,2472.0
46,查询股份股票及股吧信息,2026搜索,319,319,流量最高,彩虹股份股票,8015.0
46,查询股份股票及股吧信息,2026搜索,319,319,流量最高,沪电股份股票,7025.0
46,查询股份股票及股吧信息,2026搜索,319,319,流量最高,牧原股份股票,5295.0
46,查询股份股票及股吧信息,2026搜索,319,319,随机,健友股份股票,161.0
46,查询股份股票及股吧信息,2026搜索,319,319,随机,台基股份股票,189.0
46,查询股份股票及股吧信息,2026搜索,319,319,随机,彩虹股份股吧,1212.0
50,农业银行及农村信用社服务信息查询,2026搜索,21,20,流量最高,农业银行股票,6525.0
50,农业银行及农村信用社服务信息查询,2026搜索,21,20,流量最高,农业银行客服95599,3555.0
50,农业银行及农村信用社服务信息查询,2026搜索,21,20,流量最高,农业银行,2765.0
50,农业银行及农村信用社服务信息查询,2026搜索,21,20,随机,福建农信,183.0
50,农业银行及农村信用社服务信息查询,2026搜索,21,20,随机,农行,206.0
50,农业银行及农村信用社服务信息查询,2026搜索,21,20,随机,中国农业银行电话,165.0
1,查询300开头股票代码与行情,2026搜索,242,242,流量最高,沪深300,6413.0
1,查询300开头股票代码与行情,2026搜索,242,242,流量最高,300059,1722.0
1,查询300开头股票代码与行情,2026搜索,242,242,流量最高,300308,1667.0
1,查询300开头股票代码与行情,2026搜索,242,242,随机,300292,232.0
1,查询300开头股票代码与行情,2026搜索,242,242,随机,300020,207.0
1,查询300开头股票代码与行情,2026搜索,242,242,随机,300065,277.0
8,查询贷款信息,2026搜索,29,29,流量最高,房贷计算器,6377.0
8,查询贷款信息,2026搜索,29,29,流量最高,贷款计算器,2648.0
8,查询贷款信息,2026搜索,29,29,流量最高,国家开发银行生源地助学贷款系统,1923.0
8,查询贷款信息,2026搜索,29,29,随机,网贷,308.0
8,查询贷款信息,2026搜索,29,29,随机,生源地助学贷款官网登录入口,581.0
8,查询贷款信息,2026搜索,29,29,随机,助学贷款官网登录入口,993.0
21,保险公司电话查询,2026搜索,43,40,流量最高,平安保险车险电话,6303.0
21,保险公司电话查询,2026搜索,43,40,流量最高,人保保险车险电话,4937.0
21,保险公司电话查询,2026搜索,43,40,流量最高,中国平安,3167.0
21,保险公司电话查询,2026搜索,43,40,随机,中国平安车险电话,175.0
21,保险公司电话查询,2026搜索,43,40,随机,人寿保险车险电话,1097.0
21,保险公司电话查询,2026搜索,43,40,随机,人保财险保险电话,241.0
17,查询保险公司信息,2026搜索,36,36,流量最高,中微公司股票,5600.0
17,查询保险公司信息,2026搜索,36,36,流量最高,中金公司,1097.0
17,查询保险公司信息,2026搜索,36,36,流量最高,平安保险公司,1016.0
17,查询保险公司信息,2026搜索,36,36,随机,中金公司股票,715.0
17,查询保险公司信息,2026搜索,36,36,随机,氢氟酸上市公司龙头,168.0
17,查询保险公司信息,2026搜索,36,36,随机,太平保险公司,731.0
24,证券股吧查询,2026搜索,1083,1083,流量最高,京东方a股吧,5530.0
24,证券股吧查询,2026搜索,1083,1083,流量最高,阳光电源股吧,4416.0
24,证券股吧查询,2026搜索,1083,1083,流量最高,tcl科技股吧,4146.0
24,证券股吧查询,2026搜索,1083,1083,随机,冰轮环境股吧,200.0
24,证券股吧查询,2026搜索,1083,1083,随机,川金诺(300505)股吧,288.0
24,证券股吧查询,2026搜索,1083,1083,随机,省广集团(002400)股吧,184.0
44,支付宝相关操作查询,2026搜索,35,34,流量最高,支付宝下载安装,5317.0
44,支付宝相关操作查询,2026搜索,35,34,流量最高,支付宝,5287.0
44,支付宝相关操作查询,2026搜索,35,34,流量最高,支付宝客服人工电话,2091.0
44,支付宝相关操作查询,2026搜索,35,34,随机,微信换支付宝,459.0
44,支付宝相关操作查询,2026搜索,35,34,随机,支付宝提现手续费多少,233.0
44,支付宝相关操作查询,2026搜索,35,34,随机,支付宝自动续费怎么关闭,658.0
55,银行客服电话查询,2026搜索,129,126,流量最高,建行客服电话,5062.0
55,银行客服电话查询,2026搜索,129,126,流量最高,交通银行信用卡客服电话,4507.0
55,银行客服电话查询,2026搜索,129,126,流量最高,招商银行客服电话,4139.0
55,银行客服电话查询,2026搜索,129,126,随机,工商银行的客服电话,503.0
55,银行客服电话查询,2026搜索,129,126,随机,交通银行客服电话,211.0
55,银行客服电话查询,2026搜索,129,126,随机,招商银行24小时人工电话,300.0
72,金融代码查询,2026搜索,76,76,流量最高,001399,5022.0
72,金融代码查询,2026搜索,76,76,流量最高,001248,1763.0
72,金融代码查询,2026搜索,76,76,流量最高,001399惠科股份,1084.0
72,金融代码查询,2026搜索,76,76,随机,001270,281.0
72,金融代码查询,2026搜索,76,76,随机,001248华润新能源吧,717.0
72,金融代码查询,2026搜索,76,76,随机,017811,280.0
53,中国银行服务信息查询,2026搜索,35,35,流量最高,中国银行,4564.0
53,中国银行服务信息查询,2026搜索,35,35,流量最高,中国银行股票,3995.0
53,中国银行服务信息查询,2026搜索,35,35,流量最高,中国能建,3623.0
53,中国银行服务信息查询,2026搜索,35,35,随机,中国银行客服95566,1787.0
53,中国银行服务信息查询,2026搜索,35,35,随机,中国银行是国企还是央企,192.0
53,中国银行服务信息查询,2026搜索,35,35,随机,信用中国官网查询,1858.0
14,个人征信报告查询与影响咨询,2026搜索,27,27,流量最高,怎么查个人征信,4415.0
14,个人征信报告查询与影响咨询,2026搜索,27,27,流量最高,中国人民银行征信查询官网入口,1378.0
14,个人征信报告查询与影响咨询,2026搜索,27,27,流量最高,征信查询个人信用报告,988.0
14,个人征信报告查询与影响咨询,2026搜索,27,27,随机,中国人民银行征信中心,912.0
14,个人征信报告查询与影响咨询,2026搜索,27,27,随机,怎么查征信个人征信,422.0
14,个人征信报告查询与影响咨询,2026搜索,27,27,随机,征信中心官网查询,256.0
54,建设银行网点与服务查询,2026搜索,16,16,流量最高,建设银行电话95533,3775.0
54,建设银行网点与服务查询,2026搜索,16,16,流量最高,建设银行,2442.0
54,建设银行网点与服务查询,2026搜索,16,16,流量最高,建设银行股票,2292.0
54,建设银行网点与服务查询,2026搜索,16,16,随机,城建发展,179.0
54,建设银行网点与服务查询,2026搜索,16,16,随机,宏润建设股票,170.0
54,建设银行网点与服务查询,2026搜索,16,16,随机,建设银行电话,521.0
13,花呗操作查询,2026搜索,22,22,流量最高,同花顺股票,2932.0
13,花呗操作查询,2026搜索,22,22,流量最高,同花顺,2852.0
13,花呗操作查询,2026搜索,22,22,流量最高,花呗怎么关闭不再使用,1069.0
13,花呗操作查询,2026搜索,22,22,随机,宜享花,594.0
13,花呗操作查询,2026搜索,22,22,随机,易享花,554.0
13,花呗操作查询,2026搜索,22,22,随机,怎么关闭花呗,405.0
0,股票代码查询,2026搜索,726,726,流量最高,002281,2907.0
0,股票代码查询,2026搜索,726,726,流量最高,600010,2433.0
0,股票代码查询,2026搜索,726,726,流量最高,002185,2375.0
0,股票代码查询,2026搜索,726,726,随机,002340,419.0
0,股票代码查询,2026搜索,726,726,随机,002520,210.0
0,股票代码查询,2026搜索,726,726,随机,彩虹股票600707,279.0
52,下载安装金融类App,2026搜索,77,77,流量最高,云闪付app官方下载,2898.0
52,下载安装金融类App,2026搜索,77,77,流量最高,农业银行app官网下载,1341.0
52,下载安装金融类App,2026搜索,77,77,流量最高,工商银行手机银行app下载,1073.0
52,下载安装金融类App,2026搜索,77,77,随机,手机银行app下载,367.0
52,下载安装金融类App,2026搜索,77,77,随机,交通银行app下载官网,311.0
52,下载安装金融类App,2026搜索,77,77,随机,欧 易交易所app官网,196.0
15,查询借款平台正规性,2026搜索,37,35,流量最高,平潭发展,2813.0
15,查询借款平台正规性,2026搜索,37,35,流量最高,易宝支付是什么平台,2321.0
15,查询借款平台正规性,2026搜索,37,35,流量最高,财付通支付属于哪个平台,908.0
15,查询借款平台正规性,2026搜索,37,35,随机,宝付是什么平台扣款,545.0
15,查询借款平台正规性,2026搜索,37,35,随机,普惠快信是哪个网贷平台,177.0
15,查询借款平台正规性,2026搜索,37,35,随机,度小满金融正规合法吗,706.0
3,查询电话号码归属,2026搜索,106,94,流量最高,95588是什么银行电话,2407.0
3,查询电话号码归属,2026搜索,106,94,流量最高,95588,2405.0
3,查询电话号码归属,2026搜索,106,94,流量最高,95566,1996.0
3,查询电话号码归属,2026搜索,106,94,随机,95701是什么电话,522.0
3,查询电话号码归属,2026搜索,106,94,随机,95566是什么电话,439.0
3,查询电话号码归属,2026搜索,106,94,随机,9540378是什么电话,194.0
16,查询人寿保险相关业务信息,2026搜索,17,17,流量最高,中国人寿保险电话,2385.0
16,查询人寿保险相关业务信息,2026搜索,17,17,流量最高,中国人寿股票,2106.0
16,查询人寿保险相关业务信息,2026搜索,17,17,流量最高,中国人寿,1189.0
16,查询人寿保险相关业务信息,2026搜索,17,17,随机,人寿保险股票,178.0
16,查询人寿保险相关业务信息,2026搜索,17,17,随机,中国人寿保险查询保单,180.0
16,查询人寿保险相关业务信息,2026搜索,17,17,随机,人寿保险24小时人工服务,482.0
43,支付方式使用与设置查询,2026搜索,14,14,流量最高,云闪付,2176.0
43,支付方式使用与设置查询,2026搜索,14,14,流量最高,云闪付官方免费下载,420.0
43,支付方式使用与设置查询,2026搜索,14,14,流量最高,翼支付,324.0
43,支付方式使用与设置查询,2026搜索,14,14,随机,微信分付怎么用钱提现出来,167.0
43,支付方式使用与设置查询,2026搜索,14,14,随机,云闪付是干什么的怎么用,176.0
43,支付方式使用与设置查询,2026搜索,14,14,随机,云支付,286.0
66,金融行情数据查询,2026搜索,10,10,流量最高,日经225,1743.0
66,金融行情数据查询,2026搜索,10,10,流量最高,豪26发债上市时间,588.0
66,金融行情数据查询,2026搜索,10,10,流量最高,银行存款利息2026,412.0
66,金融行情数据查询,2026搜索,10,10,随机,2026年7月1日黄金价格,269.0
66,金融行情数据查询,2026搜索,10,10,随机,黄金还会涨吗2026年,167.0
66,金融行情数据查询,2026搜索,10,10,随机,港股休市时间2026,330.0
73,证券代码信息查询#73,2026搜索,62,62,流量最高,000938,1645.0
73,证券代码信息查询#73,2026搜索,62,62,流量最高,000988,1606.0
73,证券代码信息查询#73,2026搜索,62,62,流量最高,紫光股票000938,1441.0
73,证券代码信息查询#73,2026搜索,62,62,随机,000987,253.0
73,证券代码信息查询#73,2026搜索,62,62,随机,000875,352.0
73,证券代码信息查询#73,2026搜索,62,62,随机,000801,200.0
9,贷款提前还款查询,2026搜索,8,8,流量最高,京东白条能提前还吗,1591.0
9,贷款提前还款查询,2026搜索,8,8,流量最高,桔多多还款还不进去怎么办,485.0
9,贷款提前还款查询,2026搜索,8,8,流量最高,宜口袋还款还不了怎么回事,367.0
9,贷款提前还款查询,2026搜索,8,8,随机,橙心贷还款还不进去怎么办,341.0
9,贷款提前还款查询,2026搜索,8,8,随机,提前还款计算器,163.0
9,贷款提前还款查询,2026搜索,8,8,随机,京东白条怎么还款,171.0
7,基金净值查询,2026搜索,84,84,流量最高,天天基金网官网,1585.0
7,基金净值查询,2026搜索,84,84,流量最高,天天基金网,847.0
7,基金净值查询,2026搜索,84,84,流量最高,481001基金今天净值查询,672.0
7,基金净值查询,2026搜索,84,84,随机,易方达基金,175.0
7,基金净值查询,2026搜索,84,84,随机,富国天博基金519035今日净值,222.0
7,基金净值查询,2026搜索,84,84,随机,000021华夏优势增长基金净值,182.0
18,查询保险相关业务,2026搜索,30,30,流量最高,新华保险股票,1441.0
18,查询保险相关业务,2026搜索,30,30,流量最高,新华保险,1316.0
18,查询保险相关业务,2026搜索,30,30,流量最高,众惠财产相互保险社,790.0
18,查询保险相关业务,2026搜索,30,30,随机,人保保险车险,413.0
18,查询保险相关业务,2026搜索,30,30,随机,众安保险,307.0
18,查询保险相关业务,2026搜索,30,30,随机,新华保险 股票,611.0
11,查询金融术语含义,2026搜索,67,67,流量最高,股票xd开头什么意思,1392.0
11,查询金融术语含义,2026搜索,67,67,流量最高,市盈率什么意思,922.0
11,查询金融术语含义,2026搜索,67,67,流量最高,老登股指的是什么股票,906.0
11,查询金融术语含义,2026搜索,67,67,随机,缩量上涨意味着什么意思,317.0
11,查询金融术语含义,2026搜索,67,67,随机,借壳上市是什么意思?,770.0
11,查询金融术语含义,2026搜索,67,67,随机,外盘和内盘分别代表什么,203.0
20,查询交强险保费、赔偿与投保规定,2026搜索,6,6,流量最高,交强险赔偿范围和金额多少,1365.0
20,查询交强险保费、赔偿与投保规定,2026搜索,6,6,流量最高,交强险收费标准,502.0
20,查询交强险保费、赔偿与投保规定,2026搜索,6,6,流量最高,交强险,316.0
20,查询交强险保费、赔偿与投保规定,2026搜索,6,6,随机,交强险在线办理,176.0
20,查询交强险保费、赔偿与投保规定,2026搜索,6,6,随机,摩托车交强险怎么网上买,244.0
20,查询交强险保费、赔偿与投保规定,2026搜索,6,6,随机,交强险多少钱一年,245.0
65,计算存贷款利息,2026搜索,21,21,流量最高,等额本息和等额本金的区别在哪,1140.0
65,计算存贷款利息,2026搜索,21,21,流量最高,利息计算公式计算器,680.0
65,计算存贷款利息,2026搜索,21,21,流量最高,神州信息,423.0
65,计算存贷款利息,2026搜索,21,21,随机,一个亿存银行一年多少利息,194.0
65,计算存贷款利息,2026搜索,21,21,随机,铜牛信息,226.0
65,计算存贷款利息,2026搜索,21,21,随机,银行利息10万一年多少钱,170.0
48,银行卡业务查询与办理指导,2026搜索,24,24,流量最高,我爱卡,1108.0
48,银行卡业务查询与办理指导,2026搜索,24,24,流量最高,借记卡和储蓄卡区别,888.0
48,银行卡业务查询与办理指导,2026搜索,24,24,流量最高,银行卡被冻结了怎么办最快解冻,740.0
48,银行卡业务查询与办理指导,2026搜索,24,24,随机,办银行卡需要准备什么,435.0
48,银行卡业务查询与办理指导,2026搜索,24,24,随机,零钱通里的钱怎么转到银行卡,331.0
48,银行卡业务查询与办理指导,2026搜索,24,24,随机,身份证到期银行卡需要到银行更新吗,363.0
2,证券代码信息查询#2,2026搜索,48,48,流量最高,10108880,971.0
2,证券代码信息查询#2,2026搜索,48,48,流量最高,688008,861.0
2,证券代码信息查询#2,2026搜索,48,48,流量最高,688797,767.0
2,证券代码信息查询#2,2026搜索,48,48,随机,688146,252.0
2,证券代码信息查询#2,2026搜索,48,48,随机,188427,257.0
2,证券代码信息查询#2,2026搜索,48,48,随机,688808,306.0
71,查询价格与金额,2026搜索,18,18,流量最高,大盘目前多少点,943.0
71,查询价格与金额,2026搜索,18,18,流量最高,宜化发债中一签能赚多少,295.0
71,查询价格与金额,2026搜索,18,18,流量最高,比特币最高峰的时候多少钱一枚,287.0
71,查询价格与金额,2026搜索,18,18,随机,炒股如何开户 开户需要多少钱,208.0
71,查询价格与金额,2026搜索,18,18,随机,哈啰臻有钱,219.0
71,查询价格与金额,2026搜索,18,18,随机,百万医疗险一年交多少钱,174.0
70,查询定期存款利率,2026搜索,16,16,流量最高,银行存款利率,933.0
70,查询定期存款利率,2026搜索,16,16,流量最高,银行定期存款利率是多少,477.0
70,查询定期存款利率,2026搜索,16,16,流量最高,农业银行定期存款利率,400.0
70,查询定期存款利率,2026搜索,16,16,随机,定期存款可以提前取吗,252.0
70,查询定期存款利率,2026搜索,16,16,随机,银行活期存款利率是多少,222.0
70,查询定期存款利率,2026搜索,16,16,随机,邮政银行定期存款利率多少,317.0
68,利率查询与计算,2026搜索,26,26,流量最高,银行利率最新调整公告,838.0
68,利率查询与计算,2026搜索,26,26,流量最高,德明利,709.0
68,利率查询与计算,2026搜索,26,26,流量最高,年利率怎么计算,592.0
68,利率查询与计算,2026搜索,26,26,随机,lpr利率最新,435.0
68,利率查询与计算,2026搜索,26,26,随机,公积金贷款利率多少,387.0
68,利率查询与计算,2026搜索,26,26,随机,利率的计算公式,415.0
19,车险购买与理赔咨询,2026搜索,13,13,流量最高,车损险主要保什么,703.0
19,车险购买与理赔咨询,2026搜索,13,13,流量最高,学平险的报销范围有哪些,490.0
19,车险购买与理赔咨询,2026搜索,13,13,流量最高,"意外险包括哪些范围,理赔多少",319.0
19,车险购买与理赔咨询,2026搜索,13,13,随机,车险查询报价,163.0
19,车险购买与理赔咨询,2026搜索,13,13,随机,三者险赔偿范围有哪些,180.0
19,车险购买与理赔咨询,2026搜索,13,13,随机,车险哪家好又便宜又好,265.0
12,金融业务操作与问题处理方法查询,2026搜索,22,22,流量最高,众惠相互自动扣款怎么追回,664.0
12,金融业务操作与问题处理方法查询,2026搜索,22,22,流量最高,国债逆回购是怎么回事,554.0
12,金融业务操作与问题处理方法查询,2026搜索,22,22,流量最高,水滴保自动扣费怎么申请退款,508.0
12,金融业务操作与问题处理方法查询,2026搜索,22,22,随机,股票新手怎么学炒股,415.0
12,金融业务操作与问题处理方法查询,2026搜索,22,22,随机,股票交易手续费怎么收费,283.0
12,金融业务操作与问题处理方法查询,2026搜索,22,22,随机,易宝把我钱扣了怎么找回,235.0
67,贷款月供计算,2026搜索,1,1,流量最高,七月流火,590.0
10,查询转账与账户业务可行性,2026搜索,18,18,流量最高,快查查 你账户今天会收钱!,527.0
10,查询转账与账户业务可行性,2026搜索,18,18,流量最高,借钱,499.0
10,查询转账与账户业务可行性,2026搜索,18,18,流量最高,通联沪快扣款追回,403.0
10,查询转账与账户业务可行性,2026搜索,18,18,随机,开户,281.0
10,查询转账与账户业务可行性,2026搜索,18,18,随机,跨行转账一般多久到账,306.0
10,查询转账与账户业务可行性,2026搜索,18,18,随机,跨行转账要收多少手续费,257.0
64,查询金融业务数值与代码,2026搜索,8,8,流量最高,公积金利息年利率是多少,461.0
64,查询金融业务数值与代码,2026搜索,8,8,流量最高,花呗利息是多少,354.0
64,查询金融业务数值与代码,2026搜索,8,8,流量最高,二类卡每日限额是多少,330.0
64,查询金融业务数值与代码,2026搜索,8,8,随机,股票一手是多少股,285.0
64,查询金融业务数值与代码,2026搜索,8,8,随机,活期存款的利率是多少,166.0
64,查询金融业务数值与代码,2026搜索,8,8,随机,公积金账户利息利率是多少,195.0
66,金融行情数据查询,2026搜索随机1w,216,213,流量最高,2026年6月27日黄金价格,12.0
66,金融行情数据查询,2026搜索随机1w,216,213,流量最高,2026最容易申请的网贷,9.0
66,金融行情数据查询,2026搜索随机1w,216,213,流量最高,得明利2026目标价,8.0
66,金融行情数据查询,2026搜索随机1w,216,213,随机,中芯国际 2026半年报,1.0
66,金融行情数据查询,2026搜索随机1w,216,213,随机,雅克科技2026年1月份股价。,1.0
66,金融行情数据查询,2026搜索随机1w,216,213,随机,2025年社保重仓股有哪些,1.0
35,货币兑换金额换算查询,2026搜索随机1w,309,309,流量最高,五万美金是多少人民币,53.0
35,货币兑换金额换算查询,2026搜索随机1w,309,309,流量最高,44545韩元等于多少人民币汇率,19.0
35,货币兑换金额换算查询,2026搜索随机1w,309,309,流量最高,3500美金 = 人民币,17.0
35,货币兑换金额换算查询,2026搜索随机1w,309,309,随机,二万一千人民币换多少越南币呢,1.0
35,货币兑换金额换算查询,2026搜索随机1w,309,309,随机,两万人民币等于多少港币,2.0
35,货币兑换金额换算查询,2026搜索随机1w,309,309,随机,2万韩元等于多少人民币?,12.0
72,金融代码查询,2026搜索随机1w,144,140,流量最高,301559,42.0
72,金融代码查询,2026搜索随机1w,144,140,流量最高,001938,39.0
72,金融代码查询,2026搜索随机1w,144,140,流量最高,5日线10日线20日线30日线图解,37.0
72,金融代码查询,2026搜索随机1w,144,140,随机,2015版100元竖号码,1.0
72,金融代码查询,2026搜索随机1w,144,140,随机,华泰柏瑞ETF561560,1.0
72,金融代码查询,2026搜索随机1w,144,140,随机,星巴克 招行积分799,2.0
25,查询股票信息,2026搜索随机1w,354,352,流量最高,博通股票,6214.0
25,查询股票信息,2026搜索随机1w,354,352,流量最高,水晶光电股票,3122.0
25,查询股票信息,2026搜索随机1w,354,352,流量最高,中国太保股票,992.0
25,查询股票信息,2026搜索随机1w,354,352,随机,第四代半导体股票,5.0
25,查询股票信息,2026搜索随机1w,354,352,随机,机器人植物人龙头股票,1.0
25,查询股票信息,2026搜索随机1w,354,352,随机,pvc股票,2.0
8,查询贷款信息,2026搜索随机1w,262,259,流量最高,陕西信合秦e贷,4.0
8,查询贷款信息,2026搜索随机1w,262,259,流量最高,荆州贷款,4.0
8,查询贷款信息,2026搜索随机1w,262,259,流量最高,银行贷款微信流水可以用吗,4.0
8,查询贷款信息,2026搜索随机1w,262,259,随机,古玩字画能贷款吗,1.0
8,查询贷款信息,2026搜索随机1w,262,259,随机,小额贷款是银行先垫付吗,1.0
8,查询贷款信息,2026搜索随机1w,262,259,随机,锦州房产抵押贷款,1.0
11,查询金融术语含义,2026搜索随机1w,311,311,流量最高,hkd是什么币种,183.0
11,查询金融术语含义,2026搜索随机1w,311,311,流量最高,ab贷是什么意思,86.0
11,查询金融术语含义,2026搜索随机1w,311,311,流量最高,信托基金是啥意思,72.0
11,查询金融术语含义,2026搜索随机1w,311,311,随机,cns股票什么意思,3.0
11,查询金融术语含义,2026搜索随机1w,311,311,随机,没有此人征信记录是什么意思,1.0
11,查询金融术语含义,2026搜索随机1w,311,311,随机,非存AUM包括什么,1.0
10,查询转账与账户业务可行性,2026搜索随机1w,404,400,流量最高,只要不产生逾期芝麻永远不会下降吗,59.0
10,查询转账与账户业务可行性,2026搜索随机1w,404,400,流量最高,微信理财通理财可靠吗,22.0
10,查询转账与账户业务可行性,2026搜索随机1w,404,400,流量最高,微信转账多久自动退回,12.0
10,查询转账与账户业务可行性,2026搜索随机1w,404,400,随机,双迪六合能干吗,1.0
10,查询转账与账户业务可行性,2026搜索随机1w,404,400,随机,网银退款可以在商户服务中退吗,1.0
10,查询转账与账户业务可行性,2026搜索随机1w,404,400,随机,到银行打流水明细只到收入可以吗,1.0
58,查询黄金价格,2026搜索随机1w,99,99,流量最高,黄金多少钱一克今日价格表,162.0
58,查询黄金价格,2026搜索随机1w,99,99,流量最高,现在黄金多少一克,59.0
58,查询黄金价格,2026搜索随机1w,99,99,流量最高,2015年黄金多少钱一克,46.0
58,查询黄金价格,2026搜索随机1w,99,99,随机,黄金牌价今日 中国黄金行情,1.0
58,查询黄金价格,2026搜索随机1w,99,99,随机,当前的银行黄金价格表,1.0
58,查询黄金价格,2026搜索随机1w,99,99,随机,18年黄金价格,2.0
71,查询价格与金额,2026搜索随机1w,205,204,流量最高,股票最低多少股可以买,26.0
71,查询价格与金额,2026搜索随机1w,205,204,流量最高,公钱和母钱的号码,6.0
71,查询价格与金额,2026搜索随机1w,205,204,流量最高,开元通宝值多少钱一枚,6.0
71,查询价格与金额,2026搜索随机1w,205,204,随机,携程借钱里的桔多多,1.0
71,查询价格与金额,2026搜索随机1w,205,204,随机,"美国市值最大的公司是谁,市值多少",1.0
71,查询价格与金额,2026搜索随机1w,205,204,随机,股票最低多少股可以买,26.0
50,农业银行及农村信用社服务信息查询,2026搜索随机1w,210,206,流量最高,农业银行和农业发展银行有什么区别,6.0
50,农业银行及农村信用社服务信息查询,2026搜索随机1w,210,206,流量最高,海南农商银行是海南农村信用社吗,5.0
50,农业银行及农村信用社服务信息查询,2026搜索随机1w,210,206,流量最高,农业银行身份证过期怎么更新,5.0
50,农业银行及农村信用社服务信息查询,2026搜索随机1w,210,206,随机,安庆农行,1.0
50,农业银行及农村信用社服务信息查询,2026搜索随机1w,210,206,随机,广东农村信用社企业客户号是什么,1.0
50,农业银行及农村信用社服务信息查询,2026搜索随机1w,210,206,随机,农村信用社的定期可以在农商银行取吗,1.0
31,查询财经门户与市场行情,2026搜索随机1w,324,322,流量最高,生猪期货,705.0
31,查询财经门户与市场行情,2026搜索随机1w,324,322,流量最高,申万宏源,638.0
31,查询财经门户与市场行情,2026搜索随机1w,324,322,流量最高,ST中装,61.0
31,查询财经门户与市场行情,2026搜索随机1w,324,322,随机,jiantao82299@mybankmail.cn,1.0
31,查询财经门户与市场行情,2026搜索随机1w,324,322,随机,启元财富西安,1.0
31,查询财经门户与市场行情,2026搜索随机1w,324,322,随机,旅游ETFs,1.0
30,股票行情与选股建议查询,2026搜索随机1w,881,875,流量最高,新股上市前5天不设涨跌幅,1094.0
30,股票行情与选股建议查询,2026搜索随机1w,881,875,流量最高,a股最新的交易规则,111.0
30,股票行情与选股建议查询,2026搜索随机1w,881,875,流量最高,光模块龙头股一览表,97.0
30,股票行情与选股建议查询,2026搜索随机1w,881,875,随机,a股上半年68个点收益是什么水平,1.0
30,股票行情与选股建议查询,2026搜索随机1w,881,875,随机,超高分量聚乙烯龙头股,1.0
30,股票行情与选股建议查询,2026搜索随机1w,881,875,随机,界龙实业为什么退市,1.0
49,银行信息查询,2026搜索随机1w,667,660,流量最高,中原银行,222.0
49,银行信息查询,2026搜索随机1w,667,660,流量最高,银行周日正常上班吗,10.0
49,银行信息查询,2026搜索随机1w,667,660,流量最高,招商官网,9.0
49,银行信息查询,2026搜索随机1w,667,660,随机,工商银行都有什么卡,1.0
49,银行信息查询,2026搜索随机1w,667,660,随机,农商银行日照滨海支行行号,1.0
49,银行信息查询,2026搜索随机1w,667,660,随机,邮储有福邮票,1.0
19,车险购买与理赔咨询,2026搜索随机1w,159,159,流量最高,金穗银利多有风险吗,6.0
19,车险购买与理赔咨询,2026搜索随机1w,159,159,流量最高,车损险赔偿范围明细,6.0
19,车险购买与理赔咨询,2026搜索随机1w,159,159,流量最高,车子脱保多久不影响续保,5.0
19,车险购买与理赔咨询,2026搜索随机1w,159,159,随机,商业险和应届生身份,1.0
19,车险购买与理赔咨询,2026搜索随机1w,159,159,随机,什么是重疾险它包括哪些,1.0
19,车险购买与理赔咨询,2026搜索随机1w,159,159,随机,能不能不买坐位险只买驾乘险,1.0
54,建设银行网点与服务查询,2026搜索随机1w,116,112,流量最高,建设银行的客服电话,9.0
54,建设银行网点与服务查询,2026搜索随机1w,116,112,流量最高,吴的建设银行预约取款支行说风控要我去总行预约,2.0
54,建设银行网点与服务查询,2026搜索随机1w,116,112,流量最高,中囤能建,2.0
54,建设银行网点与服务查询,2026搜索随机1w,116,112,随机,长治建行自组打印存折,1.0
54,建设银行网点与服务查询,2026搜索随机1w,116,112,随机,建设银行铁银支行电话,1.0
54,建设银行网点与服务查询,2026搜索随机1w,116,112,随机,农行石河子建设路兵团支行行号,2.0
48,银行卡业务查询与办理指导,2026搜索随机1w,371,357,流量最高,如何解绑微信绑定的银行卡,28.0
48,银行卡业务查询与办理指导,2026搜索随机1w,371,357,流量最高,银行卡里有钱但是转账显示余额不足,24.0
48,银行卡业务查询与办理指导,2026搜索随机1w,371,357,流量最高,淘宝解绑银行卡怎么解除,14.0
48,银行卡业务查询与办理指导,2026搜索随机1w,371,357,随机,银行卡冻结了工资能打进来吗,2.0
48,银行卡业务查询与办理指导,2026搜索随机1w,371,357,随机,银行卡存了定期可以支付吗,2.0
48,银行卡业务查询与办理指导,2026搜索随机1w,371,357,随机,公司买保险要银行卡安徽农信卡可以用吗,1.0
34,查询美元兑日元汇率,2026搜索随机1w,54,54,流量最高,美元兑换加元,61.0
34,查询美元兑日元汇率,2026搜索随机1w,54,54,流量最高,美元兑换,53.0
34,查询美元兑日元汇率,2026搜索随机1w,54,54,流量最高,金价 美元,23.0
34,查询美元兑日元汇率,2026搜索随机1w,54,54,随机,六万七美元,1.0
34,查询美元兑日元汇率,2026搜索随机1w,54,54,随机,汇率 美元 日元,4.0
34,查询美元兑日元汇率,2026搜索随机1w,54,54,随机,美元兑换,53.0
13,花呗操作查询,2026搜索随机1w,82,80,流量最高,怎么用花呗支付,5.0
13,花呗操作查询,2026搜索随机1w,82,80,流量最高,支付宝花呗,5.0
13,花呗操作查询,2026搜索随机1w,82,80,流量最高,花呗25号还款几号开始算下个月,3.0
13,花呗操作查询,2026搜索随机1w,82,80,随机,花呗停催,1.0
13,花呗操作查询,2026搜索随机1w,82,80,随机,同花顺国际期货交易为什么会有延迟呢,1.0
13,花呗操作查询,2026搜索随机1w,82,80,随机,花呗借呗怎么取消通讯录授权,1.0
0,股票代码查询,2026搜索随机1w,132,132,流量最高,603688,193.0
0,股票代码查询,2026搜索随机1w,132,132,流量最高,002047,158.0
0,股票代码查询,2026搜索随机1w,132,132,流量最高,603920,91.0
0,股票代码查询,2026搜索随机1w,132,132,随机,"魅视科技我一共持有2340股票送股以后的2240,送股以后又买了100股,交了36块",1.0
0,股票代码查询,2026搜索随机1w,132,132,随机,金价会掉到600吗,3.0
0,股票代码查询,2026搜索随机1w,132,132,随机,600525的股价,1.0
53,中国银行服务信息查询,2026搜索随机1w,131,130,流量最高,中国银行汇率查询表,14.0
53,中国银行服务信息查询,2026搜索随机1w,131,130,流量最高,A股中国银河,5.0
53,中国银行服务信息查询,2026搜索随机1w,131,130,流量最高,中国银行跨行取款需不需要手续费,5.0
53,中国银行服务信息查询,2026搜索随机1w,131,130,随机,中国银行吉尔吉斯斯坦分行,1.0
53,中国银行服务信息查询,2026搜索随机1w,131,130,随机,"中国银行2类降级1类,会有短信通知吗",1.0
53,中国银行服务信息查询,2026搜索随机1w,131,130,随机,中国银行深圳湾支行电话多少,1.0
52,下载安装金融类App,2026搜索随机1w,105,105,流量最高,建没银行手机银行app下载,56.0
52,下载安装金融类App,2026搜索随机1w,105,105,流量最高,工商银行手机银行app下载官网,20.0
52,下载安装金融类App,2026搜索随机1w,105,105,流量最高,okpay钱包官网入口,17.0
52,下载安装金融类App,2026搜索随机1w,105,105,随机,中财配资app,1.0
52,下载安装金融类App,2026搜索随机1w,105,105,随机,谷谷借款app下载,1.0
52,下载安装金融类App,2026搜索随机1w,105,105,随机,宝付网络支付对应哪个app,1.0
63,查询价格走势图,2026搜索随机1w,92,92,流量最高,白银价格走势图,2440.0
63,查询价格走势图,2026搜索随机1w,92,92,流量最高,伦敦黄金价格实时走势图,103.0
63,查询价格走势图,2026搜索随机1w,92,92,流量最高,长江有色金属网今日价格走势图,46.0
63,查询价格走势图,2026搜索随机1w,92,92,随机,一月股市行情走势图,1.0
63,查询价格走势图,2026搜索随机1w,92,92,随机,今日热卷期货走势图,5.0
63,查询价格走势图,2026搜索随机1w,92,92,随机,今日大盘黄金走势最新消息,1.0
44,支付宝相关操作查询,2026搜索随机1w,271,267,流量最高,微信换支付宝零钱互转,39.0
44,支付宝相关操作查询,2026搜索随机1w,271,267,流量最高,支付宝小荷包怎么关闭,20.0
44,支付宝相关操作查询,2026搜索随机1w,271,267,流量最高,支付宝ai付怎么关闭,11.0
44,支付宝相关操作查询,2026搜索随机1w,271,267,随机,支付宝绑定的银行卡怎样解除,1.0
44,支付宝相关操作查询,2026搜索随机1w,271,267,随机,支付宝钱转银行卡要手续费吗,1.0
44,支付宝相关操作查询,2026搜索随机1w,271,267,随机,邮箱注册支付宝入口网址,2.0
17,查询保险公司信息,2026搜索随机1w,202,197,流量最高,pdza是哪个保险公司的保单号开头,17.0
17,查询保险公司信息,2026搜索随机1w,202,197,流量最高,合家康保险是什么公司,14.0
17,查询保险公司信息,2026搜索随机1w,202,197,流量最高,车险排名前十大公司,12.0
17,查询保险公司信息,2026搜索随机1w,202,197,随机,永赢金融租赁有限公司在哪里,1.0
17,查询保险公司信息,2026搜索随机1w,202,197,随机,营运车辆被撞误工费保险公司赔吗,5.0
17,查询保险公司信息,2026搜索随机1w,202,197,随机,中国人民财产保险股份有限公司南宁市分公司,1.0
55,银行客服电话查询,2026搜索随机1w,107,87,流量最高,工商银行信用卡电话24小时人工服务,44.0
55,银行客服电话查询,2026搜索随机1w,107,87,流量最高,陕西信合电话,34.0
55,银行客服电话查询,2026搜索随机1w,107,87,流量最高,农业银行信用卡电话24小时人工服务电话,21.0
55,银行客服电话查询,2026搜索随机1w,107,87,随机,吴忠宁夏银行电话,1.0
55,银行客服电话查询,2026搜索随机1w,107,87,随机,农行上海株洲路支行电话,1.0
55,银行客服电话查询,2026搜索随机1w,107,87,随机,肇东市中国银行客服电话多少,1.0
24,证券股吧查询,2026搜索随机1w,90,90,流量最高,天赐材料股吧,1230.0
24,证券股吧查询,2026搜索随机1w,90,90,流量最高,大智慧股吧,284.0
24,证券股吧查询,2026搜索随机1w,90,90,流量最高,东江环保(002672)股吧,115.0
24,证券股吧查询,2026搜索随机1w,90,90,随机,惠程科技(002168)股吧,53.0
24,证券股吧查询,2026搜索随机1w,90,90,随机,龙虎网吧,1.0
24,证券股吧查询,2026搜索随机1w,90,90,随机,电投能源股票股吧,18.0
9,贷款提前还款查询,2026搜索随机1w,129,123,流量最高,提前还款月供不变缩短年限怎么计算,34.0
9,贷款提前还款查询,2026搜索随机1w,129,123,流量最高,公积金贷款如何提前还款,4.0
9,贷款提前还款查询,2026搜索随机1w,129,123,流量最高,公积金贷款多久可以提前还,4.0
9,贷款提前还款查询,2026搜索随机1w,129,123,随机,农行房贷怎么提前还一部分?,1.0
9,贷款提前还款查询,2026搜索随机1w,129,123,随机,京东在哪里还款白条的钱,1.0
9,贷款提前还款查询,2026搜索随机1w,129,123,随机,桔多多人6月份还款失败要怎么办,2.0
47,查询办理信用卡业务,2026搜索随机1w,189,185,流量最高,信用卡可以存钱当储蓄卡用吗,7.0
47,查询办理信用卡业务,2026搜索随机1w,189,185,流量最高,银行信用贷款怎么借,5.0
47,查询办理信用卡业务,2026搜索随机1w,189,185,流量最高,招商银行信用卡e招贷是什么,3.0
47,查询办理信用卡业务,2026搜索随机1w,189,185,随机,网商银行可以办信用卡吗,1.0
47,查询办理信用卡业务,2026搜索随机1w,189,185,随机,广西农村信用社卡到期怎么更换,1.0
47,查询办理信用卡业务,2026搜索随机1w,189,185,随机,东莞信用卡消费几次免年费,2.0
26,查询个股股票行情与股吧讨论,2026搜索随机1w,49,48,流量最高,紫金矿业 股票,82.0
26,查询个股股票行情与股吧讨论,2026搜索随机1w,49,48,流量最高,云南泽业股票,27.0
26,查询个股股票行情与股吧讨论,2026搜索随机1w,49,48,流量最高,中银绒业股票,27.0
26,查询个股股票行情与股吧讨论,2026搜索随机1w,49,48,随机,众生药业股票代码是多少,1.0
26,查询个股股票行情与股吧讨论,2026搜索随机1w,49,48,随机,济川药业股价,12.0
26,查询个股股票行情与股吧讨论,2026搜索随机1w,49,48,随机,信邦实业股票,1.0
68,利率查询与计算,2026搜索随机1w,79,78,流量最高,重庆银行利息2026最新利率是多少,18.0
68,利率查询与计算,2026搜索随机1w,79,78,流量最高,ftp利率,9.0
68,利率查询与计算,2026搜索随机1w,79,78,流量最高,交通银行利率查询今日,5.0
68,利率查询与计算,2026搜索随机1w,79,78,随机,捷佳伟创资产负债率,1.0
68,利率查询与计算,2026搜索随机1w,79,78,随机,现银行货款利率多少,1.0
68,利率查询与计算,2026搜索随机1w,79,78,随机,重庆银行利息2026最新利率是多少,18.0
60,市场价格行情查询,2026搜索随机1w,73,72,流量最高,沪铜期货今日铜价行情最新,300.0
60,市场价格行情查询,2026搜索随机1w,73,72,流量最高,比特币今天最新价格,76.0
60,市场价格行情查询,2026搜索随机1w,73,72,流量最高,奥拉丁今天价格,20.0
60,市场价格行情查询,2026搜索随机1w,73,72,随机,沐曦股票今天价格,1.0
60,市场价格行情查询,2026搜索随机1w,73,72,随机,北交所今日申购价格,1.0
60,市场价格行情查询,2026搜索随机1w,73,72,随机,农行今天金条价格,1.0
64,查询金融业务数值与代码,2026搜索随机1w,123,123,流量最高,农业银行年利率是多少,14.0
64,查询金融业务数值与代码,2026搜索随机1w,123,123,流量最高,泰铢最大面值是多少,13.0
64,查询金融业务数值与代码,2026搜索随机1w,123,123,流量最高,美团股票最高市值是多少,8.0
64,查询金融业务数值与代码,2026搜索随机1w,123,123,随机,人民兑泰铢汇率是多少钱,2.0
64,查询金融业务数值与代码,2026搜索随机1w,123,123,随机,中国邮政储蓄卡行号是多少,1.0
64,查询金融业务数值与代码,2026搜索随机1w,123,123,随机,股市2手拖拉机是多少股,1.0
70,查询定期存款利率,2026搜索随机1w,136,136,流量最高,老人过世后定期存款如何取出来,24.0
70,查询定期存款利率,2026搜索随机1w,136,136,流量最高,银行存款利率怎么算,24.0
70,查询定期存款利率,2026搜索随机1w,136,136,流量最高,如意金积存,10.0
70,查询定期存款利率,2026搜索随机1w,136,136,随机,银行存钱送手机,2.0
70,查询定期存款利率,2026搜索随机1w,136,136,随机,邮储银行的存添利是定期存款吗安全吗,1.0
70,查询定期存款利率,2026搜索随机1w,136,136,随机,老人过世后定期存款如何取出来,24.0
65,计算存贷款利息,2026搜索随机1w,276,276,流量最高,十万定期一年利息多少钱,26.0
65,计算存贷款利息,2026搜索随机1w,276,276,流量最高,20万定期三年利息多少,8.0
65,计算存贷款利息,2026搜索随机1w,276,276,流量最高,华灿光电重大利好消息,7.0
65,计算存贷款利息,2026搜索随机1w,276,276,随机,银行利息涨了?,1.0
65,计算存贷款利息,2026搜索随机1w,276,276,随机,50万一年定期农行,2.0
65,计算存贷款利息,2026搜索随机1w,276,276,随机,银行10万一年多少利息,2.0
22,查询科技股与科创板信息,2026搜索随机1w,168,167,流量最高,维科技术股票,410.0
22,查询科技股与科创板信息,2026搜索随机1w,168,167,流量最高,动力新科,121.0
22,查询科技股与科创板信息,2026搜索随机1w,168,167,流量最高,共创草坪,108.0
22,查询科技股与科创板信息,2026搜索随机1w,168,167,随机,臻驱科技ipo进度详情查询,1.0
22,查询科技股与科创板信息,2026搜索随机1w,168,167,随机,镁佳科技上市现状,2.0
22,查询科技股与科创板信息,2026搜索随机1w,168,167,随机,讯飞医疗科技是港股通吗,1.0
7,基金净值查询,2026搜索随机1w,291,291,流量最高,景顺长城精选蓝筹基金净值260110,64.0
7,基金净值查询,2026搜索随机1w,291,291,流量最高,001076基金净值查询今天最新净值,48.0
7,基金净值查询,2026搜索随机1w,291,291,流量最高,易方达新常态混合基金怎么样,33.0
7,基金净值查询,2026搜索随机1w,291,291,随机,021030基金今日净值,2.0
7,基金净值查询,2026搜索随机1w,291,291,随机,基金一般什么时候调仓换股,1.0
7,基金净值查询,2026搜索随机1w,291,291,随机,001076基金净值查询今天最新净值,48.0
33,查询人民币兑外币汇率,2026搜索随机1w,144,144,流量最高,波兰货币兑换人民币,68.0
33,查询人民币兑外币汇率,2026搜索随机1w,144,144,流量最高,人民币对林吉特的汇率,36.0
33,查询人民币兑外币汇率,2026搜索随机1w,144,144,流量最高,斯里兰卡货币兑换人民币,15.0
33,查询人民币兑外币汇率,2026搜索随机1w,144,144,随机,法郎的汇率,4.0
33,查询人民币兑外币汇率,2026搜索随机1w,144,144,随机,美元汇率6月走势,1.0
33,查询人民币兑外币汇率,2026搜索随机1w,144,144,随机,新币兑换人民币的利率是多少,1.0
46,查询股份股票及股吧信息,2026搜索随机1w,38,38,流量最高,杰瑞股份股票,492.0
46,查询股份股票及股吧信息,2026搜索随机1w,38,38,流量最高,海鸥股份股票,141.0
46,查询股份股票及股吧信息,2026搜索随机1w,38,38,流量最高,佳先股份股票股吧,35.0
46,查询股份股票及股吧信息,2026搜索随机1w,38,38,随机,和迈股份股票,1.0
46,查询股份股票及股吧信息,2026搜索随机1w,38,38,随机,甬矽股份股票,1.0
46,查询股份股票及股吧信息,2026搜索随机1w,38,38,随机,歌尔股份股票历史交易数据,3.0
16,查询人寿保险相关业务信息,2026搜索随机1w,67,67,流量最高,瑞众人寿保险公司,11.0
16,查询人寿保险相关业务信息,2026搜索随机1w,67,67,流量最高,中国人寿是国企吗,7.0
16,查询人寿保险相关业务信息,2026搜索随机1w,67,67,流量最高,众瑞人寿保险公司,4.0
16,查询人寿保险相关业务信息,2026搜索随机1w,67,67,随机,国寿福泽E生2.0终身寿险(互联网专属),1.0
16,查询人寿保险相关业务信息,2026搜索随机1w,67,67,随机,太平洋人寿金佑人生保险单交满10年后何时才能反本金和分红,1.0
16,查询人寿保险相关业务信息,2026搜索随机1w,67,67,随机,2017金佑人生终身寿险现金价值表,1.0
27,查询市场行情,2026搜索随机1w,143,143,流量最高,美股今天最新行情,390.0
27,查询市场行情,2026搜索随机1w,143,143,流量最高,股市的最新行情,318.0
27,查询市场行情,2026搜索随机1w,143,143,流量最高,今日韩国股市,102.0
27,查询市场行情,2026搜索随机1w,143,143,随机,历年7月2号股市大跌,1.0
27,查询市场行情,2026搜索随机1w,143,143,随机,美国上市中国股一览表,1.0
27,查询市场行情,2026搜索随机1w,143,143,随机,民国股市三大炒,4.0
18,查询保险相关业务,2026搜索随机1w,218,217,流量最高,大病保险是指哪些疾病,20.0
18,查询保险相关业务,2026搜索随机1w,218,217,流量最高,凤祥保是什么保险,15.0
18,查询保险相关业务,2026搜索随机1w,218,217,流量最高,华安保险是国企还是私企,11.0
18,查询保险相关业务,2026搜索随机1w,218,217,随机,发达国家的保险业务员受人尊重吗,1.0
18,查询保险相关业务,2026搜索随机1w,218,217,随机,人民保险给电动车上保险多少钱,1.0
18,查询保险相关业务,2026搜索随机1w,218,217,随机,代位追偿保险费会涨吗,1.0
29,蚂蚁庄园今日答案查询,2026搜索随机1w,28,28,流量最高,荞麦枕可以养生吗蚂蚁庄园,45.0
29,蚂蚁庄园今日答案查询,2026搜索随机1w,28,28,流量最高,2026年6月28日蚂蚁庄园答案,8.0
29,蚂蚁庄园今日答案查询,2026搜索随机1w,28,28,流量最高,"蚂蚁庄园今日答案荞麦枕属水,火,木,土,金的哪个",3.0
29,蚂蚁庄园今日答案查询,2026搜索随机1w,28,28,随机,7月1日蚂蚁庄园今日答案,1.0
29,蚂蚁庄园今日答案查询,2026搜索随机1w,28,28,随机,信用卡蚂蚁庄园,2.0
29,蚂蚁庄园今日答案查询,2026搜索随机1w,28,28,随机,小鸡庄园今日正确答案全解析,1.0
62,查询金价,2026搜索随机1w,45,45,流量最高,金日金价,498.0
62,查询金价,2026搜索随机1w,45,45,流量最高,今日金价多少元,11.0
62,查询金价,2026搜索随机1w,45,45,流量最高,今日有色金属板块,7.0
62,查询金价,2026搜索随机1w,45,45,随机,金价涨幅影响股票吗,2.0
62,查询金价,2026搜索随机1w,45,45,随机,今日重庆金价,1.0
62,查询金价,2026搜索随机1w,45,45,随机,国内现货金价,4.0
12,金融业务操作与问题处理方法查询,2026搜索随机1w,288,284,流量最高,电力板块怎么跌得这么厉害,26.0
12,金融业务操作与问题处理方法查询,2026搜索随机1w,288,284,流量最高,樽鸿59.9元自动扣款怎么追回,15.0
12,金融业务操作与问题处理方法查询,2026搜索随机1w,288,284,流量最高,手机银行身份证更新怎么操作,15.0
12,金融业务操作与问题处理方法查询,2026搜索随机1w,288,284,随机,折折朋比是怎么投资,1.0
12,金融业务操作与问题处理方法查询,2026搜索随机1w,288,284,随机,中信银行银行收费3元是怎么回事,1.0
12,金融业务操作与问题处理方法查询,2026搜索随机1w,288,284,随机,怎么把平安金管家的百万医疗取消,1.0
45,查询股份公司及股票信息,2026搜索随机1w,118,117,流量最高,茶花股份,159.0
45,查询股份公司及股票信息,2026搜索随机1w,118,117,流量最高,万通股份,57.0
45,查询股份公司及股票信息,2026搜索随机1w,118,117,流量最高,利亚德股份,30.0
45,查询股份公司及股票信息,2026搜索随机1w,118,117,随机,跃岭股份这么垃圾的一直跌,1.0
45,查询股份公司及股票信息,2026搜索随机1w,118,117,随机,光电股份深度分析,1.0
45,查询股份公司及股票信息,2026搜索随机1w,118,117,随机,天通股份新增光电共封装,2.0
43,支付方式使用与设置查询,2026搜索随机1w,123,123,流量最高,微信支付怎么查询交易记录,9.0
43,支付方式使用与设置查询,2026搜索随机1w,123,123,流量最高,怎样解除免密支付功能,8.0
43,支付方式使用与设置查询,2026搜索随机1w,123,123,流量最高,大额支付系统运行规则,6.0
43,支付方式使用与设置查询,2026搜索随机1w,123,123,随机,"购付通在哪里,怎么关闭",1.0
43,支付方式使用与设置查询,2026搜索随机1w,123,123,随机,如何提高支付分,1.0
43,支付方式使用与设置查询,2026搜索随机1w,123,123,随机,"微信支付分在485,是征信好吗",1.0
21,保险公司电话查询,2026搜索随机1w,46,43,流量最高,中国平安保险app,4.0
21,保险公司电话查询,2026搜索随机1w,46,43,流量最高,平安产险和平安车险是一家吗,3.0
21,保险公司电话查询,2026搜索随机1w,46,43,流量最高,平安企业宝登录,3.0
21,保险公司电话查询,2026搜索随机1w,46,43,随机,平安好车主权益内容,1.0
21,保险公司电话查询,2026搜索随机1w,46,43,随机,人保险车险电话查询,1.0
21,保险公司电话查询,2026搜索随机1w,46,43,随机,"平安车险买过后,多久可在平安好车主上显示",1.0
32,证券股票信息查询,2026搜索随机1w,110,110,流量最高,000686 东北证券股吧,59.0
32,证券股票信息查询,2026搜索随机1w,110,110,流量最高,证券开户哪个证券公司好,14.0
32,证券股票信息查询,2026搜索随机1w,110,110,流量最高,证券几点开盘几点收盘,9.0
32,证券股票信息查询,2026搜索随机1w,110,110,随机,华泰证券苏州吴中大道是谁的席位,1.0
32,证券股票信息查询,2026搜索随机1w,110,110,随机,方正证券期权交易,1.0
32,证券股票信息查询,2026搜索随机1w,110,110,随机,中银证券手续费收费标准,3.0
67,贷款月供计算,2026搜索随机1w,78,78,流量最高,100万贷款20年月供多少,11.0
67,贷款月供计算,2026搜索随机1w,78,78,流量最高,50万贷款十年每月还多少钱,3.0
67,贷款月供计算,2026搜索随机1w,78,78,流量最高,保险三者300万好还是200万好,3.0
67,贷款月供计算,2026搜索随机1w,78,78,随机,武汉公积金贷款能贷多少钱,2.0
67,贷款月供计算,2026搜索随机1w,78,78,随机,小赢卡贷续借10万显示放款中,1.0
67,贷款月供计算,2026搜索随机1w,78,78,随机,100万贷款20年月供多少,11.0
23,科技类股票信息查询,2026搜索随机1w,62,62,流量最高,舜宇光学科技股票,381.0
23,科技类股票信息查询,2026搜索随机1w,62,62,流量最高,科技股是哪些板块的股票,58.0
23,科技类股票信息查询,2026搜索随机1w,62,62,流量最高,欣天科技股票,19.0
23,科技类股票信息查询,2026搜索随机1w,62,62,随机,中天科技股票明天的走势如何,1.0
23,科技类股票信息查询,2026搜索随机1w,62,62,随机,中船科技股票走势图分析,8.0
23,科技类股票信息查询,2026搜索随机1w,62,62,随机,水晶光电属于科技股吗,2.0
14,个人征信报告查询与影响咨询,2026搜索随机1w,103,99,流量最高,央行征信中心官网,66.0
14,个人征信报告查询与影响咨询,2026搜索随机1w,103,99,流量最高,贷款逾期几天会影响征信,6.0
14,个人征信报告查询与影响咨询,2026搜索随机1w,103,99,流量最高,去哪里查个人征信,6.0
14,个人征信报告查询与影响咨询,2026搜索随机1w,103,99,随机,还完贷款多久恢复征信,1.0
14,个人征信报告查询与影响咨询,2026搜索随机1w,103,99,随机,贷款逾期几天会影响征信,6.0
14,个人征信报告查询与影响咨询,2026搜索随机1w,103,99,随机,澄海个人征信报告去哪里打,1.0
6,查询股票代码与指数信息,2026搜索随机1w,45,45,流量最高,000700,369.0
6,查询股票代码与指数信息,2026搜索随机1w,45,45,流量最高,000029深深房a股吧,27.0
6,查询股票代码与指数信息,2026搜索随机1w,45,45,流量最高,华夏复兴000031今天净值,25.0
6,查询股票代码与指数信息,2026搜索随机1w,45,45,随机,000655是什么板块,2.0
6,查询股票代码与指数信息,2026搜索随机1w,45,45,随机,000700,369.0
6,查询股票代码与指数信息,2026搜索随机1w,45,45,随机,000029深深房a股吧,27.0
36,人民币及货币信息查询,2026搜索随机1w,107,107,流量最高,英镑人民币,147.0
36,人民币及货币信息查询,2026搜索随机1w,107,107,流量最高,新币人民币,10.0
36,人民币及货币信息查询,2026搜索随机1w,107,107,流量最高,三角洲哈弗币出售,9.0
36,人民币及货币信息查询,2026搜索随机1w,107,107,随机,第四套人民币背景图,1.0
36,人民币及货币信息查询,2026搜索随机1w,107,107,随机,玛氏币,1.0
36,人民币及货币信息查询,2026搜索随机1w,107,107,随机,民国铜币珍品最贵铜币,1.0
28,股指行情查询,2026搜索随机1w,78,78,流量最高,法国cac40指数,97.0
28,股指行情查询,2026搜索随机1w,78,78,流量最高,日本大盘指数,30.0
28,股指行情查询,2026搜索随机1w,78,78,流量最高,华宝标普石油天然气上游股票指数,12.0
28,股指行情查询,2026搜索随机1w,78,78,随机,现在时富A 50期指连续,1.0
28,股指行情查询,2026搜索随机1w,78,78,随机,卫星化学股票散户指数,1.0
28,股指行情查询,2026搜索随机1w,78,78,随机,今日上证指数走势行情最新,7.0
15,查询借款平台正规性,2026搜索随机1w,92,85,流量最高,闪信借款是正规的吗,15.0
15,查询借款平台正规性,2026搜索随机1w,92,85,流量最高,网易宝是什么平台,10.0
15,查询借款平台正规性,2026搜索随机1w,92,85,流量最高,佰昱达扣款是哪个平台的,6.0
15,查询借款平台正规性,2026搜索随机1w,92,85,随机,平安现在什么产品最好出额度,1.0
15,查询借款平台正规性,2026搜索随机1w,92,85,随机,可以到微信钱包的小贷平台,1.0
15,查询借款平台正规性,2026搜索随机1w,92,85,随机,欧易钱包是正规的吗,1.0
2,证券代码信息查询#2,2026搜索随机1w,25,24,流量最高,688981股吧,33.0
2,证券代码信息查询#2,2026搜索随机1w,25,24,流量最高,603880新浪财经,4.0
2,证券代码信息查询#2,2026搜索随机1w,25,24,流量最高,688153股吧,4.0
2,证券代码信息查询#2,2026搜索随机1w,25,24,随机,688383股票,3.0
2,证券代码信息查询#2,2026搜索随机1w,25,24,随机,电池龙头股票562883,1.0
2,证券代码信息查询#2,2026搜索随机1w,25,24,随机,精智达688627,1.0
1,查询300开头股票代码与行情,2026搜索随机1w,62,62,流量最高,300131英唐智控股吧,199.0
1,查询300开头股票代码与行情,2026搜索随机1w,62,62,流量最高,曝字节员工炒股赚3000万离职,96.0
1,查询300开头股票代码与行情,2026搜索随机1w,62,62,流量最高,300455,59.0
1,查询300开头股票代码与行情,2026搜索随机1w,62,62,随机,业绩预增3000%光刻胶龙头是哪家?,1.0
1,查询300开头股票代码与行情,2026搜索随机1w,62,62,随机,62218030000是哪个银行,1.0
1,查询300开头股票代码与行情,2026搜索随机1w,62,62,随机,300446行情一,1.0
3,查询电话号码归属,2026搜索随机1w,35,30,流量最高,磐石保是什么电话,191.0
3,查询电话号码归属,2026搜索随机1w,35,30,流量最高,9545678是什么电话,43.0
3,查询电话号码归属,2026搜索随机1w,35,30,流量最高,9548390是什么号码,25.0
3,查询电话号码归属,2026搜索随机1w,35,30,随机,9548390是什么号码,25.0
3,查询电话号码归属,2026搜索随机1w,35,30,随机,9540378是什么号码?,2.0
3,查询电话号码归属,2026搜索随机1w,35,30,随机,9527309是什么号码,1.0
73,证券代码信息查询#73,2026搜索随机1w,13,13,流量最高,000876,212.0
73,证券代码信息查询#73,2026搜索随机1w,13,13,流量最高,000962东方钽业股票,8.0
73,证券代码信息查询#73,2026搜索随机1w,13,13,流量最高,000876,5.0
73,证券代码信息查询#73,2026搜索随机1w,13,13,随机,000969合理估值,1.0
73,证券代码信息查询#73,2026搜索随机1w,13,13,随机,000876,212.0
73,证券代码信息查询#73,2026搜索随机1w,13,13,随机,股票400082能重组吗,2.0
59,实时行情查询,2026搜索随机1w,54,54,流量最高,铁矿石期货实时行情,117.0
59,实时行情查询,2026搜索随机1w,54,54,流量最高,美元指数实时行情走势图,56.0
59,实时行情查询,2026搜索随机1w,54,54,流量最高,特斯拉实时股票行情,49.0
59,实时行情查询,2026搜索随机1w,54,54,随机,美股实时行情美光,26.0
59,实时行情查询,2026搜索随机1w,54,54,随机,沪深股市今日实时行情最新,1.0
59,实时行情查询,2026搜索随机1w,54,54,随机,安靠(Amkor)实时股价,3.0
39,货币兑换查询,2026搜索随机1w,31,31,流量最高,人民币对港币兑换,1315.0
39,货币兑换查询,2026搜索随机1w,31,31,流量最高,人民币兑换索莫尼汇率,12.0
39,货币兑换查询,2026搜索随机1w,31,31,流量最高,人民币兑谢克尔汇率,8.0
39,货币兑换查询,2026搜索随机1w,31,31,随机,人民币兑墨西哥货币走势,2.0
39,货币兑换查询,2026搜索随机1w,31,31,随机,1人民币兑换多少印尼盾,2.0
39,货币兑换查询,2026搜索随机1w,31,31,随机,中国银行人民币兑换新台币,1.0
20,查询交强险保费、赔偿与投保规定,2026搜索随机1w,36,36,流量最高,摩托车交强险多少钱一年含车船税,6.0
20,查询交强险保费、赔偿与投保规定,2026搜索随机1w,36,36,流量最高,在哪里可以查到交强险什么时候到期,2.0
20,查询交强险保费、赔偿与投保规定,2026搜索随机1w,36,36,流量最高,天津市交强险收费标准,2.0
20,查询交强险保费、赔偿与投保规定,2026搜索随机1w,36,36,随机,电动车也要交强险吗,1.0
20,查询交强险保费、赔偿与投保规定,2026搜索随机1w,36,36,随机,买摩托车交强险,1.0
20,查询交强险保费、赔偿与投保规定,2026搜索随机1w,36,36,随机,交强险没出保第二年多少钱,1.0
6,查询股票代码与指数信息,助手头部1k,5,5,流量最高,000001,109.0
6,查询股票代码与指数信息,助手头部1k,5,5,流量最高,纳斯达克100,87.0
6,查询股票代码与指数信息,助手头部1k,5,5,流量最高,000725股价多少？,82.0
6,查询股票代码与指数信息,助手头部1k,5,5,随机,标普500,51.0
6,查询股票代码与指数信息,助手头部1k,5,5,随机,纳斯达克100,87.0
28,股指行情查询,助手头部1k,37,37,流量最高,上证指数,1467.0
28,股指行情查询,助手头部1k,37,37,流量最高,大盘指数,1297.0
28,股指行情查询,助手头部1k,37,37,流量最高,美股三大指数,384.0
28,股指行情查询,助手头部1k,37,37,随机,今日上证指数,49.0
28,股指行情查询,助手头部1k,37,37,随机,美国三大股票指数,267.0
28,股指行情查询,助手头部1k,37,37,随机,上证指数未来走势如何,95.0
67,贷款月供计算,助手头部1k,3,3,流量最高,100万房贷月供可减少635元,158.0
67,贷款月供计算,助手头部1k,3,3,流量最高,邮政发短信说3个月扣款失败,83.0
67,贷款月供计算,助手头部1k,3,3,流量最高,房贷延长到40年,58.0
72,金融代码查询,助手头部1k,3,3,流量最高,10转10送10股派10元,295.0
72,金融代码查询,助手头部1k,3,3,流量最高,工行9920代码严重吗,183.0
72,金融代码查询,助手头部1k,3,3,流量最高,4318冻结的三个原因,48.0
35,货币兑换金额换算查询,助手头部1k,24,24,流量最高,汇率换算,494.0
35,货币兑换金额换算查询,助手头部1k,24,24,流量最高,换成红底,152.0
35,货币兑换金额换算查询,助手头部1k,24,24,流量最高,韩币换算人民币,151.0
35,货币兑换金额换算查询,助手头部1k,24,24,随机,一美元等于多少人民币,79.0
35,货币兑换金额换算查询,助手头部1k,24,24,随机,人民币多少钱,53.0
35,货币兑换金额换算查询,助手头部1k,24,24,随机,一美元等于多少人民币？,60.0
36,人民币及货币信息查询,助手头部1k,8,8,流量最高,比特币,514.0
36,人民币及货币信息查询,助手头部1k,8,8,流量最高,比特币行情,425.0
36,人民币及货币信息查询,助手头部1k,8,8,流量最高,币安,190.0
36,人民币及货币信息查询,助手头部1k,8,8,随机,什么币,60.0
36,人民币及货币信息查询,助手头部1k,8,8,随机,比特币行情,425.0
36,人民币及货币信息查询,助手头部1k,8,8,随机,比特币,514.0
71,查询价格与金额,助手头部1k,13,13,流量最高,这张卡多少钱？,239.0
71,查询价格与金额,助手头部1k,13,13,流量最高,现在值多少钱,145.0
71,查询价格与金额,助手头部1k,13,13,流量最高,现在多少钱,142.0
71,查询价格与金额,助手头部1k,13,13,随机,重组成功概率大概有多少,96.0
71,查询价格与金额,助手头部1k,13,13,随机,这张卡值多少钱,111.0
71,查询价格与金额,助手头部1k,13,13,随机,现在值多少钱,145.0
58,查询黄金价格,助手头部1k,48,48,流量最高,黄金价格,4361.0
58,查询黄金价格,助手头部1k,48,48,流量最高,2026今日金价多少一克,567.0
58,查询黄金价格,助手头部1k,48,48,流量最高,黄金,537.0
58,查询黄金价格,助手头部1k,48,48,随机,金价今日多少一克,81.0
58,查询黄金价格,助手头部1k,48,48,随机,现在黄金多少钱一克？,45.0
58,查询黄金价格,助手头部1k,48,48,随机,湖南黄金,55.0
66,金融行情数据查询,助手头部1k,7,7,流量最高,2026年哪个银行利息最高,118.0
66,金融行情数据查询,助手头部1k,7,7,流量最高,2026年哪家银行利息最高,76.0
66,金融行情数据查询,助手头部1k,7,7,流量最高,2026年黄金价格预测,71.0
66,金融行情数据查询,助手头部1k,7,7,随机,2026年黄金价格预测,71.0
66,金融行情数据查询,助手头部1k,7,7,随机,2026年国债发行时间表,68.0
66,金融行情数据查询,助手头部1k,7,7,随机,2026年哪家银行利率最高,51.0
1,查询300开头股票代码与行情,助手头部1k,4,4,流量最高,300851,136.0
1,查询300开头股票代码与行情,助手头部1k,4,4,流量最高,300509股价多少？,98.0
1,查询300开头股票代码与行情,助手头部1k,4,4,流量最高,A股收盘：全市场超3300只个股上涨,59.0
1,查询300开头股票代码与行情,助手头部1k,4,4,随机,苹果手机借钱小额1000到3000,50.0
2,证券代码信息查询#2,助手头部1k,1,1,流量最高,688836,48.0
30,股票行情与选股建议查询,助手头部1k,62,62,流量最高,a股,875.0
30,股票行情与选股建议查询,助手头部1k,62,62,流量最高,这些股票中哪只最有潜力,605.0
30,股票行情与选股建议查询,助手头部1k,62,62,流量最高,A股,322.0
30,股票行情与选股建议查询,助手头部1k,62,62,随机,液冷龙头股,173.0
30,股票行情与选股建议查询,助手头部1k,62,62,随机,天博智能上市首日能涨多少,59.0
30,股票行情与选股建议查询,助手头部1k,62,62,随机,这些股票中哪只最有潜力,605.0
29,蚂蚁庄园今日答案查询,助手头部1k,32,32,流量最高,蚂蚁庄园今日答案,209.0
29,蚂蚁庄园今日答案查询,助手头部1k,32,32,流量最高,今日蚂蚁庄园正确答案,151.0
29,蚂蚁庄园今日答案查询,助手头部1k,32,32,流量最高,蚂蚁庄园今日答案有哪些,139.0
29,蚂蚁庄园今日答案查询,助手头部1k,32,32,随机,蚂蚁庄园今日答案大全,60.0
29,蚂蚁庄园今日答案查询,助手头部1k,32,32,随机,蚂蚁新村今日正确答案最新,45.0
29,蚂蚁庄园今日答案查询,助手头部1k,32,32,随机,蚂蚁庄园今日答案,209.0
3,查询电话号码归属,助手头部1k,7,6,流量最高,95588可以协商还本金吗,248.0
3,查询电话号码归属,助手头部1k,7,6,流量最高,95566来电不接没事吧,218.0
3,查询电话号码归属,助手头部1k,7,6,流量最高,95126一般打过来干嘛的,181.0
3,查询电话号码归属,助手头部1k,7,6,随机,邮政银行95580短信真假,50.0
3,查询电话号码归属,助手头部1k,7,6,随机,工商银行95588主动来电一般都是什么,76.0
3,查询电话号码归属,助手头部1k,7,6,随机,95588是什么电话,52.0
73,证券代码信息查询#73,助手头部1k,1,1,流量最高,000955,57.0
11,查询金融术语含义,助手头部1k,9,9,流量最高,9920短期解控是什么意思,173.0
11,查询金融术语含义,助手头部1k,9,9,流量最高,转账提示9920是什么意思啊,123.0
11,查询金融术语含义,助手头部1k,9,9,流量最高,农行批量扣费300什么意思,119.0
11,查询金融术语含义,助手头部1k,9,9,随机,转账提示9920是什么意思啊,123.0
11,查询金融术语含义,助手头部1k,9,9,随机,这是什么币？,78.0
11,查询金融术语含义,助手头部1k,9,9,随机,市盈率什么意思,45.0
27,查询市场行情,助手头部1k,62,62,流量最高,美股,3073.0
27,查询市场行情,助手头部1k,62,62,流量最高,股市行情,2265.0
27,查询市场行情,助手头部1k,62,62,流量最高,股市信息上百度,1195.0
27,查询市场行情,助手头部1k,62,62,随机,美国股市股票,86.0
27,查询市场行情,助手头部1k,62,62,随机,全球股市行情指数一览,47.0
27,查询市场行情,助手头部1k,62,62,随机,股市,327.0
25,查询股票信息,助手头部1k,126,126,流量最高,英伟达股票,1111.0
25,查询股票信息,助手头部1k,126,126,流量最高,股票,638.0
25,查询股票信息,助手头部1k,126,126,流量最高,闪迪股票,432.0
25,查询股票信息,助手头部1k,126,126,随机,士兰微股票,82.0
25,查询股票信息,助手头部1k,126,126,随机,药明康德 股票,72.0
25,查询股票信息,助手头部1k,126,126,随机,特斯拉股票,189.0
31,查询财经门户与市场行情,助手头部1k,27,27,流量最高,英伟达财报,419.0
31,查询财经门户与市场行情,助手头部1k,27,27,流量最高,东方财富网,294.0
31,查询财经门户与市场行情,助手头部1k,27,27,流量最高,贵金属交易软件,280.0
31,查询财经门户与市场行情,助手头部1k,27,27,随机,东方财富网官方网页,67.0
31,查询财经门户与市场行情,助手头部1k,27,27,随机,五星智投,48.0
31,查询财经门户与市场行情,助手头部1k,27,27,随机,度小满,144.0
63,查询价格走势图,助手头部1k,23,23,流量最高,黄金价格走势图,248.0
63,查询价格走势图,助手头部1k,23,23,流量最高,黄金走势,152.0
63,查询价格走势图,助手头部1k,23,23,流量最高,黄金曲线图走势,136.0
63,查询价格走势图,助手头部1k,23,23,随机,国际金价未来走势如何,126.0
63,查询价格走势图,助手头部1k,23,23,随机,黄金走势k线图,90.0
63,查询价格走势图,助手头部1k,23,23,随机,明天走势,58.0
33,查询人民币兑外币汇率,助手头部1k,44,44,流量最高,美元兑换人民币,444.0
33,查询人民币兑外币汇率,助手头部1k,44,44,流量最高,美元人民币汇率,391.0
33,查询人民币兑外币汇率,助手头部1k,44,44,流量最高,美元换人民币,329.0
33,查询人民币兑外币汇率,助手头部1k,44,44,随机,欧元人民币汇率,166.0
33,查询人民币兑外币汇率,助手头部1k,44,44,随机,港币对人民币汇率,67.0
33,查询人民币兑外币汇率,助手头部1k,44,44,随机,美元兑换成人民币,44.0
15,查询借款平台正规性,助手头部1k,13,13,流量最高,期货哪个平台最正规,378.0
15,查询借款平台正规性,助手头部1k,13,13,流量最高,易享花是什么平台的,163.0
15,查询借款平台正规性,助手头部1k,13,13,流量最高,现货黄金交易正规平台,134.0
15,查询借款平台正规性,助手头部1k,13,13,随机,这是什么平台,58.0
15,查询借款平台正规性,助手头部1k,13,13,随机,现货黄金交易正规平台,134.0
15,查询借款平台正规性,助手头部1k,13,13,随机,怎么把平台的钱提出来,66.0
52,下载安装金融类App,助手头部1k,21,21,流量最高,paypal,2083.0
52,下载安装金融类App,助手头部1k,21,21,流量最高,指南针炒股软件手机版官方下载,1226.0
52,下载安装金融类App,助手头部1k,21,21,流量最高,通达信app手机版下载,529.0
52,下载安装金融类App,助手头部1k,21,21,随机,通达信app手机版下载,529.0
52,下载安装金融类App,助手头部1k,21,21,随机,贵金属交易平台app排行榜,79.0
52,下载安装金融类App,助手头部1k,21,21,随机,金荣中国官网app下载安装最新版,76.0
48,银行卡业务查询与办理指导,助手头部1k,7,7,流量最高,工商银行卡余额不足扣不了管理费怎么办,192.0
48,银行卡业务查询与办理指导,助手头部1k,7,7,流量最高,一类卡和二类卡哪个更安全,76.0
48,银行卡业务查询与办理指导,助手头部1k,7,7,流量最高,银行卡余额3000可用2000是咋回事,59.0
48,银行卡业务查询与办理指导,助手头部1k,7,7,随机,银行卡被冻结后多久能解冻,55.0
48,银行卡业务查询与办理指导,助手头部1k,7,7,随机,银行卡状态正常但余额被冻结,45.0
48,银行卡业务查询与办理指导,助手头部1k,7,7,随机,银行卡余额3000可用2000是咋回事,59.0
44,支付宝相关操作查询,助手头部1k,8,8,流量最高,易宝支付北海云华扣29.9,975.0
44,支付宝相关操作查询,助手头部1k,8,8,流量最高,支付宝,212.0
44,支付宝相关操作查询,助手头部1k,8,8,流量最高,支付宝转账,125.0
44,支付宝相关操作查询,助手头部1k,8,8,随机,支付宝下载安装,57.0
44,支付宝相关操作查询,助手头部1k,8,8,随机,支付宝钱,51.0
44,支付宝相关操作查询,助手头部1k,8,8,随机,支付宝转账,125.0
8,查询贷款信息,助手头部1k,12,12,流量最高,拍拍贷,1270.0
8,查询贷款信息,助手头部1k,12,12,流量最高,房贷计算器,413.0
8,查询贷款信息,助手头部1k,12,12,流量最高,拍拍贷,377.0
8,查询贷款信息,助手头部1k,12,12,随机,房贷计算器,413.0
8,查询贷款信息,助手头部1k,12,12,随机,贷款计算器,133.0
8,查询贷款信息,助手头部1k,12,12,随机,房子抵押贷款,80.0
53,中国银行服务信息查询,助手头部1k,5,5,流量最高,金荣中国,1300.0
53,中国银行服务信息查询,助手头部1k,5,5,流量最高,中国银行,146.0
53,中国银行服务信息查询,助手头部1k,5,5,流量最高,中报,79.0
53,中国银行服务信息查询,助手头部1k,5,5,随机,中报,79.0
53,中国银行服务信息查询,助手头部1k,5,5,随机,金荣中国,1300.0
32,证券股票信息查询,助手头部1k,2,2,流量最高,广发证券官网,722.0
32,证券股票信息查询,助手头部1k,2,2,流量最高,中信证券,58.0
16,查询人寿保险相关业务信息,助手头部1k,2,2,流量最高,中国人寿雇主责任险,681.0
16,查询人寿保险相关业务信息,助手头部1k,2,2,流量最高,人寿保险app下载,155.0
50,农业银行及农村信用社服务信息查询,助手头部1k,29,29,流量最高,农业银行账户余额200可用余额0是什么,1566.0
50,农业银行及农村信用社服务信息查询,助手头部1k,29,29,流量最高,农业银行卡自动扣80是扣什么,907.0
50,农业银行及农村信用社服务信息查询,助手头部1k,29,29,流量最高,农业银行卡uc批扣240是怎么回事,802.0
50,农业银行及农村信用社服务信息查询,助手头部1k,29,29,随机,农业银行卡自动代扣,53.0
50,农业银行及农村信用社服务信息查询,助手头部1k,29,29,随机,农业银行卡uc扣120元,112.0
50,农业银行及农村信用社服务信息查询,助手头部1k,29,29,随机,农业银行不满300元,83.0
49,银行信息查询,助手头部1k,53,52,流量最高,工商银行95588短信提醒怎么开通,970.0
49,银行信息查询,助手头部1k,53,52,流量最高,工商银行9920只收不付,936.0
49,银行信息查询,助手头部1k,53,52,流量最高,预选行,752.0
49,银行信息查询,助手头部1k,53,52,随机,工商银行不够300,90.0
49,银行信息查询,助手头部1k,53,52,随机,工商银行不足300每个月扣钱么,44.0
49,银行信息查询,助手头部1k,53,52,随机,工商银行卡余额不足300,378.0
64,查询金融业务数值与代码,助手头部1k,4,4,流量最高,中国巨石实时股价是多少？,115.0
64,查询金融业务数值与代码,助手头部1k,4,4,流量最高,北交所打新中签率大概是多少,49.0
64,查询金融业务数值与代码,助手头部1k,4,4,流量最高,重组成功概率大概是多少,47.0
64,查询金融业务数值与代码,助手头部1k,4,4,随机,重组成功概率大概是多少,47.0
21,保险公司电话查询,助手头部1k,11,11,流量最高,平安保险雇主责任险,1411.0
21,保险公司电话查询,助手头部1k,11,11,流量最高,中国平安雇主责任险,716.0
21,保险公司电话查询,助手头部1k,11,11,流量最高,平安车险电话,504.0
21,保险公司电话查询,助手头部1k,11,11,随机,平安保险客服电话,53.0
21,保险公司电话查询,助手头部1k,11,11,随机,平安车险在线投保官网,463.0
21,保险公司电话查询,助手头部1k,11,11,随机,平安,63.0
54,建设银行网点与服务查询,助手头部1k,3,3,流量最高,建设银行,119.0
54,建设银行网点与服务查询,助手头部1k,3,3,流量最高,中国建设银行,55.0
54,建设银行网点与服务查询,助手头部1k,3,3,流量最高,建设银行电话,45.0
26,查询个股股票行情与股吧讨论,助手头部1k,17,17,流量最高,紫金矿业股票,234.0
26,查询个股股票行情与股吧讨论,助手头部1k,17,17,流量最高,洛阳钼业股票,136.0
26,查询个股股票行情与股吧讨论,助手头部1k,17,17,流量最高,金健米业股票,121.0
26,查询个股股票行情与股吧讨论,助手头部1k,17,17,随机,金健米业股票,121.0
26,查询个股股票行情与股吧讨论,助手头部1k,17,17,随机,誉衡药业股票,75.0
26,查询个股股票行情与股吧讨论,助手头部1k,17,17,随机,南山铝业股票,48.0
22,查询科技股与科创板信息,助手头部1k,13,13,流量最高,科创50,186.0
22,查询科技股与科创板信息,助手头部1k,13,13,流量最高,百迈科申购预测,107.0
22,查询科技股与科创板信息,助手头部1k,13,13,流量最高,天娱数科股票,82.0
22,查询科技股与科创板信息,助手头部1k,13,13,随机,科创50,186.0
22,查询科技股与科创板信息,助手头部1k,13,13,随机,昊华科技,68.0
22,查询科技股与科创板信息,助手头部1k,13,13,随机,协鑫能科股票,56.0
23,科技类股票信息查询,助手头部1k,21,21,流量最高,长鑫科技股票,537.0
23,科技类股票信息查询,助手头部1k,21,21,流量最高,宇树科技股票今日行情,418.0
23,科技类股票信息查询,助手头部1k,21,21,流量最高,美光科技股票,367.0
23,科技类股票信息查询,助手头部1k,21,21,随机,金风科技股票,61.0
23,科技类股票信息查询,助手头部1k,21,21,随机,蓝思科技股票,67.0
23,科技类股票信息查询,助手头部1k,21,21,随机,长鑫科技股票,537.0
18,查询保险相关业务,助手头部1k,11,11,流量最高,买保险留电话入口,1382.0
18,查询保险相关业务,助手头部1k,11,11,流量最高,元保保险,1341.0
18,查询保险相关业务,助手头部1k,11,11,流量最高,保险留电话入口,338.0
18,查询保险相关业务,助手头部1k,11,11,随机,保险留电话入口,338.0
18,查询保险相关业务,助手头部1k,11,11,随机,安联保险,90.0
18,查询保险相关业务,助手头部1k,11,11,随机,众安保险可靠吗,49.0
43,支付方式使用与设置查询,助手头部1k,3,3,流量最高,云闪付,89.0
43,支付方式使用与设置查询,助手头部1k,3,3,流量最高,工商9920紧急支付,75.0
43,支付方式使用与设置查询,助手头部1k,3,3,流量最高,奇付通自动续费,51.0
12,金融业务操作与问题处理方法查询,助手头部1k,8,8,流量最高,工行转账出现9078是怎么回事,679.0
12,金融业务操作与问题处理方法查询,助手头部1k,8,8,流量最高,交银信托转1000元怎么还,233.0
12,金融业务操作与问题处理方法查询,助手头部1k,8,8,流量最高,农行不足500元扣款怎么办理业务,103.0
12,金融业务操作与问题处理方法查询,助手头部1k,8,8,随机,农行不足500元扣款怎么办理业务,103.0
12,金融业务操作与问题处理方法查询,助手头部1k,8,8,随机,股票开户怎么开,51.0
12,金融业务操作与问题处理方法查询,助手头部1k,8,8,随机,怎么开户教程,72.0
19,车险购买与理赔咨询,助手头部1k,4,4,流量最高,车险查询报价,275.0
19,车险购买与理赔咨询,助手头部1k,4,4,流量最高,人保车险查询,79.0
19,车险购买与理赔咨询,助手头部1k,4,4,流量最高,有风险吗,64.0
19,车险购买与理赔咨询,助手头部1k,4,4,随机,车险查询报价,275.0
39,货币兑换查询,助手头部1k,8,8,流量最高,人民币兑美元,184.0
39,货币兑换查询,助手头部1k,8,8,流量最高,港币人民币兑换,172.0
39,货币兑换查询,助手头部1k,8,8,流量最高,人民币兑日元,73.0
39,货币兑换查询,助手头部1k,8,8,随机,人民币兑美元,184.0
39,货币兑换查询,助手头部1k,8,8,随机,美元人民币兑换,44.0
39,货币兑换查询,助手头部1k,8,8,随机,港币和人民币兑换,71.0
62,查询金价,助手头部1k,34,34,流量最高,今日金价,11669.0
62,查询金价,助手头部1k,34,34,流量最高,金价,2343.0
62,查询金价,助手头部1k,34,34,流量最高,国际金价,1518.0
62,查询金价,助手头部1k,34,34,随机,今日金价,11669.0
62,查询金价,助手头部1k,34,34,随机,近期金价还会继续涨吗,54.0
62,查询金价,助手头部1k,34,34,随机,今日的金价,75.0
60,市场价格行情查询,助手头部1k,20,20,流量最高,今日银价,558.0
60,市场价格行情查询,助手头部1k,20,20,流量最高,市场价格,444.0
60,市场价格行情查询,助手头部1k,20,20,流量最高,白银价格,416.0
60,市场价格行情查询,助手头部1k,20,20,随机,美原油黄金白银铜铝期货价格最新行情查询表,246.0
60,市场价格行情查询,助手头部1k,20,20,随机,白银银价,82.0
60,市场价格行情查询,助手头部1k,20,20,随机,银价,161.0
59,实时行情查询,助手头部1k,16,15,流量最高,美股实时行情,1610.0
59,实时行情查询,助手头部1k,16,15,流量最高,实时金价行情,391.0
59,实时行情查询,助手头部1k,16,15,流量最高,美股今日实时行情,262.0
59,实时行情查询,助手头部1k,16,15,随机,美股三大指数实时行情,128.0
59,实时行情查询,助手头部1k,16,15,随机,美股行情 实时行情,68.0
59,实时行情查询,助手头部1k,16,15,随机,沪深股市实时行情,73.0
65,计算存贷款利息,助手头部1k,6,6,流量最高,等额本息和等额本金哪个划算,987.0
65,计算存贷款利息,助手头部1k,6,6,流量最高,等额本息和等额本金哪个更划算,285.0
65,计算存贷款利息,助手头部1k,6,6,流量最高,等额本金和等额本息哪个更划算,168.0
65,计算存贷款利息,助手头部1k,6,6,随机,等额本金和等额本息哪个更划算,168.0
65,计算存贷款利息,助手头部1k,6,6,随机,等额本息和等额本金哪种更划算,92.0
65,计算存贷款利息,助手头部1k,6,6,随机,等额本息和等额本金哪个更划算,285.0
10,查询转账与账户业务可行性,助手头部1k,8,8,流量最高,借钱急用,141.0
10,查询转账与账户业务可行性,助手头部1k,8,8,流量最高,工商转账提示9920是为啥,79.0
10,查询转账与账户业务可行性,助手头部1k,8,8,流量最高,借钱急用,68.0
10,查询转账与账户业务可行性,助手头部1k,8,8,随机,国债逆回购如何操作,45.0
10,查询转账与账户业务可行性,助手头部1k,8,8,随机,我的补发工资为什么没有到账,59.0
10,查询转账与账户业务可行性,助手头部1k,8,8,随机,工商转账提示9920是为啥,79.0
17,查询保险公司信息,助手头部1k,5,5,流量最高,近三年AI创业公司在国内融资情况如何,723.0
17,查询保险公司信息,助手头部1k,5,5,流量最高,近三年AI创业公司在国内融资情况如何,469.0
17,查询保险公司信息,助手头部1k,5,5,流量最高,长安消费金融有限公司正规吗,80.0
17,查询保险公司信息,助手头部1k,5,5,随机,近三年AI创业公司在国内融资情况如何,723.0
17,查询保险公司信息,助手头部1k,5,5,随机,长安消费金融有限公司正规吗,80.0
45,查询股份公司及股票信息,助手头部1k,26,26,流量最高,星宇股份,702.0
45,查询股份公司及股票信息,助手头部1k,26,26,流量最高,星宇股份 股票,282.0
45,查询股份公司及股票信息,助手头部1k,26,26,流量最高,哈药股份,166.0
45,查询股份公司及股票信息,助手头部1k,26,26,随机,康盛股份,56.0
45,查询股份公司及股票信息,助手头部1k,26,26,随机,星宇股份跌停原因,82.0
45,查询股份公司及股票信息,助手头部1k,26,26,随机,星宇股份,702.0
55,银行客服电话查询,助手头部1k,5,5,流量最高,建行客服电话,58.0
55,银行客服电话查询,助手头部1k,5,5,流量最高,农行客服电话,54.0
55,银行客服电话查询,助手头部1k,5,5,流量最高,农业银行客服电话,50.0
55,银行客服电话查询,助手头部1k,5,5,随机,招商银行客服电话,47.0
55,银行客服电话查询,助手头部1k,5,5,随机,这个号码是银行电话吗,50.0
13,花呗操作查询,助手头部1k,2,2,流量最高,花呗三千分期12个月每个月还多少钱,131.0
13,花呗操作查询,助手头部1k,2,2,流量最高,同花顺,45.0
46,查询股份股票及股吧信息,助手头部1k,7,7,流量最高,宇树股份股票,505.0
46,查询股份股票及股吧信息,助手头部1k,7,7,流量最高,星宇股份股票,67.0
46,查询股份股票及股吧信息,助手头部1k,7,7,流量最高,诺德股份股票,65.0
46,查询股份股票及股吧信息,助手头部1k,7,7,随机,沪电股份股票,44.0
46,查询股份股票及股吧信息,助手头部1k,7,7,随机,杭电股份股票,63.0
46,查询股份股票及股吧信息,助手头部1k,7,7,随机,星宇股份股票,67.0
70,查询定期存款利率,助手头部1k,4,4,流量最高,哪家银行的存款利率最高,111.0
70,查询定期存款利率,助手头部1k,4,4,流量最高,哪个银行的存款利率最高,69.0
70,查询定期存款利率,助手头部1k,4,4,流量最高,自动转存和手动转存哪个更划算,49.0
70,查询定期存款利率,助手头部1k,4,4,随机,自动转存和手动转存哪个更划算,49.0
14,个人征信报告查询与影响咨询,助手头部1k,5,5,流量最高,路征,331.0
14,个人征信报告查询与影响咨询,助手头部1k,5,5,流量最高,征信报告每年能免费打印几次？,131.0
14,个人征信报告查询与影响咨询,助手头部1k,5,5,流量最高,如何查询个人征信报告,87.0
14,个人征信报告查询与影响咨询,助手头部1k,5,5,随机,征信报告每年能打印几次？,52.0
14,个人征信报告查询与影响咨询,助手头部1k,5,5,随机,路征,331.0
68,利率查询与计算,助手头部1k,2,2,流量最高,银行利率一览表,85.0
68,利率查询与计算,助手头部1k,2,2,流量最高,市盈率,77.0
9,贷款提前还款查询,助手头部1k,1,1,流量最高,提前还款能省多少利息,48.0
34,查询美元兑日元汇率,助手头部1k,6,5,流量最高,美元,96.0
34,查询美元兑日元汇率,助手头部1k,6,5,流量最高,美元兑日元,95.0
34,查询美元兑日元汇率,助手头部1k,6,5,流量最高,美元兑换日元,64.0
34,查询美元兑日元汇率,助手头部1k,6,5,随机,美元兑换日元,64.0
34,查询美元兑日元汇率,助手头部1k,6,5,随机,美元兑日元,95.0
7,基金净值查询,助手头部1k,2,2,流量最高,这只基金适合长期持有吗,95.0
7,基金净值查询,助手头部1k,2,2,流量最高,这只基金适合现在入手吗,54.0
30,股票行情与选股建议查询,助手随机1k,207,203,流量最高,国债逆回购哪个品种收益最高,10.0
30,股票行情与选股建议查询,助手随机1k,207,203,流量最高,天原股份未来有上涨空间吗,6.0
30,股票行情与选股建议查询,助手随机1k,207,203,流量最高,重组期间股票还能正常交易吗,6.0
30,股票行情与选股建议查询,助手随机1k,207,203,随机,如何根据历史年化收益曲线判断今天往后近期收益,1.0
30,股票行情与选股建议查询,助手随机1k,207,203,随机,有哪些机构给出了大唐发电的目标价,1.0
30,股票行情与选股建议查询,助手随机1k,207,203,随机,两者护城河分析,1.0
6,查询股票代码与指数信息,助手随机1k,5,4,流量最高,421000年的呢？,1.0
6,查询股票代码与指数信息,助手随机1k,5,4,流量最高,5000韩元长啥样,1.0
6,查询股票代码与指数信息,助手随机1k,5,4,流量最高,5001000个月从,1.0
6,查询股票代码与指数信息,助手随机1k,5,4,随机,880000日元,1.0
0,股票代码查询,助手随机1k,4,4,流量最高,002225濮耐股票,1.0
0,股票代码查询,助手随机1k,4,4,流量最高,600773最新后期走势分析,1.0
0,股票代码查询,助手随机1k,4,4,流量最高,600984现在多少钱,1.0
0,股票代码查询,助手随机1k,4,4,随机,601811雪球球友观点,1.0
10,查询转账与账户业务可行性,助手随机1k,63,63,流量最高,这种是不是分期不能用了,3.0
10,查询转账与账户业务可行性,助手随机1k,63,63,流量最高,这套银币适合长期持有吗,2.0
10,查询转账与账户业务可行性,助手随机1k,63,63,流量最高,分期乐买吖超市卡退款成功率高吗,2.0
10,查询转账与账户业务可行性,助手随机1k,63,63,随机,支票的出票人可以记载自己为收款人吗,1.0
10,查询转账与账户业务可行性,助手随机1k,63,63,随机,密码重置的业务需要什么东西,1.0
10,查询转账与账户业务可行性,助手随机1k,63,63,随机,高溢价转债何时适合买入,1.0
7,基金净值查询,助手随机1k,12,12,流量最高,010347基金近期走势如何,1.0
7,基金净值查询,助手随机1k,12,12,流量最高,590001今天的净值,1.0
7,基金净值查询,助手随机1k,12,12,流量最高,8月28日，指数涨幅和这只基金今天的净值的涨幅，怎么差这么多呀？,1.0
7,基金净值查询,助手随机1k,12,12,随机,今天是净流出吧,1.0
7,基金净值查询,助手随机1k,12,12,随机,维修基金的质保金由谁掌控？,1.0
7,基金净值查询,助手随机1k,12,12,随机,上海靖戈私募基金管理合伙企业持股,1.0
66,金融行情数据查询,助手随机1k,56,55,流量最高,2026贷款利息表,8.0
66,金融行情数据查询,助手随机1k,56,55,流量最高,中科仪2026中报,2.0
66,金融行情数据查询,助手随机1k,56,55,流量最高,杭电股份2026年目标价预测是多少,2.0
66,金融行情数据查询,助手随机1k,56,55,随机,中国建筑2026年中报预测数据有哪些,1.0
66,金融行情数据查询,助手随机1k,56,55,随机,北方华创2026年8月26日股价会涨还是跌,1.0
66,金融行情数据查询,助手随机1k,56,55,随机,如果8月26日没查到结果，是不是说明没中,1.0
67,贷款月供计算,助手随机1k,19,19,流量最高,1.2万是税后,1.0
67,贷款月供计算,助手随机1k,19,19,流量最高,户均千万每户2.2人，那每个人只有三百万,1.0
67,贷款月供计算,助手随机1k,19,19,流量最高,除了创业，几十万资金还能做什么理财,1.0
67,贷款月供计算,助手随机1k,19,19,随机,申请10万额度批下来的月利率然后只用3万是申请10万下来的月利率还是3万另外的月利率,1.0
67,贷款月供计算,助手随机1k,19,19,随机,工行消费贷30万7年期，如何计算还款额,1.0
67,贷款月供计算,助手随机1k,19,19,随机,负债25万的网贷要连本带利的还清。对于一个月薪三四千的打工仔来说至少要多久才能还清？,1.0
72,金融代码查询,助手随机1k,10,9,流量最高,8月31号,2.0
72,金融代码查询,助手随机1k,10,9,流量最高,10.84呢,1.0
72,金融代码查询,助手随机1k,10,9,流量最高,301689这只股票有投资价值吗,1.0
72,金融代码查询,助手随机1k,10,9,随机,图上红色数字1751.440不是当天交易量❓,1.0
72,金融代码查询,助手随机1k,10,9,随机,江西铜业乖离严重，下探低点是5日均线46.75还是昨天低点47.62？,1.0
72,金融代码查询,助手随机1k,10,9,随机,中航信托·天信(2019)35号第29期是否已兑付,1.0
65,计算存贷款利息,助手随机1k,25,25,流量最高,100万存银行一年，哪个银行最划算,3.0
65,计算存贷款利息,助手随机1k,25,25,流量最高,"花呗1万块钱分期12期,手续费利息多少钱",2.0
65,计算存贷款利息,助手随机1k,25,25,流量最高,算利好吗？,2.0
65,计算存贷款利息,助手随机1k,25,25,随机,九万元的定存利息是三点33年以后，应该是多少钱？,1.0
65,计算存贷款利息,助手随机1k,25,25,随机,借五千一年利息大概是多少,1.0
65,计算存贷款利息,助手随机1k,25,25,随机,今天北京市顺义区杨镇北京银行一千块钱三年续存本金加利息是多少,1.0
71,查询价格与金额,助手随机1k,28,27,流量最高,震裕转02上市首日能赚多少,4.0
71,查询价格与金额,助手随机1k,28,27,流量最高,天博智能上市首日大概能赚多少钱,3.0
71,查询价格与金额,助手随机1k,28,27,流量最高,余额宝适合放多少零钱,2.0
71,查询价格与金额,助手随机1k,28,27,随机,余额宝适合放多少零钱,2.0
71,查询价格与金额,助手随机1k,28,27,随机,原价多少钱 现在多少钱,1.0
71,查询价格与金额,助手随机1k,28,27,随机,整理一下这三张小票都买的啥，多少钱呢？,1.0
35,货币兑换金额换算查询,助手随机1k,10,10,流量最高,5000万美金等于多少人民币？,3.0
35,货币兑换金额换算查询,助手随机1k,10,10,流量最高,100元老挝币等于多少人民币,1.0
35,货币兑换金额换算查询,助手随机1k,10,10,流量最高,1个港币等于多少人民币,1.0
35,货币兑换金额换算查询,助手随机1k,10,10,随机,5000万美金等于多少人民币？,3.0
35,货币兑换金额换算查询,助手随机1k,10,10,随机,核算人民币多少钱,1.0
35,货币兑换金额换算查询,助手随机1k,10,10,随机,34545韩元等于多少人民币,1.0
58,查询黄金价格,助手随机1k,11,11,流量最高,今日大盘价黄金多少,17.0
58,查询黄金价格,助手随机1k,11,11,流量最高,我认为黄金还会回调到4100美元附近,2.0
58,查询黄金价格,助手随机1k,11,11,流量最高,1500美元每盎司是多少钱一克,1.0
58,查询黄金价格,助手随机1k,11,11,随机,央行增持黄金的历史数据,1.0
58,查询黄金价格,助手随机1k,11,11,随机,现货黄金下跌，下周黄金股走势,1.0
58,查询黄金价格,助手随机1k,11,11,随机,你刚才说的是过去50年回报率8%，跑赢全球通胀，实际上这也不完全正确，因为最近这个黄金的暴涨才让他有了这样的回报率，否则根本不行,1.0
68,利率查询与计算,助手随机1k,4,4,流量最高,15年住宅贷款哪个银行利率最低,1.0
68,利率查询与计算,助手随机1k,4,4,流量最高,万1.2费率有哪些隐藏费用,1.0
68,利率查询与计算,助手随机1k,4,4,流量最高,国家助学贷款利率自2024年秋季学期起调整为lpr减多少个基点,1.0
68,利率查询与计算,助手随机1k,4,4,随机,机构1.25降到1，是不看好利物浦吗,1.0
48,银行卡业务查询与办理指导,助手随机1k,23,21,流量最高,16岁银行卡网上支付限额是多少,1.0
48,银行卡业务查询与办理指导,助手随机1k,23,21,流量最高,有没有其他方法查询他人银行卡余额,1.0
48,银行卡业务查询与办理指导,助手随机1k,23,21,流量最高,银行卡里放多少钱不扣管理费,1.0
48,银行卡业务查询与办理指导,助手随机1k,23,21,随机,这张卡的开户行在哪里？,1.0
48,银行卡业务查询与办理指导,助手随机1k,23,21,随机,维萨卡绑定微信需要哪些手续费,1.0
48,银行卡业务查询与办理指导,助手随机1k,23,21,随机,银行卡里放多少钱不扣管理费,1.0
47,查询办理信用卡业务,助手随机1k,12,12,流量最高,18年办的邮政储蓄银行信用卡没激活还能用吗,1.0
47,查询办理信用卡业务,助手随机1k,12,12,流量最高,信用卡可以全额分期还款吗,1.0
47,查询办理信用卡业务,助手随机1k,12,12,流量最高,信用卡年费不交会冻结哪些银行卡,1.0
47,查询办理信用卡业务,助手随机1k,12,12,随机,信用社卡身份证到期怎么更新,1.0
47,查询办理信用卡业务,助手随机1k,12,12,随机,征信花了，农行信用卡好下吗,1.0
47,查询办理信用卡业务,助手随机1k,12,12,随机,信用卡消费有哪些限制,1.0
70,查询定期存款利率,助手随机1k,14,14,流量最高,200万存款理财怎么放,1.0
70,查询定期存款利率,助手随机1k,14,14,流量最高,2016到2025年工行定期存款利率变化,1.0
70,查询定期存款利率,助手随机1k,14,14,流量最高,20万存农行大额存单能买吗,1.0
70,查询定期存款利率,助手随机1k,14,14,随机,银行存款存单和银行卡哪种更划算,1.0
70,查询定期存款利率,助手随机1k,14,14,随机,工商银行02920存单整存整取销户回单凭证里的借方就是我的定期存单，贷方就是我的借记卡。银行是充当什么角色？,1.0
70,查询定期存款利率,助手随机1k,14,14,随机,上海哪些银行一年期定存利率最高,1.0
36,人民币及货币信息查询,助手随机1k,7,7,流量最高,2010挖矿多久能有一枚比特币,1.0
36,人民币及货币信息查询,助手随机1k,7,7,流量最高,印尼旅行时哪些面额纸币最常用,1.0
36,人民币及货币信息查询,助手随机1k,7,7,流量最高,哪些加密货币对美联储加息反应最大,1.0
36,人民币及货币信息查询,助手随机1k,7,7,随机,有哪些加密货币可以赚钱,1.0
36,人民币及货币信息查询,助手随机1k,7,7,随机,数字人民币跨境支付能提升人民币国际占比吗,1.0
36,人民币及货币信息查询,助手随机1k,7,7,随机,在澳门是否有支持人民币理财的比性价比比较高的银行？,1.0
20,查询交强险保费、赔偿与投保规定,助手随机1k,1,1,流量最高,2026年交强险最低保费是多少,12.0
33,查询人民币兑外币汇率,助手随机1k,10,10,流量最高,2026年人民币平均汇率对美元,1.0
33,查询人民币兑外币汇率,助手随机1k,10,10,流量最高,5月加元兑人民币汇率大概是多少,1.0
33,查询人民币兑外币汇率,助手随机1k,10,10,流量最高,卢布与人民币是固定汇率吗,1.0
33,查询人民币兑外币汇率,助手随机1k,10,10,随机,格格鲁吉亚的货币兑换人民币是怎么兑换,1.0
33,查询人民币兑外币汇率,助手随机1k,10,10,随机,现在1比特币兑换人民币是多少,1.0
33,查询人民币兑外币汇率,助手随机1k,10,10,随机,如何计算汇率差额备付金,1.0
1,查询300开头股票代码与行情,助手随机1k,2,2,流量最高,300795股票是否值得购买,1.0
1,查询300开头股票代码与行情,助手随机1k,2,2,流量最高,北京300804指南针要的身份信息有存在身份信息泄露的风险吗,1.0
50,农业银行及农村信用社服务信息查询,助手随机1k,14,14,流量最高,30万存农业银行一个月,1.0
50,农业银行及农村信用社服务信息查询,助手随机1k,14,14,流量最高,东平农村商业银行0.01股份是多少,1.0
50,农业银行及农村信用社服务信息查询,助手随机1k,14,14,流量最高,中国农业银行得不得也办一一张信用卡？,1.0
50,农业银行及农村信用社服务信息查询,助手随机1k,14,14,随机,给我提供信阳柳林最近的农业银行网点信息,1.0
50,农业银行及农村信用社服务信息查询,助手随机1k,14,14,随机,如何确认农业银行掌银是否已注册,1.0
50,农业银行及农村信用社服务信息查询,助手随机1k,14,14,随机,农业银行股票最佳买入点,1.0
12,金融业务操作与问题处理方法查询,助手随机1k,26,26,流量最高,比特币怎么持有,2.0
12,金融业务操作与问题处理方法查询,助手随机1k,26,26,流量最高,30克换30克黄金具体怎么操作,1.0
12,金融业务操作与问题处理方法查询,助手随机1k,26,26,流量最高,亚朵金卡季卡怎么领啊？,1.0
12,金融业务操作与问题处理方法查询,助手随机1k,26,26,随机,分红怎么变少了,1.0
12,金融业务操作与问题处理方法查询,助手随机1k,26,26,随机,对方转账后撤回了怎么办,1.0
12,金融业务操作与问题处理方法查询,助手随机1k,26,26,随机,卖空怎么理解,1.0
63,查询价格走势图,助手随机1k,29,28,流量最高,光环新网走势,3.0
63,查询价格走势图,助手随机1k,29,28,流量最高,海正药业的股价走势如何,2.0
63,查询价格走势图,助手随机1k,29,28,流量最高,分析大盘走势,2.0
63,查询价格走势图,助手随机1k,29,28,随机,凯撒旅业价位与超势分析,1.0
63,查询价格走势图,助手随机1k,29,28,随机,四川长虹中报后股价走势如何预测,1.0
63,查询价格走势图,助手随机1k,29,28,随机,江淮汽车九月份股价走势如何？,1.0
2,证券代码信息查询#2,助手随机1k,2,2,流量最高,688717最新消息,1.0
2,证券代码信息查询#2,助手随机1k,2,2,流量最高,688826股票有投资价值吗,1.0
62,查询金价,助手随机1k,7,7,流量最高,8月26日金价具体什么时间买入合适,1.0
62,查询金价,助手随机1k,7,7,流量最高,今天香港金价是否会上涨,1.0
62,查询金价,助手随机1k,7,7,流量最高,如何估算国寿鑫悦一生的现金价值,1.0
62,查询金价,助手随机1k,7,7,随机,犹豫期后退保，现金价值表在哪里查,1.0
62,查询金价,助手随机1k,7,7,随机,湛江地区今日金价具体是多少,1.0
62,查询金价,助手随机1k,7,7,随机,明日金价还会涨吗,1.0
45,查询股份公司及股票信息,助手随机1k,14,14,流量最高,8月27日杭电股份能否继续涨停,1.0
45,查询股份公司及股票信息,助手随机1k,14,14,流量最高,中色股份分红政策有何变化,1.0
45,查询股份公司及股票信息,助手随机1k,14,14,流量最高,全球存托股份的风险有哪些,1.0
45,查询股份公司及股票信息,助手随机1k,14,14,随机,顺络电子捐赠股份是否会影响股价,1.0
45,查询股份公司及股票信息,助手随机1k,14,14,随机,星宇股份是股票吗？,1.0
45,查询股份公司及股票信息,助手随机1k,14,14,随机,内行人看沪电股份,1.0
3,查询电话号码归属,助手随机1k,3,2,流量最高,95580客服如何转接至三家镇网点,1.0
3,查询电话号码归属,助手随机1k,3,2,流量最高,99990E错误代码的含义是什么,1.0
60,市场价格行情查询,助手随机1k,9,9,流量最高,9月开盘价格会比现在低吗,1.0
60,市场价格行情查询,助手随机1k,9,9,流量最高,国际铜价格今日报价,1.0
60,市场价格行情查询,助手随机1k,9,9,流量最高,新粉上市对价格影响有多大,1.0
60,市场价格行情查询,助手随机1k,9,9,随机,股票发行价的价格是整体偏高还是偏低,1.0
60,市场价格行情查询,助手随机1k,9,9,随机,配股价格,1.0
60,市场价格行情查询,助手随机1k,9,9,随机,普通铝合金价格比铝镁合金便宜多少,1.0
52,下载安装金融类App,助手随机1k,14,14,流量最高,有凭证借条app下载,2.0
52,下载安装金融类App,助手随机1k,14,14,流量最高,APP里没有啊,1.0
52,下载安装金融类App,助手随机1k,14,14,流量最高,OPPO vivo手机业务的财报,1.0
52,下载安装金融类App,助手随机1k,14,14,随机,有凭证借条app下载,2.0
52,下载安装金融类App,助手随机1k,14,14,随机,平安银行APP不绑卡能查助学贷款进度吗,1.0
52,下载安装金融类App,助手随机1k,14,14,随机,中国海油类APP的官方正规性如何核实,1.0
25,查询股票信息,助手随机1k,20,20,流量最高,海欧住工股票,5.0
25,查询股票信息,助手随机1k,20,20,流量最高,股市股票,4.0
25,查询股票信息,助手随机1k,20,20,流量最高,渤海银行 股票,2.0
25,查询股票信息,助手随机1k,20,20,随机,股票一年出几次季报,1.0
25,查询股票信息,助手随机1k,20,20,随机,绿控这股票值得购买吗,1.0
25,查询股票信息,助手随机1k,20,20,随机,赛微电子股票中报预报,1.0
11,查询金融术语含义,助手随机1k,20,20,流量最高,SFIG是什么股票,1.0
11,查询金融术语含义,助手随机1k,20,20,流量最高,为什么二季度业绩这么拉胯,1.0
11,查询金融术语含义,助手随机1k,20,20,流量最高,非鱼之乐干什么的,1.0
11,查询金融术语含义,助手随机1k,20,20,随机,转账时提示与信息不符什么意思,1.0
11,查询金融术语含义,助手随机1k,20,20,随机,美国韦伯斯特金融是做什么的？,1.0
11,查询金融术语含义,助手随机1k,20,20,随机,验钞机里面有什么东西？,1.0
31,查询财经门户与市场行情,助手随机1k,18,18,流量最高,京投发展重组,2.0
31,查询财经门户与市场行情,助手随机1k,18,18,流量最高,ST佳缘的主要客户有哪些,1.0
31,查询财经门户与市场行情,助手随机1k,18,18,流量最高,到月底北交所打新,1.0
31,查询财经门户与市场行情,助手随机1k,18,18,随机,如何设置手机看ETF界面,1.0
31,查询财经门户与市场行情,助手随机1k,18,18,随机,光大理财阳光金增与阳光金创有啥不同哪个好,1.0
31,查询财经门户与市场行情,助手随机1k,18,18,随机,折T,1.0
17,查询保险公司信息,助手随机1k,16,15,流量最高,ST康佳退市后，公司会重组吗,1.0
17,查询保险公司信息,助手随机1k,16,15,流量最高,保险公司一直卡着说资料不全是真的吗,1.0
17,查询保险公司信息,助手随机1k,16,15,流量最高,保险公司住院保险对日间手术报销吗？,1.0
17,查询保险公司信息,助手随机1k,16,15,随机,湖南农信担公司能为沃力农公司提供借款保函吗？,1.0
17,查询保险公司信息,助手随机1k,16,15,随机,这三家公司哪家更适合我投资,1.0
17,查询保险公司信息,助手随机1k,16,15,随机,哪家保险公司的服务网点在芜湖最多,1.0
59,实时行情查询,助手随机1k,2,2,流量最高,美股TTMI股票即时行情,2.0
59,实时行情查询,助手随机1k,2,2,流量最高,a50富时中国期货指数实时分时图,1.0
43,支付方式使用与设置查询,助手随机1k,11,11,流量最高,免密支付怎么关,13.0
43,支付方式使用与设置查询,助手随机1k,11,11,流量最高,怎样取消免密支付功能,5.0
43,支付方式使用与设置查询,助手随机1k,11,11,流量最高,云闪付是什么？,2.0
43,支付方式使用与设置查询,助手随机1k,11,11,随机,扫码支付延迟到账多久能确认,1.0
43,支付方式使用与设置查询,助手随机1k,11,11,随机,汇付天下扣款如何取消,1.0
43,支付方式使用与设置查询,助手随机1k,11,11,随机,广西百色的云闪付红包何时过期,1.0
24,证券股吧查询,助手随机1k,1,1,流量最高,上工申贝股吧,1.0
54,建设银行网点与服务查询,助手随机1k,5,5,流量最高,上海建工有好消息吗？,1.0
54,建设银行网点与服务查询,助手随机1k,5,5,流量最高,今天潍城建设银行上班吗？,1.0
54,建设银行网点与服务查询,助手随机1k,5,5,流量最高,如何解除建设银行APP的设备绑定,1.0
54,建设银行网点与服务查询,助手随机1k,5,5,随机,建设银行长虹路支行何时营业,1.0
54,建设银行网点与服务查询,助手随机1k,5,5,随机,怎样在中国建设银行A P P上查询借记卡年费是否免费？,1.0
28,股指行情查询,助手随机1k,8,8,流量最高,上海武汉指数什么时候成熟？,1.0
28,股指行情查询,助手随机1k,8,8,流量最高,今年上证指数最低是什么时间,1.0
28,股指行情查询,助手随机1k,8,8,流量最高,加藤金手指,1.0
28,股指行情查询,助手随机1k,8,8,随机,指数基金增强有哪些风险,1.0
28,股指行情查询,助手随机1k,8,8,随机,详细数据,1.0
28,股指行情查询,助手随机1k,8,8,随机,美国费城半导体指数对英伟达影响有多大？,1.0
18,查询保险相关业务,助手随机1k,19,19,流量最高,商业养老保险,4.0
18,查询保险相关业务,助手随机1k,19,19,流量最高,不是我问那个保单那个事儿,1.0
18,查询保险相关业务,助手随机1k,19,19,流量最高,平安爱满分保险性价比如何,1.0
18,查询保险相关业务,助手随机1k,19,19,随机,我家里有个高层保险的，这个是昨天一天的,1.0
18,查询保险相关业务,助手随机1k,19,19,随机,商业养老保险,4.0
18,查询保险相关业务,助手随机1k,19,19,随机,福特翼虎前挡风玻璃更换有保险吗,1.0
14,个人征信报告查询与影响咨询,助手随机1k,9,8,流量最高,个人信用情况会影响哪些方面？,1.0
14,个人征信报告查询与影响咨询,助手随机1k,9,8,流量最高,征信报告上的个人资料于我申请贷款填写的资料不一样怎么办后期申请贷款有影响吗，怎么办,1.0
14,个人征信报告查询与影响咨询,助手随机1k,9,8,流量最高,本人征信有问题，老婆的征信资质相当好，可否以老婆名义贷车在我名下呢？,1.0
14,个人征信报告查询与影响咨询,助手随机1k,9,8,随机,欠费停机不注销，影响征信吗,1.0
14,个人征信报告查询与影响咨询,助手随机1k,9,8,随机,解除限高会影响个人征信记录吗,1.0
14,个人征信报告查询与影响咨询,助手随机1k,9,8,随机,给我提供北京征信报告打印网点的详细地图,1.0
49,银行信息查询,助手随机1k,38,36,流量最高,中信银行嘉兴有几家分行地址在哪里？,1.0
49,银行信息查询,助手随机1k,38,36,流量最高,丰县农商银行周六上班吗,1.0
49,银行信息查询,助手随机1k,38,36,流量最高,张勇、刘田田在费县农商银行有贷款吗,1.0
49,银行信息查询,助手随机1k,38,36,随机,农商银行调日限额有手续费吗,1.0
49,银行信息查询,助手随机1k,38,36,随机,郑州银行和工行哪个更适合我,1.0
49,银行信息查询,助手随机1k,38,36,随机,农商银行……统一法人改革后，要把优化考核体系作为核心之责……,1.0
55,银行客服电话查询,助手随机1k,8,8,流量最高,中华联合24小时人工客服电话怎么转接,1.0
55,银行客服电话查询,助手随机1k,8,8,流量最高,他官网有电话吗,1.0
55,银行客服电话查询,助手随机1k,8,8,流量最高,华鑫信托客服电话人工服务怎么转接,1.0
55,银行客服电话查询,助手随机1k,8,8,随机,周大福人寿客服电话打不通怎么办,1.0
55,银行客服电话查询,助手随机1k,8,8,随机,给我提供彭山珠江银行的客服电话,1.0
55,银行客服电话查询,助手随机1k,8,8,随机,拦截0开头号码会误伤银行客服吗,1.0
53,中国银行服务信息查询,助手随机1k,10,10,流量最高,中国重汽未来有增长空间吗,2.0
53,中国银行服务信息查询,助手随机1k,10,10,流量最高,中国广电增持歌华有线预计何时启动,1.0
53,中国银行服务信息查询,助手随机1k,10,10,流量最高,中国资本基本没有良心底线,1.0
53,中国银行服务信息查询,助手随机1k,10,10,随机,中国银行开封学院门支行没有这个名字，那他叫什么名字呀？,1.0
53,中国银行服务信息查询,助手随机1k,10,10,随机,哔哩哔哩中国银行联名卡,1.0
53,中国银行服务信息查询,助手随机1k,10,10,随机,中国重汽未来有增长空间吗,2.0
64,查询金融业务数值与代码,助手随机1k,29,28,流量最高,中国神华股息率多少,1.0
64,查询金融业务数值与代码,助手随机1k,29,28,流量最高,中银香港工资卡单日转账最高限额是多少,1.0
64,查询金融业务数值与代码,助手随机1k,29,28,流量最高,鹿城保的免赔额是多少,1.0
64,查询金融业务数值与代码,助手随机1k,29,28,随机,友邦保险荣誉讲师的佣金比例是多少,1.0
64,查询金融业务数值与代码,助手随机1k,29,28,随机,工行公职贷对网贷的容忍度具体是多少,1.0
64,查询金融业务数值与代码,助手随机1k,29,28,随机,沪金交易门槛是多少,1.0
22,查询科技股与科创板信息,助手随机1k,30,30,流量最高,金盘科技为什么跌得这么厉害,2.0
22,查询科技股与科创板信息,助手随机1k,30,30,流量最高,科力远昨天主力资金,2.0
22,查询科技股与科创板信息,助手随机1k,30,30,流量最高,中央汇金买入中天科技后有何动作,1.0
22,查询科技股与科创板信息,助手随机1k,30,30,随机,华天科技利润靠抄股赚钱吗,1.0
22,查询科技股与科创板信息,助手随机1k,30,30,随机,广合科技未来三年业绩预测是多少,1.0
22,查询科技股与科创板信息,助手随机1k,30,30,随机,千里科技客户质量经理岗位有股票期权吗,1.0
19,车险购买与理赔咨询,助手随机1k,22,20,流量最高,安盛天平车险有哪些缺点,9.0
19,车险购买与理赔咨询,助手随机1k,22,20,流量最高,为什么风险略高,1.0
19,车险购买与理赔咨询,助手随机1k,22,20,流量最高,楚天惠骑保电动二轮车吗？,1.0
19,车险购买与理赔咨询,助手随机1k,22,20,随机,车险附加的什么座飞机什么事故什么人身安全的保险,1.0
19,车险购买与理赔咨询,助手随机1k,22,20,随机,给我一份三者责任险的价格表,1.0
19,车险购买与理赔咨询,助手随机1k,22,20,随机,黄牌4.2米货车有哪些保险推荐,1.0
15,查询借款平台正规性,助手随机1k,4,4,流量最高,征信烂急用钱5000有哪些平台,2.0
15,查询借款平台正规性,助手随机1k,4,4,流量最高,云盛花贷款平台的利息和费用是多少,1.0
15,查询借款平台正规性,助手随机1k,4,4,流量最高,度小满是不是正规网贷,1.0
15,查询借款平台正规性,助手随机1k,4,4,随机,星迈交易平台,1.0
9,贷款提前还款查询,助手随机1k,8,8,流量最高,京东金条借款可以修改几次还款日期,1.0
9,贷款提前还款查询,助手随机1k,8,8,流量最高,国家助学贷款怎么申请提前还款,1.0
9,贷款提前还款查询,助手随机1k,8,8,流量最高,往美国汇款收款人的名字怎么写？是姓在前还是名在前？,1.0
9,贷款提前还款查询,助手随机1k,8,8,随机,恢复借款后首次借款要注意什么,1.0
9,贷款提前还款查询,助手随机1k,8,8,随机,是借款人将剩余款项一次还银行了,1.0
9,贷款提前还款查询,助手随机1k,8,8,随机,提前还款后月供会减少多少,1.0
16,查询人寿保险相关业务信息,助手随机1k,2,2,流量最高,人寿保险交了四年退保能退多少,1.0
16,查询人寿保险相关业务信息,助手随机1k,2,2,流量最高,合众人寿未来会倒闭吗,1.0
8,查询贷款信息,助手随机1k,20,20,流量最高,生源地助学贷款指定账户,2.0
8,查询贷款信息,助手随机1k,20,20,流量最高,招贷分多少可以申请闪电贷,2.0
8,查询贷款信息,助手随机1k,20,20,流量最高,生源地贷款学生毕业后需要做什么,1.0
8,查询贷款信息,助手随机1k,20,20,随机,贷后资金流向管理有哪些技术手段,1.0
8,查询贷款信息,助手随机1k,20,20,随机,要我们家庭一个人做代表签字，去银行贷款,1.0
8,查询贷款信息,助手随机1k,20,20,随机,银行贷款只还自己的一半可以吗,1.0
23,科技类股票信息查询,助手随机1k,7,7,流量最高,光迅科技股票值得买入吗,4.0
23,科技类股票信息查询,助手随机1k,7,7,流量最高,全志科技股票未来一年目标价是多少,1.0
23,科技类股票信息查询,助手随机1k,7,7,流量最高,剑桥科技股票现在可以买吗,1.0
23,科技类股票信息查询,助手随机1k,7,7,随机,汽轮科技股价何时能突破14.25元,1.0
23,科技类股票信息查询,助手随机1k,7,7,随机,昊华科技股票最近走势怎么样,1.0
23,科技类股票信息查询,助手随机1k,7,7,随机,华宏科技股票适合长线持有吗,1.0
26,查询个股股票行情与股吧讨论,助手随机1k,8,8,流量最高,创新药业绩暴增49625% +,1.0
26,查询个股股票行情与股吧讨论,助手随机1k,8,8,流量最高,周一卖出华友钴业股票的最佳时机,1.0
26,查询个股股票行情与股吧讨论,助手随机1k,8,8,流量最高,开开实业股票何时能开始反弹,1.0
26,查询个股股票行情与股吧讨论,助手随机1k,8,8,随机,拓新药业股票24日有交易吗,1.0
26,查询个股股票行情与股吧讨论,助手随机1k,8,8,随机,藏格矿业股票有潜力吗,1.0
26,查询个股股票行情与股吧讨论,助手随机1k,8,8,随机,海翔药业是否合适长线,1.0
32,证券股票信息查询,助手随机1k,7,7,流量最高,券商最好的10只股,17.0
32,证券股票信息查询,助手随机1k,7,7,流量最高,大通证券股权成交价对兑付影响多大,1.0
32,证券股票信息查询,助手随机1k,7,7,流量最高,老虎证券cac take rate之类的经营数据如何,1.0
32,证券股票信息查询,助手随机1k,7,7,随机,这个标识是否与东吴证券有关,1.0
32,证券股票信息查询,助手随机1k,7,7,随机,证监会审核进展如何,1.0
32,证券股票信息查询,助手随机1k,7,7,随机,老虎证券在中国有哪些违规业务,1.0
44,支付宝相关操作查询,助手随机1k,8,8,流量最高,合利宝蚂蚁快兑扣款如何投诉,1.0
44,支付宝相关操作查询,助手随机1k,8,8,流量最高,如何向易宝支付和驰恒保官方提交退款申诉,1.0
44,支付宝相关操作查询,助手随机1k,8,8,流量最高,如何开启支付宝的碰一下支付功能,1.0
44,支付宝相关操作查询,助手随机1k,8,8,随机,如何彻底解除支付宝的支付功能,1.0
44,支付宝相关操作查询,助手随机1k,8,8,随机,扫一扫那个支付宝的二维码吗？,1.0
44,支付宝相关操作查询,助手随机1k,8,8,随机,建信嘉薪宝货币A和余额宝有什么区别,1.0
13,花呗操作查询,助手随机1k,5,5,流量最高,在同花顺盘中怎么能最快找到涨停板最多的板块，能不能动态一键设置,2.0
13,花呗操作查询,助手随机1k,5,5,流量最高,同花顺指标广场哪个指标最热门,1.0
13,花呗操作查询,助手随机1k,5,5,流量最高,安逸花和优逸花哪个更靠谱,1.0
13,花呗操作查询,助手随机1k,5,5,随机,小鹅花钱的放款速度如何,1.0
13,花呗操作查询,助手随机1k,5,5,随机,豆花借款,1.0
21,保险公司电话查询,助手随机1k,6,6,流量最高,平安保险雇主责任险电话,3.0
21,保险公司电话查询,助手随机1k,6,6,流量最高,太平洋保险车险报价如何获取,1.0
21,保险公司电话查询,助手随机1k,6,6,流量最高,太平洋的学平险属于太平洋产险？还是太平洋保险？,1.0
21,保险公司电话查询,助手随机1k,6,6,随机,碎碎平安,1.0
21,保险公司电话查询,助手随机1k,6,6,随机,平安长期百万医疗险（宽松版）有哪些缺点,1.0
21,保险公司电话查询,助手随机1k,6,6,随机,平安保险雇主责任险电话,3.0
46,查询股份股票及股吧信息,助手随机1k,2,2,流量最高,盛龙股份股票的目标价是多少,3.0
46,查询股份股票及股吧信息,助手随机1k,2,2,流量最高,广信股份股价近期会反弹吗,1.0
34,查询美元兑日元汇率,助手随机1k,1,1,流量最高,现在换汇划算还是存美元,1.0
29,蚂蚁庄园今日答案查询,助手随机1k,2,2,流量最高,蚂蚁庄园小鸡原皮钥匙扣,1.0
29,蚂蚁庄园今日答案查询,助手随机1k,2,2,流量最高,蚂蚁庄园跟蚂蚁新村的今日答案,1.0
28,股指行情查询,助手语音头部1k,35,35,流量最高,上证指数,905.0
28,股指行情查询,助手语音头部1k,35,35,流量最高,道琼斯指数,107.0
28,股指行情查询,助手语音头部1k,35,35,流量最高,纳斯达克指数,89.0
28,股指行情查询,助手语音头部1k,35,35,随机,日经指数,60.0
28,股指行情查询,助手语音头部1k,35,35,随机,日本指数,9.0
28,股指行情查询,助手语音头部1k,35,35,随机,大盘指数,61.0
62,查询金价,助手语音头部1k,24,24,流量最高,今日金价,780.0
62,查询金价,助手语音头部1k,24,24,流量最高,国际金价,97.0
62,查询金价,助手语音头部1k,24,24,流量最高,今日国际大盘实时金价,49.0
62,查询金价,助手语音头部1k,24,24,随机,今日金价是多少,32.0
62,查询金价,助手语音头部1k,24,24,随机,今日金价多少,16.0
62,查询金价,助手语音头部1k,24,24,随机,今日国际金价,30.0
58,查询黄金价格,助手语音头部1k,46,46,流量最高,黄金价格,269.0
58,查询黄金价格,助手语音头部1k,46,46,流量最高,今日黄金价格,230.0
58,查询黄金价格,助手语音头部1k,46,46,流量最高,黄金多少钱一克,66.0
58,查询黄金价格,助手语音头部1k,46,46,随机,今日美国黄金一克多少盎司,14.0
58,查询黄金价格,助手语音头部1k,46,46,随机,金价今日多少一克,16.0
58,查询黄金价格,助手语音头部1k,46,46,随机,今日黄金多少钱一克,23.0
27,查询市场行情,助手语音头部1k,59,59,流量最高,股市行情,159.0
27,查询市场行情,助手语音头部1k,59,59,流量最高,美国股市,118.0
27,查询市场行情,助手语音头部1k,59,59,流量最高,韩国股市,115.0
27,查询市场行情,助手语音头部1k,59,59,随机,全球股市,14.0
27,查询市场行情,助手语音头部1k,59,59,随机,沪市大盘,15.0
27,查询市场行情,助手语音头部1k,59,59,随机,今天股市,11.0
31,查询财经门户与市场行情,助手语音头部1k,30,30,流量最高,京东方a,136.0
31,查询财经门户与市场行情,助手语音头部1k,30,30,流量最高,东方财富网,66.0
31,查询财经门户与市场行情,助手语音头部1k,30,30,流量最高,新浪财经,60.0
31,查询财经门户与市场行情,助手语音头部1k,30,30,随机,宁德时代,32.0
31,查询财经门户与市场行情,助手语音头部1k,30,30,随机,手机期货新浪网,16.0
31,查询财经门户与市场行情,助手语音头部1k,30,30,随机,纳斯达克,34.0
25,查询股票信息,助手语音头部1k,204,204,流量最高,股票,102.0
25,查询股票信息,助手语音头部1k,204,204,流量最高,英伟达股票,70.0
25,查询股票信息,助手语音头部1k,204,204,流量最高,寒武纪股票,67.0
25,查询股票信息,助手语音头部1k,204,204,随机,东方新能股票,11.0
25,查询股票信息,助手语音头部1k,204,204,随机,银之杰股票,9.0
25,查询股票信息,助手语音头部1k,204,204,随机,航天发展股票,21.0
44,支付宝相关操作查询,助手语音头部1k,8,8,流量最高,支付宝,67.0
44,支付宝相关操作查询,助手语音头部1k,8,8,流量最高,下载支付宝,38.0
44,支付宝相关操作查询,助手语音头部1k,8,8,流量最高,支付宝下载,14.0
44,支付宝相关操作查询,助手语音头部1k,8,8,随机,支付宝怎么解绑银行卡,10.0
44,支付宝相关操作查询,助手语音头部1k,8,8,随机,支付宝下载安装,8.0
44,支付宝相关操作查询,助手语音头部1k,8,8,随机,支付宝客服,8.0
8,查询贷款信息,助手语音头部1k,8,8,流量最高,贷款,64.0
8,查询贷款信息,助手语音头部1k,8,8,流量最高,房贷,11.0
8,查询贷款信息,助手语音头部1k,8,8,流量最高,抵押,10.0
8,查询贷款信息,助手语音头部1k,8,8,随机,抵押贷款,9.0
8,查询贷款信息,助手语音头部1k,8,8,随机,车贷,7.0
8,查询贷款信息,助手语音头部1k,8,8,随机,助学贷款十大坏处,7.0
35,货币兑换金额换算查询,助手语音头部1k,13,13,流量最高,一欧元等于多少人民币,64.0
35,货币兑换金额换算查询,助手语音头部1k,13,13,流量最高,一美元等于多少人民币,52.0
35,货币兑换金额换算查询,助手语音头部1k,13,13,流量最高,一英镑等于多少人民币,22.0
35,货币兑换金额换算查询,助手语音头部1k,13,13,随机,1000美金等于多少人民币,7.0
35,货币兑换金额换算查询,助手语音头部1k,13,13,随机,一元人民币等于多少日元,9.0
35,货币兑换金额换算查询,助手语音头部1k,13,13,随机,10000日元等于多少人民币,19.0
33,查询人民币兑外币汇率,助手语音头部1k,39,39,流量最高,美元汇率,61.0
33,查询人民币兑外币汇率,助手语音头部1k,39,39,流量最高,美元兑人民币汇率,57.0
33,查询人民币兑外币汇率,助手语音头部1k,39,39,流量最高,美元兑人民币,53.0
33,查询人民币兑外币汇率,助手语音头部1k,39,39,随机,澳元兑人民币,7.0
33,查询人民币兑外币汇率,助手语音头部1k,39,39,随机,今日美元汇率,25.0
33,查询人民币兑外币汇率,助手语音头部1k,39,39,随机,美金汇率,8.0
45,查询股份公司及股票信息,助手语音头部1k,29,29,流量最高,包钢股份,60.0
45,查询股份公司及股票信息,助手语音头部1k,29,29,流量最高,新安股份,37.0
45,查询股份公司及股票信息,助手语音头部1k,29,29,流量最高,沪电股份,35.0
45,查询股份公司及股票信息,助手语音头部1k,29,29,随机,中色股份,12.0
45,查询股份公司及股票信息,助手语音头部1k,29,29,随机,天通股份,17.0
45,查询股份公司及股票信息,助手语音头部1k,29,29,随机,杭电股份,31.0
32,证券股票信息查询,助手语音头部1k,23,23,流量最高,长江证券,53.0
32,证券股票信息查询,助手语音头部1k,23,23,流量最高,中信证券股票,53.0
32,证券股票信息查询,助手语音头部1k,23,23,流量最高,方正证券,46.0
32,证券股票信息查询,助手语音头部1k,23,23,随机,东北证券,38.0
32,证券股票信息查询,助手语音头部1k,23,23,随机,天风证券股票,7.0
32,证券股票信息查询,助手语音头部1k,23,23,随机,华安证券,33.0
0,股票代码查询,助手语音头部1k,72,72,流量最高,600667,46.0
0,股票代码查询,助手语音头部1k,72,72,流量最高,002579的股价是多少,46.0
0,股票代码查询,助手语音头部1k,72,72,流量最高,600360,45.0
0,股票代码查询,助手语音头部1k,72,72,随机,002506,17.0
0,股票代码查询,助手语音头部1k,72,72,随机,002192,35.0
0,股票代码查询,助手语音头部1k,72,72,随机,601179,8.0
23,科技类股票信息查询,助手语音头部1k,28,28,流量最高,深科技股票,46.0
23,科技类股票信息查询,助手语音头部1k,28,28,流量最高,中天科技股票,39.0
23,科技类股票信息查询,助手语音头部1k,28,28,流量最高,长电科技股票,32.0
23,科技类股票信息查询,助手语音头部1k,28,28,随机,永太科技股票,23.0
23,科技类股票信息查询,助手语音头部1k,28,28,随机,光迅科技股票,15.0
23,科技类股票信息查询,助手语音头部1k,28,28,随机,模塑科技,11.0
60,市场价格行情查询,助手语音头部1k,15,15,流量最高,今日银价,45.0
60,市场价格行情查询,助手语音头部1k,15,15,流量最高,白银价格,28.0
60,市场价格行情查询,助手语音头部1k,15,15,流量最高,今日白银价格,19.0
60,市场价格行情查询,助手语音头部1k,15,15,随机,999千足金今日价格表,8.0
60,市场价格行情查询,助手语音头部1k,15,15,随机,国际原油,7.0
60,市场价格行情查询,助手语音头部1k,15,15,随机,国际油价,12.0
6,查询股票代码与指数信息,助手语音头部1k,19,19,流量最高,000725,44.0
6,查询股票代码与指数信息,助手语音头部1k,19,19,流量最高,中证500,42.0
6,查询股票代码与指数信息,助手语音头部1k,19,19,流量最高,000100现在股票价格是多少,39.0
6,查询股票代码与指数信息,助手语音头部1k,19,19,随机,000426,8.0
6,查询股票代码与指数信息,助手语音头部1k,19,19,随机,000021,10.0
6,查询股票代码与指数信息,助手语音头部1k,19,19,随机,000100股价,8.0
59,实时行情查询,助手语音头部1k,15,15,流量最高,国际黄金实时行情,44.0
59,实时行情查询,助手语音头部1k,15,15,流量最高,上证指数实时行情,24.0
59,实时行情查询,助手语音头部1k,15,15,流量最高,美股实时行情,13.0
59,实时行情查询,助手语音头部1k,15,15,随机,碳酸锂期货价格实时行情,9.0
59,实时行情查询,助手语音头部1k,15,15,随机,韩国股市实时行情,7.0
59,实时行情查询,助手语音头部1k,15,15,随机,美元指数实时行情,11.0
10,查询转账与账户业务可行性,助手语音头部1k,3,3,流量最高,在吗,43.0
10,查询转账与账户业务可行性,助手语音头部1k,3,3,流量最高,借钱,13.0
10,查询转账与账户业务可行性,助手语音头部1k,3,3,流量最高,为什么不建议自动转存,9.0
34,查询美元兑日元汇率,助手语音头部1k,11,11,流量最高,美元兑日元,40.0
34,查询美元兑日元汇率,助手语音头部1k,11,11,流量最高,美元,21.0
34,查询美元兑日元汇率,助手语音头部1k,11,11,流量最高,美元兑日元汇率,16.0
34,查询美元兑日元汇率,助手语音头部1k,11,11,随机,美元兑新加坡币,9.0
34,查询美元兑日元汇率,助手语音头部1k,11,11,随机,二十元,9.0
34,查询美元兑日元汇率,助手语音头部1k,11,11,随机,一元,9.0
55,银行客服电话查询,助手语音头部1k,20,20,流量最高,工商银行客服电话,39.0
55,银行客服电话查询,助手语音头部1k,20,20,流量最高,农业银行客服电话,23.0
55,银行客服电话查询,助手语音头部1k,20,20,流量最高,招商银行客服电话,22.0
55,银行客服电话查询,助手语音头部1k,20,20,随机,兴业银行电话,7.0
55,银行客服电话查询,助手语音头部1k,20,20,随机,建行客服,8.0
55,银行客服电话查询,助手语音头部1k,20,20,随机,中国工商银行客服电话,7.0
1,查询300开头股票代码与行情,助手语音头部1k,16,16,流量最高,300450,38.0
1,查询300开头股票代码与行情,助手语音头部1k,16,16,流量最高,300496,35.0
1,查询300开头股票代码与行情,助手语音头部1k,16,16,流量最高,300644现在股票价格是多少,30.0
1,查询300开头股票代码与行情,助手语音头部1k,16,16,随机,300070的走势,8.0
1,查询300开头股票代码与行情,助手语音头部1k,16,16,随机,300285,8.0
1,查询300开头股票代码与行情,助手语音头部1k,16,16,随机,300666,20.0
53,中国银行服务信息查询,助手语音头部1k,8,8,流量最高,中国银行,38.0
53,中国银行服务信息查询,助手语音头部1k,8,8,流量最高,中国银行股票,22.0
53,中国银行服务信息查询,助手语音头部1k,8,8,流量最高,中国能建,14.0
53,中国银行服务信息查询,助手语音头部1k,8,8,随机,中国银行电话,11.0
53,中国银行服务信息查询,助手语音头部1k,8,8,随机,中银智能制造今天,8.0
53,中国银行服务信息查询,助手语音头部1k,8,8,随机,中国四大银行,9.0
26,查询个股股票行情与股吧讨论,助手语音头部1k,15,15,流量最高,紫金矿业股票,35.0
26,查询个股股票行情与股吧讨论,助手语音头部1k,15,15,流量最高,太极实业股票,21.0
26,查询个股股票行情与股吧讨论,助手语音头部1k,15,15,流量最高,康弘药业股票,15.0
26,查询个股股票行情与股吧讨论,助手语音头部1k,15,15,随机,以岭药业股票,8.0
26,查询个股股票行情与股吧讨论,助手语音头部1k,15,15,随机,京能置业股票,7.0
26,查询个股股票行情与股吧讨论,助手语音头部1k,15,15,随机,赣锋锂业股票,14.0
49,银行信息查询,助手语音头部1k,29,29,流量最高,工商银行电话,34.0
49,银行信息查询,助手语音头部1k,29,29,流量最高,银行,32.0
49,银行信息查询,助手语音头部1k,29,29,流量最高,工商银行,30.0
49,银行信息查询,助手语音头部1k,29,29,随机,招商银行股票,10.0
49,银行信息查询,助手语音头部1k,29,29,随机,浦发银行,16.0
49,银行信息查询,助手语音头部1k,29,29,随机,招商银行电话,22.0
73,证券代码信息查询#73,助手语音头部1k,8,8,流量最高,000988,34.0
73,证券代码信息查询#73,助手语音头部1k,8,8,流量最高,000960股票行情,22.0
73,证券代码信息查询#73,助手语音头部1k,8,8,流量最高,000890,13.0
73,证券代码信息查询#73,助手语音头部1k,8,8,随机,000960,12.0
73,证券代码信息查询#73,助手语音头部1k,8,8,随机,000831股票股价,9.0
73,证券代码信息查询#73,助手语音头部1k,8,8,随机,000862银星能源,11.0
16,查询人寿保险相关业务信息,助手语音头部1k,5,5,流量最高,中国人保,32.0
16,查询人寿保险相关业务信息,助手语音头部1k,5,5,流量最高,中国人保股票,14.0
16,查询人寿保险相关业务信息,助手语音头部1k,5,5,流量最高,中国人寿,12.0
16,查询人寿保险相关业务信息,助手语音头部1k,5,5,随机,人寿,12.0
16,查询人寿保险相关业务信息,助手语音头部1k,5,5,随机,中国人寿股票,8.0
18,查询保险相关业务,助手语音头部1k,4,4,流量最高,保险,31.0
18,查询保险相关业务,助手语音头部1k,4,4,流量最高,新华保险,10.0
18,查询保险相关业务,助手语音头部1k,4,4,流量最高,聪明人为啥不买保险,7.0
18,查询保险相关业务,助手语音头部1k,4,4,随机,担保,7.0
72,金融代码查询,助手语音头部1k,14,14,流量最高,301013,31.0
72,金融代码查询,助手语音头部1k,14,14,流量最高,免费领1080笑脸币,18.0
72,金融代码查询,助手语音头部1k,14,14,流量最高,11112,16.0
72,金融代码查询,助手语音头部1k,14,14,随机,001409,8.0
72,金融代码查询,助手语音头部1k,14,14,随机,005827,8.0
72,金融代码查询,助手语音头部1k,14,14,随机,301269股票行情,15.0
39,货币兑换查询,助手语音头部1k,9,9,流量最高,人民币兑美元,29.0
39,货币兑换查询,助手语音头部1k,9,9,流量最高,人民币兑日元,26.0
39,货币兑换查询,助手语音头部1k,9,9,流量最高,兑换,22.0
39,货币兑换查询,助手语音头部1k,9,9,随机,人民币兑换美元,9.0
39,货币兑换查询,助手语音头部1k,9,9,随机,美元和人民币的兑换,8.0
39,货币兑换查询,助手语音头部1k,9,9,随机,人民币兑换港币的走势图,16.0
2,证券代码信息查询#2,助手语音头部1k,6,6,流量最高,688722现在股票价格是多少,28.0
2,证券代码信息查询#2,助手语音头部1k,6,6,流量最高,688670,27.0
2,证券代码信息查询#2,助手语音头部1k,6,6,流量最高,688795,8.0
2,证券代码信息查询#2,助手语音头部1k,6,6,随机,688766股票,7.0
2,证券代码信息查询#2,助手语音头部1k,6,6,随机,7689,7.0
2,证券代码信息查询#2,助手语音头部1k,6,6,随机,562800,7.0
29,蚂蚁庄园今日答案查询,助手语音头部1k,8,8,流量最高,荞麦枕真的可以养生吗蚂蚁庄园,27.0
29,蚂蚁庄园今日答案查询,助手语音头部1k,8,8,流量最高,蚂蚁庄园今日答案,24.0
29,蚂蚁庄园今日答案查询,助手语音头部1k,8,8,流量最高,7月1日蚂蚁庄园答案,16.0
29,蚂蚁庄园今日答案查询,助手语音头部1k,8,8,随机,今日蚂蚁庄园答案,13.0
29,蚂蚁庄园今日答案查询,助手语音头部1k,8,8,随机,今日蚂蚁庄园,9.0
29,蚂蚁庄园今日答案查询,助手语音头部1k,8,8,随机,2026年7月1日蚂蚁庄园答案,10.0
30,股票行情与选股建议查询,助手语音头部1k,38,38,流量最高,上海电力股,27.0
30,股票行情与选股建议查询,助手语音头部1k,38,38,流量最高,中国铝业的股价,19.0
30,股票行情与选股建议查询,助手语音头部1k,38,38,流量最高,红宝丽股价,18.0
30,股票行情与选股建议查询,助手语音头部1k,38,38,随机,港股今天休市吗,14.0
30,股票行情与选股建议查询,助手语音头部1k,38,38,随机,特斯拉股价,8.0
30,股票行情与选股建议查询,助手语音头部1k,38,38,随机,华润新能什么时候上市,14.0
63,查询价格走势图,助手语音头部1k,18,18,流量最高,黄金价格走势图,27.0
63,查询价格走势图,助手语音头部1k,18,18,流量最高,美股走势,21.0
63,查询价格走势图,助手语音头部1k,18,18,流量最高,国内黄金价格走势图,16.0
63,查询价格走势图,助手语音头部1k,18,18,随机,方正科技走势图,10.0
63,查询价格走势图,助手语音头部1k,18,18,随机,沪深股市股指走势图,11.0
63,查询价格走势图,助手语音头部1k,18,18,随机,国泰海通走势图,8.0
54,建设银行网点与服务查询,助手语音头部1k,8,8,流量最高,建设银行,27.0
54,建设银行网点与服务查询,助手语音头部1k,8,8,流量最高,中国建设银行,14.0
54,建设银行网点与服务查询,助手语音头部1k,8,8,流量最高,建设银行电话,12.0
54,建设银行网点与服务查询,助手语音头部1k,8,8,随机,离我最近的建设银行,9.0
54,建设银行网点与服务查询,助手语音头部1k,8,8,随机,建设银行的客服电话,7.0
54,建设银行网点与服务查询,助手语音头部1k,8,8,随机,建设银行股票,7.0
65,计算存贷款利息,助手语音头部1k,8,8,流量最高,利息,27.0
65,计算存贷款利息,助手语音头部1k,8,8,流量最高,四大银行哪个利息高,13.0
65,计算存贷款利息,助手语音头部1k,8,8,流量最高,农村信用社10万3年利息,10.0
65,计算存贷款利息,助手语音头部1k,8,8,随机,银行利息,9.0
65,计算存贷款利息,助手语音头部1k,8,8,随机,邮政存10万一年定期,7.0
65,计算存贷款利息,助手语音头部1k,8,8,随机,邮政储蓄10万一年利息多少,8.0
22,查询科技股与科创板信息,助手语音头部1k,9,9,流量最高,金发科技,27.0
22,查询科技股与科创板信息,助手语音头部1k,9,9,流量最高,科创50,21.0
22,查询科技股与科创板信息,助手语音头部1k,9,9,流量最高,昊华科技,15.0
22,查询科技股与科创板信息,助手语音头部1k,9,9,随机,协鑫能科股票,11.0
22,查询科技股与科创板信息,助手语音头部1k,9,9,随机,科创板,7.0
22,查询科技股与科创板信息,助手语音头部1k,9,9,随机,创新药板块,15.0
50,农业银行及农村信用社服务信息查询,助手语音头部1k,10,10,流量最高,农业银行,24.0
50,农业银行及农村信用社服务信息查询,助手语音头部1k,10,10,流量最高,中国农业银行,23.0
50,农业银行及农村信用社服务信息查询,助手语音头部1k,10,10,流量最高,农业银行电话,18.0
50,农业银行及农村信用社服务信息查询,助手语音头部1k,10,10,随机,农村信用社,11.0
50,农业银行及农村信用社服务信息查询,助手语音头部1k,10,10,随机,农业银行今日股价,7.0
50,农业银行及农村信用社服务信息查询,助手语音头部1k,10,10,随机,兴业银行,14.0
36,人民币及货币信息查询,助手语音头部1k,3,3,流量最高,人民币,23.0
36,人民币及货币信息查询,助手语音头部1k,3,3,流量最高,比特币,14.0
36,人民币及货币信息查询,助手语音头部1k,3,3,流量最高,人民币对欧元,8.0
48,银行卡业务查询与办理指导,助手语音头部1k,2,2,流量最高,银行卡,21.0
48,银行卡业务查询与办理指导,助手语音头部1k,2,2,流量最高,储蓄卡,7.0
46,查询股份股票及股吧信息,助手语音头部1k,20,20,流量最高,牧原股份股票,19.0
46,查询股份股票及股吧信息,助手语音头部1k,20,20,流量最高,伊利股份股票行情,17.0
46,查询股份股票及股吧信息,助手语音头部1k,20,20,流量最高,彩虹股份股票,13.0
46,查询股份股票及股吧信息,助手语音头部1k,20,20,随机,利欧股份股票,8.0
46,查询股份股票及股吧信息,助手语音头部1k,20,20,随机,杭电股份股票,8.0
46,查询股份股票及股吧信息,助手语音头部1k,20,20,随机,包钢股份股价,7.0
21,保险公司电话查询,助手语音头部1k,11,11,流量最高,中国平安,18.0
21,保险公司电话查询,助手语音头部1k,11,11,流量最高,平安,18.0
21,保险公司电话查询,助手语音头部1k,11,11,流量最高,太平,15.0
21,保险公司电话查询,助手语音头部1k,11,11,随机,平安保险电话,10.0
21,保险公司电话查询,助手语音头部1k,11,11,随机,太平洋保险,9.0
21,保险公司电话查询,助手语音头部1k,11,11,随机,人保电话,11.0
52,下载安装金融类App,助手语音头部1k,2,2,流量最高,欧洲paypal网站www,17.0
52,下载安装金融类App,助手语音头部1k,2,2,流量最高,AA级,6.0
71,查询价格与金额,助手语音头部1k,4,4,流量最高,华润中签可以赚多少,17.0
71,查询价格与金额,助手语音头部1k,4,4,流量最高,今天美元多少钱,15.0
71,查询价格与金额,助手语音头部1k,4,4,流量最高,黄金现在多少钱,12.0
71,查询价格与金额,助手语音头部1k,4,4,随机,四川美丰多少钱一股,6.0
24,证券股吧查询,助手语音头部1k,10,10,流量最高,京东方a股吧,16.0
24,证券股吧查询,助手语音头部1k,10,10,流量最高,铜陵有色股吧,15.0
24,证券股吧查询,助手语音头部1k,10,10,流量最高,瑞芯微股吧,11.0
24,证券股吧查询,助手语音头部1k,10,10,随机,蓝思科技股吧,8.0
24,证券股吧查询,助手语音头部1k,10,10,随机,华工科技股吧,7.0
24,证券股吧查询,助手语音头部1k,10,10,随机,领益智造股吧,9.0
43,支付方式使用与设置查询,助手语音头部1k,2,2,流量最高,云闪付,15.0
43,支付方式使用与设置查询,助手语音头部1k,2,2,流量最高,支付,10.0
66,金融行情数据查询,助手语音头部1k,7,7,流量最高,2026哪个银行利息高,15.0
66,金融行情数据查询,助手语音头部1k,7,7,流量最高,2026各银行利率一览表,13.0
66,金融行情数据查询,助手语音头部1k,7,7,流量最高,2026年最新存款利率表,11.0
66,金融行情数据查询,助手语音头部1k,7,7,随机,2026最新存款利率,8.0
66,金融行情数据查询,助手语音头部1k,7,7,随机,2026年7月1日黄金价格,8.0
66,金融行情数据查询,助手语音头部1k,7,7,随机,2027黄金暴跌600是真的吗,9.0
7,基金净值查询,助手语音头部1k,6,6,流量最高,基金赎回最忌三个时间,15.0
7,基金净值查询,助手语音头部1k,6,6,流量最高,华夏红利基金,12.0
7,基金净值查询,助手语音头部1k,6,6,流量最高,基金,8.0
7,基金净值查询,助手语音头部1k,6,6,随机,270002基金历史净值查询,6.0
7,基金净值查询,助手语音头部1k,6,6,随机,010405基金涨了没,7.0
7,基金净值查询,助手语音头部1k,6,6,随机,诺安股票型基金,8.0
70,查询定期存款利率,助手语音头部1k,1,1,流量最高,为什么不建议存大额存单,14.0
64,查询金融业务数值与代码,助手语音头部1k,1,1,流量最高,003035现在股票价格是多少,12.0
47,查询办理信用卡业务,助手语音头部1k,5,5,流量最高,招商银行信用卡电话,11.0
47,查询办理信用卡业务,助手语音头部1k,5,5,流量最高,信用卡,10.0
47,查询办理信用卡业务,助手语音头部1k,5,5,流量最高,浦发银行信用卡电话,8.0
47,查询办理信用卡业务,助手语音头部1k,5,5,随机,交通银行信用卡电话,7.0
47,查询办理信用卡业务,助手语音头部1k,5,5,随机,兴业银行信用卡电话,7.0
9,贷款提前还款查询,助手语音头部1k,1,1,流量最高,还款,11.0
14,个人征信报告查询与影响咨询,助手语音头部1k,1,1,流量最高,中国人民银行征信中心,10.0
17,查询保险公司信息,助手语音头部1k,1,1,流量最高,保险公司,9.0
68,利率查询与计算,助手语音头部1k,2,2,流量最高,德明利,9.0
68,利率查询与计算,助手语音头部1k,2,2,流量最高,高利贷,7.0
15,查询借款平台正规性,助手语音头部1k,1,1,流量最高,平潭发展,9.0
11,查询金融术语含义,助手语音头部1k,1,1,流量最高,通化金马突然暴跌是什么原因,9.0
13,花呗操作查询,助手语音头部1k,4,4,流量最高,同花顺,8.0
13,花呗操作查询,助手语音头部1k,4,4,流量最高,芝麻分能当钱花吗,8.0
13,花呗操作查询,助手语音头部1k,4,4,流量最高,借呗,7.0
13,花呗操作查询,助手语音头部1k,4,4,随机,怎样关闭花呗,7.0
67,贷款月供计算,助手语音头部1k,1,1,流量最高,七月流火,7.0
30,股票行情与选股建议查询,助手语音1k,78,77,流量最高,雅虎历年市值曲线,
30,股票行情与选股建议查询,助手语音1k,78,77,流量最高,沪深股市软件股还能炒多还能炒多长时间,
30,股票行情与选股建议查询,助手语音1k,78,77,流量最高,8月1号美股交易是低开高走了吗,
30,股票行情与选股建议查询,助手语音1k,78,77,随机,也就是说我们看股票的时候通过同花顺软件看到的是就是二手资料了从交易所再到,
30,股票行情与选股建议查询,助手语音1k,78,77,随机,伊藤商社股价,
30,股票行情与选股建议查询,助手语音1k,78,77,随机,中国广核和长江电力谁更具有长期投资价值,
63,查询价格走势图,助手语音1k,8,8,流量最高,汇绿生态的走势,
63,查询价格走势图,助手语音1k,8,8,流量最高,金价走势,
63,查询价格走势图,助手语音1k,8,8,流量最高,未来十年中国海油股票价格走势,
63,查询价格走势图,助手语音1k,8,8,随机,下周黄金短期走势预测,
63,查询价格走势图,助手语音1k,8,8,随机,未来10天日元走势预测最新,
63,查询价格走势图,助手语音1k,8,8,随机,矿业紫金矿业礼拜一走势怎么样,
48,银行卡业务查询与办理指导,助手语音1k,48,47,流量最高,我的银行卡是外地的在当地能补办吗,
48,银行卡业务查询与办理指导,助手语音1k,48,47,流量最高,卡APP显示正常但是就是转账显示银行卡状态不正确是什么原因,
48,银行卡业务查询与办理指导,助手语音1k,48,47,流量最高,小朋友搞银行卡的目的是,
48,银行卡业务查询与办理指导,助手语音1k,48,47,随机,银行卡一般多久不用就会重要重新激活,
48,银行卡业务查询与办理指导,助手语音1k,48,47,随机,银行可以无卡取款,
48,银行卡业务查询与办理指导,助手语音1k,48,47,随机,北京农商银行怎样绑定银行卡,
64,查询金融业务数值与代码,助手语音1k,15,15,流量最高,重新申购网上发行量是多少,
64,查询金融业务数值与代码,助手语音1k,15,15,流量最高,国医股份申购中签率是多少,
64,查询金融业务数值与代码,助手语音1k,15,15,流量最高,2016年买的国寿鑫福年年金险养老型最低保底利率是多少,
64,查询金融业务数值与代码,助手语音1k,15,15,随机,十万块钱存58天利率为180.75利率是多少百分之几,
64,查询金融业务数值与代码,助手语音1k,15,15,随机,邢台银行的拨备覆盖率是多少,
64,查询金融业务数值与代码,助手语音1k,15,15,随机,2017年一万块钱的存款利率是多少,
6,查询股票代码与指数信息,助手语音1k,5,5,流量最高,10000元纸币图片,
6,查询股票代码与指数信息,助手语音1k,5,5,流量最高,股票买单有10000手散户可以一秒钟卖掉10000手吗,
6,查询股票代码与指数信息,助手语音1k,5,5,流量最高,174000美元,
6,查询股票代码与指数信息,助手语音1k,5,5,随机,SK海力士(000660.KS),
6,查询股票代码与指数信息,助手语音1k,5,5,随机,2150000亿美金,
47,查询办理信用卡业务,助手语音1k,14,14,流量最高,汽车信用贷,
47,查询办理信用卡业务,助手语音1k,14,14,流量最高,晚上10点还款还信用卡有危险吗,
47,查询办理信用卡业务,助手语音1k,14,14,流量最高,给我说一下邮政信用卡储蓄邮政,
47,查询办理信用卡业务,助手语音1k,14,14,随机,今天山东省阳信县柳口镇信用社上班吗,
47,查询办理信用卡业务,助手语音1k,14,14,随机,哪家银行信用卡可以兑小黄车,
47,查询办理信用卡业务,助手语音1k,14,14,随机,吉林信用卡出账单是多少号,
66,金融行情数据查询,助手语音1k,32,32,流量最高,汉得信息2023年业绩大幅下滑的原因,
66,金融行情数据查询,助手语音1k,32,32,流量最高,截至2023年7月我国公募基金管理规模达多少万亿元,
66,金融行情数据查询,助手语音1k,32,32,流量最高,2003年日元涨势,
66,金融行情数据查询,助手语音1k,32,32,随机,2026年8月份国债利息是多少钱,
66,金融行情数据查询,助手语音1k,32,32,随机,东鹏特饮2020的peg,
66,金融行情数据查询,助手语音1k,32,32,随机,400201什么时候可以发中报,
24,证券股吧查询,助手语音1k,8,8,流量最高,007832有多少科技股在里面,
24,证券股吧查询,助手语音1k,8,8,流量最高,海特生物股吧,
24,证券股吧查询,助手语音1k,8,8,流量最高,英维克股吧,
24,证券股吧查询,助手语音1k,8,8,随机,新华网股吧,
24,证券股吧查询,助手语音1k,8,8,随机,永辉超市股吧,
24,证券股吧查询,助手语音1k,8,8,随机,永辉超市股吧,
10,查询转账与账户业务可行性,助手语音1k,42,41,流量最高,如何查看开没开金融白条,
10,查询转账与账户业务可行性,助手语音1k,42,41,流量最高,零钱通3大忌,
10,查询转账与账户业务可行性,助手语音1k,42,41,流量最高,优质可转债一览表,
10,查询转账与账户业务可行性,助手语音1k,42,41,随机,你是不是不让投资,
10,查询转账与账户业务可行性,助手语音1k,42,41,随机,银联POS机第1笔钱刷的是民生银行的是到账了第2笔钱刷的是嗯第2笔钱刷的是另外,
10,查询转账与账户业务可行性,助手语音1k,42,41,随机,股票账户对倒是不是可以进入当天的交易量,
26,查询个股股票行情与股吧讨论,助手语音1k,6,6,流量最高,紫金矿业成长性,
26,查询个股股票行情与股吧讨论,助手语音1k,6,6,流量最高,中国铝业股票代码,
26,查询个股股票行情与股吧讨论,助手语音1k,6,6,流量最高,联环药业股吧,
26,查询个股股票行情与股吧讨论,助手语音1k,6,6,随机,中国铝业股吧,
26,查询个股股票行情与股吧讨论,助手语音1k,6,6,随机,太阳能发电企业股票有哪些,
26,查询个股股票行情与股吧讨论,助手语音1k,6,6,随机,丰原药业有没有可能发行股票收购资产,
70,查询定期存款利率,助手语音1k,18,18,流量最高,银行36个月存单法是什什么回事,
70,查询定期存款利率,助手语音1k,18,18,流量最高,银行36个月存单法是什什么回事,
70,查询定期存款利率,助手语音1k,18,18,流量最高,今年春节开门红银行一万元定期存款利率是多少呢,
70,查询定期存款利率,助手语音1k,18,18,随机,豆包豆包请问现在哪个银行的定期存款利息更高,
70,查询定期存款利率,助手语音1k,18,18,随机,在银行定期存款到没定期前能不能取出来钱,
70,查询定期存款利率,助手语音1k,18,18,随机,到中国工商银行存款定期三年办的是转存下一个他这个转存是三年以后给呀还是一,
13,花呗操作查询,助手语音1k,9,9,流量最高,使用花呗后还不上晚了一个月还可以吗,
13,花呗操作查询,助手语音1k,9,9,流量最高,菊花邮票,
13,花呗操作查询,助手语音1k,9,9,流量最高,如何关闭花呗,
13,花呗操作查询,助手语音1k,9,9,随机,如何关闭花呗,
13,花呗操作查询,助手语音1k,9,9,随机,花呗先用后还要不要付利息,
13,花呗操作查询,助手语音1k,9,9,随机,如何关闭花呗,
71,查询价格与金额,助手语音1k,20,20,流量最高,下涨了多少啊,
71,查询价格与金额,助手语音1k,20,20,流量最高,中国五十年代国债是谁买得到起起价多少,
71,查询价格与金额,助手语音1k,20,20,流量最高,大克鼎价值多少个亿,
71,查询价格与金额,助手语音1k,20,20,随机,94年前的邮票值钱吗,
71,查询价格与金额,助手语音1k,20,20,随机,怎么能查到一个月给同一个人转多少钱,
71,查询价格与金额,助手语音1k,20,20,随机,驾乘险和副驾险乘员险多少钱,
27,查询市场行情,助手语音1k,31,31,流量最高,股市选民,
27,查询市场行情,助手语音1k,31,31,流量最高,交通银行股票行情,
27,查询市场行情,助手语音1k,31,31,流量最高,美股周六周日也休息吗,
27,查询市场行情,助手语音1k,31,31,随机,今天日本股票如何,
27,查询市场行情,助手语音1k,31,31,随机,下周一股市最新预测,
27,查询市场行情,助手语音1k,31,31,随机,航天发展股票历史交易数据行情,
50,农业银行及农村信用社服务信息查询,助手语音1k,21,21,流量最高,农村信用社手机开通步骤,
50,农业银行及农村信用社服务信息查询,助手语音1k,21,21,流量最高,北京农村商业银行股份有限公司,
50,农业银行及农村信用社服务信息查询,助手语音1k,21,21,流量最高,廊坊市固安县宫村镇农行礼拜六开门,
50,农业银行及农村信用社服务信息查询,助手语音1k,21,21,随机,宣城皖南农业银行商业银行为什寒亭支行为什么会发300000,
50,农业银行及农村信用社服务信息查询,助手语音1k,21,21,随机,农业银行周六周日营业网点,
50,农业银行及农村信用社服务信息查询,助手语音1k,21,21,随机,廊坊市固安县宫村镇农行礼拜六开门,
18,查询保险相关业务,助手语音1k,21,21,流量最高,众安保险升级版十一块是指的是一个月还是一年,
18,查询保险相关业务,助手语音1k,21,21,流量最高,适合60岁以上老年人的保险合同,
18,查询保险相关业务,助手语音1k,21,21,流量最高,小学里面的那种360的那种保险去医院怎样的情况下才能报销,
18,查询保险相关业务,助手语音1k,21,21,随机,猫的眼睛有病保了宠物险能报销吗,
18,查询保险相关业务,助手语音1k,21,21,随机,厂里的保险可以公司的保险加急买不,
18,查询保险相关业务,助手语音1k,21,21,随机,小学里面的那种360的那种保险去医院怎样的情况下才能报销,
43,支付方式使用与设置查询,助手语音1k,14,14,流量最高,怎样把社保从微信支付转到支付宝支付,
43,支付方式使用与设置查询,助手语音1k,14,14,流量最高,云闪付优优惠活动到几月结束,
43,支付方式使用与设置查询,助手语音1k,14,14,流量最高,美团中订单关闭是不是没有支付嗯或者是已经支付然后退款成功这样才会订单关闭,
43,支付方式使用与设置查询,助手语音1k,14,14,随机,美团月付一旦开通了就取消吗,
43,支付方式使用与设置查询,助手语音1k,14,14,随机,云闪付的钱过期不用会转到哪里,
43,支付方式使用与设置查询,助手语音1k,14,14,随机,广州公交车上可以有微信支付吗,
21,保险公司电话查询,助手语音1k,2,2,流量最高,中国大地保险的电话是多少,
21,保险公司电话查询,助手语音1k,2,2,流量最高,平安金管家恢复保单窗,
60,市场价格行情查询,助手语音1k,4,4,流量最高,五粮液股票今天的价格,
60,市场价格行情查询,助手语音1k,4,4,流量最高,现在铜价还,
60,市场价格行情查询,助手语音1k,4,4,流量最高,铁矿石期货价格为什么连年下降,
60,市场价格行情查询,助手语音1k,4,4,随机,夜盘沪铜的最新价格,
11,查询金融术语含义,助手语音1k,22,22,流量最高,单位净值是什么意思,
11,查询金融术语含义,助手语音1k,22,22,流量最高,股市里的换手率什么意思,
11,查询金融术语含义,助手语音1k,22,22,流量最高,溢价是什么意思,
11,查询金融术语含义,助手语音1k,22,22,随机,什么是卡里稳,
11,查询金融术语含义,助手语音1k,22,22,随机,股票每十股送红股十股是什么意思,
11,查询金融术语含义,助手语音1k,22,22,随机,你拿什么卡,
53,中国银行服务信息查询,助手语音1k,19,19,流量最高,中国银行超会铜价什么时候开始什么时候结束,
53,中国银行服务信息查询,助手语音1k,19,19,流量最高,金华中国银行营业厅,
53,中国银行服务信息查询,助手语音1k,19,19,流量最高,中国银行满洲里道南支行,
53,中国银行服务信息查询,助手语音1k,19,19,随机,中国银行韩城市支行行号,
53,中国银行服务信息查询,助手语音1k,19,19,随机,中国银行分期贷款还清后应该怎么办,
53,中国银行服务信息查询,助手语音1k,19,19,随机,举例曲阜市千禧苑小区最近的中国银行ATM机网点是哪一个,
49,银行信息查询,助手语音1k,48,48,流量最高,郑州银行,
49,银行信息查询,助手语音1k,48,48,流量最高,中国工商银行周六周日会不会放假,
49,银行信息查询,助手语音1k,48,48,流量最高,建银行下载的东西不能发在,
49,银行信息查询,助手语音1k,48,48,随机,农商银行倒闭了吗,
49,银行信息查询,助手语音1k,48,48,随机,果戈里大街工商银行,
49,银行信息查询,助手语音1k,48,48,随机,银行薄的好还是厚的好,
35,货币兑换金额换算查询,助手语音1k,74,74,流量最高,一亿缅币是多少人民币,
35,货币兑换金额换算查询,助手语音1k,74,74,流量最高,一万韩元等于人民币多少,
35,货币兑换金额换算查询,助手语音1k,74,74,流量最高,一欧元相当于多少人民币,
35,货币兑换金额换算查询,助手语音1k,74,74,随机,港币500元折合人民币多少钱,
35,货币兑换金额换算查询,助手语音1k,74,74,随机,180卢比化为人民币约多少元,
35,货币兑换金额换算查询,助手语音1k,74,74,随机,30000000日元折合成人民币我,
1,查询300开头股票代码与行情,助手语音1k,5,5,流量最高,化工行业股票300或688开头的,
1,查询300开头股票代码与行情,助手语音1k,5,5,流量最高,300瑞,
1,查询300开头股票代码与行情,助手语音1k,5,5,流量最高,300144股吧,
1,查询300开头股票代码与行情,助手语音1k,5,5,随机,在1分钟之前提了3000块钱银行有提示最后1分钟,
1,查询300开头股票代码与行情,助手语音1k,5,5,随机,沪深300的基金走势,
67,贷款月供计算,助手语音1k,12,12,流量最高,公积金贷款500000还30年一个月还多少,
67,贷款月供计算,助手语音1k,12,12,流量最高,公积金贷商贷转公积金贷款是贷多少年的,
67,贷款月供计算,助手语音1k,12,12,流量最高,2025年在浏河买了一手二手房首付200000贷款每月还三千块30年还清当时是贷了多,
67,贷款月供计算,助手语音1k,12,12,随机,借款5000元马上放款微信,
67,贷款月供计算,助手语音1k,12,12,随机,2026年贷款公积金贷款嗯分别如果60年嗯6分别贷60万和80万的月供分别是多少,
67,贷款月供计算,助手语音1k,12,12,随机,公积金贷款30年60万,
19,车险购买与理赔咨询,助手语音1k,23,22,流量最高,车损险有没有必要买,
19,车险购买与理赔咨询,助手语音1k,23,22,流量最高,车损险有没有必要买,
19,车险购买与理赔咨询,助手语音1k,23,22,流量最高,摩托车买什么保险,
19,车险购买与理赔咨询,助手语音1k,23,22,随机,保险里边的三者险里有个驾乘每座800000指的是什么,
19,车险购买与理赔咨询,助手语音1k,23,22,随机,汽车买保险送的安全检测有用吗,
19,车险购买与理赔咨询,助手语音1k,23,22,随机,新能源汽车第三责任险为什么要300万,
25,查询股票信息,助手语音1k,48,48,流量最高,达安基因股票,
25,查询股票信息,助手语音1k,48,48,流量最高,st北信源股票,
25,查询股票信息,助手语音1k,48,48,流量最高,辽宁成大股票,
25,查询股票信息,助手语音1k,48,48,随机,思维列控股票,
25,查询股票信息,助手语音1k,48,48,随机,思维列控股票,
25,查询股票信息,助手语音1k,48,48,随机,中大力德股票,
31,查询财经门户与市场行情,助手语音1k,10,10,流量最高,绿色金融航报金融,
31,查询财经门户与市场行情,助手语音1k,10,10,流量最高,海富海富通精选,
31,查询财经门户与市场行情,助手语音1k,10,10,流量最高,长江存储IPO,
31,查询财经门户与市场行情,助手语音1k,10,10,随机,ab u盾,
31,查询财经门户与市场行情,助手语音1k,10,10,随机,你们来投资过,
31,查询财经门户与市场行情,助手语音1k,10,10,随机,博迁新材现状,
16,查询人寿保险相关业务信息,助手语音1k,6,6,流量最高,中国人寿保险的电话,
16,查询人寿保险相关业务信息,助手语音1k,6,6,流量最高,黑龙江泰来中国平安人寿保险公司有个叫王玉杰的他是干什么的,
16,查询人寿保险相关业务信息,助手语音1k,6,6,流量最高,国寿鸿寿年金最后结果,
16,查询人寿保险相关业务信息,助手语音1k,6,6,随机,平安人寿思明区门店在哪里,
16,查询人寿保险相关业务信息,助手语音1k,6,6,随机,太平洋老来福97版的终身寿怎么领取,
16,查询人寿保险相关业务信息,助手语音1k,6,6,随机,国寿新鸿福分红型,
8,查询贷款信息,助手语音1k,20,20,流量最高,助学贷款续贷的话学校每年也要统计表格吗,
8,查询贷款信息,助手语音1k,20,20,流量最高,找中介的做的贷款现在额度已经批了需要去面试,
8,查询贷款信息,助手语音1k,20,20,流量最高,微粒贷在哪个软件,
8,查询贷款信息,助手语音1k,20,20,随机,贷款不还,
8,查询贷款信息,助手语音1k,20,20,随机,农行房贷能宽限几天,
8,查询贷款信息,助手语音1k,20,20,随机,河南助学贷款生源地学生在线系统,
39,货币兑换查询,助手语音1k,6,6,流量最高,三十元人民币可以兑换多少香港货币,
39,货币兑换查询,助手语音1k,6,6,流量最高,一人民币兑换多少叙利亚币,
39,货币兑换查询,助手语音1k,6,6,流量最高,菲律宾的咸跟中国的国币怎么兑换,
39,货币兑换查询,助手语音1k,6,6,随机,人民币和港元的兑,
39,货币兑换查询,助手语音1k,6,6,随机,今天人民币兑换美金汇率多少,
39,货币兑换查询,助手语音1k,6,6,随机,台币30台币兑换多少人民币,
65,计算存贷款利息,助手语音1k,18,18,流量最高,10万元1厘利息怎么算,
65,计算存贷款利息,助手语音1k,18,18,流量最高,四万块银行定期三年利息是多少,
65,计算存贷款利息,助手语音1k,18,18,流量最高,银行贷款利息是多少,
65,计算存贷款利息,助手语音1k,18,18,随机,三年交36000什么时间回本有利息啊,
65,计算存贷款利息,助手语音1k,18,18,随机,6000块钱存银行三年1.3的利息多少钱,
65,计算存贷款利息,助手语音1k,18,18,随机,年利息14.4他一万块钱的利息是多少钱一个月,
17,查询保险公司信息,助手语音1k,22,22,流量最高,万百万公司今年能上市吗,
17,查询保险公司信息,助手语音1k,22,22,流量最高,颜孔亮化对基金公司有伤害吗,
17,查询保险公司信息,助手语音1k,22,22,流量最高,河南中原消费金融股份有限公司电话,
17,查询保险公司信息,助手语音1k,22,22,随机,长鑫最受益的10家公司是,
17,查询保险公司信息,助手语音1k,22,22,随机,揭阳汽车保险公司电话,
17,查询保险公司信息,助手语音1k,22,22,随机,保险公司强制续费后,
44,支付宝相关操作查询,助手语音1k,33,33,流量最高,支付宝怎么查看有哪些银行绑定着呢我,
44,支付宝相关操作查询,助手语音1k,33,33,流量最高,支付宝余额怎么样只还花呗,
44,支付宝相关操作查询,助手语音1k,33,33,流量最高,用支付宝付款为什么有时候会多扣几块钱呢,
44,支付宝相关操作查询,助手语音1k,33,33,随机,宝付支付下载安装,
44,支付宝相关操作查询,助手语音1k,33,33,随机,支付宝付的那个车钱乘车记录在哪里找没看到吗,
44,支付宝相关操作查询,助手语音1k,33,33,随机,宝付支付下载安装,
22,查询科技股与科创板信息,助手语音1k,9,9,流量最高,长电科技股票在66左右是属于高估值还是低估值目前有没有上涨空间和发展前景20,
22,查询科技股与科创板信息,助手语音1k,9,9,流量最高,ML CC是纯概念无业界科技股吗,
22,查询科技股与科创板信息,助手语音1k,9,9,流量最高,ML CC是纯概念无业界科技股吗,
22,查询科技股与科创板信息,助手语音1k,9,9,随机,科泰电源值得投资吗,
22,查询科技股与科创板信息,助手语音1k,9,9,随机,网宿科技适合长线持有吗,
22,查询科技股与科创板信息,助手语音1k,9,9,随机,科创板打新一般能中多少签,
72,金融代码查询,助手语音1k,8,8,流量最高,行号为301305000109能查到他是开户行名称吗,
72,金融代码查询,助手语音1k,8,8,流量最高,云计算ETF市盈率516510,
72,金融代码查询,助手语音1k,8,8,流量最高,001132,
72,金融代码查询,助手语音1k,8,8,随机,将持仓做18年,
72,金融代码查询,助手语音1k,8,8,随机,001665,
72,金融代码查询,助手语音1k,8,8,随机,水木1号,
12,金融业务操作与问题处理方法查询,助手语音1k,32,29,流量最高,云闪付里怎么办空调补助,
12,金融业务操作与问题处理方法查询,助手语音1k,32,29,流量最高,被邮政骗了买了理财怎么追回,
12,金融业务操作与问题处理方法查询,助手语音1k,32,29,流量最高,周线怎么看周线,
12,金融业务操作与问题处理方法查询,助手语音1k,32,29,随机,被邮政骗了买了理财怎么追回,
12,金融业务操作与问题处理方法查询,助手语音1k,32,29,随机,银联跨行代收业务怎么关闭,
12,金融业务操作与问题处理方法查询,助手语音1k,32,29,随机,放心借怎么关闭,
54,建设银行网点与服务查询,助手语音1k,12,12,流量最高,怎么激活学生大学的建设银行卡,
54,建设银行网点与服务查询,助手语音1k,12,12,流量最高,湖南宜章建设银行星期六哪个银行上班,
54,建设银行网点与服务查询,助手语音1k,12,12,流量最高,亭子有没有建设银行,
54,建设银行网点与服务查询,助手语音1k,12,12,随机,建设银行青岛分行营业部还下设网点吗,
54,建设银行网点与服务查询,助手语音1k,12,12,随机,如何在中国建设银行下载新版本怎么操作,
54,建设银行网点与服务查询,助手语音1k,12,12,随机,西湖区西湖区人民路附近有没有中国建设银行,
7,基金净值查询,助手语音1k,11,11,流量最高,重仓AI基建基金积渐,
7,基金净值查询,助手语音1k,11,11,流量最高,166301基金,
7,基金净值查询,助手语音1k,11,11,流量最高,512400基金含哪些股票,
7,基金净值查询,助手语音1k,11,11,随机,基金能玩吗,
7,基金净值查询,助手语音1k,11,11,随机,场内天虹恒生科技ETF基金对应的场内基金,
7,基金净值查询,助手语音1k,11,11,随机,512400基金含哪些股票,
9,贷款提前还款查询,助手语音1k,3,3,流量最高,信用卡还款是账单出了钱还好还是账单出来后还好,
9,贷款提前还款查询,助手语音1k,3,3,流量最高,京东白条怎么提前收款,
9,贷款提前还款查询,助手语音1k,3,3,流量最高,农行信用卡提现一万分12期还但如果提前全额还款还需要出利息吗,
0,股票代码查询,助手语音1k,7,7,流量最高,002386,
0,股票代码查询,助手语音1k,7,7,流量最高,002460,
0,股票代码查询,助手语音1k,7,7,流量最高,603986是主板还是科创板,
0,股票代码查询,助手语音1k,7,7,随机,002195股价,
0,股票代码查询,助手语音1k,7,7,随机,600986,
0,股票代码查询,助手语音1k,7,7,随机,601999,
15,查询借款平台正规性,助手语音1k,5,4,流量最高,以前有没有那个网贷平台爆雷像菊小花这样的,
15,查询借款平台正规性,助手语音1k,5,4,流量最高,想借车属于哪个品牌,
15,查询借款平台正规性,助手语音1k,5,4,流量最高,分期乐发票找哪个平台,
15,查询借款平台正规性,助手语音1k,5,4,随机,哪个平台有易宝支付,
36,人民币及货币信息查询,助手语音1k,21,20,流量最高,美元人民币,
36,人民币及货币信息查询,助手语音1k,21,20,流量最高,美元人民币,
36,人民币及货币信息查询,助手语音1k,21,20,流量最高,人民币新版一元的动物,
36,人民币及货币信息查询,助手语音1k,21,20,随机,只有一张百元美钞也银行也给换取人民币吧,
36,人民币及货币信息查询,助手语音1k,21,20,随机,人民币跟越南盾比一比几,
36,人民币及货币信息查询,助手语音1k,21,20,随机,谁要充电就投币,
33,查询人民币兑外币汇率,助手语音1k,22,22,流量最高,我币换人民币现在多少钱,
33,查询人民币兑外币汇率,助手语音1k,22,22,流量最高,科威特1元换人民币,
33,查询人民币兑外币汇率,助手语音1k,22,22,流量最高,埃塞俄比亚与人民币的汇率是多少,
33,查询人民币兑外币汇率,助手语音1k,22,22,随机,1950年韩元汇率,
33,查询人民币兑外币汇率,助手语音1k,22,22,随机,领岛汇率,
33,查询人民币兑外币汇率,助手语音1k,22,22,随机,英镑人民币汇率,
55,银行客服电话查询,助手语音1k,15,14,流量最高,农业银行信用卡的客服电话多少,
55,银行客服电话查询,助手语音1k,15,14,流量最高,浦发银行客服电话,
55,银行客服电话查询,助手语音1k,15,14,流量最高,浦发银行客服电话是多些,
55,银行客服电话查询,助手语音1k,15,14,随机,浦发银行售后电话,
55,银行客服电话查询,助手语音1k,15,14,随机,庆安县农商行电话,
55,银行客服电话查询,助手语音1k,15,14,随机,民丰银行24小时人工客服电话,
58,查询黄金价格,助手语音1k,13,13,流量最高,黄金今天的收购价,
58,查询黄金价格,助手语音1k,13,13,流量最高,黄金股买哪个最好,
58,查询黄金价格,助手语音1k,13,13,流量最高,金价现在多少钱一克,
58,查询黄金价格,助手语音1k,13,13,随机,黄金还能涨回1月份的高点吗,
58,查询黄金价格,助手语音1k,13,13,随机,各大银行7月28日黄金多少钱一克,
58,查询黄金价格,助手语音1k,13,13,随机,金价现在多少钱一克,
45,查询股份公司及股票信息,助手语音1k,8,8,流量最高,医业股份,
45,查询股份公司及股票信息,助手语音1k,8,8,流量最高,农行股份,
45,查询股份公司及股票信息,助手语音1k,8,8,流量最高,同方股份投资超级片的股权有多有多多少,
45,查询股份公司及股票信息,助手语音1k,8,8,随机,交建股份值得申购吗,
45,查询股份公司及股票信息,助手语音1k,8,8,随机,兆驰股份基本盘稳固吗,
45,查询股份公司及股票信息,助手语音1k,8,8,随机,天际股份是不是一调查就ST了,
62,查询金价,助手语音1k,9,9,流量最高,今天金价,
62,查询金价,助手语音1k,9,9,流量最高,今天金价,
62,查询金价,助手语音1k,9,9,流量最高,今天金价,
62,查询金价,助手语音1k,9,9,随机,票面铂金,
62,查询金价,助手语音1k,9,9,随机,融通金今日报价,
62,查询金价,助手语音1k,9,9,随机,今天金价,
14,个人征信报告查询与影响咨询,助手语音1k,5,4,流量最高,海兰信昨天公告利好吗,
14,个人征信报告查询与影响咨询,助手语音1k,5,4,流量最高,信托收费标准,
14,个人征信报告查询与影响咨询,助手语音1k,5,4,流量最高,看企业征信报告要注意哪些关键数据,
14,个人征信报告查询与影响咨询,助手语音1k,5,4,随机,用了微信分付能上征信吗,
23,科技类股票信息查询,助手语音1k,7,7,流量最高,光旭科技的股票,
23,科技类股票信息查询,助手语音1k,7,7,流量最高,长鑫科技股票价格,
23,科技类股票信息查询,助手语音1k,7,7,流量最高,宇数科技股票代码,
23,科技类股票信息查询,助手语音1k,7,7,随机,美国科技股的市值,
23,科技类股票信息查询,助手语音1k,7,7,随机,普通的散户怎样投资科技股最好,
23,科技类股票信息查询,助手语音1k,7,7,随机,汉威科技股票代码,
3,查询电话号码归属,助手语音1k,4,4,流量最高,9547111是什么电话,
3,查询电话号码归属,助手语音1k,4,4,流量最高,952785是哪的电话,
3,查询电话号码归属,助手语音1k,4,4,流量最高,80652024什么电话,
3,查询电话号码归属,助手语音1k,4,4,随机,9540375是什么号,
32,证券股票信息查询,助手语音1k,8,8,流量最高,证券市场随着科技股一起下跌那么证券板块,
32,证券股票信息查询,助手语音1k,8,8,流量最高,天风证券证券代码,
32,证券股票信息查询,助手语音1k,8,8,流量最高,银河证券开户需要花佣金吗,
32,证券股票信息查询,助手语音1k,8,8,随机,一家券商收取万分之一的佣金,
32,证券股票信息查询,助手语音1k,8,8,随机,国盛证券,
32,证券股票信息查询,助手语音1k,8,8,随机,国盛证券,
29,蚂蚁庄园今日答案查询,助手语音1k,12,12,流量最高,马蚁庄园今日答案,
29,蚂蚁庄园今日答案查询,助手语音1k,12,12,流量最高,低血糖的症状有哪些蚂蚁庄园,
29,蚂蚁庄园今日答案查询,助手语音1k,12,12,流量最高,低血糖表现蚂蚁庄园,
29,蚂蚁庄园今日答案查询,助手语音1k,12,12,随机,为什么黄色交通信号灯蚂蚁庄园,
29,蚂蚁庄园今日答案查询,助手语音1k,12,12,随机,黄色信号灯蚂蚁庄园,
29,蚂蚁庄园今日答案查询,助手语音1k,12,12,随机,低血糖表现蚂蚁庄园,
20,查询交强险保费、赔偿与投保规定,助手语音1k,4,4,流量最高,特种车的交强险和一般货车交强险是不是不一样,
20,查询交强险保费、赔偿与投保规定,助手语音1k,4,4,流量最高,特种车的交强险和一般货车交强险是不是不一样,
20,查询交强险保费、赔偿与投保规定,助手语音1k,4,4,流量最高,车险第二年交强险怎么划算,
20,查询交强险保费、赔偿与投保规定,助手语音1k,4,4,随机,交强险要多少钱一年,
28,股指行情查询,助手语音1k,6,6,流量最高,茶谷碗ddx选股指标,
28,股指行情查询,助手语音1k,6,6,流量最高,请你上强力指数是哪一个指标,
28,股指行情查询,助手语音1k,6,6,流量最高,B8指数的图看一下,
28,股指行情查询,助手语音1k,6,6,随机,北证指数50c和北证50指数a和北证50指数增强c区别是什么,
28,股指行情查询,助手语音1k,6,6,随机,恒指,
28,股指行情查询,助手语音1k,6,6,随机,B8指数的图看一下,
52,下载安装金融类App,助手语音1k,5,5,流量最高,中国邮政银行手机APP我失了怎样自己解挂解,
52,下载安装金融类App,助手语音1k,5,5,流量最高,中国邮政银行手机APP我失了怎样自己解挂解,
52,下载安装金融类App,助手语音1k,5,5,流量最高,安徽农金APP上怎么取款,
52,下载安装金融类App,助手语音1k,5,5,随机,众安保险app官方下载安装,
52,下载安装金融类App,助手语音1k,5,5,随机,农行app怎么查行号,
68,利率查询与计算,助手语音1k,2,2,流量最高,银行9月1号贷款利率下调,
68,利率查询与计算,助手语音1k,2,2,流量最高,年利率二点五三十八万三年期利率多少钱,
73,证券代码信息查询#73,助手语音1k,1,1,流量最高,房贷808000年,
34,查询美元兑日元汇率,助手语音1k,9,9,流量最高,美元兑日元汇率,
34,查询美元兑日元汇率,助手语音1k,9,9,流量最高,美元兑日元汇率,
34,查询美元兑日元汇率,助手语音1k,9,9,流量最高,美元兑日元汇率,
34,查询美元兑日元汇率,助手语音1k,9,9,随机,美元对日元汇率多少,
34,查询美元兑日元汇率,助手语音1k,9,9,随机,日元美元币值,
34,查询美元兑日元汇率,助手语音1k,9,9,随机,美元兑日元汇率,
