key,类目,a,b,k_a,k_b,n_a,n_b,占比_a%,占比_b%,差_pp,低_pp,高_pp,显著,类型
0,代码与号码信息查询,2025搜索,2025搜索随机1w,1171,341,9998,10000,11.712,3.41,-8.302,-9.031,-7.582,True,共有
1,查询金融术语含义,2025搜索,2025搜索随机1w,129,261,9998,10000,1.29,2.61,1.32,0.939,1.708,True,共有
11,银行服务信息查询,2025搜索,2025搜索随机1w,503,1053,9998,10000,5.031,10.53,5.499,4.762,6.24,True,共有
13,查询黄金价格,2025搜索,2025搜索随机1w,239,60,9998,10000,2.39,0.6,-1.79,-2.136,-1.461,True,共有
14,存贷款利率与利息查询计算,2025搜索,2025搜索随机1w,193,560,9998,10000,1.93,5.6,3.67,3.148,4.201,True,共有
2,保险信息查询,2025搜索,2025搜索随机1w,163,322,9998,10000,1.63,3.22,1.59,1.166,2.021,True,共有
3,证券股吧查询,2025搜索,2025搜索随机1w,820,67,9998,10000,8.202,0.67,-7.532,-8.104,-6.98,True,共有
33,银行卡业务查询与办理指导,2025搜索,2025搜索随机1w,92,502,9998,10000,0.92,5.02,4.1,3.64,4.576,True,共有
36,下载安装金融类App,2025搜索,2025搜索随机1w,181,139,9998,10000,1.81,1.39,-0.42,-0.772,-0.072,True,共有
37,农业银行及农村信用社服务信息查询,2025搜索,2025搜索随机1w,51,276,9998,10000,0.51,2.76,2.25,1.907,2.611,True,共有
39,查询借款平台正规性,2025搜索,2025搜索随机1w,98,95,9998,10000,0.98,0.95,-0.03,-0.304,0.243,False,共有
4,查询个股股票信息,2025搜索,2025搜索随机1w,1910,274,9998,10000,19.104,2.74,-16.364,-17.203,-15.533,True,共有
40,查询财经门户与市场行情,2025搜索,2025搜索随机1w,429,262,9998,10000,4.291,2.62,-1.671,-2.18,-1.166,True,共有
41,查询美元兑日元汇率,2025搜索,2025搜索随机1w,60,43,9998,10000,0.6,0.43,-0.17,-0.374,0.03,False,共有
42,人民币及货币信息查询,2025搜索,2025搜索随机1w,112,115,9998,10000,1.12,1.15,0.03,-0.266,0.326,False,共有
43,实时行情查询,2025搜索,2025搜索随机1w,167,31,9998,10000,1.67,0.31,-1.36,-1.646,-1.093,True,共有
45,查询黄金价格与涨跌,2025搜索,2025搜索随机1w,150,38,9998,10000,1.5,0.38,-1.12,-1.398,-0.859,True,共有
46,查询股票代码与指数信息,2025搜索,2025搜索随机1w,130,48,9998,10000,1.3,0.48,-0.82,-1.089,-0.564,True,共有
48,金融业务操作与问题处理方法查询,2025搜索,2025搜索随机1w,44,385,9998,10000,0.44,3.85,3.41,3.02,3.821,True,共有
49,查询科技股与科创板信息,2025搜索,2025搜索随机1w,47,69,9998,10000,0.47,0.69,0.22,0.009,0.436,True,共有
5,查询市场行情与证券股票信息,2025搜索,2025搜索随机1w,427,220,9998,10000,4.271,2.2,-2.071,-2.565,-1.583,True,共有
51,查询具体标的最新价格行情,2025搜索,2025搜索随机1w,135,57,9998,10000,1.35,0.57,-0.78,-1.058,-0.513,True,共有
52,查询金融业务数值与代码,2025搜索,2025搜索随机1w,16,100,9998,10000,0.16,1.0,0.84,0.637,1.063,True,共有
53,金融行情数据查询,2025搜索,2025搜索随机1w,17,136,9998,10000,0.17,1.36,1.19,0.957,1.445,True,共有
54,查询价格与金额,2025搜索,2025搜索随机1w,28,187,9998,10000,0.28,1.87,1.59,1.313,1.887,True,共有
55,个人征信报告查询与影响咨询,2025搜索,2025搜索随机1w,61,170,9998,10000,0.61,1.7,1.09,0.798,1.394,True,共有
56,查询贷款信息,2025搜索,2025搜索随机1w,78,416,9998,10000,0.78,4.16,3.38,2.959,3.817,True,共有
58,查询办理信用卡业务,2025搜索,2025搜索随机1w,75,237,9998,10000,0.75,2.37,1.62,1.282,1.971,True,共有
59,贷款提前还款查询,2025搜索,2025搜索随机1w,20,144,9998,10000,0.2,1.44,1.24,0.999,1.502,True,共有
6,货币兑换汇率与金额换算查询,2025搜索,2025搜索随机1w,877,489,9998,10000,8.772,4.89,-3.882,-4.582,-3.186,True,共有
60,花呗操作查询,2025搜索,2025搜索随机1w,47,128,9998,10000,0.47,1.28,0.81,0.555,1.076,True,共有
61,贷款月供计算,2025搜索,2025搜索随机1w,7,101,9998,10000,0.07,1.01,0.94,0.747,1.159,True,共有
62,建设银行网点与服务查询,2025搜索,2025搜索随机1w,27,158,9998,10000,0.27,1.58,1.31,1.052,1.587,True,共有
63,查询转账与账户业务可行性,2025搜索,2025搜索随机1w,49,500,9998,10000,0.49,5.0,4.51,4.071,4.97,True,共有
64,查询保险相关业务,2025搜索,2025搜索随机1w,65,290,9998,10000,0.65,2.9,2.25,1.892,2.624,True,共有
65,股票行情与选股建议查询,2025搜索,2025搜索随机1w,199,543,9998,10000,1.99,5.43,3.44,2.922,3.967,True,共有
66,基金净值查询,2025搜索,2025搜索随机1w,26,146,9998,10000,0.26,1.46,1.2,0.952,1.467,True,共有
67,查询人寿保险业务信息,2025搜索,2025搜索随机1w,42,68,9998,10000,0.42,0.68,0.26,0.055,0.471,True,共有
68,车险购买与理赔咨询,2025搜索,2025搜索随机1w,39,231,9998,10000,0.39,2.31,1.92,1.609,2.25,True,共有
69,科技类股票信息查询,2025搜索,2025搜索随机1w,226,31,9998,10000,2.26,0.31,-1.95,-2.274,-1.648,True,共有
70,股指行情查询,2025搜索,2025搜索随机1w,152,56,9998,10000,1.52,0.56,-0.96,-1.25,-0.683,True,共有
71,支付宝账户操作查询,2025搜索,2025搜索随机1w,73,342,9998,10000,0.73,3.42,2.69,2.303,3.093,True,共有
72,查询股份公司及股票信息,2025搜索,2025搜索随机1w,261,70,9998,10000,2.611,0.7,-1.911,-2.272,-1.563,True,共有
73,查询价格走势图,2025搜索,2025搜索随机1w,123,50,9998,10000,1.23,0.5,-0.73,-0.995,-0.477,True,共有
8,支付方式使用与设置查询,2025搜索,2025搜索随机1w,38,161,9998,10000,0.38,1.61,1.23,0.961,1.515,True,共有
9,查询股份股票及股吧信息,2025搜索,2025搜索随机1w,201,28,9998,10000,2.01,0.28,-1.73,-2.037,-1.445,True,共有
0,代码与号码信息查询,2025搜索,2026搜索,1171,1260,9998,9999,11.712,12.601,0.889,-0.017,1.795,False,共有
1,查询金融术语含义,2025搜索,2026搜索,129,67,9998,9999,1.29,0.67,-0.62,-0.9,-0.349,True,共有
11,银行服务信息查询,2025搜索,2026搜索,503,270,9998,9999,5.031,2.7,-2.331,-2.868,-1.799,True,共有
13,查询黄金价格,2025搜索,2026搜索,239,341,9998,9999,2.39,3.41,1.02,0.555,1.488,True,共有
14,存贷款利率与利息查询计算,2025搜索,2026搜索,193,63,9998,9999,1.93,0.63,-1.3,-1.62,-0.994,True,共有
2,保险信息查询,2025搜索,2026搜索,163,85,9998,9999,1.63,0.85,-0.78,-1.093,-0.475,True,共有
3,证券股吧查询,2025搜索,2026搜索,820,1083,9998,9999,8.202,10.831,2.629,1.817,3.443,True,共有
33,银行卡业务查询与办理指导,2025搜索,2026搜索,92,24,9998,9999,0.92,0.24,-0.68,-0.902,-0.474,True,共有
36,下载安装金融类App,2025搜索,2026搜索,181,77,9998,9999,1.81,0.77,-1.04,-1.36,-0.731,True,共有
37,农业银行及农村信用社服务信息查询,2025搜索,2026搜索,51,21,9998,9999,0.51,0.21,-0.3,-0.476,-0.135,True,共有
39,查询借款平台正规性,2025搜索,2026搜索,98,37,9998,9999,0.98,0.37,-0.61,-0.846,-0.386,True,共有
4,查询个股股票信息,2025搜索,2026搜索,1910,2448,9998,9999,19.104,24.482,5.379,4.236,6.52,True,共有
40,查询财经门户与市场行情,2025搜索,2026搜索,429,364,9998,9999,4.291,3.64,-0.65,-1.193,-0.109,True,共有
41,查询美元兑日元汇率,2025搜索,2026搜索,60,64,9998,9999,0.6,0.64,0.04,-0.18,0.261,False,共有
42,人民币及货币信息查询,2025搜索,2026搜索,112,52,9998,9999,1.12,0.52,-0.6,-0.857,-0.352,True,共有
43,实时行情查询,2025搜索,2026搜索,167,243,9998,9999,1.67,2.43,0.76,0.368,1.156,True,共有
45,查询黄金价格与涨跌,2025搜索,2026搜索,150,148,9998,9999,1.5,1.48,-0.02,-0.358,0.318,False,共有
46,查询股票代码与指数信息,2025搜索,2026搜索,130,163,9998,9999,1.3,1.63,0.33,-0.004,0.666,False,共有
48,金融业务操作与问题处理方法查询,2025搜索,2026搜索,44,22,9998,9999,0.44,0.22,-0.22,-0.388,-0.061,True,共有
49,查询科技股与科创板信息,2025搜索,2026搜索,47,73,9998,9999,0.47,0.73,0.26,0.045,0.48,True,共有
5,查询市场行情与证券股票信息,2025搜索,2026搜索,427,421,9998,9999,4.271,4.21,-0.06,-0.62,0.499,False,共有
51,查询具体标的最新价格行情,2025搜索,2026搜索,135,145,9998,9999,1.35,1.45,0.1,-0.227,0.428,False,共有
52,查询金融业务数值与代码,2025搜索,2026搜索,16,8,9998,9999,0.16,0.08,-0.08,-0.187,0.019,False,共有
53,金融行情数据查询,2025搜索,2026搜索,17,10,9998,9999,0.17,0.1,-0.07,-0.182,0.035,False,共有
54,查询价格与金额,2025搜索,2026搜索,28,18,9998,9999,0.28,0.18,-0.1,-0.241,0.035,False,共有
55,个人征信报告查询与影响咨询,2025搜索,2026搜索,61,27,9998,9999,0.61,0.27,-0.34,-0.532,-0.158,True,共有
56,查询贷款信息,2025搜索,2026搜索,78,29,9998,9999,0.78,0.29,-0.49,-0.702,-0.291,True,共有
58,查询办理信用卡业务,2025搜索,2026搜索,75,29,9998,9999,0.75,0.29,-0.46,-0.669,-0.263,True,共有
59,贷款提前还款查询,2025搜索,2026搜索,20,8,9998,9999,0.2,0.08,-0.12,-0.236,-0.015,True,共有
6,货币兑换汇率与金额换算查询,2025搜索,2026搜索,877,624,9998,9999,8.772,6.241,-2.531,-3.262,-1.802,True,共有
60,花呗操作查询,2025搜索,2026搜索,47,22,9998,9999,0.47,0.22,-0.25,-0.422,-0.088,True,共有
61,贷款月供计算,2025搜索,2026搜索,7,1,9998,9999,0.07,0.01,-0.06,-0.135,-0.001,True,共有
62,建设银行网点与服务查询,2025搜索,2026搜索,27,16,9998,9999,0.27,0.16,-0.11,-0.247,0.021,False,共有
63,查询转账与账户业务可行性,2025搜索,2026搜索,49,18,9998,9999,0.49,0.18,-0.31,-0.481,-0.152,True,共有
64,查询保险相关业务,2025搜索,2026搜索,65,30,9998,9999,0.65,0.3,-0.35,-0.549,-0.161,True,共有
65,股票行情与选股建议查询,2025搜索,2026搜索,199,232,9998,9999,1.99,2.32,0.33,-0.073,0.735,False,共有
66,基金净值查询,2025搜索,2026搜索,26,84,9998,9999,0.26,0.84,0.58,0.379,0.795,True,共有
67,查询人寿保险业务信息,2025搜索,2026搜索,42,17,9998,9999,0.42,0.17,-0.25,-0.411,-0.101,True,共有
68,车险购买与理赔咨询,2025搜索,2026搜索,39,13,9998,9999,0.39,0.13,-0.26,-0.413,-0.121,True,共有
69,科技类股票信息查询,2025搜索,2026搜索,226,329,9998,9999,2.26,3.29,1.03,0.575,1.488,True,共有
70,股指行情查询,2025搜索,2026搜索,152,194,9998,9999,1.52,1.94,0.42,0.058,0.785,True,共有
71,支付宝账户操作查询,2025搜索,2026搜索,73,35,9998,9999,0.73,0.35,-0.38,-0.591,-0.178,True,共有
72,查询股份公司及股票信息,2025搜索,2026搜索,261,282,9998,9999,2.611,2.82,0.21,-0.242,0.662,False,共有
73,查询价格走势图,2025搜索,2026搜索,123,169,9998,9999,1.23,1.69,0.46,0.127,0.796,True,共有
8,支付方式使用与设置查询,2025搜索,2026搜索,38,14,9998,9999,0.38,0.14,-0.24,-0.392,-0.1,True,共有
9,查询股份股票及股吧信息,2025搜索,2026搜索,201,319,9998,9999,2.01,3.19,1.18,0.74,1.625,True,共有
0,代码与号码信息查询,2025搜索,2026搜索随机1w,1171,411,9998,10000,11.712,4.11,-7.602,-8.347,-6.864,True,共有
1,查询金融术语含义,2025搜索,2026搜索随机1w,129,311,9998,10000,1.29,3.11,1.82,1.417,2.232,True,共有
11,银行服务信息查询,2025搜索,2026搜索随机1w,503,905,9998,10000,5.031,9.05,4.019,3.313,4.729,True,共有
13,查询黄金价格,2025搜索,2026搜索随机1w,239,99,9998,10000,2.39,0.99,-1.4,-1.764,-1.047,True,共有
14,存贷款利率与利息查询计算,2025搜索,2026搜索随机1w,193,491,9998,10000,1.93,4.91,2.98,2.481,3.488,True,共有
2,保险信息查询,2025搜索,2026搜索随机1w,163,284,9998,10000,1.63,2.84,1.21,0.802,1.624,True,共有
3,证券股吧查询,2025搜索,2026搜索随机1w,820,90,9998,10000,8.202,0.9,-7.302,-7.88,-6.741,True,共有
33,银行卡业务查询与办理指导,2025搜索,2026搜索随机1w,92,371,9998,10000,0.92,3.71,2.79,2.381,3.214,True,共有
36,下载安装金融类App,2025搜索,2026搜索随机1w,181,105,9998,10000,1.81,1.05,-0.76,-1.095,-0.433,True,共有
37,农业银行及农村信用社服务信息查询,2025搜索,2026搜索随机1w,51,210,9998,10000,0.51,2.1,1.59,1.282,1.914,True,共有
39,查询借款平台正规性,2025搜索,2026搜索随机1w,98,92,9998,10000,0.98,0.92,-0.06,-0.332,0.211,False,共有
4,查询个股股票信息,2025搜索,2026搜索随机1w,1910,403,9998,10000,19.104,4.03,-15.074,-15.938,-14.215,True,共有
40,查询财经门户与市场行情,2025搜索,2026搜索随机1w,429,324,9998,10000,4.291,3.24,-1.051,-1.581,-0.524,True,共有
41,查询美元兑日元汇率,2025搜索,2026搜索随机1w,60,54,9998,10000,0.6,0.54,-0.06,-0.273,0.151,False,共有
42,人民币及货币信息查询,2025搜索,2026搜索随机1w,112,107,9998,10000,1.12,1.07,-0.05,-0.341,0.24,False,共有
43,实时行情查询,2025搜索,2026搜索随机1w,167,54,9998,10000,1.67,0.54,-1.13,-1.429,-0.845,True,共有
45,查询黄金价格与涨跌,2025搜索,2026搜索随机1w,150,45,9998,10000,1.5,0.45,-1.05,-1.332,-0.783,True,共有
46,查询股票代码与指数信息,2025搜索,2026搜索随机1w,130,45,9998,10000,1.3,0.45,-0.85,-1.117,-0.596,True,共有
48,金融业务操作与问题处理方法查询,2025搜索,2026搜索随机1w,44,288,9998,10000,0.44,2.88,2.44,2.095,2.804,True,共有
49,查询科技股与科创板信息,2025搜索,2026搜索随机1w,47,168,9998,10000,0.47,1.68,1.21,0.93,1.505,True,共有
5,查询市场行情与证券股票信息,2025搜索,2026搜索随机1w,427,281,9998,10000,4.271,2.81,-1.461,-1.976,-0.95,True,共有
51,查询具体标的最新价格行情,2025搜索,2026搜索随机1w,135,73,9998,10000,1.35,0.73,-0.62,-0.908,-0.34,True,共有
52,查询金融业务数值与代码,2025搜索,2026搜索随机1w,16,123,9998,10000,0.16,1.23,1.07,0.848,1.313,True,共有
53,金融行情数据查询,2025搜索,2026搜索随机1w,17,216,9998,10000,0.17,2.16,1.99,1.704,2.3,True,共有
54,查询价格与金额,2025搜索,2026搜索随机1w,28,205,9998,10000,0.28,2.05,1.77,1.482,2.079,True,共有
55,个人征信报告查询与影响咨询,2025搜索,2026搜索随机1w,61,103,9998,10000,0.61,1.03,0.42,0.17,0.676,True,共有
56,查询贷款信息,2025搜索,2026搜索随机1w,78,262,9998,10000,0.78,2.62,1.84,1.487,2.206,True,共有
58,查询办理信用卡业务,2025搜索,2026搜索随机1w,75,189,9998,10000,0.75,1.89,1.14,0.827,1.463,True,共有
59,贷款提前还款查询,2025搜索,2026搜索随机1w,20,129,9998,10000,0.2,1.29,1.09,0.859,1.341,True,共有
6,货币兑换汇率与金额换算查询,2025搜索,2026搜索随机1w,877,484,9998,10000,8.772,4.84,-3.932,-4.631,-3.237,True,共有
60,花呗操作查询,2025搜索,2026搜索随机1w,47,82,9998,10000,0.47,0.82,0.35,0.128,0.578,True,共有
61,贷款月供计算,2025搜索,2026搜索随机1w,7,78,9998,10000,0.07,0.78,0.71,0.538,0.906,True,共有
62,建设银行网点与服务查询,2025搜索,2026搜索随机1w,27,116,9998,10000,0.27,1.16,0.89,0.662,1.134,True,共有
63,查询转账与账户业务可行性,2025搜索,2026搜索随机1w,49,404,9998,10000,0.49,4.04,3.55,3.149,3.971,True,共有
64,查询保险相关业务,2025搜索,2026搜索随机1w,65,218,9998,10000,0.65,2.18,1.53,1.208,1.865,True,共有
65,股票行情与选股建议查询,2025搜索,2026搜索随机1w,199,881,9998,10000,1.99,8.81,6.82,6.205,7.446,True,共有
66,基金净值查询,2025搜索,2026搜索随机1w,26,291,9998,10000,0.26,2.91,2.65,2.316,3.008,True,共有
67,查询人寿保险业务信息,2025搜索,2026搜索随机1w,42,67,9998,10000,0.42,0.67,0.25,0.045,0.46,True,共有
68,车险购买与理赔咨询,2025搜索,2026搜索随机1w,39,159,9998,10000,0.39,1.59,1.2,0.932,1.484,True,共有
69,科技类股票信息查询,2025搜索,2026搜索随机1w,226,62,9998,10000,2.26,0.62,-1.64,-1.979,-1.316,True,共有
70,股指行情查询,2025搜索,2026搜索随机1w,152,78,9998,10000,1.52,0.78,-0.74,-1.042,-0.447,True,共有
71,支付宝账户操作查询,2025搜索,2026搜索随机1w,73,271,9998,10000,0.73,2.71,1.98,1.626,2.348,True,共有
72,查询股份公司及股票信息,2025搜索,2026搜索随机1w,261,118,9998,10000,2.611,1.18,-1.431,-1.814,-1.056,True,共有
73,查询价格走势图,2025搜索,2026搜索随机1w,123,92,9998,10000,1.23,0.92,-0.31,-0.6,-0.024,True,共有
8,支付方式使用与设置查询,2025搜索,2026搜索随机1w,38,123,9998,10000,0.38,1.23,0.85,0.607,1.107,True,共有
9,查询股份股票及股吧信息,2025搜索,2026搜索随机1w,201,38,9998,10000,2.01,0.38,-1.63,-1.942,-1.337,True,共有
0,代码与号码信息查询,2025搜索,助手头部1k,1171,16,9998,950,11.712,1.684,-10.028,-10.94,-8.825,True,共有
1,查询金融术语含义,2025搜索,助手头部1k,129,9,9998,950,1.29,0.947,-0.343,-0.852,0.525,False,共有
11,银行服务信息查询,2025搜索,助手头部1k,503,63,9998,950,5.031,6.632,1.601,0.118,3.411,True,共有
13,查询黄金价格,2025搜索,助手头部1k,239,48,9998,950,2.39,5.053,2.662,1.401,4.27,True,共有
14,存贷款利率与利息查询计算,2025搜索,助手头部1k,193,12,9998,950,1.93,1.263,-0.667,-1.279,0.298,False,共有
2,保险信息查询,2025搜索,助手头部1k,163,16,9998,950,1.63,1.684,0.054,-0.644,1.113,False,共有
3,证券股吧查询,2025搜索,助手头部1k,820,0,9998,950,8.202,0.0,-8.202,-8.756,-7.542,True,a独有
33,银行卡业务查询与办理指导,2025搜索,助手头部1k,92,7,9998,950,0.92,0.737,-0.183,-0.616,0.611,False,共有
36,下载安装金融类App,2025搜索,助手头部1k,181,21,9998,950,1.81,2.211,0.4,-0.41,1.571,False,共有
37,农业银行及农村信用社服务信息查询,2025搜索,助手头部1k,51,29,9998,950,0.51,3.053,2.543,1.61,3.845,True,共有
39,查询借款平台正规性,2025搜索,助手头部1k,98,13,9998,950,0.98,1.368,0.388,-0.217,1.363,False,共有
4,查询个股股票信息,2025搜索,助手头部1k,1910,143,9998,950,19.104,15.053,-4.051,-6.323,-1.52,True,共有
40,查询财经门户与市场行情,2025搜索,助手头部1k,429,27,9998,950,4.291,2.842,-1.449,-2.423,-0.131,True,共有
41,查询美元兑日元汇率,2025搜索,助手头部1k,60,6,9998,950,0.6,0.632,0.031,-0.351,0.783,False,共有
42,人民币及货币信息查询,2025搜索,助手头部1k,112,8,9998,950,1.12,0.842,-0.278,-0.75,0.554,False,共有
43,实时行情查询,2025搜索,助手头部1k,167,16,9998,950,1.67,1.684,0.014,-0.685,1.074,False,共有
45,查询黄金价格与涨跌,2025搜索,助手头部1k,150,34,9998,950,1.5,3.579,2.079,1.04,3.477,True,共有
46,查询股票代码与指数信息,2025搜索,助手头部1k,130,5,9998,950,1.3,0.526,-0.774,-1.16,-0.045,True,共有
48,金融业务操作与问题处理方法查询,2025搜索,助手头部1k,44,8,9998,950,0.44,0.842,0.402,-0.039,1.22,False,共有
49,查询科技股与科创板信息,2025搜索,助手头部1k,47,13,9998,950,0.47,1.368,0.898,0.311,1.864,True,共有
5,查询市场行情与证券股票信息,2025搜索,助手头部1k,427,96,9998,950,4.271,10.105,5.834,4.028,7.949,True,共有
51,查询具体标的最新价格行情,2025搜索,助手头部1k,135,20,9998,950,1.35,2.105,0.755,-0.023,1.898,False,共有
52,查询金融业务数值与代码,2025搜索,助手头部1k,16,4,9998,950,0.16,0.421,0.261,-0.015,0.92,False,共有
53,金融行情数据查询,2025搜索,助手头部1k,17,7,9998,950,0.17,0.737,0.567,0.174,1.346,True,共有
54,查询价格与金额,2025搜索,助手头部1k,28,13,9998,950,0.28,1.368,1.088,0.508,2.051,True,共有
55,个人征信报告查询与影响咨询,2025搜索,助手头部1k,61,5,9998,950,0.61,0.526,-0.084,-0.431,0.629,False,共有
56,查询贷款信息,2025搜索,助手头部1k,78,12,9998,950,0.78,1.263,0.483,-0.089,1.427,False,共有
58,查询办理信用卡业务,2025搜索,助手头部1k,75,0,9998,950,0.75,0.0,-0.75,-0.939,-0.32,True,a独有
59,贷款提前还款查询,2025搜索,助手头部1k,20,1,9998,950,0.2,0.105,-0.095,-0.234,0.399,False,共有
6,货币兑换汇率与金额换算查询,2025搜索,助手头部1k,877,76,9998,950,8.772,8.0,-0.772,-2.434,1.202,False,共有
60,花呗操作查询,2025搜索,助手头部1k,47,2,9998,950,0.47,0.211,-0.26,-0.477,0.306,False,共有
61,贷款月供计算,2025搜索,助手头部1k,7,3,9998,950,0.07,0.316,0.246,0.025,0.855,True,共有
62,建设银行网点与服务查询,2025搜索,助手头部1k,27,3,9998,950,0.27,0.316,0.046,-0.196,0.66,False,共有
63,查询转账与账户业务可行性,2025搜索,助手头部1k,49,8,9998,950,0.49,0.842,0.352,-0.092,1.171,False,共有
64,查询保险相关业务,2025搜索,助手头部1k,65,11,9998,950,0.65,1.158,0.508,-0.032,1.422,False,共有
65,股票行情与选股建议查询,2025搜索,助手头部1k,199,62,9998,950,1.99,6.526,4.536,3.104,6.307,True,共有
66,基金净值查询,2025搜索,助手头部1k,26,2,9998,950,0.26,0.211,-0.05,-0.244,0.51,False,共有
67,查询人寿保险业务信息,2025搜索,助手头部1k,42,2,9998,950,0.42,0.211,-0.21,-0.422,0.355,False,共有
68,车险购买与理赔咨询,2025搜索,助手头部1k,39,4,9998,950,0.39,0.421,0.031,-0.263,0.696,False,共有
69,科技类股票信息查询,2025搜索,助手头部1k,226,21,9998,950,2.26,2.211,-0.05,-0.871,1.127,False,共有
70,股指行情查询,2025搜索,助手头部1k,152,37,9998,950,1.52,3.895,2.374,1.287,3.819,True,共有
71,支付宝账户操作查询,2025搜索,助手头部1k,73,8,9998,950,0.73,0.842,0.112,-0.343,0.936,False,共有
72,查询股份公司及股票信息,2025搜索,助手头部1k,261,26,9998,950,2.611,2.737,0.126,-0.798,1.404,False,共有
73,查询价格走势图,2025搜索,助手头部1k,123,23,9998,950,1.23,2.421,1.191,0.355,2.393,True,共有
8,支付方式使用与设置查询,2025搜索,助手头部1k,38,3,9998,950,0.38,0.316,-0.064,-0.316,0.553,False,共有
9,查询股份股票及股吧信息,2025搜索,助手头部1k,201,7,9998,950,2.01,0.737,-1.274,-1.754,-0.456,True,共有
0,代码与号码信息查询,2025搜索,助手随机1k,1171,21,9998,987,11.712,2.128,-9.585,-10.56,-8.321,True,共有
1,查询金融术语含义,2025搜索,助手随机1k,129,20,9998,987,1.29,2.026,0.736,-0.014,1.838,False,共有
11,银行服务信息查询,2025搜索,助手随机1k,503,56,9998,987,5.031,5.674,0.643,-0.712,2.317,False,共有
13,查询黄金价格,2025搜索,助手随机1k,239,11,9998,987,2.39,1.114,-1.276,-1.861,-0.361,True,共有
14,存贷款利率与利息查询计算,2025搜索,助手随机1k,193,43,9998,987,1.93,4.357,2.426,1.283,3.908,True,共有
2,保险信息查询,2025搜索,助手随机1k,163,23,9998,987,1.63,2.33,0.7,-0.118,1.865,False,共有
3,证券股吧查询,2025搜索,助手随机1k,820,1,9998,987,8.202,0.101,-8.1,-8.661,-7.398,True,共有
33,银行卡业务查询与办理指导,2025搜索,助手随机1k,92,23,9998,987,0.92,2.33,1.41,0.61,2.565,True,共有
36,下载安装金融类App,2025搜索,助手随机1k,181,14,9998,987,1.81,1.418,-0.392,-1.029,0.587,False,共有
37,农业银行及农村信用社服务信息查询,2025搜索,助手随机1k,51,14,9998,987,0.51,1.418,0.908,0.315,1.864,True,共有
39,查询借款平台正规性,2025搜索,助手随机1k,98,4,9998,987,0.98,0.405,-0.575,-0.901,0.081,False,共有
4,查询个股股票信息,2025搜索,助手随机1k,1910,28,9998,987,19.104,2.837,-16.267,-17.435,-14.82,True,共有
40,查询财经门户与市场行情,2025搜索,助手随机1k,429,18,9998,987,4.291,1.824,-2.467,-3.253,-1.359,True,共有
41,查询美元兑日元汇率,2025搜索,助手随机1k,60,1,9998,987,0.6,0.101,-0.499,-0.69,-0.01,True,共有
42,人民币及货币信息查询,2025搜索,助手随机1k,112,7,9998,987,1.12,0.709,-0.411,-0.84,0.36,False,共有
43,实时行情查询,2025搜索,助手随机1k,167,2,9998,987,1.67,0.203,-1.468,-1.776,-0.886,True,共有
45,查询黄金价格与涨跌,2025搜索,助手随机1k,150,7,9998,987,1.5,0.709,-0.791,-1.238,-0.012,True,共有
46,查询股票代码与指数信息,2025搜索,助手随机1k,130,5,9998,987,1.3,0.507,-0.794,-1.171,-0.09,True,共有
48,金融业务操作与问题处理方法查询,2025搜索,助手随机1k,44,26,9998,987,0.44,2.634,2.194,1.35,3.397,True,共有
49,查询科技股与科创板信息,2025搜索,助手随机1k,47,30,9998,987,0.47,3.04,2.569,1.654,3.841,True,共有
5,查询市场行情与证券股票信息,2025搜索,助手随机1k,427,9,9998,987,4.271,0.912,-3.359,-3.957,-2.463,True,共有
51,查询具体标的最新价格行情,2025搜索,助手随机1k,135,9,9998,987,1.35,0.912,-0.438,-0.935,0.4,False,共有
52,查询金融业务数值与代码,2025搜索,助手随机1k,16,29,9998,987,0.16,2.938,2.778,1.888,4.029,True,共有
53,金融行情数据查询,2025搜索,助手随机1k,17,56,9998,987,0.17,5.674,5.504,4.221,7.127,True,共有
54,查询价格与金额,2025搜索,助手随机1k,28,28,9998,987,0.28,2.837,2.557,1.681,3.792,True,共有
55,个人征信报告查询与影响咨询,2025搜索,助手随机1k,61,9,9998,987,0.61,0.912,0.302,-0.163,1.125,False,共有
56,查询贷款信息,2025搜索,助手随机1k,78,20,9998,987,0.78,2.026,1.246,0.51,2.34,True,共有
58,查询办理信用卡业务,2025搜索,助手随机1k,75,12,9998,987,0.75,1.216,0.466,-0.087,1.376,False,共有
59,贷款提前还款查询,2025搜索,助手随机1k,20,8,9998,987,0.2,0.811,0.61,0.197,1.394,True,共有
6,货币兑换汇率与金额换算查询,2025搜索,助手随机1k,877,20,9998,987,8.772,2.026,-6.745,-7.657,-5.536,True,共有
60,花呗操作查询,2025搜索,助手随机1k,47,5,9998,987,0.47,0.507,0.036,-0.292,0.72,False,共有
61,贷款月供计算,2025搜索,助手随机1k,7,19,9998,987,0.07,1.925,1.855,1.162,2.918,True,共有
62,建设银行网点与服务查询,2025搜索,助手随机1k,27,5,9998,987,0.27,0.507,0.237,-0.078,0.916,False,共有
63,查询转账与账户业务可行性,2025搜索,助手随机1k,49,63,9998,987,0.49,6.383,5.893,4.522,7.598,True,共有
64,查询保险相关业务,2025搜索,助手随机1k,65,19,9998,987,0.65,1.925,1.275,0.563,2.346,True,共有
65,股票行情与选股建议查询,2025搜索,助手随机1k,199,207,9998,987,1.99,20.973,18.982,16.54,21.645,True,共有
66,基金净值查询,2025搜索,助手随机1k,26,12,9998,987,0.26,1.216,0.956,0.423,1.857,True,共有
67,查询人寿保险业务信息,2025搜索,助手随机1k,42,2,9998,987,0.42,0.203,-0.217,-0.426,0.327,False,共有
68,车险购买与理赔咨询,2025搜索,助手随机1k,39,22,9998,987,0.39,2.229,1.839,1.073,2.967,True,共有
69,科技类股票信息查询,2025搜索,助手随机1k,226,7,9998,987,2.26,0.709,-1.551,-2.03,-0.755,True,共有
70,股指行情查询,2025搜索,助手随机1k,152,8,9998,987,1.52,0.811,-0.71,-1.186,0.102,False,共有
71,支付宝账户操作查询,2025搜索,助手随机1k,73,8,9998,987,0.73,0.811,0.08,-0.36,0.875,False,共有
72,查询股份公司及股票信息,2025搜索,助手随机1k,261,14,9998,987,2.611,1.418,-1.192,-1.853,-0.199,True,共有
73,查询价格走势图,2025搜索,助手随机1k,123,29,9998,987,1.23,2.938,1.708,0.792,2.973,True,共有
8,支付方式使用与设置查询,2025搜索,助手随机1k,38,11,9998,987,0.38,1.114,0.734,0.223,1.611,True,共有
9,查询股份股票及股吧信息,2025搜索,助手随机1k,201,2,9998,987,2.01,0.203,-1.808,-2.137,-1.216,True,共有
0,代码与号码信息查询,2025搜索,助手语音头部1k,1171,116,9998,1000,11.712,11.6,-0.112,-2.062,2.108,False,共有
1,查询金融术语含义,2025搜索,助手语音头部1k,129,1,9998,1000,1.29,0.1,-1.19,-1.445,-0.683,True,共有
11,银行服务信息查询,2025搜索,助手语音头部1k,503,57,9998,1000,5.031,5.7,0.669,-0.681,2.334,False,共有
13,查询黄金价格,2025搜索,助手语音头部1k,239,46,9998,1000,2.39,4.6,2.21,1.032,3.717,True,共有
14,存贷款利率与利息查询计算,2025搜索,助手语音头部1k,193,11,9998,1000,1.93,1.1,-0.83,-1.395,0.065,False,共有
2,保险信息查询,2025搜索,助手语音头部1k,163,12,9998,1000,1.63,1.2,-0.43,-1.008,0.485,False,共有
3,证券股吧查询,2025搜索,助手语音头部1k,820,10,9998,1000,8.202,1.0,-7.202,-7.919,-6.22,True,共有
33,银行卡业务查询与办理指导,2025搜索,助手语音头部1k,92,2,9998,1000,0.92,0.2,-0.72,-0.973,-0.167,True,共有
36,下载安装金融类App,2025搜索,助手语音头部1k,181,2,9998,1000,1.81,0.2,-1.61,-1.926,-1.031,True,共有
37,农业银行及农村信用社服务信息查询,2025搜索,助手语音头部1k,51,10,9998,1000,0.51,1.0,0.49,0.007,1.33,True,共有
39,查询借款平台正规性,2025搜索,助手语音头部1k,98,1,9998,1000,0.98,0.1,-0.88,-1.108,-0.384,True,共有
4,查询个股股票信息,2025搜索,助手语音头部1k,1910,219,9998,1000,19.104,21.9,2.796,0.221,5.57,True,共有
40,查询财经门户与市场行情,2025搜索,助手语音头部1k,429,30,9998,1000,4.291,3.0,-1.291,-2.273,0.016,False,共有
41,查询美元兑日元汇率,2025搜索,助手语音头部1k,60,11,9998,1000,0.6,1.1,0.5,-0.014,1.369,False,共有
42,人民币及货币信息查询,2025搜索,助手语音头部1k,112,3,9998,1000,1.12,0.3,-0.82,-1.121,-0.212,True,共有
43,实时行情查询,2025搜索,助手语音头部1k,167,15,9998,1000,1.67,1.5,-0.17,-0.818,0.818,False,共有
45,查询黄金价格与涨跌,2025搜索,助手语音头部1k,150,24,9998,1000,1.5,2.4,0.9,0.076,2.067,True,共有
46,查询股票代码与指数信息,2025搜索,助手语音头部1k,130,19,9998,1000,1.3,1.9,0.6,-0.122,1.668,False,共有
48,金融业务操作与问题处理方法查询,2025搜索,助手语音头部1k,44,0,9998,1000,0.44,0.0,-0.44,-0.59,-0.041,True,a独有
49,查询科技股与科创板信息,2025搜索,助手语音头部1k,47,9,9998,1000,0.47,0.9,0.43,-0.023,1.24,False,共有
5,查询市场行情与证券股票信息,2025搜索,助手语音头部1k,427,90,9998,1000,4.271,9.0,4.729,3.057,6.7,True,共有
51,查询具体标的最新价格行情,2025搜索,助手语音头部1k,135,15,9998,1000,1.35,1.5,0.15,-0.488,1.132,False,共有
52,查询金融业务数值与代码,2025搜索,助手语音头部1k,16,1,9998,1000,0.16,0.1,-0.06,-0.189,0.408,False,共有
53,金融行情数据查询,2025搜索,助手语音头部1k,17,7,9998,1000,0.17,0.7,0.53,0.155,1.271,True,共有
54,查询价格与金额,2025搜索,助手语音头部1k,28,4,9998,1000,0.28,0.4,0.12,-0.154,0.75,False,共有
55,个人征信报告查询与影响咨询,2025搜索,助手语音头部1k,61,1,9998,1000,0.61,0.1,-0.51,-0.701,-0.027,True,共有
56,查询贷款信息,2025搜索,助手语音头部1k,78,8,9998,1000,0.78,0.8,0.02,-0.419,0.806,False,共有
58,查询办理信用卡业务,2025搜索,助手语音头部1k,75,5,9998,1000,0.75,0.5,-0.25,-0.593,0.432,False,共有
59,贷款提前还款查询,2025搜索,助手语音头部1k,20,1,9998,1000,0.2,0.1,-0.1,-0.236,0.37,False,共有
6,货币兑换汇率与金额换算查询,2025搜索,助手语音头部1k,877,61,9998,1000,8.772,6.1,-2.672,-4.112,-0.928,True,共有
60,花呗操作查询,2025搜索,助手语音头部1k,47,4,9998,1000,0.47,0.4,-0.07,-0.359,0.565,False,共有
61,贷款月供计算,2025搜索,助手语音头部1k,7,1,9998,1000,0.07,0.1,0.03,-0.081,0.496,False,共有
62,建设银行网点与服务查询,2025搜索,助手语音头部1k,27,8,9998,1000,0.27,0.8,0.53,0.117,1.305,True,共有
63,查询转账与账户业务可行性,2025搜索,助手语音头部1k,49,3,9998,1000,0.49,0.3,-0.19,-0.443,0.4,False,共有
64,查询保险相关业务,2025搜索,助手语音头部1k,65,4,9998,1000,0.65,0.4,-0.25,-0.552,0.389,False,共有
65,股票行情与选股建议查询,2025搜索,助手语音头部1k,199,38,9998,1000,1.99,3.8,1.81,0.749,3.206,True,共有
66,基金净值查询,2025搜索,助手语音头部1k,26,6,9998,1000,0.26,0.6,0.34,-0.006,1.048,False,共有
67,查询人寿保险业务信息,2025搜索,助手语音头部1k,42,5,9998,1000,0.42,0.5,0.08,-0.242,0.754,False,共有
68,车险购买与理赔咨询,2025搜索,助手语音头部1k,39,0,9998,1000,0.39,0.0,-0.39,-0.533,0.007,False,a独有
69,科技类股票信息查询,2025搜索,助手语音头部1k,226,28,9998,1000,2.26,2.8,0.54,-0.371,1.787,False,共有
70,股指行情查询,2025搜索,助手语音头部1k,152,35,9998,1000,1.52,3.5,1.98,0.973,3.327,True,共有
71,支付宝账户操作查询,2025搜索,助手语音头部1k,73,8,9998,1000,0.73,0.8,0.07,-0.366,0.855,False,共有
72,查询股份公司及股票信息,2025搜索,助手语音头部1k,261,29,9998,1000,2.611,2.9,0.289,-0.645,1.558,False,共有
73,查询价格走势图,2025搜索,助手语音头部1k,123,18,9998,1000,1.23,1.8,0.57,-0.13,1.616,False,共有
8,支付方式使用与设置查询,2025搜索,助手语音头部1k,38,2,9998,1000,0.38,0.2,-0.18,-0.383,0.356,False,共有
9,查询股份股票及股吧信息,2025搜索,助手语音头部1k,201,20,9998,1000,2.01,2.0,-0.01,-0.771,1.089,False,共有
0,代码与号码信息查询,2025搜索,助手语音1k,1171,25,9998,1000,11.712,2.5,-9.212,-10.241,-7.895,True,共有
1,查询金融术语含义,2025搜索,助手语音1k,129,22,9998,1000,1.29,2.2,0.91,0.129,2.037,True,共有
11,银行服务信息查询,2025搜索,助手语音1k,503,82,9998,1000,5.031,8.2,3.169,1.561,5.079,True,共有
13,查询黄金价格,2025搜索,助手语音1k,239,13,9998,1000,2.39,1.3,-1.09,-1.716,-0.137,True,共有
14,存贷款利率与利息查询计算,2025搜索,助手语音1k,193,38,9998,1000,1.93,3.8,1.87,0.81,3.265,True,共有
2,保险信息查询,2025搜索,助手语音1k,163,28,9998,1000,1.63,2.8,1.17,0.273,2.408,True,共有
3,证券股吧查询,2025搜索,助手语音1k,820,8,9998,1000,8.202,0.8,-7.402,-8.082,-6.471,True,共有
33,银行卡业务查询与办理指导,2025搜索,助手语音1k,92,48,9998,1000,0.92,4.8,3.88,2.701,5.396,True,共有
36,下载安装金融类App,2025搜索,助手语音1k,181,5,9998,1000,1.81,0.5,-1.31,-1.711,-0.602,True,共有
37,农业银行及农村信用社服务信息查询,2025搜索,助手语音1k,51,21,9998,1000,0.51,2.1,1.59,0.85,2.686,True,共有
39,查询借款平台正规性,2025搜索,助手语音1k,98,5,9998,1000,0.98,0.5,-0.48,-0.837,0.208,False,共有
4,查询个股股票信息,2025搜索,助手语音1k,1910,54,9998,1000,19.104,5.4,-13.704,-15.168,-11.952,True,共有
40,查询财经门户与市场行情,2025搜索,助手语音1k,429,10,9998,1000,4.291,1.0,-3.291,-3.907,-2.377,True,共有
41,查询美元兑日元汇率,2025搜索,助手语音1k,60,9,9998,1000,0.6,0.9,0.3,-0.159,1.113,False,共有
42,人民币及货币信息查询,2025搜索,助手语音1k,112,21,9998,1000,1.12,2.1,0.98,0.223,2.085,True,共有
43,实时行情查询,2025搜索,助手语音1k,167,0,9998,1000,1.67,0.0,-1.67,-1.941,-1.222,True,a独有
45,查询黄金价格与涨跌,2025搜索,助手语音1k,150,9,9998,1000,1.5,0.9,-0.6,-1.098,0.231,False,共有
46,查询股票代码与指数信息,2025搜索,助手语音1k,130,5,9998,1000,1.3,0.5,-0.8,-1.175,-0.105,True,共有
48,金融业务操作与问题处理方法查询,2025搜索,助手语音1k,44,32,9998,1000,0.44,3.2,2.76,1.824,4.047,True,共有
49,查询科技股与科创板信息,2025搜索,助手语音1k,47,9,9998,1000,0.47,0.9,0.43,-0.023,1.24,False,共有
5,查询市场行情与证券股票信息,2025搜索,助手语音1k,427,51,9998,1000,4.271,5.1,0.829,-0.44,2.419,False,共有
51,查询具体标的最新价格行情,2025搜索,助手语音1k,135,4,9998,1000,1.35,0.4,-0.95,-1.297,-0.292,True,共有
52,查询金融业务数值与代码,2025搜索,助手语音1k,16,15,9998,1000,0.16,1.5,1.34,0.743,2.302,True,共有
53,金融行情数据查询,2025搜索,助手语音1k,17,32,9998,1000,0.17,3.2,3.03,2.1,4.314,True,共有
54,查询价格与金额,2025搜索,助手语音1k,28,20,9998,1000,0.28,2.0,1.72,1.007,2.792,True,共有
55,个人征信报告查询与影响咨询,2025搜索,助手语音1k,61,5,9998,1000,0.61,0.5,-0.11,-0.444,0.568,False,共有
56,查询贷款信息,2025搜索,助手语音1k,78,20,9998,1000,0.78,2.0,1.22,0.492,2.3,True,共有
58,查询办理信用卡业务,2025搜索,助手语音1k,75,14,9998,1000,0.75,1.4,0.65,0.055,1.598,True,共有
59,贷款提前还款查询,2025搜索,助手语音1k,20,3,9998,1000,0.2,0.3,0.1,-0.126,0.683,False,共有
6,货币兑换汇率与金额换算查询,2025搜索,助手语音1k,877,102,9998,1000,8.772,10.2,1.428,-0.39,3.529,False,共有
60,花呗操作查询,2025搜索,助手语音1k,47,9,9998,1000,0.47,0.9,0.43,-0.023,1.24,False,共有
61,贷款月供计算,2025搜索,助手语音1k,7,12,9998,1000,0.07,1.2,1.13,0.612,2.016,True,共有
62,建设银行网点与服务查询,2025搜索,助手语音1k,27,12,9998,1000,0.27,1.2,0.93,0.403,1.82,True,共有
63,查询转账与账户业务可行性,2025搜索,助手语音1k,49,42,9998,1000,0.49,4.2,3.71,2.621,5.143,True,共有
64,查询保险相关业务,2025搜索,助手语音1k,65,21,9998,1000,0.65,2.1,1.45,0.706,2.548,True,共有
65,股票行情与选股建议查询,2025搜索,助手语音1k,199,78,9998,1000,1.99,7.8,5.81,4.276,7.656,True,共有
66,基金净值查询,2025搜索,助手语音1k,26,11,9998,1000,0.26,1.1,0.84,0.34,1.703,True,共有
67,查询人寿保险业务信息,2025搜索,助手语音1k,42,6,9998,1000,0.42,0.6,0.18,-0.177,0.891,False,共有
68,车险购买与理赔咨询,2025搜索,助手语音1k,39,23,9998,1000,0.39,2.3,1.91,1.134,3.042,True,共有
69,科技类股票信息查询,2025搜索,助手语音1k,226,7,9998,1000,2.26,0.7,-1.56,-2.036,-0.774,True,共有
70,股指行情查询,2025搜索,助手语音1k,152,6,9998,1000,1.52,0.6,-0.92,-1.336,-0.183,True,共有
71,支付宝账户操作查询,2025搜索,助手语音1k,73,33,9998,1000,0.73,3.3,2.57,1.611,3.877,True,共有
72,查询股份公司及股票信息,2025搜索,助手语音1k,261,8,9998,1000,2.611,0.8,-1.811,-2.325,-0.985,True,共有
73,查询价格走势图,2025搜索,助手语音1k,123,8,9998,1000,1.23,0.8,-0.43,-0.889,0.365,False,共有
8,支付方式使用与设置查询,2025搜索,助手语音1k,38,14,9998,1000,0.38,1.4,1.02,0.438,1.962,True,共有
9,查询股份股票及股吧信息,2025搜索,助手语音1k,201,0,9998,1000,2.01,0.0,-2.01,-2.305,-1.549,True,a独有
0,代码与号码信息查询,2025搜索随机1w,2026搜索,341,1260,10000,9999,3.41,12.601,9.191,8.453,9.937,True,共有
1,查询金融术语含义,2025搜索随机1w,2026搜索,261,67,10000,9999,2.61,0.67,-1.94,-2.3,-1.595,True,共有
11,银行服务信息查询,2025搜索随机1w,2026搜索,1053,270,10000,9999,10.53,2.7,-7.83,-8.516,-7.154,True,共有
13,查询黄金价格,2025搜索随机1w,2026搜索,60,341,10000,9999,0.6,3.41,2.81,2.431,3.207,True,共有
14,存贷款利率与利息查询计算,2025搜索随机1w,2026搜索,560,63,10000,9999,5.6,0.63,-4.97,-5.458,-4.502,True,共有
2,保险信息查询,2025搜索随机1w,2026搜索,322,85,10000,9999,3.22,0.85,-2.37,-2.769,-1.985,True,共有
3,证券股吧查询,2025搜索随机1w,2026搜索,67,1083,10000,9999,0.67,10.831,10.161,9.54,10.801,True,共有
33,银行卡业务查询与办理指导,2025搜索随机1w,2026搜索,502,24,10000,9999,5.02,0.24,-4.78,-5.232,-4.353,True,共有
36,下载安装金融类App,2025搜索随机1w,2026搜索,139,77,10000,9999,1.39,0.77,-0.62,-0.912,-0.335,True,共有
37,农业银行及农村信用社服务信息查询,2025搜索随机1w,2026搜索,276,21,10000,9999,2.76,0.21,-2.55,-2.897,-2.227,True,共有
39,查询借款平台正规性,2025搜索随机1w,2026搜索,95,37,10000,9999,0.95,0.37,-0.58,-0.813,-0.358,True,共有
4,查询个股股票信息,2025搜索随机1w,2026搜索,274,2448,10000,9999,2.74,24.482,21.742,20.843,22.647,True,共有
40,查询财经门户与市场行情,2025搜索随机1w,2026搜索,262,364,10000,9999,2.62,3.64,1.02,0.538,1.506,True,共有
41,查询美元兑日元汇率,2025搜索随机1w,2026搜索,43,64,10000,9999,0.43,0.64,0.21,0.007,0.418,True,共有
42,人民币及货币信息查询,2025搜索随机1w,2026搜索,115,52,10000,9999,1.15,0.52,-0.63,-0.89,-0.38,True,共有
43,实时行情查询,2025搜索随机1w,2026搜索,31,243,10000,9999,0.31,2.43,2.12,1.808,2.454,True,共有
45,查询黄金价格与涨跌,2025搜索随机1w,2026搜索,38,148,10000,9999,0.38,1.48,1.1,0.84,1.376,True,共有
46,查询股票代码与指数信息,2025搜索随机1w,2026搜索,48,163,10000,9999,0.48,1.63,1.15,0.872,1.442,True,共有
48,金融业务操作与问题处理方法查询,2025搜索随机1w,2026搜索,385,22,10000,9999,3.85,0.22,-3.63,-4.032,-3.253,True,共有
49,查询科技股与科创板信息,2025搜索随机1w,2026搜索,69,73,10000,9999,0.69,0.73,0.04,-0.195,0.276,False,共有
5,查询市场行情与证券股票信息,2025搜索随机1w,2026搜索,220,421,10000,9999,2.2,4.21,2.01,1.525,2.502,True,共有
51,查询具体标的最新价格行情,2025搜索随机1w,2026搜索,57,145,10000,9999,0.57,1.45,0.88,0.606,1.165,True,共有
52,查询金融业务数值与代码,2025搜索随机1w,2026搜索,100,8,10000,9999,1.0,0.08,-0.92,-1.138,-0.727,True,共有
53,金融行情数据查询,2025搜索随机1w,2026搜索,136,10,10000,9999,1.36,0.1,-1.26,-1.511,-1.035,True,共有
54,查询价格与金额,2025搜索随机1w,2026搜索,187,18,10000,9999,1.87,0.18,-1.69,-1.982,-1.421,True,共有
55,个人征信报告查询与影响咨询,2025搜索随机1w,2026搜索,170,27,10000,9999,1.7,0.27,-1.43,-1.715,-1.165,True,共有
56,查询贷款信息,2025搜索随机1w,2026搜索,416,29,10000,9999,4.16,0.29,-3.87,-4.289,-3.475,True,共有
58,查询办理信用卡业务,2025搜索随机1w,2026搜索,237,29,10000,9999,2.37,0.29,-2.08,-2.409,-1.773,True,共有
59,贷款提前还款查询,2025搜索随机1w,2026搜索,144,8,10000,9999,1.44,0.08,-1.36,-1.616,-1.131,True,共有
6,货币兑换汇率与金额换算查询,2025搜索随机1w,2026搜索,489,624,10000,9999,4.89,6.241,1.351,0.716,1.988,True,共有
60,花呗操作查询,2025搜索随机1w,2026搜索,128,22,10000,9999,1.28,0.22,-1.06,-1.311,-0.828,True,共有
61,贷款月供计算,2025搜索随机1w,2026搜索,101,1,10000,9999,1.01,0.01,-1.0,-1.216,-0.816,True,共有
62,建设银行网点与服务查询,2025搜索随机1w,2026搜索,158,16,10000,9999,1.58,0.16,-1.42,-1.691,-1.173,True,共有
63,查询转账与账户业务可行性,2025搜索随机1w,2026搜索,500,18,10000,9999,5.0,0.18,-4.82,-5.27,-4.397,True,共有
64,查询保险相关业务,2025搜索随机1w,2026搜索,290,30,10000,9999,2.9,0.3,-2.6,-2.959,-2.263,True,共有
65,股票行情与选股建议查询,2025搜索随机1w,2026搜索,543,232,10000,9999,5.43,2.32,-3.11,-3.648,-2.58,True,共有
66,基金净值查询,2025搜索随机1w,2026搜索,146,84,10000,9999,1.46,0.84,-0.62,-0.921,-0.326,True,共有
67,查询人寿保险业务信息,2025搜索随机1w,2026搜索,68,17,10000,9999,0.68,0.17,-0.51,-0.702,-0.334,True,共有
68,车险购买与理赔咨询,2025搜索随机1w,2026搜索,231,13,10000,9999,2.31,0.13,-2.18,-2.498,-1.888,True,共有
69,科技类股票信息查询,2025搜索随机1w,2026搜索,31,329,10000,9999,0.31,3.29,2.98,2.624,3.36,True,共有
70,股指行情查询,2025搜索随机1w,2026搜索,56,194,10000,9999,0.56,1.94,1.38,1.078,1.697,True,共有
71,支付宝账户操作查询,2025搜索随机1w,2026搜索,342,35,10000,9999,3.42,0.35,-3.07,-3.457,-2.705,True,共有
72,查询股份公司及股票信息,2025搜索随机1w,2026搜索,70,282,10000,9999,0.7,2.82,2.12,1.763,2.493,True,共有
73,查询价格走势图,2025搜索随机1w,2026搜索,50,169,10000,9999,0.5,1.69,1.19,0.907,1.488,True,共有
8,支付方式使用与设置查询,2025搜索随机1w,2026搜索,161,14,10000,9999,1.61,0.14,-1.47,-1.742,-1.222,True,共有
9,查询股份股票及股吧信息,2025搜索随机1w,2026搜索,28,319,10000,9999,0.28,3.19,2.91,2.561,3.283,True,共有
0,代码与号码信息查询,2025搜索随机1w,2026搜索随机1w,341,411,10000,10000,3.41,4.11,0.7,0.173,1.229,True,共有
1,查询金融术语含义,2025搜索随机1w,2026搜索随机1w,261,311,10000,10000,2.61,3.11,0.5,0.038,0.964,True,共有
11,银行服务信息查询,2025搜索随机1w,2026搜索随机1w,1053,905,10000,10000,10.53,9.05,-1.48,-2.304,-0.656,True,共有
13,查询黄金价格,2025搜索随机1w,2026搜索随机1w,60,99,10000,10000,0.6,0.99,0.39,0.144,0.642,True,共有
14,存贷款利率与利息查询计算,2025搜索随机1w,2026搜索随机1w,560,491,10000,10000,5.6,4.91,-0.69,-1.31,-0.071,True,共有
2,保险信息查询,2025搜索随机1w,2026搜索随机1w,322,284,10000,10000,3.22,2.84,-0.38,-0.857,0.096,False,共有
3,证券股吧查询,2025搜索随机1w,2026搜索随机1w,67,90,10000,10000,0.67,0.9,0.23,-0.016,0.479,False,共有
33,银行卡业务查询与办理指导,2025搜索随机1w,2026搜索随机1w,502,371,10000,10000,5.02,3.71,-1.31,-1.878,-0.744,True,共有
36,下载安装金融类App,2025搜索随机1w,2026搜索随机1w,139,105,10000,10000,1.39,1.05,-0.34,-0.648,-0.035,True,共有
37,农业银行及农村信用社服务信息查询,2025搜索随机1w,2026搜索随机1w,276,210,10000,10000,2.76,2.1,-0.66,-1.09,-0.233,True,共有
39,查询借款平台正规性,2025搜索随机1w,2026搜索随机1w,95,92,10000,10000,0.95,0.92,-0.03,-0.3,0.239,False,共有
4,查询个股股票信息,2025搜索随机1w,2026搜索随机1w,274,403,10000,10000,2.74,4.03,1.29,0.79,1.794,True,共有
40,查询财经门户与市场行情,2025搜索随机1w,2026搜索随机1w,262,324,10000,10000,2.62,3.24,0.62,0.152,1.09,True,共有
41,查询美元兑日元汇率,2025搜索随机1w,2026搜索随机1w,43,54,10000,10000,0.43,0.54,0.11,-0.085,0.308,False,共有
42,人民币及货币信息查询,2025搜索随机1w,2026搜索随机1w,115,107,10000,10000,1.15,1.07,-0.08,-0.373,0.212,False,共有
43,实时行情查询,2025搜索随机1w,2026搜索随机1w,31,54,10000,10000,0.31,0.54,0.23,0.049,0.418,True,共有
45,查询黄金价格与涨跌,2025搜索随机1w,2026搜索随机1w,38,45,10000,10000,0.38,0.45,0.07,-0.111,0.253,False,共有
46,查询股票代码与指数信息,2025搜索随机1w,2026搜索随机1w,48,45,10000,10000,0.48,0.45,-0.03,-0.223,0.162,False,共有
48,金融业务操作与问题处理方法查询,2025搜索随机1w,2026搜索随机1w,385,288,10000,10000,3.85,2.88,-0.97,-1.472,-0.471,True,共有
49,查询科技股与科创板信息,2025搜索随机1w,2026搜索随机1w,69,168,10000,10000,0.69,1.68,0.99,0.693,1.297,True,共有
5,查询市场行情与证券股票信息,2025搜索随机1w,2026搜索随机1w,220,281,10000,10000,2.2,2.81,0.61,0.177,1.046,True,共有
51,查询具体标的最新价格行情,2025搜索随机1w,2026搜索随机1w,57,73,10000,10000,0.57,0.73,0.16,-0.064,0.387,False,共有
52,查询金融业务数值与代码,2025搜索随机1w,2026搜索随机1w,100,123,10000,10000,1.0,1.23,0.23,-0.062,0.525,False,共有
53,金融行情数据查询,2025搜索随机1w,2026搜索随机1w,136,216,10000,10000,1.36,2.16,0.8,0.437,1.169,True,共有
54,查询价格与金额,2025搜索随机1w,2026搜索随机1w,187,205,10000,10000,1.87,2.05,0.18,-0.205,0.566,False,共有
55,个人征信报告查询与影响咨询,2025搜索随机1w,2026搜索随机1w,170,103,10000,10000,1.7,1.03,-0.67,-0.997,-0.349,True,共有
56,查询贷款信息,2025搜索随机1w,2026搜索随机1w,416,262,10000,10000,4.16,2.62,-1.54,-2.045,-1.04,True,共有
58,查询办理信用卡业务,2025搜索随机1w,2026搜索随机1w,237,189,10000,10000,2.37,1.89,-0.48,-0.883,-0.08,True,共有
59,贷款提前还款查询,2025搜索随机1w,2026搜索随机1w,144,129,10000,10000,1.44,1.29,-0.15,-0.474,0.173,False,共有
6,货币兑换汇率与金额换算查询,2025搜索随机1w,2026搜索随机1w,489,484,10000,10000,4.89,4.84,-0.05,-0.647,0.547,False,共有
60,花呗操作查询,2025搜索随机1w,2026搜索随机1w,128,82,10000,10000,1.28,0.82,-0.46,-0.748,-0.178,True,共有
61,贷款月供计算,2025搜索随机1w,2026搜索随机1w,101,78,10000,10000,1.01,0.78,-0.23,-0.495,0.032,False,共有
62,建设银行网点与服务查询,2025搜索随机1w,2026搜索随机1w,158,116,10000,10000,1.58,1.16,-0.42,-0.746,-0.098,True,共有
63,查询转账与账户业务可行性,2025搜索随机1w,2026搜索随机1w,500,404,10000,10000,5.0,4.04,-0.96,-1.538,-0.384,True,共有
64,查询保险相关业务,2025搜索随机1w,2026搜索随机1w,290,218,10000,10000,2.9,2.18,-0.72,-1.159,-0.284,True,共有
65,股票行情与选股建议查询,2025搜索随机1w,2026搜索随机1w,543,881,10000,10000,5.43,8.81,3.38,2.67,4.094,True,共有
66,基金净值查询,2025搜索随机1w,2026搜索随机1w,146,291,10000,10000,1.46,2.91,1.45,1.048,1.86,True,共有
67,查询人寿保险业务信息,2025搜索随机1w,2026搜索随机1w,68,67,10000,10000,0.68,0.67,-0.01,-0.24,0.22,False,共有
68,车险购买与理赔咨询,2025搜索随机1w,2026搜索随机1w,231,159,10000,10000,2.31,1.59,-0.72,-1.107,-0.337,True,共有
69,科技类股票信息查询,2025搜索随机1w,2026搜索随机1w,31,62,10000,10000,0.31,0.62,0.31,0.122,0.507,True,共有
70,股指行情查询,2025搜索随机1w,2026搜索随机1w,56,78,10000,10000,0.56,0.78,0.22,-0.007,0.451,False,共有
71,支付宝账户操作查询,2025搜索随机1w,2026搜索随机1w,342,271,10000,10000,3.42,2.71,-0.71,-1.19,-0.232,True,共有
72,查询股份公司及股票信息,2025搜索随机1w,2026搜索随机1w,70,118,10000,10000,0.7,1.18,0.48,0.213,0.753,True,共有
73,查询价格走势图,2025搜索随机1w,2026搜索随机1w,50,92,10000,10000,0.5,0.92,0.42,0.188,0.659,True,共有
8,支付方式使用与设置查询,2025搜索随机1w,2026搜索随机1w,161,123,10000,10000,1.61,1.23,-0.38,-0.712,-0.052,True,共有
9,查询股份股票及股吧信息,2025搜索随机1w,2026搜索随机1w,28,38,10000,10000,0.28,0.38,0.1,-0.062,0.265,False,共有
0,代码与号码信息查询,2025搜索随机1w,助手头部1k,341,16,10000,950,3.41,1.684,-1.726,-2.471,-0.638,True,共有
1,查询金融术语含义,2025搜索随机1w,助手头部1k,261,9,10000,950,2.61,0.947,-1.663,-2.22,-0.769,True,共有
11,银行服务信息查询,2025搜索随机1w,助手头部1k,1053,63,10000,950,10.53,6.632,-3.898,-5.441,-2.04,True,共有
13,查询黄金价格,2025搜索随机1w,助手头部1k,60,48,10000,950,0.6,5.053,4.453,3.22,6.041,True,共有
14,存贷款利率与利息查询计算,2025搜索随机1w,助手头部1k,560,12,10000,950,5.6,1.263,-4.337,-5.051,-3.309,True,共有
2,保险信息查询,2025搜索随机1w,助手头部1k,322,16,10000,950,3.22,1.684,-1.536,-2.276,-0.451,True,共有
3,证券股吧查询,2025搜索随机1w,助手头部1k,67,0,10000,950,0.67,0.0,-0.67,-0.85,-0.243,True,a独有
33,银行卡业务查询与办理指导,2025搜索随机1w,助手头部1k,502,7,10000,950,5.02,0.737,-4.283,-4.868,-3.405,True,共有
36,下载安装金融类App,2025搜索随机1w,助手头部1k,139,21,10000,950,1.39,2.211,0.821,0.021,1.985,True,共有
37,农业银行及农村信用社服务信息查询,2025搜索随机1w,助手头部1k,276,29,10000,950,2.76,3.053,0.293,-0.687,1.625,False,共有
39,查询借款平台正规性,2025搜索随机1w,助手头部1k,95,13,10000,950,0.95,1.368,0.418,-0.186,1.392,False,共有
4,查询个股股票信息,2025搜索随机1w,助手头部1k,274,143,10000,950,2.74,15.053,12.313,10.153,14.746,True,共有
40,查询财经门户与市场行情,2025搜索随机1w,助手头部1k,262,27,10000,950,2.62,2.842,0.222,-0.72,1.518,False,共有
41,查询美元兑日元汇率,2025搜索随机1w,助手头部1k,43,6,10000,950,0.43,0.632,0.202,-0.171,0.949,False,共有
42,人民币及货币信息查询,2025搜索随机1w,助手头部1k,115,8,10000,950,1.15,0.842,-0.308,-0.781,0.525,False,共有
43,实时行情查询,2025搜索随机1w,助手头部1k,31,16,10000,950,0.31,1.684,1.374,0.716,2.412,True,共有
45,查询黄金价格与涨跌,2025搜索随机1w,助手头部1k,38,34,10000,950,0.38,3.579,3.199,2.182,4.583,True,共有
46,查询股票代码与指数信息,2025搜索随机1w,助手头部1k,48,5,10000,950,0.48,0.526,0.046,-0.293,0.756,False,共有
48,金融业务操作与问题处理方法查询,2025搜索随机1w,助手头部1k,385,8,10000,950,3.85,0.842,-3.008,-3.581,-2.121,True,共有
49,查询科技股与科创板信息,2025搜索随机1w,助手头部1k,69,13,10000,950,0.69,1.368,0.678,0.083,1.648,True,共有
5,查询市场行情与证券股票信息,2025搜索随机1w,助手头部1k,220,96,10000,950,2.2,10.105,7.905,6.12,10.003,True,共有
51,查询具体标的最新价格行情,2025搜索随机1w,助手头部1k,57,20,10000,950,0.57,2.105,1.535,0.778,2.667,True,共有
52,查询金融业务数值与代码,2025搜索随机1w,助手头部1k,100,4,10000,950,1.0,0.421,-0.579,-0.914,0.101,False,共有
53,金融行情数据查询,2025搜索随机1w,助手头部1k,136,7,10000,950,1.36,0.737,-0.623,-1.076,0.181,False,共有
54,查询价格与金额,2025搜索随机1w,助手头部1k,187,13,10000,950,1.87,1.368,-0.502,-1.136,0.489,False,共有
55,个人征信报告查询与影响咨询,2025搜索随机1w,助手头部1k,170,5,10000,950,1.7,0.526,-1.174,-1.58,-0.435,True,共有
56,查询贷款信息,2025搜索随机1w,助手头部1k,416,12,10000,950,4.16,1.263,-2.897,-3.574,-1.893,True,共有
58,查询办理信用卡业务,2025搜索随机1w,助手头部1k,237,0,10000,950,2.37,0.0,-2.37,-2.687,-1.879,True,a独有
59,贷款提前还款查询,2025搜索随机1w,助手头部1k,144,1,10000,950,1.44,0.105,-1.335,-1.602,-0.801,True,共有
6,货币兑换汇率与金额换算查询,2025搜索随机1w,助手头部1k,489,76,10000,950,4.89,8.0,3.11,1.488,5.052,True,共有
60,花呗操作查询,2025搜索随机1w,助手头部1k,128,2,10000,950,1.28,0.211,-1.069,-1.354,-0.48,True,共有
61,贷款月供计算,2025搜索随机1w,助手头部1k,101,3,10000,950,1.01,0.316,-0.694,-0.994,-0.06,True,共有
62,建设银行网点与服务查询,2025搜索随机1w,助手头部1k,158,3,10000,950,1.58,0.316,-1.264,-1.6,-0.615,True,共有
63,查询转账与账户业务可行性,2025搜索随机1w,助手头部1k,500,8,10000,950,5.0,0.842,-4.158,-4.766,-3.249,True,共有
64,查询保险相关业务,2025搜索随机1w,助手头部1k,290,11,10000,950,2.9,1.158,-1.742,-2.359,-0.786,True,共有
65,股票行情与选股建议查询,2025搜索随机1w,助手头部1k,543,62,10000,950,5.43,6.526,1.096,-0.38,2.9,False,共有
66,基金净值查询,2025搜索随机1w,助手头部1k,146,2,10000,950,1.46,0.211,-1.249,-1.546,-0.655,True,共有
67,查询人寿保险业务信息,2025搜索随机1w,助手头部1k,68,2,10000,950,0.68,0.211,-0.469,-0.706,0.103,False,共有
68,车险购买与理赔咨询,2025搜索随机1w,助手头部1k,231,4,10000,950,2.31,0.421,-1.889,-2.294,-1.177,True,共有
69,科技类股票信息查询,2025搜索随机1w,助手头部1k,31,21,10000,950,0.31,2.211,1.901,1.129,3.049,True,共有
70,股指行情查询,2025搜索随机1w,助手头部1k,56,37,10000,950,0.56,3.895,3.335,2.266,4.768,True,共有
71,支付宝账户操作查询,2025搜索随机1w,助手头部1k,342,8,10000,950,3.42,0.842,-2.578,-3.137,-1.699,True,共有
72,查询股份公司及股票信息,2025搜索随机1w,助手头部1k,70,26,10000,950,0.7,2.737,2.037,1.155,3.288,True,共有
73,查询价格走势图,2025搜索随机1w,助手头部1k,50,23,10000,950,0.5,2.421,1.921,1.103,3.113,True,共有
8,支付方式使用与设置查询,2025搜索随机1w,助手头部1k,161,3,10000,950,1.61,0.316,-1.294,-1.632,-0.644,True,共有
9,查询股份股票及股吧信息,2025搜索随机1w,助手头部1k,28,7,10000,950,0.28,0.737,0.457,0.058,1.238,True,共有
0,代码与号码信息查询,2025搜索随机1w,助手随机1k,341,21,10000,987,3.41,2.128,-1.282,-2.104,-0.129,True,共有
1,查询金融术语含义,2025搜索随机1w,助手随机1k,261,20,10000,987,2.61,2.026,-0.584,-1.368,0.539,False,共有
11,银行服务信息查询,2025搜索随机1w,助手随机1k,1053,56,10000,987,10.53,5.674,-4.856,-6.276,-3.131,True,共有
13,查询黄金价格,2025搜索随机1w,助手随机1k,60,11,10000,987,0.6,1.114,0.514,-0.006,1.395,False,共有
14,存贷款利率与利息查询计算,2025搜索随机1w,助手随机1k,560,43,10000,987,5.6,4.357,-1.243,-2.445,0.28,False,共有
2,保险信息查询,2025搜索随机1w,助手随机1k,322,23,10000,987,3.22,2.33,-0.89,-1.744,0.299,False,共有
3,证券股吧查询,2025搜索随机1w,助手随机1k,67,1,10000,987,0.67,0.101,-0.569,-0.767,-0.077,True,共有
33,银行卡业务查询与办理指导,2025搜索随机1w,助手随机1k,502,23,10000,987,5.02,2.33,-2.69,-3.582,-1.476,True,共有
36,下载安装金融类App,2025搜索随机1w,助手随机1k,139,14,10000,987,1.39,1.418,0.028,-0.595,1.0,False,共有
37,农业银行及农村信用社服务信息查询,2025搜索随机1w,助手随机1k,276,14,10000,987,2.76,1.418,-1.342,-2.007,-0.346,True,共有
39,查询借款平台正规性,2025搜索随机1w,助手随机1k,95,4,10000,987,0.95,0.405,-0.545,-0.869,0.11,False,共有
4,查询个股股票信息,2025搜索随机1w,助手随机1k,274,28,10000,987,2.74,2.837,0.097,-0.834,1.366,False,共有
40,查询财经门户与市场行情,2025搜索随机1w,助手随机1k,262,18,10000,987,2.62,1.824,-0.796,-1.541,0.285,False,共有
41,查询美元兑日元汇率,2025搜索随机1w,助手随机1k,43,1,10000,987,0.43,0.101,-0.329,-0.499,0.154,False,共有
42,人民币及货币信息查询,2025搜索随机1w,助手随机1k,115,7,10000,987,1.15,0.709,-0.441,-0.872,0.331,False,共有
43,实时行情查询,2025搜索随机1w,助手随机1k,31,2,10000,987,0.31,0.203,-0.107,-0.303,0.434,False,共有
45,查询黄金价格与涨跌,2025搜索随机1w,助手随机1k,38,7,10000,987,0.38,0.709,0.329,-0.062,1.084,False,共有
46,查询股票代码与指数信息,2025搜索随机1w,助手随机1k,48,5,10000,987,0.48,0.507,0.027,-0.303,0.711,False,共有
48,金融业务操作与问题处理方法查询,2025搜索随机1w,助手随机1k,385,26,10000,987,3.85,2.634,-1.216,-2.135,0.035,False,共有
49,查询科技股与科创板信息,2025搜索随机1w,助手随机1k,69,30,10000,987,0.69,3.04,2.35,1.429,3.624,True,共有
5,查询市场行情与证券股票信息,2025搜索随机1w,助手随机1k,220,9,10000,987,2.2,0.912,-1.288,-1.817,-0.433,True,共有
51,查询具体标的最新价格行情,2025搜索随机1w,助手随机1k,57,9,10000,987,0.57,0.912,0.342,-0.121,1.164,False,共有
52,查询金融业务数值与代码,2025搜索随机1w,助手随机1k,100,29,10000,987,1.0,2.938,1.938,1.028,3.2,True,共有
53,金融行情数据查询,2025搜索随机1w,助手随机1k,136,56,10000,987,1.36,5.674,4.314,3.011,5.95,True,共有
54,查询价格与金额,2025搜索随机1w,助手随机1k,187,28,10000,987,1.87,2.837,0.967,0.054,2.224,True,共有
55,个人征信报告查询与影响咨询,2025搜索随机1w,助手随机1k,170,9,10000,987,1.7,0.912,-0.788,-1.298,0.057,False,共有
56,查询贷款信息,2025搜索随机1w,助手随机1k,416,20,10000,987,4.16,2.026,-2.134,-2.954,-0.988,True,共有
58,查询办理信用卡业务,2025搜索随机1w,助手随机1k,237,12,10000,987,2.37,1.216,-1.154,-1.762,-0.214,True,共有
59,贷款提前还款查询,2025搜索随机1w,助手随机1k,144,8,10000,987,1.44,0.811,-0.629,-1.102,0.18,False,共有
6,货币兑换汇率与金额换算查询,2025搜索随机1w,助手随机1k,489,20,10000,987,4.89,2.026,-2.864,-3.7,-1.707,True,共有
60,花呗操作查询,2025搜索随机1w,助手随机1k,128,5,10000,987,1.28,0.507,-0.773,-1.15,-0.07,True,共有
61,贷款月供计算,2025搜索随机1w,助手随机1k,101,19,10000,987,1.01,1.925,0.915,0.193,1.992,True,共有
62,建设银行网点与服务查询,2025搜索随机1w,助手随机1k,158,5,10000,987,1.58,0.507,-1.073,-1.465,-0.363,True,共有
63,查询转账与账户业务可行性,2025搜索随机1w,助手随机1k,500,63,10000,987,5.0,6.383,1.383,-0.05,3.132,False,共有
64,查询保险相关业务,2025搜索随机1w,助手随机1k,290,19,10000,987,2.9,1.925,-0.975,-1.747,0.132,False,共有
65,股票行情与选股建议查询,2025搜索随机1w,助手随机1k,543,207,10000,987,5.43,20.973,15.543,13.074,18.227,True,共有
66,基金净值查询,2025搜索随机1w,助手随机1k,146,12,10000,987,1.46,1.216,-0.244,-0.822,0.679,False,共有
67,查询人寿保险业务信息,2025搜索随机1w,助手随机1k,68,2,10000,987,0.68,0.203,-0.477,-0.711,0.075,False,共有
68,车险购买与理赔咨询,2025搜索随机1w,助手随机1k,231,22,10000,987,2.31,2.229,-0.081,-0.896,1.075,False,共有
69,科技类股票信息查询,2025搜索随机1w,助手随机1k,31,7,10000,987,0.31,0.709,0.399,0.012,1.152,True,共有
70,股指行情查询,2025搜索随机1w,助手随机1k,56,8,10000,987,0.56,0.811,0.251,-0.182,1.042,False,共有
71,支付宝账户操作查询,2025搜索随机1w,助手随机1k,342,8,10000,987,3.42,0.811,-2.609,-3.157,-1.758,True,共有
72,查询股份公司及股票信息,2025搜索随机1w,助手随机1k,70,14,10000,987,0.7,1.418,0.718,0.118,1.678,True,共有
73,查询价格走势图,2025搜索随机1w,助手随机1k,50,29,10000,987,0.5,2.938,2.438,1.539,3.694,True,共有
8,支付方式使用与设置查询,2025搜索随机1w,助手随机1k,161,11,10000,987,1.61,1.114,-0.496,-1.054,0.404,False,共有
9,查询股份股票及股吧信息,2025搜索随机1w,助手随机1k,28,2,10000,987,0.28,0.203,-0.077,-0.27,0.463,False,共有
0,代码与号码信息查询,2025搜索随机1w,助手语音头部1k,341,116,10000,1000,3.41,11.6,8.19,6.313,10.35,True,共有
1,查询金融术语含义,2025搜索随机1w,助手语音头部1k,261,1,10000,1000,2.61,0.1,-2.51,-2.851,-1.96,True,共有
11,银行服务信息查询,2025搜索随机1w,助手语音头部1k,1053,57,10000,1000,10.53,5.7,-4.83,-6.246,-3.113,True,共有
13,查询黄金价格,2025搜索随机1w,助手语音头部1k,60,46,10000,1000,0.6,4.6,4.0,2.853,5.487,True,共有
14,存贷款利率与利息查询计算,2025搜索随机1w,助手语音头部1k,560,11,10000,1000,5.6,1.1,-4.5,-5.174,-3.538,True,共有
2,保险信息查询,2025搜索随机1w,助手语音头部1k,322,12,10000,1000,3.22,1.2,-2.02,-2.649,-1.075,True,共有
3,证券股吧查询,2025搜索随机1w,助手语音头部1k,67,10,10000,1000,0.67,1.0,0.33,-0.16,1.173,False,共有
33,银行卡业务查询与办理指导,2025搜索随机1w,助手语音头部1k,502,2,10000,1000,5.02,0.2,-4.82,-5.289,-4.152,True,共有
36,下载安装金融类App,2025搜索随机1w,助手语音头部1k,139,2,10000,1000,1.39,0.2,-1.19,-1.478,-0.623,True,共有
37,农业银行及农村信用社服务信息查询,2025搜索随机1w,助手语音头部1k,276,10,10000,1000,2.76,1.0,-1.76,-2.329,-0.875,True,共有
39,查询借款平台正规性,2025搜索随机1w,助手语音头部1k,95,1,10000,1000,0.95,0.1,-0.85,-1.075,-0.355,True,共有
4,查询个股股票信息,2025搜索随机1w,助手语音头部1k,274,219,10000,1000,2.74,21.9,19.16,16.684,21.845,True,共有
40,查询财经门户与市场行情,2025搜索随机1w,助手语音头部1k,262,30,10000,1000,2.62,3.0,0.38,-0.57,1.665,False,共有
41,查询美元兑日元汇率,2025搜索随机1w,助手语音头部1k,43,11,10000,1000,0.43,1.1,0.67,0.163,1.536,True,共有
42,人民币及货币信息查询,2025搜索随机1w,助手语音头部1k,115,3,10000,1000,1.15,0.3,-0.85,-1.152,-0.241,True,共有
43,实时行情查询,2025搜索随机1w,助手语音头部1k,31,15,10000,1000,0.31,1.5,1.19,0.587,2.154,True,共有
45,查询黄金价格与涨跌,2025搜索随机1w,助手语音头部1k,38,24,10000,1000,0.38,2.4,2.02,1.225,3.171,True,共有
46,查询股票代码与指数信息,2025搜索随机1w,助手语音头部1k,48,19,10000,1000,0.48,1.9,1.42,0.722,2.475,True,共有
48,金融业务操作与问题处理方法查询,2025搜索随机1w,助手语音头部1k,385,0,10000,1000,3.85,0.0,-3.85,-4.245,-3.325,True,a独有
49,查询科技股与科创板信息,2025搜索随机1w,助手语音头部1k,69,9,10000,1000,0.69,0.9,0.21,-0.253,1.024,False,共有
5,查询市场行情与证券股票信息,2025搜索随机1w,助手语音头部1k,220,90,10000,1000,2.2,9.0,6.8,5.151,8.753,True,共有
51,查询具体标的最新价格行情,2025搜索随机1w,助手语音头部1k,57,15,10000,1000,0.57,1.5,0.93,0.318,1.899,True,共有
52,查询金融业务数值与代码,2025搜索随机1w,助手语音头部1k,100,1,10000,1000,1.0,0.1,-0.9,-1.13,-0.403,True,共有
53,金融行情数据查询,2025搜索随机1w,助手语音头部1k,136,7,10000,1000,1.36,0.7,-0.66,-1.097,0.107,False,共有
54,查询价格与金额,2025搜索随机1w,助手语音头部1k,187,4,10000,1000,1.87,0.4,-1.47,-1.845,-0.799,True,共有
55,个人征信报告查询与影响咨询,2025搜索随机1w,助手语音头部1k,170,1,10000,1000,1.7,0.1,-1.6,-1.885,-1.079,True,共有
56,查询贷款信息,2025搜索随机1w,助手语音头部1k,416,8,10000,1000,4.16,0.8,-3.36,-3.928,-2.503,True,共有
58,查询办理信用卡业务,2025搜索随机1w,助手语音头部1k,237,5,10000,1000,2.37,0.5,-1.87,-2.297,-1.148,True,共有
59,贷款提前还款查询,2025搜索随机1w,助手语音头部1k,144,1,10000,1000,1.44,0.1,-1.34,-1.606,-0.828,True,共有
6,货币兑换汇率与金额换算查询,2025搜索随机1w,助手语音头部1k,489,61,10000,1000,4.89,6.1,1.21,-0.183,2.917,False,共有
60,花呗操作查询,2025搜索随机1w,助手语音头部1k,128,4,10000,1000,1.28,0.4,-0.88,-1.222,-0.224,True,共有
61,贷款月供计算,2025搜索随机1w,助手语音头部1k,101,1,10000,1000,1.01,0.1,-0.91,-1.141,-0.413,True,共有
62,建设银行网点与服务查询,2025搜索随机1w,助手语音头部1k,158,8,10000,1000,1.58,0.8,-0.78,-1.254,0.023,False,共有
63,查询转账与账户业务可行性,2025搜索随机1w,助手语音头部1k,500,3,10000,1000,5.0,0.3,-4.7,-5.187,-3.991,True,共有
64,查询保险相关业务,2025搜索随机1w,助手语音头部1k,290,4,10000,1000,2.9,0.4,-2.5,-2.925,-1.803,True,共有
65,股票行情与选股建议查询,2025搜索随机1w,助手语音头部1k,543,38,10000,1000,5.43,3.8,-1.63,-2.749,-0.192,True,共有
66,基金净值查询,2025搜索随机1w,助手语音头部1k,146,6,10000,1000,1.46,0.6,-0.86,-1.273,-0.124,True,共有
67,查询人寿保险业务信息,2025搜索随机1w,助手语音头部1k,68,5,10000,1000,0.68,0.5,-0.18,-0.519,0.5,False,共有
68,车险购买与理赔咨询,2025搜索随机1w,助手语音头部1k,231,0,10000,1000,2.31,0.0,-2.31,-2.623,-1.838,True,a独有
69,科技类股票信息查询,2025搜索随机1w,助手语音头部1k,31,28,10000,1000,0.31,2.8,2.49,1.624,3.71,True,共有
70,股指行情查询,2025搜索随机1w,助手语音头部1k,56,35,10000,1000,0.56,3.5,2.94,1.953,4.275,True,共有
71,支付宝账户操作查询,2025搜索随机1w,助手语音头部1k,342,8,10000,1000,3.42,0.8,-2.62,-3.164,-1.778,True,共有
72,查询股份公司及股票信息,2025搜索随机1w,助手语音头部1k,70,29,10000,1000,0.7,2.9,2.2,1.308,3.442,True,共有
73,查询价格走势图,2025搜索随机1w,助手语音头部1k,50,18,10000,1000,0.5,1.8,1.3,0.623,2.334,True,共有
8,支付方式使用与设置查询,2025搜索随机1w,助手语音头部1k,161,2,10000,1000,1.61,0.2,-1.41,-1.713,-0.836,True,共有
9,查询股份股票及股吧信息,2025搜索随机1w,助手语音头部1k,28,20,10000,1000,0.28,2.0,1.72,1.007,2.792,True,共有
0,代码与号码信息查询,2025搜索随机1w,助手语音1k,341,25,10000,1000,3.41,2.5,-0.91,-1.794,0.303,False,共有
1,查询金融术语含义,2025搜索随机1w,助手语音1k,261,22,10000,1000,2.61,2.2,-0.41,-1.223,0.737,False,共有
11,银行服务信息查询,2025搜索随机1w,助手语音1k,1053,82,10000,1000,10.53,8.2,-2.33,-3.993,-0.375,True,共有
13,查询黄金价格,2025搜索随机1w,助手语音1k,60,13,10000,1000,0.6,1.3,0.7,0.135,1.621,True,共有
14,存贷款利率与利息查询计算,2025搜索随机1w,助手语音1k,560,38,10000,1000,5.6,3.8,-1.8,-2.921,-0.36,True,共有
2,保险信息查询,2025搜索随机1w,助手语音1k,322,28,10000,1000,3.22,2.8,-0.42,-1.35,0.841,False,共有
3,证券股吧查询,2025搜索随机1w,助手语音1k,67,8,10000,1000,0.67,0.8,0.13,-0.303,0.914,False,共有
33,银行卡业务查询与办理指导,2025搜索随机1w,助手语音1k,502,48,10000,1000,5.02,4.8,-0.22,-1.463,1.342,False,共有
36,下载安装金融类App,2025搜索随机1w,助手语音1k,139,5,10000,1000,1.39,0.5,-0.89,-1.269,-0.192,True,共有
37,农业银行及农村信用社服务信息查询,2025搜索随机1w,助手语音1k,276,21,10000,1000,2.76,2.1,-0.66,-1.458,0.471,False,共有
39,查询借款平台正规性,2025搜索随机1w,助手语音1k,95,5,10000,1000,0.95,0.5,-0.45,-0.805,0.237,False,共有
4,查询个股股票信息,2025搜索随机1w,助手语音1k,274,54,10000,1000,2.74,5.4,2.66,1.377,4.268,True,共有
40,查询财经门户与市场行情,2025搜索随机1w,助手语音1k,262,10,10000,1000,2.62,1.0,-1.62,-2.184,-0.738,True,共有
41,查询美元兑日元汇率,2025搜索随机1w,助手语音1k,43,9,10000,1000,0.43,0.9,0.47,0.019,1.279,True,共有
42,人民币及货币信息查询,2025搜索随机1w,助手语音1k,115,21,10000,1000,1.15,2.1,0.95,0.192,2.056,True,共有
43,实时行情查询,2025搜索随机1w,助手语音1k,31,0,10000,1000,0.31,0.0,-0.31,-0.44,0.083,False,a独有
45,查询黄金价格与涨跌,2025搜索随机1w,助手语音1k,38,9,10000,1000,0.38,0.9,0.52,0.071,1.328,True,共有
46,查询股票代码与指数信息,2025搜索随机1w,助手语音1k,48,5,10000,1000,0.48,0.5,0.02,-0.306,0.695,False,共有
48,金融业务操作与问题处理方法查询,2025搜索随机1w,助手语音1k,385,32,10000,1000,3.85,3.2,-0.65,-1.655,0.682,False,共有
49,查询科技股与科创板信息,2025搜索随机1w,助手语音1k,69,9,10000,1000,0.69,0.9,0.21,-0.253,1.024,False,共有
5,查询市场行情与证券股票信息,2025搜索随机1w,助手语音1k,220,51,10000,1000,2.2,5.1,2.9,1.662,4.467,True,共有
51,查询具体标的最新价格行情,2025搜索随机1w,助手语音1k,57,4,10000,1000,0.57,0.4,-0.17,-0.466,0.467,False,共有
52,查询金融业务数值与代码,2025搜索随机1w,助手语音1k,100,15,10000,1000,1.0,1.5,0.5,-0.127,1.476,False,共有
53,金融行情数据查询,2025搜索随机1w,助手语音1k,136,32,10000,1000,1.36,3.2,1.84,0.883,3.139,True,共有
54,查询价格与金额,2025搜索随机1w,助手语音1k,187,20,10000,1000,1.87,2.0,0.13,-0.627,1.227,False,共有
55,个人征信报告查询与影响咨询,2025搜索随机1w,助手语音1k,170,5,10000,1000,1.7,0.5,-1.2,-1.595,-0.494,True,共有
56,查询贷款信息,2025搜索随机1w,助手语音1k,416,20,10000,1000,4.16,2.0,-2.16,-2.972,-1.027,True,共有
58,查询办理信用卡业务,2025搜索随机1w,助手语音1k,237,14,10000,1000,2.37,1.4,-0.97,-1.617,0.007,False,共有
59,贷款提前还款查询,2025搜索随机1w,助手语音1k,144,3,10000,1000,1.44,0.3,-1.14,-1.461,-0.523,True,共有
6,货币兑换汇率与金额换算查询,2025搜索随机1w,助手语音1k,489,102,10000,1000,4.89,10.2,5.31,3.529,7.381,True,共有
60,花呗操作查询,2025搜索随机1w,助手语音1k,128,9,10000,1000,1.28,0.9,-0.38,-0.869,0.447,False,共有
61,贷款月供计算,2025搜索随机1w,助手语音1k,101,12,10000,1000,1.01,1.2,0.19,-0.366,1.093,False,共有
62,建设银行网点与服务查询,2025搜索随机1w,助手语音1k,158,12,10000,1000,1.58,1.2,-0.38,-0.956,0.534,False,共有
63,查询转账与账户业务可行性,2025搜索随机1w,助手语音1k,500,42,10000,1000,5.0,4.2,-0.8,-1.966,0.686,False,共有
64,查询保险相关业务,2025搜索随机1w,助手语音1k,290,21,10000,1000,2.9,2.1,-0.8,-1.602,0.333,False,共有
65,股票行情与选股建议查询,2025搜索随机1w,助手语音1k,543,78,10000,1000,5.43,7.8,2.37,0.796,4.248,True,共有
66,基金净值查询,2025搜索随机1w,助手语音1k,146,11,10000,1000,1.46,1.1,-0.36,-0.907,0.526,False,共有
67,查询人寿保险业务信息,2025搜索随机1w,助手语音1k,68,6,10000,1000,0.68,0.6,-0.08,-0.452,0.637,False,共有
68,车险购买与理赔咨询,2025搜索随机1w,助手语音1k,231,23,10000,1000,2.31,2.3,-0.01,-0.834,1.151,False,共有
69,科技类股票信息查询,2025搜索随机1w,助手语音1k,31,7,10000,1000,0.31,0.7,0.39,0.007,1.133,True,共有
70,股指行情查询,2025搜索随机1w,助手语音1k,56,6,10000,1000,0.56,0.6,0.04,-0.325,0.754,False,共有
71,支付宝账户操作查询,2025搜索随机1w,助手语音1k,342,33,10000,1000,3.42,3.3,-0.12,-1.133,1.222,False,共有
72,查询股份公司及股票信息,2025搜索随机1w,助手语音1k,70,8,10000,1000,0.7,0.8,0.1,-0.335,0.884,False,共有
73,查询价格走势图,2025搜索随机1w,助手语音1k,50,8,10000,1000,0.5,0.8,0.3,-0.125,1.08,False,共有
8,支付方式使用与设置查询,2025搜索随机1w,助手语音1k,161,14,10000,1000,1.61,1.4,-0.21,-0.834,0.754,False,共有
9,查询股份股票及股吧信息,2025搜索随机1w,助手语音1k,28,0,10000,1000,0.28,0.0,-0.28,-0.404,0.112,False,a独有
0,代码与号码信息查询,2026搜索,2026搜索随机1w,1260,411,9999,10000,12.601,4.11,-8.491,-9.253,-7.736,True,共有
1,查询金融术语含义,2026搜索,2026搜索随机1w,67,311,9999,10000,0.67,3.11,2.44,2.071,2.826,True,共有
11,银行服务信息查询,2026搜索,2026搜索随机1w,270,905,9999,10000,2.7,9.05,6.35,5.708,7.001,True,共有
13,查询黄金价格,2026搜索,2026搜索随机1w,341,99,9999,10000,3.41,0.99,-2.42,-2.834,-2.02,True,共有
14,存贷款利率与利息查询计算,2026搜索,2026搜索随机1w,63,491,9999,10000,0.63,4.91,4.28,3.837,4.742,True,共有
2,保险信息查询,2026搜索,2026搜索随机1w,85,284,9999,10000,0.85,2.84,1.99,1.623,2.37,True,共有
3,证券股吧查询,2026搜索,2026搜索随机1w,1083,90,9999,10000,10.831,0.9,-9.931,-10.577,-9.303,True,共有
33,银行卡业务查询与办理指导,2026搜索,2026搜索随机1w,24,371,9999,10000,0.24,3.71,3.47,3.098,3.866,True,共有
36,下载安装金融类App,2026搜索,2026搜索随机1w,77,105,9999,10000,0.77,1.05,0.28,0.016,0.548,True,共有
37,农业银行及农村信用社服务信息查询,2026搜索,2026搜索随机1w,21,210,9999,10000,0.21,2.1,1.89,1.604,2.199,True,共有
39,查询借款平台正规性,2026搜索,2026搜索随机1w,37,92,9999,10000,0.37,0.92,0.55,0.331,0.78,True,共有
4,查询个股股票信息,2026搜索,2026搜索随机1w,2448,403,9999,10000,24.482,4.03,-20.452,-21.381,-19.527,True,共有
40,查询财经门户与市场行情,2026搜索,2026搜索随机1w,364,324,9999,10000,3.64,3.24,-0.4,-0.907,0.105,False,共有
41,查询美元兑日元汇率,2026搜索,2026搜索随机1w,64,54,9999,10000,0.64,0.54,-0.1,-0.317,0.114,False,共有
42,人民币及货币信息查询,2026搜索,2026搜索随机1w,52,107,9999,10000,0.52,1.07,0.55,0.306,0.803,True,共有
43,实时行情查询,2026搜索,2026搜索随机1w,243,54,9999,10000,2.43,0.54,-1.89,-2.235,-1.562,True,共有
45,查询黄金价格与涨跌,2026搜索,2026搜索随机1w,148,45,9999,10000,1.48,0.45,-1.03,-1.31,-0.764,True,共有
46,查询股票代码与指数信息,2026搜索,2026搜索随机1w,163,45,9999,10000,1.63,0.45,-1.18,-1.471,-0.904,True,共有
48,金融业务操作与问题处理方法查询,2026搜索,2026搜索随机1w,22,288,9999,10000,0.22,2.88,2.66,2.33,3.014,True,共有
49,查询科技股与科创板信息,2026搜索,2026搜索随机1w,73,168,9999,10000,0.73,1.68,0.95,0.651,1.259,True,共有
5,查询市场行情与证券股票信息,2026搜索,2026搜索随机1w,421,281,9999,10000,4.21,2.81,-1.4,-1.913,-0.892,True,共有
51,查询具体标的最新价格行情,2026搜索,2026搜索随机1w,145,73,9999,10000,1.45,0.73,-0.72,-1.014,-0.434,True,共有
52,查询金融业务数值与代码,2026搜索,2026搜索随机1w,8,123,9999,10000,0.08,1.23,1.15,0.937,1.389,True,共有
53,金融行情数据查询,2026搜索,2026搜索随机1w,10,216,9999,10000,0.1,2.16,2.06,1.78,2.367,True,共有
54,查询价格与金额,2026搜索,2026搜索随机1w,18,205,9999,10000,0.18,2.05,1.87,1.59,2.174,True,共有
55,个人征信报告查询与影响咨询,2026搜索,2026搜索随机1w,27,103,9999,10000,0.27,1.03,0.76,0.542,0.993,True,共有
56,查询贷款信息,2026搜索,2026搜索随机1w,29,262,9999,10000,0.29,2.62,2.33,2.009,2.673,True,共有
58,查询办理信用卡业务,2026搜索,2026搜索随机1w,29,189,9999,10000,0.29,1.89,1.6,1.321,1.899,True,共有
59,贷款提前还款查询,2026搜索,2026搜索随机1w,8,129,9999,10000,0.08,1.29,1.21,0.992,1.454,True,共有
6,货币兑换汇率与金额换算查询,2026搜索,2026搜索随机1w,624,484,9999,10000,6.241,4.84,-1.401,-2.036,-0.767,True,共有
60,花呗操作查询,2026搜索,2026搜索随机1w,22,82,9999,10000,0.22,0.82,0.6,0.405,0.81,True,共有
61,贷款月供计算,2026搜索,2026搜索随机1w,1,78,9999,10000,0.01,0.78,0.77,0.609,0.962,True,共有
62,建设银行网点与服务查询,2026搜索,2026搜索随机1w,16,116,9999,10000,0.16,1.16,1.0,0.784,1.237,True,共有
63,查询转账与账户业务可行性,2026搜索,2026搜索随机1w,18,404,9999,10000,0.18,4.04,3.86,3.477,4.269,True,共有
64,查询保险相关业务,2026搜索,2026搜索随机1w,30,218,9999,10000,0.3,2.18,1.88,1.583,2.198,True,共有
65,股票行情与选股建议查询,2026搜索,2026搜索随机1w,232,881,9999,10000,2.32,8.81,6.49,5.865,7.125,True,共有
66,基金净值查询,2026搜索,2026搜索随机1w,84,291,9999,10000,0.84,2.91,2.07,1.7,2.453,True,共有
67,查询人寿保险业务信息,2026搜索,2026搜索随机1w,17,67,9999,10000,0.17,0.67,0.5,0.325,0.691,True,共有
68,车险购买与理赔咨询,2026搜索,2026搜索随机1w,13,159,9999,10000,0.13,1.59,1.46,1.215,1.73,True,共有
69,科技类股票信息查询,2026搜索,2026搜索随机1w,329,62,9999,10000,3.29,0.62,-2.67,-3.063,-2.295,True,共有
70,股指行情查询,2026搜索,2026搜索随机1w,194,78,9999,10000,1.94,0.78,-1.16,-1.488,-0.843,True,共有
71,支付宝账户操作查询,2026搜索,2026搜索随机1w,35,271,9999,10000,0.35,2.71,2.36,2.03,2.711,True,共有
72,查询股份公司及股票信息,2026搜索,2026搜索随机1w,282,118,9999,10000,2.82,1.18,-1.64,-2.034,-1.256,True,共有
73,查询价格走势图,2026搜索,2026搜索随机1w,169,92,9999,10000,1.69,0.92,-0.77,-1.09,-0.457,True,共有
8,支付方式使用与设置查询,2026搜索,2026搜索随机1w,14,123,9999,10000,0.14,1.23,1.09,0.87,1.332,True,共有
9,查询股份股票及股吧信息,2026搜索,2026搜索随机1w,319,38,9999,10000,3.19,0.38,-2.81,-3.188,-2.454,True,共有
0,代码与号码信息查询,2026搜索,助手头部1k,1260,16,9999,950,12.601,1.684,-10.917,-11.843,-9.703,True,共有
1,查询金融术语含义,2026搜索,助手头部1k,67,9,9999,950,0.67,0.947,0.277,-0.206,1.132,False,共有
11,银行服务信息查询,2026搜索,助手头部1k,270,63,9999,950,2.7,6.632,3.931,2.478,5.72,True,共有
13,查询黄金价格,2026搜索,助手头部1k,341,48,9999,950,3.41,5.053,1.642,0.366,3.261,True,共有
14,存贷款利率与利息查询计算,2026搜索,助手头部1k,63,12,9999,950,0.63,1.263,0.633,0.066,1.575,True,共有
2,保险信息查询,2026搜索,助手头部1k,85,16,9999,950,0.85,1.684,0.834,0.159,1.881,True,共有
3,证券股吧查询,2026搜索,助手头部1k,1083,0,9999,950,10.831,0.0,-10.831,-11.455,-10.113,True,a独有
33,银行卡业务查询与办理指导,2026搜索,助手头部1k,24,7,9999,950,0.24,0.737,0.497,0.1,1.277,True,共有
36,下载安装金融类App,2026搜索,助手头部1k,77,21,9999,950,0.77,2.211,1.44,0.657,2.596,True,共有
37,农业银行及农村信用社服务信息查询,2026搜索,助手头部1k,21,29,9999,950,0.21,3.053,2.843,1.917,4.142,True,共有
39,查询借款平台正规性,2026搜索,助手头部1k,37,13,9999,950,0.37,1.368,0.998,0.414,1.962,True,共有
4,查询个股股票信息,2026搜索,助手头部1k,2448,143,9999,950,24.482,15.053,-9.43,-11.727,-6.876,True,共有
40,查询财经门户与市场行情,2026搜索,助手头部1k,364,27,9999,950,3.64,2.842,-0.798,-1.76,0.511,False,共有
41,查询美元兑日元汇率,2026搜索,助手头部1k,64,6,9999,950,0.64,0.632,-0.008,-0.393,0.744,False,共有
42,人民币及货币信息查询,2026搜索,助手头部1k,52,8,9999,950,0.52,0.842,0.322,-0.123,1.142,False,共有
43,实时行情查询,2026搜索,助手头部1k,243,16,9999,950,2.43,1.684,-0.746,-1.466,0.326,False,共有
45,查询黄金价格与涨跌,2026搜索,助手头部1k,148,34,9999,950,1.48,3.579,2.099,1.06,3.497,True,共有
46,查询股票代码与指数信息,2026搜索,助手头部1k,163,5,9999,950,1.63,0.526,-1.104,-1.507,-0.367,True,共有
48,金融业务操作与问题处理方法查询,2026搜索,助手头部1k,22,8,9999,950,0.22,0.842,0.622,0.192,1.436,True,共有
49,查询科技股与科创板信息,2026搜索,助手头部1k,73,13,9999,950,0.73,1.368,0.638,0.041,1.609,True,共有
5,查询市场行情与证券股票信息,2026搜索,助手头部1k,421,96,9999,950,4.21,10.105,5.895,4.089,8.009,True,共有
51,查询具体标的最新价格行情,2026搜索,助手头部1k,145,20,9999,950,1.45,2.105,0.655,-0.126,1.8,False,共有
52,查询金融业务数值与代码,2026搜索,助手头部1k,8,4,9999,950,0.08,0.421,0.341,0.072,0.999,True,共有
53,金融行情数据查询,2026搜索,助手头部1k,10,7,9999,950,0.1,0.737,0.637,0.248,1.414,True,共有
54,查询价格与金额,2026搜索,助手头部1k,18,13,9999,950,0.18,1.368,1.188,0.612,2.149,True,共有
55,个人征信报告查询与影响咨询,2026搜索,助手头部1k,27,5,9999,950,0.27,0.526,0.256,-0.069,0.961,False,共有
56,查询贷款信息,2026搜索,助手头部1k,29,12,9999,950,0.29,1.263,0.973,0.419,1.909,True,共有
58,查询办理信用卡业务,2026搜索,助手头部1k,29,0,9999,950,0.29,0.0,-0.29,-0.416,0.122,False,a独有
59,贷款提前还款查询,2026搜索,助手头部1k,8,1,9999,950,0.08,0.105,0.025,-0.091,0.515,False,共有
6,货币兑换汇率与金额换算查询,2026搜索,助手头部1k,624,76,9999,950,6.241,8.0,1.759,0.123,3.713,True,共有
60,花呗操作查询,2026搜索,助手头部1k,22,2,9999,950,0.22,0.211,-0.009,-0.199,0.549,False,共有
61,贷款月供计算,2026搜索,助手头部1k,1,3,9999,950,0.01,0.316,0.306,0.092,0.914,True,共有
62,建设银行网点与服务查询,2026搜索,助手头部1k,16,3,9999,950,0.16,0.316,0.156,-0.075,0.767,False,共有
63,查询转账与账户业务可行性,2026搜索,助手头部1k,18,8,9999,950,0.18,0.842,0.662,0.234,1.476,True,共有
64,查询保险相关业务,2026搜索,助手头部1k,30,11,9999,950,0.3,1.158,0.858,0.332,1.766,True,共有
65,股票行情与选股建议查询,2026搜索,助手头部1k,232,62,9999,950,2.32,6.526,4.206,2.769,5.98,True,共有
66,基金净值查询,2026搜索,助手头部1k,84,2,9999,950,0.84,0.211,-0.63,-0.88,-0.053,True,共有
67,查询人寿保险业务信息,2026搜索,助手头部1k,17,2,9999,950,0.17,0.211,0.041,-0.143,0.598,False,共有
68,车险购买与理赔咨询,2026搜索,助手头部1k,13,4,9999,950,0.13,0.421,0.291,0.018,0.95,True,共有
69,科技类股票信息查询,2026搜索,助手头部1k,329,21,9999,950,3.29,2.211,-1.08,-1.924,0.113,False,共有
70,股指行情查询,2026搜索,助手头部1k,194,37,9999,950,1.94,3.895,1.955,0.86,3.404,True,共有
71,支付宝账户操作查询,2026搜索,助手头部1k,35,8,9999,950,0.35,0.842,0.492,0.055,1.309,True,共有
72,查询股份公司及股票信息,2026搜索,助手头部1k,282,26,9999,950,2.82,2.737,-0.083,-1.012,1.197,False,共有
73,查询价格走势图,2026搜索,助手头部1k,169,23,9999,950,1.69,2.421,0.731,-0.116,1.94,False,共有
8,支付方式使用与设置查询,2026搜索,助手头部1k,14,3,9999,950,0.14,0.316,0.176,-0.053,0.787,False,共有
9,查询股份股票及股吧信息,2026搜索,助手头部1k,319,7,9999,950,3.19,0.737,-2.453,-2.979,-1.611,True,共有
0,代码与号码信息查询,2026搜索,助手随机1k,1260,21,9999,987,12.601,2.128,-10.474,-11.462,-9.2,True,共有
1,查询金融术语含义,2026搜索,助手随机1k,67,20,9999,987,0.67,2.026,1.356,0.623,2.448,True,共有
11,银行服务信息查询,2026搜索,助手随机1k,270,56,9999,987,2.7,5.674,2.973,1.651,4.624,True,共有
13,查询黄金价格,2026搜索,助手随机1k,341,11,9999,987,3.41,1.114,-2.296,-2.913,-1.362,True,共有
14,存贷款利率与利息查询计算,2026搜索,助手随机1k,63,43,9999,987,0.63,4.357,3.727,2.606,5.193,True,共有
2,保险信息查询,2026搜索,助手随机1k,85,23,9999,987,0.85,2.33,1.48,0.682,2.634,True,共有
3,证券股吧查询,2026搜索,助手随机1k,1083,1,9999,987,10.831,0.101,-10.73,-11.36,-9.972,True,共有
33,银行卡业务查询与办理指导,2026搜索,助手随机1k,24,23,9999,987,0.24,2.33,2.09,1.309,3.235,True,共有
36,下载安装金融类App,2026搜索,助手随机1k,77,14,9999,987,0.77,1.418,0.648,0.046,1.609,True,共有
37,农业银行及农村信用社服务信息查询,2026搜索,助手随机1k,21,14,9999,987,0.21,1.418,1.208,0.626,2.16,True,共有
39,查询借款平台正规性,2026搜索,助手随机1k,37,4,9999,987,0.37,0.405,0.035,-0.249,0.675,False,共有
4,查询个股股票信息,2026搜索,助手随机1k,2448,28,9999,987,24.482,2.837,-21.646,-22.861,-20.158,True,共有
40,查询财经门户与市场行情,2026搜索,助手随机1k,364,18,9999,987,3.64,1.824,-1.817,-2.587,-0.719,True,共有
41,查询美元兑日元汇率,2026搜索,助手随机1k,64,1,9999,987,0.64,0.101,-0.539,-0.734,-0.048,True,共有
42,人民币及货币信息查询,2026搜索,助手随机1k,52,7,9999,987,0.52,0.709,0.189,-0.21,0.947,False,共有
43,实时行情查询,2026搜索,助手随机1k,243,2,9999,987,2.43,0.203,-2.228,-2.58,-1.623,True,共有
45,查询黄金价格与涨跌,2026搜索,助手随机1k,148,7,9999,987,1.48,0.709,-0.771,-1.217,0.008,False,共有
46,查询股票代码与指数信息,2026搜索,助手随机1k,163,5,9999,987,1.63,0.507,-1.124,-1.518,-0.412,True,共有
48,金融业务操作与问题处理方法查询,2026搜索,助手随机1k,22,26,9999,987,0.22,2.634,2.414,1.576,3.614,True,共有
49,查询科技股与科创板信息,2026搜索,助手随机1k,73,30,9999,987,0.73,3.04,2.309,1.388,3.585,True,共有
5,查询市场行情与证券股票信息,2026搜索,助手随机1k,421,9,9999,987,4.21,0.912,-3.299,-3.895,-2.404,True,共有
51,查询具体标的最新价格行情,2026搜索,助手随机1k,145,9,9999,987,1.45,0.912,-0.538,-1.039,0.302,False,共有
52,查询金融业务数值与代码,2026搜索,助手随机1k,8,29,9999,987,0.08,2.938,2.858,1.97,4.108,True,共有
53,金融行情数据查询,2026搜索,助手随机1k,10,56,9999,987,0.1,5.674,5.574,4.292,7.197,True,共有
54,查询价格与金额,2026搜索,助手随机1k,18,28,9999,987,0.18,2.837,2.657,1.784,3.891,True,共有
55,个人征信报告查询与影响咨询,2026搜索,助手随机1k,27,9,9999,987,0.27,0.912,0.642,0.193,1.458,True,共有
56,查询贷款信息,2026搜索,助手随机1k,29,20,9999,987,0.29,2.026,1.736,1.014,2.823,True,共有
58,查询办理信用卡业务,2026搜索,助手随机1k,29,12,9999,987,0.29,1.216,0.926,0.392,1.827,True,共有
59,贷款提前还款查询,2026搜索,助手随机1k,8,8,9999,987,0.08,0.811,0.731,0.324,1.512,True,共有
6,货币兑换汇率与金额换算查询,2026搜索,助手随机1k,624,20,9999,987,6.241,2.026,-4.214,-5.078,-3.039,True,共有
60,花呗操作查询,2026搜索,助手随机1k,22,5,9999,987,0.22,0.507,0.287,-0.025,0.964,False,共有
61,贷款月供计算,2026搜索,助手随机1k,1,19,9999,987,0.01,1.925,1.915,1.224,2.977,True,共有
62,建设银行网点与服务查询,2026搜索,助手随机1k,16,5,9999,987,0.16,0.507,0.347,0.04,1.023,True,共有
63,查询转账与账户业务可行性,2026搜索,助手随机1k,18,63,9999,987,0.18,6.383,6.203,4.837,7.905,True,共有
64,查询保险相关业务,2026搜索,助手随机1k,30,19,9999,987,0.3,1.925,1.625,0.924,2.691,True,共有
65,股票行情与选股建议查询,2026搜索,助手随机1k,232,207,9999,987,2.32,20.973,18.652,16.207,21.317,True,共有
66,基金净值查询,2026搜索,助手随机1k,84,12,9999,987,0.84,1.216,0.376,-0.18,1.287,False,共有
67,查询人寿保险业务信息,2026搜索,助手随机1k,17,2,9999,987,0.17,0.203,0.033,-0.146,0.57,False,共有
68,车险购买与理赔咨询,2026搜索,助手随机1k,13,22,9999,987,0.13,2.229,2.099,1.341,3.223,True,共有
69,科技类股票信息查询,2026搜索,助手随机1k,329,7,9999,987,3.29,0.709,-2.581,-3.1,-1.763,True,共有
70,股指行情查询,2026搜索,助手随机1k,194,8,9999,987,1.94,0.811,-1.13,-1.623,-0.309,True,共有
71,支付宝账户操作查询,2026搜索,助手随机1k,35,8,9999,987,0.35,0.811,0.461,0.039,1.247,True,共有
72,查询股份公司及股票信息,2026搜索,助手随机1k,282,14,9999,987,2.82,1.418,-1.402,-2.069,-0.405,True,共有
73,查询价格走势图,2026搜索,助手随机1k,169,29,9999,987,1.69,2.938,1.248,0.322,2.52,True,共有
8,支付方式使用与设置查询,2026搜索,助手随机1k,14,11,9999,987,0.14,1.114,0.974,0.474,1.846,True,共有
9,查询股份股票及股吧信息,2026搜索,助手随机1k,319,2,9999,987,3.19,0.203,-2.988,-3.379,-2.362,True,共有
0,代码与号码信息查询,2026搜索,助手语音头部1k,1260,116,9999,1000,12.601,11.6,-1.001,-2.957,1.225,False,共有
1,查询金融术语含义,2026搜索,助手语音头部1k,67,1,9999,1000,0.67,0.1,-0.57,-0.768,-0.085,True,共有
11,银行服务信息查询,2026搜索,助手语音头部1k,270,57,9999,1000,2.7,5.7,3.0,1.681,4.641,True,共有
13,查询黄金价格,2026搜索,助手语音头部1k,341,46,9999,1000,3.41,4.6,1.19,-0.004,2.709,False,共有
14,存贷款利率与利息查询计算,2026搜索,助手语音头部1k,63,11,9999,1000,0.63,1.1,0.47,-0.045,1.34,False,共有
2,保险信息查询,2026搜索,助手语音头部1k,85,12,9999,1000,0.85,1.2,0.35,-0.2,1.25,False,共有
3,证券股吧查询,2026搜索,助手语音头部1k,1083,10,9999,1000,10.831,1.0,-9.831,-10.604,-8.81,True,共有
33,银行卡业务查询与办理指导,2026搜索,助手语音头部1k,24,2,9999,1000,0.24,0.2,-0.04,-0.226,0.492,False,共有
36,下载安装金融类App,2026搜索,助手语音头部1k,77,2,9999,1000,0.77,0.2,-0.57,-0.81,-0.022,True,共有
37,农业银行及农村信用社服务信息查询,2026搜索,助手语音头部1k,21,10,9999,1000,0.21,1.0,0.79,0.321,1.624,True,共有
39,查询借款平台正规性,2026搜索,助手语音头部1k,37,1,9999,1000,0.37,0.1,-0.27,-0.432,0.205,False,共有
4,查询个股股票信息,2026搜索,助手语音头部1k,2448,219,9999,1000,24.482,21.9,-2.582,-5.179,0.213,False,共有
40,查询财经门户与市场行情,2026搜索,助手语音头部1k,364,30,9999,1000,3.64,3.0,-0.64,-1.611,0.658,False,共有
41,查询美元兑日元汇率,2026搜索,助手语音头部1k,64,11,9999,1000,0.64,1.1,0.46,-0.056,1.33,False,共有
42,人民币及货币信息查询,2026搜索,助手语音头部1k,52,3,9999,1000,0.52,0.3,-0.22,-0.475,0.371,False,共有
43,实时行情查询,2026搜索,助手语音头部1k,243,15,9999,1000,2.43,1.5,-0.93,-1.601,0.071,False,共有
45,查询黄金价格与涨跌,2026搜索,助手语音头部1k,148,24,9999,1000,1.48,2.4,0.92,0.097,2.087,True,共有
46,查询股票代码与指数信息,2026搜索,助手语音头部1k,163,19,9999,1000,1.63,1.9,0.27,-0.461,1.343,False,共有
48,金融业务操作与问题处理方法查询,2026搜索,助手语音头部1k,22,0,9999,1000,0.22,0.0,-0.22,-0.333,0.17,False,a独有
49,查询科技股与科创板信息,2026搜索,助手语音头部1k,73,9,9999,1000,0.73,0.9,0.17,-0.295,0.985,False,共有
5,查询市场行情与证券股票信息,2026搜索,助手语音头部1k,421,90,9999,1000,4.21,9.0,4.79,3.118,6.76,True,共有
51,查询具体标的最新价格行情,2026搜索,助手语音头部1k,145,15,9999,1000,1.45,1.5,0.05,-0.591,1.034,False,共有
52,查询金融业务数值与代码,2026搜索,助手语音头部1k,8,1,9999,1000,0.08,0.1,0.02,-0.093,0.486,False,共有
53,金融行情数据查询,2026搜索,助手语音头部1k,10,7,9999,1000,0.1,0.7,0.6,0.23,1.339,True,共有
54,查询价格与金额,2026搜索,助手语音头部1k,18,4,9999,1000,0.18,0.4,0.22,-0.046,0.847,False,共有
55,个人征信报告查询与影响咨询,2026搜索,助手语音头部1k,27,1,9999,1000,0.27,0.1,-0.17,-0.318,0.302,False,共有
56,查询贷款信息,2026搜索,助手语音头部1k,29,8,9999,1000,0.29,0.8,0.51,0.096,1.286,True,共有
58,查询办理信用卡业务,2026搜索,助手语音头部1k,29,5,9999,1000,0.29,0.5,0.21,-0.103,0.881,False,共有
59,贷款提前还款查询,2026搜索,助手语音头部1k,8,1,9999,1000,0.08,0.1,0.02,-0.093,0.486,False,共有
6,货币兑换汇率与金额换算查询,2026搜索,助手语音头部1k,624,61,9999,1000,6.241,6.1,-0.141,-1.551,1.579,False,共有
60,花呗操作查询,2026搜索,助手语音头部1k,22,4,9999,1000,0.22,0.4,0.18,-0.089,0.808,False,共有
61,贷款月供计算,2026搜索,助手语音头部1k,1,1,9999,1000,0.01,0.1,0.09,-0.005,0.554,False,共有
62,建设银行网点与服务查询,2026搜索,助手语音头部1k,16,8,9999,1000,0.16,0.8,0.64,0.233,1.413,True,共有
63,查询转账与账户业务可行性,2026搜索,助手语音头部1k,18,3,9999,1000,0.18,0.3,0.12,-0.104,0.702,False,共有
64,查询保险相关业务,2026搜索,助手语音头部1k,30,4,9999,1000,0.3,0.4,0.1,-0.176,0.73,False,共有
65,股票行情与选股建议查询,2026搜索,助手语音头部1k,232,38,9999,1000,2.32,3.8,1.48,0.413,2.88,True,共有
66,基金净值查询,2026搜索,助手语音头部1k,84,6,9999,1000,0.84,0.6,-0.24,-0.621,0.481,False,共有
67,查询人寿保险业务信息,2026搜索,助手语音头部1k,17,5,9999,1000,0.17,0.5,0.33,0.026,0.998,True,共有
68,车险购买与理赔咨询,2026搜索,助手语音头部1k,13,0,9999,1000,0.13,0.0,-0.13,-0.222,0.256,False,a独有
69,科技类股票信息查询,2026搜索,助手语音头部1k,329,28,9999,1000,3.29,2.8,-0.49,-1.422,0.771,False,共有
70,股指行情查询,2026搜索,助手语音头部1k,194,35,9999,1000,1.94,3.5,1.56,0.545,2.912,True,共有
71,支付宝账户操作查询,2026搜索,助手语音头部1k,35,8,9999,1000,0.35,0.8,0.45,0.033,1.227,True,共有
72,查询股份公司及股票信息,2026搜索,助手语音头部1k,282,29,9999,1000,2.82,2.9,0.08,-0.859,1.351,False,共有
73,查询价格走势图,2026搜索,助手语音头部1k,169,18,9999,1000,1.69,1.8,0.11,-0.603,1.164,False,共有
8,支付方式使用与设置查询,2026搜索,助手语音头部1k,14,2,9999,1000,0.14,0.2,0.06,-0.113,0.589,False,共有
9,查询股份股票及股吧信息,2026搜索,助手语音头部1k,319,20,9999,1000,3.19,2.0,-1.19,-1.98,-0.072,True,共有
0,代码与号码信息查询,2026搜索,助手语音1k,1260,25,9999,1000,12.601,2.5,-10.101,-11.142,-8.774,True,共有
1,查询金融术语含义,2026搜索,助手语音1k,67,22,9999,1000,0.67,2.2,1.53,0.766,2.648,True,共有
11,银行服务信息查询,2026搜索,助手语音1k,270,82,9999,1000,2.7,8.2,5.5,3.919,7.388,True,共有
13,查询黄金价格,2026搜索,助手语音1k,341,13,9999,1000,3.41,1.3,-2.11,-2.766,-1.138,True,共有
14,存贷款利率与利息查询计算,2026搜索,助手语音1k,63,38,9999,1000,0.63,3.8,3.17,2.136,4.549,True,共有
2,保险信息查询,2026搜索,助手语音1k,85,28,9999,1000,0.85,2.8,1.95,1.071,3.178,True,共有
3,证券股吧查询,2026搜索,助手语音1k,1083,8,9999,1000,10.831,0.8,-10.031,-10.769,-9.058,True,共有
33,银行卡业务查询与办理指导,2026搜索,助手语音1k,24,48,9999,1000,0.24,4.8,4.56,3.393,6.069,True,共有
36,下载安装金融类App,2026搜索,助手语音1k,77,5,9999,1000,0.77,0.5,-0.27,-0.614,0.412,False,共有
37,农业银行及农村信用社服务信息查询,2026搜索,助手语音1k,21,21,9999,1000,0.21,2.1,1.89,1.159,2.981,True,共有
39,查询借款平台正规性,2026搜索,助手语音1k,37,5,9999,1000,0.37,0.5,0.13,-0.188,0.803,False,共有
4,查询个股股票信息,2026搜索,助手语音1k,2448,54,9999,1000,24.482,5.4,-19.082,-20.585,-17.297,True,共有
40,查询财经门户与市场行情,2026搜索,助手语音1k,364,10,9999,1000,3.64,1.0,-2.64,-3.237,-1.739,True,共有
41,查询美元兑日元汇率,2026搜索,助手语音1k,64,9,9999,1000,0.64,0.9,0.26,-0.201,1.073,False,共有
42,人民币及货币信息查询,2026搜索,助手语音1k,52,21,9999,1000,0.52,2.1,1.58,0.84,2.676,True,共有
43,实时行情查询,2026搜索,助手语音1k,243,0,9999,1000,2.43,0.0,-2.43,-2.751,-1.954,True,a独有
45,查询黄金价格与涨跌,2026搜索,助手语音1k,148,9,9999,1000,1.48,0.9,-0.58,-1.077,0.251,False,共有
46,查询股票代码与指数信息,2026搜索,助手语音1k,163,5,9999,1000,1.63,0.5,-1.13,-1.522,-0.426,True,共有
48,金融业务操作与问题处理方法查询,2026搜索,助手语音1k,22,32,9999,1000,0.22,3.2,2.98,2.049,4.265,True,共有
49,查询科技股与科创板信息,2026搜索,助手语音1k,73,9,9999,1000,0.73,0.9,0.17,-0.295,0.985,False,共有
5,查询市场行情与证券股票信息,2026搜索,助手语音1k,421,51,9999,1000,4.21,5.1,0.89,-0.379,2.478,False,共有
51,查询具体标的最新价格行情,2026搜索,助手语音1k,145,4,9999,1000,1.45,0.4,-1.05,-1.402,-0.39,True,共有
52,查询金融业务数值与代码,2026搜索,助手语音1k,8,15,9999,1000,0.08,1.5,1.42,0.826,2.381,True,共有
53,金融行情数据查询,2026搜索,助手语音1k,10,32,9999,1000,0.1,3.2,3.1,2.172,4.383,True,共有
54,查询价格与金额,2026搜索,助手语音1k,18,20,9999,1000,0.18,2.0,1.82,1.111,2.891,True,共有
55,个人征信报告查询与影响咨询,2026搜索,助手语音1k,27,5,9999,1000,0.27,0.5,0.23,-0.081,0.9,False,共有
56,查询贷款信息,2026搜索,助手语音1k,29,20,9999,1000,0.29,2.0,1.71,0.997,2.783,True,共有
58,查询办理信用卡业务,2026搜索,助手语音1k,29,14,9999,1000,0.29,1.4,1.11,0.532,2.05,True,共有
59,贷款提前还款查询,2026搜索,助手语音1k,8,3,9999,1000,0.08,0.3,0.22,0.007,0.8,True,共有
6,货币兑换汇率与金额换算查询,2026搜索,助手语音1k,624,102,9999,1000,6.241,10.2,3.959,2.165,6.041,True,共有
60,花呗操作查询,2026搜索,助手语音1k,22,9,9999,1000,0.22,0.9,0.68,0.239,1.485,True,共有
61,贷款月供计算,2026搜索,助手语音1k,1,12,9999,1000,0.01,1.2,1.19,0.676,2.076,True,共有
62,建设银行网点与服务查询,2026搜索,助手语音1k,16,12,9999,1000,0.16,1.2,1.04,0.518,1.928,True,共有
63,查询转账与账户业务可行性,2026搜索,助手语音1k,18,42,9999,1000,0.18,4.2,4.02,2.937,5.45,True,共有
64,查询保险相关业务,2026搜索,助手语音1k,30,21,9999,1000,0.3,2.1,1.8,1.066,2.893,True,共有
65,股票行情与选股建议查询,2026搜索,助手语音1k,232,78,9999,1000,2.32,7.8,5.48,3.942,7.329,True,共有
66,基金净值查询,2026搜索,助手语音1k,84,11,9999,1000,0.84,1.1,0.26,-0.264,1.134,False,共有
67,查询人寿保险业务信息,2026搜索,助手语音1k,17,6,9999,1000,0.17,0.6,0.43,0.09,1.136,True,共有
68,车险购买与理赔咨询,2026搜索,助手语音1k,13,23,9999,1000,0.13,2.3,2.17,1.402,3.299,True,共有
69,科技类股票信息查询,2026搜索,助手语音1k,329,7,9999,1000,3.29,0.7,-2.59,-3.105,-1.781,True,共有
70,股指行情查询,2026搜索,助手语音1k,194,6,9999,1000,1.94,0.6,-1.34,-1.775,-0.593,True,共有
71,支付宝账户操作查询,2026搜索,助手语音1k,35,33,9999,1000,0.35,3.3,2.95,1.999,4.252,True,共有
72,查询股份公司及股票信息,2026搜索,助手语音1k,282,8,9999,1000,2.82,0.8,-2.02,-2.543,-1.191,True,共有
73,查询价格走势图,2026搜索,助手语音1k,169,8,9999,1000,1.69,0.8,-0.89,-1.369,-0.085,True,共有
8,支付方式使用与设置查询,2026搜索,助手语音1k,14,14,9999,1000,0.14,1.4,1.26,0.688,2.198,True,共有
9,查询股份股票及股吧信息,2026搜索,助手语音1k,319,0,9999,1000,3.19,0.0,-3.19,-3.553,-2.687,True,a独有
0,代码与号码信息查询,2026搜索随机1w,助手头部1k,411,16,10000,950,4.11,1.684,-2.426,-3.188,-1.327,True,共有
1,查询金融术语含义,2026搜索随机1w,助手头部1k,311,9,10000,950,3.11,0.947,-2.163,-2.737,-1.26,True,共有
11,银行服务信息查询,2026搜索随机1w,助手头部1k,905,63,10000,950,9.05,6.632,-2.418,-3.946,-0.572,True,共有
13,查询黄金价格,2026搜索随机1w,助手头部1k,99,48,10000,950,0.99,5.053,4.063,2.823,5.655,True,共有
14,存贷款利率与利息查询计算,2026搜索随机1w,助手头部1k,491,12,10000,950,4.91,1.263,-3.647,-4.343,-2.63,True,共有
2,保险信息查询,2026搜索随机1w,助手头部1k,284,16,10000,950,2.84,1.684,-1.156,-1.887,-0.077,True,共有
3,证券股吧查询,2026搜索随机1w,助手头部1k,90,0,10000,950,0.9,0.0,-0.9,-1.105,-0.464,True,a独有
33,银行卡业务查询与办理指导,2026搜索随机1w,助手头部1k,371,7,10000,950,3.71,0.737,-2.973,-3.516,-2.12,True,共有
36,下载安装金融类App,2026搜索随机1w,助手头部1k,105,21,10000,950,1.05,2.211,1.161,0.369,2.32,True,共有
37,农业银行及农村信用社服务信息查询,2026搜索随机1w,助手头部1k,210,29,10000,950,2.1,3.053,0.953,-0.014,2.276,False,共有
39,查询借款平台正规性,2026搜索随机1w,助手头部1k,92,13,10000,950,0.92,1.368,0.448,-0.155,1.422,False,共有
4,查询个股股票信息,2026搜索随机1w,助手头部1k,403,143,10000,950,4.03,15.053,11.023,8.852,13.465,True,共有
40,查询财经门户与市场行情,2026搜索随机1w,助手头部1k,324,27,10000,950,3.24,2.842,-0.398,-1.352,0.906,False,共有
41,查询美元兑日元汇率,2026搜索随机1w,助手头部1k,54,6,10000,950,0.54,0.632,0.092,-0.287,0.842,False,共有
42,人民币及货币信息查询,2026搜索随机1w,助手头部1k,107,8,10000,950,1.07,0.842,-0.228,-0.698,0.603,False,共有
43,实时行情查询,2026搜索随机1w,助手头部1k,54,16,10000,950,0.54,1.684,1.144,0.479,2.186,True,共有
45,查询黄金价格与涨跌,2026搜索随机1w,助手头部1k,45,34,10000,950,0.45,3.579,3.129,2.111,4.514,True,共有
46,查询股票代码与指数信息,2026搜索随机1w,助手头部1k,45,5,10000,950,0.45,0.526,0.076,-0.261,0.785,False,共有
48,金融业务操作与问题处理方法查询,2026搜索随机1w,助手头部1k,288,8,10000,950,2.88,0.842,-2.038,-2.578,-1.17,True,共有
49,查询科技股与科创板信息,2026搜索随机1w,助手头部1k,168,13,10000,950,1.68,1.368,-0.312,-0.94,0.675,False,共有
5,查询市场行情与证券股票信息,2026搜索随机1w,助手头部1k,281,96,10000,950,2.81,10.105,7.295,5.503,9.398,True,共有
51,查询具体标的最新价格行情,2026搜索随机1w,助手头部1k,73,20,10000,950,0.73,2.105,1.375,0.614,2.509,True,共有
52,查询金融业务数值与代码,2026搜索随机1w,助手头部1k,123,4,10000,950,1.23,0.421,-0.809,-1.158,-0.123,True,共有
53,金融行情数据查询,2026搜索随机1w,助手头部1k,216,7,10000,950,2.16,0.737,-1.423,-1.909,-0.602,True,共有
54,查询价格与金额,2026搜索随机1w,助手头部1k,205,13,10000,950,2.05,1.368,-0.682,-1.322,0.312,False,共有
55,个人征信报告查询与影响咨询,2026搜索随机1w,助手头部1k,103,5,10000,950,1.03,0.526,-0.504,-0.875,0.219,False,共有
56,查询贷款信息,2026搜索随机1w,助手头部1k,262,12,10000,950,2.62,1.263,-1.357,-1.99,-0.379,True,共有
58,查询办理信用卡业务,2026搜索随机1w,助手头部1k,189,0,10000,950,1.89,0.0,-1.89,-2.176,-1.417,True,a独有
59,贷款提前还款查询,2026搜索随机1w,助手头部1k,129,1,10000,950,1.29,0.105,-1.185,-1.44,-0.656,True,共有
6,货币兑换汇率与金额换算查询,2026搜索随机1w,助手头部1k,484,76,10000,950,4.84,8.0,3.16,1.539,5.102,True,共有
60,花呗操作查询,2026搜索随机1w,助手头部1k,82,2,10000,950,0.82,0.211,-0.609,-0.858,-0.033,True,共有
61,贷款月供计算,2026搜索随机1w,助手头部1k,78,3,10000,950,0.78,0.316,-0.464,-0.748,0.164,False,共有
62,建设银行网点与服务查询,2026搜索随机1w,助手头部1k,116,3,10000,950,1.16,0.316,-0.844,-1.154,-0.206,True,共有
63,查询转账与账户业务可行性,2026搜索随机1w,助手头部1k,404,8,10000,950,4.04,0.842,-3.198,-3.777,-2.307,True,共有
64,查询保险相关业务,2026搜索随机1w,助手头部1k,218,11,10000,950,2.18,1.158,-1.022,-1.617,-0.08,True,共有
65,股票行情与选股建议查询,2026搜索随机1w,助手头部1k,881,62,10000,950,8.81,6.526,-2.284,-3.798,-0.45,True,共有
66,基金净值查询,2026搜索随机1w,助手头部1k,291,2,10000,950,2.91,0.211,-2.699,-3.079,-2.064,True,共有
67,查询人寿保险业务信息,2026搜索随机1w,助手头部1k,67,2,10000,950,0.67,0.211,-0.459,-0.696,0.112,False,共有
68,车险购买与理赔咨询,2026搜索随机1w,助手头部1k,159,4,10000,950,1.59,0.421,-1.169,-1.538,-0.474,True,共有
69,科技类股票信息查询,2026搜索随机1w,助手头部1k,62,21,10000,950,0.62,2.211,1.591,0.811,2.744,True,共有
70,股指行情查询,2026搜索随机1w,助手头部1k,78,37,10000,950,0.78,3.895,3.115,2.041,4.551,True,共有
71,支付宝账户操作查询,2026搜索随机1w,助手头部1k,271,8,10000,950,2.71,0.842,-1.868,-2.402,-1.003,True,共有
72,查询股份公司及股票信息,2026搜索随机1w,助手头部1k,118,26,10000,950,1.18,2.737,1.557,0.664,2.815,True,共有
73,查询价格走势图,2026搜索随机1w,助手头部1k,92,23,10000,950,0.92,2.421,1.501,0.672,2.699,True,共有
8,支付方式使用与设置查询,2026搜索随机1w,助手头部1k,123,3,10000,950,1.23,0.316,-0.914,-1.229,-0.274,True,共有
9,查询股份股票及股吧信息,2026搜索随机1w,助手头部1k,38,7,10000,950,0.38,0.737,0.357,-0.048,1.14,False,共有
0,代码与号码信息查询,2026搜索随机1w,助手随机1k,411,21,10000,987,4.11,2.128,-1.982,-2.82,-0.818,True,共有
1,查询金融术语含义,2026搜索随机1w,助手随机1k,311,20,10000,987,3.11,2.026,-1.084,-1.88,0.046,False,共有
11,银行服务信息查询,2026搜索随机1w,助手随机1k,905,56,10000,987,9.05,5.674,-3.376,-4.78,-1.664,True,共有
13,查询黄金价格,2026搜索随机1w,助手随机1k,99,11,10000,987,0.99,1.114,0.124,-0.411,1.012,False,共有
14,存贷款利率与利息查询计算,2026搜索随机1w,助手随机1k,491,43,10000,987,4.91,4.357,-0.553,-1.744,0.962,False,共有
2,保险信息查询,2026搜索随机1w,助手随机1k,284,23,10000,987,2.84,2.33,-0.51,-1.355,0.673,False,共有
3,证券股吧查询,2026搜索随机1w,助手随机1k,90,1,10000,987,0.9,0.101,-0.799,-1.02,-0.3,True,共有
33,银行卡业务查询与办理指导,2026搜索随机1w,助手随机1k,371,23,10000,987,3.71,2.33,-1.38,-2.244,-0.184,True,共有
36,下载安装金融类App,2026搜索随机1w,助手随机1k,105,14,10000,987,1.05,1.418,0.368,-0.244,1.334,False,共有
37,农业银行及农村信用社服务信息查询,2026搜索随机1w,助手随机1k,210,14,10000,987,2.1,1.418,-0.682,-1.327,0.303,False,共有
39,查询借款平台正规性,2026搜索随机1w,助手随机1k,92,4,10000,987,0.92,0.405,-0.515,-0.837,0.14,False,共有
4,查询个股股票信息,2026搜索随机1w,助手随机1k,403,28,10000,987,4.03,2.837,-1.193,-2.149,0.093,False,共有
40,查询财经门户与市场行情,2026搜索随机1w,助手随机1k,324,18,10000,987,3.24,1.824,-1.416,-2.177,-0.325,True,共有
41,查询美元兑日元汇率,2026搜索随机1w,助手随机1k,54,1,10000,987,0.54,0.101,-0.439,-0.623,0.048,False,共有
42,人民币及货币信息查询,2026搜索随机1w,助手随机1k,107,7,10000,987,1.07,0.709,-0.361,-0.788,0.409,False,共有
43,实时行情查询,2026搜索随机1w,助手随机1k,54,2,10000,987,0.54,0.203,-0.337,-0.558,0.21,False,共有
45,查询黄金价格与涨跌,2026搜索随机1w,助手随机1k,45,7,10000,987,0.45,0.709,0.259,-0.136,1.015,False,共有
46,查询股票代码与指数信息,2026搜索随机1w,助手随机1k,45,5,10000,987,0.45,0.507,0.057,-0.271,0.74,False,共有
48,金融业务操作与问题处理方法查询,2026搜索随机1w,助手随机1k,288,26,10000,987,2.88,2.634,-0.246,-1.145,0.991,False,共有
49,查询科技股与科创板信息,2026搜索随机1w,助手随机1k,168,30,10000,987,1.68,3.04,1.36,0.417,2.647,True,共有
5,查询市场行情与证券股票信息,2026搜索随机1w,助手随机1k,281,9,10000,987,2.81,0.912,-1.898,-2.449,-1.03,True,共有
51,查询具体标的最新价格行情,2026搜索随机1w,助手随机1k,73,9,10000,987,0.73,0.912,0.182,-0.288,1.007,False,共有
52,查询金融业务数值与代码,2026搜索随机1w,助手随机1k,123,29,10000,987,1.23,2.938,1.708,0.793,2.973,True,共有
53,金融行情数据查询,2026搜索随机1w,助手随机1k,216,56,10000,987,2.16,5.674,3.514,2.199,5.158,True,共有
54,查询价格与金额,2026搜索随机1w,助手随机1k,205,28,10000,987,2.05,2.837,0.787,-0.129,2.047,False,共有
55,个人征信报告查询与影响咨询,2026搜索随机1w,助手随机1k,103,9,10000,987,1.03,0.912,-0.118,-0.601,0.714,False,共有
56,查询贷款信息,2026搜索随机1w,助手随机1k,262,20,10000,987,2.62,2.026,-0.594,-1.378,0.529,False,共有
58,查询办理信用卡业务,2026搜索随机1w,助手随机1k,189,12,10000,987,1.89,1.216,-0.674,-1.267,0.257,False,共有
59,贷款提前还款查询,2026搜索随机1w,助手随机1k,129,8,10000,987,1.29,0.811,-0.479,-0.946,0.327,False,共有
6,货币兑换汇率与金额换算查询,2026搜索随机1w,助手随机1k,484,20,10000,987,4.84,2.026,-2.814,-3.649,-1.658,True,共有
60,花呗操作查询,2026搜索随机1w,助手随机1k,82,5,10000,987,0.82,0.507,-0.313,-0.664,0.379,False,共有
61,贷款月供计算,2026搜索随机1w,助手随机1k,78,19,10000,987,0.78,1.925,1.145,0.429,2.218,True,共有
62,建设银行网点与服务查询,2026搜索随机1w,助手随机1k,116,5,10000,987,1.16,0.507,-0.653,-1.023,0.047,False,共有
63,查询转账与账户业务可行性,2026搜索随机1w,助手随机1k,404,63,10000,987,4.04,6.383,2.343,0.922,4.083,True,共有
64,查询保险相关业务,2026搜索随机1w,助手随机1k,218,19,10000,987,2.18,1.925,-0.255,-1.009,0.84,False,共有
65,股票行情与选股建议查询,2026搜索随机1w,助手随机1k,881,207,10000,987,8.81,20.973,12.163,9.671,14.867,True,共有
66,基金净值查询,2026搜索随机1w,助手随机1k,291,12,10000,987,2.91,1.216,-1.694,-2.319,-0.744,True,共有
67,查询人寿保险业务信息,2026搜索随机1w,助手随机1k,67,2,10000,987,0.67,0.203,-0.467,-0.7,0.084,False,共有
68,车险购买与理赔咨询,2026搜索随机1w,助手随机1k,159,22,10000,987,1.59,2.229,0.639,-0.159,1.785,False,共有
69,科技类股票信息查询,2026搜索随机1w,助手随机1k,62,7,10000,987,0.62,0.709,0.089,-0.315,0.849,False,共有
70,股指行情查询,2026搜索随机1w,助手随机1k,78,8,10000,987,0.78,0.811,0.031,-0.413,0.826,False,共有
71,支付宝账户操作查询,2026搜索随机1w,助手随机1k,271,8,10000,987,2.71,0.811,-1.899,-2.422,-1.063,True,共有
72,查询股份公司及股票信息,2026搜索随机1w,助手随机1k,118,14,10000,987,1.18,1.418,0.238,-0.378,1.206,False,共有
73,查询价格走势图,2026搜索随机1w,助手随机1k,92,29,10000,987,0.92,2.938,2.018,1.11,3.279,True,共有
8,支付方式使用与设置查询,2026搜索随机1w,助手随机1k,123,11,10000,987,1.23,1.114,-0.116,-0.66,0.777,False,共有
9,查询股份股票及股吧信息,2026搜索随机1w,助手随机1k,38,2,10000,987,0.38,0.203,-0.177,-0.381,0.366,False,共有
0,代码与号码信息查询,2026搜索随机1w,助手语音头部1k,411,116,10000,1000,4.11,11.6,7.49,5.606,9.655,True,共有
1,查询金融术语含义,2026搜索随机1w,助手语音头部1k,311,1,10000,1000,3.11,0.1,-3.01,-3.378,-2.445,True,共有
11,银行服务信息查询,2026搜索随机1w,助手语音头部1k,905,57,10000,1000,9.05,5.7,-3.35,-4.75,-1.646,True,共有
13,查询黄金价格,2026搜索随机1w,助手语音头部1k,99,46,10000,1000,0.99,4.6,3.61,2.456,5.102,True,共有
14,存贷款利率与利息查询计算,2026搜索随机1w,助手语音头部1k,491,11,10000,1000,4.91,1.1,-3.81,-4.465,-2.86,True,共有
2,保险信息查询,2026搜索随机1w,助手语音头部1k,284,12,10000,1000,2.84,1.2,-1.64,-2.257,-0.702,True,共有
3,证券股吧查询,2026搜索随机1w,助手语音头部1k,90,10,10000,1000,0.9,1.0,0.1,-0.4,0.948,False,共有
33,银行卡业务查询与办理指导,2026搜索随机1w,助手语音头部1k,371,2,10000,1000,3.71,0.2,-3.51,-3.925,-2.876,True,共有
36,下载安装金融类App,2026搜索随机1w,助手语音头部1k,105,2,10000,1000,1.05,0.2,-0.85,-1.113,-0.293,True,共有
37,农业银行及农村信用社服务信息查询,2026搜索随机1w,助手语音头部1k,210,10,10000,1000,2.1,1.0,-1.1,-1.646,-0.228,True,共有
39,查询借款平台正规性,2026搜索随机1w,助手语音头部1k,92,1,10000,1000,0.92,0.1,-0.82,-1.043,-0.326,True,共有
4,查询个股股票信息,2026搜索随机1w,助手语音头部1k,403,219,10000,1000,4.03,21.9,17.87,15.384,20.563,True,共有
40,查询财经门户与市场行情,2026搜索随机1w,助手语音头部1k,324,30,10000,1000,3.24,3.0,-0.24,-1.203,1.053,False,共有
41,查询美元兑日元汇率,2026搜索随机1w,助手语音头部1k,54,11,10000,1000,0.54,1.1,0.56,0.048,1.428,True,共有
42,人民币及货币信息查询,2026搜索随机1w,助手语音头部1k,107,3,10000,1000,1.07,0.3,-0.77,-1.067,-0.163,True,共有
43,实时行情查询,2026搜索随机1w,助手语音头部1k,54,15,10000,1000,0.54,1.5,0.96,0.349,1.928,True,共有
45,查询黄金价格与涨跌,2026搜索随机1w,助手语音头部1k,45,24,10000,1000,0.45,2.4,1.95,1.153,3.102,True,共有
46,查询股票代码与指数信息,2026搜索随机1w,助手语音头部1k,45,19,10000,1000,0.45,1.9,1.45,0.753,2.505,True,共有
48,金融业务操作与问题处理方法查询,2026搜索随机1w,助手语音头部1k,288,0,10000,1000,2.88,0.0,-2.88,-3.226,-2.387,True,a独有
49,查询科技股与科创板信息,2026搜索随机1w,助手语音头部1k,168,9,10000,1000,1.68,0.9,-0.78,-1.285,0.055,False,共有
5,查询市场行情与证券股票信息,2026搜索随机1w,助手语音头部1k,281,90,10000,1000,2.81,9.0,6.19,4.534,8.148,True,共有
51,查询具体标的最新价格行情,2026搜索随机1w,助手语音头部1k,73,15,10000,1000,0.73,1.5,0.77,0.152,1.742,True,共有
52,查询金融业务数值与代码,2026搜索随机1w,助手语音头部1k,123,1,10000,1000,1.23,0.1,-1.13,-1.38,-0.625,True,共有
53,金融行情数据查询,2026搜索随机1w,助手语音头部1k,216,7,10000,1000,2.16,0.7,-1.46,-1.931,-0.675,True,共有
54,查询价格与金额,2026搜索随机1w,助手语音头部1k,205,4,10000,1000,2.05,0.4,-1.65,-2.034,-0.974,True,共有
55,个人征信报告查询与影响咨询,2026搜索随机1w,助手语音头部1k,103,1,10000,1000,1.03,0.1,-0.93,-1.163,-0.432,True,共有
56,查询贷款信息,2026搜索随机1w,助手语音头部1k,262,8,10000,1000,2.62,0.8,-1.82,-2.335,-0.995,True,共有
58,查询办理信用卡业务,2026搜索随机1w,助手语音头部1k,189,5,10000,1000,1.89,0.5,-1.39,-1.795,-0.68,True,共有
59,贷款提前还款查询,2026搜索随机1w,助手语音头部1k,129,1,10000,1000,1.29,0.1,-1.19,-1.444,-0.683,True,共有
6,货币兑换汇率与金额换算查询,2026搜索随机1w,助手语音头部1k,484,61,10000,1000,4.84,6.1,1.26,-0.133,2.966,False,共有
60,花呗操作查询,2026搜索随机1w,助手语音头部1k,82,4,10000,1000,0.82,0.4,-0.42,-0.734,0.224,False,共有
61,贷款月供计算,2026搜索随机1w,助手语音头部1k,78,1,10000,1000,0.78,0.1,-0.68,-0.889,-0.191,True,共有
62,建设银行网点与服务查询,2026搜索随机1w,助手语音头部1k,116,8,10000,1000,1.16,0.8,-0.36,-0.816,0.434,False,共有
63,查询转账与账户业务可行性,2026搜索随机1w,助手语音头部1k,404,3,10000,1000,4.04,0.3,-3.74,-4.19,-3.054,True,共有
64,查询保险相关业务,2026搜索随机1w,助手语音头部1k,218,4,10000,1000,2.18,0.4,-1.78,-2.171,-1.101,True,共有
65,股票行情与选股建议查询,2026搜索随机1w,助手语音头部1k,881,38,10000,1000,8.81,3.8,-5.01,-6.178,-3.535,True,共有
66,基金净值查询,2026搜索随机1w,助手语音头部1k,291,6,10000,1000,2.91,0.6,-2.31,-2.786,-1.541,True,共有
67,查询人寿保险业务信息,2026搜索随机1w,助手语音头部1k,67,5,10000,1000,0.67,0.5,-0.17,-0.508,0.51,False,共有
68,车险购买与理赔咨询,2026搜索随机1w,助手语音头部1k,159,0,10000,1000,1.59,0.0,-1.59,-1.854,-1.145,True,a独有
69,科技类股票信息查询,2026搜索随机1w,助手语音头部1k,62,28,10000,1000,0.62,2.8,2.18,1.307,3.405,True,共有
70,股指行情查询,2026搜索随机1w,助手语音头部1k,78,35,10000,1000,0.78,3.5,2.72,1.728,4.058,True,共有
71,支付宝账户操作查询,2026搜索随机1w,助手语音头部1k,271,8,10000,1000,2.71,0.8,-1.91,-2.428,-1.083,True,共有
72,查询股份公司及股票信息,2026搜索随机1w,助手语音头部1k,118,29,10000,1000,1.18,2.9,1.72,0.817,2.969,True,共有
73,查询价格走势图,2026搜索随机1w,助手语音头部1k,92,18,10000,1000,0.92,1.8,0.88,0.19,1.921,True,共有
8,支付方式使用与设置查询,2026搜索随机1w,助手语音头部1k,123,2,10000,1000,1.23,0.2,-1.03,-1.307,-0.468,True,共有
9,查询股份股票及股吧信息,2026搜索随机1w,助手语音头部1k,38,20,10000,1000,0.38,2.0,1.62,0.904,2.694,True,共有
0,代码与号码信息查询,2026搜索随机1w,助手语音1k,411,25,10000,1000,4.11,2.5,-1.61,-2.508,-0.388,True,共有
1,查询金融术语含义,2026搜索随机1w,助手语音1k,311,22,10000,1000,3.11,2.2,-0.91,-1.735,0.245,False,共有
11,银行服务信息查询,2026搜索随机1w,助手语音1k,905,82,10000,1000,9.05,8.2,-0.85,-2.499,1.093,False,共有
13,查询黄金价格,2026搜索随机1w,助手语音1k,99,13,10000,1000,0.99,1.3,0.31,-0.27,1.238,False,共有
14,存贷款利率与利息查询计算,2026搜索随机1w,助手语音1k,491,38,10000,1000,4.91,3.8,-1.11,-2.22,0.322,False,共有
2,保险信息查询,2026搜索随机1w,助手语音1k,284,28,10000,1000,2.84,2.8,-0.04,-0.962,1.215,False,共有
3,证券股吧查询,2026搜索随机1w,助手语音1k,90,8,10000,1000,0.9,0.8,-0.1,-0.544,0.689,False,共有
33,银行卡业务查询与办理指导,2026搜索随机1w,助手语音1k,371,48,10000,1000,3.71,4.8,1.09,-0.134,2.637,False,共有
36,下载安装金融类App,2026搜索随机1w,助手语音1k,105,5,10000,1000,1.05,0.5,-0.55,-0.911,0.14,False,共有
37,农业银行及农村信用社服务信息查询,2026搜索随机1w,助手语音1k,210,21,10000,1000,2.1,2.1,0.0,-0.782,1.12,False,共有
39,查询借款平台正规性,2026搜索随机1w,助手语音1k,92,5,10000,1000,0.92,0.5,-0.42,-0.773,0.266,False,共有
4,查询个股股票信息,2026搜索随机1w,助手语音1k,403,54,10000,1000,4.03,5.4,1.37,0.068,2.992,True,共有
40,查询财经门户与市场行情,2026搜索随机1w,助手语音1k,324,10,10000,1000,3.24,1.0,-2.24,-2.824,-1.346,True,共有
41,查询美元兑日元汇率,2026搜索随机1w,助手语音1k,54,9,10000,1000,0.54,0.9,0.36,-0.096,1.171,False,共有
42,人民币及货币信息查询,2026搜索随机1w,助手语音1k,107,21,10000,1000,1.07,2.1,1.03,0.274,2.134,True,共有
43,实时行情查询,2026搜索随机1w,助手语音1k,54,0,10000,1000,0.54,0.0,-0.54,-0.704,-0.137,True,a独有
45,查询黄金价格与涨跌,2026搜索随机1w,助手语音1k,45,9,10000,1000,0.45,0.9,0.45,-0.002,1.26,False,共有
46,查询股票代码与指数信息,2026搜索随机1w,助手语音1k,45,5,10000,1000,0.45,0.5,0.05,-0.274,0.725,False,共有
48,金融业务操作与问题处理方法查询,2026搜索随机1w,助手语音1k,288,32,10000,1000,2.88,3.2,0.32,-0.667,1.639,False,共有
49,查询科技股与科创板信息,2026搜索随机1w,助手语音1k,168,9,10000,1000,1.68,0.9,-0.78,-1.285,0.055,False,共有
5,查询市场行情与证券股票信息,2026搜索随机1w,助手语音1k,281,51,10000,1000,2.81,5.1,2.29,1.042,3.864,True,共有
51,查询具体标的最新价格行情,2026搜索随机1w,助手语音1k,73,4,10000,1000,0.73,0.4,-0.33,-0.638,0.311,False,共有
52,查询金融业务数值与代码,2026搜索随机1w,助手语音1k,123,15,10000,1000,1.23,1.5,0.27,-0.364,1.25,False,共有
53,金融行情数据查询,2026搜索随机1w,助手语音1k,216,32,10000,1000,2.16,3.2,1.04,0.067,2.35,True,共有
54,查询价格与金额,2026搜索随机1w,助手语音1k,205,20,10000,1000,2.05,2.0,-0.05,-0.812,1.05,False,共有
55,个人征信报告查询与影响咨询,2026搜索随机1w,助手语音1k,103,5,10000,1000,1.03,0.5,-0.53,-0.89,0.159,False,共有
56,查询贷款信息,2026搜索随机1w,助手语音1k,262,20,10000,1000,2.62,2.0,-0.62,-1.396,0.489,False,共有
58,查询办理信用卡业务,2026搜索随机1w,助手语音1k,189,14,10000,1000,1.89,1.4,-0.49,-1.123,0.479,False,共有
59,贷款提前还款查询,2026搜索随机1w,助手语音1k,129,3,10000,1000,1.29,0.3,-0.99,-1.302,-0.377,True,共有
6,货币兑换汇率与金额换算查询,2026搜索随机1w,助手语音1k,484,102,10000,1000,4.84,10.2,5.36,3.579,7.43,True,共有
60,花呗操作查询,2026搜索随机1w,助手语音1k,82,9,10000,1000,0.82,0.9,0.08,-0.389,0.897,False,共有
61,贷款月供计算,2026搜索随机1w,助手语音1k,78,12,10000,1000,0.78,1.2,0.42,-0.127,1.319,False,共有
62,建设银行网点与服务查询,2026搜索随机1w,助手语音1k,116,12,10000,1000,1.16,1.2,0.04,-0.521,0.946,False,共有
63,查询转账与账户业务可行性,2026搜索随机1w,助手语音1k,404,42,10000,1000,4.04,4.2,0.16,-0.991,1.635,False,共有
64,查询保险相关业务,2026搜索随机1w,助手语音1k,218,21,10000,1000,2.18,2.1,-0.08,-0.864,1.042,False,共有
65,股票行情与选股建议查询,2026搜索随机1w,助手语音1k,881,78,10000,1000,8.81,7.8,-1.01,-2.62,0.896,False,共有
66,基金净值查询,2026搜索随机1w,助手语音1k,291,11,10000,1000,2.91,1.1,-1.81,-2.407,-0.896,True,共有
67,查询人寿保险业务信息,2026搜索随机1w,助手语音1k,67,6,10000,1000,0.67,0.6,-0.07,-0.441,0.647,False,共有
68,车险购买与理赔咨询,2026搜索随机1w,助手语音1k,159,23,10000,1000,1.59,2.3,0.71,-0.097,1.86,False,共有
69,科技类股票信息查询,2026搜索随机1w,助手语音1k,62,7,10000,1000,0.62,0.7,0.08,-0.32,0.83,False,共有
70,股指行情查询,2026搜索随机1w,助手语音1k,78,6,10000,1000,0.78,0.6,-0.18,-0.557,0.54,False,共有
71,支付宝账户操作查询,2026搜索随机1w,助手语音1k,271,33,10000,1000,2.71,3.3,0.59,-0.409,1.922,False,共有
72,查询股份公司及股票信息,2026搜索随机1w,助手语音1k,118,8,10000,1000,1.18,0.8,-0.38,-0.837,0.415,False,共有
73,查询价格走势图,2026搜索随机1w,助手语音1k,92,8,10000,1000,0.92,0.8,-0.12,-0.565,0.669,False,共有
8,支付方式使用与设置查询,2026搜索随机1w,助手语音1k,123,14,10000,1000,1.23,1.4,0.17,-0.441,1.127,False,共有
9,查询股份股票及股吧信息,2026搜索随机1w,助手语音1k,38,0,10000,1000,0.38,0.0,-0.38,-0.521,0.016,False,a独有
0,代码与号码信息查询,助手头部1k,助手随机1k,16,21,950,987,1.684,2.128,0.443,-0.823,1.721,False,共有
1,查询金融术语含义,助手头部1k,助手随机1k,9,20,950,987,0.947,2.026,1.079,-0.024,2.251,False,共有
11,银行服务信息查询,助手头部1k,助手随机1k,63,56,950,987,6.632,5.674,-0.958,-3.136,1.194,False,共有
13,查询黄金价格,助手头部1k,助手随机1k,48,11,950,987,5.053,1.114,-3.938,-5.595,-2.439,True,共有
14,存贷款利率与利息查询计算,助手头部1k,助手随机1k,12,43,950,987,1.263,4.357,3.093,1.647,4.65,True,共有
2,保险信息查询,助手头部1k,助手随机1k,16,23,950,987,1.684,2.33,0.646,-0.645,1.958,False,共有
3,证券股吧查询,助手头部1k,助手随机1k,0,1,950,987,0.0,0.101,0.101,-0.31,0.572,False,b独有
33,银行卡业务查询与办理指导,助手头部1k,助手随机1k,7,23,950,987,0.737,2.33,1.593,0.498,2.797,True,共有
36,下载安装金融类App,助手头部1k,助手随机1k,21,14,950,987,2.211,1.418,-0.792,-2.072,0.423,False,共有
37,农业银行及农村信用社服务信息查询,助手头部1k,助手随机1k,29,14,950,987,3.053,1.418,-1.634,-3.052,-0.314,True,共有
39,查询借款平台正规性,助手头部1k,助手随机1k,13,4,950,987,1.368,0.405,-0.963,-1.953,-0.114,True,共有
4,查询个股股票信息,助手头部1k,助手随机1k,143,28,950,987,15.053,2.837,-12.216,-14.781,-9.752,True,共有
40,查询财经门户与市场行情,助手头部1k,助手随机1k,27,18,950,987,2.842,1.824,-1.018,-2.445,0.345,False,共有
41,查询美元兑日元汇率,助手头部1k,助手随机1k,6,1,950,987,0.632,0.101,-0.53,-1.274,0.051,False,共有
42,人民币及货币信息查询,助手头部1k,助手随机1k,8,7,950,987,0.842,0.709,-0.133,-1.022,0.722,False,共有
43,实时行情查询,助手头部1k,助手随机1k,16,2,950,987,1.684,0.203,-1.482,-2.526,-0.645,True,共有
45,查询黄金价格与涨跌,助手头部1k,助手随机1k,34,7,950,987,3.579,0.709,-2.87,-4.298,-1.616,True,共有
46,查询股票代码与指数信息,助手头部1k,助手随机1k,5,5,950,987,0.526,0.507,-0.02,-0.777,0.718,False,共有
48,金融业务操作与问题处理方法查询,助手头部1k,助手随机1k,8,26,950,987,0.842,2.634,1.792,0.632,3.06,True,共有
49,查询科技股与科创板信息,助手头部1k,助手随机1k,13,30,950,987,1.368,3.04,1.671,0.355,3.059,True,共有
5,查询市场行情与证券股票信息,助手头部1k,助手随机1k,96,9,950,987,10.105,0.912,-9.193,-11.318,-7.256,True,共有
51,查询具体标的最新价格行情,助手头部1k,助手随机1k,20,9,950,987,2.105,0.912,-1.193,-2.397,-0.096,True,共有
52,查询金融业务数值与代码,助手头部1k,助手随机1k,4,29,950,987,0.421,2.938,2.517,1.415,3.793,True,共有
53,金融行情数据查询,助手头部1k,助手随机1k,7,56,950,987,0.737,5.674,4.937,3.441,6.603,True,共有
54,查询价格与金额,助手头部1k,助手随机1k,13,28,950,987,1.368,2.837,1.468,0.176,2.825,True,共有
55,个人征信报告查询与影响咨询,助手头部1k,助手随机1k,5,9,950,987,0.526,0.912,0.386,-0.437,1.252,False,共有
56,查询贷款信息,助手头部1k,助手随机1k,12,20,950,987,1.263,2.026,0.763,-0.409,1.973,False,共有
58,查询办理信用卡业务,助手头部1k,助手随机1k,0,12,950,987,0.0,1.216,1.216,0.559,2.113,True,b独有
59,贷款提前还款查询,助手头部1k,助手随机1k,1,8,950,987,0.105,0.811,0.705,0.074,1.491,True,共有
6,货币兑换汇率与金额换算查询,助手头部1k,助手随机1k,76,20,950,987,8.0,2.026,-5.974,-8.001,-4.074,True,共有
60,花呗操作查询,助手头部1k,助手随机1k,2,5,950,987,0.211,0.507,0.296,-0.329,0.987,False,共有
61,贷款月供计算,助手头部1k,助手随机1k,3,19,950,987,0.316,1.925,1.609,0.69,2.691,True,共有
62,建设银行网点与服务查询,助手头部1k,助手随机1k,3,5,950,987,0.316,0.507,0.191,-0.483,0.896,False,共有
63,查询转账与账户业务可行性,助手头部1k,助手随机1k,8,63,950,987,0.842,6.383,5.541,3.956,7.291,True,共有
64,查询保险相关业务,助手头部1k,助手随机1k,11,19,950,987,1.158,1.925,0.767,-0.369,1.945,False,共有
65,股票行情与选股建议查询,助手头部1k,助手随机1k,62,207,950,987,6.526,20.973,14.446,11.455,17.444,True,共有
66,基金净值查询,助手头部1k,助手随机1k,2,12,950,987,0.211,1.216,1.005,0.246,1.915,True,共有
67,查询人寿保险业务信息,助手头部1k,助手随机1k,2,2,950,987,0.211,0.203,-0.008,-0.581,0.547,False,共有
68,车险购买与理赔咨询,助手头部1k,助手随机1k,4,22,950,987,0.421,2.229,1.808,0.809,2.96,True,共有
69,科技类股票信息查询,助手头部1k,助手随机1k,21,7,950,987,2.211,0.709,-1.501,-2.703,-0.435,True,共有
70,股指行情查询,助手头部1k,助手随机1k,37,8,950,987,3.895,0.811,-3.084,-4.566,-1.771,True,共有
71,支付宝账户操作查询,助手头部1k,助手随机1k,8,8,950,987,0.842,0.811,-0.032,-0.935,0.852,False,共有
72,查询股份公司及股票信息,助手头部1k,助手随机1k,26,14,950,987,2.737,1.418,-1.318,-2.687,-0.037,True,共有
73,查询价格走势图,助手头部1k,助手随机1k,23,29,950,987,2.421,2.938,0.517,-0.962,2.002,False,共有
8,支付方式使用与设置查询,助手头部1k,助手随机1k,3,11,950,987,0.316,1.114,0.799,0.017,1.693,True,共有
9,查询股份股票及股吧信息,助手头部1k,助手随机1k,7,2,950,987,0.737,0.203,-0.534,-1.324,0.12,False,共有
0,代码与号码信息查询,助手头部1k,助手语音头部1k,16,116,950,1000,1.684,11.6,9.916,7.806,12.144,True,共有
1,查询金融术语含义,助手头部1k,助手语音头部1k,9,1,950,1000,0.947,0.1,-0.847,-1.695,-0.202,True,共有
11,银行服务信息查询,助手头部1k,助手语音头部1k,63,57,950,1000,6.632,5.7,-0.932,-3.107,1.214,False,共有
13,查询黄金价格,助手头部1k,助手语音头部1k,48,46,950,1000,5.053,4.6,-0.453,-2.4,1.467,False,共有
14,存贷款利率与利息查询计算,助手头部1k,助手语音头部1k,12,11,950,1000,1.263,1.1,-0.163,-1.213,0.851,False,共有
2,保险信息查询,助手头部1k,助手语音头部1k,16,12,950,1000,1.684,1.2,-0.484,-1.638,0.611,False,共有
3,证券股吧查询,助手头部1k,助手语音头部1k,0,10,950,1000,0.0,1.0,1.0,0.392,1.831,True,b独有
33,银行卡业务查询与办理指导,助手头部1k,助手语音头部1k,7,2,950,1000,0.737,0.2,-0.537,-1.327,0.112,False,共有
36,下载安装金融类App,助手头部1k,助手语音头部1k,21,2,950,1000,2.211,0.2,-2.011,-3.165,-1.086,True,共有
37,农业银行及农村信用社服务信息查询,助手头部1k,助手语音头部1k,29,10,950,1000,3.053,1.0,-2.053,-3.427,-0.814,True,共有
39,查询借款平台正规性,助手头部1k,助手语音头部1k,13,1,950,1000,1.368,0.1,-1.268,-2.231,-0.536,True,共有
4,查询个股股票信息,助手头部1k,助手语音头部1k,143,219,950,1000,15.053,21.9,6.847,3.405,10.263,True,共有
40,查询财经门户与市场行情,助手头部1k,助手语音头部1k,27,30,950,1000,2.842,3.0,0.158,-1.386,1.688,False,共有
41,查询美元兑日元汇率,助手头部1k,助手语音头部1k,6,11,950,1000,0.632,1.1,0.468,-0.416,1.393,False,共有
42,人民币及货币信息查询,助手头部1k,助手语音头部1k,8,3,950,1000,0.842,0.3,-0.542,-1.377,0.17,False,共有
43,实时行情查询,助手头部1k,助手语音头部1k,16,15,950,1000,1.684,1.5,-0.184,-1.374,0.972,False,共有
45,查询黄金价格与涨跌,助手头部1k,助手语音头部1k,34,24,950,1000,3.579,2.4,-1.179,-2.766,0.347,False,共有
46,查询股票代码与指数信息,助手头部1k,助手语音头部1k,5,19,950,1000,0.526,1.9,1.374,0.398,2.465,True,共有
48,金融业务操作与问题处理方法查询,助手头部1k,助手语音头部1k,8,0,950,1000,0.842,0.0,-0.842,-1.653,-0.278,True,a独有
49,查询科技股与科创板信息,助手头部1k,助手语音头部1k,13,9,950,1000,1.368,0.9,-0.468,-1.517,0.513,False,共有
5,查询市场行情与证券股票信息,助手头部1k,助手语音头部1k,96,90,950,1000,10.105,9.0,-1.105,-3.742,1.509,False,共有
51,查询具体标的最新价格行情,助手头部1k,助手语音头部1k,20,15,950,1000,2.105,1.5,-0.605,-1.874,0.606,False,共有
52,查询金融业务数值与代码,助手头部1k,助手语音头部1k,4,1,950,1000,0.421,0.1,-0.321,-0.983,0.21,False,共有
53,金融行情数据查询,助手头部1k,助手语音头部1k,7,7,950,1000,0.737,0.7,-0.037,-0.893,0.793,False,共有
54,查询价格与金额,助手头部1k,助手语音头部1k,13,4,950,1000,1.368,0.4,-0.968,-1.958,-0.125,True,共有
55,个人征信报告查询与影响咨询,助手头部1k,助手语音头部1k,5,1,950,1000,0.526,0.1,-0.426,-1.131,0.127,False,共有
56,查询贷款信息,助手头部1k,助手语音头部1k,12,8,950,1000,1.263,0.8,-0.463,-1.475,0.477,False,共有
58,查询办理信用卡业务,助手头部1k,助手语音头部1k,0,5,950,1000,0.0,0.5,0.5,0.006,1.165,True,b独有
59,贷款提前还款查询,助手头部1k,助手语音头部1k,1,1,950,1000,0.105,0.1,-0.005,-0.501,0.467,False,共有
6,货币兑换汇率与金额换算查询,助手头部1k,助手语音头部1k,76,61,950,1000,8.0,6.1,-1.9,-4.214,0.377,False,共有
60,花呗操作查询,助手头部1k,助手语音头部1k,2,4,950,1000,0.211,0.4,0.189,-0.416,0.832,False,共有
61,贷款月供计算,助手头部1k,助手语音头部1k,3,1,950,1000,0.316,0.1,-0.216,-0.83,0.293,False,共有
62,建设银行网点与服务查询,助手头部1k,助手语音头部1k,3,8,950,1000,0.316,0.8,0.484,-0.241,1.283,False,共有
63,查询转账与账户业务可行性,助手头部1k,助手语音头部1k,8,3,950,1000,0.842,0.3,-0.542,-1.377,0.17,False,共有
64,查询保险相关业务,助手头部1k,助手语音头部1k,11,4,950,1000,1.158,0.4,-0.758,-1.694,0.048,False,共有
65,股票行情与选股建议查询,助手头部1k,助手语音头部1k,62,38,950,1000,6.526,3.8,-2.726,-4.753,-0.764,True,共有
66,基金净值查询,助手头部1k,助手语音头部1k,2,6,950,1000,0.211,0.6,0.389,-0.253,1.109,False,共有
67,查询人寿保险业务信息,助手头部1k,助手语音头部1k,2,5,950,1000,0.211,0.5,0.289,-0.334,0.972,False,共有
68,车险购买与理赔咨询,助手头部1k,助手语音头部1k,4,0,950,1000,0.421,0.0,-0.421,-1.078,0.04,False,a独有
69,科技类股票信息查询,助手头部1k,助手语音头部1k,21,28,950,1000,2.211,2.8,0.589,-0.84,2.024,False,共有
70,股指行情查询,助手头部1k,助手语音头部1k,37,35,950,1000,3.895,3.5,-0.395,-2.122,1.303,False,共有
71,支付宝账户操作查询,助手头部1k,助手语音头部1k,8,8,950,1000,0.842,0.8,-0.042,-0.944,0.833,False,共有
72,查询股份公司及股票信息,助手头部1k,助手语音头部1k,26,29,950,1000,2.737,2.9,0.163,-1.356,1.669,False,共有
73,查询价格走势图,助手头部1k,助手语音头部1k,23,18,950,1000,2.421,1.8,-0.621,-1.977,0.683,False,共有
8,支付方式使用与设置查询,助手头部1k,助手语音头部1k,3,2,950,1000,0.316,0.2,-0.116,-0.741,0.45,False,共有
9,查询股份股票及股吧信息,助手头部1k,助手语音头部1k,7,20,950,1000,0.737,2.0,1.263,0.217,2.398,True,共有
0,代码与号码信息查询,助手头部1k,助手语音1k,16,25,950,1000,1.684,2.5,0.816,-0.492,2.147,False,共有
1,查询金融术语含义,助手头部1k,助手语音1k,9,22,950,1000,0.947,2.2,1.253,0.129,2.448,True,共有
11,银行服务信息查询,助手头部1k,助手语音1k,63,82,950,1000,6.632,8.2,1.568,-0.776,3.909,False,共有
13,查询黄金价格,助手头部1k,助手语音1k,48,13,950,1000,5.053,1.3,-3.753,-5.425,-2.229,True,共有
14,存贷款利率与利息查询计算,助手头部1k,助手语音1k,12,38,950,1000,1.263,3.8,2.537,1.156,4.012,True,共有
2,保险信息查询,助手头部1k,助手语音1k,16,28,950,1000,1.684,2.8,1.116,-0.226,2.493,False,共有
3,证券股吧查询,助手头部1k,助手语音1k,0,8,950,1000,0.0,0.8,0.8,0.237,1.571,True,b独有
33,银行卡业务查询与办理指导,助手头部1k,助手语音1k,7,48,950,1000,0.737,4.8,4.063,2.667,5.617,True,共有
36,下载安装金融类App,助手头部1k,助手语音1k,21,5,950,1000,2.211,0.5,-1.711,-2.891,-0.7,True,共有
37,农业银行及农村信用社服务信息查询,助手头部1k,助手语音1k,29,21,950,1000,3.053,2.1,-0.953,-2.437,0.472,False,共有
39,查询借款平台正规性,助手头部1k,助手语音1k,13,5,950,1000,1.368,0.5,-0.868,-1.869,0.006,False,共有
4,查询个股股票信息,助手头部1k,助手语音1k,143,54,950,1000,15.053,5.4,-9.653,-12.366,-6.999,True,共有
40,查询财经门户与市场行情,助手头部1k,助手语音1k,27,10,950,1000,2.842,1.0,-1.842,-3.183,-0.631,True,共有
41,查询美元兑日元汇率,助手头部1k,助手语音1k,6,9,950,1000,0.632,0.9,0.268,-0.585,1.14,False,共有
42,人民币及货币信息查询,助手头部1k,助手语音1k,8,21,950,1000,0.842,2.1,1.258,0.172,2.423,True,共有
43,实时行情查询,助手头部1k,助手语音1k,16,0,950,1000,1.684,0.0,-1.684,-2.718,-0.934,True,a独有
45,查询黄金价格与涨跌,助手头部1k,助手语音1k,34,9,950,1000,3.579,0.9,-2.679,-4.124,-1.392,True,共有
46,查询股票代码与指数信息,助手头部1k,助手语音1k,5,5,950,1000,0.526,0.5,-0.026,-0.782,0.704,False,共有
48,金融业务操作与问题处理方法查询,助手头部1k,助手语音1k,8,32,950,1000,0.842,3.2,2.358,1.128,3.706,True,共有
49,查询科技股与科创板信息,助手头部1k,助手语音1k,13,9,950,1000,1.368,0.9,-0.468,-1.517,0.513,False,共有
5,查询市场行情与证券股票信息,助手头部1k,助手语音1k,96,51,950,1000,10.105,5.1,-5.005,-7.407,-2.665,True,共有
51,查询具体标的最新价格行情,助手头部1k,助手语音1k,20,4,950,1000,2.105,0.4,-1.705,-2.856,-0.739,True,共有
52,查询金融业务数值与代码,助手头部1k,助手语音1k,4,15,950,1000,0.421,1.5,1.079,0.197,2.073,True,共有
53,金融行情数据查询,助手头部1k,助手语音1k,7,32,950,1000,0.737,3.2,2.463,1.256,3.801,True,共有
54,查询价格与金额,助手头部1k,助手语音1k,13,20,950,1000,1.368,2.0,0.632,-0.556,1.842,False,共有
55,个人征信报告查询与影响咨询,助手头部1k,助手语音1k,5,5,950,1000,0.526,0.5,-0.026,-0.782,0.704,False,共有
56,查询贷款信息,助手头部1k,助手语音1k,12,20,950,1000,1.263,2.0,0.737,-0.429,1.934,False,共有
58,查询办理信用卡业务,助手头部1k,助手语音1k,0,14,950,1000,0.0,1.4,1.4,0.707,2.336,True,b独有
59,贷款提前还款查询,助手头部1k,助手语音1k,1,3,950,1000,0.105,0.3,0.195,-0.332,0.779,False,共有
6,货币兑换汇率与金额换算查询,助手头部1k,助手语音1k,76,102,950,1000,8.0,10.2,2.2,-0.366,4.761,False,共有
60,花呗操作查询,助手头部1k,助手语音1k,2,9,950,1000,0.211,0.9,0.689,-0.009,1.505,False,共有
61,贷款月供计算,助手头部1k,助手语音1k,3,12,950,1000,0.316,1.2,0.884,0.089,1.794,True,共有
62,建设银行网点与服务查询,助手头部1k,助手语音1k,3,12,950,1000,0.316,1.2,0.884,0.089,1.794,True,共有
63,查询转账与账户业务可行性,助手头部1k,助手语音1k,8,42,950,1000,0.842,4.2,3.358,2.009,4.845,True,共有
64,查询保险相关业务,助手头部1k,助手语音1k,11,21,950,1000,1.158,2.1,0.942,-0.215,2.145,False,共有
65,股票行情与选股建议查询,助手头部1k,助手语音1k,62,78,950,1000,6.526,7.8,1.274,-1.036,3.578,False,共有
66,基金净值查询,助手头部1k,助手语音1k,2,11,950,1000,0.211,1.1,0.889,0.154,1.762,True,共有
67,查询人寿保险业务信息,助手头部1k,助手语音1k,2,6,950,1000,0.211,0.6,0.389,-0.253,1.109,False,共有
68,车险购买与理赔咨询,助手头部1k,助手语音1k,4,23,950,1000,0.421,2.3,1.879,0.873,3.036,True,共有
69,科技类股票信息查询,助手头部1k,助手语音1k,21,7,950,1000,2.211,0.7,-1.511,-2.711,-0.451,True,共有
70,股指行情查询,助手头部1k,助手语音1k,37,6,950,1000,3.895,0.6,-3.295,-4.759,-2.026,True,共有
71,支付宝账户操作查询,助手头部1k,助手语音1k,8,33,950,1000,0.842,3.3,2.458,1.216,3.821,True,共有
72,查询股份公司及股票信息,助手头部1k,助手语音1k,26,8,950,1000,2.737,0.8,-1.937,-3.241,-0.78,True,共有
73,查询价格走势图,助手头部1k,助手语音1k,23,8,950,1000,2.421,0.8,-1.621,-2.871,-0.508,True,共有
8,支付方式使用与设置查询,助手头部1k,助手语音1k,3,14,950,1000,0.316,1.4,1.084,0.254,2.043,True,共有
9,查询股份股票及股吧信息,助手头部1k,助手语音1k,7,0,950,1000,0.737,0.0,-0.737,-1.513,-0.198,True,a独有
0,代码与号码信息查询,助手随机1k,助手语音头部1k,21,116,987,1000,2.128,11.6,9.472,7.328,11.728,True,共有
1,查询金融术语含义,助手随机1k,助手语音头部1k,20,1,987,1000,2.026,0.1,-1.926,-3.012,-1.077,True,共有
11,银行服务信息查询,助手随机1k,助手语音头部1k,56,57,987,1000,5.674,5.7,0.026,-2.037,2.085,False,共有
13,查询黄金价格,助手随机1k,助手语音头部1k,11,46,987,1000,1.114,4.6,3.486,2.056,5.046,True,共有
14,存贷款利率与利息查询计算,助手随机1k,助手语音头部1k,43,11,987,1000,4.357,1.1,-3.257,-4.795,-1.856,True,共有
2,保险信息查询,助手随机1k,助手语音头部1k,23,12,987,1000,2.33,1.2,-1.13,-2.382,0.045,False,共有
3,证券股吧查询,助手随机1k,助手语音头部1k,1,10,987,1000,0.101,1.0,0.899,0.244,1.734,True,共有
33,银行卡业务查询与办理指导,助手随机1k,助手语音头部1k,23,2,987,1000,2.33,0.2,-2.13,-3.282,-1.196,True,共有
36,下载安装金融类App,助手随机1k,助手语音头部1k,14,2,987,1000,1.418,0.2,-1.218,-2.178,-0.441,True,共有
37,农业银行及农村信用社服务信息查询,助手随机1k,助手语音头部1k,14,10,987,1000,1.418,1.0,-0.418,-1.471,0.59,False,共有
39,查询借款平台正规性,助手随机1k,助手语音头部1k,4,1,987,1000,0.405,0.1,-0.305,-0.943,0.221,False,共有
4,查询个股股票信息,助手随机1k,助手语音头部1k,28,219,987,1000,2.837,21.9,19.063,16.318,21.869,True,共有
40,查询财经门户与市场行情,助手随机1k,助手语音头部1k,18,30,987,1000,1.824,3.0,1.176,-0.193,2.593,False,共有
41,查询美元兑日元汇率,助手随机1k,助手语音头部1k,1,11,987,1000,0.101,1.1,0.999,0.323,1.862,True,共有
42,人民币及货币信息查询,助手随机1k,助手语音头部1k,7,3,987,1000,0.709,0.3,-0.409,-1.182,0.275,False,共有
43,实时行情查询,助手随机1k,助手语音头部1k,2,15,987,1000,0.203,1.5,1.297,0.503,2.269,True,共有
45,查询黄金价格与涨跌,助手随机1k,助手语音头部1k,7,24,987,1000,0.709,2.4,1.691,0.609,2.894,True,共有
46,查询股票代码与指数信息,助手随机1k,助手语音头部1k,5,19,987,1000,0.507,1.9,1.393,0.436,2.481,True,共有
48,金融业务操作与问题处理方法查询,助手随机1k,助手语音头部1k,26,0,987,1000,2.634,0.0,-2.634,-3.832,-1.72,True,a独有
49,查询科技股与科创板信息,助手随机1k,助手语音头部1k,30,9,987,1000,3.04,0.9,-2.14,-3.476,-0.933,True,共有
5,查询市场行情与证券股票信息,助手随机1k,助手语音头部1k,9,90,987,1000,0.912,9.0,8.088,6.276,10.07,True,共有
51,查询具体标的最新价格行情,助手随机1k,助手语音头部1k,9,15,987,1000,0.912,1.5,0.588,-0.415,1.641,False,共有
52,查询金融业务数值与代码,助手随机1k,助手语音头部1k,29,1,987,1000,2.938,0.1,-2.838,-4.091,-1.839,True,共有
53,金融行情数据查询,助手随机1k,助手语音头部1k,56,7,987,1000,5.674,0.7,-4.974,-6.636,-3.497,True,共有
54,查询价格与金额,助手随机1k,助手语音头部1k,28,4,987,1000,2.837,0.4,-2.437,-3.694,-1.369,True,共有
55,个人征信报告查询与影响咨询,助手随机1k,助手语音头部1k,9,1,987,1000,0.912,0.1,-0.812,-1.628,-0.178,True,共有
56,查询贷款信息,助手随机1k,助手语音头部1k,20,8,987,1000,2.026,0.8,-1.226,-2.379,-0.178,True,共有
58,查询办理信用卡业务,助手随机1k,助手语音头部1k,12,5,987,1000,1.216,0.5,-0.716,-1.658,0.128,False,共有
59,贷款提前还款查询,助手随机1k,助手语音头部1k,8,1,987,1000,0.811,0.1,-0.711,-1.496,-0.098,True,共有
6,货币兑换汇率与金额换算查询,助手随机1k,助手语音头部1k,20,61,987,1000,2.026,6.1,4.074,2.365,5.878,True,共有
60,花呗操作查询,助手随机1k,助手语音头部1k,5,4,987,1000,0.507,0.4,-0.107,-0.823,0.581,False,共有
61,贷款月供计算,助手随机1k,助手语音头部1k,19,1,987,1000,1.925,0.1,-1.825,-2.89,-0.994,True,共有
62,建设银行网点与服务查询,助手随机1k,助手语音头部1k,5,8,987,1000,0.507,0.8,0.293,-0.487,1.117,False,共有
63,查询转账与账户业务可行性,助手随机1k,助手语音头部1k,63,3,987,1000,6.383,0.3,-6.083,-7.795,-4.603,True,共有
64,查询保险相关业务,助手随机1k,助手语音头部1k,19,4,987,1000,1.925,0.4,-1.525,-2.615,-0.595,True,共有
65,股票行情与选股建议查询,助手随机1k,助手语音头部1k,207,38,987,1000,20.973,3.8,-17.173,-20.012,-14.386,True,共有
66,基金净值查询,助手随机1k,助手语音头部1k,12,6,987,1000,1.216,0.6,-0.616,-1.57,0.258,False,共有
67,查询人寿保险业务信息,助手随机1k,助手语音头部1k,2,5,987,1000,0.203,0.5,0.297,-0.308,0.979,False,共有
68,车险购买与理赔咨询,助手随机1k,助手语音头部1k,22,0,987,1000,2.229,0.0,-2.229,-3.352,-1.385,True,a独有
69,科技类股票信息查询,助手随机1k,助手语音头部1k,7,28,987,1000,0.709,2.8,2.091,0.955,3.361,True,共有
70,股指行情查询,助手随机1k,助手语音头部1k,8,35,987,1000,0.811,3.5,2.689,1.442,4.077,True,共有
71,支付宝账户操作查询,助手随机1k,助手语音头部1k,8,8,987,1000,0.811,0.8,-0.011,-0.885,0.857,False,共有
72,查询股份公司及股票信息,助手随机1k,助手语音头部1k,14,29,987,1000,1.418,2.9,1.482,0.192,2.841,True,共有
73,查询价格走势图,助手随机1k,助手语音头部1k,29,18,987,1000,2.938,1.8,-1.138,-2.551,0.218,False,共有
8,支付方式使用与设置查询,助手随机1k,助手语音头部1k,11,2,987,1000,1.114,0.2,-0.914,-1.797,-0.195,True,共有
9,查询股份股票及股吧信息,助手随机1k,助手语音头部1k,2,20,987,1000,0.203,2.0,1.797,0.916,2.876,True,共有
0,代码与号码信息查询,助手随机1k,助手语音1k,21,25,987,1000,2.128,2.5,0.372,-0.991,1.748,False,共有
1,查询金融术语含义,助手随机1k,助手语音1k,20,22,987,1000,2.026,2.2,0.174,-1.139,1.491,False,共有
11,银行服务信息查询,助手随机1k,助手语音1k,56,82,987,1000,5.674,8.2,2.526,0.286,4.787,True,共有
13,查询黄金价格,助手随机1k,助手语音1k,11,13,987,1000,1.114,1.3,0.186,-0.838,1.221,False,共有
14,存贷款利率与利息查询计算,助手随机1k,助手语音1k,43,38,987,1000,4.357,3.8,-0.557,-2.337,1.206,False,共有
2,保险信息查询,助手随机1k,助手语音1k,23,28,987,1000,2.33,2.8,0.47,-0.958,1.911,False,共有
3,证券股吧查询,助手随机1k,助手语音1k,1,8,987,1000,0.101,0.8,0.699,0.085,1.474,True,共有
33,银行卡业务查询与办理指导,助手随机1k,助手语音1k,23,48,987,1000,2.33,4.8,2.47,0.841,4.163,True,共有
36,下载安装金融类App,助手随机1k,助手语音1k,14,5,987,1000,1.418,0.5,-0.918,-1.909,-0.041,True,共有
37,农业银行及农村信用社服务信息查询,助手随机1k,助手语音1k,14,21,987,1000,1.418,2.1,0.682,-0.511,1.912,False,共有
39,查询借款平台正规性,助手随机1k,助手语音1k,4,5,987,1000,0.405,0.5,0.095,-0.599,0.804,False,共有
4,查询个股股票信息,助手随机1k,助手语音1k,28,54,987,1000,2.837,5.4,2.563,0.816,4.365,True,共有
40,查询财经门户与市场行情,助手随机1k,助手语音1k,18,10,987,1000,1.824,1.0,-0.824,-1.96,0.242,False,共有
41,查询美元兑日元汇率,助手随机1k,助手语音1k,1,9,987,1000,0.101,0.9,0.799,0.164,1.605,True,共有
42,人民币及货币信息查询,助手随机1k,助手语音1k,7,21,987,1000,0.709,2.1,1.391,0.351,2.539,True,共有
43,实时行情查询,助手随机1k,助手语音1k,2,0,987,1000,0.203,0.0,-0.203,-0.736,0.207,False,a独有
45,查询黄金价格与涨跌,助手随机1k,助手语音1k,7,9,987,1000,0.709,0.9,0.191,-0.669,1.072,False,共有
46,查询股票代码与指数信息,助手随机1k,助手语音1k,5,5,987,1000,0.507,0.5,-0.007,-0.739,0.719,False,共有
48,金融业务操作与问题处理方法查询,助手随机1k,助手语音1k,26,32,987,1000,2.634,3.2,0.566,-0.947,2.094,False,共有
49,查询科技股与科创板信息,助手随机1k,助手语音1k,30,9,987,1000,3.04,0.9,-2.14,-3.476,-0.933,True,共有
5,查询市场行情与证券股票信息,助手随机1k,助手语音1k,9,51,987,1000,0.912,5.1,4.188,2.739,5.791,True,共有
51,查询具体标的最新价格行情,助手随机1k,助手语音1k,9,4,987,1000,0.912,0.4,-0.512,-1.36,0.247,False,共有
52,查询金融业务数值与代码,助手随机1k,助手语音1k,29,15,987,1000,2.938,1.5,-1.438,-2.82,-0.133,True,共有
53,金融行情数据查询,助手随机1k,助手语音1k,56,32,987,1000,5.674,3.2,-2.474,-4.341,-0.663,True,共有
54,查询价格与金额,助手随机1k,助手语音1k,28,20,987,1000,2.837,2.0,-0.837,-2.255,0.539,False,共有
55,个人征信报告查询与影响咨询,助手随机1k,助手语音1k,9,5,987,1000,0.912,0.5,-0.412,-1.273,0.381,False,共有
56,查询贷款信息,助手随机1k,助手语音1k,20,20,987,1000,2.026,2.0,-0.026,-1.317,1.257,False,共有
58,查询办理信用卡业务,助手随机1k,助手语音1k,12,14,987,1000,1.216,1.4,0.184,-0.876,1.255,False,共有
59,贷款提前还款查询,助手随机1k,助手语音1k,8,3,987,1000,0.811,0.3,-0.511,-1.316,0.192,False,共有
6,货币兑换汇率与金额换算查询,助手随机1k,助手语音1k,20,102,987,1000,2.026,10.2,8.174,6.136,10.325,True,共有
60,花呗操作查询,助手随机1k,助手语音1k,5,9,987,1000,0.507,0.9,0.393,-0.404,1.246,False,共有
61,贷款月供计算,助手随机1k,助手语音1k,19,12,987,1000,1.925,1.2,-0.725,-1.904,0.397,False,共有
62,建设银行网点与服务查询,助手随机1k,助手语音1k,5,12,987,1000,0.507,1.2,0.693,-0.153,1.625,False,共有
63,查询转账与账户业务可行性,助手随机1k,助手语音1k,63,42,987,1000,6.383,4.2,-2.183,-4.196,-0.209,True,共有
64,查询保险相关业务,助手随机1k,助手语音1k,19,21,987,1000,1.925,2.1,0.175,-1.109,1.464,False,共有
65,股票行情与选股建议查询,助手随机1k,助手语音1k,207,78,987,1000,20.973,7.8,-13.173,-16.22,-10.136,True,共有
66,基金净值查询,助手随机1k,助手语音1k,12,11,987,1000,1.216,1.1,-0.116,-1.136,0.888,False,共有
67,查询人寿保险业务信息,助手随机1k,助手语音1k,2,6,987,1000,0.203,0.6,0.397,-0.227,1.115,False,共有
68,车险购买与理赔咨询,助手随机1k,助手语音1k,22,23,987,1000,2.229,2.3,0.071,-1.286,1.427,False,共有
69,科技类股票信息查询,助手随机1k,助手语音1k,7,7,987,1000,0.709,0.7,-0.009,-0.839,0.814,False,共有
70,股指行情查询,助手随机1k,助手语音1k,8,6,987,1000,0.811,0.6,-0.211,-1.056,0.598,False,共有
71,支付宝账户操作查询,助手随机1k,助手语音1k,8,33,987,1000,0.811,3.3,2.489,1.267,3.848,True,共有
72,查询股份公司及股票信息,助手随机1k,助手语音1k,14,8,987,1000,1.418,0.8,-0.618,-1.645,0.341,False,共有
73,查询价格走势图,助手随机1k,助手语音1k,29,8,987,1000,2.938,0.8,-2.138,-3.449,-0.965,True,共有
8,支付方式使用与设置查询,助手随机1k,助手语音1k,11,14,987,1000,1.114,1.4,0.286,-0.752,1.343,False,共有
9,查询股份股票及股吧信息,助手随机1k,助手语音1k,2,0,987,1000,0.203,0.0,-0.203,-0.736,0.207,False,a独有
0,代码与号码信息查询,助手语音头部1k,助手语音1k,116,25,1000,1000,11.6,2.5,-9.1,-11.379,-6.923,True,共有
1,查询金融术语含义,助手语音头部1k,助手语音1k,1,22,1000,1000,0.1,2.2,2.1,1.224,3.212,True,共有
11,银行服务信息查询,助手语音头部1k,助手语音1k,57,82,1000,1000,5.7,8.2,2.5,0.266,4.759,True,共有
13,查询黄金价格,助手语音头部1k,助手语音1k,46,13,1000,1000,4.6,1.3,-3.3,-4.876,-1.845,True,共有
14,存贷款利率与利息查询计算,助手语音头部1k,助手语音1k,11,38,1000,1000,1.1,3.8,2.7,1.367,4.156,True,共有
2,保险信息查询,助手语音头部1k,助手语音1k,12,28,1000,1000,1.2,2.8,1.6,0.368,2.92,True,共有
3,证券股吧查询,助手语音头部1k,助手语音1k,10,8,1000,1000,1.0,0.8,-0.2,-1.12,0.695,False,共有
33,银行卡业务查询与办理指导,助手语音头部1k,助手语音1k,2,48,1000,1000,0.2,4.8,4.6,3.326,6.114,True,共有
36,下载安装金融类App,助手语音头部1k,助手语音1k,2,5,1000,1000,0.2,0.5,0.3,-0.299,0.981,False,共有
37,农业银行及农村信用社服务信息查询,助手语音头部1k,助手语音1k,10,21,1000,1000,1.0,2.1,1.1,-0.001,2.281,False,共有
39,查询借款平台正规性,助手语音头部1k,助手语音1k,1,5,1000,1000,0.1,0.5,0.4,-0.145,1.07,False,共有
4,查询个股股票信息,助手语音头部1k,助手语音1k,219,54,1000,1000,21.9,5.4,-16.5,-19.441,-13.583,True,共有
40,查询财经门户与市场行情,助手语音头部1k,助手语音1k,30,10,1000,1000,3.0,1.0,-2.0,-3.331,-0.782,True,共有
41,查询美元兑日元汇率,助手语音头部1k,助手语音1k,11,9,1000,1000,1.1,0.9,-0.2,-1.159,0.737,False,共有
42,人民币及货币信息查询,助手语音头部1k,助手语音1k,3,21,1000,1000,0.3,2.1,1.8,0.875,2.907,True,共有
43,实时行情查询,助手语音头部1k,助手语音1k,15,0,1000,1000,1.5,0.0,-1.5,-2.46,-0.798,True,a独有
45,查询黄金价格与涨跌,助手语音头部1k,助手语音1k,24,9,1000,1000,2.4,0.9,-1.5,-2.723,-0.38,True,共有
46,查询股票代码与指数信息,助手语音头部1k,助手语音1k,19,5,1000,1000,1.9,0.5,-1.4,-2.487,-0.449,True,共有
48,金融业务操作与问题处理方法查询,助手语音头部1k,助手语音1k,0,32,1000,1000,0.0,3.2,3.2,2.2,4.482,True,b独有
49,查询科技股与科创板信息,助手语音头部1k,助手语音1k,9,9,1000,1000,0.9,0.9,0.0,-0.908,0.908,False,共有
5,查询市场行情与证券股票信息,助手语音头部1k,助手语音1k,90,51,1000,1000,9.0,5.1,-3.9,-6.176,-1.662,True,共有
51,查询具体标的最新价格行情,助手语音头部1k,助手语音1k,15,4,1000,1000,1.5,0.4,-1.1,-2.091,-0.242,True,共有
52,查询金融业务数值与代码,助手语音头部1k,助手语音1k,1,15,1000,1000,0.1,1.5,1.4,0.65,2.364,True,共有
53,金融行情数据查询,助手语音头部1k,助手语音1k,7,32,1000,1000,0.7,3.2,2.5,1.317,3.832,True,共有
54,查询价格与金额,助手语音头部1k,助手语音1k,4,20,1000,1000,0.4,2.0,1.6,0.661,2.697,True,共有
55,个人征信报告查询与影响咨询,助手语音头部1k,助手语音1k,1,5,1000,1000,0.1,0.5,0.4,-0.145,1.07,False,共有
56,查询贷款信息,助手语音头部1k,助手语音1k,8,20,1000,1000,0.8,2.0,1.2,0.158,2.339,True,共有
58,查询办理信用卡业务,助手语音头部1k,助手语音1k,5,14,1000,1000,0.5,1.4,0.9,0.028,1.879,True,共有
59,贷款提前还款查询,助手语音头部1k,助手语音1k,1,3,1000,1000,0.1,0.3,0.2,-0.305,0.784,False,共有
6,货币兑换汇率与金额换算查询,助手语音头部1k,助手语音1k,61,102,1000,1000,6.1,10.2,4.1,1.707,6.523,True,共有
60,花呗操作查询,助手语音头部1k,助手语音1k,4,9,1000,1000,0.4,0.9,0.5,-0.255,1.338,False,共有
61,贷款月供计算,助手语音头部1k,助手语音1k,1,12,1000,1000,0.1,1.2,1.1,0.409,1.99,True,共有
62,建设银行网点与服务查询,助手语音头部1k,助手语音1k,8,12,1000,1000,0.8,1.2,0.4,-0.525,1.369,False,共有
63,查询转账与账户业务可行性,助手语音头部1k,助手语音1k,3,42,1000,1000,0.3,4.2,3.9,2.677,5.342,True,共有
64,查询保险相关业务,助手语音头部1k,助手语音1k,4,21,1000,1000,0.4,2.1,1.7,0.745,2.816,True,共有
65,股票行情与选股建议查询,助手语音头部1k,助手语音1k,38,78,1000,1000,3.8,7.8,4.0,1.963,6.093,True,共有
66,基金净值查询,助手语音头部1k,助手语音1k,6,11,1000,1000,0.6,1.1,0.5,-0.354,1.418,False,共有
67,查询人寿保险业务信息,助手语音头部1k,助手语音1k,5,6,1000,1000,0.5,0.6,0.1,-0.64,0.859,False,共有
68,车险购买与理赔咨询,助手语音头部1k,助手语音1k,0,23,1000,1000,0.0,2.3,2.3,1.447,3.428,True,b独有
69,科技类股票信息查询,助手语音头部1k,助手语音1k,28,7,1000,1000,2.8,0.7,-2.1,-3.369,-0.97,True,共有
70,股指行情查询,助手语音头部1k,助手语音1k,35,6,1000,1000,3.5,0.6,-2.9,-4.268,-1.7,True,共有
71,支付宝账户操作查询,助手语音头部1k,助手语音1k,8,33,1000,1000,0.8,3.3,2.5,1.284,3.857,True,共有
72,查询股份公司及股票信息,助手语音头部1k,助手语音1k,29,8,1000,1000,2.9,0.8,-2.1,-3.395,-0.935,True,共有
73,查询价格走势图,助手语音头部1k,助手语音1k,18,8,1000,1000,1.8,0.8,-1.0,-2.1,0.014,False,共有
8,支付方式使用与设置查询,助手语音头部1k,助手语音1k,2,14,1000,1000,0.2,1.4,1.2,0.428,2.147,True,共有
9,查询股份股票及股吧信息,助手语音头部1k,助手语音1k,20,0,1000,1000,2.0,0.0,-2.0,-3.069,-1.201,True,a独有
