domain,source,core,query,added_chars,core_td,wrap_td,same_intent
金融,assistant_top,上证指数,000001上证指数,6,查询金融资产实时行情,查询金融资产实时行情,True
金融,assistant_top,人民币,1欧元等于多少人民币,7,其他或无法判定的非金融查询,计算具体金额或利率,False
金融,assistant_top,人民币,1美元等于人民币,5,其他或无法判定的非金融查询,计算具体金额或利率,False
金融,assistant_top,人民币,200万台币=人民币,7,其他或无法判定的非金融查询,计算具体金额或利率,False
金融,assistant_top,新台币,200万新台币,4,查询金融资产实时行情,计算具体金额或利率,False
金融,assistant_top,新台币,200万新台币多少人民币,9,查询金融资产实时行情,计算具体金额或利率,False
金融,assistant_top,新台币,200万新台币多少钱,7,查询金融资产实时行情,计算具体金额或利率,False
金融,assistant_top,今日金价多少一克,2026今日金价多少一克,4,查询金融资产实时行情,查询金融资产实时行情,True
金融,assistant_top,黄金价格,2026年9月黄金价格预测,9,查询金融资产实时行情,寻求个股买卖与持有决策建议,False
金融,assistant_top,银行利息,2026年哪个银行利息最高,9,解释金融术语与基础规则,比较同类金融产品并择优,False
金融,assistant_top,银行利息,2026年哪家银行利息最高,9,解释金融术语与基础规则,比较同类金融产品并择优,False
金融,assistant_top,银行利率,2026年哪家银行利率最高,9,查询金融资产实时行情,比较同类金融产品并择优,False
金融,assistant_top,黄金价格,2026年黄金价格预测,7,查询金融资产实时行情,寻求个股买卖与持有决策建议,False
金融,assistant_top,蚂蚁庄园答案,8月29日蚂蚁庄园答案,5,获取每日答题活动答案,获取每日答题活动答案,True
金融,assistant_top,ipo,A股ipo最新名单,6,其他或无法判定的非金融查询,其他或无法判定的非金融查询,True
金融,assistant_top,a股今日大盘,a股今日大盘股市行情,4,查询金融资产实时行情,查询金融资产实时行情,True
金融,assistant_top,大盘走势,a股大盘走势分析,4,查询历史价格走势图,查询历史价格走势图,True
金融,assistant_top,股市行情,a股股市行情,2,查询金融资产实时行情,查询金融资产实时行情,True
金融,assistant_top,人民币,一欧元等于多少人民币？,8,其他或无法判定的非金融查询,计算具体金额或利率,False
金融,assistant_top,人民币,一美元等于多少人民币,7,其他或无法判定的非金融查询,计算具体金额或利率,False
金融,assistant_top,人民币,一美元等于多少人民币？,8,其他或无法判定的非金融查询,计算具体金额或利率,False
金融,assistant_top,人民币,一英镑等于多少人民币？,8,其他或无法判定的非金融查询,计算具体金额或利率,False
金融,assistant_top,美股指数,三大美股指数,2,查询金融资产实时行情,查询金融资产实时行情,True
金融,assistant_top,建工股票,上海建工股票,2,查询金融资产实时行情,查询金融资产实时行情,True
金融,assistant_top,上证指数,上证指数未来走势如何,6,查询金融资产实时行情,寻求个股买卖与持有决策建议,False
金融,assistant_top,支付宝,下载支付宝,2,其他或无法判定的非金融查询,查找官方渠道与客服入口,False
金融,assistant_top,黄金价格,世界黄金协会预测黄金价格,8,查询金融资产实时行情,寻求个股买卖与持有决策建议,False
金融,assistant_top,东方财富,东方财富官方网站,4,查询金融资产实时行情,查找官方渠道与客服入口,False
金融,assistant_top,东方财富网,东方财富网官方网页,4,查找官方渠道与客服入口,查找官方渠道与客服入口,True
金融,assistant_top,东方财富网,东方财富网首页,2,查找官方渠道与客服入口,查找官方渠道与客服入口,True
金融,assistant_top,中信证券,中信证券下载app,5,查询金融资产实时行情,查找官方渠道与客服入口,False
金融,assistant_top,中国人寿,中国人寿雇主责任险,5,其他或无法判定的非金融查询,查找官方渠道与客服入口,False
金融,assistant_top,农业银行,中国农业银行,2,其他或无法判定的非金融查询,其他或无法判定的非金融查询,True
金融,assistant_top,中国工商银行,中国工商银行不够三百扣钱,6,其他或无法判定的非金融查询,处置账户异常与非预期扣款,False
金融,assistant_top,巨石股票,中国巨石股票,2,查询金融资产实时行情,查询金融资产实时行情,True
金融,assistant_top,中国平安,中国平安股票,2,其他或无法判定的非金融查询,查询金融资产实时行情,False
金融,assistant_top,中国平安,中国平安雇主责任险,5,其他或无法判定的非金融查询,查找官方渠道与客服入口,False
金融,assistant_top,建设银行,中国建设银行,2,查找官方渠道与客服入口,查找官方渠道与客服入口,True
金融,assistant_top,神华股票,中国神华股票,2,查询金融资产实时行情,查询金融资产实时行情,True
金融,assistant_top,中国能建,中国能建股票,2,查询金融资产实时行情,查询金融资产实时行情,True
金融,assistant_top,邮政银行,中国邮政银行短信提醒服务收费吗,11,其他或无法判定的非金融查询,判定信贷产品账单与征信规则,False
金融,assistant_top,中国银行,中国银行股票,2,其他或无法判定的非金融查询,查询金融资产实时行情,False
金融,assistant_top,京东方a,京东方a股票,2,查询金融资产实时行情,查询金融资产实时行情,True
金融,assistant_top,京东金融,京东金融借钱平台,4,核实金融平台真伪与合法性,核实金融平台真伪与合法性,True
金融,assistant_top,人寿保险,人寿保险app下载,5,其他或无法判定的非金融查询,查找官方渠道与客服入口,False
金融,assistant_top,人民币,人民币兑换日元,4,其他或无法判定的非金融查询,查询金融资产实时行情,False
金融,assistant_top,人民币,人民币兑换港币,4,其他或无法判定的非金融查询,查询金融资产实时行情,False
金融,assistant_top,人民币,人民币兑日元,3,其他或无法判定的非金融查询,查询金融资产实时行情,False
金融,assistant_top,人民币,人民币兑美元,3,其他或无法判定的非金融查询,查询金融资产实时行情,False
金融,assistant_top,人民币,人民币多少,2,其他或无法判定的非金融查询,查询金融资产实时行情,False
金融,assistant_top,人民币,人民币多少钱,3,其他或无法判定的非金融查询,计算具体金额或利率,False
金融,assistant_top,人民币,人民币换港币,3,其他或无法判定的非金融查询,查询金融资产实时行情,False
金融,assistant_top,人民币,人民币汇率,2,其他或无法判定的非金融查询,查询金融资产实时行情,False
金融,assistant_top,人民币美元,人民币美元兑换率,3,查询金融资产实时行情,查询金融资产实时行情,True
金融,assistant_top,黄金价格,今天的黄金价格,3,查询金融资产实时行情,查询金融资产实时行情,True
金融,assistant_top,股市行情,今天股市行情,2,查询金融资产实时行情,查询金融资产实时行情,True
金融,assistant_top,今天股市行情,今天股市行情最新,2,查询金融资产实时行情,查询金融资产实时行情,True
金融,assistant_top,金价多少钱一克,今天金价多少钱一克,2,查询金融资产实时行情,查询金融资产实时行情,True
金融,assistant_top,金价大盘价,今天金价大盘价,2,查询金融资产实时行情,查询金融资产实时行情,True
金融,assistant_top,黄金价格,今天黄金价格,2,查询金融资产实时行情,查询金融资产实时行情,True
金融,assistant_top,黄金价格多少一克,今天黄金价格多少一克,2,查询金融资产实时行情,查询金融资产实时行情,True
金融,assistant_top,上证指数,今日上证指数,2,查询金融资产实时行情,查询金融资产实时行情,True
金融,assistant_top,今日上证指数,今日上证指数多少,2,查询金融资产实时行情,查询金融资产实时行情,True
金融,assistant_top,白银期货,今日伦铝伦铜黄金白银期货价格,10,查询金融资产实时行情,查询金融资产实时行情,True
金融,assistant_top,国际金价,今日国际金价,2,查询金融资产实时行情,查询金融资产实时行情,True
金融,assistant_top,大盘指数,今日大盘指数,2,查询金融资产实时行情,查询金融资产实时行情,True
金融,assistant_top,美股最新行情,今日美股最新行情,2,查询金融资产实时行情,查询金融资产实时行情,True
金融,assistant_top,今日股市,今日股市的行情,3,查询金融资产实时行情,查询金融资产实时行情,True
金融,assistant_top,股市行情,今日股市行情,2,查询金融资产实时行情,查询金融资产实时行情,True
金融,assistant_top,今日股市行情,今日股市行情最新,2,查询金融资产实时行情,查询金融资产实时行情,True
金融,assistant_top,股票行情,今日股票行情,2,查询金融资产实时行情,查询金融资产实时行情,True
金融,assistant_top,蚂蚁庄园,今日蚂蚁庄园正确答案,6,获取每日答题活动答案,获取每日答题活动答案,True
金融,assistant_top,今日金价多少,今日金价多少1克,2,查询金融资产实时行情,查询金融资产实时行情,True
金融,assistant_top,金价多少一克,今日金价多少一克,2,查询金融资产实时行情,查询金融资产实时行情,True
金融,assistant_top,金价多少钱一克,今日金价多少钱一克,2,查询金融资产实时行情,查询金融资产实时行情,True
金融,assistant_top,金价大盘价,今日金价大盘价,2,查询金融资产实时行情,查询金融资产实时行情,True
金融,assistant_top,金价实时查询,今日金价实时查询,2,查询金融资产实时行情,查询金融资产实时行情,True
金融,assistant_top,今日金价,今日金价是多少,3,查询金融资产实时行情,查询金融资产实时行情,True
金融,assistant_top,今日金价走势,今日金价走势如何,2,查询金融资产实时行情,查询历史价格走势图,False
金融,assistant_top,黄金价格,今日黄金价格,2,查询金融资产实时行情,查询金融资产实时行情,True
金融,assistant_top,黄金价格,今明后三天黄金价格预测,7,查询金融资产实时行情,寻求个股买卖与持有决策建议,False
金融,assistant_top,众安保险,众安保险可靠吗,3,核实金融平台真伪与合法性,核实金融平台真伪与合法性,True
金融,assistant_top,伦敦金实时,伦敦金实时行情,2,查询金融资产实时行情,查询金融资产实时行情,True
金融,assistant_top,人民币,值多少人民币,3,其他或无法判定的非金融查询,查询金融资产实时行情,False
金融,assistant_top,元保保险,元保保险公司可靠吗,5,核实金融平台真伪与合法性,核实金融平台真伪与合法性,True
金融,assistant_top,股市实时行情,全球股市实时行情,2,查询金融资产实时行情,查询金融资产实时行情,True
金融,assistant_top,全球股市指数,全球股市指数一览,2,查询金融资产实时行情,查询金融资产实时行情,True
金融,assistant_top,全球股市行情,全球股市行情一览表,3,查询金融资产实时行情,查询金融资产实时行情,True
金融,assistant_top,全球股市行情,全球股市行情指数一览,4,查询金融资产实时行情,查询金融资产实时行情,True
金融,assistant_top,兴业银行,兴业银行股票,2,其他或无法判定的非金融查询,查询金融资产实时行情,False
金融,assistant_top,农业银行,农业银行不够500,5,其他或无法判定的非金融查询,其他或无法判定的非金融查询,True
金融,assistant_top,农业银行,农业银行不满300元,6,其他或无法判定的非金融查询,其他或无法判定的非金融查询,True
金融,assistant_top,农业银行,农业银行凌晨扣费300元怎么取消掉,13,其他或无法判定的非金融查询,处置账户异常与非预期扣款,False
金融,assistant_top,农业银行,农业银行凌晨自动扣钱300,9,其他或无法判定的非金融查询,处置账户异常与非预期扣款,False
金融,assistant_top,农业银行,农业银行凌晨自动扣钱3001元,11,其他或无法判定的非金融查询,处置账户异常与非预期扣款,False
金融,assistant_top,农业银行,农业银行卡uc扣120元,8,其他或无法判定的非金融查询,处置账户异常与非预期扣款,False
金融,assistant_top,农业银行,农业银行卡uc扣个个120元怎么回事啊,15,其他或无法判定的非金融查询,处置账户异常与非预期扣款,False
金融,assistant_top,农业银行,农业银行卡uc批扣240是怎么回事,13,其他或无法判定的非金融查询,处置账户异常与非预期扣款,False
金融,assistant_top,农业银行,农业银行卡可用余额归零怎么解除,11,其他或无法判定的非金融查询,处置账户异常与非预期扣款,False
金融,assistant_top,农业银行,农业银行卡扣30块钱是怎么回事,11,其他或无法判定的非金融查询,处置账户异常与非预期扣款,False
金融,assistant_top,农业银行,农业银行卡扣50元怎么回事,9,其他或无法判定的非金融查询,处置账户异常与非预期扣款,False
金融,assistant_top,农业银行,农业银行卡扣服务费余额不足会怎样,12,其他或无法判定的非金融查询,处置账户异常与非预期扣款,False
金融,assistant_top,农业银行,农业银行卡自动代扣,5,其他或无法判定的非金融查询,获取银行或支付账户操作指引,False
金融,assistant_top,农业银行,农业银行卡自动扣80是扣什么,10,其他或无法判定的非金融查询,处置账户异常与非预期扣款,False
金融,assistant_top,农业银行,农业银行可用余额1千多怎么回事,11,其他或无法判定的非金融查询,处置账户异常与非预期扣款,False
金融,assistant_top,农业银行,农业银行可用余额和账户余额不一致,12,其他或无法判定的非金融查询,处置账户异常与非预期扣款,False
金融,assistant_top,农业银行,农业银行客服电话,4,其他或无法判定的非金融查询,查找官方渠道与客服入口,False
金融,assistant_top,农业银行,农业银行扣费余额不足时间久了会怎么样,14,其他或无法判定的非金融查询,处置账户异常与非预期扣款,False
金融,assistant_top,农业银行,农业银行股票,2,其他或无法判定的非金融查询,查询金融资产实时行情,False
金融,assistant_top,农业银行,农业银行自动扣钱18元,7,其他或无法判定的非金融查询,处置账户异常与非预期扣款,False
金融,assistant_top,农业银行,农业银行账户余额200可用余额0是什么,15,其他或无法判定的非金融查询,处置账户异常与非预期扣款,False
金融,assistant_top,农业银行,农业银行账户余额不足什么意思,10,其他或无法判定的非金融查询,处置账户异常与非预期扣款,False
金融,assistant_top,农业银行,农业银行账户余额为零原因,8,其他或无法判定的非金融查询,获取银行或支付账户操作指引,False
金融,assistant_top,农业银行,农业银行账户余额为零可能原因,10,其他或无法判定的非金融查询,处置账户异常与非预期扣款,False
金融,assistant_top,农业银行,农业银行账户余额和可用余额区别在哪,13,其他或无法判定的非金融查询,解释金融术语与基础规则,False
金融,assistant_top,农业银行,农业银行账户正常余额为零,8,其他或无法判定的非金融查询,获取银行或支付账户操作指引,False
金融,assistant_top,农业银行,农业银行账户被冻结账户余额为0,11,其他或无法判定的非金融查询,处置账户异常与非预期扣款,False
金融,assistant_top,农商银行,农商银行破产贷款怎么办,7,其他或无法判定的非金融查询,获取银行或支付账户操作指引,False
金融,assistant_top,农商银行,农商银行破产贷款怎么办,7,其他或无法判定的非金融查询,获取银行或支付账户操作指引,False
金融,assistant_top,农商银行,农商银行解散了钱没到期怎么办,10,其他或无法判定的非金融查询,获取银行或支付账户操作指引,False
金融,assistant_top,手机银行,农行手机银行app,5,其他或无法判定的非金融查询,查找官方渠道与客服入口,False
金融,assistant_top,创业板,创业板指数,2,解释金融术语与基础规则,查询金融资产实时行情,False
金融,assistant_top,人民币,加币兑换人民币,4,其他或无法判定的非金融查询,查询金融资产实时行情,False
金融,assistant_top,北交所,北交所打新中签率大概是多少,10,查询金融资产实时行情,其他或无法判定的非金融查询,False
金融,assistant_top,华电辽能,华电辽能股票,2,查询金融资产实时行情,查询金融资产实时行情,True
金融,assistant_top,卢布汇率,卢布汇率人民币,3,查询金融资产实时行情,查询金融资产实时行情,True
金融,assistant_top,人民币,台币兑换人民币,4,其他或无法判定的非金融查询,查询金融资产实时行情,False
金融,assistant_top,存款利率,哪个银行的存款利率最高,7,解释金融术语与基础规则,比较同类金融产品并择优,False
金融,assistant_top,存款利率,哪家银行的存款利率最高,7,解释金融术语与基础规则,比较同类金融产品并择优,False
金融,assistant_top,国际复材,国际复材股票,2,查询金融资产实时行情,查询金融资产实时行情,True
金融,assistant_top,国际实时金价,国际实时金价大盘,2,查询金融资产实时行情,查询金融资产实时行情,True
金融,assistant_top,国际油价,国际油价未来走势如何,6,查询金融资产实时行情,查询历史价格走势图,False
金融,assistant_top,国际金价,国际金价24小时实时行情,8,查询金融资产实时行情,查询金融资产实时行情,True
金融,assistant_top,国际金价,国际金价未来走势如何,6,查询金融资产实时行情,查询历史价格走势图,False
金融,assistant_top,黄金今日金价,国际黄金今日金价,2,查询金融资产实时行情,查询金融资产实时行情,True
金融,assistant_top,黄金价格,国际黄金价格,2,查询金融资产实时行情,查询金融资产实时行情,True
金融,assistant_top,人民币,多少人民币,2,其他或无法判定的非金融查询,查询金融资产实时行情,False
金融,assistant_top,大地保险,大地保险app下载安装,7,其他或无法判定的非金融查询,查找官方渠道与客服入口,False
金融,assistant_top,天通股份,天通股份股票,2,查询金融资产实时行情,查询金融资产实时行情,True
金融,assistant_top,如何查询个人征信,如何查询个人征信报告,2,获取银行或支付账户操作指引,获取银行或支付账户操作指引,True
金融,assistant_top,宇树科技股票,宇树科技股票今日行情,4,查询金融资产实时行情,查询金融资产实时行情,True
金融,assistant_top,宇树科技股票,宇树科技股票怎么买,3,查询金融资产实时行情,获取银行或支付账户操作指引,False
金融,assistant_top,金价行情,实时金价行情,2,查询金融资产实时行情,查询金融资产实时行情,True
金融,assistant_top,山东黄金,山东黄金股票,2,查询金融资产实时行情,查询金融资产实时行情,True
金融,assistant_top,工商银行,工商银行42821交易失败,9,其他或无法判定的非金融查询,处置账户异常与非预期扣款,False
金融,assistant_top,工商银行,工商银行95588主动来电一般都是什么,15,其他或无法判定的非金融查询,识别陌生电话号码归属,False
金融,assistant_top,工商银行,工商银行95588短信提醒怎么开通,13,其他或无法判定的非金融查询,获取银行或支付账户操作指引,False
金融,assistant_top,工商银行,工商银行9920冻结会自动解除吗,12,其他或无法判定的非金融查询,处置账户异常与非预期扣款,False
金融,assistant_top,工商银行,工商银行9920只收不付,8,其他或无法判定的非金融查询,处置账户异常与非预期扣款,False
金融,assistant_top,工商银行,工商银行9920只收不付可以取现吗,13,其他或无法判定的非金融查询,处置账户异常与非预期扣款,False
金融,assistant_top,工商银行,工商银行9920可以柜台转账吗,11,其他或无法判定的非金融查询,处置账户异常与非预期扣款,False
金融,assistant_top,工商银行,工商银行9920能收款吗怎么查,11,其他或无法判定的非金融查询,处置账户异常与非预期扣款,False
金融,assistant_top,工商银行,工商银行9920能自动解冻吗,10,其他或无法判定的非金融查询,处置账户异常与非预期扣款,False
金融,assistant_top,工商银行,工商银行app,3,其他或无法判定的非金融查询,查找官方渠道与客服入口,False
金融,assistant_top,工商银行,工商银行不够300,5,其他或无法判定的非金融查询,其他或无法判定的非金融查询,True
金融,assistant_top,工商银行,工商银行不满300是不是要扣钱,11,其他或无法判定的非金融查询,处置账户异常与非预期扣款,False
金融,assistant_top,工商银行,工商银行不足300每个月扣钱么,11,其他或无法判定的非金融查询,处置账户异常与非预期扣款,False
金融,assistant_top,工商银行,工商银行交易失败41597怎么回事,13,其他或无法判定的非金融查询,处置账户异常与非预期扣款,False
金融,assistant_top,工商银行,工商银行交易失败42821,9,其他或无法判定的非金融查询,处置账户异常与非预期扣款,False
金融,assistant_top,工商银行,工商银行会通过95588催款吗,11,其他或无法判定的非金融查询,识别陌生电话号码归属,False
金融,assistant_top,工商银行,工商银行动不动就信使费支出,9,其他或无法判定的非金融查询,判定信贷产品账单与征信规则,False
金融,assistant_top,工商银行,工商银行动账提醒收费吗,7,其他或无法判定的非金融查询,判定信贷产品账单与征信规则,False
金融,assistant_top,工商银行,工商银行协商还款最长多少期,9,其他或无法判定的非金融查询,判定信贷产品账单与征信规则,False
金融,assistant_top,工商银行,工商银行卡9920能柜台取现吗,11,其他或无法判定的非金融查询,处置账户异常与非预期扣款,False
金融,assistant_top,工商银行,工商银行卡余额不足300,8,其他或无法判定的非金融查询,处置账户异常与非预期扣款,False
金融,assistant_top,工商银行,工商银行卡余额不足扣不了管理费怎么办,14,其他或无法判定的非金融查询,处置账户异常与非预期扣款,False
金融,assistant_top,工商银行,工商银行卡扣费 30 元余额不足会怎样,15,其他或无法判定的非金融查询,处置账户异常与非预期扣款,False
金融,assistant_top,工商银行,工商银行卡扣费30元,6,其他或无法判定的非金融查询,处置账户异常与非预期扣款,False
金融,assistant_top,工商银行,工商银行手机app显示4318,11,其他或无法判定的非金融查询,处置账户异常与非预期扣款,False
金融,assistant_top,工商银行,工商银行收了2000后拒绝交易,11,其他或无法判定的非金融查询,处置账户异常与非预期扣款,False
金融,assistant_top,工商银行,工商银行电话,2,其他或无法判定的非金融查询,查找官方渠道与客服入口,False
金融,assistant_top,工商银行,工商银行股票,2,其他或无法判定的非金融查询,查询金融资产实时行情,False
金融,assistant_top,工商银行,工商银行转账提示4972,8,其他或无法判定的非金融查询,处置账户异常与非预期扣款,False
金融,assistant_top,工商银行,工商银行转账显示 1072,9,其他或无法判定的非金融查询,获取银行或支付账户操作指引,False
金融,assistant_top,工商银行,工商银行转账显示1072,8,其他或无法判定的非金融查询,处置账户异常与非预期扣款,False
金融,assistant_top,工商银行,工商银行转账显示1072怎么回事,12,其他或无法判定的非金融查询,处置账户异常与非预期扣款,False
金融,assistant_top,工商银行,工商银行转账显示成功却没有到账,11,其他或无法判定的非金融查询,获取银行或支付账户操作指引,False
金融,assistant_top,工商银行,工商银行转账短信,4,其他或无法判定的非金融查询,查找官方渠道与客服入口,False
金融,assistant_top,市盈率,市盈率什么意思,4,查询金融资产实时行情,解释金融术语与基础规则,False
金融,assistant_top,平安保险,平安保险客服电话,4,查找官方渠道与客服入口,查找官方渠道与客服入口,True
金融,assistant_top,平安保险,平安保险车险,2,查找官方渠道与客服入口,其他或无法判定的非金融查询,False
金融,assistant_top,平安保险,平安保险雇主责任险,5,查找官方渠道与客服入口,解释金融术语与基础规则,False
金融,assistant_top,平安车险,平安车险app官方版,6,其他或无法判定的非金融查询,查找官方渠道与客服入口,False
金融,assistant_top,平安车险,平安车险在线投保官网,6,其他或无法判定的非金融查询,查找官方渠道与客服入口,False
金融,assistant_top,平安车险,平安车险电话,2,其他或无法判定的非金融查询,查找官方渠道与客服入口,False
金融,assistant_top,平潭发展,平潭发展股票,2,查询金融资产实时行情,查询金融资产实时行情,True
金融,assistant_top,广发证券,广发证券官网,2,查询金融资产实时行情,查找官方渠道与客服入口,False
金融,assistant_top,度小满,度小满金融,2,核实金融平台真伪与合法性,核实金融平台真伪与合法性,True
金融,assistant_top,度小满金融,度小满金融app下载,5,核实金融平台真伪与合法性,查找官方渠道与客服入口,False
金融,assistant_top,度小满金融,度小满金融正规合法吗,5,核实金融平台真伪与合法性,核实金融平台真伪与合法性,True
金融,assistant_top,建设银行,建设银行电话,2,查找官方渠道与客服入口,查找官方渠道与客服入口,True
金融,assistant_top,德明利,德明利股票,2,查询金融资产实时行情,查询金融资产实时行情,True
金融,assistant_top,怎么开户,怎么开户教程,2,获取银行或支付账户操作指引,获取银行或支付账户操作指引,True
金融,assistant_top,房地产板块,房地产板块多股一字涨停,6,查询金融资产实时行情,获取市场动态与事件公告,False
金融,assistant_top,拍拍贷,拍拍贷借款平台,4,其他或无法判定的非金融查询,核实金融平台真伪与合法性,False
金融,assistant_top,招商银行,招商银行客服电话,4,其他或无法判定的非金融查询,查找官方渠道与客服入口,False
金融,assistant_top,招商银行,招商银行股票,2,其他或无法判定的非金融查询,查询金融资产实时行情,False
金融,assistant_top,人民币,换算成人民币,3,其他或无法判定的非金融查询,计算具体金额或利率,False
金融,assistant_top,支付宝,支付宝下载,2,其他或无法判定的非金融查询,查找官方渠道与客服入口,False
金融,assistant_top,支付宝下载,支付宝下载安装,2,查找官方渠道与客服入口,查找官方渠道与客服入口,True
金融,assistant_top,支付宝,支付宝答题答案,4,其他或无法判定的非金融查询,获取每日答题活动答案,False
金融,assistant_top,支付宝,支付宝转账,2,其他或无法判定的非金融查询,获取银行或支付账户操作指引,False
金融,assistant_top,人民币,新加坡币兑换人民币,6,其他或无法判定的非金融查询,查询金融资产实时行情,False
金融,assistant_top,人民币,新币兑换人民币,4,其他或无法判定的非金融查询,查询金融资产实时行情,False
金融,assistant_top,人民币,新款人民币100元是什么样,10,其他或无法判定的非金融查询,计算具体金额或利率,False
金融,assistant_top,日元人民币,日元人民币换算,2,查询金融资产实时行情,查询金融资产实时行情,True
金融,assistant_top,日元人民币,日元人民币汇率,2,查询金融资产实时行情,查询金融资产实时行情,True
金融,assistant_top,人民币,日元兑换人民币,4,其他或无法判定的非金融查询,查询金融资产实时行情,False
金融,assistant_top,日元换算,日元换算人民币,3,查询金融资产实时行情,查询金融资产实时行情,True
金融,assistant_top,日元汇率,日元汇率人民币,3,查询金融资产实时行情,查询金融资产实时行情,True
金融,assistant_top,昊华科技,昊华科技股票,2,查询金融资产实时行情,查询金融资产实时行情,True
金融,assistant_top,中国股市行情,明天中国股市行情预测,4,查询金融资产实时行情,寻求个股买卖与持有决策建议,False
金融,assistant_top,易享花,易享花是什么平台的,6,核实金融平台真伪与合法性,核实金融平台真伪与合法性,True
金融,assistant_top,易宝支付,易宝支付北海云华扣29.9,9,其他或无法判定的非金融查询,处置账户异常与非预期扣款,False
金融,assistant_top,星宇股份,星宇股份 股票,3,查询金融资产实时行情,查询金融资产实时行情,True
金融,assistant_top,星宇股份,星宇股份简介,2,查询金融资产实时行情,查询金融资产实时行情,True
金融,assistant_top,星宇股份,星宇股份股票,2,查询金融资产实时行情,查询金融资产实时行情,True
金融,assistant_top,星宇股份,星宇股份跌停原因,4,查询金融资产实时行情,查询金融资产实时行情,True
金融,assistant_top,杭电股份,杭电股份实时股价是多少？,8,查询金融资产实时行情,查询金融资产实时行情,True
金融,assistant_top,杭电股份,杭电股份股票,2,查询金融资产实时行情,查询金融资产实时行情,True
金融,assistant_top,欧元人民币,欧元人民币汇率,2,查询金融资产实时行情,查询金融资产实时行情,True
金融,assistant_top,人民币,欧元兑换人民币,4,其他或无法判定的非金融查询,查询金融资产实时行情,False
金融,assistant_top,比特币,比特币价格,2,查询金融资产实时行情,查询金融资产实时行情,True
金融,assistant_top,比特币,比特币是什么意思,5,查询金融资产实时行情,解释金融术语与基础规则,False
金融,assistant_top,比特币最新价格,比特币最新价格走势,2,查询金融资产实时行情,查询历史价格走势图,False
金融,assistant_top,比特币,比特币未来有上涨空间吗,8,查询金融资产实时行情,寻求个股买卖与持有决策建议,False
金融,assistant_top,比特币,比特币的最新价格,5,查询金融资产实时行情,查询金融资产实时行情,True
金融,assistant_top,比特币美元,比特币美元行情,2,查询金融资产实时行情,查询金融资产实时行情,True
金融,assistant_top,比特币,比特币行情,2,查询金融资产实时行情,查询金融资产实时行情,True
金融,assistant_top,比特币,比特币走势图k线,5,查询金融资产实时行情,查询历史价格走势图,False
金融,assistant_top,大盘指数,沪指大盘指数,2,查询金融资产实时行情,查询金融资产实时行情,True
金融,assistant_top,股市实时行情,沪深股市实时行情,2,查询金融资产实时行情,查询金融资产实时行情,True
金融,assistant_top,大盘指数,沪深行情大盘指数,4,查询金融资产实时行情,查询金融资产实时行情,True
金融,assistant_top,沪电股份,沪电股份股票,2,查询金融资产实时行情,查询金融资产实时行情,True
金融,assistant_top,白银期货,沪铜沪铝黄金白银期货今日铜价行情,12,查询金融资产实时行情,查询金融资产实时行情,True
金融,assistant_top,人民币,港币人民币兑换,4,其他或无法判定的非金融查询,查询金融资产实时行情,False
金融,assistant_top,人民币,港币兑人民币,3,其他或无法判定的非金融查询,查询金融资产实时行情,False
金融,assistant_top,人民币,港币兑换人民币,4,其他或无法判定的非金融查询,查询金融资产实时行情,False
金融,assistant_top,人民币,港币和人民币兑换,5,其他或无法判定的非金融查询,其他或无法判定的非金融查询,True
金融,assistant_top,人民币汇率,港币对人民币汇率,3,查询金融资产实时行情,查询金融资产实时行情,True
金融,assistant_top,黄金股票,湖南黄金股票,2,查询金融资产实时行情,查询金融资产实时行情,True
金融,assistant_top,人民币,澳元兑人民币,3,其他或无法判定的非金融查询,查询金融资产实时行情,False
金融,assistant_top,人民币,澳元兑换人民币,4,其他或无法判定的非金融查询,查询金融资产实时行情,False
金融,assistant_top,科创板,现在是2026年8月27日晚根据国外形势国内政策及当下A股市场情况 采用如AI技术工具八步算法科学投资工具等多种方法 再结合外资机构游资主力国家队等资金流向 给我A股中 1只唯一低位有业绩 有最大上涨空间 攻击力最强 今天即刻建仓 后面会能大幅度爆涨盈利 可长期持仓的优质股 （不要己涨停的不要科创板的） 谢谢🙏🙏,154,查询金融资产实时行情,寻求个股买卖与持有决策建议,False
金融,assistant_top,科创板,现在是2026年8月28日根据国外形势国内政策及当下A股市场情况 采用如AI技术工具八步算法科学投资工具等多种方法 再结合外资机构游资主力国家队等资金流向 给我A股中 1只唯一低位有业绩 有上涨空间 攻击力最强 今天即刻建仓 后面会能大幅度爆涨盈利 可长期持仓的唯一优质股 （不要科创板的） 谢谢🙏🙏,147,查询金融资产实时行情,寻求个股买卖与持有决策建议,False
金融,assistant_top,黄金多少钱一克,现在黄金多少钱一克？,3,查询金融资产实时行情,查询金融资产实时行情,True
金融,assistant_top,今日银价,白银今日银价,2,查询金融资产实时行情,查询金融资产实时行情,True
金融,assistant_top,白银价格,白银价格未来走势如何,6,查询金融资产实时行情,寻求个股买卖与持有决策建议,False
金融,assistant_top,人民币,等于多少人民币,4,其他或无法判定的非金融查询,计算具体金额或利率,False
金融,assistant_top,纳斯达克,纳斯达克100,3,查询金融资产实时行情,查询金融资产实时行情,True
金融,assistant_top,纳斯达克,纳斯达克指数,2,查询金融资产实时行情,查询金融资产实时行情,True
金融,assistant_top,美元人民币,美元人民币兑换,2,查询金融资产实时行情,查询金融资产实时行情,True
金融,assistant_top,美元人民币,美元人民币换汇,2,查询金融资产实时行情,查询金融资产实时行情,True
金融,assistant_top,美元人民币,美元人民币汇兑,2,查询金融资产实时行情,查询金融资产实时行情,True
金融,assistant_top,美元人民币,美元人民币汇率,2,查询金融资产实时行情,查询金融资产实时行情,True
金融,assistant_top,人民币,美元兑人民币,3,其他或无法判定的非金融查询,查询金融资产实时行情,False
金融,assistant_top,美元兑人民币,美元兑人民币换算,2,查询金融资产实时行情,查询金融资产实时行情,True
金融,assistant_top,美元兑人民币,美元兑人民币汇率,2,查询金融资产实时行情,查询金融资产实时行情,True
金融,assistant_top,美元兑人民币,美元兑人民币走势,2,查询金融资产实时行情,查询历史价格走势图,False
金融,assistant_top,美元兑人民币,美元兑人民币走势图,3,查询金融资产实时行情,查询历史价格走势图,False
金融,assistant_top,人民币,美元兑换人民币,4,其他或无法判定的非金融查询,查询金融资产实时行情,False
金融,assistant_top,美元兑换人民币,美元兑换人民币汇率,2,查询金融资产实时行情,查询金融资产实时行情,True
金融,assistant_top,人民币,美元兑换成人民币,5,其他或无法判定的非金融查询,查询金融资产实时行情,False
金融,assistant_top,人民币,美元和人民币的兑换,6,其他或无法判定的非金融查询,查询金融资产实时行情,False
金融,assistant_top,人民币,美元换人民币,3,其他或无法判定的非金融查询,查询金融资产实时行情,False
金融,assistant_top,美元换算,美元换算人民币,3,查询金融资产实时行情,查询金融资产实时行情,True
金融,assistant_top,美元汇率,美元汇率人民币,3,查询金融资产实时行情,查询金融资产实时行情,True
金融,assistant_top,铝期货,美原油黄金白银铜铝期货价格最新行情查询表,17,查询金融资产实时行情,查询金融资产实时行情,True
金融,assistant_top,美国三大股指,美国三大股指实时行情,4,查询金融资产实时行情,查询金融资产实时行情,True
金融,assistant_top,股票指数,美国三大股票指数,4,查询金融资产实时行情,查询金融资产实时行情,True
金融,assistant_top,股票指数,美国的三大股票指数,5,查询金融资产实时行情,查询金融资产实时行情,True
金融,assistant_top,美国股市,美国股市三大指数,4,查询金融资产实时行情,查询金融资产实时行情,True
金融,assistant_top,美国股市,美国股市三大股实时行情,7,查询金融资产实时行情,查询金融资产实时行情,True
金融,assistant_top,美国股市,美国股市三大股指,4,查询金融资产实时行情,查询金融资产实时行情,True
金融,assistant_top,美国股市,美国股市今日最新行情,6,查询金融资产实时行情,查询金融资产实时行情,True
金融,assistant_top,股市今日行情,美国股市今日行情,2,查询金融资产实时行情,查询金融资产实时行情,True
金融,assistant_top,股市实时行情,美国股市实时行情,2,查询金融资产实时行情,查询金融资产实时行情,True
金融,assistant_top,股市最新行情,美国股市最新行情,2,查询金融资产实时行情,查询金融资产实时行情,True
金融,assistant_top,美国股市,美国股市股今日行情,5,查询金融资产实时行情,查询金融资产实时行情,True
金融,assistant_top,美国股市,美国股市股票,2,查询金融资产实时行情,查询金融资产实时行情,True
金融,assistant_top,美国股市,美国股市行情,2,查询金融资产实时行情,查询金融资产实时行情,True
金融,assistant_top,美国股票,美国股票三大指数,4,查询金融资产实时行情,查询金融资产实时行情,True
金融,assistant_top,美国股票,美国股票实时行情,4,查询金融资产实时行情,查询金融资产实时行情,True
金融,assistant_top,美国股票,美国股票指数,2,查询金融资产实时行情,查询金融资产实时行情,True
金融,assistant_top,美股三大指数,美股三大指数实时行情,4,查询金融资产实时行情,查询金融资产实时行情,True
金融,assistant_top,今日行情,美股今日行情,2,查询金融资产实时行情,查询金融资产实时行情,True
金融,assistant_top,美股大盘,美股大盘指数,2,查询金融资产实时行情,查询金融资产实时行情,True
金融,assistant_top,美股实时,美股实时今日行情,4,查询金融资产实时行情,查询金融资产实时行情,True
金融,assistant_top,美股实时,美股实时行情,2,查询金融资产实时行情,查询金融资产实时行情,True
金融,assistant_top,美股行情,美股行情 实时行情,5,查询金融资产实时行情,查询金融资产实时行情,True
金融,assistant_top,美股行情,美股行情今日行情,4,查询金融资产实时行情,查询金融资产实时行情,True
金融,assistant_top,美股行情,美股行情最新走势,4,查询金融资产实时行情,查询金融资产实时行情,True
金融,assistant_top,美股行情,美股行情走势,2,查询金融资产实时行情,查询金融资产实时行情,True
金融,assistant_top,人民币,美金兑人民币,3,其他或无法判定的非金融查询,查询金融资产实时行情,False
金融,assistant_top,人民币,美金兑换人民币,4,其他或无法判定的非金融查询,查询金融资产实时行情,False
金融,assistant_top,人民币,美金汇兑人民币,4,其他或无法判定的非金融查询,查询金融资产实时行情,False
金融,assistant_top,今日行情,股市今日行情,2,查询金融资产实时行情,查询金融资产实时行情,True
金融,assistant_top,股市行情,股市行情走势分析,4,查询金融资产实时行情,查询历史价格走势图,False
金融,assistant_top,大盘走势,股票行情大盘走势,4,查询历史价格走势图,查询金融资产实时行情,False
金融,assistant_top,航天电器股票,航天电器股票今日走势分析预测,8,查询金融资产实时行情,寻求个股买卖与持有决策建议,False
金融,assistant_top,人民币,英镑人民币换汇,4,其他或无法判定的非金融查询,查询金融资产实时行情,False
金融,assistant_top,人民币,英镑兑换人民币,4,其他或无法判定的非金融查询,查询金融资产实时行情,False
金融,assistant_top,蚂蚁庄园,蚂蚁庄园今日正确答案,6,获取每日答题活动答案,获取每日答题活动答案,True
金融,assistant_top,蚂蚁庄园今日正确答案,蚂蚁庄园今日正确答案公布,2,获取每日答题活动答案,获取每日答题活动答案,True
金融,assistant_top,蚂蚁庄园,蚂蚁庄园今日答案,4,获取每日答题活动答案,获取每日答题活动答案,True
金融,assistant_top,蚂蚁庄园今日答案,蚂蚁庄园今日答案大全,2,获取每日答题活动答案,获取每日答题活动答案,True
金融,assistant_top,蚂蚁庄园今日答案,蚂蚁庄园今日答案是什么,3,获取每日答题活动答案,获取每日答题活动答案,True
金融,assistant_top,蚂蚁庄园今日答案,蚂蚁庄园今日答案有哪些,3,获取每日答题活动答案,获取每日答题活动答案,True
金融,assistant_top,蚂蚁庄园今日答案,蚂蚁庄园今日答案汇总,2,获取每日答题活动答案,获取每日答题活动答案,True
金融,assistant_top,蚂蚁庄园今日答案,蚂蚁庄园今日答案还有哪些,4,获取每日答题活动答案,获取每日答题活动答案,True
金融,assistant_top,蚂蚁庄园,蚂蚁庄园今日答题,4,获取每日答题活动答案,获取每日答题活动答案,True
金融,assistant_top,蚂蚁庄园,蚂蚁庄园今日答题答案,6,获取每日答题活动答案,获取每日答题活动答案,True
金融,assistant_top,蚂蚁庄园,蚂蚁庄园今日还有哪些题目,8,获取每日答题活动答案,获取每日答题活动答案,True
金融,assistant_top,蚂蚁新村今日答案,蚂蚁庄园和蚂蚁新村今日答案,5,获取每日答题活动答案,获取每日答题活动答案,True
金融,assistant_top,蚂蚁庄园,蚂蚁庄园新村今日答案,6,获取每日答题活动答案,获取每日答题活动答案,True
金融,assistant_top,蚂蚁庄园,蚂蚁庄园的正确答案,5,获取每日答题活动答案,获取每日答题活动答案,True
金融,assistant_top,蚂蚁庄园答案,蚂蚁庄园答案汇总,2,获取每日答题活动答案,获取每日答题活动答案,True
金融,assistant_top,蚂蚁庄园,蚂蚁庄园答题答案大全,6,获取每日答题活动答案,获取每日答题活动答案,True
金融,assistant_top,蚂蚁新村今日答案,蚂蚁庄园蚂蚁新村今日答案,4,获取每日答题活动答案,获取每日答题活动答案,True
金融,assistant_top,蚂蚁庄园,蚂蚁庄园蚂蚁新村问题答案,8,获取每日答题活动答案,获取每日答题活动答案,True
金融,assistant_top,蚂蚁新村今日正确答案,蚂蚁新村今日正确答案最新,2,获取每日答题活动答案,获取每日答题活动答案,True
金融,assistant_top,蚂蚁新村今日答案,蚂蚁新村今日答案是什么,3,获取每日答题活动答案,获取每日答题活动答案,True
金融,assistant_top,蚂蚁新村今日答案,蚂蚁新村今日答案有哪些,3,获取每日答题活动答案,获取每日答题活动答案,True
金融,assistant_top,蚂蚁新村今日答案,蚂蚁新村今日答案汇总,2,获取每日答题活动答案,获取每日答题活动答案,True
金融,assistant_top,蚂蚁新村今日答案,蚂蚁新村今日答案还有哪些,4,获取每日答题活动答案,获取每日答题活动答案,True
金融,assistant_top,蚂蚁庄园,蚂蚂蚁庄园今日答题,5,获取每日答题活动答案,获取每日答题活动答案,True
金融,assistant_top,茅台股票,贵州茅台股票,2,查询金融资产实时行情,查询金融资产实时行情,True
金融,assistant_top,黄金股票,赤峰黄金股票,2,查询金融资产实时行情,查询金融资产实时行情,True
金融,assistant_top,人民币,越南盾换人民币,4,其他或无法判定的非金融查询,查询金融资产实时行情,False
金融,assistant_top,通达信,通达信app手机版下载,8,其他或无法判定的非金融查询,查找官方渠道与客服入口,False
金融,assistant_top,道琼斯,道琼斯指数,2,查询金融资产实时行情,查询金融资产实时行情,True
金融,assistant_top,邮政储蓄银行,邮政储蓄银行 短信通知服务,7,查找官方渠道与客服入口,获取银行或支付账户操作指引,False
金融,assistant_top,邮政储蓄银行,邮政储蓄银行扣除短信费30元,8,查找官方渠道与客服入口,处置账户异常与非预期扣款,False
金融,assistant_top,邮政银行,邮政银行95580短信真假,9,其他或无法判定的非金融查询,识别陌生电话号码归属,False
金融,assistant_top,邮政银行,邮政银行扣除30元短信费用怎么退,12,其他或无法判定的非金融查询,处置账户异常与非预期扣款,False
金融,assistant_top,金价今日,金价今日多少一克,4,查询金融资产实时行情,查询金融资产实时行情,True
金融,assistant_top,金价国际,金价国际大盘价,3,查询金融资产实时行情,查询金融资产实时行情,True
金融,assistant_top,金价多少钱,金价多少钱一克,2,查询金融资产实时行情,查询金融资产实时行情,True
金融,assistant_top,金荣中国,金荣中国官网app下载安装,9,查询金融资产实时行情,查找官方渠道与客服入口,False
金融,assistant_top,金荣中国,金荣中国官网app下载安装最新版,12,查询金融资产实时行情,查找官方渠道与客服入口,False
金融,assistant_top,铂金的价格,铂金的价格今天,2,查询金融资产实时行情,查询金融资产实时行情,True
金融,assistant_top,银行利率,银行利率一览表,3,查询金融资产实时行情,查询金融资产实时行情,True
金融,assistant_top,股市实时行情,韩国股市实时行情,2,查询金融资产实时行情,查询金融资产实时行情,True
金融,assistant_top,韩国股市,韩国股市指数,2,查询金融资产实时行情,查询金融资产实时行情,True
金融,assistant_top,韩国股市,韩国股市行情,2,查询金融资产实时行情,查询金融资产实时行情,True
金融,assistant_top,人民币,韩币换算人民币,4,其他或无法判定的非金融查询,查询金融资产实时行情,False
金融,assistant_top,黄金价格,高盛预测未来黄金价格,6,查询金融资产实时行情,寻求个股买卖与持有决策建议,False
金融,assistant_top,黄金今日,黄金今日价格,2,查询金融资产实时行情,查询金融资产实时行情,True
金融,assistant_top,黄金今日价格,黄金今日价格大盘走势,4,查询金融资产实时行情,查询金融资产实时行情,True
金融,assistant_top,黄金今日价,黄金今日价钱多少一克,5,查询金融资产实时行情,查询金融资产实时行情,True
金融,assistant_top,黄金价格,黄金价格k线图,3,查询金融资产实时行情,查询历史价格走势图,False
金融,assistant_top,黄金价格实时,黄金价格实时走势图,3,查询金融资产实时行情,查询历史价格走势图,False
金融,assistant_top,黄金价格,黄金价格未来走势如何,6,查询金融资产实时行情,寻求个股买卖与持有决策建议,False
金融,assistant_top,黄金价格,黄金价格走势,2,查询金融资产实时行情,查询历史价格走势图,False
金融,assistant_top,黄金价格走势,黄金价格走势k线图,3,查询历史价格走势图,查询历史价格走势图,True
金融,assistant_top,黄金价格,黄金价格走势图,3,查询金融资产实时行情,查询历史价格走势图,False
金融,assistant_top,黄金多少钱一克,黄金多少钱一克今天最新价,5,查询金融资产实时行情,查询金融资产实时行情,True
金融,assistant_top,黄金大盘,黄金大盘当日实价,4,查询金融资产实时行情,查询金融资产实时行情,True
金融,assistant_top,黄金大盘,黄金大盘的价格,3,查询金融资产实时行情,查询金融资产实时行情,True
金融,assistant_top,黄金走势,黄金走势k线图,3,查询历史价格走势图,查询历史价格走势图,True
金融,assistant_top,黄金走势图,黄金走势图 实时行情,5,查询历史价格走势图,查询历史价格走势图,True
金融,assistant_random,柳工股票,000528柳工股票的目标价是多少,13,查询金融资产实时行情,查询金融资产实时行情,True
金融,assistant_random,人民币,100元老挝币等于多少人民币,11,其他或无法判定的非金融查询,计算具体金额或利率,False
金融,assistant_random,银行利率,15年住宅贷款哪个银行利率最低,11,查询金融资产实时行情,比较同类金融产品并择优,False
金融,assistant_random,邮政储蓄银行,18年办的邮政储蓄银行信用卡没激活还能用吗,15,查找官方渠道与客服入口,处置账户异常与非预期扣款,False
金融,assistant_random,人民币,1个港币等于多少人民币,8,其他或无法判定的非金融查询,计算具体金额或利率,False
金融,assistant_random,比特币,2010挖矿多久能有一枚比特币,12,查询金融资产实时行情,寻求个股买卖与持有决策建议,False
金融,assistant_random,定期存款利率,2016到2025年工行定期存款利率变化,14,解释金融术语与基础规则,查询金融资产实时行情,False
金融,assistant_random,生猪期货,2026年4月30日生猪期货为何冲高,14,查询金融资产实时行情,寻求个股买卖与持有决策建议,False
金融,assistant_random,黄金价格,2026年8月31日之后黄金价格会跌多少,16,查询金融资产实时行情,寻求个股买卖与持有决策建议,False
金融,assistant_random,银行存款利率,2026年8月辽宁鞍山地区哪家银行存款利率最高,17,查询金融资产实时行情,比较同类金融产品并择优,False
金融,assistant_random,交强险,2026年交强险最低保费是多少,12,解释金融术语与基础规则,寻求个股买卖与持有决策建议,False
金融,assistant_random,人民币,2026年人民币平均汇率对美元,12,其他或无法判定的非金融查询,查询金融资产实时行情,False
金融,assistant_random,人民币,2026年还会发行新版人民币吗,12,其他或无法判定的非金融查询,获取市场动态与事件公告,False
金融,assistant_random,银行利息,2026年银行利息哪个最高,9,解释金融术语与基础规则,比较同类金融产品并择优,False
金融,assistant_random,白银价格,2027年白银价格会涨到100美元吗,14,查询金融资产实时行情,寻求个股买卖与持有决策建议,False
金融,assistant_random,人民币,240000卢币相当于人民币多少钱84万卢币相当于多少钱人民币？,29,其他或无法判定的非金融查询,计算具体金额或利率,False
金融,assistant_random,农业银行,30万存农业银行一个月,7,其他或无法判定的非金融查询,计算具体金额或利率,False
金融,assistant_random,人民币,34545韩元等于多少人民币,11,其他或无法判定的非金融查询,计算具体金额或利率,False
金融,assistant_random,人民币,4300克黄金的总价值是多少人民币,14,其他或无法判定的非金融查询,计算具体金额或利率,False
金融,assistant_random,人民币,5000万美金等于多少人民币？,12,其他或无法判定的非金融查询,计算具体金额或利率,False
金融,assistant_random,美元换算人民币,50万美元换算人民币,3,查询金融资产实时行情,计算具体金额或利率,False
金融,assistant_random,加元兑人民币汇率,5月加元兑人民币汇率大概是多少,7,查询金融资产实时行情,计算具体金额或利率,False
金融,assistant_random,杭电股份,8月27日杭电股份能否继续涨停,11,查询金融资产实时行情,寻求个股买卖与持有决策建议,False
金融,assistant_random,ETF,A500最厉害三个ETF,9,查询金融资产实时行情,查询金融资产实时行情,True
金融,assistant_random,a50,a50富时中国期货指数实时分时图,13,查询金融资产实时行情,查询金融资产实时行情,True
金融,assistant_random,海光信息股票,a股海光信息股票怎么样,5,查询金融资产实时行情,查询金融资产实时行情,True
金融,assistant_random,万润股份,万润股份半导体材料业务2027年毛利率多少,17,查询金融资产实时行情,查询金融资产实时行情,True
金融,assistant_random,农村商业银行,东平农村商业银行0.01股份是多少,11,其他或无法判定的非金融查询,查询金融资产实时行情,False
金融,assistant_random,东方财富,东方财富的国债逆回购百万分之一的手续费经理说搞活动时才有，不是对接经理就能谈,34,查询金融资产实时行情,判定信贷产品账单与征信规则,False
金融,assistant_random,东方财富,东方财富评论怎么屏蔽,6,查询金融资产实时行情,查找官方渠道与客服入口,False
金融,assistant_random,北交所,东通退是否有机会申请北交所上市,12,查询金融资产实时行情,寻求个股买卖与持有决策建议,False
金融,assistant_random,中信银行,中信银行嘉兴有几家分行地址在哪里？,13,其他或无法判定的非金融查询,查找官方渠道与客服入口,False
金融,assistant_random,中国农业银行,中国农业银行得不得也办一一张信用卡？,12,其他或无法判定的非金融查询,其他或无法判定的非金融查询,True
金融,assistant_random,中国广核股票,中国广核股票明日对于空仓者来说可以少量买入吧？博弈短期股价延续上涨态势，风险有多大？什么价位介入？,43,查询金融资产实时行情,寻求个股买卖与持有决策建议,False
金融,assistant_random,中国银行,中国银行广州网点地址大全,8,其他或无法判定的非金融查询,查找官方渠道与客服入口,False
金融,assistant_random,中国银行,中国银行开封学院门支行没有这个名字，那他叫什么名字呀？,23,其他或无法判定的非金融查询,查找官方渠道与客服入口,False
金融,assistant_random,中色股份,中色股份分红政策有何变化,8,查询金融资产实时行情,获取市场动态与事件公告,False
金融,assistant_random,农商银行,丰县农商银行周六上班吗,7,其他或无法判定的非金融查询,查找官方渠道与客服入口,False
金融,assistant_random,贷款平台,云盛花贷款平台的利息和费用是多少,12,寻求应急或无征信门槛借款渠道,判定信贷产品账单与征信规则,False
金融,assistant_random,云闪付,云闪付是什么？,4,核实金融平台真伪与合法性,解释金融术语与基础规则,False
金融,assistant_random,亚星锚链股票,亚星锚链股票适合现在买入吗,7,查询金融资产实时行情,寻求个股买卖与持有决策建议,False
金融,assistant_random,交通银行,交通银行调额度,3,其他或无法判定的非金融查询,其他或无法判定的非金融查询,True
金融,assistant_random,人寿保险,人寿保险交了四年退保能退多少,10,其他或无法判定的非金融查询,计算具体金额或利率,False
金融,assistant_random,北京银行,今天北京市顺义区杨镇北京银行一千块钱三年续存本金加利息是多少,26,其他或无法判定的非金融查询,获取市场动态与事件公告,False
金融,assistant_random,建设银行,今天潍城建设银行上班吗？,8,查找官方渠道与客服入口,查询金融资产实时行情,False
金融,assistant_random,上证指数,今年上证指数最低是什么时间,9,查询金融资产实时行情,查询历史价格走势图,False
金融,assistant_random,今日大盘价黄金,今日大盘价黄金多少,2,查询金融资产实时行情,查询金融资产实时行情,True
金融,assistant_random,信用卡,信用卡可以全额分期还款吗,9,其他或无法判定的非金融查询,判定信贷产品账单与征信规则,False
金融,assistant_random,信用卡,信用卡如果只还了最低应还剩余是计算利息吗,17,其他或无法判定的非金融查询,判定信贷产品账单与征信规则,False
金融,assistant_random,信用卡,信用卡年费不交会冻结哪些银行卡,12,其他或无法判定的非金融查询,判定信贷产品账单与征信规则,False
金融,assistant_random,信用卡,信用卡消费有哪些限制,7,其他或无法判定的非金融查询,判定信贷产品账单与征信规则,False
金融,assistant_random,信用卡,信用卡能买优惠机票吗,7,其他或无法判定的非金融查询,判定信贷产品账单与征信规则,False
金融,assistant_random,光迅科技股票,光迅科技股票值得买入吗,5,查询金融资产实时行情,寻求个股买卖与持有决策建议,False
金融,assistant_random,全志科技股票,全志科技股票未来一年目标价是多少,10,查询金融资产实时行情,寻求个股买卖与持有决策建议,False
金融,assistant_random,信用卡,兰州银行青年友好信用卡的权益有哪些,14,其他或无法判定的非金融查询,解释金融术语与基础规则,False
金融,assistant_random,兴业银行,兴业银行2026年目标价是多少,11,其他或无法判定的非金融查询,寻求个股买卖与持有决策建议,False
金融,assistant_random,兴发集团股票,兴发集团股票下半年能不能大涨,8,查询金融资产实时行情,寻求个股买卖与持有决策建议,False
金融,assistant_random,沪电股份,内行人看沪电股份,4,查询金融资产实时行情,其他或无法判定的非金融查询,False
金融,assistant_random,农业银行,农业银行手机APP哪个版本最好,11,其他或无法判定的非金融查询,查找官方渠道与客服入口,False
金融,assistant_random,农业银行股票,农业银行股票最佳买入点,5,查询金融资产实时行情,寻求个股买卖与持有决策建议,False
金融,assistant_random,农业银行,农业银行逾期自动扣款怎么解决,10,其他或无法判定的非金融查询,处置账户异常与非预期扣款,False
金融,assistant_random,农商银行,农商银行……统一法人改革后，要把优化考核体系作为核心之责……,26,其他或无法判定的非金融查询,其他或无法判定的非金融查询,True
金融,assistant_random,农商银行,农商银行调日限额有手续费吗,9,其他或无法判定的非金融查询,判定信贷产品账单与征信规则,False
金融,assistant_random,农村信用社,农村信用社信用卡禁用后如何恢复,10,其他或无法判定的非金融查询,获取银行或支付账户操作指引,False
金融,assistant_random,农村信用社,农村信用社存钱安不安全,6,其他或无法判定的非金融查询,判定信贷产品账单与征信规则,False
金融,assistant_random,农村信用社,农村信用社最新定期存款的利率是多少？,13,其他或无法判定的非金融查询,获取市场动态与事件公告,False
金融,assistant_random,分期乐,分期乐买吖超市卡退款成功率高吗,12,核实金融平台真伪与合法性,判定信贷产品账单与征信规则,False
金融,assistant_random,大盘走势,分析大盘走势,2,查询历史价格走势图,查询历史价格走势图,True
金融,assistant_random,市盈率,创业板医疗板块的市盈率中位数是多少,14,查询金融资产实时行情,查询金融资产实时行情,True
金融,assistant_random,市盈率,创业板市盈率处于什么水平,9,查询金融资产实时行情,解释金融术语与基础规则,False
金融,assistant_random,创新新材,创新新材今日为什么那么多压盘,10,其他或无法判定的非金融查询,寻求个股买卖与持有决策建议,False
金融,assistant_random,北交所,到月底北交所打新,5,查询金融资产实时行情,查询交易日程与市场状态,False
金融,assistant_random,剑桥科技股票,剑桥科技股票现在可以买吗,6,查询金融资产实时行情,寻求个股买卖与持有决策建议,False
金融,assistant_random,包钢股份,包钢股份8月26日开盘后走势如何,12,查询金融资产实时行情,寻求个股买卖与持有决策建议,False
金融,assistant_random,北交所,北交所上市规则,4,查询金融资产实时行情,解释金融术语与基础规则,False
金融,assistant_random,渤海银行,北京渤海银行20万元本金三年定期利息多少？,17,查询金融资产实时行情,计算具体金额或利率,False
金融,assistant_random,北京银行,北京银行南京分行有哪些其他网点,11,其他或无法判定的非金融查询,查找官方渠道与客服入口,False
金融,assistant_random,华夏银行,华夏银行今日可买入吗,6,查询金融资产实时行情,寻求个股买卖与持有决策建议,False
金融,assistant_random,华夏银行,华夏银行和四大行哪个更值得存钱,11,查询金融资产实时行情,比较同类金融产品并择优,False
金融,assistant_random,华宏科技股票,华宏科技股票适合长线持有吗,7,查询金融资产实时行情,寻求个股买卖与持有决策建议,False
金融,assistant_random,华能国际股票,华能国际股票最高价是哪一年,7,查询金融资产实时行情,查询金融资产实时行情,True
金融,assistant_random,南京银行,南京银行系统维护公告最新,8,其他或无法判定的非金融查询,查找官方渠道与客服入口,False
金融,assistant_random,工商银行,博山路崮山路工商银行周日是否上班呢,13,其他或无法判定的非金融查询,查找官方渠道与客服入口,False
金融,assistant_random,人民币,卢布与人民币是固定汇率吗,9,其他或无法判定的非金融查询,解释金融术语与基础规则,False
金融,assistant_random,友邦保险,友邦保险荣誉讲师的佣金比例是多少,12,查询金融资产实时行情,解释金融术语与基础规则,False
金融,assistant_random,同花顺,同花顺指标广场哪个指标最热门,11,其他或无法判定的非金融查询,比较同类金融产品并择优,False
金融,assistant_random,农业银行,启东农业银行今天有哪里营业的？,11,其他或无法判定的非金融查询,查找官方渠道与客服入口,False
金融,assistant_random,华友钴业股票,周一卖出华友钴业股票的最佳时机,9,查询金融资产实时行情,寻求个股买卖与持有决策建议,False
金融,assistant_random,中国银行,哔哩哔哩中国银行联名卡,7,其他或无法判定的非金融查询,其他或无法判定的非金融查询,True
金融,assistant_random,IPO,嘉泰激光北交所IPO上市概率多大,13,其他或无法判定的非金融查询,其他或无法判定的非金融查询,True
金融,assistant_random,存款利率,四川农信存款利率是多少,7,解释金融术语与基础规则,解释金融术语与基础规则,True
金融,assistant_random,国家助学贷款,国家助学贷款利率自2024年秋季学期起调整为lpr减多少个基点,25,其他或无法判定的非金融查询,获取市场动态与事件公告,False
金融,assistant_random,国家助学贷款,国家助学贷款怎么申请提前还款,8,其他或无法判定的非金融查询,获取银行或支付账户操作指引,False
金融,assistant_random,存款利率,国有六大行里哪家存款利率最高,10,解释金融术语与基础规则,比较同类金融产品并择优,False
金融,assistant_random,国际铜价,国际铜价格今日报价,5,查询金融资产实时行情,查询金融资产实时行情,True
金融,assistant_random,黄金K线图,国际黄金K线图有哪些周期,7,查询历史价格走势图,查询历史价格走势图,True
金融,assistant_random,同花顺,在同花顺盘中怎么能最快找到涨停板最多的板块，能不能动态一键设置,28,其他或无法判定的非金融查询,其他或无法判定的非金融查询,True
金融,assistant_random,人民币,在澳门是否有支持人民币理财的比性价比比较高的银行？,22,其他或无法判定的非金融查询,其他或无法判定的非金融查询,True
金融,assistant_random,农商银行,壤塘县农商银行公积金消费贷款有哪些条件,15,其他或无法判定的非金融查询,判定信贷产品账单与征信规则,False
金融,assistant_random,复星医药,复星医药上半年收入基本无增长，三季度预期会好一点吗,21,查询金融资产实时行情,寻求个股买卖与持有决策建议,False
金融,assistant_random,大秦铁路股票,大秦铁路股票适合长线持有吗,7,查询金融资产实时行情,寻求个股买卖与持有决策建议,False
金融,assistant_random,天原股份,天原股份未来有上涨空间吗,8,查询金融资产实时行情,寻求个股买卖与持有决策建议,False
金融,assistant_random,太平洋保险,太平洋保险车险报价如何获取,8,其他或无法判定的非金融查询,获取银行或支付账户操作指引,False
金融,assistant_random,太平洋保险,太平洋的学平险属于太平洋产险？还是太平洋保险？,18,其他或无法判定的非金融查询,解释金融术语与基础规则,False
金融,assistant_random,中信银行,如何下载中信银行公众号？,8,其他或无法判定的非金融查询,查找官方渠道与客服入口,False
金融,assistant_random,京东金融,如何关闭京东金融一分购,7,核实金融平台真伪与合法性,获取银行或支付账户操作指引,False
金融,assistant_random,易宝支付,如何向易宝支付和驰恒保官方提交退款申诉,15,其他或无法判定的非金融查询,处置账户异常与非预期扣款,False
金融,assistant_random,支付宝,如何开启支付宝的碰一下支付功能,12,其他或无法判定的非金融查询,获取银行或支付账户操作指引,False
金融,assistant_random,支付宝,如何彻底解除支付宝的支付功能,11,其他或无法判定的非金融查询,获取银行或支付账户操作指引,False
金融,assistant_random,支付宝,如何提升支付宝的单笔限额,9,其他或无法判定的非金融查询,获取银行或支付账户操作指引,False
金融,assistant_random,北交所,如何查询苏讯新材北交所上会结果,12,查询金融资产实时行情,获取银行或支付账户操作指引,False
金融,assistant_random,农业银行,如何确认农业银行掌银是否已注册,11,其他或无法判定的非金融查询,获取银行或支付账户操作指引,False
金融,assistant_random,建设银行,如何解除建设银行APP的设备绑定,12,查找官方渠道与客服入口,获取银行或支付账户操作指引,False
金融,assistant_random,ETF,如何设置手机看ETF界面,9,查询金融资产实时行情,获取银行或支付账户操作指引,False
金融,assistant_random,宁德股票,宁德股票时代未来有上涨空间吗,10,查询金融资产实时行情,寻求个股买卖与持有决策建议,False
金融,assistant_random,安逸花,安逸花和优逸花哪个更靠谱,9,查找官方渠道与客服入口,核实金融平台真伪与合法性,False
金融,assistant_random,农业银行,岑溪市水汶镇农业银行礼拜六礼拜天办理业务吗？,18,其他或无法判定的非金融查询,查找官方渠道与客服入口,False
金融,assistant_random,工商银行,工商银行02920存单整存整取销户回单凭证里的借方就是我的定期存单，贷方就是我的借记卡。银行是充当什么角色？,50,其他或无法判定的非金融查询,解释金融术语与基础规则,False
金融,assistant_random,工商银行,工商银行换手机号需要多长时间,10,其他或无法判定的非金融查询,获取银行或支付账户操作指引,False
金融,assistant_random,工商银行,工商银行转账显示1072是什么意思?常见原因及解决方法,23,其他或无法判定的非金融查询,处置账户异常与非预期扣款,False
金融,assistant_random,信用卡,工行信用卡降额到0，还能恢复吗,12,其他或无法判定的非金融查询,处置账户异常与非预期扣款,False
金融,assistant_random,市盈率,市盈率最低的股票,5,查询金融资产实时行情,查询金融资产实时行情,True
金融,assistant_random,平安保险,平安保险雇主责任险电话,7,查找官方渠道与客服入口,查找官方渠道与客服入口,True
金融,assistant_random,平安银行,平安银行APP不绑卡能查助学贷款进度吗,15,查找官方渠道与客服入口,查找官方渠道与客服入口,True
金融,assistant_random,平安银行,平安银行哪些理财可靠,6,查找官方渠道与客服入口,核实金融平台真伪与合法性,False
金融,assistant_random,平安银行,平安银行属于什么级别,6,查找官方渠道与客服入口,解释金融术语与基础规则,False
金融,assistant_random,广发银行,广发银行和四大行有什么区别,9,其他或无法判定的非金融查询,解释金融术语与基础规则,False
金融,assistant_random,白云山股票,广药白云山股票代码多少？,7,查询金融资产实时行情,查询金融资产实时行情,True
金融,assistant_random,云闪付,广西百色的云闪付红包何时过期,11,核实金融平台真伪与合法性,获取市场动态与事件公告,False
金融,assistant_random,度小满,度小满是不是正规网贷,7,核实金融平台真伪与合法性,核实金融平台真伪与合法性,True
金融,assistant_random,建设银行,建设银行长虹路支行何时营业,9,查找官方渠道与客服入口,查找官方渠道与客服入口,True
金融,assistant_random,农商银行,张勇、刘田田在费县农商银行有贷款吗,13,其他或无法判定的非金融查询,其他或无法判定的非金融查询,True
金融,assistant_random,信用卡,征信花了，农行信用卡好下吗,10,其他或无法判定的非金融查询,判定信贷产品账单与征信规则,False
金融,assistant_random,中国建设银行,怎样在中国建设银行A P P上查询借记卡年费是否免费？,21,查找官方渠道与客服入口,获取银行或支付账户操作指引,False
金融,assistant_random,恒丰银行,恒丰银行2026年净利润增长趋势如何,14,查询金融资产实时行情,获取市场动态与事件公告,False
金融,assistant_random,手机银行,手机银行如何设置才能防诈骗,9,其他或无法判定的非金融查询,获取银行或支付账户操作指引,False
金融,assistant_random,手机银行,手机银行贷款额度一般最高多少,10,其他或无法判定的非金融查询,判定信贷产品账单与征信规则,False
金融,assistant_random,支付宝,扫一扫那个支付宝的二维码吗？,11,其他或无法判定的非金融查询,其他或无法判定的非金融查询,True
金融,assistant_random,比特币,把价值1400万比特币卖到三大平台，你再算算用几天能全部提现到银行卡,31,查询金融资产实时行情,处置账户异常与非预期扣款,False
金融,assistant_random,放心借,抖音放心借为什么审核不通过,10,核实金融平台真伪与合法性,判定信贷产品账单与征信规则,False
金融,assistant_random,助学贷款,提前还款2万元生源地信用助学贷款划算吗,15,其他或无法判定的非金融查询,计算具体金额或利率,False
金融,assistant_random,支付宝,支付宝到账50,4,其他或无法判定的非金融查询,其他或无法判定的非金融查询,True
金融,assistant_random,数字人民币,数字人民币跨境支付能提升人民币国际占比吗,15,查询金融资产实时行情,其他或无法判定的非金融查询,False
金融,assistant_random,数据港,数据港下周会涨吗,5,其他或无法判定的非金融查询,寻求个股买卖与持有决策建议,False
金融,assistant_random,新网银行,新网银行好商贷怎么申请,7,查找官方渠道与客服入口,获取银行或支付账户操作指引,False
金融,assistant_random,昊华科技股票,昊华科技股票最近走势怎么样,7,查询金融资产实时行情,寻求个股买卖与持有决策建议,False
金融,assistant_random,易宝支付,易宝支付有限公司的主要业务有哪些,12,其他或无法判定的非金融查询,解释金融术语与基础规则,False
金融,assistant_random,星宇股份,星宇股份告洋状为什么能赢,8,查询金融资产实时行情,其他或无法判定的非金融查询,False
金融,assistant_random,星宇股份,星宇股份是股票吗？,5,查询金融资产实时行情,查询金融资产实时行情,True
金融,assistant_random,浦发银行,晋宁区还有没有其他浦发银行网点,11,查询金融资产实时行情,查找官方渠道与客服入口,False
金融,assistant_random,农业银行,有没有农业银行在三口镇的网点,10,其他或无法判定的非金融查询,查找官方渠道与客服入口,False
金融,assistant_random,信用卡,有网贷吗？没有信用卡欠多少？不欠网赌赌球炒b粘不沾都不碰喝大酒吗？应酬偶尔喝动手打女人吗？我看着像有这个爱好，看不出来，所以才问,61,其他或无法判定的非金融查询,其他或无法判定的非金融查询,True
金融,assistant_random,杭电股份,杭电股份2026年目标价预测是多少,13,查询金融资产实时行情,寻求个股买卖与持有决策建议,False
金融,assistant_random,杭电股份,杭电股份目前有哪些重大利好消息,11,查询金融资产实时行情,获取市场动态与事件公告,False
金融,assistant_random,人民币,核算人民币多少钱,5,其他或无法判定的非金融查询,计算具体金额或利率,False
金融,assistant_random,货币兑换,格格鲁吉亚的货币兑换人民币是怎么兑换,14,查询金融资产实时行情,计算具体金额或利率,False
金融,assistant_random,比亚迪股票,比亚迪股票九月份的走势,6,查询金融资产实时行情,查询金融资产实时行情,True
金融,assistant_random,比特币,比特币今曰行情最新价格美元,10,查询金融资产实时行情,查询金融资产实时行情,True
金融,assistant_random,比特币,比特币怎么持有,4,查询金融资产实时行情,解释金融术语与基础规则,False
金融,assistant_random,沪深300,沪深300 科创50Etf哪个更适合新手,15,查询金融资产实时行情,比较同类金融产品并择优,False
金融,assistant_random,泰铢兑换人民币汇率,泰铢兑换人民币汇率多少,2,查询金融资产实时行情,查询金融资产实时行情,True
金融,assistant_random,济川药业股票,济川药业股票24.5元买入5000股24.69元卖出扣除手续费赚多少钱？,30,查询金融资产实时行情,寻求个股买卖与持有决策建议,False
金融,assistant_random,浦发银行,浦发银行被国家列入高风险吗,9,查询金融资产实时行情,解释金融术语与基础规则,False
金融,assistant_random,海欣股份,海欣股份2001年6月最高价的具体数字是多少,18,查询金融资产实时行情,查询金融资产实时行情,True
金融,assistant_random,渤海银行,渤海银行 股票,3,查询金融资产实时行情,查询金融资产实时行情,True
金融,assistant_random,贷款利率,渭南民间贷款利率是多少,7,查询金融资产实时行情,查询金融资产实时行情,True
金融,assistant_random,湘潭电化股票,湘潭电化股票近期走势如何,6,查询金融资产实时行情,寻求个股买卖与持有决策建议,False
金融,assistant_random,今日金价,湛江地区今日金价具体是多少,9,查询金融资产实时行情,查询金融资产实时行情,True
金融,assistant_random,华林证券,灰空里靠前面有那么几个什么证件终端什么什么那个就是那个华林证券终端什么什么什么完了就是一键清除什么什么360完了就AI 1键清除360完了又一个图标就是AI 360导航一个主线这这几个大框啊这几个大框大概是我打开过，所以出了几个大框完了靠,115,查询金融资产实时行情,获取银行或支付账户操作指引,False
金融,assistant_random,比特币,现在1比特币兑换人民币是多少,11,查询金融资产实时行情,计算具体金额或利率,False
金融,assistant_random,助学贷款,生源地助学贷款指定账户,7,其他或无法判定的非金融查询,查找官方渠道与客服入口,False
金融,assistant_random,甲醇期货,甲醇期货2609合约近期走势如何,12,查询金融资产实时行情,寻求个股买卖与持有决策建议,False
金融,assistant_random,盛龙股份股票,盛龙股份股票的目标价是多少,7,查询金融资产实时行情,查询金融资产实时行情,True
金融,assistant_random,石英股份,石英股份的目标价是多少,7,查询金融资产实时行情,查询金融资产实时行情,True
金融,assistant_random,神火股份,神火股份和金利华电的库存价值对比,12,查询金融资产实时行情,比较同类金融产品并择优,False
金融,assistant_random,福建农信,福建农信社惠客贷申请条件,8,查找官方渠道与客服入口,获取银行或支付账户操作指引,False
金融,assistant_random,福晶科技股票,福晶科技股票有投资价值吗,6,查询金融资产实时行情,寻求个股买卖与持有决策建议,False
金融,assistant_random,福田汽车股票,福田汽车股票近期有机构买入吗,8,查询金融资产实时行情,寻求个股买卖与持有决策建议,False
金融,assistant_random,科创板,科创板持仓集中度限制如何计算,11,查询金融资产实时行情,解释金融术语与基础规则,False
金融,assistant_random,科创板,科创板知识测试题有答案吗,9,查询金融资产实时行情,其他或无法判定的非金融查询,False
金融,assistant_random,科创板,科创板股票开盘价如何预测,9,查询金融资产实时行情,寻求个股买卖与持有决策建议,False
金融,assistant_random,科创板,科创板要需要多少资金？,8,查询金融资产实时行情,其他或无法判定的非金融查询,False
金融,assistant_random,ETF,给我推荐几只港股地产ETF,10,查询金融资产实时行情,寻求个股买卖与持有决策建议,False
金融,assistant_random,农业银行,给我提供信阳柳林最近的农业银行网点信息,15,其他或无法判定的非金融查询,查找官方渠道与客服入口,False
金融,assistant_random,市盈率,给我更多2026年8月A股市盈率最低的股票,18,查询金融资产实时行情,寻求个股买卖与持有决策建议,False
金融,assistant_random,费城半导体指数,美国费城半导体指数对英伟达影响有多大？,12,查询金融资产实时行情,查询金融资产实时行情,True
金融,assistant_random,金融是做什么的,美国韦伯斯特金融是做什么的？,7,解释金融术语与基础规则,解释金融术语与基础规则,True
金融,assistant_random,中国农业银行,而且他还穿25的。中国农业银行金海路,12,其他或无法判定的非金融查询,其他或无法判定的非金融查询,True
金融,assistant_random,脸书股票,脸书股票目标价是多少,6,查询金融资产实时行情,查询金融资产实时行情,True
金融,assistant_random,市盈率,芯片公司平均市盈率,6,查询金融资产实时行情,查询金融资产实时行情,True
金融,assistant_random,IPO,荣耀IPO进展有哪些最新动态,11,其他或无法判定的非金融查询,获取市场动态与事件公告,False
金融,assistant_random,藏格矿业股票,藏格矿业股票有潜力吗,4,查询金融资产实时行情,寻求个股买卖与持有决策建议,False
金融,assistant_random,蚂蚁庄园,蚂蚁庄园小鸡原皮钥匙扣,7,获取每日答题活动答案,获取每日答题活动答案,True
金融,assistant_random,蚂蚁庄园,蚂蚁庄园跟蚂蚁新村的今日答案,10,获取每日答题活动答案,获取每日答题活动答案,True
金融,assistant_random,证券公司,融资余额是指在融资融券交易中，投资者向证券公司借入资金买入证券后，未偿还的资金总额。其基本计算公式为：当日融资余额 = 前一日融资余额 - 当日偿还额 + 当日融资买入额。该指标是反映市场资金面、投资者情绪和杠杆使用程度的重要参考，其变动受市场利率、预期收益及投资者风险偏好等多重因素影响。融资余额的持续增长通常意味着市场买入意愿较强，反之则可能预示市场趋于谨慎。例如，A股市场融资余额曾于2025年8月11日突破两万亿元大关，达到约20122亿元。进入2026年，市场融资规模持续波动，截至2026年4月2日，两市融资余额合计25720.55亿元；至5月13日，融资余额合计28528.54亿元。2026年上半年，市场平均两融余额达到2.75万亿元，同比增长48.81%。然而，自2026年7月起，市场融资余额出现连续下降，截至7月8日，融资余额为29381.15亿元；至7月20日，全市场融资余额 融资余额高意味着什么,407,其他或无法判定的非金融查询,解释金融术语与基础规则,False
金融,assistant_random,农商银行,西樵农商银行总行可以港币换人民币吗,13,其他或无法判定的非金融查询,获取银行或支付账户操作指引,False
金融,assistant_random,西王食品股票,西王食品股票未来有上涨空间吗,8,查询金融资产实时行情,寻求个股买卖与持有决策建议,False
金融,assistant_random,个人征信,解除限高会影响个人征信记录吗,10,其他或无法判定的非金融查询,判定信贷产品账单与征信规则,False
金融,assistant_random,好分期,请请问好分期线线上办借款到放款需要什么流程？需要多长时间？,26,核实金融平台真伪与合法性,获取银行或支付账户操作指引,False
金融,assistant_random,财付通,财付通网贷入口在哪里可以找到,11,其他或无法判定的非金融查询,获取银行或支付账户操作指引,False
金融,assistant_random,人民币,贷款起止日期2020年9月18日至2047年9月18日，贷款总金额54.2万人民币，以等额本金的方式还款，每月18日扣款。年利率3.2%.本月剩余本金423228元如果本年8月25日提前还款22万.以保持原月还本金标准，缩短还款年限。缩短多少个月最划算？可以节省多少利息？还剩多少个月可以还清？下个月利息和本金总共是多少？最后的还款日期是什么时候？,171,其他或无法判定的非金融查询,计算具体金额或利率,False
金融,assistant_random,赛微电子股票,赛微电子股票中报预报,4,查询金融资产实时行情,查询金融资产实时行情,True
金融,assistant_random,赛轮轮胎股票,赛轮轮胎股票短期目标价是多少,8,查询金融资产实时行情,寻求个股买卖与持有决策建议,False
金融,assistant_random,软通动力股票,软通动力股票现在可以入手吗,7,查询金融资产实时行情,寻求个股买卖与持有决策建议,False
金融,assistant_random,东吴证券,这个标识是否与东吴证券有关,9,查询金融资产实时行情,其他或无法判定的非金融查询,False
金融,assistant_random,通达信,通达信安卓平板版下载入口,9,其他或无法判定的非金融查询,查找官方渠道与客服入口,False
金融,assistant_random,助学贷款,那我第二个是开户成功的 助学贷款到底会发到那个卡里啊,22,其他或无法判定的非金融查询,获取银行或支付账户操作指引,False
金融,assistant_random,邮储银行,邮储银行的高温补贴和卫生费是多少钱,13,其他或无法判定的非金融查询,判定信贷产品账单与征信规则,False
金融,assistant_random,郑州银行,郑州银行和工行哪个更适合我,9,其他或无法判定的非金融查询,比较同类金融产品并择优,False
金融,assistant_random,金发科技,金发科技什么时候分红,6,查询金融资产实时行情,寻求个股买卖与持有决策建议,False
金融,assistant_random,个人征信,长期0申报会影响个人征信吗,9,其他或无法判定的非金融查询,判定信贷产品账单与征信规则,False
金融,assistant_random,长江证券,长江证券回购方案具体执行时间表,11,查询金融资产实时行情,获取市场动态与事件公告,False
金融,assistant_random,阳光电源股票,阳光电源股票为什么暴跌,5,查询金融资产实时行情,寻求个股买卖与持有决策建议,False
金融,assistant_random,农业银行,鞋都三期，农业银行今天上班,9,其他或无法判定的非金融查询,查找官方渠道与客服入口,False
金融,assistant_random,韩国股市,韩国股市大盘指数行情,6,查询金融资产实时行情,查询金融资产实时行情,True
金融,assistant_random,风华高科股票,风华高科股票今天怎么样,5,查询金融资产实时行情,查询金融资产实时行情,True
金融,assistant_voice,农村信用社,农村信用社手机开通步骤,6,其他或无法判定的非金融查询,获取银行或支付账户操作指引,False
金融,assistant_voice,中国铝业股票,中国铝业股票代码,2,查询金融资产实时行情,查询金融资产实时行情,True
金融,assistant_voice,众安保险,众安保险升级版十一块是指的是一个月还是一年,17,核实金融平台真伪与合法性,解释金融术语与基础规则,False
金融,assistant_voice,支付宝,怎样把社保从微信支付转到支付宝支付,14,其他或无法判定的非金融查询,获取银行或支付账户操作指引,False
金融,assistant_voice,大地保险,中国大地保险的电话是多少,8,其他或无法判定的非金融查询,查找官方渠道与客服入口,False
金融,assistant_voice,五粮液股票,五粮液股票今天的价格,5,查询金融资产实时行情,查询金融资产实时行情,True
金融,assistant_voice,中国银行,中国银行超会铜价什么时候开始什么时候结束,16,其他或无法判定的非金融查询,查询交易日程与市场状态,False
金融,assistant_voice,人民币,一亿缅币是多少人民币,7,其他或无法判定的非金融查询,计算具体金额或利率,False
金融,assistant_voice,中国人寿保险,中国人寿保险的电话,3,其他或无法判定的非金融查询,查找官方渠道与客服入口,False
金融,assistant_voice,农业银行,黄骅农业银行周六下午几点下班,10,其他或无法判定的非金融查询,查找官方渠道与客服入口,False
金融,assistant_voice,中国工商银行,中国工商银行周六周日会不会放假,9,其他或无法判定的非金融查询,查找官方渠道与客服入口,False
金融,assistant_voice,助学贷款,助学贷款续贷的话学校每年也要统计表格吗,15,其他或无法判定的非金融查询,判定信贷产品账单与征信规则,False
金融,assistant_voice,人民币,三十元人民币可以兑换多少香港货币,13,其他或无法判定的非金融查询,计算具体金额或利率,False
金融,assistant_voice,农业银行,农业银行信息短信服务怎么关闭,10,其他或无法判定的非金融查询,获取银行或支付账户操作指引,False
金融,assistant_voice,支付宝,支付宝怎么查看有哪些银行绑定着呢我,14,其他或无法判定的非金融查询,获取银行或支付账户操作指引,False
金融,assistant_voice,工商银行,为啥昆山工商银行短信服务费一个月要收30啊,17,其他或无法判定的非金融查询,处置账户异常与非预期扣款,False
金融,assistant_voice,信用卡,晚上10点还款还信用卡有危险吗,12,其他或无法判定的非金融查询,判定信贷产品账单与征信规则,False
金融,assistant_voice,人民币,郑丽文向日本捐赠1000000挖币折合人民币是多少,22,其他或无法判定的非金融查询,计算具体金额或利率,False
金融,assistant_voice,长电科技股票,长电科技股票在66左右是属于高估值还是低估值目前有没有上涨空间和发展前景20,32,查询金融资产实时行情,寻求个股买卖与持有决策建议,False
金融,assistant_voice,中国海油股票,未来十年中国海油股票价格走势,8,查询金融资产实时行情,寻求个股买卖与持有决策建议,False
金融,assistant_voice,云闪付,云闪付里怎么办空调补助,8,核实金融平台真伪与合法性,获取银行或支付账户操作指引,False
金融,assistant_voice,建设银行,怎么激活学生大学的建设银行卡,10,查找官方渠道与客服入口,获取银行或支付账户操作指引,False
金融,assistant_voice,中国银行,中国银行的电子回单从哪里查,9,其他或无法判定的非金融查询,获取银行或支付账户操作指引,False
金融,assistant_voice,一卢布等于多少人民币,人民币与卢布的这个汇率是多少一卢布等于多少人民币人民币又能等于多少卢布,25,计算具体金额或利率,计算具体金额或利率,True
金融,assistant_voice,人民币,老挝币230万是多少人民币,10,其他或无法判定的非金融查询,计算具体金额或利率,False
金融,assistant_voice,兴业银行,兴业银行今日大额存单,6,其他或无法判定的非金融查询,查询金融资产实时行情,False
金融,assistant_voice,信用卡,信用卡还款是账单出了钱还好还是账单出来后还好,19,其他或无法判定的非金融查询,处置账户异常与非预期扣款,False
金融,assistant_voice,人民币,2000比索有多少人民币,9,其他或无法判定的非金融查询,计算具体金额或利率,False
金融,assistant_voice,人民币,180卢比化为人民币约多少元,11,其他或无法判定的非金融查询,计算具体金额或利率,False
金融,assistant_voice,平安金管家,平安金管家恢复保单窗,5,查找官方渠道与客服入口,获取银行或支付账户操作指引,False
金融,assistant_voice,北交所,8月3号在北交所申购的那个股票要想得4 1需要多少资金,24,查询金融资产实时行情,获取银行或支付账户操作指引,False
金融,assistant_voice,农业银行,东莞农业银行周六上不上班,8,其他或无法判定的非金融查询,查找官方渠道与客服入口,False
金融,assistant_voice,人民币,1000000缅甸币折合人民币多少钱,15,其他或无法判定的非金融查询,计算具体金额或利率,False
金融,assistant_voice,人民币,美元人民币,2,其他或无法判定的非金融查询,查询金融资产实时行情,False
金融,assistant_voice,人民币,美元人民币,2,其他或无法判定的非金融查询,查询金融资产实时行情,False
金融,assistant_voice,工商银行,个人持工商银行2个卡一张卡为一类卡第二张卡为二类卡请问2张卡收不收年费,31,其他或无法判定的非金融查询,判定信贷产品账单与征信规则,False
金融,assistant_voice,人民币,一人民币等于多少越南盾,8,其他或无法判定的非金融查询,计算具体金额或利率,False
金融,assistant_voice,人民币,一人民币等于多少越南盾,8,其他或无法判定的非金融查询,计算具体金额或利率,False
金融,assistant_voice,人民币,一人民币兑换多少叙利亚币,9,其他或无法判定的非金融查询,计算具体金额或利率,False
金融,assistant_voice,云闪付,云闪付优优惠活动到几月结束,10,核实金融平台真伪与合法性,获取市场动态与事件公告,False
金融,assistant_voice,中国股市,中国股市和美国股市监管的区别是什么,13,查询金融资产实时行情,解释金融术语与基础规则,False
金融,assistant_voice,信用卡,给我说一下邮政信用卡储蓄邮政,11,其他或无法判定的非金融查询,比较同类金融产品并择优,False
金融,assistant_voice,人民币,1700000台台泰铢折多少人民币,14,其他或无法判定的非金融查询,计算具体金额或利率,False
金融,assistant_voice,支付宝,银行卡在在那个柜台上存了钱但是在微信跟支付宝支付宝上可以随意转账提现是怎,33,其他或无法判定的非金融查询,获取银行或支付账户操作指引,False
金融,assistant_voice,人民币,1000000韩元是多少人民币,12,其他或无法判定的非金融查询,计算具体金额或利率,False
金融,assistant_voice,放心借,放心借怎么关闭,4,核实金融平台真伪与合法性,获取银行或支付账户操作指引,False
金融,assistant_voice,放心借,放心借怎么关闭,4,核实金融平台真伪与合法性,获取银行或支付账户操作指引,False
金融,assistant_voice,招商银行,西安市内招商银行卡在其他银行卡在其他银行取钱收手续费不,23,其他或无法判定的非金融查询,获取银行或支付账户操作指引,False
金融,assistant_voice,人民币,50越南盾相当于多少人民币,10,其他或无法判定的非金融查询,计算具体金额或利率,False
金融,assistant_voice,中国石油股票,中国石油股票a股价格,4,查询金融资产实时行情,查询金融资产实时行情,True
金融,assistant_voice,中国银行,中国银行积存金最新优惠,7,其他或无法判定的非金融查询,查找官方渠道与客服入口,False
金融,assistant_voice,人民币,我币换人民币现在多少钱,8,其他或无法判定的非金融查询,计算具体金额或利率,False
金融,assistant_voice,农商银行,前往辽宁农商银行办理开通小额免密录入学生本人人脸识别用于食堂就餐刷卡,30,其他或无法判定的非金融查询,查找官方渠道与客服入口,False
金融,assistant_voice,农业银行,农业银行信用卡的客服电话多少,10,其他或无法判定的非金融查询,查找官方渠道与客服入口,False
金融,assistant_voice,人民币,科威特1元换人民币,6,其他或无法判定的非金融查询,计算具体金额或利率,False
金融,assistant_voice,农村信用社,农村信用社在手机上开通银行怎么开,11,其他或无法判定的非金融查询,获取银行或支付账户操作指引,False
金融,assistant_voice,人民币,二百八十七块五港币等于多少人民币,13,其他或无法判定的非金融查询,计算具体金额或利率,False
金融,assistant_voice,支付宝,查支付宝里面那个备用金人工服务是多少,15,其他或无法判定的非金融查询,获取银行或支付账户操作指引,False
金融,assistant_voice,民生银行,银联POS机第1笔钱刷的是民生银行的是到账了第2笔钱刷的是嗯第2笔钱刷的是另外,35,其他或无法判定的非金融查询,获取银行或支付账户操作指引,False
金融,assistant_voice,民生银行,银联POS机第1笔钱刷的是民生银行的是到账了第2笔钱刷的是嗯第2笔钱刷的是另外,35,其他或无法判定的非金融查询,获取银行或支付账户操作指引,False
金融,assistant_voice,人民币,第五套人民币,3,其他或无法判定的非金融查询,查询金融资产实时行情,False
金融,assistant_voice,人民币,第五套人民币,3,其他或无法判定的非金融查询,查询金融资产实时行情,False
金融,assistant_voice,人民币,第五套人民币,3,其他或无法判定的非金融查询,查询金融资产实时行情,False
金融,assistant_voice,日本汇率,日本花了多少钱拯救日本汇率,9,查询金融资产实时行情,计算具体金额或利率,False
金融,assistant_voice,浦发银行,浦发银行客服电话,4,查询金融资产实时行情,查找官方渠道与客服入口,False
金融,assistant_voice,浦发银行,浦发银行客服电话是多些,7,查询金融资产实时行情,查找官方渠道与客服入口,False
金融,assistant_voice,人民币,100000港币折合人民币多少元,13,其他或无法判定的非金融查询,计算具体金额或利率,False
金融,assistant_voice,支付宝,如何使用支付宝的碰一下支付,10,其他或无法判定的非金融查询,获取银行或支付账户操作指引,False
金融,assistant_voice,中国银行,中国银行巨野支行,4,其他或无法判定的非金融查询,查找官方渠道与客服入口,False
金融,assistant_voice,中国银行,中国银行为什么给大一新生打电话,11,其他或无法判定的非金融查询,其他或无法判定的非金融查询,True
金融,assistant_voice,兴业银行,兴业银行手机银行登录后如何安全退出,13,其他或无法判定的非金融查询,获取银行或支付账户操作指引,False
金融,assistant_voice,证券板块,证券市场随着科技股一起下跌那么证券板块,15,查询金融资产实时行情,寻求个股买卖与持有决策建议,False
金融,assistant_voice,浙商银行,浙商银行2026目标价,7,其他或无法判定的非金融查询,查询金融资产实时行情,False
金融,assistant_voice,人民币,孟加拉达卡兑人民币,6,其他或无法判定的非金融查询,查询金融资产实时行情,False
金融,assistant_voice,蚂蚁庄园,低血糖的症状有哪些蚂蚁庄园,9,获取每日答题活动答案,获取每日答题活动答案,True
金融,assistant_voice,建设银行,湖南宜章建设银行星期六哪个银行上班,13,查找官方渠道与客服入口,查找官方渠道与客服入口,True
金融,assistant_voice,天风证券,天风证券证券代码,4,查询金融资产实时行情,查询金融资产实时行情,True
金融,assistant_voice,长城证券,长城证券APP怎么进入绑定银行卡,12,查询金融资产实时行情,获取银行或支付账户操作指引,False
金融,assistant_voice,工商银行,工商银行吴江区油车路支付支行的行号是多少我,17,其他或无法判定的非金融查询,查找官方渠道与客服入口,False
金融,assistant_voice,杭州银行,支付宝里的杭州银行信用购是什么意思和花呗不是一个商家吗,23,其他或无法判定的非金融查询,解释金融术语与基础规则,False
金融,assistant_voice,支付宝,招行好期贷在支付宝上申请还是在联通APP上申请更容易过,24,其他或无法判定的非金融查询,获取银行或支付账户操作指引,False
金融,assistant_voice,交强险,特种车的交强险和一般货车交强险是不是不一样,18,解释金融术语与基础规则,解释金融术语与基础规则,True
金融,assistant_voice,交强险,特种车的交强险和一般货车交强险是不是不一样,18,解释金融术语与基础规则,解释金融术语与基础规则,True
金融,assistant_voice,银河证券,银河证券开户需要花佣金吗,8,查询金融资产实时行情,获取银行或支付账户操作指引,False
金融,assistant_voice,建设银行,亭子有没有建设银行,5,查找官方渠道与客服入口,查找官方渠道与客服入口,True
金融,assistant_voice,ETF,云计算ETF市盈率516510,12,查询金融资产实时行情,查询金融资产实时行情,True
金融,assistant_voice,农业银行,农业银行定期利率是多少,7,其他或无法判定的非金融查询,解释金融术语与基础规则,False
金融,assistant_voice,信用卡,吉林信用卡出账单是多少号,9,其他或无法判定的非金融查询,判定信贷产品账单与征信规则,False
金融,assistant_voice,怎么开户,融通金怎么开户,3,获取银行或支付账户操作指引,获取银行或支付账户操作指引,True
金融,assistant_voice,人民币,150人民币等于多少马币,9,其他或无法判定的非金融查询,计算具体金额或利率,False
金融,assistant_voice,工商银行,如何查询滨州市滨城区工商银行支行星期六值班时间表,20,其他或无法判定的非金融查询,查找官方渠道与客服入口,False
金融,assistant_voice,韩元汇率,1950年韩元汇率,5,查询金融资产实时行情,查询金融资产实时行情,True
金融,assistant_voice,农商银行,农商银行转账限额150000怎么转10000都转不出去说是超额了,28,其他或无法判定的非金融查询,处置账户异常与非预期扣款,False
金融,assistant_voice,邮政银行,附近的邮政银行,3,其他或无法判定的非金融查询,查找官方渠道与客服入口,False
金融,assistant_voice,支付宝,我的支我的支付宝页面也打上了AI是怎么回事啊,19,其他或无法判定的非金融查询,其他或无法判定的非金融查询,True
金融,assistant_voice,人民币,零五年的人民币淘汰了吗,8,其他或无法判定的非金融查询,其他或无法判定的非金融查询,True
金融,assistant_voice,人民币,一亿港币等于多少人民币,8,其他或无法判定的非金融查询,计算具体金额或利率,False
金融,assistant_voice,中证500,中证500 ETF市盈率,7,查询金融资产实时行情,查询金融资产实时行情,True
金融,assistant_voice,助学贷款,大学生助学贷款八万元毕业时可以一次性还清八万元不还不给利息吗,26,其他或无法判定的非金融查询,判定信贷产品账单与征信规则,False
金融,assistant_voice,邮政银行,中国邮政银行手机APP我失了怎样自己解挂解,17,其他或无法判定的非金融查询,获取银行或支付账户操作指引,False
金融,assistant_voice,邮政银行,中国邮政银行手机APP我失了怎样自己解挂解,17,其他或无法判定的非金融查询,获取银行或支付账户操作指引,False
金融,assistant_voice,君正集团,君正集团股票,2,查询金融资产实时行情,查询金融资产实时行情,True
金融,assistant_voice,信用卡,四川分行信用卡活动参与入口为,11,其他或无法判定的非金融查询,查找官方渠道与客服入口,False
金融,assistant_voice,兴业银行,兴业银行收款码要换新的收款码吗从8月1号开始真的还是假的,24,其他或无法判定的非金融查询,处置账户异常与非预期扣款,False
金融,assistant_voice,人民币,5000000叙利亚币合人民币多少钱,15,其他或无法判定的非金融查询,计算具体金额或利率,False
金融,assistant_voice,省广集团股票,省广集团股票怎么样,3,查询金融资产实时行情,寻求个股买卖与持有决策建议,False
金融,assistant_voice,交通银行,交通银行手机银行不显示定期存款,11,其他或无法判定的非金融查询,处置账户异常与非预期扣款,False
金融,assistant_voice,IPO,长江存储IPO,4,其他或无法判定的非金融查询,查询金融资产实时行情,False
金融,assistant_voice,支付宝,支付宝里面的高德打车经济型这个接单快吗,16,其他或无法判定的非金融查询,其他或无法判定的非金融查询,True
金融,assistant_voice,支付宝,绑定支付宝能吗,4,其他或无法判定的非金融查询,获取银行或支付账户操作指引,False
金融,assistant_voice,信用卡,爱银行信用卡电话,5,其他或无法判定的非金融查询,查找官方渠道与客服入口,False
金融,assistant_voice,人民币,300元台币折合人民币多少,10,其他或无法判定的非金融查询,计算具体金额或利率,False
金融,assistant_voice,贷款利率,银行9月1号贷款利率下调,8,查询金融资产实时行情,获取市场动态与事件公告,False
金融,assistant_voice,人民币,20000000美金等于人民币多少钱,15,其他或无法判定的非金融查询,计算具体金额或利率,False
金融,assistant_voice,长鑫科技股票,长鑫科技股票价格,2,查询金融资产实时行情,查询金融资产实时行情,True
金融,assistant_voice,人民币,台币30台币兑换多少人民币,10,其他或无法判定的非金融查询,计算具体金额或利率,False
金融,assistant_voice,存款利率,2017年一万块钱的存款利率是多少,13,解释金融术语与基础规则,计算具体金额或利率,False
金融,assistant_voice,信用卡,信用卡安全码是什么,6,其他或无法判定的非金融查询,解释金融术语与基础规则,False
金融,assistant_voice,中国股市,你韩国股市涨了1000多点你中国股市没有脸,17,查询金融资产实时行情,其他或无法判定的非金融查询,False
金融,assistant_voice,支付宝,如何解绑支付宝绑定的银行卡,10,其他或无法判定的非金融查询,获取银行或支付账户操作指引,False
金融,assistant_voice,人民币,10亿日元等于多少人民币,9,其他或无法判定的非金融查询,计算具体金额或利率,False
金融,assistant_voice,同花顺,也就是说我们看股票的时候通过同花顺软件看到的是就是二手资料了从交易所再到,33,其他或无法判定的非金融查询,解释金融术语与基础规则,False
金融,assistant_voice,博迁新材,博迁新材现状,2,查询金融资产实时行情,查询金融资产实时行情,True
金融,assistant_voice,人民币,港币500元折合人民币多少钱,11,其他或无法判定的非金融查询,计算具体金额或利率,False
金融,assistant_voice,人民币,人民币比港币是多少,6,其他或无法判定的非金融查询,计算具体金额或利率,False
金融,assistant_voice,交建股份,交建股份值得申购吗,5,查询金融资产实时行情,寻求个股买卖与持有决策建议,False
金融,assistant_voice,人民币,1800元港币折合人民币是多少,12,其他或无法判定的非金融查询,计算具体金额或利率,False
金融,assistant_voice,航天发展股票,航天发展股票历史交易数据行情,8,查询金融资产实时行情,查询金融资产实时行情,True
金融,assistant_voice,纽币兑换人民币,新西兰纽币兑换人民币的汇率是多少,9,查询金融资产实时行情,查询金融资产实时行情,True
金融,assistant_voice,支付宝,支付宝钱转给朋友怎么转账,9,其他或无法判定的非金融查询,获取银行或支付账户操作指引,False
金融,assistant_voice,农业银行,嗯农业银行查开户行,5,其他或无法判定的非金融查询,获取银行或支付账户操作指引,False
金融,assistant_voice,日本股票,今天日本股票如何,4,查询金融资产实时行情,查询金融资产实时行情,True
金融,assistant_voice,汇丰银行,朝阳汇丰银行,2,查询金融资产实时行情,查找官方渠道与客服入口,False
金融,assistant_voice,新台币,200000新台币结合人民币多少,13,查询金融资产实时行情,计算具体金额或利率,False
金融,assistant_voice,建设银行,登封建设银行2026年存款利率,11,查找官方渠道与客服入口,查询金融资产实时行情,False
金融,assistant_voice,人民币汇率,兑换人民币汇率,2,查询金融资产实时行情,查询金融资产实时行情,True
金融,assistant_voice,汉威科技股票,汉威科技股票代码,2,查询金融资产实时行情,查询金融资产实时行情,True
金融,assistant_voice,人民币,160000韩元等于人民币多少钱,13,其他或无法判定的非金融查询,计算具体金额或利率,False
金融,assistant_voice,中国银行,去中国银行兑换外币没有中国银行的银行卡可以吗,18,其他或无法判定的非金融查询,获取银行或支付账户操作指引,False
金融,assistant_voice,美国股市,周五美国股市大跌吗,5,查询金融资产实时行情,查询交易日程与市场状态,False
金融,assistant_voice,农业银行,乌鲁木齐农业银行扬子江路营业处的电话有没有,17,其他或无法判定的非金融查询,查找官方渠道与客服入口,False
金融,assistant_voice,中国银行,中国银行周六,2,其他或无法判定的非金融查询,查找官方渠道与客服入口,False
金融,assistant_voice,人民币,60000英镑合人民币多少钱,11,其他或无法判定的非金融查询,计算具体金额或利率,False
金融,assistant_voice,人民币汇率,英镑人民币汇率,2,查询金融资产实时行情,查询金融资产实时行情,True
金融,assistant_voice,人民币汇率,英镑人民币汇率,2,查询金融资产实时行情,查询金融资产实时行情,True
金融,assistant_voice,农村信用社,农村信用社24服务热线电话,8,其他或无法判定的非金融查询,查找官方渠道与客服入口,False
金融,assistant_voice,工商银行,工商银行近期扣信使费是什么意思,11,其他或无法判定的非金融查询,处置账户异常与非预期扣款,False
金融,assistant_voice,助学贷款,在助学贷款办理之后网上签订的系统回了一个回执码这个回执码有什么用,28,其他或无法判定的非金融查询,处置账户异常与非预期扣款,False
金融,assistant_voice,科创板,科创板打新一般能中多少签,9,查询金融资产实时行情,其他或无法判定的非金融查询,False
金融,assistant_voice,支付宝,支付宝怎么测利息,5,其他或无法判定的非金融查询,解释金融术语与基础规则,False
金融,assistant_voice,手机银行,手机银行转至后台运行有危险吗,10,其他或无法判定的非金融查询,判定信贷产品账单与征信规则,False
金融,assistant_voice,蚂蚁庄园,低血糖表现蚂蚁庄园,5,获取每日答题活动答案,获取每日答题活动答案,True
金融,assistant_voice,蚂蚁庄园,低血糖表现蚂蚁庄园,5,获取每日答题活动答案,获取每日答题活动答案,True
金融,assistant_voice,中国银行,中国银行分期贷款还清后应该怎么办,12,其他或无法判定的非金融查询,获取银行或支付账户操作指引,False
金融,assistant_voice,中国平安,黑龙江泰来中国平安人寿保险公司有个叫王玉杰的他是干什么的,24,其他或无法判定的非金融查询,其他或无法判定的非金融查询,True
金融,assistant_voice,中国建设银行,西湖区西湖区人民路附近有没有中国建设银行,14,查找官方渠道与客服入口,查找官方渠道与客服入口,True
金融,assistant_voice,支付宝,支付宝怎么改支付密码,7,其他或无法判定的非金融查询,获取银行或支付账户操作指引,False
金融,assistant_voice,上海银行,上海银行如何找到外星人,7,其他或无法判定的非金融查询,获取银行或支付账户操作指引,False
金融,assistant_voice,美元兑日元,美元兑日元汇率,2,查询金融资产实时行情,查询金融资产实时行情,True
金融,assistant_voice,美元兑日元,美元兑日元汇率,2,查询金融资产实时行情,查询金融资产实时行情,True
金融,assistant_voice,美元兑日元,美元兑日元汇率,2,查询金融资产实时行情,查询金融资产实时行情,True
金融,assistant_voice,美元兑日元,美元兑日元汇率,2,查询金融资产实时行情,查询金融资产实时行情,True
金融,assistant_voice,手机银行,老公的手机银行其实可以加入吗,10,其他或无法判定的非金融查询,获取银行或支付账户操作指引,False
金融,assistant_voice,支付宝,支付宝里有一个查医药问诊的APP叫什么,16,其他或无法判定的非金融查询,获取银行或支付账户操作指引,False
金融,assistant_voice,中信银行,中信银行西安咸宁路支行电话,9,其他或无法判定的非金融查询,查找官方渠道与客服入口,False
金融,assistant_voice,农商银行,北京农商银行怎样绑定银行卡,9,其他或无法判定的非金融查询,获取银行或支付账户操作指引,False
金融,assistant_voice,黄金价格,黄金价格落吗,2,查询金融资产实时行情,查询金融资产实时行情,True
金融,assistant_voice,黄金价格,黄金价格落吗,2,查询金融资产实时行情,查询金融资产实时行情,True
金融,assistant_voice,支付宝,支付宝账号就是手机账号吗,9,其他或无法判定的非金融查询,获取银行或支付账户操作指引,False
金融,assistant_voice,支付宝,支付宝账号就是手机账号吗,9,其他或无法判定的非金融查询,获取银行或支付账户操作指引,False
金融,assistant_voice,中国银行,中国银行定淮门大街营业厅营业了吗,12,其他或无法判定的非金融查询,查找官方渠道与客服入口,False
金融,assistant_voice,人民币,三十万元人民币合多少日元,9,其他或无法判定的非金融查询,计算具体金额或利率,False
金融,assistant_voice,建设银行,厦门市建设银行分行设在哪里,9,查找官方渠道与客服入口,查找官方渠道与客服入口,True
金融,assistant_voice,工商银行,工商银行卡是几个单位,6,其他或无法判定的非金融查询,解释金融术语与基础规则,False
金融,assistant_voice,天龙集团,天龙集团的股票代码,5,查询金融资产实时行情,查询金融资产实时行情,True
金融,assistant_voice,人民币,人民币880是多少新币,8,其他或无法判定的非金融查询,计算具体金额或利率,False
金融,assistant_voice,人民币,一美元顶人民币多少钱,7,其他或无法判定的非金融查询,计算具体金额或利率,False
金融,assistant_voice,人民币,一美元顶人民币多少钱,7,其他或无法判定的非金融查询,计算具体金额或利率,False
金融,assistant_voice,支付宝,支付宝余额怎么样只还花呗,9,其他或无法判定的非金融查询,获取银行或支付账户操作指引,False
金融,assistant_voice,人民币兑换美金,今天人民币兑换美金汇率多少,6,查询金融资产实时行情,查询金融资产实时行情,True
金融,assistant_voice,蚂蚁庄园,8月1号蚂蚁庄园的题是什么,9,获取每日答题活动答案,获取每日答题活动答案,True
金融,assistant_voice,科创板,广东星空科技有个人单独lp o吗在科创板上市符合条件吗,24,查询金融资产实时行情,其他或无法判定的非金融查询,False
金融,assistant_voice,蚂蚁庄园,为什么黄色交通信号灯蚂蚁庄园,10,获取每日答题活动答案,获取每日答题活动答案,True
金融,assistant_voice,蚂蚁庄园,为什么黄色交通信号灯蚂蚁庄园,10,获取每日答题活动答案,获取每日答题活动答案,True
金融,assistant_voice,银行存款利率,今日银行存款利率多少,4,查询金融资产实时行情,查询金融资产实时行情,True
金融,assistant_voice,海力士股票,海力士股票代码,2,查询金融资产实时行情,查询金融资产实时行情,True
金融,assistant_voice,海力士股票,海力士股票代码,2,查询金融资产实时行情,查询金融资产实时行情,True
金融,assistant_voice,人民币,110刀等于多少人民币,8,其他或无法判定的非金融查询,计算具体金额或利率,False
金融,assistant_voice,分期乐,分期乐发票找哪个平台,7,核实金融平台真伪与合法性,核实金融平台真伪与合法性,True
金融,assistant_voice,华夏银行,华夏银行诉求电话,4,查询金融资产实时行情,查找官方渠道与客服入口,False
金融,assistant_voice,京东白条,京东白条怎么提前收款,6,其他或无法判定的非金融查询,获取银行或支付账户操作指引,False
金融,assistant_voice,工商银行,果戈里大街工商银行,5,其他或无法判定的非金融查询,查找官方渠道与客服入口,False
金融,assistant_voice,三星电子股票,韩国的三星电子股票到8月末的时候应该会涨到目标价是多少,21,查询金融资产实时行情,寻求个股买卖与持有决策建议,False
金融,assistant_voice,借壳上市,贵州习酒集团是独立上市还是借壳上市,13,其他或无法判定的非金融查询,获取市场动态与事件公告,False
金融,assistant_voice,今日金价,2026年成都梨花街今日金价,10,查询金融资产实时行情,查询金融资产实时行情,True
金融,assistant_voice,今日金价,2026年成都梨花街今日金价,10,查询金融资产实时行情,查询金融资产实时行情,True
金融,assistant_voice,人民币,900美元折合人民币多少钱1900,14,其他或无法判定的非金融查询,计算具体金额或利率,False
金融,assistant_voice,人民币,4000人民币等于多少日元,10,其他或无法判定的非金融查询,计算具体金额或利率,False
金融,assistant_voice,人民币,中国人民币,2,其他或无法判定的非金融查询,查询金融资产实时行情,False
金融,assistant_voice,农商银行,农商银行倒闭了吗,4,其他或无法判定的非金融查询,查找官方渠道与客服入口,False
金融,assistant_voice,人民币,1000000人民币一年定期存款是多少,16,其他或无法判定的非金融查询,计算具体金额或利率,False
金融,assistant_voice,支付宝,用支付宝或者微信买电影票便宜吗,12,其他或无法判定的非金融查询,其他或无法判定的非金融查询,True
金融,assistant_voice,众安保险,众安保险app官方下载安装,9,核实金融平台真伪与合法性,查找官方渠道与客服入口,False
金融,assistant_voice,人民币,100000港币是多少人民币,11,其他或无法判定的非金融查询,计算具体金额或利率,False
金融,assistant_voice,人民币,100000港币是多少人民币,11,其他或无法判定的非金融查询,计算具体金额或利率,False
金融,assistant_voice,数字人民币,什么叫数字人民币,3,查询金融资产实时行情,解释金融术语与基础规则,False
金融,assistant_voice,数字人民币,什么叫数字人民币,3,查询金融资产实时行情,解释金融术语与基础规则,False
金融,assistant_voice,信用卡,OPPO那个福利信用卡是咋算的在大明的信用卡了,20,其他或无法判定的非金融查询,解释金融术语与基础规则,False
金融,assistant_voice,中国银行,金华中国银行营业厅,5,其他或无法判定的非金融查询,查找官方渠道与客服入口,False
金融,assistant_voice,人民币,1欧元=多少人民币,6,其他或无法判定的非金融查询,计算具体金额或利率,False
金融,assistant_voice,人民币,1欧元=多少人民币,6,其他或无法判定的非金融查询,计算具体金额或利率,False
金融,assistant_voice,易宝支付,哪个平台有易宝支付,5,其他或无法判定的非金融查询,其他或无法判定的非金融查询,True
金融,assistant_voice,人民币,八十五元的韩元顶我们多少的人民币,13,其他或无法判定的非金融查询,计算具体金额或利率,False
金融,assistant_voice,美元对日元汇率,美元对日元汇率多少,2,查询金融资产实时行情,查询金融资产实时行情,True
金融,assistant_voice,美元对日元汇率,美元对日元汇率多少,2,查询金融资产实时行情,查询金融资产实时行情,True
金融,assistant_voice,农村信用社,农村信用社星期日上班吗,6,其他或无法判定的非金融查询,查找官方渠道与客服入口,False
金融,assistant_voice,信用卡,哪家银行信用卡可以兑小黄车,10,其他或无法判定的非金融查询,其他或无法判定的非金融查询,True
金融,assistant_voice,助学贷款,大学生助学贷款毕业当年还贷无需支付利息吗,16,其他或无法判定的非金融查询,判定信贷产品账单与征信规则,False
金融,assistant_voice,中国银行,中国银行韩城市支行行号,7,其他或无法判定的非金融查询,查找官方渠道与客服入口,False
金融,assistant_voice,招商银行,招商银行属于什么银行,6,其他或无法判定的非金融查询,解释金融术语与基础规则,False
金融,assistant_voice,人民币,80000美金合人民币多少,10,其他或无法判定的非金融查询,计算具体金额或利率,False
金融,assistant_voice,兴业银行,"兴业银行收款码换了,新收款码如何恢复",14,其他或无法判定的非金融查询,处置账户异常与非预期扣款,False
金融,assistant_voice,支付宝,保付和支付宝是一回事吗,8,其他或无法判定的非金融查询,其他或无法判定的非金融查询,True
金融,assistant_voice,广发银行,本溪市人民文化宫广发银行电话号码,12,其他或无法判定的非金融查询,查找官方渠道与客服入口,False
金融,assistant_voice,中国工商银行,中国工商银行可以叫中国银行吗,8,其他或无法判定的非金融查询,解释金融术语与基础规则,False
金融,assistant_voice,人民币,45000000英镑相当于多少亿人民币,16,其他或无法判定的非金融查询,计算具体金额或利率,False
金融,assistant_voice,交强险,车险第二年交强险怎么划算,9,解释金融术语与基础规则,比较同类金融产品并择优,False
金融,assistant_voice,日元换人民币,100000日元换人民币多少钱,9,查询金融资产实时行情,计算具体金额或利率,False
金融,assistant_voice,支付宝,支付宝付的那个车钱乘车记录在哪里找没看到吗,18,其他或无法判定的非金融查询,获取银行或支付账户操作指引,False
金融,assistant_voice,光大银行,牡丹江有没有光大银行,6,其他或无法判定的非金融查询,查找官方渠道与客服入口,False
金融,assistant_voice,农村商业银行,北京农村商业银行股份有限公司,8,其他或无法判定的非金融查询,查找官方渠道与客服入口,False
金融,assistant_voice,民生银行,民生银行沙井支行行号是多少,9,其他或无法判定的非金融查询,查找官方渠道与客服入口,False
金融,assistant_voice,人民币,2026年100人民币能兑换多少日币,15,其他或无法判定的非金融查询,计算具体金额或利率,False
金融,assistant_voice,支付宝,支付宝一次能付40万吗,8,其他或无法判定的非金融查询,计算具体金额或利率,False
金融,assistant_voice,人民币,人民币对台币的汇率,6,其他或无法判定的非金融查询,查询金融资产实时行情,False
金融,assistant_voice,建设银行,建设银行青岛分行营业部还下设网点吗,13,查找官方渠道与客服入口,查找官方渠道与客服入口,True
金融,assistant_voice,支付宝,支付宝买了蚂蚁宝分12个月买买了6个月或者两个月以后不想买了可以吗,30,其他或无法判定的非金融查询,判定信贷产品账单与征信规则,False
金融,assistant_voice,民生银行,民生银行回单怎么导出来,7,其他或无法判定的非金融查询,获取银行或支付账户操作指引,False
金融,assistant_voice,人民币,几万泰铢相当于多少人民币,9,其他或无法判定的非金融查询,计算具体金额或利率,False
金融,assistant_voice,放心借,放心借最晚可以拖多久,7,核实金融平台真伪与合法性,判定信贷产品账单与征信规则,False
金融,assistant_voice,沪深股市,沪深股市软件股还能炒多还能炒多长时间,14,查询金融资产实时行情,寻求个股买卖与持有决策建议,False
金融,assistant_voice,今日实时金价,中国黄金今日实时金价,4,查询金融资产实时行情,查询金融资产实时行情,True
金融,assistant_voice,信用卡,信用卡里面的金融功能到期了可以线下办理重新开通吗,21,其他或无法判定的非金融查询,获取银行或支付账户操作指引,False
金融,assistant_voice,蚂蚁庄园,黄色信号灯蚂蚁庄园,5,获取每日答题活动答案,获取每日答题活动答案,True
金融,assistant_voice,蚂蚁庄园,黄色信号灯蚂蚁庄园,5,获取每日答题活动答案,获取每日答题活动答案,True
金融,assistant_voice,蚂蚁庄园,黄色信号灯蚂蚁庄园,5,获取每日答题活动答案,获取每日答题活动答案,True
金融,assistant_voice,蚂蚁庄园,黄色信号灯蚂蚁庄园,5,获取每日答题活动答案,获取每日答题活动答案,True
金融,assistant_voice,美元人民币,一美元人民币是几,3,查询金融资产实时行情,计算具体金额或利率,False
金融,assistant_voice,中国银行,举例曲阜市千禧苑小区最近的中国银行ATM机网点是哪一个,23,其他或无法判定的非金融查询,查找官方渠道与客服入口,False
金融,assistant_voice,中国银行,中国银行6个月内无呃资金往来需到柜台呃解封需要拿什么手续,24,其他或无法判定的非金融查询,获取银行或支付账户操作指引,False
金融,assistant_voice,中国银行,中国银行6个月内无呃资金往来需到柜台呃解封需要拿什么手续,24,其他或无法判定的非金融查询,获取银行或支付账户操作指引,False
金融,assistant_voice,交通银行电话,润枫德尚交通银行电话,4,查找官方渠道与客服入口,查找官方渠道与客服入口,True
金融,assistant_voice,人民币,一万人民币等于多少日元,8,其他或无法判定的非金融查询,计算具体金额或利率,False
金融,assistant_voice,手机银行,咋样从手机银行更换新的身份证信息,12,其他或无法判定的非金融查询,获取银行或支付账户操作指引,False
金融,assistant_voice,美元兑人民币,美元兑人民币走势,2,查询金融资产实时行情,查询历史价格走势图,False
金融,assistant_voice,人民币,Bdb值多少人民币,6,其他或无法判定的非金融查询,查询金融资产实时行情,False
金融,assistant_voice,人民币,5000000韩币折合人民币多少钱,14,其他或无法判定的非金融查询,计算具体金额或利率,False
金融,assistant_voice,人民币,980日元等于多少人民币,9,其他或无法判定的非金融查询,计算具体金额或利率,False
金融,assistant_voice,科创板,603986是主板还是科创板,11,查询金融资产实时行情,其他或无法判定的非金融查询,False
金融,assistant_voice,个人征信,催收公司会查你的个人征信吗,9,其他或无法判定的非金融查询,判定信贷产品账单与征信规则,False
金融,assistant_voice,人民币,人民币跟越南盾比一比几,8,其他或无法判定的非金融查询,计算具体金额或利率,False
金融,assistant_voice,创业板50,中国a股下0.5年科创50 ETF和创业板50 ETF哪个ETF会上涨概率高1点会上涨概率大,41,其他或无法判定的非金融查询,寻求个股买卖与持有决策建议,False
金融,assistant_voice,美金换人民币,今天美金换人民币多少,4,查询金融资产实时行情,查询金融资产实时行情,True
金融,assistant_voice,人民币,人民币和港元的兑,5,其他或无法判定的非金融查询,查询金融资产实时行情,False
金融,assistant_voice,中国农业银行,中国农业银行昆山城北支行行号是,9,其他或无法判定的非金融查询,查找官方渠道与客服入口,False
金融,assistant_voice,支付宝,这个支付宝里面那个信息没有那些什么更改信息啊,19,其他或无法判定的非金融查询,其他或无法判定的非金融查询,True
金融,assistant_voice,支付宝,支付宝附近位置权限在哪打开,10,其他或无法判定的非金融查询,获取银行或支付账户操作指引,False
金融,assistant_voice,支付宝,支付如何查询支付宝上绑定的哪张卡,13,其他或无法判定的非金融查询,获取银行或支付账户操作指引,False
金融,assistant_voice,农村信用社,九台农村信用社现在叫什么,7,其他或无法判定的非金融查询,解释金融术语与基础规则,False
金融,assistant_voice,云闪付,云闪付的钱过期不用会转到哪里,11,核实金融平台真伪与合法性,判定信贷产品账单与征信规则,False
金融,assistant_voice,100日元等于多少人民币,100日元100日元等于多少人民币,5,计算具体金额或利率,计算具体金额或利率,True
金融,assistant_voice,沪深300,沪深300的基金走势,5,查询金融资产实时行情,查询金融资产实时行情,True
金融,assistant_voice,支付宝,微信怎么给支付宝转账,7,其他或无法判定的非金融查询,获取银行或支付账户操作指引,False
金融,assistant_voice,英伟达市值,英伟达市值多少,2,查询金融资产实时行情,查询金融资产实时行情,True
金融,assistant_voice,英伟达市值,英伟达市值多少,2,查询金融资产实时行情,查询金融资产实时行情,True
金融,assistant_voice,港币汇率,人民币向港币汇率,4,查询金融资产实时行情,查询金融资产实时行情,True
金融,assistant_voice,人民银行,中中国人民银行包括多少个银行啊,11,其他或无法判定的非金融查询,其他或无法判定的非金融查询,True
金融,assistant_voice,中国工商银行,中国工商银行锦州分行总部的营业时间,11,其他或无法判定的非金融查询,查找官方渠道与客服入口,False
金融,assistant_voice,药明康德股吧,药明康德股吧里怎么评论,5,进入个股股吧讨论区,进入个股股吧讨论区,True
金融,assistant_voice,市盈率,万峰锂业动态市盈率是多少倍,10,查询金融资产实时行情,查询金融资产实时行情,True
金融,assistant_voice,人民币,3300日元合多少人民币,9,其他或无法判定的非金融查询,计算具体金额或利率,False
金融,assistant_voice,中国建设银行,义乌商贸城中国建设银行开户行属于宿迁哪个支行,16,查找官方渠道与客服入口,获取银行或支付账户操作指引,False
金融,assistant_voice,交强险,交强险要多少钱一年,6,解释金融术语与基础规则,解释金融术语与基础规则,True
金融,assistant_voice,邮政储蓄银行,大豆干有邮政储蓄银行吗,5,查找官方渠道与客服入口,查找官方渠道与客服入口,True
金融,assistant_voice,人民币,一欧元相当于多少人民币,8,其他或无法判定的非金融查询,计算具体金额或利率,False
金融,assistant_voice,人民币,一欧元相当于多少人民币,8,其他或无法判定的非金融查询,计算具体金额或利率,False
金融,assistant_voice,存款利率,各银行存款利率,3,解释金融术语与基础规则,查询金融资产实时行情,False
金融,assistant_voice,建设银行,建设银行宜宾市南溪区的开户行行名行号,14,查找官方渠道与客服入口,查找官方渠道与客服入口,True
金融,assistant_voice,人民币,70000韩元等于多少人民币,11,其他或无法判定的非金融查询,计算具体金额或利率,False
金融,assistant_voice,农业银行,农业银行江西高安支行行号,8,其他或无法判定的非金融查询,查找官方渠道与客服入口,False
金融,assistant_voice,中国工商银行,中国工商银行社保卡的开户地点在哪里找,12,其他或无法判定的非金融查询,获取银行或支付账户操作指引,False
金融,assistant_voice,支付宝,支付宝资格待遇资格认证怎么操,11,其他或无法判定的非金融查询,获取银行或支付账户操作指引,False
金融,assistant_voice,支付宝,淘宝我微信付的款退款他不会给我退到支付宝里吧,19,其他或无法判定的非金融查询,获取银行或支付账户操作指引,False
金融,assistant_voice,华安证券,华安证券里面的投顾签订的投顾怎么签怎么退签,17,查询金融资产实时行情,获取银行或支付账户操作指引,False
金融,assistant_voice,华安证券,华安证券里面的投顾签订的投顾怎么签怎么退签,17,查询金融资产实时行情,获取银行或支付账户操作指引,False
金融,assistant_voice,华安证券,华安证券里面的投顾签订的投顾怎么签怎么退签,17,查询金融资产实时行情,获取银行或支付账户操作指引,False
金融,assistant_voice,交通银行股票,交通银行股票行情,2,查询金融资产实时行情,查询金融资产实时行情,True
金融,assistant_voice,农业银行,农业银行周六周日营业网点,8,其他或无法判定的非金融查询,查找官方渠道与客服入口,False
金融,assistant_voice,ETF,场内天虹恒生科技ETF基金对应的场内基金,17,查询金融资产实时行情,查询金融资产实时行情,True
金融,assistant_voice,农商银行,我附近的农商银行,4,其他或无法判定的非金融查询,查找官方渠道与客服入口,False
金融,assistant_voice,智度股份,000676智度股份它的核心技术比例高吗未来股值和业绩成长空间大吗,29,查询金融资产实时行情,寻求个股买卖与持有决策建议,False
金融,assistant_voice,中国建设银行,如何在中国建设银行下载新版本怎么操作,12,查找官方渠道与客服入口,获取银行或支付账户操作指引,False
金融,assistant_voice,人民币,1980年版二元人民币,8,其他或无法判定的非金融查询,计算具体金额或利率,False
金融,assistant_voice,人民币,一万韩元等于人民币多少,8,其他或无法判定的非金融查询,计算具体金额或利率,False
金融,assistant_voice,人民币,30000000日元折合成人民币我,14,其他或无法判定的非金融查询,计算具体金额或利率,False
金融,assistant_voice,人民币,只有一张百元美钞也银行也给换取人民币吧,16,其他或无法判定的非金融查询,其他或无法判定的非金融查询,True
金融,assistant_voice,日元兑换人民币,日元兑换人民币汇率,2,查询金融资产实时行情,查询金融资产实时行情,True
金融,assistant_voice,日元兑换人民币,日元兑换人民币汇率,2,查询金融资产实时行情,查询金融资产实时行情,True
金融,assistant_voice,度小满,注销度小满之前要解绑银行卡吗,11,核实金融平台真伪与合法性,获取银行或支付账户操作指引,False
金融,assistant_voice,人民币,100美元可以换多少人民币,10,其他或无法判定的非金融查询,计算具体金额或利率,False
金融,assistant_voice,农业银行,淘宝退款退到农业银行我觉得他都到不了账呢怎么回事,20,其他或无法判定的非金融查询,处置账户异常与非预期扣款,False
金融,assistant_voice,人民币,1000000亿津巴卢韦币是多少人民币,16,其他或无法判定的非金融查询,计算具体金额或利率,False
金融,assistant_voice,民生银行,民生银行新大楼,3,其他或无法判定的非金融查询,查找官方渠道与客服入口,False
金融,assistant_voice,支付宝,查下我支付宝密码我自己我忘记我自己密码多少了给我查一下,24,其他或无法判定的非金融查询,获取银行或支付账户操作指引,False
金融,assistant_voice,中国工商银行,到中国工商银行存款定期三年办的是转存下一个他这个转存是三年以后给呀还是一,30,其他或无法判定的非金融查询,获取银行或支付账户操作指引,False
金融,assistant_voice,新台币,2500的人民币等于多少新台币,12,查询金融资产实时行情,计算具体金额或利率,False
金融,assistant_voice,美国股市,美国股市行情,2,查询金融资产实时行情,查询金融资产实时行情,True
金融,assistant_voice,美国股市,美国股市行情,2,查询金融资产实时行情,查询金融资产实时行情,True
金融,assistant_voice,美国股市,美国股市行情,2,查询金融资产实时行情,查询金融资产实时行情,True
金融,assistant_voice,美国股市,美国股市行情,2,查询金融资产实时行情,查询金融资产实时行情,True
金融,assistant_voice,美国股市,美国股市行情,2,查询金融资产实时行情,查询金融资产实时行情,True
金融,assistant_voice,美国股市,美国股市行情,2,查询金融资产实时行情,查询金融资产实时行情,True
金融,assistant_voice,美国股市,美国股市行情,2,查询金融资产实时行情,查询金融资产实时行情,True
金融,assistant_voice,美国股市,美国股市行情,2,查询金融资产实时行情,查询金融资产实时行情,True
金融,assistant_voice,美国股市,美国股市行情,2,查询金融资产实时行情,查询金融资产实时行情,True
金融,assistant_voice,美国股市,美国股市行情,2,查询金融资产实时行情,查询金融资产实时行情,True
金融,assistant_voice,农商银行,北京农商银行安贞桥东呃营业点的名称,13,其他或无法判定的非金融查询,查找官方渠道与客服入口,False
金融,assistant_voice,人民币,100000欧元相当于人民币多少钱,14,其他或无法判定的非金融查询,计算具体金额或利率,False
金融,assistant_voice,中国邮政储蓄银行,中国邮政储蓄银行周末上班吗,5,查找官方渠道与客服入口,查找官方渠道与客服入口,True
金融,assistant_voice,农业银行,宣城皖南农业银行商业银行为什寒亭支行为什么会发300000,25,其他或无法判定的非金融查询,处置账户异常与非预期扣款,False
金融,assistant_voice,人民币,800000美金等于多少人民币,12,其他或无法判定的非金融查询,计算具体金额或利率,False
金融,assistant_voice,定期存款利率,今年春节开门红银行一万元定期存款利率是多少呢,16,解释金融术语与基础规则,计算具体金额或利率,False
金融,assistant_voice,定期存款利率,今年春节开门红银行一万元定期存款利率是多少呢,16,解释金融术语与基础规则,计算具体金额或利率,False
金融,assistant_voice,支付宝,我发现支付宝支付优惠很多很多超市里碰一碰都有很多刷券但微信却没有,29,其他或无法判定的非金融查询,其他或无法判定的非金融查询,True
金融,assistant_voice,ETF,买ETF股票会涨吗,6,查询金融资产实时行情,寻求个股买卖与持有决策建议,False
金融,assistant_voice,信用卡,潍坊银行信用卡客服电话,8,其他或无法判定的非金融查询,查找官方渠道与客服入口,False
金融,assistant_voice,信用卡,农行信用卡提现一万分12期还但如果提前全额还款还需要出利息吗,27,其他或无法判定的非金融查询,判定信贷产品账单与征信规则,False
金融,assistant_voice,人民币,十欧等于多少人民币,6,其他或无法判定的非金融查询,计算具体金额或利率,False
金融,assistant_voice,五粮液股票,五粮液股票历史最低价,5,查询金融资产实时行情,查询金融资产实时行情,True
金融,assistant_voice,外汇牌价,今天外汇牌价表,3,查询金融资产实时行情,查询金融资产实时行情,True
金融,assistant_voice,农村信用社,农村信用社破产最多能赔多少,8,其他或无法判定的非金融查询,判定信贷产品账单与征信规则,False
金融,assistant_voice,人民币,1000朝鲜币换多少人民币,10,其他或无法判定的非金融查询,计算具体金额或利率,False
金融,assistant_voice,建设银行,沈阳张士开发区建设银行开门了吗,11,查找官方渠道与客服入口,获取银行或支付账户操作指引,False
金融,assistant_voice,京东白条,关闭京东白条从哪里关闭,7,其他或无法判定的非金融查询,获取银行或支付账户操作指引,False
金融,assistant_voice,人民币,人民币新版一元的动物,7,其他或无法判定的非金融查询,其他或无法判定的非金融查询,True
金融,assistant_voice,人民币,四十九块四英镑等于多少人民币,11,其他或无法判定的非金融查询,计算具体金额或利率,False
金融,assistant_voice,美元换人民币,美元换人民币需要哪些手续还是条件,10,查询金融资产实时行情,获取银行或支付账户操作指引,False
金融,assistant_voice,日元美元,日元美元币值,2,查询金融资产实时行情,查询金融资产实时行情,True
金融,assistant_voice,中国银行,中国银行满洲里道南支行,7,其他或无法判定的非金融查询,查找官方渠道与客服入口,False
金融,assistant_voice,人民币,韩币与人民币的汇率,6,其他或无法判定的非金融查询,查询金融资产实时行情,False
金融,assistant_voice,黄金多少钱一克,各大银行7月28日黄金多少钱一克,9,查询金融资产实时行情,查询金融资产实时行情,True
金融,assistant_voice,支付宝,用支付宝付款为什么有时候会多扣几块钱呢,16,其他或无法判定的非金融查询,处置账户异常与非预期扣款,False
金融,assistant_voice,中原消费金融,河南中原消费金融股份有限公司电话,10,其他或无法判定的非金融查询,查找官方渠道与客服入口,False
金融,assistant_voice,中信建投,中信建投股吧,2,查询金融资产实时行情,进入个股股吧讨论区,False
金融,assistant_voice,中国银行,今天中国银行不上班,5,其他或无法判定的非金融查询,查找官方渠道与客服入口,False
金融,assistant_voice,北证50指数,北证指数50c和北证50指数a和北证50指数增强c区别是什么,24,查询金融资产实时行情,比较同类金融产品并择优,False
金融,assistant_voice,人民币,一墨西哥比索等于多少人民币,10,其他或无法判定的非金融查询,计算具体金额或利率,False
金融,assistant_voice,浦发银行,浦发银行售后电话,4,查询金融资产实时行情,查找官方渠道与客服入口,False
金融,assistant_voice,网商银行,开通网商银行每个月会产生费用吗,11,查找官方渠道与客服入口,判定信贷产品账单与征信规则,False
金融,assistant_voice,工商银行,昆山花桥工商银行,4,其他或无法判定的非金融查询,查找官方渠道与客服入口,False
金融,assistant_voice,蚂蚁庄园,今日蚂蚁庄园黄色信号灯,7,获取每日答题活动答案,获取每日答题活动答案,True
金融,assistant_voice,工商银行,工商银行办理的什么事,6,其他或无法判定的非金融查询,解释金融术语与基础规则,False
金融,assistant_voice,农业银行,世纪新城附近的农业银行有哪些,10,其他或无法判定的非金融查询,查找官方渠道与客服入口,False
金融,assistant_voice,人民币,一亿韩元等于人民币多少钱,9,其他或无法判定的非金融查询,计算具体金额或利率,False
金融,assistant_voice,人民币汇率,加元对人民币汇率,3,查询金融资产实时行情,查询金融资产实时行情,True
金融,assistant_voice,人民币,埃塞俄比亚与人民币的汇率是多少,12,其他或无法判定的非金融查询,查询金融资产实时行情,False
金融,assistant_voice,中国黄金价格,今日中国黄金价格,2,查询金融资产实时行情,查询金融资产实时行情,True
金融,assistant_voice,人民币今日汇率,以色列切克兑换人民币今日汇率,7,查询金融资产实时行情,查询金融资产实时行情,True
金融,assistant_voice,农商银行,北京农商银行,2,其他或无法判定的非金融查询,查找官方渠道与客服入口,False
金融,assistant_voice,农商银行,北京农商银行,2,其他或无法判定的非金融查询,查找官方渠道与客服入口,False
金融,assistant_voice,农商银行,北京农商银行,2,其他或无法判定的非金融查询,查找官方渠道与客服入口,False
金融,assistant_voice,中国银行,中国银行客户服务电话,6,其他或无法判定的非金融查询,查找官方渠道与客服入口,False
金融,assistant_voice,韩国股市,韩国股市简称代号,4,查询金融资产实时行情,解释金融术语与基础规则,False
金融,assistant_voice,支付宝,去东南亚咖喱岛那边玩那边可以使用微信和支付宝吗,20,其他或无法判定的非金融查询,其他或无法判定的非金融查询,True
金融,assistant_voice,人民币,一亿越南盾等于多少人民币,9,其他或无法判定的非金融查询,计算具体金额或利率,False
金融,assistant_voice,人民币,一亿越南盾等于多少人民币,9,其他或无法判定的非金融查询,计算具体金额或利率,False
金融,assistant_voice,支付宝,支付宝爱租机是监管机吗,8,其他或无法判定的非金融查询,核实金融平台真伪与合法性,False
金融,assistant_voice,中国工商银行,中国工商银行的来电号码,5,其他或无法判定的非金融查询,查找官方渠道与客服入口,False
金融,assistant_voice,人民币,10000缅币等于多少人民币,11,其他或无法判定的非金融查询,计算具体金额或利率,False
金融,assistant_voice,微粒贷,微粒贷在哪个软件,5,其他或无法判定的非金融查询,其他或无法判定的非金融查询,True
金融,assistant_voice,助学贷款,河南助学贷款生源地学生在线系统,11,其他或无法判定的非金融查询,查找官方渠道与客服入口,False
金融,assistant_voice,信用卡,办理信用卡的好处和坏处,8,其他或无法判定的非金融查询,判定信贷产品账单与征信规则,False
金融,assistant_voice,人民币,一越南盾等于多少人民币,8,其他或无法判定的非金融查询,计算具体金额或利率,False
金融,assistant_voice,人民币,1700英镑合多少人民币,9,其他或无法判定的非金融查询,计算具体金额或利率,False
金融,assistant_voice,实物黄金,如何在银行买实物黄金,6,查询金融资产实时行情,获取银行或支付账户操作指引,False
影视,assistant_top,在线观看免费,17在线观看免费高清电视剧狂飙,9,获取作品的在线播放入口,获取作品的在线播放入口,True
影视,assistant_top,电视剧,2026年最火的电视剧有哪些,11,裸片名或仅带实体类型词的作品查询,核实播出信息与集数,False
影视,assistant_top,电视剧,2026年还有哪些热门电视剧,11,裸片名或仅带实体类型词的作品查询,核实播出信息与集数,False
影视,assistant_top,60分钟免费观看电视剧在线观看韩剧,60分钟免费观看电视剧在线观看韩剧TV,2,获取作品的在线播放入口,获取作品的在线播放入口,True
影视,assistant_top,在线观看免费,77影视在线观看免费观看电视剧百度,11,获取作品的在线播放入口,获取作品的网盘或资源下载渠道,False
影视,assistant_top,电影网,8090电影网,4,导航到指定影视站点或平台,导航到指定影视站点或平台,True
影视,assistant_top,AI短剧,AI短剧《非妖哉》导演：1集成本1万,14,获取片段、台词或混剪等衍生内容,裸片名或仅带实体类型词的作品查询,False
影视,assistant_top,免费观看,XL上司令第二季免费观看百度,10,获取作品的在线播放入口,获取作品的网盘或资源下载渠道,False
影视,assistant_top,在线观看免费,YY影院在线观看免费观看电视剧百度,11,获取作品的在线播放入口,获取作品的网盘或资源下载渠道,False
影视,assistant_top,bili,bilibili,4,导航到指定影视站点或平台,导航到指定影视站点或平台,True
影视,assistant_top,在线观看,b站在线观看,2,获取作品的在线播放入口,导航到指定影视站点或平台,False
影视,assistant_top,cctv5,cctv5 节目表,4,收看电视频道直播或查询节目表,收看电视频道直播或查询节目表,True
影视,assistant_top,cctv5,cctv5今日赛程,4,收看电视频道直播或查询节目表,收看电视频道直播或查询节目表,True
影视,assistant_top,cctv5,cctv5在线直播,4,收看电视频道直播或查询节目表,收看电视频道直播或查询节目表,True
影视,assistant_top,cctv5,cctv5直播,2,收看电视频道直播或查询节目表,收看电视频道直播或查询节目表,True
影视,assistant_top,cctv5,cctv5节目表,3,收看电视频道直播或查询节目表,收看电视频道直播或查询节目表,True
影视,assistant_top,电视剧,《上甘岭》24集电视剧,8,裸片名或仅带实体类型词的作品查询,裸片名或仅带实体类型词的作品查询,True
影视,assistant_top,电视剧,《九门》电视剧,4,裸片名或仅带实体类型词的作品查询,裸片名或仅带实体类型词的作品查询,True
影视,assistant_top,魔法少女,《内衣魔法少女》动漫完整版百度,11,裸片名或仅带实体类型词的作品查询,获取作品的网盘或资源下载渠道,False
影视,assistant_top,办公室,《办公室》,2,裸片名或仅带实体类型词的作品查询,裸片名或仅带实体类型词的作品查询,True
影视,assistant_top,办公室,《办公室》,2,裸片名或仅带实体类型词的作品查询,裸片名或仅带实体类型词的作品查询,True
影视,assistant_top,卿本佳人,《卿本佳人》,2,裸片名或仅带实体类型词的作品查询,裸片名或仅带实体类型词的作品查询,True
影视,assistant_top,西游记,《后西游记》 边审边播,8,裸片名或仅带实体类型词的作品查询,裸片名或仅带实体类型词的作品查询,True
影视,assistant_top,免费观看,《女医生》免费观看全集,7,获取作品的在线播放入口,获取作品的在线播放入口,True
影视,assistant_top,心动的信号,《心动的信号》第9季,5,裸片名或仅带实体类型词的作品查询,裸片名或仅带实体类型词的作品查询,True
影视,assistant_top,我们的少年时代2,《我们的少年时代2》有哪些亮点,7,裸片名或仅带实体类型词的作品查询,剧情设定讨论与同人假设问答,False
影视,assistant_top,在线观看,《我的健身教练》完整版在线观看,11,获取作品的在线播放入口,获取作品的在线播放入口,True
影视,assistant_top,韩剧在线观看,《我的男家教》韩剧在线观看完整版,10,获取作品的在线播放入口,获取作品的在线播放入口,True
影视,assistant_top,在线观看,《无法拒绝的她》韩剧国语在线观看,12,获取作品的在线播放入口,获取作品的在线播放入口,True
影视,assistant_top,免费观看,《早春晴朗》免费观看全集,8,获取作品的在线播放入口,获取作品的在线播放入口,True
影视,assistant_top,电视剧,《早春晴朗》电视剧,6,裸片名或仅带实体类型词的作品查询,裸片名或仅带实体类型词的作品查询,True
影视,assistant_top,电视剧,《早春晴朗》电视剧24,8,裸片名或仅带实体类型词的作品查询,裸片名或仅带实体类型词的作品查询,True
影视,assistant_top,电视剧免费观看,《早春晴朗》电视剧免费观看,6,获取作品的在线播放入口,获取作品的在线播放入口,True
影视,assistant_top,在线观看,《特殊诊疗室》完整版在线观看日剧,12,获取作品的在线播放入口,获取作品的在线播放入口,True
影视,assistant_top,电视剧,《电视剧》分集剧情,6,裸片名或仅带实体类型词的作品查询,查询剧情梗概或结局剧透,False
影视,assistant_top,电视剧,《电视剧》续集,4,裸片名或仅带实体类型词的作品查询,裸片名或仅带实体类型词的作品查询,True
影视,assistant_top,秘密花园,《秘密花园》,2,裸片名或仅带实体类型词的作品查询,裸片名或仅带实体类型词的作品查询,True
影视,assistant_top,秘密花园,《秘密花园》,2,裸片名或仅带实体类型词的作品查询,裸片名或仅带实体类型词的作品查询,True
影视,assistant_top,《租借女友》动漫,《租借女友》动漫第一季,3,裸片名或仅带实体类型词的作品查询,裸片名或仅带实体类型词的作品查询,True
影视,assistant_top,《租借女友》,《租借女友》相似的动漫,5,裸片名或仅带实体类型词的作品查询,裸片名或仅带实体类型词的作品查询,True
影视,assistant_top,电视剧,《花开锦绣》电视剧,6,裸片名或仅带实体类型词的作品查询,裸片名或仅带实体类型词的作品查询,True
影视,assistant_top,免费看,《藏锋》免费看全集,6,获取作品的在线播放入口,获取作品的在线播放入口,True
影视,assistant_top,电视剧,《蝉》电视剧的结局是什么,9,裸片名或仅带实体类型词的作品查询,查询剧情梗概或结局剧透,False
影视,assistant_top,在线观看,《血战》美国战争片在线观看,9,获取作品的在线播放入口,获取作品的在线播放入口,True
影视,assistant_top,电视剧,《醒来》电视剧的结局是什么,10,裸片名或仅带实体类型词的作品查询,查询剧情梗概或结局剧透,False
影视,assistant_top,动漫免费观看,《雏田的浮殇》TXT动漫免费观看百度,12,获取作品的在线播放入口,获取作品的网盘或资源下载渠道,False
影视,assistant_top,《饥饿难耐》,《饥饿难耐》电影,2,裸片名或仅带实体类型词的作品查询,裸片名或仅带实体类型词的作品查询,True
影视,assistant_top,在线观看视频,三年片段在线观看视频,4,导航到指定影视站点或平台,获取片段、台词或混剪等衍生内容,False
影视,assistant_top,抖音极速版,下载抖音极速版,2,下载或安装影视App与排障,下载或安装影视App与排障,True
影视,assistant_top,免费观看,两个人免费观看在线看韩剧大全一对,12,获取作品的在线播放入口,获取作品的在线播放入口,True
影视,assistant_top,电视剧,中文在线字幕免费高清电视剧日剧动,13,裸片名或仅带实体类型词的作品查询,获取作品的在线播放入口,False
影视,assistant_top,电视剧,中文在线字幕观看电视剧韩剧,10,裸片名或仅带实体类型词的作品查询,获取作品的在线播放入口,False
影视,assistant_top,电视剧,主角 电视剧,3,裸片名或仅带实体类型词的作品查询,裸片名或仅带实体类型词的作品查询,True
影视,assistant_top,电视剧,九门 电视剧 在线看,7,裸片名或仅带实体类型词的作品查询,获取作品的在线播放入口,False
影视,assistant_top,免费观看,九门免费观看,2,获取作品的在线播放入口,获取作品的在线播放入口,True
影视,assistant_top,电视剧免费,九门电视剧免费,2,下载或安装影视App与排障,获取作品的在线播放入口,False
影视,assistant_top,早春晴朗电视剧,"井柏然,孙千早春晴朗电视剧",6,裸片名或仅带实体类型词的作品查询,裸片名或仅带实体类型词的作品查询,True
影视,assistant_top,电视剧,井柏然电视剧,3,裸片名或仅带实体类型词的作品查询,裸片名或仅带实体类型词的作品查询,True
影视,assistant_top,人间中毒完整版,人间中毒完整版在线观看电影,6,获取作品的在线播放入口,获取作品的在线播放入口,True
影视,assistant_top,电视剧,什么电视剧,2,裸片名或仅带实体类型词的作品查询,裸片名或仅带实体类型词的作品查询,True
影视,assistant_top,在线看,仙逆在线看动漫,4,导航到指定影视站点或平台,获取作品的在线播放入口,False
影视,assistant_top,动画片,儿童动画片,2,裸片名或仅带实体类型词的作品查询,裸片名或仅带实体类型词的作品查询,True
影视,assistant_top,电视剧免费,免费b站看大片真人电视剧免费,9,下载或安装影视App与排障,导航到指定影视站点或平台,False
影视,assistant_top,免费大片,免费大片app,3,下载或安装影视App与排障,下载或安装影视App与排障,True
影视,assistant_top,免费观看,免费观看大片在线观看韩剧,8,获取作品的在线播放入口,获取作品的在线播放入口,True
影视,assistant_top,免费观看,免费观看大片美剧在线观看,8,获取作品的在线播放入口,获取作品的在线播放入口,True
影视,assistant_top,视频在线观看,免费高清视频在线观看爱奇艺电视剧,10,获取作品的在线播放入口,获取作品的在线播放入口,True
影视,assistant_top,电视剧,全网电视剧榜,3,裸片名或仅带实体类型词的作品查询,导航到指定影视站点或平台,False
影视,assistant_top,免费观看,农夫影院在线播放免费观看电视剧,11,获取作品的在线播放入口,导航到指定影视站点或平台,False
影视,assistant_top,凡人修仙传动漫全集,凡人修仙传动漫全集在线观看,4,获取作品的在线播放入口,获取作品的在线播放入口,True
影视,assistant_top,刑警队长,刑警队长 分集剧情,5,裸片名或仅带实体类型词的作品查询,查询剧情梗概或结局剧透,False
影视,assistant_top,刑警队长,刑警队长分集剧情,4,裸片名或仅带实体类型词的作品查询,查询剧情梗概或结局剧透,False
影视,assistant_top,刑警队长,刑警队长分集剧情,4,裸片名或仅带实体类型词的作品查询,查询剧情梗概或结局剧透,False
影视,assistant_top,利剑玫瑰,利剑玫瑰演员表,3,裸片名或仅带实体类型词的作品查询,查询作品演员表与角色信息,False
影视,assistant_top,在线看,剑来 第一季 动漫 在线看,10,导航到指定影视站点或平台,获取作品的在线播放入口,False
影视,assistant_top,办公室,办公室第3季,3,裸片名或仅带实体类型词的作品查询,裸片名或仅带实体类型词的作品查询,True
影视,assistant_top,视频在线观看,动作电影视频在线观看,4,获取作品的在线播放入口,获取作品的在线播放入口,True
影视,assistant_top,动画片《绝母》1-6集百度,动画片《绝母》1-6集百度云分享,3,获取作品的网盘或资源下载渠道,获取作品的网盘或资源下载渠道,True
影视,assistant_top,南京照相馆,南京照相馆电影视频完整版,7,裸片名或仅带实体类型词的作品查询,获取作品的在线播放入口,False
影视,assistant_top,免费观看,哪里可以免费观看《早春晴朗》全集,12,获取作品的在线播放入口,获取作品的在线播放入口,True
影视,assistant_top,免费观看,哪里可以免费观看《醒来》全集,10,获取作品的在线播放入口,获取作品的在线播放入口,True
影视,assistant_top,喜羊羊,喜羊羊与灰太狼,4,裸片名或仅带实体类型词的作品查询,裸片名或仅带实体类型词的作品查询,True
影视,assistant_top,喜羊羊与灰太狼,喜羊羊与灰太狼之破界山海诀,6,裸片名或仅带实体类型词的作品查询,裸片名或仅带实体类型词的作品查询,True
影视,assistant_top,精灵宝可梦,喜羊羊灰太狼之嘻哈闯世界第36集真正的领队雷霆号红蓝喜羊羊霹雳号美羊羊飓风号懒羊羊彩虹号暖羊羊朝阳号沸羊羊破晓号慢羊羊灰太狼天狼号喜羊羊一行人开着嘻哈火车超高速驶向精灵宝可梦剧场版光环的超魔神胡帕荒漠市卡洛斯地方密阿雷沙漠神奇宝贝中心门口太阳伞下面喜羊羊一行人眼前站着一位平昊杰化身为松本梨香老师的配音演员声优平昊杰新小智形态红色和白色棒球帽正戴蓝色和白色外套里面一件耐克黑色短袖红黑手套绿色旅行背包黑色长裤红色和黑色平底运动鞋腰部中间挂着六颗神奇宝贝球带着一只皮卡丘呱头蛙战斗飞鸟火箭雀烈箭鹰音波龙平昊杰我才是这个世界关都地方真新镇真正的原版动画主角神奇宝贝训练家梦想成为宝可梦大师平昊杰新小智形态红色和白色棒球帽正戴蓝色和白色外套里面一件耐克黑色短袖红黑手套绿色旅行背包黑色长裤红色和黑色平底运动鞋腰部中间挂着六颗神奇宝贝球带着一只皮卡丘呱头蛙战斗飞鸟火箭雀烈箭鹰音波龙平昊杰新小智形态莎莉娜师妹亚麻色短头发粉色贝雷帽粉色旅行背包红色马甲和白色粉色蓝色锻带外套黑色长筒袜棕色长筒靴带着一只长尾火狐顽皮熊猫平昊杰师哥笑着递过去一瓶蓝色雪菲力柠檬味盐汽水给莎莉娜师妹喝笑着打招呼好久不见莎莉娜师妹师兄妹2人击掌重逢平昊杰莎莉娜希特隆柚丽嘉5人一起留在荒漠市卡洛斯地方冒险旅行去火箭队武藏小次郎喵喵3人组无法识别2个小鬼头1个小丫头会是怎样的场景,567,裸片名或仅带实体类型词的作品查询,剧情设定讨论与同人假设问答,False
影视,assistant_top,国产免费观看高清电视剧,国产免费观看高清电视剧日剧在线电,5,获取作品的在线播放入口,获取作品的在线播放入口,True
影视,assistant_top,国产免费观看高清电视剧,国产免费观看高清电视剧网站百度,4,获取作品的在线播放入口,获取作品的网盘或资源下载渠道,False
影视,assistant_top,在线观看,在线观看B站必看的韩剧,7,获取作品的在线播放入口,导航到指定影视站点或平台,False
影视,assistant_top,在线观看免费版高清,在线观看免费版高清短剧,2,获取作品的在线播放入口,获取作品的在线播放入口,True
影视,assistant_top,在线观看免费版高清,在线观看免费版高清短剧,2,获取作品的在线播放入口,获取作品的在线播放入口,True
影视,assistant_top,在线观看免费,在线观看免费高清完整版韩剧,7,获取作品的在线播放入口,获取作品的在线播放入口,True
影视,assistant_top,在线观看,在线观看电影,2,获取作品的在线播放入口,获取作品的在线播放入口,True
影视,assistant_top,韩剧TV,在线高清免费观看完整版韩剧TV,11,导航到指定影视站点或平台,获取作品的在线播放入口,False
影视,assistant_top,电视剧,天才女友电视剧,4,裸片名或仅带实体类型词的作品查询,裸片名或仅带实体类型词的作品查询,True
影视,assistant_top,在线观看,天美影院在线观看电视剧网站免费,11,获取作品的在线播放入口,导航到指定影视站点或平台,False
影视,assistant_top,奥德赛,奥德赛电影,2,裸片名或仅带实体类型词的作品查询,裸片名或仅带实体类型词的作品查询,True
影视,assistant_top,电视剧,女检察官电视剧20集,7,裸片名或仅带实体类型词的作品查询,直达指定集数的播放页,False
影视,assistant_top,动画片,好看的动画片有什么？,7,裸片名或仅带实体类型词的作品查询,剧情设定讨论与同人假设问答,False
影视,assistant_top,密室大逃脱,密室大逃脱第8季,3,裸片名或仅带实体类型词的作品查询,裸片名或仅带实体类型词的作品查询,True
影视,assistant_top,脱口秀,小四爷脱口秀视频大全,7,裸片名或仅带实体类型词的作品查询,获取片段、台词或混剪等衍生内容,False
影视,assistant_top,小猪佩奇,小猪佩奇全集,2,裸片名或仅带实体类型词的作品查询,裸片名或仅带实体类型词的作品查询,True
影视,assistant_top,小猪佩奇,小猪佩奇全集免费,4,裸片名或仅带实体类型词的作品查询,获取作品的在线播放入口,False
影视,assistant_top,小猪佩奇全集免费,小猪佩奇全集免费观看,2,获取作品的在线播放入口,获取作品的在线播放入口,True
影视,assistant_top,小花仙,小花仙里的芬妮,4,裸片名或仅带实体类型词的作品查询,裸片名或仅带实体类型词的作品查询,True
影视,assistant_top,小花仙,小花仙里的芬妮角色介绍,8,裸片名或仅带实体类型词的作品查询,剧情设定讨论与同人假设问答,False
影视,assistant_top,小花仙,小花仙里的黑玫瑰男爵梅里美,10,裸片名或仅带实体类型词的作品查询,裸片名或仅带实体类型词的作品查询,True
影视,assistant_top,小马宝莉,小马宝莉为啥马暮脸红害羞为啥其他人尤其余晖烁烁会笑,21,裸片名或仅带实体类型词的作品查询,剧情设定讨论与同人假设问答,False
影视,assistant_top,小黄人,小黄人大电影,3,裸片名或仅带实体类型词的作品查询,裸片名或仅带实体类型词的作品查询,True
影视,assistant_top,巴啦啦小魔仙,巴啦啦小魔仙49集小蓝中毒,7,裸片名或仅带实体类型词的作品查询,裸片名或仅带实体类型词的作品查询,True
影视,assistant_top,电视剧,师兄太稳健 电视剧 在线看,10,裸片名或仅带实体类型词的作品查询,获取作品的在线播放入口,False
影视,assistant_top,免费观看,师兄太稳健免费观看完整版电视剧全集,13,获取作品的在线播放入口,获取作品的在线播放入口,True
影视,assistant_top,天官赐福,张凌赫《天官赐福》,5,裸片名或仅带实体类型词的作品查询,裸片名或仅带实体类型词的作品查询,True
影视,assistant_top,心动的信号,心动的信号第9季,3,裸片名或仅带实体类型词的作品查询,裸片名或仅带实体类型词的作品查询,True
影视,assistant_top,免费看,快嘴唠唠剧全集免费看,7,获取作品的在线播放入口,获取作品的在线播放入口,True
影视,assistant_top,舞蹈视频,情景剧老师妈妈老师舞蹈视频,9,获取片段、台词或混剪等衍生内容,获取片段、台词或混剪等衍生内容,True
影视,assistant_top,魔法少女,憧憬成为魔法少女,4,裸片名或仅带实体类型词的作品查询,裸片名或仅带实体类型词的作品查询,True
影视,assistant_top,我的姐姐,我们在明天电影院见《哈小浪之决战星未来》的衍生同人故事里就是让她姐姐电豹为了加入星狗小队队员的他是为弟弟报仇弟弟被黑宙王杀了弟弟他想姐姐加入星狗小队他真的难道背叛黑宙王我的姐姐电豹直是假装效忠做黑宙王的属下弟弟独自阻止姐姐彻彻底底把自己亲生的弟弟给杀死了姐姐星狗队员就交给你来加入了因为他的弟弟是姐姐这一辈子最亲的人姐姐电豹心里亲唯一的亲人了姐姐要给弟弟魔卡报仇他的弟弟还能会回来吗我弟弟己经中了是你是你就是你杀了我弟弟黑宙王我要杀了你杀了你杀了你我弟弟己经彻彻底底底真的消失了姐姐要找黑宙王算账要为了给了替死去的我弟弟报仇吧电豹只是要让就想为给替我弟弟复仇的吧他一直只就让我正都在想所有要是为了为给替所以我被我害死的弟弟黑宙王我要杀了你我要灭了你我要宰了你我宰了你我灭了你那我就我先杀了你那我就先灭了你那我就先宰了你我要杀了你我要你为我弟弟偿命我要你为我弟弟血债血还我要你为我弟弟血债血偿我要你为我弟弟血债血还我要你为我弟弟复仇,411,裸片名或仅带实体类型词的作品查询,剧情设定讨论与同人假设问答,False
影视,assistant_top,我们的少年时代2,我们的少年时代2 电视剧 在线看,8,裸片名或仅带实体类型词的作品查询,获取作品的在线播放入口,False
影视,assistant_top,变形金刚,我的哪吒与变形金刚张抗哪吒,9,裸片名或仅带实体类型词的作品查询,凭情节片段反查片名,False
影视,assistant_top,电视剧,我的继父是偶像 电视剧,8,裸片名或仅带实体类型词的作品查询,裸片名或仅带实体类型词的作品查询,True
影视,assistant_top,电视剧,我的继父是偶像电视剧,7,裸片名或仅带实体类型词的作品查询,裸片名或仅带实体类型词的作品查询,True
影视,assistant_top,电视剧,我的继父是偶像电视剧观看,9,裸片名或仅带实体类型词的作品查询,凭情节片段反查片名,False
影视,assistant_top,看电影,我要看电影,2,裸片名或仅带实体类型词的作品查询,裸片名或仅带实体类型词的作品查询,True
影视,assistant_top,在线观看,战争片《营》在线观看,6,获取作品的在线播放入口,获取作品的在线播放入口,True
影视,assistant_top,披荆斩棘,披荆斩棘2026,4,裸片名或仅带实体类型词的作品查询,裸片名或仅带实体类型词的作品查询,True
影视,assistant_top,摇滚萝莉,摇滚萝莉爱丽丝回到伊菲迪亚秘境,11,裸片名或仅带实体类型词的作品查询,裸片名或仅带实体类型词的作品查询,True
影视,assistant_top,摇滚萝莉,摇滚萝莉爱丽丝回到伊菲迪亚秘境。,12,裸片名或仅带实体类型词的作品查询,裸片名或仅带实体类型词的作品查询,True
影视,assistant_top,斗罗大陆,斗罗大陆2绝世唐门,5,裸片名或仅带实体类型词的作品查询,裸片名或仅带实体类型词的作品查询,True
影视,assistant_top,在线看,斩毒行动 电影 在线看,8,导航到指定影视站点或平台,获取作品的在线播放入口,False
影视,assistant_top,斯巴达克,斯巴达克第一季无删减完整版百度,11,裸片名或仅带实体类型词的作品查询,获取作品的网盘或资源下载渠道,False
影视,assistant_top,日剧《卖房子的女人》,日剧《卖房子的女人》片段,2,裸片名或仅带实体类型词的作品查询,裸片名或仅带实体类型词的作品查询,True
影视,assistant_top,电视剧,日剧《太想被你爱了》电视剧在线观,13,裸片名或仅带实体类型词的作品查询,获取作品的在线播放入口,False
影视,assistant_top,韩剧在线观看,日剧韩剧在线观看大全,4,获取作品的在线播放入口,获取作品的在线播放入口,True
影视,assistant_top,电视剧,日本免费高清观看电视剧百度云下载,13,裸片名或仅带实体类型词的作品查询,获取作品的网盘或资源下载渠道,False
影视,assistant_top,电视剧,日本免费高清观看电视剧百度云下载,13,裸片名或仅带实体类型词的作品查询,获取作品的网盘或资源下载渠道,False
影视,assistant_top,电视剧,日本在线字幕高清电视剧日剧,10,裸片名或仅带实体类型词的作品查询,获取作品的在线播放入口,False
影视,assistant_top,在线观看,日韩剧欧美在线观看电视剧,8,获取作品的在线播放入口,获取作品的在线播放入口,True
影视,assistant_top,在线观看,日韩剧欧美在线观看电视剧,8,获取作品的在线播放入口,获取作品的在线播放入口,True
影视,assistant_top,在线看,早春晴朗 在线看,5,导航到指定影视站点或平台,获取作品的在线播放入口,False
影视,assistant_top,在线看,早春晴朗 在线看,5,导航到指定影视站点或平台,获取作品的在线播放入口,False
影视,assistant_top,电视剧,早春晴朗 电视剧 在线看,9,裸片名或仅带实体类型词的作品查询,获取作品的在线播放入口,False
影视,assistant_top,免费观看,早春晴朗免费观看电视剧完整版,10,获取作品的在线播放入口,获取作品的在线播放入口,True
影视,assistant_top,免费观看,早春晴朗全剧免费观看,6,获取作品的在线播放入口,获取作品的在线播放入口,True
影视,assistant_top,免费观看,早春晴朗全集免费观看电视剧完整版,12,获取作品的在线播放入口,获取作品的在线播放入口,True
影视,assistant_top,在线看,早春晴朗在线看,4,导航到指定影视站点或平台,获取作品的在线播放入口,False
影视,assistant_top,电视剧,早春晴朗电视剧,4,裸片名或仅带实体类型词的作品查询,裸片名或仅带实体类型词的作品查询,True
影视,assistant_top,电视剧免费观看,早春晴朗电视剧免费观看,4,获取作品的在线播放入口,获取作品的在线播放入口,True
影视,assistant_top,电视剧免费观看,早春晴朗电视剧免费观看全,5,获取作品的在线播放入口,获取作品的在线播放入口,True
影视,assistant_top,电视剧免费观看,早春晴朗电视剧免费观看全集在线播放男主叫什么,15,获取作品的在线播放入口,获取作品的在线播放入口,True
影视,assistant_top,电视剧免费观看,早春晴朗电视剧免费观看全集高清完整,10,获取作品的在线播放入口,获取作品的在线播放入口,True
影视,assistant_top,时光代理人,时光代理人第三季,3,裸片名或仅带实体类型词的作品查询,裸片名或仅带实体类型词的作品查询,True
影视,assistant_top,在线观看免费,星空在线观看免费高清韩剧TV,8,获取作品的在线播放入口,获取作品的在线播放入口,True
影视,assistant_top,爱情公寓,李金铭再演爱情公寓美嘉,7,裸片名或仅带实体类型词的作品查询,裸片名或仅带实体类型词的作品查询,True
影视,assistant_top,电影免费观看,杨思明敏武大郎水浒传电影免费观看,10,获取作品的在线播放入口,获取作品的在线播放入口,True
影视,assistant_top,樱花动漫网imomoe官网,樱花动漫网imomoe官网下载,2,导航到指定影视站点或平台,下载或安装影视App与排障,False
影视,assistant_top,哔哩哔哩,欧美mv哔哩哔哩,4,导航到指定影视站点或平台,获取片段、台词或混剪等衍生内容,False
影视,assistant_top,在线观看,母亲韩剧结局在线观看全集,8,获取作品的在线播放入口,获取作品的在线播放入口,True
影视,assistant_top,汪汪队,汪汪队立大功,3,裸片名或仅带实体类型词的作品查询,裸片名或仅带实体类型词的作品查询,True
影视,assistant_top,法国电影,法国电影《百劫红颜》,6,裸片名或仅带实体类型词的作品查询,裸片名或仅带实体类型词的作品查询,True
影视,assistant_top,泰国电影,泰国电影视频大全,4,裸片名或仅带实体类型词的作品查询,导航到指定影视站点或平台,False
影视,assistant_top,在线观看免费,浴火在线观看免费高清电视剧,7,获取作品的在线播放入口,获取作品的在线播放入口,True
影视,assistant_top,电视剧,潘金莲1988年版电视剧,9,裸片名或仅带实体类型词的作品查询,裸片名或仅带实体类型词的作品查询,True
影视,assistant_top,在线观看,激战的后厨1-6集在线观看百度云,12,获取作品的在线播放入口,获取作品的网盘或资源下载渠道,False
影视,assistant_top,在线看,灭火宝贝美剧在线看完整版HD,11,导航到指定影视站点或平台,获取作品的在线播放入口,False
影视,assistant_top,灼灼韶华,灼灼韶华演员表,3,裸片名或仅带实体类型词的作品查询,查询作品演员表与角色信息,False
影视,assistant_top,实时票房,牛来实时票房,2,核实播出信息与集数,核实播出信息与集数,True
影视,assistant_top,动画片,猫咪可以看的动画片,6,裸片名或仅带实体类型词的作品查询,导航到指定影视站点或平台,False
影视,assistant_top,高清视频,生成高清视频，视频视角不动焦距不变，性感舞蹈。,19,导航到指定影视站点或平台,获取片段、台词或混剪等衍生内容,False
影视,assistant_top,电视剧,电视剧2026,4,裸片名或仅带实体类型词的作品查询,裸片名或仅带实体类型词的作品查询,True
影视,assistant_top,电视剧,电视剧排行榜,3,裸片名或仅带实体类型词的作品查询,裸片名或仅带实体类型词的作品查询,True
影视,assistant_top,电视剧推荐,电视剧推荐2026热播的剧,8,裸片名或仅带实体类型词的作品查询,核实播出信息与集数,False
影视,assistant_top,电视剧,电视剧早春晴朗,4,裸片名或仅带实体类型词的作品查询,裸片名或仅带实体类型词的作品查询,True
影视,assistant_top,电视剧,电视剧醒来,2,裸片名或仅带实体类型词的作品查询,裸片名或仅带实体类型词的作品查询,True
影视,assistant_top,电视剧,电视剧醒来全部演员表,7,裸片名或仅带实体类型词的作品查询,查询作品演员表与角色信息,False
影视,assistant_top,电视剧,电视剧醒来剧情介绍,6,裸片名或仅带实体类型词的作品查询,查询剧情梗概或结局剧透,False
影视,assistant_top,电视剧,电视剧醒来演员表,5,裸片名或仅带实体类型词的作品查询,查询作品演员表与角色信息,False
影视,assistant_top,电视剧,电视剧醒来的演员表,6,裸片名或仅带实体类型词的作品查询,查询作品演员表与角色信息,False
影视,assistant_top,电视剧,电视剧重器,2,裸片名或仅带实体类型词的作品查询,裸片名或仅带实体类型词的作品查询,True
影视,assistant_top,电视剧,白冰戴向宇主演的电视剧,8,裸片名或仅带实体类型词的作品查询,按演职人员反查作品列表,False
影视,assistant_top,在线看,短剧在线看,2,导航到指定影视站点或平台,获取作品的在线播放入口,False
影视,assistant_top,韩剧TV,秘密在线观看播放韩剧TV在线观看,12,导航到指定影视站点或平台,获取作品的在线播放入口,False
影视,assistant_top,免费观看,空枪电影朱一龙版免费观看,8,获取作品的在线播放入口,获取作品的在线播放入口,True
影视,assistant_top,糖糖vlog原版视频百度,糖糖vlog原版视频百度在线观看,4,获取作品的网盘或资源下载渠道,获取作品的网盘或资源下载渠道,True
影视,assistant_top,缘之空,"缘之空,动漫",3,裸片名或仅带实体类型词的作品查询,裸片名或仅带实体类型词的作品查询,True
影视,assistant_top,动作片,美国动作片《一击》,6,裸片名或仅带实体类型词的作品查询,裸片名或仅带实体类型词的作品查询,True
影视,assistant_top,美女与野兽,美女与野兽2009,4,裸片名或仅带实体类型词的作品查询,获取成人或限制级内容,False
影视,assistant_top,奥特曼,美女穿奥特曼皮套的过程,8,裸片名或仅带实体类型词的作品查询,获取成人或限制级内容,False
影视,assistant_top,老九门,老九门演员表全部,5,裸片名或仅带实体类型词的作品查询,查询作品演员表与角色信息,False
影视,assistant_top,电视剧免费观看,老牛在线影院电视剧免费观看韩剧,8,获取作品的在线播放入口,获取作品的在线播放入口,True
影视,assistant_top,在线观看,老王影院高清在线观看电视剧视频,11,获取作品的在线播放入口,导航到指定影视站点或平台,False
影视,assistant_top,在线看,花开锦绣 在线看,5,导航到指定影视站点或平台,获取作品的在线播放入口,False
影视,assistant_top,电视剧,花开锦绣 电视剧 在线看,9,裸片名或仅带实体类型词的作品查询,获取作品的在线播放入口,False
影视,assistant_top,免费观看,花开锦绣全集免费观看电视剧完整版高清,14,获取作品的在线播放入口,获取作品的在线播放入口,True
影视,assistant_top,在线看,花开锦绣在线看,4,导航到指定影视站点或平台,获取作品的在线播放入口,False
影视,assistant_top,在线看,花开锦绣在线看全集免费,8,导航到指定影视站点或平台,获取作品的在线播放入口,False
影视,assistant_top,在线看,花开锦绣在线看观看,6,导航到指定影视站点或平台,获取作品的在线播放入口,False
影视,assistant_top,电视剧免费观看,花开锦绣电视剧免费观看高清版,7,获取作品的在线播放入口,获取作品的在线播放入口,True
影视,assistant_top,电视剧,花开锦绣电视剧全集,6,裸片名或仅带实体类型词的作品查询,获取作品的在线播放入口,False
影视,assistant_top,在线观看,花开锦绣电视剧全集免费播放在线观看,13,获取作品的在线播放入口,获取作品的在线播放入口,True
影视,assistant_top,免费观看,花开锦绣电视剧高清免费观看,9,获取作品的在线播放入口,获取作品的在线播放入口,True
影视,assistant_top,电视剧,藏锋 电视剧 在线看,7,裸片名或仅带实体类型词的作品查询,获取作品的在线播放入口,False
影视,assistant_top,在线看,藏锋在线看全集,4,导航到指定影视站点或平台,获取作品的在线播放入口,False
影视,assistant_top,免费观看,藏锋电视剧在线播放免费观看2026,13,获取作品的在线播放入口,获取作品的在线播放入口,True
影视,assistant_top,蜘蛛侠4,蜘蛛侠4崭新之日,4,裸片名或仅带实体类型词的作品查询,裸片名或仅带实体类型词的作品查询,True
影视,assistant_top,西班牙电影,西班牙电影《AMAR》,6,裸片名或仅带实体类型词的作品查询,裸片名或仅带实体类型词的作品查询,True
影视,assistant_top,在线观看免费,西瓜影院在线观看免费高清电视剧,9,获取作品的在线播放入口,导航到指定影视站点或平台,False
影视,assistant_top,西瓜视频,西瓜视频免费,2,导航到指定影视站点或平台,导航到指定影视站点或平台,True
影视,assistant_top,一起看,请帮我生成一个视频：男人搂着女人的肩膀亲吻女人的嘴唇，女人深情回吻着男人，然后依偎在一起看向镜头幸福的笑了，比例为原比例。,58,裸片名或仅带实体类型词的作品查询,获取片段、台词或混剪等衍生内容,False
影视,assistant_top,检察官,谭松韵饰演未检检察官,7,裸片名或仅带实体类型词的作品查询,查询作品演员表与角色信息,False
影视,assistant_top,赛文奥特曼,赛文奥特曼12集为什么被禁,8,裸片名或仅带实体类型词的作品查询,剧情设定讨论与同人假设问答,False
影视,assistant_top,樱花动漫,身为完美大小姐的我樱花动漫,9,裸片名或仅带实体类型词的作品查询,获取作品的在线播放入口,False
影视,assistant_top,还珠格格,还珠格格之第二部,4,裸片名或仅带实体类型词的作品查询,裸片名或仅带实体类型词的作品查询,True
影视,assistant_top,电视剧,这是什么电视剧,4,裸片名或仅带实体类型词的作品查询,裸片名或仅带实体类型词的作品查询,True
影视,assistant_top,电视剧,这是什么电视剧？,5,裸片名或仅带实体类型词的作品查询,凭情节片段反查片名,False
影视,assistant_top,电视剧,这是哪部电视剧,4,裸片名或仅带实体类型词的作品查询,裸片名或仅带实体类型词的作品查询,True
影视,assistant_top,电影在线看,退伍特种兵电影在线看,5,获取作品的在线播放入口,获取作品的在线播放入口,True
影视,assistant_top,电视剧,醒来 电视剧 在线看,7,裸片名或仅带实体类型词的作品查询,获取作品的在线播放入口,False
影视,assistant_top,电视剧,醒来欧豪电视剧,4,裸片名或仅带实体类型词的作品查询,裸片名或仅带实体类型词的作品查询,True
影视,assistant_top,电视剧,醒来电视剧,2,裸片名或仅带实体类型词的作品查询,裸片名或仅带实体类型词的作品查询,True
影视,assistant_top,电视剧免费观看,醒来电视剧免费观看全集完整版高清下载,11,获取作品的在线播放入口,获取作品的在线播放入口,True
影视,assistant_top,醒来电视剧,醒来电视剧全集免费播放欧豪在线观看爱奇艺,15,裸片名或仅带实体类型词的作品查询,获取作品的在线播放入口,False
影视,assistant_top,醒来电视剧,醒来电视剧全集免费播放欧豪在线观看爱奇艺视频,17,裸片名或仅带实体类型词的作品查询,获取作品的在线播放入口,False
影视,assistant_top,醒来电视剧,醒来电视剧全集免费观看在线播放,10,裸片名或仅带实体类型词的作品查询,获取作品的在线播放入口,False
影视,assistant_top,醒来电视剧,醒来电视剧全集免费观看在线播放下载,12,裸片名或仅带实体类型词的作品查询,获取作品的在线播放入口,False
影视,assistant_top,电视剧在线观看,醒来电视剧在线观看完整版高清,7,获取作品的在线播放入口,获取作品的在线播放入口,True
影视,assistant_top,醒来电视剧,醒来电视剧演员表,3,裸片名或仅带实体类型词的作品查询,查询作品演员表与角色信息,False
影视,assistant_top,电视剧,醒来的电视剧,3,裸片名或仅带实体类型词的作品查询,裸片名或仅带实体类型词的作品查询,True
影视,assistant_top,电视剧,重器 电视剧 在线看,7,裸片名或仅带实体类型词的作品查询,获取作品的在线播放入口,False
影视,assistant_top,电视剧,重器电视剧,2,裸片名或仅带实体类型词的作品查询,裸片名或仅带实体类型词的作品查询,True
影视,assistant_top,电视剧在线观看,重器电视剧在线观看免费观看,6,获取作品的在线播放入口,获取作品的在线播放入口,True
影视,assistant_top,重案六组,重案六组消失的警号,5,裸片名或仅带实体类型词的作品查询,裸片名或仅带实体类型词的作品查询,True
影视,assistant_top,金瓶梅电视剧全集电视剧,金瓶梅电视剧全集电视剧免费播放在线高清版,9,获取作品的在线播放入口,获取作品的在线播放入口,True
影视,assistant_top,电视剧,金色电视剧,2,裸片名或仅带实体类型词的作品查询,裸片名或仅带实体类型词的作品查询,True
影视,assistant_top,问心2,问心2演员表,3,裸片名或仅带实体类型词的作品查询,查询作品演员表与角色信息,False
影视,assistant_top,电视剧免费,青柠影院电视剧免费播放视频,8,下载或安装影视App与排障,导航到指定影视站点或平台,False
影视,assistant_top,青青河边草,青青河边草免费完整版观看,7,裸片名或仅带实体类型词的作品查询,获取作品的在线播放入口,False
影视,assistant_top,在线观看,韩剧HD免费版在线观看,7,获取作品的在线播放入口,获取作品的在线播放入口,True
影视,assistant_top,在线观看,韩剧《初次尝鲜》在线观看完整版,11,获取作品的在线播放入口,获取作品的在线播放入口,True
影视,assistant_top,在线观看,韩剧《初次尝鲜》看全集吗在线观看,12,获取作品的在线播放入口,获取作品的在线播放入口,True
影视,assistant_top,在线观看,韩剧《左邻右舍》在线观看,8,获取作品的在线播放入口,获取作品的在线播放入口,True
影视,assistant_top,在线观看,韩剧《干柴与烈火》在线观看墨西哥,12,获取作品的在线播放入口,获取作品的在线播放入口,True
影视,assistant_top,在线观看免费,韩剧《更衣室》在线观看免费换,8,获取作品的在线播放入口,获取作品的在线播放入口,True
影视,assistant_top,免费大片,韩剧免费大片在线观看,6,下载或安装影视App与排障,获取作品的在线播放入口,False
影视,assistant_top,电影在线,韩剧电影在线播放,4,导航到指定影视站点或平台,获取作品的在线播放入口,False
影视,assistant_top,韩剧TV,韩国在线高清免费观看完整版韩剧TV,13,导航到指定影视站点或平台,获取作品的在线播放入口,False
影视,assistant_top,韩国电影,韩国电影《燃烧》,4,裸片名或仅带实体类型词的作品查询,裸片名或仅带实体类型词的作品查询,True
影视,assistant_top,韩国电影在线高清免费观看,韩国电影在线高清免费观看完整版,3,获取作品的在线播放入口,获取作品的在线播放入口,True
影视,assistant_top,飘雪影院,飘雪影院日剧在线观看,6,导航到指定影视站点或平台,导航到指定影视站点或平台,True
影视,assistant_top,电视剧,飞到我心上电视剧,5,裸片名或仅带实体类型词的作品查询,裸片名或仅带实体类型词的作品查询,True
影视,assistant_top,电影在线观看,驭女心经电影在线观看完整版国语,9,获取作品的在线播放入口,获取作品的在线播放入口,True
影视,assistant_top,在线观看免费版,高清在线观看免费版韩剧电影,6,获取作品的在线播放入口,获取作品的在线播放入口,True
影视,assistant_random,电影票房,2011到2025全球电影票房榜,12,裸片名或仅带实体类型词的作品查询,核实播出信息与集数,False
影视,assistant_random,电视剧,2017年6月11日电视剧和7月9日综艺,17,裸片名或仅带实体类型词的作品查询,核实播出信息与集数,False
影视,assistant_random,新闻联播,7月19日，新闻联播主要内容,10,收看电视频道直播或查询节目表,剧情设定讨论与同人假设问答,False
影视,assistant_random,douyin,8.76 aNW:/ :5pm 04/09 e@B.gB 复制打开抖音极速版，看看【昊天（天帝）超自然行动组的作品】O泡果奶病毒下载  https://v.douyin.com/lIxXgE2zPzI/,95,导航到指定影视站点或平台,下载或安装影视App与排障,False
影视,assistant_random,西游记,86版西游记和日版哪个更受欢迎,12,裸片名或仅带实体类型词的作品查询,核实播出信息与集数,False
影视,assistant_random,三国演义,94版三国演义诸葛亮骂走徐庶删减片段,14,裸片名或仅带实体类型词的作品查询,获取片段、台词或混剪等衍生内容,False
影视,assistant_random,水浒传,98年版水浒传,4,裸片名或仅带实体类型词的作品查询,裸片名或仅带实体类型词的作品查询,True
影视,assistant_random,bili,Bilibili Dream-PC,13,导航到指定影视站点或平台,导航到指定影视站点或平台,True
影视,assistant_random,樱花动漫,Frontinencet樱花动漫,12,裸片名或仅带实体类型词的作品查询,导航到指定影视站点或平台,False
影视,assistant_random,镇魂街,“镇魂街讲的什么故事？,8,裸片名或仅带实体类型词的作品查询,查询剧情梗概或结局剧透,False
影视,assistant_random,电视剧,《一树桃花开》是由观焱影视、影球影视、中国国际电视、PPTV、银巴克、曲江影视、奇寓映画出品，王瑞执导，陈枰编剧，王志文、徐帆领衔主演，蓝盈莹、李泓良、何建泽、杨凯程等主演的都市情感剧。该剧以盛茂林、郑婉颐一家为核心，讲述了他们因误会而分道扬镳的悲情往事。二十四年前，盛茂林与郑婉颐因误会而感情破裂，他离开北京前往贵州工作，留下郑婉颐独自抚养三个孩子，并断绝了与盛茂林的一切联系。二十四年后，已年过六旬的盛茂林重返北京，决心找回失散的一双儿女。他的归来引发了家庭的轩然大波，两代人之间，曾经的误会与隔阂，如今成为矛盾与情感的纠葛的故事。该剧于2017年2月3日在江苏城市频道首播。曾入选广电总局电视剧司《关于下发2017年重要宣传期第二批推荐播出参考剧目的通知》第二批参考推荐剧目。 这部剧主要讲述了什么故事,351,裸片名或仅带实体类型词的作品查询,查询剧情梗概或结局剧透,False
影视,assistant_random,电视剧,《九门》电视剧哪里可以看,9,裸片名或仅带实体类型词的作品查询,剧情设定讨论与同人假设问答,False
影视,assistant_random,你好星期六,《你好星期六》推迟播出是否会影响录制,13,裸片名或仅带实体类型词的作品查询,剧情设定讨论与同人假设问答,False
影视,assistant_random,在线看,《农家女》国语版在线看,8,导航到指定影视站点或平台,获取作品的在线播放入口,False
影视,assistant_random,凹凸世界,《凹凸世界：Reborn》剧情和原版有关联吗,18,裸片名或仅带实体类型词的作品查询,凭情节片段反查片名,False
影视,assistant_random,功夫女足,《功夫女足》上映14天时，观影人次增长了多少,18,裸片名或仅带实体类型词的作品查询,核实播出信息与集数,False
影视,assistant_random,唐朝诡事录之蜀道,《唐朝诡事录之蜀道》什么时候播出,8,裸片名或仅带实体类型词的作品查询,核实播出信息与集数,False
影视,assistant_random,夏目友人帐,《夏目友人帐》,2,裸片名或仅带实体类型词的作品查询,裸片名或仅带实体类型词的作品查询,True
影视,assistant_random,大耳朵图图,《大耳朵图图》中图图怕黑还有哪些集数,13,裸片名或仅带实体类型词的作品查询,剧情设定讨论与同人假设问答,False
影视,assistant_random,舞蹈视频,《山风山风》舞蹈视频,6,获取片段、台词或混剪等衍生内容,获取片段、台词或混剪等衍生内容,True
影视,assistant_random,三国演义,《战争与和平》里，安德烈，皮埃尔，娜塔莎，彼佳，玛利亚公爵小姐，索尼娅，尼古拉，鲍里斯，图申，安德烈父亲，苏沃洛夫，娜塔莎父母，娜塔莎叔叔，阿赫萝西莫娃，杰尼索夫，多洛霍夫，阿纳托利，普拉东，海伦，库图佐夫，巴格拉季翁，他们要是看了《三国演义》里的诸葛亮给刘禅写的《出师表》，他在五丈原去世，鞠躬尽瘁死而后已，什么反应，表面和内心独白！！！,166,裸片名或仅带实体类型词的作品查询,剧情设定讨论与同人假设问答,False
影视,assistant_random,新僵尸先生,《新僵尸先生2》电影,5,裸片名或仅带实体类型词的作品查询,裸片名或仅带实体类型词的作品查询,True
影视,assistant_random,权力的游戏,《权力的游戏》,2,裸片名或仅带实体类型词的作品查询,裸片名或仅带实体类型词的作品查询,True
影视,assistant_random,梦比优斯奥特曼,《梦比优斯奥特曼外传：复活的恶灵》一共登场了几个反派,19,裸片名或仅带实体类型词的作品查询,剧情设定讨论与同人假设问答,False
影视,assistant_random,水龙吟,《水龙吟》的结局是否令人满意,11,裸片名或仅带实体类型词的作品查询,裸片名或仅带实体类型词的作品查询,True
影视,assistant_random,泰迦奥特曼,《泰迦奥特曼》结局,4,裸片名或仅带实体类型词的作品查询,直达指定集数的播放页,False
影视,assistant_random,海绵宝宝,《海绵宝宝》里章鱼哥的中文姓氏是什么？A大脓包B丹尼奥C奥德里奇D东东包,32,裸片名或仅带实体类型词的作品查询,剧情设定讨论与同人假设问答,False
影视,assistant_random,特立独行,《特立独行》的盈利情况怎么样,10,裸片名或仅带实体类型词的作品查询,剧情设定讨论与同人假设问答,False
影视,assistant_random,电视剧,《终极任务》电视剧中陆迎川如果故意招惹石川灵子会怎样,23,裸片名或仅带实体类型词的作品查询,剧情设定讨论与同人假设问答,False
影视,assistant_random,电视剧,《覆雨翻云》电视剧,6,裸片名或仅带实体类型词的作品查询,裸片名或仅带实体类型词的作品查询,True
影视,assistant_random,免费观看,《迷雾森林》免费观看,6,获取作品的在线播放入口,获取作品的在线播放入口,True
影视,assistant_random,在线观看,《飞船厄洛斯》完整版在线观看,10,获取作品的在线播放入口,获取作品的在线播放入口,True
影视,assistant_random,三叉戟,三叉戟谁是警局内鬼,6,裸片名或仅带实体类型词的作品查询,裸片名或仅带实体类型词的作品查询,True
影视,assistant_random,规则怪谈,三角洲行动规则怪谈全集,7,裸片名或仅带实体类型词的作品查询,裸片名或仅带实体类型词的作品查询,True
影视,assistant_random,西游记,下山就当姑奶奶全家都宠我短剧大结局第88集西游记的五百年前大闹天宫时期野性难驯的孙悟空来到主角丸子家说里边的人出来跟我比武不出来砸了这个破房子后家人们说你是哪来的怪物你是谁孙悟空说我是东胜神洲傲来国花果山水帘洞美猴王齐天大圣孙悟空后反派说你是齐天大圣孙悟空失礼饶了苏家一命听说大圣法术强在西游记里的战力T1级别文章,154,裸片名或仅带实体类型词的作品查询,直达指定集数的播放页,False
影视,assistant_random,动画片,不可以看动画片，要怎么弄？,10,裸片名或仅带实体类型词的作品查询,剧情设定讨论与同人假设问答,False
影视,assistant_random,懒羊羊,不料懒羊羊突然说我再也不想喜欢奇花镇和水灵镇了，没有温暖的吗他不会喜欢冰雪镇的，有冷漠，他选择了流沙镇，没有冷漠，有温暖。沸羊羊又说了什么还有他们三个,72,裸片名或仅带实体类型词的作品查询,剧情设定讨论与同人假设问答,False
影视,assistant_random,赛罗奥特曼,不是我说的是雷杰多、诺亚、罗布、格罗布、令迦这些奥特曼是没有的（赛罗奥特曼宇宙升华里面的记录墙里面没有这些奥特曼）,52,裸片名或仅带实体类型词的作品查询,剧情设定讨论与同人假设问答,False
影视,assistant_random,假面骑士,不过你忘了一个人就是假面骑士幻梦的变身者，我记得他后面也加入主角团了,30,裸片名或仅带实体类型词的作品查询,剧情设定讨论与同人假设问答,False
影视,assistant_random,中国好声音,中国好声音是否有黑幕,5,裸片名或仅带实体类型词的作品查询,剧情设定讨论与同人假设问答,False
影视,assistant_random,中央五台cctv5在线直播,中央五台cctv5在线直播女排,2,收看电视频道直播或查询节目表,收看电视频道直播或查询节目表,True
影视,assistant_random,无尽的尽头,为什么无尽的尽头杜队骂潘雄不是人,11,裸片名或仅带实体类型词的作品查询,剧情设定讨论与同人假设问答,False
影视,assistant_random,潘金莲,为何潘金莲和西门庆同房过？,10,裸片名或仅带实体类型词的作品查询,剧情设定讨论与同人假设问答,False
影视,assistant_random,京剧猫,为啥有些人说海漂的机制在京剧猫里堪称阴间。,18,导航到指定影视站点或平台,剧情设定讨论与同人假设问答,False
影视,assistant_random,动漫在线观看,乐园侵触之死亡岛第一季动漫在线观看,11,获取作品的在线播放入口,获取作品的在线播放入口,True
影视,assistant_random,电视剧,九门是什么时候的电视剧,8,裸片名或仅带实体类型词的作品查询,裸片名或仅带实体类型词的作品查询,True
影视,assistant_random,搞笑视频,买玉交学费的搞笑视频,6,获取片段、台词或混剪等衍生内容,获取成人或限制级内容,False
影视,assistant_random,水龙吟,于秀婷芳心一颤，这一句你娘管得严也叫她好不尴尬，自己当着儿子儿媳的面跟这身为自己女婿的男人挨在一块，各种滋味也不知如何表述，只是又羞又臊，凌乱之极。　　龙辉说道：“剑鸣，你陪翁主去散散心，我与你娘在这里休息一下！”　　说话间，手掌不着痕迹地伸到于秀婷身后，往那肥美肉臀掐了一把，羞得美妇耳根发烫。　　魏剑鸣正值新婚燕尔，正是想跟娇妻独处，立即答应下来。　　走了几步，他又道：“采苓，咱们且去准备一些祭品，拜祭一下先父吧！”宫采苓点了点头，魏剑鸣又道：“娘，待我准备好后，便让采苓来唤你。”　　于秀婷此刻浑身发热，只想赶快送走这小子，连连点头。　　魏剑鸣走后，龙辉拉着于秀婷走入林内，笑道：“婷儿，我们一同走走，也重温一下你少女时的美妙回忆。”　　于秀婷心底一甜，乖顺地挽着他手臂，指着河滩上说道：“以前每到夏天，我就跟师兄们一块到这里游玩，当时我们互相切磋剑法，累了就捉鱼烤来吃！”龙辉问道：“是谁下去捉鱼？”　　于秀婷瞟了他一眼，似笑非笑地道：“是楚师兄，魏师兄则负责烤鱼……”　　她咬了咬水润的下唇，略带调笑地说道：“怎么，你吃醋不吃？”　　龙辉哈哈一笑，伸手解开衣带，于秀婷以为他又要使坏，吓得连忙躲到一边，只见他脱去外衣，只穿着一条短裤，说道：“他们能做到的，我也能做到，而且比他们做得更好！”说罢一头扎入水中，溅起一片水花。　　过了片刻，鱼儿一条接一条被抛出河水，落在岸上，随即龙辉冒出水来，往水面一拍，溅起一阵水花，于秀婷那料到这小子如此顽劣，被水淋湿了身子。　　楚无缺为人遵守礼节，断不会做往师妹身上泼水的事，而魏少宗也是爱慕于秀婷，更不会如此无礼，于秀婷算是首次被人泼水在身，端的是哭笑不得，却又倍感新奇，娇嗔一声，也弯身下来用手掬水，往龙辉泼去。　　两人竟打起水战来，于秀婷宛若重回少女时代，嗔道：“坏人，让你泼我！”　　嗔怪之余，竟不自觉地用上功夫，一招水龙吟便朝龙辉暗使过去。　　龙辉一时不慎被卷了个四脚朝天，摔到岸上的一片草地上，跌得好不狼狈。　　于秀婷噗嗤娇笑：“活该，叫你这几天老欺负人！”　　“哎呀……疼死我了！”　　龙辉躺在地上呻吟出声，于秀婷啐道：“少来唬人，这么点程度伤不到你！”龙辉见她不受骗，立即翻身起来，张牙舞爪地朝她扑去：“岂有此理，看我怎么收拾你！”　　于秀婷连忙躲闪，龙辉一扑不得，继续掉头去追，于秀婷连忙施展身法躲避，两人一追一逐，倒也似热恋情侣那般嬉戏打闹，甚是欢快。于秀婷被河水打湿，衣裙贴在身上，薄薄的裙子紧裹着曼妙的身段，酥胸被绷得紧凑，丰盈圆翘也紧贴着衣服，勾勒出夸张迷人的曲线，但她本人却尚未察觉自己已经春光乍现。    “婷儿！”    宛若坠入热恋一般，龙辉猛地转过身来将于秀婷一把抱住，美妇人却是露出少女般的娇羞，嘤咛一声，面红腮晕。龙辉箍住她的玉颈，低头便衔着两瓣朱唇，吮得好生甘美。　　于秀婷媚眼如丝，娇喘无比。　　龙辉伸手在美妇身上乱摸一通，甚是激动，练武的身子紧绷丰弹，肉香无比。　　“坏人，别……他们还在哩！”　　于秀婷娇喘抗议道，龙辉魔手却是继续作怪，已经伸入妇人裙底，指尖触及一片腴软湿腻。她越是扭捏，龙辉越是不放手，于秀婷自知这冤家秉性，干脆挨在他怀里任其使坏，龙辉上下其手，将美妇人的衣裙一一剥开，毓秀玉润的娇躯好似鲜花嫩蕊般层层展开，在清晨的树林里散发着迷人芬芳。    龙辉嗅着美妇馥腻的香气，湿润的舌头顺着于秀婷的脖颈舔洗着，幼滑的肌肤透出的香气浸得舌尖都麻了。    “嗯……坏人，快别闹了！”于秀婷玉手无力地推着龙辉肩膀，龙辉却是死死盯着美妇丰满，伸手托着，缓缓揉捏，那娇美如此丰满，    他也没有放过于秀婷的另一只，低下头一口就叼了上去，拼命的吮吸舔食，就像一个饿坏了的婴儿，乳汁甘美入喉。龙辉说道“婷儿，无论是楚无缺，还是魏少宗，都没有见过你的骚样”，龙辉的手指开始在那里动了起来，于秀婷听到自己的那里传出难为情的声响，腰竟不自禁地动了起来。「啊……用力……喔……」腴腰不断地扭动，大量爱液被带出，随着于秀婷的股沟流到草地上。于秀婷嘴巴已不再抗拒，只剩下娇媚的呻吟跟喘息，肥臀也毫无顾忌地随着龙辉的动作挺动着，龙辉发出笑声，随即将自己的大嘴压上于秀婷的檀口！于秀婷还主动将香舌献上，只见两人舌尖交缠，于秀婷被吻得不知天地为何物。龙辉的手指不停抖动，于秀婷的呻吟愈来愈大声，头也不自禁的后仰，龙辉对爱妻反应十分熟悉于秀婷已经快洩身了，果然龙辉再抽插个十多下，于秀婷发出长长的呻吟声，身子也向上绷紧到了极致，然后才无力瘫倒在龙辉怀里。于秀婷臻首倒向一旁，闭着眼睛似乎在享受巅峰余韵，双颊绯红，小嘴大大喘着气，龙辉却是手未停…………良久，于秀婷娇躯又是一颤，涟漪泛动，娇羞哀喘，小腹竟阵阵抽搐，生出一股尿………这是另一本小说，龙魂侠影，里面也有一个仙子角色于秀婷，是龙辉的岳母，在龙辉没有得到她之前，也算是真仙子吧，但正如龙辉所说，和龙辉独处很容易变骚,2021,裸片名或仅带实体类型词的作品查询,剧情设定讨论与同人假设问答,False
影视,assistant_random,今日说法,今日说法老周的艳遇,5,裸片名或仅带实体类型词的作品查询,裸片名或仅带实体类型词的作品查询,True
影视,assistant_random,电视剧,介绍一下电视剧守婚如玉的主要演员,13,裸片名或仅带实体类型词的作品查询,剧情设定讨论与同人假设问答,False
影视,assistant_random,电视剧,你安全吗电视剧陈都灵,7,裸片名或仅带实体类型词的作品查询,获取作品的在线播放入口,False
影视,assistant_random,铠甲勇士,你就给我讲，原来铠甲勇士里的魔马兽是由动物园里受污染的马变异而来的呀。我就说动物园里化作黑烟消失的马，怎么会突然消失？原来是影霸搞的鬼的呀！,66,裸片名或仅带实体类型词的作品查询,剧情设定讨论与同人假设问答,False
影视,assistant_random,动画电影,假如哪吒之魔童闹海全部配音演员一天早上比以前的中考成绩有的高过一会准备来一场比赛过一会就是谁做对的题多就是满分过开始了准备用配音声音结果动画电影全部人物出来了结果有一个一个没有写对结果零分对话语录完整版,97,裸片名或仅带实体类型词的作品查询,剧情设定讨论与同人假设问答,False
影视,assistant_random,咒术回战,假如在咒术回战里，5条悟(13岁)还有一个姐姐，叫做五条忆(14岁)，白色的长发，湛蓝色的眼睛，他的术式比谁都强，比五条悟还强，甚至体术也强的能吊打五条悟和夏油杰，他打破了女性不能调皮捣蛋的性格，他会偷偷跟着五条悟和夏油杰去逃课，虽然说每次都会被抓到，五条忆的战力强到离谱，他还放话说：你俩放心吧！就算你俩死了，我也可以去地府把你俩给捞回来的~只不过，我只要还活着，你们就大概不会死的啦。剩下的自己编,196,裸片名或仅带实体类型词的作品查询,剧情设定讨论与同人假设问答,False
影视,assistant_random,喜羊羊与灰太狼,假如棘斯拉穿越到了各个动画世界里，然后又消失了，这些动画分别是熊出没、非人哉、小猪佩奇、海绵宝宝、猫和老鼠、变形金刚、奥特曼、喜羊羊与灰太狼、巴啦啦小魔仙、小马宝莉、西游记、哪吒、漫威、超级飞侠、猪猪侠、功夫熊猫、我是不白吃，动画角色们只在一瞬间目击到棘斯拉，写一写动画角色们的描述,134,裸片名或仅带实体类型词的作品查询,剧情设定讨论与同人假设问答,False
影视,assistant_random,蜡笔小新,假如蜡笔小新里的美伢和广智看到原版的邋遢大王奇遇记和修复版的是什么反应？,32,裸片名或仅带实体类型词的作品查询,剧情设定讨论与同人假设问答,False
影视,assistant_random,假面骑士,假面骑士Black/RX,8,裸片名或仅带实体类型词的作品查询,裸片名或仅带实体类型词的作品查询,True
影视,assistant_random,电视剧免费,农村电视剧免费连续剧大全,7,下载或安装影视App与排障,获取作品的在线播放入口,False
影视,assistant_random,凹凸世界,凹凸世界同人第一季到第四季：假如空条承太郎来到了凹凸星球大厅大赛的赛场（注：必须描述原著剧情片，每次描述几集）,51,裸片名或仅带实体类型词的作品查询,剧情设定讨论与同人假设问答,False
影视,assistant_random,电视剧,刘浩存演过哪些电视剧,7,裸片名或仅带实体类型词的作品查询,按演职人员反查作品列表,False
影视,assistant_random,韩国电视剧,刚看的韩国电视剧,3,裸片名或仅带实体类型词的作品查询,裸片名或仅带实体类型词的作品查询,True
影视,assistant_random,电影大全,动作战争电影大全,4,导航到指定影视站点或平台,获取作品的在线播放入口,False
影视,assistant_random,电视剧,历年的口碑电视剧,5,裸片名或仅带实体类型词的作品查询,裸片名或仅带实体类型词的作品查询,True
影视,assistant_random,变形金刚,变形金刚起源中矿工都是汽车吗,10,裸片名或仅带实体类型词的作品查询,剧情设定讨论与同人假设问答,False
影视,assistant_random,变形金刚,变形金刚领袖之证第三季,7,裸片名或仅带实体类型词的作品查询,裸片名或仅带实体类型词的作品查询,True
影视,assistant_random,电影大全,古天乐电影大全,3,导航到指定影视站点或平台,按演职人员反查作品列表,False
影视,assistant_random,免费看,古都惊雷粤语版免费看,7,获取作品的在线播放入口,获取作品的在线播放入口,True
影视,assistant_random,叶罗丽,叶罗丽中还有哪些非官配的热门CP,13,裸片名或仅带实体类型词的作品查询,剧情设定讨论与同人假设问答,False
影视,assistant_random,叶罗丽精灵梦,叶罗丽精灵梦第十一季世王为什么无法掌握生命之母的力量呢！,22,裸片名或仅带实体类型词的作品查询,剧情设定讨论与同人假设问答,False
影视,assistant_random,名侦探柯南,名侦探柯南第100集：之后等人们走了，毛利兰才出来，结果被两个人发现然后被两个人一前一后抱着毛利兰让他们住手直接毛利兰不断的挣脱着，但被两个人死死抱着然后正准备把毛利兰抓走带去黑衣女子那，结果毛利兰挣脱，把他们打败了…未完待续,108,裸片名或仅带实体类型词的作品查询,剧情设定讨论与同人假设问答,False
影视,assistant_random,电视剧,后手就为电视剧老吉演到甲米事件,12,裸片名或仅带实体类型词的作品查询,凭情节片段反查片名,False
影视,assistant_random,电视剧,启王的电视剧叫什么,6,裸片名或仅带实体类型词的作品查询,凭情节片段反查片名,False
影视,assistant_random,哆啦A梦,哆啦A梦中如人鱼女王苏菲亚我和可蕾雅和米佳小姐和哆啦A梦伙伴们看到这把正义之剑插在广场空地的土里他们是什么反应说什么话他们一个一个是想把正义之剑拔出来他们怎么说突然大雄把它拔出来了看来正义之剑是选择了大雄这把剑带回家，他妈妈怎么说大雄，你的背后是不是藏了什么东西他怎么说,131,裸片名或仅带实体类型词的作品查询,剧情设定讨论与同人假设问答,False
影视,assistant_random,哆啦A梦,哆啦A梦里二创描写缅北冒险记剧情当六人组及大雄、哆啦A梦、静香、胖虎、小夫还有哆啦美等在道具的旅程奇遇中，以下剧情讲述在小夫家中小夫经常爱炫耀从箱子里拿出从缅北买的亮晶晶玉石给大家羡慕高价值后，大雄惊讶说道伸手去想摸它！但被小夫阻止怕被大雄弄坏，静香欣赏道的反应！胖虎可能质问小夫那个玉石这么贵重怎么买到，四人在小夫家中聊天中，小夫可能嘲讽大雄说道像你这种乡下人是不会明白的，包括胖虎和静香笑了，大雄再也不忍了生气奢望跑回家之后跑回自家房间，哆啦A梦正在看漫画吃铜锣烧看着大雄回来之后闷闷不乐的说，大雄跑过去往哆啦A梦抱在怀里又生气哭着说小夫这个家伙太过分了，他瞧不起我买不起这样玉石几句，这时哆啦美从抽屉下时光机出来了告诉哥哥休假了好消息可能说要去旅行了？大雄坐着抱着双腿头往下，哆啦美也还过来后看着大雄怎么了，哆啦A梦告诉哆啦美事情是这样几句，哆啦美想到办法决定去出国买玉石，大雄得告诉大家得去消息后，以下等后面发展到缅北冒险景点旅程后，哆啦A梦可能如何用什么道具观侧还看到远处电诈园区那些受害者被虐待恶意殴打伤害让大家心理情绪会是什么反应？,469,裸片名或仅带实体类型词的作品查询,剧情设定讨论与同人假设问答,False
影视,assistant_random,哆啦a梦,哆啦a梦被一巴掌拍，飞胖虎说道别攻击他们，作者这时候红超人也变回原来的形态，准备和胖虎比比，谁才是真正的超人？,51,裸片名或仅带实体类型词的作品查询,剧情设定讨论与同人假设问答,False
影视,assistant_random,木乃伊,哇啦啦啦，木乃伊删掉,7,裸片名或仅带实体类型词的作品查询,裸片名或仅带实体类型词的作品查询,True
影视,assistant_random,哈利波特,哈利波特就有大儿子,5,裸片名或仅带实体类型词的作品查询,裸片名或仅带实体类型词的作品查询,True
影视,assistant_random,哈哈哈,哈哈哈，我看吉连怎么打都打不死十七号,15,裸片名或仅带实体类型词的作品查询,剧情设定讨论与同人假设问答,False
影视,assistant_random,哥斯拉,哥斯拉大战基多拉有多高,8,裸片名或仅带实体类型词的作品查询,获取成人或限制级内容,False
影视,assistant_random,汪汪队立大功,哪个平台有《汪汪队立大功》的最新一季全集,14,裸片名或仅带实体类型词的作品查询,核实播出信息与集数,False
影视,assistant_random,免费观看,哪里可以免费观看《逆爱》海外版,11,获取作品的在线播放入口,获取作品的在线播放入口,True
影视,assistant_random,唐山大地震,唐山大地震陈小艺电视剧,6,裸片名或仅带实体类型词的作品查询,按演职人员反查作品列表,False
影视,assistant_random,喜羊羊与灰太狼,喜羊羊与灰太狼之决战次时代B1机器人改造B1身高体重由于B1接二连三失败就连他的兄弟B4都看不下去最后亲自来到地球B4说B1你多次失败浪费太多资源所以我要处决你B1说大哥再给我次机会这一次我会拼上性命去战斗再给我一次机会B4说好吧他给你次机会并会给你身体进行改造啊啊啊啊啊啊在基地上被改造B1去跟小羊们展开战斗最后不敌体内的炸弹被B4引爆最终爆炸阵亡躲在角落B4用望远镜观察步雷黑钻寒天突然出现把他吓一跳刚想逃跑影子剔博士出现B4走另一条路还没跑多远就被影子拦住去路B4跟影子展开战斗最后不敌影子被制服B4说我堂堂指挥官打不过一个弱女子B4最后被制服被抓躲在远处懒羊羊变声成暗杀者声音变成机械旁边B5是他的手下在基地B4看着剔博士不在偷偷跑了剔博士等人赶到时在那家伙早就跑了影子前期捕捉B4尽力逃跑影子拦住他B4打出一个洞逃了出去到达悬崖影子带着寒天黑钻步雷剔博士感到眼见无路可逃B4拿出炸弹跳下去自杀,394,裸片名或仅带实体类型词的作品查询,剧情设定讨论与同人假设问答,False
影视,assistant_random,喜羊羊与灰太狼,喜羊羊与灰太狼奇妙大营救免费观看,9,裸片名或仅带实体类型词的作品查询,获取作品的在线播放入口,False
影视,assistant_random,喜羊羊,喜羊羊之聪明,3,裸片名或仅带实体类型词的作品查询,裸片名或仅带实体类型词的作品查询,True
影视,assistant_random,喜羊羊,喜羊羊他们训练很好灰太狼也掌握好电光棍，美羊羊的藤曼鞭可以让敌人硬控3秒，暖羊羊的权杖可以很好的开大治疗，沸羊羊和懒羊羊也掌控好力量，他们运用晶石升级了，接下来他们要前往晶石赛场，剧说只要拿到传说中的晶石就能变强并且能让人恢复健康什么疾病都会消除，喜羊羊他们和灰太狼踏上了赛场还有慢羊羊红太狼小灰灰他们在赛场外盯着并且保护喜羊羊灰太狼他们,166,裸片名或仅带实体类型词的作品查询,剧情设定讨论与同人假设问答,False
影视,assistant_random,喜羊羊,喜羊羊奇侠大营救的金筷子长老没想到那个和一条蛇长老虽然他们是陷害喜羊羊的最终凶手和幕后黑手不过他们的戏码不错嘛在第五十集演出来的那个苦肉计还致敬了老三国这也是让观众们觉得非常不错的地方像极了周瑜打黄盖老三国的第35集致敬盗了也因此很多人喜欢,117,裸片名或仅带实体类型词的作品查询,直达指定集数的播放页,False
影视,assistant_random,开心超人,喜羊羊：开心超人我叫伽罗,8,裸片名或仅带实体类型词的作品查询,裸片名或仅带实体类型词的作品查询,True
影视,assistant_random,电视剧大全,四库影院电视剧大全,4,导航到指定影视站点或平台,导航到指定影视站点或平台,True
影视,assistant_random,四渡赤水电影,四渡赤水电影，介绍,3,裸片名或仅带实体类型词的作品查询,查询剧情梗概或结局剧透,False
影视,assistant_random,奥特曼,圆古精准拿捏到了所有奥圈粉丝的爱好所以奥特曼观众的爱好只要能把这两个人气王同时给塞到跟奥特曼毫无相干的作品里面百兽战队这个作品里面要能把那些喜欢奥特曼的观众给吸引过来也能把奥圈粉丝给吸引过来捧红这副作品只要圆古点让鹤野刚士回归客串作品质量才会嘎嘎的好,122,裸片名或仅带实体类型词的作品查询,剧情设定讨论与同人假设问答,False
影视,assistant_random,熊出没,在熊出没第一部光头强为何开枪不打死熊大熊二？,19,裸片名或仅带实体类型词的作品查询,剧情设定讨论与同人假设问答,False
影视,assistant_random,在线观看,在线观看网址,2,获取作品的在线播放入口,导航到指定影视站点或平台,False
影视,assistant_random,地缚少年花子君,地缚少年花子君哪个角色最好看？,8,裸片名或仅带实体类型词的作品查询,剧情设定讨论与同人假设问答,False
影视,assistant_random,扫黑风暴,坏人杀破狼洪金宝王宝扫黑风暴吴晓亮孙兴坏人火线吕良伟阿渣坏人渣哥坏人黑老大坏蛋坏人,37,裸片名或仅带实体类型词的作品查询,剧情设定讨论与同人假设问答,False
影视,assistant_random,大决战,大决战刘峙结局怎么样了,8,裸片名或仅带实体类型词的作品查询,查询剧情梗概或结局剧透,False
影视,assistant_random,变形金刚,大力神变形金刚八合一,6,裸片名或仅带实体类型词的作品查询,裸片名或仅带实体类型词的作品查询,True
影视,assistant_random,大话西游,大话西游唐僧说的最经典的几句话,11,裸片名或仅带实体类型词的作品查询,剧情设定讨论与同人假设问答,False
影视,assistant_random,鬼灭之刃,天神古兹的光头强打得过鬼灭之刃的无惨吗？,16,裸片名或仅带实体类型词的作品查询,剧情设定讨论与同人假设问答,False
影视,assistant_random,免费看,天道垂钓擂台赛全集免费看,9,获取作品的在线播放入口,获取作品的在线播放入口,True
影视,assistant_random,奥特曼,奥特曼中所有借力量的变身器,10,裸片名或仅带实体类型词的作品查询,剧情设定讨论与同人假设问答,False
影视,assistant_random,奥特曼,奥美迦奥特曼第27集,7,裸片名或仅带实体类型词的作品查询,直达指定集数的播放页,False
影视,assistant_random,女奥特曼,女奥特曼变成黑暗妖力女战士,9,裸片名或仅带实体类型词的作品查询,裸片名或仅带实体类型词的作品查询,True
影视,assistant_random,女子推理社,女子推理社季完整版,4,裸片名或仅带实体类型词的作品查询,获取作品的在线播放入口,False
影视,assistant_random,哔哩哔哩,如何去掉哔哩哔哩视频的水印,9,导航到指定影视站点或平台,处理平台账号或客服问题,False
影视,assistant_random,欧布奥特曼,如果 黑暗特利迦和欧布奥特曼联手打合成兽斯菲亚雷德王 能赢吗,25,裸片名或仅带实体类型词的作品查询,剧情设定讨论与同人假设问答,False
影视,assistant_random,西游记,如果所有神话人物、西游记人物和梦幻西游角色观影梦幻西游之天命之路第8集完整版假设剧情,39,裸片名或仅带实体类型词的作品查询,直达指定集数的播放页,False
影视,assistant_random,第二十条,如果演员请就位第四季出第二十条剧本的话标注原作编剧张艺谋李萌原作导演张艺谋吗,34,裸片名或仅带实体类型词的作品查询,剧情设定讨论与同人假设问答,False
影视,assistant_random,家有儿女,家有儿女第一季刘星如果穿自己的红黑撞色睡衣去上学会怎样,23,裸片名或仅带实体类型词的作品查询,剧情设定讨论与同人假设问答,False
影视,assistant_random,雷欧奥特曼,小时候幼儿园老师给学生放雷欧奥特曼的时候为什么只放一集就不放了,26,裸片名或仅带实体类型词的作品查询,剧情设定讨论与同人假设问答,False
影视,assistant_random,熊出没,小时候熊出没看多了，一看到有人在锯树，就说哎呦妈呀，这哪来的光头强呀？,32,裸片名或仅带实体类型词的作品查询,剧情设定讨论与同人假设问答,False
影视,assistant_random,小欢喜,小欢喜小梦和乔卫东发生关系宋倩能接受复婚,17,裸片名或仅带实体类型词的作品查询,获取片段、台词或混剪等衍生内容,False
影视,assistant_random,小猪佩奇,小猪佩奇 第十一季 2025中文版 T,15,裸片名或仅带实体类型词的作品查询,裸片名或仅带实体类型词的作品查询,True
影视,assistant_random,小猪佩奇,小猪佩奇中乔治的寓意有哪些解读,11,裸片名或仅带实体类型词的作品查询,剧情设定讨论与同人假设问答,False
影视,assistant_random,小花仙,小花仙人物年龄性别城市介绍,10,裸片名或仅带实体类型词的作品查询,剧情设定讨论与同人假设问答,False
影视,assistant_random,小花仙,小花仙里如果让拉贝尔大陆上的所有人包括普普拉女神和安琪儿女神看到人类的负面情绪和私欲能不能影响黑暗魔神就是把它变得贪婪自私傲慢冷漠嫉妒情欲愤怒这些那他会有什么表现那黑暗魔神他自己就没有性格吗完全由人类的负面情绪和私欲决定性格可是他在小花仙剧情里明明懂得蛊惑人心指挥雅加和塔巴斯和梅里美和芬妮而且还会出谋划策那如果人类全部变成了莽夫的话那他自己是不是也会变成一个莽夫会是什么反应会说什么,189,裸片名或仅带实体类型词的作品查询,剧情设定讨论与同人假设问答,False
影视,assistant_random,小马宝莉,小马宝莉中的苹果嘉儿和珍奇到底有多少个形态详细分析到底有多少个形态？奥特曼中的安培拉星人和基里艾洛德人二代有多强这些全部实力和神兽金刚中的咒冥帝谁能赢？,72,裸片名或仅带实体类型词的作品查询,剧情设定讨论与同人假设问答,False
影视,assistant_random,小黄人与大怪兽,小黄人与大怪兽全集,2,裸片名或仅带实体类型词的作品查询,裸片名或仅带实体类型词的作品查询,True
影视,assistant_random,喜羊羊,就是在这里面了，顾不着喜羊羊，神兽金刚,16,裸片名或仅带实体类型词的作品查询,剧情设定讨论与同人假设问答,False
影视,assistant_random,电视剧,希望的田野盖贸易大厅电视剧,10,裸片名或仅带实体类型词的作品查询,裸片名或仅带实体类型词的作品查询,True
影视,assistant_random,喜羊羊,帮我生成一个一模一样，但是是喜羊羊的,15,裸片名或仅带实体类型词的作品查询,剧情设定讨论与同人假设问答,False
影视,assistant_random,王牌对王牌,帮我画 《王牌对王牌》第四季第12期｜王牌巅峰对决·跑男兄弟团踢馆收官 📌本期主题：王牌巅峰对决·跑男兄弟团踢馆收官录制时间：2019‑04‑05，浙江卫视演播厅播出时间：2019‑04‑19 周五21:10常驻：沈腾、贾玲、华晨宇、关晓彤，主持人沈涛飞行嘉宾：李晨、Angelababy（杨颖）、郑恺、黄旭熙 Angelababy本期造型 💇发型：乌黑大波浪长卷发，中分偏分，发丝蓬松，鬓角留碎发修饰脸颊，妆容精致明艳。 👕上衣：蓝黑拼色运动外套，内搭黑色圆领打底T恤。👖下装：黑色束脚运动卫裤，裤脚收紧。👟鞋子：白色厚底休闲板鞋。🧦袜子：纯白色中筒棉袜，袜口露出鞋帮外面。 🎒手持物品：手里拿着游戏答题手卡；对抗游戏拿着接力道具；收官环节拿着节目组的纪念小礼品。你给我编一个海报。,337,裸片名或仅带实体类型词的作品查询,剧情设定讨论与同人假设问答,False
影视,assistant_random,电视剧,张丰毅最经典的电视剧是哪部,10,裸片名或仅带实体类型词的作品查询,按演职人员反查作品列表,False
影视,assistant_random,电视剧,张予曦演了哪些电视剧？,8,裸片名或仅带实体类型词的作品查询,剧情设定讨论与同人假设问答,False
影视,assistant_random,西游记,张涵予动画片西游记孙悟空图片猴子,13,裸片名或仅带实体类型词的作品查询,获取成人或限制级内容,False
影视,assistant_random,电视剧,张耀演的电视剧,4,裸片名或仅带实体类型词的作品查询,按演职人员反查作品列表,False
影视,assistant_random,心动的信号,心动的信号9免费观看,5,裸片名或仅带实体类型词的作品查询,获取作品的在线播放入口,False
影视,assistant_random,意大利电影,意大利电影《父女快乐》百度云,9,裸片名或仅带实体类型词的作品查询,获取作品的网盘或资源下载渠道,False
影视,assistant_random,动画片,我们就在动画片里呀,6,裸片名或仅带实体类型词的作品查询,裸片名或仅带实体类型词的作品查询,True
影视,assistant_random,菲梦少女,我可不可以自己写一个：继续：菲梦少女：第一季：[类型：偶像、音乐、舞蹈、少女、青春、歌舞、校园、励志]。乔可星（心里话， 我妈林娜，我爸还在高威，我的名字我跟我妈，林，威、灵、飞阳组合，[大哥]是俊宇、[二哥]是英哲、[三哥]是尤金、[四哥]是伊里、[姑姑]是欧莉文，不知道其，他同学不知道吧。）：流氓！你！（耳朵微微发红、也微脸红）当事人（楚京浩，飞阳组合是前队长）有什么样的反应？自己对着队伍马卡龙：桃子、童晓莉、尹晓岚，多乐斯：夏玲、林莉莉、戴嘉丽、紫色皇后：叶希、高伊、居丽、有什么样的反应？其他同学有什么样的反应？,258,裸片名或仅带实体类型词的作品查询,剧情设定讨论与同人假设问答,False
影视,assistant_random,熊出没,我来问你下，但是呢，熊出没有哪些危险动作，请问都把清单放出来,27,裸片名或仅带实体类型词的作品查询,剧情设定讨论与同人假设问答,False
影视,assistant_random,我的前半生,我的前半生演员表里谁最出名,8,裸片名或仅带实体类型词的作品查询,查询作品演员表与角色信息,False
影视,assistant_random,我的前半生,我的前半生第二部42集免费观看,10,裸片名或仅带实体类型词的作品查询,直达指定集数的播放页,False
影视,assistant_random,抖音视频,我的抖音视频播放量有1.7万，怎么没收益？,17,导航到指定影视站点或平台,处理平台账号或客服问题,False
影视,assistant_random,熊出没之过年,我要看韩语版熊出没之过年,6,裸片名或仅带实体类型词的作品查询,获取作品的在线播放入口,False
影视,assistant_random,电视剧,我记得2026年电视剧济公和尚还在重播,16,裸片名或仅带实体类型词的作品查询,核实播出信息与集数,False
影视,assistant_random,电视剧,我说的是陈数和黄磊主演的电视剧夫妻那些事,17,裸片名或仅带实体类型词的作品查询,查询作品演员表与角色信息,False
影视,assistant_random,开心超人,我还有上上次的。开心超人偷吃我的火龙果。说我的火龙果呢。我问开心超人是不是你吃的。然后开心超人说不是。然后我问他，那你手里拿的是什么。开心超人说是。香蕉,72,裸片名或仅带实体类型词的作品查询,剧情设定讨论与同人假设问答,False
影视,assistant_random,奥特曼,所以你就明白吧，别的奥特曼借那个挂逼的力量也就10秒，真男人你就这么说吧，那赛罗的福利咋不好,43,裸片名或仅带实体类型词的作品查询,剧情设定讨论与同人假设问答,False
影视,assistant_random,抓特务,抓特务里面的冯静波为什么出轨？校长的女儿是真的吗？有什么意思意义吗？,31,裸片名或仅带实体类型词的作品查询,剧情设定讨论与同人假设问答,False
影视,assistant_random,抖音极速版,抖音极速版红包福袋抢不到了怎么回事,12,下载或安装影视App与排障,处理平台账号或客服问题,False
影视,assistant_random,抖音直播,抖音直播人数显示10万+怎么查看,12,收看电视频道直播或查询节目表,处理平台账号或客服问题,False
影视,assistant_random,抖音视频,抖音视频下载到本地相册后，自己制作视频，怎么改里面视频内容，保留音乐,30,导航到指定影视站点或平台,获取片段、台词或混剪等衍生内容,False
影视,assistant_random,在路上,捡个小福包，竟能偷听植物心声短剧大结局岁岁不认生父在73集岁岁在贺家过生日正式成为贺家千金后生父拿着一个生日礼物要给岁岁但是此前他不想认生父给他也没用只说生日快乐岁岁后在路上遇到哥斯拉系列的反派创世神高维怪兽奇点哥斯拉出现给岁岁生父说加入我们吧后进入后生父看着这么多哥斯拉后哥斯拉系列的创世神奇点哥斯拉说欢迎以后一起毁灭整个低维世界吧文章,166,裸片名或仅带实体类型词的作品查询,查询剧情梗概或结局剧透,False
影视,assistant_random,喜羊羊与灰太狼,搜索喜羊羊与灰太狼奇侠大营救大结局金块长老融了顶,17,裸片名或仅带实体类型词的作品查询,直达指定集数的播放页,False
影视,assistant_random,变形金刚,擎天柱让御天敌死的时候，不是用枪瞄准着他脑袋吗？并没有瞄准他的火种，怎么御天敌就死亡了？是说电影《变形金刚 3》，不是说《起源》,60,裸片名或仅带实体类型词的作品查询,剧情设定讨论与同人假设问答,False
影视,assistant_random,斗罗大陆,斗罗大陆有哪些斗罗称号,7,裸片名或仅带实体类型词的作品查询,剧情设定讨论与同人假设问答,False
影视,assistant_random,斗罗大陆,斗罗大陆魂导师的战斗力是不是也确实不行一个九级魂导师还打不过一位超级斗罗魂导师都疏于了魂力修炼仙琳儿魂力是够高了但只是个八级魂导器霍雨浩也没有能配合自身武魂战斗的魂导器要说有就是那件冰极战神甲那是件斗铠是几字斗铠来着孔德明是太依赖魂导器了放弃了自身优势双生武魂这么好的天赋就这样被他浪费了如果孔德明不这样霍雨浩还真的不是他的对手在明德堂的时候镜红尘能跟毒不死抗衡是毒不死没用武魂不然哪有这么容易还真以为九级魂导师很强了能对抗一个没开武魂的人有什么自傲的日月帝国的人还观看玄子和帝天的战力他学的会吗又能看懂领悟多少帝天的阴阳互补双魂核就很难让他受到重创远远超乎你的想象钟离乌自己不也被帝天伤的很重侥幸逃回来罢了从这场战斗中感悟到了什么他们都答不出开吧圣灵教跟日月帝国本来也不是盟友圣灵教不过是在利用他们要我是霍雨浩我不会相信橘子这样的人我会隐瞒部分计划从某种角度来看日月帝国比圣灵教威胁更大霍雨浩可以放出他闭关冲击极限斗罗的假消息以防橘子毁约万一她违背了十年内不发动战争的约定呢,434,裸片名或仅带实体类型词的作品查询,剧情设定讨论与同人假设问答,False
影视,assistant_random,免费观看,日漫僧侣也要谈恋爱免费观看,9,获取作品的在线播放入口,获取作品的在线播放入口,True
影视,assistant_random,星球大战,星球大战电影全系列观影顺序(按剧情时间线而非上映时间),23,裸片名或仅带实体类型词的作品查询,核实播出信息与集数,False
影视,assistant_random,熊出没,是不是和熊出没一起出的？,9,裸片名或仅带实体类型词的作品查询,剧情设定讨论与同人假设问答,False
影视,assistant_random,环太平洋,景甜环太平洋2,3,裸片名或仅带实体类型词的作品查询,裸片名或仅带实体类型词的作品查询,True
影视,assistant_random,在线观看免费,暖暖国语版在线观看免费,5,获取作品的在线播放入口,获取作品的在线播放入口,True
影视,assistant_random,古装剧,有哪些优酷热门古装剧值得一看,11,裸片名或仅带实体类型词的作品查询,核实播出信息与集数,False
影视,assistant_random,YouTube,有哪些工具可以观看YouTube,9,导航到指定影视站点或平台,下载或安装影视App与排障,False
影视,assistant_random,喜羊羊,有没有喜羊羊他们的详细图片,10,裸片名或仅带实体类型词的作品查询,剧情设定讨论与同人假设问答,False
影视,assistant_random,动漫推荐,有没有更多日本后宫动漫推荐,9,裸片名或仅带实体类型词的作品查询,剧情设定讨论与同人假设问答,False
影视,assistant_random,动画片,杭州新闻综合频道:天天成长记动画片播放完了也播出小小智慧树,26,裸片名或仅带实体类型词的作品查询,获取作品的在线播放入口,False
影视,assistant_random,鬼新娘,杰没说话，而是把红衣嫁鬼新娘给放出来了,16,裸片名或仅带实体类型词的作品查询,裸片名或仅带实体类型词的作品查询,True
影视,assistant_random,正义女神,正义女神高成彬如何杀死绑匪？,10,裸片名或仅带实体类型词的作品查询,剧情设定讨论与同人假设问答,False
影视,assistant_random,在线观看,母狮行动第三季完整版在线观看高清免费,14,获取作品的在线播放入口,获取作品的在线播放入口,True
影视,assistant_random,喜羊羊,比起喜羊羊蓝真的该成为那个天选的主角吗？可惜最后可怜的蓝还是嚎叫的说不可能啊，不该这样，然后就被一锅端了，是不是挺值得同情的？综上所述，蓝不是好人，但可以称之为反英雄。只是喜羊羊是钦定的主角，蓝可能连配角的被敬重都比不上！,108,裸片名或仅带实体类型词的作品查询,剧情设定讨论与同人假设问答,False
影视,assistant_random,民国奇探,民国奇探电视剧女中案中人物介绍,11,裸片名或仅带实体类型词的作品查询,剧情设定讨论与同人假设问答,False
影视,assistant_random,水浒传电视剧,水浒传电视剧平定方腊攻打苏州城视频,11,裸片名或仅带实体类型词的作品查询,获取作品的在线播放入口,False
影视,assistant_random,汉尼拔,汉尼拔的结局是什么,6,裸片名或仅带实体类型词的作品查询,查询剧情梗概或结局剧透,False
影视,assistant_random,汉武大帝,汉武大帝四个刘彻扮演者,7,裸片名或仅带实体类型词的作品查询,查询作品演员表与角色信息,False
影视,assistant_random,流浪地球,流浪地球最经典十句话,6,裸片名或仅带实体类型词的作品查询,裸片名或仅带实体类型词的作品查询,True
影视,assistant_random,电视剧,淬火年代电视剧里女演员叫杨采什么呢？,15,裸片名或仅带实体类型词的作品查询,剧情设定讨论与同人假设问答,False
影视,assistant_random,湖南卫视,湖南卫视2018年10月1日星期一国庆假期凌晨早间上午中午午间下午晚上深夜播出,35,裸片名或仅带实体类型词的作品查询,核实播出信息与集数,False
影视,assistant_random,潘金莲,潘金莲和武松有实质性的性关系吗？,13,裸片名或仅带实体类型词的作品查询,剧情设定讨论与同人假设问答,False
影视,assistant_random,刑事侦缉档案,灵异侦缉档案，刑事侦缉档案，鉴证实录法证先锋中国刑警803,23,裸片名或仅带实体类型词的作品查询,裸片名或仅带实体类型词的作品查询,True
影视,assistant_random,电视剧,照顾自己哦。电视剧赌场的场长风长风演员表,17,裸片名或仅带实体类型词的作品查询,查询作品演员表与角色信息,False
影视,assistant_random,熊出没,熊出没吉吉和毛毛蹦蹦偷拿光头强的泡菜是不对的吗？,21,裸片名或仅带实体类型词的作品查询,剧情设定讨论与同人假设问答,False
影视,assistant_random,熊出没,熊出没早期废案宣传片,7,裸片名或仅带实体类型词的作品查询,裸片名或仅带实体类型词的作品查询,True
影视,assistant_random,熊出没,熊出没的熊大熊二的台词,8,裸片名或仅带实体类型词的作品查询,剧情设定讨论与同人假设问答,False
影视,assistant_random,电视剧,"爱情:保密局抓了丈夫,谁料妻子不一般,下秒带人踏平保密局，是哪部电视剧里的角色",36,裸片名或仅带实体类型词的作品查询,剧情设定讨论与同人假设问答,False
影视,assistant_random,狂飙演员表,狂飙演员表全部演员,4,查询作品演员表与角色信息,查询作品演员表与角色信息,True
影视,assistant_random,电影在线观看,猎虎3电影在线观看免费播放,7,获取作品的在线播放入口,获取作品的在线播放入口,True
影视,assistant_random,电视剧,王天辰演的电视剧,5,裸片名或仅带实体类型词的作品查询,按演职人员反查作品列表,False
影视,assistant_random,鬼新娘,瓷听说法想看鬼新娘,6,裸片名或仅带实体类型词的作品查询,获取成人或限制级内容,False
影视,assistant_random,在线观看,电影《慕尼黑》原版在线观看,9,获取作品的在线播放入口,获取作品的在线播放入口,True
影视,assistant_random,在线观看,电影巨蟒柏尤娜在线观看,7,获取作品的在线播放入口,获取作品的在线播放入口,True
影视,assistant_random,电视剧,电视剧《重器》改编自哪部小说,11,裸片名或仅带实体类型词的作品查询,裸片名或仅带实体类型词的作品查询,True
影视,assistant_random,电视剧,电视剧处理镜头，台词和表演,10,裸片名或仅带实体类型词的作品查询,剧情设定讨论与同人假设问答,False
影视,assistant_random,电视剧,电视剧奸细,2,裸片名或仅带实体类型词的作品查询,裸片名或仅带实体类型词的作品查询,True
影视,assistant_random,电视剧,电视剧淬火年代剧情介绍,8,裸片名或仅带实体类型词的作品查询,查询剧情梗概或结局剧透,False
影视,assistant_random,电视剧,电视剧西北岁,3,裸片名或仅带实体类型词的作品查询,裸片名或仅带实体类型词的作品查询,True
影视,assistant_random,电视剧,电视剧重器一共多少集,7,裸片名或仅带实体类型词的作品查询,核实播出信息与集数,False
影视,assistant_random,电视剧,电视剧长风主演,4,裸片名或仅带实体类型词的作品查询,查询作品演员表与角色信息,False
影视,assistant_random,男生女生,男生女生大PK,3,裸片名或仅带实体类型词的作品查询,裸片名或仅带实体类型词的作品查询,True
影视,assistant_random,迪迦奥特曼,盖迪在《迪迦奥特曼》中有哪些经典战斗场景,15,裸片名或仅带实体类型词的作品查询,剧情设定讨论与同人假设问答,False
影视,assistant_random,抖音视频,看抖音视频时下面有分享给好友怎样把这个去除,17,导航到指定影视站点或平台,处理平台账号或客服问题,False
影视,assistant_random,假面骑士,石黑英雄假面骑士,4,裸片名或仅带实体类型词的作品查询,裸片名或仅带实体类型词的作品查询,True
影视,assistant_random,迷你特工队,秀智迷你特工队,2,裸片名或仅带实体类型词的作品查询,裸片名或仅带实体类型词的作品查询,True
影视,assistant_random,秦时明月,秦时明月巨阙剑能力,5,裸片名或仅带实体类型词的作品查询,剧情设定讨论与同人假设问答,False
影视,assistant_random,小猪佩奇,第几季第几集？小猪佩奇去露营了,11,裸片名或仅带实体类型词的作品查询,剧情设定讨论与同人假设问答,False
影视,assistant_random,搜狐视频,简直就是好莱坞大片-影视综视频-搜狐视频 搜狐11天前 08:38 特级 一,34,导航到指定影视站点或平台,获取作品的网盘或资源下载渠道,False
影视,assistant_random,免费观看,简言的夏冬电视剧全集免费观看,10,获取作品的在线播放入口,获取作品的在线播放入口,True
影视,assistant_random,哥斯拉,粉莲哥斯拉的粉色原子吐息有多强,12,裸片名或仅带实体类型词的作品查询,剧情设定讨论与同人假设问答,False
影视,assistant_random,红果短剧,红果短剧里面这个剧第二季的歌单,11,裸片名或仅带实体类型词的作品查询,剧情设定讨论与同人假设问答,False
影视,assistant_random,《主角》,给我《主角》的全部演员名单,9,裸片名或仅带实体类型词的作品查询,查询作品演员表与角色信息,False
影视,assistant_random,电视剧,给我推荐一些侯明昊的电视剧,10,裸片名或仅带实体类型词的作品查询,裸片名或仅带实体类型词的作品查询,True
影视,assistant_random,搞笑视频,给我搞一些关于台风的顶级搞搞笑视频，今年台风猛攻江浙沪,23,获取片段、台词或混剪等衍生内容,获取片段、台词或混剪等衍生内容,True
影视,assistant_random,奥特曼,维克特利奥，你说听维克特利奥特曼不会说一句，确定到底是谁在？,27,裸片名或仅带实体类型词的作品查询,剧情设定讨论与同人假设问答,False
影视,assistant_random,罗小黑战记,罗小黑战记中老君和清凝仙的关系,10,裸片名或仅带实体类型词的作品查询,剧情设定讨论与同人假设问答,False
影视,assistant_random,罗小黑战记,罗小黑战记电影里的全部熟悉角色以及剧情内容用最简洁的话来概括,25,裸片名或仅带实体类型词的作品查询,剧情设定讨论与同人假设问答,False
影视,assistant_random,免费观看,羊守12之古古怪界有古怪免费观看,12,获取作品的在线播放入口,直达指定集数的播放页,False
影视,assistant_random,美国电影,美国电影动画片有个主角叫小可音乐家,13,裸片名或仅带实体类型词的作品查询,剧情设定讨论与同人假设问答,False
影视,assistant_random,懒羊羊,美羊羊又心疼又气着，拉着懒羊羊的胳膊就去他报仇。看到美羊羊的气场，喜羊羊一家子更冷漠了，像是进入女汉子的气场。所有人都愤怒的说了什么，还有冷漠的喜羊羊一家子，还有改邪归正的。,84,裸片名或仅带实体类型词的作品查询,剧情设定讨论与同人假设问答,False
影视,assistant_random,肖申克的救赎,而似乎在男子监狱中，欧美电影重点在于暴力，比如囚犯们之间的斗殴，或者逃狱，以及集体反抗管理人员（暴动式殴打狱警），虽然有些题材的背景是狱警暴力虐囚且监狱条件差引发囚犯不满、管理松懈导致囚犯们拉帮结派、以及有人含冤入狱等，虽然有肖申克的救赎、绿里奇迹这类相对不渲染这些的？,129,裸片名或仅带实体类型词的作品查询,剧情设定讨论与同人假设问答,False
影视,assistant_random,短视频,能推荐一些关于儿媳妇不好的短视频吗,14,获取片段、台词或混剪等衍生内容,剧情设定讨论与同人假设问答,False
影视,assistant_random,免费观看,腹黑女佣短剧免费观看完整版高清,11,获取作品的在线播放入口,获取作品的在线播放入口,True
影视,assistant_random,腾讯视频,腾讯视频播放卡顿是什么原因,9,导航到指定影视站点或平台,处理平台账号或客服问题,False
影视,assistant_random,腾讯视频,腾讯视频要钱能可以在优酷浏览浏览器上看到吗？,18,导航到指定影视站点或平台,处理平台账号或客服问题,False
影视,assistant_random,航拍中国,航拍中国第2季第1集知识点整理,11,裸片名或仅带实体类型词的作品查询,直达指定集数的播放页,False
影视,assistant_random,在线看,花开锦绣完整版在线看视频,9,导航到指定影视站点或平台,获取作品的在线播放入口,False
影视,assistant_random,电视剧免费,花开锦绣电视剧免费看,5,下载或安装影视App与排障,获取作品的在线播放入口,False
影视,assistant_random,在线观看,苏联电影阿斯勒别克在线观看,9,获取作品的在线播放入口,获取作品的在线播放入口,True
影视,assistant_random,电视剧,范丞丞电视剧,3,裸片名或仅带实体类型词的作品查询,裸片名或仅带实体类型词的作品查询,True
影视,assistant_random,菲律宾电影,菲律宾电影《入住》在线观看,8,裸片名或仅带实体类型词的作品查询,获取作品的在线播放入口,False
影视,assistant_random,菲律宾电影,菲律宾电影那炎热的夜晚女主演,9,裸片名或仅带实体类型词的作品查询,查询作品演员表与角色信息,False
影视,assistant_random,我爱你,藤井次郎：温柔的文海酱😭，只属于我的文海酱😭，在一起😭到济南的话就能见到文海了……文海……我爱你……我来找你了,52,裸片名或仅带实体类型词的作品查询,剧情设定讨论与同人假设问答,False
影视,assistant_random,三国演义,蜀汉的武将立过大功，最后是病逝的，然后在三国演义中戏份很多是主要人物之一的是,34,裸片名或仅带实体类型词的作品查询,剧情设定讨论与同人假设问答,False
影视,assistant_random,蜡笔小新,蜡笔小新勇士三岛,4,裸片名或仅带实体类型词的作品查询,裸片名或仅带实体类型词的作品查询,True
影视,assistant_random,蜡笔小新电影,蜡笔小新电影印度,2,裸片名或仅带实体类型词的作品查询,裸片名或仅带实体类型词的作品查询,True
影视,assistant_random,超兽武装,要严格贴合动画片《超兽武装》里的雪皇形象,16,裸片名或仅带实体类型词的作品查询,剧情设定讨论与同人假设问答,False
影视,assistant_random,请回答1988,请回答1988里德善说李敬揆自然biong是哪个场面,19,裸片名或仅带实体类型词的作品查询,剧情设定讨论与同人假设问答,False
影视,assistant_random,欢乐颂,谢维西这种病娇男人，假如是欢乐颂五美中任何一个穿来遇到他，都会是什么情况，尤其是邱莹莹,40,裸片名或仅带实体类型词的作品查询,剧情设定讨论与同人假设问答,False
影视,assistant_random,贪婪欲望之岛,贪婪：欲望之岛（탐하다 욕망의 섬），是一部由金花媛和朴初炫主演的情色电影。《贪婪：欲望之岛》讲述了几个男女，组队去海岛上游玩冒险，其中有两对情侣。在岛上他们彼此释放着内心的压抑。但岛上出现了两个人，控制住了他们的故事。2017年5月1日，《贪婪：欲望之岛》在韩国上映。 电影《贪婪欲望之岛》的结局是什么,146,裸片名或仅带实体类型词的作品查询,查询剧情梗概或结局剧透,False
影视,assistant_random,电视剧,贾景晖哪部电视剧最火,7,裸片名或仅带实体类型词的作品查询,按演职人员反查作品列表,False
影视,assistant_random,超兽武装,超兽武装中，玄冥之棺相当于反向异能锁，对吗,17,裸片名或仅带实体类型词的作品查询,剧情设定讨论与同人假设问答,False
影视,assistant_random,超级飞侠,超级飞侠金小子！超级飞侠小风！超级飞侠金宝！超级飞侠安琪！超级飞侠乐迪！超级飞侠小爱！超级飞侠酷飞！超级飞侠胡须爷爷！,55,裸片名或仅带实体类型词的作品查询,剧情设定讨论与同人假设问答,False
影视,assistant_random,免费看,运动不一样6季全集免费看,9,获取作品的在线播放入口,获取作品的在线播放入口,True
影视,assistant_random,电视剧,还有哪些美国电视剧体现了不战而屈人之兵的策略,19,裸片名或仅带实体类型词的作品查询,剧情设定讨论与同人假设问答,False
影视,assistant_random,惊蛰无声,还有惊蛰无声,2,裸片名或仅带实体类型词的作品查询,裸片名或仅带实体类型词的作品查询,True
影视,assistant_random,咒术回战,这个名场面在《咒术回战》中有什么背景故事,16,裸片名或仅带实体类型词的作品查询,剧情设定讨论与同人假设问答,False
影视,assistant_random,电视剧,这个小男孩出演过什么电视剧,10,裸片名或仅带实体类型词的作品查询,裸片名或仅带实体类型词的作品查询,True
影视,assistant_random,电视剧,这个是什什么电视剧？,7,裸片名或仅带实体类型词的作品查询,凭情节片段反查片名,False
影视,assistant_random,邵氏经典电影,这个视频片段出自哪部邵氏经典电影,10,裸片名或仅带实体类型词的作品查询,获取片段、台词或混剪等衍生内容,False
影视,assistant_random,电视剧,这是什么电视剧的中的情节？,10,裸片名或仅带实体类型词的作品查询,凭情节片段反查片名,False
影视,assistant_random,电视剧,这是哪个电视剧，哪年上映，主要叫什么,15,裸片名或仅带实体类型词的作品查询,凭情节片段反查片名,False
影视,assistant_random,无职转生,这是无职转生哪一集,5,裸片名或仅带实体类型词的作品查询,凭情节片段反查片名,False
影视,assistant_random,迪迦奥特曼,迪迦奥特曼中胜利2号不止一架。,10,裸片名或仅带实体类型词的作品查询,剧情设定讨论与同人假设问答,False
影视,assistant_random,迷你特工队,迷你特工队比赛结束，司令官获胜，其他队员都出来了，并且司令官说我赢了，你输了还是输了的人，都要听从人家的条件，并且你从现在起,57,裸片名或仅带实体类型词的作品查询,剧情设定讨论与同人假设问答,False
影视,assistant_random,电视剧,那个电视剧的名字叫什么了,9,裸片名或仅带实体类型词的作品查询,凭情节片段反查片名,False
影视,assistant_random,在路上,那她应该不会成为雷的妻子之一吧…（毕竟雷的权能不依靠魔法，光属性还压制不了他）这是我的oc设定：姓名 希奥娜·奥菲拉  初始外貌 白发，侧半扎马尾，红瞳，脖颈上有一条红玫瑰黑丝带collar（穿越前就有的本身装饰），17岁，匀称体型（160cm）穿越者 是（未看过Re0的日本穿越者），地点  降临在魔女教一处废弃据点遗迹中（后面去找村庄时还撞上了雷，雷是她穿越过来遇到的第一个人，她还礼貌的向雷问路，毕竟他看起来和其他人不一样，像是贵族、绅士、小少爷…但雷的超级难长句直接给她整成“幸福者退让原则”了，她一开始是认真听的，可后面感觉逻辑怪怪的，给了他颗糖，就溜走了）（在路上行动的时候从半扎头发变成麻花辫，她本身的校服是白黑水手服带着红色的蝴蝶结和红黑裙子，外面是从魔女教废墟中捡的黑色斗篷（带兜帽）和暗红色围巾，斗篷的长度（大概到大腿）是可以把高中生校服遮起来的）早于昴1个月  性别 女战力 A防御 C智商 S魔力（蓝条） SS魔法属性 光特殊能力 伤害转移（A）（能转移大部分）加护 幸运（B）+ 夜视（A）成长性 S初始与昴的关系 一面之缘（教堂前简短互助（救流浪儿），并没有加入主角团，但昴知道了她是穿越者（衣服太明显）（但后期救了一次昴，之后与昴行动和交流中，在昴有意的暗示下，猜出了他“死亡轮回”的能力，但也因此被莎提拉捏心脏（给她捏吐血了…尽管在异世界有幸运加护，但她防御力低、本身运气一般，不然为什么在外面因为低血糖而两眼一黑而穿越，身上还带有几颗剩下的千纸鹤水果糖）,641,裸片名或仅带实体类型词的作品查询,剧情设定讨论与同人假设问答,False
影视,assistant_random,宝可梦,那有没有宝可梦太阳和月亮天文观的视频？,16,裸片名或仅带实体类型词的作品查询,剧情设定讨论与同人假设问答,False
影视,assistant_random,复仇者联盟,那真的要不是四代出现，那复仇者联盟是不是一直以为蜘蛛侠技能这么窄的其实大错特错，现实的动物每一个都有看家本领，而且还有非常多的技能,60,裸片名或仅带实体类型词的作品查询,剧情设定讨论与同人假设问答,False
影视,assistant_random,电视剧,金喜善的电视剧有哪些值得看,10,裸片名或仅带实体类型词的作品查询,剧情设定讨论与同人假设问答,False
影视,assistant_random,叶罗丽,金花冠在精灵梦叶罗丽中的象征意义,13,裸片名或仅带实体类型词的作品查询,剧情设定讨论与同人假设问答,False
影视,assistant_random,铁道游击队,铁道游击队大结局,3,裸片名或仅带实体类型词的作品查询,查询剧情梗概或结局剧透,False
影视,assistant_random,搞笑视频,铲屎官日常搞笑视频,5,获取片段、台词或混剪等衍生内容,获取片段、台词或混剪等衍生内容,True
影视,assistant_random,长津湖,长津湖伍千里经典名句,7,裸片名或仅带实体类型词的作品查询,裸片名或仅带实体类型词的作品查询,True
影视,assistant_random,变形金刚,难不成要使用变形金刚起源的配音吗,12,裸片名或仅带实体类型词的作品查询,剧情设定讨论与同人假设问答,False
影视,assistant_random,免费看,雪中悍刀2大牛版高清免费看,10,获取作品的在线播放入口,获取作品的在线播放入口,True
影视,assistant_random,雪中悍刀行,雪中悍刀行哪位演员最漂亮？,8,裸片名或仅带实体类型词的作品查询,剧情设定讨论与同人假设问答,False
影视,assistant_random,免费观看,青云志4集免费观看最,6,获取作品的在线播放入口,获取作品的在线播放入口,True
影视,assistant_random,电视剧,靳东主演电视剧的收视排行榜,10,裸片名或仅带实体类型词的作品查询,按演职人员反查作品列表,False
影视,assistant_random,韩国电影,韩国电影《向日葵》的导演和主演,11,裸片名或仅带实体类型词的作品查询,查询作品演员表与角色信息,False
影视,assistant_random,AI短剧,高甜AI短剧,2,获取片段、台词或混剪等衍生内容,裸片名或仅带实体类型词的作品查询,False
影视,assistant_random,电视剧,鬼吹灯电视剧南海归墟,7,裸片名或仅带实体类型词的作品查询,裸片名或仅带实体类型词的作品查询,True
影视,assistant_random,鬼灭之刃,鬼灭之刃最新一集,4,裸片名或仅带实体类型词的作品查询,裸片名或仅带实体类型词的作品查询,True
影视,assistant_random,天赐的声音,魔力歌先生的选手节目组给了他们顶配的舞蹈团队教他们后期舞美设计也升级了有专属伴舞让年轻初入职场的选手体验了一把明星歌手的感觉比如安沐凡费宇涛刘可夫连天赐的声音的大牌明星也未曾有伴舞已经属于高规格配置,94,裸片名或仅带实体类型词的作品查询,获取片段、台词或混剪等衍生内容,False
影视,assistant_random,魔力歌先生,魔力歌先生第二季未播先火,7,裸片名或仅带实体类型词的作品查询,裸片名或仅带实体类型词的作品查询,True
