key,类目,a,b,k_a,k_b,n_a,n_b,占比_a%,占比_b%,差_pp,低_pp,高_pp,显著,类型
ACCIDENTAL_INGESTION_FIRST_AID__1,ACCIDENTAL_INGESTION_FIRST_AID__1,2025搜索,2025搜索随机1w,1,3,9998,10000,0.01,0.03,0.02,-0.031,0.079,False,共有
CARE_NAVIGATION_COST__1,CARE_NAVIGATION_COST__1,2025搜索,2025搜索随机1w,28,448,9998,10000,0.28,4.48,4.2,3.792,4.632,True,共有
CARE_NAVIGATION_COST__2,CARE_NAVIGATION_COST__2,2025搜索,2025搜索随机1w,155,258,9998,10000,1.55,2.58,1.03,0.637,1.428,True,共有
CARE_NAVIGATION_COST__3,CARE_NAVIGATION_COST__3,2025搜索,2025搜索随机1w,46,97,9998,10000,0.46,0.97,0.51,0.278,0.751,True,共有
CARE_NAVIGATION_COST__4,CARE_NAVIGATION_COST__4,2025搜索,2025搜索随机1w,37,83,9998,10000,0.37,0.83,0.46,0.248,0.682,True,共有
COMPARISON_DIFFERENCE_VERDICT__1,COMPARISON_DIFFERENCE_VERDICT__1,2025搜索,2025搜索随机1w,27,39,9998,10000,0.27,0.39,0.12,-0.041,0.286,False,共有
COMPARISON_DIFFERENCE_VERDICT__2,COMPARISON_DIFFERENCE_VERDICT__2,2025搜索,2025搜索随机1w,10,50,9998,10000,0.1,0.5,0.4,0.253,0.565,True,共有
COMPARISON_DIFFERENCE_VERDICT__3,COMPARISON_DIFFERENCE_VERDICT__3,2025搜索,2025搜索随机1w,4,36,9998,10000,0.04,0.36,0.32,0.202,0.46,True,共有
COMPARISON_DIFFERENCE_VERDICT__4,COMPARISON_DIFFERENCE_VERDICT__4,2025搜索,2025搜索随机1w,10,39,9998,10000,0.1,0.39,0.29,0.156,0.44,True,共有
COMPARISON_DIFFERENCE_VERDICT__5,COMPARISON_DIFFERENCE_VERDICT__5,2025搜索,2025搜索随机1w,6,48,9998,10000,0.06,0.48,0.42,0.283,0.579,True,共有
COMPARISON_DIFFERENCE_VERDICT__6,COMPARISON_DIFFERENCE_VERDICT__6,2025搜索,2025搜索随机1w,8,13,9998,10000,0.08,0.13,0.05,-0.045,0.15,False,共有
DISEASE_CONCEPT_INFO__1,DISEASE_CONCEPT_INFO__1,2025搜索,2025搜索随机1w,266,77,9998,10000,2.661,0.77,-1.891,-2.258,-1.537,True,共有
DISEASE_CONCEPT_INFO__2,DISEASE_CONCEPT_INFO__2,2025搜索,2025搜索随机1w,592,122,9998,10000,5.921,1.22,-4.701,-5.22,-4.197,True,共有
DISEASE_CONCEPT_INFO__3,DISEASE_CONCEPT_INFO__3,2025搜索,2025搜索随机1w,124,115,9998,10000,1.24,1.15,-0.09,-0.394,0.213,False,共有
DISEASE_CONCEPT_INFO__4,DISEASE_CONCEPT_INFO__4,2025搜索,2025搜索随机1w,494,661,9998,10000,4.941,6.61,1.669,1.023,2.317,True,共有
DISEASE_CONCEPT_INFO__5,DISEASE_CONCEPT_INFO__5,2025搜索,2025搜索随机1w,585,201,9998,10000,5.851,2.01,-3.841,-4.383,-3.309,True,共有
DISEASE_CONCEPT_INFO__6,DISEASE_CONCEPT_INFO__6,2025搜索,2025搜索随机1w,167,57,9998,10000,1.67,0.57,-1.1,-1.4,-0.813,True,共有
DOSAGE_ADMINISTRATION__1,DOSAGE_ADMINISTRATION__1,2025搜索,2025搜索随机1w,20,18,9998,10000,0.2,0.18,-0.02,-0.147,0.106,False,共有
DOSAGE_ADMINISTRATION__2,DOSAGE_ADMINISTRATION__2,2025搜索,2025搜索随机1w,14,53,9998,10000,0.14,0.53,0.39,0.233,0.562,True,共有
DOSAGE_ADMINISTRATION__3,DOSAGE_ADMINISTRATION__3,2025搜索,2025搜索随机1w,27,27,9998,10000,0.27,0.27,-0.0,-0.149,0.149,False,共有
DOSAGE_ADMINISTRATION__4,DOSAGE_ADMINISTRATION__4,2025搜索,2025搜索随机1w,40,20,9998,10000,0.4,0.2,-0.2,-0.361,-0.048,True,共有
DOSAGE_ADMINISTRATION__5,DOSAGE_ADMINISTRATION__5,2025搜索,2025搜索随机1w,18,16,9998,10000,0.18,0.16,-0.02,-0.141,0.1,False,共有
DOSAGE_ADMINISTRATION__6,DOSAGE_ADMINISTRATION__6,2025搜索,2025搜索随机1w,27,53,9998,10000,0.27,0.53,0.26,0.085,0.443,True,共有
EFFICACY_AUTHENTICITY_CHECK__1,EFFICACY_AUTHENTICITY_CHECK__1,2025搜索,2025搜索随机1w,12,58,9998,10000,0.12,0.58,0.46,0.301,0.637,True,共有
EFFICACY_AUTHENTICITY_CHECK__2,EFFICACY_AUTHENTICITY_CHECK__2,2025搜索,2025搜索随机1w,5,60,9998,10000,0.05,0.6,0.55,0.401,0.724,True,共有
EFFICACY_AUTHENTICITY_CHECK__3,EFFICACY_AUTHENTICITY_CHECK__3,2025搜索,2025搜索随机1w,12,17,9998,10000,0.12,0.17,0.05,-0.06,0.164,False,共有
EFFICACY_AUTHENTICITY_CHECK__4,EFFICACY_AUTHENTICITY_CHECK__4,2025搜索,2025搜索随机1w,19,72,9998,10000,0.19,0.72,0.53,0.348,0.728,True,共有
NON_HEALTH_OTHER__1,NON_HEALTH_OTHER__1,2025搜索,2025搜索随机1w,67,302,9998,10000,0.67,3.02,2.35,1.985,2.731,True,共有
NON_HEALTH_OTHER__2,NON_HEALTH_OTHER__2,2025搜索,2025搜索随机1w,109,115,9998,10000,1.09,1.15,0.06,-0.234,0.354,False,共有
PERMISSION_CHECK__1,PERMISSION_CHECK__1,2025搜索,2025搜索随机1w,47,657,9998,10000,0.47,6.57,6.1,5.606,6.616,True,共有
PERMISSION_CHECK__2,PERMISSION_CHECK__2,2025搜索,2025搜索随机1w,85,584,9998,10000,0.85,5.84,4.99,4.504,5.493,True,共有
PHARMA_COMPANY_LOOKUP__1,PHARMA_COMPANY_LOOKUP__1,2025搜索,2025搜索随机1w,46,3,9998,10000,0.46,0.03,-0.43,-0.584,-0.301,True,共有
PROGNOSIS_CONTAGION_VERDICT__1,PROGNOSIS_CONTAGION_VERDICT__1,2025搜索,2025搜索随机1w,4,79,9998,10000,0.04,0.79,0.75,0.582,0.945,True,共有
PROGNOSIS_CONTAGION_VERDICT__2,PROGNOSIS_CONTAGION_VERDICT__2,2025搜索,2025搜索随机1w,23,28,9998,10000,0.23,0.28,0.05,-0.094,0.196,False,共有
PROGNOSIS_CONTAGION_VERDICT__3,PROGNOSIS_CONTAGION_VERDICT__3,2025搜索,2025搜索随机1w,22,18,9998,10000,0.22,0.18,-0.04,-0.171,0.088,False,共有
PROGNOSIS_CONTAGION_VERDICT__4,PROGNOSIS_CONTAGION_VERDICT__4,2025搜索,2025搜索随机1w,29,15,9998,10000,0.29,0.15,-0.14,-0.279,-0.009,True,共有
RECOVERY_TIMING__1,RECOVERY_TIMING__1,2025搜索,2025搜索随机1w,39,87,9998,10000,0.39,0.87,0.48,0.262,0.707,True,共有
RECOVERY_TIMING__2,RECOVERY_TIMING__2,2025搜索,2025搜索随机1w,29,89,9998,10000,0.29,0.89,0.6,0.391,0.822,True,共有
REFERENCE_VALUE_CALCULATOR__1,REFERENCE_VALUE_CALCULATOR__1,2025搜索,2025搜索随机1w,122,61,9998,10000,1.22,0.61,-0.61,-0.881,-0.348,True,共有
REFERENCE_VALUE_CALCULATOR__2,REFERENCE_VALUE_CALCULATOR__2,2025搜索,2025搜索随机1w,72,118,9998,10000,0.72,1.18,0.46,0.192,0.734,True,共有
REFERENCE_VALUE_CALCULATOR__3,REFERENCE_VALUE_CALCULATOR__3,2025搜索,2025搜索随机1w,27,79,9998,10000,0.27,0.79,0.52,0.322,0.731,True,共有
REPRODUCTIVE_HEALTH__1,REPRODUCTIVE_HEALTH__1,2025搜索,2025搜索随机1w,55,201,9998,10000,0.55,2.01,1.46,1.154,1.78,True,共有
REPRODUCTIVE_HEALTH__2,REPRODUCTIVE_HEALTH__2,2025搜索,2025搜索随机1w,105,168,9998,10000,1.05,1.68,0.63,0.309,0.956,True,共有
RESULT_INTERPRETATION__1,RESULT_INTERPRETATION__1,2025搜索,2025搜索随机1w,186,97,9998,10000,1.86,0.97,-0.89,-1.223,-0.565,True,共有
RESULT_INTERPRETATION__2,RESULT_INTERPRETATION__2,2025搜索,2025搜索随机1w,77,474,9998,10000,0.77,4.74,3.97,3.527,4.43,True,共有
SUBSTANCE_EFFICACY_LOOKUP__1,SUBSTANCE_EFFICACY_LOOKUP__1,2025搜索,2025搜索随机1w,1066,419,9998,10000,10.662,4.19,-6.472,-7.197,-5.753,True,共有
SUBSTANCE_EFFICACY_LOOKUP__2,SUBSTANCE_EFFICACY_LOOKUP__2,2025搜索,2025搜索随机1w,3063,1030,9998,10000,30.636,10.3,-20.336,-21.416,-19.252,True,共有
SYMPTOM_ATTRIBUTION_DIFFERENTIATION__1,SYMPTOM_ATTRIBUTION_DIFFERENTIATION__1,2025搜索,2025搜索随机1w,123,330,9998,10000,1.23,3.3,2.07,1.662,2.488,True,共有
SYMPTOM_ATTRIBUTION_DIFFERENTIATION__2,SYMPTOM_ATTRIBUTION_DIFFERENTIATION__2,2025搜索,2025搜索随机1w,146,226,9998,10000,1.46,2.26,0.8,0.426,1.178,True,共有
SYMPTOM_ATTRIBUTION_DIFFERENTIATION__3,SYMPTOM_ATTRIBUTION_DIFFERENTIATION__3,2025搜索,2025搜索随机1w,127,507,9998,10000,1.27,5.07,3.8,3.323,4.291,True,共有
SYMPTOM_ATTRIBUTION_DIFFERENTIATION__4,SYMPTOM_ATTRIBUTION_DIFFERENTIATION__4,2025搜索,2025搜索随机1w,161,337,9998,10000,1.61,3.37,1.76,1.331,2.196,True,共有
SYMPTOM_ATTRIBUTION_DIFFERENTIATION__5,SYMPTOM_ATTRIBUTION_DIFFERENTIATION__5,2025搜索,2025搜索随机1w,127,207,9998,10000,1.27,2.07,0.8,0.446,1.16,True,共有
SYMPTOM_ATTRIBUTION_DIFFERENTIATION__6,SYMPTOM_ATTRIBUTION_DIFFERENTIATION__6,2025搜索,2025搜索随机1w,324,159,9998,10000,3.241,1.59,-1.651,-2.081,-1.228,True,共有
TREATMENT_SEEKING__1,TREATMENT_SEEKING__1,2025搜索,2025搜索随机1w,386,306,9998,10000,3.861,3.06,-0.801,-1.31,-0.294,True,共有
TREATMENT_SEEKING__2,TREATMENT_SEEKING__2,2025搜索,2025搜索随机1w,577,563,9998,10000,5.771,5.63,-0.141,-0.785,0.502,False,共有
ACCIDENTAL_INGESTION_FIRST_AID__1,ACCIDENTAL_INGESTION_FIRST_AID__1,2025搜索,2026搜索,1,1,9998,9998,0.01,0.01,0.0,-0.047,0.047,False,共有
CARE_NAVIGATION_COST__1,CARE_NAVIGATION_COST__1,2025搜索,2026搜索,28,35,9998,9998,0.28,0.35,0.07,-0.089,0.231,False,共有
CARE_NAVIGATION_COST__2,CARE_NAVIGATION_COST__2,2025搜索,2026搜索,155,140,9998,9998,1.55,1.4,-0.15,-0.487,0.186,False,共有
CARE_NAVIGATION_COST__3,CARE_NAVIGATION_COST__3,2025搜索,2026搜索,46,50,9998,9998,0.46,0.5,0.04,-0.155,0.236,False,共有
CARE_NAVIGATION_COST__4,CARE_NAVIGATION_COST__4,2025搜索,2026搜索,37,36,9998,9998,0.37,0.36,-0.01,-0.182,0.161,False,共有
COMPARISON_DIFFERENCE_VERDICT__1,COMPARISON_DIFFERENCE_VERDICT__1,2025搜索,2026搜索,27,22,9998,9998,0.27,0.22,-0.05,-0.194,0.091,False,共有
COMPARISON_DIFFERENCE_VERDICT__2,COMPARISON_DIFFERENCE_VERDICT__2,2025搜索,2026搜索,10,10,9998,9998,0.1,0.1,0.0,-0.096,0.096,False,共有
COMPARISON_DIFFERENCE_VERDICT__3,COMPARISON_DIFFERENCE_VERDICT__3,2025搜索,2026搜索,4,4,9998,9998,0.04,0.04,0.0,-0.067,0.067,False,共有
COMPARISON_DIFFERENCE_VERDICT__4,COMPARISON_DIFFERENCE_VERDICT__4,2025搜索,2026搜索,10,6,9998,9998,0.1,0.06,-0.04,-0.13,0.044,False,共有
COMPARISON_DIFFERENCE_VERDICT__5,COMPARISON_DIFFERENCE_VERDICT__5,2025搜索,2026搜索,6,11,9998,9998,0.06,0.11,0.05,-0.036,0.143,False,共有
COMPARISON_DIFFERENCE_VERDICT__6,COMPARISON_DIFFERENCE_VERDICT__6,2025搜索,2026搜索,8,13,9998,9998,0.08,0.13,0.05,-0.045,0.15,False,共有
DISEASE_CONCEPT_INFO__1,DISEASE_CONCEPT_INFO__1,2025搜索,2026搜索,266,244,9998,9998,2.661,2.44,-0.22,-0.659,0.218,False,共有
DISEASE_CONCEPT_INFO__2,DISEASE_CONCEPT_INFO__2,2025搜索,2026搜索,592,604,9998,9998,5.921,6.041,0.12,-0.538,0.778,False,共有
DISEASE_CONCEPT_INFO__3,DISEASE_CONCEPT_INFO__3,2025搜索,2026搜索,124,162,9998,9998,1.24,1.62,0.38,0.051,0.713,True,共有
DISEASE_CONCEPT_INFO__4,DISEASE_CONCEPT_INFO__4,2025搜索,2026搜索,494,482,9998,9998,4.941,4.821,-0.12,-0.718,0.478,False,共有
DISEASE_CONCEPT_INFO__5,DISEASE_CONCEPT_INFO__5,2025搜索,2026搜索,585,370,9998,9998,5.851,3.701,-2.15,-2.744,-1.561,True,共有
DISEASE_CONCEPT_INFO__6,DISEASE_CONCEPT_INFO__6,2025搜索,2026搜索,167,151,9998,9998,1.67,1.51,-0.16,-0.509,0.188,False,共有
DOSAGE_ADMINISTRATION__1,DOSAGE_ADMINISTRATION__1,2025搜索,2026搜索,20,28,9998,9998,0.2,0.28,0.08,-0.059,0.223,False,共有
DOSAGE_ADMINISTRATION__2,DOSAGE_ADMINISTRATION__2,2025搜索,2026搜索,14,26,9998,9998,0.14,0.26,0.12,-0.006,0.253,False,共有
DOSAGE_ADMINISTRATION__3,DOSAGE_ADMINISTRATION__3,2025搜索,2026搜索,27,44,9998,9998,0.27,0.44,0.17,0.004,0.342,True,共有
DOSAGE_ADMINISTRATION__4,DOSAGE_ADMINISTRATION__4,2025搜索,2026搜索,40,48,9998,9998,0.4,0.48,0.08,-0.106,0.269,False,共有
DOSAGE_ADMINISTRATION__5,DOSAGE_ADMINISTRATION__5,2025搜索,2026搜索,18,26,9998,9998,0.18,0.26,0.08,-0.053,0.218,False,共有
DOSAGE_ADMINISTRATION__6,DOSAGE_ADMINISTRATION__6,2025搜索,2026搜索,27,28,9998,9998,0.27,0.28,0.01,-0.14,0.16,False,共有
EFFICACY_AUTHENTICITY_CHECK__1,EFFICACY_AUTHENTICITY_CHECK__1,2025搜索,2026搜索,12,12,9998,9998,0.12,0.12,0.0,-0.103,0.103,False,共有
EFFICACY_AUTHENTICITY_CHECK__2,EFFICACY_AUTHENTICITY_CHECK__2,2025搜索,2026搜索,5,33,9998,9998,0.05,0.33,0.28,0.164,0.416,True,共有
EFFICACY_AUTHENTICITY_CHECK__3,EFFICACY_AUTHENTICITY_CHECK__3,2025搜索,2026搜索,12,12,9998,9998,0.12,0.12,0.0,-0.103,0.103,False,共有
EFFICACY_AUTHENTICITY_CHECK__4,EFFICACY_AUTHENTICITY_CHECK__4,2025搜索,2026搜索,19,32,9998,9998,0.19,0.32,0.13,-0.012,0.278,False,共有
NON_HEALTH_OTHER__1,NON_HEALTH_OTHER__1,2025搜索,2026搜索,67,60,9998,9998,0.67,0.6,-0.07,-0.294,0.153,False,共有
NON_HEALTH_OTHER__2,NON_HEALTH_OTHER__2,2025搜索,2026搜索,109,89,9998,9998,1.09,0.89,-0.2,-0.478,0.076,False,共有
PERMISSION_CHECK__1,PERMISSION_CHECK__1,2025搜索,2026搜索,47,45,9998,9998,0.47,0.45,-0.02,-0.212,0.171,False,共有
PERMISSION_CHECK__2,PERMISSION_CHECK__2,2025搜索,2026搜索,85,103,9998,9998,0.85,1.03,0.18,-0.089,0.451,False,共有
PHARMA_COMPANY_LOOKUP__1,PHARMA_COMPANY_LOOKUP__1,2025搜索,2026搜索,46,73,9998,9998,0.46,0.73,0.27,0.056,0.489,True,共有
PROGNOSIS_CONTAGION_VERDICT__1,PROGNOSIS_CONTAGION_VERDICT__1,2025搜索,2026搜索,4,12,9998,9998,0.04,0.12,0.08,-0.001,0.173,False,共有
PROGNOSIS_CONTAGION_VERDICT__2,PROGNOSIS_CONTAGION_VERDICT__2,2025搜索,2026搜索,23,26,9998,9998,0.23,0.26,0.03,-0.111,0.173,False,共有
PROGNOSIS_CONTAGION_VERDICT__3,PROGNOSIS_CONTAGION_VERDICT__3,2025搜索,2026搜索,22,22,9998,9998,0.22,0.22,0.0,-0.135,0.135,False,共有
PROGNOSIS_CONTAGION_VERDICT__4,PROGNOSIS_CONTAGION_VERDICT__4,2025搜索,2026搜索,29,34,9998,9998,0.29,0.34,0.05,-0.109,0.211,False,共有
RECOVERY_TIMING__1,RECOVERY_TIMING__1,2025搜索,2026搜索,39,31,9998,9998,0.39,0.31,-0.08,-0.25,0.087,False,共有
RECOVERY_TIMING__2,RECOVERY_TIMING__2,2025搜索,2026搜索,29,39,9998,9998,0.29,0.39,0.1,-0.064,0.268,False,共有
REFERENCE_VALUE_CALCULATOR__1,REFERENCE_VALUE_CALCULATOR__1,2025搜索,2026搜索,122,129,9998,9998,1.22,1.29,0.07,-0.24,0.381,False,共有
REFERENCE_VALUE_CALCULATOR__2,REFERENCE_VALUE_CALCULATOR__2,2025搜索,2026搜索,72,74,9998,9998,0.72,0.74,0.02,-0.219,0.259,False,共有
REFERENCE_VALUE_CALCULATOR__3,REFERENCE_VALUE_CALCULATOR__3,2025搜索,2026搜索,27,32,9998,9998,0.27,0.32,0.05,-0.104,0.206,False,共有
REPRODUCTIVE_HEALTH__1,REPRODUCTIVE_HEALTH__1,2025搜索,2026搜索,55,47,9998,9998,0.55,0.47,-0.08,-0.282,0.12,False,共有
REPRODUCTIVE_HEALTH__2,REPRODUCTIVE_HEALTH__2,2025搜索,2026搜索,105,67,9998,9998,1.05,0.67,-0.38,-0.642,-0.124,True,共有
RESULT_INTERPRETATION__1,RESULT_INTERPRETATION__1,2025搜索,2026搜索,186,159,9998,9998,1.86,1.59,-0.27,-0.634,0.092,False,共有
RESULT_INTERPRETATION__2,RESULT_INTERPRETATION__2,2025搜索,2026搜索,77,88,9998,9998,0.77,0.88,0.11,-0.143,0.364,False,共有
SUBSTANCE_EFFICACY_LOOKUP__1,SUBSTANCE_EFFICACY_LOOKUP__1,2025搜索,2026搜索,1066,641,9998,9998,10.662,6.411,-4.251,-5.025,-3.479,True,共有
SUBSTANCE_EFFICACY_LOOKUP__2,SUBSTANCE_EFFICACY_LOOKUP__2,2025搜索,2026搜索,3063,3735,9998,9998,30.636,37.357,6.721,5.41,8.029,True,共有
SYMPTOM_ATTRIBUTION_DIFFERENTIATION__1,SYMPTOM_ATTRIBUTION_DIFFERENTIATION__1,2025搜索,2026搜索,123,118,9998,9998,1.23,1.18,-0.05,-0.355,0.254,False,共有
SYMPTOM_ATTRIBUTION_DIFFERENTIATION__2,SYMPTOM_ATTRIBUTION_DIFFERENTIATION__2,2025搜索,2026搜索,146,149,9998,9998,1.46,1.49,0.03,-0.306,0.366,False,共有
SYMPTOM_ATTRIBUTION_DIFFERENTIATION__3,SYMPTOM_ATTRIBUTION_DIFFERENTIATION__3,2025搜索,2026搜索,127,113,9998,9998,1.27,1.13,-0.14,-0.445,0.163,False,共有
SYMPTOM_ATTRIBUTION_DIFFERENTIATION__4,SYMPTOM_ATTRIBUTION_DIFFERENTIATION__4,2025搜索,2026搜索,161,122,9998,9998,1.61,1.22,-0.39,-0.721,-0.062,True,共有
SYMPTOM_ATTRIBUTION_DIFFERENTIATION__5,SYMPTOM_ATTRIBUTION_DIFFERENTIATION__5,2025搜索,2026搜索,127,106,9998,9998,1.27,1.06,-0.21,-0.511,0.089,False,共有
SYMPTOM_ATTRIBUTION_DIFFERENTIATION__6,SYMPTOM_ATTRIBUTION_DIFFERENTIATION__6,2025搜索,2026搜索,324,305,9998,9998,3.241,3.051,-0.19,-0.675,0.295,False,共有
TREATMENT_SEEKING__1,TREATMENT_SEEKING__1,2025搜索,2026搜索,386,389,9998,9998,3.861,3.891,0.03,-0.506,0.566,False,共有
TREATMENT_SEEKING__2,TREATMENT_SEEKING__2,2025搜索,2026搜索,577,560,9998,9998,5.771,5.601,-0.17,-0.813,0.473,False,共有
ACCIDENTAL_INGESTION_FIRST_AID__1,ACCIDENTAL_INGESTION_FIRST_AID__1,2025搜索,2026搜索随机1w,1,1,9998,10000,0.01,0.01,-0.0,-0.047,0.047,False,共有
CARE_NAVIGATION_COST__1,CARE_NAVIGATION_COST__1,2025搜索,2026搜索随机1w,28,504,9998,10000,0.28,5.04,4.76,4.33,5.215,True,共有
CARE_NAVIGATION_COST__2,CARE_NAVIGATION_COST__2,2025搜索,2026搜索随机1w,155,313,9998,10000,1.55,3.13,1.58,1.164,2.004,True,共有
CARE_NAVIGATION_COST__3,CARE_NAVIGATION_COST__3,2025搜索,2026搜索随机1w,46,87,9998,10000,0.46,0.87,0.41,0.186,0.642,True,共有
CARE_NAVIGATION_COST__4,CARE_NAVIGATION_COST__4,2025搜索,2026搜索随机1w,37,88,9998,10000,0.37,0.88,0.51,0.294,0.737,True,共有
COMPARISON_DIFFERENCE_VERDICT__1,COMPARISON_DIFFERENCE_VERDICT__1,2025搜索,2026搜索随机1w,27,31,9998,10000,0.27,0.31,0.04,-0.113,0.195,False,共有
COMPARISON_DIFFERENCE_VERDICT__2,COMPARISON_DIFFERENCE_VERDICT__2,2025搜索,2026搜索随机1w,10,61,9998,10000,0.1,0.61,0.51,0.351,0.689,True,共有
COMPARISON_DIFFERENCE_VERDICT__3,COMPARISON_DIFFERENCE_VERDICT__3,2025搜索,2026搜索随机1w,4,35,9998,10000,0.04,0.35,0.31,0.193,0.449,True,共有
COMPARISON_DIFFERENCE_VERDICT__4,COMPARISON_DIFFERENCE_VERDICT__4,2025搜索,2026搜索随机1w,10,44,9998,10000,0.1,0.44,0.34,0.2,0.497,True,共有
COMPARISON_DIFFERENCE_VERDICT__5,COMPARISON_DIFFERENCE_VERDICT__5,2025搜索,2026搜索随机1w,6,39,9998,10000,0.06,0.39,0.33,0.204,0.476,True,共有
COMPARISON_DIFFERENCE_VERDICT__6,COMPARISON_DIFFERENCE_VERDICT__6,2025搜索,2026搜索随机1w,8,18,9998,10000,0.08,0.18,0.1,-0.002,0.212,False,共有
DISEASE_CONCEPT_INFO__1,DISEASE_CONCEPT_INFO__1,2025搜索,2026搜索随机1w,266,61,9998,10000,2.661,0.61,-2.051,-2.411,-1.706,True,共有
DISEASE_CONCEPT_INFO__2,DISEASE_CONCEPT_INFO__2,2025搜索,2026搜索随机1w,592,100,9998,10000,5.921,1.0,-4.921,-5.433,-4.426,True,共有
DISEASE_CONCEPT_INFO__3,DISEASE_CONCEPT_INFO__3,2025搜索,2026搜索随机1w,124,101,9998,10000,1.24,1.01,-0.23,-0.526,0.063,False,共有
DISEASE_CONCEPT_INFO__4,DISEASE_CONCEPT_INFO__4,2025搜索,2026搜索随机1w,494,626,9998,10000,4.941,6.26,1.319,0.682,1.958,True,共有
DISEASE_CONCEPT_INFO__5,DISEASE_CONCEPT_INFO__5,2025搜索,2026搜索随机1w,585,156,9998,10000,5.851,1.56,-4.291,-4.819,-3.776,True,共有
DISEASE_CONCEPT_INFO__6,DISEASE_CONCEPT_INFO__6,2025搜索,2026搜索随机1w,167,56,9998,10000,1.67,0.56,-1.11,-1.41,-0.824,True,共有
DOSAGE_ADMINISTRATION__1,DOSAGE_ADMINISTRATION__1,2025搜索,2026搜索随机1w,20,7,9998,10000,0.2,0.07,-0.13,-0.245,-0.028,True,共有
DOSAGE_ADMINISTRATION__2,DOSAGE_ADMINISTRATION__2,2025搜索,2026搜索随机1w,14,42,9998,10000,0.14,0.42,0.28,0.135,0.438,True,共有
DOSAGE_ADMINISTRATION__3,DOSAGE_ADMINISTRATION__3,2025搜索,2026搜索随机1w,27,33,9998,10000,0.27,0.33,0.06,-0.095,0.218,False,共有
DOSAGE_ADMINISTRATION__4,DOSAGE_ADMINISTRATION__4,2025搜索,2026搜索随机1w,40,34,9998,10000,0.4,0.34,-0.06,-0.234,0.111,False,共有
DOSAGE_ADMINISTRATION__5,DOSAGE_ADMINISTRATION__5,2025搜索,2026搜索随机1w,18,16,9998,10000,0.18,0.16,-0.02,-0.141,0.1,False,共有
DOSAGE_ADMINISTRATION__6,DOSAGE_ADMINISTRATION__6,2025搜索,2026搜索随机1w,27,66,9998,10000,0.27,0.66,0.39,0.203,0.588,True,共有
EFFICACY_AUTHENTICITY_CHECK__1,EFFICACY_AUTHENTICITY_CHECK__1,2025搜索,2026搜索随机1w,12,48,9998,10000,0.12,0.48,0.36,0.212,0.524,True,共有
EFFICACY_AUTHENTICITY_CHECK__2,EFFICACY_AUTHENTICITY_CHECK__2,2025搜索,2026搜索随机1w,5,56,9998,10000,0.05,0.56,0.51,0.365,0.679,True,共有
EFFICACY_AUTHENTICITY_CHECK__3,EFFICACY_AUTHENTICITY_CHECK__3,2025搜索,2026搜索随机1w,12,25,9998,10000,0.12,0.25,0.13,0.009,0.259,True,共有
EFFICACY_AUTHENTICITY_CHECK__4,EFFICACY_AUTHENTICITY_CHECK__4,2025搜索,2026搜索随机1w,19,81,9998,10000,0.19,0.81,0.62,0.43,0.827,True,共有
NON_HEALTH_OTHER__1,NON_HEALTH_OTHER__1,2025搜索,2026搜索随机1w,67,290,9998,10000,0.67,2.9,2.23,1.87,2.605,True,共有
NON_HEALTH_OTHER__2,NON_HEALTH_OTHER__2,2025搜索,2026搜索随机1w,109,136,9998,10000,1.09,1.36,0.27,-0.036,0.578,False,共有
PERMISSION_CHECK__1,PERMISSION_CHECK__1,2025搜索,2026搜索随机1w,47,670,9998,10000,0.47,6.7,6.23,5.732,6.75,True,共有
PERMISSION_CHECK__2,PERMISSION_CHECK__2,2025搜索,2026搜索随机1w,85,711,9998,10000,0.85,7.11,6.26,5.733,6.805,True,共有
PHARMA_COMPANY_LOOKUP__1,PHARMA_COMPANY_LOOKUP__1,2025搜索,2026搜索随机1w,46,3,9998,10000,0.46,0.03,-0.43,-0.584,-0.301,True,共有
PROGNOSIS_CONTAGION_VERDICT__1,PROGNOSIS_CONTAGION_VERDICT__1,2025搜索,2026搜索随机1w,4,68,9998,10000,0.04,0.68,0.64,0.484,0.823,True,共有
PROGNOSIS_CONTAGION_VERDICT__2,PROGNOSIS_CONTAGION_VERDICT__2,2025搜索,2026搜索随机1w,23,17,9998,10000,0.23,0.17,-0.06,-0.192,0.068,False,共有
PROGNOSIS_CONTAGION_VERDICT__3,PROGNOSIS_CONTAGION_VERDICT__3,2025搜索,2026搜索随机1w,22,12,9998,10000,0.22,0.12,-0.1,-0.224,0.017,False,共有
PROGNOSIS_CONTAGION_VERDICT__4,PROGNOSIS_CONTAGION_VERDICT__4,2025搜索,2026搜索随机1w,29,19,9998,10000,0.29,0.19,-0.1,-0.244,0.038,False,共有
RECOVERY_TIMING__1,RECOVERY_TIMING__1,2025搜索,2026搜索随机1w,39,84,9998,10000,0.39,0.84,0.45,0.235,0.674,True,共有
RECOVERY_TIMING__2,RECOVERY_TIMING__2,2025搜索,2026搜索随机1w,29,97,9998,10000,0.29,0.97,0.68,0.465,0.909,True,共有
REFERENCE_VALUE_CALCULATOR__1,REFERENCE_VALUE_CALCULATOR__1,2025搜索,2026搜索随机1w,122,59,9998,10000,1.22,0.59,-0.63,-0.9,-0.37,True,共有
REFERENCE_VALUE_CALCULATOR__2,REFERENCE_VALUE_CALCULATOR__2,2025搜索,2026搜索随机1w,72,87,9998,10000,0.72,0.87,0.15,-0.098,0.4,False,共有
REFERENCE_VALUE_CALCULATOR__3,REFERENCE_VALUE_CALCULATOR__3,2025搜索,2026搜索随机1w,27,76,9998,10000,0.27,0.76,0.49,0.294,0.698,True,共有
REPRODUCTIVE_HEALTH__1,REPRODUCTIVE_HEALTH__1,2025搜索,2026搜索随机1w,55,147,9998,10000,0.55,1.47,0.92,0.646,1.205,True,共有
REPRODUCTIVE_HEALTH__2,REPRODUCTIVE_HEALTH__2,2025搜索,2026搜索随机1w,105,135,9998,10000,1.05,1.35,0.3,-0.003,0.605,False,共有
RESULT_INTERPRETATION__1,RESULT_INTERPRETATION__1,2025搜索,2026搜索随机1w,186,69,9998,10000,1.86,0.69,-1.17,-1.489,-0.863,True,共有
RESULT_INTERPRETATION__2,RESULT_INTERPRETATION__2,2025搜索,2026搜索随机1w,77,528,9998,10000,0.77,5.28,4.51,4.047,4.991,True,共有
SUBSTANCE_EFFICACY_LOOKUP__1,SUBSTANCE_EFFICACY_LOOKUP__1,2025搜索,2026搜索随机1w,1066,435,9998,10000,10.662,4.35,-6.312,-7.041,-5.589,True,共有
SUBSTANCE_EFFICACY_LOOKUP__2,SUBSTANCE_EFFICACY_LOOKUP__2,2025搜索,2026搜索随机1w,3063,1024,9998,10000,30.636,10.24,-20.396,-21.475,-19.312,True,共有
SYMPTOM_ATTRIBUTION_DIFFERENTIATION__1,SYMPTOM_ATTRIBUTION_DIFFERENTIATION__1,2025搜索,2026搜索随机1w,123,320,9998,10000,1.23,3.2,1.97,1.566,2.384,True,共有
SYMPTOM_ATTRIBUTION_DIFFERENTIATION__2,SYMPTOM_ATTRIBUTION_DIFFERENTIATION__2,2025搜索,2026搜索随机1w,146,212,9998,10000,1.46,2.12,0.66,0.293,1.031,True,共有
SYMPTOM_ATTRIBUTION_DIFFERENTIATION__3,SYMPTOM_ATTRIBUTION_DIFFERENTIATION__3,2025搜索,2026搜索随机1w,127,538,9998,10000,1.27,5.38,4.11,3.622,4.612,True,共有
SYMPTOM_ATTRIBUTION_DIFFERENTIATION__4,SYMPTOM_ATTRIBUTION_DIFFERENTIATION__4,2025搜索,2026搜索随机1w,161,323,9998,10000,1.61,3.23,1.62,1.197,2.05,True,共有
SYMPTOM_ATTRIBUTION_DIFFERENTIATION__5,SYMPTOM_ATTRIBUTION_DIFFERENTIATION__5,2025搜索,2026搜索随机1w,127,235,9998,10000,1.27,2.35,1.08,0.712,1.454,True,共有
SYMPTOM_ATTRIBUTION_DIFFERENTIATION__6,SYMPTOM_ATTRIBUTION_DIFFERENTIATION__6,2025搜索,2026搜索随机1w,324,103,9998,10000,3.241,1.03,-2.211,-2.618,-1.816,True,共有
TREATMENT_SEEKING__1,TREATMENT_SEEKING__1,2025搜索,2026搜索随机1w,386,338,9998,10000,3.861,3.38,-0.481,-1.0,0.037,False,共有
TREATMENT_SEEKING__2,TREATMENT_SEEKING__2,2025搜索,2026搜索随机1w,577,535,9998,10000,5.771,5.35,-0.421,-1.057,0.215,False,共有
ACCIDENTAL_INGESTION_FIRST_AID__1,ACCIDENTAL_INGESTION_FIRST_AID__1,2025搜索,助手头部1k,1,0,9998,958,0.01,0.0,-0.01,-0.057,0.389,False,a独有
CARE_NAVIGATION_COST__1,CARE_NAVIGATION_COST__1,2025搜索,助手头部1k,28,30,9998,958,0.28,3.132,2.851,1.914,4.158,True,共有
CARE_NAVIGATION_COST__2,CARE_NAVIGATION_COST__2,2025搜索,助手头部1k,155,39,9998,958,1.55,4.071,2.521,1.411,3.984,True,共有
CARE_NAVIGATION_COST__3,CARE_NAVIGATION_COST__3,2025搜索,助手头部1k,46,17,9998,958,0.46,1.775,1.314,0.633,2.37,True,共有
CARE_NAVIGATION_COST__4,CARE_NAVIGATION_COST__4,2025搜索,助手头部1k,37,7,9998,958,0.37,0.731,0.361,-0.041,1.137,False,共有
COMPARISON_DIFFERENCE_VERDICT__1,COMPARISON_DIFFERENCE_VERDICT__1,2025搜索,助手头部1k,27,1,9998,958,0.27,0.104,-0.166,-0.315,0.326,False,共有
COMPARISON_DIFFERENCE_VERDICT__2,COMPARISON_DIFFERENCE_VERDICT__2,2025搜索,助手头部1k,10,0,9998,958,0.1,0.0,-0.1,-0.184,0.302,False,a独有
COMPARISON_DIFFERENCE_VERDICT__3,COMPARISON_DIFFERENCE_VERDICT__3,2025搜索,助手头部1k,4,0,9998,958,0.04,0.0,-0.04,-0.103,0.36,False,a独有
COMPARISON_DIFFERENCE_VERDICT__4,COMPARISON_DIFFERENCE_VERDICT__4,2025搜索,助手头部1k,10,0,9998,958,0.1,0.0,-0.1,-0.184,0.302,False,a独有
COMPARISON_DIFFERENCE_VERDICT__5,COMPARISON_DIFFERENCE_VERDICT__5,2025搜索,助手头部1k,6,2,9998,958,0.06,0.209,0.149,-0.018,0.699,False,共有
COMPARISON_DIFFERENCE_VERDICT__6,COMPARISON_DIFFERENCE_VERDICT__6,2025搜索,助手头部1k,8,1,9998,958,0.08,0.104,0.024,-0.092,0.51,False,共有
DISEASE_CONCEPT_INFO__1,DISEASE_CONCEPT_INFO__1,2025搜索,助手头部1k,266,14,9998,958,2.661,1.461,-1.199,-1.876,-0.178,True,共有
DISEASE_CONCEPT_INFO__2,DISEASE_CONCEPT_INFO__2,2025搜索,助手头部1k,592,47,9998,958,5.921,4.906,-1.015,-2.304,0.604,False,共有
DISEASE_CONCEPT_INFO__3,DISEASE_CONCEPT_INFO__3,2025搜索,助手头部1k,124,8,9998,958,1.24,0.835,-0.405,-0.88,0.423,False,共有
DISEASE_CONCEPT_INFO__4,DISEASE_CONCEPT_INFO__4,2025搜索,助手头部1k,494,20,9998,958,4.941,2.088,-2.853,-3.709,-1.666,True,共有
DISEASE_CONCEPT_INFO__5,DISEASE_CONCEPT_INFO__5,2025搜索,助手头部1k,585,67,9998,958,5.851,6.994,1.143,-0.383,2.989,False,共有
DISEASE_CONCEPT_INFO__6,DISEASE_CONCEPT_INFO__6,2025搜索,助手头部1k,167,21,9998,958,1.67,2.192,0.522,-0.279,1.681,False,共有
DOSAGE_ADMINISTRATION__1,DOSAGE_ADMINISTRATION__1,2025搜索,助手头部1k,20,1,9998,958,0.2,0.104,-0.096,-0.234,0.394,False,共有
DOSAGE_ADMINISTRATION__2,DOSAGE_ADMINISTRATION__2,2025搜索,助手头部1k,14,0,9998,958,0.14,0.0,-0.14,-0.235,0.263,False,a独有
DOSAGE_ADMINISTRATION__3,DOSAGE_ADMINISTRATION__3,2025搜索,助手头部1k,27,1,9998,958,0.27,0.104,-0.166,-0.315,0.326,False,共有
DOSAGE_ADMINISTRATION__4,DOSAGE_ADMINISTRATION__4,2025搜索,助手头部1k,40,5,9998,958,0.4,0.522,0.122,-0.21,0.824,False,共有
DOSAGE_ADMINISTRATION__5,DOSAGE_ADMINISTRATION__5,2025搜索,助手头部1k,18,0,9998,958,0.18,0.0,-0.18,-0.284,0.225,False,a独有
DOSAGE_ADMINISTRATION__6,DOSAGE_ADMINISTRATION__6,2025搜索,助手头部1k,27,1,9998,958,0.27,0.104,-0.166,-0.315,0.326,False,共有
EFFICACY_AUTHENTICITY_CHECK__1,EFFICACY_AUTHENTICITY_CHECK__1,2025搜索,助手头部1k,12,0,9998,958,0.12,0.0,-0.12,-0.21,0.283,False,a独有
EFFICACY_AUTHENTICITY_CHECK__2,EFFICACY_AUTHENTICITY_CHECK__2,2025搜索,助手头部1k,5,0,9998,958,0.05,0.0,-0.05,-0.117,0.35,False,a独有
EFFICACY_AUTHENTICITY_CHECK__3,EFFICACY_AUTHENTICITY_CHECK__3,2025搜索,助手头部1k,12,1,9998,958,0.12,0.104,-0.016,-0.14,0.472,False,共有
EFFICACY_AUTHENTICITY_CHECK__4,EFFICACY_AUTHENTICITY_CHECK__4,2025搜索,助手头部1k,19,2,9998,958,0.19,0.209,0.019,-0.167,0.572,False,共有
NON_HEALTH_OTHER__1,NON_HEALTH_OTHER__1,2025搜索,助手头部1k,67,42,9998,958,0.67,4.384,3.714,2.575,5.21,True,共有
NON_HEALTH_OTHER__2,NON_HEALTH_OTHER__2,2025搜索,助手头部1k,109,72,9998,958,1.09,7.516,6.425,4.904,8.279,True,共有
PERMISSION_CHECK__1,PERMISSION_CHECK__1,2025搜索,助手头部1k,47,5,9998,958,0.47,0.522,0.052,-0.285,0.756,False,共有
PERMISSION_CHECK__2,PERMISSION_CHECK__2,2025搜索,助手头部1k,85,8,9998,958,0.85,0.835,-0.015,-0.472,0.805,False,共有
PHARMA_COMPANY_LOOKUP__1,PHARMA_COMPANY_LOOKUP__1,2025搜索,助手头部1k,46,1,9998,958,0.46,0.104,-0.356,-0.531,0.142,False,共有
PROGNOSIS_CONTAGION_VERDICT__1,PROGNOSIS_CONTAGION_VERDICT__1,2025搜索,助手头部1k,4,2,9998,958,0.04,0.209,0.169,0.005,0.719,True,共有
PROGNOSIS_CONTAGION_VERDICT__2,PROGNOSIS_CONTAGION_VERDICT__2,2025搜索,助手头部1k,23,1,9998,958,0.23,0.104,-0.126,-0.269,0.365,False,共有
PROGNOSIS_CONTAGION_VERDICT__3,PROGNOSIS_CONTAGION_VERDICT__3,2025搜索,助手头部1k,22,4,9998,958,0.22,0.418,0.197,-0.081,0.853,False,共有
PROGNOSIS_CONTAGION_VERDICT__4,PROGNOSIS_CONTAGION_VERDICT__4,2025搜索,助手头部1k,29,0,9998,958,0.29,0.0,-0.29,-0.416,0.119,False,a独有
RECOVERY_TIMING__1,RECOVERY_TIMING__1,2025搜索,助手头部1k,39,3,9998,958,0.39,0.313,-0.077,-0.328,0.536,False,共有
RECOVERY_TIMING__2,RECOVERY_TIMING__2,2025搜索,助手头部1k,29,3,9998,958,0.29,0.313,0.023,-0.219,0.633,False,共有
REFERENCE_VALUE_CALCULATOR__1,REFERENCE_VALUE_CALCULATOR__1,2025搜索,助手头部1k,122,11,9998,958,1.22,1.148,-0.072,-0.63,0.846,False,共有
REFERENCE_VALUE_CALCULATOR__2,REFERENCE_VALUE_CALCULATOR__2,2025搜索,助手头部1k,72,12,9998,958,0.72,1.253,0.532,-0.034,1.468,False,共有
REFERENCE_VALUE_CALCULATOR__3,REFERENCE_VALUE_CALCULATOR__3,2025搜索,助手头部1k,27,3,9998,958,0.27,0.313,0.043,-0.197,0.652,False,共有
REPRODUCTIVE_HEALTH__1,REPRODUCTIVE_HEALTH__1,2025搜索,助手头部1k,55,17,9998,958,0.55,1.775,1.224,0.54,2.281,True,共有
REPRODUCTIVE_HEALTH__2,REPRODUCTIVE_HEALTH__2,2025搜索,助手头部1k,105,8,9998,958,1.05,0.835,-0.215,-0.681,0.609,False,共有
RESULT_INTERPRETATION__1,RESULT_INTERPRETATION__1,2025搜索,助手头部1k,186,3,9998,958,1.86,0.313,-1.547,-1.898,-0.895,True,共有
RESULT_INTERPRETATION__2,RESULT_INTERPRETATION__2,2025搜索,助手头部1k,77,2,9998,958,0.77,0.209,-0.561,-0.805,0.009,False,共有
SUBSTANCE_EFFICACY_LOOKUP__1,SUBSTANCE_EFFICACY_LOOKUP__1,2025搜索,助手头部1k,1066,91,9998,958,10.662,9.499,-1.163,-2.971,0.943,False,共有
SUBSTANCE_EFFICACY_LOOKUP__2,SUBSTANCE_EFFICACY_LOOKUP__2,2025搜索,助手头部1k,3063,201,9998,958,30.636,20.981,-9.655,-12.278,-6.818,True,共有
SYMPTOM_ATTRIBUTION_DIFFERENTIATION__1,SYMPTOM_ATTRIBUTION_DIFFERENTIATION__1,2025搜索,助手头部1k,123,10,9998,958,1.23,1.044,-0.186,-0.717,0.703,False,共有
SYMPTOM_ATTRIBUTION_DIFFERENTIATION__2,SYMPTOM_ATTRIBUTION_DIFFERENTIATION__2,2025搜索,助手头部1k,146,8,9998,958,1.46,0.835,-0.625,-1.109,0.208,False,共有
SYMPTOM_ATTRIBUTION_DIFFERENTIATION__3,SYMPTOM_ATTRIBUTION_DIFFERENTIATION__3,2025搜索,助手头部1k,127,24,9998,958,1.27,2.505,1.235,0.385,2.447,True,共有
SYMPTOM_ATTRIBUTION_DIFFERENTIATION__4,SYMPTOM_ATTRIBUTION_DIFFERENTIATION__4,2025搜索,助手头部1k,161,13,9998,958,1.61,1.357,-0.253,-0.875,0.725,False,共有
SYMPTOM_ATTRIBUTION_DIFFERENTIATION__5,SYMPTOM_ATTRIBUTION_DIFFERENTIATION__5,2025搜索,助手头部1k,127,13,9998,958,1.27,1.357,0.087,-0.524,1.059,False,共有
SYMPTOM_ATTRIBUTION_DIFFERENTIATION__6,SYMPTOM_ATTRIBUTION_DIFFERENTIATION__6,2025搜索,助手头部1k,324,12,9998,958,3.241,1.253,-1.988,-2.636,-1.007,True,共有
TREATMENT_SEEKING__1,TREATMENT_SEEKING__1,2025搜索,助手头部1k,386,42,9998,958,3.861,4.384,0.523,-0.669,2.055,False,共有
TREATMENT_SEEKING__2,TREATMENT_SEEKING__2,2025搜索,助手头部1k,577,62,9998,958,5.771,6.472,0.701,-0.769,2.494,False,共有
ACCIDENTAL_INGESTION_FIRST_AID__1,ACCIDENTAL_INGESTION_FIRST_AID__1,2025搜索,助手随机1k,1,0,9998,998,0.01,0.0,-0.01,-0.057,0.374,False,a独有
CARE_NAVIGATION_COST__1,CARE_NAVIGATION_COST__1,2025搜索,助手随机1k,28,45,9998,998,0.28,4.509,4.229,3.1,5.703,True,共有
CARE_NAVIGATION_COST__2,CARE_NAVIGATION_COST__2,2025搜索,助手随机1k,155,5,9998,998,1.55,0.501,-1.049,-1.437,-0.346,True,共有
CARE_NAVIGATION_COST__3,CARE_NAVIGATION_COST__3,2025搜索,助手随机1k,46,20,9998,998,0.46,2.004,1.544,0.824,2.621,True,共有
CARE_NAVIGATION_COST__4,CARE_NAVIGATION_COST__4,2025搜索,助手随机1k,37,5,9998,998,0.37,0.501,0.131,-0.188,0.805,False,共有
COMPARISON_DIFFERENCE_VERDICT__1,COMPARISON_DIFFERENCE_VERDICT__1,2025搜索,助手随机1k,27,3,9998,998,0.27,0.301,0.031,-0.203,0.616,False,共有
COMPARISON_DIFFERENCE_VERDICT__2,COMPARISON_DIFFERENCE_VERDICT__2,2025搜索,助手随机1k,10,8,9998,998,0.1,0.802,0.702,0.298,1.475,True,共有
COMPARISON_DIFFERENCE_VERDICT__3,COMPARISON_DIFFERENCE_VERDICT__3,2025搜索,助手随机1k,4,3,9998,998,0.04,0.301,0.261,0.053,0.841,True,共有
COMPARISON_DIFFERENCE_VERDICT__4,COMPARISON_DIFFERENCE_VERDICT__4,2025搜索,助手随机1k,10,5,9998,998,0.1,0.501,0.401,0.102,1.069,True,共有
COMPARISON_DIFFERENCE_VERDICT__5,COMPARISON_DIFFERENCE_VERDICT__5,2025搜索,助手随机1k,6,2,9998,998,0.06,0.2,0.14,-0.021,0.669,False,共有
COMPARISON_DIFFERENCE_VERDICT__6,COMPARISON_DIFFERENCE_VERDICT__6,2025搜索,助手随机1k,8,4,9998,998,0.08,0.401,0.321,0.064,0.947,True,共有
DISEASE_CONCEPT_INFO__1,DISEASE_CONCEPT_INFO__1,2025搜索,助手随机1k,266,8,9998,998,2.661,0.802,-1.859,-2.376,-1.031,True,共有
DISEASE_CONCEPT_INFO__2,DISEASE_CONCEPT_INFO__2,2025搜索,助手随机1k,592,9,9998,998,5.921,0.902,-5.019,-5.661,-4.101,True,共有
DISEASE_CONCEPT_INFO__3,DISEASE_CONCEPT_INFO__3,2025搜索,助手随机1k,124,10,9998,998,1.24,1.002,-0.238,-0.753,0.618,False,共有
DISEASE_CONCEPT_INFO__4,DISEASE_CONCEPT_INFO__4,2025搜索,助手随机1k,494,53,9998,998,4.941,5.311,0.37,-0.935,1.992,False,共有
DISEASE_CONCEPT_INFO__5,DISEASE_CONCEPT_INFO__5,2025搜索,助手随机1k,585,7,9998,998,5.851,0.701,-5.15,-5.748,-4.288,True,共有
DISEASE_CONCEPT_INFO__6,DISEASE_CONCEPT_INFO__6,2025搜索,助手随机1k,167,5,9998,998,1.67,0.501,-1.169,-1.564,-0.463,True,共有
DOSAGE_ADMINISTRATION__1,DOSAGE_ADMINISTRATION__1,2025搜索,助手随机1k,20,2,9998,998,0.2,0.2,0.0,-0.181,0.532,False,共有
DOSAGE_ADMINISTRATION__2,DOSAGE_ADMINISTRATION__2,2025搜索,助手随机1k,14,11,9998,998,0.14,1.102,0.962,0.467,1.825,True,共有
DOSAGE_ADMINISTRATION__3,DOSAGE_ADMINISTRATION__3,2025搜索,助手随机1k,27,4,9998,998,0.27,0.401,0.131,-0.143,0.762,False,共有
DOSAGE_ADMINISTRATION__4,DOSAGE_ADMINISTRATION__4,2025搜索,助手随机1k,40,3,9998,998,0.4,0.301,-0.099,-0.345,0.49,False,共有
DOSAGE_ADMINISTRATION__5,DOSAGE_ADMINISTRATION__5,2025搜索,助手随机1k,18,0,9998,998,0.18,0.0,-0.18,-0.284,0.209,False,a独有
DOSAGE_ADMINISTRATION__6,DOSAGE_ADMINISTRATION__6,2025搜索,助手随机1k,27,10,9998,998,0.27,1.002,0.732,0.259,1.569,True,共有
EFFICACY_AUTHENTICITY_CHECK__1,EFFICACY_AUTHENTICITY_CHECK__1,2025搜索,助手随机1k,12,4,9998,998,0.12,0.401,0.281,0.02,0.908,True,共有
EFFICACY_AUTHENTICITY_CHECK__2,EFFICACY_AUTHENTICITY_CHECK__2,2025搜索,助手随机1k,5,6,9998,998,0.05,0.601,0.551,0.219,1.256,True,共有
EFFICACY_AUTHENTICITY_CHECK__3,EFFICACY_AUTHENTICITY_CHECK__3,2025搜索,助手随机1k,12,2,9998,998,0.12,0.2,0.08,-0.09,0.61,False,共有
EFFICACY_AUTHENTICITY_CHECK__4,EFFICACY_AUTHENTICITY_CHECK__4,2025搜索,助手随机1k,19,9,9998,998,0.19,0.902,0.712,0.272,1.518,True,共有
NON_HEALTH_OTHER__1,NON_HEALTH_OTHER__1,2025搜索,助手随机1k,67,75,9998,998,0.67,7.515,6.845,5.356,8.654,True,共有
NON_HEALTH_OTHER__2,NON_HEALTH_OTHER__2,2025搜索,助手随机1k,109,24,9998,998,1.09,2.405,1.315,0.5,2.478,True,共有
PERMISSION_CHECK__1,PERMISSION_CHECK__1,2025搜索,助手随机1k,47,55,9998,998,0.47,5.511,5.041,3.779,6.639,True,共有
PERMISSION_CHECK__2,PERMISSION_CHECK__2,2025搜索,助手随机1k,85,59,9998,998,0.85,5.912,5.062,3.745,6.709,True,共有
PHARMA_COMPANY_LOOKUP__1,PHARMA_COMPANY_LOOKUP__1,2025搜索,助手随机1k,46,0,9998,998,0.46,0.0,-0.46,-0.613,-0.06,True,a独有
PROGNOSIS_CONTAGION_VERDICT__1,PROGNOSIS_CONTAGION_VERDICT__1,2025搜索,助手随机1k,4,13,9998,998,0.04,1.303,1.263,0.719,2.176,True,共有
PROGNOSIS_CONTAGION_VERDICT__2,PROGNOSIS_CONTAGION_VERDICT__2,2025搜索,助手随机1k,23,4,9998,998,0.23,0.401,0.171,-0.1,0.801,False,共有
PROGNOSIS_CONTAGION_VERDICT__3,PROGNOSIS_CONTAGION_VERDICT__3,2025搜索,助手随机1k,22,4,9998,998,0.22,0.401,0.181,-0.089,0.81,False,共有
PROGNOSIS_CONTAGION_VERDICT__4,PROGNOSIS_CONTAGION_VERDICT__4,2025搜索,助手随机1k,29,2,9998,998,0.29,0.2,-0.09,-0.282,0.445,False,共有
RECOVERY_TIMING__1,RECOVERY_TIMING__1,2025搜索,助手随机1k,39,10,9998,998,0.39,1.002,0.612,0.133,1.451,True,共有
RECOVERY_TIMING__2,RECOVERY_TIMING__2,2025搜索,助手随机1k,29,18,9998,998,0.29,1.804,1.514,0.842,2.547,True,共有
REFERENCE_VALUE_CALCULATOR__1,REFERENCE_VALUE_CALCULATOR__1,2025搜索,助手随机1k,122,4,9998,998,1.22,0.401,-0.819,-1.159,-0.164,True,共有
REFERENCE_VALUE_CALCULATOR__2,REFERENCE_VALUE_CALCULATOR__2,2025搜索,助手随机1k,72,19,9998,998,0.72,1.904,1.184,0.477,2.245,True,共有
REFERENCE_VALUE_CALCULATOR__3,REFERENCE_VALUE_CALCULATOR__3,2025搜索,助手随机1k,27,5,9998,998,0.27,0.501,0.231,-0.081,0.903,False,共有
REPRODUCTIVE_HEALTH__1,REPRODUCTIVE_HEALTH__1,2025搜索,助手随机1k,55,8,9998,998,0.55,0.802,0.251,-0.177,1.034,False,共有
REPRODUCTIVE_HEALTH__2,REPRODUCTIVE_HEALTH__2,2025搜索,助手随机1k,105,10,9998,998,1.05,1.002,-0.048,-0.555,0.804,False,共有
RESULT_INTERPRETATION__1,RESULT_INTERPRETATION__1,2025搜索,助手随机1k,186,5,9998,998,1.86,0.501,-1.359,-1.763,-0.649,True,共有
RESULT_INTERPRETATION__2,RESULT_INTERPRETATION__2,2025搜索,助手随机1k,77,56,9998,998,0.77,5.611,4.841,3.562,6.454,True,共有
SUBSTANCE_EFFICACY_LOOKUP__1,SUBSTANCE_EFFICACY_LOOKUP__1,2025搜索,助手随机1k,1066,44,9998,998,10.662,4.409,-6.253,-7.523,-4.68,True,共有
SUBSTANCE_EFFICACY_LOOKUP__2,SUBSTANCE_EFFICACY_LOOKUP__2,2025搜索,助手随机1k,3063,96,9998,998,30.636,9.619,-21.017,-22.926,-18.837,True,共有
SYMPTOM_ATTRIBUTION_DIFFERENTIATION__1,SYMPTOM_ATTRIBUTION_DIFFERENTIATION__1,2025搜索,助手随机1k,123,36,9998,998,1.23,3.607,2.377,1.359,3.738,True,共有
SYMPTOM_ATTRIBUTION_DIFFERENTIATION__2,SYMPTOM_ATTRIBUTION_DIFFERENTIATION__2,2025搜索,助手随机1k,146,8,9998,998,1.46,0.802,-0.659,-1.128,0.143,False,共有
SYMPTOM_ATTRIBUTION_DIFFERENTIATION__3,SYMPTOM_ATTRIBUTION_DIFFERENTIATION__3,2025搜索,助手随机1k,127,53,9998,998,1.27,5.311,4.04,2.79,5.624,True,共有
SYMPTOM_ATTRIBUTION_DIFFERENTIATION__4,SYMPTOM_ATTRIBUTION_DIFFERENTIATION__4,2025搜索,助手随机1k,161,24,9998,998,1.61,2.405,0.794,-0.033,1.966,False,共有
SYMPTOM_ATTRIBUTION_DIFFERENTIATION__5,SYMPTOM_ATTRIBUTION_DIFFERENTIATION__5,2025搜索,助手随机1k,127,28,9998,998,1.27,2.806,1.535,0.645,2.771,True,共有
SYMPTOM_ATTRIBUTION_DIFFERENTIATION__6,SYMPTOM_ATTRIBUTION_DIFFERENTIATION__6,2025搜索,助手随机1k,324,4,9998,998,3.241,0.401,-2.84,-3.28,-2.133,True,共有
TREATMENT_SEEKING__1,TREATMENT_SEEKING__1,2025搜索,助手随机1k,386,28,9998,998,3.861,2.806,-1.055,-2.0,0.216,False,共有
TREATMENT_SEEKING__2,TREATMENT_SEEKING__2,2025搜索,助手随机1k,577,63,9998,998,5.771,6.313,0.541,-0.887,2.281,False,共有
ACCIDENTAL_INGESTION_FIRST_AID__1,ACCIDENTAL_INGESTION_FIRST_AID__1,2025搜索,助手语音头部1k,1,0,9998,1067,0.01,0.0,-0.01,-0.057,0.349,False,a独有
CARE_NAVIGATION_COST__1,CARE_NAVIGATION_COST__1,2025搜索,助手语音头部1k,28,1,9998,1067,0.28,0.094,-0.186,-0.333,0.257,False,共有
CARE_NAVIGATION_COST__2,CARE_NAVIGATION_COST__2,2025搜索,助手语音头部1k,155,7,9998,1067,1.55,0.656,-0.894,-1.321,-0.167,True,共有
CARE_NAVIGATION_COST__3,CARE_NAVIGATION_COST__3,2025搜索,助手语音头部1k,46,1,9998,1067,0.46,0.094,-0.366,-0.538,0.084,False,共有
CARE_NAVIGATION_COST__4,CARE_NAVIGATION_COST__4,2025搜索,助手语音头部1k,37,1,9998,1067,0.37,0.094,-0.276,-0.436,0.171,False,共有
COMPARISON_DIFFERENCE_VERDICT__1,COMPARISON_DIFFERENCE_VERDICT__1,2025搜索,助手语音头部1k,27,0,9998,1067,0.27,0.0,-0.27,-0.393,0.098,False,a独有
COMPARISON_DIFFERENCE_VERDICT__2,COMPARISON_DIFFERENCE_VERDICT__2,2025搜索,助手语音头部1k,10,0,9998,1067,0.1,0.0,-0.1,-0.184,0.262,False,a独有
COMPARISON_DIFFERENCE_VERDICT__3,COMPARISON_DIFFERENCE_VERDICT__3,2025搜索,助手语音头部1k,4,1,9998,1067,0.04,0.094,0.054,-0.046,0.49,False,共有
COMPARISON_DIFFERENCE_VERDICT__4,COMPARISON_DIFFERENCE_VERDICT__4,2025搜索,助手语音头部1k,10,0,9998,1067,0.1,0.0,-0.1,-0.184,0.262,False,a独有
COMPARISON_DIFFERENCE_VERDICT__5,COMPARISON_DIFFERENCE_VERDICT__5,2025搜索,助手语音头部1k,6,0,9998,1067,0.06,0.0,-0.06,-0.131,0.3,False,a独有
COMPARISON_DIFFERENCE_VERDICT__6,COMPARISON_DIFFERENCE_VERDICT__6,2025搜索,助手语音头部1k,8,0,9998,1067,0.08,0.0,-0.08,-0.158,0.281,False,a独有
DISEASE_CONCEPT_INFO__1,DISEASE_CONCEPT_INFO__1,2025搜索,助手语音头部1k,266,2,9998,1067,2.661,0.187,-2.473,-2.834,-1.897,True,共有
DISEASE_CONCEPT_INFO__2,DISEASE_CONCEPT_INFO__2,2025搜索,助手语音头部1k,592,6,9998,1067,5.921,0.562,-5.359,-5.927,-4.563,True,共有
DISEASE_CONCEPT_INFO__3,DISEASE_CONCEPT_INFO__3,2025搜索,助手语音头部1k,124,25,9998,1067,1.24,2.343,1.103,0.315,2.214,True,共有
DISEASE_CONCEPT_INFO__4,DISEASE_CONCEPT_INFO__4,2025搜索,助手语音头部1k,494,12,9998,1067,4.941,1.125,-3.816,-4.469,-2.891,True,共有
DISEASE_CONCEPT_INFO__5,DISEASE_CONCEPT_INFO__5,2025搜索,助手语音头部1k,585,225,9998,1067,5.851,21.087,15.236,12.846,17.823,True,共有
DISEASE_CONCEPT_INFO__6,DISEASE_CONCEPT_INFO__6,2025搜索,助手语音头部1k,167,11,9998,1067,1.67,1.031,-0.639,-1.168,0.199,False,共有
DOSAGE_ADMINISTRATION__1,DOSAGE_ADMINISTRATION__1,2025搜索,助手语音头部1k,20,0,9998,1067,0.2,0.0,-0.2,-0.309,0.166,False,a独有
DOSAGE_ADMINISTRATION__2,DOSAGE_ADMINISTRATION__2,2025搜索,助手语音头部1k,14,0,9998,1067,0.14,0.0,-0.14,-0.235,0.223,False,a独有
DOSAGE_ADMINISTRATION__3,DOSAGE_ADMINISTRATION__3,2025搜索,助手语音头部1k,27,0,9998,1067,0.27,0.0,-0.27,-0.393,0.098,False,a独有
DOSAGE_ADMINISTRATION__4,DOSAGE_ADMINISTRATION__4,2025搜索,助手语音头部1k,40,0,9998,1067,0.4,0.0,-0.4,-0.544,-0.026,True,a独有
DOSAGE_ADMINISTRATION__5,DOSAGE_ADMINISTRATION__5,2025搜索,助手语音头部1k,18,0,9998,1067,0.18,0.0,-0.18,-0.284,0.185,False,a独有
DOSAGE_ADMINISTRATION__6,DOSAGE_ADMINISTRATION__6,2025搜索,助手语音头部1k,27,0,9998,1067,0.27,0.0,-0.27,-0.393,0.098,False,a独有
EFFICACY_AUTHENTICITY_CHECK__1,EFFICACY_AUTHENTICITY_CHECK__1,2025搜索,助手语音头部1k,12,0,9998,1067,0.12,0.0,-0.12,-0.21,0.242,False,a独有
EFFICACY_AUTHENTICITY_CHECK__2,EFFICACY_AUTHENTICITY_CHECK__2,2025搜索,助手语音头部1k,5,1,9998,1067,0.05,0.094,0.044,-0.059,0.48,False,共有
EFFICACY_AUTHENTICITY_CHECK__3,EFFICACY_AUTHENTICITY_CHECK__3,2025搜索,助手语音头部1k,12,0,9998,1067,0.12,0.0,-0.12,-0.21,0.242,False,a独有
EFFICACY_AUTHENTICITY_CHECK__4,EFFICACY_AUTHENTICITY_CHECK__4,2025搜索,助手语音头部1k,19,4,9998,1067,0.19,0.375,0.185,-0.068,0.774,False,共有
NON_HEALTH_OTHER__1,NON_HEALTH_OTHER__1,2025搜索,助手语音头部1k,67,12,9998,1067,0.67,1.125,0.455,-0.058,1.297,False,共有
NON_HEALTH_OTHER__2,NON_HEALTH_OTHER__2,2025搜索,助手语音头部1k,109,96,9998,1067,1.09,8.997,7.907,6.318,9.783,True,共有
PERMISSION_CHECK__1,PERMISSION_CHECK__1,2025搜索,助手语音头部1k,47,4,9998,1067,0.47,0.375,-0.095,-0.371,0.501,False,共有
PERMISSION_CHECK__2,PERMISSION_CHECK__2,2025搜索,助手语音头部1k,85,26,9998,1067,0.85,2.437,1.587,0.793,2.708,True,共有
PHARMA_COMPANY_LOOKUP__1,PHARMA_COMPANY_LOOKUP__1,2025搜索,助手语音头部1k,46,4,9998,1067,0.46,0.375,-0.085,-0.361,0.511,False,共有
PROGNOSIS_CONTAGION_VERDICT__1,PROGNOSIS_CONTAGION_VERDICT__1,2025搜索,助手语音头部1k,4,3,9998,1067,0.04,0.281,0.241,0.045,0.784,True,共有
PROGNOSIS_CONTAGION_VERDICT__2,PROGNOSIS_CONTAGION_VERDICT__2,2025搜索,助手语音头部1k,23,1,9998,1067,0.23,0.094,-0.136,-0.275,0.306,False,共有
PROGNOSIS_CONTAGION_VERDICT__3,PROGNOSIS_CONTAGION_VERDICT__3,2025搜索,助手语音头部1k,22,0,9998,1067,0.22,0.0,-0.22,-0.333,0.146,False,a独有
PROGNOSIS_CONTAGION_VERDICT__4,PROGNOSIS_CONTAGION_VERDICT__4,2025搜索,助手语音头部1k,29,0,9998,1067,0.29,0.0,-0.29,-0.416,0.079,False,a独有
RECOVERY_TIMING__1,RECOVERY_TIMING__1,2025搜索,助手语音头部1k,39,0,9998,1067,0.39,0.0,-0.39,-0.533,-0.016,True,a独有
RECOVERY_TIMING__2,RECOVERY_TIMING__2,2025搜索,助手语音头部1k,29,0,9998,1067,0.29,0.0,-0.29,-0.416,0.079,False,a独有
REFERENCE_VALUE_CALCULATOR__1,REFERENCE_VALUE_CALCULATOR__1,2025搜索,助手语音头部1k,122,6,9998,1067,1.22,0.562,-0.658,-1.042,0.03,False,共有
REFERENCE_VALUE_CALCULATOR__2,REFERENCE_VALUE_CALCULATOR__2,2025搜索,助手语音头部1k,72,1,9998,1067,0.72,0.094,-0.626,-0.828,-0.167,True,共有
REFERENCE_VALUE_CALCULATOR__3,REFERENCE_VALUE_CALCULATOR__3,2025搜索,助手语音头部1k,27,0,9998,1067,0.27,0.0,-0.27,-0.393,0.098,False,a独有
REPRODUCTIVE_HEALTH__1,REPRODUCTIVE_HEALTH__1,2025搜索,助手语音头部1k,55,9,9998,1067,0.55,0.843,0.293,-0.139,1.056,False,共有
REPRODUCTIVE_HEALTH__2,REPRODUCTIVE_HEALTH__2,2025搜索,助手语音头部1k,105,2,9998,1067,1.05,0.187,-0.863,-1.121,-0.337,True,共有
RESULT_INTERPRETATION__1,RESULT_INTERPRETATION__1,2025搜索,助手语音头部1k,186,0,9998,1067,1.86,0.0,-1.86,-2.144,-1.425,True,a独有
RESULT_INTERPRETATION__2,RESULT_INTERPRETATION__2,2025搜索,助手语音头部1k,77,4,9998,1067,0.77,0.375,-0.395,-0.694,0.21,False,共有
SUBSTANCE_EFFICACY_LOOKUP__1,SUBSTANCE_EFFICACY_LOOKUP__1,2025搜索,助手语音头部1k,1066,315,9998,1067,10.662,29.522,18.86,16.129,21.728,True,共有
SUBSTANCE_EFFICACY_LOOKUP__2,SUBSTANCE_EFFICACY_LOOKUP__2,2025搜索,助手语音头部1k,3063,195,9998,1067,30.636,18.276,-12.361,-14.745,-9.769,True,共有
SYMPTOM_ATTRIBUTION_DIFFERENTIATION__1,SYMPTOM_ATTRIBUTION_DIFFERENTIATION__1,2025搜索,助手语音头部1k,123,13,9998,1067,1.23,1.218,-0.012,-0.569,0.866,False,共有
SYMPTOM_ATTRIBUTION_DIFFERENTIATION__2,SYMPTOM_ATTRIBUTION_DIFFERENTIATION__2,2025搜索,助手语音头部1k,146,15,9998,1067,1.46,1.406,-0.054,-0.662,0.872,False,共有
SYMPTOM_ATTRIBUTION_DIFFERENTIATION__3,SYMPTOM_ATTRIBUTION_DIFFERENTIATION__3,2025搜索,助手语音头部1k,127,24,9998,1067,1.27,2.249,0.979,0.208,2.074,True,共有
SYMPTOM_ATTRIBUTION_DIFFERENTIATION__4,SYMPTOM_ATTRIBUTION_DIFFERENTIATION__4,2025搜索,助手语音头部1k,161,10,9998,1067,1.61,0.937,-0.673,-1.176,0.139,False,共有
SYMPTOM_ATTRIBUTION_DIFFERENTIATION__5,SYMPTOM_ATTRIBUTION_DIFFERENTIATION__5,2025搜索,助手语音头部1k,127,3,9998,1067,1.27,0.281,-0.989,-1.292,-0.411,True,共有
SYMPTOM_ATTRIBUTION_DIFFERENTIATION__6,SYMPTOM_ATTRIBUTION_DIFFERENTIATION__6,2025搜索,助手语音头部1k,324,1,9998,1067,3.241,0.094,-3.147,-3.52,-2.601,True,共有
TREATMENT_SEEKING__1,TREATMENT_SEEKING__1,2025搜索,助手语音头部1k,386,13,9998,1067,3.861,1.218,-2.642,-3.284,-1.715,True,共有
TREATMENT_SEEKING__2,TREATMENT_SEEKING__2,2025搜索,助手语音头部1k,577,13,9998,1067,5.771,1.218,-4.553,-5.246,-3.591,True,共有
ACCIDENTAL_INGESTION_FIRST_AID__1,ACCIDENTAL_INGESTION_FIRST_AID__1,2025搜索,助手语音1k,1,0,9998,1000,0.01,0.0,-0.01,-0.057,0.373,False,a独有
CARE_NAVIGATION_COST__1,CARE_NAVIGATION_COST__1,2025搜索,助手语音1k,28,26,9998,1000,0.28,2.6,2.32,1.491,3.505,True,共有
CARE_NAVIGATION_COST__2,CARE_NAVIGATION_COST__2,2025搜索,助手语音1k,155,7,9998,1000,1.55,0.7,-0.85,-1.296,-0.079,True,共有
CARE_NAVIGATION_COST__3,CARE_NAVIGATION_COST__3,2025搜索,助手语音1k,46,5,9998,1000,0.46,0.5,0.04,-0.285,0.715,False,共有
CARE_NAVIGATION_COST__4,CARE_NAVIGATION_COST__4,2025搜索,助手语音1k,37,2,9998,1000,0.37,0.2,-0.17,-0.371,0.366,False,共有
COMPARISON_DIFFERENCE_VERDICT__1,COMPARISON_DIFFERENCE_VERDICT__1,2025搜索,助手语音1k,27,5,9998,1000,0.27,0.5,0.23,-0.081,0.9,False,共有
COMPARISON_DIFFERENCE_VERDICT__2,COMPARISON_DIFFERENCE_VERDICT__2,2025搜索,助手语音1k,10,7,9998,1000,0.1,0.7,0.6,0.23,1.339,True,共有
COMPARISON_DIFFERENCE_VERDICT__3,COMPARISON_DIFFERENCE_VERDICT__3,2025搜索,助手语音1k,4,5,9998,1000,0.04,0.5,0.46,0.167,1.126,True,共有
COMPARISON_DIFFERENCE_VERDICT__4,COMPARISON_DIFFERENCE_VERDICT__4,2025搜索,助手语音1k,10,3,9998,1000,0.1,0.3,0.2,-0.015,0.78,False,共有
COMPARISON_DIFFERENCE_VERDICT__5,COMPARISON_DIFFERENCE_VERDICT__5,2025搜索,助手语音1k,6,6,9998,1000,0.06,0.6,0.54,0.208,1.244,True,共有
COMPARISON_DIFFERENCE_VERDICT__6,COMPARISON_DIFFERENCE_VERDICT__6,2025搜索,助手语音1k,8,0,9998,1000,0.08,0.0,-0.08,-0.158,0.305,False,a独有
DISEASE_CONCEPT_INFO__1,DISEASE_CONCEPT_INFO__1,2025搜索,助手语音1k,266,3,9998,1000,2.661,0.3,-2.361,-2.749,-1.71,True,共有
DISEASE_CONCEPT_INFO__2,DISEASE_CONCEPT_INFO__2,2025搜索,助手语音1k,592,15,9998,1000,5.921,1.5,-4.421,-5.181,-3.363,True,共有
DISEASE_CONCEPT_INFO__3,DISEASE_CONCEPT_INFO__3,2025搜索,助手语音1k,124,9,9998,1000,1.24,0.9,-0.34,-0.827,0.486,False,共有
DISEASE_CONCEPT_INFO__4,DISEASE_CONCEPT_INFO__4,2025搜索,助手语音1k,494,51,9998,1000,4.941,5.1,0.159,-1.12,1.756,False,共有
DISEASE_CONCEPT_INFO__5,DISEASE_CONCEPT_INFO__5,2025搜索,助手语音1k,585,23,9998,1000,5.851,2.3,-3.551,-4.451,-2.34,True,共有
DISEASE_CONCEPT_INFO__6,DISEASE_CONCEPT_INFO__6,2025搜索,助手语音1k,167,3,9998,1000,1.67,0.3,-1.37,-1.705,-0.747,True,共有
DOSAGE_ADMINISTRATION__1,DOSAGE_ADMINISTRATION__1,2025搜索,助手语音1k,20,2,9998,1000,0.2,0.2,-0.0,-0.181,0.531,False,共有
DOSAGE_ADMINISTRATION__2,DOSAGE_ADMINISTRATION__2,2025搜索,助手语音1k,14,8,9998,1000,0.14,0.8,0.66,0.255,1.433,True,共有
DOSAGE_ADMINISTRATION__3,DOSAGE_ADMINISTRATION__3,2025搜索,助手语音1k,27,0,9998,1000,0.27,0.0,-0.27,-0.393,0.122,False,a独有
DOSAGE_ADMINISTRATION__4,DOSAGE_ADMINISTRATION__4,2025搜索,助手语音1k,40,6,9998,1000,0.4,0.6,0.2,-0.155,0.911,False,共有
DOSAGE_ADMINISTRATION__5,DOSAGE_ADMINISTRATION__5,2025搜索,助手语音1k,18,2,9998,1000,0.18,0.2,0.02,-0.159,0.55,False,共有
DOSAGE_ADMINISTRATION__6,DOSAGE_ADMINISTRATION__6,2025搜索,助手语音1k,27,5,9998,1000,0.27,0.5,0.23,-0.081,0.9,False,共有
EFFICACY_AUTHENTICITY_CHECK__1,EFFICACY_AUTHENTICITY_CHECK__1,2025搜索,助手语音1k,12,3,9998,1000,0.12,0.3,0.18,-0.037,0.761,False,共有
EFFICACY_AUTHENTICITY_CHECK__2,EFFICACY_AUTHENTICITY_CHECK__2,2025搜索,助手语音1k,5,5,9998,1000,0.05,0.5,0.45,0.156,1.116,True,共有
EFFICACY_AUTHENTICITY_CHECK__3,EFFICACY_AUTHENTICITY_CHECK__3,2025搜索,助手语音1k,12,2,9998,1000,0.12,0.2,0.08,-0.091,0.609,False,共有
EFFICACY_AUTHENTICITY_CHECK__4,EFFICACY_AUTHENTICITY_CHECK__4,2025搜索,助手语音1k,19,9,9998,1000,0.19,0.9,0.71,0.271,1.514,True,共有
NON_HEALTH_OTHER__1,NON_HEALTH_OTHER__1,2025搜索,助手语音1k,67,43,9998,1000,0.67,4.3,3.63,2.523,5.079,True,共有
NON_HEALTH_OTHER__2,NON_HEALTH_OTHER__2,2025搜索,助手语音1k,109,18,9998,1000,1.09,1.8,0.71,0.015,1.754,True,共有
PERMISSION_CHECK__1,PERMISSION_CHECK__1,2025搜索,助手语音1k,47,51,9998,1000,0.47,5.1,4.63,3.42,6.178,True,共有
PERMISSION_CHECK__2,PERMISSION_CHECK__2,2025搜索,助手语音1k,85,105,9998,1000,0.85,10.5,9.65,7.887,11.71,True,共有
PHARMA_COMPANY_LOOKUP__1,PHARMA_COMPANY_LOOKUP__1,2025搜索,助手语音1k,46,1,9998,1000,0.46,0.1,-0.36,-0.534,0.118,False,共有
PROGNOSIS_CONTAGION_VERDICT__1,PROGNOSIS_CONTAGION_VERDICT__1,2025搜索,助手语音1k,4,2,9998,1000,0.04,0.2,0.16,0.002,0.687,True,共有
PROGNOSIS_CONTAGION_VERDICT__2,PROGNOSIS_CONTAGION_VERDICT__2,2025搜索,助手语音1k,23,2,9998,1000,0.23,0.2,-0.03,-0.215,0.502,False,共有
PROGNOSIS_CONTAGION_VERDICT__3,PROGNOSIS_CONTAGION_VERDICT__3,2025搜索,助手语音1k,22,0,9998,1000,0.22,0.0,-0.22,-0.333,0.17,False,a独有
PROGNOSIS_CONTAGION_VERDICT__4,PROGNOSIS_CONTAGION_VERDICT__4,2025搜索,助手语音1k,29,1,9998,1000,0.29,0.1,-0.19,-0.341,0.282,False,共有
RECOVERY_TIMING__1,RECOVERY_TIMING__1,2025搜索,助手语音1k,39,8,9998,1000,0.39,0.8,0.41,-0.009,1.188,False,共有
RECOVERY_TIMING__2,RECOVERY_TIMING__2,2025搜索,助手语音1k,29,4,9998,1000,0.29,0.4,0.11,-0.165,0.74,False,共有
REFERENCE_VALUE_CALCULATOR__1,REFERENCE_VALUE_CALCULATOR__1,2025搜索,助手语音1k,122,7,9998,1000,1.22,0.7,-0.52,-0.95,0.243,False,共有
REFERENCE_VALUE_CALCULATOR__2,REFERENCE_VALUE_CALCULATOR__2,2025搜索,助手语音1k,72,7,9998,1000,0.72,0.7,-0.02,-0.426,0.732,False,共有
REFERENCE_VALUE_CALCULATOR__3,REFERENCE_VALUE_CALCULATOR__3,2025搜索,助手语音1k,27,5,9998,1000,0.27,0.5,0.23,-0.081,0.9,False,共有
REPRODUCTIVE_HEALTH__1,REPRODUCTIVE_HEALTH__1,2025搜索,助手语音1k,55,2,9998,1000,0.55,0.2,-0.35,-0.57,0.191,False,共有
REPRODUCTIVE_HEALTH__2,REPRODUCTIVE_HEALTH__2,2025搜索,助手语音1k,105,2,9998,1000,1.05,0.2,-0.85,-1.113,-0.293,True,共有
RESULT_INTERPRETATION__1,RESULT_INTERPRETATION__1,2025搜索,助手语音1k,186,3,9998,1000,1.86,0.3,-1.56,-1.906,-0.932,True,共有
RESULT_INTERPRETATION__2,RESULT_INTERPRETATION__2,2025搜索,助手语音1k,77,37,9998,1000,0.77,3.7,2.93,1.908,4.297,True,共有
SUBSTANCE_EFFICACY_LOOKUP__1,SUBSTANCE_EFFICACY_LOOKUP__1,2025搜索,助手语音1k,1066,54,9998,1000,10.662,5.4,-5.262,-6.647,-3.576,True,共有
SUBSTANCE_EFFICACY_LOOKUP__2,SUBSTANCE_EFFICACY_LOOKUP__2,2025搜索,助手语音1k,3063,193,9998,1000,30.636,19.3,-11.336,-13.835,-8.622,True,共有
SYMPTOM_ATTRIBUTION_DIFFERENTIATION__1,SYMPTOM_ATTRIBUTION_DIFFERENTIATION__1,2025搜索,助手语音1k,123,32,9998,1000,1.23,3.2,1.97,1.016,3.267,True,共有
SYMPTOM_ATTRIBUTION_DIFFERENTIATION__2,SYMPTOM_ATTRIBUTION_DIFFERENTIATION__2,2025搜索,助手语音1k,146,10,9998,1000,1.46,1.0,-0.46,-0.982,0.399,False,共有
SYMPTOM_ATTRIBUTION_DIFFERENTIATION__3,SYMPTOM_ATTRIBUTION_DIFFERENTIATION__3,2025搜索,助手语音1k,127,53,9998,1000,1.27,5.3,4.03,2.781,5.61,True,共有
SYMPTOM_ATTRIBUTION_DIFFERENTIATION__4,SYMPTOM_ATTRIBUTION_DIFFERENTIATION__4,2025搜索,助手语音1k,161,37,9998,1000,1.61,3.7,2.09,1.051,3.467,True,共有
SYMPTOM_ATTRIBUTION_DIFFERENTIATION__5,SYMPTOM_ATTRIBUTION_DIFFERENTIATION__5,2025搜索,助手语音1k,127,19,9998,1000,1.27,1.9,0.63,-0.091,1.697,False,共有
SYMPTOM_ATTRIBUTION_DIFFERENTIATION__6,SYMPTOM_ATTRIBUTION_DIFFERENTIATION__6,2025搜索,助手语音1k,324,12,9998,1000,3.241,1.2,-2.041,-2.67,-1.096,True,共有
TREATMENT_SEEKING__1,TREATMENT_SEEKING__1,2025搜索,助手语音1k,386,36,9998,1000,3.861,3.6,-0.261,-1.325,1.13,False,共有
TREATMENT_SEEKING__2,TREATMENT_SEEKING__2,2025搜索,助手语音1k,577,44,9998,1000,5.771,4.4,-1.371,-2.575,0.149,False,共有
ACCIDENTAL_INGESTION_FIRST_AID__1,ACCIDENTAL_INGESTION_FIRST_AID__1,2025搜索随机1w,2026搜索,3,1,10000,9998,0.03,0.01,-0.02,-0.079,0.031,False,共有
CARE_NAVIGATION_COST__1,CARE_NAVIGATION_COST__1,2025搜索随机1w,2026搜索,448,35,10000,9998,4.48,0.35,-4.13,-4.564,-3.718,True,共有
CARE_NAVIGATION_COST__2,CARE_NAVIGATION_COST__2,2025搜索随机1w,2026搜索,258,140,10000,9998,2.58,1.4,-1.18,-1.572,-0.795,True,共有
CARE_NAVIGATION_COST__3,CARE_NAVIGATION_COST__3,2025搜索随机1w,2026搜索,97,50,10000,9998,0.97,0.5,-0.47,-0.714,-0.234,True,共有
CARE_NAVIGATION_COST__4,CARE_NAVIGATION_COST__4,2025搜索随机1w,2026搜索,83,36,10000,9998,0.83,0.36,-0.47,-0.691,-0.259,True,共有
COMPARISON_DIFFERENCE_VERDICT__1,COMPARISON_DIFFERENCE_VERDICT__1,2025搜索随机1w,2026搜索,39,22,10000,9998,0.39,0.22,-0.17,-0.331,-0.016,True,共有
COMPARISON_DIFFERENCE_VERDICT__2,COMPARISON_DIFFERENCE_VERDICT__2,2025搜索随机1w,2026搜索,50,10,10000,9998,0.5,0.1,-0.4,-0.565,-0.253,True,共有
COMPARISON_DIFFERENCE_VERDICT__3,COMPARISON_DIFFERENCE_VERDICT__3,2025搜索随机1w,2026搜索,36,4,10000,9998,0.36,0.04,-0.32,-0.46,-0.202,True,共有
COMPARISON_DIFFERENCE_VERDICT__4,COMPARISON_DIFFERENCE_VERDICT__4,2025搜索随机1w,2026搜索,39,6,10000,9998,0.39,0.06,-0.33,-0.476,-0.204,True,共有
COMPARISON_DIFFERENCE_VERDICT__5,COMPARISON_DIFFERENCE_VERDICT__5,2025搜索随机1w,2026搜索,48,11,10000,9998,0.48,0.11,-0.37,-0.533,-0.224,True,共有
COMPARISON_DIFFERENCE_VERDICT__6,COMPARISON_DIFFERENCE_VERDICT__6,2025搜索随机1w,2026搜索,13,13,10000,9998,0.13,0.13,0.0,-0.107,0.107,False,共有
DISEASE_CONCEPT_INFO__1,DISEASE_CONCEPT_INFO__1,2025搜索随机1w,2026搜索,77,244,10000,9998,0.77,2.44,1.67,1.328,2.026,True,共有
DISEASE_CONCEPT_INFO__2,DISEASE_CONCEPT_INFO__2,2025搜索随机1w,2026搜索,122,604,10000,9998,1.22,6.041,4.821,4.313,5.344,True,共有
DISEASE_CONCEPT_INFO__3,DISEASE_CONCEPT_INFO__3,2025搜索随机1w,2026搜索,115,162,10000,9998,1.15,1.62,0.47,0.146,0.798,True,共有
DISEASE_CONCEPT_INFO__4,DISEASE_CONCEPT_INFO__4,2025搜索随机1w,2026搜索,661,482,10000,9998,6.61,4.821,-1.789,-2.434,-1.147,True,共有
DISEASE_CONCEPT_INFO__5,DISEASE_CONCEPT_INFO__5,2025搜索随机1w,2026搜索,201,370,10000,9998,2.01,3.701,1.691,1.232,2.156,True,共有
DISEASE_CONCEPT_INFO__6,DISEASE_CONCEPT_INFO__6,2025搜索随机1w,2026搜索,57,151,10000,9998,0.57,1.51,0.94,0.663,1.229,True,共有
DOSAGE_ADMINISTRATION__1,DOSAGE_ADMINISTRATION__1,2025搜索随机1w,2026搜索,18,28,10000,9998,0.18,0.28,0.1,-0.035,0.241,False,共有
DOSAGE_ADMINISTRATION__2,DOSAGE_ADMINISTRATION__2,2025搜索随机1w,2026搜索,53,26,10000,9998,0.53,0.26,-0.27,-0.452,-0.096,True,共有
DOSAGE_ADMINISTRATION__3,DOSAGE_ADMINISTRATION__3,2025搜索随机1w,2026搜索,27,44,10000,9998,0.27,0.44,0.17,0.004,0.342,True,共有
DOSAGE_ADMINISTRATION__4,DOSAGE_ADMINISTRATION__4,2025搜索随机1w,2026搜索,20,48,10000,9998,0.2,0.48,0.28,0.12,0.451,True,共有
DOSAGE_ADMINISTRATION__5,DOSAGE_ADMINISTRATION__5,2025搜索随机1w,2026搜索,16,26,10000,9998,0.16,0.26,0.1,-0.029,0.236,False,共有
DOSAGE_ADMINISTRATION__6,DOSAGE_ADMINISTRATION__6,2025搜索随机1w,2026搜索,53,28,10000,9998,0.53,0.28,-0.25,-0.434,-0.074,True,共有
EFFICACY_AUTHENTICITY_CHECK__1,EFFICACY_AUTHENTICITY_CHECK__1,2025搜索随机1w,2026搜索,58,12,10000,9998,0.58,0.12,-0.46,-0.637,-0.301,True,共有
EFFICACY_AUTHENTICITY_CHECK__2,EFFICACY_AUTHENTICITY_CHECK__2,2025搜索随机1w,2026搜索,60,33,10000,9998,0.6,0.33,-0.27,-0.466,-0.081,True,共有
EFFICACY_AUTHENTICITY_CHECK__3,EFFICACY_AUTHENTICITY_CHECK__3,2025搜索随机1w,2026搜索,17,12,10000,9998,0.17,0.12,-0.05,-0.164,0.06,False,共有
EFFICACY_AUTHENTICITY_CHECK__4,EFFICACY_AUTHENTICITY_CHECK__4,2025搜索随机1w,2026搜索,72,32,10000,9998,0.72,0.32,-0.4,-0.608,-0.202,True,共有
NON_HEALTH_OTHER__1,NON_HEALTH_OTHER__1,2025搜索随机1w,2026搜索,302,60,10000,9998,3.02,0.6,-2.42,-2.798,-2.059,True,共有
NON_HEALTH_OTHER__2,NON_HEALTH_OTHER__2,2025搜索随机1w,2026搜索,115,89,10000,9998,1.15,0.89,-0.26,-0.542,0.02,False,共有
PERMISSION_CHECK__1,PERMISSION_CHECK__1,2025搜索随机1w,2026搜索,657,45,10000,9998,6.57,0.45,-6.12,-6.635,-5.627,True,共有
PERMISSION_CHECK__2,PERMISSION_CHECK__2,2025搜索随机1w,2026搜索,584,103,10000,9998,5.84,1.03,-4.81,-5.319,-4.316,True,共有
PHARMA_COMPANY_LOOKUP__1,PHARMA_COMPANY_LOOKUP__1,2025搜索随机1w,2026搜索,3,73,10000,9998,0.03,0.73,0.7,0.54,0.888,True,共有
PROGNOSIS_CONTAGION_VERDICT__1,PROGNOSIS_CONTAGION_VERDICT__1,2025搜索随机1w,2026搜索,79,12,10000,9998,0.79,0.12,-0.67,-0.87,-0.49,True,共有
PROGNOSIS_CONTAGION_VERDICT__2,PROGNOSIS_CONTAGION_VERDICT__2,2025搜索随机1w,2026搜索,28,26,10000,9998,0.28,0.26,-0.02,-0.169,0.128,False,共有
PROGNOSIS_CONTAGION_VERDICT__3,PROGNOSIS_CONTAGION_VERDICT__3,2025搜索随机1w,2026搜索,18,22,10000,9998,0.18,0.22,0.04,-0.088,0.171,False,共有
PROGNOSIS_CONTAGION_VERDICT__4,PROGNOSIS_CONTAGION_VERDICT__4,2025搜索随机1w,2026搜索,15,34,10000,9998,0.15,0.34,0.19,0.053,0.337,True,共有
RECOVERY_TIMING__1,RECOVERY_TIMING__1,2025搜索随机1w,2026搜索,87,31,10000,9998,0.87,0.31,-0.56,-0.782,-0.351,True,共有
RECOVERY_TIMING__2,RECOVERY_TIMING__2,2025搜索随机1w,2026搜索,89,39,10000,9998,0.89,0.39,-0.5,-0.729,-0.281,True,共有
REFERENCE_VALUE_CALCULATOR__1,REFERENCE_VALUE_CALCULATOR__1,2025搜索随机1w,2026搜索,61,129,10000,9998,0.61,1.29,0.68,0.414,0.956,True,共有
REFERENCE_VALUE_CALCULATOR__2,REFERENCE_VALUE_CALCULATOR__2,2025搜索随机1w,2026搜索,118,74,10000,9998,1.18,0.74,-0.44,-0.715,-0.17,True,共有
REFERENCE_VALUE_CALCULATOR__3,REFERENCE_VALUE_CALCULATOR__3,2025搜索随机1w,2026搜索,79,32,10000,9998,0.79,0.32,-0.47,-0.685,-0.266,True,共有
REPRODUCTIVE_HEALTH__1,REPRODUCTIVE_HEALTH__1,2025搜索随机1w,2026搜索,201,47,10000,9998,2.01,0.47,-1.54,-1.856,-1.24,True,共有
REPRODUCTIVE_HEALTH__2,REPRODUCTIVE_HEALTH__2,2025搜索随机1w,2026搜索,168,67,10000,9998,1.68,0.67,-1.01,-1.316,-0.715,True,共有
RESULT_INTERPRETATION__1,RESULT_INTERPRETATION__1,2025搜索随机1w,2026搜索,97,159,10000,9998,0.97,1.59,0.62,0.31,0.937,True,共有
RESULT_INTERPRETATION__2,RESULT_INTERPRETATION__2,2025搜索随机1w,2026搜索,474,88,10000,9998,4.74,0.88,-3.86,-4.324,-3.412,True,共有
SUBSTANCE_EFFICACY_LOOKUP__1,SUBSTANCE_EFFICACY_LOOKUP__1,2025搜索随机1w,2026搜索,419,641,10000,9998,4.19,6.411,2.221,1.602,2.844,True,共有
SUBSTANCE_EFFICACY_LOOKUP__2,SUBSTANCE_EFFICACY_LOOKUP__2,2025搜索随机1w,2026搜索,1030,3735,10000,9998,10.3,37.357,27.057,25.934,28.173,True,共有
SYMPTOM_ATTRIBUTION_DIFFERENTIATION__1,SYMPTOM_ATTRIBUTION_DIFFERENTIATION__1,2025搜索随机1w,2026搜索,330,118,10000,9998,3.3,1.18,-2.12,-2.536,-1.715,True,共有
SYMPTOM_ATTRIBUTION_DIFFERENTIATION__2,SYMPTOM_ATTRIBUTION_DIFFERENTIATION__2,2025搜索随机1w,2026搜索,226,149,10000,9998,2.26,1.49,-0.77,-1.15,-0.395,True,共有
SYMPTOM_ATTRIBUTION_DIFFERENTIATION__3,SYMPTOM_ATTRIBUTION_DIFFERENTIATION__3,2025搜索随机1w,2026搜索,507,113,10000,9998,5.07,1.13,-3.94,-4.426,-3.469,True,共有
SYMPTOM_ATTRIBUTION_DIFFERENTIATION__4,SYMPTOM_ATTRIBUTION_DIFFERENTIATION__4,2025搜索随机1w,2026搜索,337,122,10000,9998,3.37,1.22,-2.15,-2.571,-1.74,True,共有
SYMPTOM_ATTRIBUTION_DIFFERENTIATION__5,SYMPTOM_ATTRIBUTION_DIFFERENTIATION__5,2025搜索随机1w,2026搜索,207,106,10000,9998,2.07,1.06,-1.01,-1.359,-0.668,True,共有
SYMPTOM_ATTRIBUTION_DIFFERENTIATION__6,SYMPTOM_ATTRIBUTION_DIFFERENTIATION__6,2025搜索随机1w,2026搜索,159,305,10000,9998,1.59,3.051,1.461,1.046,1.883,True,共有
TREATMENT_SEEKING__1,TREATMENT_SEEKING__1,2025搜索随机1w,2026搜索,306,389,10000,9998,3.06,3.891,0.831,0.323,1.341,True,共有
TREATMENT_SEEKING__2,TREATMENT_SEEKING__2,2025搜索随机1w,2026搜索,563,560,10000,9998,5.63,5.601,-0.029,-0.668,0.61,False,共有
ACCIDENTAL_INGESTION_FIRST_AID__1,ACCIDENTAL_INGESTION_FIRST_AID__1,2025搜索随机1w,2026搜索随机1w,3,1,10000,10000,0.03,0.01,-0.02,-0.079,0.031,False,共有
CARE_NAVIGATION_COST__1,CARE_NAVIGATION_COST__1,2025搜索随机1w,2026搜索随机1w,448,504,10000,10000,4.48,5.04,0.56,-0.03,1.152,False,共有
CARE_NAVIGATION_COST__2,CARE_NAVIGATION_COST__2,2025搜索随机1w,2026搜索随机1w,258,313,10000,10000,2.58,3.13,0.55,0.088,1.014,True,共有
CARE_NAVIGATION_COST__3,CARE_NAVIGATION_COST__3,2025搜索随机1w,2026搜索随机1w,97,87,10000,10000,0.97,0.87,-0.1,-0.368,0.167,False,共有
CARE_NAVIGATION_COST__4,CARE_NAVIGATION_COST__4,2025搜索随机1w,2026搜索随机1w,83,88,10000,10000,0.83,0.88,0.05,-0.208,0.308,False,共有
COMPARISON_DIFFERENCE_VERDICT__1,COMPARISON_DIFFERENCE_VERDICT__1,2025搜索随机1w,2026搜索随机1w,39,31,10000,10000,0.39,0.31,-0.08,-0.249,0.087,False,共有
COMPARISON_DIFFERENCE_VERDICT__2,COMPARISON_DIFFERENCE_VERDICT__2,2025搜索随机1w,2026搜索随机1w,50,61,10000,10000,0.5,0.61,0.11,-0.098,0.321,False,共有
COMPARISON_DIFFERENCE_VERDICT__3,COMPARISON_DIFFERENCE_VERDICT__3,2025搜索随机1w,2026搜索随机1w,36,35,10000,10000,0.36,0.35,-0.01,-0.179,0.159,False,共有
COMPARISON_DIFFERENCE_VERDICT__4,COMPARISON_DIFFERENCE_VERDICT__4,2025搜索随机1w,2026搜索随机1w,39,44,10000,10000,0.39,0.44,0.05,-0.131,0.233,False,共有
COMPARISON_DIFFERENCE_VERDICT__5,COMPARISON_DIFFERENCE_VERDICT__5,2025搜索随机1w,2026搜索随机1w,48,39,10000,10000,0.48,0.39,-0.09,-0.278,0.095,False,共有
COMPARISON_DIFFERENCE_VERDICT__6,COMPARISON_DIFFERENCE_VERDICT__6,2025搜索随机1w,2026搜索随机1w,13,18,10000,10000,0.13,0.18,0.05,-0.064,0.168,False,共有
DISEASE_CONCEPT_INFO__1,DISEASE_CONCEPT_INFO__1,2025搜索随机1w,2026搜索随机1w,77,61,10000,10000,0.77,0.61,-0.16,-0.394,0.071,False,共有
DISEASE_CONCEPT_INFO__2,DISEASE_CONCEPT_INFO__2,2025搜索随机1w,2026搜索随机1w,122,100,10000,10000,1.22,1.0,-0.22,-0.514,0.072,False,共有
DISEASE_CONCEPT_INFO__3,DISEASE_CONCEPT_INFO__3,2025搜索随机1w,2026搜索随机1w,115,101,10000,10000,1.15,1.01,-0.14,-0.43,0.148,False,共有
DISEASE_CONCEPT_INFO__4,DISEASE_CONCEPT_INFO__4,2025搜索随机1w,2026搜索随机1w,661,626,10000,10000,6.61,6.26,-0.35,-1.031,0.331,False,共有
DISEASE_CONCEPT_INFO__5,DISEASE_CONCEPT_INFO__5,2025搜索随机1w,2026搜索随机1w,201,156,10000,10000,2.01,1.56,-0.45,-0.82,-0.083,True,共有
DISEASE_CONCEPT_INFO__6,DISEASE_CONCEPT_INFO__6,2025搜索随机1w,2026搜索随机1w,57,56,10000,10000,0.57,0.56,-0.01,-0.221,0.201,False,共有
DOSAGE_ADMINISTRATION__1,DOSAGE_ADMINISTRATION__1,2025搜索随机1w,2026搜索随机1w,18,7,10000,10000,0.18,0.07,-0.11,-0.22,-0.01,True,共有
DOSAGE_ADMINISTRATION__2,DOSAGE_ADMINISTRATION__2,2025搜索随机1w,2026搜索随机1w,53,42,10000,10000,0.53,0.42,-0.11,-0.306,0.083,False,共有
DOSAGE_ADMINISTRATION__3,DOSAGE_ADMINISTRATION__3,2025搜索随机1w,2026搜索随机1w,27,33,10000,10000,0.27,0.33,0.06,-0.095,0.218,False,共有
DOSAGE_ADMINISTRATION__4,DOSAGE_ADMINISTRATION__4,2025搜索随机1w,2026搜索随机1w,20,34,10000,10000,0.2,0.34,0.14,-0.005,0.292,False,共有
DOSAGE_ADMINISTRATION__5,DOSAGE_ADMINISTRATION__5,2025搜索随机1w,2026搜索随机1w,16,16,10000,10000,0.16,0.16,0.0,-0.117,0.117,False,共有
DOSAGE_ADMINISTRATION__6,DOSAGE_ADMINISTRATION__6,2025搜索随机1w,2026搜索随机1w,53,66,10000,10000,0.53,0.66,0.13,-0.085,0.348,False,共有
EFFICACY_AUTHENTICITY_CHECK__1,EFFICACY_AUTHENTICITY_CHECK__1,2025搜索随机1w,2026搜索随机1w,58,48,10000,10000,0.58,0.48,-0.1,-0.306,0.104,False,共有
EFFICACY_AUTHENTICITY_CHECK__2,EFFICACY_AUTHENTICITY_CHECK__2,2025搜索随机1w,2026搜索随机1w,60,56,10000,10000,0.6,0.56,-0.04,-0.254,0.173,False,共有
EFFICACY_AUTHENTICITY_CHECK__3,EFFICACY_AUTHENTICITY_CHECK__3,2025搜索随机1w,2026搜索随机1w,17,25,10000,10000,0.17,0.25,0.08,-0.05,0.215,False,共有
EFFICACY_AUTHENTICITY_CHECK__4,EFFICACY_AUTHENTICITY_CHECK__4,2025搜索随机1w,2026搜索随机1w,72,81,10000,10000,0.72,0.81,0.09,-0.154,0.335,False,共有
NON_HEALTH_OTHER__1,NON_HEALTH_OTHER__1,2025搜索随机1w,2026搜索随机1w,302,290,10000,10000,3.02,2.9,-0.12,-0.591,0.351,False,共有
NON_HEALTH_OTHER__2,NON_HEALTH_OTHER__2,2025搜索随机1w,2026搜索随机1w,115,136,10000,10000,1.15,1.36,0.21,-0.1,0.522,False,共有
PERMISSION_CHECK__1,PERMISSION_CHECK__1,2025搜索随机1w,2026搜索随机1w,657,670,10000,10000,6.57,6.7,0.13,-0.56,0.821,False,共有
PERMISSION_CHECK__2,PERMISSION_CHECK__2,2025搜索随机1w,2026搜索随机1w,584,711,10000,10000,5.84,7.11,1.27,0.588,1.953,True,共有
PHARMA_COMPANY_LOOKUP__1,PHARMA_COMPANY_LOOKUP__1,2025搜索随机1w,2026搜索随机1w,3,3,10000,10000,0.03,0.03,0.0,-0.061,0.061,False,共有
PROGNOSIS_CONTAGION_VERDICT__1,PROGNOSIS_CONTAGION_VERDICT__1,2025搜索随机1w,2026搜索随机1w,79,68,10000,10000,0.79,0.68,-0.11,-0.351,0.129,False,共有
PROGNOSIS_CONTAGION_VERDICT__2,PROGNOSIS_CONTAGION_VERDICT__2,2025搜索随机1w,2026搜索随机1w,28,17,10000,10000,0.28,0.17,-0.11,-0.25,0.024,False,共有
PROGNOSIS_CONTAGION_VERDICT__3,PROGNOSIS_CONTAGION_VERDICT__3,2025搜索随机1w,2026搜索随机1w,18,12,10000,10000,0.18,0.12,-0.06,-0.176,0.051,False,共有
PROGNOSIS_CONTAGION_VERDICT__4,PROGNOSIS_CONTAGION_VERDICT__4,2025搜索随机1w,2026搜索随机1w,15,19,10000,10000,0.15,0.19,0.04,-0.079,0.162,False,共有
RECOVERY_TIMING__1,RECOVERY_TIMING__1,2025搜索随机1w,2026搜索随机1w,87,84,10000,10000,0.87,0.84,-0.03,-0.288,0.228,False,共有
RECOVERY_TIMING__2,RECOVERY_TIMING__2,2025搜索随机1w,2026搜索随机1w,89,97,10000,10000,0.89,0.97,0.08,-0.188,0.349,False,共有
REFERENCE_VALUE_CALCULATOR__1,REFERENCE_VALUE_CALCULATOR__1,2025搜索随机1w,2026搜索随机1w,61,59,10000,10000,0.61,0.59,-0.02,-0.238,0.197,False,共有
REFERENCE_VALUE_CALCULATOR__2,REFERENCE_VALUE_CALCULATOR__2,2025搜索随机1w,2026搜索随机1w,118,87,10000,10000,1.18,0.87,-0.31,-0.593,-0.03,True,共有
REFERENCE_VALUE_CALCULATOR__3,REFERENCE_VALUE_CALCULATOR__3,2025搜索随机1w,2026搜索随机1w,79,76,10000,10000,0.79,0.76,-0.03,-0.276,0.216,False,共有
REPRODUCTIVE_HEALTH__1,REPRODUCTIVE_HEALTH__1,2025搜索随机1w,2026搜索随机1w,201,147,10000,10000,2.01,1.47,-0.54,-0.906,-0.178,True,共有
REPRODUCTIVE_HEALTH__2,REPRODUCTIVE_HEALTH__2,2025搜索随机1w,2026搜索随机1w,168,135,10000,10000,1.68,1.35,-0.33,-0.672,0.009,False,共有
RESULT_INTERPRETATION__1,RESULT_INTERPRETATION__1,2025搜索随机1w,2026搜索随机1w,97,69,10000,10000,0.97,0.69,-0.28,-0.536,-0.028,True,共有
RESULT_INTERPRETATION__2,RESULT_INTERPRETATION__2,2025搜索随机1w,2026搜索随机1w,474,528,10000,10000,4.74,5.28,0.54,-0.065,1.146,False,共有
SUBSTANCE_EFFICACY_LOOKUP__1,SUBSTANCE_EFFICACY_LOOKUP__1,2025搜索随机1w,2026搜索随机1w,419,435,10000,10000,4.19,4.35,0.16,-0.401,0.722,False,共有
SUBSTANCE_EFFICACY_LOOKUP__2,SUBSTANCE_EFFICACY_LOOKUP__2,2025搜索随机1w,2026搜索随机1w,1030,1024,10000,10000,10.3,10.24,-0.06,-0.902,0.782,False,共有
SYMPTOM_ATTRIBUTION_DIFFERENTIATION__1,SYMPTOM_ATTRIBUTION_DIFFERENTIATION__1,2025搜索随机1w,2026搜索随机1w,330,320,10000,10000,3.3,3.2,-0.1,-0.593,0.393,False,共有
SYMPTOM_ATTRIBUTION_DIFFERENTIATION__2,SYMPTOM_ATTRIBUTION_DIFFERENTIATION__2,2025搜索随机1w,2026搜索随机1w,226,212,10000,10000,2.26,2.12,-0.14,-0.548,0.267,False,共有
SYMPTOM_ATTRIBUTION_DIFFERENTIATION__3,SYMPTOM_ATTRIBUTION_DIFFERENTIATION__3,2025搜索随机1w,2026搜索随机1w,507,538,10000,10000,5.07,5.38,0.31,-0.307,0.928,False,共有
SYMPTOM_ATTRIBUTION_DIFFERENTIATION__4,SYMPTOM_ATTRIBUTION_DIFFERENTIATION__4,2025搜索随机1w,2026搜索随机1w,337,323,10000,10000,3.37,3.23,-0.14,-0.637,0.356,False,共有
SYMPTOM_ATTRIBUTION_DIFFERENTIATION__5,SYMPTOM_ATTRIBUTION_DIFFERENTIATION__5,2025搜索随机1w,2026搜索随机1w,207,235,10000,10000,2.07,2.35,0.28,-0.128,0.69,False,共有
SYMPTOM_ATTRIBUTION_DIFFERENTIATION__6,SYMPTOM_ATTRIBUTION_DIFFERENTIATION__6,2025搜索随机1w,2026搜索随机1w,159,103,10000,10000,1.59,1.03,-0.56,-0.88,-0.245,True,共有
TREATMENT_SEEKING__1,TREATMENT_SEEKING__1,2025搜索随机1w,2026搜索随机1w,306,338,10000,10000,3.06,3.38,0.32,-0.17,0.811,False,共有
TREATMENT_SEEKING__2,TREATMENT_SEEKING__2,2025搜索随机1w,2026搜索随机1w,563,535,10000,10000,5.63,5.35,-0.28,-0.912,0.352,False,共有
ACCIDENTAL_INGESTION_FIRST_AID__1,ACCIDENTAL_INGESTION_FIRST_AID__1,2025搜索随机1w,助手头部1k,3,0,10000,958,0.03,0.0,-0.03,-0.088,0.37,False,a独有
CARE_NAVIGATION_COST__1,CARE_NAVIGATION_COST__1,2025搜索随机1w,助手头部1k,448,30,10000,958,4.48,3.132,-1.348,-2.37,0.012,False,共有
CARE_NAVIGATION_COST__2,CARE_NAVIGATION_COST__2,2025搜索随机1w,助手头部1k,258,39,10000,958,2.58,4.071,1.491,0.363,2.966,True,共有
CARE_NAVIGATION_COST__3,CARE_NAVIGATION_COST__3,2025搜索随机1w,助手头部1k,97,17,10000,958,0.97,1.775,0.805,0.108,1.868,True,共有
CARE_NAVIGATION_COST__4,CARE_NAVIGATION_COST__4,2025搜索随机1w,助手头部1k,83,7,10000,958,0.83,0.731,-0.099,-0.524,0.687,False,共有
COMPARISON_DIFFERENCE_VERDICT__1,COMPARISON_DIFFERENCE_VERDICT__1,2025搜索随机1w,助手头部1k,39,1,10000,958,0.39,0.104,-0.286,-0.452,0.21,False,共有
COMPARISON_DIFFERENCE_VERDICT__2,COMPARISON_DIFFERENCE_VERDICT__2,2025搜索随机1w,助手头部1k,50,0,10000,958,0.5,0.0,-0.5,-0.659,-0.083,True,a独有
COMPARISON_DIFFERENCE_VERDICT__3,COMPARISON_DIFFERENCE_VERDICT__3,2025搜索随机1w,助手头部1k,36,0,10000,958,0.36,0.0,-0.36,-0.498,0.052,False,a独有
COMPARISON_DIFFERENCE_VERDICT__4,COMPARISON_DIFFERENCE_VERDICT__4,2025搜索随机1w,助手头部1k,39,0,10000,958,0.39,0.0,-0.39,-0.533,0.023,False,a独有
COMPARISON_DIFFERENCE_VERDICT__5,COMPARISON_DIFFERENCE_VERDICT__5,2025搜索随机1w,助手头部1k,48,2,10000,958,0.48,0.209,-0.271,-0.489,0.29,False,共有
COMPARISON_DIFFERENCE_VERDICT__6,COMPARISON_DIFFERENCE_VERDICT__6,2025搜索随机1w,助手头部1k,13,1,10000,958,0.13,0.104,-0.026,-0.152,0.462,False,共有
DISEASE_CONCEPT_INFO__1,DISEASE_CONCEPT_INFO__1,2025搜索随机1w,助手头部1k,77,14,10000,958,0.77,1.461,0.691,0.072,1.68,True,共有
DISEASE_CONCEPT_INFO__2,DISEASE_CONCEPT_INFO__2,2025搜索随机1w,助手头部1k,122,47,10000,958,1.22,4.906,3.686,2.467,5.255,True,共有
DISEASE_CONCEPT_INFO__3,DISEASE_CONCEPT_INFO__3,2025搜索随机1w,助手头部1k,115,8,10000,958,1.15,0.835,-0.315,-0.785,0.511,False,共有
DISEASE_CONCEPT_INFO__4,DISEASE_CONCEPT_INFO__4,2025搜索随机1w,助手头部1k,661,20,10000,958,6.61,2.088,-4.522,-5.411,-3.312,True,共有
DISEASE_CONCEPT_INFO__5,DISEASE_CONCEPT_INFO__5,2025搜索随机1w,助手头部1k,201,67,10000,958,2.01,6.994,4.984,3.505,6.795,True,共有
DISEASE_CONCEPT_INFO__6,DISEASE_CONCEPT_INFO__6,2025搜索随机1w,助手头部1k,57,21,10000,958,0.57,2.192,1.622,0.85,2.765,True,共有
DOSAGE_ADMINISTRATION__1,DOSAGE_ADMINISTRATION__1,2025搜索随机1w,助手头部1k,18,1,10000,958,0.18,0.104,-0.076,-0.211,0.413,False,共有
DOSAGE_ADMINISTRATION__2,DOSAGE_ADMINISTRATION__2,2025搜索随机1w,助手头部1k,53,0,10000,958,0.53,0.0,-0.53,-0.693,-0.112,True,a独有
DOSAGE_ADMINISTRATION__3,DOSAGE_ADMINISTRATION__3,2025搜索随机1w,助手头部1k,27,1,10000,958,0.27,0.104,-0.166,-0.315,0.326,False,共有
DOSAGE_ADMINISTRATION__4,DOSAGE_ADMINISTRATION__4,2025搜索随机1w,助手头部1k,20,5,10000,958,0.2,0.522,0.322,0.004,1.019,True,共有
DOSAGE_ADMINISTRATION__5,DOSAGE_ADMINISTRATION__5,2025搜索随机1w,助手头部1k,16,0,10000,958,0.16,0.0,-0.16,-0.26,0.244,False,a独有
DOSAGE_ADMINISTRATION__6,DOSAGE_ADMINISTRATION__6,2025搜索随机1w,助手头部1k,53,1,10000,958,0.53,0.104,-0.426,-0.609,0.075,False,共有
EFFICACY_AUTHENTICITY_CHECK__1,EFFICACY_AUTHENTICITY_CHECK__1,2025搜索随机1w,助手头部1k,58,0,10000,958,0.58,0.0,-0.58,-0.749,-0.16,True,a独有
EFFICACY_AUTHENTICITY_CHECK__2,EFFICACY_AUTHENTICITY_CHECK__2,2025搜索随机1w,助手头部1k,60,0,10000,958,0.6,0.0,-0.6,-0.771,-0.179,True,a独有
EFFICACY_AUTHENTICITY_CHECK__3,EFFICACY_AUTHENTICITY_CHECK__3,2025搜索随机1w,助手头部1k,17,1,10000,958,0.17,0.104,-0.066,-0.199,0.423,False,共有
EFFICACY_AUTHENTICITY_CHECK__4,EFFICACY_AUTHENTICITY_CHECK__4,2025搜索随机1w,助手头部1k,72,2,10000,958,0.72,0.209,-0.511,-0.751,0.058,False,共有
NON_HEALTH_OTHER__1,NON_HEALTH_OTHER__1,2025搜索随机1w,助手头部1k,302,42,10000,958,3.02,4.384,1.364,0.185,2.887,True,共有
NON_HEALTH_OTHER__2,NON_HEALTH_OTHER__2,2025搜索随机1w,助手头部1k,115,72,10000,958,1.15,7.516,6.366,4.843,8.22,True,共有
PERMISSION_CHECK__1,PERMISSION_CHECK__1,2025搜索随机1w,助手头部1k,657,5,10000,958,6.57,0.522,-6.048,-6.633,-5.21,True,共有
PERMISSION_CHECK__2,PERMISSION_CHECK__2,2025搜索随机1w,助手头部1k,584,8,10000,958,5.84,0.835,-5.005,-5.635,-4.087,True,共有
PHARMA_COMPANY_LOOKUP__1,PHARMA_COMPANY_LOOKUP__1,2025搜索随机1w,助手头部1k,3,1,10000,958,0.03,0.104,0.074,-0.029,0.559,False,共有
PROGNOSIS_CONTAGION_VERDICT__1,PROGNOSIS_CONTAGION_VERDICT__1,2025搜索随机1w,助手头部1k,79,2,10000,958,0.79,0.209,-0.581,-0.827,-0.01,True,共有
PROGNOSIS_CONTAGION_VERDICT__2,PROGNOSIS_CONTAGION_VERDICT__2,2025搜索随机1w,助手头部1k,28,1,10000,958,0.28,0.104,-0.176,-0.327,0.316,False,共有
PROGNOSIS_CONTAGION_VERDICT__3,PROGNOSIS_CONTAGION_VERDICT__3,2025搜索随机1w,助手头部1k,18,4,10000,958,0.18,0.418,0.238,-0.038,0.892,False,共有
PROGNOSIS_CONTAGION_VERDICT__4,PROGNOSIS_CONTAGION_VERDICT__4,2025搜索随机1w,助手头部1k,15,0,10000,958,0.15,0.0,-0.15,-0.247,0.254,False,a独有
RECOVERY_TIMING__1,RECOVERY_TIMING__1,2025搜索随机1w,助手头部1k,87,3,10000,958,0.87,0.313,-0.557,-0.846,0.069,False,共有
RECOVERY_TIMING__2,RECOVERY_TIMING__2,2025搜索随机1w,助手头部1k,89,3,10000,958,0.89,0.313,-0.577,-0.867,0.049,False,共有
REFERENCE_VALUE_CALCULATOR__1,REFERENCE_VALUE_CALCULATOR__1,2025搜索随机1w,助手头部1k,61,11,10000,958,0.61,1.148,0.538,0.004,1.444,True,共有
REFERENCE_VALUE_CALCULATOR__2,REFERENCE_VALUE_CALCULATOR__2,2025搜索随机1w,助手头部1k,118,12,10000,958,1.18,1.253,0.073,-0.51,1.017,False,共有
REFERENCE_VALUE_CALCULATOR__3,REFERENCE_VALUE_CALCULATOR__3,2025搜索随机1w,助手头部1k,79,3,10000,958,0.79,0.313,-0.477,-0.76,0.146,False,共有
REPRODUCTIVE_HEALTH__1,REPRODUCTIVE_HEALTH__1,2025搜索随机1w,助手头部1k,201,17,10000,958,2.01,1.775,-0.235,-0.961,0.845,False,共有
REPRODUCTIVE_HEALTH__2,REPRODUCTIVE_HEALTH__2,2025搜索随机1w,助手头部1k,168,8,10000,958,1.68,0.835,-0.845,-1.338,-0.008,True,共有
RESULT_INTERPRETATION__1,RESULT_INTERPRETATION__1,2025搜索随机1w,助手头部1k,97,3,10000,958,0.97,0.313,-0.657,-0.953,-0.029,True,共有
RESULT_INTERPRETATION__2,RESULT_INTERPRETATION__2,2025搜索随机1w,助手头部1k,474,2,10000,958,4.74,0.209,-4.531,-4.991,-3.852,True,共有
SUBSTANCE_EFFICACY_LOOKUP__1,SUBSTANCE_EFFICACY_LOOKUP__1,2025搜索随机1w,助手头部1k,419,91,10000,958,4.19,9.499,5.309,3.562,7.365,True,共有
SUBSTANCE_EFFICACY_LOOKUP__2,SUBSTANCE_EFFICACY_LOOKUP__2,2025搜索随机1w,助手头部1k,1030,201,10000,958,10.3,20.981,10.681,8.147,13.435,True,共有
SYMPTOM_ATTRIBUTION_DIFFERENTIATION__1,SYMPTOM_ATTRIBUTION_DIFFERENTIATION__1,2025搜索随机1w,助手头部1k,330,10,10000,958,3.3,1.044,-2.256,-2.858,-1.328,True,共有
SYMPTOM_ATTRIBUTION_DIFFERENTIATION__2,SYMPTOM_ATTRIBUTION_DIFFERENTIATION__2,2025搜索随机1w,助手头部1k,226,8,10000,958,2.26,0.835,-1.425,-1.94,-0.576,True,共有
SYMPTOM_ATTRIBUTION_DIFFERENTIATION__3,SYMPTOM_ATTRIBUTION_DIFFERENTIATION__3,2025搜索随机1w,助手头部1k,507,24,10000,958,5.07,2.505,-2.565,-3.495,-1.3,True,共有
SYMPTOM_ATTRIBUTION_DIFFERENTIATION__4,SYMPTOM_ATTRIBUTION_DIFFERENTIATION__4,2025搜索随机1w,助手头部1k,337,13,10000,958,3.37,1.357,-2.013,-2.687,-1.005,True,共有
SYMPTOM_ATTRIBUTION_DIFFERENTIATION__5,SYMPTOM_ATTRIBUTION_DIFFERENTIATION__5,2025搜索随机1w,助手头部1k,207,13,10000,958,2.07,1.357,-0.713,-1.349,0.273,False,共有
SYMPTOM_ATTRIBUTION_DIFFERENTIATION__6,SYMPTOM_ATTRIBUTION_DIFFERENTIATION__6,2025搜索随机1w,助手头部1k,159,12,10000,958,1.59,1.253,-0.337,-0.934,0.614,False,共有
TREATMENT_SEEKING__1,TREATMENT_SEEKING__1,2025搜索随机1w,助手头部1k,306,42,10000,958,3.06,4.384,1.324,0.145,2.847,True,共有
TREATMENT_SEEKING__2,TREATMENT_SEEKING__2,2025搜索随机1w,助手头部1k,563,62,10000,958,5.63,6.472,0.842,-0.626,2.634,False,共有
ACCIDENTAL_INGESTION_FIRST_AID__1,ACCIDENTAL_INGESTION_FIRST_AID__1,2025搜索随机1w,助手随机1k,3,0,10000,998,0.03,0.0,-0.03,-0.088,0.354,False,a独有
CARE_NAVIGATION_COST__1,CARE_NAVIGATION_COST__1,2025搜索随机1w,助手随机1k,448,45,10000,998,4.48,4.509,0.029,-1.17,1.551,False,共有
CARE_NAVIGATION_COST__2,CARE_NAVIGATION_COST__2,2025搜索随机1w,助手随机1k,258,5,10000,998,2.58,0.501,-2.079,-2.516,-1.351,True,共有
CARE_NAVIGATION_COST__3,CARE_NAVIGATION_COST__3,2025搜索随机1w,助手随机1k,97,20,10000,998,0.97,2.004,1.034,0.3,2.119,True,共有
CARE_NAVIGATION_COST__4,CARE_NAVIGATION_COST__4,2025搜索随机1w,助手随机1k,83,5,10000,998,0.83,0.501,-0.329,-0.677,0.356,False,共有
COMPARISON_DIFFERENCE_VERDICT__1,COMPARISON_DIFFERENCE_VERDICT__1,2025搜索随机1w,助手随机1k,39,3,10000,998,0.39,0.301,-0.089,-0.334,0.499,False,共有
COMPARISON_DIFFERENCE_VERDICT__2,COMPARISON_DIFFERENCE_VERDICT__2,2025搜索随机1w,助手随机1k,50,8,10000,998,0.5,0.802,0.302,-0.124,1.083,False,共有
COMPARISON_DIFFERENCE_VERDICT__3,COMPARISON_DIFFERENCE_VERDICT__3,2025搜索随机1w,助手随机1k,36,3,10000,998,0.36,0.301,-0.059,-0.301,0.529,False,共有
COMPARISON_DIFFERENCE_VERDICT__4,COMPARISON_DIFFERENCE_VERDICT__4,2025搜索随机1w,助手随机1k,39,5,10000,998,0.39,0.501,0.111,-0.209,0.786,False,共有
COMPARISON_DIFFERENCE_VERDICT__5,COMPARISON_DIFFERENCE_VERDICT__5,2025搜索随机1w,助手随机1k,48,2,10000,998,0.48,0.2,-0.28,-0.493,0.261,False,共有
COMPARISON_DIFFERENCE_VERDICT__6,COMPARISON_DIFFERENCE_VERDICT__6,2025搜索随机1w,助手随机1k,13,4,10000,998,0.13,0.401,0.271,0.009,0.898,True,共有
DISEASE_CONCEPT_INFO__1,DISEASE_CONCEPT_INFO__1,2025搜索随机1w,助手随机1k,77,8,10000,998,0.77,0.802,0.032,-0.407,0.819,False,共有
DISEASE_CONCEPT_INFO__2,DISEASE_CONCEPT_INFO__2,2025搜索随机1w,助手随机1k,122,9,10000,998,1.22,0.902,-0.318,-0.805,0.509,False,共有
DISEASE_CONCEPT_INFO__3,DISEASE_CONCEPT_INFO__3,2025搜索随机1w,助手随机1k,115,10,10000,998,1.15,1.002,-0.148,-0.659,0.706,False,共有
DISEASE_CONCEPT_INFO__4,DISEASE_CONCEPT_INFO__4,2025搜索随机1w,助手随机1k,661,53,10000,998,6.61,5.311,-1.299,-2.626,0.34,False,共有
DISEASE_CONCEPT_INFO__5,DISEASE_CONCEPT_INFO__5,2025搜索随机1w,助手随机1k,201,7,10000,998,2.01,0.701,-1.309,-1.774,-0.526,True,共有
DISEASE_CONCEPT_INFO__6,DISEASE_CONCEPT_INFO__6,2025搜索随机1w,助手随机1k,57,5,10000,998,0.57,0.501,-0.069,-0.401,0.61,False,共有
DOSAGE_ADMINISTRATION__1,DOSAGE_ADMINISTRATION__1,2025搜索随机1w,助手随机1k,18,2,10000,998,0.18,0.2,0.02,-0.159,0.552,False,共有
DOSAGE_ADMINISTRATION__2,DOSAGE_ADMINISTRATION__2,2025搜索随机1w,助手随机1k,53,11,10000,998,0.53,1.102,0.572,0.06,1.442,True,共有
DOSAGE_ADMINISTRATION__3,DOSAGE_ADMINISTRATION__3,2025搜索随机1w,助手随机1k,27,4,10000,998,0.27,0.401,0.131,-0.143,0.762,False,共有
DOSAGE_ADMINISTRATION__4,DOSAGE_ADMINISTRATION__4,2025搜索随机1w,助手随机1k,20,3,10000,998,0.2,0.301,0.101,-0.126,0.684,False,共有
DOSAGE_ADMINISTRATION__5,DOSAGE_ADMINISTRATION__5,2025搜索随机1w,助手随机1k,16,0,10000,998,0.16,0.0,-0.16,-0.26,0.228,False,a独有
DOSAGE_ADMINISTRATION__6,DOSAGE_ADMINISTRATION__6,2025搜索随机1w,助手随机1k,53,10,10000,998,0.53,1.002,0.472,-0.013,1.314,False,共有
EFFICACY_AUTHENTICITY_CHECK__1,EFFICACY_AUTHENTICITY_CHECK__1,2025搜索随机1w,助手随机1k,58,4,10000,998,0.58,0.401,-0.179,-0.477,0.46,False,共有
EFFICACY_AUTHENTICITY_CHECK__2,EFFICACY_AUTHENTICITY_CHECK__2,2025搜索随机1w,助手随机1k,60,6,10000,998,0.6,0.601,0.001,-0.367,0.718,False,共有
EFFICACY_AUTHENTICITY_CHECK__3,EFFICACY_AUTHENTICITY_CHECK__3,2025搜索随机1w,助手随机1k,17,2,10000,998,0.17,0.2,0.03,-0.147,0.562,False,共有
EFFICACY_AUTHENTICITY_CHECK__4,EFFICACY_AUTHENTICITY_CHECK__4,2025搜索随机1w,助手随机1k,72,9,10000,998,0.72,0.902,0.182,-0.283,0.998,False,共有
NON_HEALTH_OTHER__1,NON_HEALTH_OTHER__1,2025搜索随机1w,助手随机1k,302,75,10000,998,3.02,7.515,4.495,2.976,6.326,True,共有
NON_HEALTH_OTHER__2,NON_HEALTH_OTHER__2,2025搜索随机1w,助手随机1k,115,24,10000,998,1.15,2.405,1.255,0.439,2.419,True,共有
PERMISSION_CHECK__1,PERMISSION_CHECK__1,2025搜索随机1w,助手随机1k,657,55,10000,998,6.57,5.511,-1.059,-2.409,0.603,False,共有
PERMISSION_CHECK__2,PERMISSION_CHECK__2,2025搜索随机1w,助手随机1k,584,59,10000,998,5.84,5.912,0.072,-1.314,1.77,False,共有
PHARMA_COMPANY_LOOKUP__1,PHARMA_COMPANY_LOOKUP__1,2025搜索随机1w,助手随机1k,3,0,10000,998,0.03,0.0,-0.03,-0.088,0.354,False,a独有
PROGNOSIS_CONTAGION_VERDICT__1,PROGNOSIS_CONTAGION_VERDICT__1,2025搜索随机1w,助手随机1k,79,13,10000,998,0.79,1.303,0.513,-0.061,1.439,False,共有
PROGNOSIS_CONTAGION_VERDICT__2,PROGNOSIS_CONTAGION_VERDICT__2,2025搜索随机1w,助手随机1k,28,4,10000,998,0.28,0.401,0.121,-0.154,0.752,False,共有
PROGNOSIS_CONTAGION_VERDICT__3,PROGNOSIS_CONTAGION_VERDICT__3,2025搜索随机1w,助手随机1k,18,4,10000,998,0.18,0.401,0.221,-0.045,0.849,False,共有
PROGNOSIS_CONTAGION_VERDICT__4,PROGNOSIS_CONTAGION_VERDICT__4,2025搜索随机1w,助手随机1k,15,2,10000,998,0.15,0.2,0.05,-0.125,0.581,False,共有
RECOVERY_TIMING__1,RECOVERY_TIMING__1,2025搜索随机1w,助手随机1k,87,10,10000,998,0.87,1.002,0.132,-0.367,0.981,False,共有
RECOVERY_TIMING__2,RECOVERY_TIMING__2,2025搜索随机1w,助手随机1k,89,18,10000,998,0.89,1.804,0.914,0.223,1.956,True,共有
REFERENCE_VALUE_CALCULATOR__1,REFERENCE_VALUE_CALCULATOR__1,2025搜索随机1w,助手随机1k,61,4,10000,998,0.61,0.401,-0.209,-0.509,0.43,False,共有
REFERENCE_VALUE_CALCULATOR__2,REFERENCE_VALUE_CALCULATOR__2,2025搜索随机1w,助手随机1k,118,19,10000,998,1.18,1.904,0.724,0.004,1.792,True,共有
REFERENCE_VALUE_CALCULATOR__3,REFERENCE_VALUE_CALCULATOR__3,2025搜索随机1w,助手随机1k,79,5,10000,998,0.79,0.501,-0.289,-0.635,0.395,False,共有
REPRODUCTIVE_HEALTH__1,REPRODUCTIVE_HEALTH__1,2025搜索随机1w,助手随机1k,201,8,10000,998,2.01,0.802,-1.208,-1.701,-0.395,True,共有
REPRODUCTIVE_HEALTH__2,REPRODUCTIVE_HEALTH__2,2025搜索随机1w,助手随机1k,168,10,10000,998,1.68,1.002,-0.678,-1.209,0.187,False,共有
RESULT_INTERPRETATION__1,RESULT_INTERPRETATION__1,2025搜索随机1w,助手随机1k,97,5,10000,998,0.97,0.501,-0.469,-0.826,0.22,False,共有
RESULT_INTERPRETATION__2,RESULT_INTERPRETATION__2,2025搜索随机1w,助手随机1k,474,56,10000,998,4.74,5.611,0.871,-0.466,2.526,False,共有
SUBSTANCE_EFFICACY_LOOKUP__1,SUBSTANCE_EFFICACY_LOOKUP__1,2025搜索随机1w,助手随机1k,419,44,10000,998,4.19,4.409,0.219,-0.963,1.724,False,共有
SUBSTANCE_EFFICACY_LOOKUP__2,SUBSTANCE_EFFICACY_LOOKUP__2,2025搜索随机1w,助手随机1k,1030,96,10000,998,10.3,9.619,-0.681,-2.466,1.39,False,共有
SYMPTOM_ATTRIBUTION_DIFFERENTIATION__1,SYMPTOM_ATTRIBUTION_DIFFERENTIATION__1,2025搜索随机1w,助手随机1k,330,36,10000,998,3.3,3.607,0.307,-0.75,1.694,False,共有
SYMPTOM_ATTRIBUTION_DIFFERENTIATION__2,SYMPTOM_ATTRIBUTION_DIFFERENTIATION__2,2025搜索随机1w,助手随机1k,226,8,10000,998,2.26,0.802,-1.458,-1.961,-0.639,True,共有
SYMPTOM_ATTRIBUTION_DIFFERENTIATION__3,SYMPTOM_ATTRIBUTION_DIFFERENTIATION__3,2025搜索随机1w,助手随机1k,507,53,10000,998,5.07,5.311,0.241,-1.066,1.864,False,共有
SYMPTOM_ATTRIBUTION_DIFFERENTIATION__4,SYMPTOM_ATTRIBUTION_DIFFERENTIATION__4,2025搜索随机1w,助手随机1k,337,24,10000,998,3.37,2.405,-0.965,-1.833,0.232,False,共有
SYMPTOM_ATTRIBUTION_DIFFERENTIATION__5,SYMPTOM_ATTRIBUTION_DIFFERENTIATION__5,2025搜索随机1w,助手随机1k,207,28,10000,998,2.07,2.806,0.736,-0.172,1.983,False,共有
SYMPTOM_ATTRIBUTION_DIFFERENTIATION__6,SYMPTOM_ATTRIBUTION_DIFFERENTIATION__6,2025搜索随机1w,助手随机1k,159,4,10000,998,1.59,0.401,-1.189,-1.55,-0.524,True,共有
TREATMENT_SEEKING__1,TREATMENT_SEEKING__1,2025搜索随机1w,助手随机1k,306,28,10000,998,3.06,2.806,-0.254,-1.183,1.006,False,共有
TREATMENT_SEEKING__2,TREATMENT_SEEKING__2,2025搜索随机1w,助手随机1k,563,63,10000,998,5.63,6.313,0.683,-0.744,2.421,False,共有
ACCIDENTAL_INGESTION_FIRST_AID__1,ACCIDENTAL_INGESTION_FIRST_AID__1,2025搜索随机1w,助手语音头部1k,3,0,10000,1067,0.03,0.0,-0.03,-0.088,0.329,False,a独有
CARE_NAVIGATION_COST__1,CARE_NAVIGATION_COST__1,2025搜索随机1w,助手语音头部1k,448,1,10000,1067,4.48,0.094,-4.386,-4.816,-3.803,True,共有
CARE_NAVIGATION_COST__2,CARE_NAVIGATION_COST__2,2025搜索随机1w,助手语音头部1k,258,7,10000,1067,2.58,0.656,-1.924,-2.396,-1.173,True,共有
CARE_NAVIGATION_COST__3,CARE_NAVIGATION_COST__3,2025搜索随机1w,助手语音头部1k,97,1,10000,1067,0.97,0.094,-0.876,-1.102,-0.407,True,共有
CARE_NAVIGATION_COST__4,CARE_NAVIGATION_COST__4,2025搜索随机1w,助手语音头部1k,83,1,10000,1067,0.83,0.094,-0.736,-0.948,-0.273,True,共有
COMPARISON_DIFFERENCE_VERDICT__1,COMPARISON_DIFFERENCE_VERDICT__1,2025搜索随机1w,助手语音头部1k,39,0,10000,1067,0.39,0.0,-0.39,-0.533,-0.016,True,a独有
COMPARISON_DIFFERENCE_VERDICT__2,COMPARISON_DIFFERENCE_VERDICT__2,2025搜索随机1w,助手语音头部1k,50,0,10000,1067,0.5,0.0,-0.5,-0.659,-0.122,True,a独有
COMPARISON_DIFFERENCE_VERDICT__3,COMPARISON_DIFFERENCE_VERDICT__3,2025搜索随机1w,助手语音头部1k,36,1,10000,1067,0.36,0.094,-0.266,-0.424,0.18,False,共有
COMPARISON_DIFFERENCE_VERDICT__4,COMPARISON_DIFFERENCE_VERDICT__4,2025搜索随机1w,助手语音头部1k,39,0,10000,1067,0.39,0.0,-0.39,-0.533,-0.016,True,a独有
COMPARISON_DIFFERENCE_VERDICT__5,COMPARISON_DIFFERENCE_VERDICT__5,2025搜索随机1w,助手语音头部1k,48,0,10000,1067,0.48,0.0,-0.48,-0.636,-0.102,True,a独有
COMPARISON_DIFFERENCE_VERDICT__6,COMPARISON_DIFFERENCE_VERDICT__6,2025搜索随机1w,助手语音头部1k,13,0,10000,1067,0.13,0.0,-0.13,-0.222,0.233,False,a独有
DISEASE_CONCEPT_INFO__1,DISEASE_CONCEPT_INFO__1,2025搜索随机1w,助手语音头部1k,77,2,10000,1067,0.77,0.187,-0.583,-0.817,-0.066,True,共有
DISEASE_CONCEPT_INFO__2,DISEASE_CONCEPT_INFO__2,2025搜索随机1w,助手语音头部1k,122,6,10000,1067,1.22,0.562,-0.658,-1.042,0.03,False,共有
DISEASE_CONCEPT_INFO__3,DISEASE_CONCEPT_INFO__3,2025搜索随机1w,助手语音头部1k,115,25,10000,1067,1.15,2.343,1.193,0.408,2.303,True,共有
DISEASE_CONCEPT_INFO__4,DISEASE_CONCEPT_INFO__4,2025搜索随机1w,助手语音头部1k,661,12,10000,1067,6.61,1.125,-5.485,-6.181,-4.531,True,共有
DISEASE_CONCEPT_INFO__5,DISEASE_CONCEPT_INFO__5,2025搜索随机1w,助手语音头部1k,201,225,10000,1067,2.01,21.087,19.077,16.717,21.639,True,共有
DISEASE_CONCEPT_INFO__6,DISEASE_CONCEPT_INFO__6,2025搜索随机1w,助手语音头部1k,57,11,10000,1067,0.57,1.031,0.461,-0.023,1.277,False,共有
DOSAGE_ADMINISTRATION__1,DOSAGE_ADMINISTRATION__1,2025搜索随机1w,助手语音头部1k,18,0,10000,1067,0.18,0.0,-0.18,-0.284,0.185,False,a独有
DOSAGE_ADMINISTRATION__2,DOSAGE_ADMINISTRATION__2,2025搜索随机1w,助手语音头部1k,53,0,10000,1067,0.53,0.0,-0.53,-0.693,-0.15,True,a独有
DOSAGE_ADMINISTRATION__3,DOSAGE_ADMINISTRATION__3,2025搜索随机1w,助手语音头部1k,27,0,10000,1067,0.27,0.0,-0.27,-0.393,0.099,False,a独有
DOSAGE_ADMINISTRATION__4,DOSAGE_ADMINISTRATION__4,2025搜索随机1w,助手语音头部1k,20,0,10000,1067,0.2,0.0,-0.2,-0.309,0.166,False,a独有
DOSAGE_ADMINISTRATION__5,DOSAGE_ADMINISTRATION__5,2025搜索随机1w,助手语音头部1k,16,0,10000,1067,0.16,0.0,-0.16,-0.26,0.204,False,a独有
DOSAGE_ADMINISTRATION__6,DOSAGE_ADMINISTRATION__6,2025搜索随机1w,助手语音头部1k,53,0,10000,1067,0.53,0.0,-0.53,-0.693,-0.15,True,a独有
EFFICACY_AUTHENTICITY_CHECK__1,EFFICACY_AUTHENTICITY_CHECK__1,2025搜索随机1w,助手语音头部1k,58,0,10000,1067,0.58,0.0,-0.58,-0.749,-0.198,True,a独有
EFFICACY_AUTHENTICITY_CHECK__2,EFFICACY_AUTHENTICITY_CHECK__2,2025搜索随机1w,助手语音头部1k,60,1,10000,1067,0.6,0.094,-0.506,-0.694,-0.051,True,共有
EFFICACY_AUTHENTICITY_CHECK__3,EFFICACY_AUTHENTICITY_CHECK__3,2025搜索随机1w,助手语音头部1k,17,0,10000,1067,0.17,0.0,-0.17,-0.272,0.194,False,a独有
EFFICACY_AUTHENTICITY_CHECK__4,EFFICACY_AUTHENTICITY_CHECK__4,2025搜索随机1w,助手语音头部1k,72,4,10000,1067,0.72,0.375,-0.345,-0.64,0.258,False,共有
NON_HEALTH_OTHER__1,NON_HEALTH_OTHER__1,2025搜索随机1w,助手语音头部1k,302,12,10000,1067,3.02,1.125,-1.895,-2.492,-1.006,True,共有
NON_HEALTH_OTHER__2,NON_HEALTH_OTHER__2,2025搜索随机1w,助手语音头部1k,115,96,10000,1067,1.15,8.997,7.847,6.258,9.724,True,共有
PERMISSION_CHECK__1,PERMISSION_CHECK__1,2025搜索随机1w,助手语音头部1k,657,4,10000,1067,6.57,0.375,-6.195,-6.747,-5.445,True,共有
PERMISSION_CHECK__2,PERMISSION_CHECK__2,2025搜索随机1w,助手语音头部1k,584,26,10000,1067,5.84,2.437,-3.403,-4.308,-2.208,True,共有
PHARMA_COMPANY_LOOKUP__1,PHARMA_COMPANY_LOOKUP__1,2025搜索随机1w,助手语音头部1k,3,4,10000,1067,0.03,0.375,0.345,0.109,0.93,True,共有
PROGNOSIS_CONTAGION_VERDICT__1,PROGNOSIS_CONTAGION_VERDICT__1,2025搜索随机1w,助手语音头部1k,79,3,10000,1067,0.79,0.281,-0.509,-0.777,0.055,False,共有
PROGNOSIS_CONTAGION_VERDICT__2,PROGNOSIS_CONTAGION_VERDICT__2,2025搜索随机1w,助手语音头部1k,28,1,10000,1067,0.28,0.094,-0.186,-0.333,0.257,False,共有
PROGNOSIS_CONTAGION_VERDICT__3,PROGNOSIS_CONTAGION_VERDICT__3,2025搜索随机1w,助手语音头部1k,18,0,10000,1067,0.18,0.0,-0.18,-0.284,0.185,False,a独有
PROGNOSIS_CONTAGION_VERDICT__4,PROGNOSIS_CONTAGION_VERDICT__4,2025搜索随机1w,助手语音头部1k,15,0,10000,1067,0.15,0.0,-0.15,-0.247,0.214,False,a独有
RECOVERY_TIMING__1,RECOVERY_TIMING__1,2025搜索随机1w,助手语音头部1k,87,0,10000,1067,0.87,0.0,-0.87,-1.072,-0.476,True,a独有
RECOVERY_TIMING__2,RECOVERY_TIMING__2,2025搜索随机1w,助手语音头部1k,89,0,10000,1067,0.89,0.0,-0.89,-1.094,-0.495,True,a独有
REFERENCE_VALUE_CALCULATOR__1,REFERENCE_VALUE_CALCULATOR__1,2025搜索随机1w,助手语音头部1k,61,6,10000,1067,0.61,0.562,-0.048,-0.398,0.625,False,共有
REFERENCE_VALUE_CALCULATOR__2,REFERENCE_VALUE_CALCULATOR__2,2025搜索随机1w,助手语音头部1k,118,1,10000,1067,1.18,0.094,-1.086,-1.33,-0.61,True,共有
REFERENCE_VALUE_CALCULATOR__3,REFERENCE_VALUE_CALCULATOR__3,2025搜索随机1w,助手语音头部1k,79,0,10000,1067,0.79,0.0,-0.79,-0.983,-0.399,True,a独有
REPRODUCTIVE_HEALTH__1,REPRODUCTIVE_HEALTH__1,2025搜索随机1w,助手语音头部1k,201,9,10000,1067,2.01,0.843,-1.167,-1.662,-0.372,True,共有
REPRODUCTIVE_HEALTH__2,REPRODUCTIVE_HEALTH__2,2025搜索随机1w,助手语音头部1k,168,2,10000,1067,1.68,0.187,-1.493,-1.796,-0.946,True,共有
RESULT_INTERPRETATION__1,RESULT_INTERPRETATION__1,2025搜索随机1w,助手语音头部1k,97,0,10000,1067,0.97,0.0,-0.97,-1.182,-0.571,True,a独有
RESULT_INTERPRETATION__2,RESULT_INTERPRETATION__2,2025搜索随机1w,助手语音头部1k,474,4,10000,1067,4.74,0.375,-4.365,-4.856,-3.657,True,共有
SUBSTANCE_EFFICACY_LOOKUP__1,SUBSTANCE_EFFICACY_LOOKUP__1,2025搜索随机1w,助手语音头部1k,419,315,10000,1067,4.19,29.522,25.332,22.641,28.164,True,共有
SUBSTANCE_EFFICACY_LOOKUP__2,SUBSTANCE_EFFICACY_LOOKUP__2,2025搜索随机1w,助手语音头部1k,1030,195,10000,1067,10.3,18.276,7.976,5.689,10.475,True,共有
SYMPTOM_ATTRIBUTION_DIFFERENTIATION__1,SYMPTOM_ATTRIBUTION_DIFFERENTIATION__1,2025搜索随机1w,助手语音头部1k,330,13,10000,1067,3.3,1.218,-2.082,-2.707,-1.164,True,共有
SYMPTOM_ATTRIBUTION_DIFFERENTIATION__2,SYMPTOM_ATTRIBUTION_DIFFERENTIATION__2,2025搜索随机1w,助手语音头部1k,226,15,10000,1067,2.26,1.406,-0.854,-1.487,0.087,False,共有
SYMPTOM_ATTRIBUTION_DIFFERENTIATION__3,SYMPTOM_ATTRIBUTION_DIFFERENTIATION__3,2025搜索随机1w,助手语音头部1k,507,24,10000,1067,5.07,2.249,-2.821,-3.68,-1.668,True,共有
SYMPTOM_ATTRIBUTION_DIFFERENTIATION__4,SYMPTOM_ATTRIBUTION_DIFFERENTIATION__4,2025搜索随机1w,助手语音头部1k,337,10,10000,1067,3.37,0.937,-2.433,-2.999,-1.584,True,共有
SYMPTOM_ATTRIBUTION_DIFFERENTIATION__5,SYMPTOM_ATTRIBUTION_DIFFERENTIATION__5,2025搜索随机1w,助手语音头部1k,207,3,10000,1067,2.07,0.281,-1.789,-2.14,-1.187,True,共有
SYMPTOM_ATTRIBUTION_DIFFERENTIATION__6,SYMPTOM_ATTRIBUTION_DIFFERENTIATION__6,2025搜索随机1w,助手语音头部1k,159,1,10000,1067,1.59,0.094,-1.496,-1.772,-1.005,True,共有
TREATMENT_SEEKING__1,TREATMENT_SEEKING__1,2025搜索随机1w,助手语音头部1k,306,13,10000,1067,3.06,1.218,-1.842,-2.459,-0.929,True,共有
TREATMENT_SEEKING__2,TREATMENT_SEEKING__2,2025搜索随机1w,助手语音头部1k,563,13,10000,1067,5.63,1.218,-4.412,-5.101,-3.452,True,共有
ACCIDENTAL_INGESTION_FIRST_AID__1,ACCIDENTAL_INGESTION_FIRST_AID__1,2025搜索随机1w,助手语音1k,3,0,10000,1000,0.03,0.0,-0.03,-0.088,0.353,False,a独有
CARE_NAVIGATION_COST__1,CARE_NAVIGATION_COST__1,2025搜索随机1w,助手语音1k,448,26,10000,1000,4.48,2.6,-1.88,-2.802,-0.636,True,共有
CARE_NAVIGATION_COST__2,CARE_NAVIGATION_COST__2,2025搜索随机1w,助手语音1k,258,7,10000,1000,2.58,0.7,-1.88,-2.368,-1.086,True,共有
CARE_NAVIGATION_COST__3,CARE_NAVIGATION_COST__3,2025搜索随机1w,助手语音1k,97,5,10000,1000,0.97,0.5,-0.47,-0.826,0.218,False,共有
CARE_NAVIGATION_COST__4,CARE_NAVIGATION_COST__4,2025搜索随机1w,助手语音1k,83,2,10000,1000,0.83,0.2,-0.63,-0.875,-0.08,True,共有
COMPARISON_DIFFERENCE_VERDICT__1,COMPARISON_DIFFERENCE_VERDICT__1,2025搜索随机1w,助手语音1k,39,5,10000,1000,0.39,0.5,0.11,-0.21,0.783,False,共有
COMPARISON_DIFFERENCE_VERDICT__2,COMPARISON_DIFFERENCE_VERDICT__2,2025搜索随机1w,助手语音1k,50,7,10000,1000,0.5,0.7,0.2,-0.194,0.948,False,共有
COMPARISON_DIFFERENCE_VERDICT__3,COMPARISON_DIFFERENCE_VERDICT__3,2025搜索随机1w,助手语音1k,36,5,10000,1000,0.36,0.5,0.14,-0.178,0.813,False,共有
COMPARISON_DIFFERENCE_VERDICT__4,COMPARISON_DIFFERENCE_VERDICT__4,2025搜索随机1w,助手语音1k,39,3,10000,1000,0.39,0.3,-0.09,-0.334,0.498,False,共有
COMPARISON_DIFFERENCE_VERDICT__5,COMPARISON_DIFFERENCE_VERDICT__5,2025搜索随机1w,助手语音1k,48,6,10000,1000,0.48,0.6,0.12,-0.24,0.833,False,共有
COMPARISON_DIFFERENCE_VERDICT__6,COMPARISON_DIFFERENCE_VERDICT__6,2025搜索随机1w,助手语音1k,13,0,10000,1000,0.13,0.0,-0.13,-0.222,0.256,False,a独有
DISEASE_CONCEPT_INFO__1,DISEASE_CONCEPT_INFO__1,2025搜索随机1w,助手语音1k,77,3,10000,1000,0.77,0.3,-0.47,-0.745,0.128,False,共有
DISEASE_CONCEPT_INFO__2,DISEASE_CONCEPT_INFO__2,2025搜索随机1w,助手语音1k,122,15,10000,1000,1.22,1.5,0.28,-0.354,1.26,False,共有
DISEASE_CONCEPT_INFO__3,DISEASE_CONCEPT_INFO__3,2025搜索随机1w,助手语音1k,115,9,10000,1000,1.15,0.9,-0.25,-0.733,0.574,False,共有
DISEASE_CONCEPT_INFO__4,DISEASE_CONCEPT_INFO__4,2025搜索随机1w,助手语音1k,661,51,10000,1000,6.61,5.1,-1.51,-2.811,0.104,False,共有
DISEASE_CONCEPT_INFO__5,DISEASE_CONCEPT_INFO__5,2025搜索随机1w,助手语音1k,201,23,10000,1000,2.01,2.3,0.29,-0.527,1.447,False,共有
DISEASE_CONCEPT_INFO__6,DISEASE_CONCEPT_INFO__6,2025搜索随机1w,助手语音1k,57,3,10000,1000,0.57,0.3,-0.27,-0.529,0.323,False,共有
DOSAGE_ADMINISTRATION__1,DOSAGE_ADMINISTRATION__1,2025搜索随机1w,助手语音1k,18,2,10000,1000,0.18,0.2,0.02,-0.159,0.55,False,共有
DOSAGE_ADMINISTRATION__2,DOSAGE_ADMINISTRATION__2,2025搜索随机1w,助手语音1k,53,8,10000,1000,0.53,0.8,0.27,-0.156,1.051,False,共有
DOSAGE_ADMINISTRATION__3,DOSAGE_ADMINISTRATION__3,2025搜索随机1w,助手语音1k,27,0,10000,1000,0.27,0.0,-0.27,-0.393,0.122,False,a独有
DOSAGE_ADMINISTRATION__4,DOSAGE_ADMINISTRATION__4,2025搜索随机1w,助手语音1k,20,6,10000,1000,0.2,0.6,0.4,0.058,1.106,True,共有
DOSAGE_ADMINISTRATION__5,DOSAGE_ADMINISTRATION__5,2025搜索随机1w,助手语音1k,16,2,10000,1000,0.16,0.2,0.04,-0.136,0.57,False,共有
DOSAGE_ADMINISTRATION__6,DOSAGE_ADMINISTRATION__6,2025搜索随机1w,助手语音1k,53,5,10000,1000,0.53,0.5,-0.03,-0.359,0.647,False,共有
EFFICACY_AUTHENTICITY_CHECK__1,EFFICACY_AUTHENTICITY_CHECK__1,2025搜索随机1w,助手语音1k,58,3,10000,1000,0.58,0.3,-0.28,-0.54,0.313,False,共有
EFFICACY_AUTHENTICITY_CHECK__2,EFFICACY_AUTHENTICITY_CHECK__2,2025搜索随机1w,助手语音1k,60,5,10000,1000,0.6,0.5,-0.1,-0.434,0.578,False,共有
EFFICACY_AUTHENTICITY_CHECK__3,EFFICACY_AUTHENTICITY_CHECK__3,2025搜索随机1w,助手语音1k,17,2,10000,1000,0.17,0.2,0.03,-0.147,0.56,False,共有
EFFICACY_AUTHENTICITY_CHECK__4,EFFICACY_AUTHENTICITY_CHECK__4,2025搜索随机1w,助手语音1k,72,9,10000,1000,0.72,0.9,0.18,-0.285,0.995,False,共有
NON_HEALTH_OTHER__1,NON_HEALTH_OTHER__1,2025搜索随机1w,助手语音1k,302,43,10000,1000,3.02,4.3,1.28,0.132,2.757,True,共有
NON_HEALTH_OTHER__2,NON_HEALTH_OTHER__2,2025搜索随机1w,助手语音1k,115,18,10000,1000,1.15,1.8,0.65,-0.047,1.695,False,共有
PERMISSION_CHECK__1,PERMISSION_CHECK__1,2025搜索随机1w,助手语音1k,657,51,10000,1000,6.57,5.1,-1.47,-2.771,0.143,False,共有
PERMISSION_CHECK__2,PERMISSION_CHECK__2,2025搜索随机1w,助手语音1k,584,105,10000,1000,5.84,10.5,4.66,2.845,6.761,True,共有
PHARMA_COMPANY_LOOKUP__1,PHARMA_COMPANY_LOOKUP__1,2025搜索随机1w,助手语音1k,3,1,10000,1000,0.03,0.1,0.07,-0.031,0.535,False,共有
PROGNOSIS_CONTAGION_VERDICT__1,PROGNOSIS_CONTAGION_VERDICT__1,2025搜索随机1w,助手语音1k,79,2,10000,1000,0.79,0.2,-0.59,-0.832,-0.041,True,共有
PROGNOSIS_CONTAGION_VERDICT__2,PROGNOSIS_CONTAGION_VERDICT__2,2025搜索随机1w,助手语音1k,28,2,10000,1000,0.28,0.2,-0.08,-0.271,0.453,False,共有
PROGNOSIS_CONTAGION_VERDICT__3,PROGNOSIS_CONTAGION_VERDICT__3,2025搜索随机1w,助手语音1k,18,0,10000,1000,0.18,0.0,-0.18,-0.284,0.208,False,a独有
PROGNOSIS_CONTAGION_VERDICT__4,PROGNOSIS_CONTAGION_VERDICT__4,2025搜索随机1w,助手语音1k,15,1,10000,1000,0.15,0.1,-0.05,-0.178,0.418,False,共有
RECOVERY_TIMING__1,RECOVERY_TIMING__1,2025搜索随机1w,助手语音1k,87,8,10000,1000,0.87,0.8,-0.07,-0.513,0.718,False,共有
RECOVERY_TIMING__2,RECOVERY_TIMING__2,2025搜索随机1w,助手语音1k,89,4,10000,1000,0.89,0.4,-0.49,-0.808,0.156,False,共有
REFERENCE_VALUE_CALCULATOR__1,REFERENCE_VALUE_CALCULATOR__1,2025搜索随机1w,助手语音1k,61,7,10000,1000,0.61,0.7,0.09,-0.31,0.84,False,共有
REFERENCE_VALUE_CALCULATOR__2,REFERENCE_VALUE_CALCULATOR__2,2025搜索随机1w,助手语音1k,118,7,10000,1000,1.18,0.7,-0.48,-0.908,0.283,False,共有
REFERENCE_VALUE_CALCULATOR__3,REFERENCE_VALUE_CALCULATOR__3,2025搜索随机1w,助手语音1k,79,5,10000,1000,0.79,0.5,-0.29,-0.635,0.393,False,共有
REPRODUCTIVE_HEALTH__1,REPRODUCTIVE_HEALTH__1,2025搜索随机1w,助手语音1k,201,2,10000,1000,2.01,0.2,-1.81,-2.138,-1.224,True,共有
REPRODUCTIVE_HEALTH__2,REPRODUCTIVE_HEALTH__2,2025搜索随机1w,助手语音1k,168,2,10000,1000,1.68,0.2,-1.48,-1.787,-0.904,True,共有
RESULT_INTERPRETATION__1,RESULT_INTERPRETATION__1,2025搜索随机1w,助手语音1k,97,3,10000,1000,0.97,0.3,-0.67,-0.96,-0.066,True,共有
RESULT_INTERPRETATION__2,RESULT_INTERPRETATION__2,2025搜索随机1w,助手语音1k,474,37,10000,1000,4.74,3.7,-1.04,-2.134,0.376,False,共有
SUBSTANCE_EFFICACY_LOOKUP__1,SUBSTANCE_EFFICACY_LOOKUP__1,2025搜索随机1w,助手语音1k,419,54,10000,1000,4.19,5.4,1.21,-0.094,2.833,False,共有
SUBSTANCE_EFFICACY_LOOKUP__2,SUBSTANCE_EFFICACY_LOOKUP__2,2025搜索随机1w,助手语音1k,1030,193,10000,1000,10.3,19.3,9.0,6.594,11.627,True,共有
SYMPTOM_ATTRIBUTION_DIFFERENTIATION__1,SYMPTOM_ATTRIBUTION_DIFFERENTIATION__1,2025搜索随机1w,助手语音1k,330,32,10000,1000,3.3,3.2,-0.1,-1.095,1.225,False,共有
SYMPTOM_ATTRIBUTION_DIFFERENTIATION__2,SYMPTOM_ATTRIBUTION_DIFFERENTIATION__2,2025搜索随机1w,助手语音1k,226,10,10000,1000,2.26,1.0,-1.26,-1.811,-0.385,True,共有
SYMPTOM_ATTRIBUTION_DIFFERENTIATION__3,SYMPTOM_ATTRIBUTION_DIFFERENTIATION__3,2025搜索随机1w,助手语音1k,507,53,10000,1000,5.07,5.3,0.23,-1.075,1.851,False,共有
SYMPTOM_ATTRIBUTION_DIFFERENTIATION__4,SYMPTOM_ATTRIBUTION_DIFFERENTIATION__4,2025搜索随机1w,助手语音1k,337,37,10000,1000,3.37,3.7,0.33,-0.741,1.729,False,共有
SYMPTOM_ATTRIBUTION_DIFFERENTIATION__5,SYMPTOM_ATTRIBUTION_DIFFERENTIATION__5,2025搜索随机1w,助手语音1k,207,19,10000,1000,2.07,1.9,-0.17,-0.913,0.91,False,共有
SYMPTOM_ATTRIBUTION_DIFFERENTIATION__6,SYMPTOM_ATTRIBUTION_DIFFERENTIATION__6,2025搜索随机1w,助手语音1k,159,12,10000,1000,1.59,1.2,-0.39,-0.966,0.524,False,共有
TREATMENT_SEEKING__1,TREATMENT_SEEKING__1,2025搜索随机1w,助手语音1k,306,36,10000,1000,3.06,3.6,0.54,-0.511,1.921,False,共有
TREATMENT_SEEKING__2,TREATMENT_SEEKING__2,2025搜索随机1w,助手语音1k,563,44,10000,1000,5.63,4.4,-1.23,-2.432,0.289,False,共有
ACCIDENTAL_INGESTION_FIRST_AID__1,ACCIDENTAL_INGESTION_FIRST_AID__1,2026搜索,2026搜索随机1w,1,1,9998,10000,0.01,0.01,-0.0,-0.047,0.047,False,共有
CARE_NAVIGATION_COST__1,CARE_NAVIGATION_COST__1,2026搜索,2026搜索随机1w,35,504,9998,10000,0.35,5.04,4.69,4.256,5.147,True,共有
CARE_NAVIGATION_COST__2,CARE_NAVIGATION_COST__2,2026搜索,2026搜索随机1w,140,313,9998,10000,1.4,3.13,1.73,1.321,2.147,True,共有
CARE_NAVIGATION_COST__3,CARE_NAVIGATION_COST__3,2026搜索,2026搜索随机1w,50,87,9998,10000,0.5,0.87,0.37,0.142,0.605,True,共有
CARE_NAVIGATION_COST__4,CARE_NAVIGATION_COST__4,2026搜索,2026搜索随机1w,36,88,9998,10000,0.36,0.88,0.52,0.305,0.746,True,共有
COMPARISON_DIFFERENCE_VERDICT__1,COMPARISON_DIFFERENCE_VERDICT__1,2026搜索,2026搜索随机1w,22,31,9998,10000,0.22,0.31,0.09,-0.055,0.24,False,共有
COMPARISON_DIFFERENCE_VERDICT__2,COMPARISON_DIFFERENCE_VERDICT__2,2026搜索,2026搜索随机1w,10,61,9998,10000,0.1,0.61,0.51,0.351,0.689,True,共有
COMPARISON_DIFFERENCE_VERDICT__3,COMPARISON_DIFFERENCE_VERDICT__3,2026搜索,2026搜索随机1w,4,35,9998,10000,0.04,0.35,0.31,0.193,0.449,True,共有
COMPARISON_DIFFERENCE_VERDICT__4,COMPARISON_DIFFERENCE_VERDICT__4,2026搜索,2026搜索随机1w,6,44,9998,10000,0.06,0.44,0.38,0.247,0.534,True,共有
COMPARISON_DIFFERENCE_VERDICT__5,COMPARISON_DIFFERENCE_VERDICT__5,2026搜索,2026搜索随机1w,11,39,9998,10000,0.11,0.39,0.28,0.144,0.431,True,共有
COMPARISON_DIFFERENCE_VERDICT__6,COMPARISON_DIFFERENCE_VERDICT__6,2026搜索,2026搜索随机1w,13,18,9998,10000,0.13,0.18,0.05,-0.064,0.167,False,共有
DISEASE_CONCEPT_INFO__1,DISEASE_CONCEPT_INFO__1,2026搜索,2026搜索随机1w,244,61,9998,10000,2.44,0.61,-1.83,-2.179,-1.498,True,共有
DISEASE_CONCEPT_INFO__2,DISEASE_CONCEPT_INFO__2,2026搜索,2026搜索随机1w,604,100,9998,10000,6.041,1.0,-5.041,-5.557,-4.542,True,共有
DISEASE_CONCEPT_INFO__3,DISEASE_CONCEPT_INFO__3,2026搜索,2026搜索随机1w,162,101,9998,10000,1.62,1.01,-0.61,-0.931,-0.295,True,共有
DISEASE_CONCEPT_INFO__4,DISEASE_CONCEPT_INFO__4,2026搜索,2026搜索随机1w,482,626,9998,10000,4.821,6.26,1.439,0.806,2.075,True,共有
DISEASE_CONCEPT_INFO__5,DISEASE_CONCEPT_INFO__5,2026搜索,2026搜索随机1w,370,156,9998,10000,3.701,1.56,-2.141,-2.589,-1.701,True,共有
DISEASE_CONCEPT_INFO__6,DISEASE_CONCEPT_INFO__6,2026搜索,2026搜索随机1w,151,56,9998,10000,1.51,0.56,-0.95,-1.239,-0.674,True,共有
DOSAGE_ADMINISTRATION__1,DOSAGE_ADMINISTRATION__1,2026搜索,2026搜索随机1w,28,7,9998,10000,0.28,0.07,-0.21,-0.34,-0.096,True,共有
DOSAGE_ADMINISTRATION__2,DOSAGE_ADMINISTRATION__2,2026搜索,2026搜索随机1w,26,42,9998,10000,0.26,0.42,0.16,-0.003,0.329,False,共有
DOSAGE_ADMINISTRATION__3,DOSAGE_ADMINISTRATION__3,2026搜索,2026搜索随机1w,44,33,9998,10000,0.44,0.33,-0.11,-0.288,0.064,False,共有
DOSAGE_ADMINISTRATION__4,DOSAGE_ADMINISTRATION__4,2026搜索,2026搜索随机1w,48,34,9998,10000,0.48,0.34,-0.14,-0.323,0.039,False,共有
DOSAGE_ADMINISTRATION__5,DOSAGE_ADMINISTRATION__5,2026搜索,2026搜索随机1w,26,16,9998,10000,0.26,0.16,-0.1,-0.236,0.029,False,共有
DOSAGE_ADMINISTRATION__6,DOSAGE_ADMINISTRATION__6,2026搜索,2026搜索随机1w,28,66,9998,10000,0.28,0.66,0.38,0.192,0.578,True,共有
EFFICACY_AUTHENTICITY_CHECK__1,EFFICACY_AUTHENTICITY_CHECK__1,2026搜索,2026搜索随机1w,12,48,9998,10000,0.12,0.48,0.36,0.212,0.524,True,共有
EFFICACY_AUTHENTICITY_CHECK__2,EFFICACY_AUTHENTICITY_CHECK__2,2026搜索,2026搜索随机1w,33,56,9998,10000,0.33,0.56,0.23,0.045,0.422,True,共有
EFFICACY_AUTHENTICITY_CHECK__3,EFFICACY_AUTHENTICITY_CHECK__3,2026搜索,2026搜索随机1w,12,25,9998,10000,0.12,0.25,0.13,0.009,0.259,True,共有
EFFICACY_AUTHENTICITY_CHECK__4,EFFICACY_AUTHENTICITY_CHECK__4,2026搜索,2026搜索随机1w,32,81,9998,10000,0.32,0.81,0.49,0.285,0.707,True,共有
NON_HEALTH_OTHER__1,NON_HEALTH_OTHER__1,2026搜索,2026搜索随机1w,60,290,9998,10000,0.6,2.9,2.3,1.945,2.672,True,共有
NON_HEALTH_OTHER__2,NON_HEALTH_OTHER__2,2026搜索,2026搜索随机1w,89,136,9998,10000,0.89,1.36,0.47,0.178,0.767,True,共有
PERMISSION_CHECK__1,PERMISSION_CHECK__1,2026搜索,2026搜索随机1w,45,670,9998,10000,0.45,6.7,6.25,5.753,6.769,True,共有
PERMISSION_CHECK__2,PERMISSION_CHECK__2,2026搜索,2026搜索随机1w,103,711,9998,10000,1.03,7.11,6.08,5.546,6.63,True,共有
PHARMA_COMPANY_LOOKUP__1,PHARMA_COMPANY_LOOKUP__1,2026搜索,2026搜索随机1w,73,3,9998,10000,0.73,0.03,-0.7,-0.888,-0.54,True,共有
PROGNOSIS_CONTAGION_VERDICT__1,PROGNOSIS_CONTAGION_VERDICT__1,2026搜索,2026搜索随机1w,12,68,9998,10000,0.12,0.68,0.56,0.391,0.748,True,共有
PROGNOSIS_CONTAGION_VERDICT__2,PROGNOSIS_CONTAGION_VERDICT__2,2026搜索,2026搜索随机1w,26,17,9998,10000,0.26,0.17,-0.09,-0.227,0.041,False,共有
PROGNOSIS_CONTAGION_VERDICT__3,PROGNOSIS_CONTAGION_VERDICT__3,2026搜索,2026搜索随机1w,22,12,9998,10000,0.22,0.12,-0.1,-0.224,0.017,False,共有
PROGNOSIS_CONTAGION_VERDICT__4,PROGNOSIS_CONTAGION_VERDICT__4,2026搜索,2026搜索随机1w,34,19,9998,10000,0.34,0.19,-0.15,-0.301,-0.006,True,共有
RECOVERY_TIMING__1,RECOVERY_TIMING__1,2026搜索,2026搜索随机1w,31,84,9998,10000,0.31,0.84,0.53,0.323,0.749,True,共有
RECOVERY_TIMING__2,RECOVERY_TIMING__2,2026搜索,2026搜索随机1w,39,97,9998,10000,0.39,0.97,0.58,0.355,0.816,True,共有
REFERENCE_VALUE_CALCULATOR__1,REFERENCE_VALUE_CALCULATOR__1,2026搜索,2026搜索随机1w,129,59,9998,10000,1.29,0.59,-0.7,-0.975,-0.435,True,共有
REFERENCE_VALUE_CALCULATOR__2,REFERENCE_VALUE_CALCULATOR__2,2026搜索,2026搜索随机1w,74,87,9998,10000,0.74,0.87,0.13,-0.12,0.381,False,共有
REFERENCE_VALUE_CALCULATOR__3,REFERENCE_VALUE_CALCULATOR__3,2026搜索,2026搜索随机1w,32,76,9998,10000,0.32,0.76,0.44,0.239,0.652,True,共有
REPRODUCTIVE_HEALTH__1,REPRODUCTIVE_HEALTH__1,2026搜索,2026搜索随机1w,47,147,9998,10000,0.47,1.47,1.0,0.733,1.28,True,共有
REPRODUCTIVE_HEALTH__2,REPRODUCTIVE_HEALTH__2,2026搜索,2026搜索随机1w,67,135,9998,10000,0.67,1.35,0.68,0.405,0.964,True,共有
RESULT_INTERPRETATION__1,RESULT_INTERPRETATION__1,2026搜索,2026搜索随机1w,159,69,9998,10000,1.59,0.69,-0.9,-1.202,-0.609,True,共有
RESULT_INTERPRETATION__2,RESULT_INTERPRETATION__2,2026搜索,2026搜索随机1w,88,528,9998,10000,0.88,5.28,4.4,3.932,4.885,True,共有
SUBSTANCE_EFFICACY_LOOKUP__1,SUBSTANCE_EFFICACY_LOOKUP__1,2026搜索,2026搜索随机1w,641,435,9998,10000,6.411,4.35,-2.061,-2.689,-1.437,True,共有
SUBSTANCE_EFFICACY_LOOKUP__2,SUBSTANCE_EFFICACY_LOOKUP__2,2026搜索,2026搜索随机1w,3735,1024,9998,10000,37.357,10.24,-27.117,-28.233,-25.994,True,共有
SYMPTOM_ATTRIBUTION_DIFFERENTIATION__1,SYMPTOM_ATTRIBUTION_DIFFERENTIATION__1,2026搜索,2026搜索随机1w,118,320,9998,10000,1.18,3.2,2.02,1.619,2.432,True,共有
SYMPTOM_ATTRIBUTION_DIFFERENTIATION__2,SYMPTOM_ATTRIBUTION_DIFFERENTIATION__2,2026搜索,2026搜索随机1w,149,212,9998,10000,1.49,2.12,0.63,0.261,1.002,True,共有
SYMPTOM_ATTRIBUTION_DIFFERENTIATION__3,SYMPTOM_ATTRIBUTION_DIFFERENTIATION__3,2026搜索,2026搜索随机1w,113,538,9998,10000,1.13,5.38,4.25,3.768,4.747,True,共有
SYMPTOM_ATTRIBUTION_DIFFERENTIATION__4,SYMPTOM_ATTRIBUTION_DIFFERENTIATION__4,2026搜索,2026搜索随机1w,122,323,9998,10000,1.22,3.23,2.01,1.606,2.425,True,共有
SYMPTOM_ATTRIBUTION_DIFFERENTIATION__5,SYMPTOM_ATTRIBUTION_DIFFERENTIATION__5,2026搜索,2026搜索随机1w,106,235,9998,10000,1.06,2.35,1.29,0.934,1.655,True,共有
SYMPTOM_ATTRIBUTION_DIFFERENTIATION__6,SYMPTOM_ATTRIBUTION_DIFFERENTIATION__6,2026搜索,2026搜索随机1w,305,103,9998,10000,3.051,1.03,-2.021,-2.419,-1.634,True,共有
TREATMENT_SEEKING__1,TREATMENT_SEEKING__1,2026搜索,2026搜索随机1w,389,338,9998,10000,3.891,3.38,-0.511,-1.031,0.008,False,共有
TREATMENT_SEEKING__2,TREATMENT_SEEKING__2,2026搜索,2026搜索随机1w,560,535,9998,10000,5.601,5.35,-0.251,-0.883,0.38,False,共有
ACCIDENTAL_INGESTION_FIRST_AID__1,ACCIDENTAL_INGESTION_FIRST_AID__1,2026搜索,助手头部1k,1,0,9998,958,0.01,0.0,-0.01,-0.057,0.389,False,a独有
CARE_NAVIGATION_COST__1,CARE_NAVIGATION_COST__1,2026搜索,助手头部1k,35,30,9998,958,0.35,3.132,2.781,1.842,4.089,True,共有
CARE_NAVIGATION_COST__2,CARE_NAVIGATION_COST__2,2026搜索,助手头部1k,140,39,9998,958,1.4,4.071,2.671,1.563,4.132,True,共有
CARE_NAVIGATION_COST__3,CARE_NAVIGATION_COST__3,2026搜索,助手头部1k,50,17,9998,958,0.5,1.775,1.274,0.592,2.33,True,共有
CARE_NAVIGATION_COST__4,CARE_NAVIGATION_COST__4,2026搜索,助手头部1k,36,7,9998,958,0.36,0.731,0.371,-0.03,1.147,False,共有
COMPARISON_DIFFERENCE_VERDICT__1,COMPARISON_DIFFERENCE_VERDICT__1,2026搜索,助手头部1k,22,1,9998,958,0.22,0.104,-0.116,-0.258,0.375,False,共有
COMPARISON_DIFFERENCE_VERDICT__2,COMPARISON_DIFFERENCE_VERDICT__2,2026搜索,助手头部1k,10,0,9998,958,0.1,0.0,-0.1,-0.184,0.302,False,a独有
COMPARISON_DIFFERENCE_VERDICT__3,COMPARISON_DIFFERENCE_VERDICT__3,2026搜索,助手头部1k,4,0,9998,958,0.04,0.0,-0.04,-0.103,0.36,False,a独有
COMPARISON_DIFFERENCE_VERDICT__4,COMPARISON_DIFFERENCE_VERDICT__4,2026搜索,助手头部1k,6,0,9998,958,0.06,0.0,-0.06,-0.131,0.341,False,a独有
COMPARISON_DIFFERENCE_VERDICT__5,COMPARISON_DIFFERENCE_VERDICT__5,2026搜索,助手头部1k,11,2,9998,958,0.11,0.209,0.099,-0.076,0.65,False,共有
COMPARISON_DIFFERENCE_VERDICT__6,COMPARISON_DIFFERENCE_VERDICT__6,2026搜索,助手头部1k,13,1,9998,958,0.13,0.104,-0.026,-0.152,0.462,False,共有
DISEASE_CONCEPT_INFO__1,DISEASE_CONCEPT_INFO__1,2026搜索,助手头部1k,244,14,9998,958,2.44,1.461,-0.979,-1.65,0.038,False,共有
DISEASE_CONCEPT_INFO__2,DISEASE_CONCEPT_INFO__2,2026搜索,助手头部1k,604,47,9998,958,6.041,4.906,-1.135,-2.426,0.486,False,共有
DISEASE_CONCEPT_INFO__3,DISEASE_CONCEPT_INFO__3,2026搜索,助手头部1k,162,8,9998,958,1.62,0.835,-0.785,-1.275,0.051,False,共有
DISEASE_CONCEPT_INFO__4,DISEASE_CONCEPT_INFO__4,2026搜索,助手头部1k,482,20,9998,958,4.821,2.088,-2.733,-3.586,-1.548,True,共有
DISEASE_CONCEPT_INFO__5,DISEASE_CONCEPT_INFO__5,2026搜索,助手头部1k,370,67,9998,958,3.701,6.994,3.293,1.793,5.12,True,共有
DISEASE_CONCEPT_INFO__6,DISEASE_CONCEPT_INFO__6,2026搜索,助手头部1k,151,21,9998,958,1.51,2.192,0.682,-0.115,1.839,False,共有
DOSAGE_ADMINISTRATION__1,DOSAGE_ADMINISTRATION__1,2026搜索,助手头部1k,28,1,9998,958,0.28,0.104,-0.176,-0.327,0.316,False,共有
DOSAGE_ADMINISTRATION__2,DOSAGE_ADMINISTRATION__2,2026搜索,助手头部1k,26,0,9998,958,0.26,0.0,-0.26,-0.381,0.148,False,a独有
DOSAGE_ADMINISTRATION__3,DOSAGE_ADMINISTRATION__3,2026搜索,助手头部1k,44,1,9998,958,0.44,0.104,-0.336,-0.509,0.162,False,共有
DOSAGE_ADMINISTRATION__4,DOSAGE_ADMINISTRATION__4,2026搜索,助手头部1k,48,5,9998,958,0.48,0.522,0.042,-0.295,0.746,False,共有
DOSAGE_ADMINISTRATION__5,DOSAGE_ADMINISTRATION__5,2026搜索,助手头部1k,26,0,9998,958,0.26,0.0,-0.26,-0.381,0.148,False,a独有
DOSAGE_ADMINISTRATION__6,DOSAGE_ADMINISTRATION__6,2026搜索,助手头部1k,28,1,9998,958,0.28,0.104,-0.176,-0.327,0.316,False,共有
EFFICACY_AUTHENTICITY_CHECK__1,EFFICACY_AUTHENTICITY_CHECK__1,2026搜索,助手头部1k,12,0,9998,958,0.12,0.0,-0.12,-0.21,0.283,False,a独有
EFFICACY_AUTHENTICITY_CHECK__2,EFFICACY_AUTHENTICITY_CHECK__2,2026搜索,助手头部1k,33,0,9998,958,0.33,0.0,-0.33,-0.463,0.08,False,a独有
EFFICACY_AUTHENTICITY_CHECK__3,EFFICACY_AUTHENTICITY_CHECK__3,2026搜索,助手头部1k,12,1,9998,958,0.12,0.104,-0.016,-0.14,0.472,False,共有
EFFICACY_AUTHENTICITY_CHECK__4,EFFICACY_AUTHENTICITY_CHECK__4,2026搜索,助手头部1k,32,2,9998,958,0.32,0.209,-0.111,-0.312,0.446,False,共有
NON_HEALTH_OTHER__1,NON_HEALTH_OTHER__1,2026搜索,助手头部1k,60,42,9998,958,0.6,4.384,3.784,2.647,5.279,True,共有
NON_HEALTH_OTHER__2,NON_HEALTH_OTHER__2,2026搜索,助手头部1k,89,72,9998,958,0.89,7.516,6.625,5.107,8.477,True,共有
PERMISSION_CHECK__1,PERMISSION_CHECK__1,2026搜索,助手头部1k,45,5,9998,958,0.45,0.522,0.072,-0.263,0.775,False,共有
PERMISSION_CHECK__2,PERMISSION_CHECK__2,2026搜索,助手头部1k,103,8,9998,958,1.03,0.835,-0.195,-0.66,0.629,False,共有
PHARMA_COMPANY_LOOKUP__1,PHARMA_COMPANY_LOOKUP__1,2026搜索,助手头部1k,73,1,9998,958,0.73,0.104,-0.626,-0.831,-0.119,True,共有
PROGNOSIS_CONTAGION_VERDICT__1,PROGNOSIS_CONTAGION_VERDICT__1,2026搜索,助手头部1k,12,2,9998,958,0.12,0.209,0.089,-0.087,0.64,False,共有
PROGNOSIS_CONTAGION_VERDICT__2,PROGNOSIS_CONTAGION_VERDICT__2,2026搜索,助手头部1k,26,1,9998,958,0.26,0.104,-0.156,-0.304,0.336,False,共有
PROGNOSIS_CONTAGION_VERDICT__3,PROGNOSIS_CONTAGION_VERDICT__3,2026搜索,助手头部1k,22,4,9998,958,0.22,0.418,0.197,-0.081,0.853,False,共有
PROGNOSIS_CONTAGION_VERDICT__4,PROGNOSIS_CONTAGION_VERDICT__4,2026搜索,助手头部1k,34,0,9998,958,0.34,0.0,-0.34,-0.475,0.071,False,a独有
RECOVERY_TIMING__1,RECOVERY_TIMING__1,2026搜索,助手头部1k,31,3,9998,958,0.31,0.313,0.003,-0.241,0.613,False,共有
RECOVERY_TIMING__2,RECOVERY_TIMING__2,2026搜索,助手头部1k,39,3,9998,958,0.39,0.313,-0.077,-0.328,0.536,False,共有
REFERENCE_VALUE_CALCULATOR__1,REFERENCE_VALUE_CALCULATOR__1,2026搜索,助手头部1k,129,11,9998,958,1.29,1.148,-0.142,-0.702,0.777,False,共有
REFERENCE_VALUE_CALCULATOR__2,REFERENCE_VALUE_CALCULATOR__2,2026搜索,助手头部1k,74,12,9998,958,0.74,1.253,0.512,-0.054,1.449,False,共有
REFERENCE_VALUE_CALCULATOR__3,REFERENCE_VALUE_CALCULATOR__3,2026搜索,助手头部1k,32,3,9998,958,0.32,0.313,-0.007,-0.252,0.604,False,共有
REPRODUCTIVE_HEALTH__1,REPRODUCTIVE_HEALTH__1,2026搜索,助手头部1k,47,17,9998,958,0.47,1.775,1.304,0.623,2.36,True,共有
REPRODUCTIVE_HEALTH__2,REPRODUCTIVE_HEALTH__2,2026搜索,助手头部1k,67,8,9998,958,0.67,0.835,0.165,-0.284,0.981,False,共有
RESULT_INTERPRETATION__1,RESULT_INTERPRETATION__1,2026搜索,助手头部1k,159,3,9998,958,1.59,0.313,-1.277,-1.613,-0.632,True,共有
RESULT_INTERPRETATION__2,RESULT_INTERPRETATION__2,2026搜索,助手头部1k,88,2,9998,958,0.88,0.209,-0.671,-0.925,-0.098,True,共有
SUBSTANCE_EFFICACY_LOOKUP__1,SUBSTANCE_EFFICACY_LOOKUP__1,2026搜索,助手头部1k,641,91,9998,958,6.411,9.499,3.088,1.318,5.162,True,共有
SUBSTANCE_EFFICACY_LOOKUP__2,SUBSTANCE_EFFICACY_LOOKUP__2,2026搜索,助手头部1k,3735,201,9998,958,37.357,20.981,-16.376,-19.014,-13.524,True,共有
SYMPTOM_ATTRIBUTION_DIFFERENTIATION__1,SYMPTOM_ATTRIBUTION_DIFFERENTIATION__1,2026搜索,助手头部1k,118,10,9998,958,1.18,1.044,-0.136,-0.665,0.752,False,共有
SYMPTOM_ATTRIBUTION_DIFFERENTIATION__2,SYMPTOM_ATTRIBUTION_DIFFERENTIATION__2,2026搜索,助手头部1k,149,8,9998,958,1.49,0.835,-0.655,-1.14,0.178,False,共有
SYMPTOM_ATTRIBUTION_DIFFERENTIATION__3,SYMPTOM_ATTRIBUTION_DIFFERENTIATION__3,2026搜索,助手头部1k,113,24,9998,958,1.13,2.505,1.375,0.528,2.585,True,共有
SYMPTOM_ATTRIBUTION_DIFFERENTIATION__4,SYMPTOM_ATTRIBUTION_DIFFERENTIATION__4,2026搜索,助手头部1k,122,13,9998,958,1.22,1.357,0.137,-0.473,1.108,False,共有
SYMPTOM_ATTRIBUTION_DIFFERENTIATION__5,SYMPTOM_ATTRIBUTION_DIFFERENTIATION__5,2026搜索,助手头部1k,106,13,9998,958,1.06,1.357,0.297,-0.307,1.265,False,共有
SYMPTOM_ATTRIBUTION_DIFFERENTIATION__6,SYMPTOM_ATTRIBUTION_DIFFERENTIATION__6,2026搜索,助手头部1k,305,12,9998,958,3.051,1.253,-1.798,-2.44,-0.82,True,共有
TREATMENT_SEEKING__1,TREATMENT_SEEKING__1,2026搜索,助手头部1k,389,42,9998,958,3.891,4.384,0.493,-0.699,2.026,False,共有
TREATMENT_SEEKING__2,TREATMENT_SEEKING__2,2026搜索,助手头部1k,560,62,9998,958,5.601,6.472,0.871,-0.597,2.662,False,共有
ACCIDENTAL_INGESTION_FIRST_AID__1,ACCIDENTAL_INGESTION_FIRST_AID__1,2026搜索,助手随机1k,1,0,9998,998,0.01,0.0,-0.01,-0.057,0.374,False,a独有
CARE_NAVIGATION_COST__1,CARE_NAVIGATION_COST__1,2026搜索,助手随机1k,35,45,9998,998,0.35,4.509,4.159,3.028,5.633,True,共有
CARE_NAVIGATION_COST__2,CARE_NAVIGATION_COST__2,2026搜索,助手随机1k,140,5,9998,998,1.4,0.501,-0.899,-1.28,-0.2,True,共有
CARE_NAVIGATION_COST__3,CARE_NAVIGATION_COST__3,2026搜索,助手随机1k,50,20,9998,998,0.5,2.004,1.504,0.783,2.582,True,共有
CARE_NAVIGATION_COST__4,CARE_NAVIGATION_COST__4,2026搜索,助手随机1k,36,5,9998,998,0.36,0.501,0.141,-0.177,0.815,False,共有
COMPARISON_DIFFERENCE_VERDICT__1,COMPARISON_DIFFERENCE_VERDICT__1,2026搜索,助手随机1k,22,3,9998,998,0.22,0.301,0.081,-0.148,0.665,False,共有
COMPARISON_DIFFERENCE_VERDICT__2,COMPARISON_DIFFERENCE_VERDICT__2,2026搜索,助手随机1k,10,8,9998,998,0.1,0.802,0.702,0.298,1.475,True,共有
COMPARISON_DIFFERENCE_VERDICT__3,COMPARISON_DIFFERENCE_VERDICT__3,2026搜索,助手随机1k,4,3,9998,998,0.04,0.301,0.261,0.053,0.841,True,共有
COMPARISON_DIFFERENCE_VERDICT__4,COMPARISON_DIFFERENCE_VERDICT__4,2026搜索,助手随机1k,6,5,9998,998,0.06,0.501,0.441,0.146,1.108,True,共有
COMPARISON_DIFFERENCE_VERDICT__5,COMPARISON_DIFFERENCE_VERDICT__5,2026搜索,助手随机1k,11,2,9998,998,0.11,0.2,0.09,-0.079,0.62,False,共有
COMPARISON_DIFFERENCE_VERDICT__6,COMPARISON_DIFFERENCE_VERDICT__6,2026搜索,助手随机1k,13,4,9998,998,0.13,0.401,0.271,0.009,0.898,True,共有
DISEASE_CONCEPT_INFO__1,DISEASE_CONCEPT_INFO__1,2026搜索,助手随机1k,244,8,9998,998,2.44,0.802,-1.639,-2.148,-0.816,True,共有
DISEASE_CONCEPT_INFO__2,DISEASE_CONCEPT_INFO__2,2026搜索,助手随机1k,604,9,9998,998,6.041,0.902,-5.139,-5.785,-4.219,True,共有
DISEASE_CONCEPT_INFO__3,DISEASE_CONCEPT_INFO__3,2026搜索,助手随机1k,162,10,9998,998,1.62,1.002,-0.618,-1.147,0.245,False,共有
DISEASE_CONCEPT_INFO__4,DISEASE_CONCEPT_INFO__4,2026搜索,助手随机1k,482,53,9998,998,4.821,5.311,0.49,-0.814,2.111,False,共有
DISEASE_CONCEPT_INFO__5,DISEASE_CONCEPT_INFO__5,2026搜索,助手随机1k,370,7,9998,998,3.701,0.701,-2.999,-3.53,-2.18,True,共有
DISEASE_CONCEPT_INFO__6,DISEASE_CONCEPT_INFO__6,2026搜索,助手随机1k,151,5,9998,998,1.51,0.501,-1.009,-1.395,-0.307,True,共有
DOSAGE_ADMINISTRATION__1,DOSAGE_ADMINISTRATION__1,2026搜索,助手随机1k,28,2,9998,998,0.28,0.2,-0.08,-0.271,0.455,False,共有
DOSAGE_ADMINISTRATION__2,DOSAGE_ADMINISTRATION__2,2026搜索,助手随机1k,26,11,9998,998,0.26,1.102,0.842,0.342,1.707,True,共有
DOSAGE_ADMINISTRATION__3,DOSAGE_ADMINISTRATION__3,2026搜索,助手随机1k,44,4,9998,998,0.44,0.401,-0.039,-0.326,0.596,False,共有
DOSAGE_ADMINISTRATION__4,DOSAGE_ADMINISTRATION__4,2026搜索,助手随机1k,48,3,9998,998,0.48,0.301,-0.179,-0.432,0.412,False,共有
DOSAGE_ADMINISTRATION__5,DOSAGE_ADMINISTRATION__5,2026搜索,助手随机1k,26,0,9998,998,0.26,0.0,-0.26,-0.381,0.132,False,a独有
DOSAGE_ADMINISTRATION__6,DOSAGE_ADMINISTRATION__6,2026搜索,助手随机1k,28,10,9998,998,0.28,1.002,0.722,0.248,1.559,True,共有
EFFICACY_AUTHENTICITY_CHECK__1,EFFICACY_AUTHENTICITY_CHECK__1,2026搜索,助手随机1k,12,4,9998,998,0.12,0.401,0.281,0.02,0.908,True,共有
EFFICACY_AUTHENTICITY_CHECK__2,EFFICACY_AUTHENTICITY_CHECK__2,2026搜索,助手随机1k,33,6,9998,998,0.33,0.601,0.271,-0.08,0.982,False,共有
EFFICACY_AUTHENTICITY_CHECK__3,EFFICACY_AUTHENTICITY_CHECK__3,2026搜索,助手随机1k,12,2,9998,998,0.12,0.2,0.08,-0.09,0.61,False,共有
EFFICACY_AUTHENTICITY_CHECK__4,EFFICACY_AUTHENTICITY_CHECK__4,2026搜索,助手随机1k,32,9,9998,998,0.32,0.902,0.582,0.135,1.39,True,共有
NON_HEALTH_OTHER__1,NON_HEALTH_OTHER__1,2026搜索,助手随机1k,60,75,9998,998,0.6,7.515,6.915,5.427,8.723,True,共有
NON_HEALTH_OTHER__2,NON_HEALTH_OTHER__2,2026搜索,助手随机1k,89,24,9998,998,0.89,2.405,1.515,0.705,2.675,True,共有
PERMISSION_CHECK__1,PERMISSION_CHECK__1,2026搜索,助手随机1k,45,55,9998,998,0.45,5.511,5.061,3.799,6.659,True,共有
PERMISSION_CHECK__2,PERMISSION_CHECK__2,2026搜索,助手随机1k,103,59,9998,998,1.03,5.912,4.882,3.562,6.531,True,共有
PHARMA_COMPANY_LOOKUP__1,PHARMA_COMPANY_LOOKUP__1,2026搜索,助手随机1k,73,0,9998,998,0.73,0.0,-0.73,-0.917,-0.319,True,a独有
PROGNOSIS_CONTAGION_VERDICT__1,PROGNOSIS_CONTAGION_VERDICT__1,2026搜索,助手随机1k,12,13,9998,998,0.12,1.303,1.183,0.635,2.097,True,共有
PROGNOSIS_CONTAGION_VERDICT__2,PROGNOSIS_CONTAGION_VERDICT__2,2026搜索,助手随机1k,26,4,9998,998,0.26,0.401,0.141,-0.132,0.771,False,共有
PROGNOSIS_CONTAGION_VERDICT__3,PROGNOSIS_CONTAGION_VERDICT__3,2026搜索,助手随机1k,22,4,9998,998,0.22,0.401,0.181,-0.089,0.81,False,共有
PROGNOSIS_CONTAGION_VERDICT__4,PROGNOSIS_CONTAGION_VERDICT__4,2026搜索,助手随机1k,34,2,9998,998,0.34,0.2,-0.14,-0.338,0.396,False,共有
RECOVERY_TIMING__1,RECOVERY_TIMING__1,2026搜索,助手随机1k,31,10,9998,998,0.31,1.002,0.692,0.217,1.53,True,共有
RECOVERY_TIMING__2,RECOVERY_TIMING__2,2026搜索,助手随机1k,39,18,9998,998,0.39,1.804,1.414,0.739,2.448,True,共有
REFERENCE_VALUE_CALCULATOR__1,REFERENCE_VALUE_CALCULATOR__1,2026搜索,助手随机1k,129,4,9998,998,1.29,0.401,-0.889,-1.233,-0.232,True,共有
REFERENCE_VALUE_CALCULATOR__2,REFERENCE_VALUE_CALCULATOR__2,2026搜索,助手随机1k,74,19,9998,998,0.74,1.904,1.164,0.457,2.225,True,共有
REFERENCE_VALUE_CALCULATOR__3,REFERENCE_VALUE_CALCULATOR__3,2026搜索,助手随机1k,32,5,9998,998,0.32,0.501,0.181,-0.135,0.854,False,共有
REPRODUCTIVE_HEALTH__1,REPRODUCTIVE_HEALTH__1,2026搜索,助手随机1k,47,8,9998,998,0.47,0.802,0.332,-0.092,1.112,False,共有
REPRODUCTIVE_HEALTH__2,REPRODUCTIVE_HEALTH__2,2026搜索,助手随机1k,67,10,9998,998,0.67,1.002,0.332,-0.159,1.176,False,共有
RESULT_INTERPRETATION__1,RESULT_INTERPRETATION__1,2026搜索,助手随机1k,159,5,9998,998,1.59,0.501,-1.089,-1.479,-0.385,True,共有
RESULT_INTERPRETATION__2,RESULT_INTERPRETATION__2,2026搜索,助手随机1k,88,56,9998,998,0.88,5.611,4.731,3.45,6.345,True,共有
SUBSTANCE_EFFICACY_LOOKUP__1,SUBSTANCE_EFFICACY_LOOKUP__1,2026搜索,助手随机1k,641,44,9998,998,6.411,4.409,-2.002,-3.217,-0.473,True,共有
SUBSTANCE_EFFICACY_LOOKUP__2,SUBSTANCE_EFFICACY_LOOKUP__2,2026搜索,助手随机1k,3735,96,9998,998,37.357,9.619,-27.738,-29.668,-25.539,True,共有
SYMPTOM_ATTRIBUTION_DIFFERENTIATION__1,SYMPTOM_ATTRIBUTION_DIFFERENTIATION__1,2026搜索,助手随机1k,118,36,9998,998,1.18,3.607,2.427,1.41,3.787,True,共有
SYMPTOM_ATTRIBUTION_DIFFERENTIATION__2,SYMPTOM_ATTRIBUTION_DIFFERENTIATION__2,2026搜索,助手随机1k,149,8,9998,998,1.49,0.802,-0.689,-1.16,0.114,False,共有
SYMPTOM_ATTRIBUTION_DIFFERENTIATION__3,SYMPTOM_ATTRIBUTION_DIFFERENTIATION__3,2026搜索,助手随机1k,113,53,9998,998,1.13,5.311,4.18,2.932,5.762,True,共有
SYMPTOM_ATTRIBUTION_DIFFERENTIATION__4,SYMPTOM_ATTRIBUTION_DIFFERENTIATION__4,2026搜索,助手随机1k,122,24,9998,998,1.22,2.405,1.185,0.367,2.35,True,共有
SYMPTOM_ATTRIBUTION_DIFFERENTIATION__5,SYMPTOM_ATTRIBUTION_DIFFERENTIATION__5,2026搜索,助手随机1k,106,28,9998,998,1.06,2.806,1.745,0.86,2.978,True,共有
SYMPTOM_ATTRIBUTION_DIFFERENTIATION__6,SYMPTOM_ATTRIBUTION_DIFFERENTIATION__6,2026搜索,助手随机1k,305,4,9998,998,3.051,0.401,-2.65,-3.081,-1.948,True,共有
TREATMENT_SEEKING__1,TREATMENT_SEEKING__1,2026搜索,助手随机1k,389,28,9998,998,3.891,2.806,-1.085,-2.03,0.187,False,共有
TREATMENT_SEEKING__2,TREATMENT_SEEKING__2,2026搜索,助手随机1k,560,63,9998,998,5.601,6.313,0.712,-0.715,2.449,False,共有
ACCIDENTAL_INGESTION_FIRST_AID__1,ACCIDENTAL_INGESTION_FIRST_AID__1,2026搜索,助手语音头部1k,1,0,9998,1067,0.01,0.0,-0.01,-0.057,0.349,False,a独有
CARE_NAVIGATION_COST__1,CARE_NAVIGATION_COST__1,2026搜索,助手语音头部1k,35,1,9998,1067,0.35,0.094,-0.256,-0.413,0.19,False,共有
CARE_NAVIGATION_COST__2,CARE_NAVIGATION_COST__2,2026搜索,助手语音头部1k,140,7,9998,1067,1.4,0.656,-0.744,-1.164,-0.02,True,共有
CARE_NAVIGATION_COST__3,CARE_NAVIGATION_COST__3,2026搜索,助手语音头部1k,50,1,9998,1067,0.5,0.094,-0.406,-0.583,0.045,False,共有
CARE_NAVIGATION_COST__4,CARE_NAVIGATION_COST__4,2026搜索,助手语音头部1k,36,1,9998,1067,0.36,0.094,-0.266,-0.424,0.18,False,共有
COMPARISON_DIFFERENCE_VERDICT__1,COMPARISON_DIFFERENCE_VERDICT__1,2026搜索,助手语音头部1k,22,0,9998,1067,0.22,0.0,-0.22,-0.333,0.146,False,a独有
COMPARISON_DIFFERENCE_VERDICT__2,COMPARISON_DIFFERENCE_VERDICT__2,2026搜索,助手语音头部1k,10,0,9998,1067,0.1,0.0,-0.1,-0.184,0.262,False,a独有
COMPARISON_DIFFERENCE_VERDICT__3,COMPARISON_DIFFERENCE_VERDICT__3,2026搜索,助手语音头部1k,4,1,9998,1067,0.04,0.094,0.054,-0.046,0.49,False,共有
COMPARISON_DIFFERENCE_VERDICT__4,COMPARISON_DIFFERENCE_VERDICT__4,2026搜索,助手语音头部1k,6,0,9998,1067,0.06,0.0,-0.06,-0.131,0.3,False,a独有
COMPARISON_DIFFERENCE_VERDICT__5,COMPARISON_DIFFERENCE_VERDICT__5,2026搜索,助手语音头部1k,11,0,9998,1067,0.11,0.0,-0.11,-0.197,0.252,False,a独有
COMPARISON_DIFFERENCE_VERDICT__6,COMPARISON_DIFFERENCE_VERDICT__6,2026搜索,助手语音头部1k,13,0,9998,1067,0.13,0.0,-0.13,-0.222,0.233,False,a独有
DISEASE_CONCEPT_INFO__1,DISEASE_CONCEPT_INFO__1,2026搜索,助手语音头部1k,244,2,9998,1067,2.44,0.187,-2.253,-2.602,-1.683,True,共有
DISEASE_CONCEPT_INFO__2,DISEASE_CONCEPT_INFO__2,2026搜索,助手语音头部1k,604,6,9998,1067,6.041,0.562,-5.479,-6.051,-4.681,True,共有
DISEASE_CONCEPT_INFO__3,DISEASE_CONCEPT_INFO__3,2026搜索,助手语音头部1k,162,25,9998,1067,1.62,2.343,0.723,-0.074,1.839,False,共有
DISEASE_CONCEPT_INFO__4,DISEASE_CONCEPT_INFO__4,2026搜索,助手语音头部1k,482,12,9998,1067,4.821,1.125,-3.696,-4.346,-2.773,True,共有
DISEASE_CONCEPT_INFO__5,DISEASE_CONCEPT_INFO__5,2026搜索,助手语音头部1k,370,225,9998,1067,3.701,21.087,17.386,15.013,19.96,True,共有
DISEASE_CONCEPT_INFO__6,DISEASE_CONCEPT_INFO__6,2026搜索,助手语音头部1k,151,11,9998,1067,1.51,1.031,-0.479,-1.002,0.356,False,共有
DOSAGE_ADMINISTRATION__1,DOSAGE_ADMINISTRATION__1,2026搜索,助手语音头部1k,28,0,9998,1067,0.28,0.0,-0.28,-0.404,0.089,False,a独有
DOSAGE_ADMINISTRATION__2,DOSAGE_ADMINISTRATION__2,2026搜索,助手语音头部1k,26,0,9998,1067,0.26,0.0,-0.26,-0.381,0.108,False,a独有
DOSAGE_ADMINISTRATION__3,DOSAGE_ADMINISTRATION__3,2026搜索,助手语音头部1k,44,0,9998,1067,0.44,0.0,-0.44,-0.59,-0.064,True,a独有
DOSAGE_ADMINISTRATION__4,DOSAGE_ADMINISTRATION__4,2026搜索,助手语音头部1k,48,0,9998,1067,0.48,0.0,-0.48,-0.636,-0.103,True,a独有
DOSAGE_ADMINISTRATION__5,DOSAGE_ADMINISTRATION__5,2026搜索,助手语音头部1k,26,0,9998,1067,0.26,0.0,-0.26,-0.381,0.108,False,a独有
DOSAGE_ADMINISTRATION__6,DOSAGE_ADMINISTRATION__6,2026搜索,助手语音头部1k,28,0,9998,1067,0.28,0.0,-0.28,-0.404,0.089,False,a独有
EFFICACY_AUTHENTICITY_CHECK__1,EFFICACY_AUTHENTICITY_CHECK__1,2026搜索,助手语音头部1k,12,0,9998,1067,0.12,0.0,-0.12,-0.21,0.242,False,a独有
EFFICACY_AUTHENTICITY_CHECK__2,EFFICACY_AUTHENTICITY_CHECK__2,2026搜索,助手语音头部1k,33,1,9998,1067,0.33,0.094,-0.236,-0.39,0.209,False,共有
EFFICACY_AUTHENTICITY_CHECK__3,EFFICACY_AUTHENTICITY_CHECK__3,2026搜索,助手语音头部1k,12,0,9998,1067,0.12,0.0,-0.12,-0.21,0.242,False,a独有
EFFICACY_AUTHENTICITY_CHECK__4,EFFICACY_AUTHENTICITY_CHECK__4,2026搜索,助手语音头部1k,32,4,9998,1067,0.32,0.375,0.055,-0.209,0.647,False,共有
NON_HEALTH_OTHER__1,NON_HEALTH_OTHER__1,2026搜索,助手语音头部1k,60,12,9998,1067,0.6,1.125,0.525,0.015,1.366,True,共有
NON_HEALTH_OTHER__2,NON_HEALTH_OTHER__2,2026搜索,助手语音头部1k,89,96,9998,1067,0.89,8.997,8.107,6.521,9.982,True,共有
PERMISSION_CHECK__1,PERMISSION_CHECK__1,2026搜索,助手语音头部1k,45,4,9998,1067,0.45,0.375,-0.075,-0.35,0.521,False,共有
PERMISSION_CHECK__2,PERMISSION_CHECK__2,2026搜索,助手语音头部1k,103,26,9998,1067,1.03,2.437,1.407,0.608,2.531,True,共有
PHARMA_COMPANY_LOOKUP__1,PHARMA_COMPANY_LOOKUP__1,2026搜索,助手语音头部1k,73,4,9998,1067,0.73,0.375,-0.355,-0.651,0.248,False,共有
PROGNOSIS_CONTAGION_VERDICT__1,PROGNOSIS_CONTAGION_VERDICT__1,2026搜索,助手语音头部1k,12,3,9998,1067,0.12,0.281,0.161,-0.045,0.706,False,共有
PROGNOSIS_CONTAGION_VERDICT__2,PROGNOSIS_CONTAGION_VERDICT__2,2026搜索,助手语音头部1k,26,1,9998,1067,0.26,0.094,-0.166,-0.31,0.277,False,共有
PROGNOSIS_CONTAGION_VERDICT__3,PROGNOSIS_CONTAGION_VERDICT__3,2026搜索,助手语音头部1k,22,0,9998,1067,0.22,0.0,-0.22,-0.333,0.146,False,a独有
PROGNOSIS_CONTAGION_VERDICT__4,PROGNOSIS_CONTAGION_VERDICT__4,2026搜索,助手语音头部1k,34,0,9998,1067,0.34,0.0,-0.34,-0.475,0.031,False,a独有
RECOVERY_TIMING__1,RECOVERY_TIMING__1,2026搜索,助手语音头部1k,31,0,9998,1067,0.31,0.0,-0.31,-0.44,0.06,False,a独有
RECOVERY_TIMING__2,RECOVERY_TIMING__2,2026搜索,助手语音头部1k,39,0,9998,1067,0.39,0.0,-0.39,-0.533,-0.016,True,a独有
REFERENCE_VALUE_CALCULATOR__1,REFERENCE_VALUE_CALCULATOR__1,2026搜索,助手语音头部1k,129,6,9998,1067,1.29,0.562,-0.728,-1.116,-0.038,True,共有
REFERENCE_VALUE_CALCULATOR__2,REFERENCE_VALUE_CALCULATOR__2,2026搜索,助手语音头部1k,74,1,9998,1067,0.74,0.094,-0.646,-0.85,-0.186,True,共有
REFERENCE_VALUE_CALCULATOR__3,REFERENCE_VALUE_CALCULATOR__3,2026搜索,助手语音头部1k,32,0,9998,1067,0.32,0.0,-0.32,-0.451,0.051,False,a独有
REPRODUCTIVE_HEALTH__1,REPRODUCTIVE_HEALTH__1,2026搜索,助手语音头部1k,47,9,9998,1067,0.47,0.843,0.373,-0.055,1.134,False,共有
REPRODUCTIVE_HEALTH__2,REPRODUCTIVE_HEALTH__2,2026搜索,助手语音头部1k,67,2,9998,1067,0.67,0.187,-0.483,-0.708,0.031,False,共有
RESULT_INTERPRETATION__1,RESULT_INTERPRETATION__1,2026搜索,助手语音头部1k,159,0,9998,1067,1.59,0.0,-1.59,-1.855,-1.166,True,a独有
RESULT_INTERPRETATION__2,RESULT_INTERPRETATION__2,2026搜索,助手语音头部1k,88,4,9998,1067,0.88,0.375,-0.505,-0.811,0.103,False,共有
SUBSTANCE_EFFICACY_LOOKUP__1,SUBSTANCE_EFFICACY_LOOKUP__1,2026搜索,助手语音头部1k,641,315,9998,1067,6.411,29.522,23.111,20.405,25.955,True,共有
SUBSTANCE_EFFICACY_LOOKUP__2,SUBSTANCE_EFFICACY_LOOKUP__2,2026搜索,助手语音头部1k,3735,195,9998,1067,37.357,18.276,-19.082,-21.483,-16.474,True,共有
SYMPTOM_ATTRIBUTION_DIFFERENTIATION__1,SYMPTOM_ATTRIBUTION_DIFFERENTIATION__1,2026搜索,助手语音头部1k,118,13,9998,1067,1.18,1.218,0.038,-0.517,0.915,False,共有
SYMPTOM_ATTRIBUTION_DIFFERENTIATION__2,SYMPTOM_ATTRIBUTION_DIFFERENTIATION__2,2026搜索,助手语音头部1k,149,15,9998,1067,1.49,1.406,-0.084,-0.693,0.843,False,共有
SYMPTOM_ATTRIBUTION_DIFFERENTIATION__3,SYMPTOM_ATTRIBUTION_DIFFERENTIATION__3,2026搜索,助手语音头部1k,113,24,9998,1067,1.13,2.249,1.119,0.352,2.211,True,共有
SYMPTOM_ATTRIBUTION_DIFFERENTIATION__4,SYMPTOM_ATTRIBUTION_DIFFERENTIATION__4,2026搜索,助手语音头部1k,122,10,9998,1067,1.22,0.937,-0.283,-0.771,0.521,False,共有
SYMPTOM_ATTRIBUTION_DIFFERENTIATION__5,SYMPTOM_ATTRIBUTION_DIFFERENTIATION__5,2026搜索,助手语音头部1k,106,3,9998,1067,1.06,0.281,-0.779,-1.067,-0.207,True,共有
SYMPTOM_ATTRIBUTION_DIFFERENTIATION__6,SYMPTOM_ATTRIBUTION_DIFFERENTIATION__6,2026搜索,助手语音头部1k,305,1,9998,1067,3.051,0.094,-2.957,-3.321,-2.417,True,共有
TREATMENT_SEEKING__1,TREATMENT_SEEKING__1,2026搜索,助手语音头部1k,389,13,9998,1067,3.891,1.218,-2.672,-3.315,-1.744,True,共有
TREATMENT_SEEKING__2,TREATMENT_SEEKING__2,2026搜索,助手语音头部1k,560,13,9998,1067,5.601,1.218,-4.383,-5.071,-3.424,True,共有
ACCIDENTAL_INGESTION_FIRST_AID__1,ACCIDENTAL_INGESTION_FIRST_AID__1,2026搜索,助手语音1k,1,0,9998,1000,0.01,0.0,-0.01,-0.057,0.373,False,a独有
CARE_NAVIGATION_COST__1,CARE_NAVIGATION_COST__1,2026搜索,助手语音1k,35,26,9998,1000,0.35,2.6,2.25,1.419,3.436,True,共有
CARE_NAVIGATION_COST__2,CARE_NAVIGATION_COST__2,2026搜索,助手语音1k,140,7,9998,1000,1.4,0.7,-0.7,-1.139,0.068,False,共有
CARE_NAVIGATION_COST__3,CARE_NAVIGATION_COST__3,2026搜索,助手语音1k,50,5,9998,1000,0.5,0.5,-0.0,-0.327,0.676,False,共有
CARE_NAVIGATION_COST__4,CARE_NAVIGATION_COST__4,2026搜索,助手语音1k,36,2,9998,1000,0.36,0.2,-0.16,-0.36,0.376,False,共有
COMPARISON_DIFFERENCE_VERDICT__1,COMPARISON_DIFFERENCE_VERDICT__1,2026搜索,助手语音1k,22,5,9998,1000,0.22,0.5,0.28,-0.028,0.949,False,共有
COMPARISON_DIFFERENCE_VERDICT__2,COMPARISON_DIFFERENCE_VERDICT__2,2026搜索,助手语音1k,10,7,9998,1000,0.1,0.7,0.6,0.23,1.339,True,共有
COMPARISON_DIFFERENCE_VERDICT__3,COMPARISON_DIFFERENCE_VERDICT__3,2026搜索,助手语音1k,4,5,9998,1000,0.04,0.5,0.46,0.167,1.126,True,共有
COMPARISON_DIFFERENCE_VERDICT__4,COMPARISON_DIFFERENCE_VERDICT__4,2026搜索,助手语音1k,6,3,9998,1000,0.06,0.3,0.24,0.03,0.819,True,共有
COMPARISON_DIFFERENCE_VERDICT__5,COMPARISON_DIFFERENCE_VERDICT__5,2026搜索,助手语音1k,11,6,9998,1000,0.11,0.6,0.49,0.154,1.194,True,共有
COMPARISON_DIFFERENCE_VERDICT__6,COMPARISON_DIFFERENCE_VERDICT__6,2026搜索,助手语音1k,13,0,9998,1000,0.13,0.0,-0.13,-0.222,0.256,False,a独有
DISEASE_CONCEPT_INFO__1,DISEASE_CONCEPT_INFO__1,2026搜索,助手语音1k,244,3,9998,1000,2.44,0.3,-2.14,-2.518,-1.496,True,共有
DISEASE_CONCEPT_INFO__2,DISEASE_CONCEPT_INFO__2,2026搜索,助手语音1k,604,15,9998,1000,6.041,1.5,-4.541,-5.304,-3.481,True,共有
DISEASE_CONCEPT_INFO__3,DISEASE_CONCEPT_INFO__3,2026搜索,助手语音1k,162,9,9998,1000,1.62,0.9,-0.72,-1.223,0.113,False,共有
DISEASE_CONCEPT_INFO__4,DISEASE_CONCEPT_INFO__4,2026搜索,助手语音1k,482,51,9998,1000,4.821,5.1,0.279,-0.998,1.874,False,共有
DISEASE_CONCEPT_INFO__5,DISEASE_CONCEPT_INFO__5,2026搜索,助手语音1k,370,23,9998,1000,3.701,2.3,-1.401,-2.256,-0.219,True,共有
DISEASE_CONCEPT_INFO__6,DISEASE_CONCEPT_INFO__6,2026搜索,助手语音1k,151,3,9998,1000,1.51,0.3,-1.21,-1.536,-0.591,True,共有
DOSAGE_ADMINISTRATION__1,DOSAGE_ADMINISTRATION__1,2026搜索,助手语音1k,28,2,9998,1000,0.28,0.2,-0.08,-0.271,0.453,False,共有
DOSAGE_ADMINISTRATION__2,DOSAGE_ADMINISTRATION__2,2026搜索,助手语音1k,26,8,9998,1000,0.26,0.8,0.54,0.128,1.315,True,共有
DOSAGE_ADMINISTRATION__3,DOSAGE_ADMINISTRATION__3,2026搜索,助手语音1k,44,0,9998,1000,0.44,0.0,-0.44,-0.59,-0.041,True,a独有
DOSAGE_ADMINISTRATION__4,DOSAGE_ADMINISTRATION__4,2026搜索,助手语音1k,48,6,9998,1000,0.48,0.6,0.12,-0.24,0.833,False,共有
DOSAGE_ADMINISTRATION__5,DOSAGE_ADMINISTRATION__5,2026搜索,助手语音1k,26,2,9998,1000,0.26,0.2,-0.06,-0.249,0.473,False,共有
DOSAGE_ADMINISTRATION__6,DOSAGE_ADMINISTRATION__6,2026搜索,助手语音1k,28,5,9998,1000,0.28,0.5,0.22,-0.092,0.891,False,共有
EFFICACY_AUTHENTICITY_CHECK__1,EFFICACY_AUTHENTICITY_CHECK__1,2026搜索,助手语音1k,12,3,9998,1000,0.12,0.3,0.18,-0.037,0.761,False,共有
EFFICACY_AUTHENTICITY_CHECK__2,EFFICACY_AUTHENTICITY_CHECK__2,2026搜索,助手语音1k,33,5,9998,1000,0.33,0.5,0.17,-0.146,0.842,False,共有
EFFICACY_AUTHENTICITY_CHECK__3,EFFICACY_AUTHENTICITY_CHECK__3,2026搜索,助手语音1k,12,2,9998,1000,0.12,0.2,0.08,-0.091,0.609,False,共有
EFFICACY_AUTHENTICITY_CHECK__4,EFFICACY_AUTHENTICITY_CHECK__4,2026搜索,助手语音1k,32,9,9998,1000,0.32,0.9,0.58,0.134,1.387,True,共有
NON_HEALTH_OTHER__1,NON_HEALTH_OTHER__1,2026搜索,助手语音1k,60,43,9998,1000,0.6,4.3,3.7,2.594,5.148,True,共有
NON_HEALTH_OTHER__2,NON_HEALTH_OTHER__2,2026搜索,助手语音1k,89,18,9998,1000,0.89,1.8,0.91,0.221,1.951,True,共有
PERMISSION_CHECK__1,PERMISSION_CHECK__1,2026搜索,助手语音1k,45,51,9998,1000,0.45,5.1,4.65,3.44,6.198,True,共有
PERMISSION_CHECK__2,PERMISSION_CHECK__2,2026搜索,助手语音1k,103,105,9998,1000,1.03,10.5,9.47,7.705,11.531,True,共有
PHARMA_COMPANY_LOOKUP__1,PHARMA_COMPANY_LOOKUP__1,2026搜索,助手语音1k,73,1,9998,1000,0.73,0.1,-0.63,-0.834,-0.143,True,共有
PROGNOSIS_CONTAGION_VERDICT__1,PROGNOSIS_CONTAGION_VERDICT__1,2026搜索,助手语音1k,12,2,9998,1000,0.12,0.2,0.08,-0.091,0.609,False,共有
PROGNOSIS_CONTAGION_VERDICT__2,PROGNOSIS_CONTAGION_VERDICT__2,2026搜索,助手语音1k,26,2,9998,1000,0.26,0.2,-0.06,-0.249,0.473,False,共有
PROGNOSIS_CONTAGION_VERDICT__3,PROGNOSIS_CONTAGION_VERDICT__3,2026搜索,助手语音1k,22,0,9998,1000,0.22,0.0,-0.22,-0.333,0.17,False,a独有
PROGNOSIS_CONTAGION_VERDICT__4,PROGNOSIS_CONTAGION_VERDICT__4,2026搜索,助手语音1k,34,1,9998,1000,0.34,0.1,-0.24,-0.398,0.234,False,共有
RECOVERY_TIMING__1,RECOVERY_TIMING__1,2026搜索,助手语音1k,31,8,9998,1000,0.31,0.8,0.49,0.075,1.266,True,共有
RECOVERY_TIMING__2,RECOVERY_TIMING__2,2026搜索,助手语音1k,39,4,9998,1000,0.39,0.4,0.01,-0.273,0.643,False,共有
REFERENCE_VALUE_CALCULATOR__1,REFERENCE_VALUE_CALCULATOR__1,2026搜索,助手语音1k,129,7,9998,1000,1.29,0.7,-0.59,-1.024,0.175,False,共有
REFERENCE_VALUE_CALCULATOR__2,REFERENCE_VALUE_CALCULATOR__2,2026搜索,助手语音1k,74,7,9998,1000,0.74,0.7,-0.04,-0.447,0.713,False,共有
REFERENCE_VALUE_CALCULATOR__3,REFERENCE_VALUE_CALCULATOR__3,2026搜索,助手语音1k,32,5,9998,1000,0.32,0.5,0.18,-0.135,0.852,False,共有
REPRODUCTIVE_HEALTH__1,REPRODUCTIVE_HEALTH__1,2026搜索,助手语音1k,47,2,9998,1000,0.47,0.2,-0.27,-0.482,0.269,False,共有
REPRODUCTIVE_HEALTH__2,REPRODUCTIVE_HEALTH__2,2026搜索,助手语音1k,67,2,9998,1000,0.67,0.2,-0.47,-0.701,0.075,False,共有
RESULT_INTERPRETATION__1,RESULT_INTERPRETATION__1,2026搜索,助手语音1k,159,3,9998,1000,1.59,0.3,-1.29,-1.621,-0.669,True,共有
RESULT_INTERPRETATION__2,RESULT_INTERPRETATION__2,2026搜索,助手语音1k,88,37,9998,1000,0.88,3.7,2.82,1.796,4.188,True,共有
SUBSTANCE_EFFICACY_LOOKUP__1,SUBSTANCE_EFFICACY_LOOKUP__1,2026搜索,助手语音1k,641,54,9998,1000,6.411,5.4,-1.011,-2.345,0.635,False,共有
SUBSTANCE_EFFICACY_LOOKUP__2,SUBSTANCE_EFFICACY_LOOKUP__2,2026搜索,助手语音1k,3735,193,9998,1000,37.357,19.3,-18.057,-20.572,-15.328,True,共有
SYMPTOM_ATTRIBUTION_DIFFERENTIATION__1,SYMPTOM_ATTRIBUTION_DIFFERENTIATION__1,2026搜索,助手语音1k,118,32,9998,1000,1.18,3.2,2.02,1.067,3.317,True,共有
SYMPTOM_ATTRIBUTION_DIFFERENTIATION__2,SYMPTOM_ATTRIBUTION_DIFFERENTIATION__2,2026搜索,助手语音1k,149,10,9998,1000,1.49,1.0,-0.49,-1.014,0.369,False,共有
SYMPTOM_ATTRIBUTION_DIFFERENTIATION__3,SYMPTOM_ATTRIBUTION_DIFFERENTIATION__3,2026搜索,助手语音1k,113,53,9998,1000,1.13,5.3,4.17,2.924,5.749,True,共有
SYMPTOM_ATTRIBUTION_DIFFERENTIATION__4,SYMPTOM_ATTRIBUTION_DIFFERENTIATION__4,2026搜索,助手语音1k,122,37,9998,1000,1.22,3.7,2.48,1.449,3.852,True,共有
SYMPTOM_ATTRIBUTION_DIFFERENTIATION__5,SYMPTOM_ATTRIBUTION_DIFFERENTIATION__5,2026搜索,助手语音1k,106,19,9998,1000,1.06,1.9,0.84,0.125,1.904,True,共有
SYMPTOM_ATTRIBUTION_DIFFERENTIATION__6,SYMPTOM_ATTRIBUTION_DIFFERENTIATION__6,2026搜索,助手语音1k,305,12,9998,1000,3.051,1.2,-1.851,-2.474,-0.909,True,共有
TREATMENT_SEEKING__1,TREATMENT_SEEKING__1,2026搜索,助手语音1k,389,36,9998,1000,3.891,3.6,-0.291,-1.356,1.101,False,共有
TREATMENT_SEEKING__2,TREATMENT_SEEKING__2,2026搜索,助手语音1k,560,44,9998,1000,5.601,4.4,-1.201,-2.402,0.317,False,共有
ACCIDENTAL_INGESTION_FIRST_AID__1,ACCIDENTAL_INGESTION_FIRST_AID__1,2026搜索随机1w,助手头部1k,1,0,10000,958,0.01,0.0,-0.01,-0.057,0.389,False,a独有
CARE_NAVIGATION_COST__1,CARE_NAVIGATION_COST__1,2026搜索随机1w,助手头部1k,504,30,10000,958,5.04,3.132,-1.908,-2.939,-0.541,True,共有
CARE_NAVIGATION_COST__2,CARE_NAVIGATION_COST__2,2026搜索随机1w,助手头部1k,313,39,10000,958,3.13,4.071,0.941,-0.196,2.422,False,共有
CARE_NAVIGATION_COST__3,CARE_NAVIGATION_COST__3,2026搜索随机1w,助手头部1k,87,17,10000,958,0.87,1.775,0.905,0.211,1.966,True,共有
CARE_NAVIGATION_COST__4,CARE_NAVIGATION_COST__4,2026搜索随机1w,助手头部1k,88,7,10000,958,0.88,0.731,-0.149,-0.577,0.638,False,共有
COMPARISON_DIFFERENCE_VERDICT__1,COMPARISON_DIFFERENCE_VERDICT__1,2026搜索随机1w,助手头部1k,31,1,10000,958,0.31,0.104,-0.206,-0.361,0.287,False,共有
COMPARISON_DIFFERENCE_VERDICT__2,COMPARISON_DIFFERENCE_VERDICT__2,2026搜索随机1w,助手头部1k,61,0,10000,958,0.61,0.0,-0.61,-0.783,-0.188,True,a独有
COMPARISON_DIFFERENCE_VERDICT__3,COMPARISON_DIFFERENCE_VERDICT__3,2026搜索随机1w,助手头部1k,35,0,10000,958,0.35,0.0,-0.35,-0.486,0.061,False,a独有
COMPARISON_DIFFERENCE_VERDICT__4,COMPARISON_DIFFERENCE_VERDICT__4,2026搜索随机1w,助手头部1k,44,0,10000,958,0.44,0.0,-0.44,-0.59,-0.025,True,a独有
COMPARISON_DIFFERENCE_VERDICT__5,COMPARISON_DIFFERENCE_VERDICT__5,2026搜索随机1w,助手头部1k,39,2,10000,958,0.39,0.209,-0.181,-0.389,0.378,False,共有
COMPARISON_DIFFERENCE_VERDICT__6,COMPARISON_DIFFERENCE_VERDICT__6,2026搜索随机1w,助手头部1k,18,1,10000,958,0.18,0.104,-0.076,-0.211,0.413,False,共有
DISEASE_CONCEPT_INFO__1,DISEASE_CONCEPT_INFO__1,2026搜索随机1w,助手头部1k,61,14,10000,958,0.61,1.461,0.851,0.238,1.837,True,共有
DISEASE_CONCEPT_INFO__2,DISEASE_CONCEPT_INFO__2,2026搜索随机1w,助手头部1k,100,47,10000,958,1.0,4.906,3.906,2.69,5.473,True,共有
DISEASE_CONCEPT_INFO__3,DISEASE_CONCEPT_INFO__3,2026搜索随机1w,助手头部1k,101,8,10000,958,1.01,0.835,-0.175,-0.639,0.649,False,共有
DISEASE_CONCEPT_INFO__4,DISEASE_CONCEPT_INFO__4,2026搜索随机1w,助手头部1k,626,20,10000,958,6.26,2.088,-4.172,-5.054,-2.967,True,共有
DISEASE_CONCEPT_INFO__5,DISEASE_CONCEPT_INFO__5,2026搜索随机1w,助手头部1k,156,67,10000,958,1.56,6.994,5.434,3.961,7.24,True,共有
DISEASE_CONCEPT_INFO__6,DISEASE_CONCEPT_INFO__6,2026搜索随机1w,助手头部1k,56,21,10000,958,0.56,2.192,1.632,0.86,2.775,True,共有
DOSAGE_ADMINISTRATION__1,DOSAGE_ADMINISTRATION__1,2026搜索随机1w,助手头部1k,7,1,10000,958,0.07,0.104,0.034,-0.079,0.52,False,共有
DOSAGE_ADMINISTRATION__2,DOSAGE_ADMINISTRATION__2,2026搜索随机1w,助手头部1k,42,0,10000,958,0.42,0.0,-0.42,-0.567,-0.006,True,a独有
DOSAGE_ADMINISTRATION__3,DOSAGE_ADMINISTRATION__3,2026搜索随机1w,助手头部1k,33,1,10000,958,0.33,0.104,-0.226,-0.384,0.268,False,共有
DOSAGE_ADMINISTRATION__4,DOSAGE_ADMINISTRATION__4,2026搜索随机1w,助手头部1k,34,5,10000,958,0.34,0.522,0.182,-0.146,0.883,False,共有
DOSAGE_ADMINISTRATION__5,DOSAGE_ADMINISTRATION__5,2026搜索随机1w,助手头部1k,16,0,10000,958,0.16,0.0,-0.16,-0.26,0.244,False,a独有
DOSAGE_ADMINISTRATION__6,DOSAGE_ADMINISTRATION__6,2026搜索随机1w,助手头部1k,66,1,10000,958,0.66,0.104,-0.556,-0.754,-0.051,True,共有
EFFICACY_AUTHENTICITY_CHECK__1,EFFICACY_AUTHENTICITY_CHECK__1,2026搜索随机1w,助手头部1k,48,0,10000,958,0.48,0.0,-0.48,-0.636,-0.064,True,a独有
EFFICACY_AUTHENTICITY_CHECK__2,EFFICACY_AUTHENTICITY_CHECK__2,2026搜索随机1w,助手头部1k,56,0,10000,958,0.56,0.0,-0.56,-0.726,-0.14,True,a独有
EFFICACY_AUTHENTICITY_CHECK__3,EFFICACY_AUTHENTICITY_CHECK__3,2026搜索随机1w,助手头部1k,25,1,10000,958,0.25,0.104,-0.146,-0.292,0.346,False,共有
EFFICACY_AUTHENTICITY_CHECK__4,EFFICACY_AUTHENTICITY_CHECK__4,2026搜索随机1w,助手头部1k,81,2,10000,958,0.81,0.209,-0.601,-0.849,-0.03,True,共有
NON_HEALTH_OTHER__1,NON_HEALTH_OTHER__1,2026搜索随机1w,助手头部1k,290,42,10000,958,2.9,4.384,1.484,0.307,3.005,True,共有
NON_HEALTH_OTHER__2,NON_HEALTH_OTHER__2,2026搜索随机1w,助手头部1k,136,72,10000,958,1.36,7.516,6.156,4.631,8.012,True,共有
PERMISSION_CHECK__1,PERMISSION_CHECK__1,2026搜索随机1w,助手头部1k,670,5,10000,958,6.7,0.522,-6.178,-6.766,-5.338,True,共有
PERMISSION_CHECK__2,PERMISSION_CHECK__2,2026搜索随机1w,助手头部1k,711,8,10000,958,7.11,0.835,-6.275,-6.938,-5.335,True,共有
PHARMA_COMPANY_LOOKUP__1,PHARMA_COMPANY_LOOKUP__1,2026搜索随机1w,助手头部1k,3,1,10000,958,0.03,0.104,0.074,-0.029,0.559,False,共有
PROGNOSIS_CONTAGION_VERDICT__1,PROGNOSIS_CONTAGION_VERDICT__1,2026搜索随机1w,助手头部1k,68,2,10000,958,0.68,0.209,-0.471,-0.707,0.096,False,共有
PROGNOSIS_CONTAGION_VERDICT__2,PROGNOSIS_CONTAGION_VERDICT__2,2026搜索随机1w,助手头部1k,17,1,10000,958,0.17,0.104,-0.066,-0.199,0.423,False,共有
PROGNOSIS_CONTAGION_VERDICT__3,PROGNOSIS_CONTAGION_VERDICT__3,2026搜索随机1w,助手头部1k,12,4,10000,958,0.12,0.418,0.298,0.027,0.951,True,共有
PROGNOSIS_CONTAGION_VERDICT__4,PROGNOSIS_CONTAGION_VERDICT__4,2026搜索随机1w,助手头部1k,19,0,10000,958,0.19,0.0,-0.19,-0.297,0.215,False,a独有
RECOVERY_TIMING__1,RECOVERY_TIMING__1,2026搜索随机1w,助手头部1k,84,3,10000,958,0.84,0.313,-0.527,-0.813,0.098,False,共有
RECOVERY_TIMING__2,RECOVERY_TIMING__2,2026搜索随机1w,助手头部1k,97,3,10000,958,0.97,0.313,-0.657,-0.953,-0.029,True,共有
REFERENCE_VALUE_CALCULATOR__1,REFERENCE_VALUE_CALCULATOR__1,2026搜索随机1w,助手头部1k,59,11,10000,958,0.59,1.148,0.558,0.024,1.464,True,共有
REFERENCE_VALUE_CALCULATOR__2,REFERENCE_VALUE_CALCULATOR__2,2026搜索随机1w,助手头部1k,87,12,10000,958,0.87,1.253,0.383,-0.189,1.321,False,共有
REFERENCE_VALUE_CALCULATOR__3,REFERENCE_VALUE_CALCULATOR__3,2026搜索随机1w,助手头部1k,76,3,10000,958,0.76,0.313,-0.447,-0.728,0.176,False,共有
REPRODUCTIVE_HEALTH__1,REPRODUCTIVE_HEALTH__1,2026搜索随机1w,助手头部1k,147,17,10000,958,1.47,1.775,0.305,-0.407,1.376,False,共有
REPRODUCTIVE_HEALTH__2,REPRODUCTIVE_HEALTH__2,2026搜索随机1w,助手头部1k,135,8,10000,958,1.35,0.835,-0.515,-0.994,0.316,False,共有
RESULT_INTERPRETATION__1,RESULT_INTERPRETATION__1,2026搜索随机1w,助手头部1k,69,3,10000,958,0.69,0.313,-0.377,-0.652,0.244,False,共有
RESULT_INTERPRETATION__2,RESULT_INTERPRETATION__2,2026搜索随机1w,助手头部1k,528,2,10000,958,5.28,0.209,-5.071,-5.551,-4.379,True,共有
SUBSTANCE_EFFICACY_LOOKUP__1,SUBSTANCE_EFFICACY_LOOKUP__1,2026搜索随机1w,助手头部1k,435,91,10000,958,4.35,9.499,5.149,3.4,7.207,True,共有
SUBSTANCE_EFFICACY_LOOKUP__2,SUBSTANCE_EFFICACY_LOOKUP__2,2026搜索随机1w,助手头部1k,1024,201,10000,958,10.24,20.981,10.741,8.207,13.495,True,共有
SYMPTOM_ATTRIBUTION_DIFFERENTIATION__1,SYMPTOM_ATTRIBUTION_DIFFERENTIATION__1,2026搜索随机1w,助手头部1k,320,10,10000,958,3.2,1.044,-2.156,-2.755,-1.229,True,共有
SYMPTOM_ATTRIBUTION_DIFFERENTIATION__2,SYMPTOM_ATTRIBUTION_DIFFERENTIATION__2,2026搜索随机1w,助手头部1k,212,8,10000,958,2.12,0.835,-1.285,-1.795,-0.438,True,共有
SYMPTOM_ATTRIBUTION_DIFFERENTIATION__3,SYMPTOM_ATTRIBUTION_DIFFERENTIATION__3,2026搜索随机1w,助手头部1k,538,24,10000,958,5.38,2.505,-2.875,-3.811,-1.606,True,共有
SYMPTOM_ATTRIBUTION_DIFFERENTIATION__4,SYMPTOM_ATTRIBUTION_DIFFERENTIATION__4,2026搜索随机1w,助手头部1k,323,13,10000,958,3.23,1.357,-1.873,-2.543,-0.867,True,共有
SYMPTOM_ATTRIBUTION_DIFFERENTIATION__5,SYMPTOM_ATTRIBUTION_DIFFERENTIATION__5,2026搜索随机1w,助手头部1k,235,13,10000,958,2.35,1.357,-0.993,-1.638,-0.002,True,共有
SYMPTOM_ATTRIBUTION_DIFFERENTIATION__6,SYMPTOM_ATTRIBUTION_DIFFERENTIATION__6,2026搜索随机1w,助手头部1k,103,12,10000,958,1.03,1.253,0.223,-0.355,1.164,False,共有
TREATMENT_SEEKING__1,TREATMENT_SEEKING__1,2026搜索随机1w,助手头部1k,338,42,10000,958,3.38,4.384,1.004,-0.18,2.531,False,共有
TREATMENT_SEEKING__2,TREATMENT_SEEKING__2,2026搜索随机1w,助手头部1k,535,62,10000,958,5.35,6.472,1.122,-0.342,2.911,False,共有
ACCIDENTAL_INGESTION_FIRST_AID__1,ACCIDENTAL_INGESTION_FIRST_AID__1,2026搜索随机1w,助手随机1k,1,0,10000,998,0.01,0.0,-0.01,-0.057,0.374,False,a独有
CARE_NAVIGATION_COST__1,CARE_NAVIGATION_COST__1,2026搜索随机1w,助手随机1k,504,45,10000,998,5.04,4.509,-0.531,-1.739,0.997,False,共有
CARE_NAVIGATION_COST__2,CARE_NAVIGATION_COST__2,2026搜索随机1w,助手随机1k,313,5,10000,998,3.13,0.501,-2.629,-3.089,-1.888,True,共有
CARE_NAVIGATION_COST__3,CARE_NAVIGATION_COST__3,2026搜索随机1w,助手随机1k,87,20,10000,998,0.87,2.004,1.134,0.403,2.218,True,共有
CARE_NAVIGATION_COST__4,CARE_NAVIGATION_COST__4,2026搜索随机1w,助手随机1k,88,5,10000,998,0.88,0.501,-0.379,-0.73,0.308,False,共有
COMPARISON_DIFFERENCE_VERDICT__1,COMPARISON_DIFFERENCE_VERDICT__1,2026搜索随机1w,助手随机1k,31,3,10000,998,0.31,0.301,-0.009,-0.246,0.577,False,共有
COMPARISON_DIFFERENCE_VERDICT__2,COMPARISON_DIFFERENCE_VERDICT__2,2026搜索随机1w,助手随机1k,61,8,10000,998,0.61,0.802,0.192,-0.239,0.975,False,共有
COMPARISON_DIFFERENCE_VERDICT__3,COMPARISON_DIFFERENCE_VERDICT__3,2026搜索随机1w,助手随机1k,35,3,10000,998,0.35,0.301,-0.049,-0.29,0.538,False,共有
COMPARISON_DIFFERENCE_VERDICT__4,COMPARISON_DIFFERENCE_VERDICT__4,2026搜索随机1w,助手随机1k,44,5,10000,998,0.44,0.501,0.061,-0.263,0.737,False,共有
COMPARISON_DIFFERENCE_VERDICT__5,COMPARISON_DIFFERENCE_VERDICT__5,2026搜索随机1w,助手随机1k,39,2,10000,998,0.39,0.2,-0.19,-0.393,0.348,False,共有
COMPARISON_DIFFERENCE_VERDICT__6,COMPARISON_DIFFERENCE_VERDICT__6,2026搜索随机1w,助手随机1k,18,4,10000,998,0.18,0.401,0.221,-0.045,0.849,False,共有
DISEASE_CONCEPT_INFO__1,DISEASE_CONCEPT_INFO__1,2026搜索随机1w,助手随机1k,61,8,10000,998,0.61,0.802,0.192,-0.239,0.975,False,共有
DISEASE_CONCEPT_INFO__2,DISEASE_CONCEPT_INFO__2,2026搜索随机1w,助手随机1k,100,9,10000,998,1.0,0.902,-0.098,-0.576,0.724,False,共有
DISEASE_CONCEPT_INFO__3,DISEASE_CONCEPT_INFO__3,2026搜索随机1w,助手随机1k,101,10,10000,998,1.01,1.002,-0.008,-0.513,0.843,False,共有
DISEASE_CONCEPT_INFO__4,DISEASE_CONCEPT_INFO__4,2026搜索随机1w,助手随机1k,626,53,10000,998,6.26,5.311,-0.949,-2.272,0.687,False,共有
DISEASE_CONCEPT_INFO__5,DISEASE_CONCEPT_INFO__5,2026搜索随机1w,助手随机1k,156,7,10000,998,1.56,0.701,-0.859,-1.305,-0.086,True,共有
DISEASE_CONCEPT_INFO__6,DISEASE_CONCEPT_INFO__6,2026搜索随机1w,助手随机1k,56,5,10000,998,0.56,0.501,-0.059,-0.391,0.62,False,共有
DOSAGE_ADMINISTRATION__1,DOSAGE_ADMINISTRATION__1,2026搜索随机1w,助手随机1k,7,2,10000,998,0.07,0.2,0.13,-0.033,0.659,False,共有
DOSAGE_ADMINISTRATION__2,DOSAGE_ADMINISTRATION__2,2026搜索随机1w,助手随机1k,42,11,10000,998,0.42,1.102,0.682,0.175,1.55,True,共有
DOSAGE_ADMINISTRATION__3,DOSAGE_ADMINISTRATION__3,2026搜索随机1w,助手随机1k,33,4,10000,998,0.33,0.401,0.071,-0.208,0.703,False,共有
DOSAGE_ADMINISTRATION__4,DOSAGE_ADMINISTRATION__4,2026搜索随机1w,助手随机1k,34,3,10000,998,0.34,0.301,-0.039,-0.279,0.548,False,共有
DOSAGE_ADMINISTRATION__5,DOSAGE_ADMINISTRATION__5,2026搜索随机1w,助手随机1k,16,0,10000,998,0.16,0.0,-0.16,-0.26,0.228,False,a独有
DOSAGE_ADMINISTRATION__6,DOSAGE_ADMINISTRATION__6,2026搜索随机1w,助手随机1k,66,10,10000,998,0.66,1.002,0.342,-0.149,1.186,False,共有
EFFICACY_AUTHENTICITY_CHECK__1,EFFICACY_AUTHENTICITY_CHECK__1,2026搜索随机1w,助手随机1k,48,4,10000,998,0.48,0.401,-0.079,-0.369,0.557,False,共有
EFFICACY_AUTHENTICITY_CHECK__2,EFFICACY_AUTHENTICITY_CHECK__2,2026搜索随机1w,助手随机1k,56,6,10000,998,0.56,0.601,0.041,-0.324,0.757,False,共有
EFFICACY_AUTHENTICITY_CHECK__3,EFFICACY_AUTHENTICITY_CHECK__3,2026搜索随机1w,助手随机1k,25,2,10000,998,0.25,0.2,-0.05,-0.237,0.484,False,共有
EFFICACY_AUTHENTICITY_CHECK__4,EFFICACY_AUTHENTICITY_CHECK__4,2026搜索随机1w,助手随机1k,81,9,10000,998,0.81,0.902,0.092,-0.378,0.91,False,共有
NON_HEALTH_OTHER__1,NON_HEALTH_OTHER__1,2026搜索随机1w,助手随机1k,290,75,10000,998,2.9,7.515,4.615,3.097,6.445,True,共有
NON_HEALTH_OTHER__2,NON_HEALTH_OTHER__2,2026搜索随机1w,助手随机1k,136,24,10000,998,1.36,2.405,1.045,0.223,2.212,True,共有
PERMISSION_CHECK__1,PERMISSION_CHECK__1,2026搜索随机1w,助手随机1k,670,55,10000,998,6.7,5.511,-1.189,-2.54,0.474,False,共有
PERMISSION_CHECK__2,PERMISSION_CHECK__2,2026搜索随机1w,助手随机1k,711,59,10000,998,7.11,5.912,-1.198,-2.599,0.512,False,共有
PHARMA_COMPANY_LOOKUP__1,PHARMA_COMPANY_LOOKUP__1,2026搜索随机1w,助手随机1k,3,0,10000,998,0.03,0.0,-0.03,-0.088,0.354,False,a独有
PROGNOSIS_CONTAGION_VERDICT__1,PROGNOSIS_CONTAGION_VERDICT__1,2026搜索随机1w,助手随机1k,68,13,10000,998,0.68,1.303,0.623,0.053,1.547,True,共有
PROGNOSIS_CONTAGION_VERDICT__2,PROGNOSIS_CONTAGION_VERDICT__2,2026搜索随机1w,助手随机1k,17,4,10000,998,0.17,0.401,0.231,-0.034,0.859,False,共有
PROGNOSIS_CONTAGION_VERDICT__3,PROGNOSIS_CONTAGION_VERDICT__3,2026搜索随机1w,助手随机1k,12,4,10000,998,0.12,0.401,0.281,0.02,0.908,True,共有
PROGNOSIS_CONTAGION_VERDICT__4,PROGNOSIS_CONTAGION_VERDICT__4,2026搜索随机1w,助手随机1k,19,2,10000,998,0.19,0.2,0.01,-0.17,0.542,False,共有
RECOVERY_TIMING__1,RECOVERY_TIMING__1,2026搜索随机1w,助手随机1k,84,10,10000,998,0.84,1.002,0.162,-0.336,1.01,False,共有
RECOVERY_TIMING__2,RECOVERY_TIMING__2,2026搜索随机1w,助手随机1k,97,18,10000,998,0.97,1.804,0.834,0.141,1.878,True,共有
REFERENCE_VALUE_CALCULATOR__1,REFERENCE_VALUE_CALCULATOR__1,2026搜索随机1w,助手随机1k,59,4,10000,998,0.59,0.401,-0.189,-0.487,0.45,False,共有
REFERENCE_VALUE_CALCULATOR__2,REFERENCE_VALUE_CALCULATOR__2,2026搜索随机1w,助手随机1k,87,19,10000,998,0.87,1.904,1.034,0.323,2.097,True,共有
REFERENCE_VALUE_CALCULATOR__3,REFERENCE_VALUE_CALCULATOR__3,2026搜索随机1w,助手随机1k,76,5,10000,998,0.76,0.501,-0.259,-0.603,0.425,False,共有
REPRODUCTIVE_HEALTH__1,REPRODUCTIVE_HEALTH__1,2026搜索随机1w,助手随机1k,147,8,10000,998,1.47,0.802,-0.668,-1.139,0.134,False,共有
REPRODUCTIVE_HEALTH__2,REPRODUCTIVE_HEALTH__2,2026搜索随机1w,助手随机1k,135,10,10000,998,1.35,1.002,-0.348,-0.867,0.51,False,共有
RESULT_INTERPRETATION__1,RESULT_INTERPRETATION__1,2026搜索随机1w,助手随机1k,69,5,10000,998,0.69,0.501,-0.189,-0.529,0.493,False,共有
RESULT_INTERPRETATION__2,RESULT_INTERPRETATION__2,2026搜索随机1w,助手随机1k,528,56,10000,998,5.28,5.611,0.331,-1.013,1.991,False,共有
SUBSTANCE_EFFICACY_LOOKUP__1,SUBSTANCE_EFFICACY_LOOKUP__1,2026搜索随机1w,助手随机1k,435,44,10000,998,4.35,4.409,0.059,-1.126,1.566,False,共有
SUBSTANCE_EFFICACY_LOOKUP__2,SUBSTANCE_EFFICACY_LOOKUP__2,2026搜索随机1w,助手随机1k,1024,96,10000,998,10.24,9.619,-0.621,-2.406,1.449,False,共有
SYMPTOM_ATTRIBUTION_DIFFERENTIATION__1,SYMPTOM_ATTRIBUTION_DIFFERENTIATION__1,2026搜索随机1w,助手随机1k,320,36,10000,998,3.2,3.607,0.407,-0.648,1.793,False,共有
SYMPTOM_ATTRIBUTION_DIFFERENTIATION__2,SYMPTOM_ATTRIBUTION_DIFFERENTIATION__2,2026搜索随机1w,助手随机1k,212,8,10000,998,2.12,0.802,-1.318,-1.815,-0.502,True,共有
SYMPTOM_ATTRIBUTION_DIFFERENTIATION__3,SYMPTOM_ATTRIBUTION_DIFFERENTIATION__3,2026搜索随机1w,助手随机1k,538,53,10000,998,5.38,5.311,-0.069,-1.38,1.558,False,共有
SYMPTOM_ATTRIBUTION_DIFFERENTIATION__4,SYMPTOM_ATTRIBUTION_DIFFERENTIATION__4,2026搜索随机1w,助手随机1k,323,24,10000,998,3.23,2.405,-0.825,-1.69,0.37,False,共有
SYMPTOM_ATTRIBUTION_DIFFERENTIATION__5,SYMPTOM_ATTRIBUTION_DIFFERENTIATION__5,2026搜索随机1w,助手随机1k,235,28,10000,998,2.35,2.806,0.456,-0.458,1.707,False,共有
SYMPTOM_ATTRIBUTION_DIFFERENTIATION__6,SYMPTOM_ATTRIBUTION_DIFFERENTIATION__6,2026搜索随机1w,助手随机1k,103,4,10000,998,1.03,0.401,-0.629,-0.957,0.021,False,共有
TREATMENT_SEEKING__1,TREATMENT_SEEKING__1,2026搜索随机1w,助手随机1k,338,28,10000,998,3.38,2.806,-0.574,-1.509,0.691,False,共有
TREATMENT_SEEKING__2,TREATMENT_SEEKING__2,2026搜索随机1w,助手随机1k,535,63,10000,998,5.35,6.313,0.963,-0.461,2.698,False,共有
ACCIDENTAL_INGESTION_FIRST_AID__1,ACCIDENTAL_INGESTION_FIRST_AID__1,2026搜索随机1w,助手语音头部1k,1,0,10000,1067,0.01,0.0,-0.01,-0.057,0.349,False,a独有
CARE_NAVIGATION_COST__1,CARE_NAVIGATION_COST__1,2026搜索随机1w,助手语音头部1k,504,1,10000,1067,5.04,0.094,-4.946,-5.399,-4.347,True,共有
CARE_NAVIGATION_COST__2,CARE_NAVIGATION_COST__2,2026搜索随机1w,助手语音头部1k,313,7,10000,1067,3.13,0.656,-2.474,-2.967,-1.71,True,共有
CARE_NAVIGATION_COST__3,CARE_NAVIGATION_COST__3,2026搜索随机1w,助手语音头部1k,87,1,10000,1067,0.87,0.094,-0.776,-0.992,-0.311,True,共有
CARE_NAVIGATION_COST__4,CARE_NAVIGATION_COST__4,2026搜索随机1w,助手语音头部1k,88,1,10000,1067,0.88,0.094,-0.786,-1.003,-0.321,True,共有
COMPARISON_DIFFERENCE_VERDICT__1,COMPARISON_DIFFERENCE_VERDICT__1,2026搜索随机1w,助手语音头部1k,31,0,10000,1067,0.31,0.0,-0.31,-0.44,0.06,False,a独有
COMPARISON_DIFFERENCE_VERDICT__2,COMPARISON_DIFFERENCE_VERDICT__2,2026搜索随机1w,助手语音头部1k,61,0,10000,1067,0.61,0.0,-0.61,-0.783,-0.227,True,a独有
COMPARISON_DIFFERENCE_VERDICT__3,COMPARISON_DIFFERENCE_VERDICT__3,2026搜索随机1w,助手语音头部1k,35,1,10000,1067,0.35,0.094,-0.256,-0.413,0.19,False,共有
COMPARISON_DIFFERENCE_VERDICT__4,COMPARISON_DIFFERENCE_VERDICT__4,2026搜索随机1w,助手语音头部1k,44,0,10000,1067,0.44,0.0,-0.44,-0.59,-0.064,True,a独有
COMPARISON_DIFFERENCE_VERDICT__5,COMPARISON_DIFFERENCE_VERDICT__5,2026搜索随机1w,助手语音头部1k,39,0,10000,1067,0.39,0.0,-0.39,-0.533,-0.016,True,a独有
COMPARISON_DIFFERENCE_VERDICT__6,COMPARISON_DIFFERENCE_VERDICT__6,2026搜索随机1w,助手语音头部1k,18,0,10000,1067,0.18,0.0,-0.18,-0.284,0.185,False,a独有
DISEASE_CONCEPT_INFO__1,DISEASE_CONCEPT_INFO__1,2026搜索随机1w,助手语音头部1k,61,2,10000,1067,0.61,0.187,-0.423,-0.642,0.089,False,共有
DISEASE_CONCEPT_INFO__2,DISEASE_CONCEPT_INFO__2,2026搜索随机1w,助手语音头部1k,100,6,10000,1067,1.0,0.562,-0.438,-0.81,0.245,False,共有
DISEASE_CONCEPT_INFO__3,DISEASE_CONCEPT_INFO__3,2026搜索随机1w,助手语音头部1k,101,25,10000,1067,1.01,2.343,1.333,0.552,2.44,True,共有
DISEASE_CONCEPT_INFO__4,DISEASE_CONCEPT_INFO__4,2026搜索随机1w,助手语音头部1k,626,12,10000,1067,6.26,1.125,-5.135,-5.823,-4.187,True,共有
DISEASE_CONCEPT_INFO__5,DISEASE_CONCEPT_INFO__5,2026搜索随机1w,助手语音头部1k,156,225,10000,1067,1.56,21.087,19.527,17.171,22.086,True,共有
DISEASE_CONCEPT_INFO__6,DISEASE_CONCEPT_INFO__6,2026搜索随机1w,助手语音头部1k,56,11,10000,1067,0.56,1.031,0.471,-0.013,1.287,False,共有
DOSAGE_ADMINISTRATION__1,DOSAGE_ADMINISTRATION__1,2026搜索随机1w,助手语音头部1k,7,0,10000,1067,0.07,0.0,-0.07,-0.144,0.291,False,a独有
DOSAGE_ADMINISTRATION__2,DOSAGE_ADMINISTRATION__2,2026搜索随机1w,助手语音头部1k,42,0,10000,1067,0.42,0.0,-0.42,-0.567,-0.045,True,a独有
DOSAGE_ADMINISTRATION__3,DOSAGE_ADMINISTRATION__3,2026搜索随机1w,助手语音头部1k,33,0,10000,1067,0.33,0.0,-0.33,-0.463,0.041,False,a独有
DOSAGE_ADMINISTRATION__4,DOSAGE_ADMINISTRATION__4,2026搜索随机1w,助手语音头部1k,34,0,10000,1067,0.34,0.0,-0.34,-0.475,0.032,False,a独有
DOSAGE_ADMINISTRATION__5,DOSAGE_ADMINISTRATION__5,2026搜索随机1w,助手语音头部1k,16,0,10000,1067,0.16,0.0,-0.16,-0.26,0.204,False,a独有
DOSAGE_ADMINISTRATION__6,DOSAGE_ADMINISTRATION__6,2026搜索随机1w,助手语音头部1k,66,0,10000,1067,0.66,0.0,-0.66,-0.839,-0.275,True,a独有
EFFICACY_AUTHENTICITY_CHECK__1,EFFICACY_AUTHENTICITY_CHECK__1,2026搜索随机1w,助手语音头部1k,48,0,10000,1067,0.48,0.0,-0.48,-0.636,-0.102,True,a独有
EFFICACY_AUTHENTICITY_CHECK__2,EFFICACY_AUTHENTICITY_CHECK__2,2026搜索随机1w,助手语音头部1k,56,1,10000,1067,0.56,0.094,-0.466,-0.65,-0.012,True,共有
EFFICACY_AUTHENTICITY_CHECK__3,EFFICACY_AUTHENTICITY_CHECK__3,2026搜索随机1w,助手语音头部1k,25,0,10000,1067,0.25,0.0,-0.25,-0.369,0.118,False,a独有
EFFICACY_AUTHENTICITY_CHECK__4,EFFICACY_AUTHENTICITY_CHECK__4,2026搜索随机1w,助手语音头部1k,81,4,10000,1067,0.81,0.375,-0.435,-0.736,0.171,False,共有
NON_HEALTH_OTHER__1,NON_HEALTH_OTHER__1,2026搜索随机1w,助手语音头部1k,290,12,10000,1067,2.9,1.125,-1.775,-2.368,-0.888,True,共有
NON_HEALTH_OTHER__2,NON_HEALTH_OTHER__2,2026搜索随机1w,助手语音头部1k,136,96,10000,1067,1.36,8.997,7.637,6.045,9.516,True,共有
PERMISSION_CHECK__1,PERMISSION_CHECK__1,2026搜索随机1w,助手语音头部1k,670,4,10000,1067,6.7,0.375,-6.325,-6.881,-5.572,True,共有
PERMISSION_CHECK__2,PERMISSION_CHECK__2,2026搜索随机1w,助手语音头部1k,711,26,10000,1067,7.11,2.437,-4.673,-5.601,-3.461,True,共有
PHARMA_COMPANY_LOOKUP__1,PHARMA_COMPANY_LOOKUP__1,2026搜索随机1w,助手语音头部1k,3,4,10000,1067,0.03,0.375,0.345,0.109,0.93,True,共有
PROGNOSIS_CONTAGION_VERDICT__1,PROGNOSIS_CONTAGION_VERDICT__1,2026搜索随机1w,助手语音头部1k,68,3,10000,1067,0.68,0.281,-0.399,-0.658,0.162,False,共有
PROGNOSIS_CONTAGION_VERDICT__2,PROGNOSIS_CONTAGION_VERDICT__2,2026搜索随机1w,助手语音头部1k,17,1,10000,1067,0.17,0.094,-0.076,-0.204,0.364,False,共有
PROGNOSIS_CONTAGION_VERDICT__3,PROGNOSIS_CONTAGION_VERDICT__3,2026搜索随机1w,助手语音头部1k,12,0,10000,1067,0.12,0.0,-0.12,-0.21,0.242,False,a独有
PROGNOSIS_CONTAGION_VERDICT__4,PROGNOSIS_CONTAGION_VERDICT__4,2026搜索随机1w,助手语音头部1k,19,0,10000,1067,0.19,0.0,-0.19,-0.297,0.175,False,a独有
RECOVERY_TIMING__1,RECOVERY_TIMING__1,2026搜索随机1w,助手语音头部1k,84,0,10000,1067,0.84,0.0,-0.84,-1.039,-0.447,True,a独有
RECOVERY_TIMING__2,RECOVERY_TIMING__2,2026搜索随机1w,助手语音头部1k,97,0,10000,1067,0.97,0.0,-0.97,-1.182,-0.571,True,a独有
REFERENCE_VALUE_CALCULATOR__1,REFERENCE_VALUE_CALCULATOR__1,2026搜索随机1w,助手语音头部1k,59,6,10000,1067,0.59,0.562,-0.028,-0.376,0.645,False,共有
REFERENCE_VALUE_CALCULATOR__2,REFERENCE_VALUE_CALCULATOR__2,2026搜索随机1w,助手语音头部1k,87,1,10000,1067,0.87,0.094,-0.776,-0.992,-0.311,True,共有
REFERENCE_VALUE_CALCULATOR__3,REFERENCE_VALUE_CALCULATOR__3,2026搜索随机1w,助手语音头部1k,76,0,10000,1067,0.76,0.0,-0.76,-0.95,-0.37,True,a独有
REPRODUCTIVE_HEALTH__1,REPRODUCTIVE_HEALTH__1,2026搜索随机1w,助手语音头部1k,147,9,10000,1067,1.47,0.843,-0.627,-1.1,0.156,False,共有
REPRODUCTIVE_HEALTH__2,REPRODUCTIVE_HEALTH__2,2026搜索随机1w,助手语音头部1k,135,2,10000,1067,1.35,0.187,-1.163,-1.443,-0.627,True,共有
RESULT_INTERPRETATION__1,RESULT_INTERPRETATION__1,2026搜索随机1w,助手语音头部1k,69,0,10000,1067,0.69,0.0,-0.69,-0.872,-0.303,True,a独有
RESULT_INTERPRETATION__2,RESULT_INTERPRETATION__2,2026搜索随机1w,助手语音头部1k,528,4,10000,1067,5.28,0.375,-4.905,-5.415,-4.184,True,共有
SUBSTANCE_EFFICACY_LOOKUP__1,SUBSTANCE_EFFICACY_LOOKUP__1,2026搜索随机1w,助手语音头部1k,435,315,10000,1067,4.35,29.522,25.172,22.48,28.004,True,共有
SUBSTANCE_EFFICACY_LOOKUP__2,SUBSTANCE_EFFICACY_LOOKUP__2,2026搜索随机1w,助手语音头部1k,1024,195,10000,1067,10.24,18.276,8.036,5.749,10.535,True,共有
SYMPTOM_ATTRIBUTION_DIFFERENTIATION__1,SYMPTOM_ATTRIBUTION_DIFFERENTIATION__1,2026搜索随机1w,助手语音头部1k,320,13,10000,1067,3.2,1.218,-1.982,-2.604,-1.066,True,共有
SYMPTOM_ATTRIBUTION_DIFFERENTIATION__2,SYMPTOM_ATTRIBUTION_DIFFERENTIATION__2,2026搜索随机1w,助手语音头部1k,212,15,10000,1067,2.12,1.406,-0.714,-1.343,0.225,False,共有
SYMPTOM_ATTRIBUTION_DIFFERENTIATION__3,SYMPTOM_ATTRIBUTION_DIFFERENTIATION__3,2026搜索随机1w,助手语音头部1k,538,24,10000,1067,5.38,2.249,-3.131,-3.996,-1.974,True,共有
SYMPTOM_ATTRIBUTION_DIFFERENTIATION__4,SYMPTOM_ATTRIBUTION_DIFFERENTIATION__4,2026搜索随机1w,助手语音头部1k,323,10,10000,1067,3.23,0.937,-2.293,-2.855,-1.447,True,共有
SYMPTOM_ATTRIBUTION_DIFFERENTIATION__5,SYMPTOM_ATTRIBUTION_DIFFERENTIATION__5,2026搜索随机1w,助手语音头部1k,235,3,10000,1067,2.35,0.281,-2.069,-2.435,-1.459,True,共有
SYMPTOM_ATTRIBUTION_DIFFERENTIATION__6,SYMPTOM_ATTRIBUTION_DIFFERENTIATION__6,2026搜索随机1w,助手语音头部1k,103,1,10000,1067,1.03,0.094,-0.936,-1.167,-0.465,True,共有
TREATMENT_SEEKING__1,TREATMENT_SEEKING__1,2026搜索随机1w,助手语音头部1k,338,13,10000,1067,3.38,1.218,-2.162,-2.789,-1.243,True,共有
TREATMENT_SEEKING__2,TREATMENT_SEEKING__2,2026搜索随机1w,助手语音头部1k,535,13,10000,1067,5.35,1.218,-4.132,-4.814,-3.177,True,共有
ACCIDENTAL_INGESTION_FIRST_AID__1,ACCIDENTAL_INGESTION_FIRST_AID__1,2026搜索随机1w,助手语音1k,1,0,10000,1000,0.01,0.0,-0.01,-0.057,0.373,False,a独有
CARE_NAVIGATION_COST__1,CARE_NAVIGATION_COST__1,2026搜索随机1w,助手语音1k,504,26,10000,1000,5.04,2.6,-2.44,-3.373,-1.188,True,共有
CARE_NAVIGATION_COST__2,CARE_NAVIGATION_COST__2,2026搜索随机1w,助手语音1k,313,7,10000,1000,3.13,0.7,-2.43,-2.939,-1.624,True,共有
CARE_NAVIGATION_COST__3,CARE_NAVIGATION_COST__3,2026搜索随机1w,助手语音1k,87,5,10000,1000,0.87,0.5,-0.37,-0.72,0.315,False,共有
CARE_NAVIGATION_COST__4,CARE_NAVIGATION_COST__4,2026搜索随机1w,助手语音1k,88,2,10000,1000,0.88,0.2,-0.68,-0.929,-0.128,True,共有
COMPARISON_DIFFERENCE_VERDICT__1,COMPARISON_DIFFERENCE_VERDICT__1,2026搜索随机1w,助手语音1k,31,5,10000,1000,0.31,0.5,0.19,-0.124,0.861,False,共有
COMPARISON_DIFFERENCE_VERDICT__2,COMPARISON_DIFFERENCE_VERDICT__2,2026搜索随机1w,助手语音1k,61,7,10000,1000,0.61,0.7,0.09,-0.31,0.84,False,共有
COMPARISON_DIFFERENCE_VERDICT__3,COMPARISON_DIFFERENCE_VERDICT__3,2026搜索随机1w,助手语音1k,35,5,10000,1000,0.35,0.5,0.15,-0.167,0.822,False,共有
COMPARISON_DIFFERENCE_VERDICT__4,COMPARISON_DIFFERENCE_VERDICT__4,2026搜索随机1w,助手语音1k,44,3,10000,1000,0.44,0.3,-0.14,-0.388,0.449,False,共有
COMPARISON_DIFFERENCE_VERDICT__5,COMPARISON_DIFFERENCE_VERDICT__5,2026搜索随机1w,助手语音1k,39,6,10000,1000,0.39,0.6,0.21,-0.145,0.921,False,共有
COMPARISON_DIFFERENCE_VERDICT__6,COMPARISON_DIFFERENCE_VERDICT__6,2026搜索随机1w,助手语音1k,18,0,10000,1000,0.18,0.0,-0.18,-0.284,0.208,False,a独有
DISEASE_CONCEPT_INFO__1,DISEASE_CONCEPT_INFO__1,2026搜索随机1w,助手语音1k,61,3,10000,1000,0.61,0.3,-0.31,-0.573,0.284,False,共有
DISEASE_CONCEPT_INFO__2,DISEASE_CONCEPT_INFO__2,2026搜索随机1w,助手语音1k,100,15,10000,1000,1.0,1.5,0.5,-0.127,1.476,False,共有
DISEASE_CONCEPT_INFO__3,DISEASE_CONCEPT_INFO__3,2026搜索随机1w,助手语音1k,101,9,10000,1000,1.01,0.9,-0.11,-0.587,0.711,False,共有
DISEASE_CONCEPT_INFO__4,DISEASE_CONCEPT_INFO__4,2026搜索随机1w,助手语音1k,626,51,10000,1000,6.26,5.1,-1.16,-2.457,0.45,False,共有
DISEASE_CONCEPT_INFO__5,DISEASE_CONCEPT_INFO__5,2026搜索随机1w,助手语音1k,156,23,10000,1000,1.56,2.3,0.74,-0.066,1.89,False,共有
DISEASE_CONCEPT_INFO__6,DISEASE_CONCEPT_INFO__6,2026搜索随机1w,助手语音1k,56,3,10000,1000,0.56,0.3,-0.26,-0.519,0.332,False,共有
DOSAGE_ADMINISTRATION__1,DOSAGE_ADMINISTRATION__1,2026搜索随机1w,助手语音1k,7,2,10000,1000,0.07,0.2,0.13,-0.033,0.658,False,共有
DOSAGE_ADMINISTRATION__2,DOSAGE_ADMINISTRATION__2,2026搜索随机1w,助手语音1k,42,8,10000,1000,0.42,0.8,0.38,-0.041,1.158,False,共有
DOSAGE_ADMINISTRATION__3,DOSAGE_ADMINISTRATION__3,2026搜索随机1w,助手语音1k,33,0,10000,1000,0.33,0.0,-0.33,-0.463,0.064,False,a独有
DOSAGE_ADMINISTRATION__4,DOSAGE_ADMINISTRATION__4,2026搜索随机1w,助手语音1k,34,6,10000,1000,0.34,0.6,0.26,-0.092,0.969,False,共有
DOSAGE_ADMINISTRATION__5,DOSAGE_ADMINISTRATION__5,2026搜索随机1w,助手语音1k,16,2,10000,1000,0.16,0.2,0.04,-0.136,0.57,False,共有
DOSAGE_ADMINISTRATION__6,DOSAGE_ADMINISTRATION__6,2026搜索随机1w,助手语音1k,66,5,10000,1000,0.66,0.5,-0.16,-0.497,0.52,False,共有
EFFICACY_AUTHENTICITY_CHECK__1,EFFICACY_AUTHENTICITY_CHECK__1,2026搜索随机1w,助手语音1k,48,3,10000,1000,0.48,0.3,-0.18,-0.432,0.41,False,共有
EFFICACY_AUTHENTICITY_CHECK__2,EFFICACY_AUTHENTICITY_CHECK__2,2026搜索随机1w,助手语音1k,56,5,10000,1000,0.56,0.5,-0.06,-0.391,0.617,False,共有
EFFICACY_AUTHENTICITY_CHECK__3,EFFICACY_AUTHENTICITY_CHECK__3,2026搜索随机1w,助手语音1k,25,2,10000,1000,0.25,0.2,-0.05,-0.238,0.482,False,共有
EFFICACY_AUTHENTICITY_CHECK__4,EFFICACY_AUTHENTICITY_CHECK__4,2026搜索随机1w,助手语音1k,81,9,10000,1000,0.81,0.9,0.09,-0.379,0.907,False,共有
NON_HEALTH_OTHER__1,NON_HEALTH_OTHER__1,2026搜索随机1w,助手语音1k,290,43,10000,1000,2.9,4.3,1.4,0.254,2.875,True,共有
NON_HEALTH_OTHER__2,NON_HEALTH_OTHER__2,2026搜索随机1w,助手语音1k,136,18,10000,1000,1.36,1.8,0.44,-0.263,1.488,False,共有
PERMISSION_CHECK__1,PERMISSION_CHECK__1,2026搜索随机1w,助手语音1k,670,51,10000,1000,6.7,5.1,-1.6,-2.903,0.015,False,共有
PERMISSION_CHECK__2,PERMISSION_CHECK__2,2026搜索随机1w,助手语音1k,711,105,10000,1000,7.11,10.5,3.39,1.563,5.501,True,共有
PHARMA_COMPANY_LOOKUP__1,PHARMA_COMPANY_LOOKUP__1,2026搜索随机1w,助手语音1k,3,1,10000,1000,0.03,0.1,0.07,-0.031,0.535,False,共有
PROGNOSIS_CONTAGION_VERDICT__1,PROGNOSIS_CONTAGION_VERDICT__1,2026搜索随机1w,助手语音1k,68,2,10000,1000,0.68,0.2,-0.48,-0.712,0.065,False,共有
PROGNOSIS_CONTAGION_VERDICT__2,PROGNOSIS_CONTAGION_VERDICT__2,2026搜索随机1w,助手语音1k,17,2,10000,1000,0.17,0.2,0.03,-0.147,0.56,False,共有
PROGNOSIS_CONTAGION_VERDICT__3,PROGNOSIS_CONTAGION_VERDICT__3,2026搜索随机1w,助手语音1k,12,0,10000,1000,0.12,0.0,-0.12,-0.21,0.266,False,a独有
PROGNOSIS_CONTAGION_VERDICT__4,PROGNOSIS_CONTAGION_VERDICT__4,2026搜索随机1w,助手语音1k,19,1,10000,1000,0.19,0.1,-0.09,-0.225,0.379,False,共有
RECOVERY_TIMING__1,RECOVERY_TIMING__1,2026搜索随机1w,助手语音1k,84,8,10000,1000,0.84,0.8,-0.04,-0.481,0.747,False,共有
RECOVERY_TIMING__2,RECOVERY_TIMING__2,2026搜索随机1w,助手语音1k,97,4,10000,1000,0.97,0.4,-0.57,-0.893,0.078,False,共有
REFERENCE_VALUE_CALCULATOR__1,REFERENCE_VALUE_CALCULATOR__1,2026搜索随机1w,助手语音1k,59,7,10000,1000,0.59,0.7,0.11,-0.289,0.86,False,共有
REFERENCE_VALUE_CALCULATOR__2,REFERENCE_VALUE_CALCULATOR__2,2026搜索随机1w,助手语音1k,87,7,10000,1000,0.87,0.7,-0.17,-0.583,0.586,False,共有
REFERENCE_VALUE_CALCULATOR__3,REFERENCE_VALUE_CALCULATOR__3,2026搜索随机1w,助手语音1k,76,5,10000,1000,0.76,0.5,-0.26,-0.604,0.422,False,共有
REPRODUCTIVE_HEALTH__1,REPRODUCTIVE_HEALTH__1,2026搜索随机1w,助手语音1k,147,2,10000,1000,1.47,0.2,-1.27,-1.564,-0.7,True,共有
REPRODUCTIVE_HEALTH__2,REPRODUCTIVE_HEALTH__2,2026搜索随机1w,助手语音1k,135,2,10000,1000,1.35,0.2,-1.15,-1.435,-0.584,True,共有
RESULT_INTERPRETATION__1,RESULT_INTERPRETATION__1,2026搜索随机1w,助手语音1k,69,3,10000,1000,0.69,0.3,-0.39,-0.659,0.206,False,共有
RESULT_INTERPRETATION__2,RESULT_INTERPRETATION__2,2026搜索随机1w,助手语音1k,528,37,10000,1000,5.28,3.7,-1.58,-2.682,-0.158,True,共有
SUBSTANCE_EFFICACY_LOOKUP__1,SUBSTANCE_EFFICACY_LOOKUP__1,2026搜索随机1w,助手语音1k,435,54,10000,1000,4.35,5.4,1.05,-0.256,2.675,False,共有
SUBSTANCE_EFFICACY_LOOKUP__2,SUBSTANCE_EFFICACY_LOOKUP__2,2026搜索随机1w,助手语音1k,1024,193,10000,1000,10.24,19.3,9.06,6.655,11.686,True,共有
SYMPTOM_ATTRIBUTION_DIFFERENTIATION__1,SYMPTOM_ATTRIBUTION_DIFFERENTIATION__1,2026搜索随机1w,助手语音1k,320,32,10000,1000,3.2,3.2,0.0,-0.993,1.324,False,共有
SYMPTOM_ATTRIBUTION_DIFFERENTIATION__2,SYMPTOM_ATTRIBUTION_DIFFERENTIATION__2,2026搜索随机1w,助手语音1k,212,10,10000,1000,2.12,1.0,-1.12,-1.666,-0.248,True,共有
SYMPTOM_ATTRIBUTION_DIFFERENTIATION__3,SYMPTOM_ATTRIBUTION_DIFFERENTIATION__3,2026搜索随机1w,助手语音1k,538,53,10000,1000,5.38,5.3,-0.08,-1.389,1.544,False,共有
SYMPTOM_ATTRIBUTION_DIFFERENTIATION__4,SYMPTOM_ATTRIBUTION_DIFFERENTIATION__4,2026搜索随机1w,助手语音1k,323,37,10000,1000,3.23,3.7,0.47,-0.598,1.868,False,共有
SYMPTOM_ATTRIBUTION_DIFFERENTIATION__5,SYMPTOM_ATTRIBUTION_DIFFERENTIATION__5,2026搜索随机1w,助手语音1k,235,19,10000,1000,2.35,1.9,-0.45,-1.2,0.635,False,共有
SYMPTOM_ATTRIBUTION_DIFFERENTIATION__6,SYMPTOM_ATTRIBUTION_DIFFERENTIATION__6,2026搜索随机1w,助手语音1k,103,12,10000,1000,1.03,1.2,0.17,-0.387,1.074,False,共有
TREATMENT_SEEKING__1,TREATMENT_SEEKING__1,2026搜索随机1w,助手语音1k,338,36,10000,1000,3.38,3.6,0.22,-0.836,1.605,False,共有
TREATMENT_SEEKING__2,TREATMENT_SEEKING__2,2026搜索随机1w,助手语音1k,535,44,10000,1000,5.35,4.4,-0.95,-2.147,0.566,False,共有
CARE_NAVIGATION_COST__1,CARE_NAVIGATION_COST__1,助手头部1k,助手随机1k,30,45,958,998,3.132,4.509,1.377,-0.343,3.118,False,共有
CARE_NAVIGATION_COST__2,CARE_NAVIGATION_COST__2,助手头部1k,助手随机1k,39,5,958,998,4.071,0.501,-3.57,-5.044,-2.302,True,共有
CARE_NAVIGATION_COST__3,CARE_NAVIGATION_COST__3,助手头部1k,助手随机1k,17,20,958,998,1.775,2.004,0.229,-1.033,1.49,False,共有
CARE_NAVIGATION_COST__4,CARE_NAVIGATION_COST__4,助手头部1k,助手随机1k,7,5,958,998,0.731,0.501,-0.23,-1.051,0.536,False,共有
COMPARISON_DIFFERENCE_VERDICT__1,COMPARISON_DIFFERENCE_VERDICT__1,助手头部1k,助手随机1k,1,3,958,998,0.104,0.301,0.196,-0.327,0.782,False,共有
COMPARISON_DIFFERENCE_VERDICT__2,COMPARISON_DIFFERENCE_VERDICT__2,助手头部1k,助手随机1k,0,8,958,998,0.0,0.802,0.802,0.24,1.574,True,b独有
COMPARISON_DIFFERENCE_VERDICT__3,COMPARISON_DIFFERENCE_VERDICT__3,助手头部1k,助手随机1k,0,3,958,998,0.0,0.301,0.301,-0.145,0.88,False,b独有
COMPARISON_DIFFERENCE_VERDICT__4,COMPARISON_DIFFERENCE_VERDICT__4,助手头部1k,助手随机1k,0,5,958,998,0.0,0.501,0.501,0.009,1.167,True,b独有
COMPARISON_DIFFERENCE_VERDICT__5,COMPARISON_DIFFERENCE_VERDICT__5,助手头部1k,助手随机1k,2,2,958,998,0.209,0.2,-0.008,-0.577,0.54,False,共有
COMPARISON_DIFFERENCE_VERDICT__6,COMPARISON_DIFFERENCE_VERDICT__6,助手头部1k,助手随机1k,1,4,958,998,0.104,0.401,0.296,-0.246,0.927,False,共有
DISEASE_CONCEPT_INFO__1,DISEASE_CONCEPT_INFO__1,助手头部1k,助手随机1k,14,8,958,998,1.461,0.802,-0.66,-1.713,0.311,False,共有
DISEASE_CONCEPT_INFO__2,DISEASE_CONCEPT_INFO__2,助手头部1k,助手随机1k,47,9,958,998,4.906,0.902,-4.004,-5.619,-2.563,True,共有
DISEASE_CONCEPT_INFO__3,DISEASE_CONCEPT_INFO__3,助手头部1k,助手随机1k,8,10,958,998,0.835,1.002,0.167,-0.758,1.096,False,共有
DISEASE_CONCEPT_INFO__4,DISEASE_CONCEPT_INFO__4,助手头部1k,助手随机1k,20,53,958,998,2.088,5.311,3.223,1.564,4.956,True,共有
DISEASE_CONCEPT_INFO__5,DISEASE_CONCEPT_INFO__5,助手头部1k,助手随机1k,67,7,958,998,6.994,0.701,-6.292,-8.121,-4.665,True,共有
DISEASE_CONCEPT_INFO__6,DISEASE_CONCEPT_INFO__6,助手头部1k,助手随机1k,21,5,958,998,2.192,0.501,-1.691,-2.863,-0.685,True,共有
DOSAGE_ADMINISTRATION__1,DOSAGE_ADMINISTRATION__1,助手头部1k,助手随机1k,1,2,958,998,0.104,0.2,0.096,-0.41,0.63,False,共有
DOSAGE_ADMINISTRATION__2,DOSAGE_ADMINISTRATION__2,助手头部1k,助手随机1k,0,11,958,998,0.0,1.102,1.102,0.473,1.963,True,b独有
DOSAGE_ADMINISTRATION__3,DOSAGE_ADMINISTRATION__3,助手头部1k,助手随机1k,1,4,958,998,0.104,0.401,0.296,-0.246,0.927,False,共有
DOSAGE_ADMINISTRATION__4,DOSAGE_ADMINISTRATION__4,助手头部1k,助手随机1k,5,3,958,998,0.522,0.301,-0.221,-0.943,0.431,False,共有
DOSAGE_ADMINISTRATION__6,DOSAGE_ADMINISTRATION__6,助手头部1k,助手随机1k,1,10,958,998,0.104,1.002,0.898,0.232,1.735,True,共有
EFFICACY_AUTHENTICITY_CHECK__1,EFFICACY_AUTHENTICITY_CHECK__1,助手头部1k,助手随机1k,0,4,958,998,0.0,0.401,0.401,-0.068,1.026,False,b独有
EFFICACY_AUTHENTICITY_CHECK__2,EFFICACY_AUTHENTICITY_CHECK__2,助手头部1k,助手随机1k,0,6,958,998,0.0,0.601,0.601,0.086,1.305,True,b独有
EFFICACY_AUTHENTICITY_CHECK__3,EFFICACY_AUTHENTICITY_CHECK__3,助手头部1k,助手随机1k,1,2,958,998,0.104,0.2,0.096,-0.41,0.63,False,共有
EFFICACY_AUTHENTICITY_CHECK__4,EFFICACY_AUTHENTICITY_CHECK__4,助手头部1k,助手随机1k,2,9,958,998,0.209,0.902,0.693,-0.002,1.51,False,共有
NON_HEALTH_OTHER__1,NON_HEALTH_OTHER__1,助手头部1k,助手随机1k,42,75,958,998,4.384,7.515,3.131,1.033,5.256,True,共有
NON_HEALTH_OTHER__2,NON_HEALTH_OTHER__2,助手头部1k,助手随机1k,72,24,958,998,7.516,2.405,-5.111,-7.115,-3.218,True,共有
PERMISSION_CHECK__1,PERMISSION_CHECK__1,助手头部1k,助手随机1k,5,55,958,998,0.522,5.511,4.989,3.557,6.611,True,共有
PERMISSION_CHECK__2,PERMISSION_CHECK__2,助手头部1k,助手随机1k,8,59,958,998,0.835,5.912,5.077,3.547,6.767,True,共有
PHARMA_COMPANY_LOOKUP__1,PHARMA_COMPANY_LOOKUP__1,助手头部1k,助手随机1k,1,0,958,998,0.104,0.0,-0.104,-0.589,0.289,False,a独有
PROGNOSIS_CONTAGION_VERDICT__1,PROGNOSIS_CONTAGION_VERDICT__1,助手头部1k,助手随机1k,2,13,958,998,0.209,1.303,1.094,0.324,2.02,True,共有
PROGNOSIS_CONTAGION_VERDICT__2,PROGNOSIS_CONTAGION_VERDICT__2,助手头部1k,助手随机1k,1,4,958,998,0.104,0.401,0.296,-0.246,0.927,False,共有
PROGNOSIS_CONTAGION_VERDICT__3,PROGNOSIS_CONTAGION_VERDICT__3,助手头部1k,助手随机1k,4,4,958,998,0.418,0.401,-0.017,-0.712,0.658,False,共有
PROGNOSIS_CONTAGION_VERDICT__4,PROGNOSIS_CONTAGION_VERDICT__4,助手头部1k,助手随机1k,0,2,958,998,0.0,0.2,0.2,-0.225,0.728,False,b独有
RECOVERY_TIMING__1,RECOVERY_TIMING__1,助手头部1k,助手随机1k,3,10,958,998,0.313,1.002,0.689,-0.068,1.547,False,共有
RECOVERY_TIMING__2,RECOVERY_TIMING__2,助手头部1k,助手随机1k,3,18,958,998,0.313,1.804,1.49,0.596,2.54,True,共有
REFERENCE_VALUE_CALCULATOR__1,REFERENCE_VALUE_CALCULATOR__1,助手头部1k,助手随机1k,11,4,958,998,1.148,0.401,-0.747,-1.676,0.057,False,共有
REFERENCE_VALUE_CALCULATOR__2,REFERENCE_VALUE_CALCULATOR__2,助手头部1k,助手随机1k,12,19,958,998,1.253,1.904,0.651,-0.497,1.83,False,共有
REFERENCE_VALUE_CALCULATOR__3,REFERENCE_VALUE_CALCULATOR__3,助手头部1k,助手随机1k,3,5,958,998,0.313,0.501,0.188,-0.48,0.886,False,共有
REPRODUCTIVE_HEALTH__1,REPRODUCTIVE_HEALTH__1,助手头部1k,助手随机1k,17,8,958,998,1.775,0.802,-0.973,-2.094,0.045,False,共有
REPRODUCTIVE_HEALTH__2,REPRODUCTIVE_HEALTH__2,助手头部1k,助手随机1k,8,10,958,998,0.835,1.002,0.167,-0.758,1.096,False,共有
RESULT_INTERPRETATION__1,RESULT_INTERPRETATION__1,助手头部1k,助手随机1k,3,5,958,998,0.313,0.501,0.188,-0.48,0.886,False,共有
RESULT_INTERPRETATION__2,RESULT_INTERPRETATION__2,助手头部1k,助手随机1k,2,56,958,998,0.209,5.611,5.402,4.023,7.015,True,共有
SUBSTANCE_EFFICACY_LOOKUP__1,SUBSTANCE_EFFICACY_LOOKUP__1,助手头部1k,助手随机1k,91,44,958,998,9.499,4.409,-5.09,-7.396,-2.852,True,共有
SUBSTANCE_EFFICACY_LOOKUP__2,SUBSTANCE_EFFICACY_LOOKUP__2,助手头部1k,助手随机1k,201,96,958,998,20.981,9.619,-11.362,-14.534,-8.2,True,共有
SYMPTOM_ATTRIBUTION_DIFFERENTIATION__1,SYMPTOM_ATTRIBUTION_DIFFERENTIATION__1,助手头部1k,助手随机1k,10,36,958,998,1.044,3.607,2.563,1.247,3.991,True,共有
SYMPTOM_ATTRIBUTION_DIFFERENTIATION__2,SYMPTOM_ATTRIBUTION_DIFFERENTIATION__2,助手头部1k,助手随机1k,8,8,958,998,0.835,0.802,-0.033,-0.929,0.841,False,共有
SYMPTOM_ATTRIBUTION_DIFFERENTIATION__3,SYMPTOM_ATTRIBUTION_DIFFERENTIATION__3,助手头部1k,助手随机1k,24,53,958,998,2.505,5.311,2.805,1.092,4.575,True,共有
SYMPTOM_ATTRIBUTION_DIFFERENTIATION__4,SYMPTOM_ATTRIBUTION_DIFFERENTIATION__4,助手头部1k,助手随机1k,13,24,958,998,1.357,2.405,1.048,-0.184,2.327,False,共有
SYMPTOM_ATTRIBUTION_DIFFERENTIATION__5,SYMPTOM_ATTRIBUTION_DIFFERENTIATION__5,助手头部1k,助手随机1k,13,28,958,998,1.357,2.806,1.449,0.168,2.791,True,共有
SYMPTOM_ATTRIBUTION_DIFFERENTIATION__6,SYMPTOM_ATTRIBUTION_DIFFERENTIATION__6,助手头部1k,助手随机1k,12,4,958,998,1.253,0.401,-0.852,-1.808,-0.029,True,共有
TREATMENT_SEEKING__1,TREATMENT_SEEKING__1,助手头部1k,助手随机1k,42,28,958,998,4.384,2.806,-1.579,-3.297,0.08,False,共有
TREATMENT_SEEKING__2,TREATMENT_SEEKING__2,助手头部1k,助手随机1k,62,63,958,998,6.472,6.313,-0.159,-2.359,2.024,False,共有
CARE_NAVIGATION_COST__1,CARE_NAVIGATION_COST__1,助手头部1k,助手语音头部1k,30,1,958,1067,3.132,0.094,-3.038,-4.344,-2.012,True,共有
CARE_NAVIGATION_COST__2,CARE_NAVIGATION_COST__2,助手头部1k,助手语音头部1k,39,7,958,1067,4.071,0.656,-3.415,-4.9,-2.133,True,共有
CARE_NAVIGATION_COST__3,CARE_NAVIGATION_COST__3,助手头部1k,助手语音头部1k,17,1,958,1067,1.775,0.094,-1.681,-2.733,-0.887,True,共有
CARE_NAVIGATION_COST__4,CARE_NAVIGATION_COST__4,助手头部1k,助手语音头部1k,7,1,958,1067,0.731,0.094,-0.637,-1.411,-0.062,True,共有
COMPARISON_DIFFERENCE_VERDICT__1,COMPARISON_DIFFERENCE_VERDICT__1,助手头部1k,助手语音头部1k,1,0,958,1067,0.104,0.0,-0.104,-0.589,0.265,False,a独有
COMPARISON_DIFFERENCE_VERDICT__3,COMPARISON_DIFFERENCE_VERDICT__3,助手头部1k,助手语音头部1k,0,1,958,1067,0.0,0.094,0.094,-0.313,0.529,False,b独有
COMPARISON_DIFFERENCE_VERDICT__5,COMPARISON_DIFFERENCE_VERDICT__5,助手头部1k,助手语音头部1k,2,0,958,1067,0.209,0.0,-0.209,-0.758,0.181,False,a独有
COMPARISON_DIFFERENCE_VERDICT__6,COMPARISON_DIFFERENCE_VERDICT__6,助手头部1k,助手语音头部1k,1,0,958,1067,0.104,0.0,-0.104,-0.589,0.265,False,a独有
DISEASE_CONCEPT_INFO__1,DISEASE_CONCEPT_INFO__1,助手头部1k,助手语音头部1k,14,2,958,1067,1.461,0.187,-1.274,-2.26,-0.506,True,共有
DISEASE_CONCEPT_INFO__2,DISEASE_CONCEPT_INFO__2,助手头部1k,助手语音头部1k,47,6,958,1067,4.906,0.562,-4.344,-5.93,-2.978,True,共有
DISEASE_CONCEPT_INFO__3,DISEASE_CONCEPT_INFO__3,助手头部1k,助手语音头部1k,8,25,958,1067,0.835,2.343,1.508,0.408,2.676,True,共有
DISEASE_CONCEPT_INFO__4,DISEASE_CONCEPT_INFO__4,助手头部1k,助手语音头部1k,20,12,958,1067,2.088,1.125,-0.963,-2.177,0.144,False,共有
DISEASE_CONCEPT_INFO__5,DISEASE_CONCEPT_INFO__5,助手头部1k,助手语音头部1k,67,225,958,1067,6.994,21.087,14.093,11.144,17.026,True,共有
DISEASE_CONCEPT_INFO__6,DISEASE_CONCEPT_INFO__6,助手头部1k,助手语音头部1k,21,11,958,1067,2.192,1.031,-1.161,-2.384,-0.058,True,共有
DOSAGE_ADMINISTRATION__1,DOSAGE_ADMINISTRATION__1,助手头部1k,助手语音头部1k,1,0,958,1067,0.104,0.0,-0.104,-0.589,0.265,False,a独有
DOSAGE_ADMINISTRATION__3,DOSAGE_ADMINISTRATION__3,助手头部1k,助手语音头部1k,1,0,958,1067,0.104,0.0,-0.104,-0.589,0.265,False,a独有
DOSAGE_ADMINISTRATION__4,DOSAGE_ADMINISTRATION__4,助手头部1k,助手语音头部1k,5,0,958,1067,0.522,0.0,-0.522,-1.216,-0.055,True,a独有
DOSAGE_ADMINISTRATION__6,DOSAGE_ADMINISTRATION__6,助手头部1k,助手语音头部1k,1,0,958,1067,0.104,0.0,-0.104,-0.589,0.265,False,a独有
EFFICACY_AUTHENTICITY_CHECK__2,EFFICACY_AUTHENTICITY_CHECK__2,助手头部1k,助手语音头部1k,0,1,958,1067,0.0,0.094,0.094,-0.313,0.529,False,b独有
EFFICACY_AUTHENTICITY_CHECK__3,EFFICACY_AUTHENTICITY_CHECK__3,助手头部1k,助手语音头部1k,1,0,958,1067,0.104,0.0,-0.104,-0.589,0.265,False,a独有
EFFICACY_AUTHENTICITY_CHECK__4,EFFICACY_AUTHENTICITY_CHECK__4,助手头部1k,助手语音头部1k,2,4,958,1067,0.209,0.375,0.166,-0.429,0.77,False,共有
NON_HEALTH_OTHER__1,NON_HEALTH_OTHER__1,助手头部1k,助手语音头部1k,42,12,958,1067,4.384,1.125,-3.259,-4.824,-1.861,True,共有
NON_HEALTH_OTHER__2,NON_HEALTH_OTHER__2,助手头部1k,助手语音头部1k,72,96,958,1067,7.516,8.997,1.482,-0.943,3.88,False,共有
PERMISSION_CHECK__1,PERMISSION_CHECK__1,助手头部1k,助手语音头部1k,5,4,958,1067,0.522,0.375,-0.147,-0.878,0.51,False,共有
PERMISSION_CHECK__2,PERMISSION_CHECK__2,助手头部1k,助手语音头部1k,8,26,958,1067,0.835,2.437,1.602,0.489,2.785,True,共有
PHARMA_COMPANY_LOOKUP__1,PHARMA_COMPANY_LOOKUP__1,助手头部1k,助手语音头部1k,1,4,958,1067,0.104,0.375,0.27,-0.265,0.862,False,共有
PROGNOSIS_CONTAGION_VERDICT__1,PROGNOSIS_CONTAGION_VERDICT__1,助手头部1k,助手语音头部1k,2,3,958,1067,0.209,0.281,0.072,-0.507,0.635,False,共有
PROGNOSIS_CONTAGION_VERDICT__2,PROGNOSIS_CONTAGION_VERDICT__2,助手头部1k,助手语音头部1k,1,1,958,1067,0.104,0.094,-0.011,-0.501,0.433,False,共有
PROGNOSIS_CONTAGION_VERDICT__3,PROGNOSIS_CONTAGION_VERDICT__3,助手头部1k,助手语音头部1k,4,0,958,1067,0.418,0.0,-0.418,-1.069,0.023,False,a独有
RECOVERY_TIMING__1,RECOVERY_TIMING__1,助手头部1k,助手语音头部1k,3,0,958,1067,0.313,0.0,-0.313,-0.917,0.101,False,a独有
RECOVERY_TIMING__2,RECOVERY_TIMING__2,助手头部1k,助手语音头部1k,3,0,958,1067,0.313,0.0,-0.313,-0.917,0.101,False,a独有
REFERENCE_VALUE_CALCULATOR__1,REFERENCE_VALUE_CALCULATOR__1,助手头部1k,助手语音头部1k,11,6,958,1067,1.148,0.562,-0.586,-1.532,0.245,False,共有
REFERENCE_VALUE_CALCULATOR__2,REFERENCE_VALUE_CALCULATOR__2,助手头部1k,助手语音头部1k,12,1,958,1067,1.253,0.094,-1.159,-2.086,-0.469,True,共有
REFERENCE_VALUE_CALCULATOR__3,REFERENCE_VALUE_CALCULATOR__3,助手头部1k,助手语音头部1k,3,0,958,1067,0.313,0.0,-0.313,-0.917,0.101,False,a独有
REPRODUCTIVE_HEALTH__1,REPRODUCTIVE_HEALTH__1,助手头部1k,助手语音头部1k,17,9,958,1067,1.775,0.843,-0.931,-2.053,0.072,False,共有
REPRODUCTIVE_HEALTH__2,REPRODUCTIVE_HEALTH__2,助手头部1k,助手语音头部1k,8,2,958,1067,0.835,0.187,-0.648,-1.463,-0.005,True,共有
RESULT_INTERPRETATION__1,RESULT_INTERPRETATION__1,助手头部1k,助手语音头部1k,3,0,958,1067,0.313,0.0,-0.313,-0.917,0.101,False,a独有
RESULT_INTERPRETATION__2,RESULT_INTERPRETATION__2,助手头部1k,助手语音头部1k,2,4,958,1067,0.209,0.375,0.166,-0.429,0.77,False,共有
SUBSTANCE_EFFICACY_LOOKUP__1,SUBSTANCE_EFFICACY_LOOKUP__1,助手头部1k,助手语音头部1k,91,315,958,1067,9.499,29.522,20.023,16.682,23.303,True,共有
SUBSTANCE_EFFICACY_LOOKUP__2,SUBSTANCE_EFFICACY_LOOKUP__2,助手头部1k,助手语音头部1k,201,195,958,1067,20.981,18.276,-2.706,-6.184,0.753,False,共有
SYMPTOM_ATTRIBUTION_DIFFERENTIATION__1,SYMPTOM_ATTRIBUTION_DIFFERENTIATION__1,助手头部1k,助手语音头部1k,10,13,958,1067,1.044,1.218,0.175,-0.829,1.153,False,共有
SYMPTOM_ATTRIBUTION_DIFFERENTIATION__2,SYMPTOM_ATTRIBUTION_DIFFERENTIATION__2,助手头部1k,助手语音头部1k,8,15,958,1067,0.835,1.406,0.571,-0.405,1.561,False,共有
SYMPTOM_ATTRIBUTION_DIFFERENTIATION__3,SYMPTOM_ATTRIBUTION_DIFFERENTIATION__3,助手头部1k,助手语音头部1k,24,24,958,1067,2.505,2.249,-0.256,-1.658,1.094,False,共有
SYMPTOM_ATTRIBUTION_DIFFERENTIATION__4,SYMPTOM_ATTRIBUTION_DIFFERENTIATION__4,助手头部1k,助手语音头部1k,13,10,958,1067,1.357,0.937,-0.42,-1.462,0.541,False,共有
SYMPTOM_ATTRIBUTION_DIFFERENTIATION__5,SYMPTOM_ATTRIBUTION_DIFFERENTIATION__5,助手头部1k,助手语音头部1k,13,3,958,1067,1.357,0.281,-1.076,-2.045,-0.295,True,共有
SYMPTOM_ATTRIBUTION_DIFFERENTIATION__6,SYMPTOM_ATTRIBUTION_DIFFERENTIATION__6,助手头部1k,助手语音头部1k,12,1,958,1067,1.253,0.094,-1.159,-2.086,-0.469,True,共有
TREATMENT_SEEKING__1,TREATMENT_SEEKING__1,助手头部1k,助手语音头部1k,42,13,958,1067,4.384,1.218,-3.166,-4.738,-1.753,True,共有
TREATMENT_SEEKING__2,TREATMENT_SEEKING__2,助手头部1k,助手语音头部1k,62,13,958,1067,6.472,1.218,-5.253,-7.064,-3.621,True,共有
CARE_NAVIGATION_COST__1,CARE_NAVIGATION_COST__1,助手头部1k,助手语音1k,30,26,958,1000,3.132,2.6,-0.532,-2.071,0.972,False,共有
CARE_NAVIGATION_COST__2,CARE_NAVIGATION_COST__2,助手头部1k,助手语音1k,39,7,958,1000,4.071,0.7,-3.371,-4.861,-2.064,True,共有
CARE_NAVIGATION_COST__3,CARE_NAVIGATION_COST__3,助手头部1k,助手语音1k,17,5,958,1000,1.775,0.5,-1.275,-2.362,-0.335,True,共有
CARE_NAVIGATION_COST__4,CARE_NAVIGATION_COST__4,助手头部1k,助手语音1k,7,2,958,1000,0.731,0.2,-0.531,-1.314,0.116,False,共有
COMPARISON_DIFFERENCE_VERDICT__1,COMPARISON_DIFFERENCE_VERDICT__1,助手头部1k,助手语音1k,1,5,958,1000,0.104,0.5,0.396,-0.167,1.066,False,共有
COMPARISON_DIFFERENCE_VERDICT__2,COMPARISON_DIFFERENCE_VERDICT__2,助手头部1k,助手语音1k,0,7,958,1000,0.0,0.7,0.7,0.162,1.438,True,b独有
COMPARISON_DIFFERENCE_VERDICT__3,COMPARISON_DIFFERENCE_VERDICT__3,助手头部1k,助手语音1k,0,5,958,1000,0.0,0.5,0.5,0.009,1.165,True,b独有
COMPARISON_DIFFERENCE_VERDICT__4,COMPARISON_DIFFERENCE_VERDICT__4,助手头部1k,助手语音1k,0,3,958,1000,0.0,0.3,0.3,-0.146,0.878,False,b独有
COMPARISON_DIFFERENCE_VERDICT__5,COMPARISON_DIFFERENCE_VERDICT__5,助手头部1k,助手语音1k,2,6,958,1000,0.209,0.6,0.391,-0.247,1.11,False,共有
COMPARISON_DIFFERENCE_VERDICT__6,COMPARISON_DIFFERENCE_VERDICT__6,助手头部1k,助手语音1k,1,0,958,1000,0.104,0.0,-0.104,-0.589,0.288,False,a独有
DISEASE_CONCEPT_INFO__1,DISEASE_CONCEPT_INFO__1,助手头部1k,助手语音1k,14,3,958,1000,1.461,0.3,-1.161,-2.158,-0.336,True,共有
DISEASE_CONCEPT_INFO__2,DISEASE_CONCEPT_INFO__2,助手头部1k,助手语音1k,47,15,958,1000,4.906,1.5,-3.406,-5.071,-1.872,True,共有
DISEASE_CONCEPT_INFO__3,DISEASE_CONCEPT_INFO__3,助手头部1k,助手语音1k,8,9,958,1000,0.835,0.9,0.065,-0.845,0.966,False,共有
DISEASE_CONCEPT_INFO__4,DISEASE_CONCEPT_INFO__4,助手头部1k,助手语音1k,20,51,958,1000,2.088,5.1,3.012,1.374,4.721,True,共有
DISEASE_CONCEPT_INFO__5,DISEASE_CONCEPT_INFO__5,助手头部1k,助手语音1k,67,23,958,1000,6.994,2.3,-4.694,-6.642,-2.858,True,共有
DISEASE_CONCEPT_INFO__6,DISEASE_CONCEPT_INFO__6,助手头部1k,助手语音1k,21,3,958,1000,2.192,0.3,-1.892,-3.045,-0.942,True,共有
DOSAGE_ADMINISTRATION__1,DOSAGE_ADMINISTRATION__1,助手头部1k,助手语音1k,1,2,958,1000,0.104,0.2,0.096,-0.41,0.629,False,共有
DOSAGE_ADMINISTRATION__2,DOSAGE_ADMINISTRATION__2,助手头部1k,助手语音1k,0,8,958,1000,0.0,0.8,0.8,0.239,1.571,True,b独有
DOSAGE_ADMINISTRATION__3,DOSAGE_ADMINISTRATION__3,助手头部1k,助手语音1k,1,0,958,1000,0.104,0.0,-0.104,-0.589,0.288,False,a独有
DOSAGE_ADMINISTRATION__4,DOSAGE_ADMINISTRATION__4,助手头部1k,助手语音1k,5,6,958,1000,0.522,0.6,0.078,-0.688,0.842,False,共有
DOSAGE_ADMINISTRATION__5,DOSAGE_ADMINISTRATION__5,助手头部1k,助手语音1k,0,2,958,1000,0.0,0.2,0.2,-0.225,0.726,False,b独有
DOSAGE_ADMINISTRATION__6,DOSAGE_ADMINISTRATION__6,助手头部1k,助手语音1k,1,5,958,1000,0.104,0.5,0.396,-0.167,1.066,False,共有
EFFICACY_AUTHENTICITY_CHECK__1,EFFICACY_AUTHENTICITY_CHECK__1,助手头部1k,助手语音1k,0,3,958,1000,0.0,0.3,0.3,-0.146,0.878,False,b独有
EFFICACY_AUTHENTICITY_CHECK__2,EFFICACY_AUTHENTICITY_CHECK__2,助手头部1k,助手语音1k,0,5,958,1000,0.0,0.5,0.5,0.009,1.165,True,b独有
EFFICACY_AUTHENTICITY_CHECK__3,EFFICACY_AUTHENTICITY_CHECK__3,助手头部1k,助手语音1k,1,2,958,1000,0.104,0.2,0.096,-0.41,0.629,False,共有
EFFICACY_AUTHENTICITY_CHECK__4,EFFICACY_AUTHENTICITY_CHECK__4,助手头部1k,助手语音1k,2,9,958,1000,0.209,0.9,0.691,-0.004,1.507,False,共有
NON_HEALTH_OTHER__1,NON_HEALTH_OTHER__1,助手头部1k,助手语音1k,42,43,958,1000,4.384,4.3,-0.084,-1.931,1.744,False,共有
NON_HEALTH_OTHER__2,NON_HEALTH_OTHER__2,助手头部1k,助手语音1k,72,18,958,1000,7.516,1.8,-5.716,-7.674,-3.893,True,共有
PERMISSION_CHECK__1,PERMISSION_CHECK__1,助手头部1k,助手语音1k,5,51,958,1000,0.522,5.1,4.578,3.192,6.15,True,共有
PERMISSION_CHECK__2,PERMISSION_CHECK__2,助手头部1k,助手语音1k,8,105,958,1000,0.835,10.5,9.665,7.738,11.759,True,共有
PHARMA_COMPANY_LOOKUP__1,PHARMA_COMPANY_LOOKUP__1,助手头部1k,助手语音1k,1,1,958,1000,0.104,0.1,-0.004,-0.496,0.468,False,共有
PROGNOSIS_CONTAGION_VERDICT__1,PROGNOSIS_CONTAGION_VERDICT__1,助手头部1k,助手语音1k,2,2,958,1000,0.209,0.2,-0.009,-0.577,0.539,False,共有
PROGNOSIS_CONTAGION_VERDICT__2,PROGNOSIS_CONTAGION_VERDICT__2,助手头部1k,助手语音1k,1,2,958,1000,0.104,0.2,0.096,-0.41,0.629,False,共有
PROGNOSIS_CONTAGION_VERDICT__3,PROGNOSIS_CONTAGION_VERDICT__3,助手头部1k,助手语音1k,4,0,958,1000,0.418,0.0,-0.418,-1.069,0.042,False,a独有
PROGNOSIS_CONTAGION_VERDICT__4,PROGNOSIS_CONTAGION_VERDICT__4,助手头部1k,助手语音1k,0,1,958,1000,0.0,0.1,0.1,-0.308,0.564,False,b独有
RECOVERY_TIMING__1,RECOVERY_TIMING__1,助手头部1k,助手语音1k,3,8,958,1000,0.313,0.8,0.487,-0.234,1.285,False,共有
RECOVERY_TIMING__2,RECOVERY_TIMING__2,助手头部1k,助手语音1k,3,4,958,1000,0.313,0.4,0.087,-0.564,0.744,False,共有
REFERENCE_VALUE_CALCULATOR__1,REFERENCE_VALUE_CALCULATOR__1,助手头部1k,助手语音1k,11,7,958,1000,1.148,0.7,-0.448,-1.414,0.446,False,共有
REFERENCE_VALUE_CALCULATOR__2,REFERENCE_VALUE_CALCULATOR__2,助手头部1k,助手语音1k,12,7,958,1000,1.253,0.7,-0.553,-1.544,0.359,False,共有
REFERENCE_VALUE_CALCULATOR__3,REFERENCE_VALUE_CALCULATOR__3,助手头部1k,助手语音1k,3,5,958,1000,0.313,0.5,0.187,-0.481,0.883,False,共有
REPRODUCTIVE_HEALTH__1,REPRODUCTIVE_HEALTH__1,助手头部1k,助手语音1k,17,2,958,1000,1.775,0.2,-1.575,-2.633,-0.728,True,共有
REPRODUCTIVE_HEALTH__2,REPRODUCTIVE_HEALTH__2,助手头部1k,助手语音1k,8,2,958,1000,0.835,0.2,-0.635,-1.452,0.033,False,共有
RESULT_INTERPRETATION__1,RESULT_INTERPRETATION__1,助手头部1k,助手语音1k,3,3,958,1000,0.313,0.3,-0.013,-0.648,0.601,False,共有
RESULT_INTERPRETATION__2,RESULT_INTERPRETATION__2,助手头部1k,助手语音1k,2,37,958,1000,0.209,3.7,3.491,2.347,4.858,True,共有
SUBSTANCE_EFFICACY_LOOKUP__1,SUBSTANCE_EFFICACY_LOOKUP__1,助手头部1k,助手语音1k,91,54,958,1000,9.499,5.4,-4.099,-6.47,-1.78,True,共有
SUBSTANCE_EFFICACY_LOOKUP__2,SUBSTANCE_EFFICACY_LOOKUP__2,助手头部1k,助手语音1k,201,193,958,1000,20.981,19.3,-1.681,-5.239,1.87,False,共有
SYMPTOM_ATTRIBUTION_DIFFERENTIATION__1,SYMPTOM_ATTRIBUTION_DIFFERENTIATION__1,助手头部1k,助手语音1k,10,32,958,1000,1.044,3.2,2.156,0.889,3.524,True,共有
SYMPTOM_ATTRIBUTION_DIFFERENTIATION__2,SYMPTOM_ATTRIBUTION_DIFFERENTIATION__2,助手头部1k,助手语音1k,8,10,958,1000,0.835,1.0,0.165,-0.759,1.092,False,共有
SYMPTOM_ATTRIBUTION_DIFFERENTIATION__3,SYMPTOM_ATTRIBUTION_DIFFERENTIATION__3,助手头部1k,助手语音1k,24,53,958,1000,2.505,5.3,2.795,1.083,4.562,True,共有
SYMPTOM_ATTRIBUTION_DIFFERENTIATION__4,SYMPTOM_ATTRIBUTION_DIFFERENTIATION__4,助手头部1k,助手语音1k,13,37,958,1000,1.357,3.7,2.343,0.96,3.813,True,共有
SYMPTOM_ATTRIBUTION_DIFFERENTIATION__5,SYMPTOM_ATTRIBUTION_DIFFERENTIATION__5,助手头部1k,助手语音1k,13,19,958,1000,1.357,1.9,0.543,-0.626,1.733,False,共有
SYMPTOM_ATTRIBUTION_DIFFERENTIATION__6,SYMPTOM_ATTRIBUTION_DIFFERENTIATION__6,助手头部1k,助手语音1k,12,12,958,1000,1.253,1.2,-0.053,-1.109,0.982,False,共有
TREATMENT_SEEKING__1,TREATMENT_SEEKING__1,助手头部1k,助手语音1k,42,36,958,1000,4.384,3.6,-0.784,-2.571,0.968,False,共有
TREATMENT_SEEKING__2,TREATMENT_SEEKING__2,助手头部1k,助手语音1k,62,44,958,1000,6.472,4.4,-2.072,-4.132,-0.059,True,共有
CARE_NAVIGATION_COST__1,CARE_NAVIGATION_COST__1,助手随机1k,助手语音头部1k,45,1,998,1067,4.509,0.094,-4.415,-5.888,-3.212,True,共有
CARE_NAVIGATION_COST__2,CARE_NAVIGATION_COST__2,助手随机1k,助手语音头部1k,5,7,998,1067,0.501,0.656,0.155,-0.592,0.904,False,共有
CARE_NAVIGATION_COST__3,CARE_NAVIGATION_COST__3,助手随机1k,助手语音头部1k,20,1,998,1067,2.004,0.094,-1.91,-2.984,-1.083,True,共有
CARE_NAVIGATION_COST__4,CARE_NAVIGATION_COST__4,助手随机1k,助手语音头部1k,5,1,998,1067,0.501,0.094,-0.407,-1.078,0.114,False,共有
COMPARISON_DIFFERENCE_VERDICT__1,COMPARISON_DIFFERENCE_VERDICT__1,助手随机1k,助手语音头部1k,3,0,998,1067,0.301,0.0,-0.301,-0.88,0.109,False,a独有
COMPARISON_DIFFERENCE_VERDICT__2,COMPARISON_DIFFERENCE_VERDICT__2,助手随机1k,助手语音头部1k,8,0,998,1067,0.802,0.0,-0.802,-1.574,-0.268,True,a独有
COMPARISON_DIFFERENCE_VERDICT__3,COMPARISON_DIFFERENCE_VERDICT__3,助手随机1k,助手语音头部1k,3,1,998,1067,0.301,0.094,-0.207,-0.791,0.271,False,共有
COMPARISON_DIFFERENCE_VERDICT__4,COMPARISON_DIFFERENCE_VERDICT__4,助手随机1k,助手语音头部1k,5,0,998,1067,0.501,0.0,-0.501,-1.167,-0.042,True,a独有
COMPARISON_DIFFERENCE_VERDICT__5,COMPARISON_DIFFERENCE_VERDICT__5,助手随机1k,助手语音头部1k,2,0,998,1067,0.2,0.0,-0.2,-0.728,0.187,False,a独有
COMPARISON_DIFFERENCE_VERDICT__6,COMPARISON_DIFFERENCE_VERDICT__6,助手随机1k,助手语音头部1k,4,0,998,1067,0.401,0.0,-0.401,-1.026,0.034,False,a独有
DISEASE_CONCEPT_INFO__1,DISEASE_CONCEPT_INFO__1,助手随机1k,助手语音头部1k,8,2,998,1067,0.802,0.187,-0.614,-1.398,0.018,False,共有
DISEASE_CONCEPT_INFO__2,DISEASE_CONCEPT_INFO__2,助手随机1k,助手语音头部1k,9,6,998,1067,0.902,0.562,-0.339,-1.198,0.446,False,共有
DISEASE_CONCEPT_INFO__3,DISEASE_CONCEPT_INFO__3,助手随机1k,助手语音头部1k,10,25,998,1067,1.002,2.343,1.341,0.22,2.526,True,共有
DISEASE_CONCEPT_INFO__4,DISEASE_CONCEPT_INFO__4,助手随机1k,助手语音头部1k,53,12,998,1067,5.311,1.125,-4.186,-5.828,-2.704,True,共有
DISEASE_CONCEPT_INFO__5,DISEASE_CONCEPT_INFO__5,助手随机1k,助手语音头部1k,7,225,998,1067,0.701,21.087,20.386,17.93,22.96,True,共有
DISEASE_CONCEPT_INFO__6,DISEASE_CONCEPT_INFO__6,助手随机1k,助手语音头部1k,5,11,998,1067,0.501,1.031,0.53,-0.277,1.385,False,共有
DOSAGE_ADMINISTRATION__1,DOSAGE_ADMINISTRATION__1,助手随机1k,助手语音头部1k,2,0,998,1067,0.2,0.0,-0.2,-0.728,0.187,False,a独有
DOSAGE_ADMINISTRATION__2,DOSAGE_ADMINISTRATION__2,助手随机1k,助手语音头部1k,11,0,998,1067,1.102,0.0,-1.102,-1.963,-0.498,True,a独有
DOSAGE_ADMINISTRATION__3,DOSAGE_ADMINISTRATION__3,助手随机1k,助手语音头部1k,4,0,998,1067,0.401,0.0,-0.401,-1.026,0.034,False,a独有
DOSAGE_ADMINISTRATION__4,DOSAGE_ADMINISTRATION__4,助手随机1k,助手语音头部1k,3,0,998,1067,0.301,0.0,-0.301,-0.88,0.109,False,a独有
DOSAGE_ADMINISTRATION__6,DOSAGE_ADMINISTRATION__6,助手随机1k,助手语音头部1k,10,0,998,1067,1.002,0.0,-1.002,-1.835,-0.421,True,a独有
EFFICACY_AUTHENTICITY_CHECK__1,EFFICACY_AUTHENTICITY_CHECK__1,助手随机1k,助手语音头部1k,4,0,998,1067,0.401,0.0,-0.401,-1.026,0.034,False,a独有
EFFICACY_AUTHENTICITY_CHECK__2,EFFICACY_AUTHENTICITY_CHECK__2,助手随机1k,助手语音头部1k,6,1,998,1067,0.601,0.094,-0.507,-1.216,0.036,False,共有
EFFICACY_AUTHENTICITY_CHECK__3,EFFICACY_AUTHENTICITY_CHECK__3,助手随机1k,助手语音头部1k,2,0,998,1067,0.2,0.0,-0.2,-0.728,0.187,False,a独有
EFFICACY_AUTHENTICITY_CHECK__4,EFFICACY_AUTHENTICITY_CHECK__4,助手随机1k,助手语音头部1k,9,4,998,1067,0.902,0.375,-0.527,-1.362,0.197,False,共有
NON_HEALTH_OTHER__1,NON_HEALTH_OTHER__1,助手随机1k,助手语音头部1k,75,12,998,1067,7.515,1.125,-6.39,-8.257,-4.695,True,共有
NON_HEALTH_OTHER__2,NON_HEALTH_OTHER__2,助手随机1k,助手语音头部1k,24,96,998,1067,2.405,8.997,6.592,4.645,8.617,True,共有
PERMISSION_CHECK__1,PERMISSION_CHECK__1,助手随机1k,助手语音头部1k,55,4,998,1067,5.511,0.375,-5.136,-6.746,-3.754,True,共有
PERMISSION_CHECK__2,PERMISSION_CHECK__2,助手随机1k,助手语音头部1k,59,26,998,1067,5.912,2.437,-3.475,-5.286,-1.765,True,共有
PHARMA_COMPANY_LOOKUP__1,PHARMA_COMPANY_LOOKUP__1,助手随机1k,助手语音头部1k,0,4,998,1067,0.0,0.375,0.375,-0.072,0.96,False,b独有
PROGNOSIS_CONTAGION_VERDICT__1,PROGNOSIS_CONTAGION_VERDICT__1,助手随机1k,助手语音头部1k,13,3,998,1067,1.303,0.281,-1.021,-1.953,-0.256,True,共有
PROGNOSIS_CONTAGION_VERDICT__2,PROGNOSIS_CONTAGION_VERDICT__2,助手随机1k,助手语音头部1k,4,1,998,1067,0.401,0.094,-0.307,-0.937,0.192,False,共有
PROGNOSIS_CONTAGION_VERDICT__3,PROGNOSIS_CONTAGION_VERDICT__3,助手随机1k,助手语音头部1k,4,0,998,1067,0.401,0.0,-0.401,-1.026,0.034,False,a独有
PROGNOSIS_CONTAGION_VERDICT__4,PROGNOSIS_CONTAGION_VERDICT__4,助手随机1k,助手语音头部1k,2,0,998,1067,0.2,0.0,-0.2,-0.728,0.187,False,a独有
RECOVERY_TIMING__1,RECOVERY_TIMING__1,助手随机1k,助手语音头部1k,10,0,998,1067,1.002,0.0,-1.002,-1.835,-0.421,True,a独有
RECOVERY_TIMING__2,RECOVERY_TIMING__2,助手随机1k,助手语音头部1k,18,0,998,1067,1.804,0.0,-1.804,-2.833,-1.053,True,a独有
REFERENCE_VALUE_CALCULATOR__1,REFERENCE_VALUE_CALCULATOR__1,助手随机1k,助手语音头部1k,4,6,998,1067,0.401,0.562,0.162,-0.534,0.865,False,共有
REFERENCE_VALUE_CALCULATOR__2,REFERENCE_VALUE_CALCULATOR__2,助手随机1k,助手语音头部1k,19,1,998,1067,1.904,0.094,-1.81,-2.863,-1.001,True,共有
REFERENCE_VALUE_CALCULATOR__3,REFERENCE_VALUE_CALCULATOR__3,助手随机1k,助手语音头部1k,5,0,998,1067,0.501,0.0,-0.501,-1.167,-0.042,True,a独有
REPRODUCTIVE_HEALTH__1,REPRODUCTIVE_HEALTH__1,助手随机1k,助手语音头部1k,8,9,998,1067,0.802,0.843,0.042,-0.827,0.891,False,共有
REPRODUCTIVE_HEALTH__2,REPRODUCTIVE_HEALTH__2,助手随机1k,助手语音头部1k,10,2,998,1067,1.002,0.187,-0.815,-1.658,-0.142,True,共有
RESULT_INTERPRETATION__1,RESULT_INTERPRETATION__1,助手随机1k,助手语音头部1k,5,0,998,1067,0.501,0.0,-0.501,-1.167,-0.042,True,a独有
RESULT_INTERPRETATION__2,RESULT_INTERPRETATION__2,助手随机1k,助手语音头部1k,56,4,998,1067,5.611,0.375,-5.236,-6.858,-3.843,True,共有
SUBSTANCE_EFFICACY_LOOKUP__1,SUBSTANCE_EFFICACY_LOOKUP__1,助手随机1k,助手语音头部1k,44,315,998,1067,4.409,29.522,25.113,22.08,28.131,True,共有
SUBSTANCE_EFFICACY_LOOKUP__2,SUBSTANCE_EFFICACY_LOOKUP__2,助手随机1k,助手语音头部1k,96,195,998,1067,9.619,18.276,8.656,5.689,11.61,True,共有
SYMPTOM_ATTRIBUTION_DIFFERENTIATION__1,SYMPTOM_ATTRIBUTION_DIFFERENTIATION__1,助手随机1k,助手语音头部1k,36,13,998,1067,3.607,1.218,-2.389,-3.827,-1.08,True,共有
SYMPTOM_ATTRIBUTION_DIFFERENTIATION__2,SYMPTOM_ATTRIBUTION_DIFFERENTIATION__2,助手随机1k,助手语音头部1k,8,15,998,1067,0.802,1.406,0.604,-0.345,1.588,False,共有
SYMPTOM_ATTRIBUTION_DIFFERENTIATION__3,SYMPTOM_ATTRIBUTION_DIFFERENTIATION__3,助手随机1k,助手语音头部1k,53,24,998,1067,5.311,2.249,-3.061,-4.795,-1.429,True,共有
SYMPTOM_ATTRIBUTION_DIFFERENTIATION__4,SYMPTOM_ATTRIBUTION_DIFFERENTIATION__4,助手随机1k,助手语音头部1k,24,10,998,1067,2.405,0.937,-1.468,-2.693,-0.362,True,共有
SYMPTOM_ATTRIBUTION_DIFFERENTIATION__5,SYMPTOM_ATTRIBUTION_DIFFERENTIATION__5,助手随机1k,助手语音头部1k,28,3,998,1067,2.806,0.281,-2.524,-3.758,-1.51,True,共有
SYMPTOM_ATTRIBUTION_DIFFERENTIATION__6,SYMPTOM_ATTRIBUTION_DIFFERENTIATION__6,助手随机1k,助手语音头部1k,4,1,998,1067,0.401,0.094,-0.307,-0.937,0.192,False,共有
TREATMENT_SEEKING__1,TREATMENT_SEEKING__1,助手随机1k,助手语音头部1k,28,13,998,1067,2.806,1.218,-1.587,-2.907,-0.376,True,共有
TREATMENT_SEEKING__2,TREATMENT_SEEKING__2,助手随机1k,助手语音头部1k,63,13,998,1067,6.313,1.218,-5.094,-6.851,-3.498,True,共有
CARE_NAVIGATION_COST__1,CARE_NAVIGATION_COST__1,助手随机1k,助手语音1k,45,26,998,1000,4.509,2.6,-1.909,-3.593,-0.279,True,共有
CARE_NAVIGATION_COST__2,CARE_NAVIGATION_COST__2,助手随机1k,助手语音1k,5,7,998,1000,0.501,0.7,0.199,-0.559,0.991,False,共有
CARE_NAVIGATION_COST__3,CARE_NAVIGATION_COST__3,助手随机1k,助手语音1k,20,5,998,1000,2.004,0.5,-1.504,-2.613,-0.536,True,共有
CARE_NAVIGATION_COST__4,CARE_NAVIGATION_COST__4,助手随机1k,助手语音1k,5,2,998,1000,0.501,0.2,-0.301,-0.983,0.298,False,共有
COMPARISON_DIFFERENCE_VERDICT__1,COMPARISON_DIFFERENCE_VERDICT__1,助手随机1k,助手语音1k,3,5,998,1000,0.301,0.5,0.199,-0.447,0.893,False,共有
COMPARISON_DIFFERENCE_VERDICT__2,COMPARISON_DIFFERENCE_VERDICT__2,助手随机1k,助手语音1k,8,7,998,1000,0.802,0.7,-0.102,-0.954,0.735,False,共有
COMPARISON_DIFFERENCE_VERDICT__3,COMPARISON_DIFFERENCE_VERDICT__3,助手随机1k,助手语音1k,3,5,998,1000,0.301,0.5,0.199,-0.447,0.893,False,共有
COMPARISON_DIFFERENCE_VERDICT__4,COMPARISON_DIFFERENCE_VERDICT__4,助手随机1k,助手语音1k,5,3,998,1000,0.501,0.3,-0.201,-0.896,0.445,False,共有
COMPARISON_DIFFERENCE_VERDICT__5,COMPARISON_DIFFERENCE_VERDICT__5,助手随机1k,助手语音1k,2,6,998,1000,0.2,0.6,0.4,-0.22,1.117,False,共有
COMPARISON_DIFFERENCE_VERDICT__6,COMPARISON_DIFFERENCE_VERDICT__6,助手随机1k,助手语音1k,4,0,998,1000,0.401,0.0,-0.401,-1.026,0.053,False,a独有
DISEASE_CONCEPT_INFO__1,DISEASE_CONCEPT_INFO__1,助手随机1k,助手语音1k,8,3,998,1000,0.802,0.3,-0.502,-1.299,0.199,False,共有
DISEASE_CONCEPT_INFO__2,DISEASE_CONCEPT_INFO__2,助手随机1k,助手语音1k,9,15,998,1000,0.902,1.5,0.598,-0.398,1.649,False,共有
DISEASE_CONCEPT_INFO__3,DISEASE_CONCEPT_INFO__3,助手随机1k,助手语音1k,10,9,998,1000,1.002,0.9,-0.102,-1.037,0.821,False,共有
DISEASE_CONCEPT_INFO__4,DISEASE_CONCEPT_INFO__4,助手随机1k,助手语音1k,53,51,998,1000,5.311,5.1,-0.211,-2.187,1.762,False,共有
DISEASE_CONCEPT_INFO__5,DISEASE_CONCEPT_INFO__5,助手随机1k,助手语音1k,7,23,998,1000,0.701,2.3,1.599,0.536,2.783,True,共有
DISEASE_CONCEPT_INFO__6,DISEASE_CONCEPT_INFO__6,助手随机1k,助手语音1k,5,3,998,1000,0.501,0.3,-0.201,-0.896,0.445,False,共有
DOSAGE_ADMINISTRATION__1,DOSAGE_ADMINISTRATION__1,助手随机1k,助手语音1k,2,2,998,1000,0.2,0.2,-0.0,-0.547,0.546,False,共有
DOSAGE_ADMINISTRATION__2,DOSAGE_ADMINISTRATION__2,助手随机1k,助手语音1k,11,8,998,1000,1.102,0.8,-0.302,-1.249,0.609,False,共有
DOSAGE_ADMINISTRATION__3,DOSAGE_ADMINISTRATION__3,助手随机1k,助手语音1k,4,0,998,1000,0.401,0.0,-0.401,-1.026,0.053,False,a独有
DOSAGE_ADMINISTRATION__4,DOSAGE_ADMINISTRATION__4,助手随机1k,助手语音1k,3,6,998,1000,0.301,0.6,0.299,-0.365,1.03,False,共有
DOSAGE_ADMINISTRATION__5,DOSAGE_ADMINISTRATION__5,助手随机1k,助手语音1k,0,2,998,1000,0.0,0.2,0.2,-0.21,0.726,False,b独有
DOSAGE_ADMINISTRATION__6,DOSAGE_ADMINISTRATION__6,助手随机1k,助手语音1k,10,5,998,1000,1.002,0.5,-0.502,-1.382,0.305,False,共有
EFFICACY_AUTHENTICITY_CHECK__1,EFFICACY_AUTHENTICITY_CHECK__1,助手随机1k,助手语音1k,4,3,998,1000,0.401,0.3,-0.101,-0.757,0.527,False,共有
EFFICACY_AUTHENTICITY_CHECK__2,EFFICACY_AUTHENTICITY_CHECK__2,助手随机1k,助手语音1k,6,5,998,1000,0.601,0.5,-0.101,-0.861,0.639,False,共有
EFFICACY_AUTHENTICITY_CHECK__3,EFFICACY_AUTHENTICITY_CHECK__3,助手随机1k,助手语音1k,2,2,998,1000,0.2,0.2,-0.0,-0.547,0.546,False,共有
EFFICACY_AUTHENTICITY_CHECK__4,EFFICACY_AUTHENTICITY_CHECK__4,助手随机1k,助手语音1k,9,9,998,1000,0.902,0.9,-0.002,-0.911,0.906,False,共有
NON_HEALTH_OTHER__1,NON_HEALTH_OTHER__1,助手随机1k,助手语音1k,75,43,998,1000,7.515,4.3,-3.215,-5.323,-1.15,True,共有
NON_HEALTH_OTHER__2,NON_HEALTH_OTHER__2,助手随机1k,助手语音1k,24,18,998,1000,2.405,1.8,-0.605,-1.929,0.687,False,共有
PERMISSION_CHECK__1,PERMISSION_CHECK__1,助手随机1k,助手语音1k,55,51,998,1000,5.511,5.1,-0.411,-2.406,1.577,False,共有
PERMISSION_CHECK__2,PERMISSION_CHECK__2,助手随机1k,助手语音1k,59,105,998,1000,5.912,10.5,4.588,2.189,7.019,True,共有
PHARMA_COMPANY_LOOKUP__1,PHARMA_COMPANY_LOOKUP__1,助手随机1k,助手语音1k,0,1,998,1000,0.0,0.1,0.1,-0.292,0.564,False,b独有
PROGNOSIS_CONTAGION_VERDICT__1,PROGNOSIS_CONTAGION_VERDICT__1,助手随机1k,助手语音1k,13,2,998,1000,1.303,0.2,-1.103,-2.027,-0.349,True,共有
PROGNOSIS_CONTAGION_VERDICT__2,PROGNOSIS_CONTAGION_VERDICT__2,助手随机1k,助手语音1k,4,2,998,1000,0.401,0.2,-0.201,-0.843,0.38,False,共有
PROGNOSIS_CONTAGION_VERDICT__3,PROGNOSIS_CONTAGION_VERDICT__3,助手随机1k,助手语音1k,4,0,998,1000,0.401,0.0,-0.401,-1.026,0.053,False,a独有
PROGNOSIS_CONTAGION_VERDICT__4,PROGNOSIS_CONTAGION_VERDICT__4,助手随机1k,助手语音1k,2,1,998,1000,0.2,0.1,-0.1,-0.634,0.386,False,共有
RECOVERY_TIMING__1,RECOVERY_TIMING__1,助手随机1k,助手语音1k,10,8,998,1000,1.002,0.8,-0.202,-1.123,0.694,False,共有
RECOVERY_TIMING__2,RECOVERY_TIMING__2,助手随机1k,助手语音1k,18,4,998,1000,1.804,0.4,-1.404,-2.462,-0.496,True,共有
REFERENCE_VALUE_CALCULATOR__1,REFERENCE_VALUE_CALCULATOR__1,助手随机1k,助手语音1k,4,7,998,1000,0.401,0.7,0.299,-0.422,1.077,False,共有
REFERENCE_VALUE_CALCULATOR__2,REFERENCE_VALUE_CALCULATOR__2,助手随机1k,助手语音1k,19,7,998,1000,1.904,0.7,-1.204,-2.314,-0.199,True,共有
REFERENCE_VALUE_CALCULATOR__3,REFERENCE_VALUE_CALCULATOR__3,助手随机1k,助手语音1k,5,5,998,1000,0.501,0.5,-0.001,-0.726,0.723,False,共有
REPRODUCTIVE_HEALTH__1,REPRODUCTIVE_HEALTH__1,助手随机1k,助手语音1k,8,2,998,1000,0.802,0.2,-0.602,-1.387,0.056,False,共有
REPRODUCTIVE_HEALTH__2,REPRODUCTIVE_HEALTH__2,助手随机1k,助手语音1k,10,2,998,1000,1.002,0.2,-0.802,-1.647,-0.105,True,共有
RESULT_INTERPRETATION__1,RESULT_INTERPRETATION__1,助手随机1k,助手语音1k,5,3,998,1000,0.501,0.3,-0.201,-0.896,0.445,False,共有
RESULT_INTERPRETATION__2,RESULT_INTERPRETATION__2,助手随机1k,助手语音1k,56,37,998,1000,5.611,3.7,-1.911,-3.805,-0.055,True,共有
SUBSTANCE_EFFICACY_LOOKUP__1,SUBSTANCE_EFFICACY_LOOKUP__1,助手随机1k,助手语音1k,44,54,998,1000,4.409,5.4,0.991,-0.921,2.921,False,共有
SUBSTANCE_EFFICACY_LOOKUP__2,SUBSTANCE_EFFICACY_LOOKUP__2,助手随机1k,助手语音1k,96,193,998,1000,9.619,19.3,9.681,6.621,12.743,True,共有
SYMPTOM_ATTRIBUTION_DIFFERENTIATION__1,SYMPTOM_ATTRIBUTION_DIFFERENTIATION__1,助手随机1k,助手语音1k,36,32,998,1000,3.607,3.2,-0.407,-2.04,1.213,False,共有
SYMPTOM_ATTRIBUTION_DIFFERENTIATION__2,SYMPTOM_ATTRIBUTION_DIFFERENTIATION__2,助手随机1k,助手语音1k,8,10,998,1000,0.802,1.0,0.198,-0.698,1.118,False,共有
SYMPTOM_ATTRIBUTION_DIFFERENTIATION__3,SYMPTOM_ATTRIBUTION_DIFFERENTIATION__3,助手随机1k,助手语音1k,53,53,998,1000,5.311,5.3,-0.011,-2.003,1.98,False,共有
SYMPTOM_ATTRIBUTION_DIFFERENTIATION__4,SYMPTOM_ATTRIBUTION_DIFFERENTIATION__4,助手随机1k,助手语音1k,24,37,998,1000,2.405,3.7,1.295,-0.23,2.863,False,共有
SYMPTOM_ATTRIBUTION_DIFFERENTIATION__5,SYMPTOM_ATTRIBUTION_DIFFERENTIATION__5,助手随机1k,助手语音1k,28,19,998,1000,2.806,1.9,-0.906,-2.302,0.449,False,共有
SYMPTOM_ATTRIBUTION_DIFFERENTIATION__6,SYMPTOM_ATTRIBUTION_DIFFERENTIATION__6,助手随机1k,助手语音1k,4,12,998,1000,0.401,1.2,0.799,-0.009,1.718,False,共有
TREATMENT_SEEKING__1,TREATMENT_SEEKING__1,助手随机1k,助手语音1k,28,36,998,1000,2.806,3.6,0.794,-0.775,2.388,False,共有
TREATMENT_SEEKING__2,TREATMENT_SEEKING__2,助手随机1k,助手语音1k,63,44,998,1000,6.313,4.4,-1.913,-3.926,0.071,False,共有
CARE_NAVIGATION_COST__1,CARE_NAVIGATION_COST__1,助手语音头部1k,助手语音1k,1,26,1067,1000,0.094,2.6,2.506,1.578,3.691,True,共有
CARE_NAVIGATION_COST__2,CARE_NAVIGATION_COST__2,助手语音头部1k,助手语音1k,7,7,1067,1000,0.656,0.7,0.044,-0.736,0.855,False,共有
CARE_NAVIGATION_COST__3,CARE_NAVIGATION_COST__3,助手语音头部1k,助手语音1k,1,5,1067,1000,0.094,0.5,0.406,-0.115,1.076,False,共有
CARE_NAVIGATION_COST__4,CARE_NAVIGATION_COST__4,助手语音头部1k,助手语音1k,1,2,1067,1000,0.094,0.2,0.106,-0.353,0.638,False,共有
COMPARISON_DIFFERENCE_VERDICT__1,COMPARISON_DIFFERENCE_VERDICT__1,助手语音头部1k,助手语音1k,0,5,1067,1000,0.0,0.5,0.5,0.041,1.165,True,b独有
COMPARISON_DIFFERENCE_VERDICT__2,COMPARISON_DIFFERENCE_VERDICT__2,助手语音头部1k,助手语音1k,0,7,1067,1000,0.0,0.7,0.7,0.191,1.438,True,b独有
COMPARISON_DIFFERENCE_VERDICT__3,COMPARISON_DIFFERENCE_VERDICT__3,助手语音头部1k,助手语音1k,1,5,1067,1000,0.094,0.5,0.406,-0.115,1.076,False,共有
COMPARISON_DIFFERENCE_VERDICT__4,COMPARISON_DIFFERENCE_VERDICT__4,助手语音头部1k,助手语音1k,0,3,1067,1000,0.0,0.3,0.3,-0.11,0.878,False,b独有
COMPARISON_DIFFERENCE_VERDICT__5,COMPARISON_DIFFERENCE_VERDICT__5,助手语音头部1k,助手语音1k,0,6,1067,1000,0.0,0.6,0.6,0.116,1.303,True,b独有
DISEASE_CONCEPT_INFO__1,DISEASE_CONCEPT_INFO__1,助手语音头部1k,助手语音1k,2,3,1067,1000,0.187,0.3,0.113,-0.419,0.707,False,共有
DISEASE_CONCEPT_INFO__2,DISEASE_CONCEPT_INFO__2,助手语音头部1k,助手语音1k,6,15,1067,1000,0.562,1.5,0.938,0.054,1.945,True,共有
DISEASE_CONCEPT_INFO__3,DISEASE_CONCEPT_INFO__3,助手语音头部1k,助手语音1k,25,9,1067,1000,2.343,0.9,-1.443,-2.616,-0.345,True,共有
DISEASE_CONCEPT_INFO__4,DISEASE_CONCEPT_INFO__4,助手语音头部1k,助手语音1k,12,51,1067,1000,1.125,5.1,3.975,2.516,5.592,True,共有
DISEASE_CONCEPT_INFO__5,DISEASE_CONCEPT_INFO__5,助手语音头部1k,助手语音1k,225,23,1067,1000,21.087,2.3,-18.787,-21.448,-16.188,True,共有
DISEASE_CONCEPT_INFO__6,DISEASE_CONCEPT_INFO__6,助手语音头部1k,助手语音1k,11,3,1067,1000,1.031,0.3,-0.731,-1.561,0.004,False,共有
DOSAGE_ADMINISTRATION__1,DOSAGE_ADMINISTRATION__1,助手语音头部1k,助手语音1k,0,2,1067,1000,0.0,0.2,0.2,-0.187,0.726,False,b独有
DOSAGE_ADMINISTRATION__2,DOSAGE_ADMINISTRATION__2,助手语音头部1k,助手语音1k,0,8,1067,1000,0.0,0.8,0.8,0.267,1.571,True,b独有
DOSAGE_ADMINISTRATION__4,DOSAGE_ADMINISTRATION__4,助手语音头部1k,助手语音1k,0,6,1067,1000,0.0,0.6,0.6,0.116,1.303,True,b独有
DOSAGE_ADMINISTRATION__5,DOSAGE_ADMINISTRATION__5,助手语音头部1k,助手语音1k,0,2,1067,1000,0.0,0.2,0.2,-0.187,0.726,False,b独有
DOSAGE_ADMINISTRATION__6,DOSAGE_ADMINISTRATION__6,助手语音头部1k,助手语音1k,0,5,1067,1000,0.0,0.5,0.5,0.041,1.165,True,b独有
EFFICACY_AUTHENTICITY_CHECK__1,EFFICACY_AUTHENTICITY_CHECK__1,助手语音头部1k,助手语音1k,0,3,1067,1000,0.0,0.3,0.3,-0.11,0.878,False,b独有
EFFICACY_AUTHENTICITY_CHECK__2,EFFICACY_AUTHENTICITY_CHECK__2,助手语音头部1k,助手语音1k,1,5,1067,1000,0.094,0.5,0.406,-0.115,1.076,False,共有
EFFICACY_AUTHENTICITY_CHECK__3,EFFICACY_AUTHENTICITY_CHECK__3,助手语音头部1k,助手语音1k,0,2,1067,1000,0.0,0.2,0.2,-0.187,0.726,False,b独有
EFFICACY_AUTHENTICITY_CHECK__4,EFFICACY_AUTHENTICITY_CHECK__4,助手语音头部1k,助手语音1k,4,9,1067,1000,0.375,0.9,0.525,-0.198,1.359,False,共有
NON_HEALTH_OTHER__1,NON_HEALTH_OTHER__1,助手语音头部1k,助手语音1k,12,43,1067,1000,1.125,4.3,3.175,1.803,4.695,True,共有
NON_HEALTH_OTHER__2,NON_HEALTH_OTHER__2,助手语音头部1k,助手语音1k,96,18,1067,1000,8.997,1.8,-7.197,-9.177,-5.318,True,共有
PERMISSION_CHECK__1,PERMISSION_CHECK__1,助手语音头部1k,助手语音1k,4,51,1067,1000,0.375,5.1,4.725,3.39,6.286,True,共有
PERMISSION_CHECK__2,PERMISSION_CHECK__2,助手语音头部1k,助手语音1k,26,105,1067,1000,2.437,10.5,8.063,5.99,10.256,True,共有
PHARMA_COMPANY_LOOKUP__1,PHARMA_COMPANY_LOOKUP__1,助手语音头部1k,助手语音1k,4,1,1067,1000,0.375,0.1,-0.275,-0.866,0.243,False,共有
PROGNOSIS_CONTAGION_VERDICT__1,PROGNOSIS_CONTAGION_VERDICT__1,助手语音头部1k,助手语音1k,3,2,1067,1000,0.281,0.2,-0.081,-0.642,0.477,False,共有
PROGNOSIS_CONTAGION_VERDICT__2,PROGNOSIS_CONTAGION_VERDICT__2,助手语音头部1k,助手语音1k,1,2,1067,1000,0.094,0.2,0.106,-0.353,0.638,False,共有
PROGNOSIS_CONTAGION_VERDICT__4,PROGNOSIS_CONTAGION_VERDICT__4,助手语音头部1k,助手语音1k,0,1,1067,1000,0.0,0.1,0.1,-0.268,0.564,False,b独有
RECOVERY_TIMING__1,RECOVERY_TIMING__1,助手语音头部1k,助手语音1k,0,8,1067,1000,0.0,0.8,0.8,0.267,1.571,True,b独有
RECOVERY_TIMING__2,RECOVERY_TIMING__2,助手语音头部1k,助手语音1k,0,4,1067,1000,0.0,0.4,0.4,-0.034,1.024,False,b独有
REFERENCE_VALUE_CALCULATOR__1,REFERENCE_VALUE_CALCULATOR__1,助手语音头部1k,助手语音1k,6,7,1067,1000,0.562,0.7,0.138,-0.614,0.936,False,共有
REFERENCE_VALUE_CALCULATOR__2,REFERENCE_VALUE_CALCULATOR__2,助手语音头部1k,助手语音1k,1,7,1067,1000,0.094,0.7,0.606,0.041,1.348,True,共有
REFERENCE_VALUE_CALCULATOR__3,REFERENCE_VALUE_CALCULATOR__3,助手语音头部1k,助手语音1k,0,5,1067,1000,0.0,0.5,0.5,0.041,1.165,True,b独有
REPRODUCTIVE_HEALTH__1,REPRODUCTIVE_HEALTH__1,助手语音头部1k,助手语音1k,9,2,1067,1000,0.843,0.2,-0.643,-1.409,0.017,False,共有
REPRODUCTIVE_HEALTH__2,REPRODUCTIVE_HEALTH__2,助手语音头部1k,助手语音1k,2,2,1067,1000,0.187,0.2,0.013,-0.502,0.556,False,共有
RESULT_INTERPRETATION__1,RESULT_INTERPRETATION__1,助手语音头部1k,助手语音1k,0,3,1067,1000,0.0,0.3,0.3,-0.11,0.878,False,b独有
RESULT_INTERPRETATION__2,RESULT_INTERPRETATION__2,助手语音头部1k,助手语音1k,4,37,1067,1000,0.375,3.7,3.325,2.163,4.703,True,共有
SUBSTANCE_EFFICACY_LOOKUP__1,SUBSTANCE_EFFICACY_LOOKUP__1,助手语音头部1k,助手语音1k,315,54,1067,1000,29.522,5.4,-24.122,-27.189,-21.029,True,共有
SUBSTANCE_EFFICACY_LOOKUP__2,SUBSTANCE_EFFICACY_LOOKUP__2,助手语音头部1k,助手语音1k,195,193,1067,1000,18.276,19.3,1.024,-2.341,4.404,False,共有
SYMPTOM_ATTRIBUTION_DIFFERENTIATION__1,SYMPTOM_ATTRIBUTION_DIFFERENTIATION__1,助手语音头部1k,助手语音1k,13,32,1067,1000,1.218,3.2,1.982,0.723,3.36,True,共有
SYMPTOM_ATTRIBUTION_DIFFERENTIATION__2,SYMPTOM_ATTRIBUTION_DIFFERENTIATION__2,助手语音头部1k,助手语音1k,15,10,1067,1000,1.406,1.0,-0.406,-1.415,0.592,False,共有
SYMPTOM_ATTRIBUTION_DIFFERENTIATION__3,SYMPTOM_ATTRIBUTION_DIFFERENTIATION__3,助手语音头部1k,助手语音1k,24,53,1067,1000,2.249,5.3,3.051,1.42,4.781,True,共有
SYMPTOM_ATTRIBUTION_DIFFERENTIATION__4,SYMPTOM_ATTRIBUTION_DIFFERENTIATION__4,助手语音头部1k,助手语音1k,10,37,1067,1000,0.937,3.7,2.763,1.492,4.187,True,共有
SYMPTOM_ATTRIBUTION_DIFFERENTIATION__5,SYMPTOM_ATTRIBUTION_DIFFERENTIATION__5,助手语音头部1k,助手语音1k,3,19,1067,1000,0.281,1.9,1.619,0.749,2.684,True,共有
SYMPTOM_ATTRIBUTION_DIFFERENTIATION__6,SYMPTOM_ATTRIBUTION_DIFFERENTIATION__6,助手语音头部1k,助手语音1k,1,12,1067,1000,0.094,1.2,1.106,0.434,1.995,True,共有
TREATMENT_SEEKING__1,TREATMENT_SEEKING__1,助手语音头部1k,助手语音1k,13,36,1067,1000,1.218,3.6,2.382,1.075,3.817,True,共有
TREATMENT_SEEKING__2,TREATMENT_SEEKING__2,助手语音头部1k,助手语音1k,13,44,1067,1000,1.218,4.4,3.182,1.784,4.722,True,共有
