event_day,query_1st_category,original_query,wise_pv,_snapshot,_row_in_snapshot
20250701,医疗,荔枝的功效作用与主治,27253,20250701,0
20250701,医疗,hpv是什么东西,20147,20250701,1
20250701,医疗,血压正常是多少标准,19181,20250701,2
20250701,医疗,马齿苋的作用和功效,16334,20250701,3
20250701,医疗,血糖正常值范围 最新标准2025,15763,20250701,4
20250701,医疗,紫苏叶的功效与作用与主治,15233,20250701,5
20250701,医疗,甲钴胺片的功效和作用,13890,20250701,6
20250701,医疗,六味地黄丸的作用和功效,12882,20250701,7
20250701,医疗,黄精药材有什么功效,12734,20250701,8
20250701,医疗,火龙果的作用与功效,12551,20250701,9
20250701,医疗,黄芪的功效与作用,12521,20250701,10
20250701,医疗,黄皮果的功效与作用图片,12323,20250701,11
20250701,医疗,茯苓的功效作用与主治,12151,20250701,12
20250701,医疗,榴莲的功效和营养价值,11375,20250701,13
20250701,医疗,中暑的症状表现,10812,20250701,14
20250701,医疗,麦冬的功效与作用和主治,10713,20250701,15
20250701,医疗,陈皮的功效作用与主治,10627,20250701,16
20250701,医疗,牙疼怎么止疼最快,10593,20250701,17
20250701,医疗,车前草的作用和功能主治,10461,20250701,18
20250701,医疗,秋葵的功效与作用及营养,10142,20250701,19
20250701,医疗,百香果的功效和作用,9973,20250701,20
20250701,医疗,牙龈肿痛怎么消炎最快最有效,9828,20250701,21
20250701,医疗,艾滋病初期有哪些症状,9818,20250701,22
20250701,医疗,甲状腺的症状有哪些表现,9810,20250701,23
20250701,医疗,口腔溃疡怎么治最快有效药,9779,20250701,24
20250701,医疗,李子的功效与作用,9770,20250701,25
20250701,医疗,藿香正气水的功效与作用,9768,20250701,26
20250701,医疗,黄芪的功效与作用的功能与主治,9429,20250701,27
20250701,医疗,布洛芬缓释胶囊的功效与作用,9342,20250701,28
20250701,医疗,bmi体重指数怎么计算,9216,20250701,29
20250701,医疗,抑郁症的症状有哪些表现,9081,20250701,30
20250701,医疗,糖尿病的症状有哪些表现,9007,20250701,31
20250701,医疗,金银花的功效作用与主治,8845,20250701,32
20250701,医疗,五味子的功效与作用,8695,20250701,33
20250701,医疗,人体结构器官位置图,8604,20250701,34
20250701,医疗,舌苔厚白是什么原因引起的,8600,20250701,35
20250701,医疗,西洋参的功效与作用、三种人不宜吃、和什么搭配泡水好,8579,20250701,36
20250701,医疗,西洋参的功效和作用,8569,20250701,37
20250701,医疗,党参的功效与作用,8326,20250701,38
20250701,医疗,"荨麻疹是什么原因引起的,怎么根治",8231,20250701,39
20250701,医疗,桃子的功效与作用,8186,20250701,40
20250701,医疗,甲亢有哪些症状和表现,8174,20250701,41
20250701,医疗,左氧氟沙星的作用与功效,8131,20250701,42
20250701,医疗,黄芪,7981,20250701,43
20250701,医疗,乌灵参,7952,20250701,44
20250701,医疗,蒲公英泡水喝功效与主治,7881,20250701,45
20250701,医疗,梅毒的症状和图片,7849,20250701,46
20250701,医疗,归脾丸的作用与功能主治,7805,20250701,47
20250701,医疗,天麻的功效作用与主治,7744,20250701,48
20250701,医疗,百合的功效与作用,7723,20250701,49
20250701,医疗,藏红花的作用与功能主治,7714,20250701,50
20250701,医疗,龙胆泻肝丸的功效与主治,7655,20250701,51
20250701,医疗,他达拉非片的作用及功效,7651,20250701,52
20250701,医疗,JXX,7649,20250701,53
20250701,医疗,尿酸高的症状,7632,20250701,54
20250701,医疗,沙棘原浆的功效与作用,7610,20250701,55
20250701,医疗,心梗的前兆都有哪些症状,7587,20250701,56
20250701,医疗,叶酸片的功效与作用,7564,20250701,57
20250701,医疗,阿莫西林的功效与作用,7519,20250701,58
20250701,医疗,甘草的功效与作用,7478,20250701,59
20250701,医疗,手足口病症状初期图片,7449,20250701,60
20250701,医疗,"身体出现几个现象,多半是肝在“求救”,提醒:应该去医院检查了",7282,20250701,61
20250701,医疗,尿路感染吃什么药好得快,7135,20250701,62
20250701,医疗,山竹的作用与功效,7106,20250701,63
20250701,医疗,枸杞子的功效与作用,7104,20250701,64
20250701,医疗,耳石症的症状有哪些表现,7008,20250701,65
20250701,医疗,带状疱疹,6995,20250701,66
20250701,医疗,辅酶q10的功效和作用,6937,20250701,67
20250701,医疗,身上出现红色的小点是怎么回事,6867,20250701,68
20250701,医疗,总胆红素偏高说明什么,6828,20250701,69
20250701,医疗,无花果的功效与作用和主治,6806,20250701,70
20250701,医疗,塞来昔布胶囊的作用与功效,6800,20250701,71
20250701,医疗,甘油三酯高是什么原因,6787,20250701,72
20250701,医疗,洋葱的功效与作用,6728,20250701,73
20250701,医疗,怀孕的最初征兆,6711,20250701,74
20250701,医疗,"低压高是什么原因,怎么解决",6700,20250701,75
20250701,医疗,乙肝表面抗体阳性是什么意思,6524,20250701,76
20250701,医疗,血脂高有哪些症状出现,6515,20250701,77
20250701,医疗,苦荞茶的功效和作用,6504,20250701,78
20250701,医疗,脑梗的症状都有哪些前期症状,6474,20250701,79
20250701,医疗,芒果的功效与作用禁忌,6474,20250701,80
20250701,医疗,白芍的功效作用与主治,6300,20250701,81
20250701,医疗,奥美拉唑肠溶胶囊的作用与功效,6294,20250701,82
20250701,医疗,荨麻疹,6283,20250701,83
20250701,医疗,bmi计算器,6220,20250701,84
20250701,医疗,逍遥丸的功效与主治作用,6154,20250701,85
20250701,医疗,双氯芬酸钠缓释片的功效与作用,6130,20250701,86
20250701,医疗,阿托伐他汀钙片作用与功效,6023,20250701,87
20250701,医疗,西地那非片的功效与副作用,6007,20250701,88
20250701,医疗,乳头疼是怎么回事一碰就疼,6005,20250701,89
20250701,医疗,血糖高吃什么最好降的快,6002,20250701,90
20250701,医疗,脚后跟疼是怎么回事什么原因,6000,20250701,91
20250701,医疗,血压正常值是多少范围,5989,20250701,92
20250701,医疗,湿气重怎么排湿最快最有效方法,5976,20250701,93
20250701,医疗,当归的功效与作用,5967,20250701,94
20250701,医疗,决明子的功效与作用,5947,20250701,95
20250701,医疗,夏枯草的功效与作用,5901,20250701,96
20250701,医疗,诺氟沙星胶囊的功效与作用,5878,20250701,97
20250701,医疗,足三里的准确位置图,5843,20250701,98
20250701,医疗,铁皮石斛的作用与功能主治,5842,20250701,99
20250701,医疗,湿疹,5826,20250701,100
20250701,医疗,蜂蜜的作用与功效,5821,20250701,101
20250701,医疗,糖尿病,5770,20250701,102
20250701,医疗,白细胞高是怎么回事,5761,20250701,103
20250701,医疗,鱼腥草的作用和功能主治,5758,20250701,104
20250701,医疗,多囊卵巢综合症,5714,20250701,105
20250701,医疗,人体器官结构示意图,5643,20250701,106
20250701,医疗,生脉饮的功效与主治作用,5594,20250701,107
20250701,医疗,"口臭是什么原因引起的,怎样去除",5590,20250701,108
20250701,医疗,甲状腺结节,5556,20250701,109
20250701,医疗,西瓜的功效与作用,5546,20250701,110
20250701,医疗,宫颈癌的早期症状表现有哪些,5526,20250701,111
20250701,医疗,腰椎间盘突出最好的治疗方法,5518,20250701,112
20250701,医疗,黄精,5493,20250701,113
20250701,医疗,维生素b12的功效与主治,5486,20250701,114
20250701,医疗,艾滋病皮肤症状图片,5466,20250701,115
20250701,医疗,维生素D,5452,20250701,116
20250701,医疗,牛黄解毒片的功效与作用,5449,20250701,117
20250701,医疗,低密度脂蛋白偏高是什么意思,5441,20250701,118
20250701,医疗,马齿苋,5430,20250701,119
20250701,医疗,窦性心律是什么意思?,5423,20250701,120
20250701,医疗,餐后2小时血糖正常值范围是多少,5417,20250701,121
20250701,医疗,排卵期是怎么算的从哪天开始,5375,20250701,122
20250701,医疗,乳腺癌的早期症状和前兆,5374,20250701,123
20250701,医疗,桂枝的功效与作用,5355,20250701,124
20250701,医疗,五官是指哪五官,5307,20250701,125
20250701,医疗,月经一直不干净是什么原因,5240,20250701,126
20250701,医疗,痔疮肉球突出怎么消除,5228,20250701,127
20250701,医疗,谷维素片的功效与作用,5216,20250701,128
20250701,医疗,三七粉的功效与作用及食用方法,5208,20250701,129
20250701,医疗,甲硝唑片的作用与用途,5184,20250701,130
20250701,医疗,苦瓜的功效与作用,5183,20250701,131
20250701,医疗,"手麻是什么原因引起的,怎么解决",5154,20250701,132
20250701,医疗,白血病的早期症状和前兆,5140,20250701,133
20250701,医疗,更年期的女人有什么症状表现,5096,20250701,134
20250701,医疗,盐酸左氧氟沙星胶囊的功效与作用,5087,20250701,135
20250701,医疗,胆囊炎的症状是哪里疼,5087,20250701,136
20250701,医疗,心率正常范围是多少,5083,20250701,137
20250701,医疗,肺癌的早期症状,5050,20250701,138
20250701,医疗,喝醋、吞饭可解鱼刺卡喉?无依据,5009,20250701,139
20250701,医疗,牛油果的作用与功效,5009,20250701,140
20250701,医疗,"肝囊肿是什么病,需要治疗吗",4983,20250701,141
20250701,医疗,参苓白术散的功效与作用,4979,20250701,142
20250701,医疗,补中益气丸的功效与作用,4968,20250701,143
20250701,医疗,百香果的功效与作用及食用方法,4964,20250701,144
20250701,医疗,血氧饱和度正常值是多少,4955,20250701,145
20250701,医疗,脂肪肝怎么消除最快最好方法,4925,20250701,146
20250701,医疗,乳腺结节3类严重吗需要治疗吗,4924,20250701,147
20250701,医疗,五指毛桃功效与作用主治,4889,20250701,148
20250701,医疗,莲子的作用与功能主治,4856,20250701,149
20250701,医疗,白癜风,4851,20250701,150
20250701,医疗,超敏c反应蛋白高说明什么问题,4840,20250701,151
20250701,医疗,前列腺炎有哪些症状表现,4815,20250701,152
20250701,医疗,c反应蛋白高说明什么,4796,20250701,153
20250701,医疗,丹参的功效与作用,4793,20250701,154
20250701,医疗,肚子胀气是什么原因怎么解决,4780,20250701,155
20250701,医疗,黄瓜的功效与作用,4749,20250701,156
20250701,医疗,川芎的功效作用与主治,4727,20250701,157
20250701,医疗,尿酸标准多少正常,4697,20250701,158
20250701,医疗,桑叶泡水喝有什么功效,4689,20250701,159
20250701,医疗,心肌缺血有什么症状和表现,4642,20250701,160
20250701,医疗,益生菌的功效与作用的功能与主治,4623,20250701,161
20250701,医疗,葛根的功效与作用的功能与主治,4605,20250701,162
20250701,医疗,维生素c,4595,20250701,163
20250701,医疗,胃癌的早期症状,4592,20250701,164
20250701,医疗,焦虑症的表现和症状有哪些症状,4584,20250701,165
20250701,医疗,芡实的作用与功效,4569,20250701,166
20250701,医疗,脚浮肿是什么原因引起的,4555,20250701,167
20250701,医疗,眼睛模糊看不清是怎么回事,4554,20250701,168
20250701,医疗,甘油三酯偏高说明什么,4551,20250701,169
20250701,医疗,火龙果属于凉性还是热性,4541,20250701,170
20250701,医疗,白芷的功效与作用,4519,20250701,171
20250701,医疗,小柴胡颗粒的功效与作用,4492,20250701,172
20250701,医疗,便秘最快排便的方法,4483,20250701,173
20250701,医疗,同型半胱氨酸高说明什么,4475,20250701,174
20250701,医疗,缺钾有什么表现和症状,4465,20250701,175
20250701,医疗,艾滋病初期症状,4462,20250701,176
20250701,医疗,盆腔炎有什么明显症状,4444,20250701,177
20250701,医疗,"血压低是什么原因,怎么解决",4436,20250701,178
20250701,医疗,阿莫西林胶囊的作用功效,4424,20250701,179
20250701,医疗,杏子的功效和作用,4416,20250701,180
20250701,医疗,胰腺癌的早期症状,4413,20250701,181
20250701,医疗,苦荞茶的作用与功效,4413,20250701,182
20250701,医疗,瑞舒伐他汀钙片的功效与作用,4408,20250701,183
20250701,医疗,hiv病毒是什么病毒,4407,20250701,184
20250701,医疗,泽泻的功效作用与主治,4389,20250701,185
20250701,医疗,尿酸高吃什么好得快还能降下来,4382,20250701,186
20250701,医疗,肠梗阻的症状表现,4352,20250701,187
20250701,医疗,皮肤痒是什么原因.越抓越痒,4330,20250701,188
20250701,医疗,蓝莓的功效与作用及营养价值,4328,20250701,189
20250701,医疗,bmi是什么意思,4326,20250701,190
20250701,医疗,指甲有竖纹是身体的什么原因,4317,20250701,191
20250701,医疗,黄色大片有点阳性吃药能不能转阴性,4316,20250701,192
20250701,医疗,绿豆的作用与功效,4311,20250701,193
20250701,医疗,脾虚的表现和症状,4311,20250701,194
20250701,医疗,甲状腺结节4a严重吗?需要手术吗怎么治疗,4306,20250701,195
20250701,医疗,"肛门瘙痒是什么原因引起的,怎么治疗",4281,20250701,196
20250701,医疗,氯雷他定片作用与功效,4269,20250701,197
20250701,医疗,尖锐湿疣,4265,20250701,198
20250701,医疗,中暑怎么缓解最快最有效,4258,20250701,199
20250701,医疗,甲减的主要症状有哪些和危害,4251,20250701,200
20250701,医疗,丹参的功效作用与主治,4246,20250701,201
20250701,医疗,血小板低是什么原因引起的,4223,20250701,202
20250701,医疗,金匮肾气丸的作用与功效,4221,20250701,203
20250701,医疗,幽门螺旋杆菌,4215,20250701,204
20250701,医疗,手上起小水泡很痒怎么回事,4210,20250701,205
20250701,医疗,月经量少颜色黑褐色是什么原因,4209,20250701,206
20250701,医疗,地屈孕酮片的作用和功效,4206,20250701,207
20250701,医疗,淋巴细胞百分比偏高是什么意思,4196,20250701,208
20250701,医疗,阿奇霉素的功效与作用,4188,20250701,209
20250701,医疗,月经迟迟不来是什么原因,4185,20250701,210
20250701,医疗,怀孕多少天能查出来,4181,20250701,211
20250701,医疗,胸闷气短胸口堵得慌怎么回事,4171,20250701,212
20250701,医疗,山竹的功效和作用,4160,20250701,213
20250701,医疗,低血糖的症状有哪些表现,4146,20250701,214
20250701,医疗,当归的作用和功效,4129,20250701,215
20250701,医疗,白术的功效与主治,4109,20250701,216
20250701,医疗,尿酸高不能吃些什么东西,4099,20250701,217
20250701,医疗,鹅蛋的功效与作用及营养,4091,20250701,218
20250701,医疗,维生素E,4057,20250701,219
20250701,医疗,正常的血压多少才是正常,4055,20250701,220
20250701,医疗,心率多少正常范围内,4051,20250701,221
20250701,医疗,荨麻疹图片和症状图,4050,20250701,222
20250701,医疗,三伏贴的作用功效及适用人群,4046,20250701,223
20250701,医疗,蛋白质高的食物有哪些,4043,20250701,224
20250701,医疗,体重指数BMI计算,4043,20250701,225
20250701,医疗,三黄片功效作用与主治,4041,20250701,226
20250701,医疗,杨梅的功效与作用营养价值,4039,20250701,227
20250701,医疗,蒙脱石散的功效与作用,4029,20250701,228
20250701,医疗,幽门螺旋杆菌感染阳性怎么办,4027,20250701,229
20250701,医疗,阿司匹林肠溶片的作用功效,4020,20250701,230
20250701,医疗,马齿苋的功效与主治,4000,20250701,231
20250701,医疗,荆芥的功效与作用,3992,20250701,232
20250701,医疗,人体内五脏六腑结构图,3991,20250701,233
20250701,医疗,宫外孕的表现症状有哪些啊,3987,20250701,234
20250701,医疗,亚麻籽的功效和作用及食用方法,3985,20250701,235
20250701,医疗,肌酐高了会出现什么问题,3980,20250701,236
20250701,医疗,阴道瘙痒,3979,20250701,237
20250701,医疗,玉屏风颗粒的作用与功效,3972,20250701,238
20250701,医疗,紫苏叶煮水喝有什么功效,3954,20250701,239
20250701,医疗,肺部结节是怎么回事,3946,20250701,240
20250701,医疗,咖啡的功效与作用及副作用,3938,20250701,241
20250701,医疗,"脂肪肝是什么原因引起的,该怎么治疗",3937,20250701,242
20250701,医疗,维生素c的功效与作用,3926,20250701,243
20250701,医疗,bmi,3920,20250701,244
20250701,医疗,藿香正气水,3919,20250701,245
20250701,医疗,人工牛黄甲硝唑胶囊的功效,3912,20250701,246
20250701,医疗,杜仲的功效与作用与主治,3872,20250701,247
20250701,医疗,电解质水的作用与功效,3860,20250701,248
20250701,医疗,螺内酯片的功效与作用,3854,20250701,249
20250701,医疗,口腔溃疡,3832,20250701,250
20250701,医疗,黄柏的功效作用与主治,3832,20250701,251
20250701,医疗,"肾囊肿是怎么回事,需要怎么治疗",3830,20250701,252
20250701,医疗,六味地黄丸,3827,20250701,253
20250701,医疗,hpv,3806,20250701,254
20250701,医疗,肝癌的早期症状有哪些,3804,20250701,255
20250701,医疗,黄皮果的功效与作用,3790,20250701,256
20250701,医疗,布洛芬,3776,20250701,257
20250701,医疗,心率正常值是多少,3772,20250701,258
20250701,医疗,中性粒细胞偏高是什么意思,3763,20250701,259
20250701,医疗,淋巴细胞百分比偏低说明什么,3761,20250701,260
20250701,医疗,眼睛痒是怎么回事越揉越痒,3761,20250701,261
20250701,医疗,桂附地黄丸的作用与功效,3752,20250701,262
20250701,医疗,桃子是凉性还是热性,3746,20250701,263
20250701,医疗,胆固醇高是什么原因引起,3743,20250701,264
20250701,医疗,丙氨酸氨基转移酶高是什么原因,3743,20250701,265
20250701,医疗,木耳菜的功效与作用,3740,20250701,266
20250701,医疗,左氧氟沙星,3738,20250701,267
20250701,医疗,海参的营养价值与功效,3738,20250701,268
20250701,医疗,玉竹的功效与作用,3730,20250701,269
20250701,医疗,阴道炎,3727,20250701,270
20250701,医疗,血脂高吃什么降血脂最快,3725,20250701,271
20250701,医疗,荔枝是寒性还是热性,3721,20250701,272
20250701,医疗,椰子水的作用与功效,3717,20250701,273
20250701,医疗,hpv感染有什么症状,3717,20250701,274
20250701,医疗,阿莫西林,3716,20250701,275
20250701,医疗,盐酸氟桂利嗪胶囊,3714,20250701,276
20250701,医疗,血糖高有什么症状和感觉,3713,20250701,277
20250701,医疗,蒲地蓝消炎片功效作用与主治,3711,20250701,278
20250701,医疗,贫血吃什么补血效果最好最快,3705,20250701,279
20250701,医疗,手足口病一般几天能好,3697,20250701,280
20250701,医疗,石斛的功效与作用,3697,20250701,281
20250701,医疗,冬瓜的功效与作用,3695,20250701,282
20250701,医疗,熊胆粉的功效与作用,3688,20250701,283
20250701,医疗,红花的功效与作用,3686,20250701,284
20250701,医疗,孟鲁司特钠片的功效与作用,3684,20250701,285
20250701,医疗,痛风忌口不能吃什么东西,3680,20250701,286
20250701,医疗,谷维素的功效与作用,3676,20250701,287
20250701,医疗,酸枣仁的功效与作用,3659,20250701,288
20250701,医疗,糖尿病可以吃的水果有哪些水果,3656,20250701,289
20250701,医疗,胰腺炎的症状有哪些,3656,20250701,290
20250701,医疗,窦性心律什么意思,3654,20250701,291
20250701,医疗,熟地黄的功效作用与主治,3654,20250701,292
20250701,医疗,幽门螺旋杆菌感染有哪些症状,3649,20250701,293
20250701,医疗,白桦树汁的功效和副作用,3645,20250701,294
20250701,医疗,柠檬泡水喝有什么作用与功效,3644,20250701,295
20250701,医疗,玉米的营养价值和功效,3640,20250701,296
20250701,医疗,砂仁的功效与作用,3634,20250701,297
20250701,医疗,脉搏正常范围是多少,3624,20250701,298
20250701,医疗,血塞通的功效和作用主治,3620,20250701,299
20250701,医疗,燕窝的功效与作用及营养,3608,20250701,300
20250701,医疗,肾衰竭的早期症状表现,3599,20250701,301
20250701,医疗,黄芩的功效作用与主治,3593,20250701,302
20250701,医疗,复方氨酚烷胺胶囊,3587,20250701,303
20250701,医疗,糖尿病的早期症状有哪些表现,3580,20250701,304
20250701,医疗,肝脏不好有什么表现症状有哪些,3563,20250701,305
20250701,医疗,湿疹的症状图片 男性,3550,20250701,306
20250701,医疗,"盆腔积液是什么原因引起的,该怎么治疗",3546,20250701,307
20250701,医疗,鹿茸的功效与作用吃法,3542,20250701,308
20250701,医疗,静脉曲张的最快消除方法怎么治疗,3541,20250701,309
20250701,医疗,鱼油的功效与主治功能,3536,20250701,310
20250701,医疗,耳石症,3527,20250701,311
20250701,医疗,石斛,3525,20250701,312
20250701,医疗,胃溃疡症状表现有哪些,3524,20250701,313
20250701,医疗,益母草的作用与功能主治,3519,20250701,314
20250701,医疗,醋酸泼尼松片的作用与功效,3517,20250701,315
20250701,医疗,石斛的作用与功能主治,3513,20250701,316
20250701,医疗,静脉曲张是怎么引起的原因,3512,20250701,317
20250701,医疗,淫羊藿的功效作用与主治,3510,20250701,318
20250701,医疗,尿液发黄是什么原因,3509,20250701,319
20250701,医疗,子宫内膜厚度多少正常,3498,20250701,320
20250701,医疗,乌鸡白凤丸的功效和作用,3486,20250701,321
20250701,医疗,胆囊炎有哪些症状,3478,20250701,322
20250701,医疗,心慌心悸胸闷焦虑不安是怎么回事,3476,20250701,323
20250701,医疗,尿毒症的早期症状有哪些,3455,20250701,324
20250701,医疗,绿豆汤的作用与功效,3455,20250701,325
20250701,医疗,静脉曲张怎么治疗最好 腿部,3454,20250701,326
20250701,医疗,"喉咙有异物感,咽部好像有东西堵塞",3453,20250701,327
20250701,医疗,胃癌的早期症状有哪些,3453,20250701,328
20250701,医疗,艾滋病,3451,20250701,329
20250701,医疗,胸口中间疼是什么原因,3439,20250701,330
20250701,医疗,蛋白粉对人体的作用和功能是什么,3437,20250701,331
20250701,医疗,决定蜂胶品质好坏的因素有哪些,3426,20250701,332
20250701,医疗,玉米须茶泡水喝的功效和作用,3419,20250701,333
20250701,医疗,阿司匹林,3413,20250701,334
20250701,医疗,荔枝煮水喝有什么功效和作用,3412,20250701,335
20250701,医疗,打嗝不停怎么办快速止嗝,3410,20250701,336
20250701,医疗,红参的功效与作用,3409,20250701,337
20250701,医疗,排卵期,3404,20250701,338
20250701,医疗,头晕晕的是什么病的征兆,3400,20250701,339
20250701,医疗,葡萄的功效与作用,3398,20250701,340
20250701,医疗,石斛的功效与作用的功能,3393,20250701,341
20250701,医疗,维生素B族,3388,20250701,342
20250701,医疗,肩周炎怎么治疗最快最好,3374,20250701,343
20250701,医疗,痛风吃什么药最好最快断根,3366,20250701,344
20250701,医疗,香砂六君丸的功效与作用,3364,20250701,345
20250701,医疗,"血小板高是咋回事,会有什么危害",3363,20250701,346
20250701,医疗,杞菊地黄丸的功效与主治,3361,20250701,347
20250701,医疗,血府逐瘀丸的作用与功效,3361,20250701,348
20250701,医疗,山楂的作用与功效,3343,20250701,349
20250701,医疗,毛囊炎,3337,20250701,350
20250701,医疗,红细胞偏高是什么意思,3337,20250701,351
20250701,医疗,肺结核有哪些症状表现,3329,20250701,352
20250701,医疗,维生素b6的作用和功效,3327,20250701,353
20250701,医疗,小腿酸痛胀痛什么原因,3316,20250701,354
20250701,医疗,蜘蛛痣图片,3307,20250701,355
20250701,医疗,盐酸达泊西汀片,3302,20250701,356
20250701,医疗,炉甘石洗剂功能与作用,3301,20250701,357
20250701,医疗,高血压吃什么食物降得快最好,3301,20250701,358
20250701,医疗,前列腺炎有哪些症状表现? (男科),3300,20250701,359
20250701,医疗,南瓜子的作用与功效,3300,20250701,360
20250701,医疗,肝功能检查主要看哪几项指标,3293,20250701,361
20250701,医疗,猪肝的功效与作用,3293,20250701,362
20250701,医疗,羽衣甘蓝的功效与作用,3283,20250701,363
20250701,医疗,迈之灵片的功效与作用,3280,20250701,364
20250701,医疗,吃荔枝的好处与坏处,3279,20250701,365
20250701,医疗,艾灸的好处与功效,3276,20250701,366
20250701,医疗,水痘初期症状图片,3272,20250701,367
20250701,医疗,肺结节多少mm以上建议手术,3271,20250701,368
20250701,医疗,窦性心律不齐,3262,20250701,369
20250701,医疗,狂犬疫苗一共打几针多少钱,3260,20250701,370
20250701,医疗,npd是什么意思啊,3260,20250701,371
20250701,医疗,转氨酶偏高说明身体哪有问题了,3257,20250701,372
20250701,医疗,黄体酮有什么作用与功效,3257,20250701,373
20250701,医疗,咳嗽怎么治最快最有效,3256,20250701,374
20250701,医疗,肾结石会有哪些症状,3253,20250701,375
20250701,医疗,乌梅的功效与作用,3250,20250701,376
20250701,医疗,梅毒,3249,20250701,377
20250701,医疗,肠炎的主要症状有哪些,3247,20250701,378
20250701,医疗,柴胡的功效与作用,3247,20250701,379
20250701,医疗,风油精的作用与功效,3245,20250701,380
20250701,医疗,血压低吃什么补得最快,3238,20250701,381
20250701,医疗,肝硬化早期症状表现,3236,20250701,382
20250701,医疗,桑葚的功效与作用,3232,20250701,383
20250701,医疗,脖子长小肉粒是怎么回事,3232,20250701,384
20250701,医疗,气血不足吃什么调理的又快又好,3228,20250701,385
20250701,医疗,鸡血藤的功效与作用,3225,20250701,386
20250701,医疗,蜘蛛痣,3209,20250701,387
20250701,医疗,肉桂的功效与作用,3208,20250701,388
20250701,医疗,疱疹性咽峡炎,3205,20250701,389
20250701,医疗,手足口病,3192,20250701,390
20250701,医疗,阑尾炎是哪个部位疼,3188,20250701,391
20250701,医疗,头孢克肟片的功效和作用,3188,20250701,392
20250701,医疗,紧急避孕药的危害和副作用,3185,20250701,393
20250701,医疗,痔疮,3183,20250701,394
20250701,医疗,甲亢,3182,20250701,395
20250701,医疗,血红蛋白偏高是什么原因,3181,20250701,396
20250701,医疗,腰椎间盘突出压迫神经屁股疼腿疼怎么治,3178,20250701,397
20250701,医疗,葛根粉的功效与作用,3177,20250701,398
20250701,医疗,湿气重的症状有哪些表现,3174,20250701,399
20250701,医疗,布洛芬片的功效与作用,3173,20250701,400
20250701,医疗,怀孕初期症状有哪些征兆,3171,20250701,401
20250701,医疗,枸橼酸莫沙必利片的作用和功效,3167,20250701,402
20250701,医疗,艾滋病传播方式有几种,3163,20250701,403
20250701,医疗,左氧氟沙星的功效与作用,3162,20250701,404
20250701,医疗,维生素b族的作用和功效,3162,20250701,405
20250701,医疗,hpv病毒是什么病毒,3161,20250701,406
20250701,医疗,山茱萸的功效与作用,3161,20250701,407
20250701,医疗,霉菌性霉菌性阴炎用什么药好得快,3158,20250701,408
20250701,医疗,红霉素软膏的作用与功效是什么,3153,20250701,409
20250701,医疗,肺结节吃什么消结节最快最好,3150,20250701,410
20250701,医疗,后背疼痛什么原因引起的,3149,20250701,411
20250701,医疗,甲状腺,3144,20250701,412
20250701,医疗,朱砂手链的功效与作用佩戴禁忌,3142,20250701,413
20250701,医疗,高密度脂蛋白偏高是什么意思,3133,20250701,414
20250701,医疗,白茶的功效与作用,3130,20250701,415
20250701,医疗,山药的作用与功效,3119,20250701,416
20250701,医疗,包皮过长不割有影响吗,3119,20250701,417
20250701,医疗,银屑病,3118,20250701,418
20250701,医疗,金钱草的作用和功能主治,3113,20250701,419
20250701,医疗,体脂率计算公式,3113,20250701,420
20250701,医疗,陈皮泡水喝有哪些功效,3112,20250701,421
20250701,医疗,甲状腺结节吃什么散结最快效果好,3111,20250701,422
20250701,医疗,糖尿病早期什么症状,3109,20250701,423
20250701,医疗,补气血吃什么最好最快,3105,20250701,424
20250701,医疗,防风的功效与作用,3105,20250701,425
20250701,医疗,子宫肌瘤多少mm以上建议手术,3105,20250701,426
20250701,医疗,湿疹怎么治疗才能彻底治好,3102,20250701,427
20250701,医疗,促甲状腺激素高说明什么问题,3099,20250701,428
20250701,医疗,血糖正常值,3097,20250701,429
20250701,医疗,菟丝子的作用和功效,3093,20250701,430
20250701,医疗,地塞米松的功效与主治,3080,20250701,431
20250701,医疗,莫匹罗星软膏功效,3079,20250701,432
20250701,医疗,鸽子汤怎么炖最营养补气补血,3072,20250701,433
20250701,医疗,木瓜的作用与功效,3069,20250701,434
20250701,医疗,非布司他片的功效与作用,3058,20250701,435
20250701,医疗,胆囊结石最好的治疗方法,3058,20250701,436
20250701,医疗,痛风的症状有哪些表现,3049,20250701,437
20250701,医疗,脾胃虚弱怎么调理最快,3043,20250701,438
20250701,医疗,杏仁的功效和作用,3026,20250701,439
20250701,医疗,左下腹疼是怎么回事女性,3024,20250701,440
20250701,医疗,三金片的功效与作用,3023,20250701,441
20250701,医疗,甲硝唑,3020,20250701,442
20250701,医疗,脚气用什么药最有效最好能根治,3015,20250701,443
20250701,医疗,气血不足的表现有哪些症状,3008,20250701,444
20250701,医疗,尖锐湿疣的症状和图片,3005,20250701,445
20250701,医疗,血小板压积偏高是怎么回事,3004,20250701,446
20250701,医疗,头孢,3001,20250701,447
20250701,医疗,香砂养胃丸的功效与作用,2999,20250701,448
20250701,医疗,罗汉果的功效作用与主治,2998,20250701,449
20250701,医疗,"低血压是怎么引起的,有什么危害",2997,20250701,450
20250701,医疗,肾炎的表现症状有哪些,2996,20250701,451
20250701,医疗,肉苁蓉的功效与作用,2994,20250701,452
20250701,医疗,痛风的症状有哪些,2993,20250701,453
20250701,医疗,利伐沙班片的作用与功效,2988,20250701,454
20250701,医疗,女贞子的功效与作用,2978,20250701,455
20250701,医疗,氯化钠注射作用是什么功效,2970,20250701,456
20250701,医疗,茄子的功效与作用及营养,2970,20250701,457
20250701,医疗,玉米须煮水喝的功效与作用,2969,20250701,458
20250701,医疗,茉莉花茶的功效与作用,2965,20250701,459
20250701,医疗,涌泉穴,2965,20250701,460
20250701,医疗,胆囊息肉,2962,20250701,461
20250701,医疗,嘴唇发紫黑是什么原因,2957,20250701,462
20250701,医疗,牡蛎的功效与作用,2957,20250701,463
20250701,医疗,汗疱疹,2955,20250701,464
20250701,医疗,郁金的功效与作用,2953,20250701,465
20250701,医疗,安宫牛黄丸的功效作用,2949,20250701,466
20250701,医疗,乳酸脱氢酶高是怎么回事,2943,20250701,467
20250701,医疗,血红蛋白低怎么回事,2942,20250701,468
20250701,医疗,雷贝拉唑钠肠溶片功效作用,2932,20250701,469
20250701,医疗,肌酸激酶偏高说明什么,2932,20250701,470
20250701,医疗,bmi的正常范围,2929,20250701,471
20250701,医疗,前列腺增生的最佳治疗方法,2929,20250701,472
20250701,医疗,食脑虫,2922,20250701,473
20250701,医疗,心脏,2922,20250701,474
20250701,医疗,海带的功效与作用,2916,20250701,475
20250701,医疗,双氯芬酸钠缓释片,2915,20250701,476
20250701,医疗,常山药业,2912,20250701,477
20250701,医疗,阿托伐他汀钙片,2911,20250701,478
20250701,医疗,柴胡舒肝丸的功效和作用,2909,20250701,479
20250701,医疗,茵陈的功效作用与主治,2908,20250701,480
20250701,医疗,茄子的功效与作用,2907,20250701,481
20250701,医疗,碳酸氢钠的作用与功效,2903,20250701,482
20250701,医疗,空腹血糖多少正常,2903,20250701,483
20250701,医疗,炙甘草的功效与作用,2896,20250701,484
20250701,医疗,维生素B,2880,20250701,485
20250701,医疗,青光眼的症状和表现是什么,2878,20250701,486
20250701,医疗,硫酸氢氯吡格雷片的功效与作用,2875,20250701,487
20250701,医疗,湿疹图片和症状,2871,20250701,488
20250701,医疗,幽门螺旋杆菌的症状有哪些表现,2871,20250701,489
20250701,医疗,尿酸高是怎么导致的原因,2869,20250701,490
20250701,医疗,金银花露,2869,20250701,491
20250701,医疗,艾草的作用和功效与主治,2861,20250701,492
20250701,医疗,蒲公英的功效与作用,2855,20250701,493
20250701,医疗,幽门螺杆菌感染症状表现有哪些,2854,20250701,494
20250701,医疗,右侧肋下疼痛的可能病因,2853,20250701,495
20250701,医疗,总胆固醇高说明什么,2852,20250701,496
20250701,医疗,疣是什么样子图片,2851,20250701,497
20250701,医疗,木香顺气丸功效作用与主治,2851,20250701,498
20250701,医疗,康复新液的作用与功效,2850,20250701,499
20250701,医疗,护肝片的功效与作用,2849,20250701,500
20250701,医疗,荔枝是热性还是凉性,2844,20250701,501
20250701,医疗,甲钴胺片,2836,20250701,502
20250701,医疗,正常血压标准是多少,2835,20250701,503
20250701,医疗,谷丙转氨酶高是怎么回事,2825,20250701,504
20250701,医疗,尿频尿急尿不尽是什么原因造成的怎么办,2825,20250701,505
20250701,医疗,甲状腺结节3类一般怎么处理,2824,20250701,506
20250701,医疗,永安药业,2823,20250701,507
20250701,医疗,菊花茶的功效与作用,2813,20250701,508
20250701,医疗,同房后出血什么原因女性,2811,20250701,509
20250701,医疗,肚脐眼周围痛什么原因,2809,20250701,510
20250701,医疗,血压高怎么调理才能恢复正常,2803,20250701,511
20250701,医疗,沉香的作用与功效,2801,20250701,512
20250701,医疗,舌苔发黄厚腻是什么原因怎么调理,2801,20250701,513
20250701,医疗,大便出血鲜红色不疼怎么回事,2800,20250701,514
20250701,医疗,海豹油,2796,20250701,515
20250701,医疗,腱鞘炎,2791,20250701,516
20250701,医疗,知柏地黄丸的作用与功效,2790,20250701,517
20250701,医疗,HPV,2785,20250701,518
20250701,医疗,颈椎病引起头疼头晕怎么治疗最好的方法,2782,20250701,519
20250701,医疗,tct检查什么项目,2780,20250701,520
20250701,医疗,碳酸氢钠,2778,20250701,521
20250701,医疗,茯苓,2775,20250701,522
20250701,医疗,痔疮用什么药治最好效果最快,2769,20250701,523
20250701,医疗,胰腺炎有什么症状,2768,20250701,524
20250701,医疗,安神补脑液的功效与作用,2766,20250701,525
20250701,医疗,前列腺炎吃什么药效果好见效快,2765,20250701,526
20250701,医疗,药明康德,2763,20250701,527
20250701,医疗,拉肚子拉稀水是什么原因,2746,20250701,528
20250701,医疗,南瓜的功效与作用,2741,20250701,529
20250701,医疗,肠胃炎的表现症状有哪些,2734,20250701,530
20250701,医疗,牙疼用什么药好得快效果最好,2733,20250701,531
20250701,医疗,肌酐高怎么回事,2729,20250701,532
20250701,医疗,小儿氨酚黄那敏颗粒,2728,20250701,533
20250701,医疗,带状疱疹的症状表现及治疗方法,2722,20250701,534
20250701,医疗,对乙酰氨基酚片,2718,20250701,535
20250701,医疗,脚踝扭伤了肿了怎么恢复最快,2715,20250701,536
20250701,医疗,支原体感染是什么原因造成的,2714,20250701,537
20250701,医疗,富马酸酮替芬片的功效与作用,2707,20250701,538
20250701,医疗,尿酸高是怎样引起的如何降低尿酸,2702,20250701,539
20250701,医疗,大麦茶的作用与功效,2701,20250701,540
20250701,医疗,西红柿的好处与功效,2697,20250701,541
20250701,医疗,肝火旺盛吃什么降肝火,2696,20250701,542
20250701,医疗,腰肌劳损的主要症状有哪些,2694,20250701,543
20250701,医疗,荔枝的功效与作用,2690,20250701,544
20250701,医疗,酒店光脚洗澡或感染HPV?医生回应,2688,20250701,545
20250701,医疗,爱痴癫,2685,20250701,546
20250701,医疗,子宫肌瘤吃什么药消除最快,2684,20250701,547
20250701,医疗,酸梅汤的功效与作用,2682,20250701,548
20250701,医疗,刺梨的功效与作用,2682,20250701,549
20250701,医疗,蚊子咬了怎么消肿止痒最快,2679,20250701,550
20250701,医疗,荆芥,2675,20250701,551
20250701,医疗,速效救心丸的作用功效,2673,20250701,552
20250701,医疗,鼻窦炎症状表现有哪些,2672,20250701,553
20250701,医疗,创新医疗,2665,20250701,554
20250701,医疗,紧急避孕药的最佳服用时间,2664,20250701,555
20250701,医疗,阿胶的作用和功效,2663,20250701,556
20250701,医疗,贫血的症状或表现,2661,20250701,557
20250701,医疗,桔梗的功效与作用,2660,20250701,558
20250701,医疗,丙氨酸氨基转移酶高是怎么回事,2660,20250701,559
20250701,医疗,钙片什么时候吃吸收效果最好,2660,20250701,560
20250701,医疗,奥美拉唑肠溶胶囊,2660,20250701,561
20250701,医疗,幽门螺杆菌吃什么药最好最有效,2658,20250701,562
20250701,医疗,mri检查是什么检查,2655,20250701,563
20250701,医疗,蒙脱石散,2653,20250701,564
20250701,医疗,"更年期出汗,潮热,吃什么药能缓解",2653,20250701,565
20250701,医疗,胆红素偏高的原因及危害,2650,20250701,566
20250701,医疗,口苦是什么原因引起的怎么解决,2632,20250701,567
20250701,医疗,银耳的作用与功效,2627,20250701,568
20250701,医疗,子宫肌瘤,2626,20250701,569
20250701,医疗,湿疹用什么药好得最快最有效,2621,20250701,570
20250701,医疗,荔枝的作用与功效,2616,20250701,571
20250701,医疗,红霉素软膏作用与功效,2613,20250701,572
20250701,医疗,花椒水泡脚有什么效果,2610,20250701,573
20250701,医疗,柏子养心丸的功效和作用,2610,20250701,574
20250701,医疗,胃疼上腹部正中隐痛可要当心了,2610,20250701,575
20250701,医疗,五指毛桃的功效与作用,2609,20250701,576
20250701,医疗,罗红霉素胶囊的作用与功效,2606,20250701,577
20250701,医疗,厚朴的功效与作用,2604,20250701,578
20250701,医疗,鸡内金的功效与作用,2603,20250701,579
20250701,医疗,牙龈萎缩牙根露出怎么样才能恢复,2603,20250701,580
20250701,医疗,木香的功效与作用,2602,20250701,581
20250701,医疗,牛大力的功效与作用与主治,2598,20250701,582
20250701,医疗,白术的功效与作用,2596,20250701,583
20250701,医疗,内分泌失调有哪些症状,2596,20250701,584
20250701,医疗,丝瓜的功效和作用,2595,20250701,585
20250701,医疗,逍遥丸,2591,20250701,586
20250701,医疗,薄荷的功效与主治,2585,20250701,587
20250701,医疗,身上痒是什么原因.越抓越痒,2581,20250701,588
20250701,医疗,"耳鸣,耳朵嗡嗡响是怎么回事?",2580,20250701,589
20250701,医疗,前列腺炎,2578,20250701,590
20250701,医疗,鸡血藤的功效与作用主要治什么病,2575,20250701,591
20250701,医疗,肾结石,2575,20250701,592
20250701,医疗,乳酸菌素片的作用和功效,2569,20250701,593
20250701,医疗,奇亚籽的功效与作用,2560,20250701,594
20250701,医疗,阿司匹林的功效与作用,2560,20250701,595
20250701,医疗,肚子痛一阵一阵的痛什么原因,2559,20250701,596
20250701,医疗,红景天的功效及作用与主治,2559,20250701,597
20250701,医疗,绿茶的功效与作用,2557,20250701,598
20250701,医疗,白细胞低是什么问题,2554,20250701,599
20250701,医疗,痛经的快速止痛的方法,2552,20250701,600
20250701,医疗,栀子的功效与作用,2552,20250701,601
20250701,医疗,热射病,2551,20250701,602
20250701,医疗,碱性磷酸酶高是怎么回事,2551,20250701,603
20250701,医疗,"甲亢病是什么原因引起的,能治好吗",2549,20250701,604
20250701,医疗,头孢克肟片的作用与功效,2544,20250701,605
20250701,医疗,脑供血不足有哪些症状和表现,2543,20250701,606
20250701,医疗,耳朵嗡嗡响是什么原因引起的,2542,20250701,607
20250701,医疗,胃癌最明显的一个征兆,2540,20250701,608
20250701,医疗,大黄的功效作用与主治,2538,20250701,609
20250701,医疗,眩晕症是什么原因导致的,2533,20250701,610
20250701,医疗,头晕是什么原因引起的怎么办,2527,20250701,611
20250701,医疗,山竹是凉性还是热性,2526,20250701,612
20250701,医疗,拔罐的好处与功效与坏处,2523,20250701,613
20250701,医疗,直接胆红素偏高是什么意思,2520,20250701,614
20250701,医疗,阿托伐他汀钙片的功效与主治,2519,20250701,615
20250701,医疗,羊肚菌的功效与作用,2512,20250701,616
20250701,医疗,血小板低是什么原因,2511,20250701,617
20250701,医疗,依托考昔片的功效与作用,2511,20250701,618
20250701,医疗,银杏叶片的功效与作用,2509,20250701,619
20250701,医疗,鸡内金的功效作用与主治,2508,20250701,620
20250701,医疗,李子吃了有什么好处和功效,2502,20250701,621
20250701,医疗,BMI,2497,20250701,622
20250701,医疗,嗜酸性粒细胞高是怎么回事,2495,20250701,623
20250701,医疗,肩膀疼痛要警惕的三种病右肩膀疼痛,2494,20250701,624
20250701,医疗,左侧肋下疼痛的可能病因,2493,20250701,625
20250701,医疗,纳豆的功效与作用,2493,20250701,626
20250701,医疗,韭菜的功效与作用,2491,20250701,627
20250701,医疗,洛索洛芬钠片的功效与作用,2490,20250701,628
20250701,医疗,维生素b1的作用和功效,2485,20250701,629
20250701,医疗,川芎的功效与作用,2481,20250701,630
20250701,医疗,西地那非,2481,20250701,631
20250701,医疗,食道癌的早期症状,2480,20250701,632
20250701,医疗,二甲双胍,2479,20250701,633
20250701,医疗,心悸是什么症状表现,2472,20250701,634
20250701,医疗,布洛芬缓释胶囊,2465,20250701,635
20250701,医疗,乳腺增生的主要症状有哪些,2464,20250701,636
20250701,医疗,心肌炎症状及表现,2455,20250701,637
20250701,医疗,盐酸倍他司汀的作用与功效,2452,20250701,638
20250701,医疗,胸部疼痛什么原因引起的,2448,20250701,639
20250701,医疗,乳腺结节,2447,20250701,640
20250701,医疗,吃火龙果尿出的尿是红色的怎么回事,2446,20250701,641
20250701,医疗,窦性心律,2444,20250701,642
20250701,医疗,胸,2443,20250701,643
20250701,医疗,肺结节,2439,20250701,644
20250701,医疗,高密度脂蛋白偏低怎么回事,2439,20250701,645
20250701,医疗,大便不成形是什么原因造成的,2435,20250701,646
20250701,医疗,车前草,2435,20250701,647
20250701,医疗,痱子用什么方法消除最快,2435,20250701,648
20250701,医疗,中暑的症状,2434,20250701,649
20250701,医疗,阴囊潮湿是什么原因造成的,2434,20250701,650
20250701,医疗,阿莫西林胶囊一次吃几粒,2431,20250701,651
20250701,医疗,hpv是什么病毒?,2430,20250701,652
20250701,医疗,脂肪肝,2428,20250701,653
20250701,医疗,维生素b2,2428,20250701,654
20250701,医疗,人参果的功效与作用,2427,20250701,655
20250701,医疗,红斑狼疮是什么症状早期图片,2426,20250701,656
20250701,医疗,阴脣上长疙瘩什么原因,2424,20250701,657
20250701,医疗,直肠癌早期症状和前兆,2422,20250701,658
20250701,医疗,肾虚有哪些症状,2421,20250701,659
20250701,医疗,喉咙里总是有痰液粘着是什么原因,2419,20250701,660
20250701,医疗,膝盖疼是怎么回事什么原因引起的,2414,20250701,661
20250701,医疗,hpv是什么病毒,2412,20250701,662
20250701,医疗,扁平疣的症状和图片,2410,20250701,663
20250701,医疗,白花蛇舌草的功效与作用,2409,20250701,664
20250701,医疗,白术,2409,20250701,665
20250701,医疗,柠檬水的功效与作用,2408,20250701,666
20250701,医疗,脚肿是怎么回事什么原因引起的,2405,20250701,667
20250701,医疗,小米粥的功效与作用,2402,20250701,668
20250701,医疗,脂蛋白(a)高是怎么回事,2401,20250701,669
20250701,医疗,达格列净片作用与功效,2398,20250701,670
20250701,医疗,腋下有小疙瘩是什么原因,2396,20250701,671
20250701,医疗,叶黄素的功效与作用对眼睛有用吗,2395,20250701,672
20250701,医疗,玫瑰花泡水的功效与作用,2395,20250701,673
20250701,医疗,舌头上有裂纹是什么原因?怎么解决?,2394,20250701,674
20250701,医疗,加味逍遥丸的功效与作用,2392,20250701,675
20250701,医疗,眼睛,2392,20250701,676
20250701,医疗,二甲双胍片的功效与副作用,2390,20250701,677
20250701,医疗,维生素b2的作用和功效有哪些,2388,20250701,678
20250701,医疗,晒背的好处及作用和时间,2386,20250701,679
20250701,医疗,间接胆红素偏高是什么意思,2385,20250701,680
20250701,医疗,宫外孕能用验孕棒测出来吗,2383,20250701,681
20250701,医疗,头晕目眩恶心想吐是什么原因,2378,20250701,682
20250701,医疗,烫伤起水泡用什么方法好的最快,2377,20250701,683
20250701,医疗,静脉曲张,2375,20250701,684
20250701,医疗,"胃胀,胃顶,不消化,胃胀气,恶心吃什么药",2374,20250701,685
20250701,医疗,颈椎病会引起哪些不适症状,2370,20250701,686
20250701,医疗,甲胎蛋白偏高说明什么问题,2369,20250701,687
20250701,医疗,荔枝皮煮水喝有什么功效和作用,2368,20250701,688
20250701,医疗,红薯发芽了还能不能吃,2368,20250701,689
20250701,医疗,榴莲不能和什么一起吃,2367,20250701,690
20250701,医疗,外阴瘙痒,2363,20250701,691
20250701,医疗,生孩子,2360,20250701,692
20250701,医疗,"肺气肿是什么原因导致的,能治愈吗?",2360,20250701,693
20250701,医疗,怀孕,2357,20250701,694
20250701,医疗,耳鸣怎么快速消除耳鸣的方法,2354,20250701,695
20250701,医疗,绞股蓝的功效与作用与主治,2351,20250701,696
20250701,医疗,氨糖软骨素钙片的功效和作用,2346,20250701,697
20250701,医疗,桑黄的功效与作用的功能与主治,2344,20250701,698
20250701,医疗,腿抽筋是什么原因?如何解决,2342,20250701,699
20250701,医疗,复方丹参片的功效与作用,2341,20250701,700
20250701,医疗,rhd血型阳性是什么意思,2336,20250701,701
20250701,医疗,赤小豆的功效与作用,2334,20250701,702
20250701,医疗,"益生菌什么时间吃最好,空腹还是饭后",2331,20250701,703
20250701,医疗,莓茶的功效与作用的功能与主治,2331,20250701,704
20250701,医疗,气虚的表现症状有哪些,2330,20250701,705
20250701,医疗,"血管瘤是什么病,怎样治疗,严重吗?",2325,20250701,706
20250701,医疗,左归丸的功效与作用,2324,20250701,707
20250701,医疗,霍香正气液与藿香正气水的区别,2324,20250701,708
20250701,医疗,黄体破裂是怎么回事,2316,20250701,709
20250701,医疗,艾滋病潜伏期一般是多长时间,2316,20250701,710
20250701,医疗,绿豆和什么搭配一起煮最好,2316,20250701,711
20250701,医疗,谷丙转氨酶偏高说明什么原因,2315,20250701,712
20250701,医疗,茯苓的功效与作用,2314,20250701,713
20250701,医疗,血沉高是怎么回事,2314,20250701,714
20250701,医疗,薏米的功效与作用,2313,20250701,715
20250701,医疗,呼吸过度,2312,20250701,716
20250701,医疗,胆囊切除后有什么影响,2308,20250701,717
20250701,医疗,克拉霉素片的功效与作用,2308,20250701,718
20250701,医疗,脑梗的前兆有哪些症状,2307,20250701,719
20250701,医疗,红斑狼疮,2300,20250701,720
20250701,医疗,乌灵胶囊的功效与作用,2300,20250701,721
20250701,医疗,灰指甲用什么药能除根,2298,20250701,722
20250701,医疗,黑苦荞茶的作用与功效,2297,20250701,723
20250701,医疗,肚子胀胀的腹部不舒服怎么办,2297,20250701,724
20250701,医疗,hpv是艾滋病吗,2296,20250701,725
20250701,医疗,eb病毒是什么病,2294,20250701,726
20250701,医疗,石斛花泡水喝的功效和作用,2289,20250701,727
20250701,医疗,舒泰神,2282,20250701,728
20250701,医疗,胰岛素抵抗是什么意思,2280,20250701,729
20250701,医疗,知母的功效作用与主治,2279,20250701,730
20250701,医疗,糖化血红蛋白偏高是什么意思,2279,20250701,731
20250701,医疗,结肠炎的症状有哪些症状,2277,20250701,732
20250701,医疗,手掌发红是怎么回事,2275,20250701,733
20250701,医疗,冠心病的症状表现有哪些,2273,20250701,734
20250701,医疗,精神分裂症的症状和表现,2270,20250701,735
20250701,医疗,灵芝的功效和作用,2268,20250701,736
20250701,医疗,尿道炎吃什么药好得最快,2265,20250701,737
20250701,医疗,腰酸痛酸痛的什么原因有哪些,2263,20250701,738
20250701,医疗,脑梗,2262,20250701,739
20250701,医疗,丰隆准确位置图和功效,2259,20250701,740
20250701,医疗,稳心颗粒的功效与作用,2258,20250701,741
20250701,医疗,陈皮的功效与作用,2256,20250701,742
20250701,医疗,糖化血红蛋白,2255,20250701,743
20250701,医疗,地奥司明片作用与功效,2253,20250701,744
20250701,医疗,莲子的功效与作用,2253,20250701,745
20250701,医疗,西洋参的功效与作用主治,2253,20250701,746
20250701,医疗,肠癌早期有哪些症状,2251,20250701,747
20250701,医疗,李子是热性还是凉性,2250,20250701,748
20250701,医疗,小腹部隐隐约约的疼是怎么回事,2248,20250701,749
20250701,医疗,荔枝壳煮水的功效与作用,2247,20250701,750
20250701,医疗,扁桃体发炎吃什么药效果最好,2247,20250701,751
20250701,医疗,血清淀粉样蛋白a高是什么原因,2246,20250701,752
20250701,医疗,复方甘草酸苷片的功效与副作用,2245,20250701,753
20250701,医疗,布洛芬混悬液,2245,20250701,754
20250701,医疗,八项是哪八项,2244,20250701,755
20250701,医疗,血压正常值范围 最新标准2025,2242,20250701,756
20250701,医疗,石菖蒲的功效与作用,2242,20250701,757
20250701,医疗,头晕晕乎乎的是什么病的征兆,2241,20250701,758
20250701,医疗,手淫过度怎么调理恢复,2239,20250701,759
20250701,医疗,ptsd,2238,20250701,760
20250701,医疗,双歧杆菌四联活菌片的功效与作用,2236,20250701,761
20250701,医疗,螨虫咬了是什么样子图,2236,20250701,762
20250701,医疗,子宫肌瘤是什么原因导致的,2235,20250701,763
20250701,医疗,跖疣,2234,20250701,764
20250701,医疗,远志的作用和功效,2233,20250701,765
20250701,医疗,急性肠胃炎的症状,2231,20250701,766
20250701,医疗,头孢克肟,2227,20250701,767
20250701,医疗,耳朵闷闷的堵住的感觉怎么解决,2226,20250701,768
20250701,医疗,呋塞米片的功效与作用,2225,20250701,769
20250701,医疗,"胸闷气短,感觉喘不上气什么原因",2221,20250701,770
20250701,医疗,阴虚火旺有什么症状,2219,20250701,771
20250701,医疗,保和丸的功效与主治作用,2219,20250701,772
20250701,医疗,人参,2217,20250701,773
20250701,医疗,"胃胀,胃顶,不消化,胃胀气,吃什么药",2216,20250701,774
20250701,医疗,口臭吃什么药可以消除口臭,2215,20250701,775
20250701,医疗,献血对身体有什么好处和坏处,2214,20250701,776
20250701,医疗,马齿苋图片,2212,20250701,777
20250701,医疗,月经推迟不来什么原因,2211,20250701,778
20250701,医疗,乌灵参多少钱一斤,2210,20250701,779
20250701,医疗,太子参的功效作用与主治,2203,20250701,780
20250701,医疗,阿奇霉素,2203,20250701,781
20250701,医疗,避孕药什么时候吃最好最有效,2202,20250701,782
20250701,医疗,奥美拉唑饭前吃还是饭后吃,2198,20250701,783
20250701,医疗,黑枸杞的功效与作用,2183,20250701,784
20250701,医疗,桑葚的功效与作用的功能与主治,2182,20250701,785
20250701,医疗,b族维生素片的功效与作用,2181,20250701,786
20250701,医疗,党参,2180,20250701,787
20250701,医疗,面瘫是什么原因引起的,2180,20250701,788
20250701,医疗,陈皮,2177,20250701,789
20250701,医疗,单核细胞偏高是什么意思,2176,20250701,790
20250701,医疗,花生的功效与作用,2174,20250701,791
20250701,医疗,胰腺炎,2173,20250701,792
20250701,医疗,肠癌的早期症状有哪些,2171,20250701,793
20250701,医疗,甲状腺的主要症状,2168,20250701,794
20250701,医疗,红霉素软膏,2167,20250701,795
20250701,医疗,甲沟炎怎么治疗最快最好方法,2166,20250701,796
20250701,医疗,生蚝的功效与作用,2164,20250701,797
20250701,医疗,夏枯草的功效与作用能消除结节吗,2158,20250701,798
20250701,医疗,胖大海的功效作用与主治,2157,20250701,799
20250701,医疗,复方氨酚烷胺片,2156,20250701,800
20250701,医疗,莲子心的功效与作用,2155,20250701,801
20250701,医疗,中暑了怎么办最快解决方法,2154,20250701,802
20250701,医疗,妇科千金片主要治什么妇科病,2153,20250701,803
20250701,医疗,连翘的功效与作用,2150,20250701,804
20250701,医疗,翰宇药业,2150,20250701,805
20250701,医疗,左旋肉碱的危害及副作用,2145,20250701,806
20250701,医疗,金银花,2145,20250701,807
20250701,医疗,玉屏风颗粒的功效和作用,2143,20250701,808
20250701,医疗,阑尾炎是什么原因造成的,2140,20250701,809
20250701,医疗,肛瘘是什么症状表现,2138,20250701,810
20250701,医疗,紫癜,2136,20250701,811
20250701,医疗,乙肝,2135,20250701,812
20250701,医疗,牙龈出血是怎么回事,2135,20250701,813
20250701,医疗,赤芍的功效作用与主治,2135,20250701,814
20250701,医疗,便秘吃什么效果最快,2134,20250701,815
20250701,医疗,湿疹是什么原因引起的起的,2131,20250701,816
20250701,医疗,尿毒症,2131,20250701,817
20250701,医疗,灰指甲怎么治疗最快根除,2129,20250701,818
20250701,医疗,慢性非萎缩性胃炎什么意思,2128,20250701,819
20250701,医疗,非那雄胺片功能主治,2127,20250701,820
20250701,医疗,金线莲的功效作用与主治,2126,20250701,821
20250701,医疗,子宫内膜增厚是什么原因造成的,2125,20250701,822
20250701,医疗,百度健康,2125,20250701,823
20250701,医疗,阿昔洛韦乳膏的功能主治,2123,20250701,824
20250701,医疗,细菌性阴道炎用什么药好得快,2122,20250701,825
20250701,医疗,水飞蓟的作用与功效,2121,20250701,826
20250701,医疗,土豆的功效与作用,2121,20250701,827
20250701,医疗,dha的作用与功效,2120,20250701,828
20250701,医疗,肌酐偏低说明什么原因,2120,20250701,829
20250701,医疗,健胃消食片的作用与功效,2118,20250701,830
20250701,医疗,依折麦布片的功效和作用,2115,20250701,831
20250701,医疗,白血病是什么原因引起的,2112,20250701,832
20250701,医疗,b12维生素的作用及功能,2112,20250701,833
20250701,医疗,肝癌的早期症状和前兆,2112,20250701,834
20250701,医疗,手指关节疼痛肿胀僵硬怎么治疗,2110,20250701,835
20250701,医疗,三阴交,2109,20250701,836
20250701,医疗,艾滋病初期症状及表现,2109,20250701,837
20250701,医疗,五指毛桃,2103,20250701,838
20250701,医疗,蝉蜕的功效作用与主治,2101,20250701,839
20250701,医疗,氯化钾的作用与功效,2100,20250701,840
20250701,医疗,附子理中丸的功效与作用,2099,20250701,841
20250701,医疗,麦冬,2098,20250701,842
20250701,医疗,牛膝的功效与作用,2094,20250701,843
20250701,医疗,普洱茶的功效与作用,2093,20250701,844
20250701,医疗,小腿抽筋是什么原因?如何解决,2092,20250701,845
20250701,医疗,小儿豉翘清热颗粒,2091,20250701,846
20250701,医疗,胰腺疼是哪个部位疼,2091,20250701,847
20250701,医疗,低密度脂蛋白胆固醇偏高说明什么问题,2087,20250701,848
20250701,医疗,尿隐血,2087,20250701,849
20250701,医疗,晚上睡不着觉是什么原因造成的呢,2086,20250701,850
20250701,医疗,人参健脾丸的功效与作用,2085,20250701,851
20250701,医疗,安宫牛黄丸的作用与功效,2085,20250701,852
20250701,医疗,多巴胺是什么意思?,2084,20250701,853
20250701,医疗,核桃的功效与作用,2077,20250701,854
20250701,医疗,"桥本甲状腺炎是什么意思,严重不重",2073,20250701,855
20250701,医疗,沙库巴曲缬沙坦钠片作用功效,2073,20250701,856
20250701,医疗,乙型肝炎病毒表面抗体高是什么意思,2072,20250701,857
20250701,医疗,屁多是怎么回事什么原因引起的,2072,20250701,858
20250701,医疗,他达拉非片副作用和危害,2071,20250701,859
20250701,医疗,胃酸胃胀反酸水烧心是怎么回事,2069,20250701,860
20250701,医疗,肾功能检查哪些项目,2067,20250701,861
20250701,医疗,牛黄解毒片的功效与主治,2066,20250701,862
20250701,医疗,阑尾在哪个位置?,2063,20250701,863
20250701,医疗,金匮肾气丸,2059,20250701,864
20250701,医疗,丝状疣是什么原因长出来的,2059,20250701,865
20250701,医疗,补血吃什么食物最好最快,2055,20250701,866
20250701,医疗,汗疱疹用什么药好得最快最有效,2054,20250701,867
20250701,医疗,千红制药,2053,20250701,868
20250701,医疗,燕麦片的功效与作用,2052,20250701,869
20250701,医疗,葛根的功效与作用,2050,20250701,870
20250701,医疗,脚部部位图解大全,2050,20250701,871
20250701,医疗,覆盆子的功效与作用,2045,20250701,872
20250701,医疗,甲状腺功能异常的症状表现,2043,20250701,873
20250701,医疗,蜂胶的功效与主治功能,2040,20250701,874
20250701,医疗,天麻,2039,20250701,875
20250701,医疗,甲硝唑片的功效和作用,2039,20250701,876
20250701,医疗,麦粒肿,2038,20250701,877
20250701,医疗,合欢皮的功效和作用主治,2037,20250701,878
20250701,医疗,阴虱是什么原因得的,2035,20250701,879
20250701,医疗,高血压,2035,20250701,880
20250701,医疗,神阙的准确位置图,2035,20250701,881
20250701,医疗,逍遥丸的功效与作用,2035,20250701,882
20250701,医疗,乙肝传染途径有哪些?,2034,20250701,883
20250701,医疗,龟苓膏的功效与作用,2032,20250701,884
20250701,医疗,当归,2031,20250701,885
20250701,医疗,甲硝唑片的功效与用法,2031,20250701,886
20250701,医疗,苯磺酸氨氯地平片,2028,20250701,887
20250701,医疗,排卵期出血是怎么回事正常吗,2028,20250701,888
20250701,医疗,龙骨的功效与作用,2025,20250701,889
20250701,医疗,黑豆的功效与作用,2024,20250701,890
20250701,医疗,梅毒是怎么传染的,2023,20250701,891
20250701,医疗,健康证体检哪些项目,2022,20250701,892
20250701,医疗,心肌梗塞有哪些症状,2021,20250701,893
20250701,医疗,白细胞酯酶阳性,2020,20250701,894
20250701,医疗,荷叶泡水喝有什么功效作用,2019,20250701,895
20250701,医疗,硒的作用和补硒的好处,2019,20250701,896
20250701,医疗,眼睛肿眼皮肿是怎么回事啊,2017,20250701,897
20250701,医疗,巴戟天的作用和功效,2017,20250701,898
20250701,医疗,血压150/90算不算高血压,2017,20250701,899
20250701,医疗,龙胆泻肝丸,2016,20250701,900
20250701,医疗,疝气是怎么回事,2016,20250701,901
20250701,医疗,中性粒细胞低是什么原因,2012,20250701,902
20250701,医疗,参松养心胶囊的功效与作用,2009,20250701,903
20250701,医疗,盐酸氨溴索的功效与作用,2008,20250701,904
20250701,医疗,杏子的营养价值和功效与作用,2007,20250701,905
20250701,医疗,呼吸性碱中毒,2006,20250701,906
20250701,医疗,洛神花的作用与功效,2004,20250701,907
20250701,医疗,拉肚子拉稀水吃什么药最有效,2004,20250701,908
20250701,医疗,毛囊炎的症状和图片阴囊,2002,20250701,909
20250701,医疗,人参的作用与功效 正确食用方法,2002,20250701,910
20250701,医疗,松花粉的功效和作用,2001,20250701,911
20250701,医疗,苋菜的功效与作用,2000,20250701,912
20250701,医疗,双黄连口服液的功效与作用,1999,20250701,913
20250701,医疗,霍香正气水的功效作用与禁忌霍香正气水能治气脚吗,1998,20250701,914
20250701,医疗,附子理中丸的作用与功效,1997,20250701,915
20250701,医疗,鼻咽癌早期症状表现,1996,20250701,916
20250701,医疗,归芍地黄丸的功效与作用,1995,20250701,917
20250701,医疗,氟哌噻吨美利曲辛片作用和功效,1994,20250701,918
20250701,医疗,丹栀逍遥丸的功效与作用,1992,20250701,919
20250701,医疗,麦冬泡水喝有什么功效和作用,1992,20250701,920
20250701,医疗,精索静脉曲张,1991,20250701,921
20250701,医疗,盐酸西替利嗪片,1991,20250701,922
20250701,医疗,瑞巴派特片功效与作用,1991,20250701,923
20250701,医疗,空腹血糖正常值是多少,1990,20250701,924
20250701,医疗,碳水食物主要是哪些食物,1989,20250701,925
20250701,医疗,补肾吃什么东西效果最好,1986,20250701,926
20250701,医疗,皮脂腺囊肿,1985,20250701,927
20250701,医疗,破伤风,1985,20250701,928
20250701,医疗,脑梗恢复最好的方法,1985,20250701,929
20250701,医疗,褪黑素,1984,20250701,930
20250701,医疗,甘露醇的作用与功效,1980,20250701,931
20250701,医疗,灵芝功效作用与主治,1980,20250701,932
20250701,医疗,腿酸软无力感觉很累是什么原因,1980,20250701,933
20250701,医疗,尿路感染有哪些症状,1979,20250701,934
20250701,医疗,西米的功效和作用,1979,20250701,935
20250701,医疗,钾低了会出现什么症状,1975,20250701,936
20250701,医疗,坐骨神经痛的症状有哪些,1973,20250701,937
20250701,医疗,头孢呋辛酯片功效与作用,1972,20250701,938
20250701,医疗,甲磺酸倍他司汀片的作用及功效,1970,20250701,939
20250701,医疗,冠心病,1969,20250701,940
20250701,医疗,胃疼怎么办最快的方法止痛,1968,20250701,941
20250701,医疗,痛风,1967,20250701,942
20250701,医疗,铁蛋白高是怎么回事,1966,20250701,943
20250701,医疗,女子腿痒了2个月查出肝癌,1965,20250701,944
20250701,医疗,枳实的作用和功效,1965,20250701,945
20250701,医疗,甲减,1965,20250701,946
20250701,医疗,爱滋病,1964,20250701,947
20250701,医疗,中暑的症状表现有哪些,1964,20250701,948
20250701,医疗,半月板损伤怎么治疗比较好得快,1964,20250701,949
20250701,医疗,毛囊炎用什么药最有效,1963,20250701,950
20250701,医疗,支气管炎咳嗽怎么治疗才能除根,1959,20250701,951
20250701,医疗,肝内钙化灶是什么意思,1958,20250701,952
20250701,医疗,抑郁症,1955,20250701,953
20250701,医疗,苗通胶囊的功效和作用,1954,20250701,954
20250701,医疗,脑梗是什么原因引起的?,1951,20250701,955
20250701,医疗,痱子图片和症状,1951,20250701,956
20250701,医疗,徐州二院郑伟,1950,20250701,957
20250701,医疗,火疖子,1950,20250701,958
20250701,医疗,牙龈肿痛,1949,20250701,959
20250701,医疗,草酸艾司西酞普兰片的作用与功效,1948,20250701,960
20250701,医疗,摩罗丹的功效和作用,1948,20250701,961
20250701,医疗,过敏起红疙瘩痒怎么办,1947,20250701,962
20250701,医疗,头孢呋辛酯片,1942,20250701,963
20250701,医疗,水痘,1940,20250701,964
20250701,医疗,nt检查什么,1937,20250701,965
20250701,医疗,夏枯草,1937,20250701,966
20250701,医疗,肾结石疼怎么办快速止疼小妙招,1935,20250701,967
20250701,医疗,霉菌性阴道炎,1935,20250701,968
20250701,医疗,右归丸的功效与作用,1935,20250701,969
20250701,医疗,房颤,1934,20250701,970
20250701,医疗,盐酸达泊西汀片的功效,1932,20250701,971
20250701,医疗,肛周脓肿,1929,20250701,972
20250701,医疗,厄贝沙坦片的功效与副作用,1926,20250701,973
20250701,医疗,苯磺酸氨氯地平片的作用与功效,1921,20250701,974
20250701,医疗,"痔疮出血怎么办一拉屎就出血,还喷血",1920,20250701,975
20250701,医疗,奥美拉唑,1920,20250701,976
20250701,医疗,低血糖的症状有哪些,1919,20250701,977
20250701,医疗,脚底板痛什么原因,1919,20250701,978
20250701,医疗,凯格尔运动正确做法,1918,20250701,979
20250701,医疗,马来酸曲美布汀片的作用与功效,1918,20250701,980
20250701,医疗,华西医院,1917,20250701,981
20250701,医疗,生姜的作用功效,1917,20250701,982
20250701,医疗,刺五加的功效作用与主治,1917,20250701,983
20250701,医疗,头皮痒是什么原因.越抓越痒,1916,20250701,984
20250701,医疗,肌酐,1915,20250701,985
20250701,医疗,脖子上长了很多小肉点是怎么回事,1913,20250701,986
20250701,医疗,腰椎间盘突出,1909,20250701,987
20250701,医疗,猫爪草的作用与功效,1909,20250701,988
20250701,医疗,苦丁茶的功效和作用是什么,1908,20250701,989
20250701,医疗,菠萝蜜的功效与作用的营养,1906,20250701,990
20250701,医疗,胃炎的症状有哪些,1902,20250701,991
20250701,医疗,尿素偏高是什么病,1902,20250701,992
20250701,医疗,二甲双胍的正确吃法,1900,20250701,993
20250701,医疗,强直性脊柱炎,1899,20250701,994
20250701,医疗,他达拉非,1899,20250701,995
20250701,医疗,开喉剑喷雾剂的功效与作用,1898,20250701,996
20250701,医疗,沙棘,1897,20250701,997
20250701,医疗,肛瘘,1896,20250701,998
20250701,医疗,腺肌症是什么病,1896,20250701,999
20250701,医疗,乙肝携带者会传染人吗,1894,20250701,1000
20250701,医疗,腺样体肥大是什么症状,1894,20250701,1001
20250701,医疗,睡觉流口水是什么原因,1892,20250701,1002
20250701,医疗,肚脐周围痛什么原因,1886,20250701,1003
20250701,医疗,三伏贴,1886,20250701,1004
20250701,医疗,心悸,1886,20250701,1005
20250701,医疗,知柏地黄丸的功效与作用,1885,20250701,1006
20250701,医疗,大蒜的功效与作用,1883,20250701,1007
20250701,医疗,左氧氟沙星滴眼液,1882,20250701,1008
20250701,医疗,苦参的功效与作用,1882,20250701,1009
20250701,医疗,鹰嘴豆的功效与作用,1881,20250701,1010
20250701,医疗,地黄的功效和作用主治,1879,20250701,1011
20250701,医疗,脚气烂脚趾缝痒溃烂怎么治,1879,20250701,1012
20250701,医疗,胆囊炎,1877,20250701,1013
20250701,医疗,鸡眼长什么样子图片,1876,20250701,1014
20250701,医疗,寻麻疹是怎么样的图,1875,20250701,1015
20250701,医疗,地奈德乳膏的主治功效,1875,20250701,1016
20250701,医疗,苏打水的功效与作用,1874,20250701,1017
20250701,医疗,片仔癀的功效和作用,1874,20250701,1018
20250701,医疗,手指关节疼痛什么原因引起的,1871,20250701,1019
20250701,医疗,白蛋白的功效与作用,1871,20250701,1020
20250701,医疗,灵芝孢子功效和作用,1870,20250701,1021
20250701,医疗,决定蜂胶品质好坏的因素有哪些?,1867,20250701,1022
20250701,医疗,琥珀酸美托洛尔缓释片,1867,20250701,1023
20250701,医疗,同房后出血什么原因,1866,20250701,1024
20250701,医疗,维生素b1,1865,20250701,1025
20250701,医疗,妇科炎症用什么药消炎最好,1864,20250701,1026
20250701,医疗,构树果子泡酒功效与作用,1864,20250701,1027
20250701,医疗,卵巢癌的症状和前兆,1861,20250701,1028
20250701,医疗,"嗓子疼,咽口水都疼,有什么方法吗?",1861,20250701,1029
20250701,医疗,尿酸高,1860,20250701,1030
20250701,医疗,蚊虫叮咬红肿用什么药快速消肿止痒,1857,20250701,1031
20250701,医疗,放屁多是怎么回事,1856,20250701,1032
20250701,医疗,阿莫西林一次吃几粒,1855,20250701,1033
20250701,医疗,马来酸氯苯那敏片的作用与功效,1853,20250701,1034
20250701,医疗,克霉唑阴道片,1852,20250701,1035
20250701,医疗,牙龈肿痛吃什么药快速消肿止痛,1851,20250701,1036
20250701,医疗,高密度脂蛋白偏低是什么原因呀,1851,20250701,1037
20250701,医疗,下巴长痘痘反反复复怎么回事儿,1849,20250701,1038
20250701,医疗,伟哥的药名叫什么名字,1848,20250701,1039
20250701,医疗,盐酸坦索罗辛缓释胶囊功效与作用,1847,20250701,1040
20250701,医疗,奥美拉唑胶囊的功效与作用,1846,20250701,1041
20250701,医疗,带状疱疹是什么原因引起造成的,1845,20250701,1042
20250701,医疗,枸杞,1845,20250701,1043
20250701,医疗,糖尿病寿命一般能活多久,1841,20250701,1044
20250701,医疗,前列腺炎有什么症状表现,1841,20250701,1045
20250701,医疗,玻璃酸钠滴眼液,1840,20250701,1046
20250701,医疗,酒石酸美托洛尔片的功效和作用,1838,20250701,1047
20250701,医疗,"心情低落,烦躁,又很压抑",1837,20250701,1048
20250701,医疗,补天灵片的功能与主治,1836,20250701,1049
20250701,医疗,药流最佳时间是多少天左右,1835,20250701,1050
20250701,医疗,耳朵疼怎么办耳朵里面疼,1835,20250701,1051
20250701,医疗,三七粉的主要功效和作用,1834,20250701,1052
20250701,医疗,腰果有什么营养和功效,1834,20250701,1053
20250701,医疗,黄连的功效作用与主治,1833,20250701,1054
20250701,医疗,维生素d的功效与作用,1831,20250701,1055
20250701,医疗,多方回应男子手部外伤要检查前列腺,1830,20250701,1056
20250701,医疗,血糖正常标准是多少,1830,20250701,1057
20250701,医疗,孕酮低什么原因造成的,1828,20250701,1058
20250701,医疗,小孩子割包皮最佳年龄是几岁,1820,20250701,1059
20250701,医疗,消炎药有哪些?,1820,20250701,1060
20250701,医疗,红心火龙果的功效与作用,1819,20250701,1061
20250701,医疗,脑供血不足症状表现有哪些,1817,20250701,1062
20250701,医疗,大便出血是怎么回事男性,1817,20250701,1063
20250701,医疗,手指麻木是什么病的前兆怎么治疗,1815,20250701,1064
20250701,医疗,胆固醇高的人不宜吃哪些食物,1814,20250701,1065
20250701,医疗,甘草片的功效与作用与主治,1814,20250701,1066
20250701,医疗,房颤是什么症状,1813,20250701,1067
20250701,医疗,高血压的症状表现有哪些,1813,20250701,1068
20250701,医疗,脂溢性皮炎,1813,20250701,1069
20250701,医疗,头疼是什么原因引起的该怎么去治,1813,20250701,1070
20250701,医疗,金水宝胶囊的功效与主治,1812,20250701,1071
20250701,医疗,破伤风的症状有哪些表现,1811,20250701,1072
20250701,医疗,怀孕多久能测出两条杠,1810,20250701,1073
20250701,医疗,中耳炎是什么症状,1805,20250701,1074
20250701,医疗,疱疹,1804,20250701,1075
20250701,医疗,骨质增生怎样治疗效果最好,1804,20250701,1076
20250701,医疗,纤维蛋白原偏高是什么意思,1803,20250701,1077
20250701,医疗,西梅干的作用与功效,1800,20250701,1078
20250701,医疗,三高是指的哪三高,1799,20250701,1079
20250701,医疗,诺氟沙星胶囊,1799,20250701,1080
20250701,医疗,空心菜的作用与功效,1798,20250701,1081
20250701,医疗,芦荟的功效与作用,1797,20250701,1082
20250701,医疗,非诺贝特胶囊的功效和作用,1796,20250701,1083
20250701,医疗,阿司匹林肠溶片,1796,20250701,1084
20250701,医疗,艾司唑仑片,1795,20250701,1085
20250701,医疗,多潘立酮片的功效和作用,1794,20250701,1086
20250701,医疗,地中海贫血是什么病,1794,20250701,1087
20250701,医疗,出汗太多是哪里出问题了,1793,20250701,1088
20250701,医疗,阴道出血,1792,20250701,1089
20250701,医疗,高蛋白的食物都有哪些,1792,20250701,1090
20250701,医疗,阿奇霉素干混悬剂,1791,20250701,1091
20250701,医疗,富马酸比索洛尔片的作用与功效,1791,20250701,1092
20250701,医疗,狂犬病早期症状,1788,20250701,1093
20250701,医疗,小肚子隐隐约约疼是怎么回事,1788,20250701,1094
20250701,医疗,高血压怎么调理才能恢复,1787,20250701,1095
20250701,医疗,薄荷叶泡水喝有什么功效和作用,1787,20250701,1096
20250701,医疗,夏枯草的功效与作用主治,1787,20250701,1097
20250701,医疗,白芷,1786,20250701,1098
20250701,医疗,平均血红蛋白浓度偏低是什么意思,1786,20250701,1099
20250701,医疗,心电图导联位置,1785,20250701,1100
20250701,医疗,飞蓬草的功效与作用,1783,20250701,1101
20250701,医疗,心率过快的原因是什么,1782,20250701,1102
20250701,医疗,菊花的功效与作用,1782,20250701,1103
20250701,医疗,氯雷他定,1780,20250701,1104
20250701,医疗,豆浆的功效与作用,1780,20250701,1105
20250701,医疗,哮喘病的症状表现,1780,20250701,1106
20250701,医疗,复合维生素b的作用和功效有哪些,1780,20250701,1107
20250701,医疗,益生菌的作用与功效,1776,20250701,1108
20250701,医疗,腱鞘炎手指疼怎么治最快最有效,1774,20250701,1109
20250701,医疗,胃食管反流的主要症状,1774,20250701,1110
20250701,医疗,载脂蛋白a1偏高是什么意思,1773,20250701,1111
20250701,医疗,卵巢早衰有哪些症状,1771,20250701,1112
20250701,医疗,二陈丸的功效与作用,1770,20250701,1113
20250701,医疗,贵州百灵,1767,20250701,1114
20250701,医疗,太子参的功效与作用,1765,20250701,1115
20250701,医疗,知柏地黄丸的功效与主治作用,1764,20250701,1116
20250701,医疗,肝囊肿,1764,20250701,1117
20250701,医疗,地屈孕酮片,1763,20250701,1118
20250701,医疗,黄芪精口服液的功效与作用,1761,20250701,1119
20250701,医疗,虫草的功效与主治功能与作用,1761,20250701,1120
20250701,医疗,去湿气最简单有效的办法是什么?,1761,20250701,1121
20250701,医疗,荔枝一天最多吃几个,1760,20250701,1122
20250701,医疗,空腹血糖正常值,1759,20250701,1123
20250701,医疗,氯雷他定片,1757,20250701,1124
20250701,医疗,"滑膜炎的症状有哪些,滑膜炎怎么治疗",1757,20250701,1125
20250701,医疗,烟酰胺,1756,20250701,1126
20250701,医疗,淋病的症状是什么样,1755,20250701,1127
20250701,医疗,鱼腥草,1753,20250701,1128
20250701,医疗,大便颜色是黑的怎么回事,1753,20250701,1129
20250701,医疗,车前草泡水喝有什么功效和作用车前草能治痛风吗?,1752,20250701,1130
20250701,医疗,尿路感染有什么症状,1750,20250701,1131
20250701,医疗,黑豆的作用和功效,1750,20250701,1132
20250701,医疗,黄花菜的功效与作用,1749,20250701,1133
20250701,医疗,肺结核,1747,20250701,1134
20250701,医疗,骨折吃什么加快骨头愈合,1746,20250701,1135
20250701,医疗,便秘吃什么好最快排便,1746,20250701,1136
20250701,医疗,黄桃的功效和作用,1745,20250701,1137
20250701,医疗,红豆的功效与作用,1744,20250701,1138
20250701,医疗,食物中毒有什么症状和反应,1742,20250701,1139
20250701,医疗,腰肌劳损怎样恢复最快最有效,1742,20250701,1140
20250701,医疗,四君子汤的功效与作用,1741,20250701,1141
20250701,医疗,乳房疼是怎么回事是什么原因,1738,20250701,1142
20250701,医疗,肚脐上腹部正中隐痛可要当心了,1738,20250701,1143
20250701,医疗,北京协和医院,1737,20250701,1144
20250701,医疗,转安氨酶高是什么原因引起的,1737,20250701,1145
20250701,医疗,归脾丸,1737,20250701,1146
20250701,医疗,阿昔洛韦,1735,20250701,1147
20250701,医疗,"浑身无力,感觉很疲劳,没精神,怎么回事",1734,20250701,1148
20250701,医疗,合欢花的功效与作用,1733,20250701,1149
20250701,医疗,胡萝卜的功效与作用,1733,20250701,1150
20250701,医疗,玄参的功效与作用,1731,20250701,1151
20250701,医疗,甲沟炎,1729,20250701,1152
20250701,医疗,盐酸西替利嗪片的功效,1729,20250701,1153
20250701,医疗,干姜的功效与作用,1729,20250701,1154
20250701,医疗,验孕棒一深一浅是怀孕了吗,1728,20250701,1155
20250701,医疗,甘油三酯正常值范围2.8一5.17,1725,20250701,1156
20250701,医疗,腰疼是怎么回事女性,1722,20250701,1157
20250701,医疗,血脂正常值是多少,1722,20250701,1158
20250701,医疗,放疗和化疗的区别在哪,1721,20250701,1159
20250701,医疗,艾灸的最佳时间和禁忌,1721,20250701,1160
20250701,医疗,肾结石怎么办才能快速排出,1721,20250701,1161
20250701,医疗,眼球发红充血怎么回事,1721,20250701,1162
20250701,医疗,肌酐高到多少是尿毒症,1719,20250701,1163
20250701,医疗,筋膜炎的症状及治疗,1719,20250701,1164
20250701,医疗,入职体检一般检查哪些项目,1719,20250701,1165
20250701,医疗,眼睛充血是什么原因引起的,1718,20250701,1166
20250701,医疗,复方苁蓉胶囊的功效与作用,1718,20250701,1167
20250701,医疗,达泊西汀的功效与作用,1718,20250701,1168
20250701,医疗,山药出芽了还能吃吗,1715,20250701,1169
20250701,医疗,尿频繁是什么原因,1715,20250701,1170
20250701,医疗,阿莫西林克拉维酸钾,1713,20250701,1171
20250701,医疗,血压正常值,1713,20250701,1172
20250701,医疗,咽喉炎吃什么药最好得快能根治,1712,20250701,1173
20250701,医疗,坐骨神经痛一侧屁股和腿痛怎么治疗,1710,20250701,1174
20250701,医疗,肉苁蓉,1709,20250701,1175
20250701,医疗,云南白药的功效与主治,1706,20250701,1176
20250701,医疗,扁桃体发炎最快治疗方法,1702,20250701,1177
20250701,医疗,芒果是热性还是凉性,1702,20250701,1178
20250701,医疗,饭后二小时血糖多少正常,1702,20250701,1179
20250701,医疗,耳朵痒痒是什么原因呢而且经常痒痒怎么办,1701,20250701,1180
20250701,医疗,验孕棒多少天可以测出最短怀孕,1700,20250701,1181
20250701,医疗,铝碳酸镁咀嚼片的功效与作用,1700,20250701,1182
20250701,医疗,红细胞偏低是什么原因,1698,20250701,1183
20250701,医疗,拔罐黑紫色说明什么,1698,20250701,1184
20250701,医疗,优甲乐,1698,20250701,1185
20250701,医疗,窦性心动过缓是什么意思,1696,20250701,1186
20250701,医疗,瑞舒伐他汀钙片,1696,20250701,1187
20250701,医疗,番泻叶的功效与作用,1695,20250701,1188
20250701,医疗,风寒感冒吃什么药,1695,20250701,1189
20250701,医疗,生物制药,1695,20250701,1190
20250701,医疗,劳拉西泮片的功效与作用,1694,20250701,1191
20250701,医疗,眼屎多是什么原因引起的,1693,20250701,1192
20250701,医疗,丹参,1693,20250701,1193
20250701,医疗,舌头上有白色苔藓是什么原因,1692,20250701,1194
20250701,医疗,蜘蛛痣早期图片,1692,20250701,1195
20250701,医疗,糠酸莫米松乳膏,1690,20250701,1196
20250701,医疗,寻麻疹,1689,20250701,1197
20250701,医疗,同型半胱氨酸,1688,20250701,1198
20250701,医疗,法半夏的功效与作用,1688,20250701,1199
20250701,医疗,脚上长小水泡很痒怎么办,1687,20250701,1200
20250701,医疗,石女是怎么一回事,1684,20250701,1201
20250701,医疗,c反应蛋白高说明什么问题,1681,20250701,1202
20250701,医疗,胃癌早期有什么症状,1677,20250701,1203
20250701,医疗,熊猫血是什么血型,1677,20250701,1204
20250701,医疗,黑米的功效和作用,1676,20250701,1205
20250701,医疗,熟地黄的功效与作用,1675,20250701,1206
20250701,医疗,布洛芬缓释胶囊的作用,1675,20250701,1207
20250701,医疗,hpv52阳性严重吗,1673,20250701,1208
20250701,医疗,红细胞压积偏低是什么意思,1673,20250701,1209
20250701,医疗,灰指甲,1673,20250701,1210
20250701,医疗,毛囊炎怎么彻底根治,1671,20250701,1211
20250701,医疗,舌头溃疡怎么治最快有效,1671,20250701,1212
20250701,医疗,蒲地蓝消炎片,1670,20250701,1213
20250701,医疗,甘油三酯,1669,20250701,1214
20250701,医疗,人乳头瘤病毒是什么意思,1668,20250701,1215
20250701,医疗,百香果是凉性还是热性,1666,20250701,1216
20250701,医疗,四神汤配方功效与作用,1666,20250701,1217
20250701,医疗,炉甘石洗剂,1665,20250701,1218
20250701,医疗,肩周炎的症状有哪些表现,1664,20250701,1219
20250701,医疗,杏子吃了有什么好处和坏处,1664,20250701,1220
20250701,医疗,破伤风针最晚多少小时内打,1664,20250701,1221
20250701,医疗,胃在身体哪个位置图片,1664,20250701,1222
20250701,医疗,早餐吃什么简单又营养,1663,20250701,1223
20250701,医疗,hpv有什么症状,1661,20250701,1224
20250701,医疗,胆囊息肉怎么治疗能消除,1660,20250701,1225
20250701,医疗,肾阳虚吃什么药最好最有效,1659,20250701,1226
20250701,医疗,痛风主要由什么引起的原因,1659,20250701,1227
20250701,医疗,黑咖啡可以减肥吗真的假的,1659,20250701,1228
20250701,医疗,甘草,1658,20250701,1229
20250701,医疗,生地的功效作用与主治,1658,20250701,1230
20250701,医疗,儿童身高标准表2025,1657,20250701,1231
20250701,医疗,抗甲状腺过氧化物酶抗体高说明什么,1657,20250701,1232
20250701,医疗,甲亢的症状表现有哪些,1656,20250701,1233
20250701,医疗,下面很痒很痒是怎么回事,1655,20250701,1234
20250701,医疗,过敏性紫癜,1655,20250701,1235
20250701,医疗,怀孕一个多月可以吃药打掉吗,1655,20250701,1236
20250701,医疗,五子丸衍宗丸功效作用,1651,20250701,1237
20250701,医疗,薄荷,1651,20250701,1238
20250701,医疗,小便尿道刺痛什么原因,1651,20250701,1239
20250701,医疗,带状疱疹怎么治疗最快方法,1649,20250701,1240
20250701,医疗,玫瑰糠疹,1649,20250701,1241
20250701,医疗,天门冬氨酸氨基转移酶高怎么回事,1647,20250701,1242
20250701,医疗,维生素e软胶囊的作用与功效,1647,20250701,1243
20250701,医疗,山楂干泡水的功效与作用,1647,20250701,1244
20250701,医疗,杜仲的功效与作用,1647,20250701,1245
20250701,医疗,复方甘草酸苷片,1646,20250701,1246
20250701,医疗,胸部隐隐约约的疼怎么回事,1645,20250701,1247
20250701,医疗,湿疹图片,1640,20250701,1248
20250701,医疗,咳嗽,1638,20250701,1249
20250701,医疗,核磁共振对人体的伤害有多大,1638,20250701,1250
20250701,医疗,开塞露的正确使用方法,1637,20250701,1251
20250701,医疗,甲钴胺,1636,20250701,1252
20250701,医疗,维生素e的作用和功效,1636,20250701,1253
20250701,医疗,北柴胡的功效作用与主治,1634,20250701,1254
20250701,医疗,参苓白术散,1633,20250701,1255
20250701,医疗,肝硬化可以治愈吗,1632,20250701,1256
20250701,医疗,阿卡波糖片的作用与功效,1632,20250701,1257
20250701,医疗,白芍,1632,20250701,1258
20250701,医疗,地塞米松,1630,20250701,1259
20250701,医疗,癌胚抗原偏高说明什么,1630,20250701,1260
20250701,医疗,阿莫西林克拉维酸钾片的功效,1627,20250701,1261
20250701,医疗,肺炎的症状有哪些症状,1627,20250701,1262
20250701,医疗,健脾丸的作用与功效,1626,20250701,1263
20250701,医疗,扶他林软膏的作用和功效,1625,20250701,1264
20250701,医疗,仙鹤草的功效与作用,1624,20250701,1265
20250701,医疗,乌灵参的作用与功效,1624,20250701,1266
20250701,医疗,柿子叶泡水喝的功效和作用,1623,20250701,1267
20250701,医疗,生脉饮,1623,20250701,1268
20250701,医疗,秦艽的功效与作用,1622,20250701,1269
20250701,医疗,他达拉非片正确服用方法,1622,20250701,1270
20250701,医疗,睡觉流口水是什么原因造成的,1622,20250701,1271
20250701,医疗,藏红花,1621,20250701,1272
20250701,医疗,股骨头坏死早期表现,1619,20250701,1273
20250701,医疗,胶原蛋白肽的作用与功效,1619,20250701,1274
20250701,医疗,厄贝沙坦氢氯噻嗪片,1617,20250701,1275
20250701,医疗,蜂王浆的功效与主治功能与作用,1617,20250701,1276
20250701,医疗,恒瑞医药,1616,20250701,1277
20250701,医疗,鸡骨草的功效与作用,1615,20250701,1278
20250701,医疗,百多邦软膏主治功能,1615,20250701,1279
20250701,医疗,盐酸氨基葡萄糖胶囊的功效与作用,1615,20250701,1280
20250701,医疗,维生素c片的作用功效,1614,20250701,1281
20250701,医疗,胸膜炎的症状与表现,1613,20250701,1282
20250701,医疗,夫西地酸乳膏的作用和功效,1613,20250701,1283
20250701,医疗,枸橼酸西地那非片,1612,20250701,1284
20250701,医疗,阴囊潮湿瘙痒用什么药效果最好,1611,20250701,1285
20250701,医疗,中暑的症状和中暑的处理方法,1608,20250701,1286
20250701,医疗,深海鱼油的作用及功能主治,1607,20250701,1287
20250701,医疗,人的五官是指哪五官,1605,20250701,1288
20250701,医疗,后背疼痛部位对照表,1605,20250701,1289
20250701,医疗,贫血吃什么补血最快,1604,20250701,1290
20250701,医疗,癌胚抗原高是什么意思,1604,20250701,1291
20250701,医疗,罗汉果泡水喝功效与主治,1604,20250701,1292
20250701,医疗,血糖高怎么调理恢复正常,1604,20250701,1293
20250701,医疗,最近的治疗,1603,20250701,1294
20250701,医疗,桂枝茯苓丸的功效与作用,1603,20250701,1295
20250701,医疗,子宫腺肌症目前最好的治疗方法,1601,20250701,1296
20250701,医疗,三伏贴什么时候开始贴2025,1601,20250701,1297
20250701,医疗,谷氨酰转肽酶偏高是什么意思,1601,20250701,1298
20250701,医疗,阿司匹林肠溶片的作用与功效,1600,20250701,1299
20250701,医疗,扁平疣怎么治疗才能彻底根除,1597,20250701,1300
20250701,医疗,莫匹罗星软膏,1595,20250701,1301
20250701,医疗,右眼皮一直跳是怎么回事,1594,20250701,1302
20250701,医疗,维a酸乳膏的作用与用途,1592,20250701,1303
20250701,医疗,夫西地酸乳膏,1589,20250701,1304
20250701,医疗,肾阴虚吃什么药效果最好,1589,20250701,1305
20250701,医疗,知了的营养价值和功效,1587,20250701,1306
20250701,医疗,沙棘的功效与作用主要治什么病,1586,20250701,1307
20250701,医疗,尿路感染,1586,20250701,1308
20250701,医疗,左胸部隐痛的原因有哪些,1585,20250701,1309
20250701,医疗,布洛芬几个小时吃一次,1584,20250701,1310
20250701,医疗,桃胶的作用与功效,1582,20250701,1311
20250701,医疗,失眠怎么办治疗失眠的最好方法,1582,20250701,1312
20250701,医疗,骨质疏松有什么症状表现,1582,20250701,1313
20250701,医疗,维生素b6的功效与主治及用法,1580,20250701,1314
20250701,医疗,乌灵参的功效作用,1580,20250701,1315
20250701,医疗,宫颈癌,1579,20250701,1316
20250701,医疗,依巴斯汀片的作用与功效,1578,20250701,1317
20250701,医疗,碘伏,1577,20250701,1318
20250701,医疗,多潘立酮片的作用与功效,1577,20250701,1319
20250701,医疗,屁多是怎么回事什么原因,1575,20250701,1320
20250701,医疗,红茶的功效与作用,1572,20250701,1321
20250701,医疗,早上起来口苦是什么原因 怎么解决,1572,20250701,1322
20250701,医疗,性激素六项主要检查什么,1572,20250701,1323
20250701,医疗,干咳嗽无痰怎么治最快最有效,1572,20250701,1324
20250701,医疗,胃隐隐作疼是怎么回事,1572,20250701,1325
20250701,医疗,五味子的功效和作用,1570,20250701,1326
20250701,医疗,冠心病的症状表现,1570,20250701,1327
20250701,医疗,含钾高的食物有哪些,1570,20250701,1328
20250701,医疗,麦冬的作用和功效,1570,20250701,1329
20250701,医疗,芹菜的功效与作用,1568,20250701,1330
20250701,医疗,999感冒灵颗粒,1567,20250701,1331
20250701,医疗,莫沙必利片的作用与功效,1567,20250701,1332
20250701,医疗,罗汉果的功效与作用,1567,20250701,1333
20250701,医疗,尿蛋白1个加号是什么原因,1566,20250701,1334
20250701,医疗,aed是什么急救设备,1565,20250701,1335
20250701,医疗,浙贝母功效作用与主治,1565,20250701,1336
20250701,医疗,"嘴巴苦怎么回事,是什么原因",1564,20250701,1337
20250701,医疗,伟哥的作用与功效及副作用,1562,20250701,1338
20250701,医疗,虾青素的作用和功效,1562,20250701,1339
20250701,医疗,苋菜的图片功效与作用,1561,20250701,1340
20250701,医疗,毛豆的营养价值及功效,1561,20250701,1341
20250701,医疗,天王补心丹功效与主治,1561,20250701,1342
20250701,医疗,疱疹是怎么引起的原因,1560,20250701,1343
20250701,医疗,乙酰半胱氨酸的作用与功效,1560,20250701,1344
20250701,医疗,嘴唇上火起泡怎么快速消除,1560,20250701,1345
20250701,医疗,d二聚体高是什么原因,1559,20250701,1346
20250701,医疗,五子衍宗丸,1559,20250701,1347
20250701,医疗,口腔溃疡是什么原因反反复复发作,1558,20250701,1348
20250701,医疗,复方氨酚烷胺胶囊的作用与功效,1557,20250701,1349
20250701,医疗,出汗多是什么原因男性,1557,20250701,1350
20250701,医疗,荨麻疹怎么治疗才能除根,1555,20250701,1351
20250701,医疗,荔枝吃多了会导致什么症状,1554,20250701,1352
20250701,医疗,人体骨骼结构图大全高清图,1554,20250701,1353
20250701,医疗,宫颈炎有哪些症状,1553,20250701,1354
20250701,医疗,血压偏低是什么原因引起的,1553,20250701,1355
20250701,医疗,龟头炎,1551,20250701,1356
20250701,医疗,艾瑞昔布片的作用和功效,1551,20250701,1357
20250701,医疗,丹参滴丸的作用与功能主治,1551,20250701,1358
20250701,医疗,肾功能不好有什么症状,1546,20250701,1359
20250701,医疗,嗜酸性粒细胞偏低说明什么,1546,20250701,1360
20250701,医疗,维生素b12,1546,20250701,1361
20250701,医疗,肾阳虚和肾阴虚有什么区别症状,1546,20250701,1362
20250701,医疗,红枣的功效和作用,1545,20250701,1363
20250701,医疗,匹维溴铵片的功效与作用,1544,20250701,1364
20250701,医疗,老年痴呆症前兆表现,1543,20250701,1365
20250701,医疗,吃西瓜会不会长胖,1540,20250701,1366
20250701,医疗,牙龈肿胀鼓包怎么快速消下去,1539,20250701,1367
20250701,医疗,宝宝怎么才三根手指就痛,1539,20250701,1368
20250701,医疗,醋香附的功效与作用,1539,20250701,1369
20250701,医疗,灰指甲图片,1538,20250701,1370
20250701,医疗,眼睛干涩视力模糊什么原因,1537,20250701,1371
20250701,医疗,盐酸多西环素片的作用与功效,1535,20250701,1372
20250701,医疗,阴虚怎么调理最好的方法,1534,20250701,1373
20250701,医疗,腹股沟在哪个位置图片,1532,20250701,1374
20250701,医疗,二妙丸的功效与作用,1532,20250701,1375
20250701,医疗,四维彩超几个月做最佳时间,1531,20250701,1376
20250701,医疗,性病的主要症状和表现,1530,20250701,1377
20250701,医疗,破伤风针多少钱一针,1530,20250701,1378
20250701,医疗,301解放军总医院,1530,20250701,1379
20250701,医疗,背部痛疼什么原因引起的,1528,20250701,1380
20250701,医疗,淋巴癌的早期症状,1527,20250701,1381
20250701,医疗,肠易激综合征有什么症状及表现,1526,20250701,1382
20250701,医疗,肝囊肿是怎么回事?有危险吗,1526,20250701,1383
20250701,医疗,火麻仁的作用与功效,1525,20250701,1384
20250701,医疗,叶酸,1525,20250701,1385
20250701,医疗,血压,1525,20250701,1386
20250701,医疗,手麻是什么原因引起的,1523,20250701,1387
20250701,医疗,山茱萸,1523,20250701,1388
20250701,医疗,宫颈糜烂是什么原因造成的,1523,20250701,1389
20250701,医疗,关元穴,1522,20250701,1390
20250701,医疗,防风通圣丸的功效与作用,1521,20250701,1391
20250701,医疗,dr是什么检查,1521,20250701,1392
20250701,医疗,蛇缠腰疱疹怎么治疗好得快,1521,20250701,1393
20250701,医疗,维生素b12片的功效与主治,1520,20250701,1394
20250701,医疗,hcg值是多少表示怀孕,1519,20250701,1395
20250701,医疗,带状疱疹图片,1519,20250701,1396
20250701,医疗,宫腔镜检查主要查什么,1518,20250701,1397
20250701,医疗,杏子是热性还是凉性的,1518,20250701,1398
20250701,医疗,土茯苓的功效与作用,1516,20250701,1399
20250701,医疗,四磨汤口服液的功效与作用,1512,20250701,1400
20250701,医疗,奥氮平片的功效和作用,1511,20250701,1401
20250701,医疗,冬虫夏草,1510,20250701,1402
20250701,医疗,绝经前月经有哪些不正常的症状,1509,20250701,1403
20250701,医疗,流鼻血是什么原因引起的怎么处理,1507,20250701,1404
20250701,医疗,睡觉流口水是什么原因引起的,1507,20250701,1405
20250701,医疗,白癜风是什么引起的,1506,20250701,1406
20250701,医疗,21金维他多种维生素的功效与作用,1506,20250701,1407
20250701,医疗,缺铁性贫血的人吃什么补血最快,1505,20250701,1408
20250701,医疗,维赛肯守护星的作用与功效,1504,20250701,1409
20250701,医疗,造影检查是干什么的,1504,20250701,1410
20250701,医疗,盐酸曲唑酮片的功效与作用,1502,20250701,1411
20250701,医疗,槟榔的功效与作用,1502,20250701,1412
20250701,医疗,妇炎康片有什么作用与功效,1501,20250701,1413
20250701,医疗,做爱时女生出现乳白色分泌物是在排卵吗会怀孕吗,1500,20250701,1414
20250701,医疗,幽门螺杆菌传染吗会传染给家人吗,1500,20250701,1415
20250701,医疗,中暑的症状有哪些,1500,20250701,1416
20250701,医疗,太溪的位置与作用和功效,1499,20250701,1417
20250701,医疗,菊花,1499,20250701,1418
20250701,医疗,心衰有什么症状和表现,1498,20250701,1419
20250701,医疗,中耳炎用什么药好得快 特效药,1498,20250701,1420
20250701,医疗,头孢克洛干混悬剂,1497,20250701,1421
20250701,医疗,黑芝麻的功效与作用,1497,20250701,1422
20250701,医疗,奥司他韦,1496,20250701,1423
20250701,医疗,血常规检查哪些项目,1495,20250701,1424
20250701,医疗,鼻炎怎么治疗才能彻底除根,1495,20250701,1425
20250701,医疗,碘伏的作用与功效,1495,20250701,1426
20250701,医疗,乙肝核心抗体阳性说明什么,1494,20250701,1427
20250701,医疗,糖化血红蛋白正常值范围,1494,20250701,1428
20250701,医疗,bmi体重指数计算公式,1494,20250701,1429
20250701,医疗,npd,1492,20250701,1430
20250701,医疗,红糖的功效与作用,1492,20250701,1431
20250701,医疗,月经过后几天又出血了怎么回事,1492,20250701,1432
20250701,医疗,胰腺炎是什么原因造成的,1492,20250701,1433
20250701,医疗,尿道疼痛小便刺痛,1491,20250701,1434
20250701,医疗,牙龈肿胀鼓包怎么办,1491,20250701,1435
20250701,医疗,宫颈囊肿怎么消除最快最好的方法,1490,20250701,1436
20250701,医疗,地塞米松磷酸钠注射作用是什么,1490,20250701,1437
20250701,医疗,色盲测试图,1490,20250701,1438
20250701,医疗,利多卡因乳膏的作用与功效,1490,20250701,1439
20250701,医疗,朱砂,1489,20250701,1440
20250701,医疗,肌酐的正常值是多少,1489,20250701,1441
20250701,医疗,盐酸乙哌立松片的功效与作用,1487,20250701,1442
20250701,医疗,脂肪瘤是怎么形成的 怎样消除脂肪瘤,1486,20250701,1443
20250701,医疗,养血清脑颗粒的作用和功效,1486,20250701,1444
20250701,医疗,苹果醋的功效和作用,1486,20250701,1445
20250701,医疗,三七功效作用与主治,1486,20250701,1446
20250701,医疗,桦树茸的功效与作用的功能与主治,1484,20250701,1447
20250701,医疗,普瑞巴林胶囊的功效和作用,1483,20250701,1448
20250701,医疗,众生药业,1483,20250701,1449
20250701,医疗,补气血吃什么食物最好最快最有效,1483,20250701,1450
20250701,医疗,甲状腺结节有什么感觉和症状,1482,20250701,1451
20250701,医疗,狐臭怎样治疗才彻底根除,1481,20250701,1452
20250701,医疗,肺结核会不会传染,1481,20250701,1453
20250701,医疗,紫花地丁的功效与作用的功能与主治,1481,20250701,1454
20250701,医疗,鬼针草的功效与作用,1480,20250701,1455
20250701,医疗,康复治疗技术,1479,20250701,1456
20250701,医疗,宫颈囊肿,1478,20250701,1457
20250701,医疗,胆碱酯酶偏高说明什么问题,1477,20250701,1458
20250701,医疗,转氨酶高吃什么最好最降得快,1476,20250701,1459
20250701,医疗,石女,1475,20250701,1460
20250701,医疗,司美格鲁肽,1474,20250701,1461
20250701,医疗,苏打水有什么作用和功效,1473,20250701,1462
20250701,医疗,谷草/谷丙偏高是怎么回事,1472,20250701,1463
20250701,医疗,灵芝孢子粉,1471,20250701,1464
20250701,医疗,对乙酰氨基酚的功效与作用,1471,20250701,1465
20250701,医疗,口干口苦口臭是什么原因 怎么解决,1471,20250701,1466
20250701,医疗,香附的功效与作用,1470,20250701,1467
20250701,医疗,龙葵,1470,20250701,1468
20250701,医疗,夏枯草图片,1470,20250701,1469
20250701,医疗,糠酸莫米松乳膏的功能主治,1469,20250701,1470
20250701,医疗,做胃镜检查需要提前做什么准备,1467,20250701,1471
20250701,医疗,牛皮癣,1467,20250701,1472
20250701,医疗,奥司他韦的功效与作用,1466,20250701,1473
20250701,医疗,降血脂吃什么最好最降得快,1465,20250701,1474
20250701,医疗,降压药有哪几种药效好,1465,20250701,1475
20250701,医疗,尼莫地平片的作用与功能主治,1464,20250701,1476
20250701,医疗,头疼怎么缓解最快,1464,20250701,1477
20250701,医疗,麸炒白术的功效与作用,1463,20250701,1478
20250701,医疗,百香果的正确吃法和功效,1463,20250701,1479
20250701,医疗,针灸的好处和坏处,1461,20250701,1480
20250701,医疗,姜黄的功效与作用,1460,20250701,1481
20250701,医疗,腰部疼痛的原因有哪些,1460,20250701,1482
20250701,医疗,中暑,1459,20250701,1483
20250701,医疗,孕妇吃什么最有营养对胎儿好,1459,20250701,1484
20250701,医疗,胆结石,1456,20250701,1485
20250701,医疗,西瓜是热性还是凉性,1455,20250701,1486
20250701,医疗,甲钴胺最大的副作用,1455,20250701,1487
20250701,医疗,塞来昔布胶囊,1454,20250701,1488
20250701,医疗,肾囊肿,1454,20250701,1489
20250701,医疗,尿酸高是什么引起的原因,1453,20250701,1490
20250701,医疗,痔疮是什么样子图片,1453,20250701,1491
20250701,医疗,木槿花,1453,20250701,1492
20250701,医疗,医生,1453,20250701,1493
20250701,医疗,乳糖不耐受的症状有哪些表现,1452,20250701,1494
20250701,医疗,奶头疼怎么回事是什么原因,1448,20250701,1495
20250701,医疗,红斑狼疮是什么症状,1448,20250701,1496
20250701,医疗,带状疱疹后遗神经痛如何彻底根治,1448,20250701,1497
20250701,医疗,安宫牛黄丸服用方法及最佳时间,1448,20250701,1498
20250701,医疗,落枕脖子疼怎么办最快最有效,1448,20250701,1499
20250701,医疗,乳腺增生和乳腺结节有什么区别,1447,20250701,1500
20250701,医疗,壮腰健肾丸的作用与功效,1446,20250701,1501
20250701,医疗,肠癌最明显的一个征兆,1446,20250701,1502
20250701,医疗,核磁共振检查一次多少钱,1446,20250701,1503
20250701,医疗,核磁共振,1445,20250701,1504
20250701,医疗,人绒毛膜促性腺激素多少表示怀孕,1445,20250701,1505
20250701,医疗,宫颈肥大是怎么回事 需要治疗吗,1445,20250701,1506
20250701,医疗,左下腹部隐痛可要警惕三种病,1444,20250701,1507
20250701,医疗,川芎,1443,20250701,1508
20250701,医疗,五味子,1443,20250701,1509
20250701,医疗,糖尿病是怎么引起的 有哪些原因,1442,20250701,1510
20250701,医疗,左氧氟沙星片的用法与用量,1442,20250701,1511
20250701,医疗,右胸部隐隐作痛什么原因,1441,20250701,1512
20250701,医疗,榴莲壳煲鸡汤有什么功效与作用,1441,20250701,1513
20250701,医疗,心脏在左边还是在右边,1441,20250701,1514
20250701,医疗,康美药业,1440,20250701,1515
20250701,医疗,后脑勺疼是怎么回事,1439,20250701,1516
20250701,医疗,尿路感染是什么原因造成的,1439,20250701,1517
20250701,医疗,hpv病毒感染是什么原因引起的,1438,20250701,1518
20250701,医疗,益智仁的功效作用与主治,1438,20250701,1519
20250701,医疗,餐后血糖2小时后正常值是多少,1437,20250701,1520
20250701,医疗,心脏供血不足最快的调理方法,1435,20250701,1521
20250701,医疗,龙葵的功效与作用,1435,20250701,1522
20250701,医疗,双参黄芪固表颗粒的功效与作用,1434,20250701,1523
20250701,医疗,手脱皮是什么原因导致的,1434,20250701,1524
20250701,医疗,肛门旁边长了个疙瘩是怎么回事,1434,20250701,1525
20250701,医疗,宫外孕是什么原因造成的,1432,20250701,1526
20250701,医疗,体外射精的怀孕最大几率是多少,1432,20250701,1527
20250701,医疗,狂犬病潜伏期一般多长时间,1431,20250701,1528
20250701,医疗,鱼腥草的功效与作用,1431,20250701,1529
20250701,医疗,莲雾水果有什么功效和作用,1427,20250701,1530
20250701,医疗,拉屎拉出血是什么原因?,1427,20250701,1531
20250701,医疗,车前草图片,1427,20250701,1532
20250701,医疗,中性粒细胞数偏高说明什么,1427,20250701,1533
20250701,医疗,丙氨酸氨基转移酶,1424,20250701,1534
20250701,医疗,孕妇,1424,20250701,1535
20250701,医疗,解脲脲原体阳性是啥意思,1424,20250701,1536
20250701,医疗,萎缩性胃炎怎么治疗才能彻底治愈,1424,20250701,1537
20250701,医疗,威灵仙的功效与作用与主治,1423,20250701,1538
20250701,医疗,双向感情障碍的症状,1422,20250701,1539
20250701,医疗,白癜风传不传染,1420,20250701,1540
20250701,医疗,躯体化症状是什么表现,1420,20250701,1541
20250701,医疗,淫羊藿,1419,20250701,1542
20250701,医疗,吴茱萸的功效与作用,1418,20250701,1543
20250701,医疗,肝不好有哪些症状出现,1417,20250701,1544
20250701,医疗,免疫球蛋白的功效与作用,1417,20250701,1545
20250701,医疗,阿昔洛韦片的作用与功效,1416,20250701,1546
20250701,医疗,四逆散的作用与功效,1416,20250701,1547
20250701,医疗,车前子的功效作用与主治,1416,20250701,1548
20250701,医疗,牙周炎怎么治疗最好最有效,1416,20250701,1549
20250701,医疗,腹肌,1415,20250701,1550
20250701,医疗,片仔癀,1415,20250701,1551
20250701,医疗,马齿笕的功效与禁忌,1414,20250701,1552
20250701,医疗,痛风脚肿怎么消肿止痛,1413,20250701,1553
20250701,医疗,山药的功效与主治,1412,20250701,1554
20250701,医疗,尿酸高是什么原因引起的怎么治疗,1412,20250701,1555
20250701,医疗,多巴胺,1411,20250701,1556
20250701,医疗,替普瑞酮胶囊的功效和作用,1410,20250701,1557
20250701,医疗,梅毒能彻底治愈吗,1409,20250701,1558
20250701,医疗,水蛭的功效与主治作用,1408,20250701,1559
20250701,医疗,命门的准确位置图,1407,20250701,1560
20250701,医疗,鱼肝油的功效与作用,1406,20250701,1561
20250701,医疗,帕金森病的症状表现有哪些,1405,20250701,1562
20250701,医疗,喝中药忌口哪些食物,1405,20250701,1563
20250701,医疗,樱桃的功效与作用及营养价值,1405,20250701,1564
20250701,医疗,尿白细胞高说明什么问题,1404,20250701,1565
20250701,医疗,玉米须水的功效与作用,1404,20250701,1566
20250701,医疗,熬夜对身体的危害有哪些,1403,20250701,1567
20250701,医疗,疝气,1402,20250701,1568
20250701,医疗,足三里,1402,20250701,1569
20250701,医疗,西洋参干片泡水喝功效,1402,20250701,1570
20250701,医疗,多囊卵巢综合症怎么调理才能好起来,1402,20250701,1571
20250701,医疗,黑咖啡的功效与作用,1401,20250701,1572
20250701,医疗,偏头疼是什么原因引起,1401,20250701,1573
20250701,医疗,陈皮功效作用与主治功能,1401,20250701,1574
20250701,医疗,地龙的作用与功能主治,1399,20250701,1575
20250701,医疗,隐翅虫咬了后的症状图片,1399,20250701,1576
20250701,医疗,割包皮,1399,20250701,1577
20250701,医疗,半夏的功效与作用,1398,20250701,1578
20250701,医疗,叶黄素有什么功效和作用,1398,20250701,1579
20250701,医疗,中脘的准确位置图片,1397,20250701,1580
20250701,医疗,发物的食物有哪些,1397,20250701,1581
20250701,医疗,"肝血管瘤是什么病,需要治疗吗",1396,20250701,1582
20250701,医疗,狂犬疫苗一般能管几年,1396,20250701,1583
20250701,医疗,乙肝表面抗体阳性什么意思,1395,20250701,1584
20250701,医疗,骨癌的前兆是什么症状,1395,20250701,1585
20250701,医疗,抗甲状腺球蛋白抗体高是什么意思,1395,20250701,1586
20250701,医疗,卵巢早衰怎么治疗可以恢复卵巢功能,1395,20250701,1587
20250701,医疗,独活寄生丸的功效和作用,1394,20250701,1588
20250701,医疗,灵芝,1393,20250701,1589
20250701,医疗,白血病,1393,20250701,1590
20250701,医疗,腺样体肥大的孩子必须做手术吗,1392,20250701,1591
20250701,医疗,癫痫,1392,20250701,1592
20250701,医疗,抽动症,1392,20250701,1593
20250701,医疗,谷氨酰转肽酶高说明什么,1391,20250701,1594
20250701,医疗,避孕药的副作用和危害,1391,20250701,1595
20250701,医疗,鸡骨草的作用与功效,1390,20250701,1596
20250701,医疗,肝火旺会出现什么症状,1390,20250701,1597
20250701,医疗,丘疹性荨麻疹,1390,20250701,1598
20250701,医疗,帕金森病的症状,1390,20250701,1599
20250701,医疗,血管瘤,1390,20250701,1600
20250701,医疗,墨旱莲的功效与作用,1388,20250701,1601
20250701,医疗,失眠睡不着是什么原因造成的,1388,20250701,1602
20250701,医疗,菩提手串的功效与作用,1388,20250701,1603
20250701,医疗,阑尾炎症状表现有哪些,1387,20250701,1604
20250701,医疗,西洋参,1387,20250701,1605
20250701,医疗,ct对人体的伤害有多大,1386,20250701,1606
20250701,医疗,胃镜检查需要多少钱一次,1385,20250701,1607
20250701,医疗,补铁的食物有哪些,1384,20250701,1608
20250701,医疗,低压高于90吃什么药能降压,1384,20250701,1609
20250701,医疗,甲泼尼龙片的功效与作用,1384,20250701,1610
20250701,医疗,琥珀酸美托洛尔缓释片的作用,1382,20250701,1611
20250701,医疗,内关的准确位置图,1381,20250701,1612
20250701,医疗,皮炎图片和症状,1379,20250701,1613
20250701,医疗,克林霉素的作用与功效,1379,20250701,1614
20250701,医疗,抗缪勒氏管激素是检查什么,1378,20250701,1615
20250701,医疗,物理降温的正确方法,1378,20250701,1616
20250701,医疗,复方丹参滴丸的功效与作用,1378,20250701,1617
20250701,医疗,逍遥丸功效作用与主治,1377,20250701,1618
20250701,医疗,中暑吃什么药,1375,20250701,1619
20250701,医疗,晒伤后皮肤发红怎么修复,1375,20250701,1620
20250701,医疗,肾结石怎么治疗最好最快的方法,1374,20250701,1621
20250701,医疗,木姜子,1374,20250701,1622
20250701,医疗,牛黄清胃丸的功效和作用,1373,20250701,1623
20250701,医疗,子宫肌瘤是怎么得来的原因,1373,20250701,1624
20250701,医疗,心脏疼怎么办一阵一阵痛,1373,20250701,1625
20250701,医疗,蜜蜂蛰了怎么消肿止痛,1372,20250701,1626
20250701,医疗,香蕉的好处和功效与作用,1372,20250701,1627
20250701,医疗,黄精怎么食用最好,1372,20250701,1628
20250701,医疗,卵巢囊肿,1371,20250701,1629
20250701,医疗,低钾血症的症状及表现,1370,20250701,1630
20250701,医疗,蝎子的功能与主治,1370,20250701,1631
20250701,医疗,大姨妈迟迟不来怎么办,1370,20250701,1632
20250701,医疗,大枣的功效与作用,1369,20250701,1633
20250701,医疗,乳腺癌,1369,20250701,1634
20250701,医疗,六味地黄丸的作用与功效,1368,20250701,1635
20250701,医疗,落枕脖子痛怎么快速恢复,1366,20250701,1636
20250701,医疗,天麻的功效与作用与主治,1365,20250701,1637
20250701,医疗,盐酸替扎尼定片的功效与作用,1364,20250701,1638
20250701,医疗,甲状腺球蛋白抗体高说明什么意思,1362,20250701,1639
20250701,医疗,蓝芩口服液的功效与作用,1361,20250701,1640
20250701,医疗,地锦草的功效与主治作用,1361,20250701,1641
20250701,医疗,腿抽筋是什么原因引起的怎么解决,1360,20250701,1642
20250701,医疗,保妇康栓的功效与作用,1360,20250701,1643
20250701,医疗,龟 头上有小红点是什么病,1359,20250701,1644
20250701,医疗,构树果的药用功效与作用,1358,20250701,1645
20250701,医疗,眼睛看东西有黑影飘动是怎么回事,1356,20250701,1646
20250701,医疗,肝硬化,1355,20250701,1647
20250701,医疗,杏仁的功效与作用,1353,20250701,1648
20250701,医疗,adhd,1351,20250701,1649
20250701,医疗,鼻窦炎有哪些症状,1351,20250701,1650
20250701,医疗,中风的前兆有什么症状,1350,20250701,1651
20250701,医疗,荔枝的功效与作用及营养价值,1350,20250701,1652
20250701,医疗,氨咖黄敏胶囊的功效与作用,1349,20250701,1653
20250701,医疗,莲花清瘟胶囊主治与功能,1349,20250701,1654
20250701,医疗,减肥食谱一日三餐安排表,1348,20250701,1655
20250701,医疗,左炔诺孕酮片,1347,20250701,1656
20250701,医疗,生理性喜欢是指什么意思,1347,20250701,1657
20250701,医疗,心脏早搏是怎么回事有什么危害,1346,20250701,1658
20250701,医疗,adhd是什么病的简称,1344,20250701,1659
20250701,医疗,兰索拉唑肠溶片的功效与作用,1343,20250701,1660
20250701,医疗,湿疹用什么药膏最有效,1343,20250701,1661
20250701,医疗,小肚子下坠胀疼怎么回事,1343,20250701,1662
20250701,医疗,眼保健操,1343,20250701,1663
20250701,医疗,提高免疫力吃什么好最快最有效,1342,20250701,1664
20250701,医疗,唐氏综合征,1342,20250701,1665
20250701,医疗,罗红霉素分散片的作用与功效,1342,20250701,1666
20250701,医疗,乳腺4a类有多严重需要手术吗,1341,20250701,1667
20250701,医疗,黄皮的营养价值及功效与作用,1340,20250701,1668
20250701,医疗,白扁豆功效作用与主治,1340,20250701,1669
20250701,医疗,过敏性紫癜是什么原因引起的,1339,20250701,1670
20250701,医疗,郑州大学第一附属医院,1339,20250701,1671
20250701,医疗,丰隆穴,1338,20250701,1672
20250701,医疗,跳蚤咬了的症状图片,1338,20250701,1673
20250701,医疗,达泊西汀,1338,20250701,1674
20250701,医疗,海马的功效与作用吃法,1337,20250701,1675
20250701,医疗,山药发芽了还能吃吗,1337,20250701,1676
20250701,医疗,红豆的作用与功效,1336,20250701,1677
20250701,医疗,乌药的功效作用与主治,1335,20250701,1678
20250701,医疗,舒肝解郁胶囊的功效作用与主治,1335,20250701,1679
20250701,医疗,酸奶的作用与功效,1334,20250701,1680
20250701,医疗,脚痒是什么原因.越抓越痒用什么药,1333,20250701,1681
20250701,医疗,熟地的功效与作用,1332,20250701,1682
20250701,医疗,附子理中丸,1331,20250701,1683
20250701,医疗,气胸,1330,20250701,1684
20250701,医疗,脑供血不足头晕用什么药效果最好,1329,20250701,1685
20250701,医疗,尖锐湿疣早期图片,1328,20250701,1686
20250701,医疗,心绞痛症状5个典型症状,1328,20250701,1687
20250701,医疗,干眼症怎么治疗才能彻底治好,1328,20250701,1688
20250701,医疗,天麻的功效与作用及正确吃法,1327,20250701,1689
20250701,医疗,妈咪爱的作用与功效,1327,20250701,1690
20250701,医疗,油桃的功效与作用,1326,20250701,1691
20250701,医疗,白带,1326,20250701,1692
20250701,医疗,益母草来月经吃还是不来月经吃,1326,20250701,1693
20250701,医疗,早泄怎么恢复,1325,20250701,1694
20250701,医疗,盐酸莫西沙星片功效与作用,1325,20250701,1695
20250701,医疗,瓜蒌的功效与作用,1325,20250701,1696
20250701,医疗,香蕉的作用与功效,1324,20250701,1697
20250701,医疗,胆结石怎么治疗最有效最快,1324,20250701,1698
20250701,医疗,心率在100到120正常吗,1324,20250701,1699
20250701,医疗,安眠药,1323,20250701,1700
20250701,医疗,羊奶粉的好处和功效,1323,20250701,1701
20250701,医疗,黄连的功效与作用,1322,20250701,1702
20250701,医疗,"房颤是怎么引起的,有生命危险吗",1322,20250701,1703
20250701,医疗,包皮手术,1322,20250701,1704
20250701,医疗,盐酸左氧氟沙星,1322,20250701,1705
20250701,医疗,枳壳的功效与作用,1321,20250701,1706
20250701,医疗,补中益气丸,1321,20250701,1707
20250701,医疗,植物神经紊乱的症状有哪些表现,1321,20250701,1708
20250701,医疗,破伤风有什么症状,1320,20250701,1709
20250701,医疗,cta叫什么检查,1320,20250701,1710
20250701,医疗,荨麻疹吃什么药效果最好最快,1320,20250701,1711
20250701,医疗,过氧化氢阳性什么意思妇科检查,1319,20250701,1712
20250701,医疗,预产期计算,1319,20250701,1713
20250701,医疗,淋巴结肿大,1319,20250701,1714
20250701,医疗,玉灵膏的功效与作用,1318,20250701,1715
20250701,医疗,癌胚抗原是什么意思,1318,20250701,1716
20250701,医疗,胰腺在人体的哪个部位图解,1318,20250701,1717
20250701,医疗,鼻窦炎,1317,20250701,1718
20250701,医疗,肺癌的早期症状有哪些,1317,20250701,1719
20250701,医疗,血小板分布宽度偏低是什么问题,1316,20250701,1720
20250701,医疗,杜仲,1316,20250701,1721
20250701,医疗,红曲的功效与作用是什么,1316,20250701,1722
20250701,医疗,甘露醇,1316,20250701,1723
20250701,医疗,肺癌早期的症状明显表现是什么,1316,20250701,1724
20250701,医疗,转氨酶高是怎么回事,1315,20250701,1725
20250701,医疗,商陆的功效与作用,1315,20250701,1726
20250701,医疗,鸽子的功效与作用,1315,20250701,1727
20250701,医疗,膝盖有积液肿胀怎么治疗最好,1313,20250701,1728
20250701,医疗,肾结石是怎么来的什么原因引起的,1312,20250701,1729
20250701,医疗,田七的功效与作用,1311,20250701,1730
20250701,医疗,克霉唑乳膏,1311,20250701,1731
20250701,医疗,牡丹皮的功效与作用,1311,20250701,1732
20250701,医疗,扁桃体发炎,1310,20250701,1733
20250701,医疗,呼吸性碱中毒是什么原因引起的,1310,20250701,1734
20250701,医疗,"手抖是什么原因引起的,怎么解决方法",1310,20250701,1735
20250701,医疗,肝郁气滞有什么症状,1310,20250701,1736
20250701,医疗,体温计一般放在腋下多长时间,1309,20250701,1737
20250701,医疗,茴香菜的功效与作用,1308,20250701,1738
20250701,医疗,屁多老放屁怎么回事,1308,20250701,1739
20250701,医疗,心脉受损是什么意思,1308,20250701,1740
20250701,医疗,蛇床子的功效与作用,1306,20250701,1741
20250701,医疗,黄连上清片功效作用与主治,1306,20250701,1742
20250701,医疗,荞麦的功效与作用,1305,20250701,1743
20250701,医疗,褪黑素的功效和副作用,1305,20250701,1744
20250701,医疗,沙苑子的功效与作用,1304,20250701,1745
20250701,医疗,银杏叶片的功效与主治作用,1304,20250701,1746
20250701,医疗,生菜的功效与作用,1303,20250701,1747
20250701,医疗,膀胱炎是什么症状表现,1302,20250701,1748
20250701,医疗,心包经的准确位置图解,1302,20250701,1749
20250701,医疗,多囊是什么原因引起的,1301,20250701,1750
20250701,医疗,香瓜的功效与作用,1301,20250701,1751
20250701,医疗,荔枝泡酒的功效与作用,1301,20250701,1752
20250701,医疗,炉甘石洗剂功能与用法,1301,20250701,1753
20250701,医疗,亚麻籽油的正确吃法与功效作用,1300,20250701,1754
20250701,医疗,沙棘的功效与作用,1298,20250701,1755
20250701,医疗,白蛋白偏低是什么意思,1298,20250701,1756
20250701,医疗,荷叶的作用与功效,1298,20250701,1757
20250701,医疗,藤茶有什么功效和作用,1298,20250701,1758
20250701,医疗,葛根,1297,20250701,1759
20250701,医疗,辛辣食物是指哪些食物,1297,20250701,1760
20250701,医疗,感染hpv有什么症状表现,1296,20250701,1761
20250701,医疗,枸橼酸铋钾胶囊的作用及功效,1295,20250701,1762
20250701,医疗,痔疮手术要几天恢复几天可以上班,1294,20250701,1763
20250701,医疗,马来酸氯苯那敏片,1294,20250701,1764
20250701,医疗,子宫切除后能过正常的夫妻生活吗,1294,20250701,1765
20250701,医疗,碱性磷酸酶偏高是什么意思,1294,20250701,1766
20250701,医疗,结膜炎,1293,20250701,1767
20250701,医疗,佛手的作用与功效,1293,20250701,1768
20250701,医疗,前列腺钙化是什么意思,1291,20250701,1769
20250701,医疗,钩藤的功效作用与主治,1291,20250701,1770
20250701,医疗,甲硝唑片一次吃几片,1288,20250701,1771
20250701,医疗,黄体期是指什么时期,1287,20250701,1772
20250701,医疗,焦虑症,1287,20250701,1773
20250701,医疗,心跳正常一分钟多少次,1286,20250701,1774
20250701,医疗,resp监护仪上代表什么,1285,20250701,1775
20250701,医疗,多动症的孩子有哪些症状表现,1285,20250701,1776
20250701,医疗,考试前吃什么能让大脑发挥最佳,1284,20250701,1777
20250701,医疗,外阴白斑,1284,20250701,1778
20250701,医疗,基础代谢率计算器,1283,20250701,1779
20250701,医疗,升麻功效作用与主治,1282,20250701,1780
20250701,医疗,"脖子痒是怎么回事越抓越痒,越挠越红",1282,20250701,1781
20250701,医疗,盐酸左氧氟沙星胶囊,1282,20250701,1782
20250701,医疗,双歧杆菌三联活菌胶囊,1282,20250701,1783
20250701,医疗,手臂疼痛感觉从筋里面疼出来的怎么办,1279,20250701,1784
20250701,医疗,酒石酸美托洛尔片,1279,20250701,1785
20250701,医疗,黄疸指数正常值范围,1276,20250701,1786
20250701,医疗,金樱子的功效与作用壮阳吗,1276,20250701,1787
20250701,医疗,皮蛋的功效与作用和危害,1276,20250701,1788
20250701,医疗,眼皮总跳是怎么回事,1275,20250701,1789
20250701,医疗,柏子仁的功效与作用,1275,20250701,1790
20250701,医疗,盐酸特比萘芬乳膏,1274,20250701,1791
20250701,医疗,薏苡仁的功效与作用,1274,20250701,1792
20250701,医疗,坤宝丸的功效与作用,1273,20250701,1793
20250701,医疗,康复新液,1273,20250701,1794
20250701,医疗,喉咙发痒老是咳嗽 是什么原因,1272,20250701,1795
20250701,医疗,四妙丸的功效与作用,1272,20250701,1796
20250701,医疗,喉癌的早期症状,1271,20250701,1797
20250701,医疗,牛黄解毒片,1271,20250701,1798
20250701,医疗,夏天出汗好还是不出汗好,1269,20250701,1799
20250701,医疗,香油煎大蒜有哪些功效和作用,1269,20250701,1800
20250701,医疗,肠梗阻,1269,20250701,1801
20250701,医疗,肉苁蓉功效作用与主治,1269,20250701,1802
20250701,医疗,紫癜病是什么症状,1268,20250701,1803
20250701,医疗,炒麦芽的功效和作用,1267,20250701,1804
20250701,医疗,ab型血,1267,20250701,1805
20250701,医疗,舌苔看病图解大全,1267,20250701,1806
20250701,医疗,脂肪瘤,1266,20250701,1807
20250701,医疗,右下腹下侧疼是咋回事,1265,20250701,1808
20250701,医疗,双环醇片的功效与作用,1265,20250701,1809
20250701,医疗,玫瑰糠疹是什么原因引发的,1264,20250701,1810
20250701,医疗,萎缩性胃炎,1262,20250701,1811
20250701,医疗,拔罐后多长时间可以洗澡,1262,20250701,1812
20250701,医疗,护肝片,1261,20250701,1813
20250701,医疗,包皮手术几天能恢复正常,1261,20250701,1814
20250701,医疗,荨麻疹症状图片,1260,20250701,1815
20250701,医疗,收缩压和舒张压的正常值范围,1259,20250701,1816
20250701,医疗,吃避孕药会对身体造成什么影响,1259,20250701,1817
20250701,医疗,气虚吃什么补最快最有效,1259,20250701,1818
20250701,医疗,阴道炎用什么药好,1259,20250701,1819
20250701,医疗,三尖瓣轻度反流说明什么,1259,20250701,1820
20250701,医疗,肺结节是什么病情况严重吗,1258,20250701,1821
20250701,医疗,幼儿急疹,1258,20250701,1822
20250701,医疗,pet-ct,1258,20250701,1823
20250701,医疗,气滞血瘀的症状有哪些,1257,20250701,1824
20250701,医疗,"睡眠质量差,入睡困难,易醒咋回事",1257,20250701,1825
20250701,医疗,沙库巴曲缬沙坦钠片,1257,20250701,1826
20250701,医疗,益母草,1257,20250701,1827
20250701,医疗,耳鸣是什么原因引起的嗡嗡的响,1256,20250701,1828
20250701,医疗,谷胱甘肽的作用与功效,1256,20250701,1829
20250701,医疗,山药弄到手上很痒怎么办,1255,20250701,1830
20250701,医疗,尿血是怎么回事男性,1253,20250701,1831
20250701,医疗,静脉曲张的症状表现,1253,20250701,1832
20250701,医疗,慢阻肺是一种什么病,1253,20250701,1833
20250701,医疗,小三阳会不会传染给别人,1253,20250701,1834
20250701,医疗,益母草颗粒的作用及功效,1252,20250701,1835
20250701,医疗,氨基酸的作用和功效,1252,20250701,1836
20250701,医疗,早泄,1251,20250701,1837
20250701,医疗,苍术的功效作用与主治,1250,20250701,1838
20250701,医疗,苍术的功效与作用,1250,20250701,1839
20250701,医疗,疱疹图片和症状图片,1250,20250701,1840
20250701,医疗,谷丙转氨酶,1250,20250701,1841
20250701,医疗,肺癌晚期还能活多久,1250,20250701,1842
20250701,医疗,阿莫西林胶囊,1249,20250701,1843
20250701,医疗,贫血是怎么造成的原因,1249,20250701,1844
20250701,医疗,孟鲁司特钠片,1249,20250701,1845
20250701,医疗,咳嗽老不好反复咳嗽是怎么回事,1249,20250701,1846
20250701,医疗,低密度脂蛋白胆固醇,1248,20250701,1847
20250701,医疗,风寒感冒和风热感冒的区别和症状,1248,20250701,1848
20250701,医疗,脸浮肿是什么原因引起?,1248,20250701,1849
20250701,医疗,蚕蛾公补合剂的功效与作用,1248,20250701,1850
20250701,医疗,低密度脂蛋白胆固醇偏高怎么回事,1247,20250701,1851
20250701,医疗,孕酮正常值参考范围表,1246,20250701,1852
20250701,医疗,割包皮最佳年龄,1245,20250701,1853
20250701,医疗,十全大补丸的功效和作用,1245,20250701,1854
20250701,医疗,他达拉非片的功效与作用,1245,20250701,1855
20250701,医疗,富贵包怎么消除最有效的方法是什么,1244,20250701,1856
20250701,医疗,正常心率应该是多少,1244,20250701,1857
20250701,医疗,新冠是哪一年开始的,1244,20250701,1858
20250701,医疗,对乙酰氨基酚片的功效与作用,1243,20250701,1859
20250701,医疗,爱地那非片的功效与作用,1243,20250701,1860
20250701,医疗,荔枝吃多了有什么好处和坏处,1242,20250701,1861
20250701,医疗,桔梗,1242,20250701,1862
20250701,医疗,倍他司汀的作用与功效,1242,20250701,1863
20250701,医疗,肠炎宁片功效作用与主治,1241,20250701,1864
20250701,医疗,拉肚子吃什么药好见效快,1240,20250701,1865
20250701,医疗,上火吃什么降火最快最有效,1240,20250701,1866
20250701,医疗,静脉曲张挂哪个科室最好,1239,20250701,1867
20250701,医疗,罗布麻茶的功效与作用,1239,20250701,1868
20250701,医疗,尿道感染吃什么药好的最快最有效,1238,20250701,1869
20250701,医疗,腱鞘炎手腕最佳治疗方法,1238,20250701,1870
20250701,医疗,crp是什么检查项目,1237,20250701,1871
20250701,医疗,利多卡因,1237,20250701,1872
20250701,医疗,木耳的功效与作用,1237,20250701,1873
20250701,医疗,蒲地蓝口服液的功效与作用,1237,20250701,1874
20250701,医疗,狗尾巴草的功效与作用,1237,20250701,1875
20250701,医疗,鱼刺卡喉咙里怎么办最简单的方法,1236,20250701,1876
20250701,医疗,阿普唑仑片,1236,20250701,1877
20250701,医疗,"嘴巴苦,口干,口臭是什么原因",1235,20250701,1878
20250701,医疗,富马酸喹硫平片,1235,20250701,1879
20250701,医疗,二甲双胍缓释片服用方法和用量,1234,20250701,1880
20250701,医疗,子宫肌瘤有什么感觉和症状,1234,20250701,1881
20250701,医疗,青霉素,1234,20250701,1882
20250701,医疗,身上很痒越抓越痒还有小红疙瘩,1234,20250701,1883
20250701,医疗,37度算发烧不,1233,20250701,1884
20250701,医疗,肠息肉的早期症状,1233,20250701,1885
20250701,医疗,淡竹叶的功效与作用,1233,20250701,1886
20250701,医疗,身上长了红色的小点点,1233,20250701,1887
20250701,医疗,苍耳子的功效与作用,1233,20250701,1888
20250701,医疗,奥利司他,1232,20250701,1889
20250701,医疗,天花粉的功效与作用,1231,20250701,1890
20250701,医疗,皮肤过敏大面积红肿痒怎么解决,1231,20250701,1891
20250701,医疗,疣是什么原因造成的,1230,20250701,1892
20250701,医疗,高血压怎么引起的原因,1229,20250701,1893
20250701,医疗,咽喉炎有哪些症状表现,1229,20250701,1894
20250701,医疗,嘴里发苦是什么原因造成的,1227,20250701,1895
20250701,医疗,芒硝的功效与作用与主治,1227,20250701,1896
20250701,医疗,何首乌的功效与主治,1227,20250701,1897
20250701,医疗,生地黄的功效作用与主治,1226,20250701,1898
20250701,医疗,越鞠丸的功效与作用,1226,20250701,1899
20250701,医疗,头晕恶心想吐是什么原因,1225,20250701,1900
20250701,医疗,阳虚吃什么药效果最快,1225,20250701,1901
20250701,医疗,甲硝唑片的功效与作用,1225,20250701,1902
20250701,医疗,"红斑狼疮是什么病,能治好吗",1225,20250701,1903
20250701,医疗,万艾可的功效作用与副作用,1225,20250701,1904
20250701,医疗,逍遥丸的作用与功效和适用人群,1225,20250701,1905
20250701,医疗,"手脚麻木是什么原因引起的,怎么治疗",1225,20250701,1906
20250701,医疗,蜜蜡的作用与功效是什么,1225,20250701,1907
20250701,医疗,半枝莲的作用与功效,1224,20250701,1908
20250701,医疗,维生素B6,1224,20250701,1909
20250701,医疗,胰岛素,1224,20250701,1910
20250701,医疗,出汗多女性怎么回事,1224,20250701,1911
20250701,医疗,穿刺检查是什么意思,1223,20250701,1912
20250701,医疗,厄贝沙坦片,1223,20250701,1913
20250701,医疗,同房后几天能测出怀孕,1221,20250701,1914
20250701,医疗,艾草,1221,20250701,1915
20250701,医疗,腰间盘突出最快恢复方法,1219,20250701,1916
20250701,医疗,阿尔茨海默症有哪些症状,1219,20250701,1917
20250701,医疗,九价疫苗适合的年龄,1219,20250701,1918
20250701,医疗,雷特综合征是怎么回事,1218,20250701,1919
20250701,医疗,丁苯酞软胶囊的作用与功效,1218,20250701,1920
20250701,医疗,替格瑞洛片的作用与功效,1218,20250701,1921
20250701,医疗,黄豆的功效与作用,1218,20250701,1922
20250701,医疗,颈椎压迫神经手臂麻木疼痛怎么治疗,1218,20250701,1923
20250701,医疗,半夏,1218,20250701,1924
20250701,医疗,猫抓破了一点皮需要打狂犬疫苗吗,1217,20250701,1925
20250701,医疗,脚气,1217,20250701,1926
20250701,医疗,曼月乐环有什么好处和坏处,1216,20250701,1927
20250701,医疗,细辛的功效作用与主治,1216,20250701,1928
20250701,医疗,姑娘果的功效与作用,1216,20250701,1929
20250701,医疗,生理盐水敷脸有什么作用与功效,1215,20250701,1930
20250701,医疗,左氧氟沙星片一次吃几片,1215,20250701,1931
20250701,医疗,镇痛剂,1215,20250701,1932
20250701,医疗,神经元特异性烯醇化酶偏高原因,1214,20250701,1933
20250701,医疗,红细胞压积偏高,1214,20250701,1934
20250701,医疗,嗓子干痒老是咳嗽是什么原因吃什么药,1214,20250701,1935
20250701,医疗,颈动脉斑块最佳消除方法,1214,20250701,1936
20250701,医疗,尿素高是怎么回事,1214,20250701,1937
20250701,医疗,血糖高了会出现什么症状,1213,20250701,1938
20250701,医疗,黑枸杞的作用与功效,1213,20250701,1939
20250701,医疗,糖尿病人的一日三餐食谱表,1213,20250701,1940
20250701,医疗,血型遗传规律表,1211,20250701,1941
20250701,医疗,妥布霉素滴眼液,1210,20250701,1942
20250701,医疗,乳腺增生结节吃什么散结最快,1209,20250701,1943
20250701,医疗,总蛋白偏低是怎么回事,1209,20250701,1944
20250701,医疗,糖尿病吃什么食物最好,1208,20250701,1945
20250701,医疗,乌鸡汤怎么炖好喝又营养补气血,1208,20250701,1946
20250701,医疗,决明子,1208,20250701,1947
20250701,医疗,精液发黄是什么原因引起的,1206,20250701,1948
20250701,医疗,头晕头疼头重昏昏沉沉是什么原因,1206,20250701,1949
20250701,医疗,马应龙痔疮膏的作用与功效,1205,20250701,1950
20250701,医疗,湿热重吃什么药才最见效祛湿热,1204,20250701,1951
20250701,医疗,水杨酸的作用与功效,1204,20250701,1952
20250701,医疗,痔疮外痔肉球怎么消除最快方法,1204,20250701,1953
20250701,医疗,干燥综合症有哪些症状,1204,20250701,1954
20250701,医疗,直肠癌,1204,20250701,1955
20250701,医疗,总胆固醇偏高说明什么,1203,20250701,1956
20250701,医疗,nt检查一般在怀孕几周,1203,20250701,1957
20250701,医疗,血小板分布宽度偏低是什么意思,1203,20250701,1958
20250701,医疗,达格列净的功效与作用,1203,20250701,1959
20250701,医疗,脚后跟疼痛的原因和解决方法,1202,20250701,1960
20250701,医疗,决定蜂胶品质的因素,1201,20250701,1961
20250701,医疗,喝咖啡对身体有什么好处和坏处,1201,20250701,1962
20250701,医疗,锁阳的功效和主治,1201,20250701,1963
20250701,医疗,佩兰的功效与作用,1201,20250701,1964
20250701,医疗,水痘一般几天能痊愈,1200,20250701,1965
20250701,医疗,过敏性鼻炎怎么治最有效的方法,1199,20250701,1966
20250701,医疗,黄鳝的功效与作用,1199,20250701,1967
20250701,医疗,霍香正气水的作用与功放的妙用,1198,20250701,1968
20250701,医疗,米诺地尔,1198,20250701,1969
20250701,医疗,37.2的体温是正常还是发烧,1198,20250701,1970
20250701,医疗,乐普医疗,1198,20250701,1971
20250701,医疗,肝癌晚期最多能活多久,1196,20250701,1972
20250701,医疗,大便不通畅拉不出来怎么办,1196,20250701,1973
20250701,医疗,心肌炎,1196,20250701,1974
20250701,医疗,西兰花的功效与作用,1196,20250701,1975
20250701,医疗,肾小球滤过率低是什么原因,1193,20250701,1976
20250701,医疗,三七粉的功效与作用及正确吃法,1193,20250701,1977
20250701,医疗,嗓子总有痰粘着吐不干净怎么回事,1193,20250701,1978
20250701,医疗,霉菌性阴道炎是怎么感染上的,1192,20250701,1979
20250701,医疗,卡马西平片的作用与功能主治,1192,20250701,1980
20250701,医疗,嘴唇上长疱疹是什么原因引起的,1192,20250701,1981
20250701,医疗,优思明,1192,20250701,1982
20250701,医疗,吗丁啉功效作用与主治,1191,20250701,1983
20250701,医疗,尿血是怎么引起的女性,1191,20250701,1984
20250701,医疗,标准体重的计算方法,1191,20250701,1985
20250701,医疗,糖耐筛查多少周做最合适,1190,20250701,1986
20250701,医疗,罗汉果,1190,20250701,1987
20250701,医疗,紧急避孕药一年可以吃几次,1189,20250701,1988
20250701,医疗,感康的功效与作用,1189,20250701,1989
20250701,医疗,艾滋病有什么症状,1189,20250701,1990
20250701,医疗,宫腔镜手术是怎么做的,1189,20250701,1991
20250701,医疗,土霉素片的功效与作用,1188,20250701,1992
20250701,医疗,双相情感障碍,1188,20250701,1993
20250701,医疗,飞蚊症是什么原因造成的,1188,20250701,1994
20250701,医疗,胶体果胶铋胶囊的作用与功效,1188,20250701,1995
20250701,医疗,盐酸左西替利嗪片的功效与作用,1188,20250701,1996
20250701,医疗,静脉曲张是什么原因引起的,1188,20250701,1997
20250701,医疗,右佐匹克隆片,1187,20250701,1998
20250701,医疗,肺大泡是什么病严重吗能治好吗,1187,20250701,1999
20250701,医疗,艾司奥美拉唑镁肠溶片,1187,20250701,2000
20250701,医疗,安乃近的功效与作用,1186,20250701,2001
20250701,医疗,三伏贴的功效与作用,1186,20250701,2002
20250701,医疗,豆角的功效与作用,1186,20250701,2003
20250701,医疗,血小板高是怎么回事,1186,20250701,2004
20250701,医疗,肉桂,1185,20250701,2005
20250701,医疗,赛达久乳膏,1185,20250701,2006
20250701,医疗,咽炎有什么症状有哪些表现,1185,20250701,2007
20250701,医疗,低烧多少度算低烧,1184,20250701,2008
20250701,医疗,骨科1/2h,1184,20250701,2009
20250701,医疗,艾滋病能活多久,1184,20250701,2010
20250701,医疗,明目地黄丸的功效与作用,1184,20250701,2011
20250701,医疗,风湿病有哪些症状,1183,20250701,2012
20250701,医疗,正常心率值是多少范围,1183,20250701,2013
20250701,医疗,安宫牛黄丸,1181,20250701,2014
20250701,医疗,肚子疼是怎么回事一阵一阵的疼,1181,20250701,2015
20250701,医疗,黄芽汤的功效与作用,1181,20250701,2016
20250701,医疗,碱性磷酸酶偏低说明什么原因,1181,20250701,2017
20250701,医疗,甲状腺癌的早期症状,1180,20250701,2018
20250701,医疗,体脂率,1179,20250701,2019
20250701,医疗,姜厚朴的功效与作用,1179,20250701,2020
20250701,医疗,双向情感障碍,1179,20250701,2021
20250701,医疗,五子衍宗丸功效作用与主治,1178,20250701,2022
20250701,医疗,紫甘蓝的功效与作用,1178,20250701,2023
20250701,医疗,胸闷气短胸口有压迫感总想深呼吸挂什么科,1178,20250701,2024
20250701,医疗,痱子,1177,20250701,2025
20250701,医疗,速效救心丸一次吃几粒,1177,20250701,2026
20250701,医疗,焦虑症的表现和症状,1177,20250701,2027
20250701,医疗,迈之灵片功效与作用,1177,20250701,2028
20250701,医疗,甘露醇的功效与作用和主治,1177,20250701,2029
20250701,医疗,前白蛋白偏低是怎么回事,1176,20250701,2030
20250701,医疗,子宫下垂怎么治疗才能快速恢复,1176,20250701,2031
20250701,医疗,子宫内膜癌的早期症状,1175,20250701,2032
20250701,医疗,甲状腺癌手术后能活几年,1175,20250701,2033
20250701,医疗,尿微量白蛋白高是什么意思,1175,20250701,2034
20250701,医疗,心口窝疼是怎么回事,1174,20250701,2035
20250701,医疗,发烧,1174,20250701,2036
20250701,医疗,六味地黄丸能提高男人的性功能吗,1174,20250701,2037
20250701,医疗,葡萄糖酸钙锌口服溶液,1173,20250701,2038
20250701,医疗,鹿角帽粉的作用与功效,1173,20250701,2039
20250701,医疗,涌泉在脚底哪个位置图片,1172,20250701,2040
20250701,医疗,小腿痒痒越挠越痒是什么原因,1171,20250701,2041
20250701,医疗,驼奶粉的功效与作用,1171,20250701,2042
20250701,医疗,癫痫病是怎么引起的,1170,20250701,2043
20250701,医疗,复方黄柏液涂剂,1170,20250701,2044
20250701,医疗,菊花泡水喝的功效与作用,1170,20250701,2045
20250701,医疗,独活的功效与作用,1169,20250701,2046
20250701,医疗,硝酸甘油的作用功效,1169,20250701,2047
20250701,医疗,心脉受损有什么症状,1169,20250701,2048
20250701,医疗,骨碎补的功效与作用与主治,1169,20250701,2049
20250701,医疗,布洛芬的副作用和危害,1168,20250701,2050
20250701,医疗,慢性萎缩性胃炎严重吗,1167,20250701,2051
20250701,医疗,打喷嚏,1167,20250701,2052
20250701,医疗,前列腺钙化是怎么回事需要治疗吗,1166,20250701,2053
20250701,医疗,反流性食管炎吃什么药效果更佳,1166,20250701,2054
20250701,医疗,非布司他片的作用,1166,20250701,2055
20250701,医疗,心梗是什么原因造成的,1164,20250701,2056
20250701,医疗,党参图片,1164,20250701,2057
20250701,医疗,黑色素痣和瘤的区别,1163,20250701,2058
20250701,医疗,"身体乏力没精神,感觉累,就想躺着",1162,20250701,2059
20250701,医疗,蛇缠腰,1162,20250701,2060
20250701,医疗,乙肝是什么病,1161,20250701,2061
20250701,医疗,喉咙痛吃什么药好得最快最有效,1161,20250701,2062
20250701,医疗,尿胆原1个加号什么意思,1160,20250701,2063
20250701,医疗,鹿茸,1160,20250701,2064
20250701,医疗,肺气肿的表现与症状,1160,20250701,2065
20250701,医疗,谷氨酰氨基转移酶高代表什么,1160,20250701,2066
20250701,医疗,榴莲是寒性还是热性的,1160,20250701,2067
20250701,医疗,右肩膀疼痛要警惕的三种病,1160,20250701,2068
20250701,医疗,舌头下面血管发紫发黑是什么原因,1160,20250701,2069
20250701,医疗,办健康证需要空腹吗,1160,20250701,2070
20250701,医疗,内分泌失调怎么调理才能好,1159,20250701,2071
20250701,医疗,胸口闷感觉非常压抑难受是怎么回事,1159,20250701,2072
20250701,医疗,氨基丁酸对青少年长高真有效吗,1159,20250701,2073
20250701,医疗,胆结石什么症状哪里疼,1158,20250701,2074
20250701,医疗,自闭症孩子的表现症状都有哪些,1158,20250701,2075
20250701,医疗,睡眠质量不好怎样调理,1158,20250701,2076
20250701,医疗,免疫组化检查是什么意思,1158,20250701,2077
20250701,医疗,大血小板比率偏低是什么原因,1157,20250701,2078
20250701,医疗,艾司唑仑片的功效与副作用,1156,20250701,2079
20250701,医疗,冬瓜汤和什么搭配最好,1156,20250701,2080
20250701,医疗,女生阴道口有小疙瘩,1155,20250701,2081
20250701,医疗,下巴长痘是什么原因啊,1155,20250701,2082
20250701,医疗,黑豆煮水喝有什么功效和作用,1155,20250701,2083
20250701,医疗,桉柠蒎肠溶胶囊功效作用,1155,20250701,2084
20250701,医疗,牛蒡,1155,20250701,2085
20250701,医疗,口腔癌的早期症状,1154,20250701,2086
20250701,医疗,盐酸地芬尼多的功效和作用是什么,1154,20250701,2087
20250701,医疗,抗病毒口服液的功效与作用,1153,20250701,2088
20250701,医疗,宫颈糜烂,1153,20250701,2089
20250701,医疗,鸡眼,1153,20250701,2090
20250701,医疗,通化金马,1152,20250701,2091
20250701,医疗,健鞘炎怎么治疗最好,1152,20250701,2092
20250701,医疗,乙肝五项正确对照表,1152,20250701,2093
20250701,医疗,谷氨酰转肽酶偏高是怎么回事,1152,20250701,2094
20250701,医疗,复方酮康唑软膏,1152,20250701,2095
20250701,医疗,阿奇霉素的作用功效,1152,20250701,2096
20250701,医疗,阳池穴,1152,20250701,2097
20250701,医疗,肚脐眼下面的肚子疼是怎么回事,1151,20250701,2098
20250701,医疗,脚心发热是什么原因如何治疗,1151,20250701,2099
20250701,医疗,内关穴,1151,20250701,2100
20250701,医疗,做肠镜检查需要提前做什么准备,1151,20250701,2101
20250701,医疗,熊去氧胆酸片的功效和作用,1149,20250701,2102
20250701,医疗,"冠心病是什么病严重吗,怎么治疗",1149,20250701,2103
20250701,医疗,身上起红色疙瘩很痒怎么回事,1149,20250701,2104
20250701,医疗,hiv,1148,20250701,2105
20250701,医疗,丹皮酚软膏的功效与作用,1148,20250701,2106
20250701,医疗,抗生素药有哪些药,1148,20250701,2107
20250701,医疗,云南白药气雾剂功效和作用,1148,20250701,2108
20250701,医疗,hpv16阳性怎么治疗能转阴,1147,20250701,2109
20250701,医疗,佐匹克隆片的功效与作用,1147,20250701,2110
20250701,医疗,雾化的作用和功效,1147,20250701,2111
20250701,医疗,牛蒡茶的功效与作用,1146,20250701,2112
20250701,医疗,南极磷虾油的功效作用,1145,20250701,2113
20250701,医疗,被小猫咪抓了轻微出血了要打针吗,1145,20250701,2114
20250701,医疗,十二指肠溃疡的主要症状,1144,20250701,2115
20250701,医疗,消炎药哪个效果最好,1144,20250701,2116
20250701,医疗,otc标志代表什么,1144,20250701,2117
20250701,医疗,右佐匹克隆片功效与副作用,1143,20250701,2118
20250701,医疗,体脂率正常值范围是多少,1143,20250701,2119
20250701,医疗,他克莫司软膏作用与功效,1143,20250701,2120
20250701,医疗,天门冬氨酸氨基转移酶高说明什么,1141,20250701,2121
20250701,医疗,司美格鲁肽的功能主治,1140,20250701,2122
20250701,医疗,乌灵胶囊,1140,20250701,2123
20250701,医疗,薄荷的功效作用与主治,1139,20250701,2124
20250701,医疗,莲子心泡水喝有什么功效和作用,1139,20250701,2125
20250701,医疗,大便干硬成粒是什么原因,1138,20250701,2126
20250701,医疗,酒石酸唑吡坦片,1138,20250701,2127
20250701,医疗,百令胶囊的功效与作用,1137,20250701,2128
20250701,医疗,左心室高电压是什么意思,1136,20250701,2129
20250701,医疗,颈椎病,1136,20250701,2130
20250701,医疗,脱发严重是什么原因引起的,1136,20250701,2131
20250701,医疗,司美格鲁肽功效和作用,1136,20250701,2132
20250701,医疗,胃不舒服吃什么最好养胃,1136,20250701,2133
20250701,医疗,心梗,1136,20250701,2134
20250701,医疗,养肝护肝吃什么最好,1135,20250701,2135
20250701,医疗,多西环素的作用和功效,1135,20250701,2136
20250701,医疗,西替利嗪的功效与副作用,1134,20250701,2137
20250701,医疗,泥鳅的功效与作用,1133,20250701,2138
20250701,医疗,菊花和枸杞一起泡的功效与作用,1133,20250701,2139
20250701,医疗,"腿抽筋是什么原因引起的,怎么治疗",1133,20250701,2140
20250701,医疗,腿上出现红色的斑点咋回事,1133,20250701,2141
20250701,医疗,正常血压,1131,20250701,2142
20250701,医疗,左归丸,1131,20250701,2143
20250701,医疗,腰疼挂什么号挂哪个科室,1131,20250701,2144
20250701,医疗,舌头两边有齿轮状是怎么回事,1130,20250701,2145
20250701,医疗,鼻炎的症状和表现,1129,20250701,2146
20250701,医疗,北京大学第一医院,1129,20250701,2147
20250701,医疗,复方丹参滴丸,1128,20250701,2148
20250701,医疗,艾叶功效作用与主治,1128,20250701,2149
20250701,医疗,烫伤抹什么药膏好得快,1127,20250701,2150
20250701,医疗,眼皮浮肿是什么原因引起的,1127,20250701,2151
20250701,医疗,口腔溃疡是什么原因引起的怎么治疗,1126,20250701,2152
20250701,医疗,益血晶颗粒的作用和功效,1126,20250701,2153
20250701,医疗,带状疱疹最危险的三个部位,1126,20250701,2154
20250701,医疗,北柴胡的作用与功能主治,1126,20250701,2155
20250701,医疗,三金片,1125,20250701,2156
20250701,医疗,肺气肿,1124,20250701,2157
20250701,医疗,盐酸左西替利嗪片,1124,20250701,2158
20250701,医疗,山茶油的功效与作用,1124,20250701,2159
20250701,医疗,贫血看血常规哪个指标,1124,20250701,2160
20250701,医疗,色弱可以矫正恢复吗,1124,20250701,2161
20250701,医疗,泡疹病是什么引起的,1124,20250701,2162
20250701,医疗,寻麻疹的发病原因,1123,20250701,2163
20250701,医疗,健康状况怎么填?,1123,20250701,2164
20250701,医疗,舌苔厚白是什么原因,1123,20250701,2165
20250701,医疗,憋尿,1123,20250701,2166
20250701,医疗,西京医院,1123,20250701,2167
20250701,医疗,通心络胶囊的功效与作用,1123,20250701,2168
20250701,医疗,关元在肚脐下几指 图片,1123,20250701,2169
20250701,医疗,藿香正气水的作用和功效,1123,20250701,2170
20250701,医疗,桑寄生的功效与作用,1123,20250701,2171
20250701,医疗,子宫内膜异位症有什么症状表现,1122,20250701,2172
20250701,医疗,海螵蛸功效作用与主治,1120,20250701,2173
20250701,医疗,补钾的食物有哪些,1120,20250701,2174
20250701,医疗,神经衰弱有哪些症状,1120,20250701,2175
20250701,医疗,气胸病是什么症状,1119,20250701,2176
20250701,医疗,吃头孢后多久能喝酒,1119,20250701,2177
20250701,医疗,四物汤的功效与作用,1119,20250701,2178
20250701,医疗,甘草泡水喝的作用与效果,1119,20250701,2179
20250701,医疗,吃什么减肥效果最好最快,1118,20250701,2180
20250701,医疗,劲酒的功效和作用,1118,20250701,2181
20250701,医疗,脚后跟疼是怎么回事,1118,20250701,2182
20250701,医疗,孕酮,1118,20250701,2183
20250701,医疗,左下腹部疼痛男性什么原因,1117,20250701,2184
20250701,医疗,白细胞低有什么危害和症状,1116,20250701,2185
20250701,医疗,双相情感性障碍是什么症状,1116,20250701,2186
20250701,医疗,麦粒肿怎么治疗最快方法,1116,20250701,2187
20250701,医疗,铁皮石斛,1116,20250701,2188
20250701,医疗,谷维素的副作用及危害,1115,20250701,2189
20250701,医疗,菟丝子,1115,20250701,2190
20250701,医疗,"月经推迟了10天没来,也没怀孕怎么回事",1114,20250701,2191
20250701,医疗,排卵期是什么时候,1114,20250701,2192
20250701,医疗,什么血型最招蚊子叮咬,1113,20250701,2193
20250701,医疗,"灰指甲是怎么引起的,怎么样治疗",1113,20250701,2194
20250701,医疗,蜂蜜水的作用与功效,1113,20250701,2195
20250701,医疗,抑郁症是精神病还是心理病,1113,20250701,2196
20250701,医疗,斯德哥尔摩综合征,1113,20250701,2197
20250701,医疗,甲硝唑片,1112,20250701,2198
20250701,医疗,睾丸疼痛什么原因,1112,20250701,2199
20250701,医疗,股癣,1111,20250701,2200
20250701,医疗,痔疮长什么样子的图片,1111,20250701,2201
20250701,医疗,蜈蚣咬了怎么处理方法,1110,20250701,2202
20250701,医疗,膀胱炎有哪些症状,1110,20250701,2203
20250701,医疗,内膜厚度多少算正常,1109,20250701,2204
20250701,医疗,雌二醇,1109,20250701,2205
20250701,医疗,郑大一附院,1109,20250701,2206
20250701,医疗,阿莫西林胶囊一次吃几粒大人,1109,20250701,2207
20250701,医疗,hpv是什么,1109,20250701,2208
20250701,医疗,晒伤了皮肤红怎么修复,1108,20250701,2209
20250701,医疗,地中海贫血,1108,20250701,2210
20250701,医疗,淋巴结节怎么消除 颈部,1108,20250701,2211
20250701,医疗,蚊子喜欢叮咬哪些人,1108,20250701,2212
20250701,医疗,反流性食管炎症状,1107,20250701,2213
20250701,医疗,阳陵泉的准确位置图,1107,20250701,2214
20250701,医疗,餐后2小时血糖值多少正常,1106,20250701,2215
20250701,医疗,系统性红斑狼疮,1106,20250701,2216
20250701,医疗,怀孕了不想要多少天打掉是最佳时间,1106,20250701,2217
20250701,医疗,感冒喉咙疼痛吃什么药效果最好,1106,20250701,2218
20250701,医疗,心衰怎么治疗才能恢复正常,1105,20250701,2219
20250701,医疗,肋骨下侧隐隐作痛什么原因,1105,20250701,2220
20250701,医疗,肾积水是什么病严重吗,1104,20250701,2221
20250701,医疗,怀孕的最初征兆表现,1104,20250701,2222
20250701,医疗,"胆红素,总胆红素,间接胆红素都高有危险吗",1103,20250701,2223
20250701,医疗,迷迭香,1103,20250701,2224
20250701,医疗,心率50到60危险吗,1103,20250701,2225
20250701,医疗,口干舌燥是怎么一回事,1103,20250701,2226
20250701,医疗,乳房里有硬块捏着有点疼是怎么回事,1103,20250701,2227
20250701,医疗,amh是什么检查项目,1103,20250701,2228
20250701,医疗,氨溴索的功效与作用,1103,20250701,2229
20250701,医疗,浮小麦的作用与功能主治,1103,20250701,2230
20250701,医疗,胰腺癌,1102,20250701,2231
20250701,医疗,刮痧的功效和作用,1102,20250701,2232
20250701,医疗,小腿浮肿是什么原因,1102,20250701,2233
20250701,医疗,玛卡的功效与作用,1102,20250701,2234
20250701,医疗,牛油果油作用与功效,1102,20250701,2235
20250701,医疗,康复治疗是做什么的,1102,20250701,2236
20250701,医疗,腺癌属于什么癌症,1101,20250701,2237
20250701,医疗,鹿茸菇有什么功效和作用,1101,20250701,2238
20250701,医疗,三阴焦的位置作用与好处,1101,20250701,2239
20250701,医疗,甲钴胺片主要治什么病,1100,20250701,2240
20250701,医疗,新冠病毒2025年症状有哪些表现,1100,20250701,2241
20250701,医疗,牛蒡根的功效与作用,1100,20250701,2242
20250701,医疗,六神丸的功效作用与主治,1099,20250701,2243
20250701,医疗,前列腺钙化灶是什么意思,1099,20250701,2244
20250701,医疗,鸽子汤的功效与作用,1099,20250701,2245
20250701,医疗,中耳炎,1098,20250701,2246
20250701,医疗,脑心通胶囊的功效与作用,1098,20250701,2247
20250701,医疗,扁桃体肥大最好的治疗方法,1098,20250701,2248
20250701,医疗,牙痛怎么快速止痛最简单的办法,1098,20250701,2249
20250701,医疗,盆腔积液,1096,20250701,2250
20250701,医疗,rh血型鉴定阳性是什么意思,1096,20250701,2251
20250701,医疗,肺结核的早期症状和前兆,1096,20250701,2252
20250701,医疗,正常体温是多少°C,1096,20250701,2253
20250701,医疗,谷维素,1096,20250701,2254
20250701,医疗,肚子绞痛一阵一阵的,1095,20250701,2255
20250701,医疗,维生素d3,1095,20250701,2256
20250701,医疗,补骨脂的作用和功效,1095,20250701,2257
20250701,医疗,早搏是怎么回事儿,1095,20250701,2258
20250701,医疗,足底筋膜炎怎么治疗最好的办法,1095,20250701,2259
20250701,医疗,连翘,1094,20250701,2260
20250701,医疗,洛索洛芬钠片,1094,20250701,2261
20250701,医疗,桃仁的功效作用与主治,1094,20250701,2262
20250701,医疗,富马酸伏诺拉生片,1094,20250701,2263
20250701,医疗,唐氏综合症是啥病,1094,20250701,2264
20250701,医疗,首乌藤的功效作用与主治,1093,20250701,2265
20250701,医疗,阴道炎是什么引起的,1093,20250701,2266
20250701,医疗,西瓜含糖量高不高,1093,20250701,2267
20250701,医疗,西地那非片的正确服用方法与效果,1093,20250701,2268
20250701,医疗,耳朵后面长了个小鼓包是怎么回事,1093,20250701,2269
20250701,医疗,鼻窦炎怎样治疗才能根除,1093,20250701,2270
20250701,医疗,盐酸舍曲林片作用功效,1092,20250701,2271
20250701,医疗,头痛的原因有几种,1092,20250701,2272
20250701,医疗,河南省人民医院,1092,20250701,2273
20250701,医疗,聚乙二醇,1092,20250701,2274
20250701,医疗,扁平足是什么样子图片,1092,20250701,2275
20250701,医疗,偏头痛什么原因引起的怎么治疗,1092,20250701,2276
20250701,医疗,神经性皮炎,1091,20250701,2277
20250701,医疗,甲状腺功能减退会出现什么症状,1091,20250701,2278
20250701,医疗,阑尾炎,1091,20250701,2279
20250701,医疗,病毒性感冒吃什么药效果好,1091,20250701,2280
20250701,医疗,三甲医院是什么意思,1090,20250701,2281
20250701,医疗,湿疹图片和症状图,1090,20250701,2282
20250701,医疗,飞蚊症,1090,20250701,2283
20250701,医疗,甘油三酯指的是哪三脂,1090,20250701,2284
20250701,医疗,红茶的作用与功效,1089,20250701,2285
20250701,医疗,身上长小肉丁丁是怎回事,1089,20250701,2286
20250701,医疗,尿常规能检查出什么,1089,20250701,2287
20250701,医疗,盐酸奥洛他定片的作用与功效,1089,20250701,2288
20250701,医疗,花椒的功效与作用,1089,20250701,2289
20250701,医疗,丹毒,1089,20250701,2290
20250701,医疗,曲安奈德益康唑乳膏,1088,20250701,2291
20250701,医疗,泮托拉唑钠肠溶片的作用和功效,1088,20250701,2292
20250701,医疗,消炎药,1087,20250701,2293
20250701,医疗,hpv检查是什么检查项目,1087,20250701,2294
20250701,医疗,低血压,1087,20250701,2295
20250701,医疗,麻腮风疫苗,1086,20250701,2296
20250701,医疗,心绞痛,1086,20250701,2297
20250701,医疗,麻黄的功效与作用,1086,20250701,2298
20250701,医疗,宫颈癌一般能活多少年,1084,20250701,2299
20250701,医疗,陈皮和什么一起泡水是最佳搭配对甲状腺结节,1083,20250701,2300
20250701,医疗,开塞露的功效与副作用,1083,20250701,2301
20250701,医疗,脑出血恢复到正常人需要多久,1083,20250701,2302
20250701,医疗,诺如病毒是什么症状,1083,20250701,2303
20250701,医疗,覆盆子,1082,20250701,2304
20250701,医疗,腺样体肥大怎么治能消下去,1081,20250701,2305
20250701,医疗,马齿苋的功效与作用,1081,20250701,2306
20250701,医疗,阿奇霉素的用量和用法,1081,20250701,2307
20250701,医疗,高密度脂蛋白胆固醇高是怎么回事,1081,20250701,2308
20250701,医疗,脾肾两助丸的功效与作用,1081,20250701,2309
20250701,医疗,刺梨,1080,20250701,2310
20250701,医疗,血小板低怎么治疗才能恢复正常,1080,20250701,2311
20250701,医疗,心率正常值是多少范围,1080,20250701,2312
20250701,医疗,盐酸坦索罗辛缓释胶囊,1080,20250701,2313
20250701,医疗,37.5度算发烧吗,1080,20250701,2314
20250701,医疗,鹿心丸的功效与主治,1079,20250701,2315
20250701,医疗,乙型肝炎表面抗体测定阳性什么意思,1078,20250701,2316
20250701,医疗,脑梗的前兆表现都有哪些,1078,20250701,2317
20250701,医疗,膝盖弯曲疼痛的原因和治疗方法,1078,20250701,2318
20250701,医疗,脑溢血的前兆是什么现象,1077,20250701,2319
20250701,医疗,玉屏风颗粒,1077,20250701,2320
20250701,医疗,肚脐下方小腹疼痛原因,1076,20250701,2321
20250701,医疗,湿热体质的表现症状有哪些,1075,20250701,2322
20250701,医疗,"蜱虫咬人后有什么症状,怎么治疗",1075,20250701,2323
20250701,医疗,减脂餐食谱一日三餐表,1075,20250701,2324
20250701,医疗,空腹血糖,1074,20250701,2325
20250701,医疗,嘴唇上起疱疹怎么引起的,1074,20250701,2326
20250701,医疗,头孢的作用和主治,1073,20250701,2327
20250701,医疗,恩替卡韦片的功效与作用,1073,20250701,2328
20250701,医疗,甲状腺结节3类算严重吗,1073,20250701,2329
20250701,医疗,梅毒早期症状,1073,20250701,2330
20250701,医疗,骨化三醇软胶囊的功效和作用,1073,20250701,2331
20250701,医疗,布地奈德福莫特罗吸入粉雾剂的用法,1073,20250701,2332
20250701,医疗,芡实,1073,20250701,2333
20250701,医疗,苍耳,1072,20250701,2334
20250701,医疗,鱼石脂软膏的作用和功效,1072,20250701,2335
20250701,医疗,牛奶的功效和作用,1071,20250701,2336
20250701,医疗,黄体破裂是什么症状,1071,20250701,2337
20250701,医疗,dha真的可以促进孩子增强记忆力吗,1071,20250701,2338
20250701,医疗,糖类抗原125,1071,20250701,2339
20250701,医疗,黄芪泡水喝有什么功效和作用,1071,20250701,2340
20250701,医疗,被猫爪子抓伤出血要打针吗,1070,20250701,2341
20250701,医疗,蒙脱石散饭前吃还是饭后吃,1070,20250701,2342
20250701,医疗,口腔溃疡是怎么回事引起的,1070,20250701,2343
20250701,医疗,西地那非片吃了能延时多久,1069,20250701,2344
20250701,医疗,排卵期出现褐色分泌物怎么回事儿,1068,20250701,2345
20250701,医疗,尼美舒利颗粒的功效和作用,1067,20250701,2346
20250701,医疗,尼可地尔片的功效与作用,1067,20250701,2347
20250701,医疗,肺癌,1067,20250701,2348
20250701,医疗,同房出血淡红色什么原因,1067,20250701,2349
20250701,医疗,哈密瓜是凉性的还是热性的,1067,20250701,2350
20250701,医疗,铝碳酸镁咀嚼片,1066,20250701,2351
20250701,医疗,磷酸奥司他韦胶囊的作用与功效,1066,20250701,2352
20250701,医疗,协和医院,1066,20250701,2353
20250701,医疗,"水痘疫苗几岁打,一共打几针",1066,20250701,2354
20250701,医疗,血氧饱和度低于90有什么危害,1065,20250701,2355
20250701,医疗,神经内科主要看哪些方面的疾病,1065,20250701,2356
20250701,医疗,盆腔炎用什么药效果最好,1064,20250701,2357
20250701,医疗,紧急避孕药,1064,20250701,2358
20250701,医疗,补肾壮阳吃什么药效果好,1063,20250701,2359
20250701,医疗,转移因子口服液作用与功效,1063,20250701,2360
20250701,医疗,茯苓泡水喝的正确方法,1063,20250701,2361
20250701,医疗,生吃洋葱有什么好处功效与作用,1063,20250701,2362
20250701,医疗,牙龈肿胀鼓包,1062,20250701,2363
20250701,医疗,肚子咕噜咕噜的响是什么原因,1062,20250701,2364
20250701,医疗,脑梗有什么症状和表现,1062,20250701,2365
20250701,医疗,养胃吃什么食物最好,1061,20250701,2366
20250701,医疗,茶油的作用与功效,1061,20250701,2367
20250701,医疗,肩胛骨位置疼痛对照表,1060,20250701,2368
20250701,医疗,便秘,1060,20250701,2369
20250701,医疗,阴陵泉的准确位置,1059,20250701,2370
20250701,医疗,心衰,1059,20250701,2371
20250701,医疗,白细胞低是什么原因,1059,20250701,2372
20250701,医疗,知柏地黄丸的作用和功效,1059,20250701,2373
20250701,医疗,香菜的功效与作用,1059,20250701,2374
20250701,医疗,"夏天喝什么茶降火,去湿气",1059,20250701,2375
20250701,医疗,竹荪的功效与作用吃法,1058,20250701,2376
20250701,医疗,一动就大汗淋漓是什么原因男性,1058,20250701,2377
20250701,医疗,嘴角起小水泡怎么回事,1058,20250701,2378
20250701,医疗,三七,1058,20250701,2379
20250701,医疗,便秘是因为什么原因引起的?,1057,20250701,2380
20250701,医疗,肠息肉切除以后几天能正常吃饭,1057,20250701,2381
20250701,医疗,"屁股旁边长了个包,按着疼,里面硬硬的",1057,20250701,2382
20250701,医疗,甲状腺结节一二三四级对照表,1057,20250701,2383
20250701,医疗,偏头痛,1057,20250701,2384
20250701,医疗,灵芝孢子的功效与主治,1057,20250701,2385
20250701,医疗,囊肿是什么病?严重不?,1056,20250701,2386
20250701,医疗,藕粉的作用与功效,1056,20250701,2387
20250701,医疗,醋延胡索的功效与作用,1056,20250701,2388
20250701,医疗,丹红注射功效与作用,1055,20250701,2389
20250701,医疗,法莫替丁的作用与功效,1054,20250701,2390
20250701,医疗,精氨酸的作用与功效,1053,20250701,2391
20250701,医疗,莲花清瘟胶囊,1053,20250701,2392
20250701,医疗,口腔溃疡怎么快速好,1053,20250701,2393
20250701,医疗,贫血的症状有哪些表现,1053,20250701,2394
20250701,医疗,脂肪肝是什么意思严重吗,1053,20250701,2395
20250701,医疗,尿微量白蛋白高说明什么问题,1052,20250701,2396
20250701,医疗,藏红花泡水喝有什么功效和作用,1052,20250701,2397
20250701,医疗,痤疮的症状和图片,1052,20250701,2398
20250701,医疗,芬太尼,1052,20250701,2399
20250701,医疗,中国医学科学院肿瘤医院,1051,20250701,2400
20250701,医疗,甲功五项是检查什么,1051,20250701,2401
20250701,医疗,早孕试纸一般几天能查出来怀孕,1051,20250701,2402
20250701,医疗,罗红霉素胶囊功效和作用,1051,20250701,2403
20250701,医疗,吲哚布芬片的功效和副作用,1050,20250701,2404
20250701,医疗,甘油三酯高吃什么才能降脂,1050,20250701,2405
20250701,医疗,"腱鞘炎是怎么引起的,怎么治疗最好",1050,20250701,2406
20250701,医疗,爱出汗一动就大汗淋漓是怎么回事,1050,20250701,2407
20250701,医疗,肌酸激酶高是怎么回事,1050,20250701,2408
20250701,医疗,尿液有泡泡是什么原因,1050,20250701,2409
20250701,医疗,万艾可,1049,20250701,2410
20250701,医疗,黄疸,1049,20250701,2411
20250701,医疗,咳嗽有白痰一直不好是什么原因,1049,20250701,2412
20250701,医疗,封闭针的功效与副作用,1049,20250701,2413
20250701,医疗,老是放屁是什么原因女性,1049,20250701,2414
20250701,医疗,玫瑰花的功效与作用,1049,20250701,2415
20250701,医疗,黛力新的作用和功效,1049,20250701,2416
20250701,医疗,排卵期出血是怎么回事,1048,20250701,2417
20250701,医疗,白癜风早期症状图片,1047,20250701,2418
20250701,医疗,胆结石的饮食禁忌和保养方法,1047,20250701,2419
20250701,医疗,西瓜皮的功效和作用,1046,20250701,2420
20250701,医疗,百多邦,1046,20250701,2421
20250701,医疗,疱疹怎么治疗才能彻底根除,1046,20250701,2422
20250701,医疗,立普妥,1046,20250701,2423
20250701,医疗,参苓白术丸,1046,20250701,2424
20250701,医疗,乳头很痒是什么原因,1046,20250701,2425
20250701,医疗,内裤上面有黄色分泌物是什么原因,1045,20250701,2426
20250701,医疗,拉肚子,1045,20250701,2427
20250701,医疗,疱疹是什么症状图片,1044,20250701,2428
20250701,医疗,湿毒清胶囊的功效与作用治什么病,1044,20250701,2429
20250701,医疗,嗓子疼吃啥药效果最快最好,1044,20250701,2430
20250701,医疗,脂肪瘤怎么行成的,1044,20250701,2431
20250701,医疗,代谢差的人怎么快速加强代谢,1044,20250701,2432
20250701,医疗,抗核抗体阳性说明什么,1044,20250701,2433
20250701,医疗,脑萎缩主要表现的症状,1043,20250701,2434
20250701,医疗,梅尼埃病是什么病,1043,20250701,2435
20250701,医疗,庆大霉素的作用与功效与副作用,1043,20250701,2436
20250701,医疗,女生下面流很多白色粘稠物是怎么回事,1043,20250701,2437
20250701,医疗,急性肠胃炎,1042,20250701,2438
20250701,医疗,叶酸片的正确吃法时间,1042,20250701,2439
20250701,医疗,阿普唑仑片的功效与副作用,1042,20250701,2440
20250701,医疗,"卵巢囊肿是什么造成的,该怎样治疗",1042,20250701,2441
20250701,医疗,三七片的功效和作用主治,1041,20250701,2442
20250701,医疗,低血糖是什么原因引起的,1041,20250701,2443
20250701,医疗,肛门口有个肉球突出是怎么回事软软的,1041,20250701,2444
20250701,医疗,阿普唑仑片的作用功效,1041,20250701,2445
20250701,医疗,头孢克肟颗粒,1040,20250701,2446
20250701,医疗,脉搏多少正常范围内,1040,20250701,2447
20250701,医疗,人参归脾丸的功效和作用,1038,20250701,2448
20250701,医疗,内脏器官分布图,1038,20250701,2449
20250701,医疗,疏肝益阳胶囊的功效与主治,1038,20250701,2450
20250701,医疗,茯神功效作用与主治,1038,20250701,2451
20250701,医疗,云南白药,1038,20250701,2452
20250701,医疗,桂枝茯苓丸,1038,20250701,2453
20250701,医疗,碱性的食物有哪些,1037,20250701,2454
20250701,医疗,碳酸氢钠片的功效与作用,1037,20250701,2455
20250701,医疗,丁酸氢化可的松乳膏,1037,20250701,2456
20250701,医疗,保和丸的作用与功效,1037,20250701,2457
20250701,医疗,被蜜蜂蛰了怎么处理,1036,20250701,2458
20250701,医疗,肺癌中晚期一般寿命多少年,1036,20250701,2459
20250701,医疗,真菌感染皮肤病用什么药最好,1036,20250701,2460
20250701,医疗,玉米须的功效与作用,1036,20250701,2461
20250701,医疗,硝苯地平控释片功效作用及副作用和禁忌,1035,20250701,2462
20250701,医疗,通草的作用与功效,1035,20250701,2463
20250701,医疗,手指甲有竖条纹是怎么回事,1035,20250701,2464
20250701,医疗,血压偏低是什么原因,1035,20250701,2465
20250701,医疗,牙龈出血怎么回事是什么原因,1035,20250701,2466
20250701,医疗,腰椎间盘突出最有效的恢复方法,1034,20250701,2467
20250701,医疗,烫伤起泡怎么办最快最有效,1034,20250701,2468
20250701,医疗,肺力咳合剂的作用与功效,1034,20250701,2469
20250701,医疗,迷迭香的功效与作用,1034,20250701,2470
20250701,医疗,伏苓泡水喝的功效,1034,20250701,2471
20250701,医疗,舒肝健胃丸的功效与作用,1033,20250701,2472
20250701,医疗,积雪草的功效与作用,1033,20250701,2473
20250701,医疗,失眠,1033,20250701,2474
20250701,医疗,速效救心丸,1033,20250701,2475
20250701,医疗,益生菌,1033,20250701,2476
20250701,医疗,肠易激综合征,1033,20250701,2477
20250701,医疗,普瑞巴林胶囊,1032,20250701,2478
20250701,医疗,红细胞沉降率高是怎么回事,1032,20250701,2479
20250701,医疗,心律不齐是怎么回事 怎么调理,1032,20250701,2480
20250701,医疗,地骨皮功效作用与主治,1031,20250701,2481
20250701,医疗,白带发黄,1031,20250701,2482
20250701,医疗,肝气郁结的症状有哪些表现,1031,20250701,2483
20250701,医疗,鸡蛋的功效与作用,1031,20250701,2484
20250701,医疗,静脉曲张怎么治疗最好的方法,1031,20250701,2485
20250701,医疗,呼吸困难喘不过气来是怎么回事,1031,20250701,2486
20250701,医疗,七叶皂苷钠作用与功效,1030,20250701,2487
20250701,医疗,伤口感染化脓用什么药好得快,1030,20250701,2488
20250701,医疗,三文鱼的功效与作用,1029,20250701,2489
20250701,医疗,"肺癌会传染吗,对身边的人有影响吗",1029,20250701,2490
20250701,医疗,皮质醇,1029,20250701,2491
20250701,医疗,荔枝酒有什么功效和作用,1028,20250701,2492
20250701,医疗,复方甲氧那明胶囊的功效与作用,1028,20250701,2493
20250701,医疗,梅核气的主要症状,1028,20250701,2494
20250701,医疗,清火栀麦片的功效与作用,1027,20250701,2495
20250701,医疗,荔枝不能和什么一起吃?,1027,20250701,2496
20250701,医疗,当归图片,1027,20250701,2497
20250701,医疗,糖尿病的并发症都有哪些,1027,20250701,2498
20250701,医疗,狼毒的功效与作用,1027,20250701,2499
20250701,医疗,梅毒螺旋体抗体阳性说明什么,1027,20250701,2500
20250701,医疗,荨麻疹怎么治疗最好最快最有效,1026,20250701,2501
20250701,医疗,石膏的功效与作用,1026,20250701,2502
20250701,医疗,血糖高吃什么水果好15种水果降血糖,1025,20250701,2503
20250701,医疗,指甲盖凹陷是什么问题,1025,20250701,2504
20250701,医疗,腰肌劳损的主要症状,1024,20250701,2505
20250701,医疗,黄皮是凉性还是热性,1024,20250701,2506
20250701,医疗,普拉洛芬滴眼液作用和功效,1024,20250701,2507
20250701,医疗,脑瘤的早期症状,1023,20250701,2508
20250701,医疗,慢性咽炎怎么治才能彻底根除呢,1023,20250701,2509
20250701,医疗,"尿蛋白高是什么病,严重吗",1023,20250701,2510
20250701,医疗,桑叶的功效与作用,1022,20250701,2511
20250701,医疗,尿胆原弱阳性是什么,1021,20250701,2512
20250701,医疗,辟谷,1021,20250701,2513
20250701,医疗,板蓝根颗粒的功效与作用,1021,20250701,2514
20250701,医疗,月经量太少是什么原因引起的,1021,20250701,2515
20250701,医疗,鼻塞鼻子不通气怎么办,1021,20250701,2516
20250701,医疗,乳房刺痛一阵阵像针扎一样什么原因,1020,20250701,2517
20250701,医疗,"布病是什么病,有什么症状",1019,20250701,2518
20250701,医疗,糖化血红蛋白是检查什么的,1019,20250701,2519
20250701,医疗,泌乳素高是怎么回事,1019,20250701,2520
20250701,医疗,空调病有什么症状,1019,20250701,2521
20250701,医疗,低血糖的人吃什么可以补起来,1019,20250701,2522
20250701,医疗,癌胚抗原,1019,20250701,2523
20250701,医疗,肾阴虚的症状有哪些表现,1019,20250701,2524
20250701,医疗,肠胃不好怎么调理最快最有效,1018,20250701,2525
20250701,医疗,诺氟沙星胶囊的作用与功效,1018,20250701,2526
20250701,医疗,胳膊肘疼痛的原因和治疗方法,1018,20250701,2527
20250701,医疗,淋巴结肿大怎么消除 颈部 治疗方法,1018,20250701,2528
20250701,医疗,胆囊,1018,20250701,2529
20250701,医疗,乙肝通过什么途径传染,1018,20250701,2530
20250701,医疗,细辛的功效与作用,1017,20250701,2531
20250701,医疗,脸部过敏发红发痒怎么快速消除,1017,20250701,2532
20250701,医疗,食道炎最明显的症状有哪些,1017,20250701,2533
20250701,医疗,乌龙茶的功效与作用,1017,20250701,2534
20250701,医疗,甲状腺弥漫性的病变是什么意思,1017,20250701,2535
20250701,医疗,丹参滴丸的功效主治什么病,1017,20250701,2536
20250701,医疗,bmi计算公式,1017,20250701,2537
20250701,医疗,思诺思,1016,20250701,2538
20250701,医疗,劳拉西泮片,1016,20250701,2539
20250701,医疗,肝炎有哪些症状出现,1015,20250701,2540
20250701,医疗,醋的作用与功效,1015,20250701,2541
20250701,医疗,尖锐湿疣照片,1015,20250701,2542
20250701,医疗,蒲地蓝消炎口服液,1014,20250701,2543
20250701,医疗,肌酐低是什么问题,1014,20250701,2544
20250701,医疗,安眠药药店能买到吗,1014,20250701,2545
20250701,医疗,硝酸甘油,1013,20250701,2546
20250701,医疗,蚕蛹的营养价值与功效,1013,20250701,2547
20250701,医疗,荔枝的功效与作用的营养,1012,20250701,2548
20250701,医疗,发烧怎么物理降温最好,1012,20250701,2549
20250701,医疗,女性一晚上3次纵欲导致不孕,1012,20250701,2550
20250701,医疗,避孕药的危害和副作用,1012,20250701,2551
20250701,医疗,皮肤病的种类图片,1012,20250701,2552
20250701,医疗,锁阳固精丸的功效与作用,1012,20250701,2553
20250701,医疗,玻璃酸钠滴眼液作用和功效,1011,20250701,2554
20250701,医疗,胰岛素抵抗,1011,20250701,2555
20250701,医疗,嗓子痒控制不住咳嗽是什么原因,1011,20250701,2556
20250701,医疗,心肌酶高是什么意思,1010,20250701,2557
20250701,医疗,麝香,1010,20250701,2558
20250701,医疗,花胶的作用和功效,1010,20250701,2559
20250701,医疗,丹参的作用与功能主治,1010,20250701,2560
20250701,医疗,伟哥,1010,20250701,2561
20250701,医疗,间苯三酚的作用与功效,1010,20250701,2562
20250701,医疗,带状疱疹会传染吗,1010,20250701,2563
20250701,医疗,阳萎,1010,20250701,2564
20250701,医疗,金银花泡水喝功效与主治,1010,20250701,2565
20250701,医疗,霉菌感染是什么原因引起的,1010,20250701,2566
20250701,医疗,头顶痛什么原因引起的,1009,20250701,2567
20250701,医疗,心肌缺血,1009,20250701,2568
20250701,医疗,洋葱怎么吃才能降血脂降血压,1009,20250701,2569
20250701,医疗,赶黄草的功效与作用,1009,20250701,2570
20250701,医疗,肌力的0~5级分级法,1008,20250701,2571
20250701,医疗,腰间盘突出压迫神经屁股疼腿疼怎么办,1008,20250701,2572
20250701,医疗,25羟维生素D是什么意思?,1008,20250701,2573
20250701,医疗,低血压怎么调理最快,1008,20250701,2574
20250701,医疗,降尿酸最好的药是什么药,1007,20250701,2575
20250701,医疗,复方氨酚烷胺片的作用与功效,1007,20250701,2576
20250701,医疗,咪喹莫特乳膏的功效作用,1007,20250701,2577
20250701,医疗,牙周炎症状的表现是什么,1007,20250701,2578
20250701,医疗,脑心舒口服液的作用与功效,1006,20250701,2579
20250701,医疗,膀胱癌早期是什么症状,1005,20250701,2580
20250701,医疗,紫外线过敏皮肤痒怎么办,1005,20250701,2581
20250701,医疗,倍他乐克的功效和副作用,1005,20250701,2582
20250701,医疗,盐酸小檗碱片,1004,20250701,2583
20250701,医疗,酸枣仁怎样吃治失眠最有效,1004,20250701,2584
20250701,医疗,冬虫夏草的主治功效与作用,1003,20250701,2585
20250701,医疗,躯体化,1003,20250701,2586
20250701,医疗,麦角硫因的作用和功效,1003,20250701,2587
20250701,医疗,异维a酸软胶囊的作用与功效,1002,20250701,2588
20250701,医疗,月经有血块是怎么回事,1002,20250701,2589
20250701,医疗,"甲亢病有什么症状,能治好吗女性",1002,20250701,2590
20250701,医疗,蓝芩口服液,1001,20250701,2591
20250701,医疗,乙酰螺旋霉素片的作用与功效,1001,20250701,2592
20250701,医疗,富马酸喹硫平片的功效和作用,1001,20250701,2593
20250701,医疗,小金丸的功效与作用主治,1001,20250701,2594
20250701,医疗,色弱检测图,1001,20250701,2595
20250701,医疗,睡不着觉是哪里出了问题,1001,20250701,2596
20250701,医疗,心脏房颤是咋回事怎么治,1001,20250701,2597
20250701,医疗,丁香的功能与主治,1000,20250701,2598
20250701,医疗,免疫力低吃什么提高免疫力,1000,20250701,2599
20250701,医疗,西替利嗪,999,20250701,2600
20250701,医疗,芦根的功效作用与主治,999,20250701,2601
20250701,医疗,腺苷钴胺片功效和作用,999,20250701,2602
20250701,医疗,肠息肉的主要症状有哪些,998,20250701,2603
20250701,医疗,油麦菜的功效与作用,998,20250701,2604
20250701,医疗,天麻的功效与作用主要治什么病,998,20250701,2605
20250701,医疗,胃疼吃什么药最见效,997,20250701,2606
20250701,医疗,卫宁健康,997,20250701,2607
20250701,医疗,小腹胀痛有下坠感,996,20250701,2608
20250701,医疗,风热感冒吃什么药,996,20250701,2609
20250701,医疗,榴莲的功效与作用,996,20250701,2610
20250701,医疗,甲硝唑凝胶,996,20250701,2611
20250701,医疗,总胆固醇高是怎么回事,995,20250701,2612
20250701,医疗,核磁共振是检查什么的,995,20250701,2613
20250701,医疗,.... 牙疼在饮食上怎么调整,994,20250701,2614
20250701,医疗,灌肠,994,20250701,2615
20250701,医疗,硝呋太尔制霉素阴道软胶囊,994,20250701,2616
20250701,医疗,腋窝下有疙瘩怎么回事,994,20250701,2617
20250701,医疗,胃蛋白酶原1偏低是什么原因,993,20250701,2618
20250701,医疗,倍他乐克,993,20250701,2619
20250701,医疗,天王补心丸的功效与作用,993,20250701,2620
20250701,医疗,香砂六君丸,993,20250701,2621
20250701,医疗,维生素d缺乏症的主要表现,992,20250701,2622
20250701,医疗,胱抑素c偏高是什么意思,992,20250701,2623
20250701,医疗,泼尼松片的功效与作用,991,20250701,2624
20250701,医疗,中日友好医院,991,20250701,2625
20250701,医疗,脚踝肿是怎么回事什么原因引起的,991,20250701,2626
20250701,医疗,硝苯地平缓释片,991,20250701,2627
20250701,医疗,左眼皮老跳是怎么回事,991,20250701,2628
20250701,医疗,吹空调感冒是风寒还是风热,990,20250701,2629
20250701,医疗,过敏吃什么药最快最有效,990,20250701,2630
20250701,医疗,黄芪的作用和功效,990,20250701,2631
20250701,医疗,胆固醇高是什么原因,990,20250701,2632
20250701,医疗,子宫内膜薄怎么调理最好最有效,990,20250701,2633
20250701,医疗,风湿类风湿有什么症状表现,990,20250701,2634
20250701,医疗,绿豆不能和什么食物一起吃,989,20250701,2635
20250701,医疗,人工牛黄甲硝唑胶囊,989,20250701,2636
20250701,医疗,红枣的作用与功效,989,20250701,2637
20250701,医疗,人血白蛋白的作用功效,989,20250701,2638
20250701,医疗,免疫力低怎么办如何提高免疫力,988,20250701,2639
20250701,医疗,刮痧对身体有什么好处和坏处,988,20250701,2640
20250701,医疗,17草名字,988,20250701,2641
20250701,医疗,幽门螺旋杆菌阳性hp值多少算严重,988,20250701,2642
20250701,医疗,麦芽的功效与作用,988,20250701,2643
20250701,医疗,山楂茯苓颗粒的功效与作用,987,20250701,2644
20250701,医疗,前列腺癌症状有哪些,987,20250701,2645
20250701,医疗,舌苔发黑是怎么回事,987,20250701,2646
20250701,医疗,滴虫性阴炎是怎么感染上的怎么治疗,986,20250701,2647
20250701,医疗,黑色素瘤,986,20250701,2648
20250701,医疗,胆囊切除对身体有什么影响,986,20250701,2649
20250701,医疗,小苏打的作用与功效,986,20250701,2650
20250701,医疗,延胡索的功效与作用,986,20250701,2651
20250701,医疗,脑供血不足用什么药效果最好,985,20250701,2652
20250701,医疗,葡萄糖,985,20250701,2653
20250701,医疗,路路通的功效与作用,985,20250701,2654
20250701,医疗,龙血果的功效与作用,985,20250701,2655
20250701,医疗,丹参泡水喝有什么功效和作用,984,20250701,2656
20250701,医疗,ca125是什么肿瘤指标,984,20250701,2657
20250701,医疗,梅毒皮肤症状图片,984,20250701,2658
20250701,医疗,腮腺炎,984,20250701,2659
20250701,医疗,妊娠,983,20250701,2660
20250701,医疗,六味地黄丸有什么功效与作用,983,20250701,2661
20250701,医疗,硫酸氢氯吡格雷片,982,20250701,2662
20250701,医疗,眼角痒是什么原因怎么办啊,982,20250701,2663
20250701,医疗,西比灵的功效与作用,982,20250701,2664
20250701,医疗,塞来昔布,982,20250701,2665
20250701,医疗,牙齿痛怎么快速止痛,982,20250701,2666
20250701,医疗,活珠子的营养价值与功效,982,20250701,2667
20250701,医疗,维生素a的作用和功效,982,20250701,2668
20250701,医疗,糖化血红蛋白是查什么的,981,20250701,2669
20250701,医疗,放屁多是什么原因,981,20250701,2670
20250701,医疗,酸枣仁,981,20250701,2671
20250701,医疗,绞股蓝的功效与作用,981,20250701,2672
20250701,医疗,花旗参的功效与作用,980,20250701,2673
20250701,医疗,滑膜炎用什么药治疗最好最快,980,20250701,2674
20250701,医疗,地肤子的功效与作用,979,20250701,2675
20250701,医疗,高血压分级,978,20250701,2676
20250701,医疗,乳腺增生,978,20250701,2677
20250701,医疗,荨麻疹会传染吗,978,20250701,2678
20250701,医疗,水蜜桃的功效与作用,978,20250701,2679
20250701,医疗,小儿柴桂退热颗粒,977,20250701,2680
20250701,医疗,肾上腺素,977,20250701,2681
20250701,医疗,左氧氟沙星片,977,20250701,2682
20250701,医疗,荔枝核的功效与作用,977,20250701,2683
20250701,医疗,a型血和b型血生的孩子是什么血型,977,20250701,2684
20250701,医疗,三伏贴贴在哪个位置,977,20250701,2685
20250701,医疗,做完胃肠镜多长时间能正常吃饭,977,20250701,2686
20250701,医疗,冠心病的症状表现在哪些方面,976,20250701,2687
20250701,医疗,低密度脂蛋白正常值范围,976,20250701,2688
20250701,医疗,南瓜籽的功效与作用及营养价值,976,20250701,2689
20250701,医疗,身上出现红疙瘩很痒是怎么回事啊,975,20250701,2690
20250701,医疗,多潘立酮片,975,20250701,2691
20250701,医疗,脖子上面长小肉揪是怎么回事,975,20250701,2692
20250701,医疗,肝不好会有哪些症状,975,20250701,2693
20250701,医疗,盐酸左氧氟沙星片,975,20250701,2694
20250701,医疗,狂犬疫苗最佳时间是多少小时内,975,20250701,2695
20250701,医疗,艾灸,974,20250701,2696
20250701,医疗,青光眼,974,20250701,2697
20250701,医疗,淋巴细胞绝对值偏高是怎么回事,974,20250701,2698
20250701,医疗,金刚藤的作用与功效,974,20250701,2699
20250701,医疗,痰多是什么原因造成的,974,20250701,2700
20250701,医疗,钼靶乳腺检查是检查什么,973,20250701,2701
20250701,医疗,莲子,973,20250701,2702
20250701,医疗,马来酸曲美布汀片,973,20250701,2703
20250701,医疗,五苓散的功效与作用,973,20250701,2704
20250701,医疗,缬沙坦胶囊的功效与作用,972,20250701,2705
20250701,医疗,白塞氏综合症有什么表现,972,20250701,2706
20250701,医疗,阿托品,972,20250701,2707
20250701,医疗,输卵管堵塞有什么样症状,972,20250701,2708
20250701,医疗,ca199是什么肿瘤指标,972,20250701,2709
20250701,医疗,风热感冒的症状表现,972,20250701,2710
20250701,医疗,橘红的功效与作用,972,20250701,2711
20250701,医疗,甲状腺结节是什么原因造成的,971,20250701,2712
20250701,医疗,穿山甲鳞片的用途与疗效,971,20250701,2713
20250701,医疗,硝苯地平控释片,971,20250701,2714
20250701,医疗,玉竹,971,20250701,2715
20250701,医疗,霍香清胃丸的功效与主治及药物组成,971,20250701,2716
20250701,医疗,开塞露,971,20250701,2717
20250701,医疗,缬沙坦氨氯地平片的副作用,971,20250701,2718
20250701,医疗,化橘红的功效和作用,970,20250701,2719
20250701,医疗,大椎穴,970,20250701,2720
20250701,医疗,甲醛会引起哪些身体不适,970,20250701,2721
20250701,医疗,磨牙是什么原因引起的怎么解决,970,20250701,2722
20250701,医疗,心电监护5个电极位置图,970,20250701,2723
20250701,医疗,喉咙痛咽口水都痛怎么办,970,20250701,2724
20250701,医疗,双顶径是指什么,969,20250701,2725
20250701,医疗,大便出血女性是什么原因,969,20250701,2726
20250701,医疗,隐翅虫咬后最有效的处理方法,969,20250701,2727
20250701,医疗,免疫球蛋白,969,20250701,2728
20250701,医疗,血小板低吃什么补得快,968,20250701,2729
20250701,医疗,啊好痛肚子凸起来了怎么办,968,20250701,2730
20250701,医疗,地胆头的功效与作用,968,20250701,2731
20250701,医疗,藿香正气水的作用与功能主治,968,20250701,2732
20250701,医疗,肝胆湿热有哪些症状,968,20250701,2733
20250701,医疗,火龙果的功效与作用,967,20250701,2734
20250701,医疗,脖子疼痛什么原因引起的,967,20250701,2735
20250701,医疗,心肌缺血吃什么药效果最好,967,20250701,2736
20250701,医疗,生地黄的功效与作用,967,20250701,2737
20250701,医疗,氨咖黄敏胶囊作用与用途,967,20250701,2738
20250701,医疗,爱出汗女人是什么原因 怎么治,967,20250701,2739
20250701,医疗,头痛怎么引起的原因有哪些,967,20250701,2740
20250701,医疗,低血糖,967,20250701,2741
20250701,医疗,眼底出血是什么原因造成的,967,20250701,2742
20250701,医疗,复方甲氧那明胶囊,966,20250701,2743
20250701,医疗,大腿内侧起红色的疹子,966,20250701,2744
20250701,医疗,气短总感觉喘不过气是怎么回事,965,20250701,2745
20250701,医疗,痔疮是什么原因引起,965,20250701,2746
20250701,医疗,低压低于60意味着什么情况,965,20250701,2747
20250701,医疗,营养神经的药有哪些效果最好,965,20250701,2748
20250701,医疗,风湿关节疼怎么治疗最好的方法,965,20250701,2749
20250701,医疗,桉柠蒎肠溶软胶囊,965,20250701,2750
20250701,医疗,支气管炎的症状表现,965,20250701,2751
20250701,医疗,鬼针草的药用功效与主治,964,20250701,2752
20250701,医疗,消旋山莨菪碱片的功效与作用,963,20250701,2753
20250701,医疗,磷酸二氢钾的功效和作用,963,20250701,2754
20250701,医疗,替硝唑片的作用与用途,963,20250701,2755
20250701,医疗,乳果糖口服溶液的功效与作用与副作用,963,20250701,2756
20250701,医疗,青霉素的作用与功效,963,20250701,2757
20250701,医疗,同房下面疼痛什么原因造成的,963,20250701,2758
20250701,医疗,补脾益肠丸的功效与作用,962,20250701,2759
20250701,医疗,胃溃疡吃什么药效果最好,962,20250701,2760
20250701,医疗,莓茶功效作用与主治,961,20250701,2761
20250701,医疗,伸筋草的功效与作用,961,20250701,2762
20250701,医疗,草酸艾司西酞普兰片,961,20250701,2763
20250701,医疗,结肠癌早期症状,960,20250701,2764
20250701,医疗,嗳气是什么意思,959,20250701,2765
20250701,医疗,藿香正气胶囊,959,20250701,2766
20250701,医疗,亚麻籽油的功效与作用,959,20250701,2767
20250701,医疗,盆腔炎,958,20250701,2768
20250701,医疗,保济丸的功效与主治作用,958,20250701,2769
20250701,医疗,血府逐瘀丸,957,20250701,2770
20250701,医疗,高压氧舱的作用和功效,957,20250701,2771
20250701,医疗,胃出血什么症状,957,20250701,2772
20250701,医疗,肩周炎,957,20250701,2773
20250701,医疗,金匮肾气丸功能与主治,956,20250701,2774
20250701,医疗,胶质瘤,956,20250701,2775
20250701,医疗,西梅汁的功效和作用及副作用,956,20250701,2776
20250701,医疗,心跳加快是什么病的预兆,956,20250701,2777
20250701,医疗,左旋肉碱的作用与功效,955,20250701,2778
20250701,医疗,骨癌,955,20250701,2779
20250701,医疗,hiv是什么病,955,20250701,2780
20250701,医疗,"体内有癌,肚子知道?腹部出现几个异样,或需警惕癌症来袭",955,20250701,2781
20250701,医疗,丙戊酸钠缓释片,954,20250701,2782
20250701,医疗,睡觉磨牙是什么原因,954,20250701,2783
20250701,医疗,山楂干泡水喝有什么功效和作用,954,20250701,2784
20250701,医疗,高锰酸钾的作用与功效妇科,953,20250701,2785
20250701,医疗,红苋菜的营养功效与作用,953,20250701,2786
20250701,医疗,宫颈囊肿严重吗?有什么危害,953,20250701,2787
20250701,医疗,雌激素低的症状有哪些,953,20250701,2788
20250701,医疗,肩袖损伤最简单的恢复方法,953,20250701,2789
20250701,医疗,阿莫西林克拉维酸钾片的作用与功效,953,20250701,2790
20250701,医疗,靶向治疗是什么意思,953,20250701,2791
20250701,医疗,飞蚊症是什么原因造成的能治愈吗,952,20250701,2792
20250701,医疗,白肺病的症状是什么表现,952,20250701,2793
20250701,医疗,胆囊壁毛糙是什么意思,952,20250701,2794
20250701,医疗,脑膜炎的症状表现,951,20250701,2795
20250701,医疗,色弱是什么意思,951,20250701,2796
20250701,医疗,肝不好吃什么调理最好,951,20250701,2797
20250701,医疗,血糖正常值范围,951,20250701,2798
20250701,医疗,虎杖的功效与作用,951,20250701,2799
20250701,医疗,盐酸二甲双胍片的功效与作用,950,20250701,2800
20250701,医疗,陈皮泡水喝的功效和作用,950,20250701,2801
20250701,医疗,吃桃子有什么好处和功效,950,20250701,2802
20250701,医疗,额头长了好多小痘痘怎么回事,949,20250701,2803
20250701,医疗,金锁固精丸的功效与作用,949,20250701,2804
20250701,医疗,白内障,949,20250701,2805
20250701,医疗,干眼症,947,20250701,2806
20250701,医疗,热痱子的症状图片,947,20250701,2807
20250701,医疗,诺特兰德是正规品牌吗,947,20250701,2808
20250701,医疗,奥司他韦的作用与功效,947,20250701,2809
20250701,医疗,醋酸地塞米松片的功效与作用,947,20250701,2810
20250701,医疗,阳虚的主要症状有哪些,946,20250701,2811
20250701,医疗,喝茶水对身体有什么好处和坏处,946,20250701,2812
20250701,医疗,桑椹子的功效与作用,946,20250701,2813
20250701,医疗,丁酸氢化可的松乳膏功效与作用,946,20250701,2814
20250701,医疗,乳头痒是怎么回事是什么原因,944,20250701,2815
20250701,医疗,八珍丸的作用与功效,944,20250701,2816
20250701,医疗,瑞金医院,944,20250701,2817
20250701,医疗,晕碳,943,20250701,2818
20250701,医疗,奥美拉唑一天吃几次一次几粒,943,20250701,2819
20250701,医疗,四物汤,943,20250701,2820
20250701,医疗,怎么弄出白色粘液,943,20250701,2821
20250701,医疗,小儿柴桂退热颗粒的功效与作用,943,20250701,2822
20250701,医疗,热伤风感冒吃什么药好得快,942,20250701,2823
20250701,医疗,失眠症怎么治疗最快最有效,942,20250701,2824
20250701,医疗,宫颈筛查hpv阳性是什么意思,942,20250701,2825
20250701,医疗,甲钴胺的功效与作用是治什么病的,942,20250701,2826
20250701,医疗,足三里的位置与作用和功效,942,20250701,2827
20250701,医疗,藜麦米的功效和作用,941,20250701,2828
20250701,医疗,遗精,941,20250701,2829
20250701,医疗,肾阳虚的主要症状有哪些,941,20250701,2830
20250701,医疗,盆腔炎用什么药最好最快彻底治疗好,941,20250701,2831
20250701,医疗,罗红霉素,940,20250701,2832
20250701,医疗,胰腺,939,20250701,2833
20250701,医疗,止痛药哪个效果最好最快,939,20250701,2834
20250701,医疗,外阴痒,939,20250701,2835
20250701,医疗,尿蛋白高是怎么回事,939,20250701,2836
20250701,医疗,利可君片的功效与作用,938,20250701,2837
20250701,医疗,低压多少正常范围内,938,20250701,2838
20250701,医疗,白内障眼睛模糊怎么治疗,938,20250701,2839
20250701,医疗,急性肠胃炎有哪些症状,938,20250701,2840
20250701,医疗,手足口病有哪些症状,937,20250701,2841
20250701,医疗,心率,937,20250701,2842
20250701,医疗,恩格列净片功效与作用,937,20250701,2843
20250701,医疗,阴虚的人有哪些症状,937,20250701,2844
20250701,医疗,高反的症状表现,936,20250701,2845
20250701,医疗,褪黑素能治失眠吗有副作用吗,936,20250701,2846
20250701,医疗,乳头疼是怎么回事 女性,936,20250701,2847
20250701,医疗,蝉蜕的功效与作用,936,20250701,2848
20250701,医疗,嘴苦是什么原因引起的啊,936,20250701,2849
20250701,医疗,黄体酮,935,20250701,2850
20250701,医疗,燕麦片为什么要尽量少吃,935,20250701,2851
20250701,医疗,大椎的准确位置图,934,20250701,2852
20250701,医疗,阳池的准确位置图作用功效,934,20250701,2853
20250701,医疗,舌头麻木是什么原因,934,20250701,2854
20250701,医疗,甘李药业,933,20250701,2855
20250701,医疗,单核细胞百分比偏高,933,20250701,2856
20250701,医疗,非布司他,933,20250701,2857
20250701,医疗,同房后小腹疼痛什么原因,933,20250701,2858
20250701,医疗,打狂犬疫苗后注意什么饮食禁忌,933,20250701,2859
20250701,医疗,打嗝是什么原因?,932,20250701,2860
20250701,医疗,乳腺癌早期切除后能活几年,932,20250701,2861
20250701,医疗,鲁抗医药,932,20250701,2862
20250701,医疗,心脏支架手术需要多少钱,932,20250701,2863
20250701,医疗,脚抽筋是什么原因引起的怎么解决,932,20250701,2864
20250701,医疗,肠胃炎,932,20250701,2865
20250701,医疗,窦性心律不齐什么意思,932,20250701,2866
20250701,医疗,川贝的功效与主治,932,20250701,2867
20250701,医疗,黄芪泡水喝的功效与作用,931,20250701,2868
20250701,医疗,平均血小板体积偏低是什么原因,931,20250701,2869
20250701,医疗,诺氟沙星一次吃几粒,931,20250701,2870
20250701,医疗,尿毒症患者透析最多能活多少年,931,20250701,2871
20250701,医疗,利伐沙班,931,20250701,2872
20250701,医疗,桃子的营养价值与功效作用,930,20250701,2873
20250701,医疗,t波改变心电图说明什么问题,930,20250701,2874
20250701,医疗,桂枝,930,20250701,2875
20250701,医疗,蒙脱石散正确服用方法,929,20250701,2876
20250701,医疗,脑梗死是什么意思?能治愈吗?,929,20250701,2877
20250701,医疗,黄体酮催月经一般要吃几天,928,20250701,2878
20250701,医疗,氟康唑的功效和作用,928,20250701,2879
20250701,医疗,胆固醇高有什么危害,928,20250701,2880
20250701,医疗,吃榴莲的好处与功效,928,20250701,2881
20250701,医疗,帕金森,927,20250701,2882
20250701,医疗,戒烟1-30天身体变化,927,20250701,2883
20250701,医疗,爱朋医疗,927,20250701,2884
20250701,医疗,舍曲林,927,20250701,2885
20250701,医疗,氯化钠是生理盐水吗,927,20250701,2886
20250701,医疗,乳果糖口服溶液,926,20250701,2887
20250701,医疗,alt医学指的什么,926,20250701,2888
20250701,医疗,太冲穴,926,20250701,2889
20250701,医疗,琥珀的功效与作用,926,20250701,2890
20250701,医疗,藕粉的营养功效与作用,926,20250701,2891
20250701,医疗,尿蛋白3个十号严重吗,925,20250701,2892
20250701,医疗,南瓜子的营养价值和功效,925,20250701,2893
20250701,医疗,幽门螺旋杆菌吃什么药可以根治,925,20250701,2894
20250701,医疗,阴道前壁膨出,925,20250701,2895
20250701,医疗,麦粒肿是什么原因引起的怎么治,925,20250701,2896
20250701,医疗,布地奈德的功效和副作用,925,20250701,2897
20250701,医疗,被蜂子蛰了怎么处理消肿最快止痛,925,20250701,2898
20250701,医疗,太溪穴,925,20250701,2899
20250701,医疗,"57岁大叔每天睡前嚼几颗枸杞,半年后去体检,医生:你快别吃了!",924,20250701,2900
20250701,医疗,肠镜为什么尽量不建议做,924,20250701,2901
20250701,医疗,美洛昔康片的作用与功效,924,20250701,2902
20250701,医疗,枸橼酸西地那非片作用与功效,924,20250701,2903
20250701,医疗,辅酶q10的正确吃法早上吃还是晚上吃,923,20250701,2904
20250701,医疗,叶下珠草药的功效与作用,923,20250701,2905
20250701,医疗,打呼噜怎么治疗最好最快最有效,922,20250701,2906
20250701,医疗,克罗恩病是什么意思,922,20250701,2907
20250701,医疗,卵巢囊肿是什么原因引起的怎样消除,922,20250701,2908
20250701,医疗,奥硝唑的作用与功效,922,20250701,2909
20250701,医疗,褪黑素的作用与功效及副作用,921,20250701,2910
20250701,医疗,糠酸莫米松鼻喷雾剂,921,20250701,2911
20250701,医疗,耳石症怎么治疗最好最快最有效,921,20250701,2912
20250701,医疗,支气管炎,920,20250701,2913
20250701,医疗,手指麻是怎么回事是什么病的前兆,920,20250701,2914
20250701,医疗,蛇盘疮是什么样子的图片,920,20250701,2915
20250701,医疗,枸橼酸铋钾胶囊,920,20250701,2916
20250701,医疗,汗斑图片,920,20250701,2917
20250701,医疗,阴痉上面长了一个疙瘩怎回事,919,20250701,2918
20250701,医疗,金钱草,919,20250701,2919
20250701,医疗,恶心想吐是什么病的前兆,918,20250701,2920
20250701,医疗,牛黄清心丸的功效与作用,918,20250701,2921
20250701,医疗,北京301解放军总医院,918,20250701,2922
20250701,医疗,三伏贴真的有用吗,917,20250701,2923
20250701,医疗,藿香清胃胶囊的功效与作用,917,20250701,2924
20250701,医疗,hpv是怎么感染上的,917,20250701,2925
20250701,医疗,胸部,917,20250701,2926
20250701,医疗,焦虑症的症状有哪些表现,917,20250701,2927
20250701,医疗,西地拉非和他达拉非哪个硬度好,917,20250701,2928
20250701,医疗,姜半夏的功效与作用,916,20250701,2929
20250701,医疗,黄连上清片,916,20250701,2930
20250701,医疗,多囊,916,20250701,2931
20250701,医疗,碘伏的作用和用途功效,916,20250701,2932
20250701,医疗,达克宁软膏的作用和功效,916,20250701,2933
20250701,医疗,西地那非的作用与功效,916,20250701,2934
20250701,医疗,雷贝拉唑钠肠溶片,915,20250701,2935
20250701,医疗,多少度算发烧,915,20250701,2936
20250701,医疗,鱼油软胶囊的作用及功能主治,915,20250701,2937
20250701,医疗,王不留行的功效与作用,915,20250701,2938
20250701,医疗,桂花的功效和作用,915,20250701,2939
20250701,医疗,登革热病是什么症状,914,20250701,2940
20250701,医疗,清开灵的作用与功效,914,20250701,2941
20250701,医疗,尿酸低说明什么问题,914,20250701,2942
20250701,医疗,优思悦,914,20250701,2943
20250701,医疗,盆腔炎怎么引起的原因,914,20250701,2944
20250701,医疗,生殖器疱疹,914,20250701,2945
20250701,医疗,脑震荡有什么症状,914,20250701,2946
20250701,医疗,排卵期是哪几天,913,20250701,2947
20250701,医疗,血脂康胶囊的功效及副作用,913,20250701,2948
20250701,医疗,避孕药,913,20250701,2949
20250701,医疗,脾胃虚寒湿气重吃什么药最好,912,20250701,2950
20250701,医疗,啤酒的好处与功效作用,912,20250701,2951
20250701,医疗,"阿莫西林一天几次,一次几粒",912,20250701,2952
20250701,医疗,短效避孕药,912,20250701,2953
20250701,医疗,阿莫西林克拉维酸钾干混悬剂,912,20250701,2954
20250701,医疗,参苓白术丸的功效与主治是什么,911,20250701,2955
20250701,医疗,秋葵的好处与功效,911,20250701,2956
20250701,医疗,胰腺炎是什么病严重吗可以治好吗,911,20250701,2957
20250701,医疗,眼皮肿是什么问题引起的,911,20250701,2958
20250701,医疗,耳石症是什么原因引起的啊,910,20250701,2959
20250701,医疗,幽门螺杆菌,910,20250701,2960
20250701,医疗,小腿抽筋一般是什么原因引起的,910,20250701,2961
20250701,医疗,干扰素的功效作用与主治,910,20250701,2962
20250701,医疗,锦波生物,909,20250701,2963
20250701,医疗,南瓜的作用与功效,909,20250701,2964
20250701,医疗,脑梗后一般寿命多长,909,20250701,2965
20250701,医疗,花青素的好处与功效及作用,909,20250701,2966
20250701,医疗,红曲米的功效与作用是什么,909,20250701,2967
20250701,医疗,阴道分泌物增多,908,20250701,2968
20250701,医疗,熊去氧胆酸胶囊,908,20250701,2969
20250701,医疗,乌灵参的功效和作用及副作用,908,20250701,2970
20250701,医疗,肝硬化患者正常寿命一般都在几年,907,20250701,2971
20250701,医疗,他达那非吃20mg能达到多长时间,906,20250701,2972
20250701,医疗,姜半夏功效作用与主治,906,20250701,2973
20250701,医疗,身高体重指数( BMI ),906,20250701,2974
20250701,医疗,苯磺酸左氨氯地平片的功效副作用如何换其他降压药,905,20250701,2975
20250701,医疗,石榴石手串的功效与作用,905,20250701,2976
20250701,医疗,海狗油有什么功效与作用,905,20250701,2977
20250701,医疗,骨盆前倾如何矫正,905,20250701,2978
20250701,医疗,桑葚干泡水喝的功效,905,20250701,2979
20250701,医疗,川崎病是啥病,905,20250701,2980
20250701,医疗,醋酸泼尼松片,904,20250701,2981
20250701,医疗,波立维的功效与作用及副作用,904,20250701,2982
20250701,医疗,肝在身体哪个位置,904,20250701,2983
20250701,医疗,三七的功效作用功能主治,903,20250701,2984
20250701,医疗,皮肤病 拍图识别,903,20250701,2985
20250701,医疗,天冬的功效与作用和主治,903,20250701,2986
20250701,医疗,中耳炎怎么治疗才能彻底根除,903,20250701,2987
20250701,医疗,"子宫息肉是什么造成的,该怎样治疗呢",903,20250701,2988
20250701,医疗,贫血,902,20250701,2989
20250701,医疗,白内障手术费用大概多少,902,20250701,2990
20250701,医疗,气管炎的症状和表现,902,20250701,2991
20250701,医疗,新生儿黄疸多少是正常范围,902,20250701,2992
20250701,医疗,白桦树汁的功效与作用,902,20250701,2993
20250701,医疗,头孢克肟胶囊,901,20250701,2994
20250701,医疗,口腔溃疡用什么药最见效快,901,20250701,2995
20250701,医疗,秦艽,901,20250701,2996
20250701,医疗,真菌感染,901,20250701,2997
20250701,医疗,神经衰弱症状,901,20250701,2998
20250701,医疗,男性生殖有小疙瘩是怎么回事,901,20250701,2999
20250701,医疗,玉屏风口服液的功效与作用,900,20250701,3000
20250701,医疗,乌鸡白凤丸,900,20250701,3001
20250701,医疗,龙胆草的功效作用与主治,900,20250701,3002
20250701,医疗,"手指僵硬疼,弯曲困难是什么原因,怎样医治?",900,20250701,3003
20250701,医疗,包皮过长手术大概多少钱,899,20250701,3004
20250701,医疗,川牛膝功效作用与主治,899,20250701,3005
20250701,医疗,单硝酸异山梨酯片作用与功效,899,20250701,3006
20250701,医疗,连花清瘟胶囊的作用与功效,899,20250701,3007
20250701,医疗,呼啦圈真的能瘦腰和肚子吗,899,20250701,3008
20250701,医疗,血糖,899,20250701,3009
20250701,医疗,苏打水喝了有什么好处和坏处,898,20250701,3010
20250701,医疗,降压药什么时候吃最好,898,20250701,3011
20250701,医疗,早上起来口苦口干口臭是什么原因怎么办,898,20250701,3012
20250701,医疗,氯雷他定片一天吃几次,897,20250701,3013
20250701,医疗,被蜜蜂蛰了怎么办才能消肿止痛,897,20250701,3014
20250701,医疗,艾司奥美拉唑镁肠溶片的功效和作用,897,20250701,3015
20250701,医疗,黄皮果功效与作用营养价值,897,20250701,3016
20250701,医疗,小柴胡颗粒,897,20250701,3017
20250701,医疗,脑炎症状表现是什么,897,20250701,3018
20250701,医疗,非萎缩性胃炎什么意思,897,20250701,3019
20250701,医疗,蛋白粉的正确吃法服用时间,896,20250701,3020
20250701,医疗,胃溃疡,896,20250701,3021
20250701,医疗,头晕目眩天旋地转是什么原因,896,20250701,3022
20250701,医疗,盐酸小檗碱片的功效与作用,896,20250701,3023
20250701,医疗,胃痛怎么办最快缓解方法,896,20250701,3024
20250701,医疗,甲状腺结节怎么治疗才能消除,895,20250701,3025
20250701,医疗,脾的作用和功能是什么,895,20250701,3026
20250701,医疗,知柏地黄丸,895,20250701,3027
20250701,医疗,柴胡舒肝丸,895,20250701,3028
20250701,医疗,滑石粉的功效与作用,894,20250701,3029
20250701,医疗,乳酸钠林格注射作用与功效,894,20250701,3030
20250701,医疗,打呼噜怎么治疗得最快最有效,894,20250701,3031
20250701,医疗,右下腹部疼痛女性什么原因,893,20250701,3032
20250701,医疗,鸡血藤,893,20250701,3033
20250701,医疗,柿子叶子泡水喝可以降血压吗,893,20250701,3034
20250701,医疗,黄芩,892,20250701,3035
20250701,医疗,阴虱怎么彻底去除最简单的方法,892,20250701,3036
20250701,医疗,黄酒的功效和作用,892,20250701,3037
20250701,医疗,盐酸帕罗西汀片的功效与作用,892,20250701,3038
20250701,医疗,胳膊上出现红色的小点点,891,20250701,3039
20250701,医疗,脚抽筋是怎么回事,891,20250701,3040
20250701,医疗,脚底痛什么原因引起的,891,20250701,3041
20250701,医疗,手腕关节一用力或旋转就疼怎么办,891,20250701,3042
20250701,医疗,北陆药业,891,20250701,3043
20250701,医疗,吃了头孢多久可以喝酒,890,20250701,3044
20250701,医疗,巧克力囊肿,890,20250701,3045
20250701,医疗,后脑勺疼是什么原因引起的该怎么去治,890,20250701,3046
20250701,医疗,耻骨在哪个位置图片,890,20250701,3047
20250701,医疗,醋泡黑豆有什么功效和作用,890,20250701,3048
20250701,医疗,阿司匹林肠溶片早上吃还是晚上吃,890,20250701,3049
20250701,医疗,月经来了十天还没干净是怎么回事,889,20250701,3050
20250701,医疗,提肛运动的正确做法,889,20250701,3051
20250701,医疗,醪糟的作用与功效,889,20250701,3052
20250701,医疗,肾小球滤过率,888,20250701,3053
20250701,医疗,硫酸氨基葡萄糖胶囊的作用,888,20250701,3054
20250701,医疗,月经推迟是什么原因导致的,888,20250701,3055
20250701,医疗,黄芪和枸杞泡水喝的功效,888,20250701,3056
20250701,医疗,鼻炎怎么治疗彻底除根效果最好,888,20250701,3057
20250701,医疗,肠胃炎吃什么药效果最快,888,20250701,3058
20250701,医疗,牙齿疼痛难忍怎么快速止疼,887,20250701,3059
20250701,医疗,右边肋骨下隐痛要警惕的三种病,887,20250701,3060
20250701,医疗,肌酸激酶,887,20250701,3061
20250701,医疗,皮肤癌早期症状图片,887,20250701,3062
20250701,医疗,桑椹干泡水的功效与作用-食用方法及禁忌桑椹怎么吃,886,20250701,3063
20250701,医疗,仙灵骨葆胶囊的作用与功效,886,20250701,3064
20250701,医疗,阴道口有颗粒状的东西是怎么回事,886,20250701,3065
20250701,医疗,盐酸氨溴索,886,20250701,3066
20250701,医疗,黄连素片的功效与作用与主治,886,20250701,3067
20250701,医疗,氧化锌软膏的作用与功效,886,20250701,3068
20250701,医疗,侧柏叶的功效与作用,885,20250701,3069
20250701,医疗,反流性食管炎,885,20250701,3070
20250701,医疗,猕猴桃的功效与作用,885,20250701,3071
20250701,医疗,耳鸣是什么原因造成的怎么解决,884,20250701,3072
20250701,医疗,双氧水的作用和用途,883,20250701,3073
20250701,医疗,冬虫夏草的作用与功能主治,883,20250701,3074
20250701,医疗,飞蚊症恢复最简单方法,883,20250701,3075
20250701,医疗,针灸,883,20250701,3076
20250701,医疗,亚甲蓝的作用和用途,883,20250701,3077
20250701,医疗,头晕,883,20250701,3078
20250701,医疗,狂犬病,882,20250701,3079
20250701,医疗,曲池的准确位置图,882,20250701,3080
20250701,医疗,耳石症眩晕怎么办最快最有效,882,20250701,3081
20250701,医疗,腮腺炎的症状有哪些,881,20250701,3082
20250701,医疗,消炎利胆片的功效与作用,881,20250701,3083
20250701,医疗,细胞角蛋白19片段偏高的原因,881,20250701,3084
20250701,医疗,阑尾炎微创手术几天可以出院,880,20250701,3085
20250701,医疗,高压低压多少正常,880,20250701,3086
20250701,医疗,神阙穴,880,20250701,3087
20250701,医疗,维生素d3的功效与作用,880,20250701,3088
20250701,医疗,婚检女性检查什么项目,880,20250701,3089
20250701,医疗,仙茅的作用与功效,880,20250701,3090
20250701,医疗,ad滴剂什么时候吃最好,880,20250701,3091
20250701,医疗,血红蛋白偏低是什么意思,880,20250701,3092
20250701,医疗,自闭症,880,20250701,3093
20250701,医疗,肾结石是什么原因造成的啊,880,20250701,3094
20250701,医疗,后脑勺疼痛要警惕的三种病症有哪些,880,20250701,3095
20250701,医疗,多西环素,879,20250701,3096
20250701,医疗,去湿气吃什么药最好最有效,879,20250701,3097
20250701,医疗,大便干燥拉不出来怎么办快速解决中医治疗,879,20250701,3098
20250701,医疗,双氯芬酸钠肠溶片,879,20250701,3099
20250701,医疗,癌症晚期一步步死亡表现,878,20250701,3100
20250701,医疗,体重指数BMI计算方法,878,20250701,3101
20250701,医疗,沃森生物,878,20250701,3102
20250701,医疗,麝香保心丸的作用与功效,878,20250701,3103
20250701,医疗,熊胆粉的功效和作用,878,20250701,3104
20250701,医疗,人的五官指的是哪五官,878,20250701,3105
20250701,医疗,低血压标准范围是多少,877,20250701,3106
20250701,医疗,黄芩的功效与作用,877,20250701,3107
20250701,医疗,清半夏的功效与作用,877,20250701,3108
20250701,医疗,双氯芬酸钠缓释胶囊,877,20250701,3109
20250701,医疗,脊柱侧弯怎么恢复最快方法,877,20250701,3110
20250701,医疗,肾在哪个位置图片,877,20250701,3111
20250701,医疗,定坤丹的功效与作用,876,20250701,3112
20250701,医疗,"疱疹性咽峡炎传染吗,一般几天好",876,20250701,3113
20250701,医疗,胰腺癌是什么原因引起的,876,20250701,3114
20250701,医疗,中医,876,20250701,3115
20250701,医疗,尿毒清颗粒的功效与作用,876,20250701,3116
20250701,医疗,膝盖,875,20250701,3117
20250701,医疗,中医康复技术是干嘛的,875,20250701,3118
20250701,医疗,合谷穴,875,20250701,3119
20250701,医疗,头部出汗特别厉害是什么原因,875,20250701,3120
20250701,医疗,神门的准确位置图片和作用,875,20250701,3121
20250701,医疗,结石,875,20250701,3122
20250701,医疗,淋病,875,20250701,3123
20250701,医疗,热感冒的症状有哪些症状,874,20250701,3124
20250701,医疗,脂肪肝是什么原因引起的,874,20250701,3125
20250701,医疗,四物汤是哪四物,874,20250701,3126
20250701,医疗,葡萄糖的作用与功效,874,20250701,3127
20250701,医疗,葡萄糖酸锌口服液的作用与功效,874,20250701,3128
20250701,医疗,盐酸普萘洛尔片的作用与功效,873,20250701,3129
20250701,医疗,胃痉挛是什么症状的表现,873,20250701,3130
20250701,医疗,神经性皮炎怎么治疗,873,20250701,3131
20250701,医疗,维生素b1片主要是治什么的,872,20250701,3132
20250701,医疗,锑对人体有什么危害,872,20250701,3133
20250701,医疗,便秘严重怎么调理 女性,872,20250701,3134
20250701,医疗,皮炎平的功效与作用,872,20250701,3135
20250701,医疗,枸橼酸莫沙必利片,872,20250701,3136
20250701,医疗,复方醋酸地塞米松乳膏,871,20250701,3137
20250701,医疗,空腹血糖6.5算不算高 怎么控制,871,20250701,3138
20250701,医疗,半夏泻心汤,871,20250701,3139
20250701,医疗,气血亏虚严重的症状有哪些表现,870,20250701,3140
20250701,医疗,阴道镜检查主要查什么,870,20250701,3141
20250701,医疗,蒲公英的功效和作用主治,870,20250701,3142
20250701,医疗,中性粒细胞百分比偏低说明什么,870,20250701,3143
20250701,医疗,柴胡,870,20250701,3144
20250701,医疗,赖氨酸的作用和功效,870,20250701,3145
20250701,医疗,四君子汤的配方组成,869,20250701,3146
20250701,医疗,吃了避孕药月经最多推迟多久,869,20250701,3147
20250701,医疗,宫腔镜手术需要多少费用,869,20250701,3148
20250701,医疗,布沦芬缓释胶囊,869,20250701,3149
20250701,医疗,凝血酶原时间偏高说明什么,868,20250701,3150
20250701,医疗,湖州创达医院,868,20250701,3151
20250701,医疗,口干口苦是什么原因 怎么解决,868,20250701,3152
20250701,医疗,盐酸罗通定片的作用和功效,868,20250701,3153
20250701,医疗,hpv男性感染后的表现,868,20250701,3154
20250701,医疗,屈螺酮炔雌醇片,868,20250701,3155
20250701,医疗,益生菌哪个品牌效果最好,867,20250701,3156
20250701,医疗,东方树叶加纯牛奶可以减肥吗,867,20250701,3157
20250701,医疗,阳痿,867,20250701,3158
20250701,医疗,人中黄,866,20250701,3159
20250701,医疗,卡波姆的作用与功效,866,20250701,3160
20250701,医疗,克霉唑栓的功效与作用,866,20250701,3161
20250701,医疗,莫西沙星的功效和副作用,866,20250701,3162
20250701,医疗,霉菌性阴道炎怎么才能彻底根除,865,20250701,3163
20250701,医疗,甲硝唑片一次吃几粒一天几次,865,20250701,3164
20250701,医疗,肿瘤标志物五项检测是什么,865,20250701,3165
20250701,医疗,子宫内膜增厚除了刮宫还有什么办法,864,20250701,3166
20250701,医疗,宫颈息肉怎么治疗才能彻底消除,864,20250701,3167
20250701,医疗,胃复春胶囊的功效与作用,864,20250701,3168
20250701,医疗,天麻丸的功效作用与主治,864,20250701,3169
20250701,医疗,腰间盘突出,864,20250701,3170
20250701,医疗,b型钠尿肽高说明什么,863,20250701,3171
20250701,医疗,莪术的功效与作用,863,20250701,3172
20250701,医疗,肾虚吃什么药补得快,863,20250701,3173
20250701,医疗,煅牡蛎的功效与作用,863,20250701,3174
20250701,医疗,决定蜂胶品质好坏的因素有哪些呢,862,20250701,3175
20250701,医疗,肺结核通过什么途径传染给别人,862,20250701,3176
20250701,医疗,爱出汗的男人什么原因怎么治疗,862,20250701,3177
20250701,医疗,bz是女性身体哪个部位?,862,20250701,3178
20250701,医疗,三叉神经痛根除最佳解决办法,862,20250701,3179
20250701,医疗,普瑞巴林,862,20250701,3180
20250701,医疗,血脂高是什么原因引起,862,20250701,3181
20250701,医疗,舒筋健腰丸功能主治,860,20250701,3182
20250701,医疗,碧玺的功效与作用,860,20250701,3183
20250701,医疗,艾叶泡脚的功效与作用泡脚的好处,860,20250701,3184
20250701,医疗,桂附理中丸的功效与作用,859,20250701,3185
20250701,医疗,膳食纤维有哪些食物,859,20250701,3186
20250701,医疗,血糖正常值范围是多少?,858,20250701,3187
20250701,医疗,卵巢囊肿多少mm以上建议手术治疗,858,20250701,3188
20250701,医疗,杨梅的功效与作用,858,20250701,3189
20250701,医疗,杨梅酒的功效和作用,858,20250701,3190
20250701,医疗,咽喉有异物感或阻塞感怎么回事,858,20250701,3191
20250701,医疗,洛神花,858,20250701,3192
20250701,医疗,土豆发芽了还能吃吗,857,20250701,3193
20250701,医疗,氯硝西泮片的作用功效,857,20250701,3194
20250701,医疗,胳膊上长了很多红色的小点点,857,20250701,3195
20250701,医疗,优甲乐长期服用副作用有哪些,857,20250701,3196
20250701,医疗,白血病可以治愈吗,857,20250701,3197
20250701,医疗,胃酸反酸水的原因及解决办法,857,20250701,3198
20250701,医疗,跳蚤咬了擦什么药最有效,856,20250701,3199
20250701,医疗,红景天,856,20250701,3200
20250701,医疗,指甲上有竖纹是什么原因,856,20250701,3201
20250701,医疗,睾酮,856,20250701,3202
20250701,医疗,盐酸左氧氟沙星胶囊一次吃几粒,856,20250701,3203
20250701,医疗,维c银翘片功效与作用,856,20250701,3204
20250701,医疗,皮炎,856,20250701,3205
20250701,医疗,铝碳酸镁咀嚼片的作用,855,20250701,3206
20250701,医疗,尿隐血1个加号什么意思,855,20250701,3207
20250701,医疗,苋菜的营养价值和功效作用,855,20250701,3208
20250701,医疗,豌豆的功效与作用,855,20250701,3209
20250701,医疗,脑梗病人吃什么药恢复快,854,20250701,3210
20250701,医疗,红花油的功效与作用,854,20250701,3211
20250701,医疗,左眼下眼皮一直跳是怎么回事,854,20250701,3212
20250701,医疗,普瑞巴林胶囊的作用与功效,854,20250701,3213
20250701,医疗,九价hpv疫苗三针一共多少钱,853,20250701,3214
20250701,医疗,尿酸正常值多少,853,20250701,3215
20250701,医疗,割了皮包多久恢复正常,853,20250701,3216
20250701,医疗,乙肝能治好吗,853,20250701,3217
20250701,医疗,五味子泡水喝有什么作用,853,20250701,3218
20250701,医疗,"被蜈蚣咬了怎么办,要怎么处理",853,20250701,3219
20250701,医疗,月经推迟几天可以查出怀孕,852,20250701,3220
20250701,医疗,人流后多久可以洗澡,852,20250701,3221
20250701,医疗,宫颈,852,20250701,3222
20250701,医疗,藿香正气水泡脚的功效作用,852,20250701,3223
20250701,医疗,转氨酶,852,20250701,3224
20250701,医疗,腺样体面容图片,852,20250701,3225
20250701,医疗,左眼皮一直跳是什么预兆,852,20250701,3226
20250701,医疗,滑膜炎,852,20250701,3227
20250701,医疗,水晶手串的功效与禁忌,851,20250701,3228
20250701,医疗,利巴韦林片的作用与功效,851,20250701,3229
20250701,医疗,囊肿,851,20250701,3230
20250701,医疗,餐后一小时血糖,850,20250701,3231
20250701,医疗,宫颈糜烂怎么治才能彻底根除,850,20250701,3232
20250701,医疗,腺样体面容,850,20250701,3233
20250701,医疗,平板支撑正确姿势,850,20250701,3234
20250701,医疗,皂角刺的功效作用与主治,849,20250701,3235
20250701,医疗,下腹部有坠胀感和隐痛,849,20250701,3236
20250701,医疗,小茴香的作用与功效,849,20250701,3237
20250701,医疗,被蚂蚁咬了红肿痒怎么办,849,20250701,3238
20250701,医疗,喝啤酒的好处和坏处,849,20250701,3239
20250701,医疗,玉屏风散的功效与主治,849,20250701,3240
20250701,医疗,超敏c反应蛋白高是什么原因,849,20250701,3241
20250701,医疗,糖类抗原72-4高是啥肿瘤,848,20250701,3242
20250701,医疗,麻腮风疫苗几天才算度过安全期,848,20250701,3243
20250701,医疗,头孢拉定胶囊的作用和功效,848,20250701,3244
20250701,医疗,子宫腺肌症是什么意思,848,20250701,3245
20250701,医疗,胸部刺痛像针扎一样一阵一阵的,848,20250701,3246
20250701,医疗,右归丸,847,20250701,3247
20250701,医疗,伏苓,847,20250701,3248
20250701,医疗,睡觉时手麻木是什么原因和征兆,847,20250701,3249
20250701,医疗,脾胃虚寒的症状有哪些,847,20250701,3250
20250701,医疗,达泊西汀一粒能维持多久,847,20250701,3251
20250701,医疗,香砂养胃丸,847,20250701,3252
20250701,医疗,消遥丸的作用与功效,847,20250701,3253
20250701,医疗,荔枝功效和作用,847,20250701,3254
20250701,医疗,乳头,847,20250701,3255
20250701,医疗,丁苯酞氯化钠注射功效与作用,847,20250701,3256
20250701,医疗,山萸肉的作用与功效,847,20250701,3257
20250701,医疗,替米沙坦片的作用与功效,846,20250701,3258
20250701,医疗,板蓝根的功效作用与主治,846,20250701,3259
20250701,医疗,肽的功效与作用,846,20250701,3260
20250701,医疗,硫糖铝混悬凝胶的作用与功效,845,20250701,3261
20250701,医疗,o型血和b型血生的孩子是什么血型,845,20250701,3262
20250701,医疗,眼白发黄是什么原因,845,20250701,3263
20250701,医疗,黑枸杞,845,20250701,3264
20250701,医疗,钛金属对人体有什么好处和坏处,844,20250701,3265
20250701,医疗,甜瓜的功效与作用,844,20250701,3266
20250701,医疗,吃火龙果有什么好处和功效,844,20250701,3267
20250701,医疗,21金维他,844,20250701,3268
20250701,医疗,川崎病是什么样的病,843,20250701,3269
20250701,医疗,眼压正常是多少,843,20250701,3270
20250701,医疗,维生素b6片主要是治什么的,843,20250701,3271
20250701,医疗,咽炎怎么才能彻底治愈,843,20250701,3272
20250701,医疗,吗丁啉,843,20250701,3273
20250701,医疗,达喜胃药的作用和功效,842,20250701,3274
20250701,医疗,舌苔白厚腻是什么原因,842,20250701,3275
20250701,医疗,丁桂儿脐贴的作用和功效,842,20250701,3276
20250701,医疗,dr是什么检查项目,842,20250701,3277
20250701,医疗,菜籽油的好处和害处,842,20250701,3278
20250701,医疗,香菇的功效与作用,842,20250701,3279
20250701,医疗,银杏叶片,842,20250701,3280
20250701,医疗,蜈蚣的作用与功能主治,841,20250701,3281
20250701,医疗,桑叶茶有什么功效和作用,841,20250701,3282
20250701,医疗,白芸豆的作用与功效,841,20250701,3283
20250701,医疗,整肠生的功效和作用,841,20250701,3284
20250701,医疗,白茅根的功效与作用,841,20250701,3285
20250701,医疗,海南海药,840,20250701,3286
20250701,医疗,百度医生,840,20250701,3287
20250701,医疗,献血400cc多久能恢复,840,20250701,3288
20250701,医疗,磨玻璃结节是什么意思严重吗,840,20250701,3289
20250701,医疗,竹茹的功效与作用,840,20250701,3290
20250701,医疗,膝盖响咯吱声是咋回事怎么治疗,840,20250701,3291
20250701,医疗,缬沙坦胶囊,839,20250701,3292
20250701,医疗,莲蓬的功效与作用,839,20250701,3293
20250701,医疗,嗓子有异物感堵得慌是甲状腺结节吗,839,20250701,3294
20250701,医疗,肋骨骨折多久可以恢复正常,839,20250701,3295
20250701,医疗,五脏六腑位置图,838,20250701,3296
20250701,医疗,肺炎的主要症状有哪些,838,20250701,3297
20250701,医疗,肾精茶的功效与作用,838,20250701,3298
20250701,医疗,睡觉时身体突然抖动一下是什么原因,838,20250701,3299
20250701,医疗,牙髓炎,838,20250701,3300
20250701,医疗,黑茶的功效作用与主治,838,20250701,3301
20250701,医疗,四神汤,838,20250701,3302
20250701,医疗,胰腺癌一般能活多少年,837,20250701,3303
20250701,医疗,肺腺癌为什么是幸运癌,837,20250701,3304
20250701,医疗,痛经怎么缓解疼痛最有效的方法女性,837,20250701,3305
20250701,医疗,灰灰菜的作用与功效,837,20250701,3306
20250701,医疗,苦杏仁的功效与作用,837,20250701,3307
20250701,医疗,双氯芬酸钠,837,20250701,3308
20250701,医疗,大血藤的功效与作用,837,20250701,3309
20250701,医疗,血小板高是什么原因,837,20250701,3310
20250701,医疗,豆腐渣分泌物是什么妇科炎症,836,20250701,3311
20250701,医疗,血糖低的表现症状有哪些,836,20250701,3312
20250701,医疗,乙肝病毒DNA定量,836,20250701,3313
20250701,医疗,血糖高吃什么主食和菜最好,836,20250701,3314
20250701,医疗,灵芝泡水喝的功效和作用肿瘤患者能喝吗,836,20250701,3315
20250701,医疗,鸡内金,836,20250701,3316
20250701,医疗,莱菔子的功效与作用,836,20250701,3317
20250701,医疗,指甲有竖条纹是怎么回事,836,20250701,3318
20250701,医疗,非那雄胺片,836,20250701,3319
20250701,医疗,天麻图片,835,20250701,3320
20250701,医疗,地衣芽孢杆菌活菌胶囊作用与功效,835,20250701,3321
20250701,医疗,肺结核能彻底治好吗,835,20250701,3322
20250701,医疗,手指上长了类似水泡的小疙瘩怎么办,835,20250701,3323
20250701,医疗,舒筋活血片的功效与作用,835,20250701,3324
20250701,医疗,舌苔发白怎么回事是什么原因,834,20250701,3325
20250701,医疗,黄苦荞茶泡水喝的功效和作用,834,20250701,3326
20250701,医疗,灵芝的作用与功效有哪些,834,20250701,3327
20250701,医疗,盐酸多西环素片,834,20250701,3328
20250701,医疗,板蓝根的作用与功效,834,20250701,3329
20250701,医疗,湿疹用什么药好得最快最有效止痒,834,20250701,3330
20250701,医疗,黄连上清片的作用与功效,834,20250701,3331
20250701,医疗,肛门癌的早期症状和前兆,834,20250701,3332
20250701,医疗,猩红热,833,20250701,3333
20250701,医疗,人参养荣丸的功效与主治作用,833,20250701,3334
20250701,医疗,桂枝汤配方功效与主治,833,20250701,3335
20250701,医疗,无痛人流手术费多少钱,833,20250701,3336
20250701,医疗,鸡头米的功效与作用,832,20250701,3337
20250701,医疗,突然眩晕是什么原因,832,20250701,3338
20250701,医疗,白内障症状主要表现,832,20250701,3339
20250701,医疗,丝瓜络的功效作用与主治,832,20250701,3340
20250701,医疗,玻璃酸钠注射膝关节的作用和功效,832,20250701,3341
20250701,医疗,胃食管反流病的主要症状,832,20250701,3342
20250701,医疗,拉肚子吃什么药好得快最有效,831,20250701,3343
20250701,医疗,肺结核会传染吗,831,20250701,3344
20250701,医疗,宫外孕,831,20250701,3345
20250701,医疗,艾草的功效和作用,831,20250701,3346
20250701,医疗,胃寒的症状有哪些,831,20250701,3347
20250701,医疗,芒果的功效和作用,831,20250701,3348
20250701,医疗,验孕棒最早几天能测出来,831,20250701,3349
20250701,医疗,降压药,831,20250701,3350
20250701,医疗,化疗一个疗程一般是几天,830,20250701,3351
20250701,医疗,缺钙的症状有哪些表现,830,20250701,3352
20250701,医疗,玄参的功效与作用和主治,830,20250701,3353
20250701,医疗,高血压吃什么药降压效果最好,830,20250701,3354
20250701,医疗,月经提前十天来是什么原因,830,20250701,3355
20250701,医疗,北医三院,830,20250701,3356
20250701,医疗,马齿菜的功效与主治作用是什么,829,20250701,3357
20250701,医疗,蒲公英根的功效与作用能消除结节吗,829,20250701,3358
20250701,医疗,富马酸酮替芬片,829,20250701,3359
20250701,医疗,栀子,829,20250701,3360
20250701,医疗,桑叶,829,20250701,3361
20250701,医疗,百部的功效与作用,829,20250701,3362
20250701,医疗,丹毒病是什么原因引起的,829,20250701,3363
20250701,医疗,红豆薏仁米怎么煮可以祛湿,829,20250701,3364
20250701,医疗,dsa检查是什么意思,828,20250701,3365
20250701,医疗,红霉素眼膏的作用与功效,828,20250701,3366
20250701,医疗,脚气水泡型的怎么治才能除根,828,20250701,3367
20250701,医疗,屁股上面长了很多红疙瘩是什么原因,828,20250701,3368
20250701,医疗,避孕药对女性的危害和副作用,828,20250701,3369
20250701,医疗,非典型鳞状细胞意义不明确是什么意思,828,20250701,3370
20250701,医疗,宫颈癌筛查需要做什么检查,827,20250701,3371
20250701,医疗,桃子含糖量高吗?,827,20250701,3372
20250701,医疗,枸杞的功效与作用,826,20250701,3373
20250701,医疗,风油精,826,20250701,3374
20250701,医疗,骨刺怎么治疗能根除,826,20250701,3375
20250701,医疗,肌酐高是什么原因,826,20250701,3376
20250701,医疗,尿路感染吃什么药比较好的快,826,20250701,3377
20250701,医疗,对乙酰氨基酚,825,20250701,3378
20250701,医疗,檀香的作用与功效,825,20250701,3379
20250701,医疗,健康,825,20250701,3380
20250701,医疗,有氧运动有哪些项目,825,20250701,3381
20250701,医疗,化痰祛痰最好的药,825,20250701,3382
20250701,医疗,阑尾在左边还是右边,825,20250701,3383
20250701,医疗,山东省立医院,825,20250701,3384
20250701,医疗,避孕药事后多久吃有效,824,20250701,3385
20250701,医疗,西咪替丁的功效与作用,824,20250701,3386
20250701,医疗,虾不能和什么食物一起吃,824,20250701,3387
20250701,医疗,他达拉非的副作用和危害,824,20250701,3388
20250701,医疗,做b超需要空腹吗,824,20250701,3389
20250701,医疗,破伤风症状表现有哪些,824,20250701,3390
20250701,医疗,糖尿病可以治愈吗,824,20250701,3391
20250701,医疗,室性早搏是什么意思,823,20250701,3392
20250701,医疗,白介素6升高说明什么,823,20250701,3393
20250701,医疗,他克莫司软膏的功效与作用,823,20250701,3394
20250701,医疗,糖尿病人可以吃什么水果,822,20250701,3395
20250701,医疗,盐酸左西替利嗪口服溶液,822,20250701,3396
20250701,医疗,土鳖虫功效作用与主治,822,20250701,3397
20250701,医疗,辛夷的功效与作用,821,20250701,3398
20250701,医疗,五指毛桃茯苓茶祛湿效果怎么样,821,20250701,3399
20250701,医疗,牙周炎,821,20250701,3400
20250701,医疗,白头发太多怎么调理才能变黑,820,20250701,3401
20250701,医疗,氟比洛芬凝胶贴膏,820,20250701,3402
20250701,医疗,中山大学附属第一医院,820,20250701,3403
20250701,医疗,桑白皮的功效作用与主治,820,20250701,3404
20250701,医疗,沉香的功效与作用,820,20250701,3405
20250701,医疗,药物流产一般多少天可以干净,820,20250701,3406
20250701,医疗,虫草花的功效与作用,819,20250701,3407
20250701,医疗,拔火罐有什么功效与作用,819,20250701,3408
20250701,医疗,人体正常的体温是多少°C,819,20250701,3409
20250701,医疗,伟哥吃一次能坚持多久,819,20250701,3410
20250701,医疗,甲状腺结节4b类严重吗?需要手术吗,819,20250701,3411
20250701,医疗,更年期,819,20250701,3412
20250701,医疗,蒲地蓝消炎片一次吃几片,819,20250701,3413
20250701,医疗,spo2是什么意思,818,20250701,3414
20250701,医疗,浮小麦的功效与作用,818,20250701,3415
20250701,医疗,胰岛素的作用与危害,817,20250701,3416
20250701,医疗,咪喹莫特乳膏,817,20250701,3417
20250701,医疗,肩周炎的症状有哪些,817,20250701,3418
20250701,医疗,女性外部阴瘙痒怎么解决,817,20250701,3419
20250701,医疗,阴虚和阳虚有什么区别的症状,817,20250701,3420
20250701,医疗,龟苓膏,817,20250701,3421
20250701,医疗,保和丸,817,20250701,3422
20250701,医疗,高血压是什么原因引起的,816,20250701,3423
20250701,医疗,江苏省人民医院,816,20250701,3424
20250701,医疗,"瑞舒伐他汀钙片的副作用有哪些,停药会好吗?",816,20250701,3425
20250701,医疗,石斛地黄桑葚片功效作用与主治,816,20250701,3426
20250701,医疗,炒酸枣仁的功效与作用,815,20250701,3427
20250701,医疗,试管婴儿费用大概要多少钱,815,20250701,3428
20250701,医疗,泽泻,815,20250701,3429
20250701,医疗,塞来昔布的功效与主治,815,20250701,3430
20250701,医疗,归脾丸的十大危害及副作用,815,20250701,3431
20250701,医疗,硝酸甘油的作用与功效,815,20250701,3432
20250701,医疗,乳果糖的功效与作用与副作用,815,20250701,3433
20250701,医疗,三叉神经在哪个部位,815,20250701,3434
20250701,医疗,肺癌晚期患者临终前15个症状,815,20250701,3435
20250701,医疗,折耳根的作用与功效,815,20250701,3436
20250701,医疗,氯化钾缓释片,815,20250701,3437
20250701,医疗,益气养血口服液的功效与作用,814,20250701,3438
20250701,医疗,电焊闪眼睛的最快治疗,814,20250701,3439
20250701,医疗,达格列净,814,20250701,3440
20250701,医疗,四逆汤的组成配方,814,20250701,3441
20250701,医疗,鬼针草的图片,813,20250701,3442
20250701,医疗,心率不齐的主要原因是什么,813,20250701,3443
20250701,医疗,汗疱疹怎么治疗彻底根除,813,20250701,3444
20250701,医疗,肩胛骨疼是什么原因引起的,813,20250701,3445
20250701,医疗,鱼腥草煮水喝有什么功效和作用,813,20250701,3446
20250701,医疗,磁共振对人体的伤害有多大,812,20250701,3447
20250701,医疗,蛤蚧,812,20250701,3448
20250701,医疗,食品营养与健康,812,20250701,3449
20250701,医疗,芒果的功效与作用,812,20250701,3450
20250701,医疗,轻度脂肪肝怎么调理恢复正常,812,20250701,3451
20250701,医疗,夏天喝什么茶对身体最好,812,20250701,3452
20250701,医疗,河南中医药大学第一附属医院,812,20250701,3453
20250701,医疗,伊曲康唑胶囊的功效与作用,812,20250701,3454
20250701,医疗,男孩身高标准对照表2025,812,20250701,3455
20250701,医疗,糖尿病饮食要注意哪些方面,812,20250701,3456
20250701,医疗,吗啡,811,20250701,3457
20250701,医疗,他达拉非片的作用和功效,811,20250701,3458
20250701,医疗,舌苔发白是什么原因引起的怎么解决,811,20250701,3459
20250701,医疗,尿液发红褐色怎么回事男性,811,20250701,3460
20250701,医疗,肚子疼怎么缓解最快方法,811,20250701,3461
20250701,医疗,免疫球蛋白e高说明什么问题,810,20250701,3462
20250701,医疗,达喜,810,20250701,3463
20250701,医疗,麻仁润肠丸的作用与功效,810,20250701,3464
20250701,医疗,rh血型阳性,810,20250701,3465
20250701,医疗,心脏部位隐隐作痛,809,20250701,3466
20250701,医疗,怀孕多少天验孕棒可以验出来,809,20250701,3467
20250701,医疗,荆芥图片,807,20250701,3468
20250701,医疗,肝硬化早期症状,807,20250701,3469
20250701,医疗,椰枣的功效与作用,807,20250701,3470
20250701,医疗,挠痒痒加憋尿加痛苦加全身不能动,807,20250701,3471
20250701,医疗,参芪二仙片,807,20250701,3472
20250701,医疗,丹参片功效作用与主治,807,20250701,3473
20250701,医疗,荔枝吃多了会有什么症状,807,20250701,3474
20250701,医疗,静脉曲张图片腿部图,806,20250701,3475
20250701,医疗,帕金森病是什么原因引起的,806,20250701,3476
20250701,医疗,干细胞的作用和功效,806,20250701,3477
20250701,医疗,降钙素原偏高说明什么,806,20250701,3478
20250701,医疗,大姨妈来了十多天了还没完是怎么回事,806,20250701,3479
20250701,医疗,荨麻疹是什么原因引起的,806,20250701,3480
20250701,医疗,克罗恩病是什么病,806,20250701,3481
20250701,医疗,幽门螺旋杆菌的症状有哪些,806,20250701,3482
20250701,医疗,口腔溃疡怎么治最快有效,806,20250701,3483
20250701,医疗,北京儿童医院,805,20250701,3484
20250701,医疗,泡脚的最佳时间和温度是多少,805,20250701,3485
20250701,医疗,低血糖吃什么最快缓解,805,20250701,3486
20250701,医疗,子宫,805,20250701,3487
20250701,医疗,西梅的功效与作用,805,20250701,3488
20250701,医疗,尿蛋白2个加号是什么意思,805,20250701,3489
20250701,医疗,荔枝糖尿病人可以吃吗,805,20250701,3490
20250701,医疗,癌胚抗原多少才算癌症,804,20250701,3491
20250701,医疗,过敏,804,20250701,3492
20250701,医疗,感冒流清鼻涕是风寒还是风热,804,20250701,3493
20250701,医疗,牡丹皮功效作用与主治,804,20250701,3494
20250701,医疗,蜂蜜水的正确喝法及最佳时间,804,20250701,3495
20250701,医疗,山药的功效和作用,804,20250701,3496
20250701,医疗,霍香正气水,804,20250701,3497
20250701,医疗,大便黑色是怎么回事,803,20250701,3498
20250701,医疗,垂盆草的功效与作用,803,20250701,3499
20250701,医疗,慢阻肺,803,20250701,3500
20250701,医疗,手足口,803,20250701,3501
20250701,医疗,甲鱼的功效与作用及营养,803,20250701,3502
20250701,医疗,肝掌图片高清图片,803,20250701,3503
20250701,医疗,黄花菜干的功效与作用,803,20250701,3504
20250701,医疗,黄瓜籽的功效和作用,803,20250701,3505
20250701,医疗,息肉是什么原因造成的,802,20250701,3506
20250701,医疗,登革热,802,20250701,3507
20250701,医疗,黛力新,802,20250701,3508
20250701,医疗,玫瑰糠疹图片,802,20250701,3509
20250701,医疗,布病,802,20250701,3510
20250701,医疗,楮实子的功效与作用,802,20250701,3511
20250701,医疗,虫草花的正确吃法和功效,802,20250701,3512
20250701,医疗,中性粒细胞百分比高是什么原因,802,20250701,3513
20250701,医疗,泡脚的好处和功效与作用,802,20250701,3514
20250701,医疗,独脚金的功效与作用,801,20250701,3515
20250701,医疗,ccu病房是什么意思,801,20250701,3516
20250701,医疗,烧仙草的功效与作用,801,20250701,3517
20250701,医疗,地屈孕酮片的副作用和危害有哪些,801,20250701,3518
20250701,医疗,抑郁症能变回正常人吗,801,20250701,3519
20250701,医疗,亚麻籽的功效与作用,801,20250701,3520
20250701,医疗,ptsd代表什么,801,20250701,3521
20250701,医疗,多囊卵巢能怀上孩子吗,800,20250701,3522
20250701,医疗,子宫癌的早期症状,800,20250701,3523
20250701,医疗,小米粥和什么搭配最好最养胃,800,20250701,3524
20250701,医疗,黑色素瘤早期症状图片,799,20250701,3525
20250701,医疗,"性生活干涩没水,可以用红霉素,软膏,涂抹吗",799,20250701,3526
20250701,医疗,胃火旺盛的症状有哪些表现,799,20250701,3527
20250701,医疗,鹰嘴豆的作用与功效,799,20250701,3528
20250701,医疗,天麻胶囊的功效与主治,799,20250701,3529
20250701,医疗,维生素d的作用和功效,799,20250701,3530
20250701,医疗,诺氟沙星,799,20250701,3531
20250701,医疗,疱疹是因为什么原因引起的,798,20250701,3532
20250701,医疗,疥疮,798,20250701,3533
20250701,医疗,蒸荔枝的功效作用与主治,798,20250701,3534
20250701,医疗,卵圆孔未闭,798,20250701,3535
20250701,医疗,喝啤酒会不会发胖,798,20250701,3536
20250701,医疗,饭后多久可以运动,798,20250701,3537
20250701,医疗,米氮平片的功效和副作用,798,20250701,3538
20250701,医疗,试管婴儿费用大概多少,798,20250701,3539
20250701,医疗,富马酸丙酚替诺福韦片,798,20250701,3540
20250701,医疗,土茯苓,798,20250701,3541
20250701,医疗,苦参,798,20250701,3542
20250701,医疗,磁共振做一次需要多少钱,797,20250701,3543
20250701,医疗,豆蔻的功效与作用,797,20250701,3544
20250701,医疗,朱雀汤的功效与作用,797,20250701,3545
20250701,医疗,肺气肿吃什么药最有效,796,20250701,3546
20250701,医疗,脑心通胶囊的功效与主治,796,20250701,3547
20250701,医疗,西红柿属于寒性还是热性,796,20250701,3548
20250701,医疗,pppd综合征是什么病,796,20250701,3549
20250701,医疗,蝉蜕,796,20250701,3550
20250701,医疗,阑尾炎一定要做手术吗,795,20250701,3551
20250701,医疗,痔疮会自己消下去吗,795,20250701,3552
20250701,医疗,排卵期有什么症状,795,20250701,3553
20250701,医疗,ct多久做一次才安全,795,20250701,3554
20250701,医疗,花椒的功效与作用与主治,795,20250701,3555
20250701,医疗,二陈丸功效作用与主治,795,20250701,3556
20250701,医疗,上海华山医院,794,20250701,3557
20250701,医疗,中脘穴,794,20250701,3558
20250701,医疗,午时茶颗粒的功效和作用,794,20250701,3559
20250701,医疗,扫帚苗的功效与作用,794,20250701,3560
20250701,医疗,龙眼肉的功效与作用,794,20250701,3561
20250701,医疗,坤泰胶囊的功效主治,794,20250701,3562
20250701,医疗,桂附地黄丸,794,20250701,3563
20250701,医疗,骨髓,794,20250701,3564
20250701,医疗,血小板正常值是多少,794,20250701,3565
20250701,医疗,心慌是什么原因引起的,794,20250701,3566
20250701,医疗,淋巴癌一般能活多久,794,20250701,3567
20250701,医疗,金银花泡水喝的功效,793,20250701,3568
20250701,医疗,党参的功效作用与主治,793,20250701,3569
20250701,医疗,阴虚的症状有哪些表现,793,20250701,3570
20250701,医疗,骑自行车的好处和坏处,793,20250701,3571
20250701,医疗,安乃近,793,20250701,3572
20250701,医疗,体温正常值范围是多少,792,20250701,3573
20250701,医疗,超敏c反应蛋白,792,20250701,3574
20250701,医疗,面瘫的症状 初期前兆,792,20250701,3575
20250701,医疗,强直性脊柱炎的症状有哪些,792,20250701,3576
20250701,医疗,猝死前的征兆,791,20250701,3577
20250701,医疗,天枢的准确位置图,791,20250701,3578
20250701,医疗,缺铁有什么表现和症状,791,20250701,3579
20250701,医疗,胃疼,791,20250701,3580
20250701,医疗,网球肘怎么治疗才能彻底根除,791,20250701,3581
20250701,医疗,拉肚子吃什么食物好,791,20250701,3582
20250701,医疗,湿疹是什么原因造成的,791,20250701,3583
20250701,医疗,内痔疮有什么症状,791,20250701,3584
20250701,医疗,糖尿病患者吃什么食物最好,791,20250701,3585
20250701,医疗,化疗对身体危害有多大,791,20250701,3586
20250701,医疗,仙人掌的功效与作用治什么病,790,20250701,3587
20250701,医疗,乳晕上面有凸起的小疙瘩是怎么回事,790,20250701,3588
20250701,医疗,避孕药72小时内是不是都有效,790,20250701,3589
20250701,医疗,股癣图片,790,20250701,3590
20250701,医疗,氨基丁酸的作用与功效及副作用,790,20250701,3591
20250701,医疗,流产最佳时间是多少天到多少天,790,20250701,3592
20250701,医疗,月经一个月来2次是什么原因造成的,790,20250701,3593
20250701,医疗,参松养心胶囊,790,20250701,3594
20250701,医疗,槐米的功效与作用,790,20250701,3595
20250701,医疗,ecg监护仪上什么意思,789,20250701,3596
20250701,医疗,耳鸣,789,20250701,3597
20250701,医疗,补钙吃什么最好最快最有效,789,20250701,3598
20250701,医疗,恩替卡韦,789,20250701,3599
20250701,医疗,尿酸高有什么危害和后果,789,20250701,3600
20250701,医疗,otc标志的药品属于什么药物,789,20250701,3601
20250701,医疗,热疹症状图片,789,20250701,3602
20250701,医疗,红霉素眼膏,789,20250701,3603
20250701,医疗,"总胆红素偏高,直接胆红素偏高,间接胆红素偏高吃什么药",789,20250701,3604
20250701,医疗,牛黄上清片,789,20250701,3605
20250701,医疗,左肩膀疼痛要警惕的三种病,789,20250701,3606
20250701,医疗,缺锌有什么表现和症状,789,20250701,3607
20250701,医疗,一个月来2次月经是什么原因,789,20250701,3608
20250701,医疗,米诺地尔酊真的可以生发吗,788,20250701,3609
20250701,医疗,肾阴虚和肾阳虚怎么判断,788,20250701,3610
20250701,医疗,贫血吃什么好补血最快最有效,788,20250701,3611
20250701,医疗,黄芪麦冬五味子泡水功效,788,20250701,3612
20250701,医疗,转氨酶高的原因及危害,787,20250701,3613
20250701,医疗,贝母的作用和功效,787,20250701,3614
20250701,医疗,鼻炎,787,20250701,3615
20250701,医疗,仙鹤草的功效与作用与主治,787,20250701,3616
20250701,医疗,关节疼痛的原因和解决方法,787,20250701,3617
20250701,医疗,脂肪肝有什么症状有哪些表现,786,20250701,3618
20250701,医疗,环磷腺苷葡胺注射功效与作用,786,20250701,3619
20250701,医疗,HIV,786,20250701,3620
20250701,医疗,宫缩是什么感觉,786,20250701,3621
20250701,医疗,枸杞泡水男人喝有什么作用和功效,786,20250701,3622
20250701,医疗,司美格鲁肽的功效与作用,786,20250701,3623
20250701,医疗,鸡娃草的功效与图片,786,20250701,3624
20250701,医疗,"小脑萎缩是怎么回事,能治愈吗",786,20250701,3625
20250701,医疗,四季抗病毒合剂,786,20250701,3626
20250701,医疗,地奈德乳膏,785,20250701,3627
20250701,医疗,逍遥丸的作用与功能主治,785,20250701,3628
20250701,医疗,屁股痒是什么原因.越抓越痒,785,20250701,3629
20250701,医疗,一碗米饭的热量是多少大卡,785,20250701,3630
20250701,医疗,淋巴结,785,20250701,3631
20250701,医疗,左旋vc的功效与作用,784,20250701,3632
20250701,医疗,辟谷减肥的正确方法7天,784,20250701,3633
20250701,医疗,取环后多长时间可以过性生活,784,20250701,3634
20250701,医疗,窦性心律不齐是什么原因,784,20250701,3635
20250701,医疗,心电图,784,20250701,3636
20250701,医疗,转氨酶正常值多少,783,20250701,3637
20250701,医疗,黄体酮胶囊的功效与作用,783,20250701,3638
20250701,医疗,蚕豆的功效和作用,783,20250701,3639
20250701,医疗,腿浮肿是什么原因引起的怎么办,783,20250701,3640
20250701,医疗,感康,782,20250701,3641
20250701,医疗,总胆汁酸偏高说明什么问题,782,20250701,3642
20250701,医疗,绞股蓝,782,20250701,3643
20250701,医疗,手足口病吃什么药好得快,782,20250701,3644
20250701,医疗,阿司匹林肠溶片功效和作用,782,20250701,3645
20250701,医疗,低血压的症状或表现,782,20250701,3646
20250701,医疗,感冒,782,20250701,3647
20250701,医疗,卤米松软膏的功效和作用,782,20250701,3648
20250701,医疗,三黄片,782,20250701,3649
20250701,医疗,哈密瓜的作用与功效,782,20250701,3650
20250701,医疗,蜜蜂蛰了怎么处理,782,20250701,3651
20250701,医疗,取环的最佳时间是什么时候,781,20250701,3652
20250701,医疗,秋水仙碱,781,20250701,3653
20250701,医疗,熊胆粉的正确服用方法,781,20250701,3654
20250701,医疗,西洋参和什么搭配效果最好,780,20250701,3655
20250701,医疗,养血安神片的功效与作用,780,20250701,3656
20250701,医疗,小腹疼痛什么原因女性,780,20250701,3657
20250701,医疗,白萝卜的功效与作用,780,20250701,3658
20250701,医疗,宫颈纳氏囊肿是什么意思?,780,20250701,3659
20250701,医疗,补气血的中成药哪个效果好,780,20250701,3660
20250701,医疗,肾上腺素的作用和用途,780,20250701,3661
20250701,医疗,脂肪肝吃什么药最好最快恢复正常,779,20250701,3662
20250701,医疗,吃阿莫西林可以喝酒吗,779,20250701,3663
20250701,医疗,hrv指数是什么意思,779,20250701,3664
20250701,医疗,多烯磷脂酰胆碱胶囊,779,20250701,3665
20250701,医疗,嗜碱性粒细胞百分比偏高是什么原因,778,20250701,3666
20250701,医疗,艾司唑仑片的功效,778,20250701,3667
20250701,医疗,刮痧后多久可以洗澡,778,20250701,3668
20250701,医疗,月经周期怎么计算的,778,20250701,3669
20250701,医疗,髌骨是哪个部位,778,20250701,3670
20250701,医疗,叶黄素,778,20250701,3671
20250701,医疗,复方消化酶胶囊作用与功效,778,20250701,3672
20250701,医疗,2型糖尿病是什么意思,778,20250701,3673
20250701,医疗,山楂的功效与作用,778,20250701,3674
20250701,医疗,吃饭时满头大汗怎么回事男性,777,20250701,3675
20250701,医疗,肺结节是一种什么病,777,20250701,3676
20250701,医疗,梅毒的主要症状和表现,777,20250701,3677
20250701,医疗,气滞胃痛颗粒的功效与作用,777,20250701,3678
20250701,医疗,心电图窦性心律是什么意思,776,20250701,3679
20250701,医疗,甲钴胺片一次吃几片,776,20250701,3680
20250701,医疗,贫血严重了会导致什么后果,776,20250701,3681
20250701,医疗,克氏综合征,776,20250701,3682
20250701,医疗,小孩流鼻血经常流鼻血是怎么回事啊,776,20250701,3683
20250701,医疗,牙齿,776,20250701,3684
20250701,医疗,加巴喷丁胶囊作用与功效,776,20250701,3685
20250701,医疗,肺栓塞的主要症状是什么,776,20250701,3686
20250701,医疗,降钙素原,775,20250701,3687
20250701,医疗,丹栀逍遥丸,775,20250701,3688
20250701,医疗,茜草的功效与作用,775,20250701,3689
20250701,医疗,单纯疱疹病毒,774,20250701,3690
20250701,医疗,磷虾油作用与功效,774,20250701,3691
20250701,医疗,败血症,774,20250701,3692
20250701,医疗,硝苯地平缓释片的作用与功效,774,20250701,3693
20250701,医疗,甲硝锉的作用和主治功能是什么,774,20250701,3694
20250701,医疗,背心疼痛要警惕的三种病症,774,20250701,3695
20250701,医疗,磷酸奥司他韦胶囊,774,20250701,3696
20250701,医疗,宫颈糜烂怎么造成的原因,774,20250701,3697
20250701,医疗,活血化瘀通络最好的中成药,773,20250701,3698
20250701,医疗,汗斑,773,20250701,3699
20250701,医疗,熟地黄,773,20250701,3700
20250701,医疗,"喉咙痒痒,想咳嗽,是怎么回事",773,20250701,3701
20250701,医疗,肾俞的准确位置图,773,20250701,3702
20250701,医疗,幽门螺旋杆菌怎么治疗彻底除根,773,20250701,3703
20250701,医疗,手心痒是什么原因.越抓越痒,772,20250701,3704
20250701,医疗,淋巴细胞百分比偏低是什么原因,772,20250701,3705
20250701,医疗,美林退烧药几个小时吃一次,772,20250701,3706
20250701,医疗,溃疡性结肠炎,772,20250701,3707
20250701,医疗,前庭性眩晕症是什么原因引起的,772,20250701,3708
20250701,医疗,利培酮片的作用及功效,772,20250701,3709
20250701,医疗,金贵肾气丸的功效与主治,772,20250701,3710
20250701,医疗,杞菊地黄丸,772,20250701,3711
20250701,医疗,李斯特菌,772,20250701,3712
20250701,医疗,研究:16 8轻断食有助抗衰老,772,20250701,3713
20250701,医疗,地高辛片的作用与功效,771,20250701,3714
20250701,医疗,养生,771,20250701,3715
20250701,医疗,石斛怎么吃是正确的吃法,771,20250701,3716
20250701,医疗,拉肚子吃什么药效果好,771,20250701,3717
20250701,医疗,决定蜂胶品质好坏的因素,771,20250701,3718
20250701,医疗,玉屏风散的配方,771,20250701,3719
20250701,医疗,牙神经痛快速止痛方法,771,20250701,3720
20250701,医疗,强直性脊柱炎的病症是什么样,771,20250701,3721
20250701,医疗,制远志的功效与作用,770,20250701,3722
20250701,医疗,白丝小脚夹住命根上下摩擦的预防措施有哪些,770,20250701,3723
20250701,医疗,僵蚕的功效与作用,770,20250701,3724
20250701,医疗,糖类抗原ca72-4偏高是什么意思,769,20250701,3725
20250701,医疗,餐后两小时的血糖正常值是多少,769,20250701,3726
20250701,医疗,一个月没来姨妈是什么情况,769,20250701,3727
20250701,医疗,梨的功效与作用是什么,769,20250701,3728
20250701,医疗,晕车的最佳解决办法,769,20250701,3729
20250701,医疗,续断的功效与作用,768,20250701,3730
20250701,医疗,冬虫夏草的功效作用与主治,768,20250701,3731
20250701,医疗,尿毒症什么原因引起的多,768,20250701,3732
20250701,医疗,25羟基维生素D偏低,768,20250701,3733
20250701,医疗,子宫内膜异位症,768,20250701,3734
20250701,医疗,桂枝汤,768,20250701,3735
20250701,医疗,苦瓜的功效与主治,768,20250701,3736
20250701,医疗,同仁堂,768,20250701,3737
20250701,医疗,避孕药什么时候吃有效,767,20250701,3738
20250701,医疗,放疗对人的身体伤害有多大,767,20250701,3739
20250701,医疗,拉肚子吃什么药,767,20250701,3740
20250701,医疗,血压多少才算正常,767,20250701,3741
20250701,医疗,胞磷胆碱钠的作用与功效,767,20250701,3742
20250701,医疗,手上长了类似水泡的小疙瘩,767,20250701,3743
20250701,医疗,滴虫性阴道炎,767,20250701,3744
20250701,医疗,gpa检查是什么意思,767,20250701,3745
20250701,医疗,橄榄油的功效与作用,767,20250701,3746
20250701,医疗,热痱子用什么药治疗效果最好,766,20250701,3747
20250701,医疗,姜枣茶的功效与作用,766,20250701,3748
20250701,医疗,有氧运动与无氧运动的区别,766,20250701,3749
20250701,医疗,氨酚咖那敏片,766,20250701,3750
20250701,医疗,人参的功效与作用,766,20250701,3751
20250701,医疗,麸炒枳壳的功效与作用,765,20250701,3752
20250701,医疗,低钾血症,765,20250701,3753
20250701,医疗,乳腺囊肿怎么调理能消失,765,20250701,3754
20250701,医疗,"前列腺钙化灶是怎么回事,严重吗",765,20250701,3755
20250701,医疗,扁桃体发炎的症状和表现,764,20250701,3756
20250701,医疗,b6维生素的作用及功能主治,764,20250701,3757
20250701,医疗,上海瑞金医院,764,20250701,3758
20250701,医疗,乳腺结节吃什么药可以消结节,764,20250701,3759
20250701,医疗,口臭严重出气都是臭的怎么解决,764,20250701,3760
20250701,医疗,阑尾炎的症状表现,763,20250701,3761
20250701,医疗,总胆固醇正常值范围是多少,763,20250701,3762
20250701,医疗,联苯苄唑乳膏,763,20250701,3763
20250701,医疗,浙江医药,763,20250701,3764
20250701,医疗,芋头的功效与作用,762,20250701,3765
20250701,医疗,糖尿病人吃什么食物最好,762,20250701,3766
20250701,医疗,南京鼓楼医院,762,20250701,3767
20250701,医疗,艾司唑仑片的功效与作用,761,20250701,3768
20250701,医疗,血压低有什么危害和后果吗,761,20250701,3769
20250701,医疗,六位地黄丸的功效,761,20250701,3770
20250701,医疗,元胡止痛片的功效与作用,761,20250701,3771
20250701,医疗,私处瘙痒是什么原因怎么办,761,20250701,3772
20250701,医疗,冠心病是什么原因引起的,761,20250701,3773
20250701,医疗,独一味胶囊的功效与作用,760,20250701,3774
20250701,医疗,多糖铁复合物胶囊,760,20250701,3775
20250701,医疗,斑秃是身体哪里出毛病了,760,20250701,3776
20250701,医疗,灵芝的正确吃法与用量,760,20250701,3777
20250701,医疗,美罗培南的作用与功效,760,20250701,3778
20250701,医疗,火龙果的功效和作用,760,20250701,3779
20250701,医疗,ct和核磁共振的区别,759,20250701,3780
20250701,医疗,普乐安片的功能主治,759,20250701,3781
20250701,医疗,复方嗜酸乳杆菌片的功效与作用,759,20250701,3782
20250701,医疗,37.4度算发烧吗,759,20250701,3783
20250701,医疗,辣椒辣手怎么缓解灼痛感,759,20250701,3784
20250701,医疗,西瓜霜喷剂的功效与作用,759,20250701,3785
20250701,医疗,曲马多,758,20250701,3786
20250701,医疗,身上痒一抓就起大片疙瘩咋回事,758,20250701,3787
20250701,医疗,仓鼠咬了小孩手指要打针吗,758,20250701,3788
20250701,医疗,多泰乌贝胶囊,758,20250701,3789
20250701,医疗,药流和无痛人流哪个对身体伤害小,758,20250701,3790
20250701,医疗,血红蛋白正常值是多少,758,20250701,3791
20250701,医疗,帕金森是什么病?能治愈吗,758,20250701,3792
20250701,医疗,枸杞原浆的作用与功效,758,20250701,3793
20250701,医疗,脑机接口,758,20250701,3794
20250701,医疗,颈动脉斑块,758,20250701,3795
20250701,医疗,达格列净片是餐前吃餐后吃,758,20250701,3796
20250701,医疗,手指上起小水泡很痒是怎么回事,757,20250701,3797
20250701,医疗,诺丽果的功效与作用,757,20250701,3798
20250701,医疗,白内障手术多久才能恢复正常,757,20250701,3799
20250701,医疗,珍珠粉的作用和功效,757,20250701,3800
20250701,医疗,心脏造影检查是怎么做的,757,20250701,3801
20250701,医疗,白细胞低是怎么回事,757,20250701,3802
20250701,医疗,秋水仙碱片对痛风的疗效,757,20250701,3803
20250701,医疗,贞芪扶正颗粒的功效与作用,757,20250701,3804
20250701,医疗,前列腺位置在哪里,756,20250701,3805
20250701,医疗,过敏性紫癜症状,756,20250701,3806
20250701,医疗,无花果的作用和功效,756,20250701,3807
20250701,医疗,西瓜的热量,756,20250701,3808
20250701,医疗,甲醛吸多了会有什么症状,756,20250701,3809
20250701,医疗,过敏的症状皮肤图片,756,20250701,3810
20250701,医疗,榴莲的功效和营养价值和作用,755,20250701,3811
20250701,医疗,维生素,755,20250701,3812
20250701,医疗,胃疼一阵一阵的疼怎么回事,755,20250701,3813
20250701,医疗,晒太阳的好处与功效与作用,755,20250701,3814
20250701,医疗,依折麦布片,755,20250701,3815
20250701,医疗,地黄的功效与作用,755,20250701,3816
20250701,医疗,胰腺炎是哪个部位疼,755,20250701,3817
20250701,医疗,主动脉夹层,755,20250701,3818
20250701,医疗,来月经有大坨血块像肉一样怎么回事,754,20250701,3819
20250701,医疗,咖啡因,754,20250701,3820
20250701,医疗,肾囊肿是什么原因引起的怎样消除,754,20250701,3821
20250701,医疗,过敏性鼻炎,754,20250701,3822
20250701,医疗,头孢地尼分散片,754,20250701,3823
20250701,医疗,鹰嘴豆为什么医生不建议吃,754,20250701,3824
20250701,医疗,硝酸咪康唑乳膏,754,20250701,3825
20250701,医疗,胃康灵胶囊的功效与作用,754,20250701,3826
20250701,医疗,颈椎病怎么治疗最好最快最有效,753,20250701,3827
20250701,医疗,舌癌的早期症状有哪些,753,20250701,3828
20250701,医疗,湿气重肚子大怎么排湿减肥,753,20250701,3829
20250701,医疗,荔枝煲鸡的功效与作用,753,20250701,3830
20250701,医疗,耳朵,753,20250701,3831
20250701,医疗,割包皮挂什么科室,753,20250701,3832
20250701,医疗,左边小腹痛什么原因女,753,20250701,3833
20250701,医疗,糯米的功效与作用,752,20250701,3834
20250701,医疗,波立维,752,20250701,3835
20250701,医疗,乳腺炎的主要症状有哪些,752,20250701,3836
20250701,医疗,尿黄是怎么回事男性,752,20250701,3837
20250701,医疗,平胃散的功效与作用,751,20250701,3838
20250701,医疗,"同房后出血,少量,鲜红,不痛",751,20250701,3839
20250701,医疗,肝火旺盛的表现症状,751,20250701,3840
20250701,医疗,雪燕的功效和作用,751,20250701,3841
20250701,医疗,麝香保心丸,751,20250701,3842
20250701,医疗,皮肤科医生免费咨询,750,20250701,3843
20250701,医疗,扁桃体结石,750,20250701,3844
20250701,医疗,经常放屁是怎么回事?男士,750,20250701,3845
20250701,医疗,狂犬疫苗,750,20250701,3846
20250701,医疗,清凉油的作用和功效,750,20250701,3847
20250701,医疗,头上长红疙瘩毛囊炎怎么治疗,750,20250701,3848
20250701,医疗,正常血糖多少算正常范围,750,20250701,3849
20250701,医疗,肾病综合症是什么病,750,20250701,3850
20250701,医疗,迟钝,750,20250701,3851
20250701,医疗,腿上出现血管是紫红色的小血管,750,20250701,3852
20250701,医疗,大黄,749,20250701,3853
20250701,医疗,桃胶的功效与作用,749,20250701,3854
20250701,医疗,hp感染是什么意思,749,20250701,3855
20250701,医疗,芭乐果的功效和作用,749,20250701,3856
20250701,医疗,桂圆干的功效作用与主治,749,20250701,3857
20250701,医疗,紫菜的功效与作用,748,20250701,3858
20250701,医疗,达格列净片的功效跟作用,748,20250701,3859
20250701,医疗,鼻子经常流血什么原因导致的,748,20250701,3860
20250701,医疗,腰疼是什么原因?男性,748,20250701,3861
20250701,医疗,心脏病有哪些症状表现,748,20250701,3862
20250701,医疗,压力大会导致头发变白吗,748,20250701,3863
20250701,医疗,非布司他片,748,20250701,3864
20250701,医疗,双氧水,747,20250701,3865
20250701,医疗,小便时尿出褐红色是怎么回事男性,747,20250701,3866
20250701,医疗,排卵期同房怀孕的几率多大,747,20250701,3867
20250701,医疗,乳腺结节多少mm以上建议手术,747,20250701,3868
20250701,医疗,促甲状腺激素,746,20250701,3869
20250701,医疗,肛门周围痒痒是什么原因引起的,746,20250701,3870
20250701,医疗,宫寒的症状有哪些表现,746,20250701,3871
20250701,医疗,肾虚的表现症状有哪些,746,20250701,3872
20250701,医疗,hpv16阳性是什么意思,746,20250701,3873
20250701,医疗,血压高是什么原因引起来的,745,20250701,3874
20250701,医疗,疟疾,745,20250701,3875
20250701,医疗,菱角的功效与作用,745,20250701,3876
20250701,医疗,疝气鼓包怎么治疗最好,745,20250701,3877
20250701,医疗,茯苓图片,745,20250701,3878
20250701,医疗,脖子长肉疙瘩小肉粒是怎么回事,745,20250701,3879
20250701,医疗,镁的作用与功效,745,20250701,3880
20250701,医疗,总胆汁酸高说明什么,744,20250701,3881
20250701,医疗,肠镜怎么做的 难受吗,744,20250701,3882
20250701,医疗,载脂蛋白b偏低说明什么,744,20250701,3883
20250701,医疗,脊柱侧弯,743,20250701,3884
20250701,医疗,肌肉拉伤怎么办最快最有效的方法,743,20250701,3885
20250701,医疗,卵磷脂的功效与作用,743,20250701,3886
20250701,医疗,宫外孕的症状有哪些表现,743,20250701,3887
20250701,医疗,vc的作用与功效,743,20250701,3888
20250701,医疗,葡萄是热性还是凉性,743,20250701,3889
20250701,医疗,肝区疼痛位置图,742,20250701,3890
20250701,医疗,双氯芬酸钠栓,742,20250701,3891
20250701,医疗,猪心的功效与作用,742,20250701,3892
20250701,医疗,皮疹图片和症状,742,20250701,3893
20250701,医疗,仙人掌的功效与主治,741,20250701,3894
20250701,医疗,通脉颗粒的作用与功效,741,20250701,3895
20250701,医疗,屁股痛疼什么原因引起的,741,20250701,3896
20250701,医疗,胆固醇,741,20250701,3897
20250701,医疗,红薯的功效与作用,741,20250701,3898
20250701,医疗,耳朵痒痒老想抠的怎么回事,741,20250701,3899
20250701,医疗,拔罐起水泡什么原因,741,20250701,3900
20250701,医疗,健胃消食片,741,20250701,3901
20250701,医疗,子宫内膜炎症有什么症状,740,20250701,3902
20250701,医疗,人体结构图,740,20250701,3903
20250701,医疗,香砂养胃丸的功效与主治,740,20250701,3904
20250701,医疗,蟠桃的功效与作用,740,20250701,3905
20250701,医疗,上海九院,739,20250701,3906
20250701,医疗,怀孕几天有反应,739,20250701,3907
20250701,医疗,多维元素片21的功效与作用,739,20250701,3908
20250701,医疗,细菌感染引起的发烧一般要几天,739,20250701,3909
20250701,医疗,小青龙颗粒的功效和作用,739,20250701,3910
20250701,医疗,尿道炎症状表现,739,20250701,3911
20250701,医疗,人血白蛋白的功效与作用,738,20250701,3912
20250701,医疗,屁股长个小肉球怎么回事,738,20250701,3913
20250701,医疗,老放屁是怎么回事女性,738,20250701,3914
20250701,医疗,化橘红的功效与作用的功能与主治,737,20250701,3915
20250701,医疗,腰椎间盘突出症状表现,737,20250701,3916
20250701,医疗,贫血吃什么好的最快女性食补,737,20250701,3917
20250701,医疗,小活络丸的功效与作用,737,20250701,3918
20250701,医疗,贝贝小南瓜的营养价值及功效,737,20250701,3919
20250701,医疗,二型糖尿病,736,20250701,3920
20250701,医疗,刨腹产,736,20250701,3921
20250701,医疗,白带多,736,20250701,3922
20250701,医疗,淋巴结肿瘤能治好吗,736,20250701,3923
20250701,医疗,甲亢病怎么治疗最快最好,736,20250701,3924
20250701,医疗,舌苔发白是什么原因引起的,736,20250701,3925
20250701,医疗,鼻窦炎吃什么药最好根治最快最有效,736,20250701,3926
20250701,医疗,消化不良的症状表现有哪些,736,20250701,3927
20250701,医疗,地西泮,736,20250701,3928
20250701,医疗,舍曲林的功效与作用的副作用,736,20250701,3929
20250701,医疗,扶他林,735,20250701,3930
20250701,医疗,参苓健脾胃颗粒的功效与作用,735,20250701,3931
20250701,医疗,藿香正气口服液,735,20250701,3932
20250701,医疗,打嗝,735,20250701,3933
20250701,医疗,传染病四项检查是哪四项,735,20250701,3934
20250701,医疗,胃胀腹胀最好解决方法,735,20250701,3935
20250701,医疗,水痘会传染给别人吗,735,20250701,3936
20250701,医疗,牙龈萎缩怎么样才能恢复正常,735,20250701,3937
20250701,医疗,虾的营养价值及功效,735,20250701,3938
20250701,医疗,骨质疏松吃什么最好最快恢复,735,20250701,3939
20250701,医疗,缺钾吃什么补得最快,734,20250701,3940
20250701,医疗,中医养生,734,20250701,3941
20250701,医疗,砂仁,733,20250701,3942
20250701,医疗,淋巴结肿大怎么消除 颈部,733,20250701,3943
20250701,医疗,宫颈癌是什么原因引起的,733,20250701,3944
20250701,医疗,甲状腺结节多少mm以上建议手术,733,20250701,3945
20250701,医疗,鼻子,733,20250701,3946
20250701,医疗,片仔癀的功效与作用,732,20250701,3947
20250701,医疗,腺肌症,732,20250701,3948
20250701,医疗,受精卵着床的时候会有什么症状,732,20250701,3949
20250701,医疗,月经过后几天容易怀孕,732,20250701,3950
20250701,医疗,中暑喝藿香正气水管用吗,732,20250701,3951
20250701,医疗,七叶洋地黄双苷滴眼液功效与作用,732,20250701,3952
20250701,医疗,hcg是什么,732,20250701,3953
20250701,医疗,脑白质高信号1级怎么治疗,732,20250701,3954
20250701,医疗,肌酸激酶偏低是什么问题,732,20250701,3955
20250701,医疗,夏天泡脚的好处与功效,732,20250701,3956
20250701,医疗,李子的功效和作用,731,20250701,3957
20250701,医疗,左室舒张功能减低什么意思,731,20250701,3958
20250701,医疗,流鼻血是什么原因引起的,730,20250701,3959
20250701,医疗,颈复康颗粒的功效与作用,730,20250701,3960
20250701,医疗,牙疼,730,20250701,3961
20250701,医疗,双氯芬酸钠肠溶片作用与用途,730,20250701,3962
20250701,医疗,新生儿黄疸如何快速消退,729,20250701,3963
20250701,医疗,急性胰腺炎,729,20250701,3964
20250701,医疗,更年期一般在什么年龄,729,20250701,3965
20250701,医疗,氨基酸输液的功效与作用是什么,729,20250701,3966
20250701,医疗,"乳腺结节4a级严重吗,要怎么治疗呢",729,20250701,3967
20250701,医疗,葡萄籽的功效与作用,729,20250701,3968
20250701,医疗,口腔溃疡怎么能快速治愈,728,20250701,3969
20250701,医疗,结节,728,20250701,3970
20250701,医疗,放屁特臭是什么原因造成的,728,20250701,3971
20250701,医疗,安徽医科大学第一附属医院,728,20250701,3972
20250701,医疗,老年痴呆的早期症状表现,728,20250701,3973
20250701,医疗,健脾除湿最快最好的中成药,728,20250701,3974
20250701,医疗,白癜风能治好吗能彻底根治吗,728,20250701,3975
20250701,医疗,前列腺钙化,728,20250701,3976
20250701,医疗,蛛网膜下腔出血,728,20250701,3977
20250701,医疗,吃荔枝会长胖吗,727,20250701,3978
20250701,医疗,盐酸伊托必利片的作用与功效,727,20250701,3979
20250701,医疗,阿奇霉素分散片,727,20250701,3980
20250701,医疗,半夜2点到3点老是醒来是什么原因,727,20250701,3981
20250701,医疗,妇幼保健院医院,727,20250701,3982
20250701,医疗,背上长痘痘什么原因导致的,727,20250701,3983
20250701,医疗,耳石症是怎么造成的,727,20250701,3984
20250701,医疗,黄精和什么搭配补肾效果最好,727,20250701,3985
20250701,医疗,神经性皮炎症状和原因,727,20250701,3986
20250701,医疗,穿心莲的作用与功效,726,20250701,3987
20250701,医疗,藤茶的功效与作用,726,20250701,3988
20250701,医疗,地皮菜的功效与作用,726,20250701,3989
20250701,医疗,保济丸,726,20250701,3990
20250701,医疗,排卵期小腹胀痛什么原因,726,20250701,3991
20250701,医疗,石斛功效作用与主治,726,20250701,3992
20250701,医疗,狗肉的功效与作用,725,20250701,3993
20250701,医疗,甲状腺癌,725,20250701,3994
20250701,医疗,琥珀酸亚铁片,725,20250701,3995
20250701,医疗,大姨妈黑褐色量少怎么回事,725,20250701,3996
20250701,医疗,血糖高,725,20250701,3997
20250701,医疗,脚底穴位,724,20250701,3998
20250701,医疗,内分泌失调女性有哪些症状,724,20250701,3999
20250701,医疗,土霉素片的作用和功效,724,20250701,4000
20250701,医疗,尿酸高不能吃什么食物,724,20250701,4001
20250701,医疗,下巴反复长痘痘红肿硬硬的怎么办,724,20250701,4002
20250701,医疗,朱砂的作用和效果及禁忌,724,20250701,4003
20250701,医疗,白带异常,724,20250701,4004
20250701,医疗,精神医学,724,20250701,4005
20250701,医疗,布洛芬缓释胶囊一次吃几粒,723,20250701,4006
20250701,医疗,哮喘,723,20250701,4007
20250701,医疗,肌酐高是怎么回事儿,723,20250701,4008
20250701,医疗,硫辛酸的作用与功效,723,20250701,4009
20250701,医疗,肺炎恢复期一般是多久,723,20250701,4010
20250701,医疗,肠息肉,723,20250701,4011
20250701,医疗,谷草/谷丙低是什么原因,722,20250701,4012
20250701,医疗,辅酶q10,722,20250701,4013
20250701,医疗,做胃肠镜之前需要做什么准备,722,20250701,4014
20250701,医疗,抑郁症测试题,722,20250701,4015
20250701,医疗,宫颈癌的早期症状,721,20250701,4016
20250701,医疗,葡萄糖偏高说明什么问题,721,20250701,4017
20250701,医疗,好大夫,721,20250701,4018
20250701,医疗,螺内酯片,721,20250701,4019
20250701,医疗,依折麦布片的功效和副作用,721,20250701,4020
20250701,医疗,黑蒜的功效和作用,721,20250701,4021
20250701,医疗,腹式呼吸的正确方法,720,20250701,4022
20250701,医疗,无创是检查什么,720,20250701,4023
20250701,医疗,陈香露白露片的功效与作用,720,20250701,4024
20250701,医疗,舌苔发白有齿痕中间有裂纹怎么回事,720,20250701,4025
20250701,医疗,干眼症的症状表现有哪些?,718,20250701,4026
20250701,医疗,耳朵流脓水怎么治疗最好,718,20250701,4027
20250701,医疗,阿司匹林肠溶片的正确吃法,718,20250701,4028
20250701,医疗,四君子汤,718,20250701,4029
20250701,医疗,幽门螺旋杆菌是由什么原因造成的,718,20250701,4030
20250701,医疗,人表皮生长因子凝胶作用,718,20250701,4031
20250701,医疗,头孢曲松钠的作用与功效,718,20250701,4032
20250701,医疗,胃炎,718,20250701,4033
20250701,医疗,汗多一动就大汗淋漓怎么回事,718,20250701,4034
20250701,医疗,卡介苗是预防什么的,718,20250701,4035
20250701,医疗,藿香的功效与作用,718,20250701,4036
20250701,医疗,阿莫西林胶囊的作用与功效说明书,718,20250701,4037
20250701,医疗,甲胎蛋白,717,20250701,4038
20250701,医疗,舔女性阴部有细菌吗会传染吗,717,20250701,4039
20250701,医疗,布地奈德鼻喷雾剂,717,20250701,4040
20250701,医疗,舌头总是有烧灼感疼怎么回事,717,20250701,4041
20250701,医疗,咳嗽喉咙痒怎么治最有效的方法,717,20250701,4042
20250701,医疗,退烧药有哪些药,717,20250701,4043
20250701,医疗,决明子的作用与功效与作用,717,20250701,4044
20250701,医疗,姨妈是黑褐色的怎么回事,717,20250701,4045
20250701,医疗,依达拉奉右莰醇的作用与功效,717,20250701,4046
20250701,医疗,大生化检查都包括什么项目,717,20250701,4047
20250701,医疗,生理盐水,717,20250701,4048
20250701,医疗,渐冻症,716,20250701,4049
20250701,医疗,吃完饭就想去大便怎么回事,716,20250701,4050
20250701,医疗,小排畸多少周做,716,20250701,4051
20250701,医疗,急性荨麻疹,716,20250701,4052
20250701,医疗,全身痒是怎么回事挠了越抓越痒,716,20250701,4053
20250701,医疗,氯吡格雷的功效和作用,716,20250701,4054
20250701,医疗,西红柿生吃的功效与作用,716,20250701,4055
20250701,医疗,念珠菌感染的主要原因,715,20250701,4056
20250701,医疗,小孩咳嗽快速止咳小妙招,715,20250701,4057
20250701,医疗,胃炎的表现症状有哪些,715,20250701,4058
20250701,医疗,脂蛋白a高是什么意思,715,20250701,4059
20250701,医疗,窦性心动过缓什么意思,715,20250701,4060
20250701,医疗,头皮起红疙瘩发痒是啥病怎么治疗,715,20250701,4061
20250701,医疗,桔梗的功效作用与主治,714,20250701,4062
20250701,医疗,齐鲁医院,714,20250701,4063
20250701,医疗,早搏,714,20250701,4064
20250701,医疗,咽炎吃什么药最好得快能根治,714,20250701,4065
20250701,医疗,首乌藤的功效与作用,714,20250701,4066
20250701,医疗,龟头,714,20250701,4067
20250701,医疗,面瘫,714,20250701,4068
20250701,医疗,莲藕的功效与作用,714,20250701,4069
20250701,医疗,麦冬图片,713,20250701,4070
20250701,医疗,性冷淡的表现症状有哪些,713,20250701,4071
20250701,医疗,曲唑酮片的功效及副作用,713,20250701,4072
20250701,医疗,高血压标准范围是多少,712,20250701,4073
20250701,医疗,支原体感染是什么症状,712,20250701,4074
20250701,医疗,乙肝的症状有哪些表现,712,20250701,4075
20250701,医疗,驼奶粉的好处和功效,712,20250701,4076
20250701,医疗,樱桃的功效与营养价值,712,20250701,4077
20250701,医疗,腰扭伤了如何快速恢复,712,20250701,4078
20250701,医疗,入睡困难是什么原因引起的,712,20250701,4079
20250701,医疗,葛根粉有什么作用与功效疗效,712,20250701,4080
20250701,医疗,人体穴位图,711,20250701,4081
20250701,医疗,手术后吃什么身体恢复快,711,20250701,4082
20250701,医疗,发烧可以开空调吗,711,20250701,4083
20250701,医疗,三子强肾胶囊的功效与作用,711,20250701,4084
20250701,医疗,细菌性阴道炎,711,20250701,4085
20250701,医疗,酮康唑乳膏,711,20250701,4086
20250701,医疗,甲硝锉,711,20250701,4087
20250701,医疗,结核病最常见的症状是,710,20250701,4088
20250701,医疗,逍遥丸的配方成分,710,20250701,4089
20250701,医疗,拔罐,710,20250701,4090
20250701,医疗,脚趾缝痒溃烂脱皮用什么药根除,710,20250701,4091
20250701,医疗,乙肝大三阳和小三阳的区别,709,20250701,4092
20250701,医疗,巴戟天,709,20250701,4093
20250701,医疗,白蛋白偏低是怎么回事,709,20250701,4094
20250701,医疗,土茯苓的功效和作用,709,20250701,4095
20250701,医疗,吃榴莲有什么好处和功效,709,20250701,4096
20250701,医疗,拉肚子吃什么好得最快最有效,709,20250701,4097
20250701,医疗,五脏六腑是指什么,709,20250701,4098
20250701,医疗,丙肝会不会传染给家人,709,20250701,4099
20250701,医疗,心脏彩超能检查出什么毛病,709,20250701,4100
20250701,医疗,氧氟沙星的功效与作用,708,20250701,4101
20250701,医疗,海豹胶囊有什么功效,708,20250701,4102
20250701,医疗,苍术,708,20250701,4103
20250701,医疗,痔疮疼痛怎么快速止痛消肿,708,20250701,4104
20250701,医疗,非布司他片最佳服用方法,708,20250701,4105
20250701,医疗,槟榔的危害性多大,708,20250701,4106
20250701,医疗,血管堵塞吃什么药好疏通见效快,708,20250701,4107
20250701,医疗,葛根功效作用与主治,708,20250701,4108
20250701,医疗,叶酸片的主要功效作用是什么,708,20250701,4109
20250701,医疗,神经痛怎么治疗最快最好,708,20250701,4110
20250701,医疗,霍香叶子的功效与作用,707,20250701,4111
20250701,医疗,亭亭玉立国色天香综合症图片,707,20250701,4112
20250701,医疗,高密度脂蛋白胆固醇,707,20250701,4113
20250701,医疗,大便不成形像烂泥一样怎么回事,707,20250701,4114
20250701,医疗,焦虑,707,20250701,4115
20250701,医疗,jxx,707,20250701,4116
20250701,医疗,菊花茶的功效作用与主治,707,20250701,4117
20250701,医疗,谷草转氨酶偏高的原因是什么意思,707,20250701,4118
20250701,医疗,新鲜莲子的作用与功效,707,20250701,4119
20250701,医疗,平均红细胞血红蛋白浓度偏低,707,20250701,4120
20250701,医疗,头疼,707,20250701,4121
20250701,医疗,克林霉素,707,20250701,4122
20250701,医疗,关节炎怎么治疗最好最快,707,20250701,4123
20250701,医疗,蒸荔枝的作用与功效,707,20250701,4124
20250701,医疗,心梗怎么治疗最好最快最有效,706,20250701,4125
20250701,医疗,奥司他韦颗粒小儿用法用量,706,20250701,4126
20250701,医疗,癌症,706,20250701,4127
20250701,医疗,依托考昔片,706,20250701,4128
20250701,医疗,蚕豆病,706,20250701,4129
20250701,医疗,晚上咳嗽白天不怎么咳嗽是什么原因,706,20250701,4130
20250701,医疗,湿疹是什么原因引起的,706,20250701,4131
20250701,医疗,广藿香的功效与作用,706,20250701,4132
20250701,医疗,华山医院,705,20250701,4133
20250701,医疗,亚麻籽油的功效和作用及食用方法,705,20250701,4134
20250701,医疗,黄葵胶囊的作用与功效,705,20250701,4135
20250701,医疗,肚脐眼,705,20250701,4136
20250701,医疗,五官是哪5个器官,705,20250701,4137
20250701,医疗,生脉饮党参方和人参方的区别,705,20250701,4138
20250701,医疗,渐冻症是一种什么病,705,20250701,4139
20250701,医疗,盐酸氨溴索分散片,705,20250701,4140
20250701,医疗,急性肠胃炎怎么治疗最快的方法,705,20250701,4141
20250701,医疗,结膜炎怎么治疗好得快,705,20250701,4142
20250701,医疗,吃芒果有什么好处和坏处,704,20250701,4143
20250701,医疗,生血宝合剂的功效和作用,704,20250701,4144
20250701,医疗,一个鸡蛋的热量是多少大卡,704,20250701,4145
20250701,医疗,流清鼻涕属于哪种感冒,704,20250701,4146
20250701,医疗,怀孕多久可以测出来,704,20250701,4147
20250701,医疗,盘龙七片的主治功效和作用,704,20250701,4148
20250701,医疗,出汗多一动就大汗淋漓该怎么调节,704,20250701,4149
20250701,医疗,肺癌最明显的一个征兆,704,20250701,4150
20250701,医疗,血燥皮肤痒最快解决方法,703,20250701,4151
20250701,医疗,ercp手术全称是什么,703,20250701,4152
20250701,医疗,蚊子喜欢叮咬什么血型的人?,703,20250701,4153
20250701,医疗,胆囊炎怎么治疗最有效最快的方法,703,20250701,4154
20250701,医疗,贝贝小南瓜的营养与功效,703,20250701,4155
20250701,医疗,头孢吃了多久可以喝酒,703,20250701,4156
20250701,医疗,食道癌从发现到死亡一般活多久,703,20250701,4157
20250701,医疗,防风,702,20250701,4158
20250701,医疗,后脑勺晕胀沉重有紧迫感怎么办,702,20250701,4159
20250701,医疗,手指关节痛什么原因,702,20250701,4160
20250701,医疗,老年人脚肿是什么原因引起的,702,20250701,4161
20250701,医疗,转呼啦圈真的可以瘦肚子吗,702,20250701,4162
20250701,医疗,辅酶q10的作用与功效,702,20250701,4163
20250701,医疗,红豆薏米水的作用与功效,701,20250701,4164
20250701,医疗,picc是什么意思,701,20250701,4165
20250701,医疗,多囊的症状有哪些表现,701,20250701,4166
20250701,医疗,冰糖的作用和功效,701,20250701,4167
20250701,医疗,诺氟沙星胶囊一次吃几粒,701,20250701,4168
20250701,医疗,地氯雷他定片的功效与作用,700,20250701,4169
20250701,医疗,九价疫苗,700,20250701,4170
20250701,医疗,肝癌,700,20250701,4171
20250701,医疗,金蝉的营养价值和功效,700,20250701,4172
20250701,医疗,赶黄草的作用与功效,700,20250701,4173
20250701,医疗,胆结石不手术可以排石吗,700,20250701,4174
20250701,医疗,益母草的功效与作用,700,20250701,4175
20250701,医疗,尿蛋白,700,20250701,4176
20250701,医疗,海姆立克急救法,699,20250701,4177
20250701,医疗,丁香的功效与作用,699,20250701,4178
20250701,医疗,诺如病毒,699,20250701,4179
20250701,医疗,雪菊泡水喝的功效与作用,699,20250701,4180
20250701,医疗,盐汽水喝多了对身体有害吗,699,20250701,4181
20250701,医疗,氟哌酸,698,20250701,4182
20250701,医疗,浦公英泡水喝有什么用,698,20250701,4183
20250701,医疗,维生素b6的作用和功效有哪些,698,20250701,4184
20250701,医疗,塞来昔布胶囊的功效与副作用,698,20250701,4185
20250701,医疗,莲子的作用与功效,698,20250701,4186
20250701,医疗,喉咙痒痒的老是想咳嗽是怎么回事,698,20250701,4187
20250701,医疗,解郁安神颗粒的功效作用,698,20250701,4188
20250701,医疗,咽炎,698,20250701,4189
20250701,医疗,丹皮酚软膏,698,20250701,4190
20250701,医疗,13岁男孩标准身高,698,20250701,4191
20250701,医疗,硫酸羟氯喹片,698,20250701,4192
20250701,医疗,尿路感染跟同房有关系吗,697,20250701,4193
20250701,医疗,早上起床头眩晕咋回事,697,20250701,4194
20250701,医疗,米曲菌胰酶片的功效与作用,697,20250701,4195
20250701,医疗,体检都是检查什么项目男性,697,20250701,4196
20250701,医疗,华海药业,697,20250701,4197
20250701,医疗,扁豆的功效与作用,697,20250701,4198
20250701,医疗,"胃炎吃啥药好用,管用,见效快",697,20250701,4199
20250701,医疗,李子是凉性还是热性,697,20250701,4200
20250701,医疗,龙胆草,697,20250701,4201
20250701,医疗,"从“胃炎”到“胃癌”,大概需要多少年?转给家人看看吧",696,20250701,4202
20250701,医疗,甲胎蛋白什么意思,696,20250701,4203
20250701,医疗,免疫治疗是怎么治疗,696,20250701,4204
20250701,医疗,花斑癣图片,696,20250701,4205
20250701,医疗,降血压吃什么最好最降得快最有效的方法,696,20250701,4206
20250701,医疗,胃胀气怎么办 简单有效的方法,696,20250701,4207
20250701,医疗,亚国宁祛湿贴真的有效吗,696,20250701,4208
20250701,医疗,脑出血有什么症状表现,696,20250701,4209
20250701,医疗,洛索洛芬钠凝胶贴膏,695,20250701,4210
20250701,医疗,红薯叶的功效与作用及营养价值,695,20250701,4211
20250701,医疗,络活喜,695,20250701,4212
20250701,医疗,奥硝唑片的功效与用法,695,20250701,4213
20250701,医疗,荔枝病,694,20250701,4214
20250701,医疗,胃痉挛,694,20250701,4215
20250701,医疗,糖尿病的症状有哪些,694,20250701,4216
20250701,医疗,柴胡疏肝散,694,20250701,4217
20250701,医疗,肾结石多少mm以上建议手术,694,20250701,4218
20250701,医疗,黄连,694,20250701,4219
20250701,医疗,樱桃是热性还是凉性,694,20250701,4220
20250701,医疗,o型血,694,20250701,4221
20250701,医疗,心电图能查出什么,693,20250701,4222
20250701,医疗,黄芪泡水能提高性功能吗,693,20250701,4223
20250701,医疗,腹部隐隐作痛啥原因,693,20250701,4224
20250701,医疗,双环醇片,693,20250701,4225
20250701,医疗,云南白药胶囊,693,20250701,4226
20250701,医疗,半夏的功效作用与主治,693,20250701,4227
20250701,医疗,柴胡疏肝散的功效与主治,693,20250701,4228
20250701,医疗,尿白细胞阳性是什么意思,692,20250701,4229
20250701,医疗,类风湿是什么原因引起的,692,20250701,4230
20250701,医疗,布洛芬多久起药效,692,20250701,4231
20250701,医疗,苏子叶的功效与作用,692,20250701,4232
20250701,医疗,华大基因,691,20250701,4233
20250701,医疗,二甲双胍缓释片的功效与副作用,691,20250701,4234
20250701,医疗,dha什么时候补充是最佳时间,691,20250701,4235
20250701,医疗,被猫咬了一口出血了需要打针吗,691,20250701,4236
20250701,医疗,宫颈病变是什么症状,691,20250701,4237
20250701,医疗,避孕措施哪种最好最安全,691,20250701,4238
20250701,医疗,生化了是什么意思算不算流产,690,20250701,4239
20250701,医疗,糖尿病足早期症状图片,690,20250701,4240
20250701,医疗,医院等级划分标准,690,20250701,4241
20250701,医疗,"hpv52阳性严重吗,需要怎么治疗呢",690,20250701,4242
20250701,医疗,热伤风的症状,690,20250701,4243
20250701,医疗,破伤风针多少小时内打,690,20250701,4244
20250701,医疗,罗红霉素分散片,690,20250701,4245
20250701,医疗,急性肠胃炎吃什么药,690,20250701,4246
20250701,医疗,尿肌酐高说明什么原因,690,20250701,4247
20250701,医疗,ast/alt代表什么,689,20250701,4248
20250701,医疗,金花茶的功效和作用,689,20250701,4249
20250701,医疗,经常拉肚子是什么原因,689,20250701,4250
20250701,医疗,前胡的功效与作用,689,20250701,4251
20250701,医疗,流产要休息多少天合适,689,20250701,4252
20250701,医疗,辛夷,689,20250701,4253
20250701,医疗,激素六项检查是检查什么,689,20250701,4254
20250701,医疗,总胆固醇高6.5严重吗,689,20250701,4255
20250701,医疗,盐酸氨溴索口服液,689,20250701,4256
20250701,医疗,藏红花的功效与作用,689,20250701,4257
20250701,医疗,青草膏的功效和用法,689,20250701,4258
20250701,医疗,虫草的功效与主治功能,689,20250701,4259
20250701,医疗,血塞通,688,20250701,4260
20250701,医疗,人中黄是什么东西,688,20250701,4261
20250701,医疗,乳头周围有小肉粒凸起就像小乳头一样,688,20250701,4262
20250701,医疗,脾虚湿气重吃什么药效果最好,688,20250701,4263
20250701,医疗,白果的功效与作用,688,20250701,4264
20250701,医疗,血糖高能吃西瓜吗,688,20250701,4265
20250701,医疗,"脚底长水泡很痒怎么办,用什么药",687,20250701,4266
20250701,医疗,羌活的功效与作用,687,20250701,4267
20250701,医疗,hib是什么疫苗,687,20250701,4268
20250701,医疗,板蓝根,687,20250701,4269
20250701,医疗,窦性心律不齐是什么意思?,687,20250701,4270
20250701,医疗,枸橼酸莫沙必利片的功效,687,20250701,4271
20250701,医疗,橄榄果的功效与作用,687,20250701,4272
20250701,医疗,喝醉酒后怎么解酒最有效,687,20250701,4273
20250701,医疗,西乐葆的功效与作用,687,20250701,4274
20250701,医疗,脾胃虚弱有什么症状表现,687,20250701,4275
20250701,医疗,餐后3个小时血糖应该是多少,687,20250701,4276
20250701,医疗,牛黄安宫丸的作用功效是什么,687,20250701,4277
20250701,医疗,"喉咙有异物感,咽部好像有东西堵塞,总感",687,20250701,4278
20250701,医疗,雌二醇片/雌二醇地屈孕酮片的作用,687,20250701,4279
20250701,医疗,碘伏能杀死脚气真菌吗,687,20250701,4280
20250701,医疗,汤臣倍健,687,20250701,4281
20250701,医疗,人流对女性伤害有多大,686,20250701,4282
20250701,医疗,拜新同,686,20250701,4283
20250701,医疗,布洛芬片一次吃多少片,686,20250701,4284
20250701,医疗,尿潜血一个加号是怎么回事,686,20250701,4285
20250701,医疗,颞下颌关节紊乱,685,20250701,4286
20250701,医疗,月经提前5到6天正常吗,685,20250701,4287
20250701,医疗,省人民医院,685,20250701,4288
20250701,医疗,脾氨肽口服冻干粉的作用与功效,685,20250701,4289
20250701,医疗,艾灸肚脐眼的好处与功效,685,20250701,4290
20250701,医疗,肛裂出血怎么办一拉屎就出血,685,20250701,4291
20250701,医疗,公务员体检标准项目表,685,20250701,4292
20250701,医疗,"眼睛痒的厉害,尤其是眼角,越揉越痒",685,20250701,4293
20250701,医疗,肠息肉是否必须切除,685,20250701,4294
20250701,医疗,总胆固醇,684,20250701,4295
20250701,医疗,疥疮的症状的照片,684,20250701,4296
20250701,医疗,桃胶,684,20250701,4297
20250701,医疗,直肠癌中晚期手术后能活多久,684,20250701,4298
20250701,医疗,紫苏叶和生姜煮水喝的功效和作用,684,20250701,4299
20250701,医疗,氨氯地平片的功效与作用和副作用,683,20250701,4300
20250701,医疗,孕妇不能吃哪些食物,683,20250701,4301
20250701,医疗,手足口病会传染大人么,683,20250701,4302
20250701,医疗,食管反流是什么症状表现,683,20250701,4303
20250701,医疗,空调病,683,20250701,4304
20250701,医疗,益生菌有什么作用和功效,683,20250701,4305
20250701,医疗,法半夏的功效作用与主治,683,20250701,4306
20250701,医疗,南瓜的功效与作用及营养价值,683,20250701,4307
20250701,医疗,筋膜炎,683,20250701,4308
20250701,医疗,葡萄糖酸钙锌口服溶液的作用与功效,683,20250701,4309
20250701,医疗,莫西沙星,683,20250701,4310
20250701,医疗,番泻叶的功效和副作用,683,20250701,4311
20250701,医疗,格列美脲片的功效与作用及副作用,682,20250701,4312
20250701,医疗,尿毒症早期症状,682,20250701,4313
20250701,医疗,涌泉在脚底哪个位置,682,20250701,4314
20250701,医疗,氨甲环酸,682,20250701,4315
20250701,医疗,黄芪的图片大全,682,20250701,4316
20250701,医疗,mdt医学上指什么,681,20250701,4317
20250701,医疗,mr是核磁共振吗,681,20250701,4318
20250701,医疗,氨糖的功效和作用,681,20250701,4319
20250701,医疗,他达拉非片,681,20250701,4320
20250701,医疗,酒萸肉的功效与作用,681,20250701,4321
20250701,医疗,赤芍的功效与作用,681,20250701,4322
20250701,医疗,氨糖软骨素片对膝盖疼真的好吗,681,20250701,4323
20250701,医疗,平板支撑的功效和作用,681,20250701,4324
20250701,医疗,糖类抗原ca19-9高多少才算肿瘤,681,20250701,4325
20250701,医疗,分娩,681,20250701,4326
20250701,医疗,喝咖啡的好处和坏处,681,20250701,4327
20250701,医疗,左上腹部隐痛的原因有哪些,681,20250701,4328
20250701,医疗,醋五味子的功效与作用,681,20250701,4329
20250701,医疗,尿酸,680,20250701,4330
20250701,医疗,黑便是什么原因造成的,680,20250701,4331
20250701,医疗,非那雄胺片功能主治和副作用,680,20250701,4332
20250701,医疗,生脉饮功效和作用主治,680,20250701,4333
20250701,医疗,外痔疮肉球突出怎么消除,680,20250701,4334
20250701,医疗,头孢克洛缓释片,680,20250701,4335
20250701,医疗,碳酸钙d3片的作用与功效和副作用,680,20250701,4336
20250701,医疗,甜叶菊功效作用与主治,680,20250701,4337
20250701,医疗,温度计夹在腋下几分钟,680,20250701,4338
20250701,医疗,肠炎宁,679,20250701,4339
20250701,医疗,梅毒的潜伏期一般为多长时间,679,20250701,4340
20250701,医疗,仁济医院,679,20250701,4341
20250701,医疗,佛手的功效作用与主治,679,20250701,4342
20250701,医疗,柴胡桂枝干姜汤,679,20250701,4343
20250701,医疗,色弱,679,20250701,4344
20250701,医疗,鸭蛋的功效与作用及营养,679,20250701,4345
20250701,医疗,黄精功效作用治疗什么病最好,679,20250701,4346
20250701,医疗,四宝茶的配方和功效与作用,678,20250701,4347
20250701,医疗,西红柿的营养价值及功效,678,20250701,4348
20250701,医疗,左手发麻是什么病征兆女,678,20250701,4349
20250701,医疗,特需门诊是什么意思,678,20250701,4350
20250701,医疗,三伏天吃什么排湿气寒气最好?,678,20250701,4351
20250701,医疗,肺结核会传染给家人吗,678,20250701,4352
20250701,医疗,阿立哌唑片的作用与功效,678,20250701,4353
20250701,医疗,心肺复苏的操作方法,678,20250701,4354
20250701,医疗,芡实图片,678,20250701,4355
20250701,医疗,鲫鱼汤的功效与作用,678,20250701,4356
20250701,医疗,耳朵疼痛什么原因,678,20250701,4357
20250701,医疗,灰指甲图片早期图片,678,20250701,4358
20250701,医疗,夏天吃姜有什么好处与功效,678,20250701,4359
20250701,医疗,昂利康,678,20250701,4360
20250701,医疗,"血栓是怎么引起的,能治好吗",678,20250701,4361
20250701,医疗,结膜炎有哪些症状,678,20250701,4362
20250701,医疗,甲亢的危害和严重性,678,20250701,4363
20250701,医疗,喉镜怎么做的 难受吗,677,20250701,4364
20250701,医疗,何首乌,677,20250701,4365
20250701,医疗,土豆减肥还是增肥,677,20250701,4366
20250701,医疗,两癌筛查主要查什么,677,20250701,4367
20250701,医疗,富马酸比索洛尔,677,20250701,4368
20250701,医疗,验孕棒,677,20250701,4369
20250701,医疗,游离甲状腺素高是怎么回事,677,20250701,4370
20250701,医疗,阴阳两虚吃什么药效果最好男,677,20250701,4371
20250701,医疗,腰肌劳损,676,20250701,4372
20250701,医疗,来曲唑片的作用与功效,676,20250701,4373
20250701,医疗,胆结石的表现症状有哪些症状,676,20250701,4374
20250701,医疗,尿道炎症有什么症状和现象,676,20250701,4375
20250701,医疗,体检前一天需要注意什么,676,20250701,4376
20250701,医疗,盐酸克林霉素棕榈酸分散片 功效和作用,676,20250701,4377
20250701,医疗,血常规检查主要看哪几项指标,675,20250701,4378
20250701,医疗,足跟底疼痛的原因和治疗方法,675,20250701,4379
20250701,医疗,氨基丁酸,675,20250701,4380
20250701,医疗,经常口腔溃疡是什么原因导致的,675,20250701,4381
20250701,医疗,右下腹疼是怎么回事女性,675,20250701,4382
20250701,医疗,麦冬的功效作用与主治,675,20250701,4383
20250701,医疗,麻黄的功效与作用与主治,675,20250701,4384
20250701,医疗,西洋参上火还是降火,674,20250701,4385
20250701,医疗,皮下注射,674,20250701,4386
20250701,医疗,血小板计数偏高是什么意思,674,20250701,4387
20250701,医疗,十八反十九畏歌诀,674,20250701,4388
20250701,医疗,皮肤痒是身体哪里出问题了,674,20250701,4389
20250701,医疗,ev71是什么疫苗,674,20250701,4390
20250701,医疗,酒精中毒的症状及表现,674,20250701,4391
20250701,医疗,扁桃体切除有什么后遗症和危害,674,20250701,4392
20250701,医疗,右手发麻是什么原因女性,674,20250701,4393
20250701,医疗,荔枝是热性的还是凉性的,674,20250701,4394
20250701,医疗,桑葚酒的功效和作用,674,20250701,4395
20250701,医疗,肝经的经络走向图及功效,674,20250701,4396
20250701,医疗,乙肝疫苗多少钱一针,673,20250701,4397
20250701,医疗,麻疹,673,20250701,4398
20250701,医疗,月经来了十多天还不停是什么原因,673,20250701,4399
20250701,医疗,全蝎的功效作用与主治,673,20250701,4400
20250701,医疗,钠对人体有什么作用,673,20250701,4401
20250701,医疗,肝血管瘤,673,20250701,4402
20250701,医疗,腕管综合征,673,20250701,4403
20250701,医疗,碳14呼气试验,673,20250701,4404
20250701,医疗,牛磺酸的功效与作用,672,20250701,4405
20250701,医疗,人工牛黄甲硝唑胶囊的作用,672,20250701,4406
20250701,医疗,血红蛋白正常值范围,672,20250701,4407
20250701,医疗,野菊花的功效和作用,672,20250701,4408
20250701,医疗,脚后跟干裂起硬皮裂口子什么原因,672,20250701,4409
20250701,医疗,甲流的症状和表现,672,20250701,4410
20250701,医疗,高血压挂什么科就诊,672,20250701,4411
20250701,医疗,血脂高的人不宜吃的食物有哪些,672,20250701,4412
20250701,医疗,麦冬的功效与作用,671,20250701,4413
20250701,医疗,氨溴特罗口服溶液,671,20250701,4414
20250701,医疗,艾普拉唑肠溶片的作用与功效,671,20250701,4415
20250701,医疗,ph值酸碱对照表,671,20250701,4416
20250701,医疗,左旋肉碱,671,20250701,4417
20250701,医疗,甲醛中毒都有哪些症状,671,20250701,4418
20250701,医疗,中风,671,20250701,4419
20250701,医疗,凝血功能不好是什么原因,671,20250701,4420
20250701,医疗,ecmo,671,20250701,4421
20250701,医疗,卒中是什么意思,671,20250701,4422
20250701,医疗,风池穴,671,20250701,4423
20250701,医疗,鸡屎藤的功效与作用,670,20250701,4424
20250701,医疗,西葫芦的功效与作用,670,20250701,4425
20250701,医疗,藿香正气水一天能喝几支,670,20250701,4426
20250701,医疗,健胃消食片饭前吃还是饭后吃效果好,670,20250701,4427
20250701,医疗,"乳腺癌分为几级,哪级最严重",670,20250701,4428
20250701,医疗,乳酸菌素片,669,20250701,4429
20250701,医疗,木耳泡多久就不能吃了,669,20250701,4430
20250701,医疗,胆囊炎胆结石忌口忌什么东西不能吃,669,20250701,4431
20250701,医疗,多酶片的作用与功效,669,20250701,4432
20250701,医疗,维生素c的作用和功效有哪些,668,20250701,4433
20250701,医疗,益母草图片,668,20250701,4434
20250701,医疗,黑木耳的功效与作用,668,20250701,4435
20250701,医疗,嘴唇,668,20250701,4436
20250701,医疗,血常规能查出哪些疾病,668,20250701,4437
20250701,医疗,木蝴蝶的功效与作用,668,20250701,4438
20250701,医疗,牛油果的营养价值及功效,668,20250701,4439
20250701,医疗,锁阳,668,20250701,4440
20250701,医疗,躯体化症状是什么,668,20250701,4441
20250701,医疗,凤梨的功效与作用,668,20250701,4442
20250701,医疗,甘草片功效作用与主治,668,20250701,4443
20250701,医疗,大便粘马桶冲不掉什么原因,667,20250701,4444
20250701,医疗,人工牛黄甲硝唑胶囊作用与功效,667,20250701,4445
20250701,医疗,胆汁反流性胃炎怎么治疗最好最快,667,20250701,4446
20250701,医疗,类风湿性关节炎,667,20250701,4447
20250701,医疗,过敏性紫癜的最佳治疗方案,667,20250701,4448
20250701,医疗,醋泡花生米有什么功效,667,20250701,4449
20250701,医疗,桂枝茯苓丸的功效与主治,667,20250701,4450
20250701,医疗,桂枝茯苓胶囊,667,20250701,4451
20250701,医疗,吃玉米到底会长胖还是能减肥,666,20250701,4452
20250701,医疗,葡萄干的功效与作用,666,20250701,4453
20250701,医疗,美托洛尔,666,20250701,4454
20250701,医疗,汗疱疹用什么药膏,666,20250701,4455
20250701,医疗,猩红热病是什么症状,666,20250701,4456
20250701,医疗,渐冻症早期症状是什么表现,666,20250701,4457
20250701,医疗,怀孕几天能测出来,666,20250701,4458
20250701,医疗,蚊子咬了红肿很大很硬怎么消除,666,20250701,4459
20250701,医疗,伸筋草的功效作用与主治,666,20250701,4460
20250701,医疗,左胸部上方疼是怎么回事呢,666,20250701,4461
20250701,医疗,奥沙西泮片,666,20250701,4462
20250701,医疗,胖大海,666,20250701,4463
20250701,医疗,小腿疼痛要警惕三种病,665,20250701,4464
20250701,医疗,口腔癌早期有什么征兆,665,20250701,4465
20250701,医疗,化疗期间吃什么最好增强免疫力,665,20250701,4466
20250701,医疗,胃食管反流,665,20250701,4467
20250701,医疗,大三阳和小三阳区别,665,20250701,4468
20250701,医疗,牛奶是凉性还是热性,665,20250701,4469
20250701,医疗,大腿根疼是什么原因,665,20250701,4470
20250701,医疗,护肝吃什么药最好最有效,665,20250701,4471
20250701,医疗,心脉受损,664,20250701,4472
20250701,医疗,雷公藤多苷片的功效与作用,664,20250701,4473
20250701,医疗,贲门,664,20250701,4474
20250701,医疗,乌梅丸的功效与作用和主治,664,20250701,4475
20250701,医疗,广东省人民医院,664,20250701,4476
20250701,医疗,扁平足,663,20250701,4477
20250701,医疗,百度医生在线问诊,663,20250701,4478
20250701,医疗,鬼针草,663,20250701,4479
20250701,医疗,测血糖的最佳时间和注意事项,663,20250701,4480
20250701,医疗,汗疱疹是什么原因引起的,663,20250701,4481
20250701,医疗,桂圆的功效和作用,663,20250701,4482
20250701,医疗,玄麦甘桔颗粒的功能主治,663,20250701,4483
20250701,医疗,哈药股份,663,20250701,4484
20250701,医疗,开塞露挤进去多久排便,663,20250701,4485
20250701,医疗,心火旺盛的表现症状有哪些,663,20250701,4486
20250701,医疗,幽门螺杆菌怎么治疗才能彻底除根,662,20250701,4487
20250701,医疗,金银花和菊花一起泡水喝的功效,662,20250701,4488
20250701,医疗,济生肾气丸的功效与作用,662,20250701,4489
20250701,医疗,排卵是什么症状和感觉,662,20250701,4490
20250701,医疗,慢性咽炎,662,20250701,4491
20250701,医疗,吡拉西坦片作用与功效,662,20250701,4492
20250701,医疗,骨髓瘤,662,20250701,4493
20250701,医疗,金莲花的功效与作用,662,20250701,4494
20250701,医疗,肺功能检查主要检查什么,662,20250701,4495
20250701,医疗,窦性心动过速,662,20250701,4496
20250701,医疗,扑尔敏,662,20250701,4497
20250701,医疗,血常规检查需要空腹吗,662,20250701,4498
20250701,医疗,带状疱疹会传染吗给别人吗,662,20250701,4499
20250701,医疗,稳心颗粒,661,20250701,4500
20250701,医疗,解脲支原体阳性是什么意思,661,20250701,4501
20250701,医疗,替米沙坦片的功效与副作用,661,20250701,4502
20250701,医疗,眼压高是什么症状.后果严重吗,661,20250701,4503
20250701,医疗,穿心莲的功效作用与主治,661,20250701,4504
20250701,医疗,阿昔洛韦乳膏,661,20250701,4505
20250701,医疗,宫外孕一般多少天开始肚子疼,661,20250701,4506
20250701,医疗,低血压吃什么食物能补上来,661,20250701,4507
20250701,医疗,力补金秋胶囊的功效和作用,660,20250701,4508
20250701,医疗,香丹注射注液功效,660,20250701,4509
20250701,医疗,黄芪配什么提高性功能,660,20250701,4510
20250701,医疗,硝酸咪康唑乳膏的功能主治,660,20250701,4511
20250701,医疗,青皮的功效作用与主治,660,20250701,4512
20250701,医疗,甲硝唑栓,660,20250701,4513
20250701,医疗,妇科检查有哪几项必须做的,660,20250701,4514
20250701,医疗,腹泻拉稀水最快的治疗方法,660,20250701,4515
20250701,医疗,达克宁,660,20250701,4516
20250701,医疗,痔疮出血怎么办一拉屎就出血,660,20250701,4517
20250701,医疗,白血病一般能活多久,660,20250701,4518
20250701,医疗,hiv初期最常见症状,660,20250701,4519
20250701,医疗,北京天坛医院,659,20250701,4520
20250701,医疗,乙肝有什么明显的症状,659,20250701,4521
20250701,医疗,川崎病,659,20250701,4522
20250701,医疗,决明子泡水喝的用途,659,20250701,4523
20250701,医疗,火龙果是热性还是凉性,659,20250701,4524
20250701,医疗,姜黄,659,20250701,4525
20250701,医疗,橄榄油的正确吃法和用法,659,20250701,4526
20250701,医疗,碱性磷酸酶,659,20250701,4527
20250701,医疗,肺俞的准确位置图片,659,20250701,4528
20250701,医疗,肺栓塞,659,20250701,4529
20250701,医疗,头孢哌酮钠舒巴坦钠,659,20250701,4530
20250701,医疗,百香果的功效与作用及营养价值,659,20250701,4531
20250701,医疗,木香顺气丸,658,20250701,4532
20250701,医疗,肝火旺盛的表现症状有哪些,658,20250701,4533
20250701,医疗,小米粥是降糖还是升糖,658,20250701,4534
20250701,医疗,正常血糖值是多少,657,20250701,4535
20250701,医疗,代孕,657,20250701,4536
20250701,医疗,肺炎,657,20250701,4537
20250701,医疗,玄麦甘桔颗粒的功效与作用,657,20250701,4538
20250701,医疗,终末的医院,657,20250701,4539
20250701,医疗,肾气不足有什么症状,657,20250701,4540
20250701,医疗,血脂稠高怎么调理才能彻底根除,657,20250701,4541
20250701,医疗,苏黄止咳胶囊,657,20250701,4542
20250701,医疗,正常血压值的标准范围是多少,657,20250701,4543
20250701,医疗,流鼻血的正确止血方法,657,20250701,4544
20250701,医疗,桦褐孔菌的功效与作用,657,20250701,4545
20250701,医疗,"脚麻腿麻是什么原因引起的,怎么解决",657,20250701,4546
20250701,医疗,退烧药,656,20250701,4547
20250701,医疗,霉菌性阴道炎用什么药好得快彻底,656,20250701,4548
20250701,医疗,舌头有齿痕是什么原因怎么调理,656,20250701,4549
20250701,医疗,银杏果的正确吃法和功效,656,20250701,4550
20250701,医疗,恶性肿瘤就是癌症的意思吗?,656,20250701,4551
20250701,医疗,红霉素眼膏和红霉素软膏的区别,656,20250701,4552
20250701,医疗,徐长卿的功效与作用,655,20250701,4553
20250701,医疗,氯雷他定的功效与作用,655,20250701,4554
20250701,医疗,干燥综合症,655,20250701,4555
20250701,医疗,荨麻疹是怎么染上的,655,20250701,4556
20250701,医疗,北京同仁医院,655,20250701,4557
20250701,医疗,性生活不硬怎么恢复?,655,20250701,4558
20250701,医疗,鹿角胶的作用与功效,655,20250701,4559
20250701,医疗,膻中穴,655,20250701,4560
20250701,医疗,马蜂蜇人怎么消肿止痒,655,20250701,4561
20250701,医疗,降糖药效果最好的是什么药,654,20250701,4562
20250701,医疗,hpv可以治愈吗,654,20250701,4563
20250701,医疗,手臂上有红色的小血点,654,20250701,4564
20250701,医疗,头皮屑严重怎么治才能除根,654,20250701,4565
20250701,医疗,疱疹用什么药好得最快最有效,654,20250701,4566
20250701,医疗,番石榴的功效与作用,654,20250701,4567
20250701,医疗,怀孕初期吃什么补充营养,654,20250701,4568
20250701,医疗,吃西瓜有什么好处和功效,654,20250701,4569
20250701,医疗,山西医科大学第一医院,653,20250701,4570
20250701,医疗,皮质醇过高的表现,653,20250701,4571
20250701,医疗,阳气不足怎么补阳气,653,20250701,4572
20250701,医疗,胆固醇高吃什么可以降下来,653,20250701,4573
20250701,医疗,结石疼怎么办快速止疼,653,20250701,4574
20250701,医疗,唇炎的症状和图片,652,20250701,4575
20250701,医疗,导管,652,20250701,4576
20250701,医疗,肠梗阻是因为什么原因引起的,652,20250701,4577
20250701,医疗,男孩子割包皮最佳年龄,652,20250701,4578
20250701,医疗,乳癖消片的功效与作用,652,20250701,4579
20250701,医疗,随机血糖正常值是多少,652,20250701,4580
20250701,医疗,盐酸左氧氟沙星片一次吃几粒,652,20250701,4581
20250701,医疗,李子吃多了对人有什么害处,651,20250701,4582
20250701,医疗,黑顺片的功效作用与主治,651,20250701,4583
20250701,医疗,睿智医药,651,20250701,4584
20250701,医疗,头孢氨苄胶囊的作用与功效,651,20250701,4585
20250701,医疗,"鼻炎的症状有哪些表现,怎么治疗",651,20250701,4586
20250701,医疗,苯溴马隆片的作用与功效,651,20250701,4587
20250701,医疗,头晕是什么原因引起,651,20250701,4588
20250701,医疗,罗非鱼为什么不建议吃,651,20250701,4589
20250701,医疗,螨虫图片,651,20250701,4590
20250701,医疗,射频消融手术是怎样的手术,650,20250701,4591
20250701,医疗,白芥子的功效与作用,650,20250701,4592
20250701,医疗,人参的功效作用与主治,650,20250701,4593
20250701,医疗,硫酸镁的作用与功效,650,20250701,4594
20250701,医疗,荔枝上火吗,650,20250701,4595
20250701,医疗,"抽筋是什么原因引起的,怎么治",650,20250701,4596
20250701,医疗,重庆医科大学附属第一医院,650,20250701,4597
20250701,医疗,减肥吃什么瘦得比较快,650,20250701,4598
20250701,医疗,打呼噜是什么原因引起的,650,20250701,4599
20250701,医疗,"胆囊息肉是怎么回事,严重吗?这个病",650,20250701,4600
20250701,医疗,肛周脓肿的最佳治疗方法,650,20250701,4601
20250701,医疗,丝状疣用什么药膏一涂就掉,649,20250701,4602
20250701,医疗,乳铁蛋白作用与功效,649,20250701,4603
20250701,医疗,吃荔枝后喝什么去火,649,20250701,4604
20250701,医疗,吃中药期间不能吃的东西有哪些,649,20250701,4605
20250701,医疗,加味逍遥丸,649,20250701,4606
20250701,医疗,五指毛桃党参黄芪伏湿汤的功效与作用,649,20250701,4607
20250701,医疗,獾子油的作用与功效,648,20250701,4608
20250701,医疗,鸡眼怎么治疗能根除,648,20250701,4609
20250701,医疗,归脾丸成分配方,648,20250701,4610
20250701,医疗,脑出血,648,20250701,4611
20250701,医疗,灯笼草的功效与作用主治,648,20250701,4612
20250701,医疗,吃布洛芬可以喝酒吗,648,20250701,4613
20250701,医疗,戒断反应,648,20250701,4614
20250701,医疗,骨折恢复过程中的四大禁忌,648,20250701,4615
20250701,医疗,湘雅医院,648,20250701,4616
20250701,医疗,苏黄止咳胶囊的作用与功效,647,20250701,4617
20250701,医疗,玻璃酸钠滴眼液作用,647,20250701,4618
20250701,医疗,皮疹,647,20250701,4619
20250701,医疗,薤白的功效与作用,647,20250701,4620
20250701,医疗,肚子疼,647,20250701,4621
20250701,医疗,一个馒头的热量是多少大卡,647,20250701,4622
20250701,医疗,甲氨蝶呤的作用与功效及副作用,647,20250701,4623
20250701,医疗,替戈拉生片的功效与作用,647,20250701,4624
20250701,医疗,藿香正气水滴到肚脐眼里有啥功效和作用,647,20250701,4625
20250701,医疗,跳绳减肥一天跳多少个可以减脂,647,20250701,4626
20250701,医疗,宫颈息肉是什么原因造成的,646,20250701,4627
20250701,医疗,"巧克力囊肿是什么原因造成的,能治好吗?",646,20250701,4628
20250701,医疗,牛膝的功效作用与主治,646,20250701,4629
20250701,医疗,牙疼吃什么药既能消炎又能止痛,646,20250701,4630
20250701,医疗,冰片的作用与功效,646,20250701,4631
20250701,医疗,过敏性皮炎,646,20250701,4632
20250701,医疗,畸胎瘤,646,20250701,4633
20250701,医疗,利巴韦林,646,20250701,4634
20250701,医疗,氧氟沙星滴眼液,646,20250701,4635
20250701,医疗,火龙果含糖量高吗,646,20250701,4636
20250701,医疗,龙胆草的作用与功能主治,646,20250701,4637
20250701,医疗,葡萄胎,645,20250701,4638
20250701,医疗,球蛋白偏高说明什么问题,645,20250701,4639
20250701,医疗,尿路感染是怎么引起的 原因有哪些症状,645,20250701,4640
20250701,医疗,鱼腥草图片,645,20250701,4641
20250701,医疗,幽门螺旋杆菌是一种什么病,645,20250701,4642
20250701,医疗,奥美拉挫肠溶胶囊的功能和主治,645,20250701,4643
20250701,医疗,支原体感染,644,20250701,4644
20250701,医疗,风热和风寒感冒的区别,644,20250701,4645
20250701,医疗,霉菌性阴道炎是什么原因引起的,644,20250701,4646
20250701,医疗,屁多的人是什么病的征兆,644,20250701,4647
20250701,医疗,小肚子疼是怎么回事女性,643,20250701,4648
20250701,医疗,夏天喝什么茶最好,643,20250701,4649
20250701,医疗,杵状指,643,20250701,4650
20250701,医疗,体温35.5-35.9正常吗,643,20250701,4651
20250701,医疗,炉甘石,643,20250701,4652
20250701,医疗,双肺纹理增多是什么意思严重吗,643,20250701,4653
20250701,医疗,二陈汤的配方,643,20250701,4654
20250701,医疗,白鲜皮的功效作用与主治,643,20250701,4655
20250701,医疗,游泳对身体有什么好处,643,20250701,4656
20250701,医疗,肺气虚的表现与症状,642,20250701,4657
20250701,医疗,白芍的功效与作用,642,20250701,4658
20250701,医疗,乙肝疫苗可以管几年,642,20250701,4659
20250701,医疗,肾阴虚,642,20250701,4660
20250701,医疗,腔隙性脑梗塞是什么意思,642,20250701,4661
20250701,医疗,紫苏叶的功效作用与主治,642,20250701,4662
20250701,医疗,妥布霉素地塞米松滴眼液,642,20250701,4663
20250701,医疗,当归和什么搭配补气补血最佳,641,20250701,4664
20250701,医疗,知母的功效与作用,641,20250701,4665
20250701,医疗,黄色软便正常么,641,20250701,4666
20250701,医疗,依巴斯汀片,641,20250701,4667
20250701,医疗,手淫过度早迣可以恢复吗,641,20250701,4668
20250701,医疗,胆囊炎吃什么药效果最好,641,20250701,4669
20250701,医疗,蒲公英的功效作用与主治,641,20250701,4670
20250701,医疗,白内障是什么原因引起的,640,20250701,4671
20250701,医疗,类风湿性关节炎的症状是什么,640,20250701,4672
20250701,医疗,被虫子咬了红肿很硬痒怎么办,640,20250701,4673
20250701,医疗,硬下疳,640,20250701,4674
20250701,医疗,股藓,640,20250701,4675
20250701,医疗,硼砂的作用与功效,640,20250701,4676
20250701,医疗,五红汤的功效与作用,640,20250701,4677
20250701,医疗,玫瑰花茶的功效与作用,640,20250701,4678
20250701,医疗,塞来昔布胶囊0.2g一次吃几粒,640,20250701,4679
20250701,医疗,派瑞松软膏的作用和功效,640,20250701,4680
20250701,医疗,疖肿,640,20250701,4681
20250701,医疗,地舒单抗的功效和副作用,640,20250701,4682
20250701,医疗,眩晕症,639,20250701,4683
20250701,医疗,退黑色素有哪些好处和坏处,639,20250701,4684
20250701,医疗,三豆饮的作用与功效,639,20250701,4685
20250701,医疗,血液粘稠怎么调理最快最有效,639,20250701,4686
20250701,医疗,视网膜脱落有什么症状表现,639,20250701,4687
20250701,医疗,附子,639,20250701,4688
20250701,医疗,药物制剂,639,20250701,4689
20250701,医疗,下面长了一个像痘痘一样的疙瘩,639,20250701,4690
20250701,医疗,口腔溃疡的主要原因是什么,638,20250701,4691
20250701,医疗,奥氮平,638,20250701,4692
20250701,医疗,夜交藤的作用和功效,638,20250701,4693
20250701,医疗,恶露一般多久排干净,638,20250701,4694
20250701,医疗,胞磷胆碱钠片的作用与功效,638,20250701,4695
20250701,医疗,牛膝,638,20250701,4696
20250701,医疗,多巴胺的功效与作用,638,20250701,4697
20250701,医疗,雷尼替丁作用与功效,638,20250701,4698
20250701,医疗,阿莫西林是消炎药么,637,20250701,4699
20250701,医疗,验孕棒什么时候测准确,637,20250701,4700
20250701,医疗,尿酸高的原因,637,20250701,4701
20250701,医疗,被仓鼠咬了出血了需要打疫苗吗,637,20250701,4702
20250701,医疗,土鳖虫,637,20250701,4703
20250701,医疗,金银花的功效和作用,637,20250701,4704
20250701,医疗,蚕蛹补肾胶囊的功效与作用,637,20250701,4705
20250701,医疗,腺样体肥大,637,20250701,4706
20250701,医疗,谷维素为什么叫死亡激素,637,20250701,4707
20250701,医疗,太子参,637,20250701,4708
20250701,医疗,ADHD,637,20250701,4709
20250701,医疗,喉咙疼痛一咽口水就疼和甲状腺有关吗,637,20250701,4710
20250701,医疗,肠炎宁片功效主治,637,20250701,4711
20250701,医疗,"烧心是什么原因引起的,怎么解决",637,20250701,4712
20250701,医疗,木耳过夜还能吃不,637,20250701,4713
20250701,医疗,空腹吃香蕉可以吗?,637,20250701,4714
20250701,医疗,连花清瘟胶囊,636,20250701,4715
20250701,医疗,便血,636,20250701,4716
20250701,医疗,上海第九人民医院,636,20250701,4717
20250701,医疗,痣疮,636,20250701,4718
20250701,医疗,荔枝热量,635,20250701,4719
20250701,医疗,宫颈炎,635,20250701,4720
20250701,医疗,肾小球滤过率低于90就是肾功能不全了?,635,20250701,4721
20250701,医疗,ibm体重指数,635,20250701,4722
20250701,医疗,嗓子嘶哑怎么治最快最有效,635,20250701,4723
20250701,医疗,心宝丸的功效和作用,635,20250701,4724
20250701,医疗,丹参滴丸,635,20250701,4725
20250701,医疗,大腹皮的功效与作用,635,20250701,4726
20250701,医疗,盐酸曲唑酮片,635,20250701,4727
20250701,医疗,盐杜仲的功效与作用,634,20250701,4728
20250701,医疗,参苓白术丸的功效与作用,634,20250701,4729
20250701,医疗,血糖高吃什么食物最好最佳,634,20250701,4730
20250701,医疗,唐筛检查主要是查什么,634,20250701,4731
20250701,医疗,二甲双胍缓释片,634,20250701,4732
20250701,医疗,胸部胀疼是怎么回事,634,20250701,4733
20250701,医疗,钾高的症状及危害,634,20250701,4734
20250701,医疗,厌食症的症状表现有哪些,634,20250701,4735
20250701,医疗,紫癜的早期症状图片,634,20250701,4736
20250701,医疗,痔疮手术无痛微创手术多少钱,634,20250701,4737
20250701,医疗,淫羊藿的功效与作用,634,20250701,4738
20250701,医疗,依帕司他片作用与功效,634,20250701,4739
20250701,医疗,心肌缺血的表现症状有哪些,634,20250701,4740
20250701,医疗,牛肉的功效与作用,634,20250701,4741
20250701,医疗,多种维生素b族的功效和作用,633,20250701,4742
20250701,医疗,桃仁的作用和功效,633,20250701,4743
20250701,医疗,紫河车,633,20250701,4744
20250701,医疗,头疼的原因有哪些,633,20250701,4745
20250701,医疗,蚕豆的功效与作用,633,20250701,4746
20250701,医疗,牙疼怎么回事是什么原因引起的,633,20250701,4747
20250701,医疗,浅表性胃炎吃什么药效果好,633,20250701,4748
20250701,医疗,白癜风会传染吗,633,20250701,4749
20250701,医疗,吃中药忌口都忌什么,632,20250701,4750
20250701,医疗,黄桃是热性还是凉性,632,20250701,4751
20250701,医疗,氯雷他定片的作用与功效,632,20250701,4752
20250701,医疗,脾,632,20250701,4753
20250701,医疗,盐酸米诺环素胶囊的作用和功效,632,20250701,4754
20250701,医疗,心率低40-50之间该怎么治疗,632,20250701,4755
20250701,医疗,"小便刺痛,尿不干净,老感觉想尿",632,20250701,4756
20250701,医疗,秦艽泡水喝能提高性功能吗,632,20250701,4757
20250701,医疗,肌酐高怎么办降肌酐最佳方法,631,20250701,4758
20250701,医疗,氟桂利嗪胶囊的功效与主治,631,20250701,4759
20250701,医疗,他汀类降脂药最大的副作用是什么,631,20250701,4760
20250701,医疗,右眼皮一直跳是因为什么原因,631,20250701,4761
20250701,医疗,血管瘤的最佳消除方法,631,20250701,4762
20250701,医疗,头晕挂什么号挂哪个科,631,20250701,4763
20250701,医疗,糖尿病血糖标准范围是多少,631,20250701,4764
20250701,医疗,黄皮的功效与作用,631,20250701,4765
20250701,医疗,割包皮手术一般多少钱,630,20250701,4766
20250701,医疗,心火旺吃什么降心火,630,20250701,4767
20250701,医疗,生脉饮的功效与作用和适用人群,630,20250701,4768
20250701,医疗,献血的条件和标准,630,20250701,4769
20250701,医疗,剖腹产后多久可以同房,630,20250701,4770
20250701,医疗,肛裂怎么快速愈合用什么药,630,20250701,4771
20250701,医疗,格列美脲片,629,20250701,4772
20250701,医疗,佛手柑,629,20250701,4773
20250701,医疗,面瘫怎么治疗最好的方法,629,20250701,4774
20250701,医疗,避孕药哪种最好最安全,629,20250701,4775
20250701,医疗,迈之灵片,629,20250701,4776
20250701,医疗,地黄,629,20250701,4777
20250701,医疗,黄芪的功效与主治,629,20250701,4778
20250701,医疗,人体内脏位置结构图解,629,20250701,4779
20250701,医疗,餐后血糖值是多少正常,628,20250701,4780
20250701,医疗,九典制药,628,20250701,4781
20250701,医疗,妇科千金片的功效与作用,628,20250701,4782
20250701,医疗,处女破膜之后会有什么症状,628,20250701,4783
20250701,医疗,骶髂关节炎疼痛位置图,628,20250701,4784
20250701,医疗,柿子叶的功效与作用,628,20250701,4785
20250701,医疗,糜烂病gl,628,20250701,4786
20250701,医疗,指甲有竖条纹是什么原因,628,20250701,4787
20250701,医疗,丙肝,628,20250701,4788
20250701,医疗,白芨有什么作用和功效,628,20250701,4789
20250701,医疗,甘草片,628,20250701,4790
20250701,医疗,o型血的优点和缺点,628,20250701,4791
20250701,医疗,维生素b2片的功效与作用,628,20250701,4792
20250701,医疗,粗粮有哪些食物,628,20250701,4793
20250701,医疗,PTSD,628,20250701,4794
20250701,医疗,银耳红枣枸杞汤的功效与作用,627,20250701,4795
20250701,医疗,胃苏颗粒的功效和作用,627,20250701,4796
20250701,医疗,舌头根部长了凸起肉粒有异物感,627,20250701,4797
20250701,医疗,血小板分布宽度偏高有什么危害,627,20250701,4798
20250701,医疗,化疗,626,20250701,4799
20250701,医疗,马来酸氟伏沙明片,626,20250701,4800
20250701,医疗,尿酸高八吃八不吃,626,20250701,4801
20250701,医疗,bnp医学上是什么意思,626,20250701,4802
20250701,医疗,颈椎痛怎么治疗最好最快最有效,626,20250701,4803
20250701,医疗,白血病早期出现什么症状,626,20250701,4804
20250701,医疗,白芷图片,626,20250701,4805
20250701,医疗,四甲基甲卡西硐是什么药,626,20250701,4806
20250701,医疗,辛伐他汀片的作用与功效,625,20250701,4807
20250701,医疗,促甲状腺激素低是什么原因怎么办,625,20250701,4808
20250701,医疗,炒白芍的功效与作用,625,20250701,4809
20250701,医疗,玫瑰痤疮怎么治才能彻底根除,625,20250701,4810
20250701,医疗,辣椒的功效与作用,625,20250701,4811
20250701,医疗,奥美沙坦酯片,625,20250701,4812
20250701,医疗,直系亲属可以输血吗,625,20250701,4813
20250701,医疗,肠痉挛,625,20250701,4814
20250701,医疗,茭白的功效与作用,624,20250701,4815
20250701,医疗,泡脚是洗澡前还是洗澡后比较好,624,20250701,4816
20250701,医疗,黑曜石的作用与功效,624,20250701,4817
20250701,医疗,血海的位置与作用和功效,624,20250701,4818
20250701,医疗,憋尿训练(最痛苦),624,20250701,4819
20250701,医疗,胃食管反流吃什么药能彻底治愈,624,20250701,4820
20250701,医疗,藿香,624,20250701,4821
20250701,医疗,生石膏的功效与作用与主治,624,20250701,4822
20250701,医疗,淋巴瘤,624,20250701,4823
20250701,医疗,肝掌,624,20250701,4824
20250701,医疗,梅毒的早期症状,623,20250701,4825
20250701,医疗,阴道炎用什么洗,623,20250701,4826
20250701,医疗,大腿肌肉疼痛什么原因引起的,623,20250701,4827
20250701,医疗,右美沙芬,623,20250701,4828
20250701,医疗,珍珠状丘疹,623,20250701,4829
20250701,医疗,左边腰侧痛什么原因女,622,20250701,4830
20250701,医疗,武汉协和医院,622,20250701,4831
20250701,医疗,阴道干涩怎么恢复水润,622,20250701,4832
20250701,医疗,蜂子蛰了怎样消肿止痒,622,20250701,4833
20250701,医疗,鼻癌的早期最明显症状,622,20250701,4834
20250701,医疗,汗斑怎么治疗彻底根除,622,20250701,4835
20250701,医疗,脚踝,622,20250701,4836
20250701,医疗,人流后多久来大姨妈,622,20250701,4837
20250701,医疗,洛芬待因缓释片的作用及功效,621,20250701,4838
20250701,医疗,跑步能减肥吗,621,20250701,4839
20250701,医疗,肾虚,621,20250701,4840
20250701,医疗,胰岛素抵抗的症状表现,621,20250701,4841
20250701,医疗,炉甘石的作用和功效,621,20250701,4842
20250701,医疗,心脏二尖瓣和三尖瓣反流能治疗吗,621,20250701,4843
20250701,医疗,白细胞正常值范围,621,20250701,4844
20250701,医疗,血糖高是什么原因引起的,621,20250701,4845
20250701,医疗,左金丸的功效与主治,621,20250701,4846
20250701,医疗,拉肚子肚子疼一阵一阵的绞痛怎么办,620,20250701,4847
20250701,医疗,肝在人体的右侧还是左侧,620,20250701,4848
20250701,医疗,癫痫病的发作症状,620,20250701,4849
20250701,医疗,谵妄,620,20250701,4850
20250701,医疗,非甾体类抗炎药,620,20250701,4851
20250701,医疗,眼睛疼是什么原因引起的,620,20250701,4852
20250701,医疗,枸橼酸那非西地片的作用,620,20250701,4853
20250701,医疗,正天丸的功效与作用,620,20250701,4854
20250701,医疗,肺炎支原体抗体阳性是什么意思,620,20250701,4855
20250701,医疗,黑枸杞泡水喝的正确方法,620,20250701,4856
20250701,医疗,佐匹克隆片,619,20250701,4857
20250701,医疗,金樱子,619,20250701,4858
20250701,医疗,肺炎会不会传染,619,20250701,4859
20250701,医疗,五苓散,619,20250701,4860
20250701,医疗,血糖高怎么调理恢复,619,20250701,4861
20250701,医疗,阿奇霉素吃几天停几天,619,20250701,4862
20250701,医疗,透骨草的功效与作用,619,20250701,4863
20250701,医疗,人流需要多少钱大概多少钱,618,20250701,4864
20250701,医疗,姜的功效与作用,618,20250701,4865
20250701,医疗,茵陈,618,20250701,4866
20250701,医疗,神门穴,618,20250701,4867
20250701,医疗,四逆散,618,20250701,4868
20250701,医疗,血压偏高怎么调理才能恢复正常,618,20250701,4869
20250701,医疗,黄芪五味茶功效与作用,618,20250701,4870
20250701,医疗,竹茹的功效作用与主治,618,20250701,4871
20250701,医疗,甲钴胺片的作用与功效,618,20250701,4872
20250701,医疗,鼻子堵塞了怎么办最快最有效,618,20250701,4873
20250701,医疗,孕吐严重怎么缓解简单有效方法,617,20250701,4874
20250701,医疗,特应性皮炎,617,20250701,4875
20250701,医疗,胃癌手术切除后一般可以活几年,617,20250701,4876
20250701,医疗,泡疹病图片初期症状图,617,20250701,4877
20250701,医疗,玉米须的作用与功效,617,20250701,4878
20250701,医疗,糙米的功效与作用,617,20250701,4879
20250701,医疗,姨妈期间同房会导致什么后果,617,20250701,4880
20250701,医疗,性病,616,20250701,4881
20250701,医疗,胶质瘤的早期症状有哪些,616,20250701,4882
20250701,医疗,荷叶茶的功效与作用,616,20250701,4883
20250701,医疗,上呼吸道感染,616,20250701,4884
20250701,医疗,宫腔镜,616,20250701,4885
20250701,医疗,湿气重的症状有哪些啊,616,20250701,4886
20250701,医疗,艾滋病的传播途径有哪些,616,20250701,4887
20250701,医疗,脚背痛什么原因引起的,616,20250701,4888
20250701,医疗,痰湿体质的表现症状及调理方法,616,20250701,4889
20250701,医疗,月经量少是怎么回事,616,20250701,4890
20250701,医疗,无花果的功效与作用,616,20250701,4891
20250701,医疗,胃下垂有什么症状表现,615,20250701,4892
20250701,医疗,太冲准确位置图和功效,615,20250701,4893
20250701,医疗,荔枝吃多了会怎么样?,615,20250701,4894
20250701,医疗,癫痫病怎么才能彻底治好,615,20250701,4895
20250701,医疗,阴道口长出小肉芽怎么回事,615,20250701,4896
20250701,医疗,木香,615,20250701,4897
20250701,医疗,膝盖疼是什么原因女性,615,20250701,4898
20250701,医疗,人流术后多久来月经,615,20250701,4899
20250701,医疗,吃了火龙果小便尿出淡红色是怎么回事,615,20250701,4900
20250701,医疗,积水潭医院,615,20250701,4901
20250701,医疗,丝状疣图片,615,20250701,4902
20250701,医疗,结石怎么治疗最好最快的方法,615,20250701,4903
20250701,医疗,胃不好吃什么养胃最好,615,20250701,4904
20250701,医疗,乳香的功效与作用,615,20250701,4905
20250701,医疗,米索前列醇片,615,20250701,4906
20250701,医疗,知了猴的功效与作用,615,20250701,4907
20250701,医疗,复方阿嗪米特肠溶片的功效与作用,615,20250701,4908
20250701,医疗,水土不服的症状有哪些,615,20250701,4909
20250701,医疗,仙鹤草,614,20250701,4910
20250701,医疗,龙胆泻肝丸的功效和作用,614,20250701,4911
20250701,医疗,黄芪泡水喝的功效与副作用,614,20250701,4912
20250701,医疗,菠菜的功效与作用,614,20250701,4913
20250701,医疗,鱼鳞病,614,20250701,4914
20250701,医疗,灵芝怎么吃效果最好,614,20250701,4915
20250701,医疗,魔芋的功效与作用,614,20250701,4916
20250701,医疗,"手足口病疫苗几岁打,一共打几针",614,20250701,4917
20250701,医疗,前列腺癌能活多久,614,20250701,4918
20250701,医疗,敏使朗的作用和功效,613,20250701,4919
20250701,医疗,中药材天地网,613,20250701,4920
20250701,医疗,女生下体瘙痒是怎么回事,613,20250701,4921
20250701,医疗,抗病毒的药物有哪些,613,20250701,4922
20250701,医疗,红薯叶子的功效与作用,613,20250701,4923
20250701,医疗,白细胞偏高是什么原因,613,20250701,4924
20250701,医疗,皮赘,612,20250701,4925
20250701,医疗,硝苯地平缓释片(Ⅱ),612,20250701,4926
20250701,医疗,码上放心药品追溯平台,612,20250701,4927
20250701,医疗,晚上夜尿多怎么回事,612,20250701,4928
20250701,医疗,地奥司明片,612,20250701,4929
20250701,医疗,原位癌是什么意思,612,20250701,4930
20250701,医疗,慢性咽炎怎么治疗才能彻底治好,612,20250701,4931
20250701,医疗,金樱子的功效与作用,612,20250701,4932
20250701,医疗,血虚的症状有哪些,612,20250701,4933
20250701,医疗,三宝胶囊的功效与作用,612,20250701,4934
20250701,医疗,结膜炎是什么原因引起的呢,612,20250701,4935
20250701,医疗,男性性功能障碍,612,20250701,4936
20250701,医疗,微创手术是什么样的手术,612,20250701,4937
20250701,医疗,沙参的功效作用与主治,612,20250701,4938
20250701,医疗,阴道镜,611,20250701,4939
20250701,医疗,替米沙坦片,611,20250701,4940
20250701,医疗,血热皮肤瘙痒怎么办用什么药好,611,20250701,4941
20250701,医疗,熊胆粉,611,20250701,4942
20250701,医疗,破伤风潜伏期一般多久,611,20250701,4943
20250701,医疗,高丽参的功效与作用,611,20250701,4944
20250701,医疗,白内障的症状是什么,611,20250701,4945
20250701,医疗,菠萝蜜是寒性的还是热性的,611,20250701,4946
20250701,医疗,西地碘含片功能与主治,610,20250701,4947
20250701,医疗,止痛药,610,20250701,4948
20250701,医疗,脚脖子肿是什么原因引起的,610,20250701,4949
20250701,医疗,失眠睡不着有什么好办法入睡,610,20250701,4950
20250701,医疗,贝达药业,610,20250701,4951
20250701,医疗,金线莲,609,20250701,4952
20250701,医疗,铁皮石斛的正确吃法,609,20250701,4953
20250701,医疗,上海肺科医院,609,20250701,4954
20250701,医疗,宫颈纳囊是怎么回事 需要治疗吗,609,20250701,4955
20250701,医疗,胆囊结石,609,20250701,4956
20250701,医疗,海参的营养价值和功效,609,20250701,4957
20250701,医疗,海辰药业,609,20250701,4958
20250701,医疗,产妇刚生完孩子适合吃什么,608,20250701,4959
20250701,医疗,止疼药哪个效果最好最快,608,20250701,4960
20250701,医疗,陈皮白茶的功效与作用,608,20250701,4961
20250701,医疗,复方黄连素片的作用与功效,608,20250701,4962
20250701,医疗,美年大健康体检中心官网,608,20250701,4963
20250701,医疗,氯吡格雷,608,20250701,4964
20250701,医疗,高压90低压60正常吗,608,20250701,4965
20250701,医疗,宫颈癌的前期症状是什么表现,608,20250701,4966
20250701,医疗,血压高是什么原因引起的,608,20250701,4967
20250701,医疗,指甲上长白色斑点是什么原因,607,20250701,4968
20250701,医疗,铝镁匹林片作用与功效,607,20250701,4969
20250701,医疗,薏苡仁的功效与作用与主治,607,20250701,4970
20250701,医疗,湿气重的人有哪些症状,607,20250701,4971
20250701,医疗,眼睛充血什么原因造成的,607,20250701,4972
20250701,医疗,肚子疼拉稀一阵一阵的绞痛,607,20250701,4973
20250701,医疗,女性bmi是什么意思啊,607,20250701,4974
20250701,医疗,高嘌呤食物有哪些,607,20250701,4975
20250701,医疗,人的正常体温是多少°C,607,20250701,4976
20250701,医疗,丙肝是什么病,607,20250701,4977
20250701,医疗,尿道感染要吃什么药才能快速治好,607,20250701,4978
20250701,医疗,基因检测费用大概多少钱,606,20250701,4979
20250701,医疗,血压正常范围是多少,606,20250701,4980
20250701,医疗,太冲准确位置图和作用,606,20250701,4981
20250701,医疗,阴虚吃什么药效果最好,606,20250701,4982
20250701,医疗,意米仁的功效与作用,606,20250701,4983
20250701,医疗,子宫癌的早期症状表现有哪些,606,20250701,4984
20250701,医疗,甲钴胺片的功效与主治,606,20250701,4985
20250701,医疗,头孢克肟分散片,606,20250701,4986
20250701,医疗,精索静脉曲张是什么原因造成的,606,20250701,4987
20250701,医疗,参苓白术散的组成配方,606,20250701,4988
20250701,医疗,甲减的症状表现有哪些,605,20250701,4989
20250701,医疗,牙科分离剂的作用和功效,605,20250701,4990
20250701,医疗,前列腺肥大是什么原因引起的怎样治疗,605,20250701,4991
20250701,医疗,多磺酸粘多糖乳膏作用与功效,605,20250701,4992
20250701,医疗,淋巴结节的症状和治疗方法,605,20250701,4993
20250701,医疗,喉咙痛,605,20250701,4994
20250701,医疗,护肝片哪个牌子效果最好,605,20250701,4995
20250701,医疗,商陆,605,20250701,4996
20250701,医疗,优佳味肽的功效与作用,604,20250701,4997
20250701,医疗,节节草的功效与作用与主治,604,20250701,4998
20250701,医疗,小便带血是什么原因男性,604,20250701,4999
20250701,医疗,减脂餐,604,20250701,5000
20250701,医疗,美尼尔综合征症症状,604,20250701,5001
20250701,医疗,脾虚怎么调理最快,604,20250701,5002
20250701,医疗,猪苓的功效与作用,604,20250701,5003
20250701,医疗,孕吐一般什么时候开始,604,20250701,5004
20250701,医疗,依洛尤单抗的作用与效果,604,20250701,5005
20250701,医疗,枣仁安神胶囊的功效与作用,604,20250701,5006
20250701,医疗,保妇康栓,603,20250701,5007
20250701,医疗,厚朴,603,20250701,5008
20250701,医疗,倍他司汀,603,20250701,5009
20250701,医疗,康龙化成,603,20250701,5010
20250701,医疗,氯化钾缓释片的作用与功效,603,20250701,5011
20250701,医疗,会阴穴,603,20250701,5012
20250701,医疗,当归黄芪铁片的作用和功效,603,20250701,5013
20250701,医疗,腮腺炎吃什么药效果最好最快,603,20250701,5014
20250701,医疗,氯雷他定片的危害和副作用,603,20250701,5015
20250701,医疗,肾结石怎么才能快速排出来,603,20250701,5016
20250701,医疗,例假推迟是什么原因引起的,602,20250701,5017
20250701,医疗,腰痛宁胶囊的功效与作用,602,20250701,5018
20250701,医疗,火龙果的营养价值及功效,602,20250701,5019
20250701,医疗,膀胱经的准确位置图,602,20250701,5020
20250701,医疗,子宫内膜厚多少mm才算正常,602,20250701,5021
20250701,医疗,三七草图片,602,20250701,5022
20250701,医疗,牙龈出血,602,20250701,5023
20250701,医疗,酒石酸唑吡坦片功效与作用,602,20250701,5024
20250701,医疗,抽筋是什么原因引起的,602,20250701,5025
20250701,医疗,射干的功效与作用,602,20250701,5026
20250701,医疗,糖尿病足,602,20250701,5027
20250701,医疗,肺热的表现有哪些症状,601,20250701,5028
20250701,医疗,蔓越莓的功效与作用,601,20250701,5029
20250701,医疗,麝香的功效与作用,601,20250701,5030
20250701,医疗,反流性食道炎的症状和表现,601,20250701,5031
20250701,医疗,炒鸡内金的功效与作用,601,20250701,5032
20250701,医疗,醪糟的功效与作用,601,20250701,5033
20250701,医疗,玫瑰痤疮,601,20250701,5034
20250701,医疗,吗丁啉的功效与作用,601,20250701,5035
20250701,医疗,兔丝子的功能主治,601,20250701,5036
20250701,医疗,加巴喷丁胶囊的功效,601,20250701,5037
20250701,医疗,盆腔积液是什么原因导致,601,20250701,5038
20250701,医疗,无花果叶子煮水的功效与作用水可以治痔疮吗,600,20250701,5039
20250701,医疗,焦山楂的功效与作用,600,20250701,5040
20250701,医疗,冬瓜皮的功效作用与主治,600,20250701,5041
20250701,医疗,百多邦莫匹罗星软膏功效,600,20250701,5042
20250701,医疗,阜外医院,600,20250701,5043
20250701,医疗,米诺地尔的功效和副作用,600,20250701,5044
20250701,医疗,美年健康,600,20250701,5045
20250701,医疗,龟头敏感,600,20250701,5046
20250701,医疗,美尼尔综合症是一种什么病,600,20250701,5047
20250701,医疗,痛经怎么缓解最有效的办法,599,20250701,5048
20250701,医疗,金蝉花的功效与作用的功能与主治,599,20250701,5049
20250701,医疗,肺,599,20250701,5050
20250701,医疗,雷尼替丁的作用与功效,599,20250701,5051
20250701,医疗,肠胃炎的症状,599,20250701,5052
20250701,医疗,灯心草的功效与作用,599,20250701,5053
20250701,医疗,怀孕初期的症状有哪些表现,599,20250701,5054
20250701,医疗,三九胃泰颗粒的功效与作用,599,20250701,5055
20250701,医疗,淋巴瘤的症状都有哪些表现,599,20250701,5056
20250701,医疗,腱鞘炎是什么症状,599,20250701,5057
20250701,医疗,斑秃,599,20250701,5058
20250701,医疗,卡马西平片,599,20250701,5059
20250701,医疗,二硫化硒洗发水的功效和副作用,599,20250701,5060
20250701,医疗,乌鸡汤的功效与作用,599,20250701,5061
20250701,医疗,跖疣是什么原因造成的,599,20250701,5062
20250701,医疗,中国医科大学附属第一医院,598,20250701,5063
20250701,医疗,胃药有哪几种效果最好,598,20250701,5064
20250701,医疗,漏尿的原因是怎么引起的,598,20250701,5065
20250701,医疗,人干扰素a2b凝胶作用与功效,598,20250701,5066
20250701,医疗,心跳100-110有危险吗,598,20250701,5067
20250701,医疗,嗜睡乏力没精神容易疲劳是什么原因,598,20250701,5068
20250701,医疗,曲安奈德注射作用与功效,598,20250701,5069
20250701,医疗,子宫下垂有什么症状和表现,598,20250701,5070
20250701,医疗,肾阳虚,598,20250701,5071
20250701,医疗,飞刀医生是什么意思,598,20250701,5072
20250701,医疗,盐酸米诺环素胶囊,598,20250701,5073
20250701,医疗,主动脉硬化是怎么回事,598,20250701,5074
20250701,医疗,牛皮癣传染吗会传染人吗,598,20250701,5075
20250701,医疗,氢氯噻嗪片功效与作用,597,20250701,5076
20250701,医疗,肠胃感冒有什么症状表现,597,20250701,5077
20250701,医疗,胸口闷痛一阵一阵的痛什么原因,597,20250701,5078
20250701,医疗,丹参图片,597,20250701,5079
20250701,医疗,皂角米有什么功效与作用,597,20250701,5080
20250701,医疗,布拉氏酵母菌散的作用与功效,597,20250701,5081
20250701,医疗,子宫肌瘤怎么治疗最好最有效,597,20250701,5082
20250701,医疗,决明子菊花枸杞泡水喝的功效,597,20250701,5083
20250701,医疗,昭衍新药,597,20250701,5084
20250701,医疗,黄体酮的作用与功效,597,20250701,5085
20250701,医疗,五灵脂的功效与作用,597,20250701,5086
20250701,医疗,眼皮肿是怎么回事什么原因引起的,597,20250701,5087
20250701,医疗,包茎,597,20250701,5088
20250701,医疗,腰间盘突出怎么治疗才好得快,597,20250701,5089
20250701,医疗,洋辣子蛰了怎样快速止痛止痒,597,20250701,5090
20250701,医疗,取环一般要休息几天,597,20250701,5091
20250701,医疗,乳腺癌是什么原因引起的,597,20250701,5092
20250701,医疗,牛大力,596,20250701,5093
20250701,医疗,摩罗丹,596,20250701,5094
20250701,医疗,玉米须,596,20250701,5095
20250701,医疗,北沙参功效作用与主治,596,20250701,5096
20250701,医疗,肠系膜淋巴结炎反复肚子疼怎么办,596,20250701,5097
20250701,医疗,半夏厚朴汤,596,20250701,5098
20250701,医疗,血管堵塞会出现哪些症状,596,20250701,5099
20250701,医疗,紫草的功效与作用,596,20250701,5100
20250701,医疗,养阴清肺丸的功效与作用,595,20250701,5101
20250701,医疗,艾滋病传播途径有哪几种,595,20250701,5102
20250701,医疗,降血压的食物及蔬菜和水果有哪些,595,20250701,5103
20250701,医疗,验孕棒怀孕图片,595,20250701,5104
20250701,医疗,高反怎么缓解最有效的方法,595,20250701,5105
20250701,医疗,北京大学第三医院,595,20250701,5106
20250701,医疗,屁股疼痛要警惕的三种病,595,20250701,5107
20250701,医疗,剖腹产,595,20250701,5108
20250701,医疗,睡眠不好有什么办法能改善睡眠,595,20250701,5109
20250701,医疗,胆固醇的正常值范围是多少,595,20250701,5110
20250701,医疗,真武汤,595,20250701,5111
20250701,医疗,辅酶Q10,594,20250701,5112
20250701,医疗,红枣枸杞泡水喝有什么功效,594,20250701,5113
20250701,医疗,后背疼痛要警惕的三种病女,594,20250701,5114
20250701,医疗,热射病的典型表现是,594,20250701,5115
20250701,医疗,氨咖黄敏胶囊,594,20250701,5116
20250701,医疗,反流性食管炎吃什么药最有效,594,20250701,5117
20250701,医疗,薏米怎么煮去湿气效果最好,594,20250701,5118
20250701,医疗,白桦树汁有什么作用和功效,594,20250701,5119
20250701,医疗,21金维他的作用及功能主治,593,20250701,5120
20250701,医疗,气血不足的症状有哪些,593,20250701,5121
20250701,医疗,蛇胆川贝液的功效和作用,593,20250701,5122
20250701,医疗,三焦指的是哪三焦,593,20250701,5123
20250701,医疗,新冠吃什么药效果最好,593,20250701,5124
20250701,医疗,胶质瘤是什么病?严重吗?,593,20250701,5125
20250701,医疗,胸腔积液是什么原因造成的,593,20250701,5126
20250701,医疗,嘴唇发麻是怎么回事,593,20250701,5127
20250701,医疗,三仁汤的配方和功效与作用,593,20250701,5128
20250701,医疗,坐骨神经痛最快最好的治疗方法,593,20250701,5129
20250701,医疗,黄柏,592,20250701,5130
20250701,医疗,阿莫西林能喝酒吗,592,20250701,5131
20250701,医疗,"利尿药哪种好,消水肿最快",592,20250701,5132
20250701,医疗,急性肠胃炎应该吃什么药,592,20250701,5133
20250701,医疗,地衣芽孢杆菌活菌胶囊,592,20250701,5134
20250701,医疗,庆大霉素,591,20250701,5135
20250701,医疗,右眼下眼袋一直跳动怎么回事,591,20250701,5136
20250701,医疗,北京安贞医院,591,20250701,5137
20250701,医疗,李子含糖量高吗,591,20250701,5138
20250701,医疗,荨麻疹图片,591,20250701,5139
20250701,医疗,眼皮上长了小疙瘩怎么回事,591,20250701,5140
20250701,医疗,拉拉秧的功效与作用及主治,591,20250701,5141
20250701,医疗,胃肠感冒的症状表现,591,20250701,5142
20250701,医疗,珍珠明目滴眼液的功效和作用,591,20250701,5143
20250701,医疗,小柴胡汤,591,20250701,5144
20250701,医疗,"低压低是什么原因,怎么解决",590,20250701,5145
20250701,医疗,耳垂里面长了个硬疙瘩一捏就疼,590,20250701,5146
20250701,医疗,脾胃不好有哪些症状和表现,590,20250701,5147
20250701,医疗,绿豆汤的功效与作用,590,20250701,5148
20250701,医疗,淋巴细胞绝对值偏低,590,20250701,5149
20250701,医疗,膝关节疼痛怎么治疗最快最好的办法,589,20250701,5150
20250701,医疗,"筋膜炎是怎么引起的,怎样治愈?",589,20250701,5151
20250701,医疗,鸡内金粉的正确吃法和用量,589,20250701,5152
20250701,医疗,nt主要检查什么内容,589,20250701,5153
20250701,医疗,百会穴,589,20250701,5154
20250701,医疗,盐酸左氧氟沙星滴眼液,589,20250701,5155
20250701,医疗,胆囊息肉会引起哪些身体不适,589,20250701,5156
20250701,医疗,荔枝含糖量高吗,589,20250701,5157
20250701,医疗,四物汤标准配方,589,20250701,5158
20250701,医疗,指甲有黑色竖条纹什么情况,589,20250701,5159
20250701,医疗,霍香正气丸的功效和作用与禁忌,589,20250701,5160
20250701,医疗,孕早期吃什么有利于胎心胎芽发育,589,20250701,5161
20250701,医疗,合谷的准确位置图片,589,20250701,5162
20250701,医疗,西瓜和桃子可以一起吃吗?,589,20250701,5163
20250701,医疗,中国药典,589,20250701,5164
20250701,医疗,血压低吃什么能补上来,589,20250701,5165
20250701,医疗,珍珠疹,588,20250701,5166
20250701,医疗,乌龟蛋的功效与作用及食用方法,588,20250701,5167
20250701,医疗,罗汉果的功效和作用,588,20250701,5168
20250701,医疗,紧急避孕药72小时是前后都管吗,588,20250701,5169
20250701,医疗,尿红细胞高是什么原因,588,20250701,5170
20250701,医疗,上眼皮肿是什么原因造成的,588,20250701,5171
20250701,医疗,放屁很臭很臭是什么原因,588,20250701,5172
20250701,医疗,羌活的功效与作用与主治,588,20250701,5173
20250701,医疗,腋下长了个小肉揪揪是怎么回事,588,20250701,5174
20250701,医疗,"血氧是什么意思,多少算正常",588,20250701,5175
20250701,医疗,氨糖,587,20250701,5176
20250701,医疗,"血压低压高是怎么造成的,怎么调理",587,20250701,5177
20250701,医疗,来月经有血块是怎么回事,587,20250701,5178
20250701,医疗,北京同仁堂,587,20250701,5179
20250701,医疗,窦性心动过缓,587,20250701,5180
20250701,医疗,上环对身体有哪些影响和危害,587,20250701,5181
20250701,医疗,扁桃体,587,20250701,5182
20250701,医疗,杏仁有什么作用和功效,586,20250701,5183
20250701,医疗,呋塞米,586,20250701,5184
20250701,医疗,孕酮多少才算怀孕,586,20250701,5185
20250701,医疗,黑松露的功效与作用,586,20250701,5186
20250701,医疗,复方丹参片,586,20250701,5187
20250701,医疗,脂肪肝怎么治疗才能恢复正常,586,20250701,5188
20250701,医疗,怀孕了怎么样才会自然流产,586,20250701,5189
20250701,医疗,腰椎间盘突出症状表现有哪些,586,20250701,5190
20250701,医疗,耳根,586,20250701,5191
20250701,医疗,甲状腺弥漫病变是什么意思严重吗,585,20250701,5192
20250701,医疗,脑雾,585,20250701,5193
20250701,医疗,缺钾吃什么食物补得最快,585,20250701,5194
20250701,医疗,蒸苹果的功效与作用,585,20250701,5195
20250701,医疗,肩周炎用什么药效果最好,585,20250701,5196
20250701,医疗,甲沟炎发炎化脓了怎么治疗,585,20250701,5197
20250701,医疗,尼麦角林片的作用与功能主治,585,20250701,5198
20250701,医疗,湿气重,585,20250701,5199
20250701,医疗,二陈丸,585,20250701,5200
20250701,医疗,地榆的功效与作用,585,20250701,5201
20250701,医疗,曼月乐环,585,20250701,5202
20250701,医疗,乳腺增生吃什么药最好效果最快,585,20250701,5203
20250701,医疗,低密度胆固醇正常值是多少,585,20250701,5204
20250701,医疗,黄苦荞茶的功效和作用,584,20250701,5205
20250701,医疗,晒背的最佳时间,584,20250701,5206
20250701,医疗,胃镜,584,20250701,5207
20250701,医疗,贝伐珠单抗,584,20250701,5208
20250701,医疗,软组织挫伤一般需要多久恢复,584,20250701,5209
20250701,医疗,戒烟的最佳方法,584,20250701,5210
20250701,医疗,维生素k2的作用及功能,584,20250701,5211
20250701,医疗,狐臭,584,20250701,5212
20250701,医疗,哌拉西林钠他唑巴坦钠,584,20250701,5213
20250701,医疗,逍遥丸一般吃多长时间最好,584,20250701,5214
20250701,医疗,莫沙必利,584,20250701,5215
20250701,医疗,沙库巴曲缬沙坦钠片的作用,584,20250701,5216
20250701,医疗,吃大蒜的好处与功效,584,20250701,5217
20250701,医疗,党参和黄芪一起泡水喝的功效,584,20250701,5218
20250701,医疗,五味子图片,584,20250701,5219
20250701,医疗,胎心监测多少算正常,584,20250701,5220
20250701,医疗,牛碱性成纤维细胞生长因子凝胶作用,584,20250701,5221
20250701,医疗,化石草有什么作用和功效,583,20250701,5222
20250701,医疗,豇豆的功效与作用,583,20250701,5223
20250701,医疗,黄芪图片,583,20250701,5224
20250701,医疗,安神补脑液,583,20250701,5225
20250701,医疗,牛肉的营养价值及功效,583,20250701,5226
20250701,医疗,莫西沙星的作用与功效,583,20250701,5227
20250701,医疗,养血清脑颗粒的功效与作用,583,20250701,5228
20250701,医疗,黄芽汤的功效与作用能减肥吗,583,20250701,5229
20250701,医疗,慢性萎缩性胃炎,583,20250701,5230
20250701,医疗,内啡肽和多巴胺的区别,582,20250701,5231
20250701,医疗,赛升药业,582,20250701,5232
20250701,医疗,嗓子不舒服感觉有异物感是怎么回事,582,20250701,5233
20250701,医疗,真菌感染是什么原因引起的,582,20250701,5234
20250701,医疗,退烧药间隔几个小时吃一次,582,20250701,5235
20250701,医疗,丙氨酸氨基转移酶偏高说明什么问题,582,20250701,5236
20250701,医疗,烟雾病,582,20250701,5237
20250701,医疗,奥沙西泮片的功效及副作用,582,20250701,5238
20250701,医疗,沙利度胺片的作用与功效,582,20250701,5239
20250701,医疗,肾结石不能吃哪些东西,582,20250701,5240
20250701,医疗,疖,582,20250701,5241
20250701,医疗,月经提前七八天正常吗,581,20250701,5242
20250701,医疗,没药的功效与作用,581,20250701,5243
20250701,医疗,饭后血糖值正常范围是多少,581,20250701,5244
20250701,医疗,奥氮平片的功能主治,581,20250701,5245
20250701,医疗,二型糖尿病是什么意思,581,20250701,5246
20250701,医疗,宫颈多发囊肿是怎么回事,581,20250701,5247
20250701,医疗,感冒清热颗粒,581,20250701,5248
20250701,医疗,阿托伐他汀正确吃法,580,20250701,5249
20250701,医疗,"延时射精药哪个好用,还不伤身体",580,20250701,5250
20250701,医疗,布地奈德,580,20250701,5251
20250701,医疗,维生素d的食物有哪些,580,20250701,5252
20250701,医疗,菜花状疣图片男性,580,20250701,5253
20250701,医疗,开水冲鸡蛋的功效作用,580,20250701,5254
20250701,医疗,桑黄,580,20250701,5255
20250701,医疗,灌肠对人体有什么好处和坏处,580,20250701,5256
20250701,医疗,复方对乙酰氨基酚片,580,20250701,5257
20250701,医疗,荷尔蒙是什么意思,580,20250701,5258
20250701,医疗,维生素A,580,20250701,5259
20250701,医疗,格林巴利综合症是啥病,580,20250701,5260
20250701,医疗,脂20,580,20250701,5261
20250701,医疗,佩坦通,580,20250701,5262
20250701,医疗,丙戊酸钠片的作用与功效,580,20250701,5263
20250701,医疗,咳特灵胶囊的功效和作用,580,20250701,5264
20250701,医疗,谷维素片,580,20250701,5265
20250701,医疗,锌的作用与功效,579,20250701,5266
20250701,医疗,肝血不足有哪些症状,579,20250701,5267
20250701,医疗,三肾丸的功效与作用,579,20250701,5268
20250701,医疗,胰腺癌晚期能活多久,579,20250701,5269
20250701,医疗,药通网,579,20250701,5270
20250701,医疗,知了壳的功效与作用,579,20250701,5271
20250701,医疗,川贝母的功效与作用的功能与主治,579,20250701,5272
20250701,医疗,月经一直不干净怎么回事,579,20250701,5273
20250701,医疗,秋水仙碱片,579,20250701,5274
20250701,医疗,尼美舒利分散片的功效和作用,579,20250701,5275
20250701,医疗,葡萄是凉性的还是热性的,579,20250701,5276
20250701,医疗,地舒单抗,579,20250701,5277
20250701,医疗,吴茱萸,579,20250701,5278
20250701,医疗,小脑萎缩会出现什么症状,579,20250701,5279
20250701,医疗,蚂蚁咬了用什么药膏消肿止痒最快,579,20250701,5280
20250701,医疗,紫花地丁,578,20250701,5281
20250701,医疗,他克莫司软膏,578,20250701,5282
20250701,医疗,胸痛什么原因,578,20250701,5283
20250701,医疗,血红蛋白,578,20250701,5284
20250701,医疗,优甲乐是治什么病的药,578,20250701,5285
20250701,医疗,核桃油的功效与作用及食用方法,578,20250701,5286
20250701,医疗,交泰丸的作用与功效,578,20250701,5287
20250701,医疗,阿尔兹海默症,578,20250701,5288
20250701,医疗,玉米胚芽粉固体饮料作用和功能,578,20250701,5289
20250701,医疗,甲减能不能彻底治好,578,20250701,5290
20250701,医疗,开喉剑喷雾剂,578,20250701,5291
20250701,医疗,盐酸氨基葡萄糖胶囊,578,20250701,5292
20250701,医疗,卵泡期是什么意思,578,20250701,5293
20250701,医疗,海豹胶囊的功效与作用,578,20250701,5294
20250701,医疗,尿黄是什么原因引起的如何解决女性,577,20250701,5295
20250701,医疗,甘草酸二铵肠溶胶囊,577,20250701,5296
20250701,医疗,九香虫的功效与作用,577,20250701,5297
20250701,医疗,龙胆泻肝丸最多吃几天,577,20250701,5298
20250701,医疗,抑郁症躯体化症状,577,20250701,5299
20250701,医疗,盐酸多西环素肠溶胶囊,577,20250701,5300
20250701,医疗,花椒泡脚的功效与作用好处,577,20250701,5301
20250701,医疗,热感冒吃什么药好得快,577,20250701,5302
20250701,医疗,氯雷他定片的功效与作用,577,20250701,5303
20250701,医疗,水杨酸,577,20250701,5304
20250701,医疗,舌头发白是什么原因,577,20250701,5305
20250701,医疗,排卵期是月经后第几天,577,20250701,5306
20250701,医疗,眼睛老是流眼泪是怎么回事,576,20250701,5307
20250701,医疗,匹维溴铵片,576,20250701,5308
20250701,医疗,林可霉素利多卡因凝胶的作用,576,20250701,5309
20250701,医疗,牛皮癣怎么治疗能彻底根除,576,20250701,5310
20250701,医疗,手关节疼是怎么回事什么原因造成的,576,20250701,5311
20250701,医疗,苍耳子图片,576,20250701,5312
20250701,医疗,脸痒是怎么回事,575,20250701,5313
20250701,医疗,一个鸡蛋含多少蛋白质,575,20250701,5314
20250701,医疗,茉莉花的功效与作用,575,20250701,5315
20250701,医疗,rh(d)阳性是什么意思,575,20250701,5316
20250701,医疗,prp治疗是什么意思,575,20250701,5317
20250701,医疗,身体器官部位图,575,20250701,5318
20250701,医疗,甲亢是什么原因引起的呢,575,20250701,5319
20250701,医疗,口臭是怎么回事什么原因引起的,574,20250701,5320
20250701,医疗,二尖瓣反流是什么意思,574,20250701,5321
20250701,医疗,手心脚心发热什么原因,574,20250701,5322
20250701,医疗,脾俞的准确位置图,574,20250701,5323
20250701,医疗,夏桑菊的功效与作用,574,20250701,5324
20250701,医疗,鸭肉的功效与作用,574,20250701,5325
20250701,医疗,尿毒症的症状有哪些,574,20250701,5326
20250701,医疗,解酒喝什么最好最快方法,574,20250701,5327
20250701,医疗,排卵期有什么明显症状,574,20250701,5328
20250701,医疗,肛门,574,20250701,5329
20250701,医疗,头出汗特别厉害是什么原因,574,20250701,5330
20250701,医疗,房颤怎么治疗最好最快,574,20250701,5331
20250701,医疗,外面阴白斑什么原因引起的,574,20250701,5332
20250701,医疗,阿莫西林克拉维酸钾片,574,20250701,5333
20250701,医疗,肾积水是什么原因造成的怎么治疗,574,20250701,5334
20250701,医疗,五加皮的功效与作用,574,20250701,5335
20250701,医疗,防风通圣丸,574,20250701,5336
20250701,医疗,脂肪肝吃什么食物可以消除脂肪肝,573,20250701,5337
20250701,医疗,反复发烧是怎么回事,573,20250701,5338
20250701,医疗,舒肝和胃丸功效和作用,573,20250701,5339
20250701,医疗,贝东丹和佩通坦的区别,573,20250701,5340
20250701,医疗,希神片的功效与作用,572,20250701,5341
20250701,医疗,"射精无力像是流出来的,还没有快感怎么办,吃什么药管用",572,20250701,5342
20250701,医疗,康恩贝,572,20250701,5343
20250701,医疗,性病图片感染图片,572,20250701,5344
20250701,医疗,盐酸达泊西汀片作用与功效,572,20250701,5345
20250701,医疗,碳酸氢钠对人体有害吗,572,20250701,5346
20250701,医疗,浑身酸痛乏力感觉疲惫什么原因,572,20250701,5347
20250701,医疗,高脂血症是什么意思,572,20250701,5348
20250701,医疗,吃了阿莫西林可以喝酒吗,572,20250701,5349
20250701,医疗,甲胎蛋白是检查什么的,572,20250701,5350
20250701,医疗,蒲黄的功效与作用,572,20250701,5351
20250701,医疗,去湿气最好的食材有哪些,571,20250701,5352
20250701,医疗,血栓的最快消除方法,571,20250701,5353
20250701,医疗,瑞巴派特片,571,20250701,5354
20250701,医疗,尿道炎,571,20250701,5355
20250701,医疗,地屈孕酮片的正确吃法,571,20250701,5356
20250701,医疗,同房干涩没水怎么调理女性,571,20250701,5357
20250701,医疗,贝瑞基因,571,20250701,5358
20250701,医疗,视网膜脱落可以治愈吗,571,20250701,5359
20250701,医疗,紫苏籽油的功效作用与主治与用量,571,20250701,5360
20250701,医疗,麦粒肿用什么药膏和眼药水好,571,20250701,5361
20250701,医疗,心肺复苏,571,20250701,5362
20250701,医疗,盐酸莫西沙星片,571,20250701,5363
20250701,医疗,真武汤的配方,570,20250701,5364
20250701,医疗,细胞角蛋白19片段是什么肿瘤指标,570,20250701,5365
20250701,医疗,泡脚的最佳时间和温度,570,20250701,5366
20250701,医疗,结肠炎,570,20250701,5367
20250701,医疗,双醋瑞因胶囊的作用及功效,570,20250701,5368
20250701,医疗,南瓜是寒性还是热性,570,20250701,5369
20250701,医疗,含铁高的食物有哪些?,570,20250701,5370
20250701,医疗,迈之灵,570,20250701,5371
20250701,医疗,眼压高有什么症状和危害,570,20250701,5372
20250701,医疗,荔枝病的症状和表现,570,20250701,5373
20250701,医疗,莲雾的作用和功效,569,20250701,5374
20250701,医疗,天麻素输液功效与作用,569,20250701,5375
20250701,医疗,4.8的视力是多少度,569,20250701,5376
20250701,医疗,肺气肿是什么病严重吗能治好吗,569,20250701,5377
20250701,医疗,37.8度算发烧吗,569,20250701,5378
20250701,医疗,牛蒡子的功效与作用,569,20250701,5379
20250701,医疗,d2聚体高是什么原因,569,20250701,5380
20250701,医疗,谷氨酸钠是什么东西,569,20250701,5381
20250701,医疗,雪莲花的功效与作用,569,20250701,5382
20250701,医疗,疏肝解郁胶囊的功效作用与主治,569,20250701,5383
20250701,医疗,鼻子上长痘痘又红又肿一碰就疼,569,20250701,5384
20250701,医疗,杵状指是什么样子图片,569,20250701,5385
20250701,医疗,血压低的症状有哪些,569,20250701,5386
20250701,医疗,止咳嗽最有效的方法,569,20250701,5387
20250701,医疗,龙珠软膏的作用与功效,569,20250701,5388
20250701,医疗,芒硝,568,20250701,5389
20250701,医疗,性瘾,568,20250701,5390
20250701,医疗,石韦的功效与作用,568,20250701,5391
20250701,医疗,下眼皮一直抽搐跳动是怎么回事,568,20250701,5392
20250701,医疗,补中益气丸配方组成,568,20250701,5393
20250701,医疗,前庭大腺囊肿,568,20250701,5394
20250701,医疗,枇杷果的功效和作用,568,20250701,5395
20250701,医疗,小儿七星茶颗粒的作用和功效,568,20250701,5396
20250701,医疗,同型半胱氨酸检查什么项目,567,20250701,5397
20250701,医疗,经常流鼻血是什么原因,567,20250701,5398
20250701,医疗,丝瓜的营养价值和功效作用,567,20250701,5399
20250701,医疗,水银温度计腋下测量需要几分钟,567,20250701,5400
20250701,医疗,血管炎有什么症状及表现,567,20250701,5401
20250701,医疗,未名医药,567,20250701,5402
20250701,医疗,泡沫尿是什么病?如何治疗,567,20250701,5403
20250701,医疗,怀孕多久会有恶心想吐的感觉,567,20250701,5404
20250701,医疗,白芍总苷胶囊的功效与作用,567,20250701,5405
20250701,医疗,维c的作用与功效,567,20250701,5406
20250701,医疗,利多卡因软膏怎么涂延时效果最佳,567,20250701,5407
20250701,医疗,体重指数,567,20250701,5408
20250701,医疗,三华李子的功效与作用,566,20250701,5409
20250701,医疗,扁平疣怎么治疗才能彻底根除脸部,566,20250701,5410
20250701,医疗,丘疹,566,20250701,5411
20250701,医疗,甘草片的主要功效和作用,566,20250701,5412
20250701,医疗,阳痿的症状有哪些,566,20250701,5413
20250701,医疗,精神分裂症,566,20250701,5414
20250701,医疗,螺旋藻的主要功效与作用,566,20250701,5415
20250701,医疗,碱性食物有哪些,566,20250701,5416
20250701,医疗,旋覆花功效作用与主治,566,20250701,5417
20250701,医疗,去甲肾上腺素,566,20250701,5418
20250701,医疗,流口水是身体哪里出了问题,565,20250701,5419
20250701,医疗,羊水指数多少mm正常,565,20250701,5420
20250701,医疗,好大夫在线,565,20250701,5421
20250701,医疗,虫草花的功效与作用及营养,565,20250701,5422
20250701,医疗,头疼去医院挂什么科,565,20250701,5423
20250701,医疗,吲哚布芬片,565,20250701,5424
20250701,医疗,幽门螺杆菌感染症状表现,565,20250701,5425
20250701,医疗,低血糖是什么原因造成的,565,20250701,5426
20250701,医疗,胎菊的功效与作用,564,20250701,5427
20250701,医疗,天突穴,564,20250701,5428
20250701,医疗,白术图片,564,20250701,5429
20250701,医疗,尿素氮偏高是怎么回事,564,20250701,5430
20250701,医疗,山慈菇的功效与作用,564,20250701,5431
20250701,医疗,前列腺癌,564,20250701,5432
20250701,医疗,克拉霉素,564,20250701,5433
20250701,医疗,hcv是什么病毒,563,20250701,5434
20250701,医疗,肚子总是咕噜咕噜的响是什么原因,563,20250701,5435
20250701,医疗,下肢浮肿是什么原因造成的怎么办,563,20250701,5436
20250701,医疗,雪燕的作用与功效有哪些,563,20250701,5437
20250701,医疗,山竹的功效与作用及营养价值,563,20250701,5438
20250701,医疗,血清丙氨酸氨基转移酶高是怎么回事,563,20250701,5439
20250701,医疗,葛根泡水喝有什么功效和作用,563,20250701,5440
20250701,医疗,银屑病的症状表现图片,563,20250701,5441
20250701,医疗,阿胶,563,20250701,5442
20250701,医疗,北京积水潭医院,562,20250701,5443
20250701,医疗,更年期综合征焦虑抑郁失眠怎么治疗好,562,20250701,5444
20250701,医疗,换牙齿顺序和年龄,562,20250701,5445
20250701,医疗,阿莫西林0.5一次吃几粒一天吃几次,562,20250701,5446
20250701,医疗,颈椎,562,20250701,5447
20250701,医疗,姜黄的功效和作用,562,20250701,5448
20250701,医疗,龙骨,562,20250701,5449
20250701,医疗,dic是什么病的简称,562,20250701,5450
20250701,医疗,海底椰的功效与作用,562,20250701,5451
20250701,医疗,苦瓜泡水喝有什么功效和作用,562,20250701,5452
20250701,医疗,麻黄,562,20250701,5453
20250701,医疗,放屁,562,20250701,5454
20250701,医疗,便血是什么原因引起的女性,562,20250701,5455
20250701,医疗,褐色的分泌物又不像月经是怎么回事,562,20250701,5456
20250701,医疗,尿结石有哪些症状表现,562,20250701,5457
20250701,医疗,单硝酸异山梨酯片,562,20250701,5458
20250701,医疗,舍曲林片的功效与作用,562,20250701,5459
20250701,医疗,蛮龙液的功效与作用是真的吗,561,20250701,5460
20250701,医疗,咳嗽挂号挂什么科,561,20250701,5461
20250701,医疗,雌三醇软膏作用与功能,561,20250701,5462
20250701,医疗,ct,561,20250701,5463
20250701,医疗,天麻素片的功效与作用,561,20250701,5464
20250701,医疗,蚕豆病是什么病,561,20250701,5465
20250701,医疗,螨虫怎么去除最有效方法,561,20250701,5466
20250701,医疗,真武汤的功效与作用,561,20250701,5467
20250701,医疗,仰卧起坐能减掉肚子上的赘肉吗,561,20250701,5468
20250701,医疗,颠茄片的作用与功效,561,20250701,5469
20250701,医疗,耳鸣是什么原因导致的,561,20250701,5470
20250701,医疗,夜尿多是什么原因造成的怎么治,560,20250701,5471
20250701,医疗,左肩膀疼痛要警惕的三种病症有哪些,560,20250701,5472
20250701,医疗,蓝莓是热性还是凉性,560,20250701,5473
20250701,医疗,血海穴,560,20250701,5474
20250701,医疗,气海的准确位置图,560,20250701,5475
20250701,医疗,油莎豆的功效与作用及食用方法,560,20250701,5476
20250701,医疗,爱滋病有哪些症状,560,20250701,5477
20250701,医疗,淋巴细胞数偏高,560,20250701,5478
20250701,医疗,核磁共振一般多久出结果,560,20250701,5479
20250701,医疗,双歧杆菌四联活菌片,560,20250701,5480
20250701,医疗,左肩胛骨后背疼是什么原因引起的,559,20250701,5481
20250701,医疗,猴头菇的功效与作用,559,20250701,5482
20250701,医疗,枳实,559,20250701,5483
20250701,医疗,五味子的功效作用与主治,559,20250701,5484
20250701,医疗,肝炎会传染给别人吗,559,20250701,5485
20250701,医疗,膀胱炎吃什药,559,20250701,5486
20250701,医疗,海金沙的功效与作用,559,20250701,5487
20250701,医疗,哺乳期,559,20250701,5488
20250701,医疗,胃复安,559,20250701,5489
20250701,医疗,"疝气是怎么回事,是什么原因引起的",559,20250701,5490
20250701,医疗,卤米松乳膏,559,20250701,5491
20250701,医疗,灵芝的功效与作用,558,20250701,5492
20250701,医疗,甘油三酯高有什么危害性,558,20250701,5493
20250701,医疗,运动完多久可以洗澡,558,20250701,5494
20250701,医疗,胃,558,20250701,5495
20250701,医疗,干咳是什么原因引起的怎么治疗,558,20250701,5496
20250701,医疗,西洋参片泡开水喝的功效与作用,558,20250701,5497
20250701,医疗,负离子有什么作用,558,20250701,5498
20250701,医疗,维生素d滴剂早上吃还是晚上吃,558,20250701,5499
20250701,医疗,午时茶颗粒功效与作用,558,20250701,5500
20250701,医疗,两侧太阳神经疼是怎么回事,558,20250701,5501
20250701,医疗,菖蒲,558,20250701,5502
20250701,医疗,红牛的功效和作用和副作用,558,20250701,5503
20250701,医疗,妇科千金片的功效与主治,558,20250701,5504
20250701,医疗,同房出血什么原因引起,558,20250701,5505
20250701,医疗,心可舒片的作用与功效,557,20250701,5506
20250701,医疗,尿道炎是什么原因引起的,557,20250701,5507
20250701,医疗,白细胞,557,20250701,5508
20250701,医疗,千斤拔功效作用与主治,557,20250701,5509
20250701,医疗,bmi计算公式是什么,557,20250701,5510
20250701,医疗,新生儿,557,20250701,5511
20250701,医疗,睡不着有什么办法可以快速入睡,557,20250701,5512
20250701,医疗,晕车怎么办最有效方法,557,20250701,5513
20250701,医疗,脚上有很多红色的小红斑点,556,20250701,5514
20250701,医疗,bmi计算,556,20250701,5515
20250701,医疗,大脚趾头麻木怎么回事,556,20250701,5516
20250701,医疗,癌胚抗原是查什么的指标,556,20250701,5517
20250701,医疗,胃胀气,556,20250701,5518
20250701,医疗,一动就出大汗女性怎么回事,556,20250701,5519
20250701,医疗,太极实业,556,20250701,5520
20250701,医疗,头孢和酒一起喝有什么后果,556,20250701,5521
20250701,医疗,崖柏有什么功效和作用,556,20250701,5522
20250701,医疗,牛黄上清丸的功效与作用,555,20250701,5523
20250701,医疗,硒对人体的作用和功能,555,20250701,5524
20250701,医疗,乙肝表面抗体大于10是什么意思,555,20250701,5525
20250701,医疗,icu重症监护室一天多少钱,555,20250701,5526
20250701,医疗,人体内脏器官位置图,555,20250701,5527
20250701,医疗,脚趾,555,20250701,5528
20250701,医疗,脸上长硬硬的小鼓包,554,20250701,5529
20250701,医疗,人流后多久可以上班,554,20250701,5530
20250701,医疗,糖尿病症状,554,20250701,5531
20250701,医疗,窦性心律是什么意思,554,20250701,5532
20250701,医疗,木棉花的功效与作用,554,20250701,5533
20250701,医疗,右后背疼痛要警惕的三种病,554,20250701,5534
20250701,医疗,丁苯酞软胶囊,554,20250701,5535
20250701,医疗,心肌缺血吃什么药管用,554,20250701,5536
20250701,医疗,扑尔敏的作用与功效,554,20250701,5537
20250701,医疗,"心肌缺血是什么原因造成的,怎么治疗",554,20250701,5538
20250701,医疗,神经衰弱,554,20250701,5539
20250701,医疗,前列腺增生有什么症状,554,20250701,5540
20250701,医疗,花粉的功效与作用,554,20250701,5541
20250701,医疗,扭伤脚肿了怎么消肿最快止疼,554,20250701,5542
20250701,医疗,脚气真菌感染用什么药才能根除,554,20250701,5543
20250701,医疗,抗过敏的药物有哪些,554,20250701,5544
20250701,医疗,慢性咽炎的主要症状,554,20250701,5545
20250701,医疗,流食指的是哪些食物,553,20250701,5546
20250701,医疗,缺铁性贫血的症状有哪些,553,20250701,5547
20250701,医疗,阿托伐他汀钙片早上吃还是晚上吃,553,20250701,5548
20250701,医疗,肝素的作用与功效,553,20250701,5549
20250701,医疗,一天上三四次大便是怎么回事,553,20250701,5550
20250701,医疗,韧带损伤怎么治疗比较好的快,553,20250701,5551
20250701,医疗,坦索罗辛缓释胶囊说明书,553,20250701,5552
20250701,医疗,阿托伐他汀的副作用有哪些,553,20250701,5553
20250701,医疗,维生素b6,553,20250701,5554
20250701,医疗,易善复,553,20250701,5555
20250701,医疗,除湿补气血的养生茶,553,20250701,5556
20250701,医疗,乌鸡白凤丸的功效与作用,553,20250701,5557
20250701,医疗,米酒的功效与作用喝米酒的好处,553,20250701,5558
20250701,医疗,两癌筛查主要查哪些项目,553,20250701,5559
20250701,医疗,慢性胃炎,553,20250701,5560
20250701,医疗,右眼跳什么预兆,552,20250701,5561
20250701,医疗,补中益气汤,552,20250701,5562
20250701,医疗,风疹病毒抗体IgG阳性,552,20250701,5563
20250701,医疗,"卵泡长多大才算成熟卵泡,才能怀孕",552,20250701,5564
20250701,医疗,前列腺炎怎么治疗才能恢复正常,552,20250701,5565
20250701,医疗,肿瘤,552,20250701,5566
20250701,医疗,边吃奶边扭身体哼唧怎么回事,552,20250701,5567
20250701,医疗,冠心病一般能活多久,552,20250701,5568
20250701,医疗,补血补气最好最快的方法和食物,552,20250701,5569
20250701,医疗,"肺结节是什么原因导致的,能自愈吗?",552,20250701,5570
20250701,医疗,湿气重吃什么排湿最快,551,20250701,5571
20250701,医疗,腕管综合征有哪些症状,551,20250701,5572
20250701,医疗,四川省人民医院,551,20250701,5573
20250701,医疗,清热祛湿颗粒的功效与作用,551,20250701,5574
20250701,医疗,番泻叶,551,20250701,5575
20250701,医疗,心肌酶是查什么的,551,20250701,5576
20250701,医疗,心脏彩超检查多少钱一次,551,20250701,5577
20250701,医疗,缺血预适应训练的作用是什么,551,20250701,5578
20250701,医疗,假性湿疣,551,20250701,5579
20250701,医疗,基因检测主要是检测什么,551,20250701,5580
20250701,医疗,芝麻的作用与功效,551,20250701,5581
20250701,医疗,黄体破裂,550,20250701,5582
20250701,医疗,尿素偏低代表什么,550,20250701,5583
20250701,医疗,腿抽筋是什么原因引起的,550,20250701,5584
20250701,医疗,氢氯噻嗪片的作用与功效,550,20250701,5585
20250701,医疗,柴胡舒肝丸的作用与功效,550,20250701,5586
20250701,医疗,法令纹,550,20250701,5587
20250701,医疗,肌酐正常值范围是多少,550,20250701,5588
20250701,医疗,保济口服液的功效和作用,550,20250701,5589
20250701,医疗,秋葵的作用与功效,550,20250701,5590
20250701,医疗,戒烟,550,20250701,5591
20250701,医疗,氯硝西泮片,550,20250701,5592
20250701,医疗,尪痹片的作用与功效,550,20250701,5593
20250701,医疗,d-二聚体测定高是什么意思,550,20250701,5594
20250701,医疗,肺部有结节怎么治疗可以消除,550,20250701,5595
20250701,医疗,酮康唑软膏的作用与功效,550,20250701,5596
20250701,医疗,复方多粘菌素b软膏的作用与功效,550,20250701,5597
20250701,医疗,肚脐,550,20250701,5598
20250701,医疗,油桃是热性还是凉性,550,20250701,5599
20250701,医疗,治疗,549,20250701,5600
20250701,医疗,甘精胰岛素,549,20250701,5601
20250701,医疗,天门冬氨酸氨基转移酶偏低,549,20250701,5602
20250701,医疗,阿斯伯格综合征,549,20250701,5603
20250701,医疗,松针的功效与作用,549,20250701,5604
20250701,医疗,血瘀症状有哪些表现,549,20250701,5605
20250701,医疗,谷氨酰转肽酶高是什么问题,549,20250701,5606
20250701,医疗,四逆散的组成配方,549,20250701,5607
20250701,医疗,甲亢病人饮食禁忌一览表,548,20250701,5608
20250701,医疗,胸口疼是什么原因?女性,548,20250701,5609
20250701,医疗,餐后1小时血糖正常值范围,548,20250701,5610
20250701,医疗,银屑病的症状表现,548,20250701,5611
20250701,医疗,俯卧撑的正确做法,548,20250701,5612
20250701,医疗,转氨酶高是什么问题,548,20250701,5613
20250701,医疗,虚汗停颗粒的功效与作用,548,20250701,5614
20250701,医疗,竹叶泡水喝的功效与作用,548,20250701,5615
20250701,医疗,胆红素高是什么原因是什么病,548,20250701,5616
20250701,医疗,无花果汁白色液能治什么病,548,20250701,5617
20250701,医疗,小便次数多尿不干净老感觉想尿,548,20250701,5618
20250701,医疗,风疹是什么症状图片,548,20250701,5619
20250701,医疗,"浑身没劲儿,四肢乏力怎么回事?",548,20250701,5620
20250701,医疗,青椒的功效与作用,548,20250701,5621
20250701,医疗,氟哌噻吨美利曲辛片,548,20250701,5622
20250701,医疗,肩袖损伤,548,20250701,5623
20250701,医疗,银黄颗粒的功效与副作用,548,20250701,5624
20250701,医疗,姜黄素的作用与功效,548,20250701,5625
20250701,医疗,半月板,547,20250701,5626
20250701,医疗,甲沟炎医院挂什么科,547,20250701,5627
20250701,医疗,泽兰的功效作用与主治,547,20250701,5628
20250701,医疗,肝囊肿多大mm必须手术,547,20250701,5629
20250701,医疗,五子衍宗丸治早迣效果怎么样,547,20250701,5630
20250701,医疗,活检是什么检查,547,20250701,5631
20250701,医疗,包皮发炎红肿用什么药,547,20250701,5632
20250701,医疗,疱疹性咽喉炎症状及表现,547,20250701,5633
20250701,医疗,经常放屁是咋回事儿女性,547,20250701,5634
20250701,医疗,d3的功效是什么,547,20250701,5635
20250701,医疗,安贞医院,547,20250701,5636
20250701,医疗,游离三碘甲状腺原氨酸偏高是什么意思,547,20250701,5637
20250701,医疗,胰腺炎的饮食禁忌和保养,546,20250701,5638
20250701,医疗,上吐下泻是什么原因导致的怎么办,546,20250701,5639
20250701,医疗,奥美拉唑肠溶胶囊的功效,546,20250701,5640
20250701,医疗,着床出血是什么样子的,546,20250701,5641
20250701,医疗,富氢水的功效和作用,546,20250701,5642
20250701,医疗,"甲母痣是怎么引起的,怎样治疗",546,20250701,5643
20250701,医疗,库欣综合征,546,20250701,5644
20250701,医疗,哈密瓜的功效和作用,546,20250701,5645
20250701,医疗,舒肝解郁胶囊,546,20250701,5646
20250701,医疗,月经刚走同房会不会怀孕,546,20250701,5647
20250701,医疗,肛裂,546,20250701,5648
20250701,医疗,腮腺炎的症状,546,20250701,5649
20250701,医疗,硝酸异山梨酯片的作用及功效,546,20250701,5650
20250701,医疗,酮体,546,20250701,5651
20250701,医疗,左氧氟沙星氯化钠注射作用是什么,546,20250701,5652
20250701,医疗,高密度脂蛋白胆固醇偏低怎么回事,546,20250701,5653
20250701,医疗,化疗费用一般一次是多少钱,546,20250701,5654
20250701,医疗,胖大海的功效与作用,545,20250701,5655
20250701,医疗,减肥燃烧的是什么,545,20250701,5656
20250701,医疗,透析的病人一般能活多久,545,20250701,5657
20250701,医疗,糖尿病的原因是什么引起,545,20250701,5658
20250701,医疗,鹌鹑蛋的作用以及功能,545,20250701,5659
20250701,医疗,盐酸利多卡因注射功效与作用,545,20250701,5660
20250701,医疗,hpv是什么意思是什么病,545,20250701,5661
20250701,医疗,氟哌酸和诺氟沙星是一个药吗,545,20250701,5662
20250701,医疗,阑尾炎手术费用大概多少钱,545,20250701,5663
20250701,医疗,尿酸高吃什么食物降得快,545,20250701,5664
20250701,医疗,灵芝破壁孢子的功效作用与禁忌,545,20250701,5665
20250701,医疗,茶多酚的作用与功效及副作用,545,20250701,5666
20250701,医疗,间质性肺炎是什么病,545,20250701,5667
20250701,医疗,脂肪肝怎么调理恢复正常,544,20250701,5668
20250701,医疗,吸氧气的好处和副作用,544,20250701,5669
20250701,医疗,头皮屑特别多是什么原因,544,20250701,5670
20250701,医疗,血府逐瘀汤,544,20250701,5671
20250701,医疗,牛奶早上喝好还是晚上喝好,544,20250701,5672
20250701,医疗,腱鞘囊肿,544,20250701,5673
20250701,医疗,急性荨麻疹怎么治疗最快的方法,544,20250701,5674
20250701,医疗,狐臭是因为什么原因引起的,544,20250701,5675
20250701,医疗,血脂高吃什么能降下来,544,20250701,5676
20250701,医疗,锁骨疼痛要警惕的三种病,544,20250701,5677
20250701,医疗,宫腔粘连的症状有哪些,544,20250701,5678
20250701,医疗,复溜的准确位置图,544,20250701,5679
20250701,医疗,"纤维瘤是什么东西,严重吗?",544,20250701,5680
20250701,医疗,茯神的主要功效和作用是什么,544,20250701,5681
20250701,医疗,红细胞分布宽度偏高是什么意思,544,20250701,5682
20250701,医疗,痔疮长什么样子,544,20250701,5683
20250701,医疗,胸口闷感觉喘不过气是怎么回事,543,20250701,5684
20250701,医疗,胆囊炎吃什么药最好效果最快,543,20250701,5685
20250701,医疗,念珠菌性阴道炎,543,20250701,5686
20250701,医疗,指压板按摩脚底的好处和坏处,543,20250701,5687
20250701,医疗,颈动脉斑块多少mm算严重,543,20250701,5688
20250701,医疗,胰腺炎吃什么药见效快,543,20250701,5689
20250701,医疗,体脂率正常范围,543,20250701,5690
20250701,医疗,胃镜检查前需要注意什么,543,20250701,5691
20250701,医疗,藿香正气液的功效与作用,543,20250701,5692
20250701,医疗,百令胶囊,543,20250701,5693
20250701,医疗,收缩压和舒张压多少正常,543,20250701,5694
20250701,医疗,手足口会传染给大人吗,543,20250701,5695
20250701,医疗,甲鱼蛋的功效与作用及营养,543,20250701,5696
20250701,医疗,桂皮的功效与作用,543,20250701,5697
20250701,医疗,类风湿性关节炎怎么治疗最好最有效,543,20250701,5698
20250701,医疗,鸡血藤图片,543,20250701,5699
20250701,医疗,骨质疏松最快的恢复方法,542,20250701,5700
20250701,医疗,脉搏一分钟跳多少次正常,542,20250701,5701
20250701,医疗,乳果糖口服溶液的正确服用方法,542,20250701,5702
20250701,医疗,乙肝核心抗体高是什么意思,542,20250701,5703
20250701,医疗,国药集团,542,20250701,5704
20250701,医疗,甲状腺过氧化物酶抗体高是什么情况,542,20250701,5705
20250701,医疗,朱砂的好处与功效,542,20250701,5706
20250701,医疗,"腿麻是什么原因引起的,怎么解决",542,20250701,5707
20250701,医疗,丙酸氟替卡松乳膏作用与功效,542,20250701,5708
20250701,医疗,烟酸的功效与作用,542,20250701,5709
20250701,医疗,针灸后多久可以洗澡,542,20250701,5710
20250701,医疗,深蹲正确的姿势,542,20250701,5711
20250701,医疗,伊曲康唑胶囊,542,20250701,5712
20250701,医疗,阿司匹林的副作用与危害,542,20250701,5713
20250701,医疗,达泊西汀片的功效与作用价格,542,20250701,5714
20250701,医疗,试管婴儿的步骤过程详细,542,20250701,5715
20250701,医疗,嘴唇干裂起皮什么原因造成的,542,20250701,5716
20250701,医疗,紫草膏的功效与作用与主治,542,20250701,5717
20250701,医疗,坚持半年不吃晚饭却没瘦怎么办,541,20250701,5718
20250701,医疗,独活的功效作用与主治,541,20250701,5719
20250701,医疗,附子的功效与作用主要治什么病,541,20250701,5720
20250701,医疗,一天喝多少毫升的水最好,541,20250701,5721
20250701,医疗,虫草,541,20250701,5722
20250701,医疗,直肠炎的早期症状有哪些,541,20250701,5723
20250701,医疗,小三阳,541,20250701,5724
20250701,医疗,妇科医生免费咨询,541,20250701,5725
20250701,医疗,寻常疣图片,541,20250701,5726
20250701,医疗,宫颈癌早期症状,541,20250701,5727
20250701,医疗,山西省人民医院,541,20250701,5728
20250701,医疗,龟 头上炎症用什么药好,540,20250701,5729
20250701,医疗,耳石症有什么症状表现,540,20250701,5730
20250701,医疗,"桑叶的用途与功效,治疗什么病",540,20250701,5731
20250701,医疗,平均血小板体积偏低是怎么回事,540,20250701,5732
20250701,医疗,蝎子咬了怎么处理疼痛,540,20250701,5733
20250701,医疗,菠萝蜜的功效与作用,540,20250701,5734
20250701,医疗,荆防颗粒的功效作用与主治,540,20250701,5735
20250701,医疗,三七花泡水喝有什么功效和作用,540,20250701,5736
20250701,医疗,脑卒中,540,20250701,5737
20250701,医疗,单核细胞百分比偏高说明什么,540,20250701,5738
20250701,医疗,心脏跳动过快心慌怎么办,540,20250701,5739
20250701,医疗,血栓的症状有哪些表现,539,20250701,5740
20250701,医疗,大活络丸的功效与作用,539,20250701,5741
20250701,医疗,女子腿痒2月查出肝癌,539,20250701,5742
20250701,医疗,脖子上长疙瘩是怎么回事,539,20250701,5743
20250701,医疗,鹿茸有什么功效和作用,539,20250701,5744
20250701,医疗,小针刀是什么治疗方法,539,20250701,5745
20250701,医疗,开瑞坦,538,20250701,5746
20250701,医疗,生力片的功效与作用,538,20250701,5747
20250701,医疗,手指脱皮是什么原因造成的,538,20250701,5748
20250701,医疗,开心果的功效与作用,538,20250701,5749
20250701,医疗,阿普唑仑,538,20250701,5750
20250701,医疗,枸杞泡水喝有什么作用和功效,538,20250701,5751
20250701,医疗,左乙拉西坦片的作用与功效,538,20250701,5752
20250701,医疗,白茶功效作用与主治,538,20250701,5753
20250701,医疗,蔓越莓的功效与作用对女性妇科,538,20250701,5754
20250701,医疗,肌钙蛋白高是什么意思,538,20250701,5755
20250701,医疗,鹅口疮是什么样的图片,538,20250701,5756
20250701,医疗,试管婴儿,538,20250701,5757
20250701,医疗,痔疮的症状有哪些,538,20250701,5758
20250701,医疗,利福平的作用与功效,538,20250701,5759
20250701,医疗,龙须草的功效与作用,538,20250701,5760
20250701,医疗,"感冒浑身无力,感觉很疲劳,没精神,怎么办?",538,20250701,5761
20250701,医疗,南瓜藤的功效与作用及营养价值,538,20250701,5762
20250701,医疗,肺部结节多少mm以上建议手术,537,20250701,5763
20250701,医疗,高血脂吃什么降得最快最有效,537,20250701,5764
20250701,医疗,樱桃泡酒有什么功效和作用,537,20250701,5765
20250701,医疗,耳朵后面长了一个鼓包一摸就疼,537,20250701,5766
20250701,医疗,后背肩胛疼痛要警惕的三种病症,537,20250701,5767
20250701,医疗,紫苏子的功效与作用,537,20250701,5768
20250701,医疗,晕车,537,20250701,5769
20250701,医疗,阴道炎有哪几种,537,20250701,5770
20250701,医疗,东部战区总医院,537,20250701,5771
20250701,医疗,牛黄清胃丸的功效与作用和适用人群,537,20250701,5772
20250701,医疗,盐酸氟桂利嗪片的功效与作用,537,20250701,5773
20250701,医疗,尿酸偏高的原因和解决方法,537,20250701,5774
20250701,医疗,子宫腺肌症,537,20250701,5775
20250701,医疗,中国人民解放军总医院,537,20250701,5776
20250701,医疗,盆腔积液怎么治疗最好最快最有效,537,20250701,5777
20250701,医疗,甲亢病是什么病,537,20250701,5778
20250701,医疗,呋喃唑酮片功效与作用,537,20250701,5779
20250701,医疗,口腔溃疡是什么原因引起的,537,20250701,5780
20250701,医疗,喝柠檬水有什么好处和功效,536,20250701,5781
20250701,医疗,联苯苄唑喷雾剂,536,20250701,5782
20250701,医疗,左氧氟沙星片的作用与功效,536,20250701,5783
20250701,医疗,"血糖多少为正常,多少为高",536,20250701,5784
20250701,医疗,肌肉拉伤一般多少天恢复,536,20250701,5785
20250701,医疗,上海中山医院,536,20250701,5786
20250701,医疗,氧化锌软膏的作用和功效,536,20250701,5787
20250701,医疗,杨梅酒泡多久是最佳饮用时间,536,20250701,5788
20250701,医疗,扑尔敏的功效与作用及副作用,536,20250701,5789
20250701,医疗,女性阴部有白毛的原因是什么,536,20250701,5790
20250701,医疗,"尿液发黄,混浊,骚味很大是怎么回事",536,20250701,5791
20250701,医疗,中医骨伤科学,535,20250701,5792
20250701,医疗,猪肚炖什么养胃治胃病最好,535,20250701,5793
20250701,医疗,郁金的功效作用与主治,535,20250701,5794
20250701,医疗,杏子吃多了有什么坏处和好处,535,20250701,5795
20250701,医疗,预产期怎么算时间,535,20250701,5796
20250701,医疗,生蚝的好处和功效与作用,535,20250701,5797
20250701,医疗,ct能检查出什么,535,20250701,5798
20250701,医疗,肚子疼是啥原因,535,20250701,5799
20250701,医疗,嘴唇发紫是什么原因?,535,20250701,5800
20250701,医疗,37.1度算不算发烧,535,20250701,5801
20250701,医疗,盐酸曲美他嗪片的功效与作用,535,20250701,5802
20250701,医疗,济南市人民医院,535,20250701,5803
20250701,医疗,息斯敏的功效与作用,535,20250701,5804
20250701,医疗,银杏叶提取物片作用与功效,535,20250701,5805
20250701,医疗,半月板撕裂最好的恢复办法,535,20250701,5806
20250701,医疗,脑白质病变是什么意思,535,20250701,5807
20250701,医疗,试纸多少天可以测出怀孕,535,20250701,5808
20250701,医疗,iga肾病,535,20250701,5809
20250701,医疗,乙肝病毒表面抗体阳性什么意思,535,20250701,5810
20250701,医疗,肌酸激酶高是什么原因,535,20250701,5811
20250701,医疗,白化病,535,20250701,5812
20250701,医疗,圣女果的功效与作用,534,20250701,5813
20250701,医疗,败血症是一种什么病,534,20250701,5814
20250701,医疗,腰背疼痛要警惕的三种病症,534,20250701,5815
20250701,医疗,大腿内侧与阴囊两侧瘙痒潮湿发黑,534,20250701,5816
20250701,医疗,糖尿病并发症都有哪些症状,534,20250701,5817
20250701,医疗,风寒感冒的症状表现,534,20250701,5818
20250701,医疗,酮体1个加号说明什么,534,20250701,5819
20250701,医疗,血糖仪哪个牌子最好最准确一,534,20250701,5820
20250701,医疗,豆浆喝多了有什么好处和坏处,534,20250701,5821
20250701,医疗,呼吸困难胸闷气短总想大口深呼吸,534,20250701,5822
20250701,医疗,三查八对,534,20250701,5823
20250701,医疗,紫苏梗的功效与作用,534,20250701,5824
20250701,医疗,麝香的功效作用与主治,534,20250701,5825
20250701,医疗,鸡皮肤怎么治才能彻底根除,534,20250701,5826
20250701,医疗,阿法骨化醇软胶囊的功效和作用,533,20250701,5827
20250701,医疗,宫寒怎么调理最有效,533,20250701,5828
20250701,医疗,中药怎么熬?熬多长时间?,533,20250701,5829
20250701,医疗,马拉色菌毛囊炎,533,20250701,5830
20250701,医疗,脚气用什么药最管用,533,20250701,5831
20250701,医疗,心电图怎么看图解,533,20250701,5832
20250701,医疗,金银花的功效与作用,533,20250701,5833
20250701,医疗,含蛋白质比较高的食物是什么,533,20250701,5834
20250701,医疗,咽喉炎症状及表现,533,20250701,5835
20250701,医疗,湿毒清胶囊的功效与作用,533,20250701,5836
20250701,医疗,人血白蛋白,533,20250701,5837
20250701,医疗,全身无力四肢发软提不起精神是怎么回事,533,20250701,5838
20250701,医疗,松子的功效与作用及营养价值,533,20250701,5839
20250701,医疗,毓婷,533,20250701,5840
20250701,医疗,胆南星的作用和功效,533,20250701,5841
20250701,医疗,七叶洋地黄双苷滴眼液,533,20250701,5842
20250701,医疗,疣怎么治疗才能彻底根除,533,20250701,5843
20250701,医疗,抑郁症的表现症状有哪些,532,20250701,5844
20250701,医疗,牛黄上清片的功效与作用,532,20250701,5845
20250701,医疗,柏子养心丸,532,20250701,5846
20250701,医疗,小孩脸上有白色一块一块的怎么回事,532,20250701,5847
20250701,医疗,腿酸胀痛什么原因引起的女性,532,20250701,5848
20250701,医疗,白蛋白,532,20250701,5849
20250701,医疗,利格列汀的作用与功效,532,20250701,5850
20250701,医疗,刺五加,532,20250701,5851
20250701,医疗,富贵包,532,20250701,5852
20250701,医疗,泰诺,532,20250701,5853
20250701,医疗,角膜炎有哪些症状,532,20250701,5854
20250701,医疗,绞股蓝茶泡水喝的功效和副作用,531,20250701,5855
20250701,医疗,三氯蔗糖对人体有害吗,531,20250701,5856
20250701,医疗,刮痧,531,20250701,5857
20250701,医疗,咳嗽咳痰一直不好是什么原因怎么治,531,20250701,5858
20250701,医疗,胰腺在哪个位置,531,20250701,5859
20250701,医疗,足底筋膜炎,531,20250701,5860
20250701,医疗,洛神花泡水的作用与功效,531,20250701,5861
20250701,医疗,水飞蓟宾胶囊,531,20250701,5862
20250701,医疗,阴道口瘙痒怎么办用什么药,531,20250701,5863
20250701,医疗,蛋白质食物有哪些,531,20250701,5864
20250701,医疗,gcs评分,530,20250701,5865
20250701,医疗,心梗的症状及前兆,530,20250701,5866
20250701,医疗,半月板损伤有哪些症状,530,20250701,5867
20250701,医疗,血小板,530,20250701,5868
20250701,医疗,尿结石怎么治疗最好最快的方法,530,20250701,5869
20250701,医疗,压疮的分期及临床表现,530,20250701,5870
20250701,医疗,爬楼梯能减肥吗,530,20250701,5871
20250701,医疗,神经纤维瘤,530,20250701,5872
20250701,医疗,黄连素,530,20250701,5873
20250701,医疗,硫酸羟氯喹片的功效和副作用,530,20250701,5874
20250701,医疗,复方聚乙二醇电解质散,530,20250701,5875
20250701,医疗,赤芍,530,20250701,5876
20250701,医疗,肠镜检查费用多少钱,530,20250701,5877
20250701,医疗,白及的功效与作用,530,20250701,5878
20250701,医疗,百多邦软膏的作用和功效,530,20250701,5879
20250701,医疗,牙疼吃什么消炎药效果最好,530,20250701,5880
20250701,医疗,胰腺的作用和功能是什么,529,20250701,5881
20250701,医疗,绿豆薏米一起煮的功效和作用,529,20250701,5882
20250701,医疗,气血不足吃什么补气血最快,529,20250701,5883
20250701,医疗,hcg正常值对照表,529,20250701,5884
20250701,医疗,人体内脏分布图高清大图,529,20250701,5885
20250701,医疗,胎盘成熟度几级才能生,529,20250701,5886
20250701,医疗,洁尔阴洗液的功效与作用,529,20250701,5887
20250701,医疗,火疖子怎么治疗最快最好,529,20250701,5888
20250701,医疗,西地那非和他达拉非哪个效果好,529,20250701,5889
20250701,医疗,萎缩性胃炎c2什么意思,529,20250701,5890
20250701,医疗,艾滋病多久能检查出来,529,20250701,5891
20250701,医疗,氧化锌软膏,529,20250701,5892
20250701,医疗,头皮痛什么原因引起的怎么治疗,529,20250701,5893
20250701,医疗,吊干杏的功效与作用,529,20250701,5894
20250701,医疗,便血是怎么回事男性,529,20250701,5895
20250701,医疗,头孢克洛胶囊,529,20250701,5896
20250701,医疗,脂肪肝是什么病,528,20250701,5897
20250701,医疗,富马酸伏诺拉生片的功效与作用,528,20250701,5898
20250701,医疗,三查八对内容是什么,528,20250701,5899
20250701,医疗,喉咙有痰吐不出来.粘着喉咙.怎么办,528,20250701,5900
20250701,医疗,盐酸左西替利嗪片的功效,528,20250701,5901
20250701,医疗,手上长了红色的小点,528,20250701,5902
20250701,医疗,异丙嗪,528,20250701,5903
20250701,医疗,盆腔积液是怎么回事,528,20250701,5904
20250701,医疗,心肌缺血是什么原因造成的,528,20250701,5905
20250701,医疗,武汉同济医院,528,20250701,5906
20250701,医疗,栀子泡水喝有什么好处和功效,528,20250701,5907
20250701,医疗,安科生物,528,20250701,5908
20250701,医疗,非诺贝特,528,20250701,5909
20250701,医疗,失眠最快入睡的方法,528,20250701,5910
20250701,医疗,抗生素,528,20250701,5911
20250701,医疗,紫外线过敏怎么治能去根,528,20250701,5912
20250701,医疗,丝瓜的功效与作用,528,20250701,5913
20250701,医疗,头疼头晕恶心想吐是什么原因,528,20250701,5914
20250701,医疗,菊粉的功效与作用,528,20250701,5915
20250701,医疗,人血白蛋白多少钱一瓶,528,20250701,5916
20250701,医疗,脂肪粒怎么样才能去除,528,20250701,5917
20250701,医疗,泮托拉唑钠肠溶片,527,20250701,5918
20250701,医疗,荔枝蒸着吃有什么功效,527,20250701,5919
20250701,医疗,身上有红色的红点是什么原因,527,20250701,5920
20250701,医疗,咽峡炎,527,20250701,5921
20250701,医疗,胃癌,527,20250701,5922
20250701,医疗,嘴巴里经常口腔溃疡是什么原因,527,20250701,5923
20250701,医疗,免费领药箱,527,20250701,5924
20250701,医疗,破伤风什么情况下需要打,527,20250701,5925
20250701,医疗,喉咙,527,20250701,5926
20250701,医疗,麦芽糖醇糖尿病人能吃吗,527,20250701,5927
20250701,医疗,双氯芬酸二乙胺乳胶剂,527,20250701,5928
20250701,医疗,誉衡药业,527,20250701,5929
20250701,医疗,白蛋白偏高是什么原因,527,20250701,5930
20250701,医疗,腰疼是什么原因引起的,527,20250701,5931
20250701,医疗,羊肉的禁忌及相克食物,527,20250701,5932
20250701,医疗,打呼噜是什么原因造成的 应该怎样治疗,526,20250701,5933
20250701,医疗,前列舒通胶囊的功效与作用,526,20250701,5934
20250701,医疗,凡士林的作用与用途有哪些,526,20250701,5935
20250701,医疗,血栓,526,20250701,5936
20250701,医疗,龙胆泻肝汤,526,20250701,5937
20250701,医疗,曲咪新乳膏的作用与功效,526,20250701,5938
20250701,医疗,鳞状上皮高是什么情况,526,20250701,5939
20250701,医疗,山药和什么搭配是最营养的,526,20250701,5940
20250701,医疗,慢性胃炎用什么药效果最好,526,20250701,5941
20250701,医疗,香瓜是寒性还是热性,525,20250701,5942
20250701,医疗,稳健医疗,525,20250701,5943
20250701,医疗,芒果吃多了有什么好处和坏处,525,20250701,5944
20250701,医疗,吃完避孕药后几天出血是月经吗,525,20250701,5945
20250701,医疗,脾的位置图,525,20250701,5946
20250701,医疗,沙苑子,525,20250701,5947
20250701,医疗,肝纤维化是什么病严重吗,525,20250701,5948
20250701,医疗,赶黄草泡水喝的功效与危害,525,20250701,5949
20250701,医疗,小肚子胀胀的鼓鼓的是咋回事,525,20250701,5950
20250701,医疗,吃洋葱对身体有什么好处,525,20250701,5951
20250701,医疗,他汀类药物,525,20250701,5952
20250701,医疗,膻中准确位置图,525,20250701,5953
20250701,医疗,排卵期出血,525,20250701,5954
20250701,医疗,血常规,524,20250701,5955
20250701,医疗,嘴上起水泡是什么原因引起的,524,20250701,5956
20250701,医疗,威灵仙的功效与作用,524,20250701,5957
20250701,医疗,白细胞偏低是什么原因造成的,524,20250701,5958
20250701,医疗,气海穴,524,20250701,5959
20250701,医疗,无花果干的功效和作用,524,20250701,5960
20250701,医疗,藿香正气胶囊的功效与主治作用,524,20250701,5961
20250701,医疗,冰片的功效作用与主治,524,20250701,5962
20250701,医疗,子宫内膜息肉需要做手术吗,524,20250701,5963
20250701,医疗,俄罗斯海豹软胶囊的功效与作用,524,20250701,5964
20250701,医疗,犀牛角的作用与功效,524,20250701,5965
20250701,医疗,田基黄草药的功效与作用,523,20250701,5966
20250701,医疗,蛋白粉,523,20250701,5967
20250701,医疗,知母,523,20250701,5968
20250701,医疗,大麦茶喝了有什么功效和作用,523,20250701,5969
20250701,医疗,肝脏不好有哪些症状,523,20250701,5970
20250701,医疗,脉管炎是什么症状,523,20250701,5971
20250701,医疗,七步洗手法,523,20250701,5972
20250701,医疗,理中丸的功效与作用,523,20250701,5973
20250701,医疗,蜱虫咬人后有什么症状,523,20250701,5974
20250701,医疗,心脉受损有什么办法可以治愈,523,20250701,5975
20250701,医疗,晒黑后如何快速变白,523,20250701,5976
20250701,医疗,上环多久可以过夫妻生活,523,20250701,5977
20250701,医疗,半夏泻心汤的功效与作用,523,20250701,5978
20250701,医疗,人流手术多少天做比较适合,522,20250701,5979
20250701,医疗,阿斯美,522,20250701,5980
20250701,医疗,"宫外孕手术危险性大吗,需要多久",522,20250701,5981
20250701,医疗,灵芝孢子破壁的功效与主治功能,522,20250701,5982
20250701,医疗,解郁丸的功能与主治,522,20250701,5983
20250701,医疗,多巴丝肼片的作用与功效,522,20250701,5984
20250701,医疗,痛经的原因主要与什么因素有关,522,20250701,5985
20250701,医疗,刚怀孕1-7天的征兆,522,20250701,5986
20250701,医疗,抗生素对人体的危害,522,20250701,5987
20250701,医疗,开胸顺气丸功效作用与主治,522,20250701,5988
20250701,医疗,紫河车功效作用与主治,522,20250701,5989
20250701,医疗,清热散结片的功效和作用,522,20250701,5990
20250701,医疗,重楼的功效与作用,522,20250701,5991
20250701,医疗,藿香正气水滴到肚脐眼里有啥功效,522,20250701,5992
20250701,医疗,车厘子的营养和功效与作用,522,20250701,5993
20250701,医疗,远志,522,20250701,5994
20250701,医疗,贵州医科大学附属医院,522,20250701,5995
20250701,医疗,哑铃的正确锻炼方法,522,20250701,5996
20250701,医疗,做完胃镜多长时间可以正常吃东西,522,20250701,5997
20250701,医疗,腱鞘炎大拇指怎么治疗,522,20250701,5998
20250701,医疗,美托洛尔的作用与功效副作用,522,20250701,5999
20250701,医疗,泮托拉唑钠肠溶片的作用,522,20250701,6000
20250701,医疗,多索茶碱注射功效与作用,522,20250701,6001
20250701,医疗,黑棘皮病,521,20250701,6002
20250701,医疗,囟门多久闭合算正常,521,20250701,6003
20250701,医疗,左手麻木是怎么回事 男性,521,20250701,6004
20250701,医疗,乙基麦芽酚的作用与用途,521,20250701,6005
20250701,医疗,腿后窝筋疼痛什么原因,521,20250701,6006
20250701,医疗,枸橼酸,521,20250701,6007
20250701,医疗,指甲空了一半不连着肉怎么回事,521,20250701,6008
20250701,医疗,淋巴结肿瘤早期症状有哪些,521,20250701,6009
20250701,医疗,脂蛋白a高说明什么,521,20250701,6010
20250701,医疗,酒酿的功效与作用,521,20250701,6011
20250701,医疗,郁金,520,20250701,6012
20250701,医疗,右下腹疼痛什么原因男性,520,20250701,6013
20250701,医疗,亿帆医药,520,20250701,6014
20250701,医疗,鬼压床,520,20250701,6015
20250701,医疗,发烧38.5度的最佳处理方法,520,20250701,6016
20250701,医疗,桑叶双瓜茶能减肥是真是假,520,20250701,6017
20250701,医疗,草果的功效与作用,520,20250701,6018
20250701,医疗,尿液混浊还有白色沉淀物是怎么回事,520,20250701,6019
20250701,医疗,荣昌生物,520,20250701,6020
20250701,医疗,艾滋病能治好吗,520,20250701,6021
20250701,医疗,淋巴细胞偏低是什么意思,520,20250701,6022
20250701,医疗,克林霉素磷酸酯凝胶,520,20250701,6023
20250701,医疗,金钱草图片,520,20250701,6024
20250701,医疗,低糖水果有哪些?,520,20250701,6025
20250701,医疗,流产后多久可以同房,520,20250701,6026
20250701,医疗,空心菜的功效与作用,520,20250701,6027
20250701,医疗,谷胱甘肽,520,20250701,6028
20250701,医疗,过敏性鼻炎怎么治能除根好方法,520,20250701,6029
20250701,医疗,正常心率,519,20250701,6030
20250701,医疗,九蒸九晒黄芪精的功效与作用,519,20250701,6031
20250701,医疗,阴陵泉准确位置图和作用功效,519,20250701,6032
20250701,医疗,江苏省中医院,519,20250701,6033
20250701,医疗,足贴去湿气排毒是真的吗,519,20250701,6034
20250701,医疗,脖子粗是甲亢还是甲状腺结节,519,20250701,6035
20250701,医疗,臭氧的作用与功效,519,20250701,6036
20250701,医疗,思诺思的功效与作用副作用,519,20250701,6037
20250701,医疗,红外线理疗灯的作用和副作用,519,20250701,6038
20250701,医疗,正常血糖标准范围是多少,519,20250701,6039
20250701,医疗,盘尼西林,519,20250701,6040
20250701,医疗,乳腺导管扩张是什么意思严重吗,519,20250701,6041
20250701,医疗,银屑病会不会传染给别人,519,20250701,6042
20250701,医疗,黄莲上清片功效,519,20250701,6043
20250701,医疗,鼻毛变白是什么原因,518,20250701,6044
20250701,医疗,多糖铁复合物胶囊的作用与功效,518,20250701,6045
20250701,医疗,番泻叶喝多了有什么危害,518,20250701,6046
20250701,医疗,氟桂利嗪胶囊的功效与主治作用,518,20250701,6047
20250701,医疗,消化道出血有什么症状表现,518,20250701,6048
20250701,医疗,皮康王药膏的功效与作用,518,20250701,6049
20250701,医疗,川楝子的功效与作用,518,20250701,6050
20250701,医疗,嘴角裂开口子一直不好怎么办,518,20250701,6051
20250701,医疗,氟哌酸的功效和作用,518,20250701,6052
20250701,医疗,直肠癌的症状和表现,518,20250701,6053
20250701,医疗,电解质紊乱有什么症状,518,20250701,6054
20250701,医疗,补气血最好的食补方法,518,20250701,6055
20250701,医疗,血常规检验报告单怎么看,518,20250701,6056
20250701,医疗,呋喃妥因肠溶片的作用与功效,518,20250701,6057
20250701,医疗,避孕药72小时内都有效吗,518,20250701,6058
20250701,医疗,沙棘汁的功效作用与主治,517,20250701,6059
20250701,医疗,竹笋的功效和作用,517,20250701,6060
20250701,医疗,"肺积水是什么原因导致的,能治愈吗?",517,20250701,6061
20250701,医疗,羟苯磺酸钙胶囊功效与作用,517,20250701,6062
20250701,医疗,尿肌酐正常值范围,517,20250701,6063
20250701,医疗,泌尿系统感染有什么症状,517,20250701,6064
20250701,医疗,自闭症的孩子有哪些症状,517,20250701,6065
20250701,医疗,甲状旁腺激素高说明什么问题,517,20250701,6066
20250701,医疗,肤痒颗粒的作用与功效,517,20250701,6067
20250701,医疗,天门冬氨酸氨基转移酶,517,20250701,6068
20250701,医疗,梅毒会传染给家人吗,517,20250701,6069
20250701,医疗,肌肉注射的部位及定位,517,20250701,6070
20250701,医疗,补佳乐的作用和功效,517,20250701,6071
20250701,医疗,牛黄甲硝唑胶囊的作用与功效,517,20250701,6072
20250701,医疗,珍珠母的功效与作用,516,20250701,6073
20250701,医疗,支气管炎吃什么药效果最好,516,20250701,6074
20250701,医疗,细辛,516,20250701,6075
20250701,医疗,皮肤上长小红点像血点是怎么回事,516,20250701,6076
20250701,医疗,舌苔发黄是什么原因,516,20250701,6077
20250701,医疗,氯化钠注射作用是什么,516,20250701,6078
20250701,医疗,布洛芬缓释胶囊的作用与功效,516,20250701,6079
20250701,医疗,上海仁济医院,516,20250701,6080
20250701,医疗,右边腹部疼是怎么回事女,516,20250701,6081
20250701,医疗,咖啡酸片的作用与功效,516,20250701,6082
20250701,医疗,鼻炎最有效的药,516,20250701,6083
20250701,医疗,黄精的功效,516,20250701,6084
20250701,医疗,西洋参泡水喝的作用与功效,515,20250701,6085
20250701,医疗,鸭子炖汤和什么一起炖最有营养,515,20250701,6086
20250701,医疗,身上起红疙瘩还特别痒是什么原因,515,20250701,6087
20250701,医疗,无氧运动有哪些,515,20250701,6088
20250701,医疗,b2维生素的作用及功能,515,20250701,6089
20250701,医疗,红豆薏米水,515,20250701,6090
20250701,医疗,脚底板发热是什么原因?怎么办,515,20250701,6091
20250701,医疗,天王补心丹,515,20250701,6092
20250701,医疗,漏尿怎么治疗最有效最好女性,515,20250701,6093
20250701,医疗,84消毒液对人体有哪些危害,514,20250701,6094
20250701,医疗,低烧37.1-37.5要警惕,514,20250701,6095
20250701,医疗,乙肝症状表现有哪些,514,20250701,6096
20250701,医疗,六堡茶的功效与作用及副作用,514,20250701,6097
20250701,医疗,颈椎病怎么治疗最好最快方法,514,20250701,6098
20250701,医疗,颈椎压迫神经有什么症状表现,514,20250701,6099
20250701,医疗,支沟的准确位置图,514,20250701,6100
20250701,医疗,梦魇,514,20250701,6101
20250701,医疗,糖类抗原19-9偏高是什么意思,514,20250701,6102
20250701,医疗,验孕棒什么时候测试最准确,514,20250701,6103
20250701,医疗,"心肌炎是什么病严重吗,怎么治疗",514,20250701,6104
20250701,医疗,红参,513,20250701,6105
20250701,医疗,痉挛是什么意思?,513,20250701,6106
20250701,医疗,中耳炎用什么药效果快,513,20250701,6107
20250701,医疗,体内湿气重最快的方法怎么消除,513,20250701,6108
20250701,医疗,picc静脉置管,513,20250701,6109
20250701,医疗,硒酵母片的作用与功效,513,20250701,6110
20250701,医疗,猝死的前兆,513,20250701,6111
20250701,医疗,神经性皮炎用什么药治除根,513,20250701,6112
20250701,医疗,转移因子胶囊的功效与作用,513,20250701,6113
20250701,医疗,沙参的功效与作用,513,20250701,6114
20250701,医疗,雌二醇是什么意思,513,20250701,6115
20250701,医疗,富马酸替诺福韦二吡呋酯片,513,20250701,6116
20250701,医疗,缬沙坦,513,20250701,6117
20250701,医疗,藤黄健骨丸的功效与作用,513,20250701,6118
20250701,医疗,祛湿,512,20250701,6119
20250701,医疗,心理医生在线咨询24小时,512,20250701,6120
20250701,医疗,硬下疳图片,512,20250701,6121
20250701,医疗,醋泡姜的作用和功效,512,20250701,6122
20250701,医疗,心梗前兆1～7天的表现,512,20250701,6123
20250701,医疗,中山医院,512,20250701,6124
20250701,医疗,长期手淫会有什么危害,512,20250701,6125
20250701,医疗,网球肘怎么治疗才能根除,512,20250701,6126
20250701,医疗,紫苏叶的功效与作用,511,20250701,6127
20250701,医疗,酮症酸中毒的症状表现及后果,511,20250701,6128
20250701,医疗,b1维生素的作用及功能,511,20250701,6129
20250701,医疗,腹胀是什么原因引起的,511,20250701,6130
20250701,医疗,甲泼尼龙片,511,20250701,6131
20250701,医疗,幽门螺杆菌是怎样感染上的,511,20250701,6132
20250701,医疗,甲胎蛋白高到多少说明有肿瘤,511,20250701,6133
20250701,医疗,粉葛的功效与作用,511,20250701,6134
20250701,医疗,妥布霉素地塞米松滴眼液的功效,511,20250701,6135
20250701,医疗,云南白药气雾剂,511,20250701,6136
20250701,医疗,狐臭手术一般费用多少,511,20250701,6137
20250701,医疗,有氧运动,511,20250701,6138
20250701,医疗,吃玉米的好处和功效与作用,511,20250701,6139
20250701,医疗,莫匹罗星软膏主治什么,511,20250701,6140
20250701,医疗,香茅草的功效与作用,510,20250701,6141
20250701,医疗,打羽毛球的好处和坏处,510,20250701,6142
20250701,医疗,关元位置与作用和功效,510,20250701,6143
20250701,医疗,复方阿胶浆的功效与作用,510,20250701,6144
20250701,医疗,氯化钾注射作用是什么功效,510,20250701,6145
20250701,医疗,乳酸脱氢酶,510,20250701,6146
20250701,医疗,妇科炎症有哪些症状,510,20250701,6147
20250701,医疗,虎杖,510,20250701,6148
20250701,医疗,艾滋病简称什么字母,510,20250701,6149
20250701,医疗,藜麦的功效与作用,510,20250701,6150
20250701,医疗,醒脾养儿颗粒的功效与作用,510,20250701,6151
20250701,医疗,冰硼散的作用与功效,510,20250701,6152
20250701,医疗,精囊炎症状表现有哪些,510,20250701,6153
20250701,医疗,后脑勺爱出汗是什么原因导致的,510,20250701,6154
20250701,医疗,荔枝鸡汤的功效与作用,510,20250701,6155
20250701,医疗,枯草杆菌二联活菌肠溶胶囊,510,20250701,6156
20250701,医疗,肺结核是由什么原因引起的,510,20250701,6157
20250701,医疗,酒精过敏是什么症状,510,20250701,6158
20250701,医疗,膏药贴几个小时最好,509,20250701,6159
20250701,医疗,丹凤眼,509,20250701,6160
20250701,医疗,落枕,509,20250701,6161
20250701,医疗,舌根部有很多小疙瘩是怎么回事,509,20250701,6162
20250701,医疗,代谢慢的人吃什么有助于新陈代谢,509,20250701,6163
20250701,医疗,右佐匹克隆,509,20250701,6164
20250701,医疗,总前列腺特异性抗原高是什么原因,509,20250701,6165
20250701,医疗,酸奶什么时候喝最好,509,20250701,6166
20250701,医疗,广安门中医院,509,20250701,6167
20250701,医疗,替尔泊肽,509,20250701,6168
20250701,医疗,芬必得,509,20250701,6169
20250701,医疗,可乐必妥,509,20250701,6170
20250701,医疗,参苓乌密颗粒状治疗白发吗,509,20250701,6171
20250701,医疗,胃炎吃什么药好得最快最有效,509,20250701,6172
20250701,医疗,宫寒怎么调理最快的方法,509,20250701,6173
20250701,医疗,心率90多正常吗,509,20250701,6174
20250701,医疗,牡丹皮,509,20250701,6175
20250701,医疗,腹股沟,509,20250701,6176
20250701,医疗,九价疫苗的作用与功效,509,20250701,6177
20250701,医疗,乳果糖,508,20250701,6178
20250701,医疗,异维A酸软胶囊,508,20250701,6179
20250701,医疗,炒白术的功效和作用,508,20250701,6180
20250701,医疗,气管炎吃什么药治才能彻底除根,508,20250701,6181
20250701,医疗,云南省医药有限公司,508,20250701,6182
20250701,医疗,酒黄精,508,20250701,6183
20250701,医疗,脚底穴位图,508,20250701,6184
20250701,医疗,内分泌科主要检查哪些项目,508,20250701,6185
20250701,医疗,腰疼的治疗方法怎么治最快最有效,508,20250701,6186
20250701,医疗,痉挛,508,20250701,6187
20250701,医疗,手足口病吃什么药,508,20250701,6188
20250701,医疗,皮肤病,508,20250701,6189
20250701,医疗,白木耳的功效与作用,508,20250701,6190
20250701,医疗,医院一般几点上班下班,508,20250701,6191
20250701,医疗,天麻素注射药用功效和作用,507,20250701,6192
20250701,医疗,多发性骨髓瘤,507,20250701,6193
20250701,医疗,量血压左手还是右手比较准确,507,20250701,6194
20250701,医疗,夜里尿的次数多是什么原因,507,20250701,6195
20250701,医疗,菊花泡水喝功效与主治,507,20250701,6196
20250701,医疗,脚背痒是什么原因.越抓越痒,507,20250701,6197
20250701,医疗,抗病毒口服液,507,20250701,6198
20250701,医疗,骨质增生,507,20250701,6199
20250701,医疗,土元的功效与作用,507,20250701,6200
20250701,医疗,刷牙时老是出血是什么原因,507,20250701,6201
20250701,医疗,金钻绿植的功效与作用,507,20250701,6202
20250701,医疗,肾炎,507,20250701,6203
20250701,医疗,钙化是什么意思啊,507,20250701,6204
20250701,医疗,金线莲的药用价值与功效,507,20250701,6205
20250701,医疗,骨裂了一般要多少时间恢复,507,20250701,6206
20250701,医疗,脾虚吃什么药效果最好,507,20250701,6207
20250701,医疗,阴囊潮湿,507,20250701,6208
20250701,医疗,百济神州,507,20250701,6209
20250701,医疗,人体经络准确位置图片高清大图,507,20250701,6210
20250701,医疗,炙甘草汤,507,20250701,6211
20250701,医疗,重楼功效作用与主治,507,20250701,6212
20250701,医疗,浮萍的功效与作用,507,20250701,6213
20250701,医疗,酒后头疼怎么办最快最有效,506,20250701,6214
20250701,医疗,败酱草的功效与作用,506,20250701,6215
20250701,医疗,磁共振能查出哪些病,506,20250701,6216
20250701,医疗,胡椒的功效和作用,506,20250701,6217
20250701,医疗,尿裤子,506,20250701,6218
20250701,医疗,燕麦片的功效和作用,506,20250701,6219
20250701,医疗,脾胃湿热吃什么中成药,506,20250701,6220
20250701,医疗,柴胡的功效与作用与主治,506,20250701,6221
20250701,医疗,运动康复,506,20250701,6222
20250701,医疗,糖尿病挂号要挂什么科,506,20250701,6223
20250701,医疗,红细胞分布宽度偏低,506,20250701,6224
20250701,医疗,甲状腺功能亢进症是什么意思?,506,20250701,6225
20250701,医疗,肌红蛋白高说明什么,506,20250701,6226
20250701,医疗,肾病综合征,506,20250701,6227
20250701,医疗,尿素软膏的作用与功效,506,20250701,6228
20250701,医疗,鱼油的作用与功效,506,20250701,6229
20250701,医疗,北京大学人民医院,506,20250701,6230
20250701,医疗,胸部有硬块是怎么回事,506,20250701,6231
20250701,医疗,生完孩子多久可以同房,505,20250701,6232
20250701,医疗,甲泼尼龙琥珀酸钠的功效与主治,505,20250701,6233
20250701,医疗,芬必得布洛芬缓释胶囊的作用与功效,505,20250701,6234
20250701,医疗,缺铁性贫血,505,20250701,6235
20250701,医疗,血小板体积分布宽度偏低什么意思,505,20250701,6236
20250701,医疗,东方树叶喝多了对身体有影响吗,505,20250701,6237
20250701,医疗,葡萄糖的功效与作用,505,20250701,6238
20250701,医疗,血糖高吃什么食物和水果最好,505,20250701,6239
20250701,医疗,慢性阑尾炎症状表现有哪些,505,20250701,6240
20250701,医疗,头疼恶心想吐是怎么回事,505,20250701,6241
20250701,医疗,更年期综合症有哪些表现,505,20250701,6242
20250701,医疗,云南白药胶囊的功效与作用,505,20250701,6243
20250701,医疗,手腕关节处有一个凸起的圆包,505,20250701,6244
20250701,医疗,鱼肝油的作用与功效,505,20250701,6245
20250701,医疗,手臂上长小红点是什么原因,505,20250701,6246
20250701,医疗,乳糖不耐受是什么意思,505,20250701,6247
20250701,医疗,咸鸭蛋的功效与作用及副作用,505,20250701,6248
20250701,医疗,人参的功效作用,505,20250701,6249
20250701,医疗,结扎,505,20250701,6250
20250701,医疗,强迫症,505,20250701,6251
20250701,医疗,手足口病是什么原因引起的,505,20250701,6252
20250701,医疗,荔枝的热量,505,20250701,6253
20250701,医疗,食管炎的症状有哪些表现,505,20250701,6254
20250701,医疗,7旬老人筋膜枪按脖子致骨裂险瘫痪,504,20250701,6255
20250701,医疗,薄荷叶的功效作用与主治,504,20250701,6256
20250701,医疗,阿莫西林是消炎药还是抗生素,504,20250701,6257
20250701,医疗,尿频尿急用什么药效果最好,504,20250701,6258
20250701,医疗,仙居片,504,20250701,6259
20250701,医疗,豆角没炒熟会中毒吗,504,20250701,6260
20250701,医疗,身上长了好多红色的小点是怎么回事,504,20250701,6261
20250701,医疗,他达拉非和西地那非哪个效果好,504,20250701,6262
20250701,医疗,维生素b族片的作用及功能,504,20250701,6263
20250701,医疗,nt值大于1.5和小于1.5男孩女孩,504,20250701,6264
20250701,医疗,红细胞分布宽度偏低说明什么,504,20250701,6265
20250701,医疗,板栗的功效与作用,504,20250701,6266
20250701,医疗,小便发黄是怎么回事男性,503,20250701,6267
20250701,医疗,头孢地尼胶囊,503,20250701,6268
20250701,医疗,太岁的功效和作用,503,20250701,6269
20250701,医疗,网球肘,503,20250701,6270
20250701,医疗,双成药业,503,20250701,6271
20250701,医疗,高敏肌钙蛋白高是什么意思,503,20250701,6272
20250701,医疗,精液发黄,503,20250701,6273
20250701,医疗,泌尿外科主要看什么病,503,20250701,6274
20250701,医疗,夏天感冒是风热还是风寒,503,20250701,6275
20250701,医疗,鹿鞭丸的功效和作用,503,20250701,6276
20250701,医疗,胃泌素17偏高是什么意思,502,20250701,6277
20250701,医疗,涌泉的准确位置图 图解,502,20250701,6278
20250701,医疗,辅酶q10的副作用与危害,502,20250701,6279
20250701,医疗,大青叶的作用与功效,502,20250701,6280
20250701,医疗,朱砂安神丸的作用与功效,502,20250701,6281
20250701,医疗,叶酸片什么时候吃最好备孕,502,20250701,6282
20250701,医疗,舒血宁静脉输液功效与作用,502,20250701,6283
20250701,医疗,超敏c反应蛋白高代表什么意思,502,20250701,6284
20250701,医疗,东革阿里的功效与作用,502,20250701,6285
20250701,医疗,腰椎退行性变是怎么回事,502,20250701,6286
20250701,医疗,开塞露可以擦脸吗?有什么功效,502,20250701,6287
20250701,医疗,西瓜霜,502,20250701,6288
20250701,医疗,月经前几天同房会怀孕吗,502,20250701,6289
20250701,医疗,马蹄荸荠的功效与作用,502,20250701,6290
20250701,医疗,李子的营养价值及功效与作用,502,20250701,6291
20250701,医疗,红眼病,502,20250701,6292
20250701,医疗,红花功效作用与主治,502,20250701,6293
20250701,医疗,养血清脑颗粒,502,20250701,6294
20250701,医疗,香雪制药,501,20250701,6295
20250701,医疗,来姨妈肚子疼怎么缓解疼痛,501,20250701,6296
20250701,医疗,体重指数正常范围是多少,501,20250701,6297
20250701,医疗,坐骨神经痛,501,20250701,6298
20250701,医疗,玻璃体混浊最佳恢复方法,501,20250701,6299
20250701,医疗,黑豆的功效和作用,501,20250701,6300
20250701,医疗,肠癌,501,20250701,6301
20250701,医疗,曲安奈德益康唑乳膏的作用,501,20250701,6302
20250701,医疗,肺结节吃什么药能根治,501,20250701,6303
20250701,医疗,藿香正气水和藿香正气液的区别,501,20250701,6304
20250701,医疗,利马前列素片的作用与功效,501,20250701,6305
20250701,医疗,养胃舒颗粒的功效与作用,501,20250701,6306
20250701,医疗,钾含量高的食物和水果,501,20250701,6307
20250701,医疗,胃溃疡吃什么食物有助于恢复,500,20250701,6308
20250701,医疗,门冬胰岛素,500,20250701,6309
20250701,医疗,鹿血的功效与主治,500,20250701,6310
20250701,医疗,中署有哪些症状,500,20250701,6311
20250701,医疗,玄参,500,20250701,6312
20250701,医疗,石橄榄功效作用与主治,500,20250701,6313
20250701,医疗,妊娠纹,500,20250701,6314
20250701,医疗,内消瘰疬丸主治哪里的结节最好,500,20250701,6315
20250701,医疗,尺泽的准确位置图,500,20250701,6316
20250701,医疗,渐冻症的早期症状是什么,500,20250701,6317
20250701,医疗,苏合香丸的功效与作用,500,20250701,6318
20250701,医疗,问医生,500,20250701,6319
20250701,医疗,黄皮果对痛风有好处吗,500,20250701,6320
20250701,医疗,整肠生,500,20250701,6321
20250701,医疗,前列腺肥大怎么治疗最好的方法,500,20250701,6322
20250701,医疗,髋关节,500,20250701,6323
20250701,医疗,肾结石是什么原因导致的,499,20250701,6324
20250701,医疗,牛黄清心丸,499,20250701,6325
20250701,医疗,复方对乙酰氨基酚片的作用与功效,499,20250701,6326
20250701,医疗,嗓子有异物感堵得慌是怎么回事,499,20250701,6327
20250701,医疗,木通的功效作用与主治,499,20250701,6328
20250701,医疗,药流小月子要坐多少天,499,20250701,6329
20250701,医疗,天麻的最佳食用方法,499,20250701,6330
20250701,医疗,rh(d)血型鉴定为阳性是怎么回事儿,499,20250701,6331
20250701,医疗,医生在线咨询24小时免费,499,20250701,6332
20250701,医疗,睡不着觉怎样办,499,20250701,6333
20250701,医疗,瑞格列奈片,499,20250701,6334
20250701,医疗,拉黑屎是什么原因造成的严重吗,499,20250701,6335
20250701,医疗,眼睛模糊像一层雾蒙上是怎么回事,499,20250701,6336
20250701,医疗,天门冬氨酸氨基转移酶高是什么原因,498,20250701,6337
20250701,医疗,大豆异黄酮的功效与作用,498,20250701,6338
20250701,医疗,早上起来眼睛浮肿是怎么回事,498,20250701,6339
20250701,医疗,同济医院,498,20250701,6340
20250701,医疗,喝咖啡能减肥吗?,498,20250701,6341
20250701,医疗,杏仁功效作用与主治,498,20250701,6342
20250701,医疗,桂圆干的功效与作用,498,20250701,6343
20250701,医疗,信达生物,498,20250701,6344
20250701,医疗,160cm女生标准体重,498,20250701,6345
20250701,医疗,冬凌草的功效与作用,498,20250701,6346
20250701,医疗,四环素片的功效与作用,498,20250701,6347
20250701,医疗,氨基酸,498,20250701,6348
20250701,医疗,蒲公英根泡水喝的功效和作用,498,20250701,6349
20250701,医疗,沉香化滞丸的功效和作用,498,20250701,6350
20250701,医疗,紫癜病是什么原因造成的,498,20250701,6351
20250701,医疗,黄芪霜的功效与作用是什么,498,20250701,6352
20250701,医疗,复方黄柏液涂剂的功效与作用,498,20250701,6353
20250701,医疗,"左肾囊肿是怎么回事,需要怎么治疗",497,20250701,6354
20250701,医疗,免疫球蛋白g偏高是什么原因,497,20250701,6355
20250701,医疗,心脏造影有哪些危害和风险呢,497,20250701,6356
20250701,医疗,当归芍药散,497,20250701,6357
20250701,医疗,尿,497,20250701,6358
20250701,医疗,芪苈强心胶囊的功效与作用,497,20250701,6359
20250701,医疗,藿香正气丸的作用与功效,497,20250701,6360
20250701,医疗,南瓜升糖指数高吗,497,20250701,6361
20250701,医疗,肾阳虚有什么症状男性,497,20250701,6362
20250701,医疗,十二指肠溃疡的症状有哪些,497,20250701,6363
20250701,医疗,甲钴胺的功效与作用,497,20250701,6364
20250701,医疗,眼睛干涩是什么原因引起的,497,20250701,6365
20250701,医疗,石女是什么意思?,497,20250701,6366
20250701,医疗,甘油三酯高是怎么回事,497,20250701,6367
20250701,医疗,卵巢囊肿怎么治疗效果最好的药,497,20250701,6368
20250701,医疗,甲钴胺片可以长期服用吗,497,20250701,6369
20250701,医疗,裙带菜的功效与作用,497,20250701,6370
20250701,医疗,氯雷他定的副作用和危害,497,20250701,6371
20250701,医疗,气血康口服液的功效与作用,497,20250701,6372
20250701,医疗,肺结节是什么意思 严重吗,497,20250701,6373
20250701,医疗,长豆角的功效与作用,496,20250701,6374
20250701,医疗,鹅肉的功效与作用,496,20250701,6375
20250701,医疗,臭虫咬了的症状图片,496,20250701,6376
20250701,医疗,胃癌晚期能活多久,496,20250701,6377
20250701,医疗,消炎利胆片,496,20250701,6378
20250701,医疗,绒毛膜促性腺激素多少是怀孕了,496,20250701,6379
20250701,医疗,人类免疫缺陷病毒抗体是什么意思,496,20250701,6380
20250701,医疗,维生素b6片的功效与主治,496,20250701,6381
20250701,医疗,嘴唇上有白斑是什么原因,495,20250701,6382
20250701,医疗,痔疮图片,495,20250701,6383
20250701,医疗,血友病,495,20250701,6384
20250701,医疗,牙疼吃什么药好的最快最有效,495,20250701,6385
20250701,医疗,甲氧氯普胺片的功效与作用,495,20250701,6386
20250701,医疗,防暑药品有哪些,495,20250701,6387
20250701,医疗,脚底长了硬硬的小疙瘩,495,20250701,6388
20250701,医疗,三棱的功效与作用,495,20250701,6389
20250701,医疗,过敏药,495,20250701,6390
20250701,医疗,尿潜血是什么病,495,20250701,6391
20250701,医疗,生化妊娠是什么意思,495,20250701,6392
20250701,医疗,输卵管堵塞怎么治疗最好的方法,495,20250701,6393
20250701,医疗,地牯牛的功效与作用,495,20250701,6394
20250701,医疗,玉屏风散,495,20250701,6395
20250701,医疗,臀部,495,20250701,6396
20250701,医疗,喝豆浆的好处和坏处,495,20250701,6397
20250701,医疗,五倍子的主要功效与作用,495,20250701,6398
20250701,医疗,短效避孕药怎么吃才正确,494,20250701,6399
20250701,医疗,甲钴胺和维生素b12有什么区别,494,20250701,6400
20250701,医疗,餐后血糖,494,20250701,6401
20250701,医疗,罗汉果泡水的正确方法,494,20250701,6402
20250701,医疗,梅毒传播途径有哪几种,494,20250701,6403
20250701,医疗,维生素ad滴剂的作用和功效,494,20250701,6404
20250701,医疗,桑寄生的功效作用与主治,494,20250701,6405
20250701,医疗,被蚊子咬了红肿特别大怎么办,494,20250701,6406
20250701,医疗,钙片,494,20250701,6407
20250701,医疗,手上长了很多凸起的小疙瘩,494,20250701,6408
20250701,医疗,激素药对身体有哪些危害和副作用,494,20250701,6409
20250701,医疗,咽喉炎,494,20250701,6410
20250701,医疗,胃火旺口臭怎么治疗吃什么药最好,494,20250701,6411
20250701,医疗,月经前几天有褐色分泌物又不像月经,494,20250701,6412
20250701,医疗,红小豆的作用与功效,494,20250701,6413
20250701,医疗,刚怀孕有什么症状和反应,494,20250701,6414
20250701,医疗,高原反应有什么症状,494,20250701,6415
20250701,医疗,非洛地平缓释片,494,20250701,6416
20250701,医疗,小儿氨酚黄那敏颗粒的功效与作用,493,20250701,6417
20250701,医疗,心功能分级,493,20250701,6418
20250701,医疗,路路通,493,20250701,6419
20250701,医疗,纤维瘤,493,20250701,6420
20250701,医疗,龙胆泻肝丸的功效和主治,493,20250701,6421
20250701,医疗,平均血小板体积偏高是什么意思,493,20250701,6422
20250701,医疗,肩周炎疼痛难忍如何解决疼痛,493,20250701,6423
20250701,医疗,甘草酸二铵肠溶胶囊的功效与作用,493,20250701,6424
20250701,医疗,红米的功效与作用,493,20250701,6425
20250701,医疗,曲唑酮,493,20250701,6426
20250701,医疗,田七,493,20250701,6427
20250701,医疗,椰子油的作用和功效,493,20250701,6428
20250701,医疗,副乳,493,20250701,6429
20250701,医疗,c反应蛋白,493,20250701,6430
20250701,医疗,医院几点上班,492,20250701,6431
20250701,医疗,独活寄生汤,492,20250701,6432
20250701,医疗,香砂养胃丸饭前吃还是饭后吃,492,20250701,6433
20250701,医疗,身上长红色痣是怎么回事,492,20250701,6434
20250701,医疗,指甲不平有凹凸是什么原因,492,20250701,6435
20250701,医疗,中药,492,20250701,6436
20250701,医疗,罗红霉素胶囊,492,20250701,6437
20250701,医疗,耻骨,492,20250701,6438
20250701,医疗,"子宫囊肿是什么病严重吗,怎么治疗?",492,20250701,6439
20250701,医疗,肌电图是检查什么的,492,20250701,6440
20250701,医疗,餐后一小时血糖正常值范围,492,20250701,6441
20250701,医疗,过氧化氢阳性(十)是什么意思,492,20250701,6442
20250701,医疗,阿普唑仑片的功效与作用,491,20250701,6443
20250701,医疗,鼻咽癌,491,20250701,6444
20250701,医疗,纯牛奶的功效与作用,491,20250701,6445
20250701,医疗,炙甘草,491,20250701,6446
20250701,医疗,黄体酮破裂有什么症状,491,20250701,6447
20250701,医疗,脑血栓的症状有哪些表现,491,20250701,6448
20250701,医疗,肚子左侧疼是怎么回事女性,491,20250701,6449
20250701,医疗,梅毒传播途径,491,20250701,6450
20250701,医疗,缩泉丸的功效与作用,491,20250701,6451
20250701,医疗,氨酚伪麻那敏分散片,491,20250701,6452
20250701,医疗,药流的最佳时间是多少天做,491,20250701,6453
20250701,医疗,散瞳检查对眼睛有伤害吗,491,20250701,6454
20250701,医疗,乳腺疼痛什么原因引起的,491,20250701,6455
20250701,医疗,北京医院,490,20250701,6456
20250701,医疗,柠檬酸的作用与功效和危害,490,20250701,6457
20250701,医疗,"牙结石是什么原因造成的,怎样处理",490,20250701,6458
20250701,医疗,血小板高预示着什么疾病,490,20250701,6459
20250701,医疗,安眠药有哪几种,490,20250701,6460
20250701,医疗,金蝉花的功效与作用图片,490,20250701,6461
20250701,医疗,诺欣妥,490,20250701,6462
20250701,医疗,白细胞低吃什么补得快,490,20250701,6463
20250701,医疗,维生素b,490,20250701,6464
20250701,医疗,磁共振,490,20250701,6465
20250701,医疗,假性湿疣图片,490,20250701,6466
20250701,医疗,苯溴马隆片,490,20250701,6467
20250701,医疗,黄体期,490,20250701,6468
20250701,医疗,蒙脱石散是饭前吃还是饭后吃,490,20250701,6469
20250701,医疗,呼吸性碱中毒的症状表现及后果,490,20250701,6470
20250701,医疗,左胸下方疼痛要警惕的三种病症,490,20250701,6471
20250701,医疗,肺腺癌,490,20250701,6472
20250701,医疗,炉甘石是止痒还是消炎,490,20250701,6473
20250701,医疗,花露水的作用和功效,490,20250701,6474
20250701,医疗,实性结节是什么意思,490,20250701,6475
20250701,医疗,排卵期出血一般持续几天,489,20250701,6476
20250701,医疗,耳石症怎么治疗才能彻底除根,489,20250701,6477
20250701,医疗,身体上有红色的小点是怎么回事,489,20250701,6478
20250701,医疗,"喉咙里面感觉有异物堵,是甲状腺结节吗",489,20250701,6479
20250701,医疗,九安医疗,489,20250701,6480
20250701,医疗,甘油三脂高吃什么药能降下来,489,20250701,6481
20250701,医疗,甲磺酸倍他司汀片的作用,489,20250701,6482
20250701,医疗,胰腺癌早期症状和前兆,489,20250701,6483
20250701,医疗,醋酸氯已定,489,20250701,6484
20250701,医疗,鱼油,489,20250701,6485
20250701,医疗,小便尿出血是什么问题,489,20250701,6486
20250701,医疗,石斛砂仁麦冬片功效与作用,489,20250701,6487
20250701,医疗,花青素的功效与作用,489,20250701,6488
20250701,医疗,心脏早搏最佳治疗方法,489,20250701,6489
20250701,医疗,附子的作用与功效,489,20250701,6490
20250701,医疗,神经外科主要治什么病,489,20250701,6491
20250701,医疗,非奈利酮片的作用与功效,489,20250701,6492
20250701,医疗,地龙,489,20250701,6493
20250701,医疗,血虚吃什么食物补得快,489,20250701,6494
20250701,医疗,脑梗塞怎么治疗能彻底根除,489,20250701,6495
20250701,医疗,鼻子痒痒总想揉鼻子是怎么回事,488,20250701,6496
20250701,医疗,血虚的表现和症状,488,20250701,6497
20250701,医疗,健脾丸,488,20250701,6498
20250701,医疗,胳膊上长了很多密密麻麻的小疙瘩用什么药,488,20250701,6499
20250701,医疗,八正散的功效与作用,488,20250701,6500
20250701,医疗,革兰氏阳性杆菌是什么意思,488,20250701,6501
20250701,医疗,活血止痛胶囊的功效与作用,488,20250701,6502
20250701,医疗,莓茶的作用和功效,488,20250701,6503
20250701,医疗,头皮疼是怎么回事一摸就疼,488,20250701,6504
20250701,医疗,牛磺酸的作用与功效是什么,488,20250701,6505
20250701,医疗,子宫肌瘤手术费用大概是多少钱,488,20250701,6506
20250701,医疗,紫苏饮的功效与作用,488,20250701,6507
20250701,医疗,美托洛尔片的功效与作用,488,20250701,6508
20250701,医疗,胃泌素释放肽前体高是什么原因,487,20250701,6509
20250701,医疗,口苦口臭吃什么药最好有效,487,20250701,6510
20250701,医疗,续断的功效与作用与主治,487,20250701,6511
20250701,医疗,癣的症状图片,487,20250701,6512
20250701,医疗,鹅蛋和鸡蛋哪个营养价值高,487,20250701,6513
20250701,医疗,附件炎的疼痛位置,487,20250701,6514
20250701,医疗,心脏疼痛什么原因,487,20250701,6515
20250701,医疗,妇科千金片,487,20250701,6516
20250701,医疗,蛤蟆草,487,20250701,6517
20250701,医疗,白塞病,487,20250701,6518
20250701,医疗,密集恐惧症,487,20250701,6519
20250701,医疗,郁抑郁症有什么症状和表现?,487,20250701,6520
20250701,医疗,芥末的功效和作用,487,20250701,6521
20250701,医疗,尿蛋白高是什么原因引起的,487,20250701,6522
20250701,医疗,食物中毒吃什么解毒最快,487,20250701,6523
20250701,医疗,结肠癌手术后一般寿命是多少年,487,20250701,6524
20250701,医疗,晒太阳的正确方法晒多长时间,487,20250701,6525
20250701,医疗,早泄吃什么中药,487,20250701,6526
20250701,医疗,苓桂术甘汤的功效与作用,487,20250701,6527
20250701,医疗,"血压低是怎么造成的,怎么调理",487,20250701,6528
20250701,医疗,子宫肌瘤吃什么消除最快,487,20250701,6529
20250701,医疗,氯沙坦钾片的作用与功效,487,20250701,6530
20250701,医疗,灰指甲怎么根治简单有效的方法,486,20250701,6531
20250701,医疗,记忆力越来越差是什么原因,486,20250701,6532
20250701,医疗,好医生,486,20250701,6533
20250701,医疗,胰腺做什么检查最准确,486,20250701,6534
20250701,医疗,知柏地黄丸的功效作用和适合人群,486,20250701,6535
20250701,医疗,寒湿的症状有哪些表现,486,20250701,6536
20250701,医疗,tfcc,486,20250701,6537
20250701,医疗,同房后几天可以查出来怀孕,486,20250701,6538
20250701,医疗,巴旦木的功效与作用,486,20250701,6539
20250701,医疗,纳氏囊肿是什么意思?,486,20250701,6540
20250701,医疗,肾结石怎么治疗最快效果最好的方法,486,20250701,6541
20250701,医疗,尿酸正常标准是多少,486,20250701,6542
20250701,医疗,参芪扶正液的作用功效,486,20250701,6543
20250701,医疗,木瓜的功效与作用与主治,486,20250701,6544
20250701,医疗,氢溴酸山莨菪碱的作用与功效,486,20250701,6545
20250701,医疗,醋酸甲羟孕酮片的作用和功效,486,20250701,6546
20250701,医疗,痛经怎么调理能治根,486,20250701,6547
20250701,医疗,胎停了有什么明显症状,486,20250701,6548
20250701,医疗,复旦大学附属肿瘤医院,486,20250701,6549
20250701,医疗,侧柏叶粉洗头真的白发能变黑吗,486,20250701,6550
20250701,医疗,生物制药是做什么的,486,20250701,6551
20250701,医疗,优甲乐的功效与副作用,485,20250701,6552
20250701,医疗,胃息肉用不用做手术切除,485,20250701,6553
20250701,医疗,红霉素软膏的作用及功能,485,20250701,6554
20250701,医疗,头痛,485,20250701,6555
20250701,医疗,甲磺酸倍他司汀片,485,20250701,6556
20250701,医疗,柑橘黄酮片的作用与功效,485,20250701,6557
20250701,医疗,阴虚火旺的女人该怎么调理身体,485,20250701,6558
20250701,医疗,膝盖疼痛可能有三种,485,20250701,6559
20250701,医疗,便秘严重拉不出屎怎么办,485,20250701,6560
20250701,医疗,当归的功效与主治,485,20250701,6561
20250701,医疗,放疗,485,20250701,6562
20250701,医疗,口腔溃疡服用什么药效果最好,485,20250701,6563
20250701,医疗,乙酰半胱氨酸,485,20250701,6564
20250701,医疗,输卵管造影检查是怎么做的,485,20250701,6565
20250701,医疗,溪黄草的功效与作用,485,20250701,6566
20250701,医疗,间苯三酚,485,20250701,6567
20250701,医疗,心电图导联位置示意图,485,20250701,6568
20250701,医疗,乳糖不耐受,485,20250701,6569
20250701,医疗,蚂蚁咬了用什么消肿止痒最快,485,20250701,6570
20250701,医疗,附子理中丸的功效与主治,485,20250701,6571
20250701,医疗,尿蛋白十一是什么意思,485,20250701,6572
20250701,医疗,嘌呤,485,20250701,6573
20250701,医疗,妇科瘙痒用什么药比较好效果快,485,20250701,6574
20250701,医疗,耳朵后面神经痛一阵一阵怎么办,485,20250701,6575
20250701,医疗,甘油三酯正常值范围是多少,484,20250701,6576
20250701,医疗,血常规主要看哪几项指标,484,20250701,6577
20250701,医疗,乙肝五项是哪五项 什么意思,484,20250701,6578
20250701,医疗,胖大海泡水喝的功效和副作用,484,20250701,6579
20250701,医疗,菊花茶的功效和作用,484,20250701,6580
20250701,医疗,双黄连口服液,484,20250701,6581
20250701,医疗,尿素软膏,484,20250701,6582
20250701,医疗,滑膜炎是什么原因引起的,484,20250701,6583
20250701,医疗,尖锐湿疣是什么原因造成的,484,20250701,6584
20250701,医疗,反流性食管炎的症状有哪些表现,484,20250701,6585
20250701,医疗,苦参凝胶,484,20250701,6586
20250701,医疗,细菌性阴炎症状表现有哪些,484,20250701,6587
20250701,医疗,千里光的功效与作用,483,20250701,6588
20250701,医疗,血压一天的高峰期是哪几个时间,483,20250701,6589
20250701,医疗,肾结石吃什么药排石最快效果好,483,20250701,6590
20250701,医疗,布洛芬混悬液儿童用量说明书,483,20250701,6591
20250701,医疗,大腿内侧梅毒疹图片,483,20250701,6592
20250701,医疗,冠状动脉粥样硬化是什么意思,483,20250701,6593
20250701,医疗,牛皮癣图片大全,483,20250701,6594
20250701,医疗,糖尿病酮症酸中毒,483,20250701,6595
20250701,医疗,华法林的作用与功效,483,20250701,6596
20250701,医疗,肾精草药功效,483,20250701,6597
20250701,医疗,天麻钩藤颗粒的功效与作用,483,20250701,6598
20250701,医疗,糜烂性胃炎严重吗,483,20250701,6599
20250701,医疗,六君子丸的功效与作用,483,20250701,6600
20250701,医疗,胆汁反流是怎么回事,483,20250701,6601
20250701,医疗,鼻炎打喷嚏流鼻涕的最佳治疗方法,483,20250701,6602
20250701,医疗,一个月来两次姨妈怎么回事,483,20250701,6603
20250701,医疗,猫须草的功效与作用,483,20250701,6604
20250701,医疗,丙肝传播途径有哪些,483,20250701,6605
20250701,医疗,肤康皂祛疣真的管用吗,483,20250701,6606
20250701,医疗,碱性食物,483,20250701,6607
20250701,医疗,龙胆泻肝丸的功效与作用治什么病,482,20250701,6608
20250701,医疗,增强ct的造影剂对身体有害吗,482,20250701,6609
20250701,医疗,子宫内膜异位症怎么治疗最好呢,482,20250701,6610
20250701,医疗,薰衣草的功效与作用,482,20250701,6611
20250701,医疗,左侧下腹痛女性什么原因引起的,482,20250701,6612
20250701,医疗,龙眼的功效和作用,482,20250701,6613
20250701,医疗,磨玻璃肺结节是什么意思 严重吗,482,20250701,6614
20250701,医疗,儿童包皮过长几岁做手术最好,482,20250701,6615
20250701,医疗,吃什么长头发,482,20250701,6616
20250701,医疗,蜘蛛痣是怎样的图片,482,20250701,6617
20250701,医疗,西瓜吃多了对人体有什么影响,482,20250701,6618
20250701,医疗,当归四逆汤,482,20250701,6619
20250701,医疗,慢性病包括哪些病,482,20250701,6620
20250701,医疗,甲状腺过氧化物酶抗体高说明什么,482,20250701,6621
20250701,医疗,失眠吃什么药效果最好,482,20250701,6622
20250701,医疗,血压低身体会出现什么症状,481,20250701,6623
20250701,医疗,包皮手术得多长时间痊愈,481,20250701,6624
20250701,医疗,茄子是凉性还是热性,481,20250701,6625
20250701,医疗,疱疹性咽峡炎吃什么药最管用,481,20250701,6626
20250701,医疗,促甲状腺激素偏高是什么意思,481,20250701,6627
20250701,医疗,鸡胗的功效与作用,481,20250701,6628
20250701,医疗,山楂的功效,481,20250701,6629
20250701,医疗,缬沙坦氢氯噻嗪片的作用和功效,481,20250701,6630
20250701,医疗,桂枝茯苓丸组成配方,481,20250701,6631
20250701,医疗,淋巴细胞百分比偏高怎么回事,481,20250701,6632
20250701,医疗,头发掉一块儿秃是什么原因引起的,481,20250701,6633
20250701,医疗,煮玉米的水可以喝吗?有什么好处,481,20250701,6634
20250701,医疗,五子衍宗丸功效作用,481,20250701,6635
20250701,医疗,石斛夜光丸的功效与作用,481,20250701,6636
20250701,医疗,排卵期在什么时候,481,20250701,6637
20250701,医疗,脂肪瘤怎么才能消除,480,20250701,6638
20250701,医疗,脓毒血症是什么病,480,20250701,6639
20250701,医疗,谷草转氨酶高是怎么回事,480,20250701,6640
20250701,医疗,三叶青的功效与作用,480,20250701,6641
20250701,医疗,利可君片,480,20250701,6642
20250701,医疗,睡眠不好吃什么药最有效,480,20250701,6643
20250701,医疗,白癜风是什么原因引起的,480,20250701,6644
20250701,医疗,c肽测定是什么意思,480,20250701,6645
20250701,医疗,荔枝干的功效与作用,480,20250701,6646
20250701,医疗,直肠癌的早期症状,480,20250701,6647
20250701,医疗,肺纤维化什么意思,480,20250701,6648
20250701,医疗,孕妇血糖正常值范围,480,20250701,6649
20250701,医疗,蛋白质,480,20250701,6650
20250701,医疗,打嗝怎么快速停止,480,20250701,6651
20250701,医疗,南瓜子的功效和作用,480,20250701,6652
20250701,医疗,狐臭去医院挂什么科,480,20250701,6653
20250701,医疗,猪油对人体有什么好处和坏处,480,20250701,6654
20250701,医疗,脚臭有什么办法除臭,480,20250701,6655
20250701,医疗,冠状动脉硬化粥样硬化是什么意思,480,20250701,6656
20250701,医疗,松塔香的功效与作用及禁忌,479,20250701,6657
20250701,医疗,甲状腺挂什么科室,479,20250701,6658
20250701,医疗,嗜睡是什么原因,479,20250701,6659
20250701,医疗,petct全身扫描什么肿瘤都可以查吗,479,20250701,6660
20250701,医疗,灰指甲用什么药最有效最好能根治,479,20250701,6661
20250701,医疗,劲椎病的症状表现,479,20250701,6662
20250701,医疗,银黄颗粒的作用与功效,479,20250701,6663
20250701,医疗,上海复旦大学附属眼耳鼻喉科医院,479,20250701,6664
20250701,医疗,子宫前位是什么意思,479,20250701,6665
20250701,医疗,37度是发烧吗,479,20250701,6666
20250701,医疗,子宫内膜厚怎么调理最好最有效,479,20250701,6667
20250701,医疗,过敏皮肤痒怎么办,479,20250701,6668
20250701,医疗,胃肠镜为什么尽量不建议做,479,20250701,6669
20250701,医疗,三九胃泰颗粒适合哪种胃病,479,20250701,6670
20250701,医疗,同房小腹疼痛什么原因女性,479,20250701,6671
20250701,医疗,氨溴特罗口服溶液的作用与功效,479,20250701,6672
20250701,医疗,上海新华医院,479,20250701,6673
20250701,医疗,黄体酮胶囊,479,20250701,6674
20250701,医疗,荨麻疹吃什么药最有效,479,20250701,6675
20250701,医疗,人体器官分布图,479,20250701,6676
20250701,医疗,南瓜不能和什么食物一起吃,478,20250701,6677
20250701,医疗,低血压高怎么调理才能恢复正常,478,20250701,6678
20250701,医疗,跑步的好处功效与作用,478,20250701,6679
20250701,医疗,烟雾病是一种什么病,478,20250701,6680
20250701,医疗,"淋巴结节是怎么形成的,怎样才能消除掉",478,20250701,6681
20250701,医疗,月经量少是什么原因导致,478,20250701,6682
20250701,医疗,早孕有些什么症状表现,478,20250701,6683
20250701,医疗,双氯芬酸纳缓释胶囊,478,20250701,6684
20250701,医疗,肾癌的早期症状及表现,478,20250701,6685
20250701,医疗,脸出油是什么原因导致的,478,20250701,6686
20250701,医疗,牛大力图片,478,20250701,6687
20250701,医疗,乙肝表面抗体高是什么意思,478,20250701,6688
20250701,医疗,鱼油是早上吃还是晚上吃比较好,478,20250701,6689
20250701,医疗,马鞭草的功效与主治,478,20250701,6690
20250701,医疗,青光眼怎么治疗才能彻底除根,478,20250701,6691
20250701,医疗,冠心病吃什么药最好,478,20250701,6692
20250701,医疗,宫颈癌筛查要做哪几项,478,20250701,6693
20250701,医疗,尖锐湿疣怎么治疗才能根治,478,20250701,6694
20250701,医疗,六神曲的功效与作用,478,20250701,6695
20250701,医疗,精液带血是什么原因,478,20250701,6696
20250701,医疗,抑郁症躯体化症状表现,478,20250701,6697
20250701,医疗,挠痒痒胳肢窝和腰,478,20250701,6698
20250701,医疗,肚脐眼上面痛什么原因,478,20250701,6699
20250701,医疗,寻麻疹怎么快速消除,477,20250701,6700
20250701,医疗,车前子,477,20250701,6701
20250701,医疗,厄贝沙坦氢氯噻嗪片副作用和危害,477,20250701,6702
20250701,医疗,何首乌的功效作用与主治,477,20250701,6703
20250701,医疗,淀粉酶高是怎么回事,477,20250701,6704
20250701,医疗,"肝腹水一般能活多久,肚子越来越大",477,20250701,6705
20250701,医疗,屁股上长了很多红色的疙瘩怎么回事,477,20250701,6706
20250701,医疗,绿松石的功效与作用佩戴绿松石,477,20250701,6707
20250701,医疗,吡美莫司乳膏的作用功效,476,20250701,6708
20250701,医疗,后背中上部痛要当心了,476,20250701,6709
20250701,医疗,盐酸二甲双胍片,476,20250701,6710
20250701,医疗,巨细胞病毒抗体igg阳性,476,20250701,6711
20250701,医疗,对乙酰氨基酚混悬滴剂,476,20250701,6712
20250701,医疗,双手发麻是什么病征兆怎么解决,476,20250701,6713
20250701,医疗,盐酸丁螺环酮片的作用与功效,476,20250701,6714
20250701,医疗,利丙双卡因乳膏功效,476,20250701,6715
20250701,医疗,辅酶q10哪个牌子最好,476,20250701,6716
20250701,医疗,内裤总是黄黄的是什么原因,475,20250701,6717
20250701,医疗,"文冠果的功效,性功能作用",475,20250701,6718
20250701,医疗,石黄皮的作用与功效,475,20250701,6719
20250701,医疗,人丹的功效与作用吃法,475,20250701,6720
20250701,医疗,科伦药业,475,20250701,6721
20250701,医疗,壮阳吃什么补最快最好,475,20250701,6722
20250701,医疗,每天都感觉很累很困没精神怎么回事,475,20250701,6723
20250701,医疗,地塞米松磷酸钠注射功效与作用,475,20250701,6724
20250701,医疗,跑步心率正常范围是多少合适,475,20250701,6725
20250701,医疗,沙参,475,20250701,6726
20250701,医疗,乙肝表面抗体高是怎么回事,475,20250701,6727
20250701,医疗,痛经吃什么药效果最好,475,20250701,6728
20250701,医疗,吉大一院,475,20250701,6729
20250701,医疗,牙龈长了一个凸起的包,475,20250701,6730
20250701,医疗,桂枝甘草汤的功效作用与主治,475,20250701,6731
20250701,医疗,人流后多久能同房,475,20250701,6732
20250701,医疗,芸苔素的作用和功效,474,20250701,6733
20250701,医疗,肚子大了是什么原因造成的,474,20250701,6734
20250701,医疗,扁平疣用什么药膏可以去除根,474,20250701,6735
20250701,医疗,西瓜含糖量高吗?,474,20250701,6736
20250701,医疗,肠炎吃什么药能根治彻底,474,20250701,6737
20250701,医疗,冠心病的早期症状和前兆,474,20250701,6738
20250701,医疗,小孩子经常流鼻血是什么原因啊,474,20250701,6739
20250701,医疗,阴囊唇长了个小硬疙瘩是怎么回事,474,20250701,6740
20250701,医疗,盆腔炎症状表现主要有哪些,474,20250701,6741
20250701,医疗,扁桃体肿大需不需要做手术,474,20250701,6742
20250701,医疗,回春草的功效与作用,474,20250701,6743
20250701,医疗,神曲的功效与作用,474,20250701,6744
20250701,医疗,缺血预适应训练的作用是,474,20250701,6745
20250701,医疗,黄皮果是寒性还是热性,474,20250701,6746
20250701,医疗,生气对身体哪个器官伤害最大,474,20250701,6747
20250701,医疗,艾灸后多长时间可以洗澡,474,20250701,6748
20250701,医疗,木槿花的功效与作用,474,20250701,6749
20250701,医疗,芬必得的作用和功效,474,20250701,6750
20250701,医疗,喜炎平注射功效与作用是什么,473,20250701,6751
20250701,医疗,四君子丸的功效与主治,473,20250701,6752
20250701,医疗,漏斗胸,473,20250701,6753
20250701,医疗,垂体泌乳素高是什么原因,473,20250701,6754
20250701,医疗,四逆汤,473,20250701,6755
20250701,医疗,夏威夷果的功效与作用,473,20250701,6756
20250701,医疗,环磷腺苷的作用和功效,473,20250701,6757
20250701,医疗,黄瓜是热性还是凉性,473,20250701,6758
20250701,医疗,雷贝拉唑钠肠溶片的功效与作用,473,20250701,6759
20250701,医疗,蒙脱石散的功效与主治,473,20250701,6760
20250701,医疗,房性早搏是什么意思,473,20250701,6761
20250701,医疗,藿香正气丸,473,20250701,6762
20250701,医疗,去痛片的作用与功效,473,20250701,6763
20250701,医疗,pci手术全称是什么,473,20250701,6764
20250701,医疗,小便黄色是什么情况女,472,20250701,6765
20250701,医疗,花青素,472,20250701,6766
20250701,医疗,豆腐的功效与作用,472,20250701,6767
20250701,医疗,胃的部位图示意图,472,20250701,6768
20250701,医疗,杜冷丁,472,20250701,6769
20250701,医疗,背部疼痛对应部位图片,472,20250701,6770
20250701,医疗,艾滋病可以活多久,472,20250701,6771
20250701,医疗,四妙丸,472,20250701,6772
20250701,医疗,黑鱼的功效与作用及营养,472,20250701,6773
20250701,医疗,食脑虫感染的初期症状,472,20250701,6774
20250701,医疗,性冷淡,472,20250701,6775
20250701,医疗,三叉神经痛吃什么药效果最好,472,20250701,6776
20250701,医疗,肩膀和胳膊连接处疼是怎么回事,472,20250701,6777
20250701,医疗,淤青怎样可以快速消除,472,20250701,6778
20250701,医疗,"窦性心律是什么意思,有危险吗",472,20250701,6779
20250701,医疗,腰疼,472,20250701,6780
20250701,医疗,富贵包的形成原理,472,20250701,6781
20250701,医疗,6542消旋山莨菪碱片的功效与作用,472,20250701,6782
20250701,医疗,动脉硬化是怎么回事,472,20250701,6783
20250701,医疗,谷氨酰基转移酶高说明什么问题,472,20250701,6784
20250701,医疗,包皮过长图片,472,20250701,6785
20250701,医疗,运动后多久可以洗澡,472,20250701,6786
20250701,医疗,手上长小水泡很痒是怎么回事,472,20250701,6787
20250701,医疗,艾滋病多久能查出来,471,20250701,6788
20250701,医疗,帕罗西汀的功效与作用,471,20250701,6789
20250701,医疗,通便吃什么最快排便,471,20250701,6790
20250701,医疗,乙肝表面抗原阳性是什么意思,471,20250701,6791
20250701,医疗,拔罐的作用与功效有哪些,471,20250701,6792
20250701,医疗,鸡肉炖汤用什么搭配最有营养,471,20250701,6793
20250701,医疗,6542是什么药,471,20250701,6794
20250701,医疗,龙牡壮骨颗粒适合多大年龄的孩子,471,20250701,6795
20250701,医疗,牛筋草的功能与主治,471,20250701,6796
20250701,医疗,高尿酸血症是什么意思,471,20250701,6797
20250701,医疗,腋下疼痛的原因可能有哪些,471,20250701,6798
20250701,医疗,软骨素的作用与功效,471,20250701,6799
20250701,医疗,神经性耳鸣怎么治疗好得快,471,20250701,6800
20250701,医疗,手指头麻木是什么原因?,471,20250701,6801
20250701,医疗,蓝莓叶黄素对眼睛有什么好处和作用,471,20250701,6802
20250701,医疗,左后背疼痛要警惕的三种病症有哪些,471,20250701,6803
20250701,医疗,同房多久可以测出怀孕,471,20250701,6804
20250701,医疗,逍遥丸和归脾丸一起吃的功效,471,20250701,6805
20250701,医疗,丹皮的功效作用与主治,471,20250701,6806
20250701,医疗,败血症是什么症状,470,20250701,6807
20250701,医疗,"夏天喝什么汤好,适合夏天喝的汤",470,20250701,6808
20250701,医疗,银杏叶提取物,470,20250701,6809
20250701,医疗,猪苓的功效与作用与主治,470,20250701,6810
20250701,医疗,叶酸片,470,20250701,6811
20250701,医疗,躁郁症,470,20250701,6812
20250701,医疗,米格列醇片的功效和作用,470,20250701,6813
20250701,医疗,甲沟炎怎么办才能彻底根除,470,20250701,6814
20250701,医疗,复方玄驹胶囊的功效与作用,470,20250701,6815
20250701,医疗,盐酸利多卡因凝胶是什么药,470,20250701,6816
20250701,医疗,盐酸赛庚啶片的功效与作用,470,20250701,6817
20250701,医疗,舌头上有白苔是什么原因,470,20250701,6818
20250701,医疗,骨质疏松,470,20250701,6819
20250701,医疗,AED,469,20250701,6820
20250701,医疗,飞蚊症怎么治疗彻底根除方法,469,20250701,6821
20250701,医疗,立普妥的功效及副作用,469,20250701,6822
20250701,医疗,他克莫司,469,20250701,6823
20250701,医疗,痰湿体质怎样调理能彻底去根,469,20250701,6824
20250701,医疗,大腿内侧睾丸旁边瘙痒有红疙瘩,469,20250701,6825
20250701,医疗,六神丸,469,20250701,6826
20250701,医疗,口气重口臭是什么原因怎么解决,469,20250701,6827
20250701,医疗,霉茶叶的功效与副作用,469,20250701,6828
20250701,医疗,经期有血块排出是怎么回事,469,20250701,6829
20250701,医疗,关元,469,20250701,6830
20250701,医疗,鱼油软胶囊对身体有什么好处,469,20250701,6831
20250701,医疗,CT,469,20250701,6832
20250701,医疗,青霉素v钾片的功效与作用,469,20250701,6833
20250701,医疗,脚底长黑痣需要切除吗,469,20250701,6834
20250701,医疗,"手抽筋什么原因引起的,怎么解决",469,20250701,6835
20250701,医疗,精神病人的症状有哪些,469,20250701,6836
20250701,医疗,"肺部有磨玻璃结节严重吗,如何治疗",469,20250701,6837
20250701,医疗,正常人血糖标准是多少,469,20250701,6838
20250701,医疗,元气四宝茶的功效与作用,469,20250701,6839
20250701,医疗,脾大是什么原因造成的怎么治疗,469,20250701,6840
20250701,医疗,沙虫的功效和作用,468,20250701,6841
20250701,医疗,血沉是查什么,468,20250701,6842
20250701,医疗,宫颈炎症用什么药消炎最好,468,20250701,6843
20250701,医疗,肩胛骨,468,20250701,6844
20250701,医疗,秋水仙碱治痛风用法用量,468,20250701,6845
20250701,医疗,腰肌劳损用什么药效果最好,468,20250701,6846
20250701,医疗,mri是核磁共振吗,468,20250701,6847
20250701,医疗,吃了紧急避孕药月经推迟多久正常,468,20250701,6848
20250701,医疗,鹅口疮,468,20250701,6849
20250701,医疗,优质蛋白质食物有哪些,468,20250701,6850
20250701,医疗,硝呋太尔制霉素软胶囊,468,20250701,6851
20250701,医疗,盐酸西替利嗪口服溶液,468,20250701,6852
20250701,医疗,"泡疹病怎么治好得快,疱疹",468,20250701,6853
20250701,医疗,渐冻症是什么原因引起的,468,20250701,6854
20250701,医疗,放屁臭是怎么回事正常吗,468,20250701,6855
20250701,医疗,阿托伐他汀,468,20250701,6856
20250701,医疗,中药是饭前吃还是饭后吃,468,20250701,6857
20250701,医疗,云南白药气雾剂的功效与作用,467,20250701,6858
20250701,医疗,益母草颗粒,467,20250701,6859
20250701,医疗,左腹疼是怎么回事女性,467,20250701,6860
20250701,医疗,大蓟的作用和功效,467,20250701,6861
20250701,医疗,孟鲁司特钠咀嚼片,467,20250701,6862
20250701,医疗,布拉氏酵母菌散,467,20250701,6863
20250701,医疗,多巴胺是什么东西,467,20250701,6864
20250701,医疗,血压正常范围,467,20250701,6865
20250701,医疗,胃热怎么调理 降低胃火的方法,467,20250701,6866
20250701,医疗,联苯苄唑溶液,467,20250701,6867
20250701,医疗,完全性右束支传导阻滞是怎么回事,467,20250701,6868
20250701,医疗,重楼,467,20250701,6869
20250701,医疗,鹅肉的功效与作用禁忌,467,20250701,6870
20250701,医疗,贫血的轻中重度三个分期,467,20250701,6871
20250701,医疗,狐臭和腋臭有什么区别,467,20250701,6872
20250701,医疗,盐酸氟利桂嗪胶囊的功效与作用,466,20250701,6873
20250701,医疗,凉皮热量高吗,466,20250701,6874
20250701,医疗,屈螺酮炔雌醇片的作用与功效,466,20250701,6875
20250701,医疗,急性白血病是什么原因造成的,466,20250701,6876
20250701,医疗,马来酸依那普利片的作用与功效,466,20250701,6877
20250701,医疗,淋巴癌,466,20250701,6878
20250701,医疗,静脉曲张自我恢复方法,466,20250701,6879
20250701,医疗,心脏在左侧还是右侧啊,466,20250701,6880
20250701,医疗,175cm标准体重 男,466,20250701,6881
20250701,医疗,西京医院挂号预约,466,20250701,6882
20250701,医疗,肚子疼老是想上大厕又拉不出来,466,20250701,6883
20250701,医疗,化橘红,466,20250701,6884
20250701,医疗,月经不调吃什么药能恢复正常例假,466,20250701,6885
20250701,医疗,全杜仲胶囊功效与作用,466,20250701,6886
20250701,医疗,荔枝三种人不宜吃,466,20250701,6887
20250701,医疗,糖尿病的诊断标准,466,20250701,6888
20250701,医疗,黄芪颗粒的功效与作用,466,20250701,6889
20250701,医疗,体检都是检查什么项目,466,20250701,6890
20250701,医疗,盐酸西替利嗪滴剂,466,20250701,6891
20250701,医疗,鬼针草的功效作用与主治,466,20250701,6892
20250701,医疗,打完疫苗多久可以洗澡,465,20250701,6893
20250701,医疗,掉头发是什么原因男性,465,20250701,6894
20250701,医疗,高血糖怎么调理才能彻底根除,465,20250701,6895
20250701,医疗,美罗培南,465,20250701,6896
20250701,医疗,千卡和大卡的区别,465,20250701,6897
20250701,医疗,人福医药,465,20250701,6898
20250701,医疗,优佳味肽对身体有害吗,465,20250701,6899
20250701,医疗,痛风石,465,20250701,6900
20250701,医疗,低密度脂蛋白高怎么调理才会降,465,20250701,6901
20250701,医疗,头疼怎么缓解最快最有效法,465,20250701,6902
20250701,医疗,肚子大湿气重如何减掉大肚子,465,20250701,6903
20250701,医疗,四联疗法治疗幽门螺旋是哪四种药,465,20250701,6904
20250701,医疗,手脚发热是什么原因,465,20250701,6905
20250701,医疗,胸口隐隐作痛疼痛部位对照表,465,20250701,6906
20250701,医疗,b族链球菌检测是什么意思,465,20250701,6907
20250701,医疗,锌的作用和功效,464,20250701,6908
20250701,医疗,青霉素v钾片,464,20250701,6909
20250701,医疗,嗜睡,464,20250701,6910
20250701,医疗,心脏病的早期症状有哪些表现,464,20250701,6911
20250701,医疗,心电图st-t改变说明什么,464,20250701,6912
20250701,医疗,克霉唑软膏的作用与用途,464,20250701,6913
20250701,医疗,白桦树汁有什么功效,464,20250701,6914
20250701,医疗,受精卵着床需要几天,464,20250701,6915
20250701,医疗,灸甘草中药功效与作用,464,20250701,6916
20250701,医疗,骑自行车可以减肥吗,464,20250701,6917
20250701,医疗,洛神花泡水喝有什么好处和功效,464,20250701,6918
20250701,医疗,湿疹会传染给别人吗,464,20250701,6919
20250701,医疗,姨腺炎有哪些症状,464,20250701,6920
20250701,医疗,做胃镜检查需要空腹多长时间,464,20250701,6921
20250701,医疗,苹果的功效和作用,464,20250701,6922
20250701,医疗,痢疾,463,20250701,6923
20250701,医疗,全麻手术后多久清醒,463,20250701,6924
20250701,医疗,乙哌立松片的作用和功效,463,20250701,6925
20250701,医疗,吃土豆减肥还是增肥,463,20250701,6926
20250701,医疗,黑豆,463,20250701,6927
20250701,医疗,水飞蓟宾是保肝还是治肝,463,20250701,6928
20250701,医疗,李子的热量,463,20250701,6929
20250701,医疗,食道癌,463,20250701,6930
20250701,医疗,短效避孕药的危害和副作用,463,20250701,6931
20250701,医疗,椰子水的功效与作用及营养价值,463,20250701,6932
20250701,医疗,湿疹长什么样子图片,463,20250701,6933
20250701,医疗,人体解剖图,463,20250701,6934
20250701,医疗,眼药水开封后多久不能用,463,20250701,6935
20250701,医疗,褪黑素的功效与作用,463,20250701,6936
20250701,医疗,阿胶的功效作用与主治,463,20250701,6937
20250701,医疗,四川大学华西医院,463,20250701,6938
20250701,医疗,癔症,463,20250701,6939
20250701,医疗,窦性心律过缓,463,20250701,6940
20250701,医疗,糖尿病可以吃西瓜吗,463,20250701,6941
20250701,医疗,西洋参的功效与作用,463,20250701,6942
20250701,医疗,咽炎的症状有哪些症状,462,20250701,6943
20250701,医疗,风池的准确位置图,462,20250701,6944
20250701,医疗,苯海拉明的功效与作用,462,20250701,6945
20250701,医疗,精索静脉曲张怎么治疗最好的方法,462,20250701,6946
20250701,医疗,通宣理肺丸的功效与主治,462,20250701,6947
20250701,医疗,湿气重吃什么药最有效,462,20250701,6948
20250701,医疗,蛇盘疮,462,20250701,6949
20250701,医疗,红核妇洁洗液的功效与作用,462,20250701,6950
20250701,医疗,尿酸高的症状表现,462,20250701,6951
20250701,医疗,血糖值多少正常最新标准,462,20250701,6952
20250701,医疗,nmn的功效与作用,462,20250701,6953
20250701,医疗,丹参酮‖A磺酸钠的功效与作用,462,20250701,6954
20250701,医疗,郑多燕健身操30分钟暴瘦全身强效,462,20250701,6955
20250701,医疗,脚掌疼是怎么回事什么原因引起的,462,20250701,6956
20250701,医疗,同房后几天可以测出来怀孕,462,20250701,6957
20250701,医疗,"宫颈囊肿是什么造成的,该怎样治疗",462,20250701,6958
20250701,医疗,智齿牙龈发炎肿痛怎么办,462,20250701,6959
20250701,医疗,复方磺胺甲恶唑片的功效与作用,462,20250701,6960
20250701,医疗,脖子疼痛部位对照表甲状腺,462,20250701,6961
20250701,医疗,果冻传染煤黄色,461,20250701,6962
20250701,医疗,新华制药,461,20250701,6963
20250701,医疗,米拉贝隆缓释片的功效与作用,461,20250701,6964
20250701,医疗,graves病是什么病,461,20250701,6965
20250701,医疗,温胆汤的配方,461,20250701,6966
20250701,医疗,小米的功效与作用,461,20250701,6967
20250701,医疗,羊水穿刺是检查什么的,461,20250701,6968
20250701,医疗,红药片的功效与作用,461,20250701,6969
20250701,医疗,元胡的功效与作用,461,20250701,6970
20250701,医疗,浑身没劲乏力犯困没精神老想躺着,461,20250701,6971
20250701,医疗,拜新同的功效与副作用,461,20250701,6972
20250701,医疗,薏苡仁,461,20250701,6973
20250701,医疗,清洁度lll度是什么意思严重吗,461,20250701,6974
20250701,医疗,美林,461,20250701,6975
20250701,医疗,坎地沙坦酯片的作用与功效,460,20250701,6976
20250701,医疗,心率正常值范围是多少,460,20250701,6977
20250701,医疗,乌灵参图片,460,20250701,6978
20250701,医疗,肱骨,460,20250701,6979
20250701,医疗,脚气图片和症状图片,460,20250701,6980
20250701,医疗,"白细胞高是什么原因,严重吗男性",460,20250701,6981
20250701,医疗,美诺华,460,20250701,6982
20250701,医疗,热痱子和湿疹的症状图片,460,20250701,6983
20250701,医疗,红参的功效作用与主治,460,20250701,6984
20250701,医疗,梅毒早期症状图片,460,20250701,6985
20250701,医疗,金匮肾气丸的配方组成,460,20250701,6986
20250701,医疗,参苓健脾胃颗粒,460,20250701,6987
20250701,医疗,人参养荣丸的功效与作用,460,20250701,6988
20250701,医疗,克罗恩病,460,20250701,6989
20250701,医疗,膀胱癌的治愈率能有多大?,460,20250701,6990
20250701,医疗,梦魇是什么意思,460,20250701,6991
20250701,医疗,网球肘关节疼痛的最佳治疗方法,460,20250701,6992
20250701,医疗,安徽省立医院,460,20250701,6993
20250701,医疗,鹅蛋的最佳吃法和功效,460,20250701,6994
20250701,医疗,钛杯喝水对身体有什么好处,460,20250701,6995
20250701,医疗,昆仑雪菊茶的功效和作用,459,20250701,6996
20250701,医疗,甲状腺炎有什么症状表现,459,20250701,6997
20250701,医疗,糖类抗原ca125偏高是什么原因,459,20250701,6998
20250701,医疗,醋泡花生米有什么功效和作用,459,20250701,6999
20250701,医疗,身上有小红血点是怎么回事,459,20250701,7000
20250701,医疗,降钙素原高是什么意思,459,20250701,7001
20250701,医疗,玫瑰花茶搭配什么喝最合适,459,20250701,7002
20250701,医疗,以岭药业,459,20250701,7003
20250701,医疗,细菌感染是什么原因引起的,459,20250701,7004
20250701,医疗,腿部血栓堵塞有什么症状,459,20250701,7005
20250701,医疗,更年期吃什么调理最快最好,459,20250701,7006
20250701,医疗,植物神经紊乱吃什么药好得快,459,20250701,7007
20250701,医疗,吗丁啉多潘立酮片的作用与功效,459,20250701,7008
20250701,医疗,吃了布洛芬能喝酒吗,459,20250701,7009
20250701,医疗,安眠药副作用,459,20250701,7010
20250701,医疗,右佐匹克隆片的作用与功效,459,20250701,7011
20250701,医疗,头孢地尼胶囊的作用和主治,458,20250701,7012
20250701,医疗,艾地苯醌片功效作用,458,20250701,7013
20250701,医疗,八珍汤标准配方,458,20250701,7014
20250701,医疗,人体穴位,458,20250701,7015
20250701,医疗,中风是什么原因引起的?,458,20250701,7016
20250701,医疗,二甲双胍恩格列净片餐前吃还是餐后吃,458,20250701,7017
20250701,医疗,喝蜂蜜水的功效与作用,458,20250701,7018
20250701,医疗,腕管综合征导致的手麻该怎么治疗,458,20250701,7019
20250701,医疗,仁和药业,458,20250701,7020
20250701,医疗,益生元的功效作用,458,20250701,7021
20250701,医疗,附子的功效与作用,458,20250701,7022
20250701,医疗,大便黏粘马桶什么原因,458,20250701,7023
20250701,医疗,针灸多长时间一次最好,458,20250701,7024
20250701,医疗,胃肠安丸的作用与功效,458,20250701,7025
20250701,医疗,拉的屎是黑色的是什么原因,458,20250701,7026
20250701,医疗,肠癌的早期症状,458,20250701,7027
20250701,医疗,四神丸,457,20250701,7028
20250701,医疗,小麦胚芽的功效与作用,457,20250701,7029
20250701,医疗,肺结节有什么症状和危害,457,20250701,7030
20250701,医疗,苹果煮水的功效和作用,457,20250701,7031
20250701,医疗,银翘解毒颗粒,457,20250701,7032
20250701,医疗,荔枝煮水喝有什么功效,457,20250701,7033
20250701,医疗,柏子仁的功效作用与主治,457,20250701,7034
20250701,医疗,川芎的主要功效和作用,457,20250701,7035
20250701,医疗,海正药业,457,20250701,7036
20250701,医疗,疱疹传染不传染,457,20250701,7037
20250701,医疗,最近睡得很坏,457,20250701,7038
20250701,医疗,增强免疫力吃什么效果最好,457,20250701,7039
20250701,医疗,生化妊娠多久会自己流掉,457,20250701,7040
20250701,医疗,口腔经常溃疡是什么原因,457,20250701,7041
20250701,医疗,肠炎宁片饭前吃还是饭后吃,457,20250701,7042
20250701,医疗,尿酸高吃什么药最降得快又不伤肾脏,456,20250701,7043
20250701,医疗,消炎利胆片功效与作用,456,20250701,7044
20250701,医疗,氯霉素滴眼液的作用,456,20250701,7045
20250701,医疗,冬虫夏草的功效与作用,456,20250701,7046
20250701,医疗,人体,456,20250701,7047
20250701,医疗,肠梗阻症状的表现有哪些,456,20250701,7048
20250701,医疗,银耳隔夜能吃吗,456,20250701,7049
20250701,医疗,壬二酸凝胶的作用与用途,456,20250701,7050
20250701,医疗,果胶铋胶囊的功效和作用,456,20250701,7051
20250701,医疗,氟比洛芬凝胶贴膏的作用与功效,456,20250701,7052
20250701,医疗,"心脏支架手术后,一般还能活几年?",456,20250701,7053
20250701,医疗,小苏打和白醋一起用有什么效果,456,20250701,7054
20250701,医疗,轻微脑梗怎么治疗最有效的方法,456,20250701,7055
20250701,医疗,石决明的功效与作用,456,20250701,7056
20250701,医疗,西米替丁片的功效与主治,456,20250701,7057
20250701,医疗,玉屏风颗粒的功效与主治,455,20250701,7058
20250701,医疗,999皮炎平,455,20250701,7059
20250701,医疗,左乙拉西坦片,455,20250701,7060
20250701,医疗,盐酸特比萘芬片,455,20250701,7061
20250701,医疗,氯沙坦钾片,455,20250701,7062
20250701,医疗,思密达,455,20250701,7063
20250701,医疗,维生素k的功效与作用,455,20250701,7064
20250701,医疗,右胸部上方疼是怎么回事呢,455,20250701,7065
20250701,医疗,阿莫西林是消炎药吗,455,20250701,7066
20250701,医疗,鸭蛋的功效与作用,455,20250701,7067
20250701,医疗,羊肉的功效与作用,455,20250701,7068
20250701,医疗,宣武医院,455,20250701,7069
20250701,医疗,消肿用什么药最好最快,455,20250701,7070
20250701,医疗,丁酸氢化可的松乳膏的作用,455,20250701,7071
20250701,医疗,抗核抗体是检查什么病,455,20250701,7072
20250701,医疗,安宫牛黄丸一年吃4次最佳时间,455,20250701,7073
20250701,医疗,37.3是发烧吗,455,20250701,7074
20250701,医疗,西瓜热量,455,20250701,7075
20250701,医疗,脑膜炎,455,20250701,7076
20250701,医疗,桑叶的作用与功效,455,20250701,7077
20250701,医疗,心肌梗死的症状前兆,455,20250701,7078
20250701,医疗,治脚气用什么药效果最好,455,20250701,7079
20250701,医疗,谷氨酰基转移酶高是什么原因造成的怎么样能降低,455,20250701,7080
20250701,医疗,hpv52阳性是什么意思,454,20250701,7081
20250701,医疗,舒肝颗粒功效与作用,454,20250701,7082
20250701,医疗,高粱米作用与功效,454,20250701,7083
20250701,医疗,吃黄瓜的好处与功效,454,20250701,7084
20250701,医疗,小孩发烧39度怎么降温最好的方法,454,20250701,7085
20250701,医疗,侧柏叶对头发的功效与作用,454,20250701,7086
20250701,医疗,白细胞偏低是怎么回事,454,20250701,7087
20250701,医疗,复旦大学附属眼耳鼻喉科医院,454,20250701,7088
20250701,医疗,前白蛋白偏高说明什么,454,20250701,7089
20250701,医疗,正常人的心率是多少?,454,20250701,7090
20250701,医疗,左氧氟沙星滴眼液作用与功效,454,20250701,7091
20250701,医疗,眼睛哭肿了怎么消肿最快方法,454,20250701,7092
20250701,医疗,角鲨烯的作用和功效,454,20250701,7093
20250701,医疗,肠胃不好经常拉肚子怎么调理,454,20250701,7094
20250701,医疗,阳了的症状有哪些表现,454,20250701,7095
20250701,医疗,麦味地黄丸的作用与功效,454,20250701,7096
20250701,医疗,天麻钩藤饮,454,20250701,7097
20250701,医疗,"tct和hpv有什么区别,都要检查吗?",453,20250701,7098
20250701,医疗,天枢穴,453,20250701,7099
20250701,医疗,桑椹泡水喝功效与主治,453,20250701,7100
20250701,医疗,斑蝥,453,20250701,7101
20250701,医疗,富贵包怎么治疗才能消除,453,20250701,7102
20250701,医疗,槐花的功效与作用,453,20250701,7103
20250701,医疗,感统失调,453,20250701,7104
20250701,医疗,妥布霉素滴眼液的功效,453,20250701,7105
20250701,医疗,高压多少是正常范围,453,20250701,7106
20250701,医疗,乙酰半胱氨酸颗粒,453,20250701,7107
20250701,医疗,足底按摩图反射区图片,453,20250701,7108
20250701,医疗,老花眼能治吗该怎么恢复,453,20250701,7109
20250701,医疗,煅龙骨的功效与作用,453,20250701,7110
20250701,医疗,土豆和鸡蛋可以一起吃吗,453,20250701,7111
20250701,医疗,"干咳,无痰,喉咙痒,尤其夜里严重",453,20250701,7112
20250701,医疗,中风和脑梗有什么区别,452,20250701,7113
20250701,医疗,阴虚,452,20250701,7114
20250701,医疗,盆腔炎吃什么药效果好,452,20250701,7115
20250701,医疗,硝苯地平,452,20250701,7116
20250701,医疗,靶向药能不能把肿瘤彻底消除了,452,20250701,7117
20250701,医疗,子宫内膜息肉,452,20250701,7118
20250701,医疗,骨碎补,452,20250701,7119
20250701,医疗,胶体果胶铋胶囊,452,20250701,7120
20250701,医疗,月经量太多像血崩一样怎么办,452,20250701,7121
20250701,医疗,蛇盘疮的治疗方法最快的治疗方法,452,20250701,7122
20250701,医疗,脸上长斑是什么原因引起的?怎么治疗,452,20250701,7123
20250701,医疗,善存多维元素片29功效和作用,452,20250701,7124
20250701,医疗,脸上白一块一块的是什么原因,452,20250701,7125
20250701,医疗,甲状腺挂什么科室最好,452,20250701,7126
20250701,医疗,温胆汤的功效与作用,452,20250701,7127
20250701,医疗,手上起小水泡怎么治才能除根,452,20250701,7128
20250701,医疗,麦味地黄丸的功效作用与主治,452,20250701,7129
20250701,医疗,磷酸奥司他韦胶囊的作用,452,20250701,7130
20250701,医疗,伸筋草图片,451,20250701,7131
20250701,医疗,早上起床眼睛浮肿是什么原因,451,20250701,7132
20250701,医疗,丙酸氟替卡松乳膏,451,20250701,7133
20250701,医疗,防风的功效作用与主治,451,20250701,7134
20250701,医疗,紫苏油的作用与功效,451,20250701,7135
20250701,医疗,双人床上剧烈运动会怀孕吗?,451,20250701,7136
20250701,医疗,地西泮片,451,20250701,7137
20250701,医疗,羊水少怎么最快补上来,451,20250701,7138
20250701,医疗,无创dna检测是查什么的,451,20250701,7139
20250701,医疗,青西红柿能吃吗有毒吗,451,20250701,7140
20250701,医疗,一型糖尿病和二型糖尿病区别,451,20250701,7141
20250701,医疗,单核细胞绝对值偏高说明什么,451,20250701,7142
20250701,医疗,黑玉米的功效与作用,451,20250701,7143
20250701,医疗,十滴水,451,20250701,7144
20250701,医疗,拜阿司匹林的作用功效,451,20250701,7145
20250701,医疗,12岁的男孩身高多少才正常,451,20250701,7146
20250701,医疗,玛咖的作用与功效,451,20250701,7147
20250701,医疗,黄体酮破裂的原因,450,20250701,7148
20250701,医疗,快克复方氨酚烷胺胶囊的功效与作用,450,20250701,7149
20250701,医疗,射精有血是什么原因引起,450,20250701,7150
20250701,医疗,左甲状腺素钠片,450,20250701,7151
20250701,医疗,旱莲草的功效与作用,450,20250701,7152
20250701,医疗,复方玄驹胶囊,450,20250701,7153
20250701,医疗,桑叶有什么功效和作用,450,20250701,7154
20250701,医疗,体检,450,20250701,7155
20250701,医疗,沙葱的功效与作用,450,20250701,7156
20250701,医疗,气血虚怎么补最快最好,450,20250701,7157
20250701,医疗,风湿免疫科是看什么病的,450,20250701,7158
20250701,医疗,甘油三脂是什么意思,450,20250701,7159
20250701,医疗,右上腹部隐隐约约的疼怎么回事,450,20250701,7160
20250701,医疗,水飞蓟,450,20250701,7161
20250701,医疗,维生素b族的功效与作用有哪些,450,20250701,7162
20250701,医疗,酒石酸美托洛尔片的功效,450,20250701,7163
20250701,医疗,甘油,450,20250701,7164
20250701,医疗,尼莫点,449,20250701,7165
20250701,医疗,肚子疼痛部位对照表,449,20250701,7166
20250701,医疗,茵陈泡水喝的功效与作用禁忌,449,20250701,7167
20250701,医疗,白发怎样调理和根治能变黑发,449,20250701,7168
20250701,医疗,坦索罗辛,449,20250701,7169
20250701,医疗,白色糠疹,449,20250701,7170
20250701,医疗,天坛医院,449,20250701,7171
20250701,医疗,头孢曲松钠,449,20250701,7172
20250701,医疗,上海瑞金医院擅长什么专科,449,20250701,7173
20250701,医疗,桑枝功效作用与主治,449,20250701,7174
20250701,医疗,番茄红素的功能与主治,449,20250701,7175
20250701,医疗,磁石的功效作用与主治,449,20250701,7176
20250701,医疗,输尿管结石,449,20250701,7177
20250701,医疗,凝血四项是查什么的,449,20250701,7178
20250701,医疗,汗疱疹的图片和症状图片,449,20250701,7179
20250701,医疗,胰岛素一旦打了就终身打吗,449,20250701,7180
20250701,医疗,内啡肽,449,20250701,7181
20250701,医疗,备孕需要去医院检查什么项目,449,20250701,7182
20250701,医疗,二陈汤,449,20250701,7183
20250701,医疗,肛门痛疼什么原因引起,449,20250701,7184
20250701,医疗,甲硝唑是治女性什么妇科炎症,449,20250701,7185
20250701,医疗,天花粉的作用和功效,449,20250701,7186
20250701,医疗,DHA,449,20250701,7187
20250701,医疗,葛根图片,449,20250701,7188
20250701,医疗,北柴胡,449,20250701,7189
20250701,医疗,泡温泉,449,20250701,7190
20250701,医疗,放屁多是什么病的征兆该怎么办,448,20250701,7191
20250701,医疗,泰格医药,448,20250701,7192
20250701,医疗,做春梦是什么原因女,448,20250701,7193
20250701,医疗,艾草泡脚的功效和作用,448,20250701,7194
20250701,医疗,五倍子的功效与作用,448,20250701,7195
20250701,医疗,肺动脉高压,448,20250701,7196
20250701,医疗,拉血是怎么回事男性,448,20250701,7197
20250701,医疗,汗蒸的好处和坏处 汗蒸的注意事项,448,20250701,7198
20250701,医疗,补阳还五汤,448,20250701,7199
20250701,医疗,异丙托溴铵雾化的作用,448,20250701,7200
20250701,医疗,蒺藜的功效与作用,448,20250701,7201
20250701,医疗,脚扭伤了肿了怎么恢复最快,448,20250701,7202
20250701,医疗,腿部浮肿是什么原因引起的,448,20250701,7203
20250701,医疗,胳膊麻木和手麻木是怎么回事,448,20250701,7204
20250701,医疗,心脏供血不足有哪些症状,448,20250701,7205
20250701,医疗,小柴胡颗粒的作用与功效,448,20250701,7206
20250701,医疗,声音嘶哑是什么原因引起,448,20250701,7207
20250701,医疗,檀中穴,448,20250701,7208
20250701,医疗,脑供血不足的症状有哪些表现,448,20250701,7209
20250701,医疗,天津市第一中心医院,448,20250701,7210
20250701,医疗,肠胃炎吃什么药好得快效果最好,448,20250701,7211
20250701,医疗,盐酸达泊西汀片提前多久吃最好,448,20250701,7212
20250701,医疗,槐花的功效作用与主治,448,20250701,7213
20250701,医疗,桅子功效作用与主治,447,20250701,7214
20250701,医疗,胃疼吃什么药最好效果最快,447,20250701,7215
20250701,医疗,眼睛里面长了一个像水泡一样的东西,447,20250701,7216
20250701,医疗,人体器官图,447,20250701,7217
20250701,医疗,子宫切除有什么影响和后遗症,447,20250701,7218
20250701,医疗,大黄的功效与作用,447,20250701,7219
20250701,医疗,嗳气,447,20250701,7220
20250701,医疗,三金片治疗尿频尿急尿痛吗怎么吃,447,20250701,7221
20250701,医疗,包皮裂口子是怎么回事,447,20250701,7222
20250701,医疗,乙肝两对半检查结果怎么看,447,20250701,7223
20250701,医疗,酮症酸中毒,447,20250701,7224
20250701,医疗,坤泰胶囊的功效与作用,447,20250701,7225
20250701,医疗,薄荷叶泡水的功效与作用,446,20250701,7226
20250701,医疗,甲状腺在哪里位置图,446,20250701,7227
20250701,医疗,三叉神经痛,446,20250701,7228
20250701,医疗,"月经推迟十几天了,也没怀孕怎么回事",446,20250701,7229
20250701,医疗,慢性胃炎的症状有哪些表现,446,20250701,7230
20250701,医疗,骶骨,446,20250701,7231
20250701,医疗,包茎不割会有什么影响,446,20250701,7232
20250701,医疗,掉头发是什么原因引起的,446,20250701,7233
20250701,医疗,蒸土豆减肥还是增肥,446,20250701,7234
20250701,医疗,龟苓膏的作用与功效,446,20250701,7235
20250701,医疗,胸外按压与人工呼吸的操作比例,446,20250701,7236
20250701,医疗,复方谷氨酰胺肠溶胶囊的功效和作用,446,20250701,7237
20250701,医疗,宫颈息肉,446,20250701,7238
20250701,医疗,bmi计算器公式,446,20250701,7239
20250701,医疗,脖子上长个包是怎么回事,446,20250701,7240
20250701,医疗,鸽子蛋有什么营养和功效,446,20250701,7241
20250701,医疗,甲状腺乳头状癌,446,20250701,7242
20250701,医疗,腱鞘炎用什么药治疗最好最快,446,20250701,7243
20250701,医疗,布洛芬缓释胶囊多久见效,446,20250701,7244
20250701,医疗,龟 头上有一层白色的皮一搓就掉,445,20250701,7245
20250701,医疗,心肌酶,445,20250701,7246
20250701,医疗,溶血是什么意思,445,20250701,7247
20250701,医疗,带脉在哪里的准确位置图,445,20250701,7248
20250701,医疗,qid是指一天几次用药,445,20250701,7249
20250701,医疗,菠萝蜜的籽可以吃吗有什么功效,445,20250701,7250
20250701,医疗,低压高吃什么药降血压最好,445,20250701,7251
20250701,医疗,帕罗西汀,445,20250701,7252
20250701,医疗,尾椎骨痛什么原因引起的,445,20250701,7253
20250701,医疗,忍冬藤的功效与作用,445,20250701,7254
20250701,医疗,复方穿心莲片的功效与作用,445,20250701,7255
20250701,医疗,喉癌早期有哪些症状,445,20250701,7256
20250701,医疗,一动就满头大汗是什么原因,445,20250701,7257
20250701,医疗,龙井茶的功效与作用,445,20250701,7258
20250701,医疗,肺宁颗粒的功效作用与主治,445,20250701,7259
20250701,医疗,涌泉的准确位置图,445,20250701,7260
20250701,医疗,眼皮跳是什么原因造成的,445,20250701,7261
20250701,医疗,肌肝高是什么问题,445,20250701,7262
20250701,医疗,掌中宝是什么部位,445,20250701,7263
20250701,医疗,正常人的血糖是多高为标准,444,20250701,7264
20250701,医疗,腿痒是肝癌吗,444,20250701,7265
20250701,医疗,五指毛桃党参黄芪伏湿汤能止汗吗,444,20250701,7266
20250701,医疗,灰指甲去医院挂哪个科,444,20250701,7267
20250701,医疗,呋虫胺对人体有害吗?,444,20250701,7268
20250701,医疗,低压多少正常,444,20250701,7269
20250701,医疗,肝性脑病,444,20250701,7270
20250701,医疗,芬吗通的作用和功效,444,20250701,7271
20250701,医疗,金振口服液的功效与作用,444,20250701,7272
20250701,医疗,炎琥宁的作用与功效,444,20250701,7273
20250701,医疗,甘松的功效与作用,444,20250701,7274
20250701,医疗,丝瓜络煮水喝有什么功效和作用,444,20250701,7275
20250701,医疗,微量元素是指哪些,444,20250701,7276
20250701,医疗,喉炎的症状表现有哪些,444,20250701,7277
20250701,医疗,股骨头坏死最佳治疗方案,444,20250701,7278
20250701,医疗,肚子左边疼是什么原因女性,444,20250701,7279
20250701,医疗,玉米升糖指数高吗,444,20250701,7280
20250701,医疗,喝中药能喝酒吗,444,20250701,7281
20250701,医疗,人民医院,444,20250701,7282
20250701,医疗,呕吐是什么原因引起的,444,20250701,7283
20250701,医疗,湿气重去药店买什么药,444,20250701,7284
20250701,医疗,华兰生物,443,20250701,7285
20250701,医疗,带状疱疹是什么原因引起的,443,20250701,7286
20250701,医疗,甲减的症状有哪些,443,20250701,7287
20250701,医疗,人一天要喝多少毫升水,443,20250701,7288
20250701,医疗,"肚子胀,拉大便又拉不出来是什么原因",443,20250701,7289
20250701,医疗,三仁汤,443,20250701,7290
20250701,医疗,双飞人药水的功效和作用,443,20250701,7291
20250701,医疗,左眼皮一直抽搐跳动是怎么回事,443,20250701,7292
20250701,医疗,毛囊炎图片和症状图,443,20250701,7293
20250701,医疗,法洛四联症,443,20250701,7294
20250701,医疗,粘液丝高是怎么回事男性,443,20250701,7295
20250701,医疗,舌苔黄厚腻是什么原因,443,20250701,7296
20250701,医疗,散瞳,443,20250701,7297
20250701,医疗,当归黑豆的功效与作用,443,20250701,7298
20250701,医疗,右胸上部疼痛要警惕的三种病症,443,20250701,7299
20250701,医疗,富贵包怎么消除最快最简单方法,443,20250701,7300
20250701,医疗,瓦楞子的功效与作用,443,20250701,7301
20250701,医疗,食管癌早期症状,443,20250701,7302
20250701,医疗,儿童割包皮挂什么科,442,20250701,7303
20250701,医疗,舌头上长小红点是怎么回事,442,20250701,7304
20250701,医疗,香榧坚果的功效与作用,442,20250701,7305
20250701,医疗,他达拉非片吃了多久有效果,442,20250701,7306
20250701,医疗,支原体肺炎感染一般多久可以治愈,442,20250701,7307
20250701,医疗,王不留行,442,20250701,7308
20250701,医疗,草莓印怎么快速消除掉,442,20250701,7309
20250701,医疗,中性粒细胞百分比偏低,442,20250701,7310
20250701,医疗,结节吃什么药可以消除结节,442,20250701,7311
20250701,医疗,毛桃的功效与作用,442,20250701,7312
20250701,医疗,tid医学上代表什么,442,20250701,7313
20250701,医疗,虫草怎么吃最好最营养,442,20250701,7314
20250701,医疗,维生素b9又叫什么,442,20250701,7315
20250701,医疗,广西医科大学第一附属医院,442,20250701,7316
20250701,医疗,苏子的功效与作用,442,20250701,7317
20250701,医疗,爬楼梯对身体有什么好处和坏处?,442,20250701,7318
20250701,医疗,黄芪的功效和作用,442,20250701,7319
20250701,医疗,甘麦大枣汤的作用与功效,442,20250701,7320
20250701,医疗,心口堵闷有压迫感是什么原因,442,20250701,7321
20250701,医疗,蜘蛛痣长在什么地方有肝病,442,20250701,7322
20250701,医疗,蜂蜜不能和什么食物一起吃,441,20250701,7323
20250701,医疗,非布司他片的副作用和危害,441,20250701,7324
20250701,医疗,甘草图片,441,20250701,7325
20250701,医疗,胃窦,441,20250701,7326
20250701,医疗,载脂蛋白b偏高是什么原因,441,20250701,7327
20250701,医疗,中医康复技术,441,20250701,7328
20250701,医疗,清宫手术要多少钱费用,441,20250701,7329
20250701,医疗,例假一直不干净是怎么回事,441,20250701,7330
20250701,医疗,脾肾阳虚吃什么中成药效果好,441,20250701,7331
20250701,医疗,后背疼怎么回事?女,441,20250701,7332
20250701,医疗,人参健脾丸,441,20250701,7333
20250701,医疗,总蛋白偏高是什么原因,441,20250701,7334
20250701,医疗,指甲变黑是怎么回事,441,20250701,7335
20250701,医疗,肺腺癌一般能活多久,441,20250701,7336
20250701,医疗,达格列净正确吃法,441,20250701,7337
20250701,医疗,鹧鸪茶的功能和作用,441,20250701,7338
20250701,医疗,碳水食物有哪些,441,20250701,7339
20250701,医疗,后背长了好多红色的小痘痘怎么办,441,20250701,7340
20250701,医疗,痛经,440,20250701,7341
20250701,医疗,轮状病毒的症状与病因,440,20250701,7342
20250701,医疗,乙型肝炎病毒表面抗体阳性是什么意思,440,20250701,7343
20250701,医疗,糖化血红蛋白6.5是什么程度?,440,20250701,7344
20250701,医疗,黑色素肿瘤能治愈吗,440,20250701,7345
20250701,医疗,沙棘原浆的功效与主治,440,20250701,7346
20250701,医疗,茉莉花茶属于寒性还是温性,440,20250701,7347
20250701,医疗,康复治疗技术是干什么的,440,20250701,7348
20250701,医疗,泽泻和茯苓一起喝减肥效果好吗,440,20250701,7349
20250701,医疗,麦粒肿长什么样子图片,440,20250701,7350
20250701,医疗,白色分泌物带血丝怎么回事,440,20250701,7351
20250701,医疗,右归丸的配方组成,440,20250701,7352
20250701,医疗,甲钴胺片的副作用,440,20250701,7353
20250701,医疗,缺钙有什么表现和症状,439,20250701,7354
20250701,医疗,红花泡水喝有什么功效和作用,439,20250701,7355
20250701,医疗,心肺复苏操作流程,439,20250701,7356
20250701,医疗,口腔黏膜炎的症状和治疗方法,439,20250701,7357
20250701,医疗,白花蛇舌草,439,20250701,7358
20250701,医疗,荞麦面的功效与作用,439,20250701,7359
20250701,医疗,鱼胶的作用和功能主治是什么,439,20250701,7360
20250701,医疗,荞麦茶泡水喝的功效和作用,439,20250701,7361
20250701,医疗,小腿肚子酸胀怎么回事,439,20250701,7362
20250701,医疗,花甲的营养价值及功效,439,20250701,7363
20250701,医疗,夏天晒背的最佳时间是几点到几点,439,20250701,7364
20250701,医疗,吲达帕胺片作用与功效,439,20250701,7365
20250701,医疗,跳蚤咬后的症状图,439,20250701,7366
20250701,医疗,阿奇霉素分散片的用法用量和作用,439,20250701,7367
20250701,医疗,厄贝沙坦,439,20250701,7368
20250701,医疗,依诺肝素钠注射功效与作用,439,20250701,7369
20250701,医疗,长海医院,439,20250701,7370
20250701,医疗,佝偻病,439,20250701,7371
20250701,医疗,喉癌症状的早期表现,439,20250701,7372
20250701,医疗,肩周炎怎么治疗最快最好方法,439,20250701,7373
20250701,医疗,阿胶的正确吃法服用方法和时间,439,20250701,7374
20250701,医疗,纳豆激酶的功效与作用,439,20250701,7375
20250701,医疗,肋软骨炎的症状表现有哪些,439,20250701,7376
20250701,医疗,脚后跟干裂起硬皮裂口子怎么办,439,20250701,7377
20250701,医疗,鹿角帽粉真能消各种结节吗,439,20250701,7378
20250701,医疗,七叶皂苷钠片,439,20250701,7379
20250701,医疗,右眼跳,438,20250701,7380
20250701,医疗,嗓子干痒老是咳嗽是什么原因,438,20250701,7381
20250701,医疗,无极膏的作用与功效,438,20250701,7382
20250701,医疗,颈椎操每天10分钟正确做法视频,438,20250701,7383
20250701,医疗,牛筋草的作用与疗效,438,20250701,7384
20250701,医疗,急性胰腺炎是什么原因引起的,438,20250701,7385
20250701,医疗,温胆汤,438,20250701,7386
20250701,医疗,右手麻木是怎么回事 男性,438,20250701,7387
20250701,医疗,手掌痒是什么原因.越抓越痒,438,20250701,7388
20250701,医疗,达克宁乳膏的作用与功效,438,20250701,7389
20250701,医疗,做胃镜大概多少钱,438,20250701,7390
20250701,医疗,中性粒细胞比率偏高是什么意思,438,20250701,7391
20250701,医疗,血栓是什么意思严重吗,438,20250701,7392
20250701,医疗,ast/alt偏高说明什么,438,20250701,7393
20250701,医疗,牛黄清胃丸,438,20250701,7394
20250701,医疗,甘代胶囊的作用与功效,438,20250701,7395
20250701,医疗,厌食症,438,20250701,7396
20250701,医疗,绞股蓝的图片,438,20250701,7397
20250701,医疗,怀孕早期的症状表现,438,20250701,7398
20250701,医疗,阴虚火旺吃什么中成药,438,20250701,7399
20250701,医疗,尾椎骨末端屁股中间疼怎么回事,438,20250701,7400
20250701,医疗,萘普生片作用与功效,438,20250701,7401
20250701,医疗,柴胡图片,438,20250701,7402
20250701,医疗,舌头溃疡是什么原因引起的,438,20250701,7403
20250701,医疗,"肝癌会传染吗,对身边的人有影响吗",437,20250701,7404
20250701,医疗,斜方肌位置图,437,20250701,7405
20250701,医疗,横纹肌溶解症,437,20250701,7406
20250701,医疗,开喉剑喷雾剂儿童型,437,20250701,7407
20250701,医疗,肌红蛋白偏低什么原因,437,20250701,7408
20250701,医疗,芬吗通,437,20250701,7409
20250701,医疗,鳖甲的功效与作用,437,20250701,7410
20250701,医疗,破壁灵芝孢子功效与作用,437,20250701,7411
20250701,医疗,晚餐吃什么健康又营养还减肥,437,20250701,7412
20250701,医疗,达英35,437,20250701,7413
20250701,医疗,甜菜根的功效与作用,437,20250701,7414
20250701,医疗,汗疱疹是什么原因导致的呢,437,20250701,7415
20250701,医疗,卵圆孔未闭合是什么意思,437,20250701,7416
20250701,医疗,六味地黄丸的功效与作用,437,20250701,7417
20250701,医疗,恒牙是哪几颗牙,437,20250701,7418
20250701,医疗,神经酸的功效与作用和治疗,437,20250701,7419
20250701,医疗,维生素d2和d3区别和作用,437,20250701,7420
20250701,医疗,尿比重偏高1.030严重吗,437,20250701,7421
20250701,医疗,韭菜籽和枸杞泡水喝对男性有什么功效,437,20250701,7422
20250701,医疗,桑螵蛸的功效与作用,437,20250701,7423
20250701,医疗,腹泻,437,20250701,7424
20250701,医疗,榴莲吃多了会怎么样,437,20250701,7425
20250701,医疗,喜辽妥,437,20250701,7426
20250701,医疗,炎症是什么原因引起,437,20250701,7427
20250701,医疗,右归丸的作用和功效,436,20250701,7428
20250701,医疗,白细胞计数偏高,436,20250701,7429
20250701,医疗,吃桃子会发胖吗,436,20250701,7430
20250701,医疗,头皮发麻是什么原因导致的,436,20250701,7431
20250701,医疗,血痣,436,20250701,7432
20250701,医疗,阴道口有一坨肉是怎么回事,436,20250701,7433
20250701,医疗,后脑勺一阵一阵的痛像拉扯神经,436,20250701,7434
20250701,医疗,结核菌素试验,436,20250701,7435
20250701,医疗,胃底腺息肉是什么意思,436,20250701,7436
20250701,医疗,天坛生物,436,20250701,7437
20250701,医疗,肝,436,20250701,7438
20250701,医疗,木瓜是凉性还是热性,436,20250701,7439
20250701,医疗,晚上不吃饭真的能瘦下来吗,436,20250701,7440
20250701,医疗,痰多粘稠吐不完喉咙粘粘的怎么办,436,20250701,7441
20250701,医疗,鸭蛋和鸡蛋谁的营养价值高,436,20250701,7442
20250701,医疗,劳拉西泮,436,20250701,7443
20250701,医疗,椰子水含糖量高吗,436,20250701,7444
20250701,医疗,植物神经紊乱,436,20250701,7445
20250701,医疗,阿昔洛韦片功效,436,20250701,7446
20250701,医疗,硝酸甘油和速效救心丸的区别,436,20250701,7447
20250701,医疗,左氧氟沙星和盐酸左氧氟沙星的区别,436,20250701,7448
20250701,医疗,西瓜糖分高吗,436,20250701,7449
20250701,医疗,肠息肉是怎么形成的原因有哪些,435,20250701,7450
20250701,医疗,瑞巴派特片饭前吃还是饭后吃,435,20250701,7451
20250701,医疗,大腿内侧湿疹图片,435,20250701,7452
20250701,医疗,肠炎,435,20250701,7453
20250701,医疗,cdfi可见血流信号是什么意思,435,20250701,7454
20250701,医疗,纳豆激酶对血管斑块有作用吗,435,20250701,7455
20250701,医疗,多巴胺和内啡肽的区别和作用,435,20250701,7456
20250701,医疗,益安宁丸的功效与主治和作用,435,20250701,7457
20250701,医疗,肋骨骨折恢复最佳方法,435,20250701,7458
20250701,医疗,焦虑症怎么治疗效果最好的方法,435,20250701,7459
20250701,医疗,心口窝正中间疼是怎么回事,435,20250701,7460
20250701,医疗,谷维素片的副作用和危害,435,20250701,7461
20250701,医疗,正常体温,435,20250701,7462
20250701,医疗,胆结石自然排石法的最佳方法,435,20250701,7463
20250701,医疗,云南白药的作用和功效,435,20250701,7464
20250701,医疗,雌激素低怎么补充最快最好,435,20250701,7465
20250701,医疗,吃了紧急避孕药意外怀孕怎么办,435,20250701,7466
20250701,医疗,尿道感染的症状有哪些,435,20250701,7467
20250701,医疗,狗脊的功效与作用,435,20250701,7468
20250701,医疗,枫蓼肠胃康片的功效与作用,435,20250701,7469
20250701,医疗,蛋白尿,435,20250701,7470
20250701,医疗,米汤的功效与作用,434,20250701,7471
20250701,医疗,银耳的功效和作用,434,20250701,7472
20250701,医疗,视力对照表,434,20250701,7473
20250701,医疗,单硝酸异山梨酯片作用,434,20250701,7474
20250701,医疗,柳树叶的功效与作用,434,20250701,7475
20250701,医疗,胆红素偏高是什么意思,434,20250701,7476
20250701,医疗,结肠癌,434,20250701,7477
20250701,医疗,碱性磷酸酶偏高是怎么回事,434,20250701,7478
20250701,医疗,透析是什么意思啊,434,20250701,7479
20250701,医疗,脑立清丸的作用与功效,434,20250701,7480
20250701,医疗,癌症早期症状,434,20250701,7481
20250701,医疗,睾丸里面有个硬疙瘩是怎么回事,434,20250701,7482
20250701,医疗,早博频繁会产生什么后果,434,20250701,7483
20250701,医疗,糖尿病可以吃荔枝吗,434,20250701,7484
20250701,医疗,霍山石斛的功效和作用,434,20250701,7485
20250701,医疗,氨茶碱片的作用及功效,434,20250701,7486
20250701,医疗,慢阻肺的主要症状有哪些,434,20250701,7487
20250701,医疗,天麻和什么搭配功效最好,434,20250701,7488
20250701,医疗,女生排卵期一般是在什么时候,434,20250701,7489
20250701,医疗,尿液发红是什么病的前兆,434,20250701,7490
20250701,医疗,皮脂腺囊肿图片,434,20250701,7491
20250701,医疗,阳普医疗,434,20250701,7492
20250701,医疗,脾胃虚弱的症状有哪些,434,20250701,7493
20250701,医疗,氨基酸的功效与作用,434,20250701,7494
20250701,医疗,头皮银屑病的症状图片,434,20250701,7495
20250701,医疗,西洋参片正确吃法,434,20250701,7496
20250701,医疗,管状腺瘤是什么病,434,20250701,7497
20250701,医疗,迈之灵片主要治什么病,433,20250701,7498
20250701,医疗,穿破石功效作用与主治,433,20250701,7499
20250701,医疗,女性更年期一般在什么年龄段,433,20250701,7500
20250701,医疗,鳞状细胞癌是属于哪一类的癌症,433,20250701,7501
20250701,医疗,肛门口长个肉疙瘩是什么原因,433,20250701,7502
20250701,医疗,45岁老阿姨喷了三次尿素乳膏,433,20250701,7503
20250701,医疗,胡桃夹综合征,433,20250701,7504
20250701,医疗,除湿气吃什么药最好最有效,433,20250701,7505
20250701,医疗,一点红草药的功效与作用,433,20250701,7506
20250701,医疗,穴位,433,20250701,7507
20250701,医疗,丹参滴丸一天吃几次?每次几粒,433,20250701,7508
20250701,医疗,无痛胃镜需要多少钱,433,20250701,7509
20250701,医疗,肠炎吃什么药好得快效果最好,433,20250701,7510
20250701,医疗,染发的危害性有多大,433,20250701,7511
20250701,医疗,肠癌手术后能活多少年,433,20250701,7512
20250701,医疗,身体湿气太重用什么方法解决最好,433,20250701,7513
20250701,医疗,芦笋的功效与作用及营养价值,433,20250701,7514
20250701,医疗,阑尾炎吃什么消炎药,433,20250701,7515
20250701,医疗,宫颈炎用什么药物治疗比较好,433,20250701,7516
20250701,医疗,麻风病,433,20250701,7517
20250701,医疗,脓毒血症,433,20250701,7518
20250701,医疗,北京阜外医院,433,20250701,7519
20250701,医疗,跟腱炎,432,20250701,7520
20250701,医疗,地黄的图片,432,20250701,7521
20250701,医疗,天突六位置示意图,432,20250701,7522
20250701,医疗,卵巢囊肿有什么症状有哪些反应,432,20250701,7523
20250701,医疗,雌二醇正常值是多少,432,20250701,7524
20250701,医疗,荨麻疹反反复复的发作是什么原因,432,20250701,7525
20250701,医疗,苹果的功效与作用,432,20250701,7526
20250701,医疗,乙肝e抗体阳性是什么意思,432,20250701,7527
20250701,医疗,复方嗜酸乳杆菌片,432,20250701,7528
20250701,医疗,榴莲吃了对身体有什么好处,432,20250701,7529
20250701,医疗,玫瑰花的功效作用与主治,432,20250701,7530
20250701,医疗,大拇指腱鞘炎怎么治疗最快最有效,432,20250701,7531
20250701,医疗,盆腔积液会有哪些症状和表现,432,20250701,7532
20250701,医疗,坤泰胶囊的功效与作用副作用,432,20250701,7533
20250701,医疗,私处长了一个硬疙瘩什么原因,432,20250701,7534
20250701,医疗,益智仁,432,20250701,7535
20250701,医疗,喹硫平,432,20250701,7536
20250701,医疗,生理盐水的作用与功效,432,20250701,7537
20250701,医疗,骶骨在哪个位置示意图,432,20250701,7538
20250701,医疗,北京积水潭医院骨科专家,432,20250701,7539
20250701,医疗,氨溴索口服液,432,20250701,7540
20250701,医疗,ct多少钱做一次,431,20250701,7541
20250701,医疗,肺部磨玻璃结节意味着什么,431,20250701,7542
20250701,医疗,阳痿早泄,431,20250701,7543
20250701,医疗,气管镜检查能确诊什么病,431,20250701,7544
20250701,医疗,想吐又吐不出来恶心是什么原因,431,20250701,7545
20250701,医疗,大腿根部疼痛什么原因男性,431,20250701,7546
20250701,医疗,糖化血红蛋白正常范围,431,20250701,7547
20250701,医疗,安定,431,20250701,7548
20250701,医疗,大便是黑色怎么回事,431,20250701,7549
20250701,医疗,脑电图可以检查出什么,431,20250701,7550
20250701,医疗,糖皮质激素,431,20250701,7551
20250701,医疗,电解质紊乱的表现症状有哪些,431,20250701,7552
20250701,医疗,人参图片,431,20250701,7553
20250701,医疗,贝前列素钠片的功效和作用,431,20250701,7554
20250701,医疗,无痛人流手术需要休息几天,431,20250701,7555
20250701,医疗,怀孕多久能测出来,430,20250701,7556
20250701,医疗,吃火龙果拉出来的大便是红色的像血,430,20250701,7557
20250701,医疗,乳腺结节3类严重吗,430,20250701,7558
20250701,医疗,康弘药业,430,20250701,7559
20250701,医疗,羊肉和西瓜可以一起吃吗,430,20250701,7560
20250701,医疗,比索洛尔的功效与作用及副作用,430,20250701,7561
20250701,医疗,盐酸奥洛他定滴眼液,430,20250701,7562
20250701,医疗,甲母痣,430,20250701,7563
20250701,医疗,hpv阳性是什么意思啊什么病,430,20250701,7564
20250701,医疗,胃欣舒胶囊的功效与作用,430,20250701,7565
20250701,医疗,丙氨酸氨基转移酶高是哪里出问题了,430,20250701,7566
20250701,医疗,赤小豆薏米祛湿正确做法,430,20250701,7567
20250701,医疗,三七粉的功效和作用,430,20250701,7568
20250701,医疗,导赤丸的功效与作用,430,20250701,7569
20250701,医疗,咳嗽喉咙痒干咳最快的方法,430,20250701,7570
20250701,医疗,益生菌饭前吃还是饭后吃效果好,430,20250701,7571
20250701,医疗,手指关节长包硬硬的凸起,430,20250701,7572
20250701,医疗,红斑狼疮会传染吗,430,20250701,7573
20250701,医疗,仙草功效作用与主治,430,20250701,7574
20250701,医疗,华医网,430,20250701,7575
20250701,医疗,左腹部疼痛男性什么原因,430,20250701,7576
20250701,医疗,红曲米的功效与作用及食用方法,430,20250701,7577
20250701,医疗,驴肉的功效和作用,430,20250701,7578
20250701,医疗,奇亚籽的正确吃法与功效,430,20250701,7579
20250701,医疗,屁股上长了一个疙瘩硬硬的按着很疼,430,20250701,7580
20250701,医疗,施慧达,430,20250701,7581
20250701,医疗,结节是怎么形成的 怎样才能消除,430,20250701,7582
20250701,医疗,脂肪瘤的危害性大吗,430,20250701,7583
20250701,医疗,南京儿童医院,430,20250701,7584
20250701,医疗,琥珀酸美托洛尔缓释片的作用与功效,429,20250701,7585
20250701,医疗,马应龙痔疮膏的功效与作用,429,20250701,7586
20250701,医疗,枇杷干有什么作用和功效,429,20250701,7587
20250701,医疗,心率不齐,429,20250701,7588
20250701,医疗,派瑞松,429,20250701,7589
20250701,医疗,养心菜的功效与作用及食用方法,429,20250701,7590
20250701,医疗,寒湿体质怎么调理能彻底根治,429,20250701,7591
20250701,医疗,萎缩性胃炎是怎么回事严重吗,429,20250701,7592
20250701,医疗,乳房胀痛什么原因导致的,429,20250701,7593
20250701,医疗,奥卡西平片的功能主治是什么,429,20250701,7594
20250701,医疗,珍珠母功效作用与主治,429,20250701,7595
20250701,医疗,前胸后背疼是什么原因引起的,429,20250701,7596
20250701,医疗,熬夜,429,20250701,7597
20250701,医疗,卡马西平,429,20250701,7598
20250701,医疗,牛油果是热性还是寒性,429,20250701,7599
20250701,医疗,伊波拉病毒,429,20250701,7600
20250701,医疗,乌灵参一斤多少钱,429,20250701,7601
20250701,医疗,黄莲的功效与作用是什么意思,428,20250701,7602
20250701,医疗,偏头痛吃什么药效果好 神经性头痛,428,20250701,7603
20250701,医疗,美林布洛芬混悬液,428,20250701,7604
20250701,医疗,激素六项什么时候查最准,428,20250701,7605
20250701,医疗,甲氨蝶呤,428,20250701,7606
20250701,医疗,幼儿急疹的症状及治疗,428,20250701,7607
20250701,医疗,一直打嗝打不停怎么办,428,20250701,7608
20250701,医疗,球蛋白有什么作用和功效,428,20250701,7609
20250701,医疗,腰椎管狭窄压迫神经腿麻怎么治疗效果好?,428,20250701,7610
20250701,医疗,肠道菌群失调有哪些症状,428,20250701,7611
20250701,医疗,血糖高的症状表现有哪些,428,20250701,7612
20250701,医疗,屁眼痒痒是怎么回事儿啊,428,20250701,7613
20250701,医疗,疝气是什么症状,427,20250701,7614
20250701,医疗,熊胆粉的作用和功效,427,20250701,7615
20250701,医疗,熟地,427,20250701,7616
20250701,医疗,尿频尿不尽感觉总有尿意怎么办,427,20250701,7617
20250701,医疗,皮肤病血毒丸的作用与功效,427,20250701,7618
20250701,医疗,辣椒叶的功效与作用,427,20250701,7619
20250701,医疗,氟康唑,427,20250701,7620
20250701,医疗,阳痿早泄吃什么药好,427,20250701,7621
20250701,医疗,手心脚心发热心里烦躁,427,20250701,7622
20250701,医疗,早泄可以治愈吗,427,20250701,7623
20250701,医疗,胃肠炎的症状是哪些,427,20250701,7624
20250701,医疗,紫苏饮,427,20250701,7625
20250701,医疗,痣癌变前期有什么症状,427,20250701,7626
20250701,医疗,扁平疣图片和症状图片,427,20250701,7627
20250701,医疗,黄荆树的作用和功效,427,20250701,7628
20250701,医疗,白细胞正常值,427,20250701,7629
20250701,医疗,感冒清热颗粒功效与作用,427,20250701,7630
20250701,医疗,打完狂犬疫苗注意事项有什么,427,20250701,7631
20250701,医疗,防中暑的药有哪些,427,20250701,7632
20250701,医疗,红细胞分布宽度偏高是怎么回事,427,20250701,7633
20250701,医疗,匹伐他汀钙片的作用与功效,427,20250701,7634
20250701,医疗,琥珀酸亚铁片的作用与功效,427,20250701,7635
20250701,医疗,谷丙转氨酶偏高是什么原因,427,20250701,7636
20250701,医疗,黄精枸杞泡水喝的功效,427,20250701,7637
20250701,医疗,瑞舒伐他汀正确吃法,427,20250701,7638
20250701,医疗,半枝莲,426,20250701,7639
20250701,医疗,斯达舒的功效与作用,426,20250701,7640
20250701,医疗,强力定眩片的功效与作用,426,20250701,7641
20250701,医疗,海参的功效与作用及禁忌人群,426,20250701,7642
20250701,医疗,增强ct,426,20250701,7643
20250701,医疗,中药饭前喝还是饭后喝效果好,426,20250701,7644
20250701,医疗,药流一般要多久才干净,426,20250701,7645
20250701,医疗,梅毒的潜伏期一般多久发作,426,20250701,7646
20250701,医疗,血糖高能吃荔枝吗,426,20250701,7647
20250701,医疗,摔伤后怎么消肿止痛最快最有效,426,20250701,7648
20250701,医疗,智齿是长在哪个位置,426,20250701,7649
20250701,医疗,巴氏刷牙法,426,20250701,7650
20250701,医疗,南昌大学第一附属医院,426,20250701,7651
20250701,医疗,黄疸高怎样退黄比较快,426,20250701,7652
20250701,医疗,直肠癌能治好吗,426,20250701,7653
20250701,医疗,消融术是什么手术,425,20250701,7654
20250701,医疗,复方石韦胶囊的功效与作用,425,20250701,7655
20250701,医疗,哮喘病怎么治疗效果最好的方法,425,20250701,7656
20250701,医疗,易坦静,425,20250701,7657
20250701,医疗,谷草转氨酶高是什么情况,425,20250701,7658
20250701,医疗,强制性脊椎炎,425,20250701,7659
20250701,医疗,红细胞,425,20250701,7660
20250701,医疗,气滞血瘀吃什么中成药,425,20250701,7661
20250701,医疗,鳕鱼的营养价值及功效与作用,425,20250701,7662
20250701,医疗,心率110-120有危险吗,425,20250701,7663
20250701,医疗,hpv病毒是什么意思,425,20250701,7664
20250701,医疗,活络油的作用与功效,425,20250701,7665
20250701,医疗,手麻是什么病的前兆,425,20250701,7666
20250701,医疗,邵逸夫医院,425,20250701,7667
20250701,医疗,肌钙蛋白,425,20250701,7668
20250701,医疗,体脂率怎么计算,425,20250701,7669
20250701,医疗,屁眼痒是什么原因.越抓越痒,424,20250701,7670
20250701,医疗,肛门坠胀感是怎么回事,424,20250701,7671
20250701,医疗,妇炎洁的功效和作用,424,20250701,7672
20250701,医疗,肉豆蔻的功效与作用,424,20250701,7673
20250701,医疗,栛枝的功效与作用禁忌,424,20250701,7674
20250701,医疗,验孕棒怎么用,424,20250701,7675
20250701,医疗,华北制药,424,20250701,7676
20250701,医疗,藿香正气水饭前喝还是饭后喝,424,20250701,7677
20250701,医疗,克林霉素磷酸酯,424,20250701,7678
20250701,医疗,胃疼怎么办怎么缓解最快方法,424,20250701,7679
20250701,医疗,替格瑞洛片,424,20250701,7680
20250701,医疗,吃了避孕药一个星期后出血是月经吗,424,20250701,7681
20250701,医疗,耳朵里面长了个小鼓包,424,20250701,7682
20250701,医疗,高密度脂蛋白胆固醇低是什么意思,424,20250701,7683
20250701,医疗,依折麦布,424,20250701,7684
20250701,医疗,小腹坠胀感觉想尿可又尿不多是什么原因,424,20250701,7685
20250701,医疗,醒酒的最快方法,424,20250701,7686
20250701,医疗,白丝小脚夹住命根上下摩擦的预防措施及应对措施,424,20250701,7687
20250701,医疗,裸花紫珠颗粒作用与功效,424,20250701,7688
20250701,医疗,肌力分级,423,20250701,7689
20250701,医疗,乳酸菌阴道胶囊的作用和功效,423,20250701,7690
20250701,医疗,半月板损伤,423,20250701,7691
20250701,医疗,安眠药吃一片能睡多久,423,20250701,7692
20250701,医疗,肝腹水症状表现有哪些,423,20250701,7693
20250701,医疗,顺产多久可以同房,423,20250701,7694
20250701,医疗,阳了吃什么药好得快,423,20250701,7695
20250701,医疗,大血小板比率偏高说明什么,423,20250701,7696
20250701,医疗,姜黄素,423,20250701,7697
20250701,医疗,例假来了十多天了还不停怎么回事,423,20250701,7698
20250701,医疗,桑叶泡水喝有什么功效和作用,423,20250701,7699
20250701,医疗,维生素c注射注液功效,423,20250701,7700
20250701,医疗,桃子的热量,423,20250701,7701
20250701,医疗,韧带损伤多久能恢复正常,423,20250701,7702
20250701,医疗,醋鳖甲的功效与作用,423,20250701,7703
20250701,医疗,感康一天吃几次,423,20250701,7704
20250701,医疗,晒伤后皮肤发红疼痛怎么办用什么药,423,20250701,7705
20250701,医疗,狂犬病毒潜伏期多久,423,20250701,7706
20250701,医疗,全身体检费用大概多少钱,423,20250701,7707
20250701,医疗,通草,423,20250701,7708
20250701,医疗,萎缩性胃炎严重吗 后果是什么,423,20250701,7709
20250701,医疗,咽喉癌的早期症状表现,423,20250701,7710
20250701,医疗,右眼上眼皮老跳是怎么回事,423,20250701,7711
20250701,医疗,参麦注射功效与作用及副作用,423,20250701,7712
20250701,医疗,切除子宫对身体有什么伤害和后遗症,423,20250701,7713
20250701,医疗,肛门旁边鼓个包里面有硬块很疼,423,20250701,7714
20250701,医疗,胳肢窝长了个肉疙瘩,423,20250701,7715
20250701,医疗,肾,423,20250701,7716
20250701,医疗,埃博拉病毒,423,20250701,7717
20250701,医疗,氯氟氰菊酯的作用与功效,423,20250701,7718
20250701,医疗,低压高到100怎么治疗吃什么药,422,20250701,7719
20250701,医疗,四味脾胃舒颗粒的功效和作用,422,20250701,7720
20250701,医疗,云南白药胶囊的作用与功效,422,20250701,7721
20250701,医疗,桥本甲状腺炎的表现症状和危害,422,20250701,7722
20250701,医疗,肌苷片的作用与功效,422,20250701,7723
20250701,医疗,海带隔夜还能吃吗,422,20250701,7724
20250701,医疗,五维赖氨酸口服液的功效和作用,422,20250701,7725
20250701,医疗,肠炎宁片的功效与作用,422,20250701,7726
20250701,医疗,放屁多是什么原因呢,422,20250701,7727
20250701,医疗,ards是什么病的简称,422,20250701,7728
20250701,医疗,血糖高可以吃什么水果,422,20250701,7729
20250701,医疗,收缩压是高压还是低压,422,20250701,7730
20250701,医疗,屁多是什么原因引起的,422,20250701,7731
20250701,医疗,喝牛奶拉肚子怎么回事,422,20250701,7732
20250701,医疗,肝郁气滞吃什么中成药最好,422,20250701,7733
20250701,医疗,泡脚出汗是排湿气还是水分,422,20250701,7734
20250701,医疗,颈椎痛和肩膀疼得厉害咋办,422,20250701,7735
20250701,医疗,NPD,422,20250701,7736
20250701,医疗,tsh促甲状腺激素偏高有什么危害,422,20250701,7737
20250701,医疗,接触性皮炎,422,20250701,7738
20250701,医疗,清创,422,20250701,7739
20250701,医疗,脱水症状表现,422,20250701,7740
20250701,医疗,鬼压床是什么原因造成的,422,20250701,7741
20250701,医疗,肚子大了像怀孕一样是怎么回事,422,20250701,7742
20250701,医疗,乳头有液体溢出是怎么回事,422,20250701,7743
20250701,医疗,祛湿吃什么食物最好最有效,422,20250701,7744
20250701,医疗,托伐普坦片的功效与作用,422,20250701,7745
20250701,医疗,第一次同房后出血要几天才干净,421,20250701,7746
20250701,医疗,黄芪的功效,421,20250701,7747
20250701,医疗,蛋白尿是什么病,421,20250701,7748
20250701,医疗,心肌缺血吃什么食物补得最快,421,20250701,7749
20250701,医疗,红细胞计数偏高是什么意思,421,20250701,7750
20250701,医疗,甘油三酯高是什么意思,421,20250701,7751
20250701,医疗,含锌高的食物有哪些,421,20250701,7752
20250701,医疗,胎菊功效作用与主治,421,20250701,7753
20250701,医疗,拍八虚的功效与作用,421,20250701,7754
20250701,医疗,硼砂,421,20250701,7755
20250701,医疗,脱肛的症状和图片,421,20250701,7756
20250701,医疗,抗凝药有哪些,421,20250701,7757
20250701,医疗,总胆红素,421,20250701,7758
20250701,医疗,马蜂蛰了最佳处理方法,421,20250701,7759
20250701,医疗,减脂餐食谱一周七天一日三餐,421,20250701,7760
20250701,医疗,蹲一会站起来头晕眼黑是怎么回事,421,20250701,7761
20250701,医疗,脚气是什么原因引起的啊,421,20250701,7762
20250701,医疗,牛黄,421,20250701,7763
20250701,医疗,筋膜枪的用处有哪些,420,20250701,7764
20250701,医疗,倍他乐克的功效与作用及副作用,420,20250701,7765
20250701,医疗,水痘怎么治疗最快方法,420,20250701,7766
20250701,医疗,生脉饮的配方,420,20250701,7767
20250701,医疗,狐臭手术的最佳年龄,420,20250701,7768
20250701,医疗,餐后血糖多少属于正常范围,420,20250701,7769
20250701,医疗,血脂高,420,20250701,7770
20250701,医疗,火龙果热量,420,20250701,7771
20250701,医疗,打胎需要多少钱大概,420,20250701,7772
20250701,医疗,心绞痛吃什么药效果最快最好治,420,20250701,7773
20250701,医疗,黄精茶,420,20250701,7774
20250701,医疗,人绒毛膜促性腺激素多少是怀孕了,420,20250701,7775
20250701,医疗,降血脂吃什么药好最有效,420,20250701,7776
20250701,医疗,梅奥诊所,420,20250701,7777
20250701,医疗,海龙的功效与作用,420,20250701,7778
20250701,医疗,胸膜增厚是怎么回事,420,20250701,7779
20250701,医疗,隐翅虫咬后的图片,420,20250701,7780
20250701,医疗,输卵管,420,20250701,7781
20250701,医疗,越鞠丸,420,20250701,7782
20250701,医疗,非那雄胺,420,20250701,7783
20250701,医疗,女性外部瘙痒是什么原因造成的,419,20250701,7784
20250701,医疗,脑梗死,419,20250701,7785
20250701,医疗,糖尿病能吃西瓜吗,419,20250701,7786
20250701,医疗,精液里有果冻状什么原因,419,20250701,7787
20250701,医疗,阴帝的准确位置图,419,20250701,7788
20250701,医疗,聚乙烯醇滴眼液,419,20250701,7789
20250701,医疗,天冬氨酸氨基转移酶偏高是怎么回事,419,20250701,7790
20250701,医疗,肩周炎怎么治疗才能彻底除根,419,20250701,7791
20250701,医疗,气胸病是什么原因引起的,419,20250701,7792
20250701,医疗,蔓荆子的功效与作用,419,20250701,7793
20250701,医疗,牛脾肽的作用与功效,419,20250701,7794
20250701,医疗,缺钾的人是什么原因造成的,419,20250701,7795
20250701,医疗,eb病毒,419,20250701,7796
20250701,医疗,谷草转氨酶,419,20250701,7797
20250701,医疗,阿斯伯格综合征症是什么,419,20250701,7798
20250701,医疗,itp什么病的简称,419,20250701,7799
20250701,医疗,孕酮片的作用和功效,419,20250701,7800
20250701,医疗,支气管炎的症状表现在哪些方面,419,20250701,7801
20250701,医疗,芦荟汁直接涂脸上有什么功效,418,20250701,7802
20250701,医疗,炙黄芪的功效与作用,418,20250701,7803
20250701,医疗,慢性胰腺炎有哪些症状,418,20250701,7804
20250701,医疗,vte风险代表什么,418,20250701,7805
20250701,医疗,无花果叶痔疮的最佳治疗方法,418,20250701,7806
20250701,医疗,fsh是什么激素,418,20250701,7807
20250701,医疗,胆结石吃什么药能化掉胆结石,418,20250701,7808
20250701,医疗,振东制药,418,20250701,7809
20250701,医疗,糖尿病是什么原因引起的,418,20250701,7810
20250701,医疗,尿胆原,418,20250701,7811
20250701,医疗,腿肿是什么原因 女性怎么办,418,20250701,7812
20250701,医疗,风热感冒,418,20250701,7813
20250701,医疗,碳酸氢钠片,418,20250701,7814
20250701,医疗,心脏图片结构图,418,20250701,7815
20250701,医疗,麦片的功效与作用,418,20250701,7816
20250701,医疗,桦树汁的功效和副作用,418,20250701,7817
20250701,医疗,黄酮对人体的功效作用,418,20250701,7818
20250701,医疗,他达拉非和西地那非的区别,418,20250701,7819
20250701,医疗,胆固醇高有什么症状表现,418,20250701,7820
20250701,医疗,十滴水的功效与作用,418,20250701,7821
20250701,医疗,归芍地黄丸,418,20250701,7822
20250701,医疗,脚麻是哪里出问题了,417,20250701,7823
20250701,医疗,aed是什么意思,417,20250701,7824
20250701,医疗,破伤风多少小时内打有效,417,20250701,7825
20250701,医疗,加湿器的作用及好处与坏处,417,20250701,7826
20250701,医疗,葶苈子的功效与作用,417,20250701,7827
20250701,医疗,澳洋健康,417,20250701,7828
20250701,医疗,龙牡壮骨颗粒作用与功效,417,20250701,7829
20250701,医疗,五联疫苗包括哪些,417,20250701,7830
20250701,医疗,更昔洛韦的功能主治及用法用量,417,20250701,7831
20250701,医疗,脸色暗沉发黄是身体哪里出现了问题,417,20250701,7832
20250701,医疗,聊城市人民医院,417,20250701,7833
20250701,医疗,甲状腺肿大,417,20250701,7834
20250701,医疗,黄连上清丸,417,20250701,7835
20250701,医疗,髋关节是哪个部位,417,20250701,7836
20250701,医疗,脚心疼是怎么回事儿呢?什么病?,417,20250701,7837
20250701,医疗,手抖的原因手颤抖是怎么引起的,417,20250701,7838
20250701,医疗,经常放屁是什么原因,417,20250701,7839
20250701,医疗,血燥是什么原因引起的怎么调理,417,20250701,7840
20250701,医疗,妇炎洁的功效和作用怎么使用,417,20250701,7841
20250701,医疗,hr医学上什么意思,417,20250701,7842
20250701,医疗,茶籽油的功效与作用,417,20250701,7843
20250701,医疗,克霉唑栓,417,20250701,7844
20250701,医疗,hbv是什么病毒?,417,20250701,7845
20250701,医疗,七叶皂苷钠的功效与作用,416,20250701,7846
20250701,医疗,二尖瓣反流是怎么回事,416,20250701,7847
20250701,医疗,清胃黄连丸的功效与作用,416,20250701,7848
20250701,医疗,皮炎平,416,20250701,7849
20250701,医疗,萎缩性胃炎的症状表现有哪些,416,20250701,7850
20250701,医疗,肚子老是胀气是什么原因,416,20250701,7851
20250701,医疗,桑叶双瓜茶功效与作用,416,20250701,7852
20250701,医疗,膝关节积液水肿怎么治疗最快最好的办法,416,20250701,7853
20250701,医疗,复合维生素b片的作用及功能主治,416,20250701,7854
20250701,医疗,口腔溃疡怎么办最快最有效的方法,416,20250701,7855
20250701,医疗,铁观音的功效与作用,416,20250701,7856
20250701,医疗,阳虚的症状有哪些表现,416,20250701,7857
20250701,医疗,四君子合剂功效与作用,416,20250701,7858
20250701,医疗,牛磺酸,416,20250701,7859
20250701,医疗,乙肝疫苗三针间隔时间,416,20250701,7860
20250701,医疗,沙门氏菌,416,20250701,7861
20250701,医疗,发芽的山药还能吃吗,416,20250701,7862
20250701,医疗,下体瘙痒是什么原因导致的,416,20250701,7863
20250701,医疗,高锰酸钾的作用与功效,416,20250701,7864
20250701,医疗,大姨妈一直不干净是怎么回事,416,20250701,7865
20250701,医疗,苗三清苗通胶囊可以降血压吗?,416,20250701,7866
20250701,医疗,脚跟疼是怎么回事什么原因,416,20250701,7867
20250701,医疗,"白塞病是什么病,有什么症状",415,20250701,7868
20250701,医疗,低密度脂蛋白,415,20250701,7869
20250701,医疗,湿气重怎么排湿最有效,415,20250701,7870
20250701,医疗,劳宫穴,415,20250701,7871
20250701,医疗,喝苏打水有什么好处和坏处,415,20250701,7872
20250701,医疗,小米南瓜粥的功效与作用,415,20250701,7873
20250701,医疗,宫腔粘连怎么办最好的治疗方法,415,20250701,7874
20250701,医疗,ki67是什么指标,415,20250701,7875
20250701,医疗,树莓的功效与作用,415,20250701,7876
20250701,医疗,三甲医院,415,20250701,7877
20250701,医疗,抑郁症是什么原因造成的,415,20250701,7878
20250701,医疗,烫伤的水泡是挑破还是不挑破好,415,20250701,7879
20250701,医疗,东阿阿胶,415,20250701,7880
20250701,医疗,扁桃体结石怎么快速排出来,415,20250701,7881
20250701,医疗,弱视,415,20250701,7882
20250701,医疗,肾炎的症状是什么,415,20250701,7883
20250701,医疗,庆大霉素普鲁卡因维b12颗粒的功效,415,20250701,7884
20250701,医疗,减肥操,415,20250701,7885
20250701,医疗,糠酸莫米松鼻喷雾剂的作用和功效,414,20250701,7886
20250701,医疗,胃溃疡严重吗 后果是什么,414,20250701,7887
20250701,医疗,肺癌早期症状表现,414,20250701,7888
20250701,医疗,甲减不能吃什么东西食物,414,20250701,7889
20250701,医疗,止咳化痰吃什么药好得快效果最好,414,20250701,7890
20250701,医疗,防风通圣丸的功效与主治,414,20250701,7891
20250701,医疗,异烟肼,414,20250701,7892
20250701,医疗,蓝莓的功效与作用,414,20250701,7893
20250701,医疗,创新药,414,20250701,7894
20250701,医疗,六味地黄丸吃多长时间合适,414,20250701,7895
20250701,医疗,血府逐瘀丸的功效与作用,414,20250701,7896
20250701,医疗,鸡肉的功效与作用,414,20250701,7897
20250701,医疗,桃子吃多了有什么坏处和好处,414,20250701,7898
20250701,医疗,苯磺酸氨氯地平片的功效与副作用,414,20250701,7899
20250701,医疗,防己的功效与作用,414,20250701,7900
20250701,医疗,腿没劲走路发软感觉很累怎么回事,414,20250701,7901
20250701,医疗,血栓通胶囊的功效和作用主治,414,20250701,7902
20250701,医疗,"排卵期液体特别多像水流出来,说明输卵管通畅吗?",414,20250701,7903
20250701,医疗,乌梅的作用与功效,414,20250701,7904
20250701,医疗,吃南瓜的好处和功效与作用,414,20250701,7905
20250701,医疗,人绒毛膜促性腺激素多少正常,413,20250701,7906
20250701,医疗,后背长痘痘怎么回事,413,20250701,7907
20250701,医疗,中暑会发烧吗,413,20250701,7908
20250701,医疗,盗汗,413,20250701,7909
20250701,医疗,热淋清颗粒的功效与作用尿路感染,413,20250701,7910
20250701,医疗,穿心莲,413,20250701,7911
20250701,医疗,湿热体质的症状有哪些表现,413,20250701,7912
20250701,医疗,产检流程和时间表,413,20250701,7913
20250701,医疗,血糖高可以吃荔枝吗,413,20250701,7914
20250701,医疗,黑眼圈眼袋是身体哪里出问题了,413,20250701,7915
20250701,医疗,英科医疗,413,20250701,7916
20250701,医疗,管状腺瘤是什么病严重吗,413,20250701,7917
20250701,医疗,花旗参的作用与功效,413,20250701,7918
20250701,医疗,补气血喝什么泡水,413,20250701,7919
20250701,医疗,牛肉是发物吗,413,20250701,7920
20250701,医疗,艾司唑仑,413,20250701,7921
20250701,医疗,艾叶煮水喝的功效,413,20250701,7922
20250701,医疗,甲减的最简单的恢复方法,413,20250701,7923
20250701,医疗,苦菜的作用与功效,413,20250701,7924
20250701,医疗,布洛芬颗粒,413,20250701,7925
20250701,医疗,凝血酶原时间,413,20250701,7926
20250701,医疗,西瓜是凉性的还是热性的,413,20250701,7927
20250701,医疗,覆盆子的作用与功效,413,20250701,7928
20250701,医疗,乳腺增生怎么调理消除,413,20250701,7929
20250701,医疗,孕吐是什么时候开始有的,413,20250701,7930
20250701,医疗,富马酸比索洛尔片,413,20250701,7931
20250701,医疗,唐都医院,413,20250701,7932
20250701,医疗,慢性咽喉炎怎么治才能彻底除根,413,20250701,7933
20250701,医疗,荔枝煲鸡汤的功效与作用,413,20250701,7934
20250701,医疗,酒石酸伐尼克兰片,412,20250701,7935
20250701,医疗,女贞子,412,20250701,7936
20250701,医疗,胸椎疼后背疼是怎么回事,412,20250701,7937
20250701,医疗,抑郁症可以自己自愈吗,412,20250701,7938
20250701,医疗,肾宝片的功能主治是什么,412,20250701,7939
20250701,医疗,腺样体,412,20250701,7940
20250701,医疗,尿蛋白阳性是什么意思,412,20250701,7941
20250701,医疗,藿香正气水泡脚,412,20250701,7942
20250701,医疗,山梨酸钾的作用和危害,412,20250701,7943
20250701,医疗,何首乌的样子图片,412,20250701,7944
20250701,医疗,着床有什么感觉和症状,412,20250701,7945
20250701,医疗,阿昔洛韦片,412,20250701,7946
20250701,医疗,荔枝酒的功效与作用,412,20250701,7947
20250701,医疗,肱骨在哪个位置图片,412,20250701,7948
20250701,医疗,太阳穴,412,20250701,7949
20250701,医疗,辅酶q10的作用和主治功能,412,20250701,7950
20250701,医疗,毛囊炎图片,412,20250701,7951
20250701,医疗,络活喜的功效与副作用,412,20250701,7952
20250701,医疗,荆防颗粒,412,20250701,7953
20250701,医疗,朱砂的作用和效果,412,20250701,7954
20250701,医疗,心率低是什么原因造成的,412,20250701,7955
20250701,医疗,舌头疼是什么原因引起的,412,20250701,7956
20250701,医疗,上皮细胞,411,20250701,7957
20250701,医疗,黑棘皮,411,20250701,7958
20250701,医疗,孕晚期自慰引起宫缩对宝宝有影响么,411,20250701,7959
20250701,医疗,艾灸肚子能达到减肚子的效果吗,411,20250701,7960
20250701,医疗,银耳百合莲子羹的功效作用,411,20250701,7961
20250701,医疗,餐后血糖多少正常,411,20250701,7962
20250701,医疗,生地黄,411,20250701,7963
20250701,医疗,荨麻疹传染吗会传染给别人吗,411,20250701,7964
20250701,医疗,生花生的作用与功效,411,20250701,7965
20250701,医疗,验孕棒两条杠一深一浅,411,20250701,7966
20250701,医疗,通风脚痛怎么缓解,411,20250701,7967
20250701,医疗,佛手瓜的营养与功效作用,411,20250701,7968
20250701,医疗,带状疱疹传染别人吗,411,20250701,7969
20250701,医疗,四神丸的功效与作用,411,20250701,7970
20250701,医疗,阿莫罗芬搽剂,411,20250701,7971
20250701,医疗,消化酶片的功效与作用,411,20250701,7972
20250701,医疗,地氯雷他定干混悬剂,411,20250701,7973
20250701,医疗,内科门诊是看什么病的,411,20250701,7974
20250701,医疗,通化东宝,411,20250701,7975
20250701,医疗,肠胃炎吃些什么食物比较好,411,20250701,7976
20250701,医疗,血压低,411,20250701,7977
20250701,医疗,细菌性阴道病是怎么引起的,411,20250701,7978
20250701,医疗,西咪替丁,411,20250701,7979
20250701,医疗,期门准确位置图,411,20250701,7980
20250701,医疗,手淫频繁会导致什么,410,20250701,7981
20250701,医疗,安神补心丸的功效与作用,410,20250701,7982
20250701,医疗,委中的准确位置图,410,20250701,7983
20250701,医疗,普外科主要看些什么病,410,20250701,7984
20250701,医疗,嘴唇上起水泡是怎么回事,410,20250701,7985
20250701,医疗,皮肤红色斑疹,410,20250701,7986
20250701,医疗,哈西奈德溶液治疗什么皮肤病,410,20250701,7987
20250701,医疗,瞿麦的作用与功效,410,20250701,7988
20250701,医疗,奶蓟草的功效与作用,410,20250701,7989
20250701,医疗,铝碳酸镁咀嚼片饭前吃还是饭后吃,410,20250701,7990
20250701,医疗,胰岛素有几种类型,410,20250701,7991
20250701,医疗,没精打采,410,20250701,7992
20250701,医疗,37.7度算发烧吗,410,20250701,7993
20250701,医疗,热伤风,410,20250701,7994
20250701,医疗,党参的主要功效是什么作用,410,20250701,7995
20250701,医疗,血氧低是什么原因造成的,410,20250701,7996
20250701,医疗,头痛怎么办最快恢复方法,410,20250701,7997
20250701,医疗,谷氨酰基转移酶高是什么原因,410,20250701,7998
20250701,医疗,梨状肌综合征有哪些症状表现,410,20250701,7999
20250701,医疗,青光眼是什么原因造成的眼病,410,20250701,8000
20250701,医疗,钼靶,410,20250701,8001
20250701,医疗,头孢是消炎药吗,410,20250701,8002
20250701,医疗,枸杞原浆对男性的性功能有帮助吗,410,20250701,8003
20250701,医疗,维生素d2软胶囊的作用及功能,410,20250701,8004
20250701,医疗,流感症状主要表现有哪些,410,20250701,8005
20250701,医疗,心率多少算正常范围,410,20250701,8006
20250701,医疗,荔枝的功效,410,20250701,8007
20250701,医疗,桥本甲状腺炎,410,20250701,8008
20250701,医疗,褪黑素片能治失眠吗有副作用吗,410,20250701,8009
20250701,医疗,冠状沟,410,20250701,8010
20250701,医疗,肌肉拉伤怎么治疗才能快速恢复,410,20250701,8011
20250701,医疗,望闻问切指的是什么,410,20250701,8012
20250701,医疗,乙肝疫苗,409,20250701,8013
20250701,医疗,毕业季健康指南,409,20250701,8014
20250701,医疗,肝功能转氨酶高是怎么回事,409,20250701,8015
20250701,医疗,食母生片的作用与功效,409,20250701,8016
20250701,医疗,"手心发热,心里老是烦躁怎么回事",409,20250701,8017
20250701,医疗,过氧化氢阳性是什么意思,409,20250701,8018
20250701,医疗,梨状肌综合征,409,20250701,8019
20250701,医疗,忧郁症的表现症状有哪些,409,20250701,8020
20250701,医疗,腿膝盖疼是什么原因,409,20250701,8021
20250701,医疗,威灵仙,409,20250701,8022
20250701,医疗,三级医院和三甲医院区别,409,20250701,8023
20250701,医疗,"水肿是什么原因引起的,怎么治疗",409,20250701,8024
20250701,医疗,细菌,409,20250701,8025
20250701,医疗,管状腺瘤,409,20250701,8026
20250701,医疗,麦角硫因,409,20250701,8027
20250701,医疗,"喉咙发炎肿痛怎么办,吞咽疼痛",409,20250701,8028
20250701,医疗,dha哪个牌子含量最高 最好,409,20250701,8029
20250701,医疗,苦瓜功效与作用,409,20250701,8030
20250701,医疗,天南星的功效与作用,409,20250701,8031
20250701,医疗,海石花的功效与作用,409,20250701,8032
20250701,医疗,糜烂病,409,20250701,8033
20250701,医疗,性激素六项什么时候查最准确,408,20250701,8034
20250701,医疗,心脏造影,408,20250701,8035
20250701,医疗,强迫症的表现有哪些,408,20250701,8036
20250701,医疗,嘌呤物高的食品都有哪些,408,20250701,8037
20250701,医疗,脚底痒是什么原因.越抓越痒,408,20250701,8038
20250701,医疗,螺内酯,408,20250701,8039
20250701,医疗,抑郁,408,20250701,8040
20250701,医疗,马齿菜的功效与主治作用,408,20250701,8041
20250701,医疗,卵巢癌,408,20250701,8042
20250701,医疗,月经推迟几天能测出来怀孕,408,20250701,8043
20250701,医疗,风湿,408,20250701,8044
20250701,医疗,肾在人体哪个位置图片,408,20250701,8045
20250701,医疗,维u颠茄铝胶囊的功效与作用,408,20250701,8046
20250701,医疗,康复新液作用与功效,408,20250701,8047
20250701,医疗,炒僵蚕的功效与作用,408,20250701,8048
20250701,医疗,血府逐瘀汤组成配方,408,20250701,8049
20250701,医疗,麻仁丸的功效与作用,408,20250701,8050
20250701,医疗,糖尿病的早期症状有哪些,408,20250701,8051
20250701,医疗,被马蜂蛰了怎么处理,408,20250701,8052
20250701,医疗,小肚子疼是什么原因女性,408,20250701,8053
20250701,医疗,脑供血不足,408,20250701,8054
20250701,医疗,腰间盘突出压迫屁股疼腿疼怎么治,408,20250701,8055
20250701,医疗,甲状腺功能检查做什么项目,408,20250701,8056
20250701,医疗,乙肝表面抗原,408,20250701,8057
20250701,医疗,11岁女孩来月经了正常吗,408,20250701,8058
20250701,医疗,姜黄粉的功效与作用及食用方法,408,20250701,8059
20250701,医疗,香蕉是温性的还是寒性的,408,20250701,8060
20250701,医疗,蛇舌草的作用和功能主治,408,20250701,8061
20250701,医疗,牙龈肿痛怎么快速消炎,407,20250701,8062
20250701,医疗,枸橼酸西地那非片的功效,407,20250701,8063
20250701,医疗,莓茶有什么功效和作用,407,20250701,8064
20250701,医疗,黄芪精,407,20250701,8065
20250701,医疗,复旦大学附属中山医院,407,20250701,8066
20250701,医疗,双歧杆菌三联活菌肠溶胶囊,407,20250701,8067
20250701,医疗,劳拉西泮片是安眠还是焦虑药,407,20250701,8068
20250701,医疗,手足口病一般几天痊愈,407,20250701,8069
20250701,医疗,黄水晶的功效与作用寓意,407,20250701,8070
20250701,医疗,药流的药哪里能买到,407,20250701,8071
20250701,医疗,乳头旁边长了小肉粒是怎么回事啊,407,20250701,8072
20250701,医疗,松龄血脉康胶囊的功效与作用,407,20250701,8073
20250701,医疗,起痱子用什么消除最快,407,20250701,8074
20250701,医疗,盗汗是什么原因造成的,407,20250701,8075
20250701,医疗,蝉蜕多少钱一斤,407,20250701,8076
20250701,医疗,什么是石女,407,20250701,8077
20250701,医疗,女性白色分泌物增多是什么原因,407,20250701,8078
20250701,医疗,金水宝片的功效与作用,406,20250701,8079
20250701,医疗,冠状动脉粥样硬化性心脏病,406,20250701,8080
20250701,医疗,中性粒细胞,406,20250701,8081
20250701,医疗,口香糖不小心咽下去怎么办,406,20250701,8082
20250701,医疗,复方血栓通胶囊的功效与作用,406,20250701,8083
20250701,医疗,独活,406,20250701,8084
20250701,医疗,替普瑞酮胶囊,406,20250701,8085
20250701,医疗,皮质醇是什么意思,406,20250701,8086
20250701,医疗,衣原体感染是什么意思,406,20250701,8087
20250701,医疗,精神分裂,406,20250701,8088
20250701,医疗,nt值多少为正常范围,406,20250701,8089
20250701,医疗,菲牛蛭冻干的功效与主治,406,20250701,8090
20250701,医疗,高钾血症的症状及表现,406,20250701,8091
20250701,医疗,复方甘草片的功效与主治,406,20250701,8092
20250701,医疗,坦索罗辛的作用与功效,406,20250701,8093
20250701,医疗,瑞格列奈的作用和功效,406,20250701,8094
20250701,医疗,六君子丸的作用与功效,406,20250701,8095
20250701,医疗,头晕目眩是什么病的征兆,406,20250701,8096
20250701,医疗,香砂六君丸的组成配方,406,20250701,8097
20250701,医疗,右肩胛骨后背疼是怎么回事,406,20250701,8098
20250701,医疗,来月经能洗澡吗,406,20250701,8099
20250701,医疗,金匮肾气丸的作用和功能主治,406,20250701,8100
20250701,医疗,mr检查是什么意思,406,20250701,8101
20250701,医疗,37.5度是低烧还是正常,406,20250701,8102
20250701,医疗,全身无力没精神感觉好累是什么原因,406,20250701,8103
20250701,医疗,铁棍山药的功效和作用,406,20250701,8104
20250701,医疗,巴氯芬片的功效和作用说明,406,20250701,8105
20250701,医疗,阿利沙坦酯片的作用功效,406,20250701,8106
20250701,医疗,氨甲环酸的作用和效果,406,20250701,8107
20250701,医疗,空腹可以喝牛奶吗,406,20250701,8108
20250701,医疗,生地,406,20250701,8109
20250701,医疗,白头发怎么越来越多是什么原因,406,20250701,8110
20250701,医疗,胎动几个月开始,406,20250701,8111
20250701,医疗,氯化钾缓释片治什么病,406,20250701,8112
20250701,医疗,拉屎出血但是不疼血是鲜红色是为什么,405,20250701,8113
20250701,医疗,喝啤酒能减肥吗,405,20250701,8114
20250701,医疗,甲状腺乳头状癌是什么意思,405,20250701,8115
20250701,医疗,塞来昔布是止疼还是消炎,405,20250701,8116
20250701,医疗,易明医药,405,20250701,8117
20250701,医疗,岔气最简单的解决方法,405,20250701,8118
20250701,医疗,霍香的功效与主治,405,20250701,8119
20250701,医疗,室性早搏,405,20250701,8120
20250701,医疗,小腿静脉曲张的最快消除方法,405,20250701,8121
20250701,医疗,避孕针一针能管多久,405,20250701,8122
20250701,医疗,卡托普利片的功效和作用,405,20250701,8123
20250701,医疗,双向情感障碍的症状,405,20250701,8124
20250701,医疗,宫颈息肉是不是一定要割掉,405,20250701,8125
20250701,医疗,乳腺癌能治好吗,405,20250701,8126
20250701,医疗,子宫内膜息肉怎么治疗最好呢,405,20250701,8127
20250701,医疗,尿不干净有余尿是什么原因,405,20250701,8128
20250701,医疗,利维坦图片,405,20250701,8129
20250701,医疗,早上起来头眩晕是怎么回事,405,20250701,8130
20250701,医疗,huluwa葫芦里面不卖药千片万片你需要,405,20250701,8131
20250701,医疗,体温计夹在腋下几分钟,405,20250701,8132
20250701,医疗,小孩发烧怎么办最快最有效的方法,405,20250701,8133
20250701,医疗,盐酸氟桂利嗪胶囊一天吃几次,405,20250701,8134
20250701,医疗,蹲下去站起来头晕眼黑是怎么回事,405,20250701,8135
20250701,医疗,头痛一阵一阵的跳着痛什么原因,405,20250701,8136
20250701,医疗,小建中颗粒的功效与作用,404,20250701,8137
20250701,医疗,冠脉CTA,404,20250701,8138
20250701,医疗,梅毒图片,404,20250701,8139
20250701,医疗,牙周炎的症状表现,404,20250701,8140
20250701,医疗,抽血化验怀孕的结果怎么看,404,20250701,8141
20250701,医疗,耻骨是哪个部位,404,20250701,8142
20250701,医疗,刮痧的作用与功效,404,20250701,8143
20250701,医疗,易坦静氨溴特罗口服溶液的功效,404,20250701,8144
20250701,医疗,平均红细胞体积偏低,404,20250701,8145
20250701,医疗,雄黄的功效与作用,404,20250701,8146
20250701,医疗,黄体破裂的症状有哪些,404,20250701,8147
20250701,医疗,芍药的作用和功效,404,20250701,8148
20250701,医疗,上环需要多少钱费用,404,20250701,8149
20250701,医疗,多烯磷脂酰胆碱胶囊的作用和功效是什么,404,20250701,8150
20250701,医疗,不吃早餐有哪些危害,404,20250701,8151
20250701,医疗,放屁很臭是什么原因引起,404,20250701,8152
20250701,医疗,滑膜炎的症状有哪些,404,20250701,8153
20250701,医疗,otc,404,20250701,8154
20250701,医疗,双唑泰栓治什么妇科病,404,20250701,8155
20250701,医疗,肌张力高有什么症状表现,404,20250701,8156
20250701,医疗,牛黄解毒片功效和作用,403,20250701,8157
20250701,医疗,头晕乏力四肢无力没精神什么原因,403,20250701,8158
20250701,医疗,米非司酮,403,20250701,8159
20250701,医疗,psa检查是什么意思,403,20250701,8160
20250701,医疗,苯佐卡因,403,20250701,8161
20250701,医疗,白桦树汁为何不建议喝,403,20250701,8162
20250701,医疗,接吻会传播艾滋和梅毒吗,403,20250701,8163
20250701,医疗,黄鼻涕是什么类型的感冒,403,20250701,8164
20250701,医疗,热射病的症状及表现,403,20250701,8165
20250701,医疗,萎缩性胃炎的症状,403,20250701,8166
20250701,医疗,盐酸阿莫罗芬搽剂,403,20250701,8167
20250701,医疗,建档需要准备什么资料,403,20250701,8168
20250701,医疗,"艾灸能除湿气,寒气吗?",403,20250701,8169
20250701,医疗,葱的功效与作用,403,20250701,8170
20250701,医疗,巧克力囊肿的危害大吗,403,20250701,8171
20250701,医疗,心脑血管疾病有哪些症状,403,20250701,8172
20250701,医疗,cpr黄金救援时间,403,20250701,8173
20250701,医疗,合欢皮,403,20250701,8174
20250701,医疗,肝阳上亢的表现症状,403,20250701,8175
20250701,医疗,刺五加片的功效与作用主要治什么病,402,20250701,8176
20250701,医疗,脑心通胶囊,402,20250701,8177
20250701,医疗,精神分裂症的表现,402,20250701,8178
20250701,医疗,刺五加功效作用与主治功能,402,20250701,8179
20250701,医疗,脂肪,402,20250701,8180
20250701,医疗,乳头疼是怎么回事一碰就疼怎么办,402,20250701,8181
20250701,医疗,安赛蜜对人体的危害,402,20250701,8182
20250701,医疗,头晕想吐是怎么回事,402,20250701,8183
20250701,医疗,跖疣怎么治疗才能彻底根除掉,402,20250701,8184
20250701,医疗,曲克芦丁片的功效和作用,402,20250701,8185
20250701,医疗,肺活量正常范围是多少,402,20250701,8186
20250701,医疗,吃鹅蛋有什么好处和功效,402,20250701,8187
20250701,医疗,"窦性心律不齐是什么意思,有危险吗?",402,20250701,8188
20250701,医疗,肾结石吃什么好排石效果最好,402,20250701,8189
20250701,医疗,亚太药业,402,20250701,8190
20250701,医疗,肌酸激酶同工酶偏高的原因和危害,402,20250701,8191
20250701,医疗,晒背多长时间可以补充阳气,402,20250701,8192
20250701,医疗,玉米减肥还是增肥,402,20250701,8193
20250701,医疗,血小板压积,402,20250701,8194
20250701,医疗,菊花茶和什么搭配着喝效果最好,402,20250701,8195
20250701,医疗,半月板损伤怎么治疗能恢复正常吗,402,20250701,8196
20250701,医疗,"老人老是出现幻觉,胡言乱语",402,20250701,8197
20250701,医疗,妇炎洁,402,20250701,8198
20250701,医疗,蜂蜜的功效与主治功能,402,20250701,8199
20250701,医疗,脚脱皮是什么原因引起的怎么解决,402,20250701,8200
20250701,医疗,茉莉花茶的作用与功效,402,20250701,8201
20250701,医疗,晨跑吃早餐跑还是空腹跑?,402,20250701,8202
20250701,医疗,何首乌的功效与作用,402,20250701,8203
20250701,医疗,甘油果糖氯化钠的功效与作用,402,20250701,8204
20250701,医疗,一吃饭就满头大汗是什么原因引起的男性,402,20250701,8205
20250701,医疗,血压偏低的症状和危害,402,20250701,8206
20250701,医疗,耳朵里面疼怎么回事儿,402,20250701,8207
20250701,医疗,曲安奈德的作用与功效,402,20250701,8208
20250701,医疗,仙居片的成分和功效,402,20250701,8209
20250701,医疗,菖蒲的功效与作用,402,20250701,8210
20250701,医疗,蓝靛果的功效与作用,402,20250701,8211
20250701,医疗,脂肪乳输液的功效与作用,402,20250701,8212
20250701,医疗,广生堂,402,20250701,8213
20250701,医疗,慢性胃炎怎么治疗才能彻底治好,402,20250701,8214
20250701,医疗,吃葡萄有什么功效和作用,401,20250701,8215
20250701,医疗,白术的功效作用与主治,401,20250701,8216
20250701,医疗,头孢呋辛钠,401,20250701,8217
20250701,医疗,丹参片的功效与作用,401,20250701,8218
20250701,医疗,胃胀是什么原因引起的怎么解决,401,20250701,8219
20250701,医疗,太极集团,401,20250701,8220
20250701,医疗,多动症,401,20250701,8221
20250701,医疗,阴囊骚痒是什么原因,401,20250701,8222
20250701,医疗,太阳穴疼,401,20250701,8223
20250701,医疗,卡介苗,401,20250701,8224
20250701,医疗,吃生花生米的好处和坏处,401,20250701,8225
20250701,医疗,酚氨咖敏片的功效作用,401,20250701,8226
20250701,医疗,抗链球菌溶血素o高是什么原因,401,20250701,8227
20250701,医疗,白细胞计数偏高是什么原因,401,20250701,8228
20250701,医疗,止痒药膏排名第一名,401,20250701,8229
20250701,医疗,王氏保赤丸的作用与功效,401,20250701,8230
20250701,医疗,云南白药粉对溃烂伤口愈合有用吗,401,20250701,8231
20250701,医疗,腿上有紫色血丝是怎么回事,401,20250701,8232
20250701,医疗,紫苏梗的主要功效和作用,401,20250701,8233
20250701,医疗,玉米油的好处和坏处是什么,401,20250701,8234
20250701,医疗,盐酸乙哌立松片,401,20250701,8235
20250701,医疗,心慌心跳加速焦虑不安怎么回事,401,20250701,8236
20250701,医疗,胸腺肽的作用与功效,401,20250701,8237
20250701,医疗,掉发严重是什么原因,400,20250701,8238
20250701,医疗,肛周脓肿图片,400,20250701,8239
20250701,医疗,桥本氏甲状腺炎什么意思,400,20250701,8240
20250701,医疗,地奥心血康胶囊的功效与作用,400,20250701,8241
20250701,医疗,被小狗牙齿划伤一点皮出血有事吗,400,20250701,8242
20250701,医疗,容易出汗是怎么回事男性,400,20250701,8243
20250701,医疗,二聚体高是什么原因,400,20250701,8244
20250701,医疗,"主动脉硬化是怎么回事,严重吗",400,20250701,8245
20250701,医疗,格列齐特缓释片的功效与作用,400,20250701,8246
20250701,医疗,同型半胱氨酸检查什么,400,20250701,8247
20250701,医疗,降钙素测定是检查什么,400,20250701,8248
20250701,医疗,美宝湿润烧伤膏,400,20250701,8249
20250701,医疗,五脏六腑是什么器官,400,20250701,8250
20250701,医疗,自闭症儿童什么原因引起的,400,20250701,8251
20250701,医疗,钙尔奇碳酸钙d3片的作用与功效,400,20250701,8252
20250701,医疗,医院几点上班时间表,400,20250701,8253
20250701,医疗,西黄丸的功效与作用主治,400,20250701,8254
20250701,医疗,疣用什么药膏可以治好,399,20250701,8255
20250701,医疗,玻璃酸钠治疗膝关节效果好吗,399,20250701,8256
20250701,医疗,心脏搭桥的人一般还能活多久,399,20250701,8257
20250701,医疗,谷丙/谷草偏高是什么意思,399,20250701,8258
20250701,医疗,利伐沙班片,399,20250701,8259
20250701,医疗,瓜蒌,399,20250701,8260
20250701,医疗,红细胞计数偏低是怎么回事,399,20250701,8261
20250701,医疗,恩格列净,399,20250701,8262
20250701,医疗,仁丹丸的功效与作用,399,20250701,8263
20250701,医疗,黄帝内经中讲多少岁肾气焦,399,20250701,8264
20250701,医疗,肺炎吃什么消炎药效果好,399,20250701,8265
20250701,医疗,腰疼连着屁股和腿都疼怎么回事,399,20250701,8266
20250701,医疗,利可君片的作用与功效,399,20250701,8267
20250701,医疗,新华医院,399,20250701,8268
20250701,医疗,番茄的功效与营养价值,399,20250701,8269
20250701,医疗,奥美拉唑的功效,399,20250701,8270
20250701,医疗,中焦不通的症状与表现,399,20250701,8271
20250701,医疗,宫颈囊肿需要治疗吗,399,20250701,8272
20250701,医疗,舒肝和胃丸,399,20250701,8273
20250701,医疗,硫酸亚铁的作用和用途,399,20250701,8274
20250701,医疗,乌鸡白凤丸是经前吃还是经后吃,399,20250701,8275
20250701,医疗,来氟米特片的功效与作用,399,20250701,8276
20250701,医疗,心率快是什么原因,399,20250701,8277
20250701,医疗,温胃舒颗粒的功效与作用,399,20250701,8278
20250701,医疗,红桃k的功效与作用,399,20250701,8279
20250701,医疗,急性肠胃炎一般几天才能恢复正常,399,20250701,8280
20250701,医疗,宫腔镜手术需要休息几天,399,20250701,8281
20250701,医疗,维生素C,399,20250701,8282
20250701,医疗,小月子流产休息多少天可以出去,399,20250701,8283
20250701,医疗,hiv感染初期症状,399,20250701,8284
20250701,医疗,心脏造影大约多少钱,398,20250701,8285
20250701,医疗,煅瓦楞子的功效与作用,398,20250701,8286
20250701,医疗,麦芽糖的作用与功效,398,20250701,8287
20250701,医疗,乙肝能治愈吗,398,20250701,8288
20250701,医疗,脾胃虚弱吃什么调理效果最好,398,20250701,8289
20250701,医疗,平均血红蛋白浓度偏高是怎么回事,398,20250701,8290
20250701,医疗,vte医学上指什么,398,20250701,8291
20250701,医疗,强的松,398,20250701,8292
20250701,医疗,嗜睡是什么原因造成的,398,20250701,8293
20250701,医疗,淡豆豉的功效与作用,398,20250701,8294
20250701,医疗,阴道持续少量流血,398,20250701,8295
20250701,医疗,盐酸阿扑吗非舌下片的功效和副作用,398,20250701,8296
20250701,医疗,尿毒症是怎么引起的,398,20250701,8297
20250701,医疗,尿黄色的是什么原因,398,20250701,8298
20250701,医疗,着床出血一般是第几天,398,20250701,8299
20250701,医疗,制何首乌的功效和作用,398,20250701,8300
20250701,医疗,苯佐卡因的作用与功效与危害,398,20250701,8301
20250701,医疗,西红柿的功效与作用,398,20250701,8302
20250701,医疗,紫苏的功效,398,20250701,8303
20250701,医疗,前列康的功效和作用,398,20250701,8304
20250701,医疗,牛皮癣怎么治疗最好最快最有效,397,20250701,8305
20250701,医疗,手足口病是什么原因引起的啊,397,20250701,8306
20250701,医疗,狂躁症有哪些症状表现,397,20250701,8307
20250701,医疗,安化黑茶的功效与作用,397,20250701,8308
20250701,医疗,睡不着觉有什么方法快速入睡,397,20250701,8309
20250701,医疗,平胃散,397,20250701,8310
20250701,医疗,茶苯海明片功效与作用,397,20250701,8311
20250701,医疗,子宫内膜增厚有什么危害吗,397,20250701,8312
20250701,医疗,乳果糖饭前吃还是饭后吃,397,20250701,8313
20250701,医疗,舌苔发白,397,20250701,8314
20250701,医疗,护理和护士一样吗,397,20250701,8315
20250701,医疗,倍他司汀片的作用及功效,397,20250701,8316
20250701,医疗,上海胸科医院,397,20250701,8317
20250701,医疗,熬中药的正确方法,397,20250701,8318
20250701,医疗,全麻对身体有什么危害,397,20250701,8319
20250701,医疗,喉咙疼吃什么药效果最好,397,20250701,8320
20250701,医疗,肠梗阻怎么治疗最好的方法,397,20250701,8321
20250701,医疗,过敏性荨麻疹怎么治疗最快除根,397,20250701,8322
20250701,医疗,川穹功效与作用主要治什么病,397,20250701,8323
20250701,医疗,乌梅干泡水喝有什么好处和坏处,397,20250701,8324
20250701,医疗,吃了避孕药后几天出血是什么原因,397,20250701,8325
20250701,医疗,咽峡炎的症状和最佳疗法,397,20250701,8326
20250701,医疗,牙痛吃什么药好的最快最有效,397,20250701,8327
20250701,医疗,子宫内膜回声不均匀是什么意思,397,20250701,8328
20250701,医疗,"西梅的功效与作用,一天吃几颗",397,20250701,8329
20250701,医疗,"容易出汗,一动就出汗是什么原因?",397,20250701,8330
20250701,医疗,网球肘用什么药治疗最好最快,397,20250701,8331
20250701,医疗,栀子的功效作用与主治,397,20250701,8332
20250701,医疗,晚上睡觉老做梦是什么原因,397,20250701,8333
20250701,医疗,妈咪爱,397,20250701,8334
20250701,医疗,吡美莫司乳膏,397,20250701,8335
20250701,医疗,鲍鱼的营养价值及功效与作用海参,397,20250701,8336
20250701,医疗,"脚后跟疼,不走不疼,一走就疼",397,20250701,8337
20250701,医疗,头上起小包是怎么回事,397,20250701,8338
20250701,医疗,女性更年期会出现哪些症状,396,20250701,8339
20250701,医疗,牙髓炎怎么治疗才能彻底根除,396,20250701,8340
20250701,医疗,曲池穴,396,20250701,8341
20250701,医疗,包皮手术最佳年龄,396,20250701,8342
20250701,医疗,赛来昔布胶囊的作用和功效,396,20250701,8343
20250701,医疗,托拉塞米的功效与作用,396,20250701,8344
20250701,医疗,低血糖的危害和严重性,396,20250701,8345
20250701,医疗,体癣图片,396,20250701,8346
20250701,医疗,"拉屎拉不出来,感觉堵在肛门怎么办",396,20250701,8347
20250701,医疗,角膜炎,396,20250701,8348
20250701,医疗,h p v是怎么感染的,396,20250701,8349
20250701,医疗,胆固醇偏高是什么意思,396,20250701,8350
20250701,医疗,擦伤用什么药好得快,396,20250701,8351
20250701,医疗,大腿根部内侧疼痛什么原因,396,20250701,8352
20250701,医疗,心口痛一阵一阵的痛什么原因,396,20250701,8353
20250701,医疗,加碘盐好还是不加碘盐好,396,20250701,8354
20250701,医疗,苦菊的功效与作用,396,20250701,8355
20250701,医疗,ect检查主要检查什么,396,20250701,8356
20250701,医疗,多格列艾汀的功能与作用,396,20250701,8357
20250701,医疗,天麻醒脑胶囊的功效作用与主治,396,20250701,8358
20250701,医疗,达泊西汀如何正确使用,396,20250701,8359
20250701,医疗,慢性支气管炎怎么治疗才能除根,396,20250701,8360
20250701,医疗,定坤丹,396,20250701,8361
20250701,医疗,浑身痒越抓越痒是怎么回事,396,20250701,8362
20250701,医疗,戒断反应是什么,396,20250701,8363
20250701,医疗,山药的功效与作用,396,20250701,8364
20250701,医疗,人流后需要休息多少天合适,396,20250701,8365
20250701,医疗,左手麻木是什么原因和征兆,395,20250701,8366
20250701,医疗,麦粒肿是什么原因引起的,395,20250701,8367
20250701,医疗,厄贝沙坦片的作用与功效,395,20250701,8368
20250701,医疗,西芹汁的功效与作用,395,20250701,8369
20250701,医疗,孟鲁司特钠片为什么要晚上吃,395,20250701,8370
20250701,医疗,荔枝的营养价值和功效,395,20250701,8371
20250701,医疗,感冒挂什么科门诊,395,20250701,8372
20250701,医疗,体脂率在线计算器,395,20250701,8373
20250701,医疗,肌肉疼痛的主要原因,395,20250701,8374
20250701,医疗,火龙果是凉性还是热性,395,20250701,8375
20250701,医疗,盐酸伐昔洛韦片的功效与作用,395,20250701,8376
20250701,医疗,安宫牛黄丸的作用功效与主治,395,20250701,8377
20250701,医疗,辟谷什么意思,395,20250701,8378
20250701,医疗,韭菜是发物吗,395,20250701,8379
20250701,医疗,荔枝吃多了会上火吗,395,20250701,8380
20250701,医疗,月经总是提前来是怎么回事,395,20250701,8381
20250701,医疗,白细胞酯酶1个加是什么意思,395,20250701,8382
20250701,医疗,宫颈癌是什么原因造成的,395,20250701,8383
20250701,医疗,放疗一个疗程是多少天,395,20250701,8384
20250701,医疗,低血糖最好的恢复方法,395,20250701,8385
20250701,医疗,发烧吃什么药好呢,395,20250701,8386
20250701,医疗,hcg,394,20250701,8387
20250701,医疗,草果,394,20250701,8388
20250701,医疗,骨折一般多久恢复正常,394,20250701,8389
20250701,医疗,妇科千金胶囊功效和作用是什么,394,20250701,8390
20250701,医疗,花斑癣,394,20250701,8391
20250701,医疗,比索洛尔,394,20250701,8392
20250701,医疗,血清铁蛋白高说明什么,394,20250701,8393
20250701,医疗,分泌物是褐色的怎么回事,394,20250701,8394
20250701,医疗,心电图T波改变,394,20250701,8395
20250701,医疗,羊水穿刺,394,20250701,8396
20250701,医疗,补铁有什么作用和功效,394,20250701,8397
20250701,医疗,替戈拉生片,394,20250701,8398
20250701,医疗,苦参的功效与作用主要治什么病,394,20250701,8399
20250701,医疗,湿气重的人怎么排湿最快的方法,394,20250701,8400
20250701,医疗,睾丸上长一个小疙瘩是怎么回事,394,20250701,8401
20250701,医疗,聚乙二醇400,394,20250701,8402
20250701,医疗,后背疼是什么原因引起的女性,394,20250701,8403
20250701,医疗,cea是什么肿瘤标志物,394,20250701,8404
20250701,医疗,眼眶痛什么原因引起的,394,20250701,8405
20250701,医疗,围绝经期是什么意思,394,20250701,8406
20250701,医疗,"子宫肌瘤是什么造成的,该怎样治疗",394,20250701,8407
20250701,医疗,出汗是排毒还是排湿,394,20250701,8408
20250701,医疗,肚脐眼流水有臭味怎么回事,394,20250701,8409
20250701,医疗,安宫牛黄丸适合什么人群吃,394,20250701,8410
20250701,医疗,霉菌反反复复怎么能彻底去除,394,20250701,8411
20250701,医疗,硫磺皂的功效与作用,393,20250701,8412
20250701,医疗,密集恐惧症图片,393,20250701,8413
20250701,医疗,西格列汀二甲双胍片,393,20250701,8414
20250701,医疗,地奈德乳膏是激素药吗,393,20250701,8415
20250701,医疗,盐酸利多卡因凝胶,393,20250701,8416
20250701,医疗,通窍鼻炎颗粒,393,20250701,8417
20250701,医疗,生殖系统器疱疹的症状和治疗方法,393,20250701,8418
20250701,医疗,脑干出血可以治愈的几率有多少,393,20250701,8419
20250701,医疗,薏米红豆祛湿正确煮法,393,20250701,8420
20250701,医疗,颈椎退行性变是怎么回事,393,20250701,8421
20250701,医疗,替勃龙片的作用和功效,393,20250701,8422
20250701,医疗,青鱼石有什么用途和功效,393,20250701,8423
20250701,医疗,双侧卵巢多囊样改变是什么意思,393,20250701,8424
20250701,医疗,脾虚吃什么食物补最好,393,20250701,8425
20250701,医疗,万通筋骨片的功效与作用,393,20250701,8426
20250701,医疗,男性生殖系统器疱疹的症状和图片,393,20250701,8427
20250701,医疗,白英的功效与作用与主治,393,20250701,8428
20250701,医疗,干细胞,393,20250701,8429
20250701,医疗,阿卡波糖片,393,20250701,8430
20250701,医疗,芒果吃了有什么好处和功效,392,20250701,8431
20250701,医疗,前列腺炎吃什么药,392,20250701,8432
20250701,医疗,调环酸钙的作用和用法,392,20250701,8433
20250701,医疗,氟西汀,392,20250701,8434
20250701,医疗,甲减有什么症状表现,392,20250701,8435
20250701,医疗,奶酪的营养价值及功效,392,20250701,8436
20250701,医疗,孕妇便秘怎么办什么方法最有效,392,20250701,8437
20250701,医疗,下面有异味是什么原因,392,20250701,8438
20250701,医疗,丙氨酸氨基转移酶偏高说明什么,392,20250701,8439
20250701,医疗,煎中药的正确方法和时间,392,20250701,8440
20250701,医疗,灯盏细辛的功效与作用,392,20250701,8441
20250701,医疗,正气水藿香正气水的用途,392,20250701,8442
20250701,医疗,蛔虫图片,392,20250701,8443
20250701,医疗,消渴丸,392,20250701,8444
20250701,医疗,百香果是热性还是凉性,392,20250701,8445
20250701,医疗,百花蛇舌草的功效,392,20250701,8446
20250701,医疗,小便有泡泡是什么症状,392,20250701,8447
20250701,医疗,金嗓子喉片的作用与功效,392,20250701,8448
20250701,医疗,卤米松乳膏的作用与功效,392,20250701,8449
20250701,医疗,下巴长痘痘是怎么回事,392,20250701,8450
20250701,医疗,补气血,392,20250701,8451
20250701,医疗,睡醒再说,392,20250701,8452
20250701,医疗,当归苦参丸的功效与作用,392,20250701,8453
20250701,医疗,蒲地蓝消炎口服液的功效与作用,392,20250701,8454
20250701,医疗,羽衣甘蓝粉有什么作用与功效,392,20250701,8455
20250701,医疗,囊肿怎么消除最好的方法,392,20250701,8456
20250701,医疗,"总放屁是什么原因,是身体上出问题了",392,20250701,8457
20250701,医疗,二妙丸,392,20250701,8458
20250701,医疗,上海长征医院,392,20250701,8459
20250701,医疗,炉甘石的功效与作用,392,20250701,8460
20250701,医疗,六味地黄丸主治什么症状,392,20250701,8461
20250701,医疗,一品红,392,20250701,8462
20250701,医疗,胃反酸反流吃什么药治疗最好,391,20250701,8463
20250701,医疗,高密度脂蛋白胆固醇偏低需要注意什么,391,20250701,8464
20250701,医疗,西乐葆,391,20250701,8465
20250701,医疗,代森锰锌的功效与作用,391,20250701,8466
20250701,医疗,石膏,391,20250701,8467
20250701,医疗,尿肌酐高是什么意思,391,20250701,8468
20250701,医疗,格华止二甲双胍正确服用方法,391,20250701,8469
20250701,医疗,孕妇可以吃芒果吗,391,20250701,8470
20250701,医疗,狂犬病的症状表现,391,20250701,8471
20250701,医疗,谷草转氨酶偏低是什么原因,391,20250701,8472
20250701,医疗,春砂仁功效作用与主治,391,20250701,8473
20250701,医疗,淋巴结肿大吃什么药消肿效果好,391,20250701,8474
20250701,医疗,男科医院,391,20250701,8475
20250701,医疗,阿胶糕的功效与作用,391,20250701,8476
20250701,医疗,非布司他片一天吃几粒,391,20250701,8477
20250701,医疗,补中益气丸的功效和作用,391,20250701,8478
20250701,医疗,"便血,血色鲜红,与粪便混合,不痛",391,20250701,8479
20250701,医疗,川贝,391,20250701,8480
20250701,医疗,做nt需要空腹吗 或者憋尿吗,391,20250701,8481
20250701,医疗,老人腿脚浮肿是什么原因怎么治疗,391,20250701,8482
20250701,医疗,尿检白细胞高是怎么回事,391,20250701,8483
20250701,医疗,甲磺酸倍他司汀的作用与功效,391,20250701,8484
20250701,医疗,隐翅虫咬人后图片,391,20250701,8485
20250701,医疗,阿莫西林的作用与功效,391,20250701,8486
20250701,医疗,少商的准确位置图,390,20250701,8487
20250701,医疗,脂肪瘤的最佳去除方法是什么,390,20250701,8488
20250701,医疗,肠镜,390,20250701,8489
20250701,医疗,新桥医院,390,20250701,8490
20250701,医疗,决明子图片,390,20250701,8491
20250701,医疗,榴莲是热性还是凉性,390,20250701,8492
20250701,医疗,牛黄天麻丸功效作用与主治,390,20250701,8493
20250701,医疗,创可贴和创口贴的区别,390,20250701,8494
20250701,医疗,紫苏的功效与作用,390,20250701,8495
20250701,医疗,骨密度正常值范围是多少,390,20250701,8496
20250701,医疗,心脾两虚的症状与表现,390,20250701,8497
20250701,医疗,脑,390,20250701,8498
20250701,医疗,甲状腺囊肿是怎么回事 需要治疗吗,390,20250701,8499
20250701,医疗,恩格列净片,390,20250701,8500
20250701,医疗,晚上不吃饭对身体有益还是有害,390,20250701,8501
20250701,医疗,宫颈糜烂有哪些症状出现?,390,20250701,8502
20250701,医疗,七叶皂苷钠,390,20250701,8503
20250701,医疗,牙髓炎的表现症状有哪些,390,20250701,8504
20250701,医疗,盐酸特比萘芬喷雾剂,390,20250701,8505
20250701,医疗,黄花菜有毒吗,390,20250701,8506
20250701,医疗,艾司奥美拉唑钠注射剂的作用,390,20250701,8507
20250701,医疗,更年期综合征有哪些症状和表现,390,20250701,8508
20250701,医疗,白血病血常规会有哪些异常,390,20250701,8509
20250701,医疗,醋酸地塞米松片,390,20250701,8510
20250701,医疗,ct多久出结果,389,20250701,8511
20250701,医疗,山河药辅,389,20250701,8512
20250701,医疗,脑络通胶囊的功效与主治,389,20250701,8513
20250701,医疗,流鼻血怎么办速效办法小孩子,389,20250701,8514
20250701,医疗,气血虚的表现和症状,389,20250701,8515
20250701,医疗,髋关节疼痛的原因和治疗方法,389,20250701,8516
20250701,医疗,龙牡壮骨颗粒,389,20250701,8517
20250701,医疗,大补阴丸功效和作用,389,20250701,8518
20250701,医疗,四神汤配方,389,20250701,8519
20250701,医疗,十二指肠溃疡,389,20250701,8520
20250701,医疗,金丝皇菊茶的功效与作用,389,20250701,8521
20250701,医疗,胆囊结石必须要做手术切除吗,389,20250701,8522
20250701,医疗,鼻子不通气怎么办最快最有效方法,389,20250701,8523
20250701,医疗,葛粉的功效作用,389,20250701,8524
20250701,医疗,nk细胞是什么,389,20250701,8525
20250701,医疗,被马蜂蛰了怎么处理消肿最快止痛,389,20250701,8526
20250701,医疗,伏苓功效与作用茯苓用法,389,20250701,8527
20250701,医疗,egfr是什么意思,389,20250701,8528
20250701,医疗,血府逐瘀胶囊功效与主治,389,20250701,8529
20250701,医疗,广东省人民医院南海医院,389,20250701,8530
20250701,医疗,变蛋的营养价值及害处,389,20250701,8531
20250701,医疗,书虱,389,20250701,8532
20250701,医疗,抗甲状腺过氧化物酶抗体高是什么原因,389,20250701,8533
20250701,医疗,男科,389,20250701,8534
20250701,医疗,乌梅丸,389,20250701,8535
20250701,医疗,迪安诊断,389,20250701,8536
20250701,医疗,木姜子的作用与功效,389,20250701,8537
20250701,医疗,脖子淋巴癌早期症状图片,389,20250701,8538
20250701,医疗,热性水果都有哪些水果,389,20250701,8539
20250701,医疗,扁桃体在哪个位置图片,388,20250701,8540
20250701,医疗,心脏衰竭能治好吗怎么治疗,388,20250701,8541
20250701,医疗,复方锌布颗粒剂的作用和功效,388,20250701,8542
20250701,医疗,鸡肉是发物吗,388,20250701,8543
20250701,医疗,眼睛红的像血一样是怎么回事,388,20250701,8544
20250701,医疗,烟台山医院,388,20250701,8545
20250701,医疗,熊猫血,388,20250701,8546
20250701,医疗,腺病毒,388,20250701,8547
20250701,医疗,天津肿瘤医院,388,20250701,8548
20250701,医疗,甜瓜是凉性还是热性,388,20250701,8549
20250701,医疗,右江名族医院院,388,20250701,8550
20250701,医疗,氨基糖苷类抗生素有哪些,388,20250701,8551
20250701,医疗,999感冒灵颗粒是风热还是风寒,388,20250701,8552
20250701,医疗,西地那非会越吃越萎吗,388,20250701,8553
20250701,医疗,复方谷氨酰胺肠溶胶囊,388,20250701,8554
20250701,医疗,胆囊息肉样病变是啥意思,388,20250701,8555
20250701,医疗,淋巴结节是怎么回事,388,20250701,8556
20250701,医疗,肩膀痛手臂抬不起来什么原因,388,20250701,8557
20250701,医疗,折耳根和鱼腥草的区别,388,20250701,8558
20250701,医疗,碳13,388,20250701,8559
20250701,医疗,牙疼是什么原因导致的,388,20250701,8560
20250701,医疗,蠓虫叮咬后的症状图,388,20250701,8561
20250701,医疗,腋毛上有白色附着物是狐臭吗,388,20250701,8562
20250701,医疗,槲皮素的作用与功效,388,20250701,8563
20250701,医疗,类风湿怎么治疗最好最有效的方法,388,20250701,8564
20250701,医疗,hpv53型阳性是什么意思,388,20250701,8565
20250701,医疗,核磁共振和ct有什么区别,388,20250701,8566
20250701,医疗,骆驼奶粉的作用与功效,388,20250701,8567
20250701,医疗,肋骨,388,20250701,8568
20250701,医疗,护肝片可以长期吃吗有什么危害,388,20250701,8569
20250701,医疗,颈动脉斑块怎样消除最好的方法,388,20250701,8570
20250701,医疗,鳖甲煎丸的功效与作用,387,20250701,8571
20250701,医疗,咳嗽有痰吃什么药效果最好,387,20250701,8572
20250701,医疗,眼睛干涩的原因和解决方法,387,20250701,8573
20250701,医疗,螃蟹脚茶的功效与作用,387,20250701,8574
20250701,医疗,吃榴莲对女人有什么好处和坏处,387,20250701,8575
20250701,医疗,维生素B12,387,20250701,8576
20250701,医疗,耳穴,387,20250701,8577
20250701,医疗,山楂精降脂片的功效与副作用,387,20250701,8578
20250701,医疗,盐酸贝凡洛尔片的作用与功效,387,20250701,8579
20250701,医疗,海姆立克急救法的标准动作视频,387,20250701,8580
20250701,医疗,冬瓜皮煮水喝的功效,387,20250701,8581
20250701,医疗,肠炎宁片,387,20250701,8582
20250701,医疗,女性私处蹲下拍照有疙瘩,387,20250701,8583
20250701,医疗,前列腺液会不会导致怀孕,387,20250701,8584
20250701,医疗,蚊虫叮咬止痒最有效的药,387,20250701,8585
20250701,医疗,血型有几种类型,387,20250701,8586
20250701,医疗,性生活后出血鲜红色是什么原因引起的男性,387,20250701,8587
20250701,医疗,舒张压和收缩压正常范围是多少,387,20250701,8588
20250701,医疗,五脏六腑指的是哪些器官?,387,20250701,8589
20250701,医疗,药店,387,20250701,8590
20250701,医疗,钙化灶是什么意思?,387,20250701,8591
20250701,医疗,拉绿色的屎是什么原因,387,20250701,8592
20250701,医疗,氨基丁酸的作用与功效,387,20250701,8593
20250701,医疗,风湿性关节炎,387,20250701,8594
20250701,医疗,反流性食管炎症状及表现是什么,387,20250701,8595
20250701,医疗,金天格胶囊的功效和作用,386,20250701,8596
20250701,医疗,红细胞低说明什么,386,20250701,8597
20250701,医疗,4.5度近视多少度,386,20250701,8598
20250701,医疗,小龙虾的营养价值及功效与作用,386,20250701,8599
20250701,医疗,脾经经络图及走向,386,20250701,8600
20250701,医疗,猪油的功效与作用,386,20250701,8601
20250701,医疗,血红蛋白是指什么意思啊,386,20250701,8602
20250701,医疗,2岁宝宝身高体重标准,386,20250701,8603
20250701,医疗,花椒的功效和作用,386,20250701,8604
20250701,医疗,19周是怀孕几个月,386,20250701,8605
20250701,医疗,四磨汤口服液的作用与功效,386,20250701,8606
20250701,医疗,脖子落枕怎么办简单快速的有效方法,386,20250701,8607
20250701,医疗,bmi是指什么,386,20250701,8608
20250701,医疗,贝母,386,20250701,8609
20250701,医疗,睡不着觉是身体哪里出现问题,386,20250701,8610
20250701,医疗,遗精是怎么回事,386,20250701,8611
20250701,医疗,脑疝是什么意思,386,20250701,8612
20250701,医疗,后脑勺出汗多是什么原因,386,20250701,8613
20250701,医疗,肾积水,386,20250701,8614
20250701,医疗,酸性食物有哪些,386,20250701,8615
20250701,医疗,两个翅膀一颗牙不会飞来只会爬,386,20250701,8616
20250701,医疗,幽门螺杆菌阳性是什么意思 严重吗,386,20250701,8617
20250701,医疗,火龙果糖尿病患者可以吃吗,386,20250701,8618
20250701,医疗,孕囊,386,20250701,8619
20250701,医疗,欧米伽3的功效和作用,386,20250701,8620
20250701,医疗,降血糖的食物及蔬菜和水果有哪些,386,20250701,8621
20250701,医疗,早晨起来口苦什么原因,386,20250701,8622
20250701,医疗,病毒,386,20250701,8623
20250701,医疗,右佐匹克隆片的功效与作用,385,20250701,8624
20250701,医疗,肠胃不舒服肚子隐隐作痛,385,20250701,8625
20250701,医疗,心脏在人体什么位置,385,20250701,8626
20250701,医疗,甘草金桔的功效与作用,385,20250701,8627
20250701,医疗,脸上皮肤过敏红肿瘙痒怎么治疗,385,20250701,8628
20250701,医疗,人工授精和试管婴儿的区别,385,20250701,8629
20250701,医疗,风热感冒吃什么药效果好,385,20250701,8630
20250701,医疗,黑木耳的功效和作用,385,20250701,8631
20250701,医疗,阑尾的作用和功能,385,20250701,8632
20250701,医疗,上火了吃什么降火最快,385,20250701,8633
20250701,医疗,银黄颗粒,385,20250701,8634
20250701,医疗,硫酸镁钠钾口服用浓溶液,385,20250701,8635
20250701,医疗,拉水便是什么原因,385,20250701,8636
20250701,医疗,颈康胶囊的功效和作用,385,20250701,8637
20250701,医疗,强直性脊柱炎最好的治疗方法,385,20250701,8638
20250701,医疗,甲状腺4a类什么意思,385,20250701,8639
20250701,医疗,双腿酸软无力感觉很累是怎么回事,385,20250701,8640
20250701,医疗,熊去氧胆酸胶囊的功能主治,385,20250701,8641
20250701,医疗,手臂疼痛感觉从骨头里面疼出来的怎么办,385,20250701,8642
20250701,医疗,铁蛋白低会有什么影响,384,20250701,8643
20250701,医疗,舒肝和胃丸的功效与作用,384,20250701,8644
20250701,医疗,白蛋白多少钱一瓶,384,20250701,8645
20250701,医疗,宫腔积液是怎么回事严重吗,384,20250701,8646
20250701,医疗,厄贝沙坦片适合哪种高血压,384,20250701,8647
20250701,医疗,朊病毒,384,20250701,8648
20250701,医疗,慢性萎缩性胃炎c2是什么意思,384,20250701,8649
20250701,医疗,三叉神经痛有什么症状,384,20250701,8650
20250701,医疗,红花油的作用与功效用法,384,20250701,8651
20250701,医疗,丰原药业,384,20250701,8652
20250701,医疗,气虚,384,20250701,8653
20250701,医疗,薏仁米的作用与功效,384,20250701,8654
20250701,医疗,脚气的症状,384,20250701,8655
20250701,医疗,维生素b3的作用和功效,384,20250701,8656
20250701,医疗,肺气肿一般寿命多少年,384,20250701,8657
20250701,医疗,心火旺的表现症状,384,20250701,8658
20250701,医疗,低压高怎么调理才能恢复正常,384,20250701,8659
20250701,医疗,copd是什么病的简称,384,20250701,8660
20250701,医疗,丹参片,384,20250701,8661
20250701,医疗,四消丸的功效与作用治什么病,384,20250701,8662
20250701,医疗,午睡多久为最佳时间,384,20250701,8663
20250701,医疗,复方磺胺甲恶唑片,384,20250701,8664
20250701,医疗,黑色素痣,384,20250701,8665
20250701,医疗,柠檬的功效与作用,384,20250701,8666
20250701,医疗,男性hpv感染有什么表现,384,20250701,8667
20250701,医疗,畸胎瘤是怎么引起的原因,384,20250701,8668
20250701,医疗,天麻三七通络片的功效与作用,384,20250701,8669
20250701,医疗,屁股上长痘痘是什么原因,384,20250701,8670
20250701,医疗,诺氟沙星胶囊治拉肚子吗,384,20250701,8671
20250701,医疗,泡腾片的作用与功效,384,20250701,8672
20250701,医疗,替尔泊肽的作用与功效,384,20250701,8673
20250701,医疗,缬沙坦氢氯噻嗪片,384,20250701,8674
20250701,医疗,舌头,384,20250701,8675
20250701,医疗,屁股上长疙瘩还痒是怎么回事,384,20250701,8676
20250701,医疗,喝醋对身体有什么好处和坏处,384,20250701,8677
20250701,医疗,天麻片的功效作用与主治,384,20250701,8678
20250701,医疗,献血多少家属可以免费用血,383,20250701,8679
20250701,医疗,吸烟对身体的危害有哪些,383,20250701,8680
20250701,医疗,伏苓和什么搭配去湿气,383,20250701,8681
20250701,医疗,体重突然下降是什么原因造成的,383,20250701,8682
20250701,医疗,脚崴了怎么办能快速好消肿止痛,383,20250701,8683
20250701,医疗,酸奶减肥还是增肥的,383,20250701,8684
20250701,医疗,热灸灸精品,383,20250701,8685
20250701,医疗,双歧杆菌,383,20250701,8686
20250701,医疗,碱性磷酸酶高是怎么回事有什么危害,383,20250701,8687
20250701,医疗,玫瑰痤疮是什么原因导致的,383,20250701,8688
20250701,医疗,雾化是鼻子吸入还是嘴巴吸入,383,20250701,8689
20250701,医疗,奥利司他胶囊,383,20250701,8690
20250701,医疗,振源胶囊的功效与作用,383,20250701,8691
20250701,医疗,透析,383,20250701,8692
20250701,医疗,白塞氏病是什么病,383,20250701,8693
20250701,医疗,肾结石有什么症状表现,383,20250701,8694
20250701,医疗,海王生物,383,20250701,8695
20250701,医疗,排卵一般排几天就结束了,383,20250701,8696
20250701,医疗,桦树汁的功效与作用适合人群,383,20250701,8697
20250701,医疗,诺迪康胶囊的功效与作用,383,20250701,8698
20250701,医疗,铁皮石斛的功效与作用,383,20250701,8699
20250701,医疗,歺后2小时血糖10.5到11.5之间需要吃降餐后血糖药吗,383,20250701,8700
20250701,医疗,雷贝拉唑肠溶片是饭前吃还是饭后吃,383,20250701,8701
20250701,医疗,菜花状疣图片女性早期,383,20250701,8702
20250701,医疗,抑郁症吃什么药,383,20250701,8703
20250701,医疗,尖锐湿疣用什么药膏可以消除,383,20250701,8704
20250701,医疗,毛周角化症,383,20250701,8705
20250701,医疗,白醋加蜂蜜加温开水一起喝能减肥吗,383,20250701,8706
20250701,医疗,抑郁自测表测试免费,383,20250701,8707
20250701,医疗,静息心率,383,20250701,8708
20250701,医疗,针灸的功效与作用,383,20250701,8709
20250701,医疗,吃苦瓜的好处与功效和作用,383,20250701,8710
20250701,医疗,护肝养肝最好方法,383,20250701,8711
20250701,医疗,绿茶的功效和作用,383,20250701,8712
20250701,医疗,马齿笕的食用方法,383,20250701,8713
20250701,医疗,试纸测试两条杠一深一浅是怀孕吗,382,20250701,8714
20250701,医疗,风疹,382,20250701,8715
20250701,医疗,肠胃炎是怎么引起的,382,20250701,8716
20250701,医疗,牙龈癌早期凸起图片,382,20250701,8717
20250701,医疗,y谷氨酰基转移酶高是什么意思,382,20250701,8718
20250701,医疗,附近医院离我位置最近医院,382,20250701,8719
20250701,医疗,尿液发红褐色怎么回事,382,20250701,8720
20250701,医疗,贫血吃什么食物补血效果最好,382,20250701,8721
20250701,医疗,左眼跳,382,20250701,8722
20250701,医疗,胳膊疼痛举不起来什么原因,382,20250701,8723
20250701,医疗,黄金草的功效与作用,382,20250701,8724
20250701,医疗,耳聋左慈丸,382,20250701,8725
20250701,医疗,芡实的功效与作用,382,20250701,8726
20250701,医疗,含钾高的水果和蔬菜有哪些,382,20250701,8727
20250701,医疗,静息心率正常值范围是多少,382,20250701,8728
20250701,医疗,高蛋白食物主要是哪些,382,20250701,8729
20250701,医疗,莫沙必利片和枸橼酸莫沙必利片有什么区别,382,20250701,8730
20250701,医疗,眼角长了一个小肉球似的东西挂什么科,382,20250701,8731
20250701,医疗,盐酸舍曲林片,382,20250701,8732
20250701,医疗,肾衰竭,382,20250701,8733
20250701,医疗,一直放屁是怎么回事女性,381,20250701,8734
20250701,医疗,肿瘤和癌症的区别在哪里,381,20250701,8735
20250701,医疗,精氨酸的功效与作用,381,20250701,8736
20250701,医疗,洋姜有什么功效与作用,381,20250701,8737
20250701,医疗,血压高吃什么药降血压最快最好,381,20250701,8738
20250701,医疗,白花蛇舌草的功效与主治,381,20250701,8739
20250701,医疗,桂圆干泡水喝有什么功效和作用,381,20250701,8740
20250701,医疗,原研药是什么意思,381,20250701,8741
20250701,医疗,莫匹罗星软膏的作用,381,20250701,8742
20250701,医疗,复方氨酚溴敏胶囊,381,20250701,8743
20250701,医疗,喉咙发炎吃什么药效果好得快,381,20250701,8744
20250701,医疗,奥司他韦胶囊成人一天吃几粒,381,20250701,8745
20250701,医疗,阿斯巴甜对人体的危害,381,20250701,8746
20250701,医疗,头发油腻是什么原因引起的,381,20250701,8747
20250701,医疗,精神分裂症是什么原因引起的,381,20250701,8748
20250701,医疗,喝了藿香正气水能喝酒吗,381,20250701,8749
20250701,医疗,腰疼最快缓解方法,381,20250701,8750
20250701,医疗,补肺丸的功效与主治,381,20250701,8751
20250701,医疗,dna全称是什么,381,20250701,8752
20250701,医疗,荔枝一天吃几个合适,381,20250701,8753
20250701,医疗,一动就满头大汗是啥虚,381,20250701,8754
20250701,医疗,"做完肠镜多久能吃东西,能吃些什么",381,20250701,8755
20250701,医疗,人工呼吸是吹气还是吸气,381,20250701,8756
20250701,医疗,丝瓜的功效与作用与主治,381,20250701,8757
20250701,医疗,三伏贴的中药配方,381,20250701,8758
20250701,医疗,夏天出汗特别多是什么原因,380,20250701,8759
20250701,医疗,扶正化瘀胶囊的功效与作用,380,20250701,8760
20250701,医疗,羟丁酸脱氢酶高是什么原因,380,20250701,8761
20250701,医疗,银杏叶紫苏软胶囊真的能疏通血管吗,380,20250701,8762
20250701,医疗,大腿外侧疼痛的几种原因,380,20250701,8763
20250701,医疗,塞来昔布胶囊一次吃几粒,380,20250701,8764
20250701,医疗,白细胞酯酶,380,20250701,8765
20250701,医疗,胺碘酮,380,20250701,8766
20250701,医疗,氯化钠注射液有什么作用,380,20250701,8767
20250701,医疗,葛根粉的功效和作用,380,20250701,8768
20250701,医疗,郑伟活体摘肾是哪个医院的,380,20250701,8769
20250701,医疗,穿心莲的功效与作用,380,20250701,8770
20250701,医疗,脂肪瘤的样子图片,380,20250701,8771
20250701,医疗,三七粉,380,20250701,8772
20250701,医疗,温度计,380,20250701,8773
20250701,医疗,金匮肾气丸一般建议吃多久,380,20250701,8774
20250701,医疗,宝宝拉绿色的粑粑怎么回事,380,20250701,8775
20250701,医疗,依托咪酯,379,20250701,8776
20250701,医疗,"内裤上总是湿漉漉的怎么回事,像水一样",379,20250701,8777
20250701,医疗,耳朵里面痒痒是什么原因呢而且经常痒痒怎么办,379,20250701,8778
20250701,医疗,腰间盘突出的症状,379,20250701,8779
20250701,医疗,头孢的功效与作用,379,20250701,8780
20250701,医疗,37.6体温是发烧吗,379,20250701,8781
20250701,医疗,霸王花的功效与作用,379,20250701,8782
20250701,医疗,痛风吃什么药快速止痛的方法,379,20250701,8783
20250701,医疗,痰湿脾虚湿气重的最好中成药,379,20250701,8784
20250701,医疗,清热解毒的药有哪些,379,20250701,8785
20250701,医疗,右眼一直跳是什么预兆,379,20250701,8786
20250701,医疗,百白破疫苗是预防什么的,379,20250701,8787
20250701,医疗,玛瑙手镯对身体有什么好处,379,20250701,8788
20250701,医疗,阿苯达唑片,378,20250701,8789
20250701,医疗,桂圆的作用与功效,378,20250701,8790
20250701,医疗,剑突位置图片,378,20250701,8791
20250701,医疗,刮痧刮出黑紫色是什么原因,378,20250701,8792
20250701,医疗,扁桃体发炎是什么原因引起的啊,378,20250701,8793
20250701,医疗,腔梗是怎么回事 如何治疗,378,20250701,8794
20250701,医疗,三七伤药片的功效和作用主治,378,20250701,8795
20250701,医疗,头发,378,20250701,8796
20250701,医疗,北大一医院杨建梅,378,20250701,8797
20250701,医疗,妈咪爱枯草杆菌二联活菌颗粒的作用,378,20250701,8798
20250701,医疗,倒立对身体有什么好处和坏处,378,20250701,8799
20250701,医疗,柴胡疏肝散配方,378,20250701,8800
20250701,医疗,钙片哪个牌子最好补钙效果好,378,20250701,8801
20250701,医疗,球蛋白偏高的原因是什么,378,20250701,8802
20250701,医疗,焦虑症躯体化症状有哪些表现,378,20250701,8803
20250701,医疗,心跳快心慌胸闷气短焦虑,378,20250701,8804
20250701,医疗,降血糖的食物和水果,378,20250701,8805
20250701,医疗,甲泼尼龙琥珀酸钠的功效和副作用,378,20250701,8806
20250701,医疗,溃疡口腔怎么好得快,378,20250701,8807
20250701,医疗,党参的功效与主治,378,20250701,8808
20250701,医疗,灵芝图片,378,20250701,8809
20250701,医疗,霍香清胃胶囊主治功效,378,20250701,8810
20250701,医疗,爱放屁是怎么回事女性,377,20250701,8811
20250701,医疗,二甲双胍片的副作用和危害,377,20250701,8812
20250701,医疗,猴子疣怎么彻底去除,377,20250701,8813
20250701,医疗,高钾血症,377,20250701,8814
20250701,医疗,中分化腺癌是什么意思,377,20250701,8815
20250701,医疗,子宫息肉,377,20250701,8816
20250701,医疗,牛肉不能和什么食物一起吃,377,20250701,8817
20250701,医疗,三枝九叶草又叫什么?,377,20250701,8818
20250701,医疗,麝香保心丸的正确吃法,377,20250701,8819
20250701,医疗,红芪的功效作用与主治,377,20250701,8820
20250701,医疗,碘131治疗是啥意思,377,20250701,8821
20250701,医疗,前列地尔功效与主治,377,20250701,8822
20250701,医疗,蒲地蓝,377,20250701,8823
20250701,医疗,头发细软稀少掉发严重怎么调理,377,20250701,8824
20250701,医疗,乙酰氨基酚片功效作用,377,20250701,8825
20250701,医疗,两肺纹理增多是什么原因,377,20250701,8826
20250701,医疗,口苦是什么原因,377,20250701,8827
20250701,医疗,卒中,377,20250701,8828
20250701,医疗,踩指压板有什么好处与坏处,377,20250701,8829
20250701,医疗,"双肾囊肿是什么病,需要治疗吗",377,20250701,8830
20250701,医疗,mds是什么病,377,20250701,8831
20250701,医疗,茶叶的十大功效与作用,377,20250701,8832
20250701,医疗,湖南省人民医院,377,20250701,8833
20250701,医疗,低蛋白血症是什么病,377,20250701,8834
20250701,医疗,白细胞高是什么原因,377,20250701,8835
20250701,医疗,硝酸甘油的用法和用量,377,20250701,8836
20250701,医疗,淀粉样蛋白a高是什么原因,377,20250701,8837
20250701,医疗,肱二头肌,377,20250701,8838
20250701,医疗,尿酸高吃什么药降尿酸效果好,377,20250701,8839
20250701,医疗,尿黄是什么问题女性,377,20250701,8840
20250701,医疗,非洛地平缓释片的功效与副作用,377,20250701,8841
20250701,医疗,鸡肝的功效与作用,376,20250701,8842
20250701,医疗,盐酸左氧氟沙星胶囊的作用与功效,376,20250701,8843
20250701,医疗,乳腺结节最忌口的食物,376,20250701,8844
20250701,医疗,怀牛膝功效作用与主治,376,20250701,8845
20250701,医疗,克林霉素甲硝唑搽剂,376,20250701,8846
20250701,医疗,尼莫地平片,376,20250701,8847
20250701,医疗,吃避孕药会导致月经推迟吗,376,20250701,8848
20250701,医疗,坐骨神经痛怎么治疗最快最好,376,20250701,8849
20250701,医疗,复方樟脑乳膏的功效,376,20250701,8850
20250701,医疗,液窝下面有个小疙瘩怎么回事,376,20250701,8851
20250701,医疗,hbsab阳性是什么意思,376,20250701,8852
20250701,医疗,驼奶粉的危害和副作用,376,20250701,8853
20250701,医疗,普瑞巴林胶囊的功效和副作用,376,20250701,8854
20250701,医疗,恩替卡韦片长期吃有什么副作用,376,20250701,8855
20250701,医疗,祛湿健脾吃什么药最好,376,20250701,8856
20250701,医疗,慢性浅表性胃炎是什么意思,376,20250701,8857
20250701,医疗,虫草的功效与作用,376,20250701,8858
20250701,医疗,斜方肌,376,20250701,8859
20250701,医疗,血糖高可以吃西瓜吗,376,20250701,8860
20250701,医疗,一天拉大便3-4次正常吗,376,20250701,8861
20250701,医疗,燕麦片血糖高的人可以吃吗,376,20250701,8862
20250701,医疗,阿苯达唑片的功效与作用,376,20250701,8863
20250701,医疗,肺大泡,376,20250701,8864
20250701,医疗,梅毒能治好吗,375,20250701,8865
20250701,医疗,颈椎病怎么治疗才能彻底除根,375,20250701,8866
20250701,医疗,花生油的好处和坏处是什么,375,20250701,8867
20250701,医疗,月经量少吃什么药调理最快最好,375,20250701,8868
20250701,医疗,产后抑郁的表现有哪些症状,375,20250701,8869
20250701,医疗,息肉切除手术要多久才可以恢复,375,20250701,8870
20250701,医疗,排卵试纸怎么看已排卵,375,20250701,8871
20250701,医疗,赛默飞,375,20250701,8872
20250701,医疗,黄精的功效与作用,375,20250701,8873
20250701,医疗,元气茯苓八珍足贴的功效与作用,375,20250701,8874
20250701,医疗,小柴胡汤的组成和功效主治,375,20250701,8875
20250701,医疗,冲击波治疗的好处与坏处,375,20250701,8876
20250701,医疗,肺结核能治好吗,375,20250701,8877
20250701,医疗,立普妥阿托伐他汀是进口药吗,375,20250701,8878
20250701,医疗,知柏地黄丸的功效与主治,375,20250701,8879
20250701,医疗,抑郁症的表现症状,375,20250701,8880
20250701,医疗,发烧39度怎么退烧最快,375,20250701,8881
20250701,医疗,牙髓炎吃什么药最有效,375,20250701,8882
20250701,医疗,肌肉痉挛的主要原因和症状,375,20250701,8883
20250701,医疗,早博有什么症状有危险吗,374,20250701,8884
20250701,医疗,多巴胺的作用和用途,374,20250701,8885
20250701,医疗,血尿是怎么回事男性,374,20250701,8886
20250701,医疗,开水烫伤了怎么办最好的方法,374,20250701,8887
20250701,医疗,四环生物,374,20250701,8888
20250701,医疗,通天口服液的作用及功效,374,20250701,8889
20250701,医疗,猪血的作用与功效,374,20250701,8890
20250701,医疗,脑梗的前期症状,374,20250701,8891
20250701,医疗,子痫前期是什么意思,374,20250701,8892
20250701,医疗,胰酶肠溶胶囊的功效与作用,374,20250701,8893
20250701,医疗,巴拉那松,374,20250701,8894
20250701,医疗,利巴韦林颗粒,374,20250701,8895
20250701,医疗,坤泰胶囊,374,20250701,8896
20250701,医疗,脾胃虚弱湿气重吃什么药最好,374,20250701,8897
20250701,医疗,血同型半胱氨酸高说明什么问题,374,20250701,8898
20250701,医疗,斑秃的原因和治疗方法,374,20250701,8899
20250701,医疗,“食脑虫”感染是一种什么病,374,20250701,8900
20250701,医疗,内分泌科主要看什么,374,20250701,8901
20250701,医疗,5岁儿童标准身高,374,20250701,8902
20250701,医疗,热毒宁注射功效与作用是什么,374,20250701,8903
20250701,医疗,南方医科大学南方医院,374,20250701,8904
20250701,医疗,acth激素全称,374,20250701,8905
20250701,医疗,嗓子哑了怎么办怎样快速恢复,374,20250701,8906
20250701,医疗,肝病有什么症状早期有什么症状,374,20250701,8907
20250701,医疗,鹿茸片的功效与作用吃法,374,20250701,8908
20250701,医疗,热感冒,374,20250701,8909
20250701,医疗,肠息肉的症状表现有哪些,374,20250701,8910
20250701,医疗,心肌酶三项包括哪三项,374,20250701,8911
20250701,医疗,胰岛素保存温度是多少,374,20250701,8912
20250701,医疗,藿香清胃胶囊,374,20250701,8913
20250701,医疗,妊娠是什么意思,374,20250701,8914
20250701,医疗,生脉饮配方,374,20250701,8915
20250701,医疗,正常心率是多少,373,20250701,8916
20250701,医疗,人有多少颗牙齿,373,20250701,8917
20250701,医疗,阑尾炎手术后吃什么食物最好,373,20250701,8918
20250701,医疗,早早孕几天能测出来怀孕,373,20250701,8919
20250701,医疗,荔枝核的功效作用与主治,373,20250701,8920
20250701,医疗,阿卡波糖片正确吃法,373,20250701,8921
20250701,医疗,吃猪肝的好处和坏处有哪些,373,20250701,8922
20250701,医疗,胰岛果的功效和作用,373,20250701,8923
20250701,医疗,吗丁啉饭前吃还是饭后吃效果好,373,20250701,8924
20250701,医疗,三伏贴贴哪几个部位,373,20250701,8925
20250701,医疗,神经官能症有哪些症状和表现,373,20250701,8926
20250701,医疗,痢疾是什么症状,373,20250701,8927
20250701,医疗,胃肠炎吃什么药好得最快最有效,373,20250701,8928
20250701,医疗,紫苏籽的作用和功效,373,20250701,8929
20250701,医疗,曲安奈德,373,20250701,8930
20250701,医疗,维生素b族什么时候吃效果最好,373,20250701,8931
20250701,医疗,胸腺五肽的作用与功效,373,20250701,8932
20250701,医疗,狂犬病症状,373,20250701,8933
20250701,医疗,津液是什么意思,373,20250701,8934
20250701,医疗,乙肝五项哪几个阳性属于正常,373,20250701,8935
20250701,医疗,疟疾病是什么病,373,20250701,8936
20250701,医疗,黄芪的功效作用与主治,373,20250701,8937
20250701,医疗,归脾丸和逍遥丸一起吃的功效和作用,373,20250701,8938
20250701,医疗,维生素b9的作用和功效,373,20250701,8939
20250701,医疗,环孢素,373,20250701,8940
20250701,医疗,脸肿是怎么回事什么原因引起的,373,20250701,8941
20250701,医疗,西南医院,373,20250701,8942
20250701,医疗,肝郁气滞怎么调理才能疏肝解郁,373,20250701,8943
20250701,医疗,肌苷注射功效与作用,372,20250701,8944
20250701,医疗,松茸的功效和作用,372,20250701,8945
20250701,医疗,石斛图片,372,20250701,8946
20250701,医疗,阴囊上长了小疙瘩是什么原因,372,20250701,8947
20250701,医疗,非诺贝特片的功效与用量,372,20250701,8948
20250701,医疗,日光性皮炎,372,20250701,8949
20250701,医疗,黄芪桂枝五物汤,372,20250701,8950
20250701,医疗,醋酸氯己定的功效与作用,372,20250701,8951
20250701,医疗,"卵巢囊肿是什么原因造成的,能治好吗?",372,20250701,8952
20250701,医疗,谷维素片的功效与作用和副作用,372,20250701,8953
20250701,医疗,椎间盘突出最佳治疗方法,372,20250701,8954
20250701,医疗,恙虫病,372,20250701,8955
20250701,医疗,舌尖麻是什么原因,372,20250701,8956
20250701,医疗,石斛原浆能降高血糖吗,372,20250701,8957
20250701,医疗,鸡枞菌的功效与作用,372,20250701,8958
20250701,医疗,阿奇霉素干混悬剂0.1g儿童用量一天几次,372,20250701,8959
20250701,医疗,静脉曲张的原因与危害,372,20250701,8960
20250701,医疗,大便,372,20250701,8961
20250701,医疗,男人更年期有什么症状有哪些表现,372,20250701,8962
20250701,医疗,血痣是什么原因引起的,372,20250701,8963
20250701,医疗,龙血树叶粉对肺结节有作用吗,372,20250701,8964
20250701,医疗,桑葚干的功效与作用,372,20250701,8965
20250701,医疗,刺梨干果泡水喝的功效与作用,372,20250701,8966
20250701,医疗,羊水栓塞,372,20250701,8967
20250701,医疗,利格列汀片,372,20250701,8968
20250701,医疗,q10辅酶的功效和吃法,372,20250701,8969
20250701,医疗,金城医药,372,20250701,8970
20250701,医疗,四物汤的作用和功效,372,20250701,8971
20250701,医疗,一天吃几个鸡蛋合适,372,20250701,8972
20250701,医疗,公务员体检标准,372,20250701,8973
20250701,医疗,多久能测得出是否怀孕,371,20250701,8974
20250701,医疗,甲钴胺吃多久对神经恢复最佳,371,20250701,8975
20250701,医疗,复方苁蓉胶囊,371,20250701,8976
20250701,医疗,吹空调头疼是什么原因,371,20250701,8977
20250701,医疗,姜粉的功效与作用,371,20250701,8978
20250701,医疗,眼睛模糊用什么药效果最好,371,20250701,8979
20250701,医疗,包皮过长,371,20250701,8980
20250701,医疗,第一人民医院,371,20250701,8981
20250701,医疗,交通心肾胶囊的功效和作用,371,20250701,8982
20250701,医疗,息斯敏,371,20250701,8983
20250701,医疗,肝爽颗粒的功效与作用,371,20250701,8984
20250701,医疗,剖腹产多久可以再生第二胎,371,20250701,8985
20250701,医疗,录雷他氯雷他定片,371,20250701,8986
20250701,医疗,先兆流产,371,20250701,8987
20250701,医疗,粗纤维食物有哪些,371,20250701,8988
20250701,医疗,氧化钠注射注液作用,371,20250701,8989
20250701,医疗,西瓜不能和什么一起吃,371,20250701,8990
20250701,医疗,桂圆的功效作用与主治,371,20250701,8991
20250701,医疗,广藿香的功效作用与主治,371,20250701,8992
20250701,医疗,白色带有豆腐渣分泌物是怎么回事,371,20250701,8993
20250701,医疗,正常血压标准范围是多少40-50岁,371,20250701,8994
20250701,医疗,eb病毒感染的症状有哪些,371,20250701,8995
20250701,医疗,人体内脏结构图,371,20250701,8996
20250701,医疗,阿斯利康,371,20250701,8997
20250701,医疗,钾钴胺治什么病,371,20250701,8998
20250701,医疗,川穹,371,20250701,8999
20250701,医疗,血糖高会影响男性性功能吗,371,20250701,9000
20250701,医疗,动不动就满身大汗是什么原因,371,20250701,9001
20250701,医疗,肝纤维是什么意思严重吗,371,20250701,9002
20250701,医疗,腰痹通胶囊的功效和作用,371,20250701,9003
20250701,医疗,芸豆的功效与作用,371,20250701,9004
20250701,医疗,"流鼻血是身体哪里出现问题,突然流鼻血什么原因",371,20250701,9005
20250701,医疗,喝红茶有什么好处和功效和作用,370,20250701,9006
20250701,医疗,别嘌醇片的作用和功效,370,20250701,9007
20250701,医疗,新癀片的功效与作用,370,20250701,9008
20250701,医疗,儿童换牙齿的年龄和顺序,370,20250701,9009
20250701,医疗,心电监护仪怎么看,370,20250701,9010
20250701,医疗,韧带断裂最好的治疗方法,370,20250701,9011
20250701,医疗,生血宝合剂,370,20250701,9012
20250701,医疗,盐酸曲马多缓释片,370,20250701,9013
20250701,医疗,腺肌症怎么治疗才能除根不复发,370,20250701,9014
20250701,医疗,鳞状细胞癌相关抗原高说明什么,370,20250701,9015
20250701,医疗,幽门螺旋杆菌四联药是哪四种药,370,20250701,9016
20250701,医疗,马来酸曲美布汀片饭前吃还是饭后吃,370,20250701,9017
20250701,医疗,氨酚麻美干混悬剂,370,20250701,9018
20250701,医疗,afp检查是什么意思,370,20250701,9019
20250701,医疗,苹果水煮熟的功效与作用,370,20250701,9020
20250701,医疗,司美格鲁肽有什么副作用,370,20250701,9021
20250701,医疗,皮肤科,370,20250701,9022
20250701,医疗,血友病是一种什么病,370,20250701,9023
20250701,医疗,喉咙感觉一直有异物感是怎么回事,370,20250701,9024
20250701,医疗,横纹肌溶解是什么症状,370,20250701,9025
20250701,医疗,曲咪新乳膏,370,20250701,9026
20250701,医疗,维生素d2的作用及功能,370,20250701,9027
20250701,医疗,藏红花的正确泡水方法,370,20250701,9028
20250701,医疗,淫羊藿图片 野生,370,20250701,9029
20250701,医疗,金锁固精丸,370,20250701,9030
20250701,医疗,肝火旺怎么调理最好,370,20250701,9031
20250701,医疗,宫颈癌能治好吗,370,20250701,9032
20250701,医疗,痹祺胶囊的功效和作用,370,20250701,9033
20250701,医疗,杨梅泡酒的功效和作用,369,20250701,9034
20250701,医疗,十二指肠,369,20250701,9035
20250701,医疗,咳嗽漏尿女性漏尿是怎么回事,369,20250701,9036
20250701,医疗,癃清胶囊的功效与作用,369,20250701,9037
20250701,医疗,饭后多久可以跑步,369,20250701,9038
20250701,医疗,尿路感染吃什么药,369,20250701,9039
20250701,医疗,降真香的功效与作用,369,20250701,9040
20250701,医疗,抑郁症患者最爱说的三句话,369,20250701,9041
20250701,医疗,蜂窝织炎,369,20250701,9042
20250701,医疗,36.9度算不算发热,369,20250701,9043
20250701,医疗,达格列净的功效与副作用,369,20250701,9044
20250701,医疗,食管炎吃什么药效果最佳的,369,20250701,9045
20250701,医疗,小柑胎的功效与作用,369,20250701,9046
20250701,医疗,温经汤,369,20250701,9047
20250701,医疗,替尔伯肽,369,20250701,9048
20250701,医疗,百蕊颗粒,369,20250701,9049
20250701,医疗,罗欣药业,369,20250701,9050
20250701,医疗,肌酐偏低是什么原因,369,20250701,9051
20250701,医疗,六味地黄丸的配方组成,369,20250701,9052
20250701,医疗,浸润性腺癌是什么意思,369,20250701,9053
20250701,医疗,复方甘草片的功效与副作用,369,20250701,9054
20250701,医疗,苓桂术甘汤,369,20250701,9055
20250701,医疗,一度房室传导阻滞是什么意思,369,20250701,9056
20250701,医疗,脸黄是什么原因造成的,369,20250701,9057
20250701,医疗,血热的症状有哪些,369,20250701,9058
20250701,医疗,尿潜血3十是怎么回事严重吗,368,20250701,9059
20250701,医疗,脂溢性皮炎头皮怎么治疗最彻底,368,20250701,9060
20250701,医疗,便秘是什么原因引起的,368,20250701,9061
20250701,医疗,a型血和0型血生的孩子是什么血型各占多少比例,368,20250701,9062
20250701,医疗,嗓子沙哑是什么原因引起的,368,20250701,9063
20250701,医疗,百会的准确位置图,368,20250701,9064
20250701,医疗,盐汽水的作用与功效,368,20250701,9065
20250701,医疗,核磁共振有辐射吗,368,20250701,9066
20250701,医疗,"血小板低是咋回事,会有什么危害",368,20250701,9067
20250701,医疗,"睡眠质量差,入睡困难,易醒",368,20250701,9068
20250701,医疗,绿豆粥的功效与作用,368,20250701,9069
20250701,医疗,冰片,368,20250701,9070
20250701,医疗,小腿皮肤痒越抓越痒怎么治疗,368,20250701,9071
20250701,医疗,卵巢,368,20250701,9072
20250701,医疗,益生菌哪个牌子的最好,368,20250701,9073
20250701,医疗,白带黄,368,20250701,9074
20250701,医疗,银杏叶片的功效与副作用,368,20250701,9075
20250701,医疗,七叶神安滴丸治疗失眠可靠吗,368,20250701,9076
20250701,医疗,盐补骨脂的功效与作用,368,20250701,9077
20250701,医疗,土豆升糖指数高吗,368,20250701,9078
20250701,医疗,子宫下垂怎么办才能恢复,368,20250701,9079
20250701,医疗,巨细胞病毒是什么病,368,20250701,9080
20250701,医疗,腹可安片的功效作用,368,20250701,9081
20250701,医疗,糠酸莫米松乳膏的功效,368,20250701,9082
20250701,医疗,喉咙痛怎么治疗最快方法,368,20250701,9083
20250701,医疗,高纤维食物有哪些,368,20250701,9084
20250701,医疗,心肌炎的早期症状和前兆,368,20250701,9085
20250701,医疗,肾炎吃什么药可以治除根,368,20250701,9086
20250701,医疗,小孩割包皮挂什么科室,368,20250701,9087
20250701,医疗,低血压吃什么东西可以补上去,368,20250701,9088
20250701,医疗,理气舒心片的功效和作用,368,20250701,9089
20250701,医疗,血压高的表现症状是什么,368,20250701,9090
20250701,医疗,血沉,367,20250701,9091
20250701,医疗,中医康复技术是干什么的,367,20250701,9092
20250701,医疗,肝囊肿吃什么药可以消除掉,367,20250701,9093
20250701,医疗,槲寄生,367,20250701,9094
20250701,医疗,徐州市中心医院,367,20250701,9095
20250701,医疗,女性白色分泌物带血丝怎么回事,367,20250701,9096
20250701,医疗,"冬虫夏草怎么吃效果最好,每天吃多少",367,20250701,9097
20250701,医疗,细菌性阴道炎是什么原因引起的,367,20250701,9098
20250701,医疗,退热贴贴在哪些部位效果好,367,20250701,9099
20250701,医疗,桑叶的作用,367,20250701,9100
20250701,医疗,北京大学肿瘤医院,367,20250701,9101
20250701,医疗,眼睛有红血丝是什么原因,367,20250701,9102
20250701,医疗,大便绿色是什么原因,367,20250701,9103
20250701,医疗,产后多久可以同房,367,20250701,9104
20250701,医疗,杠板归的功效与作用,367,20250701,9105
20250701,医疗,感冒流清鼻涕吃什么药效果好,367,20250701,9106
20250701,医疗,肾不好有哪些症状表现出来,367,20250701,9107
20250701,医疗,栗子的功效与作用,367,20250701,9108
20250701,医疗,胆经的经络走向图及功效,367,20250701,9109
20250701,医疗,山楂和什么搭配最佳?,367,20250701,9110
20250701,医疗,节节草的功效与作用,367,20250701,9111
20250701,医疗,茶碱缓释片的功效与作用,367,20250701,9112
20250701,医疗,肌醇的作用与功效,367,20250701,9113
20250701,医疗,维生素d,367,20250701,9114
20250701,医疗,158cm女生标准体重是多少,367,20250701,9115
20250701,医疗,檀香,367,20250701,9116
20250701,医疗,戒断反应是什么意思,367,20250701,9117
20250701,医疗,罂粟碱,367,20250701,9118
20250701,医疗,附子理中丸的配方组成,367,20250701,9119
20250701,医疗,右边胸部上面隐隐作痛什么原因,367,20250701,9120
20250701,医疗,胰腺炎的症状有哪些表现和前兆,367,20250701,9121
20250701,医疗,吃红心火龙果小便是红色的怎么回事,367,20250701,9122
20250701,医疗,泻肝安神丸的作用与功效,367,20250701,9123
20250701,医疗,大姨妈走了几天后又出血是怎么回事,367,20250701,9124
20250701,医疗,月经干净后第几天开始排卵,367,20250701,9125
20250701,医疗,血浆和血液的区别,367,20250701,9126
20250701,医疗,左边肋骨下面疼是怎么回事,367,20250701,9127
20250701,医疗,小柴胡,367,20250701,9128
20250701,医疗,肝血不足吃什么中成药效果好,366,20250701,9129
20250701,医疗,肛裂是什么症状,366,20250701,9130
20250701,医疗,视力4.5近视多少度,366,20250701,9131
20250701,医疗,心脏起搏器手术费用多少,366,20250701,9132
20250701,医疗,车前草的功效作用与主治,366,20250701,9133
20250701,医疗,百香果是上火还是降火,366,20250701,9134
20250701,医疗,喹硫平片的功效和作用副作用,366,20250701,9135
20250701,医疗,子宫内膜厚度多少mm才算正常,366,20250701,9136
20250701,医疗,赖氨酸,366,20250701,9137
20250701,医疗,环磷酰胺的作用与功效及副作用,366,20250701,9138
20250701,医疗,复方木尼孜其颗粒功效和作用,366,20250701,9139
20250701,医疗,羊肉的功效和作用,366,20250701,9140
20250701,医疗,"牙龈萎缩是什么原因造成的,怎么恢复?",366,20250701,9141
20250701,医疗,庆大霉素的作用与功效,366,20250701,9142
20250701,医疗,过敏性皮炎怎么治疗好得快,366,20250701,9143
20250701,医疗,谷丙转氨酶高说明什么问题 严重吗,366,20250701,9144
20250701,医疗,接骨草图片,366,20250701,9145
20250701,医疗,肝功能五项是哪五项,366,20250701,9146
20250701,医疗,氯芬黄敏片的功效与作用,366,20250701,9147
20250701,医疗,睡不着脑子里胡思乱想控制不住 原因,366,20250701,9148
20250701,医疗,打封闭针的作用与危害,366,20250701,9149
20250701,医疗,咸鸭蛋的功效与作用,366,20250701,9150
20250701,医疗,咽喉肿痛吃什么药最好效果,366,20250701,9151
20250701,医疗,白内障手术费用多少钱,366,20250701,9152
20250701,医疗,诺欣妥的作用与功效,366,20250701,9153
20250701,医疗,毛囊炎的症状和图片,366,20250701,9154
20250701,医疗,炎症,366,20250701,9155
20250701,医疗,莲雾果的作用与功效,366,20250701,9156
20250701,医疗,山药痒怎么快速止痒,366,20250701,9157
20250701,医疗,热射病主要是因为什么引起的,365,20250701,9158
20250701,医疗,乳酶生片的功效和作用,365,20250701,9159
20250701,医疗,代谢不好有什么方法提高代谢,365,20250701,9160
20250701,医疗,干槽症,365,20250701,9161
20250701,医疗,深度睡眠时间多少正常,365,20250701,9162
20250701,医疗,乳腺癌早期三处疼痛,365,20250701,9163
20250701,医疗,耳朵里面流脓水怎么回事,365,20250701,9164
20250701,医疗,胃热的症状有哪些表现,365,20250701,9165
20250701,医疗,海马体,365,20250701,9166
20250701,医疗,bid是一天几次用药,365,20250701,9167
20250701,医疗,吃完饭就想吐恶心是怎么回事,365,20250701,9168
20250701,医疗,下面痒痒是怎么回事女性,365,20250701,9169
20250701,医疗,紫薯的功效与作用,365,20250701,9170
20250701,医疗,白肺,365,20250701,9171
20250701,医疗,酒女贞子的功效和作用,365,20250701,9172
20250701,医疗,柴胡舒肝丸的功效与主治作用,365,20250701,9173
20250701,医疗,八珍汤,365,20250701,9174
20250701,医疗,右腹部隐隐作痛女性什么原因,365,20250701,9175
20250701,医疗,尖锐湿庞是什么原因造成的,365,20250701,9176
20250701,医疗,坚果的功效与作用,365,20250701,9177
20250701,医疗,扁平足能治好吗能纠正过来吗,365,20250701,9178
20250701,医疗,黄芪精口服液的功效与主治,365,20250701,9179
20250701,医疗,鹿茸血有什么功效与作用,365,20250701,9180
20250701,医疗,猝死前1个月身体的信号,365,20250701,9181
20250701,医疗,皮肤科哪个医院排名第一,365,20250701,9182
20250701,医疗,cpr的全称是什么意思,365,20250701,9183
20250701,医疗,参苓健脾颗粒的作用与功效,365,20250701,9184
20250701,医疗,小肚子大是怎么回事女性,365,20250701,9185
20250701,医疗,助听器哪个品牌最好多少钱,365,20250701,9186
20250701,医疗,甘油三脂,364,20250701,9187
20250701,医疗,老鹰茶的功效和作用,364,20250701,9188
20250701,医疗,萎缩性胃炎吃什么药好得快效果最好,364,20250701,9189
20250701,医疗,香附子的功效和主治病症,364,20250701,9190
20250701,医疗,爱乐维复合维生素,364,20250701,9191
20250701,医疗,黑巧克力的功效与作用,364,20250701,9192
20250701,医疗,银屑病怎么治才能断根,364,20250701,9193
20250701,医疗,罗红霉素片成人一次吃几粒,364,20250701,9194
20250701,医疗,糖尿病吃什么药最好最有效,364,20250701,9195
20250701,医疗,凤尾草功效与治疗作用,364,20250701,9196
20250701,医疗,赖氨酸有助于长高吗,364,20250701,9197
20250701,医疗,药王石的功效与作用,364,20250701,9198
20250701,医疗,阴囊湿疹,364,20250701,9199
20250701,医疗,腹膜外剖宫产术与普通剖腹产区别,364,20250701,9200
20250701,医疗,仰卧起坐的正确做法,364,20250701,9201
20250701,医疗,普罗布考片的功效与作用,364,20250701,9202
20250701,医疗,山楂陈皮泡水喝的功效,364,20250701,9203
20250701,医疗,rush是什么药物,364,20250701,9204
20250701,医疗,"败血症是什么引起的,能彻底治好吗",364,20250701,9205
20250701,医疗,尿道口有刺痛感,364,20250701,9206
20250701,医疗,四磨汤,364,20250701,9207
20250701,医疗,手麻脚麻吃什么药最好,364,20250701,9208
20250701,医疗,北京协和医院主要擅长治疗什么病,364,20250701,9209
20250701,医疗,烂脚丫用什么药效果最好,364,20250701,9210
20250701,医疗,碘伏可以直接涂在伤口上吗,364,20250701,9211
20250701,医疗,24小时尿蛋白定量多少算严重,364,20250701,9212
20250701,医疗,洛索洛芬钠片的作用与功效,364,20250701,9213
20250701,医疗,肺癌传染吗会传染家人吗,364,20250701,9214
20250701,医疗,脖子上长了很多小肉揪是怎么回事,364,20250701,9215
20250701,医疗,腋下异味怎么治疗最有效的方法,364,20250701,9216
20250701,医疗,羊肝的功效与作用,364,20250701,9217
20250701,医疗,补肾,364,20250701,9218
20250701,医疗,氯唑沙宗片作用与功效,363,20250701,9219
20250701,医疗,气滞血瘀怎么调理效果比较好,363,20250701,9220
20250701,医疗,阑尾炎是怎么引起的,363,20250701,9221
20250701,医疗,肠系膜淋巴结炎,363,20250701,9222
20250701,医疗,hiv是艾滋病的意思吗,363,20250701,9223
20250701,医疗,血海的准确位置与功效,363,20250701,9224
20250701,医疗,乳头瘤病毒是什么病,363,20250701,9225
20250701,医疗,管状腺瘤伴低级别上皮内瘤变严重吗,363,20250701,9226
20250701,医疗,小苏打的作用和功效和食用方法,363,20250701,9227
20250701,医疗,甘露消毒丹的功效与作用,363,20250701,9228
20250701,医疗,九价,363,20250701,9229
20250701,医疗,心电轴右偏是什么意思,363,20250701,9230
20250701,医疗,柿子叶泡水喝能降血压吗,363,20250701,9231
20250701,医疗,山西省人民医院官网,363,20250701,9232
20250701,医疗,口腔扁平苔藓怎么治疗能根除,363,20250701,9233
20250701,医疗,余甘子的功效与作用,363,20250701,9234
20250701,医疗,积食的症状有哪些,363,20250701,9235
20250701,医疗,外痔疮图片,363,20250701,9236
20250701,医疗,胃寒怎么调理最快最有效果,363,20250701,9237
20250701,医疗,主动脉瓣轻度返流,363,20250701,9238
20250701,医疗,脑活素的作用功能主治,363,20250701,9239
20250701,医疗,血型,363,20250701,9240
20250701,医疗,他达拉非片20mg正确服用方法,363,20250701,9241
20250701,医疗,脑垂体瘤是一种怎样的病,363,20250701,9242
20250701,医疗,眼睛肿了怎么消肿最快方法,363,20250701,9243
20250701,医疗,腋下有异味去医院挂什么科,363,20250701,9244
20250701,医疗,尿黄是因为什么,363,20250701,9245
20250701,医疗,红茶的功效与作用适合什么人喝,363,20250701,9246
20250701,医疗,过敏药有哪几种,362,20250701,9247
20250701,医疗,复方氯己定含漱液,362,20250701,9248
20250701,医疗,黄芽汤的功用主治及配方,362,20250701,9249
20250701,医疗,2型糖尿病,362,20250701,9250
20250701,医疗,优质蛋白食物主要是哪些,362,20250701,9251
20250701,医疗,主任医师和主治医师的区别,362,20250701,9252
20250701,医疗,白术的功效和作用主治,362,20250701,9253
20250701,医疗,苯醚甲环唑主要治什么病,362,20250701,9254
20250701,医疗,指甲盖上有竖纹是什么原因,362,20250701,9255
20250701,医疗,普萘洛尔,362,20250701,9256
20250701,医疗,樟脑的功效与作用,362,20250701,9257
20250701,医疗,乌鸡白凤丸主要治什么妇科病,362,20250701,9258
20250701,医疗,脉搏和心率一样吗,362,20250701,9259
20250701,医疗,下面有瘙痒是什么原因,362,20250701,9260
20250701,医疗,流鼻涕怎么治疗方法最快最有效,362,20250701,9261
20250701,医疗,黄疸是什么症状,362,20250701,9262
20250701,医疗,发烧38度的最佳处理方法,362,20250701,9263
20250701,医疗,"后背痒,越挠越痒,尤其是晚上,痒的地方",362,20250701,9264
20250701,医疗,胸外按压与人工呼吸的比例,362,20250701,9265
20250701,医疗,铜绿假单胞菌,362,20250701,9266
20250701,医疗,拉肚子拉的全是黄稀水肚子还咕咕叫,362,20250701,9267
20250701,医疗,支沟穴,362,20250701,9268
20250701,医疗,六味地黄丸可以随便吃吗,362,20250701,9269
20250701,医疗,无患子的功效与作用,362,20250701,9270
20250701,医疗,皮肤真菌感染图片,362,20250701,9271
20250701,医疗,petct检查主要检查什么,362,20250701,9272
20250701,医疗,紫药水的作用和功效,362,20250701,9273
20250701,医疗,拔罐多长时间合适,362,20250701,9274
20250701,医疗,青蒿的功效作用与主治,361,20250701,9275
20250701,医疗,杀虫剂吸入对身体危害大吗,361,20250701,9276
20250701,医疗,紫米的功效和作用,361,20250701,9277
20250701,医疗,曲马多的功效副作用百度百科,361,20250701,9278
20250701,医疗,菠萝的功效与作用,361,20250701,9279
20250701,医疗,普罗雌烯乳膏的作用与使用方法,361,20250701,9280
20250701,医疗,花生发芽了可以吃吗,361,20250701,9281
20250701,医疗,脑白质脱髓鞘是啥病,361,20250701,9282
20250701,医疗,盐酸多奈哌齐片的功效与作用,361,20250701,9283
20250701,医疗,肠胃感冒吃什么药效果好,361,20250701,9284
20250701,医疗,肌酐高吃什么药降最快最有效,361,20250701,9285
20250701,医疗,氯雷他定糖浆,361,20250701,9286
20250701,医疗,翔宇医疗,361,20250701,9287
20250701,医疗,乙肝表面抗原>250.00是什么意思,361,20250701,9288
20250701,医疗,肠胃炎吃什么药,361,20250701,9289
20250701,医疗,碳酸钙D3,361,20250701,9290
20250701,医疗,咳嗽变异性哮喘的主要症状,361,20250701,9291
20250701,医疗,乳糖不耐受的解决方法,361,20250701,9292
20250701,医疗,测血压测左手还是右手最准确,361,20250701,9293
20250701,医疗,平均血小板体积偏低,361,20250701,9294
20250701,医疗,异丙嗪功效与作用与副作用,361,20250701,9295
20250701,医疗,减肥餐怎么吃瘦得最快一日三餐,361,20250701,9296
20250701,医疗,腺肌症的症状和危害是什么,361,20250701,9297
20250701,医疗,半边莲的作用与功效可以抗什么肿瘤,361,20250701,9298
20250701,医疗,一贯煎的功效与作用,361,20250701,9299
20250701,医疗,柴胡舒肝丸的配方成分,361,20250701,9300
20250701,医疗,青金石的功效与作用,360,20250701,9301
20250701,医疗,希刻劳,360,20250701,9302
20250701,医疗,氟米龙滴眼液的功效与作用,360,20250701,9303
20250701,医疗,低血压有什么症状和表现,360,20250701,9304
20250701,医疗,鸡蛋吃多了有什么危害,360,20250701,9305
20250701,医疗,伊可新维生素ad滴剂,360,20250701,9306
20250701,医疗,风油精可以口服吗?,360,20250701,9307
20250701,医疗,医院下午几点上班,360,20250701,9308
20250701,医疗,雄性激素过高的女生是什么原因,360,20250701,9309
20250701,医疗,龙胆泻肝汤配方,360,20250701,9310
20250701,医疗,多梦是什么原因造成的怎么治疗,360,20250701,9311
20250701,医疗,脸上起了一堆密密麻麻的小疙瘩,360,20250701,9312
20250701,医疗,菊花决明子茶的作用与功效,360,20250701,9313
20250701,医疗,异常凝血酶原高是怎么回事,360,20250701,9314
20250701,医疗,骨刺,360,20250701,9315
20250701,医疗,氨苄西林胶囊的作用和功效,360,20250701,9316
20250701,医疗,"保妇康栓几天一疗程,一般用几疗程",360,20250701,9317
20250701,医疗,支原体,360,20250701,9318
20250701,医疗,脾胃虚弱的表现和症状,360,20250701,9319
20250701,医疗,奥美拉唑肠溶胶囊一天吃几次,360,20250701,9320
20250701,医疗,血糖偏高怎么调理能恢复正常,360,20250701,9321
20250701,医疗,铝镁加混悬液的功效与作用,360,20250701,9322
20250701,医疗,褪黑素有什么作用和危害,360,20250701,9323
20250701,医疗,胃药,360,20250701,9324
20250701,医疗,摔伤后怎么消肿化瘀最快方法,360,20250701,9325
20250701,医疗,颈椎疼痛怎么缓解最快,360,20250701,9326
20250701,医疗,甲状腺过氧化物酶抗体过高说明什么,360,20250701,9327
20250701,医疗,肛门痒是怎么回事女性,360,20250701,9328
20250701,医疗,肠鸣是怎么回事老咕噜咕噜叫,360,20250701,9329
20250701,医疗,Hpv,360,20250701,9330
20250701,医疗,阴虚火旺,360,20250701,9331
20250701,医疗,隐血1个加号严重吗,360,20250701,9332
20250701,医疗,不孕不育,360,20250701,9333
20250701,医疗,窝沟封闭儿童有必要做吗,360,20250701,9334
20250701,医疗,苹果山楂水的功效和作用,359,20250701,9335
20250701,医疗,眼睛有红血丝是怎么回事,359,20250701,9336
20250701,医疗,三伏贴的功效和作用主治,359,20250701,9337
20250701,医疗,牙龈肿痛吃什么药,359,20250701,9338
20250701,医疗,栀子花的功效与作用,359,20250701,9339
20250701,医疗,积实有作用和功效,359,20250701,9340
20250701,医疗,胸膜炎,359,20250701,9341
20250701,医疗,血压低有什么症状表现,359,20250701,9342
20250701,医疗,中心静脉压的正常值,359,20250701,9343
20250701,医疗,脊椎,359,20250701,9344
20250701,医疗,螺内酯片一天吃几粒,359,20250701,9345
20250701,医疗,天花粉,359,20250701,9346
20250701,医疗,阿利沙坦酯片的作用,359,20250701,9347
20250701,医疗,方便面吃了对身体有害吗,359,20250701,9348
20250701,医疗,苦荞麦的功效和作用及禁忌,359,20250701,9349
20250701,医疗,柠檬蜂蜜水有什么功效和作用,359,20250701,9350
20250701,医疗,巨细胞病毒,359,20250701,9351
20250701,医疗,药物流产最佳时间什么时候,359,20250701,9352
20250701,医疗,"肌酐高是什么原因引起的,怎么能降下来",359,20250701,9353
20250701,医疗,黄体酮不足的症状表现有哪些,359,20250701,9354
20250701,医疗,脚心痒是怎么回事什么原因,359,20250701,9355
20250701,医疗,焦虑症吃什么药能彻底治好,359,20250701,9356
20250701,医疗,歺后2小时标准血糖为多少,359,20250701,9357
20250701,医疗,列缺的准确位置图片及功效,359,20250701,9358
20250701,医疗,葡萄糖酸钙,359,20250701,9359
20250701,医疗,一直咳嗽不停的咳嗽是什么原因,359,20250701,9360
20250701,医疗,墨旱莲,359,20250701,9361
20250701,医疗,华东医药,359,20250701,9362
20250701,医疗,b超检查多少钱一次,359,20250701,9363
20250701,医疗,吃山竹的好处与功效,359,20250701,9364
20250701,医疗,归芍地黄丸的作用与功能主治,359,20250701,9365
20250701,医疗,腋窝下长个小肉揪是怎么回事,359,20250701,9366
20250701,医疗,放屁臭是什么原因导致的,359,20250701,9367
20250701,医疗,间质瘤是什么性质的瘤,358,20250701,9368
20250701,医疗,龙涎香,358,20250701,9369
20250701,医疗,麦冬与什么搭配最佳的功效与作用,358,20250701,9370
20250701,医疗,胸前长了好多红色的小痘痘怎么办,358,20250701,9371
20250701,医疗,急性阑尾炎,358,20250701,9372
20250701,医疗,中耳炎什么症状,358,20250701,9373
20250701,医疗,桃子不能和什么一起吃?,358,20250701,9374
20250701,医疗,泡沫尿是什么原因引起的,358,20250701,9375
20250701,医疗,小青龙汤,358,20250701,9376
20250701,医疗,急性肠胃炎的表现症状有哪些,358,20250701,9377
20250701,医疗,心脏搭桥与心脏支架的区别,358,20250701,9378
20250701,医疗,阿奇霉素作用和功效,358,20250701,9379
20250701,医疗,盐酸二甲双胍缓释片,358,20250701,9380
20250701,医疗,美尼尔综合征,358,20250701,9381
20250701,医疗,大腿上有好多紫色血丝是怎么回事,358,20250701,9382
20250701,医疗,磷霉素氨丁三醇散的作用与功效,358,20250701,9383
20250701,医疗,高血压不能吃的食物有哪些,358,20250701,9384
20250701,医疗,楮实子,358,20250701,9385
20250701,医疗,一个鸡蛋的热量,358,20250701,9386
20250701,医疗,非诺贝特胶囊,358,20250701,9387
20250701,医疗,呋塞米片,358,20250701,9388
20250701,医疗,应征公民体格检查标准,358,20250701,9389
20250701,医疗,尿路感染反反复复怎么治疗才能断根,358,20250701,9390
20250701,医疗,罗布麻,358,20250701,9391
20250701,医疗,梅毒怎么传染的,358,20250701,9392
20250701,医疗,维塞肯守护星的功效,358,20250701,9393
20250701,医疗,超敏c反应蛋白是查什么的,358,20250701,9394
20250701,医疗,退烧药有哪些,358,20250701,9395
20250701,医疗,知柏地黄丸的配方,358,20250701,9396
20250701,医疗,螨虫叮咬后的症状图,358,20250701,9397
20250701,医疗,息肉,358,20250701,9398
20250701,医疗,创业慧康,358,20250701,9399
20250701,医疗,马齿苋怎么治皮肤病,358,20250701,9400
20250701,医疗,盐酸氨基葡萄糖片功效与用法,358,20250701,9401
20250701,医疗,血压低怎么调理才会升高,358,20250701,9402
20250701,医疗,小腹隐隐作痛什么原因,358,20250701,9403
20250701,医疗,氧氟沙星滴耳液,358,20250701,9404
20250701,医疗,尿糖4十严重吗怎么治疗,358,20250701,9405
20250701,医疗,乳酸菌素片饭前吃还是饭后吃,358,20250701,9406
20250701,医疗,介入治疗是啥的意思,358,20250701,9407
20250701,医疗,眩晕症吃什么药最好,358,20250701,9408
20250701,医疗,脸颊两边长痘痘是怎么回事,357,20250701,9409
20250701,医疗,999皮炎平的功效与作用,357,20250701,9410
20250701,医疗,绿豆百合汤的功效与作用,357,20250701,9411
20250701,医疗,青蒿素,357,20250701,9412
20250701,医疗,白细胞计数高说明什么问题,357,20250701,9413
20250701,医疗,鹦鹉热病是什么症状,357,20250701,9414
20250701,医疗,佝偻病有哪些症状和表现,357,20250701,9415
20250701,医疗,脸色发黄暗沉怎么回事,357,20250701,9416
20250701,医疗,败酱草的功效作用与主治,357,20250701,9417
20250701,医疗,同房后出现褐色分泌物的原因,357,20250701,9418
20250701,医疗,心力衰竭有什么症状表现,357,20250701,9419
20250701,医疗,干眼症有哪些症状,357,20250701,9420
20250701,医疗,加味逍遥丸和逍遥丸的区别,357,20250701,9421
20250701,医疗,盆腔炎的症状有哪些症状,357,20250701,9422
20250701,医疗,黄痰是风热还是风寒,357,20250701,9423
20250701,医疗,高密度脂蛋白胆固醇偏高怎么回事,357,20250701,9424
20250701,医疗,拉肚子拉血了是怎么回事,357,20250701,9425
20250701,医疗,小儿肺热咳喘颗粒,357,20250701,9426
20250701,医疗,达米阿那的功效与作用,357,20250701,9427
20250701,医疗,股骨,357,20250701,9428
20250701,医疗,金钱草泡水能治结石吗,357,20250701,9429
20250701,医疗,间苯三酚注射说明书,357,20250701,9430
20250701,医疗,穴位图,357,20250701,9431
20250701,医疗,心肌梗塞,356,20250701,9432
20250701,医疗,姨妈血是黑褐色是什么原因,356,20250701,9433
20250701,医疗,拜糖平,356,20250701,9434
20250701,医疗,委中穴,356,20250701,9435
20250701,医疗,甲状腺结节多大需要动手术,356,20250701,9436
20250701,医疗,adhd是什么病,356,20250701,9437
20250701,医疗,金荞麦的功效与作用,356,20250701,9438
20250701,医疗,右肾囊肿需要治疗吗怎么治,356,20250701,9439
20250701,医疗,尿酸正常值是多少,356,20250701,9440
20250701,医疗,秋葵泡水喝的作用与功效,356,20250701,9441
20250701,医疗,d二聚体,356,20250701,9442
20250701,医疗,健身,356,20250701,9443
20250701,医疗,急性白血病,356,20250701,9444
20250701,医疗,豆芽的功效与作用,356,20250701,9445
20250701,医疗,肠镜检查需要提前做什么准备,356,20250701,9446
20250701,医疗,子宫后位是怎么回事,356,20250701,9447
20250701,医疗,艾滋病症状,356,20250701,9448
20250701,医疗,多西环素片的功效与作用,356,20250701,9449
20250701,医疗,带状疱疹疫苗可以管几年,356,20250701,9450
20250701,医疗,低压高100吃什么药降血压最好,356,20250701,9451
20250701,医疗,前列腺增生,356,20250701,9452
20250701,医疗,痈,356,20250701,9453
20250701,医疗,内分泌失调,356,20250701,9454
20250701,医疗,葛根粉,356,20250701,9455
20250701,医疗,黄连片的功效作用与主治,356,20250701,9456
20250701,医疗,咪喹莫特乳膏作用,356,20250701,9457
20250701,医疗,输液港,356,20250701,9458
20250701,医疗,秋水仙碱片的作用与功效,356,20250701,9459
20250701,医疗,黄氏响声丸,356,20250701,9460
20250701,医疗,平胃散的配方,356,20250701,9461
20250701,医疗,睡落枕脖子痛最好最快治疗方法,356,20250701,9462
20250701,医疗,柴胡疏肝散的功效与作用,356,20250701,9463
20250701,医疗,西瓜霜润喉片的功效与作用,356,20250701,9464
20250701,医疗,南方医院,356,20250701,9465
20250701,医疗,筛窦炎是什么病,355,20250701,9466
20250701,医疗,心衰病人一般能活多久,355,20250701,9467
20250701,医疗,脖子一侧筋疼要警惕,355,20250701,9468
20250701,医疗,同型半胱氨酸高吃什么药,355,20250701,9469
20250701,医疗,溶血性黄疸,355,20250701,9470
20250701,医疗,中粒细胞偏高是什么原因是什么,355,20250701,9471
20250701,医疗,肺俞穴,355,20250701,9472
20250701,医疗,脚后跟底部疼痛的原因,355,20250701,9473
20250701,医疗,突然流鼻血是怎么回事,355,20250701,9474
20250701,医疗,感冒咳嗽怎么治最快最有效,355,20250701,9475
20250701,医疗,洋葱生吃好还是熟吃好,355,20250701,9476
20250701,医疗,风寒感冒和风热感冒的区别,355,20250701,9477
20250701,医疗,pet-ct检查主要检查什么,355,20250701,9478
20250701,医疗,活血止痛胶囊,355,20250701,9479
20250701,医疗,癔症是一种什么病,355,20250701,9480
20250701,医疗,甲状腺球蛋白偏低说明什么,355,20250701,9481
20250701,医疗,小建中汤,355,20250701,9482
20250701,医疗,上海医药,355,20250701,9483
20250701,医疗,淋病吃什么药可以治愈,355,20250701,9484
20250701,医疗,硫糖铝混悬凝胶,355,20250701,9485
20250701,医疗,阴超是怎么检查的,355,20250701,9486
20250701,医疗,安神补脑液对失眠有用吗,355,20250701,9487
20250701,医疗,膀胱癌,355,20250701,9488
20250701,医疗,左眼上眼皮跳是怎么回事预兆,355,20250701,9489
20250701,医疗,乌梅汤的功效与作用,355,20250701,9490
20250701,医疗,血小板比积偏高说明什么问题,355,20250701,9491
20250701,医疗,胆宁片的作用与功效,355,20250701,9492
20250701,医疗,甘露醇注射功效与作用及副作用,355,20250701,9493
20250701,医疗,穿心莲内酯滴丸,355,20250701,9494
20250701,医疗,西咪替丁片的功效与作用,355,20250701,9495
20250701,医疗,总胆红素高说明什么问题 严重吗,355,20250701,9496
20250701,医疗,钩藤的功效与作用,355,20250701,9497
20250701,医疗,swisse,355,20250701,9498
20250701,医疗,上海五官科医院,355,20250701,9499
20250701,医疗,大柴胡汤,355,20250701,9500
20250701,医疗,马来酸依那普利片,354,20250701,9501
20250701,医疗,月经不规律怎么回事,354,20250701,9502
20250701,医疗,牙疼吃什么药,354,20250701,9503
20250701,医疗,肌酸,354,20250701,9504
20250701,医疗,外阴炎,354,20250701,9505
20250701,医疗,梅毒的传播途径有哪些,354,20250701,9506
20250701,医疗,格拉斯哥昏迷评分标准(GSC),354,20250701,9507
20250701,医疗,牛黄是什么东西,354,20250701,9508
20250701,医疗,湘雅二医院,354,20250701,9509
20250701,医疗,枳术宽中胶囊的功效与作用,354,20250701,9510
20250701,医疗,嗜碱性粒细胞偏高说明什么,354,20250701,9511
20250701,医疗,体质指数计算公式,354,20250701,9512
20250701,医疗,天门冬氨酸氨基转移酶偏低是什么意思,354,20250701,9513
20250701,医疗,睡觉老是做梦是什么原因,354,20250701,9514
20250701,医疗,耳朵进水了怎么办最有效的方法,354,20250701,9515
20250701,医疗,脑供血不足是什么原因引起的 要怎么治疗,354,20250701,9516
20250701,医疗,绿豆莲子汤的功效与作用,354,20250701,9517
20250701,医疗,西苑医院,354,20250701,9518
20250701,医疗,结肠炎直肠炎吃什么药治疗效果好,354,20250701,9519
20250701,医疗,黄瓜热量,354,20250701,9520
20250701,医疗,归脾汤,354,20250701,9521
20250701,医疗,无极膏,354,20250701,9522
20250701,医疗,喝酒脸红是什么原因造成的,354,20250701,9523
20250701,医疗,腺体是什么部位,354,20250701,9524
20250701,医疗,吃百香果有什么好处和功效,354,20250701,9525
20250701,医疗,血压计哪个牌子质量好又精准,354,20250701,9526
20250701,医疗,思美格鲁肽,354,20250701,9527
20250701,医疗,鱼石脂软膏,354,20250701,9528
20250701,医疗,糖耐量测试正常值范围,354,20250701,9529
20250701,医疗,藿香正气胶囊的功效与作用,354,20250701,9530
20250701,医疗,丙戊酸钠,354,20250701,9531
20250701,医疗,舒张压低于60的危害,354,20250701,9532
20250701,医疗,三尖瓣少量反流,354,20250701,9533
20250701,医疗,参苓白术丸的功效作用与主治,354,20250701,9534
20250701,医疗,黄瓜和西红柿能一起吃吗?,354,20250701,9535
20250701,医疗,高血压分级一级二级三级,353,20250701,9536
20250701,医疗,孕早期有褐色分泌物是怎么回事,353,20250701,9537
20250701,医疗,鹌鹑蛋为啥不建议吃,353,20250701,9538
20250701,医疗,黄体囊肿是怎么回事,353,20250701,9539
20250701,医疗,人体有多少块骨头,353,20250701,9540
20250701,医疗,药明生物,353,20250701,9541
20250701,医疗,肝气郁结吃什么中成药,353,20250701,9542
20250701,医疗,蒺藜,353,20250701,9543
20250701,医疗,依折麦布片的功效与作用,353,20250701,9544
20250701,医疗,血压多少正常,353,20250701,9545
20250701,医疗,"女性尿完又想尿,下面老是有尿意",353,20250701,9546
20250701,医疗,脚肿用什么方法消肿最快好,353,20250701,9547
20250701,医疗,盘龙七片,353,20250701,9548
20250701,医疗,肌酐高,353,20250701,9549
20250701,医疗,尿白细胞酯酶阳性是怎么回事,353,20250701,9550
20250701,医疗,"舌尖疼是什么原因引起的,怎么解决",353,20250701,9551
20250701,医疗,布洛芬能喝酒吗,353,20250701,9552
20250701,医疗,地塞米松的作用和功效,353,20250701,9553
20250701,医疗,第一次同房下面好痛什么原因,353,20250701,9554
20250701,医疗,体位性低血压,353,20250701,9555
20250701,医疗,双黄透骨颗粒功效与作用,352,20250701,9556
20250701,医疗,单核细胞高是怎么回事,352,20250701,9557
20250701,医疗,血清淀粉样蛋白高说明什么,352,20250701,9558
20250701,医疗,血清促甲状腺激素偏高是什么意思,352,20250701,9559
20250701,医疗,高密度脂蛋白胆固醇偏低是什么意思,352,20250701,9560
20250701,医疗,优佳味肽是什么,352,20250701,9561
20250701,医疗,手指长了像水泡一样的颗粒,352,20250701,9562
20250701,医疗,氯虫苯甲酰胺的作用与功效,352,20250701,9563
20250701,医疗,阿魏酸哌嗪片的作用与功效,352,20250701,9564
20250701,医疗,咽,352,20250701,9565
20250701,医疗,鱿鱼的营养价值和功效,352,20250701,9566
20250701,医疗,白血病能治好吗,352,20250701,9567
20250701,医疗,雷击木的作用与功效,352,20250701,9568
20250701,医疗,包皮手术全过程,352,20250701,9569
20250701,医疗,宫颈低级别鳞状上皮内病变严重吗,352,20250701,9570
20250701,医疗,子宫腺肌瘤怎么治才能彻底根除,352,20250701,9571
20250701,医疗,37.5度算不算发烧,352,20250701,9572
20250701,医疗,银杏叶,352,20250701,9573
20250701,医疗,OTC,352,20250701,9574
20250701,医疗,钾对人体的作用,352,20250701,9575
20250701,医疗,太渊准确位置图和作用及功效,352,20250701,9576
20250701,医疗,静脉曲张图片0-6级图片,352,20250701,9577
20250701,医疗,黄体功能不足是什么原因,352,20250701,9578
20250701,医疗,红薯叶子的作用与功效,352,20250701,9579
20250701,医疗,嗜碱性粒细胞高是怎么回事,352,20250701,9580
20250701,医疗,氧氟沙星凝胶,352,20250701,9581
20250701,医疗,玉米热量,352,20250701,9582
20250701,医疗,淡竹叶的功效作用与主治,352,20250701,9583
20250701,医疗,生酮饮食,352,20250701,9584
20250701,医疗,米非司酮片,352,20250701,9585
20250701,医疗,大便有血是怎么回事也不疼,352,20250701,9586
20250701,医疗,乳腺增生是什么原因引起的呢,352,20250701,9587
20250701,医疗,盐酸左氧氟沙星胶囊0.1g一次吃几粒,352,20250701,9588
20250701,医疗,萆薢的功效与作用,352,20250701,9589
20250701,医疗,阿卡波糖片的副作用和危害,352,20250701,9590
20250701,医疗,咽炎吃什么药效果最好,351,20250701,9591
20250701,医疗,交泰丸的功效与作用,351,20250701,9592
20250701,医疗,大卡和千卡一样吗?,351,20250701,9593
20250701,医疗,头发掉得很严重是什么原因,351,20250701,9594
20250701,医疗,参苓健脾胃颗粒的作用与功效,351,20250701,9595
20250701,医疗,然谷的准确位置图,351,20250701,9596
20250701,医疗,"球蛋白偏低怎么回事,有什么危害",351,20250701,9597
20250701,医疗,归脾合剂,351,20250701,9598
20250701,医疗,甲功三项能检查出什么病,351,20250701,9599
20250701,医疗,维生素b12片的作用及功能主治,351,20250701,9600
20250701,医疗,焦虑症躯体化症状,351,20250701,9601
20250701,医疗,双氯芬酸钠肠溶片的作用与功效,351,20250701,9602
20250701,医疗,同房后用纸擦有淡红色血,351,20250701,9603
20250701,医疗,血小板低吃啥补得快,351,20250701,9604
20250701,医疗,麻药一般几个小时失效,351,20250701,9605
20250701,医疗,吃避孕药后下面流血是什么原因,351,20250701,9606
20250701,医疗,aids是什么病的简称,351,20250701,9607
20250701,医疗,胆碱能性荨麻疹,351,20250701,9608
20250701,医疗,糖类抗原ca199是什么肿瘤指标,351,20250701,9609
20250701,医疗,炒大米泡水喝有什么功效和作用,351,20250701,9610
20250701,医疗,脾胃虚弱吃什么食物可以补脾胃,351,20250701,9611
20250701,医疗,过敏性结膜炎用什么眼药水最好,351,20250701,9612
20250701,医疗,补骨脂,351,20250701,9613
20250701,医疗,舒必利片的功效与作用,351,20250701,9614
20250701,医疗,侧柏叶,351,20250701,9615
20250701,医疗,明日叶茶的功效与作用,351,20250701,9616
20250701,医疗,氯氮平片的功效和作用及副作用,351,20250701,9617
20250701,医疗,哌拉西林钠他唑巴坦钠的作用,351,20250701,9618
20250701,医疗,荔枝皮煮水喝有什么功效,351,20250701,9619
20250701,医疗,脑立清丸的功效与作用,351,20250701,9620
20250701,医疗,关元的准确位置图作用,350,20250701,9621
20250701,医疗,排骨炖汤放什么食物一起炖营养,350,20250701,9622
20250701,医疗,呼啦圈运动的好处和坏处,350,20250701,9623
20250701,医疗,舒眠胶囊的功效与作用,350,20250701,9624
20250701,医疗,艾灸的正确方法视频教程,350,20250701,9625
20250701,医疗,鳞状细胞癌,350,20250701,9626
20250701,医疗,子宫直肠窝积液是怎么回事,350,20250701,9627
20250701,医疗,格列齐特缓释片的功效和副作用,350,20250701,9628
20250701,医疗,脱发怎么调理头发才能长出来,350,20250701,9629
20250701,医疗,中风是怎么引起的 原因有哪些,350,20250701,9630
20250701,医疗,藿香清胃丸的功效作用,350,20250701,9631
20250701,医疗,狂犬疫苗的副作用和禁忌,350,20250701,9632
20250701,医疗,肾骨片的功效与作用,350,20250701,9633
20250701,医疗,骨关节炎怎么治疗最好最有效,350,20250701,9634
20250701,医疗,红斑狼疮图片,350,20250701,9635
20250701,医疗,细菌感染是什么原因,350,20250701,9636
20250701,医疗,玉米水的作用和功效,350,20250701,9637
20250701,医疗,上海第六人民医院,350,20250701,9638
20250701,医疗,腰椎间盘突出压迫神经腿疼怎么治,350,20250701,9639
20250701,医疗,石女是什么意思,350,20250701,9640
20250701,医疗,高压低是什么原因引起的,350,20250701,9641
20250701,医疗,狗尾草的功效与作用,350,20250701,9642
20250701,医疗,gcp医学上是什么意思,350,20250701,9643
20250701,医疗,被蚊子咬了好多包一直很痒怎么办,350,20250701,9644
20250701,医疗,胫骨是哪个部位,350,20250701,9645
20250701,医疗,瘊子,350,20250701,9646
20250701,医疗,五灵脂,350,20250701,9647
20250701,医疗,脑膜瘤,350,20250701,9648
20250701,医疗,出汗多吃什么止汗效果最好,349,20250701,9649
20250701,医疗,老年痴呆症和阿尔兹海默症的区别,349,20250701,9650
20250701,医疗,稳心颗粒是治心跳快还是心跳慢,349,20250701,9651
20250701,医疗,阿莫罗芬搽剂的作用与功效,349,20250701,9652
20250701,医疗,防己黄芪汤,349,20250701,9653
20250701,医疗,大环内酯类抗生素有哪些,349,20250701,9654
20250701,医疗,幽门螺旋杆菌是什么原因造成的,349,20250701,9655
20250701,医疗,慢性肾炎有哪些症状,349,20250701,9656
20250701,医疗,清江鱼尽量少吃的原因,349,20250701,9657
20250701,医疗,修士们辟谷时都吃什么保持身体健康,349,20250701,9658
20250701,医疗,北芪的功效与作用,349,20250701,9659
20250701,医疗,拉肚子是什么原因造成的,349,20250701,9660
20250701,医疗,碘伏过期了还能用吗,349,20250701,9661
20250701,医疗,北京协和医院怎么挂号网上预约,349,20250701,9662
20250701,医疗,有氧运动有哪些,349,20250701,9663
20250701,医疗,鸸鹋油的功能和主治,349,20250701,9664
20250701,医疗,健脑补肾丸的功效与作用,349,20250701,9665
20250701,医疗,蒲地蓝口服液,349,20250701,9666
20250701,医疗,石药集团,349,20250701,9667
20250701,医疗,天门冬的作用和功效,349,20250701,9668
20250701,医疗,血红蛋白浓度偏低的原因及危害,349,20250701,9669
20250701,医疗,间接胆红素偏高说明什么问题,349,20250701,9670
20250701,医疗,降钙素原高说明什么,349,20250701,9671
20250701,医疗,后溪的准确位置图 作用,349,20250701,9672
20250701,医疗,厄贝沙坦片用法用量,349,20250701,9673
20250701,医疗,氨酚羟考酮片,349,20250701,9674
20250701,医疗,蒲公英的功效与主治,349,20250701,9675
20250701,医疗,痛风吃什么药治疗最有效,349,20250701,9676
20250701,医疗,莲子心对男人性功能有好处吗,349,20250701,9677
20250701,医疗,腿抽筋怎么办快速缓解小妙招,349,20250701,9678
20250701,医疗,上海第一人民医院,349,20250701,9679
20250701,医疗,枳实导滞丸,349,20250701,9680
20250701,医疗,补佳乐,349,20250701,9681
20250701,医疗,罗汉果泡水喝的功效与作用,349,20250701,9682
20250701,医疗,bmi值正常标准是多少,349,20250701,9683
20250701,医疗,高密度脂蛋白胆固醇偏高说明什么问题,349,20250701,9684
20250701,医疗,硫酸镁的功效和作用,348,20250701,9685
20250701,医疗,会厌囊肿是怎么回事,348,20250701,9686
20250701,医疗,山竹是凉性的还是热性的,348,20250701,9687
20250701,医疗,前列腺炎能自己恢复吗,348,20250701,9688
20250701,医疗,脑萎缩会导致什么后果,348,20250701,9689
20250701,医疗,健康状况怎么填写,348,20250701,9690
20250701,医疗,鼻甲肥大怎么治疗效果最好,348,20250701,9691
20250701,医疗,心肌桥是什么病,348,20250701,9692
20250701,医疗,纤维蛋白原,348,20250701,9693
20250701,医疗,秦艽对男性的功效与作用,348,20250701,9694
20250701,医疗,铁皮石斛多少钱一斤2025年价格表,348,20250701,9695
20250701,医疗,异维a酸胶囊,348,20250701,9696
20250701,医疗,方舟健客网上药店下载app,348,20250701,9697
20250701,医疗,被猫抓伤出血要打针吗,348,20250701,9698
20250701,医疗,破伤风的潜伏期一般为多少天,348,20250701,9699
20250701,医疗,盐酸洛哌丁胺胶囊的作用与功效,348,20250701,9700
20250701,医疗,冬瓜皮的功效与作用,348,20250701,9701
20250701,医疗,黑豆泡醋有什么功效和作用,348,20250701,9702
20250701,医疗,碳水化合物是指哪些食物,348,20250701,9703
20250701,医疗,半夏图片,348,20250701,9704
20250701,医疗,人参健脾丸适合什么样的人吃,348,20250701,9705
20250701,医疗,肚子疼最快缓解方法,348,20250701,9706
20250701,医疗,糖耐主要是检查什么,348,20250701,9707
20250701,医疗,心率高于100有什么危害,348,20250701,9708
20250701,医疗,茶氨酸的功效与作用,348,20250701,9709
20250701,医疗,脑血栓,348,20250701,9710
20250701,医疗,疖子,348,20250701,9711
20250701,医疗,敏使朗,348,20250701,9712
20250701,医疗,尿崩症是什么症状,348,20250701,9713
20250701,医疗,如何提高免疫力的最有效方法,348,20250701,9714
20250701,医疗,空泡蝶鞍是啥意思,347,20250701,9715
20250701,医疗,养老穴,347,20250701,9716
20250701,医疗,他达拉非吃了多久起效,347,20250701,9717
20250701,医疗,13价肺炎疫苗有没有必要打,347,20250701,9718
20250701,医疗,当归芍药散的功效与作用,347,20250701,9719
20250701,医疗,休克指数,347,20250701,9720
20250701,医疗,晕车是啥原因引起的,347,20250701,9721
20250701,医疗,韭菜籽加枸杞对性功能有效吗,347,20250701,9722
20250701,医疗,肌肉萎缩怎么治疗最有效,347,20250701,9723
20250701,医疗,支气管炎吃什么药,347,20250701,9724
20250701,医疗,防暑降温的措施有哪些,347,20250701,9725
20250701,医疗,麻疹的症状是什么样子的图片,347,20250701,9726
20250701,医疗,香附子的图片,347,20250701,9727
20250701,医疗,仰卧起坐,347,20250701,9728
20250701,医疗,跌打损伤消肿止痛用什么药,347,20250701,9729
20250701,医疗,尿检能查出哪些病,347,20250701,9730
20250701,医疗,阴超可以检查出哪些妇科疾病,347,20250701,9731
20250701,医疗,唑来膦酸的作用与效果和副作用,347,20250701,9732
20250701,医疗,肛门潮湿瘙痒是怎么回事男性,347,20250701,9733
20250701,医疗,白术的主要功效和作用,347,20250701,9734
20250701,医疗,土霉素,347,20250701,9735
20250701,医疗,生姜贴脚底有什么功效,347,20250701,9736
20250701,医疗,潮热是什么症状表现,347,20250701,9737
20250701,医疗,过敏性咳嗽症状的主要表现,347,20250701,9738
20250701,医疗,舒肝益阳胶囊功能主治和作用,347,20250701,9739
20250701,医疗,脾虚调理最有效的方法,347,20250701,9740
20250701,医疗,低血压是什么原因造成的,347,20250701,9741
20250701,医疗,"耳朵下面和脸颊交界处肿胀,有硬块",347,20250701,9742
20250701,医疗,c反应蛋白高是什么意思,347,20250701,9743
20250701,医疗,杨梅上火还是降火,347,20250701,9744
20250701,医疗,谷氨酰转移酶高说明什么问题,347,20250701,9745
20250701,医疗,氨茶碱的作用与功效,347,20250701,9746
20250701,医疗,煮玉米水能喝吗有什么功效,347,20250701,9747
20250701,医疗,肠息肉吃什么药能彻底根除,347,20250701,9748
20250701,医疗,怀孕一个月建议药流还是人流,347,20250701,9749
20250701,医疗,吃什么补血快又补得快最好,347,20250701,9750
20250701,医疗,晚上睡觉流口水是什么原因呢,347,20250701,9751
20250701,医疗,牛油果的功效和营养价值,347,20250701,9752
20250701,医疗,醋泡洋葱的功效与作用,346,20250701,9753
20250701,医疗,金钱草的功效与作用,346,20250701,9754
20250701,医疗,金纳多片的功效与作用,346,20250701,9755
20250701,医疗,鼻中隔偏曲,346,20250701,9756
20250701,医疗,孩子脸上出现一块白一块白什么原因,346,20250701,9757
20250701,医疗,尿潜血2个十号是什么意思,346,20250701,9758
20250701,医疗,芒果是热性水果还是凉性水果,346,20250701,9759
20250701,医疗,胺碘酮的作用及副作用,346,20250701,9760
20250701,医疗,"hpv疫苗二价,四价,九价有什么区别",346,20250701,9761
20250701,医疗,青岛大学附属医院,346,20250701,9762
20250701,医疗,复合维生素片有哪几种维生素,346,20250701,9763
20250701,医疗,心绞痛的症状有哪些症状,346,20250701,9764
20250701,医疗,肛门瘙痒用什么药膏最有效果最好,346,20250701,9765
20250701,医疗,羧甲司坦口服溶液的功效,346,20250701,9766
20250701,医疗,龙葵草药图片,346,20250701,9767
20250701,医疗,六君子汤的配方,346,20250701,9768
20250701,医疗,米饭热量,346,20250701,9769
20250701,医疗,砭石的作用与功效,346,20250701,9770
20250701,医疗,多潘立酮片的主治功效与作用,346,20250701,9771
20250701,医疗,豆浆和鸡蛋可以一起吃吗?,346,20250701,9772
20250701,医疗,盆底肌松弛怎么治疗最好,346,20250701,9773
20250701,医疗,失眠是身体哪里出现问题,346,20250701,9774
20250701,医疗,黄芪党参乌黑液能治白发吗,346,20250701,9775
20250701,医疗,咽喉痛吃什么药好得快,346,20250701,9776
20250701,医疗,妇科检查,346,20250701,9777
20250701,医疗,急性荨麻疹是什么原因引起的,346,20250701,9778
20250701,医疗,右下腹部隐隐约约的疼怎么回事,346,20250701,9779
20250701,医疗,龙胆草图片,346,20250701,9780
20250701,医疗,经常手淫会对身体造成什么伤害,346,20250701,9781
20250701,医疗,榴莲壳有什么用处和功效,346,20250701,9782
20250701,医疗,法半夏,346,20250701,9783
20250701,医疗,电蚊香液开一晚上对人体有害吗,346,20250701,9784
20250701,医疗,头皮长小疙瘩是什么原因引起的,346,20250701,9785
20250701,医疗,便秘果的功效与作用有副作用吗,345,20250701,9786
20250701,医疗,线索细胞阳性是什么意思,345,20250701,9787
20250701,医疗,积食,345,20250701,9788
20250701,医疗,姜黄素功效与作用及危害,345,20250701,9789
20250701,医疗,白带是什么,345,20250701,9790
20250701,医疗,hcg是检查什么项目,345,20250701,9791
20250701,医疗,氯诺昔康注射功效与作用,345,20250701,9792
20250701,医疗,psa前列腺特异抗原升高说明什么,345,20250701,9793
20250701,医疗,血压低怎么办,345,20250701,9794
20250701,医疗,肺大泡是什么原因导致的能治愈吗,345,20250701,9795
20250701,医疗,红参片的功效和作用及食用方法,345,20250701,9796
20250701,医疗,朱砂多少钱一克2025年价格表,345,20250701,9797
20250701,医疗,大腿内侧阴囊边上长了个疙瘩,345,20250701,9798
20250701,医疗,三阴准确位置图和作用功效,345,20250701,9799
20250701,医疗,孕早期有哪些症状,345,20250701,9800
20250701,医疗,染色体是指什么意思,345,20250701,9801
20250701,医疗,手肿胀什么原因引起的女性,345,20250701,9802
20250701,医疗,落枕是什么原因导致的,345,20250701,9803
20250701,医疗,羽衣甘蓝的作用与功效,345,20250701,9804
20250701,医疗,气血不足,345,20250701,9805
20250701,医疗,兔肉的功效与作用,345,20250701,9806
20250701,医疗,咳嗽能吃西瓜吗,345,20250701,9807
20250701,医疗,黑豆是凉性还是热性,345,20250701,9808
20250701,医疗,热射病的症状,345,20250701,9809
20250701,医疗,金银花颗粒的功效与作用,345,20250701,9810
20250701,医疗,调理脾胃最好的方法,345,20250701,9811
20250701,医疗,科兴疫苗对人体有哪些危害和副作用,345,20250701,9812
20250701,医疗,三金片治尿路感染最多吃几天,345,20250701,9813
20250701,医疗,带鱼的营养价值及功效,345,20250701,9814
20250701,医疗,"瞌睡多,没有精神,很容易犯困咋回事",345,20250701,9815
20250701,医疗,嘴唇肿起来一般是什么原因引起的,345,20250701,9816
20250701,医疗,核磁共振对人的伤害有多大,345,20250701,9817
20250701,医疗,黄体酮胶囊推迟月经正确吃法用量,345,20250701,9818
20250701,医疗,膝盖响咯吱声是咋回事,345,20250701,9819
20250701,医疗,脚底对应的五脏六腑位置图,345,20250701,9820
20250701,医疗,甲钴胺和维生素b1一起吃治什么病,345,20250701,9821
20250701,医疗,富马酸喹硫平,345,20250701,9822
20250701,医疗,一岁半宝宝身高体重标准,345,20250701,9823
20250701,医疗,高良姜的功效与作用,345,20250701,9824
20250701,医疗,氨溴索,344,20250701,9825
20250701,医疗,蛔虫,344,20250701,9826
20250701,医疗,枳壳,344,20250701,9827
20250701,医疗,补钙吃什么食物最好最快,344,20250701,9828
20250701,医疗,姨妈推迟十几天了还没来怎么回事,344,20250701,9829
20250701,医疗,炒白术的主要功效和作用,344,20250701,9830
20250701,医疗,布洛芬间隔多久可以吃一次,344,20250701,9831
20250701,医疗,鹿角霜的功效与作用,344,20250701,9832
20250701,医疗,胃肠感冒吃点啥药比较好,344,20250701,9833
20250701,医疗,西洋参的作用和功效,344,20250701,9834
20250701,医疗,晕碳是什么症状,344,20250701,9835
20250701,医疗,呋虫胺的作用与功效,344,20250701,9836
20250701,医疗,精氨酸,344,20250701,9837
20250701,医疗,三七脂肝丸功效与作用,344,20250701,9838
20250701,医疗,左氧氟沙星片的功效与作用,344,20250701,9839
20250701,医疗,肌无力是什么症状,344,20250701,9840
20250701,医疗,癫痫症状有哪些表现,344,20250701,9841
20250701,医疗,量体温几分钟准确,344,20250701,9842
20250701,医疗,槐耳颗粒的功效与作用,344,20250701,9843
20250701,医疗,玫瑰茄的功效与作用,344,20250701,9844
20250701,医疗,茯苓的作用和功效,344,20250701,9845
20250701,医疗,雄黄,344,20250701,9846
20250701,医疗,降尿酸吃什么最好最降得快,344,20250701,9847
20250701,医疗,额窦炎症状表现有哪些,344,20250701,9848
20250701,医疗,腋臭和狐臭有什么区别怎么辨别,343,20250701,9849
20250701,医疗,吃榴莲会不会长胖,343,20250701,9850
20250701,医疗,晚上睡觉磨牙是什么原因?怎样解决,343,20250701,9851
20250701,医疗,愈美片,343,20250701,9852
20250701,医疗,鹅肝的营养价值及危害,343,20250701,9853
20250701,医疗,西比灵,343,20250701,9854
20250701,医疗,吃甲硝唑能喝酒吗,343,20250701,9855
20250701,医疗,后脑勺有个凸起的包,343,20250701,9856
20250701,医疗,心肌酶高会引起什么症状,343,20250701,9857
20250701,医疗,老年性阴道炎怎么根治效果好,343,20250701,9858
20250701,医疗,北京301医院最擅长治什么病,343,20250701,9859
20250701,医疗,蜂花粉的功效与作用,343,20250701,9860
20250701,医疗,羊奶的功效与作用,343,20250701,9861
20250701,医疗,阳虚的主要症状,343,20250701,9862
20250701,医疗,妇科病的常见症状,343,20250701,9863
20250701,医疗,依托考昔,343,20250701,9864
20250701,医疗,右眼皮跳,343,20250701,9865
20250701,医疗,阴道口长小疙瘩是怎么回事,343,20250701,9866
20250701,医疗,小孩发热39度怎么办法退热快,343,20250701,9867
20250701,医疗,烫伤,343,20250701,9868
20250701,医疗,视力,343,20250701,9869
20250701,医疗,藕粉到底养胃还是伤胃,343,20250701,9870
20250701,医疗,中暑症状,343,20250701,9871
20250701,医疗,怀孕最早的信号,343,20250701,9872
20250701,医疗,特比萘芬乳膏的功效与作用,343,20250701,9873
20250701,医疗,香蕉是热性还是凉性,343,20250701,9874
20250701,医疗,金匮肾气丸的功效与主治,343,20250701,9875
20250701,医疗,气海和关元的准确位置与功效,343,20250701,9876
20250701,医疗,淮山的功效与作用,343,20250701,9877
20250701,医疗,脾虚,343,20250701,9878
20250701,医疗,恶心反胃想吐是什么原因,343,20250701,9879
20250701,医疗,疏肝理气用什么药最好,343,20250701,9880
20250701,医疗,红曲米,343,20250701,9881
20250701,医疗,体检一般检查哪些项目女性,342,20250701,9882
20250701,医疗,马拉色菌,342,20250701,9883
20250701,医疗,神经炎有什么症状表现,342,20250701,9884
20250701,医疗,耳屎是湿黄粘糊的怎么回事,342,20250701,9885
20250701,医疗,氯高是什么原因,342,20250701,9886
20250701,医疗,蜂蜜和陈醋一起喝有什么作用与功效,342,20250701,9887
20250701,医疗,彩超是检查什么的,342,20250701,9888
20250701,医疗,拉肚子怎么治疗最快方法,342,20250701,9889
20250701,医疗,地舒单抗针剂的功效和副作用,342,20250701,9890
20250701,医疗,地西泮的作用与功效是安眠药吗,342,20250701,9891
20250701,医疗,构杞的功效,342,20250701,9892
20250701,医疗,香砂六君子丸的功效与作用,342,20250701,9893
20250701,医疗,木糖醇,342,20250701,9894
20250701,医疗,胃胀吃什么药效果最快,342,20250701,9895
20250701,医疗,胃痛吃什么药好得快效果最好,342,20250701,9896
20250701,医疗,替硝唑片的作用与用量,342,20250701,9897
20250701,医疗,游泳池会感染hpv病毒吗,342,20250701,9898
20250701,医疗,手心老是出汗怎么回事,342,20250701,9899
20250701,医疗,鸡蛋是发物吗?,342,20250701,9900
20250701,医疗,胃经的经络走向图及功效,342,20250701,9901
20250701,医疗,创口贴和创可贴的区别,342,20250701,9902
20250701,医疗,火龙果吃多了有什么危害,342,20250701,9903
20250701,医疗,甲母痣是怎么回事,342,20250701,9904
20250701,医疗,躺下就头晕天旋地转怎么回事,342,20250701,9905
20250701,医疗,慢性前列腺炎怎样才能治愈,342,20250701,9906
20250701,医疗,山药粉的功效与作用,342,20250701,9907
20250701,医疗,胃复安又叫什么名字,342,20250701,9908
20250701,医疗,七叶皂苷钠片功效和作用,342,20250701,9909
20250701,医疗,黑豆浆和黄豆浆哪个更营养,342,20250701,9910
20250701,医疗,心率慢是怎么回事 怎么调理,342,20250701,9911
20250701,医疗,银耳的功效与作用,342,20250701,9912
20250701,医疗,吃杏对身体有什么好处和坏处,342,20250701,9913
20250701,医疗,尿血是什么病症的前兆,342,20250701,9914
20250701,医疗,北京协和医院挂号预约,342,20250701,9915
20250701,医疗,性压抑是什么意思,341,20250701,9916
20250701,医疗,acei类药物有哪些,341,20250701,9917
20250701,医疗,阳痿吃什么好,341,20250701,9918
20250701,医疗,广州中医药大学第一附属医院,341,20250701,9919
20250701,医疗,人参归脾丸,341,20250701,9920
20250701,医疗,肝右叶钙化灶是什么意思,341,20250701,9921
20250701,医疗,胀气怎么消除最快最有效的方法,341,20250701,9922
20250701,医疗,垂体瘤,341,20250701,9923
20250701,医疗,慢性宫颈炎怎么治疗才能彻底根除,341,20250701,9924
20250701,医疗,摩罗丹适合哪种胃病,341,20250701,9925
20250701,医疗,奥美拉唑肠溶胶囊饭前吃还是饭后吃一天吃几次,341,20250701,9926
20250701,医疗,霍香,341,20250701,9927
20250701,医疗,外痔疮肉球怎么消除最快方法,341,20250701,9928
20250701,医疗,手臂,341,20250701,9929
20250701,医疗,早上起来口苦是什么原因,341,20250701,9930
20250701,医疗,虾青素的功效与作用,341,20250701,9931
20250701,医疗,血氧饱和度,341,20250701,9932
20250701,医疗,隐翅虫咬了后涂什么药膏,341,20250701,9933
20250701,医疗,眉毛长了一根很长的眉毛是什么原因,341,20250701,9934
20250701,医疗,多动症儿童最有效的治疗方法,341,20250701,9935
20250701,医疗,脑血管堵塞最好的治疗方法,341,20250701,9936
20250701,医疗,桑寄生,341,20250701,9937
20250701,医疗,三伏贴什么时候开始贴,341,20250701,9938
20250701,医疗,人民医院电话咨询24小时,341,20250701,9939
20250701,医疗,血脂高怎么调理才能彻底根除,341,20250701,9940
20250701,医疗,lung rads 2级是什么意思,341,20250701,9941
20250701,医疗,布洛芬是消炎药吗,341,20250701,9942
20250701,医疗,幽门螺旋杆菌吃什么药能根治,341,20250701,9943
20250701,医疗,度洛西汀的功效和副作用,341,20250701,9944
20250701,医疗,博腾股份,341,20250701,9945
20250701,医疗,预激综合征,341,20250701,9946
20250701,医疗,善存片多种维生素的作用和功效,341,20250701,9947
20250701,医疗,盐酸氟桂利嗪胶囊的功效与作用吃几粒,341,20250701,9948
20250701,医疗,隐匿性包茎多大年龄最适合手术,341,20250701,9949
20250701,医疗,肝结节是什么病严重吗怎么治疗,340,20250701,9950
20250701,医疗,维c银翘片,340,20250701,9951
20250701,医疗,摇呼啦圈真的能瘦肚子和腰吗,340,20250701,9952
20250701,医疗,嘴唇发紫是怎么回事什么病症,340,20250701,9953
20250701,医疗,手麻怎么回事什么原因引起的,340,20250701,9954
20250701,医疗,便秘吃什么药最快,340,20250701,9955
20250701,医疗,桂枝汤标准配方,340,20250701,9956
20250701,医疗,口炎清颗粒的功效与作用,340,20250701,9957
20250701,医疗,黑芝麻的功效与主治,340,20250701,9958
20250701,医疗,欢太健康,340,20250701,9959
20250701,医疗,脉压差正常范围,340,20250701,9960
20250701,医疗,鼻涕倒流到咽喉老吐痰怎么治,340,20250701,9961
20250701,医疗,马油的功效和作用,340,20250701,9962
20250701,医疗,鸭血的功效与作用,340,20250701,9963
20250701,医疗,贝伐珠单抗是化疗还是靶向治疗,340,20250701,9964
20250701,医疗,卵磷脂的作用与功效,340,20250701,9965
20250701,医疗,跟腱炎怎样治疗好得快,340,20250701,9966
20250701,医疗,"骨癌的前兆是什么症状,哪里疼",340,20250701,9967
20250701,医疗,甲硝唑能喝酒吗,340,20250701,9968
20250701,医疗,肠胀气是什么原因引起的怎么解决,340,20250701,9969
20250701,医疗,美沙拉嗪的功效与作用,340,20250701,9970
20250701,医疗,脸上突然长了好多密密麻麻的小疙瘩,340,20250701,9971
20250701,医疗,咳嗽咳出血是什么原因,340,20250701,9972
20250701,医疗,甲硝唑凝胶的作用与功效,340,20250701,9973
20250701,医疗,支原体阳性是什么病,340,20250701,9974
20250701,医疗,拉肚子吃点什么食物好,340,20250701,9975
20250701,医疗,扑热息痛,339,20250701,9976
20250701,医疗,孕吐一般持续多久结束,339,20250701,9977
20250701,医疗,右侧小腹下面隐隐作痛什么原因女性,339,20250701,9978
20250701,医疗,柴胡桂枝干姜汤的组成及功效主治,339,20250701,9979
20250701,医疗,身上出现白斑块是什么原因造成的,339,20250701,9980
20250701,医疗,舒张压正常范围是多少,339,20250701,9981
20250701,医疗,浙二医院,339,20250701,9982
20250701,医疗,喹诺酮类抗生素有哪些,339,20250701,9983
20250701,医疗,土茯苓图片,339,20250701,9984
20250701,医疗,口腔内壁有白色斑块,339,20250701,9985
20250701,医疗,心理医生,339,20250701,9986
20250701,医疗,败血症是什么病,339,20250701,9987
20250701,医疗,红花油,339,20250701,9988
20250701,医疗,验孕棒什么时候测最准确,339,20250701,9989
20250701,医疗,人体内脏器官分布图,339,20250701,9990
20250701,医疗,更年安片的功效和作用,339,20250701,9991
20250701,医疗,血管瘤长什么样子图片,339,20250701,9992
20250701,医疗,软化血管吃什么最好,339,20250701,9993
20250701,医疗,力加力胶囊的功效和用法,339,20250701,9994
20250701,医疗,紫苏叶的功效与主治,339,20250701,9995
20250701,医疗,24周是怀孕几个月,339,20250701,9996
20250701,医疗,伸筋草,339,20250701,9997
20250701,医疗,上海红房子妇科医院,339,20250701,9998
20250701,医疗,反胃恶心想吐是什么原因,339,20250701,9999
20260701,医疗,JXX,18973,20260701,0
20260701,医疗,太极实业,14952,20260701,1
20260701,医疗,黄精药材有什么功效,14471,20260701,2
20260701,医疗,甲钴胺片的功效和作用,13004,20260701,3
20260701,医疗,血压正常值是多少范围,12477,20260701,4
20260701,医疗,紫苏叶的功效与作用与主治,11193,20260701,5
20260701,医疗,马齿苋的作用和功效,10948,20260701,6
20260701,医疗,血糖正常值范围 最新标准2025,9209,20260701,7
20260701,医疗,谷维素片的功效与作用,9094,20260701,8
20260701,医疗,六味地黄丸的作用和功效,8662,20260701,9
20260701,医疗,麦冬的功效与作用和主治,8509,20260701,10
20260701,医疗,陈皮的功效作用与主治,7971,20260701,11
20260701,医疗,茯苓的功效作用与主治,7718,20260701,12
20260701,医疗,阿莫西林的功效与作用,7195,20260701,13
20260701,医疗,荞麦枕真的可以养生吗,7157,20260701,14
20260701,医疗,李子的功效与作用,7101,20260701,15
20260701,医疗,hpv是什么东西,7067,20260701,16
20260701,医疗,左氧氟沙星的作用与功效,7043,20260701,17
20260701,医疗,布洛芬缓释胶囊的功效与作用,6935,20260701,18
20260701,医疗,车前草的作用和功能主治,6931,20260701,19
20260701,医疗,塞来昔布胶囊的作用与功效,6877,20260701,20
20260701,医疗,黄芪的功效与作用,6555,20260701,21
20260701,医疗,西洋参的功效和作用,6538,20260701,22
20260701,医疗,牙龈肿痛怎么消炎最快最有效,6505,20260701,23
20260701,医疗,天麻的功效作用与主治,6273,20260701,24
20260701,医疗,石斛的功效与作用的功能,5649,20260701,25
20260701,医疗,大麦茶的作用与功效,5644,20260701,26
20260701,医疗,五味子的功效与作用,5538,20260701,27
20260701,医疗,奥美拉唑肠溶胶囊的作用与功效,5519,20260701,28
20260701,医疗,当归的功效与作用,5515,20260701,29
20260701,医疗,黄芪的功效与作用的功能与主治,5480,20260701,30
20260701,医疗,丹参的功效作用与主治,5469,20260701,31
20260701,医疗,党参的功效与作用,5408,20260701,32
20260701,医疗,甲亢有哪些症状和表现,5374,20260701,33
20260701,医疗,葡萄糖酸锌口服液作用与功效,5304,20260701,34
20260701,医疗,榴莲的功效和营养价值,5228,20260701,35
20260701,医疗,秋葵的功效与作用及营养,5164,20260701,36
20260701,医疗,昂伟达盐酸司美那非片的功效,5107,20260701,37
20260701,医疗,维生素b12的功效与主治,5105,20260701,38
20260701,医疗,黄皮果的功效与作用,5033,20260701,39
20260701,医疗,糖尿病的早期症状有哪些表现,4982,20260701,40
20260701,医疗,百合的功效与作用,4974,20260701,41
20260701,医疗,心梗的前兆都有哪些症状,4935,20260701,42
20260701,医疗,金银花的功效作用与主治,4923,20260701,43
20260701,医疗,五指毛桃的功效与作用,4903,20260701,44
20260701,医疗,牙疼怎么止疼最快,4900,20260701,45
20260701,医疗,逍遥丸的功效与主治作用,4798,20260701,46
20260701,医疗,人体结构器官位置图,4796,20260701,47
20260701,医疗,双氯芬酸钠缓释片的作用与功效,4770,20260701,48
20260701,医疗,黄皮果的功效与作用图片,4738,20260701,49
20260701,医疗,西地那非片的功效与副作用,4732,20260701,50
20260701,医疗,艾滋病初期有哪些症状,4644,20260701,51
20260701,医疗,甘草的功效与作用,4599,20260701,52
20260701,医疗,尿酸高的症状,4534,20260701,53
20260701,医疗,火龙果的作用与功效,4520,20260701,54
20260701,医疗,bmi是指什么,4471,20260701,55
20260701,医疗,心率正常范围是多少,4453,20260701,56
20260701,医疗,杏子的功效和作用,4447,20260701,57
20260701,医疗,归脾丸的作用与功能主治,4405,20260701,58
20260701,医疗,莲子的功效与作用,4390,20260701,59
20260701,医疗,手足口病症状初期图片,4352,20260701,60
20260701,医疗,白芍的功效作用与主治,4349,20260701,61
20260701,医疗,他达拉非片的作用及功效,4318,20260701,62
20260701,医疗,熟地黄的功效与作用,4287,20260701,63
20260701,医疗,舌苔厚白是什么原因引起的,4267,20260701,64
20260701,医疗,尿路感染吃什么药好得快,4261,20260701,65
20260701,医疗,甲状腺的症状有哪些表现,4234,20260701,66
20260701,医疗,叶酸片的功效与作用,4194,20260701,67
20260701,医疗,耳石症的症状有哪些表现,4183,20260701,68
20260701,医疗,氯雷他定片的作用和功效,4178,20260701,69
20260701,医疗,肌酐高怎么回事,4152,20260701,70
20260701,医疗,司美那非的功效是什么,4120,20260701,71
20260701,医疗,牛黄解毒片的功效与主治,4108,20260701,72
20260701,医疗,藿香正气水的功效与作用,4085,20260701,73
20260701,医疗,甘油三酯偏高说明什么,4075,20260701,74
20260701,医疗,抑郁症的症状有哪些表现,4015,20260701,75
20260701,医疗,玉竹的功效与作用,4003,20260701,76
20260701,医疗,白术的功效与作用,3998,20260701,77
20260701,医疗,决明子的功效与作用,3951,20260701,78
20260701,医疗,血脂高有哪些症状出现,3902,20260701,79
20260701,医疗,药明康德,3828,20260701,80
20260701,医疗,生脉饮的功效与主治作用,3820,20260701,81
20260701,医疗,梅毒的症状和图片,3818,20260701,82
20260701,医疗,辅酶q10的功效与作用,3794,20260701,83
20260701,医疗,无花果的功效与作用和主治,3726,20260701,84
20260701,医疗,灵芝功效作用与主治,3694,20260701,85
20260701,医疗,迈之灵片的功效与作用,3635,20260701,86
20260701,医疗,羊水栓塞是什么原因引起的,3622,20260701,87
20260701,医疗,黄精,3619,20260701,88
20260701,医疗,鱼腥草的作用和功能主治,3608,20260701,89
20260701,医疗,黄瓜的功效与作用,3606,20260701,90
20260701,医疗,小柴胡颗粒的功效与作用,3605,20260701,91
20260701,医疗,蒲公英泡水喝功效与主治,3600,20260701,92
20260701,医疗,枸杞子的功效与作用,3554,20260701,93
20260701,医疗,腰椎间盘突出最好的治疗方法,3538,20260701,94
20260701,医疗,"低压高是什么原因,怎么解决",3524,20260701,95
20260701,医疗,三七粉的功效与作用及食用方法,3496,20260701,96
20260701,医疗,人体器官结构示意图,3491,20260701,97
20260701,医疗,桃子的功效与作用,3485,20260701,98
20260701,医疗,尿毒症的早期症状有哪些,3469,20260701,99
20260701,医疗,维生素c的功效与作用,3454,20260701,100
20260701,医疗,阿奇霉素的功效与作用,3414,20260701,101
20260701,医疗,"荨麻疹是什么原因引起的,怎么根治",3388,20260701,102
20260701,医疗,恒瑞医药,3383,20260701,103
20260701,医疗,夏枯草的功效与作用,3376,20260701,104
20260701,医疗,桂枝的功效与作用,3374,20260701,105
20260701,医疗,鸡血藤的功效与作用,3371,20260701,106
20260701,医疗,总胆固醇高说明什么,3370,20260701,107
20260701,医疗,阿托伐他汀钙片作用与功效,3323,20260701,108
20260701,医疗,胆囊炎的症状是哪里疼,3301,20260701,109
20260701,医疗,脚后跟疼是怎么回事什么原因,3300,20260701,110
20260701,医疗,尿酸高吃什么好得快还能降下来,3300,20260701,111
20260701,医疗,npd是什么意思啊,3299,20260701,112
20260701,医疗,甲硝唑片的作用与用途,3295,20260701,113
20260701,医疗,胆固醇高是什么原因引起,3294,20260701,114
20260701,医疗,足三里的准确位置图,3288,20260701,115
20260701,医疗,苦瓜的功效与作用,3280,20260701,116
20260701,医疗,阿司匹林的功效与作用,3263,20260701,117
20260701,医疗,金匮肾气丸的作用与功效,3239,20260701,118
20260701,医疗,鹅蛋的功效与作用及营养,3235,20260701,119
20260701,医疗,身上出现红色的小点是怎么回事,3218,20260701,120
20260701,医疗,百香果的功效和作用,3212,20260701,121
20260701,医疗,维生素b1的作用和功效,3211,20260701,122
20260701,医疗,复方氨酚烷胺胶囊的作用与功效,3197,20260701,123
20260701,医疗,银杏叶片的功效与作用,3180,20260701,124
20260701,医疗,胰腺炎的症状有哪些,3178,20260701,125
20260701,医疗,窦性心律是什么意思?,3160,20260701,126
20260701,医疗,绿豆汤的功效与作用,3150,20260701,127
20260701,医疗,苦荞茶的功效和作用,3145,20260701,128
20260701,医疗,补中益气丸的功效与作用,3136,20260701,129
20260701,医疗,痔疮肉球突出怎么消除,3134,20260701,130
20260701,医疗,带状疱疹的症状表现及治疗方法,3114,20260701,131
20260701,医疗,桃子是凉性还是热性,3062,20260701,132
20260701,医疗,"口臭是什么原因引起的,怎样去除",3018,20260701,133
20260701,医疗,熟地黄的功效作用与主治,3014,20260701,134
20260701,医疗,白芷的功效与作用,2998,20260701,135
20260701,医疗,芡实的作用与功效,2990,20260701,136
20260701,医疗,嘴唇发紫黑是什么原因,2987,20260701,137
20260701,医疗,中暑的症状表现,2980,20260701,138
20260701,医疗,血糖高吃什么最好降的快,2960,20260701,139
20260701,医疗,胃癌的早期症状和前兆,2945,20260701,140
20260701,医疗,参苓白术散的功效与作用,2925,20260701,141
20260701,医疗,hpv感染有什么症状,2919,20260701,142
20260701,医疗,安宫牛黄丸的功效作用,2895,20260701,143
20260701,医疗,肺癌的早期症状及表现,2872,20260701,144
20260701,医疗,同型半胱氨酸高说明什么,2866,20260701,145
20260701,医疗,心肌缺血有什么症状和表现,2847,20260701,146
20260701,医疗,甲减的主要症状有哪些和危害,2824,20260701,147
20260701,医疗,羽衣甘蓝的功效与作用,2823,20260701,148
20260701,医疗,补天灵片的功能与主治,2816,20260701,149
20260701,医疗,"肝囊肿是什么病,需要治疗吗",2810,20260701,150
20260701,医疗,糖尿病的症状有哪些表现,2796,20260701,151
20260701,医疗,人工牛黄甲硝唑胶囊的功效,2794,20260701,152
20260701,医疗,口腔溃疡怎么治最快有效,2794,20260701,153
20260701,医疗,益生菌的功效与作用的功能与主治,2782,20260701,154
20260701,医疗,总胆红素偏高说明什么,2781,20260701,155
20260701,医疗,气海穴在哪个位置,2770,20260701,156
20260701,医疗,血糖高有什么症状和感觉,2765,20260701,157
20260701,医疗,肉苁蓉的功效与作用,2761,20260701,158
20260701,医疗,熊胆粉的功效与作用,2747,20260701,159
20260701,医疗,人体内五脏六腑结构图,2744,20260701,160
20260701,医疗,更年期的女人有什么症状表现,2743,20260701,161
20260701,医疗,杏仁的功效和作用,2742,20260701,162
20260701,医疗,乳腺癌的早期症状和前兆,2735,20260701,163
20260701,医疗,铁皮石斛的作用与功能主治,2734,20260701,164
20260701,医疗,蒲地蓝消炎片功效作用与主治,2732,20260701,165
20260701,医疗,普瑞巴林胶囊的功效和作用,2727,20260701,166
20260701,医疗,空腹血糖正常值是多少,2722,20260701,167
20260701,医疗,香砂六君丸的功效与作用,2698,20260701,168
20260701,医疗,依折麦布片的功效和作用,2688,20260701,169
20260701,医疗,口腔溃疡怎么治最快有效药,2684,20260701,170
20260701,医疗,乳头疼是怎么回事一碰就疼,2674,20260701,171
20260701,医疗,缺钾有什么表现和症状,2662,20260701,172
20260701,医疗,葛根的功效与作用的功能与主治,2649,20260701,173
20260701,医疗,酸枣仁的功效与作用,2628,20260701,174
20260701,医疗,黄芩的功效作用与主治,2618,20260701,175
20260701,医疗,脑梗的症状都有哪些前期症状,2613,20260701,176
20260701,医疗,知柏地黄丸的作用与功效,2596,20260701,177
20260701,医疗,脂肪肝怎么消除最快最好方法,2591,20260701,178
20260701,医疗,红薯发芽还能吃吗,2583,20260701,179
20260701,医疗,静脉曲张怎么治疗最好 腿部,2579,20260701,180
20260701,医疗,血小板低是什么原因导致的,2578,20260701,181
20260701,医疗,益母草的作用与功能主治,2578,20260701,182
20260701,医疗,洋葱的功效与作用,2566,20260701,183
20260701,医疗,前列腺炎有哪些症状表现,2535,20260701,184
20260701,医疗,瑞舒伐他汀钙片的功效与作用,2533,20260701,185
20260701,医疗,附子理中丸的功效与作用,2530,20260701,186
20260701,医疗,茄子的营养价值与功效,2524,20260701,187
20260701,医疗,杞菊地黄丸的功效与主治,2516,20260701,188
20260701,医疗,山茱萸的功效与作用,2500,20260701,189
20260701,医疗,地屈孕酮片的作用和功效,2493,20260701,190
20260701,医疗,昂伟达男性药,2487,20260701,191
20260701,医疗,冠心病的症状表现有哪些,2484,20260701,192
20260701,医疗,红霉素软膏的作用与功效是什么,2483,20260701,193
20260701,医疗,肉桂的功效与作用,2476,20260701,194
20260701,医疗,罗汉果的功效作用与主治,2475,20260701,195
20260701,医疗,鹰嘴豆的功效与作用,2470,20260701,196
20260701,医疗,太子参的功效与作用,2451,20260701,197
20260701,医疗,鸡内金的功效与作用,2449,20260701,198
20260701,医疗,幽门螺杆菌感染症状表现有哪些,2449,20260701,199
20260701,医疗,甘油三酯高是什么原因,2443,20260701,200
20260701,医疗,地塞米松的功效与主治,2437,20260701,201
20260701,医疗,贫血吃什么补血效果最好最快,2436,20260701,202
20260701,医疗,低密度脂蛋白偏高是什么意思,2431,20260701,203
20260701,医疗,西红柿的营养价值及功效,2430,20260701,204
20260701,医疗,焦虑症的表现和症状有哪些症状,2429,20260701,205
20260701,医疗,盐酸替扎尼定片的功效与作用,2415,20260701,206
20260701,医疗,杜仲的功效与作用与主治,2413,20260701,207
20260701,医疗,金钱草的作用和功能主治,2400,20260701,208
20260701,医疗,柠檬水的功效与作用,2396,20260701,209
20260701,医疗,肚子胀气是什么原因怎么解决,2395,20260701,210
20260701,医疗,螺内酯片的功效与作用,2384,20260701,211
20260701,医疗,怀孕的最初征兆,2383,20260701,212
20260701,医疗,川芎的功效作用与主治,2379,20260701,213
20260701,医疗,眼睛模糊看不清是怎么回事,2371,20260701,214
20260701,医疗,转氨酶偏高说明身体哪有问题了,2369,20260701,215
20260701,医疗,肠梗阻的症状表现,2368,20260701,216
20260701,医疗,甲状腺结节4a严重吗?需要手术吗怎么治疗,2360,20260701,217
20260701,医疗,血氧饱和度正常值是多少,2359,20260701,218
20260701,医疗,鼻窦炎症状表现有哪些,2356,20260701,219
20260701,医疗,艾草的作用和功效与主治,2353,20260701,220
20260701,医疗,子宫肌瘤是什么原因导致的,2351,20260701,221
20260701,医疗,海南海药,2351,20260701,222
20260701,医疗,女贞子的功效与作用,2345,20260701,223
20260701,医疗,阿托伐他汀钙片的功效与主治,2341,20260701,224
20260701,医疗,餐后2小时血糖值多少正常,2340,20260701,225
20260701,医疗,防风的功效与作用,2328,20260701,226
20260701,医疗,维生素b6的作用和功效,2326,20260701,227
20260701,医疗,鱼油的功效与主治功能,2306,20260701,228
20260701,医疗,咳嗽怎么治最快最有效,2303,20260701,229
20260701,医疗,白血病的早期症状和前兆,2295,20260701,230
20260701,医疗,月经推迟不来什么原因,2282,20260701,231
20260701,医疗,紫苏籽油的十大功效,2281,20260701,232
20260701,医疗,山竹的功效与作用及营养价值,2280,20260701,233
20260701,医疗,炉甘石洗剂功能与作用,2279,20260701,234
20260701,医疗,阿莫西林一次吃几粒,2269,20260701,235
20260701,医疗,蜂蜜的作用与功效,2266,20260701,236
20260701,医疗,坏死性筋膜炎,2265,20260701,237
20260701,医疗,苋菜的功效与作用,2262,20260701,238
20260701,医疗,月经一直不干净是什么原因,2260,20260701,239
20260701,医疗,尖锐湿疣的症状和图片,2251,20260701,240
20260701,医疗,低血糖的症状有哪些表现,2250,20260701,241
20260701,医疗,肺结核有哪些症状表现,2243,20260701,242
20260701,医疗,蓝莓的功效与作用及营养价值,2240,20260701,243
20260701,医疗,宫颈癌的早期症状表现有哪些,2239,20260701,244
20260701,医疗,皮肤痒是什么原因.越抓越痒,2228,20260701,245
20260701,医疗,红花的功效与作用,2225,20260701,246
20260701,医疗,膝盖疼痛可能有三种病的预兆,2221,20260701,247
20260701,医疗,便秘最快排便的方法,2221,20260701,248
20260701,医疗,湿气重怎么排湿气最快最好的方法,2211,20260701,249
20260701,医疗,泽泻的功效作用与主治,2204,20260701,250
20260701,医疗,"手麻是什么原因引起的,怎么解决",2201,20260701,251
20260701,医疗,血塞通的功效和作用主治,2190,20260701,252
20260701,医疗,体脂率计算公式,2187,20260701,253
20260701,医疗,"肾囊肿是怎么回事,需要怎么治疗",2183,20260701,254
20260701,医疗,头孢克肟片的功效和作用,2170,20260701,255
20260701,医疗,百香果的功效与作用及食用方法,2168,20260701,256
20260701,医疗,砂仁的功效与作用,2167,20260701,257
20260701,医疗,湿疹是什么原因造成的,2166,20260701,258
20260701,医疗,甲硝唑片的功效与用法,2162,20260701,259
20260701,医疗,玉屏风颗粒的作用与功效,2162,20260701,260
20260701,医疗,盆腔炎有什么明显症状,2160,20260701,261
20260701,医疗,带状疱疹,2147,20260701,262
20260701,医疗,咖啡的功效与作用及副作用,2147,20260701,263
20260701,医疗,低密度脂蛋白胆固醇偏高说明什么问题,2146,20260701,264
20260701,医疗,乌鸡白凤丸的功效和作用,2146,20260701,265
20260701,医疗,通化金马,2143,20260701,266
20260701,医疗,龙胆泻肝丸的功效与主治,2142,20260701,267
20260701,医疗,c反应蛋白高说明什么问题,2140,20260701,268
20260701,医疗,呼吸过度,2133,20260701,269
20260701,医疗,孟鲁司特钠片的功效与作用,2133,20260701,270
20260701,医疗,淫羊藿的功效作用与主治,2132,20260701,271
20260701,医疗,苦荞茶的作用与功效,2125,20260701,272
20260701,医疗,川芎的功效与作用,2114,20260701,273
20260701,医疗,荆芥的功效与作用,2112,20260701,274
20260701,医疗,胸闷气短胸口堵得慌怎么回事,2108,20260701,275
20260701,医疗,非布司他片的功效与作用,2106,20260701,276
20260701,医疗,诺氟沙星胶囊的功效与作用,2105,20260701,277
20260701,医疗,罗红霉素胶囊功效和作用,2097,20260701,278
20260701,医疗,三七功效作用与主治,2093,20260701,279
20260701,医疗,三伏贴的作用功效及适用人群,2092,20260701,280
20260701,医疗,龙胆泻肝丸的功效与作用治什么病,2092,20260701,281
20260701,医疗,尿酸标准多少正常,2090,20260701,282
20260701,医疗,薄荷的功效与主治,2086,20260701,283
20260701,医疗,地黄的功效和作用主治,2083,20260701,284
20260701,医疗,维生素b2的作用和功效有哪些,2081,20260701,285
20260701,医疗,盐酸达泊西汀片的功效,2076,20260701,286
20260701,医疗,山楂茯苓颗粒的功效和作用,2074,20260701,287
20260701,医疗,木香顺气丸功效作用与主治,2070,20260701,288
20260701,医疗,对乙酰氨基酚的功效与作用,2064,20260701,289
20260701,医疗,海参的营养价值与功效,2063,20260701,290
20260701,医疗,乳腺结节3类严重吗需要治疗吗,2061,20260701,291
20260701,医疗,肚脐眼周围痛什么原因,2059,20260701,292
20260701,医疗,灰指甲用什么药最有效最好能根治,2059,20260701,293
20260701,医疗,桑叶泡水喝有什么功效,2056,20260701,294
20260701,医疗,维生素d的作用和功效,2051,20260701,295
20260701,医疗,餐后血糖2小时后正常值是多少,2049,20260701,296
20260701,医疗,丝瓜的功效和作用,2047,20260701,297
20260701,医疗,黄柏的功效作用与主治,2042,20260701,298
20260701,医疗,醋酸泼尼松片的作用与功效,2041,20260701,299
20260701,医疗,前列腺炎有哪些症状表现? (男科),2036,20260701,300
20260701,医疗,亚麻籽油的功效和作用及食用方法,2025,20260701,301
20260701,医疗,荨麻疹图片和症状图,2022,20260701,302
20260701,医疗,甲状腺结节3类一般怎么处理,2021,20260701,303
20260701,医疗,厄贝沙坦片的功效与副作用,2016,20260701,304
20260701,医疗,扁平疣的症状和图片,2014,20260701,305
20260701,医疗,燕麦片的功效与作用,2009,20260701,306
20260701,医疗,牛油果的作用与功效,2004,20260701,307
20260701,医疗,血压低吃什么补得最快,1995,20260701,308
20260701,医疗,红斑狼疮是什么症状早期图片,1993,20260701,309
20260701,医疗,糖化血红蛋白是查什么的,1993,20260701,310
20260701,医疗,茵陈的功效作用与主治,1990,20260701,311
20260701,医疗,雷贝拉唑钠肠溶片功效作用,1982,20260701,312
20260701,医疗,盐酸氟桂利嗪胶囊作用,1979,20260701,313
20260701,医疗,糖尿病可以吃的水果有哪些水果,1979,20260701,314
20260701,医疗,芒果的功效与作用,1978,20260701,315
20260701,医疗,肩周炎怎么治疗最快最好,1978,20260701,316
20260701,医疗,月经量少颜色黑褐色是什么原因,1972,20260701,317
20260701,医疗,栀子的功效与作用,1972,20260701,318
20260701,医疗,桑葚的功效与作用,1971,20260701,319
20260701,医疗,枸橼酸莫沙必利片的作用和功效,1970,20260701,320
20260701,医疗,常吃这种水果好处多多,1961,20260701,321
20260701,医疗,苯磺酸氨氯地平片的作用与功效,1955,20260701,322
20260701,医疗,利伐沙班片的作用与功效,1955,20260701,323
20260701,医疗,指甲有竖纹是身体的什么原因,1953,20260701,324
20260701,医疗,香蕉的功效与作用及营养价值,1951,20260701,325
20260701,医疗,红豆的功效与作用,1947,20260701,326
20260701,医疗,"肛门瘙痒是什么原因引起的,怎么治疗",1946,20260701,327
20260701,医疗,达克罗宁软膏的作用与功效,1945,20260701,328
20260701,医疗,血脂高吃什么降血脂最快,1945,20260701,329
20260701,医疗,颈椎病会引起哪些不适症状,1944,20260701,330
20260701,医疗,牡蛎的功效与作用,1940,20260701,331
20260701,医疗,鸽子汤怎么炖最营养补气补血,1939,20260701,332
20260701,医疗,阿普唑仑片的功效与副作用,1936,20260701,333
20260701,医疗,达泊西汀的功效与作用,1935,20260701,334
20260701,医疗,"脂肪肝是什么原因引起的,该怎么治疗",1933,20260701,335
20260701,医疗,甲磺酸倍他司汀片的作用及功效,1926,20260701,336
20260701,医疗,盐酸西替利嗪片的功效,1923,20260701,337
20260701,医疗,燕窝的功效与作用及营养,1922,20260701,338
20260701,医疗,玉米须煮水喝的功效与作用,1918,20260701,339
20260701,医疗,乌灵胶囊的功效与作用,1915,20260701,340
20260701,医疗,手指麻木是什么病的前兆怎么治疗,1912,20260701,341
20260701,医疗,脾虚的表现和症状,1907,20260701,342
20260701,医疗,维生素e软胶囊的作用与功效,1905,20260701,343
20260701,医疗,菊花茶的功效与作用,1900,20260701,344
20260701,医疗,脚浮肿是什么原因引起的,1887,20260701,345
20260701,医疗,可威磷酸奥司他韦胶囊,1885,20260701,346
20260701,医疗,脑梗的前兆表现都有哪些,1885,20260701,347
20260701,医疗,头孢呋辛酯片功效与作用,1882,20260701,348
20260701,医疗,屁多是怎么回事什么原因,1882,20260701,349
20260701,医疗,莫匹罗星软膏功效,1882,20260701,350
20260701,医疗,腿抽筋是什么原因引起的怎么解决,1880,20260701,351
20260701,医疗,山药的功效与主治,1878,20260701,352
20260701,医疗,鸡骨草的功效与作用,1877,20260701,353
20260701,医疗,硫酸氢氯吡格雷片的功效与作用,1874,20260701,354
20260701,医疗,艾司唑仑片的功效与副作用,1872,20260701,355
20260701,医疗,琥珀酸美托洛尔缓释片的作用,1861,20260701,356
20260701,医疗,腰肌劳损的主要症状有哪些,1861,20260701,357
20260701,医疗,塞来昔布的功效与主治,1858,20260701,358
20260701,医疗,五官是指哪五官,1857,20260701,359
20260701,医疗,柴胡的功效与作用,1852,20260701,360
20260701,医疗,丙氨酸氨基转移酶高是什么原因,1849,20260701,361
20260701,医疗,替尔泊肽的作用与功效,1849,20260701,362
20260701,医疗,南瓜的作用与功效,1845,20260701,363
20260701,医疗,依托考昔片的功效与作用,1839,20260701,364
20260701,医疗,湿气重的症状有哪些表现,1837,20260701,365
20260701,医疗,瑞巴派特片功效与作用,1836,20260701,366
20260701,医疗,鹿茸的功效与作用吃法,1834,20260701,367
20260701,医疗,沙棘原浆的功效与作用,1832,20260701,368
20260701,医疗,乌梅的功效与作用,1829,20260701,369
20260701,医疗,腰椎间盘突出压迫神经屁股疼腿疼怎么治,1826,20260701,370
20260701,医疗,桔梗的功效作用与主治,1825,20260701,371
20260701,医疗,葛根的功效与作用,1823,20260701,372
20260701,医疗,"肺气肿是什么原因导致的,能治愈吗?",1820,20260701,373
20260701,医疗,蛋白粉对人体的作用和功能是什么,1820,20260701,374
20260701,医疗,"喉咙有异物感,咽部好像有东西堵塞",1820,20260701,375
20260701,医疗,糖尿病,1816,20260701,376
20260701,医疗,奥司他韦的功效与作用,1815,20260701,377
20260701,医疗,痛风吃什么药最好最快断根,1815,20260701,378
20260701,医疗,碳酸氢钠的作用与功效,1814,20260701,379
20260701,医疗,杨梅的功效与作用和禁忌,1812,20260701,380
20260701,医疗,bmi值正常标准是多少,1810,20260701,381
20260701,医疗,白花蛇舌草的功效与作用,1806,20260701,382
20260701,医疗,木瓜的作用与功效,1806,20260701,383
20260701,医疗,康复新液的作用与功效,1800,20260701,384
20260701,医疗,大便出血鲜红色不疼怎么回事,1799,20260701,385
20260701,医疗,气血不足吃什么调理的又快又好,1792,20260701,386
20260701,医疗,后背疼痛什么原因引起的,1785,20260701,387
20260701,医疗,厚朴的功效与作用,1779,20260701,388
20260701,医疗,金品酶1―5,1770,20260701,389
20260701,医疗,马齿苋,1770,20260701,390
20260701,医疗,喉咙里总是有痰液粘着是什么原因,1767,20260701,391
20260701,医疗,胃溃疡症状表现有哪些,1766,20260701,392
20260701,医疗,肝脏不好有什么表现症状有哪些,1758,20260701,393
20260701,医疗,黄连的功效与作用,1758,20260701,394
20260701,医疗,高密度脂蛋白偏低怎么回事,1758,20260701,395
20260701,医疗,静脉曲张是怎么引起的原因,1757,20260701,396
20260701,医疗,氯化钠注射作用是什么功效,1756,20260701,397
20260701,医疗,生地黄的功效作用与主治,1756,20260701,398
20260701,医疗,花椒的功效与作用,1755,20260701,399
20260701,医疗,前列腺炎吃什么药效果好见效快,1754,20260701,400
20260701,医疗,沉香的作用与功效,1751,20260701,401
20260701,医疗,黄芪,1749,20260701,402
20260701,医疗,胸,1748,20260701,403
20260701,医疗,牛黄解毒片的功效与作用,1747,20260701,404
20260701,医疗,玉米须的作用和功效,1746,20260701,405
20260701,医疗,桂附地黄丸的作用与功效,1745,20260701,406
20260701,医疗,心悸是什么症状表现,1737,20260701,407
20260701,医疗,小腿酸痛胀痛什么原因,1737,20260701,408
20260701,医疗,白细胞低是什么问题,1733,20260701,409
20260701,医疗,黄连上清片功效作用与主治,1732,20260701,410
20260701,医疗,康美药业,1728,20260701,411
20260701,医疗,磷酸奥司他韦胶囊的作用与功效,1724,20260701,412
20260701,医疗,杏子吃多了有什么坏处和好处,1717,20260701,413
20260701,医疗,"耳鸣,耳朵嗡嗡响是怎么回事?",1707,20260701,414
20260701,医疗,白带发黄是什么原因,1705,20260701,415
20260701,医疗,正常的血压多少才是正常,1701,20260701,416
20260701,医疗,桑黄的功效与作用的功能与主治,1699,20260701,417
20260701,医疗,荞麦枕可以养生吗,1698,20260701,418
20260701,医疗,颈椎病引起头疼头晕怎么治疗最好的方法,1696,20260701,419
20260701,医疗,褪黑素的功效和副作用,1695,20260701,420
20260701,医疗,阿莫西林克拉维酸钾片的功效,1694,20260701,421
20260701,医疗,心率多少正常范围内,1693,20260701,422
20260701,医疗,胰腺疼是哪个部位疼,1691,20260701,423
20260701,医疗,血压高怎么调理才能恢复正常,1689,20260701,424
20260701,医疗,白茶的功效与作用,1688,20260701,425
20260701,医疗,柴胡舒肝丸的功效和作用,1685,20260701,426
20260701,医疗,玫瑰花泡水的功效与作用,1682,20260701,427
20260701,医疗,阴脣上长疙瘩什么原因,1678,20260701,428
20260701,医疗,头晕晕乎乎的是什么病的征兆,1678,20260701,429
20260701,医疗,霍香正气水,1676,20260701,430
20260701,医疗,尿酸高是什么原因引起的怎么治疗,1676,20260701,431
20260701,医疗,紫苏籽油的功效与作用,1674,20260701,432
20260701,医疗,湿疹用什么药最好最快最有效,1668,20260701,433
20260701,医疗,荨麻疹,1664,20260701,434
20260701,医疗,高血压吃什么食物降得快最好,1661,20260701,435
20260701,医疗,地奥司明片的作用与功效,1660,20260701,436
20260701,医疗,湿疹图片和症状,1655,20260701,437
20260701,医疗,子宫肌瘤多少mm以上建议手术,1654,20260701,438
20260701,医疗,哈兰德每天要补充6000卡路里热量,1650,20260701,439
20260701,医疗,头晕晕的是什么病的征兆,1650,20260701,440
20260701,医疗,胃癌的早期症状有哪些,1649,20260701,441
20260701,医疗,hpv病毒是什么病毒,1648,20260701,442
20260701,医疗,痛风的症状有哪些表现,1647,20260701,443
20260701,医疗,二甲双胍片的功效与副作用,1646,20260701,444
20260701,医疗,血红蛋白偏低是什么意思,1644,20260701,445
20260701,医疗,bmi,1644,20260701,446
20260701,医疗,电解质水的作用与功效,1643,20260701,447
20260701,医疗,非那雄胺片功能主治,1642,20260701,448
20260701,医疗,绞股蓝的功效与作用,1641,20260701,449
20260701,医疗,藏红花的功效与作用,1629,20260701,450
20260701,医疗,仙鹤草的功效与作用,1627,20260701,451
20260701,医疗,胆囊炎有哪些症状,1623,20260701,452
20260701,医疗,甘露醇的作用与功效,1623,20260701,453
20260701,医疗,南瓜子的作用与功效,1622,20260701,454
20260701,医疗,口腔溃疡是什么原因引起的怎么治疗,1619,20260701,455
20260701,医疗,稳心颗粒的功效与作用,1617,20260701,456
20260701,医疗,银耳的作用与功效,1616,20260701,457
20260701,医疗,艾灸的好处与功效,1614,20260701,458
20260701,医疗,马来酸曲美布汀片的作用与功效,1610,20260701,459
20260701,医疗,肾衰竭的早期症状表现,1609,20260701,460
20260701,医疗,山楂的作用与功效,1609,20260701,461
20260701,医疗,心衰的主要表现和症状,1609,20260701,462
20260701,医疗,风油精的作用与功效,1607,20260701,463
20260701,医疗,霉菌性霉菌性阴炎用什么药好得快,1605,20260701,464
20260701,医疗,知母的功效作用与主治,1600,20260701,465
20260701,医疗,香砂养胃丸的功效与主治,1599,20260701,466
20260701,医疗,草酸艾司西酞普兰片的作用与功效,1598,20260701,467
20260701,医疗,马齿苋图片,1597,20260701,468
20260701,医疗,尿路感染有什么症状,1596,20260701,469
20260701,医疗,茉莉花茶的功效与作用,1595,20260701,470
20260701,医疗,幽门螺旋杆菌的症状有哪些,1593,20260701,471
20260701,医疗,hiv病毒是什么病毒,1591,20260701,472
20260701,医疗,葛根粉的功效与作用,1587,20260701,473
20260701,医疗,护肝片的功效与作用,1584,20260701,474
20260701,医疗,紫苏叶煮水喝有什么功效,1583,20260701,475
20260701,医疗,正常血压标准是多少,1583,20260701,476
20260701,医疗,头孢克肟片的作用与功效,1582,20260701,477
20260701,医疗,百度健康,1574,20260701,478
20260701,医疗,肩膀疼痛要警惕的三种病右肩膀疼痛,1571,20260701,479
20260701,医疗,补气血吃什么最好最快,1571,20260701,480
20260701,医疗,郁金的功效与作用,1570,20260701,481
20260701,医疗,蒙脱石散的功效与作用,1569,20260701,482
20260701,医疗,土豆的功效与作用,1569,20260701,483
20260701,医疗,大黄的功效作用与主治,1568,20260701,484
20260701,医疗,口苦是什么原因引起的怎么解决,1567,20260701,485
20260701,医疗,荷叶的作用与功效,1566,20260701,486
20260701,医疗,柏子仁的功效与作用,1566,20260701,487
20260701,医疗,亚麻籽的功效与作用,1565,20260701,488
20260701,医疗,三黄连片的作用与功效,1564,20260701,489
20260701,医疗,太溪穴的准确位置,1564,20260701,490
20260701,医疗,安神补脑液的功效与作用,1563,20260701,491
20260701,医疗,钙片什么时候吃吸收效果最好,1561,20260701,492
20260701,医疗,云南白药胶囊的功效与作用,1560,20260701,493
20260701,医疗,刺梨的功效与作用,1554,20260701,494
20260701,医疗,红枣的作用与功效,1551,20260701,495
20260701,医疗,达格列净的功效与作用,1551,20260701,496
20260701,医疗,中性粒细胞数偏高说明什么,1550,20260701,497
20260701,医疗,狂犬疫苗一共打几针多少钱,1549,20260701,498
20260701,医疗,脚肿是怎么回事什么原因引起的,1547,20260701,499
20260701,医疗,碱性磷酸酶高是怎么回事,1547,20260701,500
20260701,医疗,秋水仙碱片的作用与功效,1546,20260701,501
20260701,医疗,阿昔洛韦乳膏的功能主治,1546,20260701,502
20260701,医疗,佛手的功效作用与主治,1545,20260701,503
20260701,医疗,牛大力的功效与作用与主治,1543,20260701,504
20260701,医疗,阴囊潮湿是什么原因造成的,1541,20260701,505
20260701,医疗,富马酸比索洛尔片的作用与功效,1540,20260701,506
20260701,医疗,脚气用什么药最有效最好能根治,1533,20260701,507
20260701,医疗,玄参的功效与作用,1530,20260701,508
20260701,医疗,湿疹,1528,20260701,509
20260701,医疗,牙龈肿胀鼓包是什么原因,1528,20260701,510
20260701,医疗,复方甲氧那明胶囊的功效与作用,1525,20260701,511
20260701,医疗,乙肝表面抗体阳性是什么意思,1525,20260701,512
20260701,医疗,盐酸坦索罗辛缓释胶囊功效与作用,1525,20260701,513
20260701,医疗,羊肚菌的功效与作用,1523,20260701,514
20260701,医疗,胸口中间疼是什么原因,1520,20260701,515
20260701,医疗,超敏c反应蛋白高是什么原因,1518,20260701,516
20260701,医疗,尿素偏高是什么病,1517,20260701,517
20260701,医疗,匹维溴铵片的功效与作用,1513,20260701,518
20260701,医疗,吴茱萸的功效与作用,1511,20260701,519
20260701,医疗,盐酸倍他司汀的作用与功效,1509,20260701,520
20260701,医疗,劳拉西泮片的功效与作用,1507,20260701,521
20260701,医疗,促甲状腺激素高说明什么问题,1507,20260701,522
20260701,医疗,空心菜的作用与功效,1505,20260701,523
20260701,医疗,乳果糖的功效与作用与副作用,1504,20260701,524
20260701,医疗,盐酸左氧氟沙星胶囊的功效与作用,1503,20260701,525
20260701,医疗,扁桃体发炎吃什么药效果最好,1501,20260701,526
20260701,医疗,脾胃虚弱怎么调理最快,1499,20260701,527
20260701,医疗,眼睛肿眼皮肿是怎么回事啊,1497,20260701,528
20260701,医疗,沙库巴曲缬沙坦钠片作用功效,1497,20260701,529
20260701,医疗,心肌炎症状及表现,1496,20260701,530
20260701,医疗,氯化钾的作用与功效,1492,20260701,531
20260701,医疗,幽门螺旋杆菌感染阳性怎么办,1491,20260701,532
20260701,医疗,炙甘草的功效与作用,1490,20260701,533
20260701,医疗,痔疮用什么药治最好效果最快,1489,20260701,534
20260701,医疗,肺结节多少mm以上建议手术,1488,20260701,535
20260701,医疗,子宫内膜厚多少mm才算正常,1488,20260701,536
20260701,医疗,富马酸酮替芬片的功效与作用,1488,20260701,537
20260701,医疗,参松养心胶囊的功效与作用,1488,20260701,538
20260701,医疗,他克莫司软膏作用与功效,1485,20260701,539
20260701,医疗,直肠癌早期症状和前兆,1483,20260701,540
20260701,医疗,莫沙必利片的作用与功效,1482,20260701,541
20260701,医疗,金线莲的功效作用与主治,1481,20260701,542
20260701,医疗,奇亚籽的功效与作用,1478,20260701,543
20260701,医疗,菟丝子的作用和功效,1478,20260701,544
20260701,医疗,氨甲环酸的功效与作用,1477,20260701,545
20260701,医疗,"甲亢病是什么原因引起的,能治好吗",1475,20260701,546
20260701,医疗,痛风忌口不能吃什么东西,1475,20260701,547
20260701,医疗,木耳菜的功效与作用及营养,1475,20260701,548
20260701,医疗,肺结节吃什么消结节最快最好,1473,20260701,549
20260701,医疗,阑尾炎是什么原因造成的,1472,20260701,550
20260701,医疗,阑尾炎是哪个部位疼,1469,20260701,551
20260701,医疗,海带的功效与作用,1469,20260701,552
20260701,医疗,二陈丸的功效与作用,1467,20260701,553
20260701,医疗,肝脏的两种转氨酶分别是什么,1466,20260701,554
20260701,医疗,支原体感染是什么原因造成的,1462,20260701,555
20260701,医疗,柏子养心丸的功效和作用,1460,20260701,556
20260701,医疗,胃疼上腹部正中隐痛可要当心了,1460,20260701,557
20260701,医疗,肾炎的表现症状有哪些,1459,20260701,558
20260701,医疗,猫爪草的作用与功效,1458,20260701,559
20260701,医疗,椰子水的作用与功效,1458,20260701,560
20260701,医疗,赤芍的功效作用与主治,1456,20260701,561
20260701,医疗,龙骨的功效与作用,1455,20260701,562
20260701,医疗,菠萝蜜的功效与作用的营养,1455,20260701,563
20260701,医疗,青光眼的症状和表现是什么,1453,20260701,564
20260701,医疗,肺部结节是怎么回事,1451,20260701,565
20260701,医疗,脑供血不足有哪些症状和表现,1449,20260701,566
20260701,医疗,"胃胀,胃顶,不消化,胃胀气,吃什么药",1447,20260701,567
20260701,医疗,盐酸乙哌立松片的功效与作用,1446,20260701,568
20260701,医疗,呋塞米片的功效与作用,1446,20260701,569
20260701,医疗,腰果有什么营养和功效,1446,20260701,570
20260701,医疗,维生素b族有什么功效,1446,20260701,571
20260701,医疗,肝硬化早期症状,1444,20260701,572
20260701,医疗,土茯苓的功效与作用,1444,20260701,573
20260701,医疗,脉搏正常范围是多少,1443,20260701,574
20260701,医疗,西瓜是热性还是凉性,1442,20260701,575
20260701,医疗,莲花清瘟胶囊主治与功能,1441,20260701,576
20260701,医疗,马来酸氯苯那敏片的作用与功效,1434,20260701,577
20260701,医疗,眼睛痒是怎么回事越揉越痒,1433,20260701,578
20260701,医疗,加味逍遥丸的功效与作用,1433,20260701,579
20260701,医疗,尿液发黄是什么原因,1433,20260701,580
20260701,医疗,脑供血不足症状表现有哪些,1432,20260701,581
20260701,医疗,土霉素片的功效与作用,1428,20260701,582
20260701,医疗,刺五加的功效作用与主治,1426,20260701,583
20260701,医疗,玻璃酸钠滴眼液作用和功效,1419,20260701,584
20260701,医疗,猪肝的功效与作用,1414,20260701,585
20260701,医疗,覆盆子的功效与作用,1414,20260701,586
20260701,医疗,mri检查是什么检查,1412,20260701,587
20260701,医疗,山药发芽了还能吃吗,1412,20260701,588
20260701,医疗,连翘的功效与作用,1409,20260701,589
20260701,医疗,甘油三酯高吃什么才能降脂,1409,20260701,590
20260701,医疗,丹参的功效与作用,1409,20260701,591
20260701,医疗,血府逐瘀丸的作用与功效,1407,20260701,592
20260701,医疗,黄体酮有什么作用与功效,1403,20260701,593
20260701,医疗,心慌心悸胸闷焦虑不安是怎么回事,1402,20260701,594
20260701,医疗,他达拉非片正确服用方法,1402,20260701,595
20260701,医疗,肝功能检查主要看哪几项指标,1401,20260701,596
20260701,医疗,阿胶的作用和功效,1399,20260701,597
20260701,医疗,胖大海的功效作用与主治,1396,20260701,598
20260701,医疗,消炎药有哪些?,1395,20260701,599
20260701,医疗,常山药业,1395,20260701,600
20260701,医疗,肠炎宁片的功效与作用,1394,20260701,601
20260701,医疗,达格列净片的功效跟作用,1393,20260701,602
20260701,医疗,韭菜的功效与作用,1391,20260701,603
20260701,医疗,核桃的功效与作用,1390,20260701,604
20260701,医疗,紫苏叶的功效与主治,1390,20260701,605
20260701,医疗,苏打水的功效与作用,1389,20260701,606
20260701,医疗,半夏的功效与作用,1388,20260701,607
20260701,医疗,山楂干泡水的功效与作用,1386,20260701,608
20260701,医疗,涌泉穴的准确位置图,1382,20260701,609
20260701,医疗,同房后出血什么原因女性,1381,20260701,610
20260701,医疗,绿茶的功效与作用,1380,20260701,611
20260701,医疗,胰岛素抵抗是什么意思,1378,20260701,612
20260701,医疗,胰腺癌是什么原因引起的,1378,20260701,613
20260701,医疗,樱桃的功效与营养价值,1375,20260701,614
20260701,医疗,非诺贝特胶囊的功效和作用,1375,20260701,615
20260701,医疗,体重身高指数BMI计算,1374,20260701,616
20260701,医疗,浮小麦的功效与作用,1373,20260701,617
20260701,医疗,牛膝的功效与作用,1372,20260701,618
20260701,医疗,妇科千金片主要治什么妇科病,1370,20260701,619
20260701,医疗,吞咽,1369,20260701,620
20260701,医疗,"盆腔积液是什么原因引起的,该怎么治疗",1369,20260701,621
20260701,医疗,紫苏叶怎么吃,1367,20260701,622
20260701,医疗,幽门螺杆菌吃什么药最好最有效,1367,20260701,623
20260701,医疗,拉肚子拉稀水吃什么药最有效,1366,20260701,624
20260701,医疗,西瓜的功效与作用,1366,20260701,625
20260701,医疗,李子是热性还是凉性,1366,20260701,626
20260701,医疗,法半夏的功效与作用,1365,20260701,627
20260701,医疗,精神分裂症的症状和表现,1364,20260701,628
20260701,医疗,hpv是怎么感染上的,1362,20260701,629
20260701,医疗,螨虫咬了是什么样子图,1361,20260701,630
20260701,医疗,克拉霉素片的功效与作用,1361,20260701,631
20260701,医疗,淋巴细胞百分比偏低是什么原因,1359,20260701,632
20260701,医疗,梅毒是怎么传染的,1350,20260701,633
20260701,医疗,纳豆的功效与作用,1349,20260701,634
20260701,医疗,洛索洛芬钠片的功效与作用,1349,20260701,635
20260701,医疗,脚踝扭伤了肿了怎么恢复最快,1347,20260701,636
20260701,医疗,蒲公英的功效与作用,1347,20260701,637
20260701,医疗,前列腺增生的最佳治疗方法,1345,20260701,638
20260701,医疗,健康证体检哪些项目,1344,20260701,639
20260701,医疗,肠炎的主要症状有哪些,1343,20260701,640
20260701,医疗,三阴焦的位置作用与好处,1343,20260701,641
20260701,医疗,酒石酸美托洛尔片的功效和作用,1342,20260701,642
20260701,医疗,胃食管反流的主要症状,1341,20260701,643
20260701,医疗,淋巴结肿大怎么消除 颈部,1341,20260701,644
20260701,医疗,复方甘草酸苷片的功效与副作用,1337,20260701,645
20260701,医疗,甘草片的功效与作用与主治,1336,20260701,646
20260701,医疗,黑芝麻的功效与作用,1336,20260701,647
20260701,医疗,口干口苦是什么原因 怎么解决,1335,20260701,648
20260701,医疗,地奈德乳膏的主治功效,1334,20260701,649
20260701,医疗,小儿氨酚黄那敏颗粒的功效与作用,1332,20260701,650
20260701,医疗,艾滋病潜伏期一般是多长时间,1331,20260701,651
20260701,医疗,蛋白质高的食物有哪些,1330,20260701,652
20260701,医疗,黑枸杞的功效与作用,1330,20260701,653
20260701,医疗,艾滋病初期症状,1329,20260701,654
20260701,医疗,大活络丸的功效与作用,1329,20260701,655
20260701,医疗,血压150/90算不算高血压,1326,20260701,656
20260701,医疗,脑梗是什么原因引起的,1326,20260701,657
20260701,医疗,茄子的功效与作用,1325,20260701,658
20260701,医疗,夫西地酸乳膏的作用和功效,1321,20260701,659
20260701,医疗,乙酰半胱氨酸的作用与功效,1321,20260701,660
20260701,医疗,脑供血不足用什么药效果最好,1321,20260701,661
20260701,医疗,头晕目眩恶心想吐是什么原因,1320,20260701,662
20260701,医疗,双黄连口服液的功效与作用,1319,20260701,663
20260701,医疗,玉米的营养价值和功效,1319,20260701,664
20260701,医疗,高密度脂蛋白偏高是什么意思,1319,20260701,665
20260701,医疗,人参果的营养价值及功效与作用,1316,20260701,666
20260701,医疗,氨糖软骨素钙片的功效和作用,1312,20260701,667
20260701,医疗,维a酸乳膏的作用与用途,1312,20260701,668
20260701,医疗,替普瑞酮胶囊的功效和作用,1311,20260701,669
20260701,医疗,腰部疼痛的原因有哪些,1310,20260701,670
20260701,医疗,扶他林软膏的作用和功效,1308,20260701,671
20260701,医疗,黑豆的功效与作用,1308,20260701,672
20260701,医疗,拉肚子吃什么好得最快最有效,1307,20260701,673
20260701,医疗,肠癌早期有哪些症状,1306,20260701,674
20260701,医疗,睡眠不好有什么办法能改善睡眠,1304,20260701,675
20260701,医疗,石菖蒲的功效与作用,1304,20260701,676
20260701,医疗,阴道瘙痒,1303,20260701,677
20260701,医疗,赤小豆的功效与作用,1300,20260701,678
20260701,医疗,前列腺钙化是什么意思,1300,20260701,679
20260701,医疗,帕金森病的症状表现有哪些,1300,20260701,680
20260701,医疗,阿司匹林肠溶片的作用与功效,1298,20260701,681
20260701,医疗,盐酸司美那非片的功效与作用,1297,20260701,682
20260701,医疗,多囊卵巢综合症,1296,20260701,683
20260701,医疗,"益生菌什么时间吃最好,空腹还是饭后",1296,20260701,684
20260701,医疗,朱砂的好处与功效,1295,20260701,685
20260701,医疗,水飞蓟的作用与功效,1294,20260701,686
20260701,医疗,乳酸菌素片的作用和功效,1289,20260701,687
20260701,医疗,健胃消食片的作用与功效,1288,20260701,688
20260701,医疗,丹参滴丸的作用与功能主治,1288,20260701,689
20260701,医疗,rhd血型阳性什么意思,1287,20260701,690
20260701,医疗,四神汤配方功效与作用,1285,20260701,691
20260701,医疗,香附的功效作用与主治,1284,20260701,692
20260701,医疗,牙疼神经疼最好的止疼方法,1282,20260701,693
20260701,医疗,姜黄的功效与作用,1280,20260701,694
20260701,医疗,盐酸氨基葡萄糖胶囊的功效与作用,1280,20260701,695
20260701,医疗,带状疱疹是什么原因引起造成的,1279,20260701,696
20260701,医疗,蚊子咬了怎么消肿止痒最快,1279,20260701,697
20260701,医疗,黄芪泡水喝有什么功效和作用,1278,20260701,698
20260701,医疗,毛豆的营养价值及功效,1277,20260701,699
20260701,医疗,碳水食物有哪些,1275,20260701,700
20260701,医疗,盐酸左氧氟沙星片一次吃几粒尿路感染,1274,20260701,701
20260701,医疗,耳朵嗡嗡响是什么原因引起的,1274,20260701,702
20260701,医疗,血糖高怎么调理恢复正常,1268,20260701,703
20260701,医疗,枸橼酸西地那非片作用与功效,1266,20260701,704
20260701,医疗,氟哌噻吨美利曲辛片作用和功效,1266,20260701,705
20260701,医疗,寻麻疹是什么原因造成的,1266,20260701,706
20260701,医疗,静脉曲张的最快消除方法怎么治疗,1263,20260701,707
20260701,医疗,谷丙转氨酶偏高说明什么原因,1263,20260701,708
20260701,医疗,细辛的功效与作用,1262,20260701,709
20260701,医疗,汗疱疹用什么药好得最快最有效,1262,20260701,710
20260701,医疗,黄精怎么食用最好,1262,20260701,711
20260701,医疗,红茶的功效与作用,1259,20260701,712
20260701,医疗,b12维生素的作用及功能,1259,20260701,713
20260701,医疗,肛瘘是什么症状表现,1259,20260701,714
20260701,医疗,"白细胞高是什么原因,严重吗男性",1258,20260701,715
20260701,医疗,人参健脾丸的功效与作用,1257,20260701,716
20260701,医疗,排卵期是什么时候,1254,20260701,717
20260701,医疗,眩晕症是什么原因导致的,1254,20260701,718
20260701,医疗,耳石症,1253,20260701,719
20260701,医疗,血糖正常值范围是多少?,1253,20260701,720
20260701,医疗,叶下珠草药的功效与作用,1252,20260701,721
20260701,医疗,金樱子的功效与主治,1252,20260701,722
20260701,医疗,铝碳酸镁咀嚼片的功效与作用,1252,20260701,723
20260701,医疗,肾虚的表现症状有哪些,1249,20260701,724
20260701,医疗,百多邦软膏主治功能,1248,20260701,725
20260701,医疗,肠易激综合征有什么症状及表现,1248,20260701,726
20260701,医疗,便秘吃什么效果最快,1247,20260701,727
20260701,医疗,西瓜皮的功效和作用,1246,20260701,728
20260701,医疗,肝火旺盛吃什么降肝火,1246,20260701,729
20260701,医疗,心率正常值范围是多少,1244,20260701,730
20260701,医疗,红细胞偏高是什么意思,1242,20260701,731
20260701,医疗,小米粥的功效与作用,1242,20260701,732
20260701,医疗,二甲双胍缓释片服用方法和用量,1240,20260701,733
20260701,医疗,湿疹的症状图片 男性,1239,20260701,734
20260701,医疗,冬瓜皮的功效作用与主治,1236,20260701,735
20260701,医疗,罗红霉素分散片的作用与功效,1236,20260701,736
20260701,医疗,锁阳固精丸的功效与作用,1235,20260701,737
20260701,医疗,养血清脑颗粒的作用和功效,1233,20260701,738
20260701,医疗,黑豆的作用和功效,1232,20260701,739
20260701,医疗,肺癌的早期症状有哪些,1232,20260701,740
20260701,医疗,胆囊切除对身体有什么影响,1227,20260701,741
20260701,医疗,肝肾安糖浆的功效和作用,1227,20260701,742
20260701,医疗,"血压低是什么原因,怎么解决",1225,20260701,743
20260701,医疗,甲亢,1224,20260701,744
20260701,医疗,肠胃炎的表现症状有哪些,1222,20260701,745
20260701,医疗,芦荟的功效与作用,1222,20260701,746
20260701,医疗,含钾高的食物有哪些,1221,20260701,747
20260701,医疗,复方丹参片的功效与作用,1220,20260701,748
20260701,医疗,四磨汤口服液的功效与作用,1219,20260701,749
20260701,医疗,舌苔发黄厚腻是什么原因怎么调理,1219,20260701,750
20260701,医疗,沃森生物,1218,20260701,751
20260701,医疗,超敏c反应蛋白高说明什么问题,1217,20260701,752
20260701,医疗,苦参的功效与作用,1216,20260701,753
20260701,医疗,奥氮平片的功效和作用,1213,20260701,754
20260701,医疗,盐酸曲唑酮片的功效与作用,1213,20260701,755
20260701,医疗,爱地那非片的功效与作用,1212,20260701,756
20260701,医疗,血小板压积偏高是怎么回事,1211,20260701,757
20260701,医疗,参苓白术丸的功效与主治是什么,1210,20260701,758
20260701,医疗,桑叶泡水喝有什么功效和作用,1210,20260701,759
20260701,医疗,开塞露的正确使用方法,1209,20260701,760
20260701,医疗,桉柠蒎肠溶软胶囊的功能主治,1208,20260701,761
20260701,医疗,直接胆红素偏高是什么意思,1208,20260701,762
20260701,医疗,氨咖黄敏胶囊的功效与作用,1207,20260701,763
20260701,医疗,耳石症是什么原因引起的啊,1206,20260701,764
20260701,医疗,天王补心丹功效与主治,1205,20260701,765
20260701,医疗,蝉蜕的功效作用与主治,1202,20260701,766
20260701,医疗,龟 头上有小红点是什么病,1198,20260701,767
20260701,医疗,后脑勺疼痛要警惕的三种病症有哪些,1198,20260701,768
20260701,医疗,身上痒是什么原因.越抓越痒,1191,20260701,769
20260701,医疗,新冠是哪一年开始的,1190,20260701,770
20260701,医疗,肚子痛一阵一阵的痛什么原因,1190,20260701,771
20260701,医疗,三黄片,1190,20260701,772
20260701,医疗,瑞舒伐他汀钙片的功效与副作用,1190,20260701,773
20260701,医疗,硝苯地平缓释片的作用与功效,1188,20260701,774
20260701,医疗,丝状疣是什么原因长出来的,1188,20260701,775
20260701,医疗,多潘立酮片的功效和作用,1187,20260701,776
20260701,医疗,牡丹皮的功效与作用,1187,20260701,777
20260701,医疗,tct检查什么项目,1186,20260701,778
20260701,医疗,尿酸高是什么引起的原因,1183,20260701,779
20260701,医疗,血压偏低是什么原因引起的,1183,20260701,780
20260701,医疗,远志的作用和功效,1182,20260701,781
20260701,医疗,桑葚的功效与作用与主治,1182,20260701,782
20260701,医疗,间接胆红素偏高是什么意思,1182,20260701,783
20260701,医疗,骨质疏松有什么症状表现,1180,20260701,784
20260701,医疗,富马酸喹硫平片的功效和作用,1179,20260701,785
20260701,医疗,独活寄生丸的功效和作用,1179,20260701,786
20260701,医疗,"桥本甲状腺炎是什么意思,严重不重",1179,20260701,787
20260701,医疗,薏米的功效与作用,1176,20260701,788
20260701,医疗,他达拉非片副作用和危害,1176,20260701,789
20260701,医疗,复方塞隆胶囊功效作用,1173,20260701,790
20260701,医疗,速效救心丸的作用功效,1170,20260701,791
20260701,医疗,手上起小水泡很痒怎么回事,1169,20260701,792
20260701,医疗,艾滋病初期皮疹痒图片,1168,20260701,793
20260701,医疗,贝达药业,1168,20260701,794
20260701,医疗,香附子的功效作用与主治,1168,20260701,795
20260701,医疗,火麻仁的作用与功效,1168,20260701,796
20260701,医疗,右佐匹克隆片功效与副作用,1168,20260701,797
20260701,医疗,名芒维生素b,1168,20260701,798
20260701,医疗,紧急避孕药的最佳服用时间,1167,20260701,799
20260701,医疗,复合维生素b的作用和功效有哪些,1167,20260701,800
20260701,医疗,板蓝根颗粒的功效与作用,1167,20260701,801
20260701,医疗,布洛芬,1166,20260701,802
20260701,医疗,胸部疼痛什么原因引起的,1165,20260701,803
20260701,医疗,人参的作用与功效 正确食用方法,1163,20260701,804
20260701,医疗,脖子长肉疙瘩小肉粒是怎么回事,1163,20260701,805
20260701,医疗,洛神花的作用与功效,1162,20260701,806
20260701,医疗,献血对身体有什么好处和坏处,1161,20260701,807
20260701,医疗,干姜的功效与作用,1160,20260701,808
20260701,医疗,耳朵痒痒是什么原因呢而且经常痒痒怎么办,1160,20260701,809
20260701,医疗,荔枝的作用与功效,1158,20260701,810
20260701,医疗,阴道炎,1156,20260701,811
20260701,医疗,甲沟炎怎么治疗最快最好方法,1155,20260701,812
20260701,医疗,豆浆的功效与作用,1149,20260701,813
20260701,医疗,怀孕多少天能查出来,1148,20260701,814
20260701,医疗,卡理稳是什么药,1148,20260701,815
20260701,医疗,龙葵的功效与作用,1147,20260701,816
20260701,医疗,生姜的作用功效,1144,20260701,817
20260701,医疗,甲流的症状和表现,1142,20260701,818
20260701,医疗,达克罗宁软膏能延时多久有副作用吗,1140,20260701,819
20260701,医疗,龟苓膏的功效与作用,1140,20260701,820
20260701,医疗,二甲双胍的正确吃法,1140,20260701,821
20260701,医疗,肺结核会不会传染,1140,20260701,822
20260701,医疗,硝酸甘油的作用功效,1139,20260701,823
20260701,医疗,氨甲环酸的功效真的能祛斑吗,1138,20260701,824
20260701,医疗,跳蚤咬后的症状图,1137,20260701,825
20260701,医疗,阿司匹林,1136,20260701,826
20260701,医疗,虫草的功效与主治功能与作用,1135,20260701,827
20260701,医疗,美洛昔康片的作用与功效,1135,20260701,828
20260701,医疗,灰指甲怎么治疗最快根除,1135,20260701,829
20260701,医疗,水痘初期症状图片,1134,20260701,830
20260701,医疗,血脂正常值是多少,1134,20260701,831
20260701,医疗,肌酸激酶偏高说明什么,1133,20260701,832
20260701,医疗,阴虚火旺有什么症状,1132,20260701,833
20260701,医疗,巴戟天的作用和功效,1132,20260701,834
20260701,医疗,淡竹叶的功效与作用,1131,20260701,835
20260701,医疗,贫血有什么症状,1131,20260701,836
20260701,医疗,腺肌症是什么病,1129,20260701,837
20260701,医疗,骨碎补的功效与作用与主治,1129,20260701,838
20260701,医疗,肺炎的主要症状有哪些,1127,20260701,839
20260701,医疗,糠酸莫米松乳膏的功能主治,1125,20260701,840
20260701,医疗,荞麦的功效与作用,1124,20260701,841
20260701,医疗,南瓜的功效与作用及营养价值,1124,20260701,842
20260701,医疗,麦冬的功效与作用,1123,20260701,843
20260701,医疗,凯莱通的作用和功效,1123,20260701,844
20260701,医疗,白蛋白的功效与作用,1122,20260701,845
20260701,医疗,独活的功效与作用,1122,20260701,846
20260701,医疗,他达拉非片的功效与作用,1121,20260701,847
20260701,医疗,内分泌失调有哪些症状,1120,20260701,848
20260701,医疗,大蒜的功效与作用,1120,20260701,849
20260701,医疗,hpv,1119,20260701,850
20260701,医疗,曲安奈德益康唑乳膏的作用,1119,20260701,851
20260701,医疗,"嘴巴苦怎么回事,是什么原因",1118,20260701,852
20260701,医疗,心脏不好早期10个征兆,1118,20260701,853
20260701,医疗,窦性心动过缓是什么意思,1118,20260701,854
20260701,医疗,藏红花泡水喝有什么功效和作用,1117,20260701,855
20260701,医疗,排卵期出血是怎么回事正常吗,1116,20260701,856
20260701,医疗,丁酸氢化可的松乳膏作用与功效,1116,20260701,857
20260701,医疗,气虚的表现症状有哪些,1114,20260701,858
20260701,医疗,肾结石有什么症状哪里疼,1114,20260701,859
20260701,医疗,藕粉的营养功效与作用,1114,20260701,860
20260701,医疗,疱疹是什么症状图片,1112,20260701,861
20260701,医疗,毛囊炎用什么药最有效,1111,20260701,862
20260701,医疗,丹栀逍遥丸的功效与作用,1111,20260701,863
20260701,医疗,地龙的作用与功能主治,1110,20260701,864
20260701,医疗,宫外孕的表现症状有哪些啊,1109,20260701,865
20260701,医疗,丁香的功效与作用,1109,20260701,866
20260701,医疗,维生素b族的功效与作用有哪些,1109,20260701,867
20260701,医疗,怀孕初期症状有哪些征兆,1108,20260701,868
20260701,医疗,喝咖啡对身体有什么好处和坏处,1108,20260701,869
20260701,医疗,面瘫是什么原因引起的,1106,20260701,870
20260701,医疗,花生的功效与作用,1106,20260701,871
20260701,医疗,打嗝不停怎么办快速止嗝,1104,20260701,872
20260701,医疗,血红蛋白偏高是什么原因,1104,20260701,873
20260701,医疗,桃子含糖量高吗?,1103,20260701,874
20260701,医疗,槟榔的功效与作用,1103,20260701,875
20260701,医疗,人森,1103,20260701,876
20260701,医疗,淋病的症状是什么样,1103,20260701,877
20260701,医疗,疣是什么样子图片,1102,20260701,878
20260701,医疗,心脏在左侧还是右侧啊,1102,20260701,879
20260701,医疗,咽喉炎吃什么药最好得快能根治,1101,20260701,880
20260701,医疗,胆红素高是怎么回事有什么危害,1101,20260701,881
20260701,医疗,木耳的功效与作用,1100,20260701,882
20260701,医疗,"血小板高是咋回事,会有什么危害",1099,20260701,883
20260701,医疗,豆角的功效与作用,1099,20260701,884
20260701,医疗,石斛,1098,20260701,885
20260701,医疗,老人临终前3天最准的征兆,1098,20260701,886
20260701,医疗,藏红花的作用与功能主治,1096,20260701,887
20260701,医疗,芭乐果的功效和作用,1096,20260701,888
20260701,医疗,幽门螺旋杆菌感染有哪些症状,1096,20260701,889
20260701,医疗,天门冬氨酸氨基转移酶高怎么回事,1093,20260701,890
20260701,医疗,黑米的功效和作用,1093,20260701,891
20260701,医疗,中药饭前喝还是饭后喝效果好,1093,20260701,892
20260701,医疗,乳腺增生的主要症状有哪些,1093,20260701,893
20260701,医疗,甲钴胺片主要治什么病,1092,20260701,894
20260701,医疗,开喉剑喷雾剂的功效与作用,1090,20260701,895
20260701,医疗,布洛芬缓释胶囊的作用,1090,20260701,896
20260701,医疗,幽门螺杆菌感染症状表现,1089,20260701,897
20260701,医疗,强直性脊柱炎的病症是什么样,1089,20260701,898
20260701,医疗,浙贝母功效作用与主治,1089,20260701,899
20260701,医疗,"血管瘤是什么病,怎样治疗,严重吗?",1088,20260701,900
20260701,医疗,黄芪精口服液的功效与作用,1088,20260701,901
20260701,医疗,冬虫夏草的作用与功能主治,1088,20260701,902
20260701,医疗,血糖正常标准是多少,1087,20260701,903
20260701,医疗,伟哥的药名叫什么名字,1086,20260701,904
20260701,医疗,"低血压是怎么引起的,有什么危害",1084,20260701,905
20260701,医疗,桂圆的功效和作用,1083,20260701,906
20260701,医疗,红霉素软膏的功能与主治,1080,20260701,907
20260701,医疗,山楂的功效,1079,20260701,908
20260701,医疗,耳鸣是什么原因造成的怎么解决,1078,20260701,909
20260701,医疗,肠癌的早期症状有哪些,1078,20260701,910
20260701,医疗,片仔癀的功效和作用,1076,20260701,911
20260701,医疗,老年痴呆症前兆表现,1076,20260701,912
20260701,医疗,舒泰神,1074,20260701,913
20260701,医疗,香砂养胃丸的功效与作用,1074,20260701,914
20260701,医疗,脑心通胶囊的功效与主治,1074,20260701,915
20260701,医疗,甲泼尼龙片的功效与作用,1073,20260701,916
20260701,医疗,平胃散的功效与作用,1073,20260701,917
20260701,医疗,陈皮泡水喝有哪些功效,1073,20260701,918
20260701,医疗,痔疮,1072,20260701,919
20260701,医疗,嗜酸性粒细胞高是怎么回事,1071,20260701,920
20260701,医疗,蒲公英的功效和作用主治,1071,20260701,921
20260701,医疗,低密度脂蛋白正常值范围,1069,20260701,922
20260701,医疗,芒果的功效与作用禁忌,1069,20260701,923
20260701,医疗,红细胞压积偏低是什么意思,1067,20260701,924
20260701,医疗,生理性喜欢是指什么意思,1067,20260701,925
20260701,医疗,牙龈出血怎么回事是什么原因,1067,20260701,926
20260701,医疗,宫腔镜检查主要查什么,1066,20260701,927
20260701,医疗,女性私处蹲下拍照有疙瘩,1065,20260701,928
20260701,医疗,痛经的快速止痛的方法,1064,20260701,929
20260701,医疗,麦冬泡水喝有什么功效和作用,1063,20260701,930
20260701,医疗,广生堂,1063,20260701,931
20260701,医疗,木香的功效与作用,1062,20260701,932
20260701,医疗,七叶皂苷钠片功效和作用,1061,20260701,933
20260701,医疗,脂肪瘤是怎么形成的 怎样消除脂肪瘤,1061,20260701,934
20260701,医疗,手指关节疼痛肿胀僵硬怎么治疗,1061,20260701,935
20260701,医疗,蒲地蓝口服液的功效与作用,1061,20260701,936
20260701,医疗,b族维生素片的功效与作用,1060,20260701,937
20260701,医疗,ptsd,1058,20260701,938
20260701,医疗,蜂胶的功效与主治功能,1057,20260701,939
20260701,医疗,半月板损伤膝盖疼的最好治疗方法,1056,20260701,940
20260701,医疗,牙龈萎缩牙根露出怎么样才能恢复,1055,20260701,941
20260701,医疗,北柴胡的功效作用与主治,1054,20260701,942
20260701,医疗,多潘立酮片的作用与功效,1054,20260701,943
20260701,医疗,放屁多是怎么回事,1054,20260701,944
20260701,医疗,载脂蛋白a1偏高是什么意思,1054,20260701,945
20260701,医疗,癔症是一种什么病,1052,20260701,946
20260701,医疗,缬沙坦胶囊的功效与作用,1048,20260701,947
20260701,医疗,脖子上长了小肉揪是怎么回事,1048,20260701,948
20260701,医疗,冬赤元丁的功效与作用,1048,20260701,949
20260701,医疗,盐酸多西环素片的作用与功效,1047,20260701,950
20260701,医疗,腿酸软无力感觉很累是什么原因,1047,20260701,951
20260701,医疗,干咳嗽无痰怎么治最快最有效,1046,20260701,952
20260701,医疗,肾结石是什么原因导致的,1045,20260701,953
20260701,医疗,肾功能检查哪些项目,1043,20260701,954
20260701,医疗,BMI,1043,20260701,955
20260701,医疗,怀孕多久能测出两条杠,1042,20260701,956
20260701,医疗,车前草泡水喝有什么功效和作用车前草能治痛风吗?,1042,20260701,957
20260701,医疗,鼻咽癌早期症状表现,1042,20260701,958
20260701,医疗,左侧肋下疼痛的可能病因,1041,20260701,959
20260701,医疗,阿莫西林胶囊的作用功效,1041,20260701,960
20260701,医疗,肌酸激酶高是怎么回事,1040,20260701,961
20260701,医疗,蓝芩口服液的功效与主治,1039,20260701,962
20260701,医疗,西地那非,1039,20260701,963
20260701,医疗,奥美拉唑饭前吃还是饭后吃,1038,20260701,964
20260701,医疗,唐氏综合症是啥病,1037,20260701,965
20260701,医疗,谷丙转氨酶高是怎么回事,1036,20260701,966
20260701,医疗,肩周炎的症状有哪些表现,1035,20260701,967
20260701,医疗,黑苦荞茶的功效和作用,1033,20260701,968
20260701,医疗,紫甘蓝的功效与作用,1032,20260701,969
20260701,医疗,"更年期出汗,潮热,吃什么药能缓解",1032,20260701,970
20260701,医疗,驼奶粉的功效与作用,1032,20260701,971
20260701,医疗,四妙丸的功效与作用,1032,20260701,972
20260701,医疗,抗病毒口服液的功效与作用,1032,20260701,973
20260701,医疗,肌酐偏低说明什么原因,1031,20260701,974
20260701,医疗,茉莉花的功效与作用,1030,20260701,975
20260701,医疗,晚上睡不着觉是什么原因造成的呢,1028,20260701,976
20260701,医疗,神阙穴的准确位置,1027,20260701,977
20260701,医疗,气血不足的症状有哪些表现,1026,20260701,978
20260701,医疗,番泻叶的功效与作用,1026,20260701,979
20260701,医疗,肝脏的两种转氨酶分别是什么?,1026,20260701,980
20260701,医疗,"卵巢囊肿是什么原因造成的,能治好吗?",1026,20260701,981
20260701,医疗,莲子心的功效与作用,1025,20260701,982
20260701,医疗,荨麻疹吃什么药效果最好最快,1024,20260701,983
20260701,医疗,头皮痒是什么原因.越抓越痒,1024,20260701,984
20260701,医疗,痔疮是什么样子图片,1023,20260701,985
20260701,医疗,杜仲的功效与作用,1021,20260701,986
20260701,医疗,喉咙痛吃什么药好得最快最有效,1020,20260701,987
20260701,医疗,阿卡波糖片的作用与功效,1020,20260701,988
20260701,医疗,血常规检查哪些项目,1019,20260701,989
20260701,医疗,尿道炎吃什么药好得最快,1018,20260701,990
20260701,医疗,坐骨神经痛的症状有哪些,1018,20260701,991
20260701,医疗,红景天的功效及作用与主治,1017,20260701,992
20260701,医疗,茯苓,1017,20260701,993
20260701,医疗,筋膜炎的症状及治疗,1016,20260701,994
20260701,医疗,红参有什么功效和作用,1016,20260701,995
20260701,医疗,脚底板痛什么原因,1015,20260701,996
20260701,医疗,尖锐湿疣,1014,20260701,997
20260701,医疗,替格瑞洛片的作用与功效,1014,20260701,998
20260701,医疗,腱鞘炎手指疼怎么治最快最有效,1012,20260701,999
20260701,医疗,阴囊潮湿瘙痒用什么药效果最好,1011,20260701,1000
20260701,医疗,狂犬病早期症状,1010,20260701,1001
20260701,医疗,钾低了会出现什么症状,1010,20260701,1002
20260701,医疗,冬瓜汤和什么搭配最好,1010,20260701,1003
20260701,医疗,竹荪的功效与作用吃法,1009,20260701,1004
20260701,医疗,隐翅虫咬了后的症状图片,1009,20260701,1005
20260701,医疗,人工心脏,1008,20260701,1006
20260701,医疗,翰宇药业,1008,20260701,1007
20260701,医疗,沙棘的功效与作用,1008,20260701,1008
20260701,医疗,鱼肝油的作用与功效,1007,20260701,1009
20260701,医疗,饭后二小时血糖多少正常,1007,20260701,1010
20260701,医疗,布洛芬几个小时吃一次,1007,20260701,1011
20260701,医疗,蒙脱石散的功效与主治,1007,20260701,1012
20260701,医疗,华西医院,1006,20260701,1013
20260701,医疗,胃食管反流有哪些症状,1006,20260701,1014
20260701,医疗,下巴长痘痘是什么原因引起的,1005,20260701,1015
20260701,医疗,叶黄素的功效与作用对眼睛有用吗,1005,20260701,1016
20260701,医疗,咪喹莫特乳膏功能主治,1005,20260701,1017
20260701,医疗,威灵仙的功效与作用与主治,1005,20260701,1018
20260701,医疗,菊花泡水喝的功效与作用,1003,20260701,1019
20260701,医疗,越鞠丸的功效与作用,1003,20260701,1020
20260701,医疗,蚊虫叮咬红肿用什么药快速消肿止痒,1002,20260701,1021
20260701,医疗,多西环素的作用和功效,1002,20260701,1022
20260701,医疗,黄体破裂是怎么回事,1001,20260701,1023
20260701,医疗,保和丸的作用与功效,1001,20260701,1024
20260701,医疗,艾滋病,1000,20260701,1025
20260701,医疗,喉咙发痒老是咳嗽 是什么原因,999,20260701,1026
20260701,医疗,合欢花的功效与作用,998,20260701,1027
20260701,医疗,腋下长了个小肉揪揪是怎么回事,997,20260701,1028
20260701,医疗,甲状腺结节,995,20260701,1029
20260701,医疗,合欢皮的功效和作用主治,994,20260701,1030
20260701,医疗,乙肝携带者会传染人吗,992,20260701,1031
20260701,医疗,玉屏风颗粒的功效和作用,991,20260701,1032
20260701,医疗,膀胱炎是什么症状表现,990,20260701,1033
20260701,医疗,头晕可能是3种重病前兆,989,20260701,1034
20260701,医疗,三高是指的哪三高,988,20260701,1035
20260701,医疗,双环醇片的功效与作用,987,20260701,1036
20260701,医疗,盐酸氨溴索片的功效与作用,987,20260701,1037
20260701,医疗,凯格尔运动正确做法,986,20260701,1038
20260701,医疗,挠痒痒胳肢窝和腰,986,20260701,1039
20260701,医疗,999感冒灵颗粒的功效与作用,985,20260701,1040
20260701,医疗,阿莫西林,982,20260701,1041
20260701,医疗,阿司匹林肠溶片的功效和副作用,982,20260701,1042
20260701,医疗,"痔疮出血怎么办一拉屎就出血,还喷血",981,20260701,1043
20260701,医疗,人血白蛋白的作用功效,980,20260701,1044
20260701,医疗,健脾丸的作用与功效,979,20260701,1045
20260701,医疗,依巴斯汀片的作用和功效,979,20260701,1046
20260701,医疗,葡萄的功效与作用,978,20260701,1047
20260701,医疗,多家医院叫停门诊输液,977,20260701,1048
20260701,医疗,诺氟沙星胶囊作用,977,20260701,1049
20260701,医疗,感康的功效与作用,975,20260701,1050
20260701,医疗,手足口病一般几天能好,975,20260701,1051
20260701,医疗,桂枝茯苓丸的功效与作用,974,20260701,1052
20260701,医疗,首乌藤的功效作用与主治,974,20260701,1053
20260701,医疗,吲哚布芬片的功效和副作用,974,20260701,1054
20260701,医疗,益生菌的作用与功效,972,20260701,1055
20260701,医疗,磷酸二氢钾的功效和作用,972,20260701,1056
20260701,医疗,口腔溃疡,971,20260701,1057
20260701,医疗,血清淀粉样蛋白a高是什么原因,970,20260701,1058
20260701,医疗,特一药业,970,20260701,1059
20260701,医疗,替尔泊肽,970,20260701,1060
20260701,医疗,二妙丸的功效与作用,970,20260701,1061
20260701,医疗,静脉曲张,969,20260701,1062
20260701,医疗,复方氨酚烷胺片的作用与功效,969,20260701,1063
20260701,医疗,肝癌的早期症状和前兆,969,20260701,1064
20260701,医疗,咽喉炎有哪些症状表现,969,20260701,1065
20260701,医疗,慢阻肺是一种什么病,966,20260701,1066
20260701,医疗,脑立清丸的功效与作用,966,20260701,1067
20260701,医疗,医生,965,20260701,1068
20260701,医疗,心肌缺血吃什么药效果最好,965,20260701,1069
20260701,医疗,麻黄的功效与作用,963,20260701,1070
20260701,医疗,npd,962,20260701,1071
20260701,医疗,陈皮和什么一起泡水是最佳搭配对甲状腺结节,961,20260701,1072
20260701,医疗,桃胶的作用与功效,959,20260701,1073
20260701,医疗,鹰嘴豆的作用与功效,958,20260701,1074
20260701,医疗,腹肌,958,20260701,1075
20260701,医疗,高蛋白食物有哪些,958,20260701,1076
20260701,医疗,地塞米松磷酸钠注射作用是什么,957,20260701,1077
20260701,医疗,正常血糖多少算正常范围,957,20260701,1078
20260701,医疗,肝癌的早期症状有哪些,956,20260701,1079
20260701,医疗,木香顺气丸的作用与功效,956,20260701,1080
20260701,医疗,腱鞘炎,955,20260701,1081
20260701,医疗,骨化三醇软胶囊的功效和作用,955,20260701,1082
20260701,医疗,"尿蛋白高是什么病,严重吗",954,20260701,1083
20260701,医疗,厄贝沙坦氢氯噻嗪片的功效与作用,954,20260701,1084
20260701,医疗,d二聚体高是什么原因,954,20260701,1085
20260701,医疗,心梗是什么原因造成的,954,20260701,1086
20260701,医疗,甲钴胺,953,20260701,1087
20260701,医疗,糖尿病吃什么食物最好,953,20260701,1088
20260701,医疗,康龙化成,953,20260701,1089
20260701,医疗,人参果的功效与作用,950,20260701,1090
20260701,医疗,穿心莲的作用与功效,948,20260701,1091
20260701,医疗,桑寄生的功效与作用,947,20260701,1092
20260701,医疗,支气管炎咳嗽怎么治疗才能除根,947,20260701,1093
20260701,医疗,坐骨神经痛一侧屁股和腿痛怎么治疗,947,20260701,1094
20260701,医疗,当归的作用和功效,947,20260701,1095
20260701,医疗,姜半夏的功效与作用,947,20260701,1096
20260701,医疗,结肠炎的症状有哪些症状,946,20260701,1097
20260701,医疗,左归丸的功效与作用,946,20260701,1098
20260701,医疗,蛇缠腰疱疹怎么治疗好得快,945,20260701,1099
20260701,医疗,银屑病,945,20260701,1100
20260701,医疗,皮蛋的功效和作用,944,20260701,1101
20260701,医疗,构树果的药用功效与作用,944,20260701,1102
20260701,医疗,"房颤是怎么引起的,有生命危险吗",944,20260701,1103
20260701,医疗,梅毒,943,20260701,1104
20260701,医疗,头晕头疼头重昏昏沉沉是什么原因,943,20260701,1105
20260701,医疗,地中海贫血是什么病,942,20260701,1106
20260701,医疗,dha的作用与功效,942,20260701,1107
20260701,医疗,众生药业,940,20260701,1108
20260701,医疗,怀孕,939,20260701,1109
20260701,医疗,创新医疗,939,20260701,1110
20260701,医疗,生孩子,938,20260701,1111
20260701,医疗,瓜蒌的功效与作用,937,20260701,1112
20260701,医疗,西梅干的作用与功效,937,20260701,1113
20260701,医疗,补骨脂的作用和功效,937,20260701,1114
20260701,医疗,脉搏多少正常范围内,936,20260701,1115
20260701,医疗,放屁很臭很臭是什么原因,936,20260701,1116
20260701,医疗,去湿气最好最快的方法,936,20260701,1117
20260701,医疗,海姆立克急救法,936,20260701,1118
20260701,医疗,排卵期怎么算的准确时间,936,20260701,1119
20260701,医疗,普洱茶的功效与作用,935,20260701,1120
20260701,医疗,青霉素的作用与功效,935,20260701,1121
20260701,医疗,壮腰健肾丸的作用与功效,934,20260701,1122
20260701,医疗,茯苓的功效与作用,934,20260701,1123
20260701,医疗,苍术的功效作用与主治,933,20260701,1124
20260701,医疗,车前子的功效作用与主治,933,20260701,1125
20260701,医疗,西地那非片的正确服用方法与效果,933,20260701,1126
20260701,医疗,麦冬,931,20260701,1127
20260701,医疗,桑椹干泡水的功效与作用-食用方法及禁忌桑椹怎么吃,930,20260701,1128
20260701,医疗,莓茶的功效与作用的功能与主治,930,20260701,1129
20260701,医疗,谷氨酰转肽酶偏高是什么意思,929,20260701,1130
20260701,医疗,宫外孕能用验孕棒测出来吗,928,20260701,1131
20260701,医疗,红斑狼疮,927,20260701,1132
20260701,医疗,睡觉流口水是什么原因引起的,927,20260701,1133
20260701,医疗,肚子胀胀的腹部不舒服怎么办,926,20260701,1134
20260701,医疗,柴胡疏肝散的功效与主治,925,20260701,1135
20260701,医疗,"胃胀,胃顶,不消化,胃胀气,恶心吃什么药",925,20260701,1136
20260701,医疗,替米沙坦片的作用与功效,925,20260701,1137
20260701,医疗,头疼是什么原因引起的该怎么去治,925,20260701,1138
20260701,医疗,乌鸡汤怎么炖好喝又营养补气血,925,20260701,1139
20260701,医疗,小腿抽筋一般是什么原因引起的,924,20260701,1140
20260701,医疗,人体骨骼结构图大全高清图,924,20260701,1141
20260701,医疗,心脏早搏是怎么回事有什么危害,924,20260701,1142
20260701,医疗,飞蚊症是什么原因造成的能治愈吗,922,20260701,1143
20260701,医疗,柠檬泡水喝有什么作用与功效,922,20260701,1144
20260701,医疗,宫颈囊肿严重吗?有什么危害,922,20260701,1145
20260701,医疗,牛油果的功效和营养价值,921,20260701,1146
20260701,医疗,枳壳的功效与作用,920,20260701,1147
20260701,医疗,卵巢癌的症状和前兆,918,20260701,1148
20260701,医疗,紫癜的早期症状图片,917,20260701,1149
20260701,医疗,痛风主要由什么引起的原因,916,20260701,1150
20260701,医疗,盐酸罗通定片的作用和功效,916,20260701,1151
20260701,医疗,伏苓泡水喝的功效,915,20260701,1152
20260701,医疗,多巴胺是什么东西,915,20260701,1153
20260701,医疗,头孢的作用和主治,914,20260701,1154
20260701,医疗,虎杖的功效与作用,914,20260701,1155
20260701,医疗,霍香清胃胶囊的功效及服法,914,20260701,1156
20260701,医疗,倍他乐克的功效和副作用,914,20260701,1157
20260701,医疗,肺结节是什么病情况严重吗,914,20260701,1158
20260701,医疗,山药的作用与功效,914,20260701,1159
20260701,医疗,肌酐高到多少是尿毒症,913,20260701,1160
20260701,医疗,八珍丸的作用与功效,913,20260701,1161
20260701,医疗,百香果尽量少吃最好不吃,913,20260701,1162
20260701,医疗,甲钴胺最大的副作用,912,20260701,1163
20260701,医疗,维生素b6片主要是治什么的,912,20260701,1164
20260701,医疗,高血压是什么原因引起的,911,20260701,1165
20260701,医疗,马应龙痔疮膏的作用与功效,911,20260701,1166
20260701,医疗,糖尿病寿命一般能活多久,911,20260701,1167
20260701,医疗,血沉高是怎么回事,911,20260701,1168
20260701,医疗,胡萝卜的功效与作用,910,20260701,1169
20260701,医疗,肾功能不好有什么症状,910,20260701,1170
20260701,医疗,脚气烂脚趾缝痒溃烂怎么治,909,20260701,1171
20260701,医疗,石斛花泡水喝的功效和作用,909,20260701,1172
20260701,医疗,"嗯嗯,心肝点,,疼",909,20260701,1173
20260701,医疗,单硝酸异山梨酯片作用与功效,909,20260701,1174
20260701,医疗,谷维素片治疗失眠的正确吃法,908,20260701,1175
20260701,医疗,牙周炎怎么治疗最好最有效,908,20260701,1176
20260701,医疗,妇炎康片有什么作用与功效,908,20260701,1177
20260701,医疗,鸡眼长什么样子图片,907,20260701,1178
20260701,医疗,"滑膜炎的症状有哪些,滑膜炎怎么治疗",906,20260701,1179
20260701,医疗,何首乌的功效与主治,906,20260701,1180
20260701,医疗,降压药什么时间吃效果比较好,906,20260701,1181
20260701,医疗,氨溴索的功效与作用,905,20260701,1182
20260701,医疗,利可君片的功效与作用,903,20260701,1183
20260701,医疗,尿频尿急尿不尽是什么原因造成的怎么办,903,20260701,1184
20260701,医疗,咳嗽老不好反复咳嗽是怎么回事,903,20260701,1185
20260701,医疗,鬼针草的功效与作用,902,20260701,1186
20260701,医疗,保和丸的功效与主治作用,902,20260701,1187
20260701,医疗,西瓜的功效和作用,902,20260701,1188
20260701,医疗,adhd是什么病的简称,901,20260701,1189
20260701,医疗,四君子汤的功效与作用,901,20260701,1190
20260701,医疗,荆芥,901,20260701,1191
20260701,医疗,身上起红疙瘩还特别痒是什么原因,901,20260701,1192
20260701,医疗,安宫牛黄丸服用方法及最佳时间,900,20260701,1193
20260701,医疗,水蛭的功效与主治作用,900,20260701,1194
20260701,医疗,艾叶功效作用与主治,899,20260701,1195
20260701,医疗,骨癌的前兆是什么症状,899,20260701,1196
20260701,医疗,蜂王浆的功效与主治功能与作用,899,20260701,1197
20260701,医疗,甲状腺功能异常的症状表现,897,20260701,1198
20260701,医疗,炒麦芽的功效和作用,897,20260701,1199
20260701,医疗,血小板分布宽度偏低是什么意思,897,20260701,1200
20260701,医疗,"蜱虫咬人后有什么症状,怎么治疗",897,20260701,1201
20260701,医疗,高密度脂蛋白胆固醇偏高说明什么问题,896,20260701,1202
20260701,医疗,芹菜的功效与作用,895,20260701,1203
20260701,医疗,骨质增生怎么治疗最好的方法,895,20260701,1204
20260701,医疗,双鹭药业,895,20260701,1205
20260701,医疗,白癜风,895,20260701,1206
20260701,医疗,鱼腥草的功效与作用,893,20260701,1207
20260701,医疗,肚脐上腹部正中隐痛可要当心了,893,20260701,1208
20260701,医疗,倍他司汀的作用与功效,893,20260701,1209
20260701,医疗,升麻功效作用与主治,893,20260701,1210
20260701,医疗,奥硝唑的作用与功效,893,20260701,1211
20260701,医疗,bmi体重指数计算公式,892,20260701,1212
20260701,医疗,竹茹的功效与作用,891,20260701,1213
20260701,医疗,癌胚抗原是什么意思,891,20260701,1214
20260701,医疗,谵妄,890,20260701,1215
20260701,医疗,夏枯草的功效与作用能消除结节吗,889,20260701,1216
20260701,医疗,舌头上有白色苔藓是什么原因,889,20260701,1217
20260701,医疗,醋香附的功效与作用,888,20260701,1218
20260701,医疗,怀孕了不想要多少天打掉是最佳时间,887,20260701,1219
20260701,医疗,枳实的作用和功效,887,20260701,1220
20260701,医疗,病毒性感冒吃什么药效果好,885,20260701,1221
20260701,医疗,口腔癌的早期症状,884,20260701,1222
20260701,医疗,甲钴胺片一次吃几片,884,20260701,1223
20260701,医疗,钩藤的功效作用与主治,884,20260701,1224
20260701,医疗,空腹血糖正常值,884,20260701,1225
20260701,医疗,纤维蛋白原偏高是什么意思,882,20260701,1226
20260701,医疗,益智仁的功效作用与主治,882,20260701,1227
20260701,医疗,右边肋骨下隐痛要警惕的三种病,882,20260701,1228
20260701,医疗,糖尿病人的一日三餐食谱表,881,20260701,1229
20260701,医疗,潮州健民医院正规吗,880,20260701,1230
20260701,医疗,甲状腺结节有什么感觉和症状,880,20260701,1231
20260701,医疗,田七的功效与作用,880,20260701,1232
20260701,医疗,妇科炎症用什么药消炎最好,879,20260701,1233
20260701,医疗,肾结石怎么办才能快速排出,879,20260701,1234
20260701,医疗,疝气是怎么回事,879,20260701,1235
20260701,医疗,黄精的功效和作用,878,20260701,1236
20260701,医疗,酸梅汤的功效与作用,877,20260701,1237
20260701,医疗,乌药的功效作用与主治,875,20260701,1238
20260701,医疗,舌头溃疡怎么治最快有效,875,20260701,1239
20260701,医疗,"胸闷气短,感觉喘不上气什么原因",875,20260701,1240
20260701,医疗,阿尔茨海默症有哪些症状,874,20260701,1241
20260701,医疗,仙人掌的功效与作用治什么病,874,20260701,1242
20260701,医疗,牙龈肿痛吃什么药快速消肿止痛,874,20260701,1243
20260701,医疗,补钾的食物有哪些,874,20260701,1244
20260701,医疗,地骨皮功效作用与主治,874,20260701,1245
20260701,医疗,绿豆和什么搭配一起煮最好,873,20260701,1246
20260701,医疗,西瓜含糖量高吗?,873,20260701,1247
20260701,医疗,白扁豆功效作用与主治,873,20260701,1248
20260701,医疗,龙鳞果的功效与作用,873,20260701,1249
20260701,医疗,布洛芬片的功效与作用,872,20260701,1250
20260701,医疗,咳嗽有白痰一直不好是什么原因,872,20260701,1251
20260701,医疗,同型半胱氨酸检查什么项目,872,20260701,1252
20260701,医疗,股骨头坏死早期表现,872,20260701,1253
20260701,医疗,维生素d3的功效与作用,872,20260701,1254
20260701,医疗,海马的功效与作用吃法,872,20260701,1255
20260701,医疗,脑梗的前兆有哪些症状,871,20260701,1256
20260701,医疗,六味地黄丸,870,20260701,1257
20260701,医疗,精液发黄是什么原因引起的,870,20260701,1258
20260701,医疗,脑梗恢复最好的方法,870,20260701,1259
20260701,医疗,肾小球滤过率低于90就是肾功能不全了?,870,20260701,1260
20260701,医疗,西替利嗪的功效与副作用,869,20260701,1261
20260701,医疗,碳酸氢钠,869,20260701,1262
20260701,医疗,藿香清胃胶囊的功效与作用,869,20260701,1263
20260701,医疗,沙库巴曲缬沙坦钠片作用,868,20260701,1264
20260701,医疗,什么被誉为补气之长,868,20260701,1265
20260701,医疗,川崎病是啥病,868,20260701,1266
20260701,医疗,地衣芽孢杆菌活菌胶囊作用与功效,867,20260701,1267
20260701,医疗,山楂茯苓颗粒的功效与作用,867,20260701,1268
20260701,医疗,谷维素片的副作用和危害,867,20260701,1269
20260701,医疗,茴香菜的功效与作用,867,20260701,1270
20260701,医疗,梅毒能彻底治愈吗,866,20260701,1271
20260701,医疗,布洛芬的功效和作用,866,20260701,1272
20260701,医疗,墨旱莲的功效与作用,866,20260701,1273
20260701,医疗,鬼针草的功效作用与主治,865,20260701,1274
20260701,医疗,阴陵泉的准确位置,865,20260701,1275
20260701,医疗,睡觉流口水是什么原因,865,20260701,1276
20260701,医疗,HPV,864,20260701,1277
20260701,医疗,带状疱疹图片,864,20260701,1278
20260701,医疗,太冲穴位图,864,20260701,1279
20260701,医疗,兰索拉唑肠溶片的功效与作用,864,20260701,1280
20260701,医疗,小米粥升血糖还是降血糖,863,20260701,1281
20260701,医疗,胰腺炎是什么原因造成的,863,20260701,1282
20260701,医疗,左下腹疼是怎么回事女性,862,20260701,1283
20260701,医疗,荞麦枕头的功效与作用,862,20260701,1284
20260701,医疗,逍遥丸,862,20260701,1285
20260701,医疗,骨折吃什么加快骨头愈合,862,20260701,1286
20260701,医疗,硒的作用和补硒的好处,861,20260701,1287
20260701,医疗,夏枯草的功效作用与主治,860,20260701,1288
20260701,医疗,艾瑞昔布片的作用和功效,859,20260701,1289
20260701,医疗,苏黄止咳胶囊的作用与功效,859,20260701,1290
20260701,医疗,桃子的营养价值与功效作用,858,20260701,1291
20260701,医疗,诺特兰德是正规品牌吗,858,20260701,1292
20260701,医疗,"嗓子疼,咽口水都疼,有什么方法吗?",858,20260701,1293
20260701,医疗,破伤风针最晚多少小时内打,856,20260701,1294
20260701,医疗,耳鸣怎么快速消除耳鸣的方法,855,20260701,1295
20260701,医疗,枸橼酸铋钾胶囊的作用及功效,855,20260701,1296
20260701,医疗,胆囊结石最好的治疗方法,855,20260701,1297
20260701,医疗,窦性心律什么意思,854,20260701,1298
20260701,医疗,小麦胚芽的功效与作用,854,20260701,1299
20260701,医疗,保妇康栓的功效与作用,853,20260701,1300
20260701,医疗,肝脏的两种转氨酶是什么,852,20260701,1301
20260701,医疗,耳朵疼痛什么原因,851,20260701,1302
20260701,医疗,坦索罗辛的作用与功效,851,20260701,1303
20260701,医疗,鹰嘴豆的功能和疗效,851,20260701,1304
20260701,医疗,疏肝益阳胶囊的功效与主治,851,20260701,1305
20260701,医疗,羊水栓塞是怎么回事,851,20260701,1306
20260701,医疗,协和医院,850,20260701,1307
20260701,医疗,减脂餐食谱一日三餐表,850,20260701,1308
20260701,医疗,大便干燥拉不出来怎么办快速解决中医治疗,850,20260701,1309
20260701,医疗,津药药业,850,20260701,1310
20260701,医疗,人参的功效与作用,849,20260701,1311
20260701,医疗,肾阴虚的症状有哪些表现,848,20260701,1312
20260701,医疗,补血吃什么食物最好最快,848,20260701,1313
20260701,医疗,片仔癀,847,20260701,1314
20260701,医疗,脂肪肝,847,20260701,1315
20260701,医疗,心绞痛症状5个典型症状,846,20260701,1316
20260701,医疗,做完胃肠镜多长时间能正常吃饭,846,20260701,1317
20260701,医疗,口臭吃什么药可以消除口臭,845,20260701,1318
20260701,医疗,吃桃子的好处和坏处,844,20260701,1319
20260701,医疗,乳房疼是怎么回事是什么原因,844,20260701,1320
20260701,医疗,登革热病是什么症状,844,20260701,1321
20260701,医疗,乙型肝炎病毒表面抗体高是什么意思,844,20260701,1322
20260701,医疗,酒石酸唑吡坦片功效与作用,843,20260701,1323
20260701,医疗,胆囊息肉,843,20260701,1324
20260701,医疗,小腹部隐隐约约的疼是怎么回事,843,20260701,1325
20260701,医疗,大枣的功效与作用,843,20260701,1326
20260701,医疗,玄麦甘桔颗粒的功效与作用,843,20260701,1327
20260701,医疗,嗓子总有痰粘着吐不干净怎么回事,842,20260701,1328
20260701,医疗,白茅根的功效与作用,842,20260701,1329
20260701,医疗,头晕是什么原因引起的怎么办,842,20260701,1330
20260701,医疗,拔罐的好处与功效与坏处,842,20260701,1331
20260701,医疗,阑尾在哪个位置?,842,20260701,1332
20260701,医疗,香附子的功效和主治病症,841,20260701,1333
20260701,医疗,艾灸的最佳时间和禁忌,841,20260701,1334
20260701,医疗,三九胃泰颗粒的功效与作用,841,20260701,1335
20260701,医疗,"红斑狼疮是什么病,能治好吗",841,20260701,1336
20260701,医疗,阿司匹林肠溶片早上吃还是晚上吃,841,20260701,1337
20260701,医疗,灰指甲图片,840,20260701,1338
20260701,医疗,大便不成形是什么原因造成的,840,20260701,1339
20260701,医疗,jxx,839,20260701,1340
20260701,医疗,腹股沟在哪个位置图片,839,20260701,1341
20260701,医疗,肚子咕噜咕噜的响是什么原因,838,20260701,1342
20260701,医疗,糖尿病早期什么症状,838,20260701,1343
20260701,医疗,烫伤起水泡用什么方法好的最快,837,20260701,1344
20260701,医疗,白内障的症状是什么,836,20260701,1345
20260701,医疗,四逆散的作用与功效,836,20260701,1346
20260701,医疗,丙氨酸氨基转移酶高是怎么回事,835,20260701,1347
20260701,医疗,金水宝胶囊的功效与主治,835,20260701,1348
20260701,医疗,沙参的功效作用与主治,834,20260701,1349
20260701,医疗,网球肘关节疼痛的最佳治疗方法,834,20260701,1350
20260701,医疗,眼球发红充血怎么回事,834,20260701,1351
20260701,医疗,哮喘病的症状表现,833,20260701,1352
20260701,医疗,紧急避孕药的危害和副作用,833,20260701,1353
20260701,医疗,降血压药最好的三种药,833,20260701,1354
20260701,医疗,眼屎多是什么原因引起的,832,20260701,1355
20260701,医疗,紫花地丁的功效与作用的功能与主治,832,20260701,1356
20260701,医疗,雅莲泉平衡片降血糖有用吗,832,20260701,1357
20260701,医疗,板蓝根的作用和功能主治,832,20260701,1358
20260701,医疗,紫苏油作用与功效,831,20260701,1359
20260701,医疗,阴虱是什么原因得的,831,20260701,1360
20260701,医疗,人乳头瘤病毒是什么意思,830,20260701,1361
20260701,医疗,半枝莲的作用与功效,830,20260701,1362
20260701,医疗,湿疹用什么药好得最快最有效,827,20260701,1363
20260701,医疗,红糖的功效与作用,827,20260701,1364
20260701,医疗,甲胎蛋白偏高说明什么问题,826,20260701,1365
20260701,医疗,单核细胞绝对值偏高是什么原因,826,20260701,1366
20260701,医疗,消炎利胆片功效与作用,826,20260701,1367
20260701,医疗,白带有血丝是什么原因引起的,825,20260701,1368
20260701,医疗,拉肚子拉稀水是什么原因,825,20260701,1369
20260701,医疗,毛囊炎,825,20260701,1370
20260701,医疗,丹皮酚软膏的功效与作用,824,20260701,1371
20260701,医疗,平板支撑正确姿势,824,20260701,1372
20260701,医疗,红曲的功效与作用是什么,823,20260701,1373
20260701,医疗,莫西沙星的功效和副作用,823,20260701,1374
20260701,医疗,月经来了十多天还不停是什么原因,822,20260701,1375
20260701,医疗,乙肝是什么病,822,20260701,1376
20260701,医疗,甲硝唑,821,20260701,1377
20260701,医疗,卡马西平片的作用与功能主治,820,20260701,1378
20260701,医疗,硝酸咪康唑乳膏的功能主治,820,20260701,1379
20260701,医疗,入职体检一般检查哪些项目,817,20260701,1380
20260701,医疗,参苓白术丸的功效与作用,817,20260701,1381
20260701,医疗,蛇床子的功效与作用,817,20260701,1382
20260701,医疗,过敏性紫癜是什么原因引起的,817,20260701,1383
20260701,医疗,"浑身无力,感觉很疲劳,没精神,怎么回事",817,20260701,1384
20260701,医疗,六神丸的功效作用与主治,816,20260701,1385
20260701,医疗,急性肠胃炎的症状,815,20260701,1386
20260701,医疗,佩兰的功效与作用,815,20260701,1387
20260701,医疗,右眼皮一直跳是什么原因,814,20260701,1388
20260701,医疗,生菜的功效与作用,814,20260701,1389
20260701,医疗,白细胞高是怎么回事,814,20260701,1390
20260701,医疗,血脂高的人不宜吃的食物有哪些,813,20260701,1391
20260701,医疗,舌头上有裂纹是什么原因?怎么解决?,813,20260701,1392
20260701,医疗,苍术的功效与作用,811,20260701,1393
20260701,医疗,dr是什么检查项目,811,20260701,1394
20260701,医疗,泥鳅的功效与作用,810,20260701,1395
20260701,医疗,女私密外面瘙痒是什么原因引起的,809,20260701,1396
20260701,医疗,天麻,809,20260701,1397
20260701,医疗,龙眼肉的功效与作用,809,20260701,1398
20260701,医疗,花旗参的功效与作用,809,20260701,1399
20260701,医疗,"大便稀不成形是什么原因,怎么办",808,20260701,1400
20260701,医疗,杏仁的功效与作用,808,20260701,1401
20260701,医疗,肩胛骨位置疼痛对照表,807,20260701,1402
20260701,医疗,达克宁软膏的作用和功效,807,20260701,1403
20260701,医疗,佐匹克隆片的功效与作用,806,20260701,1404
20260701,医疗,花青素的功效与作用,805,20260701,1405
20260701,医疗,氨基酸的作用,805,20260701,1406
20260701,医疗,左氧氟沙星,805,20260701,1407
20260701,医疗,失眠睡不着觉是什么原因引起的,805,20260701,1408
20260701,医疗,克罗恩病是什么病,804,20260701,1409
20260701,医疗,白内障手术费用大概多少,804,20260701,1410
20260701,医疗,鹿茸菇有什么功效和作用,804,20260701,1411
20260701,医疗,太阳穴疼咋回事,804,20260701,1412
20260701,医疗,肛门旁边长了个疙瘩是怎么回事,803,20260701,1413
20260701,医疗,鲁抗医药,803,20260701,1414
20260701,医疗,血压的正常范围值是多少,803,20260701,1415
20260701,医疗,嗓子疼吃什么药好用见效快,802,20260701,1416
20260701,医疗,氟桂利嗪胶囊的功效与主治,802,20260701,1417
20260701,医疗,藜麦的功效和作用,802,20260701,1418
20260701,医疗,西兰花的功效与作用,801,20260701,1419
20260701,医疗,手指关节疼是什么原因导致的,799,20260701,1420
20260701,医疗,小肚子隐隐约约疼是怎么回事,799,20260701,1421
20260701,医疗,头孢拉定胶囊的作用和功效,799,20260701,1422
20260701,医疗,荞麦枕真的可以养生吗?,799,20260701,1423
20260701,医疗,甲状腺,798,20260701,1424
20260701,医疗,手掌发红是怎么回事,798,20260701,1425
20260701,医疗,降钙素原高是什么意思,798,20260701,1426
20260701,医疗,仙灵骨葆胶囊的作用与功效,797,20260701,1427
20260701,医疗,铁蛋白高是怎么回事,797,20260701,1428
20260701,医疗,布地奈德的功效和副作用,796,20260701,1429
20260701,医疗,尼可地尔片的功效与作用,796,20260701,1430
20260701,医疗,肾结石疼怎么办快速止疼小妙招,796,20260701,1431
20260701,医疗,铝碳酸镁咀嚼片的作用,795,20260701,1432
20260701,医疗,毛囊炎的症状和图片阴囊,795,20260701,1433
20260701,医疗,乙流的症状和表现,795,20260701,1434
20260701,医疗,"末班车后,胶囊旅行胶囊",795,20260701,1435
20260701,医疗,黄连素片的功效与作用与主治,795,20260701,1436
20260701,医疗,右佐匹克隆片的作用与功效,795,20260701,1437
20260701,医疗,甲状腺的主要症状,795,20260701,1438
20260701,医疗,汗疱疹,794,20260701,1439
20260701,医疗,酸奶的作用与功效,794,20260701,1440
20260701,医疗,乳酸脱氢酶偏高说明什么问题,793,20260701,1441
20260701,医疗,药流最佳时间是多少天左右,792,20260701,1442
20260701,医疗,路路通的功效作用与主治,791,20260701,1443
20260701,医疗,海螵蛸功效作用与主治,791,20260701,1444
20260701,医疗,肾结石怎么治疗最好最快的方法,791,20260701,1445
20260701,医疗,硝苯地平控释片功效作用及副作用和禁忌,791,20260701,1446
20260701,医疗,拉屎拉出血是什么原因?,791,20260701,1447
20260701,医疗,双歧杆菌四联活菌片的功效与副作用,790,20260701,1448
20260701,医疗,杵状指是什么样子图片,790,20260701,1449
20260701,医疗,新生儿黄疸多少是正常范围,790,20260701,1450
20260701,医疗,洛索洛芬钠片的功效,789,20260701,1451
20260701,医疗,血小板低吃什么补得快,788,20260701,1452
20260701,医疗,土鳖虫功效作用与主治,787,20260701,1453
20260701,医疗,鼻病毒感染是什么症状,787,20260701,1454
20260701,医疗,麦角硫因的作用和功效,787,20260701,1455
20260701,医疗,盐酸小檗碱片的功效与作用,786,20260701,1456
20260701,医疗,颈椎压迫神经手臂麻木疼痛怎么治疗,786,20260701,1457
20260701,医疗,蜂蜜的功效与作用,786,20260701,1458
20260701,医疗,间苯三酚的作用与功效,786,20260701,1459
20260701,医疗,高密度脂蛋白胆固醇高是怎么回事,785,20260701,1460
20260701,医疗,前列腺炎有什么症状表现,785,20260701,1461
20260701,医疗,尿微量白蛋白高是什么意思,785,20260701,1462
20260701,医疗,五指毛桃,785,20260701,1463
20260701,医疗,地锦草的功效与主治作用,785,20260701,1464
20260701,医疗,坦度螺酮的功效与作用副作用,784,20260701,1465
20260701,医疗,胃疼吃什么药最好效果最快,783,20260701,1466
20260701,医疗,嘴唇发紫是身体哪里出了问题,783,20260701,1467
20260701,医疗,恩替卡韦片的功效与作用,782,20260701,1468
20260701,医疗,糖尿病是什么原因引起的,782,20260701,1469
20260701,医疗,丹参片的功效与作用,782,20260701,1470
20260701,医疗,补肾吃什么东西效果最好,781,20260701,1471
20260701,医疗,麦味地黄丸的作用与功效,781,20260701,1472
20260701,医疗,风寒感冒吃什么药效果好,781,20260701,1473
20260701,医疗,麸炒白术的功效与作用,780,20260701,1474
20260701,医疗,眼睛,780,20260701,1475
20260701,医疗,乌梅丸的功效与作用和主治,780,20260701,1476
20260701,医疗,亚太药业,779,20260701,1477
20260701,医疗,食道癌的早期症状,779,20260701,1478
20260701,医疗,羌活的功效与作用,779,20260701,1479
20260701,医疗,尿酸高不能吃些什么东西,779,20260701,1480
20260701,医疗,adhd,779,20260701,1481
20260701,医疗,核磁共振检查一次多少钱,778,20260701,1482
20260701,医疗,耳石症眩晕怎么办最快最有效,778,20260701,1483
20260701,医疗,喉咙痒痒的老是想咳嗽是怎么回事,777,20260701,1484
20260701,医疗,胸膜炎的症状与表现,776,20260701,1485
20260701,医疗,幽门螺旋杆菌,776,20260701,1486
20260701,医疗,避孕药对女性的危害和副作用,776,20260701,1487
20260701,医疗,黑色素瘤早期症状图片,776,20260701,1488
20260701,医疗,核磁共振对身体有伤害吗,775,20260701,1489
20260701,医疗,手足口病,775,20260701,1490
20260701,医疗,大爷静脉曲张十几年取出40厘米血栓,775,20260701,1491
20260701,医疗,狐臭怎样治疗才彻底根除,774,20260701,1492
20260701,医疗,泼尼松片的功效与作用,774,20260701,1493
20260701,医疗,腰间盘突出压迫神经屁股疼腿疼怎么办,774,20260701,1494
20260701,医疗,牛黄清心丸的功效与作用,772,20260701,1495
20260701,医疗,牛油果油作用与功效,772,20260701,1496
20260701,医疗,后背疼痛部位对照表,771,20260701,1497
20260701,医疗,艾司奥美拉唑镁肠溶片的功效和作用,771,20260701,1498
20260701,医疗,曼月乐环有什么好处和坏处,770,20260701,1499
20260701,医疗,氟西汀的功效与作用,770,20260701,1500
20260701,医疗,松花粉的功效和作用,770,20260701,1501
20260701,医疗,苦丁茶的功效和作用是什么,769,20260701,1502
20260701,医疗,被猫爪子抓伤出血要打针吗,768,20260701,1503
20260701,医疗,冬瓜的功效与作用,768,20260701,1504
20260701,医疗,油桃的功效与作用是什么,767,20260701,1505
20260701,医疗,21金维他多种维生素的功效与作用,767,20260701,1506
20260701,医疗,痛风脚肿怎么消肿止痛,767,20260701,1507
20260701,医疗,甲状腺结节吃什么散结最快效果好,767,20260701,1508
20260701,医疗,红薯叶子的功效与作用,766,20260701,1509
20260701,医疗,肺癌中晚期一般寿命多少年,766,20260701,1510
20260701,医疗,cta叫什么检查,766,20260701,1511
20260701,医疗,吃头孢后多久能喝酒,766,20260701,1512
20260701,医疗,绝经前月经有哪些不正常的症状,766,20260701,1513
20260701,医疗,尿频繁是什么原因,765,20260701,1514
20260701,医疗,柴胡舒肝丸的作用与功效,765,20260701,1515
20260701,医疗,续断的功效与作用,765,20260701,1516
20260701,医疗,补气血吃什么食物最好最快最有效,765,20260701,1517
20260701,医疗,子宫肌瘤有什么感觉和症状,764,20260701,1518
20260701,医疗,桑叶茶有什么功效和作用,764,20260701,1519
20260701,医疗,血栓的症状有哪些表现,764,20260701,1520
20260701,医疗,脑梗,764,20260701,1521
20260701,医疗,藿香正气水,764,20260701,1522
20260701,医疗,乳腺增生和乳腺结节有什么区别,762,20260701,1523
20260701,医疗,白带像豆渣一样怎么回事,761,20260701,1524
20260701,医疗,山竹是凉性还是热性,761,20260701,1525
20260701,医疗,碳酸氢钠片的功效与作用,761,20260701,1526
20260701,医疗,25羟维生素D是什么意思?,760,20260701,1527
20260701,医疗,高锰酸钾的作用与功效妇科,759,20260701,1528
20260701,医疗,垂盆草的功效与作用,758,20260701,1529
20260701,医疗,左胸部隐痛的原因有哪些,757,20260701,1530
20260701,医疗,平均血红蛋白浓度偏低是什么意思,757,20260701,1531
20260701,医疗,胆固醇高吃什么可以降下来,757,20260701,1532
20260701,医疗,右胸部隐隐作痛什么原因,755,20260701,1533
20260701,医疗,芦根的功效作用与主治,755,20260701,1534
20260701,医疗,扁平疣怎么治疗才能彻底根除,754,20260701,1535
20260701,医疗,薄荷叶泡水的功效与作用,754,20260701,1536
20260701,医疗,眼睛看东西有黑影飘动是怎么回事,754,20260701,1537
20260701,医疗,肝囊肿是怎么回事?有危险吗,753,20260701,1538
20260701,医疗,恩格列净片功效与作用,753,20260701,1539
20260701,医疗,房颤,753,20260701,1540
20260701,医疗,丰隆准确位置图和功效,753,20260701,1541
20260701,医疗,腰疼是怎么回事女性,752,20260701,1542
20260701,医疗,眼睛充血什么原因造成的,752,20260701,1543
20260701,医疗,针灸的好处和坏处,752,20260701,1544
20260701,医疗,吃火龙果尿出的尿是红色的怎么回事,752,20260701,1545
20260701,医疗,窦性心律不齐是什么原因,752,20260701,1546
20260701,医疗,"肛门瘙痒是什么原因,怎么治疗",752,20260701,1547
20260701,医疗,芝清室黄精的功效,752,20260701,1548
20260701,医疗,嗓子干痒老是咳嗽是什么原因,751,20260701,1549
20260701,医疗,胆囊息肉怎么治疗能消除,751,20260701,1550
20260701,医疗,咽炎吃什么药最好得快能根治,750,20260701,1551
20260701,医疗,子宫下垂怎么治疗才能快速恢复,749,20260701,1552
20260701,医疗,李子的营养价值及功效与作用,748,20260701,1553
20260701,医疗,艾灸肚脐眼的好处与功效,748,20260701,1554
20260701,医疗,眼皮肿是怎么回事什么原因引起的,748,20260701,1555
20260701,医疗,低密度脂蛋白胆固醇偏高怎么回事,748,20260701,1556
20260701,医疗,高血压,747,20260701,1557
20260701,医疗,丁苯酞软胶囊的作用与功效,747,20260701,1558
20260701,医疗,血压低的原因和危害是什么,746,20260701,1559
20260701,医疗,莪术的功效与作用,746,20260701,1560
20260701,医疗,天麻胶囊的功效与主治,746,20260701,1561
20260701,医疗,左肩膀疼痛要警惕的三种病,746,20260701,1562
20260701,医疗,反流性食管炎症状,745,20260701,1563
20260701,医疗,山楂茯苓薏仁颗粒的功效与作用能消结节吗,745,20260701,1564
20260701,医疗,盐酸左西替利嗪片的功效与作用说明,745,20260701,1565
20260701,医疗,甲泼尼龙琥珀酸钠的功效和副作用,745,20260701,1566
20260701,医疗,胃炎的表现症状有哪些,745,20260701,1567
20260701,医疗,汗疱疹是什么原因引起的,745,20260701,1568
20260701,医疗,干燥综合症有哪些症状,744,20260701,1569
20260701,医疗,牙疼药最好使的三种药 特效药,744,20260701,1570
20260701,医疗,hpv检查是什么检查项目,744,20260701,1571
20260701,医疗,金银花,744,20260701,1572
20260701,医疗,吗丁啉的功效与作用,743,20260701,1573
20260701,医疗,泡疹是什么原因引起的,743,20260701,1574
20260701,医疗,右肩膀疼痛要警惕的三种病,742,20260701,1575
20260701,医疗,躯体化症状是什么表现,742,20260701,1576
20260701,医疗,低血压最快补救方法,742,20260701,1577
20260701,医疗,黄桃的功效与作用及营养价值,741,20260701,1578
20260701,医疗,黄花菜干的功效与作用,741,20260701,1579
20260701,医疗,马齿笕的作用与功能主治,741,20260701,1580
20260701,医疗,放疗和化疗的区别在哪,741,20260701,1581
20260701,医疗,麦粒肿是什么原因引起的怎么办,741,20260701,1582
20260701,医疗,奥司他韦,740,20260701,1583
20260701,医疗,缺铁性贫血的人吃什么补血最快,739,20260701,1584
20260701,医疗,甘草泡水喝的作用与效果,737,20260701,1585
20260701,医疗,甘油三酯正常值范围是多少,737,20260701,1586
20260701,医疗,咳嗽,737,20260701,1587
20260701,医疗,丙氨酸氨基转移酶偏高是怎么回事,737,20260701,1588
20260701,医疗,双氯芬酸钠肠溶片作用与用途,737,20260701,1589
20260701,医疗,艾滋病皮肤症状图片,737,20260701,1590
20260701,医疗,腿抽筋是什么原因?如何解决,737,20260701,1591
20260701,医疗,癫痫病是怎么来的什么原因引起的,737,20260701,1592
20260701,医疗,乳酸脱氢酶高是怎么回事,736,20260701,1593
20260701,医疗,尿酸高不能吃的食物有哪些,736,20260701,1594
20260701,医疗,蚕蛹的营养价值与功效,735,20260701,1595
20260701,医疗,碘伏的作用和用途功效,735,20260701,1596
20260701,医疗,西洋参三种人不宜吃,734,20260701,1597
20260701,医疗,糯米的功效与作用,734,20260701,1598
20260701,医疗,蚕豆的功效与作用,733,20260701,1599
20260701,医疗,五脏六腑是指什么,733,20260701,1600
20260701,医疗,连花清瘟胶囊的作用与功效,732,20260701,1601
20260701,医疗,玫瑰糠疹是什么原因引发的,732,20260701,1602
20260701,医疗,火龙果是凉性还是热性,732,20260701,1603
20260701,医疗,麻腮风疫苗几天才算度过安全期,732,20260701,1604
20260701,医疗,谷胱甘肽的作用与功效,731,20260701,1605
20260701,医疗,胶体果胶铋胶囊的作用与功效,731,20260701,1606
20260701,医疗,桑叶有什么功效和作用,728,20260701,1607
20260701,医疗,通宣理肺丸的功效与作用,728,20260701,1608
20260701,医疗,曲唑酮片的功效及副作用,728,20260701,1609
20260701,医疗,阳陵泉的准确位置图,728,20260701,1610
20260701,医疗,白桦树汁有什么功效,727,20260701,1611
20260701,医疗,双向情感障碍的症状和表现,727,20260701,1612
20260701,医疗,黄芪图片,727,20260701,1613
20260701,医疗,胞磷胆碱钠的作用与功效,726,20260701,1614
20260701,医疗,胰腺炎是什么病严重吗可以治好吗,726,20260701,1615
20260701,医疗,阿莫西林胶囊一次吃几粒大人,726,20260701,1616
20260701,医疗,卡优能是什么药,726,20260701,1617
20260701,医疗,下面有瘙痒是什么原因,725,20260701,1618
20260701,医疗,莲雾的作用和功效,725,20260701,1619
20260701,医疗,鱼石脂软膏的作用和功效,725,20260701,1620
20260701,医疗,百令胶囊的功效与作用,724,20260701,1621
20260701,医疗,胆结石怎么治疗最有效的方法,724,20260701,1622
20260701,医疗,冠心病,724,20260701,1623
20260701,医疗,北京协和医院,723,20260701,1624
20260701,医疗,知柏地黄丸的功效与作用,723,20260701,1625
20260701,医疗,尿路感染是什么原因造成的,722,20260701,1626
20260701,医疗,黑木耳的功效和作用,722,20260701,1627
20260701,医疗,花椒水泡脚有什么效果,722,20260701,1628
20260701,医疗,包皮过长图片,722,20260701,1629
20260701,医疗,感冒喉咙疼痛吃什么药效果最好,721,20260701,1630
20260701,医疗,布洛芬的副作用和危害,721,20260701,1631
20260701,医疗,膀胱癌早期是什么症状,720,20260701,1632
20260701,医疗,尿道感染吃什么药好的最快最有效,720,20260701,1633
20260701,医疗,香瓜的功效与作用,719,20260701,1634
20260701,医疗,缺钙的症状有哪些表现,719,20260701,1635
20260701,医疗,慢性非萎缩性胃炎什么意思,719,20260701,1636
20260701,医疗,坤宝丸的功效与作用,719,20260701,1637
20260701,医疗,心率110-120有危险吗,718,20260701,1638
20260701,医疗,秋葵三种人不宜吃,717,20260701,1639
20260701,医疗,aed是什么急救设备,717,20260701,1640
20260701,医疗,维生素D,717,20260701,1641
20260701,医疗,盐酸左氧氟沙星片的功效作用,717,20260701,1642
20260701,医疗,当归,716,20260701,1643
20260701,医疗,心率过快的原因是什么,716,20260701,1644
20260701,医疗,华东医药,716,20260701,1645
20260701,医疗,氯吡格雷的功效和作用,715,20260701,1646
20260701,医疗,嗯哈肚子胀大了,715,20260701,1647
20260701,医疗,三文鱼的功效与作用,715,20260701,1648
20260701,医疗,氯雷他定,715,20260701,1649
20260701,医疗,车前草,714,20260701,1650
20260701,医疗,东方树叶加纯牛奶可以减肥吗,714,20260701,1651
20260701,医疗,腰肌劳损怎样恢复最快最有效,714,20260701,1652
20260701,医疗,熊猫血是什么血型,714,20260701,1653
20260701,医疗,多囊卵巢综合症是什么原因引起的,713,20260701,1654
20260701,医疗,米氮平片的功效和副作用,713,20260701,1655
20260701,医疗,谷维素,713,20260701,1656
20260701,医疗,足三里的位置与作用和功效,713,20260701,1657
20260701,医疗,破壁灵芝孢子主治与功效与作用,712,20260701,1658
20260701,医疗,鸭蛋的功效与作用及营养,712,20260701,1659
20260701,医疗,宫颈炎有哪些症状,712,20260701,1660
20260701,医疗,物理降温的正确方法,712,20260701,1661
20260701,医疗,肩袖损伤最简单的恢复方法,712,20260701,1662
20260701,医疗,胃酸胃胀反酸水烧心是怎么回事,712,20260701,1663
20260701,医疗,猴头菇的功效与作用,711,20260701,1664
20260701,医疗,包皮过长不割有影响吗,711,20260701,1665
20260701,医疗,胃复春胶囊的功效与作用,710,20260701,1666
20260701,医疗,"肺癌会传染吗,对身边的人有影响吗",710,20260701,1667
20260701,医疗,龙胆草的功效作用与主治,709,20260701,1668
20260701,医疗,血糖高吃什么水果好15种水果降血糖,709,20260701,1669
20260701,医疗,心衰怎么治疗才能恢复正常,708,20260701,1670
20260701,医疗,肺癌晚期还能活多久,708,20260701,1671
20260701,医疗,凯莱英,708,20260701,1672
20260701,医疗,十二指肠溃疡的症状有哪些,708,20260701,1673
20260701,医疗,秦艽的功效与作用,707,20260701,1674
20260701,医疗,熊去氧胆酸胶囊作用与功效,707,20260701,1675
20260701,医疗,宫颈癌是什么原因造成的,706,20260701,1676
20260701,医疗,三黄药片的功效与作用吃法,705,20260701,1677
20260701,医疗,苍耳子的功效与作用,705,20260701,1678
20260701,医疗,发烧最好的退烧方法,705,20260701,1679
20260701,医疗,明目地黄丸的功效与作用,705,20260701,1680
20260701,医疗,格列美脲片的功效与作用及副作用,705,20260701,1681
20260701,医疗,灯笼草的功效与作用主治,704,20260701,1682
20260701,医疗,右归丸的功效与作用和适用人群,704,20260701,1683
20260701,医疗,脚抽筋是什么原因引起的呢,703,20260701,1684
20260701,医疗,低烧多少度算低烧,703,20260701,1685
20260701,医疗,黑咖啡的功效与作用,702,20260701,1686
20260701,医疗,荨麻疹怎么治疗才能除根,702,20260701,1687
20260701,医疗,三阴交,702,20260701,1688
20260701,医疗,布地奈德福莫特罗吸入粉雾剂的用法,702,20260701,1689
20260701,医疗,人参归脾丸的功效和作用,702,20260701,1690
20260701,医疗,癌胚抗原偏高说明什么,702,20260701,1691
20260701,医疗,橘红的功效与作用,702,20260701,1692
20260701,医疗,脖子疼痛什么原因引起的,702,20260701,1693
20260701,医疗,当归黑豆的功效与作用,701,20260701,1694
20260701,医疗,代谢差的人怎么快速加强代谢,701,20260701,1695
20260701,医疗,子宫腺肌症怎么治疗最好最有效,701,20260701,1696
20260701,医疗,考试前吃什么能让大脑发挥最佳,700,20260701,1697
20260701,医疗,十全大补丸功效与作用,700,20260701,1698
20260701,医疗,办健康证需要空腹吗,700,20260701,1699
20260701,医疗,体温计一般放在腋下多长时间,700,20260701,1700
20260701,医疗,肝硬化患者正常寿命一般都在几年,699,20260701,1701
20260701,医疗,抑郁症是精神病还是心理病,699,20260701,1702
20260701,医疗,皮炎图片和症状,698,20260701,1703
20260701,医疗,扩心病是什么病,698,20260701,1704
20260701,医疗,"身体乏力没精神,感觉累,就想躺着",698,20260701,1705
20260701,医疗,正常心率应该是多少,698,20260701,1706
20260701,医疗,木香的功效作用与主治,698,20260701,1707
20260701,医疗,美年健康,697,20260701,1708
20260701,医疗,牛肉的功效与作用,697,20260701,1709
20260701,医疗,力补金秋胶囊的功效和作用,697,20260701,1710
20260701,医疗,孕妇,697,20260701,1711
20260701,医疗,氧化锌软膏的作用与功效,697,20260701,1712
20260701,医疗,湿毒清胶囊的作用与功效,696,20260701,1713
20260701,医疗,罗浮苁黄胶囊的功效与作用,695,20260701,1714
20260701,医疗,黄鳝的功效与作用,695,20260701,1715
20260701,医疗,碱性磷酸酶偏低说明什么原因,694,20260701,1716
20260701,医疗,胰腺癌一般能活多少年,694,20260701,1717
20260701,医疗,食物中毒有什么症状和反应,694,20260701,1718
20260701,医疗,低钾血症的症状及表现,694,20260701,1719
20260701,医疗,积雪草的功效与作用,694,20260701,1720
20260701,医疗,三甲医院是什么意思,693,20260701,1721
20260701,医疗,补铁的食物有哪些,693,20260701,1722
20260701,医疗,水杨酸的作用与功效,693,20260701,1723
20260701,医疗,小苏打的作用和功效和食用方法,693,20260701,1724
20260701,医疗,黄苦荞茶泡水喝的功效和作用,692,20260701,1725
20260701,医疗,中耳炎是什么症状,692,20260701,1726
20260701,医疗,肛门有肉球出来是怎么回事,692,20260701,1727
20260701,医疗,感冒咳嗽怎么治最快最有效,691,20260701,1728
20260701,医疗,抗生素药有哪些药,691,20260701,1729
20260701,医疗,芒硝的功效与作用与主治,691,20260701,1730
20260701,医疗,过敏吃什么药最快最有效,691,20260701,1731
20260701,医疗,维c银翘片功效与作用,691,20260701,1732
20260701,医疗,桦树茸的功效与作用的功能与主治,690,20260701,1733
20260701,医疗,中耳炎用什么药效果最好,690,20260701,1734
20260701,医疗,昙花的功效与作用及食用方法,690,20260701,1735
20260701,医疗,替硝唑片的作用与用途,690,20260701,1736
20260701,医疗,嘴唇上长疱疹是什么原因引起的,688,20260701,1737
20260701,医疗,鼻窦炎吃什么药最好根治最快最有效,688,20260701,1738
20260701,医疗,高血压怎么调理才能恢复,688,20260701,1739
20260701,医疗,耳朵闷闷的堵住的感觉,687,20260701,1740
20260701,医疗,nt检查一般在怀孕几周,687,20260701,1741
20260701,医疗,红心火龙果的功效与作用,687,20260701,1742
20260701,医疗,脾肾两助丸的功效与作用,687,20260701,1743
20260701,医疗,阿托伐他汀的副作用有哪些,686,20260701,1744
20260701,医疗,膳食纤维有哪些食物,686,20260701,1745
20260701,医疗,茶油的作用与功效,686,20260701,1746
20260701,医疗,幽门螺旋杆菌吃什么药可以根治,686,20260701,1747
20260701,医疗,乐普医疗,686,20260701,1748
20260701,医疗,关元穴的准确位置,685,20260701,1749
20260701,医疗,小儿豉翘清热颗粒作用与功效,685,20260701,1750
20260701,医疗,结膜炎有哪些症状,685,20260701,1751
20260701,医疗,孕酮低什么原因造成的,684,20260701,1752
20260701,医疗,重楼的功效与作用,684,20260701,1753
20260701,医疗,轻舒朵舒宁片,684,20260701,1754
20260701,医疗,吃西瓜会不会长胖,683,20260701,1755
20260701,医疗,熊去氧胆酸片的功效和作用,683,20260701,1756
20260701,医疗,中脘穴位的准确位置,683,20260701,1757
20260701,医疗,颈动脉斑块怎样消除最好的方法,682,20260701,1758
20260701,医疗,双氧水的作用和用途,682,20260701,1759
20260701,医疗,伟哥的作用与功效及副作用,682,20260701,1760
20260701,医疗,双相情感性障碍是什么症状,681,20260701,1761
20260701,医疗,乙酰螺旋霉素片的作用与功效,680,20260701,1762
20260701,医疗,防风通圣丸的功效与作用,680,20260701,1763
20260701,医疗,加巴喷丁胶囊的作用与功效,680,20260701,1764
20260701,医疗,"手抖是什么原因引起的,怎么解决方法",680,20260701,1765
20260701,医疗,胰腺炎,679,20260701,1766
20260701,医疗,抗甲状腺过氧化物酶抗体高说明什么,678,20260701,1767
20260701,医疗,迪安诊断,678,20260701,1768
20260701,医疗,海王生物,677,20260701,1769
20260701,医疗,扑尔敏的作用与功效,677,20260701,1770
20260701,医疗,冬虫夏草在本草纲目中被称为什么,677,20260701,1771
20260701,医疗,otc代表什么,677,20260701,1772
20260701,医疗,子宫肌瘤吃什么药消除最快,677,20260701,1773
20260701,医疗,地肤子的功效与作用,677,20260701,1774
20260701,医疗,桔梗的功效与作用,676,20260701,1775
20260701,医疗,环吡酮胺乳膏作用与功效,676,20260701,1776
20260701,医疗,五子衍宗丸,676,20260701,1777
20260701,医疗,蜜蜂蛰了最快消肿止痛止痒,676,20260701,1778
20260701,医疗,苹果醋的功效和作用,676,20260701,1779
20260701,医疗,玉屏风散的功效与主治,675,20260701,1780
20260701,医疗,侧柏叶的功效与作用,675,20260701,1781
20260701,医疗,生物制药,675,20260701,1782
20260701,医疗,脂蛋白a高是什么原因,675,20260701,1783
20260701,医疗,被蜜蜂蛰了怎么办才能消肿止痛,675,20260701,1784
20260701,医疗,落枕脖子痛怎么快速恢复,674,20260701,1785
20260701,医疗,低血糖的人吃什么可以补起来,674,20260701,1786
20260701,医疗,破伤风针多少钱一针,674,20260701,1787
20260701,医疗,小便尿道刺痛什么原因,674,20260701,1788
20260701,医疗,克林霉素的作用与功效,673,20260701,1789
20260701,医疗,四物汤是哪四物,673,20260701,1790
20260701,医疗,房颤是什么症状表现,673,20260701,1791
20260701,医疗,胃在身体哪个位置图片,673,20260701,1792
20260701,医疗,眼保健操,673,20260701,1793
20260701,医疗,偏头疼是什么原因引起,673,20260701,1794
20260701,医疗,金刚藤的作用与功效,673,20260701,1795
20260701,医疗,头孢,672,20260701,1796
20260701,医疗,细胞角蛋白19片段偏高的原因,672,20260701,1797
20260701,医疗,盐酸地芬尼多的功效和作用是什么,671,20260701,1798
20260701,医疗,左氧氟沙星的功效与作用,670,20260701,1799
20260701,医疗,肉桂的主要功效和作用,669,20260701,1800
20260701,医疗,鼻炎怎么治疗彻底除根最快最有效,669,20260701,1801
20260701,医疗,性病的主要症状和表现,669,20260701,1802
20260701,医疗,非布司他片的作用,668,20260701,1803
20260701,医疗,头孢克肟胶囊的作用和主治,668,20260701,1804
20260701,医疗,脾胃虚寒的症状有哪些,668,20260701,1805
20260701,医疗,尿毒症,668,20260701,1806
20260701,医疗,咽炎有什么症状有哪些表现,667,20260701,1807
20260701,医疗,五灵脂的功效与作用,667,20260701,1808
20260701,医疗,左下腹部隐痛可要警惕三种病,667,20260701,1809
20260701,医疗,"便秘是什么原因造成的,该怎么解决",667,20260701,1810
20260701,医疗,胃疼怎么办最快最有效缓解,667,20260701,1811
20260701,医疗,逍遥丸的作用与功效和适用人群,667,20260701,1812
20260701,医疗,血府逐瘀丸的功效与作用,667,20260701,1813
20260701,医疗,小儿柴桂退热颗粒的功效与作用,666,20260701,1814
20260701,医疗,地胆头的功效与作用,666,20260701,1815
20260701,医疗,卡里稳是什么药,666,20260701,1816
20260701,医疗,肝气郁结的症状有哪些表现,666,20260701,1817
20260701,医疗,阿司匹林肠溶片的作用功效,666,20260701,1818
20260701,医疗,鬼针草的图片,666,20260701,1819
20260701,医疗,钛金属对人体有什么好处和坏处,666,20260701,1820
20260701,医疗,尿液有泡泡是什么原因,666,20260701,1821
20260701,医疗,大便出血是怎么回事男性,666,20260701,1822
20260701,医疗,克霉唑阴片的作用与功效,666,20260701,1823
20260701,医疗,抑郁症,665,20260701,1824
20260701,医疗,艾滋病初期症状及表现,665,20260701,1825
20260701,医疗,陈皮,665,20260701,1826
20260701,医疗,高血压吃什么药降压效果最好,665,20260701,1827
20260701,医疗,鱼刺卡喉咙里怎么办最简单的方法,664,20260701,1828
20260701,医疗,火龙果属于凉性还是热性,663,20260701,1829
20260701,医疗,干眼症怎么治疗才能彻底治好,663,20260701,1830
20260701,医疗,清开灵的作用与功效,662,20260701,1831
20260701,医疗,香菜的功效与作用,662,20260701,1832
20260701,医疗,阴痉长疙瘩是怎么回事,662,20260701,1833
20260701,医疗,莓茶的功效与作用,661,20260701,1834
20260701,医疗,37.3℃成人算发烧吗,660,20260701,1835
20260701,医疗,石女是怎么一回事,659,20260701,1836
20260701,医疗,蝎子的功能与主治,659,20260701,1837
20260701,医疗,坏死性筋照片图片,658,20260701,1838
20260701,医疗,风热感冒的症状表现,658,20260701,1839
20260701,医疗,嘴唇颜色暗沉发紫是什么原因,658,20260701,1840
20260701,医疗,子宫肌瘤,657,20260701,1841
20260701,医疗,雷尼替丁作用与功效,657,20260701,1842
20260701,医疗,带状疱疹怎么治疗最快方法,657,20260701,1843
20260701,医疗,诺氟沙星胶囊一次吃几粒,657,20260701,1844
20260701,医疗,甜菜根的功效与作用,657,20260701,1845
20260701,医疗,化橘红的功效与主治,657,20260701,1846
20260701,医疗,右侧肋下疼痛的可能病因,656,20260701,1847
20260701,医疗,红霉素眼膏的作用与功效,656,20260701,1848
20260701,医疗,西比灵的功效与作用,656,20260701,1849
20260701,医疗,藤茶有什么功效和作用,655,20260701,1850
20260701,医疗,植物神经紊乱的症状有哪些表现,655,20260701,1851
20260701,医疗,艾滋病传播方式有几种,655,20260701,1852
20260701,医疗,睡不着觉是哪里出了问题,655,20260701,1853
20260701,医疗,广藿香的功效与作用,654,20260701,1854
20260701,医疗,黄精的作用和功效?,654,20260701,1855
20260701,医疗,虾青素的作用和功效,654,20260701,1856
20260701,医疗,男女做什么运动能怀孕,654,20260701,1857
20260701,医疗,毛囊炎图片和症状图,654,20260701,1858
20260701,医疗,曲昔派特的作用与功效,653,20260701,1859
20260701,医疗,女性生殖系统结构名称及功能图,653,20260701,1860
20260701,医疗,血压高是什么原因引起的,653,20260701,1861
20260701,医疗,气血不足的表现有哪些症状,653,20260701,1862
20260701,医疗,落枕脖子疼怎么办最快最有效,652,20260701,1863
20260701,医疗,正常心率值是多少范围,652,20260701,1864
20260701,医疗,泮托拉唑钠肠溶片的作用和功效,651,20260701,1865
20260701,医疗,过敏性鼻炎怎么治最有效的方法,651,20260701,1866
20260701,医疗,司美格鲁肽,651,20260701,1867
20260701,医疗,肾结石,650,20260701,1868
20260701,医疗,蒙脱石散正确服用方法,650,20260701,1869
20260701,医疗,宫颈糜烂是什么原因造成的,650,20260701,1870
20260701,医疗,白蛋白偏低是什么意思,650,20260701,1871
20260701,医疗,肺大泡是什么病严重吗能治好吗,649,20260701,1872
20260701,医疗,南瓜籽的功效与作用及营养价值,649,20260701,1873
20260701,医疗,塞来昔布胶囊0.2g一次吃几粒,649,20260701,1874
20260701,医疗,血府逐瘀汤组成配方,649,20260701,1875
20260701,医疗,颈复康颗粒的功效与作用,649,20260701,1876
20260701,医疗,左氧氟沙星滴眼液作用与功效,649,20260701,1877
20260701,医疗,通心络胶囊的功效与作用,648,20260701,1878
20260701,医疗,手足口病是什么原因引起的啊,647,20260701,1879
20260701,医疗,坤泰胶囊的功效主治,647,20260701,1880
20260701,医疗,杏仁的营养价值及功效与作用,647,20260701,1881
20260701,医疗,梨状肌综合征有哪些症状表现,647,20260701,1882
20260701,医疗,肺栓塞的主要症状是什么,646,20260701,1883
20260701,医疗,西地那非和他达拉非哪个效果好,646,20260701,1884
20260701,医疗,左手发麻是什么病征兆,646,20260701,1885
20260701,医疗,肿瘤标志物五项检测是什么,645,20260701,1886
20260701,医疗,牙疼吃什么药最好效果最快,645,20260701,1887
20260701,医疗,氯硝西泮片的作用功效,645,20260701,1888
20260701,医疗,后背疼痛要警惕的三种病症,645,20260701,1889
20260701,医疗,奥美拉唑,644,20260701,1890
20260701,医疗,性激素六项主要检查什么,644,20260701,1891
20260701,医疗,甘油三酯是指哪三脂,644,20260701,1892
20260701,医疗,心火旺盛的表现症状有哪些,644,20260701,1893
20260701,医疗,维生素d2软胶囊的作用及功能,644,20260701,1894
20260701,医疗,褪黑素,644,20260701,1895
20260701,医疗,内关的准确位置图,643,20260701,1896
20260701,医疗,硫酸氢氯吡格雷片的作用与功效,643,20260701,1897
20260701,医疗,盐酸特比萘芬片功效作用,643,20260701,1898
20260701,医疗,总胆固醇正常值范围是多少,643,20260701,1899
20260701,医疗,背部疼痛什么原因造成的,643,20260701,1900
20260701,医疗,司美格鲁肽功效和作用,643,20260701,1901
20260701,医疗,蜈蚣咬了怎么处理方法,643,20260701,1902
20260701,医疗,尼莫地平片的作用与功能主治,643,20260701,1903
20260701,医疗,特比萘芬乳膏的功效与作用,642,20260701,1904
20260701,医疗,射干的功效与作用,642,20260701,1905
20260701,医疗,油麦菜的功效与作用,642,20260701,1906
20260701,医疗,火疖子,641,20260701,1907
20260701,医疗,早搏是怎么回事儿,641,20260701,1908
20260701,医疗,"手脚麻木是什么原因引起的,怎么治疗",641,20260701,1909
20260701,医疗,米诺地尔真的能长头发吗,641,20260701,1910
20260701,医疗,咪喹莫特乳膏,641,20260701,1911
20260701,医疗,苯磺酸左氨氯地平片的功效副作用如何换其他降压药,641,20260701,1912
20260701,医疗,茯神功效作用与主治,640,20260701,1913
20260701,医疗,龙血果的功效与作用,640,20260701,1914
20260701,医疗,肾阳虚吃什么药最好最有效,640,20260701,1915
20260701,医疗,牙痛怎么快速止痛最简单的办法,640,20260701,1916
20260701,医疗,过敏性紫癜,640,20260701,1917
20260701,医疗,外阴扒开里面肉红是梅毒吗,640,20260701,1918
20260701,医疗,塞来昔布,640,20260701,1919
20260701,医疗,心肌酶高是什么意思,639,20260701,1920
20260701,医疗,罗布麻茶的功效与作用,639,20260701,1921
20260701,医疗,流感症状主要表现有哪些,639,20260701,1922
20260701,医疗,槐花的功效与作用,639,20260701,1923
20260701,医疗,发烧38度的最佳处理方法,639,20260701,1924
20260701,医疗,罗汉果的功效与作用,639,20260701,1925
20260701,医疗,hpv疫苗有必要打吗,639,20260701,1926
20260701,医疗,山茶油的功效与作用,638,20260701,1927
20260701,医疗,司美那非,638,20260701,1928
20260701,医疗,精索静脉曲张,638,20260701,1929
20260701,医疗,舒筋活血片的功效与作用,638,20260701,1930
20260701,医疗,薄荷,638,20260701,1931
20260701,医疗,脂蛋白a高是什么意思,638,20260701,1932
20260701,医疗,核磁共振是检查什么的,637,20260701,1933
20260701,医疗,肉苁蓉,637,20260701,1934
20260701,医疗,泡脚的最佳时间和温度是多少,637,20260701,1935
20260701,医疗,五味子,637,20260701,1936
20260701,医疗,痛风,636,20260701,1937
20260701,医疗,房颤是什么症状,635,20260701,1938
20260701,医疗,茯苓泡水喝的正确方法,635,20260701,1939
20260701,医疗,二陈汤的配方,635,20260701,1940
20260701,医疗,二甲双胍,635,20260701,1941
20260701,医疗,左边肋骨下隐痛要警惕的三种病,635,20260701,1942
20260701,医疗,白癜风初期的症状图片,635,20260701,1943
20260701,医疗,脚部部位图解大全,635,20260701,1944
20260701,医疗,血红蛋白正常值是多少,634,20260701,1945
20260701,医疗,麦粒肿,634,20260701,1946
20260701,医疗,毛囊炎怎么彻底根治,634,20260701,1947
20260701,医疗,灰指甲,633,20260701,1948
20260701,医疗,泮托拉唑钠肠溶片的作用,633,20260701,1949
20260701,医疗,甲钴胺片,633,20260701,1950
20260701,医疗,玉屏风散的配方,633,20260701,1951
20260701,医疗,鹿心丸的功效与主治,632,20260701,1952
20260701,医疗,茵陈的作用与功能主治,632,20260701,1953
20260701,医疗,玛卡的功效与作用,632,20260701,1954
20260701,医疗,安乃近的功效与作用,632,20260701,1955
20260701,医疗,癫痫,632,20260701,1956
20260701,医疗,胆囊炎吃什么药效果最好,632,20260701,1957
20260701,医疗,肺力咳合剂的作用与功效,632,20260701,1958
20260701,医疗,温胆汤的配方,631,20260701,1959
20260701,医疗,保济丸的功效与主治作用,631,20260701,1960
20260701,医疗,甲硝唑片一次吃几粒一天几次,631,20260701,1961
20260701,医疗,猪苓的功效与作用与主治,631,20260701,1962
20260701,医疗,同房后出血什么原因,631,20260701,1963
20260701,医疗,体脂率正常范围,631,20260701,1964
20260701,医疗,馒头是很干净的碳水,630,20260701,1965
20260701,医疗,胃火旺盛的症状有哪些表现,630,20260701,1966
20260701,医疗,鹦鹉热病是什么症状,630,20260701,1967
20260701,医疗,喝中药忌口哪些食物,630,20260701,1968
20260701,医疗,黄豆的功效与作用,630,20260701,1969
20260701,医疗,富贵包怎么消除最有效的方法是什么,629,20260701,1970
20260701,医疗,天花粉的作用和功效,629,20260701,1971
20260701,医疗,中性粒细胞低是什么原因,628,20260701,1972
20260701,医疗,白芷,628,20260701,1973
20260701,医疗,复方嗜酸乳杆菌片的功效与作用,628,20260701,1974
20260701,医疗,良附丸的功效与作用,628,20260701,1975
20260701,医疗,血海穴准确位置,627,20260701,1976
20260701,医疗,健康状况怎么填写,627,20260701,1977
20260701,医疗,心脏供血不足最快的调理方法,627,20260701,1978
20260701,医疗,头顶痛什么原因引起的,627,20260701,1979
20260701,医疗,反流性食管炎吃什么药效果更佳,627,20260701,1980
20260701,医疗,伊曲康唑胶囊的功效与作用,627,20260701,1981
20260701,医疗,小青龙颗粒的功效和作用,626,20260701,1982
20260701,医疗,肝胆湿热有哪些症状,626,20260701,1983
20260701,医疗,皮质醇,626,20260701,1984
20260701,医疗,阑尾炎症状表现有哪些,626,20260701,1985
20260701,医疗,脑梗死是什么意思?能治愈吗?,625,20260701,1986
20260701,医疗,奥沙西泮片的功效及副作用,625,20260701,1987
20260701,医疗,心脏,624,20260701,1988
20260701,医疗,华海药业,624,20260701,1989
20260701,医疗,兔丝子的功能与作用,623,20260701,1990
20260701,医疗,尿黄是什么原因啊,623,20260701,1991
20260701,医疗,金银花泡水喝功效与主治,623,20260701,1992
20260701,医疗,尿酸高是怎么导致的原因,623,20260701,1993
20260701,医疗,盐酸贝尼地平片功效与作用,622,20260701,1994
20260701,医疗,慢性咽喉炎怎么治才能彻底除根,622,20260701,1995
20260701,医疗,疥疮的症状的照片,621,20260701,1996
20260701,医疗,硫辛酸的作用与功效,621,20260701,1997
20260701,医疗,沙苑子的功效与作用,621,20260701,1998
20260701,医疗,菊花,621,20260701,1999
20260701,医疗,阿托伐他汀正确吃法,620,20260701,2000
20260701,医疗,奥美拉唑一天吃几粒,620,20260701,2001
20260701,医疗,维生素B,620,20260701,2002
20260701,医疗,归芍地黄丸的作用与功能主治,620,20260701,2003
20260701,医疗,碘伏的作用与功效,620,20260701,2004
20260701,医疗,熬夜对身体的危害有哪些,620,20260701,2005
20260701,医疗,色盲测试图,620,20260701,2006
20260701,医疗,静脉曲张是什么原因引起的,620,20260701,2007
20260701,医疗,九安医疗,620,20260701,2008
20260701,医疗,舍曲林的功效与作用的副作用,620,20260701,2009
20260701,医疗,心脉受损有什么症状,620,20260701,2010
20260701,医疗,夏枯草图片,620,20260701,2011
20260701,医疗,黑豆尽量少吃最好不吃,620,20260701,2012
20260701,医疗,清火栀麦片的功效与作用,619,20260701,2013
20260701,医疗,吃阿莫西林可以喝酒吗,619,20260701,2014
20260701,医疗,eb病毒是什么病毒,619,20260701,2015
20260701,医疗,心率低40-50之间该怎么治疗,618,20260701,2016
20260701,医疗,心电图导联位置示意图,618,20260701,2017
20260701,医疗,附子的作用与功效,618,20260701,2018
20260701,医疗,手臂上有红色的小点点是怎么回事,617,20260701,2019
20260701,医疗,脑瘤的早期症状,617,20260701,2020
20260701,医疗,普拉洛芬滴眼液作用和功效,617,20260701,2021
20260701,医疗,黄精的功效与作用,617,20260701,2022
20260701,医疗,淋巴细胞绝对值偏高是怎么回事,617,20260701,2023
20260701,医疗,脂肪肝是什么意思严重吗,616,20260701,2024
20260701,医疗,过敏皮肤痒怎么办,616,20260701,2025
20260701,医疗,流鼻血是什么原因引起的怎么处理,616,20260701,2026
20260701,医疗,黄精功效作用治疗什么病最好,616,20260701,2027
20260701,医疗,三宝胶囊的功效与作用,616,20260701,2028
20260701,医疗,伸筋草的功效与作用,615,20260701,2029
20260701,医疗,麝香保心丸的作用与功效,615,20260701,2030
20260701,医疗,逍遥丸的配方成分,615,20260701,2031
20260701,医疗,炒酸枣仁的功效与作用,615,20260701,2032
20260701,医疗,收缩压和舒张压的正常值范围,615,20260701,2033
20260701,医疗,胆结石什么症状哪里疼,614,20260701,2034
20260701,医疗,红参的功效与作用,614,20260701,2035
20260701,医疗,车前草的图片,614,20260701,2036
20260701,医疗,党参,614,20260701,2037
20260701,医疗,盐酸舍曲林片作用功效,613,20260701,2038
20260701,医疗,抽筋是什么原因引起的,613,20260701,2039
20260701,医疗,蒙脱石散,613,20260701,2040
20260701,医疗,乌灵参的作用与功效,613,20260701,2041
20260701,医疗,谷氨酰基转移酶高说明什么问题,613,20260701,2042
20260701,医疗,中性粒细胞百分比偏低说明什么,612,20260701,2043
20260701,医疗,肠息肉的早期症状,612,20260701,2044
20260701,医疗,肝郁气滞有什么症状,611,20260701,2045
20260701,医疗,摩罗丹的功能与主治,611,20260701,2046
20260701,医疗,复方消化酶胶囊作用与功效,611,20260701,2047
20260701,医疗,天突穴准确位置,611,20260701,2048
20260701,医疗,薏苡仁的功效与作用,611,20260701,2049
20260701,医疗,三金片,611,20260701,2050
20260701,医疗,节节草的功效与作用与主治,610,20260701,2051
20260701,医疗,咳特灵胶囊的功效和作用,610,20260701,2052
20260701,医疗,破伤风有什么症状,610,20260701,2053
20260701,医疗,白癜风是什么引起的原因,610,20260701,2054
20260701,医疗,焦虑症的症状有哪些表现,610,20260701,2055
20260701,医疗,茵陈泡水喝的功效与作用禁忌,609,20260701,2056
20260701,医疗,奥美拉唑的正确吃法,609,20260701,2057
20260701,医疗,肉桂粉加蜂蜜的功效与作用,609,20260701,2058
20260701,医疗,利巴韦林的功效与作用,609,20260701,2059
20260701,医疗,解脲脲原体阳性是啥意思,608,20260701,2060
20260701,医疗,月经迟迟不来是什么原因,608,20260701,2061
20260701,医疗,菜籽油的好处和害处,608,20260701,2062
20260701,医疗,百济神州,608,20260701,2063
20260701,医疗,嘴里发苦是什么原因造成的,607,20260701,2064
20260701,医疗,利多卡因凝胶治疗早射使用办法,607,20260701,2065
20260701,医疗,西夫康维生素b能治白发吗,607,20260701,2066
20260701,医疗,雾化的作用和功效,607,20260701,2067
20260701,医疗,扁桃体发炎最快治疗方法,606,20260701,2068
20260701,医疗,破伤风症状表现有哪些,606,20260701,2069
20260701,医疗,文心健康管家,606,20260701,2070
20260701,医疗,四维彩超几个月做最佳时间,606,20260701,2071
20260701,医疗,党参的主要功效是什么作用,606,20260701,2072
20260701,医疗,苦杏仁的功效与作用,606,20260701,2073
20260701,医疗,皮质醇是什么意思,606,20260701,2074
20260701,医疗,避孕药72小时内是不是都有效,606,20260701,2075
20260701,医疗,珍珠母的功效与作用,606,20260701,2076
20260701,医疗,麦芽的功效与作用,605,20260701,2077
20260701,医疗,甲状腺功能减退会出现什么症状,605,20260701,2078
20260701,医疗,心脏彩超能检查出什么毛病,605,20260701,2079
20260701,医疗,银屑病的症状表现图片,605,20260701,2080
20260701,医疗,紫苏的功效与作用,605,20260701,2081
20260701,医疗,渐冻症的早期症状是什么,604,20260701,2082
20260701,医疗,过敏的症状皮肤图片,604,20260701,2083
20260701,医疗,天麻的功效与作用及正确吃法,604,20260701,2084
20260701,医疗,硝呋太尔制霉素软胶囊的作用与功效,604,20260701,2085
20260701,医疗,利多卡因乳膏延时的正确使用方法,604,20260701,2086
20260701,医疗,信立泰,603,20260701,2087
20260701,医疗,维生素a的作用和功效,603,20260701,2088
20260701,医疗,穿刺检查是什么意思,602,20260701,2089
20260701,医疗,盐酸达泊西汀片作用与功效,602,20260701,2090
20260701,医疗,甲沟炎,601,20260701,2091
20260701,医疗,辅酶q10的功效和作用,601,20260701,2092
20260701,医疗,桔梗,601,20260701,2093
20260701,医疗,梅尼埃病是什么病,601,20260701,2094
20260701,医疗,空腹血糖7一8之间不管能行吗,601,20260701,2095
20260701,医疗,王不留行的功效与作用,601,20260701,2096
20260701,医疗,眼皮老跳是什么原因,601,20260701,2097
20260701,医疗,疝气,601,20260701,2098
20260701,医疗,氨氯地平片的功效与作用和副作用,601,20260701,2099
20260701,医疗,红参的功效作用与主治,600,20260701,2100
20260701,医疗,桃仁的作用和功效,600,20260701,2101
20260701,医疗,五子衍宗丸功效作用与主治,600,20260701,2102
20260701,医疗,牛蒡根的功效与作用,600,20260701,2103
20260701,医疗,"囊肿是什么原因引起的,该怎么治疗",599,20260701,2104
20260701,医疗,桂花的功效和作用,599,20260701,2105
20260701,医疗,甘草片的主要功效和作用,599,20260701,2106
20260701,医疗,猫抓伤了表皮出了一点血要打针吗,599,20260701,2107
20260701,医疗,他达拉非片的作用和功效,599,20260701,2108
20260701,医疗,耳朵后面长了个小鼓包是怎么回事,599,20260701,2109
20260701,医疗,参苓白术散的组成配方,599,20260701,2110
20260701,医疗,活珠子的营养价值与功效,599,20260701,2111
20260701,医疗,主动脉硬化是怎么回事,599,20260701,2112
20260701,医疗,丝瓜络的功效作用与主治,598,20260701,2113
20260701,医疗,百部的功效与作用,598,20260701,2114
20260701,医疗,心肺复苏的操作方法,598,20260701,2115
20260701,医疗,肠胃炎吃什么药好得快效果最好,598,20260701,2116
20260701,医疗,人体内脏位置结构图解,598,20260701,2117
20260701,医疗,精氨酸的作用与功效,597,20260701,2118
20260701,医疗,橄榄油的正确吃法和用法,597,20260701,2119
20260701,医疗,艾叶泡脚有什么作用与功效,597,20260701,2120
20260701,医疗,昂伟达是什么药,597,20260701,2121
20260701,医疗,正常血压值的标准范围是多少,597,20260701,2122
20260701,医疗,脾虚湿气重吃什么药效果最好,597,20260701,2123
20260701,医疗,盐酸普萘洛尔片的作用与功效,597,20260701,2124
20260701,医疗,美罗培南的作用与功效,596,20260701,2125
20260701,医疗,醋延胡索的功效与作用,596,20260701,2126
20260701,医疗,ct辐射一次在体内多久才可以消除,595,20260701,2127
20260701,医疗,淋巴细胞百分比偏高是怎么回事,595,20260701,2128
20260701,医疗,心口窝疼是怎么回事,594,20260701,2129
20260701,医疗,动脉硬化是怎么回事,594,20260701,2130
20260701,医疗,狂犬疫苗最佳时间是多少小时内,594,20260701,2131
20260701,医疗,肾癌的早期症状及表现,594,20260701,2132
20260701,医疗,盐酸伊托必利片的作用与功效,594,20260701,2133
20260701,医疗,低密度脂蛋白高怎么调理才会降,593,20260701,2134
20260701,医疗,尿白细胞高说明什么问题,593,20260701,2135
20260701,医疗,新华制药,593,20260701,2136
20260701,医疗,hiv是什么病,592,20260701,2137
20260701,医疗,山梨酸钾的作用和危害,592,20260701,2138
20260701,医疗,尿毒清颗粒的功效与作用,592,20260701,2139
20260701,医疗,皮肤过敏大面积红肿痒怎么解决,592,20260701,2140
20260701,医疗,羊奶粉的好处和功效,592,20260701,2141
20260701,医疗,肺结节,592,20260701,2142
20260701,医疗,嘴唇上起疱疹怎么引起的,591,20260701,2143
20260701,医疗,血脂康胶囊的功效及副作用,591,20260701,2144
20260701,医疗,真菌感染皮肤病用什么药最好,591,20260701,2145
20260701,医疗,龙胆泻肝丸的功效和作用,591,20260701,2146
20260701,医疗,带状疱疹会传染吗,590,20260701,2147
20260701,医疗,云南白药,590,20260701,2148
20260701,医疗,夏枯草,590,20260701,2149
20260701,医疗,益气养血口服液的功效与作用,590,20260701,2150
20260701,医疗,益生菌哪个牌子的最好,590,20260701,2151
20260701,医疗,补中益气丸配方组成,590,20260701,2152
20260701,医疗,胸腔积液是什么原因造成的,590,20260701,2153
20260701,医疗,花胶的作用和功效,589,20260701,2154
20260701,医疗,胃镜检查需要多少钱一次,589,20260701,2155
20260701,医疗,西葫芦的功效与作用,589,20260701,2156
20260701,医疗,榴莲不能和什么一起吃,589,20260701,2157
20260701,医疗,谷氨酰转肽酶高说明什么,589,20260701,2158
20260701,医疗,肾上腺素功效与作用,589,20260701,2159
20260701,医疗,止痛药哪个效果最好最快,589,20260701,2160
20260701,医疗,脚底穴位图片,589,20260701,2161
20260701,医疗,科伦药业,589,20260701,2162
20260701,医疗,鸡屎藤的功效与作用,589,20260701,2163
20260701,医疗,艾草的功效和作用,589,20260701,2164
20260701,医疗,拉肚子吃什么药效果好,589,20260701,2165
20260701,医疗,优甲乐,589,20260701,2166
20260701,医疗,苹果的功效与作用,589,20260701,2167
20260701,医疗,金锁固精丸的功效与作用,588,20260701,2168
20260701,医疗,单核细胞百分比偏高什么原因,588,20260701,2169
20260701,医疗,神经性皮炎怎么治疗才能彻底除根,588,20260701,2170
20260701,医疗,crp是什么检查项目,588,20260701,2171
20260701,医疗,皮脂腺囊肿,588,20260701,2172
20260701,医疗,普瑞巴林,588,20260701,2173
20260701,医疗,双向情感障碍,588,20260701,2174
20260701,医疗,冬虫夏草的功效作用与主治,588,20260701,2175
20260701,医疗,三尖瓣轻度反流说明什么,588,20260701,2176
20260701,医疗,太极集团,587,20260701,2177
20260701,医疗,千红制药,587,20260701,2178
20260701,医疗,枸杞,586,20260701,2179
20260701,医疗,胳膊肘疼痛的原因和治疗方法,586,20260701,2180
20260701,医疗,木耳菜的功效与作用,586,20260701,2181
20260701,医疗,玫瑰花的功效与作用,586,20260701,2182
20260701,医疗,胶原蛋白肽的作用与功效,586,20260701,2183
20260701,医疗,黄花菜的功效与作用,586,20260701,2184
20260701,医疗,四逆汤的组成配方,586,20260701,2185
20260701,医疗,ct和核磁共振的区别,586,20260701,2186
20260701,医疗,带状疱疹后遗神经痛如何彻底根治,585,20260701,2187
20260701,医疗,滴虫性阴炎是怎么感染上的怎么治疗,585,20260701,2188
20260701,医疗,胸部隐隐约约的疼怎么回事,585,20260701,2189
20260701,医疗,头孢曲松钠的作用与功效,585,20260701,2190
20260701,医疗,庆大霉素的作用与功效与副作用,585,20260701,2191
20260701,医疗,三子强肾胶囊的功效与作用,584,20260701,2192
20260701,医疗,做肠镜检查需要提前做什么准备,584,20260701,2193
20260701,医疗,左氧氟沙星片尿路感染一次吃几片,584,20260701,2194
20260701,医疗,氯雷他定片一天吃几次,584,20260701,2195
20260701,医疗,白鲜皮的功效作用与主治,583,20260701,2196
20260701,医疗,西梅汁的功效和作用及副作用,583,20260701,2197
20260701,医疗,灵芝的正确吃法与用量,583,20260701,2198
20260701,医疗,哈药股份,583,20260701,2199
20260701,医疗,静脉曲张的症状表现,582,20260701,2200
20260701,医疗,马蹄荸荠的功效与作用,582,20260701,2201
20260701,医疗,六味地黄丸能提高男人的性功能吗,582,20260701,2202
20260701,医疗,五子衍宗丸吃多久性功能恢复,582,20260701,2203
20260701,医疗,银黄颗粒的功效与副作用,582,20260701,2204
20260701,医疗,誉衡药业,582,20260701,2205
20260701,医疗,肚脐眼下面的肚子疼是怎么回事,582,20260701,2206
20260701,医疗,子宫内膜异位症有什么症状表现,581,20260701,2207
20260701,医疗,白细胞低吃什么能升白细胞,581,20260701,2208
20260701,医疗,醋酸地塞米松片的功效与作用,581,20260701,2209
20260701,医疗,川贝的功效与主治,580,20260701,2210
20260701,医疗,高丽参的功效与作用,580,20260701,2211
20260701,医疗,香砂六君丸的组成配方,580,20260701,2212
20260701,医疗,hrv指数是什么意思,580,20260701,2213
20260701,医疗,霉菌感染是什么原因引起的,580,20260701,2214
20260701,医疗,胃痉挛是什么症状的表现,580,20260701,2215
20260701,医疗,乳腺癌是什么原因引起的,580,20260701,2216
20260701,医疗,疱疹,580,20260701,2217
20260701,医疗,提高免疫力吃什么好最快最有效,580,20260701,2218
20260701,医疗,肺结核,580,20260701,2219
20260701,医疗,脑心舒口服液的作用与功效,580,20260701,2220
20260701,医疗,胎菊的功效与作用,579,20260701,2221
20260701,医疗,山萸肉的作用与功效,579,20260701,2222
20260701,医疗,天冬的功效与作用和主治,579,20260701,2223
20260701,医疗,孕妇吃什么最有营养对胎儿好,579,20260701,2224
20260701,医疗,头痛的原因有几种,579,20260701,2225
20260701,医疗,多糖铁复合物胶囊的作用与功效,579,20260701,2226
20260701,医疗,半夏泻心汤的配方和剂量,578,20260701,2227
20260701,医疗,手脱皮是什么原因导致的,578,20260701,2228
20260701,医疗,低血糖的症状有哪些,578,20260701,2229
20260701,医疗,糖尿病能治好吗?,578,20260701,2230
20260701,医疗,牙龈癌早期凸起图片,578,20260701,2231
20260701,医疗,牛膝的功效作用与主治,578,20260701,2232
20260701,医疗,外阴瘙痒,578,20260701,2233
20260701,医疗,阿利沙坦酯片的作用功效,578,20260701,2234
20260701,医疗,阴道出血,578,20260701,2235
20260701,医疗,莱菔子的功效与作用,577,20260701,2236
20260701,医疗,窦性心律不齐是什么意思,577,20260701,2237
20260701,医疗,桑白皮的功效与作用,577,20260701,2238
20260701,医疗,"心情低落,烦躁,又很压抑",577,20260701,2239
20260701,医疗,栀子泡水喝功效与主治,577,20260701,2240
20260701,医疗,"灰指甲是怎么引起的,怎么样治疗",577,20260701,2241
20260701,医疗,内脏器官分布图,576,20260701,2242
20260701,医疗,早上起来口苦是什么原因 怎么解决,576,20260701,2243
20260701,医疗,黄芪和枸杞子泡水的功效与作用,576,20260701,2244
20260701,医疗,银杏果的正确吃法和功效,575,20260701,2245
20260701,医疗,芒果是热性还是凉性,574,20260701,2246
20260701,医疗,枸橼酸莫沙必利片功效,574,20260701,2247
20260701,医疗,阴虚怎么调理最好的方法,574,20260701,2248
20260701,医疗,包皮过长手术大概多少钱,574,20260701,2249
20260701,医疗,萎缩性胃炎怎么治疗才能彻底治愈,574,20260701,2250
20260701,医疗,胱抑素c偏高是什么意思,574,20260701,2251
20260701,医疗,乳腺4a类有多严重需要手术吗,574,20260701,2252
20260701,医疗,黑茶的功效作用与主治,574,20260701,2253
20260701,医疗,归脾丸,574,20260701,2254
20260701,医疗,阿莫罗芬搽剂的作用与功效,574,20260701,2255
20260701,医疗,眼睛干涩模糊看不清用什么药好,574,20260701,2256
20260701,医疗,鼻塞鼻子不通气怎么办,573,20260701,2257
20260701,医疗,荆防颗粒的功效作用与主治,573,20260701,2258
20260701,医疗,封闭针的功效与副作用,573,20260701,2259
20260701,医疗,风湿关节疼怎么治疗最好的方法,573,20260701,2260
20260701,医疗,熟地黄中药的功效作用,573,20260701,2261
20260701,医疗,儿童身高对照表0-15岁,572,20260701,2262
20260701,医疗,上火吃什么降火最快最有效,572,20260701,2263
20260701,医疗,脸浮肿是什么原因引起?,572,20260701,2264
20260701,医疗,玉灵膏的功效与作用,572,20260701,2265
20260701,医疗,煅牡蛎的功效与作用,571,20260701,2266
20260701,医疗,蛋白粉的正确吃法服用时间,571,20260701,2267
20260701,医疗,低压高90到100怎么办,571,20260701,2268
20260701,医疗,多巴胺,571,20260701,2269
20260701,医疗,脚后跟疼痛的原因和解决方法,571,20260701,2270
20260701,医疗,醋泡黑豆有什么功效和作用,570,20260701,2271
20260701,医疗,脚痒是什么原因.越抓越痒用什么药,570,20260701,2272
20260701,医疗,黄体期是指什么时期,570,20260701,2273
20260701,医疗,"冠心病是什么病严重吗,怎么治疗",570,20260701,2274
20260701,医疗,造影检查是干什么的,570,20260701,2275
20260701,医疗,糖尿病是怎么引起的 有哪些原因,569,20260701,2276
20260701,医疗,尿蛋白质1个加号说明什么,569,20260701,2277
20260701,医疗,脂溢性皮炎,569,20260701,2278
20260701,医疗,阿奇霉素分散片的用法用量和作用,569,20260701,2279
20260701,医疗,支气管炎的症状表现在哪些方面,569,20260701,2280
20260701,医疗,屁多老放屁怎么回事,569,20260701,2281
20260701,医疗,荷叶泡水喝有什么功效作用,569,20260701,2282
20260701,医疗,北沙参功效作用与主治,569,20260701,2283
20260701,医疗,四物汤标准配方,569,20260701,2284
20260701,医疗,嗜酸性粒细胞偏低是什么意思,569,20260701,2285
20260701,医疗,白内障眼睛模糊怎么治疗,569,20260701,2286
20260701,医疗,地高辛片的作用与功效,569,20260701,2287
20260701,医疗,黛力新的作用和功效,569,20260701,2288
20260701,医疗,知了猴的功效与作用,568,20260701,2289
20260701,医疗,川牛膝功效作用与主治,568,20260701,2290
20260701,医疗,左上腹部隐痛的原因有哪些,568,20260701,2291
20260701,医疗,中耳炎怎么治疗才能彻底根除,568,20260701,2292
20260701,医疗,虫草花的正确吃法和功效,568,20260701,2293
20260701,医疗,左眼皮老跳是怎么回事,568,20260701,2294
20260701,医疗,肠息肉的主要症状有哪些,567,20260701,2295
20260701,医疗,支气管炎吃什么药效果最好,567,20260701,2296
20260701,医疗,梅核气的主要症状,567,20260701,2297
20260701,医疗,丹红注射功效与作用,566,20260701,2298
20260701,医疗,甲状腺结节一二三四级对照表,566,20260701,2299
20260701,医疗,他达拉非,566,20260701,2300
20260701,医疗,腰间盘突出最快恢复方法,566,20260701,2301
20260701,医疗,憋尿,565,20260701,2302
20260701,医疗,胃的部位图示意图,565,20260701,2303
20260701,医疗,舒肝和胃丸功效和作用,565,20260701,2304
20260701,医疗,清凉油的作用和功效,565,20260701,2305
20260701,医疗,慢性咽炎怎么治疗才能彻底治好,565,20260701,2306
20260701,医疗,呼吸性碱中毒是什么原因引起的,565,20260701,2307
20260701,医疗,肌酐的正常值是多少,565,20260701,2308
20260701,医疗,神经内科主要看哪些方面的疾病,564,20260701,2309
20260701,医疗,鲍鱼的营养价值及功效与作用,564,20260701,2310
20260701,医疗,盐酸利多卡因注射作用是什么功效,563,20260701,2311
20260701,医疗,睾丸疼痛什么原因,563,20260701,2312
20260701,医疗,小腿抽筋是什么原因引起的,563,20260701,2313
20260701,医疗,酸枣仁怎样吃治失眠最有效,563,20260701,2314
20260701,医疗,免疫组化检查是什么意思,563,20260701,2315
20260701,医疗,拔罐黑紫色说明什么,563,20260701,2316
20260701,医疗,甲钴胺片的作用与功效,563,20260701,2317
20260701,医疗,小肚子下坠胀疼怎么回事,563,20260701,2318
20260701,医疗,郁金的功效作用与主治,563,20260701,2319
20260701,医疗,舌头麻木是什么原因,563,20260701,2320
20260701,医疗,白细胞酯酶阳性什么意思妇科检查,563,20260701,2321
20260701,医疗,手足口病传染期是多久,562,20260701,2322
20260701,医疗,早泄怎么恢复,562,20260701,2323
20260701,医疗,转氨酶高是怎么回事,562,20260701,2324
20260701,医疗,扩心病,562,20260701,2325
20260701,医疗,乙肝,562,20260701,2326
20260701,医疗,石膏的功效与作用,562,20260701,2327
20260701,医疗,白芸豆的功效与作用,562,20260701,2328
20260701,医疗,海正药业,561,20260701,2329
20260701,医疗,莫匹罗星软膏的作用和功效,561,20260701,2330
20260701,医疗,穿山甲鳞片有什么用途和效果,561,20260701,2331
20260701,医疗,麝香的功效与作用,561,20260701,2332
20260701,医疗,双氯芬酸二乙胺乳胶剂作用与功效,561,20260701,2333
20260701,医疗,糖化血红蛋白正常范围,561,20260701,2334
20260701,医疗,更年期综合征有哪些症状和表现,561,20260701,2335
20260701,医疗,牛黄清胃丸的功效和作用,560,20260701,2336
20260701,医疗,补肾壮阳吃什么药效果好,560,20260701,2337
20260701,医疗,男性生殖有小疙瘩是怎么回事,560,20260701,2338
20260701,医疗,高压氧舱的作用和功效,560,20260701,2339
20260701,医疗,诺氟沙星胶囊的作用与功效,560,20260701,2340
20260701,医疗,西米的功效和作用,560,20260701,2341
20260701,医疗,肺结核能彻底治好吗,560,20260701,2342
20260701,医疗,安眠药,559,20260701,2343
20260701,医疗,补脾益肠丸的功效与作用,559,20260701,2344
20260701,医疗,脑出血恢复到正常人需要多久,559,20260701,2345
20260701,医疗,血压,559,20260701,2346
20260701,医疗,党参图片,559,20260701,2347
20260701,医疗,糠酸莫米松鼻喷雾剂的作用和功效,559,20260701,2348
20260701,医疗,羊水栓塞,559,20260701,2349
20260701,医疗,白内障是什么原因引起的,559,20260701,2350
20260701,医疗,元胡止痛片的功效与作用,558,20260701,2351
20260701,医疗,铝镁匹林片作用与功效,558,20260701,2352
20260701,医疗,做胃镜检查需要提前做什么准备,558,20260701,2353
20260701,医疗,额头长痘痘的原因是怎么引起的,558,20260701,2354
20260701,医疗,延胡索的功效与作用,558,20260701,2355
20260701,医疗,尿酸高有什么危害和后果,558,20260701,2356
20260701,医疗,当归图片,557,20260701,2357
20260701,医疗,五苓散的功效与作用,556,20260701,2358
20260701,医疗,心律不齐是怎么回事 怎么调理,556,20260701,2359
20260701,医疗,速效救心丸的正确服用方法是,556,20260701,2360
20260701,医疗,白带像脓涕一样是什么原因,556,20260701,2361
20260701,医疗,卫宁健康,556,20260701,2362
20260701,医疗,莲雾水果有什么功效和作用,555,20260701,2363
20260701,医疗,膝盖弯曲疼痛的原因和治疗方法,555,20260701,2364
20260701,医疗,阿昔洛韦片的作用与功效,555,20260701,2365
20260701,医疗,头孢地尼胶囊的作用和主治,555,20260701,2366
20260701,医疗,小活络丸的功效与作用,555,20260701,2367
20260701,医疗,西红柿竟自带“降压”属性?,555,20260701,2368
20260701,医疗,鱼腥草,554,20260701,2369
20260701,医疗,盐酸左西替利嗪片的功效与作用,554,20260701,2370
20260701,医疗,胰岛素抵抗的症状表现,554,20260701,2371
20260701,医疗,薄荷的功效作用与主治,554,20260701,2372
20260701,医疗,劲酒的功效和作用,554,20260701,2373
20260701,医疗,肾阳虚和肾阴虚有什么区别症状,553,20260701,2374
20260701,医疗,化橘红的功效和作用,553,20260701,2375
20260701,医疗,化痰祛痰最好的药,553,20260701,2376
20260701,医疗,心脏疼一阵一阵刺痛什么原因,553,20260701,2377
20260701,医疗,o型血的优点和缺点,553,20260701,2378
20260701,医疗,麸炒枳壳的功效与作用,553,20260701,2379
20260701,医疗,肺俞穴准确位置,552,20260701,2380
20260701,医疗,小便时尿出褐红色是怎么回事男性,552,20260701,2381
20260701,医疗,乳腺结节,552,20260701,2382
20260701,医疗,甲功五项是检查什么,551,20260701,2383
20260701,医疗,湿热体质的表现症状有哪些,551,20260701,2384
20260701,医疗,越鞠保和丸的功效与主治,551,20260701,2385
20260701,医疗,过氧化氢阳性什么意思妇科检查,550,20260701,2386
20260701,医疗,艾滋病传播途径有哪几种,550,20260701,2387
20260701,医疗,口腔溃疡用什么药最见效快,550,20260701,2388
20260701,医疗,尾椎骨末端屁股中间疼怎么回事,550,20260701,2389
20260701,医疗,高钾食物有哪些,550,20260701,2390
20260701,医疗,胸大而且特别软,550,20260701,2391
20260701,医疗,贝母的功效与作用,549,20260701,2392
20260701,医疗,中脘的准确位置图片,549,20260701,2393
20260701,医疗,免疫力低吃什么提高免疫力,549,20260701,2394
20260701,医疗,瞿麦的作用与功效,549,20260701,2395
20260701,医疗,复方丹参滴丸的功效与作用,549,20260701,2396
20260701,医疗,舒肝解郁胶囊的功效作用与主治,549,20260701,2397
20260701,医疗,耻骨在哪个位置图片,549,20260701,2398
20260701,医疗,前胡的功效与作用,548,20260701,2399
20260701,医疗,食道癌的早期症状和前兆,548,20260701,2400
20260701,医疗,"布病是什么病,有什么症状",548,20260701,2401
20260701,医疗,腺癌属于什么癌症,548,20260701,2402
20260701,医疗,七叶洋地黄双苷滴眼液功效与作用,548,20260701,2403
20260701,医疗,甲亢病是什么病,548,20260701,2404
20260701,医疗,有氧运动有哪些项目,547,20260701,2405
20260701,医疗,硫糖铝混悬凝胶的作用与功效,547,20260701,2406
20260701,医疗,芋头发芽了还能吃吗,547,20260701,2407
20260701,医疗,阿斯美的功效和作用,547,20260701,2408
20260701,医疗,黄酒的功效和作用,547,20260701,2409
20260701,医疗,肉桂,546,20260701,2410
20260701,医疗,诺如病毒的主要症状,546,20260701,2411
20260701,医疗,流清鼻涕属于哪种感冒,546,20260701,2412
20260701,医疗,三金片治疗尿频尿急尿痛吗怎么吃,546,20260701,2413
20260701,医疗,手足口病能吃什么食物有利于恢复,546,20260701,2414
20260701,医疗,舌头有齿痕是什么原因怎么调理,546,20260701,2415
20260701,医疗,陈皮泡水喝有什么功效和作用,545,20260701,2416
20260701,医疗,奥司他韦颗粒小儿用法用量,545,20260701,2417
20260701,医疗,谷草/谷丙偏高是怎么回事,545,20260701,2418
20260701,医疗,血小板低怎么治疗才能恢复正常,544,20260701,2419
20260701,医疗,足底筋膜炎怎么治疗最好的办法,544,20260701,2420
20260701,医疗,葛根,544,20260701,2421
20260701,医疗,胃炎吃什么药好得最快最有效,544,20260701,2422
20260701,医疗,气虚吃什么补最快最有效,544,20260701,2423
20260701,医疗,磁共振对人体的伤害有多大,543,20260701,2424
20260701,医疗,一个鸡蛋含多少蛋白质,543,20260701,2425
20260701,医疗,消遥丸的功效和作用是什么对女性长黑釉有帮助吗消乳,543,20260701,2426
20260701,医疗,徐长卿的功效与作用,543,20260701,2427
20260701,医疗,吃了头孢多久可以喝酒,543,20260701,2428
20260701,医疗,益母草图片,543,20260701,2429
20260701,医疗,清肝健脾颗粒的功效与作用,543,20260701,2430
20260701,医疗,小茴香的作用与功效,543,20260701,2431
20260701,医疗,心脏搭桥手术费用大概多少,543,20260701,2432
20260701,医疗,破伤风,542,20260701,2433
20260701,医疗,脂肪肝吃什么药最好最快恢复正常,542,20260701,2434
20260701,医疗,糖化血红蛋白高说明什么,542,20260701,2435
20260701,医疗,"月经推迟了10天没来,也没怀孕怎么回事",542,20260701,2436
20260701,医疗,马齿苋的功效和作用,541,20260701,2437
20260701,医疗,热射病的症状,541,20260701,2438
20260701,医疗,硫酸镁的功效和作用,541,20260701,2439
20260701,医疗,黄芪泡水喝能提高性功能吗,541,20260701,2440
20260701,医疗,多动症的孩子有哪些症状表现,541,20260701,2441
20260701,医疗,痔疮外痔肉球怎么消除最快方法,541,20260701,2442
20260701,医疗,糖类抗原72-4高是啥肿瘤,541,20260701,2443
20260701,医疗,硫酸氨基葡萄糖胶囊的作用,540,20260701,2444
20260701,医疗,腰疼挂什么号挂哪个科室,540,20260701,2445
20260701,医疗,尼麦角林片的作用与功能主治,540,20260701,2446
20260701,医疗,异维a酸软胶囊的作用与功效,540,20260701,2447
20260701,医疗,紫苏梗的功效与作用,540,20260701,2448
20260701,医疗,金蝉花的功效与作用的功能与主治,540,20260701,2449
20260701,医疗,骑自行车的好处和坏处,540,20260701,2450
20260701,医疗,神门穴位在哪儿,540,20260701,2451
20260701,医疗,一天拉大便3-4次正常吗,540,20260701,2452
20260701,医疗,爱滋病,539,20260701,2453
20260701,医疗,bmi计算器,539,20260701,2454
20260701,医疗,三七粉的主要功效和作用,539,20260701,2455
20260701,医疗,莲子百合山药的功效与作用及食用方法,539,20260701,2456
20260701,医疗,舒筋健腰丸功能主治,539,20260701,2457
20260701,医疗,氟康唑的功效和作用,539,20260701,2458
20260701,医疗,环磷腺苷葡胺注射功效与作用,539,20260701,2459
20260701,医疗,辛夷的功效与作用,539,20260701,2460
20260701,医疗,宫颈肥大是怎么回事 需要治疗吗,538,20260701,2461
20260701,医疗,利多卡因,538,20260701,2462
20260701,医疗,贫血的症状有哪些表现,538,20260701,2463
20260701,医疗,乳头,538,20260701,2464
20260701,医疗,小金丸的功效与作用主治,538,20260701,2465
20260701,医疗,三七片的功效和作用主治,538,20260701,2466
20260701,医疗,甲状腺癌手术后能活几年,538,20260701,2467
20260701,医疗,左氧氟沙星片的用法与用量,538,20260701,2468
20260701,医疗,失眠怎么办治疗失眠的最好方法,538,20260701,2469
20260701,医疗,豆蔻的功效与作用,537,20260701,2470
20260701,医疗,芋头的功效与作用及营养,537,20260701,2471
20260701,医疗,替戈拉生片的功效与作用,537,20260701,2472
20260701,医疗,胆结石多少mm以上建议手术,537,20260701,2473
20260701,医疗,子宫腺肌瘤是什么病严重吗,537,20260701,2474
20260701,医疗,妈咪爱的作用与功效,537,20260701,2475
20260701,医疗,鸽子汤的功效与作用,537,20260701,2476
20260701,医疗,多巴胺的作用和用途,537,20260701,2477
20260701,医疗,整肠生的功效和作用,536,20260701,2478
20260701,医疗,同房里面疼痛什么原因引起的,536,20260701,2479
20260701,医疗,通草的作用与功效,536,20260701,2480
20260701,医疗,小腹胀痛下坠疼痛什么情况,536,20260701,2481
20260701,医疗,脑膜炎的症状表现,536,20260701,2482
20260701,医疗,黄精的作用和功效,536,20260701,2483
20260701,医疗,银杏叶提取物片作用与功效,535,20260701,2484
20260701,医疗,龟头炎,535,20260701,2485
20260701,医疗,啤酒的好处与功效作用,535,20260701,2486
20260701,医疗,左心室高电压是什么意思,535,20260701,2487
20260701,医疗,胰腺有问题身体会出现哪些现象,535,20260701,2488
20260701,医疗,人体正常的体温是多少°C,535,20260701,2489
20260701,医疗,降血脂吃什么最好最降得快,535,20260701,2490
20260701,医疗,鼻子出血是怎么回事,534,20260701,2491
20260701,医疗,白术,534,20260701,2492
20260701,医疗,阑尾炎一定要做手术吗,534,20260701,2493
20260701,医疗,除湿气最快的排湿方法,534,20260701,2494
20260701,医疗,可疑诊疗室:特殊待遇,534,20260701,2495
20260701,医疗,月经过后几天又出血了怎么回事,534,20260701,2496
20260701,医疗,水痘,533,20260701,2497
20260701,医疗,失眠,533,20260701,2498
20260701,医疗,内裤上面有黄色分泌物是什么原因,533,20260701,2499
20260701,医疗,自闭症孩子是什么原因造成的,533,20260701,2500
20260701,医疗,肾阴虚吃什么药效果最好,533,20260701,2501
20260701,医疗,牛黄上清片的功效与作用,533,20260701,2502
20260701,医疗,失眠症怎么治疗最快最有效,532,20260701,2503
20260701,医疗,心脏二尖瓣和三尖瓣反流能治疗吗,532,20260701,2504
20260701,医疗,血糖高了会出现什么症状,532,20260701,2505
20260701,医疗,三氯蔗糖对人体有害吗,532,20260701,2506
20260701,医疗,维生素d3,531,20260701,2507
20260701,医疗,金匮肾气丸的配方组成,531,20260701,2508
20260701,医疗,伸筋草的功效作用与主治,531,20260701,2509
20260701,医疗,富马酸伏诺拉生片的功效与作用,531,20260701,2510
20260701,医疗,哈密瓜是凉性的还是热性的,531,20260701,2511
20260701,医疗,食管炎的症状有哪些表现,531,20260701,2512
20260701,医疗,云南白药粉对溃烂伤口愈合有用吗,531,20260701,2513
20260701,医疗,尿常规能检查出什么,530,20260701,2514
20260701,医疗,大血藤的功效与作用,530,20260701,2515
20260701,医疗,芒果吃了有什么好处和功效,530,20260701,2516
20260701,医疗,烟酰胺,530,20260701,2517
20260701,医疗,mr是核磁共振吗,529,20260701,2518
20260701,医疗,心电图能查出什么,529,20260701,2519
20260701,医疗,白带发绿黄色是什么情况,529,20260701,2520
20260701,医疗,午时茶颗粒功效与作用,529,20260701,2521
20260701,医疗,宫颈癌早期症状,529,20260701,2522
20260701,医疗,中风是怎么引起的 原因有哪些,529,20260701,2523
20260701,医疗,桂附理中丸的功效与作用,529,20260701,2524
20260701,医疗,猕猴桃的功效与作用,529,20260701,2525
20260701,医疗,天麻素输液功效与作用,529,20260701,2526
20260701,医疗,氨咖黄敏胶囊作用与用途,528,20260701,2527
20260701,医疗,依帕司他片作用与功效,528,20260701,2528
20260701,医疗,华大基因,528,20260701,2529
20260701,医疗,健鞘炎怎么治疗最好,528,20260701,2530
20260701,医疗,喝茶水对身体有什么好处和坏处,528,20260701,2531
20260701,医疗,糖尿病一旦同房就很难恢复吗,528,20260701,2532
20260701,医疗,天麻丸的功效作用与主治,528,20260701,2533
20260701,医疗,生脉饮,528,20260701,2534
20260701,医疗,甲硝唑栓治疗什么妇科病,527,20260701,2535
20260701,医疗,丹参,527,20260701,2536
20260701,医疗,红细胞偏低是什么原因,527,20260701,2537
20260701,医疗,蒙脱石散饭前吃还是饭后吃,527,20260701,2538
20260701,医疗,叶酸,527,20260701,2539
20260701,医疗,千斤拔功效作用与主治,527,20260701,2540
20260701,医疗,肠梗阻是因为什么原因引起的,527,20260701,2541
20260701,医疗,天麻素片的功效与作用,527,20260701,2542
20260701,医疗,气血亏虚严重的症状有哪些表现,527,20260701,2543
20260701,医疗,荔枝是寒性还是热性,526,20260701,2544
20260701,医疗,营养神经的药有哪些效果最好,526,20260701,2545
20260701,医疗,人工心脏可以维持几年,526,20260701,2546
20260701,医疗,知柏地黄丸有什么功效与作用,526,20260701,2547
20260701,医疗,血海的准确位置与功效,525,20260701,2548
20260701,医疗,紫菜的功效与作用,525,20260701,2549
20260701,医疗,泰格医药,525,20260701,2550
20260701,医疗,乌龙茶的功效与作用,525,20260701,2551
20260701,医疗,食道炎最明显的症状有哪些,525,20260701,2552
20260701,医疗,玉竹,525,20260701,2553
20260701,医疗,痱子用什么方法消除最快,525,20260701,2554
20260701,医疗,肺结节有什么症状和不适,524,20260701,2555
20260701,医疗,氟比洛芬凝胶贴膏的作用与功效,524,20260701,2556
20260701,医疗,鲷鱼尽量少吃最好不吃,524,20260701,2557
20260701,医疗,硝酸甘油和速效救心丸的区别,524,20260701,2558
20260701,医疗,盐酸莫西沙星片功效与作用,524,20260701,2559
20260701,医疗,尿道炎症有什么症状和现象,524,20260701,2560
20260701,医疗,麦冬图片,523,20260701,2561
20260701,医疗,地氯雷他定片的功效与作用,523,20260701,2562
20260701,医疗,餐后两小时的血糖正常值是多少,523,20260701,2563
20260701,医疗,右下腹下侧疼是咋回事,523,20260701,2564
20260701,医疗,肝内钙化灶是怎么回事,523,20260701,2565
20260701,医疗,肠胃不好怎么调理最快最有效,522,20260701,2566
20260701,医疗,心脏房颤是咋回事怎么治,522,20260701,2567
20260701,医疗,盐酸特比萘芬乳膏的功效,522,20260701,2568
20260701,医疗,天王补心丸的功效与作用,522,20260701,2569
20260701,医疗,对乙酰氨基酚片的功效与作用,522,20260701,2570
20260701,医疗,联苯苄唑乳膏的作用与功效,522,20260701,2571
20260701,医疗,五倍子的功效与作用,521,20260701,2572
20260701,医疗,草寇的功效与作用,521,20260701,2573
20260701,医疗,阿奇霉素干混悬剂儿童用量说明,521,20260701,2574
20260701,医疗,腺样体肥大的孩子必须做手术吗,521,20260701,2575
20260701,医疗,湿热重吃什么药才最见效祛湿热,521,20260701,2576
20260701,医疗,紫癜,521,20260701,2577
20260701,医疗,通化东宝,521,20260701,2578
20260701,医疗,"肝血管瘤是什么病,需要治疗吗",520,20260701,2579
20260701,医疗,败酱草的功效与作用,520,20260701,2580
20260701,医疗,低血压的症状或表现,520,20260701,2581
20260701,医疗,萎缩性胃炎严重吗 后果是什么,520,20260701,2582
20260701,医疗,尖锐湿疣是什么原因造成的,520,20260701,2583
20260701,医疗,肌酐正常值范围是多少,520,20260701,2584
20260701,医疗,屁股疼痛要警惕的三种病,520,20260701,2585
20260701,医疗,腰椎间盘突出症状表现有哪些,520,20260701,2586
20260701,医疗,西地那非的作用与功效,519,20260701,2587
20260701,医疗,一个月来2次月经是什么原因,519,20260701,2588
20260701,医疗,阿奇霉素,519,20260701,2589
20260701,医疗,云南白药喷剂作用与功效,519,20260701,2590
20260701,医疗,万艾可的功效作用与副作用,519,20260701,2591
20260701,医疗,蜂蜜水的正确喝法及最佳时间,519,20260701,2592
20260701,医疗,验孕棒多少天能测出来怀孕,518,20260701,2593
20260701,医疗,肾小球滤过率年龄参照表,518,20260701,2594
20260701,医疗,桑枝的功效与作用,518,20260701,2595
20260701,医疗,杨梅泡酒的功效和作用,518,20260701,2596
20260701,医疗,缺钾吃什么食物补得最快,517,20260701,2597
20260701,医疗,拔罐后多长时间可以洗澡,517,20260701,2598
20260701,医疗,酮症酸中毒的症状表现及后果,517,20260701,2599
20260701,医疗,什么血型最招蚊子叮咬,517,20260701,2600
20260701,医疗,他汀类降脂药最大的副作用是什么,517,20260701,2601
20260701,医疗,辛辣食物是指哪些食物,517,20260701,2602
20260701,医疗,女人同房太激烈会得白血病吗,517,20260701,2603
20260701,医疗,ptsd代表什么病,517,20260701,2604
20260701,医疗,乳果糖治便秘的正确服用方法,516,20260701,2605
20260701,医疗,胆固醇高少吃10类食物,516,20260701,2606
20260701,医疗,摩罗丹的功效和作用,516,20260701,2607
20260701,医疗,尼美舒利分散片的功效和作用,516,20260701,2608
20260701,医疗,预产期怎么算时间,515,20260701,2609
20260701,医疗,海风藤功能主治,515,20260701,2610
20260701,医疗,硫酸羟氯喹片的功效和副作用,515,20260701,2611
20260701,医疗,打呼噜怎么治好最快最有效,515,20260701,2612
20260701,医疗,脚心发热是什么原因如何治疗,515,20260701,2613
20260701,医疗,排卵期,515,20260701,2614
20260701,医疗,命门的准确位置图,514,20260701,2615
20260701,医疗,安眠药药店能买到吗,514,20260701,2616
20260701,医疗,苎麻的功效与作用,514,20260701,2617
20260701,医疗,三伏贴,514,20260701,2618
20260701,医疗,"睡眠质量差,入睡困难,易醒咋回事",513,20260701,2619
20260701,医疗,盐酸氟桂利嗪片的功效与作用,513,20260701,2620
20260701,医疗,早孕试纸一般几天能查出来怀孕,513,20260701,2621
20260701,医疗,多磺酸粘多糖乳膏作用与功效,513,20260701,2622
20260701,医疗,蜈蚣的作用与功能主治,513,20260701,2623
20260701,医疗,腰椎间盘突出最好的治疗办法,512,20260701,2624
20260701,医疗,桃子水的作用与功效,512,20260701,2625
20260701,医疗,嘴角起小水泡怎么回事,512,20260701,2626
20260701,医疗,消旋山莨菪碱片的功效与作用,512,20260701,2627
20260701,医疗,磷虾油作用与功效,512,20260701,2628
20260701,医疗,甲钴胺吃多久对神经恢复最佳,511,20260701,2629
20260701,医疗,维生素b6的功效与主治及用法,511,20260701,2630
20260701,医疗,耳朵痒痒老想抠的怎么回事,511,20260701,2631
20260701,医疗,心率不齐的主要原因是什么,511,20260701,2632
20260701,医疗,总蛋白偏低是怎么回事,511,20260701,2633
20260701,医疗,透骨草的功效与作用,511,20260701,2634
20260701,医疗,甲鱼蛋的功效与作用,511,20260701,2635
20260701,医疗,足三里,511,20260701,2636
20260701,医疗,感冒清热颗粒的功效与作用,511,20260701,2637
20260701,医疗,左乙拉西坦片的作用与功效,511,20260701,2638
20260701,医疗,中性粒细胞偏高是什么意思,510,20260701,2639
20260701,医疗,"感冒浑身无力,感觉很疲劳,没精神,怎么办?",510,20260701,2640
20260701,医疗,他达拉非的副作用和危害,510,20260701,2641
20260701,医疗,压伤,510,20260701,2642
20260701,医疗,锁阳的功效和主治,510,20260701,2643
20260701,医疗,喉咙痛咽口水都痛怎么办,510,20260701,2644
20260701,医疗,西格列他钠片的副作用,509,20260701,2645
20260701,医疗,鼻窦炎,509,20260701,2646
20260701,医疗,板栗的功效与作用,509,20260701,2647
20260701,医疗,南非叶功效作用与主治,509,20260701,2648
20260701,医疗,多维元素片21的功效与作用,509,20260701,2649
20260701,医疗,肋骨骨折多久可以恢复正常,508,20260701,2650
20260701,医疗,金银花露,508,20260701,2651
20260701,医疗,两癌筛查主要查哪些项目,508,20260701,2652
20260701,医疗,妥布霉素滴眼液的功效,508,20260701,2653
20260701,医疗,苯磺酸氨氯地平片,508,20260701,2654
20260701,医疗,羽衣甘蓝粉有什么作用与功效,508,20260701,2655
20260701,医疗,金匮肾气丸,508,20260701,2656
20260701,医疗,37.5算不算发烧,507,20260701,2657
20260701,医疗,片仔癀的功效与作用,507,20260701,2658
20260701,医疗,牛黄上清丸的功效与作用,507,20260701,2659
20260701,医疗,金骨莲胶囊功效与作用,507,20260701,2660
20260701,医疗,刮痧对身体有什么好处和坏处,507,20260701,2661
20260701,医疗,美尼尔综合症是一种什么病,507,20260701,2662
20260701,医疗,玉米含糖量高吗,507,20260701,2663
20260701,医疗,榴莲的功效与作用,506,20260701,2664
20260701,医疗,烫伤抹什么药膏好得快,506,20260701,2665
20260701,医疗,腹式呼吸的正确方法,506,20260701,2666
20260701,医疗,曲池的准确位置图,506,20260701,2667
20260701,医疗,糠酸莫米松乳膏的功效,506,20260701,2668
20260701,医疗,替扎尼定片的功效与作用,506,20260701,2669
20260701,医疗,解郁安神颗粒的功效作用,506,20260701,2670
20260701,医疗,阿莫西林胶囊的作用与功效,506,20260701,2671
20260701,医疗,涌泉穴位置,506,20260701,2672
20260701,医疗,脑出血有什么症状,505,20260701,2673
20260701,医疗,二型糖尿病是什么意思,504,20260701,2674
20260701,医疗,灯心草的功效与作用,504,20260701,2675
20260701,医疗,制远志的功效与作用,504,20260701,2676
20260701,医疗,风寒感冒和风热感冒的区别和症状,504,20260701,2677
20260701,医疗,头孢克肟可以治疗尿道感染吗,504,20260701,2678
20260701,医疗,尖锐湿疣早期图片,504,20260701,2679
20260701,医疗,贫血严重了会导致什么后果,504,20260701,2680
20260701,医疗,打嗝是什么原因造成的,504,20260701,2681
20260701,医疗,做胃肠镜之前需要做什么准备,503,20260701,2682
20260701,医疗,养胃吃什么食物最好,503,20260701,2683
20260701,医疗,21金维他的作用及功能主治,503,20260701,2684
20260701,医疗,口干舌燥是什么病的预兆和症状,503,20260701,2685
20260701,医疗,依折麦布片的功效和副作用,503,20260701,2686
20260701,医疗,嗳气是什么意思,503,20260701,2687
20260701,医疗,低压高吃什么药降血压最好,503,20260701,2688
20260701,医疗,鹌鹑蛋的作用以及功能,503,20260701,2689
20260701,医疗,布洛芬是消炎药吗,503,20260701,2690
20260701,医疗,膝盖响咯吱声是咋回事怎么治疗,503,20260701,2691
20260701,医疗,呋喃妥因肠溶片的作用与功效,503,20260701,2692
20260701,医疗,带状疱疹最危险的三个部位,503,20260701,2693
20260701,医疗,"鼻炎的症状有哪些表现,怎么治疗",503,20260701,2694
20260701,医疗,杵状指,503,20260701,2695
20260701,医疗,腿部浮肿是什么原因引起的,503,20260701,2696
20260701,医疗,石榴石手串的功效与作用,502,20260701,2697
20260701,医疗,高血压的症状表现有哪些,502,20260701,2698
20260701,医疗,强力枇杷露的功效与作用,502,20260701,2699
20260701,医疗,中国医学科学院肿瘤医院,502,20260701,2700
20260701,医疗,维生素d缺乏症的主要表现,502,20260701,2701
20260701,医疗,胰腺癌,501,20260701,2702
20260701,医疗,黄精和什么搭配补肾效果最好,501,20260701,2703
20260701,医疗,尿毒症患者透析一般能活多少年,501,20260701,2704
20260701,医疗,霉菌性霉菌性阴炎怎么引起的,501,20260701,2705
20260701,医疗,心跳加快是什么病的预兆,501,20260701,2706
20260701,医疗,皂角刺的功效与作用,501,20260701,2707
20260701,医疗,甜瓜的功效与作用,501,20260701,2708
20260701,医疗,木姜子的功效与作用,500,20260701,2709
20260701,医疗,淋巴癌一般能活多久,500,20260701,2710
20260701,医疗,晒背的好处及作用和时间,500,20260701,2711
20260701,医疗,尿血是怎么回事男性,500,20260701,2712
20260701,医疗,验孕棒一深一浅是怀孕了吗,500,20260701,2713
20260701,医疗,谷草转氨酶偏高的原因是什么意思,500,20260701,2714
20260701,医疗,潮州建民医院口碑如何,500,20260701,2715
20260701,医疗,减肥餐怎么吃瘦得最快一日三餐食谱,500,20260701,2716
20260701,医疗,电解质紊乱的表现症状有哪些,500,20260701,2717
20260701,医疗,白血病,500,20260701,2718
20260701,医疗,益母草颗粒的作用及功效,500,20260701,2719
20260701,医疗,尿酸低说明什么问题,500,20260701,2720
20260701,医疗,真菌感染是什么原因引起的,499,20260701,2721
20260701,医疗,宫颈糜烂怎么治才能彻底根除,499,20260701,2722
20260701,医疗,阳虚吃什么药效果最快,499,20260701,2723
20260701,医疗,蝉蜕的功效与作用,499,20260701,2724
20260701,医疗,白带多是什么原因,499,20260701,2725
20260701,医疗,洛芬待因缓释片的作用及功效,499,20260701,2726
20260701,医疗,突然眩晕是什么原因,499,20260701,2727
20260701,医疗,布洛芬能缓解牙疼吗,499,20260701,2728
20260701,医疗,灵芝的功效与作用,499,20260701,2729
20260701,医疗,甘草,498,20260701,2730
20260701,医疗,肋骨下侧隐隐作痛什么原因,498,20260701,2731
20260701,医疗,鼻炎的症状和表现,498,20260701,2732
20260701,医疗,口腔黏膜炎的症状和治疗方法,498,20260701,2733
20260701,医疗,平均血小板体积偏低是怎么回事,498,20260701,2734
20260701,医疗,血虚的症状有哪些,498,20260701,2735
20260701,医疗,吗丁啉的作用和功效,498,20260701,2736
20260701,医疗,ct多久出结果,498,20260701,2737
20260701,医疗,渐冻症,497,20260701,2738
20260701,医疗,痰湿症状有哪些表现,497,20260701,2739
20260701,医疗,心脏跳动过快心慌怎么办,497,20260701,2740
20260701,医疗,癌胚抗原高是什么意思,497,20260701,2741
20260701,医疗,心脏支架手术需要多少钱,497,20260701,2742
20260701,医疗,ca199是什么肿瘤指标,497,20260701,2743
20260701,医疗,真武汤的配方,497,20260701,2744
20260701,医疗,腰椎间盘突出,497,20260701,2745
20260701,医疗,梅毒螺旋体抗体阳性说明什么,496,20260701,2746
20260701,医疗,帕罗西汀的功效与作用,496,20260701,2747
20260701,医疗,皮炎平的功效与作用,496,20260701,2748
20260701,医疗,思诺思的功效与作用副作用,496,20260701,2749
20260701,医疗,气海的准确位置图,496,20260701,2750
20260701,医疗,钾高的症状及危害,496,20260701,2751
20260701,医疗,2型糖尿病是什么意思,496,20260701,2752
20260701,医疗,"屁股旁边长了个包,按着疼,里面硬硬的",496,20260701,2753
20260701,医疗,眼睛模糊像一层雾蒙上是怎么回事,496,20260701,2754
20260701,医疗,归芪生血颗粒功效与作用,495,20260701,2755
20260701,医疗,平胃散的配方,495,20260701,2756
20260701,医疗,咸鸭蛋的功效与作用及副作用,495,20260701,2757
20260701,医疗,辅酶q10的正确吃法早上吃还是晚上吃,495,20260701,2758
20260701,医疗,奥美沙坦酯片作用与功效,495,20260701,2759
20260701,医疗,指甲盖凹陷是什么问题,495,20260701,2760
20260701,医疗,otc标志的药品属于什么药物,494,20260701,2761
20260701,医疗,博腾股份,494,20260701,2762
20260701,医疗,活血化瘀通络最好的中成药,494,20260701,2763
20260701,医疗,肚子隐隐作痛什么原因,494,20260701,2764
20260701,医疗,薏苡仁的功效与作用与主治,493,20260701,2765
20260701,医疗,内关穴位在哪儿,493,20260701,2766
20260701,医疗,石斛的功效与作用的功能与主治,493,20260701,2767
20260701,医疗,氯雷他定片的危害和副作用,493,20260701,2768
20260701,医疗,"瑞舒伐他汀钙片的副作用有哪些,停药会好吗?",493,20260701,2769
20260701,医疗,蝴蝶宝贝是什么病,493,20260701,2770
20260701,医疗,手指甲有竖条纹是怎么回事,493,20260701,2771
20260701,医疗,尿胆原1个加号什么意思,492,20260701,2772
20260701,医疗,降尿酸药最好的三种药,492,20260701,2773
20260701,医疗,甲钴胺的作用与功效,492,20260701,2774
20260701,医疗,植物神经功能紊乱的症状,492,20260701,2775
20260701,医疗,心脏病有哪些症状表现,492,20260701,2776
20260701,医疗,排卵期是月经后第几天,492,20260701,2777
20260701,医疗,胰腺癌早期症状,492,20260701,2778
20260701,医疗,心跳正常一分钟多少次,492,20260701,2779
20260701,医疗,鸡蛋的营养价值及功效与作用,492,20260701,2780
20260701,医疗,管状腺瘤是什么病,492,20260701,2781
20260701,医疗,偏头痛什么原因引起的怎么治疗,492,20260701,2782
20260701,医疗,陈皮的功效与作用,492,20260701,2783
20260701,医疗,大腿内侧疼痛的原因有三种,491,20260701,2784
20260701,医疗,亚麻籽油的正确吃法与功效作用,491,20260701,2785
20260701,医疗,血糖低的表现症状有哪些,491,20260701,2786
20260701,医疗,总胆汁酸偏高说明什么问题,491,20260701,2787
20260701,医疗,肛周脓肿的最佳治疗方法,491,20260701,2788
20260701,医疗,维生素e的作用和功效,491,20260701,2789
20260701,医疗,清半夏的功效与作用,491,20260701,2790
20260701,医疗,盐酸氨溴索分散片的作用与功效,491,20260701,2791
20260701,医疗,胆清胶囊的功效与作用,490,20260701,2792
20260701,医疗,人参,490,20260701,2793
20260701,医疗,身上长红色痣是怎么回事,490,20260701,2794
20260701,医疗,檀香的作用与功效,490,20260701,2795
20260701,医疗,痔疮手术要几天恢复几天可以上班,490,20260701,2796
20260701,医疗,慢性萎缩性胃炎严重吗,489,20260701,2797
20260701,医疗,"同房后出血,少量,鲜红,不痛",489,20260701,2798
20260701,医疗,"脖子痒是怎么回事越抓越痒,越挠越红",489,20260701,2799
20260701,医疗,缬沙坦氨氯地平片的副作用,489,20260701,2800
20260701,医疗,阴外部痒用什么药膏比较好,489,20260701,2801
20260701,医疗,当归的功效作用与主治,489,20260701,2802
20260701,医疗,生殖疱疹病图片,489,20260701,2803
20260701,医疗,脚上长小水泡很痒怎么办,489,20260701,2804
20260701,医疗,基础代谢率计算器,489,20260701,2805
20260701,医疗,聚乙二醇,488,20260701,2806
20260701,医疗,鱼油软胶囊对身体有什么好处,488,20260701,2807
20260701,医疗,黑巧克力的功效与作用,488,20260701,2808
20260701,医疗,发物有哪些食物和水果蔬菜,488,20260701,2809
20260701,医疗,凡士林的作用与用途有哪些,488,20260701,2810
20260701,医疗,速效救心丸一次吃几粒,488,20260701,2811
20260701,医疗,肚子疼是啥原因,488,20260701,2812
20260701,医疗,山药弄到手上很痒怎么办,488,20260701,2813
20260701,医疗,舌苔发白有齿痕中间有裂纹怎么回事,488,20260701,2814
20260701,医疗,子宫内膜癌的早期症状,487,20260701,2815
20260701,医疗,丹毒病是什么原因引起的,487,20260701,2816
20260701,医疗,心率正常值是多少,487,20260701,2817
20260701,医疗,哈密瓜的功效与作用,487,20260701,2818
20260701,医疗,延时药物哪种效果最好,487,20260701,2819
20260701,医疗,白芨有什么作用和功效,487,20260701,2820
20260701,医疗,利格列汀的作用与功效,487,20260701,2821
20260701,医疗,白术的功效与主治,486,20260701,2822
20260701,医疗,塞来昔布是止疼还是消炎,486,20260701,2823
20260701,医疗,伤口感染化脓用什么药好得快,486,20260701,2824
20260701,医疗,肛门癌的早期症状和前兆,486,20260701,2825
20260701,医疗,白桦树汁的功效与作用,486,20260701,2826
20260701,医疗,八正散的功效与作用,486,20260701,2827
20260701,医疗,胆囊结石必须要做手术切除吗,486,20260701,2828
20260701,医疗,湿疹图片和症状图,486,20260701,2829
20260701,医疗,resp监护仪上代表什么,485,20260701,2830
20260701,医疗,内膜厚度多少算正常,485,20260701,2831
20260701,医疗,康复治疗是做什么的,485,20260701,2832
20260701,医疗,谷维素的功效与作用,485,20260701,2833
20260701,医疗,迷迭香的功效与作用,485,20260701,2834
20260701,医疗,辛夷,485,20260701,2835
20260701,医疗,长豆角的功效与作用,485,20260701,2836
20260701,医疗,茜草的功效与作用,484,20260701,2837
20260701,医疗,淋巴细胞百分比偏低说明什么,484,20260701,2838
20260701,医疗,李子吃多了对人有什么害处,483,20260701,2839
20260701,医疗,左旋肉碱的危害及副作用,483,20260701,2840
20260701,医疗,参苓白术散,483,20260701,2841
20260701,医疗,琥珀的功效与作用,483,20260701,2842
20260701,医疗,神经衰弱有哪些症状,483,20260701,2843
20260701,医疗,胃癌早期有什么症状,483,20260701,2844
20260701,医疗,藕粉的作用与功效,483,20260701,2845
20260701,医疗,蜂蜜水的好处与功效与作用,483,20260701,2846
20260701,医疗,肌酐,483,20260701,2847
20260701,医疗,膝盖有积液肿胀怎么治疗最好,482,20260701,2848
20260701,医疗,流鼻血的正确止血方法,482,20260701,2849
20260701,医疗,西洋参的功效与作用,482,20260701,2850
20260701,医疗,西洋参干片泡水喝功效,482,20260701,2851
20260701,医疗,人体结构图大全图解,482,20260701,2852
20260701,医疗,胆囊炎,482,20260701,2853
20260701,医疗,骨质疏松最快的恢复方法,481,20260701,2854
20260701,医疗,旋覆花功效作用与主治,481,20260701,2855
20260701,医疗,眼角痒是什么原因怎么办啊,481,20260701,2856
20260701,医疗,糙米的功效与作用,481,20260701,2857
20260701,医疗,降压药最好的三种药,481,20260701,2858
20260701,医疗,糖尿病吃什么药最好最有效,481,20260701,2859
20260701,医疗,萎缩性胃炎,481,20260701,2860
20260701,医疗,"子宫息肉是什么造成的,该怎样治疗呢",481,20260701,2861
20260701,医疗,抽动症,481,20260701,2862
20260701,医疗,蟠桃的功效与作用,480,20260701,2863
20260701,医疗,蜜蜡的作用与功效是什么,480,20260701,2864
20260701,医疗,五加皮的功效与作用,480,20260701,2865
20260701,医疗,小腿浮肿是什么原因,480,20260701,2866
20260701,医疗,左下腹部疼痛男性什么原因,480,20260701,2867
20260701,医疗,早餐吃什么最有营养又减肥,480,20260701,2868
20260701,医疗,肉桂粉的功效与作用,480,20260701,2869
20260701,医疗,血压高吃什么降血压最快最好,480,20260701,2870
20260701,医疗,腺样体肥大是什么症状,479,20260701,2871
20260701,医疗,拔罐起水泡什么原因,479,20260701,2872
20260701,医疗,醋的作用与功效,479,20260701,2873
20260701,医疗,脚后跟干裂起硬皮裂口子什么原因,478,20260701,2874
20260701,医疗,钼靶乳腺检查是检查什么,478,20260701,2875
20260701,医疗,帕金森是什么病?能治愈吗,478,20260701,2876
20260701,医疗,牙齿疼痛难忍怎么快速止疼,478,20260701,2877
20260701,医疗,痤疮的症状和图片,478,20260701,2878
20260701,医疗,薤白的功效与作用,478,20260701,2879
20260701,医疗,杜仲,478,20260701,2880
20260701,医疗,感冒,478,20260701,2881
20260701,医疗,餐后2小时血糖正常值范围是多少,477,20260701,2882
20260701,医疗,僵蚕的功效与作用,477,20260701,2883
20260701,医疗,腿抽筋是什么原因引起的,477,20260701,2884
20260701,医疗,疣是什么原因造成的,477,20260701,2885
20260701,医疗,云南白药气雾剂的功效与作用,476,20260701,2886
20260701,医疗,冬凌草的功效与作用,476,20260701,2887
20260701,医疗,复方阿嗪米特肠溶片的功效与作用,476,20260701,2888
20260701,医疗,凯莱通,476,20260701,2889
20260701,医疗,吃避孕药会对身体造成什么影响,476,20260701,2890
20260701,医疗,比索洛尔的功效与作用及副作用,476,20260701,2891
20260701,医疗,丹皮的功效作用与主治,475,20260701,2892
20260701,医疗,带状疱疹疫苗多少钱一针,475,20260701,2893
20260701,医疗,普乐安片的功能主治,475,20260701,2894
20260701,医疗,手臂疼痛感觉从筋里面疼出来的怎么办,475,20260701,2895
20260701,医疗,以岭药业,475,20260701,2896
20260701,医疗,肛周脓肿,475,20260701,2897
20260701,医疗,灵芝,475,20260701,2898
20260701,医疗,便秘吃什么药效果好最快通便,475,20260701,2899
20260701,医疗,肝火旺会出现什么症状,475,20260701,2900
20260701,医疗,龙葵,475,20260701,2901
20260701,医疗,通脉颗粒的作用与功效,474,20260701,2902
20260701,医疗,葡萄干的功效与作用,474,20260701,2903
20260701,医疗,红苋菜的功效与作用及禁忌,474,20260701,2904
20260701,医疗,克霉唑乳膏,474,20260701,2905
20260701,医疗,食管反流是什么症状表现,474,20260701,2906
20260701,医疗,乳糖不耐受的症状有哪些表现,474,20260701,2907
20260701,医疗,转氨酶高吃什么最好最降得快,474,20260701,2908
20260701,医疗,甘露醇,474,20260701,2909
20260701,医疗,外痔疮怎么消除肉球,473,20260701,2910
20260701,医疗,肚子疼一阵一阵的绞痛,473,20260701,2911
20260701,医疗,猪心的功效与作用,473,20260701,2912
20260701,医疗,乙肝小三阳需要治疗吗,473,20260701,2913
20260701,医疗,宫腔镜手术需要多少费用,473,20260701,2914
20260701,医疗,大便干硬成粒是什么原因,473,20260701,2915
20260701,医疗,甲硝唑是治女性什么妇科炎症,473,20260701,2916
20260701,医疗,腮腺炎的症状有哪些,472,20260701,2917
20260701,医疗,腱鞘炎手腕最佳治疗方法,472,20260701,2918
20260701,医疗,穿破石功效作用与主治,472,20260701,2919
20260701,医疗,郑大一附院,472,20260701,2920
20260701,医疗,姑娘果的功效与作用,472,20260701,2921
20260701,医疗,饥饿难耐,472,20260701,2922
20260701,医疗,乳酸钠林格注射作用与功效,472,20260701,2923
20260701,医疗,决明子菊花枸杞泡水喝的功效,472,20260701,2924
20260701,医疗,冬虫夏草,472,20260701,2925
20260701,医疗,子宫内膜增厚是什么原因造成的,472,20260701,2926
20260701,医疗,精索静脉曲张是什么原因造成的,472,20260701,2927
20260701,医疗,"腱鞘炎是怎么引起的,怎么治疗最好",471,20260701,2928
20260701,医疗,地舒单抗的功效和副作用,471,20260701,2929
20260701,医疗,头上长小疙瘩是怎么回事,471,20260701,2930
20260701,医疗,全蝎的功效作用与主治,471,20260701,2931
20260701,医疗,伟哥,470,20260701,2932
20260701,医疗,头晕挂什么号挂哪个科,470,20260701,2933
20260701,医疗,心慌是什么原因导致的,470,20260701,2934
20260701,医疗,卒中是什么意思,470,20260701,2935
20260701,医疗,酸奶什么时候喝效果最佳,470,20260701,2936
20260701,医疗,大椎穴的准确位置图,470,20260701,2937
20260701,医疗,埃博拉病毒,470,20260701,2938
20260701,医疗,嗓子痒控制不住咳嗽是什么原因,470,20260701,2939
20260701,医疗,咽喉有异物感或阻塞感怎么回事,470,20260701,2940
20260701,医疗,bmi体重指数怎么计算,470,20260701,2941
20260701,医疗,天花粉的功效与作用,470,20260701,2942
20260701,医疗,前列腺癌能活多久,470,20260701,2943
20260701,医疗,喉咙疼痛一咽口水就疼怎么办,470,20260701,2944
20260701,医疗,藿香正气胶囊的功效与主治作用,470,20260701,2945
20260701,医疗,鼻病毒,470,20260701,2946
20260701,医疗,抗核抗体阳性说明什么,469,20260701,2947
20260701,医疗,核磁共振,469,20260701,2948
20260701,医疗,丰隆穴的准确位置,469,20260701,2949
20260701,医疗,灵芝孢子主治与功效,469,20260701,2950
20260701,医疗,刮痧的功效和作用,469,20260701,2951
20260701,医疗,强直性脊柱炎,469,20260701,2952
20260701,医疗,绿豆的作用与功效,469,20260701,2953
20260701,医疗,康复新液,469,20260701,2954
20260701,医疗,降血脂最有效5种药,469,20260701,2955
20260701,医疗,亚麻籽油为什么医生不建议吃,468,20260701,2956
20260701,医疗,阿莫西林是消炎药么,468,20260701,2957
20260701,医疗,幽门螺旋杆菌传染家人吗,468,20260701,2958
20260701,医疗,脾氨肽口服冻干粉的作用与功效,468,20260701,2959
20260701,医疗,胃苏颗粒的功效和作用,468,20260701,2960
20260701,医疗,前列腺癌症状有哪些,468,20260701,2961
20260701,医疗,芝麻的作用与功效,468,20260701,2962
20260701,医疗,盐酸贝凡洛尔片的作用与功效,468,20260701,2963
20260701,医疗,反流性食管炎吃什么药最有效,468,20260701,2964
20260701,医疗,petct检查主要检查什么,467,20260701,2965
20260701,医疗,贝贝小南瓜的营养与功效,467,20260701,2966
20260701,医疗,肺结节怎样治疗才能彻底根除,467,20260701,2967
20260701,医疗,盐酸帕罗西汀片的功效与作用,467,20260701,2968
20260701,医疗,靶向治疗是什么意思,467,20260701,2969
20260701,医疗,甲减的症状表现有哪些,467,20260701,2970
20260701,医疗,羧甲司坦片的作用与主治,466,20260701,2971
20260701,医疗,蛇盘疮是什么样子的图片,466,20260701,2972
20260701,医疗,尿酸高,466,20260701,2973
20260701,医疗,复方黄柏液涂剂的功效与作用,466,20260701,2974
20260701,医疗,免疫球蛋白的作用,466,20260701,2975
20260701,医疗,宫颈癌的早期症状,466,20260701,2976
20260701,医疗,心宝丸的功效和作用,466,20260701,2977
20260701,医疗,川芎,466,20260701,2978
20260701,医疗,"裤子脱了,小内内,里面有个硬疙瘩",466,20260701,2979
20260701,医疗,玻璃酸钠注射膝关节的作用和功效,465,20260701,2980
20260701,医疗,冬瓜的功效与作用及营养价值,465,20260701,2981
20260701,医疗,独一味胶囊的功效与作用,465,20260701,2982
20260701,医疗,吡美莫司乳膏的作用功效,465,20260701,2983
20260701,医疗,清热祛湿颗粒的功效与作用,465,20260701,2984
20260701,医疗,麻仁润肠丸的作用与功效,464,20260701,2985
20260701,医疗,怀孕几天能测出来,464,20260701,2986
20260701,医疗,颠茄片的功效与作用,464,20260701,2987
20260701,医疗,阿昔洛韦,464,20260701,2988
20260701,医疗,雪燕的作用与功效有哪些,464,20260701,2989
20260701,医疗,眼底出血是什么原因造成的,464,20260701,2990
20260701,医疗,潮州建民医院,464,20260701,2991
20260701,医疗,乙肝五项正确对照表,464,20260701,2992
20260701,医疗,左金丸的功效与作用,464,20260701,2993
20260701,医疗,小腿痒痒越挠越痒是什么原因,464,20260701,2994
20260701,医疗,复方黄连素片的作用与功效,464,20260701,2995
20260701,医疗,化橘红的功效与作用,464,20260701,2996
20260701,医疗,bmi计算公式,464,20260701,2997
20260701,医疗,补肺丸的功效与主治,463,20260701,2998
20260701,医疗,肝脏两种转氨酶,463,20260701,2999
20260701,医疗,马齿菜的功效与主治作用,463,20260701,3000
20260701,医疗,蚕豆病是什么病,463,20260701,3001
20260701,医疗,"疝气是怎么回事,是什么原因引起的",463,20260701,3002
20260701,医疗,碱性磷酸酶偏高是什么意思,463,20260701,3003
20260701,医疗,复方酮康唑软膏的功效与作用,463,20260701,3004
20260701,医疗,加味左金丸的功效与作用,463,20260701,3005
20260701,医疗,深海鱼油有什么功效,463,20260701,3006
20260701,医疗,非布司他片最佳服用方法,463,20260701,3007
20260701,医疗,朱砂手链的功效与作用佩戴禁忌,463,20260701,3008
20260701,医疗,冰糖的作用和功效,463,20260701,3009
20260701,医疗,手淫过多能恢复吗,463,20260701,3010
20260701,医疗,多索茶碱注射功效与作用,463,20260701,3011
20260701,医疗,九价疫苗适合的年龄,463,20260701,3012
20260701,医疗,内分泌失调怎么调理才能好,462,20260701,3013
20260701,医疗,半夏厚朴汤的配方,462,20260701,3014
20260701,医疗,前白蛋白偏低是怎么回事,462,20260701,3015
20260701,医疗,舌癌的早期症状有哪些,462,20260701,3016
20260701,医疗,丹参图片,462,20260701,3017
20260701,医疗,肠炎吃啥药最好最有效,462,20260701,3018
20260701,医疗,药石科技,462,20260701,3019
20260701,医疗,白介素6升高说明什么,462,20260701,3020
20260701,医疗,北柴胡的作用与功能主治,461,20260701,3021
20260701,医疗,扁豆的功效与作用,461,20260701,3022
20260701,医疗,桂枝汤配方功效与主治,461,20260701,3023
20260701,医疗,花椒芽的功效与作用与主治,461,20260701,3024
20260701,医疗,养阴清肺丸的功效与作用,461,20260701,3025
20260701,医疗,牛皮癣,461,20260701,3026
20260701,医疗,环磷酰胺的作用与功效及副作用,461,20260701,3027
20260701,医疗,糖化血红蛋白7.2严重吗,461,20260701,3028
20260701,医疗,脑溢血的前兆是什么现象,461,20260701,3029
20260701,医疗,乳腺结节吃什么散结效果最好最快,460,20260701,3030
20260701,医疗,抗缪勒氏管激素是检查什么,460,20260701,3031
20260701,医疗,苯溴马隆片的作用与功效,460,20260701,3032
20260701,医疗,屁股痒是什么原因.越抓越痒,460,20260701,3033
20260701,医疗,绞股蓝的功效与作用与主治,460,20260701,3034
20260701,医疗,dha真的可以促进孩子增强记忆力吗,460,20260701,3035
20260701,医疗,止咳化痰吃什么药好得快效果最好,460,20260701,3036
20260701,医疗,达多乐森的作用与功效,460,20260701,3037
20260701,医疗,戒烟1-30天身体变化,460,20260701,3038
20260701,医疗,脾胃虚寒湿气重吃什么药最好,460,20260701,3039
20260701,医疗,老是放屁是什么原因女性,460,20260701,3040
20260701,医疗,玉米须的作用与功效能治什么病,460,20260701,3041
20260701,医疗,吃中药期间不能吃的东西有哪些,459,20260701,3042
20260701,医疗,蒲地蓝消炎片一次吃几片,459,20260701,3043
20260701,医疗,阿立哌唑片的作用与功效,459,20260701,3044
20260701,医疗,木槿花,459,20260701,3045
20260701,医疗,百香果是凉性还是热性,459,20260701,3046
20260701,医疗,茯苓图片,459,20260701,3047
20260701,医疗,荆肤止痒颗粒的作用与功效,459,20260701,3048
20260701,医疗,车厘子的功效和作用,459,20260701,3049
20260701,医疗,"我下面好瘙痒,痒的受不了怎么办",459,20260701,3050
20260701,医疗,联环药业,458,20260701,3051
20260701,医疗,取环后多长时间可以过性生活,458,20260701,3052
20260701,医疗,天坛生物,458,20260701,3053
20260701,医疗,阿奇霉素吃几天停几天,458,20260701,3054
20260701,医疗,开塞露挤进去多久排便,458,20260701,3055
20260701,医疗,肚子胀痛大便又拉不出来什么原因,458,20260701,3056
20260701,医疗,六君子丸的功效与作用,458,20260701,3057
20260701,医疗,吃完饭就想拉大便是什么原因,458,20260701,3058
20260701,医疗,淋巴细胞百分比偏高是什么意思,458,20260701,3059
20260701,医疗,感染hpv有什么症状表现,458,20260701,3060
20260701,医疗,喝豆浆有哪些好处,458,20260701,3061
20260701,医疗,骨密度正常值范围是多少,457,20260701,3062
20260701,医疗,喉癌的早期症状,457,20260701,3063
20260701,医疗,对乙酰氨基酚片,457,20260701,3064
20260701,医疗,西乐葆的功效与作用,457,20260701,3065
20260701,医疗,维生素b族哪个牌子好效果最好,457,20260701,3066
20260701,医疗,阴虚的人有哪些症状,457,20260701,3067
20260701,医疗,前庭神经眩晕怎么治才能彻底治好,457,20260701,3068
20260701,医疗,痔疮手术无痛微创手术多少钱,457,20260701,3069
20260701,医疗,烫伤起泡怎么办最快最有效,456,20260701,3070
20260701,医疗,氯雷他定片,456,20260701,3071
20260701,医疗,维生素b1对神经损伤有帮助吗,456,20260701,3072
20260701,医疗,地塞米松,456,20260701,3073
20260701,医疗,独脚金的功效与作用,456,20260701,3074
20260701,医疗,经常放屁是怎么回事?男士,456,20260701,3075
20260701,医疗,"手指僵硬疼,弯曲困难是什么原因,怎样医治?",456,20260701,3076
20260701,医疗,磨玻璃结节是什么意思严重吗,456,20260701,3077
20260701,医疗,油桃是热性还是凉性,456,20260701,3078
20260701,医疗,司美那非片是什么药,456,20260701,3079
20260701,医疗,肾积水是什么病严重吗,456,20260701,3080
20260701,医疗,bmi计算器公式,455,20260701,3081
20260701,医疗,dsa检查是什么意思,455,20260701,3082
20260701,医疗,胆结石吃什么药能化掉胆结石,455,20260701,3083
20260701,医疗,白癜风是什么引起的,455,20260701,3084
20260701,医疗,辣椒的功效与作用,455,20260701,3085
20260701,医疗,尿酸正常值多少,455,20260701,3086
20260701,医疗,膻中穴准确位置,455,20260701,3087
20260701,医疗,玉屏风口服液的功效与作用,455,20260701,3088
20260701,医疗,肾在哪个位置图片,455,20260701,3089
20260701,医疗,胃不舒服吃什么最好养胃,455,20260701,3090
20260701,医疗,胆结石的饮食禁忌和保养方法,454,20260701,3091
20260701,医疗,炒白芍的功效与作用,454,20260701,3092
20260701,医疗,曲昔派特胶囊功效说明,454,20260701,3093
20260701,医疗,雷击木的作用与功效,454,20260701,3094
20260701,医疗,胃癌最明显的一个征兆,454,20260701,3095
20260701,医疗,气滞血瘀的症状有哪些,454,20260701,3096
20260701,医疗,"总胆红素偏高,直接胆红素偏高,间接胆红素偏高吃什么药",453,20260701,3097
20260701,医疗,血压多少才算正常,453,20260701,3098
20260701,医疗,肠息肉切除以后几天能正常吃饭,453,20260701,3099
20260701,医疗,狗尾巴草的功效与作用,453,20260701,3100
20260701,医疗,"胆红素,总胆红素,间接胆红素都高有危险吗",453,20260701,3101
20260701,医疗,夏天喝什么茶最好,453,20260701,3102
20260701,医疗,乙肝核心抗体阳性说明什么,453,20260701,3103
20260701,医疗,癌症晚期病人临终前发出的五个信号,453,20260701,3104
20260701,医疗,含钾高的水果和蔬菜有哪些,453,20260701,3105
20260701,医疗,降血糖药最好的三种药,453,20260701,3106
20260701,医疗,昂伟达是壮阳产品吗,452,20260701,3107
20260701,医疗,西洋参,452,20260701,3108
20260701,医疗,随机血糖正常值是多少,452,20260701,3109
20260701,医疗,碳酸钙d3片的作用与功效和副作用,452,20260701,3110
20260701,医疗,克霉唑软膏的作用与用途,452,20260701,3111
20260701,医疗,来曲唑片的作用与功效,452,20260701,3112
20260701,医疗,瑞格列奈的作用和功效,451,20260701,3113
20260701,医疗,同房出血鲜红色什么原因导致的,451,20260701,3114
20260701,医疗,前列腺炎,451,20260701,3115
20260701,医疗,一点红草药的功效与作用,451,20260701,3116
20260701,医疗,口臭严重出气都是臭的怎么解决,451,20260701,3117
20260701,医疗,男孩子割包皮最佳年龄,451,20260701,3118
20260701,医疗,低血压高怎么调理才能恢复正常,451,20260701,3119
20260701,医疗,糖耐筛查多少周做最合适,451,20260701,3120
20260701,医疗,直肠癌中晚期手术后能活多久,451,20260701,3121
20260701,医疗,氯沙坦钾片的作用与功效,450,20260701,3122
20260701,医疗,南瓜花的功效与作用,450,20260701,3123
20260701,医疗,油桃的功效与作用,450,20260701,3124
20260701,医疗,化疗一个疗程一般是几天,450,20260701,3125
20260701,医疗,hpv是什么病毒?,450,20260701,3126
20260701,医疗,肽对人体的功效与作用,450,20260701,3127
20260701,医疗,枸橼酸坦度螺酮片的功效与副作用,450,20260701,3128
20260701,医疗,胃蛋白酶原1偏低是什么原因,450,20260701,3129
20260701,医疗,标准体重的计算方法,449,20260701,3130
20260701,医疗,河南省人民医院,449,20260701,3131
20260701,医疗,多囊卵巢能怀上孩子吗,449,20260701,3132
20260701,医疗,三棱的功效与作用,449,20260701,3133
20260701,医疗,贞芪扶正颗粒的功效与作用,448,20260701,3134
20260701,医疗,茵陈的作用与功效,448,20260701,3135
20260701,医疗,甘草酸二铵肠溶胶囊的功效与作用,448,20260701,3136
20260701,医疗,帕金森病的症状,448,20260701,3137
20260701,医疗,尼美舒利颗粒的功效和作用,447,20260701,3138
20260701,医疗,鼻癌的早期最明显症状,447,20260701,3139
20260701,医疗,布洛芬缓释胶囊一次吃几粒,447,20260701,3140
20260701,医疗,抗过敏的药物有哪些,447,20260701,3141
20260701,医疗,乙哌立松片的作用和功效,447,20260701,3142
20260701,医疗,镁的作用与功效,446,20260701,3143
20260701,医疗,布洛芬片一次吃多少片,446,20260701,3144
20260701,医疗,胃康灵胶囊的功效与作用,446,20260701,3145
20260701,医疗,心脏决定寿命!,446,20260701,3146
20260701,医疗,肌力的0~5级分级法,445,20260701,3147
20260701,医疗,左氧氟沙星片一次吃几片,445,20260701,3148
20260701,医疗,瑞巴派特片饭前吃还是饭后吃,445,20260701,3149
20260701,医疗,扁平足是什么样子图片,445,20260701,3150
20260701,医疗,养心菜的功效与作用及食用方法,444,20260701,3151
20260701,医疗,耳石症怎么治疗才能彻底除根,444,20260701,3152
20260701,医疗,罗汉果,444,20260701,3153
20260701,医疗,荨麻疹最简单自愈方法,444,20260701,3154
20260701,医疗,石斛怎么吃是正确的吃法,444,20260701,3155
20260701,医疗,郑州大学第一附属医院,444,20260701,3156
20260701,医疗,核桃油的功效与作用及食用方法,444,20260701,3157
20260701,医疗,龙胆泻肝丸,444,20260701,3158
20260701,医疗,枣仁安神胶囊的功效与作用,444,20260701,3159
20260701,医疗,前列腺增生最好的治疗方法,443,20260701,3160
20260701,医疗,蛇胆川贝液的功效和作用,443,20260701,3161
20260701,医疗,尿酸正常标准是多少,443,20260701,3162
20260701,医疗,三七,443,20260701,3163
20260701,医疗,九蒸九晒黄精的功效和作用,443,20260701,3164
20260701,医疗,焦虑症,443,20260701,3165
20260701,医疗,维生素b1片主要是治什么的,443,20260701,3166
20260701,医疗,韧带损伤多久能恢复正常,443,20260701,3167
20260701,医疗,拉肚子,443,20260701,3168
20260701,医疗,白带褐色分泌物是怎么回事,443,20260701,3169
20260701,医疗,知柏地黄丸,443,20260701,3170
20260701,医疗,脸部过敏发红发痒怎么快速消除,443,20260701,3171
20260701,医疗,熊胆粉的正确服用方法,443,20260701,3172
20260701,医疗,豇豆的功效与作用,443,20260701,3173
20260701,医疗,髌骨是哪个部位,443,20260701,3174
20260701,医疗,肛门坠胀是怎么回事,443,20260701,3175
20260701,医疗,吃布洛芬可以喝酒吗,442,20260701,3176
20260701,医疗,乳房刺痛一阵阵像针扎一样什么原因,442,20260701,3177
20260701,医疗,中日友好医院,442,20260701,3178
20260701,医疗,幽门螺杆菌在一起吃饭传染吗,442,20260701,3179
20260701,医疗,氯化钾缓释片的作用与功效,442,20260701,3180
20260701,医疗,iv是几级,442,20260701,3181
20260701,医疗,两口子过夫妻生活咋就起不来呢,442,20260701,3182
20260701,医疗,呼吸困难喘不过气来是怎么回事,442,20260701,3183
20260701,医疗,多酶片的功效与作用,441,20260701,3184
20260701,医疗,同仁堂,441,20260701,3185
20260701,医疗,丹参滴丸的功效主治什么病,441,20260701,3186
20260701,医疗,加巴喷丁胶囊的功效,441,20260701,3187
20260701,医疗,玫瑰糠疹,441,20260701,3188
20260701,医疗,体温正常值范围是多少,441,20260701,3189
20260701,医疗,艾滋病的传播途径有哪些,440,20260701,3190
20260701,医疗,艾草,440,20260701,3191
20260701,医疗,没药的功效与作用,440,20260701,3192
20260701,医疗,归脾丸成分配方,440,20260701,3193
20260701,医疗,西咪替丁的功效与作用,440,20260701,3194
20260701,医疗,野菊花的功效和作用,440,20260701,3195
20260701,医疗,吃榴莲对女人有什么好处和坏处,440,20260701,3196
20260701,医疗,阿司匹林肠溶片的正确吃法,440,20260701,3197
20260701,医疗,舒肝健胃丸的功效与作用,440,20260701,3198
20260701,医疗,射频消融手术是怎样的手术,439,20260701,3199
20260701,医疗,熟地黄对男性功效,439,20260701,3200
20260701,医疗,横纹肌溶解症是什么症状,439,20260701,3201
20260701,医疗,大腿肌肉疼痛什么原因引起的,439,20260701,3202
20260701,医疗,芋头的功效与作用,439,20260701,3203
20260701,医疗,肝不好有哪些症状出现,439,20260701,3204
20260701,医疗,糜烂病,439,20260701,3205
20260701,医疗,定坤丹的功效与作用,438,20260701,3206
20260701,医疗,肺气肿的表现与症状,438,20260701,3207
20260701,医疗,脑梗后一般寿命多长,438,20260701,3208
20260701,医疗,平均血小板体积偏高是什么意思,438,20260701,3209
20260701,医疗,西红柿属于寒性还是热性,438,20260701,3210
20260701,医疗,"胆囊息肉是怎么回事,严重吗?这个病",438,20260701,3211
20260701,医疗,姜厚朴的功效与作用,438,20260701,3212
20260701,医疗,鲜竹沥的功效与作用,438,20260701,3213
20260701,医疗,来月经有大坨血块像肉一样怎么回事,438,20260701,3214
20260701,医疗,肚脐下方小腹疼痛原因,438,20260701,3215
20260701,医疗,司美那非片多少钱一盒,437,20260701,3216
20260701,医疗,"甲减是什么病,有什么症状能治好吗",437,20260701,3217
20260701,医疗,咳嗽喉咙痒怎么治最有效的方法,437,20260701,3218
20260701,医疗,非奈利酮片的作用与功效,437,20260701,3219
20260701,医疗,复方醋酸地塞米松乳膏的作用,437,20260701,3220
20260701,医疗,肠镜检查一般需要多少钱,437,20260701,3221
20260701,医疗,梅毒的潜伏期一般多久发作,437,20260701,3222
20260701,医疗,药通网,437,20260701,3223
20260701,医疗,梅毒皮肤症状图片,437,20260701,3224
20260701,医疗,肩周炎用什么药效果最好,437,20260701,3225
20260701,医疗,格林巴利综合症是怎么回事,437,20260701,3226
20260701,医疗,枸杞泡水男人喝有什么作用和功效,437,20260701,3227
20260701,医疗,避孕药什么时候吃才有用,437,20260701,3228
20260701,医疗,腺苷钴胺片功效和作用,437,20260701,3229
20260701,医疗,甲氨蝶呤的作用与功效及副作用,437,20260701,3230
20260701,医疗,贫血是怎么造成的原因,436,20260701,3231
20260701,医疗,苦荞茶泡水喝的功效与作用,436,20260701,3232
20260701,医疗,消炎药哪个效果最好,436,20260701,3233
20260701,医疗,大豆异黄酮的功效与作用,436,20260701,3234
20260701,医疗,码上放心药品追溯平台,436,20260701,3235
20260701,医疗,北京儿童医院,436,20260701,3236
20260701,医疗,钾含量高的食物和水果,436,20260701,3237
20260701,医疗,妥布霉素地塞米松滴眼液的功效,436,20260701,3238
20260701,医疗,蜂蜜的作用与功效有哪些,436,20260701,3239
20260701,医疗,桃子的作用与功效,436,20260701,3240
20260701,医疗,神曲的功效与作用,436,20260701,3241
20260701,医疗,感冒流清鼻涕吃什么药效果好,436,20260701,3242
20260701,医疗,梨的功效与作用是什么,436,20260701,3243
20260701,医疗,手淫过度会引起哪些问题,436,20260701,3244
20260701,医疗,脂肪肝是什么原因引起的,435,20260701,3245
20260701,医疗,乳腺囊肿怎么调理能消失,435,20260701,3246
20260701,医疗,跖疣,435,20260701,3247
20260701,医疗,藤茶的功效与作用,435,20260701,3248
20260701,医疗,试管婴儿费用大概多少,435,20260701,3249
20260701,医疗,盐酸奥洛他定片的作用与功效,435,20260701,3250
20260701,医疗,青皮的功效作用与主治,435,20260701,3251
20260701,医疗,人绒毛膜促性腺激素多少表示怀孕,435,20260701,3252
20260701,医疗,女性霉菌性阴炎用什么药效果最好,435,20260701,3253
20260701,医疗,尿液发红褐色怎么回事男性,435,20260701,3254
20260701,医疗,木蝴蝶的功效与作用,435,20260701,3255
20260701,医疗,帕金森病是什么原因引起的,435,20260701,3256
20260701,医疗,双歧杆菌四联活菌片的功效与作用,435,20260701,3257
20260701,医疗,大便粘马桶冲不掉什么原因,435,20260701,3258
20260701,医疗,七叶神安滴丸治疗失眠可靠吗,435,20260701,3259
20260701,医疗,咽喉癌的早期症状表现,434,20260701,3260
20260701,医疗,知柏地黄丸的功效与主治作用,434,20260701,3261
20260701,医疗,早泄,434,20260701,3262
20260701,医疗,肛门痛疼什么原因引起,434,20260701,3263
20260701,医疗,滑石粉的功效与作用,434,20260701,3264
20260701,医疗,空腹血糖多少正常,434,20260701,3265
20260701,医疗,哑铃的正确锻炼方法,434,20260701,3266
20260701,医疗,b6维生素的作用及功能主治,434,20260701,3267
20260701,医疗,脑白质高信号fazekαs1级是什么病,434,20260701,3268
20260701,医疗,补阳还五汤的配方,433,20260701,3269
20260701,医疗,熟地黄,433,20260701,3270
20260701,医疗,手足口病的症状及治疗方法,433,20260701,3271
20260701,医疗,卵巢早衰怎么治疗可以恢复卵巢功能,433,20260701,3272
20260701,医疗,慢阻肺的主要症状有哪些,433,20260701,3273
20260701,医疗,脊柱侧弯怎么恢复最快方法,433,20260701,3274
20260701,医疗,冰片的功效作用与主治,433,20260701,3275
20260701,医疗,后脑勺晕胀沉重有紧迫感怎么办,433,20260701,3276
20260701,医疗,狼毒的功效与作用,433,20260701,3277
20260701,医疗,vc的作用与功效,433,20260701,3278
20260701,医疗,乳香的功效与作用,433,20260701,3279
20260701,医疗,hpv是什么,433,20260701,3280
20260701,医疗,无痛人流手术费多少钱,433,20260701,3281
20260701,医疗,嘴唇上火起泡怎么快速消除,432,20260701,3282
20260701,医疗,小三阳会不会传染给别人,432,20260701,3283
20260701,医疗,关元在肚脐下几指 图片,432,20260701,3284
20260701,医疗,躯体化,432,20260701,3285
20260701,医疗,红细胞沉降率高是怎么回事,431,20260701,3286
20260701,医疗,结石疼怎么办快速止疼,431,20260701,3287
20260701,医疗,胃出血什么症状,431,20260701,3288
20260701,医疗,草果的功效与作用,431,20260701,3289
20260701,医疗,皮肤癌早期症状图片,431,20260701,3290
20260701,医疗,胃食管反流吃什么药能彻底治愈,431,20260701,3291
20260701,医疗,炒白术的功效和作用,431,20260701,3292
20260701,医疗,多烯磷脂酰胆碱胶囊的作用和功效是什么,431,20260701,3293
20260701,医疗,盐杜仲的功效与作用,431,20260701,3294
20260701,医疗,五脏六腑位置图,431,20260701,3295
20260701,医疗,感冒流清鼻涕是风寒还是风热,430,20260701,3296
20260701,医疗,交泰丸的作用与功效,430,20260701,3297
20260701,医疗,贫血吃什么补血最快,430,20260701,3298
20260701,医疗,北京大学第一医院,430,20260701,3299
20260701,医疗,芦笋的功效与作用及营养价值,430,20260701,3300
20260701,医疗,正常体温是多少,430,20260701,3301
20260701,医疗,奥司他韦的作用与功效,430,20260701,3302
20260701,医疗,佛慈内消瘰疬丸主治什么病,430,20260701,3303
20260701,医疗,牙疼是什么原因导致的,429,20260701,3304
20260701,医疗,甲沟炎怎么办才能彻底根除,429,20260701,3305
20260701,医疗,大便黑色是怎么回事,429,20260701,3306
20260701,医疗,救心丸的功效与作用和用法,429,20260701,3307
20260701,医疗,酸枣芽茶的功效和作用,429,20260701,3308
20260701,医疗,吲达帕胺片作用与功效,429,20260701,3309
20260701,医疗,类风湿性关节炎的症状是什么,429,20260701,3310
20260701,医疗,地屈孕酮片的副作用和危害有哪些,429,20260701,3311
20260701,医疗,硝酸异山梨酯片的作用及功效,429,20260701,3312
20260701,医疗,阿苯达唑片的功效与作用,429,20260701,3313
20260701,医疗,亚麻籽的功效和作用及食用方法,428,20260701,3314
20260701,医疗,狐臭手术的最佳年龄,428,20260701,3315
20260701,医疗,血管瘤,428,20260701,3316
20260701,医疗,姜黄粉的功效与作用及食用方法,428,20260701,3317
20260701,医疗,白及的功效与作用,428,20260701,3318
20260701,医疗,胃炎的症状有哪些,428,20260701,3319
20260701,医疗,藏红花,428,20260701,3320
20260701,医疗,ADHD,428,20260701,3321
20260701,医疗,半夏,428,20260701,3322
20260701,医疗,乳房里有硬块捏着有点疼是怎么回事,428,20260701,3323
20260701,医疗,布拉氏酵母菌散的作用与功效,428,20260701,3324
20260701,医疗,达格列净片是餐前吃餐后吃,428,20260701,3325
20260701,医疗,沙棘的功效与作用主要治什么病,427,20260701,3326
20260701,医疗,陈香露白露片的功效与作用,427,20260701,3327
20260701,医疗,亚麻籽有什么功效与作用,427,20260701,3328
20260701,医疗,酒萸肉的功效与作用,427,20260701,3329
20260701,医疗,楮实子的功效与作用,427,20260701,3330
20260701,医疗,维生素c片的作用功效,427,20260701,3331
20260701,医疗,右下腹部疼痛女性什么原因,426,20260701,3332
20260701,医疗,化疗对身体危害有多大,426,20260701,3333
20260701,医疗,阴道前壁膨出,426,20260701,3334
20260701,医疗,气胸病是什么症状,426,20260701,3335
20260701,医疗,肌酸激酶偏低是什么问题,426,20260701,3336
20260701,医疗,甲减,426,20260701,3337
20260701,医疗,脱发严重是什么原因引起的,426,20260701,3338
20260701,医疗,南京鼓楼医院,426,20260701,3339
20260701,医疗,柠檬酸的作用与功效和危害,426,20260701,3340
20260701,医疗,盆腔炎用什么药最好最快彻底治疗好,426,20260701,3341
20260701,医疗,气管炎的症状和表现,425,20260701,3342
20260701,医疗,避孕药事后多久吃有效,425,20260701,3343
20260701,医疗,血糖高吃什么食物和水果最好,425,20260701,3344
20260701,医疗,紫草的功效与作用,425,20260701,3345
20260701,医疗,甘李药业,425,20260701,3346
20260701,医疗,低血压标准范围是多少,425,20260701,3347
20260701,医疗,肠梗阻,425,20260701,3348
20260701,医疗,皮疹图片和症状,425,20260701,3349
20260701,医疗,瑞康医药,425,20260701,3350
20260701,医疗,蚊子喜欢叮咬哪些人,424,20260701,3351
20260701,医疗,乳头痒什么原因女性,424,20260701,3352
20260701,医疗,吃李子的好处与坏处,424,20260701,3353
20260701,医疗,白细胞低有什么危害和症状,424,20260701,3354
20260701,医疗,盐酸二甲双胍缓释片正确吃法,424,20260701,3355
20260701,医疗,玉米的营养价值与功效,424,20260701,3356
20260701,医疗,ccu病房是什么意思,424,20260701,3357
20260701,医疗,胡椒的功效和作用,424,20260701,3358
20260701,医疗,前列舒通胶囊的功效与作用,424,20260701,3359
20260701,医疗,膀胱炎吃什么药好得快效果最好,423,20260701,3360
20260701,医疗,盆腔炎用什么药效果最好,423,20260701,3361
20260701,医疗,橄榄油的功效与作用,423,20260701,3362
20260701,医疗,"血压低压高是怎么造成的,怎么调理",423,20260701,3363
20260701,医疗,吃榴莲的好处与功效,423,20260701,3364
20260701,医疗,青蒿的作用与功能主治,423,20260701,3365
20260701,医疗,甘油三酯,423,20260701,3366
20260701,医疗,小孩流鼻血经常流鼻血是怎么回事啊,423,20260701,3367
20260701,医疗,菊花的功效与作用,422,20260701,3368
20260701,医疗,补气血的中成药哪个效果好,422,20260701,3369
20260701,医疗,轻度脂肪肝怎么调理恢复正常,422,20260701,3370
20260701,医疗,孟鲁司特钠片的功效和副作用,422,20260701,3371
20260701,医疗,盐酸二甲双胍片的功效与作用,422,20260701,3372
20260701,医疗,外阴白斑,422,20260701,3373
20260701,医疗,胆囊壁毛糙是什么意思,422,20260701,3374
20260701,医疗,痔疮图片真实症状图片,422,20260701,3375
20260701,医疗,氨糖软骨素片对膝盖疼真的好吗,422,20260701,3376
20260701,医疗,"巧克力囊肿是什么原因造成的,能治好吗?",422,20260701,3377
20260701,医疗,"hpv5253阳性严重吗,需要怎么治疗呢",422,20260701,3378
20260701,医疗,唐氏综合征,421,20260701,3379
20260701,医疗,念珠菌感染的主要原因,421,20260701,3380
20260701,医疗,出汗多是什么原因男性,421,20260701,3381
20260701,医疗,刮痧后多久可以洗澡,421,20260701,3382
20260701,医疗,磁石的功效作用与主治,421,20260701,3383
20260701,医疗,"便血,血色鲜红,不与粪便混合,不痛",421,20260701,3384
20260701,医疗,生蚝的好处和功效与作用,421,20260701,3385
20260701,医疗,白内障,420,20260701,3386
20260701,医疗,脚气水泡型的怎么治才能除根,420,20260701,3387
20260701,医疗,色弱可以矫正恢复吗,420,20260701,3388
20260701,医疗,体重指数BMI计算方法,420,20260701,3389
20260701,医疗,背心疼痛要警惕的三种病症,420,20260701,3390
20260701,医疗,紫薯的功效与作用,420,20260701,3391
20260701,医疗,玄七通痹胶囊的功效与作用,420,20260701,3392
20260701,医疗,割包皮,419,20260701,3393
20260701,医疗,地榆的功效与作用,419,20260701,3394
20260701,医疗,hpv16阳性怎么治疗能转阴,419,20260701,3395
20260701,医疗,牙周炎症状的表现是什么,419,20260701,3396
20260701,医疗,米曲菌胰酶片的功效与作用,419,20260701,3397
20260701,医疗,甜叶菊功效作用与主治,419,20260701,3398
20260701,医疗,百度医生,419,20260701,3399
20260701,医疗,手心脚心发热心里烦躁,419,20260701,3400
20260701,医疗,牛筋草的作用与疗效,419,20260701,3401
20260701,医疗,坤泰胶囊的功效与作用,419,20260701,3402
20260701,医疗,思诺思,419,20260701,3403
20260701,医疗,银翘解毒片的功效与作用,419,20260701,3404
20260701,医疗,甲钴胺和维生素b12有什么区别,419,20260701,3405
20260701,医疗,全身痒是怎么回事挠了越抓越痒,419,20260701,3406
20260701,医疗,心血管内皮细胞的更新周期是多长时间,419,20260701,3407
20260701,医疗,对乙酰氨基酚,418,20260701,3408
20260701,医疗,狗脊的功效与作用,418,20260701,3409
20260701,医疗,肌红蛋白高说明什么,418,20260701,3410
20260701,医疗,黄连上清片功能主治,418,20260701,3411
20260701,医疗,汗斑图片,418,20260701,3412
20260701,医疗,复硝酚钠的作用和功效,418,20260701,3413
20260701,医疗,他汀的作用与功效及副作用是什么,418,20260701,3414
20260701,医疗,非布司他,418,20260701,3415
20260701,医疗,窦性心律,418,20260701,3416
20260701,医疗,眼睛老是流眼泪是怎么回事,418,20260701,3417
20260701,医疗,茯神的主要功效和作用是什么,417,20260701,3418
20260701,医疗,朱砂,417,20260701,3419
20260701,医疗,手麻是什么病的前兆 为什么会手麻,417,20260701,3420
20260701,医疗,幽门螺旋杆菌是什么原因造成的,417,20260701,3421
20260701,医疗,水痘一般几天能痊愈,417,20260701,3422
20260701,医疗,私处瘙痒是什么原因怎么办,417,20260701,3423
20260701,医疗,狂犬病毒潜伏期多久,417,20260701,3424
20260701,医疗,二尖瓣反流是怎么回事,417,20260701,3425
20260701,医疗,"蛇缠腰是啥病,是什么原因引起的",417,20260701,3426
20260701,医疗,人体内脏器官分布图,417,20260701,3427
20260701,医疗,小儿七星茶颗粒的作用和功效,417,20260701,3428
20260701,医疗,虾的营养价值及功效,417,20260701,3429
20260701,医疗,凝血酶原时间偏高说明什么,417,20260701,3430
20260701,医疗,复方对乙酰氨基酚片的作用与功效,417,20260701,3431
20260701,医疗,尿隐血1个加号什么意思,416,20260701,3432
20260701,医疗,手腕关节一用力或旋转就疼怎么办,416,20260701,3433
20260701,医疗,仁和药业,416,20260701,3434
20260701,医疗,幼儿急疹的症状及治疗,416,20260701,3435
20260701,医疗,大便发黑是怎么回事男性,416,20260701,3436
20260701,医疗,心梗前兆有哪些症状,416,20260701,3437
20260701,医疗,皮质醇过高的表现,415,20260701,3438
20260701,医疗,青椒的功效与作用,415,20260701,3439
20260701,医疗,窦性心律是怎么回事,415,20260701,3440
20260701,医疗,四逆散的组成配方,415,20260701,3441
20260701,医疗,芡实,415,20260701,3442
20260701,医疗,心悸,415,20260701,3443
20260701,医疗,归芍地黄丸,415,20260701,3444
20260701,医疗,会阴穴,415,20260701,3445
20260701,医疗,仙茅的作用与功效,415,20260701,3446
20260701,医疗,姜枣茶的功效与作用,415,20260701,3447
20260701,医疗,金银花泡水喝的功效,415,20260701,3448
20260701,医疗,铝碳酸镁咀嚼片饭前吃还是饭后吃,415,20260701,3449
20260701,医疗,氢氯噻嗪片功效与作用,415,20260701,3450
20260701,医疗,玉米须的作用与功效,414,20260701,3451
20260701,医疗,戒断反应是什么意思,414,20260701,3452
20260701,医疗,紫苏油的功效与作用,414,20260701,3453
20260701,医疗,头痛怎么引起的原因有哪些,414,20260701,3454
20260701,医疗,吞咽产奶1/1,414,20260701,3455
20260701,医疗,田基黄草药的功效与作用,414,20260701,3456
20260701,医疗,细菌性阴炎症状表现用什么药,414,20260701,3457
20260701,医疗,正常血压,414,20260701,3458
20260701,医疗,莲子心茶泡水喝有什么功效与作用,414,20260701,3459
20260701,医疗,骶髂关节炎疼痛位置图,414,20260701,3460
20260701,医疗,芬必得的作用和功效,414,20260701,3461
20260701,医疗,丹栀逍遥丸的作用与功能主治,414,20260701,3462
20260701,医疗,盐酸氨溴索口服液治什么病,414,20260701,3463
20260701,医疗,小米粥和什么搭配最好最养胃,414,20260701,3464
20260701,医疗,尿蛋白2个加号是什么意思,414,20260701,3465
20260701,医疗,"小脑萎缩是怎么回事,能治愈吗",414,20260701,3466
20260701,医疗,喝啤酒的好处和坏处,414,20260701,3467
20260701,医疗,复方玄驹胶囊的功效与作用,413,20260701,3468
20260701,医疗,提肛运动的正确做法,413,20260701,3469
20260701,医疗,转氨酶高是怎么造成的,413,20260701,3470
20260701,医疗,塞来昔布胶囊一次吃几粒,413,20260701,3471
20260701,医疗,复方磺胺甲恶唑片的功效与作用,413,20260701,3472
20260701,医疗,淫羊藿,413,20260701,3473
20260701,医疗,睿智医药,413,20260701,3474
20260701,医疗,尿素软膏的作用与功效,413,20260701,3475
20260701,医疗,hpv是什么病毒,413,20260701,3476
20260701,医疗,夜交藤的功效作用与主治,412,20260701,3477
20260701,医疗,康复治疗技术是干什么的,412,20260701,3478
20260701,医疗,炉甘石的功效与作用,412,20260701,3479
20260701,医疗,百多邦,412,20260701,3480
20260701,医疗,荨麻疹是什么原因引起的,412,20260701,3481
20260701,医疗,麦粒肿怎么治最快的办法消除,412,20260701,3482
20260701,医疗,气短总感觉喘不过气是怎么回事,412,20260701,3483
20260701,医疗,艾灸一般几天灸一次,412,20260701,3484
20260701,医疗,卵巢早衰有哪些症状,412,20260701,3485
20260701,医疗,高密度脂蛋白胆固醇偏低需要注意什么,412,20260701,3486
20260701,医疗,白芷图片,412,20260701,3487
20260701,医疗,胸口闷感觉非常压抑难受是怎么回事,412,20260701,3488
20260701,医疗,"牙结石是什么原因造成的,怎样处理",412,20260701,3489
20260701,医疗,感康,412,20260701,3490
20260701,医疗,阴虱怎么彻底去除最简单的方法,412,20260701,3491
20260701,医疗,派瑞松软膏的作用和功效,412,20260701,3492
20260701,医疗,甲硝唑片可以治牙痛吗,411,20260701,3493
20260701,医疗,乳腺癌,411,20260701,3494
20260701,医疗,恶心想吐是什么病的前兆,411,20260701,3495
20260701,医疗,eb病毒是什么病,411,20260701,3496
20260701,医疗,冬虫夏草富含多少种药用成分,411,20260701,3497
20260701,医疗,珍珠粉的作用和功效,411,20260701,3498
20260701,医疗,磨牙是什么原因引起的怎么解决,411,20260701,3499
20260701,医疗,马齿苋的功效与作用,411,20260701,3500
20260701,医疗,人体,411,20260701,3501
20260701,医疗,腕管综合征有哪些症状,411,20260701,3502
20260701,医疗,白带多像水一样流出来怎么回事,410,20260701,3503
20260701,医疗,耳鸣吃什么药最好最快最有效,410,20260701,3504
20260701,医疗,dna与rna的杂交,410,20260701,3505
20260701,医疗,右美沙芬片的作用与功效,410,20260701,3506
20260701,医疗,屁股眼有个肉球是什么东西,410,20260701,3507
20260701,医疗,特殊的按摩治疗,410,20260701,3508
20260701,医疗,昭衍新药,410,20260701,3509
20260701,医疗,甲钴胺片的功效与主治,410,20260701,3510
20260701,医疗,促甲状腺激素低是什么原因怎么办,409,20260701,3511
20260701,医疗,中山大学附属第一医院,409,20260701,3512
20260701,医疗,滑膜炎用什么药治疗最好最快,409,20260701,3513
20260701,医疗,直肠炎的早期症状有哪些,409,20260701,3514
20260701,医疗,虫草花的功效与作用,409,20260701,3515
20260701,医疗,雄黄的功效与作用,409,20260701,3516
20260701,医疗,空腹血糖6.5算不算高 怎么控制,409,20260701,3517
20260701,医疗,土豆升糖指数高吗,409,20260701,3518
20260701,医疗,颈椎痛怎么治疗最好最快最有效,409,20260701,3519
20260701,医疗,疱疹是因为什么原因引起的,408,20260701,3520
20260701,医疗,干扰素的功效作用与主治,408,20260701,3521
20260701,医疗,硫酸氨基葡萄糖胶囊的功效与作用与疗程,408,20260701,3522
20260701,医疗,双性人的身体器官结构图片,408,20260701,3523
20260701,医疗,宫颈筛查hpv阳性是什么意思,408,20260701,3524
20260701,医疗,结肠癌早期症状,408,20260701,3525
20260701,医疗,头疼怎么缓解最快,408,20260701,3526
20260701,医疗,关元穴位置,408,20260701,3527
20260701,医疗,黄精的功效和主治,408,20260701,3528
20260701,医疗,肛瘘,408,20260701,3529
20260701,医疗,神经痛怎么治疗最快最好,407,20260701,3530
20260701,医疗,鹿角帽粉的作用与功效,407,20260701,3531
20260701,医疗,胃酸反酸水的原因及解决办法,407,20260701,3532
20260701,医疗,养胃舒颗粒的功效与作用,407,20260701,3533
20260701,医疗,当归四逆汤的组成配方,407,20260701,3534
20260701,医疗,疱疹性咽峡炎,407,20260701,3535
20260701,医疗,钙尔奇碳酸钙d3片的作用与功效,407,20260701,3536
20260701,医疗,舍曲林,407,20260701,3537
20260701,医疗,丁苯酞氯化钠注射功效与作用,407,20260701,3538
20260701,医疗,参苓健脾胃颗粒的作用与功效,407,20260701,3539
20260701,医疗,蓝芩口服液的功效与作用,406,20260701,3540
20260701,医疗,牛肉是发物吗,406,20260701,3541
20260701,医疗,肌酐低是什么问题,406,20260701,3542
20260701,医疗,排卵期有什么明显症状,406,20260701,3543
20260701,医疗,葛根粉有什么作用与功效疗效,406,20260701,3544
20260701,医疗,立普妥,406,20260701,3545
20260701,医疗,红细胞分布宽度偏低说明什么,406,20260701,3546
20260701,医疗,黄体酮催月经一般要吃几天,406,20260701,3547
20260701,医疗,巴旦木的功效与作用,406,20260701,3548
20260701,医疗,涌泉穴,406,20260701,3549
20260701,医疗,胖大海的功效与作用,406,20260701,3550
20260701,医疗,冠状动脉硬化粥样硬化是什么意思,406,20260701,3551
20260701,医疗,代森锰锌的功效与作用,405,20260701,3552
20260701,医疗,胃胀腹胀最好解决方法,405,20260701,3553
20260701,医疗,乳糖不耐受是什么意思,405,20260701,3554
20260701,医疗,枇杷的功效和作用,405,20260701,3555
20260701,医疗,血小板低有什么危险,405,20260701,3556
20260701,医疗,白果的功效与作用,405,20260701,3557
20260701,医疗,朱雀汤的功效与作用,405,20260701,3558
20260701,医疗,鸽子蛋的营养价值及功效,404,20260701,3559
20260701,医疗,吹空调感冒是风寒还是风热,404,20260701,3560
20260701,医疗,白芍的功效与作用,404,20260701,3561
20260701,医疗,头疼想吐恶心难受是什么原因,404,20260701,3562
20260701,医疗,尿血是怎么引起的女性,404,20260701,3563
20260701,医疗,北京协和医院挂号预约,404,20260701,3564
20260701,医疗,合欢皮的功效与作用,404,20260701,3565
20260701,医疗,胰腺在人体的哪个部位图解,404,20260701,3566
20260701,医疗,艾滋病能治好吗,404,20260701,3567
20260701,医疗,阿托品的功效与主治,404,20260701,3568
20260701,医疗,南瓜升糖指数高吗,404,20260701,3569
20260701,医疗,氨溴特罗口服液的功效和作用,404,20260701,3570
20260701,医疗,测血糖的最佳时间和注意事项,404,20260701,3571
20260701,医疗,感冒挂什么科门诊,404,20260701,3572
20260701,医疗,足底穴位图,404,20260701,3573
20260701,医疗,白芍,404,20260701,3574
20260701,医疗,bmi值的计算方法,404,20260701,3575
20260701,医疗,肾结石多少mm以上建议手术,403,20260701,3576
20260701,医疗,嗓子嘶哑怎么治最快最有效,403,20260701,3577
20260701,医疗,附子理中丸,403,20260701,3578
20260701,医疗,维生素b2片的功效与作用,403,20260701,3579
20260701,医疗,带状疱疹疫苗可以管几年,403,20260701,3580
20260701,医疗,厄贝沙坦氢氯噻嗪片会引起性功能障碍吗,403,20260701,3581
20260701,医疗,子宫腺肌症是什么意思,403,20260701,3582
20260701,医疗,木姜子,402,20260701,3583
20260701,医疗,血小板高是什么原因引起的,402,20260701,3584
20260701,医疗,飞蚊症恢复最简单方法,402,20260701,3585
20260701,医疗,有氧运动和无氧运动有什么区别,402,20260701,3586
20260701,医疗,橄榄果的功效与作用,402,20260701,3587
20260701,医疗,中性粒细胞百分比高是什么原因,402,20260701,3588
20260701,医疗,补中益气丸,402,20260701,3589
20260701,医疗,腰疼是什么原因?男性,402,20260701,3590
20260701,医疗,输卵管堵塞有什么样症状,402,20260701,3591
20260701,医疗,皂角米有什么功效与作用,402,20260701,3592
20260701,医疗,胸口闷痛一阵一阵的痛什么原因,402,20260701,3593
20260701,医疗,猪肚的功效与作用,402,20260701,3594
20260701,医疗,阴道分泌物增多,402,20260701,3595
20260701,医疗,神阙的准确位置图,401,20260701,3596
20260701,医疗,健康,401,20260701,3597
20260701,医疗,甲状腺结节4b类严重吗?需要手术吗,401,20260701,3598
20260701,医疗,糖尿病足早期症状图片,401,20260701,3599
20260701,医疗,桂枝茯苓丸的功效与主治,401,20260701,3600
20260701,医疗,香菇的功效与作用,401,20260701,3601
20260701,医疗,吃鹅蛋有什么好处和功效,401,20260701,3602
20260701,医疗,泌尿系统感染有什么症状,401,20260701,3603
20260701,医疗,肺癌最明显的一个征兆,401,20260701,3604
20260701,医疗,扶他林,401,20260701,3605
20260701,医疗,晕车怎么办最有效方法,401,20260701,3606
20260701,医疗,降真香的功效与作用,401,20260701,3607
20260701,医疗,菠菜的功效与作用,400,20260701,3608
20260701,医疗,秘洛方铁锌维对白发有用吗,400,20260701,3609
20260701,医疗,帕金森,400,20260701,3610
20260701,医疗,松子的功效与作用及营养价值,400,20260701,3611
20260701,医疗,草酸的作用与用途,400,20260701,3612
20260701,医疗,蓝靛果的功效与作用,400,20260701,3613
20260701,医疗,中焦不通有哪些症状,400,20260701,3614
20260701,医疗,浦公英根泡水喝有什么功效和作用ie老虎姜的做法,399,20260701,3615
20260701,医疗,阿卡波糖片的副作用和危害,399,20260701,3616
20260701,医疗,人参养荣丸的功效与主治作用,399,20260701,3617
20260701,医疗,熟地黄怎么吃效果最好,399,20260701,3618
20260701,医疗,多少度算发烧,399,20260701,3619
20260701,医疗,知柏地黄丸的功效作用和适合人群,399,20260701,3620
20260701,医疗,复方甘草酸苷片能治疗白癜风吗,399,20260701,3621
20260701,医疗,复方氨酚烷胺片,399,20260701,3622
20260701,医疗,皮肤科线上问诊,399,20260701,3623
20260701,医疗,耳朵流脓水怎么治疗最好,399,20260701,3624
20260701,医疗,鸡血藤的功效和作用主治,399,20260701,3625
20260701,医疗,疏肝解郁胶囊的功效作用与主治,399,20260701,3626
20260701,医疗,立普妥的功效及副作用,398,20260701,3627
20260701,医疗,腰痛宁胶囊的功效与作用,398,20260701,3628
20260701,医疗,泌乳素高是怎么回事,398,20260701,3629
20260701,医疗,榴莲壳煲骨头汤有什么功效与作用禁忌,398,20260701,3630
20260701,医疗,莲藕的功效与作用,398,20260701,3631
20260701,医疗,菊粉的功效与作用,398,20260701,3632
20260701,医疗,魔芋的功效与作用,398,20260701,3633
20260701,医疗,沙棘,398,20260701,3634
20260701,医疗,包皮手术,397,20260701,3635
20260701,医疗,醋五味子的功效与作用,397,20260701,3636
20260701,医疗,牙龈萎缩怎么样才能恢复正常,397,20260701,3637
20260701,医疗,地西泮片的主要作用是( ),397,20260701,3638
20260701,医疗,西格列汀的疗效与副作用是什么,397,20260701,3639
20260701,医疗,晕碳,397,20260701,3640
20260701,医疗,血糖,397,20260701,3641
20260701,医疗,尿蛋白3个加号严重吗,397,20260701,3642
20260701,医疗,钛杯喝水对身体有什么好处,397,20260701,3643
20260701,医疗,苏木的功效作用与主治,397,20260701,3644
20260701,医疗,舒筋活络丸的功能主治,397,20260701,3645
20260701,医疗,月经一个月来2次是什么原因造成的,397,20260701,3646
20260701,医疗,肾结石是什么原因造成的啊,396,20260701,3647
20260701,医疗,胰岛素抵抗,396,20260701,3648
20260701,医疗,李子含糖量高吗血糖高的能吃吗,396,20260701,3649
20260701,医疗,出汗多一动就大汗淋漓该怎么调节,396,20260701,3650
20260701,医疗,复方丹参滴丸对心脏的功效,396,20260701,3651
20260701,医疗,霍香正气丸功效作用与主治十什么可以驱蚊,396,20260701,3652
20260701,医疗,37度算发烧不,396,20260701,3653
20260701,医疗,耳穴位图,396,20260701,3654
20260701,医疗,37.2是低烧吗,395,20260701,3655
20260701,医疗,红细胞压积偏高是怎么回事,395,20260701,3656
20260701,医疗,优甲乐长期服用副作用有哪些,395,20260701,3657
20260701,医疗,霍香正气水的作用与功放说明书,395,20260701,3658
20260701,医疗,米格列醇片的功效和作用,395,20260701,3659
20260701,医疗,钠对人体有什么作用,395,20260701,3660
20260701,医疗,生花生的作用与功效,395,20260701,3661
20260701,医疗,漏尿怎么治疗最有效最好女性,395,20260701,3662
20260701,医疗,房性早搏是什么意思,395,20260701,3663
20260701,医疗,黄葵胶囊的作用与功效,395,20260701,3664
20260701,医疗,氨茶碱的作用与功效,394,20260701,3665
20260701,医疗,二至丸功效和作用,394,20260701,3666
20260701,医疗,柴胡舒肝丸的配方成分,394,20260701,3667
20260701,医疗,夏季养生原则,394,20260701,3668
20260701,医疗,地皮菜的功效与作用,393,20260701,3669
20260701,医疗,甲氧氯普胺片的功效与作用,393,20260701,3670
20260701,医疗,吊干杏的功效与作用,393,20260701,3671
20260701,医疗,风池穴的准确位置图,393,20260701,3672
20260701,医疗,人工心脏植入手术费用,393,20260701,3673
20260701,医疗,维c有什么作用和功效呢,393,20260701,3674
20260701,医疗,痛经的原因主要与什么因素有关,393,20260701,3675
20260701,医疗,hpv可以治愈吗,393,20260701,3676
20260701,医疗,甲鱼的功效和作用肿瘤,393,20260701,3677
20260701,医疗,蛤蚧,393,20260701,3678
20260701,医疗,达格列净,392,20260701,3679
20260701,医疗,山楂干泡水喝有什么功效和作用,392,20260701,3680
20260701,医疗,铁皮石斛,392,20260701,3681
20260701,医疗,尿潜血一个加号是怎么回事,392,20260701,3682
20260701,医疗,开胸顺气丸适合什么症状使用,392,20260701,3683
20260701,医疗,昙花的作用与功效,392,20260701,3684
20260701,医疗,西红柿生吃的功效与作用,392,20260701,3685
20260701,医疗,覆盆子,392,20260701,3686
20260701,医疗,敏使朗的作用和功效,392,20260701,3687
20260701,医疗,醪糟的功效与作用,392,20260701,3688
20260701,医疗,嘴苦是什么原因引起的啊,392,20260701,3689
20260701,医疗,护肝养肝吃什么药最好,391,20260701,3690
20260701,医疗,马鞭草的功效与主治,391,20260701,3691
20260701,医疗,大腹皮的功效与作用,391,20260701,3692
20260701,医疗,山茱萸,391,20260701,3693
20260701,医疗,右上腹部隐隐约约的疼怎么回事,391,20260701,3694
20260701,医疗,武汉协和医院,391,20260701,3695
20260701,医疗,缺铁有什么表现和症状,391,20260701,3696
20260701,医疗,苏子叶的功效与作用,391,20260701,3697
20260701,医疗,迷迭香,391,20260701,3698
20260701,医疗,金至因的功效与作用是真实的吗,391,20260701,3699
20260701,医疗,泡疹病图片初期症状图,391,20260701,3700
20260701,医疗,bmi计算,391,20260701,3701
20260701,医疗,牛磺酸的作用与功效是什么,391,20260701,3702
20260701,医疗,湿疹怎么治疗彻底断根,390,20260701,3703
20260701,医疗,寻麻疹的发病原因,390,20260701,3704
20260701,医疗,雪菊泡水喝的功效与作用,390,20260701,3705
20260701,医疗,偏头痛吃什么药效果好 神经性头痛,390,20260701,3706
20260701,医疗,BMI计算,390,20260701,3707
20260701,医疗,老年痴呆症又叫什么名字,390,20260701,3708
20260701,医疗,割包皮最佳年龄,390,20260701,3709
20260701,医疗,咳嗽吃什么药止咳效果好,390,20260701,3710
20260701,医疗,嗜碱性粒细胞百分比偏高是什么原因,390,20260701,3711
20260701,医疗,盆腔炎怎么引起的原因,389,20260701,3712
20260701,医疗,肺热的表现有哪些症状,389,20260701,3713
20260701,医疗,胳膊上出现红色的小点点,389,20260701,3714
20260701,医疗,叶酸的功能主治及副作用,389,20260701,3715
20260701,医疗,眼白发黄是什么原因,389,20260701,3716
20260701,医疗,美托洛尔片的功效与作用,389,20260701,3717
20260701,医疗,身上有红色的像痣的小血点,389,20260701,3718
20260701,医疗,妇科千金片的功效与主治,389,20260701,3719
20260701,医疗,结核病最常见的症状是,389,20260701,3720
20260701,医疗,盐酸雷尼替丁的作用及功效,389,20260701,3721
20260701,医疗,瑞舒伐他汀正确吃法,389,20260701,3722
20260701,医疗,景峰医药,389,20260701,3723
20260701,医疗,椰枣的功效与作用,389,20260701,3724
20260701,医疗,牙齿吃冷热都疼是什么原因,389,20260701,3725
20260701,医疗,反流性食管炎的症状有哪些表现,389,20260701,3726
20260701,医疗,雌激素低怎么补充最快最好,389,20260701,3727
20260701,医疗,花斑癣图片,389,20260701,3728
20260701,医疗,a型血和b型血生的孩子是什么血型,389,20260701,3729
20260701,医疗,传染病四项检查是哪四项,389,20260701,3730
20260701,医疗,伐地那非片的作用及功效,388,20260701,3731
20260701,医疗,布芙尼铁锌维能治白发吗,388,20260701,3732
20260701,医疗,五子衍宗丸功效和主治是什么,388,20260701,3733
20260701,医疗,头孢克洛缓释片的功效与作用,388,20260701,3734
20260701,医疗,舔女性私处会感染艾滋病病毒吗,388,20260701,3735
20260701,医疗,尖锐湿疣怎么治疗才能根治,388,20260701,3736
20260701,医疗,阿法骨化醇片的作用与功效,388,20260701,3737
20260701,医疗,黑顺片的功效作用与主治,388,20260701,3738
20260701,医疗,胆南星的作用和功效,387,20260701,3739
20260701,医疗,高密度脂蛋白偏低是什么原因呀,387,20260701,3740
20260701,医疗,金钱草,387,20260701,3741
20260701,医疗,非洛地平缓释片的功效与副作用,387,20260701,3742
20260701,医疗,肝囊肿,387,20260701,3743
20260701,医疗,灵芝孢子功效和作用,387,20260701,3744
20260701,医疗,怀孕一个月建议药流还是人流,387,20260701,3745
20260701,医疗,血型父母和孩子血型表,387,20260701,3746
20260701,医疗,高压低压多少正常,387,20260701,3747
20260701,医疗,熟地的功效与作用及禁忌、副作用,387,20260701,3748
20260701,医疗,茶叶的功效与作用,387,20260701,3749
20260701,医疗,甲钴胺片的副作用,387,20260701,3750
20260701,医疗,夏桑菊的功效与作用,387,20260701,3751
20260701,医疗,餐后2小时血糖标准一览表,386,20260701,3752
20260701,医疗,皮肤病的种类图片,386,20260701,3753
20260701,医疗,补钙吃什么最好最快最有效,386,20260701,3754
20260701,医疗,菊花的功效作用与主治,386,20260701,3755
20260701,医疗,芸豆的功效与作用,386,20260701,3756
20260701,医疗,桑叶的功效与作用,386,20260701,3757
20260701,医疗,安贞医院,386,20260701,3758
20260701,医疗,飞蚊症是什么原因造成的,386,20260701,3759
20260701,医疗,急性肠胃炎有哪些症状,386,20260701,3760
20260701,医疗,支沟的准确位置图,386,20260701,3761
20260701,医疗,痛经怎么缓解疼痛最有效的方法,386,20260701,3762
20260701,医疗,丙戊酸钠缓释片的作用与功效,386,20260701,3763
20260701,医疗,富马酸替诺福韦片的功效与副作用,386,20260701,3764
20260701,医疗,屈螺酮炔雌醇片的作用,386,20260701,3765
20260701,医疗,颈动脉斑块多少mm算严重,385,20260701,3766
20260701,医疗,普罗雌烯乳膏的作用与使用方法,385,20260701,3767
20260701,医疗,乙肝通过什么途径传染,385,20260701,3768
20260701,医疗,渐冻症是一种什么病,385,20260701,3769
20260701,医疗,米拉贝隆缓释片的功效与作用,385,20260701,3770
20260701,医疗,阿托伐他汀钙片,385,20260701,3771
20260701,医疗,甲醛对人身有哪些害,385,20260701,3772
20260701,医疗,二硫化硒洗发水的功效和副作用,385,20260701,3773
20260701,医疗,桑椹子的功效与作用,384,20260701,3774
20260701,医疗,卤米松乳膏的作用,384,20260701,3775
20260701,医疗,波立维片的作用与功效,384,20260701,3776
20260701,医疗,介入治疗是什么意思,384,20260701,3777
20260701,医疗,淋巴结肿瘤一般能活多久,384,20260701,3778
20260701,医疗,女人吃伟哥会是什么效果,384,20260701,3779
20260701,医疗,同房后几天可以查出来怀孕,384,20260701,3780
20260701,医疗,苁黄胶囊的功能主治,384,20260701,3781
20260701,医疗,阴道炎是什么引起的,384,20260701,3782
20260701,医疗,维生素k的功效与作用,384,20260701,3783
20260701,医疗,淋巴癌的早期症状,384,20260701,3784
20260701,医疗,盐酸丁螺环酮片的作用与功效,384,20260701,3785
20260701,医疗,豌豆的功效与作用,384,20260701,3786
20260701,医疗,猝死前的征兆,384,20260701,3787
20260701,医疗,甜杏仁的功效和作用,384,20260701,3788
20260701,医疗,甲状腺是什么病,384,20260701,3789
20260701,医疗,红薯的功效与作用,383,20260701,3790
20260701,医疗,氟哌酸的功效和作用,383,20260701,3791
20260701,医疗,中耳炎,383,20260701,3792
20260701,医疗,杏子糖尿病人可以吃吗,383,20260701,3793
20260701,医疗,气血康口服液的功效与作用,383,20260701,3794
20260701,医疗,龟 头上炎症用什么药好得快,383,20260701,3795
20260701,医疗,肺气肿吃什么药最有效,383,20260701,3796
20260701,医疗,湿气重怎么排湿最快最有效方法,383,20260701,3797
20260701,医疗,糖化血红蛋白6.5是什么程度?,382,20260701,3798
20260701,医疗,银屑病的症状表现,382,20260701,3799
20260701,医疗,辛伐他汀片的作用与功效,382,20260701,3800
20260701,医疗,白芥子的功效与作用,382,20260701,3801
20260701,医疗,气滞胃痛颗粒的功效与作用,382,20260701,3802
20260701,医疗,盐酸度洛西汀肠溶胶囊的作用功效,382,20260701,3803
20260701,医疗,多囊卵巢综合症怎么调理才能好起来,382,20260701,3804
20260701,医疗,一动就大汗淋漓是什么原因男性,382,20260701,3805
20260701,医疗,红曲米的功效与作用是什么,382,20260701,3806
20260701,医疗,高血压如何调理才能恢复正常,382,20260701,3807
20260701,医疗,肛裂出血怎么办一拉屎就出血,382,20260701,3808
20260701,医疗,沙葱的功效与作用,382,20260701,3809
20260701,医疗,四君子合剂功效与作用,382,20260701,3810
20260701,医疗,结节是什么意思 严重吗,382,20260701,3811
20260701,医疗,天麻当归鹿筋片功效作用,382,20260701,3812
20260701,医疗,右归丸的配方组成,382,20260701,3813
20260701,医疗,黄体破裂是什么症状,382,20260701,3814
20260701,医疗,早上起床头眩晕咋回事,382,20260701,3815
20260701,医疗,缺锌有什么表现和症状,382,20260701,3816
20260701,医疗,元雨春霖功效与作用,382,20260701,3817
20260701,医疗,牙龈出血是怎么回事,381,20260701,3818
20260701,医疗,三叉神经痛根除最佳解决办法,381,20260701,3819
20260701,医疗,嗓子不舒服感觉有异物感是怎么回事,381,20260701,3820
20260701,医疗,"心肌缺血是什么原因造成的,怎么治疗",381,20260701,3821
20260701,医疗,狂犬病潜伏期一般多长时间,381,20260701,3822
20260701,医疗,红外线理疗灯的作用和副作用,381,20260701,3823
20260701,医疗,生理盐水的作用与功效,381,20260701,3824
20260701,医疗,痔疮是什么原因引起,381,20260701,3825
20260701,医疗,脱脂牛奶和全脂牛奶哪个对身体好,381,20260701,3826
20260701,医疗,辣椒辣到皮肤了最快消除方法,381,20260701,3827
20260701,医疗,桅子有什么作用与功效,381,20260701,3828
20260701,医疗,西京医院,381,20260701,3829
20260701,医疗,桑叶的功效与主治,381,20260701,3830
20260701,医疗,被蚂蚁咬了红肿痒怎么办,380,20260701,3831
20260701,医疗,疥疮,380,20260701,3832
20260701,医疗,雷公根的功效作用与主治,380,20260701,3833
20260701,医疗,幽门螺旋杆菌是一种什么病,380,20260701,3834
20260701,医疗,松针油的作用与功效,380,20260701,3835
20260701,医疗,一碗米饭的热量是多少大卡,380,20260701,3836
20260701,医疗,性瘾,380,20260701,3837
20260701,医疗,蒲黄的功效与作用,380,20260701,3838
20260701,医疗,身上痒一抓就起大片疙瘩咋回事,380,20260701,3839
20260701,医疗,体检一般检查哪些项目女性,380,20260701,3840
20260701,医疗,三七草图片,379,20260701,3841
20260701,医疗,尿酸高吃什么药降得最快最有效,379,20260701,3842
20260701,医疗,肝硬化可以治愈吗,379,20260701,3843
20260701,医疗,子宫内膜增厚有什么危害吗,379,20260701,3844
20260701,医疗,左旋vc的功效与作用,379,20260701,3845
20260701,医疗,经常口腔溃疡是什么原因导致的,379,20260701,3846
20260701,医疗,肩周炎,379,20260701,3847
20260701,医疗,冠脉ct和冠脉造影有什么区别,379,20260701,3848
20260701,医疗,益母草,379,20260701,3849
20260701,医疗,肝经的经络走向图及功效,379,20260701,3850
20260701,医疗,中暑头晕最简单的恢复方法,379,20260701,3851
20260701,医疗,塞来昔布的副作用有哪些,379,20260701,3852
20260701,医疗,肉苁蓉功效作用与主治,379,20260701,3853
20260701,医疗,基因检测费用大概多少钱,378,20260701,3854
20260701,医疗,盆腔积液会有哪些症状和表现,378,20260701,3855
20260701,医疗,排骨炖汤放什么食物一起炖营养,378,20260701,3856
20260701,医疗,氯唑沙宗片功效和作用,378,20260701,3857
20260701,医疗,中暑吃什么药,378,20260701,3858
20260701,医疗,胆结石,378,20260701,3859
20260701,医疗,回春草的功效与作用,378,20260701,3860
20260701,医疗,肾积水是什么原因造成的怎么治疗,378,20260701,3861
20260701,医疗,川芎的主要功效和作用,378,20260701,3862
20260701,医疗,艾灸肚子能达到减肚子的效果吗,378,20260701,3863
20260701,医疗,豆腐渣分泌物是什么妇科炎症,378,20260701,3864
20260701,医疗,谷氨酸钠是什么东西,377,20260701,3865
20260701,医疗,胸部,377,20260701,3866
20260701,医疗,热感冒的症状有哪些症状,377,20260701,3867
20260701,医疗,荞麦枕头真的可以养生吗,377,20260701,3868
20260701,医疗,白血病是什么原因引起的,377,20260701,3869
20260701,医疗,罗汉果的功效和作用,377,20260701,3870
20260701,医疗,葡萄籽的功效与作用,377,20260701,3871
20260701,医疗,子宫下垂有什么症状和表现,377,20260701,3872
20260701,医疗,败血症是什么症状,377,20260701,3873
20260701,医疗,桑葚干泡水喝有什么功效和作用,377,20260701,3874
20260701,医疗,黑鱼的功效与作用及营养,377,20260701,3875
20260701,医疗,血热皮肤瘙痒怎么办用什么药好,377,20260701,3876
20260701,医疗,丁桂儿脐贴的作用和功效,376,20260701,3877
20260701,医疗,维生素c,376,20260701,3878
20260701,医疗,秋水仙碱,376,20260701,3879
20260701,医疗,尿隐血是怎么回事,376,20260701,3880
20260701,医疗,亚麻籽油的功效与作用,376,20260701,3881
20260701,医疗,肠镜为什么尽量不建议做,376,20260701,3882
20260701,医疗,益母草来月经吃还是不来月经吃,376,20260701,3883
20260701,医疗,罗汉果泡水喝的功效与作用能治咽炎吗,376,20260701,3884
20260701,医疗,多囊的症状有哪些表现,376,20260701,3885
20260701,医疗,肺,376,20260701,3886
20260701,医疗,糖化血红蛋白,376,20260701,3887
20260701,医疗,甲状腺癌的早期症状,375,20260701,3888
20260701,医疗,核磁共振一般多久出结果,375,20260701,3889
20260701,医疗,柑橘黄酮片的作用与功效,375,20260701,3890
20260701,医疗,白血病早期出现什么症状,375,20260701,3891
20260701,医疗,复方甘草片的功效与主治,375,20260701,3892
20260701,医疗,皮肤痒是身体哪里出问题了,375,20260701,3893
20260701,医疗,类风湿性关节炎怎么治疗最好最有效,375,20260701,3894
20260701,医疗,泽兰的功效作用与主治,375,20260701,3895
20260701,医疗,胸闷气短感觉喘不上气什么原因,375,20260701,3896
20260701,医疗,天麻钩藤颗粒的功效与作用,375,20260701,3897
20260701,医疗,西地碘含片功能与主治,375,20260701,3898
20260701,医疗,血压正常值,375,20260701,3899
20260701,医疗,羊水栓塞是什么意思,375,20260701,3900
20260701,医疗,华兰生物,375,20260701,3901
20260701,医疗,右佐匹克隆片,375,20260701,3902
20260701,医疗,山竹的作用与功效,375,20260701,3903
20260701,医疗,鹿茸,375,20260701,3904
20260701,医疗,明矾的作用与功效,374,20260701,3905
20260701,医疗,龙珠软膏的作用与功效,374,20260701,3906
20260701,医疗,静息心率正常值范围是多少,374,20260701,3907
20260701,医疗,速效救心丸,374,20260701,3908
20260701,医疗,解酒喝什么最好最快方法,374,20260701,3909
20260701,医疗,静脉曲张有什么危害和后果,374,20260701,3910
20260701,医疗,脑震荡有什么症状,373,20260701,3911
20260701,医疗,俄色叶的功效与作用,373,20260701,3912
20260701,医疗,阑尾炎,373,20260701,3913
20260701,医疗,碳酸钙d3片的作用与功效可以长高吗,373,20260701,3914
20260701,医疗,莫匹罗星软膏,373,20260701,3915
20260701,医疗,石斛的功效与作用,373,20260701,3916
20260701,医疗,心脏疼痛什么原因,373,20260701,3917
20260701,医疗,吗啡,373,20260701,3918
20260701,医疗,头晕目眩天旋地转是什么原因,373,20260701,3919
20260701,医疗,慢性萎缩性胃炎c2是什么意思,373,20260701,3920
20260701,医疗,关节炎膝盖疼痛最佳治疗方法,373,20260701,3921
20260701,医疗,肝硬化,373,20260701,3922
20260701,医疗,右眼下眼袋一直跳动怎么回事,373,20260701,3923
20260701,医疗,万通筋骨片的功效与作用,372,20260701,3924
20260701,医疗,小蓝g钙2023ggy钙2023,372,20260701,3925
20260701,医疗,乳头边上长小疙瘩怎么回事,372,20260701,3926
20260701,医疗,验孕棒什么时候测最准确,372,20260701,3927
20260701,医疗,vte医学上指什么,372,20260701,3928
20260701,医疗,苯醚甲环唑主要治什么病,372,20260701,3929
20260701,医疗,木通的功效作用与主治,372,20260701,3930
20260701,医疗,甲状腺乳头状癌是什么意思,372,20260701,3931
20260701,医疗,手术后吃什么身体恢复快,372,20260701,3932
20260701,医疗,艾司唑仑片的功效,372,20260701,3933
20260701,医疗,煮玉米的水可以喝吗?有什么好处,372,20260701,3934
20260701,医疗,六味地黄丸的配方组成,372,20260701,3935
20260701,医疗,叶黄素有什么功效和作用,372,20260701,3936
20260701,医疗,金贵肾气丸有什么功效,372,20260701,3937
20260701,医疗,增强免疫力吃什么效果最好,372,20260701,3938
20260701,医疗,缬沙坦氢氯噻嗪片的作用和功效,371,20260701,3939
20260701,医疗,脚踝疼痛的主要原因,371,20260701,3940
20260701,医疗,正天丸的功效与作用,371,20260701,3941
20260701,医疗,甲状腺囊肿是怎么回事 需要治疗吗,371,20260701,3942
20260701,医疗,艾司奥美拉唑镁肠溶片功效和作用,371,20260701,3943
20260701,医疗,安科生物,371,20260701,3944
20260701,医疗,类风湿是什么原因引起的,371,20260701,3945
20260701,医疗,桑叶,371,20260701,3946
20260701,医疗,蹲下去站起来头晕眼黑是怎么回事,371,20260701,3947
20260701,医疗,白癜风能治好吗能彻底根治吗,371,20260701,3948
20260701,医疗,血常规能查出哪些疾病,371,20260701,3949
20260701,医疗,康恩贝,371,20260701,3950
20260701,医疗,快克复方氨酚烷胺胶囊的功效与作用,370,20260701,3951
20260701,医疗,心肌酶是查什么的,370,20260701,3952
20260701,医疗,瑞舒伐他汀钙片,370,20260701,3953
20260701,医疗,脚底板发热是什么原因?怎么办,370,20260701,3954
20260701,医疗,商陆的功效与作用,370,20260701,3955
20260701,医疗,羟苯磺酸钙胶囊功效与作用,370,20260701,3956
20260701,医疗,乳腺结节怎么办消除最快,370,20260701,3957
20260701,医疗,阿司匹林肠溶片,369,20260701,3958
20260701,医疗,增强ct的造影剂对身体有害吗,369,20260701,3959
20260701,医疗,磨玻璃肺结节是什么意思 严重吗,369,20260701,3960
20260701,医疗,跳蚤咬了擦什么药最有效,369,20260701,3961
20260701,医疗,氯化钾缓释片治什么病,369,20260701,3962
20260701,医疗,黄体酮破裂有什么症状,369,20260701,3963
20260701,医疗,依达拉奉右莰醇的作用与功效,369,20260701,3964
20260701,医疗,鸭肉的功效和作用,369,20260701,3965
20260701,医疗,白癜风会不会传染给别人?,369,20260701,3966
20260701,医疗,莓茶的作用和功效,369,20260701,3967
20260701,医疗,淫羊藿的功效与作用,369,20260701,3968
20260701,医疗,养血安神片的功效与作用,369,20260701,3969
20260701,医疗,曲咪新乳膏的作用与功效,369,20260701,3970
20260701,医疗,怀孕的最初征兆表现,368,20260701,3971
20260701,医疗,匹伐他汀钙片的作用与功效,368,20260701,3972
20260701,医疗,头皮屑严重怎么治才能除根,368,20260701,3973
20260701,医疗,吃了紧急避孕药月经推迟多久正常,368,20260701,3974
20260701,医疗,化橘红片泡水喝的功效与作用及禁忌,368,20260701,3975
20260701,医疗,元气茯苓八珍足贴的功效和作用,368,20260701,3976
20260701,医疗,枸杞原浆的作用与功效,368,20260701,3977
20260701,医疗,取环一般要休息几天,368,20260701,3978
20260701,医疗,自闭症儿童的行为特征有哪些,368,20260701,3979
20260701,医疗,盘龙七片的主治功效和作用,368,20260701,3980
20260701,医疗,吃辣椒的好处与功效,368,20260701,3981
20260701,医疗,飞蚊症,368,20260701,3982
20260701,医疗,布洛芬混悬液儿童用量说明书,368,20260701,3983
20260701,医疗,菟丝子,368,20260701,3984
20260701,医疗,红豆薏米水的作用与功效,368,20260701,3985
20260701,医疗,左肩胛骨后背疼是什么原因引起的,367,20260701,3986
20260701,医疗,北京协和医院主要擅长治疗什么病,367,20260701,3987
20260701,医疗,归芍地黄丸的功效主治是什么,367,20260701,3988
20260701,医疗,小肚子疼是怎么回事女性,367,20260701,3989
20260701,医疗,ast/alt代表什么,367,20260701,3990
20260701,医疗,玫瑰花茶搭配什么喝最合适,367,20260701,3991
20260701,医疗,嘌呤高的食物都有哪些,366,20260701,3992
20260701,医疗,痱子的症状图片,366,20260701,3993
20260701,医疗,高敏肌钙蛋白高是什么意思,366,20260701,3994
20260701,医疗,决明子,366,20260701,3995
20260701,医疗,头皮上长了毛囊炎疙瘩怎么治疗,366,20260701,3996
20260701,医疗,奥利司他,366,20260701,3997
20260701,医疗,马来酸依那普利片的作用与功效,366,20260701,3998
20260701,医疗,紫苏子的功效与作用,366,20260701,3999
20260701,医疗,"喉咙有异物感,咽部好像有东西堵塞,总感",365,20260701,4000
20260701,医疗,眼压高是什么症状.后果严重吗,365,20260701,4001
20260701,医疗,香附子的图片,365,20260701,4002
20260701,医疗,叶酸什么时候吃最佳时间,365,20260701,4003
20260701,医疗,四季抗病毒合剂的功效与作用,365,20260701,4004
20260701,医疗,t波改变说明什么,365,20260701,4005
20260701,医疗,腔隙性脑梗塞是什么意思,365,20260701,4006
20260701,医疗,picc是什么意思,365,20260701,4007
20260701,医疗,骨质疏松吃什么最好最快恢复,365,20260701,4008
20260701,医疗,糖类抗原ca125多高是肿瘤,365,20260701,4009
20260701,医疗,胃食管反流吃什么药效果最好,365,20260701,4010
20260701,医疗,飞蓬草的功效与作用,365,20260701,4011
20260701,医疗,缩泉丸的功效与作用,365,20260701,4012
20260701,医疗,脚崴了怎么办能快速好消肿止痛,364,20260701,4013
20260701,医疗,美诺华,364,20260701,4014
20260701,医疗,血小板正常值是多少,364,20260701,4015
20260701,医疗,d3的功效是什么,364,20260701,4016
20260701,医疗,聚乙二醇4000散治疗便秘效果怎么样,364,20260701,4017
20260701,医疗,偏头痛,364,20260701,4018
20260701,医疗,早博是什么意思呢?,364,20260701,4019
20260701,医疗,被蜂子蛰了怎么处理消肿最快止痛,364,20260701,4020
20260701,医疗,地奥心血康胶囊的功效与作用,364,20260701,4021
20260701,医疗,"大便拉不干净,总感觉肛门那有大便",364,20260701,4022
20260701,医疗,罗非鱼尽量少吃的原因,364,20260701,4023
20260701,医疗,海底椰的功效与作用,364,20260701,4024
20260701,医疗,西瓜霜润喉片的功效与作用,364,20260701,4025
20260701,医疗,头疼去医院挂什么科,363,20260701,4026
20260701,医疗,硝酸甘油,363,20260701,4027
20260701,医疗,风池的准确位置图,363,20260701,4028
20260701,医疗,青光眼,363,20260701,4029
20260701,医疗,白球比偏低是怎么回事,363,20260701,4030
20260701,医疗,涌泉在脚底哪个位置图片,363,20260701,4031
20260701,医疗,甲状腺过氧化物酶抗体过高说明什么,363,20260701,4032
20260701,医疗,桂皮的功效与作用,363,20260701,4033
20260701,医疗,加碘盐好还是不加碘盐好,363,20260701,4034
20260701,医疗,连翘,363,20260701,4035
20260701,医疗,淮贝维生素d3的功效与作用,363,20260701,4036
20260701,医疗,体脂率,363,20260701,4037
20260701,医疗,牛奶是寒性还是热性的,363,20260701,4038
20260701,医疗,白头发太多怎么调理才能变黑,362,20260701,4039
20260701,医疗,夏枯草的功效与作用主治,362,20260701,4040
20260701,医疗,便秘,362,20260701,4041
20260701,医疗,血压高有哪些症状出现,362,20260701,4042
20260701,医疗,丙酸氟替卡松乳膏作用与功效,362,20260701,4043
20260701,医疗,pubmed官网入口,362,20260701,4044
20260701,医疗,金花茶的功效和作用,362,20260701,4045
20260701,医疗,饭后血糖正常值是多少范围,362,20260701,4046
20260701,医疗,胆碱酯酶高是怎么回事,362,20260701,4047
20260701,医疗,心肌炎,362,20260701,4048
20260701,医疗,亿帆医药,362,20260701,4049
20260701,医疗,肠胃宁片功效作用与主治,362,20260701,4050
20260701,医疗,天灵片的功效与作用,362,20260701,4051
20260701,医疗,肺气虚的表现与症状,362,20260701,4052
20260701,医疗,窒息,362,20260701,4053
20260701,医疗,玛巴洛沙韦片的功效与作用,362,20260701,4054
20260701,医疗,阴道镜,362,20260701,4055
20260701,医疗,车前草图片,361,20260701,4056
20260701,医疗,出汗太多是哪里出问题了,361,20260701,4057
20260701,医疗,丙肝是什么病,361,20260701,4058
20260701,医疗,双歧杆菌三联活菌肠溶胶囊的作用,361,20260701,4059
20260701,医疗,阿昔莫司的功效与作用,361,20260701,4060
20260701,医疗,"肝癌会传染吗,对身边的人有影响吗",361,20260701,4061
20260701,医疗,酒黄精的功效和作用是什么,361,20260701,4062
20260701,医疗,鬼臼毒素酊什么用处,361,20260701,4063
20260701,医疗,花生米的作用和功效营养,361,20260701,4064
20260701,医疗,"乳腺癌分为几级,哪级最严重",361,20260701,4065
20260701,医疗,速效救心丸一次吃几粒最好,361,20260701,4066
20260701,医疗,心梗怎么治疗最好最快最有效,361,20260701,4067
20260701,医疗,"脾大是咋回事,有啥影响",360,20260701,4068
20260701,医疗,脑梗有什么症状和表现,360,20260701,4069
20260701,医疗,藤黄健骨丸的功效与作用,360,20260701,4070
20260701,医疗,mdt医学上指什么,360,20260701,4071
20260701,医疗,蒸苹果的功效与作用,360,20260701,4072
20260701,医疗,乌鸡汤的功效与作用,360,20260701,4073
20260701,医疗,月经量少是怎么回事,360,20260701,4074
20260701,医疗,肺气肿,360,20260701,4075
20260701,医疗,太冲准确位置图和作用,360,20260701,4076
20260701,医疗,蚂蚁咬了用什么消肿止痒最快,360,20260701,4077
20260701,医疗,黄氏响声丸的作用和功效,360,20260701,4078
20260701,医疗,小便尿出血是什么问题,360,20260701,4079
20260701,医疗,安宫牛黄丸,360,20260701,4080
20260701,医疗,川贝母的功效与作用的功能与主治,360,20260701,4081
20260701,医疗,宫颈息肉是什么原因造成的,360,20260701,4082
20260701,医疗,银耳红枣枸杞汤的功效与作用,360,20260701,4083
20260701,医疗,骨裂一般多少天恢复,360,20260701,4084
20260701,医疗,舌苔白厚腻是什么原因,359,20260701,4085
20260701,医疗,专家:把肺结节“管”起来,359,20260701,4086
20260701,医疗,登革热,359,20260701,4087
20260701,医疗,艾滋病多久能检查出来,359,20260701,4088
20260701,医疗,拜新同,359,20260701,4089
20260701,医疗,hiv,359,20260701,4090
20260701,医疗,肩袖损伤的四个表现,359,20260701,4091
20260701,医疗,肝掌图片高清图片,359,20260701,4092
20260701,医疗,冬虫夏草的正确吃法,359,20260701,4093
20260701,医疗,益生菌,359,20260701,4094
20260701,医疗,脂肪瘤怎么才能消除,359,20260701,4095
20260701,医疗,肺癌晚期临终前发出的五个信号,358,20260701,4096
20260701,医疗,肠系膜淋巴结炎反复肚子疼怎么办,358,20260701,4097
20260701,医疗,谷氨酰转肽酶高是什么问题,358,20260701,4098
20260701,医疗,附子理中丸的功效与作用适用人群,358,20260701,4099
20260701,医疗,双顶径是指什么,358,20260701,4100
20260701,医疗,四季草颗粒的功效主治,358,20260701,4101
20260701,医疗,肌电图是检查什么的,358,20260701,4102
20260701,医疗,甲亢的症状表现有哪些,358,20260701,4103
20260701,医疗,氨糖的作用和功效,358,20260701,4104
20260701,医疗,南瓜的功效与作用,358,20260701,4105
20260701,医疗,乙肝病毒dna定量正常值是多少,358,20260701,4106
20260701,医疗,谷氨酰胺的作用与功效,358,20260701,4107
20260701,医疗,湿气重吃什么药好得最快最有效,358,20260701,4108
20260701,医疗,退烧药有哪些药,358,20260701,4109
20260701,医疗,针灸,358,20260701,4110
20260701,医疗,幽门螺杆菌阳性是什么意思 严重吗,357,20260701,4111
20260701,医疗,柴胡疏肝散配方,357,20260701,4112
20260701,医疗,玄参的功效与作用和主治,357,20260701,4113
20260701,医疗,中暑症状表现有哪些,357,20260701,4114
20260701,医疗,放疗对人的身体伤害有多大,357,20260701,4115
20260701,医疗,辅酶q10的正确服用方法,357,20260701,4116
20260701,医疗,髋关节是哪个部位,357,20260701,4117
20260701,医疗,母乳酱汁要喷出来1~5毫升怎么办,357,20260701,4118
20260701,医疗,九价hpv疫苗三针一共多少钱,357,20260701,4119
20260701,医疗,柿子叶的功效与作用,357,20260701,4120
20260701,医疗,佛手柑,357,20260701,4121
20260701,医疗,下眼皮一直抽搐跳动是怎么回事,357,20260701,4122
20260701,医疗,疝气鼓包怎么治疗最好,356,20260701,4123
20260701,医疗,血常规检查主要看哪几项指标,356,20260701,4124
20260701,医疗,脾胃湿热吃什么中成药,356,20260701,4125
20260701,医疗,木糖醇会引起血糖升高吗,356,20260701,4126
20260701,医疗,乳果糖口服溶液的正确服用方法,356,20260701,4127
20260701,医疗,依洛尤单抗的作用与效果,356,20260701,4128
20260701,医疗,雌二醇是什么意思,356,20260701,4129
20260701,医疗,蔡磊现在的症状,356,20260701,4130
20260701,医疗,克霉唑栓的功效与作用,356,20260701,4131
20260701,医疗,金蝉的作用与功效,356,20260701,4132
20260701,医疗,肝炎有哪些症状出现,356,20260701,4133
20260701,医疗,益安宁丸的功效与主治和作用,356,20260701,4134
20260701,医疗,真武汤的功效与作用,356,20260701,4135
20260701,医疗,脂肪肝有什么症状有哪些表现,356,20260701,4136
20260701,医疗,西帕依固龈液功效与作用,356,20260701,4137
20260701,医疗,炉甘石洗剂,356,20260701,4138
20260701,医疗,爱出汗女人是什么原因 怎么治,356,20260701,4139
20260701,医疗,大椎的准确位置图,355,20260701,4140
20260701,医疗,天枢的准确位置图,355,20260701,4141
20260701,医疗,眼压多少为正常,355,20260701,4142
20260701,医疗,头孢克肟,355,20260701,4143
20260701,医疗,体温35.5-35.9正常吗,355,20260701,4144
20260701,医疗,牛黄解毒片,355,20260701,4145
20260701,医疗,牛奶早上喝好还是晚上喝好,355,20260701,4146
20260701,医疗,rdn手术是什么意思,355,20260701,4147
20260701,医疗,"窦性心律是什么意思,有危险吗",355,20260701,4148
20260701,医疗,苦荞麦的功效和作用及禁忌,355,20260701,4149
20260701,医疗,丹毒,355,20260701,4150
20260701,医疗,晚上夜尿多怎么回事,355,20260701,4151
20260701,医疗,腰疼腿疼吃什么药效果好,355,20260701,4152
20260701,医疗,溶菌酶含片的作用与功效,355,20260701,4153
20260701,医疗,发烧39度怎么退烧最快,355,20260701,4154
20260701,医疗,支原体感染有什么症状,354,20260701,4155
20260701,医疗,神经性皮炎,354,20260701,4156
20260701,医疗,红景天功效作用与主治,354,20260701,4157
20260701,医疗,防风通圣丸的功效与主治,354,20260701,4158
20260701,医疗,人体经络图解大全 十二经脉图,354,20260701,4159
20260701,医疗,荨麻疹会传染吗,354,20260701,4160
20260701,医疗,糖类抗原ca199是什么肿瘤指标,354,20260701,4161
20260701,医疗,褪黑素片能治失眠吗有副作用吗,354,20260701,4162
20260701,医疗,拔火罐有什么功效与作用,354,20260701,4163
20260701,医疗,骨髓瘤,354,20260701,4164
20260701,医疗,荣昌生物,354,20260701,4165
20260701,医疗,黄瓜籽的功效和作用,354,20260701,4166
20260701,医疗,茼蒿的作用与功效,354,20260701,4167
20260701,医疗,华法林的作用与功效,354,20260701,4168
20260701,医疗,女人吃伟哥有什么功效吗?,354,20260701,4169
20260701,医疗,"心肌炎是什么病严重吗,怎么治疗",354,20260701,4170
20260701,医疗,胰腺癌早期症状和前兆,354,20260701,4171
20260701,医疗,喝豆浆的好处和坏处,354,20260701,4172
20260701,医疗,桃仁的功效作用与主治,354,20260701,4173
20260701,医疗,缺铁性贫血的症状有哪些,354,20260701,4174
20260701,医疗,心脏造影有哪些危害和风险呢,353,20260701,4175
20260701,医疗,龙须菜的功效与作用,353,20260701,4176
20260701,医疗,杏仁粉的作用与功效,353,20260701,4177
20260701,医疗,血瘀症状有哪些表现,353,20260701,4178
20260701,医疗,刺梨,353,20260701,4179
20260701,医疗,正常血糖标准范围是多少,353,20260701,4180
20260701,医疗,hcg是什么,353,20260701,4181
20260701,医疗,口会被传染艾滋病吗,353,20260701,4182
20260701,医疗,黑枸杞的作用与功效,353,20260701,4183
20260701,医疗,酸枣仁,353,20260701,4184
20260701,医疗,分娩,353,20260701,4185
20260701,医疗,根痛平胶囊功效与作用,353,20260701,4186
20260701,医疗,希神片的作用与功效,353,20260701,4187
20260701,医疗,开心果的功效与作用,353,20260701,4188
20260701,医疗,背部疼痛对应部位图片,352,20260701,4189
20260701,医疗,脑血栓前兆的6个表现,352,20260701,4190
20260701,医疗,前庭神经炎的症状,352,20260701,4191
20260701,医疗,补中益气丸三种人坚决不能吃,352,20260701,4192
20260701,医疗,喉咙有痰吐不出来.粘着喉咙.怎么办,352,20260701,4193
20260701,医疗,氧化锌软膏的作用和功效,352,20260701,4194
20260701,医疗,榴莲是热性还是凉性,352,20260701,4195
20260701,医疗,自闭症,352,20260701,4196
20260701,医疗,养肝护肝吃什么最好,352,20260701,4197
20260701,医疗,粉葛的功效与作用,352,20260701,4198
20260701,医疗,恩替卡韦,352,20260701,4199
20260701,医疗,喉镜怎么做的 难受吗,352,20260701,4200
20260701,医疗,退黑色素有那些副作用和危害,352,20260701,4201
20260701,医疗,舌头下面血管发紫发黑是什么原因,352,20260701,4202
20260701,医疗,肱骨在哪个位置图片,352,20260701,4203
20260701,医疗,甲状腺弥漫性的病变是什么意思,351,20260701,4204
20260701,医疗,泰诺的作用和功效说明书,351,20260701,4205
20260701,医疗,低压多少正常范围内,351,20260701,4206
20260701,医疗,阳虚的症状有哪些,351,20260701,4207
20260701,医疗,降压药,351,20260701,4208
20260701,医疗,舌苔发白是什么原因引起的,351,20260701,4209
20260701,医疗,焦虑,351,20260701,4210
20260701,医疗,谷维素的副作用及危害,351,20260701,4211
20260701,医疗,"脚麻腿麻是什么原因引起的,怎么解决",351,20260701,4212
20260701,医疗,氧氟沙星的功效与作用,351,20260701,4213
20260701,医疗,左氧氟沙星片的作用与功效,351,20260701,4214
20260701,医疗,紫苏籽油的功效作用与主治与用量,351,20260701,4215
20260701,医疗,吃西红柿有什么好处和坏处,351,20260701,4216
20260701,医疗,辟谷,351,20260701,4217
20260701,医疗,大腿根疼是什么原因,351,20260701,4218
20260701,医疗,败血症是一种什么病,351,20260701,4219
20260701,医疗,胆囊炎怎么治疗最有效最快的方法,351,20260701,4220
20260701,医疗,海狗丸的功效与作用,350,20260701,4221
20260701,医疗,深海鱼油的作用及功能主治,350,20260701,4222
20260701,医疗,菟丝子的功效与作用,350,20260701,4223
20260701,医疗,瑞舒伐他汀钙片的作用与功效,350,20260701,4224
20260701,医疗,骨刺怎么治疗能根除,350,20260701,4225
20260701,医疗,漏尿是什么原因引起的应该怎么治,350,20260701,4226
20260701,医疗,月经提前十天来是什么原因,350,20260701,4227
20260701,医疗,丹参片三种人不能吃,350,20260701,4228
20260701,医疗,爆炸盐的作用与功效,350,20260701,4229
20260701,医疗,曲克芦丁片的功效与作用,350,20260701,4230
20260701,医疗,"六味地黄丸可以长期吃吗,吃多久合适",350,20260701,4231
20260701,医疗,烟酰胺的作用和功效,350,20260701,4232
20260701,医疗,乙酰氨基酚片功效作用,350,20260701,4233
20260701,医疗,脚底痛什么原因引起的,350,20260701,4234
20260701,医疗,骶骨在哪个位置示意图,350,20260701,4235
20260701,医疗,ad滴剂什么时候吃最好,350,20260701,4236
20260701,医疗,荆芥的作用与功效,350,20260701,4237
20260701,医疗,膏药贴几个小时最好,350,20260701,4238
20260701,医疗,斑秃是身体哪里出毛病了,349,20260701,4239
20260701,医疗,艾草泡脚的功效和作用,349,20260701,4240
20260701,医疗,载脂蛋白b偏低说明什么,349,20260701,4241
20260701,医疗,出汗多女性怎么回事,349,20260701,4242
20260701,医疗,更年期吃什么调理最快最好,349,20260701,4243
20260701,医疗,麦冬与什么搭配最佳的功效与作用,349,20260701,4244
20260701,医疗,免疫球蛋白的功效与作用,349,20260701,4245
20260701,医疗,四环素片的功效与作用,349,20260701,4246
20260701,医疗,当归黄芪铁颗粒真的能调理月经吗,349,20260701,4247
20260701,医疗,膝盖,349,20260701,4248
20260701,医疗,硫酸亚铁的作用和用途,349,20260701,4249
20260701,医疗,透析是什么意思啊,349,20260701,4250
20260701,医疗,强的松片的功效与作用和副作用,349,20260701,4251
20260701,医疗,盐酸布替萘芬乳膏作用,349,20260701,4252
20260701,医疗,甲状腺球蛋白抗体高是什么意思,349,20260701,4253
20260701,医疗,鱼腥草泡水喝有什么功效,348,20260701,4254
20260701,医疗,胸腺肽的作用与功效,348,20260701,4255
20260701,医疗,月经提前5到6天正常吗,348,20260701,4256
20260701,医疗,番茄的功效与营养,348,20260701,4257
20260701,医疗,小便次数多尿不干净老感觉想尿,348,20260701,4258
20260701,医疗,胆囊炎是什么原因引起的,348,20260701,4259
20260701,医疗,呋虫胺的作用与功效,348,20260701,4260
20260701,医疗,热射病,348,20260701,4261
20260701,医疗,吃西瓜有什么好处和功效,348,20260701,4262
20260701,医疗,防己的功效与作用,348,20260701,4263
20260701,医疗,阿奇霉素的用量和用法,348,20260701,4264
20260701,医疗,牛蒡子的功效与作用,348,20260701,4265
20260701,医疗,瑜伽球滚肚子真的能瘦肚子吗,348,20260701,4266
20260701,医疗,内痔疮有什么症状,348,20260701,4267
20260701,医疗,健胃消食片饭前吃还是饭后吃效果好,348,20260701,4268
20260701,医疗,酮康唑软膏的作用与功效,348,20260701,4269
20260701,医疗,同型半胱氨酸,348,20260701,4270
20260701,医疗,糖化血红蛋白正常值是多少,348,20260701,4271
20260701,医疗,喝柠檬水有什么好处和功效,348,20260701,4272
20260701,医疗,心梗,348,20260701,4273
20260701,医疗,达克罗宁软膏延时正确用法,347,20260701,4274
20260701,医疗,石韦的功效与作用,347,20260701,4275
20260701,医疗,艾灸灸肚脐的作用是什么,347,20260701,4276
20260701,医疗,甲亢病怎么治疗最快最好,347,20260701,4277
20260701,医疗,吃洋葱有什么功效与作用,347,20260701,4278
20260701,医疗,水飞蓟宾是保肝还是治肝,347,20260701,4279
20260701,医疗,杨梅酒泡多久是最佳饮用时间,347,20260701,4280
20260701,医疗,复方谷氨酰胺肠溶胶囊的功效和作用,347,20260701,4281
20260701,医疗,非布司他片的副作用和危害,347,20260701,4282
20260701,医疗,人体结构图,347,20260701,4283
20260701,医疗,避孕药的副作用和危害,347,20260701,4284
20260701,医疗,戒烟的最佳方法,347,20260701,4285
20260701,医疗,热伤风感冒吃什么药好得快,347,20260701,4286
20260701,医疗,神门的准确位置图片和作用,347,20260701,4287
20260701,医疗,心电图窦性心律是什么意思,347,20260701,4288
20260701,医疗,迈之灵,347,20260701,4289
20260701,医疗,取环的最佳时间是什么时候,346,20260701,4290
20260701,医疗,照海的位置与作用和功效,346,20260701,4291
20260701,医疗,卡菲异黄酮的作用与功效,346,20260701,4292
20260701,医疗,八珍汤标准配方,346,20260701,4293
20260701,医疗,九州药业,346,20260701,4294
20260701,医疗,胰岛素,346,20260701,4295
20260701,医疗,腿酸胀痛什么原因引起的女性,346,20260701,4296
20260701,医疗,血常规检查需要空腹吗,346,20260701,4297
20260701,医疗,黑曜石的作用与功效,346,20260701,4298
20260701,医疗,酒石酸西尼必利片功效和作用,346,20260701,4299
20260701,医疗,格列齐特缓释片的功效和副作用,346,20260701,4300
20260701,医疗,"雷诺综合症是什么病,能治好吗",345,20260701,4301
20260701,医疗,鸡肉炖汤用什么搭配最有营养,345,20260701,4302
20260701,医疗,咳嗽挂号挂什么科,345,20260701,4303
20260701,医疗,黑色素痣和瘤的区别,345,20260701,4304
20260701,医疗,关元穴位置图片,345,20260701,4305
20260701,医疗,贝贝南瓜的营养价值,345,20260701,4306
20260701,医疗,松针的功效与作用,345,20260701,4307
20260701,医疗,倍他乐克,345,20260701,4308
20260701,医疗,茯苓的功效,345,20260701,4309
20260701,医疗,嗜睡是什么原因,345,20260701,4310
20260701,医疗,舌苔看病图解大全,345,20260701,4311
20260701,医疗,药流和无痛人流哪个对身体伤害小,345,20260701,4312
20260701,医疗,喜辽妥软膏功效和作用,345,20260701,4313
20260701,医疗,心衰病人一般能活多久,345,20260701,4314
20260701,医疗,逍遥丸的功效与作用,345,20260701,4315
20260701,医疗,老年人脚肿是什么原因引起的,345,20260701,4316
20260701,医疗,胃肠安丸的作用与功效,345,20260701,4317
20260701,医疗,内分泌科主要检查哪些项目,345,20260701,4318
20260701,医疗,莲子,344,20260701,4319
20260701,医疗,肝癌晚期最多能活多久,344,20260701,4320
20260701,医疗,血小板高是怎么回事,344,20260701,4321
20260701,医疗,坏死性筋膜炎图片,344,20260701,4322
20260701,医疗,"被蜈蚣咬了怎么办,要怎么处理",344,20260701,4323
20260701,医疗,空腹吃香蕉可以吗?,344,20260701,4324
20260701,医疗,君实生物,344,20260701,4325
20260701,医疗,东方树叶喝多了对身体有影响吗,344,20260701,4326
20260701,医疗,康泰生物,344,20260701,4327
20260701,医疗,逍遥丸和归脾丸一起吃的功效,343,20260701,4328
20260701,医疗,中药旅游,343,20260701,4329
20260701,医疗,脂肪瘤,343,20260701,4330
20260701,医疗,黄瓜是热性还是凉性,343,20260701,4331
20260701,医疗,面瘫的症状 初期前兆,343,20260701,4332
20260701,医疗,山慈菇的功效与作用,343,20260701,4333
20260701,医疗,归脾丸的配方成分,343,20260701,4334
20260701,医疗,吃了阿莫西林可以喝酒吗,343,20260701,4335
20260701,医疗,碳酸氢钠对人体有害吗,343,20260701,4336
20260701,医疗,中风的前兆有什么症状,343,20260701,4337
20260701,医疗,保和丸配方组成,343,20260701,4338
20260701,医疗,辟谷减肥的正确方法7天,343,20260701,4339
20260701,医疗,急性肠胃炎怎么治疗最快的方法,343,20260701,4340
20260701,医疗,梅毒早期症状,343,20260701,4341
20260701,医疗,hcg正常值对照表,343,20260701,4342
20260701,医疗,心可舒片的作用与功效,342,20260701,4343
20260701,医疗,炒大麦茶的功效与作用,342,20260701,4344
20260701,医疗,富氢水的功效和作用,342,20260701,4345
20260701,医疗,幽门螺杆菌,342,20260701,4346
20260701,医疗,山药的功效和作用,342,20260701,4347
20260701,医疗,鬼压床是什么原因造成的,342,20260701,4348
20260701,医疗,阳痿,342,20260701,4349
20260701,医疗,达喜咀嚼片功效与作用,342,20260701,4350
20260701,医疗,海金沙的功效和作用治疗结石的方子,342,20260701,4351
20260701,医疗,自闭症的孩子有哪些症状,342,20260701,4352
20260701,医疗,复方苁蓉胶囊的功效与作用,342,20260701,4353
20260701,医疗,大血小板比率偏低是什么原因,342,20260701,4354
20260701,医疗,胆囊炎的症状有哪些表现,342,20260701,4355
20260701,医疗,二甲双胍缓释片对性功能有影响吗?,342,20260701,4356
20260701,医疗,洋辣子蛰了怎样快速止痛止痒,342,20260701,4357
20260701,医疗,导管,342,20260701,4358
20260701,医疗,色弱是什么意思,342,20260701,4359
20260701,医疗,脚底长黑痣需要切除吗,342,20260701,4360
20260701,医疗,黄芩,341,20260701,4361
20260701,医疗,阴交穴,341,20260701,4362
20260701,医疗,厄贝沙坦片适合哪种高血压,341,20260701,4363
20260701,医疗,月经过后几天容易怀孕,341,20260701,4364
20260701,医疗,咳嗽变异性哮喘的主要症状,341,20260701,4365
20260701,医疗,异烟肼片的作用与功效,341,20260701,4366
20260701,医疗,系统性红斑狼疮的症状有哪些,341,20260701,4367
20260701,医疗,肛裂怎么快速愈合用什么药,341,20260701,4368
20260701,医疗,吃生花生米的好处和坏处,341,20260701,4369
20260701,医疗,糖尿病血糖标准范围是多少,341,20260701,4370
20260701,医疗,寻麻疹怎么治疗能除根,341,20260701,4371
20260701,医疗,三焦指的是哪三焦,341,20260701,4372
20260701,医疗,白内障手术多久才能恢复正常,341,20260701,4373
20260701,医疗,肝在身体哪个位置,341,20260701,4374
20260701,医疗,破伤风潜伏期一般多久,341,20260701,4375
20260701,医疗,土豆发芽了还能吃吗,341,20260701,4376
20260701,医疗,呼啦圈真的能瘦腰和肚子吗,341,20260701,4377
20260701,医疗,桥本甲状腺炎,341,20260701,4378
20260701,医疗,喜炎平的作用与功效,341,20260701,4379
20260701,医疗,低血压,341,20260701,4380
20260701,医疗,消化不良的症状表现有哪些,341,20260701,4381
20260701,医疗,西瓜的热量,340,20260701,4382
20260701,医疗,甲沟炎挂什么号挂哪个科室,340,20260701,4383
20260701,医疗,丙肝会不会传染给家人,340,20260701,4384
20260701,医疗,决明子泡水喝有什么功效,340,20260701,4385
20260701,医疗,卡介苗是预防什么的,340,20260701,4386
20260701,医疗,金天格胶囊的功效和作用,340,20260701,4387
20260701,医疗,乳头痒是怎么回事是什么原因,340,20260701,4388
20260701,医疗,花露水的作用和功效,340,20260701,4389
20260701,医疗,间质性肺炎是什么病,340,20260701,4390
20260701,医疗,六堡茶的功效与作用及副作用,340,20260701,4391
20260701,医疗,利福平的作用与功效,340,20260701,4392
20260701,医疗,野生天麻图片,340,20260701,4393
20260701,医疗,他达拉非吃了多久起效,340,20260701,4394
20260701,医疗,绞股蓝的图片,340,20260701,4395
20260701,医疗,痔疮疼痛怎么快速止痛消肿,340,20260701,4396
20260701,医疗,脑萎缩主要表现的症状,339,20260701,4397
20260701,医疗,红景天,339,20260701,4398
20260701,医疗,达克罗宁真的延时吗,339,20260701,4399
20260701,医疗,NPD,339,20260701,4400
20260701,医疗,脚臭有什么办法除臭,339,20260701,4401
20260701,医疗,腺样体面容图片,339,20260701,4402
20260701,医疗,多种维生素b族的功效和作用,339,20260701,4403
20260701,医疗,贫血看血常规哪个指标,339,20260701,4404
20260701,医疗,金银花颗粒的功效与作用,339,20260701,4405
20260701,医疗,头孢地尼分散片的作用与功效,339,20260701,4406
20260701,医疗,保济口服液的功效和作用,339,20260701,4407
20260701,医疗,大姨妈来了十多天了还没完是怎么回事,339,20260701,4408
20260701,医疗,宫腔镜手术需要休息几天,339,20260701,4409
20260701,医疗,阑尾炎微创手术几天可以出院,339,20260701,4410
20260701,医疗,苦瓜的功效和作用,339,20260701,4411
20260701,医疗,巴贝佳氨酸片,338,20260701,4412
20260701,医疗,冬虫夏草富含多少种药用成份?,338,20260701,4413
20260701,医疗,胃溃疡吃什么药好得快效果最好,338,20260701,4414
20260701,医疗,鸡血藤,338,20260701,4415
20260701,医疗,芸苔素的作用和功效,338,20260701,4416
20260701,医疗,隐翅虫咬后最有效的处理方法,338,20260701,4417
20260701,医疗,头孢是消炎药吗,338,20260701,4418
20260701,医疗,"夜尿频繁是什么原因,吃什么药好?",338,20260701,4419
20260701,医疗,吃南瓜子的好处和功效与作用,338,20260701,4420
20260701,医疗,夫西地酸乳膏,338,20260701,4421
20260701,医疗,双氯芬酸钠缓释片的功效与作用,338,20260701,4422
20260701,医疗,干细胞的作用和功效,338,20260701,4423
20260701,医疗,东鹏特饮喝多了对男性有什么影响,337,20260701,4424
20260701,医疗,hpv是梅毒还是艾滋病,337,20260701,4425
20260701,医疗,"筋膜炎是怎么引起的,怎样治愈?",337,20260701,4426
20260701,医疗,脾的位置图,337,20260701,4427
20260701,医疗,左后背肩胛骨下疼痛警惕三种病,337,20260701,4428
20260701,医疗,阴虚吃什么药效果最好,337,20260701,4429
20260701,医疗,黄疸,337,20260701,4430
20260701,医疗,胸闷气短胸口有压迫感总想深呼吸挂什么科,337,20260701,4431
20260701,医疗,免疫力低怎么办如何提高免疫力,337,20260701,4432
20260701,医疗,灌肠,337,20260701,4433
20260701,医疗,子宫内膜增厚除了刮宫还有什么办法,337,20260701,4434
20260701,医疗,优质蛋白质食物有哪些,337,20260701,4435
20260701,医疗,氯化钠是生理盐水吗,337,20260701,4436
20260701,医疗,氟比洛芬凝胶贴膏的作用,337,20260701,4437
20260701,医疗,怀牛膝功效作用与主治,336,20260701,4438
20260701,医疗,淋巴瘤的症状都有哪些表现,336,20260701,4439
20260701,医疗,胆固醇高是什么症状表现,336,20260701,4440
20260701,医疗,"脚踝肿是什么原因引起的,怎么办",336,20260701,4441
20260701,医疗,疱疹是怎么引起的原因,336,20260701,4442
20260701,医疗,地诺孕素片的功效与作用,336,20260701,4443
20260701,医疗,肺腺癌为什么是幸运癌,336,20260701,4444
20260701,医疗,肌醇的作用与功效,336,20260701,4445
20260701,医疗,体检都是检查什么项目男性,336,20260701,4446
20260701,医疗,后背疼是咋回事女性,336,20260701,4447
20260701,医疗,辣蓼草的功效与作用,336,20260701,4448
20260701,医疗,积水潭医院,336,20260701,4449
20260701,医疗,扁桃体发炎的症状和表现,336,20260701,4450
20260701,医疗,京都念慈庵枇杷膏的功效与作用,336,20260701,4451
20260701,医疗,十八反十九畏歌诀,336,20260701,4452
20260701,医疗,三参天麻杜仲叶鹿心片功效,335,20260701,4453
20260701,医疗,脖子上长疙瘩是怎么回事,335,20260701,4454
20260701,医疗,山楂叶泡水的功效与作用,335,20260701,4455
20260701,医疗,疟疾,335,20260701,4456
20260701,医疗,肠道功能紊乱有哪些症状,335,20260701,4457
20260701,医疗,中暑了怎么办最快解决方法,335,20260701,4458
20260701,医疗,肺气肿是什么病严重吗能治好吗,335,20260701,4459
20260701,医疗,胆固醇高有什么危害,335,20260701,4460
20260701,医疗,针灸多长时间一次最好,335,20260701,4461
20260701,医疗,脾,335,20260701,4462
20260701,医疗,嘴唇发麻是怎么回事,335,20260701,4463
20260701,医疗,小青龙汤的配方,335,20260701,4464
20260701,医疗,肺炎吃什么消炎药效果好,335,20260701,4465
20260701,医疗,鱼油软胶囊的作用及功能主治,335,20260701,4466
20260701,医疗,腮腺炎,335,20260701,4467
20260701,医疗,糖类抗原19-9偏高是什么意思,334,20260701,4468
20260701,医疗,蛋白吃得多 病能少生?,334,20260701,4469
20260701,医疗,赶黄草的作用与功效,334,20260701,4470
20260701,医疗,胞磷胆碱钠片的作用与功效,334,20260701,4471
20260701,医疗,声音嘶哑是什么原因引起的,334,20260701,4472
20260701,医疗,息肉是什么原因造成的,334,20260701,4473
20260701,医疗,平板支撑的功效和作用,334,20260701,4474
20260701,医疗,辅酶q10的副作用与危害,334,20260701,4475
20260701,医疗,肾病综合症是什么病,334,20260701,4476
20260701,医疗,黄莲中草药的功效和作用,334,20260701,4477
20260701,医疗,受精卵着床的时候会有什么症状,334,20260701,4478
20260701,医疗,拔罐的作用与功效有哪些,334,20260701,4479
20260701,医疗,强力定眩片的功效与作用,334,20260701,4480
20260701,医疗,米诺地尔,333,20260701,4481
20260701,医疗,安徽医科大学第一附属医院,333,20260701,4482
20260701,医疗,体脂率的计算方法,333,20260701,4483
20260701,医疗,诺特兰德b族维生素的功效与作用,333,20260701,4484
20260701,医疗,麻黄根的功效与作用,333,20260701,4485
20260701,医疗,齐鲁医院,333,20260701,4486
20260701,医疗,热感冒吃什么药好得快,333,20260701,4487
20260701,医疗,韭菜籽和枸杞泡水喝对男性有什么功效,333,20260701,4488
20260701,医疗,疱疹图片和症状图片,333,20260701,4489
20260701,医疗,神经元特异性烯醇化酶高多少是肿瘤,333,20260701,4490
20260701,医疗,非萎缩性胃炎什么意思,333,20260701,4491
20260701,医疗,谷草/谷丙低是什么原因,333,20260701,4492
20260701,医疗,腺样体肥大怎么治能消下去,333,20260701,4493
20260701,医疗,清热散结片的功效和作用,332,20260701,4494
20260701,医疗,中暑的症状有哪些,332,20260701,4495
20260701,医疗,复溜的准确位置图,332,20260701,4496
20260701,医疗,阿莫西林克拉维酸钾的功效与作用,332,20260701,4497
20260701,医疗,辅酶q10哪个牌子最好,332,20260701,4498
20260701,医疗,坐骨神经痛怎么治疗最快最好,332,20260701,4499
20260701,医疗,左胸部上方疼是怎么回事呢,332,20260701,4500
20260701,医疗,健脾除湿最快最好的中成药,332,20260701,4501
20260701,医疗,气胸,332,20260701,4502
20260701,医疗,睡觉时候突然抽搐一下什么原因,332,20260701,4503
20260701,医疗,珍珠明目滴眼液的功效和作用,332,20260701,4504
20260701,医疗,甲亢是什么原因引起的呢,332,20260701,4505
20260701,医疗,肠癌最明显的一个征兆,332,20260701,4506
20260701,医疗,虚汗停颗粒的功效与作用,332,20260701,4507
20260701,医疗,"水痘疫苗几岁打,一共打几针",332,20260701,4508
20260701,医疗,北京天坛医院,332,20260701,4509
20260701,医疗,宫缩是什么感觉,331,20260701,4510
20260701,医疗,c反应蛋白高说明什么,331,20260701,4511
20260701,医疗,痔疮出血怎么办一拉屎就出血,331,20260701,4512
20260701,医疗,肺炎恢复期一般是多久,331,20260701,4513
20260701,医疗,腮腺炎吃什么药效果最好最快,331,20260701,4514
20260701,医疗,桂枝,331,20260701,4515
20260701,医疗,舌苔发黑是怎么回事,331,20260701,4516
20260701,医疗,病毒性感冒的主要症状,331,20260701,4517
20260701,医疗,肺功能检查主要检查什么,331,20260701,4518
20260701,医疗,肚脐眼里面有分泌物还很臭,331,20260701,4519
20260701,医疗,脑炎症状表现是什么,331,20260701,4520
20260701,医疗,妇科瘙痒用什么药比较好效果快,331,20260701,4521
20260701,医疗,肝火旺盛的表现症状有哪些,331,20260701,4522
20260701,医疗,红枣枸杞泡水喝有什么功效,330,20260701,4523
20260701,医疗,bmi体重指数,330,20260701,4524
20260701,医疗,百会穴位置图片,330,20260701,4525
20260701,医疗,藿香的功效与作用,330,20260701,4526
20260701,医疗,人表皮生长因子凝胶作用,330,20260701,4527
20260701,医疗,小孩咳嗽快速止咳小妙招,330,20260701,4528
20260701,医疗,泡沫尿是什么病?如何治疗,330,20260701,4529
20260701,医疗,霉菌性阴炎症状表现,330,20260701,4530
20260701,医疗,葡萄糖偏高说明什么问题,330,20260701,4531
20260701,医疗,便秘是什么原因引起的,330,20260701,4532
20260701,医疗,鱼腥草图片,330,20260701,4533
20260701,医疗,雷贝拉唑是饭前吃还是饭后吃,330,20260701,4534
20260701,医疗,三七脂肝丸功效与作用,330,20260701,4535
20260701,医疗,依折麦布的副作用有哪些,330,20260701,4536
20260701,医疗,ecg监护仪上什么意思,330,20260701,4537
20260701,医疗,六味地黄丸的功效与作用,330,20260701,4538
20260701,医疗,知柏地黄丸的作用和功效,330,20260701,4539
20260701,医疗,姜厚朴的功效与主治,329,20260701,4540
20260701,医疗,丝状疣图片,329,20260701,4541
20260701,医疗,低压低于60要警惕四种病,329,20260701,4542
20260701,医疗,无创是检查什么,329,20260701,4543
20260701,医疗,水痘会传染给别人吗,329,20260701,4544
20260701,医疗,替普瑞酮胶囊的作用,329,20260701,4545
20260701,医疗,三叉神经在哪个部位,329,20260701,4546
20260701,医疗,左卡尼汀的作用和功效,329,20260701,4547
20260701,医疗,低压低于60意味着什么情况,329,20260701,4548
20260701,医疗,玛仕度肽的主要功效是什么,329,20260701,4549
20260701,医疗,丝瓜的营养价值和功效作用,329,20260701,4550
20260701,医疗,排卵期小腹胀痛什么原因,329,20260701,4551
20260701,医疗,北京安贞医院,329,20260701,4552
20260701,医疗,宫颈癌一般能活多少年,329,20260701,4553
20260701,医疗,胆经的经络走向图及功效,329,20260701,4554
20260701,医疗,五味子图片,328,20260701,4555
20260701,医疗,37.1属于正常还是发烧,328,20260701,4556
20260701,医疗,马来酸氟伏沙明片功效及副作用,328,20260701,4557
20260701,医疗,西地那非功效,328,20260701,4558
20260701,医疗,抗炎食物有哪些,328,20260701,4559
20260701,医疗,手足口,328,20260701,4560
20260701,医疗,白肺病的症状是什么表现,328,20260701,4561
20260701,医疗,阿卡波糖片正确吃法一次几片,328,20260701,4562
20260701,医疗,归脾丸的功效与作用和适用人群,328,20260701,4563
20260701,医疗,地舒单抗的功效与副作用,328,20260701,4564
20260701,医疗,躯体化症状是什么,328,20260701,4565
20260701,医疗,支气管炎,328,20260701,4566
20260701,医疗,丹鹿通督片的功效与作用,328,20260701,4567
20260701,医疗,痔疮的症状有哪些,328,20260701,4568
20260701,医疗,菊花枸杞泡水喝的功效,328,20260701,4569
20260701,医疗,甲减的最简单的恢复方法,327,20260701,4570
20260701,医疗,餐后一小时血糖,327,20260701,4571
20260701,医疗,乙肝表面抗原高是什么意思,327,20260701,4572
20260701,医疗,瑞金医院,327,20260701,4573
20260701,医疗,左氧氟沙星片,327,20260701,4574
20260701,医疗,纯牛奶的功效与作用,327,20260701,4575
20260701,医疗,小柴胡汤的组成和功效主治,327,20260701,4576
20260701,医疗,ph值酸碱对照表,327,20260701,4577
20260701,医疗,熟地的功效,327,20260701,4578
20260701,医疗,黄天太平什么效果,327,20260701,4579
20260701,医疗,达泊西汀片能延时多久,327,20260701,4580
20260701,医疗,脚气,327,20260701,4581
20260701,医疗,脑梗塞吃什么药最有效,327,20260701,4582
20260701,医疗,六君子汤的配方,327,20260701,4583
20260701,医疗,温经汤的功效与作用及组成配方,327,20260701,4584
20260701,医疗,黑枸杞泡水喝的正确方法,327,20260701,4585
20260701,医疗,江苏省人民医院,326,20260701,4586
20260701,医疗,北京医院,326,20260701,4587
20260701,医疗,胰酶肠溶胶囊的功效与作用,326,20260701,4588
20260701,医疗,体重指数BMI计算,326,20260701,4589
20260701,医疗,罗红霉素,326,20260701,4590
20260701,医疗,子宫内膜薄怎么调理最好最有效,326,20260701,4591
20260701,医疗,遗精是怎么回事,326,20260701,4592
20260701,医疗,心电监护5个电极位置图,326,20260701,4593
20260701,医疗,青鱼石有什么用途和功效,326,20260701,4594
20260701,医疗,石决明的功效与作用,326,20260701,4595
20260701,医疗,雷诺现象,326,20260701,4596
20260701,医疗,绞股蓝总苷胶囊的功效与作用,326,20260701,4597
20260701,医疗,紫外线过敏皮肤痒怎么办,326,20260701,4598
20260701,医疗,正常血压标准范围,326,20260701,4599
20260701,医疗,牛皮癣图片,326,20260701,4600
20260701,医疗,耳石症怎么治疗最好最快最有效,326,20260701,4601
20260701,医疗,头孢氨苄胶囊的作用与功效,326,20260701,4602
20260701,医疗,nt值多少为正常范围,326,20260701,4603
20260701,医疗,富马酸丙酚替诺福韦片的功效与作用,326,20260701,4604
20260701,医疗,"三伏天,多吃8道高蛋白美食",326,20260701,4605
20260701,医疗,假性湿疣图片,326,20260701,4606
20260701,医疗,百度医生在线问诊,325,20260701,4607
20260701,医疗,红花油的作用与功效用法,325,20260701,4608
20260701,医疗,心肌梗塞有哪些症状,325,20260701,4609
20260701,医疗,nt检查具体做什么检查,325,20260701,4610
20260701,医疗,前列腺增生有哪些症状,325,20260701,4611
20260701,医疗,上海中山医院,325,20260701,4612
20260701,医疗,上海仁济医院,325,20260701,4613
20260701,医疗,孕酮正常值参考范围表,325,20260701,4614
20260701,医疗,心率50到60危险吗,325,20260701,4615
20260701,医疗,腰间盘突出怎么治疗才好得快,325,20260701,4616
20260701,医疗,心内科和心外科的区别,325,20260701,4617
20260701,医疗,咳嗽黄痰是什么原因造成的,325,20260701,4618
20260701,医疗,紫河车功效作用与主治,325,20260701,4619
20260701,医疗,咽炎片的作用与功效,325,20260701,4620
20260701,医疗,子宫,325,20260701,4621
20260701,医疗,心跳100-110有危险吗,325,20260701,4622
20260701,医疗,黑色素瘤,324,20260701,4623
20260701,医疗,寻麻疹是怎么样的图,324,20260701,4624
20260701,医疗,钾对人体的作用,324,20260701,4625
20260701,医疗,肺炎支原体抗体阳性是什么意思,324,20260701,4626
20260701,医疗,脾虚怎么调理最快,324,20260701,4627
20260701,医疗,尺泽的准确位置图,324,20260701,4628
20260701,医疗,葫芦瓜的功效与作用,324,20260701,4629
20260701,医疗,多囊是什么原因引起的,324,20260701,4630
20260701,医疗,康恩贝护肝片的功效与作用,324,20260701,4631
20260701,医疗,神经性皮炎症状和原因,324,20260701,4632
20260701,医疗,芦荟汁直接涂脸上有什么功效,324,20260701,4633
20260701,医疗,脾的功能主要是什么,324,20260701,4634
20260701,医疗,香砂六君子丸的作用与功效,324,20260701,4635
20260701,医疗,法莫替丁的作用与功效,324,20260701,4636
20260701,医疗,咖啡因,324,20260701,4637
20260701,医疗,黄晶果的功效与作用,324,20260701,4638
20260701,医疗,治早射吃什么药效果好,324,20260701,4639
20260701,医疗,复方聚乙二醇电解质散的作用和用法,324,20260701,4640
20260701,医疗,糠酸莫米松乳膏,324,20260701,4641
20260701,医疗,双唑泰栓治什么妇科病,324,20260701,4642
20260701,医疗,早上起床口苦口臭是什么原因 怎么解决,323,20260701,4643
20260701,医疗,动脉粥样硬化是什么意思,323,20260701,4644
20260701,医疗,皮康王药膏的功效与作用,323,20260701,4645
20260701,医疗,速效救心丸的作用与功能主治,323,20260701,4646
20260701,医疗,吃饭时满头大汗怎么回事男性,323,20260701,4647
20260701,医疗,富马酸酮替芬分散片的功效与作用,323,20260701,4648
20260701,医疗,气胸是什么原因引起的,323,20260701,4649
20260701,医疗,达喜胃药的作用和功效,323,20260701,4650
20260701,医疗,仁济医院,323,20260701,4651
20260701,医疗,活血止痛胶囊的功效与作用,323,20260701,4652
20260701,医疗,干眼症的症状表现有哪些?,323,20260701,4653
20260701,医疗,氟米龙滴眼液的功效与作用,323,20260701,4654
20260701,医疗,铁棍山药的功效和作用,323,20260701,4655
20260701,医疗,吃大蒜的好处与功效,323,20260701,4656
20260701,医疗,四季豆的营养价值与功效,323,20260701,4657
20260701,医疗,私密的毛发变白了是什么原因?,323,20260701,4658
20260701,医疗,牙齿,323,20260701,4659
20260701,医疗,祛湿气最有效的方法,323,20260701,4660
20260701,医疗,旱莲草的功效与作用,323,20260701,4661
20260701,医疗,割包皮手术一般多少钱,323,20260701,4662
20260701,医疗,息斯敏的功效与作用,322,20260701,4663
20260701,医疗,右后背疼痛要警惕的三种病,322,20260701,4664
20260701,医疗,米酒的好处与功效,322,20260701,4665
20260701,医疗,男科医院,322,20260701,4666
20260701,医疗,蔓荆子的功效与作用,322,20260701,4667
20260701,医疗,肾虚吃什么药补得快,322,20260701,4668
20260701,医疗,金银花和菊花一起泡水喝的功效,322,20260701,4669
20260701,医疗,高血压分级,322,20260701,4670
20260701,医疗,铁叶酸片有什么作用与功效,322,20260701,4671
20260701,医疗,地黄,322,20260701,4672
20260701,医疗,生吃西红柿有什么功效和作用,322,20260701,4673
20260701,医疗,四环生物,322,20260701,4674
20260701,医疗,竹叶泡水喝的功效与作用,322,20260701,4675
20260701,医疗,泰国青草药膏功效与作用,322,20260701,4676
20260701,医疗,鹿角胶的作用与功效,322,20260701,4677
20260701,医疗,海金沙草药图片,322,20260701,4678
20260701,医疗,梅毒早期症状出现在哪个部位,321,20260701,4679
20260701,医疗,磁共振做一次需要多少钱,321,20260701,4680
20260701,医疗,牙疼吃什么药好的最快最有效,321,20260701,4681
20260701,医疗,百乐眠胶囊的功效与作用,321,20260701,4682
20260701,医疗,下巴反复长痘痘红肿硬硬的怎么办,321,20260701,4683
20260701,医疗,bmi是什么意思,321,20260701,4684
20260701,医疗,盐水泡脚的好处和功效与作用,321,20260701,4685
20260701,医疗,林可霉素利多卡因凝胶的作用和功效,321,20260701,4686
20260701,医疗,扁桃体肥大最好的治疗方法,321,20260701,4687
20260701,医疗,身上长肉丁丁是怎么回事,321,20260701,4688
20260701,医疗,icu是什么意思,321,20260701,4689
20260701,医疗,硼砂的作用与功效,321,20260701,4690
20260701,医疗,构树汁液的功效与作用,321,20260701,4691
20260701,医疗,肾结石吃什么药排石最快效果好,321,20260701,4692
20260701,医疗,指甲有黑色竖条是什么原因,321,20260701,4693
20260701,医疗,恩诺沙星的功效与作用,321,20260701,4694
20260701,医疗,84消毒液对人身体有伤害吗,321,20260701,4695
20260701,医疗,癌胚抗原多少才算癌症,321,20260701,4696
20260701,医疗,"低压低是什么原因,怎么解决",321,20260701,4697
20260701,医疗,鹅肉的功效与作用,321,20260701,4698
20260701,医疗,肾结石微创手术费用大约需要多少,321,20260701,4699
20260701,医疗,赖氨酸的作用和功效,321,20260701,4700
20260701,医疗,消炎药,320,20260701,4701
20260701,医疗,高尿酸血症是什么意思,320,20260701,4702
20260701,医疗,塞来昔布胶囊,320,20260701,4703
20260701,医疗,吸氧气的好处和副作用,320,20260701,4704
20260701,医疗,乙型肝炎表面抗体测定阳性什么意思,320,20260701,4705
20260701,医疗,姜的功效与作用,320,20260701,4706
20260701,医疗,三金片主要治什么妇科病,320,20260701,4707
20260701,医疗,红霉素软膏,320,20260701,4708
20260701,医疗,当归拈痛合剂的功效与作用,320,20260701,4709
20260701,医疗,好大夫,320,20260701,4710
20260701,医疗,鸭子炖汤和什么一起炖最有营养,320,20260701,4711
20260701,医疗,叶非舒丁的功效及使用方法,320,20260701,4712
20260701,医疗,芪参益气滴丸的功效与作用,320,20260701,4713
20260701,医疗,ct多少钱做一次,320,20260701,4714
20260701,医疗,淡豆豉的功效与作用,320,20260701,4715
20260701,医疗,大黄,319,20260701,4716
20260701,医疗,生石膏的功效与作用与主治,319,20260701,4717
20260701,医疗,甲钴胺的功效与作用,319,20260701,4718
20260701,医疗,尿胆原弱阳性是什么,319,20260701,4719
20260701,医疗,西瓜吃多了对人体有什么影响,319,20260701,4720
20260701,医疗,贫血,319,20260701,4721
20260701,医疗,糖化血红蛋白指的是什么意思,319,20260701,4722
20260701,医疗,卡波姆的作用与功效,319,20260701,4723
20260701,医疗,乳癖消片的功效与作用,319,20260701,4724
20260701,医疗,三七伤药片的功效和作用主治,319,20260701,4725
20260701,医疗,阿莫西林克拉维酸钾片的作用与功效,319,20260701,4726
20260701,医疗,氯化钠注射作用是什么,319,20260701,4727
20260701,医疗,陈皮白茶的功效与作用,319,20260701,4728
20260701,医疗,贝前列素钠片的功效和作用,318,20260701,4729
20260701,医疗,早餐吃什么简单又营养,318,20260701,4730
20260701,医疗,红叶李能吃吗,318,20260701,4731
20260701,医疗,甘麦大枣汤的作用与功效,318,20260701,4732
20260701,医疗,游泳对身体有什么好处和坏处,318,20260701,4733
20260701,医疗,入夏多吃8种“碱性菜”,318,20260701,4734
20260701,医疗,美沙拉秦肠溶片主治功效,318,20260701,4735
20260701,医疗,白木耳的功效和作用,318,20260701,4736
20260701,医疗,呋喃唑酮片功效与作用,318,20260701,4737
20260701,医疗,喹硫平片的功效和作用副作用,318,20260701,4738
20260701,医疗,甲硝唑片的功效与作用,318,20260701,4739
20260701,医疗,浅表性胃炎吃什么药效果好,318,20260701,4740
20260701,医疗,云南白药的功效与主治,318,20260701,4741
20260701,医疗,人参的功效作用与主治,318,20260701,4742
20260701,医疗,汤臣倍健,318,20260701,4743
20260701,医疗,血糖仪哪个牌子最好最准确一,318,20260701,4744
20260701,医疗,盐酸阿莫罗搽剂治灰指甲效果怎么样,318,20260701,4745
20260701,医疗,子宫癌的早期症状,318,20260701,4746
20260701,医疗,紫苏叶三种人不能吃,318,20260701,4747
20260701,医疗,眼药水打开后多久就不能用了,317,20260701,4748
20260701,医疗,胆固醇的正常值范围是多少,317,20260701,4749
20260701,医疗,智齿牙龈发炎肿痛怎么办,317,20260701,4750
20260701,医疗,呼吸道感染的症状有哪些,317,20260701,4751
20260701,医疗,大青叶的作用与功效,317,20260701,4752
20260701,医疗,中国药典,317,20260701,4753
20260701,医疗,黑松露的功效与作用,317,20260701,4754
20260701,医疗,阴道炎用什么药好,317,20260701,4755
20260701,医疗,五子衍宗丸的作用和功能主治,317,20260701,4756
20260701,医疗,血氧饱和度低于90有什么危害,317,20260701,4757
20260701,医疗,柴胡,317,20260701,4758
20260701,医疗,前列腺钙化灶是什么意思,317,20260701,4759
20260701,医疗,外阴痒,317,20260701,4760
20260701,医疗,哌拉西林钠他唑巴坦钠的作用与功效,317,20260701,4761
20260701,医疗,餐后3个小时血糖应该是多少,316,20260701,4762
20260701,医疗,麝香,316,20260701,4763
20260701,医疗,华润三九,316,20260701,4764
20260701,医疗,高血压有什么症状,316,20260701,4765
20260701,医疗,桃子的功效和作用,316,20260701,4766
20260701,医疗,原研药是什么意思,316,20260701,4767
20260701,医疗,三七口服液能治高血压是真的吗,316,20260701,4768
20260701,医疗,腰痹通胶囊的功效和作用,316,20260701,4769
20260701,医疗,华北制药,316,20260701,4770
20260701,医疗,丘疹性荨麻疹,316,20260701,4771
20260701,医疗,派林生物,316,20260701,4772
20260701,医疗,山东省立医院,316,20260701,4773
20260701,医疗,氨酚双氢可待因片的作用和功效,316,20260701,4774
20260701,医疗,龙牡壮骨颗粒适合多大年龄的孩子,316,20260701,4775
20260701,医疗,生血宝合剂的功效和作用,316,20260701,4776
20260701,医疗,巧克力的功效与作用,316,20260701,4777
20260701,医疗,苦丁茶有什么作用和功效,316,20260701,4778
20260701,医疗,冷幻觉,316,20260701,4779
20260701,医疗,心电图,316,20260701,4780
20260701,医疗,海思科,316,20260701,4781
20260701,医疗,艾洛松软膏的作用与功效,315,20260701,4782
20260701,医疗,桑螵蛸的功效与作用,315,20260701,4783
20260701,医疗,唇炎的症状和图片,315,20260701,4784
20260701,医疗,人福医药,315,20260701,4785
20260701,医疗,冠心病是什么原因引起的,315,20260701,4786
20260701,医疗,同房干涩没水什么原因引起的,315,20260701,4787
20260701,医疗,血栓,315,20260701,4788
20260701,医疗,心衰,315,20260701,4789
20260701,医疗,HIV,315,20260701,4790
20260701,医疗,下肢浮肿是什么原因造成的怎么办,315,20260701,4791
20260701,医疗,"利尿药哪种好,消水肿最快",315,20260701,4792
20260701,医疗,大便出血是痔疮还是肠道问题,315,20260701,4793
20260701,医疗,关节疼痛的原因和解决方法,315,20260701,4794
20260701,医疗,疱疹性咽颊炎症状及表现,315,20260701,4795
20260701,医疗,络活喜的功效与副作用,315,20260701,4796
20260701,医疗,抑郁症怎么治疗才能彻底治愈,315,20260701,4797
20260701,医疗,龟头,314,20260701,4798
20260701,医疗,血糖高吃什么食物和蔬菜最好,314,20260701,4799
20260701,医疗,水蜜桃的功效与作用,314,20260701,4800
20260701,医疗,裙带菜的功效与作用,314,20260701,4801
20260701,医疗,头孢哌酮钠舒巴坦钠的作用及功效,314,20260701,4802
20260701,医疗,甲状腺结节是什么原因造成的,314,20260701,4803
20260701,医疗,高压多少是正常范围,314,20260701,4804
20260701,医疗,产妇刚生完孩子适合吃什么,314,20260701,4805
20260701,医疗,雷公藤多苷片的功效与作用,314,20260701,4806
20260701,医疗,中医康复技术是干嘛的,314,20260701,4807
20260701,医疗,吃玉米到底会长胖还是能减肥,314,20260701,4808
20260701,医疗,慢阻肺,313,20260701,4809
20260701,医疗,避孕药,313,20260701,4810
20260701,医疗,含羞草的作用与功效,313,20260701,4811
20260701,医疗,菖蒲,313,20260701,4812
20260701,医疗,房颤怎么治疗最好最快,313,20260701,4813
20260701,医疗,玉米根红枣煮水的功效与作用,313,20260701,4814
20260701,医疗,金嗓子喉片的作用与功效,313,20260701,4815
20260701,医疗,胰激肽原酶肠溶片的功效和作用,313,20260701,4816
20260701,医疗,天麻的功效与作用与主治,313,20260701,4817
20260701,医疗,洋姜有什么功效与作用,313,20260701,4818
20260701,医疗,菠萝蜜是寒性的还是热性的,313,20260701,4819
20260701,医疗,更年期,313,20260701,4820
20260701,医疗,白化病,313,20260701,4821
20260701,医疗,天麻图片,313,20260701,4822
20260701,医疗,迈之灵片主要治什么病,313,20260701,4823
20260701,医疗,炙甘草汤配方,313,20260701,4824
20260701,医疗,生脉饮党参方和人参方的区别,313,20260701,4825
20260701,医疗,心电图st-t改变说明什么,313,20260701,4826
20260701,医疗,木薯粉的功效与作用,313,20260701,4827
20260701,医疗,艾普拉唑肠溶片的作用与功效,313,20260701,4828
20260701,医疗,康斯林胺对肺结节有效吗,313,20260701,4829
20260701,医疗,低压高于90吃什么药能降压,312,20260701,4830
20260701,医疗,铝碳酸镁咀嚼片的作用功效,312,20260701,4831
20260701,医疗,子宫内膜炎症有什么症状,312,20260701,4832
20260701,医疗,银耳百合莲子羹的功效作用,312,20260701,4833
20260701,医疗,骨盆前倾的症状有哪些表现,312,20260701,4834
20260701,医疗,蒲公英根的功效与作用,312,20260701,4835
20260701,医疗,富马酸伏诺拉生片主治什么,312,20260701,4836
20260701,医疗,肌肉拉伤怎么办最快最有效的方法,312,20260701,4837
20260701,医疗,勒马回片的功效,312,20260701,4838
20260701,医疗,子宫癌的早期症状表现有哪些,312,20260701,4839
20260701,医疗,疖,312,20260701,4840
20260701,医疗,咳嗽有痰吃什么药效果最好,312,20260701,4841
20260701,医疗,吡拉西坦片作用与功效,312,20260701,4842
20260701,医疗,茶碱缓释片的功效与作用,312,20260701,4843
20260701,医疗,儿童包皮手术最佳年龄,312,20260701,4844
20260701,医疗,胃窦在哪个位置,311,20260701,4845
20260701,医疗,小腿肚子酸胀要警惕四种病,311,20260701,4846
20260701,医疗,痛风的症状,311,20260701,4847
20260701,医疗,过氧化氢阳性(十)是什么意思,311,20260701,4848
20260701,医疗,宫颈囊肿需要治疗吗,311,20260701,4849
20260701,医疗,十滴水有什么功效与作用,311,20260701,4850
20260701,医疗,"白塞病是什么病,有什么症状",311,20260701,4851
20260701,医疗,尪痹片的作用与功效,311,20260701,4852
20260701,医疗,胰腺炎的饮食禁忌和保养,311,20260701,4853
20260701,医疗,甲状腺挂号挂哪个科,311,20260701,4854
20260701,医疗,嘴唇干裂起皮什么原因造成的,311,20260701,4855
20260701,医疗,尿酸高怎么调理才能恢复正常,311,20260701,4856
20260701,医疗,细菌感染是什么原因,311,20260701,4857
20260701,医疗,萄葡糖酸锌口服溶液功效,311,20260701,4858
20260701,医疗,松花蛋的营养价值和危害,310,20260701,4859
20260701,医疗,葶苈子的功效与作用,310,20260701,4860
20260701,医疗,两肺纹理增多是什么意思,310,20260701,4861
20260701,医疗,斜方肌位置图,310,20260701,4862
20260701,医疗,构树汁能治哪些皮肤病,310,20260701,4863
20260701,医疗,伸筋草图片,310,20260701,4864
20260701,医疗,理中丸的功效与作用,310,20260701,4865
20260701,医疗,香砂养胃丸饭前吃还是饭后吃,310,20260701,4866
20260701,医疗,dha什么时候补充是最佳时间,310,20260701,4867
20260701,医疗,双氯芬酸钠缓释胶囊的作用与功效,310,20260701,4868
20260701,医疗,psa检查是什么意思,310,20260701,4869
20260701,医疗,吃杏有什么好处和功效,310,20260701,4870
20260701,医疗,维c银翘片的作用和功效,310,20260701,4871
20260701,医疗,藜麦的功效与作用,310,20260701,4872
20260701,医疗,完全性右束支传导阻滞是怎么回事,310,20260701,4873
20260701,医疗,"烧心是什么原因引起的,怎么解决",310,20260701,4874
20260701,医疗,毛桃的功效与作用,310,20260701,4875
20260701,医疗,双氯芬酸钠,310,20260701,4876
20260701,医疗,催眠性治疗,310,20260701,4877
20260701,医疗,脚背疼痛什么原因,310,20260701,4878
20260701,医疗,雷贝拉唑钠肠溶片功效,310,20260701,4879
20260701,医疗,九香虫的功效与作用,310,20260701,4880
20260701,医疗,黄精茶的功效和作用,310,20260701,4881
20260701,医疗,牛蒡茶的功效与作用,310,20260701,4882
20260701,医疗,灸甘草中药功效与作用,310,20260701,4883
20260701,医疗,九洲药业,309,20260701,4884
20260701,医疗,糖类抗原ca72-4偏高是什么意思,309,20260701,4885
20260701,医疗,复方阿胶浆的功效与作用,309,20260701,4886
20260701,医疗,四神丸的功效与作用,309,20260701,4887
20260701,医疗,月经一直不干净怎么回事,309,20260701,4888
20260701,医疗,清创,309,20260701,4889
20260701,医疗,抗甲状腺球蛋白抗体高是什么意思,309,20260701,4890
20260701,医疗,憋尿小腹胀文(喝了利尿剂),309,20260701,4891
20260701,医疗,茵陈,309,20260701,4892
20260701,医疗,卡维地洛片的作用与功效,309,20260701,4893
20260701,医疗,苹果煮水的功效和作用,309,20260701,4894
20260701,医疗,单核细胞偏高是什么意思,309,20260701,4895
20260701,医疗,巴氯芬片的功效和作用,309,20260701,4896
20260701,医疗,小腿疼痛要警惕三种病,309,20260701,4897
20260701,医疗,脑白质病变是什么意思,309,20260701,4898
20260701,医疗,ct能检查出什么,309,20260701,4899
20260701,医疗,胆固醇高的人不宜吃哪些食物,309,20260701,4900
20260701,医疗,猪血的功效与作用危害及副作用,309,20260701,4901
20260701,医疗,阿托品,309,20260701,4902
20260701,医疗,阿利西尤单抗作用与功效,309,20260701,4903
20260701,医疗,寻常疣图片,308,20260701,4904
20260701,医疗,冠状动脉粥样硬化是什么意思,308,20260701,4905
20260701,医疗,燕麦粥升血糖还是降血糖,308,20260701,4906
20260701,医疗,甲减的症状有哪些,308,20260701,4907
20260701,医疗,人工牛黄甲硝唑胶囊作用与功效,308,20260701,4908
20260701,医疗,白芍总苷胶囊的功效与作用,308,20260701,4909
20260701,医疗,联苯乙酸的功效与作用,308,20260701,4910
20260701,医疗,茭白的功效与作用及营养,308,20260701,4911
20260701,医疗,伟哥提前多长时间吃效果最佳,308,20260701,4912
20260701,医疗,桂圆干的功效与作用,308,20260701,4913
20260701,医疗,桂枝汤标准配方,308,20260701,4914
20260701,医疗,c反应蛋白高是什么意思,308,20260701,4915
20260701,医疗,血管炎有什么症状及表现,308,20260701,4916
20260701,医疗,打狂犬疫苗后注意什么饮食禁忌,308,20260701,4917
20260701,医疗,大柴胡汤的组成和功效主治,308,20260701,4918
20260701,医疗,尿酸,308,20260701,4919
20260701,医疗,狂犬疫苗一般能管几年,308,20260701,4920
20260701,医疗,尿道疼痛小便刺痛,307,20260701,4921
20260701,医疗,异丙嗪功效与作用与副作用,307,20260701,4922
20260701,医疗,上海医药,307,20260701,4923
20260701,医疗,生地的功效,307,20260701,4924
20260701,医疗,腱鞘炎怎么治疗 大拇指,307,20260701,4925
20260701,医疗,胰腺炎是哪个部位疼,307,20260701,4926
20260701,医疗,性生活过后出血是什么原因引起的,307,20260701,4927
20260701,医疗,冠心病最好的自愈方法,307,20260701,4928
20260701,医疗,焦虑症吃什么药能彻底治好,307,20260701,4929
20260701,医疗,奥美拉唑的功效与作用,307,20260701,4930
20260701,医疗,ab型血为什么叫贵族血,307,20260701,4931
20260701,医疗,太龙药业,307,20260701,4932
20260701,医疗,高良姜的功效与作用,307,20260701,4933
20260701,医疗,做b超需要空腹吗,307,20260701,4934
20260701,医疗,黄精枸杞泡水喝的功效,307,20260701,4935
20260701,医疗,鬼箭羽的功效与作用,307,20260701,4936
20260701,医疗,电焊闪眼睛的最快治疗,307,20260701,4937
20260701,医疗,鼻子堵塞了怎么办最快最有效,307,20260701,4938
20260701,医疗,生蚝的功效与作用,307,20260701,4939
20260701,医疗,白矾的功效与作用,307,20260701,4940
20260701,医疗,胃胀气怎么办 简单有效的方法,306,20260701,4941
20260701,医疗,伏苓,306,20260701,4942
20260701,医疗,冬虫夏草在本草纲目被称为什么,306,20260701,4943
20260701,医疗,bmi正常范围是多少,306,20260701,4944
20260701,医疗,干咳嗽是什么原因引起的怎么治,306,20260701,4945
20260701,医疗,法莫替丁片的作用与功效,306,20260701,4946
20260701,医疗,黄芪的最大害处,306,20260701,4947
20260701,医疗,黄疸是什么症状,306,20260701,4948
20260701,医疗,丘疹图片和症状,306,20260701,4949
20260701,医疗,乳酸高是什么原因,306,20260701,4950
20260701,医疗,鹰嘴豆对甲状腺有影响吗,306,20260701,4951
20260701,医疗,榨精病院1～7的临床表现与预防措施评估评价,306,20260701,4952
20260701,医疗,臀桥的标准动作,306,20260701,4953
20260701,医疗,消化酶片的功效与作用,306,20260701,4954
20260701,医疗,冠心病吃什么药最好,306,20260701,4955
20260701,医疗,羧甲司坦口服溶液作用与功效,306,20260701,4956
20260701,医疗,6542消旋山莨菪碱片的功效与作用,306,20260701,4957
20260701,医疗,高血压有哪些症状表现,305,20260701,4958
20260701,医疗,腮腺炎的准确部位图片和症状,305,20260701,4959
20260701,医疗,四十九岁老阿姨燥热入睡困难的原因,305,20260701,4960
20260701,医疗,空腹血糖,305,20260701,4961
20260701,医疗,油柑果功效与食用方法,305,20260701,4962
20260701,医疗,肺炎会传染吗?,305,20260701,4963
20260701,医疗,嘴角烂嘴是什么原因导致的,305,20260701,4964
20260701,医疗,美年大健康体检中心官网,305,20260701,4965
20260701,医疗,黄芪颗粒的功效与作用,305,20260701,4966
20260701,医疗,中药材天地网,305,20260701,4967
20260701,医疗,肠息肉是否必须切除,305,20260701,4968
20260701,医疗,子宫内膜异位症怎么治疗最好呢,305,20260701,4969
20260701,医疗,荷叶茶的功效与作用,305,20260701,4970
20260701,医疗,甲状腺球蛋白抗体高说明什么意思,305,20260701,4971
20260701,医疗,上眼皮肿是什么原因造成的,305,20260701,4972
20260701,医疗,奥美拉挫是治什么症状,305,20260701,4973
20260701,医疗,甲硝唑片治牙周炎用法,305,20260701,4974
20260701,医疗,肺癌,305,20260701,4975
20260701,医疗,红小豆的作用与功效,304,20260701,4976
20260701,医疗,头发掉得很严重是什么原因,304,20260701,4977
20260701,医疗,忍冬藤的功效与作用,304,20260701,4978
20260701,医疗,酚氨咖敏片的功效作用,304,20260701,4979
20260701,医疗,太白穴的位置,304,20260701,4980
20260701,医疗,脾胃虚弱有什么症状表现,304,20260701,4981
20260701,医疗,盐加碘好还是不加碘好,304,20260701,4982
20260701,医疗,蠓虫叮咬后的症状图,304,20260701,4983
20260701,医疗,头孢克肟片一次吃几粒,304,20260701,4984
20260701,医疗,马齿苋可以治痔疮吗怎么用,304,20260701,4985
20260701,医疗,二甲双胍恩格列净片餐前吃还是餐后吃,304,20260701,4986
20260701,医疗,双醋瑞因胶囊的作用及功效,304,20260701,4987
20260701,医疗,无极膏的作用与功效,304,20260701,4988
20260701,医疗,妇炎洁的功效和作用怎么使用,304,20260701,4989
20260701,医疗,头晕,304,20260701,4990
20260701,医疗,排卵期出褐色分泌物怎么回事,303,20260701,4991
20260701,医疗,圣女果的功效与作用,303,20260701,4992
20260701,医疗,胃癌手术切除后一般可以活几年,303,20260701,4993
20260701,医疗,眼睛胀痛什么原因引起的,303,20260701,4994
20260701,医疗,地奥司明片作用与功效,303,20260701,4995
20260701,医疗,莲蓬的功效与作用,303,20260701,4996
20260701,医疗,橘红颗粒的作用及功效,303,20260701,4997
20260701,医疗,人体穴位图解大全高清图,303,20260701,4998
20260701,医疗,南极磷虾油的功效作用,303,20260701,4999
20260701,医疗,低血糖,303,20260701,5000
20260701,医疗,鹅口疮是什么样的图片,303,20260701,5001
20260701,医疗,尿毒症是怎么样引起的原因,303,20260701,5002
20260701,医疗,中度脂肪肝严重吗?需不需要治疗,303,20260701,5003
20260701,医疗,滑膜炎,303,20260701,5004
20260701,医疗,脑络通胶囊的功效与主治,303,20260701,5005
20260701,医疗,抗凝药有哪些,303,20260701,5006
20260701,医疗,急性肠胃炎吃什么药,303,20260701,5007
20260701,医疗,肚子疼想大便又拉不出来怎么回事,303,20260701,5008
20260701,医疗,舌苔发白怎么回事是什么原因,303,20260701,5009
20260701,医疗,rm是身体哪个部位,303,20260701,5010
20260701,医疗,附子的功效与作用主要治什么病,303,20260701,5011
20260701,医疗,白血病怎么引起的,303,20260701,5012
20260701,医疗,"文冠果的功效,性功能作用",303,20260701,5013
20260701,医疗,苏打水喝了有什么好处和坏处,302,20260701,5014
20260701,医疗,"肌酐高是什么原因引起的,怎么能降下来",302,20260701,5015
20260701,医疗,蛇舌草的作用和功能主治,302,20260701,5016
20260701,医疗,盐酸米诺环素胶囊的作用和功效,302,20260701,5017
20260701,医疗,枇杷叶的功效与作用,302,20260701,5018
20260701,医疗,川楝子的功效与作用,302,20260701,5019
20260701,医疗,番石榴的功效与作用,302,20260701,5020
20260701,医疗,土茯苓,302,20260701,5021
20260701,医疗,火龙果治便秘吗,302,20260701,5022
20260701,医疗,甘油三脂高是什么意思,302,20260701,5023
20260701,医疗,舌头上长小疙瘩是什么病症,302,20260701,5024
20260701,医疗,二陈丸的组成配方,302,20260701,5025
20260701,医疗,歺后2小时血糖10.5到11.5之间需要吃降餐后血糖药吗,302,20260701,5026
20260701,医疗,窦性心律不齐,302,20260701,5027
20260701,医疗,甜梦口服液的功效与作用,302,20260701,5028
20260701,医疗,牙齿酸软是什么原因引起的怎么治疗,302,20260701,5029
20260701,医疗,河南中医药大学第一附属医院,302,20260701,5030
20260701,医疗,青西红柿能吃吗有毒吗,302,20260701,5031
20260701,医疗,忧郁症的表现症状有哪些,302,20260701,5032
20260701,医疗,去痛片的作用与功效,302,20260701,5033
20260701,医疗,人参图片,302,20260701,5034
20260701,医疗,原发性高血压是什么意思,301,20260701,5035
20260701,医疗,北京大学人民医院,301,20260701,5036
20260701,医疗,牛黄安宫丸的作用功效是什么,301,20260701,5037
20260701,医疗,菠萝蜜的籽可以吃吗有什么功效,301,20260701,5038
20260701,医疗,坎地沙坦酯片的作用与功效,301,20260701,5039
20260701,医疗,黄皮果是升糖还是降糖,301,20260701,5040
20260701,医疗,度洛西汀的功效和副作用,301,20260701,5041
20260701,医疗,吃芒果有什么好处和坏处,301,20260701,5042
20260701,医疗,夏枯草的图片,301,20260701,5043
20260701,医疗,壬二酸凝胶的作用与用途,301,20260701,5044
20260701,医疗,碘伏,301,20260701,5045
20260701,医疗,壳寡糖的功效与作用,301,20260701,5046
20260701,医疗,狂犬病,301,20260701,5047
20260701,医疗,骨密度检测是查什么的,301,20260701,5048
20260701,医疗,恶性肿瘤就是癌症的意思吗?,301,20260701,5049
20260701,医疗,和胃整肠丸的功效与作用,301,20260701,5050
20260701,医疗,附子理中丸的配方组成,301,20260701,5051
20260701,医疗,红霉素软膏作用与功效,301,20260701,5052
20260701,医疗,血氧低是怎么回事,301,20260701,5053
20260701,医疗,玉女煎,301,20260701,5054
20260701,医疗,吃苦瓜的好处与功效和作用,300,20260701,5055
20260701,医疗,葡萄是热性还是凉性,300,20260701,5056
20260701,医疗,屁股上长疙瘩还痒是怎么回事,300,20260701,5057
20260701,医疗,达泊西丁吃了能延时多久,300,20260701,5058
20260701,医疗,狐臭,300,20260701,5059
20260701,医疗,来姨妈肚子疼怎么缓解疼痛,300,20260701,5060
20260701,医疗,卡托普利片的功效和作用,300,20260701,5061
20260701,医疗,"狐臭是什么原因引起的,怎样去除味道",300,20260701,5062
20260701,医疗,神经官能症有哪些症状和表现,300,20260701,5063
20260701,医疗,九味羌活丸的功效与作用,300,20260701,5064
20260701,医疗,非甾体抗炎药有哪些,300,20260701,5065
20260701,医疗,耳根,300,20260701,5066
20260701,医疗,心脏造影费用多少,300,20260701,5067
20260701,医疗,鼻窦炎有哪些症状,300,20260701,5068
20260701,医疗,维生素C,300,20260701,5069
20260701,医疗,胃疼一阵一阵的疼怎么回事,300,20260701,5070
20260701,医疗,睡觉手麻木什么原因造成的,300,20260701,5071
20260701,医疗,疱疹怎么治疗才能彻底根除,300,20260701,5072
20260701,医疗,胬肉是什么意思,300,20260701,5073
20260701,医疗,献血400cc多久能恢复,300,20260701,5074
20260701,医疗,脸上过敏发红发痒怎么办最有效,300,20260701,5075
20260701,医疗,苓桂术甘汤标准配方,300,20260701,5076
20260701,医疗,扶他林药片的作用和功效,300,20260701,5077
20260701,医疗,去湿气的药最快的药,300,20260701,5078
20260701,医疗,氨酚咖那敏片的功效与作用,300,20260701,5079
20260701,医疗,急支糖浆的功效和作用,299,20260701,5080
20260701,医疗,半夏泻心汤的功效与作用,299,20260701,5081
20260701,医疗,感康一天吃几次,299,20260701,5082
20260701,医疗,腰椎管狭窄压迫神经腿麻怎么治疗效果好?,299,20260701,5083
20260701,医疗,水杨酸软膏治疗疣效果怎么样,299,20260701,5084
20260701,医疗,新冠的最新症状和表现,299,20260701,5085
20260701,医疗,莴笋的功效与作用及营养价值,299,20260701,5086
20260701,医疗,包皮发炎红肿用什么药,299,20260701,5087
20260701,医疗,呼吸性碱中毒,299,20260701,5088
20260701,医疗,晒太阳的好处与功效与作用,299,20260701,5089
20260701,医疗,血压低怎么办快速恢复,299,20260701,5090
20260701,医疗,火疖子怎么治疗最快最好,299,20260701,5091
20260701,医疗,男女性生活之后出血什么原因,299,20260701,5092
20260701,医疗,西米替丁的功能主治,299,20260701,5093
20260701,医疗,25-羟基维生素d偏低是什么原因,299,20260701,5094
20260701,医疗,胰腺,299,20260701,5095
20260701,医疗,体外射精怀孕风险高不高,299,20260701,5096
20260701,医疗,上海肺科医院,299,20260701,5097
20260701,医疗,肺力咳合剂的功效与作用,299,20260701,5098
20260701,医疗,静脉曲张挂哪个科室最好,299,20260701,5099
20260701,医疗,"扩心病是什么病,严重吗",299,20260701,5100
20260701,医疗,散寒药茶的功效和作用,299,20260701,5101
20260701,医疗,煅瓦楞子的功效与作用,299,20260701,5102
20260701,医疗,心火旺吃什么降心火,298,20260701,5103
20260701,医疗,安乃近的作用与功效,298,20260701,5104
20260701,医疗,退烧药,298,20260701,5105
20260701,医疗,乳腺增生怎么治疗可以消除,298,20260701,5106
20260701,医疗,精神分裂症,298,20260701,5107
20260701,医疗,同型半胱氨酸高吃什么药,298,20260701,5108
20260701,医疗,宫外孕早期症状有哪些,298,20260701,5109
20260701,医疗,奶酪的营养价值及功效,298,20260701,5110
20260701,医疗,布洛芬混悬液,298,20260701,5111
20260701,医疗,吃火龙果有什么好处,298,20260701,5112
20260701,医疗,空腹血糖8一9严重吗,298,20260701,5113
20260701,医疗,金银花的功效与作用,298,20260701,5114
20260701,医疗,阿尔兹海默症早期症状,298,20260701,5115
20260701,医疗,"血氧是什么意思,多少算正常",298,20260701,5116
20260701,医疗,莫匹罗星软膏功效与作用,298,20260701,5117
20260701,医疗,虾不能和什么食物一起吃,297,20260701,5118
20260701,医疗,羊脂皂的功效和作用,297,20260701,5119
20260701,医疗,上海华山医院最擅长什么,297,20260701,5120
20260701,医疗,卵磷脂的作用与功效,297,20260701,5121
20260701,医疗,维生素b,297,20260701,5122
20260701,医疗,无花果的功效与作用,297,20260701,5123
20260701,医疗,排卵是什么症状和感觉,297,20260701,5124
20260701,医疗,广东省人民医院,297,20260701,5125
20260701,医疗,腰围怎么测量最准,297,20260701,5126
20260701,医疗,疣怎么治疗才能彻底根除,297,20260701,5127
20260701,医疗,子宫内膜息肉,297,20260701,5128
20260701,医疗,构杞子功效与作用,297,20260701,5129
20260701,医疗,腰息痛胶囊的功效与作用,296,20260701,5130
20260701,医疗,腰果尽量少吃最好不吃,296,20260701,5131
20260701,医疗,腱鞘炎用什么药治疗最好最快,296,20260701,5132
20260701,医疗,曲唑酮,296,20260701,5133
20260701,医疗,云南白药气雾剂对膝盖疼痛有无帮助,296,20260701,5134
20260701,医疗,温度计夹在腋下几分钟,296,20260701,5135
20260701,医疗,上海瑞金医院,296,20260701,5136
20260701,医疗,蜘蛛痣图片,296,20260701,5137
20260701,医疗,紫草膏的功效与作用与主治,296,20260701,5138
20260701,医疗,化疗期间吃什么最好增强免疫力,296,20260701,5139
20260701,医疗,他达拉非片能延时多久,296,20260701,5140
20260701,医疗,头孢和酒一起喝有什么后果,296,20260701,5141
20260701,医疗,黛力新,296,20260701,5142
20260701,医疗,紫癜是什么病,296,20260701,5143
20260701,医疗,依折麦布,296,20260701,5144
20260701,医疗,鸡眼怎么治疗能根除,296,20260701,5145
20260701,医疗,美托洛尔片功效与作用,296,20260701,5146
20260701,医疗,大生化检查都包括什么项目,296,20260701,5147
20260701,医疗,利丙双卡因乳膏功效,296,20260701,5148
20260701,医疗,放屁多是什么原因呢,296,20260701,5149
20260701,医疗,妇幼保健院医院,296,20260701,5150
20260701,医疗,泡沫尿是什么原因引起的,296,20260701,5151
20260701,医疗,莲子心和什么搭配最佳治失眠,296,20260701,5152
20260701,医疗,苦菊的功效与作用,296,20260701,5153
20260701,医疗,人中黄是什么东西,295,20260701,5154
20260701,医疗,苍耳,295,20260701,5155
20260701,医疗,猪尾巴的功效作用,295,20260701,5156
20260701,医疗,胃下垂有什么症状表现,295,20260701,5157
20260701,医疗,胰岛素一旦打了就终身打吗,295,20260701,5158
20260701,医疗,内关穴,295,20260701,5159
20260701,医疗,肌酸激酶同工酶偏高的原因和危害,295,20260701,5160
20260701,医疗,麦冬的作用和功效,295,20260701,5161
20260701,医疗,大姨妈黑褐色量少怎么回事,295,20260701,5162
20260701,医疗,葡萄糖,295,20260701,5163
20260701,医疗,坏死型筋模炎照片,295,20260701,5164
20260701,医疗,髋关节在哪个部位,295,20260701,5165
20260701,医疗,沙利度胺片的作用与功效,295,20260701,5166
20260701,医疗,赤小豆薏米祛湿正确做法,295,20260701,5167
20260701,医疗,蛇皮果的功效与作用,295,20260701,5168
20260701,医疗,小脑萎缩有哪些症状,295,20260701,5169
20260701,医疗,盐酸氨基葡萄糖片功效与用法,295,20260701,5170
20260701,医疗,盐酸曲美他嗪片的功效与作用,295,20260701,5171
20260701,医疗,阿莫西林胶囊0.25g成人一次吃几粒,295,20260701,5172
20260701,医疗,鹿鞭丸的功效和作用,295,20260701,5173
20260701,医疗,黄连,295,20260701,5174
20260701,医疗,生地的功效作用与主治,295,20260701,5175
20260701,医疗,硝酸甘油的用法和用量,295,20260701,5176
20260701,医疗,盐酸倍他司汀片的功效与作用,295,20260701,5177
20260701,医疗,急性肠胃炎,294,20260701,5178
20260701,医疗,失眠吃什么药效果最好,294,20260701,5179
20260701,医疗,罗汉果泡水喝功效与主治,294,20260701,5180
20260701,医疗,肝癌晚期一步步死亡的表现,294,20260701,5181
20260701,医疗,低血糖是怎么引起的有哪些原因,294,20260701,5182
20260701,医疗,柴胡图片,294,20260701,5183
20260701,医疗,克林霉素磷酸酯注射功效与作用是什么,294,20260701,5184
20260701,医疗,优思明的功效与副作用,294,20260701,5185
20260701,医疗,乳头疼是什么问题,294,20260701,5186
20260701,医疗,肾囊肿,294,20260701,5187
20260701,医疗,宫颈炎症用什么药消炎最好,294,20260701,5188
20260701,医疗,阴陵泉准确位置图和作用功效,294,20260701,5189
20260701,医疗,食品营养与健康,294,20260701,5190
20260701,医疗,头晕吃什么药效果最好,294,20260701,5191
20260701,医疗,砭石的作用与功效,294,20260701,5192
20260701,医疗,牙龈肿胀鼓包,294,20260701,5193
20260701,医疗,枸杞的功效与作用,294,20260701,5194
20260701,医疗,香榧坚果的功效与作用,294,20260701,5195
20260701,医疗,缬沙坦氨氯地平的作用与功效,294,20260701,5196
20260701,医疗,白化病是一种什么病,294,20260701,5197
20260701,医疗,痰多是什么原因造成的,294,20260701,5198
20260701,医疗,量血压的正确方法和时间,294,20260701,5199
20260701,医疗,尿酸高不能吃的食物的列表,294,20260701,5200
20260701,医疗,半月板撕裂最好的恢复办法,293,20260701,5201
20260701,医疗,辣木籽的功效与主治作用,293,20260701,5202
20260701,医疗,载脂蛋白b偏高是什么原因,293,20260701,5203
20260701,医疗,牙周炎,293,20260701,5204
20260701,医疗,橘红片泡水喝的功效与作用,293,20260701,5205
20260701,医疗,脸痒是怎么回事,293,20260701,5206
20260701,医疗,肾盂肾炎是什么样的症状,293,20260701,5207
20260701,医疗,鹰嘴豆的危害和副作用,293,20260701,5208
20260701,医疗,大三阳和小三阳区别,293,20260701,5209
20260701,医疗,肤痒颗粒的作用与功效,293,20260701,5210
20260701,医疗,代谢慢的人吃什么有助于新陈代谢,293,20260701,5211
20260701,医疗,气管炎吃什么药治才能彻底除根,293,20260701,5212
20260701,医疗,小便有泡泡是什么症状,293,20260701,5213
20260701,医疗,复方止痛塞隆的功效与作用,293,20260701,5214
20260701,医疗,利培酮片的作用及功效,293,20260701,5215
20260701,医疗,硒对人体有什么作用与功效,293,20260701,5216
20260701,医疗,颈动脉斑块最佳消除方法,293,20260701,5217
20260701,医疗,开瑞坦的功效和作用,293,20260701,5218
20260701,医疗,利伐沙班,293,20260701,5219
20260701,医疗,饭后多久可以运动,293,20260701,5220
20260701,医疗,头皮痛什么原因引起的怎么治疗,293,20260701,5221
20260701,医疗,卵巢癌是什么原因引起的,292,20260701,5222
20260701,医疗,拉肚子吃什么食物好,292,20260701,5223
20260701,医疗,甲硝唑凝胶的作用与功效,292,20260701,5224
20260701,医疗,康缘药业,292,20260701,5225
20260701,医疗,芪苈强心胶囊的功效与作用,292,20260701,5226
20260701,医疗,土元的功效与作用,292,20260701,5227
20260701,医疗,醋酸氯己定的功效与作用,292,20260701,5228
20260701,医疗,低血糖是什么原因造成的,292,20260701,5229
20260701,医疗,舌苔厚白是什么原因,292,20260701,5230
20260701,医疗,桃子的功效,292,20260701,5231
20260701,医疗,薏米怎么煮去湿气效果最好,292,20260701,5232
20260701,医疗,面瘫怎么治疗最好的方法,292,20260701,5233
20260701,医疗,糖尿病足,292,20260701,5234
20260701,医疗,避孕措施哪种最好最安全,292,20260701,5235
20260701,医疗,碧玺的功效与作用,292,20260701,5236
20260701,医疗,盐酸氟桂利嗪胶囊一天吃几次,292,20260701,5237
20260701,医疗,非典型鳞状细胞意义不明确是什么意思,292,20260701,5238
20260701,医疗,身高体重指数( BMI ),292,20260701,5239
20260701,医疗,补气血最好的食补方法,292,20260701,5240
20260701,医疗,室性早搏是什么意思,292,20260701,5241
20260701,医疗,百香果的功效与作用及营养价值,292,20260701,5242
20260701,医疗,伟哥哪个牌子的效果好,292,20260701,5243
20260701,医疗,阿托伐他汀钙片的功效与作用,291,20260701,5244
20260701,医疗,灰灰菜的作用与功效,291,20260701,5245
20260701,医疗,一个馒头的热量是多少大卡,291,20260701,5246
20260701,医疗,窦性心律是什么意思,291,20260701,5247
20260701,医疗,带状疱疹神经痛一般需多久恢复,291,20260701,5248
20260701,医疗,四君子汤的配方组成,291,20260701,5249
20260701,医疗,前列腺位置在哪里,291,20260701,5250
20260701,医疗,败血症,291,20260701,5251
20260701,医疗,朱砂安神丸的作用与功效,291,20260701,5252
20260701,医疗,正常的胸片图像,291,20260701,5253
20260701,医疗,双歧杆菌三联活菌肠溶胶囊功效,291,20260701,5254
20260701,医疗,绞股蓝茶泡水喝的功效和副作用,291,20260701,5255
20260701,医疗,葛根泡水喝有什么功效和作用,291,20260701,5256
20260701,医疗,西瓜和桃子可以一起吃吗?,291,20260701,5257
20260701,医疗,退烧药隔几个小时吃一次,291,20260701,5258
20260701,医疗,"射精无力什么原因,怎么调理",291,20260701,5259
20260701,医疗,拉拉秧的功效与作用及主治,291,20260701,5260
20260701,医疗,宫颈癌,290,20260701,5261
20260701,医疗,香蕉含糖量高吗?,290,20260701,5262
20260701,医疗,钾钴胺的作用与功能主治是什么,290,20260701,5263
20260701,医疗,青刺果油的功效和作用,290,20260701,5264
20260701,医疗,女人吃什么药可以发春提高性功能?,290,20260701,5265
20260701,医疗,脂肪肝吃什么食物可以消除脂肪肝,290,20260701,5266
20260701,医疗,胫骨是哪个部位,290,20260701,5267
20260701,医疗,络活喜,290,20260701,5268
20260701,医疗,女性膀胱是什么样子,290,20260701,5269
20260701,医疗,脑干出血可以治愈的几率有多少,290,20260701,5270
20260701,医疗,甜瓜是凉性还是热性,290,20260701,5271
20260701,医疗,腰肌劳损怎么办才能恢复正常,290,20260701,5272
20260701,医疗,氧氟沙星滴眼液作用与功效,290,20260701,5273
20260701,医疗,丝瓜是凉性还是热性,290,20260701,5274
20260701,医疗,"疱疹性咽峡炎传染吗,一般几天好",290,20260701,5275
20260701,医疗,无花果的作用和功效,290,20260701,5276
20260701,医疗,高血压标准范围是多少,290,20260701,5277
20260701,医疗,斯达舒的功效与作用,290,20260701,5278
20260701,医疗,葡萄糖酸钙锌口服液哪个牌子好,290,20260701,5279
20260701,医疗,验孕棒怀孕图片,290,20260701,5280
20260701,医疗,dic是什么病的简称,289,20260701,5281
20260701,医疗,智齿是长在哪个位置,289,20260701,5282
20260701,医疗,脚气真菌感染用什么药才能根除,289,20260701,5283
20260701,医疗,尿素氮偏高是怎么回事,289,20260701,5284
20260701,医疗,糖尿病有什么症状和表现,289,20260701,5285
20260701,医疗,无套内精的意外怀孕处理,289,20260701,5286
20260701,医疗,鹿血的功效与主治,289,20260701,5287
20260701,医疗,结膜炎,289,20260701,5288
20260701,医疗,药王石的功效与作用,289,20260701,5289
20260701,医疗,阴虚的症状有哪些表现,289,20260701,5290
20260701,医疗,氨甲环酸,289,20260701,5291
20260701,医疗,细菌性阴炎是什么原因造成的,289,20260701,5292
20260701,医疗,乳果糖,289,20260701,5293
20260701,医疗,"夏天喝什么茶降火,去湿气",289,20260701,5294
20260701,医疗,朱砂的功效与作用,289,20260701,5295
20260701,医疗,咪喹莫特乳膏多久去疣效果怎么样,289,20260701,5296
20260701,医疗,裸花紫珠颗粒作用与功效,289,20260701,5297
20260701,医疗,卵圆孔未闭,289,20260701,5298
20260701,医疗,四神汤,289,20260701,5299
20260701,医疗,血糖高有什么症状出现,289,20260701,5300
20260701,医疗,托伐普坦片的功效与作用,289,20260701,5301
20260701,医疗,八角的功效与作用,288,20260701,5302
20260701,医疗,布病,288,20260701,5303
20260701,医疗,艾叶煮水喝的功效,288,20260701,5304
20260701,医疗,胃药有哪几种效果最好,288,20260701,5305
20260701,医疗,中药一般煎多长时间效果最好,288,20260701,5306
20260701,医疗,紫菀的功效与作用,288,20260701,5307
20260701,医疗,腋窝下有疙瘩怎么回事,288,20260701,5308
20260701,医疗,白带,288,20260701,5309
20260701,医疗,抗阻运动有哪些,288,20260701,5310
20260701,医疗,黑枣的功效作用与主治,288,20260701,5311
20260701,医疗,血小板低是什么原因,288,20260701,5312
20260701,医疗,风湿类风湿有什么症状表现,288,20260701,5313
20260701,医疗,榴莲吃多了会怎么样,288,20260701,5314
20260701,医疗,ercp手术全称是什么,288,20260701,5315
20260701,医疗,老放屁是怎么回事女性,288,20260701,5316
20260701,医疗,金匮肾气丸主要治什么病,288,20260701,5317
20260701,医疗,急性荨麻疹怎么治疗最快的方法,288,20260701,5318
20260701,医疗,静脉曲张怎么治疗最好最快,287,20260701,5319
20260701,医疗,头疼,287,20260701,5320
20260701,医疗,葡萄胎,287,20260701,5321
20260701,医疗,路路通,287,20260701,5322
20260701,医疗,醋酸甲羟孕酮片的作用和功效,287,20260701,5323
20260701,医疗,京新药业,287,20260701,5324
20260701,医疗,冰硼散的作用与功效,287,20260701,5325
20260701,医疗,他汀类药物,287,20260701,5326
20260701,医疗,鱼胶的营养价值和功效,287,20260701,5327
20260701,医疗,睾酮,287,20260701,5328
20260701,医疗,蔓越莓的功效与作用,287,20260701,5329
20260701,医疗,右边腹部疼是怎么回事女,287,20260701,5330
20260701,医疗,血管堵塞会出现哪些症状,287,20260701,5331
20260701,医疗,四物汤,287,20260701,5332
20260701,医疗,"纤维瘤是什么东西,严重吗?",287,20260701,5333
20260701,医疗,紫苏籽油有什么功效与作用?,287,20260701,5334
20260701,医疗,肌钙蛋白高是什么意思,287,20260701,5335
20260701,医疗,鱼油什么时间吃最好,287,20260701,5336
20260701,医疗,多发性骨髓瘤,287,20260701,5337
20260701,医疗,寒湿的症状有哪些表现,287,20260701,5338
20260701,医疗,宫腔粘连的症状有哪些,287,20260701,5339
20260701,医疗,关元穴,287,20260701,5340
20260701,医疗,折耳根功效作用与主治,286,20260701,5341
20260701,医疗,砂仁,286,20260701,5342
20260701,医疗,枫蓼肠胃康片的功效与作用,286,20260701,5343
20260701,医疗,皮脂腺囊肿最好的治疗方法,286,20260701,5344
20260701,医疗,癌胚抗原是查什么的指标,286,20260701,5345
20260701,医疗,女人吃西地那非有什么效果,286,20260701,5346
20260701,医疗,乳腺癌切除干净一般可以活多久,286,20260701,5347
20260701,医疗,康复治疗技术,286,20260701,5348
20260701,医疗,烟雾病是一种什么病,286,20260701,5349
20260701,医疗,鱿鱼的营养价值和功效,286,20260701,5350
20260701,医疗,二甲双胍缓释片的功效与副作用,286,20260701,5351
20260701,医疗,抑郁症测试题,286,20260701,5352
20260701,医疗,龙胆泻肝汤配方,286,20260701,5353
20260701,医疗,甲亢的危害和严重性,286,20260701,5354
20260701,医疗,甘松的功效与作用,286,20260701,5355
20260701,医疗,五指毛桃茯苓茶祛湿效果怎么样,286,20260701,5356
20260701,医疗,脑出血是什么原因造成的,286,20260701,5357
20260701,医疗,糖尿病人吃什么食物最好,285,20260701,5358
20260701,医疗,吃了火龙果小便尿出淡红色是怎么回事,285,20260701,5359
20260701,医疗,苓桂术甘汤的功效与作用,285,20260701,5360
20260701,医疗,别嘌醇片的作用和功效,285,20260701,5361
20260701,医疗,青霉素,285,20260701,5362
20260701,医疗,好大夫专家在线问诊,285,20260701,5363
20260701,医疗,复方甘草片的功效与副作用,285,20260701,5364
20260701,医疗,天麻片的功效作用与主治,285,20260701,5365
20260701,医疗,西地那非会越吃越萎吗,285,20260701,5366
20260701,医疗,头发白怎么调理吃什么能变黑,285,20260701,5367
20260701,医疗,鼻窦炎怎样治疗才能根除,285,20260701,5368
20260701,医疗,牙龈萎缩怎样恢复到正常的牙龈,285,20260701,5369
20260701,医疗,治脚气用什么药效果最好,285,20260701,5370
20260701,医疗,复方氨酚烷胺胶囊,285,20260701,5371
20260701,医疗,济生肾气丸功能与主治,285,20260701,5372
20260701,医疗,双相情感障碍,285,20260701,5373
20260701,医疗,绿豆不能和什么食物一起吃,285,20260701,5374
20260701,医疗,荞麦面的功效与作用,285,20260701,5375
20260701,医疗,啊莫西林的功效,285,20260701,5376
20260701,医疗,牛黄清胃丸的功效与作用和适用人群,285,20260701,5377
20260701,医疗,芥末的功效和作用,285,20260701,5378
20260701,医疗,做ct对身体有多大伤害,285,20260701,5379
20260701,医疗,葡萄糖酸钙片的作用与功效,285,20260701,5380
20260701,医疗,脊柱侧弯,285,20260701,5381
20260701,医疗,盐酸多奈哌齐片的功效与作用,284,20260701,5382
20260701,医疗,三豆饮的作用与功效,284,20260701,5383
20260701,医疗,焦山楂的功效与作用,284,20260701,5384
20260701,医疗,板蓝根,284,20260701,5385
20260701,医疗,肺动脉高压是什么意思,284,20260701,5386
20260701,医疗,左眼下眼睑一直在轻微的抽搐怎么回事,284,20260701,5387
20260701,医疗,肛门口有个小肉球是痔疮吗,284,20260701,5388
20260701,医疗,血栓的最快消除方法,284,20260701,5389
20260701,医疗,口腔溃疡是什么原因反反复复发作,284,20260701,5390
20260701,医疗,肠梗阻怎么治疗最好的方法,284,20260701,5391
20260701,医疗,芡实图片,284,20260701,5392
20260701,医疗,善存多维元素片29功效和作用,284,20260701,5393
20260701,医疗,香砂养胃丸的成分,284,20260701,5394
20260701,医疗,盐酸氨溴索口服溶液的作用与功效,284,20260701,5395
20260701,医疗,前列康的功效和作用,284,20260701,5396
20260701,医疗,北京301医院最擅长治什么病,284,20260701,5397
20260701,医疗,宫颈纳氏囊肿是什么意思?,284,20260701,5398
20260701,医疗,维生素E,284,20260701,5399
20260701,医疗,狗肉的功效与作用,284,20260701,5400
20260701,医疗,安乃近,283,20260701,5401
20260701,医疗,哮喘,283,20260701,5402
20260701,医疗,鸡枞菌的功效与作用,283,20260701,5403
20260701,医疗,叶酸是维生素b几,283,20260701,5404
20260701,医疗,大腿内侧起红色的疹子,283,20260701,5405
20260701,医疗,淋病,283,20260701,5406
20260701,医疗,冠脉cta能查出心脏哪些疾病,283,20260701,5407
20260701,医疗,黄金果的功效与作用,283,20260701,5408
20260701,医疗,脑梗能治愈吗,283,20260701,5409
20260701,医疗,人一天喝多少升水正常,283,20260701,5410
20260701,医疗,生脉饮的功效与作用和适用人群,283,20260701,5411
20260701,医疗,紫米的功效和作用,283,20260701,5412
20260701,医疗,站桩的正确方法视频,283,20260701,5413
20260701,医疗,乌龟蛋的功效与作用及食用方法,283,20260701,5414
20260701,医疗,轻舒朵舒宁片功效,283,20260701,5415
20260701,医疗,安神补心丸作用与功效,283,20260701,5416
20260701,医疗,"肺积水是什么原因导致的,能治愈吗?",283,20260701,5417
20260701,医疗,绞股蓝,283,20260701,5418
20260701,医疗,便秘吃什么好最快排便,283,20260701,5419
20260701,医疗,黑豆煮水喝有什么功效和作用,283,20260701,5420
20260701,医疗,耳朵,283,20260701,5421
20260701,医疗,腱鞘囊肿怎么才能消除,283,20260701,5422
20260701,医疗,跑步的好处功效与作用,283,20260701,5423
20260701,医疗,谷丙转氨酶,283,20260701,5424
20260701,医疗,孔雀菜尽量少吃最好不吃,283,20260701,5425
20260701,医疗,阴囊瘙痒是什么原因,283,20260701,5426
20260701,医疗,脂蛋白(a)高是怎么回事,282,20260701,5427
20260701,医疗,湿热体质的症状有哪些表现,282,20260701,5428
20260701,医疗,鹰嘴豆的功效与作用及营养价值,282,20260701,5429
20260701,医疗,呼吸困难胸闷气短总想大口深呼吸,282,20260701,5430
20260701,医疗,急性胰腺炎,282,20260701,5431
20260701,医疗,甲状腺结节怎么治疗才能消除,282,20260701,5432
20260701,医疗,上热下寒中焦不通吃什么药,282,20260701,5433
20260701,医疗,白加黑,282,20260701,5434
20260701,医疗,脾的作用和功能是什么,282,20260701,5435
20260701,医疗,丙戊酸钠片的作用与功效,282,20260701,5436
20260701,医疗,妊娠,282,20260701,5437
20260701,医疗,指甲有竖条纹是怎么回事,282,20260701,5438
20260701,医疗,谷维素片的功效与主治,282,20260701,5439
20260701,医疗,痉挛是什么意思?,282,20260701,5440
20260701,医疗,双氧水,282,20260701,5441
20260701,医疗,枳术宽中胶囊的功效与作用,282,20260701,5442
20260701,医疗,子宫内膜厚是什么原因造成的,281,20260701,5443
20260701,医疗,血清丙氨酸氨基转移酶高是怎么回事,281,20260701,5444
20260701,医疗,红豆薏仁米怎么煮可以祛湿,281,20260701,5445
20260701,医疗,宫颈糜烂的症状有哪些,281,20260701,5446
20260701,医疗,gcp医学上是什么意思,281,20260701,5447
20260701,医疗,胃癌晚期能活多久,281,20260701,5448
20260701,医疗,石橄榄功效作用与主治,281,20260701,5449
20260701,医疗,入睡困难是什么原因引起的,281,20260701,5450
20260701,医疗,乳晕上面有凸起的小疙瘩是怎么回事,281,20260701,5451
20260701,医疗,阳痿的症状有哪些,281,20260701,5452
20260701,医疗,承山穴的准确位置图,281,20260701,5453
20260701,医疗,骆驼奶粉的作用与功效,281,20260701,5454
20260701,医疗,聚乙二醇4000散功效和副作用,281,20260701,5455
20260701,医疗,碱性食物有哪些,281,20260701,5456
20260701,医疗,霸王花的功效与作用,281,20260701,5457
20260701,医疗,牛奶的功效和作用,281,20260701,5458
20260701,医疗,女生下面痒是因为什么原因引起的,281,20260701,5459
20260701,医疗,肌酐高怎么办降肌酐最佳方法,281,20260701,5460
20260701,医疗,诺氟沙星胶囊治拉肚子吗,281,20260701,5461
20260701,医疗,枸橼酸坦度螺酮胶囊的功效与作用,281,20260701,5462
20260701,医疗,婚检女性检查什么项目,281,20260701,5463
20260701,医疗,性生活不硬怎么恢复?,281,20260701,5464
20260701,医疗,鼻后滴漏综合症的表现,280,20260701,5465
20260701,医疗,天王补心丹的组成配方,280,20260701,5466
20260701,医疗,黄疸值多少正常范围,280,20260701,5467
20260701,医疗,中山医院,280,20260701,5468
20260701,医疗,尿有泡泡是怎么回事,280,20260701,5469
20260701,医疗,鼻渊通窍颗粒的功效与作用,280,20260701,5470
20260701,医疗,蒺藜的功效与作用,280,20260701,5471
20260701,医疗,三阴焦位置图,280,20260701,5472
20260701,医疗,鼻炎用什么药最好效果,280,20260701,5473
20260701,医疗,黄芩的功效与作用,280,20260701,5474
20260701,医疗,阑尾炎的症状有哪些表现,280,20260701,5475
20260701,医疗,藿香,280,20260701,5476
20260701,医疗,脾俞的准确位置图,280,20260701,5477
20260701,医疗,含锌高的食物有哪些,280,20260701,5478
20260701,医疗,37.6算发烧吗 大人,280,20260701,5479
20260701,医疗,prp是什么意思,280,20260701,5480
20260701,医疗,小孩包皮包茎手术最佳年龄,280,20260701,5481
20260701,医疗,富贵包怎么治疗才能消除,280,20260701,5482
20260701,医疗,獾子油的作用与功效,280,20260701,5483
20260701,医疗,萎缩性胃炎的症状表现有哪些,279,20260701,5484
20260701,医疗,喝醉酒后怎么解酒最有效,279,20260701,5485
20260701,医疗,万艾可,279,20260701,5486
20260701,医疗,五苓散配方,279,20260701,5487
20260701,医疗,心衰有什么症状和表现,279,20260701,5488
20260701,医疗,胆宁片的作用与功效,279,20260701,5489
20260701,医疗,石女,279,20260701,5490
20260701,医疗,生脉饮的配方,279,20260701,5491
20260701,医疗,高反会有哪些症状,279,20260701,5492
20260701,医疗,炉甘石,279,20260701,5493
20260701,医疗,洋葱怎么吃才能降血脂降血压,279,20260701,5494
20260701,医疗,生孩子顺产全过程,279,20260701,5495
20260701,医疗,石斛的功效和作用,279,20260701,5496
20260701,医疗,宫颈纳氏囊肿是怎么回事 需要治疗吗,279,20260701,5497
20260701,医疗,输尿管结石怎么快速排出来啊,279,20260701,5498
20260701,医疗,舌头发白是什么原因,279,20260701,5499
20260701,医疗,苦瓜泡水喝有什么功效和作用,279,20260701,5500
20260701,医疗,托拉塞米的功效与作用,279,20260701,5501
20260701,医疗,腰酸是什么原因女性,279,20260701,5502
20260701,医疗,归脾汤的组成,279,20260701,5503
20260701,医疗,龙胆泻肝丸最多吃几天,279,20260701,5504
20260701,医疗,西洋参和什么搭配效果最好,279,20260701,5505
20260701,医疗,枸橼酸莫沙必利片饭前吃还是饭后吃,279,20260701,5506
20260701,医疗,肺结核是由什么原因引起的,279,20260701,5507
20260701,医疗,黑蒜的功效和作用,279,20260701,5508
20260701,医疗,人参的功效和作用主治,279,20260701,5509
20260701,医疗,诺丽果的功效与作用,279,20260701,5510
20260701,医疗,心脏供血不足有哪些症状,279,20260701,5511
20260701,医疗,已满十八岁未满十八岁会怀孕吗?,279,20260701,5512
20260701,医疗,葛根汤组成配方,278,20260701,5513
20260701,医疗,高血压挂什么科就诊,278,20260701,5514
20260701,医疗,艾灸,278,20260701,5515
20260701,医疗,c肽多少表示胰岛功能正常,278,20260701,5516
20260701,医疗,昂利康,278,20260701,5517
20260701,医疗,复方甲氧那明胶囊作用与功效,278,20260701,5518
20260701,医疗,肺结核吃什么药最有效治疗最快,278,20260701,5519
20260701,医疗,复方血栓通胶囊的功效与作用,278,20260701,5520
20260701,医疗,直肠癌,278,20260701,5521
20260701,医疗,南沙参的功效与作用,278,20260701,5522
20260701,医疗,牙龈发炎吃什么药最好最有效,278,20260701,5523
20260701,医疗,肚子大了像怀孕一样是怎么回事,278,20260701,5524
20260701,医疗,被猫咬了一口出血了需要打针吗,278,20260701,5525
20260701,医疗,咖啡对身体有什么好处和坏处,278,20260701,5526
20260701,医疗,好医生,278,20260701,5527
20260701,医疗,囊肿,278,20260701,5528
20260701,医疗,吃甲硝唑能喝酒吗,278,20260701,5529
20260701,医疗,胶质瘤是什么病?严重吗?,278,20260701,5530
20260701,医疗,木香顺气丸的成分,278,20260701,5531
20260701,医疗,前列腺癌的早期症状和前兆,278,20260701,5532
20260701,医疗,iga肾病是什么病,278,20260701,5533
20260701,医疗,高血脂吃什么降得最快最有效,278,20260701,5534
20260701,医疗,佛手瓜的营养与功效作用,278,20260701,5535
20260701,医疗,头上长红疙瘩毛囊炎怎么治疗,278,20260701,5536
20260701,医疗,炒僵蚕的功效与作用,278,20260701,5537
20260701,医疗,萎缩性胃炎必吃三种药,277,20260701,5538
20260701,医疗,凤尾草功效与治疗作用,277,20260701,5539
20260701,医疗,视网膜脱落有什么症状表现,277,20260701,5540
20260701,医疗,仙鹤草,277,20260701,5541
20260701,医疗,折耳根和鱼腥草的区别,277,20260701,5542
20260701,医疗,如何快速怀孕,277,20260701,5543
20260701,医疗,优甲乐的功效与副作用,277,20260701,5544
20260701,医疗,右肩胛骨后背疼是怎么回事,277,20260701,5545
20260701,医疗,煅龙骨的功效与作用,277,20260701,5546
20260701,医疗,股癣,277,20260701,5547
20260701,医疗,牛碱性成纤维细胞生长因子凝胶作用,277,20260701,5548
20260701,医疗,款冬花的功效与作用,277,20260701,5549
20260701,医疗,"喉咙里面感觉有异物堵,是甲状腺结节吗",277,20260701,5550
20260701,医疗,烧仙草的功效与作用,277,20260701,5551
20260701,医疗,黑芝麻尽量少吃最好不吃,277,20260701,5552
20260701,医疗,吴茱萸肉桂足贴的功效,276,20260701,5553
20260701,医疗,慢性病包括哪些病,276,20260701,5554
20260701,医疗,乳酶生片的功效和作用,276,20260701,5555
20260701,医疗,乙肝传染途径有哪些?,276,20260701,5556
20260701,医疗,肺结核会传染给家人吗,276,20260701,5557
20260701,医疗,拉肚子肚子疼一阵一阵的绞痛怎么办,276,20260701,5558
20260701,医疗,胃肠功能紊乱有哪些症状表现,276,20260701,5559
20260701,医疗,海绵体受损怎么修复用什么药,276,20260701,5560
20260701,医疗,细菌性阴炎用什么药治效果好,276,20260701,5561
20260701,医疗,十大功劳的功效与作用,276,20260701,5562
20260701,医疗,换牙齿顺序和年龄,276,20260701,5563
20260701,医疗,更年期综合征焦虑抑郁失眠怎么治疗好,276,20260701,5564
20260701,医疗,肺栓塞,276,20260701,5565
20260701,医疗,生化了是什么意思算不算流产,276,20260701,5566
20260701,医疗,香蕉和蜂蜜怎么吃能减肥,276,20260701,5567
20260701,医疗,999感冒灵颗粒是风热还是风寒,276,20260701,5568
20260701,医疗,合谷的准确位置图片,276,20260701,5569
20260701,医疗,膀胱经的准确位置图,276,20260701,5570
20260701,医疗,金莲花的功效与作用,276,20260701,5571
20260701,医疗,椰子水的功效与作用及营养价值,276,20260701,5572
20260701,医疗,格华止二甲双胍正确服用方法,276,20260701,5573
20260701,医疗,地黄的图片,276,20260701,5574
20260701,医疗,下面外面瘙痒涂什么药膏管用,276,20260701,5575
20260701,医疗,防风,276,20260701,5576
20260701,医疗,他达那非吃20mg能达到多长时间,276,20260701,5577
20260701,医疗,柴胡桂枝干姜汤的组成及功效主治,276,20260701,5578
20260701,医疗,月经量多还有大量血块是怎么回事,275,20260701,5579
20260701,医疗,冲击波治疗的好处与坏处,275,20260701,5580
20260701,医疗,参柏舒心颗粒的功效与作用,275,20260701,5581
20260701,医疗,大腿外侧疼痛的几种原因,275,20260701,5582
20260701,医疗,栀子,275,20260701,5583
20260701,医疗,主治医师和副主任医师哪个级别高,275,20260701,5584
20260701,医疗,肝在身体的哪个部位,275,20260701,5585
20260701,医疗,逍遥丸的功效和作用,275,20260701,5586
20260701,医疗,锌的作用和功效,275,20260701,5587
20260701,医疗,无花果干的功效与作用对女人的好处,275,20260701,5588
20260701,医疗,卵巢囊肿,275,20260701,5589
20260701,医疗,乙肝有什么明显的症状,275,20260701,5590
20260701,医疗,巴氏刷牙法,275,20260701,5591
20260701,医疗,胃不好吃什么养胃最好,275,20260701,5592
20260701,医疗,炉甘石洗剂功能与用法,275,20260701,5593
20260701,医疗,乳腺结节4a怎么判断良性还是恶性,275,20260701,5594
20260701,医疗,流产要休息多少天合适,275,20260701,5595
20260701,医疗,心理医生在线咨询24小时,275,20260701,5596
20260701,医疗,大便是黑色的是什么原因,275,20260701,5597
20260701,医疗,植物神经紊乱吃什么药好得快,275,20260701,5598
20260701,医疗,葡萄糖酸钙锌口服溶液的作用与功效,275,20260701,5599
20260701,医疗,替米沙坦片是降高压还是降低压,275,20260701,5600
20260701,医疗,肺部有结节怎么治疗可以消除,275,20260701,5601
20260701,医疗,高锰酸钾坐浴痔疮的正确方法,274,20260701,5602
20260701,医疗,优思悦,274,20260701,5603
20260701,医疗,铁观音的功效与作用,274,20260701,5604
20260701,医疗,烟酸的功效与作用,274,20260701,5605
20260701,医疗,牛蒡,274,20260701,5606
20260701,医疗,过敏性鼻炎的症状及治疗方法,274,20260701,5607
20260701,医疗,诺氟沙星,274,20260701,5608
20260701,医疗,吃茄子有什么好处和坏处,274,20260701,5609
20260701,医疗,优甲乐的正确服用方法和时间,274,20260701,5610
20260701,医疗,主任医师和主治医师的区别,274,20260701,5611
20260701,医疗,"宫外孕手术危险性大吗,需要多久",274,20260701,5612
20260701,医疗,五味子泡水喝有什么作用,274,20260701,5613
20260701,医疗,内分泌失调女性有哪些症状,274,20260701,5614
20260701,医疗,蜂糖李的功效与作用,274,20260701,5615
20260701,医疗,餐后血糖在11到13严重吗,274,20260701,5616
20260701,医疗,四君子汤配方,274,20260701,5617
20260701,医疗,王二明配方茶的功效与作用,274,20260701,5618
20260701,医疗,维生素k2的作用及功能,274,20260701,5619
20260701,医疗,金钻绿植的功效与作用,274,20260701,5620
20260701,医疗,疝气是什么症状,274,20260701,5621
20260701,医疗,鼻涕倒流到咽喉老吐痰怎么治,274,20260701,5622
20260701,医疗,tfcc,274,20260701,5623
20260701,医疗,阿莫西林胶囊,274,20260701,5624
20260701,医疗,灌肠对人体有什么好处和坏处,274,20260701,5625
20260701,医疗,萆薢的功效与作用,274,20260701,5626
20260701,医疗,痰湿体质怎样调理能彻底去根,274,20260701,5627
20260701,医疗,风寒感冒和风热感冒的区别,274,20260701,5628
20260701,医疗,藿香正气水的功效与主治作用,274,20260701,5629
20260701,医疗,山药和什么搭配是最营养的,274,20260701,5630
20260701,医疗,盐酸氨溴索静脉注射的功效与作用,274,20260701,5631
20260701,医疗,胃复安又叫什么名字,274,20260701,5632
20260701,医疗,阿托伐他汀,274,20260701,5633
20260701,医疗,川崎病,273,20260701,5634
20260701,医疗,头疼的原因有哪些,273,20260701,5635
20260701,医疗,女性更年期一般在什么年龄段,273,20260701,5636
20260701,医疗,炒鸡内金的功效与作用,273,20260701,5637
20260701,医疗,奥美拉唑肠溶胶囊一天吃几次,273,20260701,5638
20260701,医疗,流产最佳时间是多少天到多少天,273,20260701,5639
20260701,医疗,黎麦米的功效,273,20260701,5640
20260701,医疗,克罗恩病,273,20260701,5641
20260701,医疗,姜黄粉的作用与功效,273,20260701,5642
20260701,医疗,洁尔阴洗液的功效与作用,273,20260701,5643
20260701,医疗,肝脏的两种转氨酶分别是什么意思,273,20260701,5644
20260701,医疗,大睡特睡能修复大脑?流言榜发布,273,20260701,5645
20260701,医疗,氨基葡萄糖胶囊对关节痛有疗效吗,273,20260701,5646
20260701,医疗,一天喝多少毫升的水最好,273,20260701,5647
20260701,医疗,高血压不能吃的食物有哪些,273,20260701,5648
20260701,医疗,维生素b族的功效与作用和适用人群,273,20260701,5649
20260701,医疗,龙胆泻肝丸的功效和主治作用,273,20260701,5650
20260701,医疗,马蜂蜇人怎么消肿止痒,273,20260701,5651
20260701,医疗,孕妇不能吃哪些食物,273,20260701,5652
20260701,医疗,血压计哪个牌子质量好又精准,273,20260701,5653
20260701,医疗,心力衰竭有什么症状表现,273,20260701,5654
20260701,医疗,妥布霉素滴眼液的功效与作用用法用量,273,20260701,5655
20260701,医疗,双氯芬酸钠缓释片一天最多吃几片,273,20260701,5656
20260701,医疗,前庭大腺囊肿女性怎么治疗,273,20260701,5657
20260701,医疗,乳腺结节一二三四级对照表,273,20260701,5658
20260701,医疗,蔓越莓的功效与作用对女性妇科,273,20260701,5659
20260701,医疗,蓝莓一天吃多少粒最好,273,20260701,5660
20260701,医疗,彩椒生吃有什么功效和作用,273,20260701,5661
20260701,医疗,血沉是什么意思,273,20260701,5662
20260701,医疗,肉豆蔻的功效与作用,273,20260701,5663
20260701,医疗,腹泻拉稀水最快的治疗方法,272,20260701,5664
20260701,医疗,白细胞计数高说明什么问题,272,20260701,5665
20260701,医疗,乳腺疼痛什么原因引起的,272,20260701,5666
20260701,医疗,心电图正常值对照表,272,20260701,5667
20260701,医疗,樟冰油的功效和作用,272,20260701,5668
20260701,医疗,脚心疼是怎么回事什么原因造成的,272,20260701,5669
20260701,医疗,手指上长了类似水泡的小疙瘩怎么办,272,20260701,5670
20260701,医疗,赤芍的功效与作用,272,20260701,5671
20260701,医疗,艾地苯醌片的功效和副作用,272,20260701,5672
20260701,医疗,玫瑰糠疹图片,272,20260701,5673
20260701,医疗,血压低身体会出现什么症状,272,20260701,5674
20260701,医疗,慢阻肺怎么治疗才能彻底治好,272,20260701,5675
20260701,医疗,松龄血脉康胶囊功效与作用,272,20260701,5676
20260701,医疗,三级医院和三甲医院区别,272,20260701,5677
20260701,医疗,蒲公英的功效作用与主治,272,20260701,5678
20260701,医疗,头孢克洛和头孢克肟的区别,272,20260701,5679
20260701,医疗,血糖正常值,272,20260701,5680
20260701,医疗,易坦静氨溴特罗口服溶液的功效,271,20260701,5681
20260701,医疗,左旋肉碱的作用与功效,271,20260701,5682
20260701,医疗,罗沙司他胶囊的作用与功效,271,20260701,5683
20260701,医疗,右归丸,271,20260701,5684
20260701,医疗,癌症,271,20260701,5685
20260701,医疗,酪酸梭菌活菌胶囊的作用与效果,271,20260701,5686
20260701,医疗,肛门瘙痒症用什么药膏可以根治,271,20260701,5687
20260701,医疗,白内障的症状和表现,271,20260701,5688
20260701,医疗,富贵包是怎么引起的,271,20260701,5689
20260701,医疗,赶黄草的作用与功效对肝脏,271,20260701,5690
20260701,医疗,布洛芬缓释胶囊,271,20260701,5691
20260701,医疗,甲鱼的功效与作用及营养,271,20260701,5692
20260701,医疗,降糖药效果最好的是什么药,271,20260701,5693
20260701,医疗,耳石症的复位方法演示,271,20260701,5694
20260701,医疗,磁共振能查出哪些病,271,20260701,5695
20260701,医疗,嘌呤是什么意思?,271,20260701,5696
20260701,医疗,芍药的作用和功效,271,20260701,5697
20260701,医疗,乌鸡白凤丸,271,20260701,5698
20260701,医疗,静脉曲张挂什么号挂哪个科室,271,20260701,5699
20260701,医疗,鸡眼,271,20260701,5700
20260701,医疗,膝盖酸酸的不舒服什么原因,271,20260701,5701
20260701,医疗,蛋黄的营养价值及功效,271,20260701,5702
20260701,医疗,早上起来口干口苦是怎么回事,271,20260701,5703
20260701,医疗,脚底痒是什么原因.越抓越痒,271,20260701,5704
20260701,医疗,右美沙芬,271,20260701,5705
20260701,医疗,六味地黄丸治什么病,271,20260701,5706
20260701,医疗,琥珀酸美托洛尔缓释片的作用与功效,271,20260701,5707
20260701,医疗,贲门,271,20260701,5708
20260701,医疗,乙肝能治愈吗,271,20260701,5709
20260701,医疗,阿斯伯格综合症是什么病,270,20260701,5710
20260701,医疗,花粉的功效与作用,270,20260701,5711
20260701,医疗,肾不好有哪些症状表现出来,270,20260701,5712
20260701,医疗,草酸艾司西酞普兰片功效和副作用,270,20260701,5713
20260701,医疗,鸡皮肤怎么治才能彻底根除,270,20260701,5714
20260701,医疗,乳铁蛋白作用与功效,270,20260701,5715
20260701,医疗,真菌感染用什么药最好,270,20260701,5716
20260701,医疗,猪尾巴炖什么补肾壮阳最好,270,20260701,5717
20260701,医疗,列缺的准确位置图片及功效,270,20260701,5718
20260701,医疗,肾阳虚的症状有哪些表现,270,20260701,5719
20260701,医疗,感冒咳嗽吃什么药效果好,270,20260701,5720
20260701,医疗,餐前血糖值是多少正常,270,20260701,5721
20260701,医疗,香雪制药,270,20260701,5722
20260701,医疗,宫颈病变是什么症状,270,20260701,5723
20260701,医疗,微创手术是什么样的手术,270,20260701,5724
20260701,医疗,双氯芬酸钠缓释胶囊对腰间盘突出有用吗,270,20260701,5725
20260701,医疗,姜黄,270,20260701,5726
20260701,医疗,浙江医药,270,20260701,5727
20260701,医疗,伸筋草的功效和作用,270,20260701,5728
20260701,医疗,吸入用布地奈德混悬液作用与功效,270,20260701,5729
20260701,医疗,试管婴儿的步骤过程详细,270,20260701,5730
20260701,医疗,凤梨的功效与作用,270,20260701,5731
20260701,医疗,鲫鱼的功效与作用,270,20260701,5732
20260701,医疗,小腹疼痛什么原因女性,270,20260701,5733
20260701,医疗,硝苯地平控释片正确吃法,269,20260701,5734
20260701,医疗,硒酵母片的作用与功效,269,20260701,5735
20260701,医疗,吲哚美辛片功能与主治,269,20260701,5736
20260701,医疗,透骨膏的功效与作用,269,20260701,5737
20260701,医疗,脉率多少算正常范围,269,20260701,5738
20260701,医疗,宫颈息肉有什么症状和危害,269,20260701,5739
20260701,医疗,参苓健脾胃颗粒的功效与作用,269,20260701,5740
20260701,医疗,花生对血管是好还是坏,269,20260701,5741
20260701,医疗,稳心颗粒是治心跳快还是心跳慢,269,20260701,5742
20260701,医疗,西瓜霜对口腔溃疡有用吗,269,20260701,5743
20260701,医疗,左氧氟沙星氯化钠注射作用是什么,269,20260701,5744
20260701,医疗,天麻钩藤饮的配方,269,20260701,5745
20260701,医疗,白术的图片,269,20260701,5746
20260701,医疗,西替利嗪,269,20260701,5747
20260701,医疗,康芝药业,269,20260701,5748
20260701,医疗,鱼跃医疗,269,20260701,5749
20260701,医疗,血糖高忌口10大食物,269,20260701,5750
20260701,医疗,肩周炎有哪些症状,269,20260701,5751
20260701,医疗,萘敏维滴眼液的功效与作用,269,20260701,5752
20260701,医疗,双氯芬酸钾分散片的作用与功效,269,20260701,5753
20260701,医疗,槲皮素的作用与功效,269,20260701,5754
20260701,医疗,腿上出现红色的斑点咋回事,269,20260701,5755
20260701,医疗,脖子上长了个硬包是怎么回事,269,20260701,5756
20260701,医疗,苏子的功效与作用,269,20260701,5757
20260701,医疗,酚麻美敏片的功效与作用,269,20260701,5758
20260701,医疗,赛来西布的功效主治?,269,20260701,5759
20260701,医疗,生殖系统器疱疹的症状和图片,269,20260701,5760
20260701,医疗,海豹油,269,20260701,5761
20260701,医疗,药物流产一般多少天可以干净,269,20260701,5762
20260701,医疗,子宫切除后能过正常的夫妻生活吗,269,20260701,5763
20260701,医疗,果胶铋胶囊的功效和作用,269,20260701,5764
20260701,医疗,紫河车,269,20260701,5765
20260701,医疗,减肥餐 一日三餐食谱月瘦10斤,269,20260701,5766
20260701,医疗,后脑勺一阵一阵的痛像拉扯神经,269,20260701,5767
20260701,医疗,龙角散的功效与作用,269,20260701,5768
20260701,医疗,痰多粘稠吐不完喉咙粘粘的怎么办,269,20260701,5769
20260701,医疗,上海莱士,268,20260701,5770
20260701,医疗,心脏彩超检查费用多少,268,20260701,5771
20260701,医疗,番石榴的功效,268,20260701,5772
20260701,医疗,量血压左手还是右手比较准确,268,20260701,5773
20260701,医疗,安定片的功效与作用,268,20260701,5774
20260701,医疗,保和丸,268,20260701,5775
20260701,医疗,金荞麦的功效与作用,268,20260701,5776
20260701,医疗,独活寄生汤的配方及剂量,268,20260701,5777
20260701,医疗,灰指甲图片早期图片,268,20260701,5778
20260701,医疗,颈椎病引起脑供血不足的5个表现,268,20260701,5779
20260701,医疗,肚子大了是什么原因造成的,268,20260701,5780
20260701,医疗,晚餐吃什么健康又营养还减肥,268,20260701,5781
20260701,医疗,南瓜藤的功效与作用,268,20260701,5782
20260701,医疗,中风和脑梗有什么区别,268,20260701,5783
20260701,医疗,转移因子口服液作用与功效,268,20260701,5784
20260701,医疗,紫苏叶图片,268,20260701,5785
20260701,医疗,香丹注射注液功效,268,20260701,5786
20260701,医疗,多巴丝肼片的作用与功效,267,20260701,5787
20260701,医疗,卵巢癌的症状和前兆有哪些,267,20260701,5788
20260701,医疗,手关节疼是怎么回事什么原因造成的,267,20260701,5789
20260701,医疗,普洛药业,267,20260701,5790
20260701,医疗,肺结核通过什么途径传染给别人,267,20260701,5791
20260701,医疗,绿豆汤升血糖吗,267,20260701,5792
20260701,医疗,柴胡舒肝丸的功效与主治作用,267,20260701,5793
20260701,医疗,AED,267,20260701,5794
20260701,医疗,曲马多的功效副作用百度百科,267,20260701,5795
20260701,医疗,泰国vc片,267,20260701,5796
20260701,医疗,男孩子的生长发育期年龄表,267,20260701,5797
20260701,医疗,月经有血块是怎么回事,267,20260701,5798
20260701,医疗,精神医学,267,20260701,5799
20260701,医疗,氢氯噻嗪片的作用与功效,267,20260701,5800
20260701,医疗,护肝片哪个牌子效果最好,267,20260701,5801
20260701,医疗,生脉饮四种人不能吃,267,20260701,5802
20260701,医疗,云南白药粉的作用与功效,267,20260701,5803
20260701,医疗,按摩精油进入女性私处会伤肾吗,267,20260701,5804
20260701,医疗,胃镜检查前需要注意什么,267,20260701,5805
20260701,医疗,前列腺癌症状有哪些表现,267,20260701,5806
20260701,医疗,谷氨酰基转移酶高是什么原因造成的怎么样能降低,267,20260701,5807
20260701,医疗,硝苯地平控释片,267,20260701,5808
20260701,医疗,糖尿病人可以吃什么水果,267,20260701,5809
20260701,医疗,生物医药,267,20260701,5810
20260701,医疗,包皮裂口子是怎么回事,267,20260701,5811
20260701,医疗,印堂在什么位置,267,20260701,5812
20260701,医疗,人流后多久可以洗澡,267,20260701,5813
20260701,医疗,阿托伐他汀钙片的作用功效,267,20260701,5814
20260701,医疗,苦瓜能降血糖吗,267,20260701,5815
20260701,医疗,麝香保心丸的正确吃法,267,20260701,5816
20260701,医疗,荆芥图片,267,20260701,5817
20260701,医疗,短效避孕药的危害和副作用,266,20260701,5818
20260701,医疗,胶股蓝有什么功效,266,20260701,5819
20260701,医疗,盐酸赛庚啶片的功效与作用,266,20260701,5820
20260701,医疗,维生素d滴剂早上吃还是晚上吃,266,20260701,5821
20260701,医疗,武汉同济医院,266,20260701,5822
20260701,医疗,鳞状上皮指标高是怎么回事,266,20260701,5823
20260701,医疗,经常拉肚子是什么原因,266,20260701,5824
20260701,医疗,带鱼的营养价值及功效,266,20260701,5825
20260701,医疗,人的血压正常标准是多少,266,20260701,5826
20260701,医疗,火龙果的功效和作用,266,20260701,5827
20260701,医疗,女人吃伟哥会有什么症状,266,20260701,5828
20260701,医疗,hpv16阳性是什么意思,266,20260701,5829
20260701,医疗,酒精中毒的症状及表现,266,20260701,5830
20260701,医疗,何首乌,266,20260701,5831
20260701,医疗,胎盘有什么作用与功效,266,20260701,5832
20260701,医疗,纳豆激酶对血管斑块有作用吗,266,20260701,5833
20260701,医疗,湿疹图片,266,20260701,5834
20260701,医疗,水银温度计腋下测量需要几分钟,266,20260701,5835
20260701,医疗,下腹部有坠胀感和隐痛,265,20260701,5836
20260701,医疗,扁桃体发炎,265,20260701,5837
20260701,医疗,脂必泰胶囊的功效与副作用,265,20260701,5838
20260701,医疗,针灸后多久可以洗澡,265,20260701,5839
20260701,医疗,青光眼是什么原因造成的眼病,265,20260701,5840
20260701,医疗,肾骨片的功效与作用,265,20260701,5841
20260701,医疗,胸部刺痛一阵一阵的痛什么原因,265,20260701,5842
20260701,医疗,破伤风什么情况下需要打,265,20260701,5843
20260701,医疗,粘液丝高是怎么回事男性,265,20260701,5844
20260701,医疗,石斛夜光丸的功效与作用,265,20260701,5845
20260701,医疗,开塞露,265,20260701,5846
20260701,医疗,慢性支气管炎怎么治疗才能除根,265,20260701,5847
20260701,医疗,肝硬化晚期最怕三个征兆,265,20260701,5848
20260701,医疗,夏天出汗特别多是什么原因,265,20260701,5849
20260701,医疗,四消丸的功效与作用治什么病,265,20260701,5850
20260701,医疗,猫须草的功效与作用,265,20260701,5851
20260701,医疗,咳嗽喉咙痒干咳最快的方法,265,20260701,5852
20260701,医疗,神经外科主要治什么病,265,20260701,5853
20260701,医疗,氯吡格雷,265,20260701,5854
20260701,医疗,参苓白术丸,265,20260701,5855
20260701,医疗,透骨草图片,264,20260701,5856
20260701,医疗,普伐他汀钠片的作用及副作用,264,20260701,5857
20260701,医疗,白带有血褐色分泌物怎么回事,264,20260701,5858
20260701,医疗,癫痫病怎么才能彻底治好,264,20260701,5859
20260701,医疗,小柴胡颗粒的功效与主治病症,264,20260701,5860
20260701,医疗,饱和脂肪酸和不饱和脂肪酸的区别,264,20260701,5861
20260701,医疗,血热的调理方法,264,20260701,5862
20260701,医疗,参茸养心益肾胶囊的功效与作用,264,20260701,5863
20260701,医疗,尿液混浊还有白色沉淀物是怎么回事,264,20260701,5864
20260701,医疗,五苓散,264,20260701,5865
20260701,医疗,血糖高的症状表现有哪些,264,20260701,5866
20260701,医疗,少商的准确位置图,264,20260701,5867
20260701,医疗,胃底腺息肉是什么意思,264,20260701,5868
20260701,医疗,尿酸高怎么能降下来,264,20260701,5869
20260701,医疗,宣武医院,264,20260701,5870
20260701,医疗,补血补气最好最快的方法和食物,264,20260701,5871
20260701,医疗,酒酿的功效与作用,264,20260701,5872
20260701,医疗,鼻中隔偏曲有什么症状和危害,264,20260701,5873
20260701,医疗,早泄吃什么中药,264,20260701,5874
20260701,医疗,黄柏,264,20260701,5875
20260701,医疗,锁骨疼痛要警惕的三种病,264,20260701,5876
20260701,医疗,太渊准确位置图和作用及功效,264,20260701,5877
20260701,医疗,藠头的功效与作用,264,20260701,5878
20260701,医疗,香瓜含糖量高吗?,264,20260701,5879
20260701,医疗,甲沟炎是什么病状,264,20260701,5880
20260701,医疗,磷霉素氨丁三醇散的作用与功效,264,20260701,5881
20260701,医疗,孟鲁司特钠片为什么要晚上吃,263,20260701,5882
20260701,医疗,美林布洛芬混悬液儿童用量,263,20260701,5883
20260701,医疗,经常放屁是什么原因 女士,263,20260701,5884
20260701,医疗,地屈孕酮片的正确吃法,263,20260701,5885
20260701,医疗,寻麻疹,263,20260701,5886
20260701,医疗,肺腺癌一般能活多久,263,20260701,5887
20260701,医疗,锌的作用与功效,263,20260701,5888
20260701,医疗,杞菊地黄丸,263,20260701,5889
20260701,医疗,卵巢囊肿有什么症状和表现,263,20260701,5890
20260701,医疗,手指头关节弯曲疼痛怎么办,263,20260701,5891
20260701,医疗,血小板分布宽度偏高有什么危害,263,20260701,5892
20260701,医疗,牙齿痛怎么办怎么快速止痛,263,20260701,5893
20260701,医疗,金振口服液的功效与作用,263,20260701,5894
20260701,医疗,三华李子的功效与作用,263,20260701,5895
20260701,医疗,备孕期间吃什么容易受孕,263,20260701,5896
20260701,医疗,恶露一般多久排干净,263,20260701,5897
20260701,医疗,鸡内金化结石的正确吃法,263,20260701,5898
20260701,医疗,肉桂粉的正确吃法和功效,263,20260701,5899
20260701,医疗,附片的功效与作用与主治,263,20260701,5900
20260701,医疗,血栓是怎样形成的,263,20260701,5901
20260701,医疗,三叉神经痛吃什么药效果最好,263,20260701,5902
20260701,医疗,超雄综合征是什么意思,262,20260701,5903
20260701,医疗,知柏地黄丸的配方,262,20260701,5904
20260701,医疗,考格列汀片的功效与作用,262,20260701,5905
20260701,医疗,炉甘石是止痒还是消炎,262,20260701,5906
20260701,医疗,滋补肝肾丸作用和功效,262,20260701,5907
20260701,医疗,浑身酸痛乏力感觉疲惫什么原因,262,20260701,5908
20260701,医疗,感冒灵颗粒的功效与作用,262,20260701,5909
20260701,医疗,骨折恢复过程中的四大禁忌,262,20260701,5910
20260701,医疗,诺氟沙星胶囊的功能与主治,262,20260701,5911
20260701,医疗,诺氟沙星一次吃几粒,262,20260701,5912
20260701,医疗,红曲米的功效与作用及食用方法,262,20260701,5913
20260701,医疗,胃寒的症状有哪些,262,20260701,5914
20260701,医疗,指甲上有竖纹是什么原因,262,20260701,5915
20260701,医疗,遗精,262,20260701,5916
20260701,医疗,瑞舒伐他汀的副作用与危害,262,20260701,5917
20260701,医疗,碘伏泡脚有用吗可以治脚气吗,262,20260701,5918
20260701,医疗,红细胞计数偏低是怎么回事,262,20260701,5919
20260701,医疗,春砂仁功效作用与主治,262,20260701,5920
20260701,医疗,静脉曲张吃什么药最好 腿部,262,20260701,5921
20260701,医疗,香砂六君丸,262,20260701,5922
20260701,医疗,流鼻血是什么原因引起的,262,20260701,5923
20260701,医疗,驴肉的功效与作用,262,20260701,5924
20260701,医疗,泽泻,262,20260701,5925
20260701,医疗,喝大麦茶有什么好处和功效,262,20260701,5926
20260701,医疗,前列腺肥大是什么原因引起的怎样治疗,262,20260701,5927
20260701,医疗,血糖高能吃西瓜吗,262,20260701,5928
20260701,医疗,转呼啦圈能减腰部和肚子赘肉吗,262,20260701,5929
20260701,医疗,波立维,262,20260701,5930
20260701,医疗,医生:长期情绪压抑会改变激素,262,20260701,5931
20260701,医疗,玛咖的作用与功效,261,20260701,5932
20260701,医疗,盐酸左氧氟沙星滴眼液作用和功效,261,20260701,5933
20260701,医疗,脓毒血症是什么病,261,20260701,5934
20260701,医疗,热淋清颗粒的功效与作用尿路感染,261,20260701,5935
20260701,医疗,当归芍药散的功效与作用,261,20260701,5936
20260701,医疗,虫草花的功效与主治功能与作用,261,20260701,5937
20260701,医疗,三伏贴的中药配方,261,20260701,5938
20260701,医疗,头痛一阵一阵的跳着痛什么原因,261,20260701,5939
20260701,医疗,胃痛怎么办最快缓解方法,261,20260701,5940
20260701,医疗,枸橼酸西地那非片的功效,261,20260701,5941
20260701,医疗,香橼的功效与作用,261,20260701,5942
20260701,医疗,银屑病怎么治才能断根,261,20260701,5943
20260701,医疗,草珊瑚含片的作用与功效,261,20260701,5944
20260701,医疗,头皮长小疙瘩是什么原因引起的,261,20260701,5945
20260701,医疗,手指头麻木怎么回事,261,20260701,5946
20260701,医疗,牙痛吃啥药最快最有效,261,20260701,5947
20260701,医疗,肺纤维化什么意思,261,20260701,5948
20260701,医疗,华山医院,261,20260701,5949
20260701,医疗,黄柏的功效与作用,261,20260701,5950
20260701,医疗,10岁男孩正常身高是多少,260,20260701,5951
20260701,医疗,康恩贝护肝片是正规药吗,260,20260701,5952
20260701,医疗,体质指数公式(BMI)=体重(kg)÷身高^2(m),260,20260701,5953
20260701,医疗,舍曲林片的功效与作用,260,20260701,5954
20260701,医疗,胰岛素的作用及功能主治,260,20260701,5955
20260701,医疗,卵巢囊肿需要做手术吗,260,20260701,5956
20260701,医疗,山楂陈皮泡水喝的功效,260,20260701,5957
20260701,医疗,肝郁脾虚怎么调理最有效,260,20260701,5958
20260701,医疗,毛豆的功效与作用,260,20260701,5959
20260701,医疗,冠状动脉钙化是怎么回事,260,20260701,5960
20260701,医疗,肝火旺盛的表现症状,260,20260701,5961
20260701,医疗,舒必利片的功效与作用,260,20260701,5962
20260701,医疗,拉肚子吃什么药好得快最有效,260,20260701,5963
20260701,医疗,天冬氨酸氨基转移酶偏高是怎么回事,260,20260701,5964
20260701,医疗,颈康胶囊的功效和作用,260,20260701,5965
20260701,医疗,胃肠炎的症状是哪些,260,20260701,5966
20260701,医疗,氨糖,260,20260701,5967
20260701,医疗,叶酸片什么时候吃最好备孕,260,20260701,5968
20260701,医疗,37.8度算发烧吗,260,20260701,5969
20260701,医疗,内消瘰疬丸主治哪里的结节最好,260,20260701,5970
20260701,医疗,罗汉果正确泡水方法,260,20260701,5971
20260701,医疗,胆汁反流性胃炎怎么治疗最好最快,260,20260701,5972
20260701,医疗,溃疡性结肠炎,260,20260701,5973
20260701,医疗,曲马多,260,20260701,5974
20260701,医疗,黑便是什么原因造成的,260,20260701,5975
20260701,医疗,全身无力没精神感觉好累是什么原因,260,20260701,5976
20260701,医疗,糖尿病人能吃桃子吗,260,20260701,5977
20260701,医疗,蒲地蓝消炎片,260,20260701,5978
20260701,医疗,月经不调吃什么药能恢复正常例假,260,20260701,5979
20260701,医疗,槐角丸的功效与作用治痔疮管用吗,259,20260701,5980
20260701,医疗,胰腺癌的症状有哪些表现和前兆,259,20260701,5981
20260701,医疗,风湿病有哪些症状,259,20260701,5982
20260701,医疗,耻骨,259,20260701,5983
20260701,医疗,反复发烧是怎么回事,259,20260701,5984
20260701,医疗,人的五官准确是哪五官,259,20260701,5985
20260701,医疗,牙疼,259,20260701,5986
20260701,医疗,康弘药业,259,20260701,5987
20260701,医疗,金银酶1―5,259,20260701,5988
20260701,医疗,黄皮果是寒性还是热性,259,20260701,5989
20260701,医疗,脖子粗是甲亢还是甲状腺结节,259,20260701,5990
20260701,医疗,上海第一人民医院,259,20260701,5991
20260701,医疗,王氏保赤丸的作用与功效,259,20260701,5992
20260701,医疗,慢性胃炎用什么药效果最好,259,20260701,5993
20260701,医疗,肾小球滤过率低是怎么回事,259,20260701,5994
20260701,医疗,鼻炎怎么治疗彻底除根效果最好,259,20260701,5995
20260701,医疗,血糖高吃什么药最好最快最有效,259,20260701,5996
20260701,医疗,破壁灵芝孢子功效与作用,259,20260701,5997
20260701,医疗,联苯苄唑喷雾功效,259,20260701,5998
20260701,医疗,护心宝的功效是什么?,259,20260701,5999
20260701,医疗,糖尿病并发症都有哪些症状,259,20260701,6000
20260701,医疗,大型血小板比率偏低是什么原因,259,20260701,6001
20260701,医疗,黄栀子的功效与作用,259,20260701,6002
20260701,医疗,低糖水果有哪些?,259,20260701,6003
20260701,医疗,苯海拉明的功效与作用,259,20260701,6004
20260701,医疗,博瑞医药,259,20260701,6005
20260701,医疗,燕麦片血糖高的人可以吃吗,259,20260701,6006
20260701,医疗,达泊西汀如何正确使用,259,20260701,6007
20260701,医疗,打呼噜是什么原因引起的能治好吗,258,20260701,6008
20260701,医疗,嘴唇发白是什么原因引起的,258,20260701,6009
20260701,医疗,腰椎间盘突出吃什么药最好最有效,258,20260701,6010
20260701,医疗,晚上咳嗽白天不怎么咳嗽是什么原因,258,20260701,6011
20260701,医疗,刺梨干果泡水喝的功效与作用,258,20260701,6012
20260701,医疗,胡麻油的功效和作用,258,20260701,6013
20260701,医疗,头部出汗特别厉害是什么原因,258,20260701,6014
20260701,医疗,双氯芬酸钠栓塞肛门多久用一次,258,20260701,6015
20260701,医疗,301解放军总医院,258,20260701,6016
20260701,医疗,bmi怎么计算,258,20260701,6017
20260701,医疗,舌头上有溃疡很疼怎样解决,258,20260701,6018
20260701,医疗,缺维生素d有什么症状和危害,258,20260701,6019
20260701,医疗,广州医科大学附属医院第一附属医院脑科,258,20260701,6020
20260701,医疗,头晕恶心想吐是什么原因,258,20260701,6021
20260701,医疗,鼻子,258,20260701,6022
20260701,医疗,总胆固醇偏高原因,258,20260701,6023
20260701,医疗,阴虚火旺要怎么调理才能好得快,258,20260701,6024
20260701,医疗,萎缩性胃炎c2型是什么意思,258,20260701,6025
20260701,医疗,流食指的是哪些食物,258,20260701,6026
20260701,医疗,苯磺酸氨氯地平片副作用和危害,258,20260701,6027
20260701,医疗,蚊子喜欢叮咬什么血型的人?,258,20260701,6028
20260701,医疗,颈椎,258,20260701,6029
20260701,医疗,胃反酸是什么原因造成的,258,20260701,6030
20260701,医疗,附近医院离我位置最近医院,258,20260701,6031
20260701,医疗,牙疼吃什么药既能消炎又能止痛,258,20260701,6032
20260701,医疗,肺大泡是什么原因导致的能治愈吗,258,20260701,6033
20260701,医疗,华素片的功效与作用,258,20260701,6034
20260701,医疗,下面长疙瘩是怎么回事,258,20260701,6035
20260701,医疗,支气管扩张怎么治疗才能恢复,258,20260701,6036
20260701,医疗,汗疱疹图片和症状图片,258,20260701,6037
20260701,医疗,b型钠尿肽高说明什么问题,258,20260701,6038
20260701,医疗,丰隆穴位置及功效,258,20260701,6039
20260701,医疗,北陆药业,257,20260701,6040
20260701,医疗,同房出血什么原因引起,257,20260701,6041
20260701,医疗,柴胡的功效,257,20260701,6042
20260701,医疗,太阳穴疼是怎么回事,257,20260701,6043
20260701,医疗,血糖高可以吃什么水果,257,20260701,6044
20260701,医疗,氟哌酸和诺氟沙星是一个药吗,257,20260701,6045
20260701,医疗,超敏c反应蛋白高代表什么意思,257,20260701,6046
20260701,医疗,淋巴瘤,257,20260701,6047
20260701,医疗,软骨素的作用与功效,257,20260701,6048
20260701,医疗,当归补血汤的配方,257,20260701,6049
20260701,医疗,金纳多片的功效与作用,257,20260701,6050
20260701,医疗,消融术是什么手术,257,20260701,6051
20260701,医疗,意米仁怎么吃去湿气效果好,257,20260701,6052
20260701,医疗,牙龈萎缩是怎么回事?能治愈吗,257,20260701,6053
20260701,医疗,大葱的作用和功效,257,20260701,6054
20260701,医疗,肺结节是什么原因形成,257,20260701,6055
20260701,医疗,头孢克洛干混悬剂的作用及功效,257,20260701,6056
20260701,医疗,细菌性阴炎症状表现,257,20260701,6057
20260701,医疗,缬沙坦,257,20260701,6058
20260701,医疗,"阿莫西林一天几次,一次几粒",257,20260701,6059
20260701,医疗,西瓜糖分高吗,257,20260701,6060
20260701,医疗,正常体温,257,20260701,6061
20260701,医疗,秋葵的营养价值及功效与作用,256,20260701,6062
20260701,医疗,风热和风寒感冒的区别,256,20260701,6063
20260701,医疗,双飞人药水的功效和作用,256,20260701,6064
20260701,医疗,胸口闷感觉喘不过气是怎么回事,256,20260701,6065
20260701,医疗,杠板归的功效与作用,256,20260701,6066
20260701,医疗,六位地黄丸作用功效,256,20260701,6067
20260701,医疗,13岁男孩标准身高,256,20260701,6068
20260701,医疗,激素药对身体有哪些危害和副作用,256,20260701,6069
20260701,医疗,膀胱炎有哪些症状,256,20260701,6070
20260701,医疗,阿司匹林肠溶片吃了血小板会降低吗,256,20260701,6071
20260701,医疗,利马前列素片的作用与功效,256,20260701,6072
20260701,医疗,阳虚的症状有哪些表现,256,20260701,6073
20260701,医疗,泡脚的好处和功效与作用,256,20260701,6074
20260701,医疗,畸胎瘤,256,20260701,6075
20260701,医疗,cea癌胚抗原是什么意思,256,20260701,6076
20260701,医疗,呋喃硫胺片的功效与作用?,256,20260701,6077
20260701,医疗,心脏起搏器手术总费用,256,20260701,6078
20260701,医疗,金刚藤胶囊主要治什么妇科病,256,20260701,6079
20260701,医疗,祛湿气最快最好的中成药,256,20260701,6080
20260701,医疗,辛芩颗粒的功能主治,256,20260701,6081
20260701,医疗,香砂养胃丸,256,20260701,6082
20260701,医疗,失眠吃什么药效果好,256,20260701,6083
20260701,医疗,木糖醇是什么东西,256,20260701,6084
20260701,医疗,柿子叶子泡水喝可以降血压吗,256,20260701,6085
20260701,医疗,浮小麦止汗最佳配方,256,20260701,6086
20260701,医疗,心电图t波改变说明什么问题,256,20260701,6087
20260701,医疗,青霉素v钾片的功效与作用,256,20260701,6088
20260701,医疗,枯草杆菌二联活菌颗粒的作用与功效,256,20260701,6089
20260701,医疗,威灵仙的功效与作用,256,20260701,6090
20260701,医疗,掉头发是什么原因男性,256,20260701,6091
20260701,医疗,爱出汗一动就大汗淋漓是怎么回事,256,20260701,6092
20260701,医疗,干眼症,256,20260701,6093
20260701,医疗,女性潮热是什么症状表现,256,20260701,6094
20260701,医疗,制何首乌的功效和作用,256,20260701,6095
20260701,医疗,达格列净的副作用是什么,256,20260701,6096
20260701,医疗,六神曲的功效与作用,256,20260701,6097
20260701,医疗,hp感染是什么意思,256,20260701,6098
20260701,医疗,马尿酸乌洛托品片的功效作用,256,20260701,6099
20260701,医疗,胆汁反流是什么症状表现,256,20260701,6100
20260701,医疗,焦虑症躯体化症状有哪些表现,256,20260701,6101
20260701,医疗,月经推迟几天可以查出怀孕,256,20260701,6102
20260701,医疗,更年期一般在什么年龄,255,20260701,6103
20260701,医疗,创新药,255,20260701,6104
20260701,医疗,心脏支架后十大禁忌,255,20260701,6105
20260701,医疗,逍遥丸功效作用与主治,255,20260701,6106
20260701,医疗,氯芬黄敏片的功效与作用,255,20260701,6107
20260701,医疗,熄风通络片的功效与作用,255,20260701,6108
20260701,医疗,胆囊息肉多少mm需要做手术,255,20260701,6109
20260701,医疗,过敏性紫癜的症状是什么,255,20260701,6110
20260701,医疗,胰腺炎早期症状和前兆,255,20260701,6111
20260701,医疗,屁股上长了一个疙瘩硬硬的按着很疼,255,20260701,6112
20260701,医疗,安眠药有哪几种,255,20260701,6113
20260701,医疗,人血白蛋白多少钱一瓶,255,20260701,6114
20260701,医疗,滴虫性阴炎用什么药最好,255,20260701,6115
20260701,医疗,诺氟沙星胶囊,255,20260701,6116
20260701,医疗,风热感冒吃什么药最好,255,20260701,6117
20260701,医疗,昆布的功效与作用,255,20260701,6118
20260701,医疗,当归黄芪铁颗粒功效与作用,255,20260701,6119
20260701,医疗,偏头痛的原因和症状有什么,255,20260701,6120
20260701,医疗,37度是低烧还是正常,255,20260701,6121
20260701,医疗,华医网,255,20260701,6122
20260701,医疗,抗生素对人体的危害,255,20260701,6123
20260701,医疗,手足口病吃什么药,255,20260701,6124
20260701,医疗,热毒宁注射功效与作用是什么,255,20260701,6125
20260701,医疗,吃避孕药月经会不会推迟,255,20260701,6126
20260701,医疗,左氧氟沙星片的功效与作用,255,20260701,6127
20260701,医疗,脑供血不足是什么原因导致的,255,20260701,6128
20260701,医疗,地龙,255,20260701,6129
20260701,医疗,长春胺缓释胶囊的作用及功效,255,20260701,6130
20260701,医疗,丙戊酸镁缓释片的功效和作用,255,20260701,6131
20260701,医疗,肾气丸的作用和功能主治,255,20260701,6132
20260701,医疗,牛皮癣传染吗会传染人吗,255,20260701,6133
20260701,医疗,鹅肉是发物吗?什么病不能吃呢,255,20260701,6134
20260701,医疗,吃玉米的好处和功效与作用,254,20260701,6135
20260701,医疗,皮蛋吃了有什么好处和坏处,254,20260701,6136
20260701,医疗,腰肌劳损的症状有哪些,254,20260701,6137
20260701,医疗,小青柑茶的功效与作用,254,20260701,6138
20260701,医疗,肝腹水症状表现有哪些,254,20260701,6139
20260701,医疗,左西替利嗪的功效和作用,254,20260701,6140
20260701,医疗,人生果的功效与营养,254,20260701,6141
20260701,医疗,叶酸片的主要功效作用是什么,254,20260701,6142
20260701,医疗,盐酸氨溴索的功效与作用,254,20260701,6143
20260701,医疗,新鲜莲子生吃有什么功效和作用,254,20260701,6144
20260701,医疗,阴虚和阳虚有什么区别的症状,254,20260701,6145
20260701,医疗,花甲的营养价值及功效,254,20260701,6146
20260701,医疗,精液带血是什么原因,254,20260701,6147
20260701,医疗,痱子,254,20260701,6148
20260701,医疗,木香顺气丸,254,20260701,6149
20260701,医疗,新癀片的功效与作用,254,20260701,6150
20260701,医疗,血管瘤的最佳消除方法,254,20260701,6151
20260701,医疗,快速眼动睡眠是什么意思,254,20260701,6152
20260701,医疗,流鼻涕怎么治疗方法最快最有效,254,20260701,6153
20260701,医疗,北京同仁医院,254,20260701,6154
20260701,医疗,龙井茶的功效与作用,253,20260701,6155
20260701,医疗,脚趾缝痒溃烂脱皮用什么药根除,253,20260701,6156
20260701,医疗,中暑,253,20260701,6157
20260701,医疗,甲状腺结节怎么治疗最好,253,20260701,6158
20260701,医疗,莓茶的功效与作用长期喝的危害,253,20260701,6159
20260701,医疗,酵素有什么功效和作用,253,20260701,6160
20260701,医疗,生理盐水是啥,253,20260701,6161
20260701,医疗,紫苏叶和生姜煮水喝的功效和作用,253,20260701,6162
20260701,医疗,女人吃了西地那非片有什么效果?,253,20260701,6163
20260701,医疗,焦虑症的表现和症状,253,20260701,6164
20260701,医疗,地中海贫血,253,20260701,6165
20260701,医疗,胆囊腺肌症是什么病,253,20260701,6166
20260701,医疗,阴囊潮湿,253,20260701,6167
20260701,医疗,笨磺酸氨氯地平片的功效和作用与硝苯地平控释片那种好,253,20260701,6168
20260701,医疗,二甲双胍缓释片正确吃法,253,20260701,6169
20260701,医疗,盐酸溴己新片作用与功效,253,20260701,6170
20260701,医疗,妇科医生免费咨询,253,20260701,6171
20260701,医疗,经常流鼻血是什么原因,253,20260701,6172
20260701,医疗,肛泰栓功效和作用,253,20260701,6173
20260701,医疗,人流需要多少钱大概多少钱,253,20260701,6174
20260701,医疗,达喜,253,20260701,6175
20260701,医疗,爱滋病早期会出现那些症状,253,20260701,6176
20260701,医疗,带状疱疹传染别人吗,253,20260701,6177
20260701,医疗,干眼症是什么原因引起的又怎么治疗,253,20260701,6178
20260701,医疗,药过期了还能吃不,253,20260701,6179
20260701,医疗,哌拉西林钠他唑巴坦钠的作用,253,20260701,6180
20260701,医疗,阴超可以检查出哪些妇科疾病,253,20260701,6181
20260701,医疗,利伐沙班片用法用量,253,20260701,6182
20260701,医疗,土人参有什么功效与作用,253,20260701,6183
20260701,医疗,吗替麦考酚胶囊的作用和副作用,253,20260701,6184
20260701,医疗,百白破疫苗是预防什么的,253,20260701,6185
20260701,医疗,小柴胡汤的配方,253,20260701,6186
20260701,医疗,氯氟氰菊酯的作用与功效,253,20260701,6187
20260701,医疗,"子宫切除了,还能过性生活吗?",253,20260701,6188
20260701,医疗,维生素,253,20260701,6189
20260701,医疗,一品红,253,20260701,6190
20260701,医疗,甲状旁腺激素高说明什么问题,252,20260701,6191
20260701,医疗,缺钾吃什么补得最快,252,20260701,6192
20260701,医疗,阜外医院,252,20260701,6193
20260701,医疗,黄苓作用与功效,252,20260701,6194
20260701,医疗,匹伐他汀的优点和缺点,252,20260701,6195
20260701,医疗,甲钴胺配什么药对神经恢复最佳,252,20260701,6196
20260701,医疗,维立西呱片的功效作用,252,20260701,6197
20260701,医疗,奥氮平,252,20260701,6198
20260701,医疗,转移因子口服溶液的功效和作用,252,20260701,6199
20260701,医疗,肠胃功能紊乱最明显的症状,252,20260701,6200
20260701,医疗,特需门诊是什么意思,252,20260701,6201
20260701,医疗,三仁汤的配方,252,20260701,6202
20260701,医疗,百花蛇舌草的功效,252,20260701,6203
20260701,医疗,上海瑞金医院擅长什么专科,252,20260701,6204
20260701,医疗,阿胶的正确吃法服用方法和时间,252,20260701,6205
20260701,医疗,北京大学第三医院,252,20260701,6206
20260701,医疗,摩罗丹,252,20260701,6207
20260701,医疗,鹭燕医药,252,20260701,6208
20260701,医疗,他克莫司,252,20260701,6209
20260701,医疗,开水冲鸡蛋汤的功效,252,20260701,6210
20260701,医疗,依托考昔片的作用与功效,252,20260701,6211
20260701,医疗,腰间盘突出,252,20260701,6212
20260701,医疗,富马酸喹硫平片副作用,252,20260701,6213
20260701,医疗,胆囊,252,20260701,6214
20260701,医疗,小针刀是什么治疗方法,252,20260701,6215
20260701,医疗,b族链球菌检测是什么意思,252,20260701,6216
20260701,医疗,尿酸高是什么原因造成的?,252,20260701,6217
20260701,医疗,七叶神安片对失眠有效果吗,252,20260701,6218
20260701,医疗,胃息肉用不用做手术切除,252,20260701,6219
20260701,医疗,奶蓟草的功效与作用,251,20260701,6220
20260701,医疗,汗多一动就大汗淋漓怎么回事,251,20260701,6221
20260701,医疗,蓝帆医疗,251,20260701,6222
20260701,医疗,真武汤,251,20260701,6223
20260701,医疗,茭白的功效与作用,251,20260701,6224
20260701,医疗,三氯蔗糖是什么,251,20260701,6225
20260701,医疗,舒血宁静脉输液功效与作用,251,20260701,6226
20260701,医疗,锻炼和锻练哪个正确,251,20260701,6227
20260701,医疗,眩晕症的症状有哪些常见表现,251,20260701,6228
20260701,医疗,人体器官图,251,20260701,6229
20260701,医疗,尿,251,20260701,6230
20260701,医疗,胰岛素抵抗怎么办才能恢复,251,20260701,6231
20260701,医疗,盐酸达泊西汀片的功效与作用吃法,251,20260701,6232
20260701,医疗,吡罗昔康片的功效与作用,251,20260701,6233
20260701,医疗,玉米水的作用和功效,251,20260701,6234
20260701,医疗,双唑泰栓的作用与功效,251,20260701,6235
20260701,医疗,鸡肉的功效与作用,251,20260701,6236
20260701,医疗,麦冬三种人不宜吃,251,20260701,6237
20260701,医疗,氨基酸的功效与作用,251,20260701,6238
20260701,医疗,甲状腺功能检查做什么项目,251,20260701,6239
20260701,医疗,中耳炎的症状表现是什么,251,20260701,6240
20260701,医疗,最近睡得很坏,251,20260701,6241
20260701,医疗,白头翁的功效与作用,251,20260701,6242
20260701,医疗,昙花的功效和吃法大全,251,20260701,6243
20260701,医疗,脚气真菌怎么治才能除根,251,20260701,6244
20260701,医疗,瓦楞子的功效与作用,251,20260701,6245
20260701,医疗,卵圆孔未闭合是什么意思,251,20260701,6246
20260701,医疗,大补阴丸功效和作用,251,20260701,6247
20260701,医疗,白发怎样调理和根治能变黑发,251,20260701,6248
20260701,医疗,灰指甲去医院挂哪个科,251,20260701,6249
20260701,医疗,益生菌冻干粉的作用和功效,251,20260701,6250
20260701,医疗,葵花籽油的好处和坏处是什么,251,20260701,6251
20260701,医疗,阿托伐他汀钙片的副作用有哪些,251,20260701,6252
20260701,医疗,艾灸后多长时间可以洗澡,251,20260701,6253
20260701,医疗,姜黄素的作用与功效,251,20260701,6254
20260701,医疗,奥美拉唑的功效,251,20260701,6255
20260701,医疗,唐筛检查主要是查什么,250,20260701,6256
20260701,医疗,omega-3的作用与功效,250,20260701,6257
20260701,医疗,归脾丸三种人不能吃,250,20260701,6258
20260701,医疗,振东制药,250,20260701,6259
20260701,医疗,宫颈息肉需要手术吗,250,20260701,6260
20260701,医疗,风疹是什么症状图片,250,20260701,6261
20260701,医疗,红核妇洁洗液的功效与作用,250,20260701,6262
20260701,医疗,消化道出血有什么症状表现,250,20260701,6263
20260701,医疗,芭蕉的功效与作用,250,20260701,6264
20260701,医疗,花生油的好处和坏处是什么,250,20260701,6265
20260701,医疗,蒸土豆减肥还是增肥,250,20260701,6266
20260701,医疗,湘雅医院,250,20260701,6267
20260701,医疗,来氟米特片的功效与作用,250,20260701,6268
20260701,医疗,清淋颗粒的功效与作用,250,20260701,6269
20260701,医疗,血皮菜的功效与作用,250,20260701,6270
20260701,医疗,记忆力越来越差是什么原因,250,20260701,6271
20260701,医疗,游离三碘甲状腺原氨酸偏高是什么意思,250,20260701,6272
20260701,医疗,中脘穴位置图片,250,20260701,6273
20260701,医疗,正常体温范围36.5到37.2,250,20260701,6274
20260701,医疗,扁桃体,250,20260701,6275
20260701,医疗,补气血的口服液哪种效果最好,250,20260701,6276
20260701,医疗,氢化可的松的功效与作用,250,20260701,6277
20260701,医疗,开塞露的功效与作用,250,20260701,6278
20260701,医疗,吃了布洛芬能不能喝酒,249,20260701,6279
20260701,医疗,牙周炎吃什么药管用效果好,249,20260701,6280
20260701,医疗,山茱萸泡水喝的功效,249,20260701,6281
20260701,医疗,雷贝拉唑钠肠溶片的功效与作用,249,20260701,6282
20260701,医疗,曼陀罗的功效和作用,249,20260701,6283
20260701,医疗,阿普唑仑,249,20260701,6284
20260701,医疗,糖化血红蛋白高什么意思,249,20260701,6285
20260701,医疗,肝气郁结吃什么中成药,249,20260701,6286
20260701,医疗,宫寒怎么治疗最快最好的方法,249,20260701,6287
20260701,医疗,新冠吃什么药效果最好,249,20260701,6288
20260701,医疗,糖化血糖正常值最新标准,249,20260701,6289
20260701,医疗,"烟雾病是一种什么病,严重吗能治好吗",249,20260701,6290
20260701,医疗,餐后1小时血糖正常值范围是多少,249,20260701,6291
20260701,医疗,马来酸曲美布汀片饭前吃还是饭后吃,249,20260701,6292
20260701,医疗,玻璃体混浊最佳恢复方法,249,20260701,6293
20260701,医疗,卵巢囊肿达到多少mm需要手术,249,20260701,6294
20260701,医疗,心脏的位置图片,249,20260701,6295
20260701,医疗,桃胶的功效与作用,249,20260701,6296
20260701,医疗,多西环素,249,20260701,6297
20260701,医疗,氢溴酸山莨菪碱的作用与功效,249,20260701,6298
20260701,医疗,司美那非的功效与作用,249,20260701,6299
20260701,医疗,铝镁加混悬液的功效与作用,249,20260701,6300
20260701,医疗,问医生,249,20260701,6301
20260701,医疗,肌酸激酶,249,20260701,6302
20260701,医疗,密蒙花的功效和作用,249,20260701,6303
20260701,医疗,血液粘稠怎么调理最快最有效,249,20260701,6304
20260701,医疗,葛根图片,249,20260701,6305
20260701,医疗,甘草片,249,20260701,6306
20260701,医疗,芬吗通的作用和功效,249,20260701,6307
20260701,医疗,喉咙,248,20260701,6308
20260701,医疗,细菌感染是什么原因引起的,248,20260701,6309
20260701,医疗,化石草有什么作用和功效,248,20260701,6310
20260701,医疗,无痛胃肠镜做一次多少钱,248,20260701,6311
20260701,医疗,含铁高的食物有哪些?,248,20260701,6312
20260701,医疗,经期有血块排出是怎么回事,248,20260701,6313
20260701,医疗,厄贝沙坦,248,20260701,6314
20260701,医疗,色弱,248,20260701,6315
20260701,医疗,高嘌呤食物有哪些,248,20260701,6316
20260701,医疗,沙丁胺醇的作用与功效,248,20260701,6317
20260701,医疗,霍香正气液的作用与功放的妙用,248,20260701,6318
20260701,医疗,甲状腺结节吃中药能消除结节吗,248,20260701,6319
20260701,医疗,鼻子上长痘痘又红又肿一碰就疼,248,20260701,6320
20260701,医疗,金匮肾气丸作用功效,248,20260701,6321
20260701,医疗,肠痉挛是什么症状,248,20260701,6322
20260701,医疗,酮体1个加号说明什么,248,20260701,6323
20260701,医疗,虫草怎么吃最好最营养,248,20260701,6324
20260701,医疗,羊水穿刺是检查什么的,248,20260701,6325
20260701,医疗,萘普生片作用与功效,248,20260701,6326
20260701,医疗,糖尿病可以治愈吗,248,20260701,6327
20260701,医疗,甘油三酯怎么降下来的最好方法,248,20260701,6328
20260701,医疗,b2维生素的作用及功能,248,20260701,6329
20260701,医疗,利培酮片的功能主治,248,20260701,6330
20260701,医疗,白细胞正常值范围,248,20260701,6331
20260701,医疗,急性白血病是什么原因造成的,248,20260701,6332
20260701,医疗,环孢素滴眼液的作用与功效,248,20260701,6333
20260701,医疗,大便干硬排便困难怎么办,248,20260701,6334
20260701,医疗,天士力,248,20260701,6335
20260701,医疗,引体向上的正确训练方法,248,20260701,6336
20260701,医疗,便秘严重拉不出屎怎么办,248,20260701,6337
20260701,医疗,地西泮,247,20260701,6338
20260701,医疗,眼压高有什么症状和危害,247,20260701,6339
20260701,医疗,植物神经功能紊乱吃什么药最好,247,20260701,6340
20260701,医疗,树莓的功效与作用,247,20260701,6341
20260701,医疗,尿多是咋回事女人,247,20260701,6342
20260701,医疗,穿山龙的功效与作用,247,20260701,6343
20260701,医疗,甲鱼蛋尽量少吃最好不吃,247,20260701,6344
20260701,医疗,当参功效作用,247,20260701,6345
20260701,医疗,脑供血不足吃什么药,247,20260701,6346
20260701,医疗,止疼药哪个效果最好最快,247,20260701,6347
20260701,医疗,子宫切除手术对身体有什么影响,247,20260701,6348
20260701,医疗,艾司奥美拉唑钠注射剂的作用,247,20260701,6349
20260701,医疗,左匹克隆的作用与副作用,247,20260701,6350
20260701,医疗,扁桃体结石怎么快速排出来,247,20260701,6351
20260701,医疗,安徽省立医院,247,20260701,6352
20260701,医疗,耳鸣是什么原因引起的,247,20260701,6353
20260701,医疗,阴道炎有哪几种,247,20260701,6354
20260701,医疗,丙氨酸氨基转移酶,247,20260701,6355
20260701,医疗,一动就大汗淋漓是怎么回事女性,247,20260701,6356
20260701,医疗,鼻炎,247,20260701,6357
20260701,医疗,黄芪泡水喝的功效与作用,247,20260701,6358
20260701,医疗,汗斑怎么治疗彻底根除,247,20260701,6359
20260701,医疗,木瓜的功效和作用,247,20260701,6360
20260701,医疗,鸡内金,247,20260701,6361
20260701,医疗,异甘草酸镁的作用与功效,247,20260701,6362
20260701,医疗,苦参凝胶妇科的作用与功效,247,20260701,6363
20260701,医疗,流口水是身体哪里出了问题,247,20260701,6364
20260701,医疗,茴香菜尽量少吃最好不吃,247,20260701,6365
20260701,医疗,心脑血管疾病有哪些症状,247,20260701,6366
20260701,医疗,三金片治尿路感染最多吃几天,247,20260701,6367
20260701,医疗,山茱萸功效作用与主治,247,20260701,6368
20260701,医疗,急性胰腺炎是什么原因引起的,247,20260701,6369
20260701,医疗,振源胶囊的功效与作用,246,20260701,6370
20260701,医疗,柏子养心丸的配方组成,246,20260701,6371
20260701,医疗,桂枝茯苓胶囊的功能主治,246,20260701,6372
20260701,医疗,放屁,246,20260701,6373
20260701,医疗,中医,246,20260701,6374
20260701,医疗,复旦大学附属肿瘤医院,246,20260701,6375
20260701,医疗,左氧氟沙星滴眼液,246,20260701,6376
20260701,医疗,精神病人的症状有哪些,246,20260701,6377
20260701,医疗,怀孕多少周才算足月,246,20260701,6378
20260701,医疗,磷酸苯丙哌林片的作用与功效,246,20260701,6379
20260701,医疗,酒石酸美托洛尔片的功效,246,20260701,6380
20260701,医疗,女生下面长硬疙瘩是什么原因,246,20260701,6381
20260701,医疗,曲美布汀的作用与功效,246,20260701,6382
20260701,医疗,复溜穴的准确位置图和作用及功效,246,20260701,6383
20260701,医疗,安宫牛黄丸多少钱一丸,246,20260701,6384
20260701,医疗,石斛功效作用与主治,246,20260701,6385
20260701,医疗,软组织挫伤一般需要多久恢复,246,20260701,6386
20260701,医疗,土大黄的功效作用与主治,246,20260701,6387
20260701,医疗,小柴胡颗粒,246,20260701,6388
20260701,医疗,麦粒肿长什么样子图片,246,20260701,6389
20260701,医疗,对乙酰氨基酚片一次吃几片,246,20260701,6390
20260701,医疗,荨麻疹暗示身体哪里出问题了,246,20260701,6391
20260701,医疗,艾拉莫德片的功效与作用,246,20260701,6392
20260701,医疗,梨状肌疼痛怎么治疗最有效,246,20260701,6393
20260701,医疗,疱疹性咽峡炎吃什么药最管用,245,20260701,6394
20260701,医疗,PTSD,245,20260701,6395
20260701,医疗,没精打采,245,20260701,6396
20260701,医疗,银翘解毒颗粒功效作用,245,20260701,6397
20260701,医疗,麦片的营养功效与作用,245,20260701,6398
20260701,医疗,红米的功效与作用,245,20260701,6399
20260701,医疗,胸口正中间疼是什么原因,245,20260701,6400
20260701,医疗,左下小腹下侧隐隐疼痛女性,245,20260701,6401
20260701,医疗,阿仑膦酸钠片的功效和作用,245,20260701,6402
20260701,医疗,生孩子的全过程,245,20260701,6403
20260701,医疗,螺内酯片一天吃几粒,245,20260701,6404
20260701,医疗,同房小腹疼痛什么原因女性,245,20260701,6405
20260701,医疗,手心脚心发热是什么原因引起的,245,20260701,6406
20260701,医疗,尿隐血,245,20260701,6407
20260701,医疗,收缩压和舒张压多少正常,245,20260701,6408
20260701,医疗,食生记玉竹片,245,20260701,6409
20260701,医疗,右胸上部疼痛要警惕的三种病症,245,20260701,6410
20260701,医疗,构树叶子的功效与作用,245,20260701,6411
20260701,医疗,单核细胞偏高说明什么问题,245,20260701,6412
20260701,医疗,尿频尿急用什么药效果最好,245,20260701,6413
20260701,医疗,子宫脱垂的症状和表现,245,20260701,6414
20260701,医疗,胰腺在哪个位置,245,20260701,6415
20260701,医疗,普罗布考片的功效与作用,245,20260701,6416
20260701,医疗,绝经前有什么预兆和症状,245,20260701,6417
20260701,医疗,尿裤子,245,20260701,6418
20260701,医疗,达泊西汀,245,20260701,6419
20260701,医疗,靶向药能不能把肿瘤彻底消除了,245,20260701,6420
20260701,医疗,肌酐高是什么原因,245,20260701,6421
20260701,医疗,左甲状腺腺素钠片功效,245,20260701,6422
20260701,医疗,红薯升糖指数高吗,245,20260701,6423
20260701,医疗,红细胞分布宽度偏高是怎么回事,245,20260701,6424
20260701,医疗,宫颈癌能治好吗,245,20260701,6425
20260701,医疗,扑尔敏,245,20260701,6426
20260701,医疗,痔疮痒肛门痒是怎么回事,245,20260701,6427
20260701,医疗,维生素b12片的功效与主治,245,20260701,6428
20260701,医疗,肿瘤和癌症的区别在哪里,245,20260701,6429
20260701,医疗,钙化灶是什么意思?严重吗,245,20260701,6430
20260701,医疗,果葡糖浆的作用与危害,244,20260701,6431
20260701,医疗,铜钱草的功效与作用,244,20260701,6432
20260701,医疗,咽峡炎的症状和最佳疗法,244,20260701,6433
20260701,医疗,耳石症是怎么造成的,244,20260701,6434
20260701,医疗,"蛋白尿是什么原因引起的,能治好吗",244,20260701,6435
20260701,医疗,精华制药,244,20260701,6436
20260701,医疗,艾滋病患者身上有什么特征,244,20260701,6437
20260701,医疗,章门的准确位置图作用功效,244,20260701,6438
20260701,医疗,吗丁啉多潘立酮片的作用与功效,244,20260701,6439
20260701,医疗,胃痛吃什么药好得快效果最好,244,20260701,6440
20260701,医疗,栀子花的功效与作用,244,20260701,6441
20260701,医疗,胰腺癌晚期最怕三个征兆,244,20260701,6442
20260701,医疗,双腿酸软无力感觉很累是怎么回事,244,20260701,6443
20260701,医疗,梦魇,244,20260701,6444
20260701,医疗,阴阳两虚吃什么药效果最好男,244,20260701,6445
20260701,医疗,环孢素软胶囊作用与功效,244,20260701,6446
20260701,医疗,曲美他嗪的功效与作用,244,20260701,6447
20260701,医疗,西洋参泡水喝的功效,244,20260701,6448
20260701,医疗,拉黑屎是什么原因造成的严重吗,244,20260701,6449
20260701,医疗,虎贞清风胶囊的功效与作用,244,20260701,6450
20260701,医疗,献血需要满足什么条件,244,20260701,6451
20260701,医疗,阿戈美拉汀片的作用与功效,244,20260701,6452
20260701,医疗,阴道炎用什么洗,243,20260701,6453
20260701,医疗,氯溴异氰尿酸的作用与功效,243,20260701,6454
20260701,医疗,山梨醇治便秘可以长期服用吗,243,20260701,6455
20260701,医疗,平均红细胞体积偏低是什么意思,243,20260701,6456
20260701,医疗,藿香正气水泡脚的功效作用,243,20260701,6457
20260701,医疗,苏合香丸的功效与作用,243,20260701,6458
20260701,医疗,菌陈的功效与主治是什么,243,20260701,6459
20260701,医疗,女厕脱裤小便尿的地方长了个包,243,20260701,6460
20260701,医疗,大便不成形像烂泥一样怎么回事,243,20260701,6461
20260701,医疗,发烧,243,20260701,6462
20260701,医疗,小孩子注意力不集中容易走神是什么原因,243,20260701,6463
20260701,医疗,301医院,243,20260701,6464
20260701,医疗,肚脐,243,20260701,6465
20260701,医疗,血糖高是什么原因造成的,243,20260701,6466
20260701,医疗,转氨酶,243,20260701,6467
20260701,医疗,瑞舒伐他汀钙片早上吃还是晚上吃,243,20260701,6468
20260701,医疗,杏林医院,243,20260701,6469
20260701,医疗,阿斯伯格综合征症是什么病,243,20260701,6470
20260701,医疗,血小板高是咋回事,243,20260701,6471
20260701,医疗,蓝莓叶黄素对眼睛有什么好处和作用,243,20260701,6472
20260701,医疗,洛神花,243,20260701,6473
20260701,医疗,凌霄花的功效与作用,243,20260701,6474
20260701,医疗,半夜醒了就很难入睡是什么原因,243,20260701,6475
20260701,医疗,男孩身高标准对照表2025,243,20260701,6476
20260701,医疗,乳腺炎的主要症状有哪些,243,20260701,6477
20260701,医疗,薰衣草的功效与作用,243,20260701,6478
20260701,医疗,肌酐高吃什么药降最快最有效,243,20260701,6479
20260701,医疗,主动脉夹层,243,20260701,6480
20260701,医疗,b1的作用和功效,242,20260701,6481
20260701,医疗,平均红细胞血红蛋白浓度偏低是怎么回事,242,20260701,6482
20260701,医疗,孕吐严重怎么缓解简单有效方法,242,20260701,6483
20260701,医疗,胃胀是什么原因引起的怎么解决,242,20260701,6484
20260701,医疗,甲沟炎的症状图片,242,20260701,6485
20260701,医疗,羽衣甘蓝粉的功效与作用能减肥吗,242,20260701,6486
20260701,医疗,鳕鱼的营养价值及功效与作用,242,20260701,6487
20260701,医疗,天门冬氨酸氨基转移酶高是什么原因,242,20260701,6488
20260701,医疗,法令纹,242,20260701,6489
20260701,医疗,太岁的功效和作用,242,20260701,6490
20260701,医疗,腹股沟,242,20260701,6491
20260701,医疗,异丙托溴铵雾化的作用,242,20260701,6492
20260701,医疗,清肺抑火片的功效与作用,242,20260701,6493
20260701,医疗,阿斯美,242,20260701,6494
20260701,医疗,摩罗丹适合哪种胃病,242,20260701,6495
20260701,医疗,真实女性生理构造结构图外观图片,242,20260701,6496
20260701,医疗,吗丁啉,242,20260701,6497
20260701,医疗,燕麦米的作用与功效,242,20260701,6498
20260701,医疗,剖腹产后多久可以同房,242,20260701,6499
20260701,医疗,黄体酮破裂什么原因造成的,242,20260701,6500
20260701,医疗,酒后头疼怎么办最快最有效,242,20260701,6501
20260701,医疗,联苯噻虫胺的作用与功效使用方法,242,20260701,6502
20260701,医疗,痛风怎么缓解疼痛最有效的方法,242,20260701,6503
20260701,医疗,萝卜的功效与作用与主治,242,20260701,6504
20260701,医疗,宫腔积液是怎么回事严重吗,242,20260701,6505
20260701,医疗,眼睛疼是什么原因引起的,242,20260701,6506
20260701,医疗,脾胃虚弱吃什么调理效果最好,242,20260701,6507
20260701,医疗,奥美拉唑肠溶胶囊饭前吃还是饭后吃一天吃几次,242,20260701,6508
20260701,医疗,通便吃什么最快排便,242,20260701,6509
20260701,医疗,甲硝唑片一次吃几片,242,20260701,6510
20260701,医疗,牙疼怎么办一招教你3秒止痛,242,20260701,6511
20260701,医疗,替勃龙片的作用和功效,242,20260701,6512
20260701,医疗,霍香正气水的作用功效与作,242,20260701,6513
20260701,医疗,脑机接口,242,20260701,6514
20260701,医疗,血热是咋回事,242,20260701,6515
20260701,医疗,后溪的位置和功效与作用,242,20260701,6516
20260701,医疗,嘴发苦什么原因,242,20260701,6517
20260701,医疗,心血不足的症状有哪些表现,241,20260701,6518
20260701,医疗,茄子升糖指数高吗?,241,20260701,6519
20260701,医疗,陈皮的功效和作用,241,20260701,6520
20260701,医疗,护肝片,241,20260701,6521
20260701,医疗,盆腔炎,241,20260701,6522
20260701,医疗,正常血糖值是多少,241,20260701,6523
20260701,医疗,二甲双胍片的副作用和危害,241,20260701,6524
20260701,医疗,肾上腺素,241,20260701,6525
20260701,医疗,双岐杆菌三联活菌胶囊的功效与作用能放冰箱多久?,241,20260701,6526
20260701,医疗,嘴唇发紫,241,20260701,6527
20260701,医疗,鸡胗的功效与作用,241,20260701,6528
20260701,医疗,四味脾胃舒颗粒的功效和作用,241,20260701,6529
20260701,医疗,甲亢病人饮食禁忌,241,20260701,6530
20260701,医疗,龙骨,241,20260701,6531
20260701,医疗,医院几点上班时间表,241,20260701,6532
20260701,医疗,BMI计算器,241,20260701,6533
20260701,医疗,晕碳是什么症状,241,20260701,6534
20260701,医疗,d二聚体是查什么的,241,20260701,6535
20260701,医疗,腹部隐隐作痛啥原因,241,20260701,6536
20260701,医疗,卵磷脂的功效与作用,241,20260701,6537
20260701,医疗,放屁多是什么病的征兆该怎么办,241,20260701,6538
20260701,医疗,炎琥宁的作用与功效,241,20260701,6539
20260701,医疗,鹿茸血有什么功效与作用,241,20260701,6540
20260701,医疗,青钱柳有什么功效与作用,241,20260701,6541
20260701,医疗,d2聚体高是什么原因,241,20260701,6542
20260701,医疗,男科,241,20260701,6543
20260701,医疗,粗纤维食物有哪些,241,20260701,6544
20260701,医疗,人体器官分布图,241,20260701,6545
20260701,医疗,尿毒症能治好吗,241,20260701,6546
20260701,医疗,膝关节疼痛怎么治疗最快最好的办法,241,20260701,6547
20260701,医疗,o型血和b型血生的孩子是什么血型,241,20260701,6548
20260701,医疗,酮替芬片的作用与功效,241,20260701,6549
20260701,医疗,左炔诺孕酮片,241,20260701,6550
20260701,医疗,可可粉的作用与副作用,241,20260701,6551
20260701,医疗,肺结核的早期症状和前兆,240,20260701,6552
20260701,医疗,脚后跟干裂起硬皮用什么药,240,20260701,6553
20260701,医疗,尿路感染,240,20260701,6554
20260701,医疗,葱的功效与作用,240,20260701,6555
20260701,医疗,盆腔炎吃什么药效果好,240,20260701,6556
20260701,医疗,筋膜炎,240,20260701,6557
20260701,医疗,半夏泻心汤,240,20260701,6558
20260701,医疗,脱肛的症状和图片,240,20260701,6559
20260701,医疗,面瘫,240,20260701,6560
20260701,医疗,姜发芽了还可以吃吗,240,20260701,6561
20260701,医疗,党参的功效作用与主治,240,20260701,6562
20260701,医疗,氯雷他定片的作用与功效,240,20260701,6563
20260701,医疗,睡觉老是做梦是什么原因,240,20260701,6564
20260701,医疗,浑身没劲乏力犯困没精神老想躺着,240,20260701,6565
20260701,医疗,溪黄草的功效与作用,240,20260701,6566
20260701,医疗,腱鞘炎有哪些症状,240,20260701,6567
20260701,医疗,阿胶糕的功效与作用,240,20260701,6568
20260701,医疗,虫咬性皮炎图片及症状,240,20260701,6569
20260701,医疗,肾结石会有哪些症状,240,20260701,6570
20260701,医疗,香瓜是凉性还是热性,240,20260701,6571
20260701,医疗,舌头溃疡是什么原因引起的,240,20260701,6572
20260701,医疗,参芪扶正液的作用功效,240,20260701,6573
20260701,医疗,灵芝孢子油软胶囊的功效与作用,240,20260701,6574
20260701,医疗,避孕药的危害和副作用,240,20260701,6575
20260701,医疗,牡丹皮的功效与作用主要治什么病,240,20260701,6576
20260701,医疗,氯氮平片的功效和作用及副作用,240,20260701,6577
20260701,医疗,巧克力囊肿,240,20260701,6578
20260701,医疗,白细胞高是什么原因女性,240,20260701,6579
20260701,医疗,苍术,240,20260701,6580
20260701,医疗,扁平足,240,20260701,6581
20260701,医疗,慢性阑尾炎症状表现有哪些,240,20260701,6582
20260701,医疗,竹笋的功效和作用,240,20260701,6583
20260701,医疗,黄色白带是什么原因,240,20260701,6584
20260701,医疗,苯佐卡因的作用与功效与危害,240,20260701,6585
20260701,医疗,脚扭伤了肿了怎么恢复最快,239,20260701,6586
20260701,医疗,痣疮,239,20260701,6587
20260701,医疗,拜阿司匹林的作用功效,239,20260701,6588
20260701,医疗,糖尿病人吃什么水果最好,239,20260701,6589
20260701,医疗,手心发热是什么原因,239,20260701,6590
20260701,医疗,8岁男孩正常身高体重,239,20260701,6591
20260701,医疗,人民医院电话咨询24小时,239,20260701,6592
20260701,医疗,西黄丸的功效与作用主治,239,20260701,6593
20260701,医疗,枸橼酸喷托维林片的功效与作用,239,20260701,6594
20260701,医疗,唐氏综合症是什么病,239,20260701,6595
20260701,医疗,藿香正气丸的作用与功效,239,20260701,6596
20260701,医疗,小建中汤的配方组成与功效,239,20260701,6597
20260701,医疗,血热怎么治疗能除根,239,20260701,6598
20260701,医疗,爬楼梯能减肥吗,239,20260701,6599
20260701,医疗,人体缺钾有什么表现和症状,239,20260701,6600
20260701,医疗,肝功能不好有什么症状和预兆,239,20260701,6601
20260701,医疗,喉咙发炎最快治疗方法,239,20260701,6602
20260701,医疗,火疖子的症状图片,239,20260701,6603
20260701,医疗,海胆的营养价值及功效与作用,239,20260701,6604
20260701,医疗,丹田在哪个位置,239,20260701,6605
20260701,医疗,金江春露的功效有什么用,239,20260701,6606
20260701,医疗,绝经后同房干涩疼怎么办,239,20260701,6607
20260701,医疗,盐酸西替利嗪滴剂的用法与用量,239,20260701,6608
20260701,医疗,膻中穴,239,20260701,6609
20260701,医疗,黄水晶的功效与作用寓意,239,20260701,6610
20260701,医疗,仙鹤草的功效与作用与主治,239,20260701,6611
20260701,医疗,脚抽筋小腿肚抽筋怎么办,239,20260701,6612
20260701,医疗,肺炎,239,20260701,6613
20260701,医疗,睡不着有什么办法可以快速入睡,239,20260701,6614
20260701,医疗,玉米油的好处和坏处是什么,239,20260701,6615
20260701,医疗,乙肝疫苗可以管几年,239,20260701,6616
20260701,医疗,脑疝是什么意思,239,20260701,6617
20260701,医疗,半边莲的作用与功效可以抗什么肿瘤,238,20260701,6618
20260701,医疗,厚朴,238,20260701,6619
20260701,医疗,强迫症,238,20260701,6620
20260701,医疗,白花蛇舌草的图片,238,20260701,6621
20260701,医疗,甲状腺结节有什么症状和危害,238,20260701,6622
20260701,医疗,胰腺肿瘤能治好吗,238,20260701,6623
20260701,医疗,阜外华中心血管病医院,238,20260701,6624
20260701,医疗,强直性脊柱炎的症状,238,20260701,6625
20260701,医疗,上环对身体有哪些影响和危害,238,20260701,6626
20260701,医疗,hcv是什么病毒,238,20260701,6627
20260701,医疗,甲状腺癌,238,20260701,6628
20260701,医疗,甜酸角的作用与功效,238,20260701,6629
20260701,医疗,全麻对身体有什么影响,238,20260701,6630
20260701,医疗,温胃舒颗粒的功效与作用,238,20260701,6631
20260701,医疗,盐酸氟桂利嗪胶囊,238,20260701,6632
20260701,医疗,血压低吃什么食物能补上来,238,20260701,6633
20260701,医疗,正常人的心率是多少?,238,20260701,6634
20260701,医疗,谷草转氨酶低说明什么问题,238,20260701,6635
20260701,医疗,扁桃体结石,238,20260701,6636
20260701,医疗,餐后血糖,238,20260701,6637
20260701,医疗,大脑供血不足有哪些症状和表现,238,20260701,6638
20260701,医疗,普济痔疮栓的功效与作用,238,20260701,6639
20260701,医疗,妇科检查有哪几项必须做的,238,20260701,6640
20260701,医疗,神门穴位图,238,20260701,6641
20260701,医疗,皮肤病血毒丸的作用与功效,238,20260701,6642
20260701,医疗,香蕉是温性的还是寒性的,238,20260701,6643
20260701,医疗,滴虫性阴炎道症状,238,20260701,6644
20260701,医疗,平胃散,238,20260701,6645
20260701,医疗,叶黄素,238,20260701,6646
20260701,医疗,最近睡眠很坏,238,20260701,6647
20260701,医疗,摔伤后怎么消肿止痛最快最有效,238,20260701,6648
20260701,医疗,木香,238,20260701,6649
20260701,医疗,蝉蜕,237,20260701,6650
20260701,医疗,斯德哥尔摩综合征,237,20260701,6651
20260701,医疗,子宫内膜增厚是什么原因,237,20260701,6652
20260701,医疗,口腔溃疡用什么药效果最快,237,20260701,6653
20260701,医疗,感冒可以吃鸡蛋吗?,237,20260701,6654
20260701,医疗,咖啡酸片的作用与功效,237,20260701,6655
20260701,医疗,霍香叶子的功效和作用是什么,237,20260701,6656
20260701,医疗,依诺肝素钠注射功效与作用,237,20260701,6657
20260701,医疗,利巴韦林片的功效与主治,237,20260701,6658
20260701,医疗,嘴巴有异味口臭怎么解决,237,20260701,6659
20260701,医疗,睾丸上长一个小疙瘩是怎么回事,237,20260701,6660
20260701,医疗,锁阳,237,20260701,6661
20260701,医疗,佝偻病有哪些症状和表现,237,20260701,6662
20260701,医疗,郑州市中心医院,237,20260701,6663
20260701,医疗,银耳的功效与作用,237,20260701,6664
20260701,医疗,血红蛋白偏高说明什么,237,20260701,6665
20260701,医疗,鹅蛋的功效与作用禁忌和食用方法,237,20260701,6666
20260701,医疗,去甲肾上腺素的作用,237,20260701,6667
20260701,医疗,半月板损伤是什么症状,237,20260701,6668
20260701,医疗,耳鸣,237,20260701,6669
20260701,医疗,吗丁啉饭前吃还是饭后吃效果好,237,20260701,6670
20260701,医疗,沙虫的功效和作用,237,20260701,6671
20260701,医疗,bnp是什么检查项目,237,20260701,6672
20260701,医疗,唑来膦酸的作用与效果和副作用,237,20260701,6673
20260701,医疗,半月板,237,20260701,6674
20260701,医疗,卡理稳,237,20260701,6675
20260701,医疗,当归和什么搭配补气补血最佳,237,20260701,6676
20260701,医疗,血栓通胶囊的功效和作用主治,237,20260701,6677
20260701,医疗,氨酚伪麻美芬片的功效与作用,237,20260701,6678
20260701,医疗,焦虑症躯体化症状,237,20260701,6679
20260701,医疗,妇科千金胶囊功效和作用是什么,237,20260701,6680
20260701,医疗,体检前可以喝水不,237,20260701,6681
20260701,医疗,晕车,237,20260701,6682
20260701,医疗,金樱子,237,20260701,6683
20260701,医疗,四川大学华西医院,236,20260701,6684
20260701,医疗,总前列腺特异性抗原高是什么原因,236,20260701,6685
20260701,医疗,北医三院,236,20260701,6686
20260701,医疗,食母生片的作用与功效,236,20260701,6687
20260701,医疗,藿香正气液的功效与作用,236,20260701,6688
20260701,医疗,甘桔冰梅片的作用与功效,236,20260701,6689
20260701,医疗,甲醛中毒都有哪些症状,236,20260701,6690
20260701,医疗,"掉头发是什么原因引起的,怎样调理",236,20260701,6691
20260701,医疗,月经前几天有褐色分泌物又不像月经,236,20260701,6692
20260701,医疗,天麻三种人不宜吃,236,20260701,6693
20260701,医疗,陈皮山楂泡水喝的功效,236,20260701,6694
20260701,医疗,龟头敏感,236,20260701,6695
20260701,医疗,餐后两小时血糖正常值范围,236,20260701,6696
20260701,医疗,双肺多发结节是什么意思严重吗,236,20260701,6697
20260701,医疗,dr是什么检查,236,20260701,6698
20260701,医疗,麦芽糖的作用与功效,236,20260701,6699
20260701,医疗,腰扭伤了如何快速恢复,236,20260701,6700
20260701,医疗,唇炎怎么治疗最好最快最有效,236,20260701,6701
20260701,医疗,乌灵参,236,20260701,6702
20260701,医疗,喝啤酒会不会发胖,236,20260701,6703
20260701,医疗,水杨酸,236,20260701,6704
20260701,医疗,头皮发麻是什么原因导致的,236,20260701,6705
20260701,医疗,淋巴结,236,20260701,6706
20260701,医疗,灵芪茶功能主治,236,20260701,6707
20260701,医疗,风油精,236,20260701,6708
20260701,医疗,口气重口臭是什么原因怎么解决,236,20260701,6709
20260701,医疗,"谷维素片能治疗失眠吗,有副作用吗",236,20260701,6710
20260701,医疗,足光散能治真菌脚气吗,236,20260701,6711
20260701,医疗,吃土豆减肥还是增肥,236,20260701,6712
20260701,医疗,胃,236,20260701,6713
20260701,医疗,"窦性心律不齐是什么意思,有危险吗?",236,20260701,6714
20260701,医疗,甲状腺球蛋白偏低说明什么,236,20260701,6715
20260701,医疗,"胸口中间闷闷的,堵堵的,是什么原因",236,20260701,6716
20260701,医疗,肌酸的作用,235,20260701,6717
20260701,医疗,眼睛哭肿了怎么消肿最快方法,235,20260701,6718
20260701,医疗,水飞蓟宾胶囊的功效与作用,235,20260701,6719
20260701,医疗,洋荷的作用和功效,235,20260701,6720
20260701,医疗,肺气肿说白了是什么病,235,20260701,6721
20260701,医疗,清宫表2025怀孕月份看男女,235,20260701,6722
20260701,医疗,维生素d的功效与作用,235,20260701,6723
20260701,医疗,三叉神经疼的症状表现,235,20260701,6724
20260701,医疗,康恩贝水飞蓟磷脂片有作用吗,235,20260701,6725
20260701,医疗,腿上出现血管是紫红色的小血管,235,20260701,6726
20260701,医疗,可乐必妥的作用与功效,235,20260701,6727
20260701,医疗,白前的功效作用与主治,235,20260701,6728
20260701,医疗,鱼油的功效与作用,235,20260701,6729
20260701,医疗,阿莫西林胶囊的作用与功效说明书,235,20260701,6730
20260701,医疗,风热感冒吃什么药,235,20260701,6731
20260701,医疗,黄芪双参莲子麦冬片的功效与作用,235,20260701,6732
20260701,医疗,小肚子胀胀的鼓鼓的是咋回事,235,20260701,6733
20260701,医疗,体温37.3℃正常吗?算不算发烧,235,20260701,6734
20260701,医疗,骨盆前倾如何矫正,235,20260701,6735
20260701,医疗,生化妊娠的症状有哪些,235,20260701,6736
20260701,医疗,咽喉痛吃什么药好得快,235,20260701,6737
20260701,医疗,老鹳草的功效与作用与主治,235,20260701,6738
20260701,医疗,老人腿脚浮肿是什么原因怎么治疗,235,20260701,6739
20260701,医疗,孕酮片的作用和功效,235,20260701,6740
20260701,医疗,碧根果的功效与作用,235,20260701,6741
20260701,医疗,脂肪肝怎么调理最好最快,235,20260701,6742
20260701,医疗,铝碳酸镁咀嚼片,235,20260701,6743
20260701,医疗,奇亚籽的正确吃法与功效,235,20260701,6744
20260701,医疗,健康元,235,20260701,6745
20260701,医疗,佛手柑的功效与作用,235,20260701,6746
20260701,医疗,胎盘成熟度几级才能生,235,20260701,6747
20260701,医疗,主动脉钙化需要治疗吗,234,20260701,6748
20260701,医疗,肠道菌群失调有哪些症状,234,20260701,6749
20260701,医疗,眼睛干涩的原因和解决方法,234,20260701,6750
20260701,医疗,紫花地丁图片,234,20260701,6751
20260701,医疗,手抖的原因手颤抖是怎么引起的,234,20260701,6752
20260701,医疗,百合固金片的功效与作用,234,20260701,6753
20260701,医疗,钩藤的功效与作用,234,20260701,6754
20260701,医疗,散瞳检查对眼睛有伤害吗,234,20260701,6755
20260701,医疗,普罗帕酮片的功效和作用,234,20260701,6756
20260701,医疗,"肝腹水一般能活多久,肚子越来越大",234,20260701,6757
20260701,医疗,羚羊角的作用与功效,234,20260701,6758
20260701,医疗,汗疱疹图片和症状,234,20260701,6759
20260701,医疗,桑葚干泡水喝的功效,234,20260701,6760
20260701,医疗,ca125检查是什么意思,234,20260701,6761
20260701,医疗,股骨头坏死最佳治疗方案,234,20260701,6762
20260701,医疗,鸽子的营养价值及功效,234,20260701,6763
20260701,医疗,吃西瓜血糖会不会升高,234,20260701,6764
20260701,医疗,黄芪麦冬泡水喝的功效,234,20260701,6765
20260701,医疗,颈动脉斑块,234,20260701,6766
20260701,医疗,当归黑豆为何尽量少吃,234,20260701,6767
20260701,医疗,颈动脉斑块会引起哪些症状,234,20260701,6768
20260701,医疗,布洛芬缓释胶囊多久见效,234,20260701,6769
20260701,医疗,公孙穴位准确图,234,20260701,6770
20260701,医疗,包皮手术得多长时间痊愈,234,20260701,6771
20260701,医疗,"舌下青筋颜色深粗,说明什么问题",234,20260701,6772
20260701,医疗,疱疹用什么药好得最快最有效,234,20260701,6773
20260701,医疗,劳宫穴位置图,234,20260701,6774
20260701,医疗,扭伤脚肿了怎么消肿最快止疼,233,20260701,6775
20260701,医疗,伏苓和什么搭配去湿气,233,20260701,6776
20260701,医疗,双氯芬酸钠缓释片,233,20260701,6777
20260701,医疗,脑,233,20260701,6778
20260701,医疗,葵花籽的作用与功效,233,20260701,6779
20260701,医疗,杨梅的功效与作用,233,20260701,6780
20260701,医疗,五维赖氨酸口服液的功效和作用,233,20260701,6781
20260701,医疗,杨梅酒的功效与作用,233,20260701,6782
20260701,医疗,生殖器疱疹,233,20260701,6783
20260701,医疗,乳酸菌素片的功效,233,20260701,6784
20260701,医疗,乙肝病毒表面抗体阳性什么意思,233,20260701,6785
20260701,医疗,前额叶是哪里,233,20260701,6786
20260701,医疗,人的正常体温是多少度,233,20260701,6787
20260701,医疗,血脂高是什么引起的,233,20260701,6788
20260701,医疗,化州橘红的功效和作用,233,20260701,6789
20260701,医疗,淮山的功效与作用,233,20260701,6790
20260701,医疗,乌灵胶囊,233,20260701,6791
20260701,医疗,双岐杆菌四联活菌片的功效与作用饭前还是饭后,233,20260701,6792
20260701,医疗,桂圆干泡水喝有什么功效和作用,233,20260701,6793
20260701,医疗,韭菜籽的作用与功能主治,233,20260701,6794
20260701,医疗,喝苦荞茶有什么功效和作用,233,20260701,6795
20260701,医疗,苹果水煮的功效,233,20260701,6796
20260701,医疗,环磷腺苷的作用和功效,233,20260701,6797
20260701,医疗,蓝芩口服液,233,20260701,6798
20260701,医疗,万合鹿丁的功效与作用,233,20260701,6799
20260701,医疗,甘露消毒丹的功效与作用,233,20260701,6800
20260701,医疗,麻风病,233,20260701,6801
20260701,医疗,心脑康胶囊的功效与作用是什么,233,20260701,6802
20260701,医疗,突然头晕目眩天旋地转是什么原因,232,20260701,6803
20260701,医疗,疖肿什么意思,232,20260701,6804
20260701,医疗,烟雾病,232,20260701,6805
20260701,医疗,胖大海,232,20260701,6806
20260701,医疗,36.8度算发烧吗 成人,232,20260701,6807
20260701,医疗,安眠药副作用,232,20260701,6808
20260701,医疗,男科在线留手机号,232,20260701,6809
20260701,医疗,足跟疼是怎么回事什么原因引起的,232,20260701,6810
20260701,医疗,子宫内膜息肉需要做手术吗,232,20260701,6811
20260701,医疗,英科医疗,232,20260701,6812
20260701,医疗,心脏造影检查什么情况下必须做,232,20260701,6813
20260701,医疗,减脂餐,232,20260701,6814
20260701,医疗,怀孕初期吃什么补充营养,232,20260701,6815
20260701,医疗,双氯芬酸钠凝胶的作用与功效,232,20260701,6816
20260701,医疗,脑出血能不能治好,232,20260701,6817
20260701,医疗,盐酸达利雷生片功效与作用,232,20260701,6818
20260701,医疗,利奈唑胺的作用和功效,232,20260701,6819
20260701,医疗,依折麦布片什么时间吃最佳,232,20260701,6820
20260701,医疗,土人参草药图片,232,20260701,6821
20260701,医疗,莫西沙星,232,20260701,6822
20260701,医疗,"小三阳是怎么回事,需要治疗吗",232,20260701,6823
20260701,医疗,半夏图片,232,20260701,6824
20260701,医疗,玻璃酸钠滴眼液,232,20260701,6825
20260701,医疗,益生元益生菌冻干粉的作用和功效,232,20260701,6826
20260701,医疗,文拉法辛的功效和作用,232,20260701,6827
20260701,医疗,人流后多久能同房,232,20260701,6828
20260701,医疗,哌仑西平的作用与功效,232,20260701,6829
20260701,医疗,厄贝沙坦片用法用量,232,20260701,6830
20260701,医疗,按摩女用舌头舔会得hpv吗,232,20260701,6831
20260701,医疗,济南市南山人民医院,231,20260701,6832
20260701,医疗,癃清胶囊的功效与作用,231,20260701,6833
20260701,医疗,肝脏的2种转氨酶分别是什么,231,20260701,6834
20260701,医疗,肚子老是咕噜咕噜响是怎么回事,231,20260701,6835
20260701,医疗,布地奈德鼻喷雾剂使用说明书,231,20260701,6836
20260701,医疗,白血病一般能活多久,231,20260701,6837
20260701,医疗,溶血是什么意思,231,20260701,6838
20260701,医疗,吃维生素b族有什么好处和副作用,231,20260701,6839
20260701,医疗,腕管综合征导致的手麻该怎么治疗,231,20260701,6840
20260701,医疗,腹胀是什么原因引起的,231,20260701,6841
20260701,医疗,芬必得,231,20260701,6842
20260701,医疗,血糖高可以吃西瓜吗,231,20260701,6843
20260701,医疗,樱桃泡酒有什么功效和作用,231,20260701,6844
20260701,医疗,油甘果的功效和作用,231,20260701,6845
20260701,医疗,秋水仙碱治痛风用法用量,231,20260701,6846
20260701,医疗,驼奶粉的危害和副作用,231,20260701,6847
20260701,医疗,革兰氏阳性杆菌是什么意思,231,20260701,6848
20260701,医疗,转移因子胶囊的功效与作用,231,20260701,6849
20260701,医疗,益生元的功效作用,231,20260701,6850
20260701,医疗,欧米伽3的功效和作用,231,20260701,6851
20260701,医疗,醋泡花生米有什么功效和作用,231,20260701,6852
20260701,医疗,虎地肠溶胶囊的功效和作用,231,20260701,6853
20260701,医疗,紧急避孕药对女性的危害和副作用,231,20260701,6854
20260701,医疗,酒女贞子的功效和作用,231,20260701,6855
20260701,医疗,眼睛干涩视力模糊什么原因,231,20260701,6856
20260701,医疗,带状疱疹是什么原因引起的,231,20260701,6857
20260701,医疗,胰腺癌晚期能活多久,231,20260701,6858
20260701,医疗,右手麻木是怎么回事 男性,231,20260701,6859
20260701,医疗,备孕需要去医院检查什么项目,231,20260701,6860
20260701,医疗,膝盖之上小春多梦,231,20260701,6861
20260701,医疗,脑梗后遗症手脚无力怎么康复,231,20260701,6862
20260701,医疗,磷酸西格列汀的功效与副作用,231,20260701,6863
20260701,医疗,清洁度lll度是什么意思严重吗,231,20260701,6864
20260701,医疗,人流对女性伤害有多大,231,20260701,6865
20260701,医疗,染发的危害性有多大,231,20260701,6866
20260701,医疗,低密度脂蛋白低了有什么危害,230,20260701,6867
20260701,医疗,女贞子,230,20260701,6868
20260701,医疗,强直性脊柱炎最好的治疗方法,230,20260701,6869
20260701,医疗,铁皮石斛的正确吃法,230,20260701,6870
20260701,医疗,失眠睡不着有什么好办法入睡,230,20260701,6871
20260701,医疗,晒伤后皮肤发红怎么修复,230,20260701,6872
20260701,医疗,腹可安片的功效作用,230,20260701,6873
20260701,医疗,冠心病有哪些症状,230,20260701,6874
20260701,医疗,天枢穴正确位置,230,20260701,6875
20260701,医疗,胃疼怎么办怎么缓解最快方法,230,20260701,6876
20260701,医疗,扑热息痛片的功效与作用,230,20260701,6877
20260701,医疗,痢疾是什么症状,230,20260701,6878
20260701,医疗,过敏性荨麻疹是什么原因引起的,230,20260701,6879
20260701,医疗,颈椎病,230,20260701,6880
20260701,医疗,双成药业,230,20260701,6881
20260701,医疗,山楂精降脂片的功效与副作用,230,20260701,6882
20260701,医疗,甲硝唑片,230,20260701,6883
20260701,医疗,脚掌疼是怎么回事什么原因引起的,230,20260701,6884
20260701,医疗,石菖蒲有什么功效,230,20260701,6885
20260701,医疗,眼睛干涩是什么原因引起的,230,20260701,6886
20260701,医疗,尿素乳膏的功效与作用,230,20260701,6887
20260701,医疗,川芎图片,230,20260701,6888
20260701,医疗,克林霉素,230,20260701,6889
20260701,医疗,青金石的功效与作用,230,20260701,6890
20260701,医疗,桂枝茯苓丸,230,20260701,6891
20260701,医疗,膀胱癌的治愈率能有多大?,230,20260701,6892
20260701,医疗,卡培他滨片的作用与功效,230,20260701,6893
20260701,医疗,吃了避孕药几天后出血怎么回事,230,20260701,6894
20260701,医疗,安眠穴的准确位置图,230,20260701,6895
20260701,医疗,苁蓉补肾胶囊功效作用与主治,230,20260701,6896
20260701,医疗,甲钴胺片可以长期服用吗,230,20260701,6897
20260701,医疗,肩胛骨,230,20260701,6898
20260701,医疗,奥美拉唑胶囊的功效与作用,229,20260701,6899
20260701,医疗,病毒,229,20260701,6900
20260701,医疗,血府逐瘀胶囊功效与主治,229,20260701,6901
20260701,医疗,麻仁丸的作用与功能主治,229,20260701,6902
20260701,医疗,背上长痘痘什么原因导致的,229,20260701,6903
20260701,医疗,艾滋病的早期症状,229,20260701,6904
20260701,医疗,正骨水的作用与功效,229,20260701,6905
20260701,医疗,前列腺炎怎么治疗才能恢复正常,229,20260701,6906
20260701,医疗,脚肿用什么方法消肿最快好,229,20260701,6907
20260701,医疗,亚麻籽的正确吃法与功效,229,20260701,6908
20260701,医疗,盐酸丙卡特罗片的作用与功效,229,20260701,6909
20260701,医疗,右佐匹克隆片一次吃多少,229,20260701,6910
20260701,医疗,木槿花的功效与作用,229,20260701,6911
20260701,医疗,肩周炎的疼痛位置图,229,20260701,6912
20260701,医疗,桑葚泡酒有什么功效和作用怎样治痛风,229,20260701,6913
20260701,医疗,醋泡姜的作用和功效,229,20260701,6914
20260701,医疗,"hpv52阳性严重吗,需要怎么治疗呢",229,20260701,6915
20260701,医疗,丁螺环酮片的功效和作用,229,20260701,6916
20260701,医疗,大黄䗪虫丸,229,20260701,6917
20260701,医疗,大血小板数目偏低是什么意思,229,20260701,6918
20260701,医疗,肾气不足有什么症状,229,20260701,6919
20260701,医疗,西甲硅胶油的作用与功效,229,20260701,6920
20260701,医疗,中国人民解放军总医院,229,20260701,6921
20260701,医疗,胆结石是怎么来的什么原因引起的,229,20260701,6922
20260701,医疗,痛风有哪些症状,229,20260701,6923
20260701,医疗,关元穴的准确位置图,229,20260701,6924
20260701,医疗,莫沙必利片和枸橼酸莫沙必利片有什么区别,229,20260701,6925
20260701,医疗,性瘾症是什么症状表现,229,20260701,6926
20260701,医疗,spo2监护仪上什么意思,229,20260701,6927
20260701,医疗,非那雄胺,229,20260701,6928
20260701,医疗,气管炎支气管炎咳嗽吃什么药最有效,229,20260701,6929
20260701,医疗,辅酶Q10,229,20260701,6930
20260701,医疗,剖腹产多久能同房,229,20260701,6931
20260701,医疗,petct全身扫描什么肿瘤都可以查吗,229,20260701,6932
20260701,医疗,口炎清颗粒的功效与作用,229,20260701,6933
20260701,医疗,达克宁,229,20260701,6934
20260701,医疗,摩罗丹饭前吃还是饭后吃,229,20260701,6935
20260701,医疗,狂犬病的症状表现,229,20260701,6936
20260701,医疗,抑郁症10个明显征兆,229,20260701,6937
20260701,医疗,力补金秋胶囊的功能主治,229,20260701,6938
20260701,医疗,黑玉米的功效与作用,228,20260701,6939
20260701,医疗,窦性心律不齐什么意思,228,20260701,6940
20260701,医疗,阿普唑仑片的功效与作用,228,20260701,6941
20260701,医疗,试管婴儿费用大概要多少钱,228,20260701,6942
20260701,医疗,嗜碱性粒细胞偏高说明什么,228,20260701,6943
20260701,医疗,复方福尔可定口服溶液的作用与功效,228,20260701,6944
20260701,医疗,跖疣是什么原因造成的,228,20260701,6945
20260701,医疗,牛油果的正确吃法和功效,228,20260701,6946
20260701,医疗,茨实功效和作用食用方法,228,20260701,6947
20260701,医疗,肠易激综合征,228,20260701,6948
20260701,医疗,海姆立克急救法的标准动作视频,228,20260701,6949
20260701,医疗,乳酸是什么,228,20260701,6950
20260701,医疗,维生素b12的食物和水果,228,20260701,6951
20260701,医疗,小建中颗粒的功效与作用,228,20260701,6952
20260701,医疗,淀粉酶高是怎么回事,228,20260701,6953
20260701,医疗,翳风穴的准确位置,228,20260701,6954
20260701,医疗,睡觉打呼噜有什么办法解决吗,228,20260701,6955
20260701,医疗,四君子汤,228,20260701,6956
20260701,医疗,甲胎蛋白高到多少说明有肿瘤,228,20260701,6957
20260701,医疗,通天口服液的作用及功效,228,20260701,6958
20260701,医疗,鳝鱼的功效与作用,228,20260701,6959
20260701,医疗,右下腹部隐隐作痛啥原因,228,20260701,6960
20260701,医疗,鱼腥草的功效与作用与主治,228,20260701,6961
20260701,医疗,氟比洛芬凝胶贴膏,228,20260701,6962
20260701,医疗,合谷穴的功效与作用,228,20260701,6963
20260701,医疗,还阳卧的正确姿势作用与功效,228,20260701,6964
20260701,医疗,114网上预约挂号,228,20260701,6965
20260701,医疗,羊角蜜瓜的功效与作用,228,20260701,6966
20260701,医疗,70岁一75岁血压标准,228,20260701,6967
20260701,医疗,胆固醇,228,20260701,6968
20260701,医疗,钙化是什么意思啊,228,20260701,6969
20260701,医疗,厄贝沙坦氢氯噻嗪片,228,20260701,6970
20260701,医疗,三伏贴贴哪几个部位,228,20260701,6971
20260701,医疗,皮肤病 拍图识别,228,20260701,6972
20260701,医疗,肠镜检查前需要做什么准备工作,228,20260701,6973
20260701,医疗,四川省人民医院,228,20260701,6974
20260701,医疗,狗咬了没破皮没出血有问题吗,228,20260701,6975
20260701,医疗,系统性红斑狼疮,228,20260701,6976
20260701,医疗,泌尿外科主要看什么病,228,20260701,6977
20260701,医疗,炒栀子的功效与作用,228,20260701,6978
20260701,医疗,桥本氏甲状腺炎的主要症状,227,20260701,6979
20260701,医疗,雌二醇片/雌二醇地屈孕酮片的作用,227,20260701,6980
20260701,医疗,空调病有什么症状,227,20260701,6981
20260701,医疗,大环内酯类抗生素有哪些,227,20260701,6982
20260701,医疗,复方石韦胶囊的功效与作用,227,20260701,6983
20260701,医疗,耳朵后面神经痛一阵一阵怎么办,227,20260701,6984
20260701,医疗,早上起床口干口苦是什么原因造成的,227,20260701,6985
20260701,医疗,胺碘酮的作用及副作用,227,20260701,6986
20260701,医疗,鹿茸有什么功效和作用,227,20260701,6987
20260701,医疗,海特生物,227,20260701,6988
20260701,医疗,肛门有坠胀感是什么原因,227,20260701,6989
20260701,医疗,肉苁蓉和什么搭配壮阳效果最佳,227,20260701,6990
20260701,医疗,仰卧起坐能减掉肚子上的赘肉吗,227,20260701,6991
20260701,医疗,波立维硫酸氢氯吡格雷片作用功效,227,20260701,6992
20260701,医疗,紫苏油对甲状腺有影响吗,227,20260701,6993
20260701,医疗,江苏省中医院,227,20260701,6994
20260701,医疗,癫痫病的症状和表现有哪些,227,20260701,6995
20260701,医疗,右下腹疼痛什么原因男性,227,20260701,6996
20260701,医疗,手掌痒是什么原因.越抓越痒,227,20260701,6997
20260701,医疗,早晨起床洗澡对身体好不好,227,20260701,6998
20260701,医疗,人的正常体温是多少°C,227,20260701,6999
20260701,医疗,法半夏的功效作用与主治,227,20260701,7000
20260701,医疗,孕吐是什么时候开始有的,227,20260701,7001
20260701,医疗,补中益气汤的标准配方,227,20260701,7002
20260701,医疗,海参的功效与作用及营养,227,20260701,7003
20260701,医疗,总胆红素偏高是怎么回事,227,20260701,7004
20260701,医疗,宫腔镜手术后多久能恢复正常,227,20260701,7005
20260701,医疗,浆水的功效与作用,227,20260701,7006
20260701,医疗,十二指肠溃疡吃什么药效果好,227,20260701,7007
20260701,医疗,逍遥丸一般吃多长时间最好,227,20260701,7008
20260701,医疗,上海胸科医院,227,20260701,7009
20260701,医疗,龙牡壮骨颗粒作用与功效,227,20260701,7010
20260701,医疗,髋关节疼痛的原因和治疗方法,227,20260701,7011
20260701,医疗,例假推迟是什么原因引起的,227,20260701,7012
20260701,医疗,玫瑰花茶的功效与作用,227,20260701,7013
20260701,医疗,甲胎蛋白是什么指标,227,20260701,7014
20260701,医疗,血压偏高怎么调理才能恢复正常,227,20260701,7015
20260701,医疗,非甾体抗炎药包括哪些药,227,20260701,7016
20260701,医疗,肌钙蛋白是查什么的,227,20260701,7017
20260701,医疗,胰岛果的功效和作用,227,20260701,7018
20260701,医疗,pet-ct检查主要检查什么,226,20260701,7019
20260701,医疗,李子的热量,226,20260701,7020
20260701,医疗,疱疹传染吗会传染给别人吗,226,20260701,7021
20260701,医疗,大便稀烂不成形怎么回事,226,20260701,7022
20260701,医疗,剑突位置疼痛什么原因,226,20260701,7023
20260701,医疗,人工心脏2026年价格表,226,20260701,7024
20260701,医疗,肠癌手术后能活多少年,226,20260701,7025
20260701,医疗,手指脱皮是什么原因造成的,226,20260701,7026
20260701,医疗,中耳炎流脓治疗最佳方法,226,20260701,7027
20260701,医疗,临终关怀具体做些什么,226,20260701,7028
20260701,医疗,乳酸菌阴胶道囊的作用与功效,226,20260701,7029
20260701,医疗,hr医学上什么意思,226,20260701,7030
20260701,医疗,槐角丸的功效与作用,226,20260701,7031
20260701,医疗,心肾不交最明显的症状,226,20260701,7032
20260701,医疗,含钾高的食物和水果蔬菜,226,20260701,7033
20260701,医疗,酒石酸美托洛尔片,226,20260701,7034
20260701,医疗,喉咙疼吃什么药效果最好,226,20260701,7035
20260701,医疗,消渴丸的功效与作用,226,20260701,7036
20260701,医疗,莱美药业,226,20260701,7037
20260701,医疗,宫颈癌筛查做哪些项目,226,20260701,7038
20260701,医疗,补中益气丸的功效和作用,226,20260701,7039
20260701,医疗,芒果是凉性的还是热性的,226,20260701,7040
20260701,医疗,高粱米到底升糖还是降糖,226,20260701,7041
20260701,医疗,桑葚是寒性还是热性,226,20260701,7042
20260701,医疗,美林退烧药非要超过38.5才能吃吗,226,20260701,7043
20260701,医疗,男性性功能起不来什么原因,226,20260701,7044
20260701,医疗,玄驹益气片功效,226,20260701,7045
20260701,医疗,稳心颗粒,226,20260701,7046
20260701,医疗,心脏造影检查是怎么做的,226,20260701,7047
20260701,医疗,盐酸洛哌丁胺胶囊的作用与功效,226,20260701,7048
20260701,医疗,青黛的作用与功效,226,20260701,7049
20260701,医疗,gicu医学是什么科室,226,20260701,7050
20260701,医疗,尿路感染吃什么药比较好的快,225,20260701,7051
20260701,医疗,利多卡因凝胶功效与作用,225,20260701,7052
20260701,医疗,女人阴脣发黑是什么原因,225,20260701,7053
20260701,医疗,阴症白斑是什么原因导致的,225,20260701,7054
20260701,医疗,呼吸道感染吃什么药最好,225,20260701,7055
20260701,医疗,月经期有血块一坨一坨的怎么回事,225,20260701,7056
20260701,医疗,11岁男孩正常身高是多少,225,20260701,7057
20260701,医疗,安赛蜜对人体的危害,225,20260701,7058
20260701,医疗,毛囊炎症状图片,225,20260701,7059
20260701,医疗,黄精五黑粉的功效和作用,225,20260701,7060
20260701,医疗,"羊水栓塞是什么意思,怎么造成",225,20260701,7061
20260701,医疗,温胆汤,225,20260701,7062
20260701,医疗,艾滋病的前期症状,225,20260701,7063
20260701,医疗,理中汤配方,225,20260701,7064
20260701,医疗,复方鱼腥草合剂的功效与作用,225,20260701,7065
20260701,医疗,缬沙坦最大的副作用,225,20260701,7066
20260701,医疗,狂犬疫苗保护期是多久,225,20260701,7067
20260701,医疗,血压正常是多少标准,225,20260701,7068
20260701,医疗,午时茶颗粒的功效和作用,225,20260701,7069
20260701,医疗,总蛋白偏高是什么原因,225,20260701,7070
20260701,医疗,蟑螂咬人后的皮肤症状图片,225,20260701,7071
20260701,医疗,肩膀酸疼痛什么原因,225,20260701,7072
20260701,医疗,纳豆激酶的功效与作用,225,20260701,7073
20260701,医疗,隐翅虫皮炎的治疗方法有哪些,225,20260701,7074
20260701,医疗,乳果糖吃了多久排便,225,20260701,7075
20260701,医疗,喉炎的症状表现有哪些,225,20260701,7076
20260701,医疗,小叶苦丁茶对男人性功能作用,225,20260701,7077
20260701,医疗,"桑叶的用途与功效,治疗什么病",225,20260701,7078
20260701,医疗,宫颈纳囊是怎么回事 需要治疗吗,225,20260701,7079
20260701,医疗,胃溃疡吃什么食物有助于恢复,225,20260701,7080
20260701,医疗,护心宝的作用与功效,225,20260701,7081
20260701,医疗,指压板按摩脚底的好处和坏处,225,20260701,7082
20260701,医疗,扁平疣用什么药最好,225,20260701,7083
20260701,医疗,女朋友水太多进去就软了,225,20260701,7084
20260701,医疗,玉米胚芽粉固体饮料作用和功能,225,20260701,7085
20260701,医疗,多囊,225,20260701,7086
20260701,医疗,凝血功能不好是什么原因,225,20260701,7087
20260701,医疗,多潘立酮片饭前吃饭后吃,225,20260701,7088
20260701,医疗,大血小板比率偏高说明什么,225,20260701,7089
20260701,医疗,手足口疫苗多大打,225,20260701,7090
20260701,医疗,食管炎吃什么药可以根治,225,20260701,7091
20260701,医疗,熟地的功效与作用,225,20260701,7092
20260701,医疗,心率快是什么原因,224,20260701,7093
20260701,医疗,水银体温计腋下要测几分钟,224,20260701,7094
20260701,医疗,小龙虾的营养价值及功效与作用,224,20260701,7095
20260701,医疗,乌鸡白凤丸的功效与作用,224,20260701,7096
20260701,医疗,上海九院,224,20260701,7097
20260701,医疗,鹧鸪茶的功能和作用,224,20260701,7098
20260701,医疗,丹凤眼,224,20260701,7099
20260701,医疗,黄芪生脉饮的功效与主治作用,224,20260701,7100
20260701,医疗,格尔丽多维片吃了能长高吗,224,20260701,7101
20260701,医疗,肋软骨炎的症状表现有哪些,224,20260701,7102
20260701,医疗,hpv男性感染后的表现,224,20260701,7103
20260701,医疗,碳酸钙d3片正确吃法,224,20260701,7104
20260701,医疗,珍珠状丘疹,224,20260701,7105
20260701,医疗,膝盖疼痛用什么药效果好最好,224,20260701,7106
20260701,医疗,变异性哮喘的主要症状是什么,224,20260701,7107
20260701,医疗,喉咙沙哑怎么治疗最快方法,224,20260701,7108
20260701,医疗,氨基丁酸的功效与作用有哪些,224,20260701,7109
20260701,医疗,精液有果冻状颗粒怎么回事应该做什么检查,224,20260701,7110
20260701,医疗,葛根粉的功效与作用有哪些,224,20260701,7111
20260701,医疗,碘伏能杀死脚气真菌吗,224,20260701,7112
20260701,医疗,人体穴位图,224,20260701,7113
20260701,医疗,凤眼果的功效与作用,224,20260701,7114
20260701,医疗,nt值怎么看男女,224,20260701,7115
20260701,医疗,甲状腺炎有什么症状表现,224,20260701,7116
20260701,医疗,菖蒲的功效与作用,224,20260701,7117
20260701,医疗,氯化钾注射作用是什么功效,224,20260701,7118
20260701,医疗,东阿阿胶,224,20260701,7119
20260701,医疗,胳膊麻木和手麻木是怎么回事,224,20260701,7120
20260701,医疗,硫磺软膏的功效与主治,224,20260701,7121
20260701,医疗,樱桃状血管瘤,224,20260701,7122
20260701,医疗,黄连片的功效作用与主治,224,20260701,7123
20260701,医疗,肠胃感冒有什么症状表现,224,20260701,7124
20260701,医疗,网球肘怎么治疗才能根除,224,20260701,7125
20260701,医疗,脾胃不好会出现哪些症状,224,20260701,7126
20260701,医疗,黄酮对人体的功效作用,224,20260701,7127
20260701,医疗,九蒸九晒的黄精对身体有什么好处,224,20260701,7128
20260701,医疗,天南星的功效与作用,224,20260701,7129
20260701,医疗,滑膜炎怎么治疗最快最好,224,20260701,7130
20260701,医疗,输卵管堵塞怎么治疗最好的方法,223,20260701,7131
20260701,医疗,过敏性皮炎症状的主要表现,223,20260701,7132
20260701,医疗,银杏叶片的作用与功效,223,20260701,7133
20260701,医疗,消遥丸的作用,223,20260701,7134
20260701,医疗,速效救心丸什么情况下可以吃,223,20260701,7135
20260701,医疗,.... 牙疼在饮食上怎么调整,223,20260701,7136
20260701,医疗,全科医学科门诊是看什么病的,223,20260701,7137
20260701,医疗,泰诺,223,20260701,7138
20260701,医疗,大腿内侧与阴囊两侧瘙痒潮湿发黑,223,20260701,7139
20260701,医疗,坚果的功效与作用,223,20260701,7140
20260701,医疗,手指关节疼痛什么原因引起的,223,20260701,7141
20260701,医疗,风湿免疫科是看什么病的,223,20260701,7142
20260701,医疗,肠胃炎,223,20260701,7143
20260701,医疗,疝,223,20260701,7144
20260701,医疗,金银花口服液的功效与作用,223,20260701,7145
20260701,医疗,卡菲维生素d3对甲状腺有用吗,223,20260701,7146
20260701,医疗,肾,223,20260701,7147
20260701,医疗,直肠癌能治好吗,223,20260701,7148
20260701,医疗,肚脐眼上面一点疼是什么部位,223,20260701,7149
20260701,医疗,牛筋草加丝瓜络能治疗腰椎间盘突出吗,223,20260701,7150
20260701,医疗,上海华山医院,223,20260701,7151
20260701,医疗,神经性皮炎用什么药治除根,223,20260701,7152
20260701,医疗,皮肤痒一抓就起一片疙瘩越挠越痒,223,20260701,7153
20260701,医疗,14岁男孩身高标准表,223,20260701,7154
20260701,医疗,颈椎压迫神经的十个表现,223,20260701,7155
20260701,医疗,正气水藿香正气水的用途,223,20260701,7156
20260701,医疗,葛根粉三种人不宜吃,223,20260701,7157
20260701,医疗,热伤风的症状,223,20260701,7158
20260701,医疗,脚底穴位图,223,20260701,7159
20260701,医疗,依托考昔,223,20260701,7160
20260701,医疗,芝麻叶的功效与作用,223,20260701,7161
20260701,医疗,替来他明是什么,223,20260701,7162
20260701,医疗,屁股眼瘙痒是什么原因,223,20260701,7163
20260701,医疗,带状疱疹初期什么症状表现,223,20260701,7164
20260701,医疗,白胡椒的作用与功效,223,20260701,7165
20260701,医疗,bid是一天几次用药,223,20260701,7166
20260701,医疗,pci手术全称是什么,223,20260701,7167
20260701,医疗,宫颈癌流出来血的图片,223,20260701,7168
20260701,医疗,湿疹用什么药膏最有效,223,20260701,7169
20260701,医疗,茵陈泡水喝有什么功效和作用,223,20260701,7170
20260701,医疗,替来他明,223,20260701,7171
20260701,医疗,"舌尖疼是什么原因引起的,怎么解决",222,20260701,7172
20260701,医疗,火龙果的功效与作用,222,20260701,7173
20260701,医疗,胃溃疡,222,20260701,7174
20260701,医疗,黄芪丹参山楂泡水喝的功效,222,20260701,7175
20260701,医疗,高血压头晕怎么办最快最有效缓解,222,20260701,7176
20260701,医疗,血同型半胱氨酸高说明什么问题,222,20260701,7177
20260701,医疗,阿魏酸哌嗪片的作用与功效,222,20260701,7178
20260701,医疗,菊花茶和什么搭配着喝效果最好,222,20260701,7179
20260701,医疗,夜里尿的次数多是什么原因,222,20260701,7180
20260701,医疗,心包经的准确位置图解,222,20260701,7181
20260701,医疗,伏立康唑片的作用和功效,222,20260701,7182
20260701,医疗,正常人血糖标准是多少,222,20260701,7183
20260701,医疗,氟哌酸,222,20260701,7184
20260701,医疗,无花果叶子煮水的功效与作用水可以治痔疮吗,222,20260701,7185
20260701,医疗,免疫力低下怎么办如何增强免疫力,222,20260701,7186
20260701,医疗,白带发黄是怎么回事,222,20260701,7187
20260701,医疗,暴躁老女人晚上睡不着觉的解决方法,222,20260701,7188
20260701,医疗,药流一般要多久才干净,222,20260701,7189
20260701,医疗,胆,222,20260701,7190
20260701,医疗,神经衰弱症状,222,20260701,7191
20260701,医疗,太子参搭配什么煲汤最好,222,20260701,7192
20260701,医疗,疏肝理气用什么药最好,222,20260701,7193
20260701,医疗,白花蛇舌草,222,20260701,7194
20260701,医疗,七叶皂苷对腰椎病有没有用,222,20260701,7195
20260701,医疗,艾司唑仑片的功效与作用,222,20260701,7196
20260701,医疗,肺经的经络走向图及功效,222,20260701,7197
20260701,医疗,红糖姜片有什么功效和作用,222,20260701,7198
20260701,医疗,血友病是一种什么病,222,20260701,7199
20260701,医疗,银杏叶提取物治疗耳鸣真的效果好吗,222,20260701,7200
20260701,医疗,黄道益活络油的功效与作用,221,20260701,7201
20260701,医疗,血糖高是什么原因引起的,221,20260701,7202
20260701,医疗,天坛医院,221,20260701,7203
20260701,医疗,风湿病有什么症状表现,221,20260701,7204
20260701,医疗,左归丸,221,20260701,7205
20260701,医疗,拔罐能去除体内湿气吗,221,20260701,7206
20260701,医疗,大便颜色9种图解,221,20260701,7207
20260701,医疗,荞麦枕真的能养生吗,221,20260701,7208
20260701,医疗,半枝莲图片,221,20260701,7209
20260701,医疗,着床出血是什么样子的,221,20260701,7210
20260701,医疗,罗红霉素片成人一次吃几粒,221,20260701,7211
20260701,医疗,桂附地黄丸的配方组成,221,20260701,7212
20260701,医疗,支原体感染吃什么药效果比较好,221,20260701,7213
20260701,医疗,醒脾养儿颗粒的功效与作用,221,20260701,7214
20260701,医疗,麦粒肿眼睛用什么药最有效,221,20260701,7215
20260701,医疗,浮小麦的作用与功能主治,221,20260701,7216
20260701,医疗,两面针的功效与作用,221,20260701,7217
20260701,医疗,桑黄,221,20260701,7218
20260701,医疗,女性性高有什么症状,221,20260701,7219
20260701,医疗,邵逸夫医院,221,20260701,7220
20260701,医疗,桑叶苦瓜芹菜面条功效与作用,221,20260701,7221
20260701,医疗,一根玉米的热量是多少大卡,221,20260701,7222
20260701,医疗,三七粉怎么吃才正确,221,20260701,7223
20260701,医疗,醋鳖甲的功效与作用,221,20260701,7224
20260701,医疗,口苦口臭吃什么药最好有效,221,20260701,7225
20260701,医疗,银丹心脑通软胶囊功效作用,221,20260701,7226
20260701,医疗,生姜的功效与作用,221,20260701,7227
20260701,医疗,周围神经病是什么病,221,20260701,7228
20260701,医疗,补中益气丸的功效与作用和适用人群,221,20260701,7229
20260701,医疗,宫外孕有2个明显信号,221,20260701,7230
20260701,医疗,丹参酮‖A磺酸钠的功效与作用,221,20260701,7231
20260701,医疗,盆底肌松弛怎么治疗最好,221,20260701,7232
20260701,医疗,六味地黄丸的副作用和危害,221,20260701,7233
20260701,医疗,眼睛里面有血是怎么回事,221,20260701,7234
20260701,医疗,乙流传染性最强的时期,221,20260701,7235
20260701,医疗,睡觉磨牙齿是什么原因怎样治疗,221,20260701,7236
20260701,医疗,人干扰素a2b凝胶作用与功效,221,20260701,7237
20260701,医疗,人体解剖图,221,20260701,7238
20260701,医疗,膝盖内侧疼痛的原因有三种,221,20260701,7239
20260701,医疗,艾滋病能活多久,220,20260701,7240
20260701,医疗,切除子宫对身体有什么伤害和后遗症,220,20260701,7241
20260701,医疗,商陆,220,20260701,7242
20260701,医疗,反流性食管炎症状及表现是什么,220,20260701,7243
20260701,医疗,手腕上有个凸起的疙瘩怎么回事,220,20260701,7244
20260701,医疗,蜘蛛痣,220,20260701,7245
20260701,医疗,皮赘,220,20260701,7246
20260701,医疗,眩晕症,220,20260701,7247
20260701,医疗,红藤的功效作用与主治,220,20260701,7248
20260701,医疗,合富中国,220,20260701,7249
20260701,医疗,颈椎病怎么治疗才能彻底除根呢,220,20260701,7250
20260701,医疗,类风湿性关节炎,220,20260701,7251
20260701,医疗,汗蒸的好处和坏处 汗蒸的注意事项,220,20260701,7252
20260701,医疗,围绝经期什么意思,220,20260701,7253
20260701,医疗,腋下疼痛的原因可能有哪些,220,20260701,7254
20260701,医疗,汗疱疹用什么药膏最管用,220,20260701,7255
20260701,医疗,喉咙痒引起咳嗽吃什么药效果最好,220,20260701,7256
20260701,医疗,路路通的功效与作用,220,20260701,7257
20260701,医疗,84消毒液的作用与功效,220,20260701,7258
20260701,医疗,血热症状的表现有哪些,220,20260701,7259
20260701,医疗,冠心病的症状表现,220,20260701,7260
20260701,医疗,地尔硫卓作用与功效,220,20260701,7261
20260701,医疗,三伏天吃什么排湿气寒气最好?,220,20260701,7262
20260701,医疗,血竭的功效与作用,220,20260701,7263
20260701,医疗,三七花泡水喝有什么功效和作用,220,20260701,7264
20260701,医疗,低血糖症状有哪些,220,20260701,7265
20260701,医疗,止嗽散的组成,220,20260701,7266
20260701,医疗,昆仑雪菊茶的功效和作用,220,20260701,7267
20260701,医疗,坐骨神经痛最快最好的治疗方法,220,20260701,7268
20260701,医疗,莫沙必利,220,20260701,7269
20260701,医疗,内科检查有哪些项目,220,20260701,7270
20260701,医疗,环跳穴的准确位置,220,20260701,7271
20260701,医疗,环丙沙星的作用与功效,220,20260701,7272
20260701,医疗,骨髓,220,20260701,7273
20260701,医疗,头孢克洛胶囊的作用和功效,220,20260701,7274
20260701,医疗,发烧可以吃鸡蛋吗,220,20260701,7275
20260701,医疗,鱼油,220,20260701,7276
20260701,医疗,丹参黄芪山楂泡水功效与用量,220,20260701,7277
20260701,医疗,"干咳,无痰,喉咙痒,尤其夜里严重怎么办",220,20260701,7278
20260701,医疗,小排畸主要检查什么,220,20260701,7279
20260701,医疗,三阴准确位置图和作用功效,220,20260701,7280
20260701,医疗,苦菜的功效与作用主要治什么病,219,20260701,7281
20260701,医疗,盗汗是什么原因造成的,219,20260701,7282
20260701,医疗,安宫牛黄丸的作用功效与主治,219,20260701,7283
20260701,医疗,复旦大学附属中山医院,219,20260701,7284
20260701,医疗,右手臂疼痛要警惕的三种病,219,20260701,7285
20260701,医疗,咽炎的症状有哪些症状,219,20260701,7286
20260701,医疗,甲状腺癌恶性做了切除能活多久,219,20260701,7287
20260701,医疗,阴虚火旺吃什么中成药,219,20260701,7288
20260701,医疗,维生素d滴剂的作用和功效,219,20260701,7289
20260701,医疗,阿莫西林克拉维酸钾干混悬剂儿童用量,219,20260701,7290
20260701,医疗,乙肝两对半检查结果怎么看,219,20260701,7291
20260701,医疗,肩袖损伤,219,20260701,7292
20260701,医疗,布洛芬一次吃几粒,219,20260701,7293
20260701,医疗,原位癌是什么意思,219,20260701,7294
20260701,医疗,破伤风发作了必死吗,219,20260701,7295
20260701,医疗,寒湿重吃什么药效果最好,219,20260701,7296
20260701,医疗,农用小苏打的作用与功效,219,20260701,7297
20260701,医疗,高脂血症是什么意思,219,20260701,7298
20260701,医疗,剖腹产多久可以再生第二胎,219,20260701,7299
20260701,医疗,红萝卜的功效与作用,219,20260701,7300
20260701,医疗,尿多是什么原因男性,219,20260701,7301
20260701,医疗,盆腔积液是什么意思严重吗,219,20260701,7302
20260701,医疗,舒肝益阳胶囊功能主治和作用,219,20260701,7303
20260701,医疗,痔疮怎么治疗才能断根,219,20260701,7304
20260701,医疗,荞麦枕养生吗,219,20260701,7305
20260701,医疗,腺样体面容,219,20260701,7306
20260701,医疗,盆腔积液,219,20260701,7307
20260701,医疗,降血压的食物及蔬菜和水果有哪些,219,20260701,7308
20260701,医疗,北京同仁医院眼科预约挂号,219,20260701,7309
20260701,医疗,人流手术多少天做比较适合,219,20260701,7310
20260701,医疗,阴虱虫子图片 症状,219,20260701,7311
20260701,医疗,痛风有什么症状,219,20260701,7312
20260701,医疗,低压多少才算正常范围,219,20260701,7313
20260701,医疗,转氨酶正常值多少,218,20260701,7314
20260701,医疗,阳气不足怎么补阳气,218,20260701,7315
20260701,医疗,肿瘤,218,20260701,7316
20260701,医疗,喝牛奶拉肚子怎么回事,218,20260701,7317
20260701,医疗,木香顺气丸治什么病效果最好,218,20260701,7318
20260701,医疗,被猫抓了一下有红色划痕 没流血,218,20260701,7319
20260701,医疗,助听器十大名牌排行榜,218,20260701,7320
20260701,医疗,马拉色菌,218,20260701,7321
20260701,医疗,心肌缺血的表现症状有哪些,218,20260701,7322
20260701,医疗,北京积水潭医院骨科专家,218,20260701,7323
20260701,医疗,站桩的好处功效与作用,218,20260701,7324
20260701,医疗,脑萎缩是什么原因引起的呢能治好吗,218,20260701,7325
20260701,医疗,疏风解毒胶囊的作用与功效,218,20260701,7326
20260701,医疗,槐米的功效与作用,218,20260701,7327
20260701,医疗,肩膀和胳膊连接处疼是怎么回事,218,20260701,7328
20260701,医疗,活检是什么检查,218,20260701,7329
20260701,医疗,南京医药,218,20260701,7330
20260701,医疗,红细胞计数偏高是什么意思,218,20260701,7331
20260701,医疗,脚指头疼痛什么原因引起的呢,218,20260701,7332
20260701,医疗,左归丸的配方组成,218,20260701,7333
20260701,医疗,包茎不割会有什么影响,218,20260701,7334
20260701,医疗,恩替卡韦片长期吃有什么副作用,218,20260701,7335
20260701,医疗,麝香保心丸对心脏起什么作用,218,20260701,7336
20260701,医疗,痛风吃什么药快速消肿止痛,218,20260701,7337
20260701,医疗,胃泌素释放肽前体高是什么原因,218,20260701,7338
20260701,医疗,冰片的作用与功效,218,20260701,7339
20260701,医疗,西梅的功效与作用,218,20260701,7340
20260701,医疗,24小时尿蛋白定量多少算严重,218,20260701,7341
20260701,医疗,戒烟,218,20260701,7342
20260701,医疗,爱出汗的男人什么原因怎么治疗,218,20260701,7343
20260701,医疗,饭后2小时血糖多少是正常值?,218,20260701,7344
20260701,医疗,心脏隐隐约约的疼怎么回事,218,20260701,7345
20260701,医疗,地奈德乳膏是激素药吗,218,20260701,7346
20260701,医疗,紫外线过敏怎么治能去根,218,20260701,7347
20260701,医疗,二尖瓣三尖瓣轻度反流说明什么,218,20260701,7348
20260701,医疗,降血糖的食物及蔬菜和水果有哪些,218,20260701,7349
20260701,医疗,子宫息肉必须做手术吗,218,20260701,7350
20260701,医疗,手指麻是怎么回事是什么病的前兆,218,20260701,7351
20260701,医疗,生力片的功效与作用,218,20260701,7352
20260701,医疗,头痛最好的缓解方法,218,20260701,7353
20260701,医疗,肩袖损伤怎么治疗最快最好方法,218,20260701,7354
20260701,医疗,卡优能的功效与作用是什么?它适合治疗哪种高血压?,218,20260701,7355
20260701,医疗,甲流,218,20260701,7356
20260701,医疗,国药现代,218,20260701,7357
20260701,医疗,穿心莲内酯滴丸的功效与作用,217,20260701,7358
20260701,医疗,巴沙鱼的营养价值及功效,217,20260701,7359
20260701,医疗,苋菜的功效与作用及副作用禁忌,217,20260701,7360
20260701,医疗,补中益气汤,217,20260701,7361
20260701,医疗,支气管哮喘怎么治疗彻底除根,217,20260701,7362
20260701,医疗,优思明,217,20260701,7363
20260701,医疗,尿素偏低是什么原因,217,20260701,7364
20260701,医疗,桑葚干6大害处,217,20260701,7365
20260701,医疗,acei类药物有哪些,217,20260701,7366
20260701,医疗,大腿根部疼痛警惕3种病,217,20260701,7367
20260701,医疗,补铁有什么作用和功效,217,20260701,7368
20260701,医疗,荨麻疹又叫艾滋病初期症状吗,217,20260701,7369
20260701,医疗,艾德生物,217,20260701,7370
20260701,医疗,艾滋病简称什么字母,217,20260701,7371
20260701,医疗,心口堵闷有压迫感是什么原因,217,20260701,7372
20260701,医疗,什么被誉为补气之长?,217,20260701,7373
20260701,医疗,吸烟对身体的危害有哪些,217,20260701,7374
20260701,医疗,养血清脑颗粒的功效与作用,217,20260701,7375
20260701,医疗,吉兰巴雷综合征是什么病,217,20260701,7376
20260701,医疗,空心菜的功效与作用,217,20260701,7377
20260701,医疗,炒苦杏仁的功效与作用,217,20260701,7378
20260701,医疗,同济医院,217,20260701,7379
20260701,医疗,双肺纹理增多是什么意思严重吗,217,20260701,7380
20260701,医疗,决明子图片,217,20260701,7381
20260701,医疗,太冲穴,217,20260701,7382
20260701,医疗,痉挛,217,20260701,7383
20260701,医疗,气海穴,217,20260701,7384
20260701,医疗,160cm女生标准体重,217,20260701,7385
20260701,医疗,肝郁脾虚的症状有哪些表现,217,20260701,7386
20260701,医疗,脉血康胶囊的功效与作用,217,20260701,7387
20260701,医疗,血压什么时候测量比较准确,217,20260701,7388
20260701,医疗,大麦茶的功效与作用,217,20260701,7389
20260701,医疗,肺部结节多少mm以上建议手术,217,20260701,7390
20260701,医疗,神经功能紊乱有哪些症状,217,20260701,7391
20260701,医疗,牛脾肽的作用与功效,217,20260701,7392
20260701,医疗,鲈鱼的营养价值及功效,217,20260701,7393
20260701,医疗,杨梅上火还是降火,217,20260701,7394
20260701,医疗,低聚异麦芽糖是什么东西,217,20260701,7395
20260701,医疗,山楂的功效与作用,217,20260701,7396
20260701,医疗,降香的功效与作用与主治,217,20260701,7397
20260701,医疗,肌肉拉伤怎么治疗才能快速恢复,217,20260701,7398
20260701,医疗,幽门螺杆菌怎么治疗才能彻底除根,216,20260701,7399
20260701,医疗,菜花状疣图片男性,216,20260701,7400
20260701,医疗,蜘蛛痣早期图片,216,20260701,7401
20260701,医疗,猪心怎么吃补心脏最好的方法,216,20260701,7402
20260701,医疗,褐色的分泌物又不像月经是怎么回事,216,20260701,7403
20260701,医疗,米汤的功效与作用,216,20260701,7404
20260701,医疗,柴胡舒肝丸,216,20260701,7405
20260701,医疗,黑豆的功效和作用,216,20260701,7406
20260701,医疗,肝血管瘤严重吗有什么危害和后果,216,20260701,7407
20260701,医疗,赛默飞,216,20260701,7408
20260701,医疗,白色念珠菌是什么病,216,20260701,7409
20260701,医疗,尿毒症是什么原因引起的,216,20260701,7410
20260701,医疗,ecmo医学上是什么意思,216,20260701,7411
20260701,医疗,川贝母怎么吃治咳嗽最好,216,20260701,7412
20260701,医疗,腰疼是什么原因引起的,216,20260701,7413
20260701,医疗,放疗一次多少钱,216,20260701,7414
20260701,医疗,桂附地黄丸,216,20260701,7415
20260701,医疗,甲状腺癌的早期症状和前兆,216,20260701,7416
20260701,医疗,喉癌症状的早期表现,216,20260701,7417
20260701,医疗,地屈孕酮片,216,20260701,7418
20260701,医疗,双歧杆菌三联活菌肠溶胶囊,216,20260701,7419
20260701,医疗,化橘红,216,20260701,7420
20260701,医疗,桑叶双瓜茶的功效和作用,216,20260701,7421
20260701,医疗,健胃消食片,216,20260701,7422
20260701,医疗,麦芽糖醇是什么东西,216,20260701,7423
20260701,医疗,左氧氟沙星副作用,216,20260701,7424
20260701,医疗,血压低有什么症状表现,216,20260701,7425
20260701,医疗,甲状腺功能亢进症是什么意思,216,20260701,7426
20260701,医疗,胸部ct平扫可以检查哪些部位,216,20260701,7427
20260701,医疗,肛窦炎的症状有哪些,216,20260701,7428
20260701,医疗,酮咯酸氨丁三醇作用与功效,216,20260701,7429
20260701,医疗,外面阴白斑图片大全,216,20260701,7430
20260701,医疗,口腔上面长了个凸起的小包,216,20260701,7431
20260701,医疗,乌梢蛇的作用与功效,216,20260701,7432
20260701,医疗,高密度脂蛋白胆固醇低是什么意思,216,20260701,7433
20260701,医疗,嘌呤,216,20260701,7434
20260701,医疗,复方多黏菌素b软膏主治功能,216,20260701,7435
20260701,医疗,五子衍宗丸配方,216,20260701,7436
20260701,医疗,尼莫地平片的作用与功效,216,20260701,7437
20260701,医疗,书虱,216,20260701,7438
20260701,医疗,低蛋白血症是什么病,216,20260701,7439
20260701,医疗,吃黄精对身体有什么好处,216,20260701,7440
20260701,医疗,ecmo,216,20260701,7441
20260701,医疗,子宫肌瘤手术费用大概是多少钱,215,20260701,7442
20260701,医疗,癫痫症状有哪些表现,215,20260701,7443
20260701,医疗,布地奈德,215,20260701,7444
20260701,医疗,桑黄市场价多少钱一斤,215,20260701,7445
20260701,医疗,心肌梗塞的症状及前兆,215,20260701,7446
20260701,医疗,人魄是什么中药,215,20260701,7447
20260701,医疗,心肌缺血怎么调理,215,20260701,7448
20260701,医疗,豆浆喝多了有什么好处和坏处,215,20260701,7449
20260701,医疗,实性结节是什么意思是良性还是恶性,215,20260701,7450
20260701,医疗,利拉鲁肽的作用和功效,215,20260701,7451
20260701,医疗,青稞的功效与作用,215,20260701,7452
20260701,医疗,前列地尔功效与主治,215,20260701,7453
20260701,医疗,蜈蚣的药用功能与主治,215,20260701,7454
20260701,医疗,盐酸达泊西汀片提前多久吃最好,215,20260701,7455
20260701,医疗,乙氧苯柳胺软膏的功能与主治,215,20260701,7456
20260701,医疗,尿毒症有什么症状表现有哪些,215,20260701,7457
20260701,医疗,肠炎吃什么药效果最好,215,20260701,7458
20260701,医疗,胃舒平的作用与功效,215,20260701,7459
20260701,医疗,夏威夷果仁的功效和作用,215,20260701,7460
20260701,医疗,天定良元,215,20260701,7461
20260701,医疗,二甲双胍可以用来减肥吗,215,20260701,7462
20260701,医疗,夏威夷果的功效与作用,215,20260701,7463
20260701,医疗,白细胞偏高是什么原因,215,20260701,7464
20260701,医疗,榛子的功效与作用,215,20260701,7465
20260701,医疗,霉菌性阴道炎,215,20260701,7466
20260701,医疗,牙龈肿胀鼓包怎么办,215,20260701,7467
20260701,医疗,穿山甲的功用和用途,215,20260701,7468
20260701,医疗,疟疾病是什么病,215,20260701,7469
20260701,医疗,肚子疼痛部位对照表,215,20260701,7470
20260701,医疗,替米沙坦的副作用有哪些,215,20260701,7471
20260701,医疗,氨基酸,215,20260701,7472
20260701,医疗,1型糖尿病和2型糖尿病的区别,215,20260701,7473
20260701,医疗,降钙素测定是检查什么,215,20260701,7474
20260701,医疗,猫抓破皮出血一定要打针吗,215,20260701,7475
20260701,医疗,小孩发烧怎么退烧的小妙招,215,20260701,7476
20260701,医疗,三七肝脂丸的功效与作用及食用方法,215,20260701,7477
20260701,医疗,对乙酰氨基酚片是什么药,215,20260701,7478
20260701,医疗,香菊胶囊的功效与作用,215,20260701,7479
20260701,医疗,马凡氏综合症是什么病,215,20260701,7480
20260701,医疗,薄荷的功效与作用,215,20260701,7481
20260701,医疗,疱疹性咽喉炎怎么治疗,215,20260701,7482
20260701,医疗,乌梅丸的配方,215,20260701,7483
20260701,医疗,钙铁锌口服液的作用与功效,215,20260701,7484
20260701,医疗,胡萝卜生吃还是熟吃有营养,214,20260701,7485
20260701,医疗,血管瘤的样子图片,214,20260701,7486
20260701,医疗,南京脑科医院,214,20260701,7487
20260701,医疗,性压抑是什么啥意思,214,20260701,7488
20260701,医疗,灯盏细辛的功效与作用,214,20260701,7489
20260701,医疗,皮肤病大全对照图,214,20260701,7490
20260701,医疗,美宝湿润烧伤膏,214,20260701,7491
20260701,医疗,二尖瓣三尖瓣反流治疗最佳方法,214,20260701,7492
20260701,医疗,乳糖酶的作用和功效,214,20260701,7493
20260701,医疗,全身疼痛无力没精神感觉好累怎么办,214,20260701,7494
20260701,医疗,蛇缠腰,214,20260701,7495
20260701,医疗,龟鹿二仙胶的功能主治,214,20260701,7496
20260701,医疗,屁股疼痛部位对照表,214,20260701,7497
20260701,医疗,章门穴位的准确位置图,214,20260701,7498
20260701,医疗,打封闭针的作用与危害,214,20260701,7499
20260701,医疗,阿昔洛韦治疗疱疹几天好,214,20260701,7500
20260701,医疗,头孢呋辛酯片,214,20260701,7501
20260701,医疗,善存片多种维生素的作用和功效,214,20260701,7502
20260701,医疗,赶黄草泡水喝的功效与危害,214,20260701,7503
20260701,医疗,莲子是热性还是凉性,214,20260701,7504
20260701,医疗,胃肠感冒的症状表现,214,20260701,7505
20260701,医疗,艾司唑仑,214,20260701,7506
20260701,医疗,尿频尿急吃什么药有效果,214,20260701,7507
20260701,医疗,霍香正气水能治脚气吗,214,20260701,7508
20260701,医疗,右佐匹克隆,214,20260701,7509
20260701,医疗,血小板计数高是怎么回事,214,20260701,7510
20260701,医疗,一贯煎的功效与作用,214,20260701,7511
20260701,医疗,刺五加,214,20260701,7512
20260701,医疗,沙库巴曲缬沙坦钠片,214,20260701,7513
20260701,医疗,朱砂手串的功效与作用佩戴禁忌,214,20260701,7514
20260701,医疗,血压正常范围,214,20260701,7515
20260701,医疗,尿蛋白高是怎么回事,214,20260701,7516
20260701,医疗,肋间神经痛有什么症状,214,20260701,7517
20260701,医疗,厄贝沙坦片,214,20260701,7518
20260701,医疗,扁桃体发炎是什么原因引起的,214,20260701,7519
20260701,医疗,多格列艾汀的功能与作用,214,20260701,7520
20260701,医疗,劳拉西泮,214,20260701,7521
20260701,医疗,艾司西酞普兰的功效和作用,214,20260701,7522
20260701,医疗,吃黄瓜的好处和功效与作用,214,20260701,7523
20260701,医疗,艾司唑仑片,214,20260701,7524
20260701,医疗,血管堵塞吃什么药好疏通见效快,214,20260701,7525
20260701,医疗,发芽的山药还能吃吗,214,20260701,7526
20260701,医疗,膝盖疼痛怎么治疗最好的药,214,20260701,7527
20260701,医疗,酒精肝的症状有哪些表现,214,20260701,7528
20260701,医疗,秋葵是凉性还是热性,214,20260701,7529
20260701,医疗,喝红茶有什么好处和功效和作用,214,20260701,7530
20260701,医疗,"孕反应一般多久开始,几周结束",214,20260701,7531
20260701,医疗,上海第六人民医院,214,20260701,7532
20260701,医疗,鳞状细胞癌相关抗原高说明什么,214,20260701,7533
20260701,医疗,华润双鹤,214,20260701,7534
20260701,医疗,银杏叶片,214,20260701,7535
20260701,医疗,静脉曲张自我恢复方法,214,20260701,7536
20260701,医疗,氯诺昔康注射功效与作用,213,20260701,7537
20260701,医疗,身体上有红色的小点是怎么回事,213,20260701,7538
20260701,医疗,鳗鱼的功效与作用,213,20260701,7539
20260701,医疗,牛大力,213,20260701,7540
20260701,医疗,甲减坚决不能吃的食物,213,20260701,7541
20260701,医疗,焦虑症躯体化有哪些症状,213,20260701,7542
20260701,医疗,尿路感染有3种药最有效,213,20260701,7543
20260701,医疗,痹祺胶囊的功效和作用,213,20260701,7544
20260701,医疗,紧急避孕药72小时是前后都管吗,213,20260701,7545
20260701,医疗,红腰豆的功效与作用,213,20260701,7546
20260701,医疗,头孢克洛干混悬剂儿童用量,213,20260701,7547
20260701,医疗,阿莫西林吃了能喝酒吗,213,20260701,7548
20260701,医疗,谷维素片功效与作用,213,20260701,7549
20260701,医疗,一天吃几个鸡蛋合适,213,20260701,7550
20260701,医疗,拜新同的功效与副作用,213,20260701,7551
20260701,医疗,马来酸曲美布汀片功效与作用,213,20260701,7552
20260701,医疗,阿胶,213,20260701,7553
20260701,医疗,嘴角裂开口子一直不好怎么办,213,20260701,7554
20260701,医疗,怀孕大肚子快生了,213,20260701,7555
20260701,医疗,宝宝用力嗯脚翘起来怎么回事,213,20260701,7556
20260701,医疗,尿素高是怎么回事,213,20260701,7557
20260701,医疗,亚麻籽对甲状腺结节的影响,213,20260701,7558
20260701,医疗,牛筋草有什么作用,213,20260701,7559
20260701,医疗,青葙子的功效与作用,213,20260701,7560
20260701,医疗,地黄有什么功效和作用,213,20260701,7561
20260701,医疗,补佳乐的作用和功效,213,20260701,7562
20260701,医疗,盐补骨脂的功效与作用,213,20260701,7563
20260701,医疗,碳酸锂的作用及功效,213,20260701,7564
20260701,医疗,褥疮用什么药好得快效果最好,213,20260701,7565
20260701,医疗,黑棘皮,213,20260701,7566
20260701,医疗,阿托伐他汀钙片早上吃好还是晚上吃好,213,20260701,7567
20260701,医疗,米乐芙茶氨酸功效与作用,213,20260701,7568
20260701,医疗,同房后出现褐色分泌物的原因,213,20260701,7569
20260701,医疗,东部战区总医院,213,20260701,7570
20260701,医疗,优思悦的功效与副作用,213,20260701,7571
20260701,医疗,磁共振多久出结果,213,20260701,7572
20260701,医疗,麦芽糖醇糖尿病人能吃吗,213,20260701,7573
20260701,医疗,低血糖的危害和严重性,213,20260701,7574
20260701,医疗,来月经有血块是怎么回事,213,20260701,7575
20260701,医疗,尿路感染反反复复怎么治疗才能断根,213,20260701,7576
20260701,医疗,拍胸片是否脱上衣,212,20260701,7577
20260701,医疗,维生素b片的功效与作用,212,20260701,7578
20260701,医疗,高纤维食物有哪些,212,20260701,7579
20260701,医疗,呋虫胺对人体有害吗?,212,20260701,7580
20260701,医疗,支气管扩张的症状表现,212,20260701,7581
20260701,医疗,"tct和hpv有什么区别,都要检查吗?",212,20260701,7582
20260701,医疗,抑郁,212,20260701,7583
20260701,医疗,处方药和非处方药是什么意思,212,20260701,7584
20260701,医疗,白内障不动手术可以治愈吗,212,20260701,7585
20260701,医疗,玉泉丸的功效与作用,212,20260701,7586
20260701,医疗,"血糖多少为正常,多少为高",212,20260701,7587
20260701,医疗,动态心电图24小时监测仪,212,20260701,7588
20260701,医疗,太溪穴,212,20260701,7589
20260701,医疗,牙髓炎怎么治疗才能彻底根除,212,20260701,7590
20260701,医疗,金钱草图片,212,20260701,7591
20260701,医疗,当归苦参丸的功效与作用,212,20260701,7592
20260701,医疗,脾肾阳虚吃什么中成药效果好,212,20260701,7593
20260701,医疗,黄鼻涕是什么类型的感冒,212,20260701,7594
20260701,医疗,施慧达的功效与副作用,212,20260701,7595
20260701,医疗,期门准确位置图,212,20260701,7596
20260701,医疗,炙黄芪的功效与作用,212,20260701,7597
20260701,医疗,血友病,212,20260701,7598
20260701,医疗,女性绝经一般在什么年龄,212,20260701,7599
20260701,医疗,adhd是什么意思,212,20260701,7600
20260701,医疗,蛹虫草的作用与功效,212,20260701,7601
20260701,医疗,低压高到100怎么治疗吃什么药,212,20260701,7602
20260701,医疗,轮状病毒的症状与病因,212,20260701,7603
20260701,医疗,玉米升糖指数高吗,212,20260701,7604
20260701,医疗,分心木的功效与作用,212,20260701,7605
20260701,医疗,医院下午几点上班,212,20260701,7606
20260701,医疗,维生素b12的作用和功效,212,20260701,7607
20260701,医疗,肩胛骨疼是什么原因造成的,212,20260701,7608
20260701,医疗,黄疸高怎样退黄比较快,212,20260701,7609
20260701,医疗,螺旋藻的主要功效与作用,212,20260701,7610
20260701,医疗,体内湿气重最快的方法怎么消除,212,20260701,7611
20260701,医疗,柠檬蜂蜜水有什么功效和作用,212,20260701,7612
20260701,医疗,葵花牌护肝片的功效与作用,212,20260701,7613
20260701,医疗,蛮龙液的功效与作用是真的吗,212,20260701,7614
20260701,医疗,脚踝,212,20260701,7615
20260701,医疗,补钾吃什么药好最快最有效,212,20260701,7616
20260701,医疗,肱二头肌和肱三头肌位置图,212,20260701,7617
20260701,医疗,复方甘草酸苷片的作用与功效,211,20260701,7618
20260701,医疗,肛门旁边鼓个包里面有硬块很疼,211,20260701,7619
20260701,医疗,附子,211,20260701,7620
20260701,医疗,解脲支原体阳性是什么意思,211,20260701,7621
20260701,医疗,子宫肌瘤的症状有哪些表现,211,20260701,7622
20260701,医疗,颈椎痛和肩膀疼得厉害咋办,211,20260701,7623
20260701,医疗,九价hpv有什么作用和功效,211,20260701,7624
20260701,医疗,平均红细胞体积偏高说明什么,211,20260701,7625
20260701,医疗,倍他司汀,211,20260701,7626
20260701,医疗,眼睛充血要警惕四种疾病,211,20260701,7627
20260701,医疗,西咪替丁片的功效与作用,211,20260701,7628
20260701,医疗,清胃黄连丸的功效与作用,211,20260701,7629
20260701,医疗,佛慈内消瘰疬丸的功效与作用,211,20260701,7630
20260701,医疗,豆豉的功效与作用,211,20260701,7631
20260701,医疗,咳嗽漏尿女性漏尿是怎么回事,211,20260701,7632
20260701,医疗,酸枣仁汤组成配方剂量,211,20260701,7633
20260701,医疗,谷丙转氨酶高多少才是肝炎,211,20260701,7634
20260701,医疗,小腿静脉曲张的最快消除方法,211,20260701,7635
20260701,医疗,高压90低压60正常吗,211,20260701,7636
20260701,医疗,心肌桥是什么病,211,20260701,7637
20260701,医疗,手三里的位置和神奇功效,211,20260701,7638
20260701,医疗,板蓝根图片,211,20260701,7639
20260701,医疗,气管镜检查能确诊什么病,211,20260701,7640
20260701,医疗,安素营养粉的作用与功效,211,20260701,7641
20260701,医疗,为什么同房后会出血,211,20260701,7642
20260701,医疗,盐酸左西替利嗪片治什么病,211,20260701,7643
20260701,医疗,硝苯地平缓释片,211,20260701,7644
20260701,医疗,全谷物是指什么食物,211,20260701,7645
20260701,医疗,会厌囊肿是怎么回事,211,20260701,7646
20260701,医疗,风湿性关节炎的症状,211,20260701,7647
20260701,医疗,十二指肠溃疡的症状,211,20260701,7648
20260701,医疗,方舟健客网上药店下载app,211,20260701,7649
20260701,医疗,擦伤破皮了涂什么药好得快,211,20260701,7650
20260701,医疗,脑供血不足头晕怎么治疗最好,211,20260701,7651
20260701,医疗,淋巴瘤是癌症吗,211,20260701,7652
20260701,医疗,喝绿茶有什么好处和功效和作用,211,20260701,7653
20260701,医疗,腰椎退行性变是怎么回事,211,20260701,7654
20260701,医疗,海藻的功效与作用,211,20260701,7655
20260701,医疗,直系亲属为什么不能输血,211,20260701,7656
20260701,医疗,湿疹会传染给别人吗,211,20260701,7657
20260701,医疗,男人更年期有什么症状有哪些表现,211,20260701,7658
20260701,医疗,肺宁颗粒的功效作用与主治,211,20260701,7659
20260701,医疗,小苏打的用途和功效,211,20260701,7660
20260701,医疗,股癣的症状图片 男性,211,20260701,7661
20260701,医疗,感冒吃什么药好得快效果最好,210,20260701,7662
20260701,医疗,甲醛吸多了会有什么症状,210,20260701,7663
20260701,医疗,蝴蝶宝贝是一种什么病,210,20260701,7664
20260701,医疗,胃寒吃什么药好得快效果最好,210,20260701,7665
20260701,医疗,动脉粥样硬化的症状表现和治疗方法,210,20260701,7666
20260701,医疗,衣原体感染是什么意思,210,20260701,7667
20260701,医疗,9.1.糖,210,20260701,7668
20260701,医疗,肌无力是什么症状,210,20260701,7669
20260701,医疗,下肢静脉血栓的症状有哪些,210,20260701,7670
20260701,医疗,肱骨,210,20260701,7671
20260701,医疗,乳果糖口服液的正确吃法,210,20260701,7672
20260701,医疗,胆碱酯酶高意味着什么,210,20260701,7673
20260701,医疗,三色藜麦米的功效与作用,210,20260701,7674
20260701,医疗,a站流鼻血1.1.2,210,20260701,7675
20260701,医疗,枸杞叶的作用与功效,210,20260701,7676
20260701,医疗,沙棘果浆的功效与主治是什么,210,20260701,7677
20260701,医疗,脸上长斑是什么原因引起的啊,210,20260701,7678
20260701,医疗,肠易激综合症用什么药能治好,210,20260701,7679
20260701,医疗,"子宫肌瘤是什么病严重吗,怎么治疗?",210,20260701,7680
20260701,医疗,佑左匹克隆的功效及副作用,210,20260701,7681
20260701,医疗,复方甘草酸苷片,210,20260701,7682
20260701,医疗,盐酸莫西沙星片能治疗肺结节吗,210,20260701,7683
20260701,医疗,抑郁症躯体化症状表现,210,20260701,7684
20260701,医疗,辅酶q10,210,20260701,7685
20260701,医疗,基因检测主要是检测什么,210,20260701,7686
20260701,医疗,小柴胡的功效与主治,210,20260701,7687
20260701,医疗,交大一附院,210,20260701,7688
20260701,医疗,心肌炎是什么原因造成的,210,20260701,7689
20260701,医疗,红参,210,20260701,7690
20260701,医疗,宫腔粘连怎么办最好的治疗方法,210,20260701,7691
20260701,医疗,白芸豆的作用与功效,210,20260701,7692
20260701,医疗,子午流注对应的十二时辰养生法,210,20260701,7693
20260701,医疗,丹参滴丸一天吃几次?每次几粒,210,20260701,7694
20260701,医疗,白萝卜的作用与功效,210,20260701,7695
20260701,医疗,汉防己甲素片的功效与作用,210,20260701,7696
20260701,医疗,心绞痛吃什么药效果最快最好治,210,20260701,7697
20260701,医疗,脑出血,210,20260701,7698
20260701,医疗,甲骨胺片治什么病,210,20260701,7699
20260701,医疗,桃胶,210,20260701,7700
20260701,医疗,右下腹疼是怎么回事女性,210,20260701,7701
20260701,医疗,焦虑症是心理疾病还是精神疾病,209,20260701,7702
20260701,医疗,性病,209,20260701,7703
20260701,医疗,荞麦枕头有什么好处和坏处,209,20260701,7704
20260701,医疗,白癜风是什么原因引起的,209,20260701,7705
20260701,医疗,海马体,209,20260701,7706
20260701,医疗,罗欣药业,209,20260701,7707
20260701,医疗,贫血的轻中重度三个分期,209,20260701,7708
20260701,医疗,哮喘病怎么治疗效果最好的方法,209,20260701,7709
20260701,医疗,尿感宁颗粒的功效与作用,209,20260701,7710
20260701,医疗,减肥餐食谱一周七天,209,20260701,7711
20260701,医疗,腹肌怎么练最有效最快,209,20260701,7712
20260701,医疗,洛索洛芬钠凝胶贴膏功效与作用,209,20260701,7713
20260701,医疗,白肺病患者能治愈吗,209,20260701,7714
20260701,医疗,海龙的功效与作用,209,20260701,7715
20260701,医疗,雌三醇软膏可以改善性生活干涩,209,20260701,7716
20260701,医疗,肾小球滤过率,209,20260701,7717
20260701,医疗,前胸后背疼是什么原因引起的,209,20260701,7718
20260701,医疗,小麦胚芽的正确吃法与功效,209,20260701,7719
20260701,医疗,氨甲环酸的作用与功效,209,20260701,7720
20260701,医疗,乌梅丸,209,20260701,7721
20260701,医疗,炒白术的主要功效和作用,209,20260701,7722
20260701,医疗,陈醋的功效与作用,209,20260701,7723
20260701,医疗,马蜂蛰了最佳处理方法,209,20260701,7724
20260701,医疗,吃什么长头发,209,20260701,7725
20260701,医疗,泰诺酚麻美敏片的功效与作用,209,20260701,7726
20260701,医疗,黑芝麻糊的功效与作用,209,20260701,7727
20260701,医疗,无痛人流最佳多少天可以做,209,20260701,7728
20260701,医疗,红斑狼疮是什么症状,209,20260701,7729
20260701,医疗,胳肢窝长了个肉疙瘩,209,20260701,7730
20260701,医疗,乳酸菌素片是饭前吃还是饭后吃,209,20260701,7731
20260701,医疗,尿潜血3个加号是什么意思,209,20260701,7732
20260701,医疗,亮甲治疗灰指甲效果怎么样,209,20260701,7733
20260701,医疗,脂蛋白高是怎么回事有什么危害,209,20260701,7734
20260701,医疗,肉桂粉加蜂蜜吃了有什么好处,209,20260701,7735
20260701,医疗,乳腺导管扩张是什么意思严重吗,209,20260701,7736
20260701,医疗,脑电图可以检查出什么,209,20260701,7737
20260701,医疗,余甘子的功效与作用,209,20260701,7738
20260701,医疗,龙胆草的作用与功能主治,209,20260701,7739
20260701,医疗,安眠药吃一片能睡多久,209,20260701,7740
20260701,医疗,扁桃体肿大需不需要做手术,209,20260701,7741
20260701,医疗,乌苓苁蓉口服液对男性功效和作用,208,20260701,7742
20260701,医疗,egfr医学是什么意思,208,20260701,7743
20260701,医疗,羊水栓塞顺产多还是剖腹产多,208,20260701,7744
20260701,医疗,鹿汉鸣的功效与作用,208,20260701,7745
20260701,医疗,东立医院在哪个城市,208,20260701,7746
20260701,医疗,高钾血症的症状及表现,208,20260701,7747
20260701,医疗,维生素b的作用和功效有哪些,208,20260701,7748
20260701,医疗,cpr是什么意思,208,20260701,7749
20260701,医疗,退黑素用法与功效,208,20260701,7750
20260701,医疗,芦荟胶囊治便秘的吃法及副作用,208,20260701,7751
20260701,医疗,小米南瓜粥的功效与作用,208,20260701,7752
20260701,医疗,英太青的功效与副作用,208,20260701,7753
20260701,医疗,排卵期出血是怎么回事,208,20260701,7754
20260701,医疗,细辛,208,20260701,7755
20260701,医疗,"肝血管瘤是什么病,怎样治疗,严重吗?",208,20260701,7756
20260701,医疗,宫颈癌最先哪里疼痛,208,20260701,7757
20260701,医疗,阳气不足的症状有哪些,208,20260701,7758
20260701,医疗,强迫症的表现有哪些,208,20260701,7759
20260701,医疗,盆腔炎症状表现主要有哪些,208,20260701,7760
20260701,医疗,血痣是什么原因引起的,208,20260701,7761
20260701,医疗,胸口疼是什么原因?女性,208,20260701,7762
20260701,医疗,生吃洋葱有什么好处功效与作用,208,20260701,7763
20260701,医疗,灯盏生脉胶囊的功效与作用,208,20260701,7764
20260701,医疗,宫外孕一般多少天开始肚子疼,208,20260701,7765
20260701,医疗,五红汤的功效与作用,208,20260701,7766
20260701,医疗,乌灵参多少钱一斤,208,20260701,7767
20260701,医疗,长期手淫过度会导致什么,208,20260701,7768
20260701,医疗,荞麦面升糖指数高吗,208,20260701,7769
20260701,医疗,一清颗粒的功效与作用是什么,208,20260701,7770
20260701,医疗,黑咖啡可以减肥吗真的假的,208,20260701,7771
20260701,医疗,雷诺现象是什么症状,208,20260701,7772
20260701,医疗,枸地氯雷他定片的功效及副作用,208,20260701,7773
20260701,医疗,筋膜炎怎么治疗最好最有效的方法,208,20260701,7774
20260701,医疗,灵芝孢子粉,208,20260701,7775
20260701,医疗,痛经怎么缓解最有效的办法,208,20260701,7776
20260701,医疗,三七丹参西洋参天麻粉的功效和作用,208,20260701,7777
20260701,医疗,心率,208,20260701,7778
20260701,医疗,小腹坠胀感觉想尿可又尿不多是什么原因,208,20260701,7779
20260701,医疗,包皮手术几天能恢复正常,208,20260701,7780
20260701,医疗,慢性胰腺炎有哪些症状,208,20260701,7781
20260701,医疗,口蘑的营养价值与功效,208,20260701,7782
20260701,医疗,喉咙发炎吃什么药效果好得快,208,20260701,7783
20260701,医疗,维生素ad软胶囊的功效与作用,208,20260701,7784
20260701,医疗,心脾两虚的症状与表现,208,20260701,7785
20260701,医疗,麻黄,208,20260701,7786
20260701,医疗,灵芝破壁孢子的功效作用与禁忌,208,20260701,7787
20260701,医疗,天麻醒脑胶囊的功效作用与主治,208,20260701,7788
20260701,医疗,甲胎蛋白什么意思,207,20260701,7789
20260701,医疗,血压高怎么降下来最快最有效,207,20260701,7790
20260701,医疗,山东大学齐鲁医院,207,20260701,7791
20260701,医疗,肝内钙化灶是什么意思,207,20260701,7792
20260701,医疗,带脉在哪里的准确位置图,207,20260701,7793
20260701,医疗,格列齐特片的正确吃法,207,20260701,7794
20260701,医疗,黄体酮,207,20260701,7795
20260701,医疗,液窝下面有个小疙瘩怎么回事,207,20260701,7796
20260701,医疗,尿结石怎么治疗最好最快的方法,207,20260701,7797
20260701,医疗,奶头疼但乳房不疼怎么回事,207,20260701,7798
20260701,医疗,糖尿病能吃西瓜吗,207,20260701,7799
20260701,医疗,南昌大学第一附属医院,207,20260701,7800
20260701,医疗,玻璃酸钠治疗膝关节效果好吗,207,20260701,7801
20260701,医疗,优甲乐功效作用和副作用,207,20260701,7802
20260701,医疗,早上起来手指肿胀握拳有紧绷感觉,207,20260701,7803
20260701,医疗,肠胃镜检查需要多少钱一次无痛,207,20260701,7804
20260701,医疗,角膜炎有哪些症状,207,20260701,7805
20260701,医疗,灵芝的作用与功效有哪些,207,20260701,7806
20260701,医疗,焦三仙是哪三味中药,207,20260701,7807
20260701,医疗,玫瑰痤疮图片,207,20260701,7808
20260701,医疗,天津肿瘤医院,207,20260701,7809
20260701,医疗,煎中药的正确方法和时间,207,20260701,7810
20260701,医疗,口腔溃疡缺少什么维生素,207,20260701,7811
20260701,医疗,炙甘草汤的功效与作用,207,20260701,7812
20260701,医疗,hpv是艾滋病吗,207,20260701,7813
20260701,医疗,北京积水潭医院,207,20260701,7814
20260701,医疗,二丁颗粒主要治什么病,207,20260701,7815
20260701,医疗,桂枝甘草汤组成,207,20260701,7816
20260701,医疗,鸭血的功效与作用,207,20260701,7817
20260701,医疗,茵陈图片,207,20260701,7818
20260701,医疗,醋酸曲安奈德注射作用与副作用,207,20260701,7819
20260701,医疗,内关穴的准确位置图片,207,20260701,7820
20260701,医疗,体位性低血压,207,20260701,7821
20260701,医疗,带状疱疹的特效药,207,20260701,7822
20260701,医疗,抗生素的作用与功效,207,20260701,7823
20260701,医疗,三九感冒灵颗粒治疗风寒还是风热,207,20260701,7824
20260701,医疗,鹿净堂铁锌维真的能治疗白发吗,207,20260701,7825
20260701,医疗,西瓜升糖指数高吗,207,20260701,7826
20260701,医疗,咽炎,207,20260701,7827
20260701,医疗,白菊花的功效与作用,207,20260701,7828
20260701,医疗,参鹿扶正胶囊的功效和作用,207,20260701,7829
20260701,医疗,莫匹罗星软膏可以治疗包皮炎吗,207,20260701,7830
20260701,医疗,感冒咳嗽黄色浓痰是什么原因,207,20260701,7831
20260701,医疗,诃子的功效与作用,207,20260701,7832
20260701,医疗,南京儿童医院,207,20260701,7833
20260701,医疗,右归丸的作用和功效,207,20260701,7834
20260701,医疗,一个鸡蛋的热量,207,20260701,7835
20260701,医疗,顺从怀孕,207,20260701,7836
20260701,医疗,腋窝下长小肉球是怎么回事,207,20260701,7837
20260701,医疗,大唐活血胶囊是正规药吗,207,20260701,7838
20260701,医疗,吃左氧氟沙星可以喝酒吗,207,20260701,7839
20260701,医疗,富贵包,207,20260701,7840
20260701,医疗,代赭石的功效与作用,207,20260701,7841
20260701,医疗,h p v病毒是什么病毒,207,20260701,7842
20260701,医疗,血糖多少是正常,207,20260701,7843
20260701,医疗,郁李仁的功效作用与主治,206,20260701,7844
20260701,医疗,腰疼怎么治疗最好最快最有效,206,20260701,7845
20260701,医疗,结肠炎直肠炎吃什么药治疗效果好,206,20260701,7846
20260701,医疗,姨妈是黑褐色的怎么回事,206,20260701,7847
20260701,医疗,胺鲜酯的作用和功效,206,20260701,7848
20260701,医疗,"腿麻是什么原因引起的,怎么解决",206,20260701,7849
20260701,医疗,蚕豆病,206,20260701,7850
20260701,医疗,一根香蕉的热量,206,20260701,7851
20260701,医疗,脚麻是哪里出问题了,206,20260701,7852
20260701,医疗,颈椎间盘突出怎么治才能彻底根除,206,20260701,7853
20260701,医疗,爱地那非片的功能主治和副作用,206,20260701,7854
20260701,医疗,维生素d,206,20260701,7855
20260701,医疗,慢性胃炎怎么治疗才能彻底治好,206,20260701,7856
20260701,医疗,奥美拉唑主治什么,206,20260701,7857
20260701,医疗,玫瑰痤疮,206,20260701,7858
20260701,医疗,艾曲泊帕乙醇胺片的作用,206,20260701,7859
20260701,医疗,白萝卜的功效与作用,206,20260701,7860
20260701,医疗,克感敏的作用与功效,206,20260701,7861
20260701,医疗,体检,206,20260701,7862
20260701,医疗,双性人,206,20260701,7863
20260701,医疗,木香顺气丸的功效与作用,206,20260701,7864
20260701,医疗,芝麻油的功效与作用,206,20260701,7865
20260701,医疗,按摩24,206,20260701,7866
20260701,医疗,红花油作用与功效,206,20260701,7867
20260701,医疗,小便黄色是什么情况女,206,20260701,7868
20260701,医疗,红酒的功效与作用,206,20260701,7869
20260701,医疗,超敏c反应蛋白是查什么的,206,20260701,7870
20260701,医疗,特殊医院治疗3,206,20260701,7871
20260701,医疗,血糖值多少正常最新标准,206,20260701,7872
20260701,医疗,性生活中途疲软怎么恢复,206,20260701,7873
20260701,医疗,葡萄的功效和作用,206,20260701,7874
20260701,医疗,藿香正气水的作用与功能主治,206,20260701,7875
20260701,医疗,华佗再造丸的功效与主治,206,20260701,7876
20260701,医疗,生牡蛎的功效与作用,206,20260701,7877
20260701,医疗,阿咖酚散的作用与功效,206,20260701,7878
20260701,医疗,湿疹涂抹什么药膏好,206,20260701,7879
20260701,医疗,腰间盘突出吃什么药最有效,206,20260701,7880
20260701,医疗,脚后跟疼是怎么回事,205,20260701,7881
20260701,医疗,刺梨汁的功效与作用,205,20260701,7882
20260701,医疗,荠菜的功效与作用,205,20260701,7883
20260701,医疗,木香顺气丸的配方组成,205,20260701,7884
20260701,医疗,猪头肉的功效与作用危害,205,20260701,7885
20260701,医疗,女性bmi指什么部位,205,20260701,7886
20260701,医疗,理气舒心片的功效和作用,205,20260701,7887
20260701,医疗,胰腺的作用和功能是什么,205,20260701,7888
20260701,医疗,"沙坦类降压药哪种最好,副作用最小",205,20260701,7889
20260701,医疗,新生儿黄疸如何快速消退,205,20260701,7890
20260701,医疗,头发,205,20260701,7891
20260701,医疗,焦虑症怎么治疗效果最好的方法,205,20260701,7892
20260701,医疗,石见穿的功效与作用,205,20260701,7893
20260701,医疗,红细胞压积偏高是肿瘤吗,205,20260701,7894
20260701,医疗,黑花生的营养价值及功效,205,20260701,7895
20260701,医疗,12岁的男孩身高多少才正常,205,20260701,7896
20260701,医疗,手上长小水泡很痒是怎么回事,205,20260701,7897
20260701,医疗,口臭是什么原因引起的,205,20260701,7898
20260701,医疗,放疗一个疗程是多少天,205,20260701,7899
20260701,医疗,抗病毒的药物有哪些,205,20260701,7900
20260701,医疗,尾椎骨疼是怎么回事,205,20260701,7901
20260701,医疗,子宫腺肌症,205,20260701,7902
20260701,医疗,里沙利松,205,20260701,7903
20260701,医疗,硝苯地平,205,20260701,7904
20260701,医疗,葡萄糖高是不是就是血糖高,205,20260701,7905
20260701,医疗,早上起床眼睛浮肿是什么原因,205,20260701,7906
20260701,医疗,银杏蜜环口服溶液功效作用,205,20260701,7907
20260701,医疗,蚊子咬了过敏起了大片红肿疙瘩,205,20260701,7908
20260701,医疗,红斑狼疮是什么病,205,20260701,7909
20260701,医疗,环磷酰胺,205,20260701,7910
20260701,医疗,蜂房的功效作用与主治,205,20260701,7911
20260701,医疗,血桃的功效和作用,205,20260701,7912
20260701,医疗,桑叶双瓜茶功效与作用,205,20260701,7913
20260701,医疗,尿毒症是怎么引起的,205,20260701,7914
20260701,医疗,女性外面痒是怎么回事?用什么药,205,20260701,7915
20260701,医疗,他达拉非片20mg正确服用方法,205,20260701,7916
20260701,医疗,达格列净二甲双胍缓解吃比较好吗,205,20260701,7917
20260701,医疗,螨虫叮咬后的症状图,204,20260701,7918
20260701,医疗,例假一直不干净是怎么回事,204,20260701,7919
20260701,医疗,肩膀疼痛手臂抬不起来什么原因,204,20260701,7920
20260701,医疗,贝诺酯片作用与功效,204,20260701,7921
20260701,医疗,强直性脊柱炎的症状有哪些表现,204,20260701,7922
20260701,医疗,淋病吃什么药可以治愈,204,20260701,7923
20260701,医疗,宁泌泰胶囊的功效与作用,204,20260701,7924
20260701,医疗,单硝酸异山梨酯片作用,204,20260701,7925
20260701,医疗,吴茱萸,204,20260701,7926
20260701,医疗,马钱子功效作用与主治,204,20260701,7927
20260701,医疗,左边下腹隐隐作痛什么原因女性,204,20260701,7928
20260701,医疗,孜然的功效与作用,204,20260701,7929
20260701,医疗,牛黄解毒丸的作用与功效,204,20260701,7930
20260701,医疗,高血脂饮食禁忌及食谱表,204,20260701,7931
20260701,医疗,"结节是怎么形成的,怎样才能消除",204,20260701,7932
20260701,医疗,薄荷叶的功效作用与主治,204,20260701,7933
20260701,医疗,坦索罗辛,204,20260701,7934
20260701,医疗,百癣夏塔热片功能主治,204,20260701,7935
20260701,医疗,养生,204,20260701,7936
20260701,医疗,归脾丸和逍遥丸一起吃的功效和作用,204,20260701,7937
20260701,医疗,牙龈癌的早期三大症状,204,20260701,7938
20260701,医疗,香砂六君子丸是治寒湿还是湿热,204,20260701,7939
20260701,医疗,附子理中丸的配方,204,20260701,7940
20260701,医疗,子宫息肉如果不切除会有危害吗,204,20260701,7941
20260701,医疗,医院几点上班,204,20260701,7942
20260701,医疗,蜜蜂蛰了怎么处理,204,20260701,7943
20260701,医疗,红霉素肠溶胶囊的作用与功效,204,20260701,7944
20260701,医疗,隐翅虫咬后的图片,204,20260701,7945
20260701,医疗,白醋泡脚治脚气的正确方法,204,20260701,7946
20260701,医疗,猪油的功效与作用,204,20260701,7947
20260701,医疗,中医世家,204,20260701,7948
20260701,医疗,茶多酚对人体的好处与坏处,204,20260701,7949
20260701,医疗,特应性皮炎,204,20260701,7950
20260701,医疗,蚂蚁阿福ai官方下载安装,204,20260701,7951
20260701,医疗,肝硬化早期症状表现,204,20260701,7952
20260701,医疗,肾结石怎么才能快速排出来,204,20260701,7953
20260701,医疗,阿胶的功效作用与主治,204,20260701,7954
20260701,医疗,鳖甲的功效与作用,204,20260701,7955
20260701,医疗,上吐下泻是什么原因导致的怎么办,204,20260701,7956
20260701,医疗,痔疮会自己消下去吗,203,20260701,7957
20260701,医疗,鸽子的功效与作用,203,20260701,7958
20260701,医疗,肌苷片的作用与功效,203,20260701,7959
20260701,医疗,伊托必利片的作用与功效,203,20260701,7960
20260701,医疗,脚脖子肿是什么原因引起的,203,20260701,7961
20260701,医疗,copd是什么病的简称,203,20260701,7962
20260701,医疗,血脂四项包括什么,203,20260701,7963
20260701,医疗,三金片吃多久能治愈尿路感染,203,20260701,7964
20260701,医疗,尿急憋不住尿是什么原因,203,20260701,7965
20260701,医疗,归芍地黄丸的配方,203,20260701,7966
20260701,医疗,藿香正气水能治脱发吗?,203,20260701,7967
20260701,医疗,更年安片的功效和作用,203,20260701,7968
20260701,医疗,尖锐湿疣用什么药膏可以消除,203,20260701,7969
20260701,医疗,合谷穴,203,20260701,7970
20260701,医疗,尿崩症是什么症状,203,20260701,7971
20260701,医疗,天麻粉的功效与作用,203,20260701,7972
20260701,医疗,血小板,203,20260701,7973
20260701,医疗,喝醋对身体有什么好处和坏处,203,20260701,7974
20260701,医疗,脂肪,203,20260701,7975
20260701,医疗,维u颠茄铝胶囊的功效与作用,203,20260701,7976
20260701,医疗,高反怎么缓解最有效的方法,203,20260701,7977
20260701,医疗,越鞠丸的配方,203,20260701,7978
20260701,医疗,薏仁米的作用与功效,203,20260701,7979
20260701,医疗,归脾丸功效和作用,203,20260701,7980
20260701,医疗,试管婴儿,203,20260701,7981
20260701,医疗,桂枝汤,203,20260701,7982
20260701,医疗,昂伟达和伟哥的区别,203,20260701,7983
20260701,医疗,左腹疼是怎么回事女性,203,20260701,7984
20260701,医疗,溪黄草的作用与功效,203,20260701,7985
20260701,医疗,猪皮有什么营养和功效,203,20260701,7986
20260701,医疗,人流术后多久来月经,203,20260701,7987
20260701,医疗,沙库巴曲缬沙坦钠片正确吃法,203,20260701,7988
20260701,医疗,念珠菌性阴炎是什么症状,203,20260701,7989
20260701,医疗,芬太尼,203,20260701,7990
20260701,医疗,免疫系统疾病有哪些,203,20260701,7991
20260701,医疗,血糖高,203,20260701,7992
20260701,医疗,橄榄油的十大功效与作用,203,20260701,7993
20260701,医疗,rh(d)血型鉴定为阳性是怎么回事儿,203,20260701,7994
20260701,医疗,生理盐水,203,20260701,7995
20260701,医疗,美年大健康,203,20260701,7996
20260701,医疗,钙片,203,20260701,7997
20260701,医疗,柴胡疏肝丸的功效与主治作用和健脾益肠丸能同服吗,203,20260701,7998
20260701,医疗,樱桃吃多了会怎么样,203,20260701,7999
20260701,医疗,海带的功效与作用、禁忌和食用方法,202,20260701,8000
20260701,医疗,尿不干净有余尿是什么原因,202,20260701,8001
20260701,医疗,身体缺钾会有什么症状,202,20260701,8002
20260701,医疗,水果含糖量高低排行表,202,20260701,8003
20260701,医疗,青草膏的功效和用法,202,20260701,8004
20260701,医疗,臭牡丹的功效与作用,202,20260701,8005
20260701,医疗,甲硝锉片的作用和主治功效,202,20260701,8006
20260701,医疗,龙爪菊的功效与作用,202,20260701,8007
20260701,医疗,太阳穴胀痛什么原因,202,20260701,8008
20260701,医疗,游离甲状腺素高说明什么,202,20260701,8009
20260701,医疗,艾草泡脚有什么作用与功效,202,20260701,8010
20260701,医疗,膻中准确位置图,202,20260701,8011
20260701,医疗,当归和黄芪泡水喝有什么功效和作用,202,20260701,8012
20260701,医疗,右腹部隐隐作痛女性什么原因,202,20260701,8013
20260701,医疗,黄皮是凉性还是热性,202,20260701,8014
20260701,医疗,甘露特钠胶囊的功效与作用,202,20260701,8015
20260701,医疗,普萘洛尔片的作用与功效,202,20260701,8016
20260701,医疗,女性生殖系统结构和功能,202,20260701,8017
20260701,医疗,药流的药哪里能买到,202,20260701,8018
20260701,医疗,通风有什么症状,202,20260701,8019
20260701,医疗,黄精的功效作用与主治,202,20260701,8020
20260701,医疗,"败血症是什么引起的,能彻底治好吗",202,20260701,8021
20260701,医疗,内裤总是黄黄的是什么原因,202,20260701,8022
20260701,医疗,免疫治疗是怎么治疗,202,20260701,8023
20260701,医疗,身体发痒是怎么回事,202,20260701,8024
20260701,医疗,荨麻疹图片,202,20260701,8025
20260701,医疗,例假来了十多天了还不停怎么回事,202,20260701,8026
20260701,医疗,异常凝血酶原高是怎么回事,202,20260701,8027
20260701,医疗,上海市第一人民医院,202,20260701,8028
20260701,医疗,大便变细有哪些原因引起的,202,20260701,8029
20260701,医疗,拔罐一般多少分钟最好,202,20260701,8030
20260701,医疗,过敏性咳嗽症状的主要表现,202,20260701,8031
20260701,医疗,鲷鱼的营养价值及功效,202,20260701,8032
20260701,医疗,授白水飞蓟能治脂肪肝吗,202,20260701,8033
20260701,医疗,无创几周做最佳时间,202,20260701,8034
20260701,医疗,脑清片的功效作用与主治,202,20260701,8035
20260701,医疗,心绞痛,202,20260701,8036
20260701,医疗,老花眼能治吗该怎么恢复,202,20260701,8037
20260701,医疗,甲古胺片的功效与副作用,202,20260701,8038
20260701,医疗,脾经经络图及走向,202,20260701,8039
20260701,医疗,血常规检查报告单怎么看,202,20260701,8040
20260701,医疗,湿疹是什么原因引起的起的,202,20260701,8041
20260701,医疗,密集恐惧症100级照片,202,20260701,8042
20260701,医疗,甲钴胺片对男性性功能有帮助吗,201,20260701,8043
20260701,医疗,维生素d3什么牌子好老年人吃,201,20260701,8044
20260701,医疗,神经酸的功效与作用和治疗,201,20260701,8045
20260701,医疗,整肠生饭前吃还是饭后吃,201,20260701,8046
20260701,医疗,球蛋白偏高是怎么回事,201,20260701,8047
20260701,医疗,劳拉西泮片最大副作用,201,20260701,8048
20260701,医疗,黄连上清丸功效与作用,201,20260701,8049
20260701,医疗,做胃镜检查需要空腹多长时间,201,20260701,8050
20260701,医疗,内庭准确位置图和作用及功效,201,20260701,8051
20260701,医疗,三甲名医,201,20260701,8052
20260701,医疗,牛黄甲硝唑能治牙疼吗,201,20260701,8053
20260701,医疗,奥美拉唑肠溶胶囊,201,20260701,8054
20260701,医疗,格列美脲片用法用量一日几次,201,20260701,8055
20260701,医疗,冷冻消融术治疗肿瘤的效果怎么样,201,20260701,8056
20260701,医疗,月经刚走同房会不会怀孕,201,20260701,8057
20260701,医疗,白豆蔻的功效与作用,201,20260701,8058
20260701,医疗,马齿苋怎么治皮肤病,201,20260701,8059
20260701,医疗,维生素b族的作用和功效,201,20260701,8060
20260701,医疗,右眼跳,201,20260701,8061
20260701,医疗,齐鲁医院预约挂号官网,201,20260701,8062
20260701,医疗,肺炎吃什么药好得快,201,20260701,8063
20260701,医疗,白蛋白,201,20260701,8064
20260701,医疗,外痔什么样子的图片,201,20260701,8065
20260701,医疗,围绝经期月经紊乱经历的三个阶段,201,20260701,8066
20260701,医疗,江中健胃消食片的功效与作用,201,20260701,8067
20260701,医疗,心率低是什么原因造成的,201,20260701,8068
20260701,医疗,荆芥怎么吃,201,20260701,8069
20260701,医疗,抗核抗体是检查什么病,201,20260701,8070
20260701,医疗,突然头晕目眩恶心呕吐是怎么回事,201,20260701,8071
20260701,医疗,女性自我安愈步骤有哪些,201,20260701,8072
20260701,医疗,月经提前七八天正常吗,201,20260701,8073
20260701,医疗,棕榈油是什么油?对人体有害吗?,201,20260701,8074
20260701,医疗,角化型脚气用什么药最好,201,20260701,8075
20260701,医疗,喹硫平,201,20260701,8076
20260701,医疗,宫外孕,201,20260701,8077
20260701,医疗,五联疫苗包括哪些,201,20260701,8078
20260701,医疗,血脂粘稠怎么调理才会降,201,20260701,8079
20260701,医疗,气阴两虚的表现症状有哪些,201,20260701,8080
20260701,医疗,咽,201,20260701,8081
20260701,医疗,化疗费用一般一次是多少钱,201,20260701,8082
20260701,医疗,牙龈肿痛吃什么药,201,20260701,8083
20260701,医疗,阳痿早泄吃什么药好,201,20260701,8084
20260701,医疗,琥珀酸亚铁片的作用与功效,200,20260701,8085
20260701,医疗,艾滋病图片感染图片,200,20260701,8086
20260701,医疗,虫草参的功效与作用及食用方法,200,20260701,8087
20260701,医疗,凉皮热量高吗,200,20260701,8088
20260701,医疗,云南省医药有限公司,200,20260701,8089
20260701,医疗,黄体酮胶囊主要治什么,200,20260701,8090
20260701,医疗,应激反应是什么意思,200,20260701,8091
20260701,医疗,李子升糖指数高吗,200,20260701,8092
20260701,医疗,cta检查和造影的区别,200,20260701,8093
20260701,医疗,奶头疼是怎么回事,200,20260701,8094
20260701,医疗,akg的功效与作用,200,20260701,8095
20260701,医疗,胰腺炎是什么原因引起的,200,20260701,8096
20260701,医疗,臀部,200,20260701,8097
20260701,医疗,卫莱恩硒片对荨麻疹有效果吗,200,20260701,8098
20260701,医疗,肠镜怎么做的过程视频,200,20260701,8099
20260701,医疗,尖锐湿疣初期图片,200,20260701,8100
20260701,医疗,龟板的功效与作用,200,20260701,8101
20260701,医疗,乙肝小三阳会传染给家人吗,200,20260701,8102
20260701,医疗,李子炖猪蹄治类风湿吗,200,20260701,8103
20260701,医疗,"浑身没劲儿,四肢乏力怎么回事?",200,20260701,8104
20260701,医疗,白细胞酯酶阳性是什么意思,200,20260701,8105
20260701,医疗,恩华药业,200,20260701,8106
20260701,医疗,痰中带血是什么原因引起的,200,20260701,8107
20260701,医疗,头疼吃什么药最快最有效,200,20260701,8108
20260701,医疗,腮腺炎的症状,200,20260701,8109
20260701,医疗,黄痰是什么原因造成的,200,20260701,8110
20260701,医疗,变蛋的营养价值及害处,200,20260701,8111
20260701,医疗,"辟谷的作用和功效,对身体有害吗",200,20260701,8112
20260701,医疗,"卵泡长多大才算成熟卵泡,才能怀孕",200,20260701,8113
20260701,医疗,金水宝片的功效与作用,200,20260701,8114
20260701,医疗,盐车前子的功效与作用,200,20260701,8115
20260701,医疗,神经衰弱,200,20260701,8116
20260701,医疗,菠萝蜜的功效与作用,200,20260701,8117
20260701,医疗,皮肤上长小红点像血点是怎么回事,200,20260701,8118
20260701,医疗,桂附地黄丸的功效与作用,200,20260701,8119
20260701,医疗,睡眠不好吃什么药最有效,200,20260701,8120
20260701,医疗,腔梗是怎么回事 如何治疗,200,20260701,8121
20260701,医疗,非诺贝特,200,20260701,8122
20260701,医疗,唐都医院,200,20260701,8123
20260701,医疗,氯霉素滴眼液的作用,200,20260701,8124
20260701,医疗,黄连素,200,20260701,8125
20260701,医疗,飞蚊症怎么治疗最快最有效的方法,200,20260701,8126
20260701,医疗,葡萄胎是什么意思,200,20260701,8127
20260701,医疗,人民医院,200,20260701,8128
20260701,医疗,蛤蟆草,200,20260701,8129
20260701,医疗,丙氨酸氨基转移酶低什么意思?,200,20260701,8130
20260701,医疗,"甲母痣是怎么引起的,怎样治疗",199,20260701,8131
20260701,医疗,吃罗红霉素能喝酒吗,199,20260701,8132
20260701,医疗,天门冬氨酸氨基转移酶高说明什么,199,20260701,8133
20260701,医疗,当兵体检一般检查哪些项目男性,199,20260701,8134
20260701,医疗,萹蓄的功效与作用,199,20260701,8135
20260701,医疗,地奈德乳膏,199,20260701,8136
20260701,医疗,尿潜血是什么病,199,20260701,8137
20260701,医疗,塞来昔布胶囊治疗腰椎间盘突出,199,20260701,8138
20260701,医疗,结肠癌的症状和表现,199,20260701,8139
20260701,医疗,铁蛋白是什么肿瘤的标志物,199,20260701,8140
20260701,医疗,心脏衰竭能治好吗怎么治疗,199,20260701,8141
20260701,医疗,酒石酸伐尼克兰片的功效与作用,199,20260701,8142
20260701,医疗,头出汗特别厉害是什么原因,199,20260701,8143
20260701,医疗,心肌缺血,199,20260701,8144
20260701,医疗,短效避孕药怎么吃才正确,199,20260701,8145
20260701,医疗,压差多少是正常范围,199,20260701,8146
20260701,医疗,头发掉一块儿秃是什么原因引起的,199,20260701,8147
20260701,医疗,一个月没来大姨妈是什么原因,199,20260701,8148
20260701,医疗,鳖甲煎丸的功效与作用,199,20260701,8149
20260701,医疗,体检报告怎么查询结果,199,20260701,8150
20260701,医疗,韭菜是发物吗,199,20260701,8151
20260701,医疗,甲氧那明胶囊的作用及功效,199,20260701,8152
20260701,医疗,扁桃体在哪个位置图片,199,20260701,8153
20260701,医疗,奥美医疗,199,20260701,8154
20260701,医疗,五味子的功效和作用,199,20260701,8155
20260701,医疗,苦参,199,20260701,8156
20260701,医疗,安儿宁颗粒的功效与作用,199,20260701,8157
20260701,医疗,南瓜是寒性还是热性,199,20260701,8158
20260701,医疗,劳拉西泮片是安眠还是焦虑药,199,20260701,8159
20260701,医疗,dha是什么东西,199,20260701,8160
20260701,医疗,食物中毒吃什么解毒最快,199,20260701,8161
20260701,医疗,咳嗽能吃西瓜吗,199,20260701,8162
20260701,医疗,脑雾是什么症状,199,20260701,8163
20260701,医疗,小柴胡颗粒主要治什么病,199,20260701,8164
20260701,医疗,手足口病会传染大人么,199,20260701,8165
20260701,医疗,塞来昔布胶囊的功效与副作用,199,20260701,8166
20260701,医疗,脚跟痛什么原因,199,20260701,8167
20260701,医疗,上海第九人民医院,199,20260701,8168
20260701,医疗,胰腺肿瘤有什么症状,199,20260701,8169
20260701,医疗,乳腺结节多少mm以上建议手术,199,20260701,8170
20260701,医疗,氨溴索,199,20260701,8171
20260701,医疗,呕吐是什么原因引起的,199,20260701,8172
20260701,医疗,DHA,199,20260701,8173
20260701,医疗,痛风发作期怎么快速止痛消肿,199,20260701,8174
20260701,医疗,小月子流产休息多少天可以出去,199,20260701,8175
20260701,医疗,低密度胆固醇高怎么调理才会降,199,20260701,8176
20260701,医疗,萘丁美酮胶囊的作用与功效,199,20260701,8177
20260701,医疗,口干舌燥是什么原因 怎么解决,199,20260701,8178
20260701,医疗,玉屏风颗粒,199,20260701,8179
20260701,医疗,四妙丸的组成配方,199,20260701,8180
20260701,医疗,乙肝五项哪几个阳性属于正常,199,20260701,8181
20260701,医疗,鸭蛋和鸡蛋谁的营养价值高,198,20260701,8182
20260701,医疗,女人吃了伟哥有没有效果,198,20260701,8183
20260701,医疗,鹿角霜的功效与作用,198,20260701,8184
20260701,医疗,手心痒是怎么回事,198,20260701,8185
20260701,医疗,龟龄集的功效与作用,198,20260701,8186
20260701,医疗,豆腐的功效与营养价值,198,20260701,8187
20260701,医疗,氨糖美辛肠溶片的功效和作用,198,20260701,8188
20260701,医疗,丹栀逍遥丸,198,20260701,8189
20260701,医疗,土豆和鸡蛋一起能吃吗,198,20260701,8190
20260701,医疗,皂角刺的功效作用与主治,198,20260701,8191
20260701,医疗,忧郁,198,20260701,8192
20260701,医疗,气海穴正确位置图,198,20260701,8193
20260701,医疗,tsh促甲状腺激素偏高有什么危害,198,20260701,8194
20260701,医疗,橙子的功效和作用,198,20260701,8195
20260701,医疗,肾上腺色腙片的作用与功效,198,20260701,8196
20260701,医疗,百花医药,198,20260701,8197
20260701,医疗,肺活量正常范围是多少,198,20260701,8198
20260701,医疗,西地那非最佳起效时间,198,20260701,8199
20260701,医疗,三查八对内容是什么,198,20260701,8200
20260701,医疗,甘草图片,198,20260701,8201
20260701,医疗,白头发怎么越来越多是什么原因,198,20260701,8202
20260701,医疗,铁皮石斛的功效与作用主要治什么病,198,20260701,8203
20260701,医疗,谷氨酰转肽酶偏高是怎么回事,198,20260701,8204
20260701,医疗,参苓白术散饭前吃还是饭后吃,198,20260701,8205
20260701,医疗,沉香化气丸的功效与作用,198,20260701,8206
20260701,医疗,地舒单抗,198,20260701,8207
20260701,医疗,维生素ad滴剂的作用和功效,198,20260701,8208
20260701,医疗,九价疫苗的作用与功效,198,20260701,8209
20260701,医疗,仙灵脾的功效与作用,198,20260701,8210
20260701,医疗,尿比重1.030严重吗,198,20260701,8211
20260701,医疗,千佛山医院,198,20260701,8212
20260701,医疗,疼痛奥林匹克,198,20260701,8213
20260701,医疗,后脑勺出汗多是什么原因,198,20260701,8214
20260701,医疗,地屈孕酮片吃了多久来月经,198,20260701,8215
20260701,医疗,蒲地蓝,198,20260701,8216
20260701,医疗,脾胃湿热的症状有哪些表现,198,20260701,8217
20260701,医疗,肠炎宁,198,20260701,8218
20260701,医疗,导赤丸的功效与作用,198,20260701,8219
20260701,医疗,胃经的经络走向图及功效,198,20260701,8220
20260701,医疗,诺欣妥,198,20260701,8221
20260701,医疗,食道癌一般能活几年,198,20260701,8222
20260701,医疗,口腔溃疡是什么原因引起的,198,20260701,8223
20260701,医疗,神经元特异性烯醇化酶偏高原因,198,20260701,8224
20260701,医疗,拐枣泡酒的功效与作用,198,20260701,8225
20260701,医疗,小孩发烧39度怎么降温最好的方法,198,20260701,8226
20260701,医疗,腿软无力是什么原因引起的症状,198,20260701,8227
20260701,医疗,吃香蕉的好处与功效和作用,197,20260701,8228
20260701,医疗,熬夜,197,20260701,8229
20260701,医疗,死虫式的正确锻炼方法,197,20260701,8230
20260701,医疗,丙戊酸钠缓释片,197,20260701,8231
20260701,医疗,钙片哪个牌子最好补钙效果好,197,20260701,8232
20260701,医疗,氟康唑片的作用与功效,197,20260701,8233
20260701,医疗,糖尿病人能吃西瓜吗,197,20260701,8234
20260701,医疗,肌苷注射功效与作用,197,20260701,8235
20260701,医疗,炉甘石治疗湿疹的使用方法,197,20260701,8236
20260701,医疗,夏天吃姜有什么好处与功效,197,20260701,8237
20260701,医疗,生蚝怎么吃壮阳补肾效果最好,197,20260701,8238
20260701,医疗,女人吃了伟哥会有什么影响,197,20260701,8239
20260701,医疗,贲门是胃的哪个部位,197,20260701,8240
20260701,医疗,夏天泡脚的好处与功效,197,20260701,8241
20260701,医疗,枳实导滞丸的功效和作用,197,20260701,8242
20260701,医疗,姜黄是什么东西,197,20260701,8243
20260701,医疗,糖皮质激素类药物有哪些,197,20260701,8244
20260701,医疗,见血清的功效和作用,197,20260701,8245
20260701,医疗,胆红素偏高是什么问题,197,20260701,8246
20260701,医疗,麻叶的功效与作用,197,20260701,8247
20260701,医疗,为什么下体会瘙痒的原因,197,20260701,8248
20260701,医疗,二甲医院和三甲医院哪个级别高,197,20260701,8249
20260701,医疗,手腕疼痛的原因和治疗方法,197,20260701,8250
20260701,医疗,左氧氟沙星的副作用有哪些,197,20260701,8251
20260701,医疗,创可贴和创口贴的区别,197,20260701,8252
20260701,医疗,云南省第一人民医院,197,20260701,8253
20260701,医疗,平板支撑一次多长时间最好,197,20260701,8254
20260701,医疗,五脏六腑与五行对应图,197,20260701,8255
20260701,医疗,维生素b族什么时候吃效果最好,197,20260701,8256
20260701,医疗,腘绳肌,197,20260701,8257
20260701,医疗,氨苄西林胶囊的作用和功效,197,20260701,8258
20260701,医疗,天津市第一中心医院,197,20260701,8259
20260701,医疗,餐后一小时血糖值多少为正常范围,197,20260701,8260
20260701,医疗,嗳气,197,20260701,8261
20260701,医疗,"四神丸的功效主治是什么,适合调理脾胃还是补肾?",197,20260701,8262
20260701,医疗,烂脚丫用什么药效果最好,197,20260701,8263
20260701,医疗,普外科主要看些什么病,197,20260701,8264
20260701,医疗,"舌根部长了凸起肉粒,感觉有异物",197,20260701,8265
20260701,医疗,下焦湿热的症状有哪些,197,20260701,8266
20260701,医疗,胃糜烂吃什么药可以彻底治好,197,20260701,8267
20260701,医疗,牛黄甲硝唑胶囊的作用与功效,197,20260701,8268
20260701,医疗,贵州百灵,197,20260701,8269
20260701,医疗,黄体功能不足的症状和表现,197,20260701,8270
20260701,医疗,肺炎症状表现有哪些,197,20260701,8271
20260701,医疗,便秘吃什么最快排便,197,20260701,8272
20260701,医疗,排卵试纸怎么看已排卵,197,20260701,8273
20260701,医疗,复方锌布颗粒剂的作用和功效,197,20260701,8274
20260701,医疗,南瓜子的功效和作用,197,20260701,8275
20260701,医疗,葆宫止血颗粒的功效与作用是什么,197,20260701,8276
20260701,医疗,"血压仪器哪个牌子最准确,家用款有没有性价比高的推荐?",197,20260701,8277
20260701,医疗,老年痴呆吃什么药效果好,196,20260701,8278
20260701,医疗,血塞通,196,20260701,8279
20260701,医疗,宫颈多发囊肿是怎么回事,196,20260701,8280
20260701,医疗,小肚子胀疼是什么原因引起的女,196,20260701,8281
20260701,医疗,庆大霉素的作用与功效,196,20260701,8282
20260701,医疗,带状疱疹传染吗,196,20260701,8283
20260701,医疗,樟脑的功效与作用,196,20260701,8284
20260701,医疗,175cm标准体重 男,196,20260701,8285
20260701,医疗,同仁医院,196,20260701,8286
20260701,医疗,孕早期吃什么有利于胎心胎芽发育,196,20260701,8287
20260701,医疗,二羟丙茶碱注射功效与作用,196,20260701,8288
20260701,医疗,仙人掌果的功效与作用,196,20260701,8289
20260701,医疗,风热感冒吃什么药效果好,196,20260701,8290
20260701,医疗,"肺部有磨玻璃结节严重吗,如何治疗",196,20260701,8291
20260701,医疗,黄连上清片能治耳鸣吗,196,20260701,8292
20260701,医疗,丽珠集团,196,20260701,8293
20260701,医疗,皮肤病哪个医院看的最好,196,20260701,8294
20260701,医疗,菊花枸杞子决明子茶有什么功效,196,20260701,8295
20260701,医疗,至灵胶囊功效与作用,196,20260701,8296
20260701,医疗,右手麻木是什么原因引起的女性,196,20260701,8297
20260701,医疗,半托拉唑钠肠溶片的功效,196,20260701,8298
20260701,医疗,股癣图片,196,20260701,8299
20260701,医疗,腺肌症,196,20260701,8300
20260701,医疗,四肢无力发软没劲是怎么回事,196,20260701,8301
20260701,医疗,剖腹产,196,20260701,8302
20260701,医疗,脚底长了硬硬的小疙瘩,196,20260701,8303
20260701,医疗,脸色暗沉发黄是身体哪里出现了问题,196,20260701,8304
20260701,医疗,耳朵里面流脓水怎么回事,196,20260701,8305
20260701,医疗,大脚趾头麻木怎么回事,196,20260701,8306
20260701,医疗,盐酸地尔硫卓片的功效与作用,196,20260701,8307
20260701,医疗,白内障手术后多久恢复正常,196,20260701,8308
20260701,医疗,重症监护室与ICU区别,196,20260701,8309
20260701,医疗,狂犬疫苗的副作用和禁忌,196,20260701,8310
20260701,医疗,桡骨是哪个部位图片,196,20260701,8311
20260701,医疗,蝴蝶手是什么样子 自闭症,196,20260701,8312
20260701,医疗,阿莫西林克拉维酸钾,196,20260701,8313
20260701,医疗,刺苋菜根的功效与作用,196,20260701,8314
20260701,医疗,胆汁反流吃什么药最好最有效,196,20260701,8315
20260701,医疗,股藓,196,20260701,8316
20260701,医疗,西洋参淫羊藿胶囊功效与作用,196,20260701,8317
20260701,医疗,舒心颗粒的作用和功效,196,20260701,8318
20260701,医疗,芡实的最佳食用方法,196,20260701,8319
20260701,医疗,新华医院,196,20260701,8320
20260701,医疗,曲池穴的位置与作用和功效,196,20260701,8321
20260701,医疗,口腔溃疡吃啥药最好呢,196,20260701,8322
20260701,医疗,再生障碍性贫血是什么病,196,20260701,8323
20260701,医疗,肝性脑病的症状表现有哪些,196,20260701,8324
20260701,医疗,紧急避孕药,196,20260701,8325
20260701,医疗,体癣图片,196,20260701,8326
20260701,医疗,手指关节长包硬硬的凸起,196,20260701,8327
20260701,医疗,赖氨匹林的作用与功效,195,20260701,8328
20260701,医疗,双氯芬酸钠肠溶片的作用与功效,195,20260701,8329
20260701,医疗,皂角的功效与作用,195,20260701,8330
20260701,医疗,洛神花泡水喝有什么好处和功效,195,20260701,8331
20260701,医疗,伟哥对女性有效吗?,195,20260701,8332
20260701,医疗,维a酸乳膏的作用与功效,195,20260701,8333
20260701,医疗,ect检查主要检查什么,195,20260701,8334
20260701,医疗,神经受损怎样才可以慢慢恢复好,195,20260701,8335
20260701,医疗,腿疼挂什么号挂哪个科,195,20260701,8336
20260701,医疗,铁树花的功效与作用,195,20260701,8337
20260701,医疗,油桃升糖指数高吗?,195,20260701,8338
20260701,医疗,左氧氟沙星片的用法与用量尿路感染,195,20260701,8339
20260701,医疗,大解果的功效与作用,195,20260701,8340
20260701,医疗,气海穴的准确位置图,195,20260701,8341
20260701,医疗,深度睡眠时间多少正常,195,20260701,8342
20260701,医疗,孤独症的症状和表现,195,20260701,8343
20260701,医疗,消风止痒颗粒的功效和作用,195,20260701,8344
20260701,医疗,孕早期有什么症状或征兆吗,195,20260701,8345
20260701,医疗,天麻素注射功效与作用说明书,195,20260701,8346
20260701,医疗,跟腱炎怎样治疗好得快,195,20260701,8347
20260701,医疗,尿液颜色对照表图片,195,20260701,8348
20260701,医疗,高压低是什么原因引起的,195,20260701,8349
20260701,医疗,盐酸克林霉素的作用与功效,195,20260701,8350
20260701,医疗,复方甘草片,195,20260701,8351
20260701,医疗,山楂片的功效和作用主治,195,20260701,8352
20260701,医疗,手上长了很多凸起的小疙瘩,195,20260701,8353
20260701,医疗,包皮上面长小疙瘩怎么回事,195,20260701,8354
20260701,医疗,红芪的功效作用与主治,195,20260701,8355
20260701,医疗,腰肌劳损的三种特效药,195,20260701,8356
20260701,医疗,牛皮癣怎么治疗除根,195,20260701,8357
20260701,医疗,脑卒中是什么意思,195,20260701,8358
20260701,医疗,干眼症有哪些症状,195,20260701,8359
20260701,医疗,中风,195,20260701,8360
20260701,医疗,榴莲和什么相克不能吃,195,20260701,8361
20260701,医疗,额窦炎症状表现有哪些,195,20260701,8362
20260701,医疗,血糖高能吃的水果有哪些水果,195,20260701,8363
20260701,医疗,胃火旺口臭怎么治疗吃什么药最好,195,20260701,8364
20260701,医疗,山楂的功效和作用,195,20260701,8365
20260701,医疗,盐酸替扎尼定片主治什么病,195,20260701,8366
20260701,医疗,白英的功效与作用与主治,195,20260701,8367
20260701,医疗,"胸口闷痛,心慌,感觉非常压抑难受喘不过气",195,20260701,8368
20260701,医疗,黄连上清片,195,20260701,8369
20260701,医疗,癌症的早期症状和前兆,195,20260701,8370
20260701,医疗,查血脂需要空腹吗,195,20260701,8371
20260701,医疗,丙二醇的功效与作用,195,20260701,8372
20260701,医疗,荞麦枕头可以养生吗,195,20260701,8373
20260701,医疗,清淡饮食一般都吃什么,195,20260701,8374
20260701,医疗,股藓要用什么药膏效果最好,195,20260701,8375
20260701,医疗,积壳的作用与功效,195,20260701,8376
20260701,医疗,b型钠尿肽高说明什么,195,20260701,8377
20260701,医疗,泮托拉唑钠输液主要作用,195,20260701,8378
20260701,医疗,草乌的功效与作用,194,20260701,8379
20260701,医疗,芬必得布洛芬缓释胶囊的作用与功效,194,20260701,8380
20260701,医疗,银杏酮酯滴丸的功效与作用,194,20260701,8381
20260701,医疗,上火牙齿疼痛快速解决方法,194,20260701,8382
20260701,医疗,月桂醇聚醚硫酸酯钠会导致脱发吗,194,20260701,8383
20260701,医疗,gcs评分标准,194,20260701,8384
20260701,医疗,无患子的功效与作用,194,20260701,8385
20260701,医疗,甲胎蛋白是检查什么的,194,20260701,8386
20260701,医疗,男性结扎对身体和性功能有影响吗,194,20260701,8387
20260701,医疗,蛋白质,194,20260701,8388
20260701,医疗,宜泽康适应症,194,20260701,8389
20260701,医疗,三黄药片的神奇功效,194,20260701,8390
20260701,医疗,阿斯伯格综合征,194,20260701,8391
20260701,医疗,乳腺结节4a严重吗要做手术吗,194,20260701,8392
20260701,医疗,产检流程和时间表,194,20260701,8393
20260701,医疗,含镁高的食物有哪些,194,20260701,8394
20260701,医疗,代孕,194,20260701,8395
20260701,医疗,小便发黄是什么原因男性,194,20260701,8396
20260701,医疗,妊娠纹,194,20260701,8397
20260701,医疗,木贼的功效与作用,194,20260701,8398
20260701,医疗,七叶一枝花功效与作用能治肿瘤吗,194,20260701,8399
20260701,医疗,可定瑞舒伐他汀钙片的作用与功效,194,20260701,8400
20260701,医疗,万邦医药,194,20260701,8401
20260701,医疗,脖子长小肉粒是怎么回事,194,20260701,8402
20260701,医疗,青岛大学附属医院,194,20260701,8403
20260701,医疗,龙胆泻肝丸成分配方,194,20260701,8404
20260701,医疗,腺样体肥大,194,20260701,8405
20260701,医疗,西瓜霜,194,20260701,8406
20260701,医疗,afp检查是什么意思,194,20260701,8407
20260701,医疗,头昏昏沉沉晕晕的是什么原因,194,20260701,8408
20260701,医疗,哺乳期,194,20260701,8409
20260701,医疗,血浆d-二聚体测定是什么意思,194,20260701,8410
20260701,医疗,避孕套脱落在里面会怀孕吗,194,20260701,8411
20260701,医疗,窦性心动过缓什么意思,194,20260701,8412
20260701,医疗,60岁的男人性功能不行怎么办好?,194,20260701,8413
20260701,医疗,特拉唑嗪功效与作用,194,20260701,8414
20260701,医疗,二陈丸,194,20260701,8415
20260701,医疗,红参补气血的最佳吃法,194,20260701,8416
20260701,医疗,曲池穴准确位置,194,20260701,8417
20260701,医疗,胃穿孔的症状及表现,194,20260701,8418
20260701,医疗,透析病人肾功能还能恢复吗,194,20260701,8419
20260701,医疗,东北制药,194,20260701,8420
20260701,医疗,嘴上起水泡是什么原因引起的,194,20260701,8421
20260701,医疗,下面痒痒是怎么回事女性,193,20260701,8422
20260701,医疗,尿潜血2个加号严重吗,193,20260701,8423
20260701,医疗,阿奇霉素分散片的功效,193,20260701,8424
20260701,医疗,附件炎的症状有哪些症状,193,20260701,8425
20260701,医疗,转移因子口服液可以治疗hpv病毒吗,193,20260701,8426
20260701,医疗,脚脱皮是什么原因引起的怎么解决,193,20260701,8427
20260701,医疗,喉咙干燥是什么原因引起的,193,20260701,8428
20260701,医疗,牙神经疼怎么办教你立刻止疼,193,20260701,8429
20260701,医疗,"前列腺钙化灶是怎么回事,严重吗",193,20260701,8430
20260701,医疗,乙型肝炎表面抗原阳性是什么意思,193,20260701,8431
20260701,医疗,视力4.9是多少度 是近视还是正常,193,20260701,8432
20260701,医疗,月经提前是什么原因导致的,193,20260701,8433
20260701,医疗,阴囊上长了小疙瘩是什么原因,193,20260701,8434
20260701,医疗,牛磺酸的功效与作用,193,20260701,8435
20260701,医疗,肺结核一般寿命多少年,193,20260701,8436
20260701,医疗,甲流一般几天就痊愈了,193,20260701,8437
20260701,医疗,散利痛的功效与作用,193,20260701,8438
20260701,医疗,沉香化滞丸的功效和作用,193,20260701,8439
20260701,医疗,脂溢性头皮炎怎么治才能断根,193,20260701,8440
20260701,医疗,库欣综合征,193,20260701,8441
20260701,医疗,四逆散,193,20260701,8442
20260701,医疗,外阴痒的原因和治疗方法,193,20260701,8443
20260701,医疗,耳朵感觉闷闷的像堵住一样怎么办,193,20260701,8444
20260701,医疗,复方丹参滴丸正确吃法,193,20260701,8445
20260701,医疗,低烧是什么原因引起的,193,20260701,8446
20260701,医疗,"老人味是什么原因引起的,怎么能去除",193,20260701,8447
20260701,医疗,酒黄芩的功效与作用,193,20260701,8448
20260701,医疗,无氧运动有哪些,193,20260701,8449
20260701,医疗,全明颗粒的功效和作用,193,20260701,8450
20260701,医疗,施慧达,193,20260701,8451
20260701,医疗,透析一次多少钱费用,193,20260701,8452
20260701,医疗,麻仁丸的功用及副作用,193,20260701,8453
20260701,医疗,葵花药业,193,20260701,8454
20260701,医疗,肠内营养粉剂的作用和功效,193,20260701,8455
20260701,医疗,老年性阴炎有什么症状怎么治疗最好,193,20260701,8456
20260701,医疗,胆囊结石,193,20260701,8457
20260701,医疗,一支箭的功效与作用,193,20260701,8458
20260701,医疗,省人民医院,193,20260701,8459
20260701,医疗,京万红软膏的功效与作用,193,20260701,8460
20260701,医疗,紫苏山茱萸归灵颗粒功效和作用,193,20260701,8461
20260701,医疗,安眠药吃多少粒能吃死人,193,20260701,8462
20260701,医疗,螺旋杆菌感染是什么症状,193,20260701,8463
20260701,医疗,肾积水有什么症状表现,193,20260701,8464
20260701,医疗,脑瘫,193,20260701,8465
20260701,医疗,肋,193,20260701,8466
20260701,医疗,大腿内侧睾丸旁边瘙痒有红疙瘩,193,20260701,8467
20260701,医疗,枯草芽孢杆菌的作用,193,20260701,8468
20260701,医疗,如意珍宝丸的功效,193,20260701,8469
20260701,医疗,益生菌饭前吃还是饭后吃效果好,193,20260701,8470
20260701,医疗,按摩的特殊治疗,193,20260701,8471
20260701,医疗,乳腺癌早期切除后能活几年,192,20260701,8472
20260701,医疗,小肚子大是什么原因造成的,192,20260701,8473
20260701,医疗,北京大学肿瘤医院,192,20260701,8474
20260701,医疗,西瓜霜喷剂的功效与作用,192,20260701,8475
20260701,医疗,卡优能,192,20260701,8476
20260701,医疗,栀子金花丸的功效与作用,192,20260701,8477
20260701,医疗,美托洛尔,192,20260701,8478
20260701,医疗,积食的症状有哪些,192,20260701,8479
20260701,医疗,醒脾养儿颗粒的功效,192,20260701,8480
20260701,医疗,卤米松乳膏的作用与功效,192,20260701,8481
20260701,医疗,脚底板脱皮干裂起硬皮用什么药,192,20260701,8482
20260701,医疗,先天性心脏病能治好吗,192,20260701,8483
20260701,医疗,车前草的功效与主治,192,20260701,8484
20260701,医疗,苍鹅鼻炎片真的能治好鼻炎吗,192,20260701,8485
20260701,医疗,玫瑰痤疮是什么原因导致的,192,20260701,8486
20260701,医疗,风池穴,192,20260701,8487
20260701,医疗,腿肿脚肿是什么原因引起的怎么办,192,20260701,8488
20260701,医疗,百香果有什么功效与作用,192,20260701,8489
20260701,医疗,黄姜的功效与作用,192,20260701,8490
20260701,医疗,降压药什么时间吃最正确,192,20260701,8491
20260701,医疗,nad加是什么东西,192,20260701,8492
20260701,医疗,白虎汤的配方,192,20260701,8493
20260701,医疗,糖类抗原ca125是查什么,192,20260701,8494
20260701,医疗,替米沙坦片的功效与副作用,192,20260701,8495
20260701,医疗,舒张压低于60的危害,192,20260701,8496
20260701,医疗,西地那非多少钱一盒?,192,20260701,8497
20260701,医疗,鸡肝的功效与作用,192,20260701,8498
20260701,医疗,白云豆功效和作用,192,20260701,8499
20260701,医疗,荞麦茶泡水喝的功效和作用,192,20260701,8500
20260701,医疗,葛仙米的功效与作用有哪些,192,20260701,8501
20260701,医疗,温经汤组成配方及剂量,192,20260701,8502
20260701,医疗,肠鸣是怎么回事老咕噜咕噜叫,192,20260701,8503
20260701,医疗,"总放屁是什么原因,是身体上出问题了",192,20260701,8504
20260701,医疗,足贴真的能去除体内湿气吗,192,20260701,8505
20260701,医疗,杜仲当归煮水喝壮阳效果,192,20260701,8506
20260701,医疗,癌症会传染吗?,192,20260701,8507
20260701,医疗,足月孕周是多少周,192,20260701,8508
20260701,医疗,甘精胰岛素是长效还是短效,192,20260701,8509
20260701,医疗,血钾高有什么症状表现,192,20260701,8510
20260701,医疗,维生素b6,192,20260701,8511
20260701,医疗,麻疹,192,20260701,8512
20260701,医疗,康复新液饭前吃还是饭后吃,192,20260701,8513
20260701,医疗,脚指头麻木是啥原因,192,20260701,8514
20260701,医疗,耻骨是哪个部位,192,20260701,8515
20260701,医疗,盐酸苯海索片的作用与功效,192,20260701,8516
20260701,医疗,红苋菜的营养功效与作用,192,20260701,8517
20260701,医疗,血糯米的功效与作用,192,20260701,8518
20260701,医疗,非奈利酮片作用与功效,192,20260701,8519
20260701,医疗,脑心舒口服液治失眠吗,192,20260701,8520
20260701,医疗,鸡蛋果的作用与功效果,192,20260701,8521
20260701,医疗,肾俞穴位位置图,192,20260701,8522
20260701,医疗,力量训练有哪些项目和动作,191,20260701,8523
20260701,医疗,大腿抽筋是什么原因引起的,191,20260701,8524
20260701,医疗,泡打粉的功效和作用,191,20260701,8525
20260701,医疗,维生素b12一天吃几粒,191,20260701,8526
20260701,医疗,盐酸胺碘酮片的作用与功效,191,20260701,8527
20260701,医疗,利伐沙班片的功效与作用,191,20260701,8528
20260701,医疗,库欣综合征是什么病,191,20260701,8529
20260701,医疗,降脂药最好的三种药是什么,191,20260701,8530
20260701,医疗,八髎的准确位置图片,191,20260701,8531
20260701,医疗,刚怀孕有什么症状和反应,191,20260701,8532
20260701,医疗,痣癌变前期有什么症状,191,20260701,8533
20260701,医疗,琥珀酸索利那新片的功效与作用,191,20260701,8534
20260701,医疗,风油精的功效与作用,191,20260701,8535
20260701,医疗,蒜苔的功效与作用,191,20260701,8536
20260701,医疗,无痛胃镜需要多少钱,191,20260701,8537
20260701,医疗,心脏造影,191,20260701,8538
20260701,医疗,翰宇药业替尔泊肽ANDA获FDA受理,191,20260701,8539
20260701,医疗,阴性形状大全图解,191,20260701,8540
20260701,医疗,网球肘,191,20260701,8541
20260701,医疗,维生素k1的作用和功效,191,20260701,8542
20260701,医疗,黄桃的功效和作用,191,20260701,8543
20260701,医疗,癣的症状图片,191,20260701,8544
20260701,医疗,维生素b12,191,20260701,8545
20260701,医疗,宫外孕的原因是什么引起的,191,20260701,8546
20260701,医疗,基孔肯尼亚热有什么症状,191,20260701,8547
20260701,医疗,重庆医科大学附属第一医院,191,20260701,8548
20260701,医疗,淤青怎样可以快速消除,191,20260701,8549
20260701,医疗,皮质醇过高睡不着,191,20260701,8550
20260701,医疗,清华长庚医院,191,20260701,8551
20260701,医疗,胃苓汤的功效和作用,191,20260701,8552
20260701,医疗,胃疼,191,20260701,8553
20260701,医疗,舌苔厚白最快消除方法,191,20260701,8554
20260701,医疗,芝麻酱的作用与功效,191,20260701,8555
20260701,医疗,非经期出血是什么原因,191,20260701,8556
20260701,医疗,奥氮平片的功能主治和副作用,191,20260701,8557
20260701,医疗,兔肉的功效与作用,191,20260701,8558
20260701,医疗,头孢他啶的作用与功效,191,20260701,8559
20260701,医疗,死亡细胞,191,20260701,8560
20260701,医疗,全身体检费用大概多少钱,191,20260701,8561
20260701,医疗,胃热怎么调理 降低胃火的方法,191,20260701,8562
20260701,医疗,阳萎,191,20260701,8563
20260701,医疗,阿米卡星的功效和作用,191,20260701,8564
20260701,医疗,pqq的作用与功效,191,20260701,8565
20260701,医疗,药店,191,20260701,8566
20260701,医疗,何首乌的样子图片,191,20260701,8567
20260701,医疗,ca724肿瘤指标高代表什么,191,20260701,8568
20260701,医疗,肾结石挂什么科,191,20260701,8569
20260701,医疗,多奈哌齐的作用与功能主治,191,20260701,8570
20260701,医疗,脑活素的作用功能主治,191,20260701,8571
20260701,医疗,神经病,191,20260701,8572
20260701,医疗,hbsag是什么意思,191,20260701,8573
20260701,医疗,免疫球蛋白e高说明什么问题,191,20260701,8574
20260701,医疗,少海穴的准确位置,191,20260701,8575
20260701,医疗,红细胞计数偏高说明什么,191,20260701,8576
20260701,医疗,菠菜和豆腐能一起吃吗?,190,20260701,8577
20260701,医疗,骨关节炎怎么治疗最好最有效,190,20260701,8578
20260701,医疗,松针煮水喝功效与作用,190,20260701,8579
20260701,医疗,前额叶,190,20260701,8580
20260701,医疗,红金消结胶囊的作用与功效,190,20260701,8581
20260701,医疗,木香顺气丸饭前吃还是饭后吃,190,20260701,8582
20260701,医疗,罗通定片的功效与作用,190,20260701,8583
20260701,医疗,耳朵进水后像堵了一层膜听不清怎么办,190,20260701,8584
20260701,医疗,南瓜叶的功效与作用,190,20260701,8585
20260701,医疗,络石藤的功效与作用,190,20260701,8586
20260701,医疗,护肝片可以长期吃吗有什么危害,190,20260701,8587
20260701,医疗,豆腐乳吃了有什么好处和坏处,190,20260701,8588
20260701,医疗,胸部胀疼是怎么回事,190,20260701,8589
20260701,医疗,底压高什么原因,190,20260701,8590
20260701,医疗,肉桂的功效和作用,190,20260701,8591
20260701,医疗,紫花地丁,190,20260701,8592
20260701,医疗,不宁腿综合征的症状表现,190,20260701,8593
20260701,医疗,后溪穴准确位置,190,20260701,8594
20260701,医疗,天舒胶囊的功效与作用,190,20260701,8595
20260701,医疗,158cm女生标准体重是多少,190,20260701,8596
20260701,医疗,头晕眼花眼睛模糊是什么原因,190,20260701,8597
20260701,医疗,消肿的最快最有效的方法,190,20260701,8598
20260701,医疗,黄体酮不足的症状表现有哪些,190,20260701,8599
20260701,医疗,咖啡的功效和用法,190,20260701,8600
20260701,医疗,脱套伤,190,20260701,8601
20260701,医疗,心脏位置图,190,20260701,8602
20260701,医疗,芒硝,190,20260701,8603
20260701,医疗,直肠癌一般能活几年,190,20260701,8604
20260701,医疗,母乳喂养,190,20260701,8605
20260701,医疗,哮喘病吃什么药效果最好,190,20260701,8606
20260701,医疗,植物神经紊乱怎样才能调整过来,190,20260701,8607
20260701,医疗,避孕药什么时候吃最好最有效,190,20260701,8608
20260701,医疗,喉咙痛的最快解决方法,190,20260701,8609
20260701,医疗,玄参,190,20260701,8610
20260701,医疗,挂号网上预约平台,190,20260701,8611
20260701,医疗,大便隐血阳性说明什么问题,190,20260701,8612
20260701,医疗,电解质紊乱抽搐的表现,190,20260701,8613
20260701,医疗,英克司兰降脂新药一针多少钱,190,20260701,8614
20260701,医疗,慢性咽炎最好的三种药,190,20260701,8615
20260701,医疗,冠美安晕宝功效与作用,190,20260701,8616
20260701,医疗,阿尔兹海默症,190,20260701,8617
20260701,医疗,不完全性右束支传导阻滞是怎么回事,190,20260701,8618
20260701,医疗,早晨起床洗头发好不好,190,20260701,8619
20260701,医疗,家属与姊妹的哮喘,190,20260701,8620
20260701,医疗,吃猪肝的好处和坏处有哪些,190,20260701,8621
20260701,医疗,肋骨,190,20260701,8622
20260701,医疗,复合维生素b族的功效与作用,190,20260701,8623
20260701,医疗,梅毒可以完全治愈吗,190,20260701,8624
20260701,医疗,阴囊唇长了个小硬疙瘩是怎么回事,190,20260701,8625
20260701,医疗,胶质瘤,190,20260701,8626
20260701,医疗,乙肝表面抗体偏高是什么意思,190,20260701,8627
20260701,医疗,骨折多久能恢复正常,190,20260701,8628
20260701,医疗,次氯酸消毒液的功效与作用,190,20260701,8629
20260701,医疗,子宫内膜厚度多少正常,190,20260701,8630
20260701,医疗,心外科和心内科有什么区别,189,20260701,8631
20260701,医疗,血压低是什么原因导致的,189,20260701,8632
20260701,医疗,安贝缇铜片治白癜风有效果吗,189,20260701,8633
20260701,医疗,前白蛋白偏高说明什么,189,20260701,8634
20260701,医疗,渐冻症是什么原因导致,189,20260701,8635
20260701,医疗,阑尾炎手术几天可以出院,189,20260701,8636
20260701,医疗,乙肝会传染人吗,189,20260701,8637
20260701,医疗,鸡头米的营养价值与功效,189,20260701,8638
20260701,医疗,帕金森后期最严重的症状表现有哪些,189,20260701,8639
20260701,医疗,肝血不足有哪些症状,189,20260701,8640
20260701,医疗,利伐沙班的五大禁忌和副作用,189,20260701,8641
20260701,医疗,过敏药物有哪些,189,20260701,8642
20260701,医疗,肝素的作用与功效,189,20260701,8643
20260701,医疗,骨碎补,189,20260701,8644
20260701,医疗,胰腺炎吃什么药见效快,189,20260701,8645
20260701,医疗,腮腺炎会传染吗,189,20260701,8646
20260701,医疗,颞下颌关节紊乱怎么治疗最有效,189,20260701,8647
20260701,医疗,防风通圣丸治疗皮肤病的,189,20260701,8648
20260701,医疗,鹦鹉热病是怎么传染给人的,189,20260701,8649
20260701,医疗,哈西奈德溶液治疗什么皮肤病,189,20260701,8650
20260701,医疗,口腔溃疡的主要原因是什么,189,20260701,8651
20260701,医疗,幽门螺杆菌能自愈吗,189,20260701,8652
20260701,医疗,鹿茸菇的功效和作用营养价值,189,20260701,8653
20260701,医疗,嘴唇上有白斑是什么原因,189,20260701,8654
20260701,医疗,坏死性筋膜炎的图片,189,20260701,8655
20260701,医疗,"孕酮低怎么办怀孕初期,问题大吗",189,20260701,8656
20260701,医疗,经常手淫过度的危害,189,20260701,8657
20260701,医疗,维生素c片可以长期服用吗,189,20260701,8658
20260701,医疗,结缔组织病是一种什么病,189,20260701,8659
20260701,医疗,尿隐血2十是什么意思,189,20260701,8660
20260701,医疗,蛇肉的功能和作用,189,20260701,8661
20260701,医疗,焦虑症10个明显征兆,189,20260701,8662
20260701,医疗,氧化钠注射注液作用,189,20260701,8663
20260701,医疗,手足口病的最佳治疗方法,189,20260701,8664
20260701,医疗,肾阳虚的主要症状有哪些,189,20260701,8665
20260701,医疗,葡萄糖酸锌,189,20260701,8666
20260701,医疗,试管婴儿的寿命和正常人一样吗,189,20260701,8667
20260701,医疗,替西帕肽的作用和功效,189,20260701,8668
20260701,医疗,甲钴胺片饭前吃还是饭后吃,189,20260701,8669
20260701,医疗,牙龈肿痛,189,20260701,8670
20260701,医疗,酮替芬片的功效作用与副作用,189,20260701,8671
20260701,医疗,立普妥阿托伐他汀钙片功效作用,189,20260701,8672
20260701,医疗,指甲空了是什么原因引起的?怎么办,189,20260701,8673
20260701,医疗,三肾丸的功效与作用,189,20260701,8674
20260701,医疗,脚指甲变黄增厚是怎么回事,188,20260701,8675
20260701,医疗,脑力源胶囊的对脑梗有效吗,188,20260701,8676
20260701,医疗,右下眼皮跳是什么预兆,188,20260701,8677
20260701,医疗,天门冬氨酸氨基转移酶低是怎么回事有什么危害,188,20260701,8678
20260701,医疗,薄荷叶泡水喝有什么功效和作用,188,20260701,8679
20260701,医疗,头晕想吐是怎么回事,188,20260701,8680
20260701,医疗,丙酸氯倍他索乳膏功效作用,188,20260701,8681
20260701,医疗,佐力药业,188,20260701,8682
20260701,医疗,血糖高是糖尿病吗,188,20260701,8683
20260701,医疗,人参花泡水喝的功效和作用,188,20260701,8684
20260701,医疗,胆囊息肉样病变是啥意思,188,20260701,8685
20260701,医疗,阿莫西林克拉维酸钾片用法用量,188,20260701,8686
20260701,医疗,中脘穴,188,20260701,8687
20260701,医疗,肌肉萎缩怎么治疗最有效,188,20260701,8688
20260701,医疗,"hrv是什么意思,正常值是多少",188,20260701,8689
20260701,医疗,性病的症状和图片男性早期表现,188,20260701,8690
20260701,医疗,交泰丸的功效与作用,188,20260701,8691
20260701,医疗,三伏天养生最佳方法,188,20260701,8692
20260701,医疗,双手发麻是什么病征兆怎么解决,188,20260701,8693
20260701,医疗,耳朵里面疼怎么回事儿,188,20260701,8694
20260701,医疗,便秘怎么改善和调理,188,20260701,8695
20260701,医疗,餐后血糖多少属于正常范围,188,20260701,8696
20260701,医疗,中药,188,20260701,8697
20260701,医疗,白天总是犯困打瞌睡是什么原因,188,20260701,8698
20260701,医疗,痛经怎么调理能治根,188,20260701,8699
20260701,医疗,大拇指腱鞘炎怎么治疗最快最有效,188,20260701,8700
20260701,医疗,云南白药胶囊一次吃几粒,188,20260701,8701
20260701,医疗,金凯恩软骨素主治什么,188,20260701,8702
20260701,医疗,掉发严重是什么原因,188,20260701,8703
20260701,医疗,交泰丸的配方组成,188,20260701,8704
20260701,医疗,肌肉拉伤一般多少天恢复,188,20260701,8705
20260701,医疗,瞳孔散大意味着什么,188,20260701,8706
20260701,医疗,抗组胺药物有哪些,188,20260701,8707
20260701,医疗,白术的主要功效和作用,188,20260701,8708
20260701,医疗,氯雷他定片可以连续吃多少天,188,20260701,8709
20260701,医疗,内分泌失调有什么症状,188,20260701,8710
20260701,医疗,"38.5算是高烧吗,需要吃退烧药吗",188,20260701,8711
20260701,医疗,血糖高能吃桃子吗,188,20260701,8712
20260701,医疗,草酸艾司西酞普兰片,188,20260701,8713
20260701,医疗,尿潴留是怎么回事,188,20260701,8714
20260701,医疗,颈椎操每天10分钟正确做法视频,188,20260701,8715
20260701,医疗,阿莫西林0.5一次吃几粒一天吃几次,188,20260701,8716
20260701,医疗,乳头有液体溢出是怎么回事,188,20260701,8717
20260701,医疗,血糖高会影响男性性功能吗,188,20260701,8718
20260701,医疗,桂附地黄丸与金匮肾气丸的区别,187,20260701,8719
20260701,医疗,实性结节是什么意思,187,20260701,8720
20260701,医疗,镁元素对人体的作用与功效,187,20260701,8721
20260701,医疗,长海医院,187,20260701,8722
20260701,医疗,珍珠疹,187,20260701,8723
20260701,医疗,乳头疼是怎么回事 女性,187,20260701,8724
20260701,医疗,尿素/肌酐偏高是什么原因,187,20260701,8725
20260701,医疗,激素六项什么时候检查最准确,187,20260701,8726
20260701,医疗,腹泻吃什么药效果最好,187,20260701,8727
20260701,医疗,高梁米功效与作用及食用方法,187,20260701,8728
20260701,医疗,乳腺增生,187,20260701,8729
20260701,医疗,鼻子不通气怎么办最快最有效方法,187,20260701,8730
20260701,医疗,肺气肿一般寿命多少年,187,20260701,8731
20260701,医疗,左胸部刺痛像针扎一样一阵一阵的疼,187,20260701,8732
20260701,医疗,高血糖吃什么食物和水果最好,187,20260701,8733
20260701,医疗,丁二磺酸腺苷蛋氨酸的作用与功效,187,20260701,8734
20260701,医疗,胸椎疼后背疼是怎么回事,187,20260701,8735
20260701,医疗,吐血是身体哪里出了问题了,187,20260701,8736
20260701,医疗,米诺环素的功效与作用及副作用,187,20260701,8737
20260701,医疗,淋巴癌,187,20260701,8738
20260701,医疗,食用油哪种最好最健康,187,20260701,8739
20260701,医疗,直肠癌的早期症状,187,20260701,8740
20260701,医疗,愈美片功效与作用,187,20260701,8741
20260701,医疗,优甲乐是治什么病的药,187,20260701,8742
20260701,医疗,硬下疳,187,20260701,8743
20260701,医疗,爬楼梯对身体有什么好处和坏处?,187,20260701,8744
20260701,医疗,痒,187,20260701,8745
20260701,医疗,屁股上长了很多红疙瘩是什么原因,187,20260701,8746
20260701,医疗,心口窝正中间疼是怎么回事,187,20260701,8747
20260701,医疗,左胸下方疼痛要警惕的三种病症,187,20260701,8748
20260701,医疗,指甲凹凸不平是什么原因引起的,187,20260701,8749
20260701,医疗,斑斓叶的功效与作用,187,20260701,8750
20260701,医疗,艾草枕头的功效和危害,187,20260701,8751
20260701,医疗,睾酮低对男性有什么影响,187,20260701,8752
20260701,医疗,60岁一65岁血压标准表,187,20260701,8753
20260701,医疗,委中的准确位置图,187,20260701,8754
20260701,医疗,36.9度属于低烧还是正常,187,20260701,8755
20260701,医疗,猪蹄的营养价值与功效与作用,187,20260701,8756
20260701,医疗,几几寒入女生困困,187,20260701,8757
20260701,医疗,节节草的功效与作用,187,20260701,8758
20260701,医疗,心气不足的症状和表现,187,20260701,8759
20260701,医疗,脂溢性皮炎症状图片,187,20260701,8760
20260701,医疗,预防脑梗和血管堵塞吃什么药,187,20260701,8761
20260701,医疗,砂仁的图片,187,20260701,8762
20260701,医疗,墨旱莲图片,186,20260701,8763
20260701,医疗,臭虫咬了的症状图片,186,20260701,8764
20260701,医疗,左室舒张功能减低什么意思,186,20260701,8765
20260701,医疗,膀胱结石怎么治疗最好的方法,186,20260701,8766
20260701,医疗,黄皮的功效和作用,186,20260701,8767
20260701,医疗,淋巴结肿瘤早期症状有哪些,186,20260701,8768
20260701,医疗,金霉素眼膏的作用与功效,186,20260701,8769
20260701,医疗,骨肉瘤早期有什么症状,186,20260701,8770
20260701,医疗,六味地黄丸的作用与功效,186,20260701,8771
20260701,医疗,海金沙的功效与作用,186,20260701,8772
20260701,医疗,经颅磁刺激治疗的作用与功效,186,20260701,8773
20260701,医疗,青稞米的功效与作用,186,20260701,8774
20260701,医疗,中医院电话咨询电话,186,20260701,8775
20260701,医疗,蒲地蓝消炎片的作用和功效,186,20260701,8776
20260701,医疗,女性吃伟哥会有效果吗?,186,20260701,8777
20260701,医疗,性生活时间短怎么回事吃什么药能治疗,186,20260701,8778
20260701,医疗,眼睛有红血丝是怎么回事,186,20260701,8779
20260701,医疗,慢性荨麻疹怎么治疗才能彻底治好,186,20260701,8780
20260701,医疗,尿道炎是什么原因引起的,186,20260701,8781
20260701,医疗,瓜蒌皮的功效与作用主要治什么病,186,20260701,8782
20260701,医疗,卤米松软膏主治什么,186,20260701,8783
20260701,医疗,心率低于60要警惕四种病,186,20260701,8784
20260701,医疗,白细胞低是怎么回事,186,20260701,8785
20260701,医疗,斑蝥,186,20260701,8786
20260701,医疗,头孢克肟颗粒的作用与功效,186,20260701,8787
20260701,医疗,念慈庵枇杷膏的功效与作用,186,20260701,8788
20260701,医疗,足临泣准确位置图和作用,186,20260701,8789
20260701,医疗,保和颗粒主要是治什么病,186,20260701,8790
20260701,医疗,降压药有哪几种药效好,186,20260701,8791
20260701,医疗,牙龈肿痛什么原因造成的,186,20260701,8792
20260701,医疗,腰椎间盘突出症状表现,186,20260701,8793
20260701,医疗,"高压高,低压正常是什么原因",186,20260701,8794
20260701,医疗,神经性耳鸣怎么治疗好得快,186,20260701,8795
20260701,医疗,新生化颗粒的作用和功效,186,20260701,8796
20260701,医疗,处内膜在哪个位置图片,186,20260701,8797
20260701,医疗,溶菌酶肠溶片的作用及功效,186,20260701,8798
20260701,医疗,血氧低是什么原因造成的,186,20260701,8799
20260701,医疗,癔症,186,20260701,8800
20260701,医疗,"左肾囊肿是怎么回事,需要怎么治疗",186,20260701,8801
20260701,医疗,豆角没炒熟会中毒吗,186,20260701,8802
20260701,医疗,艾草的作用和功效,186,20260701,8803
20260701,医疗,荷尔蒙,186,20260701,8804
20260701,医疗,糖尿病症状,186,20260701,8805
20260701,医疗,"双肾囊肿是什么病,需要治疗吗",186,20260701,8806
20260701,医疗,千金片的功效与主治,186,20260701,8807
20260701,医疗,四宝粉的功效与作用,186,20260701,8808
20260701,医疗,eb病毒iga抗体阳性是什么意思,186,20260701,8809
20260701,医疗,肺腧穴的准确位置,186,20260701,8810
20260701,医疗,突然晕倒失去意识几分钟又恢复了是什么原因,186,20260701,8811
20260701,医疗,松针茶的功效与作用,186,20260701,8812
20260701,医疗,三尖瓣少量反流是什么意思,186,20260701,8813
20260701,医疗,二型糖尿病能恢复正常吗,186,20260701,8814
20260701,医疗,跳绳减肥一天跳多少个可以减脂,186,20260701,8815
20260701,医疗,溃疡口腔怎么好得快,186,20260701,8816
20260701,医疗,茶籽油的功效与作用,186,20260701,8817
20260701,医疗,复方感冒灵颗粒的功效与作用,185,20260701,8818
20260701,医疗,糯玉米的功效与作用,185,20260701,8819
20260701,医疗,环跳的准确位置图片,185,20260701,8820
20260701,医疗,女性更年期综合征症状有哪些表现,185,20260701,8821
20260701,医疗,宫颈肥大怎么治疗才能变小,185,20260701,8822
20260701,医疗,蛋白尿是什么病,185,20260701,8823
20260701,医疗,abcam,185,20260701,8824
20260701,医疗,mrcp检查是什么意思,185,20260701,8825
20260701,医疗,命门穴位置,185,20260701,8826
20260701,医疗,口舌生疮吃什么药效果好,185,20260701,8827
20260701,医疗,幽门螺杆菌怎么感染的,185,20260701,8828
20260701,医疗,布地奈德混悬液雾化作用,185,20260701,8829
20260701,医疗,扁桃体切除手术多久才能恢复好,185,20260701,8830
20260701,医疗,"内裤总是湿漉漉的,而且发黄,有异味",185,20260701,8831
20260701,医疗,西格列汀二甲双胍的作用,185,20260701,8832
20260701,医疗,白内障手术需要住院吗?住几天,185,20260701,8833
20260701,医疗,信邦制药,185,20260701,8834
20260701,医疗,"小便刺痛,尿不干净,老感觉想尿",185,20260701,8835
20260701,医疗,手麻是什么原因引起的,185,20260701,8836
20260701,医疗,低聚果糖的作用及功效,185,20260701,8837
20260701,医疗,甘油果糖氯化钠的功效与作用,185,20260701,8838
20260701,医疗,淋巴结是什么病严重吗,185,20260701,8839
20260701,医疗,口苦是什么原因造成的,185,20260701,8840
20260701,医疗,巧克力囊肿的危害大吗,185,20260701,8841
20260701,医疗,益力心茯苓片的功效与作用,185,20260701,8842
20260701,医疗,固方臣的功效,185,20260701,8843
20260701,医疗,打喷嚏,185,20260701,8844
20260701,医疗,老白茶的功效与作用,185,20260701,8845
20260701,医疗,女人绝经一般多大年龄正常,185,20260701,8846
20260701,医疗,梅毒会传染给家人吗,185,20260701,8847
20260701,医疗,盐酸氟桂利嗪胶囊的功效与作用吃几粒,185,20260701,8848
20260701,医疗,薏米红豆祛湿正确煮法,185,20260701,8849
20260701,医疗,生花生吃了有什么好处和坏处,185,20260701,8850
20260701,医疗,吃杏仁有什么好处和功效,185,20260701,8851
20260701,医疗,霉菌性妇科炎症反反复复怎么根除,185,20260701,8852
20260701,医疗,急性荨麻疹,185,20260701,8853
20260701,医疗,炎琥宁的功效与作用,185,20260701,8854
20260701,医疗,蒲地蓝消炎口服液功效作用与主治,185,20260701,8855
20260701,医疗,酒精过敏是什么症状,185,20260701,8856
20260701,医疗,包皮过长,185,20260701,8857
20260701,医疗,富祥药业,185,20260701,8858
20260701,医疗,猩红热,185,20260701,8859
20260701,医疗,黄瓜的营养价值及功效与作用,185,20260701,8860
20260701,医疗,盐酸伐昔洛韦片的功效与作用,185,20260701,8861
20260701,医疗,周海媚红斑性狼疮一般寿命,185,20260701,8862
20260701,医疗,肠息肉是怎么形成的原因有哪些,185,20260701,8863
20260701,医疗,腰痛什么原因导致的女性,185,20260701,8864
20260701,医疗,昂丹司琼的作用与功效,185,20260701,8865
20260701,医疗,大便,185,20260701,8866
20260701,医疗,五红汤补气血正确做法,185,20260701,8867
20260701,医疗,眼前有黑影飘动是什么原因引起的,185,20260701,8868
20260701,医疗,达泊西丁的正确服用方法,185,20260701,8869
20260701,医疗,牛皮癣怎么治才能彻底根除,185,20260701,8870
20260701,医疗,齿痕舌的原因及治疗方法,185,20260701,8871
20260701,医疗,川断的功效与主治,185,20260701,8872
20260701,医疗,伏诺拉生的功效与副作用,185,20260701,8873
20260701,医疗,无花果叶子治痔疮的正确方法,185,20260701,8874
20260701,医疗,脂肪肝这个病严重吗,185,20260701,8875
20260701,医疗,窦性心动过速是什么原因,185,20260701,8876
20260701,医疗,肺宁颗粒的作用与功效,185,20260701,8877
20260701,医疗,皮肤过敏用什么药好得最快最有效果,184,20260701,8878
20260701,医疗,同型半胱氨酸高的原因及危害,184,20260701,8879
20260701,医疗,沙格列汀的作用和副作用,184,20260701,8880
20260701,医疗,itp什么病的简称,184,20260701,8881
20260701,医疗,便秘吃什么蔬菜和水果最好,184,20260701,8882
20260701,医疗,甲磺酸多沙唑嗪缓释片的作用与功效,184,20260701,8883
20260701,医疗,盐酸依匹斯汀胶囊功效与作用,184,20260701,8884
20260701,医疗,腕管综合征,184,20260701,8885
20260701,医疗,同型半胱氨酸正常值,184,20260701,8886
20260701,医疗,血府逐瘀丸,184,20260701,8887
20260701,医疗,结石怎么治疗最好最快的方法,184,20260701,8888
20260701,医疗,浙贝母的功效与作用,184,20260701,8889
20260701,医疗,肛裂,184,20260701,8890
20260701,医疗,红菇的营养功效与作用,184,20260701,8891
20260701,医疗,二聚体高是什么原因,184,20260701,8892
20260701,医疗,ev71是什么疫苗,184,20260701,8893
20260701,医疗,打坐的好处功效与作用,184,20260701,8894
20260701,医疗,"宝宝腿趴开一点就不疼,要警惕三种病",184,20260701,8895
20260701,医疗,宫颈鳞状上皮内病变是什么意思,184,20260701,8896
20260701,医疗,早上起床手指关节胀痛握拳困难,184,20260701,8897
20260701,医疗,阿奇霉素片的作用功效,184,20260701,8898
20260701,医疗,丁苯酞对脑梗塞有效吗,184,20260701,8899
20260701,医疗,曼月乐环的功效与作用及副作用,184,20260701,8900
20260701,医疗,朊病毒,184,20260701,8901
20260701,医疗,"喝酒前吃什么解酒,又能提高酒量",184,20260701,8902
20260701,医疗,半月板损伤能自愈吗,184,20260701,8903
20260701,医疗,薏米和什么一起煮去湿气最好,184,20260701,8904
20260701,医疗,热量怎么换算成大卡,184,20260701,8905
20260701,医疗,葡醛内酯片功效作用,184,20260701,8906
20260701,医疗,金桔的功效与作用,184,20260701,8907
20260701,医疗,心脏在哪个位置,184,20260701,8908
20260701,医疗,盐酸克林霉素棕榈酸分散片 用量,184,20260701,8909
20260701,医疗,手上起小水泡怎么治才能除根,184,20260701,8910
20260701,医疗,氟西汀,184,20260701,8911
20260701,医疗,青瓜的功效与作用,184,20260701,8912
20260701,医疗,献血400毫升对身体有害吗,184,20260701,8913
20260701,医疗,微芯生物,184,20260701,8914
20260701,医疗,啤酒加红糖有什么作用和功效,184,20260701,8915
20260701,医疗,低血钾症状表现有哪些症状,184,20260701,8916
20260701,医疗,黄体酮软胶囊的功效与作用,184,20260701,8917
20260701,医疗,中心静脉压的正常值,184,20260701,8918
20260701,医疗,安神助眠最好的药,184,20260701,8919
20260701,医疗,肉苁蓉有哪些功效与作用,184,20260701,8920
20260701,医疗,螨虫和阴虱的图片,184,20260701,8921
20260701,医疗,白香果有什么好处和功效,184,20260701,8922
20260701,医疗,心功能分级NYHA四级,184,20260701,8923
20260701,医疗,胶质瘤的早期症状有哪些,184,20260701,8924
20260701,医疗,腿部血栓堵塞有什么症状,184,20260701,8925
20260701,医疗,参松养心胶囊,184,20260701,8926
20260701,医疗,三仁汤,184,20260701,8927
20260701,医疗,咽喉肿痛吃什么药最好效果,184,20260701,8928
20260701,医疗,飞蚊症怎么治疗彻底根除方法,184,20260701,8929
20260701,医疗,黄荆树的作用和功效,184,20260701,8930
20260701,医疗,松茸的功效与作用,184,20260701,8931
20260701,医疗,哮喘是怎么回事什么原因造成哮喘,184,20260701,8932
20260701,医疗,米诺地尔搽剂的作用和功效,184,20260701,8933
20260701,医疗,糖尿病可以吃西瓜吗,183,20260701,8934
20260701,医疗,龙牡壮骨颗粒,183,20260701,8935
20260701,医疗,月经量少怎么才能把月经调回正常,183,20260701,8936
20260701,医疗,幸福泌尿科,183,20260701,8937
20260701,医疗,乌梅干泡水喝有什么好处和坏处,183,20260701,8938
20260701,医疗,大便绿色是什么原因,183,20260701,8939
20260701,医疗,睾丸里面有个硬疙瘩是怎么回事,183,20260701,8940
20260701,医疗,结肠癌能治愈吗 能活多久,183,20260701,8941
20260701,医疗,日达仙的功效与作用,183,20260701,8942
20260701,医疗,肝爽颗粒的功效与作用,183,20260701,8943
20260701,医疗,氢醌乳膏的作用和功效,183,20260701,8944
20260701,医疗,胸腺法新的功效与作用,183,20260701,8945
20260701,医疗,咳嗽有黄痰是什么原因引起的,183,20260701,8946
20260701,医疗,呋喃妥因肠溶片治疗尿路感染效果好吗,183,20260701,8947
20260701,医疗,拜糖平的功效和副作用,183,20260701,8948
20260701,医疗,"牙龈萎缩是什么原因造成的,怎么恢复?",183,20260701,8949
20260701,医疗,鹅蛋和鸡蛋哪个营养更高,183,20260701,8950
20260701,医疗,仙鹤草的图片,183,20260701,8951
20260701,医疗,焦六神曲功效作用与主治,183,20260701,8952
20260701,医疗,香砂六君丸是祛湿热还是寒湿,183,20260701,8953
20260701,医疗,肝血不足吃什么调理的又快又好,183,20260701,8954
20260701,医疗,亚宝药业,183,20260701,8955
20260701,医疗,尿液混浊什么原因,183,20260701,8956
20260701,医疗,斑秃,183,20260701,8957
20260701,医疗,剖腹产伤口多久能完全恢复,183,20260701,8958
20260701,医疗,生脉饮配方,183,20260701,8959
20260701,医疗,割包皮挂什么科室,183,20260701,8960
20260701,医疗,狂犬疫苗对人体的危害有多大,183,20260701,8961
20260701,医疗,宏源药业,183,20260701,8962
20260701,医疗,炒莱菔子的功效与作用,183,20260701,8963
20260701,医疗,千里光的功效与作用,183,20260701,8964
20260701,医疗,内啡肽和多巴胺的区别,183,20260701,8965
20260701,医疗,丝瓜的功效与作用,183,20260701,8966
20260701,医疗,肠胃炎是怎么引起的,183,20260701,8967
20260701,医疗,"45岁不来月经正常吗,需要治疗吗",183,20260701,8968
20260701,医疗,复方丹参滴丸,183,20260701,8969
20260701,医疗,郁金,183,20260701,8970
20260701,医疗,特应性皮炎怎么治疗才能根治,183,20260701,8971
20260701,医疗,脚上起小水泡很痒是怎么回事,183,20260701,8972
20260701,医疗,炒薏苡仁的功效与作用,183,20260701,8973
20260701,医疗,妇科千金片,183,20260701,8974
20260701,医疗,萝藦草的功效与作用图片,183,20260701,8975
20260701,医疗,吃桃子会发胖吗,183,20260701,8976
20260701,医疗,沙参,183,20260701,8977
20260701,医疗,双肾结晶是什么意思,183,20260701,8978
20260701,医疗,康泰晕康宁,183,20260701,8979
20260701,医疗,尿红细胞高是什么原因,183,20260701,8980
20260701,医疗,益生菌可以长期吃吗,183,20260701,8981
20260701,医疗,潮热是什么症状表现,183,20260701,8982
20260701,医疗,血糖高能吃桃子吗?有影响吗,183,20260701,8983
20260701,医疗,膝盖半月板磨损怎么可以恢复好呢,183,20260701,8984
20260701,医疗,白带有腥臭味是什么原因,183,20260701,8985
20260701,医疗,肛门,183,20260701,8986
20260701,医疗,dha哪个牌子含量最高 最好,183,20260701,8987
20260701,医疗,吃黑豆的好处和功效,183,20260701,8988
20260701,医疗,prp注射的功效与作用,183,20260701,8989
20260701,医疗,淋巴结节怎么消除 颈部,183,20260701,8990
20260701,医疗,验孕棒最早几天能测出来,182,20260701,8991
20260701,医疗,附子理中丸的功效与主治,182,20260701,8992
20260701,医疗,低密度脂蛋白,182,20260701,8993
20260701,医疗,睡觉时手麻木是什么原因和征兆,182,20260701,8994
20260701,医疗,止痛药,182,20260701,8995
20260701,医疗,尿微量白蛋白高说明什么问题,182,20260701,8996
20260701,医疗,微量元素是指哪些,182,20260701,8997
20260701,医疗,氨麻美敏片的功效与作用,182,20260701,8998
20260701,医疗,马油的功效和作用,182,20260701,8999
20260701,医疗,嘴唇突然肿了是怎么回事,182,20260701,9000
20260701,医疗,卡马西平,182,20260701,9001
20260701,医疗,带状疱疹会传染吗给别人吗,182,20260701,9002
20260701,医疗,npd是心理疾病还是精神疾病,182,20260701,9003
20260701,医疗,白带清洁度lll度是什么意思,182,20260701,9004
20260701,医疗,郑州市中心医院官网,182,20260701,9005
20260701,医疗,大椎穴,182,20260701,9006
20260701,医疗,白萝卜煮水喝有什么功效和作用,182,20260701,9007
20260701,医疗,脾胃虚寒湿气重肝火旺怎么调理,182,20260701,9008
20260701,医疗,葛根粉的正确吃法,182,20260701,9009
20260701,医疗,莫匹罗星软膏主治什么,182,20260701,9010
20260701,医疗,肚子疼,182,20260701,9011
20260701,医疗,消风散的组成,182,20260701,9012
20260701,医疗,八正散的组成,182,20260701,9013
20260701,医疗,肛门痒是怎么回事女性,182,20260701,9014
20260701,医疗,黄体酮低对身体有什么影响,182,20260701,9015
20260701,医疗,昆仑穴位的准确位置图和功效,182,20260701,9016
20260701,医疗,痰多是什么原因造成的怎样解决,182,20260701,9017
20260701,医疗,"肾结晶是怎么回事,需要怎么治疗",182,20260701,9018
20260701,医疗,独活寄生汤,182,20260701,9019
20260701,医疗,结扎以后还能恢复生育能力吗,182,20260701,9020
20260701,医疗,脉压差正常范围,182,20260701,9021
20260701,医疗,健脑补肾丸的功效与作用,182,20260701,9022
20260701,医疗,"老人脚浮肿是什么原因引起的,怎么治疗",182,20260701,9023
20260701,医疗,来月经肚子痛的厉害怎么办,182,20260701,9024
20260701,医疗,知母的功效与作用,182,20260701,9025
20260701,医疗,股骨长是指什么,182,20260701,9026
20260701,医疗,动态心电图能检查出什么病,182,20260701,9027
20260701,医疗,李子含糖量高不,182,20260701,9028
20260701,医疗,替戈拉生片的功效和副作用,182,20260701,9029
20260701,医疗,鼻炎打喷嚏流鼻涕的最佳治疗方法,182,20260701,9030
20260701,医疗,半月板损伤怎么治疗效果最好,182,20260701,9031
20260701,医疗,咳嗽可以吃鸡蛋不?,182,20260701,9032
20260701,医疗,导致慢性问题的根源是什么?,182,20260701,9033
20260701,医疗,口苦口干口臭是什么原因引起的 怎么治疗,182,20260701,9034
20260701,医疗,高血压药什么时间段吃最好,182,20260701,9035
20260701,医疗,结膜炎怎么治疗好得快,182,20260701,9036
20260701,医疗,细胞角蛋白19片段是什么肿瘤指标,181,20260701,9037
20260701,医疗,酮康唑乳膏,181,20260701,9038
20260701,医疗,油莎豆的功效与作用及食用方法,181,20260701,9039
20260701,医疗,阵皮功效作用与主治,181,20260701,9040
20260701,医疗,宫颈息肉怎么处理最好,181,20260701,9041
20260701,医疗,痛风石,181,20260701,9042
20260701,医疗,头疼恶心想吐是怎么回事,181,20260701,9043
20260701,医疗,重楼,181,20260701,9044
20260701,医疗,氨基酸输液的功效与作用是什么,181,20260701,9045
20260701,医疗,西京医院挂号预约,181,20260701,9046
20260701,医疗,赭石的功效与作用,181,20260701,9047
20260701,医疗,血小板平均体积偏低是什么原因,181,20260701,9048
20260701,医疗,黄芪霜的功效与作用是什么,181,20260701,9049
20260701,医疗,安化黑茶的功效与作用,181,20260701,9050
20260701,医疗,穿刺手术对身体伤害大吗,181,20260701,9051
20260701,医疗,下体瘙痒是什么原因导致的,181,20260701,9052
20260701,医疗,hbv是什么病毒?,181,20260701,9053
20260701,医疗,酒石酸唑吡坦片,181,20260701,9054
20260701,医疗,hib疫苗是什么意思,181,20260701,9055
20260701,医疗,量体温几分钟准确,181,20260701,9056
20260701,医疗,风寒感冒颗粒的功效与作用,181,20260701,9057
20260701,医疗,优甲乐的功能主治和用法,181,20260701,9058
20260701,医疗,豆腐的功效与作用,181,20260701,9059
20260701,医疗,易善复,181,20260701,9060
20260701,医疗,b12的作用和功效,181,20260701,9061
20260701,医疗,抗生素,181,20260701,9062
20260701,医疗,玻璃酸钠滴眼液作用,181,20260701,9063
20260701,医疗,活珠子吃了有什么好处和坏处,181,20260701,9064
20260701,医疗,清江鱼尽量少吃的原因,181,20260701,9065
20260701,医疗,女生第一次同房很痛怎么办,181,20260701,9066
20260701,医疗,安神补脑液,181,20260701,9067
20260701,医疗,测血压测左手还是右手最准确,181,20260701,9068
20260701,医疗,囟门,181,20260701,9069
20260701,医疗,喝苏打水的好处与坏处,181,20260701,9070
20260701,医疗,调环酸钙的作用和用法,181,20260701,9071
20260701,医疗,心率高是什么原因造成的,181,20260701,9072
20260701,医疗,磷霉素钠的作用与功效,181,20260701,9073
20260701,医疗,肺在人体的哪个位置图,181,20260701,9074
20260701,医疗,心率快怎么调整能降下来,181,20260701,9075
20260701,医疗,双歧杆菌乳杆菌三联活菌片的作用,181,20260701,9076
20260701,医疗,牙龈炎吃什么药最好最有效,181,20260701,9077
20260701,医疗,哈西奈德溶液功能主治和用法,181,20260701,9078
20260701,医疗,尿糖3个加号严重吗怎么治疗,181,20260701,9079
20260701,医疗,戒烟会出现哪些身体的症状,181,20260701,9080
20260701,医疗,lung rads 2级是什么意思,181,20260701,9081
20260701,医疗,谷丙/谷草偏高是什么意思,181,20260701,9082
20260701,医疗,上环费用一般多少钱,181,20260701,9083
20260701,医疗,正常血压是多少40-50岁,181,20260701,9084
20260701,医疗,大腿内侧阴囊边上长了个疙瘩,181,20260701,9085
20260701,医疗,维生素b5的作用和功效有哪些,181,20260701,9086
20260701,医疗,心肌梗死的症状前兆,181,20260701,9087
20260701,医疗,肿节风的功效与作用,181,20260701,9088
20260701,医疗,肠梗阻这个病严重吗,180,20260701,9089
20260701,医疗,硝苯地平控释片功效和副作用,180,20260701,9090
20260701,医疗,感觉身体乏力没劲很累怎么回事,180,20260701,9091
20260701,医疗,钻山风合剂的功效与作用,180,20260701,9092
20260701,医疗,绝经后有黄色分泌物是怎么回事,180,20260701,9093
20260701,医疗,积实有作用和功效,180,20260701,9094
20260701,医疗,复方鸡内金片的功效与作用,180,20260701,9095
20260701,医疗,太子参,180,20260701,9096
20260701,医疗,腊肠果的功效及副作用能长期服用吗,180,20260701,9097
20260701,医疗,地奈德乳膏有什么作用和功效,180,20260701,9098
20260701,医疗,四联药治幽门螺旋杆菌是哪四种药,180,20260701,9099
20260701,医疗,37.2度算发烧吗 成人腋下,180,20260701,9100
20260701,医疗,"脚底长水泡很痒怎么办,用什么药",180,20260701,9101
20260701,医疗,体脂率怎么算,180,20260701,9102
20260701,医疗,飞蚊症用什么眼药水效果最好,180,20260701,9103
20260701,医疗,夜交藤的作用和功效,180,20260701,9104
20260701,医疗,维生素c早上吃还是晚上吃效果好,180,20260701,9105
20260701,医疗,广东省中医院,180,20260701,9106
20260701,医疗,博雅生物,180,20260701,9107
20260701,医疗,睡眠障碍症有什么表现,180,20260701,9108
20260701,医疗,手麻是什么病的前兆,180,20260701,9109
20260701,医疗,奥翔药业,180,20260701,9110
20260701,医疗,荷叶和什么搭配最减肥,180,20260701,9111
20260701,医疗,龟甲胶的功效作用与主治,180,20260701,9112
20260701,医疗,维生素d的食物,180,20260701,9113
20260701,医疗,"高血压低压高是什么原因,怎么解决",180,20260701,9114
20260701,医疗,维生素c注射注液功效,180,20260701,9115
20260701,医疗,肾的位置图片,180,20260701,9116
20260701,医疗,心跳慢是什么原因导致的怎么治疗,180,20260701,9117
20260701,医疗,车前草煮鸡蛋的功效与作用,180,20260701,9118
20260701,医疗,皮肌炎是什么病,180,20260701,9119
20260701,医疗,角鲨烯的作用和功效,180,20260701,9120
20260701,医疗,301医院最擅长看什么病,180,20260701,9121
20260701,医疗,陈皮的功效与主治,180,20260701,9122
20260701,医疗,土茯苓图片,180,20260701,9123
20260701,医疗,西洋参片正确吃法,180,20260701,9124
20260701,医疗,肌肉膨胀,180,20260701,9125
20260701,医疗,炮姜的功效与作用,180,20260701,9126
20260701,医疗,甲胎蛋白,180,20260701,9127
20260701,医疗,谷维素片,180,20260701,9128
20260701,医疗,太白的准确位置图片及功效,180,20260701,9129
20260701,医疗,脖子落枕最快治愈方法,180,20260701,9130
20260701,医疗,心梗吃什么药最好最有效,180,20260701,9131
20260701,医疗,人与狗能不能怀孕,180,20260701,9132
20260701,医疗,胃反酸反流吃什么药治疗最好,180,20260701,9133
20260701,医疗,高血糖怎么调理才能彻底根除,180,20260701,9134
20260701,医疗,烂尾阑尾炎的症状,180,20260701,9135
20260701,医疗,硬度不够吃什么药效果最好,180,20260701,9136
20260701,医疗,皮脂腺囊肿图片,180,20260701,9137
20260701,医疗,西红柿是凉性还是热性的,180,20260701,9138
20260701,医疗,万古霉素的作用与功效,180,20260701,9139
20260701,医疗,多囊卵巢综合症的症状表现,180,20260701,9140
20260701,医疗,他达拉非片,180,20260701,9141
20260701,医疗,被仓鼠咬了出血了需要打疫苗吗,180,20260701,9142
20260701,医疗,盐酸阿莫罗芬乳膏的作用与功效,180,20260701,9143
20260701,医疗,紫药水的作用和功效,180,20260701,9144
20260701,医疗,丙球免疫球蛋白的作用与功效,180,20260701,9145
20260701,医疗,鼻炎怎么治疗才能彻底根除,180,20260701,9146
20260701,医疗,胃复安,180,20260701,9147
20260701,医疗,反流性咽喉炎怎么治疗效果好,180,20260701,9148
20260701,医疗,早上起来口苦口臭是什么原因怎么办,180,20260701,9149
20260701,医疗,慢性肠炎有什么症状表现,180,20260701,9150
20260701,医疗,头孢丙烯片的功效和作用,180,20260701,9151
20260701,医疗,人丹丸的功效与作用,180,20260701,9152
20260701,医疗,硝酸甘油片的作用功效,180,20260701,9153
20260701,医疗,杏鲍菇的功效与作用,180,20260701,9154
20260701,医疗,hpv疫苗预防什么,180,20260701,9155
20260701,医疗,知柏地黄丸的功效作用,180,20260701,9156
20260701,医疗,人工授精和试管婴儿的区别,180,20260701,9157
20260701,医疗,西替利嗪和氯雷他定哪个好,180,20260701,9158
20260701,医疗,血尿是怎么回事男性,180,20260701,9159
20260701,医疗,冬虫夏草的功效与作用,180,20260701,9160
20260701,医疗,早泄可以治愈吗,180,20260701,9161
20260701,医疗,海藻糖糖尿病人能吃吗,179,20260701,9162
20260701,医疗,手上长了类似水泡的小疙瘩,179,20260701,9163
20260701,医疗,眼角红红的像出血一样是怎么回事,179,20260701,9164
20260701,医疗,强力天麻杜仲胶囊的功效与作用,179,20260701,9165
20260701,医疗,青鹏软膏的功效与作用,179,20260701,9166
20260701,医疗,接骨草图片,179,20260701,9167
20260701,医疗,尿肌酐高是什么问题,179,20260701,9168
20260701,医疗,转基因大豆油对人体有害吗,179,20260701,9169
20260701,医疗,维生素B12,179,20260701,9170
20260701,医疗,咳嗽能吃鸡蛋吗,179,20260701,9171
20260701,医疗,梦魇是什么意思,179,20260701,9172
20260701,医疗,蜂胶软胶囊的作用与功效是什么,179,20260701,9173
20260701,医疗,枸杞泡水喝有什么好处,179,20260701,9174
20260701,医疗,耳朵里面有声响是什么原因,179,20260701,9175
20260701,医疗,早搏,179,20260701,9176
20260701,医疗,他达拉非和西地那非效果哪个好,179,20260701,9177
20260701,医疗,痛风的症状及治疗方法,179,20260701,9178
20260701,医疗,脑出血昏迷病人清醒的黄金时间,179,20260701,9179
20260701,医疗,踝泵运动的正确做法,179,20260701,9180
20260701,医疗,绿松石的功效与作用佩戴绿松石,179,20260701,9181
20260701,医疗,枳实消痞丸的功效和作用,179,20260701,9182
20260701,医疗,非那雄胺片,179,20260701,9183
20260701,医疗,耵聍是什么意思,179,20260701,9184
20260701,医疗,鸡蛋吃多了有什么危害,179,20260701,9185
20260701,医疗,引火汤的配方,179,20260701,9186
20260701,医疗,沙库巴曲缬沙坦钠片的作用与功效,179,20260701,9187
20260701,医疗,肠息肉吃什么药能彻底根除,179,20260701,9188
20260701,医疗,眩晕症怎么治最快最有效,179,20260701,9189
20260701,医疗,大便粘稠粘马桶什么原因如何调理,179,20260701,9190
20260701,医疗,牙周炎怎么治疗才能彻底根除,179,20260701,9191
20260701,医疗,男性生殖疱疹是因为什么原因引起的,179,20260701,9192
20260701,医疗,凤仙花的作用与功效,179,20260701,9193
20260701,医疗,药明生物,179,20260701,9194
20260701,医疗,桃子糖尿病人可以吃吗,179,20260701,9195
20260701,医疗,胃癌,179,20260701,9196
20260701,医疗,自主神经功能紊乱的症状与表现,179,20260701,9197
20260701,医疗,薤白功效作用与主治,179,20260701,9198
20260701,医疗,红桃k的功效与作用,179,20260701,9199
20260701,医疗,盐酸倍他司汀注射功效与作用,179,20260701,9200
20260701,医疗,qid是指一天几次用药,179,20260701,9201
20260701,医疗,小番茄的营养价值和功效,179,20260701,9202
20260701,医疗,气海穴的功效与作用,179,20260701,9203
20260701,医疗,0.25g阿莫西林胶囊一次吃几粒,179,20260701,9204
20260701,医疗,广西医科大学第一附属医院,179,20260701,9205
20260701,医疗,硫酸庆大霉素的作用与功效,179,20260701,9206
20260701,医疗,阿尔茨海默症,179,20260701,9207
20260701,医疗,二硫化硒,179,20260701,9208
20260701,医疗,畸胎瘤是怎么引起的原因,179,20260701,9209
20260701,医疗,椎间盘突出最佳治疗方法,179,20260701,9210
20260701,医疗,五灵脂是什么东西,179,20260701,9211
20260701,医疗,参苓白术颗粒功效作用,179,20260701,9212
20260701,医疗,盐酸氟桂利嗪胶囊的副作用,179,20260701,9213
20260701,医疗,压疮的分期及临床表现,179,20260701,9214
20260701,医疗,卡泊三醇软膏的功效和作用,179,20260701,9215
20260701,医疗,颈动脉斑块吃什么药可以消除,179,20260701,9216
20260701,医疗,喝酸奶的好处与功效,179,20260701,9217
20260701,医疗,肝功能异常谷丙转氨酶偏高怎么办,179,20260701,9218
20260701,医疗,太冲穴准确位置与功效,179,20260701,9219
20260701,医疗,克拉霉素,178,20260701,9220
20260701,医疗,健脾丸配方组成,178,20260701,9221
20260701,医疗,贝敏伪麻片的作用与功效,178,20260701,9222
20260701,医疗,平胃丸的功效与作用,178,20260701,9223
20260701,医疗,过敏药,178,20260701,9224
20260701,医疗,花椒泡脚的功效与作用好处,178,20260701,9225
20260701,医疗,诺如病毒,178,20260701,9226
20260701,医疗,尿酸偏高的原因和解决方法,178,20260701,9227
20260701,医疗,胳膊上起小红疙瘩是怎么回事,178,20260701,9228
20260701,医疗,七星茶颗粒的功效和作用,178,20260701,9229
20260701,医疗,感冒能吃西瓜吗,178,20260701,9230
20260701,医疗,嗓子有异物感是什么原因,178,20260701,9231
20260701,医疗,杨梅的功效与营养价值,178,20260701,9232
20260701,医疗,坏死性肌炎图片,178,20260701,9233
20260701,医疗,烫伤怎么处理,178,20260701,9234
20260701,医疗,当归黄芪铁颗粒真的有效果吗,178,20260701,9235
20260701,医疗,肾俞穴的准确位置,178,20260701,9236
20260701,医疗,腰疼最快缓解方法,178,20260701,9237
20260701,医疗,麸炒苍术中药功效和作用主治,178,20260701,9238
20260701,医疗,杞菊地黄丸的作用与功效,178,20260701,9239
20260701,医疗,负离子有什么作用,178,20260701,9240
20260701,医疗,炒米泡水喝的功效与作用,178,20260701,9241
20260701,医疗,小孩脸上有白色一块一块的怎么回事,178,20260701,9242
20260701,医疗,南瓜子仁的功效与作用及副作用,178,20260701,9243
20260701,医疗,小孩子经常流鼻血是什么原因啊,178,20260701,9244
20260701,医疗,霍香作用,178,20260701,9245
20260701,医疗,钾古胺的功效,178,20260701,9246
20260701,医疗,口腔溃疡怎么治疗最快最有效,178,20260701,9247
20260701,医疗,四物汤配方功效与作用,178,20260701,9248
20260701,医疗,三氯蔗糖糖尿病人能吃吗,178,20260701,9249
20260701,医疗,绿澳佳骨蛋白的功效和作用,178,20260701,9250
20260701,医疗,产后恶露一般多久能排干净,178,20260701,9251
20260701,医疗,酮康唑乳膏作用与功效,178,20260701,9252
20260701,医疗,皮炎,178,20260701,9253
20260701,医疗,喝酒第二天胃难受恶心怎么缓解,178,20260701,9254
20260701,医疗,番茄红素的功能与主治,178,20260701,9255
20260701,医疗,鼻炎吃什么药最好效果,178,20260701,9256
20260701,医疗,hiv早期症状,178,20260701,9257
20260701,医疗,产后抑郁的表现有哪些症状,178,20260701,9258
20260701,医疗,益生菌什么时候吃效果最好,178,20260701,9259
20260701,医疗,五黑粉的作用与功效,178,20260701,9260
20260701,医疗,雌激素低的症状有哪些,178,20260701,9261
20260701,医疗,上热下寒吃什么中成药效果最好,178,20260701,9262
20260701,医疗,胃息肉的症状表现有哪些,178,20260701,9263
20260701,医疗,去湿气最好的食材有哪些,178,20260701,9264
20260701,医疗,空泡蝶鞍是啥意思,178,20260701,9265
20260701,医疗,咽峡炎,178,20260701,9266
20260701,医疗,盲肠炎是哪个部位疼,178,20260701,9267
20260701,医疗,腋下淋巴结肿大是怎么回事,178,20260701,9268
20260701,医疗,盐酸普拉克索片的作用与功效,178,20260701,9269
20260701,医疗,血型有几种类型,178,20260701,9270
20260701,医疗,红叶李果子的功效与作用,178,20260701,9271
20260701,医疗,涌泉穴的功效与作用,178,20260701,9272
20260701,医疗,维生素d滴剂正确吃法,178,20260701,9273
20260701,医疗,肌肉注射的部位及定位,178,20260701,9274
20260701,医疗,体脂率正常值范围是多少,178,20260701,9275
20260701,医疗,发芽的红薯还能吃吗,178,20260701,9276
20260701,医疗,复方鲜竹沥口服液功效与作用,178,20260701,9277
20260701,医疗,知母,178,20260701,9278
20260701,医疗,血燥皮肤痒最快解决方法,178,20260701,9279
20260701,医疗,前列腺增大是怎么回事需要治疗吗,178,20260701,9280
20260701,医疗,洋蓟的功效和作用,178,20260701,9281
20260701,医疗,"口腔扁平苔藓是什么病,能否治愈?",178,20260701,9282
20260701,医疗,蜜蜂蛰了后红肿发硬发痒怎么办,178,20260701,9283
20260701,医疗,少商穴的准确位置图,178,20260701,9284
20260701,医疗,百合固金丸功效与主治,178,20260701,9285
20260701,医疗,苦荞茶能减肥吗瘦肚子,178,20260701,9286
20260701,医疗,脑梗和脑血栓有什么区别,178,20260701,9287
20260701,医疗,治疗,178,20260701,9288
20260701,医疗,慢性肾炎有哪些症状,178,20260701,9289
20260701,医疗,腿抽筋怎么办快速缓解小妙招,178,20260701,9290
20260701,医疗,慢性咽炎症状表现有哪些症状,177,20260701,9291
20260701,医疗,肚子左侧疼是怎么回事女性,177,20260701,9292
20260701,医疗,枸橼酸,177,20260701,9293
20260701,医疗,枸橼酸莫沙必利片的功效,177,20260701,9294
20260701,医疗,润燥止痒胶囊的作用与功效,177,20260701,9295
20260701,医疗,替格瑞洛,177,20260701,9296
20260701,医疗,止咳药哪个效果最好最快,177,20260701,9297
20260701,医疗,五指毛桃茯苓茶的功效和副作用,177,20260701,9298
20260701,医疗,高血脂是什么原因造成的,177,20260701,9299
20260701,医疗,麦滋林的作用与功效,177,20260701,9300
20260701,医疗,小排畸最佳检查时间多少周,177,20260701,9301
20260701,医疗,扁平足能治好吗能纠正过来吗,177,20260701,9302
20260701,医疗,人的心脏在哪边,177,20260701,9303
20260701,医疗,一直咳嗽不停的咳嗽是什么原因,177,20260701,9304
20260701,医疗,孩子发烧怎么快速退烧,177,20260701,9305
20260701,医疗,牙龈出血是什么病的前兆,177,20260701,9306
20260701,医疗,人参玉竹丸能降血糖吗真的假的,177,20260701,9307
20260701,医疗,脑死亡还有救治的可能吗,177,20260701,9308
20260701,医疗,枸橼酸钾颗粒作用与功效,177,20260701,9309
20260701,医疗,沙美特罗替卡松吸入粉雾剂使用方法,177,20260701,9310
20260701,医疗,十个信号说明你怀孕了,177,20260701,9311
20260701,医疗,聚乙二醇钠钾治便秘效果好吗,177,20260701,9312
20260701,医疗,我武生物,177,20260701,9313
20260701,医疗,气血不足喝什么药补气血最好,177,20260701,9314
20260701,医疗,隐匿性阴痉必须要做手术吗,177,20260701,9315
20260701,医疗,醋莪术的功效与作用,177,20260701,9316
20260701,医疗,夫西地酸乳膏是激素药吗,177,20260701,9317
20260701,医疗,斜方肌,177,20260701,9318
20260701,医疗,三拗片的作用与功效,177,20260701,9319
20260701,医疗,柴胡疏肝散,177,20260701,9320
20260701,医疗,氨基寡糖素的作用与功效,177,20260701,9321
20260701,医疗,肱二头肌,177,20260701,9322
20260701,医疗,制吴茱萸的功效与作用,177,20260701,9323
20260701,医疗,测量血压是左手还是右手准确,177,20260701,9324
20260701,医疗,水痘用什么药最快治好,177,20260701,9325
20260701,医疗,孕妇血糖正常值范围,177,20260701,9326
20260701,医疗,女贞子泡水喝能治白头发吗,177,20260701,9327
20260701,医疗,骶管囊肿是什么意思,177,20260701,9328
20260701,医疗,夏天无功效作用与主治,177,20260701,9329
20260701,医疗,下面外面长了像痘痘一样的硬疙瘩,177,20260701,9330
20260701,医疗,护士给病人做性功能康复治疗,177,20260701,9331
20260701,医疗,迷药,177,20260701,9332
20260701,医疗,麝香保心丸,177,20260701,9333
20260701,医疗,盐酸西替利嗪片的功效与作用,177,20260701,9334
20260701,医疗,宫颈糜烂怎么治疗才能彻底除根,177,20260701,9335
20260701,医疗,黑豆水的功效和作用,177,20260701,9336
20260701,医疗,联苯双酯滴丸的功效与作用,177,20260701,9337
20260701,医疗,血压正常范围多少,177,20260701,9338
20260701,医疗,冠心病一般能活几年,177,20260701,9339
20260701,医疗,做试管婴儿的全部费用大概是多少,177,20260701,9340
20260701,医疗,牛肉不能和什么食物一起吃,177,20260701,9341
20260701,医疗,参麦静脉注射的功效与作用,177,20260701,9342
20260701,医疗,脯氨酸恒格净片的作用与功效,177,20260701,9343
20260701,医疗,阴虚火旺的女人该怎么调理身体,177,20260701,9344
20260701,医疗,退热贴一般贴几个小时,177,20260701,9345
20260701,医疗,总胆固醇高吃什么能降下来,177,20260701,9346
20260701,医疗,甘油三酯高的危害有哪些,177,20260701,9347
20260701,医疗,小腹痛隐隐作痛什么原因,177,20260701,9348
20260701,医疗,糠酸莫米松鼻喷雾剂,177,20260701,9349
20260701,医疗,贝优典蔓越莓能治尿频尿急吗,177,20260701,9350
20260701,医疗,一型和二型糖尿病有什么区别,177,20260701,9351
20260701,医疗,脚气是怎么来的什么原因引起的,177,20260701,9352
20260701,医疗,尿酮体阳性代表什么病,177,20260701,9353
20260701,医疗,肝,177,20260701,9354
20260701,医疗,红花泡水喝有什么功效和作用,177,20260701,9355
20260701,医疗,舌头疼是怎么回事,177,20260701,9356
20260701,医疗,南瓜子吃了有什么好处和坏处,177,20260701,9357
20260701,医疗,苓桂术甘汤,177,20260701,9358
20260701,医疗,憩室是什么意思,177,20260701,9359
20260701,医疗,医院挂号网上预约,177,20260701,9360
20260701,医疗,急性荨麻疹是什么原因引起的,177,20260701,9361
20260701,医疗,蛋白粉,177,20260701,9362
20260701,医疗,一岁半宝宝身高体重标准,177,20260701,9363
20260701,医疗,尿酸高吃什么药降尿酸效果好,177,20260701,9364
20260701,医疗,丙氨酸氨基转移酶高是哪里出问题了,177,20260701,9365
20260701,医疗,木瓜的功效与作用主要治什么病,177,20260701,9366
20260701,医疗,hpv是性病吗,176,20260701,9367
20260701,医疗,蜂蜜水能治便秘吗,176,20260701,9368
20260701,医疗,丹参粉的功效与作用,176,20260701,9369
20260701,医疗,经常拉肚子怎么回事哪里出问题了,176,20260701,9370
20260701,医疗,茯苓膏的功效与作用,176,20260701,9371
20260701,医疗,杨梅是凉性还是热性,176,20260701,9372
20260701,医疗,雷贝拉唑钠肠溶片饭前吃还是饭后吃,176,20260701,9373
20260701,医疗,胰腺炎寿命一般多少年,176,20260701,9374
20260701,医疗,九制黄精的功效和作用及禁忌,176,20260701,9375
20260701,医疗,乙肝核心抗体高是什么意思,176,20260701,9376
20260701,医疗,桂枝茯苓丸组成配方,176,20260701,9377
20260701,医疗,左手臂疼痛应警惕的病,176,20260701,9378
20260701,医疗,颈椎病怎样治疗效果最好,176,20260701,9379
20260701,医疗,巴西莓粉的功效与作用,176,20260701,9380
20260701,医疗,蓝莓是热性还是凉性,176,20260701,9381
20260701,医疗,尿隐血3个十号是怎么回事,176,20260701,9382
20260701,医疗,空腹血糖10点多严重吗应该怎么办,176,20260701,9383
20260701,医疗,37.5度算发烧吗,176,20260701,9384
20260701,医疗,甲功三项能检查出什么病,176,20260701,9385
20260701,医疗,霉菌性妇科炎症是怎么引起的,176,20260701,9386
20260701,医疗,甲沟炎用的药膏有哪些,176,20260701,9387
20260701,医疗,西安国际医学中心医院,176,20260701,9388
20260701,医疗,身痛逐瘀汤组成配方,176,20260701,9389
20260701,医疗,囟门多久闭合算正常,176,20260701,9390
20260701,医疗,黄莲上清片的功效与作用效果怎么样,176,20260701,9391
20260701,医疗,女性吃伟哥会怎么样?,176,20260701,9392
20260701,医疗,怀孕几个月才能生下来,176,20260701,9393
20260701,医疗,特应性皮炎是什么病,176,20260701,9394
20260701,医疗,反流性食管炎,176,20260701,9395
20260701,医疗,消遥丸的作用与功效是什么,176,20260701,9396
20260701,医疗,霉茶叶的功效与副作用,176,20260701,9397
20260701,医疗,山药粉的功效与作用,176,20260701,9398
20260701,医疗,卡马西平片功能主治用法用量,176,20260701,9399
20260701,医疗,多替诺雷,176,20260701,9400
20260701,医疗,甲减能不能彻底治好,176,20260701,9401
20260701,医疗,浮萍的功效与作用,176,20260701,9402
20260701,医疗,盐酸特比萘芬乳膏,176,20260701,9403
20260701,医疗,维生素B6,176,20260701,9404
20260701,医疗,补铁的药物有哪些效果最好,176,20260701,9405
20260701,医疗,子痫是什么病,176,20260701,9406
20260701,医疗,下面有异味是什么原因,176,20260701,9407
20260701,医疗,腋下出汗有异味怎么办,176,20260701,9408
20260701,医疗,济南市第一人民医院,176,20260701,9409
20260701,医疗,钾的作用与功效,176,20260701,9410
20260701,医疗,大便拉不出来怎么办最快方法,176,20260701,9411
20260701,医疗,脚背痒是什么原因.越抓越痒,176,20260701,9412
20260701,医疗,霍香清胃丸的配方,176,20260701,9413
20260701,医疗,青蒿素,176,20260701,9414
20260701,医疗,枸杞的作用与功效,176,20260701,9415
20260701,医疗,脑卒中什么意思,176,20260701,9416
20260701,医疗,天王补心丸的十大功效,176,20260701,9417
20260701,医疗,骑自行车能减肥吗,175,20260701,9418
20260701,医疗,深海鱼油软胶囊的主要功效与作用,175,20260701,9419
20260701,医疗,羊肉汤的功效和作用,175,20260701,9420
20260701,医疗,药物制剂,175,20260701,9421
20260701,医疗,咳嗽咳出血是什么原因,175,20260701,9422
20260701,医疗,四宝茶的配方和功效与作用,175,20260701,9423
20260701,医疗,左腹部疼痛男性什么原因,175,20260701,9424
20260701,医疗,太溪的位置与作用和功效,175,20260701,9425
20260701,医疗,养心氏片的功效和作用,175,20260701,9426
20260701,医疗,无创dna检测需要多少钱,175,20260701,9427
20260701,医疗,胃动力不足的表现和症状有哪些,175,20260701,9428
20260701,医疗,布地格福吸入气雾剂作用功效,175,20260701,9429
20260701,医疗,苏黄止咳胶囊,175,20260701,9430
20260701,医疗,甜蜜素对人的危害有哪些,175,20260701,9431
20260701,医疗,尿糖4十严重吗怎么治疗,175,20260701,9432
20260701,医疗,苹果山楂红枣陈皮茶的功效与作用,175,20260701,9433
20260701,医疗,匹维溴铵片饭前吃还是饭后吃,175,20260701,9434
20260701,医疗,脑动脉硬化是怎么回事,175,20260701,9435
20260701,医疗,渐冻症是什么病?,175,20260701,9436
20260701,医疗,水飞蓟,175,20260701,9437
20260701,医疗,杏子是寒性还是凉性,175,20260701,9438
20260701,医疗,叶酸片每天吃几片,175,20260701,9439
20260701,医疗,"紫癜是怎么引起的,什么症状,怎么治疗",175,20260701,9440
20260701,医疗,艾米替诺福韦片功效与副作用,175,20260701,9441
20260701,医疗,颞,175,20260701,9442
20260701,医疗,百合是热性还是凉性,175,20260701,9443
20260701,医疗,桉柠蒎肠溶软胶囊,175,20260701,9444
20260701,医疗,盐酸达克罗宁胶的作用与功效,175,20260701,9445
20260701,医疗,过敏源检测一共多少项多少钱,175,20260701,9446
20260701,医疗,埃博拉,175,20260701,9447
20260701,医疗,熟地功效作用与主治,175,20260701,9448
20260701,医疗,荔枝核的功效作用与主治,175,20260701,9449
20260701,医疗,盐酸凯普拉生片的功效及副作用,175,20260701,9450
20260701,医疗,血脂康和他汀哪个降血脂的效果好,175,20260701,9451
20260701,医疗,他克莫司软膏,175,20260701,9452
20260701,医疗,肝区疼痛位置图,175,20260701,9453
20260701,医疗,做核磁共振对人体的伤害有多大,175,20260701,9454
20260701,医疗,蛔虫,175,20260701,9455
20260701,医疗,女性细菌性阴炎用什么药效果最好,175,20260701,9456
20260701,医疗,榴莲的功效和营养价值和作用,175,20260701,9457
20260701,医疗,心肌缺血是什么原因造成的,175,20260701,9458
20260701,医疗,枳实,175,20260701,9459
20260701,医疗,磺胺类药物有哪些药,175,20260701,9460
20260701,医疗,北京阜外医院看心脏最好的专家,175,20260701,9461
20260701,医疗,踮脚尖的好处功效与作用,175,20260701,9462
20260701,医疗,黑枸杞,175,20260701,9463
20260701,医疗,菊花枸杞茶的功效与作用,175,20260701,9464
20260701,医疗,手腕腱鞘炎怎么治疗最快最有效,175,20260701,9465
20260701,医疗,喝蜂蜜有什么好处与功效和作用,175,20260701,9466
20260701,医疗,传染性软疣图片,175,20260701,9467
20260701,医疗,肠炎宁片饭前吃还是饭后吃,175,20260701,9468
20260701,医疗,达利雷生片功效与作用,175,20260701,9469
20260701,医疗,羊肉的禁忌及相克食物,175,20260701,9470
20260701,医疗,口角炎用什么药最快最有效,175,20260701,9471
20260701,医疗,竹盐的功效与作用,175,20260701,9472
20260701,医疗,安定,175,20260701,9473
20260701,医疗,上海新华医院,175,20260701,9474
20260701,医疗,心口痛一阵一阵的痛什么原因,175,20260701,9475
20260701,医疗,血糖偏高怎么调理能恢复正常,175,20260701,9476
20260701,医疗,脉管炎是什么症状,175,20260701,9477
20260701,医疗,易善复的作用和功效及副作用,175,20260701,9478
20260701,医疗,同房出血淡红色什么原因,175,20260701,9479
20260701,医疗,肾炎吃什么药最好最有效,175,20260701,9480
20260701,医疗,乳腺结节1—5类对照表,175,20260701,9481
20260701,医疗,己酮可可碱的作用与功效,175,20260701,9482
20260701,医疗,鸡蛋和鸭蛋哪个营养价值高,174,20260701,9483
20260701,医疗,三九感冒灵颗粒的功效与作用,174,20260701,9484
20260701,医疗,晚上睡觉腿抽筋是什么原因引起的,174,20260701,9485
20260701,医疗,子宫内膜异位症,174,20260701,9486
20260701,医疗,阿莫西林是消炎药还是抗生素,174,20260701,9487
20260701,医疗,追风透骨丸的功效与作用,174,20260701,9488
20260701,医疗,头皮银屑病的症状图片,174,20260701,9489
20260701,医疗,抗链球菌溶血素o高是什么原因,174,20260701,9490
20260701,医疗,男性睾丸疼痛什么原因,174,20260701,9491
20260701,医疗,石斛原浆能降高血糖吗,174,20260701,9492
20260701,医疗,炎可宁片的作用与功效,174,20260701,9493
20260701,医疗,肛门痒是什么原因怎么治疗,174,20260701,9494
20260701,医疗,马应龙麝香痔疮膏怎么用一天几次,174,20260701,9495
20260701,医疗,心跳快心慌胸闷气短焦虑,174,20260701,9496
20260701,医疗,沙棘汁的功效作用与主治,174,20260701,9497
20260701,医疗,阿奇霉素干混悬剂0.1g儿童用量一天几次,174,20260701,9498
20260701,医疗,山药长芽还能吃了吗,174,20260701,9499
20260701,医疗,糖宝宝是一种什么病,174,20260701,9500
20260701,医疗,"做完肠息肉多久能吃东西,能吃些什么",174,20260701,9501
20260701,医疗,迈之灵片,174,20260701,9502
20260701,医疗,fnh医学上是什么意思,174,20260701,9503
20260701,医疗,试纸多少天可以测出怀孕,174,20260701,9504
20260701,医疗,尔康制药,174,20260701,9505
20260701,医疗,碱性食物有哪些十大碱性食物排名,174,20260701,9506
20260701,医疗,腓骨在哪个位置,174,20260701,9507
20260701,医疗,视力正常标准是多少,174,20260701,9508
20260701,医疗,肾阴虚和肾阳虚的主要区别与症状,174,20260701,9509
20260701,医疗,碘甘油的作用和功效,174,20260701,9510
20260701,医疗,疖肿,174,20260701,9511
20260701,医疗,舌头痛什么原因,174,20260701,9512
20260701,医疗,一直打嗝不停怎么解决,174,20260701,9513
20260701,医疗,车厘子的营养和功效与作用,174,20260701,9514
20260701,医疗,根管治疗后不戴牙冠可以吗,174,20260701,9515
20260701,医疗,白发变黑发最好最有效的方法,174,20260701,9516
20260701,医疗,湿疹怎么治疗才能彻底除根,174,20260701,9517
20260701,医疗,"hpv51阳性是什么意思,严重吗",174,20260701,9518
20260701,医疗,番泻叶,174,20260701,9519
20260701,医疗,耳朵疼怎么办耳朵里面疼,174,20260701,9520
20260701,医疗,乳酸脱氢酶,174,20260701,9521
20260701,医疗,尿毒症是什么病情引起的原因,174,20260701,9522
20260701,医疗,功能性消化不良的主要症状,174,20260701,9523
20260701,医疗,减肥操,174,20260701,9524
20260701,医疗,金钱草颗粒的功效与作用,174,20260701,9525
20260701,医疗,女性阴内豆腐渣状分泌物怎么回事,174,20260701,9526
20260701,医疗,舌苔黄厚腻是什么原因,174,20260701,9527
20260701,医疗,拉肚子吃什么药,174,20260701,9528
20260701,医疗,糖尿病酮症酸中毒的临床表现,174,20260701,9529
20260701,医疗,包茎是什么样的症状图片,174,20260701,9530
20260701,医疗,内庭穴位的准确位置,174,20260701,9531
20260701,医疗,q10辅酶的功效和吃法,174,20260701,9532
20260701,医疗,氨酚羟考酮片作用与功效,174,20260701,9533
20260701,医疗,番薯发芽可以吃吗,174,20260701,9534
20260701,医疗,"白喉病是什么病,有什么症状",174,20260701,9535
20260701,医疗,舌尖麻木是什么原因引起的,174,20260701,9536
20260701,医疗,杜冷丁的作用及功效是什么,174,20260701,9537
20260701,医疗,脉搏在50～60算正常吗,174,20260701,9538
20260701,医疗,低分化腺癌是什么意思,174,20260701,9539
20260701,医疗,舒肝康胶囊的功效与作用,174,20260701,9540
20260701,医疗,查肝功能需要空腹吗,174,20260701,9541
20260701,医疗,脂肪肝吃什么药最好最快最有效,174,20260701,9542
20260701,医疗,幼儿急疹,174,20260701,9543
20260701,医疗,桦树汁的功效和副作用,174,20260701,9544
20260701,医疗,腿疼是怎么回事什么原因引起的,174,20260701,9545
20260701,医疗,颈椎病有哪些症状,173,20260701,9546
20260701,医疗,青霉素v钾片功能主治,173,20260701,9547
20260701,医疗,了哥王的功效与作用,173,20260701,9548
20260701,医疗,葫芦茶的功效与作用,173,20260701,9549
20260701,医疗,九蒸九晒黄芪精的功效与作用,173,20260701,9550
20260701,医疗,豆芽的功效与作用,173,20260701,9551
20260701,医疗,肩膀疼痛怎么治疗最快最好,173,20260701,9552
20260701,医疗,半月板的位置图片,173,20260701,9553
20260701,医疗,替米沙坦片正确吃法,173,20260701,9554
20260701,医疗,生地,173,20260701,9555
20260701,医疗,炙甘草汤,173,20260701,9556
20260701,医疗,火麻仁,173,20260701,9557
20260701,医疗,"容易出汗,一动就出汗是什么原因?",173,20260701,9558
20260701,医疗,pcr是什么意思,173,20260701,9559
20260701,医疗,短效避孕药,173,20260701,9560
20260701,医疗,狐臭会传染给别人吗,173,20260701,9561
20260701,医疗,"窦性心动过速是什么病,危险吗",173,20260701,9562
20260701,医疗,精神分裂症是什么原因引起的,173,20260701,9563
20260701,医疗,姨腺癌早期有什么症状如何预防胰腺癌,173,20260701,9564
20260701,医疗,黄金蕊的功效与作用,173,20260701,9565
20260701,医疗,冷冻针冻死肿瘤是真的吗,173,20260701,9566
20260701,医疗,利福昔明片的作用和功效,173,20260701,9567
20260701,医疗,运动康复,173,20260701,9568
20260701,医疗,后脑勺疼是什么原因,173,20260701,9569
20260701,医疗,醋龟甲的功效与作用,173,20260701,9570
20260701,医疗,喝茶叶对身体有哪些好处和坏处,173,20260701,9571
20260701,医疗,缬沙坦氨氯地平片(1)的功效与作用,173,20260701,9572
20260701,医疗,葡萄糖酸锌片作用与功效男性吃,173,20260701,9573
20260701,医疗,乳房胀痛什么原因导致的,173,20260701,9574
20260701,医疗,柴胡的功效与作用与主治,173,20260701,9575
20260701,医疗,全鹿丸的功效与作用,173,20260701,9576
20260701,医疗,大连医科大学附属第一医院,173,20260701,9577
20260701,医疗,正红花油的功效与作用,173,20260701,9578
20260701,医疗,舌头,173,20260701,9579
20260701,医疗,夏天脚凉脚冷是什么原因,173,20260701,9580
20260701,医疗,肌肉,173,20260701,9581
20260701,医疗,私处长白毛是什么原因女性,173,20260701,9582
20260701,医疗,咪唑斯汀缓释片的功效与作用,173,20260701,9583
20260701,医疗,痰湿脾虚湿气重的最好中成药,173,20260701,9584
20260701,医疗,早上空腹血糖正常值范围,173,20260701,9585
20260701,医疗,痈,173,20260701,9586
20260701,医疗,精囊炎症状表现有哪些,173,20260701,9587
20260701,医疗,瑞舒伐他汀,173,20260701,9588
20260701,医疗,烂嘴角是什么原因引起的怎么治,173,20260701,9589
20260701,医疗,同房多久才能测出来怀孕,173,20260701,9590
20260701,医疗,心绞痛有什么症状和感觉,173,20260701,9591
20260701,医疗,小肠疝气最简单的消除方法是什么,173,20260701,9592
20260701,医疗,手腕疼一般是什么原因,173,20260701,9593
20260701,医疗,夏桑菊颗粒的功效与作用,173,20260701,9594
20260701,医疗,辟谷什么意思,173,20260701,9595
20260701,医疗,hiv初期小红点照片,173,20260701,9596
20260701,医疗,犀牛角的功能与用途,173,20260701,9597
20260701,医疗,神经性头痛怎么治疗最好的方法,173,20260701,9598
20260701,医疗,阿普唑仑片是安眠还是焦虑药,173,20260701,9599
20260701,医疗,大肠杆菌感染的症状有哪些,173,20260701,9600
20260701,医疗,人体正常体温是多少度,173,20260701,9601
20260701,医疗,交感神经兴奋的症状与表现,173,20260701,9602
20260701,医疗,乔麦枕真的可以养生吗,173,20260701,9603
20260701,医疗,男人结扎对性功能有影响吗,173,20260701,9604
20260701,医疗,慢性萎缩性胃炎c1型严重吗怎么治,173,20260701,9605
20260701,医疗,mds是什么病,173,20260701,9606
20260701,医疗,苹果是热性还是凉性,173,20260701,9607
20260701,医疗,水肿是什么原因引起的如何消肿,173,20260701,9608
20260701,医疗,包菜的功效与作用,173,20260701,9609
20260701,医疗,炒山楂的功效与作用,173,20260701,9610
20260701,医疗,晚上睡眠不好有什么办法可以解决,173,20260701,9611
20260701,医疗,去湿气喝什么茶最好最快的方法,173,20260701,9612
20260701,医疗,喉癌可以治愈吗能活多久,173,20260701,9613
20260701,医疗,黑棘皮病脖子发黑怎么治,172,20260701,9614
20260701,医疗,中成药是什么意思,172,20260701,9615
20260701,医疗,紫苏籽油的功效,172,20260701,9616
20260701,医疗,前列腺癌晚期骨转移一般能活几年,172,20260701,9617
20260701,医疗,抑郁焦虑症怎么治疗最快恢复,172,20260701,9618
20260701,医疗,急性肠胃炎一般几天才能恢复正常,172,20260701,9619
20260701,医疗,麦片升血糖还是降糖,172,20260701,9620
20260701,医疗,鬼压床,172,20260701,9621
20260701,医疗,神阙穴,172,20260701,9622
20260701,医疗,腰疼,172,20260701,9623
20260701,医疗,38℃算发烧吗,172,20260701,9624
20260701,医疗,老鹰茶的功效和作用,172,20260701,9625
20260701,医疗,25羟基维生素D偏低,172,20260701,9626
20260701,医疗,同方利多对男性功效,172,20260701,9627
20260701,医疗,皮赘和疣的区别图片,172,20260701,9628
20260701,医疗,菜籽油的功效与作用,172,20260701,9629
20260701,医疗,麻醉药对身体有哪些副作用,172,20260701,9630
20260701,医疗,百香果的功效与作用,172,20260701,9631
20260701,医疗,怀孕多久做人流最好最佳的时间,172,20260701,9632
20260701,医疗,贝贝小南瓜的功效与作用,172,20260701,9633
20260701,医疗,全瓜蒌的功效与作用,172,20260701,9634
20260701,医疗,多替诺雷为何不建议吃,172,20260701,9635
20260701,医疗,女性下边一阵一阵收缩怎么回事啊,172,20260701,9636
20260701,医疗,百蕊颗粒功效与作用,172,20260701,9637
20260701,医疗,心动过缓的原因及危害,172,20260701,9638
20260701,医疗,青霉素皮试液的配制,172,20260701,9639
20260701,医疗,阿司匹林的副作用与危害,172,20260701,9640
20260701,医疗,磷虾油的作用及功能主治是什么,172,20260701,9641
20260701,医疗,儿童换牙齿的年龄和顺序,172,20260701,9642
20260701,医疗,结膜炎是什么原因引起的呢,172,20260701,9643
20260701,医疗,月经推迟是什么原因导致的,172,20260701,9644
20260701,医疗,澳洋健康,172,20260701,9645
20260701,医疗,尿道刺痛什么原因,172,20260701,9646
20260701,医疗,四季豆没炒熟会中毒吗,172,20260701,9647
20260701,医疗,脸上起红疹子发痒是什么原因,172,20260701,9648
20260701,医疗,俯卧撑正确姿势,172,20260701,9649
20260701,医疗,拔罐,172,20260701,9650
20260701,医疗,呼吸不畅感觉气堵塞就像憋气一样怎么办,172,20260701,9651
20260701,医疗,金枪鱼的营养价值及功效,172,20260701,9652
20260701,医疗,慢性萎缩性胃炎,172,20260701,9653
20260701,医疗,bmi体重计算方法,172,20260701,9654
20260701,医疗,肝胃不和的表现和症状,172,20260701,9655
20260701,医疗,指甲花图片功效与作用,172,20260701,9656
20260701,医疗,阴囊湿疹图片,172,20260701,9657
20260701,医疗,壮阳药哪个效果最好,172,20260701,9658
20260701,医疗,深蹲的正确姿势,172,20260701,9659
20260701,医疗,复方地西泮片的主要作用是( ),172,20260701,9660
20260701,医疗,远志,172,20260701,9661
20260701,医疗,头孢克肟分散片的作用及功效,172,20260701,9662
20260701,医疗,手臂疼痛可能有三种病症,172,20260701,9663
20260701,医疗,室性早搏是怎么回事,172,20260701,9664
20260701,医疗,"心慌气短,感觉喘不上气来,是咋回事",172,20260701,9665
20260701,医疗,起床头眩晕是什么原因引起的,172,20260701,9666
20260701,医疗,猪血的功效与作用,172,20260701,9667
20260701,医疗,成都华西医院,172,20260701,9668
20260701,医疗,头疼的厉害感觉快炸了怎么办,172,20260701,9669
20260701,医疗,昂伟达的功效和副作用,172,20260701,9670
20260701,医疗,"子宫囊肿是什么病严重吗,怎么治疗?",172,20260701,9671
20260701,医疗,两癌筛查主要查什么,172,20260701,9672
20260701,医疗,床上有虫子咬人很痒用什么药除虫,172,20260701,9673
20260701,医疗,嗜睡,172,20260701,9674
20260701,医疗,保心丸的功效与作用,172,20260701,9675
20260701,医疗,糖尿病的并发症都有哪些,172,20260701,9676
20260701,医疗,射血分数正常是多少,172,20260701,9677
20260701,医疗,左侧肋骨下方隐痛要警惕三种病,172,20260701,9678
20260701,医疗,排卵期出血,171,20260701,9679
20260701,医疗,舌头疼是什么原因引起的,171,20260701,9680
20260701,医疗,手足口病症状,171,20260701,9681
20260701,医疗,氟轻松软膏的作用与功效,171,20260701,9682
20260701,医疗,男性阳委不举吃什么药最有疗效,171,20260701,9683
20260701,医疗,眉豆的功效与作用,171,20260701,9684
20260701,医疗,胆管癌早期症状和前兆,171,20260701,9685
20260701,医疗,做肠镜需要多少钱,171,20260701,9686
20260701,医疗,羟氯喹的作用和功效,171,20260701,9687
20260701,医疗,ast/alt偏高说明什么,171,20260701,9688
20260701,医疗,十全大补汤配方,171,20260701,9689
20260701,医疗,达格列净二甲双胍缓释片,171,20260701,9690
20260701,医疗,无花果的汁液可以治白癜风吗,171,20260701,9691
20260701,医疗,甲硝锉,171,20260701,9692
20260701,医疗,金匮肾气丸功能与主治,171,20260701,9693
20260701,医疗,奥卡西平片的功能主治是什么,171,20260701,9694
20260701,医疗,吃什么补气血最快效果最好,171,20260701,9695
20260701,医疗,管状腺瘤伴低级别上皮内瘤变严重吗,171,20260701,9696
20260701,医疗,腰疼吃什么药最有效最快,171,20260701,9697
20260701,医疗,迎香穴位置图,171,20260701,9698
20260701,医疗,血塞通真的能打通血管堵塞吗,171,20260701,9699
20260701,医疗,甲亢能彻底治愈吗,171,20260701,9700
20260701,医疗,"手抽筋什么原因引起的,怎么解决",171,20260701,9701
20260701,医疗,痰热清注射功效与作用,171,20260701,9702
20260701,医疗,腰椎盘突出压迫神经屁股到大腿根窜麻疼到脚底,171,20260701,9703
20260701,医疗,左眼跳,171,20260701,9704
20260701,医疗,皮内注射角度和部位,171,20260701,9705
20260701,医疗,脊髓炎的症状和治疗,171,20260701,9706
20260701,医疗,37.7算低烧还是高烧,171,20260701,9707
20260701,医疗,蒲公英茶的功效作用与主治,171,20260701,9708
20260701,医疗,晚上不吃饭真的能瘦下来吗,171,20260701,9709
20260701,医疗,急性白血病可以治愈吗,171,20260701,9710
20260701,医疗,热疹症状图片,171,20260701,9711
20260701,医疗,蜂花粉的功效与作用,171,20260701,9712
20260701,医疗,黄油的功效与作用,171,20260701,9713
20260701,医疗,西藏药业,171,20260701,9714
20260701,医疗,茶色素的功效与作用,171,20260701,9715
20260701,医疗,膝关节积液水肿怎么治疗最快最好的办法,171,20260701,9716
20260701,医疗,牛磺酸,171,20260701,9717
20260701,医疗,金樱子的功效与作用,171,20260701,9718
20260701,医疗,复方金银花颗粒的功效与作用,171,20260701,9719
20260701,医疗,牙疼吃什么药,171,20260701,9720
20260701,医疗,流感,171,20260701,9721
20260701,医疗,劳拉西泮片,171,20260701,9722
20260701,医疗,人粒细胞刺激因子的作用与功效,171,20260701,9723
20260701,医疗,远志的功效与作用,171,20260701,9724
20260701,医疗,过敏性鼻炎,171,20260701,9725
20260701,医疗,查甲状腺应该挂什么科,171,20260701,9726
20260701,医疗,乳清蛋白粉的功效与作用,171,20260701,9727
20260701,医疗,蛇胆疮的图片和症状,171,20260701,9728
20260701,医疗,黄精的功效,171,20260701,9729
20260701,医疗,氨酚黄那敏颗粒的作用与功效,171,20260701,9730
20260701,医疗,胎停了有什么明显症状,171,20260701,9731
20260701,医疗,左眼跳是怎么回事预兆女,170,20260701,9732
20260701,医疗,广誉远,170,20260701,9733
20260701,医疗,拜复乐的作用与功效,170,20260701,9734
20260701,医疗,红薯叶的功效与作用及营养价值,170,20260701,9735
20260701,医疗,hpv是啥意思是什么病,170,20260701,9736
20260701,医疗,红细胞平均体积偏低是怎么回事,170,20260701,9737
20260701,医疗,心慌心跳加速焦虑不安怎么回事,170,20260701,9738
20260701,医疗,芭乐水果的功效与作用,170,20260701,9739
20260701,医疗,虎耳草的功效与作用,170,20260701,9740
20260701,医疗,盐酸左氧氟沙星胶囊一次吃几粒,170,20260701,9741
20260701,医疗,免疫治疗肿瘤效果好吗,170,20260701,9742
20260701,医疗,汗斑,170,20260701,9743
20260701,医疗,合谷穴在哪个位置图片,170,20260701,9744
20260701,医疗,蜱虫咬人后有什么症状,170,20260701,9745
20260701,医疗,囊肿怎么消除最好的方法,170,20260701,9746
20260701,医疗,脑瘫的症状表现有哪些,170,20260701,9747
20260701,医疗,易善复的功效与作用,170,20260701,9748
20260701,医疗,桂圆肉的功效与作用,170,20260701,9749
20260701,医疗,载脂蛋白b偏低是什么意思,170,20260701,9750
20260701,医疗,尿液发红褐色怎么回事,170,20260701,9751
20260701,医疗,虫草,170,20260701,9752
20260701,医疗,肝病有什么症状早期有什么症状,170,20260701,9753
20260701,医疗,血栓是怎么回事血栓是怎么形成的,170,20260701,9754
20260701,医疗,肛裂是什么症状,170,20260701,9755
20260701,医疗,体脂率在线计算器,170,20260701,9756
20260701,医疗,肚子疼怎么缓解最快方法,170,20260701,9757
20260701,医疗,手指关节疼是什么原因,170,20260701,9758
20260701,医疗,丝瓜络的功效与作用,170,20260701,9759
20260701,医疗,刨腹产,170,20260701,9760
20260701,医疗,狗尾草的功效与作用,170,20260701,9761
20260701,医疗,菟丝子图片,170,20260701,9762
20260701,医疗,12320预约挂号网,170,20260701,9763
20260701,医疗,四妙丸,170,20260701,9764
20260701,医疗,华森制药,170,20260701,9765
20260701,医疗,跳绳有什么好处和作用,170,20260701,9766
20260701,医疗,肺心病的主要症状,170,20260701,9767
20260701,医疗,"嘴巴苦,口干,口臭是什么原因",170,20260701,9768
20260701,医疗,保和丸饭前服还是饭后服效果好,170,20260701,9769
20260701,医疗,吃避孕药后几天下面流血是月经吗,170,20260701,9770
20260701,医疗,23价肺炎疫苗有没有必要打,170,20260701,9771
20260701,医疗,尿蛋白十一是什么意思,170,20260701,9772
20260701,医疗,美林,170,20260701,9773
20260701,医疗,颈椎病的最好治疗方法,170,20260701,9774
20260701,医疗,芹菜叶尽量少吃最好不吃,170,20260701,9775
20260701,医疗,心内科主要看什么,170,20260701,9776
20260701,医疗,呼吸频率正常值是多少,170,20260701,9777
20260701,医疗,反胃恶心想吐是什么原因,170,20260701,9778
20260701,医疗,昆药集团,170,20260701,9779
20260701,医疗,心跳快是什么原因造成的,170,20260701,9780
20260701,医疗,吃榴莲能喝酒吗,170,20260701,9781
20260701,医疗,云南白药保险子的作用和用法,170,20260701,9782
20260701,医疗,肛门潮湿瘙痒是怎么回事男性,170,20260701,9783
20260701,医疗,嗜酸性粒细胞百分比偏高说明什么,170,20260701,9784
20260701,医疗,体重指数,170,20260701,9785
20260701,医疗,正常尿酸应该是多少,170,20260701,9786
20260701,医疗,叶非舒丁是什么药,170,20260701,9787
20260701,医疗,肝阳上亢的表现症状,170,20260701,9788
20260701,医疗,舌头上有裂纹是什么原因,170,20260701,9789
20260701,医疗,玉屏风颗粒的功效与作用,170,20260701,9790
20260701,医疗,"男人有更年期吗,有什么症状",170,20260701,9791
20260701,医疗,毛冬青的功效与作用的功能与主治,170,20260701,9792
20260701,医疗,避孕药什么时候吃有效,170,20260701,9793
20260701,医疗,生姜发芽还能吃吗,170,20260701,9794
20260701,医疗,车前子,170,20260701,9795
20260701,医疗,做人流手术需要多少钱费用,170,20260701,9796
20260701,医疗,被虫子咬了红肿很硬痒怎么办,169,20260701,9797
20260701,医疗,黄芪有什么作用和功效,169,20260701,9798
20260701,医疗,甘油三酯高吃什么食物降得最快最有效,169,20260701,9799
20260701,医疗,布洛芬混悬液发烧多少度可以喝,169,20260701,9800
20260701,医疗,氨基糖苷类抗生素有哪些,169,20260701,9801
20260701,医疗,金刚跪对身体有什么好处和功效,169,20260701,9802
20260701,医疗,葛根芩连片的功效与作用,169,20260701,9803
20260701,医疗,维生素c片的作用及功能主治,169,20260701,9804
20260701,医疗,步长脑心通的作用与功效,169,20260701,9805
20260701,医疗,山茱萸图片,169,20260701,9806
20260701,医疗,腐竹的营养价值及功效,169,20260701,9807
20260701,医疗,胆结石的表现症状有哪些症状,169,20260701,9808
20260701,医疗,兰索拉唑肠溶片饭前吃还是饭后吃,169,20260701,9809
20260701,医疗,被蜜蜂蛰了怎么处理,169,20260701,9810
20260701,医疗,通窍鼻炎片功效与作用,169,20260701,9811
20260701,医疗,黄瓜的营养价值及功效,169,20260701,9812
20260701,医疗,秋水健脾散功效与作用,169,20260701,9813
20260701,医疗,k2是什么维生素,169,20260701,9814
20260701,医疗,含钙高的有哪些食物,169,20260701,9815
20260701,医疗,血脂高是什么原因造成的,169,20260701,9816
20260701,医疗,高血糖吃什么药好得最快最有效,169,20260701,9817
20260701,医疗,杏是凉性还是热性的水果,169,20260701,9818
20260701,医疗,帕罗西汀,169,20260701,9819
20260701,医疗,辅酶q10的作用与功效,169,20260701,9820
20260701,医疗,白蒺藜的功效和作用,169,20260701,9821
20260701,医疗,糠酸莫米松乳膏是激素药吗,169,20260701,9822
20260701,医疗,脉搏110左右意味着什么,169,20260701,9823
20260701,医疗,金不换,169,20260701,9824
20260701,医疗,斯德哥尔摩综合征是啥意思,169,20260701,9825
20260701,医疗,水银温度计腋下几分钟,169,20260701,9826
20260701,医疗,豉翘清热颗粒功效与作用,169,20260701,9827
20260701,医疗,门冬氨酸钾镁的功效与作用,169,20260701,9828
20260701,医疗,尿液发红褐色怎么回事没有任何不适,169,20260701,9829
20260701,医疗,猪耳朵的功效与作用,169,20260701,9830
20260701,医疗,乳腺癌转移部位顺序,169,20260701,9831
20260701,医疗,山芋发芽能吃吗,169,20260701,9832
20260701,医疗,胃痞病是什么病,169,20260701,9833
20260701,医疗,叶黄素滴眼液对眼睛有什么好处和作用,169,20260701,9834
20260701,医疗,血糖高不能吃哪些东西和食物,169,20260701,9835
20260701,医疗,低血糖吃什么最快缓解,169,20260701,9836
20260701,医疗,漏斗胸,169,20260701,9837
20260701,医疗,苯甲酸钠对人体有害吗,169,20260701,9838
20260701,医疗,葡萄糖的作用与功效,169,20260701,9839
20260701,医疗,牙髓炎吃什么药最有效,169,20260701,9840
20260701,医疗,总胆红素高说明什么问题 严重吗,169,20260701,9841
20260701,医疗,小便时尿道有烧灼感是怎么回事,169,20260701,9842
20260701,医疗,肝掌,169,20260701,9843
20260701,医疗,多潘立酮片一次吃几粒,169,20260701,9844
20260701,医疗,眼睛散光怎么办才能恢复正常,169,20260701,9845
20260701,医疗,石斛的功效与作用主要治什么病,169,20260701,9846
20260701,医疗,雪莲花的功效与作用,169,20260701,9847
20260701,医疗,白血病能治好吗,169,20260701,9848
20260701,医疗,骨癌一般能活多久,169,20260701,9849
20260701,医疗,氨溴索的作用与功效,169,20260701,9850
20260701,医疗,西瓜热量,169,20260701,9851
20260701,医疗,龙血竭的功效与作用,169,20260701,9852
20260701,医疗,紫苏煮鸡蛋有什么功效和作用,169,20260701,9853
20260701,医疗,抗病毒药物哪些最好用,169,20260701,9854
20260701,医疗,西比灵一天吃几粒治头晕,169,20260701,9855
20260701,医疗,心慌气短胸闷焦虑四肢无力头晕怎么回事,169,20260701,9856
20260701,医疗,五指毛桃的功效与作用与主治,169,20260701,9857
20260701,医疗,支原体阳性妇科是什么原因造成的,169,20260701,9858
20260701,医疗,猪腰的功效与作用,169,20260701,9859
20260701,医疗,冬虫夏草在本草纲目上叫什么名字,169,20260701,9860
20260701,医疗,正常心率,169,20260701,9861
20260701,医疗,龙胆草,169,20260701,9862
20260701,医疗,阳痿吃什么好,169,20260701,9863
20260701,医疗,保和颗粒的功效与主治作用,169,20260701,9864
20260701,医疗,枸橼酸西地那非片副作用和危害,169,20260701,9865
20260701,医疗,咖啡喝多了对身体有什么影响吗,168,20260701,9866
20260701,医疗,复方石韦胶囊的功效与作用尿路感染,168,20260701,9867
20260701,医疗,脑梗挂号挂什么科室,168,20260701,9868
20260701,医疗,中毒,168,20260701,9869
20260701,医疗,伟哥能延时多久,168,20260701,9870
20260701,医疗,黄芩图片,168,20260701,9871
20260701,医疗,荷尔蒙是什么意思,168,20260701,9872
20260701,医疗,割痔疮需要住院多少天,168,20260701,9873
20260701,医疗,复方菠萝蛋白酶的功效与作用,168,20260701,9874
20260701,医疗,猴耳环消炎颗粒的功效与作用,168,20260701,9875
20260701,医疗,胃食管反流是什么原因引起的,168,20260701,9876
20260701,医疗,黑豆泡醋有什么功效和作用,168,20260701,9877
20260701,医疗,胃炎,168,20260701,9878
20260701,医疗,消积丸的功效与作用,168,20260701,9879
20260701,医疗,北京中医药大学东方医院,168,20260701,9880
20260701,医疗,葛根粉的功效与作用及食用方法,168,20260701,9881
20260701,医疗,沙参的功效与作用,168,20260701,9882
20260701,医疗,隐血阳性怎么回事,168,20260701,9883
20260701,医疗,达立通颗粒的功效与作用,168,20260701,9884
20260701,医疗,眼皮跳是因为什么原因引起的,168,20260701,9885
20260701,医疗,天津医科大学总医院,168,20260701,9886
20260701,医疗,茄子皮的作用与功效,168,20260701,9887
20260701,医疗,浑身痒越抓越痒是怎么回事,168,20260701,9888
20260701,医疗,上呼吸道感染,168,20260701,9889
20260701,医疗,风市穴准确位置图,168,20260701,9890
20260701,医疗,大便带血是什么原因男,168,20260701,9891
20260701,医疗,复方氨酚溴敏胶囊作用和功效,168,20260701,9892
20260701,医疗,接触性皮炎症状图片,168,20260701,9893
20260701,医疗,盘龙药业,168,20260701,9894
20260701,医疗,精神分裂症能恢复到正常人一样吗,168,20260701,9895
20260701,医疗,西地那非女性吃了有什么效果,168,20260701,9896
20260701,医疗,人工心脏费用,168,20260701,9897
20260701,医疗,胃酸吃什么药好得快效果最好,168,20260701,9898
20260701,医疗,排卵期出血一般持续几天,168,20260701,9899
20260701,医疗,玉蝴蝶的作用与功效,168,20260701,9900
20260701,医疗,心窝正中间疼是怎么回事,168,20260701,9901
20260701,医疗,盐泽泻的功效与作用,168,20260701,9902
20260701,医疗,洋葱拌香油的功效,168,20260701,9903
20260701,医疗,牛皮癣会传染人吗,168,20260701,9904
20260701,医疗,川穹的药用功效与主治是什么,168,20260701,9905
20260701,医疗,金蝉的营养价值和功效,168,20260701,9906
20260701,医疗,阿奇霉素干混悬剂的作用与功效,168,20260701,9907
20260701,医疗,缺硒的表现及其症状,168,20260701,9908
20260701,医疗,甘草金桔的功效与作用,168,20260701,9909
20260701,医疗,支原体肺炎感染一般多久可以治愈,168,20260701,9910
20260701,医疗,生气对身体哪个器官伤害最大,168,20260701,9911
20260701,医疗,愈风宁心片的功效与作用,168,20260701,9912
20260701,医疗,利多卡因凝胶,168,20260701,9913
20260701,医疗,喉镜检查一次要多少钱,168,20260701,9914
20260701,医疗,眉毛上长白色的眉毛怎么回事,168,20260701,9915
20260701,医疗,双相情感性障碍,168,20260701,9916
20260701,医疗,肾衰竭是什么原因引起的,168,20260701,9917
20260701,医疗,杏子的营养价值和功效与作用,168,20260701,9918
20260701,医疗,吃花生的好处与坏处,168,20260701,9919
20260701,医疗,食管裂孔疝是怎么回事,168,20260701,9920
20260701,医疗,安乐片的功效与作用,168,20260701,9921
20260701,医疗,盐酸奥洛他定片治疗湿疹效果咋样,168,20260701,9922
20260701,医疗,狂犬疫苗一共打几针,168,20260701,9923
20260701,医疗,"补天灵片能治中途疲软,硬度不够吗",168,20260701,9924
20260701,医疗,大黄的图片中药,168,20260701,9925
20260701,医疗,排毒养颜胶囊的功效与作用,168,20260701,9926
20260701,医疗,解溪准确位置图和功效,168,20260701,9927
20260701,医疗,林可霉素利多卡因凝胶能治痔疮吗,168,20260701,9928
20260701,医疗,脚上有很多红色的小红斑点,168,20260701,9929
20260701,医疗,西吡氯铵含片功效和作用,168,20260701,9930
20260701,医疗,鼻子痒老是打喷嚏流清鼻涕怎么治,168,20260701,9931
20260701,医疗,丙泊酚,168,20260701,9932
20260701,医疗,六味地黄丸吃多久才有效果,168,20260701,9933
20260701,医疗,麸炒枳实的功能主治,168,20260701,9934
20260701,医疗,千年健的功效与作用,168,20260701,9935
20260701,医疗,肚脐周围痛什么原因,168,20260701,9936
20260701,医疗,丝状疣用什么药最好,168,20260701,9937
20260701,医疗,眼睛红红的像出血一样是怎么回事,168,20260701,9938
20260701,医疗,胃肠镜检查需要提前做什么准备,168,20260701,9939
20260701,医疗,黛力新的功效和副作用,168,20260701,9940
20260701,医疗,牛黄清心丸治疗焦虑抑郁吗,168,20260701,9941
20260701,医疗,"口水臭是什么原因引起的,怎样去除",168,20260701,9942
20260701,医疗,手心热是什么原因,167,20260701,9943
20260701,医疗,丹参泡水喝有什么功效和作用,167,20260701,9944
20260701,医疗,晚上睡觉流口水是什么原因呢,167,20260701,9945
20260701,医疗,阑尾粪石是什么意思呢,167,20260701,9946
20260701,医疗,左侧腰部隐痛要警惕的三种病,167,20260701,9947
20260701,医疗,屁臭是什么原因造成的,167,20260701,9948
20260701,医疗,湖南省人民医院,167,20260701,9949
20260701,医疗,胀气怎么消除最快最有效的方法,167,20260701,9950
20260701,医疗,尿肌酐高说明什么原因,167,20260701,9951
20260701,医疗,复方穿心莲片的功效与作用,167,20260701,9952
20260701,医疗,竹笋的功效和作用禁忌,167,20260701,9953
20260701,医疗,脉搏90-100说明什么,167,20260701,9954
20260701,医疗,伏湿膏的作用与功效,167,20260701,9955
20260701,医疗,阿莫西林能喝酒吗,167,20260701,9956
20260701,医疗,制霉菌素片的功能主治,167,20260701,9957
20260701,医疗,甘草泻心汤的配方,167,20260701,9958
20260701,医疗,佝偻病,167,20260701,9959
20260701,医疗,孕妇便秘怎么办什么方法最有效,167,20260701,9960
20260701,医疗,上夜班对身体的伤害有多大,167,20260701,9961
20260701,医疗,包皮炎症状对照图片,167,20260701,9962
20260701,医疗,水牛角的功效与作用,167,20260701,9963
20260701,医疗,盐酸氟桂利嗪片主治与功效,167,20260701,9964
20260701,医疗,奥拉西坦胶囊的作用与功效,167,20260701,9965
20260701,医疗,龙涎香,167,20260701,9966
20260701,医疗,卡西奈维生素b能治白发吗,167,20260701,9967
20260701,医疗,糖尿病肾病症状有哪些,167,20260701,9968
20260701,医疗,荨麻疹症状图片,167,20260701,9969
20260701,医疗,红花籽油的功效与作用及食用方法,167,20260701,9970
20260701,医疗,布沦芬混悬液说明书,167,20260701,9971
20260701,医疗,元胡的功效与作用,167,20260701,9972
20260701,医疗,间质瘤是什么性质的瘤,167,20260701,9973
20260701,医疗,阿莫西林一天吃几次,167,20260701,9974
20260701,医疗,沙库巴曲的作用与副作用,167,20260701,9975
20260701,医疗,皮炎平,167,20260701,9976
20260701,医疗,甲状腺结节多少mm以上建议手术,167,20260701,9977
20260701,医疗,天花,167,20260701,9978
20260701,医疗,鹿角帽粉真能消各种结节吗,167,20260701,9979
20260701,医疗,氟康唑片治疗霉菌吃几天,167,20260701,9980
20260701,医疗,舒张压正常范围是多少,167,20260701,9981
20260701,医疗,hpv阳性是什么意思啊什么病,167,20260701,9982
20260701,医疗,幽门螺杆菌阳性多少算严重,167,20260701,9983
20260701,医疗,早上起床口苦怎么回事,167,20260701,9984
20260701,医疗,孕妇感冒了怎么办才好得快,167,20260701,9985
20260701,医疗,复方氨基酸输液的作用与功效,167,20260701,9986
20260701,医疗,山茱萸配什么壮阳最猛,167,20260701,9987
20260701,医疗,鸽子肉尽量少吃最好不吃,167,20260701,9988
20260701,医疗,sle医学上是什么意思,167,20260701,9989
20260701,医疗,尿路感染吃什么药,167,20260701,9990
20260701,医疗,肝肾阴虚的症状有哪些,167,20260701,9991
20260701,医疗,鼻子里有恶臭味是怎么回事,167,20260701,9992
20260701,医疗,肌酸激酶同工酶高说明什么问题,167,20260701,9993
20260701,医疗,桑葚酒的功效与作用,167,20260701,9994
20260701,医疗,胆碱片的功效与作用,167,20260701,9995
20260701,医疗,白带是什么,167,20260701,9996
20260701,医疗,鱼籽的营养与功效与作用,167,20260701,9997
20260701,医疗,健身,167,20260701,9998
20260701,医疗,双石淋胶囊治疗前列腺炎吗,166,20260701,9999
