event_day,query_1st_category,original_query,wise_pv,_snapshot,_row_in_snapshot
20250701,影视动漫,以法之名,365053,20250701,0
20250701,影视动漫,以法之名张译电视剧在线观看免费高清,358177,20250701,1
20250701,影视动漫,逆爱,303652,20250701,2
20250701,影视动漫,书卷一梦电视剧免费观看完整版,288415,20250701,3
20250701,影视动漫,桃花映江山电视剧免费观看,172507,20250701,4
20250701,影视动漫,锦绣芳华电视剧在线观看免费高清版全集,140370,20250701,5
20250701,影视动漫,逆爱2025全集免费观看,111656,20250701,6
20250701,影视动漫,书卷一梦,109233,20250701,7
20250701,影视动漫,以法之名在线观看完整版免费,87155,20250701,8
20250701,影视动漫,锦绣芳华,83124,20250701,9
20250701,影视动漫,临江仙电视剧免费观看完整版,80005,20250701,10
20250701,影视动漫,抖音,78641,20250701,11
20250701,影视动漫,以法之名全集,73977,20250701,12
20250701,影视动漫,逆爱台剧双男主电视剧免费观看全集高清,72019,20250701,13
20250701,影视动漫,桃花映江山电视剧免费观看完整版,68879,20250701,14
20250701,影视动漫,以法之名电视剧免费观看全集完整版,63057,20250701,15
20250701,影视动漫,桃花映江山,57265,20250701,16
20250701,影视动漫,藏海传电视剧在线观看免费版全集,50977,20250701,17
20250701,影视动漫,七根心简免费观看全集在线播放,50957,20250701,18
20250701,影视动漫,书卷一梦电视剧免费观看,50550,20250701,19
20250701,影视动漫,焕羽电视剧免费播放在线观看,48079,20250701,20
20250701,影视动漫,折腰电视剧免费观看全集在线播放,47573,20250701,21
20250701,影视动漫,逆爱电视剧在线观看免费,46847,20250701,22
20250701,影视动漫,囧次元,44448,20250701,23
20250701,影视动漫,长安的荔枝,44277,20250701,24
20250701,影视动漫,淬火年代电视剧免费观看,42220,20250701,25
20250701,影视动漫,逆爱双男主电视剧免费观看全集,38255,20250701,26
20250701,影视动漫,cctv5在线直播,36814,20250701,27
20250701,影视动漫,哔哩哔哩,36452,20250701,28
20250701,影视动漫,电影,35532,20250701,29
20250701,影视动漫,哪吒2魔童闹海免费观看完整版,35488,20250701,30
20250701,影视动漫,韩国电影在线观看电影完整版高清免费观看,34805,20250701,31
20250701,影视动漫,色戒,33665,20250701,32
20250701,影视动漫,小巷人家电视剧免费观看,33566,20250701,33
20250701,影视动漫,《逆爱》网剧在线观看,33051,20250701,34
20250701,影视动漫,以法之名电视剧在线观看,32688,20250701,35
20250701,影视动漫,书卷一梦电视剧免费观看全集在线播放,31891,20250701,36
20250701,影视动漫,逆爱2025电视剧免费观看,31765,20250701,37
20250701,影视动漫,长安的荔枝电视剧免费观看,31155,20250701,38
20250701,影视动漫,逆爱电视剧在线观看,31140,20250701,39
20250701,影视动漫,吞噬星空免费观看全集在线高清,30977,20250701,40
20250701,影视动漫,七根心简,30934,20250701,41
20250701,影视动漫,潜渊电视剧免费观看全集,30714,20250701,42
20250701,影视动漫,临江仙,30378,20250701,43
20250701,影视动漫,国色芳华电视剧免费观看在线播放,29649,20250701,44
20250701,影视动漫,仙逆在线观看视频完整版,29540,20250701,45
20250701,影视动漫,电视剧,27658,20250701,46
20250701,影视动漫,cctv5节目表,26960,20250701,47
20250701,影视动漫,以法之名演员表名单和角色介绍,26373,20250701,48
20250701,影视动漫,牧神记动漫在线观看全集免费播放,24916,20250701,49
20250701,影视动漫,淬火年代,24901,20250701,50
20250701,影视动漫,人人视频,24531,20250701,51
20250701,影视动漫,国色芳华,24392,20250701,52
20250701,影视动漫,《以法之名》电视剧,24078,20250701,53
20250701,影视动漫,缘之空,23881,20250701,54
20250701,影视动漫,春晖电视剧,23248,20250701,55
20250701,影视动漫,锦绣芳华电视剧,23151,20250701,56
20250701,影视动漫,火影忍者,22654,20250701,57
20250701,影视动漫,韩国电影,22650,20250701,58
20250701,影视动漫,奔跑吧兄弟第十三季免费观看完整版2025,22202,20250701,59
20250701,影视动漫,快手,21774,20250701,60
20250701,影视动漫,逆爱电视剧全集免费,21554,20250701,61
20250701,影视动漫,bilibili,21132,20250701,62
20250701,影视动漫,《逆爱》电视剧双男主免费观看,20552,20250701,63
20250701,影视动漫,亲爱的你,20344,20250701,64
20250701,影视动漫,以法之名电视剧,20103,20250701,65
20250701,影视动漫,日韩电影免费观看高清完整版在线观看熊出没重返地球,20009,20250701,66
20250701,影视动漫,人间中毒完整电影高清在线观看,19682,20250701,67
20250701,影视动漫,小巷人家,19301,20250701,68
20250701,影视动漫,youtube,19115,20250701,69
20250701,影视动漫,逆爱第八集,18853,20250701,70
20250701,影视动漫,樱花动漫,18666,20250701,71
20250701,影视动漫,9在线观看免费高清完整版在线观看明星大侦探,17652,20250701,72
20250701,影视动漫,以家人之名电视剧全集免费观看,17452,20250701,73
20250701,影视动漫,陷入我们的热恋电视剧免费观看,17445,20250701,74
20250701,影视动漫,《逆爱》柴鸡蛋电视剧免费观看,17146,20250701,75
20250701,影视动漫,五哈第五季在线观看完整版免费播放,16731,20250701,76
20250701,影视动漫,动漫,16619,20250701,77
20250701,影视动漫,甄嬛传,16064,20250701,78
20250701,影视动漫,逆爱第7集,15649,20250701,79
20250701,影视动漫,甜蜜惩罚第一季完整免费,15501,20250701,80
20250701,影视动漫,金瓶梅电视剧第5集电视剧在线观看下载,15464,20250701,81
20250701,影视动漫,哈哈哈哈哈第五季免费观看完整版,15393,20250701,82
20250701,影视动漫,韶华若锦电视剧免费观看,15194,20250701,83
20250701,影视动漫,书卷一梦电视剧,15159,20250701,84
20250701,影视动漫,《逆爱》网剧在线播放,15124,20250701,85
20250701,影视动漫,因法之名电视剧全集免费观看,15034,20250701,86
20250701,影视动漫,日本电影免费观看电影大全,14840,20250701,87
20250701,影视动漫,星辰影院,14797,20250701,88
20250701,影视动漫,折腰,14703,20250701,89
20250701,影视动漫,张译新剧《以法之名》在线观看,14461,20250701,90
20250701,影视动漫,完美的救赎免费播放在线观看,14136,20250701,91
20250701,影视动漫,以法之名在线观看,13952,20250701,92
20250701,影视动漫,国色芳华电视剧在线观看免费高清版,13915,20250701,93
20250701,影视动漫,你好星期六免费观看完整版2025,13865,20250701,94
20250701,影视动漫,小巷人家电视剧免费版观看完整版,13707,20250701,95
20250701,影视动漫,潜渊,13456,20250701,96
20250701,影视动漫,国色芳华第二季,13453,20250701,97
20250701,影视动漫,《锦绣芳华》免费观看,13400,20250701,98
20250701,影视动漫,新闻联播,13393,20250701,99
20250701,影视动漫,以法之名剧情介绍第四十二集,13369,20250701,100
20250701,影视动漫,cctv5,13206,20250701,101
20250701,影视动漫,张译以法之名免费观看,13153,20250701,102
20250701,影视动漫,斗罗大陆2绝世唐门在线观看全集,13098,20250701,103
20250701,影视动漫,逆爱电视剧全集,13087,20250701,104
20250701,影视动漫,临江仙电视剧免费观看全集在线播放,13043,20250701,105
20250701,影视动漫,藏海传,12991,20250701,106
20250701,影视动漫,电影天堂,12968,20250701,107
20250701,影视动漫,七根心简电视剧免费观看,12811,20250701,108
20250701,影视动漫,人间中毒,12660,20250701,109
20250701,影视动漫,出师一表真名世短剧免费观看,12534,20250701,110
20250701,影视动漫,抖音网页版入口,12395,20250701,111
20250701,影视动漫,山花烂漫时电视剧全集免费,12248,20250701,112
20250701,影视动漫,川剧变脸的手法,12232,20250701,113
20250701,影视动漫,逆爱第8集免费观看,12229,20250701,114
20250701,影视动漫,逆爱全集完整版,12226,20250701,115
20250701,影视动漫,哪吒2之魔童闹海在免费线观看,12135,20250701,116
20250701,影视动漫,以法为名剧情分集介绍,12082,20250701,117
20250701,影视动漫,酱园弄,11978,20250701,118
20250701,影视动漫,凡人修仙传动漫免费完整观看,11899,20250701,119
20250701,影视动漫,《逆袭》电视剧双男主免费观看,11891,20250701,120
20250701,影视动漫,金牌影院,11794,20250701,121
20250701,影视动漫,快播,11697,20250701,122
20250701,影视动漫,张译新剧《以法之名》在线播放,11634,20250701,123
20250701,影视动漫,逆爱在线观看,11620,20250701,124
20250701,影视动漫,人民的名义,11509,20250701,125
20250701,影视动漫,韩小圈,11474,20250701,126
20250701,影视动漫,完美世界在线观看免费播放,11444,20250701,127
20250701,影视动漫,逆爱电视剧免费观看全集完整版,11257,20250701,128
20250701,影视动漫,新乱世佳人,11094,20250701,129
20250701,影视动漫,《逆爱》免费观看,11076,20250701,130
20250701,影视动漫,逆爱电视剧,11049,20250701,131
20250701,影视动漫,灯草和尚电影完整版免费观看,10908,20250701,132
20250701,影视动漫,吻戏,10849,20250701,133
20250701,影视动漫,淬火年代电视剧,10809,20250701,134
20250701,影视动漫,6080,10753,20250701,135
20250701,影视动漫,神马电影,10700,20250701,136
20250701,影视动漫,潜渊电视剧免费观看在线播放高清,10658,20250701,137
20250701,影视动漫,逆爱2025全集免费观看完整版,10646,20250701,138
20250701,影视动漫,《以法之名》张译电视剧免费观看,10642,20250701,139
20250701,影视动漫,爱你电视剧免费观看完整版,10635,20250701,140
20250701,影视动漫,光棍影院,10426,20250701,141
20250701,影视动漫,《逆袭》柴鸡蛋电视剧,10421,20250701,142
20250701,影视动漫,斗破苍穹,10360,20250701,143
20250701,影视动漫,仙逆,10354,20250701,144
20250701,影视动漫,橘祥如意电视剧免费观看,10343,20250701,145
20250701,影视动漫,神印王座,10340,20250701,146
20250701,影视动漫,神印王座免费全集高清在线观看,10257,20250701,147
20250701,影视动漫,伦理电影,10251,20250701,148
20250701,影视动漫,憧憬成为魔法少女,10223,20250701,149
20250701,影视动漫,逆爱短剧免费观看全集,10186,20250701,150
20250701,影视动漫,斗破苍穹年番完整免费版在线观看,10186,20250701,151
20250701,影视动漫,绽放的许开心电视剧免费观看全集完整版,10149,20250701,152
20250701,影视动漫,淬火年代电视剧免费观看完整版,10089,20250701,153
20250701,影视动漫,亲爱的你电视剧免费观看完整版,10084,20250701,154
20250701,影视动漫,视频,10071,20250701,155
20250701,影视动漫,人生开门红,10065,20250701,156
20250701,影视动漫,顺恨电视剧在线观看,9990,20250701,157
20250701,影视动漫,书卷一梦全集免费观看,9866,20250701,158
20250701,影视动漫,鱿鱼游戏3,9807,20250701,159
20250701,影视动漫,逆爱在哪个平台播,9795,20250701,160
20250701,影视动漫,电影免费观看高清完整版在线观看,9699,20250701,161
20250701,影视动漫,仙逆在线观看全集完整版高清,9657,20250701,162
20250701,影视动漫,神印王座在线观看免费完整版,9596,20250701,163
20250701,影视动漫,依法之名电视剧免费观看,9561,20250701,164
20250701,影视动漫,侏罗纪世界4重生,9551,20250701,165
20250701,影视动漫,青川入梦电视剧免费观看,9534,20250701,166
20250701,影视动漫,在线观看,9526,20250701,167
20250701,影视动漫,《书卷一梦》免费看,9495,20250701,168
20250701,影视动漫,难哄电视剧在线观看全集免费播放,9494,20250701,169
20250701,影视动漫,爱奇艺,9487,20250701,170
20250701,影视动漫,枫与铃动漫全集电视剧免费播放,9455,20250701,171
20250701,影视动漫,《逆爱》,9448,20250701,172
20250701,影视动漫,美女热舞,9394,20250701,173
20250701,影视动漫,伦理片,9371,20250701,174
20250701,影视动漫,豚豚剧,9356,20250701,175
20250701,影视动漫,名侦探柯南,9299,20250701,176
20250701,影视动漫,成全在线观看免费全集高清完整版,9295,20250701,177
20250701,影视动漫,法国空姐在线观看完整免费高清原声满天星,9277,20250701,178
20250701,影视动漫,脱口秀和他的朋友们第二季,9184,20250701,179
20250701,影视动漫,囧次元动漫app正版下载,9182,20250701,180
20250701,影视动漫,抖音网页版,9181,20250701,181
20250701,影视动漫,九重紫电视剧免费观看全集在线播放,9167,20250701,182
20250701,影视动漫,爸爸当家慢享季综艺在线观看,9044,20250701,183
20250701,影视动漫,腾讯视频,9021,20250701,184
20250701,影视动漫,以法之名 电视剧,9015,20250701,185
20250701,影视动漫,无忧渡电视剧在线观看全集免费播放,8971,20250701,186
20250701,影视动漫,以法之名电视剧在线观看免费版高清,8927,20250701,187
20250701,影视动漫,无颜之月第一季免费观看全集,8922,20250701,188
20250701,影视动漫,成何体统短剧,8849,20250701,189
20250701,影视动漫,国产免费观看高清完整版在线观看没重返地球,8788,20250701,190
20250701,影视动漫,山花烂漫时,8770,20250701,191
20250701,影视动漫,高压监狱电影在线观看完整版,8757,20250701,192
20250701,影视动漫,以法之名在哪个平台播出,8663,20250701,193
20250701,影视动漫,回复术士的重来人生,8660,20250701,194
20250701,影视动漫,韩剧,8643,20250701,195
20250701,影视动漫,八段锦视频完整版,8636,20250701,196
20250701,影视动漫,《逆爱》台剧在线观看,8626,20250701,197
20250701,影视动漫,莲花楼电视剧免费观看完整版,8618,20250701,198
20250701,影视动漫,坏狗双男主电视剧免费观看高清,8615,20250701,199
20250701,影视动漫,鱿鱼游戏第三季,8605,20250701,200
20250701,影视动漫,以法之名剧情,8523,20250701,201
20250701,影视动漫,爱你电视剧免费观看全集完整版,8416,20250701,202
20250701,影视动漫,一梦如初电视剧免费观看完整版,8414,20250701,203
20250701,影视动漫,逆爱第八集在线观看,8391,20250701,204
20250701,影视动漫,锦绣芳华电视剧在线观看免费高清版,8368,20250701,205
20250701,影视动漫,无耻之徒,8350,20250701,206
20250701,影视动漫,斗罗大陆在线高清免费观看完整版,8323,20250701,207
20250701,影视动漫,十年倾城电视剧,8300,20250701,208
20250701,影视动漫,CCTV5,8297,20250701,209
20250701,影视动漫,xl司令动漫第一季全集在线观看免费播放,8211,20250701,210
20250701,影视动漫,逆爱第七集,8203,20250701,211
20250701,影视动漫,十八岁完整版高清免费观看,8180,20250701,212
20250701,影视动漫,三国演义,8168,20250701,213
20250701,影视动漫,知否知否应是绿肥红瘦全集免费观看,8166,20250701,214
20250701,影视动漫,美女跳舞抖动球球,8162,20250701,215
20250701,影视动漫,jmcomic.2.0.mic1.6.9,8145,20250701,216
20250701,影视动漫,甄嬛传电视剧免费观看全集完整版,8120,20250701,217
20250701,影视动漫,不灭的灯,8104,20250701,218
20250701,影视动漫,西瓜视频,8079,20250701,219
20250701,影视动漫,逆天邪神,8071,20250701,220
20250701,影视动漫,吻戏激情,8043,20250701,221
20250701,影视动漫,一路向西在线电影完整版免费观看,8034,20250701,222
20250701,影视动漫,以法之名演员表,7961,20250701,223
20250701,影视动漫,现在就出发第二季免费观看完整版,7946,20250701,224
20250701,影视动漫,红星照耀中国,7921,20250701,225
20250701,影视动漫,逆爱在线观看完整版,7910,20250701,226
20250701,影视动漫,完美的救赎,7888,20250701,227
20250701,影视动漫,迪拜的女孩,7851,20250701,228
20250701,影视动漫,f1狂飙飞车,7834,20250701,229
20250701,影视动漫,快手极速版,7798,20250701,230
20250701,影视动漫,樱花动漫网官网,7795,20250701,231
20250701,影视动漫,鬼灭之刃,7752,20250701,232
20250701,影视动漫,美女和老板努力生产豆浆的视频,7747,20250701,233
20250701,影视动漫,以法之名张译免费全集,7742,20250701,234
20250701,影视动漫,抖音极速版,7724,20250701,235
20250701,影视动漫,以法之名电视剧全集免费观看,7719,20250701,236
20250701,影视动漫,逆爱免费观看全集完整版,7685,20250701,237
20250701,影视动漫,长安的荔枝在线全集免费观看电视剧,7663,20250701,238
20250701,影视动漫,奔跑吧第十三季,7639,20250701,239
20250701,影视动漫,鱿鱼游戏,7632,20250701,240
20250701,影视动漫,樱花视频,7626,20250701,241
20250701,影视动漫,打屁股,7612,20250701,242
20250701,影视动漫,成何体统,7603,20250701,243
20250701,影视动漫,樱桃视频,7584,20250701,244
20250701,影视动漫,智取威虎山演员表,7577,20250701,245
20250701,影视动漫,回复术士的重来人生在线观看免费,7567,20250701,246
20250701,影视动漫,男女免费观看电视剧在线高清,7566,20250701,247
20250701,影视动漫,西游记,7490,20250701,248
20250701,影视动漫,亚洲综合免费观看高清完整版在线观看熊出没重返地球,7484,20250701,249
20250701,影视动漫,开始推理吧第3季在线观看免费完整版,7466,20250701,250
20250701,影视动漫,书卷一梦电视剧免费观看全集,7445,20250701,251
20250701,影视动漫,神马影院,7416,20250701,252
20250701,影视动漫,智取威虎山,7388,20250701,253
20250701,影视动漫,逆爱2025,7375,20250701,254
20250701,影视动漫,名侦探柯南独眼的残像,7369,20250701,255
20250701,影视动漫,海贼王,7348,20250701,256
20250701,影视动漫,淬火年代演员表,7342,20250701,257
20250701,影视动漫,逆袭之爱上情敌,7336,20250701,258
20250701,影视动漫,名侦探柯楠,7309,20250701,259
20250701,影视动漫,抖音下载,7290,20250701,260
20250701,影视动漫,书卷一梦刘宇宁免费观看影视大全,7244,20250701,261
20250701,影视动漫,李爱庆投资了哪些影视作品,7189,20250701,262
20250701,影视动漫,小猪佩奇全集免费观看,7168,20250701,263
20250701,影视动漫,去有风的地方电视剧免费观看完整版,7163,20250701,264
20250701,影视动漫,甄嬛传电视剧全集完整版免费观看,7143,20250701,265
20250701,影视动漫,星辰变,7125,20250701,266
20250701,影视动漫,逆爱第8集,7104,20250701,267
20250701,影视动漫,哪吒2,7062,20250701,268
20250701,影视动漫,韶华若锦电视剧免费观看全集在线播放,7045,20250701,269
20250701,影视动漫,逆爱电视剧2025免费观看,7030,20250701,270
20250701,影视动漫,逆爱双男主全集免费播放,7023,20250701,271
20250701,影视动漫,陷入我们的热恋电视剧免费观看全集,7022,20250701,272
20250701,影视动漫,无名之辈:否极泰来,7011,20250701,273
20250701,影视动漫,遮天动漫在线观看完整版全集高清,6968,20250701,274
20250701,影视动漫,书卷一梦在线观看,6924,20250701,275
20250701,影视动漫,锦绣芳华在线全集免费观看电视剧,6902,20250701,276
20250701,影视动漫,樱花动漫在线观看动漫的官方网,6884,20250701,277
20250701,影视动漫,偷偷藏不住电视剧在线观看免费,6843,20250701,278
20250701,影视动漫,免费电影,6835,20250701,279
20250701,影视动漫,以法为名电视剧全集免费观看,6834,20250701,280
20250701,影视动漫,长安的荔枝演员表,6822,20250701,281
20250701,影视动漫,4399在线观看免费高清电视剧,6818,20250701,282
20250701,影视动漫,奥特曼,6801,20250701,283
20250701,影视动漫,激情戏,6771,20250701,284
20250701,影视动漫,我是刑警,6770,20250701,285
20250701,影视动漫,霜花店完整电影高清在线观看,6763,20250701,286
20250701,影视动漫,YouTube,6754,20250701,287
20250701,影视动漫,蜜桃成时熟2,6752,20250701,288
20250701,影视动漫,书卷一梦演员表,6737,20250701,289
20250701,影视动漫,快手极速版 免费下载安装,6707,20250701,290
20250701,影视动漫,无尽的尽头,6679,20250701,291
20250701,影视动漫,诡秘之主动漫,6671,20250701,292
20250701,影视动漫,灵笼第二季动漫,6658,20250701,293
20250701,影视动漫,白月梵星电视剧在线观看全集免费播放,6644,20250701,294
20250701,影视动漫,密室大逃脱第七季,6640,20250701,295
20250701,影视动漫,恶意,6634,20250701,296
20250701,影视动漫,美女打架扒衣,6603,20250701,297
20250701,影视动漫,高压监狱完整版免费高清观看,6566,20250701,298
20250701,影视动漫,天官赐福,6562,20250701,299
20250701,影视动漫,庆余年第二季在线观看免费完整版星空影院,6555,20250701,300
20250701,影视动漫,我是刑警电视剧全集免费观看,6553,20250701,301
20250701,影视动漫,魔道祖师,6510,20250701,302
20250701,影视动漫,蛮好的人生在线观看完整版免费,6507,20250701,303
20250701,影视动漫,六姊妹,6482,20250701,304
20250701,影视动漫,金瓶梅电视剧第5集电视剧免费观看中文,6471,20250701,305
20250701,影视动漫,奔跑吧,6468,20250701,306
20250701,影视动漫,秋霞电影网,6458,20250701,307
20250701,影视动漫,免费看片,6453,20250701,308
20250701,影视动漫,熊出没,6447,20250701,309
20250701,影视动漫,亲爱的仇敌演员表,6412,20250701,310
20250701,影视动漫,人民的名义全集免费播放在线观看,6403,20250701,311
20250701,影视动漫,山花烂漫时电视剧全集免费观看,6395,20250701,312
20250701,影视动漫,中央五台cctv5在线直播,6379,20250701,313
20250701,影视动漫,如懿传在线看全集免费观看高清,6349,20250701,314
20250701,影视动漫,黑帮大佬365第二季无删减,6349,20250701,315
20250701,影视动漫,优酷,6303,20250701,316
20250701,影视动漫,仙逆在线观看完整观看,6298,20250701,317
20250701,影视动漫,一念永恒,6291,20250701,318
20250701,影视动漫,今日说法,6275,20250701,319
20250701,影视动漫,玫瑰的故事免费观看完整版,6269,20250701,320
20250701,影视动漫,少女大人免费高清在线观看,6251,20250701,321
20250701,影视动漫,缘之空动漫在线观看全集完整版,6221,20250701,322
20250701,影视动漫,桃花映江山电视剧在线观看播放,6218,20250701,323
20250701,影视动漫,以法之名全集免费观看完整版,6207,20250701,324
20250701,影视动漫,焕羽,6200,20250701,325
20250701,影视动漫,逆爱免费观看完整版,6186,20250701,326
20250701,影视动漫,风车动漫,6155,20250701,327
20250701,影视动漫,搞笑视频,6137,20250701,328
20250701,影视动漫,藏海传 电视剧,6124,20250701,329
20250701,影视动漫,一路向西,6100,20250701,330
20250701,影视动漫,第二部《锦绣芳华》,6084,20250701,331
20250701,影视动漫,猎金游戏,6069,20250701,332
20250701,影视动漫,哈利波特,6040,20250701,333
20250701,影视动漫,溺爱电视剧免费播放,6040,20250701,334
20250701,影视动漫,亲吻的视频,6038,20250701,335
20250701,影视动漫,虎牙直播,6027,20250701,336
20250701,影视动漫,菠萝视频,5991,20250701,337
20250701,影视动漫,致命游戏在线观看完整版免费,5979,20250701,338
20250701,影视动漫,聊斋艳谭电视剧在线观看免费,5977,20250701,339
20250701,影视动漫,水浒传,5965,20250701,340
20250701,影视动漫,茶杯狐,5948,20250701,341
20250701,影视动漫,蔷薇风暴电视剧免费观看,5927,20250701,342
20250701,影视动漫,《逆爱》网剧在线观看免费,5919,20250701,343
20250701,影视动漫,桃花映江山演员表,5908,20250701,344
20250701,影视动漫,影视大全,5885,20250701,345
20250701,影视动漫,狂飙,5880,20250701,346
20250701,影视动漫,美景之屋,5874,20250701,347
20250701,影视动漫,甜蜜惩罚第二季我是看守专用宠物免费观看,5867,20250701,348
20250701,影视动漫,以法之名张译40集免费播放电视剧,5820,20250701,349
20250701,影视动漫,南音再许短剧免费观看,5816,20250701,350
20250701,影视动漫,豚豚剧app,5807,20250701,351
20250701,影视动漫,锦绣芳华电视剧免费观看,5786,20250701,352
20250701,影视动漫,青梅竹马是消防员第一部,5785,20250701,353
20250701,影视动漫,樱花动漫在线观看全集免费高清版,5762,20250701,354
20250701,影视动漫,血恋,5744,20250701,355
20250701,影视动漫,泰剧兔,5735,20250701,356
20250701,影视动漫,哪吒2今日下映,5689,20250701,357
20250701,影视动漫,以法之名剧情介绍,5688,20250701,358
20250701,影视动漫,镜绣芳华电视剧免费观看完整版,5680,20250701,359
20250701,影视动漫,星汉灿烂电视剧免费观看完整版,5677,20250701,360
20250701,影视动漫,柯南,5668,20250701,361
20250701,影视动漫,长安的荔枝电视剧免费观看完整版,5649,20250701,362
20250701,影视动漫,五哈,5644,20250701,363
20250701,影视动漫,三分野电视剧免费观看完整版高清,5641,20250701,364
20250701,影视动漫,五福临门电视剧完整版免费观看,5637,20250701,365
20250701,影视动漫,吞噬星空动漫免费观看全集完整版高清,5601,20250701,366
20250701,影视动漫,以法之名多少集,5590,20250701,367
20250701,影视动漫,抖音极速版下载2025最新版安装,5582,20250701,368
20250701,影视动漫,不忠,5581,20250701,369
20250701,影视动漫,小巷人家免费完整版在线观看全集,5569,20250701,370
20250701,影视动漫,《桃花映江山》免费观看,5567,20250701,371
20250701,影视动漫,以法之名张译电视剧免费播放,5557,20250701,372
20250701,影视动漫,免费b站看大片真人电视剧的软件,5554,20250701,373
20250701,影视动漫,小猪佩奇,5549,20250701,374
20250701,影视动漫,色戒电影,5511,20250701,375
20250701,影视动漫,折腰电视剧免费观看完整版高清,5490,20250701,376
20250701,影视动漫,菲律宾电影,5485,20250701,377
20250701,影视动漫,陈情令电视剧免费观看完整版高清,5485,20250701,378
20250701,影视动漫,大奉打更人,5482,20250701,379
20250701,影视动漫,五哈第五季在线观看完整版免费,5480,20250701,380
20250701,影视动漫,最新电影,5478,20250701,381
20250701,影视动漫,以法之名原型,5471,20250701,382
20250701,影视动漫,死神来了6,5463,20250701,383
20250701,影视动漫,韩国情爱情电影,5458,20250701,384
20250701,影视动漫,延禧攻略,5453,20250701,385
20250701,影视动漫,当我飞奔向你电视剧免费观看,5444,20250701,386
20250701,影视动漫,"八戒,八戒影视剧在线观看免费",5436,20250701,387
20250701,影视动漫,你好星期六,5435,20250701,388
20250701,影视动漫,图书馆的女朋友在线观看完整免费版电视剧第五集,5427,20250701,389
20250701,影视动漫,红楼梦,5425,20250701,390
20250701,影视动漫,六间房,5407,20250701,391
20250701,影视动漫,隐藏的面孔,5398,20250701,392
20250701,影视动漫,念念有词短剧,5389,20250701,393
20250701,影视动漫,桃花映江山电视剧免费观看完整版高清,5355,20250701,394
20250701,影视动漫,韩国电影片,5304,20250701,395
20250701,影视动漫,黑帮少爷爱上我,5288,20250701,396
20250701,影视动漫,央八新播《以法之名》免费观看,5285,20250701,397
20250701,影视动漫,你也有今天电视剧免费观看完整版,5282,20250701,398
20250701,影视动漫,庆余年,5275,20250701,399
20250701,影视动漫,法国空乘2023电影完整免费高清原声有字幕,5230,20250701,400
20250701,影视动漫,桃花映江山在线观看,5230,20250701,401
20250701,影视动漫,在线电影,5227,20250701,402
20250701,影视动漫,泰剧兔app官方下载,5216,20250701,403
20250701,影视动漫,以法之名简介,5203,20250701,404
20250701,影视动漫,长安的荔枝免费观看电视剧高清,5185,20250701,405
20250701,影视动漫,臧海传,5173,20250701,406
20250701,影视动漫,亲爱的热爱的电视剧免费观看全集完整版,5169,20250701,407
20250701,影视动漫,电视剧:以法之名,5169,20250701,408
20250701,影视动漫,囧次元官方网站入口,5149,20250701,409
20250701,影视动漫,八戒看免费高清电影在线观看,5147,20250701,410
20250701,影视动漫,日韩网站免费观看高清完整版在线观看熊出没重返地球,5132,20250701,411
20250701,影视动漫,食物链,5094,20250701,412
20250701,影视动漫,短剧,5086,20250701,413
20250701,影视动漫,书卷一梦剧情介绍,5076,20250701,414
20250701,影视动漫,age动漫,5070,20250701,415
20250701,影视动漫,新金瓶梅电视剧免费观看全集,5062,20250701,416
20250701,影视动漫,宁安如梦电视剧免费播放全集高清,5048,20250701,417
20250701,影视动漫,逆爱网剧在线观看,5040,20250701,418
20250701,影视动漫,哪吒2票房全球票房排名,5038,20250701,419
20250701,影视动漫,免费观看在线高清电视剧,5022,20250701,420
20250701,影视动漫,章鱼噼的原罪,5018,20250701,421
20250701,影视动漫,电视剧免费观看电视剧大全在线,5016,20250701,422
20250701,影视动漫,爱的色放,5008,20250701,423
20250701,影视动漫,锦绣芳华免费观看,4991,20250701,424
20250701,影视动漫,独眼的残像,4969,20250701,425
20250701,影视动漫,焕羽电视剧,4968,20250701,426
20250701,影视动漫,霜花店,4957,20250701,427
20250701,影视动漫,以法之名免费观看全集在线播放,4949,20250701,428
20250701,影视动漫,六姊妹电视剧在线观看全集完整版,4947,20250701,429
20250701,影视动漫,逆爱2025电视剧,4940,20250701,430
20250701,影视动漫,电视剧热度排行,4938,20250701,431
20250701,影视动漫,私藏浪漫电视剧免费观看全集,4934,20250701,432
20250701,影视动漫,斗鱼,4920,20250701,433
20250701,影视动漫,苍龙视频,4908,20250701,434
20250701,影视动漫,藏海传电视剧,4891,20250701,435
20250701,影视动漫,斗罗大陆2绝世唐门在线观看全集免费播放漫画,4874,20250701,436
20250701,影视动漫,以法之名张译电视剧,4873,20250701,437
20250701,影视动漫,刘宇宁书卷一梦免费观看,4862,20250701,438
20250701,影视动漫,白月梵星,4860,20250701,439
20250701,影视动漫,最新电视剧2025热播最火剧免费观看,4858,20250701,440
20250701,影视动漫,南音再许短剧,4835,20250701,441
20250701,影视动漫,51今日大瓜 每日大赛往期内容,4829,20250701,442
20250701,影视动漫,九重紫电视剧在线播放视频观看,4826,20250701,443
20250701,影视动漫,御手洗家的破洞1-2集免费观看,4813,20250701,444
20250701,影视动漫,斯巴达克斯第一季完整在线观看高清免费,4810,20250701,445
20250701,影视动漫,缘之空全集完整版在线观看,4787,20250701,446
20250701,影视动漫,驯龙高手,4781,20250701,447
20250701,影视动漫,长乐曲电视剧免费观看全集高清,4772,20250701,448
20250701,影视动漫,以法之名李人骏是好人吗,4770,20250701,449
20250701,影视动漫,抖音极速版官方免费下载安装,4762,20250701,450
20250701,影视动漫,九重紫,4762,20250701,451
20250701,影视动漫,陈情令,4757,20250701,452
20250701,影视动漫,快手下载,4753,20250701,453
20250701,影视动漫,麻花传剧原创mv免费观看全集高清,4749,20250701,454
20250701,影视动漫,边水往事电视剧全集在线观看免费,4747,20250701,455
20250701,影视动漫,《锦绣芳华》全集免费观看,4746,20250701,456
20250701,影视动漫,蜡笔小新,4746,20250701,457
20250701,影视动漫,大明王朝1566,4733,20250701,458
20250701,影视动漫,树下有片红房子电视剧免费观看全集,4732,20250701,459
20250701,影视动漫,夸克在线观看免费大全,4732,20250701,460
20250701,影视动漫,狂飙在线观看免费完整版,4717,20250701,461
20250701,影视动漫,人面桃花长相忆免费观看完整版,4706,20250701,462
20250701,影视动漫,奸臣,4702,20250701,463
20250701,影视动漫,穿越天际靠近你泰剧在线观看,4685,20250701,464
20250701,影视动漫,书卷一梦古装电视剧免费观看完整版,4677,20250701,465
20250701,影视动漫,新说唱2025免费观看完整版,4672,20250701,466
20250701,影视动漫,侏罗纪世界,4659,20250701,467
20250701,影视动漫,豚豚剧app官方版下载,4641,20250701,468
20250701,影视动漫,人生开门红电影在线观看免费高清国语,4639,20250701,469
20250701,影视动漫,日本大片,4631,20250701,470
20250701,影视动漫,逆爱免费观看,4615,20250701,471
20250701,影视动漫,临江仙高清电视剧免费观看完整版,4612,20250701,472
20250701,影视动漫,cctv5直播温网,4609,20250701,473
20250701,影视动漫,回复术士的重启人生樱花动漫在线观看第一集,4597,20250701,474
20250701,影视动漫,唐朝诡事录,4594,20250701,475
20250701,影视动漫,jojo的奇妙冒险,4587,20250701,476
20250701,影视动漫,芒果视频,4585,20250701,477
20250701,影视动漫,长歌行,4583,20250701,478
20250701,影视动漫,念念有词短剧在线观看,4575,20250701,479
20250701,影视动漫,莲花楼,4574,20250701,480
20250701,影视动漫,做aj的视频高清大全,4566,20250701,481
20250701,影视动漫,以法之名一共几集,4559,20250701,482
20250701,影视动漫,麻花特开心第二季免费观看完整版,4548,20250701,483
20250701,影视动漫,上瘾电视剧免费观看全集完整版,4546,20250701,484
20250701,影视动漫,星辰变第六季在线观看完整版,4542,20250701,485
20250701,影视动漫,两人世界高清完整版免费观看,4523,20250701,486
20250701,影视动漫,承欢记免费观看电视剧完整版,4508,20250701,487
20250701,影视动漫,永夜星河,4502,20250701,488
20250701,影视动漫,锦绣芳华在线观看,4497,20250701,489
20250701,影视动漫,挣扎吧亚当君在线观看免费全集,4496,20250701,490
20250701,影视动漫,向风而行演员表,4493,20250701,491
20250701,影视动漫,cctv5直播,4489,20250701,492
20250701,影视动漫,斯巴达克斯,4487,20250701,493
20250701,影视动漫,琅琊榜在线观看免费全集,4486,20250701,494
20250701,影视动漫,桃花映江山电视剧,4483,20250701,495
20250701,影视动漫,钢铁是怎样炼成的,4480,20250701,496
20250701,影视动漫,奔跑吧第十三季免费观看完整版,4480,20250701,497
20250701,影视动漫,我的阿勒泰,4478,20250701,498
20250701,影视动漫,少年男仆库洛,4477,20250701,499
20250701,影视动漫,玫瑰的故事,4463,20250701,500
20250701,影视动漫,书卷一梦电视剧全集,4462,20250701,501
20250701,影视动漫,藏海传剧情介绍,4461,20250701,502
20250701,影视动漫,欧美小电影免费观看高清完整版在线熊出没重返地球,4458,20250701,503
20250701,影视动漫,看片,4451,20250701,504
20250701,影视动漫,遮天,4447,20250701,505
20250701,影视动漫,以法之名免费观看全集,4437,20250701,506
20250701,影视动漫,玉女心经在线观看免费版电视剧全集,4432,20250701,507
20250701,影视动漫,一路朝阳电视剧免费观看全集完整版,4418,20250701,508
20250701,影视动漫,逆爱电视剧免费观看,4408,20250701,509
20250701,影视动漫,追剧达人,4402,20250701,510
20250701,影视动漫,法医秦明,4390,20250701,511
20250701,影视动漫,茶杯狐 Cupfox - 努力让找电影变得简单,4390,20250701,512
20250701,影视动漫,延禧攻略电视剧免费完整版在线观看,4386,20250701,513
20250701,影视动漫,心口不一泰剧在线观看免费,4385,20250701,514
20250701,影视动漫,美女被咬小头头的视频大全,4381,20250701,515
20250701,影视动漫,未知的首尔电视剧免费观看,4380,20250701,516
20250701,影视动漫,《逆爱》第7集,4377,20250701,517
20250701,影视动漫,少女潘金莲,4364,20250701,518
20250701,影视动漫,荐片,4361,20250701,519
20250701,影视动漫,七根心简电视剧免费观看完整版高清,4359,20250701,520
20250701,影视动漫,动画片,4355,20250701,521
20250701,影视动漫,淬火年代免费观看全集播放,4348,20250701,522
20250701,影视动漫,抖音客服电话24小时人工服务热线,4344,20250701,523
20250701,影视动漫,日本电影,4344,20250701,524
20250701,影视动漫,以爱为营电视剧在线观看免费版,4342,20250701,525
20250701,影视动漫,沧元图动漫全集免费观看高清正版,4326,20250701,526
20250701,影视动漫,无名之辈,4324,20250701,527
20250701,影视动漫,逆爱电视剧免费观看双男主,4323,20250701,528
20250701,影视动漫,满清十大酷刑全集完整版电影,4316,20250701,529
20250701,影视动漫,师兄啊师兄动漫全集免费观看,4314,20250701,530
20250701,影视动漫,猎魔女团,4306,20250701,531
20250701,影视动漫,欧美适合夫妻二人观看的家庭剧,4303,20250701,532
20250701,影视动漫,全员加速中2025免费观看完整版,4293,20250701,533
20250701,影视动漫,成何体统全集在线观看,4276,20250701,534
20250701,影视动漫,海贼王免费全集在线观看,4269,20250701,535
20250701,影视动漫,《逆爱》双男主电视剧免费观看,4269,20250701,536
20250701,影视动漫,橘祥如意电视剧,4264,20250701,537
20250701,影视动漫,赘婿,4260,20250701,538
20250701,影视动漫,国产在线观看免费高清电视剧大全,4245,20250701,539
20250701,影视动漫,成全电影大全在线观看高清免费播放电视剧,4235,20250701,540
20250701,影视动漫,以法之名几点更新,4232,20250701,541
20250701,影视动漫,仙逆动漫在线观看全集完整版高清,4229,20250701,542
20250701,影视动漫,汪汪队立大功全集免费,4228,20250701,543
20250701,影视动漫,异人之下,4227,20250701,544
20250701,影视动漫,剑来动漫在线观看免费完整版,4220,20250701,545
20250701,影视动漫,森林里的熊先生冬眠中动漫免费观看,4219,20250701,546
20250701,影视动漫,致命游戏,4210,20250701,547
20250701,影视动漫,抖音充值,4197,20250701,548
20250701,影视动漫,无忧渡,4192,20250701,549
20250701,影视动漫,b站,4179,20250701,550
20250701,影视动漫,光渊电视剧免费观看全集高清,4147,20250701,551
20250701,影视动漫,斗破苍穹年番在线观看完整版免费,4134,20250701,552
20250701,影视动漫,以法之名在线,4126,20250701,553
20250701,影视动漫,琅琊榜,4105,20250701,554
20250701,影视动漫,overflow第一季全集免费观看樱花动漫,4102,20250701,555
20250701,影视动漫,全职法师,4091,20250701,556
20250701,影视动漫,向风而行,4089,20250701,557
20250701,影视动漫,火影忍者720集全集在线看,4086,20250701,558
20250701,影视动漫,回复术士的重返人生免费观看,4083,20250701,559
20250701,影视动漫,电视剧推荐2025热播的剧,4082,20250701,560
20250701,影视动漫,雪中悍刀行,4064,20250701,561
20250701,影视动漫,庆余年第一季全集免费高清在线观看,4062,20250701,562
20250701,影视动漫,我们的宿舍,4042,20250701,563
20250701,影视动漫,如懿传,4033,20250701,564
20250701,影视动漫,"甜蜜惩罚2 我是看守专用宠物这部剧中的台词,你怎么看?",4032,20250701,565
20250701,影视动漫,理想之城电视剧免费观看完整版,4029,20250701,566
20250701,影视动漫,神马在线观看电影电视剧全部免费,4029,20250701,567
20250701,影视动漫,光渊,4018,20250701,568
20250701,影视动漫,青苹果影院,4010,20250701,569
20250701,影视动漫,全员加速中2025,4008,20250701,570
20250701,影视动漫,奔跑吧兄弟,4001,20250701,571
20250701,影视动漫,长安的荔枝电视剧在线观看,3996,20250701,572
20250701,影视动漫,密爱,3995,20250701,573
20250701,影视动漫,绽放的许开心电视剧免费观看,3982,20250701,574
20250701,影视动漫,桃花映江山剧情介绍,3975,20250701,575
20250701,影视动漫,潜渊演员表,3968,20250701,576
20250701,影视动漫,十八岁太奶奶驾到重整家族荣耀在线观看,3958,20250701,577
20250701,影视动漫,药屋少女的呢喃,3955,20250701,578
20250701,影视动漫,斗罗大陆1全集免费观看完整版,3952,20250701,579
20250701,影视动漫,黑暗荣耀,3951,20250701,580
20250701,影视动漫,卿卿日常电视剧全集免费观看,3944,20250701,581
20250701,影视动漫,分手清单,3937,20250701,582
20250701,影视动漫,小马宝莉,3936,20250701,583
20250701,影视动漫,湖南卫视节目表,3925,20250701,584
20250701,影视动漫,密爱电影版完整版免费观看高清,3925,20250701,585
20250701,影视动漫,绽放的许开心,3924,20250701,586
20250701,影视动漫,精英律师电视剧全集免费观看,3923,20250701,587
20250701,影视动漫,一念永恒在线观看第三季,3921,20250701,588
20250701,影视动漫,沧元图在线观看全集免费播放,3919,20250701,589
20250701,影视动漫,嘘国王在冬眠电视剧免费播放,3913,20250701,590
20250701,影视动漫,欢乐颂,3912,20250701,591
20250701,影视动漫,密室大逃脱,3911,20250701,592
20250701,影视动漫,长空之王,3906,20250701,593
20250701,影视动漫,以法之名电视剧在线观看免费高清,3899,20250701,594
20250701,影视动漫,星空影院免费观看电影,3891,20250701,595
20250701,影视动漫,以法之名在线播放全集,3883,20250701,596
20250701,影视动漫,谎言的诱惑,3881,20250701,597
20250701,影视动漫,jojo 的奇妙冒险,3879,20250701,598
20250701,影视动漫,《逆袭》电视剧双男主,3878,20250701,599
20250701,影视动漫,折腰演员表,3868,20250701,600
20250701,影视动漫,斗破苍穹年番在线观看免费观看完整版,3868,20250701,601
20250701,影视动漫,CCTV5十节目表今天内容,3858,20250701,602
20250701,影视动漫,动漫共和国,3854,20250701,603
20250701,影视动漫,因法之名剧情介绍,3853,20250701,604
20250701,影视动漫,出差3,3852,20250701,605
20250701,影视动漫,开始推理吧第三季免费观看,3844,20250701,606
20250701,影视动漫,cctv5,3838,20250701,607
20250701,影视动漫,潘金莲,3836,20250701,608
20250701,影视动漫,哈哈哈哈哈第五季,3826,20250701,609
20250701,影视动漫,葫芦娃,3822,20250701,610
20250701,影视动漫,焕羽电视剧免费观看全集完整版高清,3821,20250701,611
20250701,影视动漫,心口不一泰剧在线观看,3820,20250701,612
20250701,影视动漫,电视剧以法之名全集免费观看,3818,20250701,613
20250701,影视动漫,甜蜜惩罚在线观看完整免费版电视剧第五集,3814,20250701,614
20250701,影视动漫,每日大赛,3807,20250701,615
20250701,影视动漫,喜羊羊与灰太狼,3805,20250701,616
20250701,影视动漫,少年歌行,3800,20250701,617
20250701,影视动漫,《临江仙》免费看全集,3795,20250701,618
20250701,影视动漫,牵牛和仙女韩剧电视剧在线观看,3779,20250701,619
20250701,影视动漫,大陆剧以法之名在线观看,3778,20250701,620
20250701,影视动漫,逆爱更新时间,3777,20250701,621
20250701,影视动漫,抖音下载官方下载,3765,20250701,622
20250701,影视动漫,爱情公寓,3762,20250701,623
20250701,影视动漫,亲嘴视频,3760,20250701,624
20250701,影视动漫,青川入梦,3759,20250701,625
20250701,影视动漫,甜蜜惩罚第二季在线观看免费版完整版真人,3758,20250701,626
20250701,影视动漫,长安的荔枝电视剧,3758,20250701,627
20250701,影视动漫,动漫网站免费观看全集完整版视频第几集,3749,20250701,628
20250701,影视动漫,美女在线观看免费高清完整版在线观看明星大侦探,3743,20250701,629
20250701,影视动漫,tiktok,3741,20250701,630
20250701,影视动漫,奇优影院,3741,20250701,631
20250701,影视动漫,《桃花映江山》,3740,20250701,632
20250701,影视动漫,微微一笑很倾城电视剧全集免费观看,3737,20250701,633
20250701,影视动漫,长相思,3724,20250701,634
20250701,影视动漫,微微一笑很倾城,3720,20250701,635
20250701,影视动漫,借种之灭门惨案2国语版电影,3715,20250701,636
20250701,影视动漫,一路向西电影免费版完整版在线观看,3692,20250701,637
20250701,影视动漫,父母爱情电视剧免费观看完整版,3692,20250701,638
20250701,影视动漫,封神榜2战火西岐免费完整版,3690,20250701,639
20250701,影视动漫,柴鸡蛋新剧《逆爱》,3689,20250701,640
20250701,影视动漫,泰剧,3683,20250701,641
20250701,影视动漫,无所畏惧电视剧免费观看,3682,20250701,642
20250701,影视动漫,AAA免费观看电视剧,3676,20250701,643
20250701,影视动漫,无节操社团简谱第一季免费观看,3672,20250701,644
20250701,影视动漫,书卷一梦2025电视剧,3672,20250701,645
20250701,影视动漫,白月梵星免费完整版电视剧高清,3669,20250701,646
20250701,影视动漫,欲奴电视剧第一季免费观看,3666,20250701,647
20250701,影视动漫,五十度灰在线观看免费全集高清完整版,3662,20250701,648
20250701,影视动漫,欧美大片,3657,20250701,649
20250701,影视动漫,小巷人家演员表,3649,20250701,650
20250701,影视动漫,星辰变第6季第16集在线观看,3649,20250701,651
20250701,影视动漫,此去经年人未还全集免费观看,3639,20250701,652
20250701,影视动漫,临江仙电视剧,3637,20250701,653
20250701,影视动漫,央八新播《以法之名》,3631,20250701,654
20250701,影视动漫,恶魔高校,3620,20250701,655
20250701,影视动漫,淮水竹亭电视剧免费观看全集,3619,20250701,656
20250701,影视动漫,人生开门红电影在线观看免费高清,3605,20250701,657
20250701,影视动漫,我和我的祖国,3601,20250701,658
20250701,影视动漫,潜渊电视剧,3597,20250701,659
20250701,影视动漫,桃花坞第五季免费播放完整版,3588,20250701,660
20250701,影视动漫,直播,3586,20250701,661
20250701,影视动漫,伪装者电视剧全集免费观看,3586,20250701,662
20250701,影视动漫,疯狂动物城,3575,20250701,663
20250701,影视动漫,电视剧以法之名在线观看,3573,20250701,664
20250701,影视动漫,诛仙动漫第三季,3568,20250701,665
20250701,影视动漫,cctv1在线直播,3565,20250701,666
20250701,影视动漫,大地资源二中文在线影视观看,3552,20250701,667
20250701,影视动漫,奔跑吧第9季免费观看完整版视频,3547,20250701,668
20250701,影视动漫,免费视频,3546,20250701,669
20250701,影视动漫,夫妇联欢回不去的晚会,3541,20250701,670
20250701,影视动漫,逆爱第7-8,3539,20250701,671
20250701,影视动漫,甜蜜惩罚第二季在线观看免费版完整版,3536,20250701,672
20250701,影视动漫,金瓶双艳电视剧免费观看全集,3534,20250701,673
20250701,影视动漫,雁回时电视剧在线观看全集免费播放,3531,20250701,674
20250701,影视动漫,仙逆剧场版神临之战在线观看高清,3531,20250701,675
20250701,影视动漫,斗破苍穹年番免费高清观看,3530,20250701,676
20250701,影视动漫,《逆爱》电视剧,3528,20250701,677
20250701,影视动漫,猫和老鼠,3527,20250701,678
20250701,影视动漫,911行情网站直播高清版,3522,20250701,679
20250701,影视动漫,overflow免费观看动漫全集完整版,3493,20250701,680
20250701,影视动漫,姓爱自修室弟1季第二集在线观看,3487,20250701,681
20250701,影视动漫,桃花折江山电视剧全集免费观看,3478,20250701,682
20250701,影视动漫,书卷一梦电视剧免费观看完整版高清,3477,20250701,683
20250701,影视动漫,何以笙箫默电视剧全集免费播放,3476,20250701,684
20250701,影视动漫,tiktok下载,3476,20250701,685
20250701,影视动漫,南来北往电视剧免费观看完整版,3475,20250701,686
20250701,影视动漫,欧美,3469,20250701,687
20250701,影视动漫,完美世界动漫在线观看全集免费播放,3468,20250701,688
20250701,影视动漫,美女视频,3466,20250701,689
20250701,影视动漫,潜渊电视剧免费观看全集在线播放高清,3459,20250701,690
20250701,影视动漫,护宝寻踪电视剧免费播放在线观看,3457,20250701,691
20250701,影视动漫,最新电视剧,3454,20250701,692
20250701,影视动漫,逆爱双男主台湾电视剧,3453,20250701,693
20250701,影视动漫,电视剧大全免费全部在线观看,3453,20250701,694
20250701,影视动漫,假面骑士,3449,20250701,695
20250701,影视动漫,黑帮老大爱上我的三百六十五,3448,20250701,696
20250701,影视动漫,金瓶梅电视剧全集电视剧在线,3443,20250701,697
20250701,影视动漫,仙逆动漫在线观看完整版全集,3430,20250701,698
20250701,影视动漫,庆余年2,3430,20250701,699
20250701,影视动漫,五十公里桃花坞第五季免费观看完整版,3425,20250701,700
20250701,影视动漫,电视猫,3424,20250701,701
20250701,影视动漫,jojo的奇妙冒险星尘斗士,3423,20250701,702
20250701,影视动漫,高压监狱2在线观看完整免费高清原声满天星2019,3415,20250701,703
20250701,影视动漫,洗屋先生,3414,20250701,704
20250701,影视动漫,央视CCTV5直播,3412,20250701,705
20250701,影视动漫,《书卷一梦》免费观看,3412,20250701,706
20250701,影视动漫,韩剧tv,3408,20250701,707
20250701,影视动漫,父母爱情,3404,20250701,708
20250701,影视动漫,电影免费观看高清完整版在线观看熊出没重返,3401,20250701,709
20250701,影视动漫,在线观看免费观看在线nba17.,3401,20250701,710
20250701,影视动漫,云之羽电视剧全集在线观看完整版,3393,20250701,711
20250701,影视动漫,《书卷一梦》电视剧,3387,20250701,712
20250701,影视动漫,男生女生一起免费观看全集高清完整版电视剧,3377,20250701,713
20250701,影视动漫,苹果电影,3376,20250701,714
20250701,影视动漫,一生一世电视剧在线高清免费观看,3373,20250701,715
20250701,影视动漫,泰坦尼克号,3372,20250701,716
20250701,影视动漫,人猿泰山hr版 在线完整版,3372,20250701,717
20250701,影视动漫,飞极速,3369,20250701,718
20250701,影视动漫,惊变在线观看完整版电视剧免费,3367,20250701,719
20250701,影视动漫,芒果tv,3364,20250701,720
20250701,影视动漫,书卷一梦免费观看全集完整版高清,3364,20250701,721
20250701,影视动漫,男男免费观看高清完整版在线观看熊出没重返地球,3362,20250701,722
20250701,影视动漫,临江仙 电视剧,3353,20250701,723
20250701,影视动漫,怪盗基德,3345,20250701,724
20250701,影视动漫,向风而行电视剧全集免费完整,3337,20250701,725
20250701,影视动漫,鱿鱼游找3,3336,20250701,726
20250701,影视动漫,票房,3335,20250701,727
20250701,影视动漫,十八岁太奶奶驾到重整家族荣耀短剧,3320,20250701,728
20250701,影视动漫,火红年华,3307,20250701,729
20250701,影视动漫,鱿鱼游戏2,3307,20250701,730
20250701,影视动漫,一起看,3307,20250701,731
20250701,影视动漫,麻花特开心第二季,3304,20250701,732
20250701,影视动漫,笼中鸟,3302,20250701,733
20250701,影视动漫,这是我的西游,3299,20250701,734
20250701,影视动漫,鱿鱼游戏第二季,3297,20250701,735
20250701,影视动漫,斗破苍穹年番版在线观看免费完整版影视,3295,20250701,736
20250701,影视动漫,美女打屁股,3292,20250701,737
20250701,影视动漫,文豪野犬,3291,20250701,738
20250701,影视动漫,我们的宿舍综艺免费观看,3288,20250701,739
20250701,影视动漫,freeok,3287,20250701,740
20250701,影视动漫,以法之名电视剧免费观看在线播放,3286,20250701,741
20250701,影视动漫,开元视频免费观看全集完整版高清,3286,20250701,742
20250701,影视动漫,鹦鹉电视剧,3284,20250701,743
20250701,影视动漫,牧神记动漫全集免费观看,3283,20250701,744
20250701,影视动漫,哪吒2什么时候在平台上映,3283,20250701,745
20250701,影视动漫,死神来了6高清完整在线观看,3282,20250701,746
20250701,影视动漫,抖音官方充值入口,3279,20250701,747
20250701,影视动漫,桃花映江山刘学义免费,3276,20250701,748
20250701,影视动漫,建党伟业,3273,20250701,749
20250701,影视动漫,《逆爱》第8集,3271,20250701,750
20250701,影视动漫,以法之名在线看,3262,20250701,751
20250701,影视动漫,五福临门,3254,20250701,752
20250701,影视动漫,我和黑道老大的三百六十五天电影2 中圣诞节歌曲,3253,20250701,753
20250701,影视动漫,《以法之名》全集免费观看,3253,20250701,754
20250701,影视动漫,以法之名在线观看免费版高清,3243,20250701,755
20250701,影视动漫,桃花映江山在线观看免费完整版,3240,20250701,756
20250701,影视动漫,哪吒之魔童闹海,3240,20250701,757
20250701,影视动漫,独眼的残像免费观看完整版,3222,20250701,758
20250701,影视动漫,杨紫演的电视剧全部,3221,20250701,759
20250701,影视动漫,黑皮辣妹是我的兄弟免费观看动漫完整版,3218,20250701,760
20250701,影视动漫,淬火年代剧情介绍,3212,20250701,761
20250701,影视动漫,影院,3212,20250701,762
20250701,影视动漫,锦绣芳华24集全免费观看视频杨紫,3209,20250701,763
20250701,影视动漫,731什么时候上映,3202,20250701,764
20250701,影视动漫,藏海传免费观看全集在线播放,3197,20250701,765
20250701,影视动漫,五哈5免费观看完整版在线播放,3192,20250701,766
20250701,影视动漫,藏海传电视剧免费观看,3189,20250701,767
20250701,影视动漫,芒果TV,3186,20250701,768
20250701,影视动漫,花与蛇,3176,20250701,769
20250701,影视动漫,狐妖小红娘,3172,20250701,770
20250701,影视动漫,虎牙,3164,20250701,771
20250701,影视动漫,大尺度电影,3164,20250701,772
20250701,影视动漫,名侦探柯南剧场版,3160,20250701,773
20250701,影视动漫,陌陌影视在线观看高清完整版,3157,20250701,774
20250701,影视动漫,海绵宝宝,3151,20250701,775
20250701,影视动漫,大明风华,3137,20250701,776
20250701,影视动漫,成全影院在线观看免费高清完整版电视剧,3135,20250701,777
20250701,影视动漫,焕羽电视剧免费观看全集完整版,3132,20250701,778
20250701,影视动漫,《以法之名》,3130,20250701,779
20250701,影视动漫,韩国非常大度的原声片段,3128,20250701,780
20250701,影视动漫,雪迷宫,3127,20250701,781
20250701,影视动漫,抖音官网,3126,20250701,782
20250701,影视动漫,伦理,3121,20250701,783
20250701,影视动漫,平凡的世界,3121,20250701,784
20250701,影视动漫,激情床戏,3119,20250701,785
20250701,影视动漫,风筝电视剧在线观看全集免费播放,3117,20250701,786
20250701,影视动漫,吞噬星空全集免费观看完整版高清,3116,20250701,787
20250701,影视动漫,红果免短刷,3113,20250701,788
20250701,影视动漫,潜伏电视剧免费观看,3112,20250701,789
20250701,影视动漫,珠帘玉幕电视剧免费观看完整版,3111,20250701,790
20250701,影视动漫,哪吒2魔童闹海,3109,20250701,791
20250701,影视动漫,去有风的地方,3103,20250701,792
20250701,影视动漫,最近韩国电影片在线观看完整版,3102,20250701,793
20250701,影视动漫,蜗牛视频,3102,20250701,794
20250701,影视动漫,向涟苍生献上纯洁动漫完整版,3097,20250701,795
20250701,影视动漫,进击的巨人第一季在线观看,3097,20250701,796
20250701,影视动漫,奸魔,3094,20250701,797
20250701,影视动漫,国色芳华第二部什么时候播出,3094,20250701,798
20250701,影视动漫,锦绣芳华电视剧在线观看,3094,20250701,799
20250701,影视动漫,25岁女高中生动漫在线观看完整免费版电视剧第五集,3093,20250701,800
20250701,影视动漫,白月梵星电视剧免费观看完整版高清,3087,20250701,801
20250701,影视动漫,人人剧场,3086,20250701,802
20250701,影视动漫,已法之名电视剧,3084,20250701,803
20250701,影视动漫,枫与铃第一季全集电视剧免费播放,3080,20250701,804
20250701,影视动漫,五哈第一季,3079,20250701,805
20250701,影视动漫,以法之名剧情简介详细,3079,20250701,806
20250701,影视动漫,潜伏,3079,20250701,807
20250701,影视动漫,告诉我你想要什么在线观看电影,3074,20250701,808
20250701,影视动漫,一卷书梦电视剧免费观看,3073,20250701,809
20250701,影视动漫,孟子义桃花映江山电视剧免费观看,3070,20250701,810
20250701,影视动漫,秦始皇,3069,20250701,811
20250701,影视动漫,逆袭双男主电视剧全集免费观看,3066,20250701,812
20250701,影视动漫,逆爱第八集免费观看,3063,20250701,813
20250701,影视动漫,侏罗纪世界4重生在线观看完整版,3053,20250701,814
20250701,影视动漫,初恋时间动漫1-6集免费观看,3053,20250701,815
20250701,影视动漫,哈哈哈哈哈第一季,3049,20250701,816
20250701,影视动漫,诛仙,3046,20250701,817
20250701,影视动漫,泰圈,3043,20250701,818
20250701,影视动漫,死亡笔记,3042,20250701,819
20250701,影视动漫,永远的第一名,3037,20250701,820
20250701,影视动漫,一人之下,3019,20250701,821
20250701,影视动漫,墨雨云间,3018,20250701,822
20250701,影视动漫,杨紫《锦绣芳华》观看,3008,20250701,823
20250701,影视动漫,樱花动漫专注的门户网站-专注的门户,3006,20250701,824
20250701,影视动漫,你比星光美丽电视剧免费观看,2999,20250701,825
20250701,影视动漫,成全高清免费完整观看,2997,20250701,826
20250701,影视动漫,哪吒之魔瞳闹海,2996,20250701,827
20250701,影视动漫,家有女友,2992,20250701,828
20250701,影视动漫,今日关注,2987,20250701,829
20250701,影视动漫,恋爱之瘾完整版在线全集免费观看,2987,20250701,830
20250701,影视动漫,咒术回战,2985,20250701,831
20250701,影视动漫,日本动漫,2985,20250701,832
20250701,影视动漫,抖音月付在哪里关闭,2982,20250701,833
20250701,影视动漫,韩剧网,2981,20250701,834
20250701,影视动漫,韩国大片,2977,20250701,835
20250701,影视动漫,世俱杯直播在线观看,2971,20250701,836
20250701,影视动漫,电视剧以法之名,2970,20250701,837
20250701,影视动漫,人世间,2968,20250701,838
20250701,影视动漫,临江仙演员表,2964,20250701,839
20250701,影视动漫,人世间电视剧在线观看免费完整版,2963,20250701,840
20250701,影视动漫,玉女心经在线观看完整版电视剧免费,2959,20250701,841
20250701,影视动漫,逆爱台剧双男主免费播放,2959,20250701,842
20250701,影视动漫,窝窝网电影电视剧,2955,20250701,843
20250701,影视动漫,秋霞电影,2955,20250701,844
20250701,影视动漫,江河之上演员表,2954,20250701,845
20250701,影视动漫,电视剧春晖剧情介绍,2952,20250701,846
20250701,影视动漫,可可影视,2949,20250701,847
20250701,影视动漫,斗破苍穹年番全集免费完整版在线观看高清,2947,20250701,848
20250701,影视动漫,生命中的好日子电视剧全集观看免费,2942,20250701,849
20250701,影视动漫,《以法之名》电视剧全集免费观看,2942,20250701,850
20250701,影视动漫,以法为名,2940,20250701,851
20250701,影视动漫,余生请多指教在线观看免费全集,2934,20250701,852
20250701,影视动漫,盗墓笔记,2933,20250701,853
20250701,影视动漫,觉醒年代,2933,20250701,854
20250701,影视动漫,临江仙电视剧免费观看,2926,20250701,855
20250701,影视动漫,欧美电影免费观看高清完整版在线观看熊出没 逆转时空,2925,20250701,856
20250701,影视动漫,全职高手,2924,20250701,857
20250701,影视动漫,逆爱双男主电视剧免费观看,2921,20250701,858
20250701,影视动漫,时间之子,2921,20250701,859
20250701,影视动漫,下水道的美人鱼,2919,20250701,860
20250701,影视动漫,灵笼,2915,20250701,861
20250701,影视动漫,亲吻刺激战场视频大全真人版免费观看,2910,20250701,862
20250701,影视动漫,555电影,2909,20250701,863
20250701,影视动漫,女子推理社第二季综艺免费观看全集,2906,20250701,864
20250701,影视动漫,终极笔记电视剧免费观看完整版,2905,20250701,865
20250701,影视动漫,白色城堡电视剧在线观看免费,2905,20250701,866
20250701,影视动漫,柑橘味香气,2904,20250701,867
20250701,影视动漫,沧元图,2902,20250701,868
20250701,影视动漫,《逆袭》by柴鸡蛋电视剧在线观看,2899,20250701,869
20250701,影视动漫,短剧大全免费观看,2895,20250701,870
20250701,影视动漫,郑钦文今晚比赛直播 CCTV5节目表,2890,20250701,871
20250701,影视动漫,影音先锋,2884,20250701,872
20250701,影视动漫,偷窥,2883,20250701,873
20250701,影视动漫,朱雀堂电视剧免费观看,2882,20250701,874
20250701,影视动漫,甄嬛传1-76全集免费完整版,2873,20250701,875
20250701,影视动漫,还珠格格,2872,20250701,876
20250701,影视动漫,免费观看,2870,20250701,877
20250701,影视动漫,偷窥者,2864,20250701,878
20250701,影视动漫,抖漫,2862,20250701,879
20250701,影视动漫,蔷薇之刃短剧,2862,20250701,880
20250701,影视动漫,沉香如屑电视剧免费观看完整版,2860,20250701,881
20250701,影视动漫,无尽的尽头在线播放全集,2843,20250701,882
20250701,影视动漫,亲爱的仇敌剧情介绍,2840,20250701,883
20250701,影视动漫,麻花特开心第二季免费观看,2834,20250701,884
20250701,影视动漫,抖音极速版下载最新版,2829,20250701,885
20250701,影视动漫,电影票房,2829,20250701,886
20250701,影视动漫,书卷一梦电视剧全集免费观看,2824,20250701,887
20250701,影视动漫,新说唱2025,2821,20250701,888
20250701,影视动漫,以法之名免费观看,2821,20250701,889
20250701,影视动漫,八戒影院,2820,20250701,890
20250701,影视动漫,豺狼的日子,2816,20250701,891
20250701,影视动漫,天龙八部,2816,20250701,892
20250701,影视动漫,猎金游戏电影免费观看高清完整版,2815,20250701,893
20250701,影视动漫,神秘电影,2815,20250701,894
20250701,影视动漫,锦绣芳华在哪个台播出,2814,20250701,895
20250701,影视动漫,我的后半生电视剧免费观看完整版,2813,20250701,896
20250701,影视动漫,宁安如梦,2808,20250701,897
20250701,影视动漫,藏海传在线观看,2808,20250701,898
20250701,影视动漫,爱恋2015在线观看完整免费全集高清,2807,20250701,899
20250701,影视动漫,繁花,2800,20250701,900
20250701,影视动漫,大眼视频,2791,20250701,901
20250701,影视动漫,以法为名电视剧在线观看免费高清,2785,20250701,902
20250701,影视动漫,跑男2025最新一期高清免费观看,2785,20250701,903
20250701,影视动漫,王子的本命是恶役千金,2784,20250701,904
20250701,影视动漫,无耻之徒第一季在线观看免费完整版电视剧高清,2784,20250701,905
20250701,影视动漫,jmcomic1.8.0,2783,20250701,906
20250701,影视动漫,cctv5节目直播,2782,20250701,907
20250701,影视动漫,美女视频写真,2782,20250701,908
20250701,影视动漫,《小巷人家》电视剧,2782,20250701,909
20250701,影视动漫,魔道祖师动漫全集免费观看完整版,2781,20250701,910
20250701,影视动漫,大风杀,2780,20250701,911
20250701,影视动漫,继母,2777,20250701,912
20250701,影视动漫,时光正好电视剧免费观看,2776,20250701,913
20250701,影视动漫,《逆爱》网剧在线观看全集,2775,20250701,914
20250701,影视动漫,哥哥你别跑,2775,20250701,915
20250701,影视动漫,雷霆特工队,2774,20250701,916
20250701,影视动漫,红岩,2768,20250701,917
20250701,影视动漫,西游记86版全集,2767,20250701,918
20250701,影视动漫,不忠2,2767,20250701,919
20250701,影视动漫,法国空姐在线观看完整免费高清原声满天星奔跑吧emmmm,2764,20250701,920
20250701,影视动漫,这是我的西游综艺免费观看完整版,2760,20250701,921
20250701,影视动漫,完美搭档,2756,20250701,922
20250701,影视动漫,藏海传演员全名单,2754,20250701,923
20250701,影视动漫,张译新剧以法之名在线观看,2753,20250701,924
20250701,影视动漫,狼牙山五壮士,2753,20250701,925
20250701,影视动漫,点燃我温暖你电视剧免费观看,2749,20250701,926
20250701,影视动漫,欧美电影免费观看高清完整版在线熊出没重返地球,2748,20250701,927
20250701,影视动漫,猎魔女团在线播放免费观看,2742,20250701,928
20250701,影视动漫,流金岁月电视剧全集免费观看,2725,20250701,929
20250701,影视动漫,就算是爸爸也想谈恋爱的动漫,2723,20250701,930
20250701,影视动漫,这是我的西游综艺免费观看,2723,20250701,931
20250701,影视动漫,9.1短视1.0破解版,2720,20250701,932
20250701,影视动漫,免费追短剧软件 全免费,2716,20250701,933
20250701,影视动漫,图书馆女友全集动画免费版,2716,20250701,934
20250701,影视动漫,出包王女,2712,20250701,935
20250701,影视动漫,一路生花,2710,20250701,936
20250701,影视动漫,疯狂的牢笼,2703,20250701,937
20250701,影视动漫,依法之名,2703,20250701,938
20250701,影视动漫,亮剑,2702,20250701,939
20250701,影视动漫,刑警的日子电视剧免费播放完整版,2699,20250701,940
20250701,影视动漫,无所畏惧,2694,20250701,941
20250701,影视动漫,情爱电影免费观看高清完整版在线观看熊出没重返地球,2694,20250701,942
20250701,影视动漫,青云志,2688,20250701,943
20250701,影视动漫,yy4480,2687,20250701,944
20250701,影视动漫,逆爱第七集全集在线观看免费,2687,20250701,945
20250701,影视动漫,cctv6节目表,2687,20250701,946
20250701,影视动漫,以法之名电视连续剧,2684,20250701,947
20250701,影视动漫,白色橄榄树电视剧完整版免费观看,2683,20250701,948
20250701,影视动漫,风筝,2683,20250701,949
20250701,影视动漫,小欢喜电视剧免费观看全集,2681,20250701,950
20250701,影视动漫,遵义会议,2678,20250701,951
20250701,影视动漫,国产在线观看免费播放电视剧,2678,20250701,952
20250701,影视动漫,以法之名17集,2675,20250701,953
20250701,影视动漫,我的妈妈动漫日语配音版免费观看,2673,20250701,954
20250701,影视动漫,731,2671,20250701,955
20250701,影视动漫,我的错误,2671,20250701,956
20250701,影视动漫,海洋之恋,2665,20250701,957
20250701,影视动漫,好看的电视剧推荐几部,2665,20250701,958
20250701,影视动漫,惊变电视剧免费观看全集完整版高清,2665,20250701,959
20250701,影视动漫,重生巨星泰剧在线观看,2662,20250701,960
20250701,影视动漫,许我耀眼电视剧免费观看,2654,20250701,961
20250701,影视动漫,满天星电影在线观看完整免费,2654,20250701,962
20250701,影视动漫,锦绣芳华2电视剧在线观看免费高清版全集,2649,20250701,963
20250701,影视动漫,望道,2645,20250701,964
20250701,影视动漫,千与千寻,2642,20250701,965
20250701,影视动漫,图书馆的女友在线观看动漫完整免费版电视剧第五集,2639,20250701,966
20250701,影视动漫,鬼迷心窍电影完整版在线观看,2636,20250701,967
20250701,影视动漫,逆爱网剧免费观看高清,2633,20250701,968
20250701,影视动漫,《七根心简》电视剧在线观看,2631,20250701,969
20250701,影视动漫,我的前半生,2628,20250701,970
20250701,影视动漫,缘之空在线观看动漫高清免费,2628,20250701,971
20250701,影视动漫,做aj的小视频大全,2627,20250701,972
20250701,影视动漫,猪猪侠之竞速小英雄9,2627,20250701,973
20250701,影视动漫,满清十大酷刑,2626,20250701,974
20250701,影视动漫,亚洲免费观看高清完整版在线观看熊出没重返地球,2625,20250701,975
20250701,影视动漫,男同电影观看完整版大结局,2622,20250701,976
20250701,影视动漫,男女生在一起愁愁愁在线观看视频素材可以不截什么,2618,20250701,977
20250701,影视动漫,灵笼第一季,2617,20250701,978
20250701,影视动漫,后宫露营在线观看完整版动漫普通话谍战迷,2616,20250701,979
20250701,影视动漫,逆袭之爱情敌电视剧,2611,20250701,980
20250701,影视动漫,书卷一梦免费观看,2610,20250701,981
20250701,影视动漫,让我来唱,2607,20250701,982
20250701,影视动漫,哔哩哔哩官网,2605,20250701,983
20250701,影视动漫,中餐厅第九季免费观看完整版视频,2597,20250701,984
20250701,影视动漫,柯南剧场版,2592,20250701,985
20250701,影视动漫,甄嬛传免费完整版在线观看电视剧,2592,20250701,986
20250701,影视动漫,逆爱8集播放,2583,20250701,987
20250701,影视动漫,绝世唐门动漫在线观看免费完整版,2582,20250701,988
20250701,影视动漫,桃花映江山免费观看全集,2582,20250701,989
20250701,影视动漫,6080新视觉电影免费播放,2581,20250701,990
20250701,影视动漫,恐怖片,2580,20250701,991
20250701,影视动漫,任长霞,2578,20250701,992
20250701,影视动漫,北上电视剧免费观看全集完整版,2578,20250701,993
20250701,影视动漫,cctv5 节目表,2577,20250701,994
20250701,影视动漫,libvio,2571,20250701,995
20250701,影视动漫,长月烬明电视剧免费观看完整版,2568,20250701,996
20250701,影视动漫,猎罪图鉴2,2564,20250701,997
20250701,影视动漫,因法之名电视剧全集免费播放,2563,20250701,998
20250701,影视动漫,那年花开月正圆免费观看全集,2562,20250701,999
20250701,影视动漫,80s,2559,20250701,1000
20250701,影视动漫,成全高清免费,2557,20250701,1001
20250701,影视动漫,红桃影院电视剧在线播放免费观看高清,2549,20250701,1002
20250701,影视动漫,开心锤锤,2547,20250701,1003
20250701,影视动漫,花前喜事短剧免费观看,2545,20250701,1004
20250701,影视动漫,大梦归离电视剧免费观看全集在线播放,2544,20250701,1005
20250701,影视动漫,周生如故在线播放免费观看全集,2544,20250701,1006
20250701,影视动漫,白云视频,2543,20250701,1007
20250701,影视动漫,古惑仔,2543,20250701,1008
20250701,影视动漫,沧元图动漫全集免费观看高清,2542,20250701,1009
20250701,影视动漫,仙台有树电视剧免费观看全集高清完整版,2541,20250701,1010
20250701,影视动漫,人间中毒在线观看完整免费全集高清,2541,20250701,1011
20250701,影视动漫,恐怖视频,2540,20250701,1012
20250701,影视动漫,香蜜沉沉烬如霜,2535,20250701,1013
20250701,影视动漫,横风动漫,2533,20250701,1014
20250701,影视动漫,中餐厅第9季,2533,20250701,1015
20250701,影视动漫,动漫片子,2530,20250701,1016
20250701,影视动漫,火影忍者女角色流眼泪翻白眼流口水的和眼睛扩散,2528,20250701,1017
20250701,影视动漫,法国空姐电影,2528,20250701,1018
20250701,影视动漫,名侦探柯普通话免费观看,2526,20250701,1019
20250701,影视动漫,雍正王朝,2522,20250701,1020
20250701,影视动漫,塔吊工竟是黑客大帝短剧,2520,20250701,1021
20250701,影视动漫,墨雨云间电视剧免费观看全集高清,2518,20250701,1022
20250701,影视动漫,小欢喜,2518,20250701,1023
20250701,影视动漫,折腰剧情介绍,2517,20250701,1024
20250701,影视动漫,少年歌行电视剧免费观看全集,2512,20250701,1025
20250701,影视动漫,射雕英雄传,2510,20250701,1026
20250701,影视动漫,迪迦奥特曼,2508,20250701,1027
20250701,影视动漫,掌上娇短剧全集免费播放,2505,20250701,1028
20250701,影视动漫,熊出没之重启未来免费观看完整版,2505,20250701,1029
20250701,影视动漫,freeok追剧免费观看,2504,20250701,1030
20250701,影视动漫,哪吒2免费观看完整版大电影,2500,20250701,1031
20250701,影视动漫,猫眼实时票房,2499,20250701,1032
20250701,影视动漫,唐朝诡事录之西行,2497,20250701,1033
20250701,影视动漫,唐探1900免费观看电影完整版,2490,20250701,1034
20250701,影视动漫,芈月传电视剧全集在线观看免费版,2489,20250701,1035
20250701,影视动漫,高压监狱完整版在线观看完整免费高清原声满天星感恩,2487,20250701,1036
20250701,影视动漫,密室大逃脱第六季免费观看完整版,2487,20250701,1037
20250701,影视动漫,淬火年代1-40集免费播放剧情,2486,20250701,1038
20250701,影视动漫,国色芳华演员表,2485,20250701,1039
20250701,影视动漫,cctv13新闻频道在线直播观看,2472,20250701,1040
20250701,影视动漫,少女大人在线观看全集免费高清,2471,20250701,1041
20250701,影视动漫,潘金莲之前世今生在线观看免费高清电视剧,2468,20250701,1042
20250701,影视动漫,肖申克的救赎,2466,20250701,1043
20250701,影视动漫,策驰影视,2465,20250701,1044
20250701,影视动漫,加勒比女海盗,2462,20250701,1045
20250701,影视动漫,变形金刚,2457,20250701,1046
20250701,影视动漫,吃播美食视频,2455,20250701,1047
20250701,影视动漫,青梅竹马是消防员,2452,20250701,1048
20250701,影视动漫,西瓜影院,2451,20250701,1049
20250701,影视动漫,凡人歌电视剧完整版免费观看高清,2448,20250701,1050
20250701,影视动漫,斗破苍穹在线观看全集免费播放,2447,20250701,1051
20250701,影视动漫,苍兰诀在线观看完整免费版电视剧,2445,20250701,1052
20250701,影视动漫,CCTV5十今天节目单表(全部),2445,20250701,1053
20250701,影视动漫,逆爱2025电视剧免费观看全集,2444,20250701,1054
20250701,影视动漫,逆爱1-24集全免费播放优酷,2439,20250701,1055
20250701,影视动漫,爱看机器人,2439,20250701,1056
20250701,影视动漫,全球票房排行榜,2436,20250701,1057
20250701,影视动漫,正阳门下电视剧全集免费观看,2429,20250701,1058
20250701,影视动漫,花千骨,2427,20250701,1059
20250701,影视动漫,韶华若锦电视剧,2427,20250701,1060
20250701,影视动漫,分手清单在线观看完整版电影,2426,20250701,1061
20250701,影视动漫,种地吧第三季在线观看全集免费播放,2425,20250701,1062
20250701,影视动漫,omofun,2420,20250701,1063
20250701,影视动漫,桃花映江山电视剧免费观看全集高清,2417,20250701,1064
20250701,影视动漫,赶尸艳谈,2417,20250701,1065
20250701,影视动漫,余罪,2415,20250701,1066
20250701,影视动漫,非人哉,2414,20250701,1067
20250701,影视动漫,《临江仙》高清在线观看,2412,20250701,1068
20250701,影视动漫,三生三世十里桃花在线全集免费观看,2412,20250701,1069
20250701,影视动漫,楚汉传奇,2410,20250701,1070
20250701,影视动漫,片库免费高清电影网在线观看手机电视,2409,20250701,1071
20250701,影视动漫,爱你电视剧免费观看全集在线播放,2408,20250701,1072
20250701,影视动漫,漫长的季节,2405,20250701,1073
20250701,影视动漫,水饺皇后电影免费播放在线观看国语,2404,20250701,1074
20250701,影视动漫,成熟5,2404,20250701,1075
20250701,影视动漫,一句顶一万句,2400,20250701,1076
20250701,影视动漫,电视剧桃花映江山免费观看,2399,20250701,1077
20250701,影视动漫,死神来了6完整版高清在线观看,2396,20250701,1078
20250701,影视动漫,日韩免费观看完整的电视剧,2393,20250701,1079
20250701,影视动漫,已满十八岁免费观看电视剧的软件,2392,20250701,1080
20250701,影视动漫,楚汉传奇1-80全集完整版,2388,20250701,1081
20250701,影视动漫,亲爱的仇敌 电视剧,2384,20250701,1082
20250701,影视动漫,回复术士之重启人生动漫免费观看,2383,20250701,1083
20250701,影视动漫,acfan,2383,20250701,1084
20250701,影视动漫,爱情公寓2,2381,20250701,1085
20250701,影视动漫,喜爱夜蒲,2378,20250701,1086
20250701,影视动漫,天下同心演员表,2378,20250701,1087
20250701,影视动漫,亲爱的仇敌,2378,20250701,1088
20250701,影视动漫,人生若只如初见,2377,20250701,1089
20250701,影视动漫,西西里的美丽传说,2376,20250701,1090
20250701,影视动漫,你微笑时很美在线观看免费高清完整版,2376,20250701,1091
20250701,影视动漫,我的人间烟火电视剧全集免费观看,2376,20250701,1092
20250701,影视动漫,外出2,2372,20250701,1093
20250701,影视动漫,溺爱电视剧双男主免费观看全集,2372,20250701,1094
20250701,影视动漫,牵牛和仙女,2370,20250701,1095
20250701,影视动漫,纯真时代韩国电影完整免费,2370,20250701,1096
20250701,影视动漫,亲爱的你电视剧,2370,20250701,1097
20250701,影视动漫,中央五台节目表,2370,20250701,1098
20250701,影视动漫,天道电视剧全集免费观看播放,2369,20250701,1099
20250701,影视动漫,逆爱全集,2366,20250701,1100
20250701,影视动漫,gagaoolala安卓下载,2366,20250701,1101
20250701,影视动漫,雁回时,2365,20250701,1102
20250701,影视动漫,"挣扎吧,亚当君在线播放全集免费观看",2364,20250701,1103
20250701,影视动漫,牧神记,2362,20250701,1104
20250701,影视动漫,实时票房,2361,20250701,1105
20250701,影视动漫,日剧,2361,20250701,1106
20250701,影视动漫,逆爱网剧,2361,20250701,1107
20250701,影视动漫,阴阳双魔,2361,20250701,1108
20250701,影视动漫,亲爱的仇敌电视剧免费观看完整版,2353,20250701,1109
20250701,影视动漫,歌唱祖国,2352,20250701,1110
20250701,影视动漫,绝密较量电视剧全集免费观看高清,2351,20250701,1111
20250701,影视动漫,奔跑吧兄弟第一季,2350,20250701,1112
20250701,影视动漫,终极笔记,2349,20250701,1113
20250701,影视动漫,亢奋,2347,20250701,1114
20250701,影视动漫,桃花映江山免费看全集,2344,20250701,1115
20250701,影视动漫,以法之名在线观看完整版电视剧,2343,20250701,1116
20250701,影视动漫,花吻在上,2342,20250701,1117
20250701,影视动漫,韩国电影在线观看,2342,20250701,1118
20250701,影视动漫,僵尸先生,2339,20250701,1119
20250701,影视动漫,猎毒人电视剧全集免费观看完整版,2337,20250701,1120
20250701,影视动漫,蘑菇视频nba,2334,20250701,1121
20250701,影视动漫,书卷一梦在哪个平台播出,2332,20250701,1122
20250701,影视动漫,洗屋先生我怎么跟这个家伙在一起的第二季,2332,20250701,1123
20250701,影视动漫,以法之名全集免费观看,2330,20250701,1124
20250701,影视动漫,749局是真实存在的吗,2327,20250701,1125
20250701,影视动漫,我为卿 狂 免费观看,2324,20250701,1126
20250701,影视动漫,以家人之名,2323,20250701,1127
20250701,影视动漫,大宅门,2322,20250701,1128
20250701,影视动漫,张译新剧《以法之名》,2321,20250701,1129
20250701,影视动漫,吃播,2320,20250701,1130
20250701,影视动漫,逆爱双男主全集免费播放2025,2318,20250701,1131
20250701,影视动漫,因法之名全集免费观看,2316,20250701,1132
20250701,影视动漫,长安十二时辰,2314,20250701,1133
20250701,影视动漫,哈哈哈哈哈,2310,20250701,1134
20250701,影视动漫,电影网,2308,20250701,1135
20250701,影视动漫,扫黑风暴,2307,20250701,1136
20250701,影视动漫,《逆爱》电视剧双男主免费观看全集,2307,20250701,1137
20250701,影视动漫,极速恋人2泰剧在线观看,2307,20250701,1138
20250701,影视动漫,明明不喜欢 日剧,2305,20250701,1139
20250701,影视动漫,塔尔萨之王,2303,20250701,1140
20250701,影视动漫,365大佬爱上我第一季全集未删减,2300,20250701,1141
20250701,影视动漫,书卷一梦免费观看完整版,2300,20250701,1142
20250701,影视动漫,边水往事,2299,20250701,1143
20250701,影视动漫,电影免费观看电影在线播放,2299,20250701,1144
20250701,影视动漫,雪豹,2298,20250701,1145
20250701,影视动漫,逆爱电视剧在线观看免费高清,2297,20250701,1146
20250701,影视动漫,人生若如初见,2296,20250701,1147
20250701,影视动漫,天官赐福第一季动漫免费观看,2295,20250701,1148
20250701,影视动漫,书卷一梦全集在线观看,2294,20250701,1149
20250701,影视动漫,归路电视剧免费版在线观看全集,2292,20250701,1150
20250701,影视动漫,逆爱by柴鸡蛋,2290,20250701,1151
20250701,影视动漫,全职猎人,2290,20250701,1152
20250701,影视动漫,蘑菇视频在线观看免费高清完整版在线观看明星大侦探6,2289,20250701,1153
20250701,影视动漫,潜渊一共多少集,2287,20250701,1154
20250701,影视动漫,欢乐颂1电视剧全集免费观看,2287,20250701,1155
20250701,影视动漫,僧侣之夜动漫全集免费观看,2286,20250701,1156
20250701,影视动漫,爱恋,2285,20250701,1157
20250701,影视动漫,神雕侠侣,2285,20250701,1158
20250701,影视动漫,好团圆电视剧免费观看完整版,2283,20250701,1159
20250701,影视动漫,一念关山电视剧全集免费观看,2282,20250701,1160
20250701,影视动漫,倚天屠龙记,2279,20250701,1161
20250701,影视动漫,武林外传,2278,20250701,1162
20250701,影视动漫,酱园弄悬案电影免费普通话在线观看,2277,20250701,1163
20250701,影视动漫,乱世佳人,2275,20250701,1164
20250701,影视动漫,巴士档案站,2274,20250701,1165
20250701,影视动漫,逆爱第7集免费观看,2274,20250701,1166
20250701,影视动漫,天蝎座之夜3免费完整版,2273,20250701,1167
20250701,影视动漫,金瓶梅电视剧全集电视剧在线看高清,2271,20250701,1168
20250701,影视动漫,无耻之徒第二季,2270,20250701,1169
20250701,影视动漫,吻戏原声不带背景音乐女主发嗯声强吻,2268,20250701,1170
20250701,影视动漫,鬼吹灯,2268,20250701,1171
20250701,影视动漫,jojo,2263,20250701,1172
20250701,影视动漫,星汉灿烂,2262,20250701,1173
20250701,影视动漫,接吻的视频原声,2259,20250701,1174
20250701,影视动漫,僵尸校园,2259,20250701,1175
20250701,影视动漫,咪咕视频,2257,20250701,1176
20250701,影视动漫,少年白马醉春风电视剧免费观看,2252,20250701,1177
20250701,影视动漫,小视频,2252,20250701,1178
20250701,影视动漫,青梅竹马是消防员第二季完整版未打吗roblox,2251,20250701,1179
20250701,影视动漫,沉默的真相,2250,20250701,1180
20250701,影视动漫,老九门,2250,20250701,1181
20250701,影视动漫,巴啦啦小魔仙,2250,20250701,1182
20250701,影视动漫,缘分的天空,2246,20250701,1183
20250701,影视动漫,爱我就别想太多免费观看全集电视剧,2245,20250701,1184
20250701,影视动漫,无职转生,2245,20250701,1185
20250701,影视动漫,jojo奇妙冒险,2244,20250701,1186
20250701,影视动漫,亲爱的热爱的,2238,20250701,1187
20250701,影视动漫,《焕羽》电视剧免费观看全集,2237,20250701,1188
20250701,影视动漫,十八岁太奶奶驾到重整家族荣耀,2237,20250701,1189
20250701,影视动漫,在线观看免费高清视频大全追剧,2236,20250701,1190
20250701,影视动漫,《逆爱》网剧在线观看2025,2232,20250701,1191
20250701,影视动漫,巨星重生泰剧,2231,20250701,1192
20250701,影视动漫,相亲对象是问题学生免费观看动漫,2229,20250701,1193
20250701,影视动漫,恐怖电影,2229,20250701,1194
20250701,影视动漫,还珠格格第二部,2228,20250701,1195
20250701,影视动漫,雪中悍刀行2第二部在线播放,2226,20250701,1196
20250701,影视动漫,8888888888免费观看在线电视剧,2226,20250701,1197
20250701,影视动漫,知否知否应是绿肥红瘦,2225,20250701,1198
20250701,影视动漫,中央一台在线直播观看,2224,20250701,1199
20250701,影视动漫,听说你喜欢我电视剧免费观看,2224,20250701,1200
20250701,影视动漫,老九门电视剧全集免费观看高清,2223,20250701,1201
20250701,影视动漫,哈哈哈哈哈第四季,2222,20250701,1202
20250701,影视动漫,苍兰诀,2220,20250701,1203
20250701,影视动漫,有兽焉,2220,20250701,1204
20250701,影视动漫,爱上海军蓝,2216,20250701,1205
20250701,影视动漫,定风波,2214,20250701,1206
20250701,影视动漫,闵勇MINGNOG动漫,2213,20250701,1207
20250701,影视动漫,高压监狱2第二部禁闭完整版在线观看,2210,20250701,1208
20250701,影视动漫,侏罗纪世界重生,2210,20250701,1209
20250701,影视动漫,颐和园电影在线看免费版高清完整视频,2209,20250701,1210
20250701,影视动漫,情人,2206,20250701,1211
20250701,影视动漫,锦绣芳华电视剧在线观看免费,2204,20250701,1212
20250701,影视动漫,进击的巨人第三季,2202,20250701,1213
20250701,影视动漫,十八岁免费观看全集高清,2201,20250701,1214
20250701,影视动漫,樱花动漫网,2200,20250701,1215
20250701,影视动漫,双男主《逆爱》在线观看,2199,20250701,1216
20250701,影视动漫,jmcomic.2.0.mic最新官网版,2198,20250701,1217
20250701,影视动漫,加勒比海盗,2194,20250701,1218
20250701,影视动漫,大奉打更人电视剧在线观看全集高清,2193,20250701,1219
20250701,影视动漫,成吉思汗,2192,20250701,1220
20250701,影视动漫,《以法之名》电视剧免费观看,2192,20250701,1221
20250701,影视动漫,人间中毒电影,2192,20250701,1222
20250701,影视动漫,播种欧吉桑,2188,20250701,1223
20250701,影视动漫,微微一笑很倾城免费观看全集电视剧,2188,20250701,1224
20250701,影视动漫,美剧,2186,20250701,1225
20250701,影视动漫,棋魂,2183,20250701,1226
20250701,影视动漫,挣扎吧亚当君!,2182,20250701,1227
20250701,影视动漫,女生宿舍2,2181,20250701,1228
20250701,影视动漫,overlord第一季樱花动漫在线观看,2180,20250701,1229
20250701,影视动漫,749局,2179,20250701,1230
20250701,影视动漫,影视,2177,20250701,1231
20250701,影视动漫,武神主宰动漫在线观看免费全集,2176,20250701,1232
20250701,影视动漫,陈说美食,2175,20250701,1233
20250701,影视动漫,榜上佳婿全集完整版在线观看,2173,20250701,1234
20250701,影视动漫,我的前半生电视剧全集免费观看,2170,20250701,1235
20250701,影视动漫,妻子的秘密,2170,20250701,1236
20250701,影视动漫,魔法少女,2169,20250701,1237
20250701,影视动漫,广场舞视频2025年流行版,2169,20250701,1238
20250701,影视动漫,高压监狱电影在线观看完整免费高清原声满天星在线观看,2167,20250701,1239
20250701,影视动漫,《藏海传》电视剧在线观看,2165,20250701,1240
20250701,影视动漫,锦绣安宁电视剧免费观看完整版,2164,20250701,1241
20250701,影视动漫,舒淇演过三年级的电影免费观看国语,2164,20250701,1242
20250701,影视动漫,动漫日本,2164,20250701,1243
20250701,影视动漫,哥哥你别跑 电视剧免费观看高清,2163,20250701,1244
20250701,影视动漫,火影忍者在线观看全集在线观看,2157,20250701,1245
20250701,影视动漫,美丽的小蜜桃,2157,20250701,1246
20250701,影视动漫,你给我的喜欢电视剧免费观看全集,2152,20250701,1247
20250701,影视动漫,伪装者,2152,20250701,1248
20250701,影视动漫,成全视频大全高清全集在线完整观看乌龙山剿匪记,2152,20250701,1249
20250701,影视动漫,橘祥如意,2152,20250701,1250
20250701,影视动漫,棋士电视剧免费观看完整版,2152,20250701,1251
20250701,影视动漫,我的小姨,2151,20250701,1252
20250701,影视动漫,美女跳舞,2151,20250701,1253
20250701,影视动漫,杨紫锦绣芳华,2147,20250701,1254
20250701,影视动漫,锦绣芳华电视剧免费观看完整版高清,2144,20250701,1255
20250701,影视动漫,侏罗纪公园,2140,20250701,1256
20250701,影视动漫,凤凰台上电视剧免费观看完整版,2140,20250701,1257
20250701,影视动漫,恋爱暴君,2139,20250701,1258
20250701,影视动漫,家居爱情,2139,20250701,1259
20250701,影视动漫,cctv1,2138,20250701,1260
20250701,影视动漫,与凤行电视剧免费观看全集完整版,2137,20250701,1261
20250701,影视动漫,cctv5体育节目表,2136,20250701,1262
20250701,影视动漫,农场主的女儿们,2136,20250701,1263
20250701,影视动漫,扫黑风暴电视剧在线观看免费完整版,2136,20250701,1264
20250701,影视动漫,人间中毒在线观看,2128,20250701,1265
20250701,影视动漫,时光代理人,2125,20250701,1266
20250701,影视动漫,万界独尊动漫免费观看完整版,2125,20250701,1267
20250701,影视动漫,隔壁女孩,2124,20250701,1268
20250701,影视动漫,当我飞奔向你电视剧免费播放,2124,20250701,1269
20250701,影视动漫,CCTV5今天节目单,2123,20250701,1270
20250701,影视动漫,《逆爱》在线观看,2123,20250701,1271
20250701,影视动漫,西北岁月,2122,20250701,1272
20250701,影视动漫,书卷一梦演员表介绍,2119,20250701,1273
20250701,影视动漫,斗罗大陆免费完整版高清在线观看,2117,20250701,1274
20250701,影视动漫,银魂,2115,20250701,1275
20250701,影视动漫,春花焰 电视剧免费观看全集完整版,2115,20250701,1276
20250701,影视动漫,芈月传,2112,20250701,1277
20250701,影视动漫,飘雪影视在线观看完整高清,2111,20250701,1278
20250701,影视动漫,我家弟弟真的很棒的动漫在线观看全集,2107,20250701,1279
20250701,影视动漫,蔷薇风暴,2106,20250701,1280
20250701,影视动漫,春潮烂漫海棠红在线观看完整版电视剧免费,2106,20250701,1281
20250701,影视动漫,七根心简演员表,2105,20250701,1282
20250701,影视动漫,国色芳华剧情介绍,2105,20250701,1283
20250701,影视动漫,我的世界你好,2104,20250701,1284
20250701,影视动漫,汪汪队,2104,20250701,1285
20250701,影视动漫,国产,2102,20250701,1286
20250701,影视动漫,新闻联播今天19:00回放,2101,20250701,1287
20250701,影视动漫,后浪电视剧在线观看全集免费,2099,20250701,1288
20250701,影视动漫,苍井空电影,2099,20250701,1289
20250701,影视动漫,大江大河,2097,20250701,1290
20250701,影视动漫,新乱世佳人侄子帮婶婶断奶是第几集出现的电视剧,2097,20250701,1291
20250701,影视动漫,黑桃TV,2096,20250701,1292
20250701,影视动漫,猪猪侠,2096,20250701,1293
20250701,影视动漫,江河之上,2091,20250701,1294
20250701,影视动漫,人生之路,2091,20250701,1295
20250701,影视动漫,弹丸论破,2087,20250701,1296
20250701,影视动漫,爆笑办公室,2087,20250701,1297
20250701,影视动漫,彼岸灯塔电视剧免费观看,2087,20250701,1298
20250701,影视动漫,九重紫电视剧,2087,20250701,1299
20250701,影视动漫,哆啦a梦,2084,20250701,1300
20250701,影视动漫,法网缉凶电视剧免费观看完整版高清,2084,20250701,1301
20250701,影视动漫,碟中谍8,2084,20250701,1302
20250701,影视动漫,逆爱2025在线观看完整版,2084,20250701,1303
20250701,影视动漫,垂涎台剧双男主免费观看,2083,20250701,1304
20250701,影视动漫,《焕羽》电视剧,2080,20250701,1305
20250701,影视动漫,奔跑吧兄弟2025最新一期,2080,20250701,1306
20250701,影视动漫,凡人歌,2079,20250701,1307
20250701,影视动漫,鬼灭之刃第一季,2079,20250701,1308
20250701,影视动漫,激情接吻,2076,20250701,1309
20250701,影视动漫,神印王座免费观看全集在线高清,2074,20250701,1310
20250701,影视动漫,现在就出发,2072,20250701,1311
20250701,影视动漫,爱你,2072,20250701,1312
20250701,影视动漫,野兽们的战争在线观看免费版,2070,20250701,1313
20250701,影视动漫,我叫赵甲第2免费观看全集电视剧,2070,20250701,1314
20250701,影视动漫,一路向西在线观看完整版电影高清,2069,20250701,1315
20250701,影视动漫,长相思第一季免费完整播放在线观看,2067,20250701,1316
20250701,影视动漫,《淬火年代》电视剧,2063,20250701,1317
20250701,影视动漫,超级飞侠,2062,20250701,1318
20250701,影视动漫,桃花映江山免费观看,2061,20250701,1319
20250701,影视动漫,刘学义主演的桃花映江山在线观看,2061,20250701,1320
20250701,影视动漫,电视剧免费观看电视剧在线,2061,20250701,1321
20250701,影视动漫,沙尘暴电视剧在线观看免费完整版,2061,20250701,1322
20250701,影视动漫,韩国电影免费观看高清完整版在线熊出没,2060,20250701,1323
20250701,影视动漫,欢乐家长群,2059,20250701,1324
20250701,影视动漫,中央CCTV5,2058,20250701,1325
20250701,影视动漫,天美麻花星空影视免费观看电视剧,2057,20250701,1326
20250701,影视动漫,章鱼噼动漫在线观看免费,2056,20250701,1327
20250701,影视动漫,破冰行动电视剧免费观看完整版,2056,20250701,1328
20250701,影视动漫,日漫,2053,20250701,1329
20250701,影视动漫,桃花映江山电视剧免费,2052,20250701,1330
20250701,影视动漫,你的名字,2051,20250701,1331
20250701,影视动漫,《潜渊》全集免费观看,2050,20250701,1332
20250701,影视动漫,美丽小蜜桃2在线观看电视剧免费播放全集,2049,20250701,1333
20250701,影视动漫,星空影院,2047,20250701,1334
20250701,影视动漫,一念关山,2046,20250701,1335
20250701,影视动漫,惊变温碧霞电影版在线观看,2045,20250701,1336
20250701,影视动漫,密桃成熟时2,2043,20250701,1337
20250701,影视动漫,沧元图动漫在线观看免费全集高清,2042,20250701,1338
20250701,影视动漫,逆爱什么时候更新,2041,20250701,1339
20250701,影视动漫,僧侣之夜,2041,20250701,1340
20250701,影视动漫,五哈第四季,2040,20250701,1341
20250701,影视动漫,秘密爱,2040,20250701,1342
20250701,影视动漫,新建文件夹2,2040,20250701,1343
20250701,影视动漫,久久影视电视剧免费网站清宫辞电视剧小巷人,2040,20250701,1344
20250701,影视动漫,成全在线观看高清全集,2039,20250701,1345
20250701,影视动漫,爱丫爱丫影院电视剧免费播放,2038,20250701,1346
20250701,影视动漫,惊变,2037,20250701,1347
20250701,影视动漫,奇迹少女,2036,20250701,1348
20250701,影视动漫,酱园弄悬案电影免费普通话在线观看全集,2033,20250701,1349
20250701,影视动漫,西瓜视频免费,2033,20250701,1350
20250701,影视动漫,贴身保镖,2033,20250701,1351
20250701,影视动漫,豺狼的日子在线观看完整版,2033,20250701,1352
20250701,影视动漫,鸭王第一部,2032,20250701,1353
20250701,影视动漫,二人世界高清视频播放,2032,20250701,1354
20250701,影视动漫,聊斋,2032,20250701,1355
20250701,影视动漫,以法之名演员,2031,20250701,1356
20250701,影视动漫,地球特派员,2031,20250701,1357
20250701,影视动漫,完美世界在线观看免费完整观看,2030,20250701,1358
20250701,影视动漫,9.1短视全免费无需安装,2030,20250701,1359
20250701,影视动漫,上流社会韩国免费观看完整版电影,2027,20250701,1360
20250701,影视动漫,都挺好,2026,20250701,1361
20250701,影视动漫,加勒比女海盗完整版,2026,20250701,1362
20250701,影视动漫,中国新说唱,2024,20250701,1363
20250701,影视动漫,七根心简在线观看,2022,20250701,1364
20250701,影视动漫,黑兽1~6集全集免费观看,2022,20250701,1365
20250701,影视动漫,致命梦魇,2021,20250701,1366
20250701,影视动漫,逆袭之爱情敌电视剧双男主在线观看,2020,20250701,1367
20250701,影视动漫,怪奇物语,2020,20250701,1368
20250701,影视动漫,家有儿女,2019,20250701,1369
20250701,影视动漫,爱情公寓3,2018,20250701,1370
20250701,影视动漫,山河令,2017,20250701,1371
20250701,影视动漫,似锦电视剧免费观看完整版高清,2015,20250701,1372
20250701,影视动漫,谎言的诱惑电视剧免费全集在线观看高清,2015,20250701,1373
20250701,影视动漫,斩神之凡尘神域动漫免费观看全集,2014,20250701,1374
20250701,影视动漫,难哄电视剧全集在线观看免费版高清,2012,20250701,1375
20250701,影视动漫,加绒摇,2012,20250701,1376
20250701,影视动漫,跳水失败头裂开原版视频,2011,20250701,1377
20250701,影视动漫,平凡之路电视剧完整免费观看高清,2010,20250701,1378
20250701,影视动漫,长征,2010,20250701,1379
20250701,影视动漫,无名之辈电影在线观看完整免费高清悬疑片,2008,20250701,1380
20250701,影视动漫,平凡之路,2006,20250701,1381
20250701,影视动漫,地缚少年花子君,2004,20250701,1382
20250701,影视动漫,小蓝电影全集免费观看,2003,20250701,1383
20250701,影视动漫,碟中谍8在线观看完整高清免费版,2001,20250701,1384
20250701,影视动漫,花儿与少年第五季,2001,20250701,1385
20250701,影视动漫,都挺好电视剧免费观看完整版,1999,20250701,1386
20250701,影视动漫,巨星重生泰剧在线观看免费,1996,20250701,1387
20250701,影视动漫,疯狂动物城2,1995,20250701,1388
20250701,影视动漫,魔法少女小圆,1994,20250701,1389
20250701,影视动漫,免费电影在线观看,1994,20250701,1390
20250701,影视动漫,斩神之凡尘神域动漫免费观看,1994,20250701,1391
20250701,影视动漫,假面骑士加布,1993,20250701,1392
20250701,影视动漫,我的后半生,1992,20250701,1393
20250701,影视动漫,白玉兰奖2025年颁奖直播,1991,20250701,1394
20250701,影视动漫,狂飙演员表,1991,20250701,1395
20250701,影视动漫,白鹿《临江仙》免费观看完整版,1989,20250701,1396
20250701,影视动漫,《课外辅导的女教师》电视剧,1986,20250701,1397
20250701,影视动漫,一级二级调色大片的经典实例,1985,20250701,1398
20250701,影视动漫,哥布林洞窟1-4集免费观看,1985,20250701,1399
20250701,影视动漫,以法之名共几集?,1984,20250701,1400
20250701,影视动漫,新生电视剧免费观看全集,1984,20250701,1401
20250701,影视动漫,权利的游戏,1982,20250701,1402
20250701,影视动漫,辛亥革命,1981,20250701,1403
20250701,影视动漫,youtube下载,1980,20250701,1404
20250701,影视动漫,哈哈哈哈哈第三季,1978,20250701,1405
20250701,影视动漫,锦衣之下电视剧全集免费观看,1978,20250701,1406
20250701,影视动漫,电视剧桃花映江山,1975,20250701,1407
20250701,影视动漫,原神女角色张嘴流眼泪翻白眼,1973,20250701,1408
20250701,影视动漫,行尸走肉,1972,20250701,1409
20250701,影视动漫,jojo的奇妙冒险不灭钻石,1971,20250701,1410
20250701,影视动漫,情深深雨蒙蒙,1971,20250701,1411
20250701,影视动漫,白鹿原,1970,20250701,1412
20250701,影视动漫,哪吒之魔童闹海免费观看完整版电影,1970,20250701,1413
20250701,影视动漫,香港电影,1969,20250701,1414
20250701,影视动漫,兰香如故电视剧免费观看全集在线播放,1969,20250701,1415
20250701,影视动漫,潜渊 电视剧,1968,20250701,1416
20250701,影视动漫,念无双电视剧免费观看完整版高清,1967,20250701,1417
20250701,影视动漫,鸭王2,1966,20250701,1418
20250701,影视动漫,正阳门下,1966,20250701,1419
20250701,影视动漫,奔跑吧13播出8期,1966,20250701,1420
20250701,影视动漫,以法之名更新日历,1965,20250701,1421
20250701,影视动漫,巨人族的新娘免费动漫全集免费,1965,20250701,1422
20250701,影视动漫,请君入我怀,1963,20250701,1423
20250701,影视动漫,刘宇宁主演的电视剧,1963,20250701,1424
20250701,影视动漫,风吹半夏电视剧在线观看全集免费,1961,20250701,1425
20250701,影视动漫,央视频,1961,20250701,1426
20250701,影视动漫,绝命毒师,1961,20250701,1427
20250701,影视动漫,我爱我家,1960,20250701,1428
20250701,影视动漫,遇见你的那天电视剧免费观看,1960,20250701,1429
20250701,影视动漫,回家的诱惑,1959,20250701,1430
20250701,影视动漫,斗破苍穹年番,1958,20250701,1431
20250701,影视动漫,好想做一次电视剧在线观看免费全集下载,1958,20250701,1432
20250701,影视动漫,惜花芷电视剧免费观看完整版,1956,20250701,1433
20250701,影视动漫,遮天动漫在线播放完整版,1956,20250701,1434
20250701,影视动漫,成家电视剧免费完整版在线观看高清,1955,20250701,1435
20250701,影视动漫,电视剧逆爱,1953,20250701,1436
20250701,影视动漫,康熙王朝,1951,20250701,1437
20250701,影视动漫,鸡毛飞上天电视剧全集观看免费,1947,20250701,1438
20250701,影视动漫,破冰行动,1946,20250701,1439
20250701,影视动漫,新乱世佳人二姨太产后涨奶第几集,1945,20250701,1440
20250701,影视动漫,临江仙剧情介绍,1945,20250701,1441
20250701,影视动漫,鬼灭之刃无限城,1944,20250701,1442
20250701,影视动漫,蒋欣张译《以法之名》,1943,20250701,1443
20250701,影视动漫,电车魔女,1943,20250701,1444
20250701,影视动漫,助眠视频,1943,20250701,1445
20250701,影视动漫,谁念西风独自凉短剧免费观看,1940,20250701,1446
20250701,影视动漫,出师一表真名世短剧全集免费,1940,20250701,1447
20250701,影视动漫,落花时节又逢君电视剧免费观看完整版,1940,20250701,1448
20250701,影视动漫,长月烬明,1939,20250701,1449
20250701,影视动漫,51吃瓜网今日大赛最新一期内容,1939,20250701,1450
20250701,影视动漫,以法之名结局,1938,20250701,1451
20250701,影视动漫,法医秦明电视剧免费观看,1937,20250701,1452
20250701,影视动漫,抓娃娃在线观看免费完整版电影,1937,20250701,1453
20250701,影视动漫,美味速递,1937,20250701,1454
20250701,影视动漫,山河月明,1936,20250701,1455
20250701,影视动漫,白鹿《临江仙》在线观看,1936,20250701,1456
20250701,影视动漫,逆爱第一集,1935,20250701,1457
20250701,影视动漫,爷们儿电视剧在线观看免费完整版,1935,20250701,1458
20250701,影视动漫,周生如故,1934,20250701,1459
20250701,影视动漫,丝瓜视频,1932,20250701,1460
20250701,影视动漫,我为卿狂,1931,20250701,1461
20250701,影视动漫,法国空姐电影在线观看完整免费高清原声,1930,20250701,1462
20250701,影视动漫,电影在线播放,1929,20250701,1463
20250701,影视动漫,死神来了1,1929,20250701,1464
20250701,影视动漫,《临江仙》高清完整版,1928,20250701,1465
20250701,影视动漫,大米星球,1927,20250701,1466
20250701,影视动漫,战狼6高清完整免费观看国语电影,1924,20250701,1467
20250701,影视动漫,恶搞之家,1923,20250701,1468
20250701,影视动漫,神国之上,1923,20250701,1469
20250701,影视动漫,大师兄影视,1923,20250701,1470
20250701,影视动漫,《逆爱》在线观看全集,1922,20250701,1471
20250701,影视动漫,亲嘴还扔衣服,1921,20250701,1472
20250701,影视动漫,蜡笔小新在线观看全集免费,1920,20250701,1473
20250701,影视动漫,胡乱的远见君全集正版观看,1918,20250701,1474
20250701,影视动漫,撕夜短剧完整版免费全集,1913,20250701,1475
20250701,影视动漫,cctv4在线直播观看,1912,20250701,1476
20250701,影视动漫,九一直播nba在线观看免费高清视频,1912,20250701,1477
20250701,影视动漫,哈哩哈哩,1912,20250701,1478
20250701,影视动漫,鸭王2电影在线观看免费普通话,1910,20250701,1479
20250701,影视动漫,jojo的奇妙冒险黄金之风,1910,20250701,1480
20250701,影视动漫,无敌神马影视影院在线,1909,20250701,1481
20250701,影视动漫,度年华电视剧免费观看全集在线播放,1908,20250701,1482
20250701,影视动漫,网飞猫,1908,20250701,1483
20250701,影视动漫,cctv1中央一台直播,1906,20250701,1484
20250701,影视动漫,死神来了,1906,20250701,1485
20250701,影视动漫,以法之名电视剧免费观看,1905,20250701,1486
20250701,影视动漫,笑傲江湖,1904,20250701,1487
20250701,影视动漫,中央8台节目表,1903,20250701,1488
20250701,影视动漫,铁梨花电视剧全集播放免费观看,1900,20250701,1489
20250701,影视动漫,达达兔,1900,20250701,1490
20250701,影视动漫,电视剧免费观看电视剧大全在线观,1898,20250701,1491
20250701,影视动漫,孤独摇滚,1898,20250701,1492
20250701,影视动漫,当我飞奔向你,1896,20250701,1493
20250701,影视动漫,进击的巨人第四季,1894,20250701,1494
20250701,影视动漫,大明风华电视剧全集免费观看,1890,20250701,1495
20250701,影视动漫,逆爱在线,1889,20250701,1496
20250701,影视动漫,雄狮少年2,1889,20250701,1497
20250701,影视动漫,滤镜电视剧免费观看全集高清,1888,20250701,1498
20250701,影视动漫,鱿鱼游戏3在线观看,1887,20250701,1499
20250701,影视动漫,出师一表真名世短剧,1886,20250701,1500
20250701,影视动漫,天降女子第一季在线观看免费无删减完整番外,1886,20250701,1501
20250701,影视动漫,赴山海电视剧免费观看完整版,1886,20250701,1502
20250701,影视动漫,感官世界,1886,20250701,1503
20250701,影视动漫,播种欧吉桑动漫免费观看电视剧,1885,20250701,1504
20250701,影视动漫,刘宇宁李一桐《书卷一梦》免费观看,1881,20250701,1505
20250701,影视动漫,yy6080新视觉电视剧在线观看免费版,1880,20250701,1506
20250701,影视动漫,修车危情免费观看全集完整版动漫,1877,20250701,1507
20250701,影视动漫,唐人街探案,1877,20250701,1508
20250701,影视动漫,有龙则灵短剧,1876,20250701,1509
20250701,影视动漫,大梦归离,1876,20250701,1510
20250701,影视动漫,桃花映江山免费观看完整版,1875,20250701,1511
20250701,影视动漫,片库网,1875,20250701,1512
20250701,影视动漫,丑鱼视频,1874,20250701,1513
20250701,影视动漫,爸爸当家慢享季免费,1874,20250701,1514
20250701,影视动漫,日韩电影,1873,20250701,1515
20250701,影视动漫,藏海传电视剧在线观看免费,1873,20250701,1516
20250701,影视动漫,cctv8节目表,1872,20250701,1517
20250701,影视动漫,蝴蝶效应,1872,20250701,1518
20250701,影视动漫,少帅电视剧全集免费观看,1871,20250701,1519
20250701,影视动漫,鱿鱼游戏第三季在线观看,1868,20250701,1520
20250701,影视动漫,人生若如初见电视剧在线观看完整版,1868,20250701,1521
20250701,影视动漫,我的妈妈,1867,20250701,1522
20250701,影视动漫,赤裸羔羊,1864,20250701,1523
20250701,影视动漫,每日大赛吃瓜爆料每日大赛聚集地,1864,20250701,1524
20250701,影视动漫,望道电影简介,1864,20250701,1525
20250701,影视动漫,藏海传免费观看完整版,1864,20250701,1526
20250701,影视动漫,纵有疾风起电视剧免费完整版观看,1861,20250701,1527
20250701,影视动漫,黑色诱惑,1860,20250701,1528
20250701,影视动漫,男男视频,1859,20250701,1529
20250701,影视动漫,抖音月付是什么意思,1858,20250701,1530
20250701,影视动漫,美景之屋2电视剧高清完整版在线播放,1857,20250701,1531
20250701,影视动漫,火影忍者疾风传1-720免费观看全集,1856,20250701,1532
20250701,影视动漫,凹凸世界,1855,20250701,1533
20250701,影视动漫,美人鱼,1853,20250701,1534
20250701,影视动漫,脱轨电视剧免费观看全集在线播放,1852,20250701,1535
20250701,影视动漫,铜铜钢铿锵锵锵锵锵锵免费观看,1852,20250701,1536
20250701,影视动漫,云之羽,1846,20250701,1537
20250701,影视动漫,临江仙电视剧全集观看,1845,20250701,1538
20250701,影视动漫,18岁太奶奶驾到重振家族荣耀短剧免费,1843,20250701,1539
20250701,影视动漫,迷情,1841,20250701,1540
20250701,影视动漫,鬼父动漫,1840,20250701,1541
20250701,影视动漫,美女被男生亲贩,1840,20250701,1542
20250701,影视动漫,死神来了5,1839,20250701,1543
20250701,影视动漫,逆爱电视剧全集免费观看高清,1838,20250701,1544
20250701,影视动漫,裙子里面是野兽动漫第一季免费观看,1837,20250701,1545
20250701,影视动漫,知否知否知否应是绿肥红瘦,1837,20250701,1546
20250701,影视动漫,一梦书卷电视剧,1836,20250701,1547
20250701,影视动漫,酱园弄悬案剧情介绍,1836,20250701,1548
20250701,影视动漫,我夺走了男主的初恋韩剧在线观看,1835,20250701,1549
20250701,影视动漫,草泥马视频,1834,20250701,1550
20250701,影视动漫,熊出没重启未来2025免费观看完整版,1832,20250701,1551
20250701,影视动漫,花千骨电视剧全集免费观看,1831,20250701,1552
20250701,影视动漫,欲望的火花韩剧电视剧免费观看完整版,1831,20250701,1553
20250701,影视动漫,亲亲舌吻,1830,20250701,1554
20250701,影视动漫,善意的竞争,1830,20250701,1555
20250701,影视动漫,新白娘子传奇1-50全集免费观看,1828,20250701,1556
20250701,影视动漫,《逆爱》网剧在线观看第5集,1828,20250701,1557
20250701,影视动漫,逆爱电视剧全集观看,1828,20250701,1558
20250701,影视动漫,蒋欣张译《以法之名》免费观看,1827,20250701,1559
20250701,影视动漫,张译以法之名电视剧全集免费观看,1826,20250701,1560
20250701,影视动漫,单身妈妈第4集在线观看,1826,20250701,1561
20250701,影视动漫,蜗居,1826,20250701,1562
20250701,影视动漫,tiktok国际版,1825,20250701,1563
20250701,影视动漫,一路向西在线观看,1824,20250701,1564
20250701,影视动漫,狂飙飞车,1823,20250701,1565
20250701,影视动漫,激情燃烧的岁月,1822,20250701,1566
20250701,影视动漫,长安的荔枝剧情介绍,1821,20250701,1567
20250701,影视动漫,挪威的森林,1819,20250701,1568
20250701,影视动漫,汉武帝,1819,20250701,1569
20250701,影视动漫,甜蜜惩罚真人版电视剧,1818,20250701,1570
20250701,影视动漫,肥妻皇后不好惹短剧免费观看,1815,20250701,1571
20250701,影视动漫,剑风传奇,1815,20250701,1572
20250701,影视动漫,人人影视,1814,20250701,1573
20250701,影视动漫,釜山行,1811,20250701,1574
20250701,影视动漫,致命弯道,1811,20250701,1575
20250701,影视动漫,美景之屋在线观看,1811,20250701,1576
20250701,影视动漫,youtube官网,1810,20250701,1577
20250701,影视动漫,80s在线观看,1809,20250701,1578
20250701,影视动漫,血恋1电影在线完整版免费观看国语,1809,20250701,1579
20250701,影视动漫,金瓶梅电视剧免费观看全集完整版,1809,20250701,1580
20250701,影视动漫,在线观看免费高清完整版在线观看明星大侦探,1808,20250701,1581
20250701,影视动漫,庆余年3,1808,20250701,1582
20250701,影视动漫,暮光之城,1807,20250701,1583
20250701,影视动漫,逆爱2025在线看,1806,20250701,1584
20250701,影视动漫,异人之下电视剧免费观看全集,1805,20250701,1585
20250701,影视动漫,刺客伍六七,1803,20250701,1586
20250701,影视动漫,仙逆抢先观看96,1801,20250701,1587
20250701,影视动漫,《长安的荔枝》全集观看,1800,20250701,1588
20250701,影视动漫,哥布林的巢洞1-4集免费观看,1800,20250701,1589
20250701,影视动漫,爱恋2015在线观看完整免费法剧,1800,20250701,1590
20250701,影视动漫,爱情动作免费观看电影全集完整版,1800,20250701,1591
20250701,影视动漫,B站,1799,20250701,1592
20250701,影视动漫,长安的荔枝 电视剧,1799,20250701,1593
20250701,影视动漫,封神榜,1798,20250701,1594
20250701,影视动漫,赤裸特工,1797,20250701,1595
20250701,影视动漫,让子弹飞,1796,20250701,1596
20250701,影视动漫,乌云之上电视剧免费观看全集完整版,1795,20250701,1597
20250701,影视动漫,幸福二重奏免费观看完整版,1795,20250701,1598
20250701,影视动漫,雪迷宫电视剧免费播放在线观看,1794,20250701,1599
20250701,影视动漫,霸王别姬,1794,20250701,1600
20250701,影视动漫,红果免短刷2025连续剧,1794,20250701,1601
20250701,影视动漫,央视直播,1794,20250701,1602
20250701,影视动漫,新乱世佳人在线观看免费完整版电视剧,1791,20250701,1603
20250701,影视动漫,叶罗丽精灵梦第十一季,1791,20250701,1604
20250701,影视动漫,神探狄仁杰,1789,20250701,1605
20250701,影视动漫,法国电影《干柴烈火》在线观看免费,1789,20250701,1606
20250701,影视动漫,为人民服务高清完整版免费观看,1786,20250701,1607
20250701,影视动漫,大神同学想吃饭动漫免费观看全集,1785,20250701,1608
20250701,影视动漫,我的人间烟火电视剧免费观看,1785,20250701,1609
20250701,影视动漫,一起来看流星雨,1785,20250701,1610
20250701,影视动漫,以法之名在哪拍的,1784,20250701,1611
20250701,影视动漫,东北往事之黑道风云20年,1784,20250701,1612
20250701,影视动漫,红果免费短剧,1783,20250701,1613
20250701,影视动漫,悬崖,1783,20250701,1614
20250701,影视动漫,还珠格格第一部电视剧免费观看,1782,20250701,1615
20250701,影视动漫,逆爱第8集在线观看,1782,20250701,1616
20250701,影视动漫,斯巴达克斯第二季,1781,20250701,1617
20250701,影视动漫,权力的游戏,1780,20250701,1618
20250701,影视动漫,勇敢的心,1779,20250701,1619
20250701,影视动漫,陷入我们的热恋在线观看完整版免费,1779,20250701,1620
20250701,影视动漫,迷你特工队,1778,20250701,1621
20250701,影视动漫,人猿泰山,1777,20250701,1622
20250701,影视动漫,刘学义孟子义《桃花映江山》,1775,20250701,1623
20250701,影视动漫,向往的生活,1774,20250701,1624
20250701,影视动漫,出轨的味道,1774,20250701,1625
20250701,影视动漫,视频在线观看免费高清完整版在线观看明星大侦探第八季,1773,20250701,1626
20250701,影视动漫,迎风的青春电视剧免费观看,1773,20250701,1627
20250701,影视动漫,小满生活电视剧免费观看,1771,20250701,1628
20250701,影视动漫,鬼片,1770,20250701,1629
20250701,影视动漫,少帅,1769,20250701,1630
20250701,影视动漫,拿破仑,1769,20250701,1631
20250701,影视动漫,免费观看电影电视剧的app,1768,20250701,1632
20250701,影视动漫,星辰影院免费观看电视剧电影,1768,20250701,1633
20250701,影视动漫,好想做一次,1767,20250701,1634
20250701,影视动漫,逆爱第八集完整版2025,1765,20250701,1635
20250701,影视动漫,庆余年2免费观看全集完整版高清,1764,20250701,1636
20250701,影视动漫,陷入我们的热恋电视剧,1763,20250701,1637
20250701,影视动漫,握草视频,1761,20250701,1638
20250701,影视动漫,天浴电影完整版高清在线观看,1761,20250701,1639
20250701,影视动漫,请回答1988,1761,20250701,1640
20250701,影视动漫,佐佐木与宫野,1760,20250701,1641
20250701,影视动漫,中央一台节目表,1758,20250701,1642
20250701,影视动漫,被拒绝的爱,1757,20250701,1643
20250701,影视动漫,爱情与灵药,1757,20250701,1644
20250701,影视动漫,永夜星河电视剧,1756,20250701,1645
20250701,影视动漫,《逆爱》电视剧双男主,1755,20250701,1646
20250701,影视动漫,那样芬芳电视剧全集播放免费观看,1755,20250701,1647
20250701,影视动漫,逆爱电视剧免费观看全集,1753,20250701,1648
20250701,影视动漫,在线视频,1752,20250701,1649
20250701,影视动漫,寻梦环游记,1752,20250701,1650
20250701,影视动漫,公公与儿媳妇电视剧全集免费观看,1752,20250701,1651
20250701,影视动漫,一生一世,1752,20250701,1652
20250701,影视动漫,权力的游戏第一季无删减美剧,1751,20250701,1653
20250701,影视动漫,快手极速版下载,1750,20250701,1654
20250701,影视动漫,上海一家人电视剧全集在线观看,1749,20250701,1655
20250701,影视动漫,逆袭电视剧,1747,20250701,1656
20250701,影视动漫,被拒绝的爱泰剧免费播放全集,1747,20250701,1657
20250701,影视动漫,漫长的季节电视剧 免费观看,1747,20250701,1658
20250701,影视动漫,麻雀,1747,20250701,1659
20250701,影视动漫,今夜不设防,1746,20250701,1660
20250701,影视动漫,者来女,1745,20250701,1661
20250701,影视动漫,韶华若锦,1744,20250701,1662
20250701,影视动漫,CCTV5,1743,20250701,1663
20250701,影视动漫,燃罪电视剧在线观看免费完整版,1742,20250701,1664
20250701,影视动漫,越狱,1741,20250701,1665
20250701,影视动漫,香蜜沉沉烬如霜电视剧在线观看免费版,1740,20250701,1666
20250701,影视动漫,请君入我怀短剧免费观看完整版,1738,20250701,1667
20250701,影视动漫,飘花电影网,1738,20250701,1668
20250701,影视动漫,柴鸡蛋新剧《逆爱》在线观看,1738,20250701,1669
20250701,影视动漫,为有暗香来电视剧免费观看,1738,20250701,1670
20250701,影视动漫,芈月传在线观看免费全集,1736,20250701,1671
20250701,影视动漫,8090,1735,20250701,1672
20250701,影视动漫,开始推理吧第3季,1732,20250701,1673
20250701,影视动漫,漂白免费观看完整版高清,1732,20250701,1674
20250701,影视动漫,cctv13在线直播,1730,20250701,1675
20250701,影视动漫,爱上特种兵电视剧免费观看,1728,20250701,1676
20250701,影视动漫,侏罗纪世界3,1728,20250701,1677
20250701,影视动漫,借种完整版电影在线观看,1727,20250701,1678
20250701,影视动漫,新生,1727,20250701,1679
20250701,影视动漫,刘学义主演的电视剧有哪些,1727,20250701,1680
20250701,影视动漫,密室大逃脱第二季,1727,20250701,1681
20250701,影视动漫,一吻定情日剧,1726,20250701,1682
20250701,影视动漫,17.3在线观看全集免费完整,1726,20250701,1683
20250701,影视动漫,樱桃在线观看免费高清电视剧,1726,20250701,1684
20250701,影视动漫,法国空姐2,1726,20250701,1685
20250701,影视动漫,韩小圈下载,1724,20250701,1686
20250701,影视动漫,抖音充值官方充值入口,1724,20250701,1687
20250701,影视动漫,欢乐颂2电视剧全集在线观看,1724,20250701,1688
20250701,影视动漫,难哄电视剧,1723,20250701,1689
20250701,影视动漫,洪森是要把他信家族逼上绝路吗,1723,20250701,1690
20250701,影视动漫,一路向西电影免费完整版在线观看,1722,20250701,1691
20250701,影视动漫,喜羊羊与灰太狼之狂野新宇宙,1722,20250701,1692
20250701,影视动漫,潜渊分集剧情介绍,1722,20250701,1693
20250701,影视动漫,蜡笔小新大人帝国反击战,1719,20250701,1694
20250701,影视动漫,三年在线观看大全免费,1718,20250701,1695
20250701,影视动漫,魔女,1718,20250701,1696
20250701,影视动漫,西安事变,1717,20250701,1697
20250701,影视动漫,原神女性角色脸红张嘴流眼泪翻白眼,1715,20250701,1698
20250701,影视动漫,藏海传电视剧高清在线观看,1715,20250701,1699
20250701,影视动漫,你微笑时很美,1714,20250701,1700
20250701,影视动漫,手机看片,1713,20250701,1701
20250701,影视动漫,潜渊剧情介绍,1713,20250701,1702
20250701,影视动漫,cctv1节目表,1711,20250701,1703
20250701,影视动漫,家属动漫1~6全集动漫免费观看,1711,20250701,1704
20250701,影视动漫,三国演义的作者是谁,1711,20250701,1705
20250701,影视动漫,妻子5免费完整高清电视剧在线看中文,1710,20250701,1706
20250701,影视动漫,约会大作战,1707,20250701,1707
20250701,影视动漫,灯草和尚电影国语高清完整版,1707,20250701,1708
20250701,影视动漫,美剧天堂,1707,20250701,1709
20250701,影视动漫,在暴雪时分电视剧免费观看完整版,1706,20250701,1710
20250701,影视动漫,执爱泰剧免费观看全集完整版高清,1704,20250701,1711
20250701,影视动漫,真爱禁区电视剧免费观看全集,1703,20250701,1712
20250701,影视动漫,以法之名1—36集电视剧免费观看,1700,20250701,1713
20250701,影视动漫,好团圆电视剧免费观看全集完整版,1700,20250701,1714
20250701,影视动漫,菠萝蜜在线观看免费播放电视剧,1700,20250701,1715
20250701,影视动漫,终结的炽天使,1699,20250701,1716
20250701,影视动漫,余烬之上电视剧免费观看全集,1695,20250701,1717
20250701,影视动漫,海底小纵队,1694,20250701,1718
20250701,影视动漫,玉女心经之阴阳双修的高清完整版在哪看?,1694,20250701,1719
20250701,影视动漫,完美的救赎演员表,1693,20250701,1720
20250701,影视动漫,九部检察官电视剧在线观看免费高清,1692,20250701,1721
20250701,影视动漫,墨雨云间电视剧免费观看全集高清在线,1692,20250701,1722
20250701,影视动漫,罗小黑战记,1692,20250701,1723
20250701,影视动漫,以法之名演员名单大全,1691,20250701,1724
20250701,影视动漫,灭罪电视剧在线观看免费完整版,1690,20250701,1725
20250701,影视动漫,大河之水演员表,1690,20250701,1726
20250701,影视动漫,哈哈哈第五季免费观看完整版,1690,20250701,1727
20250701,影视动漫,魔鬼恋人,1689,20250701,1728
20250701,影视动漫,悬崖电视剧在线观看免费完整版,1689,20250701,1729
20250701,影视动漫,在线观看视频,1688,20250701,1730
20250701,影视动漫,贵女除恶记短剧在线观看,1687,20250701,1731
20250701,影视动漫,无所畏惧演员表,1687,20250701,1732
20250701,影视动漫,魔道祖师动漫完整版免费,1684,20250701,1733
20250701,影视动漫,烟火视频,1683,20250701,1734
20250701,影视动漫,新白娘子传奇,1683,20250701,1735
20250701,影视动漫,少年派1免费观看完整版,1682,20250701,1736
20250701,影视动漫,以爱为营,1682,20250701,1737
20250701,影视动漫,乔家的儿女,1681,20250701,1738
20250701,影视动漫,《潜渊》电视剧,1680,20250701,1739
20250701,影视动漫,红楼梦87版全集完整版免费,1679,20250701,1740
20250701,影视动漫,玉楼春电视剧全集免费观看,1676,20250701,1741
20250701,影视动漫,僵尸艳谈,1676,20250701,1742
20250701,影视动漫,电视剧免费观看电视剧大全在线观看软件,1674,20250701,1743
20250701,影视动漫,暗格里的秘密电视剧免费观看完整版,1674,20250701,1744
20250701,影视动漫,xl司令在线观看免费高清全集,1673,20250701,1745
20250701,影视动漫,灵笼第二季,1672,20250701,1746
20250701,影视动漫,爱情公寓5,1672,20250701,1747
20250701,影视动漫,又见一帘幽梦,1671,20250701,1748
20250701,影视动漫,秘密爱电影免费完整版,1671,20250701,1749
20250701,影视动漫,漂亮的瘦子4,1670,20250701,1750
20250701,影视动漫,群星闪耀时电视剧免费观看,1670,20250701,1751
20250701,影视动漫,拾光视频免费追剧下载,1669,20250701,1752
20250701,影视动漫,开始推理吧,1669,20250701,1753
20250701,影视动漫,最新电影免费观看2025,1666,20250701,1754
20250701,影视动漫,苍龙视频免费播放电视剧下载,1666,20250701,1755
20250701,影视动漫,回复术士的重启人生第二季樱花动漫,1665,20250701,1756
20250701,影视动漫,cctv,1663,20250701,1757
20250701,影视动漫,三年在线观看高清大全,1663,20250701,1758
20250701,影视动漫,城中之城,1662,20250701,1759
20250701,影视动漫,战狼3,1661,20250701,1760
20250701,影视动漫,催眠,1661,20250701,1761
20250701,影视动漫,锦绣芳华什么时候上映,1661,20250701,1762
20250701,影视动漫,激情信箱,1660,20250701,1763
20250701,影视动漫,中央电视台,1660,20250701,1764
20250701,影视动漫,琉璃,1660,20250701,1765
20250701,影视动漫,樱花动漫在线观看免费全集高清完整版,1659,20250701,1766
20250701,影视动漫,初次开少女包全集免费观看,1659,20250701,1767
20250701,影视动漫,逆爱双男主2025在线观看全集,1659,20250701,1768
20250701,影视动漫,很想很想你电视剧免费观看,1659,20250701,1769
20250701,影视动漫,金瓶梅电视剧免费观看全集完整版2008年,1659,20250701,1770
20250701,影视动漫,日历女孩,1657,20250701,1771
20250701,影视动漫,泡芙小姐,1656,20250701,1772
20250701,影视动漫,李采潭主演的电影全集在线高清播放,1656,20250701,1773
20250701,影视动漫,刑警的日子,1656,20250701,1774
20250701,影视动漫,哪吒之魔童降世2,1656,20250701,1775
20250701,影视动漫,猎金游戏电影免费观看版高清,1656,20250701,1776
20250701,影视动漫,逆爱网剧第7集,1655,20250701,1777
20250701,影视动漫,悬崖在线观看免费完整版,1654,20250701,1778
20250701,影视动漫,生化危机,1654,20250701,1779
20250701,影视动漫,蜜桃在线观看免费高清电视剧黑暗荣耀,1653,20250701,1780
20250701,影视动漫,脱口秀,1653,20250701,1781
20250701,影视动漫,情满四合院,1652,20250701,1782
20250701,影视动漫,星际穿越,1651,20250701,1783
20250701,影视动漫,西游记作者是谁,1651,20250701,1784
20250701,影视动漫,焕羽剧情介绍,1650,20250701,1785
20250701,影视动漫,桃花映江山电视剧免费观看刘学义,1650,20250701,1786
20250701,影视动漫,美景之屋2在线观看电视剧免费高清完整韩剧TV,1650,20250701,1787
20250701,影视动漫,消失的她,1649,20250701,1788
20250701,影视动漫,士兵突击,1649,20250701,1789
20250701,影视动漫,CCTV,1648,20250701,1790
20250701,影视动漫,美味的小瘦子8,1647,20250701,1791
20250701,影视动漫,打屁股疼的撕心裂肺的视频,1647,20250701,1792
20250701,影视动漫,桃花视频,1646,20250701,1793
20250701,影视动漫,爱丫爱丫电视剧在线观看免费播放,1645,20250701,1794
20250701,影视动漫,甄嬛传全集电视剧在线观看免费,1644,20250701,1795
20250701,影视动漫,天赐的声音第六季在线观看免费,1643,20250701,1796
20250701,影视动漫,吻戏视频,1642,20250701,1797
20250701,影视动漫,橘祥如意电视剧免费观看全集高清,1642,20250701,1798
20250701,影视动漫,逆流而上的你电视剧免费观看全集完整版,1640,20250701,1799
20250701,影视动漫,往南忘北短剧,1638,20250701,1800
20250701,影视动漫,天道,1638,20250701,1801
20250701,影视动漫,泰剧腐剧双男主,1637,20250701,1802
20250701,影视动漫,棋士,1636,20250701,1803
20250701,影视动漫,我的世界大电影,1636,20250701,1804
20250701,影视动漫,亢奋电影在线观看免费高清版,1635,20250701,1805
20250701,影视动漫,洗屋先生在线观看免费完整版电视剧高清,1634,20250701,1806
20250701,影视动漫,一路朝阳,1633,20250701,1807
20250701,影视动漫,琉璃电视剧免费观看全集完整版,1632,20250701,1808
20250701,影视动漫,执法者们,1632,20250701,1809
20250701,影视动漫,鬼迷心窍,1632,20250701,1810
20250701,影视动漫,私藏浪漫,1628,20250701,1811
20250701,影视动漫,家庭教师,1628,20250701,1812
20250701,影视动漫,中餐厅,1627,20250701,1813
20250701,影视动漫,有龙则灵短剧免费观看,1627,20250701,1814
20250701,影视动漫,长歌行电视剧免费观看全集,1626,20250701,1815
20250701,影视动漫,抓娃娃,1626,20250701,1816
20250701,影视动漫,爱情公寓4,1626,20250701,1817
20250701,影视动漫,还珠格格第一部,1625,20250701,1818
20250701,影视动漫,拔萝卜电视剧免费观看全集在线播放,1624,20250701,1819
20250701,影视动漫,真相半白,1624,20250701,1820
20250701,影视动漫,中央八套节目表,1623,20250701,1821
20250701,影视动漫,彼岸灯塔,1623,20250701,1822
20250701,影视动漫,豆瓣电影,1622,20250701,1823
20250701,影视动漫,谎言的诱惑电视剧演员表,1621,20250701,1824
20250701,影视动漫,开始推理吧第三季,1621,20250701,1825
20250701,影视动漫,赴山海,1619,20250701,1826
20250701,影视动漫,《仙逆》动漫在线观看,1619,20250701,1827
20250701,影视动漫,七根心筒,1618,20250701,1828
20250701,影视动漫,acfun,1617,20250701,1829
20250701,影视动漫,北京卫视节目表,1614,20250701,1830
20250701,影视动漫,城中之城电视剧全集在线观看免费,1614,20250701,1831
20250701,影视动漫,逆袭之爱情情敌电视剧在线观看,1613,20250701,1832
20250701,影视动漫,烈火军校电视剧免费观看全集,1613,20250701,1833
20250701,影视动漫,黄雀电视剧全集免费观看高清,1612,20250701,1834
20250701,影视动漫,中央CCTV5 直播,1611,20250701,1835
20250701,影视动漫,更衣人偶坠入爱河,1611,20250701,1836
20250701,影视动漫,死神,1611,20250701,1837
20250701,影视动漫,射雕英雄传83版免费观看,1610,20250701,1838
20250701,影视动漫,一线,1610,20250701,1839
20250701,影视动漫,动画片儿童3-6岁免费大全,1610,20250701,1840
20250701,影视动漫,全员加速中,1609,20250701,1841
20250701,影视动漫,阿黛尔的生活,1608,20250701,1842
20250701,影视动漫,特警力量,1607,20250701,1843
20250701,影视动漫,小小影视,1606,20250701,1844
20250701,影视动漫,狄仁杰之通天迷案在线观看,1605,20250701,1845
20250701,影视动漫,仁心俱乐部电视剧全集免费观看,1605,20250701,1846
20250701,影视动漫,星辰影院高清免费观看电影,1605,20250701,1847
20250701,影视动漫,哈利波特与魔法石,1605,20250701,1848
20250701,影视动漫,中国新说唱2025,1604,20250701,1849
20250701,影视动漫,被拒绝的爱泰剧电视剧免费观看,1604,20250701,1850
20250701,影视动漫,大宅门电视剧全集免费观看,1603,20250701,1851
20250701,影视动漫,干脆杀了他算了,1602,20250701,1852
20250701,影视动漫,时光代理人 第一季,1602,20250701,1853
20250701,影视动漫,鱿鱼游戏第一季,1601,20250701,1854
20250701,影视动漫,中央六台节目表,1598,20250701,1855
20250701,影视动漫,天官赐福第二季在线观看高清免费,1598,20250701,1856
20250701,影视动漫,无间免费观看电视剧全集在线播放,1597,20250701,1857
20250701,影视动漫,刺猬,1597,20250701,1858
20250701,影视动漫,琪琪在线影院电视剧免费观看,1596,20250701,1859
20250701,影视动漫,恐怖电影免费高清在线观看,1595,20250701,1860
20250701,影视动漫,张一山李沁电视剧亲爱的你,1595,20250701,1861
20250701,影视动漫,神隐电视剧在线观看全集免费播放,1594,20250701,1862
20250701,影视动漫,芭乐视app下载安装旧版本免费官网最新科普,1591,20250701,1863
20250701,影视动漫,死神来了3,1590,20250701,1864
20250701,影视动漫,火影忍者免费观看720集,1590,20250701,1865
20250701,影视动漫,人肉叉烧包,1590,20250701,1866
20250701,影视动漫,因法之名电视剧剧情介绍,1588,20250701,1867
20250701,影视动漫,逆爱免费观看全集高清在线播放,1588,20250701,1868
20250701,影视动漫,八段锦国家体育总局口令版带呼吸,1587,20250701,1869
20250701,影视动漫,练气十万年在线观看全集免费播放动漫,1587,20250701,1870
20250701,影视动漫,美国电影,1587,20250701,1871
20250701,影视动漫,猎罪图鉴2电视剧免费观看完整版,1586,20250701,1872
20250701,影视动漫,金瓶梅2,1586,20250701,1873
20250701,影视动漫,女生宿舍2免费观看全集电视剧,1586,20250701,1874
20250701,影视动漫,逆爱1-40集完整版免费,1586,20250701,1875
20250701,影视动漫,花房姑娘电视剧免费观看完整版高清视频,1585,20250701,1876
20250701,影视动漫,哈哈哈哈哈第二季,1584,20250701,1877
20250701,影视动漫,斗破苍穹年番免费观看高清版,1582,20250701,1878
20250701,影视动漫,绝密较量,1581,20250701,1879
20250701,影视动漫,五哈第三季,1580,20250701,1880
20250701,影视动漫,少年派,1579,20250701,1881
20250701,影视动漫,星辰影视免费观看电视剧高清,1578,20250701,1882
20250701,影视动漫,哈哈哈哈哈综艺第五季,1578,20250701,1883
20250701,影视动漫,千香引电视剧全集免费观看,1578,20250701,1884
20250701,影视动漫,真相半白电视剧在线观看,1575,20250701,1885
20250701,影视动漫,习近平中国梦,1574,20250701,1886
20250701,影视动漫,赘婿电视剧在线观看免费,1574,20250701,1887
20250701,影视动漫,国产少女免费观看电视剧字幕,1573,20250701,1888
20250701,影视动漫,余生请多指教,1572,20250701,1889
20250701,影视动漫,诡秘之主动漫免费观看高清第一季,1571,20250701,1890
20250701,影视动漫,以法之名免费观看完整版高清,1569,20250701,1891
20250701,影视动漫,少年包青天,1568,20250701,1892
20250701,影视动漫,铠甲勇士,1567,20250701,1893
20250701,影视动漫,jmcomic2.0,1567,20250701,1894
20250701,影视动漫,斯巴达克斯未测减除版,1567,20250701,1895
20250701,影视动漫,叛逆者电视剧全集免费观看,1566,20250701,1896
20250701,影视动漫,《甜蜜的惩罚2》第二季动漫,1565,20250701,1897
20250701,影视动漫,密室大逃脱第7季免费观看完整版,1564,20250701,1898
20250701,影视动漫,余生请多指教在线观看免费完整版,1563,20250701,1899
20250701,影视动漫,李丽珍电影经典免费观看,1563,20250701,1900
20250701,影视动漫,一拳超人,1562,20250701,1901
20250701,影视动漫,我的阿勒泰电视剧免费观看,1561,20250701,1902
20250701,影视动漫,锦绣芳华电视剧免费观看在线播放,1561,20250701,1903
20250701,影视动漫,美人心计,1560,20250701,1904
20250701,影视动漫,出轨,1560,20250701,1905
20250701,影视动漫,小蓝视频,1560,20250701,1906
20250701,影视动漫,公主绝色影卫短剧全集免费观看高清,1559,20250701,1907
20250701,影视动漫,重生,1559,20250701,1908
20250701,影视动漫,孤舟电视剧全集免费观看高清在线播放,1558,20250701,1909
20250701,影视动漫,动漫在线观看完整版影视,1558,20250701,1910
20250701,影视动漫,野花香电视剧全集播放完整版高清下载,1557,20250701,1911
20250701,影视动漫,月光变奏曲电视剧免费观看,1557,20250701,1912
20250701,影视动漫,未知的首尔,1557,20250701,1913
20250701,影视动漫,熊猫视频,1556,20250701,1914
20250701,影视动漫,柳舟记 电视剧免费观看全集高清,1555,20250701,1915
20250701,影视动漫,凡人修仙传免费观看高清完整版,1554,20250701,1916
20250701,影视动漫,鸣龙少年电视剧免费观看全集,1554,20250701,1917
20250701,影视动漫,五福临门 电视剧免费观看完整版,1554,20250701,1918
20250701,影视动漫,青梅竹马是消防员第2季未增删消,1553,20250701,1919
20250701,影视动漫,课程韩剧在线观看,1553,20250701,1920
20250701,影视动漫,外科风云电视剧全集免费播放,1552,20250701,1921
20250701,影视动漫,冬至电视剧全集免费观看,1551,20250701,1922
20250701,影视动漫,bnb98八度影院免费观看电视剧最新,1551,20250701,1923
20250701,影视动漫,囧次元官方正版app下载,1551,20250701,1924
20250701,影视动漫,《哈哈哈哈哈》第五季,1550,20250701,1925
20250701,影视动漫,速度与激情,1548,20250701,1926
20250701,影视动漫,光棍电影,1548,20250701,1927
20250701,影视动漫,亲爱的生命电视剧免费观看,1548,20250701,1928
20250701,影视动漫,同人动漫,1547,20250701,1929
20250701,影视动漫,遮天动漫在线观看高清完整版全集,1547,20250701,1930
20250701,影视动漫,奔跑吧第十二季免费观看完整版,1547,20250701,1931
20250701,影视动漫,沉默的真相免费观看完整版,1546,20250701,1932
20250701,影视动漫,大秦赋,1546,20250701,1933
20250701,影视动漫,灵魂摆渡,1545,20250701,1934
20250701,影视动漫,非凡医者全集免费,1542,20250701,1935
20250701,影视动漫,闯关东,1542,20250701,1936
20250701,影视动漫,赶尸艳谭,1541,20250701,1937
20250701,影视动漫,指尖传出的真挚热情2第二季,1541,20250701,1938
20250701,影视动漫,三年经典大片合集,1541,20250701,1939
20250701,影视动漫,逆爱2025在线观看免费完整版,1540,20250701,1940
20250701,影视动漫,张凌赫主演的电视剧,1540,20250701,1941
20250701,影视动漫,以法之名全部演员表图片,1539,20250701,1942
20250701,影视动漫,蜗居完整版免费观看全集在线观看,1538,20250701,1943
20250701,影视动漫,电影韩国,1538,20250701,1944
20250701,影视动漫,天蝎座之夜3完整版免费版,1538,20250701,1945
20250701,影视动漫,儿童动画片,1538,20250701,1946
20250701,影视动漫,无颜之月第一季全集播放,1538,20250701,1947
20250701,影视动漫,叶山小百合电影免费观看完整版,1537,20250701,1948
20250701,影视动漫,油管youtube官网入口,1535,20250701,1949
20250701,影视动漫,你的婚礼,1535,20250701,1950
20250701,影视动漫,中文在线观看免费高清第三季预告,1535,20250701,1951
20250701,影视动漫,CCTV5直播,1534,20250701,1952
20250701,影视动漫,无能的丈夫,1533,20250701,1953
20250701,影视动漫,以发之名免费观看全集完整版,1532,20250701,1954
20250701,影视动漫,沧元图2,1531,20250701,1955
20250701,影视动漫,西北岁月电视剧,1530,20250701,1956
20250701,影视动漫,暗夜深海电视剧免费观看全集,1529,20250701,1957
20250701,影视动漫,火影忍者全集免费观看,1529,20250701,1958
20250701,影视动漫,王牌对王牌,1529,20250701,1959
20250701,影视动漫,环太平洋,1528,20250701,1960
20250701,影视动漫,以法之名免费,1527,20250701,1961
20250701,影视动漫,吻戏原声,1526,20250701,1962
20250701,影视动漫,逆爱电视剧全集免费观看双男主,1525,20250701,1963
20250701,影视动漫,永夜星河电视剧免费高清版,1524,20250701,1964
20250701,影视动漫,男生和女生一起打斗地主,1524,20250701,1965
20250701,影视动漫,火辣女子监狱电影免费观看全集,1524,20250701,1966
20250701,影视动漫,半是蜜糖半是伤电视剧免费完整版,1524,20250701,1967
20250701,影视动漫,吞噬星空在线观看全集免费播放完美世界,1523,20250701,1968
20250701,影视动漫,哥布林的巢穴,1523,20250701,1969
20250701,影视动漫,一梦如初短剧,1523,20250701,1970
20250701,影视动漫,天赐的声音第6季,1522,20250701,1971
20250701,影视动漫,奇门遁甲,1522,20250701,1972
20250701,影视动漫,我的团长我的团,1522,20250701,1973
20250701,影视动漫,动物交流配对成功视频大全,1521,20250701,1974
20250701,影视动漫,以你的心诠释我的爱,1521,20250701,1975
20250701,影视动漫,监狱学园,1521,20250701,1976
20250701,影视动漫,奇怪的美容沙发,1520,20250701,1977
20250701,影视动漫,《藏海传》电视剧,1520,20250701,1978
20250701,影视动漫,理想之城,1519,20250701,1979
20250701,影视动漫,缘之空免费观看,1519,20250701,1980
20250701,影视动漫,国色芳华第二部在线观看电视剧,1519,20250701,1981
20250701,影视动漫,肉搏团电影免费观看高清完整版在线观看熊出没重返地球,1519,20250701,1982
20250701,影视动漫,与僧侣之夜动漫免费完整版,1517,20250701,1983
20250701,影视动漫,书卷一梦 电视剧,1517,20250701,1984
20250701,影视动漫,恶意电影,1517,20250701,1985
20250701,影视动漫,ehviewer绿色版1.9.9.9,1517,20250701,1986
20250701,影视动漫,猫眼电视剧全网实时热度,1516,20250701,1987
20250701,影视动漫,柴鸡蛋逆爱电视剧免费观看,1515,20250701,1988
20250701,影视动漫,疯狂动物城电影免费观看完整版,1510,20250701,1989
20250701,影视动漫,武林外传在线观看免费全集,1510,20250701,1990
20250701,影视动漫,赤裸羔羊国语版电视剧免费观看,1509,20250701,1991
20250701,影视动漫,日韩高清免费最新电视剧电影在线,1508,20250701,1992
20250701,影视动漫,长津湖,1507,20250701,1993
20250701,影视动漫,玉薄之官人我要1999在线观看电视剧免费高清,1505,20250701,1994
20250701,影视动漫,寒武纪,1505,20250701,1995
20250701,影视动漫,汤唯梁朝伟电影原片在线观看,1504,20250701,1996
20250701,影视动漫,少女哔哩哔哩免费高清观看2,1504,20250701,1997
20250701,影视动漫,玫瑰的故事电视剧免费观看全集高清,1504,20250701,1998
20250701,影视动漫,人民的名义在线观看免费,1504,20250701,1999
20250701,影视动漫,米小圈上学记,1503,20250701,2000
20250701,影视动漫,兽性新人类,1502,20250701,2001
20250701,影视动漫,娃娃脸免费高清在线观看,1502,20250701,2002
20250701,影视动漫,韩剧《喂奶2》电视剧免费观看,1501,20250701,2003
20250701,影视动漫,韩小圈app官网下载安装,1501,20250701,2004
20250701,影视动漫,诛仙动漫在线观看全集免费观看,1501,20250701,2005
20250701,影视动漫,蜜桃成熟,1500,20250701,2006
20250701,影视动漫,追光的日子电视剧免费观看,1499,20250701,2007
20250701,影视动漫,灌篮高手,1499,20250701,2008
20250701,影视动漫,树拍是什么平台,1499,20250701,2009
20250701,影视动漫,山花烂漫时演员表,1497,20250701,2010
20250701,影视动漫,绿巨人在线观看免费观看在线nba,1497,20250701,2011
20250701,影视动漫,你也有今天,1497,20250701,2012
20250701,影视动漫,七宗罪,1496,20250701,2013
20250701,影视动漫,珠帘玉幕,1494,20250701,2014
20250701,影视动漫,打屁股视频,1494,20250701,2015
20250701,影视动漫,简爱,1494,20250701,2016
20250701,影视动漫,overflow第二季樱花动漫免费观看完整版,1493,20250701,2017
20250701,影视动漫,沧元图在线观看全集免费高清,1493,20250701,2018
20250701,影视动漫,蛮好的人生,1492,20250701,2019
20250701,影视动漫,出轨2,1492,20250701,2020
20250701,影视动漫,你好星期六2025免费观看完整版,1491,20250701,2021
20250701,影视动漫,丁香花在线高清视频完整版观看,1491,20250701,2022
20250701,影视动漫,变态视频而且很变,1490,20250701,2023
20250701,影视动漫,一念永恒在线观看全集免费播放,1490,20250701,2024
20250701,影视动漫,《逆袭》2025电视剧,1490,20250701,2025
20250701,影视动漫,《逆爱》电视剧2025,1489,20250701,2026
20250701,影视动漫,密室大逃脱第六季,1488,20250701,2027
20250701,影视动漫,办公室刺激战场第二季在线观看,1488,20250701,2028
20250701,影视动漫,茶杯狐 cupfox - 努力让找电影变得简单沈腾,1487,20250701,2029
20250701,影视动漫,囧次元纯净版2025最新版下载,1486,20250701,2030
20250701,影视动漫,世外桃源电影完整版在线,1485,20250701,2031
20250701,影视动漫,教室别恋免费完整电影在线观看,1485,20250701,2032
20250701,影视动漫,中央电视台一套直播,1483,20250701,2033
20250701,影视动漫,藏海花电视剧免费观看完整版,1483,20250701,2034
20250701,影视动漫,午夜视频,1483,20250701,2035
20250701,影视动漫,汪汪队立大功,1483,20250701,2036
20250701,影视动漫,逆爱双男主电视剧免费观看全集高清,1482,20250701,2037
20250701,影视动漫,优酷视频,1481,20250701,2038
20250701,影视动漫,北上,1480,20250701,2039
20250701,影视动漫,妻子的情人,1479,20250701,2040
20250701,影视动漫,上流社会,1479,20250701,2041
20250701,影视动漫,乡村爱情17部免费观看电视剧全集,1479,20250701,2042
20250701,影视动漫,药屋少女的呢喃第二季在线观看,1478,20250701,2043
20250701,影视动漫,命运石之门,1477,20250701,2044
20250701,影视动漫,欧美在线观看免费高清完整版在线观看明星大侦探,1477,20250701,2045
20250701,影视动漫,gagaoolaa是什么软件,1477,20250701,2046
20250701,影视动漫,追风者电视剧免费观看,1476,20250701,2047
20250701,影视动漫,哥布林杀手,1475,20250701,2048
20250701,影视动漫,4480,1475,20250701,2049
20250701,影视动漫,星空影院电视剧免费观看完整版高清,1475,20250701,2050
20250701,影视动漫,灭门惨案之借种电影免费播放高清,1475,20250701,2051
20250701,影视动漫,流星花园,1474,20250701,2052
20250701,影视动漫,追风者,1472,20250701,2053
20250701,影视动漫,以爱为营电视剧免费观看,1471,20250701,2054
20250701,影视动漫,金牌影院电视剧在线观看,1470,20250701,2055
20250701,影视动漫,盛势电视剧全集免费观看完整版,1469,20250701,2056
20250701,影视动漫,回复术士之重启人生免费完整版,1469,20250701,2057
20250701,影视动漫,囧次元下载,1468,20250701,2058
20250701,影视动漫,《因法之名》免费观看,1468,20250701,2059
20250701,影视动漫,亲嘴还扔衣服亲脖子,1467,20250701,2060
20250701,影视动漫,少年男仆库洛动漫在线观看完整版免费高清,1467,20250701,2061
20250701,影视动漫,三分野,1467,20250701,2062
20250701,影视动漫,橘子视频下载,1466,20250701,2063
20250701,影视动漫,三十而已,1466,20250701,2064
20250701,影视动漫,长风渡电视剧全集免费播放,1466,20250701,2065
20250701,影视动漫,南来北往,1466,20250701,2066
20250701,影视动漫,穿过荆棘拥抱你短剧免费观看,1465,20250701,2067
20250701,影视动漫,度华年电视剧在线观看免费高清版,1464,20250701,2068
20250701,影视动漫,归棹,1462,20250701,2069
20250701,影视动漫,赛马娘,1462,20250701,2070
20250701,影视动漫,法国空乘在线观看完整免费高清原声满天星悬疑片2019年,1457,20250701,2071
20250701,影视动漫,甜蜜恶作剧,1457,20250701,2072
20250701,影视动漫,少林寺,1457,20250701,2073
20250701,影视动漫,大片,1457,20250701,2074
20250701,影视动漫,雍正王朝电视剧全集56集完整版,1456,20250701,2075
20250701,影视动漫,以法之名一共多少集?,1455,20250701,2076
20250701,影视动漫,死神来了2,1455,20250701,2077
20250701,影视动漫,哔哩哔哩网页版入口,1455,20250701,2078
20250701,影视动漫,闪耀的她高清免费观看全集完整版,1454,20250701,2079
20250701,影视动漫,欲望的诱惑,1454,20250701,2080
20250701,影视动漫,柴鸡蛋《逆爱》电视剧,1452,20250701,2081
20250701,影视动漫,磕巴雷哥故事汇,1452,20250701,2082
20250701,影视动漫,好事成双电视剧免费观看全集,1451,20250701,2083
20250701,影视动漫,奔跑吧第九季在线观看,1451,20250701,2084
20250701,影视动漫,密室大逃脱第一季,1450,20250701,2085
20250701,影视动漫,芒果视频在线观看免费高清完整版在线观看明星大侦探6,1450,20250701,2086
20250701,影视动漫,向阳花电影在线观看免费版,1450,20250701,2087
20250701,影视动漫,隔窗恋爱,1449,20250701,2088
20250701,影视动漫,桃花映江山电视剧全集免费观看,1449,20250701,2089
20250701,影视动漫,炼气十万年动漫免费观看完整版,1447,20250701,2090
20250701,影视动漫,我们的婚姻电视剧免费观看完整版高清,1447,20250701,2091
20250701,影视动漫,康熙微服私访记,1446,20250701,2092
20250701,影视动漫,凤凰台上电视剧免费观看,1445,20250701,2093
20250701,影视动漫,神马,1444,20250701,2094
20250701,影视动漫,免费看,1444,20250701,2095
20250701,影视动漫,漂亮的李慧珍,1444,20250701,2096
20250701,影视动漫,三年在线观看大全免费高清,1442,20250701,2097
20250701,影视动漫,杨紫电视剧,1441,20250701,2098
20250701,影视动漫,三妻四妾免费观看完整版,1440,20250701,2099
20250701,影视动漫,免费追剧app推荐,1440,20250701,2100
20250701,影视动漫,无耻之徒第五季无删减版美剧,1440,20250701,2101
20250701,影视动漫,杨紫锦绣芳华免费观看,1438,20250701,2102
20250701,影视动漫,十八岁高清全集免费观看,1438,20250701,2103
20250701,影视动漫,下载抖音,1438,20250701,2104
20250701,影视动漫,奔跑吧兄弟第三季,1437,20250701,2105
20250701,影视动漫,奥特曼动画片中文版免费观看,1437,20250701,2106
20250701,影视动漫,逆爱台剧双男,1437,20250701,2107
20250701,影视动漫,幸福花园动漫免费完整版观看全集下载,1435,20250701,2108
20250701,影视动漫,逐玉电视剧免费观看完整版高清,1435,20250701,2109
20250701,影视动漫,《潜渊》完整版,1434,20250701,2110
20250701,影视动漫,老男孩,1434,20250701,2111
20250701,影视动漫,江河之上电视剧全集完整版免费观看,1432,20250701,2112
20250701,影视动漫,逆爱电视剧全集完整版在线观看,1432,20250701,2113
20250701,影视动漫,语义错误在线观看免费完整版,1432,20250701,2114
20250701,影视动漫,旋风少女,1432,20250701,2115
20250701,影视动漫,cctv5 在线直播,1431,20250701,2116
20250701,影视动漫,痴人之爱,1431,20250701,2117
20250701,影视动漫,攻略冷少主电视剧免费观看,1430,20250701,2118
20250701,影视动漫,逆爱免费观看全集,1430,20250701,2119
20250701,影视动漫,叶罗丽精灵梦,1430,20250701,2120
20250701,影视动漫,李采潭的电影全集在线高清观看,1430,20250701,2121
20250701,影视动漫,渗透电视剧全集免费观看,1429,20250701,2122
20250701,影视动漫,陈翔六点半,1428,20250701,2123
20250701,影视动漫,怪兽8号,1427,20250701,2124
20250701,影视动漫,国色芳华电视剧在线观看,1425,20250701,2125
20250701,影视动漫,憧憬成为魔法少女全集免费观看,1425,20250701,2126
20250701,影视动漫,中二病也要谈恋爱,1425,20250701,2127
20250701,影视动漫,卷书一梦电视剧全集免费观看完整版,1424,20250701,2128
20250701,影视动漫,红,1424,20250701,2129
20250701,影视动漫,度华年,1423,20250701,2130
20250701,影视动漫,省委书记,1422,20250701,2131
20250701,影视动漫,母亲5免费完整版全集电视剧,1421,20250701,2132
20250701,影视动漫,功夫,1420,20250701,2133
20250701,影视动漫,死神来了4,1420,20250701,2134
20250701,影视动漫,欲念疯长短剧,1419,20250701,2135
20250701,影视动漫,延禧攻略电视剧免费版全集在线观看高清,1419,20250701,2136
20250701,影视动漫,肮脏的交易,1418,20250701,2137
20250701,影视动漫,哪吒之魔童闹海2免费观看高清,1417,20250701,2138
20250701,影视动漫,asmr,1417,20250701,2139
20250701,影视动漫,逆爱8,1416,20250701,2140
20250701,影视动漫,甄嬛传演员表,1415,20250701,2141
20250701,影视动漫,迪拜的女孩在线观看完整免费高清满天星,1415,20250701,2142
20250701,影视动漫,小猪佩奇三胎,1414,20250701,2143
20250701,影视动漫,镇魂街第四季全集免费观看完整版,1413,20250701,2144
20250701,影视动漫,雄狮少年2在线观看完整版免费,1412,20250701,2145
20250701,影视动漫,春晖电视剧演员表,1412,20250701,2146
20250701,影视动漫,丁度巴拉斯的电影,1412,20250701,2147
20250701,影视动漫,以爱为营演员介绍表,1411,20250701,2148
20250701,影视动漫,age动漫官方,1410,20250701,2149
20250701,影视动漫,拾光视频,1410,20250701,2150
20250701,影视动漫,《以法之名》追剧体验,1410,20250701,2151
20250701,影视动漫,许开心的绽放免费观看,1409,20250701,2152
20250701,影视动漫,不灭的灯在线观看,1409,20250701,2153
20250701,影视动漫,西施,1409,20250701,2154
20250701,影视动漫,下载抖音正版,1409,20250701,2155
20250701,影视动漫,明星大侦探,1409,20250701,2156
20250701,影视动漫,新妹魔王的契约者,1408,20250701,2157
20250701,影视动漫,寄生虫,1408,20250701,2158
20250701,影视动漫,人间正道是沧桑,1408,20250701,2159
20250701,影视动漫,无耻之徒第一季完整版,1408,20250701,2160
20250701,影视动漫,医院,1407,20250701,2161
20250701,影视动漫,战狼6免费观看在线播放完整版,1407,20250701,2162
20250701,影视动漫,十八岁真人版电视剧,1407,20250701,2163
20250701,影视动漫,西部世界,1406,20250701,2164
20250701,影视动漫,苦尽甘来遇见你韩剧免费观看,1405,20250701,2165
20250701,影视动漫,歌手2025,1405,20250701,2166
20250701,影视动漫,奥特曼动画片3-6岁,1405,20250701,2167
20250701,影视动漫,无敌扫地僧短剧免费观看,1404,20250701,2168
20250701,影视动漫,秋霞影院,1403,20250701,2169
20250701,影视动漫,葬送的芙莉莲动漫免费观看,1403,20250701,2170
20250701,影视动漫,哪吒2电影免费观看高清,1402,20250701,2171
20250701,影视动漫,包青天,1401,20250701,2172
20250701,影视动漫,征服,1400,20250701,2173
20250701,影视动漫,骆驼祥子,1400,20250701,2174
20250701,影视动漫,上海滩,1400,20250701,2175
20250701,影视动漫,精英律师,1400,20250701,2176
20250701,影视动漫,桃花映江山在线观看免费,1400,20250701,2177
20250701,影视动漫,我妻子的姐姐2免费版电视剧大全,1398,20250701,2178
20250701,影视动漫,新金瓶梅电视剧一到五集,1398,20250701,2179
20250701,影视动漫,无心法师,1397,20250701,2180
20250701,影视动漫,五哈第5季,1396,20250701,2181
20250701,影视动漫,故乡别来无恙电视剧免费观看,1396,20250701,2182
20250701,影视动漫,爱情韩国电影,1396,20250701,2183
20250701,影视动漫,十八岁免费观看完整版高清,1394,20250701,2184
20250701,影视动漫,美容室的特殊待遇4,1394,20250701,2185
20250701,影视动漫,97电影院在线观看免费高清电视剧,1394,20250701,2186
20250701,影视动漫,东宫电视剧免费观看全集,1393,20250701,2187
20250701,影视动漫,挠痒痒处罚,1393,20250701,2188
20250701,影视动漫,你好星期六2025,1393,20250701,2189
20250701,影视动漫,魔女的侵袭,1393,20250701,2190
20250701,影视动漫,逆爱在哪里看,1392,20250701,2191
20250701,影视动漫,鸭王2免费观看完整版普通话,1391,20250701,2192
20250701,影视动漫,以法之名电视剧剧情介绍,1391,20250701,2193
20250701,影视动漫,免费在线观看,1390,20250701,2194
20250701,影视动漫,奔跑吧兄弟第四季,1390,20250701,2195
20250701,影视动漫,美国空中宝贝2,1389,20250701,2196
20250701,影视动漫,舌吻原声无背景音乐视频,1389,20250701,2197
20250701,影视动漫,想要成为影之实力者,1387,20250701,2198
20250701,影视动漫,鱿鱼游找,1386,20250701,2199
20250701,影视动漫,茶啊二中,1385,20250701,2200
20250701,影视动漫,火影忍者同人版全集免费观看,1384,20250701,2201
20250701,影视动漫,仯囡视频,1384,20250701,2202
20250701,影视动漫,春晖演员表,1384,20250701,2203
20250701,影视动漫,间之楔,1383,20250701,2204
20250701,影视动漫,契约之吻,1383,20250701,2205
20250701,影视动漫,特警力量电视剧免费观看完整版,1383,20250701,2206
20250701,影视动漫,锦心似玉在线观看免费观看完整版,1382,20250701,2207
20250701,影视动漫,苦尽柑来遇见你,1382,20250701,2208
20250701,影视动漫,中央5台cctv5直播,1381,20250701,2209
20250701,影视动漫,《锦绣芳华》免费看,1380,20250701,2210
20250701,影视动漫,长安的荔枝结局,1380,20250701,2211
20250701,影视动漫,仙逆动漫在线播放完整版高清,1379,20250701,2212
20250701,影视动漫,三年免费观看完整版,1378,20250701,2213
20250701,影视动漫,熊出没之重启未来,1377,20250701,2214
20250701,影视动漫,酱园弄悬案,1376,20250701,2215
20250701,影视动漫,82板杨敏思版本1-5电视剧免费观看,1375,20250701,2216
20250701,影视动漫,水饺皇后,1374,20250701,2217
20250701,影视动漫,老师,1374,20250701,2218
20250701,影视动漫,时光代理人英都篇,1374,20250701,2219
20250701,影视动漫,小兵张嘎,1373,20250701,2220
20250701,影视动漫,叶玉卿最经典的三部电影免费观看,1373,20250701,2221
20250701,影视动漫,高压监狱3法国电影在线观看完整免费高清原声奔跑吧,1372,20250701,2222
20250701,影视动漫,桃花映江山免费,1372,20250701,2223
20250701,影视动漫,酱园弄悬案完整版免费观看普通话,1372,20250701,2224
20250701,影视动漫,菲梦少女,1371,20250701,2225
20250701,影视动漫,小丑,1371,20250701,2226
20250701,影视动漫,悟空影视免费观看,1370,20250701,2227
20250701,影视动漫,人民的名义演员表,1370,20250701,2228
20250701,影视动漫,蜘蛛侠,1368,20250701,2229
20250701,影视动漫,喜爱夜蒲电视剧免费观看国语版,1368,20250701,2230
20250701,影视动漫,十万个为什么作者是谁,1367,20250701,2231
20250701,影视动漫,大决战,1367,20250701,2232
20250701,影视动漫,电影推荐,1364,20250701,2233
20250701,影视动漫,熊出没之奇幻空间免费观看完整版,1364,20250701,2234
20250701,影视动漫,1921电影,1364,20250701,2235
20250701,影视动漫,下山后我横扫一切短剧,1363,20250701,2236
20250701,影视动漫,猎罪图鉴,1363,20250701,2237
20250701,影视动漫,银河奥特曼,1362,20250701,2238
20250701,影视动漫,秋收起义,1362,20250701,2239
20250701,影视动漫,流金岁月,1362,20250701,2240
20250701,影视动漫,肉嫁高柳家,1362,20250701,2241
20250701,影视动漫,逆爱在线免费观看,1361,20250701,2242
20250701,影视动漫,17.3关于x在线观看全集免费完整,1361,20250701,2243
20250701,影视动漫,新世界,1360,20250701,2244
20250701,影视动漫,风雪无尽相思情短剧免费观看,1359,20250701,2245
20250701,影视动漫,太平天国,1359,20250701,2246
20250701,影视动漫,《长安的荔枝》电视剧,1358,20250701,2247
20250701,影视动漫,f1狂飙飞车在线观看,1358,20250701,2248
20250701,影视动漫,狐妖小红娘动漫全集免费观看,1358,20250701,2249
20250701,影视动漫,青柠影院在线观看高清电视剧荣耀,1357,20250701,2250
20250701,影视动漫,动漫在线观看动漫,1357,20250701,2251
20250701,影视动漫,金陵十三钗,1356,20250701,2252
20250701,影视动漫,以法之名分集剧情,1355,20250701,2253
20250701,影视动漫,百家讲坛,1355,20250701,2254
20250701,影视动漫,开门大吉,1354,20250701,2255
20250701,影视动漫,黑兽1~6集全集播放动漫版免费观看,1354,20250701,2256
20250701,影视动漫,哪吒2之魔童闹海,1353,20250701,2257
20250701,影视动漫,3077甜蜜惩罚第一季全集完整版在线观看动漫,1353,20250701,2258
20250701,影视动漫,花儿与少年·丝路季,1352,20250701,2259
20250701,影视动漫,不良人,1352,20250701,2260
20250701,影视动漫,60分钟在线观看免费播放电视剧,1352,20250701,2261
20250701,影视动漫,漂白,1351,20250701,2262
20250701,影视动漫,菠萝视频logo,1351,20250701,2263
20250701,影视动漫,小欢喜电视剧全集免费观看完整版,1351,20250701,2264
20250701,影视动漫,什刹海,1350,20250701,2265
20250701,影视动漫,爱情公寓1,1350,20250701,2266
20250701,影视动漫,好看的电影,1350,20250701,2267
20250701,影视动漫,灵笼第2季全集免费观看完整版,1350,20250701,2268
20250701,影视动漫,免费看电影,1349,20250701,2269
20250701,影视动漫,疾速追杀,1349,20250701,2270
20250701,影视动漫,树拍,1348,20250701,2271
20250701,影视动漫,电视剧潜渊全集完整版在线观看免费,1348,20250701,2272
20250701,影视动漫,3d极乐宝鉴电影国语在线观看免费高清,1348,20250701,2273
20250701,影视动漫,阿凡达,1348,20250701,2274
20250701,影视动漫,东方之珠,1348,20250701,2275
20250701,影视动漫,爸爸当家第四季免费观看完整版高清,1348,20250701,2276
20250701,影视动漫,临江仙电视剧免费观看完整版高清,1348,20250701,2277
20250701,影视动漫,受孕屋第二季第一集,1348,20250701,2278
20250701,影视动漫,焕羽电视剧免费观看,1347,20250701,2279
20250701,影视动漫,楚乔传,1347,20250701,2280
20250701,影视动漫,姐孕第1集免费观看樱花动漫,1346,20250701,2281
20250701,影视动漫,紫云寺家的孩子们,1346,20250701,2282
20250701,影视动漫,小伙子泻火老阿姨2023年最新视频,1346,20250701,2283
20250701,影视动漫,张译最新电视剧,1346,20250701,2284
20250701,影视动漫,傲慢与偏见,1345,20250701,2285
20250701,影视动漫,孤注一掷,1345,20250701,2286
20250701,影视动漫,快鸭加速器,1344,20250701,2287
20250701,影视动漫,斗破苍穹年番在线观看免费全集高清,1344,20250701,2288
20250701,影视动漫,珠帘玉幕电视剧免费观看,1344,20250701,2289
20250701,影视动漫,三国,1344,20250701,2290
20250701,影视动漫,古惑仔3之只手遮天,1343,20250701,2291
20250701,影视动漫,挚爱游戏电视剧免费观看全集高清版,1343,20250701,2292
20250701,影视动漫,云天之上,1342,20250701,2293
20250701,影视动漫,逃出惊魂夜,1342,20250701,2294
20250701,影视动漫,开始推理吧第三季在线观看,1342,20250701,2295
20250701,影视动漫,鹿鼎记,1342,20250701,2296
20250701,影视动漫,新生电视剧,1342,20250701,2297
20250701,影视动漫,哈哈哈哈哈 第五季,1341,20250701,2298
20250701,影视动漫,底线电视剧在线观看完整版免费,1341,20250701,2299
20250701,影视动漫,在人间电视剧免费观看全集完整版,1341,20250701,2300
20250701,影视动漫,逆爱电视剧免费播放全集,1341,20250701,2301
20250701,影视动漫,三大队,1341,20250701,2302
20250701,影视动漫,新三国,1341,20250701,2303
20250701,影视动漫,蜜桃成时熟,1340,20250701,2304
20250701,影视动漫,开始推理吧第三季免费观看完整版,1339,20250701,2305
20250701,影视动漫,金钱之味,1339,20250701,2306
20250701,影视动漫,无颜之月樱花动漫免费追剧,1338,20250701,2307
20250701,影视动漫,苍月奥特曼,1338,20250701,2308
20250701,影视动漫,民国奇探,1337,20250701,2309
20250701,影视动漫,武则天秘史免费观看完整电视剧全集高清,1336,20250701,2310
20250701,影视动漫,中央电视台13新闻直播,1336,20250701,2311
20250701,影视动漫,为了皇帝,1334,20250701,2312
20250701,影视动漫,官人我要电影在线观看免费完整版,1334,20250701,2313
20250701,影视动漫,黑执事,1334,20250701,2314
20250701,影视动漫,启示录电影免费观看完整版,1333,20250701,2315
20250701,影视动漫,大秦帝国之纵横,1332,20250701,2316
20250701,影视动漫,甜蜜惩罚无删减全集完整版,1330,20250701,2317
20250701,影视动漫,火影忍者疾风传,1329,20250701,2318
20250701,影视动漫,逆爱之爱上情敌,1329,20250701,2319
20250701,影视动漫,甄嬛传免费完整版电视剧免费观看,1328,20250701,2320
20250701,影视动漫,战狼3电影免费观看高清完整版,1328,20250701,2321
20250701,影视动漫,溺爱电视剧,1328,20250701,2322
20250701,影视动漫,《十八岁》全集,1327,20250701,2323
20250701,影视动漫,以法之名在线观看全集免费播放,1327,20250701,2324
20250701,影视动漫,国产少女免费观看电视剧字幕大全下,1327,20250701,2325
20250701,影视动漫,那年花开月正圆,1326,20250701,2326
20250701,影视动漫,人人影视官网,1325,20250701,2327
20250701,影视动漫,下载快手,1324,20250701,2328
20250701,影视动漫,暴躁妹妹高清免费观看电视剧视频,1323,20250701,2329
20250701,影视动漫,长安荔枝电视剧在线观看免费,1323,20250701,2330
20250701,影视动漫,大明王朝1566 电视剧全集免费观看,1323,20250701,2331
20250701,影视动漫,甜蜜惩罚全集免费播放第一季,1322,20250701,2332
20250701,影视动漫,十年倾城短剧在线观看免费,1322,20250701,2333
20250701,影视动漫,性生活2,1322,20250701,2334
20250701,影视动漫,爱上海军蓝电视剧免费观看高清,1322,20250701,2335
20250701,影视动漫,林深见鹿电视剧免费观看,1321,20250701,2336
20250701,影视动漫,无耻之徒第五季,1320,20250701,2337
20250701,影视动漫,汪汪队立大功全集免费观看,1319,20250701,2338
20250701,影视动漫,奔跑吧第九季免费观看完整版,1318,20250701,2339
20250701,影视动漫,初恋时间在线观看全集免费,1318,20250701,2340
20250701,影视动漫,第一次的妻子动漫免费观看全集完整版,1318,20250701,2341
20250701,影视动漫,从零开始的异世界生活,1317,20250701,2342
20250701,影视动漫,大风杀电影在线观看完整版免费高清,1317,20250701,2343
20250701,影视动漫,默杀,1316,20250701,2344
20250701,影视动漫,中文字幕在线看高清电影好看的电视剧,1314,20250701,2345
20250701,影视动漫,团鬼六,1314,20250701,2346
20250701,影视动漫,恋恋不忘的我们综艺免费观看,1314,20250701,2347
20250701,影视动漫,闯关东电视连续剧全集免费观看,1314,20250701,2348
20250701,影视动漫,瑞克和莫蒂第八季,1313,20250701,2349
20250701,影视动漫,小巷人家剧情介绍,1313,20250701,2350
20250701,影视动漫,白日梦我,1313,20250701,2351
20250701,影视动漫,撕夜,1311,20250701,2352
20250701,影视动漫,红旗渠,1311,20250701,2353
20250701,影视动漫,中南海保镖,1311,20250701,2354
20250701,影视动漫,斩赤红之瞳,1311,20250701,2355
20250701,影视动漫,中国通史,1310,20250701,2356
20250701,影视动漫,汪汪队动画片全集免费观看,1310,20250701,2357
20250701,影视动漫,沉香如屑,1309,20250701,2358
20250701,影视动漫,金象视界,1309,20250701,2359
20250701,影视动漫,逆爱电视剧在线观看2025,1307,20250701,2360
20250701,影视动漫,为有暗香来,1306,20250701,2361
20250701,影视动漫,以法之名更新时间,1306,20250701,2362
20250701,影视动漫,八重神子被丘丘人抓去繁殖后代的视频青岛高速投诉电话,1305,20250701,2363
20250701,影视动漫,呼吸过度动画全集在线观看高清免费,1305,20250701,2364
20250701,影视动漫,桃花映江山 电视剧,1305,20250701,2365
20250701,影视动漫,繁华似锦免费观看电视剧全集,1305,20250701,2366
20250701,影视动漫,陈宝莲最惊艳的三部剧,1305,20250701,2367
20250701,影视动漫,逆爱8集完整版免费,1304,20250701,2368
20250701,影视动漫,大王饶命,1304,20250701,2369
20250701,影视动漫,流水迢迢电视剧免费观看,1304,20250701,2370
20250701,影视动漫,忽必烈,1304,20250701,2371
20250701,影视动漫,电影在线观看,1303,20250701,2372
20250701,影视动漫,奇怪的理发店,1303,20250701,2373
20250701,影视动漫,姐姐真好23集在线观看,1303,20250701,2374
20250701,影视动漫,逆爱全集免费观看,1303,20250701,2375
20250701,影视动漫,如梦令,1301,20250701,2376
20250701,影视动漫,哭悲,1301,20250701,2377
20250701,影视动漫,盗墓笔记电视剧免费观看完整版高清,1300,20250701,2378
20250701,影视动漫,omofun官方app下载,1300,20250701,2379
20250701,影视动漫,某种物质,1299,20250701,2380
20250701,影视动漫,花间令电视剧免费观看全集在线,1299,20250701,2381
20250701,影视动漫,还珠格格第二部在线观看,1299,20250701,2382
20250701,影视动漫,夏目友人帐,1299,20250701,2383
20250701,影视动漫,聊斋志异,1299,20250701,2384
20250701,影视动漫,逆爱办公室花絮,1299,20250701,2385
20250701,影视动漫,谎言的诱惑剧情简介,1298,20250701,2386
20250701,影视动漫,fate,1297,20250701,2387
20250701,影视动漫,美好生活免费观看完整版电视剧,1297,20250701,2388
20250701,影视动漫,哈利波特免费观看完整版,1297,20250701,2389
20250701,影视动漫,回复术士的重来人生免费观看完整版,1296,20250701,2390
20250701,影视动漫,小舍得电视剧免费观看完整版高清,1296,20250701,2391
20250701,影视动漫,少女,1296,20250701,2392
20250701,影视动漫,《锦绣芳华》在线观看,1295,20250701,2393
20250701,影视动漫,我女朋友的男朋友2,1295,20250701,2394
20250701,影视动漫,排球少年,1295,20250701,2395
20250701,影视动漫,永远的第一名电视剧免费观看全集,1294,20250701,2396
20250701,影视动漫,以法之名18集,1294,20250701,2397
20250701,影视动漫,淞沪会战,1293,20250701,2398
20250701,影视动漫,地狱客栈,1293,20250701,2399
20250701,影视动漫,孟子义新剧,1292,20250701,2400
20250701,影视动漫,幻影忍者,1292,20250701,2401
20250701,影视动漫,华策影视,1292,20250701,2402
20250701,影视动漫,画江湖之不良人,1292,20250701,2403
20250701,影视动漫,杀破狼,1292,20250701,2404
20250701,影视动漫,成仁视频在线观看免费高清在线观看乌龙山剿匪记,1291,20250701,2405
20250701,影视动漫,明天会更好,1290,20250701,2406
20250701,影视动漫,日本女子摔跤比赛视频,1290,20250701,2407
20250701,影视动漫,护宝寻踪,1289,20250701,2408
20250701,影视动漫,巨人族的新娘全集免费,1289,20250701,2409
20250701,影视动漫,成龙历险记,1287,20250701,2410
20250701,影视动漫,幻羽电视剧全集免费播放,1287,20250701,2411
20250701,影视动漫,极限挑战,1286,20250701,2412
20250701,影视动漫,作家的谎言,1285,20250701,2413
20250701,影视动漫,荷尔蒙4,1283,20250701,2414
20250701,影视动漫,哥斯拉,1282,20250701,2415
20250701,影视动漫,白鹿原电视剧免费全集在线观看,1282,20250701,2416
20250701,影视动漫,步步惊心在线观看免费完整版,1282,20250701,2417
20250701,影视动漫,折腰在线观看免费全集,1282,20250701,2418
20250701,影视动漫,蜜桃成熟时3D,1281,20250701,2419
20250701,影视动漫,影视仓,1281,20250701,2420
20250701,影视动漫,熊出没之环球大冒险,1280,20250701,2421
20250701,影视动漫,惊变谍战电视剧,1280,20250701,2422
20250701,影视动漫,鸭王1电视剧粤语在线观看全集高清,1280,20250701,2423
20250701,影视动漫,大河之水,1280,20250701,2424
20250701,影视动漫,非诚勿扰,1279,20250701,2425
20250701,影视动漫,以法之名在线免费观看,1278,20250701,2426
20250701,影视动漫,咒,1278,20250701,2427
20250701,影视动漫,高山下的花环,1278,20250701,2428
20250701,影视动漫,日本动漫动作爱情,1277,20250701,2429
20250701,影视动漫,夜游生活免费观看完整版,1277,20250701,2430
20250701,影视动漫,爱的厘米电视剧免费观看完整版,1276,20250701,2431
20250701,影视动漫,逆爱柴鸡蛋电视剧在哪里看,1276,20250701,2432
20250701,影视动漫,丁香花免费高清完整在线观看,1276,20250701,2433
20250701,影视动漫,《藏海传》免费观看全集高清,1275,20250701,2434
20250701,影视动漫,以家人之名演员表,1275,20250701,2435
20250701,影视动漫,韩国做aj的视频大全,1274,20250701,2436
20250701,影视动漫,鬼灭之刃第三季锻刀村篇在线观看,1274,20250701,2437
20250701,影视动漫,难哄电视剧免费观看全集在线播放,1274,20250701,2438
20250701,影视动漫,手机腾讯网,1274,20250701,2439
20250701,影视动漫,我是刑警电视剧免费观看,1273,20250701,2440
20250701,影视动漫,泡泡影视,1273,20250701,2441
20250701,影视动漫,景秀芳华电视剧免费观看,1272,20250701,2442
20250701,影视动漫,语义错误,1272,20250701,2443
20250701,影视动漫,b站是什么平台,1272,20250701,2444
20250701,影视动漫,白鹿曾舜晞新剧,1272,20250701,2445
20250701,影视动漫,奇怪的美发沙龙,1271,20250701,2446
20250701,影视动漫,美人图在线观看高清完整版电影,1271,20250701,2447
20250701,影视动漫,战狼4免费播放观看在线视频,1270,20250701,2448
20250701,影视动漫,平凡的世界电视剧免费观看,1269,20250701,2449
20250701,影视动漫,《鱿鱼3》完整版在线观看,1268,20250701,2450
20250701,影视动漫,综艺,1268,20250701,2451
20250701,影视动漫,情深深雨蒙蒙电视剧全集免费播放,1268,20250701,2452
20250701,影视动漫,f1,1267,20250701,2453
20250701,影视动漫,星空影视,1267,20250701,2454
20250701,影视动漫,锦绣芳华演员表,1267,20250701,2455
20250701,影视动漫,汉武大帝,1266,20250701,2456
20250701,影视动漫,努尔哈赤,1266,20250701,2457
20250701,影视动漫,免费高清视频,1265,20250701,2458
20250701,影视动漫,凡人修仙传在线观看免费完整版,1265,20250701,2459
20250701,影视动漫,拔萝卜电视剧免费观看全集,1265,20250701,2460
20250701,影视动漫,一路向西电影,1264,20250701,2461
20250701,影视动漫,我唾弃你的坟墓,1264,20250701,2462
20250701,影视动漫,飞船奇遇记完整版免费观看,1264,20250701,2463
20250701,影视动漫,爸爸当家,1264,20250701,2464
20250701,影视动漫,overflow第一季无马赛90,1264,20250701,2465
20250701,影视动漫,加勒比女海盗3美版免费观看完整版电影,1262,20250701,2466
20250701,影视动漫,星辰变第六季免费观看完整版,1262,20250701,2467
20250701,影视动漫,第二十条,1260,20250701,2468
20250701,影视动漫,全球电影票房排行榜,1260,20250701,2469
20250701,影视动漫,拔萝卜,1260,20250701,2470
20250701,影视动漫,逆爱电视剧免费观看全集高清,1259,20250701,2471
20250701,影视动漫,清平乐,1259,20250701,2472
20250701,影视动漫,画眉电视剧免费观看全集,1259,20250701,2473
20250701,影视动漫,天才基本法电视剧免费观看,1259,20250701,2474
20250701,影视动漫,花间令,1258,20250701,2475
20250701,影视动漫,长相思第二季在线观看免费版,1258,20250701,2476
20250701,影视动漫,温柔的谎言,1258,20250701,2477
20250701,影视动漫,三叉戟2在线观看完整版免费,1257,20250701,2478
20250701,影视动漫,东方卫视节目表,1257,20250701,2479
20250701,影视动漫,豆角网,1256,20250701,2480
20250701,影视动漫,三年大片免费观看大全电影,1256,20250701,2481
20250701,影视动漫,国防生电视剧免费观看完整版,1255,20250701,2482
20250701,影视动漫,女超人满天星免费观看完整版,1255,20250701,2483
20250701,影视动漫,老司机,1255,20250701,2484
20250701,影视动漫,隐藏的面孔完整版在线观看,1255,20250701,2485
20250701,影视动漫,玫瑰的故事电视剧全集免费观看,1254,20250701,2486
20250701,影视动漫,大牛影库,1253,20250701,2487
20250701,影视动漫,风吹半夏,1253,20250701,2488
20250701,影视动漫,男生把自己的困困放在女生的困困里视频在线观看,1253,20250701,2489
20250701,影视动漫,涛女郎,1253,20250701,2490
20250701,影视动漫,完美世界动漫高清免费观看完整版,1253,20250701,2491
20250701,影视动漫,无耻之徒第八季,1252,20250701,2492
20250701,影视动漫,因法之名电视剧1-46,1252,20250701,2493
20250701,影视动漫,薛仁贵,1251,20250701,2494
20250701,影视动漫,最美的青春,1251,20250701,2495
20250701,影视动漫,塔尔萨之王第一季免费观看,1250,20250701,2496
20250701,影视动漫,步步惊心,1250,20250701,2497
20250701,影视动漫,深夜小电影免费观看高清完整版在线观看熊出没重返地球,1250,20250701,2498
20250701,影视动漫,新三国演义在线观看免费完整版,1249,20250701,2499
20250701,影视动漫,甜蜜惩罚动漫,1249,20250701,2500
20250701,影视动漫,二十不惑,1247,20250701,2501
20250701,影视动漫,雪迷宫电视剧在线观看免费,1247,20250701,2502
20250701,影视动漫,哆啦A梦,1246,20250701,2503
20250701,影视动漫,智取威虎山电影,1246,20250701,2504
20250701,影视动漫,我的青梅竹马是消防员第一季第一集台词,1246,20250701,2505
20250701,影视动漫,魅魔,1246,20250701,2506
20250701,影视动漫,电视剧:以法之名四十一集,1246,20250701,2507
20250701,影视动漫,向风而行电视剧全集免费观看,1246,20250701,2508
20250701,影视动漫,火口的两人,1246,20250701,2509
20250701,影视动漫,回复术士的重启人生第二季免费观看完整版,1245,20250701,2510
20250701,影视动漫,好东西,1245,20250701,2511
20250701,影视动漫,快手客服电话24小时人工服务热线,1245,20250701,2512
20250701,影视动漫,九重紫电视剧在线播放免费观看,1245,20250701,2513
20250701,影视动漫,《临江仙》电视剧,1243,20250701,2514
20250701,影视动漫,以达之名电视剧在线观看,1243,20250701,2515
20250701,影视动漫,进击的巨人第二季在线播放,1243,20250701,2516
20250701,影视动漫,真相半白电视剧免费观看,1242,20250701,2517
20250701,影视动漫,"看片免费,追剧软件下载",1242,20250701,2518
20250701,影视动漫,韩剧TV,1242,20250701,2519
20250701,影视动漫,杀戮天使,1242,20250701,2520
20250701,影视动漫,张译蒋欣主演《以法之名》在线观看,1241,20250701,2521
20250701,影视动漫,锦绣芳华24集全免费观看视频,1241,20250701,2522
20250701,影视动漫,因法之名,1241,20250701,2523
20250701,影视动漫,挠痒痒处罚 实验室,1241,20250701,2524
20250701,影视动漫,出轨的妻子,1240,20250701,2525
20250701,影视动漫,在异世界迷宫开后迷宫免费观看,1240,20250701,2526
20250701,影视动漫,电视剧以法之名免费观看完整版高清,1239,20250701,2527
20250701,影视动漫,小夫妻拍婚礼转场视频男帅女美,1239,20250701,2528
20250701,影视动漫,镇魂街,1239,20250701,2529
20250701,影视动漫,征服电视剧免费观看全集,1239,20250701,2530
20250701,影视动漫,周星驰的全部电影,1238,20250701,2531
20250701,影视动漫,天网,1238,20250701,2532
20250701,影视动漫,满清禁宫惊奇案,1238,20250701,2533
20250701,影视动漫,无耻之徒第一季完整在线观看高清美剧普通话,1236,20250701,2534
20250701,影视动漫,欢愉的艺术 意大利电视剧在线观看,1236,20250701,2535
20250701,影视动漫,以法之名在哪个频道播出,1235,20250701,2536
20250701,影视动漫,柯南独眼的残像,1235,20250701,2537
20250701,影视动漫,碟调网,1235,20250701,2538
20250701,影视动漫,逆爱在线观看免费完整版,1235,20250701,2539
20250701,影视动漫,以法之名张译正版观看平台,1234,20250701,2540
20250701,影视动漫,伊甸园,1234,20250701,2541
20250701,影视动漫,江苏卫视节目表,1234,20250701,2542
20250701,影视动漫,星辰影视,1233,20250701,2543
20250701,影视动漫,下一站幸福,1232,20250701,2544
20250701,影视动漫,归棹电视剧在线播放免费观看,1232,20250701,2545
20250701,影视动漫,地下偶像动漫双男主免费观看动漫,1232,20250701,2546
20250701,影视动漫,蔷薇之刃,1231,20250701,2547
20250701,影视动漫,抖音等级价格表,1231,20250701,2548
20250701,影视动漫,锦绣芳华更新时间表,1231,20250701,2549
20250701,影视动漫,全员加速中2025免费观看,1230,20250701,2550
20250701,影视动漫,抖音官方电话24小时人工服务热线,1230,20250701,2551
20250701,影视动漫,豚豚剧最新版本官方下载,1230,20250701,2552
20250701,影视动漫,韩国爱情电影,1229,20250701,2553
20250701,影视动漫,卿本佳人,1229,20250701,2554
20250701,影视动漫,樱兰高校男公关部,1229,20250701,2555
20250701,影视动漫,回复术士,1229,20250701,2556
20250701,影视动漫,书卷一梦一共多少集,1229,20250701,2557
20250701,影视动漫,一起看手机版app官网下载,1229,20250701,2558
20250701,影视动漫,许我耀眼,1228,20250701,2559
20250701,影视动漫,青青草,1228,20250701,2560
20250701,影视动漫,海市蜃楼,1227,20250701,2561
20250701,影视动漫,橘子视频,1227,20250701,2562
20250701,影视动漫,复仇者联盟,1227,20250701,2563
20250701,影视动漫,僵尸,1227,20250701,2564
20250701,影视动漫,变态视频,1227,20250701,2565
20250701,影视动漫,床吻戏,1227,20250701,2566
20250701,影视动漫,你好星期六免费观看完整版,1225,20250701,2567
20250701,影视动漫,小蜜桃2:美丽人生,1225,20250701,2568
20250701,影视动漫,杨思梅金梅电视剧免费,1224,20250701,2569
20250701,影视动漫,娘道电视剧免费观看,1224,20250701,2570
20250701,影视动漫,章鱼噼的原罪动漫,1224,20250701,2571
20250701,影视动漫,情满四合院免费观看全集电视剧,1223,20250701,2572
20250701,影视动漫,白夜追凶,1223,20250701,2573
20250701,影视动漫,古装剧大全古装电视剧免费观看,1223,20250701,2574
20250701,影视动漫,爱我多深电影完整版免费版,1223,20250701,2575
20250701,影视动漫,脱口秀和他的朋友们第二季免费观看,1222,20250701,2576
20250701,影视动漫,脱口秀和他的朋友们,1222,20250701,2577
20250701,影视动漫,一念永恒第三季动漫在线观看,1221,20250701,2578
20250701,影视动漫,黎明之前电视剧免费观看完整版,1220,20250701,2579
20250701,影视动漫,今生有你电视剧免费观看完整版,1220,20250701,2580
20250701,影视动漫,凤出祁山短剧免费,1220,20250701,2581
20250701,影视动漫,欢乐颂2,1219,20250701,2582
20250701,影视动漫,电视剧春晖,1219,20250701,2583
20250701,影视动漫,掌心电视剧免费观看全集高清,1218,20250701,2584
20250701,影视动漫,以爱为营电视剧,1218,20250701,2585
20250701,影视动漫,亲吻姐姐,1217,20250701,2586
20250701,影视动漫,不该瞒着妻子去漫展免费动漫观看樱花,1216,20250701,2587
20250701,影视动漫,我是特种兵,1216,20250701,2588
20250701,影视动漫,金装的维尔梅,1214,20250701,2589
20250701,影视动漫,法国空姐2017在线观看完整免费高清原声满天星奔跑吧ep,1214,20250701,2590
20250701,影视动漫,咒怨,1214,20250701,2591
20250701,影视动漫,用我的手来搅乱世界吧免费观看全集,1213,20250701,2592
20250701,影视动漫,娘道,1213,20250701,2593
20250701,影视动漫,新视觉,1213,20250701,2594
20250701,影视动漫,赛罗奥特曼,1213,20250701,2595
20250701,影视动漫,特战荣耀在线观看免费完整版,1212,20250701,2596
20250701,影视动漫,神马视频,1211,20250701,2597
20250701,影视动漫,马达加斯加,1211,20250701,2598
20250701,影视动漫,斗罗大陆二绝世唐门免费观看全集高清,1210,20250701,2599
20250701,影视动漫,爱你电视剧,1210,20250701,2600
20250701,影视动漫,新乱世佳人电影在线观看免费完整版电视剧,1210,20250701,2601
20250701,影视动漫,绽放的许开心演员表,1209,20250701,2602
20250701,影视动漫,婚前试爱在线观看完整电视剧免费,1209,20250701,2603
20250701,影视动漫,你家奶团是冥王血脉短剧免费观看,1208,20250701,2604
20250701,影视动漫,恋爱的味道在线观看免费完整版电视剧,1206,20250701,2605
20250701,影视动漫,奔跑吧第13季免费观看完整版,1206,20250701,2606
20250701,影视动漫,名侦探免费观看普通话版第一部,1206,20250701,2607
20250701,影视动漫,仙武传,1206,20250701,2608
20250701,影视动漫,三十而已电视剧免费观看全集完整版,1206,20250701,2609
20250701,影视动漫,人间正道是沧桑电视剧免费观看全集,1205,20250701,2610
20250701,影视动漫,庆余年1,1205,20250701,2611
20250701,影视动漫,在人间,1205,20250701,2612
20250701,影视动漫,战狼2,1205,20250701,2613
20250701,影视动漫,锦绣未央,1204,20250701,2614
20250701,影视动漫,铁道游击队,1204,20250701,2615
20250701,影视动漫,流水迢迢电视剧免费观看完整版,1204,20250701,2616
20250701,影视动漫,芳华,1204,20250701,2617
20250701,影视动漫,双男主漫画,1204,20250701,2618
20250701,影视动漫,李采潭的全部电影免费播放,1203,20250701,2619
20250701,影视动漫,仙逆动漫全集观看,1203,20250701,2620
20250701,影视动漫,老农民电视剧全集免费播放,1203,20250701,2621
20250701,影视动漫,鬼灭之刃无限城篇在线观看免费,1202,20250701,2622
20250701,影视动漫,女生宿舍3,1201,20250701,2623
20250701,影视动漫,斗罗大陆1,1201,20250701,2624
20250701,影视动漫,幸福,1201,20250701,2625
20250701,影视动漫,抖音平台投诉电话号码是多少,1201,20250701,2626
20250701,影视动漫,《逆爱》网剧,1200,20250701,2627
20250701,影视动漫,在线影院,1200,20250701,2628
20250701,影视动漫,束缚游戏免费观看第一季全集,1200,20250701,2629
20250701,影视动漫,打狗棍,1199,20250701,2630
20250701,影视动漫,天使与龙的轮舞,1198,20250701,2631
20250701,影视动漫,韩国剧情电影免费观看高清完整,1197,20250701,2632
20250701,影视动漫,红果短剧,1197,20250701,2633
20250701,影视动漫,聊斋艳谭五通魔神之三只狐狸电影,1197,20250701,2634
20250701,影视动漫,美景之屋4:我的完美人生,1197,20250701,2635
20250701,影视动漫,恋爱禁区动漫在线观看电视剧,1196,20250701,2636
20250701,影视动漫,人生之路电视剧免费观看全集高清,1196,20250701,2637
20250701,影视动漫,光棍电影完整版免费观看2024年上映的,1196,20250701,2638
20250701,影视动漫,做自己的光电视剧免费观看完整版,1195,20250701,2639
20250701,影视动漫,逆爱第八集在线观看免费,1195,20250701,2640
20250701,影视动漫,哪吒2实时票房,1195,20250701,2641
20250701,影视动漫,怪盗基德图片,1194,20250701,2642
20250701,影视动漫,漫城电视剧免费观看全集高清,1194,20250701,2643
20250701,影视动漫,潜渊电视剧在线观看免费,1193,20250701,2644
20250701,影视动漫,仙逆动漫,1193,20250701,2645
20250701,影视动漫,全员加速中第一季,1193,20250701,2646
20250701,影视动漫,海洋之恋泰剧免费观看完整版高清,1193,20250701,2647
20250701,影视动漫,好想做一次电视剧在线观看免费全集,1193,20250701,2648
20250701,影视动漫,三分之一情人,1193,20250701,2649
20250701,影视动漫,李爱庆投资的电影有哪些,1192,20250701,2650
20250701,影视动漫,妻子的闺蜜2免费观看电视剧完整版,1192,20250701,2651
20250701,影视动漫,惊变在中央8套播放时间,1191,20250701,2652
20250701,影视动漫,韶华若锦 电视剧,1191,20250701,2653
20250701,影视动漫,鸡毛飞上天,1190,20250701,2654
20250701,影视动漫,仙剑奇侠传,1190,20250701,2655
20250701,影视动漫,电影智取威虎山演员表全部,1189,20250701,2656
20250701,影视动漫,隔壁女孩4在线观看免费版电视剧全集,1189,20250701,2657
20250701,影视动漫,你是我的荣耀,1189,20250701,2658
20250701,影视动漫,cctv5加,1188,20250701,2659
20250701,影视动漫,蘑菇3.cctv,1188,20250701,2660
20250701,影视动漫,梦幻宝可梦,1187,20250701,2661
20250701,影视动漫,回南天电影免费观看,1186,20250701,2662
20250701,影视动漫,飘花影院最新电影免费观看,1185,20250701,2663
20250701,影视动漫,梦想成为魔法少女免费全集,1185,20250701,2664
20250701,影视动漫,世界,1184,20250701,2665
20250701,影视动漫,最美的青春电视剧全集免费观看,1183,20250701,2666
20250701,影视动漫,爱丫爱丫兄妹在线影院电视剧,1183,20250701,2667
20250701,影视动漫,哪吒票房,1183,20250701,2668
20250701,影视动漫,光,1183,20250701,2669
20250701,影视动漫,欢乐家长群电视剧免费播放完整版,1183,20250701,2670
20250701,影视动漫,生活中的玛丽,1183,20250701,2671
20250701,影视动漫,魔装学园,1183,20250701,2672
20250701,影视动漫,死亡搁浅2,1182,20250701,2673
20250701,影视动漫,麻花特开心,1181,20250701,2674
20250701,影视动漫,沸腾人生免费观看完整版电视剧,1181,20250701,2675
20250701,影视动漫,夏至未至,1178,20250701,2676
20250701,影视动漫,前度,1178,20250701,2677
20250701,影视动漫,将夜,1178,20250701,2678
20250701,影视动漫,jojo的奇妙冒险石之海,1178,20250701,2679
20250701,影视动漫,美女吻戏,1178,20250701,2680
20250701,影视动漫,寒蝉鸣泣之时,1178,20250701,2681
20250701,影视动漫,打蛇电影在线观看免费完整版高清视频,1177,20250701,2682
20250701,影视动漫,免费追电视剧软件 全免费无广告,1176,20250701,2683
20250701,影视动漫,完美的救赎电视剧,1176,20250701,2684
20250701,影视动漫,少年天子,1175,20250701,2685
20250701,影视动漫,青梅竹马是消防员在线观看免费完整,1175,20250701,2686
20250701,影视动漫,狂蟒之灾,1174,20250701,2687
20250701,影视动漫,花儿与少年,1174,20250701,2688
20250701,影视动漫,成全电影免费观看完整在线播放高清画质,1172,20250701,2689
20250701,影视动漫,樱花动漫官方,1172,20250701,2690
20250701,影视动漫,古剑奇谭,1172,20250701,2691
20250701,影视动漫,爱在空气中,1172,20250701,2692
20250701,影视动漫,折腰 电视剧,1171,20250701,2693
20250701,影视动漫,天气影视,1171,20250701,2694
20250701,影视动漫,偏偏喜欢你,1171,20250701,2695
20250701,影视动漫,央视一套节目表,1171,20250701,2696
20250701,影视动漫,执法者们粤语电视剧在线观看,1171,20250701,2697
20250701,影视动漫,成何体统在线观看免费高清在线观看乌龙山剿匪记,1170,20250701,2698
20250701,影视动漫,姐姐,1168,20250701,2699
20250701,影视动漫,沉香,1168,20250701,2700
20250701,影视动漫,明星的重生泰剧在线观看,1168,20250701,2701
20250701,影视动漫,黑袍纠察队,1168,20250701,2702
20250701,影视动漫,好运家电视剧全集免费观看高清,1167,20250701,2703
20250701,影视动漫,百团大战,1167,20250701,2704
20250701,影视动漫,直播间,1167,20250701,2705
20250701,影视动漫,人马杂配mv的视频大全,1166,20250701,2706
20250701,影视动漫,逆爱第七集免费观看,1166,20250701,2707
20250701,影视动漫,我们的秘密,1165,20250701,2708
20250701,影视动漫,神马影视,1165,20250701,2709
20250701,影视动漫,叶罗丽,1164,20250701,2710
20250701,影视动漫,哪吒二电影免费观看完整版魔童闹海,1164,20250701,2711
20250701,影视动漫,以法之名免费在线观看,1163,20250701,2712
20250701,影视动漫,禁止的爱电视剧在线看免费高清全集,1163,20250701,2713
20250701,影视动漫,出手短剧全集免费播放在线观看,1163,20250701,2714
20250701,影视动漫,薛平贵与王宝钏,1163,20250701,2715
20250701,影视动漫,亮剑电视剧全集完整版,1163,20250701,2716
20250701,影视动漫,苍空电影完整版在线观看,1163,20250701,2717
20250701,影视动漫,临江仙免费观看完整版电视剧,1162,20250701,2718
20250701,影视动漫,床戏视频,1161,20250701,2719
20250701,影视动漫,台湾电影,1161,20250701,2720
20250701,影视动漫,逆爱完整版免费观看,1161,20250701,2721
20250701,影视动漫,731电影,1159,20250701,2722
20250701,影视动漫,逆袭之情敌电视剧,1159,20250701,2723
20250701,影视动漫,秘密花园,1159,20250701,2724
20250701,影视动漫,斗鱼直播,1159,20250701,2725
20250701,影视动漫,雪中悍刀行电视剧免费观看完整版,1158,20250701,2726
20250701,影视动漫,上错花轿嫁对郎,1157,20250701,2727
20250701,影视动漫,爱我几何电影完整版播放,1157,20250701,2728
20250701,影视动漫,逃学神探免费观看完整版电影,1157,20250701,2729
20250701,影视动漫,茶杯狐cupfox官网入口,1156,20250701,2730
20250701,影视动漫,骄阳伴我电视剧免费观看完整版,1156,20250701,2731
20250701,影视动漫,星空无痕mv免费视频观看,1155,20250701,2732
20250701,影视动漫,《奉献的少女》完整版,1155,20250701,2733
20250701,影视动漫,都挺好电视剧全集免费观看完整版,1155,20250701,2734
20250701,影视动漫,上海一家人,1155,20250701,2735
20250701,影视动漫,樱花动漫官方入门,1154,20250701,2736
20250701,影视动漫,美少女战士,1153,20250701,2737
20250701,影视动漫,隐秘的角落,1153,20250701,2738
20250701,影视动漫,牧神记在线观看全集免费播放,1153,20250701,2739
20250701,影视动漫,进击的巨人最终季完结篇,1153,20250701,2740
20250701,影视动漫,逆爱免费看,1152,20250701,2741
20250701,影视动漫,念念有词短剧免费观看全集高清版,1152,20250701,2742
20250701,影视动漫,第一次,1151,20250701,2743
20250701,影视动漫,《书卷一梦》在线观看,1151,20250701,2744
20250701,影视动漫,锦绣安宁,1151,20250701,2745
20250701,影视动漫,大耳朵图图,1151,20250701,2746
20250701,影视动漫,送你一朵小红花,1150,20250701,2747
20250701,影视动漫,欢乐家长群电视剧免费播放,1150,20250701,2748
20250701,影视动漫,刑警队长电视剧全集免费观看高清,1149,20250701,2749
20250701,影视动漫,沧元图第二季在线观看全集免费高清59,1149,20250701,2750
20250701,影视动漫,夫妇联欢会回不去的夜晚动漫免费观看,1148,20250701,2751
20250701,影视动漫,乔家大院,1148,20250701,2752
20250701,影视动漫,港剧网,1148,20250701,2753
20250701,影视动漫,法国空姐在线观看完整免费高清原声满天星奔跑吧ep彩,1148,20250701,2754
20250701,影视动漫,挡不住的疯情电视剧完整版在线观看免费,1148,20250701,2755
20250701,影视动漫,侠客行,1148,20250701,2756
20250701,影视动漫,央视5套今天节目表,1147,20250701,2757
20250701,影视动漫,火口的两人全集免费观看,1146,20250701,2758
20250701,影视动漫,电影免费在线观看,1146,20250701,2759
20250701,影视动漫,花宵道中,1145,20250701,2760
20250701,影视动漫,魔女2,1145,20250701,2761
20250701,影视动漫,密室大逃脱第三季,1145,20250701,2762
20250701,影视动漫,喝茶影视,1145,20250701,2763
20250701,影视动漫,狮城山海,1143,20250701,2764
20250701,影视动漫,冰雪奇缘,1143,20250701,2765
20250701,影视动漫,天龙影院,1143,20250701,2766
20250701,影视动漫,亲爱的你演员表,1143,20250701,2767
20250701,影视动漫,潜渊1-40集全免费观看在线观看爱奇艺,1142,20250701,2768
20250701,影视动漫,神印王座动漫免费完整版观看,1142,20250701,2769
20250701,影视动漫,以法之名在线播放免费观看电视剧,1142,20250701,2770
20250701,影视动漫,山花烂漫时电视剧,1142,20250701,2771
20250701,影视动漫,9.1动漫大片动漫,1141,20250701,2772
20250701,影视动漫,工作细胞,1141,20250701,2773
20250701,影视动漫,深见君动漫在线观看,1141,20250701,2774
20250701,影视动漫,香港三年级必看十部电影,1140,20250701,2775
20250701,影视动漫,潜伏电视剧免费观看全集在线播放高清,1139,20250701,2776
20250701,影视动漫,电影网站,1139,20250701,2777
20250701,影视动漫,万界独尊,1139,20250701,2778
20250701,影视动漫,牧神记动漫全集在线观看完整版高清,1139,20250701,2779
20250701,影视动漫,郝蕾电影《颐和圆》在线观看,1139,20250701,2780
20250701,影视动漫,全民诡异开局掌握零元购动漫在线观看,1137,20250701,2781
20250701,影视动漫,花与蛇电影免费版全集在线观看,1137,20250701,2782
20250701,影视动漫,极限挑战第一季,1137,20250701,2783
20250701,影视动漫,深潜电视剧免费完整版在线观看,1137,20250701,2784
20250701,影视动漫,被困在大阪的男孩电视剧在线观看,1137,20250701,2785
20250701,影视动漫,长乐曲,1137,20250701,2786
20250701,影视动漫,回响电视剧在线观看全集免费播放,1136,20250701,2787
20250701,影视动漫,《献身儿子》电影免费观看,1135,20250701,2788
20250701,影视动漫,迪拜女孩电影在线观看完整免费高清原声满天星悬疑片,1135,20250701,2789
20250701,影视动漫,仙剑奇侠传三,1134,20250701,2790
20250701,影视动漫,天线宝宝,1134,20250701,2791
20250701,影视动漫,性爱交叉点,1133,20250701,2792
20250701,影视动漫,《陷入我们的热恋》电视剧,1133,20250701,2793
20250701,影视动漫,时光代理人第一季免费观看,1133,20250701,2794
20250701,影视动漫,千鹤开发日记动漫全集在线观看,1133,20250701,2795
20250701,影视动漫,逆爱第7集完整版免费观看,1133,20250701,2796
20250701,影视动漫,貂蝉,1133,20250701,2797
20250701,影视动漫,陷阱韩国免费观看完整版电影,1133,20250701,2798
20250701,影视动漫,少女18岁免费观看高清电视剧,1133,20250701,2799
20250701,影视动漫,柳舟记,1133,20250701,2800
20250701,影视动漫,魅影直播app下载安装最新版本2023,1132,20250701,2801
20250701,影视动漫,地瓜视频,1131,20250701,2802
20250701,影视动漫,大雷打狙在线高清免费观看,1131,20250701,2803
20250701,影视动漫,世界第一初恋,1130,20250701,2804
20250701,影视动漫,宋佳主演的电视剧有哪些,1130,20250701,2805
20250701,影视动漫,中央五套cctv5直播在线观看,1130,20250701,2806
20250701,影视动漫,jmcomic官网入口安卓下载,1130,20250701,2807
20250701,影视动漫,神探夏洛克,1130,20250701,2808
20250701,影视动漫,出轨的女人2在线观看电视剧完整版高清,1130,20250701,2809
20250701,影视动漫,宝莲灯,1130,20250701,2810
20250701,影视动漫,无耻之徒第一季,1129,20250701,2811
20250701,影视动漫,数码宝贝,1129,20250701,2812
20250701,影视动漫,乡村爱情,1129,20250701,2813
20250701,影视动漫,小柠檬,1129,20250701,2814
20250701,影视动漫,台漫,1129,20250701,2815
20250701,影视动漫,宫崎骏的所有作品电影,1128,20250701,2816
20250701,影视动漫,就算是爸爸也想做,1127,20250701,2817
20250701,影视动漫,cctv5现场直播郑钦文,1127,20250701,2818
20250701,影视动漫,娃娃脸,1126,20250701,2819
20250701,影视动漫,中央五套节目表,1126,20250701,2820
20250701,影视动漫,舍不得星星电视剧免费观看,1125,20250701,2821
20250701,影视动漫,罗曼蒂克消亡史电影未删除完整版,1125,20250701,2822
20250701,影视动漫,沙海电视剧全集免费完整版,1124,20250701,2823
20250701,影视动漫,张柏芝电脑维修视频全部,1124,20250701,2824
20250701,影视动漫,乔家的儿女电视剧全集免费播放,1124,20250701,2825
20250701,影视动漫,《书卷一梦》,1123,20250701,2826
20250701,影视动漫,777影院免费观看电视剧大全,1123,20250701,2827
20250701,影视动漫,汉尼拔,1123,20250701,2828
20250701,影视动漫,三年高清观看免费大全,1122,20250701,2829
20250701,影视动漫,新视觉影院,1121,20250701,2830
20250701,影视动漫,肖战《藏海传》免费观看,1121,20250701,2831
20250701,影视动漫,战狼4完整免费观看在线播放版,1121,20250701,2832
20250701,影视动漫,十八岁观看免费完整版电视剧,1121,20250701,2833
20250701,影视动漫,731电影免费观看高清完整版在线观看熊出没重返地球,1120,20250701,2834
20250701,影视动漫,红桃影视,1120,20250701,2835
20250701,影视动漫,豆花视频,1119,20250701,2836
20250701,影视动漫,壁虎,1119,20250701,2837
20250701,影视动漫,仙逆更新至95集,1117,20250701,2838
20250701,影视动漫,父子截取的一段视频,1117,20250701,2839
20250701,影视动漫,exo妈妈mv高清视频,1117,20250701,2840
20250701,影视动漫,兰陵王,1117,20250701,2841
20250701,影视动漫,非凡医者,1116,20250701,2842
20250701,影视动漫,青苹果乐园影院电视剧免费观看,1116,20250701,2843
20250701,影视动漫,影视工厂,1116,20250701,2844
20250701,影视动漫,知否知否应是绿肥红瘦全集免费,1116,20250701,2845
20250701,影视动漫,长风渡,1116,20250701,2846
20250701,影视动漫,跑男,1116,20250701,2847
20250701,影视动漫,偷偷藏不住,1116,20250701,2848
20250701,影视动漫,觉醒当天我当上全国状元短剧,1115,20250701,2849
20250701,影视动漫,黑帮大佬爱上我第二集完整版,1115,20250701,2850
20250701,影视动漫,寻秦记,1115,20250701,2851
20250701,影视动漫,小花仙,1115,20250701,2852
20250701,影视动漫,张译新剧《以法之名》全集免费观看,1115,20250701,2853
20250701,影视动漫,天津广播电视台教育频道,1114,20250701,2854
20250701,影视动漫,挣扎吧亚当君在线播放全集免费观看,1114,20250701,2855
20250701,影视动漫,不能说的秘密,1114,20250701,2856
20250701,影视动漫,临江仙剧情分集剧情介绍,1113,20250701,2857
20250701,影视动漫,紫罗兰永恒花园,1113,20250701,2858
20250701,影视动漫,惊蛰,1112,20250701,2859
20250701,影视动漫,皇后娘娘想篡位短剧免费观看,1112,20250701,2860
20250701,影视动漫,夏洛特烦恼,1111,20250701,2861
20250701,影视动漫,绿巨人,1111,20250701,2862
20250701,影视动漫,猎金游戏演员表,1111,20250701,2863
20250701,影视动漫,逆罪电影完整版在线观看,1110,20250701,2864
20250701,影视动漫,值得爱,1109,20250701,2865
20250701,影视动漫,小巷人家免费电视连续剧,1109,20250701,2866
20250701,影视动漫,元气少女缘结神,1109,20250701,2867
20250701,影视动漫,电视剧淬火年代免费观看,1109,20250701,2868
20250701,影视动漫,美人图,1108,20250701,2869
20250701,影视动漫,偷窥无罪,1107,20250701,2870
20250701,影视动漫,讯雷,1107,20250701,2871
20250701,影视动漫,爱情片,1107,20250701,2872
20250701,影视动漫,知否,1106,20250701,2873
20250701,影视动漫,河西走廊,1106,20250701,2874
20250701,影视动漫,你是我目光里的星电视剧,1106,20250701,2875
20250701,影视动漫,哥布林洞窟在线观看免费全集第一季,1106,20250701,2876
20250701,影视动漫,白雪公主,1105,20250701,2877
20250701,影视动漫,值得爱电视剧完整版在线观看高清,1105,20250701,2878
20250701,影视动漫,CCTV5节目表,1105,20250701,2879
20250701,影视动漫,三年免费高清观看大全,1105,20250701,2880
20250701,影视动漫,以爱为营电视剧全集免费观看完整版,1105,20250701,2881
20250701,影视动漫,青青河边草高清免费观看,1104,20250701,2882
20250701,影视动漫,方子传,1104,20250701,2883
20250701,影视动漫,日本动漫颜色指数很高,1104,20250701,2884
20250701,影视动漫,《逆袭》网剧在线播放,1104,20250701,2885
20250701,影视动漫,人皮高跟鞋在线观看完整版电视剧,1104,20250701,2886
20250701,影视动漫,蘑菇.cctv,1103,20250701,2887
20250701,影视动漫,《因法之名》电视剧,1102,20250701,2888
20250701,影视动漫,接吻视频,1102,20250701,2889
20250701,影视动漫,潘金莲1996年版电视剧免费观看,1102,20250701,2890
20250701,影视动漫,师兄啊师兄,1102,20250701,2891
20250701,影视动漫,电视剧书卷一梦免费观看完整版,1102,20250701,2892
20250701,影视动漫,大鱼海棠,1101,20250701,2893
20250701,影视动漫,宰相刘罗锅电视剧全集免费观看,1101,20250701,2894
20250701,影视动漫,交通费在线看免费完整版电影,1101,20250701,2895
20250701,影视动漫,恋爱之瘾电影完整版在线观看免费,1101,20250701,2896
20250701,影视动漫,人间中毒在线,1101,20250701,2897
20250701,影视动漫,方子传在线观看高清完整版电影,1100,20250701,2898
20250701,影视动漫,老友记,1100,20250701,2899
20250701,影视动漫,美景之屋2,1100,20250701,2900
20250701,影视动漫,楚门的世界,1100,20250701,2901
20250701,影视动漫,电影下载,1100,20250701,2902
20250701,影视动漫,神印王座在线观看全集免费播放,1100,20250701,2903
20250701,影视动漫,成何体统短剧何聪睿刘念在线观看,1099,20250701,2904
20250701,影视动漫,徐锦江三年级的电影免费观看,1098,20250701,2905
20250701,影视动漫,神墓,1098,20250701,2906
20250701,影视动漫,咱们结婚吧,1097,20250701,2907
20250701,影视动漫,泰剧迷,1097,20250701,2908
20250701,影视动漫,暗格里的秘密,1097,20250701,2909
20250701,影视动漫,鬼吹灯之精绝古城,1097,20250701,2910
20250701,影视动漫,灿烂的风和海,1097,20250701,2911
20250701,影视动漫,抱胁双男主免费观看泰剧全集,1097,20250701,2912
20250701,影视动漫,yy6080,1096,20250701,2913
20250701,影视动漫,螳螂,1096,20250701,2914
20250701,影视动漫,神话,1096,20250701,2915
20250701,影视动漫,碧蓝之海,1095,20250701,2916
20250701,影视动漫,以法之名18,1094,20250701,2917
20250701,影视动漫,新金瓶梅电视剧免费观看全集高清,1094,20250701,2918
20250701,影视动漫,eva,1094,20250701,2919
20250701,影视动漫,西出玉门,1093,20250701,2920
20250701,影视动漫,叶卡捷琳娜大帝,1093,20250701,2921
20250701,影视动漫,喜羊羊与灰太狼之异国破晓,1093,20250701,2922
20250701,影视动漫,懒羊羊,1093,20250701,2923
20250701,影视动漫,小黄人,1092,20250701,2924
20250701,影视动漫,《逆爱》电视剧免费观看,1092,20250701,2925
20250701,影视动漫,民国奇探在线观看免费高清完整版,1092,20250701,2926
20250701,影视动漫,铁梨花,1092,20250701,2927
20250701,影视动漫,浙江卫视节目表,1091,20250701,2928
20250701,影视动漫,免费观看以法之名电视剧,1091,20250701,2929
20250701,影视动漫,地下偶像动漫完整版动画免费观看,1091,20250701,2930
20250701,影视动漫,黑帮大佬和我的365天免费观看完整版一季,1091,20250701,2931
20250701,影视动漫,蜜桃成熟时免费观看电视剧的背景故事,1090,20250701,2932
20250701,影视动漫,世说新语,1090,20250701,2933
20250701,影视动漫,间谍过家家,1090,20250701,2934
20250701,影视动漫,猫和老鼠动画片免费观看,1089,20250701,2935
20250701,影视动漫,陪读妈妈,1089,20250701,2936
20250701,影视动漫,1921,1088,20250701,2937
20250701,影视动漫,蜜桃2,1088,20250701,2938
20250701,影视动漫,策驰影院,1088,20250701,2939
20250701,影视动漫,偶像练习生,1087,20250701,2940
20250701,影视动漫,一千零一夜,1087,20250701,2941
20250701,影视动漫,新世纪福音战士,1087,20250701,2942
20250701,影视动漫,爱情电影,1087,20250701,2943
20250701,影视动漫,寂静岭,1087,20250701,2944
20250701,影视动漫,红杏视频,1087,20250701,2945
20250701,影视动漫,快手极速版免费下载2025最新版,1087,20250701,2946
20250701,影视动漫,jojo的奇妙冒险星尘斗士免费观看,1086,20250701,2947
20250701,影视动漫,以法之名豆瓣,1086,20250701,2948
20250701,影视动漫,电影在线,1086,20250701,2949
20250701,影视动漫,鬼灭之刃第四季无限城篇,1086,20250701,2950
20250701,影视动漫,重生之门电视剧免费观看完整版,1085,20250701,2951
20250701,影视动漫,青苹果乐园在线观看免费高清,1085,20250701,2952
20250701,影视动漫,野花香电视剧在线观看高清版免费,1085,20250701,2953
20250701,影视动漫,熊出没免费观看,1085,20250701,2954
20250701,影视动漫,下山后我横扫一切短剧免费观看,1085,20250701,2955
20250701,影视动漫,文豪野犬第一季在线观看,1084,20250701,2956
20250701,影视动漫,逆爱1-24集全免费播放,1084,20250701,2957
20250701,影视动漫,樱花动漫网专注动漫的门户官方网站咒术回战,1084,20250701,2958
20250701,影视动漫,鲁滨逊漂流记,1084,20250701,2959
20250701,影视动漫,《甄嬛传》电视剧,1083,20250701,2960
20250701,影视动漫,于和伟主演的电视剧全部,1083,20250701,2961
20250701,影视动漫,6969影院免费观看电视剧大全,1083,20250701,2962
20250701,影视动漫,让我来唱2025在线观看,1083,20250701,2963
20250701,影视动漫,爱情公寓第一季,1082,20250701,2964
20250701,影视动漫,逆爱花絮,1082,20250701,2965
20250701,影视动漫,遮天动漫在线观看,1082,20250701,2966
20250701,影视动漫,贴身保镖第一季完整版在线观看,1082,20250701,2967
20250701,影视动漫,火狼动漫官网,1082,20250701,2968
20250701,影视动漫,以法之名多少集一共,1082,20250701,2969
20250701,影视动漫,友间合租屋综艺在线观看完整版,1081,20250701,2970
20250701,影视动漫,沂蒙六姐妹演员表,1081,20250701,2971
20250701,影视动漫,动物,1081,20250701,2972
20250701,影视动漫,兽娘通信,1080,20250701,2973
20250701,影视动漫,中央一套节目今天的节目单,1080,20250701,2974
20250701,影视动漫,权利的游戏第一季,1080,20250701,2975
20250701,影视动漫,欧美适合二人看的电视剧,1080,20250701,2976
20250701,影视动漫,我们的宿舍综艺2025免费观看,1080,20250701,2977
20250701,影视动漫,快播看片,1080,20250701,2978
20250701,影视动漫,free男子游泳部,1079,20250701,2979
20250701,影视动漫,康熙王朝50集在线观看免费完整版,1078,20250701,2980
20250701,影视动漫,谍战片《潜渊》免费观看,1078,20250701,2981
20250701,影视动漫,助眠,1078,20250701,2982
20250701,影视动漫,满天星电影在线观看完整免费高清,1078,20250701,2983
20250701,影视动漫,磁力熊,1078,20250701,2984
20250701,影视动漫,吞噬星空动漫在线观看免费,1077,20250701,2985
20250701,影视动漫,我要和你在一起电视剧免费观看,1077,20250701,2986
20250701,影视动漫,刑侦12国语版免费观看,1077,20250701,2987
20250701,影视动漫,暴躁姐姐国语版原声合集,1077,20250701,2988
20250701,影视动漫,神马影院我不卡,1077,20250701,2989
20250701,影视动漫,免费版安装9.1免费版免费观看,1076,20250701,2990
20250701,影视动漫,netflix,1075,20250701,2991
20250701,影视动漫,樱花动漫官网,1075,20250701,2992
20250701,影视动漫,边水往事电视剧全集在线观看,1075,20250701,2993
20250701,影视动漫,有龙则灵短剧免费观看全集,1075,20250701,2994
20250701,影视动漫,夜行法医全集免费观看完整版,1074,20250701,2995
20250701,影视动漫,红辣椒,1074,20250701,2996
20250701,影视动漫,黑帮大佬和我的365天,1073,20250701,2997
20250701,影视动漫,药屋少女的呢喃第一季免费观看完整版在线观看中文,1073,20250701,2998
20250701,影视动漫,恋爱之瘾,1073,20250701,2999
20250701,影视动漫,陷阱,1072,20250701,3000
20250701,影视动漫,白玉兰颁奖典礼2025完整版,1072,20250701,3001
20250701,影视动漫,我是特种兵之利刃出鞘,1072,20250701,3002
20250701,影视动漫,猫之茗,1072,20250701,3003
20250701,影视动漫,锦衣之下,1072,20250701,3004
20250701,影视动漫,以法之名一共多少集,1071,20250701,3005
20250701,影视动漫,黑太阳731,1071,20250701,3006
20250701,影视动漫,女超人,1071,20250701,3007
20250701,影视动漫,宗门里除了我都是卧底动漫在线观看,1071,20250701,3008
20250701,影视动漫,从指尖传出的热情第一季未增减,1070,20250701,3009
20250701,影视动漫,葬送的芙莉莲,1070,20250701,3010
20250701,影视动漫,蜂鸟影院,1070,20250701,3011
20250701,影视动漫,免费看动漫的软件,1070,20250701,3012
20250701,影视动漫,动画片免费观看大全,1070,20250701,3013
20250701,影视动漫,忠犬八公,1069,20250701,3014
20250701,影视动漫,武装少女,1069,20250701,3015
20250701,影视动漫,黑白禁区免费观看全集电视剧结局,1069,20250701,3016
20250701,影视动漫,僧侣之夜12集全集免费观看动漫,1069,20250701,3017
20250701,影视动漫,破冰行动演员表,1069,20250701,3018
20250701,影视动漫,爱痴癫普通话版免费观看,1068,20250701,3019
20250701,影视动漫,长安荔枝免费观看电视剧高清,1067,20250701,3020
20250701,影视动漫,琅琊榜电视剧免费观看全集完整版,1067,20250701,3021
20250701,影视动漫,乐高幻影忍者,1067,20250701,3022
20250701,影视动漫,三大队电视剧在线观看免费全集,1066,20250701,3023
20250701,影视动漫,一见你就笑2025综艺免费观看,1065,20250701,3024
20250701,影视动漫,护宝寻踪 电视剧,1065,20250701,3025
20250701,影视动漫,农场主的三个女儿们美国1976,1065,20250701,3026
20250701,影视动漫,青川入梦电视剧免费观看完整版高清,1064,20250701,3027
20250701,影视动漫,五哈第二季,1064,20250701,3028
20250701,影视动漫,钢铁侠,1064,20250701,3029
20250701,影视动漫,琉璃电视剧免费观看完整版全集,1063,20250701,3030
20250701,影视动漫,分手清单在线完整版观看,1063,20250701,3031
20250701,影视动漫,九七电影院,1063,20250701,3032
20250701,影视动漫,憧憬成为魔法少女免费全集,1063,20250701,3033
20250701,影视动漫,日韩视频免费观看高清完整版在线观看熊出没重返地球,1062,20250701,3034
20250701,影视动漫,长安的荔枝在线观看电视剧,1062,20250701,3035
20250701,影视动漫,黑猫警长,1062,20250701,3036
20250701,影视动漫,小日子电视剧免费观看全集完整版,1061,20250701,3037
20250701,影视动漫,星星视频,1061,20250701,3038
20250701,影视动漫,三年成都中文在线观看免费版,1061,20250701,3039
20250701,影视动漫,泰剧网,1060,20250701,3040
20250701,影视动漫,前度电影在线看免费,1060,20250701,3041
20250701,影视动漫,回响,1060,20250701,3042
20250701,影视动漫,赤足惊魂,1059,20250701,3043
20250701,影视动漫,电影票房排行榜,1059,20250701,3044
20250701,影视动漫,cctv13在线直播 新闻频道,1059,20250701,3045
20250701,影视动漫,金瓶梅电视剧全集电视剧免费播放在线观看,1059,20250701,3046
20250701,影视动漫,热烈电影,1058,20250701,3047
20250701,影视动漫,一路路向西,1058,20250701,3048
20250701,影视动漫,姐妹病毒,1058,20250701,3049
20250701,影视动漫,家庭教师3,1058,20250701,3050
20250701,影视动漫,束缚游戏动画免费观看完整版中文,1058,20250701,3051
20250701,影视动漫,爱的色放电影,1057,20250701,3052
20250701,影视动漫,免费爱情大片调色1000部,1057,20250701,3053
20250701,影视动漫,爱情公寓3在线观看免费高清完整版,1057,20250701,3054
20250701,影视动漫,跨过鸭绿江电视剧全集观看,1056,20250701,3055
20250701,影视动漫,唐人街探案2,1056,20250701,3056
20250701,影视动漫,罚罪电视剧全集免费播放,1056,20250701,3057
20250701,影视动漫,执法者们国语电视剧免费观看,1056,20250701,3058
20250701,影视动漫,善良的她,1055,20250701,3059
20250701,影视动漫,破浪男女在线观看电影完整版,1055,20250701,3060
20250701,影视动漫,电影《汤唯》正片免费观看高清版,1055,20250701,3061
20250701,影视动漫,戏梦巴黎,1054,20250701,3062
20250701,影视动漫,加勒比女海盗 2免费观看,1054,20250701,3063
20250701,影视动漫,他是谁电视剧免费观看完整版,1053,20250701,3064
20250701,影视动漫,cctv13,1053,20250701,3065
20250701,影视动漫,没落贵族琉璃川,1052,20250701,3066
20250701,影视动漫,为美好的世界献上祝福,1052,20250701,3067
20250701,影视动漫,哔哩哔哩bilibili官网入口,1052,20250701,3068
20250701,影视动漫,善良的医生,1052,20250701,3069
20250701,影视动漫,日韩在线观看,1051,20250701,3070
20250701,影视动漫,蓝色生死恋,1051,20250701,3071
20250701,影视动漫,黑执事绿之魔女篇,1051,20250701,3072
20250701,影视动漫,黄昏失焦,1050,20250701,3073
20250701,影视动漫,后宫动漫,1050,20250701,3074
20250701,影视动漫,花木兰,1050,20250701,3075
20250701,影视动漫,行尸走肉第一季,1050,20250701,3076
20250701,影视动漫,航拍中国,1049,20250701,3077
20250701,影视动漫,小电影适合一个人看的电影,1049,20250701,3078
20250701,影视动漫,苹果范冰冰,1049,20250701,3079
20250701,影视动漫,爸爸当家第四季,1049,20250701,3080
20250701,影视动漫,动漫网,1048,20250701,3081
20250701,影视动漫,大河之水电视剧全集免费收看,1048,20250701,3082
20250701,影视动漫,亮剑电视剧免费观看完整版,1048,20250701,3083
20250701,影视动漫,谭松韵演过的全部电视剧,1048,20250701,3084
20250701,影视动漫,人生会议,1048,20250701,3085
20250701,影视动漫,启示录,1048,20250701,3086
20250701,影视动漫,天下同心,1048,20250701,3087
20250701,影视动漫,战狼,1048,20250701,3088
20250701,影视动漫,开心麻花第二季综艺免费播放,1047,20250701,3089
20250701,影视动漫,人人影视官方下载正版,1047,20250701,3090
20250701,影视动漫,一念永恒动漫在线观看全集免费播放,1047,20250701,3091
20250701,影视动漫,天赐的声音,1047,20250701,3092
20250701,影视动漫,21世纪性格爱情指南,1046,20250701,3093
20250701,影视动漫,上瘾,1046,20250701,3094
20250701,影视动漫,告诉我你想要什么,1046,20250701,3095
20250701,影视动漫,狮城山海电视剧免费观看完整版,1046,20250701,3096
20250701,影视动漫,奔跑吧最新一季2025免费观看,1045,20250701,3097
20250701,影视动漫,goodboy韩剧在线观看全集,1045,20250701,3098
20250701,影视动漫,走向共和,1045,20250701,3099
20250701,影视动漫,再见怦然心动电视剧免费观看,1044,20250701,3100
20250701,影视动漫,月光宝盒,1044,20250701,3101
20250701,影视动漫,苹果电影未测减除版108p,1043,20250701,3102
20250701,影视动漫,刘家媳妇,1043,20250701,3103
20250701,影视动漫,大师兄影视大全,1043,20250701,3104
20250701,影视动漫,上瘾未删减版电视剧在线观看,1043,20250701,3105
20250701,影视动漫,电影猎手,1043,20250701,3106
20250701,影视动漫,逆爱7,1043,20250701,3107
20250701,影视动漫,卧薪尝胆,1042,20250701,3108
20250701,影视动漫,防风少年,1042,20250701,3109
20250701,影视动漫,人皮高跟鞋,1041,20250701,3110
20250701,影视动漫,爱情,1041,20250701,3111
20250701,影视动漫,翁帆冻卵计划背后故事,1041,20250701,3112
20250701,影视动漫,堀与宫村,1041,20250701,3113
20250701,影视动漫,妈妈的闺蜜在线观看免费完整版电视剧全集,1040,20250701,3114
20250701,影视动漫,博人传,1040,20250701,3115
20250701,影视动漫,国王在冬眠电视剧免费观看,1040,20250701,3116
20250701,影视动漫,胡乱的深见君动漫,1039,20250701,3117
20250701,影视动漫,焕羽演员表,1038,20250701,3118
20250701,影视动漫,霍元甲,1038,20250701,3119
20250701,影视动漫,b站在线观看,1038,20250701,3120
20250701,影视动漫,吞噬星空178,1038,20250701,3121
20250701,影视动漫,归途如虹所有演员表,1038,20250701,3122
20250701,影视动漫,图书馆的女友动漫1-6大结局,1037,20250701,3123
20250701,影视动漫,樱花动漫在线观看,1037,20250701,3124
20250701,影视动漫,激情燃烧的岁月2,1037,20250701,3125
20250701,影视动漫,媚者无疆,1036,20250701,3126
20250701,影视动漫,400多个成品视频,1036,20250701,3127
20250701,影视动漫,《藏海传》免费观看,1036,20250701,3128
20250701,影视动漫,我们的少年时代,1036,20250701,3129
20250701,影视动漫,好团圆,1036,20250701,3130
20250701,影视动漫,百里挑一,1035,20250701,3131
20250701,影视动漫,三生有幸遇上你免费观看完整版,1035,20250701,3132
20250701,影视动漫,灯草和尚在线观看完整免费版电视剧高清,1034,20250701,3133
20250701,影视动漫,魔女之旅,1034,20250701,3134
20250701,影视动漫,教父,1033,20250701,3135
20250701,影视动漫,八哥电影网,1033,20250701,3136
20250701,影视动漫,逆爱在哪看,1033,20250701,3137
20250701,影视动漫,你比星光美丽,1033,20250701,3138
20250701,影视动漫,日剧《轮流抵债》在线观看,1032,20250701,3139
20250701,影视动漫,"挣扎吧,亚当君",1032,20250701,3140
20250701,影视动漫,抖音电视版,1032,20250701,3141
20250701,影视动漫,海绵宝宝免费观看全集,1031,20250701,3142
20250701,影视动漫,大象视频,1031,20250701,3143
20250701,影视动漫,这一秒过火电视剧,1030,20250701,3144
20250701,影视动漫,锦绣芳华免费观看全集,1030,20250701,3145
20250701,影视动漫,17c-c起草视频,1030,20250701,3146
20250701,影视动漫,秘密列车电影免费完整版播放,1030,20250701,3147
20250701,影视动漫,凸变英雄x动漫免费,1030,20250701,3148
20250701,影视动漫,死亡搁浅,1029,20250701,3149
20250701,影视动漫,惊弦电视剧在线观看全集免费版高清,1029,20250701,3150
20250701,影视动漫,怦然心动,1029,20250701,3151
20250701,影视动漫,嘘禁止想象,1029,20250701,3152
20250701,影视动漫,逆爱一共有多少集,1029,20250701,3153
20250701,影视动漫,三年大片高清影视大全,1028,20250701,3154
20250701,影视动漫,冰糖炖雪梨电视剧免费观看全集完整版,1028,20250701,3155
20250701,影视动漫,龙珠,1028,20250701,3156
20250701,影视动漫,翡翠波斯猫高清在线完整免费观看,1028,20250701,3157
20250701,影视动漫,中文在线字幕免费观看电视剧日剧,1028,20250701,3158
20250701,影视动漫,80s电影免费观看,1028,20250701,3159
20250701,影视动漫,倩女幽魂,1028,20250701,3160
20250701,影视动漫,庆余年演员表,1027,20250701,3161
20250701,影视动漫,和平饭店,1027,20250701,3162
20250701,影视动漫,海贼王在线动漫免费观看全集,1027,20250701,3163
20250701,影视动漫,与恶魔有约电视剧免费观看,1027,20250701,3164
20250701,影视动漫,国产免费观看高清电视剧,1026,20250701,3165
20250701,影视动漫,承欢记,1026,20250701,3166
20250701,影视动漫,美丽小蜜桃2,1026,20250701,3167
20250701,影视动漫,七根心简全集免费播放,1026,20250701,3168
20250701,影视动漫,下女完整版电视剧免费高清韩剧,1025,20250701,3169
20250701,影视动漫,谁与争锋,1025,20250701,3170
20250701,影视动漫,滟姆动漫1-6集全集在线播放樱花动漫,1025,20250701,3171
20250701,影视动漫,如果历史是一群喵,1025,20250701,3172
20250701,影视动漫,西瓜影音,1024,20250701,3173
20250701,影视动漫,交通费2菲律宾免费,1024,20250701,3174
20250701,影视动漫,双子视频,1024,20250701,3175
20250701,影视动漫,孤舟,1024,20250701,3176
20250701,影视动漫,三叉戟2,1023,20250701,3177
20250701,影视动漫,文豪野犬第二季,1023,20250701,3178
20250701,影视动漫,苦月亮免费观看完整版电视剧高清,1023,20250701,3179
20250701,影视动漫,免费观看60分钟高清电视剧两个人,1023,20250701,3180
20250701,影视动漫,哪吒二,1022,20250701,3181
20250701,影视动漫,白日焰火,1022,20250701,3182
20250701,影视动漫,邱淑贞演过三年级的电影免费观看,1022,20250701,3183
20250701,影视动漫,水蜜桃免费观看电视剧高清观看,1022,20250701,3184
20250701,影视动漫,美人,1021,20250701,3185
20250701,影视动漫,逆爱电视剧免费,1019,20250701,3186
20250701,影视动漫,海边的异邦人,1019,20250701,3187
20250701,影视动漫,日本电影经典,1018,20250701,3188
20250701,影视动漫,阳光之下电视剧免费观看全集完整版高清,1018,20250701,3189
20250701,影视动漫,穿普拉达的女王,1017,20250701,3190
20250701,影视动漫,东宫,1017,20250701,3191
20250701,影视动漫,逆爱在线观看全集免费高清版,1017,20250701,3192
20250701,影视动漫,因为遇见你电视剧全集免费,1016,20250701,3193
20250701,影视动漫,鬼父动漫全集,1015,20250701,3194
20250701,影视动漫,男女一起努力生孩子的素材高清,1015,20250701,3195
20250701,影视动漫,冈仁波齐,1015,20250701,3196
20250701,影视动漫,东西向洞,1015,20250701,3197
20250701,影视动漫,约定的梦幻岛,1014,20250701,3198
20250701,影视动漫,18岁初中生免费播放电视剧,1013,20250701,3199
20250701,影视动漫,犬夜叉,1013,20250701,3200
20250701,影视动漫,暴躁老女人免费观看电视剧,1013,20250701,3201
20250701,影视动漫,逆天至尊在线观看全集免费播放,1012,20250701,3202
20250701,影视动漫,半熟男女,1012,20250701,3203
20250701,影视动漫,舌吻戏,1012,20250701,3204
20250701,影视动漫,看见恶魔电影完整版高清在线观看,1012,20250701,3205
20250701,影视动漫,短视频,1012,20250701,3206
20250701,影视动漫,2025电视剧,1011,20250701,3207
20250701,影视动漫,海峡两岸,1011,20250701,3208
20250701,影视动漫,成全高清在线观看免费新浪,1011,20250701,3209
20250701,影视动漫,韩国电影免费观看大全第四集,1011,20250701,3210
20250701,影视动漫,脱轨,1011,20250701,3211
20250701,影视动漫,泡在我家的辣妹动漫免费观看全集完整版,1011,20250701,3212
20250701,影视动漫,龙门镖局,1011,20250701,3213
20250701,影视动漫,挣扎吧亚当君,1010,20250701,3214
20250701,影视动漫,三男一女免费高清观看电视剧,1010,20250701,3215
20250701,影视动漫,满城尽带黄金甲,1009,20250701,3216
20250701,影视动漫,爱情季节在线观看,1008,20250701,3217
20250701,影视动漫,美女直播,1008,20250701,3218
20250701,影视动漫,碟中谍,1008,20250701,3219
20250701,影视动漫,锦绣未央电视剧全集在线观看免费版,1007,20250701,3220
20250701,影视动漫,杀戮都市,1007,20250701,3221
20250701,影视动漫,哈哈哈哈第五季免费观看,1007,20250701,3222
20250701,影视动漫,仙武传在线观看全集免费高清,1007,20250701,3223
20250701,影视动漫,荷花视频,1007,20250701,3224
20250701,影视动漫,藏海传剧情分集剧情介绍,1007,20250701,3225
20250701,影视动漫,今生有你电视剧免费观看,1006,20250701,3226
20250701,影视动漫,淮海战役,1006,20250701,3227
20250701,影视动漫,人与动物,1006,20250701,3228
20250701,影视动漫,龙族动漫在线观看免费全集高清,1006,20250701,3229
20250701,影视动漫,小小水蜜桃3[电视剧]免费观看高清,1006,20250701,3230
20250701,影视动漫,伪装者演员表,1006,20250701,3231
20250701,影视动漫,逆爱电视剧在哪个平台播,1005,20250701,3232
20250701,影视动漫,黎巴嫩跳水失败脸摔两半图,1005,20250701,3233
20250701,影视动漫,藏海传百度百科,1004,20250701,3234
20250701,影视动漫,法医秦明张若昀免费全集观看,1004,20250701,3235
20250701,影视动漫,电影排行榜2025,1004,20250701,3236
20250701,影视动漫,沙尘暴,1003,20250701,3237
20250701,影视动漫,第二名的逆袭,1003,20250701,3238
20250701,影视动漫,人间中毒在线观看整板,1003,20250701,3239
20250701,影视动漫,老公是哑巴别慌我是喇叭短剧免费观看,1002,20250701,3240
20250701,影视动漫,荷尔蒙4中文版,1001,20250701,3241
20250701,影视动漫,学生妹高清版免费观看电视剧漫画,1001,20250701,3242
20250701,影视动漫,蛮好的人生电视剧免费观看全集,1001,20250701,3243
20250701,影视动漫,极限杀手,1001,20250701,3244
20250701,影视动漫,舒淇最惊艳三部电影,1001,20250701,3245
20250701,影视动漫,金粉世家,1001,20250701,3246
20250701,影视动漫,《逆爱》在哪里看,1000,20250701,3247
20250701,影视动漫,长月烬明电视剧免费观看全集完整版,1000,20250701,3248
20250701,影视动漫,摇滚乃淑女的爱好,1000,20250701,3249
20250701,影视动漫,overflow第一季无马赛,1000,20250701,3250
20250701,影视动漫,98在线高清免费观看电视剧狂飙,1000,20250701,3251
20250701,影视动漫,遇见你的那天,1000,20250701,3252
20250701,影视动漫,日韩剧在线观看免费全集电视剧,998,20250701,3253
20250701,影视动漫,刘宇宁电视剧,998,20250701,3254
20250701,影视动漫,低端影视,998,20250701,3255
20250701,影视动漫,红高粱,997,20250701,3256
20250701,影视动漫,稀饭动漫,997,20250701,3257
20250701,影视动漫,白云视频追剧免费下载官网,997,20250701,3258
20250701,影视动漫,四分钟泰剧在线观看免费高清,996,20250701,3259
20250701,影视动漫,不要和陌生人说话,996,20250701,3260
20250701,影视动漫,内裤奇缘,996,20250701,3261
20250701,影视动漫,美国片爱情大片,995,20250701,3262
20250701,影视动漫,你是我的荣耀电视剧免费观看,995,20250701,3263
20250701,影视动漫,爱丽丝梦游仙境,994,20250701,3264
20250701,影视动漫,长江,994,20250701,3265
20250701,影视动漫,黄晓明《潜渊》免费观看,994,20250701,3266
20250701,影视动漫,密室大逃脱第四季,993,20250701,3267
20250701,影视动漫,国产又好看的特效大片,993,20250701,3268
20250701,影视动漫,贞观之治,993,20250701,3269
20250701,影视动漫,欢天喜地七仙女,993,20250701,3270
20250701,影视动漫,风云雄霸天下,992,20250701,3271
20250701,影视动漫,明星大侦探第十季免费观看完整版,992,20250701,3272
20250701,影视动漫,天降女子无删减版在线观看第二季,992,20250701,3273
20250701,影视动漫,天才基本法,991,20250701,3274
20250701,影视动漫,沙海,991,20250701,3275
20250701,影视动漫,芒果tv免费观看网站,991,20250701,3276
20250701,影视动漫,绑架美女,990,20250701,3277
20250701,影视动漫,天雷滚滚我好怕怕劈得我浑身掉渣渣下一句是什么,990,20250701,3278
20250701,影视动漫,长安的荔枝电影,989,20250701,3279
20250701,影视动漫,别当欧尼酱了,989,20250701,3280
20250701,影视动漫,吞噬星空在线观看,988,20250701,3281
20250701,影视动漫,《七根心简》电视剧,988,20250701,3282
20250701,影视动漫,男生和女生一起生产豆浆,987,20250701,3283
20250701,影视动漫,成全在线观看免费完整版电影,987,20250701,3284
20250701,影视动漫,日本mv与欧美mv的区别,986,20250701,3285
20250701,影视动漫,斗音,986,20250701,3286
20250701,影视动漫,小林家的龙女仆,986,20250701,3287
20250701,影视动漫,潜渊剧情分集介绍,986,20250701,3288
20250701,影视动漫,以法之名在线观看免费完整观看,986,20250701,3289
20250701,影视动漫,tiktok国际版下载,985,20250701,3290
20250701,影视动漫,神奇数字马戏团,985,20250701,3291
20250701,影视动漫,甜蜜惩罚第一季全集台词在线观看,985,20250701,3292
20250701,影视动漫,CCTV5今天直播,985,20250701,3293
20250701,影视动漫,潜渊电视剧全集,985,20250701,3294
20250701,影视动漫,次元囧,984,20250701,3295
20250701,影视动漫,播种欧吉桑动漫免费观看,984,20250701,3296
20250701,影视动漫,顺恨双男主电视剧免费观看,983,20250701,3297
20250701,影视动漫,刑侦12粤语在线观看,983,20250701,3298
20250701,影视动漫,抖音客服,983,20250701,3299
20250701,影视动漫,紫色,983,20250701,3300
20250701,影视动漫,永不磨灭的番号电视剧免费全集超清,983,20250701,3301
20250701,影视动漫,金婚,983,20250701,3302
20250701,影视动漫,黑金,982,20250701,3303
20250701,影视动漫,健康之路,982,20250701,3304
20250701,影视动漫,亚当君挣扎吧第一季,982,20250701,3305
20250701,影视动漫,总之就是非常可爱,982,20250701,3306
20250701,影视动漫,最好看的2019中文大全在线观看,982,20250701,3307
20250701,影视动漫,奔跑吧第八季免费完整版在线观看高清,981,20250701,3308
20250701,影视动漫,头脑特工队,981,20250701,3309
20250701,影视动漫,本能电影完整版未删除,981,20250701,3310
20250701,影视动漫,捷德奥特曼,981,20250701,3311
20250701,影视动漫,追光的日子,981,20250701,3312
20250701,影视动漫,半路夫妻电视剧免费完整版观看,981,20250701,3313
20250701,影视动漫,家常菜电视剧,980,20250701,3314
20250701,影视动漫,黎明前的抉择全部演员表,980,20250701,3315
20250701,影视动漫,念无双,980,20250701,3316
20250701,影视动漫,电视剧《以法之名》,980,20250701,3317
20250701,影视动漫,拼搏在线,980,20250701,3318
20250701,影视动漫,县委大院,980,20250701,3319
20250701,影视动漫,河马剧场,980,20250701,3320
20250701,影视动漫,宫锁心玉,979,20250701,3321
20250701,影视动漫,朱元璋电视剧,978,20250701,3322
20250701,影视动漫,驯龙高手真人版,978,20250701,3323
20250701,影视动漫,《干柴烈火》全集观看,978,20250701,3324
20250701,影视动漫,西出玉门电视剧免费观看完整版,977,20250701,3325
20250701,影视动漫,以法之名17,977,20250701,3326
20250701,影视动漫,央视一套直播在线直播,977,20250701,3327
20250701,影视动漫,以法之名江旭东,976,20250701,3328
20250701,影视动漫,真相半白电视剧,976,20250701,3329
20250701,影视动漫,原罪无删除全集免费版在线观看,976,20250701,3330
20250701,影视动漫,野人,976,20250701,3331
20250701,影视动漫,荒野求生,976,20250701,3332
20250701,影视动漫,奇迹与你,975,20250701,3333
20250701,影视动漫,飞哥大英雄,975,20250701,3334
20250701,影视动漫,贪婪欲望之岛电影完整版免费观看国语,975,20250701,3335
20250701,影视动漫,火蓝刀锋,974,20250701,3336
20250701,影视动漫,电影在线观看免费高清完整版,974,20250701,3337
20250701,影视动漫,原神同人动漫免费观看版,974,20250701,3338
20250701,影视动漫,最好的我们,974,20250701,3339
20250701,影视动漫,时光代理人第二季,974,20250701,3340
20250701,影视动漫,双程,973,20250701,3341
20250701,影视动漫,一帘幽梦,973,20250701,3342
20250701,影视动漫,甜蜜惩罚第一季动漫全集免费观看完整版,973,20250701,3343
20250701,影视动漫,我的世界你好电视剧免费观看高清,973,20250701,3344
20250701,影视动漫,南瓜视频,973,20250701,3345
20250701,影视动漫,铠甲勇士刑天,972,20250701,3346
20250701,影视动漫,视频免费,972,20250701,3347
20250701,影视动漫,五福临门电视剧免费观看完整版,972,20250701,3348
20250701,影视动漫,白鹿演的电视剧,972,20250701,3349
20250701,影视动漫,完美的救赎剧情介绍,972,20250701,3350
20250701,影视动漫,憧憬成为魔法少女动画免费观看,972,20250701,3351
20250701,影视动漫,小蜜桃3电视剧免费观看全集高清,971,20250701,3352
20250701,影视动漫,男生女生,971,20250701,3353
20250701,影视动漫,走火电视剧免费观看高清全集,971,20250701,3354
20250701,影视动漫,爱情动作,971,20250701,3355
20250701,影视动漫,完美世界等级境界划分,971,20250701,3356
20250701,影视动漫,山河令电视剧全集在线观看完整版,971,20250701,3357
20250701,影视动漫,点燃我温暖你,971,20250701,3358
20250701,影视动漫,奇妙萌可,971,20250701,3359
20250701,影视动漫,大决战电视连续剧全集在线播放,971,20250701,3360
20250701,影视动漫,五十公里桃花坞,970,20250701,3361
20250701,影视动漫,圣斗士星矢,970,20250701,3362
20250701,影视动漫,逆爱第八集预告,970,20250701,3363
20250701,影视动漫,韩短剧《课程》在线播放,970,20250701,3364
20250701,影视动漫,10天的爱人免费观看完整电视,970,20250701,3365
20250701,影视动漫,潜伏电视剧免费观看完整版,969,20250701,3366
20250701,影视动漫,鬼灭之刃无限城决战篇,969,20250701,3367
20250701,影视动漫,兔子先生,969,20250701,3368
20250701,影视动漫,cctv6,969,20250701,3369
20250701,影视动漫,现在就出发第一季,968,20250701,3370
20250701,影视动漫,妻子,968,20250701,3371
20250701,影视动漫,桃花映江山15集电视剧免费观看,968,20250701,3372
20250701,影视动漫,杨思敏1-5集免费播放电视剧,967,20250701,3373
20250701,影视动漫,无赦之仇免费观看完整版,967,20250701,3374
20250701,影视动漫,不可撤销,967,20250701,3375
20250701,影视动漫,以法之名免费观看完整版,967,20250701,3376
20250701,影视动漫,7777影院免费观看电视剧小别离,966,20250701,3377
20250701,影视动漫,桔子在线观看免费高清电视剧,966,20250701,3378
20250701,影视动漫,桃花映江山高清免费版,966,20250701,3379
20250701,影视动漫,刘学义孟子义《桃花映江山》免费观看,966,20250701,3380
20250701,影视动漫,梦华录,966,20250701,3381
20250701,影视动漫,我和僵尸有个约会,965,20250701,3382
20250701,影视动漫,与恶魔有约,965,20250701,3383
20250701,影视动漫,18岁高清版免费观看电视剧,965,20250701,3384
20250701,影视动漫,以法之名免费看,965,20250701,3385
20250701,影视动漫,番茄影视,965,20250701,3386
20250701,影视动漫,建军大业,965,20250701,3387
20250701,影视动漫,八仙饭店叉烧肉包子高清视频播放,964,20250701,3388
20250701,影视动漫,菲律宾电影大尸度免费观看,964,20250701,3389
20250701,影视动漫,爱恋2015,964,20250701,3390
20250701,影视动漫,圣痕炼金士,964,20250701,3391
20250701,影视动漫,梦想成为魔法少女,963,20250701,3392
20250701,影视动漫,张译主演的电视剧大全,963,20250701,3393
20250701,影视动漫,妈妈喝骂,962,20250701,3394
20250701,影视动漫,推理吧第三季免费观看全集完整版,962,20250701,3395
20250701,影视动漫,绿皮书,961,20250701,3396
20250701,影视动漫,逆爱2025全集免费观看柴鸡蛋,961,20250701,3397
20250701,影视动漫,王安宇演过的所有电视剧,960,20250701,3398
20250701,影视动漫,无耻之徒第四季,960,20250701,3399
20250701,影视动漫,隔壁家的女孩,960,20250701,3400
20250701,影视动漫,逆爱电视剧双男主免费观看,959,20250701,3401
20250701,影视动漫,水龙吟电视剧免费观看全集高清,959,20250701,3402
20250701,影视动漫,《逆爱》第七集在线观看,959,20250701,3403
20250701,影视动漫,因为遇见你,959,20250701,3404
20250701,影视动漫,男女亲吻,959,20250701,3405
20250701,影视动漫,黑白潜行2电影,958,20250701,3406
20250701,影视动漫,香蜜沉沉烬如霜电视剧在线观看免费,958,20250701,3407
20250701,影视动漫,重启之极海听雷,958,20250701,3408
20250701,影视动漫,骄阳伴我,958,20250701,3409
20250701,影视动漫,飞虎神鹰,958,20250701,3410
20250701,影视动漫,酷客影院,957,20250701,3411
20250701,影视动漫,图书馆的女友动漫版全集免费观看,957,20250701,3412
20250701,影视动漫,八戒影视,957,20250701,3413
20250701,影视动漫,中央一台cctv1在线直播,956,20250701,3414
20250701,影视动漫,免费动漫,956,20250701,3415
20250701,影视动漫,潮汐,956,20250701,3416
20250701,影视动漫,宰相刘罗锅,955,20250701,3417
20250701,影视动漫,逆爱2025在线观看,955,20250701,3418
20250701,影视动漫,男生女生向前冲,955,20250701,3419
20250701,影视动漫,CCTV5直播温网,955,20250701,3420
20250701,影视动漫,张译蒋欣主演《以法之名》,954,20250701,3421
20250701,影视动漫,京剧猫,954,20250701,3422
20250701,影视动漫,淬火年代更新时间表,954,20250701,3423
20250701,影视动漫,玉女心经电影舒淇主演的,954,20250701,3424
20250701,影视动漫,体感预报,953,20250701,3425
20250701,影视动漫,未满十八岁在线观看免费高清完整版电视剧,953,20250701,3426
20250701,影视动漫,无所畏惧剧情介绍,953,20250701,3427
20250701,影视动漫,巴黎最后的探戈,952,20250701,3428
20250701,影视动漫,熊出没之逆转时空免费观看完整版,952,20250701,3429
20250701,影视动漫,omoFun,952,20250701,3430
20250701,影视动漫,无忧渡电视剧免费观看,952,20250701,3431
20250701,影视动漫,阴阳双魔免费观看完整版高清,952,20250701,3432
20250701,影视动漫,以法之名在线观看免费高清,952,20250701,3433
20250701,影视动漫,逆爱第8集免费观看高清,952,20250701,3434
20250701,影视动漫,青青草原免费观看完整版高清视频电视剧,952,20250701,3435
20250701,影视动漫,母亲,952,20250701,3436
20250701,影视动漫,青苹果乐园影院电视剧免费播放,951,20250701,3437
20250701,影视动漫,山村老尸在线完整版免费观看,951,20250701,3438
20250701,影视动漫,陈冠希雁门照片高清电影免费观看,951,20250701,3439
20250701,影视动漫,卫子夫,951,20250701,3440
20250701,影视动漫,女儿与爸爸高清免费版电视剧,951,20250701,3441
20250701,影视动漫,念念相忘在线观看电影免费高清,951,20250701,3442
20250701,影视动漫,新还珠格格,951,20250701,3443
20250701,影视动漫,田耕纪电视剧全集免费完整版,950,20250701,3444
20250701,影视动漫,十八岁免费观看全集电视剧,950,20250701,3445
20250701,影视动漫,家里家外短剧免费观看全集,950,20250701,3446
20250701,影视动漫,F1,950,20250701,3447
20250701,影视动漫,xl司令第二季第八集,950,20250701,3448
20250701,影视动漫,片子免费高清电影网在线观看手机电视,950,20250701,3449
20250701,影视动漫,熊出没之逆转时空在线观看免费播放,949,20250701,3450
20250701,影视动漫,天香天堂免费观看电视剧,949,20250701,3451
20250701,影视动漫,我的阿勒泰演员表,949,20250701,3452
20250701,影视动漫,王子的本命是恶役千金全集免费观看,949,20250701,3453
20250701,影视动漫,麻斗传谋电视剧在线播放免费观看下载全集,949,20250701,3454
20250701,影视动漫,寄宿公寓电影在线观看完整版免费,948,20250701,3455
20250701,影视动漫,无耻之徒第三季高清全集免费观看,948,20250701,3456
20250701,影视动漫,票房排行榜实时,948,20250701,3457
20250701,影视动漫,庆余年第一季免费观看,947,20250701,3458
20250701,影视动漫,下载抖音安装 免费下载,947,20250701,3459
20250701,影视动漫,淮水竹亭,947,20250701,3460
20250701,影视动漫,以法之名在线播放,947,20250701,3461
20250701,影视动漫,小舍得,947,20250701,3462
20250701,影视动漫,时光正好,946,20250701,3463
20250701,影视动漫,奶龙免费动画片全集,946,20250701,3464
20250701,影视动漫,鱿鱼游戏第三季在线,946,20250701,3465
20250701,影视动漫,母爱未晚短剧全集在线播放免费观看,946,20250701,3466
20250701,影视动漫,狂赌之渊,945,20250701,3467
20250701,影视动漫,图书馆的女朋友动漫免费观看全集完整版动漫,945,20250701,3468
20250701,影视动漫,阿诺拉在线观看免费版高清,945,20250701,3469
20250701,影视动漫,盗墓笔记电视剧观看顺序,945,20250701,3470
20250701,影视动漫,恶作剧之吻,945,20250701,3471
20250701,影视动漫,书卷一梦电视剧在线观看,945,20250701,3472
20250701,影视动漫,秘密,945,20250701,3473
20250701,影视动漫,战狼9女生高清免费观看,945,20250701,3474
20250701,影视动漫,桃花坞,945,20250701,3475
20250701,影视动漫,超兽武装,944,20250701,3476
20250701,影视动漫,夜蒲团,944,20250701,3477
20250701,影视动漫,护心电视剧免费观看全集在线播放,944,20250701,3478
20250701,影视动漫,下海,944,20250701,3479
20250701,影视动漫,华尔街之狼完整版在线观看,943,20250701,3480
20250701,影视动漫,黄金电影免费高清观看中文版,943,20250701,3481
20250701,影视动漫,地下交通站,943,20250701,3482
20250701,影视动漫,正在直播网球正在直播郑钦文,942,20250701,3483
20250701,影视动漫,黑帮大佬和我的365日,942,20250701,3484
20250701,影视动漫,人人剧场安卓下载,942,20250701,3485
20250701,影视动漫,姓爱自修室第一季电视剧免费观看蒂蒂有话说,941,20250701,3486
20250701,影视动漫,真心英雄,941,20250701,3487
20250701,影视动漫,洗屋先生第一季高清版,941,20250701,3488
20250701,影视动漫,星空无限传媒免费观看电视剧,941,20250701,3489
20250701,影视动漫,抖音火山版,940,20250701,3490
20250701,影视动漫,唐探1900,939,20250701,3491
20250701,影视动漫,星辰变动漫在线观看全集免费观看,939,20250701,3492
20250701,影视动漫,献身给魔王伊伏洛基亚吧,939,20250701,3493
20250701,影视动漫,阿甘正传,939,20250701,3494
20250701,影视动漫,天下,939,20250701,3495
20250701,影视动漫,雪中悍刀行第二季在线观看,938,20250701,3496
20250701,影视动漫,誓盟,938,20250701,3497
20250701,影视动漫,暗夜与黎明,938,20250701,3498
20250701,影视动漫,迪拜的女孩儿,938,20250701,3499
20250701,影视动漫,功夫熊猫,938,20250701,3500
20250701,影视动漫,《长安的荔枝》全集,938,20250701,3501
20250701,影视动漫,侏罗纪世界3免费观看完整版,937,20250701,3502
20250701,影视动漫,灭罪,937,20250701,3503
20250701,影视动漫,星辰大海,937,20250701,3504
20250701,影视动漫,女神降临,937,20250701,3505
20250701,影视动漫,火口的两人在线观看免费全集,936,20250701,3506
20250701,影视动漫,上帝的羔羊,936,20250701,3507
20250701,影视动漫,鬼父动漫在线观看全集免费播放,936,20250701,3508
20250701,影视动漫,一路向西在线,936,20250701,3509
20250701,影视动漫,法国满天星《欢愉》,936,20250701,3510
20250701,影视动漫,日本韩国电影免费观看电视剧高清版,936,20250701,3511
20250701,影视动漫,八仙饭店,936,20250701,3512
20250701,影视动漫,放羊的星星,935,20250701,3513
20250701,影视动漫,夏日重现,935,20250701,3514
20250701,影视动漫,胸前两个球跳舞视频大全,935,20250701,3515
20250701,影视动漫,我喜欢你电视剧免费观看全集,935,20250701,3516
20250701,影视动漫,小敏家全集免费观看电视剧,935,20250701,3517
20250701,影视动漫,特种兵之火凤凰,935,20250701,3518
20250701,影视动漫,今生有你,934,20250701,3519
20250701,影视动漫,秋色之空,934,20250701,3520
20250701,影视动漫,欢迎光临电视剧在线观看免费高清,934,20250701,3521
20250701,影视动漫,花儿与少年第七季,934,20250701,3522
20250701,影视动漫,秦时明月,933,20250701,3523
20250701,影视动漫,叶子楣《杨贵妃秘史》,933,20250701,3524
20250701,影视动漫,法国空姐在线电视剧完整版观看,933,20250701,3525
20250701,影视动漫,在线观看电影,933,20250701,3526
20250701,影视动漫,神马影院在线观看,932,20250701,3527
20250701,影视动漫,破产姐妹,932,20250701,3528
20250701,影视动漫,锦绣芳华在线,932,20250701,3529
20250701,影视动漫,陪你逐风飞翔在线观看免费完整版,931,20250701,3530
20250701,影视动漫,烈火情人,931,20250701,3531
20250701,影视动漫,神奇宝贝百科,931,20250701,3532
20250701,影视动漫,9.1豆花免费网站nba,931,20250701,3533
20250701,影视动漫,桃花坞第五季,931,20250701,3534
20250701,影视动漫,图书馆的女朋友第一季全集06集,931,20250701,3535
20250701,影视动漫,上甘岭电视剧全集播放,931,20250701,3536
20250701,影视动漫,达达兔在线观看电影免费高清,931,20250701,3537
20250701,影视动漫,童话镇,931,20250701,3538
20250701,影视动漫,魔法俏佳人,930,20250701,3539
20250701,影视动漫,成全视频在线观看免费高清在线观看乌龙山剿匪记动漫,930,20250701,3540
20250701,影视动漫,狂飙电视剧免费观看完整版高清,930,20250701,3541
20250701,影视动漫,国产电影免费观看高清完整版在线观看熊出没重返地,930,20250701,3542
20250701,影视动漫,玄女心经在线观看免费高清完整版,930,20250701,3543
20250701,影视动漫,雪豹电视剧全集免费观看完整版,930,20250701,3544
20250701,影视动漫,黎明前的抉择,930,20250701,3545
20250701,影视动漫,黄大年,930,20250701,3546
20250701,影视动漫,以法之名免费观看完整版电视剧,930,20250701,3547
20250701,影视动漫,《折腰》观看全集,930,20250701,3548
20250701,影视动漫,免费看动漫,929,20250701,3549
20250701,影视动漫,狂飙电视剧免费观看全集完整版,929,20250701,3550
20250701,影视动漫,b站免费在线观看入口,929,20250701,3551
20250701,影视动漫,少帅你老婆又跑了短剧免费观看,929,20250701,3552
20250701,影视动漫,麻花传剧原创mv免费播放,929,20250701,3553
20250701,影视动漫,韩剧《她很漂亮》,928,20250701,3554
20250701,影视动漫,孔雀,927,20250701,3555
20250701,影视动漫,罗马的房子电影高清版免费观看,927,20250701,3556
20250701,影视动漫,奥特曼视频,927,20250701,3557
20250701,影视动漫,鱿鱼游戏3在线,927,20250701,3558
20250701,影视动漫,莫妮卡贝鲁奇最惊艳的三部电影,926,20250701,3559
20250701,影视动漫,泰坦尼克号未测减除版,926,20250701,3560
20250701,影视动漫,氪金玩家在线观看全集免费播放,926,20250701,3561
20250701,影视动漫,搞笑一家人,926,20250701,3562
20250701,影视动漫,抖音投诉商家客服电话24小时人工服务热线,926,20250701,3563
20250701,影视动漫,17岁电影在线观看免费完整版中文,926,20250701,3564
20250701,影视动漫,蘑菇短视频app免费版本下载,926,20250701,3565
20250701,影视动漫,男与女,926,20250701,3566
20250701,影视动漫,生命中的好日子,925,20250701,3567
20250701,影视动漫,七龙珠,925,20250701,3568
20250701,影视动漫,CCTV5 直播在线观看 中央电视台,925,20250701,3569
20250701,影视动漫,吃饭跑步和恋爱电视剧免费观看,924,20250701,3570
20250701,影视动漫,逆爱第7集全集免费播放,924,20250701,3571
20250701,影视动漫,天国的阶梯,923,20250701,3572
20250701,影视动漫,坏小子,923,20250701,3573
20250701,影视动漫,逆爱第8集预告,923,20250701,3574
20250701,影视动漫,司藤,923,20250701,3575
20250701,影视动漫,青苹果乐园免费高清在线观看,923,20250701,3576
20250701,影视动漫,憨豆先生,923,20250701,3577
20250701,影视动漫,橘子红了,923,20250701,3578
20250701,影视动漫,出轨的女人2在线观看电视剧完整版,922,20250701,3579
20250701,影视动漫,逆爱2025免费观看全集,922,20250701,3580
20250701,影视动漫,以法之名拍摄地点,922,20250701,3581
20250701,影视动漫,问心电视剧全集免费观看,922,20250701,3582
20250701,影视动漫,择天记,921,20250701,3583
20250701,影视动漫,斗罗大陆2绝世唐门在线观看,921,20250701,3584
20250701,影视动漫,高压监狱2019满天星法版免费,921,20250701,3585
20250701,影视动漫,柯南电影,921,20250701,3586
20250701,影视动漫,克金玩家国漫免费观看完整版,921,20250701,3587
20250701,影视动漫,蜜桃成熟33d,921,20250701,3588
20250701,影视动漫,陷入我们的热恋,921,20250701,3589
20250701,影视动漫,爱在空气中泰剧在线观看完整版泰剧,920,20250701,3590
20250701,影视动漫,开端,920,20250701,3591
20250701,影视动漫,你是我的城池营垒免费观看完整版,920,20250701,3592
20250701,影视动漫,《空中服务》完整版,920,20250701,3593
20250701,影视动漫,新金瓶电视剧免费1—5,919,20250701,3594
20250701,影视动漫,血观音,919,20250701,3595
20250701,影视动漫,西西里的美丽传说电影免费完整版在线,919,20250701,3596
20250701,影视动漫,倚天屠龙记苏有朋版,919,20250701,3597
20250701,影视动漫,锦绣芳华追剧日历,919,20250701,3598
20250701,影视动漫,最好免费观看高清在线,918,20250701,3599
20250701,影视动漫,荔枝网,918,20250701,3600
20250701,影视动漫,凤凰台上,918,20250701,3601
20250701,影视动漫,魔道祖师动漫,918,20250701,3602
20250701,影视动漫,母亲动漫1~6全集动画免费版,918,20250701,3603
20250701,影视动漫,我的姐姐,918,20250701,3604
20250701,影视动漫,柴鸡蛋网剧逆袭在线观看,917,20250701,3605
20250701,影视动漫,无节摄影部动漫第一季免费观看,917,20250701,3606
20250701,影视动漫,王昭君,917,20250701,3607
20250701,影视动漫,中国有嘻哈,917,20250701,3608
20250701,影视动漫,赴山海什么时候播出,917,20250701,3609
20250701,影视动漫,《逆爱》电视剧2025在线观看,916,20250701,3610
20250701,影视动漫,花琉璃轶闻电视剧全集免费观看,916,20250701,3611
20250701,影视动漫,731电影上映时间,916,20250701,3612
20250701,影视动漫,少年白马醉春风电视剧在线观看,916,20250701,3613
20250701,影视动漫,间谍过家家第一季免费观看,916,20250701,3614
20250701,影视动漫,光渊全集免费观看电视剧,916,20250701,3615
20250701,影视动漫,小小水蜜桃在线观看免费完整电视剧,916,20250701,3616
20250701,影视动漫,破浪男女,916,20250701,3617
20250701,影视动漫,顺恨电视剧,916,20250701,3618
20250701,影视动漫,电影《周末交换》正在观看,916,20250701,3619
20250701,影视动漫,丹道至尊动漫免费观看,916,20250701,3620
20250701,影视动漫,猎袭,915,20250701,3621
20250701,影视动漫,书梦一卷电视剧免费观看完整版,915,20250701,3622
20250701,影视动漫,蔡澜身价有多少亿人民币,915,20250701,3623
20250701,影视动漫,韩小圈官方下载,914,20250701,3624
20250701,影视动漫,蘑菇影视,913,20250701,3625
20250701,影视动漫,2025电影,913,20250701,3626
20250701,影视动漫,三生三世十里桃花,913,20250701,3627
20250701,影视动漫,成全免费高清版第6季,913,20250701,3628
20250701,影视动漫,川剧变脸,913,20250701,3629
20250701,影视动漫,锦绣芳华什么时候播,913,20250701,3630
20250701,影视动漫,开心超人,912,20250701,3631
20250701,影视动漫,体感预报在线观看免费完整版,912,20250701,3632
20250701,影视动漫,氪金玩家,912,20250701,3633
20250701,影视动漫,五哈第5季免费观看全集完整版,912,20250701,3634
20250701,影视动漫,嫉妒,912,20250701,3635
20250701,影视动漫,武则天秘史,912,20250701,3636
20250701,影视动漫,缘之空动漫,912,20250701,3637
20250701,影视动漫,我们的婚姻,911,20250701,3638
20250701,影视动漫,男生把困困放在女生困困视频高清,911,20250701,3639
20250701,影视动漫,雷雨,911,20250701,3640
20250701,影视动漫,奥美迦奥特曼,911,20250701,3641
20250701,影视动漫,宿敌电视剧免费观看全集高清完整版,910,20250701,3642
20250701,影视动漫,杀狼电视剧全集免费播放,910,20250701,3643
20250701,影视动漫,朝雪录电视剧免费观看全集高清,910,20250701,3644
20250701,影视动漫,CCTV5 体育频道,910,20250701,3645
20250701,影视动漫,男女打扑克,910,20250701,3646
20250701,影视动漫,森林里的熊先生,910,20250701,3647
20250701,影视动漫,日韩电影大全免费观看电视剧大全,910,20250701,3648
20250701,影视动漫,逆爱吻戏,909,20250701,3649
20250701,影视动漫,电视剧以法之名第一季,909,20250701,3650
20250701,影视动漫,挑花映江山在线观看,909,20250701,3651
20250701,影视动漫,脱缰凯搞笑视频,909,20250701,3652
20250701,影视动漫,冰上的尤里,908,20250701,3653
20250701,影视动漫,五等分的花嫁,908,20250701,3654
20250701,影视动漫,琪琪在线影院电视剧免费,908,20250701,3655
20250701,影视动漫,跟着书本去旅行,908,20250701,3656
20250701,影视动漫,甜蜜的惩罚第一季无马赛免费观看全集,907,20250701,3657
20250701,影视动漫,十八岁辣妹高清版免费观看电视剧,907,20250701,3658
20250701,影视动漫,炽道电视剧全集免费观看,907,20250701,3659
20250701,影视动漫,温网直播在线观看,907,20250701,3660
20250701,影视动漫,情书,907,20250701,3661
20250701,影视动漫,开始推理吧第一季,907,20250701,3662
20250701,影视动漫,大江大河演员表,906,20250701,3663
20250701,影视动漫,听风的蚕最新视频,906,20250701,3664
20250701,影视动漫,航海王,906,20250701,3665
20250701,影视动漫,仙逆在线播放观看视频,906,20250701,3666
20250701,影视动漫,妻子变美的理由,906,20250701,3667
20250701,影视动漫,原罪,906,20250701,3668
20250701,影视动漫,泡剧网,905,20250701,3669
20250701,影视动漫,逆爱台剧双男主电视剧免费观看全集,905,20250701,3670
20250701,影视动漫,隋唐英雄传,905,20250701,3671
20250701,影视动漫,九一免费版网站nba在线观看直播电脑,904,20250701,3672
20250701,影视动漫,夜行法医电视剧免费观看全集,904,20250701,3673
20250701,影视动漫,长津湖在线观看完整版高清电影,904,20250701,3674
20250701,影视动漫,使命电视剧全集免费观看,904,20250701,3675
20250701,影视动漫,惜花芷,903,20250701,3676
20250701,影视动漫,仙逆剧场版,903,20250701,3677
20250701,影视动漫,创世纪,903,20250701,3678
20250701,影视动漫,菲梦少女第二季全集免费播放,903,20250701,3679
20250701,影视动漫,繁华似锦,902,20250701,3680
20250701,影视动漫,大秦帝国之裂变,902,20250701,3681
20250701,影视动漫,电车魔女2,902,20250701,3682
20250701,影视动漫,九部的检察官,902,20250701,3683
20250701,影视动漫,人间道,902,20250701,3684
20250701,影视动漫,大地二资源在线高清免费播放,901,20250701,3685
20250701,影视动漫,爱神巧克力,901,20250701,3686
20250701,影视动漫,以法之名电视剧在线观看免费高清版,900,20250701,3687
20250701,影视动漫,免费观看已满十八岁电视剧两,900,20250701,3688
20250701,影视动漫,少年成为大人的夏天动漫在线观看第三季,900,20250701,3689
20250701,影视动漫,四渡赤水,900,20250701,3690
20250701,影视动漫,甜蜜蜜免费全集在线观看,900,20250701,3691
20250701,影视动漫,雪中悍刀行免费观看完整版,900,20250701,3692
20250701,影视动漫,打蛇,899,20250701,3693
20250701,影视动漫,长安三万里在线看免费高清完整版,899,20250701,3694
20250701,影视动漫,不说话的爱,899,20250701,3695
20250701,影视动漫,许开心电视剧免费观看全集在线播放,899,20250701,3696
20250701,影视动漫,友谊,899,20250701,3697
20250701,影视动漫,麻花影视在线观看电视剧电影大全免费,898,20250701,3698
20250701,影视动漫,借命而生,898,20250701,3699
20250701,影视动漫,f1 狂飙飞车,897,20250701,3700
20250701,影视动漫,苦尽柑来遇见你 电视剧免费观看,897,20250701,3701
20250701,影视动漫,你给我的喜欢,897,20250701,3702
20250701,影视动漫,房奴试爱电视剧开头原声,897,20250701,3703
20250701,影视动漫,同级生,897,20250701,3704
20250701,影视动漫,开始推理吧 第二季,897,20250701,3705
20250701,影视动漫,最食人间烟火电视剧免费观看完整版,897,20250701,3706
20250701,影视动漫,《以法之名》在线观看,897,20250701,3707
20250701,影视动漫,地牢女孩,897,20250701,3708
20250701,影视动漫,封神第二部:战火西岐,896,20250701,3709
20250701,影视动漫,电视剧逆爱2025在线观看全集,896,20250701,3710
20250701,影视动漫,少年白马醉春风电视剧免费观看完整版,896,20250701,3711
20250701,影视动漫,熊出没之重返地球免费观看完整版在线观看高清,896,20250701,3712
20250701,影视动漫,山河月明电视剧免费观看,896,20250701,3713
20250701,影视动漫,六姊妹演员表,895,20250701,3714
20250701,影视动漫,边城,895,20250701,3715
20250701,影视动漫,红姨,895,20250701,3716
20250701,影视动漫,以美之名电视剧在线观看免费版高清,895,20250701,3717
20250701,影视动漫,赶尸艳谭2恐怖电影免费播放中文,895,20250701,3718
20250701,影视动漫,向日葵在线观看免费高清电视剧,894,20250701,3719
20250701,影视动漫,天涯,894,20250701,3720
20250701,影视动漫,护宝寻踪电视剧,893,20250701,3721
20250701,影视动漫,CCTV1,893,20250701,3722
20250701,影视动漫,戏台免费高清在线观看,893,20250701,3723
20250701,影视动漫,四海重明电视剧免费观看完整版,893,20250701,3724
20250701,影视动漫,爱在空气中泰剧在线观看完整版,893,20250701,3725
20250701,影视动漫,e站ehviewer绿色版本下载,893,20250701,3726
20250701,影视动漫,神探狄仁杰第二部,893,20250701,3727
20250701,影视动漫,哪吒之魔童降世,893,20250701,3728
20250701,影视动漫,武松,893,20250701,3729
20250701,影视动漫,喜剧电影,892,20250701,3730
20250701,影视动漫,仙逆动漫在线观看完整观看,892,20250701,3731
20250701,影视动漫,美景之屋韩语,892,20250701,3732
20250701,影视动漫,国色芳华和锦绣芳华是一部剧吗,892,20250701,3733
20250701,影视动漫,驯服小姨韩剧电视剧在线观看免费,891,20250701,3734
20250701,影视动漫,淬火年代在线观看,891,20250701,3735
20250701,影视动漫,借种之灭门惨案电视剧在线观看,891,20250701,3736
20250701,影视动漫,东京复仇者,891,20250701,3737
20250701,影视动漫,动漫在线高清在线完整版免费观看,890,20250701,3738
20250701,影视动漫,快手网页版,890,20250701,3739
20250701,影视动漫,丁香花高清在线完整版,890,20250701,3740
20250701,影视动漫,书梦一卷电视剧在线观看,889,20250701,3741
20250701,影视动漫,锦绣芳华在哪个平台播出,889,20250701,3742
20250701,影视动漫,正阳门下演员表,888,20250701,3743
20250701,影视动漫,女子监狱,888,20250701,3744
20250701,影视动漫,逆爱电视剧2025免费观看全集高清,888,20250701,3745
20250701,影视动漫,山楂树之恋,888,20250701,3746
20250701,影视动漫,逆爱台湾电视剧,888,20250701,3747
20250701,影视动漫,做自己的光,888,20250701,3748
20250701,影视动漫,原神同人动画片子,888,20250701,3749
20250701,影视动漫,偷香,887,20250701,3750
20250701,影视动漫,刘学义的桃花映江山电视剧,887,20250701,3751
20250701,影视动漫,孤注一掷在线高清免费完整观看,886,20250701,3752
20250701,影视动漫,招摇电视剧免费观看全集完整版,886,20250701,3753
20250701,影视动漫,屠夫小姐,886,20250701,3754
20250701,影视动漫,纤纤影视,886,20250701,3755
20250701,影视动漫,巨人族的新娘,885,20250701,3756
20250701,影视动漫,灵与欲电影全集播放免费观看,885,20250701,3757
20250701,影视动漫,免费的短视频app大全下载安装,885,20250701,3758
20250701,影视动漫,江山映桃花电视剧,884,20250701,3759
20250701,影视动漫,逆爱双男主台剧在线观看,884,20250701,3760
20250701,影视动漫,唐人街探案3,884,20250701,3761
20250701,影视动漫,密室大逃脱第五季,884,20250701,3762
20250701,影视动漫,诗颖的视频在线观看,884,20250701,3763
20250701,影视动漫,假面骑士极狐免费观看完整版,884,20250701,3764
20250701,影视动漫,命中注定我爱你,884,20250701,3765
20250701,影视动漫,我的青梅竹马是消防员,883,20250701,3766
20250701,影视动漫,异世界迷宫开后宫,883,20250701,3767
20250701,影视动漫,中国机长,883,20250701,3768
20250701,影视动漫,绝代双骄,883,20250701,3769
20250701,影视动漫,换羽电视剧免费观看完整版,883,20250701,3770
20250701,影视动漫,中文在线字幕免费观看电视剧008.十,883,20250701,3771
20250701,影视动漫,绝密543免费全集,882,20250701,3772
20250701,影视动漫,《老板娘2》完整版,882,20250701,3773
20250701,影视动漫,茶杯狐cupfox 努力让找电影变得简单,882,20250701,3774
20250701,影视动漫,无标题,882,20250701,3775
20250701,影视动漫,魔幻手机,882,20250701,3776
20250701,影视动漫,大江大河3,881,20250701,3777
20250701,影视动漫,亲密一家人,881,20250701,3778
20250701,影视动漫,五哈第五季免费观看完整版最新一期,881,20250701,3779
20250701,影视动漫,法网缉凶2025,881,20250701,3780
20250701,影视动漫,无间道,881,20250701,3781
20250701,影视动漫,捉奸侦探,880,20250701,3782
20250701,影视动漫,失乐园,880,20250701,3783
20250701,影视动漫,梦华录电视剧全集在线观看完整版,880,20250701,3784
20250701,影视动漫,甄嬛传电视剧全集完整版,880,20250701,3785
20250701,影视动漫,鱿鱼游戏在线观看,880,20250701,3786
20250701,影视动漫,瑞克和莫蒂,880,20250701,3787
20250701,影视动漫,少年派2电视剧全集免费观看,880,20250701,3788
20250701,影视动漫,白夜行,879,20250701,3789
20250701,影视动漫,蜜桃成熟时3,879,20250701,3790
20250701,影视动漫,逆爱 电视剧,879,20250701,3791
20250701,影视动漫,旋风少女第一季免费观看在线播放高清,879,20250701,3792
20250701,影视动漫,戏梦巴黎免费完整电视剧在线观看,878,20250701,3793
20250701,影视动漫,逆爱第8集全集免费播放,878,20250701,3794
20250701,影视动漫,宿敌,878,20250701,3795
20250701,影视动漫,异人之下2决战碧游村,878,20250701,3796
20250701,影视动漫,CCTV5体育频道,878,20250701,3797
20250701,影视动漫,突围电视剧全集免费观看完整版,878,20250701,3798
20250701,影视动漫,和黑道大佬在一起的三百六十五天电视剧第三,878,20250701,3799
20250701,影视动漫,哈哈哈,877,20250701,3800
20250701,影视动漫,白色橄榄树,877,20250701,3801
20250701,影视动漫,每日大赛 反差吃瓜爆料合集视频,876,20250701,3802
20250701,影视动漫,十八岁观看完整版免费,876,20250701,3803
20250701,影视动漫,不说话的爱在线高清电视剧免费观看,876,20250701,3804
20250701,影视动漫,欧布奥特曼,876,20250701,3805
20250701,影视动漫,逆罪,876,20250701,3806
20250701,影视动漫,刀剑神域,876,20250701,3807
20250701,影视动漫,淬火年代1-36集免费播放,875,20250701,3808
20250701,影视动漫,中央电视台CCTV5,875,20250701,3809
20250701,影视动漫,唐朝诡事录之西行免费观看全集高清,875,20250701,3810
20250701,影视动漫,我的团长我的团免费完整版在线观看,875,20250701,3811
20250701,影视动漫,逆爱几点更新,875,20250701,3812
20250701,影视动漫,梁山伯与祝英台,874,20250701,3813
20250701,影视动漫,火山口的两人全集免费观看,874,20250701,3814
20250701,影视动漫,流星蝴蝶剑,874,20250701,3815
20250701,影视动漫,锦绣芳华在线观看免费高清版,874,20250701,3816
20250701,影视动漫,难哄电视剧在线观看免费,874,20250701,3817
20250701,影视动漫,直播软件,874,20250701,3818
20250701,影视动漫,是女儿是妈妈第二季综艺免费观看全集,874,20250701,3819
20250701,影视动漫,交换5免费高清完整电视剧情,874,20250701,3820
20250701,影视动漫,哪吒闹海,874,20250701,3821
20250701,影视动漫,强吻的视频,873,20250701,3822
20250701,影视动漫,沙雕动画,873,20250701,3823
20250701,影视动漫,九一视频,872,20250701,3824
20250701,影视动漫,小黄人免费观看电视剧的特色,872,20250701,3825
20250701,影视动漫,无尽的尽头全集在线观看高清,872,20250701,3826
20250701,影视动漫,无上神帝动漫全集免费观看完整版,872,20250701,3827
20250701,影视动漫,大风歌,872,20250701,3828
20250701,影视动漫,高压监狱免费观看完整版在线播放,871,20250701,3829
20250701,影视动漫,不灭的灯电影,871,20250701,3830
20250701,影视动漫,男生女生一起拆拆很痛的轮滑鞋30分钟,871,20250701,3831
20250701,影视动漫,非正式会谈第九季,871,20250701,3832
20250701,影视动漫,唐伯虎点秋香,871,20250701,3833
20250701,影视动漫,哈哈哈哈哈第四季免费观看完整版,871,20250701,3834
20250701,影视动漫,吴梦梦到粉丝家里第二季在线观看新华,871,20250701,3835
20250701,影视动漫,守护甜心,871,20250701,3836
20250701,影视动漫,听说你喜欢我,871,20250701,3837
20250701,影视动漫,大鱼,871,20250701,3838
20250701,影视动漫,匆匆那年,870,20250701,3839
20250701,影视动漫,出路免费观看完整版电影,870,20250701,3840
20250701,影视动漫,挪威的森林视频截了一小段,870,20250701,3841
20250701,影视动漫,藏海传1-40,869,20250701,3842
20250701,影视动漫,我本是高山,869,20250701,3843
20250701,影视动漫,极速恋人2在线观看免费完整版,869,20250701,3844
20250701,影视动漫,书卷一梦在线免费观看,869,20250701,3845
20250701,影视动漫,超级英雄,869,20250701,3846
20250701,影视动漫,一吻定情,869,20250701,3847
20250701,影视动漫,事物的秘密,869,20250701,3848
20250701,影视动漫,电影在线观看完整版免费,869,20250701,3849
20250701,影视动漫,以法之名真正凶手,868,20250701,3850
20250701,影视动漫,人人视频下载,867,20250701,3851
20250701,影视动漫,running man,867,20250701,3852
20250701,影视动漫,樱桃琥珀电视剧全集在线观看免费,867,20250701,3853
20250701,影视动漫,妖神记在线观看全集免费播放,866,20250701,3854
20250701,影视动漫,动物交配视频,866,20250701,3855
20250701,影视动漫,河马剧场免费下载安装,866,20250701,3856
20250701,影视动漫,极速恋人,866,20250701,3857
20250701,影视动漫,66m66模式视频-威九国际官网最新版本测评,866,20250701,3858
20250701,影视动漫,《逆爱》网剧在线观看第七集,865,20250701,3859
20250701,影视动漫,三国演义电视剧86版老版全集高清,865,20250701,3860
20250701,影视动漫,激情吻戏,865,20250701,3861
20250701,影视动漫,三年在线观看免费观看,865,20250701,3862
20250701,影视动漫,泽塔奥特曼,865,20250701,3863
20250701,影视动漫,星空,865,20250701,3864
20250701,影视动漫,保姆的特殊待遇5,865,20250701,3865
20250701,影视动漫,快乐大本营,864,20250701,3866
20250701,影视动漫,平凡的荣耀,864,20250701,3867
20250701,影视动漫,侏罗纪,864,20250701,3868
20250701,影视动漫,《出差的日子》中文版,864,20250701,3869
20250701,影视动漫,韩剧《爱人》免费,864,20250701,3870
20250701,影视动漫,于成龙,864,20250701,3871
20250701,影视动漫,黑暗荣耀第二季全集,864,20250701,3872
20250701,影视动漫,新视觉6080电影免费观看,864,20250701,3873
20250701,影视动漫,信仰电视剧在线观看全集免费,864,20250701,3874
20250701,影视动漫,欧美电影,864,20250701,3875
20250701,影视动漫,外遇儿媳妇高清免费播放电视剧,864,20250701,3876
20250701,影视动漫,电视剧逆爱第8集免费观看,864,20250701,3877
20250701,影视动漫,白月梵星电视剧免费观看完整版,863,20250701,3878
20250701,影视动漫,越南球妹荒野求生全集,863,20250701,3879
20250701,影视动漫,夜勤病栋动漫全集免费观看,863,20250701,3880
20250701,影视动漫,直播吧手机版本,862,20250701,3881
20250701,影视动漫,荷尔蒙2,862,20250701,3882
20250701,影视动漫,美丽小蜜桃3,862,20250701,3883
20250701,影视动漫,美人心计电视剧免费观看完整版,862,20250701,3884
20250701,影视动漫,以法之名许言午是好人吗,862,20250701,3885
20250701,影视动漫,双男主动漫,862,20250701,3886
20250701,影视动漫,8090电影网,862,20250701,3887
20250701,影视动漫,逆爱电视剧全集免费收看,861,20250701,3888
20250701,影视动漫,萌宝出击冷面爹地哪里逃短剧免费观看,861,20250701,3889
20250701,影视动漫,神奇动物在哪里,861,20250701,3890
20250701,影视动漫,大风杀电影在线观看完整版,861,20250701,3891
20250701,影视动漫,仙台有树电视剧免费观看全集,861,20250701,3892
20250701,影视动漫,来自星星的你,861,20250701,3893
20250701,影视动漫,遇见王沥川,860,20250701,3894
20250701,影视动漫,《甜蜜惩罚》第一季完整观看,860,20250701,3895
20250701,影视动漫,cctv8,860,20250701,3896
20250701,影视动漫,中央13台在线直播观看,860,20250701,3897
20250701,影视动漫,免费爱情大片调色视频,860,20250701,3898
20250701,影视动漫,一路发财,860,20250701,3899
20250701,影视动漫,快手官网,860,20250701,3900
20250701,影视动漫,完全堕落被睡走的家人动漫免费观看全集,859,20250701,3901
20250701,影视动漫,破茧,859,20250701,3902
20250701,影视动漫,动物世界,859,20250701,3903
20250701,影视动漫,逆爱更新到第几集了?,858,20250701,3904
20250701,影视动漫,怎么关闭抖音月付支付的功能,858,20250701,3905
20250701,影视动漫,男生女生一起努力生产豆浆,858,20250701,3906
20250701,影视动漫,《逆爱》网剧在线观看免费高清,858,20250701,3907
20250701,影视动漫,飞哥大英雄电视剧全集免费观看,858,20250701,3908
20250701,影视动漫,女子监狱在线观看完整免费,858,20250701,3909
20250701,影视动漫,纵有疾风起,858,20250701,3910
20250701,影视动漫,好好看,857,20250701,3911
20250701,影视动漫,灵笼第二季在线播放免费动漫,857,20250701,3912
20250701,影视动漫,昼颜,857,20250701,3913
20250701,影视动漫,遇见王沥川电视剧免费观看全集,857,20250701,3914
20250701,影视动漫,鸭王1,857,20250701,3915
20250701,影视动漫,18岁免费观看电视剧高清,857,20250701,3916
20250701,影视动漫,《逆爱》第7集在线观看,856,20250701,3917
20250701,影视动漫,555电影netflix官网笔盒,856,20250701,3918
20250701,影视动漫,苏东坡,856,20250701,3919
20250701,影视动漫,免费电视剧,856,20250701,3920
20250701,影视动漫,天浴,856,20250701,3921
20250701,影视动漫,二十四小时在线观看免费更新,856,20250701,3922
20250701,影视动漫,绿野仙踪,855,20250701,3923
20250701,影视动漫,来不及说我爱你免费观看完整版,855,20250701,3924
20250701,影视动漫,日剧《再来一次》高清版,855,20250701,3925
20250701,影视动漫,哑妻,855,20250701,3926
20250701,影视动漫,overflow樱花翻译全集免费,855,20250701,3927
20250701,影视动漫,韩剧《我的健身教练》,855,20250701,3928
20250701,影视动漫,人到中年再上岗短剧免费观看,854,20250701,3929
20250701,影视动漫,超人,854,20250701,3930
20250701,影视动漫,以法之名张译2024年在线观看,854,20250701,3931
20250701,影视动漫,在暴雪时分,854,20250701,3932
20250701,影视动漫,藏海传电视剧在线观看平台,853,20250701,3933
20250701,影视动漫,妻子6免费完整高清电视剧在线看中文,853,20250701,3934
20250701,影视动漫,火狼动漫网,853,20250701,3935
20250701,影视动漫,终极笔记 电视剧免费观看完整版,853,20250701,3936
20250701,影视动漫,唐明皇,853,20250701,3937
20250701,影视动漫,挠美女痒痒,853,20250701,3938
20250701,影视动漫,棍之勇者,853,20250701,3939
20250701,影视动漫,人民的名义在线观看,852,20250701,3940
20250701,影视动漫,抖音月付在哪里还款,852,20250701,3941
20250701,影视动漫,十八岁免费完整版观看高清,851,20250701,3942
20250701,影视动漫,白日梦我电视剧免费观看完整版,851,20250701,3943
20250701,影视动漫,对你不止是喜欢电视剧免费观看,850,20250701,3944
20250701,影视动漫,电视剧锦绣芳华,850,20250701,3945
20250701,影视动漫,干脆杀了他算了2025电影免费播放,850,20250701,3946
20250701,影视动漫,误杀3免费观看完整电影高清,850,20250701,3947
20250701,影视动漫,电视剧逆爱2025,850,20250701,3948
20250701,影视动漫,危机航线电影在线观看免费,850,20250701,3949
20250701,影视动漫,七根心简完整版,850,20250701,3950
20250701,影视动漫,青苹果,849,20250701,3951
20250701,影视动漫,遮天在线完整免费观看,849,20250701,3952
20250701,影视动漫,《兄弟的女朋友》电视剧,849,20250701,3953
20250701,影视动漫,抖音人工客服24小时在线电话,849,20250701,3954
20250701,影视动漫,麻花传剧创mv免费观看,849,20250701,3955
20250701,影视动漫,逆爱2025第八集,849,20250701,3956
20250701,影视动漫,完美世界在线观看免费完整观看遮天,849,20250701,3957
20250701,影视动漫,电影频道节目表,848,20250701,3958
20250701,影视动漫,神秘电影5条免费路线vip,848,20250701,3959
20250701,影视动漫,长安十二时辰电视剧免费观看完整版,848,20250701,3960
20250701,影视动漫,电影《外出2》,848,20250701,3961
20250701,影视动漫,恋恋不忘的我们,848,20250701,3962
20250701,影视动漫,运河风流,848,20250701,3963
20250701,影视动漫,寻梦环游记免费观看在线完整版,848,20250701,3964
20250701,影视动漫,七根心简免费观看,848,20250701,3965
20250701,影视动漫,樱花动漫下载,847,20250701,3966
20250701,影视动漫,坏小子韩国电影在线观看完整版,847,20250701,3967
20250701,影视动漫,新妓生传电视剧全集在线观看,847,20250701,3968
20250701,影视动漫,后浪,847,20250701,3969
20250701,影视动漫,舌吻日本电影免费观看电视剧,847,20250701,3970
20250701,影视动漫,风车动漫在线看,846,20250701,3971
20250701,影视动漫,大战尼姑2高清免费观看,846,20250701,3972
20250701,影视动漫,慕胥辞,846,20250701,3973
20250701,影视动漫,911视频,846,20250701,3974
20250701,影视动漫,百炼成神在线观看全集免费播放动漫,846,20250701,3975
20250701,影视动漫,尸体派对,846,20250701,3976
20250701,影视动漫,有翡电视剧全集在线观看免费播放,845,20250701,3977
20250701,影视动漫,活佛济公,845,20250701,3978
20250701,影视动漫,鱿鱼第2季免费观看高清版全集,844,20250701,3979
20250701,影视动漫,电视剧以法之名在线免费观看,844,20250701,3980
20250701,影视动漫,你所不知道的童话动漫,844,20250701,3981
20250701,影视动漫,警花与警犬,844,20250701,3982
20250701,影视动漫,外出2在线观看免费完整版高清电影,843,20250701,3983
20250701,影视动漫,女士的品格电视剧免费观看,843,20250701,3984
20250701,影视动漫,哈哩哈哩官网_halihali免费观看,843,20250701,3985
20250701,影视动漫,山村老尸,843,20250701,3986
20250701,影视动漫,千朵桃花一世开电视剧免费观看,843,20250701,3987
20250701,影视动漫,花前喜事,842,20250701,3988
20250701,影视动漫,免费看电视剧,842,20250701,3989
20250701,影视动漫,人生开门红演员表介绍,842,20250701,3990
20250701,影视动漫,折腰电视剧,842,20250701,3991
20250701,影视动漫,僧侣之夜在线观看动漫完整版,842,20250701,3992
20250701,影视动漫,陈情令演员表,842,20250701,3993
20250701,影视动漫,曾舜晞演的电视剧有哪些,842,20250701,3994
20250701,影视动漫,子夜归电视剧免费观看全集高清,842,20250701,3995
20250701,影视动漫,基督山伯爵,842,20250701,3996
20250701,影视动漫,五十度黑电影免费完整版在线观看,842,20250701,3997
20250701,影视动漫,挡不住的的疯情,841,20250701,3998
20250701,影视动漫,富春山居图,841,20250701,3999
20250701,影视动漫,借命而生在线观看免费完整版,841,20250701,4000
20250701,影视动漫,鬼片恐怖大电影大全免费观看,841,20250701,4001
20250701,影视动漫,乘风破浪,841,20250701,4002
20250701,影视动漫,玩偶屋免费观看在线高清完整版,841,20250701,4003
20250701,影视动漫,大展宏图舞蹈,840,20250701,4004
20250701,影视动漫,20岁大学生免费观看电视剧,840,20250701,4005
20250701,影视动漫,女老师2,840,20250701,4006
20250701,影视动漫,春晖演员表全部名单,840,20250701,4007
20250701,影视动漫,侏罗纪世界2,840,20250701,4008
20250701,影视动漫,中华,840,20250701,4009
20250701,影视动漫,火蓝刀锋电视剧全集免费观看,840,20250701,4010
20250701,影视动漫,胆大党,840,20250701,4011
20250701,影视动漫,魔物娘的同居日常,839,20250701,4012
20250701,影视动漫,唐人街探案1900,839,20250701,4013
20250701,影视动漫,公爵千金的家庭教师,839,20250701,4014
20250701,影视动漫,美国电影《贪欢》,839,20250701,4015
20250701,影视动漫,女大学生沙龙,839,20250701,4016
20250701,影视动漫,美国大片,839,20250701,4017
20250701,影视动漫,神国之上动漫免费观看,839,20250701,4018
20250701,影视动漫,猎毒人,838,20250701,4019
20250701,影视动漫,红色,838,20250701,4020
20250701,影视动漫,梦中情人泰剧在线观看免费,838,20250701,4021
20250701,影视动漫,加勒比海盗女海盗,837,20250701,4022
20250701,影视动漫,夫妇联欢晚会回不去的夜晚,837,20250701,4023
20250701,影视动漫,士兵突击电视剧全集免费观看,837,20250701,4024
20250701,影视动漫,亲吻视频,837,20250701,4025
20250701,影视动漫,张三丰,837,20250701,4026
20250701,影视动漫,南城宴电视剧在线完整版免费观看,837,20250701,4027
20250701,影视动漫,以法之名乔振兴,837,20250701,4028
20250701,影视动漫,凤凰台上什么时候播出,837,20250701,4029
20250701,影视动漫,无名之辈2免费观看完整版国语版电视剧,837,20250701,4030
20250701,影视动漫,白色城堡,837,20250701,4031
20250701,影视动漫,情不自禁,836,20250701,4032
20250701,影视动漫,jojo的奇妙冒险第一季,836,20250701,4033
20250701,影视动漫,妻子的姐姐免费观看大全电视剧,836,20250701,4034
20250701,影视动漫,双男主真人素材视频外网直接看,836,20250701,4035
20250701,影视动漫,tvb云播,836,20250701,4036
20250701,影视动漫,我的后半生演员表,836,20250701,4037
20250701,影视动漫,毒舌电影,836,20250701,4038
20250701,影视动漫,美女和帅哥一起亲亲抱抱谈恋爱的电视,836,20250701,4039
20250701,影视动漫,夜行法医,836,20250701,4040
20250701,影视动漫,XL司令第一季动漫免费播放,835,20250701,4041
20250701,影视动漫,美国队长4在线观看免费完整版高清,835,20250701,4042
20250701,影视动漫,与凤行,835,20250701,4043
20250701,影视动漫,致命弯道3,835,20250701,4044
20250701,影视动漫,蜡笔小新的图片,835,20250701,4045
20250701,影视动漫,仙逆动漫95集完整版,834,20250701,4046
20250701,影视动漫,cctv5今天节目表,834,20250701,4047
20250701,影视动漫,绝密较量电视剧免费观看全集完整版高清,834,20250701,4048
20250701,影视动漫,成全世界高清免费观看,834,20250701,4049
20250701,影视动漫,挣扎吧 亚当君 在线观看,834,20250701,4050
20250701,影视动漫,挪威的森林截了一段3分钟,833,20250701,4051
20250701,影视动漫,同志亦凡人,833,20250701,4052
20250701,影视动漫,你的名字在线观看完整版免费高清,833,20250701,4053
20250701,影视动漫,将界2第3集截了一段视频51秒,833,20250701,4054
20250701,影视动漫,兄弟的老婆4免费观看电视剧,833,20250701,4055
20250701,影视动漫,斩神之凡尘神域免费观看,833,20250701,4056
20250701,影视动漫,木乃伊,833,20250701,4057
20250701,影视动漫,我的前半生2第二部在线观看,833,20250701,4058
20250701,影视动漫,锦绣芳华多少集,833,20250701,4059
20250701,影视动漫,鬼灭之刃无限城篇,832,20250701,4060
20250701,影视动漫,悬崖电视剧,832,20250701,4061
20250701,影视动漫,铁齿铜牙纪晓岚,832,20250701,4062
20250701,影视动漫,噼里啪啦免费观看高清完整版,832,20250701,4063
20250701,影视动漫,蛮好的人生电视剧,832,20250701,4064
20250701,影视动漫,觉醒年代全集完整版免费观看,831,20250701,4065
20250701,影视动漫,任嘉伦电视剧大全,831,20250701,4066
20250701,影视动漫,古装剧,831,20250701,4067
20250701,影视动漫,大战尼姑2高清免费观看中文,831,20250701,4068
20250701,影视动漫,牧神记在线观看,831,20250701,4069
20250701,影视动漫,我理想的异世界生活,831,20250701,4070
20250701,影视动漫,逆爱柴鸡蛋电视剧免费观看全集,831,20250701,4071
20250701,影视动漫,异形舞台,831,20250701,4072
20250701,影视动漫,相思令电视剧在线观看免费版,831,20250701,4073
20250701,影视动漫,漂亮的李慧珍电视剧免费观看,831,20250701,4074
20250701,影视动漫,鸣龙少年,831,20250701,4075
20250701,影视动漫,书卷一梦电视剧免费观看全集高清,830,20250701,4076
20250701,影视动漫,消防员是青梅竹马未增减版,830,20250701,4077
20250701,影视动漫,少女之心,830,20250701,4078
20250701,影视动漫,布拉夫夫人,830,20250701,4079
20250701,影视动漫,黑寡妇,830,20250701,4080
20250701,影视动漫,挪威的森林视频截了一段,829,20250701,4081
20250701,影视动漫,快手极速版免费下载官方正版,829,20250701,4082
20250701,影视动漫,我可能遇到了救星免费观看完整版,829,20250701,4083
20250701,影视动漫,以法之名电视剧免费播放,829,20250701,4084
20250701,影视动漫,林海雪原,829,20250701,4085
20250701,影视动漫,斗破苍穹年番观看免费高清,829,20250701,4086
20250701,影视动漫,魑魅魍魉,829,20250701,4087
20250701,影视动漫,好看的动漫,829,20250701,4088
20250701,影视动漫,看见恶魔,828,20250701,4089
20250701,影视动漫,五十度灰在线观看,828,20250701,4090
20250701,影视动漫,妖精的尾巴,828,20250701,4091
20250701,影视动漫,官人我要,828,20250701,4092
20250701,影视动漫,巡回检察组,828,20250701,4093
20250701,影视动漫,满清十大酷刑在线观看免费版电视剧,827,20250701,4094
20250701,影视动漫,温柔的诱惑,827,20250701,4095
20250701,影视动漫,上阳赋 电视剧全集免费观看,827,20250701,4096
20250701,影视动漫,97视频在线观看免费高清完整版在线观看明星大侦探9,827,20250701,4097
20250701,影视动漫,好看的电视剧,827,20250701,4098
20250701,影视动漫,欢乐颂1,827,20250701,4099
20250701,影视动漫,荐片app官方网站下载,826,20250701,4100
20250701,影视动漫,吻戏刺激,826,20250701,4101
20250701,影视动漫,freeok免费追剧,826,20250701,4102
20250701,影视动漫,丧尸电影,826,20250701,4103
20250701,影视动漫,隋唐演义,826,20250701,4104
20250701,影视动漫,半熟男女电视剧全集在线观看免费,826,20250701,4105
20250701,影视动漫,韩剧电影,825,20250701,4106
20250701,影视动漫,念念相忘,825,20250701,4107
20250701,影视动漫,以法的名义电视剧免费观看,825,20250701,4108
20250701,影视动漫,吞噬星空179,824,20250701,4109
20250701,影视动漫,囧次元app正版下载,824,20250701,4110
20250701,影视动漫,叛逆者,824,20250701,4111
20250701,影视动漫,好先生,824,20250701,4112
20250701,影视动漫,国色芳华电视剧免费观看全集完整版,824,20250701,4113
20250701,影视动漫,熊出没之探险日记,824,20250701,4114
20250701,影视动漫,藏海传面具人是谁,823,20250701,4115
20250701,影视动漫,逆爱台剧全集免费观看,823,20250701,4116
20250701,影视动漫,以法之名大结局,823,20250701,4117
20250701,影视动漫,租借女友,823,20250701,4118
20250701,影视动漫,红桃mv视频,823,20250701,4119
20250701,影视动漫,按摩电影,823,20250701,4120
20250701,影视动漫,县委大院电视剧全集免费观看,823,20250701,4121
20250701,影视动漫,不当交易,822,20250701,4122
20250701,影视动漫,沧元图在线观看,822,20250701,4123
20250701,影视动漫,向日葵视频,822,20250701,4124
20250701,影视动漫,猎罪图鉴1,822,20250701,4125
20250701,影视动漫,诱惑,822,20250701,4126
20250701,影视动漫,赌神,822,20250701,4127
20250701,影视动漫,蜀锦人家电视剧免费观看,822,20250701,4128
20250701,影视动漫,疯狂的外星人,822,20250701,4129
20250701,影视动漫,先锋影音,821,20250701,4130
20250701,影视动漫,书卷一梦2025电视剧免费观看,821,20250701,4131
20250701,影视动漫,女教师免费完整电视剧在线观看,821,20250701,4132
20250701,影视动漫,五十度黑,821,20250701,4133
20250701,影视动漫,儿童动画片大全3-6岁,821,20250701,4134
20250701,影视动漫,南城宴电视剧免费观看在线,821,20250701,4135
20250701,影视动漫,以法之名 结局,821,20250701,4136
20250701,影视动漫,缘之空最炸裂的哪一集,821,20250701,4137
20250701,影视动漫,运河风流电视剧全集免费观看,821,20250701,4138
20250701,影视动漫,我的世界你好演员表,820,20250701,4139
20250701,影视动漫,咒术回战第一季在线观看免费观看,820,20250701,4140
20250701,影视动漫,大师兄影视app最新安卓下载,820,20250701,4141
20250701,影视动漫,热辣滚烫,820,20250701,4142
20250701,影视动漫,逆爱1-24集完整版免费播放,820,20250701,4143
20250701,影视动漫,电影港,820,20250701,4144
20250701,影视动漫,快乐到死在线电影完整视频播放,820,20250701,4145
20250701,影视动漫,我的人间烟火,819,20250701,4146
20250701,影视动漫,樱桃小丸子,819,20250701,4147
20250701,影视动漫,青青子衿免费观看完整版高清,819,20250701,4148
20250701,影视动漫,大头儿子小头爸爸,819,20250701,4149
20250701,影视动漫,魔鬼天使,818,20250701,4150
20250701,影视动漫,抖币充值入口官网,818,20250701,4151
20250701,影视动漫,美丽小蜜桃2:美丽人生,817,20250701,4152
20250701,影视动漫,弱杀,817,20250701,4153
20250701,影视动漫,《逆爱》第八集,817,20250701,4154
20250701,影视动漫,人生之路演员表,817,20250701,4155
20250701,影视动漫,棋魂电视剧在线观看免费版全集,817,20250701,4156
20250701,影视动漫,许我耀眼电视剧全集免费观看,817,20250701,4157
20250701,影视动漫,情深深雨濛濛,816,20250701,4158
20250701,影视动漫,影,816,20250701,4159
20250701,影视动漫,初恋那件小事电视剧全集免费观看,816,20250701,4160
20250701,影视动漫,国产电影在线观看免费全集电视剧,815,20250701,4161
20250701,影视动漫,动漫推荐让人脸红心跳,815,20250701,4162
20250701,影视动漫,斗罗大陆在线高清免费观看,815,20250701,4163
20250701,影视动漫,逆爱2025第7集,815,20250701,4164
20250701,影视动漫,逆爱在线看,815,20250701,4165
20250701,影视动漫,火红年华全部演员表,815,20250701,4166
20250701,影视动漫,你比我丈夫厉害中文版,815,20250701,4167
20250701,影视动漫,七巧板,814,20250701,4168
20250701,影视动漫,新剧2025热播电视剧在线观看,814,20250701,4169
20250701,影视动漫,呱呱视频,814,20250701,4170
20250701,影视动漫,哈尔的移动城堡,814,20250701,4171
20250701,影视动漫,平型关大捷,814,20250701,4172
20250701,影视动漫,逆爱台剧在线观看,814,20250701,4173
20250701,影视动漫,闪耀的她,813,20250701,4174
20250701,影视动漫,电视剧书卷一梦,813,20250701,4175
20250701,影视动漫,天宝电影简介,813,20250701,4176
20250701,影视动漫,逆爱7集完整版免费播放,813,20250701,4177
20250701,影视动漫,樱花影视,813,20250701,4178
20250701,影视动漫,极乐宝鉴,813,20250701,4179
20250701,影视动漫,《夫妻快乐宝典》完整版,813,20250701,4180
20250701,影视动漫,你好星期六2025最新一期免费观看,813,20250701,4181
20250701,影视动漫,家常菜电视连续剧免费观看,813,20250701,4182
20250701,影视动漫,无名之辈否极泰来,813,20250701,4183
20250701,影视动漫,赵露思演过的电视剧,812,20250701,4184
20250701,影视动漫,蛇蝎美人无删减全集免费观看完整版,812,20250701,4185
20250701,影视动漫,爱丽丝与恶魔牢狱,812,20250701,4186
20250701,影视动漫,无耻之徒第六季,812,20250701,4187
20250701,影视动漫,光棍电影手机2024年最新款,811,20250701,4188
20250701,影视动漫,卿卿日常,811,20250701,4189
20250701,影视动漫,2025最新电影,810,20250701,4190
20250701,影视动漫,完美的救赎电视剧免费观看完整版,810,20250701,4191
20250701,影视动漫,逆爱在线观看免费,809,20250701,4192
20250701,影视动漫,欧豪最新电视剧,809,20250701,4193
20250701,影视动漫,橘祥如意电视剧在线观看,809,20250701,4194
20250701,影视动漫,哈尔滨1944在线全集免费观看,809,20250701,4195
20250701,影视动漫,爱于燃尽新生免费观看全集,809,20250701,4196
20250701,影视动漫,桃花映江山全集在线观看,809,20250701,4197
20250701,影视动漫,斗鱼直播平台,809,20250701,4198
20250701,影视动漫,肖战藏海传,808,20250701,4199
20250701,影视动漫,姐妹5,808,20250701,4200
20250701,影视动漫,不良人第七季在线观看免费,808,20250701,4201
20250701,影视动漫,庆余年3第三季在线观看免费完整版,808,20250701,4202
20250701,影视动漫,飞驰人生2,808,20250701,4203
20250701,影视动漫,攻略冷少主,808,20250701,4204
20250701,影视动漫,无尽的尽头电视剧完整版在线观看,808,20250701,4205
20250701,影视动漫,萌鸡小队,808,20250701,4206
20250701,影视动漫,新上海滩,807,20250701,4207
20250701,影视动漫,甜蜜家园,807,20250701,4208
20250701,影视动漫,归途如虹,807,20250701,4209
20250701,影视动漫,TikTok,807,20250701,4210
20250701,影视动漫,福尔摩斯,807,20250701,4211
20250701,影视动漫,八段锦完整视频,807,20250701,4212
20250701,影视动漫,吸血鬼医生mignon动漫免费观看12集,807,20250701,4213
20250701,影视动漫,狮城山海一共多少集,806,20250701,4214
20250701,影视动漫,一念永恒在线观看全集免费播放第三季,806,20250701,4215
20250701,影视动漫,穆桂英挂帅,806,20250701,4216
20250701,影视动漫,满宫春2全集免费播放西瓜,806,20250701,4217
20250701,影视动漫,白月梵星 电视剧,806,20250701,4218
20250701,影视动漫,甘雨被盗宝团挤扔,805,20250701,4219
20250701,影视动漫,我不是药神,805,20250701,4220
20250701,影视动漫,海洋视频,805,20250701,4221
20250701,影视动漫,一路朝阳电视剧免费观看,805,20250701,4222
20250701,影视动漫,微暗之火电视剧免费观看,805,20250701,4223
20250701,影视动漫,大江大河2,804,20250701,4224
20250701,影视动漫,哪吒之魔童闹海免费观看完整版,804,20250701,4225
20250701,影视动漫,花火,804,20250701,4226
20250701,影视动漫,逆爱2025免费观看,803,20250701,4227
20250701,影视动漫,看b站二十四小时直播间,803,20250701,4228
20250701,影视动漫,环太平洋1在线观看高清完整版免费,803,20250701,4229
20250701,影视动漫,食物链电影,803,20250701,4230
20250701,影视动漫,在线电影免费高清观看大全,802,20250701,4231
20250701,影视动漫,明眸电视剧短剧免费观看,802,20250701,4232
20250701,影视动漫,九首歌,802,20250701,4233
20250701,影视动漫,太阳的后裔,802,20250701,4234
20250701,影视动漫,《高压监狱》免费完整版在线观看,801,20250701,4235
20250701,影视动漫,菲梦少女第二季,801,20250701,4236
20250701,影视动漫,三号动漫,801,20250701,4237
20250701,影视动漫,电视直播,801,20250701,4238
20250701,影视动漫,好看的电影推荐,801,20250701,4239
20250701,影视动漫,以法之名分集剧情介绍,801,20250701,4240
20250701,影视动漫,圆桌动漫,800,20250701,4241
20250701,影视动漫,加菲猫,800,20250701,4242
20250701,影视动漫,忍者神龟,800,20250701,4243
20250701,影视动漫,独家童话全集免费观看高清完整版,800,20250701,4244
20250701,影视动漫,难哄电视剧在线观看完整版免费,800,20250701,4245
20250701,影视动漫,孩子们的秘密,799,20250701,4246
20250701,影视动漫,南来北往演员表,799,20250701,4247
20250701,影视动漫,他是谁,799,20250701,4248
20250701,影视动漫,西游记后传,799,20250701,4249
20250701,影视动漫,瑞克和莫蒂第8季,799,20250701,4250
20250701,影视动漫,以法之名演员表全部演员介绍,799,20250701,4251
20250701,影视动漫,人鱼小姐国语版免费观看全集,799,20250701,4252
20250701,影视动漫,断背山,798,20250701,4253
20250701,影视动漫,乞爱之人电影免费播放在线观看,798,20250701,4254
20250701,影视动漫,以法之名的演员,798,20250701,4255
20250701,影视动漫,书卷一梦在线,798,20250701,4256
20250701,影视动漫,免费看剧,798,20250701,4257
20250701,影视动漫,春夜影院免费观看电视剧高清全集,798,20250701,4258
20250701,影视动漫,巴啦啦小魔仙之曜星守护者2,798,20250701,4259
20250701,影视动漫,小巷人家电视剧,798,20250701,4260
20250701,影视动漫,锦绣芳华全集免费播放,797,20250701,4261
20250701,影视动漫,女特警在线观看电视剧完整版免费,797,20250701,4262
20250701,影视动漫,假面骑士时王,797,20250701,4263
20250701,影视动漫,樱花动漫在线观看动漫免费完整版,797,20250701,4264
20250701,影视动漫,爷们儿电视剧完整版免费观看高清,797,20250701,4265
20250701,影视动漫,会长是女仆大人完整版免费观看,797,20250701,4266
20250701,影视动漫,李丽珍演过三年级的电影免费观看全集,797,20250701,4267
20250701,影视动漫,罗曼蒂克消亡史电影在线观看完整版,797,20250701,4268
20250701,影视动漫,好莱坞,796,20250701,4269
20250701,影视动漫,CCTV5今天节目单今天没有nba,796,20250701,4270
20250701,影视动漫,黄石第一季,796,20250701,4271
20250701,影视动漫,纯洁的轮舞曲樱花动漫,796,20250701,4272
20250701,影视动漫,爱上特种兵,796,20250701,4273
20250701,影视动漫,mifun,795,20250701,4274
20250701,影视动漫,好东西电影免费观看完整版高清,795,20250701,4275
20250701,影视动漫,九重紫演员表,795,20250701,4276
20250701,影视动漫,假面骑士极狐,795,20250701,4277
20250701,影视动漫,花前喜事短剧免费观看全集在线播放,795,20250701,4278
20250701,影视动漫,e站怎么下载,795,20250701,4279
20250701,影视动漫,已满十八岁在线观看免费高清完整版电视剧,795,20250701,4280
20250701,影视动漫,善意的竞争免费观看完整版,794,20250701,4281
20250701,影视动漫,异人之下1,794,20250701,4282
20250701,影视动漫,好看视频,793,20250701,4283
20250701,影视动漫,CCTV8以法之名免费,793,20250701,4284
20250701,影视动漫,巨齿鲨,793,20250701,4285
20250701,影视动漫,藏海,793,20250701,4286
20250701,影视动漫,酷客影视,792,20250701,4287
20250701,影视动漫,死神来了6在线观看免费完整版,792,20250701,4288
20250701,影视动漫,一念永恒第三季免费观看完整版,792,20250701,4289
20250701,影视动漫,人渣的本愿免费观看,792,20250701,4290
20250701,影视动漫,女人是男人的未来,791,20250701,4291
20250701,影视动漫,成全视频,791,20250701,4292
20250701,影视动漫,延禧攻略电视剧全集免费完整版,791,20250701,4293
20250701,影视动漫,柏林漂流在线观看完整高清,791,20250701,4294
20250701,影视动漫,仙台有树电视剧在线观看全集,791,20250701,4295
20250701,影视动漫,gogogo,791,20250701,4296
20250701,影视动漫,无颜之月免费观看完整版在线全集武神主宰,790,20250701,4297
20250701,影视动漫,731电影什么时候上线,790,20250701,4298
20250701,影视动漫,棍之勇者动漫在线观看免费高清,790,20250701,4299
20250701,影视动漫,斗破苍穹年番在线观看免费版,790,20250701,4300
20250701,影视动漫,红色电视剧在线观看完整版免费,790,20250701,4301
20250701,影视动漫,六姐妹电视剧免费完整版在线观看,790,20250701,4302
20250701,影视动漫,裙子里面的怪兽,790,20250701,4303
20250701,影视动漫,八戒视频,790,20250701,4304
20250701,影视动漫,典籍里的中国,790,20250701,4305
20250701,影视动漫,杨紫李现《锦绣芳华》在线观看,789,20250701,4306
20250701,影视动漫,樱花动漫在线看动画片,789,20250701,4307
20250701,影视动漫,少年白马醉春风,788,20250701,4308
20250701,影视动漫,边狱巴士wiki百科,788,20250701,4309
20250701,影视动漫,纯真时代,788,20250701,4310
20250701,影视动漫,天美传奇星空mv高清免费播放,787,20250701,4311
20250701,影视动漫,枫与铃铛第一季第集在线观看樱花动漫,787,20250701,4312
20250701,影视动漫,一起看手机版app,787,20250701,4313
20250701,影视动漫,爸爸去哪儿第一季,787,20250701,4314
20250701,影视动漫,蓝天视频,787,20250701,4315
20250701,影视动漫,长空之王演员表,787,20250701,4316
20250701,影视动漫,红色电影,787,20250701,4317
20250701,影视动漫,以法之名更新,787,20250701,4318
20250701,影视动漫,以法之名谁是幕后保护伞,786,20250701,4319
20250701,影视动漫,棍之勇者的重启人生免费观看完整版,786,20250701,4320
20250701,影视动漫,杨思敏1—5集无删减国语电视剧,786,20250701,4321
20250701,影视动漫,帝女花,786,20250701,4322
20250701,影视动漫,六姊妹剧情介绍,786,20250701,4323
20250701,影视动漫,风车动漫在线观看,786,20250701,4324
20250701,影视动漫,捷克街头系列完整版免费观看,786,20250701,4325
20250701,影视动漫,建国大业,785,20250701,4326
20250701,影视动漫,梦中的那片海电视剧免费观看,785,20250701,4327
20250701,影视动漫,胭脂,785,20250701,4328
20250701,影视动漫,看片软件,785,20250701,4329
20250701,影视动漫,雪豹坚强岁月,785,20250701,4330
20250701,影视动漫,双男主动漫 推荐大幅度,785,20250701,4331
20250701,影视动漫,哔哩哔哩免费安装app,785,20250701,4332
20250701,影视动漫,偶像女友堕落季免费观看全集,784,20250701,4333
20250701,影视动漫,余罪第一季,784,20250701,4334
20250701,影视动漫,头七怪谈,784,20250701,4335
20250701,影视动漫,情满雪阳花电视剧全集免费观看,784,20250701,4336
20250701,影视动漫,致命弯道6,784,20250701,4337
20250701,影视动漫,深情触摸,784,20250701,4338
20250701,影视动漫,死亡笔记动漫免费高清在线观看,783,20250701,4339
20250701,影视动漫,银魂动漫在线观看免费高清观看,783,20250701,4340
20250701,影视动漫,名侦探柯南独眼,783,20250701,4341
20250701,影视动漫,欢迎光临,783,20250701,4342
20250701,影视动漫,双男主电视剧推荐,782,20250701,4343
20250701,影视动漫,长安的荔枝1-40集全免费剧情介绍爱奇,782,20250701,4344
20250701,影视动漫,选个纨绔当爹养成皇上就好了短剧,782,20250701,4345
20250701,影视动漫,指环王,782,20250701,4346
20250701,影视动漫,哈哈哈哈哈第5季,782,20250701,4347
20250701,影视动漫,电视剧淬火年代,782,20250701,4348
20250701,影视动漫,奥本海默,781,20250701,4349
20250701,影视动漫,神国之上动漫在线观看免费高清,781,20250701,4350
20250701,影视动漫,狮城山海演员表全部,781,20250701,4351
20250701,影视动漫,今夜无人入睡电影高清在线观看,781,20250701,4352
20250701,影视动漫,燃冬,781,20250701,4353
20250701,影视动漫,穿过荆棘拥抱你,780,20250701,4354
20250701,影视动漫,怪奇物语第一季在线观看完整版,780,20250701,4355
20250701,影视动漫,大地视频,780,20250701,4356
20250701,影视动漫,2025电视剧排行榜最新热播剧,780,20250701,4357
20250701,影视动漫,嘶哩嘶哩,780,20250701,4358
20250701,影视动漫,逆爱第8集在线观看免费,780,20250701,4359
20250701,影视动漫,连城诀,779,20250701,4360
20250701,影视动漫,暖,779,20250701,4361
20250701,影视动漫,大梦敦煌,779,20250701,4362
20250701,影视动漫,死寂,779,20250701,4363
20250701,影视动漫,犯罪心理,779,20250701,4364
20250701,影视动漫,天下第一,779,20250701,4365
20250701,影视动漫,棍勇,779,20250701,4366
20250701,影视动漫,勿忘我,778,20250701,4367
20250701,影视动漫,逆爱2025第8集,778,20250701,4368
20250701,影视动漫,请回答1988在线完整版免费观看,778,20250701,4369
20250701,影视动漫,凪的新生活,778,20250701,4370
20250701,影视动漫,薄冰电视剧在线观看免费完整版,777,20250701,4371
20250701,影视动漫,年轻的女保险销售员2,777,20250701,4372
20250701,影视动漫,《老公原谅我》完整版,777,20250701,4373
20250701,影视动漫,让笨蛋妹妹变聪明的办法动漫免费观看带翻译,777,20250701,4374
20250701,影视动漫,问心,776,20250701,4375
20250701,影视动漫,僧侣之夜动漫高清版在线观看免费,776,20250701,4376
20250701,影视动漫,田螺姑娘,776,20250701,4377
20250701,影视动漫,西厢记,776,20250701,4378
20250701,影视动漫,热带雨,776,20250701,4379
20250701,影视动漫,网站免费看高清直播,776,20250701,4380
20250701,影视动漫,逆爱在线播放完整版,776,20250701,4381
20250701,影视动漫,噼里啪啦电影在线观看免费高清,776,20250701,4382
20250701,影视动漫,夏日口袋,776,20250701,4383
20250701,影视动漫,程序员那么可爱电视剧免费观看,776,20250701,4384
20250701,影视动漫,信徒电影完整版在线观看免费高清,776,20250701,4385
20250701,影视动漫,床戏替身,775,20250701,4386
20250701,影视动漫,央视八套节目表,775,20250701,4387
20250701,影视动漫,百变小樱,775,20250701,4388
20250701,影视动漫,开端在线观看全集免费播放,775,20250701,4389
20250701,影视动漫,挡不住的风情国语版电视剧免费观看高清,775,20250701,4390
20250701,影视动漫,罗生门,775,20250701,4391
20250701,影视动漫,花容月貌,775,20250701,4392
20250701,影视动漫,乘风破浪2025在线观看免费完整版,774,20250701,4393
20250701,影视动漫,请以你的名字呼唤我,774,20250701,4394
20250701,影视动漫,五哈是哪个台的综艺节目,774,20250701,4395
20250701,影视动漫,东野圭吾信,774,20250701,4396
20250701,影视动漫,bilbil,774,20250701,4397
20250701,影视动漫,苍茫的天涯是我的爱免费观看高清,774,20250701,4398
20250701,影视动漫,电视剧潜渊免费观看全集高清,774,20250701,4399
20250701,影视动漫,斗破苍穹年番观看免费完整观看,774,20250701,4400
20250701,影视动漫,牛牛视频,774,20250701,4401
20250701,影视动漫,娃娃脸3完整版,773,20250701,4402
20250701,影视动漫,双程2,773,20250701,4403
20250701,影视动漫,《女仆教育》动漫第一季免费观看,773,20250701,4404
20250701,影视动漫,黄石,773,20250701,4405
20250701,影视动漫,神马电影网,773,20250701,4406
20250701,影视动漫,西部世界第一季完整版免费观看,773,20250701,4407
20250701,影视动漫,范冰冰苹果,772,20250701,4408
20250701,影视动漫,安娜,772,20250701,4409
20250701,影视动漫,一吻定情2,772,20250701,4410
20250701,影视动漫,沂蒙六姐妹,772,20250701,4411
20250701,影视动漫,6080新视觉电影理论电视剧在线观看,772,20250701,4412
20250701,影视动漫,韩国电影在线,772,20250701,4413
20250701,影视动漫,金梅瓶电视剧全集电视剧免费播放,772,20250701,4414
20250701,影视动漫,鬼吹灯十二部顺序观看,771,20250701,4415
20250701,影视动漫,烟火视频软件,771,20250701,4416
20250701,影视动漫,都铎王朝,771,20250701,4417
20250701,影视动漫,魔物出现了,770,20250701,4418
20250701,影视动漫,我有一个朋友,770,20250701,4419
20250701,影视动漫,金太郎的幸福生活,770,20250701,4420
20250701,影视动漫,爱上特种兵电视剧免费观看完整版,770,20250701,4421
20250701,影视动漫,种地吧第三季,770,20250701,4422
20250701,影视动漫,逆爱免费观看全集完整版2025,770,20250701,4423
20250701,影视动漫,7,769,20250701,4424
20250701,影视动漫,会计刺客2电影高清完整版在线观看,769,20250701,4425
20250701,影视动漫,刺客伍六七第6季免费观看完整版软件下载,769,20250701,4426
20250701,影视动漫,凡人修仙传在线观看免费,769,20250701,4427
20250701,影视动漫,尘埃落定,769,20250701,4428
20250701,影视动漫,高考相关的电影,769,20250701,4429
20250701,影视动漫,麻花星空影视在线看电视免费版,768,20250701,4430
20250701,影视动漫,流浪地球,768,20250701,4431
20250701,影视动漫,灯草花尚灯完整资源,768,20250701,4432
20250701,影视动漫,九歌电影高清版免费观看在线,768,20250701,4433
20250701,影视动漫,七月与安生,767,20250701,4434
20250701,影视动漫,七夜雪电视剧免费观看完整版,767,20250701,4435
20250701,影视动漫,听不到的爱免费全集,767,20250701,4436
20250701,影视动漫,丽塔免费观看完整版电视剧,767,20250701,4437
20250701,影视动漫,柴鸡蛋电视剧,767,20250701,4438
20250701,影视动漫,法医秦明之读心者,767,20250701,4439
20250701,影视动漫,画皮,767,20250701,4440
20250701,影视动漫,魔童哪吒2魔童闹海在线观看高清完整版免费,767,20250701,4441
20250701,影视动漫,果宝特攻,766,20250701,4442
20250701,影视动漫,打黑在线电影免费观看,766,20250701,4443
20250701,影视动漫,人世间的演员表全部,766,20250701,4444
20250701,影视动漫,黑猫,766,20250701,4445
20250701,影视动漫,十八岁太奶驾到,766,20250701,4446
20250701,影视动漫,你的婚礼免费观看完整版,766,20250701,4447
20250701,影视动漫,灯草花尚,766,20250701,4448
20250701,影视动漫,箭在弦上,765,20250701,4449
20250701,影视动漫,不扣钮的女孩,765,20250701,4450
20250701,影视动漫,影视大全电视剧免费版全免费观看,765,20250701,4451
20250701,影视动漫,天空之城,765,20250701,4452
20250701,影视动漫,异人之下2,765,20250701,4453
20250701,影视动漫,央视直播在线直播观看,764,20250701,4454
20250701,影视动漫,星辰变第6季在线播放免费观看,764,20250701,4455
20250701,影视动漫,大国崛起,764,20250701,4456
20250701,影视动漫,欲望电影,764,20250701,4457
20250701,影视动漫,我叫赵甲第,764,20250701,4458
20250701,影视动漫,完美的救赎在线观看免费播放,764,20250701,4459
20250701,影视动漫,烈火军校,763,20250701,4460
20250701,影视动漫,免费追剧,763,20250701,4461
20250701,影视动漫,两个人的小森林电视剧免费观看,763,20250701,4462
20250701,影视动漫,老友记第一季在线观看免费完整版,763,20250701,4463
20250701,影视动漫,誓盟电视剧演员表全部,762,20250701,4464
20250701,影视动漫,无能的丈夫在线全集免费观看,762,20250701,4465
20250701,影视动漫,飘雪影院在线观看免费版高清动漫,762,20250701,4466
20250701,影视动漫,变形金刚7免费完整版在线观看,762,20250701,4467
20250701,影视动漫,大内密探零零姓在线观看粤语,762,20250701,4468
20250701,影视动漫,月光变奏曲,762,20250701,4469
20250701,影视动漫,王牌部队,762,20250701,4470
20250701,影视动漫,冰菓,762,20250701,4471
20250701,影视动漫,甜蜜蜜,762,20250701,4472
20250701,影视动漫,包青天电视剧93版全集免费观看,761,20250701,4473
20250701,影视动漫,逆爱在线观看完整版2025,761,20250701,4474
20250701,影视动漫,去有风的地方电视剧免费观看完整版超清,761,20250701,4475
20250701,影视动漫,长安的荔枝电视剧1-40,761,20250701,4476
20250701,影视动漫,保护特雷斯,761,20250701,4477
20250701,影视动漫,1—42全集免费,760,20250701,4478
20250701,影视动漫,封神2,760,20250701,4479
20250701,影视动漫,锦绣芳华2什么时候上映,760,20250701,4480
20250701,影视动漫,药屋里的呢喃第二季在线观看免费,760,20250701,4481
20250701,影视动漫,小丑回魂,760,20250701,4482
20250701,影视动漫,美味快递员特殊待遇2,760,20250701,4483
20250701,影视动漫,纯情罗曼史,759,20250701,4484
20250701,影视动漫,猎金游戏电影完整版高清在线观看,759,20250701,4485
20250701,影视动漫,男人和女人在一起努力生孩子视频大全动漫,759,20250701,4486
20250701,影视动漫,蛟龙行动,759,20250701,4487
20250701,影视动漫,网球王子,759,20250701,4488
20250701,影视动漫,色戒电影在线观看免费全集中文字幕,759,20250701,4489
20250701,影视动漫,一路向北,759,20250701,4490
20250701,影视动漫,男女之间的唏哩哔哩电视剧免费播放,759,20250701,4491
20250701,影视动漫,哪吒2魔童闹海什么上映手机,759,20250701,4492
20250701,影视动漫,逆爱电影完整版土豆,759,20250701,4493
20250701,影视动漫,抖音月付可以套现吗,758,20250701,4494
20250701,影视动漫,色戒未删减版本电影在线观看,758,20250701,4495
20250701,影视动漫,逆爱在线观看完整版电视剧,758,20250701,4496
20250701,影视动漫,乡村爱情1,758,20250701,4497
20250701,影视动漫,日韩免费看的电影电视剧大全,758,20250701,4498
20250701,影视动漫,夜色温柔短剧全集完整版免费观看,757,20250701,4499
20250701,影视动漫,西游记动画片,757,20250701,4500
20250701,影视动漫,战狼8完整免费观看在线播放版国语电影,757,20250701,4501
20250701,影视动漫,25岁女高中生动漫在线观看完整免费版电视剧,757,20250701,4502
20250701,影视动漫,赛博朋克边缘行者,757,20250701,4503
20250701,影视动漫,绣春刀,756,20250701,4504
20250701,影视动漫,直播服务平台·机构版,756,20250701,4505
20250701,影视动漫,初恋时间动漫观看,756,20250701,4506
20250701,影视动漫,雪鹰领主,756,20250701,4507
20250701,影视动漫,吸血鬼,756,20250701,4508
20250701,影视动漫,玉楼春,756,20250701,4509
20250701,影视动漫,僧侣之夜完整版全集动漫免费观看,756,20250701,4510
20250701,影视动漫,热播电视剧排行榜2025最新版,756,20250701,4511
20250701,影视动漫,欲念疯长电视剧全集免费观看,756,20250701,4512
20250701,影视动漫,真探第一季,755,20250701,4513
20250701,影视动漫,开始推理吧第二季在线观看,755,20250701,4514
20250701,影视动漫,举起手来,755,20250701,4515
20250701,影视动漫,李一桐演过的所有剧,755,20250701,4516
20250701,影视动漫,丫丫影院免费观看电视剧,755,20250701,4517
20250701,影视动漫,狮城山海电视剧免费观看全集完整版高清,755,20250701,4518
20250701,影视动漫,抖音极速版下载2024最新版安装,755,20250701,4519
20250701,影视动漫,大麦网官网订票app下载,755,20250701,4520
20250701,影视动漫,骄阳似我电视剧免费观看完整版,755,20250701,4521
20250701,影视动漫,八戒电影院在线网免费完整版高清电影,755,20250701,4522
20250701,影视动漫,青川入梦在线观看,755,20250701,4523
20250701,影视动漫,咖啡遇上香草,754,20250701,4524
20250701,影视动漫,白日梦想家,754,20250701,4525
20250701,影视动漫,成全在线观看免费完整的,754,20250701,4526
20250701,影视动漫,拉布拉多警长,753,20250701,4527
20250701,影视动漫,新乌托邦,753,20250701,4528
20250701,影视动漫,来自深渊,753,20250701,4529
20250701,影视动漫,茶杯狐官方版官网,753,20250701,4530
20250701,影视动漫,嘉南传电视剧免费观看完整版,753,20250701,4531
20250701,影视动漫,奔跑吧2025,753,20250701,4532
20250701,影视动漫,传家电视剧在线观看免费完整版,753,20250701,4533
20250701,影视动漫,风声,753,20250701,4534
20250701,影视动漫,好看电影网,753,20250701,4535
20250701,影视动漫,跨过鸭绿江,753,20250701,4536
20250701,影视动漫,妖女十八连招阴阳双魔国语,752,20250701,4537
20250701,影视动漫,《逆爱》电视剧全集,752,20250701,4538
20250701,影视动漫,开始推理吧第3季免费全集,751,20250701,4539
20250701,影视动漫,成龙电影大全,750,20250701,4540
20250701,影视动漫,鬼吹灯之巫峡棺山,750,20250701,4541
20250701,影视动漫,央视新闻13频道在线直播,750,20250701,4542
20250701,影视动漫,哪吒闹海2之魔童闹海免费观看,750,20250701,4543
20250701,影视动漫,王牌部队电视剧免费观看,749,20250701,4544
20250701,影视动漫,我和我的传奇奶奶,749,20250701,4545
20250701,影视动漫,电影色戒,749,20250701,4546
20250701,影视动漫,森林里的熊先生在冬眠中,749,20250701,4547
20250701,影视动漫,奇迹,749,20250701,4548
20250701,影视动漫,心居电视剧免费全集在线播放,748,20250701,4549
20250701,影视动漫,奇妙的美发沙龙中汉字,748,20250701,4550
20250701,影视动漫,丑鱼影视,748,20250701,4551
20250701,影视动漫,乡村神医混花都短剧免费观看,748,20250701,4552
20250701,影视动漫,彩虹视频,748,20250701,4553
20250701,影视动漫,午夜凶铃,748,20250701,4554
20250701,影视动漫,yy6080新视觉电视剧在线观看免费版第二季,748,20250701,4555
20250701,影视动漫,杉杉来了电视剧全集免费观看完整版,748,20250701,4556
20250701,影视动漫,舌吻教程,748,20250701,4557
20250701,影视动漫,斗罗大陆4终极斗罗,747,20250701,4558
20250701,影视动漫,误杀,747,20250701,4559
20250701,影视动漫,被拒绝的爱泰剧,747,20250701,4560
20250701,影视动漫,你是我的城池营垒,747,20250701,4561
20250701,影视动漫,白鹿电视剧,747,20250701,4562
20250701,影视动漫,父辈的荣耀,747,20250701,4563
20250701,影视动漫,韩剧2025年最新韩剧推荐在线观看,747,20250701,4564
20250701,影视动漫,兽性新人类肥尸是什么电影免费观看,746,20250701,4565
20250701,影视动漫,云天之上短剧免费观看,746,20250701,4566
20250701,影视动漫,大宋提刑官,746,20250701,4567
20250701,影视动漫,酱园弄到底是谁杀的,746,20250701,4568
20250701,影视动漫,激吻视频,746,20250701,4569
20250701,影视动漫,完美世界免费观看完整在线观看,745,20250701,4570
20250701,影视动漫,靳东演的电视剧,745,20250701,4571
20250701,影视动漫,父子,745,20250701,4572
20250701,影视动漫,四月是你的谎言,745,20250701,4573
20250701,影视动漫,cctv5 节目表今天,745,20250701,4574
20250701,影视动漫,乐园侵蚀免费版全集在线观看,744,20250701,4575
20250701,影视动漫,网球直播在线直播观看,744,20250701,4576
20250701,影视动漫,告诉我你想要什么完整版免费观看,743,20250701,4577
20250701,影视动漫,逆爱全集免费观看完整版,743,20250701,4578
20250701,影视动漫,《临江仙》电视剧免费观看完整版,743,20250701,4579
20250701,影视动漫,布拉芙夫人,743,20250701,4580
20250701,影视动漫,杨紫新剧《锦绣芳华》开播,743,20250701,4581
20250701,影视动漫,冬至电视剧全集免费观看高清,742,20250701,4582
20250701,影视动漫,狼叔看短剧,742,20250701,4583
20250701,影视动漫,绝命航班,742,20250701,4584
20250701,影视动漫,痴梦少女,742,20250701,4585
20250701,影视动漫,楚乔传2第二部全集在线观看,742,20250701,4586
20250701,影视动漫,免费网站在线观看大全电视剧,742,20250701,4587
20250701,影视动漫,抖音客服电话24小时人工服务,742,20250701,4588
20250701,影视动漫,韩国吻戏视频,742,20250701,4589
20250701,影视动漫,诛仙3免费观看完整版在线,742,20250701,4590
20250701,影视动漫,忠诚电视剧在线观看免费完整版,741,20250701,4591
20250701,影视动漫,毒液2,741,20250701,4592
20250701,影视动漫,登山的目的,741,20250701,4593
20250701,影视动漫,我们的宿舍免费观看完整版,741,20250701,4594
20250701,影视动漫,少女派别,740,20250701,4595
20250701,影视动漫,凡人修仙传在线观看,740,20250701,4596
20250701,影视动漫,神探狄仁杰第三部,740,20250701,4597
20250701,影视动漫,人生若如初见 电视剧,740,20250701,4598
20250701,影视动漫,异种族风俗娘评鉴指南,740,20250701,4599
20250701,影视动漫,美味奇缘,739,20250701,4600
20250701,影视动漫,爱上她的理由,739,20250701,4601
20250701,影视动漫,消失致命,739,20250701,4602
20250701,影视动漫,蜡笔小新剧场版,739,20250701,4603
20250701,影视动漫,国色芳华电视剧,739,20250701,4604
20250701,影视动漫,半是蜜糖半是伤,739,20250701,4605
20250701,影视动漫,光荣时代,738,20250701,4606
20250701,影视动漫,《逆爱》柴鸡蛋电视剧免费观看第5集,738,20250701,4607
20250701,影视动漫,爸爸的好儿子在线观看免费高清完整泰剧,738,20250701,4608
20250701,影视动漫,故乡别来无恙,738,20250701,4609
20250701,影视动漫,最后生还者,737,20250701,4610
20250701,影视动漫,走火,737,20250701,4611
20250701,影视动漫,XBOX高清视频线观看,737,20250701,4612
20250701,影视动漫,刑侦12,737,20250701,4613
20250701,影视动漫,韩剧《女仆》免费观看,737,20250701,4614
20250701,影视动漫,狠狠影院电视剧完整版,737,20250701,4615
20250701,影视动漫,雄狮少年,737,20250701,4616
20250701,影视动漫,罗曼蒂克消亡史,737,20250701,4617
20250701,影视动漫,云边有个小卖部电影免费观看完整版,737,20250701,4618
20250701,影视动漫,重案六组,736,20250701,4619
20250701,影视动漫,正阳门下小女人,736,20250701,4620
20250701,影视动漫,日韩免费看的电影电视剧,736,20250701,4621
20250701,影视动漫,空姐在线观看完整免费高清原声满天星奔跑吧ep,736,20250701,4622
20250701,影视动漫,藏海传简介,736,20250701,4623
20250701,影视动漫,终极一班,736,20250701,4624
20250701,影视动漫,这个杀手不太冷,735,20250701,4625
20250701,影视动漫,哑舍,735,20250701,4626
20250701,影视动漫,往南往北短剧免费观看,735,20250701,4627
20250701,影视动漫,落花有泪犹带恨短剧免费观看,735,20250701,4628
20250701,影视动漫,小李飞刀,735,20250701,4629
20250701,影视动漫,《护士日记》法国版,735,20250701,4630
20250701,影视动漫,以法之名百度百科,735,20250701,4631
20250701,影视动漫,JOJO,735,20250701,4632
20250701,影视动漫,黑鹰坠落,735,20250701,4633
20250701,影视动漫,靠比较好的短视频免费,735,20250701,4634
20250701,影视动漫,快乐星球,735,20250701,4635
20250701,影视动漫,韩国电影免费观看高清完整版在线观看熊出没重返动漫,735,20250701,4636
20250701,影视动漫,黑桃视频,734,20250701,4637
20250701,影视动漫,偷窥无罪电影粤语,734,20250701,4638
20250701,影视动漫,二炮手电视剧免费观看完整版,734,20250701,4639
20250701,影视动漫,以法之名电视剧全集免费观看张译主演,734,20250701,4640
20250701,影视动漫,肖战演过的电视剧全部,734,20250701,4641
20250701,影视动漫,长安的荔枝 结局,734,20250701,4642
20250701,影视动漫,解放战争,734,20250701,4643
20250701,影视动漫,蔡澜助理否认蔡澜胁迫陈宝莲拍电影,734,20250701,4644
20250701,影视动漫,舌尖上的中国,733,20250701,4645
20250701,影视动漫,哪吒闹海2之魔童闹海,733,20250701,4646
20250701,影视动漫,老人与海,733,20250701,4647
20250701,影视动漫,日韩大片,733,20250701,4648
20250701,影视动漫,搞笑视频笑到肚子疼,733,20250701,4649
20250701,影视动漫,永不磨灭的番号,733,20250701,4650
20250701,影视动漫,错练神功祸乱江湖短剧免费观看,733,20250701,4651
20250701,影视动漫,侏罗纪4重生在线观看高清免费,733,20250701,4652
20250701,影视动漫,小毛驴影视在线观看,733,20250701,4653
20250701,影视动漫,外科风云,733,20250701,4654
20250701,影视动漫,传闻中的陈芊芊免费观看电视剧全集高清,732,20250701,4655
20250701,影视动漫,电锯惊魂,732,20250701,4656
20250701,影视动漫,是女儿是妈妈2综艺最新一期在线观看,732,20250701,4657
20250701,影视动漫,555电影免费观看官网,732,20250701,4658
20250701,影视动漫,天美麻花星空传剧原创mv在线看完整版高清,732,20250701,4659
20250701,影视动漫,原声舌吻,732,20250701,4660
20250701,影视动漫,顶级绝伦推理片电影,732,20250701,4661
20250701,影视动漫,舒淇主演《玉女心经》电视剧在线观看,732,20250701,4662
20250701,影视动漫,你好星期六免费观看2025最新一期,732,20250701,4663
20250701,影视动漫,男与女完整版电视剧免费高清,732,20250701,4664
20250701,影视动漫,红海行动,731,20250701,4665
20250701,影视动漫,玄月视频,731,20250701,4666
20250701,影视动漫,越狱第一季,731,20250701,4667
20250701,影视动漫,张嘉译主演的全部电视剧,731,20250701,4668
20250701,影视动漫,驯龙高手2,730,20250701,4669
20250701,影视动漫,挖掘机动画视频大全3-6岁,730,20250701,4670
20250701,影视动漫,少女弹珠汽水,730,20250701,4671
20250701,影视动漫,百合动漫,730,20250701,4672
20250701,影视动漫,以法之名每天更新时间,729,20250701,4673
20250701,影视动漫,中央电视台cctv5直播,729,20250701,4674
20250701,影视动漫,神隐,729,20250701,4675
20250701,影视动漫,逆爱电视剧免费观看全集完整版高清,728,20250701,4676
20250701,影视动漫,法国空姐3,728,20250701,4677
20250701,影视动漫,锦囊妙录电视剧在线观看全集免费,728,20250701,4678
20250701,影视动漫,妈妈再爱我一次,728,20250701,4679
20250701,影视动漫,性感美女视频,727,20250701,4680
20250701,影视动漫,赶尸人谭艳电影在线观看,727,20250701,4681
20250701,影视动漫,中央cctv5 节目表今天直播,727,20250701,4682
20250701,影视动漫,以法之名李人骏结局,726,20250701,4683
20250701,影视动漫,饺子电影,726,20250701,4684
20250701,影视动漫,《逆爱》第三集,726,20250701,4685
20250701,影视动漫,新乱世佳人电影完整版,726,20250701,4686
20250701,影视动漫,爱看机器人免费追剧,726,20250701,4687
20250701,影视动漫,楼外楼,726,20250701,4688
20250701,影视动漫,乡村爱情2,725,20250701,4689
20250701,影视动漫,小蜜桃3[电视剧]免费观看高清,725,20250701,4690
20250701,影视动漫,洗屋先生动画第一季免费观看,725,20250701,4691
20250701,影视动漫,神马达达兔电影免费播放,725,20250701,4692
20250701,影视动漫,仙逆96在线观看完整观看,725,20250701,4693
20250701,影视动漫,流星花园电视剧免费观看完整版,725,20250701,4694
20250701,影视动漫,六间房隐藏房间视频,724,20250701,4695
20250701,影视动漫,长安三万里,724,20250701,4696
20250701,影视动漫,梦狱之国的爱丽丝,724,20250701,4697
20250701,影视动漫,岁晚情深短剧全集,724,20250701,4698
20250701,影视动漫,clicli动漫官方正版,724,20250701,4699
20250701,影视动漫,朝雪录电视剧,723,20250701,4700
20250701,影视动漫,浴血黑帮,723,20250701,4701
20250701,影视动漫,最好看的MV中文字幕国语电影,723,20250701,4702
20250701,影视动漫,北方有佳人电视剧全集免费观看,723,20250701,4703
20250701,影视动漫,印度电影,723,20250701,4704
20250701,影视动漫,欢乐颂演员表,723,20250701,4705
20250701,影视动漫,芈月传电视剧免费观看完整版高清,723,20250701,4706
20250701,影视动漫,奇迹在东京泰剧在线观看,723,20250701,4707
20250701,影视动漫,蜜桃来偷欢电视剧全集免费完整版,723,20250701,4708
20250701,影视动漫,暗夜与黎明电视剧免费观看,722,20250701,4709
20250701,影视动漫,光荣时代电视剧免费观看完整版,722,20250701,4710
20250701,影视动漫,往南忘北短剧免费观看完整版,722,20250701,4711
20250701,影视动漫,天气之子,722,20250701,4712
20250701,影视动漫,日本大尺度电影,722,20250701,4713
20250701,影视动漫,小别离电视剧免费观看完整版,722,20250701,4714
20250701,影视动漫,分手清单电影,722,20250701,4715
20250701,影视动漫,热播剧2025最新电视剧,721,20250701,4716
20250701,影视动漫,异国色恋浪漫谭,721,20250701,4717
20250701,影视动漫,方子传电影,721,20250701,4718
20250701,影视动漫,解压视频,721,20250701,4719
20250701,影视动漫,薛仁贵传奇,721,20250701,4720
20250701,影视动漫,樱花动漫官网官方入门网站,721,20250701,4721
20250701,影视动漫,繁花电视连续剧免费播放在线观看,721,20250701,4722
20250701,影视动漫,沉默的羔羊,721,20250701,4723
20250701,影视动漫,奥特曼图片,721,20250701,4724
20250701,影视动漫,渴望,721,20250701,4725
20250701,影视动漫,张译《以法之名》,721,20250701,4726
20250701,影视动漫,西游记续集,721,20250701,4727
20250701,影视动漫,拥抱星星的月亮电视剧全集在线观看,720,20250701,4728
20250701,影视动漫,林呱呱205宿舍搞笑视频,720,20250701,4729
20250701,影视动漫,禁止想象,720,20250701,4730
20250701,影视动漫,五哈第四季在线观看完整版免费播放,720,20250701,4731
20250701,影视动漫,夺命提示,720,20250701,4732
20250701,影视动漫,红楼梦87版全集免费观看完整版,720,20250701,4733
20250701,影视动漫,瓢虫雷迪,720,20250701,4734
20250701,影视动漫,艳降勾魂,720,20250701,4735
20250701,影视动漫,孩子,720,20250701,4736
20250701,影视动漫,CCTV-1直播在线观看,720,20250701,4737
20250701,影视动漫,夫妻,720,20250701,4738
20250701,影视动漫,逆流而上的你,720,20250701,4739
20250701,影视动漫,真心英雄电视剧全集在线观看,720,20250701,4740
20250701,影视动漫,轻音少女,720,20250701,4741
20250701,影视动漫,奔跑吧第十三季免费完整版,719,20250701,4742
20250701,影视动漫,从你的全世界路过,719,20250701,4743
20250701,影视动漫,牧神记动漫,719,20250701,4744
20250701,影视动漫,玫瑰之战电视剧免费全集在线观看,718,20250701,4745
20250701,影视动漫,开始推理吧第二季,718,20250701,4746
20250701,影视动漫,藏海传演员表,718,20250701,4747
20250701,影视动漫,逆爱第7集在线观看,718,20250701,4748
20250701,影视动漫,omofun官网,718,20250701,4749
20250701,影视动漫,漂移吧大叔短剧全集完整版免费观看,718,20250701,4750
20250701,影视动漫,默杀在线观看完整免费高清,718,20250701,4751
20250701,影视动漫,深渊,718,20250701,4752
20250701,影视动漫,无耻之徒第三季,718,20250701,4753
20250701,影视动漫,泰版流星花园,718,20250701,4754
20250701,影视动漫,千与千寻免费完整版观看国语,718,20250701,4755
20250701,影视动漫,中国好声音,718,20250701,4756
20250701,影视动漫,隔壁的女孩在线观看免费版电视剧全集2017,718,20250701,4757
20250701,影视动漫,安家电视剧全集免费观看,717,20250701,4758
20250701,影视动漫,吸血鬼医生,717,20250701,4759
20250701,影视动漫,男变女,717,20250701,4760
20250701,影视动漫,日在校园全集免费观看完整版,717,20250701,4761
20250701,影视动漫,火影忍者疾风传全集免费,717,20250701,4762
20250701,影视动漫,彭德师元帅,717,20250701,4763
20250701,影视动漫,束缚游戏第一季动漫,717,20250701,4764
20250701,影视动漫,贝多芬小姐的启蒙,716,20250701,4765
20250701,影视动漫,逆爱台剧双男主电视剧在线观看,716,20250701,4766
20250701,影视动漫,涛女郎演员表,716,20250701,4767
20250701,影视动漫,cctv5加节目表,716,20250701,4768
20250701,影视动漫,9.1全集免费观看,716,20250701,4769
20250701,影视动漫,日本女子摔跤比赛,716,20250701,4770
20250701,影视动漫,天降辣妈飒翻天短剧,715,20250701,4771
20250701,影视动漫,奸臣电影,715,20250701,4772
20250701,影视动漫,笨女孩,715,20250701,4773
20250701,影视动漫,七根心简电视剧免费观看完整版,715,20250701,4774
20250701,影视动漫,女子监狱电影完整版观看,715,20250701,4775
20250701,影视动漫,九九九电影免费观看完整版,715,20250701,4776
20250701,影视动漫,春夜影院电视剧免费播放,715,20250701,4777
20250701,影视动漫,极速追杀,714,20250701,4778
20250701,影视动漫,治疗韩剧双男主免费观看,714,20250701,4779
20250701,影视动漫,滤镜,714,20250701,4780
20250701,影视动漫,甄嬛传电视剧免费版全集在线,714,20250701,4781
20250701,影视动漫,马大帅,714,20250701,4782
20250701,影视动漫,逆爱柴鸡蛋免费观看全集完整版,714,20250701,4783
20250701,影视动漫,藏海传第三个人仇人是谁,714,20250701,4784
20250701,影视动漫,妖兽都市,714,20250701,4785
20250701,影视动漫,何以笙箫默,714,20250701,4786
20250701,影视动漫,《完美邻居2》电影在线观看中文版,714,20250701,4787
20250701,影视动漫,恶魔高校动漫在线观看,714,20250701,4788
20250701,影视动漫,好一个乖乖女短剧免费观看在线播放,714,20250701,4789
20250701,影视动漫,五十公里桃花坞第五季,713,20250701,4790
20250701,影视动漫,天使之城,713,20250701,4791
20250701,影视动漫,25岁女高中生,713,20250701,4792
20250701,影视动漫,无机杀手,713,20250701,4793
20250701,影视动漫,少年泰坦,713,20250701,4794
20250701,影视动漫,吞噬星空177,713,20250701,4795
20250701,影视动漫,亲吻姐姐第一季全集在线观看,713,20250701,4796
20250701,影视动漫,综艺节目排行榜2025最新,713,20250701,4797
20250701,影视动漫,乱,713,20250701,4798
20250701,影视动漫,干脆杀了他算了在线观看完整版,712,20250701,4799
20250701,影视动漫,三年大片观看免费大全哔哩哔哩,712,20250701,4800
20250701,影视动漫,快剧屋,712,20250701,4801
20250701,影视动漫,幸福到万家电视剧免费观看完整版,712,20250701,4802
20250701,影视动漫,中央五台直播在线观看直播,711,20250701,4803
20250701,影视动漫,门徒,711,20250701,4804
20250701,影视动漫,奔跑吧第一季,711,20250701,4805
20250701,影视动漫,性之剧毒是真正,711,20250701,4806
20250701,影视动漫,七根心简电视剧在线观看,711,20250701,4807
20250701,影视动漫,overflow 没有血缘关系但关系跟亲兄妹一样好,711,20250701,4808
20250701,影视动漫,地瓜视频app免费观看下载安装,711,20250701,4809
20250701,影视动漫,镇魂,710,20250701,4810
20250701,影视动漫,遇见你之后电影免费完整观看高清,710,20250701,4811
20250701,影视动漫,五哈第五季免费观看,710,20250701,4812
20250701,影视动漫,办公室的秘密在线观看免费全集电视剧高清完整版,710,20250701,4813
20250701,影视动漫,无言之月,710,20250701,4814
20250701,影视动漫,灭火宝贝2法版免费法国满天星,709,20250701,4815
20250701,影视动漫,三年的大片观看大全,709,20250701,4816
20250701,影视动漫,旧缘碎梦短剧免费观看全集,709,20250701,4817
20250701,影视动漫,甜心派在线观看免费高清完整泰剧,709,20250701,4818
20250701,影视动漫,塔尔萨之王第二季在线观看免费高清中文,709,20250701,4819
20250701,影视动漫,恐怖游泳馆,709,20250701,4820
20250701,影视动漫,逆爱一共多少集,709,20250701,4821
20250701,影视动漫,来不及说我爱你,708,20250701,4822
20250701,影视动漫,CCTV5正在直播郑钦文,708,20250701,4823
20250701,影视动漫,策驰影院电视剧免费策驰2023,708,20250701,4824
20250701,影视动漫,50度灰完整版在线看视频,708,20250701,4825
20250701,影视动漫,2025年电影,708,20250701,4826
20250701,影视动漫,爱情睡醒了,707,20250701,4827
20250701,影视动漫,训龙高手,707,20250701,4828
20250701,影视动漫,爱妻艺,707,20250701,4829
20250701,影视动漫,9:1成长视频,707,20250701,4830
20250701,影视动漫,神兵小将,707,20250701,4831
20250701,影视动漫,有龙则灵的短剧,707,20250701,4832
20250701,影视动漫,女子推理社第一季,706,20250701,4833
20250701,影视动漫,汉武大帝电视剧全集完整版免费,706,20250701,4834
20250701,影视动漫,落魄千金奉子成婚短剧,706,20250701,4835
20250701,影视动漫,成全在线观看免费高清电视剧,706,20250701,4836
20250701,影视动漫,济公传游本昌85版电视剧免费观看,706,20250701,4837
20250701,影视动漫,聚会的目的2中字谜给看,706,20250701,4838
20250701,影视动漫,草民影院,706,20250701,4839
20250701,影视动漫,原生之罪,706,20250701,4840
20250701,影视动漫,无颜之月免费观看完整版在线全集电视剧,705,20250701,4841
20250701,影视动漫,桃花映江山更新时间表,705,20250701,4842
20250701,影视动漫,以法之名张译电视剧在线观看全集,705,20250701,4843
20250701,影视动漫,怒火攻心,705,20250701,4844
20250701,影视动漫,策驰,705,20250701,4845
20250701,影视动漫,重返20岁,705,20250701,4846
20250701,影视动漫,动画电影,705,20250701,4847
20250701,影视动漫,九龙城寨之围城在线观看免费版,704,20250701,4848
20250701,影视动漫,国产免费完整高清电视剧在线看,704,20250701,4849
20250701,影视动漫,名柯剧场版全部顺序,704,20250701,4850
20250701,影视动漫,史密斯夫妇,704,20250701,4851
20250701,影视动漫,法国满天星《太太们》,704,20250701,4852
20250701,影视动漫,非凡医者电视剧免费观看,703,20250701,4853
20250701,影视动漫,强坚3电影完整在线观看高清,703,20250701,4854
20250701,影视动漫,通灵妃,703,20250701,4855
20250701,影视动漫,凹凸世界第三季全集免费观看,703,20250701,4856
20250701,影视动漫,西北岁月电视剧免费观看,703,20250701,4857
20250701,影视动漫,新水浒传,703,20250701,4858
20250701,影视动漫,bilibili网站入口,703,20250701,4859
20250701,影视动漫,斗罗大陆全集免费观看完整版高清版最新,703,20250701,4860
20250701,影视动漫,无职转生第一季完整在线观看高清,703,20250701,4861
20250701,影视动漫,成全视频在线观看完整版电视剧,703,20250701,4862
20250701,影视动漫,奔跑吧2025免费观看完整版,703,20250701,4863
20250701,影视动漫,温碧霞演过最经典三年级,703,20250701,4864
20250701,影视动漫,电视剧小巷人家免费观看完整版,702,20250701,4865
20250701,影视动漫,不忠电影,702,20250701,4866
20250701,影视动漫,偷偷藏不住电视剧免费观看完整版高清,702,20250701,4867
20250701,影视动漫,一眼万年泰剧在线观看,701,20250701,4868
20250701,影视动漫,完美世界在线观看,701,20250701,4869
20250701,影视动漫,圣华女学院动漫1-6集免费观看,701,20250701,4870
20250701,影视动漫,我是刑警演员表,701,20250701,4871
20250701,影视动漫,湄公河大案,701,20250701,4872
20250701,影视动漫,江河水电视剧免费观看完整版,701,20250701,4873
20250701,影视动漫,一家乱战60集全播放免费观看,701,20250701,4874
20250701,影视动漫,向风而行电视剧免费观看全集免费,701,20250701,4875
20250701,影视动漫,喜剧之王单口季,701,20250701,4876
20250701,影视动漫,逆行人生,701,20250701,4877
20250701,影视动漫,一号视频,700,20250701,4878
20250701,影视动漫,风中有朵雨做的云,700,20250701,4879
20250701,影视动漫,我们与恶的距离第二季,700,20250701,4880
20250701,影视动漫,你好李焕英,700,20250701,4881
20250701,影视动漫,小小天才操盘手短剧免费观看全集,700,20250701,4882
20250701,影视动漫,电影排行榜,700,20250701,4883
20250701,影视动漫,左耳,700,20250701,4884
20250701,影视动漫,辣妹子影视电视剧在线观看免费高清好看的小说,700,20250701,4885
20250701,影视动漫,盗梦空间,699,20250701,4886
20250701,影视动漫,别对我动心电视剧免费观看,699,20250701,4887
20250701,影视动漫,《再来一分钟好吗》动漫观看,699,20250701,4888
20250701,影视动漫,妃子笑,699,20250701,4889
20250701,影视动漫,岁月电视剧免费观看完整版,699,20250701,4890
20250701,影视动漫,大宋少年志,699,20250701,4891
20250701,影视动漫,十八岁免费观看高清电视剧韩剧,698,20250701,4892
20250701,影视动漫,金花瓶楷梅花2杨贵妃,698,20250701,4893
20250701,影视动漫,老同学3免费观看全集,698,20250701,4894
20250701,影视动漫,特殊使命电影,698,20250701,4895
20250701,影视动漫,亲爱的仇敌电视剧免费观看完整版高清,698,20250701,4896
20250701,影视动漫,平凡英雄,698,20250701,4897
20250701,影视动漫,外来媳妇本地郎,697,20250701,4898
20250701,影视动漫,建党伟业电影免费完整版高清,697,20250701,4899
20250701,影视动漫,未闻花名,697,20250701,4900
20250701,影视动漫,视频在线观看,697,20250701,4901
20250701,影视动漫,闪闪的红星,697,20250701,4902
20250701,影视动漫,韩剧在线观看高清免费,697,20250701,4903
20250701,影视动漫,生孩子视频,697,20250701,4904
20250701,影视动漫,味道,696,20250701,4905
20250701,影视动漫,朝闻天下,696,20250701,4906
20250701,影视动漫,欢迎来到实力至上主义教室,696,20250701,4907
20250701,影视动漫,巫峡棺山,696,20250701,4908
20250701,影视动漫,坚如磐石电影免费完整在线观看,696,20250701,4909
20250701,影视动漫,大秦帝国之崛起,695,20250701,4910
20250701,影视动漫,温柔女教师在线观看电视剧大全,695,20250701,4911
20250701,影视动漫,杀死一只知更鸟,695,20250701,4912
20250701,影视动漫,遮天动漫全集在线观看,695,20250701,4913
20250701,影视动漫,少年派2电视剧免费观看高清,695,20250701,4914
20250701,影视动漫,精灵宝可梦,695,20250701,4915
20250701,影视动漫,进击的巨人第一季免费观看完整版,695,20250701,4916
20250701,影视动漫,风声鹤唳,695,20250701,4917
20250701,影视动漫,曹查理的经典电影全集在线观看,695,20250701,4918
20250701,影视动漫,勇者无惧电视剧免费观看全集,694,20250701,4919
20250701,影视动漫,时光代理人英都篇免费观看全集,694,20250701,4920
20250701,影视动漫,柴鸡蛋《逆袭》电视剧,694,20250701,4921
20250701,影视动漫,逆爱1-24集直接看,694,20250701,4922
20250701,影视动漫,脱口秀大会,694,20250701,4923
20250701,影视动漫,婆婆的镯子电视剧免费观看,694,20250701,4924
20250701,影视动漫,双男主电视剧腐剧,694,20250701,4925
20250701,影视动漫,仙逆在线观看,694,20250701,4926
20250701,影视动漫,xl司令动漫,694,20250701,4927
20250701,影视动漫,梦犯,693,20250701,4928
20250701,影视动漫,鹤唳华亭,693,20250701,4929
20250701,影视动漫,舌吻视频,693,20250701,4930
20250701,影视动漫,淬火年代电视剧演员表,693,20250701,4931
20250701,影视动漫,最近最好的2019中文,693,20250701,4932
20250701,影视动漫,孙红雷主演的电视剧全部,693,20250701,4933
20250701,影视动漫,女同电影,693,20250701,4934
20250701,影视动漫,bili,693,20250701,4935
20250701,影视动漫,吊德斯diodes解说,692,20250701,4936
20250701,影视动漫,满天星《高压监狱2》,692,20250701,4937
20250701,影视动漫,春夜染明月短剧免费观看,692,20250701,4938
20250701,影视动漫,琅琊榜2风起长林,692,20250701,4939
20250701,影视动漫,江河之上剧情介绍,692,20250701,4940
20250701,影视动漫,致命诱惑电影免费观看完整版,692,20250701,4941
20250701,影视动漫,父母爱情的演员名单,692,20250701,4942
20250701,影视动漫,逆爱第6集,692,20250701,4943
20250701,影视动漫,孤舟演员表,692,20250701,4944
20250701,影视动漫,勾魂恶梦,692,20250701,4945
20250701,影视动漫,甜甜的陷阱电视剧免费观看全集,691,20250701,4946
20250701,影视动漫,住在隔壁的她动漫全集,691,20250701,4947
20250701,影视动漫,妻子的闺蜜2免费观看电视剧,691,20250701,4948
20250701,影视动漫,太子奶是被谁陷害的,691,20250701,4949
20250701,影视动漫,住在隔壁的她动漫,691,20250701,4950
20250701,影视动漫,白蛇传,691,20250701,4951
20250701,影视动漫,英雄,691,20250701,4952
20250701,影视动漫,奔跑吧第九季,691,20250701,4953
20250701,影视动漫,《法国少女3》高清,691,20250701,4954
20250701,影视动漫,长安的荔枝电视剧在线,691,20250701,4955
20250701,影视动漫,超级教师,691,20250701,4956
20250701,影视动漫,picACG安装包,690,20250701,4957
20250701,影视动漫,画眉电视剧演员表,690,20250701,4958
20250701,影视动漫,新驯龙高手,690,20250701,4959
20250701,影视动漫,背着善宰跑,690,20250701,4960
20250701,影视动漫,熊出没之逆转时空,690,20250701,4961
20250701,影视动漫,刑警队长,690,20250701,4962
20250701,影视动漫,邪杀,690,20250701,4963
20250701,影视动漫,房奴试爱,690,20250701,4964
20250701,影视动漫,藏海传演员表全部名单,690,20250701,4965
20250701,影视动漫,乌云之上,690,20250701,4966
20250701,影视动漫,《第一次的滋味》电视剧,689,20250701,4967
20250701,影视动漫,夸克日本电影,689,20250701,4968
20250701,影视动漫,梅花三弄,689,20250701,4969
20250701,影视动漫,杜鹃山演员表,689,20250701,4970
20250701,影视动漫,逆爱双男主2025电视剧免费观看,689,20250701,4971
20250701,影视动漫,真实双人插画的视频,689,20250701,4972
20250701,影视动漫,群星闪耀时,689,20250701,4973
20250701,影视动漫,哪吒1魔童降临,689,20250701,4974
20250701,影视动漫,私人电影,689,20250701,4975
20250701,影视动漫,逆爱在线观看全集免费完整版,689,20250701,4976
20250701,影视动漫,美丽的他,689,20250701,4977
20250701,影视动漫,炽道,689,20250701,4978
20250701,影视动漫,奔腾年代在线观看免费完整版,688,20250701,4979
20250701,影视动漫,我的兄弟叫顺溜电视剧全集免费观看,688,20250701,4980
20250701,影视动漫,没有黄段子的无聊世界,688,20250701,4981
20250701,影视动漫,逆爱2025正版观看平台,688,20250701,4982
20250701,影视动漫,绿色地狱,688,20250701,4983
20250701,影视动漫,亲爱的仇敌百度百科,688,20250701,4984
20250701,影视动漫,永夜星河免费播放电视剧,688,20250701,4985
20250701,影视动漫,诛仙第三季,688,20250701,4986
20250701,影视动漫,爸爸的女儿,688,20250701,4987
20250701,影视动漫,男生女生免费观看电视剧大全app免费下载,688,20250701,4988
20250701,影视动漫,动漫推荐,687,20250701,4989
20250701,影视动漫,以法之名电视连续剧免费观看,687,20250701,4990
20250701,影视动漫,杨家将,687,20250701,4991
20250701,影视动漫,猛鬼屠房,687,20250701,4992
20250701,影视动漫,耽美动漫,687,20250701,4993
20250701,影视动漫,人生,687,20250701,4994
20250701,影视动漫,花蝴蝶高清大片电视剧,687,20250701,4995
20250701,影视动漫,誓盟电视剧免费观看全集完整版,686,20250701,4996
20250701,影视动漫,封神英雄榜,686,20250701,4997
20250701,影视动漫,婚后奔放爱自由短剧在线观看,686,20250701,4998
20250701,影视动漫,毒液,686,20250701,4999
20250701,影视动漫,伟大的莱克1979在线观看,685,20250701,5000
20250701,影视动漫,天注定,685,20250701,5001
20250701,影视动漫,古惑仔4战无不胜,684,20250701,5002
20250701,影视动漫,kpop猎魔女团免费观看,684,20250701,5003
20250701,影视动漫,香港回归全程回放高清,684,20250701,5004
20250701,影视动漫,蓝色监狱,684,20250701,5005
20250701,影视动漫,背着善宰跑电视剧免费观看完整版韩剧,684,20250701,5006
20250701,影视动漫,女神降临韩剧电视剧免费观看完整版,684,20250701,5007
20250701,影视动漫,桃花映江山一共多少集,684,20250701,5008
20250701,影视动漫,CCTV5节目,684,20250701,5009
20250701,影视动漫,就算铭感点也无妨第一季,684,20250701,5010
20250701,影视动漫,荒岛惊魂,683,20250701,5011
20250701,影视动漫,束缚游戏第一季 第七集,683,20250701,5012
20250701,影视动漫,女子监狱完整版观看,683,20250701,5013
20250701,影视动漫,儿童睡前故事,683,20250701,5014
20250701,影视动漫,哈利波特电影顺序,683,20250701,5015
20250701,影视动漫,百花杀电视剧免费观看全集播放,683,20250701,5016
20250701,影视动漫,熊出没之逆转时空正片免费观看,683,20250701,5017
20250701,影视动漫,三毛流浪记,683,20250701,5018
20250701,影视动漫,令人心动的offer,683,20250701,5019
20250701,影视动漫,真人做运动视频素材,682,20250701,5020
20250701,影视动漫,国漫,682,20250701,5021
20250701,影视动漫,火影忍者在线观看免费全集,682,20250701,5022
20250701,影视动漫,漫城,682,20250701,5023
20250701,影视动漫,如何看待电影《731》被举报事件,682,20250701,5024
20250701,影视动漫,大地资源高清播放在线观看在线电影在线观看,681,20250701,5025
20250701,影视动漫,财狼的日子,680,20250701,5026
20250701,影视动漫,陈宝莲三年级的电影《灯草和尚》,680,20250701,5027
20250701,影视动漫,逆袭柴鸡蛋电视剧,680,20250701,5028
20250701,影视动漫,女女舌吻,680,20250701,5029
20250701,影视动漫,被最想拥抱的人拥抱了完整动漫,680,20250701,5030
20250701,影视动漫,窥视者,680,20250701,5031
20250701,影视动漫,抖音月付怎么取消,680,20250701,5032
20250701,影视动漫,蔷薇之刃短剧免费播放,680,20250701,5033
20250701,影视动漫,舒淇主演《玉女心》电视剧,680,20250701,5034
20250701,影视动漫,樱花动漫在线免费入口,679,20250701,5035
20250701,影视动漫,淬火的年代电视剧,679,20250701,5036
20250701,影视动漫,赶海,679,20250701,5037
20250701,影视动漫,大长今,679,20250701,5038
20250701,影视动漫,小鲤鱼跳龙门,679,20250701,5039
20250701,影视动漫,恋爱先生,679,20250701,5040
20250701,影视动漫,人间中毒完整版在线看全集免费观看,678,20250701,5041
20250701,影视动漫,懒羊羊软件库,678,20250701,5042
20250701,影视动漫,灯草和尚高清免费观看电视剧在线播放,678,20250701,5043
20250701,影视动漫,恋之罪,678,20250701,5044
20250701,影视动漫,终极三国,677,20250701,5045
20250701,影视动漫,姜子牙,677,20250701,5046
20250701,影视动漫,youtube官网app下载安卓,677,20250701,5047
20250701,影视动漫,箭在弦上电视剧全集免费观看,677,20250701,5048
20250701,影视动漫,动漫在线观看,677,20250701,5049
20250701,影视动漫,邵氏电影,677,20250701,5050
20250701,影视动漫,《逆爱》在线观看全集免费,677,20250701,5051
20250701,影视动漫,不负如来不负卿,676,20250701,5052
20250701,影视动漫,good电影,676,20250701,5053
20250701,影视动漫,甄嬛传电视剧在线观看免费版,676,20250701,5054
20250701,影视动漫,类似爱情,676,20250701,5055
20250701,影视动漫,日本女人的秘密免费观看电视剧第三季,676,20250701,5056
20250701,影视动漫,鲉鱼游戏3在线观看完整版,676,20250701,5057
20250701,影视动漫,电视剧推荐,676,20250701,5058
20250701,影视动漫,郑和下西洋,676,20250701,5059
20250701,影视动漫,最后的晚餐,675,20250701,5060
20250701,影视动漫,藏海传肖战电视剧全集在线观看 免费播放,675,20250701,5061
20250701,影视动漫,封神榜86版全集完整版免费观看,675,20250701,5062
20250701,影视动漫,大明王朝,675,20250701,5063
20250701,影视动漫,破地狱,675,20250701,5064
20250701,影视动漫,CCTV13,675,20250701,5065
20250701,影视动漫,潜渊45集电视连续剧免费观看,675,20250701,5066
20250701,影视动漫,张津瑜最后结局怎么样,675,20250701,5067
20250701,影视动漫,那年那兔那些事,674,20250701,5068
20250701,影视动漫,饥饿的女儿国语版第1集剧情,674,20250701,5069
20250701,影视动漫,无所畏惧2全集免费观看完整版,674,20250701,5070
20250701,影视动漫,且试天下电视剧免费观看完整版高清,674,20250701,5071
20250701,影视动漫,电影票,673,20250701,5072
20250701,影视动漫,新金瓶梅电视剧免费观看全集在线天才酷客游戏法是,673,20250701,5073
20250701,影视动漫,星空影院在线观看全集免费高清,673,20250701,5074
20250701,影视动漫,女生和男生一起努力生孩子视频素材,673,20250701,5075
20250701,影视动漫,以法之名正版免费观看,673,20250701,5076
20250701,影视动漫,密室大逃脱大神版,673,20250701,5077
20250701,影视动漫,18岁的少女与狗高清电视剧,673,20250701,5078
20250701,影视动漫,八段锦国家体育总局口令版,673,20250701,5079
20250701,影视动漫,人在囧途,672,20250701,5080
20250701,影视动漫,心动的信号,672,20250701,5081
20250701,影视动漫,365天爱上黑道大佬第2季免费观看,672,20250701,5082
20250701,影视动漫,爱情岛免费观看高清完整版在线观看熊出没重返地球,672,20250701,5083
20250701,影视动漫,金榜题名,672,20250701,5084
20250701,影视动漫,僵尸叔叔,671,20250701,5085
20250701,影视动漫,野兽先生,671,20250701,5086
20250701,影视动漫,防务新观察,671,20250701,5087
20250701,影视动漫,很想很想你,671,20250701,5088
20250701,影视动漫,塔吊工竟是黑客大帝在线观看,671,20250701,5089
20250701,影视动漫,天降之物,671,20250701,5090
20250701,影视动漫,我的女友,671,20250701,5091
20250701,影视动漫,继父,671,20250701,5092
20250701,影视动漫,斯巴达克斯第一季血与沙,671,20250701,5093
20250701,影视动漫,吞噬星空动漫免费观看完整版,671,20250701,5094
20250701,影视动漫,张一山新剧,671,20250701,5095
20250701,影视动漫,披荆斩棘的哥哥,670,20250701,5096
20250701,影视动漫,叛逆者演员表,670,20250701,5097
20250701,影视动漫,三伏天电影完整在线观看,670,20250701,5098
20250701,影视动漫,youtobe,670,20250701,5099
20250701,影视动漫,异形,670,20250701,5100
20250701,影视动漫,泰圈app官方下载最新版2025,670,20250701,5101
20250701,影视动漫,泳装大雷抖动舞蹈视频,670,20250701,5102
20250701,影视动漫,出轨的女人2,669,20250701,5103
20250701,影视动漫,痴梦少女全集免费观看,669,20250701,5104
20250701,影视动漫,《逆爱》电视剧在线观看,669,20250701,5105
20250701,影视动漫,乌鸦小姐与蜥蜴先生免费观看全集,669,20250701,5106
20250701,影视动漫,沸腾人生,669,20250701,5107
20250701,影视动漫,黑客帝国,669,20250701,5108
20250701,影视动漫,高压监狱电影,669,20250701,5109
20250701,影视动漫,三体免费观看完整版在线观看,669,20250701,5110
20250701,影视动漫,刘德华电影,668,20250701,5111
20250701,影视动漫,曾少年,668,20250701,5112
20250701,影视动漫,甜蜜暴击,668,20250701,5113
20250701,影视动漫,非凡医者免费观看全集电视剧,668,20250701,5114
20250701,影视动漫,铁血战士,668,20250701,5115
20250701,影视动漫,盛夏狂欢季,668,20250701,5116
20250701,影视动漫,CCTV5十,668,20250701,5117
20250701,影视动漫,优酷官网,667,20250701,5118
20250701,影视动漫,世界末日,667,20250701,5119
20250701,影视动漫,闵度允演过什么电影,667,20250701,5120
20250701,影视动漫,奥特曼动画片,667,20250701,5121
20250701,影视动漫,刀锋1937免费观看全集电视剧,667,20250701,5122
20250701,影视动漫,亚洲电影免费观看高清完整版在线观看熊出没重返地球,667,20250701,5123
20250701,影视动漫,玉女心经之极乐宝鉴免费观看完整版,667,20250701,5124
20250701,影视动漫,某种物质电影在线观看免费完整版,667,20250701,5125
20250701,影视动漫,失控,667,20250701,5126
20250701,影视动漫,后宫,667,20250701,5127
20250701,影视动漫,以法之名更新到第几集了,667,20250701,5128
20250701,影视动漫,南城宴,667,20250701,5129
20250701,影视动漫,赛马娘芦毛灰姑娘,667,20250701,5130
20250701,影视动漫,仙逆在线观看视频完整版高清,666,20250701,5131
20250701,影视动漫,乔家大院电视剧全集免费观看,666,20250701,5132
20250701,影视动漫,韩国电影免费观看,666,20250701,5133
20250701,影视动漫,武替道电影免费播放观看,666,20250701,5134
20250701,影视动漫,辽沈战役,666,20250701,5135
20250701,影视动漫,欲望之屋2电视剧免费观看完整版高清,666,20250701,5136
20250701,影视动漫,可可西里,666,20250701,5137
20250701,影视动漫,亢奋第一季在线观看免费全集电视剧高清,666,20250701,5138
20250701,影视动漫,过分深见君动漫在线观看,665,20250701,5139
20250701,影视动漫,以法之名分集介绍,665,20250701,5140
20250701,影视动漫,农民伯伯下乡2国语版,665,20250701,5141
20250701,影视动漫,恶行之外,665,20250701,5142
20250701,影视动漫,名柯m28独眼的残像,664,20250701,5143
20250701,影视动漫,奇妙的美发沙龙,664,20250701,5144
20250701,影视动漫,临江仙电视剧免费观看完整版白鹿,664,20250701,5145
20250701,影视动漫,超级恋人,664,20250701,5146
20250701,影视动漫,《逆爱》第8集在线观看,664,20250701,5147
20250701,影视动漫,头文字D,664,20250701,5148
20250701,影视动漫,抖音客服人工客服电话,663,20250701,5149
20250701,影视动漫,红高粱电视剧全集播放免费观看,663,20250701,5150
20250701,影视动漫,韩剧tv在线观看韩剧免费高清全集,663,20250701,5151
20250701,影视动漫,风平浪静电影免费观看高清版,663,20250701,5152
20250701,影视动漫,要久久爱电视剧全集完整版观看,663,20250701,5153
20250701,影视动漫,鬼灭之刃游郭篇免费观看,663,20250701,5154
20250701,影视动漫,韩国电影免费在线观看完整,663,20250701,5155
20250701,影视动漫,少年骇客,663,20250701,5156
20250701,影视动漫,多多视频,663,20250701,5157
20250701,影视动漫,凡人修仙传在线观看免费高清完整版,663,20250701,5158
20250701,影视动漫,以法之名拍摄地,662,20250701,5159
20250701,影视动漫,小巷人家电视剧免费观看完整版高清,662,20250701,5160
20250701,影视动漫,奔跑吧兄弟最新一季2025免费观看全集,662,20250701,5161
20250701,影视动漫,阳光灿烂的日子,662,20250701,5162
20250701,影视动漫,中国式关系电视剧免费观看完整版,662,20250701,5163
20250701,影视动漫,大江大河4,662,20250701,5164
20250701,影视动漫,腐剧,661,20250701,5165
20250701,影视动漫,成毅主演的电视剧,661,20250701,5166
20250701,影视动漫,女性瘾者,661,20250701,5167
20250701,影视动漫,穿越时空的爱恋,661,20250701,5168
20250701,影视动漫,爸爸当家慢享季免费观看完整版,661,20250701,5169
20250701,影视动漫,法律讲堂,661,20250701,5170
20250701,影视动漫,追剧达人app官方正版下载,661,20250701,5171
20250701,影视动漫,女性向小电影推荐男主很帅的,661,20250701,5172
20250701,影视动漫,色戒电影在线观看免费全集高清版,661,20250701,5173
20250701,影视动漫,在那遥远的地方,661,20250701,5174
20250701,影视动漫,微笑pasta,661,20250701,5175
20250701,影视动漫,天美麻花星空高清免费观看完整版影视,660,20250701,5176
20250701,影视动漫,荆棘,660,20250701,5177
20250701,影视动漫,武媚娘传奇,660,20250701,5178
20250701,影视动漫,打狗棍电视剧 全集免费观看,660,20250701,5179
20250701,影视动漫,老练律师,660,20250701,5180
20250701,影视动漫,八戒八戒在线电影免费观看高清完整版,660,20250701,5181
20250701,影视动漫,武器a,660,20250701,5182
20250701,影视动漫,星球大战,659,20250701,5183
20250701,影视动漫,《爱你》电视剧,659,20250701,5184
20250701,影视动漫,芸汐传,659,20250701,5185
20250701,影视动漫,藏海传电视剧免费观看全集高清,659,20250701,5186
20250701,影视动漫,吞噬星空樱花动漫在线观看完整版,659,20250701,5187
20250701,影视动漫,奔跑吧第十三季2025,659,20250701,5188
20250701,影视动漫,男人的天堂,659,20250701,5189
20250701,影视动漫,极线杀手,659,20250701,5190
20250701,影视动漫,以法之名中国电视剧,658,20250701,5191
20250701,影视动漫,斗破苍穹电视剧全集免费在线观看,658,20250701,5192
20250701,影视动漫,凡人修仙传动漫,658,20250701,5193
20250701,影视动漫,异世界冒险团,658,20250701,5194
20250701,影视动漫,泰坦尼克号完整版电影免费观看,658,20250701,5195
20250701,影视动漫,宣宣电影网,658,20250701,5196
20250701,影视动漫,天行健,658,20250701,5197
20250701,影视动漫,监禁逃亡在线完整版免费观看,658,20250701,5198
20250701,影视动漫,天若有情,657,20250701,5199
20250701,影视动漫,神犬奇兵电视剧全集免费观看,657,20250701,5200
20250701,影视动漫,唐人街探案1,657,20250701,5201
20250701,影视动漫,哆啦a梦大雄的绘画奇遇记,657,20250701,5202
20250701,影视动漫,回复士术士的重启人生,656,20250701,5203
20250701,影视动漫,烈火情人电影在线看完整版的电影,656,20250701,5204
20250701,影视动漫,潜行者电视剧免费观看完整版,656,20250701,5205
20250701,影视动漫,紧扣的星星,656,20250701,5206
20250701,影视动漫,简言的夏冬在线观看免费观看全集,656,20250701,5207
20250701,影视动漫,非自然死亡,656,20250701,5208
20250701,影视动漫,九九影院在线观看电视剧,656,20250701,5209
20250701,影视动漫,黄晓明新剧《潜渊》免费观看,655,20250701,5210
20250701,影视动漫,逆爱在线免费观看完整版,655,20250701,5211
20250701,影视动漫,免费影院,655,20250701,5212
20250701,影视动漫,哔哩哔哩网页版,655,20250701,5213
20250701,影视动漫,bibibi 哔哩哔哩,655,20250701,5214
20250701,影视动漫,外出3,655,20250701,5215
20250701,影视动漫,孩子们的秘密在线观看完整版免费高清电视剧,655,20250701,5216
20250701,影视动漫,逆爱双男主全集免费播放在线观看,655,20250701,5217
20250701,影视动漫,少女前线,655,20250701,5218
20250701,影视动漫,家里家外,655,20250701,5219
20250701,影视动漫,真爱禁区,655,20250701,5220
20250701,影视动漫,楚新钓全集免费观看,655,20250701,5221
20250701,影视动漫,舍不得星星,655,20250701,5222
20250701,影视动漫,僵尸先生在线观看免费完整版,655,20250701,5223
20250701,影视动漫,《逆爱》网剧在线观看第8集免费,655,20250701,5224
20250701,影视动漫,蛋仔派对逃出惊魂夜视频,654,20250701,5225
20250701,影视动漫,新任女教师,654,20250701,5226
20250701,影视动漫,任达华三年级的电影在线观看,654,20250701,5227
20250701,影视动漫,免费看电视剧软件,654,20250701,5228
20250701,影视动漫,一闪一闪亮星星,654,20250701,5229
20250701,影视动漫,热吻,653,20250701,5230
20250701,影视动漫,突围,653,20250701,5231
20250701,影视动漫,抖音充值抖币官网入口,653,20250701,5232
20250701,影视动漫,天狼影院,653,20250701,5233
20250701,影视动漫,以法之名剧情介绍简介,653,20250701,5234
20250701,影视动漫,诺曼底登陆,653,20250701,5235
20250701,影视动漫,长安的荔枝免费观看电视剧,653,20250701,5236
20250701,影视动漫,y111111111免费观看电视,653,20250701,5237
20250701,影视动漫,美丽的小蜜桃2,653,20250701,5238
20250701,影视动漫,叶问,653,20250701,5239
20250701,影视动漫,菊次郎的夏天,652,20250701,5240
20250701,影视动漫,韩国电视剧,652,20250701,5241
20250701,影视动漫,红辣椒电影完整版在线播放,652,20250701,5242
20250701,影视动漫,鱿鱼游戏1,652,20250701,5243
20250701,影视动漫,picacg哔咔(官网入口),652,20250701,5244
20250701,影视动漫,伊人直播游客模式怎么下载2025版,652,20250701,5245
20250701,影视动漫,莲花楼电视剧免费观看完整,652,20250701,5246
20250701,影视动漫,星空无限传媒官方网,652,20250701,5247
20250701,影视动漫,鹊刀门传奇2免费观看完整版,651,20250701,5248
20250701,影视动漫,十八岁太奶奶驾到,651,20250701,5249
20250701,影视动漫,光溜溜美女图片视频素材大全,651,20250701,5250
20250701,影视动漫,我的理想的异世界生活,651,20250701,5251
20250701,影视动漫,丈夫不在公公迫我免费观看电视剧全集,651,20250701,5252
20250701,影视动漫,快乐到死,651,20250701,5253
20250701,影视动漫,情人节大小姐向我求婚短剧免费观看,651,20250701,5254
20250701,影视动漫,金牌影视,651,20250701,5255
20250701,影视动漫,极乐宝鉴电影在线观看高清国语版,651,20250701,5256
20250701,影视动漫,哔哩哔哩高清在线观看免费网站,650,20250701,5257
20250701,影视动漫,小妹3,650,20250701,5258
20250701,影视动漫,强好电影,650,20250701,5259
20250701,影视动漫,蛋蛋剧,650,20250701,5260
20250701,影视动漫,直播开放平台机构版,650,20250701,5261
20250701,影视动漫,电视剧春晖演员表大全,650,20250701,5262
20250701,影视动漫,扫毒风暴2025在线播放免费观看,649,20250701,5263
20250701,影视动漫,毒液3最后一舞在线观看完整版,649,20250701,5264
20250701,影视动漫,上甘岭,649,20250701,5265
20250701,影视动漫,盗墓系列全部电视剧,649,20250701,5266
20250701,影视动漫,锦绣芳华第二季,649,20250701,5267
20250701,影视动漫,七根心简 电视剧,649,20250701,5268
20250701,影视动漫,长安的荔枝在线观看,649,20250701,5269
20250701,影视动漫,免费观看已满十八岁电视剧免费观看,648,20250701,5270
20250701,影视动漫,荒岛求生,648,20250701,5271
20250701,影视动漫,谍战电视剧大全最新全部谍战,648,20250701,5272
20250701,影视动漫,锦衣卫,648,20250701,5273
20250701,影视动漫,督军你家小福包有祖传乌鸦嘴,648,20250701,5274
20250701,影视动漫,明月几时有,648,20250701,5275
20250701,影视动漫,50岁阿姨大人免费观看电视剧,648,20250701,5276
20250701,影视动漫,同学聚会2,648,20250701,5277
20250701,影视动漫,农场主的女儿们电影在线观看完整免费高清原声满天星,648,20250701,5278
20250701,影视动漫,色戒免费观看,647,20250701,5279
20250701,影视动漫,樱桃影视,647,20250701,5280
20250701,影视动漫,overlord,647,20250701,5281
20250701,影视动漫,谍战剧,647,20250701,5282
20250701,影视动漫,欧美电影免费观看电视剧大全,647,20250701,5283
20250701,影视动漫,末代皇帝,647,20250701,5284
20250701,影视动漫,美丽小蜜桃6娃娃脸,646,20250701,5285
20250701,影视动漫,东野圭吾电影版免费观看高清版,646,20250701,5286
20250701,影视动漫,枫与铃第一季在线观看免费全集电视剧,646,20250701,5287
20250701,影视动漫,亲亲视频,646,20250701,5288
20250701,影视动漫,黑塔利亚,646,20250701,5289
20250701,影视动漫,蜘蛛侠3英雄无归在线观看免费完整版国语,646,20250701,5290
20250701,影视动漫,奔跑吧茶马古道篇免费观看,646,20250701,5291
20250701,影视动漫,汶川大地震,646,20250701,5292
20250701,影视动漫,嘀哩嘀哩,646,20250701,5293
20250701,影视动漫,宇宙天魔,646,20250701,5294
20250701,影视动漫,幸福演算法在线观看完整版免费中文版,645,20250701,5295
20250701,影视动漫,双男主mv大片,645,20250701,5296
20250701,影视动漫,马达加斯加的企鹅,645,20250701,5297
20250701,影视动漫,善始善终电视剧免费观看完整版,645,20250701,5298
20250701,影视动漫,男生女生一起努力生孩子的视频素材,645,20250701,5299
20250701,影视动漫,"我爱的人,伤我最深短剧免费观看",645,20250701,5300
20250701,影视动漫,追,644,20250701,5301
20250701,影视动漫,这就是街舞,644,20250701,5302
20250701,影视动漫,8848在线播放免费观看电视剧,644,20250701,5303
20250701,影视动漫,亲爱的你在哪里剧情简介,644,20250701,5304
20250701,影视动漫,执爱,644,20250701,5305
20250701,影视动漫,夏洛的网,644,20250701,5306
20250701,影视动漫,工程车视频大全3-6岁工程车,644,20250701,5307
20250701,影视动漫,神犬小七,644,20250701,5308
20250701,影视动漫,欢乐颂5在线观看完整免费版,644,20250701,5309
20250701,影视动漫,灰喜意大利电影在线观看,644,20250701,5310
20250701,影视动漫,千金奴隶在线观看免费版电视剧,644,20250701,5311
20250701,影视动漫,图书馆的女孩,643,20250701,5312
20250701,影视动漫,四郎讲棋,643,20250701,5313
20250701,影视动漫,抖音怎么解绑银行卡,642,20250701,5314
20250701,影视动漫,刀尖,642,20250701,5315
20250701,影视动漫,youtube官网app下载,642,20250701,5316
20250701,影视动漫,逆爱台剧,642,20250701,5317
20250701,影视动漫,新乱世佳人在线观看免费,642,20250701,5318
20250701,影视动漫,三年在线观看免费高清大全,642,20250701,5319
20250701,影视动漫,我的男人,642,20250701,5320
20250701,影视动漫,我们的秘密泰剧在线观看全集,641,20250701,5321
20250701,影视动漫,甘雨被盗宝团挤扔的视频,641,20250701,5322
20250701,影视动漫,东西向洞2024,641,20250701,5323
20250701,影视动漫,肖申克的救赎在线观看完整版,641,20250701,5324
20250701,影视动漫,冰川时代,641,20250701,5325
20250701,影视动漫,鬼灭之刃无限列车篇电影免费观看,641,20250701,5326
20250701,影视动漫,灿烂的风和海电视剧免费观看,640,20250701,5327
20250701,影视动漫,归路,640,20250701,5328
20250701,影视动漫,天国的阶梯国语版免费观看全集,640,20250701,5329
20250701,影视动漫,奔跑吧第九季在线观看免费完整版,640,20250701,5330
20250701,影视动漫,十三太保,640,20250701,5331
20250701,影视动漫,名侦探柯南电影,640,20250701,5332
20250701,影视动漫,宝可梦地平线,640,20250701,5333
20250701,影视动漫,第一滴血,640,20250701,5334
20250701,影视动漫,大山的女儿,640,20250701,5335
20250701,影视动漫,湖南卫视,640,20250701,5336
20250701,影视动漫,热带雨在线观看完整版免费高清,639,20250701,5337
20250701,影视动漫,小孩喂姐姐吃78,639,20250701,5338
20250701,影视动漫,无耻之徒第七季,639,20250701,5339
20250701,影视动漫,凸变英雄x,639,20250701,5340
20250701,影视动漫,一年一度喜剧大赛,639,20250701,5341
20250701,影视动漫,钟无艳,639,20250701,5342
20250701,影视动漫,花园宝宝,639,20250701,5343
20250701,影视动漫,锦绣芳华第二部,639,20250701,5344
20250701,影视动漫,接吻完整版视频大全,639,20250701,5345
20250701,影视动漫,生逢灿烂的日子电视剧免费观看,639,20250701,5346
20250701,影视动漫,欲望都市,639,20250701,5347
20250701,影视动漫,书卷一梦电视剧免费,638,20250701,5348
20250701,影视动漫,小巷人家电视剧在线观看全集,638,20250701,5349
20250701,影视动漫,异世界后宫物语,638,20250701,5350
20250701,影视动漫,鲸鱼杂货铺泰剧,638,20250701,5351
20250701,影视动漫,泰圈app官方下载,638,20250701,5352
20250701,影视动漫,五哈第六季免费观看完整版最新一期,638,20250701,5353
20250701,影视动漫,汉武大帝电视剧全集免费观看高清,638,20250701,5354
20250701,影视动漫,三生三世枕上书,638,20250701,5355
20250701,影视动漫,国产免费观看高清电视剧在线观看,638,20250701,5356
20250701,影视动漫,开始推理吧第3季在线观看免费,637,20250701,5357
20250701,影视动漫,我独自升级第二季全集,637,20250701,5358
20250701,影视动漫,甄嬛传在线观看,637,20250701,5359
20250701,影视动漫,三年中文在线观看免费高清第3季,637,20250701,5360
20250701,影视动漫,熊出没之丛林总动员,637,20250701,5361
20250701,影视动漫,异世界社团,637,20250701,5362
20250701,影视动漫,折腰电视剧免费观看全集高清完整版,637,20250701,5363
20250701,影视动漫,多啦A梦,637,20250701,5364
20250701,影视动漫,《高压监狱》免费完整版,637,20250701,5365
20250701,影视动漫,电影《当着丈夫的面被欺负》,636,20250701,5366
20250701,影视动漫,藏海传40全集免费观看完整版,636,20250701,5367
20250701,影视动漫,幸福像花儿一样电视剧全集免费观看,636,20250701,5368
20250701,影视动漫,难哄电视剧全集在线观看免费版,636,20250701,5369
20250701,影视动漫,51今日大瓜 每日大赛往期,636,20250701,5370
20250701,影视动漫,小品,636,20250701,5371
20250701,影视动漫,无忧度电视剧在线观看全集免费播放,636,20250701,5372
20250701,影视动漫,听不见的爱短剧免费观看,636,20250701,5373
20250701,影视动漫,夺命提示国语电视剧全集免费收看,636,20250701,5374
20250701,影视动漫,新上海滩黄晓明版电视剧全集在线观看,636,20250701,5375
20250701,影视动漫,书卷一梦什么时候播,635,20250701,5376
20250701,影视动漫,折腰电视剧完整版,635,20250701,5377
20250701,影视动漫,时光与他恰是正好电视剧免费观看,635,20250701,5378
20250701,影视动漫,哈哈哈第五季免费观看,635,20250701,5379
20250701,影视动漫,海派甜心,635,20250701,5380
20250701,影视动漫,阿程小房车穷游,635,20250701,5381
20250701,影视动漫,熊出没之重返地球免费观看完整版在线观看高清HD,635,20250701,5382
20250701,影视动漫,试看120分钟免费观看电视剧大全,634,20250701,5383
20250701,影视动漫,拳爱锁心泰剧免费观看,634,20250701,5384
20250701,影视动漫,绵绣芳华电视剧,634,20250701,5385
20250701,影视动漫,动漫《fleur》第2集,634,20250701,5386
20250701,影视动漫,世外桃源,634,20250701,5387
20250701,影视动漫,终末的女武神,634,20250701,5388
20250701,影视动漫,又见一帘幽梦免费观看完整版,634,20250701,5389
20250701,影视动漫,许你万丈光芒好,634,20250701,5390
20250701,影视动漫,六魔女电影完整版高清,634,20250701,5391
20250701,影视动漫,特战荣耀,634,20250701,5392
20250701,影视动漫,学生女2,634,20250701,5393
20250701,影视动漫,李采潭演的电影在线观看电影,634,20250701,5394
20250701,影视动漫,迪迦奥特曼中文版全集免费观看,634,20250701,5395
20250701,影视动漫,娃娃脸2,634,20250701,5396
20250701,影视动漫,小红帽,633,20250701,5397
20250701,影视动漫,太极拳电影,633,20250701,5398
20250701,影视动漫,五号特工组,633,20250701,5399
20250701,影视动漫,怪物猎人,633,20250701,5400
20250701,影视动漫,幽灵公主,633,20250701,5401
20250701,影视动漫,明星换脸电影高清在线观看完整版,633,20250701,5402
20250701,影视动漫,为了皇位完整版高清,633,20250701,5403
20250701,影视动漫,爱壹帆,633,20250701,5404
20250701,影视动漫,同桌的你,633,20250701,5405
20250701,影视动漫,5g影视,632,20250701,5406
20250701,影视动漫,小别离,632,20250701,5407
20250701,影视动漫,七七影视大全,632,20250701,5408
20250701,影视动漫,临江仙在线观看,632,20250701,5409
20250701,影视动漫,慰安妇电影完整版国语版免费观看,632,20250701,5410
20250701,影视动漫,男同动漫,631,20250701,5411
20250701,影视动漫,狗剩快跑电视剧免费观看完整版,631,20250701,5412
20250701,影视动漫,斗破苍穹年番全集免费完整版在线观看高清5859,631,20250701,5413
20250701,影视动漫,罗密欧与朱丽叶,631,20250701,5414
20250701,影视动漫,开心特麻花2,631,20250701,5415
20250701,影视动漫,欢乐颂3,630,20250701,5416
20250701,影视动漫,绝世战魂在线观看全集免费播放,630,20250701,5417
20250701,影视动漫,宝葫芦的秘密,630,20250701,5418
20250701,影视动漫,流星花园泰剧版,630,20250701,5419
20250701,影视动漫,临江仙免费观看,629,20250701,5420
20250701,影视动漫,父辈的荣耀高清完整免费观看,629,20250701,5421
20250701,影视动漫,逆爱台剧双男主电视剧免费播放,629,20250701,5422
20250701,影视动漫,《法国空乘5》观看,629,20250701,5423
20250701,影视动漫,以法之名蒋欣免费播放,629,20250701,5424
20250701,影视动漫,蛇女电影在线完整免费观看高清,629,20250701,5425
20250701,影视动漫,"下载快手极速版免费安装,2025",629,20250701,5426
20250701,影视动漫,555电影netflix最新剧,629,20250701,5427
20250701,影视动漫,水月洞天,628,20250701,5428
20250701,影视动漫,啦啦啦电视剧免费高清在线观看,628,20250701,5429
20250701,影视动漫,生活大爆炸,628,20250701,5430
20250701,影视动漫,在线观看免费,628,20250701,5431
20250701,影视动漫,《365大佬》第三季免费观看,628,20250701,5432
20250701,影视动漫,还珠格格第三部天上人间,628,20250701,5433
20250701,影视动漫,高柳家动漫1~6全集动画免费版,628,20250701,5434
20250701,影视动漫,七根凶简电视剧,628,20250701,5435
20250701,影视动漫,少女配狗播放视频大全,628,20250701,5436
20250701,影视动漫,花房姑娘免费观看全集电视剧完整版,628,20250701,5437
20250701,影视动漫,潜渊在线观看完整版电视剧,628,20250701,5438
20250701,影视动漫,千鹤酱开发日记动漫免费观看,627,20250701,5439
20250701,影视动漫,成吉思汗简介,627,20250701,5440
20250701,影视动漫,普法栏目剧,627,20250701,5441
20250701,影视动漫,呼啸山庄,627,20250701,5442
20250701,影视动漫,喜羊羊,626,20250701,5443
20250701,影视动漫,最好看的电影2019中文字幕,626,20250701,5444
20250701,影视动漫,萌鸡小队动画片全集中文版免费观看,626,20250701,5445
20250701,影视动漫,七根心简电视剧,626,20250701,5446
20250701,影视动漫,飘雪影院,626,20250701,5447
20250701,影视动漫,倾国倾城,626,20250701,5448
20250701,影视动漫,丧尸,626,20250701,5449
20250701,影视动漫,0号宿舍,626,20250701,5450
20250701,影视动漫,夏家三千金,625,20250701,5451
20250701,影视动漫,蒂蒂有话说正版免费观看,625,20250701,5452
20250701,影视动漫,两个女人,625,20250701,5453
20250701,影视动漫,警花与警犬电视剧免费观看,625,20250701,5454
20250701,影视动漫,鱿鱼游找3在线观看免费,625,20250701,5455
20250701,影视动漫,淬火年代柳均和谁在一起了,625,20250701,5456
20250701,影视动漫,急诊科医生,625,20250701,5457
20250701,影视动漫,抖音充值官方,625,20250701,5458
20250701,影视动漫,最近的治疗韩剧,625,20250701,5459
20250701,影视动漫,安乐传电视剧在线观看全集免费高清,625,20250701,5460
20250701,影视动漫,信仰,624,20250701,5461
20250701,影视动漫,斩神之凡尘神域,624,20250701,5462
20250701,影视动漫,腾讯视频下载,624,20250701,5463
20250701,影视动漫,逆爱免费,624,20250701,5464
20250701,影视动漫,日历女孩在线观看免费高清版,624,20250701,5465
20250701,影视动漫,时光代理人英都篇免费,624,20250701,5466
20250701,影视动漫,血观音免费观看完整版高清在线播放,624,20250701,5467
20250701,影视动漫,麻雀电视剧免费全集观看,624,20250701,5468
20250701,影视动漫,聚会的目的3,624,20250701,5469
20250701,影视动漫,向南和江宏斌是什么电视剧,624,20250701,5470
20250701,影视动漫,超级教师免费观看全集,624,20250701,5471
20250701,影视动漫,租个女婿回家见父母全集免费观看,624,20250701,5472
20250701,影视动漫,魔女1,623,20250701,5473
20250701,影视动漫,铠甲勇士拿瓦,623,20250701,5474
20250701,影视动漫,鬼灭之刃第四季柱训练篇免费观看,623,20250701,5475
20250701,影视动漫,电影恶意,623,20250701,5476
20250701,影视动漫,余罪第二季在线观看完整版免费,623,20250701,5477
20250701,影视动漫,缔灵爱之默水玲珑免费全集,623,20250701,5478
20250701,影视动漫,哪吒2什么时候在网络平台上映,623,20250701,5479
20250701,影视动漫,好先生电视剧在线观看免费完整版,623,20250701,5480
20250701,影视动漫,大闹天竺,623,20250701,5481
20250701,影视动漫,庆余年2在线观看完整版电视剧,623,20250701,5482
20250701,影视动漫,正者无敌电视剧全集完整版免费观看,623,20250701,5483
20250701,影视动漫,飞驰人生,622,20250701,5484
20250701,影视动漫,安徽卫视节目表,622,20250701,5485
20250701,影视动漫,731部队电影完整版免费观看,622,20250701,5486
20250701,影视动漫,颐和园电影,622,20250701,5487
20250701,影视动漫,安娜卡列尼娜,622,20250701,5488
20250701,影视动漫,以法之名张放是好人吗,622,20250701,5489
20250701,影视动漫,动漫电影,622,20250701,5490
20250701,影视动漫,风风风,622,20250701,5491
20250701,影视动漫,奋斗,622,20250701,5492
20250701,影视动漫,大地资源中文在线观看免费版高清,622,20250701,5493
20250701,影视动漫,奔跑吧兄弟第十三季,622,20250701,5494
20250701,影视动漫,做头电影完整版免费,622,20250701,5495
20250701,影视动漫,球童战术在线观看全集,621,20250701,5496
20250701,影视动漫,运河风流电视剧演员表介绍,621,20250701,5497
20250701,影视动漫,逆爱双男主电视剧,621,20250701,5498
20250701,影视动漫,这就是中国,621,20250701,5499
20250701,影视动漫,奈飞,621,20250701,5500
20250701,影视动漫,青春有你2,621,20250701,5501
20250701,影视动漫,免费电影网站,621,20250701,5502
20250701,影视动漫,明星大侦探第三季,621,20250701,5503
20250701,影视动漫,警察锅哥,621,20250701,5504
20250701,影视动漫,叶子楣徐锦江《官人我要》电影免费播放,621,20250701,5505
20250701,影视动漫,仙逆动漫在线播放完整版,620,20250701,5506
20250701,影视动漫,春风化雨,620,20250701,5507
20250701,影视动漫,龙猫普通话电影完整免费观看,620,20250701,5508
20250701,影视动漫,折腰电视剧在线观看,620,20250701,5509
20250701,影视动漫,艾斯奥特曼,620,20250701,5510
20250701,影视动漫,申鹤脸红张嘴流眼泪翻白眼,620,20250701,5511
20250701,影视动漫,玩具总动员,620,20250701,5512
20250701,影视动漫,红辣椒电影完整播放,620,20250701,5513
20250701,影视动漫,吞噬星空在线观看全集免费播放,620,20250701,5514
20250701,影视动漫,甜蜜惩罚~我是看守专用宠物,619,20250701,5515
20250701,影视动漫,小敏家,619,20250701,5516
20250701,影视动漫,心简电视剧免费观看,619,20250701,5517
20250701,影视动漫,无颜之月在哪看第二季完整版动漫,619,20250701,5518
20250701,影视动漫,重启人生,619,20250701,5519
20250701,影视动漫,功勋电视剧在线观看免费完整版,619,20250701,5520
20250701,影视动漫,搞笑一家人韩剧国语版免费全集,619,20250701,5521
20250701,影视动漫,恶魔人,619,20250701,5522
20250701,影视动漫,《家访老师》日剧,619,20250701,5523
20250701,影视动漫,九首歌电影在线观看完整版高清,618,20250701,5524
20250701,影视动漫,肖战演的电视剧,618,20250701,5525
20250701,影视动漫,只能触碰一秒动漫下一部接档,618,20250701,5526
20250701,影视动漫,这是我的西游免费观看,618,20250701,5527
20250701,影视动漫,极寒潜袭 电影在线观看,618,20250701,5528
20250701,影视动漫,豆瓣评分,618,20250701,5529
20250701,影视动漫,火影忍者博人传,618,20250701,5530
20250701,影视动漫,当着丈夫的面被别人欺负了完整版,618,20250701,5531
20250701,影视动漫,牡丹亭,618,20250701,5532
20250701,影视动漫,光棍影视,617,20250701,5533
20250701,影视动漫,人间中毒电影免费观看全集在线,617,20250701,5534
20250701,影视动漫,马交配视频,617,20250701,5535
20250701,影视动漫,mi动漫,617,20250701,5536
20250701,影视动漫,镖人,617,20250701,5537
20250701,影视动漫,平凡之路电视剧免费观看,617,20250701,5538
20250701,影视动漫,隔壁女孩5中汉字,617,20250701,5539
20250701,影视动漫,美丽小蜜桃7荷尔蒙,617,20250701,5540
20250701,影视动漫,渗透,616,20250701,5541
20250701,影视动漫,燃罪,616,20250701,5542
20250701,影视动漫,江南1970,616,20250701,5543
20250701,影视动漫,弱杀完整电影在线观看,616,20250701,5544
20250701,影视动漫,忠贞电影在线观看完整版中文字幕,616,20250701,5545
20250701,影视动漫,世界尽头的爱,616,20250701,5546
20250701,影视动漫,水浒传在线观看免费完整版,616,20250701,5547
20250701,影视动漫,城中之城电视剧全集在线观看免费播放,616,20250701,5548
20250701,影视动漫,向日葵在夜晚绽放第一季免费观看全集,616,20250701,5549
20250701,影视动漫,朵拉,616,20250701,5550
20250701,影视动漫,我家卿卿是太子短剧免费观看,616,20250701,5551
20250701,影视动漫,麻花传MDR国语免费版,616,20250701,5552
20250701,影视动漫,蜡笔小新电影,616,20250701,5553
20250701,影视动漫,锦绣芳华一共多少集,616,20250701,5554
20250701,影视动漫,困困兔视频大全完整版在线观看,616,20250701,5555
20250701,影视动漫,色戒无删减,615,20250701,5556
20250701,影视动漫,大地影院在线观看免费高清完整版电视剧,615,20250701,5557
20250701,影视动漫,爷傲奈我何短剧,615,20250701,5558
20250701,影视动漫,嘉南传,615,20250701,5559
20250701,影视动漫,痕迹,615,20250701,5560
20250701,影视动漫,灯草和尚电影,615,20250701,5561
20250701,影视动漫,苦尽柑来遇见你电视剧免费观看,614,20250701,5562
20250701,影视动漫,中央五套今天直播节目表,614,20250701,5563
20250701,影视动漫,mignon吸血医生第12集免费观看,614,20250701,5564
20250701,影视动漫,变形记,614,20250701,5565
20250701,影视动漫,我兄弟的妈妈免费观看电视剧,614,20250701,5566
20250701,影视动漫,77777免费观看高清完整喜剧电视剧推,614,20250701,5567
20250701,影视动漫,甄嬛传电视剧免费观看全集完整,614,20250701,5568
20250701,影视动漫,寄生虫电影免费观看完整版,614,20250701,5569
20250701,影视动漫,mv在线观看免费播放历史,614,20250701,5570
20250701,影视动漫,明眸,614,20250701,5571
20250701,影视动漫,少林足球,614,20250701,5572
20250701,影视动漫,《惊天轮轩案》在线观看,614,20250701,5573
20250701,影视动漫,《家访的老师》动漫,613,20250701,5574
20250701,影视动漫,淬火年代在线观看免费,613,20250701,5575
20250701,影视动漫,邪杀免费观看完整版电影,613,20250701,5576
20250701,影视动漫,逆爱双男台湾电视剧在线观看,613,20250701,5577
20250701,影视动漫,skam法版,612,20250701,5578
20250701,影视动漫,角头2,612,20250701,5579
20250701,影视动漫,爱唱歌的大姐姐也想第一季,612,20250701,5580
20250701,影视动漫,人犬兽人免费完整版_第1集,612,20250701,5581
20250701,影视动漫,勇敢的心免费观看完整版,612,20250701,5582
20250701,影视动漫,扫毒风暴,612,20250701,5583
20250701,影视动漫,熊出没之夏日连连看,612,20250701,5584
20250701,影视动漫,播种欧尼桑樱花动漫免费观看,612,20250701,5585
20250701,影视动漫,奔跑吧兄弟第二季免费观看完整版,612,20250701,5586
20250701,影视动漫,亲爱的小孩,612,20250701,5587
20250701,影视动漫,《长安的荔枝》在线观看,611,20250701,5588
20250701,影视动漫,向日葵的绽放动漫免费观看全集,611,20250701,5589
20250701,影视动漫,挠脚心审问,611,20250701,5590
20250701,影视动漫,武陟吃瓜视频,611,20250701,5591
20250701,影视动漫,《逆爱》电视剧双男主免费观看全集高清,611,20250701,5592
20250701,影视动漫,央视,611,20250701,5593
20250701,影视动漫,长安的荔枝那尔那茜演谁,611,20250701,5594
20250701,影视动漫,美容室特殊服务,611,20250701,5595
20250701,影视动漫,2.5次元的疑惑,611,20250701,5596
20250701,影视动漫,风流女管家满天星原版电视剧,610,20250701,5597
20250701,影视动漫,家庭教师电影免费观看高清完整版在线观看,610,20250701,5598
20250701,影视动漫,雷火剑动漫作品,610,20250701,5599
20250701,影视动漫,十天的爱人,610,20250701,5600
20250701,影视动漫,逆爱第八集全集在线观看免费,610,20250701,5601
20250701,影视动漫,历史转折中的邓小平,610,20250701,5602
20250701,影视动漫,民调局异闻录,610,20250701,5603
20250701,影视动漫,国色芳华2电视剧在线观看免费高清版,610,20250701,5604
20250701,影视动漫,天衣无缝电视剧免费观看完整版高清,609,20250701,5605
20250701,影视动漫,Overflow免费完整版动漫,609,20250701,5606
20250701,影视动漫,以法之名在线观看完整版,609,20250701,5607
20250701,影视动漫,犀牛,609,20250701,5608
20250701,影视动漫,成全在线观看,609,20250701,5609
20250701,影视动漫,红蔷薇电视剧全集免费播放,609,20250701,5610
20250701,影视动漫,耽美剧,609,20250701,5611
20250701,影视动漫,后宫狂热动漫全集完整版,609,20250701,5612
20250701,影视动漫,对手电视剧免费观看完整版高清,609,20250701,5613
20250701,影视动漫,西虹市首富,609,20250701,5614
20250701,影视动漫,九九乘法表短剧免费观看全集高清,609,20250701,5615
20250701,影视动漫,诡秘之主第一季在线观看免费,609,20250701,5616
20250701,影视动漫,面具,609,20250701,5617
20250701,影视动漫,我们的少年时代免费全集观看,609,20250701,5618
20250701,影视动漫,哪吒2什么时候下映,609,20250701,5619
20250701,影视动漫,游戏王,609,20250701,5620
20250701,影视动漫,青春猪头少年不会梦到兔女郎学姐,608,20250701,5621
20250701,影视动漫,日日夜夜,608,20250701,5622
20250701,影视动漫,j0jo的奇妙冒险,608,20250701,5623
20250701,影视动漫,中国有嘻哈第一季,608,20250701,5624
20250701,影视动漫,森林里的熊先生冬眠中,608,20250701,5625
20250701,影视动漫,美景之屋3,608,20250701,5626
20250701,影视动漫,古惑仔1之人在江湖,608,20250701,5627
20250701,影视动漫,奸臣在线观看,608,20250701,5628
20250701,影视动漫,牧神记动漫在线观看,608,20250701,5629
20250701,影视动漫,名侦探免费播放在线观看,608,20250701,5630
20250701,影视动漫,火爆监狱电影免费播放,607,20250701,5631
20250701,影视动漫,封神演义,607,20250701,5632
20250701,影视动漫,红嫁衣,607,20250701,5633
20250701,影视动漫,挠脚心视频,607,20250701,5634
20250701,影视动漫,小日子在线观看高清完整版,607,20250701,5635
20250701,影视动漫,少女第一次免费观看第二集,607,20250701,5636
20250701,影视动漫,唐人街探案1990,607,20250701,5637
20250701,影视动漫,安娜贝尔,607,20250701,5638
20250701,影视动漫,十九岁日本免费版全集电视剧,607,20250701,5639
20250701,影视动漫,杨紫《锦绣芳华》开播,607,20250701,5640
20250701,影视动漫,洪武大案,607,20250701,5641
20250701,影视动漫,母亲和儿子免费观看电视剧,607,20250701,5642
20250701,影视动漫,天衣无缝,607,20250701,5643
20250701,影视动漫,悬崖电视剧剧情简介,606,20250701,5644
20250701,影视动漫,刁蛮公主,606,20250701,5645
20250701,影视动漫,淮水竹亭电视剧,606,20250701,5646
20250701,影视动漫,老婆眼睛蒙上换黑人,606,20250701,5647
20250701,影视动漫,飞驰人生2电影免费观看完整版高清,606,20250701,5648
20250701,影视动漫,免费追剧软件,606,20250701,5649
20250701,影视动漫,爱爱内含光电视剧结局,606,20250701,5650
20250701,影视动漫,暖暖内含光台剧电视剧免费观看,606,20250701,5651
20250701,影视动漫,行星视频,606,20250701,5652
20250701,影视动漫,姐妹,606,20250701,5653
20250701,影视动漫,繁城之下电视剧免费观看完整版,606,20250701,5654
20250701,影视动漫,张译《以法之名》口碑两极化,606,20250701,5655
20250701,影视动漫,星学院,606,20250701,5656
20250701,影视动漫,cctv5体育频道,606,20250701,5657
20250701,影视动漫,村长的甜心泰剧在线观看,606,20250701,5658
20250701,影视动漫,孝庄秘史,606,20250701,5659
20250701,影视动漫,淬火年代1-40集免费观看,606,20250701,5660
20250701,影视动漫,微微一笑很倾城免费观看全集高清,606,20250701,5661
20250701,影视动漫,无心法师第一季免费观看完整版,606,20250701,5662
20250701,影视动漫,完美伴侣电视剧全集免费观看完整版,606,20250701,5663
20250701,影视动漫,哔哩哔哩官网网页入口,605,20250701,5664
20250701,影视动漫,大染坊第一部电视剧全集在线观看,605,20250701,5665
20250701,影视动漫,60分钟激励短片视频素材,605,20250701,5666
20250701,影视动漫,骄阳伴我演员表,605,20250701,5667
20250701,影视动漫,她来自胡志明市,605,20250701,5668
20250701,影视动漫,临江仙免费观看全集完整版,605,20250701,5669
20250701,影视动漫,春风化雨电视剧免费观看全集,605,20250701,5670
20250701,影视动漫,说书人,605,20250701,5671
20250701,影视动漫,铃芽之旅,605,20250701,5672
20250701,影视动漫,神医喜来乐,605,20250701,5673
20250701,影视动漫,天注定在线观看免费完整版,605,20250701,5674
20250701,影视动漫,动物管理局,605,20250701,5675
20250701,影视动漫,力王,605,20250701,5676
20250701,影视动漫,非缘勿扰电视剧免费观看完整版,605,20250701,5677
20250701,影视动漫,血恋2,605,20250701,5678
20250701,影视动漫,红豆生南国,604,20250701,5679
20250701,影视动漫,周星驰电影,604,20250701,5680
20250701,影视动漫,兄弟的老婆3免费观看电视剧,604,20250701,5681
20250701,影视动漫,临江仙在线观看完整版,604,20250701,5682
20250701,影视动漫,间谍过家家第二季,604,20250701,5683
20250701,影视动漫,人生之路剧情介绍,604,20250701,5684
20250701,影视动漫,舞蹈视频,604,20250701,5685
20250701,影视动漫,《逆爱》梓渝双男主,604,20250701,5686
20250701,影视动漫,插翅难逃,604,20250701,5687
20250701,影视动漫,原始的爱,604,20250701,5688
20250701,影视动漫,胜算电视剧免费完整版在线观看,604,20250701,5689
20250701,影视动漫,侏罗纪世界1,603,20250701,5690
20250701,影视动漫,逆爱电视剧在线观看全集免费高清,603,20250701,5691
20250701,影视动漫,小楼又东风,603,20250701,5692
20250701,影视动漫,职业替身泰剧免费观看,603,20250701,5693
20250701,影视动漫,琅琊榜演员表,603,20250701,5694
20250701,影视动漫,玉女心经电影,603,20250701,5695
20250701,影视动漫,百年孤独电影完整版免费观看,603,20250701,5696
20250701,影视动漫,爱视频免费观看电视剧,603,20250701,5697
20250701,影视动漫,法国空姐2019电影在线观看完整免费高清原声满天星2019,603,20250701,5698
20250701,影视动漫,爱爱内含光,603,20250701,5699
20250701,影视动漫,腐竹fm正版下载,603,20250701,5700
20250701,影视动漫,黎明之前,603,20250701,5701
20250701,影视动漫,性能之巅1-6普通话,603,20250701,5702
20250701,影视动漫,漾出over flower动漫全集免费观看,603,20250701,5703
20250701,影视动漫,cctv5 在线直播观看正在直播,603,20250701,5704
20250701,影视动漫,逆天至尊,603,20250701,5705
20250701,影视动漫,超级飞侠第十二季免费观看,603,20250701,5706
20250701,影视动漫,侏罗纪世界4,602,20250701,5707
20250701,影视动漫,程咬金,602,20250701,5708
20250701,影视动漫,xm66tv熊猫最新版本更新内容,602,20250701,5709
20250701,影视动漫,奔跑吧第9季,602,20250701,5710
20250701,影视动漫,非人哉第二季全集免费观看完整版,602,20250701,5711
20250701,影视动漫,狮子王,602,20250701,5712
20250701,影视动漫,法国空姐2018(多塞尔航空) 中文,602,20250701,5713
20250701,影视动漫,人与动物2免费观看完整版电影,602,20250701,5714
20250701,影视动漫,指尖传出的真挚热情,602,20250701,5715
20250701,影视动漫,以法之名电视猫,602,20250701,5716
20250701,影视动漫,峡谷2025电影高清版在线播放免费观看,602,20250701,5717
20250701,影视动漫,以法之名全集观看,602,20250701,5718
20250701,影视动漫,同性恋电影,602,20250701,5719
20250701,影视动漫,三年大片观看免费大全哔哩哔哩中文,602,20250701,5720
20250701,影视动漫,千方百计爱上你,602,20250701,5721
20250701,影视动漫,山河月明演员表,602,20250701,5722
20250701,影视动漫,人民的名义电视剧全集免费观看,602,20250701,5723
20250701,影视动漫,小公主苏菲亚,601,20250701,5724
20250701,影视动漫,了不起的盖茨比,601,20250701,5725
20250701,影视动漫,围城,601,20250701,5726
20250701,影视动漫,AGE动漫,601,20250701,5727
20250701,影视动漫,9.1免费极速版,601,20250701,5728
20250701,影视动漫,咪咕,601,20250701,5729
20250701,影视动漫,根本停不下来电影免费版在线观看包贝尔,601,20250701,5730
20250701,影视动漫,中央CCTV5十,601,20250701,5731
20250701,影视动漫,泰罗奥特曼,601,20250701,5732
20250701,影视动漫,花束般的恋爱,601,20250701,5733
20250701,影视动漫,归队电视剧免费观看全集,601,20250701,5734
20250701,影视动漫,今天高清视频在线观看,601,20250701,5735
20250701,影视动漫,假面骑士w,601,20250701,5736
20250701,影视动漫,青春有你3免费观看完整版在线播放,601,20250701,5737
20250701,影视动漫,毒劫电影高清完整版在线观看,601,20250701,5738
20250701,影视动漫,淬火年代电视剧免费观看全集播放,601,20250701,5739
20250701,影视动漫,以法之名主要演员,601,20250701,5740
20250701,影视动漫,换亲后我顺便换了江山很合理吧,601,20250701,5741
20250701,影视动漫,独占我的英雄,601,20250701,5742
20250701,影视动漫,执行法官,601,20250701,5743
20250701,影视动漫,人间中毒完整版电影在线全集观看,601,20250701,5744
20250701,影视动漫,爱的释放,601,20250701,5745
20250701,影视动漫,抖音月付怎么关闭,601,20250701,5746
20250701,影视动漫,护宝寻踪电视剧免费播放,600,20250701,5747
20250701,影视动漫,酱视频,600,20250701,5748
20250701,影视动漫,速度与激情10,600,20250701,5749
20250701,影视动漫,《庆余年2 》在线播放,600,20250701,5750
20250701,影视动漫,《哪吒2》免费观看完整版,600,20250701,5751
20250701,影视动漫,弥留之国的爱丽丝,600,20250701,5752
20250701,影视动漫,《书卷一梦》电视剧刘宇宁全集,600,20250701,5753
20250701,影视动漫,修女,600,20250701,5754
20250701,影视动漫,异人之下电视剧,599,20250701,5755
20250701,影视动漫,最近热播的电视剧有哪些,599,20250701,5756
20250701,影视动漫,初恋时间1-6集免费观看完整版,599,20250701,5757
20250701,影视动漫,上海滩生死较量电视剧免费观看,599,20250701,5758
20250701,影视动漫,x课程韩剧,599,20250701,5759
20250701,影视动漫,零的执行人,599,20250701,5760
20250701,影视动漫,亢奋在线观看完整免费高清原声高烧可以吃雪糕吗,599,20250701,5761
20250701,影视动漫,韩国爱情动作电影免费观看高清完整版在线观看,599,20250701,5762
20250701,影视动漫,绽放的许开心在线观看,599,20250701,5763
20250701,影视动漫,重生之门,599,20250701,5764
20250701,影视动漫,阳光照耀青春里,599,20250701,5765
20250701,影视动漫,我的女孩,599,20250701,5766
20250701,影视动漫,范晓言搞笑视频,598,20250701,5767
20250701,影视动漫,我的青梅竹马是消防队员,598,20250701,5768
20250701,影视动漫,双男主mv大片外网播放,598,20250701,5769
20250701,影视动漫,以法之名1-40集全免费播放高清版,598,20250701,5770
20250701,影视动漫,多米娜第一季电视剧在线观看,598,20250701,5771
20250701,影视动漫,搜神记,598,20250701,5772
20250701,影视动漫,排球少年第一季免费观看完整版,598,20250701,5773
20250701,影视动漫,一路向西完整版在线观看完整免费高清原声满天星信任,598,20250701,5774
20250701,影视动漫,男男电影,598,20250701,5775
20250701,影视动漫,在线看,598,20250701,5776
20250701,影视动漫,大秦赋全集在线观看免费完整版,598,20250701,5777
20250701,影视动漫,为人民服务中文版完整版,598,20250701,5778
20250701,影视动漫,骑木驴,598,20250701,5779
20250701,影视动漫,小楼又东风免费观看电视剧,598,20250701,5780
20250701,影视动漫,不忠在线观看免费全集电视剧高清,597,20250701,5781
20250701,影视动漫,大宝天天见,597,20250701,5782
20250701,影视动漫,jmcomic2.0官网下载,597,20250701,5783
20250701,影视动漫,杨紫李现锦绣芳华开播,597,20250701,5784
20250701,影视动漫,《逆爱》梓渝双男主电视剧免费观看,596,20250701,5785
20250701,影视动漫,《牧神记》全集观看,596,20250701,5786
20250701,影视动漫,爷们儿,596,20250701,5787
20250701,影视动漫,悬崖电视剧演员名单,596,20250701,5788
20250701,影视动漫,蜘蛛侠3英雄无归,596,20250701,5789
20250701,影视动漫,洛丽塔在线观看电视剧免费高清全集,596,20250701,5790
20250701,影视动漫,再见怦然心动,596,20250701,5791
20250701,影视动漫,逆爱2025全集免费观看完整版在线,596,20250701,5792
20250701,影视动漫,憧憬成为魔法免费观看全集完整版,595,20250701,5793
20250701,影视动漫,人猿泰山1995意大利版电影免费观看,595,20250701,5794
20250701,影视动漫,危险关系,595,20250701,5795
20250701,影视动漫,强风吹拂,595,20250701,5796
20250701,影视动漫,忽必烈传奇电视剧全集完整免费版,595,20250701,5797
20250701,影视动漫,中文免费高清在线观看电视剧,595,20250701,5798
20250701,影视动漫,美剧网,595,20250701,5799
20250701,影视动漫,独行侠,595,20250701,5800
20250701,影视动漫,火影忍者同人小樱邀请鸣人去他家,595,20250701,5801
20250701,影视动漫,英雄本色,594,20250701,5802
20250701,影视动漫,鸭王电影,594,20250701,5803
20250701,影视动漫,88影视网,594,20250701,5804
20250701,影视动漫,抗日电视剧大全集最新免费观看,594,20250701,5805
20250701,影视动漫,正者无敌,594,20250701,5806
20250701,影视动漫,焠火年代电视剧免费观看全集,594,20250701,5807
20250701,影视动漫,余烬之上,594,20250701,5808
20250701,影视动漫,章子怡《罗曼蒂克消亡史》,594,20250701,5809
20250701,影视动漫,漂洋过海来看你,594,20250701,5810
20250701,影视动漫,国色芳华 电视剧,594,20250701,5811
20250701,影视动漫,法国电影,593,20250701,5812
20250701,影视动漫,双轨电视剧在线观看全集免费,593,20250701,5813
20250701,影视动漫,为什么老师会在这里第一季全集在线观看,593,20250701,5814
20250701,影视动漫,志愿军存亡之战电影免费观看,593,20250701,5815
20250701,影视动漫,我和大佬的三百六十五天免费观看星辰4,593,20250701,5816
20250701,影视动漫,青柠影院在线观看免费高清完整版电视剧颜心记,593,20250701,5817
20250701,影视动漫,琅琊榜在线观看免费观看,593,20250701,5818
20250701,影视动漫,白蛇3·浮生,593,20250701,5819
20250701,影视动漫,冰糖炖雪梨,593,20250701,5820
20250701,影视动漫,锦心似玉,593,20250701,5821
20250701,影视动漫,藏海传电视剧高清免费观看完整版,593,20250701,5822
20250701,影视动漫,亲爱的你张一山,593,20250701,5823
20250701,影视动漫,《逆爱》第八集在线观看,593,20250701,5824
20250701,影视动漫,花开如梦全集免费播放在线观看,593,20250701,5825
20250701,影视动漫,极速影院,593,20250701,5826
20250701,影视动漫,斗罗大陆全集免费完整版,592,20250701,5827
20250701,影视动漫,网飞猫官网,592,20250701,5828
20250701,影视动漫,五十度飞,592,20250701,5829
20250701,影视动漫,奔跑吧第十三季免费完整版在线观看高清,592,20250701,5830
20250701,影视动漫,三十如狼妈妈,591,20250701,5831
20250701,影视动漫,东京喰种第二季在线观看,591,20250701,5832
20250701,影视动漫,华尔街之狼,591,20250701,5833
20250701,影视动漫,长沙保卫战,591,20250701,5834
20250701,影视动漫,《再去温泉吧!》动漫第一季,591,20250701,5835
20250701,影视动漫,黑吃黑,591,20250701,5836
20250701,影视动漫,出轨的女人电视剧完整版免费观看高清,591,20250701,5837
20250701,影视动漫,树下有片红房子,591,20250701,5838
20250701,影视动漫,执爱泰剧免费观看全集完整版,591,20250701,5839
20250701,影视动漫,种地吧,591,20250701,5840
20250701,影视动漫,欢乐颂3电视剧全集免费观看完整版高清,591,20250701,5841
20250701,影视动漫,烟花易冷,590,20250701,5842
20250701,影视动漫,装腔启示录,590,20250701,5843
20250701,影视动漫,黑白禁区,590,20250701,5844
20250701,影视动漫,9.1成长小视频,590,20250701,5845
20250701,影视动漫,小港人家全集免费观看,590,20250701,5846
20250701,影视动漫,罚罪,590,20250701,5847
20250701,影视动漫,大江大河3免费完整版在线观看,590,20250701,5848
20250701,影视动漫,片多多影视剧免费观看在线观看《微微一笑很倾城》,590,20250701,5849
20250701,影视动漫,狐妖小红娘在线观看全集免费播放,590,20250701,5850
20250701,影视动漫,窒息的爱,590,20250701,5851
20250701,影视动漫,《激战丛林》电影在线观看,589,20250701,5852
20250701,影视动漫,华胥引之绝爱之城免费观看 电视剧,589,20250701,5853
20250701,影视动漫,书券一梦电视剧免费观看,589,20250701,5854
20250701,影视动漫,新中国历任总经理名单,589,20250701,5855
20250701,影视动漫,兵临城下,589,20250701,5856
20250701,影视动漫,桃花映江山在哪个平台播出,589,20250701,5857
20250701,影视动漫,火影忍者图片,589,20250701,5858
20250701,影视动漫,投名状,589,20250701,5859
20250701,影视动漫,将夜电视剧免费观看完整版,588,20250701,5860
20250701,影视动漫,男女视频,588,20250701,5861
20250701,影视动漫,玉女心经2普通话,588,20250701,5862
20250701,影视动漫,波拉特,588,20250701,5863
20250701,影视动漫,无耻之徒第九季,588,20250701,5864
20250701,影视动漫,茶馆,588,20250701,5865
20250701,影视动漫,女人的天空全集免费观看完整版,588,20250701,5866
20250701,影视动漫,猎袭2在线观看免费高清完整版,588,20250701,5867
20250701,影视动漫,智取威虎山电影演员表,588,20250701,5868
20250701,影视动漫,老千全集完整版免费观看,588,20250701,5869
20250701,影视动漫,哈利波特与密室,588,20250701,5870
20250701,影视动漫,拼命三郎谭耀文电影在线观看,588,20250701,5871
20250701,影视动漫,悬崖之上,587,20250701,5872
20250701,影视动漫,映山红,587,20250701,5873
20250701,影视动漫,无忧渡电视剧免费观看全集在线播放男主受伤,587,20250701,5874
20250701,影视动漫,长安荔枝,587,20250701,5875
20250701,影视动漫,御手洗家墙壁破洞第二集,587,20250701,5876
20250701,影视动漫,名校风暴在线观看免费高清完整,587,20250701,5877
20250701,影视动漫,焦点访谈,587,20250701,5878
20250701,影视动漫,CCTV 5,587,20250701,5879
20250701,影视动漫,云边有个小卖部,587,20250701,5880
20250701,影视动漫,金婚电视剧全集免费超清在线观看,587,20250701,5881
20250701,影视动漫,因法之名电视剧在线观看免费高清,587,20250701,5882
20250701,影视动漫,济公游本昌,586,20250701,5883
20250701,影视动漫,驯龙高手3,586,20250701,5884
20250701,影视动漫,临江仙电视剧在线观看,586,20250701,5885
20250701,影视动漫,直播平台,586,20250701,5886
20250701,影视动漫,明明是配角却被王子宠爱了动漫,586,20250701,5887
20250701,影视动漫,逆袭2025全集免费观看,586,20250701,5888
20250701,影视动漫,我的错误完整版在线观看免费,586,20250701,5889
20250701,影视动漫,最后的羔羊,586,20250701,5890
20250701,影视动漫,逆爱更新日历,585,20250701,5891
20250701,影视动漫,电影大全,585,20250701,5892
20250701,影视动漫,奇优,585,20250701,5893
20250701,影视动漫,《家访女教师》日剧免费观看全集,585,20250701,5894
20250701,影视动漫,拿着手术刀的猎人在线观看,585,20250701,5895
20250701,影视动漫,免费观看电视剧连续剧大全,585,20250701,5896
20250701,影视动漫,飞极速在线 - 飞极速官网 - 飞极速快线 - 飞极,585,20250701,5897
20250701,影视动漫,斗龙战士,585,20250701,5898
20250701,影视动漫,老师好电影版全集免费观看,585,20250701,5899
20250701,影视动漫,周末同居免费观看全集完整版,585,20250701,5900
20250701,影视动漫,一拳超人第三季,585,20250701,5901
20250701,影视动漫,男男免费观看高清完整版在线观看熊出没重返,585,20250701,5902
20250701,影视动漫,血战台儿庄,585,20250701,5903
20250701,影视动漫,快手极速版免安装下载,584,20250701,5904
20250701,影视动漫,山月不知心底事电视剧免费观看,584,20250701,5905
20250701,影视动漫,老酒馆电视剧全集在线观看免费高清,584,20250701,5906
20250701,影视动漫,种地吧第一季在线观看,584,20250701,5907
20250701,影视动漫,桃花映江山电视剧免费观看15集,584,20250701,5908
20250701,影视动漫,跑男第十三季,584,20250701,5909
20250701,影视动漫,史迪仔,584,20250701,5910
20250701,影视动漫,《逆爱》2025免费观看电视剧,584,20250701,5911
20250701,影视动漫,李现主演的电视剧有哪些,584,20250701,5912
20250701,影视动漫,上海一家人大结局,584,20250701,5913
20250701,影视动漫,菠萝视频免费观看电视剧大全,584,20250701,5914
20250701,影视动漫,唐朝诡事录第一季免费观看,584,20250701,5915
20250701,影视动漫,婚内婚外电视剧全集免费观看高清,584,20250701,5916
20250701,影视动漫,亲切的金子,584,20250701,5917
20250701,影视动漫,藏海传电视剧观看,584,20250701,5918
20250701,影视动漫,我的兄弟叫顺溜,583,20250701,5919
20250701,影视动漫,王子的本命是恶役千金动漫,583,20250701,5920
20250701,影视动漫,偶像活动,583,20250701,5921
20250701,影视动漫,灌篮高手在线观看免费完整版国语,583,20250701,5922
20250701,影视动漫,星空无限传媒有限公司免费观看电视剧,583,20250701,5923
20250701,影视动漫,熊猫电影yy8y全部免费观看,583,20250701,5924
20250701,影视动漫,泰剧兔2025最新版本下载,583,20250701,5925
20250701,影视动漫,爱壹帆官网入口,583,20250701,5926
20250701,影视动漫,看见爱 台剧电视剧高清免费观看,583,20250701,5927
20250701,影视动漫,查理和巧克力工厂,582,20250701,5928
20250701,影视动漫,少女韩国免费观看高清电视剧八戒,582,20250701,5929
20250701,影视动漫,成何体统动漫,582,20250701,5930
20250701,影视动漫,天网栏目,582,20250701,5931
20250701,影视动漫,本能,582,20250701,5932
20250701,影视动漫,春光灿烂猪八戒,582,20250701,5933
20250701,影视动漫,玉女心经2:阴阳合欢李丽珍,582,20250701,5934
20250701,影视动漫,大染坊,582,20250701,5935
20250701,影视动漫,泡妞视频,582,20250701,5936
20250701,影视动漫,滟姆动漫全集观看,582,20250701,5937
20250701,影视动漫,刑侦12国语免费观看,582,20250701,5938
20250701,影视动漫,桃花映江山1-40集完整版免费看,582,20250701,5939
20250701,影视动漫,法证先锋,581,20250701,5940
20250701,影视动漫,如此可爱的我们电视剧免费观看,581,20250701,5941
20250701,影视动漫,手机影院,581,20250701,5942
20250701,影视动漫,咪咕快游网页版,581,20250701,5943
20250701,影视动漫,母与子免费观看大全电视剧邻居大妈,581,20250701,5944
20250701,影视动漫,猫和老鼠动画片免费全集播放,581,20250701,5945
20250701,影视动漫,白夜追凶电视剧免费观看全集,581,20250701,5946
20250701,影视动漫,甄嬛,581,20250701,5947
20250701,影视动漫,潘金莲龚玥菲主演的电视剧在线观看,581,20250701,5948
20250701,影视动漫,锦色芳华电视剧免费观看,580,20250701,5949
20250701,影视动漫,中餐厅非洲创业季,580,20250701,5950
20250701,影视动漫,金银瓶1-5hd普通话2,580,20250701,5951
20250701,影视动漫,上瘾电视剧,580,20250701,5952
20250701,影视动漫,文豪野犬第三季免费观看,580,20250701,5953
20250701,影视动漫,爆笑虫子,580,20250701,5954
20250701,影视动漫,菲律宾《慰藉》,580,20250701,5955
20250701,影视动漫,《玉浦困之初入桃花之风雨山应》高清,580,20250701,5956
20250701,影视动漫,8090新视觉电影免费播放在线观看,580,20250701,5957
20250701,影视动漫,毒战,579,20250701,5958
20250701,影视动漫,马与马的交配,579,20250701,5959
20250701,影视动漫,美容院的特殊服务,579,20250701,5960
20250701,影视动漫,忠诚,579,20250701,5961
20250701,影视动漫,雨后小故事原版动画片gif,579,20250701,5962
20250701,影视动漫,果郡王,579,20250701,5963
20250701,影视动漫,大奉打更人在线看免费观看,578,20250701,5964
20250701,影视动漫,名柯剧场版免费版日语版,578,20250701,5965
20250701,影视动漫,凸变英雄,578,20250701,5966
20250701,影视动漫,逆爱网剧在线播放,578,20250701,5967
20250701,影视动漫,夜莺,578,20250701,5968
20250701,影视动漫,中国机长在线观看免费完整版看电影,578,20250701,5969
20250701,影视动漫,猫眼票房实时票房,578,20250701,5970
20250701,影视动漫,cctv5台节目表,578,20250701,5971
20250701,影视动漫,御手洗家的动漫免费观看,578,20250701,5972
20250701,影视动漫,《妻子为丈夫升职》剧情,578,20250701,5973
20250701,影视动漫,河马剧场免费版下载,578,20250701,5974
20250701,影视动漫,悬镜,578,20250701,5975
20250701,影视动漫,永远的第一名电视剧免费观看完整版,578,20250701,5976
20250701,影视动漫,陈宝莲作品,578,20250701,5977
20250701,影视动漫,人皮高跟鞋电影完整版免费观看,578,20250701,5978
20250701,影视动漫,虎妈猫爸,578,20250701,5979
20250701,影视动漫,保镖1993意大利版免费观看完整版,578,20250701,5980
20250701,影视动漫,灵武大陆动漫在线观看全集免费播放,578,20250701,5981
20250701,影视动漫,诚实好女孩,578,20250701,5982
20250701,影视动漫,大唐荣耀免费观看电视剧完整版,577,20250701,5983
20250701,影视动漫,奔跑吧第七季免费观看完整版,577,20250701,5984
20250701,影视动漫,飘花影院,577,20250701,5985
20250701,影视动漫,十八岁免费完整版观看,577,20250701,5986
20250701,影视动漫,逆爱百度网盘资源,577,20250701,5987
20250701,影视动漫,林正英电影大全,577,20250701,5988
20250701,影视动漫,天天有喜,577,20250701,5989
20250701,影视动漫,爱你 电视剧,577,20250701,5990
20250701,影视动漫,无耻之徒第四季电视剧全集在线观看,577,20250701,5991
20250701,影视动漫,风花雪月,577,20250701,5992
20250701,影视动漫,国外大片又大又好看的电视剧,577,20250701,5993
20250701,影视动漫,荐片app下载官方入口,577,20250701,5994
20250701,影视动漫,咒电影在线完整免费观看,577,20250701,5995
20250701,影视动漫,少年歌行电视剧,576,20250701,5996
20250701,影视动漫,六个瑞典女孩在阿尔卑斯山超清,576,20250701,5997
20250701,影视动漫,切尔诺贝利,576,20250701,5998
20250701,影视动漫,古惑仔2之猛龙过江,576,20250701,5999
20250701,影视动漫,汪汪队人物图片及名字,576,20250701,6000
20250701,影视动漫,壮志凌云,576,20250701,6001
20250701,影视动漫,少年派2,576,20250701,6002
20250701,影视动漫,乡村爱情3,576,20250701,6003
20250701,影视动漫,中国式相亲,576,20250701,6004
20250701,影视动漫,跟着书本去旅行纪录片观看完整版,576,20250701,6005
20250701,影视动漫,《特殊体检》完整版在线观看,576,20250701,6006
20250701,影视动漫,小巷人家在哪个平台播出,576,20250701,6007
20250701,影视动漫,《延禧攻略》电视剧,576,20250701,6008
20250701,影视动漫,延禧攻略全集在线观看,576,20250701,6009
20250701,影视动漫,大秦赋免费观看全集完整版电视剧,576,20250701,6010
20250701,影视动漫,这一次行得通在线观看,575,20250701,6011
20250701,影视动漫,团鬼六电影免费版全集在线观看,575,20250701,6012
20250701,影视动漫,韩国恋综,575,20250701,6013
20250701,影视动漫,逆爱2025全集,575,20250701,6014
20250701,影视动漫,落魄贵族琉璃免费高清全集在线观看,575,20250701,6015
20250701,影视动漫,十九岁免费观看全集完整版,575,20250701,6016
20250701,影视动漫,鱿鱼游戏三,574,20250701,6017
20250701,影视动漫,97在线观看免费高清电视剧大全,574,20250701,6018
20250701,影视动漫,逆袭之爱上情敌电视剧,574,20250701,6019
20250701,影视动漫,神秘的电影,574,20250701,6020
20250701,影视动漫,永生动漫免费观看完整版,574,20250701,6021
20250701,影视动漫,暗光短剧在线观看,574,20250701,6022
20250701,影视动漫,千秋宁乐短剧,574,20250701,6023
20250701,影视动漫,法国版《高血压监狱2》电影,574,20250701,6024
20250701,影视动漫,《哪吒2》打破113项纪录,574,20250701,6025
20250701,影视动漫,僵尸道长,574,20250701,6026
20250701,影视动漫,谁是卧底,573,20250701,6027
20250701,影视动漫,顶级生活,573,20250701,6028
20250701,影视动漫,韩国电影在线高清完整版,573,20250701,6029
20250701,影视动漫,遥远的边城土耳其电视剧免费观看,573,20250701,6030
20250701,影视动漫,飞船奇遇记,573,20250701,6031
20250701,影视动漫,人马杂配mv免费播放在线播放第一季,573,20250701,6032
20250701,影视动漫,喜羊羊与灰太狼之决战次时代,573,20250701,6033
20250701,影视动漫,之后,573,20250701,6034
20250701,影视动漫,酱园弄豆瓣评分,573,20250701,6035
20250701,影视动漫,疾速追杀4,573,20250701,6036
20250701,影视动漫,女神异闻录5,573,20250701,6037
20250701,影视动漫,9.1免费观看全集,573,20250701,6038
20250701,影视动漫,星空影视在线观看全集免费高清,573,20250701,6039
20250701,影视动漫,辛普森一家,573,20250701,6040
20250701,影视动漫,飘零影院,572,20250701,6041
20250701,影视动漫,钢铁侠3免费观看在线高清完整版,572,20250701,6042
20250701,影视动漫,大唐荣耀,572,20250701,6043
20250701,影视动漫,关于我转生变成史莱姆这档事,572,20250701,6044
20250701,影视动漫,猫咪视频,572,20250701,6045
20250701,影视动漫,蛇女,572,20250701,6046
20250701,影视动漫,黑天鹅,572,20250701,6047
20250701,影视动漫,花开半夏电视剧免费观看全集剧情,572,20250701,6048
20250701,影视动漫,十八岁太奶奶驾到免费观看全集,572,20250701,6049
20250701,影视动漫,韶华若锦演员表,572,20250701,6050
20250701,影视动漫,我们都要好好的电视剧免费观看高清,572,20250701,6051
20250701,影视动漫,小娘惹,572,20250701,6052
20250701,影视动漫,鬼父动漫在线观看,572,20250701,6053
20250701,影视动漫,歌手2025第七期,572,20250701,6054
20250701,影视动漫,逆爱在哪个平台播出,572,20250701,6055
20250701,影视动漫,杉杉来了,572,20250701,6056
20250701,影视动漫,雪山飞狐,571,20250701,6057
20250701,影视动漫,囧次元无广告版下载最新,571,20250701,6058
20250701,影视动漫,荒野求生21天不打马赛原版,571,20250701,6059
20250701,影视动漫,莲花楼电视剧在线观看免费版全集高清,571,20250701,6060
20250701,影视动漫,美好生活,571,20250701,6061
20250701,影视动漫,希特勒图片,571,20250701,6062
20250701,影视动漫,飘雪影院在线观看免费完整电影,570,20250701,6063
20250701,影视动漫,您的声音,570,20250701,6064
20250701,影视动漫,知否知否应是绿肥红瘦免费观看,570,20250701,6065
20250701,影视动漫,极速恋人2泰剧,570,20250701,6066
20250701,影视动漫,御赐小仵作,570,20250701,6067
20250701,影视动漫,难哄,570,20250701,6068
20250701,影视动漫,cctv8以法之名,570,20250701,6069
20250701,影视动漫,开始推理吧第二季免费观看完整版,569,20250701,6070
20250701,影视动漫,飞哥战队,569,20250701,6071
20250701,影视动漫,脱口秀2025,569,20250701,6072
20250701,影视动漫,笔仙,569,20250701,6073
20250701,影视动漫,小鬼,569,20250701,6074
20250701,影视动漫,锦绣芳华第二季在线全集免费观看,569,20250701,6075
20250701,影视动漫,毛雪汪,569,20250701,6076
20250701,影视动漫,紧急公关在线观看免费完整版,569,20250701,6077
20250701,影视动漫,甜蜜惩罚2 我是看守专用宠物,568,20250701,6078
20250701,影视动漫,流光之下电视剧免费播放在线观看,568,20250701,6079
20250701,影视动漫,加油妈妈电视剧免费观看全集,568,20250701,6080
20250701,影视动漫,白鹿演的电视剧全部 免费观看,568,20250701,6081
20250701,影视动漫,《女员工的特殊待遇2》,568,20250701,6082
20250701,影视动漫,偶像练习生免费观看,568,20250701,6083
20250701,影视动漫,大长今国语版电视剧全集免费观看,568,20250701,6084
20250701,影视动漫,陷入我们的热恋完整版,568,20250701,6085
20250701,影视动漫,寄宿公寓,568,20250701,6086
20250701,影视动漫,青苹果乐园影院在线观看高清电视剧,568,20250701,6087
20250701,影视动漫,热血高校,568,20250701,6088
20250701,影视动漫,顺恨第八集,567,20250701,6089
20250701,影视动漫,骨语,567,20250701,6090
20250701,影视动漫,黑金电影完整版免费高清在线观看,567,20250701,6091
20250701,影视动漫,人世间电视剧全集在线观看完整版,567,20250701,6092
20250701,影视动漫,长河落日在线电视剧免费观看,567,20250701,6093
20250701,影视动漫,节奏盒子动画,567,20250701,6094
20250701,影视动漫,三十而立,567,20250701,6095
20250701,影视动漫,大地影院,567,20250701,6096
20250701,影视动漫,五星红旗迎风飘扬,567,20250701,6097
20250701,影视动漫,家有儿女第一部,567,20250701,6098
20250701,影视动漫,鬼父在线观看动漫全集免费,567,20250701,6099
20250701,影视动漫,开始推理吧第三季免费观看完整版高清,567,20250701,6100
20250701,影视动漫,玫瑰的故事演员表名单,567,20250701,6101
20250701,影视动漫,扶摇,567,20250701,6102
20250701,影视动漫,吴半饱吃饭视频,567,20250701,6103
20250701,影视动漫,jojo的奇妙冒险第三季,566,20250701,6104
20250701,影视动漫,韩剧《喂奶2》电视剧免费观看大全,566,20250701,6105
20250701,影视动漫,掌心,566,20250701,6106
20250701,影视动漫,韩剧《我的瑜伽教练》免费,566,20250701,6107
20250701,影视动漫,米奇妙妙屋,566,20250701,6108
20250701,影视动漫,办公室,566,20250701,6109
20250701,影视动漫,一念永恒第三季,566,20250701,6110
20250701,影视动漫,哥布林洞窟动漫nasa双男主,566,20250701,6111
20250701,影视动漫,毛泽东电视剧,566,20250701,6112
20250701,影视动漫,下一站婚姻电视剧全集免费观看,566,20250701,6113
20250701,影视动漫,爱爱内含光电视剧结局台剧免费观看,565,20250701,6114
20250701,影视动漫,出包王女第四季,565,20250701,6115
20250701,影视动漫,18岁在线观看免费播放电视剧,565,20250701,6116
20250701,影视动漫,以爱为营剧情介绍,565,20250701,6117
20250701,影视动漫,庆余年第一季,565,20250701,6118
20250701,影视动漫,昭昭明月入君怀短剧免费全集,565,20250701,6119
20250701,影视动漫,神奇宝贝,565,20250701,6120
20250701,影视动漫,继承者们,565,20250701,6121
20250701,影视动漫,大盛魁电视免费全集在线观看,565,20250701,6122
20250701,影视动漫,国产少女免费观看高清电视剧,565,20250701,6123
20250701,影视动漫,最短的距离是圆的高清在线观看,565,20250701,6124
20250701,影视动漫,第七影院,564,20250701,6125
20250701,影视动漫,逆袭柴鸡蛋网络剧,564,20250701,6126
20250701,影视动漫,防风少年第二季在线观看,564,20250701,6127
20250701,影视动漫,白夜破晓电视剧免费观看,564,20250701,6128
20250701,影视动漫,我的后半生电视剧全集免费播放高清,564,20250701,6129
20250701,影视动漫,周处除三害,564,20250701,6130
20250701,影视动漫,小姨多鹤电视剧 免费观看,564,20250701,6131
20250701,影视动漫,小欢喜演员表,564,20250701,6132
20250701,影视动漫,国产偷拍,564,20250701,6133
20250701,影视动漫,张婉莹手笔自愈视频大全在线观看高清,564,20250701,6134
20250701,影视动漫,幻影忍者全集免费观看完整版,564,20250701,6135
20250701,影视动漫,我在退婚宴惊艳全场短剧免费观看,564,20250701,6136
20250701,影视动漫,我可能遇到了救星,563,20250701,6137
20250701,影视动漫,有你才有家,563,20250701,6138
20250701,影视动漫,家居爱情电视剧,563,20250701,6139
20250701,影视动漫,大吃度电影在线看高清版,563,20250701,6140
20250701,影视动漫,十八岁观看高清完整版,563,20250701,6141
20250701,影视动漫,射雕英雄传之侠之大者,563,20250701,6142
20250701,影视动漫,a4yy,563,20250701,6143
20250701,影视动漫,逆爱第九集预告,563,20250701,6144
20250701,影视动漫,小小影视app官方版下载安装,563,20250701,6145
20250701,影视动漫,章鱼噼的原罪讲的什么,563,20250701,6146
20250701,影视动漫,武媚娘传奇在线全集免费观看,563,20250701,6147
20250701,影视动漫,蛟龙行动在线观看免费高清电影,563,20250701,6148
20250701,影视动漫,bilibili网页版入口,563,20250701,6149
20250701,影视动漫,桃花映江山多少集,563,20250701,6150
20250701,影视动漫,灵笼第一季全集在线观看,563,20250701,6151
20250701,影视动漫,侠探杰克,563,20250701,6152
20250701,影视动漫,人世间演员表,563,20250701,6153
20250701,影视动漫,美国派,563,20250701,6154
20250701,影视动漫,直接看9.1电影,563,20250701,6155
20250701,影视动漫,星汉灿烂电视剧免费全集在线观看高清,563,20250701,6156
20250701,影视动漫,妲己视频,563,20250701,6157
20250701,影视动漫,以法之名电视剧免费全集观看,562,20250701,6158
20250701,影视动漫,弟弟的女友,562,20250701,6159
20250701,影视动漫,西门庆和潘全连电视剧,562,20250701,6160
20250701,影视动漫,冰与火之歌,562,20250701,6161
20250701,影视动漫,星空无限传媒免费入口nba,562,20250701,6162
20250701,影视动漫,万里归途,562,20250701,6163
20250701,影视动漫,西西里的美丽传说免费版完整版,562,20250701,6164
20250701,影视动漫,贼王,562,20250701,6165
20250701,影视动漫,甜蜜惩罚第二季,562,20250701,6166
20250701,影视动漫,水性杨花,562,20250701,6167
20250701,影视动漫,仙武传在线观看全集免费高清动漫,562,20250701,6168
20250701,影视动漫,歌手2025免费观看完整版,562,20250701,6169
20250701,影视动漫,假面骑士歌查德,562,20250701,6170
20250701,影视动漫,魔女3强势归来完整版,561,20250701,6171
20250701,影视动漫,丈夫不在的日子中字头,561,20250701,6172
20250701,影视动漫,罪与罚,561,20250701,6173
20250701,影视动漫,小鱼儿与花无缺,561,20250701,6174
20250701,影视动漫,拨开了云雾见青天短剧在线观看,561,20250701,6175
20250701,影视动漫,许我耀眼什么时候播出,561,20250701,6176
20250701,影视动漫,小猪佩奇第十季免费观看,561,20250701,6177
20250701,影视动漫,小王子,561,20250701,6178
20250701,影视动漫,鬼吹灯之龙岭迷窟,561,20250701,6179
20250701,影视动漫,原来是神马琪琪免费影视大全,561,20250701,6180
20250701,影视动漫,葡萄成熟时,561,20250701,6181
20250701,影视动漫,再见艳阳天电视剧全集免费观看,561,20250701,6182
20250701,影视动漫,黄昏失焦动漫免费观看全集在线,560,20250701,6183
20250701,影视动漫,深夜的儒歌频道第一季免费观看全集,560,20250701,6184
20250701,影视动漫,以法之名大结局简介,560,20250701,6185
20250701,影视动漫,火舞风云未删减版在线观看免费观看电视剧,560,20250701,6186
20250701,影视动漫,小姐电影,560,20250701,6187
20250701,影视动漫,恋恋维纳斯电视剧泰剧免费观看,560,20250701,6188
20250701,影视动漫,五星视频,560,20250701,6189
20250701,影视动漫,家和万事兴,560,20250701,6190
20250701,影视动漫,下载抖音极速版免费下载安装,560,20250701,6191
20250701,影视动漫,今日宜加油电视剧免费观看,560,20250701,6192
20250701,影视动漫,雌吹第2季动漫,560,20250701,6193
20250701,影视动漫,刘三姐,560,20250701,6194
20250701,影视动漫,911行情网站电视直播在线观看高清版,560,20250701,6195
20250701,影视动漫,成熟的女儿免费观看电视剧,560,20250701,6196
20250701,影视动漫,司藤电视剧免费观看全集完整版,560,20250701,6197
20250701,影视动漫,吃瓜网官网免费观看,560,20250701,6198
20250701,影视动漫,光影,560,20250701,6199
20250701,影视动漫,1996版杨思敏1一5集主演是谁,559,20250701,6200
20250701,影视动漫,陈情令免费观看全集完整版,559,20250701,6201
20250701,影视动漫,蜂巢,559,20250701,6202
20250701,影视动漫,奔腾年代,559,20250701,6203
20250701,影视动漫,觉醒当天我当上全国状元,559,20250701,6204
20250701,影视动漫,慕尼黑,559,20250701,6205
20250701,影视动漫,好想做一次第一季 电视剧在线观看英文版,559,20250701,6206
20250701,影视动漫,樱花动漫在线观看动漫,559,20250701,6207
20250701,影视动漫,爱奇艺app免费下载安装,559,20250701,6208
20250701,影视动漫,弟弟的女朋友,558,20250701,6209
20250701,影视动漫,名侦探柯南国语版,558,20250701,6210
20250701,影视动漫,靠比较好的短视频软件大全免费下载,558,20250701,6211
20250701,影视动漫,泰迪熊,558,20250701,6212
20250701,影视动漫,萤石云视频,558,20250701,6213
20250701,影视动漫,克金玩家,558,20250701,6214
20250701,影视动漫,庆余年免费观看全集完整版在线观看,558,20250701,6215
20250701,影视动漫,哈利波特与死亡圣器,558,20250701,6216
20250701,影视动漫,哈哈哈哈哈第六季免费观看完整版,558,20250701,6217
20250701,影视动漫,偷偷藏不住之许你微短剧免费播放,558,20250701,6218
20250701,影视动漫,心灵奇旅,558,20250701,6219
20250701,影视动漫,撕掉美女衣,558,20250701,6220
20250701,影视动漫,高清视频,558,20250701,6221
20250701,影视动漫,锦绣凤鸣短剧免费观看全集,558,20250701,6222
20250701,影视动漫,朱元璋电视剧全集免费观看,558,20250701,6223
20250701,影视动漫,裙子里面是野兽,558,20250701,6224
20250701,影视动漫,高压监狱电影免费高清完整在线观看,558,20250701,6225
20250701,影视动漫,开始推理吧1,558,20250701,6226
20250701,影视动漫,血色浪漫,558,20250701,6227
20250701,影视动漫,以法之名剧情电视猫,557,20250701,6228
20250701,影视动漫,中央五套,557,20250701,6229
20250701,影视动漫,盗墓笔记电视剧,557,20250701,6230
20250701,影视动漫,书卷一梦15集,557,20250701,6231
20250701,影视动漫,小鬼当家,557,20250701,6232
20250701,影视动漫,对学生会长的忠告,557,20250701,6233
20250701,影视动漫,电视剧在线观看免费,557,20250701,6234
20250701,影视动漫,铁甲小宝,557,20250701,6235
20250701,影视动漫,金牌客服董董恩电视剧免费观看,557,20250701,6236
20250701,影视动漫,甜蜜恶作剧动漫在线观看,557,20250701,6237
20250701,影视动漫,有你才有家演员表,557,20250701,6238
20250701,影视动漫,优酷视频app官方下载,557,20250701,6239
20250701,影视动漫,马大帅1第一部,557,20250701,6240
20250701,影视动漫,最好的我们电视剧免费观看完整版,557,20250701,6241
20250701,影视动漫,搞笑视频大全爆笑短片,557,20250701,6242
20250701,影视动漫,笑看风云,557,20250701,6243
20250701,影视动漫,以法为名剧情介绍,557,20250701,6244
20250701,影视动漫,原罪电影完整在线播放,557,20250701,6245
20250701,影视动漫,捏造陷阱,557,20250701,6246
20250701,影视动漫,恶行之外电影在线观看免费完整版,557,20250701,6247
20250701,影视动漫,熊出没之重启未来免费观看,556,20250701,6248
20250701,影视动漫,翁虹演过的三年级全部,556,20250701,6249
20250701,影视动漫,蜂鸟,556,20250701,6250
20250701,影视动漫,驻站电视剧免费播放在线观看完整版,556,20250701,6251
20250701,影视动漫,《高压监狱》完整版,556,20250701,6252
20250701,影视动漫,逆爱更新到第几集了,556,20250701,6253
20250701,影视动漫,同船爱歌 电影,556,20250701,6254
20250701,影视动漫,剧白白,556,20250701,6255
20250701,影视动漫,逆爱柴鸡蛋电视剧,556,20250701,6256
20250701,影视动漫,骨语2电视剧免费观看全集完整版,556,20250701,6257
20250701,影视动漫,柔铺团之极宝乐鉴宝鉴电影在线观看,555,20250701,6258
20250701,影视动漫,法国空乘电影免费观看,555,20250701,6259
20250701,影视动漫,大秧歌,555,20250701,6260
20250701,影视动漫,风流夫人免费观看高清电视剧,555,20250701,6261
20250701,影视动漫,九品芝麻官,555,20250701,6262
20250701,影视动漫,吾栖之肤,555,20250701,6263
20250701,影视动漫,误杀3,555,20250701,6264
20250701,影视动漫,陆贞传奇,555,20250701,6265
20250701,影视动漫,桃花映江山在线免费观看,555,20250701,6266
20250701,影视动漫,地缚少年花子君第二季免费版观看,555,20250701,6267
20250701,影视动漫,爱情公寓免费观看完整版在线观看,555,20250701,6268
20250701,影视动漫,可可影视下载官方,555,20250701,6269
20250701,影视动漫,海尔兄弟,555,20250701,6270
20250701,影视动漫,《逆爱》2025网剧在线观看,555,20250701,6271
20250701,影视动漫,吞噬星空在线观看免费全集,555,20250701,6272
20250701,影视动漫,海绵宝宝图片,555,20250701,6273
20250701,影视动漫,庆余年第二季,555,20250701,6274
20250701,影视动漫,假面女郎,555,20250701,6275
20250701,影视动漫,廊桥遗梦,554,20250701,6276
20250701,影视动漫,芭乐视app下载旧版本ios版,554,20250701,6277
20250701,影视动漫,尤里和露珠的,554,20250701,6278
20250701,影视动漫,《焕羽》全集在线观看,554,20250701,6279
20250701,影视动漫,张译《以法之名》免费观看,554,20250701,6280
20250701,影视动漫,巡回检察组免费观看全集完整版,554,20250701,6281
20250701,影视动漫,石纪元,554,20250701,6282
20250701,影视动漫,穿书自救指南,554,20250701,6283
20250701,影视动漫,解禁男女韩国电视剧全集免费观看,554,20250701,6284
20250701,影视动漫,无妄之灾,554,20250701,6285
20250701,影视动漫,央视五套cctv5直播,554,20250701,6286
20250701,影视动漫,以法之名张译,554,20250701,6287
20250701,影视动漫,整点视频,554,20250701,6288
20250701,影视动漫,365大佬爱上我第三季在线观看,554,20250701,6289
20250701,影视动漫,釜山行1在线观看完整版免费,554,20250701,6290
20250701,影视动漫,越狱第一季高清完整版在线观看,553,20250701,6291
20250701,影视动漫,八佰,553,20250701,6292
20250701,影视动漫,电视剧完美救赎在线观看全集,553,20250701,6293
20250701,影视动漫,万有引力,553,20250701,6294
20250701,影视动漫,青丝影院电视剧在线观看全集免费,553,20250701,6295
20250701,影视动漫,上海滩电视剧全集免费观看,553,20250701,6296
20250701,影视动漫,蜜桃成熟时3d,553,20250701,6297
20250701,影视动漫,沧元图第二季在线观看免费动漫,553,20250701,6298
20250701,影视动漫,偷青的后裔韩剧在线观看星辰影视中文字幕版,553,20250701,6299
20250701,影视动漫,免费观看已满十八岁在线播放电视剧大全视频,553,20250701,6300
20250701,影视动漫,唐朝诡事录电视剧在线观看免费完整版,553,20250701,6301
20250701,影视动漫,熊出没之过年,553,20250701,6302
20250701,影视动漫,6080新觉伦电视免费观看,553,20250701,6303
20250701,影视动漫,呼吸过度动漫全集完整版,553,20250701,6304
20250701,影视动漫,灭门惨案之孽杀案电影在线看,553,20250701,6305
20250701,影视动漫,千香,553,20250701,6306
20250701,影视动漫,空即是空2,552,20250701,6307
20250701,影视动漫,门锁,552,20250701,6308
20250701,影视动漫,贪婪韩国电影免费观看视频,552,20250701,6309
20250701,影视动漫,农民影视,552,20250701,6310
20250701,影视动漫,《逆爱》在线观看全集2025,552,20250701,6311
20250701,影视动漫,文豪野犬第四季,552,20250701,6312
20250701,影视动漫,染指枭雄短剧免费观看,552,20250701,6313
20250701,影视动漫,京华烟云,552,20250701,6314
20250701,影视动漫,哔咔哔咔,552,20250701,6315
20250701,影视动漫,斗破苍穹153完整正版,552,20250701,6316
20250701,影视动漫,喜剧之王,552,20250701,6317
20250701,影视动漫,缘之空未删减全集在线观看,552,20250701,6318
20250701,影视动漫,纤纤影视2025年最新电视剧,552,20250701,6319
20250701,影视动漫,甜心派,551,20250701,6320
20250701,影视动漫,小楼又东风电视剧免费观看完整版,551,20250701,6321
20250701,影视动漫,《火影忍者》动漫,551,20250701,6322
20250701,影视动漫,师兄呀师兄,551,20250701,6323
20250701,影视动漫,爱在黎明破晓前,551,20250701,6324
20250701,影视动漫,看生活片,551,20250701,6325
20250701,影视动漫,JOJO的奇妙冒险,551,20250701,6326
20250701,影视动漫,还有明天,551,20250701,6327
20250701,影视动漫,午马影视免费观看电视剧大全,551,20250701,6328
20250701,影视动漫,第二部《锦绣芳华》在线观看,551,20250701,6329
20250701,影视动漫,我的青春期,551,20250701,6330
20250701,影视动漫,超能陆战队,551,20250701,6331
20250701,影视动漫,片库,551,20250701,6332
20250701,影视动漫,神雕侠侣1995古天乐版免费观看,550,20250701,6333
20250701,影视动漫,中文在线字幕观看电视剧HD,550,20250701,6334
20250701,影视动漫,女子推理第一季在线观看,550,20250701,6335
20250701,影视动漫,三国演义电视剧,550,20250701,6336
20250701,影视动漫,人心不足蛇吞象短剧免费观看,550,20250701,6337
20250701,影视动漫,悲惨世界,550,20250701,6338
20250701,影视动漫,大风杀电影免费观看,550,20250701,6339
20250701,影视动漫,大河之水剧情介绍,550,20250701,6340
20250701,影视动漫,杰森斯坦森电影全集,550,20250701,6341
20250701,影视动漫,底线,550,20250701,6342
20250701,影视动漫,碟中谍5,550,20250701,6343
20250701,影视动漫,哈利波特电影免费观看,550,20250701,6344
20250701,影视动漫,男女生一起生产豆浆,550,20250701,6345
20250701,影视动漫,逆爱免费在线观看,550,20250701,6346
20250701,影视动漫,天才少年定乾坤短剧免费,550,20250701,6347
20250701,影视动漫,逆爱网剧第8集,550,20250701,6348
20250701,影视动漫,李泽瑞是什么电视剧里的人物,549,20250701,6349
20250701,影视动漫,终于高考始于新生短剧免费观看,549,20250701,6350
20250701,影视动漫,杨乃武与小白菜,549,20250701,6351
20250701,影视动漫,良心无悔电视剧免费全集播放,549,20250701,6352
20250701,影视动漫,《妻子3》在线观看免费版电视剧,549,20250701,6353
20250701,影视动漫,刁蛮公主电视剧免费观看完整版,549,20250701,6354
20250701,影视动漫,甜蜜惩罚2我是看守专用宠物未增删带翻译真人,549,20250701,6355
20250701,影视动漫,泰国电影,549,20250701,6356
20250701,影视动漫,焕羽电视剧免费观看全集在线播放,549,20250701,6357
20250701,影视动漫,给我免费播放电影在线观看,549,20250701,6358
20250701,影视动漫,下一站幸福电视剧全集免费观看,549,20250701,6359
20250701,影视动漫,科幻电影,548,20250701,6360
20250701,影视动漫,绀青之拳,548,20250701,6361
20250701,影视动漫,名侦探柯南免费观看,548,20250701,6362
20250701,影视动漫,猫眼热度,548,20250701,6363
20250701,影视动漫,咱们结婚吧全集免费观看,548,20250701,6364
20250701,影视动漫,星辰变第6季在线观看第23集,548,20250701,6365
20250701,影视动漫,逆爱办公室花絮全集完整版在线观看,548,20250701,6366
20250701,影视动漫,我是你家老祖宗短剧免费观看,548,20250701,6367
20250701,影视动漫,驯龙高手3电影免费观看完整版,548,20250701,6368
20250701,影视动漫,南风知我意,548,20250701,6369
20250701,影视动漫,邵氏经典电影,548,20250701,6370
20250701,影视动漫,花戎电视剧免费观看全集在线,548,20250701,6371
20250701,影视动漫,4399欧美电视剧免费观看大全,548,20250701,6372
20250701,影视动漫,以法之名剧情介绍电视猫,548,20250701,6373
20250701,影视动漫,三年中文在线观看免费观看高清版,548,20250701,6374
20250701,影视动漫,天工开物,548,20250701,6375
20250701,影视动漫,监狱风云,547,20250701,6376
20250701,影视动漫,时间之子在线观看免费完整版,547,20250701,6377
20250701,影视动漫,老师的绣感完整版,547,20250701,6378
20250701,影视动漫,星落凝成糖电视剧免费观看,547,20250701,6379
20250701,影视动漫,桑鹿封砚短剧,547,20250701,6380
20250701,影视动漫,中国之声,547,20250701,6381
20250701,影视动漫,都挺好演员表,547,20250701,6382
20250701,影视动漫,芭乐视app下载旧版本大全免费,547,20250701,6383
20250701,影视动漫,大汉天子,547,20250701,6384
20250701,影视动漫,after之后电影在线观看免费全集,547,20250701,6385
20250701,影视动漫,电视剧排行榜前十名,547,20250701,6386
20250701,影视动漫,李丽珍电影全集免费播放观看,547,20250701,6387
20250701,影视动漫,执行法官电视剧免费观看完整版,546,20250701,6388
20250701,影视动漫,玉女心经2之观音莲,546,20250701,6389
20250701,影视动漫,电视剧锦绣芳华免费观看全集,546,20250701,6390
20250701,影视动漫,以法之名最大保护伞是谁,546,20250701,6391
20250701,影视动漫,荆轲刺秦王,546,20250701,6392
20250701,影视动漫,艾克斯奥特曼,546,20250701,6393
20250701,影视动漫,零零七影视,546,20250701,6394
20250701,影视动漫,大理寺少卿游,546,20250701,6395
20250701,影视动漫,十八岁太奶奶,546,20250701,6396
20250701,影视动漫,爱情诡计,546,20250701,6397
20250701,影视动漫,抖音网页,546,20250701,6398
20250701,影视动漫,潜渊1到40集免费观看视频下载,546,20250701,6399
20250701,影视动漫,橘子影视,545,20250701,6400
20250701,影视动漫,逆爱2025全集免费观看完整版高清,545,20250701,6401
20250701,影视动漫,西游降魔篇,545,20250701,6402
20250701,影视动漫,好运来,545,20250701,6403
20250701,影视动漫,理论电影免费观看高清完整版在线观看熊出没重返地球,545,20250701,6404
20250701,影视动漫,老公不在公迫我免费观看电视剧,545,20250701,6405
20250701,影视动漫,电视剧酱园弄免费观看,545,20250701,6406
20250701,影视动漫,光棍影院手机免费观看视频大全在线观看,545,20250701,6407
20250701,影视动漫,正当防卫电视剧在线观看免费全集,545,20250701,6408
20250701,影视动漫,挠美女肚子腰和咯吱窝痒痒现实版,545,20250701,6409
20250701,影视动漫,风平浪静,545,20250701,6410
20250701,影视动漫,乡村爱情8,545,20250701,6411
20250701,影视动漫,琅琊榜电视剧免费观看完整版,545,20250701,6412
20250701,影视动漫,摩登家庭,544,20250701,6413
20250701,影视动漫,黑色大丽花,544,20250701,6414
20250701,影视动漫,偷清宝鉴电影国语免费观看,544,20250701,6415
20250701,影视动漫,意大利电影《贪欢》免费观看,544,20250701,6416
20250701,影视动漫,请好好疼爱里面第五集,544,20250701,6417
20250701,影视动漫,爱情与灵药无删减版在线观看电视剧,544,20250701,6418
20250701,影视动漫,东北往事之黑道风云20年未删节电视剧,544,20250701,6419
20250701,影视动漫,幸福到万家,544,20250701,6420
20250701,影视动漫,年轻的女孩,544,20250701,6421
20250701,影视动漫,新金瓶梅电视剧免费观看全集龚玥菲,543,20250701,6422
20250701,影视动漫,开国大典,543,20250701,6423
20250701,影视动漫,金蝉脱壳,543,20250701,6424
20250701,影视动漫,许凯主演的电视剧大全(全部),543,20250701,6425
20250701,影视动漫,日本片,543,20250701,6426
20250701,影视动漫,溺爱电视剧免费观看,543,20250701,6427
20250701,影视动漫,唐探1900免费观看,543,20250701,6428
20250701,影视动漫,盖亚奥特曼,543,20250701,6429
20250701,影视动漫,555电视剧最新netflix,543,20250701,6430
20250701,影视动漫,爱的迫降电视剧免费观看全集在线高清,543,20250701,6431
20250701,影视动漫,这就是我的西游综艺免费观看,543,20250701,6432
20250701,影视动漫,禁忌电影免费观看电视剧,543,20250701,6433
20250701,影视动漫,火影忍者720集全集高清在线观看,543,20250701,6434
20250701,影视动漫,安娜电影完整版免费观看,543,20250701,6435
20250701,影视动漫,出师一表真名世全集免费,542,20250701,6436
20250701,影视动漫,课中坏事,542,20250701,6437
20250701,影视动漫,吞天记动漫在线观看全集免费高清,542,20250701,6438
20250701,影视动漫,铁血使命,542,20250701,6439
20250701,影视动漫,cupfox,542,20250701,6440
20250701,影视动漫,央视8台电视节目表,542,20250701,6441
20250701,影视动漫,比基尼女装热舞视频大全,542,20250701,6442
20250701,影视动漫,可疑的美容院,542,20250701,6443
20250701,影视动漫,我的人间烟火 电视剧,542,20250701,6444
20250701,影视动漫,看电影,542,20250701,6445
20250701,影视动漫,芭比之梦想豪宅,542,20250701,6446
20250701,影视动漫,三年成全免费观看大全在线观看,542,20250701,6447
20250701,影视动漫,八佰电影免费高清完整版在线观看,542,20250701,6448
20250701,影视动漫,老板娘3在线观看免费完整版电视剧,542,20250701,6449
20250701,影视动漫,樱花动漫专注的门户网站-专注动漫的,542,20250701,6450
20250701,影视动漫,樱花影院,541,20250701,6451
20250701,影视动漫,娼年电影,541,20250701,6452
20250701,影视动漫,挠痒痒视频,541,20250701,6453
20250701,影视动漫,无限超越班第三季在线观看,541,20250701,6454
20250701,影视动漫,《玉尺经》高清版完整版,541,20250701,6455
20250701,影视动漫,痴人之爱在线观看电视剧免费版,541,20250701,6456
20250701,影视动漫,真人老太太实战镖客视频大全,541,20250701,6457
20250701,影视动漫,电视剧《潜渊》,541,20250701,6458
20250701,影视动漫,走向共和电视剧在线观看免费高清,541,20250701,6459
20250701,影视动漫,归来凤栖处短剧免费全集,541,20250701,6460
20250701,影视动漫,二嫁明月短剧全集播放免费观看,541,20250701,6461
20250701,影视动漫,装腔启示录电视剧免费观看完整版,541,20250701,6462
20250701,影视动漫,沧元图第二季在线完整免费观看,541,20250701,6463
20250701,影视动漫,蜡笔小新煤炭镇小白,541,20250701,6464
20250701,影视动漫,仙逆全集在线观看完整版高清,541,20250701,6465
20250701,影视动漫,红嫁衣电影在线高清免费观看,541,20250701,6466
20250701,影视动漫,二十分钟左右的短片,541,20250701,6467
20250701,影视动漫,芸汐传电视剧免费观看全集完整版,540,20250701,6468
20250701,影视动漫,向涟苍士献上纯洁免费观看全集高清动漫,540,20250701,6469
20250701,影视动漫,《逆爱》by柴鸡蛋电视剧在线观看,540,20250701,6470
20250701,影视动漫,唐顿庄园,540,20250701,6471
20250701,影视动漫,远大前程,540,20250701,6472
20250701,影视动漫,命定之人,540,20250701,6473
20250701,影视动漫,动作片,540,20250701,6474
20250701,影视动漫,路西法,540,20250701,6475
20250701,影视动漫,菠萝视频免费观看电视剧全集高清,540,20250701,6476
20250701,影视动漫,喜爱夜蒲2,540,20250701,6477
20250701,影视动漫,终将成为你,539,20250701,6478
20250701,影视动漫,全员加速中2023,539,20250701,6479
20250701,影视动漫,拿着手术刀的猎人,539,20250701,6480
20250701,影视动漫,不卡影院,539,20250701,6481
20250701,影视动漫,暗算电视剧免费完整版在线观看,539,20250701,6482
20250701,影视动漫,我们走在大路上,539,20250701,6483
20250701,影视动漫,白鹿原电视剧免费全集在线播放,539,20250701,6484
20250701,影视动漫,港剧,539,20250701,6485
20250701,影视动漫,误杀2,539,20250701,6486
20250701,影视动漫,擦边视频,539,20250701,6487
20250701,影视动漫,77777影院在线观看电视剧大全查询,538,20250701,6488
20250701,影视动漫,《临江仙》免费观看全集,538,20250701,6489
20250701,影视动漫,熊先生在冬眠中动漫免费观看,538,20250701,6490
20250701,影视动漫,任素汐电视剧,538,20250701,6491
20250701,影视动漫,光之美少女,538,20250701,6492
20250701,影视动漫,人生之路在线观看完整版免费高清电视剧,538,20250701,6493
20250701,影视动漫,女士的品格,538,20250701,6494
20250701,影视动漫,9.1成长视频蘑菇视频,538,20250701,6495
20250701,影视动漫,辣身危情电影高清完整版,538,20250701,6496
20250701,影视动漫,谢文东,538,20250701,6497
20250701,影视动漫,浪客剑心,538,20250701,6498
20250701,影视动漫,玲珑,538,20250701,6499
20250701,影视动漫,本山大叔一路走好视频,538,20250701,6500
20250701,影视动漫,戴拿奥特曼,538,20250701,6501
20250701,影视动漫,以法之名剧情分集介绍,538,20250701,6502
20250701,影视动漫,美丽的小蜜桃3,538,20250701,6503
20250701,影视动漫,爱的厘米,538,20250701,6504
20250701,影视动漫,大秦帝国,538,20250701,6505
20250701,影视动漫,策驰影院免费观影在线观看,538,20250701,6506
20250701,影视动漫,驯服儿媳免费观看全集电视剧中文版,538,20250701,6507
20250701,影视动漫,错位电视剧免费观看全集,538,20250701,6508
20250701,影视动漫,使徒行者,538,20250701,6509
20250701,影视动漫,鸭王2电视剧国语,537,20250701,6510
20250701,影视动漫,情之债电视剧全集免费播放,537,20250701,6511
20250701,影视动漫,巨人族的新娘花嫁,537,20250701,6512
20250701,影视动漫,夜色暗涌时电视剧在线观看免费完整版高清国语,537,20250701,6513
20250701,影视动漫,女大学生的沙龙,537,20250701,6514
20250701,影视动漫,野兽们的战争,537,20250701,6515
20250701,影视动漫,斗破苍穹在线观看,537,20250701,6516
20250701,影视动漫,中文在线字幕观看电视剧hd,537,20250701,6517
20250701,影视动漫,警察锅哥电视剧1-40免费观看,537,20250701,6518
20250701,影视动漫,大侦探·拾光季 2025,537,20250701,6519
20250701,影视动漫,外出电影,537,20250701,6520
20250701,影视动漫,火舞倾城电视剧在线观看免费版,537,20250701,6521
20250701,影视动漫,迎风的青春,537,20250701,6522
20250701,影视动漫,电影全片免费看完整版,537,20250701,6523
20250701,影视动漫,旋风少女第二季免费观看完整版,537,20250701,6524
20250701,影视动漫,神马影院免费观看电视剧全职高手,537,20250701,6525
20250701,影视动漫,风筝电视剧,537,20250701,6526
20250701,影视动漫,逆爱柴鸡蛋电视剧在线观看免费高清版,536,20250701,6527
20250701,影视动漫,2025《逆爱》网剧在线观看免费,536,20250701,6528
20250701,影视动漫,绽放吧百合电视剧全集免费,536,20250701,6529
20250701,影视动漫,扫黑风暴免费观看完整版,536,20250701,6530
20250701,影视动漫,新大陆,536,20250701,6531
20250701,影视动漫,老湿影院,536,20250701,6532
20250701,影视动漫,闵勇第十二集在线观看免费,536,20250701,6533
20250701,影视动漫,邻座的怪同学,536,20250701,6534
20250701,影视动漫,美女与野兽,535,20250701,6535
20250701,影视动漫,春色寄情人,535,20250701,6536
20250701,影视动漫,刘宇宁 书卷一梦,535,20250701,6537
20250701,影视动漫,贪婪欲望之岛,535,20250701,6538
20250701,影视动漫,爸爸当家第四季免费观看完整版,535,20250701,6539
20250701,影视动漫,温网直播在线观看CCTV5,535,20250701,6540
20250701,影视动漫,成全电影大全在线观看高清免费播放捉妖记,535,20250701,6541
20250701,影视动漫,阳光电影,535,20250701,6542
20250701,影视动漫,动画,535,20250701,6543
20250701,影视动漫,逆爱短剧,535,20250701,6544
20250701,影视动漫,聚会的目的2,535,20250701,6545
20250701,影视动漫,志愿军雄兵出击,535,20250701,6546
20250701,影视动漫,周星驰的电影,535,20250701,6547
20250701,影视动漫,爱在天堂地狱时短剧免费观看,535,20250701,6548
20250701,影视动漫,晚娘2,535,20250701,6549
20250701,影视动漫,ok哥环球探海记,534,20250701,6550
20250701,影视动漫,黄沙漫天,534,20250701,6551
20250701,影视动漫,overflow动漫,534,20250701,6552
20250701,影视动漫,泰国电影《初次深交流》,534,20250701,6553
20250701,影视动漫,特邀送货员2024中字,534,20250701,6554
20250701,影视动漫,时光代理人第二季免费观看,534,20250701,6555
20250701,影视动漫,红雀,534,20250701,6556
20250701,影视动漫,神印王座动漫在线观看全集免费播放,534,20250701,6557
20250701,影视动漫,暗光短剧免费观看全集,533,20250701,6558
20250701,影视动漫,韩漫 双男主,533,20250701,6559
20250701,影视动漫,史努比,533,20250701,6560
20250701,影视动漫,流金岁月演员表,533,20250701,6561
20250701,影视动漫,小小影视 官网下载,533,20250701,6562
20250701,影视动漫,死神千年血战篇,533,20250701,6563
20250701,影视动漫,追影猫,533,20250701,6564
20250701,影视动漫,卧虎藏龙,533,20250701,6565
20250701,影视动漫,让子弹飞高清完整版免费观看,533,20250701,6566
20250701,影视动漫,殊途同归,533,20250701,6567
20250701,影视动漫,热线女孩,533,20250701,6568
20250701,影视动漫,雷神,532,20250701,6569
20250701,影视动漫,逆爱1-24集全免费播放在线观看,532,20250701,6570
20250701,影视动漫,逆爱多少集,532,20250701,6571
20250701,影视动漫,贪婪,532,20250701,6572
20250701,影视动漫,重启之极海听雷第一季免费观看,532,20250701,6573
20250701,影视动漫,罗曼蒂克消亡史电影完整版,532,20250701,6574
20250701,影视动漫,雪迷宫电视剧在线观看,532,20250701,6575
20250701,影视动漫,小寡妇免费观看高清电视剧大全,532,20250701,6576
20250701,影视动漫,爱死机,532,20250701,6577
20250701,影视动漫,我唾弃你的坟墓电影免费完整,532,20250701,6578
20250701,影视动漫,pinkerton动漫高清免费观看,532,20250701,6579
20250701,影视动漫,clicli动漫,532,20250701,6580
20250701,影视动漫,赶海视频,532,20250701,6581
20250701,影视动漫,罗马假日,532,20250701,6582
20250701,影视动漫,以法之名兰景茗,531,20250701,6583
20250701,影视动漫,火烧圆明园,531,20250701,6584
20250701,影视动漫,逆爱演员表,531,20250701,6585
20250701,影视动漫,满江红,531,20250701,6586
20250701,影视动漫,影院在线观看免费观看电视,531,20250701,6587
20250701,影视动漫,加代的结局和死因,531,20250701,6588
20250701,影视动漫,哈姆雷特,531,20250701,6589
20250701,影视动漫,森林进化论2025,531,20250701,6590
20250701,影视动漫,杨紫演的电视剧,531,20250701,6591
20250701,影视动漫,免费观看在线观看电影,531,20250701,6592
20250701,影视动漫,羞羞的视频,531,20250701,6593
20250701,影视动漫,芭比公主所有的大电影免费观看,531,20250701,6594
20250701,影视动漫,法律讲堂生活版,531,20250701,6595
20250701,影视动漫,黎明前的抉择免费观看全集电视剧,531,20250701,6596
20250701,影视动漫,小蜜桃免费观看高清电视剧完整版,531,20250701,6597
20250701,影视动漫,不列颠尼亚第一季,531,20250701,6598
20250701,影视动漫,否极泰来电影免费观看完整版高清,530,20250701,6599
20250701,影视动漫,斯巴达克斯第四季全集在线观看国语高清,530,20250701,6600
20250701,影视动漫,《藏海传》免费看全集网站,530,20250701,6601
20250701,影视动漫,遮天116集在线观看,530,20250701,6602
20250701,影视动漫,救赎,530,20250701,6603
20250701,影视动漫,小小影视官网,530,20250701,6604
20250701,影视动漫,斗破苍穹年番免费完整版在线观看,530,20250701,6605
20250701,影视动漫,白月梵星演员表,530,20250701,6606
20250701,影视动漫,兵临城下免费完整版在线观看,530,20250701,6607
20250701,影视动漫,脱衣服,530,20250701,6608
20250701,影视动漫,欢笑老弄堂演员表,530,20250701,6609
20250701,影视动漫,绽放的许开心全集免费,529,20250701,6610
20250701,影视动漫,看剧网,529,20250701,6611
20250701,影视动漫,绽放的许开心全集免费观看,529,20250701,6612
20250701,影视动漫,我把刘姨俩腿扛在肩上是哪一集的,529,20250701,6613
20250701,影视动漫,南瓜影院,529,20250701,6614
20250701,影视动漫,红果免短刷新版2025,529,20250701,6615
20250701,影视动漫,电影《在丈夫面前被欺负》,529,20250701,6616
20250701,影视动漫,恐怖片排行榜前十名电影,529,20250701,6617
20250701,影视动漫,滟姆动漫1到6全集完整,529,20250701,6618
20250701,影视动漫,《照顾兄弟的女朋友》,529,20250701,6619
20250701,影视动漫,永夜星河 电视剧,529,20250701,6620
20250701,影视动漫,1996版杨思敏1-5集主演是谁,529,20250701,6621
20250701,影视动漫,少女初恋吃小头头视频免费播放,529,20250701,6622
20250701,影视动漫,神犬奇兵,529,20250701,6623
20250701,影视动漫,美国队长,529,20250701,6624
20250701,影视动漫,悬镜电视剧免费观看全集完整版,529,20250701,6625
20250701,影视动漫,警察荣誉,529,20250701,6626
20250701,影视动漫,陷入我们的热恋免费观看完整版,529,20250701,6627
20250701,影视动漫,最近最火的三部电视剧,529,20250701,6628
20250701,影视动漫,喜洋洋与灰太狼,529,20250701,6629
20250701,影视动漫,电影<哪吒2>,529,20250701,6630
20250701,影视动漫,繁花演员表,529,20250701,6631
20250701,影视动漫,电影推荐情侣深夜,529,20250701,6632
20250701,影视动漫,原来新神马电影手机版,529,20250701,6633
20250701,影视动漫,电视剧以法为名剧情介绍,528,20250701,6634
20250701,影视动漫,潘金莲电视剧香港版,528,20250701,6635
20250701,影视动漫,黑桃tv,528,20250701,6636
20250701,影视动漫,哪吒之魔童闹海2免费观看完整版,528,20250701,6637
20250701,影视动漫,法国空乘2019在线观看完整免费高清原声满天星奔跑吧ep,528,20250701,6638
20250701,影视动漫,变态剪衣服的视频大全,528,20250701,6639
20250701,影视动漫,cctv4在线直播,528,20250701,6640
20250701,影视动漫,我的体育老师电视剧免费观看完整版,528,20250701,6641
20250701,影视动漫,藏海传电视剧在线观看,528,20250701,6642
20250701,影视动漫,大地资源二中文在线观看下载,528,20250701,6643
20250701,影视动漫,情深深雨濛濛全集免费观看完整版,528,20250701,6644
20250701,影视动漫,识骨寻踪,528,20250701,6645
20250701,影视动漫,斗罗大陆免费观看完整在线观看,527,20250701,6646
20250701,影视动漫,钢铁之心,527,20250701,6647
20250701,影视动漫,mifun动漫官方下载app,527,20250701,6648
20250701,影视动漫,依法之名剧情简介,527,20250701,6649
20250701,影视动漫,抖音客服电话,527,20250701,6650
20250701,影视动漫,无颜之月在线观看动漫完整免费版电视剧第五集,527,20250701,6651
20250701,影视动漫,苍龙影视,527,20250701,6652
20250701,影视动漫,蜜桃免费观看电视剧在线观看2023,527,20250701,6653
20250701,影视动漫,逆爱台剧双男主电视剧免费观看,527,20250701,6654
20250701,影视动漫,六姐妹,527,20250701,6655
20250701,影视动漫,睡美人,527,20250701,6656
20250701,影视动漫,羞耻,526,20250701,6657
20250701,影视动漫,下一站婚姻,526,20250701,6658
20250701,影视动漫,五十度三部曲,526,20250701,6659
20250701,影视动漫,黑帮领地,526,20250701,6660
20250701,影视动漫,三人成全免费观看电视剧高清完整版,526,20250701,6661
20250701,影视动漫,我叫赵甲第第一季免费观看全集高清,526,20250701,6662
20250701,影视动漫,魏哲鸣主演的电视剧,526,20250701,6663
20250701,影视动漫,《租借女友》动漫第二季,526,20250701,6664
20250701,影视动漫,一剑葬神十万秋,526,20250701,6665
20250701,影视动漫,大叔与妹妹免费观看电视剧高清,526,20250701,6666
20250701,影视动漫,人人,526,20250701,6667
20250701,影视动漫,毛雪汪2025综艺免费观看,526,20250701,6668
20250701,影视动漫,美景之屋在线,526,20250701,6669
20250701,影视动漫,去有风的地方演员表,526,20250701,6670
20250701,影视动漫,美剧排行榜前十名经典,526,20250701,6671
20250701,影视动漫,中文字幕免费高清电视剧网大全,525,20250701,6672
20250701,影视动漫,为何是你完整版电影免费观看,525,20250701,6673
20250701,影视动漫,大胸跳舞,525,20250701,6674
20250701,影视动漫,葫芦兄弟,525,20250701,6675
20250701,影视动漫,终结者,525,20250701,6676
20250701,影视动漫,盲井,525,20250701,6677
20250701,影视动漫,复活,525,20250701,6678
20250701,影视动漫,我爱你,525,20250701,6679
20250701,影视动漫,就算敏感点也无妨,525,20250701,6680
20250701,影视动漫,大象传媒2025隐藏入口,525,20250701,6681
20250701,影视动漫,文豪野犬第三季,525,20250701,6682
20250701,影视动漫,独眼的残像免费观看,524,20250701,6683
20250701,影视动漫,战狼1,524,20250701,6684
20250701,影视动漫,玄月影评,524,20250701,6685
20250701,影视动漫,幸福像花儿一样,524,20250701,6686
20250701,影视动漫,白牛视频,524,20250701,6687
20250701,影视动漫,悟空影视在线观看免费观看,524,20250701,6688
20250701,影视动漫,花与蛇电影,524,20250701,6689
20250701,影视动漫,浙江卫视今天节目表,524,20250701,6690
20250701,影视动漫,口罩男子不想谈恋爱动漫在线观看,524,20250701,6691
20250701,影视动漫,悲伤逆流成河,524,20250701,6692
20250701,影视动漫,奖励女孩的素材视频,524,20250701,6693
20250701,影视动漫,新金瓶梅2,524,20250701,6694
20250701,影视动漫,地道战,524,20250701,6695
20250701,影视动漫,法国电影《我要》完整播放,524,20250701,6696
20250701,影视动漫,逃学神探,524,20250701,6697
20250701,影视动漫,因为爱情有多美,523,20250701,6698
20250701,影视动漫,cctv4,523,20250701,6699
20250701,影视动漫,抖音视频如何下载保存,523,20250701,6700
20250701,影视动漫,无名之辈2,523,20250701,6701
20250701,影视动漫,熊出没之逆转时空免费观看高清版,523,20250701,6702
20250701,影视动漫,幸福触手可及电视剧全集免费播放,523,20250701,6703
20250701,影视动漫,星野和光头哥视频原版在哪里,523,20250701,6704
20250701,影视动漫,twitch,523,20250701,6705
20250701,影视动漫,一念永恒免费观看完整版高清在线观看,523,20250701,6706
20250701,影视动漫,完美救赎电视剧免费观看,523,20250701,6707
20250701,影视动漫,将军,523,20250701,6708
20250701,影视动漫,三年大片观看免费大全国电影,523,20250701,6709
20250701,影视动漫,天降女子动漫,523,20250701,6710
20250701,影视动漫,cctv5今晚直播郑钦文,523,20250701,6711
20250701,影视动漫,火口的二人,523,20250701,6712
20250701,影视动漫,进击的巨人第一季,522,20250701,6713
20250701,影视动漫,潘甜甜封神三部曲免费观看全集高清,522,20250701,6714
20250701,影视动漫,十八岁免费观看完整版,522,20250701,6715
20250701,影视动漫,电视剧大全,522,20250701,6716
20250701,影视动漫,苍狼电视剧全集免费播放,522,20250701,6717
20250701,影视动漫,《法国空乘4》在线观看,522,20250701,6718
20250701,影视动漫,天涯海角,522,20250701,6719
20250701,影视动漫,人间中毒完整版,522,20250701,6720
20250701,影视动漫,哪吒1,522,20250701,6721
20250701,影视动漫,以法之名电视剧免费观看吴磊,522,20250701,6722
20250701,影视动漫,一路向西在线看完整版,522,20250701,6723
20250701,影视动漫,凡人修仙传动漫免费观看,522,20250701,6724
20250701,影视动漫,马交配,522,20250701,6725
20250701,影视动漫,全能影视,522,20250701,6726
20250701,影视动漫,星辰影院电视剧在线看入口免费,522,20250701,6727
20250701,影视动漫,原来你还在这里免费观看电视剧,522,20250701,6728
20250701,影视动漫,亚刻奥特曼,522,20250701,6729
20250701,影视动漫,边水往事百度百科,521,20250701,6730
20250701,影视动漫,《法国少女农场》,521,20250701,6731
20250701,影视动漫,原来神马完整版在线观看,521,20250701,6732
20250701,影视动漫,淬火年代和大江大河的关系,521,20250701,6733
20250701,影视动漫,亲爱的天狐大人电视剧免费观看,521,20250701,6734
20250701,影视动漫,壮志凌云2,521,20250701,6735
20250701,影视动漫,侏罗纪公园3,521,20250701,6736
20250701,影视动漫,海上钢琴师,521,20250701,6737
20250701,影视动漫,人生开门红免费观看高清电影在线看,521,20250701,6738
20250701,影视动漫,金鱼妻,521,20250701,6739
20250701,影视动漫,无良公会免费观看全集,521,20250701,6740
20250701,影视动漫,特殊使命,521,20250701,6741
20250701,影视动漫,勋章,521,20250701,6742
20250701,影视动漫,姓爱自修室第二季电视剧免费观看鲜血淋漓,521,20250701,6743
20250701,影视动漫,锦绣芳华在线免费观看,521,20250701,6744
20250701,影视动漫,五福临门电视剧免费观看,521,20250701,6745
20250701,影视动漫,赛文奥特曼,520,20250701,6746
20250701,影视动漫,永夜星河电视剧在线观看全集免费播放,520,20250701,6747
20250701,影视动漫,女老师2在线观看电视剧免费版全集,520,20250701,6748
20250701,影视动漫,哪吒之魔童降临,520,20250701,6749
20250701,影视动漫,霜花店电影在线观看免费高清版,520,20250701,6750
20250701,影视动漫,赵丽颖电视剧,520,20250701,6751
20250701,影视动漫,重启之极海听雷第二季,520,20250701,6752
20250701,影视动漫,2019中文在线高清观看电视剧,520,20250701,6753
20250701,影视动漫,十面埋伏,520,20250701,6754
20250701,影视动漫,f1电影,520,20250701,6755
20250701,影视动漫,女女在线观看电视剧高清免费,519,20250701,6756
20250701,影视动漫,电影731,519,20250701,6757
20250701,影视动漫,疯狂原始人,519,20250701,6758
20250701,影视动漫,梁祝,519,20250701,6759
20250701,影视动漫,十八岁在线观看免费全集,519,20250701,6760
20250701,影视动漫,最强大脑,519,20250701,6761
20250701,影视动漫,空即是色彩电影完整版在线观看,519,20250701,6762
20250701,影视动漫,聊斋兰若寺,519,20250701,6763
20250701,影视动漫,高叶主演的电视剧,519,20250701,6764
20250701,影视动漫,舍不得星星免费版电视剧免费观看,519,20250701,6765
20250701,影视动漫,苍元图,519,20250701,6766
20250701,影视动漫,蜜桃成熟时2,518,20250701,6767
20250701,影视动漫,南瓜影视,518,20250701,6768
20250701,影视动漫,种地吧第二季免费观看完整版,518,20250701,6769
20250701,影视动漫,王牌对王牌2025免费观看完整版,518,20250701,6770
20250701,影视动漫,喜剧之王单口季第二季,518,20250701,6771
20250701,影视动漫,坏狗电视剧,518,20250701,6772
20250701,影视动漫,三年中文在线观看免费高清第4版,518,20250701,6773
20250701,影视动漫,爱你在线观看全集免费张凌赫,518,20250701,6774
20250701,影视动漫,《神印王座》动漫,518,20250701,6775
20250701,影视动漫,我家大师兄脑子有坑第一季免费,517,20250701,6776
20250701,影视动漫,英雄使命,517,20250701,6777
20250701,影视动漫,不完美的受害人电视剧免费观看全集,517,20250701,6778
20250701,影视动漫,青瓷电视剧免费全集在线观看,517,20250701,6779
20250701,影视动漫,剑雨,517,20250701,6780
20250701,影视动漫,哭悲在线观看免费高清恐怖普通话,517,20250701,6781
20250701,影视动漫,苍空高清完整版在线观看,517,20250701,6782
20250701,影视动漫,电影《出轨》免费观看全集,517,20250701,6783
20250701,影视动漫,黑狐,517,20250701,6784
20250701,影视动漫,大嫂,516,20250701,6785
20250701,影视动漫,羞耻电影免费观看完整版电影,516,20250701,6786
20250701,影视动漫,光头强动画片全集免费观看,516,20250701,6787
20250701,影视动漫,八仙过海,516,20250701,6788
20250701,影视动漫,日剧《再来一次》高清版在线观看,516,20250701,6789
20250701,影视动漫,yy4480青苹果乐园,516,20250701,6790
20250701,影视动漫,人世间电视剧免费观看全集完整版,516,20250701,6791
20250701,影视动漫,黑色月光在线观看免费高清版电视剧,516,20250701,6792
20250701,影视动漫,森林里的熊先生无删节完整版,516,20250701,6793
20250701,影视动漫,急诊科医生在线观看全集免费,516,20250701,6794
20250701,影视动漫,听不到的爱短剧免费观看,515,20250701,6795
20250701,影视动漫,逆爱办公室幕后花絮完整版,515,20250701,6796
20250701,影视动漫,宋承宪《人间中毒》,515,20250701,6797
20250701,影视动漫,以法之名江旭东什么职位,515,20250701,6798
20250701,影视动漫,杨紫《锦绣芳华》电视剧在线观看免费,515,20250701,6799
20250701,影视动漫,逆爱第7集免费观看完整版,515,20250701,6800
20250701,影视动漫,开封府电视剧全集免费观看,515,20250701,6801
20250701,影视动漫,人生大事,515,20250701,6802
20250701,影视动漫,开心超人之逆世营救电影,515,20250701,6803
20250701,影视动漫,长相思演员表,515,20250701,6804
20250701,影视动漫,幸福二重奏,515,20250701,6805
20250701,影视动漫,夏至未至电视剧免费观看完整版,515,20250701,6806
20250701,影视动漫,完美救赎电视剧,515,20250701,6807
20250701,影视动漫,好事成双,515,20250701,6808
20250701,影视动漫,战后之战全集完整版免费观看,514,20250701,6809
20250701,影视动漫,金钱之味电影在线观看完整免费,514,20250701,6810
20250701,影视动漫,云天之上免费观看在线视频,514,20250701,6811
20250701,影视动漫,第9节 妈妈女儿齐上阵,514,20250701,6812
20250701,影视动漫,十八岁免费完整版在线观看,514,20250701,6813
20250701,影视动漫,番茄视频追剧,514,20250701,6814
20250701,影视动漫,上错花轿嫁对郎免费全集在线播放,514,20250701,6815
20250701,影视动漫,人间烟火,514,20250701,6816
20250701,影视动漫,哈哈哈哈哈哈哈第5季免费,514,20250701,6817
20250701,影视动漫,《放纵的游轮1980英文》,514,20250701,6818
20250701,影视动漫,菲梦少女第一季免费观看,514,20250701,6819
20250701,影视动漫,固次元,513,20250701,6820
20250701,影视动漫,楼外楼电视剧免费观看全集,513,20250701,6821
20250701,影视动漫,好看的电影推荐大片9.0以上评分,513,20250701,6822
20250701,影视动漫,南洋十大邪术电影国语在线观看无删减,513,20250701,6823
20250701,影视动漫,暴躁少女15岁免费观看电视剧,513,20250701,6824
20250701,影视动漫,东北农村搞破鞋视频大全,513,20250701,6825
20250701,影视动漫,无尽的无尽电视剧全集免费观看高清下载,513,20250701,6826
20250701,影视动漫,住在隔壁女孩电影免费观看全集,513,20250701,6827
20250701,影视动漫,时间之子电影完整版免费观看,513,20250701,6828
20250701,影视动漫,食人族,513,20250701,6829
20250701,影视动漫,明星大侦探第四季,513,20250701,6830
20250701,影视动漫,《无法拒绝的女人》韩剧,513,20250701,6831
20250701,影视动漫,逆爱第一集免费观看,512,20250701,6832
20250701,影视动漫,狗狗配狗的视频,512,20250701,6833
20250701,影视动漫,男同电影,512,20250701,6834
20250701,影视动漫,爱美剧,512,20250701,6835
20250701,影视动漫,播放器,512,20250701,6836
20250701,影视动漫,面具电视剧全集免费观看,512,20250701,6837
20250701,影视动漫,知否知否,512,20250701,6838
20250701,影视动漫,枫与铃动漫,512,20250701,6839
20250701,影视动漫,沙丘,512,20250701,6840
20250701,影视动漫,电视剧以法之名剧情介绍,511,20250701,6841
20250701,影视动漫,高校教师成熟,511,20250701,6842
20250701,影视动漫,黑铁的鱼影,511,20250701,6843
20250701,影视动漫,隐入尘烟,511,20250701,6844
20250701,影视动漫,播放美国生活大片,511,20250701,6845
20250701,影视动漫,逆爱在哪个平台可以看完整版,511,20250701,6846
20250701,影视动漫,《美容院的特殊待遇》,511,20250701,6847
20250701,影视动漫,肖战电视剧,511,20250701,6848
20250701,影视动漫,军中乐园,511,20250701,6849
20250701,影视动漫,芈月传演员表,511,20250701,6850
20250701,影视动漫,猪猪侠之竞速小英雄第九季全集免费,511,20250701,6851
20250701,影视动漫,名侦探柯楠独眼的残像百度网盘,511,20250701,6852
20250701,影视动漫,蜜桃成熟2,511,20250701,6853
20250701,影视动漫,初代奥特曼,511,20250701,6854
20250701,影视动漫,繁城之下,511,20250701,6855
20250701,影视动漫,高校教师郝板栗1985,511,20250701,6856
20250701,影视动漫,《书卷一梦》高清在线观看-免费全集,511,20250701,6857
20250701,影视动漫,闪婚后我成了大佬的掌中之物免费观看,511,20250701,6858
20250701,影视动漫,古装电视剧,510,20250701,6859
20250701,影视动漫,喜羊羊与灰太狼之异国大营救,510,20250701,6860
20250701,影视动漫,深潜,510,20250701,6861
20250701,影视动漫,折腰分集剧情介绍,510,20250701,6862
20250701,影视动漫,老炮儿,510,20250701,6863
20250701,影视动漫,以法之名大结局是什么,510,20250701,6864
20250701,影视动漫,小猪佩奇英文版免费观看,510,20250701,6865
20250701,影视动漫,敲敲门,510,20250701,6866
20250701,影视动漫,花房姑娘大全免费观看电视剧,510,20250701,6867
20250701,影视动漫,男欢女爱在线观看电视剧全集免费播放,509,20250701,6868
20250701,影视动漫,志愿军存亡之战,509,20250701,6869
20250701,影视动漫,白日梦想家电影免费观看完整版,509,20250701,6870
20250701,影视动漫,腾讯start,509,20250701,6871
20250701,影视动漫,夫妻的世界,509,20250701,6872
20250701,影视动漫,狐妖小红娘王权篇电视剧免费观看,509,20250701,6873
20250701,影视动漫,李卫当官第一部免费版在线观看,509,20250701,6874
20250701,影视动漫,城市猎人,509,20250701,6875
20250701,影视动漫,焚情,509,20250701,6876
20250701,影视动漫,完美世界在线全集免费观看,509,20250701,6877
20250701,影视动漫,双男主的动漫,509,20250701,6878
20250701,影视动漫,恋恋不忘,509,20250701,6879
20250701,影视动漫,同房视频,509,20250701,6880
20250701,影视动漫,绝对零度,509,20250701,6881
20250701,影视动漫,逆爱2025电视剧在线观看免费,509,20250701,6882
20250701,影视动漫,日历女孩韩剧,509,20250701,6883
20250701,影视动漫,遥远的边城,509,20250701,6884
20250701,影视动漫,爱我几何,509,20250701,6885
20250701,影视动漫,《帐篷里的秘密》,509,20250701,6886
20250701,影视动漫,狐妖小红娘王权篇,509,20250701,6887
20250701,影视动漫,古相思曲,509,20250701,6888
20250701,影视动漫,抖音极速版下载,509,20250701,6889
20250701,影视动漫,地狱旅馆,509,20250701,6890
20250701,影视动漫,古墓丽影,509,20250701,6891
20250701,影视动漫,血色浪漫电视剧免费观看完整版,508,20250701,6892
20250701,影视动漫,中央5 今天现场直播,508,20250701,6893
20250701,影视动漫,贵女除恶记短剧,508,20250701,6894
20250701,影视动漫,当鸟动漫,508,20250701,6895
20250701,影视动漫,灵魂摆渡第一季免费观看完整版,508,20250701,6896
20250701,影视动漫,人马猪狗驴高清视频,508,20250701,6897
20250701,影视动漫,三体电视剧,508,20250701,6898
20250701,影视动漫,妖怪都市,508,20250701,6899
20250701,影视动漫,功勋,508,20250701,6900
20250701,影视动漫,楚乔传电视剧免费观看全集,508,20250701,6901
20250701,影视动漫,成全世界免费高清在线看,508,20250701,6902
20250701,影视动漫,樱花在线视频免费观看电视剧,508,20250701,6903
20250701,影视动漫,以法之名张译电视剧在线观看免费,508,20250701,6904
20250701,影视动漫,初恋那件小事,508,20250701,6905
20250701,影视动漫,k8经典网,508,20250701,6906
20250701,影视动漫,直播视频,508,20250701,6907
20250701,影视动漫,男女之间的唏唏哩哩原声视频,508,20250701,6908
20250701,影视动漫,伊波拉病毒无删减免费观看完整国语版,508,20250701,6909
20250701,影视动漫,卒火年代电视剧在线观看,508,20250701,6910
20250701,影视动漫,豆花官网官方免费入口,508,20250701,6911
20250701,影视动漫,他来了请闭眼电视剧免费全集在线观看,507,20250701,6912
20250701,影视动漫,甜蜜惩罚第二季全集台词无马赛真人,507,20250701,6913
20250701,影视动漫,西部世界在线观看完整免费高清,507,20250701,6914
20250701,影视动漫,tiktok中文叫什么,507,20250701,6915
20250701,影视动漫,大米星球netflix,507,20250701,6916
20250701,影视动漫,逆爱电视剧免费观看全集高清版在线播放,507,20250701,6917
20250701,影视动漫,黄景瑜主演的电视剧大全免费观看,507,20250701,6918
20250701,影视动漫,爱的代价,507,20250701,6919
20250701,影视动漫,名侦探柯南独眼的残像免费观看,507,20250701,6920
20250701,影视动漫,七十二家房客,507,20250701,6921
20250701,影视动漫,借种电影,506,20250701,6922
20250701,影视动漫,《七根凶简》电视剧,506,20250701,6923
20250701,影视动漫,舞蹈生,506,20250701,6924
20250701,影视动漫,良辰好景知几何电视剧免费观看,506,20250701,6925
20250701,影视动漫,南风知我意电视剧免费观看完整版,506,20250701,6926
20250701,影视动漫,姓爱大师第一季电视剧,506,20250701,6927
20250701,影视动漫,他从火光中走来,506,20250701,6928
20250701,影视动漫,伪恋,506,20250701,6929
20250701,影视动漫,东京爱情故事,506,20250701,6930
20250701,影视动漫,你是状元但你爹是王爷短剧免费观看,506,20250701,6931
20250701,影视动漫,六姊妹一共多少集,506,20250701,6932
20250701,影视动漫,我在精神病院学斩神动漫免费观看全集,506,20250701,6933
20250701,影视动漫,丛林激战在线观看免费完整电影,506,20250701,6934
20250701,影视动漫,北平无战事,506,20250701,6935
20250701,影视动漫,普罗米修斯,506,20250701,6936
20250701,影视动漫,贼王1995没有删除版免费观看,506,20250701,6937
20250701,影视动漫,七大罪,506,20250701,6938
20250701,影视动漫,坚如磐石在线观看完整版免费高清,506,20250701,6939
20250701,影视动漫,无赦之仇,505,20250701,6940
20250701,影视动漫,免费观看大片哔哩哔哩,505,20250701,6941
20250701,影视动漫,缘分在线观看免费完整版,505,20250701,6942
20250701,影视动漫,以法之名张文菁,505,20250701,6943
20250701,影视动漫,触摸电影免费观看国语版,505,20250701,6944
20250701,影视动漫,电视剧以法之名免费播放,505,20250701,6945
20250701,影视动漫,插曲的痛30全集免费观看高清版,505,20250701,6946
20250701,影视动漫,李彩覃的电影全集在线看韩剧,505,20250701,6947
20250701,影视动漫,痕迹电视剧免费观看全集超清,505,20250701,6948
20250701,影视动漫,飞哥大英雄演员表,505,20250701,6949
20250701,影视动漫,青娱乐,505,20250701,6950
20250701,影视动漫,黄金电影免费高清观看,505,20250701,6951
20250701,影视动漫,金瓶梅1,505,20250701,6952
20250701,影视动漫,空姐2法国版完整版,505,20250701,6953
20250701,影视动漫,《深入浅出》在线观看,505,20250701,6954
20250701,影视动漫,闭俗情侣和玩咖动漫免费观看第二集,505,20250701,6955
20250701,影视动漫,k3pccA片视频,505,20250701,6956
20250701,影视动漫,五哈第五季,505,20250701,6957
20250701,影视动漫,与狼共舞,505,20250701,6958
20250701,影视动漫,中央CCTV5十节目表今天有NBA吗,505,20250701,6959
20250701,影视动漫,无间,505,20250701,6960
20250701,影视动漫,田耕纪,504,20250701,6961
20250701,影视动漫,地缚少年花子君第一季免费观看全集,504,20250701,6962
20250701,影视动漫,有兽焉动漫全集免费观看完整版,504,20250701,6963
20250701,影视动漫,18岁高清电视剧,504,20250701,6964
20250701,影视动漫,央视5套节目表,504,20250701,6965
20250701,影视动漫,舌吻拉丝原唱播放视频,504,20250701,6966
20250701,影视动漫,纯洁的轮舞曲 动漫免费观看,504,20250701,6967
20250701,影视动漫,好运家,504,20250701,6968
20250701,影视动漫,迷宫饭,504,20250701,6969
20250701,影视动漫,以法之名李人骏,504,20250701,6970
20250701,影视动漫,真爱同心电影在线观看,504,20250701,6971
20250701,影视动漫,120分钟免费观看电视剧大全,504,20250701,6972
20250701,影视动漫,女子格斗,504,20250701,6973
20250701,影视动漫,与晨同光在线全集免费观看,504,20250701,6974
20250701,影视动漫,清明上河图密码,504,20250701,6975
20250701,影视动漫,芭蕾杀姬电影,503,20250701,6976
20250701,影视动漫,健将联盟韩剧免费观看全集,503,20250701,6977
20250701,影视动漫,911生猴子视频,503,20250701,6978
20250701,影视动漫,迷情动漫第一季免费完整版,503,20250701,6979
20250701,影视动漫,法国空姐满天星,503,20250701,6980
20250701,影视动漫,勇者无惧,503,20250701,6981
20250701,影视动漫,b站官网,503,20250701,6982
20250701,影视动漫,雏菊,503,20250701,6983
20250701,影视动漫,豚豚剧官方正版下载,503,20250701,6984
20250701,影视动漫,樱花动漫网站,503,20250701,6985
20250701,影视动漫,80s手机电影官网,503,20250701,6986
20250701,影视动漫,三国演义电视剧86版老版全集,503,20250701,6987
20250701,影视动漫,摇曳庄的幽奈小姐,503,20250701,6988
20250701,影视动漫,潜渊电视剧40集,503,20250701,6989
20250701,影视动漫,明星大侦探第六季,503,20250701,6990
20250701,影视动漫,人渣的本愿动漫,503,20250701,6991
20250701,影视动漫,少年歌行全集免费观看完整版,503,20250701,6992
20250701,影视动漫,藏海转电视剧免费观看完整版藏海传,503,20250701,6993
20250701,影视动漫,致命弯道2,503,20250701,6994
20250701,影视动漫,爸爸当家慢享季,502,20250701,6995
20250701,影视动漫,博人传全集免费观看完整版,502,20250701,6996
20250701,影视动漫,《琅琊榜》电视剧,502,20250701,6997
20250701,影视动漫,白色相簿,502,20250701,6998
20250701,影视动漫,美丽小蜜桃在线观看免费高清版电视剧,502,20250701,6999
20250701,影视动漫,千香电视剧全集免费观看高清,502,20250701,7000
20250701,影视动漫,暗夜情报员,502,20250701,7001
20250701,影视动漫,余罪第三季免费观看完整版,502,20250701,7002
20250701,影视动漫,清潭国际高中,502,20250701,7003
20250701,影视动漫,熊出没电影,502,20250701,7004
20250701,影视动漫,麻花传剧原创mv在线看完整版视频,502,20250701,7005
20250701,影视动漫,威尼斯之旅在线观看完整高清,501,20250701,7006
20250701,影视动漫,7777影院免费观看电视剧大全baoyu135,501,20250701,7007
20250701,影视动漫,云视听小电视,501,20250701,7008
20250701,影视动漫,赴山海免费观看完整版高清电视剧,501,20250701,7009
20250701,影视动漫,新三国演义,501,20250701,7010
20250701,影视动漫,电视剧《以法之名》免费观看,501,20250701,7011
20250701,影视动漫,猎金游戏免费观看,501,20250701,7012
20250701,影视动漫,老男孩在线观看完整版,501,20250701,7013
20250701,影视动漫,横风动漫app免费下载,501,20250701,7014
20250701,影视动漫,真相半白电视剧免费观看全集,501,20250701,7015
20250701,影视动漫,就算是爸爸,501,20250701,7016
20250701,影视动漫,搞笑电影,501,20250701,7017
20250701,影视动漫,许南音裴京墨短剧,501,20250701,7018
20250701,影视动漫,香山叶正红演员表,501,20250701,7019
20250701,影视动漫,隔壁的女孩2,501,20250701,7020
20250701,影视动漫,台剧,500,20250701,7021
20250701,影视动漫,雷欧奥特曼,500,20250701,7022
20250701,影视动漫,樱花动漫imomoe官网网页,500,20250701,7023
20250701,影视动漫,你比星光美丽电视剧免费观看完整版,500,20250701,7024
20250701,影视动漫,甄嬛传电视剧完整版免费观看高清,500,20250701,7025
20250701,影视动漫,逆爱第8集什么时候更新,500,20250701,7026
20250701,影视动漫,错嫁世子妃电视剧免费观看完整版,500,20250701,7027
20250701,影视动漫,苦尽甘来遇见你,500,20250701,7028
20250701,影视动漫,暴躁老妈45集大结局免费,500,20250701,7029
20250701,影视动漫,小品一家人,500,20250701,7030
20250701,影视动漫,漫威电影观看顺序,500,20250701,7031
20250701,影视动漫,在线免费看影视网站,500,20250701,7032
20250701,影视动漫,风骚律师,500,20250701,7033
20250701,影视动漫,意大利电影,500,20250701,7034
20250701,影视动漫,夕颜动漫,500,20250701,7035
20250701,影视动漫,因法之名1-40集免费看,500,20250701,7036
20250701,影视动漫,缘之空在线观看,500,20250701,7037
20250701,影视动漫,钉子电影,500,20250701,7038
20250701,影视动漫,仙逆动漫全集在线播放高清,500,20250701,7039
20250701,影视动漫,红海行动电影完整播放在线观看,500,20250701,7040
20250701,影视动漫,少年的你,500,20250701,7041
20250701,影视动漫,女海盗,500,20250701,7042
20250701,影视动漫,影视大全在线免费观看,499,20250701,7043
20250701,影视动漫,天下长河,499,20250701,7044
20250701,影视动漫,坏蛋联盟,499,20250701,7045
20250701,影视动漫,折腰免费观看全集完整版高清,499,20250701,7046
20250701,影视动漫,亲爱的生命,499,20250701,7047
20250701,影视动漫,韩剧tv官方下载,499,20250701,7048
20250701,影视动漫,东野圭吾信电影版免费观看高清版,499,20250701,7049
20250701,影视动漫,我家卿卿是太子,499,20250701,7050
20250701,影视动漫,奔跑吧少年报名入口,499,20250701,7051
20250701,影视动漫,四周恋人动漫免费观看全集在线,499,20250701,7052
20250701,影视动漫,书卷一梦电视剧免费观看策驰影院,499,20250701,7053
20250701,影视动漫,三叉戟1电视剧全集免费版在线观看,499,20250701,7054
20250701,影视动漫,吞噬星空动漫在线观看,499,20250701,7055
20250701,影视动漫,唐朝诡事录第一季,499,20250701,7056
20250701,影视动漫,独眼的残像免费观看全集完整版电影,499,20250701,7057
20250701,影视动漫,《山花烂漫时》免费观看,499,20250701,7058
20250701,影视动漫,意大利满天星电影,499,20250701,7059
20250701,影视动漫,卒火年代电视剧,499,20250701,7060
20250701,影视动漫,名校风暴,499,20250701,7061
20250701,影视动漫,甜蜜惩罚第一季,499,20250701,7062
20250701,影视动漫,电视剧《淬火年代》,498,20250701,7063
20250701,影视动漫,千古玦尘电视剧全集免费观看,498,20250701,7064
20250701,影视动漫,向风而行剧情介绍,498,20250701,7065
20250701,影视动漫,玩物电影完整版免费观看,498,20250701,7066
20250701,影视动漫,中国舞蹈家协会官网考级证书查询,498,20250701,7067
20250701,影视动漫,惊变28年2025电影在线观看,498,20250701,7068
20250701,影视动漫,两只老虎,498,20250701,7069
20250701,影视动漫,《从老师到家妻》动漫免费观看全集,498,20250701,7070
20250701,影视动漫,萌学园,498,20250701,7071
20250701,影视动漫,好女孩,498,20250701,7072
20250701,影视动漫,林深见鹿,498,20250701,7073
20250701,影视动漫,纸牌屋,498,20250701,7074
20250701,影视动漫,床伴泰剧,498,20250701,7075
20250701,影视动漫,以法之名1-36集全免费,497,20250701,7076
20250701,影视动漫,下载抖音极速版2025最新版,497,20250701,7077
20250701,影视动漫,李时珍电影免费观看完整版,497,20250701,7078
20250701,影视动漫,恋爱之瘾完整版电影,497,20250701,7079
20250701,影视动漫,电影《法国空姐6》免费观看,497,20250701,7080
20250701,影视动漫,四大名捕,497,20250701,7081
20250701,影视动漫,彭丹最惊艳三部电影,497,20250701,7082
20250701,影视动漫,少年天子演员表大全,497,20250701,7083
20250701,影视动漫,冷山,497,20250701,7084
20250701,影视动漫,书卷一梦在线观看完整版,497,20250701,7085
20250701,影视动漫,红与黑,497,20250701,7086
20250701,影视动漫,瓜子影视,497,20250701,7087
20250701,影视动漫,现代应召女郎,497,20250701,7088
20250701,影视动漫,住在隔壁的他免费观看全集,497,20250701,7089
20250701,影视动漫,人口兽猪马狗第1集,497,20250701,7090
20250701,影视动漫,狮城山海的剧情简介,497,20250701,7091
20250701,影视动漫,三明影视,497,20250701,7092
20250701,影视动漫,天道电视剧,497,20250701,7093
20250701,影视动漫,网飞,497,20250701,7094
20250701,影视动漫,宝贝jojo全集免费观看,497,20250701,7095
20250701,影视动漫,偿还电影完整版在线观看,497,20250701,7096
20250701,影视动漫,监禁逃亡,496,20250701,7097
20250701,影视动漫,最食人间烟火色,496,20250701,7098
20250701,影视动漫,隔窗恋爱在线观看完整免费法剧,496,20250701,7099
20250701,影视动漫,50度灰,496,20250701,7100
20250701,影视动漫,电锯人第一季在线全集免费观看,496,20250701,7101
20250701,影视动漫,爸爸的女朋友,496,20250701,7102
20250701,影视动漫,最新电影在线观看,496,20250701,7103
20250701,影视动漫,麻花特开心第一季,496,20250701,7104
20250701,影视动漫,我们不能是朋友电视剧免费观看,496,20250701,7105
20250701,影视动漫,盲点电视剧2025免费观看全集完整版,496,20250701,7106
20250701,影视动漫,戈壁母亲电视剧免费完整播放,496,20250701,7107
20250701,影视动漫,天津卫视节目表,496,20250701,7108
20250701,影视动漫,当幸福来敲门,496,20250701,7109
20250701,影视动漫,隐秘而伟大电视剧全集免费播放,496,20250701,7110
20250701,影视动漫,狗剩快跑,496,20250701,7111
20250701,影视动漫,哥布林洞窟动漫双男主动画片,496,20250701,7112
20250701,影视动漫,kuzu做饭视频,496,20250701,7113
20250701,影视动漫,满清禁宫奇案完整版电影,496,20250701,7114
20250701,影视动漫,智取威虎山电影完整播放,495,20250701,7115
20250701,影视动漫,背水一战,495,20250701,7116
20250701,影视动漫,红手指,495,20250701,7117
20250701,影视动漫,国产在线,495,20250701,7118
20250701,影视动漫,遇见你之后,495,20250701,7119
20250701,影视动漫,p站下载安装,495,20250701,7120
20250701,影视动漫,五哈第四季在线观看完整版免费,495,20250701,7121
20250701,影视动漫,楚乔传第三部第119集在线观看免费,495,20250701,7122
20250701,影视动漫,一起长大的约定电视剧免费观看全集,495,20250701,7123
20250701,影视动漫,男女拔萝卜,495,20250701,7124
20250701,影视动漫,无名,495,20250701,7125
20250701,影视动漫,逆仙动漫全集在线观看完整版高清,495,20250701,7126
20250701,影视动漫,爱奇艺电视剧大全在线观看免费版,495,20250701,7127
20250701,影视动漫,《以法之名》免费观看,495,20250701,7128
20250701,影视动漫,一口气看完,495,20250701,7129
20250701,影视动漫,狂,495,20250701,7130
20250701,影视动漫,墨雨云间电视剧免费观看,495,20250701,7131
20250701,影视动漫,飞天小女警,494,20250701,7132
20250701,影视动漫,欧吉桑动漫免费观看第一季,494,20250701,7133
20250701,影视动漫,68影院,494,20250701,7134
20250701,影视动漫,国色芳华第二季在线观看,494,20250701,7135
20250701,影视动漫,《和部长一起去出差旅》中文,494,20250701,7136
20250701,影视动漫,神印王座动漫免费观看全集视频,494,20250701,7137
20250701,影视动漫,你好星期六2024,494,20250701,7138
20250701,影视动漫,5哈第六季免费完整版综艺,494,20250701,7139
20250701,影视动漫,武动乾坤第六季动漫在线观看免费版全集,494,20250701,7140
20250701,影视动漫,爱情季节,494,20250701,7141
20250701,影视动漫,禁忌挚友泰剧免费观看全集泰剧,494,20250701,7142
20250701,影视动漫,莲花楼演员表,494,20250701,7143
20250701,影视动漫,蜜桃3,494,20250701,7144
20250701,影视动漫,水浒传电视剧在线观看免费完整版,494,20250701,7145
20250701,影视动漫,追击者电视剧全集在线观看免费,494,20250701,7146
20250701,影视动漫,麻花影视在线看电视免费,493,20250701,7147
20250701,影视动漫,小猪佩奇 第十季 2024,493,20250701,7148
20250701,影视动漫,孝庄秘史电视剧全集免费观看,493,20250701,7149
20250701,影视动漫,夜晚游玩生活第一季全集,493,20250701,7150
20250701,影视动漫,恋爱先生电视剧在线观看完整版,493,20250701,7151
20250701,影视动漫,元宝错寻福满门短剧免费观看,493,20250701,7152
20250701,影视动漫,天使的翅膀,493,20250701,7153
20250701,影视动漫,钢之炼金术师,493,20250701,7154
20250701,影视动漫,花千骨演员表,493,20250701,7155
20250701,影视动漫,箭在弦上免费观看完整版,493,20250701,7156
20250701,影视动漫,夏天海浪与你短剧全集免费观看,493,20250701,7157
20250701,影视动漫,古剑奇谭在线观看全集免费播放,493,20250701,7158
20250701,影视动漫,acfun流鼻血版本下载,493,20250701,7159
20250701,影视动漫,黑皮辣妹动漫完整版全集,493,20250701,7160
20250701,影视动漫,大侦探拾光季免费观看完整版,493,20250701,7161
20250701,影视动漫,四川少女B站四川少女视频合集,493,20250701,7162
20250701,影视动漫,《我家弟真的很棒》动漫,493,20250701,7163
20250701,影视动漫,星河几度盼归舟短剧在线观看,492,20250701,7164
20250701,影视动漫,肥妻喜事短剧全集观看免费,492,20250701,7165
20250701,影视动漫,人生会议电影免费观看,492,20250701,7166
20250701,影视动漫,殊死一博电影,492,20250701,7167
20250701,影视动漫,老男孩电影完整版高清在线观看,492,20250701,7168
20250701,影视动漫,万圣街,492,20250701,7169
20250701,影视动漫,进击的巨人第二季,492,20250701,7170
20250701,影视动漫,我的前半生电视剧全集免费,492,20250701,7171
20250701,影视动漫,兰香如故电视剧全集免费观看,492,20250701,7172
20250701,影视动漫,少年白马醉春风电视剧全集免费观看,492,20250701,7173
20250701,影视动漫,在线观看免费观看电影高清,492,20250701,7174
20250701,影视动漫,哗哩哗哩,492,20250701,7175
20250701,影视动漫,淬火年代免费观看,492,20250701,7176
20250701,影视动漫,丑闻,492,20250701,7177
20250701,影视动漫,姑娘第8集在线观看免费播放,492,20250701,7178
20250701,影视动漫,终末的医院动漫在线观看免费,492,20250701,7179
20250701,影视动漫,母亲8免费完整高清电视剧在线看,492,20250701,7180
20250701,影视动漫,大雷女抖动跳舞,491,20250701,7181
20250701,影视动漫,斗罗大陆免费观看,491,20250701,7182
20250701,影视动漫,淬火时代电视剧免费观看,491,20250701,7183
20250701,影视动漫,婚色烟烟短剧免费观看全集,491,20250701,7184
20250701,影视动漫,少林小子,491,20250701,7185
20250701,影视动漫,特别行动,491,20250701,7186
20250701,影视动漫,三生有幸遇见你,491,20250701,7187
20250701,影视动漫,一仆二主电视剧全集免费观看,491,20250701,7188
20250701,影视动漫,国王游戏,491,20250701,7189
20250701,影视动漫,西瓜影视,491,20250701,7190
20250701,影视动漫,宫崎骏的夏天,491,20250701,7191
20250701,影视动漫,纪录片,491,20250701,7192
20250701,影视动漫,小小水蜜桃1,490,20250701,7193
20250701,影视动漫,动漫排行榜前十名好看的国漫,490,20250701,7194
20250701,影视动漫,短剧男演员,490,20250701,7195
20250701,影视动漫,书卷一梦高清免费观看全集,490,20250701,7196
20250701,影视动漫,88影视网免费的电视剧,490,20250701,7197
20250701,影视动漫,模范出租车,490,20250701,7198
20250701,影视动漫,狐妖小红娘月红篇,490,20250701,7199
20250701,影视动漫,逆爱在线播放,490,20250701,7200
20250701,影视动漫,三叉戟,490,20250701,7201
20250701,影视动漫,跃动青春,490,20250701,7202
20250701,影视动漫,一起来看流星雨免费版在线观看,490,20250701,7203
20250701,影视动漫,逆爱观看,489,20250701,7204
20250701,影视动漫,免费看网站在线观看人数在哪直播,489,20250701,7205
20250701,影视动漫,逆爱免费观看全集高清,489,20250701,7206
20250701,影视动漫,少女哔哩哔哩,489,20250701,7207
20250701,影视动漫,骨语1在线观看免费完整版,489,20250701,7208
20250701,影视动漫,鹿鼎记陈小春版国语版免费观看,489,20250701,7209
20250701,影视动漫,黑帮大佬365第三部免费观看,489,20250701,7210
20250701,影视动漫,一级少女韩剧tv剧情解析,489,20250701,7211
20250701,影视动漫,精武门,489,20250701,7212
20250701,影视动漫,茶杯狐 cupfox 茶杯狐官方,489,20250701,7213
20250701,影视动漫,好运猜题,489,20250701,7214
20250701,影视动漫,2025年电视剧,489,20250701,7215
20250701,影视动漫,大考电视剧在线观看免费完整版,489,20250701,7216
20250701,影视动漫,我和我的祖国电影,489,20250701,7217
20250701,影视动漫,美容院特殊服务,489,20250701,7218
20250701,影视动漫,挣扎吧亚当军君,489,20250701,7219
20250701,影视动漫,情满九道弯,489,20250701,7220
20250701,影视动漫,长安的荔枝免费观看完整版电视剧,489,20250701,7221
20250701,影视动漫,请叫我总监电视剧免费观看全集,489,20250701,7222
20250701,影视动漫,僵尸启示录,489,20250701,7223
20250701,影视动漫,后妈,489,20250701,7224
20250701,影视动漫,偶像女友隋落动漫免费观看,489,20250701,7225
20250701,影视动漫,以法之名共多少集,488,20250701,7226
20250701,影视动漫,小欢喜电视剧免费观看全集完整版,488,20250701,7227
20250701,影视动漫,风车动漫免费观看在线播放,488,20250701,7228
20250701,影视动漫,棋魂电视剧在线观看免费版全集高清,488,20250701,7229
20250701,影视动漫,行尸走肉第十二季免费观看完整版,488,20250701,7230
20250701,影视动漫,锦绣芳华在线观看免费高清版全集,488,20250701,7231
20250701,影视动漫,电影实时票房,488,20250701,7232
20250701,影视动漫,偶像梦幻祭,488,20250701,7233
20250701,影视动漫,杀戮人机,488,20250701,7234
20250701,影视动漫,青春有你3,488,20250701,7235
20250701,影视动漫,神断狄仁杰,488,20250701,7236
20250701,影视动漫,凶案深处电视剧免费观看完整版,488,20250701,7237
20250701,影视动漫,中央八套节目今天的节目单,488,20250701,7238
20250701,影视动漫,电影《金悔瓶》免费观,488,20250701,7239
20250701,影视动漫,猎魔女团中文版免费观看,488,20250701,7240
20250701,影视动漫,长津湖之水门桥,488,20250701,7241
20250701,影视动漫,卿卿日常电视剧全集免费观看高清爱奇艺,488,20250701,7242
20250701,影视动漫,央视五套节目表,488,20250701,7243
20250701,影视动漫,灰姑娘,488,20250701,7244
20250701,影视动漫,幸福请你等等我电视剧全集免费观看,488,20250701,7245
20250701,影视动漫,我在回忆里万劫不复短剧免费观看,488,20250701,7246
20250701,影视动漫,魅影直播app免费版下载安装,487,20250701,7247
20250701,影视动漫,小马宝莉第9季免费观看完整版,487,20250701,7248
20250701,影视动漫,千金归来,487,20250701,7249
20250701,影视动漫,甜蜜蜜免费全集在线观看高清,487,20250701,7250
20250701,影视动漫,野火,487,20250701,7251
20250701,影视动漫,五哈第5季在线观看免费,487,20250701,7252
20250701,影视动漫,小唐璜情史,487,20250701,7253
20250701,影视动漫,快手官方网页版入口,487,20250701,7254
20250701,影视动漫,青青河边草电影资源免费观看,487,20250701,7255
20250701,影视动漫,西瓜电影,487,20250701,7256
20250701,影视动漫,书卷一梦多少集,487,20250701,7257
20250701,影视动漫,黑蚂蚁影视,487,20250701,7258
20250701,影视动漫,爱我就别想太多,487,20250701,7259
20250701,影视动漫,无限超越班第三季,487,20250701,7260
20250701,影视动漫,花容月貌在线观看电影免费高清全集,486,20250701,7261
20250701,影视动漫,抢先视频,486,20250701,7262
20250701,影视动漫,十三邀,486,20250701,7263
20250701,影视动漫,腐竹fm,486,20250701,7264
20250701,影视动漫,yy直播,486,20250701,7265
20250701,影视动漫,是妈妈是女儿2综艺节目免费观看,486,20250701,7266
20250701,影视动漫,课中坏事智恩是中字,486,20250701,7267
20250701,影视动漫,黑猫动漫,486,20250701,7268
20250701,影视动漫,1996版杨思敏1-5集剧情,486,20250701,7269
20250701,影视动漫,le,486,20250701,7270
20250701,影视动漫,奇迹少女第四季中文版免费全集在线观看,486,20250701,7271
20250701,影视动漫,电视剧2025新剧,486,20250701,7272
20250701,影视动漫,《折腰》在线观看免费,486,20250701,7273
20250701,影视动漫,那样芬芳,486,20250701,7274
20250701,影视动漫,以法之名1-45集全免费观看爱奇艺,486,20250701,7275
20250701,影视动漫,山花烂漫时电视剧在线观看,486,20250701,7276
20250701,影视动漫,爱死机第一季在线全集免费观看,486,20250701,7277
20250701,影视动漫,快手下载安装,486,20250701,7278
20250701,影视动漫,中餐厅第八季免费观看完整版视频,485,20250701,7279
20250701,影视动漫,欢乐颂5,485,20250701,7280
20250701,影视动漫,穆桂英,485,20250701,7281
20250701,影视动漫,双程电视剧全集完整版在线观看,485,20250701,7282
20250701,影视动漫,奔跑吧兄弟第二季在线观看,485,20250701,7283
20250701,影视动漫,深夜视频,485,20250701,7284
20250701,影视动漫,不当交易电影高清免费观看,485,20250701,7285
20250701,影视动漫,蛋炒饭,485,20250701,7286
20250701,影视动漫,p站下载官方下载,485,20250701,7287
20250701,影视动漫,亲爱的老师6免费观看全集电视剧,485,20250701,7288
20250701,影视动漫,灭门惨案之借种,485,20250701,7289
20250701,影视动漫,美容院的特殊待遇5,485,20250701,7290
20250701,影视动漫,乌云之上剧情介绍,485,20250701,7291
20250701,影视动漫,三伏天,485,20250701,7292
20250701,影视动漫,小时代,484,20250701,7293
20250701,影视动漫,侏罗纪公园重生,484,20250701,7294
20250701,影视动漫,抓娃娃电影,484,20250701,7295
20250701,影视动漫,美景之屋2电视剧高清完整版,484,20250701,7296
20250701,影视动漫,怪奇物语第四季,484,20250701,7297
20250701,影视动漫,三打祝家庄,484,20250701,7298
20250701,影视动漫,《以法之名》电影,484,20250701,7299
20250701,影视动漫,余罪第一季在线观看免费高清全集,484,20250701,7300
20250701,影视动漫,无耻之徒第三季无删减高清全集免费观看,484,20250701,7301
20250701,影视动漫,如何关闭抖音月付功能,484,20250701,7302
20250701,影视动漫,黄景瑜电视剧大全,484,20250701,7303
20250701,影视动漫,叼嘿电视剧全集免费播放,484,20250701,7304
20250701,影视动漫,以法之名 免费观看,484,20250701,7305
20250701,影视动漫,exo妈妈mv视频在线,483,20250701,7306
20250701,影视动漫,性教育的科普片,483,20250701,7307
20250701,影视动漫,姚冠宇短剧,483,20250701,7308
20250701,影视动漫,临江仙电视剧全集在线观看,483,20250701,7309
20250701,影视动漫,白日美人,483,20250701,7310
20250701,影视动漫,魔都精兵的奴隶,483,20250701,7311
20250701,影视动漫,萌探探探案,483,20250701,7312
20250701,影视动漫,《漾出Over Flower》全集,483,20250701,7313
20250701,影视动漫,绝命毒师第二季,483,20250701,7314
20250701,影视动漫,韩剧献身的电影,483,20250701,7315
20250701,影视动漫,女女炒菜,483,20250701,7316
20250701,影视动漫,麻花传mv在线观看第15集预告,483,20250701,7317
20250701,影视动漫,爱人电影,482,20250701,7318
20250701,影视动漫,漂亮的瘦子 4,482,20250701,7319
20250701,影视动漫,高压监狱免费版完整版在线观看,482,20250701,7320
20250701,影视动漫,榜上佳婿电视剧,482,20250701,7321
20250701,影视动漫,因法之名演员表,482,20250701,7322
20250701,影视动漫,邻家女孩,482,20250701,7323
20250701,影视动漫,鞠婧祎演过的电视剧,482,20250701,7324
20250701,影视动漫,日出,482,20250701,7325
20250701,影视动漫,爱情电影网,482,20250701,7326
20250701,影视动漫,韩国电影免费完整在线,482,20250701,7327
20250701,影视动漫,枪口电视剧演员表全部,482,20250701,7328
20250701,影视动漫,抖音等级,482,20250701,7329
20250701,影视动漫,爱乐之城,482,20250701,7330
20250701,影视动漫,逆爱网剧全集免费观看,482,20250701,7331
20250701,影视动漫,满天星完整版 在线观看,482,20250701,7332
20250701,影视动漫,盘丝洞,482,20250701,7333
20250701,影视动漫,《逆爱》网剧在线观看全集免费,481,20250701,7334
20250701,影视动漫,致我们单纯的小美好,481,20250701,7335
20250701,影视动漫,洛洛历险记,481,20250701,7336
20250701,影视动漫,意难忘,481,20250701,7337
20250701,影视动漫,约定的梦幻岛第一季免费观看,481,20250701,7338
20250701,影视动漫,逆爱网剧第7集免费观看,481,20250701,7339
20250701,影视动漫,一个手机号可以注册几个抖音号,481,20250701,7340
20250701,影视动漫,燕双鹰,481,20250701,7341
20250701,影视动漫,一级少女免费播放电视剧2023,481,20250701,7342
20250701,影视动漫,老千,480,20250701,7343
20250701,影视动漫,逆爱第八集什么时候更新,480,20250701,7344
20250701,影视动漫,泰坦尼克号电影完整版免费观看,480,20250701,7345
20250701,影视动漫,边水往事剧情介绍,480,20250701,7346
20250701,影视动漫,东成西就,480,20250701,7347
20250701,影视动漫,火红年华电视剧免费全集观看,480,20250701,7348
20250701,影视动漫,错爱,480,20250701,7349
20250701,影视动漫,恋爱禁区第二季原版动漫,480,20250701,7350
20250701,影视动漫,哪吒2魔童归来电影免费观看,480,20250701,7351
20250701,影视动漫,嘘国王在冬眠电视剧免费观看,480,20250701,7352
20250701,影视动漫,4399欧美电视剧,480,20250701,7353
20250701,影视动漫,李爱庆投资的电影,480,20250701,7354
20250701,影视动漫,蛟龙行动电影免费观看在线播放,480,20250701,7355
20250701,影视动漫,怒火十二小时电影免费播放在线观看,480,20250701,7356
20250701,影视动漫,虾仁沙雕动画,479,20250701,7357
20250701,影视动漫,折腰电视剧免费观看全集,479,20250701,7358
20250701,影视动漫,仙剑四,479,20250701,7359
20250701,影视动漫,逆爱之爱上情敌电视剧免费观看全集,479,20250701,7360
20250701,影视动漫,驯龙高手1,479,20250701,7361
20250701,影视动漫,最新韩剧,479,20250701,7362
20250701,影视动漫,图书馆的女朋友第一季在线观看全集,479,20250701,7363
20250701,影视动漫,笑刑,479,20250701,7364
20250701,影视动漫,爱回家之开心速递粤语在线观看,479,20250701,7365
20250701,影视动漫,"抖音月付是怎么回事,为什么每个月都要扣钱",479,20250701,7366
20250701,影视动漫,射雕英雄传83版,479,20250701,7367
20250701,影视动漫,《临江仙》免费观看,479,20250701,7368
20250701,影视动漫,《淬火年代》免费观看,479,20250701,7369
20250701,影视动漫,如果情深不可说短剧免费观看,479,20250701,7370
20250701,影视动漫,一路向西电影免费观看在线高清中文字幕,479,20250701,7371
20250701,影视动漫,赶僵尸惊艳免费观看版,479,20250701,7372
20250701,影视动漫,老农民,479,20250701,7373
20250701,影视动漫,佩奇影视,479,20250701,7374
20250701,影视动漫,菲律宾电影《安娜》免费播放,478,20250701,7375
20250701,影视动漫,黑暗荣耀第一季电视剧在线观看,478,20250701,7376
20250701,影视动漫,上瘾电视剧免费观看全集完整版剧集详解,478,20250701,7377
20250701,影视动漫,欢乐英雄之少侠外传电视剧免费观看,478,20250701,7378
20250701,影视动漫,流浪地球2,478,20250701,7379
20250701,影视动漫,请叫我总监电视剧免费观看,478,20250701,7380
20250701,影视动漫,烈日灼心,478,20250701,7381
20250701,影视动漫,租借女友动漫全集免费观看,478,20250701,7382
20250701,影视动漫,云顶天宫,478,20250701,7383
20250701,影视动漫,苦尽甘来遇见你韩剧,478,20250701,7384
20250701,影视动漫,破墓,478,20250701,7385
20250701,影视动漫,名侦探柯楠独眼的残影免费,478,20250701,7386
20250701,影视动漫,荷尔蒙3,478,20250701,7387
20250701,影视动漫,大度的吻戏视频大全,478,20250701,7388
20250701,影视动漫,华数鲜时光,478,20250701,7389
20250701,影视动漫,奇奇上司妻电视剧在线观看,478,20250701,7390
20250701,影视动漫,良辰美锦,478,20250701,7391
20250701,影视动漫,浙江卫视,478,20250701,7392
20250701,影视动漫,爸爸当家第四季慢享季,478,20250701,7393
20250701,影视动漫,我家大师兄脑子有坑,478,20250701,7394
20250701,影视动漫,你好旧时光,478,20250701,7395
20250701,影视动漫,宿敌电视剧免费观看全集高清版,478,20250701,7396
20250701,影视动漫,免费观看极速60分钟电视剧双男,478,20250701,7397
20250701,影视动漫,半路夫妻,477,20250701,7398
20250701,影视动漫,孤战迷城电视剧全集在线播放免费,477,20250701,7399
20250701,影视动漫,锦绣芳华免费看,477,20250701,7400
20250701,影视动漫,斯巴达300勇士,477,20250701,7401
20250701,影视动漫,一脸嫌弃的给你看胖一季完整版,477,20250701,7402
20250701,影视动漫,古董局中局,477,20250701,7403
20250701,影视动漫,玉观音,477,20250701,7404
20250701,影视动漫,淬火年代钱宏明的结局,477,20250701,7405
20250701,影视动漫,中国神话故事,477,20250701,7406
20250701,影视动漫,逆爱短剧第六集,477,20250701,7407
20250701,影视动漫,潜行者,477,20250701,7408
20250701,影视动漫,五福临门电视剧免费观看全集在线播放,477,20250701,7409
20250701,影视动漫,免费电影网,477,20250701,7410
20250701,影视动漫,洗冤录,477,20250701,7411
20250701,影视动漫,理发店的特殊待遇4,477,20250701,7412
20250701,影视动漫,当我飞奔向你全集免费观看完整版高清,476,20250701,7413
20250701,影视动漫,回家的路有多远,476,20250701,7414
20250701,影视动漫,逆爱电视剧在线观看免费观看全集,476,20250701,7415
20250701,影视动漫,完美伴侣,476,20250701,7416
20250701,影视动漫,全员加速中对战季,476,20250701,7417
20250701,影视动漫,小猪佩奇全集免费,476,20250701,7418
20250701,影视动漫,回家的诱惑电视剧免费版全集,476,20250701,7419
20250701,影视动漫,特种兵之利刃出鞘,476,20250701,7420
20250701,影视动漫,唐朝诡事录之长安,476,20250701,7421
20250701,影视动漫,freeok追剧卷官网,476,20250701,7422
20250701,影视动漫,娜娜,476,20250701,7423
20250701,影视动漫,小小天才操盘手,476,20250701,7424
20250701,影视动漫,与君歌,476,20250701,7425
20250701,影视动漫,新居之约电视剧免费观看,476,20250701,7426
20250701,影视动漫,黑吃黑第一季在线观看全集,476,20250701,7427
20250701,影视动漫,危情电影高清完整版,475,20250701,7428
20250701,影视动漫,恐怖片免费观看完整版高清,475,20250701,7429
20250701,影视动漫,神奇阿呦,475,20250701,7430
20250701,影视动漫,天堂影视电视剧全集免费观看高清,475,20250701,7431
20250701,影视动漫,军舰上的女兵免费观看完整版全集,475,20250701,7432
20250701,影视动漫,雪豹电视剧免费观看完整版,475,20250701,7433
20250701,影视动漫,僵尸世界大战,475,20250701,7434
20250701,影视动漫,夏娃韩剧电视剧全集免费播放,475,20250701,7435
20250701,影视动漫,911行情网站电视在线观看高清版,475,20250701,7436
20250701,影视动漫,中央四台在线直播观看,475,20250701,7437
20250701,影视动漫,好看的电视剧推荐2025,475,20250701,7438
20250701,影视动漫,薛平贵与王宝钏电视剧全集免费观看,475,20250701,7439
20250701,影视动漫,成全影视大全在线观看第6季,475,20250701,7440
20250701,影视动漫,爱玛夫人,475,20250701,7441
20250701,影视动漫,轮番上阵免费观看在线电影,475,20250701,7442
20250701,影视动漫,桥,475,20250701,7443
20250701,影视动漫,凭栏一片风云起电视剧免费观看,474,20250701,7444
20250701,影视动漫,青柠影视,474,20250701,7445
20250701,影视动漫,进击的巨人第三季在线播放,474,20250701,7446
20250701,影视动漫,垂涎电视剧免费播放,474,20250701,7447
20250701,影视动漫,电影《法国小姐》播放,474,20250701,7448
20250701,影视动漫,尖叫之夜的视频,474,20250701,7449
20250701,影视动漫,央视13套在线直播,474,20250701,7450
20250701,影视动漫,与狼共舞电视剧全集免费观看,474,20250701,7451
20250701,影视动漫,ASMR,474,20250701,7452
20250701,影视动漫,你与我最后的战场,474,20250701,7453
20250701,影视动漫,窝窝影院免费观看高清电视剧,474,20250701,7454
20250701,影视动漫,猫眼电影,474,20250701,7455
20250701,影视动漫,欲奴电视剧第二季在线看,474,20250701,7456
20250701,影视动漫,枫与铃铛第一季第集在线观看高清,474,20250701,7457
20250701,影视动漫,逆爱在哪里播出,474,20250701,7458
20250701,影视动漫,cctv3节目表,474,20250701,7459
20250701,影视动漫,他人即地狱,474,20250701,7460
20250701,影视动漫,老闺蜜免费观看全集电视剧,474,20250701,7461
20250701,影视动漫,不可撤销免费观看完整版全集,474,20250701,7462
20250701,影视动漫,黑袍纠察队第四季,474,20250701,7463
20250701,影视动漫,锦绣芳华全集免费观看,473,20250701,7464
20250701,影视动漫,芒果tv下载安装免费,473,20250701,7465
20250701,影视动漫,桃花映江山电视剧免费播放在线观看,473,20250701,7466
20250701,影视动漫,楚汉传奇高清免费全集在线观看,473,20250701,7467
20250701,影视动漫,就算是爸爸也想谈恋爱,473,20250701,7468
20250701,影视动漫,怎敌她千娇百媚电视剧免费观看全集,473,20250701,7469
20250701,影视动漫,黑白禁区演员表,473,20250701,7470
20250701,影视动漫,驻站,473,20250701,7471
20250701,影视动漫,胭脂电视剧全集在线观看免费,473,20250701,7472
20250701,影视动漫,西红柿首富,473,20250701,7473
20250701,影视动漫,倩女幽魂电影,473,20250701,7474
20250701,影视动漫,逆爱网剧免费观看全集完整版,473,20250701,7475
20250701,影视动漫,喜羊羊与灰太狼之奇侠大营救,473,20250701,7476
20250701,影视动漫,奇迹在东京,473,20250701,7477
20250701,影视动漫,迷失的生命,473,20250701,7478
20250701,影视动漫,www.youtube.com,473,20250701,7479
20250701,影视动漫,凤凰卫视,473,20250701,7480
20250701,影视动漫,我的妈妈动漫日语第二集在线观看泰剧,473,20250701,7481
20250701,影视动漫,喜爱夜蒲电影1粤语,472,20250701,7482
20250701,影视动漫,nana,472,20250701,7483
20250701,影视动漫,日剧《疯狂上司》完整版,472,20250701,7484
20250701,影视动漫,柴鸡蛋逆爱电视剧在哪看,472,20250701,7485
20250701,影视动漫,战长沙,472,20250701,7486
20250701,影视动漫,魔卡少女樱,472,20250701,7487
20250701,影视动漫,吸血鬼日记,472,20250701,7488
20250701,影视动漫,《十八岁第一集》,472,20250701,7489
20250701,影视动漫,三年DVD免费观看大全,472,20250701,7490
20250701,影视动漫,邪不压正,472,20250701,7491
20250701,影视动漫,宝贝赳赳第一季全集免费,472,20250701,7492
20250701,影视动漫,独家童话,472,20250701,7493
20250701,影视动漫,三年成全免费观看影视大全,472,20250701,7494
20250701,影视动漫,tvb,472,20250701,7495
20250701,影视动漫,新剧,472,20250701,7496
20250701,影视动漫,euphoria动漫全集高清在线观看,472,20250701,7497
20250701,影视动漫,人猿星球观察,472,20250701,7498
20250701,影视动漫,《哪吒2:魔童闹海》免费全部,471,20250701,7499
20250701,影视动漫,法证先锋2,471,20250701,7500
20250701,影视动漫,淬火年代 电视剧,471,20250701,7501
20250701,影视动漫,激战丛林在线观看免费完整电影,471,20250701,7502
20250701,影视动漫,风车动漫(p)-专注动漫的门户官方网站,471,20250701,7503
20250701,影视动漫,进击的巨人第二季在线观看,471,20250701,7504
20250701,影视动漫,斗破苍穹年番全集在线观看,471,20250701,7505
20250701,影视动漫,高压监狱电影免费,471,20250701,7506
20250701,影视动漫,大时代,471,20250701,7507
20250701,影视动漫,三分野电视剧,471,20250701,7508
20250701,影视动漫,曼谷少年泰剧在线观看,471,20250701,7509
20250701,影视动漫,入青云电视剧免费观看全集完整版,471,20250701,7510
20250701,影视动漫,电影731什么时候上映,471,20250701,7511
20250701,影视动漫,在线电影在线观看免费版高清,471,20250701,7512
20250701,影视动漫,落花时节又逢君电视剧免费观看,471,20250701,7513
20250701,影视动漫,成何体统第二季免费全集观看,471,20250701,7514
20250701,影视动漫,黑皮辣妹是我的兄弟免费观看动漫完整版第一季,471,20250701,7515
20250701,影视动漫,人生开门红在线观看,471,20250701,7516
20250701,影视动漫,遇见你之前,471,20250701,7517
20250701,影视动漫,以法之名是根据真实事件吗,471,20250701,7518
20250701,影视动漫,腾讯动漫,471,20250701,7519
20250701,影视动漫,死侍,471,20250701,7520
20250701,影视动漫,封神2在线观看完整免费观看国语,471,20250701,7521
20250701,影视动漫,王子本命是恶役千金,471,20250701,7522
20250701,影视动漫,韩剧tv下载,470,20250701,7523
20250701,影视动漫,张卫国的夏天电视剧全集免费观看,470,20250701,7524
20250701,影视动漫,"婆婆当家,儿子归来傻眼了短剧免费观看",470,20250701,7525
20250701,影视动漫,人狗大战2高清正版免费,470,20250701,7526
20250701,影视动漫,逆爱双男主电视剧在线观看,470,20250701,7527
20250701,影视动漫,非常交易电影完整版,470,20250701,7528
20250701,影视动漫,建党伟业电影演员表,470,20250701,7529
20250701,影视动漫,水龙吟,470,20250701,7530
20250701,影视动漫,丈夫不在的午后时光免费观看电视剧,470,20250701,7531
20250701,影视动漫,有你才有家电视剧免费观看,470,20250701,7532
20250701,影视动漫,远大前程电视剧全集免费,470,20250701,7533
20250701,影视动漫,一起长大的约定,470,20250701,7534
20250701,影视动漫,韩剧x教程双男主,470,20250701,7535
20250701,影视动漫,九州缥缈录,470,20250701,7536
20250701,影视动漫,周处除三害电影在线观看高清免费,470,20250701,7537
20250701,影视动漫,是妈妈是女儿第二季综艺节目免费观看,470,20250701,7538
20250701,影视动漫,食神,470,20250701,7539
20250701,影视动漫,吻戏床戏,469,20250701,7540
20250701,影视动漫,亲亲抱抱的视频原声版,469,20250701,7541
20250701,影视动漫,免费看tvb片,469,20250701,7542
20250701,影视动漫,《师生恋:禁忌之恋》结局,469,20250701,7543
20250701,影视动漫,红色电视剧,469,20250701,7544
20250701,影视动漫,鲁冰花,469,20250701,7545
20250701,影视动漫,我的世界大电影免费观看,469,20250701,7546
20250701,影视动漫,虹猫蓝兔七侠传,469,20250701,7547
20250701,影视动漫,哪吒2下映,469,20250701,7548
20250701,影视动漫,小视频荷尔蒙,469,20250701,7549
20250701,影视动漫,新还珠格格电视剧全集免费观看,469,20250701,7550
20250701,影视动漫,靳东主演电视剧大全免费观看,469,20250701,7551
20250701,影视动漫,名侦探柯南独眼的残像在线观看,469,20250701,7552
20250701,影视动漫,正义回廊,469,20250701,7553
20250701,影视动漫,喜爱夜蒲电影粤语版免费观看,469,20250701,7554
20250701,影视动漫,中央CCTV5直播国足,469,20250701,7555
20250701,影视动漫,电视剧六姊妹在线观看全集,469,20250701,7556
20250701,影视动漫,吸血贵利王,469,20250701,7557
20250701,影视动漫,上流社会在线观看高清完整版,469,20250701,7558
20250701,影视动漫,喜人奇妙夜综艺,469,20250701,7559
20250701,影视动漫,密室大逃脱第六季免费观看完整版高清,468,20250701,7560
20250701,影视动漫,罗娜言情录在线观看免费全集高清,468,20250701,7561
20250701,影视动漫,《夜班护士》结局,468,20250701,7562
20250701,影视动漫,搜狐视频,468,20250701,7563
20250701,影视动漫,难生恨,468,20250701,7564
20250701,影视动漫,特利迦奥特曼,468,20250701,7565
20250701,影视动漫,内衣办公室动漫第三季什么时候出,468,20250701,7566
20250701,影视动漫,烦人的村民,468,20250701,7567
20250701,影视动漫,亲爱的你剧情介绍,468,20250701,7568
20250701,影视动漫,哪吒闹海2免费观看完整版,468,20250701,7569
20250701,影视动漫,爸爸当家慢享季免费观看,468,20250701,7570
20250701,影视动漫,张津瑜和吕知樾第二部曲的剧情如何,468,20250701,7571
20250701,影视动漫,斗破苍穹免费观看完整在线观看动漫,468,20250701,7572
20250701,影视动漫,致命诱惑,468,20250701,7573
20250701,影视动漫,神探狄仁杰2,468,20250701,7574
20250701,影视动漫,墨雨云间演员表,468,20250701,7575
20250701,影视动漫,4444444免费观看在线播放电视剧,468,20250701,7576
20250701,影视动漫,小新,468,20250701,7577
20250701,影视动漫,哈利波特4:火焰杯免费观看完整版,468,20250701,7578
20250701,影视动漫,神马影院在线,467,20250701,7579
20250701,影视动漫,60岁阿姨大人免费观看电视剧,467,20250701,7580
20250701,影视动漫,年轻的,467,20250701,7581
20250701,影视动漫,斯巴达克斯第三季在线完整免费观看美剧,467,20250701,7582
20250701,影视动漫,继承者们电视剧全集免费观看,467,20250701,7583
20250701,影视动漫,叶罗丽精灵梦第十一季免费观看完整版,467,20250701,7584
20250701,影视动漫,香港电影免费观看高清完整版在线观看熊出没重返地球,467,20250701,7585
20250701,影视动漫,人与动物胶配方大全高清视频,467,20250701,7586
20250701,影视动漫,祠堂的秘密短剧结局,467,20250701,7587
20250701,影视动漫,白日梦我电视剧免费观看高清完整版,467,20250701,7588
20250701,影视动漫,铁血丹心,466,20250701,7589
20250701,影视动漫,女人的战争之肮脏的交易,466,20250701,7590
20250701,影视动漫,樱花视频在线观看免费高清电视剧黑暗荣耀,466,20250701,7591
20250701,影视动漫,匹诺曹,466,20250701,7592
20250701,影视动漫,黄雀,466,20250701,7593
20250701,影视动漫,善良的女朋友,466,20250701,7594
20250701,影视动漫,圣城风云免费完整版在线观看,466,20250701,7595
20250701,影视动漫,文豪野犬第五季,466,20250701,7596
20250701,影视动漫,小巷人家电视剧免费播放在线观看,466,20250701,7597
20250701,影视动漫,脱口秀和ta的朋友们第二季,466,20250701,7598
20250701,影视动漫,xl上司动漫,466,20250701,7599
20250701,影视动漫,电影网免费观看高清完整版在线,466,20250701,7600
20250701,影视动漫,优酷会员怎么关闭续费会员,466,20250701,7601
20250701,影视动漫,芙蓉镇,466,20250701,7602
20250701,影视动漫,白眉大侠,466,20250701,7603
20250701,影视动漫,猎罪图鉴2电视剧在线观看免费完整版,466,20250701,7604
20250701,影视动漫,哪里可以看逆爱,465,20250701,7605
20250701,影视动漫,三生三世十里桃花演员表,465,20250701,7606
20250701,影视动漫,破浪男女电影在线完整版免费观看,465,20250701,7607
20250701,影视动漫,独孤天下,465,20250701,7608
20250701,影视动漫,想见你,465,20250701,7609
20250701,影视动漫,《藏海传》全集在线观看,465,20250701,7610
20250701,影视动漫,中国惊奇先生,465,20250701,7611
20250701,影视动漫,车震视频,465,20250701,7612
20250701,影视动漫,埃及摇,465,20250701,7613
20250701,影视动漫,北京爱情故事,465,20250701,7614
20250701,影视动漫,非人哉第一季全集免费观看,465,20250701,7615
20250701,影视动漫,heibai弹幕动漫app官方版下载,465,20250701,7616
20250701,影视动漫,死神张小凡合集,465,20250701,7617
20250701,影视动漫,风车动漫网,465,20250701,7618
20250701,影视动漫,红高粱演员表,464,20250701,7619
20250701,影视动漫,玫瑰的故事 演员表,464,20250701,7620
20250701,影视动漫,鬼灭之刃第二季在线观看免费,464,20250701,7621
20250701,影视动漫,赶尸艳谭完整版免费观看电影,464,20250701,7622
20250701,影视动漫,《法国空姐2018法版》,464,20250701,7623
20250701,影视动漫,《折腰》全集观看,464,20250701,7624
20250701,影视动漫,临江仙免费观看完整版,464,20250701,7625
20250701,影视动漫,举起手来免费完整版电影在线观看,464,20250701,7626
20250701,影视动漫,经典电影,464,20250701,7627
20250701,影视动漫,美女和男生努力生小孩,464,20250701,7628
20250701,影视动漫,万影网,464,20250701,7629
20250701,影视动漫,八戒八戒在线看免费观看电视剧,464,20250701,7630
20250701,影视动漫,菠萝视频高清免费观看电视剧,463,20250701,7631
20250701,影视动漫,欧美十大顶级绝伦推理片电影,463,20250701,7632
20250701,影视动漫,西贡日落,463,20250701,7633
20250701,影视动漫,火狼动漫,463,20250701,7634
20250701,影视动漫,杨紫新剧,463,20250701,7635
20250701,影视动漫,穆桂英挂帅电视剧免费观看全集,463,20250701,7636
20250701,影视动漫,鲁大师在线观看在线播放八戒,463,20250701,7637
20250701,影视动漫,男欢女爱免费观看武则天电视剧,463,20250701,7638
20250701,影视动漫,五十度灰电影,463,20250701,7639
20250701,影视动漫,蛮好的人生剧情介绍,463,20250701,7640
20250701,影视动漫,规则怪谈一口气看完系列,463,20250701,7641
20250701,影视动漫,出差被最讨厌上司夺走的相似电影,463,20250701,7642
20250701,影视动漫,《奔跑吧13》免费观看,463,20250701,7643
20250701,影视动漫,飘雪影院观看免费完整版高清电影,463,20250701,7644
20250701,影视动漫,战争电影,463,20250701,7645
20250701,影视动漫,以法之名兰景茗是保护伞吗,463,20250701,7646
20250701,影视动漫,山海情电视剧免费全集在线观看,463,20250701,7647
20250701,影视动漫,夸克视频,463,20250701,7648
20250701,影视动漫,水浒传电视剧,463,20250701,7649
20250701,影视动漫,侠之大者飞鸿传奇短剧免费观看,463,20250701,7650
20250701,影视动漫,一生交给党电影简介,463,20250701,7651
20250701,影视动漫,逆爱第六集,462,20250701,7652
20250701,影视动漫,爱情公寓演员表,462,20250701,7653
20250701,影视动漫,屌丝男士,462,20250701,7654
20250701,影视动漫,公偷媳2在线观看免费版电视剧,462,20250701,7655
20250701,影视动漫,中央五套cctv5直播,462,20250701,7656
20250701,影视动漫,星辰视频,462,20250701,7657
20250701,影视动漫,《桃花湾的娘儿们》,462,20250701,7658
20250701,影视动漫,南部档案电视剧免费观看,462,20250701,7659
20250701,影视动漫,悟空影院,462,20250701,7660
20250701,影视动漫,逆爱24集全集免费观看,462,20250701,7661
20250701,影视动漫,山花烂漫时剧情介绍,462,20250701,7662
20250701,影视动漫,樱花动漫在线,462,20250701,7663
20250701,影视动漫,精灵旅社,462,20250701,7664
20250701,影视动漫,努努影视,462,20250701,7665
20250701,影视动漫,宠物情人,462,20250701,7666
20250701,影视动漫,雄狮少年1,462,20250701,7667
20250701,影视动漫,好看的韩漫,461,20250701,7668
20250701,影视动漫,喜人奇妙夜,461,20250701,7669
20250701,影视动漫,鱿鱼游戏2在线观看,461,20250701,7670
20250701,影视动漫,骄阳似我,461,20250701,7671
20250701,影视动漫,天降女子～从2楼掉下来了免费观看,461,20250701,7672
20250701,影视动漫,特殊争夺电视剧全集在线观看,461,20250701,7673
20250701,影视动漫,A站,461,20250701,7674
20250701,影视动漫,颜心记电视剧免费观看全集高清,461,20250701,7675
20250701,影视动漫,信徒 日本电影,461,20250701,7676
20250701,影视动漫,freeok官网入口,461,20250701,7677
20250701,影视动漫,春娇与志明,461,20250701,7678
20250701,影视动漫,苍狼,461,20250701,7679
20250701,影视动漫,女奥特曼,461,20250701,7680
20250701,影视动漫,色域迷墙普通话版,461,20250701,7681
20250701,影视动漫,岁月,461,20250701,7682
20250701,影视动漫,智能陷阱电影免费观看完整版,460,20250701,7683
20250701,影视动漫,女老师4,460,20250701,7684
20250701,影视动漫,梅川老师电影叫什么名字,460,20250701,7685
20250701,影视动漫,小猪佩奇第11季,460,20250701,7686
20250701,影视动漫,毒液3,460,20250701,7687
20250701,影视动漫,那些回不去的年少时光免费观看完整版电视剧,460,20250701,7688
20250701,影视动漫,平头哥荒岛求生,460,20250701,7689
20250701,影视动漫,全职法师第七季免费观看完整版,460,20250701,7690
20250701,影视动漫,正青春在线观看免费完整版,460,20250701,7691
20250701,影视动漫,复仇电影在线观看免费完整版,460,20250701,7692
20250701,影视动漫,胡桃大战史莱姆免费观看,460,20250701,7693
20250701,影视动漫,十八岁第2集剧情,460,20250701,7694
20250701,影视动漫,老阿姨最后的巅峰2电视剧,460,20250701,7695
20250701,影视动漫,法证先锋3,460,20250701,7696
20250701,影视动漫,女娲补天,460,20250701,7697
20250701,影视动漫,EVA,459,20250701,7698
20250701,影视动漫,免费追剧app玄月视频,459,20250701,7699
20250701,影视动漫,玉骨遥,459,20250701,7700
20250701,影视动漫,妻子6免费完整高清电视剧看,459,20250701,7701
20250701,影视动漫,天衣无缝演员表,459,20250701,7702
20250701,影视动漫,中央一台,459,20250701,7703
20250701,影视动漫,他从火光中走来免费观看电视剧,459,20250701,7704
20250701,影视动漫,大梦归离电视剧免费观看全集在线播放番外,459,20250701,7705
20250701,影视动漫,玩色男孩泰剧白色头发,459,20250701,7706
20250701,影视动漫,小心肝儿电影免费完整版在线观看,459,20250701,7707
20250701,影视动漫,欢乐颂2电视剧全集免费观看,459,20250701,7708
20250701,影视动漫,美少女19免费高清版观看,459,20250701,7709
20250701,影视动漫,中央CCTV5今天节目表 有NBA吗,459,20250701,7710
20250701,影视动漫,狗头萝丽视频在线观看完整版,459,20250701,7711
20250701,影视动漫,潜伏在线观看免费全集高清版,459,20250701,7712
20250701,影视动漫,哪吒票房影史第二,459,20250701,7713
20250701,影视动漫,逆爱办公室花絮剧情,459,20250701,7714
20250701,影视动漫,春雨高清免费全集观看,459,20250701,7715
20250701,影视动漫,安乐战场,459,20250701,7716
20250701,影视动漫,恋爱先生电视剧全集免费版观看,459,20250701,7717
20250701,影视动漫,七根心简分集剧情,459,20250701,7718
20250701,影视动漫,中央CCTV5直播,459,20250701,7719
20250701,影视动漫,悬疑剧破案电视剧推荐2025,459,20250701,7720
20250701,影视动漫,野外打野真实视频大全,459,20250701,7721
20250701,影视动漫,种鬼,459,20250701,7722
20250701,影视动漫,爱的精灵,459,20250701,7723
20250701,影视动漫,第二名的逆袭电视剧免费观看完整版,458,20250701,7724
20250701,影视动漫,《临江仙》正版观看平台,458,20250701,7725
20250701,影视动漫,逆爱电视剧免费观看双男主剧情,458,20250701,7726
20250701,影视动漫,我的老师,458,20250701,7727
20250701,影视动漫,挡不住的疯情,458,20250701,7728
20250701,影视动漫,巡回检察组免费观看,458,20250701,7729
20250701,影视动漫,归去来电视剧全集免费观看完整版,458,20250701,7730
20250701,影视动漫,2025最新电视剧,458,20250701,7731
20250701,影视动漫,聊斋之五通魔神在线完整播放,458,20250701,7732
20250701,影视动漫,《无法拒绝的母亲》结局,458,20250701,7733
20250701,影视动漫,李丽珍电影全部免费观看大全,458,20250701,7734
20250701,影视动漫,规则怪谈,458,20250701,7735
20250701,影视动漫,囧次元app下载官网,458,20250701,7736
20250701,影视动漫,蜜桃成熟时33D,458,20250701,7737
20250701,影视动漫,龙珠超,458,20250701,7738
20250701,影视动漫,医馆笑传,458,20250701,7739
20250701,影视动漫,雪迷宫演员表,458,20250701,7740
20250701,影视动漫,豺狼的日子第二季什么时候上映,458,20250701,7741
20250701,影视动漫,再来一次好吗免费高清在线观看全集,457,20250701,7742
20250701,影视动漫,头号玩家,457,20250701,7743
20250701,影视动漫,延禧宫攻略电视剧高清免费观看在线,457,20250701,7744
20250701,影视动漫,绝密较量 电视剧,457,20250701,7745
20250701,影视动漫,舒淇玉女心经之阴阳结合免费观看电视剧,457,20250701,7746
20250701,影视动漫,嘉年华多少钱人民币,457,20250701,7747
20250701,影视动漫,双子视频app下载电视剧免费版,457,20250701,7748
20250701,影视动漫,逆爱2025全集完整版,457,20250701,7749
20250701,影视动漫,微微一笑很倾城电视剧,457,20250701,7750
20250701,影视动漫,《山花烂漫时》全集,457,20250701,7751
20250701,影视动漫,长安荔枝电视剧免费观看,457,20250701,7752
20250701,影视动漫,小鲤鱼历险记,457,20250701,7753
20250701,影视动漫,7788在线观看影院免费播放电视剧,457,20250701,7754
20250701,影视动漫,小熊维尼,457,20250701,7755
20250701,影视动漫,江山如此多娇,457,20250701,7756
20250701,影视动漫,坏狗一共多少集,457,20250701,7757
20250701,影视动漫,红猫大本营,457,20250701,7758
20250701,影视动漫,挚爱游戏短剧免费观看完整版高清,457,20250701,7759
20250701,影视动漫,短剧男演员名单大全,457,20250701,7760
20250701,影视动漫,法国空姐2在线观看完整免费高清原声满天星奔跑吧ep彩,457,20250701,7761
20250701,影视动漫,抖音直播,457,20250701,7762
20250701,影视动漫,吞噬星空动漫,457,20250701,7763
20250701,影视动漫,西瓜视频免费安装桌面,456,20250701,7764
20250701,影视动漫,抖音极速版下载安装,456,20250701,7765
20250701,影视动漫,甜蜜,456,20250701,7766
20250701,影视动漫,人人视频苹果手机怎么下载,456,20250701,7767
20250701,影视动漫,央视网直播,456,20250701,7768
20250701,影视动漫,爸爸去哪儿,456,20250701,7769
20250701,影视动漫,炮神电视剧全集免费版观看,456,20250701,7770
20250701,影视动漫,台剧腐剧双男主剧,456,20250701,7771
20250701,影视动漫,蔚蓝档案动漫,456,20250701,7772
20250701,影视动漫,哔哩哔哩高清免费观看,456,20250701,7773
20250701,影视动漫,原神女角色脸红流眼泪翻白眼,456,20250701,7774
20250701,影视动漫,半妖倾城,456,20250701,7775
20250701,影视动漫,制暴:无限杀机在线观看免费,456,20250701,7776
20250701,影视动漫,夏洛特,456,20250701,7777
20250701,影视动漫,颐和园电影在线高清完整免费观看,456,20250701,7778
20250701,影视动漫,飞船奇遇记完整版,456,20250701,7779
20250701,影视动漫,疯狂的石头,456,20250701,7780
20250701,影视动漫,活着电影,456,20250701,7781
20250701,影视动漫,飞屋环游记,456,20250701,7782
20250701,影视动漫,失乐园电影在线观看完整免费高清原声,456,20250701,7783
20250701,影视动漫,逆爱第八集预告在线观看免费,456,20250701,7784
20250701,影视动漫,信徒,456,20250701,7785
20250701,影视动漫,《逆爱》2025,456,20250701,7786
20250701,影视动漫,泰国电影大度电影在线看,455,20250701,7787
20250701,影视动漫,芭蕾杀姬电影完整在线观看,455,20250701,7788
20250701,影视动漫,免费看片软件,455,20250701,7789
20250701,影视动漫,女特警,455,20250701,7790
20250701,影视动漫,清宁一梦电视剧免费观看,455,20250701,7791
20250701,影视动漫,谍战剧电视剧大全最新,455,20250701,7792
20250701,影视动漫,迪亚波罗复仇2025电影免费观看,455,20250701,7793
20250701,影视动漫,女神异闻录,455,20250701,7794
20250701,影视动漫,爱情有烟火电视剧免费观看完整版高清,455,20250701,7795
20250701,影视动漫,云雾女孩,455,20250701,7796
20250701,影视动漫,黑帮少爷爱上我泰剧剧集,455,20250701,7797
20250701,影视动漫,作家的谎言完整版电影免费观看,455,20250701,7798
20250701,影视动漫,《七根心简》免费观看,455,20250701,7799
20250701,影视动漫,激情片段,455,20250701,7800
20250701,影视动漫,厨神学院,455,20250701,7801
20250701,影视动漫,电视剧焕羽免费观看完整版,455,20250701,7802
20250701,影视动漫,逆爱电视剧双男主免费观看全集,455,20250701,7803
20250701,影视动漫,北上演员表,454,20250701,7804
20250701,影视动漫,高压监狱在线观看完整版,454,20250701,7805
20250701,影视动漫,赌神2,454,20250701,7806
20250701,影视动漫,疯狂动物城中文版免费观看,454,20250701,7807
20250701,影视动漫,刀尖演员表,454,20250701,7808
20250701,影视动漫,囧次元纯净版,454,20250701,7809
20250701,影视动漫,asmr助眠视频,454,20250701,7810
20250701,影视动漫,我的xl老板第一季免费观看全集,454,20250701,7811
20250701,影视动漫,绝色儿媳在线观看免费版电视剧,454,20250701,7812
20250701,影视动漫,河西走廊纪录片全集免费观看,454,20250701,7813
20250701,影视动漫,大嫂免费观看完整版电视剧,454,20250701,7814
20250701,影视动漫,花与蛇2,454,20250701,7815
20250701,影视动漫,幸福人生,454,20250701,7816
20250701,影视动漫,神雕侠侣1995古天乐版,453,20250701,7817
20250701,影视动漫,酒店实拍100部视频最新进展,453,20250701,7818
20250701,影视动漫,在线观看免费高清电视剧推荐,453,20250701,7819
20250701,影视动漫,万达电影,453,20250701,7820
20250701,影视动漫,滚床单,453,20250701,7821
20250701,影视动漫,我理想的异世界生活在线观看,453,20250701,7822
20250701,影视动漫,美丽的小密桃,453,20250701,7823
20250701,影视动漫,漂亮保姆,453,20250701,7824
20250701,影视动漫,美女被人骗到家中双手双脚被反绑视频,453,20250701,7825
20250701,影视动漫,大正伪婚替身新娘在线观看全集免费版,453,20250701,7826
20250701,影视动漫,奔跑吧兄弟第十二季免费观看完整版,453,20250701,7827
20250701,影视动漫,电影《轮番上阵》,453,20250701,7828
20250701,影视动漫,以法之名演员表名单大全,453,20250701,7829
20250701,影视动漫,今日亚洲,453,20250701,7830
20250701,影视动漫,我被最想拥抱的男人给威胁了动漫免费全集观看,453,20250701,7831
20250701,影视动漫,情满四合院演员表,453,20250701,7832
20250701,影视动漫,风月奇谭,453,20250701,7833
20250701,影视动漫,特种兵之霹雳火,452,20250701,7834
20250701,影视动漫,斗破苍穹年番免费动漫高清,452,20250701,7835
20250701,影视动漫,七年之痒,452,20250701,7836
20250701,影视动漫,斗破苍穹年番动漫,452,20250701,7837
20250701,影视动漫,九重紫剧情介绍,452,20250701,7838
20250701,影视动漫,无颜之月全集动漫在线观看免费版电视剧,452,20250701,7839
20250701,影视动漫,繁花似锦在线观看免费全集完整版高清,452,20250701,7840
20250701,影视动漫,白云影视,452,20250701,7841
20250701,影视动漫,龙的天空,452,20250701,7842
20250701,影视动漫,成家,452,20250701,7843
20250701,影视动漫,檀健次演的电视剧,452,20250701,7844
20250701,影视动漫,逆行人生电影免费观看,452,20250701,7845
20250701,影视动漫,中央6台节目表,452,20250701,7846
20250701,影视动漫,恋爱舞台,452,20250701,7847
20250701,影视动漫,陈情令电视剧在线观看免费版全集,452,20250701,7848
20250701,影视动漫,致我们终将逝去的青春,452,20250701,7849
20250701,影视动漫,向阳花电影免费观看,452,20250701,7850
20250701,影视动漫,不期而至,452,20250701,7851
20250701,影视动漫,家居爱情第1季免费观看,452,20250701,7852
20250701,影视动漫,以发之名电视剧免费观看完整版,452,20250701,7853
20250701,影视动漫,恋爱之瘾电影完整版在线观看,452,20250701,7854
20250701,影视动漫,岁月神偷,452,20250701,7855
20250701,影视动漫,《图书馆女友》动漫第一季,452,20250701,7856
20250701,影视动漫,俄罗斯csgo高清视频,452,20250701,7857
20250701,影视动漫,黄景瑜许魏洲的网剧,451,20250701,7858
20250701,影视动漫,神印王座动漫在线观看,451,20250701,7859
20250701,影视动漫,无法忍受,451,20250701,7860
20250701,影视动漫,新闻女王,451,20250701,7861
20250701,影视动漫,鱿鱼游找2,451,20250701,7862
20250701,影视动漫,八路军,451,20250701,7863
20250701,影视动漫,食物链3,451,20250701,7864
20250701,影视动漫,蝙蝠侠,451,20250701,7865
20250701,影视动漫,他似火,451,20250701,7866
20250701,影视动漫,一曲二曲三曲高清免费观看影视大全,451,20250701,7867
20250701,影视动漫,忽必烈与成吉思汗的关系,450,20250701,7868
20250701,影视动漫,抖音ip属地怎么关闭,450,20250701,7869
20250701,影视动漫,乾隆王朝,450,20250701,7870
20250701,影视动漫,仙剑奇侠传第一部,450,20250701,7871
20250701,影视动漫,延禧攻略演员表,450,20250701,7872
20250701,影视动漫,书香梦电视剧全集完整版,450,20250701,7873
20250701,影视动漫,杀死比尔,450,20250701,7874
20250701,影视动漫,三年高清在线观看大全,450,20250701,7875
20250701,影视动漫,七根心简全集免费观看,450,20250701,7876
20250701,影视动漫,第九影院,450,20250701,7877
20250701,影视动漫,你好星期六在线观看免费完整版高清,450,20250701,7878
20250701,影视动漫,速度与激情9,450,20250701,7879
20250701,影视动漫,亮剑演员表,450,20250701,7880
20250701,影视动漫,奇怪的夜晚,450,20250701,7881
20250701,影视动漫,美女的秘密,450,20250701,7882
20250701,影视动漫,杰克奥特曼,450,20250701,7883
20250701,影视动漫,致命弯道1,450,20250701,7884
20250701,影视动漫,吞噬星空,450,20250701,7885
20250701,影视动漫,大佬365第一季在线观看免费全集,450,20250701,7886
20250701,影视动漫,平凡岁月,450,20250701,7887
20250701,影视动漫,千古玦尘,449,20250701,7888
20250701,影视动漫,轻井泽夫人电视剧免费观看,449,20250701,7889
20250701,影视动漫,奔跑吧兄弟第九季免费观看完整版,449,20250701,7890
20250701,影视动漫,独孤天下电视剧免费观看完整版,449,20250701,7891
20250701,影视动漫,乌海,449,20250701,7892
20250701,影视动漫,迷罪之古镇怨情的完整版本,449,20250701,7893
20250701,影视动漫,精绝古城,449,20250701,7894
20250701,影视动漫,bibi,449,20250701,7895
20250701,影视动漫,灵山奇谭,449,20250701,7896
20250701,影视动漫,致命的诱惑,449,20250701,7897
20250701,影视动漫,错位,449,20250701,7898
20250701,影视动漫,开始推理吧第三季免费,449,20250701,7899
20250701,影视动漫,180天重启计划电视剧免费观看,449,20250701,7900
20250701,影视动漫,儿子娶妈妈免费观看完整版,449,20250701,7901
20250701,影视动漫,大中华寻宝记,449,20250701,7902
20250701,影视动漫,人人视频免费在线观看电影电视剧,449,20250701,7903
20250701,影视动漫,霸道总裁的356天电影完整版第二季在线观看,449,20250701,7904
20250701,影视动漫,权力的游戏第三季,449,20250701,7905
20250701,影视动漫,五五影视,449,20250701,7906
20250701,影视动漫,相思令,449,20250701,7907
20250701,影视动漫,吉祥三宝,448,20250701,7908
20250701,影视动漫,哈哈哈哈哈综艺第五季免费观看,448,20250701,7909
20250701,影视动漫,美景之屋6版本全集在线观看,448,20250701,7910
20250701,影视动漫,鬼怪,448,20250701,7911
20250701,影视动漫,抗日奇侠,448,20250701,7912
20250701,影视动漫,色戒在线播放,448,20250701,7913
20250701,影视动漫,哪吒传奇,448,20250701,7914
20250701,影视动漫,暗夜与黎明演员表,448,20250701,7915
20250701,影视动漫,大秧歌电视剧全集免费观看,448,20250701,7916
20250701,影视动漫,《白月梵星》电视剧,448,20250701,7917
20250701,影视动漫,贴身保镖第二季,448,20250701,7918
20250701,影视动漫,死亡诗社,448,20250701,7919
20250701,影视动漫,金希贞电影,448,20250701,7920
20250701,影视动漫,荔枝树下热烈岛,448,20250701,7921
20250701,影视动漫,激情床戏视频,448,20250701,7922
20250701,影视动漫,老司机电视剧免费观看完整版,448,20250701,7923
20250701,影视动漫,排球少年第二季,448,20250701,7924
20250701,影视动漫,恶魔,448,20250701,7925
20250701,影视动漫,黄花大闺女第一次搞笑片段,448,20250701,7926
20250701,影视动漫,青青河边草高清免费版新闻中文,448,20250701,7927
20250701,影视动漫,浮生未白首短剧免费,448,20250701,7928
20250701,影视动漫,怪奇物语第二季,448,20250701,7929
20250701,影视动漫,黑暗侵袭,448,20250701,7930
20250701,影视动漫,粤正影视,447,20250701,7931
20250701,影视动漫,保镖,447,20250701,7932
20250701,影视动漫,蓝精灵,447,20250701,7933
20250701,影视动漫,甄嬛传剧情介绍,447,20250701,7934
20250701,影视动漫,那年阳光正好短剧免费观看,447,20250701,7935
20250701,影视动漫,权力的游戏第一季,447,20250701,7936
20250701,影视动漫,神印王座伊莱克斯剧场版免费观看,447,20250701,7937
20250701,影视动漫,书卷一梦李一桐免费观看,447,20250701,7938
20250701,影视动漫,御赐小仵作电视剧免费观看,447,20250701,7939
20250701,影视动漫,塞尔维亚电影,447,20250701,7940
20250701,影视动漫,51今日大瓜每日大赛往期内容,447,20250701,7941
20250701,影视动漫,电视家,447,20250701,7942
20250701,影视动漫,美女放屁,447,20250701,7943
20250701,影视动漫,爱奇艺官网,447,20250701,7944
20250701,影视动漫,大话西游之月光宝盒,447,20250701,7945
20250701,影视动漫,后妈主动张嘴给我消消火视频,447,20250701,7946
20250701,影视动漫,我们的当打之年电视剧免费观看,447,20250701,7947
20250701,影视动漫,从结婚开始恋爱 电视剧免费观看,447,20250701,7948
20250701,影视动漫,云襄传电视剧免费观看全集在线播放,446,20250701,7949
20250701,影视动漫,长安的荔枝电视剧在线观看免费版全集,446,20250701,7950
20250701,影视动漫,雷霆特工队免费观看完整版高清,446,20250701,7951
20250701,影视动漫,麻绳电视剧泰剧免费观看,446,20250701,7952
20250701,影视动漫,《逆爱》网剧在哪看,446,20250701,7953
20250701,影视动漫,美国往事,446,20250701,7954
20250701,影视动漫,梁朝伟汤唯主演的电影免费播放,446,20250701,7955
20250701,影视动漫,金瓶梅之前世今生在线观看免费高清电视剧,446,20250701,7956
20250701,影视动漫,春色已去落花雨短剧免费观看,446,20250701,7957
20250701,影视动漫,宴遇永安电视剧免费观看全集完整版,446,20250701,7958
20250701,影视动漫,变形金刚起源,446,20250701,7959
20250701,影视动漫,腾讯视频官网,446,20250701,7960
20250701,影视动漫,乌云之上演员表,446,20250701,7961
20250701,影视动漫,大江大河1,446,20250701,7962
20250701,影视动漫,悬镜电视剧免费观看全集,446,20250701,7963
20250701,影视动漫,蜂鸟影院在线观看电影,446,20250701,7964
20250701,影视动漫,哚哚影视,446,20250701,7965
20250701,影视动漫,追剧喵,445,20250701,7966
20250701,影视动漫,腾讯视频app免费下载安装,445,20250701,7967
20250701,影视动漫,《禁忌》大结局,445,20250701,7968
20250701,影视动漫,4虎,445,20250701,7969
20250701,影视动漫,爱的理想生活电视剧免费观看,445,20250701,7970
20250701,影视动漫,中央13台在线直播观看高清,445,20250701,7971
20250701,影视动漫,财阀家的小儿子,445,20250701,7972
20250701,影视动漫,花季传媒,445,20250701,7973
20250701,影视动漫,二十不惑2,445,20250701,7974
20250701,影视动漫,"通往夏天的隧道,再见的出口",445,20250701,7975
20250701,影视动漫,从赘婿到宠臣短剧免费观看,445,20250701,7976
20250701,影视动漫,速度与激情10完整版免费,445,20250701,7977
20250701,影视动漫,乡村爱情17,445,20250701,7978
20250701,影视动漫,杨贵妃秘史,445,20250701,7979
20250701,影视动漫,剧多多,445,20250701,7980
20250701,影视动漫,康熙王朝演员表,445,20250701,7981
20250701,影视动漫,三年大片在线观看免费观看第一集,445,20250701,7982
20250701,影视动漫,猎隼电视剧免费完整版在线观看,444,20250701,7983
20250701,影视动漫,仙逆95在线播放,444,20250701,7984
20250701,影视动漫,爱的色放CD1和CD2哪个更强,444,20250701,7985
20250701,影视动漫,津门飞鹰,444,20250701,7986
20250701,影视动漫,黑太阳731在线观看免费完整版,444,20250701,7987
20250701,影视动漫,致青春,444,20250701,7988
20250701,影视动漫,戏剧性谋杀,444,20250701,7989
20250701,影视动漫,回不去的夜晚夫妇联欢第二季免费观看,444,20250701,7990
20250701,影视动漫,古装新剧2025电视剧大全免费观看,444,20250701,7991
20250701,影视动漫,你懂的电影免费观看高清完整版在线观看熊出没重返地球,444,20250701,7992
20250701,影视动漫,金瓶梅电视剧全集电视剧在线看免费杨思,444,20250701,7993
20250701,影视动漫,星条红与皇室蓝,444,20250701,7994
20250701,影视动漫,少女大人,444,20250701,7995
20250701,影视动漫,开端免费观看全集完整版在线播放,444,20250701,7996
20250701,影视动漫,杨思敏1996版电视剧全集,444,20250701,7997
20250701,影视动漫,恶缘,444,20250701,7998
20250701,影视动漫,黑执事第一季在线观看,444,20250701,7999
20250701,影视动漫,苹果在线完整免费观看投影电视剧的软件有哪些,444,20250701,8000
20250701,影视动漫,战争与和平,444,20250701,8001
20250701,影视动漫,薰衣草,444,20250701,8002
20250701,影视动漫,大黄蜂,443,20250701,8003
20250701,影视动漫,笑傲江湖李亚鹏,443,20250701,8004
20250701,影视动漫,奈克瑟斯奥特曼,443,20250701,8005
20250701,影视动漫,咒术回战第二季在线观看,443,20250701,8006
20250701,影视动漫,观音坐莲2普通话高清版,443,20250701,8007
20250701,影视动漫,无忧渡演员表,443,20250701,8008
20250701,影视动漫,黑兽2,443,20250701,8009
20250701,影视动漫,八戒电影,443,20250701,8010
20250701,影视动漫,男生女生一起愁免费观看电视剧,443,20250701,8011
20250701,影视动漫,时光代理人 第二季,443,20250701,8012
20250701,影视动漫,爱丽丝的梦狱之国,443,20250701,8013
20250701,影视动漫,小姐韩剧电视剧结局免费观看,443,20250701,8014
20250701,影视动漫,xl司令动漫第一季在线观看完整版,443,20250701,8015
20250701,影视动漫,佩通坦与洪森的通话录音内容,443,20250701,8016
20250701,影视动漫,自由的她们,443,20250701,8017
20250701,影视动漫,无限超越班3,443,20250701,8018
20250701,影视动漫,我和黑帮大佬的365天,443,20250701,8019
20250701,影视动漫,断魂小丑,443,20250701,8020
20250701,影视动漫,地狱乐,443,20250701,8021
20250701,影视动漫,闪闪的儿科医生第三季,443,20250701,8022
20250701,影视动漫,《御手洗家的墙洞第一季》,443,20250701,8023
20250701,影视动漫,F1狂飙飞车,443,20250701,8024
20250701,影视动漫,火影18,443,20250701,8025
20250701,影视动漫,十八岁免费观看在线播放韩剧,443,20250701,8026
20250701,影视动漫,向阳而生,443,20250701,8027
20250701,影视动漫,游戏大作战泰剧在线观看免费,442,20250701,8028
20250701,影视动漫,赵甲第2电视剧全集免费,442,20250701,8029
20250701,影视动漫,极限挑战第二季在线观看,442,20250701,8030
20250701,影视动漫,gogogo日本免费观看电视剧第17集,442,20250701,8031
20250701,影视动漫,因为爱情有奇迹,442,20250701,8032
20250701,影视动漫,谍战剧《潜渊》,442,20250701,8033
20250701,影视动漫,《法国无内走秀》电影,442,20250701,8034
20250701,影视动漫,哈利波特3阿兹卡班的囚徒免费观看,442,20250701,8035
20250701,影视动漫,真人实战实况录像带,442,20250701,8036
20250701,影视动漫,乡村爱情9,442,20250701,8037
20250701,影视动漫,桃花映江免费观看完整版高清,442,20250701,8038
20250701,影视动漫,以法之名免费播放,442,20250701,8039
20250701,影视动漫,50岁阿姨大人免费看电视剧,442,20250701,8040
20250701,影视动漫,蒋欣主演的电视剧有哪些,442,20250701,8041
20250701,影视动漫,且试天下,442,20250701,8042
20250701,影视动漫,出师一表真名世全集免费完整版,442,20250701,8043
20250701,影视动漫,无人区高清电影免费观看,442,20250701,8044
20250701,影视动漫,酷喵,441,20250701,8045
20250701,影视动漫,紫川,441,20250701,8046
20250701,影视动漫,豺狼的日子第一季,441,20250701,8047
20250701,影视动漫,大正伪婚替身新娘与军服免费观看全集,441,20250701,8048
20250701,影视动漫,唱歌的大姐姐第一季完整版,441,20250701,8049
20250701,影视动漫,以法之名谢鸿飞结局,441,20250701,8050
20250701,影视动漫,清明上河图密码电视剧免费观看,441,20250701,8051
20250701,影视动漫,无证之罪,441,20250701,8052
20250701,影视动漫,bl动漫,441,20250701,8053
20250701,影视动漫,虾仁动画,441,20250701,8054
20250701,影视动漫,错上花轿嫁王爷短剧免费观看在线播放,441,20250701,8055
20250701,影视动漫,东北往事,441,20250701,8056
20250701,影视动漫,黑色四叶草,441,20250701,8057
20250701,影视动漫,游戏人生,441,20250701,8058
20250701,影视动漫,《逆袭》柴鸡蛋在线观看,441,20250701,8059
20250701,影视动漫,神雕侠侣陈晓版,441,20250701,8060
20250701,影视动漫,觉醒年代免费观看全集,441,20250701,8061
20250701,影视动漫,刺,441,20250701,8062
20250701,影视动漫,动漫吻戏,441,20250701,8063
20250701,影视动漫,一路向西在线观看剧情电影,441,20250701,8064
20250701,影视动漫,遮天动漫在线播放观看,440,20250701,8065
20250701,影视动漫,大米星球最新netflix,440,20250701,8066
20250701,影视动漫,女神老婆赖上我短剧免费观看完整版,440,20250701,8067
20250701,影视动漫,古见同学有交流障碍症第一季免费观看,440,20250701,8068
20250701,影视动漫,萤火之森,440,20250701,8069
20250701,影视动漫,杀戮,440,20250701,8070
20250701,影视动漫,庭外电视剧在线观看免费完整版,440,20250701,8071
20250701,影视动漫,"嘘,国王在冬眠电视剧免费观看完整版",440,20250701,8072
20250701,影视动漫,金婚电视剧全集免费高清在线观看,440,20250701,8073
20250701,影视动漫,师傅,440,20250701,8074
20250701,影视动漫,尸兄,440,20250701,8075
20250701,影视动漫,玫瑰的故事剧情介绍,440,20250701,8076
20250701,影视动漫,梦中情人,440,20250701,8077
20250701,影视动漫,女神宿舍的管理员,440,20250701,8078
20250701,影视动漫,国色芳华剧情分集剧情介绍,440,20250701,8079
20250701,影视动漫,偏偏喜欢你在线观看完整版免费,440,20250701,8080
20250701,影视动漫,白莲花度假村,440,20250701,8081
20250701,影视动漫,星河战队,440,20250701,8082
20250701,影视动漫,1—5集免费普通话版,440,20250701,8083
20250701,影视动漫,书卷一梦电视剧免费看,440,20250701,8084
20250701,影视动漫,锦囊妙录,440,20250701,8085
20250701,影视动漫,使命,439,20250701,8086
20250701,影视动漫,以法之名40集免费,439,20250701,8087
20250701,影视动漫,《美丽的小蜜桃4》,439,20250701,8088
20250701,影视动漫,武神主宰在线观看全集免费播放动漫,439,20250701,8089
20250701,影视动漫,斗牛,439,20250701,8090
20250701,影视动漫,天官赐福动漫,439,20250701,8091
20250701,影视动漫,9.1短视直接观看,439,20250701,8092
20250701,影视动漫,中央5套节目表,439,20250701,8093
20250701,影视动漫,李沁演过的电视剧大全,439,20250701,8094
20250701,影视动漫,书卷一梦免费在线观看,439,20250701,8095
20250701,影视动漫,宝莲灯前传,439,20250701,8096
20250701,影视动漫,顶楼,439,20250701,8097
20250701,影视动漫,宝石之国,439,20250701,8098
20250701,影视动漫,明天,439,20250701,8099
20250701,影视动漫,人鱼小姐,439,20250701,8100
20250701,影视动漫,大丈夫电视剧全集免费观看完整版,439,20250701,8101
20250701,影视动漫,城下町的蒲公英,439,20250701,8102
20250701,影视动漫,看不见的客人,439,20250701,8103
20250701,影视动漫,一级少女免费观看电视剧播放器7一收,438,20250701,8104
20250701,影视动漫,赵丽颖演的电视剧,438,20250701,8105
20250701,影视动漫,星落凝成糖,438,20250701,8106
20250701,影视动漫,埃及猫原版动画视频,438,20250701,8107
20250701,影视动漫,明星大侦探第五季,438,20250701,8108
20250701,影视动漫,真人做aj的视频教程大全,438,20250701,8109
20250701,影视动漫,沧元图2免费观看全集在线高清,438,20250701,8110
20250701,影视动漫,追剧网,438,20250701,8111
20250701,影视动漫,阅兵式2019中国70周年完整版高清,438,20250701,8112
20250701,影视动漫,农民伯伯2免费完整版电影,438,20250701,8113
20250701,影视动漫,百妖谱,437,20250701,8114
20250701,影视动漫,苹果在线观看完整电视剧免费,437,20250701,8115
20250701,影视动漫,赵丽颖演过的电视剧大全,437,20250701,8116
20250701,影视动漫,航拍中国纪录片全集免费观看,437,20250701,8117
20250701,影视动漫,犯罪都市,437,20250701,8118
20250701,影视动漫,八角笼中,437,20250701,8119
20250701,影视动漫,将夜2,437,20250701,8120
20250701,影视动漫,特狗app,437,20250701,8121
20250701,影视动漫,彭德怀元帅,437,20250701,8122
20250701,影视动漫,潜渊谍战剧1-48集播放,437,20250701,8123
20250701,影视动漫,无忧渡电视剧在线观看,437,20250701,8124
20250701,影视动漫,JOJO第一季免费观看全集,437,20250701,8125
20250701,影视动漫,吃饭跑步和恋爱全集免费观看完整版,437,20250701,8126
20250701,影视动漫,假面骑士空我,437,20250701,8127
20250701,影视动漫,木瓜影视,437,20250701,8128
20250701,影视动漫,开鲁798视频,437,20250701,8129
20250701,影视动漫,老师和学生高清电视剧,436,20250701,8130
20250701,影视动漫,恋与制作人,436,20250701,8131
20250701,影视动漫,明星大侦探第八季,436,20250701,8132
20250701,影视动漫,斗罗大陆4,436,20250701,8133
20250701,影视动漫,激战,436,20250701,8134
20250701,影视动漫,魔戒,436,20250701,8135
20250701,影视动漫,神笔马良的作者是谁?,436,20250701,8136
20250701,影视动漫,奔跑吧第十三季在线观看免费,436,20250701,8137
20250701,影视动漫,以法之名张译电视剧在线观看,436,20250701,8138
20250701,影视动漫,交换2,436,20250701,8139
20250701,影视动漫,封神,436,20250701,8140
20250701,影视动漫,教室别恋,436,20250701,8141
20250701,影视动漫,翁虹4部必看经典电影,436,20250701,8142
20250701,影视动漫,gogogo高清观看完整版,436,20250701,8143
20250701,影视动漫,楚乔传第二部免费观看全集完整版,436,20250701,8144
20250701,影视动漫,小舍得电视剧全集免费观看完整版,436,20250701,8145
20250701,影视动漫,欢笑老弄堂,436,20250701,8146
20250701,影视动漫,奔跑吧兄弟第二季,436,20250701,8147
20250701,影视动漫,与法之名,436,20250701,8148
20250701,影视动漫,杨思敏电影,436,20250701,8149
20250701,影视动漫,百万元与苦虫女完整免费版,435,20250701,8150
20250701,影视动漫,江一凡动画,435,20250701,8151
20250701,影视动漫,极速恋人第一季免费观看未删减版,435,20250701,8152
20250701,影视动漫,五十度灰电影完整在线观看,435,20250701,8153
20250701,影视动漫,中央8台今晚播放电视剧,435,20250701,8154
20250701,影视动漫,新金瓶续集1-5电视剧免费,435,20250701,8155
20250701,影视动漫,天赐的声音第六季,435,20250701,8156
20250701,影视动漫,功夫熊猫4电影免费观看完整版,435,20250701,8157
20250701,影视动漫,冰路营救2,435,20250701,8158
20250701,影视动漫,今夜不设防香港综艺节目,435,20250701,8159
20250701,影视动漫,进击的巨人第五季,435,20250701,8160
20250701,影视动漫,天龙八部黄日华版,435,20250701,8161
20250701,影视动漫,为什么老师会在这里,435,20250701,8162
20250701,影视动漫,不健全关系,435,20250701,8163
20250701,影视动漫,风云,435,20250701,8164
20250701,影视动漫,走西口,435,20250701,8165
20250701,影视动漫,转生王女与天才千金的魔法革命,434,20250701,8166
20250701,影视动漫,恶与假面的规则免费观看完整版,434,20250701,8167
20250701,影视动漫,猎人克莱文在线完整免费观看高清,434,20250701,8168
20250701,影视动漫,古装剧排行榜2025最新热播剧有哪些,434,20250701,8169
20250701,影视动漫,我爱男保姆的电视剧全集播放免费,434,20250701,8170
20250701,影视动漫,金太郎的幸福生活免费观看电视剧全集高清,434,20250701,8171
20250701,影视动漫,暗香,434,20250701,8172
20250701,影视动漫,娃娃脸1977年 经典娃娃脸4,434,20250701,8173
20250701,影视动漫,新的哥哥2,434,20250701,8174
20250701,影视动漫,奔跑吧2025最新一期免费观看,434,20250701,8175
20250701,影视动漫,创造101,434,20250701,8176
20250701,影视动漫,缘之空全集,434,20250701,8177
20250701,影视动漫,77影视,434,20250701,8178
20250701,影视动漫,法国《高压监狱》电影完整版,434,20250701,8179
20250701,影视动漫,陷入我们的热恋剧情介绍,434,20250701,8180
20250701,影视动漫,青春无季电视剧免费观看完整版,434,20250701,8181
20250701,影视动漫,完美世界动漫,434,20250701,8182
20250701,影视动漫,挣扎吧亚当君第二季,434,20250701,8183
20250701,影视动漫,乱世佳人电影在线观看免费完整版电视剧,434,20250701,8184
20250701,影视动漫,大地资源二高清在线观看播放,434,20250701,8185
20250701,影视动漫,美容院特殊的待遇7,434,20250701,8186
20250701,影视动漫,抱歉沈先生孩子不是你的短剧免费观看,433,20250701,8187
20250701,影视动漫,逆流而上的你电视剧免费观看全集,433,20250701,8188
20250701,影视动漫,灵笼第一季在线观看,433,20250701,8189
20250701,影视动漫,心口不一泰剧,433,20250701,8190
20250701,影视动漫,节日,433,20250701,8191
20250701,影视动漫,吴家丽最惊艳三部电影,433,20250701,8192
20250701,影视动漫,照亮你电视剧免费观看完整版,433,20250701,8193
20250701,影视动漫,连环套电视剧全集免费观看,433,20250701,8194
20250701,影视动漫,少女大人免费播放高清版下载,433,20250701,8195
20250701,影视动漫,偷偷藏不住之许你电视剧在线观看,433,20250701,8196
20250701,影视动漫,四方极爱泰剧电视剧免费观看高清,433,20250701,8197
20250701,影视动漫,欢乐家长群第二季,433,20250701,8198
20250701,影视动漫,亚洲新声,433,20250701,8199
20250701,影视动漫,97在线观看免费高清完整版在线观看明星大侦探9,433,20250701,8200
20250701,影视动漫,两性奥秘,433,20250701,8201
20250701,影视动漫,黑人电影,433,20250701,8202
20250701,影视动漫,喜欢你,433,20250701,8203
20250701,影视动漫,包青天之七侠五义,433,20250701,8204
20250701,影视动漫,4480青苹果乐园免费观看全集,433,20250701,8205
20250701,影视动漫,夫妻的赞助商,432,20250701,8206
20250701,影视动漫,跳舞的视频,432,20250701,8207
20250701,影视动漫,玉女心经免费观看电视剧全集,432,20250701,8208
20250701,影视动漫,幸福宝8008app隐藏入口最新ios版,432,20250701,8209
20250701,影视动漫,朝花夕拾却已迟短剧免费观看60,432,20250701,8210
20250701,影视动漫,四川少女免费观看高清电视剧推荐,432,20250701,8211
20250701,影视动漫,星河几度盼归舟全集免费,432,20250701,8212
20250701,影视动漫,他不渡我短剧免费观看,432,20250701,8213
20250701,影视动漫,直播软件哪个比较开放,432,20250701,8214
20250701,影视动漫,逆爱演员名单,432,20250701,8215
20250701,影视动漫,《哥布林的窑洞》动漫,432,20250701,8216
20250701,影视动漫,港剧2025最新的电视剧,432,20250701,8217
20250701,影视动漫,国色芳华第二季免费观看,432,20250701,8218
20250701,影视动漫,黑豹,432,20250701,8219
20250701,影视动漫,家庭教师电影免费观看高清完整版在线观看韩剧,432,20250701,8220
20250701,影视动漫,国产片,432,20250701,8221
20250701,影视动漫,雾都电视剧全集在线观看免费,431,20250701,8222
20250701,影视动漫,《甄嬛传》电视剧全集免费,431,20250701,8223
20250701,影视动漫,排球少年第四季,431,20250701,8224
20250701,影视动漫,逆爱电视剧第八集,431,20250701,8225
20250701,影视动漫,家有儿女第一部电视剧免费观看,431,20250701,8226
20250701,影视动漫,女医肉奴隶,431,20250701,8227
20250701,影视动漫,大师兄,431,20250701,8228
20250701,影视动漫,cctv5在线观看,431,20250701,8229
20250701,影视动漫,藏海转,431,20250701,8230
20250701,影视动漫,回复术士的重启人生完整版免费观看樱花动漫,431,20250701,8231
20250701,影视动漫,神探狄仁杰第一部电视剧,431,20250701,8232
20250701,影视动漫,云襄传,431,20250701,8233
20250701,影视动漫,锦绣芳华电视剧在线观看免费高清版全集杨紫,431,20250701,8234
20250701,影视动漫,中央五台,431,20250701,8235
20250701,影视动漫,美女与野兽免费观看全集完整版,431,20250701,8236
20250701,影视动漫,狮城山海剧情介绍,431,20250701,8237
20250701,影视动漫,豚豚剧2025最新版本下载,431,20250701,8238
20250701,影视动漫,酱园弄演员表名单介绍,431,20250701,8239
20250701,影视动漫,手术直播间电视剧免费观看,431,20250701,8240
20250701,影视动漫,这是我的西游免费观看完整版,431,20250701,8241
20250701,影视动漫,《聊斋奇谭2之美人》,431,20250701,8242
20250701,影视动漫,地狱尖兵,431,20250701,8243
20250701,影视动漫,太阳的后裔电视剧免费观看全集高清,431,20250701,8244
20250701,影视动漫,徐锦江作品,431,20250701,8245
20250701,影视动漫,神马影院免费观看电视剧全集,431,20250701,8246
20250701,影视动漫,圣剑学院的魔剑使,431,20250701,8247
20250701,影视动漫,没有钱动漫在线观看完整版免费高清,431,20250701,8248
20250701,影视动漫,催眠指导全集免费观看樱花动漫,431,20250701,8249
20250701,影视动漫,海蒂和爷爷,431,20250701,8250
20250701,影视动漫,触不可及,430,20250701,8251
20250701,影视动漫,逆爱在线观看全集免费播放,430,20250701,8252
20250701,影视动漫,以法之名第17集在线观看,430,20250701,8253
20250701,影视动漫,花好月圆,430,20250701,8254
20250701,影视动漫,心居,430,20250701,8255
20250701,影视动漫,安乐战场无删减版播放免费观看,430,20250701,8256
20250701,影视动漫,秦牧牧神记全集免费观看,430,20250701,8257
20250701,影视动漫,真昼之禁猎场免费观看完整版电影,430,20250701,8258
20250701,影视动漫,仙剑四电视剧免费观看全集,430,20250701,8259
20250701,影视动漫,抖音收货地址在哪里改,430,20250701,8260
20250701,影视动漫,七根心简 电视剧免费观看,430,20250701,8261
20250701,影视动漫,爱情季节泰剧播放电视剧在线观看全集,430,20250701,8262
20250701,影视动漫,别惹扫地僧免费观看全集,430,20250701,8263
20250701,影视动漫,央视影音,430,20250701,8264
20250701,影视动漫,美人计,430,20250701,8265
20250701,影视动漫,现在就出发第一季免费观看,430,20250701,8266
20250701,影视动漫,一线栏目,430,20250701,8267
20250701,影视动漫,桃花映江山分集剧情,430,20250701,8268
20250701,影视动漫,第一次爱的人免费观看全集高清,429,20250701,8269
20250701,影视动漫,咱们结婚吧演员表,429,20250701,8270
20250701,影视动漫,山花烂漫时电视剧免费观看,429,20250701,8271
20250701,影视动漫,消失的初恋,429,20250701,8272
20250701,影视动漫,百年孤独电影,429,20250701,8273
20250701,影视动漫,热辣滚烫电影在线完整版免费观看,429,20250701,8274
20250701,影视动漫,我在回忆里万劫不复短剧免费观看全集,429,20250701,8275
20250701,影视动漫,一帘幽梦免费观看完整版,429,20250701,8276
20250701,影视动漫,多拉特行动在线高清免费观看,429,20250701,8277
20250701,影视动漫,妖精影院在线播放免费观看电视剧,429,20250701,8278
20250701,影视动漫,北上电视剧免费播放电视剧,429,20250701,8279
20250701,影视动漫,桃花映江山电视剧免费观看15,429,20250701,8280
20250701,影视动漫,以法之名演职人员表,429,20250701,8281
20250701,影视动漫,修车危情,429,20250701,8282
20250701,影视动漫,刺青电影在线看免费观看完整版,429,20250701,8283
20250701,影视动漫,电影免费观看,429,20250701,8284
20250701,影视动漫,火影忍者720集全集在线看高清,429,20250701,8285
20250701,影视动漫,免费韩国电影完整版在线观看,429,20250701,8286
20250701,影视动漫,明星大侦探第一季,429,20250701,8287
20250701,影视动漫,贴身保镖电影完整版观看,429,20250701,8288
20250701,影视动漫,落叶飞刀电影完整免费观看,429,20250701,8289
20250701,影视动漫,死神动漫,429,20250701,8290
20250701,影视动漫,星空影院电视免费观看,429,20250701,8291
20250701,影视动漫,寻情记,429,20250701,8292
20250701,影视动漫,人生第一次纪录片免费观看完整版,429,20250701,8293
20250701,影视动漫,你喜欢亚人对吧,429,20250701,8294
20250701,影视动漫,以法之名1-40集免费看,429,20250701,8295
20250701,影视动漫,你是我的命中注定免费观看完整版,429,20250701,8296
20250701,影视动漫,买下我完整版电影免费观看,429,20250701,8297
20250701,影视动漫,人生开门红演员表,428,20250701,8298
20250701,影视动漫,假面骑士圣刃,428,20250701,8299
20250701,影视动漫,鸭王3,428,20250701,8300
20250701,影视动漫,刑事侦缉档案,428,20250701,8301
20250701,影视动漫,斗破苍穹年番免费动漫抢先看,428,20250701,8302
20250701,影视动漫,荐片app官方下载,428,20250701,8303
20250701,影视动漫,东北娘们国语版免费播放,428,20250701,8304
20250701,影视动漫,囧次元动漫app正版下载无广告最新,428,20250701,8305
20250701,影视动漫,王俊凯任上合国家电影节大使,428,20250701,8306
20250701,影视动漫,韩剧《不止暧昧》,428,20250701,8307
20250701,影视动漫,《胶囊旅馆》动漫免费观看完整版,428,20250701,8308
20250701,影视动漫,以法的名义免费观看全集,428,20250701,8309
20250701,影视动漫,燃烧,427,20250701,8310
20250701,影视动漫,荷尔蒙,427,20250701,8311
20250701,影视动漫,潜伏电视剧,427,20250701,8312
20250701,影视动漫,任嘉伦主演电视剧大全免费观看,427,20250701,8313
20250701,影视动漫,锦绣芳华第二部在线观看电视剧,427,20250701,8314
20250701,影视动漫,《以法之名》在线播放,427,20250701,8315
20250701,影视动漫,背叛,427,20250701,8316
20250701,影视动漫,桔子电视剧在线观看免费,427,20250701,8317
20250701,影视动漫,侏罗纪世界4在线观看完整免费,427,20250701,8318
20250701,影视动漫,91在线观看免费高清完整版在线观看明星大侦探,427,20250701,8319
20250701,影视动漫,日剧《再来一次》,427,20250701,8320
20250701,影视动漫,聊斋叶子楣电影全集免费观看高清版,427,20250701,8321
20250701,影视动漫,步步情深短剧全集免费观看,427,20250701,8322
20250701,影视动漫,成全视频高清免费播放电视剧好剧,427,20250701,8323
20250701,影视动漫,隔壁的男人,427,20250701,8324
20250701,影视动漫,与君初相识电视剧免费观看完整版高清,426,20250701,8325
20250701,影视动漫,年轻母亲5免费完整高清电视剧在线看荣耀x5闹钟在哪里,426,20250701,8326
20250701,影视动漫,火焰视频,426,20250701,8327
20250701,影视动漫,神雕侠侣古天乐版,426,20250701,8328
20250701,影视动漫,飞极速在线 - 飞极速官网 - 飞极速快线 - 飞极速神枪,426,20250701,8329
20250701,影视动漫,《日本免费看哺乳期》的电视剧,426,20250701,8330
20250701,影视动漫,以法之名第18集,426,20250701,8331
20250701,影视动漫,动漫观看樱花动漫,426,20250701,8332
20250701,影视动漫,粉红女郎,426,20250701,8333
20250701,影视动漫,依法之名多少集,426,20250701,8334
20250701,影视动漫,兰香如故电视剧免费观看,426,20250701,8335
20250701,影视动漫,成龙电影,426,20250701,8336
20250701,影视动漫,扫黑决战,426,20250701,8337
20250701,影视动漫,花房姑娘国语免费观看电视剧,426,20250701,8338
20250701,影视动漫,1999,426,20250701,8339
20250701,影视动漫,十年倾城电视剧在线观看,426,20250701,8340
20250701,影视动漫,于成龙电视剧全集免费观看,426,20250701,8341
20250701,影视动漫,小满生活,426,20250701,8342
20250701,影视动漫,51cg搞笑综艺莫里秀在线播放,426,20250701,8343
20250701,影视动漫,女子推理社,426,20250701,8344
20250701,影视动漫,跑男第十三季正片免费,425,20250701,8345
20250701,影视动漫,斗罗大陆2绝世唐门在线观看全集免费播放,425,20250701,8346
20250701,影视动漫,封神榜2,425,20250701,8347
20250701,影视动漫,CCTV-13在线直播,425,20250701,8348
20250701,影视动漫,花儿与少年第六季,425,20250701,8349
20250701,影视动漫,绯色过浓短剧全集免费完整版在线观看,425,20250701,8350
20250701,影视动漫,酷客影院在线观看免费完整版,425,20250701,8351
20250701,影视动漫,冰雨火电视剧全集免费播放,425,20250701,8352
20250701,影视动漫,美女洗澡,425,20250701,8353
20250701,影视动漫,九龙大众浪漫,425,20250701,8354
20250701,影视动漫,电视剧春晖演员表,425,20250701,8355
20250701,影视动漫,冬眠的熊先生动漫完整观看,425,20250701,8356
20250701,影视动漫,天空影视,425,20250701,8357
20250701,影视动漫,穿越火线电视剧,425,20250701,8358
20250701,影视动漫,蜂鸟影视,425,20250701,8359
20250701,影视动漫,奔跑吧少年,425,20250701,8360
20250701,影视动漫,孕妇在线观看免费高清电视剧,425,20250701,8361
20250701,影视动漫,替夫还债2免费播放完整版,425,20250701,8362
20250701,影视动漫,蛇蝎美人,425,20250701,8363
20250701,影视动漫,已满十八岁在线观看高清电视剧大全,425,20250701,8364
20250701,影视动漫,抖音免密支付怎么关闭,424,20250701,8365
20250701,影视动漫,私家侦探,424,20250701,8366
20250701,影视动漫,风中的火焰,424,20250701,8367
20250701,影视动漫,造城者电视剧免费观看全集完整版,424,20250701,8368
20250701,影视动漫,腐剧双男主剧,424,20250701,8369
20250701,影视动漫,干柴烈火2免费观看电视剧,424,20250701,8370
20250701,影视动漫,孤岛飞鹰,424,20250701,8371
20250701,影视动漫,不可撤销未测减除版,424,20250701,8372
20250701,影视动漫,进击的巨人最终季part2,424,20250701,8373
20250701,影视动漫,看剧吧,424,20250701,8374
20250701,影视动漫,毁灭的诱惑动漫名字,424,20250701,8375
20250701,影视动漫,娃娃脸在线观看免费完整版高清,424,20250701,8376
20250701,影视动漫,柴鸡蛋《逆爱》台剧,424,20250701,8377
20250701,影视动漫,华灯初上,424,20250701,8378
20250701,影视动漫,人生若只如初见电视剧免费观看,424,20250701,8379
20250701,影视动漫,在那遥远的地方电视剧免费观看,424,20250701,8380
20250701,影视动漫,皮囊之下,424,20250701,8381
20250701,影视动漫,模范出租车第一部,424,20250701,8382
20250701,影视动漫,人间中毒免费观看全集高清完整版,423,20250701,8383
20250701,影视动漫,八仙过海是哪八仙,423,20250701,8384
20250701,影视动漫,甜妻似火霍总超爱短剧免费观看,423,20250701,8385
20250701,影视动漫,僵尸电影大全免费观看,423,20250701,8386
20250701,影视动漫,夜色暗涌时电视剧在线观看免费完整版高清,423,20250701,8387
20250701,影视动漫,以法之名张译免费观看视频,423,20250701,8388
20250701,影视动漫,金钱堡垒,423,20250701,8389
20250701,影视动漫,逆爱电视剧全集免费观看,423,20250701,8390
20250701,影视动漫,免费影视,423,20250701,8391
20250701,影视动漫,儿媳妇长太漂亮免费观看电视剧,423,20250701,8392
20250701,影视动漫,陆贞传奇电视剧在线观看免费全集,423,20250701,8393
20250701,影视动漫,小马宝莉图片,423,20250701,8394
20250701,影视动漫,聊斋艳潭2,423,20250701,8395
20250701,影视动漫,逆爱柴鸡蛋电视剧在线观看免费高清,423,20250701,8396
20250701,影视动漫,莎莎大冒险,423,20250701,8397
20250701,影视动漫,我的漂亮表嫂免费观看电视剧,423,20250701,8398
20250701,影视动漫,悟空浏览器免费追剧,423,20250701,8399
20250701,影视动漫,电影先生,423,20250701,8400
20250701,影视动漫,免费观看已满18岁的电视剧动漫,423,20250701,8401
20250701,影视动漫,蜜桃乌龙电视剧全集免费观看,423,20250701,8402
20250701,影视动漫,特赦1959电视剧免费观看,423,20250701,8403
20250701,影视动漫,爱奇艺会员可以登录几个设备,423,20250701,8404
20250701,影视动漫,无颜之月动漫,423,20250701,8405
20250701,影视动漫,豚豚剧下载,423,20250701,8406
20250701,影视动漫,此时此刻电影在线观看,423,20250701,8407
20250701,影视动漫,以法之名36集全免费播放,423,20250701,8408
20250701,影视动漫,熊出没之夺宝熊兵,423,20250701,8409
20250701,影视动漫,红日,422,20250701,8410
20250701,影视动漫,地味变,422,20250701,8411
20250701,影视动漫,《逆爱》柴鸡蛋电视剧,422,20250701,8412
20250701,影视动漫,杨贵妃秘史在线播放免费播放电影下载,422,20250701,8413
20250701,影视动漫,少女韩国免费观看高清电视剧,422,20250701,8414
20250701,影视动漫,西北岁月演员表,422,20250701,8415
20250701,影视动漫,大风歌电视剧全集免费观看,422,20250701,8416
20250701,影视动漫,爱奇艺会员自动续费怎么关闭,422,20250701,8417
20250701,影视动漫,乡下真千金竟是老祖宗短剧免费观看,422,20250701,8418
20250701,影视动漫,李时珍是哪个朝代的人,422,20250701,8419
20250701,影视动漫,燕云台免费观看全集完整版在线播放,422,20250701,8420
20250701,影视动漫,影视大全 免费下载,422,20250701,8421
20250701,影视动漫,天天向上,422,20250701,8422
20250701,影视动漫,陈思诚携主创亮相《恶意》首映礼,422,20250701,8423
20250701,影视动漫,鸣人小樱之夜动漫免费观看,422,20250701,8424
20250701,影视动漫,麻花影视,422,20250701,8425
20250701,影视动漫,新大地资源在线影视观看,422,20250701,8426
20250701,影视动漫,吸血贵利王电影完整免费观看,422,20250701,8427
20250701,影视动漫,颐和园电影在线播放免费版,422,20250701,8428
20250701,影视动漫,鱿鱼游戏第四季,422,20250701,8429
20250701,影视动漫,jojo的奇妙冒险星尘斗士埃及篇,421,20250701,8430
20250701,影视动漫,《逆爱》网剧在线观看第八集,421,20250701,8431
20250701,影视动漫,以你的心诠释我的爱泰剧免费观看,421,20250701,8432
20250701,影视动漫,杨光的快乐生活,421,20250701,8433
20250701,影视动漫,灭火宝贝2户外版,421,20250701,8434
20250701,影视动漫,"9,1成长视频",421,20250701,8435
20250701,影视动漫,大地影视资源官网第二页,421,20250701,8436
20250701,影视动漫,海天雄鹰,421,20250701,8437
20250701,影视动漫,任素汐电影,421,20250701,8438
20250701,影视动漫,少女视频,421,20250701,8439
20250701,影视动漫,黑帮大佬365,421,20250701,8440
20250701,影视动漫,校园默示录,421,20250701,8441
20250701,影视动漫,热带雨 完整在线观看,421,20250701,8442
20250701,影视动漫,与僧侣交合的色欲之夜,421,20250701,8443
20250701,影视动漫,我们的大学2HD,421,20250701,8444
20250701,影视动漫,认亲后误入帮派成团宠短剧免费观看,421,20250701,8445
20250701,影视动漫,猎金游戏剧情介绍,421,20250701,8446
20250701,影视动漫,兵临城下截取一小段精彩片段,421,20250701,8447
20250701,影视动漫,第二十条免费观看完整版高清,421,20250701,8448
20250701,影视动漫,小猪佩奇全集播放免费,420,20250701,8449
20250701,影视动漫,51动漫官网免费版观看,420,20250701,8450
20250701,影视动漫,不正经的魔术讲师与禁忌教典,420,20250701,8451
20250701,影视动漫,王子变青蛙,420,20250701,8452
20250701,影视动漫,反贪风暴,420,20250701,8453
20250701,影视动漫,娘亲舅大,420,20250701,8454
20250701,影视动漫,且试天下免费观看完整版电视剧,420,20250701,8455
20250701,影视动漫,以法之名张译免费播放电视剧,420,20250701,8456
20250701,影视动漫,隧道,420,20250701,8457
20250701,影视动漫,长生界动漫在线观看全集免费高清,420,20250701,8458
20250701,影视动漫,鬼吹灯之南海归墟,420,20250701,8459
20250701,影视动漫,归来凤栖处短剧免费全集完整版,420,20250701,8460
20250701,影视动漫,《逆爱》台剧2025,420,20250701,8461
20250701,影视动漫,绝望主妇,420,20250701,8462
20250701,影视动漫,kwai,420,20250701,8463
20250701,影视动漫,逆爱电视剧2025免费观看全集,419,20250701,8464
20250701,影视动漫,黄冈B站入口,419,20250701,8465
20250701,影视动漫,我的前半生演员名单,419,20250701,8466
20250701,影视动漫,电视剧排行榜,419,20250701,8467
20250701,影视动漫,奔跑吧茶马古道篇,419,20250701,8468
20250701,影视动漫,浪漫满屋,419,20250701,8469
20250701,影视动漫,米老鼠,419,20250701,8470
20250701,影视动漫,猎金游戏在线观看完整版免费,419,20250701,8471
20250701,影视动漫,折腰电视剧免费观看完整版,419,20250701,8472
20250701,影视动漫,历史的天空电视剧全集免费观看,419,20250701,8473
20250701,影视动漫,记忆的静物在线观看免费完整版,419,20250701,8474
20250701,影视动漫,破处,419,20250701,8475
20250701,影视动漫,摇滚萝莉,419,20250701,8476
20250701,影视动漫,溺爱全集完整版,419,20250701,8477
20250701,影视动漫,斗破苍穹动漫,419,20250701,8478
20250701,影视动漫,灵虎影视,419,20250701,8479
20250701,影视动漫,以法之名张译电视剧剧情介绍,419,20250701,8480
20250701,影视动漫,隐秘的角落在线观看完整版电视剧,419,20250701,8481
20250701,影视动漫,裂口女,419,20250701,8482
20250701,影视动漫,红袖视频,419,20250701,8483
20250701,影视动漫,超神宠兽店在线观看全集免费,418,20250701,8484
20250701,影视动漫,野兽,418,20250701,8485
20250701,影视动漫,一半海水一半火焰,418,20250701,8486
20250701,影视动漫,永夜星河电视剧免费,418,20250701,8487
20250701,影视动漫,哈尔滨1944,418,20250701,8488
20250701,影视动漫,困困兔,418,20250701,8489
20250701,影视动漫,如意,418,20250701,8490
20250701,影视动漫,一起看影视app,418,20250701,8491
20250701,影视动漫,娘道电视剧免费观看完整版,418,20250701,8492
20250701,影视动漫,最新电影2025在线观看完整版免费,418,20250701,8493
20250701,影视动漫,亲爱的热爱的全集免费观看完整版,418,20250701,8494
20250701,影视动漫,谍战剧2025年最新谍战电视剧,418,20250701,8495
20250701,影视动漫,偶遇,418,20250701,8496
20250701,影视动漫,麻花传剧原创mv在线看高清免费,418,20250701,8497
20250701,影视动漫,赤足惊魂国语完整观看免费,418,20250701,8498
20250701,影视动漫,影视大全在线观看电视剧免费观看微微一笑很倾城,418,20250701,8499
20250701,影视动漫,风犬少年的天空免费观看全集,418,20250701,8500
20250701,影视动漫,法利赛人完整版电影播放,418,20250701,8501
20250701,影视动漫,以法之名乔振兴二次尸检成功了吗,418,20250701,8502
20250701,影视动漫,女教师2,418,20250701,8503
20250701,影视动漫,喜羊羊与灰太狼之筐出胜利,418,20250701,8504
20250701,影视动漫,日本综艺,418,20250701,8505
20250701,影视动漫,我叫赵甲第第二季,418,20250701,8506
20250701,影视动漫,MM51视频,418,20250701,8507
20250701,影视动漫,哑妻电视剧全集免费播放完整版,418,20250701,8508
20250701,影视动漫,天地粮人,418,20250701,8509
20250701,影视动漫,电影《MissaX - RayVeness - Study Break》 2024年上映,417,20250701,8510
20250701,影视动漫,捉妖记,417,20250701,8511
20250701,影视动漫,姜桃花电视剧免费观看,417,20250701,8512
20250701,影视动漫,以法之名原型案件详细经过,417,20250701,8513
20250701,影视动漫,《玉女心经3:阴阳和合》,417,20250701,8514
20250701,影视动漫,猎鹰1949,417,20250701,8515
20250701,影视动漫,天衣无缝电视剧剧情介绍,417,20250701,8516
20250701,影视动漫,七根心简电视剧高清,417,20250701,8517
20250701,影视动漫,闻香识女人,417,20250701,8518
20250701,影视动漫,免费的看大片app软件推荐,417,20250701,8519
20250701,影视动漫,狸猫换太子故事中太子的生母是谁,417,20250701,8520
20250701,影视动漫,孟子义演的电视剧有哪些,417,20250701,8521
20250701,影视动漫,凡人歌演员表,417,20250701,8522
20250701,影视动漫,土豆网,417,20250701,8523
20250701,影视动漫,张桂梅电影《了不起的她》,417,20250701,8524
20250701,影视动漫,玉铺团2之极乐鉴宝免费观看,417,20250701,8525
20250701,影视动漫,大寄吧查进去的视频,417,20250701,8526
20250701,影视动漫,中央新闻联播直播今天视频直播,417,20250701,8527
20250701,影视动漫,紫川之光明王 电视剧在线观看,417,20250701,8528
20250701,影视动漫,逆爱第7集免费观看柴鸡蛋,417,20250701,8529
20250701,影视动漫,中华小当家,417,20250701,8530
20250701,影视动漫,大山的女儿演员表,417,20250701,8531
20250701,影视动漫,新闻联播直播 在线直播,417,20250701,8532
20250701,影视动漫,现在就出发 第二季,417,20250701,8533
20250701,影视动漫,狙击手,417,20250701,8534
20250701,影视动漫,入间同学入魔了第一季,417,20250701,8535
20250701,影视动漫,天降辣妈飒翻全场短剧免费观看,417,20250701,8536
20250701,影视动漫,演员请就位第三季免费观看完整版,417,20250701,8537
20250701,影视动漫,黑白禁区免费观看电视剧结局,416,20250701,8538
20250701,影视动漫,江湖夜雨十年灯电视剧免费观看,416,20250701,8539
20250701,影视动漫,依法为名电视剧免费观看,416,20250701,8540
20250701,影视动漫,首播影院,416,20250701,8541
20250701,影视动漫,凪的新生活动漫,416,20250701,8542
20250701,影视动漫,淮水竹亭电视剧全集免费观看高清,416,20250701,8543
20250701,影视动漫,极限挑战第二季,416,20250701,8544
20250701,影视动漫,满江红电影免费完整在线观看,416,20250701,8545
20250701,影视动漫,飘花电影,416,20250701,8546
20250701,影视动漫,成全看免费观看高清电影大全,416,20250701,8547
20250701,影视动漫,日本视频,416,20250701,8548
20250701,影视动漫,鬼叫春完整版电影在线观看,416,20250701,8549
20250701,影视动漫,喵次元,416,20250701,8550
20250701,影视动漫,门第,416,20250701,8551
20250701,影视动漫,危机航线,416,20250701,8552
20250701,影视动漫,隐秘而伟大,416,20250701,8553
20250701,影视动漫,浪漫满屋韩剧,416,20250701,8554
20250701,影视动漫,星光大道,416,20250701,8555
20250701,影视动漫,三年在线观看免费大全第3季,416,20250701,8556
20250701,影视动漫,狂野少女免费完整版电影在线播放,416,20250701,8557
20250701,影视动漫,郭麒麟演的电视剧,416,20250701,8558
20250701,影视动漫,无间演员表全部名单,416,20250701,8559
20250701,影视动漫,白夜破晓,415,20250701,8560
20250701,影视动漫,nana动漫全集免费观看,415,20250701,8561
20250701,影视动漫,机智的医生生活,415,20250701,8562
20250701,影视动漫,山花烂漫时宋佳,415,20250701,8563
20250701,影视动漫,桃花在线观看免费高清电视剧,415,20250701,8564
20250701,影视动漫,李宗瑞全集电视剧全集迅雷雨熙年轻的母亲,415,20250701,8565
20250701,影视动漫,黑皮书,415,20250701,8566
20250701,影视动漫,陈情令电视剧免费观看完整版,415,20250701,8567
20250701,影视动漫,南海归墟,415,20250701,8568
20250701,影视动漫,密室大逃脱第七季大神版,415,20250701,8569
20250701,影视动漫,男人把困困放到女人困困里视频,415,20250701,8570
20250701,影视动漫,夏日口袋动漫免费观看,415,20250701,8571
20250701,影视动漫,西班牙电影,415,20250701,8572
20250701,影视动漫,孤岛惊魂,414,20250701,8573
20250701,影视动漫,颐和园未减栅版,414,20250701,8574
20250701,影视动漫,月亮影视大全app下载官方正版,414,20250701,8575
20250701,影视动漫,曾少年电视剧免费观看完整版高清,414,20250701,8576
20250701,影视动漫,25岁的女高中生,414,20250701,8577
20250701,影视动漫,老师好,414,20250701,8578
20250701,影视动漫,快把我哥带走,414,20250701,8579
20250701,影视动漫,六姐妹免费全集完整版在线观看,414,20250701,8580
20250701,影视动漫,章鱼噼的原罪动画,414,20250701,8581
20250701,影视动漫,沈腾电影,414,20250701,8582
20250701,影视动漫,无尽的尽头演员表,414,20250701,8583
20250701,影视动漫,契约精灵,414,20250701,8584
20250701,影视动漫,《高压监狱》1-3完整版,414,20250701,8585
20250701,影视动漫,夜宴,414,20250701,8586
20250701,影视动漫,食人鱼,414,20250701,8587
20250701,影视动漫,红雀电影美版在线完整观看,414,20250701,8588
20250701,影视动漫,大力水手,414,20250701,8589
20250701,影视动漫,斗罗大陆1免费完整观看,414,20250701,8590
20250701,影视动漫,声色犬马,414,20250701,8591
20250701,影视动漫,神墓免费观看全集完整版,413,20250701,8592
20250701,影视动漫,人猿泰山成人版,413,20250701,8593
20250701,影视动漫,华胥引,413,20250701,8594
20250701,影视动漫,哪吒1免费观看完整版大电影,413,20250701,8595
20250701,影视动漫,贫嘴张大民的幸福生活,413,20250701,8596
20250701,影视动漫,a站,413,20250701,8597
20250701,影视动漫,断刺电视剧全集免费观看完整版,413,20250701,8598
20250701,影视动漫,爱有些沉重的黑暗精灵从异世界追过来了,413,20250701,8599
20250701,影视动漫,逆爱更新,413,20250701,8600
20250701,影视动漫,梅花红桃电视剧免费观看完整版,413,20250701,8601
20250701,影视动漫,我们的翻译官电视剧免费观看全集,413,20250701,8602
20250701,影视动漫,《外遇2》电影在线观看,413,20250701,8603
20250701,影视动漫,7根心简电视剧全集,413,20250701,8604
20250701,影视动漫,罗马第一季,413,20250701,8605
20250701,影视动漫,《从指尖传出的热情》未删,413,20250701,8606
20250701,影视动漫,流星蝴蝶剑电视剧免费观看,413,20250701,8607
20250701,影视动漫,我叫金三顺,413,20250701,8608
20250701,影视动漫,逆爱网剧免费观看,412,20250701,8609
20250701,影视动漫,以法之名张文菁结局是什么,412,20250701,8610
20250701,影视动漫,极速恋人2,412,20250701,8611
20250701,影视动漫,与君歌免费观看完整版电视剧全集,412,20250701,8612
20250701,影视动漫,专找老阿姨找老妈的搞笑视频,412,20250701,8613
20250701,影视动漫,高斯奥特曼,412,20250701,8614
20250701,影视动漫,贵嫡电视剧,412,20250701,8615
20250701,影视动漫,三叉戟2在线观看免费完整版,412,20250701,8616
20250701,影视动漫,画眉剧情分集剧情介绍,412,20250701,8617
20250701,影视动漫,台球室的特殊待遇2HD,412,20250701,8618
20250701,影视动漫,一枪战三母2-1免费观看央视网,412,20250701,8619
20250701,影视动漫,网站无需付费在线看视频,412,20250701,8620
20250701,影视动漫,凡人修仙传电视剧,412,20250701,8621
20250701,影视动漫,激情燃烧的岁月2石林和林东东结局,412,20250701,8622
20250701,影视动漫,甜蜜惩罚第12季全集,412,20250701,8623
20250701,影视动漫,风车动漫(p)_专注动漫的门户官方网站动漫巨人族的新娘,412,20250701,8624
20250701,影视动漫,特殊使命演员表介绍,412,20250701,8625
20250701,影视动漫,抖音2025官方正版,412,20250701,8626
20250701,影视动漫,三年中国中文在线观看,412,20250701,8627
20250701,影视动漫,怒水西流,412,20250701,8628
20250701,影视动漫,以法之名万海结局是什么,411,20250701,8629
20250701,影视动漫,蚂蚁影视,411,20250701,8630
20250701,影视动漫,blibli,411,20250701,8631
20250701,影视动漫,蔷薇风暴电视剧免费观看在线播放高清,411,20250701,8632
20250701,影视动漫,狂飙电视剧40集在线观看免费,411,20250701,8633
20250701,影视动漫,鱿鱼游戏在线,411,20250701,8634
20250701,影视动漫,悟空影视,411,20250701,8635
20250701,影视动漫,电影《献身》李丽珍,411,20250701,8636
20250701,影视动漫,哑巴新娘,411,20250701,8637
20250701,影视动漫,《国色芳华》电视剧,411,20250701,8638
20250701,影视动漫,良辰美景,411,20250701,8639
20250701,影视动漫,光荣时代电视剧免费观看,411,20250701,8640
20250701,影视动漫,上海一家人续集 若男和她的儿女们,411,20250701,8641
20250701,影视动漫,兄弟变成黑皮辣妹动漫在线观看全集高清,410,20250701,8642
20250701,影视动漫,《独眼的残像》完整观看,410,20250701,8643
20250701,影视动漫,我的错误2,410,20250701,8644
20250701,影视动漫,桃花映江山追剧日历,410,20250701,8645
20250701,影视动漫,那尔那茜长安的荔枝扮演谁,410,20250701,8646
20250701,影视动漫,免费看电影网站,410,20250701,8647
20250701,影视动漫,乌龙闯情关,410,20250701,8648
20250701,影视动漫,男女一起睡觉免费观看电视剧大全,410,20250701,8649
20250701,影视动漫,冬之蝉,410,20250701,8650
20250701,影视动漫,白鹿原演员表,410,20250701,8651
20250701,影视动漫,爱上兄弟的母亲6集免费观看,410,20250701,8652
20250701,影视动漫,锦绣华然全集在线播放,410,20250701,8653
20250701,影视动漫,东北插班生,410,20250701,8654
20250701,影视动漫,名侦探柯南独眼的残像完整版,410,20250701,8655
20250701,影视动漫,暴躁46集全免费剧情,410,20250701,8656
20250701,影视动漫,时间静止学院动漫在线观看免费全集动漫,410,20250701,8657
20250701,影视动漫,玻璃栈道坍塌死亡26人视频,410,20250701,8658
20250701,影视动漫,逆袭之情敌by柴鸡蛋电视剧,410,20250701,8659
20250701,影视动漫,张译演的电视剧,410,20250701,8660
20250701,影视动漫,免费观看已满十八岁中国电视剧,410,20250701,8661
20250701,影视动漫,荷尔蒙3在线观看免费完整版,410,20250701,8662
20250701,影视动漫,东北一家人,410,20250701,8663
20250701,影视动漫,好看电视剧推荐,410,20250701,8664
20250701,影视动漫,三十而已演员表,410,20250701,8665
20250701,影视动漫,僵尸电影,409,20250701,8666
20250701,影视动漫,不得不爱,409,20250701,8667
20250701,影视动漫,球童战术在线观看,409,20250701,8668
20250701,影视动漫,真探,409,20250701,8669
20250701,影视动漫,韩国大片好看的影片,409,20250701,8670
20250701,影视动漫,垂涎电视剧在哪看,409,20250701,8671
20250701,影视动漫,听宇网,409,20250701,8672
20250701,影视动漫,勾魂噩梦,409,20250701,8673
20250701,影视动漫,以法之名谁是坏人谁是好人,409,20250701,8674
20250701,影视动漫,美女打扑克,409,20250701,8675
20250701,影视动漫,零下三十八度 电视剧免费观看,409,20250701,8676
20250701,影视动漫,护心,409,20250701,8677
20250701,影视动漫,朱元璋电视剧免费观看完整版,409,20250701,8678
20250701,影视动漫,喜爱夜蒲3,409,20250701,8679
20250701,影视动漫,奋斗吧少年电视剧全集免费观看,409,20250701,8680
20250701,影视动漫,疾速追杀芭蕾杀姬,409,20250701,8681
20250701,影视动漫,电影《MissaX - RayVeness - Study Break》,409,20250701,8682
20250701,影视动漫,我的青梅竹马是消防员第一季免费观看全集电视剧,409,20250701,8683
20250701,影视动漫,笑傲江湖吕颂贤,409,20250701,8684
20250701,影视动漫,火影忍者博人传全集免费观看,409,20250701,8685
20250701,影视动漫,谍影重重,409,20250701,8686
20250701,影视动漫,半生缘,409,20250701,8687
20250701,影视动漫,星空无限传媒在线观看电视剧如何,409,20250701,8688
20250701,影视动漫,密爱2014年韩剧完整在线观看,408,20250701,8689
20250701,影视动漫,鬼灭之刃第一季在线观看免费完整版,408,20250701,8690
20250701,影视动漫,遇见幸福电视剧免费观看全集,408,20250701,8691
20250701,影视动漫,逆爱办公室吻戏,408,20250701,8692
20250701,影视动漫,楼外楼演员表,408,20250701,8693
20250701,影视动漫,假面骑士555,408,20250701,8694
20250701,影视动漫,龙门飞甲,408,20250701,8695
20250701,影视动漫,以法之名豆瓣评分,408,20250701,8696
20250701,影视动漫,父亲的草原母亲的河,408,20250701,8697
20250701,影视动漫,鸳鸯蝴蝶免费全集观看,408,20250701,8698
20250701,影视动漫,璀璨人生,408,20250701,8699
20250701,影视动漫,下载抖音极速版,408,20250701,8700
20250701,影视动漫,庆余年日韩剧免费999国语,408,20250701,8701
20250701,影视动漫,中文字幕电影观看高清完整版在线观看熊出没重返动漫,408,20250701,8702
20250701,影视动漫,钢笔怎么装墨囊视频,408,20250701,8703
20250701,影视动漫,《神印王座》在线观看,408,20250701,8704
20250701,影视动漫,奇迹在东京2恋爱的季节,408,20250701,8705
20250701,影视动漫,加油妈妈,408,20250701,8706
20250701,影视动漫,红果短视频能赚钱,408,20250701,8707
20250701,影视动漫,恶魔的崛起,408,20250701,8708
20250701,影视动漫,碟中谍1,408,20250701,8709
20250701,影视动漫,练气十万年,408,20250701,8710
20250701,影视动漫,动漫双男主,408,20250701,8711
20250701,影视动漫,平凡的荣耀电视剧免费全集在线观看,408,20250701,8712
20250701,影视动漫,我在截了一些视频,408,20250701,8713
20250701,影视动漫,李采潭电影,408,20250701,8714
20250701,影视动漫,同级生动漫免费观看全集完整版,408,20250701,8715
20250701,影视动漫,致命弯道4,408,20250701,8716
20250701,影视动漫,会长是女仆大人,407,20250701,8717
20250701,影视动漫,电影苹果,407,20250701,8718
20250701,影视动漫,动画片大全3-12岁,407,20250701,8719
20250701,影视动漫,八戒八戒电影免费观看,407,20250701,8720
20250701,影视动漫,我叫赵甲第1,407,20250701,8721
20250701,影视动漫,地缚少年花子君第二季免费观看,407,20250701,8722
20250701,影视动漫,开始推理吧第三季在线观看免费完整版,407,20250701,8723
20250701,影视动漫,老女人免费观看高清电视剧,407,20250701,8724
20250701,影视动漫,爱的色彩电影完整版免费,407,20250701,8725
20250701,影视动漫,蛮好的人生演职员名单,407,20250701,8726
20250701,影视动漫,莫比乌斯,407,20250701,8727
20250701,影视动漫,迪丽热巴演的电视剧,407,20250701,8728
20250701,影视动漫,教室的那一间,407,20250701,8729
20250701,影视动漫,《束缚游戏》动漫免费观看全集,407,20250701,8730
20250701,影视动漫,鬼妈妈,407,20250701,8731
20250701,影视动漫,捉迷藏,407,20250701,8732
20250701,影视动漫,八戒八戒电影在线观看免费播放电影版大全,407,20250701,8733
20250701,影视动漫,下一站是幸福电视剧免费观看完整版,407,20250701,8734
20250701,影视动漫,亲爱的自己全集免费观看完整版,407,20250701,8735
20250701,影视动漫,纯爱,407,20250701,8736
20250701,影视动漫,陷入我们的热恋演员表,407,20250701,8737
20250701,影视动漫,赛末点完整版在线观看电影,407,20250701,8738
20250701,影视动漫,寒战,407,20250701,8739
20250701,影视动漫,不能错过的只有你电影免费观看,407,20250701,8740
20250701,影视动漫,都市古仙医动漫免费观看,406,20250701,8741
20250701,影视动漫,龙之家族,406,20250701,8742
20250701,影视动漫,爱情诡计泰剧未删减在线观看,406,20250701,8743
20250701,影视动漫,欢乐颂4,406,20250701,8744
20250701,影视动漫,电视剧长安的荔枝免费观看,406,20250701,8745
20250701,影视动漫,封神榜2战火西岐高清免费完整版,406,20250701,8746
20250701,影视动漫,暑期档电影,406,20250701,8747
20250701,影视动漫,自杀小队,406,20250701,8748
20250701,影视动漫,奔跑吧兄弟第四季免费观看完整版,406,20250701,8749
20250701,影视动漫,《临江仙》免费观看完整版,406,20250701,8750
20250701,影视动漫,书卷一梦15集预告,406,20250701,8751
20250701,影视动漫,怒海潜沙秦岭神树免费观看完整版,406,20250701,8752
20250701,影视动漫,微笑妈妈电视剧在线观看免费完整版,406,20250701,8753
20250701,影视动漫,731部队高清免费完整,405,20250701,8754
20250701,影视动漫,免费看电视,405,20250701,8755
20250701,影视动漫,特别的美容美发2,405,20250701,8756
20250701,影视动漫,21岁大学生免费观看电视剧,405,20250701,8757
20250701,影视动漫,铁在烧电视剧免费观看,405,20250701,8758
20250701,影视动漫,灭门之惨案2接种,405,20250701,8759
20250701,影视动漫,我的体育老师,405,20250701,8760
20250701,影视动漫,17.3关于性,405,20250701,8761
20250701,影视动漫,李丽珍电影,405,20250701,8762
20250701,影视动漫,抖音40级要刷多少人民币,405,20250701,8763
20250701,影视动漫,我要我们在一起,405,20250701,8764
20250701,影视动漫,美味快递,405,20250701,8765
20250701,影视动漫,招摇,405,20250701,8766
20250701,影视动漫,逃学英雄传,405,20250701,8767
20250701,影视动漫,飘雪电影网在线观看免费视频,405,20250701,8768
20250701,影视动漫,橘子红了电视剧全集在线观看,405,20250701,8769
20250701,影视动漫,李采潭的电影全集在线看,405,20250701,8770
20250701,影视动漫,长相思第一季,405,20250701,8771
20250701,影视动漫,中央一台在线直播,405,20250701,8772
20250701,影视动漫,龙珠z,405,20250701,8773
20250701,影视动漫,龙的传人,405,20250701,8774
20250701,影视动漫,金刚,405,20250701,8775
20250701,影视动漫,上合组织国家电影节,405,20250701,8776
20250701,影视动漫,瓢虫雷迪第5季全集免费观看中文版,405,20250701,8777
20250701,影视动漫,疯狂祖母免费观看高清版,404,20250701,8778
20250701,影视动漫,YY4480青苹果乐园免费播放电视剧,404,20250701,8779
20250701,影视动漫,美食的俘虏,404,20250701,8780
20250701,影视动漫,缘定天空泰剧免费观看,404,20250701,8781
20250701,影视动漫,达达兔影院,404,20250701,8782
20250701,影视动漫,猎魔女团第一季免费观看,404,20250701,8783
20250701,影视动漫,维多利亚一号,404,20250701,8784
20250701,影视动漫,山海情,404,20250701,8785
20250701,影视动漫,画眉电视剧,404,20250701,8786
20250701,影视动漫,亲爱的翻译官,404,20250701,8787
20250701,影视动漫,我来自北京电影完整版在线观看,404,20250701,8788
20250701,影视动漫,逆爱电视剧免费播放全集在线观看,404,20250701,8789
20250701,影视动漫,猪猪侠之竞速小英雄,404,20250701,8790
20250701,影视动漫,今天免费高清在线观看,404,20250701,8791
20250701,影视动漫,我为卿 狂,404,20250701,8792
20250701,影视动漫,日剧非常大度的原声,404,20250701,8793
20250701,影视动漫,小南吃长门萝卜视频,404,20250701,8794
20250701,影视动漫,一见倾心电视剧在线观看免费完整版,403,20250701,8795
20250701,影视动漫,抖音极速版赚钱领现金下载安装,403,20250701,8796
20250701,影视动漫,复活电影,403,20250701,8797
20250701,影视动漫,哈利波特与火焰杯,403,20250701,8798
20250701,影视动漫,大地影视中文资源7,403,20250701,8799
20250701,影视动漫,鱿鱼第三季完整版,403,20250701,8800
20250701,影视动漫,猫和老鼠动画片全集免费观看,403,20250701,8801
20250701,影视动漫,九重紫电视剧免费版,403,20250701,8802
20250701,影视动漫,世界电影票房排行榜,403,20250701,8803
20250701,影视动漫,好兄弟给我的意外之喜短剧,403,20250701,8804
20250701,影视动漫,潜渊电视剧免费观看,403,20250701,8805
20250701,影视动漫,大山的女儿在线观看免费完整版,403,20250701,8806
20250701,影视动漫,缘之空动漫完整版 在线观看,403,20250701,8807
20250701,影视动漫,花样年华,403,20250701,8808
20250701,影视动漫,xl司令第2季无马赛免费观看高清,403,20250701,8809
20250701,影视动漫,无忧渡剧情介绍,403,20250701,8810
20250701,影视动漫,以法之名在线看免费,403,20250701,8811
20250701,影视动漫,速度与激情7,403,20250701,8812
20250701,影视动漫,战神,403,20250701,8813
20250701,影视动漫,神马影院手机在线电视剧传家电视剧,403,20250701,8814
20250701,影视动漫,五哈第六季,403,20250701,8815
20250701,影视动漫,樱桃电视剧,403,20250701,8816
20250701,影视动漫,《逆袭》电视剧,403,20250701,8817
20250701,影视动漫,在线影视,403,20250701,8818
20250701,影视动漫,章子怡电影,403,20250701,8819
20250701,影视动漫,21世纪爱情指南在线观看免费完整版,402,20250701,8820
20250701,影视动漫,三年高清在线观看全集 下载,402,20250701,8821
20250701,影视动漫,以法之名张译电视剧演员表,402,20250701,8822
20250701,影视动漫,家有儿女演员表,402,20250701,8823
20250701,影视动漫,变形计,402,20250701,8824
20250701,影视动漫,爱如潮水3免费观看全集完整版电视剧,402,20250701,8825
20250701,影视动漫,鹤别空山踏明月免费观看,402,20250701,8826
20250701,影视动漫,抗美援朝电影大全免费观看完整版,402,20250701,8827
20250701,影视动漫,亲爱的你在线观看电视剧免费,402,20250701,8828
20250701,影视动漫,招魂2,402,20250701,8829
20250701,影视动漫,欧式少女16集全免费观看电视剧,402,20250701,8830
20250701,影视动漫,大博弈电视剧免费观看全集,402,20250701,8831
20250701,影视动漫,飘雪影视在线观看免费观看全集高清,402,20250701,8832
20250701,影视动漫,黄金小子,402,20250701,8833
20250701,影视动漫,妈祖,402,20250701,8834
20250701,影视动漫,罪恶王冠,402,20250701,8835
20250701,影视动漫,四面楚歌,402,20250701,8836
20250701,影视动漫,白敬亭电视剧全部作品,402,20250701,8837
20250701,影视动漫,以法之名电视剧在线免费观看,402,20250701,8838
20250701,影视动漫,《逆爱》第四集,402,20250701,8839
20250701,影视动漫,斗罗大陆2绝世唐门在线观看完整版免费观看,402,20250701,8840
20250701,影视动漫,三秒后野兽动漫全集在线观看免费,402,20250701,8841
20250701,影视动漫,儿童电影6-12岁励志动画电影,402,20250701,8842
20250701,影视动漫,刘宇宁书卷一梦在线观看,402,20250701,8843
20250701,影视动漫,美丽人生,401,20250701,8844
20250701,影视动漫,乘风2025,401,20250701,8845
20250701,影视动漫,热舞,401,20250701,8846
20250701,影视动漫,刘德华最新电影,401,20250701,8847
20250701,影视动漫,挚爱电视剧免费观看全集高清版,401,20250701,8848
20250701,影视动漫,电视剧长安荔枝全集播放,401,20250701,8849
20250701,影视动漫,仙逆动漫在线观看视频完整版高清,401,20250701,8850
20250701,影视动漫,mx动漫最新版本,401,20250701,8851
20250701,影视动漫,杀人回忆,401,20250701,8852
20250701,影视动漫,绝命幽灵船免费观看完整版,401,20250701,8853
20250701,影视动漫,星学院3之潘朵拉秘境高清全集,401,20250701,8854
20250701,影视动漫,我与旧事话别离短剧,401,20250701,8855
20250701,影视动漫,边水往事演员表名单,401,20250701,8856
20250701,影视动漫,叶子楣电影《聊斋》高清,401,20250701,8857
20250701,影视动漫,星奇摇,401,20250701,8858
20250701,影视动漫,李小龙传奇,401,20250701,8859
20250701,影视动漫,电影《汤唯》免费观看高清,401,20250701,8860
20250701,影视动漫,龙游天下,401,20250701,8861
20250701,影视动漫,谎言的诱惑结局,401,20250701,8862
20250701,影视动漫,飘雪日本高清免费观看电视剧,401,20250701,8863
20250701,影视动漫,还珠格格第一部电视剧,400,20250701,8864
20250701,影视动漫,打开生活的正确方式电视剧免费观看,400,20250701,8865
20250701,影视动漫,电击小子,400,20250701,8866
20250701,影视动漫,美景之屋电影,400,20250701,8867
20250701,影视动漫,YY4480,400,20250701,8868
20250701,影视动漫,爱情与灵药在线观看免费完整版,400,20250701,8869
20250701,影视动漫,爱情保卫战,400,20250701,8870
20250701,影视动漫,全球影史票房排行榜,400,20250701,8871
20250701,影视动漫,电视剧以法为名在线观看,400,20250701,8872
20250701,影视动漫,快喵加速器NPV,400,20250701,8873
20250701,影视动漫,ehviewer绿色版1.9.9.0,400,20250701,8874
20250701,影视动漫,左爱电影,400,20250701,8875
20250701,影视动漫,七时吉祥免费观看全集电视剧,400,20250701,8876
20250701,影视动漫,傲慢与偏见电影免费观看完整版,400,20250701,8877
20250701,影视动漫,温暖的弦电视剧全集免费观看高清,400,20250701,8878
20250701,影视动漫,好好疼爱里面第6集免费观看,400,20250701,8879
20250701,影视动漫,装台电视剧全集免费观看完整版,400,20250701,8880
20250701,影视动漫,以法之名全集完整版,400,20250701,8881
20250701,影视动漫,动漫共和国下载官方正版,400,20250701,8882
20250701,影视动漫,山河同在,400,20250701,8883
20250701,影视动漫,银魂第一季,400,20250701,8884
20250701,影视动漫,知否知否应是绿肥红瘦电视剧全集免费,400,20250701,8885
20250701,影视动漫,ehviewer1.9.9.9版本更新,400,20250701,8886
20250701,影视动漫,偶像女友动漫1~6集在线看,399,20250701,8887
20250701,影视动漫,驴得水,399,20250701,8888
20250701,影视动漫,爱的迫降,399,20250701,8889
20250701,影视动漫,越狱第六季,399,20250701,8890
20250701,影视动漫,狼毒花,399,20250701,8891
20250701,影视动漫,长安的荔枝电影免费观看电视剧高清,399,20250701,8892
20250701,影视动漫,暖阳曾照少年心短剧,399,20250701,8893
20250701,影视动漫,007系列电影,399,20250701,8894
20250701,影视动漫,谁是凶手,399,20250701,8895
20250701,影视动漫,辉夜大小姐想让我告白,399,20250701,8896
20250701,影视动漫,霸道总裁,399,20250701,8897
20250701,影视动漫,锦绣芳华是国色芳华第二部吗,399,20250701,8898
20250701,影视动漫,哗哩哗哩正版安装,399,20250701,8899
20250701,影视动漫,西贡日落在线观看完整版,399,20250701,8900
20250701,影视动漫,好剧屋,399,20250701,8901
20250701,影视动漫,熊猫直播,399,20250701,8902
20250701,影视动漫,神笔马良,399,20250701,8903
20250701,影视动漫,青苹果影院y04080电视剧,399,20250701,8904
20250701,影视动漫,开封府,398,20250701,8905
20250701,影视动漫,明明白白我的性,398,20250701,8906
20250701,影视动漫,足球宝贝法国满天星版免费观看,398,20250701,8907
20250701,影视动漫,炎炎消防队,398,20250701,8908
20250701,影视动漫,庆余年3什么时候上映播出,398,20250701,8909
20250701,影视动漫,韩剧x课程,398,20250701,8910
20250701,影视动漫,潜渊电视剧在线免费播放,398,20250701,8911
20250701,影视动漫,天蝎之夜,398,20250701,8912
20250701,影视动漫,魔女3,398,20250701,8913
20250701,影视动漫,三傻大闹宝莱坞在线观看完整版免费,398,20250701,8914
20250701,影视动漫,狂飙演员名单表,398,20250701,8915
20250701,影视动漫,大主宰在线观看完整版免费,398,20250701,8916
20250701,影视动漫,抖音投诉人工客服电话,398,20250701,8917
20250701,影视动漫,麻花传剧原创mv在线看高清,398,20250701,8918
20250701,影视动漫,"别惹大小姐,她京圈亲爸是女儿奴",398,20250701,8919
20250701,影视动漫,小巷人家 电视剧,398,20250701,8920
20250701,影视动漫,神偷奶爸,398,20250701,8921
20250701,影视动漫,江思先生动漫免费观看全集,398,20250701,8922
20250701,影视动漫,书卷一梦刘宇宁免费观看全集在线播,398,20250701,8923
20250701,影视动漫,我的理想异世界生活,398,20250701,8924
20250701,影视动漫,你想活出怎样的人生,398,20250701,8925
20250701,影视动漫,魔都精兵的劝隶,398,20250701,8926
20250701,影视动漫,宝可梦旅途,398,20250701,8927
20250701,影视动漫,泰坦尼克号杰克画露丝全身,398,20250701,8928
20250701,影视动漫,光棍视频,398,20250701,8929
20250701,影视动漫,灵能侦探,398,20250701,8930
20250701,影视动漫,《甄嬛传》免费观看完整版,398,20250701,8931
20250701,影视动漫,《图书馆的女友》1-6集结局,397,20250701,8932
20250701,影视动漫,抖音商城下载,397,20250701,8933
20250701,影视动漫,今天也晴朗,397,20250701,8934
20250701,影视动漫,赵露思卡点跳舞视频,397,20250701,8935
20250701,影视动漫,聊斋之花弄月,397,20250701,8936
20250701,影视动漫,国家体育总局八段锦口令版视频,397,20250701,8937
20250701,影视动漫,我才不和你做朋友呢免费观看电影版,397,20250701,8938
20250701,影视动漫,疯狂元素城,397,20250701,8939
20250701,影视动漫,少年班电影在线高清免费观看,397,20250701,8940
20250701,影视动漫,郑晓龙导演的全部作品,397,20250701,8941
20250701,影视动漫,我们无法一起学习,397,20250701,8942
20250701,影视动漫,现在拨打的电话在线观看韩剧,397,20250701,8943
20250701,影视动漫,仙逆动漫全集在线观看完整版高清凡人修仙传,397,20250701,8944
20250701,影视动漫,第一财经在线直播,397,20250701,8945
20250701,影视动漫,初次爱你电视剧全集免费观看,397,20250701,8946
20250701,影视动漫,盲山,397,20250701,8947
20250701,影视动漫,飘雪在线观看播放电影,397,20250701,8948
20250701,影视动漫,血谜拼图,397,20250701,8949
20250701,影视动漫,苍兰诀动漫版免费观看完整版,397,20250701,8950
20250701,影视动漫,逆爱电视剧双男主,396,20250701,8951
20250701,影视动漫,希特勒简介,396,20250701,8952
20250701,影视动漫,巴啦啦小魔仙之曜星守护者,396,20250701,8953
20250701,影视动漫,性感视频,396,20250701,8954
20250701,影视动漫,蜗居演员表,396,20250701,8955
20250701,影视动漫,名柯剧场版全部免费观看,396,20250701,8956
20250701,影视动漫,紫禁城电影免费完整版观看,396,20250701,8957
20250701,影视动漫,楚门的世界电影完整版免费观看,396,20250701,8958
20250701,影视动漫,免费观看已满十八岁电视剧国内大片,396,20250701,8959
20250701,影视动漫,精灵梦叶罗丽,396,20250701,8960
20250701,影视动漫,二十不惑2电视剧全集免费观看完整版,396,20250701,8961
20250701,影视动漫,七零小孕妻被全家团宠,396,20250701,8962
20250701,影视动漫,《桃花映江山》在线观看,396,20250701,8963
20250701,影视动漫,绝密较量电视剧全集免费观看高清版,396,20250701,8964
20250701,影视动漫,大黄狗配美女视频大全,396,20250701,8965
20250701,影视动漫,焚情电影完整版在线观看,396,20250701,8966
20250701,影视动漫,纤细的爱动漫全集在线看免费,396,20250701,8967
20250701,影视动漫,流浪地球1,396,20250701,8968
20250701,影视动漫,四喜电视剧免费观看全集高清,396,20250701,8969
20250701,影视动漫,陷入我们的热恋 电视剧,396,20250701,8970
20250701,影视动漫,黑暗荣耀第一季,396,20250701,8971
20250701,影视动漫,东风破,395,20250701,8972
20250701,影视动漫,cctv5节目表节目单,395,20250701,8973
20250701,影视动漫,月升沧海电视剧免费观看完整版高清,395,20250701,8974
20250701,影视动漫,another动漫,395,20250701,8975
20250701,影视动漫,武则天三港版,395,20250701,8976
20250701,影视动漫,大漠枪神,395,20250701,8977
20250701,影视动漫,非常交易,395,20250701,8978
20250701,影视动漫,九龙城寨之围城,395,20250701,8979
20250701,影视动漫,正确口咬视频,395,20250701,8980
20250701,影视动漫,兰闺喜事,395,20250701,8981
20250701,影视动漫,我是大哥大,395,20250701,8982
20250701,影视动漫,逆爱第八集免费观看高清,395,20250701,8983
20250701,影视动漫,你好星期六2023,395,20250701,8984
20250701,影视动漫,黑暗的欲望电影免费完整版,395,20250701,8985
20250701,影视动漫,《狂飙》电视剧,395,20250701,8986
20250701,影视动漫,国产凌凌漆,395,20250701,8987
20250701,影视动漫,哈哈哈哈,395,20250701,8988
20250701,影视动漫,神话电视剧,395,20250701,8989
20250701,影视动漫,AcFan,395,20250701,8990
20250701,影视动漫,好运家演员表,395,20250701,8991
20250701,影视动漫,三伏天电影,395,20250701,8992
20250701,影视动漫,炊事班的故事,395,20250701,8993
20250701,影视动漫,梦中的那片海电视剧,394,20250701,8994
20250701,影视动漫,怪兽8号第二季,394,20250701,8995
20250701,影视动漫,17.3关于x电影完整版,394,20250701,8996
20250701,影视动漫,情人别为我哭泣,394,20250701,8997
20250701,影视动漫,夫妻联谊晚会回不去的夜晚,394,20250701,8998
20250701,影视动漫,寄生虫电影完整版在线播放高清,394,20250701,8999
20250701,影视动漫,吞噬星空免费观看全集在线高清樱花,394,20250701,9000
20250701,影视动漫,yy6080新视觉电视剧青苹果,394,20250701,9001
20250701,影视动漫,男女一起愁愁愁免费观看全集高清完整,394,20250701,9002
20250701,影视动漫,临江仙电视剧高清免费观看完整版,394,20250701,9003
20250701,影视动漫,大决战演员表,394,20250701,9004
20250701,影视动漫,老阿姨高清在线观看电视剧法游戏,394,20250701,9005
20250701,影视动漫,执法者们国语免费观看完整版,394,20250701,9006
20250701,影视动漫,熊出没之熊心归来,394,20250701,9007
20250701,影视动漫,分娩视频,394,20250701,9008
20250701,影视动漫,我们与恶的距离,393,20250701,9009
20250701,影视动漫,吃瓜观影站最新视频,393,20250701,9010
20250701,影视动漫,以法之名追剧日历,393,20250701,9011
20250701,影视动漫,电视剧以法之名共多少集?,393,20250701,9012
20250701,影视动漫,恶役千金是王子的本命在线观看,393,20250701,9013
20250701,影视动漫,最好的安排,393,20250701,9014
20250701,影视动漫,朋友5换,393,20250701,9015
20250701,影视动漫,黄金之风,393,20250701,9016
20250701,影视动漫,潘金莲之前世今生,393,20250701,9017
20250701,影视动漫,情圣,393,20250701,9018
20250701,影视动漫,最好看2019中文在线播放电影,393,20250701,9019
20250701,影视动漫,妈妈开始慢迎迎合第几集出现的,393,20250701,9020
20250701,影视动漫,教程韩剧在线观看全集免费,393,20250701,9021
20250701,影视动漫,黄家驹怎么从舞台摔下来视频,393,20250701,9022
20250701,影视动漫,上游电视剧免费观看全集完整版,393,20250701,9023
20250701,影视动漫,花前喜事短剧,393,20250701,9024
20250701,影视动漫,牧神记动漫在线观看全集免费,393,20250701,9025
20250701,影视动漫,爱情公寓6,393,20250701,9026
20250701,影视动漫,恒大歌舞团舞蹈视频完整版,393,20250701,9027
20250701,影视动漫,短剧女演员名单大全,393,20250701,9028
20250701,影视动漫,隔壁的女孩3,393,20250701,9029
20250701,影视动漫,宣宣影视网,393,20250701,9030
20250701,影视动漫,一梦如初短剧免费观看,393,20250701,9031
20250701,影视动漫,大圣归来,393,20250701,9032
20250701,影视动漫,电视剧山花烂漫时全集免费观看,393,20250701,9033
20250701,影视动漫,逆爱网剧第8集在线观看,393,20250701,9034
20250701,影视动漫,我的女孩韩剧免费观看全集完整版,393,20250701,9035
20250701,影视动漫,苹果影视,393,20250701,9036
20250701,影视动漫,韩国综艺,393,20250701,9037
20250701,影视动漫,吞噬星空免费观看,393,20250701,9038
20250701,影视动漫,当我飞奔向你电视剧,392,20250701,9039
20250701,影视动漫,此时此刻,392,20250701,9040
20250701,影视动漫,锦绣芳华和国色芳华是两部剧吗,392,20250701,9041
20250701,影视动漫,八段锦口令完整版,392,20250701,9042
20250701,影视动漫,重生电视剧,392,20250701,9043
20250701,影视动漫,国产花季少女免费观看电视剧,392,20250701,9044
20250701,影视动漫,《少女3》高清,392,20250701,9045
20250701,影视动漫,嘘国王在冬眠,392,20250701,9046
20250701,影视动漫,影之实力者,392,20250701,9047
20250701,影视动漫,梦比优斯奥特曼,392,20250701,9048
20250701,影视动漫,霜花店在线观看,392,20250701,9049
20250701,影视动漫,绝命毒师第一季免费观看完整版,392,20250701,9050
20250701,影视动漫,他的滋味,392,20250701,9051
20250701,影视动漫,高校教师免费完整电视剧在线观看,392,20250701,9052
20250701,影视动漫,苍老师最经典100部电影大全,392,20250701,9053
20250701,影视动漫,德云社,392,20250701,9054
20250701,影视动漫,锦绣芳华电视剧在哪个台播,392,20250701,9055
20250701,影视动漫,同性电影,392,20250701,9056
20250701,影视动漫,好男人在线电视剧在线观看免费高清,392,20250701,9057
20250701,影视动漫,粉红理论完整版泰剧,392,20250701,9058
20250701,影视动漫,极线杀手无删减免费观看,392,20250701,9059
20250701,影视动漫,闫妮主演的电视剧有哪些,392,20250701,9060
20250701,影视动漫,折腰演员,392,20250701,9061
20250701,影视动漫,花非花雾非雾,392,20250701,9062
20250701,影视动漫,波吉亚家族第一季完整版免费观看,392,20250701,9063
20250701,影视动漫,那个不为人知的故事电影免费观看,392,20250701,9064
20250701,影视动漫,兄友妹恭电视剧免费观看,392,20250701,9065
20250701,影视动漫,金瓶,392,20250701,9066
20250701,影视动漫,17岁暴躁少女csgo免费观看,392,20250701,9067
20250701,影视动漫,江河日上,392,20250701,9068
20250701,影视动漫,火影忍者女角色,392,20250701,9069
20250701,影视动漫,男生和男生一起努力生孩子视频真实,392,20250701,9070
20250701,影视动漫,借枪电视剧全集免费观看完整版,392,20250701,9071
20250701,影视动漫,《睫毛膏4》美国电影,391,20250701,9072
20250701,影视动漫,彼得格里尔的贤者时间,391,20250701,9073
20250701,影视动漫,威哥视频,391,20250701,9074
20250701,影视动漫,脊梁,391,20250701,9075
20250701,影视动漫,西线无战事,391,20250701,9076
20250701,影视动漫,壮志凌云女版满天星法版免费,391,20250701,9077
20250701,影视动漫,罗达影院,391,20250701,9078
20250701,影视动漫,《职场妻子的出轨》中语字主演电视,391,20250701,9079
20250701,影视动漫,姐妹病毒免费高清完整版在线观看,391,20250701,9080
20250701,影视动漫,最弱无败神装机龙,391,20250701,9081
20250701,影视动漫,bleach,391,20250701,9082
20250701,影视动漫,北平无战事全集免费播放,391,20250701,9083
20250701,影视动漫,小草影院电视剧免费观看,391,20250701,9084
20250701,影视动漫,唐探1900电影免费观看,391,20250701,9085
20250701,影视动漫,灼灼风流免费观看在线电视剧,391,20250701,9086
20250701,影视动漫,光明影院手机版在线观看免费,391,20250701,9087
20250701,影视动漫,斩神之凡尘神域 动漫第二季,391,20250701,9088
20250701,影视动漫,免费观看视频,391,20250701,9089
20250701,影视动漫,繁华似锦演员表名单,391,20250701,9090
20250701,影视动漫,寻秦记古天乐版电视剧免费观看,391,20250701,9091
20250701,影视动漫,douyin,391,20250701,9092
20250701,影视动漫,催眠学院动漫全部完整版在线观看,391,20250701,9093
20250701,影视动漫,逆缘电视剧全集在线观国语看免费,391,20250701,9094
20250701,影视动漫,出手短剧,391,20250701,9095
20250701,影视动漫,子夜归,391,20250701,9096
20250701,影视动漫,少年派1,391,20250701,9097
20250701,影视动漫,2025奔跑吧第十三季在线观看,391,20250701,9098
20250701,影视动漫,家族荣耀,391,20250701,9099
20250701,影视动漫,十八岁全集免费完整版,391,20250701,9100
20250701,影视动漫,红裙怒斩负心人短剧免费观看,390,20250701,9101
20250701,影视动漫,放牛班的春天,390,20250701,9102
20250701,影视动漫,犯罪都市4,390,20250701,9103
20250701,影视动漫,央视节目单,390,20250701,9104
20250701,影视动漫,大开眼戒,390,20250701,9105
20250701,影视动漫,李老汉的幸福生活1-13集,390,20250701,9106
20250701,影视动漫,cctv5十,390,20250701,9107
20250701,影视动漫,他来了请闭眼,390,20250701,9108
20250701,影视动漫,动物世界视频全集免费,390,20250701,9109
20250701,影视动漫,鹿鼎记陈小春电视剧,390,20250701,9110
20250701,影视动漫,韩国爱情片,390,20250701,9111
20250701,影视动漫,麻辣变形计电视剧全集免费观看,390,20250701,9112
20250701,影视动漫,海狗视频,390,20250701,9113
20250701,影视动漫,挡不住的风情电影,390,20250701,9114
20250701,影视动漫,仙逆在线播放观看视频高清,390,20250701,9115
20250701,影视动漫,挚爱游戏,390,20250701,9116
20250701,影视动漫,尹律所有的作品,390,20250701,9117
20250701,影视动漫,真相半白演员表,390,20250701,9118
20250701,影视动漫,我的天才女友,390,20250701,9119
20250701,影视动漫,雪豹坚强岁月电视剧免费观看,390,20250701,9120
20250701,影视动漫,出路儿童电影纪录片免费观看,390,20250701,9121
20250701,影视动漫,dujiza朝鲜语网站韩国电视剧韩剧,390,20250701,9122
20250701,影视动漫,上锁的房间电视剧免费观看完整版,390,20250701,9123
20250701,影视动漫,好奇害死猫在线观看免费完整高清,390,20250701,9124
20250701,影视动漫,挠外国美女胳肢窝肚脐眼脚心 脖子脚心 脖子,390,20250701,9125
20250701,影视动漫,omofun最新版本下载,390,20250701,9126
20250701,影视动漫,天气影视下载,390,20250701,9127
20250701,影视动漫,时光正好电视剧完整版全集免费观看,390,20250701,9128
20250701,影视动漫,相逢时节电视剧免费观看,390,20250701,9129
20250701,影视动漫,一法之名电视剧免费观看,389,20250701,9130
20250701,影视动漫,金刚狼,389,20250701,9131
20250701,影视动漫,仲夏夜之梦,389,20250701,9132
20250701,影视动漫,三年大片免费高清哔哩哔哩,389,20250701,9133
20250701,影视动漫,俄罗斯洛丽塔,389,20250701,9134
20250701,影视动漫,《甜蜜的惩罚》在线观看免费完整版如何找到?,389,20250701,9135
20250701,影视动漫,奈飞工厂官网版,389,20250701,9136
20250701,影视动漫,布丁动漫,389,20250701,9137
20250701,影视动漫,好友剧场下载,389,20250701,9138
20250701,影视动漫,樱花动漫官方入门网站,389,20250701,9139
20250701,影视动漫,熊出没之重返地球,389,20250701,9140
20250701,影视动漫,满清十大酷刑在线观看免费高清电视剧,389,20250701,9141
20250701,影视动漫,你是迟来的欢喜电视剧免费观看,389,20250701,9142
20250701,影视动漫,吸血鬼骑士,389,20250701,9143
20250701,影视动漫,肖战藏海传40集全部免费看,389,20250701,9144
20250701,影视动漫,名侦探柯南独眼的,389,20250701,9145
20250701,影视动漫,以法之名第17集,389,20250701,9146
20250701,影视动漫,中国新说唱第一季,388,20250701,9147
20250701,影视动漫,渺渺兮予怀短剧免费观看,388,20250701,9148
20250701,影视动漫,19岁免费看全集完整版,388,20250701,9149
20250701,影视动漫,前任4,388,20250701,9150
20250701,影视动漫,摇滚乃淑女之嗜好第一季在线观看,388,20250701,9151
20250701,影视动漫,大开眼界电影完整在线看,388,20250701,9152
20250701,影视动漫,乱世佳人二姨太生完小孩后涨奶,388,20250701,9153
20250701,影视动漫,学院默示录,388,20250701,9154
20250701,影视动漫,就算是爸爸也想谈恋爱动漫完整中文版音乐,388,20250701,9155
20250701,影视动漫,斗罗大陆免费高清观看完整版在线观看,388,20250701,9156
20250701,影视动漫,高压监狱法国电影完整免费观看,388,20250701,9157
20250701,影视动漫,姐孕1~6集全集免费观看,388,20250701,9158
20250701,影视动漫,武工队传奇,388,20250701,9159
20250701,影视动漫,泰剧电视剧大全免费观看,388,20250701,9160
20250701,影视动漫,星辰影院在线观看免费观看电视,388,20250701,9161
20250701,影视动漫,亭亭玉立国色天香八戒,388,20250701,9162
20250701,影视动漫,以法之名什么时候更新,388,20250701,9163
20250701,影视动漫,狮子影评,388,20250701,9164
20250701,影视动漫,电视剧免费观看,388,20250701,9165
20250701,影视动漫,亲爱的你演员表全部介绍,388,20250701,9166
20250701,影视动漫,秋霜电影免费观看高清版资源,388,20250701,9167
20250701,影视动漫,《逆爱》2025免费观看电视剧完整版,388,20250701,9168
20250701,影视动漫,青川入梦电视剧,387,20250701,9169
20250701,影视动漫,夫妇联姻回不去的狂欢动漫,387,20250701,9170
20250701,影视动漫,吻戏大全哔哩哔哩 原声,387,20250701,9171
20250701,影视动漫,胡歌电视剧,387,20250701,9172
20250701,影视动漫,桃花映江山第6集,387,20250701,9173
20250701,影视动漫,午觉影院免费播放电视剧大全,387,20250701,9174
20250701,影视动漫,秘书电影,387,20250701,9175
20250701,影视动漫,天空影院,387,20250701,9176
20250701,影视动漫,台湾电影《销冠的秘密》完整版在线观看,387,20250701,9177
20250701,影视动漫,以法之名在线观看完整版免费高清,387,20250701,9178
20250701,影视动漫,仁心俱乐部,387,20250701,9179
20250701,影视动漫,东部战区发布重磅视频,387,20250701,9180
20250701,影视动漫,血色湘西,387,20250701,9181
20250701,影视动漫,34集电视剧《淬火年代》,387,20250701,9182
20250701,影视动漫,宫崎骏动漫电影,387,20250701,9183
20250701,影视动漫,官人我要电影免费完整在线观看,387,20250701,9184
20250701,影视动漫,蔷薇花谢即归来短剧全集在线观看,387,20250701,9185
20250701,影视动漫,邻家女孩2,387,20250701,9186
20250701,影视动漫,八段锦体育总局口令版完整版,387,20250701,9187
20250701,影视动漫,十日谈,386,20250701,9188
20250701,影视动漫,天下无贼,386,20250701,9189
20250701,影视动漫,黑鹰坠落2满天星高能版,386,20250701,9190
20250701,影视动漫,我有时候也想成为主人公在线观看,386,20250701,9191
20250701,影视动漫,上海一家人剧情简介,386,20250701,9192
20250701,影视动漫,王志文主演的电视剧全部,386,20250701,9193
20250701,影视动漫,三生三世十里桃花在线全集免费观看超清,386,20250701,9194
20250701,影视动漫,clicli,386,20250701,9195
20250701,影视动漫,花儿与少年第五季免费观看完整版,386,20250701,9196
20250701,影视动漫,眼保健操视频,386,20250701,9197
20250701,影视动漫,亲吻还扔衣服的,386,20250701,9198
20250701,影视动漫,日月同错,386,20250701,9199
20250701,影视动漫,遮天动漫,386,20250701,9200
20250701,影视动漫,舒克和贝塔,386,20250701,9201
20250701,影视动漫,茶啊二中第5季免费观看完整版,386,20250701,9202
20250701,影视动漫,潜入搜查官不能认输动漫在线观看,386,20250701,9203
20250701,影视动漫,锦绣芳华剧情介绍,386,20250701,9204
20250701,影视动漫,小小水蜜桃免费高清电视剧,386,20250701,9205
20250701,影视动漫,长安的荔枝电影主演,386,20250701,9206
20250701,影视动漫,有你的时光里电视剧免费观看全集完整版,386,20250701,9207
20250701,影视动漫,蜘蛛侠纵横宇宙,386,20250701,9208
20250701,影视动漫,亲爱的你免费观看完整版,386,20250701,9209
20250701,影视动漫,日本吻戏,385,20250701,9210
20250701,影视动漫,潜渊电视剧观看,385,20250701,9211
20250701,影视动漫,射雕英雄传:侠之大者 电影免费观看,385,20250701,9212
20250701,影视动漫,斗罗大陆免费观看高清版,385,20250701,9213
20250701,影视动漫,jojo的奇妙冒险游戏,385,20250701,9214
20250701,影视动漫,创造营2021,385,20250701,9215
20250701,影视动漫,成全在线观看动漫在线播放,385,20250701,9216
20250701,影视动漫,美女被咬小头头视频大全集,385,20250701,9217
20250701,影视动漫,鬼吹灯之云南虫谷,385,20250701,9218
20250701,影视动漫,855,385,20250701,9219
20250701,影视动漫,樱花动漫 官方入门网站,385,20250701,9220
20250701,影视动漫,着魔,385,20250701,9221
20250701,影视动漫,只是结婚的关系电视剧免费观看高清,385,20250701,9222
20250701,影视动漫,丈夫不在的午后时光,385,20250701,9223
20250701,影视动漫,年轻的朋友,385,20250701,9224
20250701,影视动漫,刘家媳妇电视剧全集免费观看,385,20250701,9225
20250701,影视动漫,"高考后,我一飞冲天短剧免费观看",385,20250701,9226
20250701,影视动漫,一树桃花开电视剧免费观看完整版,385,20250701,9227
20250701,影视动漫,双飞娘俩国语版全集免费观看,385,20250701,9228
20250701,影视动漫,风起洛阳,385,20250701,9229
20250701,影视动漫,八重神子和丘丘人繁衍后代的视频,385,20250701,9230
20250701,影视动漫,我家弟超大动漫免费观看完整版,385,20250701,9231
20250701,影视动漫,遍地狼烟电视剧免费观看完整版,384,20250701,9232
20250701,影视动漫,流浪地球2免费观看完整视频高清,384,20250701,9233
20250701,影视动漫,叱咤风云,384,20250701,9234
20250701,影视动漫,好闺蜜4,384,20250701,9235
20250701,影视动漫,龙年档案,384,20250701,9236
20250701,影视动漫,午夜星空免费观看全部电视剧最新,384,20250701,9237
20250701,影视动漫,索多玛120天在线观看电影免费,384,20250701,9238
20250701,影视动漫,高清视频在线观看免费高清在线观看乌龙山剿匪记,384,20250701,9239
20250701,影视动漫,影视工场,384,20250701,9240
20250701,影视动漫,追龙,384,20250701,9241
20250701,影视动漫,接吻片段原声,384,20250701,9242
20250701,影视动漫,爱我几何电影在线观看免费,384,20250701,9243
20250701,影视动漫,我是刑警全集免费观看,384,20250701,9244
20250701,影视动漫,声之形,383,20250701,9245
20250701,影视动漫,《不忠》免费观看完整版电影,383,20250701,9246
20250701,影视动漫,灵笼第二季第7集,383,20250701,9247
20250701,影视动漫,杨紫新剧锦绣芳华破纪录,383,20250701,9248
20250701,影视动漫,金枝玉叶,383,20250701,9249
20250701,影视动漫,文豪野犬第一季,383,20250701,9250
20250701,影视动漫,《去有风的地方》电视剧,383,20250701,9251
20250701,影视动漫,千方百计爱上你泰剧在线观看,383,20250701,9252
20250701,影视动漫,爱奇艺怎么取消自动续费,383,20250701,9253
20250701,影视动漫,玉女心经2,383,20250701,9254
20250701,影视动漫,好久不见,383,20250701,9255
20250701,影视动漫,成全免费完整高清电影,383,20250701,9256
20250701,影视动漫,谈判专家,383,20250701,9257
20250701,影视动漫,唐朝诡事录2,383,20250701,9258
20250701,影视动漫,南瓜电影,383,20250701,9259
20250701,影视动漫,《农民伯伯下乡》国语,383,20250701,9260
20250701,影视动漫,后会无期,383,20250701,9261
20250701,影视动漫,黑子的篮球,383,20250701,9262
20250701,影视动漫,憋笑挑战,383,20250701,9263
20250701,影视动漫,十七岁高清完整版在线观看视频,383,20250701,9264
20250701,影视动漫,村小的孩子纪录片免费观看,383,20250701,9265
20250701,影视动漫,在线观看电影免费高清完整版,383,20250701,9266
20250701,影视动漫,云南虫谷电视剧免费观看完整版,383,20250701,9267
20250701,影视动漫,太奶奶驾到重整家族荣耀免费观看,383,20250701,9268
20250701,影视动漫,那样芬芳电视剧剧情介绍,383,20250701,9269
20250701,影视动漫,没头脑和不高兴,383,20250701,9270
20250701,影视动漫,满天星韩剧,383,20250701,9271
20250701,影视动漫,手机在线电影,383,20250701,9272
20250701,影视动漫,十八岁观看高清完整版动漫,383,20250701,9273
20250701,影视动漫,学园默示录,383,20250701,9274
20250701,影视动漫,余罪第三季在线观看完整版免费,382,20250701,9275
20250701,影视动漫,逆爱第七集在线观看完整版高清,382,20250701,9276
20250701,影视动漫,风起陇西,382,20250701,9277
20250701,影视动漫,小丑电影,382,20250701,9278
20250701,影视动漫,祥林嫂,382,20250701,9279
20250701,影视动漫,eva动漫,382,20250701,9280
20250701,影视动漫,中国新说唱2019,382,20250701,9281
20250701,影视动漫,《缠绕的夜晚》,382,20250701,9282
20250701,影视动漫,中央CCTV5节目表今天有NBA吗,382,20250701,9283
20250701,影视动漫,野花香电视剧免费观看全集高清播放完结,382,20250701,9284
20250701,影视动漫,十一天十一夜,382,20250701,9285
20250701,影视动漫,舒淇电影,382,20250701,9286
20250701,影视动漫,神话版三国,382,20250701,9287
20250701,影视动漫,荒野机器人,382,20250701,9288
20250701,影视动漫,莉可丽丝,382,20250701,9289
20250701,影视动漫,花开半夏,382,20250701,9290
20250701,影视动漫,某科学的超电磁炮,382,20250701,9291
20250701,影视动漫,新乌龙院之笑闹江湖免费观看完整版,382,20250701,9292
20250701,影视动漫,乡村爱情5,382,20250701,9293
20250701,影视动漫,《黄花闺女》完整版,382,20250701,9294
20250701,影视动漫,陀枪师姐,381,20250701,9295
20250701,影视动漫,红河谷,381,20250701,9296
20250701,影视动漫,蜜桃成熟时33d,381,20250701,9297
20250701,影视动漫,星条红和皇室蓝免费观看完整版,381,20250701,9298
20250701,影视动漫,锦绣芳华在线全集免费观看,381,20250701,9299
20250701,影视动漫,冰雪奇缘2免费观看完整版中文版,381,20250701,9300
20250701,影视动漫,方谬神探,381,20250701,9301
20250701,影视动漫,擦边舞跳舞素材比基尼,381,20250701,9302
20250701,影视动漫,宁安如梦电视剧免费观看全集高清,381,20250701,9303
20250701,影视动漫,potplayer,381,20250701,9304
20250701,影视动漫,南音再许短剧全集免费,381,20250701,9305
20250701,影视动漫,帝国的毁灭,381,20250701,9306
20250701,影视动漫,男变女tG动画变身,381,20250701,9307
20250701,影视动漫,变成黑皮辣妹后朋友做了的梦二季,381,20250701,9308
20250701,影视动漫,锦绣芳华在线播放,381,20250701,9309
20250701,影视动漫,青盲电视剧全集在线高清免费观看,381,20250701,9310
20250701,影视动漫,拉字至上,381,20250701,9311
20250701,影视动漫,箭在弦上演员表,381,20250701,9312
20250701,影视动漫,请叫我总监,381,20250701,9313
20250701,影视动漫,色戒减除三段是哪三段,381,20250701,9314
20250701,影视动漫,《临江仙》在线观看,381,20250701,9315
20250701,影视动漫,新驯龙高手电影免费观看完整版,381,20250701,9316
20250701,影视动漫,德川刑罚电影完整播放,381,20250701,9317
20250701,影视动漫,狼人爹地找上门电视剧免费观看,381,20250701,9318
20250701,影视动漫,以法之名1-30集全免费播放剧情介绍,381,20250701,9319
20250701,影视动漫,八尺大人快乐巡游记,381,20250701,9320
20250701,影视动漫,假面骑士帝骑,381,20250701,9321
20250701,影视动漫,追光者,380,20250701,9322
20250701,影视动漫,双女主炒菜真人视频,380,20250701,9323
20250701,影视动漫,鹦鹉电视剧在线观看视频完整版高清免费,380,20250701,9324
20250701,影视动漫,新电影,380,20250701,9325
20250701,影视动漫,狸猫换太子,380,20250701,9326
20250701,影视动漫,命运,380,20250701,9327
20250701,影视动漫,破事精英,380,20250701,9328
20250701,影视动漫,jojo的奇妙冒险不灭钻石在线观看,380,20250701,9329
20250701,影视动漫,飞虎队,380,20250701,9330
20250701,影视动漫,风车动漫在线观看官网,380,20250701,9331
20250701,影视动漫,书卷一梦在线观看电视剧免费,380,20250701,9332
20250701,影视动漫,新乱世佳人第9集最火的一集,380,20250701,9333
20250701,影视动漫,黑帮大佬,380,20250701,9334
20250701,影视动漫,《绽放的许开心》全集,380,20250701,9335
20250701,影视动漫,妥协短剧全集免费播放,380,20250701,9336
20250701,影视动漫,仙武传在线全集免费观看,380,20250701,9337
20250701,影视动漫,水仙直播,380,20250701,9338
20250701,影视动漫,铁血红安,380,20250701,9339
20250701,影视动漫,顺恨全集免费观看,380,20250701,9340
20250701,影视动漫,一念关山电视剧免费观看,380,20250701,9341
20250701,影视动漫,《我是刑警》全集观看电视剧,380,20250701,9342
20250701,影视动漫,繁花电视连续剧免费播放在线观看高清,380,20250701,9343
20250701,影视动漫,全员加速中第三季,379,20250701,9344
20250701,影视动漫,40分钟的插曲视频在线观看,379,20250701,9345
20250701,影视动漫,电视剧《焕羽》,379,20250701,9346
20250701,影视动漫,鱿鱼游戏3结局,379,20250701,9347
20250701,影视动漫,斗罗大陆动漫全集在线观看高清,379,20250701,9348
20250701,影视动漫,那些年我们一起追的女孩,379,20250701,9349
20250701,影视动漫,动画片儿童0-3岁免费大全,379,20250701,9350
20250701,影视动漫,凡骨问道篇短剧免费观看,379,20250701,9351
20250701,影视动漫,谍战片《潜渊》,379,20250701,9352
20250701,影视动漫,挖掘机视频大全3 6岁挖机动画玩具,379,20250701,9353
20250701,影视动漫,365霸道总裁大佬第1季免费观看,379,20250701,9354
20250701,影视动漫,雾山五行,379,20250701,9355
20250701,影视动漫,乒乓球直播中央5今天现场直播视频,379,20250701,9356
20250701,影视动漫,火线传奇,379,20250701,9357
20250701,影视动漫,昼颜韩剧免费观看完整版,379,20250701,9358
20250701,影视动漫,无职转生第三季,379,20250701,9359
20250701,影视动漫,逆爱第8,379,20250701,9360
20250701,影视动漫,碧血剑,379,20250701,9361
20250701,影视动漫,动漫《我的妈妈》日语,379,20250701,9362
20250701,影视动漫,无颜之月免费观看第一季全集,379,20250701,9363
20250701,影视动漫,鸡毛飞上天演员表,379,20250701,9364
20250701,影视动漫,养父,379,20250701,9365
20250701,影视动漫,欧乐影院,379,20250701,9366
20250701,影视动漫,我是特种兵之利刃出鞘免费观看全集,379,20250701,9367
20250701,影视动漫,黑暗荣耀2,379,20250701,9368
20250701,影视动漫,蔷薇之刃短剧免费观看高清,379,20250701,9369
20250701,影视动漫,薛继军为什么每部电视剧都有他,379,20250701,9370
20250701,影视动漫,刘德华《猎金·游戏》,379,20250701,9371
20250701,影视动漫,行尸走肉第三季,379,20250701,9372
20250701,影视动漫,山花烂漫时 电视剧,379,20250701,9373
20250701,影视动漫,成吉思汗是哪个朝代帝王,379,20250701,9374
20250701,影视动漫,黑猫警长动画片免费观看,379,20250701,9375
20250701,影视动漫,双男主电影,378,20250701,9376
20250701,影视动漫,开天辟地,378,20250701,9377
20250701,影视动漫,女生宿舍1,378,20250701,9378
20250701,影视动漫,恋爱暴君完整版在线全集免费观看,378,20250701,9379
20250701,影视动漫,泰国腐剧,378,20250701,9380
20250701,影视动漫,宝贝赳赳,378,20250701,9381
20250701,影视动漫,749局电影,378,20250701,9382
20250701,影视动漫,幸福演算法,378,20250701,9383
20250701,影视动漫,囧次元动漫app新版下载,378,20250701,9384
20250701,影视动漫,"丝瓜,芭乐,猫咪,草莓,小猪绿巨人",378,20250701,9385
20250701,影视动漫,以法之名更新到第几集,378,20250701,9386
20250701,影视动漫,判我更幸福在线观看完整免费高清原声满天星美剧,378,20250701,9387
20250701,影视动漫,道士下山,378,20250701,9388
20250701,影视动漫,97在线播放免费观看全集电视剧,378,20250701,9389
20250701,影视动漫,以法之名免费全集在线观看,378,20250701,9390
20250701,影视动漫,大人王国的反击,378,20250701,9391
20250701,影视动漫,桃花映江山电视剧15集,378,20250701,9392
20250701,影视动漫,僧侣,378,20250701,9393
20250701,影视动漫,为什么老师会在这里第一季全集,378,20250701,9394
20250701,影视动漫,蘑菇视频tv版下载蘑菇tv版安卓版下载乐单机,378,20250701,9395
20250701,影视动漫,韩短剧《课程》免费观看,377,20250701,9396
20250701,影视动漫,应召女郎,377,20250701,9397
20250701,影视动漫,行尸走肉第二季在线观看,377,20250701,9398
20250701,影视动漫,安家,377,20250701,9399
20250701,影视动漫,回家的路,377,20250701,9400
20250701,影视动漫,虾皮视频,377,20250701,9401
20250701,影视动漫,《妻子瞒着丈夫》大结局,377,20250701,9402
20250701,影视动漫,我的特一营,377,20250701,9403
20250701,影视动漫,《再来一次好不好》在线观看,377,20250701,9404
20250701,影视动漫,孽缘,377,20250701,9405
20250701,影视动漫,新闻联播直播 直播CCTV1,377,20250701,9406
20250701,影视动漫,风筝电视剧全集免费观看完整版高清,377,20250701,9407
20250701,影视动漫,偷听心声之来者可追,377,20250701,9408
20250701,影视动漫,人民的名义免费观看全集完整版,377,20250701,9409
20250701,影视动漫,长风渡电视剧免费观看完整版高清,377,20250701,9410
20250701,影视动漫,空姐头等舱法国电影,376,20250701,9411
20250701,影视动漫,护宝寻踪演员表名单,376,20250701,9412
20250701,影视动漫,轮到你了,376,20250701,9413
20250701,影视动漫,逆爱完整版,376,20250701,9414
20250701,影视动漫,向魔王伊伏洛基亚献祭吧免费观看动漫,376,20250701,9415
20250701,影视动漫,情满九道弯全集免费观看,376,20250701,9416
20250701,影视动漫,一路向西2,376,20250701,9417
20250701,影视动漫,坏狗在线观看全集,376,20250701,9418
20250701,影视动漫,毒诫的演员表,376,20250701,9419
20250701,影视动漫,龙族动漫,376,20250701,9420
20250701,影视动漫,越狱第四季,376,20250701,9421
20250701,影视动漫,挣扎吧亚当,376,20250701,9422
20250701,影视动漫,折腰在线全集免费观看电视剧,376,20250701,9423
20250701,影视动漫,月里青山淡如画电视剧免费观看完整版,376,20250701,9424
20250701,影视动漫,王中王,376,20250701,9425
20250701,影视动漫,以法之名禹天成,376,20250701,9426
20250701,影视动漫,霍比特人,376,20250701,9427
20250701,影视动漫,斗音及速板,376,20250701,9428
20250701,影视动漫,夜访吸血鬼,376,20250701,9429
20250701,影视动漫,藏海花,376,20250701,9430
20250701,影视动漫,央视六套节目表,376,20250701,9431
20250701,影视动漫,红蜘蛛,375,20250701,9432
20250701,影视动漫,星空在线观看免费高清,375,20250701,9433
20250701,影视动漫,生死连,375,20250701,9434
20250701,影视动漫,太行英雄传,375,20250701,9435
20250701,影视动漫,猎冰电视剧全集高清免费播放,375,20250701,9436
20250701,影视动漫,擦边舞跳舞素材,375,20250701,9437
20250701,影视动漫,味道2在线观看免费完整版电视剧,375,20250701,9438
20250701,影视动漫,遮天动漫在线播放完整版在线观看,375,20250701,9439
20250701,影视动漫,终结的炽天使第一季全集免费观看,375,20250701,9440
20250701,影视动漫,人兽杂交,375,20250701,9441
20250701,影视动漫,姐妹情缘电视剧在线观看完整版,375,20250701,9442
20250701,影视动漫,三分野电视剧全集免费观看完整版,375,20250701,9443
20250701,影视动漫,舌吻伸舌头原声不带歌,375,20250701,9444
20250701,影视动漫,凤凰台上 电视剧,375,20250701,9445
20250701,影视动漫,簪定此生泰剧免费观看,375,20250701,9446
20250701,影视动漫,双鱼视频,375,20250701,9447
20250701,影视动漫,《美丽妻子替夫还债》剧情,375,20250701,9448
20250701,影视动漫,五十度黑完整版在线看视频,375,20250701,9449
20250701,影视动漫,神奇女侠,375,20250701,9450
20250701,影视动漫,双男主电视剧,375,20250701,9451
20250701,影视动漫,赶尸艳谈在线观看,375,20250701,9452
20250701,影视动漫,365大佬爱上我第4季在线观看,375,20250701,9453
20250701,影视动漫,潘金莲王思懿,374,20250701,9454
20250701,影视动漫,巨星重生泰剧在线观看,374,20250701,9455
20250701,影视动漫,挚爱泰剧免费全集,374,20250701,9456
20250701,影视动漫,非正式会谈,374,20250701,9457
20250701,影视动漫,凤凰卫视资讯台直播在线直播观看,374,20250701,9458
20250701,影视动漫,夏家三千金电视剧全集免费观看,374,20250701,9459
20250701,影视动漫,麻辣变形计,374,20250701,9460
20250701,影视动漫,异世界,374,20250701,9461
20250701,影视动漫,熊出没之冬日乐翻天,374,20250701,9462
20250701,影视动漫,一家乱战2免费高清在线,374,20250701,9463
20250701,影视动漫,虞书欣电视剧,374,20250701,9464
20250701,影视动漫,9.1短片,374,20250701,9465
20250701,影视动漫,孤儿怨,374,20250701,9466
20250701,影视动漫,香港奇案二之㢨杀免费观看,374,20250701,9467
20250701,影视动漫,神印王座在线观看全集免费播放高清,374,20250701,9468
20250701,影视动漫,命中注定,374,20250701,9469
20250701,影视动漫,李人骏结局,374,20250701,9470
20250701,影视动漫,蜜桃成熟时33,374,20250701,9471
20250701,影视动漫,魔鬼天使1995在线观看全集免费,374,20250701,9472
20250701,影视动漫,帅哥腹肌裤子拉低一直往下拉,374,20250701,9473
20250701,影视动漫,《办公室3》完整版电影,374,20250701,9474
20250701,影视动漫,裙子下的怪兽第一季免费观看全集,374,20250701,9475
20250701,影视动漫,乐游原电视剧免费观看完整版,374,20250701,9476
20250701,影视动漫,免费看电视剧的软件,374,20250701,9477
20250701,影视动漫,声控助眠,374,20250701,9478
20250701,影视动漫,以法之名雷广发,373,20250701,9479
20250701,影视动漫,美女电影,373,20250701,9480
20250701,影视动漫,中餐厅2,373,20250701,9481
20250701,影视动漫,《漂亮的秘书HD》在线观看,373,20250701,9482
20250701,影视动漫,搭错车,373,20250701,9483
20250701,影视动漫,巴啦啦小魔仙之梦幻旋律,373,20250701,9484
20250701,影视动漫,七夜雪,373,20250701,9485
20250701,影视动漫,春雨电影大全免费观看,373,20250701,9486
20250701,影视动漫,双男主动漫日剧推荐,373,20250701,9487
20250701,影视动漫,暴雪时分电视剧免费观看,373,20250701,9488
20250701,影视动漫,韶华若锦剧情介绍,373,20250701,9489
20250701,影视动漫,龙牌之谜电影免费观看完整版,373,20250701,9490
20250701,影视动漫,没落贵族琉璃川在线观看免费全集高清汉字,373,20250701,9491
20250701,影视动漫,人生大事电影免费观看高清完整版,373,20250701,9492
20250701,影视动漫,我喜欢你,373,20250701,9493
20250701,影视动漫,湮灭,373,20250701,9494
20250701,影视动漫,路过我年少时光的蓝色电视剧免费观看,373,20250701,9495
20250701,影视动漫,妻子的新世界电视剧免费观看高清,373,20250701,9496
20250701,影视动漫,小孩配老太太视频,373,20250701,9497
20250701,影视动漫,画江湖之不良人第一季,373,20250701,9498
20250701,影视动漫,青春变形记,373,20250701,9499
20250701,影视动漫,小敏家演员表全部介绍,373,20250701,9500
20250701,影视动漫,动画片儿童0-3岁推荐,373,20250701,9501
20250701,影视动漫,神马影院电视剧免费观看完整版长相思第二季,373,20250701,9502
20250701,影视动漫,牵牛与仙女,373,20250701,9503
20250701,影视动漫,叶罗丽精灵梦第十季免费观看完整版,373,20250701,9504
20250701,影视动漫,八一影视,373,20250701,9505
20250701,影视动漫,黑兽在线观看,373,20250701,9506
20250701,影视动漫,新警察故事,373,20250701,9507
20250701,影视动漫,大片调色大全视频,373,20250701,9508
20250701,影视动漫,斯巴达克斯第一季,373,20250701,9509
20250701,影视动漫,无耻之徒第六季免费观看全集高清,373,20250701,9510
20250701,影视动漫,读书,373,20250701,9511
20250701,影视动漫,模范出租车第二部,373,20250701,9512
20250701,影视动漫,五十度灰在线观看完整版电影版,373,20250701,9513
20250701,影视动漫,星际宝贝史迪奇,373,20250701,9514
20250701,影视动漫,兄弟的妈妈免费观看电视剧完整版,372,20250701,9515
20250701,影视动漫,少林寺电影,372,20250701,9516
20250701,影视动漫,520886的视频,372,20250701,9517
20250701,影视动漫,不良人第七季,372,20250701,9518
20250701,影视动漫,下女无删减版韩剧电视剧结局免费观看,372,20250701,9519
20250701,影视动漫,免费电视剧大全在线观看完整版,372,20250701,9520
20250701,影视动漫,神马影院免费观看电视剧电视剧大全,372,20250701,9521
20250701,影视动漫,迪拜的女孩完整版在线观看完整免费高清原声满天星信任,372,20250701,9522
20250701,影视动漫,《小巷人家》免费观看,372,20250701,9523
20250701,影视动漫,剑来动漫,372,20250701,9524
20250701,影视动漫,爱情与灵药完整版高清在线观看电影,372,20250701,9525
20250701,影视动漫,黑冰电视剧全集免费观看,372,20250701,9526
20250701,影视动漫,王李丹妮最惊艳三部电影,372,20250701,9527
20250701,影视动漫,内情完整版电视剧免费高清韩剧在线观看,372,20250701,9528
20250701,影视动漫,逍遥电视剧免费观看全集完整版,372,20250701,9529
20250701,影视动漫,樱花动漫在线观看动漫第8集,372,20250701,9530
20250701,影视动漫,天乩之白蛇传说免费观看完整版,372,20250701,9531
20250701,影视动漫,刘宇宁演的电视剧,372,20250701,9532
20250701,影视动漫,咬清梨短剧全集免费观看,372,20250701,9533
20250701,影视动漫,我的卡路里男孩电视剧全集免费观看,371,20250701,9534
20250701,影视动漫,爆裂萌兔,371,20250701,9535
20250701,影视动漫,类似爱情未删减版在线观看电视剧,371,20250701,9536
20250701,影视动漫,小日子,371,20250701,9537
20250701,影视动漫,画眉,371,20250701,9538
20250701,影视动漫,澡堂老板家的男人们完整版国语电视剧,371,20250701,9539
20250701,影视动漫,www.bilibili.com,371,20250701,9540
20250701,影视动漫,芒果视频网,371,20250701,9541
20250701,影视动漫,平原烽火,371,20250701,9542
20250701,影视动漫,天生一对,371,20250701,9543
20250701,影视动漫,烈焰,371,20250701,9544
20250701,影视动漫,人渣的本愿,371,20250701,9545
20250701,影视动漫,李爱庆投资的影视剧,371,20250701,9546
20250701,影视动漫,青苹果乐园免费高清完整版,371,20250701,9547
20250701,影视动漫,未来日记,371,20250701,9548
20250701,影视动漫,理科生坠入情网电视剧免费观看,371,20250701,9549
20250701,影视动漫,十万个冷笑话,371,20250701,9550
20250701,影视动漫,国漫排行榜前十名,371,20250701,9551
20250701,影视动漫,天外飞仙,371,20250701,9552
20250701,影视动漫,新乱世佳人第9集凤娇和侄子片段,371,20250701,9553
20250701,影视动漫,中央5,371,20250701,9554
20250701,影视动漫,哈利波特与混血王子,371,20250701,9555
20250701,影视动漫,熊出没免费观看在线完整版,371,20250701,9556
20250701,影视动漫,美人为馅,371,20250701,9557
20250701,影视动漫,边境杀手,370,20250701,9558
20250701,影视动漫,永远的第一名在线观看,370,20250701,9559
20250701,影视动漫,快手app下载,370,20250701,9560
20250701,影视动漫,打板子,370,20250701,9561
20250701,影视动漫,《逆袭》柴鸡蛋2025电视剧在线观看,370,20250701,9562
20250701,影视动漫,大理寺少卿游电视剧免费观看,370,20250701,9563
20250701,影视动漫,依娜和恰恰动画片全集免费观看,370,20250701,9564
20250701,影视动漫,奇迹少女第五季,370,20250701,9565
20250701,影视动漫,胆小鬼电视剧在线观看完整版,370,20250701,9566
20250701,影视动漫,双生花,370,20250701,9567
20250701,影视动漫,全职高手第三季,370,20250701,9568
20250701,影视动漫,神医的救赎短剧免费观看,370,20250701,9569
20250701,影视动漫,天仙配,370,20250701,9570
20250701,影视动漫,照明商店,370,20250701,9571
20250701,影视动漫,烟花视频,370,20250701,9572
20250701,影视动漫,人生海海,370,20250701,9573
20250701,影视动漫,我独自升级第二季在线观看,370,20250701,9574
20250701,影视动漫,希特勒演讲视频,370,20250701,9575
20250701,影视动漫,熊大,370,20250701,9576
20250701,影视动漫,猫女的诅咒在线观看,370,20250701,9577
20250701,影视动漫,抖音30级要刷多少钱人民币,370,20250701,9578
20250701,影视动漫,正午阳光,370,20250701,9579
20250701,影视动漫,苏小小,370,20250701,9580
20250701,影视动漫,以法之名演职表,370,20250701,9581
20250701,影视动漫,谎言的诱惑童艺结局,369,20250701,9582
20250701,影视动漫,一念永恒第三季在线观看,369,20250701,9583
20250701,影视动漫,温暖的抱抱,369,20250701,9584
20250701,影视动漫,哪咤二魔童闹海免费观看完整版,369,20250701,9585
20250701,影视动漫,全光走秀全集在线观看,369,20250701,9586
20250701,影视动漫,折腰大结局,369,20250701,9587
20250701,影视动漫,狮城山海百度百科,369,20250701,9588
20250701,影视动漫,日本电影部长的关心,369,20250701,9589
20250701,影视动漫,金粉世家演员表,369,20250701,9590
20250701,影视动漫,狩猎,369,20250701,9591
20250701,影视动漫,阳光之下,369,20250701,9592
20250701,影视动漫,叶玉卿 电影,369,20250701,9593
20250701,影视动漫,逆爱全集免费观看电视剧在线播放,369,20250701,9594
20250701,影视动漫,乐高幻影忍者全集免费观看完整版,369,20250701,9595
20250701,影视动漫,被最想拥抱的男人威胁了泰剧,369,20250701,9596
20250701,影视动漫,疯狂的麦克斯,369,20250701,9597
20250701,影视动漫,逆爱2025电视剧在线观看全集,369,20250701,9598
20250701,影视动漫,以法之名有几集,369,20250701,9599
20250701,影视动漫,都挺好的演员表,369,20250701,9600
20250701,影视动漫,速度与激情8,369,20250701,9601
20250701,影视动漫,酋长的女儿,369,20250701,9602
20250701,影视动漫,一代枭雄电视剧全集免费观看,369,20250701,9603
20250701,影视动漫,一代枭雄,369,20250701,9604
20250701,影视动漫,大唐双龙传,369,20250701,9605
20250701,影视动漫,邪不压正免费观看完整高清视频,369,20250701,9606
20250701,影视动漫,竞速小英雄9,369,20250701,9607
20250701,影视动漫,峡谷,369,20250701,9608
20250701,影视动漫,这是我的西游第二季在线观看,369,20250701,9609
20250701,影视动漫,鹤唳华亭电视剧免费观看完整版,369,20250701,9610
20250701,影视动漫,绽放的许开心在线观看免费,369,20250701,9611
20250701,影视动漫,cctv5 直播,369,20250701,9612
20250701,影视动漫,逆爱第9集预告,369,20250701,9613
20250701,影视动漫,ova住在隔壁的她动漫,369,20250701,9614
20250701,影视动漫,民兵葛二蛋,369,20250701,9615
20250701,影视动漫,将恋爱进行到底,368,20250701,9616
20250701,影视动漫,加州靡情,368,20250701,9617
20250701,影视动漫,大黑属vs金发女,368,20250701,9618
20250701,影视动漫,台湾版《金枪大战》,368,20250701,9619
20250701,影视动漫,jmcomic.2.0,368,20250701,9620
20250701,影视动漫,交通费电影在线观看完整免费高清原声满天星男男,368,20250701,9621
20250701,影视动漫,武器 a,368,20250701,9622
20250701,影视动漫,电影太极拳,368,20250701,9623
20250701,影视动漫,少女弹珠汽水全集免费观看动漫,368,20250701,9624
20250701,影视动漫,魔法少女全集免费观看,368,20250701,9625
20250701,影视动漫,古典浪漫1984 电影免费观看,368,20250701,9626
20250701,影视动漫,9.1手抓大雷5分钟,368,20250701,9627
20250701,影视动漫,时光代理人第一季,368,20250701,9628
20250701,影视动漫,比天堂还美丽在线观看韩剧,368,20250701,9629
20250701,影视动漫,边铁韩国电影免费观看,368,20250701,9630
20250701,影视动漫,第二部《锦绣芳华》杨紫在线观看,368,20250701,9631
20250701,影视动漫,恐龙动画片,368,20250701,9632
20250701,影视动漫,挡不住的疯情 粤语高清,368,20250701,9633
20250701,影视动漫,爱情短片,368,20250701,9634
20250701,影视动漫,在下江一凡动画,368,20250701,9635
20250701,影视动漫,乡村爱情6,368,20250701,9636
20250701,影视动漫,我们的爱,368,20250701,9637
20250701,影视动漫,电视剧因法之名免费观看,368,20250701,9638
20250701,影视动漫,上海女子图鉴,368,20250701,9639
20250701,影视动漫,86不存在的战区第一季免费高清,368,20250701,9640
20250701,影视动漫,窝窝在线观看免费高清电视剧大全最新章节列表,368,20250701,9641
20250701,影视动漫,玫瑰故事电视剧免费观看全集,368,20250701,9642
20250701,影视动漫,锦绣芳华电视剧免费观看高清,367,20250701,9643
20250701,影视动漫,经典韩剧电影在线观看,367,20250701,9644
20250701,影视动漫,叶罗丽精灵梦十一季免费播放完整版,367,20250701,9645
20250701,影视动漫,萃火年代在线观看,367,20250701,9646
20250701,影视动漫,玉骨遥电视剧全集在线观看完整版,367,20250701,9647
20250701,影视动漫,山东卫视节目表,367,20250701,9648
20250701,影视动漫,七根凶简电视剧在线观看,367,20250701,9649
20250701,影视动漫,《知否知否应是绿肥红瘦》电视剧,367,20250701,9650
20250701,影视动漫,和平饭店电视剧免费全集观看,367,20250701,9651
20250701,影视动漫,永夜星河电视剧免费播放流畅版,367,20250701,9652
20250701,影视动漫,樱花动漫6,367,20250701,9653
20250701,影视动漫,奇葩说,367,20250701,9654
20250701,影视动漫,挤痘痘解压视频,367,20250701,9655
20250701,影视动漫,虞书欣演的电视剧有哪些,367,20250701,9656
20250701,影视动漫,创造营2020,367,20250701,9657
20250701,影视动漫,虎妈猫爸电视剧全集免费播放,367,20250701,9658
20250701,影视动漫,广东卫视节目表,367,20250701,9659
20250701,影视动漫,韵华若锦电视剧免费观看全集完整版,367,20250701,9660
20250701,影视动漫,终结者2,367,20250701,9661
20250701,影视动漫,国色芳华电视剧第二部在线观看免费高清版,367,20250701,9662
20250701,影视动漫,大梦归离电视剧免费观看完整版,367,20250701,9663
20250701,影视动漫,燃烧电影在线观看视频完整版,367,20250701,9664
20250701,影视动漫,爱丫爱丫在线观看免费高清电视剧 有声音,367,20250701,9665
20250701,影视动漫,不良执念清除师,367,20250701,9666
20250701,影视动漫,挑战赛游戏在线观看,367,20250701,9667
20250701,影视动漫,密室大逃脱第七季免费观看完整版,366,20250701,9668
20250701,影视动漫,美丽的小蜜桃1之恶魔的报复,366,20250701,9669
20250701,影视动漫,美景之屋电影完整在线观看,366,20250701,9670
20250701,影视动漫,双重曝光韩剧双男主在线观看,366,20250701,9671
20250701,影视动漫,覆流年电视剧免费观看全集在线播放高清,366,20250701,9672
20250701,影视动漫,甜心格格,366,20250701,9673
20250701,影视动漫,《开放的少女2》在线观看,366,20250701,9674
20250701,影视动漫,家父北凉王短剧免费观看,366,20250701,9675
20250701,影视动漫,舞法天女,366,20250701,9676
20250701,影视动漫,神马顶级推理片电影在线观看,366,20250701,9677
20250701,影视动漫,这么多年免费观看电影完整版,366,20250701,9678
20250701,影视动漫,厨神驾到电影免费观看,366,20250701,9679
20250701,影视动漫,生孩子不遮阴顺产视频大全,366,20250701,9680
20250701,影视动漫,女神宿舍的管理员 动漫 全集免费观看完整版,366,20250701,9681
20250701,影视动漫,传奇大掌柜电视剧全集免费播放,366,20250701,9682
20250701,影视动漫,法外之名全集在线观看免费,366,20250701,9683
20250701,影视动漫,鬼吹灯之昆仑神宫,366,20250701,9684
20250701,影视动漫,美丽姑娘国语版免费观看剧情,366,20250701,9685
20250701,影视动漫,熊大熊二,366,20250701,9686
20250701,影视动漫,恋爱季节泰剧在线观看,366,20250701,9687
20250701,影视动漫,逆爱2025免费观看完整版,366,20250701,9688
20250701,影视动漫,美国阅兵2025完整版,366,20250701,9689
20250701,影视动漫,凪光老师的封神三部曲观看,366,20250701,9690
20250701,影视动漫,侏罗纪世界4重生什么时候上映,366,20250701,9691
20250701,影视动漫,勇者妹妹的冒险结束了,366,20250701,9692
20250701,影视动漫,最后的生还者,366,20250701,9693
20250701,影视动漫,炫卡斗士,366,20250701,9694
20250701,影视动漫,情圣电影在线高清完整版,366,20250701,9695
20250701,影视动漫,电影酱园弄悬案免费观看完整版,366,20250701,9696
20250701,影视动漫,火锅艺术家,366,20250701,9697
20250701,影视动漫,眼泪制造者,366,20250701,9698
20250701,影视动漫,印度电影免费观看,366,20250701,9699
20250701,影视动漫,成全视频高清完整版第6季,366,20250701,9700
20250701,影视动漫,芳华国色电视剧免费观看,366,20250701,9701
20250701,影视动漫,女孩赤身跳舞视频,365,20250701,9702
20250701,影视动漫,青梅竹马是消防员从指尖传出的热情,365,20250701,9703
20250701,影视动漫,电视剧以法之名在哪里能看,365,20250701,9704
20250701,影视动漫,giga特摄女战士电影免费观看,365,20250701,9705
20250701,影视动漫,下一站是幸福,365,20250701,9706
20250701,影视动漫,仙台有树,365,20250701,9707
20250701,影视动漫,无人区9在线观看免费高清电视剧狂飙,365,20250701,9708
20250701,影视动漫,无限滑板,365,20250701,9709
20250701,影视动漫,甄嬛传电视连续剧大全,365,20250701,9710
20250701,影视动漫,徐若瑄演过的三年级全部电影,365,20250701,9711
20250701,影视动漫,碟中谍7,365,20250701,9712
20250701,影视动漫,二泉映月,365,20250701,9713
20250701,影视动漫,一生交给党电影时长,365,20250701,9714
20250701,影视动漫,郝蕾电影,365,20250701,9715
20250701,影视动漫,美女在线观看免费高清电视剧,365,20250701,9716
20250701,影视动漫,新金银1-5普通话免费播放,365,20250701,9717
20250701,影视动漫,黑白潜行,365,20250701,9718
20250701,影视动漫,绝密543,365,20250701,9719
20250701,影视动漫,雪中悍刀行演员表,365,20250701,9720
20250701,影视动漫,完美救赎,365,20250701,9721
20250701,影视动漫,若逢新雪初霁短剧免费全集,365,20250701,9722
20250701,影视动漫,关于未知的我们台剧免费观看,365,20250701,9723
20250701,影视动漫,绽放的许开心电视剧全集,365,20250701,9724
20250701,影视动漫,黑兽动漫,364,20250701,9725
20250701,影视动漫,无心法师第二季,364,20250701,9726
20250701,影视动漫,四海重明 电视剧,364,20250701,9727
20250701,影视动漫,悬崖电视剧免费观看全集在线观看,364,20250701,9728
20250701,影视动漫,大话西游之大圣娶亲,364,20250701,9729
20250701,影视动漫,东京喰种第三季全集在线播放,364,20250701,9730
20250701,影视动漫,兔子洞,364,20250701,9731
20250701,影视动漫,白月繁星电视剧免费观看全集高清,364,20250701,9732
20250701,影视动漫,朋友请吃饭第三季,364,20250701,9733
20250701,影视动漫,拜托请穿上鹰峰同学动漫在线观看,364,20250701,9734
20250701,影视动漫,潘金莲的电视剧在线观看,364,20250701,9735
20250701,影视动漫,银河护卫队,364,20250701,9736
20250701,影视动漫,王安宇电视剧,364,20250701,9737
20250701,影视动漫,苏菲玛索为艺术奉献的电影,364,20250701,9738
20250701,影视动漫,送你一朵小红花免费观看完整版,364,20250701,9739
20250701,影视动漫,破刃电视剧免费观看全集,364,20250701,9740
20250701,影视动漫,CCTV6,364,20250701,9741
20250701,影视动漫,《图书馆的女朋友》第一季免费,364,20250701,9742
20250701,影视动漫,aaa免费的电视剧,364,20250701,9743
20250701,影视动漫,熊出没之小小世界2,364,20250701,9744
20250701,影视动漫,挡不住的风情翁虹和任达华主演电影,364,20250701,9745
20250701,影视动漫,《韶华若锦》免费观看,364,20250701,9746
20250701,影视动漫,大师兄影视网在线观看,364,20250701,9747
20250701,影视动漫,隋唐英雄,364,20250701,9748
20250701,影视动漫,末路狂花钱电影在线观看完整免费高清悬疑片,364,20250701,9749
20250701,影视动漫,赵琳的探险日记2,364,20250701,9750
20250701,影视动漫,范冰冰最惊艳三部电影,364,20250701,9751
20250701,影视动漫,五号特工组电视剧全集在线观看,364,20250701,9752
20250701,影视动漫,沙尘暴 电视剧,364,20250701,9753
20250701,影视动漫,爆裂飞车,364,20250701,9754
20250701,影视动漫,仙剑奇侠传三在线观看完整版免费高清,364,20250701,9755
20250701,影视动漫,王阳主演的电视剧大全,363,20250701,9756
20250701,影视动漫,盾之勇者成名录,363,20250701,9757
20250701,影视动漫,《哪吒2》高清在线观看,363,20250701,9758
20250701,影视动漫,猫鼠游戏,363,20250701,9759
20250701,影视动漫,雨后小故事动画片gif,363,20250701,9760
20250701,影视动漫,李小龙传奇电视剧全集免费观看,363,20250701,9761
20250701,影视动漫,闪灵,363,20250701,9762
20250701,影视动漫,新训龙高手,363,20250701,9763
20250701,影视动漫,鲉鱼游戏第三季,363,20250701,9764
20250701,影视动漫,刽子手,363,20250701,9765
20250701,影视动漫,胜券在握,363,20250701,9766
20250701,影视动漫,贞观之治电视剧全集免费观看,363,20250701,9767
20250701,影视动漫,动物狂想曲,363,20250701,9768
20250701,影视动漫,聊斋艳谭叶子楣电视剧,363,20250701,9769
20250701,影视动漫,鹿鼎记周星驰版,363,20250701,9770
20250701,影视动漫,初恋大作战在线观看免费完整,363,20250701,9771
20250701,影视动漫,未知的首尔 电视剧,363,20250701,9772
20250701,影视动漫,我花钱返利你急什么动漫免费观看,363,20250701,9773
20250701,影视动漫,反叛的鲁路修,363,20250701,9774
20250701,影视动漫,难哄电视剧免费观看完整版,363,20250701,9775
20250701,影视动漫,逆爱第8集在线观看免费播放,363,20250701,9776
20250701,影视动漫,誓盟剧情介绍|剧情简介,363,20250701,9777
20250701,影视动漫,血滴子,363,20250701,9778
20250701,影视动漫,青丝影院,362,20250701,9779
20250701,影视动漫,无法抗拒的他免费观看全集,362,20250701,9780
20250701,影视动漫,寄宿生韩国电影免费观看完整版,362,20250701,9781
20250701,影视动漫,青柠在线观看高清电视剧荣耀,362,20250701,9782
20250701,影视动漫,老电影,362,20250701,9783
20250701,影视动漫,灿烂的她,362,20250701,9784
20250701,影视动漫,贵嫡电视剧免费观看完整版,362,20250701,9785
20250701,影视动漫,天降女子从2楼掉了下来未增减,362,20250701,9786
20250701,影视动漫,特殊美容室的待遇5,362,20250701,9787
20250701,影视动漫,淮水竹亭演员表,362,20250701,9788
20250701,影视动漫,euphoria动漫观看6集,362,20250701,9789
20250701,影视动漫,光影app下载,362,20250701,9790
20250701,影视动漫,拔萝卜动漫观看完整版大结局,362,20250701,9791
20250701,影视动漫,现在就出发第三季什么时候播,362,20250701,9792
20250701,影视动漫,云渺3镇魔世家短剧免费观看,362,20250701,9793
20250701,影视动漫,御手洗家的破洞动漫在线观看完整版,362,20250701,9794
20250701,影视动漫,蒂蒂有话说在线观看免费全集版,362,20250701,9795
20250701,影视动漫,太子妃升职记,362,20250701,9796
20250701,影视动漫,蜂鸟影院在线观看免费完整版,362,20250701,9797
20250701,影视动漫,勾魂降头,362,20250701,9798
20250701,影视动漫,雏田光溜溜图片视频素材,362,20250701,9799
20250701,影视动漫,国防生,362,20250701,9800
20250701,影视动漫,《安娜的绣感》完整版,362,20250701,9801
20250701,影视动漫,哪吒3,362,20250701,9802
20250701,影视动漫,爆笑视频,362,20250701,9803
20250701,影视动漫,9·1短视频樱花,362,20250701,9804
20250701,影视动漫,大唐狄公案,362,20250701,9805
20250701,影视动漫,方圆剧阵,362,20250701,9806
20250701,影视动漫,疾速追杀2,362,20250701,9807
20250701,影视动漫,王贵与安娜免费完整版电视剧全集,362,20250701,9808
20250701,影视动漫,上流社会 电影,362,20250701,9809
20250701,影视动漫,越狱第五季,362,20250701,9810
20250701,影视动漫,引狼入室,362,20250701,9811
20250701,影视动漫,飘雪电影完整版在线观看免费,362,20250701,9812
20250701,影视动漫,汤摇庄的幽奈同学,362,20250701,9813
20250701,影视动漫,穿越天际靠近你泰剧,361,20250701,9814
20250701,影视动漫,洗冤录2,361,20250701,9815
20250701,影视动漫,picacg哔咔官网下载 v2.1.0.3,361,20250701,9816
20250701,影视动漫,名侦探柯百万美元的五菱星,361,20250701,9817
20250701,影视动漫,电视剧免费,361,20250701,9818
20250701,影视动漫,好看的电视剧推荐几部 前十名,361,20250701,9819
20250701,影视动漫,传奇之王电视剧全集免费观看,361,20250701,9820
20250701,影视动漫,CCTV13在线直播观看电视[高清],361,20250701,9821
20250701,影视动漫,88影视,361,20250701,9822
20250701,影视动漫,强吻,361,20250701,9823
20250701,影视动漫,现在就出发第一季免费观看完整版,361,20250701,9824
20250701,影视动漫,疯狂动物城2什么时候上映,361,20250701,9825
20250701,影视动漫,无忧渡电视剧免费观看全集高清,361,20250701,9826
20250701,影视动漫,10的爱人,361,20250701,9827
20250701,影视动漫,扶摇电视剧全集在线高清免费观看,361,20250701,9828
20250701,影视动漫,怀孕视频,361,20250701,9829
20250701,影视动漫,新仙鹤神针,361,20250701,9830
20250701,影视动漫,强坚2电影完整版本在线播放国语免费,361,20250701,9831
20250701,影视动漫,无人区电影免费观看完整版,361,20250701,9832
20250701,影视动漫,天官赐福第二季,361,20250701,9833
20250701,影视动漫,一帘幽梦结局,361,20250701,9834
20250701,影视动漫,天地男儿,361,20250701,9835
20250701,影视动漫,在暴雪时分电视剧免费观看,361,20250701,9836
20250701,影视动漫,噬血狂袭,361,20250701,9837
20250701,影视动漫,无人区,361,20250701,9838
20250701,影视动漫,神奇四侠,360,20250701,9839
20250701,影视动漫,镜中人,360,20250701,9840
20250701,影视动漫,非洲空姐1992版,360,20250701,9841
20250701,影视动漫,太阳照常升起,360,20250701,9842
20250701,影视动漫,《信徒》电影在线观看,360,20250701,9843
20250701,影视动漫,死神来了7,360,20250701,9844
20250701,影视动漫,诱惑电影完整版全集,360,20250701,9845
20250701,影视动漫,我的大佬365第一季免费观看,360,20250701,9846
20250701,影视动漫,姐夫的满足免费版电视剧在线观看,360,20250701,9847
20250701,影视动漫,聊斋86版电视剧全集免费,360,20250701,9848
20250701,影视动漫,我被困在同一天一千年免费观看,360,20250701,9849
20250701,影视动漫,完全堕落的家人1~3集动漫介绍,360,20250701,9850
20250701,影视动漫,一部塞尔威亚电影,360,20250701,9851
20250701,影视动漫,抖音极速版2025年新版免费下载,360,20250701,9852
20250701,影视动漫,云雾女孩在线观看电影免费,360,20250701,9853
20250701,影视动漫,抖音在线观看,360,20250701,9854
20250701,影视动漫,"生而为狗,我很幸福",360,20250701,9855
20250701,影视动漫,沙尘暴电视剧免费观看完整版,360,20250701,9856
20250701,影视动漫,菊豆,360,20250701,9857
20250701,影视动漫,快手破解版,360,20250701,9858
20250701,影视动漫,甜蜜惩罚樱花,360,20250701,9859
20250701,影视动漫,玛丽玛丽电影,360,20250701,9860
20250701,影视动漫,日韩高清电影好看的电视剧,360,20250701,9861
20250701,影视动漫,180天重启计划,360,20250701,9862
20250701,影视动漫,CCTV4,360,20250701,9863
20250701,影视动漫,奔跑吧兄弟第五季免费观看完整版视频,360,20250701,9864
20250701,影视动漫,成全影视在线观看第6季,360,20250701,9865
20250701,影视动漫,高考少年电影免费观看完整版,360,20250701,9866
20250701,影视动漫,周教授我们结婚吧完整版,360,20250701,9867
20250701,影视动漫,国产剧爱丫爱丫免费观看,360,20250701,9868
20250701,影视动漫,发电俏娇娃电影免费观看完整版,360,20250701,9869
20250701,影视动漫,《绽放的许开心》电视剧,360,20250701,9870
20250701,影视动漫,折腰短剧免费观看全集在线播放高清,360,20250701,9871
20250701,影视动漫,炮爷出击,359,20250701,9872
20250701,影视动漫,苍月奥特曼电影高清版在线观看,359,20250701,9873
20250701,影视动漫,银狐,359,20250701,9874
20250701,影视动漫,儿童电影,359,20250701,9875
20250701,影视动漫,浮城谜事,359,20250701,9876
20250701,影视动漫,《以爱为营》电视剧,359,20250701,9877
20250701,影视动漫,功夫电影免费观看完整版,359,20250701,9878
20250701,影视动漫,黑色月光,359,20250701,9879
20250701,影视动漫,潜渊全部演员表,359,20250701,9880
20250701,影视动漫,天气之子在线观看完整版免费观看,359,20250701,9881
20250701,影视动漫,黎明破晓前,359,20250701,9882
20250701,影视动漫,精灵使的剑舞,359,20250701,9883
20250701,影视动漫,人与动物2免费观看完整版电影高清下载,359,20250701,9884
20250701,影视动漫,战狼3之缅北营救电影免费观看,359,20250701,9885
20250701,影视动漫,电视剧逆爱在线观看,359,20250701,9886
20250701,影视动漫,鱿鱼游戏第二季在线观看,359,20250701,9887
20250701,影视动漫,被我的手缠绕吧动漫免费观看全集,359,20250701,9888
20250701,影视动漫,天官赐福第三季免费观看完整版,359,20250701,9889
20250701,影视动漫,《重生巨星》泰剧,359,20250701,9890
20250701,影视动漫,水果派电影免费观看完整版高清,359,20250701,9891
20250701,影视动漫,简言的夏冬,359,20250701,9892
20250701,影视动漫,美少女免费高清版观看,358,20250701,9893
20250701,影视动漫,五福临门电视剧在线观看,358,20250701,9894
20250701,影视动漫,附身,358,20250701,9895
20250701,影视动漫,十九岁日本电影免费观看更新时间,358,20250701,9896
20250701,影视动漫,51吃瓜视频,358,20250701,9897
20250701,影视动漫,已满十八岁高清版免费观看电视剧,358,20250701,9898
20250701,影视动漫,野良神,358,20250701,9899
20250701,影视动漫,凤栖今朝,358,20250701,9900
20250701,影视动漫,星空影院大全在线观看免费观看,358,20250701,9901
20250701,影视动漫,今日关注最新一期,358,20250701,9902
20250701,影视动漫,西瓜网,358,20250701,9903
20250701,影视动漫,鹰峰同学请穿上校服动漫免费观看,358,20250701,9904
20250701,影视动漫,玩命三日在线观看免费完整剧剧集,358,20250701,9905
20250701,影视动漫,赵琳的探险日记,358,20250701,9906
20250701,影视动漫,奔跑吧13,358,20250701,9907
20250701,影视动漫,桃花运江山电视剧免费观看,358,20250701,9908
20250701,影视动漫,李卫当官第二部,358,20250701,9909
20250701,影视动漫,中国诗词大会,358,20250701,9910
20250701,影视动漫,国色芳华电视剧免费版,358,20250701,9911
20250701,影视动漫,一起同过窗,358,20250701,9912
20250701,影视动漫,7k7k影院免费观看电视剧大全,358,20250701,9913
20250701,影视动漫,督军府的满级小锦鲤短剧免费观看,358,20250701,9914
20250701,影视动漫,八段锦完整版,358,20250701,9915
20250701,影视动漫,秘杀名单免费观看在线完整版,358,20250701,9916
20250701,影视动漫,剑魔1992在线观看,358,20250701,9917
20250701,影视动漫,向风而行剧情分集剧情介绍,358,20250701,9918
20250701,影视动漫,前行者电视剧全集免费观看完整版,358,20250701,9919
20250701,影视动漫,我叫赵甲第2 电视剧,358,20250701,9920
20250701,影视动漫,少女之春2高清在线观看,358,20250701,9921
20250701,影视动漫,《妻子9》在线观看免费版电视剧,357,20250701,9922
20250701,影视动漫,锦绣芳华免费观看电视剧全集高清,357,20250701,9923
20250701,影视动漫,楚归鸿是好人吗,357,20250701,9924
20250701,影视动漫,桃花映江山15集,357,20250701,9925
20250701,影视动漫,书卷一梦第15集,357,20250701,9926
20250701,影视动漫,鬼父动漫全集在线观看完整版,357,20250701,9927
20250701,影视动漫,疯狂的兔子,357,20250701,9928
20250701,影视动漫,封神第一部,357,20250701,9929
20250701,影视动漫,长相思第一季电视剧在线观看免费版,357,20250701,9930
20250701,影视动漫,朋友的女朋友,357,20250701,9931
20250701,影视动漫,卡在墙壁上的女孩,357,20250701,9932
20250701,影视动漫,怎样关闭抖音月付支付功能,357,20250701,9933
20250701,影视动漫,仿生人妻子电影完整版在线,357,20250701,9934
20250701,影视动漫,屠宰呕吐娃娃,357,20250701,9935
20250701,影视动漫,食物链2大尺寸原声,357,20250701,9936
20250701,影视动漫,新闻直播间,357,20250701,9937
20250701,影视动漫,回南天电影在线观看免费,357,20250701,9938
20250701,影视动漫,月亮影视大全,357,20250701,9939
20250701,影视动漫,雷霆特攻队,357,20250701,9940
20250701,影视动漫,白玉兰奖2025,357,20250701,9941
20250701,影视动漫,唐人街探案4,357,20250701,9942
20250701,影视动漫,浴火视频美食苏州晶体结构,357,20250701,9943
20250701,影视动漫,奔跑吧兄弟第三季免费观看完整版,357,20250701,9944
20250701,影视动漫,螃蟹女,357,20250701,9945
20250701,影视动漫,逆爱电视剧免费播放观看下载,357,20250701,9946
20250701,影视动漫,秒速五厘米,357,20250701,9947
20250701,影视动漫,温柔馨馨视频,356,20250701,9948
20250701,影视动漫,终末的女武神全集,356,20250701,9949
20250701,影视动漫,神兽金刚,356,20250701,9950
20250701,影视动漫,观影时光,356,20250701,9951
20250701,影视动漫,美式1984美式保罗1,356,20250701,9952
20250701,影视动漫,兰闺喜事电视剧免费观看,356,20250701,9953
20250701,影视动漫,逆爱2025免费观看全集完整版,356,20250701,9954
20250701,影视动漫,抖音商城投诉电话人工服务24小时,356,20250701,9955
20250701,影视动漫,中餐厅第九季,356,20250701,9956
20250701,影视动漫,freeOK,356,20250701,9957
20250701,影视动漫,动漫大全,356,20250701,9958
20250701,影视动漫,年轻的小瘦子 5,356,20250701,9959
20250701,影视动漫,地下交通站全集第一部免费观看,356,20250701,9960
20250701,影视动漫,今夜一起为爱鼓掌剧集,356,20250701,9961
20250701,影视动漫,桃花映江山电视剧在线观看,356,20250701,9962
20250701,影视动漫,中央八台电视节目表,356,20250701,9963
20250701,影视动漫,黑马,356,20250701,9964
20250701,影视动漫,是女儿是妈妈2综艺免费观看全集,356,20250701,9965
20250701,影视动漫,王牌特工,356,20250701,9966
20250701,影视动漫,18岁免费观看电视连续剧,356,20250701,9967
20250701,影视动漫,追梦视频,356,20250701,9968
20250701,影视动漫,小羊肖恩,356,20250701,9969
20250701,影视动漫,地球脉动,356,20250701,9970
20250701,影视动漫,谍战深海之惊蛰免费观看完整版,356,20250701,9971
20250701,影视动漫,分手清单欧豪电影免费播放,356,20250701,9972
20250701,影视动漫,隐秘的兔仙,355,20250701,9973
20250701,影视动漫,叶罗丽精灵梦之月灵石,355,20250701,9974
20250701,影视动漫,宫锁珠帘,355,20250701,9975
20250701,影视动漫,冰冷热带鱼电影在线观看完整免费,355,20250701,9976
20250701,影视动漫,天空视频,355,20250701,9977
20250701,影视动漫,水果派解说,355,20250701,9978
20250701,影视动漫,公厕少年nasa动漫免费观看,355,20250701,9979
20250701,影视动漫,大奉打更人第二季,355,20250701,9980
20250701,影视动漫,挠女生脚心,355,20250701,9981
20250701,影视动漫,大侠霍元甲,355,20250701,9982
20250701,影视动漫,血战钢锯岭,355,20250701,9983
20250701,影视动漫,莫离电视剧免费观看全集高清,355,20250701,9984
20250701,影视动漫,一念永恒动漫第三季全集在线观看完整版高清,355,20250701,9985
20250701,影视动漫,月亮影观大全,355,20250701,9986
20250701,影视动漫,成全视频在线观看完整动画片,355,20250701,9987
20250701,影视动漫,李沁新剧《亲爱的你》,355,20250701,9988
20250701,影视动漫,c919内部视频,355,20250701,9989
20250701,影视动漫,春草电视剧免费全集完整版,355,20250701,9990
20250701,影视动漫,诸葛长苏短剧,355,20250701,9991
20250701,影视动漫,鬼吹灯十二部顺序,355,20250701,9992
20250701,影视动漫,XL上司第2季末增减,355,20250701,9993
20250701,影视动漫,遮天动漫在线观看完整版全集樱花,355,20250701,9994
20250701,影视动漫,做头,355,20250701,9995
20250701,影视动漫,日剧大尸度电影,355,20250701,9996
20250701,影视动漫,风雪无尽相思情免费观看,354,20250701,9997
20250701,影视动漫,七根心简猎豹扮演者,354,20250701,9998
20250701,影视动漫,快乐到死韩剧免费观看完整视频,354,20250701,9999
20260701,影视动漫,cctv5在线直播,328769,20260701,0
20260701,影视动漫,cctv5,97325,20260701,1
20260701,影视动漫,爱情有烟火的电视剧免费观看,88055,20260701,2
20260701,影视动漫,中央五台cctv5在线直播,86641,20260701,3
20260701,影视动漫,千香,77021,20260701,4
20260701,影视动漫,cctv5节目直播,65951,20260701,5
20260701,影视动漫,cctv5 在线直播观看正在直播,62717,20260701,6
20260701,影视动漫,CCTV5,61120,20260701,7
20260701,影视动漫,央视CCTV5直播,60847,20260701,8
20260701,影视动漫,cctv5-正在直播,58375,20260701,9
20260701,影视动漫,莫离 电视剧免费观看全集高清,57958,20260701,10
20260701,影视动漫,cctv5 节目表,57234,20260701,11
20260701,影视动漫,千香引在线观看电视剧,54909,20260701,12
20260701,影视动漫,昨夜将至电视剧全集免费观看下载,54029,20260701,13
20260701,影视动漫,爱情有烟火电视剧免费,51535,20260701,14
20260701,影视动漫,莫离电视剧,51373,20260701,15
20260701,影视动漫,检察官的提案,50449,20260701,16
20260701,影视动漫,昨夜将至,50128,20260701,17
20260701,影视动漫,炽夏电视剧在线看,48405,20260701,18
20260701,影视动漫,抖音,45677,20260701,19
20260701,影视动漫,问心2,45557,20260701,20
20260701,影视动漫,爱情契约泰剧免费观看,45253,20260701,21
20260701,影视动漫,南部档案,43001,20260701,22
20260701,影视动漫,爱情有烟火,39343,20260701,23
20260701,影视动漫,色戒,39172,20260701,24
20260701,影视动漫,四渡,35608,20260701,25
20260701,影视动漫,cctv5节目表,34680,20260701,26
20260701,影视动漫,cctv5直播,33751,20260701,27
20260701,影视动漫,cctv5 在线直播,31396,20260701,28
20260701,影视动漫,检察官的提案韩剧免费观看全集,30552,20260701,29
20260701,影视动漫,莫离电视剧免费观看全集,30351,20260701,30
20260701,影视动漫,炽夏电视剧,29650,20260701,31
20260701,影视动漫,高压监狱法国电影完整免费观看,28415,20260701,32
20260701,影视动漫,人间中毒,28326,20260701,33
20260701,影视动漫,问心2电视剧全集免费观看完整版,27853,20260701,34
20260701,影视动漫,中央CCTV5直播,27213,20260701,35
20260701,影视动漫,千香免费观看全集电视剧百度网,25440,20260701,36
20260701,影视动漫,电影,24821,20260701,37
20260701,影视动漫,法国空姐2019(多塞尔航空)抢先版百度,24505,20260701,38
20260701,影视动漫,昨夜将至电视剧免费观看全集完整版,23678,20260701,39
20260701,影视动漫,莫离在线电视剧免费观看全集高清,22923,20260701,40
20260701,影视动漫,爱情有烟火电视剧,22834,20260701,41
20260701,影视动漫,缘之空,22682,20260701,42
20260701,影视动漫,哔哩哔哩,22503,20260701,43
20260701,影视动漫,韩国电影,22173,20260701,44
20260701,影视动漫,金特务本色回归在线观看,21776,20260701,45
20260701,影视动漫,莫离,21571,20260701,46
20260701,影视动漫,CCTV5 在线直播(免费),21477,20260701,47
20260701,影视动漫,主角电视剧40集观看完整版高清,21457,20260701,48
20260701,影视动漫,cctv5直播观看正在直播,21303,20260701,49
20260701,影视动漫,问心2电视剧在线观看,20848,20260701,50
20260701,影视动漫,动漫,20742,20260701,51
20260701,影视动漫,云秀行,20345,20260701,52
20260701,影视动漫,入戏电视剧免费观看,20266,20260701,53
20260701,影视动漫,中央五套cctv5直播在线观看,19903,20260701,54
20260701,影视动漫,《炽夏》电视剧全集,18980,20260701,55
20260701,影视动漫,韩国电影在线高清免费观看完整版,18257,20260701,56
20260701,影视动漫,问心,18147,20260701,57
20260701,影视动漫,问心电视剧全集免费观看,17760,20260701,58
20260701,影视动漫,人间中毒韩剧在线完整观看,17757,20260701,59
20260701,影视动漫,金特务本色回归韩剧在线观看,17248,20260701,60
20260701,影视动漫,仙逆动漫在线观看完整版全集,17192,20260701,61
20260701,影视动漫,xl司令的动漫全集,17068,20260701,62
20260701,影视动漫,主角 电视剧,16357,20260701,63
20260701,影视动漫,knot泰剧在线播放,16354,20260701,64
20260701,影视动漫,甜蜜惩罚第一季在哪看全集动漫免费,16274,20260701,65
20260701,影视动漫,甜蜜惩罚第一季免费全集观看动漫,16097,20260701,66
20260701,影视动漫,家业电视剧1-40集完整版,15548,20260701,67
20260701,影视动漫,电视剧,15506,20260701,68
20260701,影视动漫,炽夏电视剧免费观看下载,15350,20260701,69
20260701,影视动漫,樱花动漫,14841,20260701,70
20260701,影视动漫,爱情有烟火电视剧在线观看免费版高清,14632,20260701,71
20260701,影视动漫,全职法师,14447,20260701,72
20260701,影视动漫,灵魂摆渡十年,14371,20260701,73
20260701,影视动漫,南部档案电视剧,14165,20260701,74
20260701,影视动漫,四渡赤水,13944,20260701,75
20260701,影视动漫,铁拳教育韩剧在线观看免费,13717,20260701,76
20260701,影视动漫,CCTv5十台节目表,13646,20260701,77
20260701,影视动漫,昨夜将至电视剧,13405,20260701,78
20260701,影视动漫,爱情有烟火在线观看免费完整版,13230,20260701,79
20260701,影视动漫,检察官的提案在线观看,13230,20260701,80
20260701,影视动漫,爱情有烟火电视剧免费观看完整版高清,13214,20260701,81
20260701,影视动漫,bilibili,13168,20260701,82
20260701,影视动漫,红杏,13145,20260701,83
20260701,影视动漫,隐藏的面孔,13030,20260701,84
20260701,影视动漫,炽夏电视剧在线观看,12968,20260701,85
20260701,影视动漫,偿还泰剧未删减在线观看完整版,12955,20260701,86
20260701,影视动漫,抓特务电影完整版免费,12675,20260701,87
20260701,影视动漫,爱情有烟火免费观看完整,12559,20260701,88
20260701,影视动漫,斩神之凡尘神域第二季,12396,20260701,89
20260701,影视动漫,入戏双男主电视剧免费观看完整版下载,12206,20260701,90
20260701,影视动漫,樱花动漫专门专注动漫的门户网站的进击的巨人,12060,20260701,91
20260701,影视动漫,在线观看免费版高清短剧,12044,20260701,92
20260701,影视动漫,炽夏 电视剧,12027,20260701,93
20260701,影视动漫,人人视频,11833,20260701,94
20260701,影视动漫,美女跳舞,11713,20260701,95
20260701,影视动漫,南部档案 电视剧,11698,20260701,96
20260701,影视动漫,爱情契约,11669,20260701,97
20260701,影视动漫,神马影院,11669,20260701,98
20260701,影视动漫,火影忍者,11580,20260701,99
20260701,影视动漫,入戏,11572,20260701,100
20260701,影视动漫,国产免费观看高清电视剧日剧在线,11550,20260701,101
20260701,影视动漫,最早的电影什么时候产生的,11487,20260701,102
20260701,影视动漫,莫离电视剧在线观看免费版,11365,20260701,103
20260701,影视动漫,生命树免费观看全集电视,11358,20260701,104
20260701,影视动漫,老牛影院在线观看电视剧百度云,11325,20260701,105
20260701,影视动漫,鬼灭之刃,11264,20260701,106
20260701,影视动漫,沉默的荣耀1-40集全免费,11260,20260701,107
20260701,影视动漫,僵尸,11235,20260701,108
20260701,影视动漫,昨夜将至电视剧免费播放,11232,20260701,109
20260701,影视动漫,抖漫,11221,20260701,110
20260701,影视动漫,昨夜将至免费观看全集完整版,11117,20260701,111
20260701,影视动漫,快手,11110,20260701,112
20260701,影视动漫,莫离电视剧免费观看全集高清,11098,20260701,113
20260701,影视动漫,cctv1中央一台直播,11004,20260701,114
20260701,影视动漫,主角,10917,20260701,115
20260701,影视动漫,在线观看,10877,20260701,116
20260701,影视动漫,昨夜将至电视剧全集免费观看高清,10850,20260701,117
20260701,影视动漫,抓特务,10784,20260701,118
20260701,影视动漫,西瓜视频,10725,20260701,119
20260701,影视动漫,法国航空在线观看完整版,10706,20260701,120
20260701,影视动漫,爱情有烟火免费观看全集电视剧,10703,20260701,121
20260701,影视动漫,youtube,10579,20260701,122
20260701,影视动漫,无颜之月在线观看完整版电视剧免费高清韩剧,10331,20260701,123
20260701,影视动漫,耀眼电视剧高清免费观看在线观看,10177,20260701,124
20260701,影视动漫,喜欢你我也是6季,10161,20260701,125
20260701,影视动漫,铁拳教育,10029,20260701,126
20260701,影视动漫,爱情有烟火热度,9954,20260701,127
20260701,影视动漫,黄冈B站,9913,20260701,128
20260701,影视动漫,抖音网页版,9881,20260701,129
20260701,影视动漫,cctv5,9761,20260701,130
20260701,影视动漫,色戒电影,9609,20260701,131
20260701,影视动漫,在线观看免费完整电视剧大全,9594,20260701,132
20260701,影视动漫,看片,9540,20260701,133
20260701,影视动漫,《千香》免费观看全集电视剧百度网,9486,20260701,134
20260701,影视动漫,四渡电影,9448,20260701,135
20260701,影视动漫,甄嬛传,9446,20260701,136
20260701,影视动漫,森中有林,9333,20260701,137
20260701,影视动漫,生命树,9277,20260701,138
20260701,影视动漫,《昨夜将至》电视剧,9252,20260701,139
20260701,影视动漫,甄嬛传全集76集免费,9250,20260701,140
20260701,影视动漫,吞噬星空在线观看免费高清完整版在线观看明星大侦探,9249,20260701,141
20260701,影视动漫,央视频,9248,20260701,142
20260701,影视动漫,6080,9181,20260701,143
20260701,影视动漫,斗罗大陆,9172,20260701,144
20260701,影视动漫,半熟恋人第5季免费观看全集在线,9144,20260701,145
20260701,影视动漫,一路向西,9095,20260701,146
20260701,影视动漫,逆天邪神,9055,20260701,147
20260701,影视动漫,《昨夜将至》电视剧在线观看,9039,20260701,148
20260701,影视动漫,心口不一泰剧全集,8858,20260701,149
20260701,影视动漫,奔跑吧第十四季,8849,20260701,150
20260701,影视动漫,凡人修仙传动漫全集在线观看,8800,20260701,151
20260701,影视动漫,地球超新鲜 2,8699,20260701,152
20260701,影视动漫,翘楚免费观看高清电视剧,8518,20260701,153
20260701,影视动漫,年轻的小姨3电视剧免费观看全集在线天才酷客游戏,8458,20260701,154
20260701,影视动漫,日剧韩剧大片在线观看大全,8443,20260701,155
20260701,影视动漫,千香在线观看电视剧,8399,20260701,156
20260701,影视动漫,《老板娘2》完整版,8393,20260701,157
20260701,影视动漫,樱花视频,8376,20260701,158
20260701,影视动漫,凡人修仙传,8374,20260701,159
20260701,影视动漫,cctv13新闻频道在线直播观看,8346,20260701,160
20260701,影视动漫,千香电视剧免费观看全集高清202614集,8336,20260701,161
20260701,影视动漫,视频,8268,20260701,162
20260701,影视动漫,爱情有烟火电视剧免费高清在线观看,8203,20260701,163
20260701,影视动漫,韩剧,8195,20260701,164
20260701,影视动漫,cctv,8147,20260701,165
20260701,影视动漫,霜花店,8136,20260701,166
20260701,影视动漫,炽夏电视剧免费观看,8106,20260701,167
20260701,影视动漫,gogogo免费完整国语版,8090,20260701,168
20260701,影视动漫,织夏电视剧免费观看全集,8030,20260701,169
20260701,影视动漫,星辰影院,7995,20260701,170
20260701,影视动漫,亲嘴视频,7984,20260701,171
20260701,影视动漫,爸爸当家第五季,7981,20260701,172
20260701,影视动漫,斩神之凡尘神域2,7950,20260701,173
20260701,影视动漫,爱情契约电视剧完整版在线观看,7912,20260701,174
20260701,影视动漫,食物链,7908,20260701,175
20260701,影视动漫,四渡 电影,7866,20260701,176
20260701,影视动漫,半熟恋人第五季全集免费播放,7812,20260701,177
20260701,影视动漫,《主角》电视剧,7810,20260701,178
20260701,影视动漫,炽夏第29集全集观看,7794,20260701,179
20260701,影视动漫,金特务本色回归,7777,20260701,180
20260701,影视动漫,斯巴达克斯,7769,20260701,181
20260701,影视动漫,憧憬成为魔法少女,7764,20260701,182
20260701,影视动漫,中央cctv5直播,7763,20260701,183
20260701,影视动漫,动漫共和国,7743,20260701,184
20260701,影视动漫,快播,7740,20260701,185
20260701,影视动漫,漂亮的小姨韩剧免费观看完整版电视剧在线观看,7737,20260701,186
20260701,影视动漫,神马电影,7723,20260701,187
20260701,影视动漫,妻子的秘密,7706,20260701,188
20260701,影视动漫,金牌影院,7699,20260701,189
20260701,影视动漫,沉默的荣耀,7643,20260701,190
20260701,影视动漫,光棍影院,7602,20260701,191
20260701,影视动漫,主角1-40集完整版,7480,20260701,192
20260701,影视动漫,生命树电视剧免费观看全集高清,7336,20260701,193
20260701,影视动漫,火遮眼,7314,20260701,194
20260701,影视动漫,中文版字幕在线观看电视剧百度云,7306,20260701,195
20260701,影视动漫,遮天动漫观看完整版,7304,20260701,196
20260701,影视动漫,吻戏,7301,20260701,197
20260701,影视动漫,青梅竹马是消防员第一季动漫无删减版百度网盘,7283,20260701,198
20260701,影视动漫,抖音下载官方正版安装,7281,20260701,199
20260701,影视动漫,昨夜将至电视剧全集免费观,7252,20260701,200
20260701,影视动漫,入戏双男主电视剧免费观看完整版,7246,20260701,201
20260701,影视动漫,囧次元,7243,20260701,202
20260701,影视动漫,结缘泰剧免费全集,7229,20260701,203
20260701,影视动漫,免费b站看大片真人电视剧免费,7226,20260701,204
20260701,影视动漫,叔叔来教你1—80集免费观看全集百度,7197,20260701,205
20260701,影视动漫,新闻联播,7158,20260701,206
20260701,影视动漫,菲律宾电影,7153,20260701,207
20260701,影视动漫,缘之空在线观看完整版电视剧免费高清韩剧,7111,20260701,208
20260701,影视动漫,麻花传剧原创mv免费观看全集高清百度网盘,7042,20260701,209
20260701,影视动漫,偿还泰剧在线观看完整版,7017,20260701,210
20260701,影视动漫,《爱情有烟火》在线观看,7000,20260701,211
20260701,影视动漫,日本电影,6991,20260701,212
20260701,影视动漫,昨夜将至电视剧免费观看全集,6989,20260701,213
20260701,影视动漫,"挣扎吧,亚当君第一季",6983,20260701,214
20260701,影视动漫,韩国大片,6913,20260701,215
20260701,影视动漫,甜蜜惩罚1季全集完整,6826,20260701,216
20260701,影视动漫,问心2在线观看免费,6808,20260701,217
20260701,影视动漫,在线观看免费完整版的电视剧,6784,20260701,218
20260701,影视动漫,炽夏电视剧在线看全集免费,6777,20260701,219
20260701,影视动漫,血恋,6758,20260701,220
20260701,影视动漫,低智商犯罪电视剧,6723,20260701,221
20260701,影视动漫,好好的时光电视剧视频全集,6693,20260701,222
20260701,影视动漫,翘楚电视剧免费观看全集完整版高清下载百度云,6662,20260701,223
20260701,影视动漫,给阿嬷的情书免费观看电影完整版潮汕话,6567,20260701,224
20260701,影视动漫,韩剧免费大片在线观看,6476,20260701,225
20260701,影视动漫,樱桃视频,6446,20260701,226
20260701,影视动漫,迷墙电视剧免费观看全集完整版高清,6440,20260701,227
20260701,影视动漫,夏日暗涌,6344,20260701,228
20260701,影视动漫,爱情睡醒了电视剧全集在线观看,6341,20260701,229
20260701,影视动漫,西瓜视频免费,6322,20260701,230
20260701,影视动漫,魔鬼恋人,6300,20260701,231
20260701,影视动漫,中央CCTV5十节目,6293,20260701,232
20260701,影视动漫,我的漂亮姐姐,6261,20260701,233
20260701,影视动漫,《南部档案》电视剧,6258,20260701,234
20260701,影视动漫,在线观看电影,6232,20260701,235
20260701,影视动漫,CCTV5直播,6218,20260701,236
20260701,影视动漫,凡人修仙传动漫,6200,20260701,237
20260701,影视动漫,cctv5 节目直播,6195,20260701,238
20260701,影视动漫,枫与铃第一季在线观看免费全集电视剧百度网盘,6154,20260701,239
20260701,影视动漫,问心第二季,6080,20260701,240
20260701,影视动漫,莫离电视剧在线观看免费版全集,6005,20260701,241
20260701,影视动漫,免费电影,5937,20260701,242
20260701,影视动漫,四渡赤水简介,5923,20260701,243
20260701,影视动漫,迷墙,5922,20260701,244
20260701,影视动漫,CCTV5在线直播(免费),5915,20260701,245
20260701,影视动漫,开始推理吧第四季全集免费观看高清,5899,20260701,246
20260701,影视动漫,cctv5体育直播,5880,20260701,247
20260701,影视动漫,校园之外,5867,20260701,248
20260701,影视动漫,樱花动漫专门专注动漫的门户网站,5858,20260701,249
20260701,影视动漫,心口不一泰剧免费观看全集完整版,5819,20260701,250
20260701,影视动漫,CCTV5在线直播,5812,20260701,251
20260701,影视动漫,acfan,5807,20260701,252
20260701,影视动漫,星空影院,5758,20260701,253
20260701,影视动漫,主角电视剧48集完整版视频,5757,20260701,254
20260701,影视动漫,《莫离》电视剧,5750,20260701,255
20260701,影视动漫,韩国电影片,5740,20260701,256
20260701,影视动漫,吻戏视频,5696,20260701,257
20260701,影视动漫,主角电视连续剧完整版高清,5667,20260701,258
20260701,影视动漫,CCTV,5666,20260701,259
20260701,影视动漫,良陈美锦电视剧,5655,20260701,260
20260701,影视动漫,春山境双男主免费观看电视剧,5654,20260701,261
20260701,影视动漫,gogogo高清免费观看电视剧一百度大生,5636,20260701,262
20260701,影视动漫,打屁股,5608,20260701,263
20260701,影视动漫,寒武纪,5605,20260701,264
20260701,影视动漫,不忠,5594,20260701,265
20260701,影视动漫,后室,5578,20260701,266
20260701,影视动漫,抖音极速版,5552,20260701,267
20260701,影视动漫,特立独行电影免费观看完整版高清国语下载,5525,20260701,268
20260701,影视动漫,秋霞电影网,5499,20260701,269
20260701,影视动漫,莫离1-40集免费观看,5498,20260701,270
20260701,影视动漫,中央电视台一套直播,5466,20260701,271
20260701,影视动漫,小猪佩奇全集免费观看,5454,20260701,272
20260701,影视动漫,霜花店韩剧在线观看,5438,20260701,273
20260701,影视动漫,小巷人家 电视剧,5438,20260701,274
20260701,影视动漫,问心2电视剧全集免费观看,5428,20260701,275
20260701,影视动漫,在线电影,5425,20260701,276
20260701,影视动漫,终极笔记 电视剧,5411,20260701,277
20260701,影视动漫,cctv1在线直播,5411,20260701,278
20260701,影视动漫,海贼王,5407,20260701,279
20260701,影视动漫,CCTV5体育频道,5384,20260701,280
20260701,影视动漫,金特务,5382,20260701,281
20260701,影视动漫,姐妹4,5361,20260701,282
20260701,影视动漫,快手极速版,5329,20260701,283
20260701,影视动漫,主角 电视剧高清完整版,5290,20260701,284
20260701,影视动漫,电视剧《主角》完整版观看,5265,20260701,285
20260701,影视动漫,翘楚,5259,20260701,286
20260701,影视动漫,迷墙电视剧免费观看全集高清,5256,20260701,287
20260701,影视动漫,太平年,5247,20260701,288
20260701,影视动漫,快手下载,5245,20260701,289
20260701,影视动漫,给阿嬷的情书,5245,20260701,290
20260701,影视动漫,少女潘金莲,5235,20260701,291
20260701,影视动漫,太平年电视剧在线看完整版,5230,20260701,292
20260701,影视动漫,无耻之徒,5220,20260701,293
20260701,影视动漫,西游记第十九回什么生肖,5203,20260701,294
20260701,影视动漫,美景之屋,5187,20260701,295
20260701,影视动漫,奸臣,5182,20260701,296
20260701,影视动漫,灯草和尚电影国语高清完整版高清修复画质,5178,20260701,297
20260701,影视动漫,《爱情有烟火》免费观看,5161,20260701,298
20260701,影视动漫,人民的名义全集免费播放在线观看,5147,20260701,299
20260701,影视动漫,伦理电影,5112,20260701,300
20260701,影视动漫,斗罗大陆1全集免费观看完整版,5105,20260701,301
20260701,影视动漫,千香电视剧,5097,20260701,302
20260701,影视动漫,亢奋,5083,20260701,303
20260701,影视动漫,莫离1-40集全免费观看,5082,20260701,304
20260701,影视动漫,地球超新鲜2026第二季免费观看完整版高清,5081,20260701,305
20260701,影视动漫,爱情有烟火 电视剧,5064,20260701,306
20260701,影视动漫,日剧《卖房子的女人》,5060,20260701,307
20260701,影视动漫,CCTV5,5054,20260701,308
20260701,影视动漫,开始推理吧第四季,5052,20260701,309
20260701,影视动漫,炽夏电视剧免费观看全集,5051,20260701,310
20260701,影视动漫,爱情有烟火免费观看全集,5047,20260701,311
20260701,影视动漫,喜欢你我也是第6季免费观看全集,5046,20260701,312
20260701,影视动漫,功夫女足,5045,20260701,313
20260701,影视动漫,三国演义,5033,20260701,314
20260701,影视动漫,千香电视剧全集免费观看高清2025,5031,20260701,315
20260701,影视动漫,牧神记在线观看,5031,20260701,316
20260701,影视动漫,昨夜将至电视剧免费播放在线观看,5029,20260701,317
20260701,影视动漫,虎牙直播,5026,20260701,318
20260701,影视动漫,问心2在线观看免费高清,5009,20260701,319
20260701,影视动漫,月鳞绮纪电视剧免费观看完整版,4999,20260701,320
20260701,影视动漫,XL上司令第一季免费观看最新,4982,20260701,321
20260701,影视动漫,昨夜将至免费全集观看,4977,20260701,322
20260701,影视动漫,明明是个碍事配角、却被王子给宠爱了动漫,4949,20260701,323
20260701,影视动漫,昨夜将至剧情介绍,4932,20260701,324
20260701,影视动漫,青青河边草免费完整版观看,4919,20260701,325
20260701,影视动漫,藏海传电视剧在线观看,4907,20260701,326
20260701,影视动漫,同学聚会2,4900,20260701,327
20260701,影视动漫,逐玉 电视剧,4875,20260701,328
20260701,影视动漫,cctv5在线直播观看,4866,20260701,329
20260701,影视动漫,陈翔六点半,4855,20260701,330
20260701,影视动漫,神马影院电视剧免费观看完整版是什么软件爱神派对,4850,20260701,331
20260701,影视动漫,无人车站,4848,20260701,332
20260701,影视动漫,抓特务票房,4845,20260701,333
20260701,影视动漫,千香 电视剧,4818,20260701,334
20260701,影视动漫,旷野烈风短剧全集免费观看,4816,20260701,335
20260701,影视动漫,西游记,4802,20260701,336
20260701,影视动漫,灵魂摆渡十年在线观看,4795,20260701,337
20260701,影视动漫,盗墓笔记,4776,20260701,338
20260701,影视动漫,爱奇艺,4775,20260701,339
20260701,影视动漫,借种 灭门惨案2 在线看,4775,20260701,340
20260701,影视动漫,问心2剧情介绍,4768,20260701,341
20260701,影视动漫,韩国电影在线高清免费观看完整版韩剧TV,4767,20260701,342
20260701,影视动漫,电影天堂,4758,20260701,343
20260701,影视动漫,特立独行,4731,20260701,344
20260701,影视动漫,悬案 电视剧,4730,20260701,345
20260701,影视动漫,神印王座,4683,20260701,346
20260701,影视动漫,森中有林电视剧在线观看全集免费,4663,20260701,347
20260701,影视动漫,隐藏的面孔在线观看完整版,4659,20260701,348
20260701,影视动漫,春山境双男主台剧在线观看,4658,20260701,349
20260701,影视动漫,电视剧《问心2》免费观看,4656,20260701,350
20260701,影视动漫,搞笑视频,4647,20260701,351
20260701,影视动漫,一路向西完整版视频在线看,4635,20260701,352
20260701,影视动漫,莫离电视剧在线观看高清免费版,4630,20260701,353
20260701,影视动漫,四渡电影演员表,4587,20260701,354
20260701,影视动漫,千香电视剧免费观看,4585,20260701,355
20260701,影视动漫,沉默的荣耀 电视剧免费观看全集,4585,20260701,356
20260701,影视动漫,《爱情有烟火》,4583,20260701,357
20260701,影视动漫,南部档案免费观看,4582,20260701,358
20260701,影视动漫,票房,4581,20260701,359
20260701,影视动漫,南部档案演员表,4570,20260701,360
20260701,影视动漫,出轨2,4570,20260701,361
20260701,影视动漫,中央CCTV5 直播,4568,20260701,362
20260701,影视动漫,片子,4559,20260701,363
20260701,影视动漫,检查官的提案韩剧在线观看,4531,20260701,364
20260701,影视动漫,种墨园电视剧免费观看,4525,20260701,365
20260701,影视动漫,中央CCTV5十节目预告,4525,20260701,366
20260701,影视动漫,莫离电视剧在线观看全集高清,4513,20260701,367
20260701,影视动漫,熊出没,4493,20260701,368
20260701,影视动漫,南部档案馆电视剧在线观看,4486,20260701,369
20260701,影视动漫,我们的宿舍,4464,20260701,370
20260701,影视动漫,赶尸艳谭,4449,20260701,371
20260701,影视动漫,中央电视台,4446,20260701,372
20260701,影视动漫,图书馆的女朋友观看动漫完整免费版电视剧,4429,20260701,373
20260701,影视动漫,好想做一次美剧第一季在线观看中英双语,4426,20260701,374
20260701,影视动漫,抖音官网,4421,20260701,375
20260701,影视动漫,镖人风起大漠免费观看完整版,4415,20260701,376
20260701,影视动漫,生命树1-40集全免费观看,4408,20260701,377
20260701,影视动漫,种墨园,4401,20260701,378
20260701,影视动漫,问心2演员表,4396,20260701,379
20260701,影视动漫,体育直播cctv5直播在线观看,4393,20260701,380
20260701,影视动漫,南部档案电视剧免费观看,4385,20260701,381
20260701,影视动漫,白鹿原电视剧免费全集在线播放,4383,20260701,382
20260701,影视动漫,莫离电视剧免费观看全集在线播放,4374,20260701,383
20260701,影视动漫,哥布林洞窟在线观看免费全集第一季樱App下载,4372,20260701,384
20260701,影视动漫,炽夏在线观看,4360,20260701,385
20260701,影视动漫,麻花传剧原创mv免费观看高清下载百度,4357,20260701,386
20260701,影视动漫,韩剧《邻家女孩》在线观看全集,4356,20260701,387
20260701,影视动漫,中文在线电视剧字幕播放百度,4352,20260701,388
20260701,影视动漫,千香引电视剧全集,4337,20260701,389
20260701,影视动漫,校园之外美剧第一季无删减在线看,4315,20260701,390
20260701,影视动漫,欢乐树,4312,20260701,391
20260701,影视动漫,镖人,4298,20260701,392
20260701,影视动漫,你好星期六综艺免费观看完整版,4294,20260701,393
20260701,影视动漫,斯巴达斯克,4293,20260701,394
20260701,影视动漫,斗破苍穹年番动漫,4234,20260701,395
20260701,影视动漫,《租借女友》动漫第一季,4231,20260701,396
20260701,影视动漫,加勒比女海盗,4229,20260701,397
20260701,影视动漫,美丽的小蜜桃,4225,20260701,398
20260701,影视动漫,花开如梦 电视剧,4196,20260701,399
20260701,影视动漫,电影《亢奋》免费观看,4190,20260701,400
20260701,影视动漫,今日说法,4189,20260701,401
20260701,影视动漫,主角48集完整版,4174,20260701,402
20260701,影视动漫,腾讯视频,4173,20260701,403
20260701,影视动漫,电影大片,4168,20260701,404
20260701,影视动漫,琢玉电视剧免费观看全集高清,4161,20260701,405
20260701,影视动漫,"余生,请多指教 电视剧",4149,20260701,406
20260701,影视动漫,央视直播,4141,20260701,407
20260701,影视动漫,我是刑警 电视剧,4127,20260701,408
20260701,影视动漫,罪恶之渊动漫免费观看全集高清版,4105,20260701,409
20260701,影视动漫,韩国爱情电影在线高清免费观看完整版韩剧TV,4100,20260701,410
20260701,影视动漫,胡乱的深见君动漫结局1-8不打吗百度网盘,4100,20260701,411
20260701,影视动漫,非法之罪港剧在线观看,4095,20260701,412
20260701,影视动漫,初恋时间动漫1~6全集,4085,20260701,413
20260701,影视动漫,爱情有烟火所有演员表,4081,20260701,414
20260701,影视动漫,中文在线字幕免费高清电视剧日剧动,4075,20260701,415
20260701,影视动漫,五哈第六季免费观看完整版,4070,20260701,416
20260701,影视动漫,"亲爱的,热爱的 电视剧",4068,20260701,417
20260701,影视动漫,美丽小蜜蜂2美剧HD版在线播放,4066,20260701,418
20260701,影视动漫,CCTV5今天节目单,4064,20260701,419
20260701,影视动漫,昨夜将至电视剧免费观看江疏影,4058,20260701,420
20260701,影视动漫,中央五台直播在线观看直播,4050,20260701,421
20260701,影视动漫,斗罗大陆2绝世唐门完整版,4035,20260701,422
20260701,影视动漫,cctv5今天直播,4019,20260701,423
20260701,影视动漫,仙逆动漫在线播放完整版,4012,20260701,424
20260701,影视动漫,免费看片,4011,20260701,425
20260701,影视动漫,潜伏电视剧免费观看完整版,4008,20260701,426
20260701,影视动漫,翘楚电视剧,4000,20260701,427
20260701,影视动漫,直播cctv5在线观看,3995,20260701,428
20260701,影视动漫,成全在高清完整版,3971,20260701,429
20260701,影视动漫,YouTube,3971,20260701,430
20260701,影视动漫,cctv5体育频道直播,3952,20260701,431
20260701,影视动漫,低智商犯罪,3951,20260701,432
20260701,影视动漫,中央一台cctv 1在线直播,3950,20260701,433
20260701,影视动漫,《主角》1-48集完整视频,3949,20260701,434
20260701,影视动漫,地下偶像 动漫,3947,20260701,435
20260701,影视动漫,吾岸,3941,20260701,436
20260701,影视动漫,偿还,3916,20260701,437
20260701,影视动漫,检察官的提案韩剧,3908,20260701,438
20260701,影视动漫,法国空姐电影,3899,20260701,439
20260701,影视动漫,僧侣之夜动漫全集免费观看百度,3883,20260701,440
20260701,影视动漫,洗屋先生,3878,20260701,441
20260701,影视动漫,听说你喜欢我 电视剧,3861,20260701,442
20260701,影视动漫,免费视频,3854,20260701,443
20260701,影视动漫,南部档案在线观看,3854,20260701,444
20260701,影视动漫,最早的电影出现在什么时候,3844,20260701,445
20260701,影视动漫,雨霖铃电视剧,3844,20260701,446
20260701,影视动漫,金鹰奖投票入口,3843,20260701,447
20260701,影视动漫,上流社会,3837,20260701,448
20260701,影视动漫,入戏电视剧,3834,20260701,449
20260701,影视动漫,cCTv5十现场直播,3830,20260701,450
20260701,影视动漫,西瓜影院,3812,20260701,451
20260701,影视动漫,如懿传,3801,20260701,452
20260701,影视动漫,苹果电影,3787,20260701,453
20260701,影视动漫,cctv1,3785,20260701,454
20260701,影视动漫,cctv1中央一台直播在线观看,3773,20260701,455
20260701,影视动漫,好想做一次,3772,20260701,456
20260701,影视动漫,金特务 本色回归,3772,20260701,457
20260701,影视动漫,南部档案馆免费全集,3770,20260701,458
20260701,影视动漫,中央cctv5 节目表,3767,20260701,459
20260701,影视动漫,家业,3742,20260701,460
20260701,影视动漫,玩具总动员,3742,20260701,461
20260701,影视动漫,外出2,3740,20260701,462
20260701,影视动漫,短剧,3734,20260701,463
20260701,影视动漫,哈利波特,3734,20260701,464
20260701,影视动漫,飞驰人生3,3733,20260701,465
20260701,影视动漫,cctv5央视直播,3716,20260701,466
20260701,影视动漫,三年高清在线观看,3701,20260701,467
20260701,影视动漫,光渊免费观看完整版,3699,20260701,468
20260701,影视动漫,主角演员表,3698,20260701,469
20260701,影视动漫,鬼父免费观看第9集高清完整版-动漫商后,3691,20260701,470
20260701,影视动漫,电视剧爱情有烟火,3683,20260701,471
20260701,影视动漫,苍井空电影,3680,20260701,472
20260701,影视动漫,爱情有烟火电视剧在线观看全集免费高清,3679,20260701,473
20260701,影视动漫,莫离电视剧在线观看免费完整版,3677,20260701,474
20260701,影视动漫,婚前试爱,3675,20260701,475
20260701,影视动漫,铁拳教育韩剧,3672,20260701,476
20260701,影视动漫,中央五套cctv5直播,3671,20260701,477
20260701,影视动漫,成全影视免费高清全集全集,3670,20260701,478
20260701,影视动漫,白色橄榄树 电视剧,3667,20260701,479
20260701,影视动漫,《莫离》40集免费观看,3665,20260701,480
20260701,影视动漫,中央广播电视总台,3664,20260701,481
20260701,影视动漫,抖音充值,3648,20260701,482
20260701,影视动漫,这是我的西游第二季在线观看,3646,20260701,483
20260701,影视动漫,CCTV5现场直播,3645,20260701,484
20260701,影视动漫,中央五套节目表,3642,20260701,485
20260701,影视动漫,狂飙,3623,20260701,486
20260701,影视动漫,逐玉电视剧40集完整无删减策驰影院,3622,20260701,487
20260701,影视动漫,天定良元双男主在线观看全集,3618,20260701,488
20260701,影视动漫,21世纪大君夫人,3614,20260701,489
20260701,影视动漫,低智商犯罪1-24集完整版,3609,20260701,490
20260701,影视动漫,斗破苍穹年番动漫在线播放,3594,20260701,491
20260701,影视动漫,斗鱼,3593,20260701,492
20260701,影视动漫,成何体统在线全集高清完整版,3592,20260701,493
20260701,影视动漫,仙逆,3590,20260701,494
20260701,影视动漫,爱情有烟火电视剧免费观看,3585,20260701,495
20260701,影视动漫,花吻在上,3584,20260701,496
20260701,影视动漫,莫离1-40集免费完整版,3580,20260701,497
20260701,影视动漫,夏与箱,3573,20260701,498
20260701,影视动漫,欧美剧情电视剧在线观看,3573,20260701,499
20260701,影视动漫,莫离 电视剧,3570,20260701,500
20260701,影视动漫,云秀行电视连续剧免费观看,3568,20260701,501
20260701,影视动漫,爱情有烟火百度百科,3564,20260701,502
20260701,影视动漫,青柠影院电视剧免费播放视频,3551,20260701,503
20260701,影视动漫,爱情有烟火演员表,3536,20260701,504
20260701,影视动漫,一路向西在线观看,3535,20260701,505
20260701,影视动漫,再见十八班,3531,20260701,506
20260701,影视动漫,罚罪2电视剧全集免费播放,3528,20260701,507
20260701,影视动漫,美女视频,3528,20260701,508
20260701,影视动漫,暴躁老妈1-46集免费观看百度网盘,3527,20260701,509
20260701,影视动漫,泰剧,3513,20260701,510
20260701,影视动漫,女生宿舍2,3502,20260701,511
20260701,影视动漫,《炽夏》电视剧在线观看,3494,20260701,512
20260701,影视动漫,潘金莲,3492,20260701,513
20260701,影视动漫,人间中毒电影在线观看完整版全集高清,3491,20260701,514
20260701,影视动漫,逆爱,3470,20260701,515
20260701,影视动漫,终极笔记,3464,20260701,516
20260701,影视动漫,实时票房,3460,20260701,517
20260701,影视动漫,金特务:本色回归,3454,20260701,518
20260701,影视动漫,魔道祖师,3449,20260701,519
20260701,影视动漫,相亲对象是问题学生樱花动漫,3448,20260701,520
20260701,影视动漫,花与蛇,3447,20260701,521
20260701,影视动漫,看生活片,3446,20260701,522
20260701,影视动漫,爱情契约泰剧,3442,20260701,523
20260701,影视动漫,地球超新鲜第二季,3434,20260701,524
20260701,影视动漫,逐玉,3432,20260701,525
20260701,影视动漫,地球超新鲜2,3426,20260701,526
20260701,影视动漫,中文在线电视剧字幕版免费播放百度,3424,20260701,527
20260701,影视动漫,夏妻第一集在线全集免费观看,3418,20260701,528
20260701,影视动漫,黑帮老大365 第二季,3411,20260701,529
20260701,影视动漫,昨夜将至 电视剧,3407,20260701,530
20260701,影视动漫,耀眼,3406,20260701,531
20260701,影视动漫,生命树电视剧在线观看全集免费高清,3405,20260701,532
20260701,影视动漫,www.555dy.cn免费网站查询工具,3404,20260701,533
20260701,影视动漫,问心电视剧免费播放完整版高清,3402,20260701,534
20260701,影视动漫,密爱,3401,20260701,535
20260701,影视动漫,电影网,3395,20260701,536
20260701,影视动漫,直播,3390,20260701,537
20260701,影视动漫,韩剧网,3383,20260701,538
20260701,影视动漫,CCTV5-正在直播,3380,20260701,539
20260701,影视动漫,出轨,3378,20260701,540
20260701,影视动漫,汪汪队立大功全集免费,3378,20260701,541
20260701,影视动漫,抖音客服电话24小时人工服务热线,3374,20260701,542
20260701,影视动漫,CCTV5节目表,3373,20260701,543
20260701,影视动漫,哥布林的巢穴1~4集完整版未删减百度云下载,3370,20260701,544
20260701,影视动漫,茶杯狐,3367,20260701,545
20260701,影视动漫,难哄电视剧在线观看,3363,20260701,546
20260701,影视动漫,星空影视,3359,20260701,547
20260701,影视动漫,香蜜沉沉烬如霜电视剧在线观看免费版,3349,20260701,548
20260701,影视动漫,欧美大片,3345,20260701,549
20260701,影视动漫,韩国电影在线观看,3340,20260701,550
20260701,影视动漫,千香电视剧鞠婧祎,3338,20260701,551
20260701,影视动漫,中央一台cctv1在线直播,3335,20260701,552
20260701,影视动漫,铁拳教育 电视剧,3334,20260701,553
20260701,影视动漫,非份之罪,3325,20260701,554
20260701,影视动漫,亢奋第一季在线观看免费全集电视剧高清,3316,20260701,555
20260701,影视动漫,回复术士的重来人生,3315,20260701,556
20260701,影视动漫,人与动物,3310,20260701,557
20260701,影视动漫,奥特曼,3302,20260701,558
20260701,影视动漫,CCTV1,3299,20260701,559
20260701,影视动漫,央视,3292,20260701,560
20260701,影视动漫,入戏电视剧双男主,3290,20260701,561
20260701,影视动漫,亲亲抱抱捏捏,3282,20260701,562
20260701,影视动漫,韩剧《她很漂亮》,3271,20260701,563
20260701,影视动漫,延禧攻略 电视剧,3269,20260701,564
20260701,影视动漫,四渡赤水电影高清在线观看,3268,20260701,565
20260701,影视动漫,老九门,3266,20260701,566
20260701,影视动漫,《炽夏》,3263,20260701,567
20260701,影视动漫,斩神第二季,3254,20260701,568
20260701,影视动漫,问心1电视剧全集免费观看高清,3242,20260701,569
20260701,影视动漫,偿还泰剧,3239,20260701,570
20260701,影视动漫,小蓝视频,3235,20260701,571
20260701,影视动漫,最新电影,3226,20260701,572
20260701,影视动漫,咪咕视频,3218,20260701,573
20260701,影视动漫,电影《拥挤的房间》,3216,20260701,574
20260701,影视动漫,爱情有烟火40集免费看,3215,20260701,575
20260701,影视动漫,高压监狱电影,3210,20260701,576
20260701,影视动漫,电影《戒指》免费观看高清版全集国语,3189,20260701,577
20260701,影视动漫,CCTV5天下足球,3180,20260701,578
20260701,影视动漫,半熟恋人第五季,3179,20260701,579
20260701,影视动漫,我的人间烟火电视剧全集免费观看,3179,20260701,580
20260701,影视动漫,免费视频在线观看的网站,3178,20260701,581
20260701,影视动漫,中央五台节目表,3172,20260701,582
20260701,影视动漫,炽夏电视剧免费观看全集高清,3157,20260701,583
20260701,影视动漫,电视剧推荐2026热播的剧,3155,20260701,584
20260701,影视动漫,桃恋者双男主泰剧,3153,20260701,585
20260701,影视动漫,日剧,3145,20260701,586
20260701,影视动漫,痴迷2026恐怖片在线观看,3137,20260701,587
20260701,影视动漫,免费观看,3135,20260701,588
20260701,影视动漫,少女2美国,3132,20260701,589
20260701,影视动漫,公民义警电影完整版在线观看,3130,20260701,590
20260701,影视动漫,爱看机器人,3128,20260701,591
20260701,影视动漫,牧神记在线观看免费高清,3126,20260701,592
20260701,影视动漫,爱的色放,3119,20260701,593
20260701,影视动漫,中餐厅十季,3110,20260701,594
20260701,影视动漫,金瓶儿电视剧全集在线观看免费,3101,20260701,595
20260701,影视动漫,无尽的尽头 电视剧,3093,20260701,596
20260701,影视动漫,激情戏,3090,20260701,597
20260701,影视动漫,检查官室的提案韩剧在线观看全集,3087,20260701,598
20260701,影视动漫,甄嬛传电视剧免费版全集在线观看高清百度云,3087,20260701,599
20260701,影视动漫,赶尸艳谈,3085,20260701,600
20260701,影视动漫,成何体统,3083,20260701,601
20260701,影视动漫,免费观看电视剧连续剧大全,3079,20260701,602
20260701,影视动漫,青苹果影院,3078,20260701,603
20260701,影视动漫,镖人:风起大漠 电影,3077,20260701,604
20260701,影视动漫,延禧攻略,3071,20260701,605
20260701,影视动漫,家业 电视剧,3058,20260701,606
20260701,影视动漫,逐玉电视连续剧40集,3054,20260701,607
20260701,影视动漫,南洋档案全集免费观看,3054,20260701,608
20260701,影视动漫,我的妈妈,3054,20260701,609
20260701,影视动漫,《南部档案》,3051,20260701,610
20260701,影视动漫,日漫,3050,20260701,611
20260701,影视动漫,死亡笔记,3044,20260701,612
20260701,影视动漫,法国空姐2,3042,20260701,613
20260701,影视动漫,半熟恋人,3040,20260701,614
20260701,影视动漫,甜蜜惩罚动漫全集第一季完整版百度网盘,3037,20260701,615
20260701,影视动漫,疯狂丈母娘短剧全集完整版,3036,20260701,616
20260701,影视动漫,日韩电影,3034,20260701,617
20260701,影视动漫,遮天,3033,20260701,618
20260701,影视动漫,就算是爸爸也要谈恋爱的动漫完整版百度网盘,3031,20260701,619
20260701,影视动漫,我的山与海电视剧在线看,3026,20260701,620
20260701,影视动漫,潜伏,3026,20260701,621
20260701,影视动漫,微微一笑很倾城 电视剧,3024,20260701,622
20260701,影视动漫,爱情契约泰剧全集免费观看,3022,20260701,623
20260701,影视动漫,水浒传,3014,20260701,624
20260701,影视动漫,沧元图第三季在线观看,3008,20260701,625
20260701,影视动漫,雪迷宫,2986,20260701,626
20260701,影视动漫,喜欢你我也是第六季,2978,20260701,627
20260701,影视动漫,雨霖铃电视剧高清版,2967,20260701,628
20260701,影视动漫,金特务韩剧高清在线观看,2958,20260701,629
20260701,影视动漫,耀眼电视剧,2953,20260701,630
20260701,影视动漫,b站在线观看,2948,20260701,631
20260701,影视动漫,电影韩国,2945,20260701,632
20260701,影视动漫,大尺度电影,2944,20260701,633
20260701,影视动漫,凡人修仙传在线播放,2943,20260701,634
20260701,影视动漫,昨夜将至演员表大全,2937,20260701,635
20260701,影视动漫,好好的时光,2935,20260701,636
20260701,影视动漫,莫离电视剧免费观看全集完整版,2934,20260701,637
20260701,影视动漫,黑帮少爷爱上我泰剧剧集,2931,20260701,638
20260701,影视动漫,jmcomic3.0官网下载百度,2929,20260701,639
20260701,影视动漫,长征,2926,20260701,640
20260701,影视动漫,莫离电视剧在线观看,2922,20260701,641
20260701,影视动漫,现在就出发 第二季,2921,20260701,642
20260701,影视动漫,影院,2917,20260701,643
20260701,影视动漫,中央5台cctv5直播,2911,20260701,644
20260701,影视动漫,地球超新鲜第二季免费观看完整版,2908,20260701,645
20260701,影视动漫,小欢喜 电视剧,2905,20260701,646
20260701,影视动漫,遵义会议,2897,20260701,647
20260701,影视动漫,无颜之月1~5集第一季,2893,20260701,648
20260701,影视动漫,欧美,2893,20260701,649
20260701,影视动漫,免费电影在线观看,2891,20260701,650
20260701,影视动漫,月鳞绮纪,2883,20260701,651
20260701,影视动漫,迷墙电视剧全集免费观看,2882,20260701,652
20260701,影视动漫,美景之屋在线观看,2867,20260701,653
20260701,影视动漫,电视剧炽夏,2860,20260701,654
20260701,影视动漫,CCTV 5,2859,20260701,655
20260701,影视动漫,中央电视台cctv5直播,2843,20260701,656
20260701,影视动漫,邪杀,2842,20260701,657
20260701,影视动漫,主角电视剧演员表,2836,20260701,658
20260701,影视动漫,爱你电视剧免费观看全集完整版,2826,20260701,659
20260701,影视动漫,九重紫 电视剧,2826,20260701,660
20260701,影视动漫,唐朝诡事录,2825,20260701,661
20260701,影视动漫,爱恋2015,2816,20260701,662
20260701,影视动漫,中央CCTV5,2808,20260701,663
20260701,影视动漫,韩国10大顶级绝伦推理片,2808,20260701,664
20260701,影视动漫,一路向西电影,2807,20260701,665
20260701,影视动漫,我们的宿舍归心季,2806,20260701,666
20260701,影视动漫,奔跑吧第十四季免费观看完整版,2801,20260701,667
20260701,影视动漫,莫离电视剧免费观看全集高清莫离,2800,20260701,668
20260701,影视动漫,光渊,2796,20260701,669
20260701,影视动漫,《炽夏》电视剧,2792,20260701,670
20260701,影视动漫,种墨园演员表,2784,20260701,671
20260701,影视动漫,CCTV5今天直播,2776,20260701,672
20260701,影视动漫,黑袍纠察队,2775,20260701,673
20260701,影视动漫,问心2电视剧,2773,20260701,674
20260701,影视动漫,耀眼 电视剧,2773,20260701,675
20260701,影视动漫,欢乐颂,2772,20260701,676
20260701,影视动漫,优酷,2767,20260701,677
20260701,影视动漫,喜爱夜蒲,2766,20260701,678
20260701,影视动漫,风车动漫,2764,20260701,679
20260701,影视动漫,动漫网,2762,20260701,680
20260701,影视动漫,铁拳教育韩剧在线观看免费版高清,2758,20260701,681
20260701,影视动漫,法国空姐3,2758,20260701,682
20260701,影视动漫,继母,2754,20260701,683
20260701,影视动漫,地球超新鲜综艺免费观看最新一期,2749,20260701,684
20260701,影视动漫,甜蜜惩罚动漫,2748,20260701,685
20260701,影视动漫,无标题,2746,20260701,686
20260701,影视动漫,沉香如屑电视剧免费观看完整版,2745,20260701,687
20260701,影视动漫,青梅竹马是消防员,2745,20260701,688
20260701,影视动漫,沧元图第三季在线完整免费观看,2742,20260701,689
20260701,影视动漫,央视五套节目表,2738,20260701,690
20260701,影视动漫,斯巴达克期第一季未删减版资源,2738,20260701,691
20260701,影视动漫,装台电视剧全集免费播放,2735,20260701,692
20260701,影视动漫,亢奋电影完整版,2733,20260701,693
20260701,影视动漫,说唱巅峰对决2026免费播放,2729,20260701,694
20260701,影视动漫,一笑随歌 电视剧,2728,20260701,695
20260701,影视动漫,炽夏电视剧免费观看周柯宇,2727,20260701,696
20260701,影视动漫,僵尸先生,2725,20260701,697
20260701,影视动漫,昨夜将至电视剧免费观看完整版,2719,20260701,698
20260701,影视动漫,抖音月付在哪里关闭,2717,20260701,699
20260701,影视动漫,镖人:风起大漠,2716,20260701,700
20260701,影视动漫,少女弹珠汽水,2712,20260701,701
20260701,影视动漫,最早的电影出现在什么世纪,2710,20260701,702
20260701,影视动漫,红楼梦,2705,20260701,703
20260701,影视动漫,我的山与海,2702,20260701,704
20260701,影视动漫,雨夜将至电视剧在线观看,2701,20260701,705
20260701,影视动漫,肉嫁高柳家,2701,20260701,706
20260701,影视动漫,电影票房,2698,20260701,707
20260701,影视动漫,昨夜将至演员表,2698,20260701,708
20260701,影视动漫,8090电影网,2690,20260701,709
20260701,影视动漫,长相思,2689,20260701,710
20260701,影视动漫,人间中毒在线观看,2676,20260701,711
20260701,影视动漫,中央CCTV5十,2673,20260701,712
20260701,影视动漫,555电影网官网版入口,2670,20260701,713
20260701,影视动漫,间谍过家家第三季,2665,20260701,714
20260701,影视动漫,最早的电影出现于多少世纪,2664,20260701,715
20260701,影视动漫,《爱情有烟火》电视剧,2662,20260701,716
20260701,影视动漫,生万物电视剧免费观看全集完整版,2659,20260701,717
20260701,影视动漫,鸭王2,2656,20260701,718
20260701,影视动漫,遮天动漫国产动漫观看完整版高清下载百度云,2654,20260701,719
20260701,影视动漫,兰香如故电视剧,2653,20260701,720
20260701,影视动漫,后室电影,2646,20260701,721
20260701,影视动漫,中央五套今天直播节目表,2645,20260701,722
20260701,影视动漫,电视剧昨夜将至免费观看,2642,20260701,723
20260701,影视动漫,五十岁阿姨免费观看电视剧大全百度70,2642,20260701,724
20260701,影视动漫,爱情有烟火分集剧情介绍,2642,20260701,725
20260701,影视动漫,花开如梦演员表介绍,2642,20260701,726
20260701,影视动漫,佐佐木与宫野,2639,20260701,727
20260701,影视动漫,高清视频在线观看免费高清在线观看乌龙山剿匪记,2629,20260701,728
20260701,影视动漫,无悔追踪 电视剧,2628,20260701,729
20260701,影视动漫,良辰美锦电视剧免费观看完整版,2628,20260701,730
20260701,影视动漫,小猪佩奇,2626,20260701,731
20260701,影视动漫,tiktok,2625,20260701,732
20260701,影视动漫,人民的名义,2624,20260701,733
20260701,影视动漫,电影四渡,2621,20260701,734
20260701,影视动漫,国产免费mv观看高清电视剧百度网盘三,2621,20260701,735
20260701,影视动漫,秋霞电影,2616,20260701,736
20260701,影视动漫,爱你 电视剧,2603,20260701,737
20260701,影视动漫,age动漫,2597,20260701,738
20260701,影视动漫,《莫离》电视剧免费观看全集,2593,20260701,739
20260701,影视动漫,激吻视频,2593,20260701,740
20260701,影视动漫,爱恋,2590,20260701,741
20260701,影视动漫,日韩剧在线观看电视剧,2588,20260701,742
20260701,影视动漫,父母爱情,2586,20260701,743
20260701,影视动漫,日本动漫,2585,20260701,744
20260701,影视动漫,蛮好的人生 电视剧,2579,20260701,745
20260701,影视动漫,动漫天堂,2578,20260701,746
20260701,影视动漫,韩剧tv,2576,20260701,747
20260701,影视动漫,少帅,2575,20260701,748
20260701,影视动漫,奔跑吧兄弟,2569,20260701,749
20260701,影视动漫,樱花动漫官网,2562,20260701,750
20260701,影视动漫,中央一套节目今天的节目单,2561,20260701,751
20260701,影视动漫,莫离37到40集,2561,20260701,752
20260701,影视动漫,惊蛰无声,2556,20260701,753
20260701,影视动漫,李采潭韩剧电影全集在线播放,2556,20260701,754
20260701,影视动漫,农民伯伯乡下妹观看免费播放电视剧农民伯伯乡下,2554,20260701,755
20260701,影视动漫,颐和园电影,2553,20260701,756
20260701,影视动漫,"嘘,禁止想象!",2552,20260701,757
20260701,影视动漫,问心2电视剧全集免费观看高清,2550,20260701,758
20260701,影视动漫,小欢喜,2549,20260701,759
20260701,影视动漫,欧美mv哔哩哔哩,2544,20260701,760
20260701,影视动漫,爱我就别想太多40集全免费,2538,20260701,761
20260701,影视动漫,电车魔女,2537,20260701,762
20260701,影视动漫,恶魔高校,2535,20260701,763
20260701,影视动漫,九歌电影在线观看,2526,20260701,764
20260701,影视动漫,动画片,2525,20260701,765
20260701,影视动漫,中央电视台13新闻直播,2523,20260701,766
20260701,影视动漫,4399在线观看免费高清电视剧百度一下,2522,20260701,767
20260701,影视动漫,食物链 电影,2521,20260701,768
20260701,影视动漫,在线观看免费版高清,2520,20260701,769
20260701,影视动漫,夜色正浓,2518,20260701,770
20260701,影视动漫,奔跑吧,2518,20260701,771
20260701,影视动漫,莫离电视剧全集免费观看,2509,20260701,772
20260701,影视动漫,51每日大赛今日黑榜最新视频,2506,20260701,773
20260701,影视动漫,云秀行电视剧全集最新电视剧百度网盘,2499,20260701,774
20260701,影视动漫,影视大全,2492,20260701,775
20260701,影视动漫,爱看视频,2492,20260701,776
20260701,影视动漫,双轨免费完整版在线观看,2491,20260701,777
20260701,影视动漫,墨离电视剧免费观看全集,2483,20260701,778
20260701,影视动漫,地球超新鲜,2480,20260701,779
20260701,影视动漫,骄阳似我 电视剧,2478,20260701,780
20260701,影视动漫,哔哩哔哩官网网页入口,2475,20260701,781
20260701,影视动漫,庆余年,2474,20260701,782
20260701,影视动漫,激情床戏,2474,20260701,783
20260701,影视动漫,美味速递,2472,20260701,784
20260701,影视动漫,青青河边草高清免费观看百度网盘,2469,20260701,785
20260701,影视动漫,漂白 电视剧,2468,20260701,786
20260701,影视动漫,脱口秀和Ta的朋友们第三季,2468,20260701,787
20260701,影视动漫,鸡毛飞上天全集免费观看,2466,20260701,788
20260701,影视动漫,好好的时光演员表全部,2461,20260701,789
20260701,影视动漫,央视cctv5直播,2461,20260701,790
20260701,影视动漫,地球超新鲜第二季免费观看,2460,20260701,791
20260701,影视动漫,tiktok国际版抖音(tiktok) 下载,2458,20260701,792
20260701,影视动漫,中餐厅,2457,20260701,793
20260701,影视动漫,手机观看cctv5直播现场直播,2456,20260701,794
20260701,影视动漫,火遮眼在线观看电影2026,2453,20260701,795
20260701,影视动漫,玫瑰的故事 电视剧,2450,20260701,796
20260701,影视动漫,兽性新人类,2449,20260701,797
20260701,影视动漫,央视频直播在线直播,2449,20260701,798
20260701,影视动漫,芒果视频,2447,20260701,799
20260701,影视动漫,开始推理吧 第三季 综艺,2446,20260701,800
20260701,影视动漫,金特务本色回归韩剧在线完整版,2443,20260701,801
20260701,影视动漫,吴邪私家笔记,2441,20260701,802
20260701,影视动漫,韩剧《大度》在线,2441,20260701,803
20260701,影视动漫,琅琊榜,2438,20260701,804
20260701,影视动漫,尼姑也疯狂2普通话版百度网盘,2437,20260701,805
20260701,影视动漫,问心 电视剧,2436,20260701,806
20260701,影视动漫,金关电视剧,2436,20260701,807
20260701,影视动漫,CCTV5在线直播(直播),2428,20260701,808
20260701,影视动漫,花开如梦剧情介绍,2428,20260701,809
20260701,影视动漫,中餐厅第十季2026免费观看完整版高清,2427,20260701,810
20260701,影视动漫,"喜欢你,我也是第六季免费观看",2425,20260701,811
20260701,影视动漫,大明王朝1566 电视剧,2423,20260701,812
20260701,影视动漫,八戒影院,2423,20260701,813
20260701,影视动漫,云逛校园,2421,20260701,814
20260701,影视动漫,爱情有烟火电视剧在线观看全集,2420,20260701,815
20260701,影视动漫,丁香花电影高清在线播放百度云,2420,20260701,816
20260701,影视动漫,电影免费在线观看,2418,20260701,817
20260701,影视动漫,千香电视剧1-40集全免费完整版,2414,20260701,818
20260701,影视动漫,巨人族的花嫁,2412,20260701,819
20260701,影视动漫,师兄呀师兄动漫,2408,20260701,820
20260701,影视动漫,莫离白鹿电视剧,2407,20260701,821
20260701,影视动漫,杨敏思版1-5电视剧免费观看百度云影,2405,20260701,822
20260701,影视动漫,东西向洞,2404,20260701,823
20260701,影视动漫,喜欢你我也是第六季免费,2393,20260701,824
20260701,影视动漫,美女和帅哥一起生孩子百度,2392,20260701,825
20260701,影视动漫,爱情契约泰剧在线播放,2385,20260701,826
20260701,影视动漫,秋霞影院,2384,20260701,827
20260701,影视动漫,迷墙演员表,2381,20260701,828
20260701,影视动漫,南部档案馆,2368,20260701,829
20260701,影视动漫,惊变,2367,20260701,830
20260701,影视动漫,南部档案免费,2367,20260701,831
20260701,影视动漫,光阴之外全集免费观看,2364,20260701,832
20260701,影视动漫,秘密爱,2363,20260701,833
20260701,影视动漫,红辣椒电影完整播放免费高清,2362,20260701,834
20260701,影视动漫,黑暗荣耀,2356,20260701,835
20260701,影视动漫,少帅1-48全集免费,2354,20260701,836
20260701,影视动漫,检察官的提案韩剧在线观看,2351,20260701,837
20260701,影视动漫,抖音充值抖币官网入口,2350,20260701,838
20260701,影视动漫,青青草,2344,20260701,839
20260701,影视动漫,电视剧主角完整版观看视频,2344,20260701,840
20260701,影视动漫,昨夜将至电视剧全集免费播放,2342,20260701,841
20260701,影视动漫,小辣椒4,2340,20260701,842
20260701,影视动漫,夫妇联欢回不去的夜晚百度百科,2339,20260701,843
20260701,影视动漫,生万物免费观看完整版电视剧,2335,20260701,844
20260701,影视动漫,假面骑士,2333,20260701,845
20260701,影视动漫,中央体育cctv5直播,2332,20260701,846
20260701,影视动漫,cctv5直播在线观看,2331,20260701,847
20260701,影视动漫,天官赐福,2324,20260701,848
20260701,影视动漫,当我飞奔向你,2320,20260701,849
20260701,影视动漫,中央CCTV5十节目表电视今晚节目中超积,2319,20260701,850
20260701,影视动漫,消失的人,2314,20260701,851
20260701,影视动漫,国产观看免费高清电视剧大全,2312,20260701,852
20260701,影视动漫,蜡笔小新,2303,20260701,853
20260701,影视动漫,糯米短剧,2302,20260701,854
20260701,影视动漫,法医秦明,2301,20260701,855
20260701,影视动漫,于和伟主演的电视剧全部,2301,20260701,856
20260701,影视动漫,奸魔,2300,20260701,857
20260701,影视动漫,年轻的亚当,2300,20260701,858
20260701,影视动漫,黑桃视频,2300,20260701,859
20260701,影视动漫,莲花楼2,2296,20260701,860
20260701,影视动漫,爱情契约泰剧全集免费观看第一季,2291,20260701,861
20260701,影视动漫,菠萝TV,2290,20260701,862
20260701,影视动漫,伦理,2290,20260701,863
20260701,影视动漫,低智商犯罪电视剧观看完整版高清,2288,20260701,864
20260701,影视动漫,美国空姐,2284,20260701,865
20260701,影视动漫,好看的电视剧推荐几部 前十名,2280,20260701,866
20260701,影视动漫,赤裸特工,2279,20260701,867
20260701,影视动漫,少年男仆库洛,2278,20260701,868
20260701,影视动漫,光阴之外动漫免费全集完整版,2278,20260701,869
20260701,影视动漫,方子传未删减,2275,20260701,870
20260701,影视动漫,国产,2271,20260701,871
20260701,影视动漫,《莫离》免费观看全集电视剧,2267,20260701,872
20260701,影视动漫,午夜视频,2265,20260701,873
20260701,影视动漫,知否知否应是绿肥红瘦,2265,20260701,874
20260701,影视动漫,光阴之外动漫免费观看全集,2260,20260701,875
20260701,影视动漫,少年派1免费观看完整版,2258,20260701,876
20260701,影视动漫,莫离演员表,2257,20260701,877
20260701,影视动漫,美国大片,2256,20260701,878
20260701,影视动漫,中央CCTV5直播乒乓球比赛,2256,20260701,879
20260701,影视动漫,陷入我们的热恋电视剧,2255,20260701,880
20260701,影视动漫,甜蜜惩罚第一季,2255,20260701,881
20260701,影视动漫,《儿媳妇的孝心》日剧百度云,2255,20260701,882
20260701,影视动漫,唐人街探案,2255,20260701,883
20260701,影视动漫,天龙八部,2252,20260701,884
20260701,影视动漫,甜蜜惩罚类似的动漫名字,2251,20260701,885
20260701,影视动漫,小欢喜电视剧免费观看完整版高清百度网盘资源,2250,20260701,886
20260701,影视动漫,红桃影视在线观看免费高清电视剧日剧,2244,20260701,887
20260701,影视动漫,在线观看免费,2244,20260701,888
20260701,影视动漫,问心演员表,2243,20260701,889
20260701,影视动漫,《耀眼》电视剧,2241,20260701,890
20260701,影视动漫,千香在线观看,2238,20260701,891
20260701,影视动漫,除恶电视连续剧免费观看,2236,20260701,892
20260701,影视动漫,奔跑吧兄弟第一季免费观看完整版,2234,20260701,893
20260701,影视动漫,沦陷电视连续剧,2232,20260701,894
20260701,影视动漫,大明风华电视剧全集免费观看,2230,20260701,895
20260701,影视动漫,莫离电视剧全集,2227,20260701,896
20260701,影视动漫,金银悔1—5普通话版百度云,2226,20260701,897
20260701,影视动漫,《问心2》,2226,20260701,898
20260701,影视动漫,中央5体育直播观看,2223,20260701,899
20260701,影视动漫,老九门2第二部,2223,20260701,900
20260701,影视动漫,为了皇帝,2222,20260701,901
20260701,影视动漫,逆爱双男主全剧高清版,2222,20260701,902
20260701,影视动漫,中央五,2222,20260701,903
20260701,影视动漫,理想之城在线观看免费全集,2220,20260701,904
20260701,影视动漫,成全在线看高清完整版免费,2218,20260701,905
20260701,影视动漫,现在就出发,2218,20260701,906
20260701,影视动漫,中央五台,2215,20260701,907
20260701,影视动漫,炽夏演员列表,2214,20260701,908
20260701,影视动漫,问心2一共多少集,2211,20260701,909
20260701,影视动漫,家业电视剧观看完整版高清,2210,20260701,910
20260701,影视动漫,昨夜将至电视剧全集免费观看,2209,20260701,911
20260701,影视动漫,"不洁之星:,紫",2202,20260701,912
20260701,影视动漫,一人之下,2202,20260701,913
20260701,影视动漫,bibibi 哔哩哔哩,2201,20260701,914
20260701,影视动漫,莲花楼 电视剧,2196,20260701,915
20260701,影视动漫,偷窥者,2194,20260701,916
20260701,影视动漫,问心第二部,2192,20260701,917
20260701,影视动漫,猫眼票房实时票房,2192,20260701,918
20260701,影视动漫,善良妻子韩剧免费观看完整版电视剧在线,2191,20260701,919
20260701,影视动漫,逍遥电视剧,2185,20260701,920
20260701,影视动漫,中央五套,2184,20260701,921
20260701,影视动漫,cctv1节目表,2183,20260701,922
20260701,影视动漫,罗曼蒂克消亡史 电影,2181,20260701,923
20260701,影视动漫,适合夫妻两人看的电影,2181,20260701,924
20260701,影视动漫,《甄嬛传》电视剧,2178,20260701,925
20260701,影视动漫,爱在是隆泰剧全集,2176,20260701,926
20260701,影视动漫,不雅之举动漫观看免费版高清,2175,20260701,927
20260701,影视动漫,战狼4完整免费观看在线播放版,2175,20260701,928
20260701,影视动漫,猫和老鼠,2171,20260701,929
20260701,影视动漫,抓特务免费观看全集完整版电影,2170,20260701,930
20260701,影视动漫,王子的本命是恶役千金,2166,20260701,931
20260701,影视动漫,b站,2161,20260701,932
20260701,影视动漫,最新电视剧,2159,20260701,933
20260701,影视动漫,检察官室的提案,2158,20260701,934
20260701,影视动漫,华丽外出电影在线观看完整版电视剧免费高清韩剧,2155,20260701,935
20260701,影视动漫,夫妻的世界,2151,20260701,936
20260701,影视动漫,凡人修仙传在线观看,2145,20260701,937
20260701,影视动漫,悬案,2144,20260701,938
20260701,影视动漫,束缚游戏在线观看完整版动漫普通话谍,2143,20260701,939
20260701,影视动漫,电视剧追剧清单,2143,20260701,940
20260701,影视动漫,昨夜将至电视剧免费高清在线观看,2142,20260701,941
20260701,影视动漫,千香免费观看,2142,20260701,942
20260701,影视动漫,CCTV5今天现场直播,2142,20260701,943
20260701,影视动漫,电车魔女2,2141,20260701,944
20260701,影视动漫,喜欢你我也是六季在线观看,2141,20260701,945
20260701,影视动漫,隔壁女孩,2139,20260701,946
20260701,影视动漫,《炽夏》周柯宇电视剧在线观看,2136,20260701,947
20260701,影视动漫,邪神墨然,2133,20260701,948
20260701,影视动漫,与僧侣之夜动漫全集免费观看百度,2132,20260701,949
20260701,影视动漫,乘风2026免费观看完整版在线高清,2130,20260701,950
20260701,影视动漫,影视,2129,20260701,951
20260701,影视动漫,爱在空气中 电视剧,2125,20260701,952
20260701,影视动漫,秋霞,2124,20260701,953
20260701,影视动漫,你的谎言也动听电视剧免费观看,2123,20260701,954
20260701,影视动漫,爱情有烟火电视剧在线观看,2122,20260701,955
20260701,影视动漫,嫂子,2116,20260701,956
20260701,影视动漫,红果免短刷2025连续剧最好看,2113,20260701,957
20260701,影视动漫,丝瓜视频,2112,20260701,958
20260701,影视动漫,美剧天堂,2111,20260701,959
20260701,影视动漫,919直播,2111,20260701,960
20260701,影视动漫,甄嬛传电视剧76集全集高清在线观看,2110,20260701,961
20260701,影视动漫,飘花电影网,2109,20260701,962
20260701,影视动漫,西游记86版全集,2108,20260701,963
20260701,影视动漫,大地资源8中文在线观看免费高清版电影,2108,20260701,964
20260701,影视动漫,丈夫不在美好的正午时光,2108,20260701,965
20260701,影视动漫,日韩在线观看,2107,20260701,966
20260701,影视动漫,奇优影院,2106,20260701,967
20260701,影视动漫,高压监狱在线播放完整版电影,2104,20260701,968
20260701,影视动漫,海贼王动漫全集在线观看,2103,20260701,969
20260701,影视动漫,图书馆的女友第一季免费全集观看动漫,2101,20260701,970
20260701,影视动漫,鬼父动漫,2100,20260701,971
20260701,影视动漫,云之羽电视剧免费观看完整版,2100,20260701,972
20260701,影视动漫,僧侣之夜,2099,20260701,973
20260701,影视动漫,我的小妈妈,2098,20260701,974
20260701,影视动漫,爱情有烟火36集全免费,2097,20260701,975
20260701,影视动漫,中央电视台CCTV5,2095,20260701,976
20260701,影视动漫,央视直播在线直播观看,2095,20260701,977
20260701,影视动漫,海洋之恋在线观看免费高清完整泰剧,2090,20260701,978
20260701,影视动漫,黑夜告白电视剧,2089,20260701,979
20260701,影视动漫,偿还泰剧完整版,2088,20260701,980
20260701,影视动漫,黑兽全集免费观看完整版高清动漫,2087,20260701,981
20260701,影视动漫,诱惑,2087,20260701,982
20260701,影视动漫,《爱情有烟火》免费观看王楚然,2086,20260701,983
20260701,影视动漫,体育频道cctv5直播在线观看,2084,20260701,984
20260701,影视动漫,cctv5体育节目表,2080,20260701,985
20260701,影视动漫,电视猫,2076,20260701,986
20260701,影视动漫,8090,2075,20260701,987
20260701,影视动漫,沧元图,2071,20260701,988
20260701,影视动漫,去有风的地方 电视剧,2070,20260701,989
20260701,影视动漫,破冰行动电视剧全集免费高清在线观看,2070,20260701,990
20260701,影视动漫,枳夏电视剧全集在线观看,2069,20260701,991
20260701,影视动漫,低智商犯罪 电视剧,2069,20260701,992
20260701,影视动漫,咒术回战,2069,20260701,993
20260701,影视动漫,无颜之月在线观看完整版,2067,20260701,994
20260701,影视动漫,免费高清视频,2064,20260701,995
20260701,影视动漫,无耻之 徒第一季在线观看,2064,20260701,996
20260701,影视动漫,昨夜将至电视剧免费观看完整版高清,2064,20260701,997
20260701,影视动漫,在线免费观看,2061,20260701,998
20260701,影视动漫,灵魂摆渡,2060,20260701,999
20260701,影视动漫,无尽的尽头电视剧观看完整版高清下载,2059,20260701,1000
20260701,影视动漫,昨夜将至在线观看,2059,20260701,1001
20260701,影视动漫,问心1,2057,20260701,1002
20260701,影视动漫,21世纪大君夫人完整版免费观看,2054,20260701,1003
20260701,影视动漫,法国航空乘2019(多塞尔航空)电影观看,2053,20260701,1004
20260701,影视动漫,师兄啊师兄动漫全集免费观看哪吒,2053,20260701,1005
20260701,影视动漫,拉字至上,2051,20260701,1006
20260701,影视动漫,顶级绝伦推理片电影,2050,20260701,1007
20260701,影视动漫,CCTV5十,2048,20260701,1008
20260701,影视动漫,双轨,2044,20260701,1009
20260701,影视动漫,陈情令 电视剧,2043,20260701,1010
20260701,影视动漫,你好星期六2026,2043,20260701,1011
20260701,影视动漫,昨天泰剧免费观看全集,2042,20260701,1012
20260701,影视动漫,央视五套cctv5直播,2042,20260701,1013
20260701,影视动漫,77影院在线观看免费观看电视剧百度,2037,20260701,1014
20260701,影视动漫,吃播美食视频,2035,20260701,1015
20260701,影视动漫,鬼灭之刃第一季,2033,20260701,1016
20260701,影视动漫,恶魔之口电影免费播放,2032,20260701,1017
20260701,影视动漫,女子监狱,2031,20260701,1018
20260701,影视动漫,《正后方的神威》动漫在线观看,2031,20260701,1019
20260701,影视动漫,加勒比海盗女海盗,2031,20260701,1020
20260701,影视动漫,泰剧爱情契约在线播放,2030,20260701,1021
20260701,影视动漫,法国空乘4法版在线播放,2028,20260701,1022
20260701,影视动漫,无颜之月在第一季完整版动漫樱花,2028,20260701,1023
20260701,影视动漫,虎牙,2028,20260701,1024
20260701,影视动漫,HD在线观看免费完整版电视剧,2027,20260701,1025
20260701,影视动漫,金特务本色回归韩剧在线观看免费,2027,20260701,1026
20260701,影视动漫,莫离电视剧在线观看免费版高清,2026,20260701,1027
20260701,影视动漫,食物链 3,2025,20260701,1028
20260701,影视动漫,都挺好,2024,20260701,1029
20260701,影视动漫,电影《临时夫妻》,2022,20260701,1030
20260701,影视动漫,钢铁森林免费观看全集完整版,2021,20260701,1031
20260701,影视动漫,张凌赫主演的电视剧,2019,20260701,1032
20260701,影视动漫,莫离电视连续剧,2018,20260701,1033
20260701,影视动漫,唐朝诡事录之西行 电视剧,2018,20260701,1034
20260701,影视动漫,金特务本色回归免费观看,2015,20260701,1035
20260701,影视动漫,荷尔蒙4,2014,20260701,1036
20260701,影视动漫,金瓶,2014,20260701,1037
20260701,影视动漫,还珠格格,2012,20260701,1038
20260701,影视动漫,美景之屋5韩剧在线观看电影,2011,20260701,1039
20260701,影视动漫,朱元璋电视剧全集免费观看,2008,20260701,1040
20260701,影视动漫,现在就出发第三季完整版免费观看全集高清,2008,20260701,1041
20260701,影视动漫,朝雪录 电视剧,2007,20260701,1042
20260701,影视动漫,吞噬星空动漫在线观看免费,2006,20260701,1043
20260701,影视动漫,偷偷藏不住电视剧,2003,20260701,1044
20260701,影视动漫,海绵宝宝,2002,20260701,1045
20260701,影视动漫,阿黛尔的生活,2000,20260701,1046
20260701,影视动漫,妻子的浪漫旅行2026在线看免费,1999,20260701,1047
20260701,影视动漫,《入戏》泰剧,1998,20260701,1048
20260701,影视动漫,抖音极速版下载安装,1992,20260701,1049
20260701,影视动漫,罚罪2,1992,20260701,1050
20260701,影视动漫,日剧韩剧在线观看大全,1991,20260701,1051
20260701,影视动漫,acfun网页,1991,20260701,1052
20260701,影视动漫,《大叔与少女》完整版百度云电影,1984,20260701,1053
20260701,影视动漫,夜游生活第一季在线观看全集,1983,20260701,1054
20260701,影视动漫,央视网CCTV5直播,1981,20260701,1055
20260701,影视动漫,回复术士的重启人生又称棍勇,1978,20260701,1056
20260701,影视动漫,喜羊羊与灰太狼,1973,20260701,1057
20260701,影视动漫,花千骨,1973,20260701,1058
20260701,影视动漫,cctv6节目表,1972,20260701,1059
20260701,影视动漫,地球超新鲜第二季免费观看完整版高清,1971,20260701,1060
20260701,影视动漫,完美搭档,1970,20260701,1061
20260701,影视动漫,终极笔记第二季,1970,20260701,1062
20260701,影视动漫,琪琪在线影院电视剧免费观看百度,1969,20260701,1063
20260701,影视动漫,蜘蛛侠3英雄无归,1965,20260701,1064
20260701,影视动漫,火遮眼电影2026在线观看完整版,1965,20260701,1065
20260701,影视动漫,《问心》全集在线观看免费,1965,20260701,1066
20260701,影视动漫,延禧攻略电视剧免费完整版在线观看百度网盘,1963,20260701,1067
20260701,影视动漫,王子的本命是恶役少女,1960,20260701,1068
20260701,影视动漫,战狼6欧美版免费观看完整版国语百度我的前半生,1959,20260701,1069
20260701,影视动漫,奉陪到底电视剧全集免费播放,1955,20260701,1070
20260701,影视动漫,无忧渡电视剧在线观看全集免费播放,1954,20260701,1071
20260701,影视动漫,西西里的美丽传说 电影,1954,20260701,1072
20260701,影视动漫,天美星空大象MV观看免费百度,1952,20260701,1073
20260701,影视动漫,今日关注,1949,20260701,1074
20260701,影视动漫,挣扎吧亚当君动漫,1938,20260701,1075
20260701,影视动漫,《昨夜将至》电视剧12集播放免费观看,1937,20260701,1076
20260701,影视动漫,韩剧《她很漂亮》免费播放在线观看,1936,20260701,1077
20260701,影视动漫,《主角》1-48集完整版,1934,20260701,1078
20260701,影视动漫,"美丽小蜜桃3:美丽人生,优酷",1934,20260701,1079
20260701,影视动漫,余生请多指教在线观看免费全集高清,1934,20260701,1080
20260701,影视动漫,喜欢你我也是第六季在线观看免费,1934,20260701,1081
20260701,影视动漫,韩剧电影在线观看免费完整版,1933,20260701,1082
20260701,影视动漫,电影大全免费观看高清完整版在线观看熊出没重返地球,1932,20260701,1083
20260701,影视动漫,好好的时光演员表,1931,20260701,1084
20260701,影视动漫,闵勇第十二集免费观看全集高清,1930,20260701,1085
20260701,影视动漫,权利的游戏,1928,20260701,1086
20260701,影视动漫,最后一排的男孩,1927,20260701,1087
20260701,影视动漫,斗罗大陆免费全集观看,1926,20260701,1088
20260701,影视动漫,血恋未删减版在线观看电视剧,1926,20260701,1089
20260701,影视动漫,特立独行电影,1925,20260701,1090
20260701,影视动漫,入青云电视剧免费观看完整版高清,1923,20260701,1091
20260701,影视动漫,味道,1923,20260701,1092
20260701,影视动漫,吻戏原片,1922,20260701,1093
20260701,影视动漫,韩国电影陷阱在线观看韩剧免费高清,1922,20260701,1094
20260701,影视动漫,CCTV5十今天节目单表(全部),1921,20260701,1095
20260701,影视动漫,mfkp-视频播放,1920,20260701,1096
20260701,影视动漫,理想之城 电视剧,1916,20260701,1097
20260701,影视动漫,狙击蝴蝶电视剧在线观看完整版高清,1914,20260701,1098
20260701,影视动漫,欧美好看的免费电影在线观看,1913,20260701,1099
20260701,影视动漫,南部档案馆全集在线观看,1912,20260701,1100
20260701,影视动漫,555电影,1911,20260701,1101
20260701,影视动漫,本色回归全集免费观看,1911,20260701,1102
20260701,影视动漫,《职场妻子大物社长》电视剧,1911,20260701,1103
20260701,影视动漫,电视剧2026最新热播剧,1911,20260701,1104
20260701,影视动漫,娃娃脸,1911,20260701,1105
20260701,影视动漫,莫离电视剧演员表,1910,20260701,1106
20260701,影视动漫,陈情令,1908,20260701,1107
20260701,影视动漫,不可撤销,1907,20260701,1108
20260701,影视动漫,红辣椒,1905,20260701,1109
20260701,影视动漫,日历女孩,1904,20260701,1110
20260701,影视动漫,达达兔,1904,20260701,1111
20260701,影视动漫,三年大片大全免费观看国语完整版2,1904,20260701,1112
20260701,影视动漫,悬崖 电视剧,1898,20260701,1113
20260701,影视动漫,92影院在线观看免费观看电视剧百度,1898,20260701,1114
20260701,影视动漫,疯狂的爱木木泰国电视剧在线观看,1898,20260701,1115
20260701,影视动漫,名侦探柯南,1897,20260701,1116
20260701,影视动漫,星辰视频免费高清在线观看韩剧,1893,20260701,1117
20260701,影视动漫,狂飙全集免费播放,1892,20260701,1118
20260701,影视动漫,无人车站动漫全集完整版,1891,20260701,1119
20260701,影视动漫,青青草原在线观看高清电视剧,1890,20260701,1120
20260701,影视动漫,人世间 电视剧,1890,20260701,1121
20260701,影视动漫,小姐在线观看完整免费高清原声满天星奔跑吧ep,1890,20260701,1122
20260701,影视动漫,回复术士之重启人生在线观看免费完整版飘雪百度,1888,20260701,1123
20260701,影视动漫,火口的两人,1888,20260701,1124
20260701,影视动漫,微微一笑很倾城,1885,20260701,1125
20260701,影视动漫,鸭王4电视剧粤语在线观看全集高清版免费下载,1883,20260701,1126
20260701,影视动漫,少年派2电视剧免费观看高清,1882,20260701,1127
20260701,影视动漫,寒战1994,1879,20260701,1128
20260701,影视动漫,师兄啊师兄,1878,20260701,1129
20260701,影视动漫,手机看片,1877,20260701,1130
20260701,影视动漫,沉默的真相 电视剧,1877,20260701,1131
20260701,影视动漫,缘分的天空,1877,20260701,1132
20260701,影视动漫,炽夏免费观看平台,1877,20260701,1133
20260701,影视动漫,感官世界,1875,20260701,1134
20260701,影视动漫,性爱交叉点,1874,20260701,1135
20260701,影视动漫,激情信箱,1874,20260701,1136
20260701,影视动漫,以家人之名电视剧免费观看完整版,1873,20260701,1137
20260701,影视动漫,央视一套节目表,1872,20260701,1138
20260701,影视动漫,大片,1867,20260701,1139
20260701,影视动漫,免费在线观看,1866,20260701,1140
20260701,影视动漫,libvio,1865,20260701,1141
20260701,影视动漫,斩神第二季在线观看,1863,20260701,1142
20260701,影视动漫,白鹿《莫离》免费观看全集40集,1862,20260701,1143
20260701,影视动漫,情人,1860,20260701,1144
20260701,影视动漫,锦月如歌电视剧免费观看全集完整版,1859,20260701,1145
20260701,影视动漫,权力的游戏,1856,20260701,1146
20260701,影视动漫,桃花视频,1855,20260701,1147
20260701,影视动漫,哔哩哔哩bilibili官网入口,1855,20260701,1148
20260701,影视动漫,在线视频,1855,20260701,1149
20260701,影视动漫,僵尸七日重生,1854,20260701,1150
20260701,影视动漫,CCTV5今日节目单,1854,20260701,1151
20260701,影视动漫,赤裸羔羊,1853,20260701,1152
20260701,影视动漫,新闻联播今天19:00回放,1853,20260701,1153
20260701,影视动漫,翘楚电视剧免费观看高清版下载,1851,20260701,1154
20260701,影视动漫,森中有林电影高清在线观看国语,1848,20260701,1155
20260701,影视动漫,微微一笑很倾城电视剧免费观看完整版,1847,20260701,1156
20260701,影视动漫,千香电视剧1-40集百度资源下载,1847,20260701,1157
20260701,影视动漫,满清十大酷刑,1842,20260701,1158
20260701,影视动漫,恐怖电影,1839,20260701,1159
20260701,影视动漫,免费动漫,1838,20260701,1160
20260701,影视动漫,斗破苍穹,1836,20260701,1161
20260701,影视动漫,泰剧《Knot结缘》免费观看,1830,20260701,1162
20260701,影视动漫,春山境双男主台剧,1829,20260701,1163
20260701,影视动漫,抖音网页,1828,20260701,1164
20260701,影视动漫,无颜之月全集,1828,20260701,1165
20260701,影视动漫,新剧《莫离》免费观看,1828,20260701,1166
20260701,影视动漫,甜蜜惩罚第2季真人版观看全集免费,1827,20260701,1167
20260701,影视动漫,地下偶像动漫全集免费观看第一季,1826,20260701,1168
20260701,影视动漫,邪杀恐怖电影,1826,20260701,1169
20260701,影视动漫,免费追剧app推荐,1825,20260701,1170
20260701,影视动漫,神奇数字马戏团,1822,20260701,1171
20260701,影视动漫,斗破苍穹年番,1822,20260701,1172
20260701,影视动漫,耀眼电视剧免费观看全集,1822,20260701,1173
20260701,影视动漫,末行手记韩剧在线观看,1821,20260701,1174
20260701,影视动漫,南部档案免费看,1821,20260701,1175
20260701,影视动漫,琅琊榜 电视剧,1821,20260701,1176
20260701,影视动漫,知否知否知否应是绿肥红瘦,1816,20260701,1177
20260701,影视动漫,美丽小蜜桃3,1813,20260701,1178
20260701,影视动漫,喜欢你我也是第六季在线,1813,20260701,1179
20260701,影视动漫,百花杀电视剧,1809,20260701,1180
20260701,影视动漫,我和大佬的三百六十五天免费观看星辰百度网盘,1809,20260701,1181
20260701,影视动漫,狙击蝴蝶 电视剧,1808,20260701,1182
20260701,影视动漫,欧美大度的电视,1807,20260701,1183
20260701,影视动漫,葫芦娃,1805,20260701,1184
20260701,影视动漫,乘风2026,1803,20260701,1185
20260701,影视动漫,伪装的真实之吻,1803,20260701,1186
20260701,影视动漫,抖音网页版入口,1802,20260701,1187
20260701,影视动漫,去有风的地方,1798,20260701,1188
20260701,影视动漫,昨夜将至在线观看免费完整版全集高清,1797,20260701,1189
20260701,影视动漫,白鹿原,1796,20260701,1190
20260701,影视动漫,一路向北电影免费观看在线高清,1796,20260701,1191
20260701,影视动漫,中央电视台体育5直播在线观看,1794,20260701,1192
20260701,影视动漫,yy4480,1789,20260701,1193
20260701,影视动漫,电影四渡赤水完整版免费观看,1789,20260701,1194
20260701,影视动漫,铁拳教育韩剧在线观看,1788,20260701,1195
20260701,影视动漫,免费观看在线高清电视剧,1786,20260701,1196
20260701,影视动漫,亮剑,1785,20260701,1197
20260701,影视动漫,四渡赤水电影,1784,20260701,1198
20260701,影视动漫,爱丫爱丫兄妹高清电视剧免费观看,1782,20260701,1199
20260701,影视动漫,哈哈哈哈哈第6季,1779,20260701,1200
20260701,影视动漫,方子传,1779,20260701,1201
20260701,影视动漫,宝可梦,1779,20260701,1202
20260701,影视动漫,八千里路云和月电视剧免费观看完整,1776,20260701,1203
20260701,影视动漫,银魂,1776,20260701,1204
20260701,影视动漫,一路向西在线,1774,20260701,1205
20260701,影视动漫,洗屋先生在线观看完整版电视剧免费高清韩剧,1774,20260701,1206
20260701,影视动漫,夫妻联谊回不去的动漫,1771,20260701,1207
20260701,影视动漫,网飞猫,1769,20260701,1208
20260701,影视动漫,菠萝视频,1768,20260701,1209
20260701,影视动漫,黑帮大佬的356天结局,1766,20260701,1210
20260701,影视动漫,小巷人家 电视剧 在线观看,1766,20260701,1211
20260701,影视动漫,欢乐颂2电视剧全集在线观看,1765,20260701,1212
20260701,影视动漫,知否知否却道海棠依旧短剧全集免费观看,1765,20260701,1213
20260701,影视动漫,莲花楼,1763,20260701,1214
20260701,影视动漫,电影在线观看,1762,20260701,1215
20260701,影视动漫,遇见王沥川,1761,20260701,1216
20260701,影视动漫,恶魔之口全集在线观看,1758,20260701,1217
20260701,影视动漫,女仆教育免费观看季动漫全集,1756,20260701,1218
20260701,影视动漫,琅琊榜在线观看免费观看,1756,20260701,1219
20260701,影视动漫,庆余年第三季在线观看,1754,20260701,1220
20260701,影视动漫,问心2第二部全集免费观看,1751,20260701,1221
20260701,影视动漫,斩神之凡尘神域 动漫第二季,1751,20260701,1222
20260701,影视动漫,谜案拼图免费观看,1750,20260701,1223
20260701,影视动漫,电影最早出现的时间,1748,20260701,1224
20260701,影视动漫,中餐厅第十季,1747,20260701,1225
20260701,影视动漫,庆余年第二季电视剧,1746,20260701,1226
20260701,影视动漫,色情男女,1746,20260701,1227
20260701,影视动漫,错伏电视剧演员表,1744,20260701,1228
20260701,影视动漫,斗破苍穹在线观看,1743,20260701,1229
20260701,影视动漫,肮脏的交易,1743,20260701,1230
20260701,影视动漫,爱情有烟火电视剧免费观看全集高清,1742,20260701,1231
20260701,影视动漫,潜伏 电视剧,1742,20260701,1232
20260701,影视动漫,家庭教师,1738,20260701,1233
20260701,影视动漫,男女一起生孩子的素材高清视频大全,1738,20260701,1234
20260701,影视动漫,《overlord》第一季,1736,20260701,1235
20260701,影视动漫,神墓年番在线观看完整版免费,1736,20260701,1236
20260701,影视动漫,外出 电影,1735,20260701,1237
20260701,影视动漫,回复术士的重启人生视频,1734,20260701,1238
20260701,影视动漫,爱情契约 泰剧,1733,20260701,1239
20260701,影视动漫,无声言证,1732,20260701,1240
20260701,影视动漫,色戒无删减,1732,20260701,1241
20260701,影视动漫,检查官的提案免费观看全集韩剧,1729,20260701,1242
20260701,影视动漫,出包王女,1727,20260701,1243
20260701,影视动漫,痴梦少女,1727,20260701,1244
20260701,影视动漫,甜蜜惩罚第一季完整版,1725,20260701,1245
20260701,影视动漫,最近最火的三部电视剧,1725,20260701,1246
20260701,影视动漫,问心第二季免费观看,1724,20260701,1247
20260701,影视动漫,仙逆动漫在线播放,1723,20260701,1248
20260701,影视动漫,爸爸当家,1720,20260701,1249
20260701,影视动漫,cctv5节目表今天,1720,20260701,1250
20260701,影视动漫,战狼3,1718,20260701,1251
20260701,影视动漫,交换的一天在线播放免费观看全集电视剧爱奇艺演员表,1716,20260701,1252
20260701,影视动漫,大师兄影视,1716,20260701,1253
20260701,影视动漫,罪恶之渊免费观看动漫全集,1714,20260701,1254
20260701,影视动漫,《炽夏》剧集,1713,20260701,1255
20260701,影视动漫,玉薄团鉴宝完整版,1712,20260701,1256
20260701,影视动漫,美国电影,1712,20260701,1257
20260701,影视动漫,《问心2》电视剧,1711,20260701,1258
20260701,影视动漫,回复术士的重启的人生,1710,20260701,1259
20260701,影视动漫,在线永久免费观看不收费的电视剧岛,1710,20260701,1260
20260701,影视动漫,免费观看国产高清电视剧在线视频,1709,20260701,1261
20260701,影视动漫,重启之极海听雷第一季免费观看,1708,20260701,1262
20260701,影视动漫,我的妻子韩剧免费观看全集在线观看天才中文网,1708,20260701,1263
20260701,影视动漫,陈翔六点半演员表,1707,20260701,1264
20260701,影视动漫,《昨夜将至》免费观看,1706,20260701,1265
20260701,影视动漫,简爱,1705,20260701,1266
20260701,影视动漫,卿卿日常电视剧全集免费观看,1705,20260701,1267
20260701,影视动漫,白鹿《莫离》免费观看完整版,1704,20260701,1268
20260701,影视动漫,哈哈哈哈哈第五季免费观看完整,1701,20260701,1269
20260701,影视动漫,助眠视频,1699,20260701,1270
20260701,影视动漫,小视频,1699,20260701,1271
20260701,影视动漫,以家人之名电视剧免费观看,1699,20260701,1272
20260701,影视动漫,大奉打更人,1696,20260701,1273
20260701,影视动漫,搞笑视频笑到肚子疼,1693,20260701,1274
20260701,影视动漫,八戒八戒免费观看完整版,1693,20260701,1275
20260701,影视动漫,以法之名免费观看全集完整版,1691,20260701,1276
20260701,影视动漫,夏娃,1690,20260701,1277
20260701,影视动漫,四川小妹儿B站视频下载安装,1689,20260701,1278
20260701,影视动漫,恋爱暴君 动漫,1689,20260701,1279
20260701,影视动漫,南部档案百度百科,1688,20260701,1280
20260701,影视动漫,很想很想你 电视剧,1688,20260701,1281
20260701,影视动漫,韩剧《推拿》在线观看,1687,20260701,1282
20260701,影视动漫,师兄啊师兄动漫全集免费观看,1685,20260701,1283
20260701,影视动漫,逐爱之心在线观看完整免费高清原声满天星美剧,1684,20260701,1284
20260701,影视动漫,主角电视剧,1683,20260701,1285
20260701,影视动漫,少年男仆库洛在线观看免费版高清百度网盘,1680,20260701,1286
20260701,影视动漫,三分之一情人,1678,20260701,1287
20260701,影视动漫,千里江山图电视剧,1677,20260701,1288
20260701,影视动漫,泰坦尼克号,1677,20260701,1289
20260701,影视动漫,藏海传,1676,20260701,1290
20260701,影视动漫,中央五套世界杯直播,1676,20260701,1291
20260701,影视动漫,奔跑吧兄弟第十三季免费观看,1672,20260701,1292
20260701,影视动漫,熊出没年年有熊,1672,20260701,1293
20260701,影视动漫,80s电影,1668,20260701,1294
20260701,影视动漫,伊波拉病毒,1668,20260701,1295
20260701,影视动漫,恶魔之口,1667,20260701,1296
20260701,影视动漫,红杏视频,1665,20260701,1297
20260701,影视动漫,翘楚电视剧全集免费播放,1664,20260701,1298
20260701,影视动漫,东北往事之黑道风云20年,1661,20260701,1299
20260701,影视动漫,疯狂公交2免费全集在线看电视,1659,20260701,1300
20260701,影视动漫,憧憬的魔法少女,1657,20260701,1301
20260701,影视动漫,催眠,1655,20260701,1302
20260701,影视动漫,霜花店在线观看,1653,20260701,1303
20260701,影视动漫,风车动漫(p)_专注动漫的门户官方网站动漫东京美食家,1650,20260701,1304
20260701,影视动漫,迪迦奥特曼,1648,20260701,1305
20260701,影视动漫,吃播,1647,20260701,1306
20260701,影视动漫,红谷影院全部免费观看电视剧百度云,1647,20260701,1307
20260701,影视动漫,我的人间烟火电视剧免费观看,1646,20260701,1308
20260701,影视动漫,youtube官方正版下载,1646,20260701,1309
20260701,影视动漫,电视剧《主角》,1643,20260701,1310
20260701,影视动漫,我为卿狂,1642,20260701,1311
20260701,影视动漫,无人区高清电影免费,1642,20260701,1312
20260701,影视动漫,快乐到死,1639,20260701,1313
20260701,影视动漫,《姐姐怀孕》动漫第一季百度云,1639,20260701,1314
20260701,影视动漫,樱花影视,1638,20260701,1315
20260701,影视动漫,小马宝莉,1638,20260701,1316
20260701,影视动漫,种鬼,1636,20260701,1317
20260701,影视动漫,斯巴达克斯在线观看,1634,20260701,1318
20260701,影视动漫,手机观看cctv5直播,1634,20260701,1319
20260701,影视动漫,红果短剧,1632,20260701,1320
20260701,影视动漫,布拉夫夫人,1631,20260701,1321
20260701,影视动漫,三生三世十里桃花免费版全集高清,1630,20260701,1322
20260701,影视动漫,《饥饿难耐》,1627,20260701,1323
20260701,影视动漫,乒乓球直播中央5现场直播,1623,20260701,1324
20260701,影视动漫,折腰 电视剧,1621,20260701,1325
20260701,影视动漫,我们的宿舍2026第二季,1621,20260701,1326
20260701,影视动漫,挣扎吧亚当君,1621,20260701,1327
20260701,影视动漫,韩剧在线高清观看,1621,20260701,1328
20260701,影视动漫,国产免费高清在线观看电视剧大全国,1620,20260701,1329
20260701,影视动漫,鬼灭之刃游郭篇全集免费观看,1620,20260701,1330
20260701,影视动漫,长相思第二季 电视剧,1617,20260701,1331
20260701,影视动漫,种地吧第四季,1617,20260701,1332
20260701,影视动漫,火遮眼在线观看电影2026免费,1614,20260701,1333
20260701,影视动漫,地狱客栈,1613,20260701,1334
20260701,影视动漫,法国空姐2018免费高清原声满天星美版百度,1613,20260701,1335
20260701,影视动漫,CCTV5 现场直播,1613,20260701,1336
20260701,影视动漫,昨夜将至免费观看全集在线观看,1613,20260701,1337
20260701,影视动漫,剥茧在线观看完整版电视剧,1611,20260701,1338
20260701,影视动漫,acfun,1611,20260701,1339
20260701,影视动漫,四渡票房,1609,20260701,1340
20260701,影视动漫,四渡赤水 电影,1608,20260701,1341
20260701,影视动漫,抖音下载,1605,20260701,1342
20260701,影视动漫,赶尸夜谭电影完整,1601,20260701,1343
20260701,影视动漫,在线观看免费高清电视剧完整版,1596,20260701,1344
20260701,影视动漫,当我飞奔向你电视剧免费,1595,20260701,1345
20260701,影视动漫,电视剧莫离全集在线观看免费,1595,20260701,1346
20260701,影视动漫,夏娃韩剧在线观看未删减版,1594,20260701,1347
20260701,影视动漫,姐姐,1594,20260701,1348
20260701,影视动漫,你是迟来的欢喜 电视剧,1592,20260701,1349
20260701,影视动漫,秘密任务潜入调查官绝不会输在线观看第8集百度云,1591,20260701,1350
20260701,影视动漫,一对一韩剧免费观看完整版电视剧在线播放,1589,20260701,1351
20260701,影视动漫,高压监狱在线观看完整免费高清满天星百度网盘,1589,20260701,1352
20260701,影视动漫,检查官的提案韩剧免费影视,1587,20260701,1353
20260701,影视动漫,千香免费观看全集电视剧,1587,20260701,1354
20260701,影视动漫,献鱼在线观看电视剧全集,1587,20260701,1355
20260701,影视动漫,南部档案张海虾真的被杀了吗,1587,20260701,1356
20260701,影视动漫,永夜星河电视剧免费高清版,1584,20260701,1357
20260701,影视动漫,杨紫电视剧,1583,20260701,1358
20260701,影视动漫,红桃影视,1581,20260701,1359
20260701,影视动漫,云秀电视剧免费观看全集在线播放下载,1580,20260701,1360
20260701,影视动漫,红辣椒电影完整版在线播放,1580,20260701,1361
20260701,影视动漫,免费观看在线高清电影电视剧完整版,1579,20260701,1362
20260701,影视动漫,亲吻姐姐,1579,20260701,1363
20260701,影视动漫,老牛影视,1578,20260701,1364
20260701,影视动漫,妻子的谎言2,1578,20260701,1365
20260701,影视动漫,天道在线观看,1578,20260701,1366
20260701,影视动漫,回家的诱惑,1578,20260701,1367
20260701,影视动漫,恐怖片,1578,20260701,1368
20260701,影视动漫,疯狂动物城2 电影,1577,20260701,1369
20260701,影视动漫,丁香花高清完整在线观看,1576,20260701,1370
20260701,影视动漫,莫离电视剧在线观看完整版,1575,20260701,1371
20260701,影视动漫,蔷薇之恋,1575,20260701,1372
20260701,影视动漫,金瓶梅2,1574,20260701,1373
20260701,影视动漫,后宫狂热动漫全集完整版在线观看,1573,20260701,1374
20260701,影视动漫,中央CCTV5直播乒乓球,1573,20260701,1375
20260701,影视动漫,妈妈,1572,20260701,1376
20260701,影视动漫,cctv1今天节目单表,1569,20260701,1377
20260701,影视动漫,《小姐妹》,1569,20260701,1378
20260701,影视动漫,电影色戒,1568,20260701,1379
20260701,影视动漫,琪琪在线影院电视剧免费观看百度网盘资源,1568,20260701,1380
20260701,影视动漫,成全视频,1565,20260701,1381
20260701,影视动漫,奥特曼动画片3-6岁,1563,20260701,1382
20260701,影视动漫,爱情有烟火剧情介绍,1562,20260701,1383
20260701,影视动漫,白日提灯电视剧完整版观看,1562,20260701,1384
20260701,影视动漫,灭门惨案之借种在线观看完整电影国语版,1560,20260701,1385
20260701,影视动漫,蜘蛛侠,1560,20260701,1386
20260701,影视动漫,天道,1560,20260701,1387
20260701,影视动漫,莫离电视剧全集免费播放在线观看,1557,20260701,1388
20260701,影视动漫,高压监狱法国版本电影在线观看,1556,20260701,1389
20260701,影视动漫,《我的朋友中字ID》1,1556,20260701,1390
20260701,影视动漫,欢乐树和他的伙伴们第一季,1556,20260701,1391
20260701,影视动漫,美国式保罗2原版,1553,20260701,1392
20260701,影视动漫,姑娘免费观看在线高清电视剧韩剧,1552,20260701,1393
20260701,影视动漫,狙击蝴蝶电视剧高清在线观看,1552,20260701,1394
20260701,影视动漫,年年有熊,1552,20260701,1395
20260701,影视动漫,家业电视剧,1551,20260701,1396
20260701,影视动漫,神马影视,1551,20260701,1397
20260701,影视动漫,爱情公寓,1550,20260701,1398
20260701,影视动漫,加勒比女海盗2塔斯尼帝复仇完整版,1550,20260701,1399
20260701,影视动漫,猫眼实时票房,1549,20260701,1400
20260701,影视动漫,全职高手,1549,20260701,1401
20260701,影视动漫,图书馆女友动漫在线看第二季免费观,1548,20260701,1402
20260701,影视动漫,三国演义在线观看免费完整版,1548,20260701,1403
20260701,影视动漫,女教师在线观看电视剧大全日剧,1548,20260701,1404
20260701,影视动漫,大地资源在线观看免费高清韩剧网,1546,20260701,1405
20260701,影视动漫,央视体育,1544,20260701,1406
20260701,影视动漫,鬼灭之刃第三季锻刀村篇免费观看,1543,20260701,1407
20260701,影视动漫,星辰影视,1543,20260701,1408
20260701,影视动漫,黑人电影,1543,20260701,1409
20260701,影视动漫,国产免费观看高清电视剧日剧在线最,1540,20260701,1410
20260701,影视动漫,光棍节电影免费完整在线观看,1537,20260701,1411
20260701,影视动漫,铁拳教育在线观看,1535,20260701,1412
20260701,影视动漫,绝代双骄,1534,20260701,1413
20260701,影视动漫,蒂蒂有话说电影免费观看高清在线观看,1534,20260701,1414
20260701,影视动漫,爱情契约泰剧全集,1534,20260701,1415
20260701,影视动漫,锦衣之下电视剧全集免费观看,1533,20260701,1416
20260701,影视动漫,逐玉电视剧40集完整,1531,20260701,1417
20260701,影视动漫,迷情,1530,20260701,1418
20260701,影视动漫,麻花传剧原创mv观看完整版百度网盘,1529,20260701,1419
20260701,影视动漫,更衣人偶坠入爱河,1528,20260701,1420
20260701,影视动漫,央视cctv5 体育在线直播,1528,20260701,1421
20260701,影视动漫,问心2剧情简介分集内容,1528,20260701,1422
20260701,影视动漫,overflow动漫第一季无马赛高清全集,1527,20260701,1423
20260701,影视动漫,内裤奇缘,1526,20260701,1424
20260701,影视动漫,80s,1525,20260701,1425
20260701,影视动漫,赘婿,1525,20260701,1426
20260701,影视动漫,爱情契约泰剧全集经典泰剧,1525,20260701,1427
20260701,影视动漫,cctv5在线观看,1524,20260701,1428
20260701,影视动漫,切尔诺贝利,1523,20260701,1429
20260701,影视动漫,斗破苍穹动漫全集,1522,20260701,1430
20260701,影视动漫,火遮眼票房,1522,20260701,1431
20260701,影视动漫,校长的侄女意大利1979年,1522,20260701,1432
20260701,影视动漫,破冰行动,1522,20260701,1433
20260701,影视动漫,保护特雷斯,1521,20260701,1434
20260701,影视动漫,日剧《偷吃》在线观看国语版完整版,1521,20260701,1435
20260701,影视动漫,国产mv免费观看电视剧在线,1518,20260701,1436
20260701,影视动漫,电视剧昨夜将至在线观看免费,1516,20260701,1437
20260701,影视动漫,隔壁家的女孩,1516,20260701,1438
20260701,影视动漫,这一秒过火什么时候播,1515,20260701,1439
20260701,影视动漫,韩剧tv在线观看韩剧免费高清全集,1513,20260701,1440
20260701,影视动漫,鸭王1,1511,20260701,1441
20260701,影视动漫,检察官的提案 韩剧在线观看,1510,20260701,1442
20260701,影视动漫,良陈美锦,1510,20260701,1443
20260701,影视动漫,聊斋,1509,20260701,1444
20260701,影视动漫,恶搞之家,1509,20260701,1445
20260701,影视动漫,喜欢你我也是,1508,20260701,1446
20260701,影视动漫,无耻之途,1507,20260701,1447
20260701,影视动漫,美女与野兽,1506,20260701,1448
20260701,影视动漫,射雕英雄传,1505,20260701,1449
20260701,影视动漫,男与女,1504,20260701,1450
20260701,影视动漫,目瑙纵歌视频完整版,1504,20260701,1451
20260701,影视动漫,快手极速版免费下载官方正版,1504,20260701,1452
20260701,影视动漫,无耻之徒第一季,1503,20260701,1453
20260701,影视动漫,无颜之月第一季在线观看免费全集,1502,20260701,1454
20260701,影视动漫,检察官的提案免费观看全集,1502,20260701,1455
20260701,影视动漫,密室大逃脱,1502,20260701,1456
20260701,影视动漫,加勒比女海盗2:斯塔内蒂的复仇,1501,20260701,1457
20260701,影视动漫,杨紫演的电视剧全部,1500,20260701,1458
20260701,影视动漫,主角电视剧观看完整版高清,1500,20260701,1459
20260701,影视动漫,新建文件夹2,1498,20260701,1460
20260701,影视动漫,盘龙动漫完整免费观看,1497,20260701,1461
20260701,影视动漫,出差3,1497,20260701,1462
20260701,影视动漫,央视网直播,1496,20260701,1463
20260701,影视动漫,赤足惊魂,1494,20260701,1464
20260701,影视动漫,熊出没之逆转时空正片免费观看,1494,20260701,1465
20260701,影视动漫,少年派,1494,20260701,1466
20260701,影视动漫,年轻的亚当/少年亚当,1494,20260701,1467
20260701,影视动漫,叶子楣的电影 三绝,1493,20260701,1468
20260701,影视动漫,731,1491,20260701,1469
20260701,影视动漫,凹凸世界,1491,20260701,1470
20260701,影视动漫,双轨电视剧免费观看全集下载,1490,20260701,1471
20260701,影视动漫,丁香花在线播放免费高清电视剧百度,1490,20260701,1472
20260701,影视动漫,在线观看视频,1490,20260701,1473
20260701,影视动漫,九首歌,1490,20260701,1474
20260701,影视动漫,油管,1487,20260701,1475
20260701,影视动漫,平凡的世界 电视剧,1487,20260701,1476
20260701,影视动漫,妻子的情人,1487,20260701,1477
20260701,影视动漫,人猿泰山,1485,20260701,1478
20260701,影视动漫,隐身的名字全集免费完整版,1484,20260701,1479
20260701,影视动漫,锦绣安宁电视剧免费观看完整版,1484,20260701,1480
20260701,影视动漫,千香演员表,1481,20260701,1481
20260701,影视动漫,丁香花在线观看免费播放全集,1481,20260701,1482
20260701,影视动漫,男生和女生一起努力打斗地主,1481,20260701,1483
20260701,影视动漫,武林外传,1481,20260701,1484
20260701,影视动漫,香港电影,1478,20260701,1485
20260701,影视动漫,蜜桃成熟,1478,20260701,1486
20260701,影视动漫,六角琴意大利在线完整版观看,1478,20260701,1487
20260701,影视动漫,佳偶天成电视剧免费观看完整版高清视频,1478,20260701,1488
20260701,影视动漫,都挺好 电视剧,1476,20260701,1489
20260701,影视动漫,七根心简电视剧完整版在线观看,1476,20260701,1490
20260701,影视动漫,美剧,1475,20260701,1491
20260701,影视动漫,心动禁止泰剧电视剧在线观看,1475,20260701,1492
20260701,影视动漫,小巷人家,1474,20260701,1493
20260701,影视动漫,红果免费短剧,1472,20260701,1494
20260701,影视动漫,爱情有烟火在线观看,1470,20260701,1495
20260701,影视动漫,大明王朝1566,1470,20260701,1496
20260701,影视动漫,泰剧《无岸52》番外在线观看,1470,20260701,1497
20260701,影视动漫,刺客伍六七,1468,20260701,1498
20260701,影视动漫,大米星球,1465,20260701,1499
20260701,影视动漫,佟大为和王佳佳的《昨夜将至》,1465,20260701,1500
20260701,影视动漫,视频播放 - 影视,1465,20260701,1501
20260701,影视动漫,翘楚免费观看完整版电视剧,1464,20260701,1502
20260701,影视动漫,动画片儿童3-6岁免费大全,1464,20260701,1503
20260701,影视动漫,中央CCTV5节目预告,1464,20260701,1504
20260701,影视动漫,私藏浪漫 电视剧,1460,20260701,1505
20260701,影视动漫,中央5套直播在线直播观看,1460,20260701,1506
20260701,影视动漫,现在就出发4,1459,20260701,1507
20260701,影视动漫,美丽小蜜桃2,1458,20260701,1508
20260701,影视动漫,入青云电视剧免费观看全集完整版,1458,20260701,1509
20260701,影视动漫,封神榜,1457,20260701,1510
20260701,影视动漫,日本电影《加班》,1455,20260701,1511
20260701,影视动漫,金关,1455,20260701,1512
20260701,影视动漫,人世间,1455,20260701,1513
20260701,影视动漫,南部档案电视剧剧情介绍,1453,20260701,1514
20260701,影视动漫,南部档案在线,1452,20260701,1515
20260701,影视动漫,邻居也疯狂免费完整版电视剧,1451,20260701,1516
20260701,影视动漫,玩具总动员5,1451,20260701,1517
20260701,影视动漫,禁忌2美剧在线观看电视剧,1450,20260701,1518
20260701,影视动漫,白鹿《莫离》,1449,20260701,1519
20260701,影视动漫,芒果tv,1448,20260701,1520
20260701,影视动漫,觉醒年代,1448,20260701,1521
20260701,影视动漫,A站,1448,20260701,1522
20260701,影视动漫,豆花视频,1447,20260701,1523
20260701,影视动漫,电视直播,1446,20260701,1524
20260701,影视动漫,魔鬼恋人第一季动漫,1445,20260701,1525
20260701,影视动漫,你好星期六,1444,20260701,1526
20260701,影视动漫,《迷墙》电视剧全集免费观看,1444,20260701,1527
20260701,影视动漫,喜欢你我也是第6季免费观看全集高清版,1443,20260701,1528
20260701,影视动漫,炽夏电视剧全集免费观看周柯宇,1442,20260701,1529
20260701,影视动漫,中央五套CCTV5十,1442,20260701,1530
20260701,影视动漫,外国人b站,1441,20260701,1531
20260701,影视动漫,高校教师1993电影在线观看免费播放电视剧,1441,20260701,1532
20260701,影视动漫,聚会的目的2,1441,20260701,1533
20260701,影视动漫,奇迹在东京泰剧在线观看,1439,20260701,1534
20260701,影视动漫,大尺度美剧,1437,20260701,1535
20260701,影视动漫,可乐视频,1437,20260701,1536
20260701,影视动漫,新进职员姜会长,1436,20260701,1537
20260701,影视动漫,爱恋2015电影在线观看完免费,1435,20260701,1538
20260701,影视动漫,风车动漫网,1435,20260701,1539
20260701,影视动漫,姐妹,1435,20260701,1540
20260701,影视动漫,免费看,1432,20260701,1541
20260701,影视动漫,安家 电视剧,1429,20260701,1542
20260701,影视动漫,生万物,1429,20260701,1543
20260701,影视动漫,我的人间烟火 电视剧,1429,20260701,1544
20260701,影视动漫,我的错误,1426,20260701,1545
20260701,影视动漫,南方档案电视剧免费观看全集高清,1426,20260701,1546
20260701,影视动漫,没落贵族琉璃川1-4集免费,1424,20260701,1547
20260701,影视动漫,成全影视在线第6季观看免费全集完整版,1424,20260701,1548
20260701,影视动漫,《地球超新鲜2》免费观看高清,1421,20260701,1549
20260701,影视动漫,泰剧《KNOT》完整版在线观看,1421,20260701,1550
20260701,影视动漫,knot结缘泰剧免费全集,1421,20260701,1551
20260701,影视动漫,南部挡案在线观看,1420,20260701,1552
20260701,影视动漫,中央5,1419,20260701,1553
20260701,影视动漫,你是我的荣耀 电视剧,1419,20260701,1554
20260701,影视动漫,泰剧网,1419,20260701,1555
20260701,影视动漫,清潭国际高中第二季,1418,20260701,1556
20260701,影视动漫,烈火情人在线观看电视剧免费高清,1417,20260701,1557
20260701,影视动漫,百厨大战第二季,1415,20260701,1558
20260701,影视动漫,爱在是隆泰剧,1414,20260701,1559
20260701,影视动漫,韩国爱情电影,1414,20260701,1560
20260701,影视动漫,戏梦巴黎,1413,20260701,1561
20260701,影视动漫,高压监狱在线观看完整版的,1413,20260701,1562
20260701,影视动漫,这是我的西游第二季,1412,20260701,1563
20260701,影视动漫,站着再来一次第50集百度云资源,1412,20260701,1564
20260701,影视动漫,白日提灯,1412,20260701,1565
20260701,影视动漫,浣纱录电视剧免费观看,1411,20260701,1566
20260701,影视动漫,CCTv5,1411,20260701,1567
20260701,影视动漫,檀健次演的电视剧,1410,20260701,1568
20260701,影视动漫,《入戏》电视剧全集免费观看,1409,20260701,1569
20260701,影视动漫,模范出租车,1408,20260701,1570
20260701,影视动漫,叛逆者电视剧免费观看完整版,1407,20260701,1571
20260701,影视动漫,赴山海电视剧免费观看完整版,1405,20260701,1572
20260701,影视动漫,最新电视剧连续剧,1405,20260701,1573
20260701,影视动漫,吞噬星空动漫,1404,20260701,1574
20260701,影视动漫,蜘蛛直播世界杯直播在线,1403,20260701,1575
20260701,影视动漫,卿卿日常电视剧全集免费观看高清爱奇艺,1403,20260701,1576
20260701,影视动漫,火影忍者免费观看,1401,20260701,1577
20260701,影视动漫,神秘电影,1400,20260701,1578
20260701,影视动漫,莫离电视连续剧免费观看,1399,20260701,1579
20260701,影视动漫,绝世唐门2高清在线播放免费观看,1398,20260701,1580
20260701,影视动漫,老九门 电视剧,1398,20260701,1581
20260701,影视动漫,豚豚剧,1397,20260701,1582
20260701,影视动漫,巴士档案站,1396,20260701,1583
20260701,影视动漫,心动预测(猜猜爱)泰剧未删减版,1395,20260701,1584
20260701,影视动漫,人猿泰山电影HD版泰山与珍妮,1393,20260701,1585
20260701,影视动漫,僵尸在线观看完整版,1392,20260701,1586
20260701,影视动漫,阿凡达3火与烬4K在线观看,1392,20260701,1587
20260701,影视动漫,美丽的水密桃,1390,20260701,1588
20260701,影视动漫,三年片段在线观看免费观看第4集,1390,20260701,1589
20260701,影视动漫,雪中悍刀行第二部,1389,20260701,1590
20260701,影视动漫,莫离电视剧免费观看,1388,20260701,1591
20260701,影视动漫,烟火爱情电视剧在线观看,1387,20260701,1592
20260701,影视动漫,太阳的后裔 电视剧,1387,20260701,1593
20260701,影视动漫,南部档案全集电视剧,1387,20260701,1594
20260701,影视动漫,来杯好茶摇一摇舞蹈视频,1386,20260701,1595
20260701,影视动漫,国产电影在线播放mv免费观看电视剧大全集下载百度网盘,1386,20260701,1596
20260701,影视动漫,魔法少女,1385,20260701,1597
20260701,影视动漫,美景之屋2,1380,20260701,1598
20260701,影视动漫,图书馆的女孩,1380,20260701,1599
20260701,影视动漫,三年片段在线观看视频,1378,20260701,1600
20260701,影视动漫,危险关系,1377,20260701,1601
20260701,影视动漫,动漫片片,1376,20260701,1602
20260701,影视动漫,电视剧观看大全,1376,20260701,1603
20260701,影视动漫,新金瓶梅电视剧一到五集龚玥菲是谁演,1376,20260701,1604
20260701,影视动漫,爱情季节,1375,20260701,1605
20260701,影视动漫,我的前半生 电视剧,1374,20260701,1606
20260701,影视动漫,姐妹病毒,1374,20260701,1607
20260701,影视动漫,玩具总动员5免费完整版,1373,20260701,1608
20260701,影视动漫,疯狂动物城二中文版免费,1372,20260701,1609
20260701,影视动漫,阿嬷的情书,1372,20260701,1610
20260701,影视动漫,喜爱夜薄2 电影,1372,20260701,1611
20260701,影视动漫,地缚少年花子君,1371,20260701,1612
20260701,影视动漫,17在线观看免费高清电视剧狂飙,1371,20260701,1613
20260701,影视动漫,爱情有烟火全集完整版,1369,20260701,1614
20260701,影视动漫,昨日将至在线观看,1369,20260701,1615
20260701,影视动漫,江湖夜雨十年灯电视剧,1369,20260701,1616
20260701,影视动漫,B站,1369,20260701,1617
20260701,影视动漫,宿敌恋人泰剧在线观看全集免费高清,1367,20260701,1618
20260701,影视动漫,365天黑道老大爱上我电影免费全集在线观看第4,1367,20260701,1619
20260701,影视动漫,繁花,1366,20260701,1620
20260701,影视动漫,临江仙,1363,20260701,1621
20260701,影视动漫,娃娃脸3,1363,20260701,1622
20260701,影视动漫,泰剧《KNOT》完整版,1363,20260701,1623
20260701,影视动漫,炽夏在线,1362,20260701,1624
20260701,影视动漫,欧美电影,1361,20260701,1625
20260701,影视动漫,在线视频在线观看,1359,20260701,1626
20260701,影视动漫,变形金刚,1359,20260701,1627
20260701,影视动漫,苍空电影完整版未删减版百度,1358,20260701,1628
20260701,影视动漫,四度电影简介百度百科,1358,20260701,1629
20260701,影视动漫,名侦探柯普通话版全集,1356,20260701,1630
20260701,影视动漫,《地球超新鲜》免费观看,1356,20260701,1631
20260701,影视动漫,莲花楼在线看全集免费观看高清,1356,20260701,1632
20260701,影视动漫,开始推理吧,1355,20260701,1633
20260701,影视动漫,五哈,1355,20260701,1634
20260701,影视动漫,怦然与你,1354,20260701,1635
20260701,影视动漫,巨人族的新娘花嫁在线观看全集免费高清,1354,20260701,1636
20260701,影视动漫,问心2 电视剧,1354,20260701,1637
20260701,影视动漫,罗小黑战记,1353,20260701,1638
20260701,影视动漫,五十度黑,1352,20260701,1639
20260701,影视动漫,喜欢你我也是2026免费观看,1351,20260701,1640
20260701,影视动漫,南部档案在线播放,1349,20260701,1641
20260701,影视动漫,建党伟业,1349,20260701,1642
20260701,影视动漫,斩神之凡尘神域第一季在线观看高清,1349,20260701,1643
20260701,影视动漫,4480,1348,20260701,1644
20260701,影视动漫,cctv13,1347,20260701,1645
20260701,影视动漫,从零开始的异世界生活,1347,20260701,1646
20260701,影视动漫,成何体统在线观看免费高清在线观看乌龙山剿匪记,1346,20260701,1647
20260701,影视动漫,农场主的女儿们,1344,20260701,1648
20260701,影视动漫,成龙电影大全免费观看完整版,1343,20260701,1649
20260701,影视动漫,cctv5加,1343,20260701,1650
20260701,影视动漫,cctv4中文国际频道直播,1343,20260701,1651
20260701,影视动漫,奇怪的美容美发,1343,20260701,1652
20260701,影视动漫,告诉我你想要什么 西班牙,1343,20260701,1653
20260701,影视动漫,老男孩,1343,20260701,1654
20260701,影视动漫,斗破苍穹年番在线观看全集免费播放漫画,1342,20260701,1655
20260701,影视动漫,双男主动漫剧日漫推荐,1341,20260701,1656
20260701,影视动漫,无尽的尽头,1340,20260701,1657
20260701,影视动漫,灵魂重生泰剧播放电视剧在线观看全集,1338,20260701,1658
20260701,影视动漫,四面佛泰剧15集全集播放,1337,20260701,1659
20260701,影视动漫,knot泰剧,1337,20260701,1660
20260701,影视动漫,猫和老鼠动画片免费全集播放,1336,20260701,1661
20260701,影视动漫,激烈亲吻,1336,20260701,1662
20260701,影视动漫,白鹿莫离电视剧,1335,20260701,1663
20260701,影视动漫,雪中悍刀行,1335,20260701,1664
20260701,影视动漫,夫妇联欢会回不去的夜晚第一季百度网盘,1335,20260701,1665
20260701,影视动漫,惊艳大片mv大全,1334,20260701,1666
20260701,影视动漫,《租借女友》,1334,20260701,1667
20260701,影视动漫,小黄人,1334,20260701,1668
20260701,影视动漫,午马影视免费观看电视剧电影,1333,20260701,1669
20260701,影视动漫,上流社会完整版,1332,20260701,1670
20260701,影视动漫,缘之空在线观看,1331,20260701,1671
20260701,影视动漫,墨雨云间全集免费观看完整版电视剧,1331,20260701,1672
20260701,影视动漫,神马视频,1329,20260701,1673
20260701,影视动漫,加勒比海盗,1329,20260701,1674
20260701,影视动漫,千香百度百科,1325,20260701,1675
20260701,影视动漫,中央5套节目表,1325,20260701,1676
20260701,影视动漫,25岁高中生动漫完整免费版,1324,20260701,1677
20260701,影视动漫,动漫在线观看,1323,20260701,1678
20260701,影视动漫,给阿嬷的情书票房,1323,20260701,1679
20260701,影视动漫,南部档案什么时候上映,1322,20260701,1680
20260701,影视动漫,cctv5在线直播cctv5 现场直播,1322,20260701,1681
20260701,影视动漫,周生如故 电视剧,1322,20260701,1682
20260701,影视动漫,《Knot/结缘》泰剧,1322,20260701,1683
20260701,影视动漫,千香引免费完整版电视剧,1322,20260701,1684
20260701,影视动漫,鞠婧祎新剧《千香》,1321,20260701,1685
20260701,影视动漫,最早的电影出现于哪个时期,1321,20260701,1686
20260701,影视动漫,影音先锋,1318,20260701,1687
20260701,影视动漫,荷尔蒙6,1318,20260701,1688
20260701,影视动漫,星辰影视大全,1318,20260701,1689
20260701,影视动漫,天浴电影,1318,20260701,1690
20260701,影视动漫,奇怪的理发店,1317,20260701,1691
20260701,影视动漫,少林扫地僧,1316,20260701,1692
20260701,影视动漫,南部档案电视剧全集观看,1316,20260701,1693
20260701,影视动漫,变成黑皮辣妹之后和好朋友在一起了动漫,1316,20260701,1694
20260701,影视动漫,莫离在线观看,1315,20260701,1695
20260701,影视动漫,幸福又见彩虹演员表,1315,20260701,1696
20260701,影视动漫,昨夜将至电视剧在线观看,1315,20260701,1697
20260701,影视动漫,阿嬷的情书免费观看电视剧完整版潮汕话,1312,20260701,1698
20260701,影视动漫,紫雅为什么被杀,1310,20260701,1699
20260701,影视动漫,家业完整版电视剧,1310,20260701,1700
20260701,影视动漫,三叉戟2 电视剧,1309,20260701,1701
20260701,影视动漫,觉醒年代 电视剧,1308,20260701,1702
20260701,影视动漫,八戒影视,1307,20260701,1703
20260701,影视动漫,爱情面前谁怕谁电视剧免费观看,1306,20260701,1704
20260701,影视动漫,50岁阿姨在线观看电视剧韩剧,1306,20260701,1705
20260701,影视动漫,汪汪队,1306,20260701,1706
20260701,影视动漫,农民伯伯乡下妹免费版电视剧百度云,1305,20260701,1707
20260701,影视动漫,黑吃黑第一季免费完整版,1305,20260701,1708
20260701,影视动漫,我的人间烟火,1304,20260701,1709
20260701,影视动漫,余罪,1304,20260701,1710
20260701,影视动漫,加勒比女海盗2斯蒂塔内复仇,1303,20260701,1711
20260701,影视动漫,泰剧心口不一,1303,20260701,1712
20260701,影视动漫,看片软件,1303,20260701,1713
20260701,影视动漫,新金瓶电视剧1-5集在线观看免费高清播放视频,1302,20260701,1714
20260701,影视动漫,租借女友第二季动漫在线观看全集高清,1301,20260701,1715
20260701,影视动漫,弱弱老师第一季,1300,20260701,1716
20260701,影视动漫,四面佛全集在线观看,1299,20260701,1717
20260701,影视动漫,韩剧HD在线观看免费全集电视剧,1299,20260701,1718
20260701,影视动漫,风吹半夏电视剧在线观看全集免费,1297,20260701,1719
20260701,影视动漫,小黄人大电影,1296,20260701,1720
20260701,影视动漫,哈兰德绝杀 甲亢哥立马换装,1295,20260701,1721
20260701,影视动漫,我的山与海演员表大全,1295,20260701,1722
20260701,影视动漫,许我耀眼电视剧观看在线完整,1295,20260701,1723
20260701,影视动漫,秋蝉演员表,1293,20260701,1724
20260701,影视动漫,《女仆咖啡厅》动漫介绍,1292,20260701,1725
20260701,影视动漫,双程电视剧,1292,20260701,1726
20260701,影视动漫,泰剧knot免费观看最新一集,1292,20260701,1727
20260701,影视动漫,森林里的熊先生冬眠中漫画全集免费,1292,20260701,1728
20260701,影视动漫,炽夏电视剧免费观看全集在线播放,1290,20260701,1729
20260701,影视动漫,成全世界全集免费视频,1290,20260701,1730
20260701,影视动漫,森中有林电影在线观看于和伟,1290,20260701,1731
20260701,影视动漫,昨夜将至电视剧免费观看,1290,20260701,1732
20260701,影视动漫,陪读妈妈,1286,20260701,1733
20260701,影视动漫,爱情有烟火男二换脸了吗,1283,20260701,1734
20260701,影视动漫,沙海,1283,20260701,1735
20260701,影视动漫,漫长的季节 电视剧,1283,20260701,1736
20260701,影视动漫,神印王座全集免费,1283,20260701,1737
20260701,影视动漫,爱恋2015法国电影完整版在线播放中,1283,20260701,1738
20260701,影视动漫,《莫离》40集在线观看,1281,20260701,1739
20260701,影视动漫,笑傲江湖,1281,20260701,1740
20260701,影视动漫,神雕侠侣,1280,20260701,1741
20260701,影视动漫,炽热的他在线观看全集免费观看电视剧,1280,20260701,1742
20260701,影视动漫,色戒免费观看,1280,20260701,1743
20260701,影视动漫,《黄昏失焦》动漫,1280,20260701,1744
20260701,影视动漫,镖人的演员表名单,1279,20260701,1745
20260701,影视动漫,耀眼电视剧免费观看全集完整版,1278,20260701,1746
20260701,影视动漫,环太平洋,1278,20260701,1747
20260701,影视动漫,中央五台CCTV5十节目直播,1278,20260701,1748
20260701,影视动漫,8848影院在线观看免费观看电视剧百度4348,1277,20260701,1749
20260701,影视动漫,追剧达人,1275,20260701,1750
20260701,影视动漫,丞磊演的电视剧有哪些,1273,20260701,1751
20260701,影视动漫,芒果TV,1273,20260701,1752
20260701,影视动漫,蘑菇tV隐藏5秒跳转路线百度广告,1272,20260701,1753
20260701,影视动漫,问心2百度百科,1271,20260701,1754
20260701,影视动漫,毒战,1270,20260701,1755
20260701,影视动漫,士兵突击,1270,20260701,1756
20260701,影视动漫,模范出租车第一季在线观看韩剧高清,1269,20260701,1757
20260701,影视动漫,满天星电影免费观看电影,1269,20260701,1758
20260701,影视动漫,爱情有烟火电视剧免费观看全集完整版我的人间烟火,1268,20260701,1759
20260701,影视动漫,寻梦环游记,1267,20260701,1760
20260701,影视动漫,特立独行电影免费观看完整版高清国语,1266,20260701,1761
20260701,影视动漫,星月征途电视剧,1266,20260701,1762
20260701,影视动漫,央视5套cctv5直播,1266,20260701,1763
20260701,影视动漫,憧憬成为魔法少女高清,1266,20260701,1764
20260701,影视动漫,铁拳教育韩剧全集完整版,1264,20260701,1765
20260701,影视动漫,不洁之星,1263,20260701,1766
20260701,影视动漫,gogogo高清免费观看电视剧一百度17c,1262,20260701,1767
20260701,影视动漫,韩国电影在线,1261,20260701,1768
20260701,影视动漫,cctv5赛程安排,1261,20260701,1769
20260701,影视动漫,每日大赛24小时爆料集百度看,1261,20260701,1770
20260701,影视动漫,《主角》电视剧48集全,1260,20260701,1771
20260701,影视动漫,魔道祖师动漫完整版免费,1259,20260701,1772
20260701,影视动漫,《束缚游戏》在线观看动漫第一季,1259,20260701,1773
20260701,影视动漫,暗夜与黎明电视剧免费观看,1258,20260701,1774
20260701,影视动漫,惊变电影,1258,20260701,1775
20260701,影视动漫,后室电影版全集,1258,20260701,1776
20260701,影视动漫,年轻的女孩,1257,20260701,1777
20260701,影视动漫,入戏在线观看,1257,20260701,1778
20260701,影视动漫,中央cctv5直播在线观看,1257,20260701,1779
20260701,影视动漫,雍正王朝 电视剧,1256,20260701,1780
20260701,影视动漫,泰剧《偿还》,1256,20260701,1781
20260701,影视动漫,《金花瓶楷梅花5》,1255,20260701,1782
20260701,影视动漫,奔跑吧兄弟第三季,1254,20260701,1783
20260701,影视动漫,春山境,1252,20260701,1784
20260701,影视动漫,爱在空气中泰剧未删减百度,1252,20260701,1785
20260701,影视动漫,刘老庄八十二壮士,1252,20260701,1786
20260701,影视动漫,行尸走肉,1251,20260701,1787
20260701,影视动漫,干脆杀了他算了在线观看完整免费高清原声,1251,20260701,1788
20260701,影视动漫,故乡别来无恙全集免费观看,1250,20260701,1789
20260701,影视动漫,电影《特殊交易》,1250,20260701,1790
20260701,影视动漫,农场主家的三个女儿.1976年,1250,20260701,1791
20260701,影视动漫,唐朝诡事录之长安免费观看全集高清,1249,20260701,1792
20260701,影视动漫,神马,1247,20260701,1793
20260701,影视动漫,乡村爱情18部全40集,1247,20260701,1794
20260701,影视动漫,加勒比海盗女海盗1-4,1247,20260701,1795
20260701,影视动漫,追恶电影2026免费观看,1246,20260701,1796
20260701,影视动漫,隔壁女孩中汉字,1246,20260701,1797
20260701,影视动漫,四渡演员表,1245,20260701,1798
20260701,影视动漫,舌吻原声现场版,1245,20260701,1799
20260701,影视动漫,僵尸先生 电影,1244,20260701,1800
20260701,影视动漫,对你的爱很美 电视剧,1243,20260701,1801
20260701,影视动漫,挡不住的风景翁虹主演的电影,1242,20260701,1802
20260701,影视动漫,无赦之仇,1241,20260701,1803
20260701,影视动漫,家事法庭,1241,20260701,1804
20260701,影视动漫,奔跑吧第十四季免费完整版,1241,20260701,1805
20260701,影视动漫,我的妈妈动漫日语版全集观看,1240,20260701,1806
20260701,影视动漫,挪威的森林,1240,20260701,1807
20260701,影视动漫,南部档案馆电视剧,1240,20260701,1808
20260701,影视动漫,爱恋在线观看电影,1239,20260701,1809
20260701,影视动漫,石纪元,1239,20260701,1810
20260701,影视动漫,变成黑皮辣妹和兄弟了类似动漫,1239,20260701,1811
20260701,影视动漫,斩神第一季,1238,20260701,1812
20260701,影视动漫,恋爱暴君,1237,20260701,1813
20260701,影视动漫,蓝莓tv,1237,20260701,1814
20260701,影视动漫,哈哈哈,1236,20260701,1815
20260701,影视动漫,蛮好的人生,1236,20260701,1816
20260701,影视动漫,打屁股视频,1234,20260701,1817
20260701,影视动漫,后营露营,1234,20260701,1818
20260701,影视动漫,钟馗,1234,20260701,1819
20260701,影视动漫,韶华若锦全集免费观看,1234,20260701,1820
20260701,影视动漫,开元祺牌1-40集免费观看,1234,20260701,1821
20260701,影视动漫,九一视频,1234,20260701,1822
20260701,影视动漫,小姐韩剧免费观看全集在线,1233,20260701,1823
20260701,影视动漫,歌唱祖国,1233,20260701,1824
20260701,影视动漫,暗格里的秘密电视剧免费观看完整版,1233,20260701,1825
20260701,影视动漫,破冰行动电视剧免费观看完整版,1232,20260701,1826
20260701,影视动漫,幸福花园动漫高清版,1232,20260701,1827
20260701,影视动漫,唐人街探案3,1230,20260701,1828
20260701,影视动漫,策驰影视,1230,20260701,1829
20260701,影视动漫,泡妞视频,1227,20260701,1830
20260701,影视动漫,我的前半生,1226,20260701,1831
20260701,影视动漫,泰剧双男主电视剧,1226,20260701,1832
20260701,影视动漫,cctv5现场直播,1225,20260701,1833
20260701,影视动漫,以家人之名,1224,20260701,1834
20260701,影视动漫,聊斋艳谭五通魔神之三只狐狸电影演员表,1223,20260701,1835
20260701,影视动漫,捏造陷阱,1223,20260701,1836
20260701,影视动漫,半熟恋人第四季综艺在线观看免费高清,1223,20260701,1837
20260701,影视动漫,进击的巨人第一季在线观看,1222,20260701,1838
20260701,影视动漫,cctv5今日赛程表,1221,20260701,1839
20260701,影视动漫,扫毒风暴,1219,20260701,1840
20260701,影视动漫,美女热舞,1219,20260701,1841
20260701,影视动漫,黑执事,1218,20260701,1842
20260701,影视动漫,泡泡影视,1218,20260701,1843
20260701,影视动漫,本能,1218,20260701,1844
20260701,影视动漫,片库网,1217,20260701,1845
20260701,影视动漫,雪豹,1216,20260701,1846
20260701,影视动漫,红星照耀中国,1216,20260701,1847
20260701,影视动漫,天赐的声音第7季,1216,20260701,1848
20260701,影视动漫,完美世界动漫,1215,20260701,1849
20260701,影视动漫,森中有林演员表,1214,20260701,1850
20260701,影视动漫,爱情公寓第一季,1214,20260701,1851
20260701,影视动漫,忙忙碌碌寻宝藏第二季免费观看高清,1214,20260701,1852
20260701,影视动漫,镖人演员表,1214,20260701,1853
20260701,影视动漫,牧神记,1213,20260701,1854
20260701,影视动漫,巫泰剧,1213,20260701,1855
20260701,影视动漫,一线,1212,20260701,1856
20260701,影视动漫,蜜桃成熟时3D,1212,20260701,1857
20260701,影视动漫,与晋长安 电视剧,1210,20260701,1858
20260701,影视动漫,斗罗大陆1,1206,20260701,1859
20260701,影视动漫,男与女韩剧电影结局免费观看全集,1205,20260701,1860
20260701,影视动漫,烈火情人,1205,20260701,1861
20260701,影视动漫,完美搭档韩剧电视剧在线观看全集,1205,20260701,1862
20260701,影视动漫,检察官的提案全集免费观看高清,1205,20260701,1863
20260701,影视动漫,枳夏电视剧在线观看,1204,20260701,1864
20260701,影视动漫,异世界迷宫开后宫第二季,1204,20260701,1865
20260701,影视动漫,樱花动漫网imomoe官网下载,1202,20260701,1866
20260701,影视动漫,八哥电影网,1202,20260701,1867
20260701,影视动漫,无颜之月动漫全集第一季完整观看,1202,20260701,1868
20260701,影视动漫,接吻视频,1202,20260701,1869
20260701,影视动漫,哪吒之魔童闹海免费观看电影哪吒2,1202,20260701,1870
20260701,影视动漫,租借女友,1201,20260701,1871
20260701,影视动漫,Cctv5,1201,20260701,1872
20260701,影视动漫,憧憬成为魔法少女第一季,1199,20260701,1873
20260701,影视动漫,凡人歌 电视剧,1198,20260701,1874
20260701,影视动漫,伪装者,1197,20260701,1875
20260701,影视动漫,欲奴电视剧第一季美剧在线,1196,20260701,1876
20260701,影视动漫,小黄人与大怪兽,1194,20260701,1877
20260701,影视动漫,《女教师》在线观看电视剧韩剧,1192,20260701,1878
20260701,影视动漫,黑夜告白电视剧观看完整版高清,1191,20260701,1879
20260701,影视动漫,国色芳华电视剧免费观看杨紫,1191,20260701,1880
20260701,影视动漫,美女被咬小头头,1191,20260701,1881
20260701,影视动漫,电影理论,1191,20260701,1882
20260701,影视动漫,熊出没之逆转时空免费观看,1191,20260701,1883
20260701,影视动漫,四喜电视剧,1190,20260701,1884
20260701,影视动漫,工作女郎,1190,20260701,1885
20260701,影视动漫,农场主的三个女儿们,1189,20260701,1886
20260701,影视动漫,亢奋第三季,1189,20260701,1887
20260701,影视动漫,斯巴达克斯第一季,1188,20260701,1888
20260701,影视动漫,金特务本色回归在线观看完整版,1188,20260701,1889
20260701,影视动漫,中央13台新闻频道高清直播,1188,20260701,1890
20260701,影视动漫,女人的战争,1188,20260701,1891
20260701,影视动漫,奇怪的美发沙龙,1188,20260701,1892
20260701,影视动漫,娼年电影,1186,20260701,1893
20260701,影视动漫,致命诱惑,1186,20260701,1894
20260701,影视动漫,365天黑榜大佬爱上我电影,1185,20260701,1895
20260701,影视动漫,电影在线,1184,20260701,1896
20260701,影视动漫,四渡赤水电影免费观看,1183,20260701,1897
20260701,影视动漫,知否知否应是绿肥红瘦全集,1183,20260701,1898
20260701,影视动漫,不惑之旅全集免费观看完整版,1183,20260701,1899
20260701,影视动漫,在线影院,1182,20260701,1900
20260701,影视动漫,缘之空在线观看完整版,1181,20260701,1901
20260701,影视动漫,奔跑吧第一季免费完整版在线观看,1181,20260701,1902
20260701,影视动漫,地下偶像动漫,1180,20260701,1903
20260701,影视动漫,《莫离》电视剧剧情介绍,1180,20260701,1904
20260701,影视动漫,翻咔,1179,20260701,1905
20260701,影视动漫,蘑菇mogu2.6.0版本官网,1179,20260701,1906
20260701,影视动漫,爱的承诺泰剧双男主剧情,1178,20260701,1907
20260701,影视动漫,舍不得星星 电视剧,1177,20260701,1908
20260701,影视动漫,电视剧爱情有烟火免费观看全集,1176,20260701,1909
20260701,影视动漫,官人我要,1176,20260701,1910
20260701,影视动漫,玉女心经电影,1175,20260701,1911
20260701,影视动漫,出轨的女人2,1175,20260701,1912
20260701,影视动漫,南部档案在线免费观看,1175,20260701,1913
20260701,影视动漫,野花香电视剧在线观看第9集播放,1174,20260701,1914
20260701,影视动漫,千香什么时候播出,1173,20260701,1915
20260701,影视动漫,柯南,1173,20260701,1916
20260701,影视动漫,征服电视剧免费观看全集,1173,20260701,1917
20260701,影视动漫,忙忙碌碌寻宝藏2免费观看完整版2026,1172,20260701,1918
20260701,影视动漫,人人影视官网,1171,20260701,1919
20260701,影视动漫,圣华女子学院动漫全集观看,1170,20260701,1920
20260701,影视动漫,琉璃 电视剧,1170,20260701,1921
20260701,影视动漫,说唱巅峰对决2026,1170,20260701,1922
20260701,影视动漫,泰剧《偿还》免费观看,1169,20260701,1923
20260701,影视动漫,召唤魅魔结果是义魔母来了,1169,20260701,1924
20260701,影视动漫,辣身危情电影完整解说,1169,20260701,1925
20260701,影视动漫,逐爱之心2,1169,20260701,1926
20260701,影视动漫,无悔追踪,1168,20260701,1927
20260701,影视动漫,爱情有烟火电视剧全集在线观看,1167,20260701,1928
20260701,影视动漫,我们与恋爱的距离免费观看全集,1167,20260701,1929
20260701,影视动漫,吸血贵利王,1166,20260701,1930
20260701,影视动漫,《家业》电视剧观看,1165,20260701,1931
20260701,影视动漫,央视ccTV5十5频道节目,1165,20260701,1932
20260701,影视动漫,魔方小姐,1165,20260701,1933
20260701,影视动漫,狐妖小红娘,1165,20260701,1934
20260701,影视动漫,炽夏电视剧免费提前看,1165,20260701,1935
20260701,影视动漫,《入戏》全集免费观看,1165,20260701,1936
20260701,影视动漫,破冰行动演员表,1165,20260701,1937
20260701,影视动漫,欧洲免费高清电视剧精选,1163,20260701,1938
20260701,影视动漫,伪装者 电视剧,1160,20260701,1939
20260701,影视动漫,金部长:本色回归,1160,20260701,1940
20260701,影视动漫,双程,1158,20260701,1941
20260701,影视动漫,国产观看免费高清电视剧,1158,20260701,1942
20260701,影视动漫,幸福又见彩虹,1157,20260701,1943
20260701,影视动漫,你的名字,1157,20260701,1944
20260701,影视动漫,密室大逃脱第五季免费观看完整版,1157,20260701,1945
20260701,影视动漫,舌吻舌吻,1157,20260701,1946
20260701,影视动漫,白月梵星电视剧在线观看完整版,1156,20260701,1947
20260701,影视动漫,盛唐奇案,1156,20260701,1948
20260701,影视动漫,少年男仆库洛在线观看免费版高清百度,1156,20260701,1949
20260701,影视动漫,相亲对象是问题学生,1156,20260701,1950
20260701,影视动漫,恋爱的味道在线观看免费完整版电视剧 韩剧,1155,20260701,1951
20260701,影视动漫,千香引电视剧全集高清免费播放,1155,20260701,1952
20260701,影视动漫,陷阱韩剧电影完整版在线观看,1155,20260701,1953
20260701,影视动漫,天浴,1155,20260701,1954
20260701,影视动漫,泰剧爱情契约,1155,20260701,1955
20260701,影视动漫,美剧在线观看全集免费高清,1155,20260701,1956
20260701,影视动漫,哪吒2魔童闹海免费观看完整版,1154,20260701,1957
20260701,影视动漫,新妹魔王的契约者,1153,20260701,1958
20260701,影视动漫,交换的一天韩剧在线观看电视剧,1153,20260701,1959
20260701,影视动漫,接吻强吻,1152,20260701,1960
20260701,影视动漫,偷窥,1152,20260701,1961
20260701,影视动漫,鬼吹灯,1151,20260701,1962
20260701,影视动漫,央视一套直播在线直播,1151,20260701,1963
20260701,影视动漫,釜山行,1151,20260701,1964
20260701,影视动漫,古装剧大全古装电视剧免费观看,1150,20260701,1965
20260701,影视动漫,黑吃黑,1150,20260701,1966
20260701,影视动漫,千香电视剧免费观看全集高清2026,1150,20260701,1967
20260701,影视动漫,人生若如初见 电视剧,1149,20260701,1968
20260701,影视动漫,GOGOGO高清免费观看电视剧百度,1147,20260701,1969
20260701,影视动漫,知否知否应是绿肥红瘦全集免费观看,1147,20260701,1970
20260701,影视动漫,世界杯直播观看在线CCTV5,1147,20260701,1971
20260701,影视动漫,沧元图免费观看国漫,1146,20260701,1972
20260701,影视动漫,央视网cctv5直播,1146,20260701,1973
20260701,影视动漫,玉茗茶骨,1144,20260701,1974
20260701,影视动漫,泰坦尼克号电影高清完整版在线观看,1144,20260701,1975
20260701,影视动漫,韩剧《我的大叔》,1143,20260701,1976
20260701,影视动漫,白夜暗影电视剧全集免费观看,1143,20260701,1977
20260701,影视动漫,风筝 电视剧,1143,20260701,1978
20260701,影视动漫,哥布林杀手,1143,20260701,1979
20260701,影视动漫,苹果电影在线完整免费观看电影投影电视剧的软件有哪些,1142,20260701,1980
20260701,影视动漫,25岁的女高中生,1142,20260701,1981
20260701,影视动漫,爱恋2015在线观看完免费高清原声满天星美剧,1141,20260701,1982
20260701,影视动漫,亲爱的热爱的,1140,20260701,1983
20260701,影视动漫,少林足球,1140,20260701,1984
20260701,影视动漫,《地球超新鲜》第二季,1139,20260701,1985
20260701,影视动漫,知否知否应是绿肥红瘦免费观看全集电视剧,1139,20260701,1986
20260701,影视动漫,流水迢迢 电视剧,1139,20260701,1987
20260701,影视动漫,《家业》电视剧,1138,20260701,1988
20260701,影视动漫,给阿嚒的情书,1138,20260701,1989
20260701,影视动漫,战狼6,1138,20260701,1990
20260701,影视动漫,凌晨三点看免费高清电视剧狂飙,1137,20260701,1991
20260701,影视动漫,《女医生》免费观看全集,1137,20260701,1992
20260701,影视动漫,危险关系电视剧在线观看全集视频,1136,20260701,1993
20260701,影视动漫,爱妻艺,1135,20260701,1994
20260701,影视动漫,半熟恋人5,1134,20260701,1995
20260701,影视动漫,星空无限传媒在线观看电视剧百度云,1134,20260701,1996
20260701,影视动漫,dropout动漫在线观看免费全集,1134,20260701,1997
20260701,影视动漫,千与千寻,1134,20260701,1998
20260701,影视动漫,对学生会长的忠告,1133,20260701,1999
20260701,影视动漫,749局是真实存在的吗,1132,20260701,2000
20260701,影视动漫,垂延台剧双男主电视剧免费观看全集高清,1132,20260701,2001
20260701,影视动漫,韩剧电影在线观看高清,1131,20260701,2002
20260701,影视动漫,入青云电视剧免费观看全集完整版下载离线看,1131,20260701,2003
20260701,影视动漫,空姐2免费高清完整版法国电影,1131,20260701,2004
20260701,影视动漫,重案解密港剧在线观看免费,1131,20260701,2005
20260701,影视动漫,《翘楚》电视剧,1130,20260701,2006
20260701,影视动漫,家业的演员表,1130,20260701,2007
20260701,影视动漫,熊出没之年年有熊,1129,20260701,2008
20260701,影视动漫,韩剧《权欲之巅》在线观看,1129,20260701,2009
20260701,影视动漫,情满九道弯电视剧40集免费观看,1129,20260701,2010
20260701,影视动漫,电视剧排行榜,1129,20260701,2011
20260701,影视动漫,我是刑警,1128,20260701,2012
20260701,影视动漫,黑暗荣耀 电视剧,1128,20260701,2013
20260701,影视动漫,向日葵的绽放动漫免费观看全集,1128,20260701,2014
20260701,影视动漫,天天影视,1128,20260701,2015
20260701,影视动漫,间谍过家家,1127,20260701,2016
20260701,影视动漫,顶级生活,1126,20260701,2017
20260701,影视动漫,神探狄仁杰,1126,20260701,2018
20260701,影视动漫,中央一台节目表,1126,20260701,2019
20260701,影视动漫,归路全集免费观看完整版电视剧,1125,20260701,2020
20260701,影视动漫,正阳门下电视剧全集免费观看,1124,20260701,2021
20260701,影视动漫,十八岁完整版韩剧,1124,20260701,2022
20260701,影视动漫,爱情契约全集免费观看,1124,20260701,2023
20260701,影视动漫,韩国爱情电影十大排名,1124,20260701,2024
20260701,影视动漫,定风波,1124,20260701,2025
20260701,影视动漫,高校教师1933赤子板栗,1123,20260701,2026
20260701,影视动漫,空姐3免费观看完整版电视剧高清,1123,20260701,2027
20260701,影视动漫,莫离电视剧完整免费观看,1123,20260701,2028
20260701,影视动漫,生化危机,1122,20260701,2029
20260701,影视动漫,惊变电影无删减完整版百度云,1122,20260701,2030
20260701,影视动漫,dropout免费观看全集完整版,1120,20260701,2031
20260701,影视动漫,无颜之月完整版电视剧,1120,20260701,2032
20260701,影视动漫,以法之名,1120,20260701,2033
20260701,影视动漫,国乐无双,1120,20260701,2034
20260701,影视动漫,巴啦啦小魔仙,1119,20260701,2035
20260701,影视动漫,凡人修仙传动漫全集完整版,1119,20260701,2036
20260701,影视动漫,抖省省,1118,20260701,2037
20260701,影视动漫,绘梦婚礼泰剧在线观看,1117,20260701,2038
20260701,影视动漫,cctv13在线直播 新闻频道,1116,20260701,2039
20260701,影视动漫,"看B站a8,直播",1116,20260701,2040
20260701,影视动漫,18岁,1115,20260701,2041
20260701,影视动漫,《法国空乘23》完整版百度云,1115,20260701,2042
20260701,影视动漫,裙子里面是野兽,1115,20260701,2043
20260701,影视动漫,《女教师二》在线观看电视剧百度,1114,20260701,2044
20260701,影视动漫,yy8090新视觉免费观看电视剧,1114,20260701,2045
20260701,影视动漫,我们的宿舍2026免费观看完整版综艺,1114,20260701,2046
20260701,影视动漫,时光正好电视剧免费观看,1113,20260701,2047
20260701,影视动漫,书卷一梦,1113,20260701,2048
20260701,影视动漫,知否,1113,20260701,2049
20260701,影视动漫,悬崖,1111,20260701,2050
20260701,影视动漫,高压监狱在线观看完整免费高清法国满天星在线,1111,20260701,2051
20260701,影视动漫,千香电视剧全集,1110,20260701,2052
20260701,影视动漫,一起看,1110,20260701,2053
20260701,影视动漫,爱情与灵药 电影,1108,20260701,2054
20260701,影视动漫,主角电视剧剧情简介,1108,20260701,2055
20260701,影视动漫,歌手2026,1108,20260701,2056
20260701,影视动漫,疯狂动物城,1107,20260701,2057
20260701,影视动漫,我的王室死对头,1107,20260701,2058
20260701,影视动漫,金关电视剧免费观看全集高清百度网盘,1107,20260701,2059
20260701,影视动漫,爱情电影,1107,20260701,2060
20260701,影视动漫,农民伯伯下乡2国语版百度,1106,20260701,2061
20260701,影视动漫,爆笑办公室,1106,20260701,2062
20260701,影视动漫,你好星期六2026在线观看完整版免费,1106,20260701,2063
20260701,影视动漫,美人图完整版免费观看,1106,20260701,2064
20260701,影视动漫,勇敢的心,1106,20260701,2065
20260701,影视动漫,好姑娘5集免费高清全集在线观看,1106,20260701,2066
20260701,影视动漫,《外遇7》,1105,20260701,2067
20260701,影视动漫,娜塔莉的情人韩剧在线观看免费全集电视剧高清,1105,20260701,2068
20260701,影视动漫,神马电影网,1105,20260701,2069
20260701,影视动漫,下载抖音,1104,20260701,2070
20260701,影视动漫,猫眼专业版-实时票房,1104,20260701,2071
20260701,影视动漫,蝴蝶TV,1104,20260701,2072
20260701,影视动漫,美人鱼,1104,20260701,2073
20260701,影视动漫,小唐璜情史,1104,20260701,2074
20260701,影视动漫,迷情动漫第二季全集免费观看高清下载,1103,20260701,2075
20260701,影视动漫,风筝,1103,20260701,2076
20260701,影视动漫,翘楚电视剧免费观看,1102,20260701,2077
20260701,影视动漫,特邀外卖员韩剧免费观看全集在线观看全民K歌ARR,1102,20260701,2078
20260701,影视动漫,约会大作战,1101,20260701,2079
20260701,影视动漫,汤唯梁朝伟电影,1101,20260701,2080
20260701,影视动漫,开心锤锤,1101,20260701,2081
20260701,影视动漫,康熙王朝50集在线观看免费完整版,1100,20260701,2082
20260701,影视动漫,还珠格格第二部,1100,20260701,2083
20260701,影视动漫,五十度灰飞黑 在线观看,1099,20260701,2084
20260701,影视动漫,cctv5赛程表,1099,20260701,2085
20260701,影视动漫,美景之屋电影,1098,20260701,2086
20260701,影视动漫,民国奇探 电视剧,1098,20260701,2087
20260701,影视动漫,妈妈喝骂,1097,20260701,2088
20260701,影视动漫,《我的健身教练》电视剧,1097,20260701,2089
20260701,影视动漫,办公室,1096,20260701,2090
20260701,影视动漫,人间中毒韩剧在线播放免费观看,1096,20260701,2091
20260701,影视动漫,炽热的夏天综艺在线观看完整版,1096,20260701,2092
20260701,影视动漫,豆瓣电影,1096,20260701,2093
20260701,影视动漫,枫与铃声love me动漫,1096,20260701,2094
20260701,影视动漫,姐孕第一季在线看全集,1095,20260701,2095
20260701,影视动漫,分类视频-54m,1094,20260701,2096
20260701,影视动漫,鬼灭之刃柱训练,1094,20260701,2097
20260701,影视动漫,人间中毒电影,1093,20260701,2098
20260701,影视动漫,女超人,1093,20260701,2099
20260701,影视动漫,樱花动漫网,1093,20260701,2100
20260701,影视动漫,《xl司令》动漫全集樱花动漫,1092,20260701,2101
20260701,影视动漫,青瓷电视剧免费全集在线观看,1091,20260701,2102
20260701,影视动漫,白夜暗影,1091,20260701,2103
20260701,影视动漫,知否知否应是绿肥红瘦电视剧免费观看完整版下载,1090,20260701,2104
20260701,影视动漫,妻子3韩剧电视剧在线播放,1089,20260701,2105
20260701,影视动漫,白鹿《莫离》40集古装权谋剧在线观看,1089,20260701,2106
20260701,影视动漫,四渡赤水电影高清完整版视频,1089,20260701,2107
20260701,影视动漫,开始推理吧4,1088,20260701,2108
20260701,影视动漫,夜晚游玩生活第一集免费观看,1087,20260701,2109
20260701,影视动漫,逆爱1～24集全,1087,20260701,2110
20260701,影视动漫,韩剧金特务本色回归全集免费观看,1087,20260701,2111
20260701,影视动漫,夫妇联欢回不去的夜晚,1087,20260701,2112
20260701,影视动漫,中文在线字幕观看电视剧韩剧,1084,20260701,2113
20260701,影视动漫,《仙逆》动漫在线观看,1084,20260701,2114
20260701,影视动漫,金牌得主,1083,20260701,2115
20260701,影视动漫,武则天秘史,1083,20260701,2116
20260701,影视动漫,以爱为营 电视剧,1083,20260701,2117
20260701,影视动漫,无耻之徒在线观看,1083,20260701,2118
20260701,影视动漫,邻居的女孩,1082,20260701,2119
20260701,影视动漫,一对一,1082,20260701,2120
20260701,影视动漫,古剑奇谭,1082,20260701,2121
20260701,影视动漫,剑来第二季在线播放免费观看高清,1080,20260701,2122
20260701,影视动漫,怪奇物语,1080,20260701,2123
20260701,影视动漫,回复术士的重启人生第二季在线观看免费完整版飘雪百度,1079,20260701,2124
20260701,影视动漫,日韩大片,1079,20260701,2125
20260701,影视动漫,97韩剧网韩国电视剧,1078,20260701,2126
20260701,影视动漫,炽夏电视剧免费观看全集1-29,1077,20260701,2127
20260701,影视动漫,夏日暗涌完整版电影,1077,20260701,2128
20260701,影视动漫,检查官的提案韩剧全集,1077,20260701,2129
20260701,影视动漫,秘密爱韩剧在线观看,1077,20260701,2130
20260701,影视动漫,碧蓝之海,1076,20260701,2131
20260701,影视动漫,择天记,1076,20260701,2132
20260701,影视动漫,熊出没之狂野大陆免费观看完整版在线观看,1075,20260701,2133
20260701,影视动漫,优酷视频,1075,20260701,2134
20260701,影视动漫,25岁女高中生,1075,20260701,2135
20260701,影视动漫,正后方的神威动漫在线观看,1074,20260701,2136
20260701,影视动漫,天堂草原电视剧在线播放百度云,1074,20260701,2137
20260701,影视动漫,魔鬼恋人第二季,1074,20260701,2138
20260701,影视动漫,人民的名义 电视剧,1073,20260701,2139
20260701,影视动漫,芈月传,1071,20260701,2140
20260701,影视动漫,红叶影院,1071,20260701,2141
20260701,影视动漫,囧次元动漫app正版下载无广告,1071,20260701,2142
20260701,影视动漫,在线观看免费观看高清电视剧,1071,20260701,2143
20260701,影视动漫,小巷人家电视剧视频免费,1071,20260701,2144
20260701,影视动漫,抖音商城下载,1070,20260701,2145
20260701,影视动漫,奔跑吧兄弟第一季,1070,20260701,2146
20260701,影视动漫,人间中毒在线观看韩剧,1070,20260701,2147
20260701,影视动漫,三十而已 电视剧,1069,20260701,2148
20260701,影视动漫,CCTV5正在直播,1069,20260701,2149
20260701,影视动漫,高校教师成熟,1069,20260701,2150
20260701,影视动漫,八戒八戒免费观看电视剧高清,1069,20260701,2151
20260701,影视动漫,野狗骨头电视剧,1068,20260701,2152
20260701,影视动漫,新员工3,1067,20260701,2153
20260701,影视动漫,铁拳教育在线播放免费,1067,20260701,2154
20260701,影视动漫,扫毒风暴电视剧在线观看完整版高清,1067,20260701,2155
20260701,影视动漫,斩神2第二季免费完整版在线播放,1067,20260701,2156
20260701,影视动漫,女医生全集高清免费看,1066,20260701,2157
20260701,影视动漫,洗浴屋先生我是看守专用宠物这部剧中的台词,1066,20260701,2158
20260701,影视动漫,请叫我总监电视剧免费观看,1065,20260701,2159
20260701,影视动漫,爸爸当家5季全集免费观看,1065,20260701,2160
20260701,影视动漫,韶华若锦电视剧免费观看超清,1065,20260701,2161
20260701,影视动漫,《问心2》电视剧1-40集在线看免费,1065,20260701,2162
20260701,影视动漫,将夜,1065,20260701,2163
20260701,影视动漫,野兽先生,1065,20260701,2164
20260701,影视动漫,《Knot/结缘》泰剧网,1064,20260701,2165
20260701,影视动漫,青苹果影院电视剧最新电视剧网址,1064,20260701,2166
20260701,影视动漫,莫离1-40集免费观看全集完整版,1064,20260701,2167
20260701,影视动漫,贪婪欲望之岛韩剧免费版完整版百度视频,1063,20260701,2168
20260701,影视动漫,出轨的味道,1063,20260701,2169
20260701,影视动漫,抖漫动漫imomoe官网下载,1063,20260701,2170
20260701,影视动漫,菲梦少女第二季,1063,20260701,2171
20260701,影视动漫,悬案岳云鹏高清版在线观看,1063,20260701,2172
20260701,影视动漫,谜案拼图在线观看完整版高清免费,1063,20260701,2173
20260701,影视动漫,空姐2免费高清完整版日剧在线观看,1062,20260701,2174
20260701,影视动漫,人肉叉烧包,1062,20260701,2175
20260701,影视动漫,检察官的提案免费观看,1060,20260701,2176
20260701,影视动漫,长相思第一季39集全免费播放,1060,20260701,2177
20260701,影视动漫,床伴泰剧,1060,20260701,2178
20260701,影视动漫,星汉灿烂电视剧免费高清,1059,20260701,2179
20260701,影视动漫,僵尸电影完整版,1059,20260701,2180
20260701,影视动漫,爱情片,1057,20260701,2181
20260701,影视动漫,法国空姐电影完整版,1057,20260701,2182
20260701,影视动漫,日剧韩剧在线观看免费全集电影,1055,20260701,2183
20260701,影视动漫,忠贞,1055,20260701,2184
20260701,影视动漫,芈月传 电视剧,1055,20260701,2185
20260701,影视动漫,农场主三个女儿1976美国,1055,20260701,2186
20260701,影视动漫,冬至电视剧全集免费观看高清,1054,20260701,2187
20260701,影视动漫,追风者 电视剧,1054,20260701,2188
20260701,影视动漫,闯关东免费观看完整版,1054,20260701,2189
20260701,影视动漫,无职转生,1054,20260701,2190
20260701,影视动漫,田螺艳鬼,1053,20260701,2191
20260701,影视动漫,可可影视,1053,20260701,2192
20260701,影视动漫,金特务第三集,1052,20260701,2193
20260701,影视动漫,爱心符号多一点动漫,1052,20260701,2194
20260701,影视动漫,寒阳风起春山境高清全集在线看,1051,20260701,2195
20260701,影视动漫,家属母与姊妹之声第一季1-4集免费观看,1050,20260701,2196
20260701,影视动漫,少女少女全集高清版,1050,20260701,2197
20260701,影视动漫,莫离电视剧全集免费观看高清,1049,20260701,2198
20260701,影视动漫,后室电影免费完整版,1049,20260701,2199
20260701,影视动漫,央视cctv5,1048,20260701,2200
20260701,影视动漫,秘密花园,1048,20260701,2201
20260701,影视动漫,沦陷台腐剧,1048,20260701,2202
20260701,影视动漫,omofun,1047,20260701,2203
20260701,影视动漫,法国空间2019多塞尔航空完整版百度云,1047,20260701,2204
20260701,影视动漫,激情丛林电影,1046,20260701,2205
20260701,影视动漫,任素汐演的电视剧,1046,20260701,2206
20260701,影视动漫,倚天屠龙记,1045,20260701,2207
20260701,影视动漫,功夫,1045,20260701,2208
20260701,影视动漫,唐人街探案1,1045,20260701,2209
20260701,影视动漫,闯关东,1045,20260701,2210
20260701,影视动漫,入青云高清版电视剧免费观看全集完整版,1044,20260701,2211
20260701,影视动漫,你微笑时很美,1044,20260701,2212
20260701,影视动漫,五哈第六季,1044,20260701,2213
20260701,影视动漫,抓特务演员表全部名单,1043,20260701,2214
20260701,影视动漫,少女弹珠汽水动画片全集,1042,20260701,2215
20260701,影视动漫,a站,1042,20260701,2216
20260701,影视动漫,特立独行电影在线,1042,20260701,2217
20260701,影视动漫,老舅电视剧全集免费观看高清,1042,20260701,2218
20260701,影视动漫,天定良缘双男主电视剧免费观看,1042,20260701,2219
20260701,影视动漫,中央一套直播在线观看高清直播,1041,20260701,2220
20260701,影视动漫,落地请开手机演员名单,1041,20260701,2221
20260701,影视动漫,重生之门 电视剧,1041,20260701,2222
20260701,影视动漫,玉女心经2,1040,20260701,2223
20260701,影视动漫,回复术士的重启人生观看完整版,1040,20260701,2224
20260701,影视动漫,视频网站,1040,20260701,2225
20260701,影视动漫,世界杯直播免费观看,1040,20260701,2226
20260701,影视动漫,非人哉,1040,20260701,2227
20260701,影视动漫,电视剧《翘楚》免费观看,1039,20260701,2228
20260701,影视动漫,央视网cctv官网,1039,20260701,2229
20260701,影视动漫,苹果范冰冰,1039,20260701,2230
20260701,影视动漫,《问心》2正版在线观看,1039,20260701,2231
20260701,影视动漫,柑橘味香气,1038,20260701,2232
20260701,影视动漫,干脆杀了他算了,1038,20260701,2233
20260701,影视动漫,山村老尸,1037,20260701,2234
20260701,影视动漫,致命游戏,1037,20260701,2235
20260701,影视动漫,空即是空2,1036,20260701,2236
20260701,影视动漫,脱口秀和TA的朋友们第三季,1036,20260701,2237
20260701,影视动漫,爱情有烟火全集免费看,1036,20260701,2238
20260701,影视动漫,爱情,1036,20260701,2239
20260701,影视动漫,家庭教师05,1036,20260701,2240
20260701,影视动漫,红辣椒意大利在线观看电影,1036,20260701,2241
20260701,影视动漫,电影网站,1035,20260701,2242
20260701,影视动漫,神印王座在线观看全集,1035,20260701,2243
20260701,影视动漫,最后一排的男孩完整版在线观看,1035,20260701,2244
20260701,影视动漫,星辰影院在线观看免费版高清电影网站韩剧,1035,20260701,2245
20260701,影视动漫,交通费菲律宾电影原片在线观看百度网盘,1034,20260701,2246
20260701,影视动漫,中央1台在线直播,1034,20260701,2247
20260701,影视动漫,人猿泰山成人版,1034,20260701,2248
20260701,影视动漫,狙击蝴蝶,1033,20260701,2249
20260701,影视动漫,天使与龙的轮舞,1033,20260701,2250
20260701,影视动漫,天龙影院,1032,20260701,2251
20260701,影视动漫,cctv13在线直播,1032,20260701,2252
20260701,影视动漫,央视5套节目表,1031,20260701,2253
20260701,影视动漫,何以笙箫默 电视剧,1029,20260701,2254
20260701,影视动漫,热带雨 电影,1029,20260701,2255
20260701,影视动漫,家有女友,1029,20260701,2256
20260701,影视动漫,悟空影视大全免费影视,1028,20260701,2257
20260701,影视动漫,新白娘子传奇,1028,20260701,2258
20260701,影视动漫,我的人间烟火演员表,1028,20260701,2259
20260701,影视动漫,炽夏全集免费观看,1027,20260701,2260
20260701,影视动漫,《办公室》,1027,20260701,2261
20260701,影视动漫,原罪,1026,20260701,2262
20260701,影视动漫,完美世界动漫在线观看高清全集免费播放最新,1026,20260701,2263
20260701,影视动漫,月光变奏曲电视剧免费观看高清版,1026,20260701,2264
20260701,影视动漫,双色恋人,1025,20260701,2265
20260701,影视动漫,美丽小蜜桃百度百科,1025,20260701,2266
20260701,影视动漫,燃烧韩剧电影在线观看完整版高清,1025,20260701,2267
20260701,影视动漫,高冷的科M全集免费观看动漫,1025,20260701,2268
20260701,影视动漫,主角 电视剧观看完整版高清,1024,20260701,2269
20260701,影视动漫,神墓,1024,20260701,2270
20260701,影视动漫,《炽夏》全集免费观看,1024,20260701,2271
20260701,影视动漫,让子弹飞,1023,20260701,2272
20260701,影视动漫,飘花影院,1023,20260701,2273
20260701,影视动漫,可疑的美 容院,1023,20260701,2274
20260701,影视动漫,爱的营地,1021,20260701,2275
20260701,影视动漫,陷阱,1021,20260701,2276
20260701,影视动漫,美女直播,1021,20260701,2277
20260701,影视动漫,咒怨,1021,20260701,2278
20260701,影视动漫,高压监狱电影全集在线观看完整法版,1021,20260701,2279
20260701,影视动漫,监狱学园,1021,20260701,2280
20260701,影视动漫,front innocent动漫在线观看免费完整版,1020,20260701,2281
20260701,影视动漫,好久不见电视剧在线观看免费完整版,1020,20260701,2282
20260701,影视动漫,中餐厅第10季免费观看,1018,20260701,2283
20260701,影视动漫,港剧网,1018,20260701,2284
20260701,影视动漫,中央1套直播在线观看,1018,20260701,2285
20260701,影视动漫,性生活2,1017,20260701,2286
20260701,影视动漫,女教师3,1017,20260701,2287
20260701,影视动漫,铠甲勇士,1016,20260701,2288
20260701,影视动漫,这一秒过火电视剧,1016,20260701,2289
20260701,影视动漫,我的老师韩剧免费观看全集在线观看爱奇艺,1016,20260701,2290
20260701,影视动漫,大正伪婚替身新娘动漫全集免费观看,1016,20260701,2291
20260701,影视动漫,春山镜,1015,20260701,2292
20260701,影视动漫,神印王座在线观看全集免费播放百度,1015,20260701,2293
20260701,影视动漫,男男视频,1014,20260701,2294
20260701,影视动漫,妹爷死了没,1014,20260701,2295
20260701,影视动漫,甜蜜惩罚第一季在哪看全集动漫免费播放,1014,20260701,2296
20260701,影视动漫,脱口秀和他的朋友们,1014,20260701,2297
20260701,影视动漫,好好的时光电视剧全集完整版剧情,1014,20260701,2298
20260701,影视动漫,正后方的神威在线观看动漫全集,1014,20260701,2299
20260701,影视动漫,泰剧兔app官方下载,1013,20260701,2300
20260701,影视动漫,宿敌恋人,1013,20260701,2301
20260701,影视动漫,我的青梅竹马是消防员第一季第一集台词,1013,20260701,2302
20260701,影视动漫,yy6090电视剧电影免费观看,1012,20260701,2303
20260701,影视动漫,卿本佳人,1012,20260701,2304
20260701,影视动漫,爱在天摇地动时电视剧,1011,20260701,2305
20260701,影视动漫,莫离免费高清电视剧在线观看,1010,20260701,2306
20260701,影视动漫,昨夜将至在线,1010,20260701,2307
20260701,影视动漫,兽娘通信,1010,20260701,2308
20260701,影视动漫,诛仙,1009,20260701,2309
20260701,影视动漫,三妻四妾免费高清电视剧在线观看国语版,1008,20260701,2310
20260701,影视动漫,赶尸夜谭2电影免费观看,1007,20260701,2311
20260701,影视动漫,我是特种兵之利刃出鞘,1007,20260701,2312
20260701,影视动漫,tiktok国际版,1007,20260701,2313
20260701,影视动漫,余罪第一季,1006,20260701,2314
20260701,影视动漫,午夜凶杀,1006,20260701,2315
20260701,影视动漫,freeok,1006,20260701,2316
20260701,影视动漫,CCTV13,1005,20260701,2317
20260701,影视动漫,蜜语纪,1005,20260701,2318
20260701,影视动漫,偷偷藏不住电视剧免费观看完整版高清百度云,1005,20260701,2319
20260701,影视动漫,咒术回战第二季全集免费观看,1004,20260701,2320
20260701,影视动漫,荐片,1004,20260701,2321
20260701,影视动漫,亮剑 电视剧,1004,20260701,2322
20260701,影视动漫,中央五台CCTV5十节目单,1004,20260701,2323
20260701,影视动漫,回复术士,1003,20260701,2324
20260701,影视动漫,"下一站,别离 电视剧",1002,20260701,2325
20260701,影视动漫,韩小圈,1002,20260701,2326
20260701,影视动漫,绝密较量 电视剧,1002,20260701,2327
20260701,影视动漫,江河日上电视剧全集在线观看,1002,20260701,2328
20260701,影视动漫,动漫《妻子变美的原因》在线观看,1002,20260701,2329
20260701,影视动漫,神马影院我不卡,1002,20260701,2330
20260701,影视动漫,灵与肉,1001,20260701,2331
20260701,影视动漫,张暖雅的三部必看电影,1000,20260701,2332
20260701,影视动漫,票房排行榜实时,1000,20260701,2333
20260701,影视动漫,拿破仑,1000,20260701,2334
20260701,影视动漫,一起来看流星雨免费版在线观看,1000,20260701,2335
20260701,影视动漫,全职猎人,1000,20260701,2336
20260701,影视动漫,痴人之爱,1000,20260701,2337
20260701,影视动漫,咋夜将至电视剧免费观看,1000,20260701,2338
20260701,影视动漫,鬼片,999,20260701,2339
20260701,影视动漫,哔哩哔哩官网,999,20260701,2340
20260701,影视动漫,颐和园郝蕾,999,20260701,2341
20260701,影视动漫,黑料视频,999,20260701,2342
20260701,影视动漫,日本大片,998,20260701,2343
20260701,影视动漫,人间中毒韩国电影原版,998,20260701,2344
20260701,影视动漫,江山如此多娇电视剧免费观看,998,20260701,2345
20260701,影视动漫,少女之心,997,20260701,2346
20260701,影视动漫,法国空姐2019满天星法版:星辉,997,20260701,2347
20260701,影视动漫,美景之屋3韩剧在线观看全集免费,997,20260701,2348
20260701,影视动漫,聚会的目的3,997,20260701,2349
20260701,影视动漫,暗夜,997,20260701,2350
20260701,影视动漫,红果免短,996,20260701,2351
20260701,影视动漫,潘金莲王思懿,996,20260701,2352
20260701,影视动漫,阳光之下电视剧免费观看全集完整版高清,996,20260701,2353
20260701,影视动漫,仁心俱乐部电视剧全集免费观看,994,20260701,2354
20260701,影视动漫,一念永恒,994,20260701,2355
20260701,影视动漫,老牛影视在线观看免费完整版高清南京夫子庙,994,20260701,2356
20260701,影视动漫,龙之家族 第一季,994,20260701,2357
20260701,影视动漫,跨过鸭绿江电视剧全集40集,994,20260701,2358
20260701,影视动漫,你给我的喜欢 电视剧,993,20260701,2359
20260701,影视动漫,挖掘机动画视频大全3-6岁,993,20260701,2360
20260701,影视动漫,青梅竹马第一季未删减百度云,992,20260701,2361
20260701,影视动漫,扫黑风暴 电视剧,992,20260701,2362
20260701,影视动漫,野花,992,20260701,2363
20260701,影视动漫,双城双男主电视剧免费观看全集完整版,991,20260701,2364
20260701,影视动漫,今日CCTV5节目表,991,20260701,2365
20260701,影视动漫,激情吻戏,991,20260701,2366
20260701,影视动漫,k8经典版播放免费观看电视剧,990,20260701,2367
20260701,影视动漫,蛇蝎美人,990,20260701,2368
20260701,影视动漫,90分钟韩剧经典电视剧,990,20260701,2369
20260701,影视动漫,呆萌小胖,990,20260701,2370
20260701,影视动漫,助眠,990,20260701,2371
20260701,影视动漫,《生命树》在线观看免费,990,20260701,2372
20260701,影视动漫,还珠格格第二部全集免费播放,989,20260701,2373
20260701,影视动漫,屠夫小姐,988,20260701,2374
20260701,影视动漫,五十公里桃花坞第6季免费完整版高清,988,20260701,2375
20260701,影视动漫,无声言证电影免费观看普通话,988,20260701,2376
20260701,影视动漫,雍正王朝,988,20260701,2377
20260701,影视动漫,gogogo高清在线观看免费韩剧下载,987,20260701,2378
20260701,影视动漫,佛得角把世界杯踢成旅游宣传片,987,20260701,2379
20260701,影视动漫,三年中文在百度在线观看,987,20260701,2380
20260701,影视动漫,圣痕炼金士,986,20260701,2381
20260701,影视动漫,千山寻棺40集电视剧免费观看,985,20260701,2382
20260701,影视动漫,苍月奥特曼,985,20260701,2383
20260701,影视动漫,绿巨人,985,20260701,2384
20260701,影视动漫,菲律宾电影迷情2025在线观看完整,985,20260701,2385
20260701,影视动漫,梅姨妈妈女儿齐上阵,984,20260701,2386
20260701,影视动漫,初三的六一儿童剧全集在线观看未删减,984,20260701,2387
20260701,影视动漫,四渡电影多长时间,983,20260701,2388
20260701,影视动漫,黑帮大佬和我的365日,983,20260701,2389
20260701,影视动漫,偷窥无罪,983,20260701,2390
20260701,影视动漫,少年歌行电视剧免费观看全集,983,20260701,2391
20260701,影视动漫,喜爱夜蒲电影在线观看完整版电视剧免费高清韩剧4,982,20260701,2392
20260701,影视动漫,毛泽东电视剧,982,20260701,2393
20260701,影视动漫,理想之城,982,20260701,2394
20260701,影视动漫,知否知否应是绿肥红瘦 电视剧,982,20260701,2395
20260701,影视动漫,豚豚剧下载,981,20260701,2396
20260701,影视动漫,妻子,981,20260701,2397
20260701,影视动漫,免费追剧软件永久免费没广告,980,20260701,2398
20260701,影视动漫,cctv5 直播,980,20260701,2399
20260701,影视动漫,世界杯在线直播免费观看直播,980,20260701,2400
20260701,影视动漫,骄阳似我电视剧在线观看完整,980,20260701,2401
20260701,影视动漫,绝命毒师,980,20260701,2402
20260701,影视动漫,炽夏电视剧全集免费观看,979,20260701,2403
20260701,影视动漫,美女和帅哥一起努力生孩子百度,979,20260701,2404
20260701,影视动漫,张居正,978,20260701,2405
20260701,影视动漫,诡秘之主特别篇,978,20260701,2406
20260701,影视动漫,西安事变,978,20260701,2407
20260701,影视动漫,九七电影院,978,20260701,2408
20260701,影视动漫,《催眠指导》动漫1~6集全集观看,977,20260701,2409
20260701,影视动漫,猪猪侠,977,20260701,2410
20260701,影视动漫,三妻四妾国语版全剧,977,20260701,2411
20260701,影视动漫,少女,977,20260701,2412
20260701,影视动漫,奔跑吧兄弟第二季,976,20260701,2413
20260701,影视动漫,高压监狱在线观看法国完整免费高清原声,976,20260701,2414
20260701,影视动漫,暮光之城,976,20260701,2415
20260701,影视动漫,隐身的名字,975,20260701,2416
20260701,影视动漫,鞠婧祎演过的电视剧,975,20260701,2417
20260701,影视动漫,手机腾讯网,975,20260701,2418
20260701,影视动漫,KNOT泰剧,975,20260701,2419
20260701,影视动漫,中央CCTV5节目,975,20260701,2420
20260701,影视动漫,家业 电视剧 在线观看,974,20260701,2421
20260701,影视动漫,女子推理社第二季免费,974,20260701,2422
20260701,影视动漫,周星驰电影作品大全,973,20260701,2423
20260701,影视动漫,台湾电影,973,20260701,2424
20260701,影视动漫,钢铁是怎样炼成的,973,20260701,2425
20260701,影视动漫,枫与铃love me动漫全集电视剧第一季,973,20260701,2426
20260701,影视动漫,布拉芙拉夫人,973,20260701,2427
20260701,影视动漫,恋与制作人,972,20260701,2428
20260701,影视动漫,人间中毒韩剧,972,20260701,2429
20260701,影视动漫,中央电视台cctv-1,972,20260701,2430
20260701,影视动漫,检察官室的提案在线观看,971,20260701,2431
20260701,影视动漫,装台,971,20260701,2432
20260701,影视动漫,蜘蛛侠4崭新之日,971,20260701,2433
20260701,影视动漫,自杀房间,970,20260701,2434
20260701,影视动漫,识骨寻踪,969,20260701,2435
20260701,影视动漫,与凤行免费观看完整版电视剧,968,20260701,2436
20260701,影视动漫,男生和女生一起拆拆拆轮滑疼痛,968,20260701,2437
20260701,影视动漫,邻家女孩,967,20260701,2438
20260701,影视动漫,家,967,20260701,2439
20260701,影视动漫,asmr,967,20260701,2440
20260701,影视动漫,平凡的世界,967,20260701,2441
20260701,影视动漫,莫离 电视剧 在线观看,967,20260701,2442
20260701,影视动漫,当我飞奔向你免费观看电视剧,967,20260701,2443
20260701,影视动漫,中央体育cctv5直播在线观看,967,20260701,2444
20260701,影视动漫,初恋时间1-6集在线观看免费完整版,967,20260701,2445
20260701,影视动漫,垂涎1-16集百度云盘,967,20260701,2446
20260701,影视动漫,爱你,966,20260701,2447
20260701,影视动漫,僵尸艳谈,966,20260701,2448
20260701,影视动漫,"点燃我,温暖你 电视剧",966,20260701,2449
20260701,影视动漫,漂白,966,20260701,2450
20260701,影视动漫,邻里的裂痕电影在线观看全集,966,20260701,2451
20260701,影视动漫,千鹤的开发日记动漫免费播放,966,20260701,2452
20260701,影视动漫,大梦归离 电视剧免费播放全集,965,20260701,2453
20260701,影视动漫,僵尸电影,965,20260701,2454
20260701,影视动漫,森林里的熊先生,964,20260701,2455
20260701,影视动漫,西西里的美丽传说,964,20260701,2456
20260701,影视动漫,问心1电视剧,964,20260701,2457
20260701,影视动漫,武林外传在线观看免费全集电视剧,964,20260701,2458
20260701,影视动漫,东北二嫂免费观看完整版百度云,963,20260701,2459
20260701,影视动漫,茶杯狐官网版入口,963,20260701,2460
20260701,影视动漫,男女打扑克,963,20260701,2461
20260701,影视动漫,黑暗荣耀第一季,962,20260701,2462
20260701,影视动漫,聊斋志异之电影大全,962,20260701,2463
20260701,影视动漫,问心第二部全集免费观看,962,20260701,2464
20260701,影视动漫,捕风追影,962,20260701,2465
20260701,影视动漫,大明风华,962,20260701,2466
20260701,影视动漫,我为卿为狂电影免费观看,962,20260701,2467
20260701,影视动漫,CCTV5十乒乓球直播在线观看,961,20260701,2468
20260701,影视动漫,长乐曲 电视剧,961,20260701,2469
20260701,影视动漫,金特务本色回归在线观看免费全集,961,20260701,2470
20260701,影视动漫,都想做好韩剧在线观看,960,20260701,2471
20260701,影视动漫,好姑娘9免费高清电视剧555,960,20260701,2472
20260701,影视动漫,青青草原在线观看免费高清完整版电视剧颜心记,960,20260701,2473
20260701,影视动漫,嫂子的职业韩剧结局原声在线观看全集,960,20260701,2474
20260701,影视动漫,大宅门,960,20260701,2475
20260701,影视动漫,提欧奥特曼,960,20260701,2476
20260701,影视动漫,咒,959,20260701,2477
20260701,影视动漫,女子监狱法国版本电影,959,20260701,2478
20260701,影视动漫,奔跑吧兄弟第四季,958,20260701,2479
20260701,影视动漫,异魔禁区,958,20260701,2480
20260701,影视动漫,一路向西在线观看完整版视频播放,957,20260701,2481
20260701,影视动漫,泰剧兔,957,20260701,2482
20260701,影视动漫,继父,956,20260701,2483
20260701,影视动漫,凡人修仙传1-180集全集,956,20260701,2484
20260701,影视动漫,最早的电影,956,20260701,2485
20260701,影视动漫,问心剧情介绍,955,20260701,2486
20260701,影视动漫,佟大为《昨夜将至》免费观看,955,20260701,2487
20260701,影视动漫,给阿嬷的一封信电影免费观看,955,20260701,2488
20260701,影视动漫,岁月有情时电视连续剧,954,20260701,2489
20260701,影视动漫,火狼动漫网,954,20260701,2490
20260701,影视动漫,新世界,954,20260701,2491
20260701,影视动漫,千鹤开发日记1-6集免费观看百度,954,20260701,2492
20260701,影视动漫,莫离在线观看全集免费播放视频,954,20260701,2493
20260701,影视动漫,overflow动漫,953,20260701,2494
20260701,影视动漫,临江仙电视剧免费观看全集,953,20260701,2495
20260701,影视动漫,恐怖视频,952,20260701,2496
20260701,影视动漫,麻花无痕MV免费观看电视剧大全百度云,952,20260701,2497
20260701,影视动漫,疯狂动物城2,952,20260701,2498
20260701,影视动漫,江苏卫视节目表,950,20260701,2499
20260701,影视动漫,片库网影视大全,950,20260701,2500
20260701,影视动漫,千香电视剧在线观看,950,20260701,2501
20260701,影视动漫,黑帮大佬和我的三百六十五第二季免费观看,949,20260701,2502
20260701,影视动漫,琉璃,949,20260701,2503
20260701,影视动漫,人世间演员表,949,20260701,2504
20260701,影视动漫,想要成为影之实力者,949,20260701,2505
20260701,影视动漫,思敏电视剧1-5集免费看,949,20260701,2506
20260701,影视动漫,新视觉,948,20260701,2507
20260701,影视动漫,金关电视剧全集免费,948,20260701,2508
20260701,影视动漫,凹凸世界第三季全集免费观看,948,20260701,2509
20260701,影视动漫,异趣屋1994电影在线观看高清,948,20260701,2510
20260701,影视动漫,奔跑吧第一季,948,20260701,2511
20260701,影视动漫,谷文昌,947,20260701,2512
20260701,影视动漫,床吻戏,946,20260701,2513
20260701,影视动漫,宸汐缘电视剧全集免费完整版,945,20260701,2514
20260701,影视动漫,僵尸校园,945,20260701,2515
20260701,影视动漫,昨夜将至电视剧免费观看全集爱奇艺,945,20260701,2516
20260701,影视动漫,纯真时代,945,20260701,2517
20260701,影视动漫,cctv5十,944,20260701,2518
20260701,影视动漫,昨日将至电视剧免费观看,944,20260701,2519
20260701,影视动漫,电影瑜伽教练,944,20260701,2520
20260701,影视动漫,爱恋法国在线观看完整版免费高清,944,20260701,2521
20260701,影视动漫,血恋2完整版电影,944,20260701,2522
20260701,影视动漫,蜜桃成熟时33D,943,20260701,2523
20260701,影视动漫,唐宫奇案之青雾风鸣高清在线观看,943,20260701,2524
20260701,影视动漫,1996版新1-5集免费播放下载百度云,942,20260701,2525
20260701,影视动漫,《问心》电视剧,942,20260701,2526
20260701,影视动漫,潘金莲西门庆的电视剧,942,20260701,2527
20260701,影视动漫,莫离电视剧合集,941,20260701,2528
20260701,影视动漫,超级飞侠,941,20260701,2529
20260701,影视动漫,骄阳似我,941,20260701,2530
20260701,影视动漫,问心2多少集,941,20260701,2531
20260701,影视动漫,金瓶梅电视剧全集电视剧在线看免费,941,20260701,2532
20260701,影视动漫,指尖传出的真挚热情-青梅竹马是消,940,20260701,2533
20260701,影视动漫,做你的爱人免费观看电视剧高清百度,940,20260701,2534
20260701,影视动漫,最好免费观看高清在线,939,20260701,2535
20260701,影视动漫,士兵突击 电视剧,939,20260701,2536
20260701,影视动漫,野兽们的战争未删减版百度云,939,20260701,2537
20260701,影视动漫,可疑的美容院,939,20260701,2538
20260701,影视动漫,美人图,938,20260701,2539
20260701,影视动漫,陈翔六点半中谁死了,938,20260701,2540
20260701,影视动漫,终极笔记电视剧免费观看完整版百度网盘,938,20260701,2541
20260701,影视动漫,真探,938,20260701,2542
20260701,影视动漫,有兽焉,938,20260701,2543
20260701,影视动漫,《耀眼》免费观看全集,937,20260701,2544
20260701,影视动漫,入青云,937,20260701,2545
20260701,影视动漫,致命游戏在线观看免费全集电视剧高清,936,20260701,2546
20260701,影视动漫,家有儿女,936,20260701,2547
20260701,影视动漫,CCTV-5,936,20260701,2548
20260701,影视动漫,樱花动漫在线,936,20260701,2549
20260701,影视动漫,西瓜影视,936,20260701,2550
20260701,影视动漫,奇优影院手机版免费高清影院电视剧电影非常父子档,935,20260701,2551
20260701,影视动漫,高清在线视频免费观看电视剧,935,20260701,2552
20260701,影视动漫,一人之下第六季,934,20260701,2553
20260701,影视动漫,GOGOGO高清在线完整版百度,934,20260701,2554
20260701,影视动漫,问心2在线观看,934,20260701,2555
20260701,影视动漫,silk在线观看电视剧免费,933,20260701,2556
20260701,影视动漫,欢乐家长群,933,20260701,2557
20260701,影视动漫,美女与野兽2017版英文版,933,20260701,2558
20260701,影视动漫,少年包青天第一部免费完整版,932,20260701,2559
20260701,影视动漫,无名之辈电影在线观看完整免费高清悬疑片,931,20260701,2560
20260701,影视动漫,四渡票房最新数据,931,20260701,2561
20260701,影视动漫,两个女人,931,20260701,2562
20260701,影视动漫,花千骨演员表,930,20260701,2563
20260701,影视动漫,余罪第三季,930,20260701,2564
20260701,影视动漫,新三国,930,20260701,2565
20260701,影视动漫,回复术士的重启人生2,929,20260701,2566
20260701,影视动漫,金银瓶1-5电视剧在线观看百度云资源,928,20260701,2567
20260701,影视动漫,《光·渊》30集无删减百度云,928,20260701,2568
20260701,影视动漫,欲望之屋韩剧电视剧免费播放在线观看,928,20260701,2569
20260701,影视动漫,三年在线观看免费大全韩剧,928,20260701,2570
20260701,影视动漫,小舍得 电视剧,928,20260701,2571
20260701,影视动漫,剑来第二季在线观看免费完整版,928,20260701,2572
20260701,影视动漫,新金瓶电视剧1-5集在线观看免费高清播放,927,20260701,2573
20260701,影视动漫,太阳的后裔,926,20260701,2574
20260701,影视动漫,茶杯狐影视,925,20260701,2575
20260701,影视动漫,致命弯道,925,20260701,2576
20260701,影视动漫,难哄电视剧在线观看全集完整版高清,925,20260701,2577
20260701,影视动漫,奥德赛,924,20260701,2578
20260701,影视动漫,灭门惨案2,923,20260701,2579
20260701,影视动漫,耀眼电视剧免费观看,923,20260701,2580
20260701,影视动漫,迷案拼图电视剧免费观看全集,923,20260701,2581
20260701,影视动漫,上海滩,923,20260701,2582
20260701,影视动漫,斗罗大陆2绝世唐门在线观看全集高清,923,20260701,2583
20260701,影视动漫,喜欢你我也是第六季在线播放免费观看,923,20260701,2584
20260701,影视动漫,战狼6免费国语版高清在线播放视频,923,20260701,2585
20260701,影视动漫,消失的人电影免费观看,922,20260701,2586
20260701,影视动漫,辛亥革命,922,20260701,2587
20260701,影视动漫,《昨夜将至》电视剧全集在线观看,922,20260701,2588
20260701,影视动漫,灵笼第一季,922,20260701,2589
20260701,影视动漫,间之楔免费观看,921,20260701,2590
20260701,影视动漫,密室大逃脱第二季,921,20260701,2591
20260701,影视动漫,春山境高清全集在线看,920,20260701,2592
20260701,影视动漫,海洋之恋,920,20260701,2593
20260701,影视动漫,校园之外 第一季 电视剧,919,20260701,2594
20260701,影视动漫,cctv5加节目表,919,20260701,2595
20260701,影视动漫,生活中的玛丽,919,20260701,2596
20260701,影视动漫,密室大逃脱第七季免费观看完整在线播放,919,20260701,2597
20260701,影视动漫,风过留痕全集免费观看完整版,919,20260701,2598
20260701,影视动漫,五十度灰电影,919,20260701,2599
20260701,影视动漫,魔都精兵的奴隶,919,20260701,2600
20260701,影视动漫,中餐厅10季免费观看高清,918,20260701,2601
20260701,影视动漫,女老师4,918,20260701,2602
20260701,影视动漫,交锋电视剧王凯版免费观看高清,918,20260701,2603
20260701,影视动漫,名侦探柯楠,918,20260701,2604
20260701,影视动漫,《主角》1-48集完整版视频,918,20260701,2605
20260701,影视动漫,权利的游戏第一季,918,20260701,2606
20260701,影视动漫,搞笑视频 爆笑,918,20260701,2607
20260701,影视动漫,依兰爱情故事,918,20260701,2608
20260701,影视动漫,cctv5十在线直播,917,20260701,2609
20260701,影视动漫,《丛林肉搏》在线播放,917,20260701,2610
20260701,影视动漫,黄花闺女第一集免费观看电视剧,917,20260701,2611
20260701,影视动漫,良陈美锦电视剧全部剧集观看,916,20260701,2612
20260701,影视动漫,初体验3韩剧在线观看完整免费版电视剧,916,20260701,2613
20260701,影视动漫,用我的手指打扰你第一季免费观看全集未删减,916,20260701,2614
20260701,影视动漫,猎罪图鉴1,915,20260701,2615
20260701,影视动漫,温暖满屋电视剧免费观看,915,20260701,2616
20260701,影视动漫,家有儿女第一部电视剧免费观看,915,20260701,2617
20260701,影视动漫,花与蛇3,914,20260701,2618
20260701,影视动漫,无颜之月动漫完整版哪里能看,914,20260701,2619
20260701,影视动漫,莫离全剧,914,20260701,2620
20260701,影视动漫,好看的电影,913,20260701,2621
20260701,影视动漫,美女挠痒痒,913,20260701,2622
20260701,影视动漫,欠你的那场婚礼,913,20260701,2623
20260701,影视动漫,一生一世电视剧在线高清免费观看,912,20260701,2624
20260701,影视动漫,牧神记动漫在线观看全集免费播放,912,20260701,2625
20260701,影视动漫,入戏短剧全集免费播放,912,20260701,2626
20260701,影视动漫,剑来第二季,911,20260701,2627
20260701,影视动漫,法国电影,911,20260701,2628
20260701,影视动漫,莫离电视剧在线观看完整版免费,910,20260701,2629
20260701,影视动漫,凡人修仙传动漫全集,910,20260701,2630
20260701,影视动漫,法国空乘2019满天星法版完整版百度主要演员,910,20260701,2631
20260701,影视动漫,错位,910,20260701,2632
20260701,影视动漫,《斩神》第二季免费,909,20260701,2633
20260701,影视动漫,那年花开月正圆 电视剧,909,20260701,2634
20260701,影视动漫,食物链韩剧在线观看HD,909,20260701,2635
20260701,影视动漫,布拉芙夫人,909,20260701,2636
20260701,影视动漫,铁拳教育韩剧观看免费版高清全集,908,20260701,2637
20260701,影视动漫,西班牙剧《爱欲焚身》,908,20260701,2638
20260701,影视动漫,杨紫《家业》完整版视频,908,20260701,2639
20260701,影视动漫,向魔王伊布罗贾献身,908,20260701,2640
20260701,影视动漫,大话西游,907,20260701,2641
20260701,影视动漫,教室别恋电视剧未删减版百度云,907,20260701,2642
20260701,影视动漫,cctv5体育频道,907,20260701,2643
20260701,影视动漫,憧憬成为魔法少,907,20260701,2644
20260701,影视动漫,乐园侵蚀2动漫全集,907,20260701,2645
20260701,影视动漫,一路向西视频完整版在线看,907,20260701,2646
20260701,影视动漫,为了皇位完整版高清精彩片段,906,20260701,2647
20260701,影视动漫,熊猫视频,906,20260701,2648
20260701,影视动漫,一脸嫌弃的给你看胖一季完整版,906,20260701,2649
20260701,影视动漫,保姆,906,20260701,2650
20260701,影视动漫,鬼灭之刃无限城第二部完整版,906,20260701,2651
20260701,影视动漫,心想事成电视剧全集免费收看,906,20260701,2652
20260701,影视动漫,假面骑士zzz,905,20260701,2653
20260701,影视动漫,现在就出发第4季在线观看免费完整版,905,20260701,2654
20260701,影视动漫,老牛影院在线观看免费观看电视剧百度,905,20260701,2655
20260701,影视动漫,天网,905,20260701,2656
20260701,影视动漫,交换韩剧免费观看全集在线观,905,20260701,2657
20260701,影视动漫,成吉思汗,905,20260701,2658
20260701,影视动漫,挣扎吧亚当同学第一季免费播放全集下载,904,20260701,2659
20260701,影视动漫,战狼8免费观看完整版高清在线视频播放,904,20260701,2660
20260701,影视动漫,唐人街探案2,904,20260701,2661
20260701,影视动漫,中央五台cctv5节目单,904,20260701,2662
20260701,影视动漫,谍报上不封顶电视剧免费观看渠道,903,20260701,2663
20260701,影视动漫,光死去的夏天,902,20260701,2664
20260701,影视动漫,女神降临,902,20260701,2665
20260701,影视动漫,花开如梦,902,20260701,2666
20260701,影视动漫,与鸭共舞国语高清完整版百度云,902,20260701,2667
20260701,影视动漫,巅峰对决,901,20260701,2668
20260701,影视动漫,紫川动漫第二季,901,20260701,2669
20260701,影视动漫,大侦探第十一季在线观看,901,20260701,2670
20260701,影视动漫,五福临门电视连续剧,901,20260701,2671
20260701,影视动漫,奔跑吧第十季,901,20260701,2672
20260701,影视动漫,三生三世十里桃花,901,20260701,2673
20260701,影视动漫,肖申克的救赎,901,20260701,2674
20260701,影视动漫,猫眼电影实时票房,900,20260701,2675
20260701,影视动漫,儿媳妇照顾公公的电影叫什么,900,20260701,2676
20260701,影视动漫,喜羊羊与灰太狼之破界山海诀,899,20260701,2677
20260701,影视动漫,爸爸的女朋友,899,20260701,2678
20260701,影视动漫,昨夜将至在哪个平台播出,899,20260701,2679
20260701,影视动漫,成全高清在线完整观看,899,20260701,2680
20260701,影视动漫,无颜之月动漫,898,20260701,2681
20260701,影视动漫,异国色恋浪漫谭,898,20260701,2682
20260701,影视动漫,莫妮卡贝鲁奇最惊艳的三部电影,898,20260701,2683
20260701,影视动漫,唐朝诡事录之长安,898,20260701,2684
20260701,影视动漫,密爱电影完整版韩剧在线观看,898,20260701,2685
20260701,影视动漫,去有风的地方电视剧免费观看完整版无广告,898,20260701,2686
20260701,影视动漫,曹查理电影全集,897,20260701,2687
20260701,影视动漫,初恋时间樱花,897,20260701,2688
20260701,影视动漫,国产在线观看mv免费全集电视剧大全国,897,20260701,2689
20260701,影视动漫,心间错电视剧免费观看完整版,896,20260701,2690
20260701,影视动漫,炽夏免费观看,896,20260701,2691
20260701,影视动漫,噼里啪啦国语在线观看全集免费,896,20260701,2692
20260701,影视动漫,八仙饭店,896,20260701,2693
20260701,影视动漫,魅影app直播最新版下载,896,20260701,2694
20260701,影视动漫,失乐园,896,20260701,2695
20260701,影视动漫,今夜无人入眠免费观看完整版高清,896,20260701,2696
20260701,影视动漫,翘楚电视剧在线观看,895,20260701,2697
20260701,影视动漫,小兵张嘎,895,20260701,2698
20260701,影视动漫,许我耀眼,895,20260701,2699
20260701,影视动漫,仙逆动漫在线观看多少集,895,20260701,2700
20260701,影视动漫,追风者,895,20260701,2701
20260701,影视动漫,逐爱之心2电影完整版免费,895,20260701,2702
20260701,影视动漫,极速恋人,894,20260701,2703
20260701,影视动漫,星空无痕MV免费观看电视剧大全百度,894,20260701,2704
20260701,影视动漫,水牛影视,894,20260701,2705
20260701,影视动漫,螳螂,893,20260701,2706
20260701,影视动漫,双轨电视剧,893,20260701,2707
20260701,影视动漫,误杀,893,20260701,2708
20260701,影视动漫,漫长的季节,893,20260701,2709
20260701,影视动漫,中央八套节目表,893,20260701,2710
20260701,影视动漫,林正英的僵尸系列电影,893,20260701,2711
20260701,影视动漫,女大学生的心理沙龙2完整版,892,20260701,2712
20260701,影视动漫,回复术士之重启人生第一季在线观看免费完整版飘雪百度,892,20260701,2713
20260701,影视动漫,动物交配视频,892,20260701,2714
20260701,影视动漫,迷情2025版菲律宾电影完整观看,891,20260701,2715
20260701,影视动漫,爱情有烟火的电视剧免费观看全集,891,20260701,2716
20260701,影视动漫,老司机,891,20260701,2717
20260701,影视动漫,极限挑战第一季免费观看完整版,891,20260701,2718
20260701,影视动漫,爱情有烟火共多少集,891,20260701,2719
20260701,影视动漫,白玉兰颁奖典礼 直播,891,20260701,2720
20260701,影视动漫,错位电视剧完整版免费观看,890,20260701,2721
20260701,影视动漫,棍之勇者免费观看完整版全集,890,20260701,2722
20260701,影视动漫,宁安如梦电视剧免费观看全集高清,889,20260701,2723
20260701,影视动漫,少林足球免费观看完整版国语,889,20260701,2724
20260701,影视动漫,灿如繁星电视剧免费观看完整版,889,20260701,2725
20260701,影视动漫,莫离电视剧免费观看高清版,889,20260701,2726
20260701,影视动漫,四渡赤水详细介绍,888,20260701,2727
20260701,影视动漫,《南部档案》全集,887,20260701,2728
20260701,影视动漫,美容院的特殊服务,887,20260701,2729
20260701,影视动漫,警花与警犬,887,20260701,2730
20260701,影视动漫,铁拳教育韩剧在线观看免费版,887,20260701,2731
20260701,影视动漫,飞驰人生3在线观看完整版电影高清,887,20260701,2732
20260701,影视动漫,包青天,886,20260701,2733
20260701,影视动漫,深情触摸,886,20260701,2734
20260701,影视动漫,东方卫视节目表,885,20260701,2735
20260701,影视动漫,3d柔铺团之极宝乐鉴宝鉴国语百度网盘,885,20260701,2736
20260701,影视动漫,漾出overlord第一季,885,20260701,2737
20260701,影视动漫,免费看电影,884,20260701,2738
20260701,影视动漫,爱情有烟火在线,884,20260701,2739
20260701,影视动漫,真探第一季,884,20260701,2740
20260701,影视动漫,鹰峰同学动漫免费观看完整版,884,20260701,2741
20260701,影视动漫,楼下的房客,884,20260701,2742
20260701,影视动漫,满清十大酷刑电影在线观看免费完整版国语版,884,20260701,2743
20260701,影视动漫,人猿泰山1981年真人版,884,20260701,2744
20260701,影视动漫,韩国电影免费版完整版观看,884,20260701,2745
20260701,影视动漫,长相思 第一季 2023 杨紫,884,20260701,2746
20260701,影视动漫,农民伯伯乡下妹免费版电视剧百度云资源,883,20260701,2747
20260701,影视动漫,春花焰电视剧免费观看全集在线播放吴瑾言,883,20260701,2748
20260701,影视动漫,隐藏的面孔 电影,883,20260701,2749
20260701,影视动漫,如懿传在线观免费观看,883,20260701,2750
20260701,影视动漫,免费影视在线观看jojo第四集,882,20260701,2751
20260701,影视动漫,员工妻子在线观看免费版电视剧,882,20260701,2752
20260701,影视动漫,日本电影《孤岛监狱》,881,20260701,2753
20260701,影视动漫,检察官室的提案在线观看完整版,881,20260701,2754
20260701,影视动漫,僵尸叔叔,881,20260701,2755
20260701,影视动漫,最早的电影出现在哪个世纪,881,20260701,2756
20260701,影视动漫,梦想成为魔法少女完整版,880,20260701,2757
20260701,影视动漫,灵魂摆渡第一季免费观看完整版,880,20260701,2758
20260701,影视动漫,汪汪队动画片全集免费观看,880,20260701,2759
20260701,影视动漫,中央一台在线直播观看,880,20260701,2760
20260701,影视动漫,燃烧,880,20260701,2761
20260701,影视动漫,人猿泰山电影,879,20260701,2762
20260701,影视动漫,成全电影全集在线完整观看高清,878,20260701,2763
20260701,影视动漫,金特务回归全集免费看,878,20260701,2764
20260701,影视动漫,爱的勘探法电视剧免费观看全集高清,878,20260701,2765
20260701,影视动漫,棋魂,878,20260701,2766
20260701,影视动漫,孤注一掷,878,20260701,2767
20260701,影视动漫,勇敢者游戏1决战丛林,877,20260701,2768
20260701,影视动漫,战狼9欧式少女全部剧情介绍,877,20260701,2769
20260701,影视动漫,噼里啪啦国语免费观看全集高清,877,20260701,2770
20260701,影视动漫,枪火,877,20260701,2771
20260701,影视动漫,茶啊二中,877,20260701,2772
20260701,影视动漫,密室大逃脱第一季,876,20260701,2773
20260701,影视动漫,检查官的提案韩剧在线,875,20260701,2774
20260701,影视动漫,时光代理人,875,20260701,2775
20260701,影视动漫,森林里的熊先生冬眠中,875,20260701,2776
20260701,影视动漫,韩剧《叔叔别撩我》在线观看中文版,874,20260701,2777
20260701,影视动漫,桔子视频,874,20260701,2778
20260701,影视动漫,青丝影院电视剧在线观看全集免费,874,20260701,2779
20260701,影视动漫,让笨蛋妹妹变聪明的方法动漫全集无删减,874,20260701,2780
20260701,影视动漫,文豪野犬,874,20260701,2781
20260701,影视动漫,情侣1-60集高清免费观看电视,874,20260701,2782
20260701,影视动漫,作家的谎言,873,20260701,2783
20260701,影视动漫,沸腾人生电视剧40集免费观看,873,20260701,2784
20260701,影视动漫,光荣时代电视剧免费观看完整版,873,20260701,2785
20260701,影视动漫,邻居,873,20260701,2786
20260701,影视动漫,家业电视剧40集,872,20260701,2787
20260701,影视动漫,情事在线观看电视剧免费高清全集韩剧,872,20260701,2788
20260701,影视动漫,战旗如画电视剧,872,20260701,2789
20260701,影视动漫,血恋3完整版电影在线看,871,20260701,2790
20260701,影视动漫,你好星期六2026最新一期免费观看,871,20260701,2791
20260701,影视动漫,任嘉伦主演的电视剧,871,20260701,2792
20260701,影视动漫,唐人街探案2 电影,870,20260701,2793
20260701,影视动漫,大地第三中文在线观看免费版,870,20260701,2794
20260701,影视动漫,惊变于和伟电视剧全集免费观看,870,20260701,2795
20260701,影视动漫,光阴之外动漫,870,20260701,2796
20260701,影视动漫,中餐厅第八季免费观看完整版视频,870,20260701,2797
20260701,影视动漫,直播吧手机版本,870,20260701,2798
20260701,影视动漫,碟调网,870,20260701,2799
20260701,影视动漫,枳夏电视剧全集免费播放在线观看,870,20260701,2800
20260701,影视动漫,按摩电影,870,20260701,2801
20260701,影视动漫,日本免费mv观看高清电视剧百度网盘,868,20260701,2802
20260701,影视动漫,芒果视频在线观看免费高清完整亲爱的天狐大人,868,20260701,2803
20260701,影视动漫,红,867,20260701,2804
20260701,影视动漫,亢奋第二季,867,20260701,2805
20260701,影视动漫,东北往事,867,20260701,2806
20260701,影视动漫,密室大逃脱第八季,866,20260701,2807
20260701,影视动漫,cctv12在线直播观看,866,20260701,2808
20260701,影视动漫,大地资源第二页免费观看电视剧百度,866,20260701,2809
20260701,影视动漫,迷墙电视剧,866,20260701,2810
20260701,影视动漫,9178成长小视频,866,20260701,2811
20260701,影视动漫,罪恶之渊动漫,866,20260701,2812
20260701,影视动漫,深情眼电视剧,865,20260701,2813
20260701,影视动漫,建军大业,865,20260701,2814
20260701,影视动漫,完美世界动漫免费观看最新视频,864,20260701,2815
20260701,影视动漫,苹果电影在线完整免费观看电视剧的软件有哪些,864,20260701,2816
20260701,影视动漫,一念关山 电视剧,864,20260701,2817
20260701,影视动漫,cctv5 正在直播,864,20260701,2818
20260701,影视动漫,天降女子~女孩子从2楼掉了下来樱花无删减,864,20260701,2819
20260701,影视动漫,千香在线观看电视剧更新时间,864,20260701,2820
20260701,影视动漫,影视工厂,864,20260701,2821
20260701,影视动漫,女性瘾者,864,20260701,2822
20260701,影视动漫,江山为聘电视剧,863,20260701,2823
20260701,影视动漫,仙逆在线观看全集完整版高清动漫,863,20260701,2824
20260701,影视动漫,无名之辈,863,20260701,2825
20260701,影视动漫,七宗罪,863,20260701,2826
20260701,影视动漫,南部档案免费在线观看,863,20260701,2827
20260701,影视动漫,金部长 本色回归免费观看,863,20260701,2828
20260701,影视动漫,金瓶梅1,863,20260701,2829
20260701,影视动漫,巅峰对决2026,863,20260701,2830
20260701,影视动漫,生命树演员表全部,863,20260701,2831
20260701,影视动漫,永不磨灭的番号电视剧免费观看全集完整版,863,20260701,2832
20260701,影视动漫,最早电影出现哪个世纪,863,20260701,2833
20260701,影视动漫,沙漠女王电影完整版免费,862,20260701,2834
20260701,影视动漫,秘密关系,862,20260701,2835
20260701,影视动漫,剑来动漫第二季免费观看完整版,862,20260701,2836
20260701,影视动漫,神马顶级推理片电影在线观看,862,20260701,2837
20260701,影视动漫,美容室特殊服务,861,20260701,2838
20260701,影视动漫,人人影视,861,20260701,2839
20260701,影视动漫,现在就出发第3季全集完整版免费观看,861,20260701,2840
20260701,影视动漫,新视觉影院,861,20260701,2841
20260701,影视动漫,奔跑吧兄弟第十三季免费观看完整版2025,861,20260701,2842
20260701,影视动漫,恋活2,860,20260701,2843
20260701,影视动漫,短视频,860,20260701,2844
20260701,影视动漫,情深深雨蒙蒙,860,20260701,2845
20260701,影视动漫,《莫离》,859,20260701,2846
20260701,影视动漫,飘雪在线观看播放免费高清,859,20260701,2847
20260701,影视动漫,k8经典电影大全免费,859,20260701,2848
20260701,影视动漫,炽夏电视剧免费观看可下载,859,20260701,2849
20260701,影视动漫,阿凡达,859,20260701,2850
20260701,影视动漫,每日大瓜今日大赛网红大赛百度,859,20260701,2851
20260701,影视动漫,后宫,859,20260701,2852
20260701,影视动漫,电视剧<主角>,858,20260701,2853
20260701,影视动漫,种鬼国语高清完整免费观看,858,20260701,2854
20260701,影视动漫,国产在线观看免费全集电视剧国语版,858,20260701,2855
20260701,影视动漫,正后方的神威免费观看,858,20260701,2856
20260701,影视动漫,仙剑奇侠传,858,20260701,2857
20260701,影视动漫,神马影院在线观看,857,20260701,2858
20260701,影视动漫,火影忍者疾风传,857,20260701,2859
20260701,影视动漫,佳偶天成,856,20260701,2860
20260701,影视动漫,寄生虫,856,20260701,2861
20260701,影视动漫,南部档案电视剧在线观看,856,20260701,2862
20260701,影视动漫,悬案电视剧岳云鹏,856,20260701,2863
20260701,影视动漫,大片免费观看高清完整版在线观看熊出没重返地球,855,20260701,2864
20260701,影视动漫,樱花动漫专注动漫,855,20260701,2865
20260701,影视动漫,刑警队长 电视剧,855,20260701,2866
20260701,影视动漫,鹿鼎记陈小春版国语版免费观看,855,20260701,2867
20260701,影视动漫,新闻联播直播,855,20260701,2868
20260701,影视动漫,六角琴电影意大利,855,20260701,2869
20260701,影视动漫,陈情令电视剧免费观看完整版高清百度网盘资源,854,20260701,2870
20260701,影视动漫,韩剧电影,854,20260701,2871
20260701,影视动漫,生命树电视剧,854,20260701,2872
20260701,影视动漫,妻子4免费观看全集韩剧在线观看,853,20260701,2873
20260701,影视动漫,免费电视剧,852,20260701,2874
20260701,影视动漫,开天辟地电影简介,852,20260701,2875
20260701,影视动漫,教室别恋,852,20260701,2876
20260701,影视动漫,潘金莲的故事电视连续剧免费观看,852,20260701,2877
20260701,影视动漫,理发店里的特殊待遇4,851,20260701,2878
20260701,影视动漫,亲爱的热爱的免费观看完整版高清百度,851,20260701,2879
20260701,影视动漫,西厢艳谭,850,20260701,2880
20260701,影视动漫,云秀行电视剧,850,20260701,2881
20260701,影视动漫,日韩电影适合情侣电影看的有哪些,850,20260701,2882
20260701,影视动漫,莫离电视剧免费播放全集高清,850,20260701,2883
20260701,影视动漫,八千里路云和月,850,20260701,2884
20260701,影视动漫,仙台有树电视剧免费观看全集高清完整版,849,20260701,2885
20260701,影视动漫,七根心简,849,20260701,2886
20260701,影视动漫,隔世相逢泰剧完整版,848,20260701,2887
20260701,影视动漫,樱花动漫在线观看,848,20260701,2888
20260701,影视动漫,鬼灭之刃无限城,847,20260701,2889
20260701,影视动漫,仙逆动画在线观看,847,20260701,2890
20260701,影视动漫,花宵道中,847,20260701,2891
20260701,影视动漫,背着善宰跑韩剧在线看免费版在线看电视剧,847,20260701,2892
20260701,影视动漫,美景之屋在线,847,20260701,2893
20260701,影视动漫,综艺,847,20260701,2894
20260701,影视动漫,星辰变,847,20260701,2895
20260701,影视动漫,新三国演义95集全电视剧全部,847,20260701,2896
20260701,影视动漫,最新电影免费观看高清完整版在线观看抗美援朝,846,20260701,2897
20260701,影视动漫,云秀行免费观看全集,845,20260701,2898
20260701,影视动漫,欢乐家长群第一季,845,20260701,2899
20260701,影视动漫,金特务本色回归韩剧全集完整版,844,20260701,2900
20260701,影视动漫,大秦赋 电视剧,844,20260701,2901
20260701,影视动漫,哔哩哔哩网页版,844,20260701,2902
20260701,影视动漫,尤里和露珠的,844,20260701,2903
20260701,影视动漫,周末夫妻,844,20260701,2904
20260701,影视动漫,蜗居,844,20260701,2905
20260701,影视动漫,斩神之凡尘神域,843,20260701,2906
20260701,影视动漫,隔壁的邻居在线观看电视剧免费高清完整韩剧电影,843,20260701,2907
20260701,影视动漫,日本电影《尼姑庵物语》完整版,842,20260701,2908
20260701,影视动漫,电影港,842,20260701,2909
20260701,影视动漫,灌篮高手,842,20260701,2910
20260701,影视动漫,五十度灰在线观看,842,20260701,2911
20260701,影视动漫,电影实时票房,842,20260701,2912
20260701,影视动漫,玫瑰的故事,842,20260701,2913
20260701,影视动漫,我们的宿舍归心季免费观看完整版综艺,842,20260701,2914
20260701,影视动漫,敢尸艳谭,841,20260701,2915
20260701,影视动漫,中央一台,841,20260701,2916
20260701,影视动漫,同人动漫,841,20260701,2917
20260701,影视动漫,再见十八班免费全集观看完整版,841,20260701,2918
20260701,影视动漫,我爱我家,841,20260701,2919
20260701,影视动漫,CCTV5直播免费入口,840,20260701,2920
20260701,影视动漫,猎罪图鉴2在线观看免费完整版,840,20260701,2921
20260701,影视动漫,pinkerton动漫在线观看,840,20260701,2922
20260701,影视动漫,鸡毛飞上天,840,20260701,2923
20260701,影视动漫,捷德奥特曼,839,20260701,2924
20260701,影视动漫,风车动漫官网在线播放,839,20260701,2925
20260701,影视动漫,韩剧TV,838,20260701,2926
20260701,影视动漫,咪咕世界杯直播,838,20260701,2927
20260701,影视动漫,床戏视频,838,20260701,2928
20260701,影视动漫,检察官的提案 韩剧,838,20260701,2929
20260701,影视动漫,中央台CCTV5十节目单,837,20260701,2930
20260701,影视动漫,大战尼姑17集全免费国语无敌版,837,20260701,2931
20260701,影视动漫,dropout动漫观看,837,20260701,2932
20260701,影视动漫,史诡计之黄泉村免费观看完整版,837,20260701,2933
20260701,影视动漫,爱冲云霄泰剧免费观看,836,20260701,2934
20260701,影视动漫,超时空辉夜姬,836,20260701,2935
20260701,影视动漫,花开如梦是哪一年拍的,836,20260701,2936
20260701,影视动漫,九一社1-36集新加坡电视剧百度版,836,20260701,2937
20260701,影视动漫,西瓜影音,835,20260701,2938
20260701,影视动漫,外出3,835,20260701,2939
20260701,影视动漫,美剧网,835,20260701,2940
20260701,影视动漫,前度,835,20260701,2941
20260701,影视动漫,cctv5今天节目表,835,20260701,2942
20260701,影视动漫,西瓜影视在线观看免费,835,20260701,2943
20260701,影视动漫,向往的生活,834,20260701,2944
20260701,影视动漫,茶杯狐官方版官网,834,20260701,2945
20260701,影视动漫,人间中毒在线,834,20260701,2946
20260701,影视动漫,铁拳教育韩剧免费观看全集,833,20260701,2947
20260701,影视动漫,除恶,833,20260701,2948
20260701,影视动漫,火山口的两人,833,20260701,2949
20260701,影视动漫,樱花动漫网站,833,20260701,2950
20260701,影视动漫,将界2第3集完整免费观看,833,20260701,2951
20260701,影视动漫,春山镜电视剧免费观看全集完整版,833,20260701,2952
20260701,影视动漫,规则怪谈,833,20260701,2953
20260701,影视动漫,太平天国,832,20260701,2954
20260701,影视动漫,速度与激情10免费观看完整电影,832,20260701,2955
20260701,影视动漫,蕾卡乃女王动漫全集樱花动漫,832,20260701,2956
20260701,影视动漫,中文在线字幕观看电视剧日剧鲁大师,831,20260701,2957
20260701,影视动漫,哈哈哈哈哈第六季,831,20260701,2958
20260701,影视动漫,豺狼的日子,831,20260701,2959
20260701,影视动漫,五哈第一季,831,20260701,2960
20260701,影视动漫,黑帮大佬和我的365天,830,20260701,2961
20260701,影视动漫,满清十大酷刑2电影观看完整版在线播放,830,20260701,2962
20260701,影视动漫,飞常日志2,830,20260701,2963
20260701,影视动漫,CCTV5在线直播观看,829,20260701,2964
20260701,影视动漫,黑帮大佬,829,20260701,2965
20260701,影视动漫,弱小英雄,829,20260701,2966
20260701,影视动漫,我的姐姐,829,20260701,2967
20260701,影视动漫,青云志,828,20260701,2968
20260701,影视动漫,knot泰剧在线观看完整版,828,20260701,2969
20260701,影视动漫,仙逆在线观看高清完整版动漫,828,20260701,2970
20260701,影视动漫,日剧《推拿2》免费观看,828,20260701,2971
20260701,影视动漫,原罪电影完整版在线观看高清,827,20260701,2972
20260701,影视动漫,抖音创作者中心入口,827,20260701,2973
20260701,影视动漫,霜花店韩剧电影免费观看在线播,827,20260701,2974
20260701,影视动漫,泰剧结缘/KNOT在线观看,827,20260701,2975
20260701,影视动漫,电影《戒指》完整版,826,20260701,2976
20260701,影视动漫,b级文件,826,20260701,2977
20260701,影视动漫,梦中的那片海 电视剧,826,20260701,2978
20260701,影视动漫,法国空姐2023满天星法版,826,20260701,2979
20260701,影视动漫,地平线的边缘免费观看,826,20260701,2980
20260701,影视动漫,破冰行动 电视剧,826,20260701,2981
20260701,影视动漫,红楼梦全集,825,20260701,2982
20260701,影视动漫,蒲公英,825,20260701,2983
20260701,影视动漫,小姐电影,825,20260701,2984
20260701,影视动漫,初恋时间在线观看,825,20260701,2985
20260701,影视动漫,知否知否应是红肥绿瘦在线观看,824,20260701,2986
20260701,影视动漫,鬼灭之刃在线观看,824,20260701,2987
20260701,影视动漫,蝴蝶效应,824,20260701,2988
20260701,影视动漫,檀健次王楚然《爱情有烟火》,824,20260701,2989
20260701,影视动漫,谜案拼图,824,20260701,2990
20260701,影视动漫,我的兄弟叫顺溜电视剧全集免费观看,824,20260701,2991
20260701,影视动漫,策驰,824,20260701,2992
20260701,影视动漫,从前有座灵剑山 电视剧,823,20260701,2993
20260701,影视动漫,魔法少女小圆,823,20260701,2994
20260701,影视动漫,爱情有烟火电视剧剧情,823,20260701,2995
20260701,影视动漫,生命树电视剧全集免费,822,20260701,2996
20260701,影视动漫,人人剧场,822,20260701,2997
20260701,影视动漫,美景之屋3,822,20260701,2998
20260701,影视动漫,邻居妻子韩剧电视剧在线观看,821,20260701,2999
20260701,影视动漫,莫离莫弃在线观看,821,20260701,3000
20260701,影视动漫,哥哥的心动Moo泰剧完整版在线观看,821,20260701,3001
20260701,影视动漫,三年成全免费完整版资源,821,20260701,3002
20260701,影视动漫,世界第一初恋动漫,821,20260701,3003
20260701,影视动漫,《莫离》电视,821,20260701,3004
20260701,影视动漫,ai短剧,820,20260701,3005
20260701,影视动漫,西班牙剧《爱欲焚身》在哪看,820,20260701,3006
20260701,影视动漫,检察官的提案 韩剧免费观看,820,20260701,3007
20260701,影视动漫,地球超新鲜第一季,820,20260701,3008
20260701,影视动漫,《千香》电视剧,820,20260701,3009
20260701,影视动漫,中央CCTV5十节目表电视四号节目中超积,819,20260701,3010
20260701,影视动漫,余生请多指教,819,20260701,3011
20260701,影视动漫,种墨园电视剧在线观看免费版高清,819,20260701,3012
20260701,影视动漫,终结的炽天使,819,20260701,3013
20260701,影视动漫,暴躁姐姐国语版第一季百度云,819,20260701,3014
20260701,影视动漫,《漂亮的秘书HD》在线观看,818,20260701,3015
20260701,影视动漫,岁月电视剧,818,20260701,3016
20260701,影视动漫,洗屋先生动漫在线观看完整版电视剧免费高清韩剧,818,20260701,3017
20260701,影视动漫,奶龙动画片免费观看完整版全集,818,20260701,3018
20260701,影视动漫,芭乐视频,817,20260701,3019
20260701,影视动漫,《炽夏》免费观看全集,817,20260701,3020
20260701,影视动漫,成为大人的夏天 动漫,817,20260701,3021
20260701,影视动漫,西施,817,20260701,3022
20260701,影视动漫,爱情有烟火1-40集全免费,817,20260701,3023
20260701,影视动漫,檀健次王楚然《爱情有烟火》免费观看,816,20260701,3024
20260701,影视动漫,人间烟火电视剧,815,20260701,3025
20260701,影视动漫,泳池边的少年电影在线观看电影,815,20260701,3026
20260701,影视动漫,亲爱的公主病,815,20260701,3027
20260701,影视动漫,方圆八百米,815,20260701,3028
20260701,影视动漫,红心女王,814,20260701,3029
20260701,影视动漫,王楚然爱情有烟火免费观看,814,20260701,3030
20260701,影视动漫,机密档案之致命疑惑在线,814,20260701,3031
20260701,影视动漫,YY4410青苹果乐园免费播放电视剧,814,20260701,3032
20260701,影视动漫,3077《甜蜜罚罪》免费观看,814,20260701,3033
20260701,影视动漫,白鹿原 电视剧,813,20260701,3034
20260701,影视动漫,旋风少女,813,20260701,3035
20260701,影视动漫,秘密,813,20260701,3036
20260701,影视动漫,cctv8节目表,812,20260701,3037
20260701,影视动漫,如懿传 电视剧,812,20260701,3038
20260701,影视动漫,大决战,812,20260701,3039
20260701,影视动漫,《小巷人家》电视剧,811,20260701,3040
20260701,影视动漫,龙之家族第三季,811,20260701,3041
20260701,影视动漫,斗罗大陆动漫在线观看视频全集,811,20260701,3042
20260701,影视动漫,电影《守寡的日子》在线观看,810,20260701,3043
20260701,影视动漫,我的隔壁女邻居免费观看电视剧在线,810,20260701,3044
20260701,影视动漫,五福临门完整版视频在线播放,810,20260701,3045
20260701,影视动漫,罚罪电视剧40集在线观看免费高清,810,20260701,3046
20260701,影视动漫,惊蛰,809,20260701,3047
20260701,影视动漫,罪恶之渊1-8集,809,20260701,3048
20260701,影视动漫,火箭少女拔萝卜,809,20260701,3049
20260701,影视动漫,好好的时光电视剧剧情介绍,809,20260701,3050
20260701,影视动漫,让笨蛋妹妹变聪明的办法动漫,809,20260701,3051
20260701,影视动漫,好好的时光百度百科,809,20260701,3052
20260701,影视动漫,飞鸟藏爱泰剧,809,20260701,3053
20260701,影视动漫,哈利波特与魔法石,809,20260701,3054
20260701,影视动漫,免费看动漫,808,20260701,3055
20260701,影视动漫,孩子们的秘密,808,20260701,3056
20260701,影视动漫,苍兰诀 电视剧,807,20260701,3057
20260701,影视动漫,3d柔铺团之极宝乐鉴宝鉴电影演员表,807,20260701,3058
20260701,影视动漫,老师,806,20260701,3059
20260701,影视动漫,同级生,806,20260701,3060
20260701,影视动漫,缘之空十二集视频,806,20260701,3061
20260701,影视动漫,勿忘我,805,20260701,3062
20260701,影视动漫,《特立独行》免费观看,805,20260701,3063
20260701,影视动漫,风云太白山电影,805,20260701,3064
20260701,影视动漫,纯真年代的爱情电视剧在线观看,805,20260701,3065
20260701,影视动漫,柳舟记,805,20260701,3066
20260701,影视动漫,长月烬明 电视剧,805,20260701,3067
20260701,影视动漫,《翘楚》全集,805,20260701,3068
20260701,影视动漫,日本大尺度电影,805,20260701,3069
20260701,影视动漫,邻居的妻子HD中字3D,804,20260701,3070
20260701,影视动漫,老牛影院在线高清免费观看电视剧,804,20260701,3071
20260701,影视动漫,一路向西在线观看百度云,804,20260701,3072
20260701,影视动漫,爱情怎么翻译韩剧在线观看全集,803,20260701,3073
20260701,影视动漫,冰上的尤里,803,20260701,3074
20260701,影视动漫,滤镜 电视剧,803,20260701,3075
20260701,影视动漫,现在就出发第三季,803,20260701,3076
20260701,影视动漫,超级少女,803,20260701,3077
20260701,影视动漫,金钱之味,803,20260701,3078
20260701,影视动漫,叶罗丽精灵梦第十一季免费观看完整版,802,20260701,3079
20260701,影视动漫,昨夜将至电视剧百度百科,802,20260701,3080
20260701,影视动漫,神探狄仁杰第一部电视剧,802,20260701,3081
20260701,影视动漫,六间房,801,20260701,3082
20260701,影视动漫,幸福演算法电影免费观看,801,20260701,3083
20260701,影视动漫,父母爱情 电视剧,800,20260701,3084
20260701,影视动漫,大决战 电视剧,800,20260701,3085
20260701,影视动漫,流金岁月 电视剧,800,20260701,3086
20260701,影视动漫,欢乐家长群2免费观看电视剧在线播放,800,20260701,3087
20260701,影视动漫,b站官网,800,20260701,3088
20260701,影视动漫,炽夏电视剧全集免费观看包上恩,799,20260701,3089
20260701,影视动漫,上流社会电影 韩剧,799,20260701,3090
20260701,影视动漫,与鸭共舞,798,20260701,3091
20260701,影视动漫,儿童动画片,798,20260701,3092
20260701,影视动漫,鸳鸯蝴蝶免费观看电视剧,798,20260701,3093
20260701,影视动漫,勾魂恶梦,798,20260701,3094
20260701,影视动漫,人间正道是沧桑电视剧免费观看全集,798,20260701,3095
20260701,影视动漫,呼吸过度动漫全集观看百度视频,797,20260701,3096
20260701,影视动漫,overflow在线观看完整版动漫普通话谍战迷,797,20260701,3097
20260701,影视动漫,女老师2,797,20260701,3098
20260701,影视动漫,睁眼太子爷的恶毒女友重生了容寄侨段宴短剧,797,20260701,3099
20260701,影视动漫,日剧大全免费观看电视剧在线,796,20260701,3100
20260701,影视动漫,成龙历险记,796,20260701,3101
20260701,影视动漫,好姑娘第9集高清在线观看,795,20260701,3102
20260701,影视动漫,漫剧,795,20260701,3103
20260701,影视动漫,吻戏韩剧大度原声电影在线观看,795,20260701,3104
20260701,影视动漫,南部档案全集,795,20260701,3105
20260701,影视动漫,奔跑吧兄弟第二季完整版免费,794,20260701,3106
20260701,影视动漫,《租借女友》动漫,794,20260701,3107
20260701,影视动漫,娘道,794,20260701,3108
20260701,影视动漫,着迷网剧全集免费观看,794,20260701,3109
20260701,影视动漫,明明不喜欢日剧,794,20260701,3110
20260701,影视动漫,菲梦少女,793,20260701,3111
20260701,影视动漫,火影,793,20260701,3112
20260701,影视动漫,第一次当妻子动漫免费观看全集,793,20260701,3113
20260701,影视动漫,蘑菇影视,793,20260701,3114
20260701,影视动漫,亲吻视频,793,20260701,3115
20260701,影视动漫,老派男友泰剧免费观看未删减版全集,793,20260701,3116
20260701,影视动漫,龙族动漫在线观看免费全集高清,793,20260701,3117
20260701,影视动漫,泰剧knot在线观看,792,20260701,3118
20260701,影视动漫,结缘泰剧,792,20260701,3119
20260701,影视动漫,变态视频,792,20260701,3120
20260701,影视动漫,开始推理吧第四季免费播放,792,20260701,3121
20260701,影视动漫,半熟恋人第五季第五期在线观看,792,20260701,3122
20260701,影视动漫,我的团长我的团,792,20260701,3123
20260701,影视动漫,男女视频,792,20260701,3124
20260701,影视动漫,从零开始的异世界生活第一季在线观看,791,20260701,3125
20260701,影视动漫,小蜜桃2,791,20260701,3126
20260701,影视动漫,永夜星河,791,20260701,3127
20260701,影视动漫,鲁大师在线高清免费观看百度,791,20260701,3128
20260701,影视动漫,西西里的美丽传说电影在线观看完整,790,20260701,3129
20260701,影视动漫,灭火宝贝2在线看免费高清完整版中文,790,20260701,3130
20260701,影视动漫,千香免费观看全集电视剧百度网盘,790,20260701,3131
20260701,影视动漫,国色芳华,789,20260701,3132
20260701,影视动漫,触摸,789,20260701,3133
20260701,影视动漫,天堂票泰剧双男主泰剧,789,20260701,3134
20260701,影视动漫,九重紫,789,20260701,3135
20260701,影视动漫,泰剧偿还,789,20260701,3136
20260701,影视动漫,TikTok,788,20260701,3137
20260701,影视动漫,官人我要之极乐宝鉴2在线观看免费完整版高清,788,20260701,3138
20260701,影视动漫,小小影院免费高清电视剧大全李时,788,20260701,3139
20260701,影视动漫,《炽夏》周柯宇全集免费观看,788,20260701,3140
20260701,影视动漫,爱情有烟花电视剧免费观看,788,20260701,3141
20260701,影视动漫,南部档案完整版高清,787,20260701,3142
20260701,影视动漫,喜欢你我也是6季免费,787,20260701,3143
20260701,影视动漫,短剧免费观看全集完整版,787,20260701,3144
20260701,影视动漫,粉色视频,787,20260701,3145
20260701,影视动漫,维多利亚一号,787,20260701,3146
20260701,影视动漫,书卷一梦全集免费观看高清,787,20260701,3147
20260701,影视动漫,问心2电视剧40集播放,786,20260701,3148
20260701,影视动漫,《处处觅风流》(1970)一句话暴击:风,786,20260701,3149
20260701,影视动漫,异形舞台,786,20260701,3150
20260701,影视动漫,只要你过的比我好免费版电视剧在哪里可以看,786,20260701,3151
20260701,影视动漫,开始推理吧第4季免费播放在线观看全集高清,785,20260701,3152
20260701,影视动漫,鹿鼎记,785,20260701,3153
20260701,影视动漫,星空影院免费观看电影,785,20260701,3154
20260701,影视动漫,激情从林之泰山归来哪里能看免费,785,20260701,3155
20260701,影视动漫,肥胖妇女日剧高清在线观看电视剧,784,20260701,3156
20260701,影视动漫,师兄呀师兄,784,20260701,3157
20260701,影视动漫,末行手记在线观看,784,20260701,3158
20260701,影视动漫,钢铁森林,784,20260701,3159
20260701,影视动漫,回复术士的重启人生在线观看,783,20260701,3160
20260701,影视动漫,流光之下45集免费观看,783,20260701,3161
20260701,影视动漫,山河令,783,20260701,3162
20260701,影视动漫,长安三万里在线看免费高清完整版,782,20260701,3163
20260701,影视动漫,八戒八戒在线电影观看,782,20260701,3164
20260701,影视动漫,暗河传,781,20260701,3165
20260701,影视动漫,让子弹飞高清完整版免费观看,781,20260701,3166
20260701,影视动漫,《如懿传》电视剧,781,20260701,3167
20260701,影视动漫,老九门2,781,20260701,3168
20260701,影视动漫,瑞克和莫蒂,781,20260701,3169
20260701,影视动漫,金特务本色回归免费观看电视剧最新,781,20260701,3170
20260701,影视动漫,大地资源第二页在线观看免费高清韩剧网,781,20260701,3171
20260701,影视动漫,我的团长我的团 电视剧,781,20260701,3172
20260701,影视动漫,铁拳教育韩剧免费观看,780,20260701,3173
20260701,影视动漫,60分钟免费观看电视剧在线观看韩剧,780,20260701,3174
20260701,影视动漫,夸克电影免费播放观看,779,20260701,3175
20260701,影视动漫,凡人修仙传电视剧,779,20260701,3176
20260701,影视动漫,甜蜜惩罚全集第1季完整版免费播放下载,779,20260701,3177
20260701,影视动漫,开始推理吧4免费观看全集完整版,779,20260701,3178
20260701,影视动漫,张嘉译主演的全部电视剧,779,20260701,3179
20260701,影视动漫,建国大业,778,20260701,3180
20260701,影视动漫,镜中人,778,20260701,3181
20260701,影视动漫,我的妈耶,778,20260701,3182
20260701,影视动漫,狼狈电影完整版在线观看,778,20260701,3183
20260701,影视动漫,上瘾 电视剧,778,20260701,3184
20260701,影视动漫,兽兵卫忍风帖在线观看完整版,778,20260701,3185
20260701,影视动漫,悬崖电视剧在线观看免费,778,20260701,3186
20260701,影视动漫,凡人修仙传动漫在线观看,778,20260701,3187
20260701,影视动漫,莫离在线电视剧免费观看全集,778,20260701,3188
20260701,影视动漫,灿烂的风和海电视剧在线播放,777,20260701,3189
20260701,影视动漫,乡村爱情,777,20260701,3190
20260701,影视动漫,日历女孩 电影,776,20260701,3191
20260701,影视动漫,暴躁姐姐国语版全集百度云,776,20260701,3192
20260701,影视动漫,昨夜将至免费观看,776,20260701,3193
20260701,影视动漫,僵尸叔叔 电影,776,20260701,3194
20260701,影视动漫,花儿与少年第五季在线观看完整版,775,20260701,3195
20260701,影视动漫,星空无限传媒免费观看电视剧百度云,775,20260701,3196
20260701,影视动漫,长相思第一季免费观看完整版高清下载,775,20260701,3197
20260701,影视动漫,迷案拼图电视剧免费全集在线观看,775,20260701,3198
20260701,影视动漫,丁度的全部电影,775,20260701,3199
20260701,影视动漫,李恩美的全部电影,774,20260701,3200
20260701,影视动漫,三妻四妾国语版全集电视剧,774,20260701,3201
20260701,影视动漫,猫眼票房实时专业版,773,20260701,3202
20260701,影视动漫,黑皮辣妹是我的兄弟的动漫无删减在线观看全集,773,20260701,3203
20260701,影视动漫,行尸走肉第一季,773,20260701,3204
20260701,影视动漫,猫咪视频,773,20260701,3205
20260701,影视动漫,青苹果乐园在线观看免费高清电视剧寻你到天,773,20260701,3206
20260701,影视动漫,北上 电视剧,773,20260701,3207
20260701,影视动漫,砰砰砰电影免费播放在线观看,773,20260701,3208
20260701,影视动漫,斯巴达克第四季无删减完整百度,772,20260701,3209
20260701,影视动漫,汪汪队立大功全集免费观看,772,20260701,3210
20260701,影视动漫,装台电视剧全集免费观看完整版,772,20260701,3211
20260701,影视动漫,策驰电视剧,772,20260701,3212
20260701,影视动漫,亢奋第三季在线观看完整免未删减美剧,772,20260701,3213
20260701,影视动漫,茶杯狐追剧网在线看免费追剧下载,771,20260701,3214
20260701,影视动漫,美味的快递,771,20260701,3215
20260701,影视动漫,挠痒痒处罚,771,20260701,3216
20260701,影视动漫,反叛杰森电影在线观看,771,20260701,3217
20260701,影视动漫,光阴之外动漫免费观看完整版高清,770,20260701,3218
20260701,影视动漫,云秀行演员表,770,20260701,3219
20260701,影视动漫,飞驰人生,770,20260701,3220
20260701,影视动漫,密爱在线观看免费韩剧电影,770,20260701,3221
20260701,影视动漫,天下同心演员表,770,20260701,3222
20260701,影视动漫,娜塔莉的情人,770,20260701,3223
20260701,影视动漫,偶像练习生,770,20260701,3224
20260701,影视动漫,灵与欲电影百度百科,770,20260701,3225
20260701,影视动漫,《红辣椒》意大利完整版,769,20260701,3226
20260701,影视动漫,黑皮辣妹是我的兄弟类似动漫,769,20260701,3227
20260701,影视动漫,灵魂摆渡十年之约,769,20260701,3228
20260701,影视动漫,生命树电视剧免费观看,769,20260701,3229
20260701,影视动漫,王牌对王牌,769,20260701,3230
20260701,影视动漫,电视剧问心2免费观看全集高清,769,20260701,3231
20260701,影视动漫,检察官的提案在线观看完整版,768,20260701,3232
20260701,影视动漫,老版东北娘们国语版百度云,768,20260701,3233
20260701,影视动漫,图书馆的女朋友动漫,768,20260701,3234
20260701,影视动漫,《HEARTWORK》动漫,768,20260701,3235
20260701,影视动漫,良辰美锦,768,20260701,3236
20260701,影视动漫,cctv13节目表,768,20260701,3237
20260701,影视动漫,鬼父在线观看动漫全集免费观看,768,20260701,3238
20260701,影视动漫,铁拳教育韩剧在哪里可以看完整版,768,20260701,3239
20260701,影视动漫,喜人奇妙夜,767,20260701,3240
20260701,影视动漫,森林里的熊先生冬眠中动漫未增减版类似动漫,767,20260701,3241
20260701,影视动漫,娃娃脸2,767,20260701,3242
20260701,影视动漫,城中之城 电视剧,766,20260701,3243
20260701,影视动漫,许我耀眼 电视剧,766,20260701,3244
20260701,影视动漫,哆啦a梦,766,20260701,3245
20260701,影视动漫,xl司令的动漫,766,20260701,3246
20260701,影视动漫,快乐老家综艺,766,20260701,3247
20260701,影视动漫,奇门遁甲,766,20260701,3248
20260701,影视动漫,韩国电影在线高清免费观看,765,20260701,3249
20260701,影视动漫,滟母动漫季全集在线观看,765,20260701,3250
20260701,影视动漫,杨紫白玉兰获奖视频播放,765,20260701,3251
20260701,影视动漫,怦然心动泰剧未删减完整版,764,20260701,3252
20260701,影视动漫,小媳妇免费观看完整版电视剧,764,20260701,3253
20260701,影视动漫,好久没做韩剧电视剧在线观看免费,764,20260701,3254
20260701,影视动漫,间谍过家家第一季,764,20260701,3255
20260701,影视动漫,喜爱夜蒲2,763,20260701,3256
20260701,影视动漫,鸭王电影,763,20260701,3257
20260701,影视动漫,食物链电影,763,20260701,3258
20260701,影视动漫,蜜桃成熟时3,763,20260701,3259
20260701,影视动漫,首页 - 影视,763,20260701,3260
20260701,影视动漫,你真漂亮第2集免费观看,762,20260701,3261
20260701,影视动漫,斗破苍穹年番在线观看,762,20260701,3262
20260701,影视动漫,等待黎明破晓时泰剧,762,20260701,3263
20260701,影视动漫,悬崖之上电视剧全集40集在线观看免费下载,762,20260701,3264
20260701,影视动漫,国色芳华电视剧在线观看免费高清版第二部,762,20260701,3265
20260701,影视动漫,天津卫视节目表,761,20260701,3266
20260701,影视动漫,《我们有点不对劲》日剧,761,20260701,3267
20260701,影视动漫,樱花动漫专注动漫的网站-专注动漫的进击的巨人第四季,761,20260701,3268
20260701,影视动漫,《工地夫妻》原声版在线观看,761,20260701,3269
20260701,影视动漫,樱花动漫专注好看的动漫网站,760,20260701,3270
20260701,影视动漫,王楚然檀健次《爱情有烟火》在线观看,760,20260701,3271
20260701,影视动漫,鞠婧祎《千香》,760,20260701,3272
20260701,影视动漫,中央5今天现场直播,760,20260701,3273
20260701,影视动漫,CCTV5十今天直播节目单,760,20260701,3274
20260701,影视动漫,事物的秘密,760,20260701,3275
20260701,影视动漫,邪,760,20260701,3276
20260701,影视动漫,异人之下,760,20260701,3277
20260701,影视动漫,金关电视剧免费观看,760,20260701,3278
20260701,影视动漫,登堂入室,760,20260701,3279
20260701,影视动漫,五十公里桃花坞第六季免费完整版,759,20260701,3280
20260701,影视动漫,女人是男人的未来,759,20260701,3281
20260701,影视动漫,艳降勾魂,759,20260701,3282
20260701,影视动漫,夫妇联欢会不去的晚会,759,20260701,3283
20260701,影视动漫,六姊妹,758,20260701,3284
20260701,影视动漫,落花时节又逢君电视剧全集在线观看,758,20260701,3285
20260701,影视动漫,繁华落尽电视剧在线观看免费完整版超前点播,758,20260701,3286
20260701,影视动漫,CCTV-13在线直播,758,20260701,3287
20260701,影视动漫,命定之人,757,20260701,3288
20260701,影视动漫,春山境电视剧,757,20260701,3289
20260701,影视动漫,美丽的小蜜桃2,757,20260701,3290
20260701,影视动漫,美丽小蜜桃1,757,20260701,3291
20260701,影视动漫,为人民服务中文版完整版,757,20260701,3292
20260701,影视动漫,满清十酷刑,757,20260701,3293
20260701,影视动漫,女大学生沙龙,756,20260701,3294
20260701,影视动漫,命悬一生,756,20260701,3295
20260701,影视动漫,我的妈妈动漫观看第一季全集免费,755,20260701,3296
20260701,影视动漫,泰剧偿还未删减版观看,755,20260701,3297
20260701,影视动漫,海峡两岸,755,20260701,3298
20260701,影视动漫,云秀电视剧全集,755,20260701,3299
20260701,影视动漫,五十度灰在线观看免费高清美剧,755,20260701,3300
20260701,影视动漫,楚乔传 电视剧,755,20260701,3301
20260701,影视动漫,《铁拳教育》在线观看免费,755,20260701,3302
20260701,影视动漫,喝茶影视,755,20260701,3303
20260701,影视动漫,阿嬷的情书电影免费观看2026年上映时间,755,20260701,3304
20260701,影视动漫,呼啸山庄,754,20260701,3305
20260701,影视动漫,僵尸2013未删减版百度网盘,754,20260701,3306
20260701,影视动漫,挠痒痒(脚固定),754,20260701,3307
20260701,影视动漫,云秀行电视剧免费播放影视大全最新,753,20260701,3308
20260701,影视动漫,莫离电视剧高清版,753,20260701,3309
20260701,影视动漫,梦华录1-40全集免费观看完整版,753,20260701,3310
20260701,影视动漫,僵尸未删减版,753,20260701,3311
20260701,影视动漫,花之芥动漫第一季第一集,753,20260701,3312
20260701,影视动漫,日剧《因性而别》,752,20260701,3313
20260701,影视动漫,射雕英雄传83版全集免费观看,752,20260701,3314
20260701,影视动漫,吞噬星空决战原始星完整版,752,20260701,3315
20260701,影视动漫,斗破苍穹全集免费观看,752,20260701,3316
20260701,影视动漫,时光代理人第一季,752,20260701,3317
20260701,影视动漫,明星大侦探,752,20260701,3318
20260701,影视动漫,《图书的女朋友》动漫,752,20260701,3319
20260701,影视动漫,白粥动画,752,20260701,3320
20260701,影视动漫,快乐老家综艺在线观看免费高清,752,20260701,3321
20260701,影视动漫,光渊1-30普通话版,752,20260701,3322
20260701,影视动漫,哪吒之魔童闹海 电影,751,20260701,3323
20260701,影视动漫,暗河传电视剧免费观看完整版高清,751,20260701,3324
20260701,影视动漫,无间 电视剧,751,20260701,3325
20260701,影视动漫,酷客影院,751,20260701,3326
20260701,影视动漫,电影票房排行榜,751,20260701,3327
20260701,影视动漫,十八全集全集高清在线看?,751,20260701,3328
20260701,影视动漫,莫离分集剧情介绍,750,20260701,3329
20260701,影视动漫,kont电视剧,750,20260701,3330
20260701,影视动漫,树下有片红房子 电视剧高清,750,20260701,3331
20260701,影视动漫,红心女王2意大利版本,750,20260701,3332
20260701,影视动漫,宁安如梦免费观看全集电视剧,750,20260701,3333
20260701,影视动漫,宇宙闪烁请注意,749,20260701,3334
20260701,影视动漫,欢乐树的朋友们,749,20260701,3335
20260701,影视动漫,含羞草视频,749,20260701,3336
20260701,影视动漫,奇迹少女,749,20260701,3337
20260701,影视动漫,佳偶天成电视剧全集免费观看高清任嘉伦,749,20260701,3338
20260701,影视动漫,《妻子太漂亮》韩剧在线观看,749,20260701,3339
20260701,影视动漫,古惑仔,748,20260701,3340
20260701,影视动漫,斗鱼直播,748,20260701,3341
20260701,影视动漫,动漫共和国动漫官网正版,748,20260701,3342
20260701,影视动漫,少林足球 电影,748,20260701,3343
20260701,影视动漫,《堕落前辈》动漫完整版在线观看,748,20260701,3344
20260701,影视动漫,泽塔奥特曼,748,20260701,3345
20260701,影视动漫,我是特种兵,748,20260701,3346
20260701,影视动漫,隐形狂人,748,20260701,3347
20260701,影视动漫,电视剧2026,748,20260701,3348
20260701,影视动漫,猎罪图鉴2,748,20260701,3349
20260701,影视动漫,香蜜沉沉烬如霜电视剧在线观看免费,747,20260701,3350
20260701,影视动漫,晚娘2,747,20260701,3351
20260701,影视动漫,CCTV5 节目表,747,20260701,3352
20260701,影视动漫,千香在线免费观看,747,20260701,3353
20260701,影视动漫,身为人母,746,20260701,3354
20260701,影视动漫,情不自禁,746,20260701,3355
20260701,影视动漫,大唐迷雾第一季电视剧观看完整版高清,746,20260701,3356
20260701,影视动漫,主角电视剧在线观看,746,20260701,3357
20260701,影视动漫,夏雪变形计短剧全集免费,746,20260701,3358
20260701,影视动漫,华策影视,746,20260701,3359
20260701,影视动漫,少帅电视剧免费观看全集直播,746,20260701,3360
20260701,影视动漫,父母的爱情电视剧全集高清免费,745,20260701,3361
20260701,影视动漫,新还珠格格免费观看电视剧全集,745,20260701,3362
20260701,影视动漫,妻子的情人韩剧免费观看完整版电视剧在线观看,745,20260701,3363
20260701,影视动漫,五十度飞,745,20260701,3364
20260701,影视动漫,春山镜电视剧免费观看完整小剧场,745,20260701,3365
20260701,影视动漫,《溢出》第一季免费观看全集,745,20260701,3366
20260701,影视动漫,非份有罪粤语,744,20260701,3367
20260701,影视动漫,春花焰 电视剧,744,20260701,3368
20260701,影视动漫,熊出没之环球大冒险,744,20260701,3369
20260701,影视动漫,策驰影院,744,20260701,3370
20260701,影视动漫,爱情公寓2,744,20260701,3371
20260701,影视动漫,当橘子掉落时泰剧完整版,744,20260701,3372
20260701,影视动漫,正义女神,743,20260701,3373
20260701,影视动漫,老友记,743,20260701,3374
20260701,影视动漫,HD农民伯伯乡下妹国语版主演是谁百度,743,20260701,3375
20260701,影视动漫,暴躁老大妈40集全免费播放百度,743,20260701,3376
20260701,影视动漫,不洁之星动漫第1季第一集在线观看视频,743,20260701,3377
20260701,影视动漫,下载抖音极速版免费下载,742,20260701,3378
20260701,影视动漫,奔跑吧兄弟第四季 综艺,742,20260701,3379
20260701,影视动漫,《成年的人不懂如何谈恋爱》,742,20260701,3380
20260701,影视动漫,聊斋志异叶子楣,742,20260701,3381
20260701,影视动漫,好看视频,742,20260701,3382
20260701,影视动漫,锦绣未央 电视剧,741,20260701,3383
20260701,影视动漫,悬崖电视剧演员名单,741,20260701,3384
20260701,影视动漫,咒电影,741,20260701,3385
20260701,影视动漫,中央一套cctv1直播,741,20260701,3386
20260701,影视动漫,妻本善良,741,20260701,3387
20260701,影视动漫,雪豹周卫国1-40集免费观看旧版,741,20260701,3388
20260701,影视动漫,中文在线高清字幕电视剧,740,20260701,3389
20260701,影视动漫,向风而行电视剧全集免费完整,740,20260701,3390
20260701,影视动漫,翡翠原石直播,739,20260701,3391
20260701,影视动漫,地味变动漫在线观看第八集,739,20260701,3392
20260701,影视动漫,宁安如梦,739,20260701,3393
20260701,影视动漫,中韩字幕电视剧高清播放,739,20260701,3394
20260701,影视动漫,黑帮大佬和我的365第3季歌完整版,739,20260701,3395
20260701,影视动漫,星空,739,20260701,3396
20260701,影视动漫,舒淇早期演过的电影,739,20260701,3397
20260701,影视动漫,糖豆视频,738,20260701,3398
20260701,影视动漫,电锯惊魂,738,20260701,3399
20260701,影视动漫,妻子6韩剧电视剧在线播放HD,738,20260701,3400
20260701,影视动漫,玉兰花开君再来,737,20260701,3401
20260701,影视动漫,日本片,737,20260701,3402
20260701,影视动漫,xl司令第一季真人全集完整版免费,737,20260701,3403
20260701,影视动漫,地下交通站全集第一部免费观看,737,20260701,3404
20260701,影视动漫,1-40全集免费观看完整版城中之城,737,20260701,3405
20260701,影视动漫,建党105周年视频完整版,736,20260701,3406
20260701,影视动漫,影视仓,736,20260701,3407
20260701,影视动漫,云秀行 电视剧,736,20260701,3408
20260701,影视动漫,竹马变成黑皮辣妹后动漫免费观看全集,736,20260701,3409
20260701,影视动漫,梅丽莎,736,20260701,3410
20260701,影视动漫,昨夜星辰电视连续剧全集,736,20260701,3411
20260701,影视动漫,爱丫爱丫影视剧在线观看免费高清视频,736,20260701,3412
20260701,影视动漫,挪威的森林截取的一段视频原声,736,20260701,3413
20260701,影视动漫,《美容院8:特殊待遇》百度百科,736,20260701,3414
20260701,影视动漫,百家讲坛,736,20260701,3415
20260701,影视动漫,视频在线观看,735,20260701,3416
20260701,影视动漫,神秘视频,735,20260701,3417
20260701,影视动漫,千鹤酱的开发日记动漫免费观看高清电视剧,735,20260701,3418
20260701,影视动漫,魔方小姐电影完整版在线观看,735,20260701,3419
20260701,影视动漫,cctv5在线直播正在直播,735,20260701,3420
20260701,影视动漫,昨夜星辰电视剧全集免费观看,735,20260701,3421
20260701,影视动漫,2019年免费观看高清电视剧-百度,735,20260701,3422
20260701,影视动漫,交换邻居在线观看免费版电视剧韩剧,735,20260701,3423
20260701,影视动漫,泰剧电视剧大全免费观看,735,20260701,3424
20260701,影视动漫,夜蒲团,734,20260701,3425
20260701,影视动漫,诺曼底72小时,734,20260701,3426
20260701,影视动漫,义母吐息,734,20260701,3427
20260701,影视动漫,荒井小姐的秘密的生活在线观看免费播放电视剧韩剧,734,20260701,3428
20260701,影视动漫,房奴试爱,734,20260701,3429
20260701,影视动漫,青青河边草,733,20260701,3430
20260701,影视动漫,问心2分集剧情介绍,733,20260701,3431
20260701,影视动漫,语义错误,733,20260701,3432
20260701,影视动漫,聊斋艳谭电影,732,20260701,3433
20260701,影视动漫,心动预测,732,20260701,3434
20260701,影视动漫,沙海在线观看,731,20260701,3435
20260701,影视动漫,电视剧主角,731,20260701,3436
20260701,影视动漫,健康之路,731,20260701,3437
20260701,影视动漫,渗透 电视剧,731,20260701,3438
20260701,影视动漫,青梅竹马第2季未删减百度云,731,20260701,3439
20260701,影视动漫,一路向西电影免费观看在线高清中文字幕,730,20260701,3440
20260701,影视动漫,半熟恋人第5季免费综艺完整版在线观看,730,20260701,3441
20260701,影视动漫,欢迎来到后宫岛动漫,730,20260701,3442
20260701,影视动漫,女士的品格 电视剧,729,20260701,3443
20260701,影视动漫,银河奥特曼,729,20260701,3444
20260701,影视动漫,尚公主,729,20260701,3445
20260701,影视动漫,彭丹最惊艳三部电影在线观看,729,20260701,3446
20260701,影视动漫,捷克街头钞能力无删减版百度云资源在线观看,729,20260701,3447
20260701,影视动漫,哭悲,728,20260701,3448
20260701,影视动漫,抓特务演员表,728,20260701,3449
20260701,影视动漫,就算是爸爸也想做,728,20260701,3450
20260701,影视动漫,女仆教育动漫完整版全集观看在线播放,728,20260701,3451
20260701,影视动漫,人世间电视剧在线观看免费高清,728,20260701,3452
20260701,影视动漫,《Fault!!》动漫观看,728,20260701,3453
20260701,影视动漫,同船爱歌 电影,728,20260701,3454
20260701,影视动漫,恐怖片排行榜前十名电影,728,20260701,3455
20260701,影视动漫,金陵十三钗,727,20260701,3456
20260701,影视动漫,爱情公寓3,727,20260701,3457
20260701,影视动漫,千与千寻 电影,727,20260701,3458
20260701,影视动漫,荷花视频,727,20260701,3459
20260701,影视动漫,鬼灭之刃无限城篇,727,20260701,3460
20260701,影视动漫,楚乔传,726,20260701,3461
20260701,影视动漫,女人的战争之肮脏的交易,726,20260701,3462
20260701,影视动漫,男同动漫,726,20260701,3463
20260701,影视动漫,动漫共和国动漫,726,20260701,3464
20260701,影视动漫,完美世界在线观看,726,20260701,3465
20260701,影视动漫,女子推理社第一季综艺免费观看全集逃离新乐园,726,20260701,3466
20260701,影视动漫,周柯宇演过的电视剧有哪些,726,20260701,3467
20260701,影视动漫,鬼灭之刃无限城决战篇,726,20260701,3468
20260701,影视动漫,一路向西电影全集免费观看国语,726,20260701,3469
20260701,影视动漫,极乐宝鉴,725,20260701,3470
20260701,影视动漫,寄宿公寓1,725,20260701,3471
20260701,影视动漫,我们的少年时代2免费观看完整版,725,20260701,3472
20260701,影视动漫,日本高清免费观看电视剧,725,20260701,3473
20260701,影视动漫,青春学堂,725,20260701,3474
20260701,影视动漫,楚汉传奇1-80全集完整版,725,20260701,3475
20260701,影视动漫,尸囚狱,725,20260701,3476
20260701,影视动漫,拉字至上电影,724,20260701,3477
20260701,影视动漫,荒岛惊魂,724,20260701,3478
20260701,影视动漫,中文字幕在线看高清电影好看的电视剧飞行韩剧在线,724,20260701,3479
20260701,影视动漫,你好星期六免费观看完整版,724,20260701,3480
20260701,影视动漫,保镖1993年电影完整版,724,20260701,3481
20260701,影视动漫,隔壁的妻子韩剧在线观看免费全集电视剧,723,20260701,3482
20260701,影视动漫,霍去病,723,20260701,3483
20260701,影视动漫,天剑宗魔童短剧全集在线观看,723,20260701,3484
20260701,影视动漫,男生女生,723,20260701,3485
20260701,影视动漫,抖音直播,723,20260701,3486
20260701,影视动漫,清潭国际高中,723,20260701,3487
20260701,影视动漫,拉字至上第一季未删减版百度云,723,20260701,3488
20260701,影视动漫,结缘电视剧全集免费播放,723,20260701,3489
20260701,影视动漫,择天记在线全集免费观看高清动漫,722,20260701,3490
20260701,影视动漫,90分钟韩剧高清在线看,722,20260701,3491
20260701,影视动漫,电视剧《昨夜将至》免费观看,722,20260701,3492
20260701,影视动漫,唐心vlogo免费高清观看在线播放韩剧,722,20260701,3493
20260701,影视动漫,穿越天际靠近你泰剧,722,20260701,3494
20260701,影视动漫,沧元图动漫全集免费观看高清正版,721,20260701,3495
20260701,影视动漫,电影票房实时榜,721,20260701,3496
20260701,影视动漫,加勒比女海盗2,721,20260701,3497
20260701,影视动漫,中央五套5 直播在线观看,721,20260701,3498
20260701,影视动漫,与君同,720,20260701,3499
20260701,影视动漫,权力的游戏第一季,720,20260701,3500
20260701,影视动漫,水龙吟,720,20260701,3501
20260701,影视动漫,隔窗恋爱,720,20260701,3502
20260701,影视动漫,五哈第六季免费观看完整版最新一期,720,20260701,3503
20260701,影视动漫,安娜,720,20260701,3504
20260701,影视动漫,叵测电视剧在线观看免费,720,20260701,3505
20260701,影视动漫,圣斗士星矢,720,20260701,3506
20260701,影视动漫,装腔启示录电视剧,719,20260701,3507
20260701,影视动漫,变成黑辣妹后和朋友在一起了动漫叫什么名字,719,20260701,3508
20260701,影视动漫,中央1台直播在线观看,719,20260701,3509
20260701,影视动漫,入青云电视剧免费观看,719,20260701,3510
20260701,影视动漫,西部计划,719,20260701,3511
20260701,影视动漫,全职法师第7季,718,20260701,3512
20260701,影视动漫,致命怪谈,718,20260701,3513
20260701,影视动漫,炽夏团综免费观看,718,20260701,3514
20260701,影视动漫,意外调查组,718,20260701,3515
20260701,影视动漫,征服,717,20260701,3516
20260701,影视动漫,黑夜将至电视剧免费观看全集高清,717,20260701,3517
20260701,影视动漫,我在他乡挺好的 电视剧,717,20260701,3518
20260701,影视动漫,赶尸艳谈在线观看,716,20260701,3519
20260701,影视动漫,在线观看CCTV-5,716,20260701,3520
20260701,影视动漫,聊斋志异,716,20260701,3521
20260701,影视动漫,流星花园电视剧免费观看完整版,715,20260701,3522
20260701,影视动漫,灵魂摆渡第三季全集免费观看,715,20260701,3523
20260701,影视动漫,珠帘玉幕电视剧40集全部免费,715,20260701,3524
20260701,影视动漫,紫川,715,20260701,3525
20260701,影视动漫,斯巴达克斯电影,715,20260701,3526
20260701,影视动漫,家电视剧免费全集观看,714,20260701,3527
20260701,影视动漫,黑兽1~6集全集免费资源,714,20260701,3528
20260701,影视动漫,西门庆,714,20260701,3529
20260701,影视动漫,《我家弟真的很棒》动漫百度百科,714,20260701,3530
20260701,影视动漫,姜恩惠电影,714,20260701,3531
20260701,影视动漫,风与铃动漫在线观看完整版高清第二集,714,20260701,3532
20260701,影视动漫,终极一班6,714,20260701,3533
20260701,影视动漫,韩小圈下载,713,20260701,3534
20260701,影视动漫,韩国财阀电影全集,713,20260701,3535
20260701,影视动漫,早春晴朗电视剧,713,20260701,3536
20260701,影视动漫,铁齿铜牙纪晓岚第一部免费观看,713,20260701,3537
20260701,影视动漫,双男主剧在哪里看,712,20260701,3538
20260701,影视动漫,海底小纵队,712,20260701,3539
20260701,影视动漫,疯马秀lisa舞蹈视频完整版,712,20260701,3540
20260701,影视动漫,青娱乐,712,20260701,3541
20260701,影视动漫,母与子,712,20260701,3542
20260701,影视动漫,李采潭电影,712,20260701,3543
20260701,影视动漫,大雷擦大狙官高清百度网盘在线观看视频,712,20260701,3544
20260701,影视动漫,夏日暗涌在线观看,712,20260701,3545
20260701,影视动漫,谍战电视剧大全最新全部谍战,711,20260701,3546
20260701,影视动漫,剑来第一季,711,20260701,3547
20260701,影视动漫,初体验10韩剧在线观看完整免费版电视剧,711,20260701,3548
20260701,影视动漫,《莫离》全集在线观看,711,20260701,3549
20260701,影视动漫,空姐法国电影免费观看全集高清,711,20260701,3550
20260701,影视动漫,电影法国航空,711,20260701,3551
20260701,影视动漫,星辰视频免费高清在线观看,710,20260701,3552
20260701,影视动漫,乘风破浪,710,20260701,3553
20260701,影视动漫,犬夜叉,710,20260701,3554
20260701,影视动漫,双男主动漫,710,20260701,3555
20260701,影视动漫,浴血黑帮,710,20260701,3556
20260701,影视动漫,山海情 电视剧,709,20260701,3557
20260701,影视动漫,ASMR,709,20260701,3558
20260701,影视动漫,开天辟地,709,20260701,3559
20260701,影视动漫,逐玉电视剧,709,20260701,3560
20260701,影视动漫,妻子的记忆,709,20260701,3561
20260701,影视动漫,海上繁花 电视剧,708,20260701,3562
20260701,影视动漫,新视觉电视电影网,708,20260701,3563
20260701,影视动漫,爱情公寓三在线观看免费完整版,708,20260701,3564
20260701,影视动漫,权力的游戏电影在线完整版无删减百度云,708,20260701,3565
20260701,影视动漫,脱口秀,708,20260701,3566
20260701,影视动漫,蜜语纪免费观看电视剧在线观看,707,20260701,3567
20260701,影视动漫,奔跑吧第四季,707,20260701,3568
20260701,影视动漫,没有黄段子的无聊世界,707,20260701,3569
20260701,影视动漫,牛牛视频,707,20260701,3570
20260701,影视动漫,余罪第二季,707,20260701,3571
20260701,影视动漫,乔家的儿女 电视剧,707,20260701,3572
20260701,影视动漫,法国空乘4法版在线播放免费,707,20260701,3573
20260701,影视动漫,《昨夜将至》佟大为在线观看,707,20260701,3574
20260701,影视动漫,美丽新世界,706,20260701,3575
20260701,影视动漫,森林里的熊先生在冬眠中动漫未增减版类似动漫,706,20260701,3576
20260701,影视动漫,幻影忍者,706,20260701,3577
20260701,影视动漫,操控游戏,706,20260701,3578
20260701,影视动漫,搜神记,706,20260701,3579
20260701,影视动漫,丑闻,705,20260701,3580
20260701,影视动漫,择天记动漫,705,20260701,3581
20260701,影视动漫,《逆.爱》双男主剧免费观看,705,20260701,3582
20260701,影视动漫,向日葵视频,705,20260701,3583
20260701,影视动漫,电视剧云秀行,705,20260701,3584
20260701,影视动漫,爱恋2005,705,20260701,3585
20260701,影视动漫,小舍得,705,20260701,3586
20260701,影视动漫,法国空姐在线高清原声满天星美剧,705,20260701,3587
20260701,影视动漫,广西卫视直播,705,20260701,3588
20260701,影视动漫,麻雀,705,20260701,3589
20260701,影视动漫,平凡的荣耀 电视剧,705,20260701,3590
20260701,影视动漫,暗夜将至电视剧,705,20260701,3591
20260701,影视动漫,江湖夜雨十年灯高清免费观看完整版,704,20260701,3592
20260701,影视动漫,熊出没之逆转时空,704,20260701,3593
20260701,影视动漫,狗爹和小桃做饭vlog,704,20260701,3594
20260701,影视动漫,炽夏在线全集观看,704,20260701,3595
20260701,影视动漫,看见恶魔 电影,704,20260701,3596
20260701,影视动漫,禁忌4美剧在线观看电视剧,704,20260701,3597
20260701,影视动漫,邵氏电影十大惊艳电影名称,704,20260701,3598
20260701,影视动漫,怦然心动,703,20260701,3599
20260701,影视动漫,花蝴蝶电视剧全集在线观看,703,20260701,3600
20260701,影视动漫,爱在空气中,703,20260701,3601
20260701,影视动漫,蜂鸟影院,703,20260701,3602
20260701,影视动漫,耀眼 电视剧 在线观看,703,20260701,3603
20260701,影视动漫,如懿传电视剧免费完整版在线观看百度影音,702,20260701,3604
20260701,影视动漫,禁止想象,702,20260701,3605
20260701,影视动漫,韩剧《再来一次交换》在线看,702,20260701,3606
20260701,影视动漫,熊猫tv,702,20260701,3607
20260701,影视动漫,爸爸喝骂,702,20260701,3608
20260701,影视动漫,度华年电视剧在线观看高清版,701,20260701,3609
20260701,影视动漫,《千香》免费观看电视剧百度网,701,20260701,3610
20260701,影视动漫,《问心》全集在线观看免费高清,701,20260701,3611
20260701,影视动漫,日韩剧电视剧在线观看网站,701,20260701,3612
20260701,影视动漫,美容院特殊服务,701,20260701,3613
20260701,影视动漫,伊甸园,701,20260701,3614
20260701,影视动漫,冬之蝉,701,20260701,3615
20260701,影视动漫,楚汉传奇,701,20260701,3616
20260701,影视动漫,爱我就别想太多电视剧全集,700,20260701,3617
20260701,影视动漫,杀破狼,700,20260701,3618
20260701,影视动漫,云之羽 电视剧,700,20260701,3619
20260701,影视动漫,6080新视觉电影网最新电影,700,20260701,3620
20260701,影视动漫,择天记动漫在线全集免费观看3D,699,20260701,3621
20260701,影视动漫,最后的羔羊完整版未删减粤语在线观看,699,20260701,3622
20260701,影视动漫,白鹿原电视剧免费全集在线观看,699,20260701,3623
20260701,影视动漫,范冰冰的《苹果》电影观看范冰冰vS梁家辉早期,699,20260701,3624
20260701,影视动漫,九重紫免费观看全集电视剧,699,20260701,3625
20260701,影视动漫,莫离在线观看全集免费播放,699,20260701,3626
20260701,影视动漫,大雷狙在线观看免费版高清百度网盘,699,20260701,3627
20260701,影视动漫,纯情罗曼史,699,20260701,3628
20260701,影视动漫,初三的六一儿童节,699,20260701,3629
20260701,影视动漫,午马电影电视剧免费观看在线韩剧,698,20260701,3630
20260701,影视动漫,日文字幕电视剧在线播放,698,20260701,3631
20260701,影视动漫,神马影院免费观看电视剧全集狂飙小猪佩奇小猪佩奇,698,20260701,3632
20260701,影视动漫,赛罗奥特曼,698,20260701,3633
20260701,影视动漫,黄昏失焦,698,20260701,3634
20260701,影视动漫,民国奇探,698,20260701,3635
20260701,影视动漫,娃娃脸1977,697,20260701,3636
20260701,影视动漫,百日提灯电视剧免费观看,697,20260701,3637
20260701,影视动漫,我的错误电影,697,20260701,3638
20260701,影视动漫,中央新闻联播直播今天视频直播,697,20260701,3639
20260701,影视动漫,肖战演过的电视剧全部,697,20260701,3640
20260701,影视动漫,《罪恶之渊》动漫,697,20260701,3641
20260701,影视动漫,男变女,697,20260701,3642
20260701,影视动漫,后妈的春天免费40集,697,20260701,3643
20260701,影视动漫,七日重生未删除版,696,20260701,3644
20260701,影视动漫,外出 5,696,20260701,3645
20260701,影视动漫,青梅竹马是消防员第2季未删减百度,696,20260701,3646
20260701,影视动漫,韩剧《我的私人家教》,696,20260701,3647
20260701,影视动漫,90分钟在线观看免费播放电视剧韩剧,696,20260701,3648
20260701,影视动漫,云夕情缘无删减版免费观看电视剧百度网盘,696,20260701,3649
20260701,影视动漫,法国空乘高清无删减,696,20260701,3650
20260701,影视动漫,龙之家族,696,20260701,3651
20260701,影视动漫,生命树电视剧剧情介绍,695,20260701,3652
20260701,影视动漫,光阴之外动漫免费观看,695,20260701,3653
20260701,影视动漫,我的人间烟火 演员表,695,20260701,3654
20260701,影视动漫,生命树演员表,694,20260701,3655
20260701,影视动漫,芭乐视app下载旧版本ios版百度,694,20260701,3656
20260701,影视动漫,狂飙电视剧在线观看全集免费高清,694,20260701,3657
20260701,影视动漫,樱花动漫官方版正版入口无弹窗,694,20260701,3658
20260701,影视动漫,我为卿为狂电影,694,20260701,3659
20260701,影视动漫,《主角》电视连续剧,694,20260701,3660
20260701,影视动漫,欢乐颂2,694,20260701,3661
20260701,影视动漫,千金奴隶电影女主叫什么,694,20260701,3662
20260701,影视动漫,赛博朋克边缘行者,694,20260701,3663
20260701,影视动漫,三国演义作者是谁,694,20260701,3664
20260701,影视动漫,死神,694,20260701,3665
20260701,影视动漫,中国机长在线观看免费完整版看电影,694,20260701,3666
20260701,影视动漫,《Knot》泰剧,693,20260701,3667
20260701,影视动漫,免费观看电视剧连续剧的软件,693,20260701,3668
20260701,影视动漫,喜欢你我也是6季免费观看全集高清版,693,20260701,3669
20260701,影视动漫,完美世界动漫在线视频观看,693,20260701,3670
20260701,影视动漫,从指尖传出的认真的热情,693,20260701,3671
20260701,影视动漫,偿还电视剧免费观看全集完整版,693,20260701,3672
20260701,影视动漫,小气鬼电影在线观看,693,20260701,3673
20260701,影视动漫,九门,692,20260701,3674
20260701,影视动漫,甜蜜1-40集完整版在哪里看,692,20260701,3675
20260701,影视动漫,二重奏,692,20260701,3676
20260701,影视动漫,朝雪录电视剧在线看免费版,692,20260701,3677
20260701,影视动漫,泡在我家里的辣妹第三集免费观看动漫,691,20260701,3678
20260701,影视动漫,翁虹的全部电影,691,20260701,3679
20260701,影视动漫,肖战演的电视剧,691,20260701,3680
20260701,影视动漫,CCTV5世界杯直播,691,20260701,3681
20260701,影视动漫,女生宿舍5韩剧电影在线看电视剧完整版,690,20260701,3682
20260701,影视动漫,娃娃脸电影完整版,690,20260701,3683
20260701,影视动漫,偷晴的后裔韩剧在线观完整版在线观看,690,20260701,3684
20260701,影视动漫,大姐二姐三姐小妹挺着大肚子的,690,20260701,3685
20260701,影视动漫,米小圈上学记,690,20260701,3686
20260701,影视动漫,飘雪影院在线观看免费版电视剧,690,20260701,3687
20260701,影视动漫,星辰变最终季,690,20260701,3688
20260701,影视动漫,电影推荐,690,20260701,3689
20260701,影视动漫,电视剧《迷墙》,690,20260701,3690
20260701,影视动漫,山河锦绣电视剧免费观看全集高清,689,20260701,3691
20260701,影视动漫,雪迷宫电视剧免费,689,20260701,3692
20260701,影视动漫,bbc亚洲纪录片在线观看,689,20260701,3693
20260701,影视动漫,三大队,689,20260701,3694
20260701,影视动漫,问心2杜炎,689,20260701,3695
20260701,影视动漫,gogogo在线高清免费完整版百度高清,689,20260701,3696
20260701,影视动漫,爸爸当家第5季免费播放,689,20260701,3697
20260701,影视动漫,县委大院 电视剧,689,20260701,3698
20260701,影视动漫,金银1-5普通话版百度云,689,20260701,3699
20260701,影视动漫,轻浮雌性日常动漫免费播放第二季全集,689,20260701,3700
20260701,影视动漫,gogogo高清在线完整版百度,689,20260701,3701
20260701,影视动漫,深圳卫视节目表,689,20260701,3702
20260701,影视动漫,炽热电视剧,688,20260701,3703
20260701,影视动漫,驴得水,688,20260701,3704
20260701,影视动漫,我的女友,688,20260701,3705
20260701,影视动漫,你比星光美丽 电视剧,688,20260701,3706
20260701,影视动漫,野兽们的战争,687,20260701,3707
20260701,影视动漫,权利的游戏第一季无删减美剧在线观看免费,687,20260701,3708
20260701,影视动漫,飞极速,687,20260701,3709
20260701,影视动漫,"女生拿小球球给男孩抓,不用百度",687,20260701,3710
20260701,影视动漫,千香电视剧优酷,687,20260701,3711
20260701,影视动漫,指环王,687,20260701,3712
20260701,影视动漫,有港回信电视剧免费观看,686,20260701,3713
20260701,影视动漫,我为卿 狂2 免费观看国语在线观看,686,20260701,3714
20260701,影视动漫,强人终极篇之最后羔羊,686,20260701,3715
20260701,影视动漫,偷偷藏不住,686,20260701,3716
20260701,影视动漫,山花烂漫时 电视剧,686,20260701,3717
20260701,影视动漫,枫与铃动漫,686,20260701,3718
20260701,影视动漫,永夜星河 电视剧,686,20260701,3719
20260701,影视动漫,听说你喜欢我,685,20260701,3720
20260701,影视动漫,倩女幽魂,685,20260701,3721
20260701,影视动漫,周柯宇新剧炽夏,685,20260701,3722
20260701,影视动漫,甜蜜惩罚动漫全集第一季完整版百度网盘中文下载,684,20260701,3723
20260701,影视动漫,抖音网页版入口官网,684,20260701,3724
20260701,影视动漫,五福临门电视剧在线观看,683,20260701,3725
20260701,影视动漫,榨精炼病第3季全集观看,683,20260701,3726
20260701,影视动漫,"9.1,百度免费看",683,20260701,3727
20260701,影视动漫,奇妙萌可,683,20260701,3728
20260701,影视动漫,灵魂重生,683,20260701,3729
20260701,影视动漫,雷火剑动漫免费高清动漫播放,683,20260701,3730
20260701,影视动漫,欢迎回我的频道,683,20260701,3731
20260701,影视动漫,白月梵星,683,20260701,3732
20260701,影视动漫,来战全集免费观看完整,683,20260701,3733
20260701,影视动漫,熊出没之重启未来,683,20260701,3734
20260701,影视动漫,沉默的真相,682,20260701,3735
20260701,影视动漫,泰剧怦然心动泰剧免费观看,682,20260701,3736
20260701,影视动漫,大江大河1免费完整版在线观看,682,20260701,3737
20260701,影视动漫,安乐战场1990未删减版百度云,681,20260701,3738
20260701,影视动漫,回复术士的重启人生完整版在线观看,681,20260701,3739
20260701,影视动漫,天狼星行动40集免费观看,681,20260701,3740
20260701,影视动漫,麻绳电视剧泰剧免费观看,681,20260701,3741
20260701,影视动漫,忠贞电影完整剧情俄罗斯,681,20260701,3742
20260701,影视动漫,与鸭共舞1992,681,20260701,3743
20260701,影视动漫,青梅竹马是消防员第一季结局,681,20260701,3744
20260701,影视动漫,飞驰人生3在线观看视频高清免费,681,20260701,3745
20260701,影视动漫,魔女,680,20260701,3746
20260701,影视动漫,模范出租车第二部,680,20260701,3747
20260701,影视动漫,错伏电视剧剧情介绍,680,20260701,3748
20260701,影视动漫,宝莲灯,680,20260701,3749
20260701,影视动漫,外遇5,680,20260701,3750
20260701,影视动漫,僵尸至尊,679,20260701,3751
20260701,影视动漫,瑞克和莫蒂第九季,679,20260701,3752
20260701,影视动漫,挣扎吧亚当君在线播放全集免费观看高清,679,20260701,3753
20260701,影视动漫,快乐树动画,679,20260701,3754
20260701,影视动漫,福尔摩斯小姐,678,20260701,3755
20260701,影视动漫,回复术士的重来人生第一季真人版,678,20260701,3756
20260701,影视动漫,心口不一泰剧,678,20260701,3757
20260701,影视动漫,恶女在线观看电影完整版,678,20260701,3758
20260701,影视动漫,黑金,678,20260701,3759
20260701,影视动漫,月光变奏曲 电视剧,678,20260701,3760
20260701,影视动漫,超级恋人,678,20260701,3761
20260701,影视动漫,熊出没年年有熊免费观看2026,678,20260701,3762
20260701,影视动漫,《千香》,677,20260701,3763
20260701,影视动漫,三年大片免费观看大全剧集,677,20260701,3764
20260701,影视动漫,月光宝盒,677,20260701,3765
20260701,影视动漫,寄宿公寓2,677,20260701,3766
20260701,影视动漫,开始推理吧第四季免费观看,677,20260701,3767
20260701,影视动漫,昨日将至 电视剧,676,20260701,3768
20260701,影视动漫,炽夏第29集在线播放,676,20260701,3769
20260701,影视动漫,风云太白山,676,20260701,3770
20260701,影视动漫,极速恋人第二季在线观看,676,20260701,3771
20260701,影视动漫,雪中悍刀行第一季,676,20260701,3772
20260701,影视动漫,我的小姨,675,20260701,3773
20260701,影视动漫,善良的医生,675,20260701,3774
20260701,影视动漫,电影票房实时,675,20260701,3775
20260701,影视动漫,流星花园,675,20260701,3776
20260701,影视动漫,网站免费看高清直播,675,20260701,3777
20260701,影视动漫,泰剧《Knot结缘》在线观看,675,20260701,3778
20260701,影视动漫,哪吒之魔童闹海在线观看,675,20260701,3779
20260701,影视动漫,锦月如歌电视剧免费观看,674,20260701,3780
20260701,影视动漫,折腰,674,20260701,3781
20260701,影视动漫,3358tv直播nba免费观看百度彝族人的,674,20260701,3782
20260701,影视动漫,三体免费观看完整版在线观看,674,20260701,3783
20260701,影视动漫,亲爱的小孩,674,20260701,3784
20260701,影视动漫,斗罗大陆二绝世唐门免费观看完整版在线全集,674,20260701,3785
20260701,影视动漫,蓝色监狱,674,20260701,3786
20260701,影视动漫,狂飙电视剧在线观看,673,20260701,3787
20260701,影视动漫,深夜视频,673,20260701,3788
20260701,影视动漫,魔鬼天使,673,20260701,3789
20260701,影视动漫,中央CCTV5世界杯直播,673,20260701,3790
20260701,影视动漫,动漫电影好看的动漫电影大全免费,673,20260701,3791
20260701,影视动漫,恋恋维纳斯电视剧泰剧,673,20260701,3792
20260701,影视动漫,蜜桃3,673,20260701,3793
20260701,影视动漫,追,673,20260701,3794
20260701,影视动漫,危险老师,673,20260701,3795
20260701,影视动漫,铁拳教育在线观看免费,672,20260701,3796
20260701,影视动漫,小夫妻演员表,672,20260701,3797
20260701,影视动漫,步步惊心,672,20260701,3798
20260701,影视动漫,《我家弟真的很棒》动漫,672,20260701,3799
20260701,影视动漫,绽放吧百合电视剧全集免费,672,20260701,3800
20260701,影视动漫,你好1983在线观看全集免费高清,672,20260701,3801
20260701,影视动漫,抖音月付什么意思,672,20260701,3802
20260701,影视动漫,吃瓜视频,671,20260701,3803
20260701,影视动漫,桔多多app,671,20260701,3804
20260701,影视动漫,腐竹fm,671,20260701,3805
20260701,影视动漫,五哈第三季,671,20260701,3806
20260701,影视动漫,"《姐姐,我们来谈恋爱吧》动漫在线全",671,20260701,3807
20260701,影视动漫,云秀行演员表全部,670,20260701,3808
20260701,影视动漫,好姑娘5集免费高清全集在线观看下载,670,20260701,3809
20260701,影视动漫,面具 电视剧,670,20260701,3810
20260701,影视动漫,高山下的花环,670,20260701,3811
20260701,影视动漫,风云太白山演员表,670,20260701,3812
20260701,影视动漫,斗局蒋欣免费观看全集高清,670,20260701,3813
20260701,影视动漫,小巷人家电视剧,670,20260701,3814
20260701,影视动漫,太阳的后裔韩剧在线观看免费完整版,670,20260701,3815
20260701,影视动漫,藏海花,670,20260701,3816
20260701,影视动漫,CCTV5十频道在线直播,670,20260701,3817
20260701,影视动漫,爱上特种兵 电视剧,670,20260701,3818
20260701,影视动漫,完美世界动漫在线视频,670,20260701,3819
20260701,影视动漫,突然的喜欢,669,20260701,3820
20260701,影视动漫,bilbil,669,20260701,3821
20260701,影视动漫,孤独摇滚,669,20260701,3822
20260701,影视动漫,沧元图在线观看,669,20260701,3823
20260701,影视动漫,央视体育5直播,669,20260701,3824
20260701,影视动漫,韩剧《邻居家妻子》电视剧在线看,669,20260701,3825
20260701,影视动漫,花房姑娘第二季免费资源,668,20260701,3826
20260701,影视动漫,三叉戟,668,20260701,3827
20260701,影视动漫,黑夜告白,668,20260701,3828
20260701,影视动漫,火蓝刀锋,668,20260701,3829
20260701,影视动漫,康熙王朝,668,20260701,3830
20260701,影视动漫,樱花电影,668,20260701,3831
20260701,影视动漫,21世纪性别教育纪录片,668,20260701,3832
20260701,影视动漫,地下交通站,668,20260701,3833
20260701,影视动漫,罚罪2免费观看完整版,667,20260701,3834
20260701,影视动漫,我家弟弟超棒的动漫第一集免费观看,667,20260701,3835
20260701,影视动漫,不忠电影,666,20260701,3836
20260701,影视动漫,登山的目的,666,20260701,3837
20260701,影视动漫,悬案双生电视剧免费观看全集,666,20260701,3838
20260701,影视动漫,免费追剧的电视剧软件,666,20260701,3839
20260701,影视动漫,给阿嬷的情书 票房,666,20260701,3840
20260701,影视动漫,鬼灭之刃蝴蝶忍,666,20260701,3841
20260701,影视动漫,迎风的青春 电视剧,665,20260701,3842
20260701,影视动漫,门第,665,20260701,3843
20260701,影视动漫,穿普拉达的女王,665,20260701,3844
20260701,影视动漫,天狼影院,665,20260701,3845
20260701,影视动漫,下女在线观看免费版电视剧韩剧,665,20260701,3846
20260701,影视动漫,飘雪影院,665,20260701,3847
20260701,影视动漫,勇敢者游戏2再战巅峰,665,20260701,3848
20260701,影视动漫,央视网cctv5,664,20260701,3849
20260701,影视动漫,沉默的荣耀演员表,664,20260701,3850
20260701,影视动漫,颜心记 电视剧,664,20260701,3851
20260701,影视动漫,传闻中的陈芊芊 电视剧,664,20260701,3852
20260701,影视动漫,幸福到万家40集免费观看完整版,664,20260701,3853
20260701,影视动漫,锦绣芳华电视剧高清完整版在线观看,664,20260701,3854
20260701,影视动漫,麻花影视,664,20260701,3855
20260701,影视动漫,南京照相馆电影免费观看高清,664,20260701,3856
20260701,影视动漫,2026地球超新鲜第二季,664,20260701,3857
20260701,影视动漫,你所不知道的童话动漫免费观看,664,20260701,3858
20260701,影视动漫,梦想成为魔法少女,664,20260701,3859
20260701,影视动漫,荔枝网,664,20260701,3860
20260701,影视动漫,《良陈美锦》电视剧,664,20260701,3861
20260701,影视动漫,海绵宝宝免费观看全集,664,20260701,3862
20260701,影视动漫,迷墙剧情介绍,664,20260701,3863
20260701,影视动漫,白夜行,663,20260701,3864
20260701,影视动漫,森林里的熊先生在冬眠中,663,20260701,3865
20260701,影视动漫,莫离电视剧免费观看全集高清版,663,20260701,3866
20260701,影视动漫,战狼,663,20260701,3867
20260701,影视动漫,三年在线观免费观看完整版,663,20260701,3868
20260701,影视动漫,高校老师赤子板栗电影电视剧免费观看,663,20260701,3869
20260701,影视动漫,开始推理吧第4季,662,20260701,3870
20260701,影视动漫,最早电影出现的时间,662,20260701,3871
20260701,影视动漫,ccTV5,662,20260701,3872
20260701,影视动漫,足球小将,662,20260701,3873
20260701,影视动漫,成全观看高清完整免费大全,662,20260701,3874
20260701,影视动漫,突然的喜欢全集免费观看高清版,662,20260701,3875
20260701,影视动漫,爱的色放电影,662,20260701,3876
20260701,影视动漫,炽夏剧情介绍,661,20260701,3877
20260701,影视动漫,锦绣未央,661,20260701,3878
20260701,影视动漫,惩罚,661,20260701,3879
20260701,影视动漫,鱿鱼游戏,661,20260701,3880
20260701,影视动漫,云秀行电视剧全集最新电视剧,661,20260701,3881
20260701,影视动漫,遗忘之海,661,20260701,3882
20260701,影视动漫,50岁免费观看全集,661,20260701,3883
20260701,影视动漫,主角电视剧高清完整版,660,20260701,3884
20260701,影视动漫,娃娃脸1,660,20260701,3885
20260701,影视动漫,猎罪图鉴,660,20260701,3886
20260701,影视动漫,驴得水电影完整版,660,20260701,3887
20260701,影视动漫,圣华女子学院高等部动漫1-6集在线观看免费,660,20260701,3888
20260701,影视动漫,迷墙在线观看全集免费播放视频,660,20260701,3889
20260701,影视动漫,奔跑吧最新一季在线观看,660,20260701,3890
20260701,影视动漫,女医肉奴隶,659,20260701,3891
20260701,影视动漫,华尔街之狼的电影,659,20260701,3892
20260701,影视动漫,恋之罪日本完整版,659,20260701,3893
20260701,影视动漫,慢性呕吐室,659,20260701,3894
20260701,影视动漫,《低智商犯罪》电视剧,659,20260701,3895
20260701,影视动漫,叶玉卿《卿本佳人》,659,20260701,3896
20260701,影视动漫,阴桃视频,659,20260701,3897
20260701,影视动漫,奔跑吧第10季,659,20260701,3898
20260701,影视动漫,魔方小姐电影免费观看完整版,659,20260701,3899
20260701,影视动漫,没落的贵族琉璃川第3集动漫,659,20260701,3900
20260701,影视动漫,云之羽在线观看完整免费版电视剧,659,20260701,3901
20260701,影视动漫,免费观看在线观看高清美剧,658,20260701,3902
20260701,影视动漫,沦陷2026泰国版,658,20260701,3903
20260701,影视动漫,星际穿越,658,20260701,3904
20260701,影视动漫,忙忙碌碌第二季免费观看,658,20260701,3905
20260701,影视动漫,抓特务 票房,658,20260701,3906
20260701,影视动漫,丁禹兮新剧《南部档案》,658,20260701,3907
20260701,影视动漫,《昨夜将至》完整版免费观看高清,657,20260701,3908
20260701,影视动漫,昨夜将至一共有多少集,657,20260701,3909
20260701,影视动漫,莫离电视剧全集在线观看完整版免费,657,20260701,3910
20260701,影视动漫,非诚勿扰,657,20260701,3911
20260701,影视动漫,之后,657,20260701,3912
20260701,影视动漫,灵笼第三季,657,20260701,3913
20260701,影视动漫,抖音安装,656,20260701,3914
20260701,影视动漫,咒术回战第一季,656,20260701,3915
20260701,影视动漫,王佳佳演过的电视剧,656,20260701,3916
20260701,影视动漫,狂热宅男和超级爱大小姐奇迹的匹配动漫,656,20260701,3917
20260701,影视动漫,三十而已,656,20260701,3918
20260701,影视动漫,只要你过得比我好,655,20260701,3919
20260701,影视动漫,抓娃娃 电影,655,20260701,3920
20260701,影视动漫,天涯,655,20260701,3921
20260701,影视动漫,问心1在线观看免费完整版高清,655,20260701,3922
20260701,影视动漫,哆啦A梦,655,20260701,3923
20260701,影视动漫,良辰美锦在线观看免费完整版,655,20260701,3924
20260701,影视动漫,沉香如屑,655,20260701,3925
20260701,影视动漫,影视大全在线观看电视剧免费观看,655,20260701,3926
20260701,影视动漫,韩剧检察官的提案在线观看完整版,655,20260701,3927
20260701,影视动漫,飘花电影,655,20260701,3928
20260701,影视动漫,江疏影佟大为马苏主演的连续剧免费观看,654,20260701,3929
20260701,影视动漫,6080新视觉电影电视剧在线观看,654,20260701,3930
20260701,影视动漫,去有风的地方电视剧免费观看完整版,654,20260701,3931
20260701,影视动漫,墨雨云间,654,20260701,3932
20260701,影视动漫,唐朝诡事录之西行,654,20260701,3933
20260701,影视动漫,桔子TV,654,20260701,3934
20260701,影视动漫,我为卿狂2,654,20260701,3935
20260701,影视动漫,错位 电视剧,653,20260701,3936
20260701,影视动漫,南部档案电视剧免费,653,20260701,3937
20260701,影视动漫,范冰冰苹果,653,20260701,3938
20260701,影视动漫,风雨送春归 电视剧,653,20260701,3939
20260701,影视动漫,高清CCTV5世界杯直播,653,20260701,3940
20260701,影视动漫,星汉灿烂电视剧免费观看完整版,653,20260701,3941
20260701,影视动漫,善良的她,653,20260701,3942
20260701,影视动漫,泰剧《KNOT》在线观看,653,20260701,3943
20260701,影视动漫,漂白电视剧在线播放全集,653,20260701,3944
20260701,影视动漫,中央电视台节目表,653,20260701,3945
20260701,影视动漫,《说唱巅峰对决2026》免费观看,652,20260701,3946
20260701,影视动漫,爱情没有神话免费观看完整版,652,20260701,3947
20260701,影视动漫,大主宰年番动漫电视剧免费观看,652,20260701,3948
20260701,影视动漫,本色回归韩国电视剧在线观看,652,20260701,3949
20260701,影视动漫,炽夏电视剧免费观看全集可下载,652,20260701,3950
20260701,影视动漫,梦犯,652,20260701,3951
20260701,影视动漫,花儿与少年,652,20260701,3952
20260701,影视动漫,雪迷宫电视剧在线观看,652,20260701,3953
20260701,影视动漫,风流女管家法国版免费观看电视剧全集下载百度云,652,20260701,3954
20260701,影视动漫,男生女生拆拆拆轮滑鞋很痛的30,651,20260701,3955
20260701,影视动漫,加勒比女海盗在线观看,651,20260701,3956
20260701,影视动漫,ww在线观看高清电视剧大全,651,20260701,3957
20260701,影视动漫,长津湖,651,20260701,3958
20260701,影视动漫,花千骨 电视剧,651,20260701,3959
20260701,影视动漫,中央5台cctv5在线直播观看,651,20260701,3960
20260701,影视动漫,禁忌之恋,651,20260701,3961
20260701,影视动漫,中央8台节目表,651,20260701,3962
20260701,影视动漫,莫离剧情介绍分集详情,650,20260701,3963
20260701,影视动漫,繁花电视连续剧免费播放高清版,650,20260701,3964
20260701,影视动漫,玉茗茶骨电视剧全集在线观看完整版,650,20260701,3965
20260701,影视动漫,cctv5今日节目表(全部),650,20260701,3966
20260701,影视动漫,cctv节目官网,650,20260701,3967
20260701,影视动漫,桃花坞第六季,650,20260701,3968
20260701,影视动漫,逐玉电视剧在线看,649,20260701,3969
20260701,影视动漫,一起看影视app官方下载,649,20260701,3970
20260701,影视动漫,天注定 电影,649,20260701,3971
20260701,影视动漫,长歌行,649,20260701,3972
20260701,影视动漫,嫂子的职业2韩剧结局原声在线观看全集_第,649,20260701,3973
20260701,影视动漫,《勤务兵与夫人》完整版免费观看,649,20260701,3974
20260701,影视动漫,韩剧在线观看,649,20260701,3975
20260701,影视动漫,饺子电影,649,20260701,3976
20260701,影视动漫,沙海电视剧在线观看星空影院,649,20260701,3977
20260701,影视动漫,问心2剧情介绍电视猫,648,20260701,3978
20260701,影视动漫,爱情契约电视剧,648,20260701,3979
20260701,影视动漫,轧戏电视剧免费观看,648,20260701,3980
20260701,影视动漫,《莫离》电视剧免费观看高清版,648,20260701,3981
20260701,影视动漫,金桔影院,648,20260701,3982
20260701,影视动漫,中央一套节目表,648,20260701,3983
20260701,影视动漫,聊斋之花弄月,648,20260701,3984
20260701,影视动漫,高清在线观看免费版电影,648,20260701,3985
20260701,影视动漫,周处除三害,648,20260701,3986
20260701,影视动漫,意大利电影,648,20260701,3987
20260701,影视动漫,性感美女视频,648,20260701,3988
20260701,影视动漫,宝马山奇案高清完整版,648,20260701,3989
20260701,影视动漫,最强狂兵,647,20260701,3990
20260701,影视动漫,哥斯拉,647,20260701,3991
20260701,影视动漫,快手极速版下载,647,20260701,3992
20260701,影视动漫,西游记第十九回是什么妖怪,647,20260701,3993
20260701,影视动漫,榨病精炼第12集全集免费观看百度第二季,647,20260701,3994
20260701,影视动漫,欢乐树第一季免费观看,646,20260701,3995
20260701,影视动漫,韩剧隐藏的面孔在线观看,646,20260701,3996
20260701,影视动漫,南部挡案电视剧免费观看全集完整版高清,646,20260701,3997
20260701,影视动漫,夫妇圆满秘诀电视剧百度百科,646,20260701,3998
20260701,影视动漫,昨夜将至电视剧免费观看平台推荐,646,20260701,3999
20260701,影视动漫,一人之下第6季完整版免费观看,646,20260701,4000
20260701,影视动漫,黑暗圣经动画第一季,646,20260701,4001
20260701,影视动漫,南部档案馆在线观看,646,20260701,4002
20260701,影视动漫,权欲之巅,646,20260701,4003
20260701,影视动漫,黄雀 电视剧,645,20260701,4004
20260701,影视动漫,问心2第二部全集免费看,645,20260701,4005
20260701,影视动漫,为美好的世界献上祝福,645,20260701,4006
20260701,影视动漫,体育频道,645,20260701,4007
20260701,影视动漫,太平年在线观看,645,20260701,4008
20260701,影视动漫,昨夜将至电视剧全集,645,20260701,4009
20260701,影视动漫,仙逆动漫在线,645,20260701,4010
20260701,影视动漫,西游记续集,644,20260701,4011
20260701,影视动漫,炽夏一共多少集,644,20260701,4012
20260701,影视动漫,蜜桃成熟时33,644,20260701,4013
20260701,影视动漫,翘楚电视剧演员表,644,20260701,4014
20260701,影视动漫,天降之物,644,20260701,4015
20260701,影视动漫,我们不能是朋友,644,20260701,4016
20260701,影视动漫,日剧《再来一分钟》在线观看全集,644,20260701,4017
20260701,影视动漫,边狱巴士wiki百科,644,20260701,4018
20260701,影视动漫,热播的电视剧最近热播的电视剧,643,20260701,4019
20260701,影视动漫,当橘子掉落时电视剧全集免费观看第5集,643,20260701,4020
20260701,影视动漫,爸爸当家第五季免费观看完整版高清最新,643,20260701,4021
20260701,影视动漫,北上演员名单表,643,20260701,4022
20260701,影视动漫,cctv5在线直播观看正在直播,643,20260701,4023
20260701,影视动漫,有罪之身电视剧免费观看全集高清版,643,20260701,4024
20260701,影视动漫,食神百厨大战,643,20260701,4025
20260701,影视动漫,少年包青天,643,20260701,4026
20260701,影视动漫,南京照相馆,642,20260701,4027
20260701,影视动漫,嫁入高门的男人电视剧全集,642,20260701,4028
20260701,影视动漫,承欢记,642,20260701,4029
20260701,影视动漫,罗曼蒂克消亡史未删减完整版百度网盘下载,642,20260701,4030
20260701,影视动漫,中二病也要谈恋爱,642,20260701,4031
20260701,影视动漫,罚罪,641,20260701,4032
20260701,影视动漫,抓特务电影剧情介绍,641,20260701,4033
20260701,影视动漫,白云视频,641,20260701,4034
20260701,影视动漫,好好的时光电视剧在线看,641,20260701,4035
20260701,影视动漫,唐砖,641,20260701,4036
20260701,影视动漫,黑帮大佬第二季电影,641,20260701,4037
20260701,影视动漫,人间中毒在线完整观看,641,20260701,4038
20260701,影视动漫,鬼灭之刃图片,641,20260701,4039
20260701,影视动漫,天线宝宝,641,20260701,4040
20260701,影视动漫,花房姑娘电视剧免费观看爱奇艺,641,20260701,4041
20260701,影视动漫,僧侣,641,20260701,4042
20260701,影视动漫,黑帮大佬的第三百六十五天电影播放,641,20260701,4043
20260701,影视动漫,cctv5台节目表,640,20260701,4044
20260701,影视动漫,开始推理吧第一季免费观看完整版百度网盘,640,20260701,4045
20260701,影视动漫,我们的少年时代,640,20260701,4046
20260701,影视动漫,问心2盛主任结局,640,20260701,4047
20260701,影视动漫,斩神2,639,20260701,4048
20260701,影视动漫,花容月貌,639,20260701,4049
20260701,影视动漫,龙之家族 第三季,639,20260701,4050
20260701,影视动漫,妈妈喝骂1~4集完整版动漫没,639,20260701,4051
20260701,影视动漫,不雅之举动漫在线观看完整版高清,639,20260701,4052
20260701,影视动漫,汉武帝,639,20260701,4053
20260701,影视动漫,亲爱的热爱的电视剧免费播放,639,20260701,4054
20260701,影视动漫,嘘国王在冬眠电视剧在线播放观看高清,639,20260701,4055
20260701,影视动漫,夸克电影高清在线播放,638,20260701,4056
20260701,影视动漫,圆明园电影在线观看,638,20260701,4057
20260701,影视动漫,半熟恋人第5季免费观看全集在线播放,638,20260701,4058
20260701,影视动漫,爱情有烟火免费观看,638,20260701,4059
20260701,影视动漫,巴黎最后的探戈,637,20260701,4060
20260701,影视动漫,电影《波丽露》,637,20260701,4061
20260701,影视动漫,灵魂摆渡人第一季,637,20260701,4062
20260701,影视动漫,罗小黑战记二,637,20260701,4063
20260701,影视动漫,羞耻,637,20260701,4064
20260701,影视动漫,嘘禁止想象,637,20260701,4065
20260701,影视动漫,原始的爱,637,20260701,4066
20260701,影视动漫,汉尼拔,637,20260701,4067
20260701,影视动漫,蜜桃成熟时2,637,20260701,4068
20260701,影视动漫,央视五套,637,20260701,4069
20260701,影视动漫,央视新闻13频道在线直播,637,20260701,4070
20260701,影视动漫,华丽外出2电影在线观,637,20260701,4071
20260701,影视动漫,权力的游戏第一季无删减美剧在线观看,636,20260701,4072
20260701,影视动漫,催眠教室动漫一季免费观看全集,636,20260701,4073
20260701,影视动漫,中央5台,636,20260701,4074
20260701,影视动漫,世界第一初恋,636,20260701,4075
20260701,影视动漫,香蜜沉沉烬如霜,636,20260701,4076
20260701,影视动漫,大明王朝1566电视剧全集免费观看下载百度云雷电网,636,20260701,4077
20260701,影视动漫,第一次爱的人免费观看电视剧杨磊,636,20260701,4078
20260701,影视动漫,吴邪私家笔记电视剧免费观看完整版高清百度网盘,636,20260701,4079
20260701,影视动漫,星汉灿烂 电视剧,636,20260701,4080
20260701,影视动漫,少年白马醉春风电视剧免费观看完整版在哪里可以看,636,20260701,4081
20260701,影视动漫,努尔哈赤,636,20260701,4082
20260701,影视动漫,流浪地球2免费观看完整视频高清,635,20260701,4083
20260701,影视动漫,玩物 电影,635,20260701,4084
20260701,影视动漫,逆天邪神年番在线观看全集免费播放高清,635,20260701,4085
20260701,影视动漫,快手下载安装,634,20260701,4086
20260701,影视动漫,弹丸论破,634,20260701,4087
20260701,影视动漫,邵氏电影,634,20260701,4088
20260701,影视动漫,大秦赋全集在线观看免费完整版,634,20260701,4089
20260701,影视动漫,藏海花电视剧免费完整版,634,20260701,4090
20260701,影视动漫,深渊无间电视剧播放在线观看,634,20260701,4091
20260701,影视动漫,井冈山,633,20260701,4092
20260701,影视动漫,咪咕,633,20260701,4093
20260701,影视动漫,八戒视频,633,20260701,4094
20260701,影视动漫,父母爱情的演员名单,633,20260701,4095
20260701,影视动漫,凹凸世界新生,633,20260701,4096
20260701,影视动漫,乘风破浪的姐姐2026完整观看超清版,633,20260701,4097
20260701,影视动漫,金牌影院短剧在线观看,632,20260701,4098
20260701,影视动漫,吾案番外电视剧免费观看全集,632,20260701,4099
20260701,影视动漫,圣痕的亚里亚修女动漫在线观看免费,632,20260701,4100
20260701,影视动漫,韩剧《我忍不了了》完整版在线观看,632,20260701,4101
20260701,影视动漫,上海女子图鉴 电视剧,632,20260701,4102
20260701,影视动漫,天降女子从2楼掉下了樱花未增删翻译百度网盘,632,20260701,4103
20260701,影视动漫,CCTV5在线直播世界杯2026,632,20260701,4104
20260701,影视动漫,《四渡》2026版免费看,632,20260701,4105
20260701,影视动漫,无耻之徒第一季在线观看,631,20260701,4106
20260701,影视动漫,博人传,631,20260701,4107
20260701,影视动漫,薄冰电视剧在线观看全集免费版,631,20260701,4108
20260701,影视动漫,netflix,631,20260701,4109
20260701,影视动漫,地缚少年花子君第二季免费版观看,631,20260701,4110
20260701,影视动漫,三年中文在线百度完,631,20260701,4111
20260701,影视动漫,广西卫视,631,20260701,4112
20260701,影视动漫,人狗大战11集普通话版百度云资源,631,20260701,4113
20260701,影视动漫,交换2,631,20260701,4114
20260701,影视动漫,软甜小妹短剧,630,20260701,4115
20260701,影视动漫,表妹韩剧2017年的电视剧在线观看,630,20260701,4116
20260701,影视动漫,张柏芝惊艳视频高清,630,20260701,4117
20260701,影视动漫,侏罗纪世界,630,20260701,4118
20260701,影视动漫,玫瑰丛生电视剧免费观看全集完整版,630,20260701,4119
20260701,影视动漫,风车动漫(p)_专注动漫的门户官方网站动漫巨人族的新娘,630,20260701,4120
20260701,影视动漫,兽性新人类之失忆症粤语,630,20260701,4121
20260701,影视动漫,捉迷藏Love me第一季,630,20260701,4122
20260701,影视动漫,蝴蝶楼 惊魂,630,20260701,4123
20260701,影视动漫,青青河边草高清免费播放百度网盘,629,20260701,4124
20260701,影视动漫,谷雨电视剧40集免费观看,629,20260701,4125
20260701,影视动漫,看见恶魔,629,20260701,4126
20260701,影视动漫,男仆少爷库洛,629,20260701,4127
20260701,影视动漫,这是我的西游第二季免费播放,629,20260701,4128
20260701,影视动漫,爱,629,20260701,4129
20260701,影视动漫,我的阿勒泰 电视剧,628,20260701,4130
20260701,影视动漫,鞠婧祎和宋威龙《千香引》,628,20260701,4131
20260701,影视动漫,50度灰,628,20260701,4132
20260701,影视动漫,地球超新鲜第二季免费看,628,20260701,4133
20260701,影视动漫,修车危情,628,20260701,4134
20260701,影视动漫,喜羊羊与灰太狼之奇幻之旅,627,20260701,4135
20260701,影视动漫,一拳超人,627,20260701,4136
20260701,影视动漫,免费影院,627,20260701,4137
20260701,影视动漫,她来自胡志明市,627,20260701,4138
20260701,影视动漫,吾案四面佛电视剧免费观看,627,20260701,4139
20260701,影视动漫,netflix大片,627,20260701,4140
20260701,影视动漫,九一社1到36集新加坡电视剧百度云,627,20260701,4141
20260701,影视动漫,断背山,627,20260701,4142
20260701,影视动漫,overlord第五季在线观看,626,20260701,4143
20260701,影视动漫,亲爱的小孩儿电视剧免费观看,626,20260701,4144
20260701,影视动漫,咖啡遇上香草,626,20260701,4145
20260701,影视动漫,央视节目单,626,20260701,4146
20260701,影视动漫,欲奴第一季电视剧美剧在线播放,626,20260701,4147
20260701,影视动漫,浪浪山小妖怪,626,20260701,4148
20260701,影视动漫,莫离电视剧免费观看全,626,20260701,4149
20260701,影视动漫,搜索筛选 - 影视,626,20260701,4150
20260701,影视动漫,湖南卫视节目单,626,20260701,4151
20260701,影视动漫,出轨的女人在线观看电视剧完整版韩剧TV,626,20260701,4152
20260701,影视动漫,同志亦凡人第一季无删减版百度云,626,20260701,4153
20260701,影视动漫,2025中文在线字幕免费观看电视剧日剧,626,20260701,4154
20260701,影视动漫,庆余年 电视剧,626,20260701,4155
20260701,影视动漫,爸爸当家第五季在线观看,625,20260701,4156
20260701,影视动漫,卿卿日常,625,20260701,4157
20260701,影视动漫,一路向西电影在线观看免费版国语,625,20260701,4158
20260701,影视动漫,情满四合院,625,20260701,4159
20260701,影视动漫,男男动漫,625,20260701,4160
20260701,影视动漫,韩剧《甜蜜厨房》在线观看,625,20260701,4161
20260701,影视动漫,韩剧《夫妻的世界》,625,20260701,4162
20260701,影视动漫,《今天开始恋爱吧》动漫,624,20260701,4163
20260701,影视动漫,电影2026,624,20260701,4164
20260701,影视动漫,《低智商犯罪》完整版,624,20260701,4165
20260701,影视动漫,玫瑰的故事电视剧全集高清免费播放下载,624,20260701,4166
20260701,影视动漫,隔窗恋爱在线看完整版,624,20260701,4167
20260701,影视动漫,成何体统第二季,624,20260701,4168
20260701,影视动漫,国产大片免费观看电视剧在线,624,20260701,4169
20260701,影视动漫,新金瓶梅2,624,20260701,4170
20260701,影视动漫,周星驰的全部电影,623,20260701,4171
20260701,影视动漫,下载快手,623,20260701,4172
20260701,影视动漫,大明王朝1566全集观看完整版,623,20260701,4173
20260701,影视动漫,落地请开手机,623,20260701,4174
20260701,影视动漫,秋收起义,623,20260701,4175
20260701,影视动漫,麻花传剧原创mv观看完整版免费高清,623,20260701,4176
20260701,影视动漫,数码宝贝,622,20260701,4177
20260701,影视动漫,电影猎手,622,20260701,4178
20260701,影视动漫,花房姑娘三季免费观看,622,20260701,4179
20260701,影视动漫,老舅,622,20260701,4180
20260701,影视动漫,医院,622,20260701,4181
20260701,影视动漫,霸王别姬,622,20260701,4182
20260701,影视动漫,日本视频,622,20260701,4183
20260701,影视动漫,日剧《补课》完整版在线观看,622,20260701,4184
20260701,影视动漫,创世纪,622,20260701,4185
20260701,影视动漫,斗罗大陆2动漫全集在线观看完整版高清,622,20260701,4186
20260701,影视动漫,傲慢与偏见,621,20260701,4187
20260701,影视动漫,寂静岭,621,20260701,4188
20260701,影视动漫,国产大片免费观看电视剧,621,20260701,4189
20260701,影视动漫,女同电影,621,20260701,4190
20260701,影视动漫,酋长的儿女电影完整版,621,20260701,4191
20260701,影视动漫,完美世界免费完整版在线看,621,20260701,4192
20260701,影视动漫,剑风传奇,621,20260701,4193
20260701,影视动漫,一起来看流星雨,621,20260701,4194
20260701,影视动漫,仙逆动漫在线观看全集完整版高清,621,20260701,4195
20260701,影视动漫,一路向西电影在线观看免费版国语高清,621,20260701,4196
20260701,影视动漫,京城奇探,621,20260701,4197
20260701,影视动漫,满天星电影系列推荐,620,20260701,4198
20260701,影视动漫,桃花映江山剧情免费完整版,620,20260701,4199
20260701,影视动漫,黄石第一季,620,20260701,4200
20260701,影视动漫,喜爱夜蒪1粤语,620,20260701,4201
20260701,影视动漫,红楼梦在线观看免费完整版高清87,620,20260701,4202
20260701,影视动漫,电影表妹,620,20260701,4203
20260701,影视动漫,舌吻视频,620,20260701,4204
20260701,影视动漫,炽夏电视剧全集,620,20260701,4205
20260701,影视动漫,爱情如烟火,619,20260701,4206
20260701,影视动漫,好看的电视剧,619,20260701,4207
20260701,影视动漫,大天蓬,619,20260701,4208
20260701,影视动漫,鸣鸟不飞,619,20260701,4209
20260701,影视动漫,日剧《我会很温柔的》在线观看,619,20260701,4210
20260701,影视动漫,枫与铃love me第一季在线观看免费全集电视剧百度网盘,619,20260701,4211
20260701,影视动漫,黑帮大佬和我的365日完整,619,20260701,4212
20260701,影视动漫,巡回检察组电视剧免费观看,619,20260701,4213
20260701,影视动漫,血恋2李华月电影,618,20260701,4214
20260701,影视动漫,日韩剧欧美在线观看电视剧,618,20260701,4215
20260701,影视动漫,你好星期六2026免费观看高清,618,20260701,4216
20260701,影视动漫,《哈哈哈哈哈第6季》,618,20260701,4217
20260701,影视动漫,甜蜜惩罚～我是看守专用宠物,618,20260701,4218
20260701,影视动漫,画梦录,618,20260701,4219
20260701,影视动漫,新白娘子1-50集完整版免费观看,618,20260701,4220
20260701,影视动漫,cntv,618,20260701,4221
20260701,影视动漫,小丑,618,20260701,4222
20260701,影视动漫,出轨的女人电影,617,20260701,4223
20260701,影视动漫,埃及艳后,617,20260701,4224
20260701,影视动漫,魔道祖师动漫全集免费观看完整版,617,20260701,4225
20260701,影视动漫,小猪佩奇全集免费,617,20260701,4226
20260701,影视动漫,好好看,617,20260701,4227
20260701,影视动漫,CCTV五,617,20260701,4228
20260701,影视动漫,暴躁老妈1-46集免费版百度云下载,617,20260701,4229
20260701,影视动漫,刺猬,617,20260701,4230
20260701,影视动漫,一路向北电影完整版视频在线观看,617,20260701,4231
20260701,影视动漫,你好星期六免费观看,616,20260701,4232
20260701,影视动漫,美国空姐2完整版免费高清百度网盘,616,20260701,4233
20260701,影视动漫,爱情有烟火一共多少集,616,20260701,4234
20260701,影视动漫,致命游戏电视剧,616,20260701,4235
20260701,影视动漫,南部当案免费观看,616,20260701,4236
20260701,影视动漫,酋长的女儿,616,20260701,4237
20260701,影视动漫,超级飞侠第十二季免费观看,615,20260701,4238
20260701,影视动漫,甜蜜惩罚动漫第一季完整版在线看全集,615,20260701,4239
20260701,影视动漫,她和她的她,615,20260701,4240
20260701,影视动漫,抖音扫一扫识别二维码,615,20260701,4241
20260701,影视动漫,《仙逆》动漫全集在线播放高清,615,20260701,4242
20260701,影视动漫,红桃官方winall/win7/win10/百度视频,615,20260701,4243
20260701,影视动漫,电视剧推荐,615,20260701,4244
20260701,影视动漫,跑男,615,20260701,4245
20260701,影视动漫,心间错,615,20260701,4246
20260701,影视动漫,夏目友人帐,615,20260701,4247
20260701,影视动漫,乐园侵蚀,614,20260701,4248
20260701,影视动漫,半熟恋人第五季综艺最新一期,614,20260701,4249
20260701,影视动漫,百花杀什么时候播,614,20260701,4250
20260701,影视动漫,昨夜降至电视免费观看,614,20260701,4251
20260701,影视动漫,间谍过家家第二季免费观看完整版动漫,614,20260701,4252
20260701,影视动漫,婚姻的两种猜想电视剧免费观看,614,20260701,4253
20260701,影视动漫,非分之罪,613,20260701,4254
20260701,影视动漫,吞噬星空在线观看,613,20260701,4255
20260701,影视动漫,《妻子9》在线观看免费版电视剧人间,613,20260701,4256
20260701,影视动漫,365霸道总裁爱上我电影第一季免费观看,613,20260701,4257
20260701,影视动漫,回到童年再犯一次免费观看完整高清动漫在线,613,20260701,4258
20260701,影视动漫,死馆2,613,20260701,4259
20260701,影视动漫,火山口的两个人日剧完整版在线,613,20260701,4260
20260701,影视动漫,昨夜将至电视剧剧情介绍,613,20260701,4261
20260701,影视动漫,再次为你泰剧,613,20260701,4262
20260701,影视动漫,四度赤水电影完整版在线观看,612,20260701,4263
20260701,影视动漫,免费观看大片美剧在线观看,612,20260701,4264
20260701,影视动漫,澎湖海战,612,20260701,4265
20260701,影视动漫,真探第一季在线观看全集,612,20260701,4266
20260701,影视动漫,在线看,612,20260701,4267
20260701,影视动漫,沧元图在线播放观看视频高清集,612,20260701,4268
20260701,影视动漫,斩神之凡尘神域2免费观看,612,20260701,4269
20260701,影视动漫,爸爸当家第六季在线观看免费高清,612,20260701,4270
20260701,影视动漫,《美容院2:特殊待遇》百度百科,612,20260701,4271
20260701,影视动漫,诡舍,612,20260701,4272
20260701,影视动漫,麻雀电视剧免费全集观看,611,20260701,4273
20260701,影视动漫,边水往事电视剧在线观看,611,20260701,4274
20260701,影视动漫,北京卫视节目表,611,20260701,4275
20260701,影视动漫,超燃青春的合唱,611,20260701,4276
20260701,影视动漫,韩国电影免费观看,611,20260701,4277
20260701,影视动漫,百花杀电视剧全集,610,20260701,4278
20260701,影视动漫,妻子6韩剧免费全集在线播放,610,20260701,4279
20260701,影视动漫,樱桃琥珀电视剧高清在线观看,610,20260701,4280
20260701,影视动漫,兄弟的妻子,610,20260701,4281
20260701,影视动漫,555电影网,610,20260701,4282
20260701,影视动漫,僵尸2013,610,20260701,4283
20260701,影视动漫,十九岁免费高清韩剧在线,609,20260701,4284
20260701,影视动漫,奔跑吧第14季免费观看完整版,609,20260701,4285
20260701,影视动漫,星汉灿烂,609,20260701,4286
20260701,影视动漫,别逼我结婚,609,20260701,4287
20260701,影视动漫,樱桃琥珀电视剧,609,20260701,4288
20260701,影视动漫,千香引在线观看电视剧高清,609,20260701,4289
20260701,影视动漫,兰香如故什么时候上映播出,609,20260701,4290
20260701,影视动漫,bnb八度影视老版本,609,20260701,4291
20260701,影视动漫,迷魂阵,609,20260701,4292
20260701,影视动漫,爱在是隆泰剧高清在线观看,609,20260701,4293
20260701,影视动漫,九首歌无删减免费观看高清百度,609,20260701,4294
20260701,影视动漫,爱情有烟火剧情介绍电视猫,608,20260701,4295
20260701,影视动漫,香港电影在线观看完整免费高清原声满天星,608,20260701,4296
20260701,影视动漫,勋章,608,20260701,4297
20260701,影视动漫,开天辟地的人物是谁,607,20260701,4298
20260701,影视动漫,我的妈妈动漫第一季全集观看免费高清,607,20260701,4299
20260701,影视动漫,中央五套5十节目表直播今天晚上高清,607,20260701,4300
20260701,影视动漫,euphoria动漫全集高清在线观看,607,20260701,4301
20260701,影视动漫,鬼灭之刃第三季,606,20260701,4302
20260701,影视动漫,dujiza朝鲜语网站韩国电视剧韩剧,606,20260701,4303
20260701,影视动漫,央视5十台直播现场直播,606,20260701,4304
20260701,影视动漫,魅影直播app下载新版,606,20260701,4305
20260701,影视动漫,少年歌行,606,20260701,4306
20260701,影视动漫,八度影视,606,20260701,4307
20260701,影视动漫,青苹果,606,20260701,4308
20260701,影视动漫,孤注一掷 电影,606,20260701,4309
20260701,影视动漫,6080影院,606,20260701,4310
20260701,影视动漫,你的婚礼,605,20260701,4311
20260701,影视动漫,鬼灭之刃无限列车篇免费观看 中文,605,20260701,4312
20260701,影视动漫,一级武则天连招技巧大全视频,605,20260701,4313
20260701,影视动漫,特立独行电影什么时候播出,605,20260701,4314
20260701,影视动漫,陈思敏1到5集电视剧百度,605,20260701,4315
20260701,影视动漫,挡不住的疯情,605,20260701,4316
20260701,影视动漫,人猿泰山电影HD版1995意大利,605,20260701,4317
20260701,影视动漫,82版杨敏思版本1-5集剧情介绍免费下载-百度,605,20260701,4318
20260701,影视动漫,黑暗荣耀第二季,605,20260701,4319
20260701,影视动漫,三年在线观看免费国语版,605,20260701,4320
20260701,影视动漫,功夫熊猫,605,20260701,4321
20260701,影视动漫,破产姐妹,605,20260701,4322
20260701,影视动漫,忙忙碌碌寻宝藏2在线观看完整版,605,20260701,4323
20260701,影视动漫,恋之罪,605,20260701,4324
20260701,影视动漫,斯巴达斯克第四季在线观看高清,605,20260701,4325
20260701,影视动漫,鬼吹灯之精绝古城 电视剧,605,20260701,4326
20260701,影视动漫,小小影视,605,20260701,4327
20260701,影视动漫,足球宝贝,605,20260701,4328
20260701,影视动漫,后宫露营在线观看完整版电视剧免费高清韩剧,604,20260701,4329
20260701,影视动漫,每日大瓜网红大赛百度,604,20260701,4330
20260701,影视动漫,偷香电影在线观看完整版电视剧免费高清美剧,604,20260701,4331
20260701,影视动漫,爆笑虫子,604,20260701,4332
20260701,影视动漫,鬼父动漫在线全集观看,604,20260701,4333
20260701,影视动漫,枫与铃loveme第一季在线观看免费全集电视剧百度网盘,604,20260701,4334
20260701,影视动漫,吾案未删版电视剧全集免费观看,604,20260701,4335
20260701,影视动漫,光阴之外动漫免费完整版,604,20260701,4336
20260701,影视动漫,我是特种兵第一部,604,20260701,4337
20260701,影视动漫,夏娃的诱惑,603,20260701,4338
20260701,影视动漫,最后的羔羊,603,20260701,4339
20260701,影视动漫,绝命航班,603,20260701,4340
20260701,影视动漫,小夫妻电视连续剧,602,20260701,4341
20260701,影视动漫,咏春,602,20260701,4342
20260701,影视动漫,醒转天师第二季,602,20260701,4343
20260701,影视动漫,飞驰人生在线观看完整版高清免费,602,20260701,4344
20260701,影视动漫,庆余年第二季,602,20260701,4345
20260701,影视动漫,缠绕的夜晚,602,20260701,4346
20260701,影视动漫,潜伏电视剧全集免费观看完整版,602,20260701,4347
20260701,影视动漫,好好说话电视剧免费观看完整版40集,601,20260701,4348
20260701,影视动漫,余生请多指教免费观看,601,20260701,4349
20260701,影视动漫,红辣椒意大利在线观看完整免费高清,601,20260701,4350
20260701,影视动漫,妈妈女婿日剧免费全集在线看,601,20260701,4351
20260701,影视动漫,农场主的三个女儿1976,601,20260701,4352
20260701,影视动漫,初恋那件小事电视剧全集免费观看,601,20260701,4353
20260701,影视动漫,父子,601,20260701,4354
20260701,影视动漫,特别行动 电视剧,601,20260701,4355
20260701,影视动漫,成全影视观看免费完整版国语高清,600,20260701,4356
20260701,影视动漫,美女器官,600,20260701,4357
20260701,影视动漫,玩具总动员4,600,20260701,4358
20260701,影视动漫,美少女战士,600,20260701,4359
20260701,影视动漫,韩剧检察官的提案在线观看,600,20260701,4360
20260701,影视动漫,霍元甲,600,20260701,4361
20260701,影视动漫,旷野烈风全集免费播放,600,20260701,4362
20260701,影视动漫,刃牙,599,20260701,4363
20260701,影视动漫,色戒电影完整版,599,20260701,4364
20260701,影视动漫,加勒比女海盗2斯蒂塔的复仇,599,20260701,4365
20260701,影视动漫,问心2免费观看高清完整,599,20260701,4366
20260701,影视动漫,《高嫁柳家》1-4集动漫全集免费,599,20260701,4367
20260701,影视动漫,吸血鬼医生动漫,599,20260701,4368
20260701,影视动漫,中文字幕在线看高清好看的电视剧舞,599,20260701,4369
20260701,影视动漫,洞房奇谭电影播放,599,20260701,4370
20260701,影视动漫,4虎,599,20260701,4371
20260701,影视动漫,玛丽玛丽在线观看完整免费高清原声满天星美剧,599,20260701,4372
20260701,影视动漫,哔哩哔哩下载,599,20260701,4373
20260701,影视动漫,喵盒,598,20260701,4374
20260701,影视动漫,翘楚百度百科,598,20260701,4375
20260701,影视动漫,双世宠妃第一季免费观看完整版,598,20260701,4376
20260701,影视动漫,妹妹,598,20260701,4377
20260701,影视动漫,唐朝诡事录电视剧,598,20260701,4378
20260701,影视动漫,不和陌生人说话电视剧免费观看,598,20260701,4379
20260701,影视动漫,丞磊新剧《莫离》,597,20260701,4380
20260701,影视动漫,脱轨电视剧免费观看全集在线播放悟空,597,20260701,4381
20260701,影视动漫,低智商犯罪电视剧观看完整版下载,597,20260701,4382
20260701,影视动漫,欢愉的艺术免费观看完整版电视剧高清第二季,597,20260701,4383
20260701,影视动漫,红色假期黑色婚礼在线观看免费高清,597,20260701,4384
20260701,影视动漫,挠女孩子脚心痒痒,597,20260701,4385
20260701,影视动漫,垂涎,597,20260701,4386
20260701,影视动漫,琢玉40集全集免费观看高清,597,20260701,4387
20260701,影视动漫,魅影TV,597,20260701,4388
20260701,影视动漫,剑来动漫第一季,597,20260701,4389
20260701,影视动漫,怎么关闭抖音月付支付的功能,597,20260701,4390
20260701,影视动漫,红高粱,596,20260701,4391
20260701,影视动漫,寻秦记,596,20260701,4392
20260701,影视动漫,最新电视剧2026,596,20260701,4393
20260701,影视动漫,翘楚 电视剧,596,20260701,4394
20260701,影视动漫,皮囊之下,596,20260701,4395
20260701,影视动漫,特战荣耀 电视剧,596,20260701,4396
20260701,影视动漫,哈哈哈哈哈,596,20260701,4397
20260701,影视动漫,消失的她,596,20260701,4398
20260701,影视动漫,爱人电影,596,20260701,4399
20260701,影视动漫,水浒传电视剧,596,20260701,4400
20260701,影视动漫,漂亮爸爸动漫百度网盘,596,20260701,4401
20260701,影视动漫,美人鱼电影免费观看完整版视频,596,20260701,4402
20260701,影视动漫,好姨妈韩剧在线观看最新章节,595,20260701,4403
20260701,影视动漫,飘雪电视电影网免费观看西瓜,595,20260701,4404
20260701,影视动漫,消防员是我的青梅竹马第二季未删减百度网盘,595,20260701,4405
20260701,影视动漫,《沉默的荣耀》免费,595,20260701,4406
20260701,影视动漫,gogogo,595,20260701,4407
20260701,影视动漫,夜色正浓电视剧,595,20260701,4408
20260701,影视动漫,海角社区下载,595,20260701,4409
20260701,影视动漫,不惑之旅演员表,595,20260701,4410
20260701,影视动漫,密室大逃脱第七季,594,20260701,4411
20260701,影视动漫,妻子的谎言,594,20260701,4412
20260701,影视动漫,唱歌的大姐姐也要谈恋爱第二季,594,20260701,4413
20260701,影视动漫,表妹万福电视剧,594,20260701,4414
20260701,影视动漫,中央4台在线直播观看,594,20260701,4415
20260701,影视动漫,xl司相似似的动漫是什么,594,20260701,4416
20260701,影视动漫,韩剧《霜花店》在线观看,593,20260701,4417
20260701,影视动漫,中央广播电视台,593,20260701,4418
20260701,影视动漫,动漫《酆母》1-6集百度云,593,20260701,4419
20260701,影视动漫,三年在线观看免费观看,593,20260701,4420
20260701,影视动漫,直播软件,593,20260701,4421
20260701,影视动漫,功夫女足上映时间,593,20260701,4422
20260701,影视动漫,动漫电影,593,20260701,4423
20260701,影视动漫,窝窝影视在线观看免费高清电视剧大全最新章节列表,593,20260701,4424
20260701,影视动漫,猛龙,593,20260701,4425
20260701,影视动漫,鬼父动漫在线观看,592,20260701,4426
20260701,影视动漫,三角洲行动视频,592,20260701,4427
20260701,影视动漫,问心电视剧,592,20260701,4428
20260701,影视动漫,翘楚 电视剧 在线观看,592,20260701,4429
20260701,影视动漫,快手客服电话24小时人工服务热线,592,20260701,4430
20260701,影视动漫,cctv1中央一台节目表,592,20260701,4431
20260701,影视动漫,烈火情人电影在线观看免费,592,20260701,4432
20260701,影视动漫,血恋在线观看,592,20260701,4433
20260701,影视动漫,谵妄电影,592,20260701,4434
20260701,影视动漫,美景之屋2在线观看,591,20260701,4435
20260701,影视动漫,十七岁免费高清韩剧在线看,591,20260701,4436
20260701,影视动漫,无颜之月在第一季完整版,591,20260701,4437
20260701,影视动漫,星空影院在线观看免费完整版电视剧下载,591,20260701,4438
20260701,影视动漫,进击的巨人第一季免费观看完整版,591,20260701,4439
20260701,影视动漫,小真的成长日记1-4集免费观看,591,20260701,4440
20260701,影视动漫,宁安如梦 电视剧,590,20260701,4441
20260701,影视动漫,种地吧第一季在线观看,590,20260701,4442
20260701,影视动漫,无赦之仇电影免费观看完整版,590,20260701,4443
20260701,影视动漫,问心电视剧全集免费观看完整版高清,590,20260701,4444
20260701,影视动漫,帝王之妾韩剧在线观看免费全集,590,20260701,4445
20260701,影视动漫,长津湖 电影,590,20260701,4446
20260701,影视动漫,太平年的演员表,590,20260701,4447
20260701,影视动漫,南部档案全集免费观看,590,20260701,4448
20260701,影视动漫,闪耀的她 电视剧,590,20260701,4449
20260701,影视动漫,千金奴隶演员表介绍,590,20260701,4450
20260701,影视动漫,《班上只有我一个男生!》第一季,590,20260701,4451
20260701,影视动漫,灵笼,589,20260701,4452
20260701,影视动漫,蜜桃成熟时3d,589,20260701,4453
20260701,影视动漫,巅峰对决免费观看完整视频,589,20260701,4454
20260701,影视动漫,免费观看电视在线高清爱情,589,20260701,4455
20260701,影视动漫,中央五套5直播,589,20260701,4456
20260701,影视动漫,北京卫视今天节目表,589,20260701,4457
20260701,影视动漫,日出东方,589,20260701,4458
20260701,影视动漫,父母爱情电视剧免费观看完整,589,20260701,4459
20260701,影视动漫,东宫电视剧免费观看全集剧情高清百度网盘,588,20260701,4460
20260701,影视动漫,吞噬星空动漫在线观看高清,588,20260701,4461
20260701,影视动漫,成何体统电视剧,588,20260701,4462
20260701,影视动漫,情深深雨濛濛 电视剧,588,20260701,4463
20260701,影视动漫,问心1电视剧全集免费观看,588,20260701,4464
20260701,影视动漫,吾栖之肤,588,20260701,4465
20260701,影视动漫,大主宰年番动漫在线播放完整版高清,588,20260701,4466
20260701,影视动漫,葬送的芙莉莲第二部,588,20260701,4467
20260701,影视动漫,薛平贵与王宝钏,587,20260701,4468
20260701,影视动漫,密爱在线观看免费韩剧电影在线看,587,20260701,4469
20260701,影视动漫,劳拉失忆症在线观看完整视频,587,20260701,4470
20260701,影视动漫,电影在线看,587,20260701,4471
20260701,影视动漫,红旗渠,587,20260701,4472
20260701,影视动漫,她的罪名,587,20260701,4473
20260701,影视动漫,重生,587,20260701,4474
20260701,影视动漫,金特工本色回归完整版在线观看,587,20260701,4475
20260701,影视动漫,落地请开手机剧情简介,587,20260701,4476
20260701,影视动漫,斗音,586,20260701,4477
20260701,影视动漫,元气少女缘结神,586,20260701,4478
20260701,影视动漫,CCTV5在线观看,586,20260701,4479
20260701,影视动漫,罗马的房子 电影,586,20260701,4480
20260701,影视动漫,楚汉传奇80集全集免费观看完整版,586,20260701,4481
20260701,影视动漫,最美的时光 电视剧,586,20260701,4482
20260701,影视动漫,抖音网页版官网,585,20260701,4483
20260701,影视动漫,七龙珠,585,20260701,4484
20260701,影视动漫,玫瑰视频,585,20260701,4485
20260701,影视动漫,制服就这样穿着动漫全集免费播放第二季,585,20260701,4486
20260701,影视动漫,保险女王的商业秘密在线观看视频直播比赛视频,585,20260701,4487
20260701,影视动漫,舒淇主演《灵与欲》柯俊雄,585,20260701,4488
20260701,影视动漫,韩剧《恋爱高手》免费,585,20260701,4489
20260701,影视动漫,甜蜜的惩罚第一季在哪看全集动漫免费,585,20260701,4490
20260701,影视动漫,嫂子的职业2韩剧结局原声在线观看全集-免费高清免费,585,20260701,4491
20260701,影视动漫,色戒在线播放,585,20260701,4492
20260701,影视动漫,借爸爸种英国电影免费观看,584,20260701,4493
20260701,影视动漫,奇优,584,20260701,4494
20260701,影视动漫,《无声的尽头》免费观看全集高清,584,20260701,4495
20260701,影视动漫,深渊,584,20260701,4496
20260701,影视动漫,爱情没有神话,584,20260701,4497
20260701,影视动漫,同志亦凡人第一季,584,20260701,4498
20260701,影视动漫,金太郎的幸福生活,584,20260701,4499
20260701,影视动漫,赶尸艳淡,584,20260701,4500
20260701,影视动漫,堕落1986年意大利,584,20260701,4501
20260701,影视动漫,四海重明电视剧免费观看完整版,584,20260701,4502
20260701,影视动漫,幸福,584,20260701,4503
20260701,影视动漫,龙珠,584,20260701,4504
20260701,影视动漫,点燃我温暖你电视剧免费完整版观看影视大全,583,20260701,4505
20260701,影视动漫,人间御姐动漫全集免费观看高清,583,20260701,4506
20260701,影视动漫,缘之空在线观看完整无删减,583,20260701,4507
20260701,影视动漫,我的妈妈动画日语版完整版,583,20260701,4508
20260701,影视动漫,黑夜告白电视剧高清完整版,583,20260701,4509
20260701,影视动漫,电视剧《甄嬛传》,583,20260701,4510
20260701,影视动漫,深夜濡恋相亲对象是问题,583,20260701,4511
20260701,影视动漫,密室大逃脱第三季高清免费观看,583,20260701,4512
20260701,影视动漫,cctv5在线直播央视五套高清直播,583,20260701,4513
20260701,影视动漫,问心2第二部全集,583,20260701,4514
20260701,影视动漫,a4yy,582,20260701,4515
20260701,影视动漫,我的山与海电视剧全集免费观看,582,20260701,4516
20260701,影视动漫,母亲动漫1~6集全集,582,20260701,4517
20260701,影视动漫,无证之罪电视剧在线观看免费观看,582,20260701,4518
20260701,影视动漫,这是我的西游,582,20260701,4519
20260701,影视动漫,安娜韩剧免费完整版在线观看,582,20260701,4520
20260701,影视动漫,柳舟记电视剧免费观看全集高清百度网盘,582,20260701,4521
20260701,影视动漫,电视剧莫离在线观看全集免费,582,20260701,4522
20260701,影视动漫,千香引在线观看电视剧最新,581,20260701,4523
20260701,影视动漫,娘道 电视剧,581,20260701,4524
20260701,影视动漫,天降女子未删减百度云动漫,581,20260701,4525
20260701,影视动漫,汪汪队立大功,581,20260701,4526
20260701,影视动漫,抖漫下载,581,20260701,4527
20260701,影视动漫,钢铁侠,581,20260701,4528
20260701,影视动漫,隐秘的角落,581,20260701,4529
20260701,影视动漫,最早的电影什么世纪,581,20260701,4530
20260701,影视动漫,说唱巅峰对决2026免费观看全集,581,20260701,4531
20260701,影视动漫,拔萝人电视剧大全在线观看免费高清百度云,580,20260701,4532
20260701,影视动漫,loveme捉迷藏全集,580,20260701,4533
20260701,影视动漫,快车手,580,20260701,4534
20260701,影视动漫,成全世界全集在线完整观看,580,20260701,4535
20260701,影视动漫,国产高清电影免费观看完整版在线观看熊出没,580,20260701,4536
20260701,影视动漫,口罩男子明明不想谈恋爱动漫完整在线观看,580,20260701,4537
20260701,影视动漫,中南海保镖,580,20260701,4538
20260701,影视动漫,半熟恋人5免费观看全集完整版,580,20260701,4539
20260701,影视动漫,在线观看中文免费完整版的电影日剧,580,20260701,4540
20260701,影视动漫,在线观看中文免费完整版的电影,580,20260701,4541
20260701,影视动漫,沉默的荣耀电视剧在线观看免费完整版,580,20260701,4542
20260701,影视动漫,色戒免费,580,20260701,4543
20260701,影视动漫,胡乱的深见君电视剧全集动漫版百度,579,20260701,4544
20260701,影视动漫,不雅之举风车动漫,579,20260701,4545
20260701,影视动漫,陈说美食,579,20260701,4546
20260701,影视动漫,三年片段在线观看免费国语观看高清,579,20260701,4547
20260701,影视动漫,天地剑心,579,20260701,4548
20260701,影视动漫,天赐的声音,579,20260701,4549
20260701,影视动漫,盲井,579,20260701,4550
20260701,影视动漫,我理想的异世界生活,579,20260701,4551
20260701,影视动漫,樱花动漫专注动漫的网站专注动漫的进击的巨人,579,20260701,4552
20260701,影视动漫,觉醒年代电视剧免费观看,579,20260701,4553
20260701,影视动漫,甜蜜惩罚第一季全集动漫免费,578,20260701,4554
20260701,影视动漫,炽夏电视剧1-29,578,20260701,4555
20260701,影视动漫,炫卡斗士,578,20260701,4556
20260701,影视动漫,爱奇艺app免费下载安装,578,20260701,4557
20260701,影视动漫,西瓜影院在线观看免费高清电视剧,578,20260701,4558
20260701,影视动漫,樱花动漫专门专注动漫的门户网,578,20260701,4559
20260701,影视动漫,任长霞,578,20260701,4560
20260701,影视动漫,何不同舟渡免费观看第一集,578,20260701,4561
20260701,影视动漫,中央5台节目表,578,20260701,4562
20260701,影视动漫,婚前试爱韩剧在线观看完整电视剧免费,578,20260701,4563
20260701,影视动漫,黑桃TV,578,20260701,4564
20260701,影视动漫,复仇电影在线观看免费完整版,578,20260701,4565
20260701,影视动漫,令人心动的offer 第五季,577,20260701,4566
20260701,影视动漫,视频 - 详情,577,20260701,4567
20260701,影视动漫,xbox免费高清影视资源在线观看,577,20260701,4568
20260701,影视动漫,电视剧莫离,577,20260701,4569
20260701,影视动漫,《春宵一刻》在线观看,577,20260701,4570
20260701,影视动漫,方子传在线观看完整免费高清,577,20260701,4571
20260701,影视动漫,触摸电影,577,20260701,4572
20260701,影视动漫,青丘狐传说,577,20260701,4573
20260701,影视动漫,仙逆动漫全集观看,577,20260701,4574
20260701,影视动漫,模范出租车第二季,577,20260701,4575
20260701,影视动漫,还珠格格第一部电视剧,576,20260701,4576
20260701,影视动漫,捉迷藏,576,20260701,4577
20260701,影视动漫,回魂计,576,20260701,4578
20260701,影视动漫,做头,576,20260701,4579
20260701,影视动漫,上海滩演员表,576,20260701,4580
20260701,影视动漫,回复术者重启人生,576,20260701,4581
20260701,影视动漫,大唐迷雾,576,20260701,4582
20260701,影视动漫,昨日将至,576,20260701,4583
20260701,影视动漫,这一秒过火全集免费播放,576,20260701,4584
20260701,影视动漫,精灵探访记1-2集在线观看免费,576,20260701,4585
20260701,影视动漫,免费观看高清在线电视剧,576,20260701,4586
20260701,影视动漫,路西法,576,20260701,4587
20260701,影视动漫,牧神记动漫,575,20260701,4588
20260701,影视动漫,母与子免费观看2023年最新电视剧,575,20260701,4589
20260701,影视动漫,丁香花电影高清视频完整版,575,20260701,4590
20260701,影视动漫,仲夏大院电视剧,575,20260701,4591
20260701,影视动漫,正后方的神威在线观看,575,20260701,4592
20260701,影视动漫,苦尽甘来遇见你全集在线观看免费高清,575,20260701,4593
20260701,影视动漫,你微笑时很美电视剧在线观看视频,575,20260701,4594
20260701,影视动漫,《知否知否应是绿肥红瘦》电视剧,575,20260701,4595
20260701,影视动漫,花儿与少年第五季丝路季,575,20260701,4596
20260701,影视动漫,韩国演艺圈19集全观看免费播放电视剧百度百科,574,20260701,4597
20260701,影视动漫,人猿泰山1995意大利电影免费观看,574,20260701,4598
20260701,影视动漫,无颜之月第一季免费观看全集高清,574,20260701,4599
20260701,影视动漫,樱花动漫专门专注动漫,574,20260701,4600
20260701,影视动漫,诡秘之主动漫在线观看完整版全集,574,20260701,4601
20260701,影视动漫,日本电影在线观看,574,20260701,4602
20260701,影视动漫,AcFan,574,20260701,4603
20260701,影视动漫,冰雪奇缘,574,20260701,4604
20260701,影视动漫,感官世界HD在线观看完整,574,20260701,4605
20260701,影视动漫,叶玉卿 卿本佳人,573,20260701,4606
20260701,影视动漫,唐宫奇案,573,20260701,4607
20260701,影视动漫,西游降魔篇,573,20260701,4608
20260701,影视动漫,金瓶梅电视剧全集电视剧在线看免费龚玥菲,573,20260701,4609
20260701,影视动漫,老四影院免费播放电视剧大全,572,20260701,4610
20260701,影视动漫,战狼6高清国语电影在线观看,572,20260701,4611
20260701,影视动漫,无尽的尽头电视剧在线观看完整版高清,572,20260701,4612
20260701,影视动漫,现场直播cctv5在线直播,572,20260701,4613
20260701,影视动漫,沙尘暴电视剧在线观看免费完整版,572,20260701,4614
20260701,影视动漫,南来北往,572,20260701,4615
20260701,影视动漫,奔跑吧第三季,572,20260701,4616
20260701,影视动漫,黑猫警长,572,20260701,4617
20260701,影视动漫,快乐老家综艺免费观看全集完整版,572,20260701,4618
20260701,影视动漫,赶尸艳谭里的女僵尸是谁演的,572,20260701,4619
20260701,影视动漫,抖币充值入口官网,572,20260701,4620
20260701,影视动漫,棕榈店轶事,572,20260701,4621
20260701,影视动漫,金牌影院官网入口免费下载,571,20260701,4622
20260701,影视动漫,人浮于爱,571,20260701,4623
20260701,影视动漫,快乐老家综艺免费观看,571,20260701,4624
20260701,影视动漫,韩剧《我的私人家教》在线观看中文,571,20260701,4625
20260701,影视动漫,新剧2026电视剧,571,20260701,4626
20260701,影视动漫,九一社1—36集电视剧免费观看百度云,571,20260701,4627
20260701,影视动漫,野火,571,20260701,4628
20260701,影视动漫,某种物质,570,20260701,4629
20260701,影视动漫,爱的迫降,570,20260701,4630
20260701,影视动漫,火影忍者小樱CG插画,570,20260701,4631
20260701,影视动漫,电影最早出现于哪个世纪,570,20260701,4632
20260701,影视动漫,心口不一泰国电视剧,570,20260701,4633
20260701,影视动漫,三生有幸遇见你全集免费观看,570,20260701,4634
20260701,影视动漫,女大学生沙龙心理2,570,20260701,4635
20260701,影视动漫,飘花电影免费版高清在线观看网站百度,570,20260701,4636
20260701,影视动漫,今天高清在线观看免费韩剧,569,20260701,4637
20260701,影视动漫,爱情有烟火演员表介绍,569,20260701,4638
20260701,影视动漫,罗马,569,20260701,4639
20260701,影视动漫,KNOT泰剧在线播放,569,20260701,4640
20260701,影视动漫,叛逆者,569,20260701,4641
20260701,影视动漫,1921 电影,569,20260701,4642
20260701,影视动漫,安娜的情感史,569,20260701,4643
20260701,影视动漫,凡人歌,569,20260701,4644
20260701,影视动漫,教父,569,20260701,4645
20260701,影视动漫,豆角网,569,20260701,4646
20260701,影视动漫,九歌在线观看完整免费高清原声高烧可以吃雪糕吗,569,20260701,4647
20260701,影视动漫,冰冷热带鱼电影,569,20260701,4648
20260701,影视动漫,美景之景2韩剧在线观看免费高清版下载,569,20260701,4649
20260701,影视动漫,多米娜第一季无删减版百度云,568,20260701,4650
20260701,影视动漫,yy6080,568,20260701,4651
20260701,影视动漫,南部档案免费全集,568,20260701,4652
20260701,影视动漫,火遮眼2026在线观看完整版免费国语版中文版,568,20260701,4653
20260701,影视动漫,新世纪福音战士,568,20260701,4654
20260701,影视动漫,三人行,568,20260701,4655
20260701,影视动漫,初恋时间樱花动漫全集完整版,568,20260701,4656
20260701,影视动漫,危情,568,20260701,4657
20260701,影视动漫,恩娇韩剧在线观看电视剧免费高清,567,20260701,4658
20260701,影视动漫,玩色男孩泰剧黑白头发的是谁,567,20260701,4659
20260701,影视动漫,小小的我 电影,567,20260701,4660
20260701,影视动漫,聊斋兰若寺免费观看电影完整版高清百度网盘,567,20260701,4661
20260701,影视动漫,挠脚心视频,567,20260701,4662
20260701,影视动漫,翘楚电视剧全集免费播放高清完整版,567,20260701,4663
20260701,影视动漫,地味变,567,20260701,4664
20260701,影视动漫,千香剧情介绍,567,20260701,4665
20260701,影视动漫,出差5,567,20260701,4666
20260701,影视动漫,爱在空气中的泰剧,567,20260701,4667
20260701,影视动漫,逍遥,567,20260701,4668
20260701,影视动漫,现在就出发第二季免费观看,567,20260701,4669
20260701,影视动漫,《外遇》20,567,20260701,4670
20260701,影视动漫,雾山五行,567,20260701,4671
20260701,影视动漫,阿诺拉 电影,566,20260701,4672
20260701,影视动漫,哈哈哈哈哈第四季免费观看完整版,566,20260701,4673
20260701,影视动漫,云之羽,566,20260701,4674
20260701,影视动漫,一笑随歌电视剧免费观看完整版下载缓存,566,20260701,4675
20260701,影视动漫,娜塔莉韩剧在线观看免费全集,566,20260701,4676
20260701,影视动漫,想结束这场我爱你的游戏动漫在线观看6~12集,566,20260701,4677
20260701,影视动漫,cctv5今日节目单,566,20260701,4678
20260701,影视动漫,cctv5 在线直播乒乓球,566,20260701,4679
20260701,影视动漫,风风风,566,20260701,4680
20260701,影视动漫,大江大河,566,20260701,4681
20260701,影视动漫,影视大全在线观看电视剧免费观看微微一笑很倾城,565,20260701,4682
20260701,影视动漫,检察官提案韩剧在线观看完整版,565,20260701,4683
20260701,影视动漫,抖音极速版 免费下载,565,20260701,4684
20260701,影视动漫,倚天屠龙记苏有朋版,565,20260701,4685
20260701,影视动漫,极速恋人第一季,565,20260701,4686
20260701,影视动漫,一起看官网,565,20260701,4687
20260701,影视动漫,二十一世纪大君夫人韩剧在线观看,565,20260701,4688
20260701,影视动漫,哈尔滨1944电视剧1-40集完整版,565,20260701,4689
20260701,影视动漫,闺蜜,565,20260701,4690
20260701,影视动漫,《这是我的西游》第二季,565,20260701,4691
20260701,影视动漫,tvb云播,565,20260701,4692
20260701,影视动漫,庆余年2,565,20260701,4693
20260701,影视动漫,央视CCTV5,564,20260701,4694
20260701,影视动漫,让笨蛋妹妹变聪明的办法动漫全集观看,564,20260701,4695
20260701,影视动漫,魔都精兵第二季,564,20260701,4696
20260701,影视动漫,上流社会韩剧电影完整版在线观看免费,564,20260701,4697
20260701,影视动漫,《昨夜将至》,564,20260701,4698
20260701,影视动漫,五福临门,564,20260701,4699
20260701,影视动漫,庆祝建党105周年视频完整版,564,20260701,4700
20260701,影视动漫,杨思敏电影,564,20260701,4701
20260701,影视动漫,人人免费人人看电视剧全集,564,20260701,4702
20260701,影视动漫,电影开天辟地演员表,564,20260701,4703
20260701,影视动漫,暗夜追风1-40集全免费,564,20260701,4704
20260701,影视动漫,入戏泰剧,563,20260701,4705
20260701,影视动漫,《仙逆》动漫,563,20260701,4706
20260701,影视动漫,速度与激情,563,20260701,4707
20260701,影视动漫,善良的女孩,563,20260701,4708
20260701,影视动漫,越狱,563,20260701,4709
20260701,影视动漫,孙艺珍为艺术献身的电影,563,20260701,4710
20260701,影视动漫,无与伦比的美丽电视剧免费观看全集高清26,563,20260701,4711
20260701,影视动漫,樱花动漫官网入口百度,563,20260701,4712
20260701,影视动漫,CCTV5十台节目表今天,563,20260701,4713
20260701,影视动漫,暴劫柔情,563,20260701,4714
20260701,影视动漫,黑色星期五,563,20260701,4715
20260701,影视动漫,梁朝伟和汤唯删减版百度云,563,20260701,4716
20260701,影视动漫,当我飞奔向你电视剧,562,20260701,4717
20260701,影视动漫,我的青梅竹马是消防员,562,20260701,4718
20260701,影视动漫,江疏影新剧,562,20260701,4719
20260701,影视动漫,盖亚奥特曼,562,20260701,4720
20260701,影视动漫,建党伟业 电影,562,20260701,4721
20260701,影视动漫,《没落贵族璃川》1-3集在线观看,562,20260701,4722
20260701,影视动漫,雷雨,562,20260701,4723
20260701,影视动漫,极限挑战,562,20260701,4724
20260701,影视动漫,致命之旅免费高清完整版在线观看中文,562,20260701,4725
20260701,影视动漫,爱情有烟火电视剧免费观看全集完整,561,20260701,4726
20260701,影视动漫,昨夜将至免费,561,20260701,4727
20260701,影视动漫,维多利亚一号国语无删减版百度网盘,561,20260701,4728
20260701,影视动漫,非法之罪粤语,561,20260701,4729
20260701,影视动漫,老湿影院,561,20260701,4730
20260701,影视动漫,央视频app官方免费下载安装,561,20260701,4731
20260701,影视动漫,电影《特殊交易》免费,561,20260701,4732
20260701,影视动漫,我的王室死对头韩剧在线观看,561,20260701,4733
20260701,影视动漫,抖音网页入口网,561,20260701,4734
20260701,影视动漫,奔跑吧兄弟第五季免费观看完整版视频,560,20260701,4735
20260701,影视动漫,砰砰砰在线高清免费观看日剧,560,20260701,4736
20260701,影视动漫,韩剧《妈妈》大结局,560,20260701,4737
20260701,影视动漫,无职转生第二季,560,20260701,4738
20260701,影视动漫,疯狂祖母完整版免费观看高清在线,560,20260701,4739
20260701,影视动漫,长风渡电视剧全集免费播放,560,20260701,4740
20260701,影视动漫,吞噬星空动漫观看免费高清,560,20260701,4741
20260701,影视动漫,莫离电视剧免费观看全集在线观看,560,20260701,4742
20260701,影视动漫,主角电视剧40集完整版视频,560,20260701,4743
20260701,影视动漫,夏洛特烦恼,560,20260701,4744
20260701,影视动漫,奸臣在线观看,560,20260701,4745
20260701,影视动漫,七猫高清,559,20260701,4746
20260701,影视动漫,成吉思汗简介,559,20260701,4747
20260701,影视动漫,龙之家族第三季 在线观看,559,20260701,4748
20260701,影视动漫,王贵与安娜演员表,559,20260701,4749
20260701,影视动漫,《女仆》,559,20260701,4750
20260701,影视动漫,辣手狂花,559,20260701,4751
20260701,影视动漫,加藤视频,559,20260701,4752
20260701,影视动漫,擦边视频,559,20260701,4753
20260701,影视动漫,金装的维尔梅,559,20260701,4754
20260701,影视动漫,傲慢与偏见电影免费观看完整版,558,20260701,4755
20260701,影视动漫,半熟恋人第五季免费观看,558,20260701,4756
20260701,影视动漫,白鹿<莫离>,558,20260701,4757
20260701,影视动漫,法国空姐2完整版免费高清百度网盘,558,20260701,4758
20260701,影视动漫,迪迦奥特曼全集免费观看,558,20260701,4759
20260701,影视动漫,爱是愤怒,558,20260701,4760
20260701,影视动漫,关于我转生变成史莱姆这档事,558,20260701,4761
20260701,影视动漫,快乐老家第一季,557,20260701,4762
20260701,影视动漫,浙江卫视节目表,557,20260701,4763
20260701,影视动漫,一路向西视频完整版视频在线看,557,20260701,4764
20260701,影视动漫,检察官的提案第四集,557,20260701,4765
20260701,影视动漫,闪灵,557,20260701,4766
20260701,影视动漫,少年男仆库 洛动漫,557,20260701,4767
20260701,影视动漫,斯巴达克斯血与沙,557,20260701,4768
20260701,影视动漫,炽夏电视剧在线观看下载,557,20260701,4769
20260701,影视动漫,没落贵族的琉璃川,557,20260701,4770
20260701,影视动漫,出路免费观看完整版电影,556,20260701,4771
20260701,影视动漫,善良的女朋友,556,20260701,4772
20260701,影视动漫,风吹半夏,556,20260701,4773
20260701,影视动漫,超能路人甲,556,20260701,4774
20260701,影视动漫,我的初恋不可能是亲姐姐观看动漫,556,20260701,4775
20260701,影视动漫,赌神,556,20260701,4776
20260701,影视动漫,电影《胶东乳娘》完整版,556,20260701,4777
20260701,影视动漫,下载抖音安装 免费下载,556,20260701,4778
20260701,影视动漫,惊蛰无声免费观看全集完整版电影,556,20260701,4779
20260701,影视动漫,排球少年第一季免费观看完整版,556,20260701,4780
20260701,影视动漫,蜜桃成熟时33d,556,20260701,4781
20260701,影视动漫,抖漫动漫软件,556,20260701,4782
20260701,影视动漫,中餐厅南洋拾光季在线观看,555,20260701,4783
20260701,影视动漫,照殿花开电视剧,555,20260701,4784
20260701,影视动漫,师兄啊师兄免费观看全集在线高清完美世界,555,20260701,4785
20260701,影视动漫,团鬼六,555,20260701,4786
20260701,影视动漫,甜蜜惩罚动漫第二季全集版,555,20260701,4787
20260701,影视动漫,jojo的奇妙冒险第三季,555,20260701,4788
20260701,影视动漫,封神第二部:战火西岐,555,20260701,4789
20260701,影视动漫,麻花传剧原创MV免费观看高清下载百度,554,20260701,4790
20260701,影视动漫,安家,554,20260701,4791
20260701,影视动漫,乱,554,20260701,4792
20260701,影视动漫,zhz甄嬛传,554,20260701,4793
20260701,影视动漫,龙之家族 第三季在线观看,554,20260701,4794
20260701,影视动漫,诡秘之主特别篇免费观看完整版,554,20260701,4795
20260701,影视动漫,半熟男女,554,20260701,4796
20260701,影视动漫,韩国电视剧,554,20260701,4797
20260701,影视动漫,人民的名义演员表,554,20260701,4798
20260701,影视动漫,锦月如歌电视剧免费观看全集完整版承磊,554,20260701,4799
20260701,影视动漫,贪婪欲望之岛,554,20260701,4800
20260701,影视动漫,好先生,554,20260701,4801
20260701,影视动漫,大耳朵图图,553,20260701,4802
20260701,影视动漫,假面骑士时王免费观看完整版,553,20260701,4803
20260701,影视动漫,长安的荔枝,553,20260701,4804
20260701,影视动漫,玩具总动员1,553,20260701,4805
20260701,影视动漫,韩剧《在河边亲热》在线观看,553,20260701,4806
20260701,影视动漫,《主角》,553,20260701,4807
20260701,影视动漫,中央五台cctv5直播在线观看,553,20260701,4808
20260701,影视动漫,弱杀 电影,552,20260701,4809
20260701,影视动漫,《金特务:本色回归》在线,552,20260701,4810
20260701,影视动漫,引狼入室,552,20260701,4811
20260701,影视动漫,人间中毒韩剧在线观看完整版,552,20260701,4812
20260701,影视动漫,与狼共舞,552,20260701,4813
20260701,影视动漫,叶罗丽,552,20260701,4814
20260701,影视动漫,铠甲勇士刑天,552,20260701,4815
20260701,影视动漫,快乐老家第一季在线观看,552,20260701,4816
20260701,影视动漫,热线女孩,552,20260701,4817
20260701,影视动漫,真爱如血,552,20260701,4818
20260701,影视动漫,奇迹少女高清完整版,552,20260701,4819
20260701,影视动漫,少年歌行 电视剧,551,20260701,4820
20260701,影视动漫,love me枫与铃第一季在线观看免费全集电视剧百度网盘,551,20260701,4821
20260701,影视动漫,办公室的秘密电影在线观看完整免费高清原声奔跑吧日剧,551,20260701,4822
20260701,影视动漫,韩剧《邻居的女儿》电视剧在线观看,551,20260701,4823
20260701,影视动漫,这份恋情望你察觉动漫,551,20260701,4824
20260701,影视动漫,驻站,551,20260701,4825
20260701,影视动漫,明天记得爱上我国语在线观看,551,20260701,4826
20260701,影视动漫,韩剧《大度》在线播放,551,20260701,4827
20260701,影视动漫,朗读者电影在线观看完整视频,551,20260701,4828
20260701,影视动漫,镖人电影,551,20260701,4829
20260701,影视动漫,21世纪爱指南纪录片,551,20260701,4830
20260701,影视动漫,金特务本色回归韩剧免费观看全集,551,20260701,4831
20260701,影视动漫,昨夜将至电视剧在线观看全集免费,550,20260701,4832
20260701,影视动漫,黑牛影院在线观看免费播放电视剧,550,20260701,4833
20260701,影视动漫,杨思版1-5集免费观看央视网,550,20260701,4834
20260701,影视动漫,星辰影院在线观看,550,20260701,4835
20260701,影视动漫,我要yes英国电影在线观看,550,20260701,4836
20260701,影视动漫,不雅之举动漫第一集免费观看全集,550,20260701,4837
20260701,影视动漫,法国空姐2019(多塞尔航空)抢先版百度2,550,20260701,4838
20260701,影视动漫,天才游戏,550,20260701,4839
20260701,影视动漫,终极一班,550,20260701,4840
20260701,影视动漫,揭秘日,550,20260701,4841
20260701,影视动漫,巡回检察组,549,20260701,4842
20260701,影视动漫,黎明之前,549,20260701,4843
20260701,影视动漫,我的爹系男友泰剧完整版,549,20260701,4844
20260701,影视动漫,一路向西2在线观看免费播放完整版粤语高清,549,20260701,4845
20260701,影视动漫,隋唐演义,549,20260701,4846
20260701,影视动漫,奸臣电影,549,20260701,4847
20260701,影视动漫,王昭君,549,20260701,4848
20260701,影视动漫,中日双语字幕日剧全集百度云,549,20260701,4849
20260701,影视动漫,乔家大院电视剧全集免费观看,549,20260701,4850
20260701,影视动漫,迷墙电视剧剧情介绍,549,20260701,4851
20260701,影视动漫,牧神记86集完整正版在线观看视频,549,20260701,4852
20260701,影视动漫,男生女生一起愁愁愁愁愁愁愁的电视剧,549,20260701,4853
20260701,影视动漫,机智的医生生活 电视剧,549,20260701,4854
20260701,影视动漫,肖申克的救赎 电影,549,20260701,4855
20260701,影视动漫,大理寺少卿游 电视剧,549,20260701,4856
20260701,影视动漫,五哈第6季免费观看高清全集,549,20260701,4857
20260701,影视动漫,《主角》全剧,549,20260701,4858
20260701,影视动漫,女海盗,549,20260701,4859
20260701,影视动漫,"以法为刃,正义传承短剧免费观看",548,20260701,4860
20260701,影视动漫,飞驰人生2 电影,548,20260701,4861
20260701,影视动漫,回复术士之重启人生第二季樱花动漫网,548,20260701,4862
20260701,影视动漫,偷香,548,20260701,4863
20260701,影视动漫,慈禧的秘密在线观看电影版,548,20260701,4864
20260701,影视动漫,莫离剧情简介,548,20260701,4865
20260701,影视动漫,宫崎骏的所有作品电影,548,20260701,4866
20260701,影视动漫,树下有一片红房子,548,20260701,4867
20260701,影视动漫,天蝎座之夜3 电影,548,20260701,4868
20260701,影视动漫,你好星期六2025,548,20260701,4869
20260701,影视动漫,中央6台节目表,547,20260701,4870
20260701,影视动漫,莫离免费观看完整版离,547,20260701,4871
20260701,影视动漫,劳拉的失忆症,547,20260701,4872
20260701,影视动漫,遮天动漫观看视频完整版,547,20260701,4873
20260701,影视动漫,白夜暗影电视剧免费观看,547,20260701,4874
20260701,影视动漫,问心2几点更新,547,20260701,4875
20260701,影视动漫,红果看剧赚钱,546,20260701,4876
20260701,影视动漫,17.3关于性,546,20260701,4877
20260701,影视动漫,日本电影《心理治疗师》,546,20260701,4878
20260701,影视动漫,灿烂的风和海,546,20260701,4879
20260701,影视动漫,王牌对王牌第九季在线观看免费版,546,20260701,4880
20260701,影视动漫,月鳞绮纪电视剧免费观看全集高清,546,20260701,4881
20260701,影视动漫,永不磨灭的番号,545,20260701,4882
20260701,影视动漫,爸爸当家第五季免费观看,545,20260701,4883
20260701,影视动漫,翘楚电视剧免费观看全集完整版高清,545,20260701,4884
20260701,影视动漫,当时只道是卿卿短剧全集免费观看,545,20260701,4885
20260701,影视动漫,外出8,545,20260701,4886
20260701,影视动漫,完美奇遇1982在线观看完整版,545,20260701,4887
20260701,影视动漫,黑兽在线观看,544,20260701,4888
20260701,影视动漫,千香引电视剧完整版,544,20260701,4889
20260701,影视动漫,沦陷台腐剧哪里看,544,20260701,4890
20260701,影视动漫,我们的宿舍第二季,544,20260701,4891
20260701,影视动漫,韩剧金特务:本色回归在线观看,544,20260701,4892
20260701,影视动漫,美女在线观看电视剧韩剧,544,20260701,4893
20260701,影视动漫,爸爸的种子美剧全集免费观看,544,20260701,4894
20260701,影视动漫,赎罪日,544,20260701,4895
20260701,影视动漫,成全两人世界全集观看,544,20260701,4896
20260701,影视动漫,憧憬成为魔法少女 动漫 在线观看,544,20260701,4897
20260701,影视动漫,大唐迷雾电视剧,544,20260701,4898
20260701,影视动漫,罚罪 电视剧,544,20260701,4899
20260701,影视动漫,泰剧《入戏》全集免费看,544,20260701,4900
20260701,影视动漫,freeok追剧也很卷官网,544,20260701,4901
20260701,影视动漫,男生女生向前冲,543,20260701,4902
20260701,影视动漫,交换的一天在线播放免费观看全集电视剧爱奇艺,543,20260701,4903
20260701,影视动漫,韩剧女婿爱上母亲韩剧在线看,543,20260701,4904
20260701,影视动漫,国产免费观看高清电视剧日剧在线看,543,20260701,4905
20260701,影视动漫,《激战厨房2》韩剧在线,543,20260701,4906
20260701,影视动漫,龙之家族第三季在线观看,543,20260701,4907
20260701,影视动漫,欧布奥特曼,543,20260701,4908
20260701,影视动漫,正阳门下,543,20260701,4909
20260701,影视动漫,爱情公寓5,542,20260701,4910
20260701,影视动漫,问心1全集免费观看,542,20260701,4911
20260701,影视动漫,检察官室的提案韩剧免费观看全集,542,20260701,4912
20260701,影视动漫,潮汐,542,20260701,4913
20260701,影视动漫,纸牌屋,542,20260701,4914
20260701,影视动漫,青丝影院,542,20260701,4915
20260701,影视动漫,黑帮大佬和我的三百六十五第2季剧情介绍,542,20260701,4916
20260701,影视动漫,魑魅魍魉,542,20260701,4917
20260701,影视动漫,《金特务:本色回归》在线观看,542,20260701,4918
20260701,影视动漫,大牛影库,542,20260701,4919
20260701,影视动漫,《奔跑吧14季》免费观看全集2026,541,20260701,4920
20260701,影视动漫,地缚少年花子君第二季,541,20260701,4921
20260701,影视动漫,初恋时间在线看全集,541,20260701,4922
20260701,影视动漫,李丽珍经典三部曲是哪些?,541,20260701,4923
20260701,影视动漫,姐妹饲育员动漫全集观看,541,20260701,4924
20260701,影视动漫,骄阳似我电视剧在线观看全集高清,541,20260701,4925
20260701,影视动漫,急诊科医生,540,20260701,4926
20260701,影视动漫,时光代理人英都篇免费观看全集,540,20260701,4927
20260701,影视动漫,雪中悍刀行第二季全集,540,20260701,4928
20260701,影视动漫,奔跑吧兄弟第二季免费观看完整版视频,540,20260701,4929
20260701,影视动漫,电影下载,540,20260701,4930
20260701,影视动漫,为爱闪耀的她,540,20260701,4931
20260701,影视动漫,猫眼专业版实时票房,540,20260701,4932
20260701,影视动漫,25岁的是女高中生,540,20260701,4933
20260701,影视动漫,吴梦梦mv短片,540,20260701,4934
20260701,影视动漫,唐朝诡事录之长安免费观看全集高清剧情解析,539,20260701,4935
20260701,影视动漫,九门2电视剧免费观看全集高清,539,20260701,4936
20260701,影视动漫,夜色撩人,539,20260701,4937
20260701,影视动漫,卧底警花,539,20260701,4938
20260701,影视动漫,黑帮大佬和我的365,539,20260701,4939
20260701,影视动漫,开始推理吧第3季免费完整版,539,20260701,4940
20260701,影视动漫,第一次爱的人免费观看电视剧杨磊在,539,20260701,4941
20260701,影视动漫,白色橄榄树高清在线观看电视剧,539,20260701,4942
20260701,影视动漫,英雄本色,538,20260701,4943
20260701,影视动漫,日常关系 韩剧免费播放在线观看,538,20260701,4944
20260701,影视动漫,忽必烈,538,20260701,4945
20260701,影视动漫,喜羊羊与灰太狼之古古怪界有古怪,538,20260701,4946
20260701,影视动漫,南部档案在线看,538,20260701,4947
20260701,影视动漫,烈火之路穿越无人区短剧,538,20260701,4948
20260701,影视动漫,向着炮火前进,538,20260701,4949
20260701,影视动漫,心动的信号第七季,538,20260701,4950
20260701,影视动漫,初三的六一电视剧全集免费观看,538,20260701,4951
20260701,影视动漫,打狗棍,538,20260701,4952
20260701,影视动漫,成全视频观看免费高清第1季第10集爱奇艺,538,20260701,4953
20260701,影视动漫,果宝特攻,538,20260701,4954
20260701,影视动漫,玫瑰的故事 演员表,538,20260701,4955
20260701,影视动漫,中央新闻直播今天,537,20260701,4956
20260701,影视动漫,吞噬星空动漫在线观看全集免费播放,537,20260701,4957
20260701,影视动漫,《金特务:本色回归》,537,20260701,4958
20260701,影视动漫,18免费观看电视剧全集在线播放韩剧,537,20260701,4959
20260701,影视动漫,逃出惊魂夜,537,20260701,4960
20260701,影视动漫,南部档案电视剧在线看,537,20260701,4961
20260701,影视动漫,咱们结婚吧全集免费观看,537,20260701,4962
20260701,影视动漫,罗马帝国荒诞史 高清在线,537,20260701,4963
20260701,影视动漫,火口的两人日剧完整版在线,537,20260701,4964
20260701,影视动漫,咒术回战第三季,537,20260701,4965
20260701,影视动漫,日常关系韩剧免费播放在线观看,537,20260701,4966
20260701,影视动漫,猫之茗,537,20260701,4967
20260701,影视动漫,爱情可以分割吗动漫全集免费观看,537,20260701,4968
20260701,影视动漫,本色回归,536,20260701,4969
20260701,影视动漫,雷云暴雨,536,20260701,4970
20260701,影视动漫,北平无战事 电视剧,536,20260701,4971
20260701,影视动漫,美景之屋3韩剧国语版在线完整版,536,20260701,4972
20260701,影视动漫,新任女教师,536,20260701,4973
20260701,影视动漫,隔壁的女孩2,536,20260701,4974
20260701,影视动漫,生万物的演员表,536,20260701,4975
20260701,影视动漫,神奇宝贝百科,535,20260701,4976
20260701,影视动漫,隐秘的角落 电视剧,535,20260701,4977
20260701,影视动漫,夫妇联欢~回不去的夜晚~樱花结局,535,20260701,4978
20260701,影视动漫,王贵与安娜免费完整版电视剧全集,535,20260701,4979
20260701,影视动漫,乐球免费直播(无插件),535,20260701,4980
20260701,影视动漫,活佛济公,535,20260701,4981
20260701,影视动漫,金特务本色回归全集,535,20260701,4982
20260701,影视动漫,余生请多指教免费观看全集高清版,535,20260701,4983
20260701,影视动漫,疯狂动物城电影完整版免费观看,535,20260701,4984
20260701,影视动漫,明星大侦探第三季免费观看完整版,535,20260701,4985
20260701,影视动漫,免费看电视剧,535,20260701,4986
20260701,影视动漫,足球宝贝高清在线观看完整版,535,20260701,4987
20260701,影视动漫,骆驼祥子,534,20260701,4988
20260701,影视动漫,权欲之巅韩剧在线看全集高清,534,20260701,4989
20260701,影视动漫,足球直播cctv5在线直播观看cctv5,534,20260701,4990
20260701,影视动漫,森林熊先生冬眠的动漫,534,20260701,4991
20260701,影视动漫,海市蜃楼,534,20260701,4992
20260701,影视动漫,后妈,534,20260701,4993
20260701,影视动漫,白色橄榄树,534,20260701,4994
20260701,影视动漫,女婿2,534,20260701,4995
20260701,影视动漫,花千骨免费观看完整版视频,534,20260701,4996
20260701,影视动漫,淞沪会战,533,20260701,4997
20260701,影视动漫,低智商犯罪 电视剧 在线观看,533,20260701,4998
20260701,影视动漫,少女派别,533,20260701,4999
20260701,影视动漫,岁月有情时,533,20260701,5000
20260701,影视动漫,牧神记动漫在线观看完整版免费,533,20260701,5001
20260701,影视动漫,windows10高清免费观看,533,20260701,5002
20260701,影视动漫,人皮高跟鞋,533,20260701,5003
20260701,影视动漫,爱情季节泰剧全集完整免费观看,533,20260701,5004
20260701,影视动漫,成全高清完整版大全,533,20260701,5005
20260701,影视动漫,暴躁甜妹国语高清下载百度云,533,20260701,5006
20260701,影视动漫,漂亮保姆,533,20260701,5007
20260701,影视动漫,貂蝉,532,20260701,5008
20260701,影视动漫,美景之屋韩剧在线观看免费,532,20260701,5009
20260701,影视动漫,请回答1988,532,20260701,5010
20260701,影视动漫,《美容院5:特殊待遇》百度百科,532,20260701,5011
20260701,影视动漫,凡人修仙传177-180集,532,20260701,5012
20260701,影视动漫,吞噬星空在线观看免费全集,532,20260701,5013
20260701,影视动漫,《夏与箱》动漫1-2集在线观看,532,20260701,5014
20260701,影视动漫,鬼灭之刃无限城篇电影观看,532,20260701,5015
20260701,影视动漫,爱情公寓2免费观看,532,20260701,5016
20260701,影视动漫,马交配视频,532,20260701,5017
20260701,影视动漫,相亲对象是强硬问题儿学生,532,20260701,5018
20260701,影视动漫,狱乱情迷,532,20260701,5019
20260701,影视动漫,在线观看免费观看在线nba17.,531,20260701,5020
20260701,影视动漫,爱情与灵药,531,20260701,5021
20260701,影视动漫,地缚少年花子君第一季,531,20260701,5022
20260701,影视动漫,tv5直播cctv5直播,531,20260701,5023
20260701,影视动漫,一路向西电影完整版百度网盘,531,20260701,5024
20260701,影视动漫,怪兽8号,531,20260701,5025
20260701,影视动漫,火口的两人日剧完整版在线看,531,20260701,5026
20260701,影视动漫,新金瓶电视剧1-5集在线观看免费高清,531,20260701,5027
20260701,影视动漫,回复术士的重来人生2季真人版,530,20260701,5028
20260701,影视动漫,钢索危情,530,20260701,5029
20260701,影视动漫,《我的女友是魅魔》动漫,530,20260701,5030
20260701,影视动漫,第一次,530,20260701,5031
20260701,影视动漫,海阔天空,530,20260701,5032
20260701,影视动漫,鸭王3,530,20260701,5033
20260701,影视动漫,胡乱深见君相似的动漫有哪些,530,20260701,5034
20260701,影视动漫,出轨电影,530,20260701,5035
20260701,影视动漫,女人的战争韩剧未删减版在线观看,529,20260701,5036
20260701,影视动漫,非凡医者免费观看全集电视剧,529,20260701,5037
20260701,影视动漫,中国通史,529,20260701,5038
20260701,影视动漫,诺曼底登陆,529,20260701,5039
20260701,影视动漫,cctv5  节目表,529,20260701,5040
20260701,影视动漫,短剧x家族综艺在线播放免费观看,529,20260701,5041
20260701,影视动漫,欢乐家长群第2季,529,20260701,5042
20260701,影视动漫,我的青梅竹马是消防员第二季未删减百度云下载,529,20260701,5043
20260701,影视动漫,查泰莱夫人1993年原版,529,20260701,5044
20260701,影视动漫,美人在线观看完整版韩剧免费播放,529,20260701,5045
20260701,影视动漫,黑路天网,529,20260701,5046
20260701,影视动漫,青柠影院在线观看免费高清电视剧的,529,20260701,5047
20260701,影视动漫,盘丝洞,529,20260701,5048
20260701,影视动漫,公主恋人,529,20260701,5049
20260701,影视动漫,喜欢你我也是6季免费观看全集高清,529,20260701,5050
20260701,影视动漫,蛮好的人生1-36全集完整版,529,20260701,5051
20260701,影视动漫,治疗师4集全剧免费观看高清版,528,20260701,5052
20260701,影视动漫,高柳家动漫1-4集免费观看全集在线,528,20260701,5053
20260701,影视动漫,不雅空乘2019(多塞尔航空)抢先版百度,528,20260701,5054
20260701,影视动漫,越狱第一季高清在线观看,528,20260701,5055
20260701,影视动漫,复仇者联盟,528,20260701,5056
20260701,影视动漫,大开眼界电影完整在线看,528,20260701,5057
20260701,影视动漫,心动预测(猜猜爱)泰剧,528,20260701,5058
20260701,影视动漫,bnb98八度影院免费观看电视剧最新影视先锋,528,20260701,5059
20260701,影视动漫,我的阿勒泰,528,20260701,5060
20260701,影视动漫,隋唐英雄传,527,20260701,5061
20260701,影视动漫,《憧憬成为魔法少女》,527,20260701,5062
20260701,影视动漫,迪拜的女孩,527,20260701,5063
20260701,影视动漫,cctv5 体育频道,527,20260701,5064
20260701,影视动漫,戏剧性谋杀,527,20260701,5065
20260701,影视动漫,举起手来,527,20260701,5066
20260701,影视动漫,双轨电视剧免费观看全集在线播放,527,20260701,5067
20260701,影视动漫,中央一套正在直播,527,20260701,5068
20260701,影视动漫,国产片,527,20260701,5069
20260701,影视动漫,斗罗大陆动漫观看樱花动漫影院,527,20260701,5070
20260701,影视动漫,马交配,527,20260701,5071
20260701,影视动漫,活着 电影,527,20260701,5072
20260701,影视动漫,不扣钮的女孩,527,20260701,5073
20260701,影视动漫,与僧侣交合的色欲之夜,526,20260701,5074
20260701,影视动漫,麻花传剧mv观看完整版百度网盘沈,526,20260701,5075
20260701,影视动漫,纯洁的轮舞曲动漫完整版动漫在线播放,526,20260701,5076
20260701,影视动漫,在异世界迷宫开后宫,526,20260701,5077
20260701,影视动漫,狂潮4,526,20260701,5078
20260701,影视动漫,爱神巧克力,526,20260701,5079
20260701,影视动漫,八段锦国家体育总局口令版带呼吸,526,20260701,5080
20260701,影视动漫,秦时明月,526,20260701,5081
20260701,影视动漫,天官赐福动漫第一季,526,20260701,5082
20260701,影视动漫,擦边短剧,526,20260701,5083
20260701,影视动漫,秘密花园高清国语版背景故事,526,20260701,5084
20260701,影视动漫,男人的天堂,526,20260701,5085
20260701,影视动漫,走向共和 电视剧,525,20260701,5086
20260701,影视动漫,乘风破浪2026,525,20260701,5087
20260701,影视动漫,千香免费完整版电视剧高清在线观看,525,20260701,5088
20260701,影视动漫,凡人动漫在线播放完整版高清免费,525,20260701,5089
20260701,影视动漫,老牛影院在线观看电视剧百度云无删减,525,20260701,5090
20260701,影视动漫,云秀行电视剧免费观看全集在线播放,525,20260701,5091
20260701,影视动漫,香港奇案之,525,20260701,5092
20260701,影视动漫,死寂,525,20260701,5093
20260701,影视动漫,巴黎航空空姐电影,525,20260701,5094
20260701,影视动漫,神话,525,20260701,5095
20260701,影视动漫,就算是爸爸,525,20260701,5096
20260701,影视动漫,《奔跑吧》第十四季,525,20260701,5097
20260701,影视动漫,央视五套直播在线直播观看,525,20260701,5098
20260701,影视动漫,昨夜将至在线观看全集免费高清,524,20260701,5099
20260701,影视动漫,欲燃撒哈拉在线观看电影,524,20260701,5100
20260701,影视动漫,大宅门 电视剧,524,20260701,5101
20260701,影视动漫,灵魂摆渡第一季,524,20260701,5102
20260701,影视动漫,丁禹兮演过的所有电视剧,524,20260701,5103
20260701,影视动漫,岛根恋爱季节电视剧全集免费观看百度网盘,524,20260701,5104
20260701,影视动漫,甜蜜惩罚我是看守专用宠物,524,20260701,5105
20260701,影视动漫,胡桃大战史莱姆视频动画在线观看韩剧,524,20260701,5106
20260701,影视动漫,继承者们,523,20260701,5107
20260701,影视动漫,异人之下电视剧在线观看,523,20260701,5108
20260701,影视动漫,西厢记,523,20260701,5109
20260701,影视动漫,免费电影网站,523,20260701,5110
20260701,影视动漫,生万物 电视剧,523,20260701,5111
20260701,影视动漫,中文字幕完整版视频-nhk纪录片:731部队,523,20260701,5112
20260701,影视动漫,芳华,523,20260701,5113
20260701,影视动漫,流萤被困列车全集完整版免费,523,20260701,5114
20260701,影视动漫,好女孩,523,20260701,5115
20260701,影视动漫,江南1970,523,20260701,5116
20260701,影视动漫,爱情人间烟火电视剧在线观看,523,20260701,5117
20260701,影视动漫,我爱男保姆电视剧完整版在线观看芒果tv,522,20260701,5118
20260701,影视动漫,流光之下电视剧免费观看完整版高清影视大全,522,20260701,5119
20260701,影视动漫,yy777高清免费影院入口,522,20260701,5120
20260701,影视动漫,大秦帝国之裂变 2009,522,20260701,5121
20260701,影视动漫,《延禧攻略》电视剧,522,20260701,5122
20260701,影视动漫,我的老师,522,20260701,5123
20260701,影视动漫,芸汐传,522,20260701,5124
20260701,影视动漫,假面骑士极狐,522,20260701,5125
20260701,影视动漫,破浪男女,522,20260701,5126
20260701,影视动漫,世界上不安的 人,522,20260701,5127
20260701,影视动漫,飞哥大英雄免费全集,521,20260701,5128
20260701,影视动漫,2026电影,521,20260701,5129
20260701,影视动漫,推拿,521,20260701,5130
20260701,影视动漫,产科医生,521,20260701,5131
20260701,影视动漫,密爱电影韩剧完整版在线播放中文版,521,20260701,5132
20260701,影视动漫,郝蕾颐和园,521,20260701,5133
20260701,影视动漫,以家人之名 电视剧,521,20260701,5134
20260701,影视动漫,七时吉祥全集免费观看电视剧完整版,521,20260701,5135
20260701,影视动漫,痴迷电影,521,20260701,5136
20260701,影视动漫,广东体育频道直播,521,20260701,5137
20260701,影视动漫,杉杉来了电视剧全集免费完整版,521,20260701,5138
20260701,影视动漫,战长沙,521,20260701,5139
20260701,影视动漫,不忠在线观看免费全集电视剧高清韩剧,521,20260701,5140
20260701,影视动漫,《交换:年轻夫妇》HD,521,20260701,5141
20260701,影视动漫,借种电影1完整版,520,20260701,5142
20260701,影视动漫,遮天动漫,520,20260701,5143
20260701,影视动漫,白夜暗影全集免费播放在线观看(2026),520,20260701,5144
20260701,影视动漫,破处,520,20260701,5145
20260701,影视动漫,仙逆动漫在线观看全集,520,20260701,5146
20260701,影视动漫,爱豆tv,520,20260701,5147
20260701,影视动漫,罚罪1电视剧全集免费播放完整版高清,520,20260701,5148
20260701,影视动漫,兽性新人类2之失忆症国语百度云,520,20260701,5149
20260701,影视动漫,猎罪图鉴 电视剧,520,20260701,5150
20260701,影视动漫,催眠性格指导一到六集樱花动漫,520,20260701,5151
20260701,影视动漫,打蛇,520,20260701,5152
20260701,影视动漫,小城大事电视剧免费观看全集完整版,520,20260701,5153
20260701,影视动漫,动物世界,520,20260701,5154
20260701,影视动漫,欢乐颂1,520,20260701,5155
20260701,影视动漫,3-5分钟人性短片,519,20260701,5156
20260701,影视动漫,少男少女,519,20260701,5157
20260701,影视动漫,爸爸的特殊治疗第2集,519,20260701,5158
20260701,影视动漫,邵氏经典电影,519,20260701,5159
20260701,影视动漫,奔跑吧第二季,519,20260701,5160
20260701,影视动漫,同房视频,519,20260701,5161
20260701,影视动漫,良辰美景,519,20260701,5162
20260701,影视动漫,金特务电视剧全集在线观看,519,20260701,5163
20260701,影视动漫,昨夜将至电视剧什么时候播放,519,20260701,5164
20260701,影视动漫,高校教师电影,519,20260701,5165
20260701,影视动漫,爷们儿电视剧高清免费完整版,519,20260701,5166
20260701,影视动漫,《无岸》全集16集,519,20260701,5167
20260701,影视动漫,朝闻天下,519,20260701,5168
20260701,影视动漫,泰剧《爱情契约》电视剧,519,20260701,5169
20260701,影视动漫,达顿牧场第一季,519,20260701,5170
20260701,影视动漫,斩赤红之瞳,519,20260701,5171
20260701,影视动漫,超模之战,519,20260701,5172
20260701,影视动漫,床戏替身,519,20260701,5173
20260701,影视动漫,第九影院,518,20260701,5174
20260701,影视动漫,鲁冰花,518,20260701,5175
20260701,影视动漫,朝雪录,518,20260701,5176
20260701,影视动漫,翘楚免费观看,518,20260701,5177
20260701,影视动漫,夏家三千金,518,20260701,5178
20260701,影视动漫,原神同人动画片子免费观看版全集在线观看,518,20260701,5179
20260701,影视动漫,长安二十四计,518,20260701,5180
20260701,影视动漫,午马影院免费观看电视剧电影,518,20260701,5181
20260701,影视动漫,摩登家庭第一季在线观看全集免费,518,20260701,5182
20260701,影视动漫,宫锁心玉,518,20260701,5183
20260701,影视动漫,挠痒痒视频,518,20260701,5184
20260701,影视动漫,可疑的理发店,518,20260701,5185
20260701,影视动漫,还珠格格第一部,517,20260701,5186
20260701,影视动漫,不雅之举动漫免费观看完整版高清,517,20260701,5187
20260701,影视动漫,探索者的羽翼,517,20260701,5188
20260701,影视动漫,缘之空全集完整版在线观看,517,20260701,5189
20260701,影视动漫,对手 电视剧,517,20260701,5190
20260701,影视动漫,中央六套节目表,517,20260701,5191
20260701,影视动漫,喜欢你我也是6季免费全集,517,20260701,5192
20260701,影视动漫,大米星球netflix官网,517,20260701,5193
20260701,影视动漫,南部档案全剧观看,517,20260701,5194
20260701,影视动漫,爱情公寓4,516,20260701,5195
20260701,影视动漫,娜娜,516,20260701,5196
20260701,影视动漫,樱花动漫专门专注动漫的门户网站的,516,20260701,5197
20260701,影视动漫,棒棒大扔子46集免费观看电视剧,516,20260701,5198
20260701,影视动漫,给阿妈的情书免费观看电视剧完整版,516,20260701,5199
20260701,影视动漫,小辣椒2美国版,516,20260701,5200
20260701,影视动漫,护心电视剧免费观看全集在线播放,516,20260701,5201
20260701,影视动漫,假面浮沉短剧免费观看,516,20260701,5202
20260701,影视动漫,消失的人电影完整版在线观看,516,20260701,5203
20260701,影视动漫,铁拳教育韩剧在线观看免费版完整版,516,20260701,5204
20260701,影视动漫,魔都精兵,515,20260701,5205
20260701,影视动漫,吻戏原声,515,20260701,5206
20260701,影视动漫,楚乔传第二部第103集,515,20260701,5207
20260701,影视动漫,摇曳庄的幽奈小姐,515,20260701,5208
20260701,影视动漫,夫妻圆满秘诀第一季,515,20260701,5209
20260701,影视动漫,且试天下免费观看全集,515,20260701,5210
20260701,影视动漫,仙逆动漫在线观看高清完整版,515,20260701,5211
20260701,影视动漫,八段锦国家体育总局口令版,515,20260701,5212
20260701,影视动漫,问心2电视剧全集免费观看完整版星辰影院,515,20260701,5213
20260701,影视动漫,马斯克身价多少亿人民币,515,20260701,5214
20260701,影视动漫,王楚然主演的电视剧,515,20260701,5215
20260701,影视动漫,三年中文在线看完整版百度,515,20260701,5216
20260701,影视动漫,鬼新娘,515,20260701,5217
20260701,影视动漫,中央五套5节目表,514,20260701,5218
20260701,影视动漫,蝴蝶楼惊魂在线观看完整,514,20260701,5219
20260701,影视动漫,法国空姐2024满天星法版:星辉照耀下的职业光芒,514,20260701,5220
20260701,影视动漫,赵丽颖演的电视剧,514,20260701,5221
20260701,影视动漫,总之就是非常可爱,514,20260701,5222
20260701,影视动漫,死神千年血战篇第三季,514,20260701,5223
20260701,影视动漫,心口不一泰剧完整未删减版百度云,514,20260701,5224
20260701,影视动漫,林正英僵尸片经典电影,514,20260701,5225
20260701,影视动漫,最新电影2026年,514,20260701,5226
20260701,影视动漫,爱情有烟火免费全集观看,514,20260701,5227
20260701,影视动漫,世界尽头的爱 电影,514,20260701,5228
20260701,影视动漫,囧次元动漫app无广告版本下载安装,514,20260701,5229
20260701,影视动漫,下一站婚姻 电视剧,514,20260701,5230
20260701,影视动漫,赤欲情花,513,20260701,5231
20260701,影视动漫,90分钟,513,20260701,5232
20260701,影视动漫,抓特务电影完整版,513,20260701,5233
20260701,影视动漫,夫人的回复术动漫观看,513,20260701,5234
20260701,影视动漫,红楼十八春电影完整版在线观看,513,20260701,5235
20260701,影视动漫,小猪佩奇1—156集免费,513,20260701,5236
20260701,影视动漫,免费观看150分钟高清电视剧电影小女,512,20260701,5237
20260701,影视动漫,擅长捉弄的高木同学,512,20260701,5238
20260701,影视动漫,抖音火山版,512,20260701,5239
20260701,影视动漫,无可奈何,512,20260701,5240
20260701,影视动漫,xl司令动漫第一季在线观看完整版无删减,512,20260701,5241
20260701,影视动漫,黑兽2,512,20260701,5242
20260701,影视动漫,下水道的美人鱼,512,20260701,5243
20260701,影视动漫,种墨园电视剧免费播放,512,20260701,5244
20260701,影视动漫,冰雨火 电视剧,512,20260701,5245
20260701,影视动漫,生命树免费观看40集全集,512,20260701,5246
20260701,影视动漫,南部档案电视剧高清观看,512,20260701,5247
20260701,影视动漫,《保姆》,512,20260701,5248
20260701,影视动漫,喜爱夜蒲3,511,20260701,5249
20260701,影视动漫,60分钟爱情免费观看电视剧大全百度云,511,20260701,5250
20260701,影视动漫,仙剑奇侠传三 电视剧,511,20260701,5251
20260701,影视动漫,风云太白山剧情介绍,511,20260701,5252
20260701,影视动漫,韩剧圈,511,20260701,5253
20260701,影视动漫,十九岁日本电影免费完整版观看逃武,511,20260701,5254
20260701,影视动漫,《金鸳鸯》电影,511,20260701,5255
20260701,影视动漫,央视cctv5直播在线观看,511,20260701,5256
20260701,影视动漫,罚罪1,511,20260701,5257
20260701,影视动漫,为什么老师会出现在这里在线观看箴言书,510,20260701,5258
20260701,影视动漫,都铎王朝,510,20260701,5259
20260701,影视动漫,红海行动电影完整播放在线观看,510,20260701,5260
20260701,影视动漫,甜蜜暴击,510,20260701,5261
20260701,影视动漫,男生女生一起拆拆拆拆拆拆轮滑鞋,510,20260701,5262
20260701,影视动漫,忙忙碌碌寻宝藏第一季在线看,510,20260701,5263
20260701,影视动漫,在暴雪时分 电视剧,510,20260701,5264
20260701,影视动漫,黑暗荣耀无删减韩剧在线播放,510,20260701,5265
20260701,影视动漫,老刘说江湖,510,20260701,5266
20260701,影视动漫,中文字幕电影观看高清完整版在线观看熊出没重,510,20260701,5267
20260701,影视动漫,一念永恒第三季动漫在线观看,510,20260701,5268
20260701,影视动漫,红岩,509,20260701,5269
20260701,影视动漫,免费观看日本大片高清版电视剧网站,509,20260701,5270
20260701,影视动漫,男男电影,509,20260701,5271
20260701,影视动漫,十万个为什么作者是谁,509,20260701,5272
20260701,影视动漫,CCTV5咪咕视频直播,509,20260701,5273
20260701,影视动漫,黑寡妇,509,20260701,5274
20260701,影视动漫,上流社会电影,509,20260701,5275
20260701,影视动漫,岳云鹏《悬案》在线播放,509,20260701,5276
20260701,影视动漫,贼王,509,20260701,5277
20260701,影视动漫,《主角》1-40集观看,509,20260701,5278
20260701,影视动漫,堀与宫村,509,20260701,5279
20260701,影视动漫,人间中毒韩剧在线观看,509,20260701,5280
20260701,影视动漫,夫妻,509,20260701,5281
20260701,影视动漫,火遮眼电影在线观看免费完整版,509,20260701,5282
20260701,影视动漫,滤镜电视剧免费观看全集高清百度网盘,508,20260701,5283
20260701,影视动漫,千香电视剧免费看,508,20260701,5284
20260701,影视动漫,十一天十一夜,508,20260701,5285
20260701,影视动漫,在异世界迷宫开后宫2在线观看,508,20260701,5286
20260701,影视动漫,四分钟泰剧完整未删减版在哪看,508,20260701,5287
20260701,影视动漫,抖音网页版入口直接打开,508,20260701,5288
20260701,影视动漫,小花仙,508,20260701,5289
20260701,影视动漫,夏至未至,508,20260701,5290
20260701,影视动漫,淮水竹亭电视剧免费观看全集,508,20260701,5291
20260701,影视动漫,盗墓笔记电视剧,508,20260701,5292
20260701,影视动漫,苍兰诀,508,20260701,5293
20260701,影视动漫,爱情公寓四免费高清在线观看完整版国语,508,20260701,5294
20260701,影视动漫,恋恋不忘 电视剧免费观看,508,20260701,5295
20260701,影视动漫,昨夜将至电视剧全集免费,508,20260701,5296
20260701,影视动漫,秘书电影,507,20260701,5297
20260701,影视动漫,幸福又见彩虹剧情介绍,507,20260701,5298
20260701,影视动漫,消失的凶手电视剧免费观看完整版高清,507,20260701,5299
20260701,影视动漫,九首歌电影,507,20260701,5300
20260701,影视动漫,泰剧knot全集免费观看,507,20260701,5301
20260701,影视动漫,床伴泰剧最后在一起了吗,507,20260701,5302
20260701,影视动漫,唐人街探案4,506,20260701,5303
20260701,影视动漫,猫娘乐园,506,20260701,5304
20260701,影视动漫,她唇之下在线观看完整电视剧全集,506,20260701,5305
20260701,影视动漫,马大帅1第一部,506,20260701,5306
20260701,影视动漫,迦楠大人的白给是恶魔级,506,20260701,5307
20260701,影视动漫,策驰影视2026最新电影,506,20260701,5308
20260701,影视动漫,千香电视剧免费观看全集完整版高清下载百度云,506,20260701,5309
20260701,影视动漫,电影《金屋春宵》,506,20260701,5310
20260701,影视动漫,脱口秀和ta的朋友们第三季 在线观看,506,20260701,5311
20260701,影视动漫,爱的契约电视剧全集在线观看免费,506,20260701,5312
20260701,影视动漫,魔咒,506,20260701,5313
20260701,影视动漫,cctv直播,506,20260701,5314
20260701,影视动漫,罗曼蒂克消亡史,506,20260701,5315
20260701,影视动漫,锦心似玉 电视剧,506,20260701,5316
20260701,影视动漫,奔跑吧第五季,506,20260701,5317
20260701,影视动漫,中餐厅非洲创业季,505,20260701,5318
20260701,影视动漫,《我是妈妈》1-60集,505,20260701,5319
20260701,影视动漫,天气预爆,505,20260701,5320
20260701,影视动漫,女孩自愈MV短片高清,505,20260701,5321
20260701,影视动漫,武神主宰,505,20260701,5322
20260701,影视动漫,追剧达人app官方正版下载,505,20260701,5323
20260701,影视动漫,红色,505,20260701,5324
20260701,影视动漫,加勒比海盗里的女海盗,505,20260701,5325
20260701,影视动漫,萌鸡小队动画片全集中文版免费观看,505,20260701,5326
20260701,影视动漫,黑帮少爷爱上我,505,20260701,5327
20260701,影视动漫,功夫电影免费观看完整版国语高清,505,20260701,5328
20260701,影视动漫,美发沙龙3,505,20260701,5329
20260701,影视动漫,当我飞奔向你全集观看,505,20260701,5330
20260701,影视动漫,爸爸当家第四季免费观看完整版高清,505,20260701,5331
20260701,影视动漫,age动漫官网,505,20260701,5332
20260701,影视动漫,17.3电视剧在线观看免费,504,20260701,5333
20260701,影视动漫,大丈夫电视剧全集免费完整版,504,20260701,5334
20260701,影视动漫,爱情有烟火电视剧免费全集,504,20260701,5335
20260701,影视动漫,免费观看已满19岁电视剧日剧,504,20260701,5336
20260701,影视动漫,韩国女团惊艳片段mv,504,20260701,5337
20260701,影视动漫,少女派别第一季,504,20260701,5338
20260701,影视动漫,上瘾,504,20260701,5339
20260701,影视动漫,半熟恋人5免费综艺完整版在线观看最新,504,20260701,5340
20260701,影视动漫,最好的我们 电视剧,504,20260701,5341
20260701,影视动漫,隐藏的面孔电影完整版未删减在线观看,504,20260701,5342
20260701,影视动漫,红豆视频,504,20260701,5343
20260701,影视动漫,绝密543,504,20260701,5344
20260701,影视动漫,泰圈,504,20260701,5345
20260701,影视动漫,顶楼的大象,503,20260701,5346
20260701,影视动漫,鬼吹灯十二部顺序观看,503,20260701,5347
20260701,影视动漫,兵临城下,503,20260701,5348
20260701,影视动漫,重出江湖电影免费观看,503,20260701,5349
20260701,影视动漫,九首歌 电影,503,20260701,5350
20260701,影视动漫,丁香花高清电视剧观看,503,20260701,5351
20260701,影视动漫,少年白马醉春风免费版电视剧,503,20260701,5352
20260701,影视动漫,八佰 电影,503,20260701,5353
20260701,影视动漫,晚风告白电影在线观看,502,20260701,5354
20260701,影视动漫,无间道,502,20260701,5355
20260701,影视动漫,我的姑娘国语版高清百度云,502,20260701,5356
20260701,影视动漫,仙逆动漫,502,20260701,5357
20260701,影视动漫,美女电影,502,20260701,5358
20260701,影视动漫,成全在线看高清完整版视频,502,20260701,5359
20260701,影视动漫,《健身的女孩们》,502,20260701,5360
20260701,影视动漫,鬼灭之刃第一季免费观看,502,20260701,5361
20260701,影视动漫,尽管爱电影在线观看完整免费高清,502,20260701,5362
20260701,影视动漫,《四渡》2026版在线看,502,20260701,5363
20260701,影视动漫,脱缰凯搞笑视频,502,20260701,5364
20260701,影视动漫,校园之外美剧,502,20260701,5365
20260701,影视动漫,泡在我家的辣妹动漫第一季樱花动漫,502,20260701,5366
20260701,影视动漫,天气之子,501,20260701,5367
20260701,影视动漫,墨雨云间电视剧,501,20260701,5368
20260701,影视动漫,醒来电视剧,501,20260701,5369
20260701,影视动漫,cctv5 现场直播观看正在直播,501,20260701,5370
20260701,影视动漫,前度在线观看完整,501,20260701,5371
20260701,影视动漫,晚上睡不着的大片,501,20260701,5372
20260701,影视动漫,情书,501,20260701,5373
20260701,影视动漫,美丽姑娘国语版普通话版百度云资源,501,20260701,5374
20260701,影视动漫,pinkerton动漫,501,20260701,5375
20260701,影视动漫,邻居同居日剧在线观看完整免费星辰,501,20260701,5376
20260701,影视动漫,夏日暗涌 电影,501,20260701,5377
20260701,影视动漫,你的爹系男友泰剧免费观看全集在线播放中文,501,20260701,5378
20260701,影视动漫,妻子的浪漫旅行,501,20260701,5379
20260701,影视动漫,善意的竞争,501,20260701,5380
20260701,影视动漫,刀剑神域,501,20260701,5381
20260701,影视动漫,飘雪在线观看完整视频,501,20260701,5382
20260701,影视动漫,勇敢者游戏,501,20260701,5383
20260701,影视动漫,天定良元电视剧,500,20260701,5384
20260701,影视动漫,宇宙天魔,500,20260701,5385
20260701,影视动漫,情深深雨蒙蒙电视连续剧,500,20260701,5386
20260701,影视动漫,金特务本色回归韩剧免费观看,500,20260701,5387
20260701,影视动漫,爱我多深意大利电影完整在线观看,500,20260701,5388
20260701,影视动漫,紧扣的星星,500,20260701,5389
20260701,影视动漫,奋斗,500,20260701,5390
20260701,影视动漫,wow english英语启蒙全集,500,20260701,5391
20260701,影视动漫,爱情没有神话40集免费观看,500,20260701,5392
20260701,影视动漫,小鱼儿与花无缺,500,20260701,5393
20260701,影视动漫,母亲,500,20260701,5394
20260701,影视动漫,海边的异邦人,499,20260701,5395
20260701,影视动漫,眼保健操视频(完整示范版),499,20260701,5396
20260701,影视动漫,图书馆的女朋友第一季完整版动漫,499,20260701,5397
20260701,影视动漫,走向共和,499,20260701,5398
20260701,影视动漫,莫离1-40集免费观看剧情,499,20260701,5399
20260701,影视动漫,第七影院,499,20260701,5400
20260701,影视动漫,芭比电影系列大全,499,20260701,5401
20260701,影视动漫,汉武大帝 电视剧,499,20260701,5402
20260701,影视动漫,排球少年,499,20260701,5403
20260701,影视动漫,桃花坞第6季免费完整版,498,20260701,5404
20260701,影视动漫,大地影院,498,20260701,5405
20260701,影视动漫,李卫当官第一部,498,20260701,5406
20260701,影视动漫,弟弟的女朋友,498,20260701,5407
20260701,影视动漫,油管youtube官网下载,498,20260701,5408
20260701,影视动漫,cctv5节目,498,20260701,5409
20260701,影视动漫,太平年电视剧,498,20260701,5410
20260701,影视动漫,麻花传剧原创MV免费播放观看,498,20260701,5411
20260701,影视动漫,急诊科医生在线观看全集免费,497,20260701,5412
20260701,影视动漫,千香引电视剧全集免费观看,497,20260701,5413
20260701,影视动漫,火山口的两小人电影在线观看,497,20260701,5414
20260701,影视动漫,九品芝麻官,497,20260701,5415
20260701,影视动漫,喜欢你我也是第6季免费观看完整版高清,497,20260701,5416
20260701,影视动漫,央视新闻直播,497,20260701,5417
20260701,影视动漫,难哄,497,20260701,5418
20260701,影视动漫,甜蜜家园,497,20260701,5419
20260701,影视动漫,柔铺团之极宝乐鉴普通话完整版电影百度云盘,496,20260701,5420
20260701,影视动漫,三年大片全免费观看国语版,496,20260701,5421
20260701,影视动漫,章子怡大度电影原声,496,20260701,5422
20260701,影视动漫,高压监狱满天星免费观看电影,496,20260701,5423
20260701,影视动漫,外出 电影在线观看,496,20260701,5424
20260701,影视动漫,电梯小姐,496,20260701,5425
20260701,影视动漫,屠夫小姐韩剧无删减版在线观看,496,20260701,5426
20260701,影视动漫,倚天屠龙记吴启华版,496,20260701,5427
20260701,影视动漫,人与动物2免费观看完整版电影国语下载百度网盘,496,20260701,5428
20260701,影视动漫,新闻联播直播 在线直播,496,20260701,5429
20260701,影视动漫,驻站演员表,496,20260701,5430
20260701,影视动漫,兽娘通信牛娘贝尔第一集免费观看,496,20260701,5431
20260701,影视动漫,闪闪的儿科医生,495,20260701,5432
20260701,影视动漫,2026电视剧最近热播排行榜,495,20260701,5433
20260701,影视动漫,张译主演的全部电视剧,495,20260701,5434
20260701,影视动漫,高冷的抖m 第一季,495,20260701,5435
20260701,影视动漫,爱情契约泰剧免费观看双男主电视剧,495,20260701,5436
20260701,影视动漫,加勒比女海盗1 黑珍珠号的诅咒,495,20260701,5437
20260701,影视动漫,孤狼,495,20260701,5438
20260701,影视动漫,熊出没之年年有熊电影,495,20260701,5439
20260701,影视动漫,赴山海,495,20260701,5440
20260701,影视动漫,无赦之仇韩国电影完整版免费观看中文,495,20260701,5441
20260701,影视动漫,昼颜,495,20260701,5442
20260701,影视动漫,忍者神龟,495,20260701,5443
20260701,影视动漫,我的山与海电视剧,495,20260701,5444
20260701,影视动漫,天地剑心电视剧在线观看,495,20260701,5445
20260701,影视动漫,宝马山奇案,495,20260701,5446
20260701,影视动漫,央视网官网,495,20260701,5447
20260701,影视动漫,艾斯奥特曼,494,20260701,5448
20260701,影视动漫,120分钟韩剧免费高清电视剧在线观看,494,20260701,5449
20260701,影视动漫,蜗牛视频,494,20260701,5450
20260701,影视动漫,绝密较量,494,20260701,5451
20260701,影视动漫,缘之空全集无删减完整版,494,20260701,5452
20260701,影视动漫,肉体的恶魔 电影 恐怖片,494,20260701,5453
20260701,影视动漫,电影日本《夏日暗涌》,494,20260701,5454
20260701,影视动漫,浴血广昌,494,20260701,5455
20260701,影视动漫,电影大全,494,20260701,5456
20260701,影视动漫,同级生动漫全集完整版百度网盘,494,20260701,5457
20260701,影视动漫,夜童,494,20260701,5458
20260701,影视动漫,尸奶俱乐部恐怖电影,494,20260701,5459
20260701,影视动漫,在线高清免费观看国语版全集,494,20260701,5460
20260701,影视动漫,《问心》1,494,20260701,5461
20260701,影视动漫,人是铁饭是钢电视剧免费播放,494,20260701,5462
20260701,影视动漫,小草助手TV版官方下载,494,20260701,5463
20260701,影视动漫,西游记后传,493,20260701,5464
20260701,影视动漫,高压监狱在线观看完整免费高清百度,493,20260701,5465
20260701,影视动漫,激情森林泰山归来意大利完整版,493,20260701,5466
20260701,影视动漫,东方保姆,493,20260701,5467
20260701,影视动漫,恩娇韩剧在线观看完整版免费星辰影院,493,20260701,5468
20260701,影视动漫,草民影院,493,20260701,5469
20260701,影视动漫,电影法国空姐,493,20260701,5470
20260701,影视动漫,中央新闻13频道直播,493,20260701,5471
20260701,影视动漫,《胶囊旅馆》动漫类似,493,20260701,5472
20260701,影视动漫,央视直播在线直播观看CCTV5,493,20260701,5473
20260701,影视动漫,青柠影视,492,20260701,5474
20260701,影视动漫,猫眼票房专业版,492,20260701,5475
20260701,影视动漫,西部世界,492,20260701,5476
20260701,影视动漫,检察官的提议韩剧在线观看,492,20260701,5477
20260701,影视动漫,飘零影院,492,20260701,5478
20260701,影视动漫,大象视频,492,20260701,5479
20260701,影视动漫,致命弯道 电影,492,20260701,5480
20260701,影视动漫,"清醒点,泰尔先生泰剧免费观看完整版",492,20260701,5481
20260701,影视动漫,中央广播电视总台直播在哪里看,492,20260701,5482
20260701,影视动漫,关于爱,492,20260701,5483
20260701,影视动漫,血色争锋电视剧免费观看,491,20260701,5484
20260701,影视动漫,唐朝诡事录第一季高清在线观看,491,20260701,5485
20260701,影视动漫,爱的精灵,491,20260701,5486
20260701,影视动漫,三年,491,20260701,5487
20260701,影视动漫,亲爱的x韩剧电视剧免费观看完整版,491,20260701,5488
20260701,影视动漫,完美世界在线看免费版清风,491,20260701,5489
20260701,影视动漫,enemy,491,20260701,5490
20260701,影视动漫,死神来了,491,20260701,5491
20260701,影视动漫,单身即地狱第五季,491,20260701,5492
20260701,影视动漫,脱裤子打家法视频,491,20260701,5493
20260701,影视动漫,因为遇见你 电视剧,491,20260701,5494
20260701,影视动漫,暗潮缉凶免费观看全集完整版高清中文,491,20260701,5495
20260701,影视动漫,人人剧场免费下载,490,20260701,5496
20260701,影视动漫,中央cctv1,490,20260701,5497
20260701,影视动漫,闪灵 电影,490,20260701,5498
20260701,影视动漫,东东电竞,490,20260701,5499
20260701,影视动漫,爸爸的新女朋友,490,20260701,5500
20260701,影视动漫,动漫共和园,490,20260701,5501
20260701,影视动漫,谜案拼图电视剧,490,20260701,5502
20260701,影视动漫,花房姑娘大全免费观看电视剧一代佳,490,20260701,5503
20260701,影视动漫,宋威龙电视剧作品全部,490,20260701,5504
20260701,影视动漫,西瓜网,490,20260701,5505
20260701,影视动漫,台北娜娜的vlog最新一期内容,490,20260701,5506
20260701,影视动漫,束缚游戏动漫免费观看第一季全集动漫版第一季,489,20260701,5507
20260701,影视动漫,异乡情愁,489,20260701,5508
20260701,影视动漫,免费看欧美片,489,20260701,5509
20260701,影视动漫,消失的夫妻完整版真实笔录,489,20260701,5510
20260701,影视动漫,逐玉1-40集电视连续剧,489,20260701,5511
20260701,影视动漫,《法国空姐2023法版》播放时间免费观,489,20260701,5512
20260701,影视动漫,牧神记动漫全集免费观看,489,20260701,5513
20260701,影视动漫,清平乐,489,20260701,5514
20260701,影视动漫,指尖传来的热情,489,20260701,5515
20260701,影视动漫,怪盗基德,489,20260701,5516
20260701,影视动漫,爱我多深莫尼卡电影,489,20260701,5517
20260701,影视动漫,泰国电影,489,20260701,5518
20260701,影视动漫,仙逆在线观看,489,20260701,5519
20260701,影视动漫,女超人在线观看电影完整版,489,20260701,5520
20260701,影视动漫,绝密543免费全集,488,20260701,5521
20260701,影视动漫,猫女的咀咒电影,488,20260701,5522
20260701,影视动漫,白夜行 电影,488,20260701,5523
20260701,影视动漫,隔壁的女孩5韩剧在线观看免费全集电视剧,488,20260701,5524
20260701,影视动漫,完美世界在线观看高清全集免费播放,488,20260701,5525
20260701,影视动漫,斗罗大陆动漫在线观看视频,488,20260701,5526
20260701,影视动漫,风吹半夏 电视剧,488,20260701,5527
20260701,影视动漫,轮番上阵在线观看电影免费,488,20260701,5528
20260701,影视动漫,CCTV-1直播观看(高清),488,20260701,5529
20260701,影视动漫,豺狼的日子 第一季 电视剧,488,20260701,5530
20260701,影视动漫,本能游戏,488,20260701,5531
20260701,影视动漫,夏与箱1-2集全集在线播放,488,20260701,5532
20260701,影视动漫,云秀电视剧免费观看全集,488,20260701,5533
20260701,影视动漫,登堂入室免费完整版,487,20260701,5534
20260701,影视动漫,五号特工组 电视剧,487,20260701,5535
20260701,影视动漫,国产大片免费播放电视剧有哪些美剧,487,20260701,5536
20260701,影视动漫,大梦归离,487,20260701,5537
20260701,影视动漫,无机杀手,487,20260701,5538
20260701,影视动漫,高清视频免费观看,487,20260701,5539
20260701,影视动漫,择天记动漫在线全集免费观看,487,20260701,5540
20260701,影视动漫,前度电影,487,20260701,5541
20260701,影视动漫,555电影网最新Netflix剧,487,20260701,5542
20260701,影视动漫,365天,487,20260701,5543
20260701,影视动漫,《问心》2电视剧,487,20260701,5544
20260701,影视动漫,警察荣誉 电视剧,487,20260701,5545
20260701,影视动漫,魔力歌先生,487,20260701,5546
20260701,影视动漫,中央CCTV5十节目预告中央法制频道,487,20260701,5547
20260701,影视动漫,怒海潜沙之秦岭神树,487,20260701,5548
20260701,影视动漫,光之美少女,487,20260701,5549
20260701,影视动漫,白夜追凶 电视剧,486,20260701,5550
20260701,影视动漫,庆余年1,486,20260701,5551
20260701,影视动漫,狂飙演员名单表,486,20260701,5552
20260701,影视动漫,世界尽头的爱,486,20260701,5553
20260701,影视动漫,毒战2018,486,20260701,5554
20260701,影视动漫,好先生tv,486,20260701,5555
20260701,影视动漫,做头霍建华电影在线观看,486,20260701,5556
20260701,影视动漫,现在就出发第二季综艺免费观看完整版,486,20260701,5557
20260701,影视动漫,樱兰高校男公关部,485,20260701,5558
20260701,影视动漫,直播app,485,20260701,5559
20260701,影视动漫,周星驰电影,485,20260701,5560
20260701,影视动漫,检察官室的提案韩剧免费观看,485,20260701,5561
20260701,影视动漫,无颜之月动漫全集第一季完整版免费观看,485,20260701,5562
20260701,影视动漫,灵魂摆渡十年观看,485,20260701,5563
20260701,影视动漫,女神宿舍的管理员,485,20260701,5564
20260701,影视动漫,邻里的裂痕电影在线观看中文,485,20260701,5565
20260701,影视动漫,今泉家成了辣妹聚集地动漫全集免费观看第6集,484,20260701,5566
20260701,影视动漫,魔幻手机,484,20260701,5567
20260701,影视动漫,玉茗茶骨电视剧观看完整版高清,484,20260701,5568
20260701,影视动漫,疯狂两人世界在线观看,484,20260701,5569
20260701,影视动漫,南来北往南来北往电视剧免费观看,484,20260701,5570
20260701,影视动漫,法国高压监狱电影在线观看完整免费高清原声,484,20260701,5571
20260701,影视动漫,欲奴电视剧美剧在线观看免费,484,20260701,5572
20260701,影视动漫,《外遇》,484,20260701,5573
20260701,影视动漫,千香电视剧全集免费观看,484,20260701,5574
20260701,影视动漫,交换的一天韩剧电视剧在线观看,484,20260701,5575
20260701,影视动漫,《莫离》电视剧剧情简介,484,20260701,5576
20260701,影视动漫,CCTv5十现场直播,484,20260701,5577
20260701,影视动漫,招魂,484,20260701,5578
20260701,影视动漫,风车动漫immionne官网,484,20260701,5579
20260701,影视动漫,飘雪电影免费版高清在线观看网站百度,483,20260701,5580
20260701,影视动漫,80s手机影视官网,483,20260701,5581
20260701,影视动漫,一路向西完整版,483,20260701,5582
20260701,影视动漫,登山的目的电影,483,20260701,5583
20260701,影视动漫,多多视频,483,20260701,5584
20260701,影视动漫,腐剧,483,20260701,5585
20260701,影视动漫,阿嬷的情书剧情介绍,483,20260701,5586
20260701,影视动漫,男生和女生一起拆拆拆拆滑轮鞋视频,482,20260701,5587
20260701,影视动漫,高压监狱电影在线完整版播放,482,20260701,5588
20260701,影视动漫,《美容院6:特殊待遇》百度百科,482,20260701,5589
20260701,影视动漫,凤囚凰,482,20260701,5590
20260701,影视动漫,沉默的荣耀40集免费观看,482,20260701,5591
20260701,影视动漫,cntv中国网络电视台直播,482,20260701,5592
20260701,影视动漫,法国空乘电影完整版在线观看高清中文,482,20260701,5593
20260701,影视动漫,我的体育老师免费观看全集完整版,482,20260701,5594
20260701,影视动漫,颐和园在线观看,482,20260701,5595
20260701,影视动漫,咪咕视频体育直播免费,482,20260701,5596
20260701,影视动漫,士兵突击免费观看完整版视频,482,20260701,5597
20260701,影视动漫,好久没做,482,20260701,5598
20260701,影视动漫,bl动漫,482,20260701,5599
20260701,影视动漫,弱小英雄第一季在线观看,482,20260701,5600
20260701,影视动漫,橘子视频,482,20260701,5601
20260701,影视动漫,黑夜告白 电视剧 在线观看,481,20260701,5602
20260701,影视动漫,中央一台在线直播,481,20260701,5603
20260701,影视动漫,检查官室的提案免费观看,481,20260701,5604
20260701,影视动漫,密爱在线观看完整韩剧电影,481,20260701,5605
20260701,影视动漫,爱情交叉点,481,20260701,5606
20260701,影视动漫,《哈哈哈哈哈》第六季,481,20260701,5607
20260701,影视动漫,欲奴第二季季电视剧美剧在线观看,481,20260701,5608
20260701,影视动漫,男女两人世界高清完整版国语,481,20260701,5609
20260701,影视动漫,我不是药神,481,20260701,5610
20260701,影视动漫,免费魅影直播app免费版下载安装,481,20260701,5611
20260701,影视动漫,百团大战,481,20260701,5612
20260701,影视动漫,春香传,481,20260701,5613
20260701,影视动漫,风流家族,480,20260701,5614
20260701,影视动漫,《月鳞绮纪》全集免费观看完整版,480,20260701,5615
20260701,影视动漫,莫离电视剧在线观看高清免费,480,20260701,5616
20260701,影视动漫,电影全片免费看完整版,480,20260701,5617
20260701,影视动漫,直播平台,480,20260701,5618
20260701,影视动漫,问心2电视剧免费播放完整版,480,20260701,5619
20260701,影视动漫,弟弟的女友,480,20260701,5620
20260701,影视动漫,《美容院7:特殊待遇》百度百科,480,20260701,5621
20260701,影视动漫,老炮儿,480,20260701,5622
20260701,影视动漫,行尸走肉第二季,480,20260701,5623
20260701,影视动漫,装腔启示录,480,20260701,5624
20260701,影视动漫,马犬兽人电影免费播放,479,20260701,5625
20260701,影视动漫,新婚有瘾短剧全集,479,20260701,5626
20260701,影视动漫,乡村爱情8,479,20260701,5627
20260701,影视动漫,日历女孩电影免费观看全集在线看中文版,479,20260701,5628
20260701,影视动漫,彩虹视频,479,20260701,5629
20260701,影视动漫,满清十大酷刑2免费观看完整版电影视频,479,20260701,5630
20260701,影视动漫,哈哈哈哈哈第六季免费观看完整版6.14,479,20260701,5631
20260701,影视动漫,双色风云电影全集在线观看,479,20260701,5632
20260701,影视动漫,猜猜爱泰剧完整版,479,20260701,5633
20260701,影视动漫,《妇女乐园》,479,20260701,5634
20260701,影视动漫,搜索,479,20260701,5635
20260701,影视动漫,青梅竹马是消防员动漫无删减版百度网盘,479,20260701,5636
20260701,影视动漫,小舍得电视剧免费观看完整版高清百度网盘,479,20260701,5637
20260701,影视动漫,局内人韩剧免费观看在线播放,479,20260701,5638
20260701,影视动漫,北上,478,20260701,5639
20260701,影视动漫,巨人族的新娘,478,20260701,5640
20260701,影视动漫,黑执事第一季在线观看,478,20260701,5641
20260701,影视动漫,模范出租车第一季,478,20260701,5642
20260701,影视动漫,夏日重现,478,20260701,5643
20260701,影视动漫,青梅竹马是消防员类似的动漫吗,478,20260701,5644
20260701,影视动漫,韩剧我漂亮的瘦子在线观看,478,20260701,5645
20260701,影视动漫,双程在线观看,478,20260701,5646
20260701,影视动漫,福尔摩斯小姐3,478,20260701,5647
20260701,影视动漫,流金岁月,478,20260701,5648
20260701,影视动漫,柏林漂流日剧在线播放,477,20260701,5649
20260701,影视动漫,双面玛莎,477,20260701,5650
20260701,影视动漫,猎罪图鉴第一季,477,20260701,5651
20260701,影视动漫,问心电视剧在线观看免费高清,477,20260701,5652
20260701,影视动漫,什刹海,477,20260701,5653
20260701,影视动漫,cctv6,477,20260701,5654
20260701,影视动漫,让笨蛋妹妹变聪明的办法动漫在线,477,20260701,5655
20260701,影视动漫,七根心简电视剧全集完整版,477,20260701,5656
20260701,影视动漫,特种兵之火凤凰免费观看全集,477,20260701,5657
20260701,影视动漫,流萤验证开门动画,477,20260701,5658
20260701,影视动漫,cctv3节目表,477,20260701,5659
20260701,影视动漫,美丽的小蜜桃3,477,20260701,5660
20260701,影视动漫,你好旧时光全集免费观看,477,20260701,5661
20260701,影视动漫,无耻之 徒第一季在线观看免费高清,477,20260701,5662
20260701,影视动漫,云绣行电视剧免费观看全集,477,20260701,5663
20260701,影视动漫,贺子珍生平及简介,477,20260701,5664
20260701,影视动漫,黑帮大佬第1季,476,20260701,5665
20260701,影视动漫,深情眼电视剧在线播放视频观看下载,476,20260701,5666
20260701,影视动漫,捉奸侦探,476,20260701,5667
20260701,影视动漫,泰剧《结缘》免费观看全集,476,20260701,5668
20260701,影视动漫,兵自风中来,476,20260701,5669
20260701,影视动漫,向日葵在夜晚绽放,476,20260701,5670
20260701,影视动漫,《主角》1-48集完整版观看视频,476,20260701,5671
20260701,影视动漫,杉杉来了,476,20260701,5672
20260701,影视动漫,索多玛120天,476,20260701,5673
20260701,影视动漫,梦想三国,475,20260701,5674
20260701,影视动漫,哗哩哔哩视频,475,20260701,5675
20260701,影视动漫,雾山五行 动漫,475,20260701,5676
20260701,影视动漫,隐欲囚笼,475,20260701,5677
20260701,影视动漫,城中之城,475,20260701,5678
20260701,影视动漫,甜蜜惩罚我的看守宠物,475,20260701,5679
20260701,影视动漫,四度电影完整版在线观看,475,20260701,5680
20260701,影视动漫,初体验6韩剧在线电视剧,475,20260701,5681
20260701,影视动漫,重新爱上你未删减泰剧剧情,475,20260701,5682
20260701,影视动漫,电影颐和园,474,20260701,5683
20260701,影视动漫,养父,474,20260701,5684
20260701,影视动漫,after之后2,474,20260701,5685
20260701,影视动漫,人间正道是沧桑 电视剧,474,20260701,5686
20260701,影视动漫,阿拉丁,474,20260701,5687
20260701,影视动漫,《爱情有烟火》完整版,474,20260701,5688
20260701,影视动漫,《主角》1-48完整版,474,20260701,5689
20260701,影视动漫,昨夜将至佟大为免费观看,474,20260701,5690
20260701,影视动漫,金特务本色回归韩剧全集在线,474,20260701,5691
20260701,影视动漫,电影四渡在线观看完整版高清,474,20260701,5692
20260701,影视动漫,抓娃娃,474,20260701,5693
20260701,影视动漫,女教师2,474,20260701,5694
20260701,影视动漫,女子挠脚心爆笑视频,474,20260701,5695
20260701,影视动漫,汉武大帝,474,20260701,5696
20260701,影视动漫,吸血贵利王无删版普通话百度云,474,20260701,5697
20260701,影视动漫,直播免费,473,20260701,5698
20260701,影视动漫,《哥布的林洞窟》动漫免费观看全集,473,20260701,5699
20260701,影视动漫,同志亦凡人,473,20260701,5700
20260701,影视动漫,产子岛动漫第一季全集免费观看百度,473,20260701,5701
20260701,影视动漫,女人的战争之我是陶器 电影,473,20260701,5702
20260701,影视动漫,日剧《销冠的秘密2》在线看,473,20260701,5703
20260701,影视动漫,美景之屋6韩剧国语版在线播放,473,20260701,5704
20260701,影视动漫,楚门的世界,473,20260701,5705
20260701,影视动漫,指尖传来的热情未删减版百度云资源百度网盘,473,20260701,5706
20260701,影视动漫,红高粱 电视剧,473,20260701,5707
20260701,影视动漫,央视网直播在线观看,473,20260701,5708
20260701,影视动漫,狂情错爱瑞典版免费观看,473,20260701,5709
20260701,影视动漫,喜人奇妙夜第一季,473,20260701,5710
20260701,影视动漫,农民伯伯下乡2国语版百度云,473,20260701,5711
20260701,影视动漫,正相反的你与我,473,20260701,5712
20260701,影视动漫,爱在是隆电视剧免费播放,473,20260701,5713
20260701,影视动漫,女教师电影,473,20260701,5714
20260701,影视动漫,我的错误电影在线观看完整版,473,20260701,5715
20260701,影视动漫,韩剧金特务:本色回归,472,20260701,5716
20260701,影视动漫,桃花坞,472,20260701,5717
20260701,影视动漫,贵妇人街美剧免费观看在线,472,20260701,5718
20260701,影视动漫,突袭,472,20260701,5719
20260701,影视动漫,凤凰卫视资讯台直播在线直播观看,472,20260701,5720
20260701,影视动漫,穿普拉达的女王2,472,20260701,5721
20260701,影视动漫,婚前试爱免费观看电视剧百度网盘,472,20260701,5722
20260701,影视动漫,片库,472,20260701,5723
20260701,影视动漫,合租的女孩,472,20260701,5724
20260701,影视动漫,星辰影院在线观看免费观看电视,472,20260701,5725
20260701,影视动漫,情侣炒菜教程网站视频百度,472,20260701,5726
20260701,影视动漫,聚会的目的6中字谜给,472,20260701,5727
20260701,影视动漫,戏梦巴黎法国电影,472,20260701,5728
20260701,影视动漫,熊出没之年年有熊完整版免费,472,20260701,5729
20260701,影视动漫,好姑娘国语,472,20260701,5730
20260701,影视动漫,娜塔莉韩剧在线观看免费全集电视剧高清,472,20260701,5731
20260701,影视动漫,洪武大案 电视剧,472,20260701,5732
20260701,影视动漫,淮海战役,472,20260701,5733
20260701,影视动漫,主角电视剧观看完整版,471,20260701,5734
20260701,影视动漫,悟空浏览器免费观看电视剧,471,20260701,5735
20260701,影视动漫,娃娃脸在线电影观看,471,20260701,5736
20260701,影视动漫,最新韩剧,471,20260701,5737
20260701,影视动漫,流金岁月电视剧完整版免费观看爱奇艺,471,20260701,5738
20260701,影视动漫,上甘岭电视剧全集播放,471,20260701,5739
20260701,影视动漫,美丽的小蜜蜂2美剧免费观看全集高清中文版,471,20260701,5740
20260701,影视动漫,借种电影,471,20260701,5741
20260701,影视动漫,2026世界杯直播CCTV5全直播,471,20260701,5742
20260701,影视动漫,从结婚开始恋爱 电视剧免费观看,471,20260701,5743
20260701,影视动漫,草泥马视频,471,20260701,5744
20260701,影视动漫,四渡电影完整版免费观看,471,20260701,5745
20260701,影视动漫,中央六台节目表,471,20260701,5746
20260701,影视动漫,龙之家族第二季,470,20260701,5747
20260701,影视动漫,微电影在线观看免费,470,20260701,5748
20260701,影视动漫,海贼王在线观看免费最新,470,20260701,5749
20260701,影视动漫,凤不栖在线观看完整版电视剧,470,20260701,5750
20260701,影视动漫,抓特务电影免费观看完整版,470,20260701,5751
20260701,影视动漫,b站是指的什么网站,470,20260701,5752
20260701,影视动漫,美剧顶级人生第二季在线看,470,20260701,5753
20260701,影视动漫,火影忍者免费观看全集在线观看高清爱奇艺,470,20260701,5754
20260701,影视动漫,塞尔维亚电影,470,20260701,5755
20260701,影视动漫,云水怒电视剧全集44集免费观看,470,20260701,5756
20260701,影视动漫,日剧韩剧大片在线观看,470,20260701,5757
20260701,影视动漫,小猪佩奇 第十季 2024,470,20260701,5758
20260701,影视动漫,韩剧《健身教练2》在线观看全集,470,20260701,5759
20260701,影视动漫,香蕉成熟时,470,20260701,5760
20260701,影视动漫,手机电影,470,20260701,5761
20260701,影视动漫,花木兰,469,20260701,5762
20260701,影视动漫,中央电视台cctv5 直播,469,20260701,5763
20260701,影视动漫,可怜的东西,469,20260701,5764
20260701,影视动漫,乡村爱情3,469,20260701,5765
20260701,影视动漫,中央CCTV5节目表,469,20260701,5766
20260701,影视动漫,youtube官网,469,20260701,5767
20260701,影视动漫,借命而生 电视剧,469,20260701,5768
20260701,影视动漫,检察官的提案韩剧全集免费观看,469,20260701,5769
20260701,影视动漫,《假面女仆》动漫,469,20260701,5770
20260701,影视动漫,儿童动画片大全3-6岁,469,20260701,5771
20260701,影视动漫,唐山大地震,469,20260701,5772
20260701,影视动漫,斩神之凡尘神域第二季免费播放,469,20260701,5773
20260701,影视动漫,星球大战,469,20260701,5774
20260701,影视动漫,战神之凡尘神域第二季免费观看全集,468,20260701,5775
20260701,影视动漫,爱你电视剧免费观看完整版,468,20260701,5776
20260701,影视动漫,金瓶梅1996电视剧全集电视剧在线观看免费,468,20260701,5777
20260701,影视动漫,日剧《懦弱丈夫》完整版,468,20260701,5778
20260701,影视动漫,暖,468,20260701,5779
20260701,影视动漫,《dropout》完整版在线观看,468,20260701,5780
20260701,影视动漫,良辰好景知几何 电视剧,468,20260701,5781
20260701,影视动漫,金婚,468,20260701,5782
20260701,影视动漫,开门大吉,468,20260701,5783
20260701,影视动漫,公公的浮之手韩剧免费版在线观看,468,20260701,5784
20260701,影视动漫,蜗居 电视剧,468,20260701,5785
20260701,影视动漫,《夏与箱》,468,20260701,5786
20260701,影视动漫,和黑道大佬在一起的三百六十五天电视剧第二季电影,468,20260701,5787
20260701,影视动漫,斗破苍穹年番在线观看免费版,468,20260701,5788
20260701,影视动漫,南来北往电视剧,468,20260701,5789
20260701,影视动漫,叶罗丽精灵梦十一季免费播放完整版,468,20260701,5790
20260701,影视动漫,cctv11在线直播观看正在直播高清,467,20260701,5791
20260701,影视动漫,熊出没之神奇宝物,467,20260701,5792
20260701,影视动漫,聊斋志异之孽欲孤鬼国语版电影演员表,467,20260701,5793
20260701,影视动漫,我的妈妈动画片日语版全集免费,467,20260701,5794
20260701,影视动漫,乡村爱情17部免费观看,467,20260701,5795
20260701,影视动漫,冯小刚电影,467,20260701,5796
20260701,影视动漫,如此可爱的我们 电视剧,467,20260701,5797
20260701,影视动漫,桃花映江山,467,20260701,5798
20260701,影视动漫,中央电视台1台在线直播,467,20260701,5799
20260701,影视动漫,侏罗纪世界3免费观看高清完整版,467,20260701,5800
20260701,影视动漫,白色城堡 电视剧,467,20260701,5801
20260701,影视动漫,《开始推理吧4》免费观看,467,20260701,5802
20260701,影视动漫,overlord动漫,467,20260701,5803
20260701,影视动漫,机智的医生生活第二季免费观看,467,20260701,5804
20260701,影视动漫,喜羊羊,467,20260701,5805
20260701,影视动漫,中央13台在线直播观看,467,20260701,5806
20260701,影视动漫,绝世唐门动漫在线观看免费完整版,467,20260701,5807
20260701,影视动漫,楚乔传第二部在线观看全集免费播放,466,20260701,5808
20260701,影视动漫,吴越拒绝陈建斌递笔的视频,466,20260701,5809
20260701,影视动漫,西游记动画片,466,20260701,5810
20260701,影视动漫,人间正道是沧桑,466,20260701,5811
20260701,影视动漫,水儿武士完整版电影,466,20260701,5812
20260701,影视动漫,流浪地球,466,20260701,5813
20260701,影视动漫,无忧渡,466,20260701,5814
20260701,影视动漫,喜剧之王 电影,466,20260701,5815
20260701,影视动漫,天才游戏 电影,466,20260701,5816
20260701,影视动漫,王志文主演的电视剧全部,466,20260701,5817
20260701,影视动漫,奉子成婚免费观看全集高清,466,20260701,5818
20260701,影视动漫,纯真年代的爱情,466,20260701,5819
20260701,影视动漫,好看电影网,466,20260701,5820
20260701,影视动漫,苦菜花演员表,466,20260701,5821
20260701,影视动漫,狐妖小红娘全集免费观看动漫,465,20260701,5822
20260701,影视动漫,法国电影《艾娃2》,465,20260701,5823
20260701,影视动漫,票房榜实时排名,465,20260701,5824
20260701,影视动漫,cctv5直播观看入口,465,20260701,5825
20260701,影视动漫,《种地吧4》免费观看,465,20260701,5826
20260701,影视动漫,亲密爱人高清完整版免费观看,465,20260701,5827
20260701,影视动漫,寡糖电影,465,20260701,5828
20260701,影视动漫,《主角》1-48集观看完整版视频40集,465,20260701,5829
20260701,影视动漫,星空无限影视在线观看全集免费高清,465,20260701,5830
20260701,影视动漫,奇怪的美沙拉龙2免费观看全集,464,20260701,5831
20260701,影视动漫,驯龙高手,464,20260701,5832
20260701,影视动漫,玩具总动员3,464,20260701,5833
20260701,影视动漫,超级少女电影完整版,464,20260701,5834
20260701,影视动漫,《奔跑吧14》免费播放,464,20260701,5835
20260701,影视动漫,刺客伍六七第6季,464,20260701,5836
20260701,影视动漫,盗墓笔记第一季电视剧在线观看免费完整版高清,464,20260701,5837
20260701,影视动漫,建国大业电影完整版免费观看,464,20260701,5838
20260701,影视动漫,桥矿国语 2,464,20260701,5839
20260701,影视动漫,高山下的花环电影完整版,464,20260701,5840
20260701,影视动漫,东京复仇者,464,20260701,5841
20260701,影视动漫,木瓜视频,464,20260701,5842
20260701,影视动漫,最早的电影出现于哪个世纪,464,20260701,5843
20260701,影视动漫,《终极笔记》电视剧,464,20260701,5844
20260701,影视动漫,芒果tv 免费观看,464,20260701,5845
20260701,影视动漫,水浒传98版,464,20260701,5846
20260701,影视动漫,八千里路云和月免费完整版,464,20260701,5847
20260701,影视动漫,现在就出发第三季完整版免费观看,464,20260701,5848
20260701,影视动漫,军中乐园,463,20260701,5849
20260701,影视动漫,异世界后宫物语,463,20260701,5850
20260701,影视动漫,莫离在线观看全集,463,20260701,5851
20260701,影视动漫,鸭王1和2百度云资源粤语高清,463,20260701,5852
20260701,影视动漫,新还珠格格,463,20260701,5853
20260701,影视动漫,斩神2第二季免费完整版,463,20260701,5854
20260701,影视动漫,鬼灭之刃无限列车,463,20260701,5855
20260701,影视动漫,天官赐福第三季,463,20260701,5856
20260701,影视动漫,国产免费观看高清电视剧,463,20260701,5857
20260701,影视动漫,泰罗奥特曼,463,20260701,5858
20260701,影视动漫,云秀行免费观看,462,20260701,5859
20260701,影视动漫,天空之城,462,20260701,5860
20260701,影视动漫,日韩电视剧影视大全,462,20260701,5861
20260701,影视动漫,生命树电视剧免费观看全集,462,20260701,5862
20260701,影视动漫,7,462,20260701,5863
20260701,影视动漫,荒野求生,462,20260701,5864
20260701,影视动漫,庆余年第二季 在线观看,462,20260701,5865
20260701,影视动漫,天蝎座之夜3 电影在线观看,462,20260701,5866
20260701,影视动漫,聂小雨一战三巅峰对决在线观看百度,462,20260701,5867
20260701,影视动漫,2026最新电影,462,20260701,5868
20260701,影视动漫,乱世佳人,462,20260701,5869
20260701,影视动漫,昨日将至全集免费观看,462,20260701,5870
20260701,影视动漫,烟火人家 电视剧,462,20260701,5871
20260701,影视动漫,苍老师电影免费播放电影大全百度云,462,20260701,5872
20260701,影视动漫,银魂第一季在线观看,462,20260701,5873
20260701,影视动漫,老男孩电影完整,462,20260701,5874
20260701,影视动漫,检察官室的提案在线观看免费,462,20260701,5875
20260701,影视动漫,四方极爱2电视剧免费观看完整版,462,20260701,5876
20260701,影视动漫,铁道游击队,461,20260701,5877
20260701,影视动漫,cctv5正在直播,461,20260701,5878
20260701,影视动漫,她和她的她们在线观看免费完整版电视剧,461,20260701,5879
20260701,影视动漫,你所不知道的童话动画片全集在线观看,461,20260701,5880
20260701,影视动漫,大明风华 电视剧,461,20260701,5881
20260701,影视动漫,免费观看在线高清电影电视剧完,461,20260701,5882
20260701,影视动漫,中央5台今日节目表,461,20260701,5883
20260701,影视动漫,哥布林的老巢第四集,461,20260701,5884
20260701,影视动漫,外国片爱情大片,461,20260701,5885
20260701,影视动漫,一路向西在线观看完整版视频播放免费,461,20260701,5886
20260701,影视动漫,大鱼海棠,460,20260701,5887
20260701,影视动漫,中央五套cctv5节目表,460,20260701,5888
20260701,影视动漫,当我看向你全剧播放,460,20260701,5889
20260701,影视动漫,爷们儿 电视剧,460,20260701,5890
20260701,影视动漫,百万英镑,460,20260701,5891
20260701,影视动漫,夏晴子麻花传全集百度网盘,460,20260701,5892
20260701,影视动漫,邪神墨然第三季免费观看,460,20260701,5893
20260701,影视动漫,孝庄秘史,460,20260701,5894
20260701,影视动漫,爱玛夫人,460,20260701,5895
20260701,影视动漫,成何体统第一季免费全集观看,460,20260701,5896
20260701,影视动漫,炽热吸引,460,20260701,5897
20260701,影视动漫,被你吻过的夏天泰剧免费观看,460,20260701,5898
20260701,影视动漫,不准掉头在线观看完整版,460,20260701,5899
20260701,影视动漫,潘甜甜七夕节牛郎织女,460,20260701,5900
20260701,影视动漫,国产电影,460,20260701,5901
20260701,影视动漫,金钱之味韩剧免费观看在线,459,20260701,5902
20260701,影视动漫,尚食高清电视剧全集免费观看,459,20260701,5903
20260701,影视动漫,妻子5,459,20260701,5904
20260701,影视动漫,黑暗圣经1至6季动漫免费观看,459,20260701,5905
20260701,影视动漫,甜蜜惩罚动漫完整版在哪里看,459,20260701,5906
20260701,影视动漫,天衣无缝电视剧免费观看完整版高清,459,20260701,5907
20260701,影视动漫,昨晚将至电视剧免费播放在线观看,459,20260701,5908
20260701,影视动漫,黑帮大佬的356天,459,20260701,5909
20260701,影视动漫,《夏与箱》在线观看免费全集,459,20260701,5910
20260701,影视动漫,风声,459,20260701,5911
20260701,影视动漫,美景之景2韩剧在线观看,459,20260701,5912
20260701,影视动漫,age动漫官方,459,20260701,5913
20260701,影视动漫,奇妙的美发沙龙 中汉字,459,20260701,5914
20260701,影视动漫,家业剧情介绍,459,20260701,5915
20260701,影视动漫,中文在线字幕电视剧全集高清,459,20260701,5916
20260701,影视动漫,爱我就别想太多,459,20260701,5917
20260701,影视动漫,检查官室的提案韩剧在线观看,459,20260701,5918
20260701,影视动漫,《开始推理吧第四季》,458,20260701,5919
20260701,影视动漫,天网栏目,458,20260701,5920
20260701,影视动漫,圣光闪击波尼塞雷斯动漫在线观看,458,20260701,5921
20260701,影视动漫,羞羞鬼,458,20260701,5922
20260701,影视动漫,高压监狱在线观看完整免费高清满天星在线,458,20260701,5923
20260701,影视动漫,3D肉蒲团之极乐宝鉴,458,20260701,5924
20260701,影视动漫,疯狂动物城2(国语版),458,20260701,5925
20260701,影视动漫,说唱巅峰对决2026在线观看免费,458,20260701,5926
20260701,影视动漫,初代奥特曼,458,20260701,5927
20260701,影视动漫,白雪公主,458,20260701,5928
20260701,影视动漫,执爱,458,20260701,5929
20260701,影视动漫,放开那个女巫,458,20260701,5930
20260701,影视动漫,钟丽缇演过的三年级《晚娘》,457,20260701,5931
20260701,影视动漫,1996版1-5集免费观看电视剧大全百度云,457,20260701,5932
20260701,影视动漫,金牌影视,457,20260701,5933
20260701,影视动漫,星条红与皇室蓝 电影,457,20260701,5934
20260701,影视动漫,壁虎,457,20260701,5935
20260701,影视动漫,杨家将,457,20260701,5936
20260701,影视动漫,一路向西1电影高清直播在线观看,457,20260701,5937
20260701,影视动漫,法律讲堂,457,20260701,5938
20260701,影视动漫,干脆杀了他吧电影在线观看,457,20260701,5939
20260701,影视动漫,催眠指导动漫全集完整版观看,457,20260701,5940
20260701,影视动漫,战神,457,20260701,5941
20260701,影视动漫,照耀之光泰剧全集完整版,457,20260701,5942
20260701,影视动漫,罗马帝国yqs在线观看完整版,457,20260701,5943
20260701,影视动漫,七条铃香第一季全集免费动漫,457,20260701,5944
20260701,影视动漫,木乃伊,457,20260701,5945
20260701,影视动漫,爱入歧途,457,20260701,5946
20260701,影视动漫,美国电影《牧场浪漫》,457,20260701,5947
20260701,影视动漫,校园之外美剧免费观看在线观看,457,20260701,5948
20260701,影视动漫,江湖夜雨十年灯 电视剧,457,20260701,5949
20260701,影视动漫,丁香花高清完整版播放,457,20260701,5950
20260701,影视动漫,光棍影视,456,20260701,5951
20260701,影视动漫,好事成双电视剧免费观看,456,20260701,5952
20260701,影视动漫,种地吧第四季在线观看全集免费播放,456,20260701,5953
20260701,影视动漫,金银梅1-5普通话季春奶奶,456,20260701,5954
20260701,影视动漫,家事法庭演员表,456,20260701,5955
20260701,影视动漫,中国机长,456,20260701,5956
20260701,影视动漫,侠客行,456,20260701,5957
20260701,影视动漫,哈利波特电影顺序,456,20260701,5958
20260701,影视动漫,电视剧甄嬛传76集全,456,20260701,5959
20260701,影视动漫,任素汐电视剧,456,20260701,5960
20260701,影视动漫,韩剧《公媳》在线观看全集免韩国,455,20260701,5961
20260701,影视动漫,《莫离》免费观看完整版,455,20260701,5962
20260701,影视动漫,女机器人,455,20260701,5963
20260701,影视动漫,雀骨,455,20260701,5964
20260701,影视动漫,爱你电视剧,455,20260701,5965
20260701,影视动漫,用我的手指来扰乱吧。~打烊后仅剩两人的沙龙,455,20260701,5966
20260701,影视动漫,河马剧场免费版下载,455,20260701,5967
20260701,影视动漫,小妹3,455,20260701,5968
20260701,影视动漫,球手们第一季无删减全集,455,20260701,5969
20260701,影视动漫,《斩神》第二季免费观看高清版动漫,455,20260701,5970
20260701,影视动漫,第二十条 电影,455,20260701,5971
20260701,影视动漫,少罗吃大狙在线观看免费高清百度,455,20260701,5972
20260701,影视动漫,画江湖之不良人,455,20260701,5973
20260701,影视动漫,怦然与你双男主剧,455,20260701,5974
20260701,影视动漫,寄生虫电影完整版在线播放高清韩剧TV,455,20260701,5975
20260701,影视动漫,overflow在线观看,455,20260701,5976
20260701,影视动漫,白鹿电视剧莫离,454,20260701,5977
20260701,影视动漫,看电影,454,20260701,5978
20260701,影视动漫,脱口秀和他的朋友们第三季,454,20260701,5979
20260701,影视动漫,免费电影网,454,20260701,5980
20260701,影视动漫,日月同错,454,20260701,5981
20260701,影视动漫,刘满仓跟谁是儿女亲家刘满仓把商丘,454,20260701,5982
20260701,影视动漫,广场舞40-50岁健身操30分钟,454,20260701,5983
20260701,影视动漫,CCTV-13正在直播,454,20260701,5984
20260701,影视动漫,中央五台cctv5 在线直播,454,20260701,5985
20260701,影视动漫,我不是药神 电影,454,20260701,5986
20260701,影视动漫,熊出没之重返地球,454,20260701,5987
20260701,影视动漫,庆余年3什么时候上映播出,454,20260701,5988
20260701,影视动漫,满天星韩国电影高清免费观看,454,20260701,5989
20260701,影视动漫,飘花在线观看免费观看最新版韩剧,454,20260701,5990
20260701,影视动漫,谍报上不封顶什么时候播出,454,20260701,5991
20260701,影视动漫,法国空乘4法版满天星,453,20260701,5992
20260701,影视动漫,睡美人,453,20260701,5993
20260701,影视动漫,没落贵族琉璃川动漫,453,20260701,5994
20260701,影视动漫,斩神动漫,453,20260701,5995
20260701,影视动漫,欲望,453,20260701,5996
20260701,影视动漫,轧戏,453,20260701,5997
20260701,影视动漫,笨蛋妹妹变聪明1-4集动漫,453,20260701,5998
20260701,影视动漫,田螺姑娘,453,20260701,5999
20260701,影视动漫,无心法师,453,20260701,6000
20260701,影视动漫,挠脚心审问,453,20260701,6001
20260701,影视动漫,色戒为什么要封,453,20260701,6002
20260701,影视动漫,吞噬星空免费观看全集在线4k超清动漫,452,20260701,6003
20260701,影视动漫,五哈第二季,452,20260701,6004
20260701,影视动漫,吞噬星空动漫在线观看免费努努,452,20260701,6005
20260701,影视动漫,一千零一夜,452,20260701,6006
20260701,影视动漫,维京海盗,452,20260701,6007
20260701,影视动漫,会长是女仆大人在线观看免费全集,452,20260701,6008
20260701,影视动漫,新中国历任国家席位排序,452,20260701,6009
20260701,影视动漫,悟空影视,452,20260701,6010
20260701,影视动漫,你好星期六2026全集免费观看,452,20260701,6011
20260701,影视动漫,"挣扎吧,亚当君",452,20260701,6012
20260701,影视动漫,画皮,452,20260701,6013
20260701,影视动漫,集体叛逆换粉头发,452,20260701,6014
20260701,影视动漫,南风知我意电视剧免费观看完整版,452,20260701,6015
20260701,影视动漫,银杏视频,451,20260701,6016
20260701,影视动漫,骄阳似我电视剧在线观看全集,451,20260701,6017
20260701,影视动漫,快乐到死在线观看高清完整版电影,451,20260701,6018
20260701,影视动漫,骗吻狂魔,451,20260701,6019
20260701,影视动漫,何以笙箫默,451,20260701,6020
20260701,影视动漫,3077《甜蜜罚罪》,451,20260701,6021
20260701,影视动漫,云秀行电视剧免费观看,451,20260701,6022
20260701,影视动漫,密室大逃脱第三季,451,20260701,6023
20260701,影视动漫,给阿嬷的情书电影免费观看电视剧全集高清版,451,20260701,6024
20260701,影视动漫,南部档案免费观看全集在线播放,451,20260701,6025
20260701,影视动漫,无悔追踪电视剧免费播放全集,451,20260701,6026
20260701,影视动漫,卧薪尝胆,451,20260701,6027
20260701,影视动漫,精英律师 电视剧,451,20260701,6028
20260701,影视动漫,快乐星球,451,20260701,6029
20260701,影视动漫,人在囧途 电影,451,20260701,6030
20260701,影视动漫,美剧《顶级生话》在线播放,451,20260701,6031
20260701,影视动漫,沉香如屑·沉香重华 电视剧,451,20260701,6032
20260701,影视动漫,蛮好的人生演职员名单,451,20260701,6033
20260701,影视动漫,密爱在线观看,451,20260701,6034
20260701,影视动漫,本能 电影,451,20260701,6035
20260701,影视动漫,惊魂寻宝队,450,20260701,6036
20260701,影视动漫,窦骁主演的电视剧全部,450,20260701,6037
20260701,影视动漫,旷野烈风短剧免费播放在线观看,450,20260701,6038
20260701,影视动漫,蜜语纪电视剧在线观看免费,450,20260701,6039
20260701,影视动漫,就算敏感点也无妨,450,20260701,6040
20260701,影视动漫,男同电影,450,20260701,6041
20260701,影视动漫,美剧《婚外迷情》完整版免费观看,450,20260701,6042
20260701,影视动漫,票房猫眼实时票房,450,20260701,6043
20260701,影视动漫,美丽人生电影在线观看免费完整版,450,20260701,6044
20260701,影视动漫,风花雪月,450,20260701,6045
20260701,影视动漫,鞠婧祎千香引电视剧全集40集在线观看,450,20260701,6046
20260701,影视动漫,douyin,450,20260701,6047
20260701,影视动漫,开心锤锤1000集免费观看,449,20260701,6048
20260701,影视动漫,八仙饭店2之天诛地灭,449,20260701,6049
20260701,影视动漫,杀手的童话电影,449,20260701,6050
20260701,影视动漫,锦月如歌,449,20260701,6051
20260701,影视动漫,热吻,449,20260701,6052
20260701,影视动漫,八千里路云和月 电视剧,449,20260701,6053
20260701,影视动漫,逐玉电视剧全集免费,449,20260701,6054
20260701,影视动漫,夜王粤语在线观看高清,449,20260701,6055
20260701,影视动漫,理想之城剧情介绍,449,20260701,6056
20260701,影视动漫,天鹅视频,449,20260701,6057
20260701,影视动漫,电视剧问心2,449,20260701,6058
20260701,影视动漫,舞蹈视频,449,20260701,6059
20260701,影视动漫,献给魔王大人动漫,449,20260701,6060
20260701,影视动漫,阳光灿烂的日子,449,20260701,6061
20260701,影视动漫,火狼动漫,449,20260701,6062
20260701,影视动漫,女子推理社第二季免费观看完整,448,20260701,6063
20260701,影视动漫,七日重生电影免费完整版在线观看,448,20260701,6064
20260701,影视动漫,梦中情人在线观看免费完整版高清下载,448,20260701,6065
20260701,影视动漫,韩国免费电影,448,20260701,6066
20260701,影视动漫,日剧《饥饿的女人》在线观看全集中,448,20260701,6067
20260701,影视动漫,《健身教练》第一季,448,20260701,6068
20260701,影视动漫,大秧歌电视剧全集免费观看,448,20260701,6069
20260701,影视动漫,苍狼,448,20260701,6070
20260701,影视动漫,红猫大本营,448,20260701,6071
20260701,影视动漫,摩登家庭,448,20260701,6072
20260701,影视动漫,仙逆动漫在线观看高清,448,20260701,6073
20260701,影视动漫,罗马的房子,447,20260701,6074
20260701,影视动漫,乐园侵蚀1~2集免费观看,447,20260701,6075
20260701,影视动漫,白鹿主演的电视剧大全,447,20260701,6076
20260701,影视动漫,姓爱自修室电视剧第一季在线播放,447,20260701,6077
20260701,影视动漫,我和僵尸有个约会 电视剧,447,20260701,6078
20260701,影视动漫,不良人,447,20260701,6079
20260701,影视动漫,饼干姐姐vlog圣诞特别篇百度视频,447,20260701,6080
20260701,影视动漫,家业1-40集完整版,447,20260701,6081
20260701,影视动漫,《莫离》40集免费,447,20260701,6082
20260701,影视动漫,电视剧免费观看,447,20260701,6083
20260701,影视动漫,红果漫剧,447,20260701,6084
20260701,影视动漫,少女革命,447,20260701,6085
20260701,影视动漫,粤正影视,447,20260701,6086
20260701,影视动漫,暮光同城在线观看完整免费高清原声满天星美剧在线观看,447,20260701,6087
20260701,影视动漫,霸王别姬 电影,447,20260701,6088
20260701,影视动漫,情人电影,447,20260701,6089
20260701,影视动漫,日本电影爱情免费观看电影大全,447,20260701,6090
20260701,影视动漫,归鸾在线观看电视剧,447,20260701,6091
20260701,影视动漫,风声 电视剧,446,20260701,6092
20260701,影视动漫,我的妻子5免费完整版高清电视中文,446,20260701,6093
20260701,影视动漫,光阴之外在线观看全集完整,446,20260701,6094
20260701,影视动漫,少年男仆库洛完整版,446,20260701,6095
20260701,影视动漫,会长是女仆大人,446,20260701,6096
20260701,影视动漫,种鬼完整视频,446,20260701,6097
20260701,影视动漫,落魄贵族琉璃川椿动漫完整版在线观看百度,446,20260701,6098
20260701,影视动漫,中国之声,446,20260701,6099
20260701,影视动漫,韩剧《隔壁的妻子》电视剧在线观看免费,446,20260701,6100
20260701,影视动漫,摇滚萝莉,446,20260701,6101
20260701,影视动漫,动漫《纯洁的修女》观看,446,20260701,6102
20260701,影视动漫,终末的女武神,446,20260701,6103
20260701,影视动漫,武器a,446,20260701,6104
20260701,影视动漫,刘嘉玲被劫后的照片高清大图视频,446,20260701,6105
20260701,影视动漫,佳偶天成演员表,446,20260701,6106
20260701,影视动漫,魔装学园,446,20260701,6107
20260701,影视动漫,横风动漫,446,20260701,6108
20260701,影视动漫,挡不住的风情电影,446,20260701,6109
20260701,影视动漫,莫离免费观看,446,20260701,6110
20260701,影视动漫,名侦探柯南剧场版,446,20260701,6111
20260701,影视动漫,潜渊演员表,445,20260701,6112
20260701,影视动漫,荷尔蒙4中文版,445,20260701,6113
20260701,影视动漫,谍战剧,445,20260701,6114
20260701,影视动漫,华丽的外出2,445,20260701,6115
20260701,影视动漫,韩剧检察官的提案,445,20260701,6116
20260701,影视动漫,奇迹,445,20260701,6117
20260701,影视动漫,低级犯罪电视剧免费观看,445,20260701,6118
20260701,影视动漫,热带雨,445,20260701,6119
20260701,影视动漫,木瓜影视,445,20260701,6120
20260701,影视动漫,驻站电视剧,445,20260701,6121
20260701,影视动漫,潜渊,445,20260701,6122
20260701,影视动漫,明星大侦探第十一季在线观看完整版,445,20260701,6123
20260701,影视动漫,放羊的星星,445,20260701,6124
20260701,影视动漫,僧侣之夜樱花动漫第一季,445,20260701,6125
20260701,影视动漫,火影忍者疾风传全集720集免费观看,445,20260701,6126
20260701,影视动漫,白色相簿,445,20260701,6127
20260701,影视动漫,代替亲女儿喜欢你动漫全集在线观看,445,20260701,6128
20260701,影视动漫,skam法版,445,20260701,6129
20260701,影视动漫,夫妻二人适合看的电影,444,20260701,6130
20260701,影视动漫,地球超新鲜综艺免费观看,444,20260701,6131
20260701,影视动漫,蓝色生死恋,444,20260701,6132
20260701,影视动漫,国乐无双在线观看免费高清版全集,444,20260701,6133
20260701,影视动漫,昨夜将至在线看电视剧,444,20260701,6134
20260701,影视动漫,悲情城市,444,20260701,6135
20260701,影视动漫,欧式少女大人16集全剧情观看,444,20260701,6136
20260701,影视动漫,新版《四渡》电影2026,444,20260701,6137
20260701,影视动漫,tiktok国际版抖音,444,20260701,6138
20260701,影视动漫,防务新观察,444,20260701,6139
20260701,影视动漫,潜伏电视剧免费观看完整版高清,444,20260701,6140
20260701,影视动漫,三大队免费完整版电视剧,443,20260701,6141
20260701,影视动漫,牧神记动漫在线观看,443,20260701,6142
20260701,影视动漫,央视影音,443,20260701,6143
20260701,影视动漫,问心2全集在线观看免费,443,20260701,6144
20260701,影视动漫,17·C13起草百度视频,443,20260701,6145
20260701,影视动漫,重生之征服郭师母短剧在线观看,443,20260701,6146
20260701,影视动漫,龙年档案 电视剧,443,20260701,6147
20260701,影视动漫,中央电视台5,443,20260701,6148
20260701,影视动漫,归鸾电视剧,443,20260701,6149
20260701,影视动漫,鞠婧祎《千香引》,443,20260701,6150
20260701,影视动漫,王牌部队 电视剧,443,20260701,6151
20260701,影视动漫,步步惊心电视剧全集免费播放,443,20260701,6152
20260701,影视动漫,南来北往电视剧演员表,442,20260701,6153
20260701,影视动漫,公的浮之手日剧免费观看,442,20260701,6154
20260701,影视动漫,乐高幻影忍者,442,20260701,6155
20260701,影视动漫,前途无量电视剧免费观看高清,442,20260701,6156
20260701,影视动漫,跑男第十三季正片免费,442,20260701,6157
20260701,影视动漫,秋蝉,442,20260701,6158
20260701,影视动漫,cctv—1直播在线观看,442,20260701,6159
20260701,影视动漫,桔子tv,442,20260701,6160
20260701,影视动漫,包括他的极限2 美国电影,442,20260701,6161
20260701,影视动漫,妻子5韩剧免费全集在线播放,442,20260701,6162
20260701,影视动漫,楚汉传奇 电视剧,442,20260701,6163
20260701,影视动漫,你和我的倾城时光 电视剧,441,20260701,6164
20260701,影视动漫,漂白电视剧在线观看免费全集,441,20260701,6165
20260701,影视动漫,杀戮天使,441,20260701,6166
20260701,影视动漫,《堕落的家人》动漫在线观看全集,441,20260701,6167
20260701,影视动漫,封神英雄榜,441,20260701,6168
20260701,影视动漫,斗罗大陆绝世唐门二全集免费观看,441,20260701,6169
20260701,影视动漫,美人心计,441,20260701,6170
20260701,影视动漫,魔戒,441,20260701,6171
20260701,影视动漫,大赢家,441,20260701,6172
20260701,影视动漫,再次为你未删减完整版泰剧在线观看中文,441,20260701,6173
20260701,影视动漫,《莫离》免费观看全集,441,20260701,6174
20260701,影视动漫,紫川第二部在线观看全集免费观看,441,20260701,6175
20260701,影视动漫,狂飙免费观看视频,441,20260701,6176
20260701,影视动漫,星际穿越 电影,441,20260701,6177
20260701,影视动漫,悟空影院,441,20260701,6178
20260701,影视动漫,完美世界在线视频观看完整版免费,441,20260701,6179
20260701,影视动漫,不可饶恕,440,20260701,6180
20260701,影视动漫,现在就出发 第三季,440,20260701,6181
20260701,影视动漫,蜜逃视频,440,20260701,6182
20260701,影视动漫,最食人间烟火气电视剧在线观看,440,20260701,6183
20260701,影视动漫,抖音客服,440,20260701,6184
20260701,影视动漫,苹果在线完整免费观看电影投影电视剧的软件有哪些,440,20260701,6185
20260701,影视动漫,金特务本色回归在线观看免费完整版,440,20260701,6186
20260701,影视动漫,南部档案电视剧观看,440,20260701,6187
20260701,影视动漫,首页2百度免费中心八度电影,440,20260701,6188
20260701,影视动漫,让妻子参加同学聚会后动漫免费观看第一季百度,440,20260701,6189
20260701,影视动漫,天定良元双男主电视剧免费观看,440,20260701,6190
20260701,影视动漫,昨夜将至在线观看电视剧完整版,440,20260701,6191
20260701,影视动漫,绝世唐门2免费观看高清版,440,20260701,6192
20260701,影视动漫,贼王1995无删减完整版百度云,440,20260701,6193
20260701,影视动漫,庆祝建党105周年直播视频,440,20260701,6194
20260701,影视动漫,《1976农场主的女儿们》,439,20260701,6195
20260701,影视动漫,有罪之身电视剧在线观看,439,20260701,6196
20260701,影视动漫,酱视频,439,20260701,6197
20260701,影视动漫,航海王,439,20260701,6198
20260701,影视动漫,守护解放西,439,20260701,6199
20260701,影视动漫,回复术士的重启人生动画第一季,439,20260701,6200
20260701,影视动漫,主角在线观看,439,20260701,6201
20260701,影视动漫,浪漫满屋,439,20260701,6202
20260701,影视动漫,销魂视频,439,20260701,6203
20260701,影视动漫,超人,439,20260701,6204
20260701,影视动漫,韩剧《她很漂亮》在线,439,20260701,6205
20260701,影视动漫,宋承宪《隐藏的面孔》,439,20260701,6206
20260701,影视动漫,泡在我家的辣妹同意免费观看动画片全集第,439,20260701,6207
20260701,影视动漫,千古玦尘电视剧全集免费观看,439,20260701,6208
20260701,影视动漫,工作细胞,439,20260701,6209
20260701,影视动漫,热血高校,439,20260701,6210
20260701,影视动漫,青春期的学刁动漫 免费观看,439,20260701,6211
20260701,影视动漫,动作大片在线观看电影,439,20260701,6212
20260701,影视动漫,哈哈哈哈哈第六季在线播放,439,20260701,6213
20260701,影视动漫,回不去的夜晚2免费观看全集,438,20260701,6214
20260701,影视动漫,疯狂的爱泰剧全集在线观看免费高清版,438,20260701,6215
20260701,影视动漫,美式保罗4经典版,438,20260701,6216
20260701,影视动漫,僵尸未删减版有多恐怖,438,20260701,6217
20260701,影视动漫,隐秘的面孔,438,20260701,6218
20260701,影视动漫,炼狱电影免费观看,438,20260701,6219
20260701,影视动漫,少女尖叫之夜1-13集全集,438,20260701,6220
20260701,影视动漫,玩具总动员2,438,20260701,6221
20260701,影视动漫,杖与剑的魔剑谭,438,20260701,6222
20260701,影视动漫,高达,438,20260701,6223
20260701,影视动漫,我的初恋不可能是姐姐第一季动漫,438,20260701,6224
20260701,影视动漫,再一次重温动漫在线观看全集,438,20260701,6225
20260701,影视动漫,检察官的提案电视剧,438,20260701,6226
20260701,影视动漫,凡人歌演员表,438,20260701,6227
20260701,影视动漫,地下地上演员表介绍,438,20260701,6228
20260701,影视动漫,庆余年第二季高清在线播放,438,20260701,6229
20260701,影视动漫,宋承宪林智妍电影 《人间中毒》,438,20260701,6230
20260701,影视动漫,影视飓风,438,20260701,6231
20260701,影视动漫,恶作剧之吻第一部电视剧免费观看,438,20260701,6232
20260701,影视动漫,无耻之徒第二季,437,20260701,6233
20260701,影视动漫,痴梦少女动漫第一季百度云,437,20260701,6234
20260701,影视动漫,火影忍者动漫,437,20260701,6235
20260701,影视动漫,CCTV5 体育频道,437,20260701,6236
20260701,影视动漫,甄嬛传在线观看视频在线播放免费,437,20260701,6237
20260701,影视动漫,田螺艳鬼1988台湾版演员是蒋,437,20260701,6238
20260701,影视动漫,黑帮大佬和我的360天,437,20260701,6239
20260701,影视动漫,沉香,437,20260701,6240
20260701,影视动漫,高校教师1993,437,20260701,6241
20260701,影视动漫,激情片段,437,20260701,6242
20260701,影视动漫,蒂蒂有话说电影免费观看百度云,436,20260701,6243
20260701,影视动漫,天才基本法 电视剧,436,20260701,6244
20260701,影视动漫,金发甜心动漫免费观看全集高清版,436,20260701,6245
20260701,影视动漫,恶魔之口在线观看,436,20260701,6246
20260701,影视动漫,泰剧腐剧十大巅峰之作,436,20260701,6247
20260701,影视动漫,成全视频观看免费高清第1季第5集,436,20260701,6248
20260701,影视动漫,韩剧《我的私人家教》在线观看,436,20260701,6249
20260701,影视动漫,爸爸去哪儿第一季免费观看全集,436,20260701,6250
20260701,影视动漫,雪中悍刀行第二季全集免费完整版,436,20260701,6251
20260701,影视动漫,继父的逆袭短剧,436,20260701,6252
20260701,影视动漫,丁香花国语版免费高清全集,436,20260701,6253
20260701,影视动漫,扫恶电影在线观看免费,436,20260701,6254
20260701,影视动漫,激战丛林意大利版本电影在线观看,436,20260701,6255
20260701,影视动漫,林中小屋,436,20260701,6256
20260701,影视动漫,乱马1/2真人版,436,20260701,6257
20260701,影视动漫,人世间电视剧全集免费观看人世间剧情介绍,436,20260701,6258
20260701,影视动漫,快手视频,436,20260701,6259
20260701,影视动漫,地球超新鲜第2季免费观看,436,20260701,6260
20260701,影视动漫,我的前半生2视频观看全集免费,436,20260701,6261
20260701,影视动漫,《对不起丈夫请原谅》中文版百度云,436,20260701,6262
20260701,影视动漫,jrs低调看直播,435,20260701,6263
20260701,影视动漫,开始推理吧第四季免费观看完整版,435,20260701,6264
20260701,影视动漫,五套中央5台直播,435,20260701,6265
20260701,影视动漫,CCTV5十今天节目单表(全部)腾讯体育磁,435,20260701,6266
20260701,影视动漫,沉默的荣耀免费观看完整版高清视频,435,20260701,6267
20260701,影视动漫,开始推理吧第二季,435,20260701,6268
20260701,影视动漫,小欢喜电视剧免费观看全集,435,20260701,6269
20260701,影视动漫,超级名模,435,20260701,6270
20260701,影视动漫,《生命树》电视剧,435,20260701,6271
20260701,影视动漫,紫色,435,20260701,6272
20260701,影视动漫,妻本善良电视剧全集剧,434,20260701,6273
20260701,影视动漫,告诉我你想要什么,434,20260701,6274
20260701,影视动漫,哈利波特与密室,434,20260701,6275
20260701,影视动漫,黑暗圣经2动漫第二季免费观看最新章节,434,20260701,6276
20260701,影视动漫,到了30岁还是单身就会变成魔法师,434,20260701,6277
20260701,影视动漫,炼气十万年动漫免费观看完整版,434,20260701,6278
20260701,影视动漫,电影苹果,434,20260701,6279
20260701,影视动漫,金特工,434,20260701,6280
20260701,影视动漫,南部档案2,434,20260701,6281
20260701,影视动漫,西瓜电影,434,20260701,6282
20260701,影视动漫,精灵之森,433,20260701,6283
20260701,影视动漫,金瓶梅电视剧全集电视剧在线看免费观看,433,20260701,6284
20260701,影视动漫,周生如故,433,20260701,6285
20260701,影视动漫,六姊妹电视连续剧,433,20260701,6286
20260701,影视动漫,中央一套cctv1直播在线观看,433,20260701,6287
20260701,影视动漫,我的前半生免费观看,433,20260701,6288
20260701,影视动漫,小远ovo第四期vlog完整视频免费观看,433,20260701,6289
20260701,影视动漫,黑暗荣耀 第二季 电视剧,433,20260701,6290
20260701,影视动漫,故乡别来无恙电视剧,433,20260701,6291
20260701,影视动漫,胡歌演的电视剧,433,20260701,6292
20260701,影视动漫,金粉世家,433,20260701,6293
20260701,影视动漫,徐大逆天改命完整版在线观看,433,20260701,6294
20260701,影视动漫,姐弟2,433,20260701,6295
20260701,影视动漫,献身给魔王伊伏洛基亚吧!,433,20260701,6296
20260701,影视动漫,漂泊者 电影完整版,433,20260701,6297
20260701,影视动漫,最后的吸血鬼电影完整版在线观看中文,432,20260701,6298
20260701,影视动漫,棍之勇者,432,20260701,6299
20260701,影视动漫,海底小纵队免费观看完整版,432,20260701,6300
20260701,影视动漫,隔壁女孩2,432,20260701,6301
20260701,影视动漫,悬案什么时候播出,432,20260701,6302
20260701,影视动漫,美剧推荐(十大必看),432,20260701,6303
20260701,影视动漫,影,432,20260701,6304
20260701,影视动漫,华丽外出,432,20260701,6305
20260701,影视动漫,《地球超新鲜》免费观看完整免费,432,20260701,6306
20260701,影视动漫,琅琊榜在线看全集免费观看高清,431,20260701,6307
20260701,影视动漫,白鹿《莫离》免费观看,431,20260701,6308
20260701,影视动漫,爸爸当家第五季在线观看完整版高清,431,20260701,6309
20260701,影视动漫,葡萄成熟时,431,20260701,6310
20260701,影视动漫,恶作剧之吻,431,20260701,6311
20260701,影视动漫,火影忍者博人传全集免费观看完整版高清,431,20260701,6312
20260701,影视动漫,大牛影视剧在线观看免费完整版国语,431,20260701,6313
20260701,影视动漫,好好的时光电视剧,431,20260701,6314
20260701,影视动漫,哈哈哈哈哈第2季,431,20260701,6315
20260701,影视动漫,沉默的荣耀 剧情介绍,431,20260701,6316
20260701,影视动漫,极限挑战第二季全集,431,20260701,6317
20260701,影视动漫,豺狼的日子第一季,431,20260701,6318
20260701,影视动漫,陆贞传奇 电视剧,431,20260701,6319
20260701,影视动漫,人间至味是清欢 电视剧,431,20260701,6320
20260701,影视动漫,丁度巴拉斯经典10部电影,431,20260701,6321
20260701,影视动漫,聊斋志异灯草灰和尚,431,20260701,6322
20260701,影视动漫,可可影视app官网下载,431,20260701,6323
20260701,影视动漫,花为眉,431,20260701,6324
20260701,影视动漫,撕裂人,431,20260701,6325
20260701,影视动漫,百万元与苦虫女,431,20260701,6326
20260701,影视动漫,frontinncent第一集免费观看百度,431,20260701,6327
20260701,影视动漫,日本在线观看高清版电视剧,431,20260701,6328
20260701,影视动漫,与鸭共舞电影任达华在线观看国语,431,20260701,6329
20260701,影视动漫,奇妙的美发沙龙,431,20260701,6330
20260701,影视动漫,降世神通,431,20260701,6331
20260701,影视动漫,棍之勇者的重启人生第一季,431,20260701,6332
20260701,影视动漫,good电影,431,20260701,6333
20260701,影视动漫,安娜的秘密,431,20260701,6334
20260701,影视动漫,小徐动画,430,20260701,6335
20260701,影视动漫,间谍过家家第三季免费观看完整版,430,20260701,6336
20260701,影视动漫,动漫片,430,20260701,6337
20260701,影视动漫,火线三兄弟电视剧高清全集免费观看,430,20260701,6338
20260701,影视动漫,爱丽丝梦游仙境,430,20260701,6339
20260701,影视动漫,耀眼电视剧全集免费,430,20260701,6340
20260701,影视动漫,圣痕的亚莉亚,430,20260701,6341
20260701,影视动漫,雷欧奥特曼,430,20260701,6342
20260701,影视动漫,迷你特工队,430,20260701,6343
20260701,影视动漫,南部档案馆免费观看,430,20260701,6344
20260701,影视动漫,爱情公寓1,430,20260701,6345
20260701,影视动漫,春山境免费观看电视剧,430,20260701,6346
20260701,影视动漫,七一直播在哪儿看,430,20260701,6347
20260701,影视动漫,王楚然演过的电视剧,430,20260701,6348
20260701,影视动漫,黑袍纠察队第三季,430,20260701,6349
20260701,影视动漫,幸福花园动漫电视剧全集免费观看,430,20260701,6350
20260701,影视动漫,开天辟地电影,430,20260701,6351
20260701,影视动漫,电影在线观看免费观看高清,430,20260701,6352
20260701,影视动漫,骨语,430,20260701,6353
20260701,影视动漫,"再见,怦然心动 电视剧",429,20260701,6354
20260701,影视动漫,盗梦空间,429,20260701,6355
20260701,影视动漫,千香引高清在线观看电视剧,429,20260701,6356
20260701,影视动漫,主角电视连续剧完整版,429,20260701,6357
20260701,影视动漫,目之所及电视剧,429,20260701,6358
20260701,影视动漫,危机航线 电影,429,20260701,6359
20260701,影视动漫,入戏泰剧在线观看全集,429,20260701,6360
20260701,影视动漫,意大利《我的夫人》,429,20260701,6361
20260701,影视动漫,freeok追剧也很卷,429,20260701,6362
20260701,影视动漫,错伏 电视剧,429,20260701,6363
20260701,影视动漫,宰相刘罗锅,429,20260701,6364
20260701,影视动漫,校园之外美剧第一季,429,20260701,6365
20260701,影视动漫,黑帮大佬的第三季,429,20260701,6366
20260701,影视动漫,地球超新星第二季免费观看完整版高清,428,20260701,6367
20260701,影视动漫,三生三世十里桃花女主角是谁,428,20260701,6368
20260701,影视动漫,庆余年演员表,428,20260701,6369
20260701,影视动漫,《小欢喜》电视剧,428,20260701,6370
20260701,影视动漫,斗破苍穹在线观看全集免费播放,428,20260701,6371
20260701,影视动漫,开始推理吧 第四季 综艺免费观看,428,20260701,6372
20260701,影视动漫,绝代双骄演员表,428,20260701,6373
20260701,影视动漫,被丈夫和情敌一起囚禁了怎么了,428,20260701,6374
20260701,影视动漫,西瓜视频电影电视剧免费观看,428,20260701,6375
20260701,影视动漫,大地中文在线观看免费播放电视剧,428,20260701,6376
20260701,影视动漫,电影免费观看,428,20260701,6377
20260701,影视动漫,黑白禁区 电视剧,428,20260701,6378
20260701,影视动漫,2026巅峰说唱免费完整版,428,20260701,6379
20260701,影视动漫,只要你过得比我好电视剧免费观看第一集图片大全,428,20260701,6380
20260701,影视动漫,现在拨打的电话韩剧在线看免费版,428,20260701,6381
20260701,影视动漫,爱情怎么翻译,428,20260701,6382
20260701,影视动漫,《入戏》双男主免费看全集,428,20260701,6383
20260701,影视动漫,密室大逃脱第6季,428,20260701,6384
20260701,影视动漫,菲律宾电影2026,428,20260701,6385
20260701,影视动漫,中央CCTV5直播节目,428,20260701,6386
20260701,影视动漫,年年有熊完整版观看电影,428,20260701,6387
20260701,影视动漫,揭秘日2026高清完整版在线观看,428,20260701,6388
20260701,影视动漫,完美世界动漫在线观看全集免费播放,427,20260701,6389
20260701,影视动漫,电影四渡多长时间,427,20260701,6390
20260701,影视动漫,先锋影音,427,20260701,6391
20260701,影视动漫,日剧《缠绕的夜晚》全集在线观看,427,20260701,6392
20260701,影视动漫,护士,427,20260701,6393
20260701,影视动漫,长江,427,20260701,6394
20260701,影视动漫,低智商犯罪在线观看,427,20260701,6395
20260701,影视动漫,236宅宅电视剧神奇影院百度云,427,20260701,6396
20260701,影视动漫,红色电视剧,427,20260701,6397
20260701,影视动漫,春夏秋冬又一春 电影,427,20260701,6398
20260701,影视动漫,龙珠传奇 电视剧,427,20260701,6399
20260701,影视动漫,佟大为演的昨夜将至在线观看,427,20260701,6400
20260701,影视动漫,慕尼黑,427,20260701,6401
20260701,影视动漫,错位电视剧的剧情介绍,427,20260701,6402
20260701,影视动漫,千香电视剧免费观看全集,427,20260701,6403
20260701,影视动漫,舒淇和徐锦江演的电影名字,427,20260701,6404
20260701,影视动漫,神雕侠侣 电视剧,427,20260701,6405
20260701,影视动漫,甜蜜惩罚第一季全集免费完整,427,20260701,6406
20260701,影视动漫,美味快递,427,20260701,6407
20260701,影视动漫,杀戮屋2025在线观看高清,426,20260701,6408
20260701,影视动漫,唐伯虎点秋香 电影,426,20260701,6409
20260701,影视动漫,乡村爱情2,426,20260701,6410
20260701,影视动漫,灵笼动漫第二季,426,20260701,6411
20260701,影视动漫,高清视频,426,20260701,6412
20260701,影视动漫,青梅竹马是消防员第二季动漫无删减版百度网盘,426,20260701,6413
20260701,影视动漫,法国监狱电影在线观看完整版,426,20260701,6414
20260701,影视动漫,中国老太太免费观看高清电视剧,426,20260701,6415
20260701,影视动漫,2026电视剧,426,20260701,6416
20260701,影视动漫,依娜和恰恰动画片全集免费观看,426,20260701,6417
20260701,影视动漫,黑夜将至电视剧免费观看,426,20260701,6418
20260701,影视动漫,女子格斗,426,20260701,6419
20260701,影视动漫,欲奴第二季,426,20260701,6420
20260701,影视动漫,长月烬明电视剧免费观看完整版演员表,426,20260701,6421
20260701,影视动漫,佳偶天成免费观看全集高清流畅版,425,20260701,6422
20260701,影视动漫,箭在弦上,425,20260701,6423
20260701,影视动漫,赶尸奇谈,425,20260701,6424
20260701,影视动漫,绿皮书,425,20260701,6425
20260701,影视动漫,给阿嬷的情书票房实时,425,20260701,6426
20260701,影视动漫,逐玉演员表,425,20260701,6427
20260701,影视动漫,韶华若锦,425,20260701,6428
20260701,影视动漫,红雀在线观看完整免费高清原声满天星悬疑片,425,20260701,6429
20260701,影视动漫,天堂之囚电影完整版1992,425,20260701,6430
20260701,影视动漫,《炽热》全集免费观看,425,20260701,6431
20260701,影视动漫,丛林激战,425,20260701,6432
20260701,影视动漫,17岁高中生在线播放电视剧,425,20260701,6433
20260701,影视动漫,二炮手电视剧免费观看完整版,425,20260701,6434
20260701,影视动漫,嫉妒,425,20260701,6435
20260701,影视动漫,超能路人甲韩剧,425,20260701,6436
20260701,影视动漫,余生请多指教免费观看电视剧,425,20260701,6437
20260701,影视动漫,88影视网,425,20260701,6438
20260701,影视动漫,忘年恋曲 电影,424,20260701,6439
20260701,影视动漫,幸福人生,424,20260701,6440
20260701,影视动漫,坠落2电影高清在线观看,424,20260701,6441
20260701,影视动漫,离婚前规则电视剧全集免费观看,424,20260701,6442
20260701,影视动漫,小小影视官网,424,20260701,6443
20260701,影视动漫,《图书女朋友》动漫免费观看,424,20260701,6444
20260701,影视动漫,金鱼妻,424,20260701,6445
20260701,影视动漫,父子粤语里截取的一段,424,20260701,6446
20260701,影视动漫,北平无战事电视剧全集在线观看,424,20260701,6447
20260701,影视动漫,吻戏激情,424,20260701,6448
20260701,影视动漫,王牌对王牌第9季免费观看完整版,424,20260701,6449
20260701,影视动漫,重启之听雷第二季全集在线观看 免费,424,20260701,6450
20260701,影视动漫,凡人修仙传180集完整观看视频,424,20260701,6451
20260701,影视动漫,插翅难逃,424,20260701,6452
20260701,影视动漫,好看的动漫,424,20260701,6453
20260701,影视动漫,黑帮大佬爱上我结局,424,20260701,6454
20260701,影视动漫,娜塔莉的情人韩剧在线观看免费全集电视剧高清播放,424,20260701,6455
20260701,影视动漫,《小狗乖乖》动漫全集,424,20260701,6456
20260701,影视动漫,cctv5 体育频道直播在线观看,424,20260701,6457
20260701,影视动漫,无可奈何电影完整版免费观看全集高清版,424,20260701,6458
20260701,影视动漫,蜡笔小新电影,423,20260701,6459
20260701,影视动漫,特邀送货员2普通话版,423,20260701,6460
20260701,影视动漫,死亡笔记动漫电影在线观看,423,20260701,6461
20260701,影视动漫,谜案拼图免费观看全集完整版,423,20260701,6462
20260701,影视动漫,电影《爱上母亲》,423,20260701,6463
20260701,影视动漫,昼颜日剧完整版在哪里看,423,20260701,6464
20260701,影视动漫,壮志凌云,423,20260701,6465
20260701,影视动漫,挣扎吧亚当君第二季免费观看全集高清版百度云,423,20260701,6466
20260701,影视动漫,辣身危情电影,423,20260701,6467
20260701,影视动漫,给阿嬷的情书免费观看电影完整版潮汕话百度网盘,423,20260701,6468
20260701,影视动漫,寄宿公寓,423,20260701,6469
20260701,影视动漫,都挺好免费观看完整版电视剧剧情小石被报警是多少集,423,20260701,6470
20260701,影视动漫,看见恶魔韩剧无删减版在线观看,423,20260701,6471
20260701,影视动漫,吸血鬼骑士,423,20260701,6472
20260701,影视动漫,叔嫂韩剧,423,20260701,6473
20260701,影视动漫,《主角》1-48集完整版剧情,423,20260701,6474
20260701,影视动漫,透明人,423,20260701,6475
20260701,影视动漫,90分钟在线观看免费版电视剧全集,423,20260701,6476
20260701,影视动漫,二十不惑2电视剧全集免费观看完整版,423,20260701,6477
20260701,影视动漫,加百列的地狱,423,20260701,6478
20260701,影视动漫,蛮好的人生电视剧在线播放,423,20260701,6479
20260701,影视动漫,羞羞的视频,423,20260701,6480
20260701,影视动漫,地球超新鲜第二季免费观看2026,423,20260701,6481
20260701,影视动漫,新僵尸先生 电影,422,20260701,6482
20260701,影视动漫,《开始推理吧4》,422,20260701,6483
20260701,影视动漫,志愿军:存亡之战 电影,422,20260701,6484
20260701,影视动漫,灵魂摆渡2,422,20260701,6485
20260701,影视动漫,外来媳妇本地郎,422,20260701,6486
20260701,影视动漫,免费观看30分钟高清电视剧国语版,422,20260701,6487
20260701,影视动漫,霞姐传奇,422,20260701,6488
20260701,影视动漫,动漫推荐,422,20260701,6489
20260701,影视动漫,蛋仔派对惊魂寻宝队视频,422,20260701,6490
20260701,影视动漫,CCTV5体育直播,422,20260701,6491
20260701,影视动漫,姜子牙,421,20260701,6492
20260701,影视动漫,家庭教师第二季,421,20260701,6493
20260701,影视动漫,憨豆先生,421,20260701,6494
20260701,影视动漫,血色浪漫电视剧免费观看完整版,421,20260701,6495
20260701,影视动漫,央视CCTV5十直播高清,421,20260701,6496
20260701,影视动漫,有翡电视剧免费观看完整版高清,421,20260701,6497
20260701,影视动漫,少女尖叫之夜1到5集,421,20260701,6498
20260701,影视动漫,998影院电视剧免费观看大全最新网站,420,20260701,6499
20260701,影视动漫,问心1电视剧免费播放完整版高清,420,20260701,6500
20260701,影视动漫,无法忍受,420,20260701,6501
20260701,影视动漫,爸爸当家五季2026免费观看,420,20260701,6502
20260701,影视动漫,世界杯直播现场直播在线观看,420,20260701,6503
20260701,影视动漫,我和黑榜大佬的三百六十五天第1季,420,20260701,6504
20260701,影视动漫,cctv5 直播观看正在直播,420,20260701,6505
20260701,影视动漫,长相思演员表,420,20260701,6506
20260701,影视动漫,云秀行在线观看,420,20260701,6507
20260701,影视动漫,请回答1988 电视剧,420,20260701,6508
20260701,影视动漫,电影中南 海保镖李连杰国语全集,420,20260701,6509
20260701,影视动漫,别对我动心电视剧全集,420,20260701,6510
20260701,影视动漫,星月征途,420,20260701,6511
20260701,影视动漫,勾魂噩梦,420,20260701,6512
20260701,影视动漫,cCTV5,420,20260701,6513
20260701,影视动漫,哈尔滨1944,419,20260701,6514
20260701,影视动漫,梅川电影叫什么名字,419,20260701,6515
20260701,影视动漫,白日梦我,419,20260701,6516
20260701,影视动漫,灭火空姐电影,419,20260701,6517
20260701,影视动漫,家业剧情简介,419,20260701,6518
20260701,影视动漫,电影票房实时最新,419,20260701,6519
20260701,影视动漫,大地资源二高清在线观看播放大地电视剧狼烟北平,419,20260701,6520
20260701,影视动漫,斗破苍穹年番版在线观看免费完整版影视,419,20260701,6521
20260701,影视动漫,狂飙演员表,419,20260701,6522
20260701,影视动漫,激战后厨7,419,20260701,6523
20260701,影视动漫,度华年 电视剧,419,20260701,6524
20260701,影视动漫,我们的少年时代2,419,20260701,6525
20260701,影视动漫,安乐战场,419,20260701,6526
20260701,影视动漫,妈妈喝骂动漫,419,20260701,6527
20260701,影视动漫,熊出没之丛林总动员,419,20260701,6528
20260701,影视动漫,动物,419,20260701,6529
20260701,影视动漫,好好时光免费观看40集电视剧,419,20260701,6530
20260701,影视动漫,聊斋艳谭之五通神大战三狐仙电影,419,20260701,6531
20260701,影视动漫,光渊1-30普通话版中文字幕,419,20260701,6532
20260701,影视动漫,部长夫人的美貌日剧百度云,419,20260701,6533
20260701,影视动漫,少女突击,418,20260701,6534
20260701,影视动漫,电视剧问心2剧情介绍,418,20260701,6535
20260701,影视动漫,打扑克视频,418,20260701,6536
20260701,影视动漫,妈妈女婿中文配音全集,418,20260701,6537
20260701,影视动漫,喜人奇妙夜第二季完整版,418,20260701,6538
20260701,影视动漫,千香在线观看电视剧在线观看,418,20260701,6539
20260701,影视动漫,亚马逊热盒电影免费观看完整版,418,20260701,6540
20260701,影视动漫,哈利波特3,418,20260701,6541
20260701,影视动漫,免费大片app,418,20260701,6542
20260701,影视动漫,我们的宿舍归心季2026在线观看,418,20260701,6543
20260701,影视动漫,仿生人妻子,418,20260701,6544
20260701,影视动漫,修车危机动漫版第一季在线播放,418,20260701,6545
20260701,影视动漫,味道2,418,20260701,6546
20260701,影视动漫,少女大人,418,20260701,6547
20260701,影视动漫,女大学生的沙龙,418,20260701,6548
20260701,影视动漫,消失的她 电影,418,20260701,6549
20260701,影视动漫,西贡日落,418,20260701,6550
20260701,影视动漫,大鱼海棠电影免费观看完整版,418,20260701,6551
20260701,影视动漫,xl司令免费观看全集高清在线,418,20260701,6552
20260701,影视动漫,守护者们电视剧免费观看完整版,418,20260701,6553
20260701,影视动漫,bilibili官网网页入口,418,20260701,6554
20260701,影视动漫,陈宝莲作品,418,20260701,6555
20260701,影视动漫,意大利风情电影免费观看完整版泰坦尼克号电影,417,20260701,6556
20260701,影视动漫,沉默的羔羊,417,20260701,6557
20260701,影视动漫,怦然心动20岁第五季,417,20260701,6558
20260701,影视动漫,血战湘江,417,20260701,6559
20260701,影视动漫,机智的医生生活,417,20260701,6560
20260701,影视动漫,荒岛求生,417,20260701,6561
20260701,影视动漫,箱中女,417,20260701,6562
20260701,影视动漫,韩剧网韩剧Tv在线观看,417,20260701,6563
20260701,影视动漫,斯巴达克斯在线,417,20260701,6564
20260701,影视动漫,神探夏洛克,417,20260701,6565
20260701,影视动漫,吻戏原声哔哩哔,417,20260701,6566
20260701,影视动漫,李丽珍的全部电影国语版,417,20260701,6567
20260701,影视动漫,CCTV5正在播放乒乓球比赛,417,20260701,6568
20260701,影视动漫,金特务本色回归第三集,417,20260701,6569
20260701,影视动漫,少年派1电视剧全集免费观看,416,20260701,6570
20260701,影视动漫,风流冤鬼电影在线观看完整版国语高清 百度网盘,416,20260701,6571
20260701,影视动漫,大地影视资源在线观看免费播放,416,20260701,6572
20260701,影视动漫,爱上特种兵在线观看免费完整版,416,20260701,6573
20260701,影视动漫,边水往事,416,20260701,6574
20260701,影视动漫,朋友的女朋友,416,20260701,6575
20260701,影视动漫,惊变谍战电视剧,416,20260701,6576
20260701,影视动漫,《娃娃脸》,416,20260701,6577
20260701,影视动漫,小别离,416,20260701,6578
20260701,影视动漫,牧神记在线观看全集免费播放,416,20260701,6579
20260701,影视动漫,票房实时排行榜,416,20260701,6580
20260701,影视动漫,胡乱的深见君动漫,416,20260701,6581
20260701,影视动漫,沙漠女王,416,20260701,6582
20260701,影视动漫,韩剧男仆人和女主,416,20260701,6583
20260701,影视动漫,母爱成瘾动漫在线观看全集免费高清版,416,20260701,6584
20260701,影视动漫,中国历史纪录片100集在线观看,415,20260701,6585
20260701,影视动漫,新来的女教师,415,20260701,6586
20260701,影视动漫,日剧二人世界第10集,415,20260701,6587
20260701,影视动漫,沧元图第三季,415,20260701,6588
20260701,影视动漫,光荣时代电视剧免费观看,415,20260701,6589
20260701,影视动漫,从零开始的异世界生活第四季,415,20260701,6590
20260701,影视动漫,2018中文高清在线观看电视剧免费播放,415,20260701,6591
20260701,影视动漫,打蛇香港电影打蛇完整版,415,20260701,6592
20260701,影视动漫,僵尸校园2在线观看免费高清韩剧中文,415,20260701,6593
20260701,影视动漫,新水浒传,415,20260701,6594
20260701,影视动漫,问心2演员表名单,415,20260701,6595
20260701,影视动漫,四渡豆瓣评分,415,20260701,6596
20260701,影视动漫,神偷奶爸,414,20260701,6597
20260701,影视动漫,无赦之仇韩剧免费播放,414,20260701,6598
20260701,影视动漫,霜花店电影,414,20260701,6599
20260701,影视动漫,星辰视频,414,20260701,6600
20260701,影视动漫,749局,414,20260701,6601
20260701,影视动漫,电视剧家业,414,20260701,6602
20260701,影视动漫,燃烧电影,414,20260701,6603
20260701,影视动漫,生命树1-40集电视连续剧,414,20260701,6604
20260701,影视动漫,图书的女朋友动漫在线观看全集免费,414,20260701,6605
20260701,影视动漫,权欲之巅无删减版在线观看韩剧,414,20260701,6606
20260701,影视动漫,人与狗纪录片全集免费观看完整版,414,20260701,6607
20260701,影视动漫,黄景瑜电视剧大全,414,20260701,6608
20260701,影视动漫,谭松韵演过的全部电视剧,414,20260701,6609
20260701,影视动漫,炽夏电视剧在线,413,20260701,6610
20260701,影视动漫,血与沙第一季未删减版在线观看美剧网,413,20260701,6611
20260701,影视动漫,毒液,413,20260701,6612
20260701,影视动漫,新建文件夹 3,413,20260701,6613
20260701,影视动漫,麦乐迪女超人在线播放免费观看,413,20260701,6614
20260701,影视动漫,天注定,413,20260701,6615
20260701,影视动漫,韩剧<金部长>,413,20260701,6616
20260701,影视动漫,小别离 电视剧,413,20260701,6617
20260701,影视动漫,千香在线观看电视剧全集完整版免费,413,20260701,6618
20260701,影视动漫,overlord第五季,413,20260701,6619
20260701,影视动漫,惊弦电视剧全集免费观看百度网盘,413,20260701,6620
20260701,影视动漫,沧元图第一季免费观看全集完整版,413,20260701,6621
20260701,影视动漫,免费看片软件,413,20260701,6622
20260701,影视动漫,家业电视剧免费全集观看,413,20260701,6623
20260701,影视动漫,小小的肚子,413,20260701,6624
20260701,影视动漫,风云太白山电影免费播放,413,20260701,6625
20260701,影视动漫,唐伯虎甜心logo在线观看百度百科,412,20260701,6626
20260701,影视动漫,韩国视频,412,20260701,6627
20260701,影视动漫,金瓶梅电视剧全集电视剧国语,412,20260701,6628
20260701,影视动漫,目之所及电视剧免费观看王子文,412,20260701,6629
20260701,影视动漫,同性恋电影,412,20260701,6630
20260701,影视动漫,三年观看全集在线播放,412,20260701,6631
20260701,影视动漫,女巨人的袭击完整版,412,20260701,6632
20260701,影视动漫,情人别为我哭泣在线观看完整免费高清满天星美剧,412,20260701,6633
20260701,影视动漫,凡人修仙传180高清在线观看,412,20260701,6634
20260701,影视动漫,太平年剧情介绍,412,20260701,6635
20260701,影视动漫,百花杀在线观看免费完整版,412,20260701,6636
20260701,影视动漫,三年观看免费高清大全,412,20260701,6637
20260701,影视动漫,秩序电影高清完整版,412,20260701,6638
20260701,影视动漫,潘金莲的故事电视剧免费观看全集高清,412,20260701,6639
20260701,影视动漫,星辰影院电视剧免费观看完整版,412,20260701,6640
20260701,影视动漫,cctv5节目表在线,412,20260701,6641
20260701,影视动漫,拯救大兵瑞恩,412,20260701,6642
20260701,影视动漫,毒战韩国版,412,20260701,6643
20260701,影视动漫,一笑随歌,412,20260701,6644
20260701,影视动漫,家业演员表,412,20260701,6645
20260701,影视动漫,极乐女忍者电影在线看,411,20260701,6646
20260701,影视动漫,鬼怪,411,20260701,6647
20260701,影视动漫,《翘楚》全集免费看,411,20260701,6648
20260701,影视动漫,恋爱先生 电视剧,411,20260701,6649
20260701,影视动漫,动漫大全,411,20260701,6650
20260701,影视动漫,亲爱的热爱的电视剧,411,20260701,6651
20260701,影视动漫,少女弹珠汽水动漫完整版正版,411,20260701,6652
20260701,影视动漫,神兵小将,411,20260701,6653
20260701,影视动漫,沧元图第二季,411,20260701,6654
20260701,影视动漫,雷霆动物集体蹦迪鬼火老头集体漂移,411,20260701,6655
20260701,影视动漫,花间令免费观看完整版电视剧全集,411,20260701,6656
20260701,影视动漫,王佳佳新电视剧,411,20260701,6657
20260701,影视动漫,拯救大兵瑞恩 电影,411,20260701,6658
20260701,影视动漫,鬼灭之刃柱训练篇,411,20260701,6659
20260701,影视动漫,庆祝建党105周年视频,411,20260701,6660
20260701,影视动漫,基督山伯爵,411,20260701,6661
20260701,影视动漫,cctv5 节目表目表,411,20260701,6662
20260701,影视动漫,黑帮老大365,411,20260701,6663
20260701,影视动漫,你好旧时光,411,20260701,6664
20260701,影视动漫,受孕屋第一季动漫免费观看,411,20260701,6665
20260701,影视动漫,下载快手极速版免费下载安装,411,20260701,6666
20260701,影视动漫,燃罪在线观看免费完整版影视大全,411,20260701,6667
20260701,影视动漫,憧憬成为魔法少女第二季在哪里看,410,20260701,6668
20260701,影视动漫,回复术士的重启人生第二季,410,20260701,6669
20260701,影视动漫,二人世界免费观看电视剧,410,20260701,6670
20260701,影视动漫,千与千寻免费完整版观看国语版,410,20260701,6671
20260701,影视动漫,eva,410,20260701,6672
20260701,影视动漫,图书馆里的女朋友,410,20260701,6673
20260701,影视动漫,欲奴电视剧第一季全集美剧在线,410,20260701,6674
20260701,影视动漫,半暖时光电视剧免费播放,410,20260701,6675
20260701,影视动漫,外出电影,410,20260701,6676
20260701,影视动漫,金鹰奖2026年颁奖时间,410,20260701,6677
20260701,影视动漫,问心第二部在线观看,410,20260701,6678
20260701,影视动漫,私人家教电影完整版在线观看手机免费,409,20260701,6679
20260701,影视动漫,懒羊羊,409,20260701,6680
20260701,影视动漫,囧次元动漫app官方下载,409,20260701,6681
20260701,影视动漫,一眉道人,409,20260701,6682
20260701,影视动漫,爱恋2015电影在线观看完免费高清原声满天星美剧,409,20260701,6683
20260701,影视动漫,甜蜜惩罚动漫全集第一季完整版,409,20260701,6684
20260701,影视动漫,花儿与少年丝路季免费观看完整版,409,20260701,6685
20260701,影视动漫,张新成付辛博《深渊》,409,20260701,6686
20260701,影视动漫,光阴之外动漫免费观看高清完整版下载,409,20260701,6687
20260701,影视动漫,二十不惑,409,20260701,6688
20260701,影视动漫,美人心计 电视剧,409,20260701,6689
20260701,影视动漫,甜蜜惩罚1季全集完整在线看高清,409,20260701,6690
20260701,影视动漫,楚翘电视剧全集免费观看高清,409,20260701,6691
20260701,影视动漫,千香电视剧1-40集百度资源免费观看,409,20260701,6692
20260701,影视动漫,半熟恋人第五季免费完整版观看,409,20260701,6693
20260701,影视动漫,憋笑挑战,409,20260701,6694
20260701,影视动漫,央视13新闻频道直播在线观看,409,20260701,6695
20260701,影视动漫,封神2战火西岐电影,409,20260701,6696
20260701,影视动漫,南部档案电视剧免费观看完整版,408,20260701,6697
20260701,影视动漫,小姐韩剧中文版在线观看电视剧,408,20260701,6698
20260701,影视动漫,疯马秀是什么节目,408,20260701,6699
20260701,影视动漫,最新电视剧2026热播,408,20260701,6700
20260701,影视动漫,《欢乐树》赶尽杀绝免费观看,408,20260701,6701
20260701,影视动漫,cctv5节目表节目单,408,20260701,6702
20260701,影视动漫,操控游戏韩剧在线播放免费,408,20260701,6703
20260701,影视动漫,爱情真善美演员表,408,20260701,6704
20260701,影视动漫,汶川大地震,408,20260701,6705
20260701,影视动漫,韩国演艺圈19集全观看免费播放电视剧百度百科视频,408,20260701,6706
20260701,影视动漫,黄景瑜主演的电视剧大全免费观看,408,20260701,6707
20260701,影视动漫,主角剧情分集剧情介绍,408,20260701,6708
20260701,影视动漫,甜蜜惩罚我是看专属用宠物,408,20260701,6709
20260701,影视动漫,兰陵王,408,20260701,6710
20260701,影视动漫,偶像女友6集全集免费播放动漫版在线观看,408,20260701,6711
20260701,影视动漫,你也有今天 电视剧,408,20260701,6712
20260701,影视动漫,牛牛影视,408,20260701,6713
20260701,影视动漫,央视5套今天节目表,407,20260701,6714
20260701,影视动漫,中央广播电视总台直播,407,20260701,6715
20260701,影视动漫,xl司令的动漫全集在线播放,407,20260701,6716
20260701,影视动漫,生万物电视剧免费观看,407,20260701,6717
20260701,影视动漫,全职法师穆宁雪,407,20260701,6718
20260701,影视动漫,非伤之罪,407,20260701,6719
20260701,影视动漫,长安三万里,407,20260701,6720
20260701,影视动漫,9在线观看免费高清完整版在线观看明星大侦探动漫9,407,20260701,6721
20260701,影视动漫,《憧憬成为魔法少女》动漫,407,20260701,6722
20260701,影视动漫,问心2大结局,407,20260701,6723
20260701,影视动漫,今天CCTV5节目单,407,20260701,6724
20260701,影视动漫,妲己视频,407,20260701,6725
20260701,影视动漫,金牌得主第二季,407,20260701,6726
20260701,影视动漫,黑袍纠察队第二季在线看,407,20260701,6727
20260701,影视动漫,你的错误 电影伦敦版在线观看,407,20260701,6728
20260701,影视动漫,痒痒视频,407,20260701,6729
20260701,影视动漫,沉默荣耀40集免费观看,406,20260701,6730
20260701,影视动漫,邪杀在线观看,406,20260701,6731
20260701,影视动漫,爸爸当家第六季免费观看完整版,406,20260701,6732
20260701,影视动漫,远方的家电视剧全集免费观看,406,20260701,6733
20260701,影视动漫,翘楚电视剧观看,406,20260701,6734
20260701,影视动漫,外网舞蹈,406,20260701,6735
20260701,影视动漫,《楚汉传奇》80集全,406,20260701,6736
20260701,影视动漫,不能说的秘密,406,20260701,6737
20260701,影视动漫,6080新视觉电影网最新热播剧,406,20260701,6738
20260701,影视动漫,萌学园,406,20260701,6739
20260701,影视动漫,神奇动物在哪里,406,20260701,6740
20260701,影视动漫,凡人修仙传180,406,20260701,6741
20260701,影视动漫,昨夜将至电视剧在哪个台播出,406,20260701,6742
20260701,影视动漫,李丽珍三年级全部电视剧,406,20260701,6743
20260701,影视动漫,天蝎座之夜菲律宾,406,20260701,6744
20260701,影视动漫,xl司令动漫第一季全集在线观看免费播放漫画第9集,406,20260701,6745
20260701,影视动漫,喜人奇妙夜第二季高清在线观看,406,20260701,6746
20260701,影视动漫,动漫免费看,406,20260701,6747
20260701,影视动漫,十八岁韩剧,406,20260701,6748
20260701,影视动漫,神兵玄奇,405,20260701,6749
20260701,影视动漫,宾利影视,405,20260701,6750
20260701,影视动漫,《爱我就别想太多》电视剧,405,20260701,6751
20260701,影视动漫,《太太度假时》,405,20260701,6752
20260701,影视动漫,西厢记惊艳版电影,405,20260701,6753
20260701,影视动漫,通信兽娘,405,20260701,6754
20260701,影视动漫,知否知否应是绿肥红瘦电视剧,405,20260701,6755
20260701,影视动漫,推理吧第四季免费观看全集完整版高清,405,20260701,6756
20260701,影视动漫,战狼6免费高清版视频播放在线观看全,405,20260701,6757
20260701,影视动漫,四渡电影时间有多长,405,20260701,6758
20260701,影视动漫,舌吻短剧,405,20260701,6759
20260701,影视动漫,running man2013,405,20260701,6760
20260701,影视动漫,喜爱夜簿3电影,405,20260701,6761
20260701,影视动漫,电影《法国灭火宝贝》在线播放,405,20260701,6762
20260701,影视动漫,昨夜将至在线观看全集免费高清电影,405,20260701,6763
20260701,影视动漫,阿凡达3,405,20260701,6764
20260701,影视动漫,央视CCTV5 直播,405,20260701,6765
20260701,影视动漫,中央5十频道体育直播在线观看,405,20260701,6766
20260701,影视动漫,叶子楣的15部经典电影,405,20260701,6767
20260701,影视动漫,进击的巨人第三季,405,20260701,6768
20260701,影视动漫,幸福出租车,405,20260701,6769
20260701,影视动漫,女超人2018法国版免费播放在线观看,405,20260701,6770
20260701,影视动漫,b站韩剧免费观看入口网站,405,20260701,6771
20260701,影视动漫,玉女心经舒淇,404,20260701,6772
20260701,影视动漫,血恋2,404,20260701,6773
20260701,影视动漫,《爱再来一次》,404,20260701,6774
20260701,影视动漫,《法国空乘5》观看,404,20260701,6775
20260701,影视动漫,吸血鬼医生mignon12集未删减版,404,20260701,6776
20260701,影视动漫,渗透,404,20260701,6777
20260701,影视动漫,最后羔羊,404,20260701,6778
20260701,影视动漫,贝拉的秘密,404,20260701,6779
20260701,影视动漫,热播电影在线观看,404,20260701,6780
20260701,影视动漫,终极三国,404,20260701,6781
20260701,影视动漫,孤战迷城免费观看全集完整版,404,20260701,6782
20260701,影视动漫,帅哥美女努力制作豆浆,404,20260701,6783
20260701,影视动漫,云绣行电视剧免费观看完整版,403,20260701,6784
20260701,影视动漫,憧憬成为魔法少女全集完整版,403,20260701,6785
20260701,影视动漫,88影视,403,20260701,6786
20260701,影视动漫,僧侣类似动漫有什么,403,20260701,6787
20260701,影视动漫,白鹿原演员表,403,20260701,6788
20260701,影视动漫,晚娘3,403,20260701,6789
20260701,影视动漫,长月烬明,403,20260701,6790
20260701,影视动漫,炽道电视剧全集在线观看,403,20260701,6791
20260701,影视动漫,百日蔷薇动漫全集观看,403,20260701,6792
20260701,影视动漫,亲吻视版,403,20260701,6793
20260701,影视动漫,抖漫app,403,20260701,6794
20260701,影视动漫,最近热播的电视排行榜前十名有哪些,403,20260701,6795
20260701,影视动漫,爱欲焚身,403,20260701,6796
20260701,影视动漫,念无双,403,20260701,6797
20260701,影视动漫,英雄祭电视剧40集免费观看,403,20260701,6798
20260701,影视动漫,动漫免费观看,403,20260701,6799
20260701,影视动漫,九龙城寨之围城在线观看免费版,403,20260701,6800
20260701,影视动漫,插翅难逃 电视剧,403,20260701,6801
20260701,影视动漫,抖音网页入口,402,20260701,6802
20260701,影视动漫,悬疑剧破案电视剧推荐2025,402,20260701,6803
20260701,影视动漫,抗日奇侠 电视剧,402,20260701,6804
20260701,影视动漫,日剧《偷吃》,402,20260701,6805
20260701,影视动漫,练气十万年动漫免费观看完整版,402,20260701,6806
20260701,影视动漫,泰坦尼克号完整版电影免费观看,402,20260701,6807
20260701,影视动漫,勇敢者的游戏,402,20260701,6808
20260701,影视动漫,月鳞绮纪全集免费播放电视剧最新,402,20260701,6809
20260701,影视动漫,清潭国际高中 电视剧,402,20260701,6810
20260701,影视动漫,女生宿舍3,402,20260701,6811
20260701,影视动漫,法国航空电影完整版在线观看高清,402,20260701,6812
20260701,影视动漫,抖省省正版下载,402,20260701,6813
20260701,影视动漫,法国空姐2完整版免费高清观看,402,20260701,6814
20260701,影视动漫,完美世界动漫在线观看,402,20260701,6815
20260701,影视动漫,蒂蒂有话说,402,20260701,6816
20260701,影视动漫,伪钞重案 电影 在线观看,402,20260701,6817
20260701,影视动漫,cctv4在线直播观看,402,20260701,6818
20260701,影视动漫,与爱同居第一季泰剧未删减版百度云,402,20260701,6819
20260701,影视动漫,《拥挤的公交》电影完整版在线观看,402,20260701,6820
20260701,影视动漫,毁灭的诱饵动漫全集,402,20260701,6821
20260701,影视动漫,overflow第一季无马赛免费,402,20260701,6822
20260701,影视动漫,九幺免费观看全集完整版,402,20260701,6823
20260701,影视动漫,狂赌之渊,402,20260701,6824
20260701,影视动漫,达达兔最新电视最新影视剧,402,20260701,6825
20260701,影视动漫,夜勤病动动漫1-12集全集在线观看,402,20260701,6826
20260701,影视动漫,偿还3,402,20260701,6827
20260701,影视动漫,家事法庭演员表全部名单,402,20260701,6828
20260701,影视动漫,我许可,401,20260701,6829
20260701,影视动漫,红与黑,401,20260701,6830
20260701,影视动漫,抖音在线观看,401,20260701,6831
20260701,影视动漫,冬青影评,401,20260701,6832
20260701,影视动漫,电影后室,401,20260701,6833
20260701,影视动漫,每日大赛-每日大赛聚集地往期今日黑R星每日大赛抖音,401,20260701,6834
20260701,影视动漫,顶楼,401,20260701,6835
20260701,影视动漫,妖精的尾巴,401,20260701,6836
20260701,影视动漫,《主角》电视剧完整版,401,20260701,6837
20260701,影视动漫,浙江卫视电视节目表,401,20260701,6838
20260701,影视动漫,我们的日子 电视剧,401,20260701,6839
20260701,影视动漫,韩剧大全在线观看电视剧免费高清,401,20260701,6840
20260701,影视动漫,绿色地狱,401,20260701,6841
20260701,影视动漫,银娇,401,20260701,6842
20260701,影视动漫,央视5,401,20260701,6843
20260701,影视动漫,78快乐成长小短片,401,20260701,6844
20260701,影视动漫,封神第一部:朝歌风云 电影,401,20260701,6845
20260701,影视动漫,金特务:本色回归 电视剧,401,20260701,6846
20260701,影视动漫,偷吃在线观看免费版电视剧韩剧,401,20260701,6847
20260701,影视动漫,藏海传1-40全集在线观看,401,20260701,6848
20260701,影视动漫,30岁阿姨4免费观看电视剧全集,401,20260701,6849
20260701,影视动漫,欢乐颂第一季,401,20260701,6850
20260701,影视动漫,津门飞鹰,401,20260701,6851
20260701,影视动漫,播种欧吉桑动漫免费观看,400,20260701,6852
20260701,影视动漫,欢迎光临,400,20260701,6853
20260701,影视动漫,梅丽莎电影影片,400,20260701,6854
20260701,影视动漫,森林里的熊先生无删减漫画完整版百度网盘,400,20260701,6855
20260701,影视动漫,图书馆的女朋友高清电视剧动漫,400,20260701,6856
20260701,影视动漫,我爱男保姆,400,20260701,6857
20260701,影视动漫,亲爱的公主病电视剧免费观看全集完整版,400,20260701,6858
20260701,影视动漫,欢迎来到后宫岛!在异世界满是美女的岛屿开启后宫活,400,20260701,6859
20260701,影视动漫,日剧《懦弱丈夫》,400,20260701,6860
20260701,影视动漫,jojo的奇妙冒险,400,20260701,6861
20260701,影视动漫,修女,400,20260701,6862
20260701,影视动漫,国漫,400,20260701,6863
20260701,影视动漫,杀戮,400,20260701,6864
20260701,影视动漫,挤痘痘去黑头解压视频,400,20260701,6865
20260701,影视动漫,甄嬛传电视剧全集,400,20260701,6866
20260701,影视动漫,女生宿舍1,400,20260701,6867
20260701,影视动漫,爱情有烟火一共有多少集,400,20260701,6868
20260701,影视动漫,电影《色戒》免费观看高清版全集国语,400,20260701,6869
20260701,影视动漫,湖南卫视节目表,400,20260701,6870
20260701,影视动漫,斗罗大陆高清免费观看在线,400,20260701,6871
20260701,影视动漫,握草视频,400,20260701,6872
20260701,影视动漫,青梅竹马是消防员第一季 青梅竹马是消防员 _生,399,20260701,6873
20260701,影视动漫,爱人韩剧在线观看免费全集电视剧高清,399,20260701,6874
20260701,影视动漫,民国奇探电视剧在线观看免费,399,20260701,6875
20260701,影视动漫,没有被爱过的女人,399,20260701,6876
20260701,影视动漫,鸭王电影2在线观看视频,399,20260701,6877
20260701,影视动漫,曾舜晞演的电视剧有哪些,399,20260701,6878
20260701,影视动漫,霜花店在线,399,20260701,6879
20260701,影视动漫,灰姑娘电影美国人版,399,20260701,6880
20260701,影视动漫,神雕侠侣1995古天乐版,399,20260701,6881
20260701,影视动漫,三年大片完整观看百度,399,20260701,6882
20260701,影视动漫,金特工本色回归在线观看免费,399,20260701,6883
20260701,影视动漫,扫黑风暴,399,20260701,6884
20260701,影视动漫,无所畏惧 电视剧,399,20260701,6885
20260701,影视动漫,金特务本色回归在线,399,20260701,6886
20260701,影视动漫,杨贵妃秘史,399,20260701,6887
20260701,影视动漫,炽夏免费全集观看免费下载,399,20260701,6888
20260701,影视动漫,731部队电影完整版,399,20260701,6889
20260701,影视动漫,地下地上电视连续剧免费观看,399,20260701,6890
20260701,影视动漫,大山的女儿 电视剧,399,20260701,6891
20260701,影视动漫,无尽情爱泰剧免费播放全集在线观看,399,20260701,6892
20260701,影视动漫,丈夫不在的午后时光,399,20260701,6893
20260701,影视动漫,红楼十八春电影百度百科,399,20260701,6894
20260701,影视动漫,不忠在线观看,399,20260701,6895
20260701,影视动漫,最近2018在线观看免费韩剧,399,20260701,6896
20260701,影视动漫,觉醒年代演员表,398,20260701,6897
20260701,影视动漫,魔具少女,398,20260701,6898
20260701,影视动漫,斯巴达斯克第二季未删减版在线观看完整版,398,20260701,6899
20260701,影视动漫,金部长本色回归免费观看,398,20260701,6900
20260701,影视动漫,欧美剧免费观看最新榜单,398,20260701,6901
20260701,影视动漫,甜蜜惩罚第一季免费全集观看中文版下载,398,20260701,6902
20260701,影视动漫,淫妖虫,398,20260701,6903
20260701,影视动漫,昨夜将至电视剧免费观看全集完整,398,20260701,6904
20260701,影视动漫,free男子游泳部,398,20260701,6905
20260701,影视动漫,热门短剧推荐,398,20260701,6906
20260701,影视动漫,梦华录,398,20260701,6907
20260701,影视动漫,日剧《太想被你爱了》百度云,398,20260701,6908
20260701,影视动漫,隔壁的女孩3,397,20260701,6909
20260701,影视动漫,大叔再出招,397,20260701,6910
20260701,影视动漫,唐探电影1900,397,20260701,6911
20260701,影视动漫,中餐厅第三季免费观看,397,20260701,6912
20260701,影视动漫,21世纪性格爱情指南BBC全8集百度网盘,397,20260701,6913
20260701,影视动漫,枫与铃捉迷藏动漫全集,397,20260701,6914
20260701,影视动漫,高压监区美剧全集资源,397,20260701,6915
20260701,影视动漫,香蜜沉沉烬如霜 电视剧,397,20260701,6916
20260701,影视动漫,ctv 5 体育直播,397,20260701,6917
20260701,影视动漫,继承者们 电视剧,397,20260701,6918
20260701,影视动漫,冬之蝉动漫全集免费观看,397,20260701,6919
20260701,影视动漫,夏日暗涌电影,397,20260701,6920
20260701,影视动漫,电影抓特务完整版,397,20260701,6921
20260701,影视动漫,《月鳞绮纪》免费观看全集,397,20260701,6922
20260701,影视动漫,斯巴达斯克在线播放,397,20260701,6923
20260701,影视动漫,冬去春来电视剧在线观看免费版,397,20260701,6924
20260701,影视动漫,白色城堡,397,20260701,6925
20260701,影视动漫,人间中毒韩国电影高清完整版,397,20260701,6926
20260701,影视动漫,金特工韩剧,397,20260701,6927
20260701,影视动漫,奔跑吧兄弟第五季,396,20260701,6928
20260701,影视动漫,异世界后宫物语1-4动漫在线观看,396,20260701,6929
20260701,影视动漫,奔跑吧13季全集免费观看,396,20260701,6930
20260701,影视动漫,荆棘,396,20260701,6931
20260701,影视动漫,南部档案电视剧从哪里能看,396,20260701,6932
20260701,影视动漫,在线观看免费版高清短剧影视大全下载安装,396,20260701,6933
20260701,影视动漫,密室大逃脱第八季免费观看完整版,396,20260701,6934
20260701,影视动漫,三首神秘曲在线观看,396,20260701,6935
20260701,影视动漫,漂泊者,396,20260701,6936
20260701,影视动漫,日本电影免费观看好看的电影推荐,396,20260701,6937
20260701,影视动漫,又见一帘幽梦,396,20260701,6938
20260701,影视动漫,电影抓特务完整版免费观看国语,396,20260701,6939
20260701,影视动漫,黑天使,396,20260701,6940
20260701,影视动漫,大片大全免费观看国语版窃听风云,396,20260701,6941
20260701,影视动漫,耽美动漫,396,20260701,6942
20260701,影视动漫,野花香电视剧在线观看第9集,396,20260701,6943
20260701,影视动漫,武松,396,20260701,6944
20260701,影视动漫,良辰好景知几何电视剧,396,20260701,6945
20260701,影视动漫,秘密关系韩剧全集完整版在线观看,395,20260701,6946
20260701,影视动漫,世说新语,395,20260701,6947
20260701,影视动漫,世界,395,20260701,6948
20260701,影视动漫,美女免费观看在线高清电视剧韩剧大,395,20260701,6949
20260701,影视动漫,夜晚游玩生活8集更新,395,20260701,6950
20260701,影视动漫,空房间,395,20260701,6951
20260701,影视动漫,灵与欲电影,395,20260701,6952
20260701,影视动漫,权力的游戏第三季,395,20260701,6953
20260701,影视动漫,古惑仔3之只手遮天,395,20260701,6954
20260701,影视动漫,新白娘子传奇电视剧50集全集,395,20260701,6955
20260701,影视动漫,我独自升级第一季,395,20260701,6956
20260701,影视动漫,焦点访谈,395,20260701,6957
20260701,影视动漫,成全影视观看免费完整观看国语版,395,20260701,6958
20260701,影视动漫,欢乐颂3,395,20260701,6959
20260701,影视动漫,三分野电视剧全集免费观看完整版,395,20260701,6960
20260701,影视动漫,寒战,395,20260701,6961
20260701,影视动漫,济公传游本昌85版电视剧免费观看,395,20260701,6962
20260701,影视动漫,灭门惨案2 借种,395,20260701,6963
20260701,影视动漫,辛普森一家,395,20260701,6964
20260701,影视动漫,省委书记,395,20260701,6965
20260701,影视动漫,绝密较量电视剧免费观看全集,395,20260701,6966
20260701,影视动漫,快乐树的孩子们,394,20260701,6967
20260701,影视动漫,小妇人在线观看免费完整版电视剧中,394,20260701,6968
20260701,影视动漫,体育频道5现场直播,394,20260701,6969
20260701,影视动漫,盛夏芬德拉 短剧,394,20260701,6970
20260701,影视动漫,纯真年代的爱情故事电视剧在线观看,394,20260701,6971
20260701,影视动漫,现在就出发第一季免费观看完整版百度网盘,394,20260701,6972
20260701,影视动漫,《姐妹饲养员》动漫全集在线看,394,20260701,6973
20260701,影视动漫,手机影院,394,20260701,6974
20260701,影视动漫,新金瓶梅电视剧观看全集播放,394,20260701,6975
20260701,影视动漫,地球超新鲜第2季2026,394,20260701,6976
20260701,影视动漫,女教师日记电影,394,20260701,6977
20260701,影视动漫,龙珠超,394,20260701,6978
20260701,影视动漫,千里江山图电视剧什么时候播出,394,20260701,6979
20260701,影视动漫,你比星光更美丽电视剧免费观看,394,20260701,6980
20260701,影视动漫,萌鸡小队,394,20260701,6981
20260701,影视动漫,韩剧《致命的诱感》在线观看,394,20260701,6982
20260701,影视动漫,子夜归,394,20260701,6983
20260701,影视动漫,猎罪图鉴2电视剧在线观看免费完整版,394,20260701,6984
20260701,影视动漫,佟大为《昨夜将至》,394,20260701,6985
20260701,影视动漫,发条橙,393,20260701,6986
20260701,影视动漫,新建文件夹2 在线观看播放,393,20260701,6987
20260701,影视动漫,生万物演员表,393,20260701,6988
20260701,影视动漫,奥特曼图片,393,20260701,6989
20260701,影视动漫,近距离爱上你台剧,393,20260701,6990
20260701,影视动漫,幸福请你等等我电视剧全集免费观看,393,20260701,6991
20260701,影视动漫,日剧《他比丈夫更厉害》的播出时间,393,20260701,6992
20260701,影视动漫,珠帘玉幕,393,20260701,6993
20260701,影视动漫,奔跑吧第十三季免费观看完整,393,20260701,6994
20260701,影视动漫,不扣纽扣的女孩,393,20260701,6995
20260701,影视动漫,因为爱情有烟火全集免费观看,393,20260701,6996
20260701,影视动漫,初恋那件小事,393,20260701,6997
20260701,影视动漫,娃娃脸1977电影在线观看完整版电视剧免费高清韩剧,393,20260701,6998
20260701,影视动漫,她和她的她电视剧在线观看,393,20260701,6999
20260701,影视动漫,法国空姐4,393,20260701,7000
20260701,影视动漫,无悔追踪演员表,393,20260701,7001
20260701,影视动漫,欢乐颂5,393,20260701,7002
20260701,影视动漫,天定良元电视剧全集免费观看完整版,393,20260701,7003
20260701,影视动漫,小辣椒3,393,20260701,7004
20260701,影视动漫,且试天下,393,20260701,7005
20260701,影视动漫,黑蚂蚁影视,393,20260701,7006
20260701,影视动漫,知夏电视剧完整版免费观看,392,20260701,7007
20260701,影视动漫,我的人间烟火剧情介绍,392,20260701,7008
20260701,影视动漫,度华年,392,20260701,7009
20260701,影视动漫,冷血人狼,392,20260701,7010
20260701,影视动漫,韩剧《爱人》免费,392,20260701,7011
20260701,影视动漫,杂技师,392,20260701,7012
20260701,影视动漫,牧神记动漫在线免费观看,392,20260701,7013
20260701,影视动漫,韩剧网2026最新韩剧,392,20260701,7014
20260701,影视动漫,问心2免费播放完整版高清电影,392,20260701,7015
20260701,影视动漫,三国第一部:争洛阳,392,20260701,7016
20260701,影视动漫,女超人电影,392,20260701,7017
20260701,影视动漫,深渊张新成电视剧免费观看全集,392,20260701,7018
20260701,影视动漫,爱情公寓3在线观看免费高清完整版百度网盘,392,20260701,7019
20260701,影视动漫,艾克斯奥特曼,392,20260701,7020
20260701,影视动漫,大明王朝,392,20260701,7021
20260701,影视动漫,死神来了6在线观看,391,20260701,7022
20260701,影视动漫,秋霜手机电影,391,20260701,7023
20260701,影视动漫,舞蹈生,391,20260701,7024
20260701,影视动漫,新生,391,20260701,7025
20260701,影视动漫,遮天在线观看,391,20260701,7026
20260701,影视动漫,黑天使电影在线观看完整免费高清原声奔跑吧,391,20260701,7027
20260701,影视动漫,企业强人演员表,391,20260701,7028
20260701,影视动漫,牧神记免费观看全集,391,20260701,7029
20260701,影视动漫,普法栏目剧,391,20260701,7030
20260701,影视动漫,快看视频,391,20260701,7031
20260701,影视动漫,电视剧《雨霖铃》,391,20260701,7032
20260701,影视动漫,优衣库三里屯视频事件,391,20260701,7033
20260701,影视动漫,半熟男女电视连续剧全集,391,20260701,7034
20260701,影视动漫,电影《四渡》,391,20260701,7035
20260701,影视动漫,爱情契约泰剧全集在线观看,391,20260701,7036
20260701,影视动漫,抖音等级价格表,391,20260701,7037
20260701,影视动漫,鬼父动漫全集在线播放完整免费,391,20260701,7038
20260701,影视动漫,森中有林讲的是什么故事,391,20260701,7039
20260701,影视动漫,甄嬛传电视剧,391,20260701,7040
20260701,影视动漫,动漫共和国下载官方正版,391,20260701,7041
20260701,影视动漫,惊弦1-45集完整版免费观看,391,20260701,7042
20260701,影视动漫,憧憬成为魔法少女第一季动画,391,20260701,7043
20260701,影视动漫,手机在线电影,391,20260701,7044
20260701,影视动漫,星空无限在线观看免费完整版电影高清,391,20260701,7045
20260701,影视动漫,夏日暗涌2025电影免费播放日本版,391,20260701,7046
20260701,影视动漫,电影《妹妹》完整版,390,20260701,7047
20260701,影视动漫,仙剑奇侠传三在线观看完整版免费高清,390,20260701,7048
20260701,影视动漫,冲动的惩罚动漫免费观看第一季,390,20260701,7049
20260701,影视动漫,电影免费,390,20260701,7050
20260701,影视动漫,二级武则天连招视频,390,20260701,7051
20260701,影视动漫,图书馆的女朋友动漫线观看完整免费版电视剧第五集,390,20260701,7052
20260701,影视动漫,一笑随歌电视剧免费观看完整版可下载,390,20260701,7053
20260701,影视动漫,棋魂 电视剧,390,20260701,7054
20260701,影视动漫,MM51视频,390,20260701,7055
20260701,影视动漫,着魔,390,20260701,7056
20260701,影视动漫,霍比特人,390,20260701,7057
20260701,影视动漫,动画电影,390,20260701,7058
20260701,影视动漫,成熟5,390,20260701,7059
20260701,影视动漫,断了气电影在线观看,390,20260701,7060
20260701,影视动漫,女生宿舍韩国电影在线观看电视剧韩剧,390,20260701,7061
20260701,影视动漫,箭在弦上电视剧1一48集免费观看风行网,390,20260701,7062
20260701,影视动漫,主角电视剧完整版,390,20260701,7063
20260701,影视动漫,电视剧爱情有烟火免费观看完整版,390,20260701,7064
20260701,影视动漫,人间中毒在线完整观看完整版,390,20260701,7065
20260701,影视动漫,9178成长小短片,390,20260701,7066
20260701,影视动漫,五福临门在线观看,390,20260701,7067
20260701,影视动漫,我和黑帮大佬黑帮大佬的365电影1,389,20260701,7068
20260701,影视动漫,《双胞胎姐妹》电影,389,20260701,7069
20260701,影视动漫,中央5台直播,389,20260701,7070
20260701,影视动漫,仙剑奇侠传三,389,20260701,7071
20260701,影视动漫,承欢记 电视剧免费观看,389,20260701,7072
20260701,影视动漫,新乱世佳人,389,20260701,7073
20260701,影视动漫,美景之屋韩剧完整版免费观看在线电影,389,20260701,7074
20260701,影视动漫,朱艺彬全部电影全集,389,20260701,7075
20260701,影视动漫,战狼5电影国语版免费观看,389,20260701,7076
20260701,影视动漫,外出电影在线观看完整版电视剧免费高清韩剧,389,20260701,7077
20260701,影视动漫,药屋少女的呢喃,389,20260701,7078
20260701,影视动漫,超能陆战队,389,20260701,7079
20260701,影视动漫,炽夏海外版1-30集免费观看,389,20260701,7080
20260701,影视动漫,中餐厅第九季,389,20260701,7081
20260701,影视动漫,图书馆的女朋友1-6大结局动漫免费大结,389,20260701,7082
20260701,影视动漫,花臂凉太11周年完整视频,389,20260701,7083
20260701,影视动漫,上错花轿嫁对郎,389,20260701,7084
20260701,影视动漫,夏洛特烦恼电影免费观看完整版,388,20260701,7085
20260701,影视动漫,难哄电视剧观看全集在线播放高清,388,20260701,7086
20260701,影视动漫,《主角》1-48集观看完整版视频,388,20260701,7087
20260701,影视动漫,郝板栗《千金小姐》,388,20260701,7088
20260701,影视动漫,星辰影院电视免费下载手机,388,20260701,7089
20260701,影视动漫,大王饶命,388,20260701,7090
20260701,影视动漫,4480青苹果乐园电视剧免费观看你的时代我的时代,388,20260701,7091
20260701,影视动漫,皇后大道东,388,20260701,7092
20260701,影视动漫,姐妹5,388,20260701,7093
20260701,影视动漫,今日票房,388,20260701,7094
20260701,影视动漫,大风歌,388,20260701,7095
20260701,影视动漫,jojo,388,20260701,7096
20260701,影视动漫,鬼灭之刃无限列车篇电影免费观看,388,20260701,7097
20260701,影视动漫,老农民电视剧全集60集免费播放华数tv,388,20260701,7098
20260701,影视动漫,主角电视剧高清完整版观看,388,20260701,7099
20260701,影视动漫,李时珍简介,388,20260701,7100
20260701,影视动漫,姓爱自修室二电视剧,388,20260701,7101
20260701,影视动漫,三国志,388,20260701,7102
20260701,影视动漫,法证先锋2,388,20260701,7103
20260701,影视动漫,喜剧电影,388,20260701,7104
20260701,影视动漫,思春期的青梅竹马动漫电视,388,20260701,7105
20260701,影视动漫,97韩剧网电视剧热播,388,20260701,7106
20260701,影视动漫,强吻热吻,388,20260701,7107
20260701,影视动漫,完美世界在线视频观看完整版,388,20260701,7108
20260701,影视动漫,CCTV5 直播高清观看,388,20260701,7109
20260701,影视动漫,清潭国际高中韩剧第2季免费,387,20260701,7110
20260701,影视动漫,花开如梦免费观看全集电视剧,387,20260701,7111
20260701,影视动漫,吾岸电视剧,387,20260701,7112
20260701,影视动漫,青春荷尔蒙3,387,20260701,7113
20260701,影视动漫,值得爱电视剧在线观看全集,387,20260701,7114
20260701,影视动漫,绘梦婚礼泰剧全集免费播放完整版,387,20260701,7115
20260701,影视动漫,你好1983,387,20260701,7116
20260701,影视动漫,knot泰剧免费观看,387,20260701,7117
20260701,影视动漫,巨人电影免费高清在线观看,387,20260701,7118
20260701,影视动漫,妈祖,387,20260701,7119
20260701,影视动漫,苏东坡,387,20260701,7120
20260701,影视动漫,海蒂和爷爷,387,20260701,7121
20260701,影视动漫,中央电视台直播,387,20260701,7122
20260701,影视动漫,岁月,387,20260701,7123
20260701,影视动漫,xl司令的动漫全集视频在线观看,387,20260701,7124
20260701,影视动漫,电视剧昨夜将至,387,20260701,7125
20260701,影视动漫,好看的电影推荐大片9.0以上评分,387,20260701,7126
20260701,影视动漫,魔物出现了,387,20260701,7127
20260701,影视动漫,韩剧父亲找女儿,387,20260701,7128
20260701,影视动漫,茅山斗法降头之色降在线,387,20260701,7129
20260701,影视动漫,中央一套,387,20260701,7130
20260701,影视动漫,夜色暗涌时,387,20260701,7131
20260701,影视动漫,于是我被老师拯救了动漫免费观看四集,387,20260701,7132
20260701,影视动漫,逐夏电视剧免费观看,387,20260701,7133
20260701,影视动漫,风月,387,20260701,7134
20260701,影视动漫,斯巴达斯克血与沙第一季无删减版,386,20260701,7135
20260701,影视动漫,欢迎来到实力至上主义教室,386,20260701,7136
20260701,影视动漫,战旗如画,386,20260701,7137
20260701,影视动漫,哈利波特2,386,20260701,7138
20260701,影视动漫,爽剧大全在线观看,386,20260701,7139
20260701,影视动漫,玉兰花开君再来电视剧免费观看杨紫欧豪,386,20260701,7140
20260701,影视动漫,羔羊医生,386,20260701,7141
20260701,影视动漫,鬼灭之刃游郭篇,386,20260701,7142
20260701,影视动漫,鬼妈妈,386,20260701,7143
20260701,影视动漫,名校风暴,386,20260701,7144
20260701,影视动漫,好姑娘11电视剧全集在线观看高清,386,20260701,7145
20260701,影视动漫,布鲁伊第一季 中文版,386,20260701,7146
20260701,影视动漫,阳关道粤语免费观看全集,386,20260701,7147
20260701,影视动漫,悬崖之上,386,20260701,7148
20260701,影视动漫,在路上,386,20260701,7149
20260701,影视动漫,破茧,386,20260701,7150
20260701,影视动漫,成为大人的夏天,386,20260701,7151
20260701,影视动漫,小马宝莉全集免费观看,386,20260701,7152
20260701,影视动漫,检查官的提案韩剧免费观看全集,386,20260701,7153
20260701,影视动漫,Netflix,386,20260701,7154
20260701,影视动漫,《奔跑吧第十四季》,386,20260701,7155
20260701,影视动漫,《你邻居的妻子》电视剧,386,20260701,7156
20260701,影视动漫,与凤行,386,20260701,7157
20260701,影视动漫,我的体育老师,385,20260701,7158
20260701,影视动漫,用我的指尖扰乱第二季第三集,385,20260701,7159
20260701,影视动漫,妖狐×仆SS,385,20260701,7160
20260701,影视动漫,地球超新鲜第二季在线观看,385,20260701,7161
20260701,影视动漫,中央五套CCTV5,385,20260701,7162
20260701,影视动漫,吸血鬼日记,385,20260701,7163
20260701,影视动漫,免费观看高清完整版电影,385,20260701,7164
20260701,影视动漫,屠夫小姐韩国电影高清在线观看,385,20260701,7165
20260701,影视动漫,封神榜86版电视连续剧,385,20260701,7166
20260701,影视动漫,剪爱,385,20260701,7167
20260701,影视动漫,4399在线观看免费高清电视剧百度一下你就知道,385,20260701,7168
20260701,影视动漫,半个喜剧,385,20260701,7169
20260701,影视动漫,奔跑吧第十季免费观看,385,20260701,7170
20260701,影视动漫,慢慢认识你短剧,385,20260701,7171
20260701,影视动漫,无人区,385,20260701,7172
20260701,影视动漫,逃跑吧亚当同学动漫,385,20260701,7173
20260701,影视动漫,在线观看高清免费观看电视剧动漫,385,20260701,7174
20260701,影视动漫,金特务本色回归韩剧,385,20260701,7175
20260701,影视动漫,《昨夜将至》全集免费观看电影,385,20260701,7176
20260701,影视动漫,浴血广昌电影,385,20260701,7177
20260701,影视动漫,美女和帅哥一起生孩子,384,20260701,7178
20260701,影视动漫,夏至未至全集免费观看,384,20260701,7179
20260701,影视动漫,异魔禁区电影完整版免费观看高清,384,20260701,7180
20260701,影视动漫,甜蜜惩罚免费全集第一季完整版,384,20260701,7181
20260701,影视动漫,4399韩剧在线观看免费版高清,384,20260701,7182
20260701,影视动漫,夜晚游玩生活动漫,384,20260701,7183
20260701,影视动漫,加州靡情,384,20260701,7184
20260701,影视动漫,bili,384,20260701,7185
20260701,影视动漫,重案六组,384,20260701,7186
20260701,影视动漫,悬崖电视剧全集40集在线观看免费,384,20260701,7187
20260701,影视动漫,空姐法国电影免费观看全集高清版,384,20260701,7188
20260701,影视动漫,罪案痕迹电视剧免费观看全集完整版高清,384,20260701,7189
20260701,影视动漫,战狼2,384,20260701,7190
20260701,影视动漫,AcFun,384,20260701,7191
20260701,影视动漫,天官赐福第二季,384,20260701,7192
20260701,影视动漫,疯狂的爱木木,384,20260701,7193
20260701,影视动漫,大妈高清免费版电视剧在线观看全集,384,20260701,7194
20260701,影视动漫,左耳,384,20260701,7195
20260701,影视动漫,小早我啊,384,20260701,7196
20260701,影视动漫,药屋少女的呢喃第一季第一集,384,20260701,7197
20260701,影视动漫,斗罗大陆2绝世唐门在线观看全集,384,20260701,7198
20260701,影视动漫,你好星期六2026免费观看完整,384,20260701,7199
20260701,影视动漫,四渡豆瓣,384,20260701,7200
20260701,影视动漫,楚乔传第二部在线观看全集免费,384,20260701,7201
20260701,影视动漫,吴邪的私家笔记电视剧,384,20260701,7202
20260701,影视动漫,绿椅子电影在线观看完整版电视剧免费高清韩剧,383,20260701,7203
20260701,影视动漫,一仆二主 电视剧,383,20260701,7204
20260701,影视动漫,男女两人世界电影完整版,383,20260701,7205
20260701,影视动漫,国家行动 电视剧,383,20260701,7206
20260701,影视动漫,成全完整版国语,383,20260701,7207
20260701,影视动漫,光阴之外动漫免费观看完整版高清年番,383,20260701,7208
20260701,影视动漫,贺 先生的恋恋不忘免费版电视剧,383,20260701,7209
20260701,影视动漫,爱情有烟火免费全集,383,20260701,7210
20260701,影视动漫,夫妻的赞助商,383,20260701,7211
20260701,影视动漫,越狱第一季,383,20260701,7212
20260701,影视动漫,免费大片,383,20260701,7213
20260701,影视动漫,杨思版本水浒传1-5集在线观看,383,20260701,7214
20260701,影视动漫,火影忍者720全集免费观看高清百度,383,20260701,7215
20260701,影视动漫,南来北往免费观看电视剧在线观看,383,20260701,7216
20260701,影视动漫,密室大逃脱第四季,383,20260701,7217
20260701,影视动漫,法版《健身瑜伽2》免费观看百度,383,20260701,7218
20260701,影视动漫,南部档案在现观看,383,20260701,7219
20260701,影视动漫,唐宫奇案之青雾凤鸣全集,383,20260701,7220
20260701,影视动漫,我唾弃你的坟墓,383,20260701,7221
20260701,影视动漫,门徒,383,20260701,7222
20260701,影视动漫,流浪爱侣中文版在线观看,383,20260701,7223
20260701,影视动漫,甜蜜惩罚免费全集第季完整版高清观,383,20260701,7224
20260701,影视动漫,无颜之月在线观看完整,383,20260701,7225
20260701,影视动漫,妹妹找哥泪花流电影完整版,382,20260701,7226
20260701,影视动漫,灭门惨案之借种,382,20260701,7227
20260701,影视动漫,电视剧千香,382,20260701,7228
20260701,影视动漫,叶罗丽精灵梦,382,20260701,7229
20260701,影视动漫,幸福出租车韩剧在线高清免费观看,382,20260701,7230
20260701,影视动漫,《风纪部委员活动》动漫免费观看,382,20260701,7231
20260701,影视动漫,任达华最惊艳三部剧,382,20260701,7232
20260701,影视动漫,上流社会在线观看,382,20260701,7233
20260701,影视动漫,《春山境》,382,20260701,7234
20260701,影视动漫,少年骇客,382,20260701,7235
20260701,影视动漫,你也有今天电视剧免费观看完整,382,20260701,7236
20260701,影视动漫,甜蜜cf第1季无打马赛免费观看动漫在线播放,382,20260701,7237
20260701,影视动漫,因为遇见你,382,20260701,7238
20260701,影视动漫,美景之屋5,382,20260701,7239
20260701,影视动漫,黑兽动漫第二季第1集,382,20260701,7240
20260701,影视动漫,黑市港剧免费观看,382,20260701,7241
20260701,影视动漫,伪恋,382,20260701,7242
20260701,影视动漫,世界末日,382,20260701,7243
20260701,影视动漫,西部世界第一季无删减4k在线美剧,382,20260701,7244
20260701,影视动漫,兄弟变成黑皮辣妹类似动漫,382,20260701,7245
20260701,影视动漫,幸爱自修室第一季第一集免费观看全集,382,20260701,7246
20260701,影视动漫,万界独尊 动漫,381,20260701,7247
20260701,影视动漫,请回答1988完整版免费观看韩剧,381,20260701,7248
20260701,影视动漫,netflix官网入口,381,20260701,7249
20260701,影视动漫,在你灿烂的季节,381,20260701,7250
20260701,影视动漫,镇魂街,381,20260701,7251
20260701,影视动漫,老九门2什么时候上映,381,20260701,7252
20260701,影视动漫,日历女孩电影完整版HD,381,20260701,7253
20260701,影视动漫,北平无战事,381,20260701,7254
20260701,影视动漫,反人类暴行,381,20260701,7255
20260701,影视动漫,《美容院5.:特殊待遇》百度百科,381,20260701,7256
20260701,影视动漫,白夜追凶,381,20260701,7257
20260701,影视动漫,夫妻丛林大战,381,20260701,7258
20260701,影视动漫,韩国动漫,381,20260701,7259
20260701,影视动漫,鬼父免费观看,381,20260701,7260
20260701,影视动漫,检查官室的提案韩剧,381,20260701,7261
20260701,影视动漫,惊变电视剧在线观看完整版免费,381,20260701,7262
20260701,影视动漫,回复术士的重启人生2完整版樱花动漫,381,20260701,7263
20260701,影视动漫,如果爱情有烟火电视剧,381,20260701,7264
20260701,影视动漫,秋色之空,381,20260701,7265
20260701,影视动漫,电影猫眼实时票房,381,20260701,7266
20260701,影视动漫,贤者之爱,381,20260701,7267
20260701,影视动漫,给阿嬷的情书完整版,381,20260701,7268
20260701,影视动漫,法国电影法国监狱,381,20260701,7269
20260701,影视动漫,女装正太动漫版在线播放,381,20260701,7270
20260701,影视动漫,大秦赋,381,20260701,7271
20260701,影视动漫,催眠指导动漫集全集完整版观看,381,20260701,7272
20260701,影视动漫,四渡在线观看,381,20260701,7273
20260701,影视动漫,བོད་ཀྱི泡妞18视频,380,20260701,7274
20260701,影视动漫,千香免费观看全集,380,20260701,7275
20260701,影视动漫,悟空视频,380,20260701,7276
20260701,影视动漫,检查官的提案韩剧在线观看完整版,380,20260701,7277
20260701,影视动漫,卡在墙壁上的女孩,380,20260701,7278
20260701,影视动漫,《沧元图》第三季全集,380,20260701,7279
20260701,影视动漫,问心2分集剧情介绍电视猫,380,20260701,7280
20260701,影视动漫,炽热电视剧在线观看免费,380,20260701,7281
20260701,影视动漫,隔壁的女孩韩剧电视剧在线观看,380,20260701,7282
20260701,影视动漫,末行手记电影完整版免费观看,380,20260701,7283
20260701,影视动漫,倚天屠龙记苏有朋版全集免费播放,380,20260701,7284
20260701,影视动漫,和平饭店,380,20260701,7285
20260701,影视动漫,魅魔动漫1-2集在线观,380,20260701,7286
20260701,影视动漫,天道电视剧,380,20260701,7287
20260701,影视动漫,凌云视频,380,20260701,7288
20260701,影视动漫,心动预测泰剧双男主在线观看,380,20260701,7289
20260701,影视动漫,孤舟电视剧全集免费观看高清在线播放,380,20260701,7290
20260701,影视动漫,温碧霞《偿还》播放,380,20260701,7291
20260701,影视动漫,91视频在线看,380,20260701,7292
20260701,影视动漫,灼灼韶华,379,20260701,7293
20260701,影视动漫,特工任务 电视剧,379,20260701,7294
20260701,影视动漫,2019中文在线观看免费高清电视剧全集,379,20260701,7295
20260701,影视动漫,翁虹《洞房奇谭》角色介绍,379,20260701,7296
20260701,影视动漫,拯救嫌疑人 电影,379,20260701,7297
20260701,影视动漫,茶啊二中第五季,379,20260701,7298
20260701,影视动漫,北京女子图鉴 电视剧,379,20260701,7299
20260701,影视动漫,名姝,379,20260701,7300
20260701,影视动漫,战狼2 电影,379,20260701,7301
20260701,影视动漫,奈克瑟斯奥特曼,379,20260701,7302
20260701,影视动漫,大秦帝国,379,20260701,7303
20260701,影视动漫,《兽娘通信～牛娘贝尔》动画片,379,20260701,7304
20260701,影视动漫,冰冷重遇短剧免费观看,379,20260701,7305
20260701,影视动漫,超兽武装,379,20260701,7306
20260701,影视动漫,反对人类暴行电视剧,379,20260701,7307
20260701,影视动漫,BL动漫,379,20260701,7308
20260701,影视动漫,百妖谱,379,20260701,7309
20260701,影视动漫,解放战争,379,20260701,7310
20260701,影视动漫,奔跑吧医生电视剧免费观看完整版,379,20260701,7311
20260701,影视动漫,国产在线,379,20260701,7312
20260701,影视动漫,11岁女孩免费播放高清电视剧,379,20260701,7313
20260701,影视动漫,八仙过海,379,20260701,7314
20260701,影视动漫,无颜之月在线观看完整版电视剧免费高清,379,20260701,7315
20260701,影视动漫,港剧电视剧大全免费观看,379,20260701,7316
20260701,影视动漫,免费播放电影大全免费观看,379,20260701,7317
20260701,影视动漫,青春期,379,20260701,7318
20260701,影视动漫,央视八套节目表,379,20260701,7319
20260701,影视动漫,overflow第一季在线观看,379,20260701,7320
20260701,影视动漫,逆爱1-24集,379,20260701,7321
20260701,影视动漫,三年的大片免费观看国语完整版,379,20260701,7322
20260701,影视动漫,花与蛇2,378,20260701,7323
20260701,影视动漫,巨人族的新娘花嫁在线观看全集免费,378,20260701,7324
20260701,影视动漫,中央五台节目单,378,20260701,7325
20260701,影视动漫,法国空乘2019法版完整版百度,378,20260701,7326
20260701,影视动漫,怪奇物语第一季完整版免费观看,378,20260701,7327
20260701,影视动漫,主角电视剧线上观看,378,20260701,7328
20260701,影视动漫,千香电视剧免费,378,20260701,7329
20260701,影视动漫,不可告人 电视剧,378,20260701,7330
20260701,影视动漫,CCTV-1在线直播观看,378,20260701,7331
20260701,影视动漫,飞哥大英雄,378,20260701,7332
20260701,影视动漫,刘嘉玲劫案3小时原版在线观看,378,20260701,7333
20260701,影视动漫,running man全集在线观看,378,20260701,7334
20260701,影视动漫,食神,378,20260701,7335
20260701,影视动漫,镖人在线观看,378,20260701,7336
20260701,影视动漫,CCTV5 在线直播,378,20260701,7337
20260701,影视动漫,包上恩演的电视剧,378,20260701,7338
20260701,影视动漫,监狱风云,378,20260701,7339
20260701,影视动漫,静止的水流电影普通话版百度云资源,378,20260701,7340
20260701,影视动漫,斗罗大陆在线观看,377,20260701,7341
20260701,影视动漫,魔法少女爱·参,377,20260701,7342
20260701,影视动漫,不知不觉迷惑你意大利,377,20260701,7343
20260701,影视动漫,下一站是幸福 电视剧,377,20260701,7344
20260701,影视动漫,月恋星语完整版免费观看,377,20260701,7345
20260701,影视动漫,就算当爸爸我也愿意动漫完整版百度网盘,377,20260701,7346
20260701,影视动漫,原来神马网,377,20260701,7347
20260701,影视动漫,悬崖电视剧剧情简介,377,20260701,7348
20260701,影视动漫,爱的契约泰剧,377,20260701,7349
20260701,影视动漫,执爱泰国电视剧未删减版百度云,377,20260701,7350
20260701,影视动漫,美剧爸爸要播种在线观看,377,20260701,7351
20260701,影视动漫,西瓜影院在线观看免费追剧,377,20260701,7352
20260701,影视动漫,末代皇帝,377,20260701,7353
20260701,影视动漫,策驰影免费观看,377,20260701,7354
20260701,影视动漫,片多多免费高清电视剧观看,377,20260701,7355
20260701,影视动漫,抓特务在线观看,377,20260701,7356
20260701,影视动漫,霍元甲83版电视连续剧,377,20260701,7357
20260701,影视动漫,炽夏电视剧免费,377,20260701,7358
20260701,影视动漫,武媚娘传奇,377,20260701,7359
20260701,影视动漫,伪钞重案,377,20260701,7360
20260701,影视动漫,我相信我的女友,377,20260701,7361
20260701,影视动漫,甜蜜女友3,377,20260701,7362
20260701,影视动漫,西游记电视剧全集免费观看,377,20260701,7363
20260701,影视动漫,航拍中国纪录片全集免费观看,377,20260701,7364
20260701,影视动漫,AGE动漫,376,20260701,7365
20260701,影视动漫,柏林漂流电影在线观看日剧免费,376,20260701,7366
20260701,影视动漫,夏娃韩剧在线观看第一集,376,20260701,7367
20260701,影视动漫,默杀 电影,376,20260701,7368
20260701,影视动漫,一笑随歌电视剧免费观看完整版,376,20260701,7369
20260701,影视动漫,三国,376,20260701,7370
20260701,影视动漫,南部档案电视剧免费看,376,20260701,7371
20260701,影视动漫,炽夏免费全集观看周柯宇,376,20260701,7372
20260701,影视动漫,俄罗斯洛丽塔,376,20260701,7373
20260701,影视动漫,爸爸喝骂1~4集完整版动漫在线看,376,20260701,7374
20260701,影视动漫,加菲猫,376,20260701,7375
20260701,影视动漫,大地资源第8页免费观看电视剧百度,376,20260701,7376
20260701,影视动漫,金特务免费看完整版,376,20260701,7377
20260701,影视动漫,无人车站动画全集免费,376,20260701,7378
20260701,影视动漫,憧憬成为魔法少女一季,376,20260701,7379
20260701,影视动漫,《家业》1-40集完整版观看,376,20260701,7380
20260701,影视动漫,镇魂街第四季全集免费观看完整版,376,20260701,7381
20260701,影视动漫,烈火战马演员表,376,20260701,7382
20260701,影视动漫,葬送的芙莉莲,376,20260701,7383
20260701,影视动漫,泰剧《爱在是隆》,376,20260701,7384
20260701,影视动漫,人世间电视剧全集免费观看人世间,376,20260701,7385
20260701,影视动漫,庆余年二在线观看高清视频,376,20260701,7386
20260701,影视动漫,哪吒2,376,20260701,7387
20260701,影视动漫,世界上不安的 人记录片在线观看高清,376,20260701,7388
20260701,影视动漫,危情追踪,376,20260701,7389
20260701,影视动漫,爱情有烟火分集剧情,375,20260701,7390
20260701,影视动漫,告白动漫,375,20260701,7391
20260701,影视动漫,扫毒风暴在线观看完整版电视剧,375,20260701,7392
20260701,影视动漫,五等分的花嫁,375,20260701,7393
20260701,影视动漫,我的王室死对头韩剧在线观看完整版,375,20260701,7394
20260701,影视动漫,贞观之治,375,20260701,7395
20260701,影视动漫,电视剧花开如梦演员表,375,20260701,7396
20260701,影视动漫,暖暖国语版免费高清观看在线观看,375,20260701,7397
20260701,影视动漫,亲爱的热爱的全集免费观看,375,20260701,7398
20260701,影视动漫,铁拳教育在线观看免费完整版高清,375,20260701,7399
20260701,影视动漫,www.bilibili.com,375,20260701,7400
20260701,影视动漫,中央五十,375,20260701,7401
20260701,影视动漫,哈利波特与魔法石电影免费完整版,375,20260701,7402
20260701,影视动漫,白鹿演的电视剧,375,20260701,7403
20260701,影视动漫,火女韩剧在线观看免费,375,20260701,7404
20260701,影视动漫,张新成主演的电视剧,375,20260701,7405
20260701,影视动漫,如梦令,375,20260701,7406
20260701,影视动漫,鸭之一族,375,20260701,7407
20260701,影视动漫,回不去的夜晚 动漫,375,20260701,7408
20260701,影视动漫,九重紫电视剧全集在线观看完整版,375,20260701,7409
20260701,影视动漫,大地视频,375,20260701,7410
20260701,影视动漫,无名,375,20260701,7411
20260701,影视动漫,荷尔蒙,375,20260701,7412
20260701,影视动漫,枫与铃第一季在线观看免费全集,374,20260701,7413
20260701,影视动漫,三体 电视剧,374,20260701,7414
20260701,影视动漫,爱情契约泰剧什么时候更新,374,20260701,7415
20260701,影视动漫,倩女幽魂 电影,374,20260701,7416
20260701,影视动漫,时光代理人 第二季,374,20260701,7417
20260701,影视动漫,好看的国产大片,374,20260701,7418
20260701,影视动漫,曼娜回忆录1-40集全集在线观看爱奇艺,374,20260701,7419
20260701,影视动漫,电影《爱恋2015》,374,20260701,7420
20260701,影视动漫,xl司令动漫类似的动漫,374,20260701,7421
20260701,影视动漫,樱桃小丸子,374,20260701,7422
20260701,影视动漫,假面骑士w,374,20260701,7423
20260701,影视动漫,红辣椒电影,374,20260701,7424
20260701,影视动漫,动漫共和国下载,374,20260701,7425
20260701,影视动漫,风骚律师,374,20260701,7426
20260701,影视动漫,五十度三部曲是什么,374,20260701,7427
20260701,影视动漫,信仰,374,20260701,7428
20260701,影视动漫,私人电影,374,20260701,7429
20260701,影视动漫,免费看剧,373,20260701,7430
20260701,影视动漫,加勒比女海盗2斯塔蒂的复仇,373,20260701,7431
20260701,影视动漫,电视《主角》,373,20260701,7432
20260701,影视动漫,风车动漫网在线观看免费完整版,373,20260701,7433
20260701,影视动漫,中餐厅第三季,373,20260701,7434
20260701,影视动漫,成全视频观看免费高清第1季第10集,373,20260701,7435
20260701,影视动漫,一一,373,20260701,7436
20260701,影视动漫,鉴黄师视频,373,20260701,7437
20260701,影视动漫,黑袍纠察队第五季,373,20260701,7438
20260701,影视动漫,魔女之旅,373,20260701,7439
20260701,影视动漫,双男主漫画,373,20260701,7440
20260701,影视动漫,青青河边草国语版免费观看,373,20260701,7441
20260701,影视动漫,最美的青春电视剧全集免费观看,373,20260701,7442
20260701,影视动漫,爱情电影在线完整版,373,20260701,7443
20260701,影视动漫,爱情里的烟火,373,20260701,7444
20260701,影视动漫,优酷官网,373,20260701,7445
20260701,影视动漫,风筝1-46集完整版免费,373,20260701,7446
20260701,影视动漫,某天成为公主,373,20260701,7447
20260701,影视动漫,给你宇宙电视剧,373,20260701,7448
20260701,影视动漫,狂野少女完整版国语百度云,373,20260701,7449
20260701,影视动漫,苦菜花电视剧全集免费观看,373,20260701,7450
20260701,影视动漫,武林外传在线观看免费全集,373,20260701,7451
20260701,影视动漫,网球王子,373,20260701,7452
20260701,影视动漫,纯真年代电影,372,20260701,7453
20260701,影视动漫,抗日电视剧大全集最新免费观看,372,20260701,7454
20260701,影视动漫,他似火,372,20260701,7455
20260701,影视动漫,虫虫动漫,372,20260701,7456
20260701,影视动漫,千香引40集全免费,372,20260701,7457
20260701,影视动漫,第一个男人电视剧,372,20260701,7458
20260701,影视动漫,闪亮爱全部演员表,372,20260701,7459
20260701,影视动漫,一人之下第六季免费观看完整版,372,20260701,7460
20260701,影视动漫,入戏泰剧免费观看,372,20260701,7461
20260701,影视动漫,来自星星的你,372,20260701,7462
20260701,影视动漫,赤裸狂奔,372,20260701,7463
20260701,影视动漫,731电影,372,20260701,7464
20260701,影视动漫,韩剧《出轨同学会》雨真谁演的金,372,20260701,7465
20260701,影视动漫,暴躁老妈1-46集剧情,372,20260701,7466
20260701,影视动漫,夜勤病楝第一季动漫在线观看,372,20260701,7467
20260701,影视动漫,小夫妻,372,20260701,7468
20260701,影视动漫,梁思敏水浒传,372,20260701,7469
20260701,影视动漫,甜美的咬痕,372,20260701,7470
20260701,影视动漫,外出1,372,20260701,7471
20260701,影视动漫,蜜语纪电视剧免费观看全集,372,20260701,7472
20260701,影视动漫,无人车站动漫,372,20260701,7473
20260701,影视动漫,红雀,372,20260701,7474
20260701,影视动漫,终极猎杀 电影,372,20260701,7475
20260701,影视动漫,金太狼的幸福生活电视剧免费观看全集,372,20260701,7476
20260701,影视动漫,致命弯道6,372,20260701,7477
20260701,影视动漫,曼哈顿打拼日记,371,20260701,7478
20260701,影视动漫,灭门惨案1,371,20260701,7479
20260701,影视动漫,红高粱电视剧免费观看全集在线观看,371,20260701,7480
20260701,影视动漫,妖神记全集免费观看,371,20260701,7481
20260701,影视动漫,当我飞奔向你电视剧全集观看,371,20260701,7482
20260701,影视动漫,中餐厅10,371,20260701,7483
20260701,影视动漫,韩国电影网,371,20260701,7484
20260701,影视动漫,达达兔影院,371,20260701,7485
20260701,影视动漫,亢奋第一季,371,20260701,7486
20260701,影视动漫,米兰达电影在线观看百度,371,20260701,7487
20260701,影视动漫,不完美受害人 电视剧,371,20260701,7488
20260701,影视动漫,心动的信号第八季在线观看免费完整,371,20260701,7489
20260701,影视动漫,漂亮女医生电视剧高清,371,20260701,7490
20260701,影视动漫,爱情契约泰剧电视剧完整版在线观看,371,20260701,7491
20260701,影视动漫,爱情睡醒了,371,20260701,7492
20260701,影视动漫,阿甘正传,371,20260701,7493
20260701,影视动漫,咱们结婚吧,371,20260701,7494
20260701,影视动漫,仙剑四电视剧免费观看全集,371,20260701,7495
20260701,影视动漫,检察官的提案在线观看第一集,371,20260701,7496
20260701,影视动漫,加油吧中村君,371,20260701,7497
20260701,影视动漫,英雄,371,20260701,7498
20260701,影视动漫,福尔摩斯,370,20260701,7499
20260701,影视动漫,低智商犯罪演员表,370,20260701,7500
20260701,影视动漫,千香电视剧在线免费观看,370,20260701,7501
20260701,影视动漫,七大罪,370,20260701,7502
20260701,影视动漫,欢迎观临,370,20260701,7503
20260701,影视动漫,三国演义电视剧在线观看免费完整版,370,20260701,7504
20260701,影视动漫,海市蜃楼电视剧在线观看,370,20260701,7505
20260701,影视动漫,三角洲视频,370,20260701,7506
20260701,影视动漫,cctv5在线直播免费观看,370,20260701,7507
20260701,影视动漫,爱情季节泰剧第一季全集完整免费观看,370,20260701,7508
20260701,影视动漫,爱的契约电视剧,370,20260701,7509
20260701,影视动漫,大地二中文在线观看高清百度云,370,20260701,7510
20260701,影视动漫,小丑回魂,370,20260701,7511
20260701,影视动漫,直播视频,370,20260701,7512
20260701,影视动漫,火遮眼在线观看,370,20260701,7513
20260701,影视动漫,爱情的烟火电视剧全集免费观看,369,20260701,7514
20260701,影视动漫,盲山,369,20260701,7515
20260701,影视动漫,囧次元app正版下载免费版,369,20260701,7516
20260701,影视动漫,琪琪电影,369,20260701,7517
20260701,影视动漫,CCTv5世界杯直播,369,20260701,7518
20260701,影视动漫,爱情动作片,369,20260701,7519
20260701,影视动漫,天赐的声音第七季,369,20260701,7520
20260701,影视动漫,《逐玉》电视剧,369,20260701,7521
20260701,影视动漫,韩国电影在线高清免费观看完整版漫画,369,20260701,7522
20260701,影视动漫,满天星电影,369,20260701,7523
20260701,影视动漫,《双轨》全集免费观看全集,369,20260701,7524
20260701,影视动漫,下一站是幸福电视剧免费观看完整版,369,20260701,7525
20260701,影视动漫,野兽们的战争观看,369,20260701,7526
20260701,影视动漫,春色寄情人电视剧在线观看完整版,369,20260701,7527
20260701,影视动漫,抖音购物车在哪里找到,369,20260701,7528
20260701,影视动漫,梁祝艳谭,369,20260701,7529
20260701,影视动漫,法国空乘在线观看完整免费高清原声满天星悬疑片2019年,369,20260701,7530
20260701,影视动漫,鸡毛飞上天演员表,369,20260701,7531
20260701,影视动漫,灵魂摆渡第二季,369,20260701,7532
20260701,影视动漫,玉骨遥电视剧在线观看完整版高清,369,20260701,7533
20260701,影视动漫,垂涎电视结局,369,20260701,7534
20260701,影视动漫,走向共和电视剧高清完整版,369,20260701,7535
20260701,影视动漫,7777在线观看免费高清电视剧狂飙霸凌,369,20260701,7536
20260701,影视动漫,爱在是隆,369,20260701,7537
20260701,影视动漫,中华,369,20260701,7538
20260701,影视动漫,成龙电影,368,20260701,7539
20260701,影视动漫,哔哩哔哩免费下载,368,20260701,7540
20260701,影视动漫,9xvcc抖音,368,20260701,7541
20260701,影视动漫,高清全集免费观看完整版,368,20260701,7542
20260701,影视动漫,山楂树之恋,368,20260701,7543
20260701,影视动漫,欲望之屋2韩剧免费观看完整版电视剧在线观看,368,20260701,7544
20260701,影视动漫,恶缘,368,20260701,7545
20260701,影视动漫,三年中文版在线观看第5季第13集,368,20260701,7546
20260701,影视动漫,封神演义,368,20260701,7547
20260701,影视动漫,中央十三台新闻频道在线直播观看,368,20260701,7548
20260701,影视动漫,志愿军3浴血和平,368,20260701,7549
20260701,影视动漫,捕风捉影免费观看完整版2025年,368,20260701,7550
20260701,影视动漫,《去有风的地方》电视剧,368,20260701,7551
20260701,影视动漫,马苏和江疏影拍的电视剧,368,20260701,7552
20260701,影视动漫,小真的开发日记动漫第一季,368,20260701,7553
20260701,影视动漫,中央5台直播在线直播观看高清,368,20260701,7554
20260701,影视动漫,绣春刀,368,20260701,7555
20260701,影视动漫,末日村庄电影播放,368,20260701,7556
20260701,影视动漫,火种,368,20260701,7557
20260701,影视动漫,水牛城66,368,20260701,7558
20260701,影视动漫,失踪电影在线观看完整版,368,20260701,7559
20260701,影视动漫,2019年免费观看高清电视剧-百度-百度,368,20260701,7560
20260701,影视动漫,中餐厅第二季,367,20260701,7561
20260701,影视动漫,云边有个小卖部 电影,367,20260701,7562
20260701,影视动漫,云深不知梦动漫,367,20260701,7563
20260701,影视动漫,白鹿《莫离》免费观看全集,367,20260701,7564
20260701,影视动漫,陷阱 电影,367,20260701,7565
20260701,影视动漫,忙忙碌碌寻宝藏第二季,367,20260701,7566
20260701,影视动漫,天赐的声音 第6季 综艺,367,20260701,7567
20260701,影视动漫,问题家族2016巴西在线观看,367,20260701,7568
20260701,影视动漫,神隐 电视剧,367,20260701,7569
20260701,影视动漫,游戏王,367,20260701,7570
20260701,影视动漫,生活大爆炸,367,20260701,7571
20260701,影视动漫,高压监狱免费版完整版在线观看法国,367,20260701,7572
20260701,影视动漫,卫子夫,367,20260701,7573
20260701,影视动漫,CCTV5十正在直播王曼昱,367,20260701,7574
20260701,影视动漫,爱情公寓4全集免费观看完整版高清,367,20260701,7575
20260701,影视动漫,亲爱的隐居先生 电视剧,367,20260701,7576
20260701,影视动漫,斩神二季免费观看全集,367,20260701,7577
20260701,影视动漫,最好的我们,367,20260701,7578
20260701,影视动漫,九部的检察官 电视剧,367,20260701,7579
20260701,影视动漫,中央5套cctv5现场直播,367,20260701,7580
20260701,影视动漫,雷佳音主演的电视剧全部,367,20260701,7581
20260701,影视动漫,性教育电影,367,20260701,7582
20260701,影视动漫,CCTV-1《新闻联播》,367,20260701,7583
20260701,影视动漫,哥布林动漫,367,20260701,7584
20260701,影视动漫,失踪,367,20260701,7585
20260701,影视动漫,社长夫人的背叛日剧在线观看,367,20260701,7586
20260701,影视动漫,华尔街之狼,367,20260701,7587
20260701,影视动漫,YouTube日本,366,20260701,7588
20260701,影视动漫,弹珠汽水少女在线看,366,20260701,7589
20260701,影视动漫,莲花楼电视剧免费观看完整版,366,20260701,7590
20260701,影视动漫,薛仁贵,366,20260701,7591
20260701,影视动漫,老酒馆电视剧在线观看免费全集,366,20260701,7592
20260701,影视动漫,新视讯,366,20260701,7593
20260701,影视动漫,泰山1995版未删减版百度云资源,366,20260701,7594
20260701,影视动漫,斯巴达克,366,20260701,7595
20260701,影视动漫,戴拿奥特曼,366,20260701,7596
20260701,影视动漫,历史转折中的邓小平,366,20260701,7597
20260701,影视动漫,赛文奥特曼,366,20260701,7598
20260701,影视动漫,更高戒律电影完整版免费,366,20260701,7599
20260701,影视动漫,一路向西高清完整版免费观看,366,20260701,7600
20260701,影视动漫,武媚娘传奇 电视剧,366,20260701,7601
20260701,影视动漫,谍战片9.7分以上谍战大剧,366,20260701,7602
20260701,影视动漫,上流社会韩剧电影在线观看完整,366,20260701,7603
20260701,影视动漫,樱花动漫官网专注动漫的门户网站进击的巨人,366,20260701,7604
20260701,影视动漫,电影《抓特务》完整版,366,20260701,7605
20260701,影视动漫,超能路人甲韩剧在线播放免费观看,366,20260701,7606
20260701,影视动漫,饺子电影完整版观看高清,365,20260701,7607
20260701,影视动漫,b站免费在线观看入口,365,20260701,7608
20260701,影视动漫,乘风破浪2026在线观看免费完整版,365,20260701,7609
20260701,影视动漫,甜蜜惩罚第二季免费全集观看动漫版,365,20260701,7610
20260701,影视动漫,开元祺牌1-40集免费观看视频,365,20260701,7611
20260701,影视动漫,替夫还债的电影,365,20260701,7612
20260701,影视动漫,姑娘2,365,20260701,7613
20260701,影视动漫,扫恶,365,20260701,7614
20260701,影视动漫,聚会的目的和意义4,365,20260701,7615
20260701,影视动漫,重生之门,365,20260701,7616
20260701,影视动漫,cctv 5直播,365,20260701,7617
20260701,影视动漫,釜山行 电影,365,20260701,7618
20260701,影视动漫,漂亮的女人,365,20260701,7619
20260701,影视动漫,知否知否,365,20260701,7620
20260701,影视动漫,儒意电影,365,20260701,7621
20260701,影视动漫,唐伯虎(糖心)作品全集视频,365,20260701,7622
20260701,影视动漫,杖与剑的魔剑谭第二季,365,20260701,7623
20260701,影视动漫,仙逆动漫在线看,365,20260701,7624
20260701,影视动漫,风筝电视剧高清免费观看,365,20260701,7625
20260701,影视动漫,中央五套5直播在线观看,365,20260701,7626
20260701,影视动漫,斯巴达克斯第一季在线观看,365,20260701,7627
20260701,影视动漫,欢乐家长群第一季免费观看,364,20260701,7628
20260701,影视动漫,死亡使者泰剧全集观看完整版免费高清,364,20260701,7629
20260701,影视动漫,泡在我家黑田同学樱花动漫完整版,364,20260701,7630
20260701,影视动漫,红海行动,364,20260701,7631
20260701,影视动漫,沙滩上的修学旅行动漫在线播放动漫,364,20260701,7632
20260701,影视动漫,挑战赛游戏在线播放免费,364,20260701,7633
20260701,影视动漫,6080新视觉,364,20260701,7634
20260701,影视动漫,检察官,364,20260701,7635
20260701,影视动漫,欧美惊悚片大全,364,20260701,7636
20260701,影视动漫,万影网,364,20260701,7637
20260701,影视动漫,少年,364,20260701,7638
20260701,影视动漫,熊出没之古宅探宝 2022,364,20260701,7639
20260701,影视动漫,黑帮大佬第三部,364,20260701,7640
20260701,影视动漫,南瓜影视,364,20260701,7641
20260701,影视动漫,《爱情有烟火》全集免费观看,364,20260701,7642
20260701,影视动漫,开端 电视剧,364,20260701,7643
20260701,影视动漫,我妻子的一切,364,20260701,7644
20260701,影视动漫,检察官的提案韩剧在线,364,20260701,7645
20260701,影视动漫,《不忠》免费观看完整版电影,364,20260701,7646
20260701,影视动漫,使徒行者,364,20260701,7647
20260701,影视动漫,小9直播,364,20260701,7648
20260701,影视动漫,砰砰砰免费观看全集在线,364,20260701,7649
20260701,影视动漫,法国野玫瑰,364,20260701,7650
20260701,影视动漫,饺子梁家辉田朴珺视频,364,20260701,7651
20260701,影视动漫,赶尸艳谭在线观看,364,20260701,7652
20260701,影视动漫,《玉薄圃III》之官人我要百度百科,364,20260701,7653
20260701,影视动漫,东北往事之黑道风云20年未删节电视剧哪年拍的,363,20260701,7654
20260701,影视动漫,免费看动漫的软件,363,20260701,7655
20260701,影视动漫,昨夜降至免费观看完整版电视剧高清,363,20260701,7656
20260701,影视动漫,她和她的她 电视剧,363,20260701,7657
20260701,影视动漫,拥抱春天的罗曼史动漫,363,20260701,7658
20260701,影视动漫,赵氏孤儿,363,20260701,7659
20260701,影视动漫,洛丽塔美剧在线观看,363,20260701,7660
20260701,影视动漫,泰坦尼克号杰克画露丝全身原版,363,20260701,7661
20260701,影视动漫,《莫离》免费观看全集高清版电视剧,363,20260701,7662
20260701,影视动漫,雪中悍刀行第二季免费观看完整版,363,20260701,7663
20260701,影视动漫,爱如潮水5韩剧完整版在线观看,363,20260701,7664
20260701,影视动漫,爱神派对,363,20260701,7665
20260701,影视动漫,宴遇永安高清全集在线看,363,20260701,7666
20260701,影视动漫,电影出现的时间,363,20260701,7667
20260701,影视动漫,村妓电影,363,20260701,7668
20260701,影视动漫,熊出没之探险日记,363,20260701,7669
20260701,影视动漫,薰香花朵凛然绽放,363,20260701,7670
20260701,影视动漫,终末的后官免费观看全集在线观看高清版,363,20260701,7671
20260701,影视动漫,gogogo韩剧在线观看免费视频,363,20260701,7672
20260701,影视动漫,少女医生韩剧,363,20260701,7673
20260701,影视动漫,禁忌挚友2泰剧在线观看完整版全集第七集,363,20260701,7674
20260701,影视动漫,头盔狂人电影意大利在线,362,20260701,7675
20260701,影视动漫,南派档案电视剧免费播放,362,20260701,7676
20260701,影视动漫,《江山为聘》电视剧,362,20260701,7677
20260701,影视动漫,免费影视,362,20260701,7678
20260701,影视动漫,电影《温柔的女人》,362,20260701,7679
20260701,影视动漫,九龙城寨之围城 电影,362,20260701,7680
20260701,影视动漫,天降女子从2楼掉下来了完整动漫,362,20260701,7681
20260701,影视动漫,我许可免费版全集在线观看,362,20260701,7682
20260701,影视动漫,农场主和的三个女儿,362,20260701,7683
20260701,影视动漫,方圆八百米在线观看全集,362,20260701,7684
20260701,影视动漫,油管youtube,362,20260701,7685
20260701,影视动漫,盛夏芬德拉,362,20260701,7686
20260701,影视动漫,老板的女儿,362,20260701,7687
20260701,影视动漫,我的女朋友,362,20260701,7688
20260701,影视动漫,达尔文事变,362,20260701,7689
20260701,影视动漫,中央1台节目表,362,20260701,7690
20260701,影视动漫,大主宰年番2,362,20260701,7691
20260701,影视动漫,仙逆动漫在线观看完整版全集高清,362,20260701,7692
20260701,影视动漫,迷墙电视剧免费观看全集在线播放,362,20260701,7693
20260701,影视动漫,哈利波特1,362,20260701,7694
20260701,影视动漫,琪琪电视剧免费观看完整版,361,20260701,7695
20260701,影视动漫,高校教师在线观看,361,20260701,7696
20260701,影视动漫,秋蝉电视剧全集免费观看,361,20260701,7697
20260701,影视动漫,心居电视剧免费全集在线播放,361,20260701,7698
20260701,影视动漫,欲望都市,361,20260701,7699
20260701,影视动漫,问心二电视剧免费观看完整版,361,20260701,7700
20260701,影视动漫,每日大赛在线观看,361,20260701,7701
20260701,影视动漫,半熟恋人最新一季2026,361,20260701,7702
20260701,影视动漫,我和黑帮大佬的365天2免费观看高清,361,20260701,7703
20260701,影视动漫,极速60分在线观看免费百度云,361,20260701,7704
20260701,影视动漫,娘道演员表,361,20260701,7705
20260701,影视动漫,闪亮爱,361,20260701,7706
20260701,影视动漫,玛戈没钱了,361,20260701,7707
20260701,影视动漫,醉梦 电视剧,361,20260701,7708
20260701,影视动漫,侏罗纪世界重生,361,20260701,7709
20260701,影视动漫,潜行者 电视剧,361,20260701,7710
20260701,影视动漫,鬼灭之刃无限城篇完整版,361,20260701,7711
20260701,影视动漫,足迹电视剧全集完整版免费观看,361,20260701,7712
20260701,影视动漫,迷墙免费观看全集,361,20260701,7713
20260701,影视动漫,凡人修仙传178-180集,360,20260701,7714
20260701,影视动漫,世界杯直播在线观看,360,20260701,7715
20260701,影视动漫,父亲,360,20260701,7716
20260701,影视动漫,《女教师》在线观看电视剧日剧版,360,20260701,7717
20260701,影视动漫,抖音点赞,360,20260701,7718
20260701,影视动漫,边凤梅和江德才是什么电视剧,360,20260701,7719
20260701,影视动漫,汪汪队狗狗名字 成员,360,20260701,7720
20260701,影视动漫,大场面电影在线观看,360,20260701,7721
20260701,影视动漫,黑猫,360,20260701,7722
20260701,影视动漫,芒果tv官方下载,360,20260701,7723
20260701,影视动漫,办公室3在线观看免费版电视剧大全中,360,20260701,7724
20260701,影视动漫,北上电视剧免费观看全集完整版下载,360,20260701,7725
20260701,影视动漫,美人鱼-澳门,360,20260701,7726
20260701,影视动漫,CCTV6,360,20260701,7727
20260701,影视动漫,课中坏事,360,20260701,7728
20260701,影视动漫,查泰莱夫人的情人,360,20260701,7729
20260701,影视动漫,三生三世枕上书 电视剧,360,20260701,7730
20260701,影视动漫,语义错误 韩剧,360,20260701,7731
20260701,影视动漫,狠家伙电影免费观看,360,20260701,7732
20260701,影视动漫,翁虹《挡不住的风》,360,20260701,7733
20260701,影视动漫,京剧猫,359,20260701,7734
20260701,影视动漫,杨洋主演的电视剧,359,20260701,7735
20260701,影视动漫,沸腾人生,359,20260701,7736
20260701,影视动漫,tiktok下载正版,359,20260701,7737
20260701,影视动漫,成人短剧,359,20260701,7738
20260701,影视动漫,x课程韩剧第一季完整版全集在线观看,359,20260701,7739
20260701,影视动漫,问心2免费观看,359,20260701,7740
20260701,影视动漫,棋士 电视剧,359,20260701,7741
20260701,影视动漫,武装少女,359,20260701,7742
20260701,影视动漫,青苹果乐园完整版在线看,359,20260701,7743
20260701,影视动漫,黄昏失焦动漫第一季,359,20260701,7744
20260701,影视动漫,史诡记之黄泉村,359,20260701,7745
20260701,影视动漫,爱上女蒲团2,359,20260701,7746
20260701,影视动漫,good电影播放在线观看,359,20260701,7747
20260701,影视动漫,哈哈哈哈哈第季6季,359,20260701,7748
20260701,影视动漫,马大帅,359,20260701,7749
20260701,影视动漫,cctv4在线直播,359,20260701,7750
20260701,影视动漫,潜入检察官绝不认输动漫在线观看全集,359,20260701,7751
20260701,影视动漫,轻音少女,359,20260701,7752
20260701,影视动漫,星愿,359,20260701,7753
20260701,影视动漫,狂暴荷尔蒙3,359,20260701,7754
20260701,影视动漫,新生电视剧在线观看免费完整版,359,20260701,7755
20260701,影视动漫,劳拉的失忆症完整版观看,359,20260701,7756
20260701,影视动漫,挡不住的风情粤语,358,20260701,7757
20260701,影视动漫,我的野蛮女友,358,20260701,7758
20260701,影视动漫,白鹿电视剧,358,20260701,7759
20260701,影视动漫,日剧《再来一分钟》,358,20260701,7760
20260701,影视动漫,新进社员姜会长韩剧免费观看全集在线,358,20260701,7761
20260701,影视动漫,我的理想异世界生活,358,20260701,7762
20260701,影视动漫,国产凌凌漆,358,20260701,7763
20260701,影视动漫,2026年《金部长》在线观看,358,20260701,7764
20260701,影视动漫,赵本山小品全集,358,20260701,7765
20260701,影视动漫,内蒙古卫视节目表,358,20260701,7766
20260701,影视动漫,疯狂动物城2在线观看完整中文,358,20260701,7767
20260701,影视动漫,解密 电影,358,20260701,7768
20260701,影视动漫,大长今,358,20260701,7769
20260701,影视动漫,火线传奇,358,20260701,7770
20260701,影视动漫,爷们儿电视剧免费观看全集,358,20260701,7771
20260701,影视动漫,喜羊羊与灰太狼之异国大营救,358,20260701,7772
20260701,影视动漫,京华烟云,358,20260701,7773
20260701,影视动漫,聚宝仙盆免费完整版,358,20260701,7774
20260701,影视动漫,瓜子影视,358,20260701,7775
20260701,影视动漫,古战场传奇,358,20260701,7776
20260701,影视动漫,台北娜娜新剧《老师》免费观看百度5,358,20260701,7777
20260701,影视动漫,隐形狂人1990电影在线观看,358,20260701,7778
20260701,影视动漫,问心2全集免费观看,358,20260701,7779
20260701,影视动漫,滟母画1-6季全集免费播放爱奇艺,358,20260701,7780
20260701,影视动漫,问心2周筱风和谁在一起了,358,20260701,7781
20260701,影视动漫,金发甜心,358,20260701,7782
20260701,影视动漫,恋爱之瘾在线观看完整版,357,20260701,7783
20260701,影视动漫,超燃青春的合唱免费播放在线观看全集,357,20260701,7784
20260701,影视动漫,新白娘子传奇 电视剧,357,20260701,7785
20260701,影视动漫,特利迦奥特曼,357,20260701,7786
20260701,影视动漫,御梦子甜心logo在线观看百度百科,357,20260701,7787
20260701,影视动漫,完全杀人剧场,357,20260701,7788
20260701,影视动漫,沦陷台湾剧,357,20260701,7789
20260701,影视动漫,女子推理社,357,20260701,7790
20260701,影视动漫,杨紫最火十部电视剧,357,20260701,7791
20260701,影视动漫,千鹤酱的开发日记动漫在线观看完整版,357,20260701,7792
20260701,影视动漫,破冰行动原型是哪个村,357,20260701,7793
20260701,影视动漫,红辣椒在线观看,357,20260701,7794
20260701,影视动漫,越战越勇,357,20260701,7795
20260701,影视动漫,国产电视剧免费观看网全集免费,357,20260701,7796
20260701,影视动漫,地狱占星师免费观看,357,20260701,7797
20260701,影视动漫,沉默的羔羊电影完整版在线观看,357,20260701,7798
20260701,影视动漫,天美影视mv免费观看电视剧,357,20260701,7799
20260701,影视动漫,四郎讲棋,357,20260701,7800
20260701,影视动漫,樱花动漫下载正版下载官网安装,357,20260701,7801
20260701,影视动漫,红桃在线中文字幕观看电视剧日剧,357,20260701,7802
20260701,影视动漫,CCtV5节目表,357,20260701,7803
20260701,影视动漫,电影抓特务,357,20260701,7804
20260701,影视动漫,西厢艳谭女主角叫什么,357,20260701,7805
20260701,影视动漫,脱轨,357,20260701,7806
20260701,影视动漫,镖人动漫第二季,357,20260701,7807
20260701,影视动漫,无可奈何韩国未删减版电视剧免费观看,357,20260701,7808
20260701,影视动漫,绽放吧百合演员表,357,20260701,7809
20260701,影视动漫,电影《娃娃脸1977》法国,357,20260701,7810
20260701,影视动漫,哈哈哈哈哈第三季在线观看完整免费高清,357,20260701,7811
20260701,影视动漫,隔窗恋爱在线观看电影完整版,356,20260701,7812
20260701,影视动漫,央视网体育频道直播在线观看,356,20260701,7813
20260701,影视动漫,《父债女还》高清完整版观看,356,20260701,7814
20260701,影视动漫,鬼灭之刃在线,356,20260701,7815
20260701,影视动漫,你是迟来的欢喜电视剧免费观看,356,20260701,7816
20260701,影视动漫,cctv体育频道,356,20260701,7817
20260701,影视动漫,归路,356,20260701,7818
20260701,影视动漫,默读电视剧,356,20260701,7819
20260701,影视动漫,叛逆者电视剧全集免费观看,356,20260701,7820
20260701,影视动漫,漫长的季节电视剧在线观看,356,20260701,7821
20260701,影视动漫,东成西就,356,20260701,7822
20260701,影视动漫,泰剧爱情契约免费观看,356,20260701,7823
20260701,影视动漫,黑猫男友的疼爱方式动漫全集观看樱花动漫,356,20260701,7824
20260701,影视动漫,凡人歌在线观看电视剧,356,20260701,7825
20260701,影视动漫,大秧歌,356,20260701,7826
20260701,影视动漫,哈兰德吃美食深渊巨口一口闷,356,20260701,7827
20260701,影视动漫,人间中毒韩剧在线完整观看中文版,356,20260701,7828
20260701,影视动漫,日本美女视频,356,20260701,7829
20260701,影视动漫,非常公寓,356,20260701,7830
20260701,影视动漫,食人族,356,20260701,7831
20260701,影视动漫,轩辕剑之天之痕,356,20260701,7832
20260701,影视动漫,人人,356,20260701,7833
20260701,影视动漫,180天重启计划 电视剧,356,20260701,7834
20260701,影视动漫,问心2在线观看免费完整版,356,20260701,7835
20260701,影视动漫,我的男人,356,20260701,7836
20260701,影视动漫,帝王之妾,356,20260701,7837
20260701,影视动漫,完美世界全集在线观看,356,20260701,7838
20260701,影视动漫,关于我转生变成史莱姆这档事第四季,356,20260701,7839
20260701,影视动漫,抗日奇侠,356,20260701,7840
20260701,影视动漫,白日梦我电视剧全集免费观看,355,20260701,7841
20260701,影视动漫,新僵尸先生,355,20260701,7842
20260701,影视动漫,美味速递2025,355,20260701,7843
20260701,影视动漫,潘金莲电视剧全集,355,20260701,7844
20260701,影视动漫,韩剧金特务:本色回归免费观看,355,20260701,7845
20260701,影视动漫,秘密花园真人版免费全集,355,20260701,7846
20260701,影视动漫,剑挑江山万重雪短剧,355,20260701,7847
20260701,影视动漫,江河日上,355,20260701,7848
20260701,影视动漫,暮光同城在线观看完整免费高清原声满天星美剧,355,20260701,7849
20260701,影视动漫,任敏《良陈美锦》电视剧,355,20260701,7850
20260701,影视动漫,爱壹帆,355,20260701,7851
20260701,影视动漫,韩国爱情片,355,20260701,7852
20260701,影视动漫,僵尸七日重生未删节版,355,20260701,7853
20260701,影视动漫,中国共产党成立105周年视频,355,20260701,7854
20260701,影视动漫,杰森斯坦森电影大全列表,355,20260701,7855
20260701,影视动漫,老同学1集免费观看完整版,355,20260701,7856
20260701,影视动漫,高大的女孩子你喜欢吗动漫第一集叫什么名字,355,20260701,7857
20260701,影视动漫,半是蜜糖半是伤 电视剧,355,20260701,7858
20260701,影视动漫,南海档案电视剧免费观看完整版,355,20260701,7859
20260701,影视动漫,喜人奇妙夜第二季,355,20260701,7860
20260701,影视动漫,凶案深处电视剧免费观看完整版,355,20260701,7861
20260701,影视动漫,爱情真可怕,355,20260701,7862
20260701,影视动漫,车震视频,355,20260701,7863
20260701,影视动漫,长安二十四计电视剧免费观看全集高清在线,355,20260701,7864
20260701,影视动漫,甄嬛传1-76全集免费,355,20260701,7865
20260701,影视动漫,开端,355,20260701,7866
20260701,影视动漫,黑执事第一季免费观看完整版,355,20260701,7867
20260701,影视动漫,致命之旅,354,20260701,7868
20260701,影视动漫,雍正王朝电视剧全集56在线观看,354,20260701,7869
20260701,影视动漫,密室大逃脱第8季在线观看全集完整版,354,20260701,7870
20260701,影视动漫,意外调查组在线看完整版电影,354,20260701,7871
20260701,影视动漫,大生意人 电视剧,354,20260701,7872
20260701,影视动漫,黑天鹅,354,20260701,7873
20260701,影视动漫,鬼片恐怖排名第一,354,20260701,7874
20260701,影视动漫,满清十大酷刑电影在线观看免费完整版百度网盘,354,20260701,7875
20260701,影视动漫,地狱客栈第2季,354,20260701,7876
20260701,影视动漫,抓特务电影,354,20260701,7877
20260701,影视动漫,钟馗电影,354,20260701,7878
20260701,影视动漫,电视剧问心2演员表,354,20260701,7879
20260701,影视动漫,大地资源第三页免费观看电视剧百度,354,20260701,7880
20260701,影视动漫,人渣的本愿日剧在线观看免费,354,20260701,7881
20260701,影视动漫,直播开放平台机构版,354,20260701,7882
20260701,影视动漫,金鹰节投票入口官网,354,20260701,7883
20260701,影视动漫,尤里和露珠,354,20260701,7884
20260701,影视动漫,超异能族,354,20260701,7885
20260701,影视动漫,南部档案馆在线播放全集免费2026,354,20260701,7886
20260701,影视动漫,清潭国际高中第1季,353,20260701,7887
20260701,影视动漫,我在精神病院学斩神动漫,353,20260701,7888
20260701,影视动漫,哪吒2魔童归来电影免费观看,353,20260701,7889
20260701,影视动漫,镖人第二季,353,20260701,7890
20260701,影视动漫,安徽卫视节目表,353,20260701,7891
20260701,影视动漫,爱死机,353,20260701,7892
20260701,影视动漫,父亲在线观看免费高清电视剧,353,20260701,7893
20260701,影视动漫,我的秘密花园第15集,353,20260701,7894
20260701,影视动漫,缘之空动漫,353,20260701,7895
20260701,影视动漫,简爱电影,353,20260701,7896
20260701,影视动漫,金特务本色回归完整版,353,20260701,7897
20260701,影视动漫,寒蝉鸣泣之时,353,20260701,7898
20260701,影视动漫,电影《潘巧云与和尚》,353,20260701,7899
20260701,影视动漫,可乐影视,353,20260701,7900
20260701,影视动漫,爱奇艺官网,353,20260701,7901
20260701,影视动漫,最新韩剧2026热播韩剧,353,20260701,7902
20260701,影视动漫,海贼王在线观看,353,20260701,7903
20260701,影视动漫,吴邪私家笔记电视剧在线观看,353,20260701,7904
20260701,影视动漫,抖音生活服务,353,20260701,7905
20260701,影视动漫,宝贝赳赳动画片全集免费,353,20260701,7906
20260701,影视动漫,四渡演员表全部名单,353,20260701,7907
20260701,影视动漫,你的谎言也动听,353,20260701,7908
20260701,影视动漫,功夫女足什么时候上映,353,20260701,7909
20260701,影视动漫,尸兄,353,20260701,7910
20260701,影视动漫,《加勒比海盗》(女版),353,20260701,7911
20260701,影视动漫,假面骑士时王,353,20260701,7912
20260701,影视动漫,宿敌,353,20260701,7913
20260701,影视动漫,我们的宿舍张凌赫第几期,353,20260701,7914
20260701,影视动漫,行尸走肉第三季,353,20260701,7915
20260701,影视动漫,进击的巨人第一季,353,20260701,7916
20260701,影视动漫,播放器,352,20260701,7917
20260701,影视动漫,策驰影院 电视剧免费韩剧,352,20260701,7918
20260701,影视动漫,侏罗纪公园,352,20260701,7919
20260701,影视动漫,昨夜将至免费看,352,20260701,7920
20260701,影视动漫,朱元璋电视剧,352,20260701,7921
20260701,影视动漫,半熟恋人5季免费观看全集在线高清,352,20260701,7922
20260701,影视动漫,78电影网,352,20260701,7923
20260701,影视动漫,如懿传全集,352,20260701,7924
20260701,影视动漫,爱情有烟火多少集啊,352,20260701,7925
20260701,影视动漫,长安十二时辰 电视剧,352,20260701,7926
20260701,影视动漫,魅魔合租屋第二季全集观看动漫免费,352,20260701,7927
20260701,影视动漫,千香电视剧免费观看全集高清,352,20260701,7928
20260701,影视动漫,择天记电视剧在线观看完整版免费,352,20260701,7929
20260701,影视动漫,快乐大本营,352,20260701,7930
20260701,影视动漫,中央一台今晚节目表,352,20260701,7931
20260701,影视动漫,新剧《莫离》,352,20260701,7932
20260701,影视动漫,一路向西在线播放,352,20260701,7933
20260701,影视动漫,妻子9韩剧在线观看全集,352,20260701,7934
20260701,影视动漫,《闵勇》全集,352,20260701,7935
20260701,影视动漫,虽然不是自己的菜和讨厌姐姐超契合动漫第一集,352,20260701,7936
20260701,影视动漫,仙逆动漫在线播放完整版高清,352,20260701,7937
20260701,影视动漫,危险关系的剧情介绍,352,20260701,7938
20260701,影视动漫,泰剧《KNOT》免费看,352,20260701,7939
20260701,影视动漫,以爱为营,351,20260701,7940
20260701,影视动漫,这是我的岛,351,20260701,7941
20260701,影视动漫,萤火之森,351,20260701,7942
20260701,影视动漫,怒袭,351,20260701,7943
20260701,影视动漫,毒战2018未删减版在线完整版观看免费,351,20260701,7944
20260701,影视动漫,献身给魔王伊伏洛基亚吧动漫百度网盘,351,20260701,7945
20260701,影视动漫,唐诡奇谭,351,20260701,7946
20260701,影视动漫,十七岁,351,20260701,7947
20260701,影视动漫,检察官的提案更新时间,351,20260701,7948
20260701,影视动漫,潘金莲的前世今生正版,351,20260701,7949
20260701,影视动漫,僵尸艳谭,351,20260701,7950
20260701,影视动漫,大雷美女,351,20260701,7951
20260701,影视动漫,幸福花园动漫 在线观看,351,20260701,7952
20260701,影视动漫,刘老庄八十二壮士免费完整版,351,20260701,7953
20260701,影视动漫,一念关山,351,20260701,7954
20260701,影视动漫,汤唯电影,351,20260701,7955
20260701,影视动漫,可可西里,351,20260701,7956
20260701,影视动漫,武则天电视剧全集,351,20260701,7957
20260701,影视动漫,集结号,351,20260701,7958
20260701,影视动漫,火凤凰电视剧全集完整版免费观看,351,20260701,7959
20260701,影视动漫,红苹果免费下载正版,351,20260701,7960
20260701,影视动漫,《快活》意大利/1985电影,351,20260701,7961
20260701,影视动漫,动画片《绝母》1-6集百度,351,20260701,7962
20260701,影视动漫,人民的选择,351,20260701,7963
20260701,影视动漫,胭脂,351,20260701,7964
20260701,影视动漫,免费观看爱情有烟火的电视剧,351,20260701,7965
20260701,影视动漫,斗龙战士,351,20260701,7966
20260701,影视动漫,韩国综艺《恋爱综艺》,351,20260701,7967
20260701,影视动漫,情劫,351,20260701,7968
20260701,影视动漫,电影出现在哪个世纪,351,20260701,7969
20260701,影视动漫,海角视频,350,20260701,7970
20260701,影视动漫,鬼灭之刃锻刀村篇免费完整版,350,20260701,7971
20260701,影视动漫,莲花楼电视剧免费观看,350,20260701,7972
20260701,影视动漫,金瓶梅电视剧全集电视剧在线看免费杨思,350,20260701,7973
20260701,影视动漫,抱胁泰剧第四集完整版免费观看,350,20260701,7974
20260701,影视动漫,夏家三千金 电视剧,350,20260701,7975
20260701,影视动漫,大内密探零零7徐锦江,350,20260701,7976
20260701,影视动漫,独自盛开电影,350,20260701,7977
20260701,影视动漫,识骨寻踪高清版第一季,350,20260701,7978
20260701,影视动漫,金牌影院电视剧在线观看,350,20260701,7979
20260701,影视动漫,一见倾心 电视剧,350,20260701,7980
20260701,影视动漫,一线栏目,350,20260701,7981
20260701,影视动漫,图书馆女友动漫全集完整版高清观看,350,20260701,7982
20260701,影视动漫,《主角》完整版48集视频,350,20260701,7983
20260701,影视动漫,天道电影完整版在线观看,350,20260701,7984
20260701,影视动漫,锦绣芳华,350,20260701,7985
20260701,影视动漫,泰剧爱情契约第一集,350,20260701,7986
20260701,影视动漫,罪案痕迹电视剧免费观看完整版,350,20260701,7987
20260701,影视动漫,龙的天空,350,20260701,7988
20260701,影视动漫,吞噬星空动漫免费版,349,20260701,7989
20260701,影视动漫,CCTV5正在直播wtt,349,20260701,7990
20260701,影视动漫,捉监侦探,349,20260701,7991
20260701,影视动漫,银行家电影免费观看完整版,349,20260701,7992
20260701,影视动漫,深潜 电视剧,349,20260701,7993
20260701,影视动漫,免费观看视频,349,20260701,7994
20260701,影视动漫,天天有喜,349,20260701,7995
20260701,影视动漫,姐妹病毒完整视频,349,20260701,7996
20260701,影视动漫,XL司令类似动漫,349,20260701,7997
20260701,影视动漫,检查官的提案韩剧在线观看免费,349,20260701,7998
20260701,影视动漫,漫长的季节演员表,349,20260701,7999
20260701,影视动漫,白蛇传,349,20260701,8000
20260701,影视动漫,可爱甜心,349,20260701,8001
20260701,影视动漫,黑冰,349,20260701,8002
20260701,影视动漫,奔跑吧第14季,349,20260701,8003
20260701,影视动漫,巨齿鲨,349,20260701,8004
20260701,影视动漫,lisa疯马秀表演只剩腰链,349,20260701,8005
20260701,影视动漫,百变小樱,349,20260701,8006
20260701,影视动漫,cctv5节目今天节目,349,20260701,8007
20260701,影视动漫,种鬼电影完整版国语版,349,20260701,8008
20260701,影视动漫,神探狄仁杰第五部,349,20260701,8009
20260701,影视动漫,奋斗吧少年电视剧全集免费观看,349,20260701,8010
20260701,影视动漫,人间中毒完整版,349,20260701,8011
20260701,影视动漫,零之使魔,349,20260701,8012
20260701,影视动漫,灵魂重生泰剧全集观看完整版,349,20260701,8013
20260701,影视动漫,金部长本色回归在线观看免费,349,20260701,8014
20260701,影视动漫,陈宝的电影《灯草和尚》,349,20260701,8015
20260701,影视动漫,解密,349,20260701,8016
20260701,影视动漫,脱口秀和他的朋友们2026第三季,349,20260701,8017
20260701,影视动漫,邪不压正免费观看完整高清视频,348,20260701,8018
20260701,影视动漫,奔跑吧第二季免费完整版在线观看,348,20260701,8019
20260701,影视动漫,蒙特利尔我的爱人,348,20260701,8020
20260701,影视动漫,猫眼电影,348,20260701,8021
20260701,影视动漫,drop out在线观看免费完整版,348,20260701,8022
20260701,影视动漫,泰迪熊,348,20260701,8023
20260701,影视动漫,韩剧《度假交换》在线观看全集,348,20260701,8024
20260701,影视动漫,乐球在线直播(无插件),348,20260701,8025
20260701,影视动漫,南部档案电视剧高清,348,20260701,8026
20260701,影视动漫,南瓜影院,348,20260701,8027
20260701,影视动漫,铁齿铜牙纪晓岚,348,20260701,8028
20260701,影视动漫,百年孤独电影,348,20260701,8029
20260701,影视动漫,突围 电视剧,348,20260701,8030
20260701,影视动漫,小气鬼,348,20260701,8031
20260701,影视动漫,《秘密》丁度·巴拉斯,348,20260701,8032
20260701,影视动漫,女孩之夜免费观看完整版,348,20260701,8033
20260701,影视动漫,莫离在线免费观看,348,20260701,8034
20260701,影视动漫,兰闺喜事 电视剧,348,20260701,8035
20260701,影视动漫,韩国电视剧大全免费观看,348,20260701,8036
20260701,影视动漫,小千的开发日记动漫全集完整版,348,20260701,8037
20260701,影视动漫,夏与箱第一集在线观看,348,20260701,8038
20260701,影视动漫,激战丛林,348,20260701,8039
20260701,影视动漫,莫离电视剧剧情介绍,348,20260701,8040
20260701,影视动漫,《劳拉的秘密》,348,20260701,8041
20260701,影视动漫,女教师日记在线观看电视剧完整版的日剧,348,20260701,8042
20260701,影视动漫,少年库洛女仆,348,20260701,8043
20260701,影视动漫,密语记电视剧免费播放在线观看全集高清全集,348,20260701,8044
20260701,影视动漫,东周列国·春秋篇 电视剧,348,20260701,8045
20260701,影视动漫,金银岛女孩意大利电影完整版在线观看,348,20260701,8046
20260701,影视动漫,喜欢你我也是6季在线观看,348,20260701,8047
20260701,影视动漫,克罗心广告,348,20260701,8048
20260701,影视动漫,蛇蝎美人电影在线看免费观看完整版,347,20260701,8049
20260701,影视动漫,中文在线字幕高清电视剧大全,347,20260701,8050
20260701,影视动漫,斯巴达克电影,347,20260701,8051
20260701,影视动漫,我家大师兄脑子有坑,347,20260701,8052
20260701,影视动漫,美国空姐2免费高清完整版日剧在线观看,347,20260701,8053
20260701,影视动漫,蛋仔派对逃出惊魂夜视频,347,20260701,8054
20260701,影视动漫,干柴烈火,347,20260701,8055
20260701,影视动漫,知否知否应是绿肥红瘦电视剧免费观看完整版,347,20260701,8056
20260701,影视动漫,青丘狐传说全集免费观看,347,20260701,8057
20260701,影视动漫,这个杀手不太冷,347,20260701,8058
20260701,影视动漫,高智商犯罪在线观看,347,20260701,8059
20260701,影视动漫,罗小黑战记免费观看完整版,347,20260701,8060
20260701,影视动漫,小柠檬,347,20260701,8061
20260701,影视动漫,《俘虏水滴》观看完整版动漫,347,20260701,8062
20260701,影视动漫,沧元图在线观看全集免费,347,20260701,8063
20260701,影视动漫,来不及说我爱你免费观看完整版,347,20260701,8064
20260701,影视动漫,茶啊二中大电影,347,20260701,8065
20260701,影视动漫,隐欲囚笼完整版在线播放免费观看电影,347,20260701,8066
20260701,影视动漫,食物链3,347,20260701,8067
20260701,影视动漫,章子怡《罗曼蒂克消亡史》,347,20260701,8068
20260701,影视动漫,鹊刀门传奇2免费观看完整版,347,20260701,8069
20260701,影视动漫,电影频道节目表,347,20260701,8070
20260701,影视动漫,《温柔的医生》在线观看,347,20260701,8071
20260701,影视动漫,神断狄仁杰,347,20260701,8072
20260701,影视动漫,少年派2,347,20260701,8073
20260701,影视动漫,泰剧tv,347,20260701,8074
20260701,影视动漫,史密斯夫妇,346,20260701,8075
20260701,影视动漫,暗夜电影台湾版,346,20260701,8076
20260701,影视动漫,铠甲勇士拿瓦,346,20260701,8077
20260701,影视动漫,对手电视剧全集在线观看,346,20260701,8078
20260701,影视动漫,韩剧《雪花霜》在线观看,346,20260701,8079
20260701,影视动漫,中央三台节目表,346,20260701,8080
20260701,影视动漫,韩剧《绣感》在线观看,346,20260701,8081
20260701,影视动漫,大地资源中文版三免费高清观看,346,20260701,8082
20260701,影视动漫,生死时刻泰剧,346,20260701,8083
20260701,影视动漫,失控,346,20260701,8084
20260701,影视动漫,平型关大捷,346,20260701,8085
20260701,影视动漫,农夫的女儿,346,20260701,8086
20260701,影视动漫,CCTV5十在线直播观看正在直播中国男篮,346,20260701,8087
20260701,影视动漫,良辰美景好时光电视剧免费观看,346,20260701,8088
20260701,影视动漫,秋蝉 电视剧,346,20260701,8089
20260701,影视动漫,角头斗阵欸,346,20260701,8090
20260701,影视动漫,飞虎神鹰电视剧免费观看,346,20260701,8091
20260701,影视动漫,手指沙龙,346,20260701,8092
20260701,影视动漫,斩神第一季全集免费观看完整版高清,346,20260701,8093
20260701,影视动漫,风纪部委员动漫第一集,346,20260701,8094
20260701,影视动漫,迅猛兔加速,346,20260701,8095
20260701,影视动漫,三体,346,20260701,8096
20260701,影视动漫,门第1—36集电视剧免费观看,346,20260701,8097
20260701,影视动漫,omofun动漫官方app下载,346,20260701,8098
20260701,影视动漫,心想事成,346,20260701,8099
20260701,影视动漫,都想做好韩剧在线看,346,20260701,8100
20260701,影视动漫,xl上司的动漫全集,346,20260701,8101
20260701,影视动漫,异形,346,20260701,8102
20260701,影视动漫,归良辰电视剧免费播放,346,20260701,8103
20260701,影视动漫,热舞,346,20260701,8104
20260701,影视动漫,末路狂杀,345,20260701,8105
20260701,影视动漫,一级做ae视频片段多久出结果,345,20260701,8106
20260701,影视动漫,日本高清版免费观看电视剧大全,345,20260701,8107
20260701,影视动漫,黑超猛男免费观看完整版电视剧,345,20260701,8108
20260701,影视动漫,快乐到死在线观看完整版电影高清,345,20260701,8109
20260701,影视动漫,电视剧沉默的荣耀免费观看,345,20260701,8110
20260701,影视动漫,《千香》免费观看全集电视剧,345,20260701,8111
20260701,影视动漫,炽夏电视剧免费观看全集高清202614集,345,20260701,8112
20260701,影视动漫,大国崛起,345,20260701,8113
20260701,影视动漫,七根心简电视剧,345,20260701,8114
20260701,影视动漫,《高压监狱》完整版,345,20260701,8115
20260701,影视动漫,欢乐颂3电视剧全集免费观看,345,20260701,8116
20260701,影视动漫,舒淇电影,345,20260701,8117
20260701,影视动漫,白玉兰奖2026年颁奖时间,345,20260701,8118
20260701,影视动漫,从前有座灵剑山,345,20260701,8119
20260701,影视动漫,蘑菇tv官方网页版登录入口,345,20260701,8120
20260701,影视动漫,第二十条,345,20260701,8121
20260701,影视动漫,红果视频,345,20260701,8122
20260701,影视动漫,胜算 电视剧,345,20260701,8123
20260701,影视动漫,偷窥无罪电影,345,20260701,8124
20260701,影视动漫,蜜桃成熟时4,345,20260701,8125
20260701,影视动漫,radroach3d动画,345,20260701,8126
20260701,影视动漫,《离婚女人》完整版,345,20260701,8127
20260701,影视动漫,哪个网址可以免费看mv,345,20260701,8128
20260701,影视动漫,女邻居免费观看完整版电视剧,345,20260701,8129
20260701,影视动漫,omofun动漫官方正版下载,345,20260701,8130
20260701,影视动漫,南部档案免费观看全集,345,20260701,8131
20260701,影视动漫,四月是你的谎言,345,20260701,8132
20260701,影视动漫,蔷薇风暴 电视剧,345,20260701,8133
20260701,影视动漫,舒淇作品,345,20260701,8134
20260701,影视动漫,Acfan,344,20260701,8135
20260701,影视动漫,51吃瓜视频,344,20260701,8136
20260701,影视动漫,《无法拒绝的你》韩剧,344,20260701,8137
20260701,影视动漫,一路向西2电影在线观看完整版免费高清国语,344,20260701,8138
20260701,影视动漫,老九门在线观看全集免费观看,344,20260701,8139
20260701,影视动漫,冰与火之歌,344,20260701,8140
20260701,影视动漫,火山口的两个人,344,20260701,8141
20260701,影视动漫,电视剧花开如梦剧情介绍,344,20260701,8142
20260701,影视动漫,哈利波特1免费完整版在线观看,344,20260701,8143
20260701,影视动漫,双人砰砰砰在线观看完整百度云,344,20260701,8144
20260701,影视动漫,锦衣卫,344,20260701,8145
20260701,影视动漫,世界最早电影,344,20260701,8146
20260701,影视动漫,做自己的光,344,20260701,8147
20260701,影视动漫,雁回时电视剧在线观看完整版高清,344,20260701,8148
20260701,影视动漫,女儿们的男朋友,344,20260701,8149
20260701,影视动漫,胖哥的传奇人生在线观看,344,20260701,8150
20260701,影视动漫,无职转生第三季,344,20260701,8151
20260701,影视动漫,好久不见,344,20260701,8152
20260701,影视动漫,小马拉大车吃童子鸡旁边有百度图片,344,20260701,8153
20260701,影视动漫,历史转折中的邓小电视剧48集央视网,344,20260701,8154
20260701,影视动漫,我的邻居,344,20260701,8155
20260701,影视动漫,欢天喜地七仙女,344,20260701,8156
20260701,影视动漫,《无人车站》动漫免费看第二季,344,20260701,8157
20260701,影视动漫,爸爸当家第五季免费观看完整版高清最新一期,344,20260701,8158
20260701,影视动漫,风花雪月电影在线观看高清,344,20260701,8159
20260701,影视动漫,姑娘第8集在线播放完整版,343,20260701,8160
20260701,影视动漫,风过留痕,343,20260701,8161
20260701,影视动漫,韩剧《恋爱高手》,343,20260701,8162
20260701,影视动漫,男与女电影,343,20260701,8163
20260701,影视动漫,吴邪私家笔记电视剧,343,20260701,8164
20260701,影视动漫,法国灭火宝贝电影HD中字在线观看,343,20260701,8165
20260701,影视动漫,非常公寓法国1996免费观看完整版,343,20260701,8166
20260701,影视动漫,超级名模观看完整版电影,343,20260701,8167
20260701,影视动漫,北上电视剧剧情介绍,343,20260701,8168
20260701,影视动漫,惊蛰无声电影在线观看完整版高清下载,343,20260701,8169
20260701,影视动漫,51今日大赛-每日大赛百度,343,20260701,8170
20260701,影视动漫,圆桌动漫,343,20260701,8171
20260701,影视动漫,檀健次电视剧作品全部,343,20260701,8172
20260701,影视动漫,《遮天》动漫在线观看完整版,343,20260701,8173
20260701,影视动漫,南部档案结局,343,20260701,8174
20260701,影视动漫,少年男仆库洛特第三季,343,20260701,8175
20260701,影视动漫,卧底归来 电视剧,343,20260701,8176
20260701,影视动漫,美国版《红楼梦》,343,20260701,8177
20260701,影视动漫,老千电影在线观看,343,20260701,8178
20260701,影视动漫,南部档案结局是什么,343,20260701,8179
20260701,影视动漫,哈利波特与死亡圣器免费观看完整版,343,20260701,8180
20260701,影视动漫,中央5十套直播在线直播观看,343,20260701,8181
20260701,影视动漫,潘金莲杨思敏,343,20260701,8182
20260701,影视动漫,邵氏电影十大风月片,343,20260701,8183
20260701,影视动漫,风月奇谭,343,20260701,8184
20260701,影视动漫,轻浮雌性日常动漫免费播放第三季全集在线观看,343,20260701,8185
20260701,影视动漫,奥本海默,343,20260701,8186
20260701,影视动漫,与狼共舞电视剧全集免费观看,343,20260701,8187
20260701,影视动漫,满江红,343,20260701,8188
20260701,影视动漫,乌云之上电视剧免费观看全集完整版南烟斋笔录,342,20260701,8189
20260701,影视动漫,男与女电影结局,342,20260701,8190
20260701,影视动漫,梁祝,342,20260701,8191
20260701,影视动漫,奔跑吧兄弟14季,342,20260701,8192
20260701,影视动漫,国产免费观看高清电视剧日剧在线国,342,20260701,8193
20260701,影视动漫,咖啡遇上香草在线观看全集免费,342,20260701,8194
20260701,影视动漫,动画,342,20260701,8195
20260701,影视动漫,绝密任务,342,20260701,8196
20260701,影视动漫,电影四渡赤水,342,20260701,8197
20260701,影视动漫,www.douyin.com,342,20260701,8198
20260701,影视动漫,苍狼46集电视连续剧全剧剧情,342,20260701,8199
20260701,影视动漫,杰克奥特曼,342,20260701,8200
20260701,影视动漫,密爱在线观看完整版免费高清韩剧,342,20260701,8201
20260701,影视动漫,大牛好姑娘影视剧,342,20260701,8202
20260701,影视动漫,水蜜桃2,342,20260701,8203
20260701,影视动漫,爱情有烟火剧情分集介绍,342,20260701,8204
20260701,影视动漫,在线免费看影视网站,342,20260701,8205
20260701,影视动漫,李丽珍电影,342,20260701,8206
20260701,影视动漫,成全视频第6季百度,342,20260701,8207
20260701,影视动漫,风筝电视剧在线观看全集免费播放,342,20260701,8208
20260701,影视动漫,恶魔高校D×D 第四季,342,20260701,8209
20260701,影视动漫,挣扎吧亚当君免费观看全集第二季,341,20260701,8210
20260701,影视动漫,昨夜降至,341,20260701,8211
20260701,影视动漫,万圣街,341,20260701,8212
20260701,影视动漫,良辰之屋2,341,20260701,8213
20260701,影视动漫,美国派,341,20260701,8214
20260701,影视动漫,白色巨塔,341,20260701,8215
20260701,影视动漫,渴望,341,20260701,8216
20260701,影视动漫,tvb最新电视剧,341,20260701,8217
20260701,影视动漫,锦衣之下,341,20260701,8218
20260701,影视动漫,难哄 电视剧,341,20260701,8219
20260701,影视动漫,给我免费观看的电影在线播放,341,20260701,8220
20260701,影视动漫,三悦有了新工作 电视剧,341,20260701,8221
20260701,影视动漫,唐伯虎点秋香,341,20260701,8222
20260701,影视动漫,生活启示录电视剧全集35集免费观看在线播放,341,20260701,8223
20260701,影视动漫,耀眼电视剧高清免费观看,341,20260701,8224
20260701,影视动漫,南方恶魔,341,20260701,8225
20260701,影视动漫,狗头萝莉视频,341,20260701,8226
20260701,影视动漫,双世宠妃,341,20260701,8227
20260701,影视动漫,赘婿电视剧在线观看免费,341,20260701,8228
20260701,影视动漫,在线免费观看完整版电影大全,341,20260701,8229
20260701,影视动漫,柑橘味的香气,341,20260701,8230
20260701,影视动漫,风起陇西 电视剧,341,20260701,8231
20260701,影视动漫,唐探1900,341,20260701,8232
20260701,影视动漫,偿还泰剧免费观看,341,20260701,8233
20260701,影视动漫,绝命毒师第二季免费观看完整版,341,20260701,8234
20260701,影视动漫,夸克视频,341,20260701,8235
20260701,影视动漫,满清十大酷刑凌迟,341,20260701,8236
20260701,影视动漫,我要电影,341,20260701,8237
20260701,影视动漫,小红帽,341,20260701,8238
20260701,影视动漫,灵魂摆渡3,341,20260701,8239
20260701,影视动漫,秀秀视频,341,20260701,8240
20260701,影视动漫,心动的信号8,341,20260701,8241
20260701,影视动漫,伊波拉病毒高清完整版在线观看,341,20260701,8242
20260701,影视动漫,还珠格格第1部电视剧免费观看全部,341,20260701,8243
20260701,影视动漫,八戒电影,341,20260701,8244
20260701,影视动漫,玉女聊斋,340,20260701,8245
20260701,影视动漫,女海盗2斯塔内的复仇电影在线观看,340,20260701,8246
20260701,影视动漫,琪琪电影网 - 最新好看的电影电视剧在线观看鬼皮百度,340,20260701,8247
20260701,影视动漫,苦菜花,340,20260701,8248
20260701,影视动漫,开始推理吧第2季,340,20260701,8249
20260701,影视动漫,契约之吻,340,20260701,8250
20260701,影视动漫,特别输送 电视剧免费观看,340,20260701,8251
20260701,影视动漫,北京电影学院院长,340,20260701,8252
20260701,影视动漫,密爱电影,340,20260701,8253
20260701,影视动漫,电影《汤唯》观看高清版,340,20260701,8254
20260701,影视动漫,弱杀,340,20260701,8255
20260701,影视动漫,隐身的名字电视剧,340,20260701,8256
20260701,影视动漫,劳拉的失忆症电影高清完整版,340,20260701,8257
20260701,影视动漫,云夕相恋在线看免费版,340,20260701,8258
20260701,影视动漫,错伏,340,20260701,8259
20260701,影视动漫,问心2大结局林逸死了没有,340,20260701,8260
20260701,影视动漫,《法国空组2》完整版,340,20260701,8261
20260701,影视动漫,b站网课,340,20260701,8262
20260701,影视动漫,古战场传奇第一季未删减版百度网盘,340,20260701,8263
20260701,影视动漫,变成你的那一天电视剧免费观看,340,20260701,8264
20260701,影视动漫,灿若繁星,340,20260701,8265
20260701,影视动漫,招摇电视剧免费观看全集完整版,340,20260701,8266
20260701,影视动漫,河智苑为艺术贡献的电影,339,20260701,8267
20260701,影视动漫,驱魔道长,339,20260701,8268
20260701,影视动漫,背着善宰跑 电视剧,339,20260701,8269
20260701,影视动漫,60分钟在线观看免费播放电视剧高清气血不足吃什么药,339,20260701,8270
20260701,影视动漫,致命女人,339,20260701,8271
20260701,影视动漫,不雅之举动漫免费观看全集中文,339,20260701,8272
20260701,影视动漫,机密重案致命疑惑,339,20260701,8273
20260701,影视动漫,耀眼全集免费观看,339,20260701,8274
20260701,影视动漫,你的婚礼电影完整版免费播放,339,20260701,8275
20260701,影视动漫,霜花殿,339,20260701,8276
20260701,影视动漫,天龙八部黄日华版,339,20260701,8277
20260701,影视动漫,你亲爱的爹地泰剧完整版在线观看,339,20260701,8278
20260701,影视动漫,力王,339,20260701,8279
20260701,影视动漫,YY4480,339,20260701,8280
20260701,影视动漫,魔鬼天使徐若瑄电影,339,20260701,8281
20260701,影视动漫,良辰之屋2韩剧在线观看,339,20260701,8282
20260701,影视动漫,迷离档案电视剧全集国语免费观看,339,20260701,8283
20260701,影视动漫,插曲30分钟韩剧在线观看,339,20260701,8284
20260701,影视动漫,吴越国,339,20260701,8285
20260701,影视动漫,激战后厨第1-6集免费播放百度云,339,20260701,8286
20260701,影视动漫,少女突击动漫在线看全集视频高清,339,20260701,8287
20260701,影视动漫,魔都精兵第一季免费观看全集百度网盘,339,20260701,8288
20260701,影视动漫,斗罗大陆全集免费完整版,339,20260701,8289
20260701,影视动漫,舍不得星星,339,20260701,8290
20260701,影视动漫,越狱第二季全集在线观看,339,20260701,8291
20260701,影视动漫,南枝视汇免费追剧软件,339,20260701,8292
20260701,影视动漫,在线影视,339,20260701,8293
20260701,影视动漫,罪恶之源渊动漫免费观看,339,20260701,8294
20260701,影视动漫,灿如繁星虞书欣免费观看,338,20260701,8295
20260701,影视动漫,永恒泰剧,338,20260701,8296
20260701,影视动漫,好团圆 电视剧,338,20260701,8297
20260701,影视动漫,蒂蒂有话说国语版百度云资源,338,20260701,8298
20260701,影视动漫,法医秦明电视剧免费观看,338,20260701,8299
20260701,影视动漫,密爱在线观看韩剧免费观看,338,20260701,8300
20260701,影视动漫,枫与铃第一季,338,20260701,8301
20260701,影视动漫,mignon动画完整版,338,20260701,8302
20260701,影视动漫,陈都灵主演的电视剧,338,20260701,8303
20260701,影视动漫,年少有为电视剧,338,20260701,8304
20260701,影视动漫,斯巴达第一季,338,20260701,8305
20260701,影视动漫,成毅最新主演的电视剧,338,20260701,8306
20260701,影视动漫,有罪之身,338,20260701,8307
20260701,影视动漫,长安女子鉴电视剧免费播放,338,20260701,8308
20260701,影视动漫,大地第三中文在线观看,338,20260701,8309
20260701,影视动漫,《无耻家庭》免费观看全集,338,20260701,8310
20260701,影视动漫,灭门惨案之孽杀,338,20260701,8311
20260701,影视动漫,护士日记,338,20260701,8312
20260701,影视动漫,"你好,李焕英 电影",337,20260701,8313
20260701,影视动漫,茶杯狐-Cupfox官方官网,337,20260701,8314
20260701,影视动漫,湖南卫视,337,20260701,8315
20260701,影视动漫,甜蜜,337,20260701,8316
20260701,影视动漫,燃罪,337,20260701,8317
20260701,影视动漫,蜜挑成熟时,337,20260701,8318
20260701,影视动漫,亲亲视频,337,20260701,8319
20260701,影视动漫,美女洗澡,337,20260701,8320
20260701,影视动漫,甜蜜惩罚第一季全集完整版在线播放,337,20260701,8321
20260701,影视动漫,《小保姆》完整版电视剧在线观看,337,20260701,8322
20260701,影视动漫,世界杯CCTV5直播,337,20260701,8323
20260701,影视动漫,僵尸完整版,337,20260701,8324
20260701,影视动漫,看了又看170电视剧全集完整版,337,20260701,8325
20260701,影视动漫,《四渡赤水》在线观看,337,20260701,8326
20260701,影视动漫,奔跑吧第十四季在线观看免费完整版,337,20260701,8327
20260701,影视动漫,tiktok下载,337,20260701,8328
20260701,影视动漫,十三邀,337,20260701,8329
20260701,影视动漫,丁香花电视剧免费播放在线观看高清,337,20260701,8330
20260701,影视动漫,咒术回战第三季死灭回游免费观看,337,20260701,8331
20260701,影视动漫,中国好声音,337,20260701,8332
20260701,影视动漫,罪域,337,20260701,8333
20260701,影视动漫,兰花初开高清免费观看,337,20260701,8334
20260701,影视动漫,白日美人,337,20260701,8335
20260701,影视动漫,韩剧《沣满女儿》播放中文在线观看,336,20260701,8336
20260701,影视动漫,回响电视剧在线观看全集免费播放,336,20260701,8337
20260701,影视动漫,韩剧我的姨妈免费播放在线观看,336,20260701,8338
20260701,影视动漫,爱丫爱丫高清在线观看电视剧,336,20260701,8339
20260701,影视动漫,疯狂试爱,336,20260701,8340
20260701,影视动漫,血战台儿庄 电影,336,20260701,8341
20260701,影视动漫,疯狂的爱木木泰剧第8集在线观看,336,20260701,8342
20260701,影视动漫,半熟恋人第五季免费综艺完整版,336,20260701,8343
20260701,影视动漫,唐人街探案1990,336,20260701,8344
20260701,影视动漫,难哄电视剧,336,20260701,8345
20260701,影视动漫,女孩不平凡,336,20260701,8346
20260701,影视动漫,樱桃成熟了,336,20260701,8347
20260701,影视动漫,抖漫动漫imomoe官网下载入口,336,20260701,8348
20260701,影视动漫,钢铁森林电视剧,336,20260701,8349
20260701,影视动漫,人间御姐动漫全集免费观看高清版,336,20260701,8350
20260701,影视动漫,半熟恋人5最后谁跟谁在一起了,336,20260701,8351
20260701,影视动漫,行尸走肉第十二季在线观看免费完整版美剧网,336,20260701,8352
20260701,影视动漫,日剧《私人医生》完整版,336,20260701,8353
20260701,影视动漫,鲁大师2高清在线观看,336,20260701,8354
20260701,影视动漫,甜心派,336,20260701,8355
20260701,影视动漫,八度电影,336,20260701,8356
20260701,影视动漫,热辣追妻免费高清观看完整版电视剧,335,20260701,8357
20260701,影视动漫,tiktok安装包,335,20260701,8358
20260701,影视动漫,ehviewer1.9.5下载安装,335,20260701,8359
20260701,影视动漫,大奉打更人电视剧,335,20260701,8360
20260701,影视动漫,照殿花开短剧免费观看全集,335,20260701,8361
20260701,影视动漫,猪猪侠之竞速小英雄 第八季 2024,335,20260701,8362
20260701,影视动漫,星空影院电影在线免费观看,335,20260701,8363
20260701,影视动漫,欢乐家长群2,335,20260701,8364
20260701,影视动漫,人皮高跟鞋是电影恐怖片在线观看,335,20260701,8365
20260701,影视动漫,烈火军校,335,20260701,8366
20260701,影视动漫,大儿子叫东风二儿子叫南风三儿子叫西风四儿子叫北风,335,20260701,8367
20260701,影视动漫,策驰电影在线观看免费观看电视长月烬明,335,20260701,8368
20260701,影视动漫,半熟恋人第五季在线观看,335,20260701,8369
20260701,影视动漫,国产电影在线观看完整版熊出没,335,20260701,8370
20260701,影视动漫,我的山与海演员表,335,20260701,8371
20260701,影视动漫,绝密543 电视剧,335,20260701,8372
20260701,影视动漫,小小的肚子动漫 在线观看,335,20260701,8373
20260701,影视动漫,金鹰奖投票入口2026,335,20260701,8374
20260701,影视动漫,东宫,335,20260701,8375
20260701,影视动漫,足球宝贝法国电影,335,20260701,8376
20260701,影视动漫,剥茧,335,20260701,8377
20260701,影视动漫,古见同学有交流障碍症,335,20260701,8378
20260701,影视动漫,听说你喜欢我电视剧完整版,335,20260701,8379
20260701,影视动漫,酷客,335,20260701,8380
20260701,影视动漫,十七岁日本韩国电视剧,335,20260701,8381
20260701,影视动漫,土豆视频,334,20260701,8382
20260701,影视动漫,蜘蛛侠英雄无归,334,20260701,8383
20260701,影视动漫,三年免费观看高清全集,334,20260701,8384
20260701,影视动漫,法律讲堂生活版,334,20260701,8385
20260701,影视动漫,赛马娘,334,20260701,8386
20260701,影视动漫,河西走廊,334,20260701,8387
20260701,影视动漫,解垢电视剧全集在线播放,334,20260701,8388
20260701,影视动漫,极乐宝鉴国语高清在线,334,20260701,8389
20260701,影视动漫,昆池岩恐怖电影完整版在线观看,334,20260701,8390
20260701,影视动漫,人渣的本愿,334,20260701,8391
20260701,影视动漫,星辰大海,334,20260701,8392
20260701,影视动漫,新物件使用手册动漫完整,334,20260701,8393
20260701,影视动漫,种墨园电视剧,334,20260701,8394
20260701,影视动漫,b站视频,334,20260701,8395
20260701,影视动漫,霜花店在线观看免费韩剧,334,20260701,8396
20260701,影视动漫,《沧元图》动漫,334,20260701,8397
20260701,影视动漫,石头秀,334,20260701,8398
20260701,影视动漫,终极一班6免费播放全,334,20260701,8399
20260701,影视动漫,检察官室的提案韩剧,334,20260701,8400
20260701,影视动漫,金银瓶子1-5,334,20260701,8401
20260701,影视动漫,中央5现场直播,334,20260701,8402
20260701,影视动漫,挣扎吧亚当,334,20260701,8403
20260701,影视动漫,权力的游戏第二季,334,20260701,8404
20260701,影视动漫,后室电影免费观看全集国语,334,20260701,8405
20260701,影视动漫,父辈的荣耀 电视剧,334,20260701,8406
20260701,影视动漫,地球超新鲜第二季全集,334,20260701,8407
20260701,影视动漫,熊出没之夏日连连看,333,20260701,8408
20260701,影视动漫,电影《美味人生》,333,20260701,8409
20260701,影视动漫,五十度灰原电影,333,20260701,8410
20260701,影视动漫,抖音精选,333,20260701,8411
20260701,影视动漫,花与蛇电影,333,20260701,8412
20260701,影视动漫,白玉兰奖是什么奖项,333,20260701,8413
20260701,影视动漫,中餐厅第三季免费观看完整版,333,20260701,8414
20260701,影视动漫,明天也要上班韩剧在线看,333,20260701,8415
20260701,影视动漫,万达电影,333,20260701,8416
20260701,影视动漫,特战荣耀电视剧在线观看免费完整版,333,20260701,8417
20260701,影视动漫,周星驰电影全部作品,333,20260701,8418
20260701,影视动漫,吞噬星空在线观看全集免费播放完美世界,333,20260701,8419
20260701,影视动漫,归途如虹电视剧全集免费观看,333,20260701,8420
20260701,影视动漫,有求必应呼叫中心电影在线播放,333,20260701,8421
20260701,影视动漫,中央五台今天节目表预告,333,20260701,8422
20260701,影视动漫,垂涎电视剧,333,20260701,8423
20260701,影视动漫,猫眼专业版票房,333,20260701,8424
20260701,影视动漫,泰剧knot,333,20260701,8425
20260701,影视动漫,僵尸校园第2季,333,20260701,8426
20260701,影视动漫,中央5,333,20260701,8427
20260701,影视动漫,问心2大结局是什么,333,20260701,8428
20260701,影视动漫,后宫露营完整版百度云动漫普通话谍战迷,333,20260701,8429
20260701,影视动漫,莫离在线,333,20260701,8430
20260701,影视动漫,cntv中国网络电视台,333,20260701,8431
20260701,影视动漫,金部长2026版电影本色回归,333,20260701,8432
20260701,影视动漫,粤语屋 港剧网,333,20260701,8433
20260701,影视动漫,绘梦婚礼,333,20260701,8434
20260701,影视动漫,西西里的美丽传说未删减版百度网盘,333,20260701,8435
20260701,影视动漫,cctv5节目表直播,333,20260701,8436
20260701,影视动漫,县委大院,332,20260701,8437
20260701,影视动漫,丁丁历险记,332,20260701,8438
20260701,影视动漫,谢苗《火遮眼》抢先版免费观看,332,20260701,8439
20260701,影视动漫,天天视频,332,20260701,8440
20260701,影视动漫,央视新闻直播13频道,332,20260701,8441
20260701,影视动漫,《大明王朝1566》电视剧,332,20260701,8442
20260701,影视动漫,问心2在哪里拍的,332,20260701,8443
20260701,影视动漫,鞠婧祎《千香引》电视剧,332,20260701,8444
20260701,影视动漫,电视剧花开如梦,332,20260701,8445
20260701,影视动漫,金钱之味韩剧在线观看完整,332,20260701,8446
20260701,影视动漫,南部档案和盗墓笔记有关系吗,332,20260701,8447
20260701,影视动漫,黑兽动漫,332,20260701,8448
20260701,影视动漫,最早的电影出现在18世纪还是19世纪,332,20260701,8449
20260701,影视动漫,男神俱乐部的泰剧,332,20260701,8450
20260701,影视动漫,高斯奥特曼,332,20260701,8451
20260701,影视动漫,非法之罪港剧粤语在线播放,332,20260701,8452
20260701,影视动漫,邪杀电影,332,20260701,8453
20260701,影视动漫,奔跑吧第十一季免费观看,332,20260701,8454
20260701,影视动漫,90分钟在线观看免费播放电视剧,332,20260701,8455
20260701,影视动漫,夏娃韩剧,332,20260701,8456
20260701,影视动漫,风过留痕电视剧,332,20260701,8457
20260701,影视动漫,无颜之月1-5集未增减百度网盘,332,20260701,8458
20260701,影视动漫,炽夏 在线观看,332,20260701,8459
20260701,影视动漫,三女一男韩剧免费全集在线观看,332,20260701,8460
20260701,影视动漫,地球超新鲜2免费观看全集在线播放,332,20260701,8461
20260701,影视动漫,琉璃川 没落的贵族,332,20260701,8462
20260701,影视动漫,程咬金,332,20260701,8463
20260701,影视动漫,威尼斯之旅,332,20260701,8464
20260701,影视动漫,cctv-5,332,20260701,8465
20260701,影视动漫,三年全片在线观看爱奇艺,331,20260701,8466
20260701,影视动漫,人间中毒韩国免费观看高清电视剧,331,20260701,8467
20260701,影视动漫,双男主mv大片百度大片,331,20260701,8468
20260701,影视动漫,庆余年3,331,20260701,8469
20260701,影视动漫,特殊交易,331,20260701,8470
20260701,影视动漫,少女波子汽水,331,20260701,8471
20260701,影视动漫,番茄影视,331,20260701,8472
20260701,影视动漫,中文在线电视剧字幕版免费播放百度1,331,20260701,8473
20260701,影视动漫,《正后方的神威》动漫免费观看,331,20260701,8474
20260701,影视动漫,扭转穷途,331,20260701,8475
20260701,影视动漫,《女学生的滋味》HD,331,20260701,8476
20260701,影视动漫,花椒影院在线观看免费播放电视剧,331,20260701,8477
20260701,影视动漫,大时代,331,20260701,8478
20260701,影视动漫,吻戏小三,331,20260701,8479
20260701,影视动漫,山海情,331,20260701,8480
20260701,影视动漫,牧神记1-90免费观看,331,20260701,8481
20260701,影视动漫,《当女友带上猫耳之后》动漫,331,20260701,8482
20260701,影视动漫,炽夏多少集,331,20260701,8483
20260701,影视动漫,电视剧在线观看,331,20260701,8484
20260701,影视动漫,春降,331,20260701,8485
20260701,影视动漫,AI短剧,331,20260701,8486
20260701,影视动漫,成全观看完整观看国语,331,20260701,8487
20260701,影视动漫,间谍过家家第二季,331,20260701,8488
20260701,影视动漫,明月几时有,331,20260701,8489
20260701,影视动漫,血恋电影,331,20260701,8490
20260701,影视动漫,许我耀眼1-40集完整版全集高清,331,20260701,8491
20260701,影视动漫,a站下载方式,331,20260701,8492
20260701,影视动漫,雪鹰领主,331,20260701,8493
20260701,影视动漫,夏妻1-2集全集免费观看动漫,331,20260701,8494
20260701,影视动漫,大长今电视剧全集免费观看,331,20260701,8495
20260701,影视动漫,中央电视台5套节目表,331,20260701,8496
20260701,影视动漫,三年大片,330,20260701,8497
20260701,影视动漫,王玉雯演过的电视剧,330,20260701,8498
20260701,影视动漫,吸血鬼,330,20260701,8499
20260701,影视动漫,奔跑吧第六季,330,20260701,8500
20260701,影视动漫,鬼父动漫1-17集免费,330,20260701,8501
20260701,影视动漫,爱情有烟火王楚然全集在线看,330,20260701,8502
20260701,影视动漫,桃恋者双泰剧在线看,330,20260701,8503
20260701,影视动漫,鸳鸯蝴蝶电影完整,330,20260701,8504
20260701,影视动漫,《主角》电视连续剧百度,330,20260701,8505
20260701,影视动漫,中国共产党成立105周年大会视频,330,20260701,8506
20260701,影视动漫,破釜沉舟,330,20260701,8507
20260701,影视动漫,浪淘沙,330,20260701,8508
20260701,影视动漫,归队演员表,330,20260701,8509
20260701,影视动漫,翘楚电视剧在线,330,20260701,8510
20260701,影视动漫,丧尸电影大全,330,20260701,8511
20260701,影视动漫,杰克影院,330,20260701,8512
20260701,影视动漫,电影票,330,20260701,8513
20260701,影视动漫,overlord,330,20260701,8514
20260701,影视动漫,空乘法国2019电影完整版,330,20260701,8515
20260701,影视动漫,人间烟火,330,20260701,8516
20260701,影视动漫,火烧红莲寺 电影,330,20260701,8517
20260701,影视动漫,铁拳教育韩剧观看,330,20260701,8518
20260701,影视动漫,温泉旅馆动漫免费观看第三季,330,20260701,8519
20260701,影视动漫,cctv4,330,20260701,8520
20260701,影视动漫,渔夫的妻子,330,20260701,8521
20260701,影视动漫,隔壁的邻居韩剧在线观看电视剧更新,330,20260701,8522
20260701,影视动漫,星空动漫,330,20260701,8523
20260701,影视动漫,after美剧,330,20260701,8524
20260701,影视动漫,《Promare》动漫,330,20260701,8525
20260701,影视动漫,蔷薇之恋电视剧全集视频,329,20260701,8526
20260701,影视动漫,日本爱情动作电影的名字,329,20260701,8527
20260701,影视动漫,问心2结局,329,20260701,8528
20260701,影视动漫,安家电视剧在线观看高清,329,20260701,8529
20260701,影视动漫,守护甜心,329,20260701,8530
20260701,影视动漫,央视频道在线直播观看,329,20260701,8531
20260701,影视动漫,检察官的提案第三集,329,20260701,8532
20260701,影视动漫,工程车视频大全3-6岁工程车,329,20260701,8533
20260701,影视动漫,漂亮书生,329,20260701,8534
20260701,影视动漫,追影猫,329,20260701,8535
20260701,影视动漫,莫离剧情介绍电视猫,329,20260701,8536
20260701,影视动漫,婚后再心动短剧免费观看,329,20260701,8537
20260701,影视动漫,中文字幕在线看高清好看的电视剧不,329,20260701,8538
20260701,影视动漫,种地吧,329,20260701,8539
20260701,影视动漫,青青河边草高清免费版新闻中文,329,20260701,8540
20260701,影视动漫,家属母动漫6集免费观看完整版,329,20260701,8541
20260701,影视动漫,《牛奶瘾君子》动漫第一集百度,329,20260701,8542
20260701,影视动漫,日本爱情电影,329,20260701,8543
20260701,影视动漫,农民影视,329,20260701,8544
20260701,影视动漫,电影频道中央6台节目表,329,20260701,8545
20260701,影视动漫,泡在我家的黑田同学动漫第一季樱花动漫,329,20260701,8546
20260701,影视动漫,断魂小丑,329,20260701,8547
20260701,影视动漫,盛唐奇案集电视剧免费观看完整版,329,20260701,8548
20260701,影视动漫,《夫人的回复术》动漫,329,20260701,8549
20260701,影视动漫,背着善宰跑,329,20260701,8550
20260701,影视动漫,新闻直播间,329,20260701,8551
20260701,影视动漫,五十公里桃花坞,329,20260701,8552
20260701,影视动漫,我的好妈妈免费看高清电视,329,20260701,8553
20260701,影视动漫,问心2剧情介绍分集剧情电视猫,328,20260701,8554
20260701,影视动漫,美丽的蜜桃,328,20260701,8555
20260701,影视动漫,2026必看十部电视剧,328,20260701,8556
20260701,影视动漫,樱花影院,328,20260701,8557
20260701,影视动漫,不道德的礼物,328,20260701,8558
20260701,影视动漫,免费追剧,328,20260701,8559
20260701,影视动漫,好先生在线观看免费观看完整版电视剧,328,20260701,8560
20260701,影视动漫,外出在线观看,328,20260701,8561
20260701,影视动漫,情圣 电影,328,20260701,8562
20260701,影视动漫,韩剧《酒醉热吻》在线,328,20260701,8563
20260701,影视动漫,加勒比海盗女主,328,20260701,8564
20260701,影视动漫,咒术回战第三季免费观看完整版,328,20260701,8565
20260701,影视动漫,背叛,328,20260701,8566
20260701,影视动漫,runningman,328,20260701,8567
20260701,影视动漫,夫妇联欢回不去的夜晚第二季,328,20260701,8568
20260701,影视动漫,茶馆,328,20260701,8569
20260701,影视动漫,《风流女管家》法国版演员阵容介绍,328,20260701,8570
20260701,影视动漫,长安的荔枝 电视剧,328,20260701,8571
20260701,影视动漫,抓特务的电影免费观看,328,20260701,8572
20260701,影视动漫,棕榈树旅店免费观看,328,20260701,8573
20260701,影视动漫,陈情令全集免费观看,328,20260701,8574
20260701,影视动漫,焕羽电视剧全集免费播放,328,20260701,8575
20260701,影视动漫,金婚 电视剧,328,20260701,8576
20260701,影视动漫,花开半夏 电视剧,328,20260701,8577
20260701,影视动漫,佟大为主演的连续剧大全,328,20260701,8578
20260701,影视动漫,密爱电影完整版看,328,20260701,8579
20260701,影视动漫,薛仁贵传奇,328,20260701,8580
20260701,影视动漫,女超人2电影满天星观看,328,20260701,8581
20260701,影视动漫,家有儿女演员表,328,20260701,8582
20260701,影视动漫,黄金瞳在线观看免费全集,328,20260701,8583
20260701,影视动漫,腾讯视频下载,328,20260701,8584
20260701,影视动漫,斯巴达克期第二季,328,20260701,8585
20260701,影视动漫,鬼父在线,328,20260701,8586
20260701,影视动漫,桑叶电影,328,20260701,8587
20260701,影视动漫,《卿本佳人》,328,20260701,8588
20260701,影视动漫,新金瓶梅电视剧免费观看全集1-5,328,20260701,8589
20260701,影视动漫,暗算 电视剧,328,20260701,8590
20260701,影视动漫,金牌得主第一季免费,327,20260701,8591
20260701,影视动漫,唐朝诡事录之蜀道,327,20260701,8592
20260701,影视动漫,威尼斯之旅完整版,327,20260701,8593
20260701,影视动漫,爱的躯壳,327,20260701,8594
20260701,影视动漫,女超人麦乐迪在线观看,327,20260701,8595
20260701,影视动漫,生命树1-40集全免费观看完整版,327,20260701,8596
20260701,影视动漫,等待黎明破晓时泰剧泰剧,327,20260701,8597
20260701,影视动漫,落地请开手机电视剧免费观看,327,20260701,8598
20260701,影视动漫,新建文件夹电影,327,20260701,8599
20260701,影视动漫,喜爱夜蒲1,327,20260701,8600
20260701,影视动漫,为了皇位完整版电影,327,20260701,8601
20260701,影视动漫,今生有你 电视剧,327,20260701,8602
20260701,影视动漫,外国大片又大又好看的PPT百度配马,327,20260701,8603
20260701,影视动漫,女的被c哭男的安慰视频,327,20260701,8604
20260701,影视动漫,关于我和鬼变成家人的那件事,327,20260701,8605
20260701,影视动漫,逐爱的心2,327,20260701,8606
20260701,影视动漫,我的山和海剧情介绍,327,20260701,8607
20260701,影视动漫,泰剧结缘,327,20260701,8608
20260701,影视动漫,不可撤销电影在线观看美剧,327,20260701,8609
20260701,影视动漫,灵幻先生,327,20260701,8610
20260701,影视动漫,岛国电影,327,20260701,8611
20260701,影视动漫,匿杀电影完整版在线观看,327,20260701,8612
20260701,影视动漫,八路军,327,20260701,8613
20260701,影视动漫,少帅48集高清免费,327,20260701,8614
20260701,影视动漫,非凡医者,327,20260701,8615
20260701,影视动漫,昨夜将至电视剧在线观看全集高清,326,20260701,8616
20260701,影视动漫,电影四渡演员表名单,326,20260701,8617
20260701,影视动漫,飞虎神鹰,326,20260701,8618
20260701,影视动漫,Youtube,326,20260701,8619
20260701,影视动漫,美女打扑克,326,20260701,8620
20260701,影视动漫,迷人的危险,326,20260701,8621
20260701,影视动漫,七月与安生,326,20260701,8622
20260701,影视动漫,回复术士的重启人生真人版第二季,326,20260701,8623
20260701,影视动漫,紫罗兰永恒花园,326,20260701,8624
20260701,影视动漫,哪吒2之魔童闹海,326,20260701,8625
20260701,影视动漫,莫离电视剧1-40集完整版合集,326,20260701,8626
20260701,影视动漫,热带夜晚韩国电影在线观看免费完整版,326,20260701,8627
20260701,影视动漫,从你的全世界路过,326,20260701,8628
20260701,影视动漫,张三丰,326,20260701,8629
20260701,影视动漫,云深不知梦,326,20260701,8630
20260701,影视动漫,怪诞马戏团,326,20260701,8631
20260701,影视动漫,机智的监狱生活,326,20260701,8632
20260701,影视动漫,脱口秀和他的朋友们第三季在线观看完整版百度云,326,20260701,8633
20260701,影视动漫,北上演员表,326,20260701,8634
20260701,影视动漫,娜塔莉电影,326,20260701,8635
20260701,影视动漫,聚会的目的和意义7,326,20260701,8636
20260701,影视动漫,纤细的爱幸福花园在线观看动漫完整版,326,20260701,8637
20260701,影视动漫,七条学姐全集观看完整版动漫免费,326,20260701,8638
20260701,影视动漫,酷客影视,326,20260701,8639
20260701,影视动漫,勇敢的心76集完整版免费观看,326,20260701,8640
20260701,影视动漫,LoveMe捉迷藏动漫,326,20260701,8641
20260701,影视动漫,喜剧之王,326,20260701,8642
20260701,影视动漫,逐梦电视剧全集免费,326,20260701,8643
20260701,影视动漫,我和我的家乡,326,20260701,8644
20260701,影视动漫,中央,326,20260701,8645
20260701,影视动漫,异人之下电视剧,326,20260701,8646
20260701,影视动漫,医缘电影免费观看完整版,326,20260701,8647
20260701,影视动漫,恋爱先生,326,20260701,8648
20260701,影视动漫,蜗居电视剧全集35集完整版在线观看,326,20260701,8649
20260701,影视动漫,偷吃1韩剧在线观看免费播放完整版,326,20260701,8650
20260701,影视动漫,黎明之前的电视剧免费观看,326,20260701,8651
20260701,影视动漫,情深深雨濛濛,325,20260701,8652
20260701,影视动漫,伪装者演员表全部演员表,325,20260701,8653
20260701,影视动漫,城市猎人,325,20260701,8654
20260701,影视动漫,璀璨人生,325,20260701,8655
20260701,影视动漫,CCTV4,325,20260701,8656
20260701,影视动漫,万界独尊在线观看视频完整版,325,20260701,8657
20260701,影视动漫,公共事务1983版,325,20260701,8658
20260701,影视动漫,在线视频播放,325,20260701,8659
20260701,影视动漫,抖音月付在哪里还款,325,20260701,8660
20260701,影视动漫,小王子,325,20260701,8661
20260701,影视动漫,快手官网,325,20260701,8662
20260701,影视动漫,爱美剧,325,20260701,8663
20260701,影视动漫,皓镧传电视剧免费观看完整版高清正版在线全集,325,20260701,8664
20260701,影视动漫,逐玉演员表全部名单,325,20260701,8665
20260701,影视动漫,热剧排行榜,325,20260701,8666
20260701,影视动漫,人间中毒韩剧在线,325,20260701,8667
20260701,影视动漫,追恶,325,20260701,8668
20260701,影视动漫,芈月传81集电视连续剧,325,20260701,8669
20260701,影视动漫,动漫《酆母》1-6集,325,20260701,8670
20260701,影视动漫,泡芙小姐,325,20260701,8671
20260701,影视动漫,天官赐福动漫,325,20260701,8672
20260701,影视动漫,探阴视频,325,20260701,8673
20260701,影视动漫,消失的凶手,325,20260701,8674
20260701,影视动漫,泰剧迷,325,20260701,8675
20260701,影视动漫,聚会的目的1,325,20260701,8676
20260701,影视动漫,不良姐姐不是贤妻良母樱花动漫,324,20260701,8677
20260701,影视动漫,边城,324,20260701,8678
20260701,影视动漫,十一天十一日7意大利,324,20260701,8679
20260701,影视动漫,意大利风情2电影免费观看完整版国语高清下载,324,20260701,8680
20260701,影视动漫,憧憬成为魔法少女在哪里看?,324,20260701,8681
20260701,影视动漫,你是迟来的欢喜在线观看完整版高清,324,20260701,8682
20260701,影视动漫,寻秦记古天乐版电视剧免费观看,324,20260701,8683
20260701,影视动漫,藏海传百度百科,324,20260701,8684
20260701,影视动漫,麻花mv观看完整版百度网盘,324,20260701,8685
20260701,影视动漫,阿凡达3火与烬,324,20260701,8686
20260701,影视动漫,金瓶梅电视剧免费观看全集小时代,324,20260701,8687
20260701,影视动漫,斗破苍穹年番全集高清,324,20260701,8688
20260701,影视动漫,两性奥秘,324,20260701,8689
20260701,影视动漫,铁拳教育百度百科,324,20260701,8690
20260701,影视动漫,血恋电影在线观看完整版文字视频,324,20260701,8691
20260701,影视动漫,二女一男韩剧免费全集在线观看,324,20260701,8692
20260701,影视动漫,峡谷 电影,324,20260701,8693
20260701,影视动漫,《父债女还》完整版电影观看,324,20260701,8694
20260701,影视动漫,人生,324,20260701,8695
20260701,影视动漫,疯狂动物城2在线观看完整免费观看,324,20260701,8696
20260701,影视动漫,鸭王4,324,20260701,8697
20260701,影视动漫,僵尸电影免费完整版,324,20260701,8698
20260701,影视动漫,心动的信号7免费观看完整版,324,20260701,8699
20260701,影视动漫,李一桐演过的所有剧,324,20260701,8700
20260701,影视动漫,犀牛,324,20260701,8701
20260701,影视动漫,发光吧翻译官短剧免费观看,323,20260701,8702
20260701,影视动漫,雪山飞狐,323,20260701,8703
20260701,影视动漫,坚如磐石,323,20260701,8704
20260701,影视动漫,《女教师》在线观看电视剧完整版中,323,20260701,8705
20260701,影视动漫,大学生电影,323,20260701,8706
20260701,影视动漫,白雪公主与七个小矮人1982满天星,323,20260701,8707
20260701,影视动漫,尖帽子的魔法工坊,323,20260701,8708
20260701,影视动漫,大度韩剧在线播放免费观看,323,20260701,8709
20260701,影视动漫,我看见两朵一样的云,323,20260701,8710
20260701,影视动漫,中央五台直播,323,20260701,8711
20260701,影视动漫,味道1,323,20260701,8712
20260701,影视动漫,熊先生冬眠中的动漫,323,20260701,8713
20260701,影视动漫,孟子义演的电视剧有哪些,323,20260701,8714
20260701,影视动漫,昨夜将至豆瓣,323,20260701,8715
20260701,影视动漫,《高嫁柳家》动漫1-4全集动漫,323,20260701,8716
20260701,影视动漫,女人的战争之我是陶器,323,20260701,8717
20260701,影视动漫,Cctv,323,20260701,8718
20260701,影视动漫,茶道少女动漫全集完整版,323,20260701,8719
20260701,影视动漫,无人区高清免费完整版百度百科,323,20260701,8720
20260701,影视动漫,樱花动漫僧侣之夜第一季,323,20260701,8721
20260701,影视动漫,美国队长,323,20260701,8722
20260701,影视动漫,老友记第一季全集在线观看,323,20260701,8723
20260701,影视动漫,明星大侦探第四季,323,20260701,8724
20260701,影视动漫,心动的信号,323,20260701,8725
20260701,影视动漫,危险关系电视剧在线观看全集视频免费,323,20260701,8726
20260701,影视动漫,中文字幕电视剧大全免费,323,20260701,8727
20260701,影视动漫,陆贞传奇,322,20260701,8728
20260701,影视动漫,中国老祖母03集,322,20260701,8729
20260701,影视动漫,kazumi官方下载,322,20260701,8730
20260701,影视动漫,《生命树》1-40免费观看全集,322,20260701,8731
20260701,影视动漫,死亡笔记第一季,322,20260701,8732
20260701,影视动漫,魔术师,322,20260701,8733
20260701,影视动漫,小品,322,20260701,8734
20260701,影视动漫,全员加速中,322,20260701,8735
20260701,影视动漫,历劫俏佳人,322,20260701,8736
20260701,影视动漫,纪倩倩 电影,322,20260701,8737
20260701,影视动漫,光棍视频,322,20260701,8738
20260701,影视动漫,警中英雄电视剧全集免费观看,322,20260701,8739
20260701,影视动漫,郑和下西洋,322,20260701,8740
20260701,影视动漫,女教师4,322,20260701,8741
20260701,影视动漫,菲梦少女第三季,322,20260701,8742
20260701,影视动漫,垂涏电视剧免费观看完整版,322,20260701,8743
20260701,影视动漫,喜洋洋与灰太狼,322,20260701,8744
20260701,影视动漫,邻里的裂痕,322,20260701,8745
20260701,影视动漫,loveme捉迷藏在线观看第一季,322,20260701,8746
20260701,影视动漫,地平线边缘泰剧在线观看完整版,322,20260701,8747
20260701,影视动漫,三国演义的作者是谁,322,20260701,8748
20260701,影视动漫,大宋提刑官,322,20260701,8749
20260701,影视动漫,不眠日,322,20260701,8750
20260701,影视动漫,重启之极海听雷,322,20260701,8751
20260701,影视动漫,许愿吧精灵韩剧全集免费观看,322,20260701,8752
20260701,影视动漫,《美发3:特殊待遇》百度百科,322,20260701,8753
20260701,影视动漫,与狼共舞演员表,322,20260701,8754
20260701,影视动漫,莫离电视剧在线,321,20260701,8755
20260701,影视动漫,全职法师动漫第七季,321,20260701,8756
20260701,影视动漫,bilibili官网,321,20260701,8757
20260701,影视动漫,我的兄弟叫顺溜,321,20260701,8758
20260701,影视动漫,斩神之凡尘神域免费观看,321,20260701,8759
20260701,影视动漫,镇魂,321,20260701,8760
20260701,影视动漫,恋爱禁区漫画全集在线观看电视剧下载,321,20260701,8761
20260701,影视动漫,刑警队长,321,20260701,8762
20260701,影视动漫,原来神马影院免费观看电视剧高清动漫,321,20260701,8763
20260701,影视动漫,两个球球抖动抓球球百度视频channel://o,321,20260701,8764
20260701,影视动漫,问心2在线观看免费全集电视剧,321,20260701,8765
20260701,影视动漫,第一滴血,321,20260701,8766
20260701,影视动漫,快手app官方下载,321,20260701,8767
20260701,影视动漫,香港奇案㢨杀电影,321,20260701,8768
20260701,影视动漫,现在和你相爱的人在一起吗完整版,321,20260701,8769
20260701,影视动漫,四渡电影时长,321,20260701,8770
20260701,影视动漫,棋士,321,20260701,8771
20260701,影视动漫,韩剧《金特务:本色回归》,321,20260701,8772
20260701,影视动漫,坚如磐石在线观看完整版,321,20260701,8773
20260701,影视动漫,香港探秘地图,321,20260701,8774
20260701,影视动漫,小巷人家电视剧免费观看,321,20260701,8775
20260701,影视动漫,金牌得主动漫,321,20260701,8776
20260701,影视动漫,三年全片国语高清免费全集,321,20260701,8777
20260701,影视动漫,我的女朋友韩剧免费观看全集在线观看天才中经典,321,20260701,8778
20260701,影视动漫,斯巴达克斯第二季,321,20260701,8779
20260701,影视动漫,高压监狱电影在线观看免费完整版,321,20260701,8780
20260701,影视动漫,好姑娘101,321,20260701,8781
20260701,影视动漫,遂玉电视剧在线观看,321,20260701,8782
20260701,影视动漫,花琉璃轶闻 电视剧,321,20260701,8783
20260701,影视动漫,韩红走个面视频,321,20260701,8784
20260701,影视动漫,明明不喜欢电视剧日剧在线看免费,321,20260701,8785
20260701,影视动漫,别我结婚边凤梅结局是什么,320,20260701,8786
20260701,影视动漫,电视剧爱情有烟火免费观看,320,20260701,8787
20260701,影视动漫,家有儿女第二部在线观看免费完整版,320,20260701,8788
20260701,影视动漫,《问心》2,320,20260701,8789
20260701,影视动漫,斗罗大陆2绝世唐门,320,20260701,8790
20260701,影视动漫,遇见你之后电影免费观看,320,20260701,8791
20260701,影视动漫,无良公会动漫全集无删减在线观看,320,20260701,8792
20260701,影视动漫,梅花三弄,320,20260701,8793
20260701,影视动漫,水龙吟高清电视剧免费观看全集高清,320,20260701,8794
20260701,影视动漫,妻子5在线观看免费播放电视剧,320,20260701,8795
20260701,影视动漫,虞书欣电视剧,320,20260701,8796
20260701,影视动漫,特邀快递员,320,20260701,8797
20260701,影视动漫,战长沙 电视剧,320,20260701,8798
20260701,影视动漫,勇敢者游戏2,320,20260701,8799
20260701,影视动漫,恶女电影,320,20260701,8800
20260701,影视动漫,笑着活下去电视剧免费观看,320,20260701,8801
20260701,影视动漫,小鬼当家,320,20260701,8802
20260701,影视动漫,模范出租车电视剧第3季全集播放,320,20260701,8803
20260701,影视动漫,处刑岛,320,20260701,8804
20260701,影视动漫,爱情真可怕韩剧在线观看免费高清,320,20260701,8805
20260701,影视动漫,炽夏分集剧情介绍,320,20260701,8806
20260701,影视动漫,港剧,320,20260701,8807
20260701,影视动漫,抖音官方电话24小时人工服务热线,320,20260701,8808
20260701,影视动漫,消失的夫妻,319,20260701,8809
20260701,影视动漫,花环之恋免费观看完整版,319,20260701,8810
20260701,影视动漫,林深见鹿 电视剧,319,20260701,8811
20260701,影视动漫,哈哩哈哩,319,20260701,8812
20260701,影视动漫,电视剧好好的时光演员表,319,20260701,8813
20260701,影视动漫,我的妈妈动漫泰语翻译版百度云,319,20260701,8814
20260701,影视动漫,新中国历任国家席位排序表,319,20260701,8815
20260701,影视动漫,不雅之举动漫第一季,319,20260701,8816
20260701,影视动漫,在线观看高清免费观看电视剧美国,319,20260701,8817
20260701,影视动漫,电影《你看起来好像很好吃》,319,20260701,8818
20260701,影视动漫,西游记后传免费观看完整版,319,20260701,8819
20260701,影视动漫,四方极爱第一季,319,20260701,8820
20260701,影视动漫,机动奥特曼,319,20260701,8821
20260701,影视动漫,莫离全集完整版电视剧免费观看,319,20260701,8822
20260701,影视动漫,炽热吸引电视剧免费观看40集,319,20260701,8823
20260701,影视动漫,小黄人与大怪兽完整版免费中文版,319,20260701,8824
20260701,影视动漫,re0第四季,319,20260701,8825
20260701,影视动漫,性感视频,319,20260701,8826
20260701,影视动漫,女神宿舍管理员,319,20260701,8827
20260701,影视动漫,航拍中国,319,20260701,8828
20260701,影视动漫,砰砰砰日剧免费观看完整版高清在线,319,20260701,8829
20260701,影视动漫,目之所及,319,20260701,8830
20260701,影视动漫,蓝色生死恋中文版全集免费观看,319,20260701,8831
20260701,影视动漫,琅琊榜之风起长林电视剧免费观看完整版,319,20260701,8832
20260701,影视动漫,镖人风起大漠,319,20260701,8833
20260701,影视动漫,子夜归 电视剧,319,20260701,8834
20260701,影视动漫,神马影院在线,319,20260701,8835
20260701,影视动漫,《地下室囚禁》电影在线观看,319,20260701,8836
20260701,影视动漫,新世界电影,319,20260701,8837
20260701,影视动漫,莫离电视剧剧情免费观看全集正版,319,20260701,8838
20260701,影视动漫,彭冠英演的全部电视剧,318,20260701,8839
20260701,影视动漫,极乐宝鉴3D国语版演员表,318,20260701,8840
20260701,影视动漫,CCTv5十,318,20260701,8841
20260701,影视动漫,仙逆在线观看高清,318,20260701,8842
20260701,影视动漫,美味的女大学生,318,20260701,8843
20260701,影视动漫,建党105周年视频,318,20260701,8844
20260701,影视动漫,罗小黑战记第一季,318,20260701,8845
20260701,影视动漫,视频 - 主页,318,20260701,8846
20260701,影视动漫,舞法天女,318,20260701,8847
20260701,影视动漫,糖糖vlog原版视频百度云资源,318,20260701,8848
20260701,影视动漫,《偷偷藏不住》电视剧,318,20260701,8849
20260701,影视动漫,山西卫视节目表,318,20260701,8850
20260701,影视动漫,甜蜜惩罚动漫第一季完整版在线看高清,318,20260701,8851
20260701,影视动漫,热带夜晚,318,20260701,8852
20260701,影视动漫,妻子的浪漫旅行2026,318,20260701,8853
20260701,影视动漫,色戒电影免费观看,318,20260701,8854
20260701,影视动漫,欢乐颂5免费播放高清视频,318,20260701,8855
20260701,影视动漫,你是我的荣耀,318,20260701,8856
20260701,影视动漫,颐和园电影在线观看,318,20260701,8857
20260701,影视动漫,庆祝中国共产党成立105周年大会视频,318,20260701,8858
20260701,影视动漫,电击小子,318,20260701,8859
20260701,影视动漫,八戒八戒韩国电影百度网盘_第01集,318,20260701,8860
20260701,影视动漫,只想爱你电影,318,20260701,8861
20260701,影视动漫,星空影院mv免费观看电视剧在线观看中,318,20260701,8862
20260701,影视动漫,法国空姐3免费高清原声满天星观看,318,20260701,8863
20260701,影视动漫,动漫里播,318,20260701,8864
20260701,影视动漫,无忧渡 电视剧,318,20260701,8865
20260701,影视动漫,明明白白我的性,318,20260701,8866
20260701,影视动漫,《从指尖传出的认真的热情》,318,20260701,8867
20260701,影视动漫,人间中毒在线观看完整版免费高清韩剧,318,20260701,8868
20260701,影视动漫,进击的巨人在线观看免费观看完整版,317,20260701,8869
20260701,影视动漫,漫城电视剧免费观看,317,20260701,8870
20260701,影视动漫,视频在线,317,20260701,8871
20260701,影视动漫,法医秦明张若昀版本,317,20260701,8872
20260701,影视动漫,小镇姑娘3免费观看高清,317,20260701,8873
20260701,影视动漫,兄弟变成黑皮辣妹,317,20260701,8874
20260701,影视动漫,《偿还》电视剧,317,20260701,8875
20260701,影视动漫,以法之名在线观看免费完整版电视剧,317,20260701,8876
20260701,影视动漫,cctv16在线直播观看正在直播,317,20260701,8877
20260701,影视动漫,鞠婧祎电视剧,317,20260701,8878
20260701,影视动漫,莫比乌斯,317,20260701,8879
20260701,影视动漫,夜莺,317,20260701,8880
20260701,影视动漫,机器人伴侣的电影叫什么名字,317,20260701,8881
20260701,影视动漫,重器电视剧免费观看全集于和伟,317,20260701,8882
20260701,影视动漫,家业电视剧1-40集完整版高清,317,20260701,8883
20260701,影视动漫,木瓜影院,317,20260701,8884
20260701,影视动漫,十八岁全集完整版,317,20260701,8885
20260701,影视动漫,唐人街探案3在线观看免费版高清电影,317,20260701,8886
20260701,影视动漫,紫阳花凋落散落之时动漫免费观看,317,20260701,8887
20260701,影视动漫,高校教师1993版,317,20260701,8888
20260701,影视动漫,出轨的妻子在线观看免费全集电视剧,317,20260701,8889
20260701,影视动漫,检查官的提案韩剧,317,20260701,8890
20260701,影视动漫,外出 电影免费观看,317,20260701,8891
20260701,影视动漫,光头强动画片全集免费观看,317,20260701,8892
20260701,影视动漫,青青河边草免费观看电视剧的网站,317,20260701,8893
20260701,影视动漫,邻里的裂痕韩剧在线观看,317,20260701,8894
20260701,影视动漫,丁度巴拉斯全部电影,317,20260701,8895
20260701,影视动漫,恋爱始于辣妹的命运,316,20260701,8896
20260701,影视动漫,《好好的时光》40集连续剧,316,20260701,8897
20260701,影视动漫,飘雪影视在线观看手机完整高清版,316,20260701,8898
20260701,影视动漫,我爱你,316,20260701,8899
20260701,影视动漫,迷雾剧场悬疑剧排行榜前十名,316,20260701,8900
20260701,影视动漫,炽夏吻戏,316,20260701,8901
20260701,影视动漫,鞠婧祎千香引电视剧全集40集,316,20260701,8902
20260701,影视动漫,十面埋伏,316,20260701,8903
20260701,影视动漫,逐爱之心2完整版视频在线观看高清,316,20260701,8904
20260701,影视动漫,下载抖音官方正版,316,20260701,8905
20260701,影视动漫,快手官方电话24小时人工服务电话,316,20260701,8906
20260701,影视动漫,树影迷宫,316,20260701,8907
20260701,影视动漫,如果可以这样爱 电视剧,316,20260701,8908
20260701,影视动漫,梦比优斯奥特曼,316,20260701,8909
20260701,影视动漫,《佞臣》韩剧在线观看,316,20260701,8910
20260701,影视动漫,乐园侵蚀动漫在线观看第一季免费高清,316,20260701,8911
20260701,影视动漫,孤勇者,316,20260701,8912
20260701,影视动漫,无颜之月第一集,316,20260701,8913
20260701,影视动漫,牧神记动漫在线观看完整版,316,20260701,8914
20260701,影视动漫,陷阱致命的诱感韩剧在线观看,316,20260701,8915
20260701,影视动漫,白鹿莫离电视剧免费观看全集,316,20260701,8916
20260701,影视动漫,电视剧问心2免费观看完整版,316,20260701,8917
20260701,影视动漫,玉茗茶骨电视剧,316,20260701,8918
20260701,影视动漫,驯服小胰子是韩国哪部剧里的角色,316,20260701,8919
20260701,影视动漫,菲律宾满天星电影,316,20260701,8920
20260701,影视动漫,刘宇宁主演的电视剧,316,20260701,8921
20260701,影视动漫,家有女友动漫免费阅读全集,316,20260701,8922
20260701,影视动漫,昨夜将至全集,316,20260701,8923
20260701,影视动漫,披荆斩棘,315,20260701,8924
20260701,影视动漫,遮天动漫高清观看视频完整168,315,20260701,8925
20260701,影视动漫,鬼灭之刃第二季,315,20260701,8926
20260701,影视动漫,电视剧好好的时光,315,20260701,8927
20260701,影视动漫,为什么老师会在这里,315,20260701,8928
20260701,影视动漫,命运石之门,315,20260701,8929
20260701,影视动漫,爱情烟火电视剧免费观看全集完整版,315,20260701,8930
20260701,影视动漫,国产电影在线播放mv免费观看电视剧,315,20260701,8931
20260701,影视动漫,猎场 电视剧,315,20260701,8932
20260701,影视动漫,假面骑士创骑,315,20260701,8933
20260701,影视动漫,香港奇案,315,20260701,8934
20260701,影视动漫,蘑菇tv,315,20260701,8935
20260701,影视动漫,大王饶命第三季,315,20260701,8936
20260701,影视动漫,大蛇5:怪兽都市,315,20260701,8937
20260701,影视动漫,《全班唯一的男生》动漫免费观看,315,20260701,8938
20260701,影视动漫,鬼父在线观看动漫完整版第一季免费,315,20260701,8939
20260701,影视动漫,《洗衣店小信》动漫全集免费观看,315,20260701,8940
20260701,影视动漫,洛洛历险记,315,20260701,8941
20260701,影视动漫,片子推荐动漫,315,20260701,8942
20260701,影视动漫,三年在线观看完整版免费高清三年,315,20260701,8943
20260701,影视动漫,泰腐新剧《Knot》,315,20260701,8944
20260701,影视动漫,死神千年血战篇第四季,315,20260701,8945
20260701,影视动漫,终极笔记2,315,20260701,8946
20260701,影视动漫,古装剧,315,20260701,8947
20260701,影视动漫,云秀行剧情介绍,315,20260701,8948
20260701,影视动漫,头文字D,315,20260701,8949
20260701,影视动漫,善始善终电视剧免费观看完整版百度网盘,315,20260701,8950
20260701,影视动漫,纯洁轮舞曲观看完整版动漫,315,20260701,8951
20260701,影视动漫,黑袍纠察队第四季,315,20260701,8952
20260701,影视动漫,挣扎吧亚当君全集免费观看,315,20260701,8953
20260701,影视动漫,韩剧《金部长》在线观看,315,20260701,8954
20260701,影视动漫,照殿花开,315,20260701,8955
20260701,影视动漫,微微一笑很倾城电视剧,314,20260701,8956
20260701,影视动漫,逃脱,314,20260701,8957
20260701,影视动漫,我推的孩子第一季,314,20260701,8958
20260701,影视动漫,狂野少女完整版国语百度云资源,314,20260701,8959
20260701,影视动漫,公交车上在线观看电视剧,314,20260701,8960
20260701,影视动漫,权欲之巅无删减版在线观看韩剧免费,314,20260701,8961
20260701,影视动漫,回复术士重启人生,314,20260701,8962
20260701,影视动漫,每日大赛24小时聚集地往期今日黑抖音,314,20260701,8963
20260701,影视动漫,我相信我女友,314,20260701,8964
20260701,影视动漫,辽沈战役,314,20260701,8965
20260701,影视动漫,抓特务电视剧大全播放,314,20260701,8966
20260701,影视动漫,奔跑吧兄弟第四季免费观看完整,314,20260701,8967
20260701,影视动漫,吴健版农民伯伯2国语版百度,314,20260701,8968
20260701,影视动漫,玉女心经在线观看,314,20260701,8969
20260701,影视动漫,五十度黑原电影,314,20260701,8970
20260701,影视动漫,我的ps搭档完整版,314,20260701,8971
20260701,影视动漫,超大声的接吻原声视频,314,20260701,8972
20260701,影视动漫,图书室的女朋友,314,20260701,8973
20260701,影视动漫,蜘蛛侠4,314,20260701,8974
20260701,影视动漫,糖糖vlog原版视频百度,314,20260701,8975
20260701,影视动漫,胆小鬼电视剧在线观看完整版,314,20260701,8976
20260701,影视动漫,幸福到万家,314,20260701,8977
20260701,影视动漫,生命树1-40集,314,20260701,8978
20260701,影视动漫,黄飞鸿,314,20260701,8979
20260701,影视动漫,赶海,314,20260701,8980
20260701,影视动漫,老阿姨高清在线观看电视剧,314,20260701,8981
20260701,影视动漫,高压监狱2019在线完整版观看百度网盘,314,20260701,8982
20260701,影视动漫,这是我的西游2,314,20260701,8983
20260701,影视动漫,running man,314,20260701,8984
20260701,影视动漫,东北警察故事3在线观看完整版电影,314,20260701,8985
20260701,影视动漫,芝麻胡同免费观看全集剧情,314,20260701,8986
20260701,影视动漫,无法抗拒的他,314,20260701,8987
20260701,影视动漫,超凡蜘蛛侠,314,20260701,8988
20260701,影视动漫,孩子,314,20260701,8989
20260701,影视动漫,在线观看免费版,314,20260701,8990
20260701,影视动漫,老阿姨6电视剧在线播放免费韩剧,314,20260701,8991
20260701,影视动漫,查理和巧克力工厂,314,20260701,8992
20260701,影视动漫,入间同学入魔了,314,20260701,8993
20260701,影视动漫,女教师日记在线观看电视剧全集播放日剧,314,20260701,8994
20260701,影视动漫,狂,314,20260701,8995
20260701,影视动漫,芭比之神秘之门,314,20260701,8996
20260701,影视动漫,日本电影部长来家喝酒叫什么名字,314,20260701,8997
20260701,影视动漫,非人哉第一季,313,20260701,8998
20260701,影视动漫,破灭之国,313,20260701,8999
20260701,影视动漫,仙武传,313,20260701,9000
20260701,影视动漫,《酒店》1-90集免费,313,20260701,9001
20260701,影视动漫,"我,许可 电影 在线观看",313,20260701,9002
20260701,影视动漫,爱情回来了电视剧全集免费观看,313,20260701,9003
20260701,影视动漫,美女跳舞视频,313,20260701,9004
20260701,影视动漫,等待黎明破晓时 泰剧,313,20260701,9005
20260701,影视动漫,火线三兄弟 电视剧,313,20260701,9006
20260701,影视动漫,日剧《缠绕的夜晚》集在线观看,313,20260701,9007
20260701,影视动漫,哥布林的洞窟,313,20260701,9008
20260701,影视动漫,唐宫奇案全集免费观看,313,20260701,9009
20260701,影视动漫,神印王座全集免费观看完整版高清版最新,313,20260701,9010
20260701,影视动漫,喜剧片爆笑电影大全免费观看,313,20260701,9011
20260701,影视动漫,火影忍者博人传,313,20260701,9012
20260701,影视动漫,心术电视剧全集免费完整版,313,20260701,9013
20260701,影视动漫,回复术士的重启人生动漫,313,20260701,9014
20260701,影视动漫,赤坂丽电影,313,20260701,9015
20260701,影视动漫,局内人,313,20260701,9016
20260701,影视动漫,腾讯视频官网,313,20260701,9017
20260701,影视动漫,花子vs倔强的驱魔师第4集剧情,313,20260701,9018
20260701,影视动漫,电影一路向西,313,20260701,9019
20260701,影视动漫,美景之屋4,313,20260701,9020
20260701,影视动漫,中餐厅第九季免费完整版电视剧,313,20260701,9021
20260701,影视动漫,出轨的女人8免费观看正版电视剧,313,20260701,9022
20260701,影视动漫,女武神驱动,313,20260701,9023
20260701,影视动漫,僵尸家族,313,20260701,9024
20260701,影视动漫,精绝古城,313,20260701,9025
20260701,影视动漫,极品家丁,313,20260701,9026
20260701,影视动漫,最新电影在线观看,313,20260701,9027
20260701,影视动漫,朴银狐韩剧全部作品在线观看,313,20260701,9028
20260701,影视动漫,维京传奇,313,20260701,9029
20260701,影视动漫,恋,313,20260701,9030
20260701,影视动漫,GOGOGO在线观看免费观看韩剧,313,20260701,9031
20260701,影视动漫,欲奴电视剧第一季美剧在线观看免费,313,20260701,9032
20260701,影视动漫,尘埃落定,313,20260701,9033
20260701,影视动漫,舌吻原声,313,20260701,9034
20260701,影视动漫,利剑玫瑰,313,20260701,9035
20260701,影视动漫,熊出没之过年,313,20260701,9036
20260701,影视动漫,问心1电视剧全集免费观看完整版,313,20260701,9037
20260701,影视动漫,三吉彩花为艺术奉献什么电影,312,20260701,9038
20260701,影视动漫,满天星电影在线观看完整免费高清原声满天过海,312,20260701,9039
20260701,影视动漫,隋唐英雄传电视剧,312,20260701,9040
20260701,影视动漫,铁拳教育2,312,20260701,9041
20260701,影视动漫,小博博的三角洲行动,312,20260701,9042
20260701,影视动漫,现在就出发3,312,20260701,9043
20260701,影视动漫,我们的婚姻 电视剧,312,20260701,9044
20260701,影视动漫,上错花轿嫁对郎短剧免费观看全集,312,20260701,9045
20260701,影视动漫,琉璃厂传奇电视剧免费观看,312,20260701,9046
20260701,影视动漫,问心电视剧全集观看完整版,312,20260701,9047
20260701,影视动漫,法国空乘2019满天星法版完整版百度,312,20260701,9048
20260701,影视动漫,海尔兄弟,312,20260701,9049
20260701,影视动漫,梁家辉《情人》电影原版视频,312,20260701,9050
20260701,影视动漫,看戏网,312,20260701,9051
20260701,影视动漫,炽夏电视剧免费看,312,20260701,9052
20260701,影视动漫,莫离电视剧剧情免费观看,312,20260701,9053
20260701,影视动漫,CCTV13在线直播观看,312,20260701,9054
20260701,影视动漫,唱歌的大姐姐也要谈恋爱樱花动漫,312,20260701,9055
20260701,影视动漫,你是我的人间烟火电视剧免费观看,312,20260701,9056
20260701,影视动漫,法医秦明第一季,312,20260701,9057
20260701,影视动漫,迷墙电视剧免费观看全集完整版,312,20260701,9058
20260701,影视动漫,白色月光 电视剧,312,20260701,9059
20260701,影视动漫,种鬼电影完整版免费观看,312,20260701,9060
20260701,影视动漫,炽夏电视剧免费观看周挽,312,20260701,9061
20260701,影视动漫,归鸾电视剧在线观看腾讯视频,312,20260701,9062
20260701,影视动漫,片多多影视剧在线观看,311,20260701,9063
20260701,影视动漫,飞驰人生3免费观看完整,311,20260701,9064
20260701,影视动漫,夏与箱1-2集免费观看,311,20260701,9065
20260701,影视动漫,杀木池电影在线看,311,20260701,9066
20260701,影视动漫,鹊刀门传奇1在线观看免费版,311,20260701,9067
20260701,影视动漫,旋风少女第一季在线看高清,311,20260701,9068
20260701,影视动漫,赵今麦演过的电视剧,311,20260701,9069
20260701,影视动漫,火影宝贝,311,20260701,9070
20260701,影视动漫,罪与罚,311,20260701,9071
20260701,影视动漫,张凌赫《归鸾》免费观看,311,20260701,9072
20260701,影视动漫,大秦帝国之裂变,311,20260701,9073
20260701,影视动漫,以你的心诠释我的爱第一季,311,20260701,9074
20260701,影视动漫,在暴雪时分电视剧免费观看完整版什么时候播,311,20260701,9075
20260701,影视动漫,酆母1至6集在线观看中文百度云,311,20260701,9076
20260701,影视动漫,古惑仔电影1-6全集,311,20260701,9077
20260701,影视动漫,欢乐树动画片完整版,311,20260701,9078
20260701,影视动漫,偏偏喜欢你,311,20260701,9079
20260701,影视动漫,9在线观看免费高清完整版在线观看明星大侦探,311,20260701,9080
20260701,影视动漫,动漫短剧,311,20260701,9081
20260701,影视动漫,恐怖片免费观看,311,20260701,9082
20260701,影视动漫,爱人1992,311,20260701,9083
20260701,影视动漫,斗破苍穹年番在线观看完整版免费,311,20260701,9084
20260701,影视动漫,林智妍的三部必看电影,311,20260701,9085
20260701,影视动漫,野兽之心布拉德皮特在线观看,311,20260701,9086
20260701,影视动漫,每日大赛吃瓜,311,20260701,9087
20260701,影视动漫,黄大年,311,20260701,9088
20260701,影视动漫,东北警察故事1电影免费观看全集,311,20260701,9089
20260701,影视动漫,脱口秀大会第六季免费观看完整版,311,20260701,9090
20260701,影视动漫,以你的心诠释我的爱,311,20260701,9091
20260701,影视动漫,日韩电影电视剧在线播放,311,20260701,9092
20260701,影视动漫,师兄啊师兄第三季高清在线观看,311,20260701,9093
20260701,影视动漫,泰剧《偿还》双男主在线观看免费高清,311,20260701,9094
20260701,影视动漫,南部档案在线看全部,311,20260701,9095
20260701,影视动漫,天下同心,311,20260701,9096
20260701,影视动漫,王楚然《爱情有烟火》,311,20260701,9097
20260701,影视动漫,南来北往电视剧40集免费,311,20260701,9098
20260701,影视动漫,楚汉传奇80集免费观看完整版高清,311,20260701,9099
20260701,影视动漫,佟大为王佳佳《昨夜将至》免费观看,311,20260701,9100
20260701,影视动漫,炽热的夏天,311,20260701,9101
20260701,影视动漫,动画片大全3-12岁,310,20260701,9102
20260701,影视动漫,韩剧《不屈的儿媳》国语版,310,20260701,9103
20260701,影视动漫,央视六套节目表,310,20260701,9104
20260701,影视动漫,八千里路云和月电视剧在线观看,310,20260701,9105
20260701,影视动漫,《生育岛》动漫第一季百度,310,20260701,9106
20260701,影视动漫,国防生电视剧免费观看完整版,310,20260701,9107
20260701,影视动漫,《南部档案》免费观看,310,20260701,9108
20260701,影视动漫,丁度电影《红唇》,310,20260701,9109
20260701,影视动漫,聊斋系列电影大全,310,20260701,9110
20260701,影视动漫,巫,310,20260701,9111
20260701,影视动漫,cctv5直播现场直播,310,20260701,9112
20260701,影视动漫,方子传电影韩剧完整版在线观看,310,20260701,9113
20260701,影视动漫,倩女幽魂在线观看电影完整版,310,20260701,9114
20260701,影视动漫,溢出oflowlow第一季完整版,310,20260701,9115
20260701,影视动漫,潘甜甜封神三部曲免费观看全集高清版,310,20260701,9116
20260701,影视动漫,她和她和她,310,20260701,9117
20260701,影视动漫,《折腰》1-36集电视剧流畅播放,310,20260701,9118
20260701,影视动漫,美丽的他,310,20260701,9119
20260701,影视动漫,葡萄熟了 4,310,20260701,9120
20260701,影视动漫,中国舞蹈家协会官网考级证书查询,310,20260701,9121
20260701,影视动漫,CCTV 5直播,310,20260701,9122
20260701,影视动漫,电影四渡演员表,310,20260701,9123
20260701,影视动漫,棍勇,310,20260701,9124
20260701,影视动漫,雁回时,310,20260701,9125
20260701,影视动漫,爱情有烟火在线免费观看,310,20260701,9126
20260701,影视动漫,河西走廊纪录片免费观看完整版,310,20260701,9127
20260701,影视动漫,包贝尔电影全部作品,310,20260701,9128
20260701,影视动漫,红灯记电影全集播放免费观看,310,20260701,9129
20260701,影视动漫,4姐妹2,310,20260701,9130
20260701,影视动漫,大禹治水,310,20260701,9131
20260701,影视动漫,《莫离》电视剧免费完整版,310,20260701,9132
20260701,影视动漫,日本电视剧免费播放百度,310,20260701,9133
20260701,影视动漫,农民伯伯的乡下妹2国语版免费观看电视剧,310,20260701,9134
20260701,影视动漫,成何体统丞磊王楚然,310,20260701,9135
20260701,影视动漫,苦月亮免费观看完整版电视剧高清百度网盘,310,20260701,9136
20260701,影视动漫,下一站幸福电视剧全集免费观看,310,20260701,9137
20260701,影视动漫,风中的火焰电视剧,309,20260701,9138
20260701,影视动漫,献鱼,309,20260701,9139
20260701,影视动漫,借种电影完整版韩剧在线观看国语,309,20260701,9140
20260701,影视动漫,好看电影,309,20260701,9141
20260701,影视动漫,恶女在线观看电影,309,20260701,9142
20260701,影视动漫,陆地巡洋舰在线观看免费高清,309,20260701,9143
20260701,影视动漫,花小烙的会员直播,309,20260701,9144
20260701,影视动漫,权欲之巅电影未删减版观看百度云,309,20260701,9145
20260701,影视动漫,刘学义主演的电视剧有哪些,309,20260701,9146
20260701,影视动漫,365天黑道老大第三季,309,20260701,9147
20260701,影视动漫,征服 电视剧,309,20260701,9148
20260701,影视动漫,盘丝洞邵氏,309,20260701,9149
20260701,影视动漫,关晓彤演的全部剧,309,20260701,9150
20260701,影视动漫,女邻居2韩剧电视剧在线观看免费,309,20260701,9151
20260701,影视动漫,琅琊榜在线观看全集免费观看,309,20260701,9152
20260701,影视动漫,建军大业电影在线观看完整版,309,20260701,9153
20260701,影视动漫,策驰影视在线观看免费观看电视,309,20260701,9154
20260701,影视动漫,惜花芷,309,20260701,9155
20260701,影视动漫,灿烂的风和海演员表,309,20260701,9156
20260701,影视动漫,狗交配视频,309,20260701,9157
20260701,影视动漫,得闲谨制,309,20260701,9158
20260701,影视动漫,妻子为丈夫升职当秘书,309,20260701,9159
20260701,影视动漫,陈哲远演过的电视剧,309,20260701,9160
20260701,影视动漫,看不见的客人,309,20260701,9161
20260701,影视动漫,"《亲爱的,热爱的》电视剧",309,20260701,9162
20260701,影视动漫,谁与争锋,309,20260701,9163
20260701,影视动漫,刑事侦缉档案3,309,20260701,9164
20260701,影视动漫,陪读妈妈小武1-40大结局百度网盘,309,20260701,9165
20260701,影视动漫,xl司令动漫第一季全集,309,20260701,9166
20260701,影视动漫,妹妹是辣妹真是可爱1-2集动漫,309,20260701,9167
20260701,影视动漫,甜蜜惩罚~我是看守专用宠物,308,20260701,9168
20260701,影视动漫,blibli,308,20260701,9169
20260701,影视动漫,日剧《缠绕的夜晚》,308,20260701,9170
20260701,影视动漫,绿野仙踪,308,20260701,9171
20260701,影视动漫,黑太阳731,308,20260701,9172
20260701,影视动漫,斗罗大陆在线观看高清完整版,308,20260701,9173
20260701,影视动漫,天仙配,308,20260701,9174
20260701,影视动漫,九重紫免费高清观看完整版,308,20260701,9175
20260701,影视动漫,网飞猫官网,308,20260701,9176
20260701,影视动漫,《听说你喜欢我》电视剧,308,20260701,9177
20260701,影视动漫,匆匆那年,308,20260701,9178
20260701,影视动漫,真实的谎言,308,20260701,9179
20260701,影视动漫,爱丫爱丫电视剧在线观看免费播放韩大姐,308,20260701,9180
20260701,影视动漫,调解的锁动漫完整版免费观看,308,20260701,9181
20260701,影视动漫,暴躁老妈40集全免费百度网盘下载,308,20260701,9182
20260701,影视动漫,干燥的风免费观看电视剧高清,308,20260701,9183
20260701,影视动漫,重庆妈妈真实视频百度,308,20260701,9184
20260701,影视动漫,双女主mv大片百度,308,20260701,9185
20260701,影视动漫,猎犬第二季,308,20260701,9186
20260701,影视动漫,我的碧可动漫全集免费播放,308,20260701,9187
20260701,影视动漫,家业电视剧免观看完整版高清,308,20260701,9188
20260701,影视动漫,人兽杂交,308,20260701,9189
20260701,影视动漫,薄冰电视剧在线观看免费完整版,308,20260701,9190
20260701,影视动漫,爱情面前谁怕谁电视剧免费观看完整版,308,20260701,9191
20260701,影视动漫,人猿泰山1995意大利真人版完整版,308,20260701,9192
20260701,影视动漫,特战荣耀,308,20260701,9193
20260701,影视动漫,雨后小故事原版动画片观看,308,20260701,9194
20260701,影视动漫,既然来到异世界全力讴歌在线观看,308,20260701,9195
20260701,影视动漫,青盲免费观看50集电视剧完整版,308,20260701,9196
20260701,影视动漫,凡人修仙传181高清在线观看,308,20260701,9197
20260701,影视动漫,光阴之外在线观看,308,20260701,9198
20260701,影视动漫,诡秘之主动漫,308,20260701,9199
20260701,影视动漫,恋爱暴君双男主动漫在线观看免费漫画,308,20260701,9200
20260701,影视动漫,梦中情人,307,20260701,9201
20260701,影视动漫,母亲韩剧结局在线观看全集,307,20260701,9202
20260701,影视动漫,今日CCTV5十节目表预告,307,20260701,9203
20260701,影视动漫,大器晚成,307,20260701,9204
20260701,影视动漫,朗读者,307,20260701,9205
20260701,影视动漫,无限超越班4,307,20260701,9206
20260701,影视动漫,我和大佬的三百六十五天2免费观看星辰百度网盘,307,20260701,9207
20260701,影视动漫,央视cctv1直播观看,307,20260701,9208
20260701,影视动漫,电影《李瓶儿》西门庆单立,307,20260701,9209
20260701,影视动漫,啦啦啦中文电视剧5,307,20260701,9210
20260701,影视动漫,CCTV5在线直播免费,307,20260701,9211
20260701,影视动漫,美国乒乓球直播在线观看,307,20260701,9212
20260701,影视动漫,肯普法,307,20260701,9213
20260701,影视动漫,人鱼小姐,307,20260701,9214
20260701,影视动漫,我的理想的异世界生活,307,20260701,9215
20260701,影视动漫,抖音极速版免费下载安装,307,20260701,9216
20260701,影视动漫,大象女王,307,20260701,9217
20260701,影视动漫,甲贺忍法贴,307,20260701,9218
20260701,影视动漫,小姨韩剧免费完整电视剧在线观看,307,20260701,9219
20260701,影视动漫,2026谍战《千里江山图》免费观看,307,20260701,9220
20260701,影视动漫,海边的异邦人 动漫,307,20260701,9221
20260701,影视动漫,美丽的水蜜桃,307,20260701,9222
20260701,影视动漫,破冰行动电视剧全集在线观看,307,20260701,9223
20260701,影视动漫,电视剧好好时光免费观看,307,20260701,9224
20260701,影视动漫,my pico动漫1~3集在线观看免费,306,20260701,9225
20260701,影视动漫,中文字幕免费看高清好看的电视剧,306,20260701,9226
20260701,影视动漫,天下长河40集完整版免费观看电视剧,306,20260701,9227
20260701,影视动漫,入青云电视剧,306,20260701,9228
20260701,影视动漫,大秦帝国之纵横全集免费观看,306,20260701,9229
20260701,影视动漫,小辣椒3完整版,306,20260701,9230
20260701,影视动漫,床友泰剧,306,20260701,9231
20260701,影视动漫,尖叫之夜高清视频播放国语版,306,20260701,9232
20260701,影视动漫,蝙蝠侠,306,20260701,9233
20260701,影视动漫,妻子的浪漫旅行2026综艺免费观看,306,20260701,9234
20260701,影视动漫,风流医生免费观看高清电视剧完整,306,20260701,9235
20260701,影视动漫,爱情有烟火的电视剧,306,20260701,9236
20260701,影视动漫,搜狐视频,306,20260701,9237
20260701,影视动漫,爱情烟火,306,20260701,9238
20260701,影视动漫,丝袜视频,306,20260701,9239
20260701,影视动漫,爱心符号多一点动漫在线观看免费全集,306,20260701,9240
20260701,影视动漫,中央1套节目表,306,20260701,9241
20260701,影视动漫,赤足惊魂电影,306,20260701,9242
20260701,影视动漫,二战电影大全集免费 战争片,306,20260701,9243
20260701,影视动漫,花园宝宝,306,20260701,9244
20260701,影视动漫,牡丹亭,306,20260701,9245
20260701,影视动漫,极恶老大第一季,306,20260701,9246
20260701,影视动漫,兽性新人类1之失忆症国语百度云,306,20260701,9247
20260701,影视动漫,吴邪私家笔记 电视剧,306,20260701,9248
20260701,影视动漫,《足球宝贝》法国电影在线观看,306,20260701,9249
20260701,影视动漫,权臣是我心上人短剧免费观看,306,20260701,9250
20260701,影视动漫,四度电影演员表介绍,305,20260701,9251
20260701,影视动漫,樱花动漫网imomoe官网,305,20260701,9252
20260701,影视动漫,大地影院在线资源观看免费,305,20260701,9253
20260701,影视动漫,逆天至尊,305,20260701,9254
20260701,影视动漫,面具,305,20260701,9255
20260701,影视动漫,爱情契约泰剧电视剧完整版在线观看免费,305,20260701,9256
20260701,影视动漫,斗破苍穹年番全集免费完整版在线观看高清,305,20260701,9257
20260701,影视动漫,雷神,305,20260701,9258
20260701,影视动漫,刑事侦缉档案,305,20260701,9259
20260701,影视动漫,樱花动漫专注动漫的网站-专注动漫的门户,305,20260701,9260
20260701,影视动漫,亢奋在线观看高清完整版,305,20260701,9261
20260701,影视动漫,便利店少女动漫全集第一季,305,20260701,9262
20260701,影视动漫,三生三世十里桃花58集完整版,305,20260701,9263
20260701,影视动漫,强风吹拂,305,20260701,9264
20260701,影视动漫,无耻之徒第三季,305,20260701,9265
20260701,影视动漫,忘年恋曲未删减版百度网盘,305,20260701,9266
20260701,影视动漫,吻戏床戏,305,20260701,9267
20260701,影视动漫,连城诀,305,20260701,9268
20260701,影视动漫,森林里的熊先生冬眠中类似动漫,305,20260701,9269
20260701,影视动漫,花与蛇在线观看,305,20260701,9270
20260701,影视动漫,金特务本色回归免费看,305,20260701,9271
20260701,影视动漫,jcyapp:org囧次元,305,20260701,9272
20260701,影视动漫,中文在线电视字幕版免费播放百度,305,20260701,9273
20260701,影视动漫,零下38度电视剧全集免费观看,305,20260701,9274
20260701,影视动漫,温柔乡电影1984年意大利在线观看,305,20260701,9275
20260701,影视动漫,折月亮电视剧,305,20260701,9276
20260701,影视动漫,家业电视剧观看完整,305,20260701,9277
20260701,影视动漫,剑鬼巴尔戈动漫,304,20260701,9278
20260701,影视动漫,真爱留声,304,20260701,9279
20260701,影视动漫,闺蜜2,304,20260701,9280
20260701,影视动漫,抖音视频,304,20260701,9281
20260701,影视动漫,老牛影视在线观看免费观看电视剧网,304,20260701,9282
20260701,影视动漫,天空视频,304,20260701,9283
20260701,影视动漫,日剧《偷吃》在线观看,304,20260701,9284
20260701,影视动漫,《斩神之凡尘神域》第二季,304,20260701,9285
20260701,影视动漫,御狐神双炽,304,20260701,9286
20260701,影视动漫,抖音客服电话95015,304,20260701,9287
20260701,影视动漫,出租屋2,304,20260701,9288
20260701,影视动漫,《雨霖铃》电视剧,304,20260701,9289
20260701,影视动漫,搜神记动漫在线观看完整版高清免费,304,20260701,9290
20260701,影视动漫,昨夜将至在线免费观看,304,20260701,9291
20260701,影视动漫,白夜破晓,304,20260701,9292
20260701,影视动漫,斗破苍穹动漫,304,20260701,9293
20260701,影视动漫,法医秦明之读心者电视剧免费观看,304,20260701,9294
20260701,影视动漫,刘老庄八十二壮士演员表,304,20260701,9295
20260701,影视动漫,八段锦体育总局口令呼吸版,304,20260701,9296
20260701,影视动漫,也平凡 电视剧,304,20260701,9297
20260701,影视动漫,红姨,304,20260701,9298
20260701,影视动漫,五十度黑灰飞电影完整版在线观看,304,20260701,9299
20260701,影视动漫,泰剧电视剧大全,304,20260701,9300
20260701,影视动漫,《主角》1-48集观看完整版,304,20260701,9301
20260701,影视动漫,永生第五季太元仙府,304,20260701,9302
20260701,影视动漫,古墓丽影,304,20260701,9303
20260701,影视动漫,热辣滚烫,304,20260701,9304
20260701,影视动漫,金钱之味韩剧免费观看在线无删减版播,304,20260701,9305
20260701,影视动漫,入职威胁电影完整版免费观看,304,20260701,9306
20260701,影视动漫,插曲30分钟电视剧免费版在线观看,303,20260701,9307
20260701,影视动漫,麻花星空无限影视mv,303,20260701,9308
20260701,影视动漫,x战警天启高清在线观看,303,20260701,9309
20260701,影视动漫,中餐厅10季完整版免费,303,20260701,9310
20260701,影视动漫,我叫赵甲第2 电视剧,303,20260701,9311
20260701,影视动漫,韩剧推荐,303,20260701,9312
20260701,影视动漫,今时之欲第二部免费,303,20260701,9313
20260701,影视动漫,挣扎吧亚当军君,303,20260701,9314
20260701,影视动漫,百厨大战第二期免费观看,303,20260701,9315
20260701,影视动漫,沙丘,303,20260701,9316
20260701,影视动漫,我叫赵甲第第一季,303,20260701,9317
20260701,影视动漫,地缚少年花子君 第一季,303,20260701,9318
20260701,影视动漫,东北疯搞笑配音,303,20260701,9319
20260701,影视动漫,壮志凌云无删减版百度云,303,20260701,9320
20260701,影视动漫,勇者无惧电视剧免费观看全集,303,20260701,9321
20260701,影视动漫,爱乐之城,303,20260701,9322
20260701,影视动漫,抖音服务平台·机构版登录入口,303,20260701,9323
20260701,影视动漫,中文在线字幕免费高清电视剧日剧推荐,303,20260701,9324
20260701,影视动漫,鞠婧祎ai电视剧免费观看全集,303,20260701,9325
20260701,影视动漫,最短的距离是圆的电影,303,20260701,9326
20260701,影视动漫,神探狄仁杰3,303,20260701,9327
20260701,影视动漫,丧尸,303,20260701,9328
20260701,影视动漫,翻咔app下载,303,20260701,9329
20260701,影视动漫,晚上小娘在线观看电视剧免费观看,303,20260701,9330
20260701,影视动漫,暴劫倾情,303,20260701,9331
20260701,影视动漫,中国新说唱,303,20260701,9332
20260701,影视动漫,《问心》,303,20260701,9333
20260701,影视动漫,《工地上的女人》电视剧,303,20260701,9334
20260701,影视动漫,黑吃黑美剧第一季完整版在线观看,303,20260701,9335
20260701,影视动漫,终末的后宫 在线看动漫,303,20260701,9336
20260701,影视动漫,完美世界在线观看免费播放,303,20260701,9337
20260701,影视动漫,大秦帝国之纵横,303,20260701,9338
20260701,影视动漫,双瞳,303,20260701,9339
20260701,影视动漫,适合夫妻二人观看的剧,303,20260701,9340
20260701,影视动漫,韩剧双男主,302,20260701,9341
20260701,影视动漫,今晚正好,302,20260701,9342
20260701,影视动漫,孔雀,302,20260701,9343
20260701,影视动漫,成全全集电影高清,302,20260701,9344
20260701,影视动漫,小城大事,302,20260701,9345
20260701,影视动漫,皮囊,302,20260701,9346
20260701,影视动漫,迷雾剧场,302,20260701,9347
20260701,影视动漫,40阿姨免费观看电视剧大全百度,302,20260701,9348
20260701,影视动漫,中央体育cctv5 直播,302,20260701,9349
20260701,影视动漫,电视剧耀眼,302,20260701,9350
20260701,影视动漫,红箭电视剧1至36集免费观看,302,20260701,9351
20260701,影视动漫,美丽的小辣椒,302,20260701,9352
20260701,影视动漫,小樱鸣人之夜动漫免费观看全集在线,302,20260701,9353
20260701,影视动漫,护士小姐,302,20260701,9354
20260701,影视动漫,悟空影视免费观看,302,20260701,9355
20260701,影视动漫,一路向北香港电影在线观看,302,20260701,9356
20260701,影视动漫,高速公路的堕天使在线观看完整版,302,20260701,9357
20260701,影视动漫,我和我的父辈电影免费播放完整版观后感,302,20260701,9358
20260701,影视动漫,黑兽2高傲圣女1~7全集免费观看,302,20260701,9359
20260701,影视动漫,不要和陌生人说话,302,20260701,9360
20260701,影视动漫,生逢灿烂的日子 电视剧,302,20260701,9361
20260701,影视动漫,美丽水蜜桃,302,20260701,9362
20260701,影视动漫,高柳家的人们动漫1-4集全集播放第二季,302,20260701,9363
20260701,影视动漫,邪恶游戏2025泰剧电视剧,302,20260701,9364
20260701,影视动漫,聊斋艳谭讲的什么,302,20260701,9365
20260701,影视动漫,蒂蒂有话说1-100集百度云免费看,302,20260701,9366
20260701,影视动漫,jmcomic3.0,302,20260701,9367
20260701,影视动漫,小蜜蜂2美国版在线观看高清,302,20260701,9368
20260701,影视动漫,国王游戏,302,20260701,9369
20260701,影视动漫,假面骑士zzz免费观看日语版,302,20260701,9370
20260701,影视动漫,1905电影官方网站在线观看,302,20260701,9371
20260701,影视动漫,日本大全免费观看电视剧日本电视剧,301,20260701,9372
20260701,影视动漫,坏种,301,20260701,9373
20260701,影视动漫,对你的爱很美好电视剧免费观看,301,20260701,9374
20260701,影视动漫,镜花风月之赶尸人,301,20260701,9375
20260701,影视动漫,金银瓶1-5集免费观看第9季,301,20260701,9376
20260701,影视动漫,蛇与蜘蛛动漫完整版免费观看高清,301,20260701,9377
20260701,影视动漫,抖音破解版,301,20260701,9378
20260701,影视动漫,抖音搜索,301,20260701,9379
20260701,影视动漫,售楼小姐台湾绝版版2电视剧剧情介绍,301,20260701,9380
20260701,影视动漫,眼泪女王,301,20260701,9381
20260701,影视动漫,《知否》全集免费观看,301,20260701,9382
20260701,影视动漫,《黄昏失焦》,301,20260701,9383
20260701,影视动漫,变成黑皮辣妹后朋友做了的梦第二季,301,20260701,9384
20260701,影视动漫,鬼妈妈 电影,301,20260701,9385
20260701,影视动漫,姐妹3,301,20260701,9386
20260701,影视动漫,本能完整版电影,301,20260701,9387
20260701,影视动漫,欲望电影,301,20260701,9388
20260701,影视动漫,排球少年第二季,301,20260701,9389
20260701,影视动漫,中央一台电视直播,301,20260701,9390
20260701,影视动漫,别当欧尼酱了,301,20260701,9391
20260701,影视动漫,生命树全40集免费观看,301,20260701,9392
20260701,影视动漫,无职转生第一季,301,20260701,9393
20260701,影视动漫,功夫 电影,301,20260701,9394
20260701,影视动漫,被我的手指打扰你第一季动漫免费观看,301,20260701,9395
20260701,影视动漫,努努影院,301,20260701,9396
20260701,影视动漫,新的哥哥2在线观看完整,301,20260701,9397
20260701,影视动漫,庆余年第一部在线观看视频,301,20260701,9398
20260701,影视动漫,办公室5免费完整高清电视剧在线韩剧,301,20260701,9399
20260701,影视动漫,CCTV5 直播,301,20260701,9400
20260701,影视动漫,最新电视剧2026在线播放免费观看全集,301,20260701,9401
20260701,影视动漫,徐若瑄演电影《魔鬼天使》,301,20260701,9402
20260701,影视动漫,妈妈再爱我一次,301,20260701,9403
20260701,影视动漫,甜蜜惩罚免费第1季完整,301,20260701,9404
20260701,影视动漫,桔子影视,301,20260701,9405
20260701,影视动漫,十九岁在日本电影剧,301,20260701,9406
20260701,影视动漫,彼女三姐妹日常生活动漫全集观看樱,300,20260701,9407
20260701,影视动漫,山花烂漫时,300,20260701,9408
20260701,影视动漫,囧次元动漫官网入口下载,300,20260701,9409
20260701,影视动漫,波吉亚家族美版第一季在线观看,300,20260701,9410
20260701,影视动漫,低智商犯罪电视剧高清版,300,20260701,9411
20260701,影视动漫,正后方的神威动漫,300,20260701,9412
20260701,影视动漫,夕颜第一季在线看全集,300,20260701,9413
20260701,影视动漫,快手网页版,300,20260701,9414
20260701,影视动漫,新剧,300,20260701,9415
20260701,影视动漫,青苹果乐园完整版在线播放,300,20260701,9416
20260701,影视动漫,丛林激战意大利电影高清观看,300,20260701,9417
20260701,影视动漫,七仙女思春在线观看免费版电视剧红羊电影,300,20260701,9418
20260701,影视动漫,今日关注最新一期,300,20260701,9419
20260701,影视动漫,好看的生活大片在线观看,300,20260701,9420
20260701,影视动漫,小伙住阿姨家免费观看电视,300,20260701,9421
20260701,影视动漫,剑来电视剧,300,20260701,9422
20260701,影视动漫,蜜桃成熟了,300,20260701,9423
20260701,影视动漫,斗罗大陆在线看免费播放,300,20260701,9424
20260701,影视动漫,极速影院,300,20260701,9425
20260701,影视动漫,子夜归电视剧在线观看完整,300,20260701,9426
20260701,影视动漫,赛迦奥特曼,300,20260701,9427
20260701,影视动漫,新的哥哥2,300,20260701,9428
20260701,影视动漫,奇迹在东京,300,20260701,9429
20260701,影视动漫,飞飞影视,300,20260701,9430
20260701,影视动漫,电视剧大全,300,20260701,9431
20260701,影视动漫,假面骑士圣刃,300,20260701,9432
20260701,影视动漫,搞笑一家人,300,20260701,9433
20260701,影视动漫,网飞,300,20260701,9434
20260701,影视动漫,死神千年血战篇,299,20260701,9435
20260701,影视动漫,地狱乐,299,20260701,9436
20260701,影视动漫,强吻,299,20260701,9437
20260701,影视动漫,不忠 电影,299,20260701,9438
20260701,影视动漫,ccTV5十,299,20260701,9439
20260701,影视动漫,小别离电视剧免费观看完整版在线播放,299,20260701,9440
20260701,影视动漫,在线电视剧大全,299,20260701,9441
20260701,影视动漫,开心超人,299,20260701,9442
20260701,影视动漫,上海滩电视剧全集,299,20260701,9443
20260701,影视动漫,原始森林菲律宾电影在线看,299,20260701,9444
20260701,影视动漫,十八岁奶奶驾到重整家族荣耀,299,20260701,9445
20260701,影视动漫,九重紫电视剧,299,20260701,9446
20260701,影视动漫,特殊美容院,299,20260701,9447
20260701,影视动漫,上甘岭,299,20260701,9448
20260701,影视动漫,情人别为我哭泣,299,20260701,9449
20260701,影视动漫,爱神派对电影完整版免费,299,20260701,9450
20260701,影视动漫,哥布林的巢穴在线观看免费完整版动漫,299,20260701,9451
20260701,影视动漫,邻家女孩2,299,20260701,9452
20260701,影视动漫,古相思曲,299,20260701,9453
20260701,影视动漫,我和大佬第一季免费播放完整版百度,299,20260701,9454
20260701,影视动漫,以爱为营电视剧免费观看完整版芒果TV,299,20260701,9455
20260701,影视动漫,长生骨电视剧,299,20260701,9456
20260701,影视动漫,白色橄榄树免费观看全集电视剧,299,20260701,9457
20260701,影视动漫,迪拜女孩,299,20260701,9458
20260701,影视动漫,日韩电视剧,299,20260701,9459
20260701,影视动漫,借种在线观看,299,20260701,9460
20260701,影视动漫,半熟恋人第五季免费观看全集完整版,299,20260701,9461
20260701,影视动漫,阿凡提,299,20260701,9462
20260701,影视动漫,邪恶保镖,299,20260701,9463
20260701,影视动漫,少年派2 电视剧,299,20260701,9464
20260701,影视动漫,《罚罪2》电视剧,299,20260701,9465
20260701,影视动漫,高压监狱电影在线观看,299,20260701,9466
20260701,影视动漫,枫与铃第一季全集哪里看,299,20260701,9467
20260701,影视动漫,哈哈哈哈哈第六季免费观看完整版,299,20260701,9468
20260701,影视动漫,挡不住的风情翁虹和任达华主演,299,20260701,9469
20260701,影视动漫,任素汐电影,299,20260701,9470
20260701,影视动漫,半妖倾城,299,20260701,9471
20260701,影视动漫,张国强电影县长,298,20260701,9472
20260701,影视动漫,51台北娜娜新剧《老师》观看百度,298,20260701,9473
20260701,影视动漫,张月演的电视剧,298,20260701,9474
20260701,影视动漫,金特工本色归来在线观看,298,20260701,9475
20260701,影视动漫,神人高校,298,20260701,9476
20260701,影视动漫,金特务在线观看,298,20260701,9477
20260701,影视动漫,再见18班,298,20260701,9478
20260701,影视动漫,动作片,298,20260701,9479
20260701,影视动漫,河马剧场,298,20260701,9480
20260701,影视动漫,人生若只如初见,298,20260701,9481
20260701,影视动漫,苍老师电视连续剧免费播放在线观看,298,20260701,9482
20260701,影视动漫,夫妻圆满秘诀,298,20260701,9483
20260701,影视动漫,检查官室的提案免费观看全集韩剧,298,20260701,9484
20260701,影视动漫,传家电视剧免费,298,20260701,9485
20260701,影视动漫,堀与宫村第一季动漫,298,20260701,9486
20260701,影视动漫,加勒比女海盗完整版,298,20260701,9487
20260701,影视动漫,致命黑兰,298,20260701,9488
20260701,影视动漫,姐妹2,298,20260701,9489
20260701,影视动漫,免费网址大全在线观看人数在哪直播,298,20260701,9490
20260701,影视动漫,藏海花电视剧在线观看免费版全集 高清,298,20260701,9491
20260701,影视动漫,忠贞电影,298,20260701,9492
20260701,影视动漫,抖音极速版下载,298,20260701,9493
20260701,影视动漫,奸臣 韩国电影,298,20260701,9494
20260701,影视动漫,光阴之外动漫全集,298,20260701,9495
20260701,影视动漫,僵尸启示录,298,20260701,9496
20260701,影视动漫,樱花动漫专门专注动漫的门户,298,20260701,9497
20260701,影视动漫,异种1995,298,20260701,9498
20260701,影视动漫,美丽蜜桃,298,20260701,9499
20260701,影视动漫,海贼王动漫全集在线观看免费版,298,20260701,9500
20260701,影视动漫,CCTV5十现场直播,298,20260701,9501
20260701,影视动漫,家庭教师在线观看,298,20260701,9502
20260701,影视动漫,世界杯免费直播高清直播视频,298,20260701,9503
20260701,影视动漫,韩剧检察官室的提案,298,20260701,9504
20260701,影视动漫,魔鬼恋人第三季,298,20260701,9505
20260701,影视动漫,金特务韩剧高清免费观看全集,298,20260701,9506
20260701,影视动漫,美味的爱,298,20260701,9507
20260701,影视动漫,大力女子都奉顺 电视剧,298,20260701,9508
20260701,影视动漫,《大度》完整版,298,20260701,9509
20260701,影视动漫,无颜之月动漫全集电视剧,297,20260701,9510
20260701,影视动漫,禁忌第一季,297,20260701,9511
20260701,影视动漫,八段锦国家总局标准版,297,20260701,9512
20260701,影视动漫,叶问,297,20260701,9513
20260701,影视动漫,疯狂吻戏,297,20260701,9514
20260701,影视动漫,开天辟地演员表全部,297,20260701,9515
20260701,影视动漫,年轻的,297,20260701,9516
20260701,影视动漫,星辰变第七季神界篇,297,20260701,9517
20260701,影视动漫,午夜凶铃,297,20260701,9518
20260701,影视动漫,恶役千金的本命是王子动漫类似,297,20260701,9519
20260701,影视动漫,"人间空间时间和人,免费观看",297,20260701,9520
20260701,影视动漫,山河令电视剧全集在线观看完整版,297,20260701,9521
20260701,影视动漫,天剑宗魔童短剧全集,297,20260701,9522
20260701,影视动漫,两个人的小森林电视剧免费观看全集百度云,297,20260701,9523
20260701,影视动漫,《TriangleBlue》动漫,297,20260701,9524
20260701,影视动漫,长歌行 电视剧,297,20260701,9525
20260701,影视动漫,大片免费观看高清电视剧在线观看,297,20260701,9526
20260701,影视动漫,梦魇绝镇,297,20260701,9527
20260701,影视动漫,南部档案在线播放全集免费,297,20260701,9528
20260701,影视动漫,努努影视,297,20260701,9529
20260701,影视动漫,解压视频,297,20260701,9530
20260701,影视动漫,"金钱之味,电影",297,20260701,9531
20260701,影视动漫,抓特务豆瓣,297,20260701,9532
20260701,影视动漫,cc直播,297,20260701,9533
20260701,影视动漫,甜蜜惩罚我是看守专属宠物第一季全集台词,297,20260701,9534
20260701,影视动漫,e站ehviewer绿色版本下载,297,20260701,9535
20260701,影视动漫,天津老两口退休生活视频,297,20260701,9536
20260701,影视动漫,大江大河3在线观看全集,297,20260701,9537
20260701,影视动漫,老公的朋友,297,20260701,9538
20260701,影视动漫,动物世界大全视频播放,297,20260701,9539
20260701,影视动漫,都想做好韩剧在线观看完整版免费版,297,20260701,9540
20260701,影视动漫,王楚然电视剧,297,20260701,9541
20260701,影视动漫,《都挺好》电视剧,297,20260701,9542
20260701,影视动漫,云顶天宫,297,20260701,9543
20260701,影视动漫,现在就出发第1季全集完整版,297,20260701,9544
20260701,影视动漫,深水电影在线完整免费观看鬼影敲门中文版剧情,297,20260701,9545
20260701,影视动漫,福贵33集电视连续剧,297,20260701,9546
20260701,影视动漫,电视剧在线观看免费影视大全,296,20260701,9547
20260701,影视动漫,赛末点,296,20260701,9548
20260701,影视动漫,白眉大侠,296,20260701,9549
20260701,影视动漫,小娘惹 电视剧,296,20260701,9550
20260701,影视动漫,降世神宗最后的气宗第一季,296,20260701,9551
20260701,影视动漫,家属母亲和姐妹动漫全集观看,296,20260701,9552
20260701,影视动漫,第二次拥抱电视剧免费观看完整版,296,20260701,9553
20260701,影视动漫,wtt直播,296,20260701,9554
20260701,影视动漫,冰堂伊吹会长全集,296,20260701,9555
20260701,影视动漫,杨洋主演的电视剧全部,296,20260701,9556
20260701,影视动漫,大牛影库战狼5免费全集在线观看,296,20260701,9557
20260701,影视动漫,灭门惨案之1孽杀,296,20260701,9558
20260701,影视动漫,水的力量1977,296,20260701,9559
20260701,影视动漫,黑暗侵袭,296,20260701,9560
20260701,影视动漫,《偿还12》完整版,296,20260701,9561
20260701,影视动漫,虞书欣演的电视剧有哪些,296,20260701,9562
20260701,影视动漫,天下第一,296,20260701,9563
20260701,影视动漫,法利赛人,296,20260701,9564
20260701,影视动漫,喜人奇妙夜 综艺,296,20260701,9565
20260701,影视动漫,守法公民电影完整版观看,296,20260701,9566
20260701,影视动漫,灿若繁星电视剧,296,20260701,9567
20260701,影视动漫,中央新闻联播,296,20260701,9568
20260701,影视动漫,尖叫之夜高清视频播放,296,20260701,9569
20260701,影视动漫,女奥特曼,296,20260701,9570
20260701,影视动漫,战争电影,296,20260701,9571
20260701,影视动漫,央视5套cctv5直播在线,296,20260701,9572
20260701,影视动漫,上司来家日剧在线观看,295,20260701,9573
20260701,影视动漫,五十度灰在线,295,20260701,9574
20260701,影视动漫,宝宝巴士快乐启蒙(免费版),295,20260701,9575
20260701,影视动漫,最食人间烟火色电视剧,295,20260701,9576
20260701,影视动漫,赤足惊魂在线观看,295,20260701,9577
20260701,影视动漫,头脑特工队2 电影,295,20260701,9578
20260701,影视动漫,光渊1-30集完整版无删减高清版,295,20260701,9579
20260701,影视动漫,我和僵尸有个约会,295,20260701,9580
20260701,影视动漫,低端影视,295,20260701,9581
20260701,影视动漫,剑雨,295,20260701,9582
20260701,影视动漫,原始兽性,295,20260701,9583
20260701,影视动漫,追击者电视连续剧,295,20260701,9584
20260701,影视动漫,爱的厘米,295,20260701,9585
20260701,影视动漫,王贵与安娜 电视剧,295,20260701,9586
20260701,影视动漫,长夜将尽,295,20260701,9587
20260701,影视动漫,让爱圆满泰剧在线观看,295,20260701,9588
20260701,影视动漫,哈尔的移动城堡,295,20260701,9589
20260701,影视动漫,狮子王,295,20260701,9590
20260701,影视动漫,魅影app直播下载免费版,295,20260701,9591
20260701,影视动漫,母画眉30分钟大唱,295,20260701,9592
20260701,影视动漫,手机看电影,295,20260701,9593
20260701,影视动漫,军中乐园完整,295,20260701,9594
20260701,影视动漫,玉米视频,295,20260701,9595
20260701,影视动漫,韩剧《公媳》在线观看全集免费自由,295,20260701,9596
20260701,影视动漫,出路儿童电影纪录片免费观看,295,20260701,9597
20260701,影视动漫,《家访老师》在线观看高清版,295,20260701,9598
20260701,影视动漫,生万物电视剧免费全集,295,20260701,9599
20260701,影视动漫,我是刑警电视剧全集免费观看,295,20260701,9600
20260701,影视动漫,泰国的大片,295,20260701,9601
20260701,影视动漫,对手,295,20260701,9602
20260701,影视动漫,部长来家吃饭日剧在线播放,295,20260701,9603
20260701,影视动漫,回复术士之重启人生,295,20260701,9604
20260701,影视动漫,茉莉花开,295,20260701,9605
20260701,影视动漫,爱的营地完整版,295,20260701,9606
20260701,影视动漫,甜蜜女友2,295,20260701,9607
20260701,影视动漫,月亮影视大全,295,20260701,9608
20260701,影视动漫,知否知否应是绿肥红瘦电视剧完整版,295,20260701,9609
20260701,影视动漫,驭险谜情,295,20260701,9610
20260701,影视动漫,长征电视剧,295,20260701,9611
20260701,影视动漫,宰相刘罗锅免费完整版,295,20260701,9612
20260701,影视动漫,高压监狱法国电影,294,20260701,9613
20260701,影视动漫,南部档案电视,294,20260701,9614
20260701,影视动漫,爵迹,294,20260701,9615
20260701,影视动漫,美国往事,294,20260701,9616
20260701,影视动漫,三国演义电视剧,294,20260701,9617
20260701,影视动漫,365天霸道总裁爱上我电影第一季,294,20260701,9618
20260701,影视动漫,西班牙电影,294,20260701,9619
20260701,影视动漫,六姊妹全部演员表,294,20260701,9620
20260701,影视动漫,兽娘通讯动漫完整版,294,20260701,9621
20260701,影视动漫,直播8手机版官方,294,20260701,9622
20260701,影视动漫,司藤,294,20260701,9623
20260701,影视动漫,青苹果影视,294,20260701,9624
20260701,影视动漫,我可能遇到了救星电视剧,294,20260701,9625
20260701,影视动漫,电视剧家业完整版观看,294,20260701,9626
20260701,影视动漫,"红了樱桃,绿了芭蕉电视剧",294,20260701,9627
20260701,影视动漫,五福临门1-36集完整版在线观看,294,20260701,9628
20260701,影视动漫,爱情有烟火电视剧免费观看完整版,294,20260701,9629
20260701,影视动漫,吉高宁宁必看电影全集,294,20260701,9630
20260701,影视动漫,中央cctv5直播乒乓球,294,20260701,9631
20260701,影视动漫,哈利波特4,294,20260701,9632
20260701,影视动漫,《新来的女邻居》电视剧在线观看,294,20260701,9633
20260701,影视动漫,仙逆在线看动漫,294,20260701,9634
20260701,影视动漫,黄石,294,20260701,9635
20260701,影视动漫,追剧网,294,20260701,9636
20260701,影视动漫,黎明的强者西班牙在线播放,294,20260701,9637
20260701,影视动漫,致命弯道3,294,20260701,9638
20260701,影视动漫,蛮好的人生电视连续剧在线观看,294,20260701,9639
20260701,影视动漫,澳門直播,294,20260701,9640
20260701,影视动漫,好好的时光电视剧在线观看,294,20260701,9641
20260701,影视动漫,真探达达里奥亮点哪几集,293,20260701,9642
20260701,影视动漫,欧布奥特曼中文版全集免费观看,293,20260701,9643
20260701,影视动漫,闵勇mignon吸血医生,293,20260701,9644
20260701,影视动漫,灿如繁星免费观看完整版,293,20260701,9645
20260701,影视动漫,off campus美剧,293,20260701,9646
20260701,影视动漫,孽杀,293,20260701,9647
20260701,影视动漫,玉茗茶骨全集在线观看完整版高清,293,20260701,9648
20260701,影视动漫,猫鼠游戏,293,20260701,9649
20260701,影视动漫,水手服饰育1982电影,293,20260701,9650
20260701,影视动漫,好像做一次美剧第一季在线观看中英,293,20260701,9651
20260701,影视动漫,天庭圣女动漫免费观看,293,20260701,9652
20260701,影视动漫,犯罪心理,293,20260701,9653
20260701,影视动漫,potplayer,293,20260701,9654
20260701,影视动漫,开始推理吧第三季,293,20260701,9655
20260701,影视动漫,丛林激战1993免费观看,293,20260701,9656
20260701,影视动漫,辣警狂花,293,20260701,9657
20260701,影视动漫,莫离电视剧免费看,293,20260701,9658
20260701,影视动漫,抖音电脑版,293,20260701,9659
20260701,影视动漫,胡乱深见君,293,20260701,9660
20260701,影视动漫,亢奋美剧第一季在线观看,293,20260701,9661
20260701,影视动漫,傅诗淇成毅三部S 待播剧 《英雄志》《 两京十五日》《狩谎》,293,20260701,9662
20260701,影视动漫,《人民的名义》电视剧,293,20260701,9663
20260701,影视动漫,兽娘通信鸟娘贝尔第一季动漫在线观看,293,20260701,9664
20260701,影视动漫,大玉儿传奇 电视剧,292,20260701,9665
20260701,影视动漫,问心百度百科,292,20260701,9666
20260701,影视动漫,四渡导演,292,20260701,9667
20260701,影视动漫,遮天动漫国产动漫观看完整版高清下载,292,20260701,9668
20260701,影视动漫,我和我的祖国,292,20260701,9669
20260701,影视动漫,爱是愤怒电影免费观看,292,20260701,9670
20260701,影视动漫,特警力量,292,20260701,9671
20260701,影视动漫,《母爱成瘾》第二季动漫免费观看视,292,20260701,9672
20260701,影视动漫,糖糖vlog原版视频百度在线观看,292,20260701,9673
20260701,影视动漫,地球超新鲜第二季2026完整视频,292,20260701,9674
20260701,影视动漫,影之实力者,292,20260701,9675
20260701,影视动漫,同居的目的,292,20260701,9676
20260701,影视动漫,抓特务剧情介绍,292,20260701,9677
20260701,影视动漫,法国空乘2017(多塞尔航空)抢先版百度,292,20260701,9678
20260701,影视动漫,"我,许可",292,20260701,9679
20260701,影视动漫,丈夫外出的上班的日子,292,20260701,9680
20260701,影视动漫,向涟苍生献上纯洁原著免费观看,292,20260701,9681
20260701,影视动漫,樱花动漫网官网,292,20260701,9682
20260701,影视动漫,僵尸至尊高清国语电影,292,20260701,9683
20260701,影视动漫,甜蜜惩罚第一季免费全集观看动漫中文版下载,292,20260701,9684
20260701,影视动漫,森中有林在线观看,292,20260701,9685
20260701,影视动漫,汤和最后的结局,292,20260701,9686
20260701,影视动漫,翁虹电影,292,20260701,9687
20260701,影视动漫,同桌的你,292,20260701,9688
20260701,影视动漫,爱情有烟火33,292,20260701,9689
20260701,影视动漫,香港十大三星级女演员都有谁,292,20260701,9690
20260701,影视动漫,永生动漫,292,20260701,9691
20260701,影视动漫,吴岸电视剧免费观看全集在线播放,292,20260701,9692
20260701,影视动漫,大秦帝国之崛起 电视剧,292,20260701,9693
20260701,影视动漫,韩国电影大全,292,20260701,9694
20260701,影视动漫,知否电视剧全集免费播放,292,20260701,9695
20260701,影视动漫,无颜之月动漫第一季完整版免费,292,20260701,9696
20260701,影视动漫,我和黑帮大佬的365天,292,20260701,9697
20260701,影视动漫,异种,292,20260701,9698
20260701,影视动漫,鬼灭之刃顺序观看,292,20260701,9699
20260701,影视动漫,喊山高清电影在线看免费,292,20260701,9700
20260701,影视动漫,慈禧秘密生活电影免费观看完整版高清版,291,20260701,9701
20260701,影视动漫,cctv2在线直播观看,291,20260701,9702
20260701,影视动漫,使命,291,20260701,9703
20260701,影视动漫,日本动漫禁封名单大全,291,20260701,9704
20260701,影视动漫,神马电影院,291,20260701,9705
20260701,影视动漫,中餐厅第二季免费观看,291,20260701,9706
20260701,影视动漫,使命电视剧,291,20260701,9707
20260701,影视动漫,人间御姐动漫全集,291,20260701,9708
20260701,影视动漫,大画王免费观看完整版,291,20260701,9709
20260701,影视动漫,我的邻居在线观看电影免费,291,20260701,9710
20260701,影视动漫,哥哥,291,20260701,9711
20260701,影视动漫,CCTv5台节目表,291,20260701,9712
20260701,影视动漫,西施泪,291,20260701,9713
20260701,影视动漫,动漫《草莓巧克力香氛》,291,20260701,9714
20260701,影视动漫,水果视频,291,20260701,9715
20260701,影视动漫,建党伟业在线观看高清完整版免费,291,20260701,9716
20260701,影视动漫,爸爸去哪儿,291,20260701,9717
20260701,影视动漫,末班车,291,20260701,9718
20260701,影视动漫,东北警察故事,291,20260701,9719
20260701,影视动漫,斯巴达电影,291,20260701,9720
20260701,影视动漫,斗罗大陆免费观看,291,20260701,9721
20260701,影视动漫,特工,291,20260701,9722
20260701,影视动漫,芒果tv官网,291,20260701,9723
20260701,影视动漫,镖人动漫,291,20260701,9724
20260701,影视动漫,3d柔铺团之极乐鉴宝鉴粤语在线,291,20260701,9725
20260701,影视动漫,情陷劲敌免费观看完整版高清,291,20260701,9726
20260701,影视动漫,加勒比女盗,291,20260701,9727
20260701,影视动漫,夫妇联谊第一季全集免费观看,291,20260701,9728
20260701,影视动漫,新说唱2026完整版免费观看高清,290,20260701,9729
20260701,影视动漫,love me捉迷藏动漫,290,20260701,9730
20260701,影视动漫,致命弯道1,290,20260701,9731
20260701,影视动漫,xl司令第一季完整版,290,20260701,9732
20260701,影视动漫,与青春有关的日子 电视剧,290,20260701,9733
20260701,影视动漫,繁花电视连续剧免费播放在线观看高清,290,20260701,9734
20260701,影视动漫,《男仆咖啡厅》与这个动漫一,290,20260701,9735
20260701,影视动漫,郑艳丽演过的三段经典电影,290,20260701,9736
20260701,影视动漫,旋风少女第一季,290,20260701,9737
20260701,影视动漫,太平洋战争全10集免费观看完整版,290,20260701,9738
20260701,影视动漫,朵拉,290,20260701,9739
20260701,影视动漫,国家体育总局八段锦口令版视频,290,20260701,9740
20260701,影视动漫,正太扭腰,290,20260701,9741
20260701,影视动漫,甜蜜真人韩剧,290,20260701,9742
20260701,影视动漫,小娘惹,290,20260701,9743
20260701,影视动漫,鸡毛飞上天 电视剧,290,20260701,9744
20260701,影视动漫,罚罪2电视剧免费观看全集完整版高清国语不卡,290,20260701,9745
20260701,影视动漫,饭局风云短剧免费观看,290,20260701,9746
20260701,影视动漫,神奇的美发沙龙,290,20260701,9747
20260701,影视动漫,大叔与少女2韩剧在线,290,20260701,9748
20260701,影视动漫,检察官的提议韩剧,290,20260701,9749
20260701,影视动漫,翘楚在线观看完整版电视剧,290,20260701,9750
20260701,影视动漫,少林女足什么时候上映,290,20260701,9751
20260701,影视动漫,温柔的背叛,290,20260701,9752
20260701,影视动漫,信仰电视连续剧在线播放,290,20260701,9753
20260701,影视动漫,九一社1-36集新加坡电视剧百度版下载观看免费,290,20260701,9754
20260701,影视动漫,挣扎吧亚当君第二集免费观看全集高清版百度云,290,20260701,9755
20260701,影视动漫,人猿泰山1995在线观看完整满,290,20260701,9756
20260701,影视动漫,花都影视,290,20260701,9757
20260701,影视动漫,白日美人电影完整版高清免费观看,290,20260701,9758
20260701,影视动漫,葬送的芙莉莲动漫,290,20260701,9759
20260701,影视动漫,祥林嫂,290,20260701,9760
20260701,影视动漫,ccTv5直播,290,20260701,9761
20260701,影视动漫,电视剧南部档案,290,20260701,9762
20260701,影视动漫,龙门镖局,290,20260701,9763
20260701,影视动漫,斗破苍穹年番在线观看动漫,290,20260701,9764
20260701,影视动漫,knot结缘泰剧免费观看,290,20260701,9765
20260701,影视动漫,国产电视剧大全在线观看,290,20260701,9766
20260701,影视动漫,那些年我们一起追的女孩,290,20260701,9767
20260701,影视动漫,霜花店在线观看完整版韩剧免费播放中文版,290,20260701,9768
20260701,影视动漫,无人在线观看高清视频单曲怎么设置,290,20260701,9769
20260701,影视动漫,舒淇电影《荒野》在线观看,290,20260701,9770
20260701,影视动漫,人民的名义免费完整版,290,20260701,9771
20260701,影视动漫,"成全视频高清免费观看电影电视剧,完整版",289,20260701,9772
20260701,影视动漫,兽兵卫忍风帖,289,20260701,9773
20260701,影视动漫,下海,289,20260701,9774
20260701,影视动漫,夏娃的禁忌,289,20260701,9775
20260701,影视动漫,深情眼,289,20260701,9776
20260701,影视动漫,ehviewer绿色版1.9.8.3,289,20260701,9777
20260701,影视动漫,同志电影,289,20260701,9778
20260701,影视动漫,检察官的提案在线,289,20260701,9779
20260701,影视动漫,欧美电视剧推荐荷尔蒙,289,20260701,9780
20260701,影视动漫,僵尸道长,289,20260701,9781
20260701,影视动漫,我要电影完整版,289,20260701,9782
20260701,影视动漫,漂亮的李慧珍,289,20260701,9783
20260701,影视动漫,卿卿日常 电视剧,289,20260701,9784
20260701,影视动漫,黑洞 电视剧,289,20260701,9785
20260701,影视动漫,致青春,289,20260701,9786
20260701,影视动漫,不准掉头 电影,289,20260701,9787
20260701,影视动漫,逐爱之心在线观看,289,20260701,9788
20260701,影视动漫,大地,289,20260701,9789
20260701,影视动漫,脱身1—46集电视剧免费观看谍战剧大全,289,20260701,9790
20260701,影视动漫,吸血鬼骑士第一季动漫在线观看,289,20260701,9791
20260701,影视动漫,少年派1,289,20260701,9792
20260701,影视动漫,喜羊羊与灰太狼之奇妙大营救 动漫,289,20260701,9793
20260701,影视动漫,好好的时代1-40集免费观看,289,20260701,9794
20260701,影视动漫,B级文件,289,20260701,9795
20260701,影视动漫,电视剧生命树免费观看全集高清,289,20260701,9796
20260701,影视动漫,家业电视剧在线观看,289,20260701,9797
20260701,影视动漫,猫娘,289,20260701,9798
20260701,影视动漫,夺命许愿,289,20260701,9799
20260701,影视动漫,巴啦啦小魔仙全集免费观看,289,20260701,9800
20260701,影视动漫,金特务:本色回归在线观看,289,20260701,9801
20260701,影视动漫,中文字幕免费高清电视剧日剧,289,20260701,9802
20260701,影视动漫,豚豚剧下载app,289,20260701,9803
20260701,影视动漫,上游电视剧免费观看全集完整版在线播放,289,20260701,9804
20260701,影视动漫,让子弹飞民女掉布兜的时间,289,20260701,9805
20260701,影视动漫,挣扎吧亚当君第一季,289,20260701,9806
20260701,影视动漫,HD版《激战丛林》完整版播放_百度搜,289,20260701,9807
20260701,影视动漫,缘之空完整版在线观看无删减版,289,20260701,9808
20260701,影视动漫,开国大典,289,20260701,9809
20260701,影视动漫,中餐厅第一季,289,20260701,9810
20260701,影视动漫,李卫当官,289,20260701,9811
20260701,影视动漫,纤细的爱,289,20260701,9812
20260701,影视动漫,熊出没全集,289,20260701,9813
20260701,影视动漫,捕风追影电影完整版免费观看高清不太囧,288,20260701,9814
20260701,影视动漫,视频软件,288,20260701,9815
20260701,影视动漫,一个人看的视频,288,20260701,9816
20260701,影视动漫,我们的秘密电视剧在线观看,288,20260701,9817
20260701,影视动漫,月恋星空双男主泰剧,288,20260701,9818
20260701,影视动漫,金银1-5普通话百度网盘,288,20260701,9819
20260701,影视动漫,莫离1-40集免费观看完整版,288,20260701,9820
20260701,影视动漫,《家业》电视剧1-40完整版,288,20260701,9821
20260701,影视动漫,森中有林影评,288,20260701,9822
20260701,影视动漫,金特许本色回归在线观看,288,20260701,9823
20260701,影视动漫,电影《色戒》完整版,288,20260701,9824
20260701,影视动漫,于和伟高圆圆《森中有林》免费,288,20260701,9825
20260701,影视动漫,爱情交叉线电影完整版,288,20260701,9826
20260701,影视动漫,南部档案完整版,288,20260701,9827
20260701,影视动漫,芬芳喜事电视剧免费观看全集高清百度网盘,288,20260701,9828
20260701,影视动漫,芭比之梦想豪宅,288,20260701,9829
20260701,影视动漫,重案解密,288,20260701,9830
20260701,影视动漫,黑吃黑电影,288,20260701,9831
20260701,影视动漫,日本免费观看高清电影熊出没伴我心,288,20260701,9832
20260701,影视动漫,战火英雄,288,20260701,9833
20260701,影视动漫,《灵魂摆渡十年》免费观看,288,20260701,9834
20260701,影视动漫,时光代理人 英都篇 2024,288,20260701,9835
20260701,影视动漫,石纪元第四季,288,20260701,9836
20260701,影视动漫,幸福花园双男主动漫 在线观看,288,20260701,9837
20260701,影视动漫,《年轻漂亮的老师》7,288,20260701,9838
20260701,影视动漫,长相思 电视剧,288,20260701,9839
20260701,影视动漫,机器人伴侣ae16,288,20260701,9840
20260701,影视动漫,苍狼演员表,288,20260701,9841
20260701,影视动漫,宝马山奇案1992完整版在线观看,288,20260701,9842
20260701,影视动漫,痴迷 恐怖片,288,20260701,9843
20260701,影视动漫,金梅1一5集电视剧,288,20260701,9844
20260701,影视动漫,90分钟韩剧在线观看,288,20260701,9845
20260701,影视动漫,《出租屋2》免费观看完整版电影,288,20260701,9846
20260701,影视动漫,初恋时间动漫,288,20260701,9847
20260701,影视动漫,舒淇任达华主演的电影有什么,288,20260701,9848
20260701,影视动漫,你行你上,288,20260701,9849
20260701,影视动漫,你比我丈夫更历害日剧在线观看,288,20260701,9850
20260701,影视动漫,韩国电影大全列表,287,20260701,9851
20260701,影视动漫,天乩之白蛇传说 电视剧,287,20260701,9852
20260701,影视动漫,森中有林百度百科,287,20260701,9853
20260701,影视动漫,宝葫芦的秘密,287,20260701,9854
20260701,影视动漫,绿巨人视频,287,20260701,9855
20260701,影视动漫,指尖传出真挚的爱情,287,20260701,9856
20260701,影视动漫,鬼怪韩剧在线观看完整版免费,287,20260701,9857
20260701,影视动漫,熊猫影院,287,20260701,9858
20260701,影视动漫,超凡蜘蛛侠2,287,20260701,9859
20260701,影视动漫,斩神第二季在线观看免费完整版高清全集,287,20260701,9860
20260701,影视动漫,因为爱情有多美 电视剧,287,20260701,9861
20260701,影视动漫,主角1-48集完整版观看,287,20260701,9862
20260701,影视动漫,小巷人家电视剧演员表,287,20260701,9863
20260701,影视动漫,三十而已演员表,287,20260701,9864
20260701,影视动漫,东海正义40集免费观看,287,20260701,9865
20260701,影视动漫,迦南大人白给是恶魔级动漫,287,20260701,9866
20260701,影视动漫,爱情公寓演员表,287,20260701,9867
20260701,影视动漫,功夫足球,287,20260701,9868
20260701,影视动漫,灯草和尚电影,287,20260701,9869
20260701,影视动漫,苍苍影院在线观看免费播放电视剧8集,287,20260701,9870
20260701,影视动漫,相亲对象是我的问题学生,287,20260701,9871
20260701,影视动漫,电影《诱感》韩剧国语版在线观看,287,20260701,9872
20260701,影视动漫,极限挑战第一季,287,20260701,9873
20260701,影视动漫,浴血广昌剧情介绍,287,20260701,9874
20260701,影视动漫,小欢喜演员表,287,20260701,9875
20260701,影视动漫,江疏影演的电视剧,287,20260701,9876
20260701,影视动漫,美剧《禁忌》第一季在线观看,287,20260701,9877
20260701,影视动漫,沧元图第三季动漫,287,20260701,9878
20260701,影视动漫,河北卫视节目表,287,20260701,9879
20260701,影视动漫,痴梦少女全集哪里能看完整版,287,20260701,9880
20260701,影视动漫,孤城密电短剧完整版免费观看全集,287,20260701,9881
20260701,影视动漫,意大利电影《美丽教师》的观后感,287,20260701,9882
20260701,影视动漫,女生宿舍5,287,20260701,9883
20260701,影视动漫,高柳家1-4集全集樱花动漫,287,20260701,9884
20260701,影视动漫,致命的诱惑,287,20260701,9885
20260701,影视动漫,港城361电视剧,287,20260701,9886
20260701,影视动漫,县委大院电视剧免费全网观看,287,20260701,9887
20260701,影视动漫,原谅我背叛丈夫在线观看,287,20260701,9888
20260701,影视动漫,熊出没电影,287,20260701,9889
20260701,影视动漫,洗屋先生动漫免费观看高清电视剧大结局,287,20260701,9890
20260701,影视动漫,保镖,286,20260701,9891
20260701,影视动漫,中央1台,286,20260701,9892
20260701,影视动漫,炽夏在线免费观看,286,20260701,9893
20260701,影视动漫,彩虹多多app官网下载,286,20260701,9894
20260701,影视动漫,赌神2,286,20260701,9895
20260701,影视动漫,《娜娜》法国,286,20260701,9896
20260701,影视动漫,黑猫男友,286,20260701,9897
20260701,影视动漫,谍战剧《绝密卧底》,286,20260701,9898
20260701,影视动漫,《女教师》在线观看电视剧百度网盘,286,20260701,9899
20260701,影视动漫,开始推理吧4免费观看完整版高清最新,286,20260701,9900
20260701,影视动漫,灵幻先生 电影,286,20260701,9901
20260701,影视动漫,情不自禁叶玉卿粤语版全集剧情介绍,286,20260701,9902
20260701,影视动漫,偶像活动,286,20260701,9903
20260701,影视动漫,natural动漫,286,20260701,9904
20260701,影视动漫,四方极爱,286,20260701,9905
20260701,影视动漫,天蝎座之夜3,286,20260701,9906
20260701,影视动漫,哥哥的心动moo泰剧全集在线观看,286,20260701,9907
20260701,影视动漫,云深不知梦特别篇在线观看免费,286,20260701,9908
20260701,影视动漫,飞驰人生在线观看完整版电影,286,20260701,9909
20260701,影视动漫,三妻四妾国语免费观看第4集完整版,286,20260701,9910
20260701,影视动漫,《芈月传》电视剧,286,20260701,9911
20260701,影视动漫,南部档案馆电视剧高清观看,286,20260701,9912
20260701,影视动漫,《拟态催眠》动漫第一集在线观看,286,20260701,9913
20260701,影视动漫,憧憬成为魔法少女动漫全集完整版百度,286,20260701,9914
20260701,影视动漫,星辰电影,286,20260701,9915
20260701,影视动漫,她的盛焰在线电视剧完整版,286,20260701,9916
20260701,影视动漫,交锋电视剧谍战,286,20260701,9917
20260701,影视动漫,魔鬼恋人第一季全集免费完整版,286,20260701,9918
20260701,影视动漫,快手网页版(快手网页版登录入口),286,20260701,9919
20260701,影视动漫,《沉默的荣耀》在线观看,286,20260701,9920
20260701,影视动漫,昨夜将至阿妹结局,286,20260701,9921
20260701,影视动漫,2018中文字幕在线电视剧大全,286,20260701,9922
20260701,影视动漫,后宫露营动漫,286,20260701,9923
20260701,影视动漫,画梦录电视剧在线观看,286,20260701,9924
20260701,影视动漫,泰剧双男主,286,20260701,9925
20260701,影视动漫,freeok追剧也很,286,20260701,9926
20260701,影视动漫,反恐特战队之猎影全集免费观看,286,20260701,9927
20260701,影视动漫,女教师日记在线观看电视剧完整版的韩剧,286,20260701,9928
20260701,影视动漫,熊出没之春日对对碰,286,20260701,9929
20260701,影视动漫,吊带袜天使第一季出了么,286,20260701,9930
20260701,影视动漫,火影动漫片子大全免费,286,20260701,9931
20260701,影视动漫,精灵宝可梦,286,20260701,9932
20260701,影视动漫,瞄准电视剧全集免费观看高清,286,20260701,9933
20260701,影视动漫,三年在线观看免费国语,286,20260701,9934
20260701,影视动漫,飞常日志2粤语在线观看免费高清,285,20260701,9935
20260701,影视动漫,第一财经在线直播,285,20260701,9936
20260701,影视动漫,跟着书本去旅行,285,20260701,9937
20260701,影视动漫,噬血狂袭,285,20260701,9938
20260701,影视动漫,归良辰电视剧免费观看全集完整版高清,285,20260701,9939
20260701,影视动漫,熊出没之夏日连连看全集免费,285,20260701,9940
20260701,影视动漫,偷窥者电影,285,20260701,9941
20260701,影视动漫,满天星未删减版在线观看百度云,285,20260701,9942
20260701,影视动漫,囧次元下载,285,20260701,9943
20260701,影视动漫,美国罪孽2,285,20260701,9944
20260701,影视动漫,她唇之下免费观看高清电视剧,285,20260701,9945
20260701,影视动漫,山东卫视节目表,285,20260701,9946
20260701,影视动漫,情茧1997年台湾拍的电影,285,20260701,9947
20260701,影视动漫,鬼灭之刃刀匠村篇,285,20260701,9948
20260701,影视动漫,舒淇三首港片,285,20260701,9949
20260701,影视动漫,蛟龙行动 电影,285,20260701,9950
20260701,影视动漫,台剧双男主电视剧在线看,285,20260701,9951
20260701,影视动漫,美女和帅哥一起努力生孩子,285,20260701,9952
20260701,影视动漫,《外出》7,285,20260701,9953
20260701,影视动漫,缘之空12集什么内容,285,20260701,9954
20260701,影视动漫,电视剧免费,285,20260701,9955
20260701,影视动漫,废渊战鬼,285,20260701,9956
20260701,影视动漫,中国有嘻哈,285,20260701,9957
20260701,影视动漫,泰迦奥特曼,285,20260701,9958
20260701,影视动漫,《overflow》第一季,285,20260701,9959
20260701,影视动漫,东京食喰种第一季,285,20260701,9960
20260701,影视动漫,三年大片大全免费观看爱奇艺,285,20260701,9961
20260701,影视动漫,《云秀行》电视剧,285,20260701,9962
20260701,影视动漫,登堂入室韩剧免费完整版在线观看,285,20260701,9963
20260701,影视动漫,那年花开月正圆,285,20260701,9964
20260701,影视动漫,金瓶梅电视剧全集电视剧,285,20260701,9965
20260701,影视动漫,西游记第十九回,285,20260701,9966
20260701,影视动漫,CCTV5今天节目单表(全部),285,20260701,9967
20260701,影视动漫,《兄妹相恋》动漫在线观看,285,20260701,9968
20260701,影视动漫,为有暗香来电视剧免费观看,285,20260701,9969
20260701,影视动漫,樱桃琥珀,285,20260701,9970
20260701,影视动漫,蓝宇电影,285,20260701,9971
20260701,影视动漫,肆零肆山茶花会开短剧免费观看完整,285,20260701,9972
20260701,影视动漫,月鳞绮纪电视剧免费观看全集,285,20260701,9973
20260701,影视动漫,复仇者联盟4:终局之战,285,20260701,9974
20260701,影视动漫,金装的梅尔维尔,285,20260701,9975
20260701,影视动漫,灯草花尚灯完整,285,20260701,9976
20260701,影视动漫,秋之星语短剧免费观看,285,20260701,9977
20260701,影视动漫,罪妻开荒养出战神短剧完整版,285,20260701,9978
20260701,影视动漫,黑狱圣女,284,20260701,9979
20260701,影视动漫,《耀眼》李昀锐电视剧,284,20260701,9980
20260701,影视动漫,激战,284,20260701,9981
20260701,影视动漫,中央五十台现场直播在线观看,284,20260701,9982
20260701,影视动漫,女特警 电视剧,284,20260701,9983
20260701,影视动漫,90免费观看高清在线电视剧,284,20260701,9984
20260701,影视动漫,好好的时光剧情介绍分集介绍,284,20260701,9985
20260701,影视动漫,镖人风起大漠免费观看,284,20260701,9986
20260701,影视动漫,秘密森林,284,20260701,9987
20260701,影视动漫,苍兰诀电视剧免费观看完整版在线观看爱奇艺,284,20260701,9988
20260701,影视动漫,韩国电影人间中毒在线观看完整版免费高清韩剧,284,20260701,9989
20260701,影视动漫,叶山小百合电影免费观看国语,284,20260701,9990
20260701,影视动漫,中央电视台直播频道在线直播观看,284,20260701,9991
20260701,影视动漫,返人类暴行电视连续,284,20260701,9992
20260701,影视动漫,葫芦兄弟动画片全集免费观看,284,20260701,9993
20260701,影视动漫,《理想之城》电视剧,284,20260701,9994
20260701,影视动漫,刘德华电影大全免费观看,284,20260701,9995
20260701,影视动漫,听说我喜欢你电视剧免费观看全集,284,20260701,9996
20260701,影视动漫,同性电影,284,20260701,9997
20260701,影视动漫,憧憬成为魔法少女第二季,284,20260701,9998
20260701,影视动漫,生命树电视剧免费观看高清,284,20260701,9999
